state_sequence,timestamp_ms,recording_elapsed_ms,steady_elapsed_ms,pitch,roll,yaw,vgx,vgy,vgz,templ,temph,tof,h,bat,baro,time,agx,agy,agz,mid,x,y,z,rc_a,rc_b,rc_c,rc_d,rc_source,rc_result,rc_timestamp_ms,rc_steady_elapsed_ms,rc_sequence
53,1783701970435,0,0,0,-2,-2,0,0,0,66,69,10,0,65,187.42,0,-2,44,-1001,-1,0,0,0,,,,,,,,,
54,1783701970537,102,102,0,-2,-2,0,0,0,66,69,10,0,65,187.14,0,-3,46,-999,-1,0,0,0,,,,,,,,,
55,1783701970639,204,203,0,-2,-2,0,0,0,66,69,10,0,65,187.65,0,-1,45,-998,-1,0,0,0,,,,,,,,,
56,1783701970741,306,305,0,-2,-2,0,0,0,66,69,10,0,65,187.2,0,-4,46,-997,-1,0,0,0,,,,,,,,,
57,1783701970843,408,407,0,-2,-2,0,0,0,66,69,10,0,65,187.42,0,-1,45,-1000,-1,0,0,0,,,,,,,,,
58,1783701970945,510,509,0,-2,-2,0,0,0,66,69,10,0,65,187.57,0,-2,47,-1000,-1,0,0,0,,,,,,,,,
59,1783701971047,612,611,0,-2,-2,0,0,0,66,69,10,0,65,187.74,0,-2,45,-998,-1,0,0,0,,,,,,,,,
60,1783701971149,714,714,0,-2,-2,0,0,0,66,69,10,0,65,187.39,0,-3,43,-996,-1,0,0,0,,,,,,,,,
61,1783701971251,816,815,0,-2,-2,0,0,0,66,69,10,0,65,187.57,0,-2,45,-996,-1,0,0,0,,,,,,,,,
62,1783701971353,918,917,0,-2,-2,0,0,0,66,68,10,0,65,187.49,0,-1,48,-997,-1,0,0,0,,,,,,,,,
63,1783701971455,1020,1019,0,-2,-2,0,0,0,66,68,10,0,65,187.43,0,-1,48,-1001,-1,0,0,0,,,,,,,,,
64,1783701971557,1122,1121,0,-2,-2,0,0,0,66,68,10,0,65,187.33,0,-3,47,-1000,-1,0,0,0,,,,,,,,,
65,1783701971659,1224,1223,0,-2,-2,0,0,0,66,68,10,0,65,187.3,0,-1,46,-999,-1,0,0,0,,,,,,,,,
66,1783701971761,1326,1326,0,-2,-2,0,0,0,66,68,10,0,65,187.45,0,-1,46,-997,-1,0,0,0,,,,,,,,,
67,1783701971864,1429,1429,0,-2,-2,0,0,0,66,68,10,0,65,187.52,0,-1,46,-998,-1,0,0,0,,,,,,,,,
68,1783701971969,1534,1534,0,-2,-2,0,0,0,66,68,10,0,65,187.48,0,-1,46,-1000,-1,0,0,0,,,,,,,,,
69,1783701972071,1636,1636,0,-2,-2,0,0,0,66,68,10,0,65,187.3,0,-2,44,-999,-1,0,0,0,,,,,,,,,
70,1783701972120,1685,1685,0,-2,-2,0,0,0,66,68,10,0,65,187.29,0,-2,45,-997,-1,0,0,0,,,,,,,,,
71,1783701972222,1787,1787,0,-2,-2,0,0,0,66,68,10,0,65,187.59,0,-2,45,-995,-1,0,0,0,,,,,,,,,
72,1783701972324,1889,1889,0,-2,-2,0,0,0,67,69,10,0,65,187.47,0,-1,46,-999,-1,0,0,0,,,,,,,,,
73,1783701972426,1991,1991,0,-2,-2,0,0,0,67,69,10,0,65,187.48,0,-2,48,-1001,-1,0,0,0,,,,,,,,,
74,1783701972528,2093,2093,0,-2,-2,0,0,0,67,69,10,0,65,187.58,0,-3,46,-1001,-1,0,0,0,,,,,,,,,
75,1783701972630,2195,2195,0,-2,-2,0,0,0,67,69,10,0,65,187.6,0,-3,46,-996,-1,0,0,0,,,,,,,,,
76,1783701972734,2299,2299,0,-2,-2,0,0,0,67,69,10,0,65,187.65,0,-3,46,-998,-1,0,0,0,,,,,,,,,
77,1783701972837,2402,2402,0,-2,-2,0,0,0,67,69,10,0,65,187.5,0,-2,46,-999,-1,0,0,0,,,,,,,,,
78,1783701972942,2507,2507,0,-2,-2,0,0,0,67,69,10,0,65,187.37,0,-1,44,-1002,-1,0,0,0,,,,,,,,,
79,1783701973040,2605,2604,0,-2,-2,0,0,0,67,69,10,0,65,187.46,0,-2,46,-1000,-1,0,0,0,,,,,,,,,
80,1783701973148,2713,2713,0,-2,-2,0,0,0,67,69,10,0,65,187.24,0,-3,45,-998,-1,0,0,0,,,,,,,,,
81,1783701973245,2810,2809,0,-2,-2,0,0,0,67,69,10,0,65,187.81,0,-3,45,-1000,-1,0,0,0,,,,,,,,,
82,1783701973346,2911,2911,0,-2,-2,0,0,0,67,69,10,0,65,187.45,0,-2,46,-1001,-1,0,0,0,,,,,,,,,
83,1783701973450,3015,3015,0,-2,-2,0,0,0,67,69,10,0,65,187.5,0,-3,46,-998,-1,0,0,0,,,,,,,,,
84,1783701973552,3117,3117,0,-2,-2,0,0,0,67,69,10,0,65,187.56,0,-3,46,-996,-1,0,0,0,,,,,,,,,
85,1783701973654,3219,3219,0,-2,-2,0,0,0,67,69,10,0,65,187.47,0,-3,46,-997,-1,0,0,0,,,,,,,,,
86,1783701973756,3321,3321,0,-2,-2,0,0,0,67,69,10,0,65,187.46,0,-2,48,-998,-1,0,0,0,,,,,,,,,
87,1783701973858,3423,3422,0,-2,-2,0,0,0,67,69,10,0,65,187.74,0,0,46,-999,-1,0,0,0,,,,,,,,,
88,1783701973960,3525,3525,0,-2,-2,0,0,0,67,69,10,0,65,187.51,0,-3,46,-998,-1,0,0,0,,,,,,,,,
89,1783701974062,3627,3627,0,-2,-2,0,0,0,67,69,10,0,65,187.35,0,-2,48,-997,-1,0,0,0,,,,,,,,,
90,1783701974166,3731,3731,0,-2,-2,0,0,0,67,69,10,0,65,187.53,0,-3,46,-1000,-1,0,0,0,,,,,,,,,
91,1783701974269,3834,3834,0,-2,-2,0,0,0,67,69,10,0,65,187.34,0,-3,47,-999,-1,0,0,0,,,,,,,,,
92,1783701974368,3933,3933,0,-2,-2,0,0,0,67,69,10,0,65,187.67,0,-4,45,-1002,-1,0,0,0,,,,,,,,,
93,1783701974470,4035,4035,0,-2,-2,0,0,0,67,69,10,0,65,187.78,0,-3,45,-998,-1,0,0,0,,,,,,,,,
94,1783701974572,4137,4137,0,-2,-2,0,0,0,67,69,10,0,65,187.53,0,-3,45,-997,-1,0,0,0,,,,,,,,,
95,1783701974674,4239,4238,0,-2,-2,0,0,0,67,69,10,0,65,187.36,0,-3,46,-995,-1,0,0,0,,,,,,,,,
96,1783701974776,4341,4340,0,-2,-2,0,0,0,67,69,10,0,65,187.59,0,-4,46,-1000,-1,0,0,0,,,,,,,,,
97,1783701974878,4443,4442,0,-2,-2,0,0,0,67,69,10,0,65,187.58,0,-3,45,-1001,-1,0,0,0,,,,,,,,,
98,1783701974980,4545,4544,0,-2,-2,0,0,0,67,69,10,0,65,187.71,0,-3,47,-1000,-1,0,0,0,,,,,,,,,
99,1783701975082,4647,4647,0,-2,-2,0,0,0,67,69,10,0,65,187.25,0,-4,44,-999,-1,0,0,0,,,,,,,,,
100,1783701975133,4698,4698,0,-2,-2,0,0,0,67,69,10,0,65,187.27,0,-3,47,-999,-1,0,0,0,,,,,,,,,
101,1783701975235,4800,4799,0,-2,-2,0,0,0,67,69,10,0,65,187.54,0,-1,46,-1001,-1,0,0,0,,,,,,,,,
102,1783701975388,4953,4953,0,-2,-2,0,0,0,66,69,10,0,65,187.36,0,-4,45,-1000,-1,0,0,0,,,,,,,,,
103,1783701975491,5056,5056,0,-2,-2,0,0,0,66,69,10,0,65,187.3,0,-2,46,-999,-1,0,0,0,,,,,,,,,
104,1783701975541,5106,5106,0,-2,-2,0,0,0,66,69,10,0,65,187.51,0,-3,45,-1000,-1,0,0,0,,,,,,,,,
105,1783701975644,5209,5208,0,-2,-2,0,0,0,66,69,10,0,65,187.48,0,-1,46,-999,-1,0,0,0,,,,,,,,,
106,1783701975746,5311,5310,0,-2,-2,0,0,0,66,69,10,0,65,187.39,0,-3,46,-1000,-1,0,0,0,,,,,,,,,
107,1783701975848,5413,5412,0,-2,-2,0,0,0,66,69,10,0,65,187.56,0,-3,48,-1000,-1,0,0,0,,,,,,,,,
108,1783701975950,5515,5515,0,-2,-2,0,0,0,66,69,10,0,65,187.39,0,-3,45,-998,-1,0,0,0,,,,,,,,,
109,1783701976052,5617,5617,0,-2,-2,0,0,0,66,69,10,0,65,187.42,0,-2,46,-1001,-1,0,0,0,,,,,,,,,
110,1783701976154,5719,5718,0,-2,-2,0,0,0,66,69,10,0,65,187.63,0,-2,47,-999,-1,0,0,0,,,,,,,,,
111,1783701976256,5821,5820,0,-2,-2,0,0,0,66,69,10,0,65,187.59,0,0,46,-1000,-1,0,0,0,,,,,,,,,
112,1783701976358,5923,5922,0,-2,-2,0,0,0,66,68,10,0,65,187.6,0,-2,46,-998,-1,0,0,0,,,,,,,,,
113,1783701976460,6025,6024,0,-2,-2,0,0,0,66,68,10,0,65,187.36,0,-4,45,-1000,-1,0,0,0,,,,,,,,,
114,1783701976562,6127,6127,0,-2,-2,0,0,0,66,68,10,0,65,187.71,0,-2,47,-998,-1,0,0,0,,,,,,,,,
115,1783701976664,6229,6229,0,-2,-2,0,0,0,66,68,10,0,65,187.28,0,-2,46,-1000,-1,0,0,0,,,,,,,,,
116,1783701976768,6333,6333,0,-2,-2,0,0,0,66,68,10,0,65,187.3,0,-2,45,-997,-1,0,0,0,,,,,,,,,
117,1783701976868,6433,6433,0,-2,-2,0,0,0,66,68,10,0,65,187.86,0,-2,46,-996,-1,0,0,0,,,,,,,,,
118,1783701976969,6534,6533,0,-2,-2,0,0,0,66,68,10,0,65,187.62,0,-2,45,-998,-1,0,0,0,,,,,,,,,
119,1783701977071,6636,6636,0,-2,-2,0,0,0,66,68,10,0,65,187.17,0,-3,45,-998,-1,0,0,0,,,,,,,,,
120,1783701977173,6738,6738,0,-2,-2,0,0,0,66,68,10,0,65,187.57,0,-2,46,-1002,-1,0,0,0,,,,,,,,,
121,1783701977275,6840,6840,0,-2,-2,0,0,0,66,68,10,0,65,187.33,0,-1,45,-999,-1,0,0,0,,,,,,,,,
122,1783701977377,6942,6942,0,-2,-2,0,0,0,67,69,10,0,65,187.43,0,-3,45,-1000,-1,0,0,0,,,,,,,,,
123,1783701977479,7044,7044,0,-2,-2,0,0,0,67,69,10,0,65,187.28,0,-3,46,-999,-1,0,0,0,,,,,,,,,
124,1783701977582,7147,7146,0,-2,-2,0,0,0,67,69,10,0,65,187.2,0,-6,45,-997,-1,0,0,0,,,,,,,,,
125,1783701977684,7249,7249,0,-2,-2,0,0,0,67,69,10,0,65,187.48,0,-2,46,-1001,-1,0,0,0,,,,,,,,,
126,1783701977786,7351,7350,0,-2,-2,0,0,0,67,69,10,0,65,187.48,0,0,45,-998,-1,0,0,0,,,,,,,,,
127,1783701977888,7453,7452,0,-2,-2,0,0,0,67,69,10,0,65,187.72,0,-2,46,-998,-1,0,0,0,,,,,,,,,
128,1783701977990,7555,7554,0,-2,-2,0,0,0,67,69,10,0,65,187.42,0,-1,45,-996,-1,0,0,0,,,,,,,,,
129,1783701978092,7657,7656,0,-2,-2,0,0,0,67,69,10,0,65,187.02,0,-3,45,-996,-1,0,0,0,,,,,,,,,
130,1783701978194,7759,7758,0,-2,-2,0,0,0,67,69,10,0,65,187.22,0,-2,48,-1000,-1,0,0,0,,,,,,,,,
131,1783701978296,7861,7860,0,-2,-2,0,0,0,67,69,10,0,65,187.21,0,-2,46,-998,-1,0,0,0,,,,,,,,,
132,1783701978400,7965,7964,0,-2,-2,0,0,0,66,69,10,0,65,187.67,0,-2,45,-1000,-1,0,0,0,,,,,,,,,
133,1783701978450,8015,8015,0,-2,-2,0,0,0,66,69,10,0,65,187.51,0,-3,45,-997,-1,0,0,0,,,,,,,,,
134,1783701978552,8117,8117,0,-2,-2,0,0,0,66,69,10,0,65,187.38,0,-2,46,-999,-1,0,0,0,,,,,,,,,
135,1783701978655,8220,8220,0,-2,-2,0,0,0,66,69,10,0,65,187.42,0,-2,44,-998,-1,0,0,0,,,,,,,,,
136,1783701978756,8321,8321,0,-2,-2,0,0,0,66,69,10,0,65,187.34,0,-3,45,-999,-1,0,0,0,,,,,,,,,
137,1783701978858,8423,8422,0,-2,-2,0,0,0,66,69,10,0,65,187.52,0,-3,43,-998,-1,0,0,0,,,,,,,,,
138,1783701978960,8525,8525,0,-2,-2,0,0,0,66,69,10,0,65,187.49,0,-1,45,-997,-1,0,0,0,,,,,,,,,
139,1783701979064,8629,8628,0,-2,-2,0,0,0,66,69,10,0,65,187.33,0,-3,45,-998,-1,0,0,0,,,,,,,,,
140,1783701979169,8734,8733,0,-2,-2,0,0,0,66,69,10,0,65,187.55,0,-4,45,-997,-1,0,0,0,,,,,,,,,
141,1783701979284,8849,8849,0,-2,-2,0,0,0,66,69,10,0,65,187.17,0,-2,46,-999,-1,0,0,0,,,,,,,,,
142,1783701979386,8951,8951,0,-2,-2,0,0,0,66,69,10,0,65,187.32,0,-4,46,-996,-1,0,0,0,,,,,,,,,
143,1783701979484,9049,9049,0,-2,-2,0,0,0,66,69,10,0,65,187.38,0,-4,47,-1003,-1,0,0,0,,,,,,,,,
144,1783701979586,9151,9151,0,-2,-2,0,0,0,66,69,10,0,65,187.64,0,-2,46,-997,-1,0,0,0,,,,,,,,,
145,1783701979688,9253,9253,0,-2,-2,0,0,0,66,69,10,0,65,187.33,0,-2,45,-999,-1,0,0,0,,,,,,,,,
146,1783701979792,9357,9356,0,-2,-2,0,0,0,66,69,10,0,65,187.49,0,-3,44,-999,-1,0,0,0,,,,,,,,,
147,1783701979895,9460,9459,0,-2,-2,0,0,0,66,69,10,0,65,187.51,0,-2,44,-1000,-1,0,0,0,,,,,,,,,
148,1783701979994,9559,9559,0,-2,-2,0,0,0,66,69,10,0,65,187.55,0,-3,47,-1000,-1,0,0,0,,,,,,,,,
149,1783701980096,9661,9661,0,-2,-2,0,0,0,66,69,10,0,65,187.37,0,-2,45,-1001,-1,0,0,0,,,,,,,,,
150,1783701980198,9763,9763,0,-2,-2,0,0,0,66,69,10,0,65,187.55,0,-2,47,-999,-1,0,0,0,,,,,,,,,
151,1783701980303,9868,9867,0,-2,-2,0,0,0,66,69,10,0,65,187.35,0,-2,47,-995,-1,0,0,0,,,,,,,,,
152,1783701980404,9969,9969,0,-2,-2,0,0,0,67,69,10,0,65,187.36,0,-4,47,-996,-1,0,0,0,,,,,,,,,
153,1783701980506,10071,10071,0,-2,-2,0,0,0,67,69,10,0,65,187.28,0,-2,46,-999,-1,0,0,0,,,,,,,,,
154,1783701980608,10173,10173,0,-2,-2,0,0,0,67,69,10,0,65,187.42,0,-2,46,-1000,-1,0,0,0,,,,,,,,,
155,1783701980712,10277,10277,0,-2,-2,0,0,0,67,69,10,0,65,187.71,0,-4,47,-1000,-1,0,0,0,,,,,,,,,
156,1783701980815,10380,10380,0,-2,-2,0,0,0,67,69,10,0,65,187.31,0,3,50,-995,-1,0,0,0,,,,,,,,,
157,1783701980916,10481,10481,0,-2,-2,0,0,0,67,69,10,0,65,187.22,0,-4,45,-1000,-1,0,0,0,,,,,,,,,
158,1783701980966,10531,10531,0,-2,-2,0,0,0,67,69,10,0,65,187.57,0,-7,44,-997,-1,0,0,0,,,,,,,,,
159,1783701981070,10635,10634,0,-2,-2,0,0,0,67,69,10,0,65,187.29,0,-3,45,-999,-1,0,0,0,,,,,,,,,
160,1783701981170,10735,10735,0,-2,-2,0,0,0,67,69,10,0,65,187.54,0,-3,47,-998,-1,0,0,0,,,,,,,,,
161,1783701981272,10837,10837,0,-2,-2,0,0,0,67,69,10,0,65,187.65,0,-2,47,-996,-1,0,0,0,,,,,,,,,
162,1783701981374,10939,10939,0,-2,-2,0,0,0,67,69,10,0,65,187.58,0,-1,46,-996,-1,0,0,0,,,,,,,,,
163,1783701981476,11041,11041,0,-2,-2,0,0,0,67,69,10,0,65,187.55,0,-2,47,-998,-1,0,0,0,,,,,,,,,
164,1783701981578,11143,11143,0,-2,-2,0,0,0,67,69,10,0,65,187.27,0,-3,48,-999,-1,0,0,0,,,,,,,,,
165,1783701981680,11245,11245,0,-2,-2,0,0,0,67,69,10,0,65,187.44,0,-2,47,-996,-1,0,0,0,,,,,,,,,
166,1783701981782,11347,11347,0,-2,-2,0,0,0,67,69,10,0,65,187.36,0,-4,48,-997,-1,0,0,0,,,,,,,,,
167,1783701981884,11449,11449,0,-2,-2,0,0,0,67,69,10,0,65,187.68,0,-2,48,-999,-1,0,0,0,,,,,,,,,
168,1783701981986,11551,11551,0,-2,-2,0,0,0,67,69,10,0,65,187.53,0,0,44,-998,-1,0,0,0,,,,,,,,,
169,1783701982088,11653,11653,0,-2,-2,0,0,0,67,69,10,0,65,187.43,0,-2,46,-1000,-1,0,0,0,,,,,,,,,
170,1783701982190,11755,11755,0,-2,-2,0,0,0,67,69,10,0,65,187.6,0,-3,46,-995,-1,0,0,0,,,,,,,,,
171,1783701982292,11857,11857,0,-2,-2,0,0,0,67,69,10,0,65,187.45,0,-4,45,-996,-1,0,0,0,,,,,,,,,
172,1783701982394,11959,11959,0,-2,-2,0,0,0,67,69,10,0,65,187.48,0,-5,45,-998,-1,0,0,0,,,,,,,,,
173,1783701982496,12061,12061,0,-2,-2,0,0,0,67,69,10,0,65,187.78,0,0,45,-1002,-1,0,0,0,,,,,,,,,
174,1783701982600,12165,12165,0,-2,-2,0,0,0,67,69,10,0,65,187.41,0,-2,47,-999,-1,0,0,0,,,,,,,,,
175,1783701982700,12265,12265,0,-2,-2,0,0,0,67,69,10,0,65,187.24,0,-2,46,-995,-1,0,0,0,,,,,,,,,
176,1783701982803,12368,12368,0,-2,-2,0,0,0,67,69,10,0,65,187.63,0,-4,46,-996,-1,0,0,0,,,,,,,,,
177,1783701982904,12469,12469,0,-2,-2,0,0,0,67,69,10,0,65,187.38,0,-1,47,-999,-1,0,0,0,,,,,,,,,
178,1783701983006,12571,12571,0,-2,-2,0,0,0,67,69,10,0,65,187.21,0,-3,47,-1002,-1,0,0,0,,,,,,,,,
179,1783701983108,12673,12673,0,-2,-2,0,0,0,67,69,10,0,65,187.36,0,-2,47,-997,-1,0,0,0,,,,,,,,,
180,1783701983210,12775,12775,0,-2,-2,0,0,0,67,69,10,0,65,187.02,0,-2,46,-999,-1,0,0,0,,,,,,,,,
181,1783701983312,12877,12877,0,-2,-2,0,0,0,67,69,10,0,65,187.43,0,-3,48,-995,-1,0,0,0,,,,,,,,,
182,1783701983414,12979,12979,0,-2,-2,0,0,0,67,70,10,0,65,187.03,0,-3,49,-999,-1,0,0,0,,,,,,,,,
183,1783701983516,13081,13081,0,-2,-2,0,0,0,67,70,10,0,65,187.21,0,-2,45,-1000,-1,0,0,0,,,,,,,,,
184,1783701983618,13183,13183,0,-2,-2,0,0,0,67,70,10,0,65,187.53,0,-3,45,-1000,-1,0,0,0,,,,,,,,,
185,1783701983720,13285,13285,0,-2,-2,0,0,0,67,70,10,0,65,187.52,0,-4,47,-996,-1,0,0,0,,,,,,,,,
186,1783701983822,13387,13387,0,-2,-2,0,0,0,67,70,10,0,65,187.25,0,-1,45,-998,-1,0,0,0,,,,,,,,,
187,1783701983925,13490,13490,0,-2,-2,0,0,0,67,70,10,0,65,187.2,0,-3,47,-999,-1,0,0,0,,,,,,,,,
188,1783701984027,13592,13592,0,-2,-2,0,0,0,67,70,10,0,65,187.51,0,-1,46,-999,-1,0,0,0,,,,,,,,,
189,1783701984130,13695,13695,0,-2,-2,0,0,0,67,70,10,0,65,187.26,0,-2,46,-997,-1,0,0,0,,,,,,,,,
190,1783701984233,13798,13798,0,-2,-2,0,0,0,67,70,10,0,65,187.19,0,-3,46,-998,-1,0,0,0,,,,,,,,,
191,1783701984288,13853,13852,0,-2,-2,0,0,0,67,70,10,0,65,187.2,0,-1,45,-994,-1,0,0,0,,,,,,,,,
192,1783701984383,13948,13948,0,-2,-2,0,0,0,66,69,10,0,65,187.04,0,-3,46,-996,-1,0,0,0,,,,,,,,,
193,1783701984486,14051,14050,0,-2,-2,0,0,0,66,69,10,0,65,187.56,0,-2,45,-999,-1,0,0,0,,,,,,,,,
194,1783701984588,14153,14153,0,-2,-2,0,0,0,66,69,10,0,65,187.46,0,-4,46,-995,-1,0,0,0,,,,,,,,,
195,1783701984691,14256,14256,0,-2,-2,0,0,0,66,69,10,0,65,187.49,0,-3,45,-998,-1,0,0,0,,,,,,,,,
196,1783701984793,14358,14358,0,-2,-2,0,0,0,66,69,10,0,65,187.43,0,-1,46,-999,-1,0,0,0,,,,,,,,,
197,1783701984897,14462,14462,0,-2,-2,0,0,0,66,69,10,0,65,187.3,0,-1,45,-998,-1,0,0,0,,,,,,,,,
198,1783701985002,14567,14566,0,-2,-2,0,0,0,66,69,10,0,65,187.27,0,-2,45,-999,-1,0,0,0,,,,,,,,,
199,1783701985106,14671,14671,0,-2,-2,0,0,0,66,69,10,0,65,187.58,0,-2,44,-998,-1,0,0,0,,,,,,,,,
200,1783701985209,14774,14774,0,-2,-2,0,0,0,66,69,10,0,65,187.47,0,-5,47,-996,-1,0,0,0,,,,,,,,,
201,1783701985306,14871,14870,0,-2,-2,0,0,0,66,69,10,0,65,187.2,0,-1,47,-997,-1,0,0,0,,,,,,,,,
202,1783701985406,14971,14970,0,-2,-2,0,0,0,67,69,10,0,64,187.56,0,0,46,-1000,-1,0,0,0,,,,,,,,,
203,1783701985515,15080,15080,0,-2,-2,0,0,0,67,69,10,0,64,187.27,0,-1,45,-998,-1,0,0,0,,,,,,,,,
204,1783701985608,15173,15173,0,-2,-2,0,0,0,67,69,10,0,64,187.4,0,-2,46,-994,-1,0,0,0,,,,,,,,,
205,1783701985710,15275,15275,0,-2,-2,0,0,0,67,69,10,0,64,187.61,0,-3,47,-997,-1,0,0,0,,,,,,,,,
206,1783701985812,15377,15377,0,-2,-2,0,0,0,67,69,10,0,64,186.94,0,-2,47,-1000,-1,0,0,0,,,,,,,,,
207,1783701985914,15479,15479,0,-2,-2,0,0,0,67,69,10,0,64,187.27,0,-1,45,-997,-1,0,0,0,,,,,,,,,
208,1783701986016,15581,15581,0,-2,-2,0,0,0,67,69,10,0,64,187.27,0,-2,46,-997,-1,0,0,0,,,,,,,,,
209,1783701986118,15683,15683,0,-2,-2,0,0,0,67,69,10,0,64,187.21,0,-3,46,-998,-1,0,0,0,,,,,,,,,
210,1783701986220,15785,15785,0,-2,-2,0,0,0,67,69,10,0,64,187.38,0,-3,45,-997,-1,0,0,0,,,,,,,,,
211,1783701986322,15887,15887,0,-2,-2,0,0,0,67,69,10,0,64,187.69,0,-2,47,-1000,-1,0,0,0,,,,,,,,,
212,1783701986424,15989,15989,0,-2,-2,0,0,0,67,70,10,0,64,187.41,0,0,47,-998,-1,0,0,0,,,,,,,,,
213,1783701986526,16091,16091,0,-2,-2,0,0,0,67,70,10,0,64,187.26,0,-2,47,-997,-1,0,0,0,,,,,,,,,
214,1783701986628,16193,16193,0,-2,-2,0,0,0,67,70,10,0,64,187.5,0,-2,45,-997,-1,0,0,0,,,,,,,,,
215,1783701986732,16297,16296,0,-2,-2,0,0,0,67,70,10,0,64,187.38,0,-3,47,-999,-1,0,0,0,,,,,,,,,
216,1783701986835,16400,16400,0,-2,-2,0,0,0,67,70,10,0,64,187.24,0,-2,46,-1000,-1,0,0,0,,,,,,,,,
217,1783701986936,16501,16500,0,-2,-2,0,0,0,67,70,10,0,64,187.39,0,-2,48,-1002,-1,0,0,0,,,,,,,,,
218,1783701987036,16601,16601,0,-2,-2,0,0,0,67,70,10,0,64,187.15,0,-2,45,-998,-1,0,0,0,,,,,,,,,
219,1783701987139,16704,16704,0,-2,-2,0,0,0,67,70,10,0,64,187.41,0,-2,46,-998,-1,0,0,0,,,,,,,,,
220,1783701987190,16755,16755,0,-2,-2,0,0,0,67,70,10,0,64,187.32,0,-2,46,-998,-1,0,0,0,,,,,,,,,
221,1783701987292,16857,16857,0,-2,-2,0,0,0,67,70,10,0,64,187.21,0,0,46,-997,-1,0,0,0,,,,,,,,,
222,1783701987445,17010,17010,0,-2,-2,0,0,0,67,70,10,0,64,187.6,0,-4,46,-1001,-1,0,0,0,,,,,,,,,
223,1783701987547,17112,17112,0,-2,-2,0,0,0,67,70,10,0,64,187.25,0,-4,45,-999,-1,0,0,0,,,,,,,,,
224,1783701987649,17214,17214,0,-2,-2,0,0,0,67,70,10,0,64,187.32,0,-3,46,-999,-1,0,0,0,,,,,,,,,
225,1783701987700,17265,17265,0,-2,-2,0,0,0,67,70,10,0,64,187.16,0,-2,45,-1004,-1,0,0,0,,,,,,,,,
226,1783701987803,17368,17368,0,-2,-2,0,0,0,67,70,10,0,64,187.42,0,-2,46,-999,-1,0,0,0,,,,,,,,,
227,1783701987905,17470,17470,0,-2,-2,0,0,0,67,70,10,0,64,187.41,0,-2,45,-997,-1,0,0,0,,,,,,,,,
228,1783701988006,17571,17571,0,-2,-2,0,0,0,67,70,10,0,64,187.58,0,-2,45,-999,-1,0,0,0,,,,,,,,,
229,1783701988108,17673,17673,0,-2,-2,0,0,0,67,70,10,0,64,187.36,0,-2,46,-1001,-1,0,0,0,,,,,,,,,
230,1783701988211,17776,17775,0,-2,-2,0,0,0,67,70,10,0,64,187.16,0,-3,45,-1002,-1,0,0,0,,,,,,,,,
231,1783701988312,17877,17877,0,-2,-2,0,0,0,67,70,10,0,64,187.43,0,-1,45,-997,-1,0,0,0,,,,,,,,,
232,1783701988415,17980,17980,0,-2,-2,0,0,0,68,69,10,0,64,187.43,0,-3,46,-1000,-1,0,0,0,,,,,,,,,
233,1783701988520,18085,18085,0,-2,-2,0,0,0,68,69,10,0,64,187.06,0,-4,46,-1000,-1,0,0,0,,,,,,,,,
234,1783701988620,18185,18184,0,-2,-2,0,0,0,68,69,10,0,64,187.27,0,0,46,-997,-1,0,0,0,,,,,,,,,
235,1783701988722,18287,18287,0,-2,-2,0,0,0,68,69,10,0,64,187.29,0,0,46,-999,-1,0,0,0,,,,,,,,,
236,1783701988824,18389,18389,0,-2,-2,0,0,0,68,69,10,0,64,187.22,0,-2,46,-1000,-1,0,0,0,,,,,,,,,
237,1783701988925,18490,18490,0,-2,-2,0,0,0,68,69,10,0,64,187.22,0,-3,48,-999,-1,0,0,0,,,,,,,,,
238,1783701989027,18592,18592,0,-2,-2,0,0,0,68,69,10,0,64,187.41,0,-4,48,-998,-1,0,0,0,,,,,,,,,
239,1783701989129,18694,18694,0,-2,-2,0,0,0,68,69,10,0,64,187.51,0,-2,47,-997,-1,0,0,0,,,,,,,,,
240,1783701989234,18799,18799,0,-2,-2,0,0,0,68,69,10,0,64,187.34,0,-1,46,-999,-1,0,0,0,,,,,,,,,
241,1783701989337,18902,18901,0,-2,-2,0,0,0,68,69,10,0,64,187.28,0,-3,47,-998,-1,0,0,0,,,,,,,,,
242,1783701989436,19001,19001,0,-2,-2,0,0,0,67,69,10,0,64,187.45,0,-2,47,-998,-1,0,0,0,,,,,,,,,
243,1783701989538,19103,19103,0,-2,-2,0,0,0,67,69,10,0,64,187.32,0,-4,45,-995,-1,0,0,0,,,,,,,,,
244,1783701989640,19205,19204,0,-2,-2,0,0,0,67,69,10,0,64,187.38,0,-2,45,-997,-1,0,0,0,,,,,,,,,
245,1783701989742,19307,19307,0,-2,-2,0,0,0,67,69,10,0,64,187.18,0,-3,46,-1001,-1,0,0,0,,,,,,,,,
246,1783701989844,19409,19409,0,-2,-2,0,0,0,67,69,10,0,64,187.17,0,-1,47,-1000,-1,0,0,0,,,,,,,,,
247,1783701989946,19511,19511,0,-2,-2,0,0,0,67,69,10,0,64,187.2,0,-3,46,-998,-1,0,0,0,,,,,,,,,
248,1783701990048,19613,19612,0,-2,-2,0,0,0,67,69,10,0,64,187.36,0,-2,45,-999,-1,0,0,0,,,,,,,,,
249,1783701990150,19715,19715,0,-2,-2,0,0,0,67,69,10,0,64,187.47,0,-3,46,-998,-1,0,0,0,,,,,,,,,
250,1783701990252,19817,19817,0,-2,-2,0,0,0,67,69,10,0,64,187.45,0,-1,45,-1002,-1,0,0,0,,,,,,,,,
251,1783701990354,19919,19919,0,-2,-2,0,0,0,67,69,10,0,64,187.55,0,-2,45,-998,-1,0,0,0,,,,,,,,,
252,1783701990456,20021,20021,0,-2,-2,0,0,0,66,69,10,0,64,187.19,0,-3,47,-1000,-1,0,0,0,,,,,,,,,
253,1783701990558,20123,20123,0,-2,-2,0,0,0,66,69,10,0,64,187.35,0,-4,47,-999,-1,0,0,0,,,,,,,,,
254,1783701990660,20225,20224,0,-2,-2,0,0,0,66,69,10,0,64,187.62,0,-2,45,-998,-1,0,0,0,,,,,,,,,
255,1783701990711,20276,20276,0,-2,-2,0,0,0,66,69,10,0,64,187.21,0,-2,46,-1000,-1,0,0,0,,,,,,,,,
256,1783701990813,20378,20377,0,-2,-2,0,0,0,66,69,10,0,64,187.24,0,-1,46,-995,-1,0,0,0,,,,,,,,,
257,1783701990915,20480,20480,0,-2,-2,0,0,0,66,69,10,0,64,187.13,0,-4,46,-997,-1,0,0,0,,,,,,,,,
258,1783701991017,20582,20582,0,-2,-2,0,0,0,66,69,10,0,64,187.35,0,-3,47,-1003,-1,0,0,0,,,,,,,,,
259,1783701991119,20684,20683,0,-2,-2,0,0,0,66,69,10,0,64,187.39,0,-2,47,-997,-1,0,0,0,,,,,,,,,
260,1783701991221,20786,20785,0,-2,-2,0,0,0,66,69,10,0,64,187.45,0,-3,47,-998,-1,0,0,0,,,,,,,,,
261,1783701991323,20888,20887,0,-2,-2,0,0,0,66,69,10,0,64,187.27,0,-3,46,-1000,-1,0,0,0,,,,,,,,,
262,1783701991425,20990,20989,0,-2,-2,0,0,0,66,69,10,0,64,187.53,0,-1,47,-1000,-1,0,0,0,,,,,,,,,
263,1783701991527,21092,21091,0,-2,-2,0,0,0,66,69,10,0,64,187.52,0,-3,48,-997,-1,0,0,0,,,,,,,,,
264,1783701991629,21194,21193,0,-2,-2,0,0,0,66,69,10,0,64,187.32,0,-5,47,-999,-1,0,0,0,,,,,,,,,
265,1783701991732,21297,21296,0,-2,-2,0,0,0,66,69,10,0,64,187.26,0,-5,46,-998,-1,0,0,0,,,,,,,,,
266,1783701991835,21400,21399,0,-2,-2,0,0,0,66,69,10,0,64,187.4,0,-1,47,-996,-1,0,0,0,,,,,,,,,
267,1783701991937,21502,21501,0,-2,-2,0,0,0,66,69,10,0,64,187.27,0,-1,47,-1001,-1,0,0,0,,,,,,,,,
268,1783701992038,21603,21602,0,-2,-2,0,0,0,66,69,10,0,64,187.43,0,-2,47,-998,-1,0,0,0,,,,,,,,,
269,1783701992140,21705,21704,0,-2,-2,0,0,0,66,69,10,0,64,187.17,0,-3,48,-998,-1,0,0,0,,,,,,,,,
270,1783701992242,21807,21806,0,-2,-2,0,0,0,66,69,10,0,64,187.46,0,-5,46,-997,-1,0,0,0,,,,,,,,,
271,1783701992344,21909,21908,0,-2,-2,0,0,0,66,69,10,0,64,187.64,0,-2,47,-998,-1,0,0,0,,,,,,,,,
272,1783701992446,22011,22010,0,-2,-2,0,0,0,67,69,10,0,64,187.23,0,-1,46,-1001,-1,0,0,0,,,,,,,,,
273,1783701992548,22113,22112,0,-2,-2,0,0,0,67,69,10,0,64,187.28,0,-2,45,-996,-1,0,0,0,,,,,,,,,
274,1783701992650,22215,22215,0,-2,-2,0,0,0,67,69,10,0,64,187.55,0,-2,46,-997,-1,0,0,0,,,,,,,,,
275,1783701992752,22317,22316,0,-2,-2,0,0,0,67,69,10,0,64,187.21,0,-3,45,-1000,-1,0,0,0,,,,,,,,,
276,1783701992854,22419,22418,0,-2,-2,0,0,0,67,69,10,0,64,187.26,0,-3,48,-1002,-1,0,0,0,,,,,,,,,
277,1783701992957,22522,22521,0,-2,-2,0,0,0,67,69,10,0,64,187.41,0,-1,45,-1003,-1,0,0,0,,,,,,,,,
278,1783701993058,22623,22622,0,-2,-2,0,0,0,67,69,10,0,64,187.35,0,0,46,-1000,-1,0,0,0,,,,,,,,,
279,1783701993160,22725,22724,0,-2,-2,0,0,0,67,69,10,0,64,186.92,0,-1,46,-995,-1,0,0,0,,,,,,,,,
280,1783701993267,22832,22832,0,-2,-2,0,0,0,67,69,10,0,64,187.16,0,-4,47,-998,-1,0,0,0,,,,,,,,,
281,1783701993366,22931,22931,0,-2,-2,0,0,0,67,69,10,0,64,187.18,0,-3,46,-1002,-1,0,0,0,,,,,,,,,
282,1783701993471,23036,23036,0,-2,-2,0,0,0,67,69,10,0,64,187.48,0,-2,47,-1000,-1,0,0,0,,,,,,,,,
283,1783701993571,23136,23136,0,-2,-2,0,0,0,67,69,10,0,64,187.25,0,-3,45,-1001,-1,0,0,0,,,,,,,,,
284,1783701993674,23239,23238,0,-2,-2,0,0,0,67,69,10,0,64,187.32,0,-4,45,-997,-1,0,0,0,,,,,,,,,
285,1783701993780,23345,23345,0,-2,-2,0,0,0,67,69,10,0,64,187.07,0,-3,47,-996,-1,0,0,0,,,,,,,,,
286,1783701993878,23443,23443,0,-2,-2,0,0,0,67,69,10,0,64,187.25,0,-3,48,-1001,-1,0,0,0,,,,,,,,,
287,1783701993925,23490,23490,0,-2,-2,0,0,0,67,69,10,0,64,187.65,0,-4,46,-1002,-1,0,0,0,,,,,,,,,
288,1783701994032,23597,23597,0,-2,-2,0,0,0,67,69,10,0,64,187.23,0,-3,47,-997,-1,0,0,0,,,,,,,,,
289,1783701994129,23694,23693,0,-2,-2,0,0,0,67,69,10,0,64,187.14,0,-1,46,-998,-1,0,0,0,,,,,,,,,
290,1783701994231,23796,23796,0,-2,-2,0,0,0,67,69,10,0,64,187.51,0,-1,47,-999,-1,0,0,0,,,,,,,,,
291,1783701994336,23901,23900,0,-2,-2,0,0,0,67,69,10,0,64,187.21,0,-2,47,-997,-1,0,0,0,,,,,,,,,
292,1783701994436,24001,24000,0,-2,-2,0,0,0,67,70,10,0,64,187.21,0,-4,46,-999,-1,0,0,0,,,,,,,,,
293,1783701994538,24103,24102,0,-2,-2,0,0,0,67,70,10,0,64,187.35,0,-3,47,-998,-1,0,0,0,,,,,,,,,
294,1783701994640,24205,24205,0,-2,-2,0,0,0,67,70,10,0,64,187.45,0,-4,46,-997,-1,0,0,0,,,,,,,,,
295,1783701994741,24306,24306,0,-2,-2,0,0,0,67,70,10,0,64,187.22,0,0,47,-995,-1,0,0,0,,,,,,,,,
296,1783701994844,24409,24409,0,-2,-2,0,0,0,67,70,10,0,64,187.34,0,-3,48,-1002,-1,0,0,0,,,,,,,,,
297,1783701994947,24512,24512,0,-2,-2,0,0,0,67,70,10,0,64,187.18,0,-3,46,-999,-1,0,0,0,,,,,,,,,
298,1783701995048,24613,24612,0,-2,-2,0,0,0,67,70,10,0,64,187.39,0,-4,46,-1000,-1,0,0,0,,,,,,,,,
299,1783701995152,24717,24717,0,-2,-2,0,0,0,67,70,10,0,64,187.39,0,-2,46,-997,-1,0,0,0,,,,,,,,,
300,1783701995255,24820,24820,0,-2,-2,0,0,0,67,70,10,0,64,187.37,0,-4,46,-999,-1,0,0,0,,,,,,,,,
301,1783701995354,24919,24918,0,-2,-2,0,0,0,67,70,10,0,64,187.67,0,-3,46,-999,-1,0,0,0,,,,,,,,,
302,1783701995456,25021,25020,0,-2,-2,0,0,0,67,70,10,0,64,187.51,0,-4,46,-999,-1,0,0,0,,,,,,,,,
303,1783701995557,25122,25122,0,-2,-2,0,0,0,67,70,10,0,64,187.39,0,-4,47,-997,-1,0,0,0,,,,,,,,,
304,1783701995660,25225,25224,0,-2,-2,0,0,0,67,70,10,0,64,187.45,0,-3,46,-997,-1,0,0,0,,,,,,,,,
305,1783701995762,25327,25326,0,-2,-2,0,0,0,67,70,10,0,64,187.37,0,-2,48,-1002,-1,0,0,0,,,,,,,,,
306,1783701995868,25433,25433,0,-2,-2,0,0,0,67,70,10,0,64,187.45,0,0,45,-999,-1,0,0,0,,,,,,,,,
307,1783701995970,25535,25535,0,-2,-2,0,0,0,67,70,10,0,64,187.49,0,-4,46,-1000,-1,0,0,0,,,,,,,,,
308,1783701996071,25636,25636,0,-2,-2,0,0,0,67,70,10,0,64,187.44,0,-4,46,-997,-1,0,0,0,,,,,,,,,
309,1783701996172,25737,25736,0,-2,-2,0,0,0,67,70,10,0,64,187.33,0,-4,46,-1003,-1,0,0,0,,,,,,,,,
310,1783701996275,25840,25840,0,-2,-2,0,0,0,67,70,10,0,64,186.96,0,-1,45,-1001,-1,0,0,0,,,,,,,,,
311,1783701996377,25942,25941,0,-2,-2,0,0,0,67,70,10,0,64,187.19,0,-2,46,-1001,-1,0,0,0,,,,,,,,,
312,1783701996475,26040,26040,0,-2,-2,0,0,0,67,69,10,0,64,187.46,0,-1,44,-997,-1,0,0,0,,,,,,,,,
313,1783701996589,26154,26154,0,-2,-2,0,0,0,67,69,10,0,64,187.59,0,-3,46,-996,-1,0,0,0,,,,,,,,,
314,1783701996679,26244,26244,0,-2,-2,0,0,0,67,69,10,0,64,187.59,0,-5,47,-997,-1,0,0,0,,,,,,,,,
315,1783701996782,26347,26347,0,-2,-2,0,0,0,67,69,10,0,64,187.28,0,-2,44,-1000,-1,0,0,0,,,,,,,,,
316,1783701996885,26450,26449,0,-2,-2,0,0,0,67,69,10,0,64,186.93,0,-2,45,-999,-1,0,0,0,,,,,,,,,
317,1783701996987,26552,26552,0,-2,-2,0,0,0,67,69,10,0,64,187.14,0,-2,47,-999,-1,0,0,0,,,,,,,,,
318,1783701997089,26654,26654,0,-2,-2,0,0,0,67,69,10,0,64,187.59,0,-1,46,-997,-1,0,0,0,,,,,,,,,
319,1783701997139,26704,26704,0,-2,-2,0,0,0,67,69,10,0,64,187.28,0,-5,45,-998,-1,0,0,0,,,,,,,,,
320,1783701997241,26806,26806,0,-2,-2,0,0,0,67,69,10,0,64,187.22,0,-2,44,-999,-1,0,0,0,,,,,,,,,
321,1783701997344,26909,26909,0,-2,-2,0,0,0,67,69,10,0,64,187.61,0,-2,46,-1000,-1,0,0,0,,,,,,,,,
322,1783701997446,27011,27010,0,-2,-2,0,0,0,67,69,10,0,64,187.46,0,-4,46,-997,-1,0,0,0,,,,,,,,,
323,1783701997548,27113,27112,0,-2,-2,0,0,0,67,69,10,0,64,187.23,0,-3,47,-998,-1,0,0,0,,,,,,,,,
324,1783701997650,27215,27214,0,-2,-2,0,0,0,67,69,10,0,64,187.36,0,-2,47,-997,-1,0,0,0,,,,,,,,,
325,1783701997752,27317,27316,0,-2,-2,0,0,0,67,69,10,0,64,187.29,0,-4,45,-998,-1,0,0,0,,,,,,,,,
326,1783701997856,27421,27421,0,-2,-2,0,0,0,67,69,10,0,64,187.45,0,-2,46,-1000,-1,0,0,0,,,,,,,,,
327,1783701997955,27520,27520,0,-2,-2,0,0,0,67,69,10,0,64,187.21,0,-3,46,-997,-1,0,0,0,,,,,,,,,
328,1783701998057,27622,27622,0,-2,-2,0,0,0,67,69,10,0,64,187.44,0,-3,47,-1001,-1,0,0,0,,,,,,,,,
329,1783701998160,27725,27724,0,-2,-2,0,0,0,67,69,10,0,64,187.51,0,-1,46,-999,-1,0,0,0,,,,,,,,,
330,1783701998261,27826,27826,0,-2,-2,0,0,0,67,69,10,0,64,187.43,0,-2,46,-997,-1,0,0,0,,,,,,,,,
331,1783701998364,27929,27929,0,-2,-2,0,0,0,67,69,10,0,64,187.37,0,-3,47,-1000,-1,0,0,0,,,,,,,,,
332,1783701998467,28032,28031,0,-2,-2,0,0,0,67,70,10,0,64,187.11,0,-4,45,-999,-1,0,0,0,,,,,,,,,
333,1783701998574,28139,28138,0,-2,-2,0,0,0,67,70,10,0,64,187,0,-1,46,-996,-1,0,0,0,,,,,,,,,
334,1783701998671,28236,28236,0,-2,-2,0,0,0,67,70,10,0,64,187.32,0,-3,47,-998,-1,0,0,0,,,,,,,,,
335,1783701998772,28337,28337,0,-2,-2,0,0,0,67,70,10,0,64,187.36,0,-1,48,-997,-1,0,0,0,,,,,,,,,
336,1783701998875,28440,28439,0,-2,-2,0,0,0,67,70,10,0,64,187.21,0,-4,46,-997,-1,0,0,0,,,,,,,,,
337,1783701998980,28545,28545,0,-2,-2,0,0,0,67,70,10,0,64,186.9,0,-2,47,-998,-1,0,0,0,,,,,,,,,
338,1783701999080,28645,28645,0,-2,-2,0,0,0,67,70,10,0,64,187.39,0,-3,47,-999,-1,0,0,0,,,,,,,,,
339,1783701999181,28746,28745,0,-2,-2,0,0,0,67,70,10,0,64,187.26,0,-3,48,-1002,-1,0,0,0,,,,,,,,,
340,1783701999283,28848,28848,0,-2,-2,0,0,0,67,70,10,0,64,187.36,0,-2,45,-1000,-1,0,0,0,,,,,,,,,
341,1783701999384,28949,28949,0,-2,-2,0,0,0,67,70,10,0,64,187.41,0,-2,47,-998,-1,0,0,0,,,,,,,,,
342,1783701999487,29052,29052,0,-2,-2,0,0,0,67,69,10,0,64,187.35,0,-4,48,-997,-1,0,0,0,,,,,,,,,
343,1783701999588,29153,29153,0,-2,-2,0,0,0,67,69,10,0,64,187.5,0,-3,47,-998,-1,0,0,0,,,,,,,,,
344,1783701999691,29256,29256,0,-2,-2,0,0,0,67,69,10,0,64,187.33,0,-2,47,-1000,-1,0,0,0,,,,,,,,,
345,1783701999792,29357,29357,0,-2,-2,0,0,0,67,69,10,0,64,187.36,0,-2,47,-999,-1,0,0,0,,,,,,,,,
346,1783701999895,29460,29459,0,-2,-2,0,0,0,67,69,10,0,64,187.48,0,-2,47,-997,-1,0,0,0,,,,,,,,,
347,1783701999996,29561,29561,0,-2,-2,0,0,0,67,69,10,0,64,187.09,0,-2,45,-997,-1,0,0,0,,,,,,,,,
348,1783702000108,29673,29673,0,-2,-2,0,0,0,67,69,10,0,64,187.55,0,-2,48,-998,-1,0,0,0,,,,,,,,,
349,1783702000155,29720,29720,0,-2,-2,0,0,0,67,69,10,0,64,187.78,0,-2,48,-1001,-1,0,0,0,,,,,,,,,
350,1783702000257,29822,29822,0,-2,-2,0,0,0,67,69,10,0,64,187.27,0,-2,45,-999,-1,0,0,0,,,,,,,,,
351,1783702000365,29930,29929,0,-2,-2,0,0,0,67,69,10,0,64,187.32,0,-2,46,-999,-1,0,0,0,,,,,,,,,
352,1783702000508,30073,30073,0,-2,-2,0,0,0,67,69,10,0,64,187.15,0,-3,44,-999,-1,0,0,0,,,,,,,,,
353,1783702000613,30178,30178,0,-2,-2,0,0,0,67,69,10,0,64,187.42,0,-1,46,-999,-1,0,0,0,,,,,,,,,
354,1783702000660,30225,30225,0,-2,-2,0,0,0,67,69,10,0,64,187.28,0,-1,46,-997,-1,0,0,0,,,,,,,,,
355,1783702000774,30339,30339,0,-2,-2,0,0,0,67,69,10,0,64,187.15,0,-2,46,-996,-1,0,0,0,,,,,,,,,
356,1783702000889,30454,30453,0,-2,-2,0,0,0,67,69,10,0,64,187.57,0,-1,45,-999,-1,0,0,0,,,,,,,,,
357,1783702000967,30532,30532,0,-2,-2,0,0,0,67,69,10,0,64,187.19,0,-2,48,-1000,-1,0,0,0,,,,,,,,,
358,1783702001070,30635,30634,0,-2,-2,0,0,0,67,69,10,0,64,187.3,0,0,47,-1000,-1,0,0,0,,,,,,,,,
359,1783702001171,30736,30736,0,-2,-2,0,0,0,67,69,10,0,64,187.51,0,-2,46,-1000,-1,0,0,0,,,,,,,,,
360,1783702001273,30838,30838,0,-2,-2,0,0,0,67,69,10,0,64,187.3,0,-4,46,-997,-1,0,0,0,,,,,,,,,
361,1783702001377,30942,30941,0,-2,-2,0,0,0,67,69,10,0,64,187.46,0,-4,47,-997,-1,0,0,0,,,,,,,,,
362,1783702001477,31042,31042,0,-2,-2,0,0,0,68,70,10,0,64,187.3,0,-3,47,-999,-1,0,0,0,,,,,,,,,
363,1783702001580,31145,31145,0,-2,-2,0,0,0,68,70,10,0,64,187.54,0,-2,46,-998,-1,0,0,0,,,,,,,,,
364,1783702001691,31256,31256,0,-2,-2,0,0,0,68,70,10,0,64,187.46,0,-3,48,-998,-1,0,0,0,,,,,,,,,
365,1783702001784,31349,31349,0,-2,-2,0,0,0,68,70,10,0,64,187.28,0,-2,46,-997,-1,0,0,0,,,,,,,,,
366,1783702001887,31452,31452,0,-2,-2,0,0,0,68,70,10,0,64,187.46,0,-2,46,-997,-1,0,0,0,,,,,,,,,
367,1783702001989,31554,31554,0,-2,-2,0,0,0,68,70,10,0,64,187.5,0,-4,46,-999,-1,0,0,0,,,,,,,,,
368,1783702002090,31655,31655,0,-2,-2,0,0,0,68,70,10,0,64,187.26,0,-3,48,-1001,-1,0,0,0,,,,,,,,,
369,1783702002197,31762,31762,0,-2,-2,0,0,0,68,70,10,0,64,187.23,0,-1,46,-999,-1,0,0,0,,,,,,,,,
370,1783702002296,31861,31861,0,-2,-2,0,0,0,68,70,10,0,64,187.4,0,-2,46,-997,-1,0,0,0,,,,,,,,,
371,1783702002421,31986,31986,0,-2,-2,0,0,0,68,70,10,0,64,187.32,0,-1,46,-996,-1,0,0,0,,,,,,,,,
372,1783702002504,32069,32069,0,-2,-2,0,0,0,67,70,10,0,64,187,0,-2,45,-999,-1,0,0,0,,,,,,,,,
373,1783702002601,32166,32166,0,-2,-2,0,0,0,67,70,10,0,64,187.17,0,-3,46,-999,-1,0,0,0,,,,,,,,,
374,1783702002702,32267,32267,0,-2,-2,0,0,0,67,70,10,0,64,187.44,0,-3,46,-999,-1,0,0,0,,,,,,,,,
375,1783702002804,32369,32369,0,-2,-2,0,0,0,67,70,10,0,64,187.15,0,-2,44,-997,-1,0,0,0,,,,,,,,,
376,1783702002906,32471,32471,0,-2,-2,0,0,0,67,70,10,0,64,187.19,0,-1,45,-997,-1,0,0,0,,,,,,,,,
377,1783702003008,32573,32573,0,-2,-2,0,0,0,67,70,10,0,64,187.36,0,-2,44,-1002,-1,0,0,0,,,,,,,,,
378,1783702003110,32675,32675,0,-2,-2,0,0,0,67,70,10,0,64,187.36,0,-3,45,-1000,-1,0,0,0,,,,,,,,,
379,1783702003212,32777,32777,0,-2,-2,0,0,0,67,70,10,0,64,187.3,0,-3,46,-998,-1,0,0,0,,,,,,,,,
380,1783702003314,32879,32879,0,-2,-2,0,0,0,67,70,10,0,64,187.39,0,-3,46,-999,-1,0,0,0,,,,,,,,,
381,1783702003418,32983,32983,0,-2,-2,0,0,0,67,70,10,0,64,187.46,0,-2,46,-998,-1,0,0,0,,,,,,,,,
382,1783702003518,33083,33083,0,-2,-2,0,0,0,67,70,10,0,64,187.39,0,1,46,-999,-1,0,0,0,,,,,,,,,
383,1783702003620,33185,33185,0,-2,-2,0,0,0,67,70,10,0,64,187.34,0,-2,45,-998,-1,0,0,0,,,,,,,,,
384,1783702003724,33289,33288,0,-2,-2,0,0,0,67,70,10,0,64,186.94,0,-4,47,-996,-1,0,0,0,,,,,,,,,
385,1783702003824,33389,33389,0,-2,-2,0,0,0,67,70,10,0,64,187.41,0,-4,46,-997,-1,0,0,0,,,,,,,,,
386,1783702003875,33440,33440,0,-2,-2,0,0,0,67,70,10,0,64,187.5,0,-2,45,-998,-1,0,0,0,,,,,,,,,
387,1783702003977,33542,33542,0,-2,-2,0,0,0,67,70,10,0,64,187.15,0,0,45,-998,-1,0,0,0,,,,,,,,,
388,1783702004079,33644,33644,0,-2,-2,0,0,0,67,70,10,0,64,187.5,0,-2,45,-1000,-1,0,0,0,,,,,,,,,
389,1783702004185,33750,33750,0,-2,-2,0,0,0,67,70,10,0,64,187.62,0,-3,46,-997,-1,0,0,0,,,,,,,,,
390,1783702004283,33848,33848,0,-2,-2,0,0,0,67,70,10,0,64,187.39,0,-3,45,-997,-1,0,0,0,,,,,,,,,
391,1783702004385,33950,33950,0,-2,-2,0,0,0,67,70,10,0,64,187.45,0,-2,47,-999,-1,0,0,0,,,,,,,,,
392,1783702004487,34052,34052,0,-2,-2,0,0,0,67,69,10,0,64,187.26,0,0,45,-999,-1,0,0,0,,,,,,,,,
393,1783702004589,34154,34154,0,-2,-2,0,0,0,67,69,10,0,64,187.44,0,0,46,-999,-1,0,0,0,,,,,,,,,
394,1783702004691,34256,34256,0,-2,-2,0,0,0,67,69,10,0,64,187.28,0,-2,47,-995,-1,0,0,0,,,,,,,,,
395,1783702004793,34358,34358,0,-2,-2,0,0,0,67,69,10,0,64,187.36,0,-1,45,-1000,-1,0,0,0,,,,,,,,,
396,1783702004899,34464,34464,0,-2,-2,0,0,0,67,69,10,0,64,187.43,0,-3,46,-1001,-1,0,0,0,,,,,,,,,
397,1783702005001,34566,34565,0,-2,-2,0,0,0,67,69,10,0,64,187.54,0,-2,46,-999,-1,0,0,0,,,,,,,,,
398,1783702005112,34677,34677,0,-2,-2,0,0,0,67,69,10,0,64,187.4,0,-2,45,-1000,-1,0,0,0,,,,,,,,,
399,1783702005207,34772,34772,0,-2,-2,0,0,0,67,69,10,0,64,187.52,0,-2,46,-999,-1,0,0,0,,,,,,,,,
400,1783702005305,34870,34870,0,-2,-2,0,0,0,67,69,10,0,64,187.61,0,0,45,-997,-1,0,0,0,,,,,,,,,
401,1783702005407,34972,34972,0,-2,-2,0,0,0,67,69,10,0,63,186.99,0,-1,46,-1000,-1,0,0,0,,,,,,,,,
402,1783702005510,35075,35075,0,-2,-2,0,0,0,67,69,10,0,63,187.27,0,-2,46,-999,-1,0,0,0,,,,,,,,,
403,1783702005612,35177,35177,0,-2,-2,0,0,0,67,69,10,0,63,187.28,0,-2,45,-999,-1,0,0,0,,,,,,,,,
404,1783702005715,35280,35280,0,-2,-2,0,0,0,67,69,10,0,63,187.25,0,0,45,-999,-1,0,0,0,,,,,,,,,
405,1783702005816,35381,35381,0,-2,-2,0,0,0,67,69,10,0,63,187.47,0,-3,44,-996,-1,0,0,0,,,,,,,,,
406,1783702005918,35483,35483,0,-2,-2,0,0,0,67,69,10,0,63,187.3,0,-2,48,-999,-1,0,0,0,,,,,,,,,
407,1783702006020,35585,35585,0,-2,-2,0,0,0,67,69,10,0,63,187.18,0,-2,46,-1001,-1,0,0,0,,,,,,,,,
408,1783702006122,35687,35687,0,-2,-2,0,0,0,67,69,10,0,63,187.34,0,-1,45,-1000,-1,0,0,0,,,,,,,,,
409,1783702006224,35789,35789,0,-2,-2,0,0,0,67,69,10,0,63,187.49,0,-2,46,-999,-1,0,0,0,,,,,,,,,
410,1783702006326,35891,35891,0,-2,-2,0,0,0,67,69,10,0,63,187.55,0,-3,46,-997,-1,0,0,0,,,,,,,,,
411,1783702006429,35994,35994,0,-2,-2,0,0,0,67,69,10,0,63,187.67,0,-1,47,-998,-1,0,0,0,,,,,,,,,
412,1783702006531,36096,36095,0,-2,-2,0,0,0,67,69,10,0,63,187.46,0,-4,47,-1001,-1,0,0,0,,,,,,,,,
413,1783702006635,36200,36199,0,-2,-2,0,0,0,67,69,10,0,63,186.94,0,-3,46,-998,-1,0,0,0,,,,,,,,,
414,1783702006735,36300,36299,0,-2,-2,0,0,0,67,69,10,0,63,187.46,0,-5,46,-1001,-1,0,0,0,,,,,,,,,
415,1783702006785,36350,36350,0,-2,-2,0,0,0,67,69,10,0,63,187.46,0,-4,44,-996,-1,0,0,0,,,,,,,,,
416,1783702006887,36452,36452,0,-2,-2,0,0,0,67,69,10,0,63,187.28,0,-1,48,-999,-1,0,0,0,,,,,,,,,
417,1783702006989,36554,36554,0,-2,-2,0,0,0,67,69,10,0,63,187.51,0,-3,47,-997,-1,0,0,0,,,,,,,,,
418,1783702007091,36656,36656,0,-2,-2,0,0,0,67,69,10,0,63,187.41,0,-5,49,-1000,-1,0,0,0,,,,,,,,,
419,1783702007193,36758,36758,0,-2,-2,0,0,0,67,69,10,0,63,187.08,0,-3,48,-998,-1,0,0,0,,,,,,,,,
420,1783702007296,36861,36861,0,-2,-2,0,0,0,67,69,10,0,63,187.32,0,-4,47,-997,-1,0,0,0,,,,,,,,,
421,1783702007399,36964,36963,0,-2,-2,0,0,0,67,69,10,0,63,187.56,0,-1,46,-1000,-1,0,0,0,,,,,,,,,
422,1783702007500,37065,37065,0,-2,-2,0,0,0,67,69,10,0,63,187.46,0,-2,46,-997,-1,0,0,0,,,,,,,,,
423,1783702007601,37166,37165,0,-2,-2,0,0,0,67,69,10,0,63,187.45,0,-2,46,-998,-1,0,0,0,,,,,,,,,
424,1783702007703,37268,37268,0,-2,-2,0,0,0,67,69,10,0,63,187.33,0,-5,45,-995,-1,0,0,0,,,,,,,,,
425,1783702007805,37370,37370,0,-2,-2,0,0,0,67,69,10,0,63,187.34,0,-3,46,-998,-1,0,0,0,,,,,,,,,
426,1783702007907,37472,37472,0,-2,-2,0,0,0,67,69,10,0,63,187.36,0,-1,47,-997,-1,0,0,0,,,,,,,,,
427,1783702008009,37574,37574,0,-2,-2,0,0,0,67,69,10,0,63,187.2,0,-2,45,-998,-1,0,0,0,,,,,,,,,
428,1783702008111,37676,37676,0,-2,-2,0,0,0,67,69,10,0,63,187.17,0,-3,46,-995,-1,0,0,0,,,,,,,,,
429,1783702008213,37778,37778,0,-2,-2,0,0,0,67,69,10,0,63,187.26,0,-3,46,-996,-1,0,0,0,,,,,,,,,
430,1783702008315,37880,37880,0,-2,-2,0,0,0,67,69,10,0,63,187.18,0,-3,46,-998,-1,0,0,0,,,,,,,,,
431,1783702008417,37982,37982,0,-2,-2,0,0,0,67,69,10,0,63,187.26,0,-2,48,-999,-1,0,0,0,,,,,,,,,
432,1783702008529,38094,38094,0,-2,-2,0,0,0,67,70,10,0,63,187.09,0,-2,46,-1000,-1,0,0,0,,,,,,,,,
433,1783702008621,38186,38186,0,-2,-2,0,0,0,67,70,10,0,63,187.43,0,-5,47,-995,-1,0,0,0,,,,,,,,,
434,1783702008723,38288,38288,0,-2,-2,0,0,0,67,70,10,0,63,187.44,0,-4,47,-997,-1,0,0,0,,,,,,,,,
435,1783702008825,38390,38390,0,-2,-2,0,0,0,67,70,10,0,63,187.54,0,-1,47,-998,-1,0,0,0,,,,,,,,,
436,1783702008926,38491,38491,0,-2,-2,0,0,0,67,70,10,0,63,187.7,0,-1,46,-998,-1,0,0,0,,,,,,,,,
437,1783702009029,38594,38594,0,-2,-2,0,0,0,67,70,10,0,63,187.49,0,-4,46,-996,-1,0,0,0,,,,,,,,,
438,1783702009131,38696,38696,0,-2,-2,0,0,0,67,70,10,0,63,187.4,0,-2,46,-996,-1,0,0,0,,,,,,,,,
439,1783702009233,38798,38798,0,-2,-2,0,0,0,67,70,10,0,63,187.84,0,-3,47,-994,-1,0,0,0,,,,,,,,,
440,1783702009335,38900,38900,0,-2,-2,0,0,0,67,70,10,0,63,187.16,0,-4,47,-995,-1,0,0,0,,,,,,,,,
441,1783702009437,39002,39002,0,-2,-2,0,0,0,67,70,10,0,63,187.47,0,-3,46,-998,-1,0,0,0,,,,,,,,,
442,1783702009539,39104,39104,0,-2,-2,0,0,0,67,69,10,0,63,187.57,0,-1,46,-1000,-1,0,0,0,,,,,,,,,
443,1783702009641,39206,39206,0,-2,-2,0,0,0,67,69,10,0,63,187.09,0,-5,46,-995,-1,0,0,0,,,,,,,,,
444,1783702009743,39308,39308,0,-2,-2,0,0,0,67,69,10,0,63,187.53,0,-2,46,-996,-1,0,0,0,,,,,,,,,
445,1783702009845,39410,39410,0,-2,-2,0,0,0,67,69,10,0,63,187.15,0,-3,45,-998,-1,0,0,0,,,,,,,,,
446,1783702009947,39512,39512,0,-2,-2,0,0,0,67,69,10,0,63,187.32,0,-4,47,-997,-1,0,0,0,,,,,,,,,
447,1783702010049,39614,39614,0,-2,-2,0,0,0,67,69,10,0,63,187.37,0,-4,46,-996,-1,0,0,0,,,,,,,,,
448,1783702010101,39666,39665,0,-2,-2,0,0,0,67,69,10,0,63,187.36,0,-2,43,-996,-1,0,0,0,,,,,,,,,
449,1783702010201,39766,39766,0,-2,-2,0,0,0,67,69,10,0,63,187.26,0,-2,45,-997,-1,0,0,0,,,,,,,,,
450,1783702010304,39869,39868,0,-2,-2,0,0,0,67,69,10,0,63,187.34,0,-2,46,-998,-1,0,0,0,,,,,,,,,
451,1783702010406,39971,39970,0,-2,-2,0,0,0,67,69,10,0,63,187.3,0,-2,47,-999,-1,0,0,0,,,,,,,,,
452,1783702010618,40183,40183,0,-2,-2,0,0,0,67,70,10,0,63,187.48,0,-1,45,-1001,-1,0,0,0,,,,,,,,,
453,1783702010724,40289,40288,0,-2,-2,0,0,0,67,70,10,0,63,187.18,0,-3,46,-997,-1,0,0,0,,,,,,,,,
454,1783702010822,40387,40386,0,-2,-2,0,0,0,67,70,10,0,63,187.35,0,-4,47,-997,-1,0,0,0,,,,,,,,,
455,1783702010924,40489,40488,0,-2,-2,0,0,0,67,70,10,0,63,187.38,0,-3,47,-999,-1,0,0,0,,,,,,,,,
456,1783702011026,40591,40590,0,-2,-2,0,0,0,67,70,10,0,63,187.49,0,-2,47,-998,-1,0,0,0,,,,,,,,,
457,1783702011128,40693,40693,0,-2,-2,0,0,0,67,70,10,0,63,187.31,0,-4,46,-997,-1,0,0,0,,,,,,,,,
458,1783702011231,40796,40796,0,-2,-2,0,0,0,67,70,10,0,63,187.47,0,-3,44,-996,-1,0,0,0,,,,,,,,,
459,1783702011334,40899,40898,0,-2,-2,0,0,0,67,70,10,0,63,187.46,0,-1,46,-998,-1,0,0,0,,,,,,,,,
460,1783702011434,40999,40999,0,-2,-2,0,0,0,67,70,10,0,63,187.57,0,-3,45,-997,-1,0,0,0,,,,,,,,,
461,1783702011536,41101,41100,0,-2,-2,0,0,0,67,70,10,0,63,187.49,0,-3,45,-997,-1,0,0,0,,,,,,,,,
462,1783702011638,41203,41202,0,-2,-2,0,0,0,67,70,10,0,63,187.34,0,-3,46,-995,-1,0,0,0,,,,,,,,,
463,1783702011740,41305,41305,0,-2,-2,0,0,0,67,70,10,0,63,187.54,0,-2,47,-999,-1,0,0,0,,,,,,,,,
464,1783702011842,41407,41407,0,-2,-2,0,0,0,67,70,10,0,63,187.54,0,-3,45,-998,-1,0,0,0,,,,,,,,,
465,1783702011952,41517,41517,0,-2,-2,0,0,0,67,70,10,0,63,187.41,0,-4,44,-999,-1,0,0,0,,,,,,,,,
466,1783702012049,41614,41614,0,-2,-2,0,0,0,67,70,10,0,63,187.28,0,-4,45,-999,-1,0,0,0,,,,,,,,,
467,1783702012153,41718,41718,0,-2,-2,0,0,0,67,70,10,0,63,187.62,0,0,47,-997,-1,0,0,0,,,,,,,,,
468,1783702012252,41817,41816,0,-2,-2,0,0,0,67,70,10,0,63,187.26,0,-3,47,-999,-1,0,0,0,,,,,,,,,
469,1783702012355,41920,41919,0,-2,-2,0,0,0,67,70,10,0,63,187.53,0,-2,46,-998,-1,0,0,0,,,,,,,,,
470,1783702012457,42022,42022,0,-2,-2,0,0,0,67,70,10,0,63,187.43,0,-3,46,-999,-1,0,0,0,,,,,,,,,
471,1783702012560,42125,42125,0,-2,-2,0,0,0,67,70,10,0,63,187.58,0,-4,44,-997,-1,0,0,0,,,,,,,,,
472,1783702012662,42227,42226,0,-2,-2,0,0,0,67,70,10,0,63,187.08,0,-3,46,-998,-1,0,0,0,,,,,,,,,
473,1783702012764,42329,42329,0,-2,-2,0,0,0,67,70,10,0,63,187.59,0,-2,46,-999,-1,0,0,0,,,,,,,,,
474,1783702012866,42431,42431,0,-2,-2,0,0,0,67,70,10,0,63,187.34,0,-3,46,-999,-1,0,0,0,,,,,,,,,
475,1783702012917,42482,42481,0,-2,-2,0,0,0,67,70,10,0,63,187.31,0,-2,48,-998,-1,0,0,0,,,,,,,,,
476,1783702013019,42584,42583,0,-2,-2,0,0,0,67,70,10,0,63,187.35,0,-3,47,-995,-1,0,0,0,,,,,,,,,
477,1783702013121,42686,42686,0,-2,-2,0,0,0,67,70,10,0,63,187.71,0,-2,47,-1000,-1,0,0,0,,,,,,,,,
478,1783702013223,42788,42788,0,-2,-2,0,0,0,67,70,10,0,63,187.35,0,0,46,-997,-1,0,0,0,,,,,,,,,
479,1783702013325,42890,42889,0,-2,-2,0,0,0,67,70,10,0,63,187.52,0,-1,46,-998,-1,0,0,0,,,,,,,,,
480,1783702013427,42992,42991,0,-2,-2,0,0,0,67,70,10,0,63,187.41,0,-3,47,-998,-1,0,0,0,,,,,,,,,
481,1783702013530,43095,43095,0,-2,-2,0,0,0,66,70,10,0,63,187.39,0,-3,47,-996,-1,0,0,0,,,,,,,,,
482,1783702013631,43196,43196,0,-2,-2,0,0,0,66,70,10,0,63,187.58,0,-3,46,-997,-1,0,0,0,,,,,,,,,
483,1783702013734,43299,43299,0,-2,-2,0,0,0,66,70,10,0,63,187.87,0,-3,48,-1001,-1,0,0,0,,,,,,,,,
484,1783702013835,43400,43400,0,-2,-2,0,0,0,66,70,10,0,63,187.14,0,-2,45,-995,-1,0,0,0,,,,,,,,,
485,1783702013938,43503,43502,0,-2,-2,0,0,0,66,70,10,0,63,187.47,0,-2,46,-996,-1,0,0,0,,,,,,,,,
486,1783702014040,43605,43605,0,-2,-2,0,0,0,66,70,10,0,63,187.53,0,-3,47,-996,-1,0,0,0,,,,,,,,,
487,1783702014142,43707,43706,0,-2,-2,0,0,0,66,70,10,0,63,187.35,0,-3,47,-997,-1,0,0,0,,,,,,,,,
488,1783702014244,43809,43808,0,-2,-2,0,0,0,66,70,10,0,63,187.56,0,-1,46,-1000,-1,0,0,0,,,,,,,,,
489,1783702014346,43911,43910,0,-2,-2,0,0,0,66,70,10,0,63,187.73,0,-2,47,-999,-1,0,0,0,,,,,,,,,
490,1783702014448,44013,44012,0,-2,-2,0,0,0,66,70,10,0,63,187.59,0,-2,46,-997,-1,0,0,0,,,,,,,,,
491,1783702014550,44115,44114,0,-2,-2,0,0,0,67,70,10,0,63,187.58,0,-3,47,-997,-1,0,0,0,,,,,,,,,
492,1783702014652,44217,44217,0,-2,-2,0,0,0,67,70,10,0,63,187.14,0,-2,46,-1000,-1,0,0,0,,,,,,,,,
493,1783702014754,44319,44318,0,-2,-2,0,0,0,67,70,10,0,63,187.74,0,-2,47,-997,-1,0,0,0,,,,,,,,,
494,1783702014856,44421,44420,0,-2,-2,0,0,0,67,70,10,0,63,187.33,0,-3,45,-995,-1,0,0,0,,,,,,,,,
495,1783702014958,44523,44522,0,-2,-2,0,0,0,67,70,10,0,63,187.5,0,-2,45,-997,-1,0,0,0,,,,,,,,,
496,1783702015060,44625,44624,0,-2,-2,0,0,0,67,70,10,0,63,187.58,0,-3,46,-997,-1,0,0,0,,,,,,,,,
497,1783702015164,44729,44728,0,-2,-2,0,0,0,67,70,10,0,63,187.24,0,-2,46,-1001,-1,0,0,0,,,,,,,,,
498,1783702015266,44831,44830,0,-2,-2,0,0,0,67,70,10,0,63,187.27,0,-3,47,-1000,-1,0,0,0,,,,,,,,,
499,1783702015369,44934,44933,0,-2,-2,0,0,0,67,70,10,0,63,187.5,0,-3,46,-999,-1,0,0,0,,,,,,,,,
500,1783702015468,45033,45033,0,-2,-2,0,0,0,67,70,10,0,63,187.21,0,-2,46,-995,-1,0,0,0,,,,,,,,,
501,1783702015570,45135,45134,0,-2,-2,0,0,0,67,69,10,0,63,187.46,0,-2,47,-1001,-1,0,0,0,,,,,,,,,
502,1783702015671,45236,45236,0,-2,-2,0,0,0,67,69,10,0,63,187.33,0,-4,46,-1001,-1,0,0,0,,,,,,,,,
503,1783702015774,45339,45338,0,-2,-2,0,0,0,67,69,10,0,63,187.25,0,-3,47,-996,-1,0,0,0,,,,,,,,,
504,1783702015875,45440,45440,0,-2,-2,0,0,0,67,69,10,0,63,187.63,0,-6,44,-997,-1,0,0,0,,,,,,,,,
505,1783702015977,45542,45542,0,-2,-2,0,0,0,67,69,10,0,63,187.54,0,-4,46,-997,-1,0,0,0,,,,,,,,,
506,1783702016036,45601,45601,0,-2,-2,0,0,0,67,69,10,0,63,187.31,0,-1,47,-1002,-1,0,0,0,,,,,,,,,
507,1783702016132,45697,45697,0,-2,-2,0,0,0,67,69,10,0,63,187.62,0,-3,46,-1000,-1,0,0,0,,,,,,,,,
508,1783702016246,45811,45811,0,-2,-2,0,0,0,67,69,10,0,63,187.12,0,-4,47,-999,-1,0,0,0,,,,,,,,,
509,1783702016349,45914,45913,0,-2,-2,0,0,0,67,69,10,0,63,187.4,0,-3,46,-997,-1,0,0,0,,,,,,,,,
510,1783702016444,46009,46009,0,-2,-2,0,0,0,67,69,10,0,63,187.24,0,-3,46,-997,-1,0,0,0,,,,,,,,,
511,1783702016539,46104,46104,0,-2,-2,0,0,0,67,69,10,0,63,187.53,0,-1,46,-1001,-1,0,0,0,,,,,,,,,
512,1783702016641,46206,46206,0,-2,-2,0,0,0,67,69,10,0,63,187.35,0,-2,46,-1001,-1,0,0,0,,,,,,,,,
513,1783702016742,46307,46307,0,-2,-2,0,0,0,67,69,10,0,63,187.56,0,-1,46,-995,-1,0,0,0,,,,,,,,,
514,1783702016844,46409,46409,0,-2,-2,0,0,0,67,69,10,0,63,187.58,0,-4,44,-995,-1,0,0,0,,,,,,,,,
515,1783702016947,46512,46511,0,-2,-2,0,0,0,67,69,10,0,63,187.48,0,-4,46,-995,-1,0,0,0,,,,,,,,,
516,1783702017051,46616,46616,0,-2,-2,0,0,0,67,69,10,0,63,187.48,0,-2,47,-999,-1,0,0,0,,,,,,,,,
517,1783702017154,46719,46718,0,-2,-2,0,0,0,67,69,10,0,63,187.36,0,-2,46,-999,-1,0,0,0,,,,,,,,,
518,1783702017258,46823,46822,0,-2,-2,0,0,0,67,69,10,0,63,187.59,0,-3,45,-998,-1,0,0,0,,,,,,,,,
519,1783702017358,46923,46923,0,-2,-2,0,0,0,67,69,10,0,63,187.54,0,-3,46,-993,-1,0,0,0,,,,,,,,,
520,1783702017461,47026,47026,0,-2,-2,0,0,0,67,69,10,0,63,187.42,0,-2,47,-998,-1,0,0,0,,,,,,,,,
521,1783702017562,47127,47127,0,-2,-2,0,0,0,67,70,10,0,63,187.46,0,-3,46,-1000,-1,0,0,0,,,,,,,,,
522,1783702017664,47229,47229,0,-2,-2,0,0,0,67,70,10,0,63,187.35,0,-2,49,-999,-1,0,0,0,,,,,,,,,
523,1783702017774,47339,47339,0,-2,-2,0,0,0,67,70,10,0,63,187.49,0,-2,47,-1000,-1,0,0,0,,,,,,,,,
524,1783702017880,47445,47445,0,-2,-2,0,0,0,67,70,10,0,63,187.5,0,-3,46,-997,-1,0,0,0,,,,,,,,,
525,1783702017966,47531,47531,0,-2,-2,0,0,0,67,70,10,0,63,187.47,0,-3,46,-1000,-1,0,0,0,,,,,,,,,
526,1783702018069,47634,47633,0,-2,-2,0,0,0,67,70,10,0,63,187.31,0,-3,46,-1000,-1,0,0,0,,,,,,,,,
527,1783702018170,47735,47735,0,-2,-2,0,0,0,67,70,10,0,63,187.27,0,-2,47,-1002,-1,0,0,0,,,,,,,,,
528,1783702018272,47837,47837,0,-2,-2,0,0,0,67,70,10,0,63,187.57,0,-3,46,-996,-1,0,0,0,,,,,,,,,
529,1783702018375,47940,47939,0,-2,-2,0,0,0,67,70,10,0,63,187.14,0,-1,44,-996,-1,0,0,0,,,,,,,,,
530,1783702018476,48041,48041,0,-2,-2,0,0,0,67,70,10,0,63,187.16,0,-1,48,-998,-1,0,0,0,,,,,,,,,
531,1783702018578,48143,48143,0,-2,-2,0,0,0,68,70,10,0,63,187.6,0,-2,46,-1000,-1,0,0,0,,,,,,,,,
532,1783702018683,48248,48248,0,-2,-2,0,0,0,68,70,10,0,63,187.41,0,-3,45,-1000,-1,0,0,0,,,,,,,,,
533,1783702018784,48349,48349,0,-2,-2,0,0,0,68,70,10,0,63,187.51,0,-5,47,-998,-1,0,0,0,,,,,,,,,
534,1783702018886,48451,48451,0,-2,-2,0,0,0,68,70,10,0,63,187.31,0,-2,45,-1000,-1,0,0,0,,,,,,,,,
535,1783702018988,48553,48553,0,-2,-2,0,0,0,68,70,10,0,63,187.48,0,-2,47,-1000,-1,0,0,0,,,,,,,,,
536,1783702019039,48604,48604,0,-2,-2,0,0,0,68,70,10,0,63,187.62,0,-3,48,-1000,-1,0,0,0,,,,,,,,,
537,1783702019141,48706,48706,0,-2,-2,0,0,0,68,70,10,0,63,187.54,0,-3,47,-996,-1,0,0,0,,,,,,,,,
538,1783702019243,48808,48808,0,-2,-2,0,0,0,68,70,10,0,63,187.65,0,-3,46,-997,-1,0,0,0,,,,,,,,,
539,1783702019345,48910,48910,0,-2,-2,0,0,0,68,70,10,0,63,187.33,0,-3,48,-999,-1,0,0,0,,,,,,,,,
540,1783702019447,49012,49012,0,-2,-2,0,0,0,68,70,10,0,63,187.27,0,-1,47,-999,-1,0,0,0,,,,,,,,,
541,1783702019549,49114,49114,0,-2,-2,0,0,0,67,70,10,0,63,187.3,0,-1,47,-998,-1,0,0,0,,,,,,,,,
542,1783702019652,49217,49217,0,-2,-2,0,0,0,67,70,10,0,63,187.53,0,-2,48,-996,-1,0,0,0,,,,,,,,,
543,1783702019754,49319,49319,0,-2,-2,0,0,0,67,70,10,0,63,187.43,0,-5,48,-994,-1,0,0,0,,,,,,,,,
544,1783702019856,49421,49421,0,-2,-2,0,0,0,67,70,10,0,63,187.52,0,-3,45,-998,-1,0,0,0,,,,,,,,,
545,1783702019958,49523,49523,0,-2,-2,0,0,0,67,70,10,0,63,187.59,0,-1,45,-998,-1,0,0,0,,,,,,,,,
546,1783702020061,49626,49626,0,-2,-2,0,0,0,67,70,10,0,63,187.19,0,-1,45,-997,-1,0,0,0,,,,,,,,,
547,1783702020165,49730,49730,0,-2,-2,0,0,0,67,70,10,0,63,187.41,0,-4,45,-997,-1,0,0,0,,,,,,,,,
548,1783702020267,49832,49832,0,-2,-2,0,0,0,67,70,10,0,63,187.42,0,-3,47,-996,-1,0,0,0,,,,,,,,,
549,1783702020368,49933,49932,0,-2,-2,0,0,0,67,70,10,0,63,187.62,0,-2,47,-999,-1,0,0,0,,,,,,,,,
550,1783702020469,50034,50033,0,-2,-2,0,0,0,67,70,10,0,63,187.51,0,-3,46,-1000,-1,0,0,0,,,,,,,,,
551,1783702020571,50136,50136,0,-2,-2,0,0,0,67,69,10,0,63,187.34,0,-2,46,-995,-1,0,0,0,,,,,,,,,
552,1783702020672,50237,50237,0,-2,-2,0,0,0,67,69,10,0,63,187.25,0,-2,47,-998,-1,0,0,0,,,,,,,,,
553,1783702020774,50339,50339,0,-2,-2,0,0,0,67,69,10,0,63,187.4,0,-4,46,-999,-1,0,0,0,,,,,,,,,
554,1783702020876,50441,50441,0,-2,-2,0,0,0,67,69,10,0,63,187.62,0,-3,47,-999,-1,0,0,0,,,,,,,,,
555,1783702020978,50543,50543,0,-2,-2,0,0,0,67,69,10,0,63,187.5,0,-4,47,-998,-1,0,0,0,,,,,,,,,
556,1783702021081,50646,50645,0,-2,-2,0,0,0,67,69,10,0,63,187.32,0,-3,47,-998,-1,0,0,0,,,,,,,,,
557,1783702021183,50748,50748,0,-2,-2,0,0,0,67,69,10,0,63,187.5,0,-2,47,-997,-1,0,0,0,,,,,,,,,
558,1783702021285,50850,50850,0,-2,-2,0,0,0,67,69,10,0,63,187.33,0,-1,47,-995,-1,0,0,0,,,,,,,,,
559,1783702021388,50953,50953,0,-2,-2,0,0,0,67,69,10,0,63,187.54,0,-2,46,-1000,-1,0,0,0,,,,,,,,,
560,1783702021490,51055,51055,0,-2,-2,0,0,0,67,69,10,0,63,187.44,0,-2,46,-1001,-1,0,0,0,,,,,,,,,
561,1783702021593,51158,51157,0,-2,-2,0,0,0,67,70,10,0,63,187.69,0,-1,46,-997,-1,0,0,0,,,,,,,,,
562,1783702021695,51260,51260,0,-2,-2,0,0,0,67,70,10,0,63,187.69,0,-3,46,-998,-1,0,0,0,,,,,,,,,
563,1783702021800,51365,51365,0,-2,-2,0,0,0,67,70,10,0,63,187.63,0,-2,45,-1002,-1,0,0,0,,,,,,,,,
564,1783702021904,51469,51469,0,-2,-2,0,0,0,67,70,10,0,63,187.33,0,-4,47,-997,-1,0,0,0,,,,,,,,,
565,1783702022001,51566,51566,0,-2,-2,0,0,0,67,70,10,0,63,187.28,0,-4,46,-996,-1,0,0,0,,,,,,,,,
566,1783702022102,51667,51667,0,-2,-2,0,0,0,67,70,10,0,63,187.32,0,-1,46,-996,-1,0,0,0,,,,,,,,,
567,1783702022204,51769,51769,0,-2,-2,0,0,0,67,70,10,0,63,187.14,0,-3,47,-999,-1,0,0,0,,,,,,,,,
568,1783702022306,51871,51871,0,-2,-2,0,0,0,67,70,10,0,63,186.95,0,-2,45,-1001,-1,0,0,0,,,,,,,,,
569,1783702022408,51973,51973,0,-2,-2,0,0,0,67,70,10,0,63,187.6,0,-1,45,-1003,-1,0,0,0,,,,,,,,,
570,1783702022463,52028,52028,0,-2,-2,0,0,0,67,70,10,0,63,186.95,0,-2,45,-999,-1,0,0,0,,,,,,,,,
571,1783702022612,52177,52177,0,-2,-2,0,0,0,67,70,10,0,63,187.35,0,-3,46,-998,-1,0,0,0,,,,,,,,,
572,1783702022666,52231,52230,0,-2,-2,0,0,0,67,70,10,0,63,187.56,0,-3,45,-1001,-1,0,0,0,,,,,,,,,
573,1783702022766,52331,52330,0,-2,-2,0,0,0,67,70,10,0,63,187.54,0,-2,46,-1002,-1,0,0,0,,,,,,,,,
574,1783702022867,52432,52431,0,-2,-2,0,0,0,67,70,10,0,63,187.37,0,-5,46,-998,-1,0,0,0,,,,,,,,,
575,1783702022972,52537,52536,0,-2,-2,0,0,0,67,70,10,0,63,187.57,0,-3,44,-996,-1,0,0,0,,,,,,,,,
576,1783702023071,52636,52636,0,-2,-2,0,0,0,67,70,10,0,63,187.21,0,-3,46,-999,-1,0,0,0,,,,,,,,,
577,1783702023173,52738,52738,0,-2,-2,0,0,0,67,70,10,0,63,187.27,0,-3,46,-1000,-1,0,0,0,,,,,,,,,
578,1783702023275,52840,52840,0,-2,-2,0,0,0,67,70,10,0,63,187.44,0,-4,46,-997,-1,0,0,0,,,,,,,,,
579,1783702023378,52943,52943,0,-2,-2,0,0,0,67,70,10,0,63,187.63,0,-4,46,-999,-1,0,0,0,,,,,,,,,
580,1783702023479,53044,53044,0,-2,-2,0,0,0,67,70,10,0,63,187.69,0,-2,46,-997,-1,0,0,0,,,,,,,,,
581,1783702023582,53147,53147,0,-2,-2,0,0,0,67,70,10,0,63,187.35,0,-1,45,-998,-1,0,0,0,,,,,,,,,
582,1783702023683,53248,53247,0,-2,-2,0,0,0,67,70,10,0,63,187.58,0,-1,45,-999,-1,0,0,0,,,,,,,,,
583,1783702023785,53350,53350,0,-2,-2,0,0,0,67,70,10,0,63,187.42,0,-1,46,-994,-1,0,0,0,,,,,,,,,
584,1783702023887,53452,53452,0,-2,-2,0,0,0,67,70,10,0,63,187.44,0,-2,45,-996,-1,0,0,0,,,,,,,,,
585,1783702023990,53555,53555,0,-2,-2,0,0,0,67,70,10,0,63,187.21,0,-3,47,-995,-1,0,0,0,,,,,,,,,
586,1783702024091,53656,53656,0,-2,-2,0,0,0,67,70,10,0,63,187.46,0,-4,46,-998,-1,0,0,0,,,,,,,,,
587,1783702024193,53758,53758,0,-2,-2,0,0,0,67,70,10,0,63,187.66,0,-3,47,-1000,-1,0,0,0,,,,,,,,,
588,1783702024298,53863,53863,0,-2,-2,0,0,0,67,70,10,0,63,187.43,0,-3,47,-1000,-1,0,0,0,,,,,,,,,
589,1783702024400,53965,53965,0,-2,-2,0,0,0,67,70,10,0,63,187.27,0,-3,45,-996,-1,0,0,0,,,,,,,,,
590,1783702024501,54066,54065,0,-2,-2,0,0,0,67,70,10,0,63,187.43,0,-3,47,-996,-1,0,0,0,,,,,,,,,
591,1783702024602,54167,54167,0,-2,-2,0,0,0,67,70,10,0,63,187.3,0,-4,47,-1001,-1,0,0,0,,,,,,,,,
592,1783702024704,54269,54269,0,-2,-2,0,0,0,67,70,10,0,63,187.33,0,-2,46,-1002,-1,0,0,0,,,,,,,,,
593,1783702024806,54371,54371,0,-2,-2,0,0,0,67,70,10,0,63,187.27,0,-3,46,-996,-1,0,0,0,,,,,,,,,
594,1783702024908,54473,54473,0,-2,-2,0,0,0,67,70,10,0,63,187.42,0,-3,46,-996,-1,0,0,0,,,,,,,,,
595,1783702025010,54575,54575,0,-2,-2,0,0,0,67,70,10,0,63,187.45,0,-3,48,-996,-1,0,0,0,,,,,,,,,
596,1783702025112,54677,54677,0,-2,-2,0,0,0,67,70,10,0,63,187.38,0,-2,46,-999,-1,0,0,0,,,,,,,,,
597,1783702025214,54779,54779,0,-2,-2,0,0,0,67,70,10,0,63,187.44,0,-2,45,-1000,-1,0,0,0,,,,,,,,,
598,1783702025316,54881,54881,0,-2,-2,0,0,0,67,70,10,0,63,187.23,0,-4,47,-997,-1,0,0,0,,,,,,,,,
599,1783702025418,54983,54983,0,-2,-2,0,0,0,67,70,10,0,63,187.33,0,-1,46,-998,-1,0,0,0,,,,,,,,,
600,1783702025520,55085,55085,0,-2,-2,0,0,0,67,70,10,0,63,187.41,0,-3,47,-999,-1,0,0,0,,,,,,,,,
601,1783702025622,55187,55187,0,-2,-2,0,0,0,67,70,10,0,63,187.39,0,-2,47,-1000,-1,0,0,0,,,,,,,,,
602,1783702025724,55289,55289,0,-2,-2,0,0,0,67,70,10,0,63,187.39,0,-2,47,-1000,-1,0,0,0,,,,,,,,,
603,1783702025827,55392,55392,0,-2,-2,0,0,0,67,70,10,0,63,187.11,0,-4,46,-998,-1,0,0,0,,,,,,,,,
604,1783702025928,55493,55493,0,-2,-2,0,0,0,67,70,10,0,63,187.41,0,-2,47,-999,-1,0,0,0,,,,,,,,,
605,1783702025979,55544,55544,0,-2,-2,0,0,0,67,70,10,0,63,187,0,-2,45,-998,-1,0,0,0,,,,,,,,,
606,1783702026081,55646,55646,0,-2,-2,0,0,0,67,70,10,0,63,187.58,0,-1,44,-998,-1,0,0,0,,,,,,,,,
607,1783702026185,55750,55750,0,-2,-2,0,0,0,67,70,10,0,63,187.33,0,-5,48,-994,-1,0,0,0,,,,,,,,,
608,1783702026285,55850,55850,0,-2,-2,0,0,0,67,70,10,0,63,187.23,0,-3,45,-998,-1,0,0,0,,,,,,,,,
609,1783702026387,55952,55952,0,-2,-2,0,0,0,67,70,10,0,63,187.37,0,-2,45,-999,-1,0,0,0,,,,,,,,,
610,1783702026489,56054,56054,0,-2,-2,0,0,0,67,70,10,0,63,187.31,0,-2,45,-1003,-1,0,0,0,,,,,,,,,
611,1783702026591,56156,56156,0,-2,-2,0,0,0,67,70,10,0,63,187.41,0,-2,46,-998,-1,0,0,0,,,,,,,,,
612,1783702026693,56258,56258,0,-2,-2,0,0,0,67,70,10,0,63,187.49,0,-2,45,-998,-1,0,0,0,,,,,,,,,
613,1783702026796,56361,56360,0,-2,-2,0,0,0,67,70,10,0,63,187.41,0,-4,47,-998,-1,0,0,0,,,,,,,,,
614,1783702026899,56464,56463,0,-2,-2,0,0,0,67,70,10,0,63,187.22,0,-2,48,-1000,-1,0,0,0,,,,,,,,,
615,1783702026999,56564,56564,0,-2,-2,0,0,0,67,70,10,0,63,187.36,0,-2,45,-1001,-1,0,0,0,,,,,,,,,
616,1783702027103,56668,56668,0,-2,-2,0,0,0,67,70,10,0,63,187.11,0,-2,47,-1000,-1,0,0,0,,,,,,,,,
617,1783702027203,56768,56768,0,-2,-2,0,0,0,67,70,10,0,63,187.47,0,-3,46,-995,-1,0,0,0,,,,,,,,,
618,1783702027305,56870,56870,0,-2,-2,0,0,0,67,70,10,0,63,187.44,0,-3,48,-999,-1,0,0,0,,,,,,,,,
619,1783702027407,56972,56972,0,-2,-2,0,0,0,67,70,10,0,63,187.59,0,-2,47,-1002,-1,0,0,0,,,,,,,,,
620,1783702027509,57074,57074,0,-2,-2,0,0,0,67,70,10,0,63,187.55,0,0,47,-999,-1,0,0,0,,,,,,,,,
621,1783702027619,57184,57184,0,-2,-2,0,0,0,67,69,10,0,63,187.17,0,-4,45,-995,-1,0,0,0,,,,,,,,,
622,1783702027717,57282,57282,0,-2,-2,0,0,0,67,69,10,0,63,187.15,0,-2,46,-999,-1,0,0,0,,,,,,,,,
623,1783702027819,57384,57384,0,-2,-2,0,0,0,67,69,10,0,63,187.34,0,-2,45,-999,-1,0,0,0,,,,,,,,,
624,1783702027921,57486,57486,0,-2,-2,0,0,0,67,69,10,0,63,187.47,0,-3,46,-997,-1,0,0,0,,,,,,,,,
625,1783702028023,57588,57588,0,-2,-2,0,0,0,67,69,10,0,63,187.49,0,-4,46,-999,-1,0,0,0,,,,,,,,,
626,1783702028125,57690,57690,0,-2,-2,0,0,0,67,69,10,0,63,187.21,0,-4,47,-998,-1,0,0,0,,,,,,,,,
627,1783702028227,57792,57792,0,-2,-2,0,0,0,67,69,10,0,63,187.43,0,-3,44,-996,-1,0,0,0,,,,,,,,,
628,1783702028330,57895,57895,0,-2,-2,0,0,0,67,69,10,0,63,187.53,0,-3,45,-998,-1,0,0,0,,,,,,,,,
629,1783702028433,57998,57997,0,-2,-2,0,0,0,67,69,10,0,63,187.63,0,-2,46,-997,-1,0,0,0,,,,,,,,,
630,1783702028534,58099,58099,0,-2,-2,0,0,0,67,69,10,0,63,187.45,0,-3,46,-997,-1,0,0,0,,,,,,,,,
631,1783702028636,58201,58201,0,-2,-2,0,0,0,68,70,10,0,63,187.32,0,-3,47,-999,-1,0,0,0,,,,,,,,,
632,1783702028738,58303,58303,0,-2,-2,0,0,0,68,70,10,0,63,187.6,0,-3,46,-998,-1,0,0,0,,,,,,,,,
633,1783702028789,58354,58354,0,-2,-2,0,0,0,68,70,10,0,63,187.43,0,0,47,-1001,-1,0,0,0,,,,,,,,,
634,1783702028891,58456,58456,0,-2,-2,0,0,0,68,70,10,0,63,187.31,0,-1,46,-996,-1,0,0,0,,,,,,,,,
635,1783702028993,58558,58558,0,-2,-2,0,0,0,68,70,10,0,63,187.6,0,-3,47,-999,-1,0,0,0,,,,,,,,,
636,1783702029095,58660,58660,0,-2,-2,0,0,0,68,70,10,0,63,187.29,0,-4,46,-996,-1,0,0,0,,,,,,,,,
637,1783702029200,58765,58765,0,-2,-2,0,0,0,68,70,10,0,63,187.3,0,-3,46,-1000,-1,0,0,0,,,,,,,,,
638,1783702029300,58865,58865,0,-2,-2,0,0,0,68,70,10,0,63,186.92,0,-2,45,-999,-1,0,0,0,,,,,,,,,
639,1783702029402,58967,58967,0,-2,-2,0,0,0,68,70,10,0,63,187.35,0,-1,46,-996,-1,0,0,0,,,,,,,,,
640,1783702029504,59069,59069,0,-2,-2,0,0,0,68,70,10,0,63,187.53,0,-4,46,-999,-1,0,0,0,,,,,,,,,
641,1783702029606,59171,59171,0,-2,-2,0,0,0,68,70,10,0,63,187.03,0,-2,46,-998,-1,0,0,0,,,,,,,,,
642,1783702029708,59273,59273,0,-2,-2,0,0,0,68,70,10,0,63,187.39,0,-3,46,-998,-1,0,0,0,,,,,,,,,
643,1783702029810,59375,59375,0,-2,-2,0,0,0,68,70,10,0,63,187.27,0,-4,46,-999,-1,0,0,0,,,,,,,,,
644,1783702029914,59479,59479,0,-2,-2,0,0,0,68,70,10,0,63,187.68,0,-2,44,-998,-1,0,0,0,,,,,,,,,
645,1783702030014,59579,59579,0,-2,-2,0,0,0,68,70,10,0,63,187.22,0,0,46,-997,-1,0,0,0,,,,,,,,,
646,1783702030116,59681,59681,0,-2,-2,0,0,0,68,70,10,0,63,187.39,0,-4,48,-997,-1,0,0,0,,,,,,,,,
647,1783702030218,59783,59783,0,-2,-2,0,0,0,68,70,10,0,63,187.44,0,-6,46,-1000,-1,0,0,0,,,,,,,,,
648,1783702030320,59885,59885,0,-2,-2,0,0,0,68,70,10,0,63,187.42,0,-2,46,-1000,-1,0,0,0,,,,,,,,,
649,1783702030422,59987,59987,0,-2,-2,0,0,0,68,70,10,0,63,187.46,0,-2,47,-997,-1,0,0,0,,,,,,,,,
650,1783702030524,60089,60089,0,-2,-2,0,0,0,68,70,10,0,63,187.3,0,-3,47,-1000,-1,0,0,0,,,,,,,,,
651,1783702030631,60196,60195,0,-2,-2,0,0,0,68,69,10,0,63,187.23,0,-4,46,-998,-1,0,0,0,,,,,,,,,
652,1783702030734,60299,60299,0,-2,-2,0,0,0,68,69,10,0,63,187.4,0,-3,46,-999,-1,0,0,0,,,,,,,,,
653,1783702030831,60396,60396,0,-2,-2,0,0,0,68,69,10,0,63,187.33,0,-4,46,-1001,-1,0,0,0,,,,,,,,,
654,1783702030934,60499,60498,0,-2,-2,0,0,0,68,69,10,0,63,187.3,0,-5,46,-998,-1,0,0,0,,,,,,,,,
655,1783702031042,60607,60607,0,-2,-2,0,0,0,68,69,10,0,63,187.66,0,-3,46,-996,-1,0,0,0,,,,,,,,,
656,1783702031140,60705,60704,0,-2,-2,0,0,0,68,69,10,0,63,187.54,0,-3,46,-996,-1,0,0,0,,,,,,,,,
657,1783702031240,60805,60804,0,-2,-2,0,0,0,68,69,10,0,63,187.26,0,0,46,-1002,-1,0,0,0,,,,,,,,,
658,1783702031341,60906,60906,0,-2,-2,0,0,0,68,69,10,0,63,187.3,0,-4,45,-999,-1,0,0,0,,,,,,,,,
659,1783702031443,61008,61007,0,-2,-2,0,0,0,68,69,10,0,63,187.44,0,-5,47,-996,-1,0,0,0,,,,,,,,,
660,1783702031546,61111,61110,0,-2,-2,0,0,0,68,69,10,0,63,187.54,0,-2,47,-997,-1,0,0,0,,,,,,,,,
661,1783702031651,61216,61216,0,-2,-2,0,0,0,67,70,10,0,63,187.45,0,-4,47,-998,-1,0,0,0,,,,,,,,,
662,1783702031749,61314,61314,0,-2,-2,0,0,0,67,70,10,0,63,187.25,0,-4,48,-998,-1,0,0,0,,,,,,,,,
663,1783702031851,61416,61416,0,-2,-2,0,0,0,67,70,10,0,63,187.41,0,-3,46,-998,-1,0,0,0,,,,,,,,,
664,1783702031921,61486,61486,0,-2,-2,0,0,0,67,70,10,0,63,187.39,0,-2,46,-999,-1,0,0,0,,,,,,,,,
665,1783702032018,61583,61583,0,-2,-2,0,0,0,67,70,10,0,63,187.16,0,-1,46,-1000,-1,0,0,0,,,,,,,,,
666,1783702032119,61684,61684,0,-2,-2,0,0,0,67,70,10,0,63,187.5,0,-3,44,-998,-1,0,0,0,,,,,,,,,
667,1783702032224,61789,61789,0,-2,-2,0,0,0,67,70,10,0,63,187.59,0,-3,44,-998,-1,0,0,0,,,,,,,,,
668,1783702032323,61888,61887,0,-2,-2,0,0,0,67,70,10,0,63,187.28,0,-4,45,-999,-1,0,0,0,,,,,,,,,
669,1783702032426,61991,61991,0,-2,-2,0,0,0,67,70,10,0,63,187.67,0,-3,47,-1000,-1,0,0,0,,,,,,,,,
670,1783702032536,62101,62100,0,-2,-2,0,0,0,67,70,10,0,63,187.43,0,-2,45,-997,-1,0,0,0,,,,,,,,,
671,1783702032633,62198,62197,0,-2,-2,0,0,0,67,69,10,0,63,187.22,0,-2,45,-1000,-1,0,0,0,,,,,,,,,
672,1783702032732,62297,62297,0,-2,-2,0,0,0,67,69,10,0,63,187.28,0,-3,45,-999,-1,0,0,0,,,,,,,,,
673,1783702032837,62402,62401,0,-2,-2,0,0,0,67,69,10,0,63,187.46,0,-4,48,-1000,-1,0,0,0,,,,,,,,,
674,1783702032938,62503,62503,0,-2,-2,0,0,0,67,69,10,0,63,187.61,0,-3,47,-995,-1,0,0,0,,,,,,,,,
675,1783702033039,62604,62603,0,-2,-2,0,0,0,67,69,10,0,63,187,0,-3,46,-998,-1,0,0,0,,,,,,,,,
676,1783702033141,62706,62705,0,-2,-2,0,0,0,67,69,10,0,63,187.43,0,0,46,-999,-1,0,0,0,,,,,,,,,
677,1783702033248,62813,62813,0,-2,-2,0,0,0,67,69,10,0,63,187.45,0,-3,47,-998,-1,0,0,0,,,,,,,,,
678,1783702033350,62915,62915,0,-2,-2,0,0,0,67,69,10,0,63,187.47,0,-5,47,-999,-1,0,0,0,,,,,,,,,
679,1783702033447,63012,63011,0,-2,-2,0,0,0,67,69,10,0,63,187.49,0,-4,45,-1000,-1,0,0,0,,,,,,,,,
680,1783702033552,63117,63117,0,-2,-2,0,0,0,67,69,10,0,63,187.29,0,-2,46,-1001,-1,0,0,0,,,,,,,,,
681,1783702033651,63216,63215,0,-2,-2,0,0,0,67,70,10,0,63,187.29,0,-1,46,-1000,-1,0,0,0,,,,,,,,,
682,1783702033753,63318,63318,0,-2,-2,0,0,0,67,70,10,0,63,187.42,0,-3,47,-998,-1,0,0,0,,,,,,,,,
683,1783702033855,63420,63419,0,-2,-2,0,0,0,67,70,10,0,63,187.13,0,-3,45,-997,-1,0,0,0,,,,,,,,,
684,1783702033957,63522,63521,0,-2,-2,0,0,0,67,70,10,0,63,187.36,0,-5,46,-997,-1,0,0,0,,,,,,,,,
685,1783702034063,63628,63628,0,-2,-2,0,0,0,67,70,10,0,63,187.53,0,-2,47,-1000,-1,0,0,0,,,,,,,,,
686,1783702034110,63675,63674,0,-2,-2,0,0,0,67,70,10,0,63,187.44,0,-1,45,-1001,-1,0,0,0,,,,,,,,,
687,1783702034212,63777,63776,0,-2,-2,0,0,0,67,70,10,0,63,187.27,0,-1,46,-995,-1,0,0,0,,,,,,,,,
688,1783702034314,63879,63878,0,-2,-2,0,0,0,67,70,10,0,63,187.6,0,-3,47,-998,-1,0,0,0,,,,,,,,,
689,1783702034416,63981,63980,0,-2,-2,0,0,0,67,70,10,0,63,187.68,0,-3,47,-998,-1,0,0,0,,,,,,,,,
690,1783702034518,64083,64082,0,-2,-2,0,0,0,67,70,10,0,63,187.26,0,-2,47,-998,-1,0,0,0,,,,,,,,,
691,1783702034620,64185,64184,0,-2,-2,0,0,0,67,70,10,0,63,187.62,0,-2,45,-1001,-1,0,0,0,,,,,,,,,
692,1783702034722,64287,64286,0,-2,-2,0,0,0,67,70,10,0,63,187.28,0,-2,44,-997,-1,0,0,0,,,,,,,,,
693,1783702034826,64391,64391,0,-2,-2,0,0,0,67,70,10,0,63,187.54,0,-4,46,-998,-1,0,0,0,,,,,,,,,
694,1783702034929,64494,64494,0,-2,-2,0,0,0,67,70,10,0,63,187.21,0,-2,46,-998,-1,0,0,0,,,,,,,,,
695,1783702035031,64596,64596,0,-2,-2,0,0,0,67,70,10,0,63,187.31,0,-4,45,-1001,-1,0,0,0,,,,,,,,,
696,1783702035132,64697,64696,0,-2,-2,0,0,0,67,70,10,0,63,187.48,0,-2,46,-1000,-1,0,0,0,,,,,,,,,
697,1783702035234,64799,64798,0,-2,-2,0,0,0,67,70,10,0,63,187.5,0,-3,48,-997,-1,0,0,0,,,,,,,,,
698,1783702035336,64901,64900,0,-2,-2,0,0,0,67,70,10,0,63,187.16,0,-4,46,-995,-1,0,0,0,,,,,,,,,
699,1783702035438,65003,65002,0,-2,-2,0,0,0,67,70,10,0,63,187.33,0,-2,47,-998,-1,0,0,0,,,,,,,,,
700,1783702035540,65105,65104,0,-2,-2,0,0,0,67,70,10,0,63,186.92,0,-2,46,-1000,-1,0,0,0,,,,,,,,,
701,1783702035642,65207,65206,0,-2,-2,0,0,0,67,70,10,0,63,187.44,0,-3,45,-1000,-1,0,0,0,,,,,,,,,
702,1783702035744,65309,65308,0,-2,-2,0,0,0,67,70,10,0,63,187.29,0,-3,46,-997,-1,0,0,0,,,,,,,,,
703,1783702035846,65411,65410,0,-2,-2,0,0,0,67,70,10,0,63,187.61,0,-2,46,-995,-1,0,0,0,,,,,,,,,
704,1783702035948,65513,65512,0,-2,-2,0,0,0,67,70,10,0,63,187.55,0,-2,46,-998,-1,0,0,0,,,,,,,,,
705,1783702036050,65615,65614,0,-2,-2,0,0,0,67,70,10,0,63,187.61,0,-3,47,-1000,-1,0,0,0,,,,,,,,,
706,1783702036152,65717,65717,0,-2,-2,0,0,0,67,70,10,0,63,187.46,0,-4,47,-1000,-1,0,0,0,,,,,,,,,
707,1783702036254,65819,65818,0,-2,-2,0,0,0,67,70,10,0,63,187.5,0,-2,46,-1000,-1,0,0,0,,,,,,,,,
708,1783702036356,65921,65920,0,-2,-2,0,0,0,67,70,10,0,63,187.46,0,-3,47,-996,-1,0,0,0,,,,,,,,,
709,1783702036458,66023,66022,0,-2,-2,0,0,0,67,70,10,0,63,187.45,0,-1,47,-997,-1,0,0,0,,,,,,,,,
710,1783702036562,66127,66127,0,-2,-2,0,0,0,67,70,10,0,63,187.1,0,-2,46,-996,-1,0,0,0,,,,,,,,,
711,1783702036665,66230,66230,0,-2,-2,0,0,0,67,70,10,0,63,187.62,0,-4,45,-1000,-1,0,0,0,,,,,,,,,
712,1783702036766,66331,66331,0,-2,-2,0,0,0,67,70,10,0,63,187.35,0,-4,46,-999,-1,0,0,0,,,,,,,,,
713,1783702036867,66432,66432,0,-2,-2,0,0,0,67,70,10,0,63,187.47,0,-3,46,-1001,-1,0,0,0,,,,,,,,,
714,1783702036969,66534,66533,0,-2,-2,0,0,0,67,70,10,0,63,187.51,0,0,47,-999,-1,0,0,0,,,,,,,,,
715,1783702037071,66636,66636,0,-2,-2,0,0,0,67,70,10,0,63,187.44,0,-1,46,-1001,-1,0,0,0,,,,,,,,,
716,1783702037173,66738,66738,0,-2,-2,0,0,0,67,70,10,0,63,187.66,0,-5,47,-997,-1,0,0,0,,,,,,,,,
717,1783702037224,66789,66788,0,-2,-2,0,0,0,67,70,10,0,63,187.49,0,-5,46,-999,-1,0,0,0,,,,,,,,,
718,1783702037326,66891,66890,0,-2,-2,0,0,0,67,70,10,0,63,187.51,0,-3,47,-998,-1,0,0,0,,,,,,,,,
719,1783702037431,66996,66996,0,-2,-2,0,0,0,67,70,10,0,63,187.36,0,-6,46,-1002,-1,0,0,0,,,,,,,,,
720,1783702037550,67115,67114,0,-2,-2,0,0,0,67,70,10,0,63,187.35,0,-2,47,-998,-1,0,0,0,,,,,,,,,
721,1783702037640,67205,67205,0,-2,-2,0,0,0,68,70,10,0,63,187.28,0,-5,46,-1001,-1,0,0,0,,,,,,,,,
722,1783702037735,67300,67299,0,-2,-2,0,0,0,68,70,10,0,63,187.3,0,-3,45,-996,-1,0,0,0,,,,,,,,,
723,1783702037853,67418,67418,0,-2,-2,0,0,0,68,70,10,0,63,187.47,0,-2,46,-999,-1,0,0,0,,,,,,,,,
724,1783702037948,67513,67513,0,-2,-2,0,0,0,68,70,10,0,63,187.58,0,-1,47,-998,-1,0,0,0,,,,,,,,,
725,1783702038041,67606,67606,0,-2,-2,0,0,0,68,70,10,0,63,187.39,0,-3,45,-997,-1,0,0,0,,,,,,,,,
726,1783702038144,67709,67709,0,-2,-2,0,0,0,68,70,10,0,63,187.36,0,-2,45,-994,-1,0,0,0,,,,,,,,,
727,1783702038246,67811,67811,0,-2,-2,0,0,0,68,70,10,0,63,187.37,0,-3,47,-995,-1,0,0,0,,,,,,,,,
728,1783702038348,67913,67913,0,-2,-2,0,0,0,68,70,10,0,63,187.32,0,-5,47,-997,-1,0,0,0,,,,,,,,,
729,1783702038453,68018,68018,0,-2,-2,0,0,0,68,70,10,0,63,187.26,0,-2,46,-998,-1,0,0,0,,,,,,,,,
730,1783702038556,68121,68121,0,-2,-2,0,0,0,68,70,10,0,63,187.42,0,-3,46,-1000,-1,0,0,0,,,,,,,,,
731,1783702038655,68220,68220,0,-2,-2,0,0,0,68,71,10,0,63,187.21,0,-3,47,-998,-1,0,0,0,,,,,,,,,
732,1783702038760,68325,68325,0,-2,-2,0,0,0,68,71,10,0,63,187.66,0,-3,45,-996,-1,0,0,0,,,,,,,,,
733,1783702038862,68427,68426,0,-2,-2,0,0,0,68,71,10,0,63,187.41,0,-2,46,-998,-1,0,0,0,,,,,,,,,
734,1783702038964,68529,68529,0,-2,-2,0,0,0,68,71,10,0,63,187.37,0,-3,49,-1001,-1,0,0,0,,,,,,,,,
735,1783702039062,68627,68627,0,-2,-2,0,0,0,68,71,10,0,63,187.11,0,-3,47,-1001,-1,0,0,0,,,,,,,,,
736,1783702039175,68740,68740,0,-2,-2,0,0,0,68,71,10,0,63,187.76,0,-2,45,-999,-1,0,0,0,,,,,,,,,
737,1783702039272,68837,68837,0,-2,-2,0,0,0,68,71,10,0,63,187.46,0,-2,48,-998,-1,0,0,0,,,,,,,,,
738,1783702039369,68934,68934,0,-2,-2,0,0,0,68,71,10,0,63,187.35,0,-3,47,-997,-1,0,0,0,,,,,,,,,
739,1783702039475,69040,69040,0,-2,-2,0,0,0,68,71,10,0,63,187.02,0,-5,47,-999,-1,0,0,0,,,,,,,,,
740,1783702039573,69138,69138,0,-2,-2,0,0,0,68,71,10,0,63,187.43,0,-3,45,-1003,-1,0,0,0,,,,,,,,,
741,1783702039675,69240,69240,0,-2,-2,0,0,0,67,69,10,0,63,187.24,0,-4,46,-996,-1,0,0,0,,,,,,,,,
742,1783702039777,69342,69342,0,-2,-2,0,0,0,67,69,10,0,63,187.36,0,-2,46,-997,-1,0,0,0,,,,,,,,,
743,1783702039879,69444,69444,0,-2,-2,0,0,0,67,69,10,0,63,187.36,0,-3,46,-998,-1,0,0,0,,,,,,,,,
744,1783702039981,69546,69546,0,-2,-2,0,0,0,67,69,10,0,63,187.16,0,-2,46,-999,-1,0,0,0,,,,,,,,,
745,1783702040083,69648,69648,0,-2,-2,0,0,0,67,69,10,0,63,187.23,0,-4,48,-1000,-1,0,0,0,,,,,,,,,
746,1783702040185,69750,69750,0,-2,-2,0,0,0,67,69,10,0,63,187.08,0,-3,45,-1000,-1,0,0,0,,,,,,,,,
747,1783702040288,69853,69852,0,-2,-2,0,0,0,67,69,10,0,63,187.33,0,-2,44,-996,-1,0,0,0,,,,,,,,,
748,1783702040338,69903,69903,0,-2,-2,0,0,0,67,69,10,0,63,187.42,0,-3,46,-999,-1,0,0,0,,,,,,,,,
749,1783702040440,70005,70005,0,-2,-2,0,0,0,67,69,10,0,63,187.17,0,-1,46,-998,-1,0,0,0,,,,,,,,,
750,1783702040542,70107,70107,0,-2,-2,0,0,0,67,69,10,0,63,187.39,0,-2,46,-998,-1,0,0,0,,,,,,,,,
751,1783702040649,70214,70214,0,-2,-2,0,0,0,68,70,10,0,63,187.22,0,-2,45,-996,-1,0,0,0,,,,,,,,,
752,1783702040746,70311,70311,0,-2,-2,0,0,0,68,70,10,0,63,187.49,0,-2,46,-997,-1,0,0,0,,,,,,,,,
753,1783702040850,70415,70414,0,-2,-2,0,0,0,68,70,10,0,63,187.09,0,-3,45,-997,-1,0,0,0,,,,,,,,,
754,1783702040950,70515,70515,0,-2,-2,0,0,0,68,70,10,0,63,187.48,0,-1,46,-1001,-1,0,0,0,,,,,,,,,
755,1783702041083,70648,70648,0,-2,-2,0,0,0,68,70,10,0,63,187.38,0,-3,44,-997,-1,0,0,0,,,,,,,,,
756,1783702041181,70746,70745,0,-2,-2,0,0,0,68,70,10,0,63,187.22,0,-2,46,-1001,-1,0,0,0,,,,,,,,,
757,1783702041282,70847,70847,0,-2,-2,0,0,0,68,70,10,0,63,187.34,0,-5,48,-997,-1,0,0,0,,,,,,,,,
758,1783702041384,70949,70949,0,-2,-2,0,0,0,68,70,10,0,63,187.3,0,-2,45,-999,-1,0,0,0,,,,,,,,,
759,1783702041486,71051,71051,0,-2,-2,0,0,0,68,70,10,0,63,187.35,0,-1,45,-1000,-1,0,0,0,,,,,,,,,
760,1783702041588,71153,71153,0,-2,-2,0,0,0,68,70,10,0,63,187.3,0,-2,45,-1000,-1,0,0,0,,,,,,,,,
761,1783702041690,71255,71255,0,-2,-2,0,0,0,67,70,10,0,63,187.52,0,-3,47,-995,-1,0,0,0,,,,,,,,,
762,1783702041792,71357,71357,0,-2,-2,0,0,0,67,70,10,0,63,187.51,0,-4,48,-998,-1,0,0,0,,,,,,,,,
763,1783702041894,71459,71459,0,-2,-2,0,0,0,67,70,10,0,63,187.52,0,-3,47,-999,-1,0,0,0,,,,,,,,,
764,1783702041998,71563,71563,0,-2,-2,0,0,0,67,70,10,0,63,187.47,0,-3,47,-1000,-1,0,0,0,,,,,,,,,
765,1783702042048,71613,71613,0,-2,-2,0,0,0,67,70,10,0,63,187.31,0,-2,46,-997,-1,0,0,0,,,,,,,,,
766,1783702042150,71715,71715,0,-2,-2,0,0,0,67,70,10,0,63,187.11,0,-2,46,-998,-1,0,0,0,,,,,,,,,
767,1783702042255,71820,71819,0,-2,-2,0,0,0,67,70,10,0,63,187.53,0,-3,47,-997,-1,0,0,0,,,,,,,,,
768,1783702042354,71919,71919,0,-2,-2,0,0,0,67,70,10,0,63,187.3,0,-2,46,-999,-1,0,0,0,,,,,,,,,
769,1783702042456,72021,72021,0,-2,-2,0,0,0,67,70,10,0,63,187.41,0,-4,47,-1000,-1,0,0,0,,,,,,,,,
770,1783702042559,72124,72124,0,-2,-2,0,0,0,67,70,10,0,63,187.44,0,-2,46,-999,-1,0,0,0,,,,,,,,,
771,1783702042662,72227,72227,0,-2,-2,0,0,0,68,70,10,0,63,187.51,0,-3,45,-1001,-1,0,0,0,,,,,,,,,
772,1783702042764,72329,72329,0,-2,-2,0,0,0,68,70,10,0,63,187.25,0,-4,47,-998,-1,0,0,0,,,,,,,,,
773,1783702042865,72430,72429,0,-2,-2,0,0,0,68,70,10,0,63,187.12,0,-2,47,-997,-1,0,0,0,,,,,,,,,
774,1783702042966,72531,72531,0,-2,-2,0,0,0,68,70,10,0,63,187.18,0,-1,46,-999,-1,0,0,0,,,,,,,,,
775,1783702043070,72635,72635,0,-2,-2,0,0,0,68,70,10,0,63,187.66,0,-2,46,-1000,-1,0,0,0,,,,,,,,,
776,1783702043171,72736,72736,0,-2,-2,0,0,0,68,70,10,0,63,187.55,0,-1,46,-1000,-1,0,0,0,,,,,,,,,
777,1783702043273,72838,72838,0,-2,-2,0,0,0,68,70,10,0,63,187.28,0,-3,46,-998,-1,0,0,0,,,,,,,,,
778,1783702043375,72940,72940,0,-2,-2,0,0,0,68,70,10,0,63,187.28,0,-4,46,-998,-1,0,0,0,,,,,,,,,
779,1783702043477,73042,73042,0,-2,-2,0,0,0,68,70,10,0,63,187.09,0,-2,46,-1000,-1,0,0,0,,,,,,,,,
780,1783702043579,73144,73144,0,-2,-2,0,0,0,68,70,10,0,63,187.19,0,0,47,-1003,-1,0,0,0,,,,,,,,,
781,1783702043682,73247,73247,0,-2,-2,0,0,0,67,70,10,0,63,187.58,0,-4,44,-1002,-1,0,0,0,,,,,,,,,
782,1783702043784,73349,73349,0,-2,-2,0,0,0,67,70,10,0,63,187.42,0,-3,46,-999,-1,0,0,0,,,,,,,,,
783,1783702043886,73451,73451,0,-2,-2,0,0,0,67,70,10,0,63,187.48,0,-3,47,-999,-1,0,0,0,,,,,,,,,
784,1783702043988,73553,73553,0,-2,-2,0,0,0,67,70,10,0,63,187.39,0,-2,47,-997,-1,0,0,0,,,,,,,,,
785,1783702044090,73655,73655,0,-2,-2,0,0,0,67,70,10,0,63,187.31,0,-3,45,-998,-1,0,0,0,,,,,,,,,
786,1783702044192,73757,73757,0,-2,-2,0,0,0,67,70,10,0,63,187.23,0,-5,47,-996,-1,0,0,0,,,,,,,,,
787,1783702044295,73860,73860,0,-2,-2,0,0,0,67,70,10,0,63,187.56,0,-5,46,-998,-1,0,0,0,,,,,,,,,
788,1783702044397,73962,73962,0,-2,-2,0,0,0,67,70,10,0,63,187.29,0,-3,46,-1000,-1,0,0,0,,,,,,,,,
789,1783702044502,74067,74067,0,-2,-2,0,0,0,67,70,10,0,63,186.97,0,-1,45,-1000,-1,0,0,0,,,,,,,,,
790,1783702044603,74168,74168,0,-2,-2,0,0,0,67,70,10,0,63,187.37,0,-3,46,-995,-1,0,0,0,,,,,,,,,
791,1783702044703,74268,74268,0,-2,-2,0,0,0,67,71,10,0,63,187.4,0,-1,46,-996,-1,0,0,0,,,,,,,,,
792,1783702044813,74378,74377,0,-2,-2,0,0,0,67,71,10,0,63,187.24,0,-4,45,-998,-1,0,0,0,,,,,,,,,
793,1783702044907,74472,74472,0,-2,-2,0,0,0,67,71,10,0,63,187.46,0,-3,47,-1001,-1,0,0,0,,,,,,,,,
794,1783702045009,74574,74574,0,-2,-2,0,0,0,67,71,10,0,63,187.23,0,-2,46,-1002,-1,0,0,0,,,,,,,,,
795,1783702045110,74675,74675,0,-2,-2,0,0,0,67,71,10,0,63,187.55,0,-4,45,-999,-1,0,0,0,,,,,,,,,
796,1783702045215,74780,74779,0,-2,-2,0,0,0,67,71,10,0,63,187.36,0,-3,45,-997,-1,0,0,0,,,,,,,,,
797,1783702045269,74834,74834,0,-2,-2,0,0,0,67,71,10,0,63,187.39,0,-2,45,-997,-1,0,0,0,,,,,,,,,
798,1783702045368,74933,74933,0,-2,-2,0,0,0,67,71,10,0,63,187.3,0,-1,47,-1000,-1,0,0,0,,,,,,,,,
799,1783702045468,75033,75033,0,-2,-2,0,0,0,67,71,10,0,63,187.25,0,0,46,-1000,-1,0,0,0,,,,,,,,,
800,1783702045570,75135,75135,0,-2,-2,0,0,0,67,71,10,0,63,187.18,0,0,47,-999,-1,0,0,0,,,,,,,,,
801,1783702045672,75237,75237,0,-2,-2,0,0,0,67,70,10,0,63,187.79,0,-5,46,-997,-1,0,0,0,,,,,,,,,
802,1783702045775,75340,75340,0,-2,-2,0,0,0,67,70,10,0,63,187.31,0,-3,47,-996,-1,0,0,0,,,,,,,,,
803,1783702045877,75442,75442,0,-2,-2,0,0,0,67,70,10,0,63,187.24,0,-3,48,-999,-1,0,0,0,,,,,,,,,
804,1783702045979,75544,75544,0,-2,-2,0,0,0,67,70,10,0,63,187.25,0,-3,45,-999,-1,0,0,0,,,,,,,,,
805,1783702046081,75646,75646,0,-2,-2,0,0,0,67,70,10,0,63,187.29,0,-3,46,-999,-1,0,0,0,,,,,,,,,
806,1783702046183,75748,75748,0,-2,-2,0,0,0,67,70,10,0,63,187.13,0,-3,44,-997,-1,0,0,0,,,,,,,,,
807,1783702046285,75850,75850,0,-2,-2,0,0,0,67,70,10,0,63,187.32,0,-1,45,-998,-1,0,0,0,,,,,,,,,
808,1783702046387,75952,75952,0,-2,-2,0,0,0,67,70,10,0,63,187.39,0,-2,47,-1001,-1,0,0,0,,,,,,,,,
809,1783702046489,76054,76054,0,-2,-2,0,0,0,67,70,10,0,63,187.34,0,-2,48,-1000,-1,0,0,0,,,,,,,,,
810,1783702046591,76156,76156,0,-2,-2,0,0,0,67,70,10,0,63,187.46,0,-3,45,-1000,-1,0,0,0,,,,,,,,,
811,1783702046693,76258,76258,0,-2,-2,0,0,0,67,70,10,0,63,187.18,0,-2,44,-998,-1,0,0,0,,,,,,,,,
812,1783702046796,76361,76360,0,-2,-2,0,0,0,67,70,10,0,63,187.32,0,-1,44,-999,-1,0,0,0,,,,,,,,,
813,1783702046898,76463,76463,0,-2,-2,0,0,0,67,70,10,0,63,187.14,0,-3,45,-1000,-1,0,0,0,,,,,,,,,
814,1783702047000,76565,76564,0,-2,-2,0,0,0,67,70,10,0,63,187.33,0,-2,45,-999,-1,0,0,0,,,,,,,,,
815,1783702047101,76666,76666,0,-2,-2,0,0,0,67,70,10,0,63,187.31,0,-4,46,-998,-1,0,0,0,,,,,,,,,
816,1783702047203,76768,76768,0,-2,-2,0,0,0,67,70,10,0,63,187.5,0,0,45,-1001,-1,0,0,0,,,,,,,,,
817,1783702047305,76870,76870,0,-2,-2,0,0,0,67,70,10,0,63,187.02,0,-2,46,-1000,-1,0,0,0,,,,,,,,,
818,1783702047407,76972,76972,0,-2,-2,0,0,0,67,70,10,0,63,187.11,0,-2,45,-999,-1,0,0,0,,,,,,,,,
819,1783702047509,77074,77074,0,-2,-2,0,0,0,67,70,10,0,63,187.48,0,-3,45,-996,-1,0,0,0,,,,,,,,,
820,1783702047611,77176,77176,0,-2,-2,0,0,0,67,70,10,0,63,187.03,0,-1,46,-998,-1,0,0,0,,,,,,,,,
821,1783702047713,77278,77278,0,-2,-2,0,0,0,67,71,10,0,63,186.95,0,-4,45,-998,-1,0,0,0,,,,,,,,,
822,1783702047815,77380,77380,0,-2,-2,0,0,0,67,71,10,0,63,187.43,0,-3,48,-1001,-1,0,0,0,,,,,,,,,
823,1783702047917,77482,77482,0,-2,-2,0,0,0,67,71,10,0,63,187.14,0,0,46,-1000,-1,0,0,0,,,,,,,,,
824,1783702048019,77584,77584,0,-2,-2,0,0,0,67,71,10,0,63,187.05,0,-2,46,-997,-1,0,0,0,,,,,,,,,
825,1783702048121,77686,77686,0,-2,-2,0,0,0,67,71,10,0,63,186.9,0,-4,44,-995,-1,0,0,0,,,,,,,,,
826,1783702048223,77788,77788,0,-2,-2,0,0,0,67,71,10,0,63,186.85,0,-2,47,-998,-1,0,0,0,,,,,,,,,
827,1783702048325,77890,77890,0,-2,-2,0,0,0,67,71,10,0,63,187.31,0,-3,47,-998,-1,0,0,0,,,,,,,,,
828,1783702048429,77994,77994,0,-2,-2,0,0,0,67,71,10,0,63,187.44,0,-2,46,-999,-1,0,0,0,,,,,,,,,
829,1783702048478,78043,78043,0,-2,-2,0,0,0,67,71,10,0,63,187.24,0,-3,45,-998,-1,0,0,0,,,,,,,,,
830,1783702048580,78145,78145,0,-2,-2,0,0,0,67,71,10,0,63,187.08,0,-2,44,-996,-1,0,0,0,,,,,,,,,
831,1783702048732,78297,78297,0,-2,-2,0,0,0,68,69,10,0,63,187.19,0,-2,45,-999,-1,0,0,0,,,,,,,,,
832,1783702048784,78349,78349,0,-2,-2,0,0,0,68,69,10,0,63,187.27,0,-5,48,-1003,-1,0,0,0,,,,,,,,,
833,1783702048886,78451,78451,0,-2,-2,0,0,0,68,69,10,0,63,187.3,0,-4,47,-998,-1,0,0,0,,,,,,,,,
834,1783702048988,78553,78553,0,-2,-2,0,0,0,68,69,10,0,63,187.2,0,-3,44,-999,-1,0,0,0,,,,,,,,,
835,1783702049090,78655,78655,0,-2,-2,0,0,0,68,69,10,0,63,187.04,0,-4,45,-997,-1,0,0,0,,,,,,,,,
836,1783702049193,78758,78757,0,-2,-2,0,0,0,68,69,10,0,63,187.2,0,-4,45,-1000,-1,0,0,0,,,,,,,,,
837,1783702049296,78861,78860,0,-2,-2,0,0,0,68,69,10,0,63,187.3,0,-1,47,-1000,-1,0,0,0,,,,,,,,,
838,1783702049397,78962,78962,0,-2,-2,0,0,0,68,69,10,0,63,187.28,0,-2,46,-1000,-1,0,0,0,,,,,,,,,
839,1783702049499,79064,79064,0,-2,-2,0,0,0,68,69,10,0,63,187.15,0,-2,47,-996,-1,0,0,0,,,,,,,,,
840,1783702049601,79166,79166,0,-2,-2,0,0,0,68,69,10,0,63,187.31,0,-2,44,-998,-1,0,0,0,,,,,,,,,
841,1783702049703,79268,79268,0,-2,-2,0,0,0,67,70,10,0,63,187.34,0,-3,45,-997,-1,0,0,0,,,,,,,,,
842,1783702049805,79370,79370,0,-2,-2,0,0,0,67,70,10,0,63,187.14,0,-2,46,-998,-1,0,0,0,,,,,,,,,
843,1783702049907,79472,79472,0,-2,-2,0,0,0,67,70,10,0,63,187.4,0,-4,46,-1000,-1,0,0,0,,,,,,,,,
844,1783702050009,79574,79574,0,-2,-2,0,0,0,67,70,10,0,63,187.39,0,-2,46,-998,-1,0,0,0,,,,,,,,,
845,1783702050111,79676,79676,0,-2,-2,0,0,0,67,70,10,0,63,187.05,0,-4,45,-1003,-1,0,0,0,,,,,,,,,
846,1783702050213,79778,79778,0,-2,-2,0,0,0,67,70,10,0,63,187.13,0,-2,46,-999,-1,0,0,0,,,,,,,,,
847,1783702050315,79880,79880,0,-2,-2,0,0,0,67,70,10,0,63,187.25,0,-2,46,-1000,-1,0,0,0,,,,,,,,,
848,1783702050417,79982,79982,0,-2,-2,0,0,0,67,70,10,0,63,187.29,0,-3,46,-998,-1,0,0,0,,,,,,,,,
849,1783702050519,80084,80084,0,-2,-2,0,0,0,67,70,10,0,63,187.22,0,-5,44,-997,-1,0,0,0,,,,,,,,,
850,1783702050621,80186,80186,0,-2,-2,0,0,0,67,70,10,0,63,187.26,0,-3,46,-999,-1,0,0,0,,,,,,,,,
851,1783702050723,80288,80288,0,-2,-2,0,0,0,67,70,10,0,63,187.36,0,-2,46,-998,-1,0,0,0,,,,,,,,,
852,1783702050825,80390,80390,0,-2,-2,0,0,0,67,70,10,0,63,187.56,0,-1,46,-1000,-1,0,0,0,,,,,,,,,
853,1783702050929,80494,80493,0,-2,-2,0,0,0,67,70,10,0,63,187.23,0,-6,47,-997,-1,0,0,0,,,,,,,,,
854,1783702051030,80595,80595,0,-2,-2,0,0,0,67,70,10,0,63,187.26,0,-5,45,-997,-1,0,0,0,,,,,,,,,
855,1783702051131,80696,80696,0,-2,-2,0,0,0,67,70,10,0,63,187.54,0,-2,47,-998,-1,0,0,0,,,,,,,,,
856,1783702051233,80798,80798,0,-2,-2,0,0,0,67,70,10,0,63,187.37,0,0,48,-1002,-1,0,0,0,,,,,,,,,
857,1783702051335,80900,80900,0,-2,-2,0,0,0,67,70,10,0,63,187.13,0,-2,48,-1001,-1,0,0,0,,,,,,,,,
858,1783702051437,81002,81002,0,-2,-2,0,0,0,67,70,10,0,63,187.26,0,-3,45,-998,-1,0,0,0,,,,,,,,,
859,1783702051488,81053,81053,0,-2,-2,0,0,0,67,70,10,0,63,187.35,0,-4,48,-995,-1,0,0,0,,,,,,,,,
860,1783702051591,81156,81155,0,-2,-2,0,0,0,67,70,10,0,63,187.36,0,-2,47,-999,-1,0,0,0,,,,,,,,,
861,1783702051743,81308,81308,0,-2,-2,0,0,0,68,69,10,0,63,186.95,0,-2,47,-999,-1,0,0,0,,,,,,,,,
862,1783702051845,81410,81410,0,-2,-2,0,0,0,68,69,10,0,63,187.23,0,-2,45,-998,-1,0,0,0,,,,,,,,,
863,1783702051896,81461,81461,0,-2,-2,0,0,0,68,69,10,0,63,187.46,0,-3,46,-999,-1,0,0,0,,,,,,,,,
864,1783702051999,81564,81563,0,-2,-2,0,0,0,68,69,10,0,63,187.25,0,-3,45,-998,-1,0,0,0,,,,,,,,,
865,1783702052100,81665,81665,0,-2,-2,0,0,0,68,69,10,0,63,187.22,0,-5,46,-998,-1,0,0,0,,,,,,,,,
866,1783702052203,81768,81768,0,-2,-2,0,0,0,68,69,10,0,63,187.2,0,-2,47,-1001,-1,0,0,0,,,,,,,,,
867,1783702052305,81870,81870,0,-2,-2,0,0,0,68,69,10,0,63,187.32,0,-3,48,-998,-1,0,0,0,,,,,,,,,
868,1783702052407,81972,81972,0,-2,-2,0,0,0,68,69,10,0,63,187.55,0,-2,45,-999,-1,0,0,0,,,,,,,,,
869,1783702052509,82074,82074,0,-2,-2,0,0,0,68,69,10,0,63,187.26,0,-2,46,-997,-1,0,0,0,,,,,,,,,
870,1783702052611,82176,82176,0,-2,-2,0,0,0,68,69,10,0,63,187.29,0,-3,47,-998,-1,0,0,0,,,,,,,,,
871,1783702052713,82278,82278,0,-2,-2,0,0,0,67,70,10,0,63,187.39,0,-4,46,-993,-1,0,0,0,,,,,,,,,
872,1783702052815,82380,82380,0,-2,-2,0,0,0,67,70,10,0,63,187.31,0,-3,46,-997,-1,0,0,0,,,,,,,,,
873,1783702052917,82482,82482,0,-2,-2,0,0,0,67,70,10,0,63,187.22,0,-1,46,-999,-1,0,0,0,,,,,,,,,
874,1783702053019,82584,82584,0,-2,-2,0,0,0,67,70,10,0,63,187.59,0,-5,46,-1000,-1,0,0,0,,,,,,,,,
875,1783702053121,82686,82686,0,-2,-2,0,0,0,67,70,10,0,63,187.32,0,-4,46,-996,-1,0,0,0,,,,,,,,,
876,1783702053223,82788,82788,0,-2,-2,0,0,0,67,70,10,0,63,187.34,0,-4,47,-997,-1,0,0,0,,,,,,,,,
877,1783702053325,82890,82890,0,-2,-2,0,0,0,67,70,10,0,63,187.31,0,-2,47,-999,-1,0,0,0,,,,,,,,,
878,1783702053427,82992,82991,0,-2,-2,0,0,0,67,70,10,0,63,187.18,0,-2,45,-998,-1,0,0,0,,,,,,,,,
879,1783702053530,83095,83095,0,-2,-2,0,0,0,67,70,10,0,63,187.11,0,-3,47,-998,-1,0,0,0,,,,,,,,,
880,1783702053631,83196,83195,0,-2,-2,0,0,0,67,70,10,0,63,187.11,0,-2,45,-995,-1,0,0,0,,,,,,,,,
881,1783702053733,83298,83298,0,-2,-2,0,0,0,67,70,10,0,63,187.35,0,-2,45,-998,-1,0,0,0,,,,,,,,,
882,1783702053835,83400,83399,0,-2,-2,0,0,0,67,70,10,0,63,187.45,0,-2,45,-998,-1,0,0,0,,,,,,,,,
883,1783702053937,83502,83501,0,-2,-2,0,0,0,67,70,10,0,63,187.33,0,-2,46,-997,-1,0,0,0,,,,,,,,,
884,1783702054044,83609,83609,0,-2,-2,0,0,0,67,70,10,0,63,187.19,0,-2,48,-997,-1,0,0,0,,,,,,,,,
885,1783702054141,83706,83705,0,-2,-2,0,0,0,67,70,10,0,63,187.37,0,-3,46,-999,-1,0,0,0,,,,,,,,,
886,1783702054243,83808,83807,0,-2,-2,0,0,0,67,70,10,0,63,187.3,0,-3,48,-999,-1,0,0,0,,,,,,,,,
887,1783702054345,83910,83909,0,-2,-2,0,0,0,67,70,10,0,63,187.61,0,-2,47,-997,-1,0,0,0,,,,,,,,,
888,1783702054447,84012,84012,0,-2,-2,0,0,0,67,70,10,0,63,187.37,0,-2,46,-996,-1,0,0,0,,,,,,,,,
889,1783702054549,84114,84113,0,-2,-2,0,0,0,67,70,10,0,63,187.23,0,-2,47,-997,-1,0,0,0,,,,,,,,,
890,1783702054651,84216,84216,0,-2,-2,0,0,0,67,70,10,0,63,187.43,0,-3,47,-1000,-1,0,0,0,,,,,,,,,
891,1783702054753,84318,84317,0,-2,-2,0,0,0,67,71,10,0,63,187.27,0,-3,48,-997,-1,0,0,0,,,,,,,,,
892,1783702054855,84420,84419,0,-2,-2,0,0,0,67,71,10,0,63,187.34,0,-2,45,-998,-1,0,0,0,,,,,,,,,
893,1783702054957,84522,84522,0,-2,-2,0,0,0,67,71,10,0,63,187.4,0,-2,46,-997,-1,0,0,0,,,,,,,,,
894,1783702055008,84573,84572,0,-2,-2,0,0,0,67,71,10,0,63,187.11,0,-3,46,-998,-1,0,0,0,,,,,,,,,
895,1783702055110,84675,84674,0,-2,-2,0,0,0,67,71,10,0,63,187.63,0,-3,47,-999,-1,0,0,0,,,,,,,,,
896,1783702055212,84777,84777,0,-2,-2,0,0,0,67,71,10,0,63,187.44,0,-3,45,-998,-1,0,0,0,,,,,,,,,
897,1783702055314,84879,84878,0,-2,-2,0,0,0,67,71,10,0,63,187.12,0,-4,46,-998,-1,0,0,0,,,,,,,,,
898,1783702055416,84981,84980,0,-2,-2,0,0,0,67,71,10,0,63,186.98,0,-1,48,-998,-1,0,0,0,,,,,,,,,
899,1783702055518,85083,85082,0,-2,-2,0,0,0,67,71,10,0,63,187.2,0,-3,48,-1000,-1,0,0,0,,,,,,,,,
900,1783702055620,85185,85184,0,-2,-2,0,0,0,67,71,10,0,63,187.57,0,-1,46,-998,-1,0,0,0,,,,,,,,,
901,1783702055722,85287,85286,0,-2,-2,0,0,0,67,71,10,0,63,187.08,0,-3,44,-996,-1,0,0,0,,,,,,,,,
902,1783702055824,85389,85389,0,-2,-2,0,0,0,67,71,10,0,63,187.1,0,-5,45,-997,-1,0,0,0,,,,,,,,,
903,1783702055926,85491,85490,0,-2,-2,0,0,0,67,71,10,0,63,187.54,0,-2,46,-997,-1,0,0,0,,,,,,,,,
904,1783702056027,85592,85592,0,-2,-2,0,0,0,67,71,10,0,63,187.19,0,-2,46,-998,-1,0,0,0,,,,,,,,,
905,1783702056131,85696,85695,0,-2,-2,0,0,0,67,71,10,0,63,186.9,0,-1,46,-1000,-1,0,0,0,,,,,,,,,
906,1783702056232,85797,85797,0,-2,-2,0,0,0,67,71,10,0,63,187.27,0,-1,45,-996,-1,0,0,0,,,,,,,,,
907,1783702056334,85899,85898,0,-2,-2,0,0,0,67,71,10,0,63,187.34,0,-5,43,-1000,-1,0,0,0,,,,,,,,,
908,1783702056436,86001,86000,0,-2,-2,0,0,0,67,71,10,0,63,187.14,0,0,47,-1002,-1,0,0,0,,,,,,,,,
909,1783702056538,86103,86102,0,-2,-2,0,0,0,67,71,10,0,63,187.1,0,0,45,-998,-1,0,0,0,,,,,,,,,
910,1783702056640,86205,86204,0,-2,-2,0,0,0,67,71,10,0,63,187.07,0,-2,44,-997,-1,0,0,0,,,,,,,,,
911,1783702056743,86308,86307,0,-2,-2,0,0,0,67,70,10,0,63,187.17,0,-4,48,-995,-1,0,0,0,,,,,,,,,
912,1783702056845,86410,86409,0,-2,-2,0,0,0,67,70,10,0,63,187.17,0,-2,45,-1001,-1,0,0,0,,,,,,,,,
913,1783702056947,86512,86511,0,-2,-2,0,0,0,67,70,10,0,63,187.34,0,-2,46,-1002,-1,0,0,0,,,,,,,,,
914,1783702057049,86614,86613,0,-2,-2,0,0,0,67,70,10,0,63,187.28,0,-1,46,-1000,-1,0,0,0,,,,,,,,,
915,1783702057151,86716,86715,0,-2,-2,0,0,0,67,70,10,0,63,187,0,-1,46,-995,-1,0,0,0,,,,,,,,,
916,1783702057253,86818,86818,0,-2,-2,0,0,0,67,70,10,0,63,186.94,0,-4,44,-998,-1,0,0,0,,,,,,,,,
917,1783702057355,86920,86919,0,-2,-2,0,0,0,67,70,10,0,63,187.23,0,-3,49,-996,-1,0,0,0,,,,,,,,,
918,1783702057457,87022,87021,0,-2,-2,0,0,0,67,70,10,0,63,187.17,0,-4,48,-999,-1,0,0,0,,,,,,,,,
919,1783702057560,87125,87124,0,-2,-2,0,0,0,67,70,10,0,63,187.09,0,-3,46,-1001,-1,0,0,0,,,,,,,,,
920,1783702057666,87231,87231,0,-2,-2,0,0,0,67,70,10,0,63,187.1,0,-5,46,-998,-1,0,0,0,,,,,,,,,
921,1783702057765,87330,87329,0,-2,-2,0,0,0,68,70,10,0,63,187.21,0,-3,45,-998,-1,0,0,0,,,,,,,,,
922,1783702057865,87430,87430,0,-2,-2,0,0,0,68,70,10,0,63,187.32,0,-2,46,-1001,-1,0,0,0,,,,,,,,,
923,1783702057968,87533,87532,0,-2,-2,0,0,0,68,70,10,0,63,187.27,0,-2,47,-999,-1,0,0,0,,,,,,,,,
924,1783702058068,87633,87633,0,-2,-2,0,0,0,68,70,10,0,63,187.16,0,-3,46,-1000,-1,0,0,0,,,,,,,,,
925,1783702058171,87736,87735,0,-2,-2,0,0,0,68,70,10,0,63,187.28,0,-2,46,-999,-1,0,0,0,,,,,,,,,
926,1783702058273,87838,87838,0,-2,-2,0,0,0,68,70,10,0,63,187.1,0,0,47,-1000,-1,0,0,0,,,,,,,,,
927,1783702058324,87889,87888,0,-2,-2,0,0,0,68,70,10,0,63,187.18,0,-1,48,-1001,-1,0,0,0,,,,,,,,,
928,1783702058426,87991,87991,0,-2,-2,0,0,0,68,70,10,0,63,187.09,0,-4,46,-999,-1,0,0,0,,,,,,,,,
929,1783702058531,88096,88096,0,-2,-2,0,0,0,68,70,10,0,63,186.99,0,-1,47,-996,-1,0,0,0,,,,,,,,,
930,1783702058633,88198,88198,0,-2,-2,0,0,0,68,70,10,0,63,187.32,0,-4,47,-996,-1,0,0,0,,,,,,,,,
931,1783702058749,88314,88314,0,-2,-2,0,0,0,68,70,10,0,63,187.2,0,-4,45,-1001,-1,0,0,0,,,,,,,,,
932,1783702058848,88413,88412,0,-2,-2,0,0,0,68,70,10,0,63,186.98,0,-2,45,-998,-1,0,0,0,,,,,,,,,
933,1783702058950,88515,88514,0,-2,-2,0,0,0,68,70,10,0,63,187.24,0,0,46,-1000,-1,0,0,0,,,,,,,,,
934,1783702059052,88617,88616,0,-2,-2,0,0,0,68,70,10,0,63,187.2,0,-1,46,-996,-1,0,0,0,,,,,,,,,
935,1783702059154,88719,88719,0,-2,-2,0,0,0,68,70,10,0,63,187.6,0,-3,46,-999,-1,0,0,0,,,,,,,,,
936,1783702059256,88821,88820,0,-2,-2,0,0,0,68,70,10,0,63,187.57,0,-3,44,-997,-1,0,0,0,,,,,,,,,
937,1783702059358,88923,88922,0,-2,-2,0,0,0,68,70,10,0,63,187.24,0,-3,45,-1001,-1,0,0,0,,,,,,,,,
938,1783702059462,89027,89026,0,-2,-2,0,0,0,68,70,10,0,63,187.23,0,-2,46,-999,-1,0,0,0,,,,,,,,,
939,1783702059565,89130,89129,0,-2,-2,0,0,0,68,70,10,0,63,187.06,0,-5,46,-994,-1,0,0,0,,,,,,,,,
940,1783702059665,89230,89230,0,-2,-2,0,0,0,68,70,10,0,63,187.09,0,-5,45,-1000,-1,0,0,0,,,,,,,,,
941,1783702059767,89332,89332,0,-2,-2,0,0,0,68,71,10,0,63,187.31,0,-4,45,-998,-1,0,0,0,,,,,,,,,
942,1783702059869,89434,89434,0,-2,-2,0,0,0,68,71,10,0,63,187.38,0,-3,46,-1000,-1,0,0,0,,,,,,,,,
943,1783702059971,89536,89536,0,-2,-2,0,0,0,68,71,10,0,63,186.99,0,-1,46,-1000,-1,0,0,0,,,,,,,,,
944,1783702060073,89638,89638,0,-2,-2,0,0,0,68,71,10,0,63,187.4,0,-1,46,-998,-1,0,0,0,,,,,,,,,
945,1783702060176,89741,89740,0,-2,-2,0,0,0,68,71,10,0,63,187.27,0,-2,46,-997,-1,0,0,0,,,,,,,,,
946,1783702060277,89842,89842,0,-2,-2,0,0,0,68,71,10,0,63,187.22,0,-2,46,-999,-1,0,0,0,,,,,,,,,
947,1783702060379,89944,89944,0,-2,-2,0,0,0,68,71,10,0,63,187.59,0,-2,46,-1002,-1,0,0,0,,,,,,,,,
948,1783702060484,90049,90049,0,-2,-2,0,0,0,68,71,10,0,63,187.45,0,-1,47,-1000,-1,0,0,0,,,,,,,,,
949,1783702060532,90097,90097,0,-2,-2,0,0,0,68,71,10,0,63,187.1,0,-2,47,-1000,-1,0,0,0,,,,,,,,,
950,1783702060635,90200,90199,0,-2,-2,0,0,0,68,71,10,0,63,187.35,0,0,46,-998,-1,0,0,0,,,,,,,,,
951,1783702060788,90353,90352,0,-2,-2,0,0,0,68,70,10,0,63,187.11,0,-2,46,-996,-1,0,0,0,,,,,,,,,
952,1783702060838,90403,90403,0,-2,-2,0,0,0,68,70,10,0,63,187.17,0,-3,46,-999,-1,0,0,0,,,,,,,,,
953,1783702060940,90505,90505,0,-2,-2,0,0,0,68,70,10,0,63,187.62,0,-4,46,-999,-1,0,0,0,,,,,,,,,
954,1783702061042,90607,90607,0,-2,-2,0,0,0,68,70,10,0,63,187.21,0,-5,48,-1000,-1,0,0,0,,,,,,,,,
955,1783702061144,90709,90709,0,-2,-2,0,0,0,68,70,10,0,63,187.48,0,0,45,-998,-1,0,0,0,,,,,,,,,
956,1783702061247,90812,90811,0,-2,-2,0,0,0,68,70,10,0,63,187.22,0,-3,47,-997,-1,0,0,0,,,,,,,,,
957,1783702061348,90913,90913,0,-2,-2,0,0,0,68,70,10,0,63,187.07,0,-4,45,-992,-1,0,0,0,,,,,,,,,
958,1783702061451,91016,91015,0,-2,-2,0,0,0,68,70,10,0,63,187.3,0,-4,47,-997,-1,0,0,0,,,,,,,,,
959,1783702061552,91117,91117,0,-2,-2,0,0,0,68,70,10,0,63,187.24,0,-3,47,-999,-1,0,0,0,,,,,,,,,
960,1783702061654,91219,91219,0,-2,-2,0,0,0,68,70,10,0,63,187.4,0,-1,46,-1001,-1,0,0,0,,,,,,,,,
961,1783702061757,91322,91321,0,-2,-2,0,0,0,67,70,10,0,63,187.43,0,-2,44,-999,-1,0,0,0,,,,,,,,,
962,1783702061860,91425,91424,0,-2,-2,0,0,0,67,70,10,0,63,187.3,0,-4,48,-997,-1,0,0,0,,,,,,,,,
963,1783702061960,91525,91525,0,-2,-2,0,0,0,67,70,10,0,63,187.33,0,-3,45,-993,-1,0,0,0,,,,,,,,,
964,1783702062065,91630,91629,0,-2,-2,0,0,0,67,70,10,0,63,187.32,0,-4,46,-999,-1,0,0,0,,,,,,,,,
965,1783702062165,91730,91730,0,-2,-2,0,0,0,67,70,10,0,63,187.31,0,-3,46,-997,-1,0,0,0,,,,,,,,,
966,1783702062267,91832,91832,0,-2,-2,0,0,0,67,70,10,0,63,187.14,0,-2,44,-1000,-1,0,0,0,,,,,,,,,
967,1783702062370,91935,91934,0,-2,-2,0,0,0,67,70,10,0,63,187.33,0,-3,45,-1002,-1,0,0,0,,,,,,,,,
968,1783702062471,92036,92036,0,-2,-2,0,0,0,67,70,10,0,63,187,0,-3,46,-998,-1,0,0,0,,,,,,,,,
969,1783702062573,92138,92138,0,-2,-2,0,0,0,67,70,10,0,63,187.39,0,-2,47,-998,-1,0,0,0,,,,,,,,,
970,1783702062675,92240,92240,0,-2,-2,0,0,0,67,70,10,0,63,187.43,0,-3,47,-1000,-1,0,0,0,,,,,,,,,
971,1783702062777,92342,92342,0,-2,-2,0,0,0,67,70,10,0,63,187.32,0,-3,45,-1001,-1,0,0,0,,,,,,,,,
972,1783702062879,92444,92444,0,-2,-2,0,0,0,67,70,10,0,63,187.28,0,-2,46,-996,-1,0,0,0,,,,,,,,,
973,1783702062981,92546,92546,0,-2,-2,0,0,0,67,70,10,0,63,187.09,0,-3,46,-1000,-1,0,0,0,,,,,,,,,
974,1783702063083,92648,92648,0,-2,-2,0,0,0,67,70,10,0,63,187.36,0,-2,46,-998,-1,0,0,0,,,,,,,,,
975,1783702063185,92750,92750,0,-2,-2,0,0,0,67,70,10,0,63,187.05,0,-1,46,-999,-1,0,0,0,,,,,,,,,
976,1783702063287,92852,92852,0,-2,-2,0,0,0,67,70,10,0,63,187.36,0,-3,49,-998,-1,0,0,0,,,,,,,,,
977,1783702063389,92954,92954,0,-2,-2,0,0,0,67,70,10,0,63,187.3,0,-4,45,-997,-1,0,0,0,,,,,,,,,
978,1783702063497,93062,93062,0,-2,-2,0,0,0,67,70,10,0,63,187.16,0,-2,46,-996,-1,0,0,0,,,,,,,,,
979,1783702063542,93107,93107,0,-2,-2,0,0,0,67,70,10,0,63,187.05,0,-1,47,-1000,-1,0,0,0,,,,,,,,,
980,1783702063645,93210,93209,0,-2,-2,0,0,0,67,70,10,0,63,187.35,0,-4,46,-999,-1,0,0,0,,,,,,,,,
981,1783702063800,93365,93364,0,-2,-2,0,0,0,67,70,10,0,63,187.45,0,-3,45,-997,-1,0,0,0,,,,,,,,,
982,1783702063848,93413,93413,0,-2,-2,0,0,0,67,70,10,0,63,187.11,0,-3,45,-996,-1,0,0,0,,,,,,,,,
983,1783702063950,93515,93515,0,-2,-2,0,0,0,67,70,10,0,63,187.11,0,-3,44,-995,-1,0,0,0,,,,,,,,,
984,1783702064053,93618,93617,0,-2,-2,0,0,0,67,70,10,0,63,187.09,0,-4,47,-999,-1,0,0,0,,,,,,,,,
985,1783702064155,93720,93720,0,-2,-2,0,0,0,67,70,10,0,63,187.25,0,-3,46,-1000,-1,0,0,0,,,,,,,,,
986,1783702064256,93821,93821,0,-2,-2,0,0,0,67,70,10,0,63,187.26,0,-2,45,-1000,-1,0,0,0,,,,,,,,,
987,1783702064365,93930,93930,0,-2,-2,0,0,0,67,70,10,0,63,187.06,0,0,45,-997,-1,0,0,0,,,,,,,,,
988,1783702064482,94047,94047,0,-2,-2,0,0,0,67,70,10,0,63,187.25,0,-2,47,-994,-1,0,0,0,,,,,,,,,
989,1783702064582,94147,94147,0,-2,-2,0,0,0,67,70,10,0,63,187.23,0,-2,46,-999,-1,0,0,0,,,,,,,,,
990,1783702064669,94234,94234,0,-2,-2,0,0,0,67,70,10,0,63,186.92,0,-3,47,-1000,-1,0,0,0,,,,,,,,,
991,1783702064773,94338,94338,0,-2,-2,0,0,0,67,71,10,0,63,187.55,0,-3,47,-997,-1,0,0,0,,,,,,,,,
992,1783702064872,94437,94437,0,-2,-2,0,0,0,67,71,10,0,63,187.05,0,-3,47,-995,-1,0,0,0,,,,,,,,,
993,1783702064971,94536,94536,0,-2,-2,0,0,0,67,71,10,0,63,187.22,0,-3,47,-998,-1,0,0,0,,,,,,,,,
994,1783702065077,94642,94641,0,-2,-2,0,0,0,67,71,10,0,63,187.39,0,-5,46,-998,-1,0,0,0,,,,,,,,,
995,1783702065177,94742,94742,0,-2,-2,0,0,0,67,71,10,0,63,187.23,0,-5,46,-997,-1,0,0,0,,,,,,,,,
996,1783702065281,94846,94846,0,-2,-2,0,0,0,67,71,10,0,63,187.27,0,-3,47,-994,-1,0,0,0,,,,,,,,,
997,1783702065384,94949,94948,0,-2,-2,0,0,0,67,71,10,0,63,187.22,0,-1,47,-998,-1,0,0,0,,,,,,,,,
998,1783702065485,95050,95050,0,-2,-2,0,0,0,67,71,10,0,63,187.22,0,0,46,-999,-1,0,0,0,,,,,,,,,
999,1783702065583,95148,95148,0,-2,-2,0,0,0,67,71,10,0,63,187.22,0,-2,46,-993,-1,0,0,0,,,,,,,,,
1000,1783702065685,95250,95250,0,-2,-2,0,0,0,67,71,10,0,63,187.19,0,-5,45,-998,-1,0,0,0,,,,,,,,,
1001,1783702065787,95352,95352,0,-2,-2,0,0,0,67,71,10,0,63,187.22,0,-2,46,-997,-1,0,0,0,,,,,,,,,
1002,1783702065889,95454,95454,0,-2,-2,0,0,0,67,71,10,0,63,187.33,0,-1,45,-1000,-1,0,0,0,,,,,,,,,
1003,1783702065991,95556,95556,0,-2,-2,0,0,0,67,71,10,0,63,187.33,0,-2,47,-997,-1,0,0,0,,,,,,,,,
1004,1783702066095,95660,95659,0,-2,-2,0,0,0,67,71,10,0,63,187.47,0,-4,46,-999,-1,0,0,0,,,,,,,,,
1005,1783702066196,95761,95761,0,-2,-2,0,0,0,67,71,10,0,63,187.5,0,-5,46,-997,-1,0,0,0,,,,,,,,,
1006,1783702066298,95863,95863,0,-2,-2,0,0,0,67,71,10,0,63,187.02,0,-2,46,-998,-1,0,0,0,,,,,,,,,
1007,1783702066400,95965,95965,0,-2,-2,0,0,0,67,71,10,0,63,187.03,0,0,44,-1000,-1,0,0,0,,,,,,,,,
1008,1783702066502,96067,96067,0,-2,-2,0,0,0,67,71,10,0,63,187.51,0,0,47,-999,-1,0,0,0,,,,,,,,,
1009,1783702066604,96169,96169,0,-2,-2,0,0,0,67,71,10,0,63,187.37,0,-4,46,-996,-1,0,0,0,,,,,,,,,
1010,1783702066706,96271,96271,0,-2,-2,0,0,0,67,71,10,0,63,187.1,0,-6,46,-996,-1,0,0,0,,,,,,,,,
1011,1783702066808,96373,96373,0,-2,-2,0,0,0,68,70,10,0,63,187.26,0,-3,47,-1001,-1,0,0,0,,,,,,,,,
1012,1783702066910,96475,96475,0,-2,-2,0,0,0,68,70,10,0,63,187.22,0,0,46,-1000,-1,0,0,0,,,,,,,,,
1013,1783702067012,96577,96577,0,-2,-2,0,0,0,68,70,10,0,63,187.19,0,-2,47,-999,-1,0,0,0,,,,,,,,,
1014,1783702067114,96679,96679,0,-2,-2,0,0,0,68,70,10,0,63,187.26,0,-3,47,-997,-1,0,0,0,,,,,,,,,
1015,1783702067165,96730,96730,0,-2,-2,0,0,0,68,70,10,0,63,187.23,0,-2,46,-996,-1,0,0,0,,,,,,,,,
1016,1783702067267,96832,96832,0,-2,-2,0,0,0,68,70,10,0,63,187.44,0,-3,47,-997,-1,0,0,0,,,,,,,,,
1017,1783702067369,96934,96934,0,-2,-2,0,0,0,68,70,10,0,63,187.13,0,-2,46,-998,-1,0,0,0,,,,,,,,,
1018,1783702067471,97036,97036,0,-2,-2,0,0,0,68,70,10,0,63,187.6,0,-3,48,-1000,-1,0,0,0,,,,,,,,,
1019,1783702067573,97138,97138,0,-2,-2,0,0,0,68,70,10,0,63,187.4,0,-1,45,-996,-1,0,0,0,,,,,,,,,
1020,1783702067675,97240,97240,0,-2,-2,0,0,0,68,70,10,0,63,187.5,0,-3,46,-999,-1,0,0,0,,,,,,,,,
1021,1783702067777,97342,97342,0,-2,-2,0,0,0,67,70,10,0,63,187.12,0,-1,46,-998,-1,0,0,0,,,,,,,,,
1022,1783702067879,97444,97444,0,-2,-2,0,0,0,67,70,10,0,63,187.6,0,-1,45,-1000,-1,0,0,0,,,,,,,,,
1023,1783702067981,97546,97546,0,-2,-2,0,0,0,67,70,10,0,63,187.2,0,-2,47,-997,-1,0,0,0,,,,,,,,,
1024,1783702068083,97648,97648,0,-2,-2,0,0,0,67,70,10,0,63,187.31,0,-1,46,-997,-1,0,0,0,,,,,,,,,
1025,1783702068185,97750,97750,0,-2,-2,0,0,0,67,70,10,0,63,187.48,0,-1,45,-996,-1,0,0,0,,,,,,,,,
1026,1783702068287,97852,97852,0,-2,-2,0,0,0,67,70,10,0,63,187.15,0,-3,46,-996,-1,0,0,0,,,,,,,,,
1027,1783702068390,97955,97955,0,-2,-2,0,0,0,67,70,10,0,63,187.29,0,-2,46,-999,-1,0,0,0,,,,,,,,,
1028,1783702068492,98057,98057,0,-2,-2,0,0,0,67,70,10,0,63,187.12,0,-3,46,-999,-1,0,0,0,,,,,,,,,
1029,1783702068597,98162,98162,0,-2,-2,0,0,0,67,70,10,0,63,187.28,0,-3,45,-996,-1,0,0,0,,,,,,,,,
1030,1783702068697,98262,98261,0,-2,-2,0,0,0,67,70,10,0,63,187.17,0,-2,44,-998,-1,0,0,0,,,,,,,,,
1031,1783702068799,98364,98364,0,-2,-2,0,0,0,67,70,10,0,63,187.31,0,0,46,-997,-1,0,0,0,,,,,,,,,
1032,1783702068902,98467,98466,0,-2,-2,0,0,0,67,70,10,0,63,187.24,0,-4,46,-1000,-1,0,0,0,,,,,,,,,
1033,1783702069004,98569,98569,0,-2,-2,0,0,0,67,70,10,0,63,187.05,0,-4,46,-999,-1,0,0,0,,,,,,,,,
1034,1783702069104,98669,98669,0,-2,-2,0,0,0,67,70,10,0,63,187.26,0,-3,47,-998,-1,0,0,0,,,,,,,,,
1035,1783702069206,98771,98771,0,-2,-2,0,0,0,67,70,10,0,63,187.2,0,-2,46,-998,-1,0,0,0,,,,,,,,,
1036,1783702069308,98873,98873,0,-2,-2,0,0,0,67,70,10,0,63,187.21,0,-2,45,-1000,-1,0,0,0,,,,,,,,,
1037,1783702069410,98975,98975,0,-2,-2,0,0,0,67,70,10,0,63,187.26,0,-2,47,-999,-1,0,0,0,,,,,,,,,
1038,1783702069512,99077,99077,0,-2,-2,0,0,0,67,70,10,0,63,187.21,0,-2,45,-996,-1,0,0,0,,,,,,,,,
1039,1783702069614,99179,99179,0,-2,-2,0,0,0,67,70,10,0,63,187.11,0,-3,45,-998,-1,0,0,0,,,,,,,,,
1040,1783702069716,99281,99281,0,-2,-2,0,0,0,67,70,10,0,63,186.85,0,-4,46,-999,-1,0,0,0,,,,,,,,,
1041,1783702069818,99383,99383,0,-2,-2,0,0,0,68,69,10,0,63,187.62,0,-1,46,-999,-1,0,0,0,,,,,,,,,
1042,1783702069920,99485,99485,0,-2,-2,0,0,0,68,69,10,0,63,187.31,0,-1,45,-999,-1,0,0,0,,,,,,,,,
1043,1783702070022,99587,99587,0,-2,-2,0,0,0,68,69,10,0,63,187.49,0,0,45,-999,-1,0,0,0,,,,,,,,,
1044,1783702070125,99690,99690,0,-2,-2,0,0,0,68,69,10,0,63,187.24,0,-5,45,-997,-1,0,0,0,,,,,,,,,
1045,1783702070227,99792,99792,0,-2,-2,0,0,0,68,69,10,0,63,187.17,0,-3,46,-1002,-1,0,0,0,,,,,,,,,
1046,1783702070328,99893,99893,0,-2,-2,0,0,0,68,69,10,0,63,187.51,0,-1,46,-1000,-1,0,0,0,,,,,,,,,
1047,1783702070434,99999,99999,0,-2,-2,0,0,0,68,69,10,0,63,187.42,0,-1,45,-997,-1,0,0,0,,,,,,,,,
1048,1783702070481,100046,100046,0,-2,-2,0,0,0,68,69,10,0,63,187.18,0,-1,46,-997,-1,0,0,0,,,,,,,,,
1049,1783702070583,100148,100148,0,-2,-2,0,0,0,68,69,10,0,63,187.5,0,-1,46,-1001,-1,0,0,0,,,,,,,,,
1050,1783702070685,100250,100250,0,-2,-2,0,0,0,68,69,10,0,63,187.22,0,-1,46,-1000,-1,0,0,0,,,,,,,,,
1051,1783702070787,100352,100352,0,-2,-2,0,0,0,68,70,10,0,63,187.22,0,-3,45,-1001,-1,0,0,0,,,,,,,,,
1052,1783702070889,100454,100454,0,-2,-2,0,0,0,68,70,10,0,63,187.26,0,-4,46,-1000,-1,0,0,0,,,,,,,,,
1053,1783702070992,100557,100557,0,-2,-2,0,0,0,68,70,10,0,63,187.38,0,-2,45,-998,-1,0,0,0,,,,,,,,,
1054,1783702071101,100666,100666,0,-2,-2,0,0,0,68,70,10,0,63,187.3,0,-2,48,-996,-1,0,0,0,,,,,,,,,
1055,1783702071198,100763,100762,0,-2,-2,0,0,0,68,70,10,0,63,187.18,0,-3,47,-1001,-1,0,0,0,,,,,,,,,
1056,1783702071298,100863,100863,0,-2,-2,0,0,0,68,70,10,0,63,187.09,0,-2,47,-997,-1,0,0,0,,,,,,,,,
1057,1783702071401,100966,100966,0,-2,-2,0,0,0,68,70,10,0,63,187.2,0,-3,46,-998,-1,0,0,0,,,,,,,,,
1058,1783702071503,101068,101068,0,-2,-2,0,0,0,68,70,10,0,63,187.19,0,-1,45,-999,-1,0,0,0,,,,,,,,,
1059,1783702071605,101170,101170,0,-2,-2,0,0,0,68,70,10,0,63,187.28,0,-1,45,-998,-1,0,0,0,,,,,,,,,
1060,1783702071707,101272,101272,0,-2,-2,0,0,0,68,70,10,0,63,187.48,0,-1,45,-999,-1,0,0,0,,,,,,,,,
1061,1783702071809,101374,101374,0,-2,-2,0,0,0,67,70,10,0,63,187.21,0,-3,47,-999,-1,0,0,0,,,,,,,,,
1062,1783702071911,101476,101476,0,-2,-2,0,0,0,67,70,10,0,63,187.23,0,-3,46,-998,-1,0,0,0,,,,,,,,,
1063,1783702072013,101578,101578,0,-2,-2,0,0,0,67,70,10,0,63,187.46,0,-2,44,-1001,-1,0,0,0,,,,,,,,,
1064,1783702072115,101680,101680,0,-2,-2,0,0,0,67,70,10,0,63,187.19,0,-2,47,-997,-1,0,0,0,,,,,,,,,
1065,1783702072217,101782,101782,0,-2,-2,0,0,0,67,70,10,0,63,187.36,0,-2,47,-999,-1,0,0,0,,,,,,,,,
1066,1783702072319,101884,101884,0,-2,-2,0,0,0,67,70,10,0,63,187.37,0,-2,44,-996,-1,0,0,0,,,,,,,,,
1067,1783702072421,101986,101986,0,-2,-2,0,0,0,67,70,10,0,63,187.33,0,-4,46,-996,-1,0,0,0,,,,,,,,,
1068,1783702072523,102088,102088,0,-2,-2,0,0,0,67,70,10,0,63,187.36,0,-2,46,-998,-1,0,0,0,,,,,,,,,
1069,1783702072627,102192,102191,0,-2,-2,0,0,0,67,70,10,0,63,187.32,0,0,47,-1001,-1,0,0,0,,,,,,,,,
1070,1783702072728,102293,102293,0,-2,-2,0,0,0,67,70,10,0,63,187.26,0,-3,45,-1000,-1,0,0,0,,,,,,,,,
1071,1783702072832,102397,102397,0,-2,-2,0,0,0,67,70,10,0,63,187.44,0,-1,45,-998,-1,0,0,0,,,,,,,,,
1072,1783702072934,102499,102498,0,-2,-2,0,0,0,67,70,10,0,63,187.12,0,-3,46,-997,-1,0,0,0,,,,,,,,,
1073,1783702073035,102600,102600,0,-2,-2,0,0,0,67,70,10,0,63,187.47,0,-2,46,-997,-1,0,0,0,,,,,,,,,
1074,1783702073137,102702,102702,0,-2,-2,0,0,0,67,70,10,0,63,187.24,0,-4,45,-999,-1,0,0,0,,,,,,,,,
1075,1783702073239,102804,102804,0,-2,-2,0,0,0,67,70,10,0,63,187.18,0,-1,46,-997,-1,0,0,0,,,,,,,,,
1076,1783702073341,102906,102906,0,-2,-2,0,0,0,67,70,10,0,63,187.54,0,-2,46,-996,-1,0,0,0,,,,,,,,,
1077,1783702073443,103008,103008,0,-2,-2,0,0,0,67,70,10,0,63,187.56,0,-3,46,-994,-1,0,0,0,,,,,,,,,
1078,1783702073495,103060,103060,0,-2,-2,0,0,0,67,70,10,0,63,187.32,0,-1,47,-1000,-1,0,0,0,,,,,,,,,
1079,1783702073598,103163,103163,0,-2,-2,0,0,0,67,70,10,0,63,187.31,0,-1,46,-1000,-1,0,0,0,,,,,,,,,
1080,1783702073698,103263,103263,0,-2,-2,0,0,0,67,70,10,0,63,187,0,-2,45,-999,-1,0,0,0,,,,,,,,,
1081,1783702073800,103365,103365,0,-2,-2,0,0,0,68,70,10,0,63,187.45,0,-3,44,-998,-1,0,0,0,,,,,,,,,
1082,1783702073902,103467,103467,0,-2,-2,0,0,0,68,70,10,0,63,187.35,0,-2,46,-996,-1,0,0,0,,,,,,,,,
1083,1783702074004,103569,103569,0,-2,-2,0,0,0,68,70,10,0,63,187.31,0,-2,45,-999,-1,0,0,0,,,,,,,,,
1084,1783702074106,103671,103671,0,-2,-2,0,0,0,68,70,10,0,63,187.33,0,-2,47,-1000,-1,0,0,0,,,,,,,,,
1085,1783702074208,103773,103773,0,-2,-2,0,0,0,68,70,10,0,63,187.55,0,-4,47,-999,-1,0,0,0,,,,,,,,,
1086,1783702074310,103875,103875,0,-2,-2,0,0,0,68,70,10,0,63,187,0,-3,47,-998,-1,0,0,0,,,,,,,,,
1087,1783702074417,103982,103981,0,-2,-2,0,0,0,68,70,10,0,63,187.43,0,-2,46,-998,-1,0,0,0,,,,,,,,,
1088,1783702074514,104079,104079,0,-2,-2,0,0,0,68,70,10,0,63,187.22,0,-3,46,-998,-1,0,0,0,,,,,,,,,
1089,1783702074616,104181,104180,0,-2,-2,0,0,0,68,70,10,0,63,187.51,0,-3,47,-999,-1,0,0,0,,,,,,,,,
1090,1783702074718,104283,104283,0,-2,-2,0,0,0,68,70,10,0,63,187.4,0,-3,47,-998,-1,0,0,0,,,,,,,,,
1091,1783702074820,104385,104385,0,-2,-2,0,0,0,68,71,10,0,63,187.4,0,-2,46,-998,-1,0,0,0,,,,,,,,,
1092,1783702074922,104487,104487,0,-2,-2,0,0,0,68,71,10,0,63,187.22,0,-1,48,-998,-1,0,0,0,,,,,,,,,
1093,1783702075024,104589,104589,0,-2,-2,0,0,0,68,71,10,0,63,187.44,0,-3,46,-997,-1,0,0,0,,,,,,,,,
1094,1783702075126,104691,104691,0,-2,-2,0,0,0,68,71,10,0,63,187.22,0,-3,46,-998,-1,0,0,0,,,,,,,,,
1095,1783702075229,104794,104793,0,-2,-2,0,0,0,68,71,10,0,63,187.28,0,-2,45,-1000,-1,0,0,0,,,,,,,,,
1096,1783702075330,104895,104895,0,-2,-2,0,0,0,68,71,10,0,63,187.13,0,-2,47,-998,-1,0,0,0,,,,,,,,,
1097,1783702075432,104997,104996,0,-2,-2,0,0,0,68,71,10,0,63,187.28,0,-1,46,-996,-1,0,0,0,,,,,,,,,
1098,1783702075534,105099,105098,0,-2,-2,0,0,0,68,71,10,0,63,187.51,0,-3,48,-1000,-1,0,0,0,,,,,,,,,
1099,1783702075636,105201,105200,0,-2,-2,0,0,0,68,71,10,0,63,187.39,0,-2,45,-999,-1,0,0,0,,,,,,,,,
1100,1783702075738,105303,105303,0,-2,-2,0,0,0,68,71,10,0,63,187.17,0,-2,48,-1000,-1,0,0,0,,,,,,,,,
1101,1783702075844,105409,105408,0,-2,-2,0,0,0,68,69,10,0,63,187.46,0,-2,47,-997,-1,0,0,0,,,,,,,,,
1102,1783702075944,105509,105509,0,-2,-2,0,0,0,68,69,10,0,63,187.23,0,-3,47,-999,-1,0,0,0,,,,,,,,,
1103,1783702076044,105609,105608,0,-2,-2,0,0,0,68,69,10,0,63,187.45,0,-4,46,-1001,-1,0,0,0,,,,,,,,,
1104,1783702076146,105711,105711,0,-2,-2,0,0,0,68,69,10,0,63,187.26,0,-2,47,-999,-1,0,0,0,,,,,,,,,
1105,1783702076248,105813,105813,0,-2,-2,0,0,0,68,69,10,0,63,187.31,0,-3,48,-996,-1,0,0,0,,,,,,,,,
1106,1783702076350,105915,105914,0,-2,-2,0,0,0,68,69,10,0,63,187.2,0,-1,46,-997,-1,0,0,0,,,,,,,,,
1107,1783702076452,106017,106016,0,-2,-2,0,0,0,68,69,10,0,63,187.23,0,-1,46,-999,-1,0,0,0,,,,,,,,,
1108,1783702076554,106119,106118,0,-2,-2,0,0,0,68,69,10,0,63,187.41,0,-3,46,-998,-1,0,0,0,,,,,,,,,
1109,1783702076656,106221,106220,0,-2,-2,0,0,0,68,69,10,0,63,187.33,0,-3,47,-994,-1,0,0,0,,,,,,,,,
1110,1783702076707,106272,106271,0,-2,-2,0,0,0,68,69,10,0,63,186.88,0,-2,46,-996,-1,0,0,0,,,,,,,,,
1111,1783702076862,106427,106427,0,-2,-2,0,0,0,67,70,10,0,63,187.17,0,0,46,-1000,-1,0,0,0,,,,,,,,,
1112,1783702076964,106529,106529,0,-2,-2,0,0,0,67,70,10,0,63,187.13,0,-1,46,-998,-1,0,0,0,,,,,,,,,
1113,1783702077013,106578,106578,0,-2,-2,0,0,0,67,70,10,0,63,187.23,0,-3,47,-998,-1,0,0,0,,,,,,,,,
1114,1783702077115,106680,106679,0,-2,-2,0,0,0,67,70,10,0,63,187.71,0,-1,45,-996,-1,0,0,0,,,,,,,,,
1115,1783702077217,106782,106781,0,-2,-2,0,0,0,67,70,10,0,63,187.39,0,-4,48,-999,-1,0,0,0,,,,,,,,,
1116,1783702077319,106884,106883,0,-2,-2,0,0,0,67,70,10,0,63,187.51,0,-3,46,-1001,-1,0,0,0,,,,,,,,,
1117,1783702077421,106986,106985,0,-2,-2,0,0,0,67,70,10,0,63,187.27,0,-1,45,-1000,-1,0,0,0,,,,,,,,,
1118,1783702077523,107088,107087,0,-2,-2,0,0,0,67,70,10,0,63,187.37,0,-3,47,-997,-1,0,0,0,,,,,,,,,
1119,1783702077627,107192,107191,0,-2,-2,0,0,0,67,70,10,0,63,187.55,0,-2,46,-999,-1,0,0,0,,,,,,,,,
1120,1783702077729,107294,107293,0,-2,-2,0,0,0,67,70,10,0,63,187.12,0,-3,49,-998,-1,0,0,0,,,,,,,,,
1121,1783702077832,107397,107397,0,-2,-2,0,0,0,67,71,10,0,63,187.51,0,-3,47,-999,-1,0,0,0,,,,,,,,,
1122,1783702077932,107497,107497,0,-2,-2,0,0,0,67,71,10,0,63,187.55,0,-2,45,-1000,-1,0,0,0,,,,,,,,,
1123,1783702078034,107599,107598,0,-2,-2,0,0,0,67,71,10,0,63,187.19,0,0,46,-996,-1,0,0,0,,,,,,,,,
1124,1783702078136,107701,107700,0,-2,-2,0,0,0,67,71,10,0,63,187.45,0,-3,45,-994,-1,0,0,0,,,,,,,,,
1125,1783702078238,107803,107802,0,-2,-2,0,0,0,67,71,10,0,63,187.37,0,-5,47,-1000,-1,0,0,0,,,,,,,,,
1126,1783702078340,107905,107904,0,-2,-2,0,0,0,67,71,10,0,63,187.07,0,-2,46,-1000,-1,0,0,0,,,,,,,,,
1127,1783702078442,108007,108006,0,-2,-2,0,0,0,67,71,10,0,63,187.61,0,-3,46,-999,-1,0,0,0,,,,,,,,,
1128,1783702078544,108109,108108,0,-2,-2,0,0,0,67,71,10,0,63,187.53,0,-3,46,-995,-1,0,0,0,,,,,,,,,
1129,1783702078646,108211,108210,0,-2,-2,0,0,0,67,71,10,0,63,187.26,0,-1,44,-998,-1,0,0,0,,,,,,,,,
1130,1783702078748,108313,108312,0,-2,-2,0,0,0,67,71,10,0,63,187.39,0,-2,45,-998,-1,0,0,0,,,,,,,,,
1131,1783702078850,108415,108415,0,-2,-2,0,0,0,68,71,10,0,63,187.35,0,-3,46,-1001,-1,0,0,0,,,,,,,,,
1132,1783702078952,108517,108516,0,-2,-2,0,0,0,68,71,10,0,63,187.17,0,-4,46,-998,-1,0,0,0,,,,,,,,,
1133,1783702079054,108619,108619,0,-2,-2,0,0,0,68,71,10,0,63,186.97,0,-2,45,-998,-1,0,0,0,,,,,,,,,
1134,1783702079156,108721,108721,0,-2,-2,0,0,0,68,71,10,0,63,187.44,0,-2,46,-996,-1,0,0,0,,,,,,,,,
1135,1783702079259,108824,108824,0,-2,-2,0,0,0,68,71,10,0,63,187.63,0,-1,46,-996,-1,0,0,0,,,,,,,,,
1136,1783702079362,108927,108926,0,-2,-2,0,0,0,68,71,10,0,63,187.18,0,-2,45,-1000,-1,0,0,0,,,,,,,,,
1137,1783702079464,109029,109029,0,-2,-2,0,0,0,68,71,10,0,63,187.16,0,-3,46,-999,-1,0,0,0,,,,,,,,,
1138,1783702079563,109128,109128,0,-2,-2,0,0,0,68,71,10,0,63,187.47,0,-3,46,-997,-1,0,0,0,,,,,,,,,
1139,1783702079696,109261,109261,0,-2,-2,0,0,0,68,71,10,0,63,187.3,0,-1,44,-996,-1,0,0,0,,,,,,,,,
1140,1783702079768,109333,109332,0,-2,-2,0,0,0,68,71,10,0,63,187.18,0,0,47,-998,-1,0,0,0,,,,,,,,,
1141,1783702079870,109435,109435,0,-2,-2,0,0,0,67,70,10,0,63,187.48,0,-3,47,-1000,-1,0,0,0,,,,,,,,,
1142,1783702079925,109490,109489,0,-2,-2,0,0,0,67,70,10,0,63,187.52,0,-2,47,-999,-1,0,0,0,,,,,,,,,
1143,1783702080027,109592,109591,0,-2,-2,0,0,0,67,70,10,0,63,187.31,0,-2,47,-998,-1,0,0,0,,,,,,,,,
1144,1783702080126,109691,109690,0,-2,-2,0,0,0,67,70,10,0,63,187.4,0,-1,47,-998,-1,0,0,0,,,,,,,,,
1145,1783702080255,109820,109819,0,-2,-2,0,0,0,67,70,10,0,63,187.2,0,-1,47,-998,-1,0,0,0,,,,,,,,,
1146,1783702080330,109895,109894,0,-2,-2,0,0,0,67,70,10,0,63,187.28,0,-1,45,-1001,-1,0,0,0,,,,,,,,,
1147,1783702080431,109996,109996,0,-2,-2,0,0,0,67,70,10,0,63,187.39,0,-3,46,-999,-1,0,0,0,,,,,,,,,
1148,1783702080533,110098,110098,0,-2,-2,0,0,0,67,70,10,0,63,187.56,0,-3,46,-997,-1,0,0,0,,,,,,,,,
1149,1783702080635,110200,110200,0,-2,-2,0,0,0,67,70,10,0,63,187.34,0,-3,48,-999,-1,0,0,0,,,,,,,,,
1150,1783702080738,110303,110303,0,-2,-2,0,0,0,67,70,10,0,63,187.39,0,-2,48,-1000,-1,0,0,0,,,,,,,,,
1151,1783702080839,110404,110404,0,-2,-2,0,0,0,68,71,10,0,63,187.16,0,-2,48,-996,-1,0,0,0,,,,,,,,,
1152,1783702080941,110506,110506,0,-2,-2,0,0,0,68,71,10,0,63,187.17,0,-1,45,-997,-1,0,0,0,,,,,,,,,
1153,1783702081043,110608,110608,0,-2,-2,0,0,0,68,71,10,0,63,187.41,0,-2,47,-995,-1,0,0,0,,,,,,,,,
1154,1783702081146,110711,110710,0,-2,-2,0,0,0,68,71,10,0,63,187.37,0,-1,47,-999,-1,0,0,0,,,,,,,,,
1155,1783702081247,110812,110812,0,-2,-2,0,0,0,68,71,10,0,63,187.29,0,-1,46,-1001,-1,0,0,0,,,,,,,,,
1156,1783702081349,110914,110914,0,-2,-2,0,0,0,68,71,10,0,63,187.18,0,-2,47,-1000,-1,0,0,0,,,,,,,,,
1157,1783702081451,111016,111016,0,-2,-2,0,0,0,68,71,10,0,63,187.34,0,-1,47,-997,-1,0,0,0,,,,,,,,,
1158,1783702081554,111119,111118,0,-2,-2,0,0,0,68,71,10,0,63,187.14,0,-3,47,-999,-1,0,0,0,,,,,,,,,
1159,1783702081658,111223,111222,0,-2,-2,0,0,0,68,71,10,0,63,187.33,0,-2,47,-1001,-1,0,0,0,,,,,,,,,
1160,1783702081758,111323,111323,0,-2,-2,0,0,0,68,71,10,0,63,187.3,0,-1,46,-997,-1,0,0,0,,,,,,,,,
1161,1783702081861,111426,111425,0,-2,-2,0,0,0,69,70,10,0,63,187.56,0,-3,47,-1001,-1,0,0,0,,,,,,,,,
1162,1783702081963,111528,111528,0,-2,-2,0,0,0,69,70,10,0,63,187.26,0,-3,46,-998,-1,0,0,0,,,,,,,,,
1163,1783702082064,111629,111629,0,-2,-2,0,0,0,69,70,10,0,63,187.22,0,-1,46,-999,-1,0,0,0,,,,,,,,,
1164,1783702082167,111732,111731,0,-2,-2,0,0,0,69,70,10,0,63,187.23,0,-1,45,-997,-1,0,0,0,,,,,,,,,
1165,1783702082268,111833,111833,0,-2,-2,0,0,0,69,70,10,0,63,187.1,0,-4,48,-1002,-1,0,0,0,,,,,,,,,
1166,1783702082370,111935,111935,0,-2,-2,0,0,0,69,70,10,0,63,187.45,0,-4,45,-999,-1,0,0,0,,,,,,,,,
1167,1783702082472,112037,112037,0,-2,-2,0,0,0,69,70,10,0,63,187.61,0,-3,47,-999,-1,0,0,0,,,,,,,,,
1168,1783702082574,112139,112139,0,-2,-2,0,0,0,69,70,10,0,63,187.22,0,-1,46,-999,-1,0,0,0,,,,,,,,,
1169,1783702082676,112241,112241,0,-2,-2,0,0,0,69,70,10,0,63,187.23,0,0,46,-999,-1,0,0,0,,,,,,,,,
1170,1783702082778,112343,112343,0,-2,-2,0,0,0,69,70,10,0,63,187.55,0,-3,46,-999,-1,0,0,0,,,,,,,,,
1171,1783702082880,112445,112445,0,-2,-2,0,0,0,68,71,10,0,63,187.4,0,-4,46,-998,-1,0,0,0,,,,,,,,,
1172,1783702082982,112547,112547,0,-2,-2,0,0,0,68,71,10,0,63,187.39,0,-2,47,-997,-1,0,0,0,,,,,,,,,
1173,1783702083084,112649,112649,0,-2,-2,0,0,0,68,71,10,0,63,187.14,0,-1,46,-999,-1,0,0,0,,,,,,,,,
1174,1783702083137,112702,112702,0,-2,-2,0,0,0,68,71,10,0,63,187.39,0,0,47,-995,-1,0,0,0,,,,,,,,,
1175,1783702083238,112803,112803,0,-2,-2,0,0,0,68,71,10,0,63,187.34,0,-3,46,-1001,-1,0,0,0,,,,,,,,,
1176,1783702083340,112905,112905,0,-2,-2,0,0,0,68,71,10,0,63,187.16,0,-4,46,-998,-1,0,0,0,,,,,,,,,
1177,1783702083442,113007,113007,0,-2,-2,0,0,0,68,71,10,0,63,187.03,0,-5,45,-1000,-1,0,0,0,,,,,,,,,
1178,1783702083544,113109,113108,0,-2,-2,0,0,0,68,71,10,0,63,187.4,0,-1,47,-999,-1,0,0,0,,,,,,,,,
1179,1783702083648,113213,113212,0,-2,-2,0,0,0,68,71,10,0,63,187.28,0,0,46,-998,-1,0,0,0,,,,,,,,,
1180,1783702083747,113312,113312,0,-2,-2,0,0,0,68,71,10,0,63,187.19,0,-2,47,-999,-1,0,0,0,,,,,,,,,
1181,1783702083849,113414,113414,0,-2,-2,0,0,0,68,70,10,0,63,187.08,0,-3,46,-1000,-1,0,0,0,,,,,,,,,
1182,1783702083951,113516,113516,0,-2,-2,0,0,0,68,70,10,0,63,187.43,0,-1,47,-996,-1,0,0,0,,,,,,,,,
1183,1783702084053,113618,113618,0,-2,-2,0,0,0,68,70,10,0,63,187.44,0,-4,48,-999,-1,0,0,0,,,,,,,,,
1184,1783702084155,113720,113720,0,-2,-2,0,0,0,68,70,10,0,63,187.15,0,0,46,-1002,-1,0,0,0,,,,,,,,,
1185,1783702084258,113823,113822,0,-2,-2,0,0,0,68,70,10,0,63,187.43,0,-1,45,-999,-1,0,0,0,,,,,,,,,
1186,1783702084360,113925,113924,0,-2,-2,0,0,0,68,70,10,0,62,187.18,0,-4,47,-997,-1,0,0,0,,,,,,,,,
1187,1783702084463,114028,114028,0,-2,-2,0,0,0,68,70,10,0,62,187.29,0,-3,46,-996,-1,0,0,0,,,,,,,,,
1188,1783702084564,114129,114129,0,-2,-2,0,0,0,68,70,10,0,62,187.35,0,-4,46,-998,-1,0,0,0,,,,,,,,,
1189,1783702084666,114231,114231,0,-2,-2,0,0,0,68,70,10,0,62,187.36,0,-1,48,-998,-1,0,0,0,,,,,,,,,
1190,1783702084768,114333,114333,0,-2,-2,0,0,0,68,70,10,0,62,187.63,0,-2,45,-996,-1,0,0,0,,,,,,,,,
1191,1783702084870,114435,114435,0,-2,-2,0,0,0,67,71,10,0,62,187.2,0,-3,45,-995,-1,0,0,0,,,,,,,,,
1192,1783702084972,114537,114537,0,-2,-2,0,0,0,67,71,10,0,62,187.39,0,-4,47,-996,-1,0,0,0,,,,,,,,,
1193,1783702085074,114639,114639,0,-2,-2,0,0,0,67,71,10,0,62,187.48,0,-3,47,-1000,-1,0,0,0,,,,,,,,,
1194,1783702085176,114741,114741,0,-2,-2,0,0,0,67,71,10,0,62,187.2,0,-2,47,-1000,-1,0,0,0,,,,,,,,,
1195,1783702085278,114843,114843,0,-2,-2,0,0,0,67,71,10,0,62,187.19,0,-2,46,-999,-1,0,0,0,,,,,,,,,
1196,1783702085380,114945,114945,0,-2,-2,0,0,0,67,71,10,0,62,187.2,0,-2,46,-997,-1,0,0,0,,,,,,,,,
1197,1783702085482,115047,115047,0,-2,-2,0,0,0,67,71,10,0,62,187.33,0,-2,46,-997,-1,0,0,0,,,,,,,,,
1198,1783702085584,115149,115149,0,-2,-2,0,0,0,67,71,10,0,62,187.3,0,-3,46,-1000,-1,0,0,0,,,,,,,,,
1199,1783702085686,115251,115251,0,-2,-2,0,0,0,67,71,10,0,62,187.15,0,-2,47,-999,-1,0,0,0,,,,,,,,,
1200,1783702085788,115353,115353,0,-2,-2,0,0,0,67,71,10,0,62,187.18,0,-4,46,-998,-1,0,0,0,,,,,,,,,
1201,1783702085892,115457,115457,0,-2,-2,0,0,0,67,70,10,0,62,187.45,0,-3,46,-998,-1,0,0,0,,,,,,,,,
1202,1783702085995,115560,115560,0,-2,-2,0,0,0,67,70,10,0,62,187.24,0,-1,45,-995,-1,0,0,0,,,,,,,,,
1203,1783702086098,115663,115663,0,-2,-2,0,0,0,67,70,10,0,62,187.3,0,-1,45,-998,-1,0,0,0,,,,,,,,,
1204,1783702086146,115711,115711,0,-2,-2,0,0,0,67,70,10,0,62,187.32,0,-3,48,-997,-1,0,0,0,,,,,,,,,
1205,1783702086248,115813,115813,0,-2,-2,0,0,0,67,70,10,0,62,187.37,0,-5,46,-998,-1,0,0,0,,,,,,,,,
1206,1783702086350,115915,115915,0,-2,-2,0,0,0,67,70,10,0,62,187.35,0,-4,47,-998,-1,0,0,0,,,,,,,,,
1207,1783702086452,116017,116017,0,-2,-2,0,0,0,67,70,10,0,62,187.35,0,-1,46,-1000,-1,0,0,0,,,,,,,,,
1208,1783702086554,116119,116119,0,-2,-2,0,0,0,67,70,10,0,62,187.39,0,-2,47,-1000,-1,0,0,0,,,,,,,,,
1209,1783702086656,116221,116221,0,-2,-2,0,0,0,67,70,10,0,62,187.86,0,-2,47,-999,-1,0,0,0,,,,,,,,,
1210,1783702086762,116327,116326,0,-2,-2,0,0,0,67,70,10,0,62,187.52,0,-3,46,-997,-1,0,0,0,,,,,,,,,
1211,1783702086866,116431,116431,0,-2,-2,0,0,0,67,70,10,0,62,187.36,0,-1,46,-997,-1,0,0,0,,,,,,,,,
1212,1783702086966,116531,116531,0,-2,-2,0,0,0,67,70,10,0,62,187.44,0,-3,47,-1001,-1,0,0,0,,,,,,,,,
1213,1783702087066,116631,116630,0,-2,-2,0,0,0,67,70,10,0,62,187.71,0,-2,45,-1000,-1,0,0,0,,,,,,,,,
1214,1783702087167,116732,116732,0,-2,-2,0,0,0,67,70,10,0,62,187.2,0,-2,46,-996,-1,0,0,0,,,,,,,,,
1215,1783702087269,116834,116834,0,-2,-2,0,0,0,67,70,10,0,62,187.5,0,-2,46,-999,-1,0,0,0,,,,,,,,,
1216,1783702087371,116936,116936,0,-2,-2,0,0,0,67,70,10,0,62,187.29,0,-2,47,-998,-1,0,0,0,,,,,,,,,
1217,1783702087473,117038,117038,0,-2,-2,0,0,0,67,70,10,0,62,187.76,0,-1,47,-996,-1,0,0,0,,,,,,,,,
1218,1783702087575,117140,117140,0,-2,-2,0,0,0,67,70,10,0,62,187.5,0,-5,47,-999,-1,0,0,0,,,,,,,,,
1219,1783702087678,117243,117243,0,-2,-2,0,0,0,67,70,10,0,62,187.74,0,-4,47,-997,-1,0,0,0,,,,,,,,,
1220,1783702087779,117344,117344,0,-2,-2,0,0,0,67,70,10,0,62,187.18,0,-2,45,-999,-1,0,0,0,,,,,,,,,
1221,1783702087882,117447,117447,0,-2,-2,0,0,0,68,71,10,0,62,187.41,0,-1,44,-998,-1,0,0,0,,,,,,,,,
1222,1783702087984,117549,117549,0,-2,-2,0,0,0,68,71,10,0,62,187.13,0,-1,46,-998,-1,0,0,0,,,,,,,,,
1223,1783702088086,117651,117651,0,-2,-2,0,0,0,68,71,10,0,62,187.34,0,-4,46,-1000,-1,0,0,0,,,,,,,,,
1224,1783702088190,117755,117755,0,-2,-2,0,0,0,68,71,10,0,62,187.3,0,-4,46,-999,-1,0,0,0,,,,,,,,,
1225,1783702088291,117856,117856,0,-2,-2,0,0,0,68,71,10,0,62,187.51,0,-2,46,-999,-1,0,0,0,,,,,,,,,
1226,1783702088392,117957,117957,0,-2,-2,0,0,0,68,71,10,0,62,187.17,0,-1,47,-998,-1,0,0,0,,,,,,,,,
1227,1783702088494,118059,118059,0,-2,-2,0,0,0,68,71,10,0,62,187.33,0,-2,46,-1000,-1,0,0,0,,,,,,,,,
1228,1783702088600,118165,118164,0,-2,-2,0,0,0,68,71,10,0,62,187.42,0,-4,47,-999,-1,0,0,0,,,,,,,,,
1229,1783702088698,118263,118263,0,-2,-2,0,0,0,68,71,10,0,62,187.06,0,-3,45,-998,-1,0,0,0,,,,,,,,,
1230,1783702088800,118365,118365,0,-2,-2,0,0,0,68,71,10,0,62,187.49,0,-1,47,-998,-1,0,0,0,,,,,,,,,
1231,1783702088902,118467,118467,0,-2,-2,0,0,0,68,71,10,0,62,187.38,0,-1,46,-1001,-1,0,0,0,,,,,,,,,
1232,1783702089004,118569,118569,0,-2,-2,0,0,0,68,71,10,0,62,187.31,0,0,46,-999,-1,0,0,0,,,,,,,,,
1233,1783702089106,118671,118671,0,-2,-2,0,0,0,68,71,10,0,62,187.77,0,-2,46,-998,-1,0,0,0,,,,,,,,,
1234,1783702089208,118773,118773,0,-2,-2,0,0,0,68,71,10,0,62,187.36,0,-3,45,-996,-1,0,0,0,,,,,,,,,
1235,1783702089310,118875,118875,0,-2,-2,0,0,0,68,71,10,0,62,187.26,0,0,45,-999,-1,0,0,0,,,,,,,,,
1236,1783702089412,118977,118977,0,-2,-2,0,0,0,68,71,10,0,62,187.37,0,-1,46,-999,-1,0,0,0,,,,,,,,,
1237,1783702089514,119079,119079,0,-2,-2,0,0,0,68,71,10,0,62,187.15,0,-1,46,-997,-1,0,0,0,,,,,,,,,
1238,1783702089564,119129,119129,0,-2,-2,0,0,0,68,71,10,0,62,187.36,0,-2,46,-997,-1,0,0,0,,,,,,,,,
1239,1783702089667,119232,119232,0,-2,-2,0,0,0,68,71,10,0,62,187.31,0,-2,44,-995,-1,0,0,0,,,,,,,,,
1240,1783702089769,119334,119334,0,-2,-2,0,0,0,68,71,10,0,62,187.43,0,-2,46,-1000,-1,0,0,0,,,,,,,,,
1241,1783702089871,119436,119436,0,-2,-2,0,0,0,68,70,10,0,62,187.43,0,-2,47,-999,-1,0,0,0,,,,,,,,,
1242,1783702089973,119538,119538,0,-2,-2,0,0,0,68,70,10,0,62,187.4,0,-2,45,-1000,-1,0,0,0,,,,,,,,,
1243,1783702090082,119647,119646,0,-2,-2,0,0,0,68,70,10,0,62,187.2,0,-2,46,-999,-1,0,0,0,,,,,,,,,
1244,1783702090181,119746,119746,0,-2,-2,0,0,0,68,70,10,0,62,187.32,0,-3,45,-995,-1,0,0,0,,,,,,,,,
1245,1783702090279,119844,119844,0,-2,-2,0,0,0,68,70,10,0,62,187.64,0,-4,46,-998,-1,0,0,0,,,,,,,,,
1246,1783702090381,119946,119946,0,-2,-2,0,0,0,68,70,10,0,62,187.23,0,-2,48,-1000,-1,0,0,0,,,,,,,,,
1247,1783702090483,120048,120048,0,-2,-2,0,0,0,68,70,10,0,62,187.07,0,-1,46,-998,-1,0,0,0,,,,,,,,,
1248,1783702090585,120150,120150,0,-2,-2,0,0,0,68,70,10,0,62,187.29,0,-1,47,-996,-1,0,0,0,,,,,,,,,
1249,1783702090687,120252,120252,0,-2,-2,0,0,0,68,70,10,0,62,187.47,0,-3,46,-996,-1,0,0,0,,,,,,,,,
1250,1783702090792,120357,120357,0,-2,-2,0,0,0,68,70,10,0,62,187.14,0,-1,46,-998,-1,0,0,0,,,,,,,,,
1251,1783702090891,120456,120456,0,-2,-2,0,0,0,67,70,10,0,62,187.62,0,-1,46,-998,-1,0,0,0,,,,,,,,,
1252,1783702090996,120561,120560,0,-2,-2,0,0,0,67,70,10,0,62,187.41,0,-4,47,-998,-1,0,0,0,,,,,,,,,
1253,1783702091099,120664,120664,0,-2,-2,0,0,0,67,70,10,0,62,187.36,0,-3,46,-999,-1,0,0,0,,,,,,,,,
1254,1783702091199,120764,120764,0,-2,-2,0,0,0,67,70,10,0,62,187.72,0,-2,46,-999,-1,0,0,0,,,,,,,,,
1255,1783702091301,120866,120866,0,-2,-2,0,0,0,67,70,10,0,62,187.19,0,-1,44,-1000,-1,0,0,0,,,,,,,,,
1256,1783702091413,120978,120977,0,-2,-2,0,0,0,67,70,10,0,62,187.42,0,-3,44,-997,-1,0,0,0,,,,,,,,,
1257,1783702091510,121075,121075,0,-2,-2,0,0,0,67,70,10,0,62,187.32,0,-3,49,-996,-1,0,0,0,,,,,,,,,
1258,1783702091612,121177,121177,0,-2,-2,0,0,0,67,70,10,0,62,187.36,0,-4,46,-998,-1,0,0,0,,,,,,,,,
1259,1783702091714,121279,121279,0,-2,-2,0,0,0,67,70,10,0,62,187.12,0,-2,45,-1000,-1,0,0,0,,,,,,,,,
1260,1783702091816,121381,121381,0,-2,-2,0,0,0,67,70,10,0,62,186.85,0,-1,46,-997,-1,0,0,0,,,,,,,,,
1261,1783702091918,121483,121483,0,-2,-2,0,0,0,67,70,10,0,62,187.31,0,-2,46,-998,-1,0,0,0,,,,,,,,,
1262,1783702092020,121585,121585,0,-2,-2,0,0,0,67,70,10,0,62,187.64,0,-3,46,-998,-1,0,0,0,,,,,,,,,
1263,1783702092122,121687,121687,0,-2,-2,0,0,0,67,70,10,0,62,187.54,0,-4,46,-997,-1,0,0,0,,,,,,,,,
1264,1783702092225,121790,121789,0,-2,-2,0,0,0,67,70,10,0,62,187.4,0,-2,48,-999,-1,0,0,0,,,,,,,,,
1265,1783702092276,121841,121841,0,-2,-2,0,0,0,67,70,10,0,62,187.46,0,-2,48,-1000,-1,0,0,0,,,,,,,,,
1266,1783702092378,121943,121943,0,-2,-2,0,0,0,67,70,10,0,62,187.68,0,-2,47,-999,-1,0,0,0,,,,,,,,,
1267,1783702092480,122045,122045,0,-2,-2,0,0,0,67,70,10,0,62,187.44,0,-1,47,-994,-1,0,0,0,,,,,,,,,
1268,1783702092582,122147,122147,0,-2,-2,0,0,0,67,70,10,0,62,187.35,0,-3,45,-998,-1,0,0,0,,,,,,,,,
1269,1783702092684,122249,122249,0,-2,-2,0,0,0,67,70,10,0,62,187.26,0,-2,45,-996,-1,0,0,0,,,,,,,,,
1270,1783702092786,122351,122351,0,-2,-2,0,0,0,67,70,10,0,62,187.48,0,-2,47,-999,-1,0,0,0,,,,,,,,,
1271,1783702092888,122453,122453,0,-2,-2,0,0,0,68,70,10,0,62,187.12,0,-2,45,-998,-1,0,0,0,,,,,,,,,
1272,1783702092990,122555,122555,0,-2,-2,0,0,0,68,70,10,0,62,187.43,0,-3,46,-996,-1,0,0,0,,,,,,,,,
1273,1783702093093,122658,122658,0,-2,-2,0,0,0,68,70,10,0,62,187.22,0,-4,46,-998,-1,0,0,0,,,,,,,,,
1274,1783702093196,122761,122761,0,-2,-2,0,0,0,68,70,10,0,62,187.59,0,-3,47,-1001,-1,0,0,0,,,,,,,,,
1275,1783702093297,122862,122862,0,-2,-2,0,0,0,68,70,10,0,62,187.47,0,-2,48,-1002,-1,0,0,0,,,,,,,,,
1276,1783702093398,122963,122963,0,-2,-2,0,0,0,68,70,10,0,62,187.44,0,-3,46,-1000,-1,0,0,0,,,,,,,,,
1277,1783702093500,123065,123065,0,-2,-2,0,0,0,68,70,10,0,62,187.36,0,-4,45,-999,-1,0,0,0,,,,,,,,,
1278,1783702093602,123167,123167,0,-2,-2,0,0,0,68,70,10,0,62,187.46,0,-3,46,-998,-1,0,0,0,,,,,,,,,
1279,1783702093704,123269,123269,0,-2,-2,0,0,0,68,70,10,0,62,187.39,0,-1,47,-1000,-1,0,0,0,,,,,,,,,
1280,1783702093806,123371,123371,0,-2,-2,0,0,0,68,70,10,0,62,187.4,0,-3,46,-1002,-1,0,0,0,,,,,,,,,
1281,1783702093908,123473,123473,0,-2,-2,0,0,0,67,70,10,0,62,187.35,0,-2,46,-1000,-1,0,0,0,,,,,,,,,
1282,1783702094010,123575,123575,0,-2,-2,0,0,0,67,70,10,0,62,187.65,0,-3,47,-997,-1,0,0,0,,,,,,,,,
1283,1783702094112,123677,123677,0,-2,-2,0,0,0,67,70,10,0,62,187.51,0,-2,46,-1000,-1,0,0,0,,,,,,,,,
1284,1783702094214,123779,123779,0,-2,-2,0,0,0,67,70,10,0,62,187.64,0,-2,45,-1001,-1,0,0,0,,,,,,,,,
1285,1783702094316,123881,123881,0,-2,-2,0,0,0,67,70,10,0,62,187.21,0,-4,46,-1000,-1,0,0,0,,,,,,,,,
1286,1783702094418,123983,123983,0,-2,-2,0,0,0,67,70,10,0,62,187.06,0,-2,47,-998,-1,0,0,0,,,,,,,,,
1287,1783702094520,124085,124085,0,-2,-2,0,0,0,67,70,10,0,62,187.45,0,-3,47,-998,-1,0,0,0,,,,,,,,,
1288,1783702094623,124188,124188,0,-2,-2,0,0,0,67,70,10,0,62,187.41,0,-3,46,-999,-1,0,0,0,,,,,,,,,
1289,1783702094726,124291,124291,0,-2,-2,0,0,0,67,70,10,0,62,187.53,0,-2,47,-999,-1,0,0,0,,,,,,,,,
1290,1783702094829,124394,124394,0,-2,-2,0,0,0,67,70,10,0,62,187.57,0,-4,46,-999,-1,0,0,0,,,,,,,,,
1291,1783702094931,124496,124496,0,-2,-2,0,0,0,67,70,10,0,62,187.54,0,-4,47,-998,-1,0,0,0,,,,,,,,,
1292,1783702095031,124596,124596,0,-2,-2,0,0,0,67,70,10,0,62,187.19,0,-3,45,-997,-1,0,0,0,,,,,,,,,
1293,1783702095133,124698,124698,0,-2,-2,0,0,0,67,70,10,0,62,187.44,0,-2,46,-999,-1,0,0,0,,,,,,,,,
1294,1783702095235,124800,124800,0,-2,-2,0,0,0,67,70,10,0,62,187.64,0,0,47,-1001,-1,0,0,0,,,,,,,,,
1295,1783702095337,124902,124902,0,-2,-2,0,0,0,67,70,10,0,62,187.42,0,-2,46,-999,-1,0,0,0,,,,,,,,,
1296,1783702095439,125004,125004,0,-2,-2,0,0,0,67,70,10,0,62,187.27,0,-2,47,-997,-1,0,0,0,,,,,,,,,
1297,1783702095541,125106,125105,0,-2,-2,0,0,0,67,70,10,0,62,187.32,0,-4,46,-999,-1,0,0,0,,,,,,,,,
1298,1783702095596,125161,125161,0,-2,-2,0,0,0,67,70,10,0,62,187.54,0,-5,47,-1001,-1,0,0,0,,,,,,,,,
1299,1783702095694,125259,125259,0,-2,-2,0,0,0,67,70,10,0,62,187.29,0,-2,47,-1001,-1,0,0,0,,,,,,,,,
1300,1783702095804,125369,125369,0,-2,-2,0,0,0,67,70,10,0,62,187.48,0,-3,46,-998,-1,0,0,0,,,,,,,,,
1301,1783702095903,125468,125468,0,-2,-2,0,0,0,69,70,10,0,62,186.86,0,-5,46,-996,-1,0,0,0,,,,,,,,,
1302,1783702096019,125584,125583,0,-2,-2,0,0,0,69,70,10,0,62,187.33,0,-2,46,-998,-1,0,0,0,,,,,,,,,
1303,1783702096103,125668,125668,0,-2,-2,0,0,0,69,70,10,0,62,187.54,0,-2,45,-999,-1,0,0,0,,,,,,,,,
1304,1783702096206,125771,125771,0,-2,-2,0,0,0,69,70,10,0,62,187.26,0,-2,45,-1000,-1,0,0,0,,,,,,,,,
1305,1783702096309,125874,125873,0,-2,-2,0,0,0,69,70,10,0,62,187.56,0,-1,47,-1001,-1,0,0,0,,,,,,,,,
1306,1783702096410,125975,125975,0,-2,-2,0,0,0,69,70,10,0,62,187.52,0,-2,47,-996,-1,0,0,0,,,,,,,,,
1307,1783702096514,126079,126078,0,-2,-2,0,0,0,69,70,10,0,62,187.36,0,-3,46,-999,-1,0,0,0,,,,,,,,,
1308,1783702096616,126181,126181,0,-2,-2,0,0,0,69,70,10,0,62,187.41,0,-4,47,-1000,-1,0,0,0,,,,,,,,,
1309,1783702096720,126285,126285,0,-2,-2,0,0,0,69,70,10,0,62,187.37,0,-2,46,-999,-1,0,0,0,,,,,,,,,
1310,1783702096821,126386,126385,0,-2,-2,0,0,0,69,70,10,0,62,187.37,0,-4,46,-997,-1,0,0,0,,,,,,,,,
1311,1783702096920,126485,126485,0,-2,-2,0,0,0,68,70,10,0,62,187.33,0,-3,46,-997,-1,0,0,0,,,,,,,,,
1312,1783702097027,126592,126592,0,-2,-2,0,0,0,68,70,10,0,62,187.46,0,-4,44,-997,-1,0,0,0,,,,,,,,,
1313,1783702097142,126707,126706,0,-2,-2,0,0,0,68,70,10,0,62,187.43,0,-5,46,-999,-1,0,0,0,,,,,,,,,
1314,1783702097230,126795,126795,0,-2,-2,0,0,0,68,70,10,0,62,187.32,0,-3,46,-1000,-1,0,0,0,,,,,,,,,
1315,1783702097327,126892,126892,0,-2,-2,0,0,0,68,70,10,0,62,187.05,0,-2,46,-999,-1,0,0,0,,,,,,,,,
1316,1783702097429,126994,126994,0,-2,-2,0,0,0,68,70,10,0,62,187.35,0,-2,47,-999,-1,0,0,0,,,,,,,,,
1317,1783702097530,127095,127095,0,-2,-2,0,0,0,68,70,10,0,62,187.32,0,-4,48,-995,-1,0,0,0,,,,,,,,,
1318,1783702097633,127198,127197,0,-2,-2,0,0,0,68,70,10,0,62,187.25,0,-2,45,-999,-1,0,0,0,,,,,,,,,
1319,1783702097735,127300,127299,0,-2,-2,0,0,0,68,70,10,0,62,187.26,0,-3,46,-1000,-1,0,0,0,,,,,,,,,
1320,1783702097837,127402,127401,0,-2,-2,0,0,0,68,70,10,0,62,187.36,0,-2,45,-1001,-1,0,0,0,,,,,,,,,
1321,1783702097939,127504,127503,0,-2,-2,0,0,0,68,70,10,0,62,187.06,0,-3,46,-999,-1,0,0,0,,,,,,,,,
1322,1783702098041,127606,127605,0,-2,-2,0,0,0,68,70,10,0,62,187.06,0,-2,47,-1000,-1,0,0,0,,,,,,,,,
1323,1783702098143,127708,127707,0,-2,-2,0,0,0,68,70,10,0,62,187.12,0,-3,46,-1001,-1,0,0,0,,,,,,,,,
1324,1783702098245,127810,127810,0,-2,-2,0,0,0,68,70,10,0,62,187.52,0,-3,45,-1000,-1,0,0,0,,,,,,,,,
1325,1783702098347,127912,127911,0,-2,-2,0,0,0,68,70,10,0,62,187.39,0,-3,46,-996,-1,0,0,0,,,,,,,,,
1326,1783702098449,128014,128013,0,-2,-2,0,0,0,68,70,10,0,62,187.4,0,-3,45,-997,-1,0,0,0,,,,,,,,,
1327,1783702098551,128116,128115,0,-2,-2,0,0,0,68,70,10,0,62,187.4,0,-3,45,-1002,-1,0,0,0,,,,,,,,,
1328,1783702098653,128218,128217,0,-2,-2,0,0,0,68,70,10,0,62,187.27,0,-2,46,-1000,-1,0,0,0,,,,,,,,,
1329,1783702098755,128320,128320,0,-2,-2,0,0,0,68,70,10,0,62,187.27,0,-1,46,-1001,-1,0,0,0,,,,,,,,,
1330,1783702098807,128372,128371,0,-2,-2,0,0,0,68,70,10,0,62,187.48,0,-4,44,-996,-1,0,0,0,,,,,,,,,
1331,1783702098962,128527,128527,0,-2,-2,0,0,0,67,70,10,0,62,187.49,0,-2,45,-999,-1,0,0,0,,,,,,,,,
1332,1783702099011,128576,128575,0,-2,-2,0,0,0,67,70,10,0,62,187.5,0,-3,45,-997,-1,0,0,0,,,,,,,,,
1333,1783702099113,128678,128677,0,-2,-2,0,0,0,67,70,10,0,62,187.5,0,-4,46,-999,-1,0,0,0,,,,,,,,,
1334,1783702099215,128780,128779,0,-2,-2,0,0,0,67,70,10,0,62,187.4,0,-3,46,-996,-1,0,0,0,,,,,,,,,
1335,1783702099317,128882,128881,0,-2,-2,0,0,0,67,70,10,0,62,187.51,0,-2,47,-1000,-1,0,0,0,,,,,,,,,
1336,1783702099419,128984,128983,0,-2,-2,0,0,0,67,70,10,0,62,187.23,0,-2,45,-1000,-1,0,0,0,,,,,,,,,
1337,1783702099521,129086,129085,0,-2,-2,0,0,0,67,70,10,0,62,187.45,0,-2,46,-999,-1,0,0,0,,,,,,,,,
1338,1783702099623,129188,129187,0,-2,-2,0,0,0,67,70,10,0,62,187.54,0,-3,46,-995,-1,0,0,0,,,,,,,,,
1339,1783702099728,129293,129293,0,-2,-2,0,0,0,67,70,10,0,62,187.23,0,-4,46,-999,-1,0,0,0,,,,,,,,,
1340,1783702099827,129392,129392,0,-2,-2,0,0,0,67,70,10,0,62,187.16,0,-2,46,-997,-1,0,0,0,,,,,,,,,
1341,1783702099931,129496,129496,0,-2,-2,0,0,0,68,71,10,0,62,187.35,0,0,46,-1000,-1,0,0,0,,,,,,,,,
1342,1783702100033,129598,129597,0,-2,-2,0,0,0,68,71,10,0,62,187.4,0,-2,46,-998,-1,0,0,0,,,,,,,,,
1343,1783702100133,129698,129697,0,-2,-2,0,0,0,68,71,10,0,62,187.47,0,-3,46,-999,-1,0,0,0,,,,,,,,,
1344,1783702100235,129800,129799,0,-2,-2,0,0,0,68,71,10,0,62,187.57,0,-5,46,-996,-1,0,0,0,,,,,,,,,
1345,1783702100338,129903,129903,0,-2,-2,0,0,0,68,71,10,0,62,187.49,0,-1,46,-999,-1,0,0,0,,,,,,,,,
1346,1783702100439,130004,130003,0,-2,-2,0,0,0,68,71,10,0,62,187.33,0,-1,46,-999,-1,0,0,0,,,,,,,,,
1347,1783702100541,130106,130105,0,-2,-2,0,0,0,68,71,10,0,62,187.2,0,-4,46,-998,-1,0,0,0,,,,,,,,,
1348,1783702100643,130208,130207,0,-2,-2,0,0,0,68,71,10,0,62,187.24,0,-3,45,-999,-1,0,0,0,,,,,,,,,
1349,1783702100745,130310,130309,0,-2,-2,0,0,0,68,71,10,0,62,187.41,0,-4,46,-996,-1,0,0,0,,,,,,,,,
1350,1783702100847,130412,130411,0,-2,-2,0,0,0,68,71,10,0,62,187.18,0,-2,48,-1001,-1,0,0,0,,,,,,,,,
1351,1783702100953,130518,130518,0,-2,-2,0,0,0,68,71,10,0,62,187.36,0,-3,46,-1000,-1,0,0,0,,,,,,,,,
1352,1783702101052,130617,130616,0,-2,-2,0,0,0,68,71,10,0,62,187.24,0,0,45,-999,-1,0,0,0,,,,,,,,,
1353,1783702101154,130719,130719,0,-2,-2,0,0,0,68,71,10,0,62,187.46,0,-2,47,-997,-1,0,0,0,,,,,,,,,
1354,1783702101256,130821,130821,0,-2,-2,0,0,0,68,71,10,0,62,187.07,0,-4,46,-995,-1,0,0,0,,,,,,,,,
1355,1783702101360,130925,130925,0,-2,-2,0,0,0,68,71,10,0,62,187.27,0,-3,45,-1002,-1,0,0,0,,,,,,,,,
1356,1783702101462,131027,131027,0,-2,-2,0,0,0,68,71,10,0,62,186.95,0,-3,46,-999,-1,0,0,0,,,,,,,,,
1357,1783702101563,131128,131128,0,-2,-2,0,0,0,68,71,10,0,62,187.19,0,-3,45,-997,-1,0,0,0,,,,,,,,,
1358,1783702101666,131231,131230,0,-2,-2,0,0,0,68,71,10,0,62,187.27,0,-3,44,-998,-1,0,0,0,,,,,,,,,
1359,1783702101766,131331,131331,0,-2,-2,0,0,0,68,71,10,0,62,187.38,0,-3,46,-994,-1,0,0,0,,,,,,,,,
1360,1783702101869,131434,131433,0,-2,-2,0,0,0,68,71,10,0,62,187.52,0,-3,45,-999,-1,0,0,0,,,,,,,,,
1361,1783702101971,131536,131536,0,-2,-2,0,0,0,68,70,10,0,62,187.31,0,-3,46,-1003,-1,0,0,0,,,,,,,,,
1362,1783702102073,131638,131638,0,-2,-2,0,0,0,68,70,10,0,62,187.61,0,-1,45,-1000,-1,0,0,0,,,,,,,,,
1363,1783702102175,131740,131740,0,-2,-2,0,0,0,68,70,10,0,62,187.18,0,-2,45,-997,-1,0,0,0,,,,,,,,,
1364,1783702102227,131792,131792,0,-2,-2,0,0,0,68,70,10,0,62,187.17,0,-4,47,-998,-1,0,0,0,,,,,,,,,
1365,1783702102330,131895,131894,0,-2,-2,0,0,0,68,70,10,0,62,187.37,0,-3,46,-1000,-1,0,0,0,,,,,,,,,
1366,1783702102430,131995,131995,0,-2,-2,0,0,0,68,70,10,0,62,187.68,0,-3,48,-1000,-1,0,0,0,,,,,,,,,
1367,1783702102532,132097,132097,0,-2,-2,0,0,0,68,70,10,0,62,187.13,0,-5,48,-998,-1,0,0,0,,,,,,,,,
1368,1783702102635,132200,132199,0,-2,-2,0,0,0,68,70,10,0,62,187.49,0,-4,47,-997,-1,0,0,0,,,,,,,,,
1369,1783702102736,132301,132301,0,-2,-2,0,0,0,68,70,10,0,62,187.27,0,-1,46,-997,-1,0,0,0,,,,,,,,,
1370,1783702102838,132403,132403,0,-2,-2,0,0,0,68,70,10,0,62,187.37,0,-2,45,-996,-1,0,0,0,,,,,,,,,
1371,1783702102942,132507,132506,0,-2,-2,0,0,0,68,70,10,0,62,187.53,0,-6,45,-997,-1,0,0,0,,,,,,,,,
1372,1783702103042,132607,132607,0,-2,-2,0,0,0,68,70,10,0,62,187.52,0,-2,46,-997,-1,0,0,0,,,,,,,,,
1373,1783702103145,132710,132709,0,-2,-2,0,0,0,68,70,10,0,62,187.39,0,-4,46,-997,-1,0,0,0,,,,,,,,,
1374,1783702103246,132811,132811,0,-2,-2,0,0,0,68,70,10,0,62,187.26,0,0,46,-999,-1,0,0,0,,,,,,,,,
1375,1783702103348,132913,132913,0,-2,-2,0,0,0,68,70,10,0,62,187.37,0,-2,46,-999,-1,0,0,0,,,,,,,,,
1376,1783702103451,133016,133015,0,-2,-2,0,0,0,68,70,10,0,62,187.14,0,-2,44,-997,-1,0,0,0,,,,,,,,,
1377,1783702103552,133117,133117,0,-2,-2,0,0,0,68,70,10,0,62,187.27,0,-4,46,-998,-1,0,0,0,,,,,,,,,
1378,1783702103654,133219,133219,0,-2,-2,0,0,0,68,70,10,0,62,187.34,0,-4,47,-999,-1,0,0,0,,,,,,,,,
1379,1783702103757,133322,133322,0,-2,-2,0,0,0,68,70,10,0,62,187.4,0,0,44,-1000,-1,0,0,0,,,,,,,,,
1380,1783702103860,133425,133425,0,-2,-2,0,0,0,68,70,10,0,62,187.41,0,-3,47,-999,-1,0,0,0,,,,,,,,,
1381,1783702103962,133527,133527,0,-2,-2,0,0,0,67,70,10,0,62,187.41,0,-2,45,-995,-1,0,0,0,,,,,,,,,
1382,1783702104063,133628,133627,0,-2,-2,0,0,0,67,70,10,0,62,187.41,0,-2,45,-996,-1,0,0,0,,,,,,,,,
1383,1783702104164,133729,133729,0,-2,-2,0,0,0,67,70,10,0,62,187.22,0,-4,45,-999,-1,0,0,0,,,,,,,,,
1384,1783702104266,133831,133831,0,-2,-2,0,0,0,67,70,10,0,62,187.25,0,-1,47,-999,-1,0,0,0,,,,,,,,,
1385,1783702104368,133933,133933,0,-2,-2,0,0,0,67,70,10,0,62,187.46,0,-3,46,-1000,-1,0,0,0,,,,,,,,,
1386,1783702104470,134035,134035,0,-2,-2,0,0,0,67,70,10,0,62,187.6,0,-3,45,-998,-1,0,0,0,,,,,,,,,
1387,1783702104572,134137,134137,0,-2,-2,0,0,0,67,70,10,0,62,187.27,0,-4,46,-996,-1,0,0,0,,,,,,,,,
1388,1783702104674,134239,134239,0,-2,-2,0,0,0,67,70,10,0,62,187.2,0,-3,48,-998,-1,0,0,0,,,,,,,,,
1389,1783702104776,134341,134341,0,-2,-2,0,0,0,67,70,10,0,62,187.31,0,-4,46,-1001,-1,0,0,0,,,,,,,,,
1390,1783702104878,134443,134443,0,-2,-2,0,0,0,67,70,10,0,62,186.99,0,-3,46,-1000,-1,0,0,0,,,,,,,,,
1391,1783702104980,134545,134545,0,-2,-2,0,0,0,68,70,10,0,62,187.37,0,-3,45,-998,-1,0,0,0,,,,,,,,,
1392,1783702105082,134647,134647,0,-2,-2,0,0,0,68,70,10,0,62,187.15,0,-1,47,-998,-1,0,0,0,,,,,,,,,
1393,1783702105184,134749,134749,0,-2,-2,0,0,0,68,70,10,0,62,187.32,0,-2,46,-997,-1,0,0,0,,,,,,,,,
1394,1783702105286,134851,134851,0,-2,-2,0,0,0,68,70,10,0,62,187.39,0,-2,48,-1000,-1,0,0,0,,,,,,,,,
1395,1783702105389,134954,134954,0,-2,-2,0,0,0,68,70,10,0,62,187.47,0,-2,47,-999,-1,0,0,0,,,,,,,,,
1396,1783702105440,135005,135005,0,-2,-2,0,0,0,68,70,10,0,62,187.5,0,-2,46,-999,-1,0,0,0,,,,,,,,,
1397,1783702105542,135107,135107,0,-2,-2,0,0,0,68,70,10,0,62,187.4,0,-3,46,-997,-1,0,0,0,,,,,,,,,
1398,1783702105644,135209,135209,0,-2,-2,0,0,0,68,70,10,0,62,187.16,0,0,47,-998,-1,0,0,0,,,,,,,,,
1399,1783702105746,135311,135311,0,-2,-2,0,0,0,68,70,10,0,62,187.27,0,-3,46,-998,-1,0,0,0,,,,,,,,,
1400,1783702105848,135413,135413,0,-2,-2,0,0,0,68,70,10,0,62,187.25,0,-4,46,-998,-1,0,0,0,,,,,,,,,
1401,1783702105950,135515,135515,0,-2,-2,0,0,0,68,70,10,0,62,187.64,0,-3,46,-996,-1,0,0,0,,,,,,,,,
1402,1783702106052,135617,135617,0,-2,-2,0,0,0,68,70,10,0,62,187.08,0,-1,46,-999,-1,0,0,0,,,,,,,,,
1403,1783702106155,135720,135719,0,-2,-2,0,0,0,68,70,10,0,62,187.28,0,-3,47,-1000,-1,0,0,0,,,,,,,,,
1404,1783702106256,135821,135821,0,-2,-2,0,0,0,68,70,10,0,62,187.33,0,-1,44,-999,-1,0,0,0,,,,,,,,,
1405,1783702106359,135924,135924,0,-2,-2,0,0,0,68,70,10,0,62,187.42,0,-4,47,-996,-1,0,0,0,,,,,,,,,
1406,1783702106462,136027,136027,0,-2,-2,0,0,0,68,70,10,0,62,187.34,0,-4,48,-997,-1,0,0,0,,,,,,,,,
1407,1783702106563,136128,136128,0,-2,-2,0,0,0,68,70,10,0,62,187.24,0,-2,46,-996,-1,0,0,0,,,,,,,,,
1408,1783702106664,136229,136229,0,-2,-2,0,0,0,68,70,10,0,62,187.11,0,-2,45,-999,-1,0,0,0,,,,,,,,,
1409,1783702106766,136331,136331,0,-2,-2,0,0,0,68,70,10,0,62,187.03,0,-3,44,-1000,-1,0,0,0,,,,,,,,,
1410,1783702106868,136433,136433,0,-2,-2,0,0,0,68,70,10,0,62,187.36,0,-2,44,-997,-1,0,0,0,,,,,,,,,
1411,1783702106976,136541,136541,0,-2,-2,0,0,0,67,70,10,0,62,187.63,0,-3,47,-997,-1,0,0,0,,,,,,,,,
1412,1783702107078,136643,136643,0,-2,-2,0,0,0,67,70,10,0,62,187.34,0,-2,46,-1001,-1,0,0,0,,,,,,,,,
1413,1783702107174,136739,136739,0,-2,-2,0,0,0,67,70,10,0,62,187.48,0,-1,46,-1001,-1,0,0,0,,,,,,,,,
1414,1783702107276,136841,136841,0,-2,-2,0,0,0,67,70,10,0,62,187.08,0,-2,44,-996,-1,0,0,0,,,,,,,,,
1415,1783702107379,136944,136944,0,-2,-2,0,0,0,67,70,10,0,62,187.36,0,-5,46,-993,-1,0,0,0,,,,,,,,,
1416,1783702107480,137045,137045,0,-2,-2,0,0,0,67,70,10,0,62,187.3,0,-2,45,-997,-1,0,0,0,,,,,,,,,
1417,1783702107582,137147,137147,0,-2,-2,0,0,0,67,70,10,0,62,187.14,0,-3,47,-1003,-1,0,0,0,,,,,,,,,
1418,1783702107684,137249,137249,0,-2,-2,0,0,0,67,70,10,0,62,187.63,0,-3,47,-1000,-1,0,0,0,,,,,,,,,
1419,1783702107786,137351,137351,0,-2,-2,0,0,0,67,70,10,0,62,187.38,0,-3,44,-999,-1,0,0,0,,,,,,,,,
1420,1783702107888,137453,137453,0,-2,-2,0,0,0,67,70,10,0,62,187.3,0,-2,45,-998,-1,0,0,0,,,,,,,,,
1421,1783702107991,137556,137556,0,-2,-2,0,0,0,68,71,10,0,62,187.17,0,-3,46,-999,-1,0,0,0,,,,,,,,,
1422,1783702108094,137659,137659,0,-2,-2,0,0,0,68,71,10,0,62,187.62,0,0,44,-999,-1,0,0,0,,,,,,,,,
1423,1783702108196,137761,137761,0,-2,-2,0,0,0,68,71,10,0,62,187.39,0,-2,44,-996,-1,0,0,0,,,,,,,,,
1424,1783702108297,137862,137862,0,-2,-2,0,0,0,68,71,10,0,62,187.3,0,-4,45,-996,-1,0,0,0,,,,,,,,,
1425,1783702108398,137963,137963,0,-2,-2,0,0,0,68,71,10,0,62,187.36,0,-6,46,-996,-1,0,0,0,,,,,,,,,
1426,1783702108511,138076,138076,0,-2,-2,0,0,0,68,71,10,0,62,187.53,0,-3,47,-1001,-1,0,0,0,,,,,,,,,
1427,1783702108609,138174,138174,0,-2,-2,0,0,0,68,71,10,0,62,187.74,0,-1,45,-1001,-1,0,0,0,,,,,,,,,
1428,1783702108705,138270,138270,0,-2,-2,0,0,0,68,71,10,0,62,187.35,0,-3,45,-995,-1,0,0,0,,,,,,,,,
1429,1783702108757,138322,138321,0,-2,-2,0,0,0,68,71,10,0,62,187.28,0,-3,44,-993,-1,0,0,0,,,,,,,,,
1430,1783702108858,138423,138423,0,-2,-2,0,0,0,68,71,10,0,62,187.6,0,-3,46,-1000,-1,0,0,0,,,,,,,,,
1431,1783702108961,138526,138526,0,-2,-2,0,0,0,68,71,10,0,62,187.24,0,-1,45,-1001,-1,0,0,0,,,,,,,,,
1432,1783702109063,138628,138627,0,-2,-2,0,0,0,68,71,10,0,62,187.5,0,-2,47,-1000,-1,0,0,0,,,,,,,,,
1433,1783702109164,138729,138729,0,-2,-2,0,0,0,68,71,10,0,62,187.36,0,-4,45,-998,-1,0,0,0,,,,,,,,,
1434,1783702109266,138831,138831,0,-2,-2,0,0,0,68,71,10,0,62,187.05,0,-2,46,-996,-1,0,0,0,,,,,,,,,
1435,1783702109368,138933,138933,0,-2,-2,0,0,0,68,71,10,0,62,187.46,0,-5,45,-998,-1,0,0,0,,,,,,,,,
1436,1783702109471,139036,139036,0,-2,-2,0,0,0,68,71,10,0,62,187.35,0,-1,46,-999,-1,0,0,0,,,,,,,,,
1437,1783702109572,139137,139137,0,-2,-2,0,0,0,68,71,10,0,62,187.75,0,-3,47,-1002,-1,0,0,0,,,,,,,,,
1438,1783702109674,139239,139239,0,-2,-2,0,0,0,68,71,10,0,62,187.26,0,-2,47,-997,-1,0,0,0,,,,,,,,,
1439,1783702109776,139341,139341,0,-2,-2,0,0,0,68,71,10,0,62,187.46,0,-1,44,-995,-1,0,0,0,,,,,,,,,
1440,1783702109878,139443,139443,0,-2,-2,0,0,0,68,71,10,0,62,187.46,0,-3,47,-995,-1,0,0,0,,,,,,,,,
1441,1783702109980,139545,139545,0,-2,-2,0,0,0,68,71,10,0,62,187.18,0,-1,45,-999,-1,0,0,0,,,,,,,,,
1442,1783702110082,139647,139647,0,-2,-2,0,0,0,68,71,10,0,62,187.15,0,-3,46,-999,-1,0,0,0,,,,,,,,,
1443,1783702110184,139749,139749,0,-2,-2,0,0,0,68,71,10,0,62,187.2,0,-4,48,-999,-1,0,0,0,,,,,,,,,
1444,1783702110287,139852,139851,0,-2,-2,0,0,0,68,71,10,0,62,187.49,0,-2,46,-996,-1,0,0,0,,,,,,,,,
1445,1783702110388,139953,139953,0,-2,-2,0,0,0,68,71,10,0,62,187.19,0,-1,46,-1001,-1,0,0,0,,,,,,,,,
1446,1783702110491,140056,140056,0,-2,-2,0,0,0,68,71,10,0,62,187.23,0,-1,46,-999,-1,0,0,0,,,,,,,,,
1447,1783702110593,140158,140158,0,-2,-2,0,0,0,68,71,10,0,62,187.31,0,-3,46,-999,-1,0,0,0,,,,,,,,,
1448,1783702110694,140259,140259,0,-2,-2,0,0,0,68,71,10,0,62,187.17,0,-4,45,-994,-1,0,0,0,,,,,,,,,
1449,1783702110795,140360,140360,0,-2,-2,0,0,0,68,71,10,0,62,187.82,0,-4,45,-998,-1,0,0,0,,,,,,,,,
1450,1783702110898,140463,140463,0,-2,-2,0,0,0,68,71,10,0,62,187.2,0,-2,46,-1000,-1,0,0,0,,,,,,,,,
1451,1783702111001,140566,140566,0,-2,-2,0,0,0,68,70,10,0,62,187.22,0,-2,45,-999,-1,0,0,0,,,,,,,,,
1452,1783702111103,140668,140668,0,-2,-2,0,0,0,68,70,10,0,62,187.37,0,-3,46,-996,-1,0,0,0,,,,,,,,,
1453,1783702111205,140770,140770,0,-2,-2,0,0,0,68,70,10,0,62,187.51,0,-4,45,-999,-1,0,0,0,,,,,,,,,
1454,1783702111307,140872,140872,0,-2,-2,0,0,0,68,70,10,0,62,187.38,0,-3,46,-1002,-1,0,0,0,,,,,,,,,
1455,1783702111409,140974,140974,0,-2,-2,0,0,0,68,70,10,0,61,187.28,0,0,47,-1001,-1,0,0,0,,,,,,,,,
1456,1783702111511,141076,141076,0,-2,-2,0,0,0,68,70,10,0,61,187.33,0,-1,47,-1000,-1,0,0,0,,,,,,,,,
1457,1783702111613,141178,141178,0,-2,-2,0,0,0,68,70,10,0,61,187.19,0,-5,46,-996,-1,0,0,0,,,,,,,,,
1458,1783702111715,141280,141280,0,-2,-2,0,0,0,68,70,10,0,61,187.27,0,-2,45,-996,-1,0,0,0,,,,,,,,,
1459,1783702111766,141331,141331,0,-2,-2,0,0,0,68,70,10,0,61,187.26,0,-2,46,-998,-1,0,0,0,,,,,,,,,
1460,1783702111868,141433,141433,0,-2,-2,0,0,0,68,70,10,0,61,187.17,0,-3,46,-999,-1,0,0,0,,,,,,,,,
1461,1783702112021,141586,141586,0,-2,-2,0,0,0,68,70,10,0,61,187.52,0,-3,47,-998,-1,0,0,0,,,,,,,,,
1462,1783702112125,141690,141689,0,-2,-2,0,0,0,68,70,10,0,61,187.45,0,-2,48,-997,-1,0,0,0,,,,,,,,,
1463,1783702112175,141740,141740,0,-2,-2,0,0,0,68,70,10,0,61,187.5,0,-3,47,-998,-1,0,0,0,,,,,,,,,
1464,1783702112277,141842,141842,0,-2,-2,0,0,0,68,70,10,0,61,187.36,0,-4,47,-999,-1,0,0,0,,,,,,,,,
1465,1783702112379,141944,141944,0,-2,-2,0,0,0,68,70,10,0,61,187.09,0,-2,47,-1000,-1,0,0,0,,,,,,,,,
1466,1783702112481,142046,142046,0,-2,-2,0,0,0,68,70,10,0,61,187.57,0,-2,45,-1000,-1,0,0,0,,,,,,,,,
1467,1783702112583,142148,142148,0,-2,-2,0,0,0,68,70,10,0,61,187.57,0,-3,46,-995,-1,0,0,0,,,,,,,,,
1468,1783702112685,142250,142250,0,-2,-2,0,0,0,68,70,10,0,61,187.4,0,-3,46,-997,-1,0,0,0,,,,,,,,,
1469,1783702112787,142352,142352,0,-2,-2,0,0,0,68,70,10,0,61,187.16,0,-1,47,-999,-1,0,0,0,,,,,,,,,
1470,1783702112889,142454,142454,0,-2,-2,0,0,0,68,70,10,0,61,187.35,0,-3,46,-998,-1,0,0,0,,,,,,,,,
1471,1783702112990,142555,142555,0,-2,-2,0,0,0,68,71,10,0,61,187.31,0,-4,46,-998,-1,0,0,0,,,,,,,,,
1472,1783702113095,142660,142660,0,-2,-2,0,0,0,68,71,10,0,61,187.36,0,-2,46,-996,-1,0,0,0,,,,,,,,,
1473,1783702113197,142762,142762,0,-2,-2,0,0,0,68,71,10,0,61,187.3,0,-4,45,-1000,-1,0,0,0,,,,,,,,,
1474,1783702113299,142864,142864,0,-2,-2,0,0,0,68,71,10,0,61,187.24,0,-2,46,-999,-1,0,0,0,,,,,,,,,
1475,1783702113401,142966,142966,0,-2,-2,0,0,0,68,71,10,0,61,187.54,0,-2,45,-996,-1,0,0,0,,,,,,,,,
1476,1783702113503,143068,143068,0,-2,-2,0,0,0,68,71,10,0,61,187.4,0,-4,46,-997,-1,0,0,0,,,,,,,,,
1477,1783702113605,143170,143170,0,-2,-2,0,0,0,68,71,10,0,61,187.44,0,-4,47,-994,-1,0,0,0,,,,,,,,,
1478,1783702113707,143272,143272,0,-2,-2,0,0,0,68,71,10,0,61,187.3,0,-2,44,-1000,-1,0,0,0,,,,,,,,,
1479,1783702113809,143374,143374,0,-2,-2,0,0,0,68,71,10,0,61,187.48,0,-2,45,-1000,-1,0,0,0,,,,,,,,,
1480,1783702113911,143476,143476,0,-2,-2,0,0,0,68,71,10,0,61,187.4,0,-3,46,-999,-1,0,0,0,,,,,,,,,
1481,1783702114013,143578,143578,0,-2,-2,0,0,0,68,71,10,0,61,187.37,0,-6,48,-996,-1,0,0,0,,,,,,,,,
1482,1783702114115,143680,143680,0,-2,-2,0,0,0,68,71,10,0,61,187.27,0,-4,45,-998,-1,0,0,0,,,,,,,,,
1483,1783702114217,143782,143782,0,-2,-2,0,0,0,68,71,10,0,61,187.39,0,-4,47,-1002,-1,0,0,0,,,,,,,,,
1484,1783702114319,143884,143884,0,-2,-2,0,0,0,68,71,10,0,61,187.26,0,-4,44,-1000,-1,0,0,0,,,,,,,,,
1485,1783702114422,143987,143987,0,-2,-2,0,0,0,68,71,10,0,61,187.52,0,-2,46,-998,-1,0,0,0,,,,,,,,,
1486,1783702114525,144090,144090,0,-2,-2,0,0,0,68,71,10,0,61,187.3,0,-3,47,-997,-1,0,0,0,,,,,,,,,
1487,1783702114628,144193,144192,0,-2,-2,0,0,0,68,71,10,0,61,187.29,0,-3,47,-1000,-1,0,0,0,,,,,,,,,
1488,1783702114728,144293,144293,0,-2,-2,0,0,0,68,71,10,0,61,187.48,0,-3,47,-1002,-1,0,0,0,,,,,,,,,
1489,1783702114780,144345,144345,0,-2,-2,0,0,0,68,71,10,0,61,186.99,0,-1,45,-996,-1,0,0,0,,,,,,,,,
1490,1783702114882,144447,144447,0,-2,-2,0,0,0,68,71,10,0,61,187.4,0,-2,45,-996,-1,0,0,0,,,,,,,,,
1491,1783702114984,144549,144549,0,-2,-2,0,0,0,68,71,10,0,61,187.58,0,-4,45,-997,-1,0,0,0,,,,,,,,,
1492,1783702115086,144651,144651,0,-2,-2,0,0,0,68,71,10,0,61,187.49,0,-5,45,-998,-1,0,0,0,,,,,,,,,
1493,1783702115188,144753,144753,0,-2,-2,0,0,0,68,71,10,0,61,187.35,0,-3,45,-1000,-1,0,0,0,,,,,,,,,
1494,1783702115291,144856,144856,0,-2,-2,0,0,0,68,71,10,0,61,187.25,0,-3,47,-999,-1,0,0,0,,,,,,,,,
1495,1783702115396,144961,144961,0,-2,-2,0,0,0,68,71,10,0,61,187.14,0,-1,47,-996,-1,0,0,0,,,,,,,,,
1496,1783702115496,145061,145061,0,-2,-2,0,0,0,68,71,10,0,61,187.23,0,-2,46,-996,-1,0,0,0,,,,,,,,,
1497,1783702115597,145162,145162,0,-2,-2,0,0,0,68,71,10,0,61,187.53,0,-3,46,-1000,-1,0,0,0,,,,,,,,,
1498,1783702115699,145264,145264,0,-2,-2,0,0,0,68,71,10,0,61,187.3,0,-2,47,-1002,-1,0,0,0,,,,,,,,,
1499,1783702115801,145366,145366,0,-2,-2,0,0,0,68,71,10,0,61,187.28,0,-4,45,-999,-1,0,0,0,,,,,,,,,
1500,1783702115903,145468,145468,0,-2,-2,0,0,0,68,71,10,0,61,187.46,0,-2,47,-997,-1,0,0,0,,,,,,,,,
1501,1783702116012,145577,145577,0,-2,-2,0,0,0,68,71,10,0,61,187.41,0,-2,46,-996,-1,0,0,0,,,,,,,,,
1502,1783702116108,145673,145673,0,-2,-2,0,0,0,68,71,10,0,61,187.38,0,-3,48,-1000,-1,0,0,0,,,,,,,,,
1503,1783702116210,145775,145774,0,-2,-2,0,0,0,68,71,10,0,61,187.32,0,-3,46,-1000,-1,0,0,0,,,,,,,,,
1504,1783702116313,145878,145878,0,-2,-2,0,0,0,68,71,10,0,61,187.3,0,-4,47,-1002,-1,0,0,0,,,,,,,,,
1505,1783702116413,145978,145978,0,-2,-2,0,0,0,68,71,10,0,61,187.4,0,-3,44,-997,-1,0,0,0,,,,,,,,,
1506,1783702116515,146080,146080,0,-2,-2,0,0,0,68,71,10,0,61,187.4,0,-5,46,-996,-1,0,0,0,,,,,,,,,
1507,1783702116617,146182,146182,0,-2,-2,0,0,0,68,71,10,0,61,187.58,0,-2,47,-999,-1,0,0,0,,,,,,,,,
1508,1783702116719,146284,146284,0,-2,-2,0,0,0,68,71,10,0,61,187.3,0,-1,46,-999,-1,0,0,0,,,,,,,,,
1509,1783702116821,146386,146386,0,-2,-2,0,0,0,68,71,10,0,61,187.53,0,-3,46,-998,-1,0,0,0,,,,,,,,,
1510,1783702116923,146488,146488,0,-2,-2,0,0,0,68,71,10,0,61,187.13,0,-4,46,-998,-1,0,0,0,,,,,,,,,
1511,1783702117026,146591,146591,0,-2,-2,0,0,0,68,71,10,0,61,187.45,0,0,48,-997,-1,0,0,0,,,,,,,,,
1512,1783702117128,146693,146693,0,-2,-2,0,0,0,68,71,10,0,61,187.34,0,-2,47,-996,-1,0,0,0,,,,,,,,,
1513,1783702117230,146795,146795,0,-2,-2,0,0,0,68,71,10,0,61,187.34,0,-2,45,-999,-1,0,0,0,,,,,,,,,
1514,1783702117332,146897,146897,0,-2,-2,0,0,0,68,71,10,0,61,187.06,0,-4,44,-998,-1,0,0,0,,,,,,,,,
1515,1783702117434,146999,146999,0,-2,-2,0,0,0,68,71,10,0,61,187.33,0,-2,47,-997,-1,0,0,0,,,,,,,,,
1516,1783702117536,147101,147100,0,-2,-2,0,0,0,68,71,10,0,61,187.17,0,-4,47,-1001,-1,0,0,0,,,,,,,,,
1517,1783702117638,147203,147202,0,-2,-2,0,0,0,68,71,10,0,61,187.19,0,0,46,-999,-1,0,0,0,,,,,,,,,
1518,1783702117740,147305,147304,0,-2,-2,0,0,0,68,71,10,0,61,187.24,0,-3,47,-997,-1,0,0,0,,,,,,,,,
1519,1783702117842,147407,147407,0,-2,-2,0,0,0,68,71,10,0,61,187.4,0,-2,44,-996,-1,0,0,0,,,,,,,,,
1520,1783702117944,147509,147509,0,-2,-2,0,0,0,68,71,10,0,61,187.32,0,-3,45,-999,-1,0,0,0,,,,,,,,,
1521,1783702118046,147611,147610,0,-2,-2,0,0,0,68,71,10,0,61,187.36,0,-1,46,-998,-1,0,0,0,,,,,,,,,
1522,1783702118148,147713,147713,0,-2,-2,0,0,0,68,71,10,0,61,187.34,0,0,46,-998,-1,0,0,0,,,,,,,,,
1523,1783702118216,147781,147781,0,-2,-2,0,0,0,68,71,10,0,61,187.4,0,-3,45,-995,-1,0,0,0,,,,,,,,,
1524,1783702118304,147869,147869,0,-2,-2,0,0,0,68,71,10,0,61,187.2,0,-4,46,-999,-1,0,0,0,,,,,,,,,
1525,1783702118406,147971,147970,0,-2,-2,0,0,0,68,71,10,0,61,187.49,0,-4,45,-996,-1,0,0,0,,,,,,,,,
1526,1783702118509,148074,148073,0,-2,-2,0,0,0,68,71,10,0,61,187.17,0,-5,48,-996,-1,0,0,0,,,,,,,,,
1527,1783702118615,148180,148179,0,-2,-2,0,0,0,68,71,10,0,61,187.32,0,-4,45,-999,-1,0,0,0,,,,,,,,,
1528,1783702118713,148278,148278,0,-2,-2,0,0,0,68,71,10,0,61,187.61,0,-4,46,-1001,-1,0,0,0,,,,,,,,,
1529,1783702118816,148381,148380,0,-2,-2,0,0,0,68,71,10,0,61,187.56,0,-3,46,-999,-1,0,0,0,,,,,,,,,
1530,1783702118916,148481,148480,0,-2,-2,0,0,0,68,71,10,0,61,187.17,0,-4,46,-997,-1,0,0,0,,,,,,,,,
1531,1783702119018,148583,148583,0,-2,-2,0,0,0,68,70,10,0,61,187.24,0,-2,45,-999,-1,0,0,0,,,,,,,,,
1532,1783702119120,148685,148684,0,-2,-2,0,0,0,68,70,10,0,61,187.4,0,-3,47,-996,-1,0,0,0,,,,,,,,,
1533,1783702119222,148787,148787,0,-2,-2,0,0,0,68,70,10,0,61,187.36,0,-2,48,-997,-1,0,0,0,,,,,,,,,
1534,1783702119333,148898,148898,0,-2,-2,0,0,0,68,70,10,0,61,187.32,0,-3,47,-999,-1,0,0,0,,,,,,,,,
1535,1783702119430,148995,148995,0,-2,-2,0,0,0,68,70,10,0,61,187.56,0,-4,46,-999,-1,0,0,0,,,,,,,,,
1536,1783702119527,149092,149091,0,-2,-2,0,0,0,68,70,10,0,61,187.47,0,-1,47,-1000,-1,0,0,0,,,,,,,,,
1537,1783702119632,149197,149197,0,-2,-2,0,0,0,68,70,10,0,61,187.52,0,-3,47,-999,-1,0,0,0,,,,,,,,,
1538,1783702119732,149297,149296,0,-2,-2,0,0,0,68,70,10,0,61,187.24,0,-2,46,-996,-1,0,0,0,,,,,,,,,
1539,1783702119834,149399,149399,0,-2,-2,0,0,0,68,70,10,0,61,187.38,0,-6,44,-998,-1,0,0,0,,,,,,,,,
1540,1783702119936,149501,149500,0,-2,-2,0,0,0,68,70,10,0,61,187.36,0,-3,47,-997,-1,0,0,0,,,,,,,,,
1541,1783702120038,149603,149602,0,-2,-2,0,0,0,68,71,10,0,61,187.64,0,-2,47,-1000,-1,0,0,0,,,,,,,,,
1542,1783702120142,149707,149707,0,-2,-2,0,0,0,68,71,10,0,61,187.07,0,-1,45,-996,-1,0,0,0,,,,,,,,,
1543,1783702120242,149807,149806,0,-2,-2,0,0,0,68,71,10,0,61,187.06,0,-3,46,-998,-1,0,0,0,,,,,,,,,
1544,1783702120345,149910,149909,0,-2,-2,0,0,0,68,71,10,0,61,187.35,0,-2,47,-995,-1,0,0,0,,,,,,,,,
1545,1783702120447,150012,150011,0,-2,-2,0,0,0,68,71,10,0,61,187.27,0,-2,46,-999,-1,0,0,0,,,,,,,,,
1546,1783702120550,150115,150114,0,-2,-2,0,0,0,68,71,10,0,61,187.28,0,-2,44,-999,-1,0,0,0,,,,,,,,,
1547,1783702120650,150215,150214,0,-2,-2,0,0,0,68,71,10,0,61,186.86,0,-3,46,-999,-1,0,0,0,,,,,,,,,
1548,1783702120752,150317,150316,0,-2,-2,0,0,0,68,71,10,0,61,187.04,0,-2,47,-996,-1,0,0,0,,,,,,,,,
1549,1783702120854,150419,150418,0,-2,-2,0,0,0,68,71,10,0,61,187.32,0,-3,48,-996,-1,0,0,0,,,,,,,,,
1550,1783702120958,150523,150522,0,-2,-2,0,0,0,68,71,10,0,61,187.26,0,-2,47,-998,-1,0,0,0,,,,,,,,,
1551,1783702121061,150626,150626,0,-2,-2,0,0,0,68,71,10,0,61,187.24,0,-4,46,-1001,-1,0,0,0,,,,,,,,,
1552,1783702121161,150726,150726,0,-2,-2,0,0,0,68,71,10,0,61,187.16,0,-3,46,-999,-1,0,0,0,,,,,,,,,
1553,1783702121262,150827,150827,0,-2,-2,0,0,0,68,71,10,0,61,187.18,0,-3,47,-998,-1,0,0,0,,,,,,,,,
1554,1783702121364,150929,150928,0,-2,-2,0,0,0,68,71,10,0,61,187.38,0,-1,45,-999,-1,0,0,0,,,,,,,,,
1555,1783702121416,150981,150980,0,-2,-2,0,0,0,68,71,10,0,61,187.28,0,-4,44,-998,-1,0,0,0,,,,,,,,,
1556,1783702121518,151083,151082,0,-2,-2,0,0,0,68,71,10,0,61,187.09,0,-3,45,-996,-1,0,0,0,,,,,,,,,
1557,1783702121620,151185,151184,0,-2,-2,0,0,0,68,71,10,0,61,187.2,0,-2,46,-999,-1,0,0,0,,,,,,,,,
1558,1783702121727,151292,151292,0,-2,-2,0,0,0,68,71,10,0,61,187.44,0,-2,47,-998,-1,0,0,0,,,,,,,,,
1559,1783702121824,151389,151389,0,-2,-2,0,0,0,68,71,10,0,61,187.18,0,-1,46,-998,-1,0,0,0,,,,,,,,,
1560,1783702121927,151492,151492,0,-2,-2,0,0,0,68,71,10,0,61,187.18,0,-2,47,-999,-1,0,0,0,,,,,,,,,
1561,1783702122032,151597,151597,0,-2,-2,0,0,0,68,71,10,0,61,187.11,0,-3,45,-997,-1,0,0,0,,,,,,,,,
1562,1783702122132,151697,151697,0,-2,-2,0,0,0,68,71,10,0,61,187.12,0,-5,46,-997,-1,0,0,0,,,,,,,,,
1563,1783702122232,151797,151797,0,-2,-2,0,0,0,68,71,10,0,61,187.13,0,-2,46,-1001,-1,0,0,0,,,,,,,,,
1564,1783702122342,151907,151906,0,-2,-2,0,0,0,68,71,10,0,61,187.07,0,-2,47,-999,-1,0,0,0,,,,,,,,,
1565,1783702122437,152002,152001,0,-2,-2,0,0,0,68,71,10,0,61,187.39,0,-3,46,-999,-1,0,0,0,,,,,,,,,
1566,1783702122538,152103,152103,0,-2,-2,0,0,0,68,71,10,0,61,186.99,0,-3,45,-994,-1,0,0,0,,,,,,,,,
1567,1783702122641,152206,152206,0,-2,-2,0,0,0,68,71,10,0,61,186.93,0,-3,45,-996,-1,0,0,0,,,,,,,,,
1568,1783702122743,152308,152307,0,-2,-2,0,0,0,68,71,10,0,61,187.12,0,-3,45,-1000,-1,0,0,0,,,,,,,,,
1569,1783702122845,152410,152409,0,-2,-2,0,0,0,68,71,10,0,61,187.35,0,-3,44,-999,-1,0,0,0,,,,,,,,,
1570,1783702122946,152511,152511,0,-2,-2,0,0,0,68,71,10,0,61,186.88,0,-2,46,-998,-1,0,0,0,,,,,,,,,
1571,1783702123051,152616,152616,0,-2,-2,0,0,0,69,71,10,0,61,186.96,0,-2,46,-998,-1,0,0,0,,,,,,,,,
1572,1783702123151,152716,152716,0,-2,-2,0,0,0,69,71,10,0,61,187.44,0,-2,46,-998,-1,0,0,0,,,,,,,,,
1573,1783702123255,152820,152820,0,-2,-2,0,0,0,69,71,10,0,61,187.23,0,-3,46,-1000,-1,0,0,0,,,,,,,,,
1574,1783702123355,152920,152919,0,-2,-2,0,0,0,69,71,10,0,61,187.22,0,-1,45,-1002,-1,0,0,0,,,,,,,,,
1575,1783702123465,153030,153029,0,-2,-2,0,0,0,69,71,10,0,61,187.21,0,-2,44,-998,-1,0,0,0,,,,,,,,,
1576,1783702123562,153127,153127,0,-2,-2,0,0,0,69,71,10,0,61,187.36,0,-3,44,-1000,-1,0,0,0,,,,,,,,,
1577,1783702123662,153227,153227,0,-2,-2,0,0,0,69,71,10,0,61,187.58,0,-1,45,-996,-1,0,0,0,,,,,,,,,
1578,1783702123767,153332,153332,0,-2,-2,0,0,0,69,71,10,0,61,187.36,0,-3,47,-1000,-1,0,0,0,,,,,,,,,
1579,1783702123865,153430,153430,0,-2,-2,0,0,0,69,71,10,0,61,187.35,0,-2,45,-999,-1,0,0,0,,,,,,,,,
1580,1783702123975,153540,153540,0,-2,-2,0,0,0,69,71,10,0,61,187.19,0,-4,44,-997,-1,0,0,0,,,,,,,,,
1581,1783702124078,153643,153643,0,-2,-2,0,0,0,69,71,10,0,61,187.22,0,-4,47,-997,-1,0,0,0,,,,,,,,,
1582,1783702124171,153736,153736,0,-2,-2,0,0,0,69,71,10,0,61,187.23,0,-2,45,-996,-1,0,0,0,,,,,,,,,
1583,1783702124279,153844,153844,0,-2,-2,0,0,0,69,71,10,0,61,186.92,0,-3,46,-1000,-1,0,0,0,,,,,,,,,
1584,1783702124375,153940,153940,0,-2,-2,0,0,0,69,71,10,0,61,187.08,0,-3,46,-997,-1,0,0,0,,,,,,,,,
1585,1783702124478,154043,154042,0,-2,-2,0,0,0,69,71,10,0,61,187.23,0,-3,46,-998,-1,0,0,0,,,,,,,,,
1586,1783702124579,154144,154144,0,-2,-2,0,0,0,69,71,10,0,61,187.03,0,-4,46,-996,-1,0,0,0,,,,,,,,,
1587,1783702124629,154194,154194,0,-2,-2,0,0,0,69,71,10,0,61,187.27,0,-1,47,-999,-1,0,0,0,,,,,,,,,
1588,1783702124736,154301,154301,0,-2,-2,0,0,0,69,71,10,0,61,187.27,0,-1,46,-999,-1,0,0,0,,,,,,,,,
1589,1783702124835,154400,154399,0,-2,-2,0,0,0,69,71,10,0,61,186.94,0,-2,47,-998,-1,0,0,0,,,,,,,,,
1590,1783702124936,154501,154501,0,-2,-2,0,0,0,69,71,10,0,61,187.27,0,-4,45,-995,-1,0,0,0,,,,,,,,,
1591,1783702125038,154603,154603,0,-2,-2,0,0,0,68,71,10,0,61,187.32,0,-4,46,-998,-1,0,0,0,,,,,,,,,
1592,1783702125141,154706,154706,0,-2,-2,0,0,0,68,71,10,0,61,187.34,0,-2,47,-999,-1,0,0,0,,,,,,,,,
1593,1783702125243,154808,154808,0,-2,-2,0,0,0,68,71,10,0,61,187.36,0,-2,47,-998,-1,0,0,0,,,,,,,,,
1594,1783702125346,154911,154911,0,-2,-2,0,0,0,68,71,10,0,61,187.4,0,-4,44,-1000,-1,0,0,0,,,,,,,,,
1595,1783702125446,155011,155011,0,-2,-2,0,0,0,68,71,10,0,61,187.17,0,-2,46,-996,-1,0,0,0,,,,,,,,,
1596,1783702125551,155116,155115,0,-2,-2,0,0,0,68,71,10,0,61,187.29,0,-6,47,-999,-1,0,0,0,,,,,,,,,
1597,1783702125650,155215,155215,0,-2,-2,0,0,0,68,71,10,0,61,186.98,0,-2,47,-998,-1,0,0,0,,,,,,,,,
1598,1783702125753,155318,155317,0,-2,-2,0,0,0,68,71,10,0,61,187.11,0,-3,46,-1000,-1,0,0,0,,,,,,,,,
1599,1783702125854,155419,155419,0,-2,-2,0,0,0,68,71,10,0,61,186.98,0,-4,46,-999,-1,0,0,0,,,,,,,,,
1600,1783702125957,155522,155522,0,-2,-2,0,0,0,68,71,10,0,61,187.09,0,-4,46,-996,-1,0,0,0,,,,,,,,,
1601,1783702126062,155627,155626,0,-2,-2,0,0,0,69,70,10,0,61,187.08,0,-4,47,-1000,-1,0,0,0,,,,,,,,,
1602,1783702126161,155726,155726,0,-2,-2,0,0,0,69,70,10,0,61,187.1,0,-3,45,-998,-1,0,0,0,,,,,,,,,
1603,1783702126263,155828,155828,0,-2,-2,0,0,0,69,70,10,0,61,187.29,0,-3,45,-1002,-1,0,0,0,,,,,,,,,
1604,1783702126366,155931,155930,0,-2,-2,0,0,0,69,70,10,0,61,187.48,0,-2,46,-998,-1,0,0,0,,,,,,,,,
1605,1783702126467,156032,156032,0,-2,-2,0,0,0,69,70,10,0,61,187.48,0,-2,47,-997,-1,0,0,0,,,,,,,,,
1606,1783702126569,156134,156134,0,-2,-2,0,0,0,69,70,10,0,61,187.31,0,-3,48,-999,-1,0,0,0,,,,,,,,,
1607,1783702126671,156236,156236,0,-2,-2,0,0,0,69,70,10,0,61,186.75,0,-4,47,-1002,-1,0,0,0,,,,,,,,,
1608,1783702126773,156338,156338,0,-2,-2,0,0,0,69,70,10,0,61,187.35,0,-1,46,-1000,-1,0,0,0,,,,,,,,,
1609,1783702126875,156440,156440,0,-2,-2,0,0,0,69,70,10,0,61,187.32,0,-2,45,-997,-1,0,0,0,,,,,,,,,
1610,1783702126977,156542,156542,0,-2,-2,0,0,0,69,70,10,0,61,187.29,0,-4,47,-997,-1,0,0,0,,,,,,,,,
1611,1783702127079,156644,156644,0,-2,-2,0,0,0,67,71,10,0,61,187.1,0,-2,47,-997,-1,0,0,0,,,,,,,,,
1612,1783702127181,156746,156746,0,-2,-2,0,0,0,67,71,10,0,61,187.23,0,0,45,-999,-1,0,0,0,,,,,,,,,
1613,1783702127283,156848,156848,0,-2,-2,0,0,0,67,71,10,0,61,186.81,0,-1,46,-1000,-1,0,0,0,,,,,,,,,
1614,1783702127385,156950,156950,0,-2,-2,0,0,0,67,71,10,0,61,187.34,0,-3,47,-997,-1,0,0,0,,,,,,,,,
1615,1783702127487,157052,157052,0,-2,-2,0,0,0,67,71,10,0,61,187.1,0,-3,45,-997,-1,0,0,0,,,,,,,,,
1616,1783702127591,157156,157156,0,-2,-2,0,0,0,67,71,10,0,61,187.52,0,-3,45,-999,-1,0,0,0,,,,,,,,,
1617,1783702127691,157256,157256,0,-2,-2,0,0,0,67,71,10,0,61,187.53,0,-1,44,-996,-1,0,0,0,,,,,,,,,
1618,1783702127744,157309,157308,0,-2,-2,0,0,0,67,71,10,0,61,187.32,0,-4,46,-999,-1,0,0,0,,,,,,,,,
1619,1783702127847,157412,157411,0,-2,-2,0,0,0,67,71,10,0,61,187.34,0,-3,45,-999,-1,0,0,0,,,,,,,,,
1620,1783702127948,157513,157513,0,-2,-2,0,0,0,67,71,10,0,61,187.07,0,-3,46,-998,-1,0,0,0,,,,,,,,,
1621,1783702128052,157617,157617,0,-2,-2,0,0,0,68,71,10,0,61,187.39,0,-4,45,-998,-1,0,0,0,,,,,,,,,
1622,1783702128153,157718,157718,0,-2,-2,0,0,0,68,71,10,0,61,187.34,0,-3,45,-998,-1,0,0,0,,,,,,,,,
1623,1783702128258,157823,157822,0,-2,-2,0,0,0,68,71,10,0,61,186.98,0,-1,46,-1000,-1,0,0,0,,,,,,,,,
1624,1783702128360,157925,157925,0,-2,-2,0,0,0,68,71,10,0,61,187.49,0,-3,46,-1000,-1,0,0,0,,,,,,,,,
1625,1783702128462,158027,158026,0,-2,-2,0,0,0,68,71,10,0,61,187.08,0,-2,44,-997,-1,0,0,0,,,,,,,,,
1626,1783702128564,158129,158129,0,-2,-2,0,0,0,68,71,10,0,61,187.37,0,-2,45,-996,-1,0,0,0,,,,,,,,,
1627,1783702128679,158244,158244,0,-2,-2,0,0,0,68,71,10,0,61,187.2,0,-4,46,-999,-1,0,0,0,,,,,,,,,
1628,1783702128771,158336,158336,0,-2,-2,0,0,0,68,71,10,0,61,187.25,0,-2,46,-999,-1,0,0,0,,,,,,,,,
1629,1783702128867,158432,158432,0,-2,-2,0,0,0,68,71,10,0,61,187.16,0,-4,46,-1003,-1,0,0,0,,,,,,,,,
1630,1783702128969,158534,158534,0,-2,-2,0,0,0,68,71,10,0,61,187.03,0,-2,45,-996,-1,0,0,0,,,,,,,,,
1631,1783702129071,158636,158636,0,-2,-2,0,0,0,68,71,10,0,61,187.17,0,-2,45,-1001,-1,0,0,0,,,,,,,,,
1632,1783702129173,158738,158738,0,-2,-2,0,0,0,68,71,10,0,61,187.28,0,-2,45,-999,-1,0,0,0,,,,,,,,,
1633,1783702129275,158840,158840,0,-2,-2,0,0,0,68,71,10,0,61,187.15,0,-4,46,-997,-1,0,0,0,,,,,,,,,
1634,1783702129377,158942,158942,0,-2,-2,0,0,0,68,71,10,0,61,187.17,0,-2,46,-996,-1,0,0,0,,,,,,,,,
1635,1783702129479,159044,159044,0,-2,-2,0,0,0,68,71,10,0,61,187.33,0,-1,45,-997,-1,0,0,0,,,,,,,,,
1636,1783702129581,159146,159146,0,-2,-2,0,0,0,68,71,10,0,61,187.3,0,-1,47,-1000,-1,0,0,0,,,,,,,,,
1637,1783702129683,159248,159248,0,-2,-2,0,0,0,68,71,10,0,61,186.95,0,-4,46,-998,-1,0,0,0,,,,,,,,,
1638,1783702129785,159350,159350,0,-2,-2,0,0,0,68,71,10,0,61,187.2,0,-1,45,-998,-1,0,0,0,,,,,,,,,
1639,1783702129887,159452,159452,0,-2,-2,0,0,0,68,71,10,0,61,187.19,0,-3,46,-998,-1,0,0,0,,,,,,,,,
1640,1783702129989,159554,159554,0,-2,-2,0,0,0,68,71,10,0,61,187,0,-3,46,-1000,-1,0,0,0,,,,,,,,,
1641,1783702130100,159665,159665,0,-2,-2,0,0,0,68,72,10,0,61,187.05,0,-2,46,-999,-1,0,0,0,,,,,,,,,
1642,1783702130199,159764,159764,0,-2,-2,0,0,0,68,72,10,0,61,186.91,0,-3,43,-997,-1,0,0,0,,,,,,,,,
1643,1783702130295,159860,159860,0,-2,-2,0,0,0,68,72,10,0,61,187.17,0,-4,46,-1000,-1,0,0,0,,,,,,,,,
1644,1783702130400,159965,159965,0,-2,-2,0,0,0,68,72,10,0,61,187.18,0,-3,45,-996,-1,0,0,0,,,,,,,,,
1645,1783702130499,160064,160064,0,-2,-2,0,0,0,68,72,10,0,61,187.36,0,-2,45,-1000,-1,0,0,0,,,,,,,,,
1646,1783702130601,160166,160166,0,-2,-2,0,0,0,68,72,10,0,61,187.1,0,-4,47,-998,-1,0,0,0,,,,,,,,,
1647,1783702130703,160268,160268,0,-2,-2,0,0,0,68,72,10,0,61,187.19,0,-2,45,-998,-1,0,0,0,,,,,,,,,
1648,1783702130805,160370,160370,0,-2,-2,0,0,0,68,72,10,0,61,187.12,0,-5,44,-998,-1,0,0,0,,,,,,,,,
1649,1783702130907,160472,160472,0,-2,-2,0,0,0,68,72,10,0,61,187.19,0,-3,46,-997,-1,0,0,0,,,,,,,,,
1650,1783702131009,160574,160574,0,-2,-2,0,0,0,68,72,10,0,61,187.26,0,-4,48,-999,-1,0,0,0,,,,,,,,,
1651,1783702131111,160676,160676,0,-2,-2,0,0,0,69,71,10,0,61,186.97,0,-2,47,-1000,-1,0,0,0,,,,,,,,,
1652,1783702131213,160778,160778,0,-2,-2,0,0,0,69,71,10,0,61,187.35,0,-4,45,-995,-1,0,0,0,,,,,,,,,
1653,1783702131264,160829,160829,0,-2,-2,0,0,0,69,71,10,0,61,187.26,0,-4,45,-997,-1,0,0,0,,,,,,,,,
1654,1783702131366,160931,160931,0,-2,-2,0,0,0,69,71,10,0,61,187.4,0,-3,47,-995,-1,0,0,0,,,,,,,,,
1655,1783702131468,161033,161033,0,-2,-2,0,0,0,69,71,10,0,61,186.93,0,-3,46,-999,-1,0,0,0,,,,,,,,,
1656,1783702131570,161135,161135,0,-2,-2,0,0,0,69,71,10,0,61,187.3,0,-4,47,-1000,-1,0,0,0,,,,,,,,,
1657,1783702131673,161238,161238,0,-2,-2,0,0,0,69,71,10,0,61,187.22,0,-2,45,-997,-1,0,0,0,,,,,,,,,
1658,1783702131775,161340,161339,0,-2,-2,0,0,0,69,71,10,0,61,187.14,0,-2,46,-996,-1,0,0,0,,,,,,,,,
1659,1783702131876,161441,161441,0,-2,-2,0,0,0,69,71,10,0,61,187.45,0,-4,45,-1000,-1,0,0,0,,,,,,,,,
1660,1783702131981,161546,161545,0,-2,-2,0,0,0,69,71,10,0,61,187.35,0,-4,47,-1000,-1,0,0,0,,,,,,,,,
1661,1783702132080,161645,161645,0,-2,-2,0,0,0,68,71,10,0,61,187.19,0,-3,46,-998,-1,0,0,0,,,,,,,,,
1662,1783702132182,161747,161747,0,-2,-2,0,0,0,68,71,10,0,61,187.64,0,-2,46,-998,-1,0,0,0,,,,,,,,,
1663,1783702132284,161849,161849,0,-2,-2,0,0,0,68,71,10,0,61,187.4,0,-3,46,-999,-1,0,0,0,,,,,,,,,
1664,1783702132386,161951,161951,0,-2,-2,0,0,0,68,71,10,0,61,187.24,0,-2,46,-997,-1,0,0,0,,,,,,,,,
1665,1783702132489,162054,162053,0,-2,-2,0,0,0,68,71,10,0,61,187.08,0,-2,46,-1001,-1,0,0,0,,,,,,,,,
1666,1783702132591,162156,162156,0,-2,-2,0,0,0,68,71,10,0,61,187.27,0,-4,46,-997,-1,0,0,0,,,,,,,,,
1667,1783702132694,162259,162259,0,-2,-2,0,0,0,68,71,10,0,61,187.09,0,-4,46,-999,-1,0,0,0,,,,,,,,,
1668,1783702132796,162361,162361,0,-2,-2,0,0,0,68,71,10,0,61,187.49,0,-3,46,-999,-1,0,0,0,,,,,,,,,
1669,1783702132898,162463,162463,0,-2,-2,0,0,0,68,71,10,0,61,187.35,0,-2,47,-999,-1,0,0,0,,,,,,,,,
1670,1783702133000,162565,162565,0,-2,-2,0,0,0,68,71,10,0,61,187.33,0,-3,47,-1000,-1,0,0,0,,,,,,,,,
1671,1783702133102,162667,162667,0,-2,-2,0,0,0,68,71,10,0,61,187.12,0,-4,46,-998,-1,0,0,0,,,,,,,,,
1672,1783702133205,162770,162769,0,-2,-2,0,0,0,68,71,10,0,61,187.27,0,-5,46,-997,-1,0,0,0,,,,,,,,,
1673,1783702133306,162871,162871,0,-2,-2,0,0,0,68,71,10,0,61,187.34,0,-2,47,-1000,-1,0,0,0,,,,,,,,,
1674,1783702133408,162973,162973,0,-2,-2,0,0,0,68,71,10,0,61,187.41,0,-1,47,-1000,-1,0,0,0,,,,,,,,,
1675,1783702133510,163075,163075,0,-2,-2,0,0,0,68,71,10,0,61,187.38,0,-1,46,-998,-1,0,0,0,,,,,,,,,
1676,1783702133612,163177,163177,0,-2,-2,0,0,0,68,71,10,0,61,187.4,0,-3,48,-994,-1,0,0,0,,,,,,,,,
1677,1783702133714,163279,163279,0,-2,-2,0,0,0,68,71,10,0,61,187.04,0,-4,46,-999,-1,0,0,0,,,,,,,,,
1678,1783702133816,163381,163381,0,-2,-2,0,0,0,68,71,10,0,61,187.1,0,-4,48,-997,-1,0,0,0,,,,,,,,,
1679,1783702133918,163483,163483,0,-2,-2,0,0,0,68,71,10,0,61,186.94,0,-2,46,-1002,-1,0,0,0,,,,,,,,,
1680,1783702134020,163585,163585,0,-2,-2,0,0,0,68,71,10,0,61,187.07,0,-3,47,-1000,-1,0,0,0,,,,,,,,,
1681,1783702134123,163688,163688,0,-2,-2,0,0,0,67,71,10,0,61,187.57,0,-3,44,-995,-1,0,0,0,,,,,,,,,
1682,1783702134226,163791,163791,0,-2,-2,0,0,0,67,71,10,0,61,187.43,0,-5,48,-998,-1,0,0,0,,,,,,,,,
1683,1783702134328,163893,163893,0,-2,-2,0,0,0,67,71,10,0,61,187.31,0,-2,46,-1002,-1,0,0,0,,,,,,,,,
1684,1783702134429,163994,163994,0,-2,-2,0,0,0,67,71,10,0,61,187.05,0,-3,47,-1001,-1,0,0,0,,,,,,,,,
1685,1783702134480,164045,164045,0,-2,-2,0,0,0,67,71,10,0,61,187.52,0,-3,45,-998,-1,0,0,0,,,,,,,,,
1686,1783702134582,164147,164147,0,-2,-2,0,0,0,67,71,10,0,61,187.14,0,-4,45,-998,-1,0,0,0,,,,,,,,,
1687,1783702134684,164249,164249,0,-2,-2,0,0,0,67,71,10,0,61,187.43,0,-4,45,-999,-1,0,0,0,,,,,,,,,
1688,1783702134786,164351,164351,0,-2,-2,0,0,0,67,71,10,0,61,187.34,0,-5,45,-1003,-1,0,0,0,,,,,,,,,
1689,1783702134889,164454,164454,0,-2,-2,0,0,0,67,71,10,0,61,187.31,0,-3,45,-1000,-1,0,0,0,,,,,,,,,
1690,1783702134993,164558,164557,0,-2,-2,0,0,0,67,71,10,0,61,187.41,0,-2,45,-996,-1,0,0,0,,,,,,,,,
1691,1783702135093,164658,164658,0,-2,-2,0,0,0,68,71,10,0,61,187.26,0,-3,45,-998,-1,0,0,0,,,,,,,,,
1692,1783702135194,164759,164759,0,-2,-2,0,0,0,68,71,10,0,61,187.36,0,-4,45,-996,-1,0,0,0,,,,,,,,,
1693,1783702135297,164862,164862,0,-2,-2,0,0,0,68,71,10,0,61,187.63,0,-2,47,-999,-1,0,0,0,,,,,,,,,
1694,1783702135399,164964,164964,0,-2,-2,0,0,0,68,71,10,0,61,187.29,0,-3,48,-1002,-1,0,0,0,,,,,,,,,
1695,1783702135501,165066,165066,0,-2,-2,0,0,0,68,71,10,0,61,187.21,0,-4,46,-999,-1,0,0,0,,,,,,,,,
1696,1783702135603,165168,165168,0,-2,-2,0,0,0,68,71,10,0,61,187.55,0,-3,46,-998,-1,0,0,0,,,,,,,,,
1697,1783702135705,165270,165270,0,-2,-2,0,0,0,68,71,10,0,61,187.42,0,-2,47,-999,-1,0,0,0,,,,,,,,,
1698,1783702135807,165372,165372,0,-2,-2,0,0,0,68,71,10,0,61,187.31,0,-3,45,-998,-1,0,0,0,,,,,,,,,
1699,1783702135909,165474,165474,0,-2,-2,0,0,0,68,71,10,0,61,187.4,0,-2,45,-1001,-1,0,0,0,,,,,,,,,
1700,1783702136011,165576,165576,0,-2,-2,0,0,0,68,71,10,0,61,187.31,0,-2,45,-999,-1,0,0,0,,,,,,,,,
1701,1783702136113,165678,165678,0,-2,-2,0,0,0,68,71,10,0,61,187.48,0,-3,45,-996,-1,0,0,0,,,,,,,,,
1702,1783702136216,165781,165781,0,-2,-2,0,0,0,68,71,10,0,61,187.23,0,-3,46,-1000,-1,0,0,0,,,,,,,,,
1703,1783702136317,165882,165882,0,-2,-2,0,0,0,68,71,10,0,61,187.3,0,-1,46,-1001,-1,0,0,0,,,,,,,,,
1704,1783702136419,165984,165984,0,-2,-2,0,0,0,68,71,10,0,61,187.37,0,-2,46,-1001,-1,0,0,0,,,,,,,,,
1705,1783702136523,166088,166087,0,-2,-2,0,0,0,68,71,10,0,61,187.29,0,-3,46,-997,-1,0,0,0,,,,,,,,,
1706,1783702136626,166191,166191,0,-2,-2,0,0,0,68,71,10,0,61,187.48,0,-5,47,-999,-1,0,0,0,,,,,,,,,
1707,1783702136725,166290,166290,0,-2,-2,0,0,0,68,71,10,0,61,187.12,0,-2,45,-999,-1,0,0,0,,,,,,,,,
1708,1783702136827,166392,166392,0,-2,-2,0,0,0,68,71,10,0,61,187.11,0,0,45,-998,-1,0,0,0,,,,,,,,,
1709,1783702136930,166495,166495,0,-2,-2,0,0,0,68,71,10,0,61,187.39,0,-3,48,-998,-1,0,0,0,,,,,,,,,
1710,1783702137032,166597,166597,0,-2,-2,0,0,0,68,71,10,0,61,187.33,0,-4,46,-997,-1,0,0,0,,,,,,,,,
1711,1783702137134,166699,166699,0,-2,-2,0,0,0,69,70,10,0,61,187.67,0,-5,45,-997,-1,0,0,0,,,,,,,,,
