state_sequence,timestamp_ms,recording_elapsed_ms,steady_elapsed_ms,pitch,roll,yaw,vgx,vgy,vgz,templ,temph,tof,h,bat,baro,time,agx,agy,agz,mid,x,y,z,rc_a,rc_b,rc_c,rc_d,rc_source,rc_result,rc_timestamp_ms,rc_steady_elapsed_ms,rc_sequence
59,1783701768864,0,0,0,-2,0,0,0,0,55,59,10,0,70,188.03,0,-2,44,-997,-1,0,0,0,,,,,,,,,
60,1783701768966,102,102,0,-2,0,0,0,0,55,59,10,0,70,187.85,0,-1,45,-999,-1,0,0,0,,,,,,,,,
61,1783701769068,204,203,0,-2,0,0,0,0,55,59,10,0,70,187.71,0,-2,46,-997,-1,0,0,0,,,,,,,,,
62,1783701769170,306,305,0,-2,0,0,0,0,55,59,10,0,70,187.85,0,-1,47,-999,-1,0,0,0,,,,,,,,,
63,1783701769272,408,407,0,-2,0,0,0,0,55,59,10,0,70,188.01,0,-1,48,-999,-1,0,0,0,,,,,,,,,
64,1783701769377,513,512,0,-2,0,0,0,0,56,59,10,0,70,187.93,0,-1,45,-999,-1,0,0,0,,,,,,,,,
65,1783701769477,613,613,0,-2,0,0,0,0,56,59,10,0,70,187.79,0,-4,47,-1000,-1,0,0,0,,,,,,,,,
66,1783701769579,715,714,0,-2,0,0,0,0,56,59,10,0,70,187.76,0,-3,46,-998,-1,0,0,0,,,,,,,,,
67,1783701769704,840,839,0,-2,0,0,0,0,56,59,10,0,70,187.95,0,-2,45,-998,-1,0,0,0,,,,,,,,,
68,1783701769783,919,918,0,-2,0,0,0,0,56,59,10,0,70,187.68,0,-1,47,-1000,-1,0,0,0,,,,,,,,,
69,1783701769885,1021,1020,0,-2,0,0,0,0,56,59,10,0,70,187.77,0,-2,47,-1000,-1,0,0,0,,,,,,,,,
70,1783701769987,1123,1122,0,-2,0,0,0,0,56,59,10,0,70,187.8,0,-2,48,-997,-1,0,0,0,,,,,,,,,
71,1783701770089,1225,1224,0,-2,0,0,0,0,56,59,10,0,70,187.73,0,-1,45,-996,-1,0,0,0,,,,,,,,,
72,1783701770191,1327,1326,0,-2,0,0,0,0,56,59,10,0,70,187.92,0,-1,46,-997,-1,0,0,0,,,,,,,,,
73,1783701770293,1429,1428,0,-2,0,0,0,0,56,59,10,0,70,187.92,0,-2,46,-999,-1,0,0,0,,,,,,,,,
74,1783701770395,1531,1530,0,-2,0,0,0,0,57,59,10,0,70,187.75,0,-1,46,-995,-1,0,0,0,,,,,,,,,
75,1783701770497,1633,1632,0,-2,0,0,0,0,57,59,10,0,70,187.77,0,-1,45,-996,-1,0,0,0,,,,,,,,,
76,1783701770599,1735,1734,0,-2,0,0,0,0,57,59,10,0,70,187.76,0,-3,45,-997,-1,0,0,0,,,,,,,,,
77,1783701770701,1837,1836,0,-2,0,0,0,0,57,59,10,0,70,187.92,0,-2,46,-996,-1,0,0,0,,,,,,,,,
78,1783701770803,1939,1938,0,-2,0,0,0,0,57,59,10,0,70,187.99,0,-1,46,-1003,-1,0,0,0,,,,,,,,,
79,1783701770905,2041,2040,0,-2,0,0,0,0,57,59,10,0,70,187.97,0,-1,45,-999,-1,0,0,0,,,,,,,,,
80,1783701771009,2145,2144,0,-2,0,0,0,0,57,59,10,0,70,188.03,0,-1,45,-998,-1,0,0,0,,,,,,,,,
81,1783701771110,2246,2245,0,-2,0,0,0,0,57,59,10,0,70,187.77,0,-4,46,-996,-1,0,0,0,,,,,,,,,
82,1783701771211,2347,2347,0,-2,0,0,0,0,57,59,10,0,70,188.01,0,-2,47,-1000,-1,0,0,0,,,,,,,,,
83,1783701771313,2449,2448,0,-2,0,0,0,0,57,59,10,0,70,188.07,0,-2,45,-1000,-1,0,0,0,,,,,,,,,
84,1783701771417,2553,2553,0,-2,0,0,0,0,56,58,10,0,70,187.81,0,-1,47,-999,-1,0,0,0,,,,,,,,,
85,1783701771517,2653,2652,0,-2,0,0,0,0,56,58,10,0,70,187.76,0,-2,43,-1000,-1,0,0,0,,,,,,,,,
86,1783701771619,2755,2754,0,-2,0,0,0,0,56,58,10,0,70,187.75,0,-2,45,-999,-1,0,0,0,,,,,,,,,
87,1783701771721,2857,2856,0,-2,0,0,0,0,56,58,10,0,70,188.1,0,0,46,-997,-1,0,0,0,,,,,,,,,
88,1783701771823,2959,2958,0,-2,0,0,0,0,56,58,10,0,70,187.95,0,-2,47,-998,-1,0,0,0,,,,,,,,,
89,1783701771925,3061,3060,0,-2,0,0,0,0,56,58,10,0,70,187.89,0,-4,45,-1002,-1,0,0,0,,,,,,,,,
90,1783701772027,3163,3162,0,-2,0,0,0,0,56,58,10,0,70,188.06,0,-1,45,-997,-1,0,0,0,,,,,,,,,
91,1783701772129,3265,3264,0,-2,0,0,0,0,56,58,10,0,70,187.96,0,0,45,-999,-1,0,0,0,,,,,,,,,
92,1783701772180,3316,3315,0,-2,0,0,0,0,56,58,10,0,70,188.07,0,0,46,-999,-1,0,0,0,,,,,,,,,
93,1783701772282,3418,3417,0,-2,0,0,0,0,56,58,10,0,70,187.98,0,-2,46,-1000,-1,0,0,0,,,,,,,,,
94,1783701772435,3571,3570,0,-2,0,0,0,0,55,59,10,0,70,188.07,0,-1,46,-1000,-1,0,0,0,,,,,,,,,
95,1783701772537,3673,3672,0,-2,0,0,0,0,55,59,10,0,70,188.09,0,-2,47,-995,-1,0,0,0,,,,,,,,,
96,1783701772588,3724,3723,0,-2,0,0,0,0,55,59,10,0,70,187.8,0,0,45,-998,-1,0,0,0,,,,,,,,,
97,1783701772690,3826,3825,0,-2,0,0,0,0,55,59,10,0,70,187.96,0,-2,45,-998,-1,0,0,0,,,,,,,,,
98,1783701772793,3929,3928,0,-2,0,0,0,0,55,59,10,0,70,187.89,0,-2,46,-997,-1,0,0,0,,,,,,,,,
99,1783701772895,4031,4030,0,-2,0,0,0,0,55,59,10,0,70,187.92,0,-1,46,-998,-1,0,0,0,,,,,,,,,
100,1783701772997,4133,4132,0,-2,0,0,0,0,55,59,10,0,70,188.08,0,-3,47,-998,-1,0,0,0,,,,,,,,,
101,1783701773099,4235,4234,0,-2,0,0,0,0,55,59,10,0,70,187.9,0,0,46,-999,-1,0,0,0,,,,,,,,,
102,1783701773201,4337,4336,0,-2,0,0,0,0,55,59,10,0,70,187.97,0,-1,44,-999,-1,0,0,0,,,,,,,,,
103,1783701773303,4439,4438,0,-2,0,0,0,0,55,59,10,0,70,187.91,0,-3,46,-996,-1,0,0,0,,,,,,,,,
104,1783701773406,4542,4541,0,-2,0,0,0,0,56,59,10,0,70,187.93,0,0,44,-995,-1,0,0,0,,,,,,,,,
105,1783701773510,4646,4645,0,-2,0,0,0,0,56,59,10,0,70,187.85,0,-1,46,-999,-1,0,0,0,,,,,,,,,
106,1783701773611,4747,4746,0,-2,0,0,0,0,56,59,10,0,70,187.98,0,-3,46,-998,-1,0,0,0,,,,,,,,,
107,1783701773713,4849,4848,0,-2,0,0,0,0,56,59,10,0,70,187.98,0,-2,45,-999,-1,0,0,0,,,,,,,,,
108,1783701773815,4951,4950,0,-2,0,0,0,0,56,59,10,0,70,187.83,0,-2,45,-998,-1,0,0,0,,,,,,,,,
109,1783701773917,5053,5052,0,-2,0,0,0,0,56,59,10,0,70,187.7,0,-1,45,-998,-1,0,0,0,,,,,,,,,
110,1783701774019,5155,5154,0,-2,0,0,0,0,56,59,10,0,70,187.86,0,-2,47,-1001,-1,0,0,0,,,,,,,,,
111,1783701774121,5257,5256,0,-2,0,0,0,0,56,59,10,0,70,187.94,0,-1,47,-999,-1,0,0,0,,,,,,,,,
112,1783701774223,5359,5358,0,-2,0,0,0,0,56,59,10,0,70,187.79,0,0,45,-996,-1,0,0,0,,,,,,,,,
113,1783701774325,5461,5460,0,-2,0,0,0,0,56,59,10,0,70,188.07,0,-1,45,-1001,-1,0,0,0,,,,,,,,,
114,1783701774427,5563,5563,0,-2,0,0,0,0,56,59,10,0,70,188.15,0,-1,46,-995,-1,0,0,0,,,,,,,,,
115,1783701774529,5665,5664,0,-2,0,0,0,0,56,59,10,0,70,188.32,0,-2,46,-998,-1,0,0,0,,,,,,,,,
116,1783701774631,5767,5766,0,-2,0,0,0,0,56,59,10,0,70,187.69,0,-1,45,-1001,-1,0,0,0,,,,,,,,,
117,1783701774733,5869,5868,0,-2,0,0,0,0,56,59,10,0,70,187.91,0,-2,47,-999,-1,0,0,0,,,,,,,,,
118,1783701774835,5971,5970,0,-2,0,0,0,0,56,59,10,0,70,187.91,0,-1,46,-996,-1,0,0,0,,,,,,,,,
119,1783701774937,6073,6072,0,-2,0,0,0,0,56,59,10,0,70,187.93,0,0,43,-997,-1,0,0,0,,,,,,,,,
120,1783701775040,6176,6175,0,-2,0,0,0,0,56,59,10,0,70,187.84,0,0,46,-1001,-1,0,0,0,,,,,,,,,
121,1783701775143,6279,6278,0,-2,0,0,0,0,56,59,10,0,70,187.78,0,-3,46,-995,-1,0,0,0,,,,,,,,,
122,1783701775243,6379,6379,0,-2,0,0,0,0,56,59,10,0,70,188.15,0,-3,46,-997,-1,0,0,0,,,,,,,,,
123,1783701775294,6430,6429,0,-2,0,0,0,0,56,59,10,0,70,187.99,0,0,44,-999,-1,0,0,0,,,,,,,,,
124,1783701775447,6583,6582,0,-2,0,0,0,0,56,58,10,0,70,187.95,0,-1,44,-999,-1,0,0,0,,,,,,,,,
125,1783701775498,6634,6633,0,-2,0,0,0,0,56,58,10,0,70,187.99,0,0,45,-1002,-1,0,0,0,,,,,,,,,
126,1783701775600,6736,6735,0,-2,0,0,0,0,56,58,10,0,70,188.12,0,-1,45,-998,-1,0,0,0,,,,,,,,,
127,1783701775702,6838,6837,0,-2,0,0,0,0,56,58,10,0,70,188.15,0,-3,45,-998,-1,0,0,0,,,,,,,,,
128,1783701775804,6940,6939,0,-2,0,0,0,0,56,58,10,0,70,187.76,0,-1,44,-1000,-1,0,0,0,,,,,,,,,
129,1783701775906,7042,7041,0,-2,0,0,0,0,56,58,10,0,70,187.87,0,-1,45,-999,-1,0,0,0,,,,,,,,,
130,1783701776009,7145,7144,0,-2,0,0,0,0,56,58,10,0,70,187.79,0,-2,45,-999,-1,0,0,0,,,,,,,,,
131,1783701776112,7248,7247,0,-2,0,0,0,0,56,58,10,0,70,188.25,0,0,44,-998,-1,0,0,0,,,,,,,,,
132,1783701776213,7349,7348,0,-2,0,0,0,0,56,58,10,0,70,187.99,0,-3,46,-995,-1,0,0,0,,,,,,,,,
133,1783701776316,7452,7452,0,-2,0,0,0,0,56,58,10,0,70,188.01,0,-2,45,-1000,-1,0,0,0,,,,,,,,,
134,1783701776428,7564,7563,0,-2,0,0,0,0,57,59,10,0,70,187.9,0,0,45,-1000,-1,0,0,0,,,,,,,,,
135,1783701776531,7667,7666,0,-2,0,0,0,0,57,59,10,0,70,187.98,0,-3,47,-1000,-1,0,0,0,,,,,,,,,
136,1783701776628,7764,7763,0,-2,0,0,0,0,57,59,10,0,70,187.72,0,-1,45,-996,-1,0,0,0,,,,,,,,,
137,1783701776730,7866,7865,0,-2,0,0,0,0,57,59,10,0,70,187.66,0,-1,46,-998,-1,0,0,0,,,,,,,,,
138,1783701776832,7968,7967,0,-2,0,0,0,0,57,59,10,0,70,188,0,-2,46,-997,-1,0,0,0,,,,,,,,,
139,1783701776934,8070,8069,0,-2,0,0,0,0,57,59,10,0,70,187.76,0,-1,44,-1001,-1,0,0,0,,,,,,,,,
140,1783701777036,8172,8171,0,-2,0,0,0,0,57,59,10,0,70,187.87,0,0,45,-1000,-1,0,0,0,,,,,,,,,
141,1783701777138,8274,8273,0,-2,0,0,0,0,57,59,10,0,70,187.97,0,0,45,-997,-1,0,0,0,,,,,,,,,
142,1783701777241,8377,8376,0,-2,0,0,0,0,57,59,10,0,70,187.99,0,-3,45,-993,-1,0,0,0,,,,,,,,,
143,1783701777344,8480,8479,0,-2,0,0,0,0,57,59,10,0,70,188,0,0,45,-999,-1,0,0,0,,,,,,,,,
144,1783701777445,8581,8581,0,-2,0,0,0,0,57,60,10,0,70,187.91,0,0,44,-997,-1,0,0,0,,,,,,,,,
145,1783701777557,8693,8693,0,-2,0,0,0,0,57,60,10,0,70,188.1,0,0,47,-999,-1,0,0,0,,,,,,,,,
146,1783701777648,8784,8783,0,-2,0,0,0,0,57,60,10,0,70,188.23,0,0,44,-998,-1,0,0,0,,,,,,,,,
147,1783701777758,8894,8893,0,-2,0,0,0,0,57,60,10,0,70,188.07,0,-2,45,-996,-1,0,0,0,,,,,,,,,
148,1783701777852,8988,8987,0,-2,0,0,0,0,57,60,10,0,70,187.86,0,-2,45,-994,-1,0,0,0,,,,,,,,,
149,1783701777964,9100,9099,0,-2,0,0,0,0,57,60,10,0,70,188.12,0,-1,45,-1003,-1,0,0,0,,,,,,,,,
150,1783701778058,9194,9193,0,-2,0,0,0,0,57,60,10,0,70,187.86,0,0,46,-999,-1,0,0,0,,,,,,,,,
151,1783701778166,9302,9301,0,-2,0,0,0,0,57,60,10,0,70,187.92,0,-3,45,-998,-1,0,0,0,,,,,,,,,
152,1783701778212,9348,9347,0,-2,0,0,0,0,57,60,10,0,70,187.63,0,0,45,-997,-1,0,0,0,,,,,,,,,
153,1783701778314,9450,9449,0,-2,0,0,0,0,57,60,10,0,70,187.68,0,0,45,-998,-1,0,0,0,,,,,,,,,
154,1783701778414,9550,9550,0,-2,0,0,0,0,57,60,10,0,70,188.03,0,0,46,-998,-1,0,0,0,,,,,,,,,
155,1783701778517,9653,9652,0,-2,0,0,0,0,57,60,10,0,70,187.77,0,0,47,-1000,-1,0,0,0,,,,,,,,,
156,1783701778619,9755,9754,0,-2,0,0,0,0,57,60,10,0,70,187.94,0,0,46,-996,-1,0,0,0,,,,,,,,,
157,1783701778721,9857,9856,0,-2,0,0,0,0,57,60,10,0,70,187.86,0,-1,44,-998,-1,0,0,0,,,,,,,,,
158,1783701778823,9959,9958,0,-2,0,0,0,0,57,60,10,0,70,188.22,0,-3,46,-999,-1,0,0,0,,,,,,,,,
159,1783701778925,10061,10060,0,-2,0,0,0,0,57,60,10,0,70,187.88,0,-1,46,-999,-1,0,0,0,,,,,,,,,
160,1783701779030,10166,10166,0,-2,0,0,0,0,57,60,10,0,70,187.93,0,-3,46,-996,-1,0,0,0,,,,,,,,,
161,1783701779129,10265,10264,0,-2,0,0,0,0,57,60,10,0,70,187.74,0,0,46,-998,-1,0,0,0,,,,,,,,,
162,1783701779231,10367,10366,0,-2,0,0,0,0,57,60,10,0,70,187.85,0,0,46,-998,-1,0,0,0,,,,,,,,,
163,1783701779333,10469,10468,0,-2,0,0,0,0,57,60,10,0,70,187.85,0,0,45,-997,-1,0,0,0,,,,,,,,,
164,1783701779435,10571,10570,0,-2,0,0,0,0,58,59,10,0,70,187.93,0,0,45,-997,-1,0,0,0,,,,,,,,,
165,1783701779537,10673,10672,0,-2,0,0,0,0,58,59,10,0,70,187.91,0,0,44,-1000,-1,0,0,0,,,,,,,,,
166,1783701779641,10777,10776,0,-2,0,0,0,0,58,59,10,0,70,188.4,0,0,44,-999,-1,0,0,0,,,,,,,,,
167,1783701779743,10879,10878,0,-2,0,0,0,0,58,59,10,0,70,187.76,0,-1,44,-1001,-1,0,0,0,,,,,,,,,
168,1783701779846,10982,10981,0,-2,0,0,0,0,58,59,10,0,70,188,0,-3,44,-999,-1,0,0,0,,,,,,,,,
169,1783701779948,11084,11084,0,-2,0,0,0,0,58,59,10,0,70,187.56,0,-3,45,-998,-1,0,0,0,,,,,,,,,
170,1783701780048,11184,11184,0,-2,0,0,0,0,58,59,10,0,70,187.8,0,-1,47,-996,-1,0,0,0,,,,,,,,,
171,1783701780149,11285,11284,0,-2,0,0,0,0,58,59,10,0,70,188.06,0,0,46,-1002,-1,0,0,0,,,,,,,,,
172,1783701780251,11387,11386,0,-2,0,0,0,0,58,59,10,0,70,187.92,0,-2,45,-999,-1,0,0,0,,,,,,,,,
173,1783701780353,11489,11488,0,-2,0,0,0,0,58,59,10,0,70,187.74,0,-1,45,-997,-1,0,0,0,,,,,,,,,
174,1783701780456,11592,11591,0,-2,0,0,0,0,57,60,10,0,70,187.99,0,0,45,-997,-1,0,0,0,,,,,,,,,
175,1783701780558,11694,11693,0,-2,0,0,0,0,57,60,10,0,70,188.07,0,-3,45,-1001,-1,0,0,0,,,,,,,,,
176,1783701780660,11796,11795,0,-2,0,0,0,0,57,60,10,0,70,187.78,0,-1,46,-1001,-1,0,0,0,,,,,,,,,
177,1783701780763,11899,11898,0,-2,0,0,0,0,57,60,10,0,70,187.68,0,0,42,-1000,-1,0,0,0,,,,,,,,,
178,1783701780863,11999,11998,0,-2,0,0,0,0,57,60,10,0,70,188.1,0,-1,46,-997,-1,0,0,0,,,,,,,,,
179,1783701780965,12101,12100,0,-2,0,0,0,0,57,60,10,0,70,188.12,0,-1,46,-996,-1,0,0,0,,,,,,,,,
180,1783701781067,12203,12202,0,-2,0,0,0,0,57,60,10,0,70,187.77,0,-3,46,-999,-1,0,0,0,,,,,,,,,
181,1783701781169,12305,12304,0,-2,0,0,0,0,57,60,10,0,70,188.19,0,-1,45,-1000,-1,0,0,0,,,,,,,,,
182,1783701781220,12356,12355,0,-2,0,0,0,0,57,60,10,0,70,187.78,0,-1,44,-999,-1,0,0,0,,,,,,,,,
183,1783701781322,12458,12457,0,-2,0,0,0,0,57,60,10,0,70,188.01,0,-1,44,-998,-1,0,0,0,,,,,,,,,
184,1783701781477,12613,12612,0,-2,0,0,0,0,57,60,10,0,70,187.96,0,0,45,-998,-1,0,0,0,,,,,,,,,
185,1783701781578,12714,12713,0,-2,0,0,0,0,57,60,10,0,70,187.79,0,-1,46,-999,-1,0,0,0,,,,,,,,,
186,1783701781628,12764,12764,0,-2,0,0,0,0,57,60,10,0,70,187.84,0,-3,45,-998,-1,0,0,0,,,,,,,,,
187,1783701781730,12866,12866,0,-2,0,0,0,0,57,60,10,0,70,188.21,0,-2,46,-998,-1,0,0,0,,,,,,,,,
188,1783701781832,12968,12967,0,-2,0,0,0,0,57,60,10,0,70,187.95,0,0,47,-998,-1,0,0,0,,,,,,,,,
189,1783701781935,13071,13070,0,-2,0,0,0,0,57,60,10,0,70,187.9,0,-2,45,-999,-1,0,0,0,,,,,,,,,
190,1783701782040,13176,13175,0,-2,0,0,0,0,57,60,10,0,70,187.88,0,-1,45,-999,-1,0,0,0,,,,,,,,,
191,1783701782143,13279,13279,0,-2,0,0,0,0,57,60,10,0,70,187.88,0,0,45,-997,-1,0,0,0,,,,,,,,,
192,1783701782251,13387,13386,0,-2,0,0,0,0,57,60,10,0,70,188.06,0,-1,45,-996,-1,0,0,0,,,,,,,,,
193,1783701782357,13493,13492,0,-2,0,0,0,0,57,60,10,0,70,187.92,0,-1,46,-996,-1,0,0,0,,,,,,,,,
194,1783701782455,13591,13590,0,-2,0,0,0,0,58,60,10,0,70,187.86,0,-1,46,-1000,-1,0,0,0,,,,,,,,,
195,1783701782552,13688,13687,0,-2,0,0,0,0,58,60,10,0,70,188.04,0,0,44,-996,-1,0,0,0,,,,,,,,,
196,1783701782650,13786,13785,0,-2,0,0,0,0,58,60,10,0,70,187.87,0,-2,45,-995,-1,0,0,0,,,,,,,,,
197,1783701782752,13888,13887,0,-2,0,0,0,0,58,60,10,0,70,187.8,0,-5,46,-996,-1,0,0,0,,,,,,,,,
198,1783701782854,13990,13989,0,-2,0,0,0,0,58,60,10,0,70,188.17,0,-2,45,-998,-1,0,0,0,,,,,,,,,
199,1783701782956,14092,14091,0,-2,0,0,0,0,58,60,10,0,70,188.22,0,0,46,-997,-1,0,0,0,,,,,,,,,
200,1783701783058,14194,14193,0,-2,0,0,0,0,58,60,10,0,70,187.57,0,-2,45,-996,-1,0,0,0,,,,,,,,,
201,1783701783161,14297,14296,0,-2,0,0,0,0,58,60,10,0,70,187.73,0,-3,46,-999,-1,0,0,0,,,,,,,,,
202,1783701783263,14399,14398,0,-2,0,0,0,0,58,60,10,0,70,188.01,0,-3,45,-998,-1,0,0,0,,,,,,,,,
203,1783701783365,14501,14500,0,-2,0,0,0,0,58,60,10,0,70,187.96,0,-2,46,-1001,-1,0,0,0,,,,,,,,,
204,1783701783467,14603,14602,0,-2,0,0,0,0,57,60,10,0,70,187.68,0,0,46,-1000,-1,0,0,0,,,,,,,,,
205,1783701783569,14705,14704,0,-2,0,0,0,0,57,60,10,0,70,187.87,0,0,47,-999,-1,0,0,0,,,,,,,,,
206,1783701783671,14807,14806,0,-2,0,0,0,0,57,60,10,0,70,187.97,0,0,45,-996,-1,0,0,0,,,,,,,,,
207,1783701783774,14910,14909,0,-2,0,0,0,0,57,60,10,0,70,187.83,0,-1,45,-997,-1,0,0,0,,,,,,,,,
208,1783701783876,15012,15011,0,-2,0,0,0,0,57,60,10,0,70,187.87,0,-1,45,-997,-1,0,0,0,,,,,,,,,
209,1783701783978,15114,15113,0,-2,0,0,0,0,57,60,10,0,70,187.97,0,0,44,-1000,-1,0,0,0,,,,,,,,,
210,1783701784079,15215,15214,0,-2,0,0,0,0,57,60,10,0,70,188.13,0,0,47,-1002,-1,0,0,0,,,,,,,,,
211,1783701784181,15317,15316,0,-2,0,0,0,0,57,60,10,0,70,187.72,0,0,44,-997,-1,0,0,0,,,,,,,,,
212,1783701784283,15419,15418,0,-2,0,0,0,0,57,60,10,0,70,187.83,0,-1,44,-995,-1,0,0,0,,,,,,,,,
213,1783701784384,15520,15520,0,-2,0,0,0,0,57,60,10,0,70,187.91,0,-1,46,-999,-1,0,0,0,,,,,,,,,
214,1783701784487,15623,15622,0,-2,0,0,0,0,58,60,10,0,70,188.01,0,0,46,-998,-1,0,0,0,,,,,,,,,
215,1783701784588,15724,15724,0,-2,0,0,0,0,58,60,10,0,70,188.15,0,-1,46,-999,-1,0,0,0,,,,,,,,,
216,1783701784641,15777,15776,0,-2,0,0,0,0,58,60,10,0,70,188.21,0,-1,44,-996,-1,0,0,0,,,,,,,,,
217,1783701784744,15880,15879,0,-2,0,0,0,0,58,60,10,0,70,188.1,0,0,45,-998,-1,0,0,0,,,,,,,,,
218,1783701784846,15982,15981,0,-2,0,0,0,0,58,60,10,0,70,187.85,0,0,46,-998,-1,0,0,0,,,,,,,,,
219,1783701784948,16084,16083,0,-2,0,0,0,0,58,60,10,0,70,187.97,0,-1,45,-1001,-1,0,0,0,,,,,,,,,
220,1783701785049,16185,16185,0,-2,0,0,0,0,58,60,10,0,70,188.18,0,-2,47,-1000,-1,0,0,0,,,,,,,,,
221,1783701785152,16288,16287,0,-2,0,0,0,0,58,60,10,0,70,187.73,0,0,46,-997,-1,0,0,0,,,,,,,,,
222,1783701785253,16389,16389,0,-2,0,0,0,0,58,60,10,0,70,188.26,0,1,43,-999,-1,0,0,0,,,,,,,,,
223,1783701785355,16491,16491,0,-2,0,0,0,0,58,60,10,0,70,187.82,0,0,47,-998,-1,0,0,0,,,,,,,,,
224,1783701785457,16593,16593,0,-2,0,0,0,0,57,60,10,0,70,187.86,0,0,45,-1000,-1,0,0,0,,,,,,,,,
225,1783701785559,16695,16695,0,-2,0,0,0,0,57,60,10,0,70,187.92,0,-2,45,-999,-1,0,0,0,,,,,,,,,
226,1783701785661,16797,16797,0,-2,0,0,0,0,57,60,10,0,70,187.49,0,-1,44,-999,-1,0,0,0,,,,,,,,,
227,1783701785764,16900,16899,0,-2,0,0,0,0,57,60,10,0,70,187.86,0,-1,45,-998,-1,0,0,0,,,,,,,,,
228,1783701785867,17003,17002,0,-2,0,0,0,0,57,60,10,0,70,187.62,0,0,44,-998,-1,0,0,0,,,,,,,,,
229,1783701785968,17104,17103,0,-2,0,0,0,0,57,60,10,0,70,187.84,0,0,44,-1000,-1,0,0,0,,,,,,,,,
230,1783701786071,17207,17206,0,-2,0,0,0,0,57,60,10,0,70,187.89,0,-2,45,-997,-1,0,0,0,,,,,,,,,
231,1783701786175,17311,17310,0,-2,0,0,0,0,57,60,10,0,70,187.86,0,-1,46,-999,-1,0,0,0,,,,,,,,,
232,1783701786278,17414,17414,0,-2,0,0,0,0,57,60,10,0,70,188.01,0,-1,46,-1001,-1,0,0,0,,,,,,,,,
233,1783701786379,17515,17514,0,-2,0,0,0,0,57,60,10,0,70,187.83,0,0,45,-997,-1,0,0,0,,,,,,,,,
234,1783701786484,17620,17619,0,-2,0,0,0,0,57,60,10,0,70,187.81,0,0,46,-996,-1,0,0,0,,,,,,,,,
235,1783701786580,17716,17716,0,-2,0,0,0,0,57,60,10,0,70,187.51,0,-1,45,-998,-1,0,0,0,,,,,,,,,
236,1783701786682,17818,17818,0,-2,0,0,0,0,57,60,10,0,70,188.05,0,-1,45,-998,-1,0,0,0,,,,,,,,,
237,1783701786784,17920,17920,0,-2,0,0,0,0,57,60,10,0,70,187.96,0,0,45,-997,-1,0,0,0,,,,,,,,,
238,1783701786886,18022,18022,0,-2,0,0,0,0,57,60,10,0,70,187.73,0,0,45,-1000,-1,0,0,0,,,,,,,,,
239,1783701786988,18124,18124,0,-2,0,0,0,0,57,60,10,0,70,187.64,0,0,45,-996,-1,0,0,0,,,,,,,,,
240,1783701787090,18226,18226,0,-2,0,0,0,0,57,60,10,0,70,188.09,0,0,45,-996,-1,0,0,0,,,,,,,,,
241,1783701787192,18328,18328,0,-2,0,0,0,0,57,60,10,0,70,187.87,0,-1,46,-996,-1,0,0,0,,,,,,,,,
242,1783701787294,18430,18430,0,-2,0,0,0,0,57,60,10,0,70,187.71,0,-1,48,-998,-1,0,0,0,,,,,,,,,
243,1783701787396,18532,18532,0,-2,0,0,0,0,57,60,10,0,70,187.81,0,-1,45,-1004,-1,0,0,0,,,,,,,,,
244,1783701787498,18634,18634,0,-2,0,0,0,0,57,61,10,0,70,188.02,0,-1,45,-999,-1,0,0,0,,,,,,,,,
245,1783701787600,18736,18736,0,-2,0,0,0,0,57,61,10,0,70,187.86,0,0,46,-999,-1,0,0,0,,,,,,,,,
246,1783701787703,18839,18838,0,-2,0,0,0,0,57,61,10,0,70,187.72,0,0,46,-998,-1,0,0,0,,,,,,,,,
247,1783701787753,18889,18888,0,-2,0,0,0,0,57,61,10,0,70,188.09,0,0,43,-1000,-1,0,0,0,,,,,,,,,
248,1783701787855,18991,18991,0,-2,0,0,0,0,57,61,10,0,70,187.64,0,-3,47,-999,-1,0,0,0,,,,,,,,,
249,1783701787957,19093,19093,0,-2,0,0,0,0,57,61,10,0,70,187.89,0,-3,46,-1002,-1,0,0,0,,,,,,,,,
250,1783701788059,19195,19195,0,-2,0,0,0,0,57,61,10,0,70,187.78,0,-3,45,-997,-1,0,0,0,,,,,,,,,
251,1783701788161,19297,19297,0,-2,0,0,0,0,57,61,10,0,70,187.6,0,0,46,-1002,-1,0,0,0,,,,,,,,,
252,1783701788267,19403,19403,0,-2,0,0,0,0,57,61,10,0,70,187.35,0,-1,46,-998,-1,0,0,0,,,,,,,,,
253,1783701788365,19501,19501,0,-2,0,0,0,0,57,61,10,0,70,187.81,0,-3,45,-999,-1,0,0,0,,,,,,,,,
254,1783701788467,19603,19603,0,-2,0,0,0,0,58,60,10,0,70,187.74,0,-2,45,-999,-1,0,0,0,,,,,,,,,
255,1783701788569,19705,19704,0,-2,0,0,0,0,58,60,10,0,70,187.83,0,-2,45,-998,-1,0,0,0,,,,,,,,,
256,1783701788672,19808,19807,0,-2,0,0,0,0,58,60,10,0,70,187.49,0,0,45,-997,-1,0,0,0,,,,,,,,,
257,1783701788775,19911,19911,0,-2,0,0,0,0,58,60,10,0,70,187.98,0,0,45,-999,-1,0,0,0,,,,,,,,,
258,1783701788878,20014,20013,0,-2,0,0,0,0,58,60,10,0,70,188.17,0,-1,46,-998,-1,0,0,0,,,,,,,,,
259,1783701788979,20115,20114,0,-2,0,0,0,0,58,60,10,0,70,188.2,0,-2,45,-998,-1,0,0,0,,,,,,,,,
260,1783701789081,20217,20217,0,-2,0,0,0,0,58,60,10,0,70,187.73,0,0,45,-999,-1,0,0,0,,,,,,,,,
261,1783701789183,20319,20318,0,-2,0,0,0,0,58,60,10,0,70,187.64,0,1,46,-1000,-1,0,0,0,,,,,,,,,
262,1783701789285,20421,20420,0,-2,0,0,0,0,58,60,10,0,70,187.55,0,0,45,-1001,-1,0,0,0,,,,,,,,,
263,1783701789387,20523,20523,0,-2,0,0,0,0,58,60,10,0,70,187.32,0,0,45,-998,-1,0,0,0,,,,,,,,,
264,1783701789489,20625,20625,0,-2,0,0,0,0,58,60,10,0,70,187.63,0,-1,46,-1000,-1,0,0,0,,,,,,,,,
265,1783701789591,20727,20726,0,-2,0,0,0,0,58,60,10,0,70,187.68,0,-2,46,-997,-1,0,0,0,,,,,,,,,
266,1783701789695,20831,20830,0,-2,0,0,0,0,58,60,10,0,70,187.93,0,0,46,-998,-1,0,0,0,,,,,,,,,
267,1783701789797,20933,20932,0,-2,0,0,0,0,58,60,10,0,70,187.95,0,0,47,-998,-1,0,0,0,,,,,,,,,
268,1783701789898,21034,21034,0,-2,0,0,0,0,58,60,10,0,70,187.79,0,0,47,-996,-1,0,0,0,,,,,,,,,
269,1783701790000,21136,21135,0,-2,0,0,0,0,58,60,10,0,70,187.67,0,0,45,-1000,-1,0,0,0,,,,,,,,,
270,1783701790102,21238,21237,0,-2,0,0,0,0,58,60,10,0,70,187.81,0,-2,46,-1003,-1,0,0,0,,,,,,,,,
271,1783701790204,21340,21339,0,-2,0,0,0,0,58,60,10,0,70,187.91,0,0,47,-998,-1,0,0,0,,,,,,,,,
272,1783701790308,21444,21443,0,-2,0,0,0,0,58,60,10,0,70,187.89,0,1,46,-996,-1,0,0,0,,,,,,,,,
273,1783701790410,21546,21546,0,-2,0,0,0,0,58,60,10,0,70,187.76,0,0,44,-999,-1,0,0,0,,,,,,,,,
274,1783701790513,21649,21648,0,-2,0,0,0,0,58,60,10,0,70,187.81,0,-2,46,-999,-1,0,0,0,,,,,,,,,
275,1783701790612,21748,21747,0,-2,0,0,0,0,58,60,10,0,70,187.86,0,0,44,-995,-1,0,0,0,,,,,,,,,
276,1783701790714,21850,21849,0,-2,0,0,0,0,58,60,10,0,70,187.9,0,0,46,-999,-1,0,0,0,,,,,,,,,
277,1783701790816,21952,21951,0,-2,0,0,0,0,58,60,10,0,70,187.89,0,0,46,-994,-1,0,0,0,,,,,,,,,
278,1783701790918,22054,22053,0,-2,0,0,0,0,58,60,10,0,70,187.83,0,-2,45,-996,-1,0,0,0,,,,,,,,,
279,1783701790969,22105,22104,0,-2,0,0,0,0,58,60,10,0,70,187.7,0,1,46,-1001,-1,0,0,0,,,,,,,,,
280,1783701791072,22208,22207,0,-2,0,0,0,0,58,60,10,0,70,187.77,0,0,46,-999,-1,0,0,0,,,,,,,,,
281,1783701791175,22311,22310,0,-2,0,0,0,0,58,60,10,0,70,187.63,0,0,46,-997,-1,0,0,0,,,,,,,,,
282,1783701791276,22412,22411,0,-2,0,0,0,0,58,60,10,0,70,187.68,0,0,44,-994,-1,0,0,0,,,,,,,,,
283,1783701791378,22514,22514,0,-2,0,0,0,0,58,60,10,0,69,188.22,0,0,45,-999,-1,0,0,0,,,,,,,,,
284,1783701791480,22616,22615,0,-2,0,0,0,0,59,61,10,0,69,187.96,0,0,44,-1002,-1,0,0,0,,,,,,,,,
285,1783701791582,22718,22717,0,-2,0,0,0,0,59,61,10,0,69,187.64,0,-1,46,-999,-1,0,0,0,,,,,,,,,
286,1783701791684,22820,22819,0,-2,0,0,0,0,59,61,10,0,69,187.6,0,-2,46,-1001,-1,0,0,0,,,,,,,,,
287,1783701791786,22922,22921,0,-2,0,0,0,0,59,61,10,0,69,187.77,0,0,46,-996,-1,0,0,0,,,,,,,,,
288,1783701791888,23024,23023,0,-2,0,0,0,0,59,61,10,0,69,187.73,0,-1,45,-996,-1,0,0,0,,,,,,,,,
289,1783701791990,23126,23125,0,-2,0,0,0,0,59,61,10,0,69,187.46,0,-1,48,-997,-1,0,0,0,,,,,,,,,
290,1783701792092,23228,23227,0,-2,0,0,0,0,59,61,10,0,69,187.69,0,-1,46,-999,-1,0,0,0,,,,,,,,,
291,1783701792194,23330,23329,0,-2,0,0,0,0,59,61,10,0,69,187.67,0,0,47,-999,-1,0,0,0,,,,,,,,,
292,1783701792296,23432,23431,0,-2,0,0,0,0,59,61,10,0,69,187.78,0,-1,46,-995,-1,0,0,0,,,,,,,,,
293,1783701792398,23534,23533,0,-2,0,0,0,0,59,61,10,0,69,187.89,0,-1,46,-997,-1,0,0,0,,,,,,,,,
294,1783701792500,23636,23635,0,-2,0,0,0,0,58,60,10,0,69,187.91,0,-2,48,-999,-1,0,0,0,,,,,,,,,
295,1783701792602,23738,23737,0,-2,0,0,0,0,58,60,10,0,69,187.69,0,-3,46,-998,-1,0,0,0,,,,,,,,,
296,1783701792704,23840,23839,0,-2,0,0,0,0,58,60,10,0,69,187.81,0,-2,47,-996,-1,0,0,0,,,,,,,,,
297,1783701792808,23944,23944,0,-2,0,0,0,0,58,60,10,0,69,187.71,0,-1,47,-996,-1,0,0,0,,,,,,,,,
298,1783701792910,24046,24045,0,-2,0,0,0,0,58,60,10,0,69,188.11,0,-2,47,-995,-1,0,0,0,,,,,,,,,
299,1783701793011,24147,24147,0,-2,0,0,0,0,58,60,10,0,69,187.54,0,0,47,-997,-1,0,0,0,,,,,,,,,
300,1783701793112,24248,24248,0,-2,0,0,0,0,58,60,10,0,69,187.99,0,-1,47,-994,-1,0,0,0,,,,,,,,,
301,1783701793214,24350,24349,0,-2,0,0,0,0,58,60,10,0,69,187.53,0,0,49,-997,-1,0,0,0,,,,,,,,,
302,1783701793316,24452,24451,0,-2,0,0,0,0,58,60,10,0,69,187.48,0,0,46,-1001,-1,0,0,0,,,,,,,,,
303,1783701793418,24554,24553,0,-2,0,0,0,0,58,60,10,0,69,187.8,0,-1,47,-999,-1,0,0,0,,,,,,,,,
304,1783701793527,24663,24662,0,-2,0,0,0,0,58,61,10,0,69,187.82,0,0,46,-997,-1,0,0,0,,,,,,,,,
305,1783701793622,24758,24757,0,-2,0,0,0,0,58,61,10,0,69,187.85,0,-1,47,-998,-1,0,0,0,,,,,,,,,
306,1783701793724,24860,24859,0,-2,0,0,0,0,58,61,10,0,69,188,0,-1,47,-996,-1,0,0,0,,,,,,,,,
307,1783701793826,24962,24961,0,-2,0,0,0,0,58,61,10,0,69,187.79,0,-2,47,-1000,-1,0,0,0,,,,,,,,,
308,1783701793928,25064,25063,0,-2,0,0,0,0,58,61,10,0,69,187.65,0,0,47,-999,-1,0,0,0,,,,,,,,,
309,1783701794030,25166,25165,0,-2,0,0,0,0,58,61,10,0,69,187.82,0,0,46,-998,-1,0,0,0,,,,,,,,,
310,1783701794132,25268,25267,0,-2,0,0,0,0,58,61,10,0,69,187.59,0,-1,46,-998,-1,0,0,0,,,,,,,,,
311,1783701794183,25319,25318,0,-2,0,0,0,0,58,61,10,0,69,187.84,0,-1,46,-997,-1,0,0,0,,,,,,,,,
312,1783701794287,25423,25422,0,-2,0,0,0,0,58,61,10,0,69,187.84,0,0,46,-1000,-1,0,0,0,,,,,,,,,
313,1783701794387,25523,25522,0,-2,0,0,0,0,58,61,10,0,69,187.56,0,0,46,-1000,-1,0,0,0,,,,,,,,,
314,1783701794489,25625,25624,0,-2,0,0,0,0,58,60,10,0,69,187.77,0,0,43,-997,-1,0,0,0,,,,,,,,,
315,1783701794591,25727,25726,0,-2,0,0,0,0,58,60,10,0,69,187.81,0,-2,45,-997,-1,0,0,0,,,,,,,,,
316,1783701794694,25830,25829,0,-2,0,0,0,0,58,60,10,0,69,187.9,0,0,46,-997,-1,0,0,0,,,,,,,,,
317,1783701794796,25932,25931,0,-2,0,0,0,0,58,60,10,0,69,187.71,0,-1,47,-1000,-1,0,0,0,,,,,,,,,
318,1783701794898,26034,26033,0,-2,0,0,0,0,58,60,10,0,69,187.73,0,0,47,-1000,-1,0,0,0,,,,,,,,,
319,1783701795000,26136,26135,0,-2,0,0,0,0,58,60,10,0,69,187.56,0,0,47,-998,-1,0,0,0,,,,,,,,,
320,1783701795102,26238,26237,0,-2,0,0,0,0,58,60,10,0,69,187.88,0,-1,46,-996,-1,0,0,0,,,,,,,,,
321,1783701795205,26341,26341,0,-2,0,0,0,0,58,60,10,0,69,187.82,0,-1,48,-997,-1,0,0,0,,,,,,,,,
322,1783701795306,26442,26441,0,-2,0,0,0,0,58,60,10,0,69,187.71,0,1,45,-1000,-1,0,0,0,,,,,,,,,
323,1783701795411,26547,26546,0,-2,0,0,0,0,58,60,10,0,69,187.88,0,0,46,-998,-1,0,0,0,,,,,,,,,
324,1783701795512,26648,26647,0,-2,0,0,0,0,59,61,10,0,69,188.07,0,-1,46,-998,-1,0,0,0,,,,,,,,,
325,1783701795612,26748,26747,0,-2,0,0,0,0,59,61,10,0,69,187.91,0,-1,46,-999,-1,0,0,0,,,,,,,,,
326,1783701795714,26850,26849,0,-2,0,0,0,0,59,61,10,0,69,188.07,0,0,45,-998,-1,0,0,0,,,,,,,,,
327,1783701795816,26952,26951,0,-2,0,0,0,0,59,61,10,0,69,187.76,0,0,45,-999,-1,0,0,0,,,,,,,,,
328,1783701795918,27054,27053,0,-2,0,0,0,0,59,61,10,0,69,187.89,0,-2,45,-1000,-1,0,0,0,,,,,,,,,
329,1783701796020,27156,27155,0,-2,0,0,0,0,59,61,10,0,69,187.95,0,-3,47,-998,-1,0,0,0,,,,,,,,,
330,1783701796122,27258,27257,0,-2,0,0,0,0,59,61,10,0,69,187.97,0,-2,46,-1000,-1,0,0,0,,,,,,,,,
331,1783701796224,27360,27360,0,-2,0,0,0,0,59,61,10,0,69,187.69,0,0,44,-1000,-1,0,0,0,,,,,,,,,
332,1783701796329,27465,27464,0,-2,0,0,0,0,59,61,10,0,69,187.81,0,0,44,-996,-1,0,0,0,,,,,,,,,
333,1783701796429,27565,27564,0,-2,0,0,0,0,59,61,10,0,69,187.94,0,0,45,-997,-1,0,0,0,,,,,,,,,
334,1783701796530,27666,27665,0,-2,0,0,0,0,58,61,10,0,69,187.76,0,-2,46,-1000,-1,0,0,0,,,,,,,,,
335,1783701796632,27768,27767,0,-2,0,0,0,0,58,61,10,0,69,187.96,0,0,46,-997,-1,0,0,0,,,,,,,,,
336,1783701796734,27870,27869,0,-2,0,0,0,0,58,61,10,0,69,187.79,0,0,46,-1000,-1,0,0,0,,,,,,,,,
337,1783701796836,27972,27971,0,-2,0,0,0,0,58,61,10,0,69,187.62,0,-1,46,-999,-1,0,0,0,,,,,,,,,
338,1783701796938,28074,28073,0,-2,0,0,0,0,58,61,10,0,69,187.93,0,0,45,-996,-1,0,0,0,,,,,,,,,
339,1783701797040,28176,28175,0,-2,0,0,0,0,58,61,10,0,69,187.97,0,0,46,-995,-1,0,0,0,,,,,,,,,
340,1783701797143,28279,28278,0,-2,0,0,0,0,58,61,10,0,69,187.58,0,0,47,-999,-1,0,0,0,,,,,,,,,
341,1783701797244,28380,28379,0,-2,0,0,0,0,58,61,10,0,69,187.73,0,0,46,-1002,-1,0,0,0,,,,,,,,,
342,1783701797297,28433,28432,0,-2,0,0,0,0,58,61,10,0,69,187.63,0,0,44,-1000,-1,0,0,0,,,,,,,,,
343,1783701797399,28535,28534,0,-2,0,0,0,0,58,61,10,0,69,187.77,0,-1,46,-995,-1,0,0,0,,,,,,,,,
344,1783701797506,28642,28641,0,-2,0,0,0,0,59,62,10,0,69,187.51,0,0,46,-998,-1,0,0,0,,,,,,,,,
345,1783701797601,28737,28736,0,-2,0,0,0,0,59,62,10,0,69,187.66,0,0,46,-999,-1,0,0,0,,,,,,,,,
346,1783701797707,28843,28842,0,-2,0,0,0,0,59,62,10,0,69,188.02,0,-2,46,-1000,-1,0,0,0,,,,,,,,,
347,1783701797806,28942,28941,0,-2,0,0,0,0,59,62,10,0,69,187.68,0,-1,45,-1000,-1,0,0,0,,,,,,,,,
348,1783701797927,29063,29062,0,-2,0,0,0,0,59,62,10,0,69,187.66,0,0,47,-998,-1,0,0,0,,,,,,,,,
349,1783701798027,29163,29162,0,-2,0,0,0,0,59,62,10,0,69,187.6,0,0,45,-997,-1,0,0,0,,,,,,,,,
350,1783701798125,29261,29260,0,-2,0,0,0,0,59,62,10,0,69,187.93,0,-1,46,-998,-1,0,0,0,,,,,,,,,
351,1783701798216,29352,29351,0,-2,0,0,0,0,59,62,10,0,69,187.84,0,0,46,-1001,-1,0,0,0,,,,,,,,,
352,1783701798317,29453,29452,0,-2,0,0,0,0,59,62,10,0,69,187.52,0,-1,45,-998,-1,0,0,0,,,,,,,,,
353,1783701798419,29555,29554,0,-2,0,0,0,0,59,62,10,0,69,187.91,0,-1,46,-997,-1,0,0,0,,,,,,,,,
354,1783701798521,29657,29656,0,-2,0,0,0,0,59,62,10,0,69,187.66,0,0,45,-999,-1,0,0,0,,,,,,,,,
355,1783701798623,29759,29758,0,-2,0,0,0,0,59,62,10,0,69,187.6,0,1,45,-999,-1,0,0,0,,,,,,,,,
356,1783701798725,29861,29860,0,-2,0,0,0,0,59,62,10,0,69,188.15,0,-1,45,-999,-1,0,0,0,,,,,,,,,
357,1783701798828,29964,29963,0,-2,0,0,0,0,59,62,10,0,69,187.6,0,-1,46,-999,-1,0,0,0,,,,,,,,,
358,1783701798930,30066,30065,0,-2,0,0,0,0,59,62,10,0,69,187.93,0,-1,46,-999,-1,0,0,0,,,,,,,,,
359,1783701799032,30168,30167,0,-2,0,0,0,0,59,62,10,0,69,187.79,0,-1,47,-1000,-1,0,0,0,,,,,,,,,
360,1783701799134,30270,30269,0,-2,0,0,0,0,59,62,10,0,69,187.83,0,0,47,-999,-1,0,0,0,,,,,,,,,
361,1783701799236,30372,30371,0,-2,0,0,0,0,59,62,10,0,69,187.47,0,-1,46,-998,-1,0,0,0,,,,,,,,,
362,1783701799338,30474,30473,0,-2,0,0,0,0,59,62,10,0,69,187.86,0,0,47,-997,-1,0,0,0,,,,,,,,,
363,1783701799441,30577,30577,0,-2,0,0,0,0,59,62,10,0,69,187.91,0,-2,47,-997,-1,0,0,0,,,,,,,,,
364,1783701799545,30681,30680,0,-2,0,0,0,0,59,61,10,0,69,187.73,0,0,45,-997,-1,0,0,0,,,,,,,,,
365,1783701799653,30789,30788,0,-2,0,0,0,0,59,61,10,0,69,188.08,0,-1,46,-995,-1,0,0,0,,,,,,,,,
366,1783701799746,30882,30881,0,-2,0,0,0,0,59,61,10,0,69,187.76,0,0,46,-1000,-1,0,0,0,,,,,,,,,
367,1783701799847,30983,30982,0,-2,0,0,0,0,59,61,10,0,69,187.84,0,0,45,-996,-1,0,0,0,,,,,,,,,
368,1783701799950,31086,31085,0,-2,0,0,0,0,59,61,10,0,69,187.84,0,0,43,-997,-1,0,0,0,,,,,,,,,
369,1783701800053,31189,31188,0,-2,0,0,0,0,59,61,10,0,69,188.14,0,-1,47,-997,-1,0,0,0,,,,,,,,,
370,1783701800154,31290,31289,0,-2,0,0,0,0,59,61,10,0,69,187.89,0,0,45,-998,-1,0,0,0,,,,,,,,,
371,1783701800256,31392,31391,0,-2,0,0,0,0,59,61,10,0,69,187.74,0,0,45,-997,-1,0,0,0,,,,,,,,,
372,1783701800358,31494,31493,0,-2,0,0,0,0,59,61,10,0,69,187.69,0,-2,46,-998,-1,0,0,0,,,,,,,,,
373,1783701800460,31596,31595,0,-2,0,0,0,0,59,61,10,0,69,187.76,0,-2,45,-996,-1,0,0,0,,,,,,,,,
374,1783701800562,31698,31697,0,-2,0,0,0,0,60,61,10,0,69,187.91,0,2,45,-1000,-1,0,0,0,,,,,,,,,
375,1783701800664,31800,31799,0,-2,0,0,0,0,60,61,10,0,69,187.76,0,-1,46,-998,-1,0,0,0,,,,,,,,,
376,1783701800715,31851,31850,0,-2,0,0,0,0,60,61,10,0,69,187.62,0,-2,45,-996,-1,0,0,0,,,,,,,,,
377,1783701800818,31954,31953,0,-2,0,0,0,0,60,61,10,0,69,187.75,0,0,45,-999,-1,0,0,0,,,,,,,,,
378,1783701800919,32055,32055,0,-2,0,0,0,0,60,61,10,0,69,187.64,0,0,46,-999,-1,0,0,0,,,,,,,,,
379,1783701801021,32157,32157,0,-2,0,0,0,0,60,61,10,0,69,187.72,0,-1,46,-1001,-1,0,0,0,,,,,,,,,
380,1783701801124,32260,32259,0,-2,0,0,0,0,60,61,10,0,69,187.68,0,-2,46,-998,-1,0,0,0,,,,,,,,,
381,1783701801226,32362,32362,0,-2,0,0,0,0,60,61,10,0,69,188.06,0,-1,45,-999,-1,0,0,0,,,,,,,,,
382,1783701801329,32465,32464,0,-2,0,0,0,0,60,61,10,0,69,187.76,0,0,45,-998,-1,0,0,0,,,,,,,,,
383,1783701801429,32565,32564,0,-2,0,0,0,0,60,61,10,0,68,187.91,0,0,45,-999,-1,0,0,0,,,,,,,,,
384,1783701801531,32667,32666,0,-2,0,0,0,0,59,62,10,0,68,187.58,0,-1,46,-1000,-1,0,0,0,,,,,,,,,
385,1783701801633,32769,32768,0,-2,0,0,0,0,59,62,10,0,68,187.69,0,1,45,-997,-1,0,0,0,,,,,,,,,
386,1783701801737,32873,32872,0,-2,0,0,0,0,59,62,10,0,68,187.98,0,-1,46,-997,-1,0,0,0,,,,,,,,,
387,1783701801838,32974,32973,0,-2,0,0,0,0,59,62,10,0,68,187.79,0,0,45,-1000,-1,0,0,0,,,,,,,,,
388,1783701801940,33076,33075,0,-2,0,0,0,0,59,62,10,0,68,187.59,0,0,45,-999,-1,0,0,0,,,,,,,,,
389,1783701802042,33178,33177,0,-2,0,0,0,0,59,62,10,0,68,187.76,0,0,46,-999,-1,0,0,0,,,,,,,,,
390,1783701802146,33282,33281,0,-2,0,0,0,0,59,62,10,0,68,188.03,0,0,46,-997,-1,0,0,0,,,,,,,,,
391,1783701802245,33381,33380,0,-2,0,0,0,0,59,62,10,0,68,187.79,0,0,46,-998,-1,0,0,0,,,,,,,,,
392,1783701802348,33484,33483,0,-2,0,0,0,0,59,62,10,0,68,187.85,0,0,45,-1001,-1,0,0,0,,,,,,,,,
393,1783701802450,33586,33585,0,-2,0,0,0,0,59,62,10,0,68,188.11,0,0,45,-995,-1,0,0,0,,,,,,,,,
394,1783701802552,33688,33687,0,-2,0,0,0,0,59,62,10,0,68,187.78,0,-1,45,-996,-1,0,0,0,,,,,,,,,
395,1783701802654,33790,33789,0,-2,0,0,0,0,59,62,10,0,68,187.45,0,0,46,-998,-1,0,0,0,,,,,,,,,
396,1783701802756,33892,33891,0,-2,0,0,0,0,59,62,10,0,68,187.88,0,0,45,-997,-1,0,0,0,,,,,,,,,
397,1783701802859,33995,33994,0,-2,0,0,0,0,59,62,10,0,68,187.79,0,0,45,-997,-1,0,0,0,,,,,,,,,
398,1783701802961,34097,34096,0,-2,0,0,0,0,59,62,10,0,68,187.65,0,-2,44,-999,-1,0,0,0,,,,,,,,,
399,1783701803063,34199,34198,0,-2,0,0,0,0,59,62,10,0,68,188.07,0,0,46,-997,-1,0,0,0,,,,,,,,,
400,1783701803165,34301,34300,0,-2,0,0,0,0,59,62,10,0,68,187.85,0,-1,45,-999,-1,0,0,0,,,,,,,,,
401,1783701803267,34403,34402,0,-2,0,0,0,0,59,62,10,0,68,187.67,0,0,45,-998,-1,0,0,0,,,,,,,,,
402,1783701803370,34506,34505,0,-2,0,0,0,0,59,62,10,0,68,187.93,0,0,46,-998,-1,0,0,0,,,,,,,,,
403,1783701803472,34608,34607,0,-2,0,0,0,0,59,62,10,0,68,187.74,0,0,46,-997,-1,0,0,0,,,,,,,,,
404,1783701803574,34710,34709,0,-2,0,0,0,0,60,61,10,0,68,187.77,0,-1,45,-1000,-1,0,0,0,,,,,,,,,
405,1783701803676,34812,34811,0,-2,0,0,0,0,60,61,10,0,68,187.68,0,-1,46,-1000,-1,0,0,0,,,,,,,,,
406,1783701803778,34914,34913,0,-2,0,0,0,0,60,61,10,0,68,188.07,0,-1,44,-1000,-1,0,0,0,,,,,,,,,
407,1783701803829,34965,34964,0,-2,0,0,0,0,60,61,10,0,68,188.02,0,0,44,-998,-1,0,0,0,,,,,,,,,
408,1783701803931,35067,35066,0,-2,0,0,0,0,60,61,10,0,68,187.94,0,0,45,-997,-1,0,0,0,,,,,,,,,
409,1783701804033,35169,35168,0,-2,0,0,0,0,60,61,10,0,68,187.87,0,-2,46,-996,-1,0,0,0,,,,,,,,,
410,1783701804135,35271,35270,0,-2,0,0,0,0,60,61,10,0,68,187.66,0,0,46,-999,-1,0,0,0,,,,,,,,,
411,1783701804237,35373,35372,0,-2,0,0,0,0,60,61,10,0,68,187.48,0,0,46,-1001,-1,0,0,0,,,,,,,,,
412,1783701804347,35483,35482,0,-2,0,0,0,0,60,61,10,0,68,187.65,0,-1,46,-1000,-1,0,0,0,,,,,,,,,
413,1783701804444,35580,35579,0,-2,0,0,0,0,60,61,10,0,68,187.8,0,-1,44,-998,-1,0,0,0,,,,,,,,,
414,1783701804543,35679,35678,0,-2,0,0,0,0,59,62,10,0,68,187.72,0,0,45,-998,-1,0,0,0,,,,,,,,,
415,1783701804646,35782,35781,0,-2,0,0,0,0,59,62,10,0,68,187.97,0,0,45,-998,-1,0,0,0,,,,,,,,,
416,1783701804748,35884,35883,0,-2,0,0,0,0,59,62,10,0,68,187.63,0,0,45,-999,-1,0,0,0,,,,,,,,,
417,1783701804850,35986,35985,0,-2,0,0,0,0,59,62,10,0,68,188,0,0,45,-996,-1,0,0,0,,,,,,,,,
418,1783701804952,36088,36087,0,-2,0,0,0,0,59,62,10,0,68,188.04,0,0,45,-997,-1,0,0,0,,,,,,,,,
419,1783701805053,36189,36189,0,-2,0,0,0,0,59,62,10,0,68,187.65,0,-2,45,-997,-1,0,0,0,,,,,,,,,
420,1783701805156,36292,36292,0,-2,0,0,0,0,59,62,10,0,68,188.09,0,2,46,-998,-1,0,0,0,,,,,,,,,
421,1783701805258,36394,36393,0,-2,0,0,0,0,59,62,10,0,68,187.92,0,-1,46,-1000,-1,0,0,0,,,,,,,,,
422,1783701805359,36495,36495,0,-2,0,0,0,0,59,62,10,0,68,187.68,0,-2,47,-1000,-1,0,0,0,,,,,,,,,
423,1783701805462,36598,36597,0,-2,0,0,0,0,59,62,10,0,68,187.79,0,0,45,-999,-1,0,0,0,,,,,,,,,
424,1783701805564,36700,36699,0,-2,0,0,0,0,60,62,10,0,68,188.05,0,1,44,-1001,-1,0,0,0,,,,,,,,,
425,1783701805666,36802,36801,0,-2,0,0,0,0,60,62,10,0,68,187.88,0,0,44,-1000,-1,0,0,0,,,,,,,,,
426,1783701805768,36904,36903,0,-2,0,0,0,0,60,62,10,0,68,187.8,0,-1,44,-1000,-1,0,0,0,,,,,,,,,
427,1783701805869,37005,37005,0,-2,0,0,0,0,60,62,10,0,68,187.76,0,-1,45,-997,-1,0,0,0,,,,,,,,,
428,1783701805971,37107,37107,0,-2,0,0,0,0,60,62,10,0,68,187.79,0,-1,45,-999,-1,0,0,0,,,,,,,,,
429,1783701806073,37209,37208,0,-2,0,0,0,0,60,62,10,0,68,187.93,0,1,46,-999,-1,0,0,0,,,,,,,,,
430,1783701806176,37312,37311,0,-2,0,0,0,0,60,62,10,0,68,187.96,0,1,44,-999,-1,0,0,0,,,,,,,,,
431,1783701806278,37414,37413,0,-2,0,0,0,0,60,62,10,0,68,187.4,0,0,44,-998,-1,0,0,0,,,,,,,,,
432,1783701806379,37515,37515,0,-2,0,0,0,0,60,62,10,0,68,187.67,0,0,44,-997,-1,0,0,0,,,,,,,,,
433,1783701806482,37618,37617,0,-2,0,0,0,0,60,62,10,0,68,187.8,0,0,47,-998,-1,0,0,0,,,,,,,,,
434,1783701806583,37719,37719,0,-2,0,0,0,0,60,63,10,0,68,187.77,0,1,46,-999,-1,0,0,0,,,,,,,,,
435,1783701806685,37821,37821,0,-2,0,0,0,0,60,63,10,0,68,187.84,0,1,45,-997,-1,0,0,0,,,,,,,,,
436,1783701806788,37924,37924,0,-2,0,0,0,0,60,63,10,0,68,187.75,0,-2,46,-997,-1,0,0,0,,,,,,,,,
437,1783701806900,38036,38035,0,-2,0,0,0,0,60,63,10,0,68,187.71,0,-2,46,-995,-1,0,0,0,,,,,,,,,
438,1783701806946,38082,38082,0,-2,0,0,0,0,60,63,10,0,68,187.75,0,0,47,-1001,-1,0,0,0,,,,,,,,,
439,1783701807048,38184,38184,0,-2,0,0,0,0,60,63,10,0,68,187.8,0,0,45,-1000,-1,0,0,0,,,,,,,,,
440,1783701807150,38286,38286,0,-2,0,0,0,0,60,63,10,0,68,187.81,0,0,45,-999,-1,0,0,0,,,,,,,,,
441,1783701807252,38388,38388,0,-2,0,0,0,0,60,63,10,0,68,187.63,0,0,45,-998,-1,0,0,0,,,,,,,,,
442,1783701807354,38490,38490,0,-2,0,0,0,0,60,63,10,0,68,187.87,0,0,46,-996,-1,0,0,0,,,,,,,,,
443,1783701807460,38596,38595,0,-2,0,0,0,0,60,63,10,0,68,187.83,0,0,47,-998,-1,0,0,0,,,,,,,,,
444,1783701807558,38694,38694,0,-2,0,0,0,0,59,62,10,0,68,188.04,0,0,47,-1001,-1,0,0,0,,,,,,,,,
445,1783701807660,38796,38796,0,-2,0,0,0,0,59,62,10,0,68,187.5,0,-2,45,-998,-1,0,0,0,,,,,,,,,
446,1783701807763,38899,38898,0,-2,0,0,0,0,59,62,10,0,68,187.83,0,0,47,-998,-1,0,0,0,,,,,,,,,
447,1783701807865,39001,39000,0,-2,0,0,0,0,59,62,10,0,68,187.82,0,0,46,-1000,-1,0,0,0,,,,,,,,,
448,1783701807966,39102,39102,0,-2,0,0,0,0,59,62,10,0,68,187.71,0,-1,46,-1000,-1,0,0,0,,,,,,,,,
449,1783701808068,39204,39204,0,-2,0,0,0,0,59,62,10,0,68,187.85,0,-1,45,-998,-1,0,0,0,,,,,,,,,
450,1783701808171,39307,39306,0,-2,0,0,0,0,59,62,10,0,68,187.45,0,0,46,-998,-1,0,0,0,,,,,,,,,
451,1783701808275,39411,39410,0,-2,0,0,0,0,59,62,10,0,68,187.83,0,-1,45,-997,-1,0,0,0,,,,,,,,,
452,1783701808376,39512,39512,0,-2,0,0,0,0,59,62,10,0,68,187.81,0,0,47,-998,-1,0,0,0,,,,,,,,,
453,1783701808477,39613,39612,0,-2,0,0,0,0,59,62,10,0,68,187.71,0,1,46,-996,-1,0,0,0,,,,,,,,,
454,1783701808579,39715,39715,0,-2,0,0,0,0,59,62,10,0,68,187.64,0,-2,46,-996,-1,0,0,0,,,,,,,,,
455,1783701808681,39817,39816,0,-2,0,0,0,0,59,62,10,0,68,187.44,0,-2,46,-998,-1,0,0,0,,,,,,,,,
456,1783701808784,39920,39919,0,-2,0,0,0,0,59,62,10,0,68,187.6,0,0,46,-1001,-1,0,0,0,,,,,,,,,
457,1783701808886,40022,40022,0,-2,0,0,0,0,59,62,10,0,68,187.61,0,1,45,-1000,-1,0,0,0,,,,,,,,,
458,1783701808988,40124,40124,0,-2,0,0,0,0,59,62,10,0,68,187.53,0,0,45,-999,-1,0,0,0,,,,,,,,,
459,1783701809091,40227,40226,0,-2,0,0,0,0,59,62,10,0,68,187.63,0,0,46,-998,-1,0,0,0,,,,,,,,,
460,1783701809198,40334,40333,0,-2,0,0,0,0,59,62,10,0,68,187.66,0,0,45,-997,-1,0,0,0,,,,,,,,,
461,1783701809295,40431,40430,0,-2,0,0,0,0,59,62,10,0,68,187.66,0,-1,46,-1000,-1,0,0,0,,,,,,,,,
462,1783701809396,40532,40532,0,-2,0,0,0,0,59,62,10,0,68,187.64,0,0,45,-1001,-1,0,0,0,,,,,,,,,
463,1783701809498,40634,40634,0,-2,0,0,0,0,59,62,10,0,68,187.69,0,1,45,-998,-1,0,0,0,,,,,,,,,
464,1783701809600,40736,40736,0,-2,0,0,0,0,60,62,10,0,68,187.73,0,0,46,-997,-1,0,0,0,,,,,,,,,
465,1783701809703,40839,40838,0,-2,0,0,0,0,60,62,10,0,68,187.73,0,-1,45,-995,-1,0,0,0,,,,,,,,,
466,1783701809753,40889,40889,0,-2,0,0,0,0,60,62,10,0,68,187.73,0,0,47,-998,-1,0,0,0,,,,,,,,,
467,1783701809855,40991,40991,0,-2,0,0,0,0,60,62,10,0,68,187.79,0,0,45,-1000,-1,0,0,0,,,,,,,,,
468,1783701809957,41093,41093,0,-2,0,0,0,0,60,62,10,0,68,187.92,0,0,47,-997,-1,0,0,0,,,,,,,,,
469,1783701810059,41195,41195,0,-2,0,0,0,0,60,62,10,0,68,187.59,0,-2,46,-998,-1,0,0,0,,,,,,,,,
470,1783701810161,41297,41296,0,-2,0,0,0,0,60,62,10,0,68,187.86,0,-2,47,-995,-1,0,0,0,,,,,,,,,
471,1783701810263,41399,41398,0,-2,0,0,0,0,60,62,10,0,68,187.62,0,0,45,-1000,-1,0,0,0,,,,,,,,,
472,1783701810365,41501,41500,0,-2,0,0,0,0,60,62,10,0,68,187.65,0,0,47,-1001,-1,0,0,0,,,,,,,,,
473,1783701810467,41603,41602,0,-2,0,0,0,0,60,62,10,0,68,187.81,0,0,46,-1000,-1,0,0,0,,,,,,,,,
474,1783701810570,41706,41705,0,-2,0,0,0,0,60,62,10,0,68,187.6,0,0,45,-997,-1,0,0,0,,,,,,,,,
475,1783701810673,41809,41808,0,-2,0,0,0,0,60,62,10,0,68,187.79,0,0,47,-998,-1,0,0,0,,,,,,,,,
476,1783701810775,41911,41911,0,-2,0,0,0,0,60,62,10,0,68,187.36,0,0,46,-999,-1,0,0,0,,,,,,,,,
477,1783701810879,42015,42015,0,-2,0,0,0,0,60,62,10,0,68,187.78,0,0,47,-1001,-1,0,0,0,,,,,,,,,
478,1783701810981,42117,42116,0,-2,0,0,0,0,60,62,10,0,68,187.81,0,1,46,-1003,-1,0,0,0,,,,,,,,,
479,1783701811081,42217,42216,0,-2,0,0,0,0,60,62,10,0,68,187.97,0,0,45,-999,-1,0,0,0,,,,,,,,,
480,1783701811183,42319,42318,0,-2,0,0,0,0,60,62,10,0,68,187.87,0,-3,45,-997,-1,0,0,0,,,,,,,,,
481,1783701811285,42421,42420,0,-2,0,0,0,0,60,62,10,0,68,187.73,0,-1,46,-997,-1,0,0,0,,,,,,,,,
482,1783701811387,42523,42522,0,-2,0,0,0,0,60,62,10,0,68,187.53,0,0,45,-1000,-1,0,0,0,,,,,,,,,
483,1783701811489,42625,42624,0,-2,0,0,0,0,60,62,10,0,68,187.62,0,0,45,-1001,-1,0,0,0,,,,,,,,,
484,1783701811591,42727,42726,0,-2,0,0,0,0,59,62,10,0,68,187.6,0,0,48,-998,-1,0,0,0,,,,,,,,,
485,1783701811693,42829,42828,0,-2,0,0,0,0,59,62,10,0,68,187.44,0,-1,47,-1001,-1,0,0,0,,,,,,,,,
486,1783701811795,42931,42931,0,-2,0,0,0,0,59,62,10,0,68,187.37,0,0,45,-1000,-1,0,0,0,,,,,,,,,
487,1783701811898,43034,43033,0,-2,0,0,0,0,59,62,10,0,68,187.7,0,-3,45,-995,-1,0,0,0,,,,,,,,,
488,1783701812000,43136,43135,0,-2,0,0,0,0,59,62,10,0,68,187.62,0,-1,46,-1000,-1,0,0,0,,,,,,,,,
489,1783701812102,43238,43238,0,-2,0,0,0,0,59,62,10,0,68,187.81,0,0,46,-998,-1,0,0,0,,,,,,,,,
490,1783701812206,43342,43341,0,-2,0,0,0,0,59,62,10,0,68,187.59,0,0,46,-1002,-1,0,0,0,,,,,,,,,
491,1783701812309,43445,43444,0,-2,0,0,0,0,59,62,10,0,68,187.84,0,-1,46,-1000,-1,0,0,0,,,,,,,,,
492,1783701812411,43547,43546,0,-2,0,0,0,0,59,62,10,0,68,187.62,0,0,46,-997,-1,0,0,0,,,,,,,,,
493,1783701812511,43647,43646,0,-2,0,0,0,0,59,62,10,0,68,187.64,0,-1,45,-998,-1,0,0,0,,,,,,,,,
494,1783701812613,43749,43748,0,-2,0,0,0,0,60,62,10,0,68,187.79,0,1,45,-997,-1,0,0,0,,,,,,,,,
495,1783701812715,43851,43851,0,-2,0,0,0,0,60,62,10,0,68,187.53,0,0,45,-998,-1,0,0,0,,,,,,,,,
496,1783701812817,43953,43952,0,-2,0,0,0,0,60,62,10,0,68,188.05,0,0,45,-997,-1,0,0,0,,,,,,,,,
497,1783701812919,44055,44054,0,-2,0,0,0,0,60,62,10,0,68,187.64,0,0,44,-995,-1,0,0,0,,,,,,,,,
498,1783701813021,44157,44156,0,-2,0,0,0,0,60,62,10,0,68,187.65,0,0,47,-1001,-1,0,0,0,,,,,,,,,
499,1783701813123,44259,44258,0,-2,0,0,0,0,60,62,10,0,68,187.63,0,0,45,-999,-1,0,0,0,,,,,,,,,
500,1783701813177,44313,44312,0,-2,0,0,0,0,60,62,10,0,68,187.93,0,0,46,-999,-1,0,0,0,,,,,,,,,
501,1783701813280,44416,44416,0,-2,0,0,0,0,60,62,10,0,68,187.7,0,-2,45,-994,-1,0,0,0,,,,,,,,,
502,1783701813386,44522,44521,0,-2,0,0,0,0,60,62,10,0,68,187.73,0,-3,45,-998,-1,0,0,0,,,,,,,,,
503,1783701813493,44629,44628,0,-2,0,0,0,0,60,62,10,0,68,187.86,0,-2,48,-1001,-1,0,0,0,,,,,,,,,
504,1783701813591,44727,44727,0,-2,0,0,0,0,61,63,10,0,68,187.76,0,0,45,-1000,-1,0,0,0,,,,,,,,,
505,1783701813686,44822,44822,0,-2,0,0,0,0,61,63,10,0,68,188,0,0,46,-998,-1,0,0,0,,,,,,,,,
506,1783701813790,44926,44925,0,-2,0,0,0,0,61,63,10,0,68,187.51,0,-1,43,-995,-1,0,0,0,,,,,,,,,
507,1783701813891,45027,45026,0,-2,0,0,0,0,61,63,10,0,68,187.73,0,0,44,-996,-1,0,0,0,,,,,,,,,
508,1783701813994,45130,45129,0,-2,0,0,0,0,61,63,10,0,68,187.99,0,-2,47,-1002,-1,0,0,0,,,,,,,,,
509,1783701814096,45232,45231,0,-2,0,0,0,0,61,63,10,0,68,187.89,0,-1,44,-1001,-1,0,0,0,,,,,,,,,
510,1783701814198,45334,45334,0,-2,0,0,0,0,61,63,10,0,68,187.53,0,-2,44,-1005,-1,0,0,0,,,,,,,,,
511,1783701814301,45437,45436,0,-2,0,0,0,0,61,63,10,0,68,187.8,0,-2,44,-997,-1,0,0,0,,,,,,,,,
512,1783701814402,45538,45537,0,-2,0,0,0,0,61,63,10,0,68,187.51,0,1,46,-999,-1,0,0,0,,,,,,,,,
513,1783701814504,45640,45639,0,-2,0,0,0,0,61,63,10,0,68,187.61,0,0,46,-1000,-1,0,0,0,,,,,,,,,
514,1783701814614,45750,45749,0,-2,0,0,0,0,61,62,10,0,68,187.86,0,0,46,-999,-1,0,0,0,,,,,,,,,
515,1783701814709,45845,45844,0,-2,0,0,0,0,61,62,10,0,68,187.7,0,0,47,-999,-1,0,0,0,,,,,,,,,
516,1783701814818,45954,45953,0,-2,0,0,0,0,61,62,10,0,68,187.81,0,0,46,-999,-1,0,0,0,,,,,,,,,
517,1783701814921,46057,46056,0,-2,0,0,0,0,61,62,10,0,68,187.8,0,-1,46,-998,-1,0,0,0,,,,,,,,,
518,1783701815029,46165,46164,0,-2,0,0,0,0,61,62,10,0,68,187.86,0,0,46,-1001,-1,0,0,0,,,,,,,,,
519,1783701815121,46257,46256,0,-2,0,0,0,0,61,62,10,0,68,187.67,0,0,47,-1000,-1,0,0,0,,,,,,,,,
520,1783701815222,46358,46358,0,-2,0,0,0,0,61,62,10,0,68,187.74,0,-2,45,-992,-1,0,0,0,,,,,,,,,
521,1783701815325,46461,46460,0,-2,0,0,0,0,61,62,10,0,68,187.63,0,-1,46,-999,-1,0,0,0,,,,,,,,,
522,1783701815427,46563,46562,0,-2,0,0,0,0,61,62,10,0,68,187.94,0,0,48,-1001,-1,0,0,0,,,,,,,,,
523,1783701815530,46666,46665,0,-2,0,0,0,0,61,62,10,0,68,187.7,0,0,47,-1000,-1,0,0,0,,,,,,,,,
524,1783701815632,46768,46767,0,-2,0,0,0,0,60,62,10,0,68,188.07,0,-2,47,-999,-1,0,0,0,,,,,,,,,
525,1783701815733,46869,46868,0,-2,0,0,0,0,60,62,10,0,68,187.86,0,-1,47,-999,-1,0,0,0,,,,,,,,,
526,1783701815837,46973,46972,0,-2,0,0,0,0,60,62,10,0,68,187.69,0,1,47,-999,-1,0,0,0,,,,,,,,,
527,1783701815942,47078,47077,0,-2,0,0,0,0,60,62,10,0,68,187.69,0,2,45,-998,-1,0,0,0,,,,,,,,,
528,1783701815989,47125,47124,0,-2,0,0,0,0,60,62,10,0,68,187.65,0,0,47,-1001,-1,0,0,0,,,,,,,,,
529,1783701816091,47227,47226,0,-2,0,0,0,0,60,62,10,0,68,187.75,0,0,44,-996,-1,0,0,0,,,,,,,,,
530,1783701816193,47329,47328,0,-2,0,0,0,0,60,62,10,0,68,187.97,0,-1,45,-998,-1,0,0,0,,,,,,,,,
531,1783701816295,47431,47430,0,-2,0,0,0,0,60,62,10,0,68,187.74,0,-1,48,-1000,-1,0,0,0,,,,,,,,,
532,1783701816398,47534,47533,0,-2,0,0,0,0,60,62,10,0,68,187.74,0,0,47,-999,-1,0,0,0,,,,,,,,,
533,1783701816499,47635,47634,0,-2,0,0,0,0,60,62,10,0,68,187.78,0,0,44,-1000,-1,0,0,0,,,,,,,,,
534,1783701816601,47737,47736,0,-2,0,0,0,0,60,62,10,0,68,187.62,0,0,45,-998,-1,0,0,0,,,,,,,,,
535,1783701816703,47839,47838,0,-2,0,0,0,0,60,62,10,0,68,187.77,0,0,45,-1000,-1,0,0,0,,,,,,,,,
536,1783701816805,47941,47941,0,-2,0,0,0,0,60,62,10,0,68,188.13,0,0,47,-1000,-1,0,0,0,,,,,,,,,
537,1783701816908,48044,48043,0,-2,0,0,0,0,60,62,10,0,68,187.89,0,0,45,-999,-1,0,0,0,,,,,,,,,
538,1783701817009,48145,48145,0,-2,0,0,0,0,60,62,10,0,68,187.4,0,-1,44,-998,-1,0,0,0,,,,,,,,,
539,1783701817112,48248,48247,0,-2,0,0,0,0,60,62,10,0,68,187.58,0,0,45,-996,-1,0,0,0,,,,,,,,,
540,1783701817213,48349,48348,0,-2,0,0,0,0,60,62,10,0,68,187.66,0,-1,46,-997,-1,0,0,0,,,,,,,,,
541,1783701817315,48451,48450,0,-2,0,0,0,0,60,62,10,0,68,187.45,0,0,46,-998,-1,0,0,0,,,,,,,,,
542,1783701817417,48553,48552,0,-2,0,0,0,0,60,62,10,0,68,187.69,0,-1,46,-999,-1,0,0,0,,,,,,,,,
543,1783701817519,48655,48654,0,-2,0,0,0,0,60,62,10,0,68,187.92,0,-2,46,-998,-1,0,0,0,,,,,,,,,
544,1783701817621,48757,48756,0,-2,0,0,0,0,61,63,10,0,68,187.74,0,1,47,-995,-1,0,0,0,,,,,,,,,
545,1783701817723,48859,48858,0,-2,0,0,0,0,61,63,10,0,68,187.91,0,0,45,-1000,-1,0,0,0,,,,,,,,,
546,1783701817825,48961,48960,0,-2,0,0,0,0,61,63,10,0,68,187.77,0,0,47,-1001,-1,0,0,0,,,,,,,,,
547,1783701817928,49064,49063,0,-2,0,0,0,0,61,63,10,0,68,187.58,0,0,46,-999,-1,0,0,0,,,,,,,,,
548,1783701818030,49166,49165,0,-2,0,0,0,0,61,63,10,0,68,187.65,0,-1,44,-998,-1,0,0,0,,,,,,,,,
549,1783701818132,49268,49267,0,-2,0,0,0,0,61,63,10,0,68,187.79,0,0,45,-1000,-1,0,0,0,,,,,,,,,
550,1783701818234,49370,49369,0,-2,0,0,0,0,61,63,10,0,68,187.67,0,0,47,-998,-1,0,0,0,,,,,,,,,
551,1783701818337,49473,49472,0,-2,0,0,0,0,61,63,10,0,68,187.79,0,0,46,-996,-1,0,0,0,,,,,,,,,
552,1783701818439,49575,49575,0,-2,0,0,0,0,61,63,10,0,68,187.81,0,-1,47,-996,-1,0,0,0,,,,,,,,,
553,1783701818541,49677,49676,0,-2,0,0,0,0,61,63,10,0,68,187.79,0,0,46,-996,-1,0,0,0,,,,,,,,,
554,1783701818644,49780,49779,0,-2,0,0,0,0,61,63,10,0,68,187.84,0,0,47,-998,-1,0,0,0,,,,,,,,,
555,1783701818745,49881,49880,0,-2,0,0,0,0,61,63,10,0,68,187.51,0,1,47,-1002,-1,0,0,0,,,,,,,,,
556,1783701818848,49984,49983,0,-2,0,0,0,0,61,63,10,0,68,187.65,0,0,45,-998,-1,0,0,0,,,,,,,,,
557,1783701818899,50035,50034,0,-2,0,0,0,0,61,63,10,0,68,187.94,0,-1,47,-999,-1,0,0,0,,,,,,,,,
558,1783701819001,50137,50136,0,-2,0,0,0,0,61,63,10,0,68,188.02,0,-1,45,-996,-1,0,0,0,,,,,,,,,
559,1783701819103,50239,50238,0,-2,0,0,0,0,61,63,10,0,68,187.92,0,-1,47,-1001,-1,0,0,0,,,,,,,,,
560,1783701819206,50342,50341,0,-2,0,0,0,0,61,63,10,0,68,187.6,0,0,45,-1001,-1,0,0,0,,,,,,,,,
561,1783701819309,50445,50444,0,-2,0,0,0,0,61,63,10,0,68,187.94,0,-1,45,-1000,-1,0,0,0,,,,,,,,,
562,1783701819410,50546,50545,0,-2,0,0,0,0,61,63,10,0,68,187.63,0,0,46,-998,-1,0,0,0,,,,,,,,,
563,1783701819511,50647,50646,0,-2,0,0,0,0,61,63,10,0,68,187.74,0,0,44,-998,-1,0,0,0,,,,,,,,,
564,1783701819613,50749,50748,0,-2,0,0,0,0,60,63,10,0,68,187.61,0,-2,47,-999,-1,0,0,0,,,,,,,,,
565,1783701819715,50851,50850,0,-2,0,0,0,0,60,63,10,0,68,187.85,0,0,46,-996,-1,0,0,0,,,,,,,,,
566,1783701819817,50953,50952,0,-2,0,0,0,0,60,63,10,0,68,187.76,0,0,46,-997,-1,0,0,0,,,,,,,,,
567,1783701819919,51055,51054,0,-2,0,0,0,0,60,63,10,0,68,187.87,0,0,46,-999,-1,0,0,0,,,,,,,,,
568,1783701820021,51157,51156,0,-2,0,0,0,0,60,63,10,0,68,187.87,0,-1,47,-997,-1,0,0,0,,,,,,,,,
569,1783701820123,51259,51258,0,-2,0,0,0,0,60,63,10,0,68,187.71,0,0,46,-999,-1,0,0,0,,,,,,,,,
570,1783701820225,51361,51360,0,-2,0,0,0,0,60,63,10,0,68,187.91,0,-2,44,-997,-1,0,0,0,,,,,,,,,
571,1783701820327,51463,51462,0,-2,0,0,0,0,60,63,10,0,68,187.74,0,1,45,-1001,-1,0,0,0,,,,,,,,,
572,1783701820429,51565,51564,0,-2,0,0,0,0,60,63,10,0,68,187.58,0,0,44,-996,-1,0,0,0,,,,,,,,,
573,1783701820537,51673,51672,0,-2,0,0,0,0,60,63,10,0,68,187.83,0,0,45,-1000,-1,0,0,0,,,,,,,,,
574,1783701820665,51801,51801,0,-2,0,0,0,0,61,63,10,0,68,187.92,0,-1,45,-996,-1,0,0,0,,,,,,,,,
575,1783701820737,51873,51872,0,-2,0,0,0,0,61,63,10,0,68,187.64,0,-1,46,-1001,-1,0,0,0,,,,,,,,,
576,1783701820839,51975,51974,0,-2,0,0,0,0,61,63,10,0,68,188.01,0,0,46,-999,-1,0,0,0,,,,,,,,,
577,1783701820941,52077,52076,0,-2,0,0,0,0,61,63,10,0,68,187.59,0,0,47,-998,-1,0,0,0,,,,,,,,,
578,1783701821043,52179,52178,0,-2,0,0,0,0,61,63,10,0,68,187.84,0,0,48,-997,-1,0,0,0,,,,,,,,,
579,1783701821145,52281,52280,0,-2,0,0,0,0,61,63,10,0,68,187.92,0,0,46,-1000,-1,0,0,0,,,,,,,,,
580,1783701821247,52383,52382,0,-2,0,0,0,0,61,63,10,0,68,187.53,0,0,46,-1001,-1,0,0,0,,,,,,,,,
581,1783701821349,52485,52484,0,-2,0,0,0,0,61,63,10,0,68,187.58,0,0,47,-999,-1,0,0,0,,,,,,,,,
582,1783701821451,52587,52586,0,-2,0,0,0,0,61,63,10,0,68,187.5,0,0,46,-997,-1,0,0,0,,,,,,,,,
583,1783701821553,52689,52688,0,-2,0,0,0,0,61,63,10,0,68,187.48,0,0,44,-993,-1,0,0,0,,,,,,,,,
584,1783701821655,52791,52790,0,-2,0,0,0,0,61,62,10,0,68,187.67,0,-2,47,-999,-1,0,0,0,,,,,,,,,
585,1783701821757,52893,52892,0,-2,0,0,0,0,61,62,10,0,68,187.75,0,0,47,-996,-1,0,0,0,,,,,,,,,
586,1783701821859,52995,52994,0,-2,0,0,0,0,61,62,10,0,68,187.79,0,0,46,-997,-1,0,0,0,,,,,,,,,
587,1783701821961,53097,53096,0,-2,0,0,0,0,61,62,10,0,68,187.74,0,-2,47,-998,-1,0,0,0,,,,,,,,,
588,1783701822063,53199,53198,0,-2,0,0,0,0,61,62,10,0,68,187.9,0,0,46,-1000,-1,0,0,0,,,,,,,,,
589,1783701822165,53301,53300,0,-2,0,0,0,0,61,62,10,0,68,187.82,0,0,46,-1001,-1,0,0,0,,,,,,,,,
590,1783701822218,53354,53353,0,-2,0,0,0,0,61,62,10,0,68,187.45,0,-2,46,-998,-1,0,0,0,,,,,,,,,
591,1783701822318,53454,53453,0,-2,0,0,0,0,61,62,10,0,68,187.91,0,0,46,-999,-1,0,0,0,,,,,,,,,
592,1783701822420,53556,53555,0,-2,0,0,0,0,61,62,10,0,68,187.79,0,1,44,-998,-1,0,0,0,,,,,,,,,
593,1783701822522,53658,53657,0,-2,0,0,0,0,61,62,10,0,68,187.73,0,0,46,-997,-1,0,0,0,,,,,,,,,
594,1783701822624,53760,53759,0,-2,0,0,0,0,60,64,10,0,68,187.77,0,-1,45,-997,-1,0,0,0,,,,,,,,,
595,1783701822726,53862,53861,0,-2,0,0,0,0,60,64,10,0,68,187.83,0,-1,44,-998,-1,0,0,0,,,,,,,,,
596,1783701822828,53964,53963,0,-2,0,0,0,0,60,64,10,0,68,187.76,0,0,46,-999,-1,0,0,0,,,,,,,,,
597,1783701822931,54067,54066,0,-2,0,0,0,0,60,64,10,0,68,187.71,0,1,47,-998,-1,0,0,0,,,,,,,,,
598,1783701823033,54169,54168,0,-2,0,0,0,0,60,64,10,0,68,187.73,0,-1,46,-997,-1,0,0,0,,,,,,,,,
599,1783701823135,54271,54270,0,-2,0,0,0,0,60,64,10,0,68,187.72,0,-1,44,-993,-1,0,0,0,,,,,,,,,
600,1783701823237,54373,54373,0,-2,0,0,0,0,60,64,10,0,68,187.4,0,0,44,-999,-1,0,0,0,,,,,,,,,
601,1783701823340,54476,54475,0,-2,0,0,0,0,60,64,10,0,68,187.63,0,0,46,-1000,-1,0,0,0,,,,,,,,,
602,1783701823444,54580,54579,0,-2,0,0,0,0,60,64,10,0,68,187.67,0,-1,46,-999,-1,0,0,0,,,,,,,,,
603,1783701823544,54680,54679,0,-2,0,0,0,0,60,64,10,0,68,187.57,0,-1,45,-1001,-1,0,0,0,,,,,,,,,
604,1783701823646,54782,54781,0,-2,0,0,0,0,61,64,10,0,68,187.76,0,1,45,-996,-1,0,0,0,,,,,,,,,
605,1783701823748,54884,54883,0,-2,0,0,0,0,61,64,10,0,68,187.72,0,0,46,-998,-1,0,0,0,,,,,,,,,
606,1783701823850,54986,54985,0,-2,0,0,0,0,61,64,10,0,68,187.69,0,0,46,-999,-1,0,0,0,,,,,,,,,
607,1783701823952,55088,55087,0,-2,0,0,0,0,61,64,10,0,68,187.71,0,-1,46,-999,-1,0,0,0,,,,,,,,,
608,1783701824054,55190,55189,0,-2,0,0,0,0,61,64,10,0,68,187.68,0,0,44,-998,-1,0,0,0,,,,,,,,,
609,1783701824156,55292,55291,0,-2,0,0,0,0,61,64,10,0,68,187.59,0,-1,47,-994,-1,0,0,0,,,,,,,,,
610,1783701824258,55394,55393,0,-2,0,0,0,0,61,64,10,0,68,187.57,0,0,46,-997,-1,0,0,0,,,,,,,,,
611,1783701824360,55496,55495,0,-2,0,0,0,0,61,64,10,0,68,187.44,0,0,46,-999,-1,0,0,0,,,,,,,,,
612,1783701824462,55598,55597,0,-2,0,0,0,0,61,64,10,0,68,187.61,0,-1,46,-999,-1,0,0,0,,,,,,,,,
613,1783701824564,55700,55699,0,-2,0,0,0,0,61,64,10,0,68,187.52,0,-1,45,-998,-1,0,0,0,,,,,,,,,
614,1783701824666,55802,55801,0,-2,0,0,0,0,61,64,10,0,68,188.01,0,0,44,-998,-1,0,0,0,,,,,,,,,
615,1783701824768,55904,55903,0,-2,0,0,0,0,61,64,10,0,68,187.8,0,0,45,-999,-1,0,0,0,,,,,,,,,
616,1783701824871,56007,56006,0,-2,0,0,0,0,61,64,10,0,68,187.65,0,0,46,-998,-1,0,0,0,,,,,,,,,
617,1783701824972,56108,56108,0,-2,0,0,0,0,61,64,10,0,68,187.73,0,-2,45,-997,-1,0,0,0,,,,,,,,,
618,1783701825075,56211,56210,0,-2,0,0,0,0,61,64,10,0,68,187.76,0,-1,45,-998,-1,0,0,0,,,,,,,,,
619,1783701825177,56313,56312,0,-2,0,0,0,0,61,64,10,0,68,187.7,0,0,46,-999,-1,0,0,0,,,,,,,,,
620,1783701825279,56415,56414,0,-2,0,0,0,0,61,64,10,0,68,187.81,0,0,45,-999,-1,0,0,0,,,,,,,,,
621,1783701825381,56517,56516,0,-2,0,0,0,0,61,64,10,0,68,187.53,0,0,46,-1001,-1,0,0,0,,,,,,,,,
622,1783701825432,56568,56567,0,-2,0,0,0,0,61,64,10,0,68,187.68,0,-2,45,-996,-1,0,0,0,,,,,,,,,
623,1783701825534,56670,56669,0,-2,0,0,0,0,61,64,10,0,68,187.63,0,0,47,-999,-1,0,0,0,,,,,,,,,
624,1783701825636,56772,56771,0,-2,0,0,0,0,61,64,10,0,68,187.85,0,-1,46,-999,-1,0,0,0,,,,,,,,,
625,1783701825746,56882,56881,0,-2,0,0,0,0,61,64,10,0,68,187.93,0,-1,48,-1000,-1,0,0,0,,,,,,,,,
626,1783701825843,56979,56978,0,-2,0,0,0,0,61,64,10,0,68,187.81,0,1,45,-997,-1,0,0,0,,,,,,,,,
627,1783701825944,57080,57079,0,-2,0,0,0,0,61,64,10,0,68,187.76,0,0,45,-999,-1,0,0,0,,,,,,,,,
628,1783701826045,57181,57181,0,-2,0,0,0,0,61,64,10,0,68,187.98,0,0,45,-995,-1,0,0,0,,,,,,,,,
629,1783701826147,57283,57283,0,-2,0,0,0,0,61,64,10,0,68,187.71,0,-3,46,-1000,-1,0,0,0,,,,,,,,,
630,1783701826250,57386,57385,0,-2,0,0,0,0,61,64,10,0,68,188.04,0,0,45,-1002,-1,0,0,0,,,,,,,,,
631,1783701826351,57487,57487,0,-2,0,0,0,0,61,64,10,0,68,188.15,0,0,43,-1000,-1,0,0,0,,,,,,,,,
632,1783701826454,57590,57589,0,-2,0,0,0,0,61,64,10,0,68,187.78,0,-1,44,-999,-1,0,0,0,,,,,,,,,
633,1783701826556,57692,57691,0,-2,0,0,0,0,61,64,10,0,68,187.83,0,-1,46,-997,-1,0,0,0,,,,,,,,,
634,1783701826657,57793,57793,0,-2,0,0,0,0,61,63,10,0,68,187.93,0,-2,46,-1001,-1,0,0,0,,,,,,,,,
635,1783701826759,57895,57895,0,-2,0,0,0,0,61,63,10,0,68,187.76,0,-1,45,-1000,-1,0,0,0,,,,,,,,,
636,1783701826861,57997,57997,0,-2,0,0,0,0,61,63,10,0,68,187.77,0,-1,46,-998,-1,0,0,0,,,,,,,,,
637,1783701826965,58101,58100,0,-2,0,0,0,0,61,63,10,0,68,187.61,0,0,44,-995,-1,0,0,0,,,,,,,,,
638,1783701827065,58201,58201,0,-2,0,0,0,0,61,63,10,0,68,187.68,0,0,46,-997,-1,0,0,0,,,,,,,,,
639,1783701827168,58304,58303,0,-2,0,0,0,0,61,63,10,0,68,187.78,0,-2,46,-998,-1,0,0,0,,,,,,,,,
640,1783701827270,58406,58405,0,-2,0,0,0,0,61,63,10,0,68,187.78,0,-1,47,-1000,-1,0,0,0,,,,,,,,,
641,1783701827374,58510,58509,0,-2,0,0,0,0,61,63,10,0,68,187.75,0,0,46,-998,-1,0,0,0,,,,,,,,,
642,1783701827475,58611,58611,0,-2,0,0,0,0,61,63,10,0,68,187.77,0,-1,44,-997,-1,0,0,0,,,,,,,,,
643,1783701827576,58712,58712,0,-2,0,0,0,0,61,63,10,0,68,187.67,0,0,44,-1000,-1,0,0,0,,,,,,,,,
644,1783701827678,58814,58814,0,-2,0,0,0,0,61,64,10,0,68,187.69,0,1,46,-1001,-1,0,0,0,,,,,,,,,
645,1783701827780,58916,58916,0,-2,0,0,0,0,61,64,10,0,68,187.61,0,0,46,-999,-1,0,0,0,,,,,,,,,
646,1783701827882,59018,59018,0,-2,0,0,0,0,61,64,10,0,68,188.01,0,-3,47,-998,-1,0,0,0,,,,,,,,,
647,1783701827984,59120,59120,0,-2,0,0,0,0,61,64,10,0,68,187.71,0,1,44,-995,-1,0,0,0,,,,,,,,,
648,1783701828086,59222,59222,0,-2,0,0,0,0,61,64,10,0,68,187.61,0,0,46,-997,-1,0,0,0,,,,,,,,,
649,1783701828188,59324,59324,0,-2,0,0,0,0,61,64,10,0,68,188.09,0,0,47,-997,-1,0,0,0,,,,,,,,,
650,1783701828290,59426,59426,0,-2,0,0,0,0,61,64,10,0,68,187.44,0,0,47,-999,-1,0,0,0,,,,,,,,,
651,1783701828392,59528,59528,0,-2,0,0,0,0,61,64,10,0,68,187.89,0,-1,46,-997,-1,0,0,0,,,,,,,,,
652,1783701828494,59630,59630,0,-2,0,0,0,0,61,64,10,0,68,187.84,0,-2,46,-1001,-1,0,0,0,,,,,,,,,
653,1783701828546,59682,59681,0,-2,0,0,0,0,61,64,10,0,68,187.83,0,-1,46,-999,-1,0,0,0,,,,,,,,,
654,1783701828647,59783,59783,0,-2,0,0,0,0,61,63,10,0,68,187.82,0,0,45,-998,-1,0,0,0,,,,,,,,,
655,1783701828749,59885,59885,0,-2,0,0,0,0,61,63,10,0,68,187.87,0,0,45,-999,-1,0,0,0,,,,,,,,,
656,1783701828855,59991,59990,0,-2,0,0,0,0,61,63,10,0,68,187.53,0,-2,44,-994,-1,0,0,0,,,,,,,,,
657,1783701828961,60097,60096,0,-2,0,0,0,0,61,63,10,0,68,187.82,0,-1,46,-1001,-1,0,0,0,,,,,,,,,
658,1783701829063,60199,60198,0,-2,0,0,0,0,61,63,10,0,68,188.12,0,0,45,-1000,-1,0,0,0,,,,,,,,,
659,1783701829161,60297,60297,0,-2,0,0,0,0,61,63,10,0,68,187.83,0,0,46,-999,-1,0,0,0,,,,,,,,,
660,1783701829263,60399,60399,0,-2,0,0,0,0,61,63,10,0,68,188.04,0,0,45,-998,-1,0,0,0,,,,,,,,,
661,1783701829365,60501,60501,0,-2,0,0,0,0,61,63,10,0,68,187.6,0,0,46,-996,-1,0,0,0,,,,,,,,,
662,1783701829467,60603,60603,0,-2,0,0,0,0,61,63,10,0,68,187.79,0,0,47,-996,-1,0,0,0,,,,,,,,,
663,1783701829570,60706,60705,0,-2,0,0,0,0,61,63,10,0,68,187.81,0,-1,47,-1000,-1,0,0,0,,,,,,,,,
664,1783701829673,60809,60809,0,-2,0,0,0,0,61,64,10,0,68,187.99,0,-1,46,-999,-1,0,0,0,,,,,,,,,
665,1783701829782,60918,60918,0,-2,0,0,0,0,61,64,10,0,68,187.92,0,-1,44,-996,-1,0,0,0,,,,,,,,,
666,1783701829878,61014,61013,0,-2,0,0,0,0,61,64,10,0,68,187.59,0,0,46,-999,-1,0,0,0,,,,,,,,,
667,1783701829985,61121,61121,0,-2,0,0,0,0,61,64,10,0,68,187.79,0,0,47,-1002,-1,0,0,0,,,,,,,,,
668,1783701830081,61217,61216,0,-2,0,0,0,0,61,64,10,0,68,187.86,0,0,45,-1000,-1,0,0,0,,,,,,,,,
669,1783701830182,61318,61318,0,-2,0,0,0,0,61,64,10,0,68,187.93,0,0,46,-1000,-1,0,0,0,,,,,,,,,
670,1783701830284,61420,61420,0,-2,0,0,0,0,61,64,10,0,68,188.04,0,0,47,-998,-1,0,0,0,,,,,,,,,
671,1783701830386,61522,61522,0,-2,0,0,0,0,61,64,10,0,68,187.64,0,-1,45,-998,-1,0,0,0,,,,,,,,,
672,1783701830488,61624,61623,0,-2,0,0,0,0,61,64,10,0,68,187.81,0,0,45,-996,-1,0,0,0,,,,,,,,,
673,1783701830591,61727,61726,0,-2,0,0,0,0,61,64,10,0,68,187.64,0,0,46,-999,-1,0,0,0,,,,,,,,,
674,1783701830692,61828,61827,0,-2,0,0,0,0,61,63,10,0,68,187.77,0,0,45,-999,-1,0,0,0,,,,,,,,,
675,1783701830794,61930,61930,0,-2,0,0,0,0,61,63,10,0,68,187.81,0,-1,45,-997,-1,0,0,0,,,,,,,,,
676,1783701830896,62032,62031,0,-2,0,0,0,0,61,63,10,0,68,187.73,0,0,45,-999,-1,0,0,0,,,,,,,,,
677,1783701830998,62134,62133,0,-2,0,0,0,0,61,63,10,0,68,187.78,0,2,44,-998,-1,0,0,0,,,,,,,,,
678,1783701831100,62236,62235,0,-2,0,0,0,0,61,63,10,0,68,187.9,0,0,48,-999,-1,0,0,0,,,,,,,,,
679,1783701831203,62339,62338,0,-2,0,0,0,0,61,63,10,0,68,187.73,0,-2,45,-997,-1,0,0,0,,,,,,,,,
680,1783701831305,62441,62440,0,-2,0,0,0,0,61,63,10,0,68,188.13,0,-1,45,-1000,-1,0,0,0,,,,,,,,,
681,1783701831357,62493,62493,0,-2,0,0,0,0,61,63,10,0,68,187.93,0,0,46,-999,-1,0,0,0,,,,,,,,,
682,1783701831458,62594,62593,0,-2,0,0,0,0,61,63,10,0,68,187.67,0,0,46,-998,-1,0,0,0,,,,,,,,,
683,1783701831560,62696,62695,0,-2,0,0,0,0,61,63,10,0,68,188.03,0,-1,46,-1000,-1,0,0,0,,,,,,,,,
684,1783701831662,62798,62797,0,-2,0,0,0,0,62,63,10,0,68,188.04,0,-2,46,-1002,-1,0,0,0,,,,,,,,,
685,1783701831764,62900,62900,0,-2,0,0,0,0,62,63,10,0,68,187.98,0,0,45,-998,-1,0,0,0,,,,,,,,,
686,1783701831870,63006,63005,0,-2,0,0,0,0,62,63,10,0,68,187.77,0,0,47,-996,-1,0,0,0,,,,,,,,,
687,1783701831968,63104,63104,0,-2,0,0,0,0,62,63,10,0,68,187.74,0,-1,45,-1000,-1,0,0,0,,,,,,,,,
688,1783701832071,63207,63206,0,-2,0,0,0,0,62,63,10,0,68,187.95,0,-1,44,-1002,-1,0,0,0,,,,,,,,,
689,1783701832174,63310,63309,0,-2,0,0,0,0,62,63,10,0,68,187.78,0,0,45,-1002,-1,0,0,0,,,,,,,,,
690,1783701832275,63411,63411,0,-2,0,0,0,0,62,63,10,0,68,187.68,0,-1,46,-1000,-1,0,0,0,,,,,,,,,
691,1783701832397,63533,63532,0,-2,0,0,0,0,62,63,10,0,68,187.91,0,-1,44,-1000,-1,0,0,0,,,,,,,,,
692,1783701832480,63616,63616,0,-2,0,0,0,0,62,63,10,0,68,187.9,0,1,45,-997,-1,0,0,0,,,,,,,,,
693,1783701832580,63716,63715,0,-2,0,0,0,0,62,63,10,0,68,187.92,0,0,47,-999,-1,0,0,0,,,,,,,,,
694,1783701832682,63818,63817,0,-2,0,0,0,0,62,64,10,0,68,187.63,0,0,45,-999,-1,0,0,0,,,,,,,,,
695,1783701832784,63920,63919,0,-2,0,0,0,0,62,64,10,0,68,187.6,0,0,46,-1000,-1,0,0,0,,,,,,,,,
696,1783701832886,64022,64021,0,-2,0,0,0,0,62,64,10,0,68,187.97,0,0,46,-999,-1,0,0,0,,,,,,,,,
697,1783701832988,64124,64123,0,-2,0,0,0,0,62,64,10,0,68,187.99,0,1,44,-1000,-1,0,0,0,,,,,,,,,
698,1783701833090,64226,64225,0,-2,0,0,0,0,62,64,10,0,68,187.88,0,0,45,-997,-1,0,0,0,,,,,,,,,
699,1783701833192,64328,64327,0,-2,0,0,0,0,62,64,10,0,68,187.95,0,-1,48,-997,-1,0,0,0,,,,,,,,,
700,1783701833294,64430,64429,0,-2,0,0,0,0,62,64,10,0,68,187.77,0,-1,46,-998,-1,0,0,0,,,,,,,,,
701,1783701833396,64532,64532,0,-2,0,0,0,0,62,64,10,0,68,188.01,0,0,47,-999,-1,0,0,0,,,,,,,,,
702,1783701833498,64634,64633,0,-2,0,0,0,0,62,64,10,0,68,187.62,0,0,47,-999,-1,0,0,0,,,,,,,,,
703,1783701833601,64737,64736,0,-2,0,0,0,0,62,64,10,0,68,187.84,0,-2,45,-1002,-1,0,0,0,,,,,,,,,
704,1783701833704,64840,64839,0,-2,0,0,0,0,62,65,10,0,68,187.88,0,-2,45,-999,-1,0,0,0,,,,,,,,,
705,1783701833804,64940,64939,0,-2,0,0,0,0,62,65,10,0,68,187.73,0,0,46,-999,-1,0,0,0,,,,,,,,,
706,1783701833907,65043,65042,0,-2,0,0,0,0,62,65,10,0,68,187.71,0,0,45,-1000,-1,0,0,0,,,,,,,,,
707,1783701834010,65146,65145,0,-2,0,0,0,0,62,65,10,0,68,187.94,0,0,45,-999,-1,0,0,0,,,,,,,,,
708,1783701834115,65251,65250,0,-2,0,0,0,0,62,65,10,0,68,187.93,0,0,47,-996,-1,0,0,0,,,,,,,,,
709,1783701834213,65349,65348,0,-2,0,0,0,0,62,65,10,0,68,187.83,0,-2,45,-996,-1,0,0,0,,,,,,,,,
710,1783701834315,65451,65450,0,-2,0,0,0,0,62,65,10,0,68,187.99,0,-1,46,-998,-1,0,0,0,,,,,,,,,
711,1783701834417,65553,65552,0,-2,0,0,0,0,62,65,10,0,68,187.71,0,0,46,-1002,-1,0,0,0,,,,,,,,,
712,1783701834519,65655,65654,0,-2,0,0,0,0,62,65,10,0,68,188.02,0,0,44,-998,-1,0,0,0,,,,,,,,,
713,1783701834621,65757,65756,0,-2,0,0,0,0,62,65,10,0,68,187.92,0,0,45,-999,-1,0,0,0,,,,,,,,,
714,1783701834723,65859,65858,0,-2,0,0,0,0,62,64,10,0,68,188.02,0,0,47,-998,-1,0,0,0,,,,,,,,,
715,1783701834825,65961,65960,0,-2,0,0,0,0,62,64,10,0,68,187.65,0,0,46,-998,-1,0,0,0,,,,,,,,,
716,1783701834933,66069,66068,0,-2,0,0,0,0,62,64,10,0,68,187.79,0,-1,47,-999,-1,0,0,0,,,,,,,,,
717,1783701835030,66166,66165,0,-2,0,0,0,0,62,64,10,0,68,187.67,0,-1,47,-998,-1,0,0,0,,,,,,,,,
718,1783701835083,66219,66218,0,-2,0,0,0,0,62,64,10,0,68,187.76,0,0,45,-997,-1,0,0,0,,,,,,,,,
719,1783701835185,66321,66320,0,-2,0,0,0,0,62,64,10,0,68,188.02,0,0,44,-993,-1,0,0,0,,,,,,,,,
720,1783701835289,66425,66424,0,-2,0,0,0,0,62,64,10,0,68,187.89,0,0,45,-1000,-1,0,0,0,,,,,,,,,
721,1783701835391,66527,66526,0,-2,0,0,0,0,62,64,10,0,68,187.79,0,0,48,-1001,-1,0,0,0,,,,,,,,,
722,1783701835489,66625,66624,0,-2,0,0,0,0,62,64,10,0,68,187.84,0,0,47,-1000,-1,0,0,0,,,,,,,,,
723,1783701835591,66727,66726,0,-2,0,0,0,0,62,64,10,0,68,187.89,0,-1,46,-996,-1,0,0,0,,,,,,,,,
724,1783701835698,66834,66833,0,-2,0,0,0,0,62,64,10,0,68,188.13,0,0,45,-999,-1,0,0,0,,,,,,,,,
725,1783701835795,66931,66930,0,-2,0,0,0,0,62,64,10,0,68,187.73,0,0,46,-999,-1,0,0,0,,,,,,,,,
726,1783701835897,67033,67032,0,-2,0,0,0,0,62,64,10,0,68,187.93,0,-3,46,-999,-1,0,0,0,,,,,,,,,
727,1783701835999,67135,67134,0,-2,0,0,0,0,62,64,10,0,68,187.63,0,0,46,-1000,-1,0,0,0,,,,,,,,,
728,1783701836101,67237,67236,0,-2,0,0,0,0,62,64,10,0,68,187.92,0,-1,46,-999,-1,0,0,0,,,,,,,,,
729,1783701836204,67340,67339,0,-2,0,0,0,0,62,64,10,0,68,187.76,0,0,45,-996,-1,0,0,0,,,,,,,,,
730,1783701836327,67463,67463,0,-2,0,0,0,0,62,64,10,0,68,187.91,0,0,47,-999,-1,0,0,0,,,,,,,,,
731,1783701836409,67545,67544,0,-2,0,0,0,0,62,64,10,0,68,187.87,0,-1,45,-1002,-1,0,0,0,,,,,,,,,
732,1783701836511,67647,67646,0,-2,0,0,0,0,62,64,10,0,68,187.71,0,0,46,-998,-1,0,0,0,,,,,,,,,
733,1783701836612,67748,67747,0,-2,0,0,0,0,62,64,10,0,68,187.71,0,-2,46,-997,-1,0,0,0,,,,,,,,,
734,1783701836714,67850,67849,0,-2,0,0,0,0,62,64,10,0,68,188.2,0,0,46,-999,-1,0,0,0,,,,,,,,,
735,1783701836816,67952,67951,0,-2,0,0,0,0,62,64,10,0,68,187.86,0,0,44,-999,-1,0,0,0,,,,,,,,,
736,1783701836918,68054,68053,0,-2,0,0,0,0,62,64,10,0,68,187.88,0,0,46,-998,-1,0,0,0,,,,,,,,,
737,1783701837020,68156,68155,0,-2,0,0,0,0,62,64,10,0,68,187.83,0,-1,45,-999,-1,0,0,0,,,,,,,,,
738,1783701837122,68258,68257,0,-2,0,0,0,0,62,64,10,0,68,187.98,0,-2,46,-997,-1,0,0,0,,,,,,,,,
739,1783701837224,68360,68359,0,-2,0,0,0,0,62,64,10,0,68,187.84,0,0,45,-999,-1,0,0,0,,,,,,,,,
740,1783701837326,68462,68461,0,-2,0,0,0,0,62,64,10,0,68,188.03,0,0,45,-998,-1,0,0,0,,,,,,,,,
741,1783701837428,68564,68563,0,-2,0,0,0,0,62,64,10,0,68,187.98,0,0,45,-997,-1,0,0,0,,,,,,,,,
742,1783701837530,68666,68665,0,-2,0,0,0,0,62,64,10,0,68,187.82,0,0,46,-999,-1,0,0,0,,,,,,,,,
743,1783701837632,68768,68767,0,-2,0,0,0,0,62,64,10,0,68,187.95,0,-1,46,-998,-1,0,0,0,,,,,,,,,
744,1783701837734,68870,68869,0,-2,0,0,0,0,62,63,10,0,68,187.8,0,-2,47,-1001,-1,0,0,0,,,,,,,,,
745,1783701837836,68972,68971,0,-2,0,0,0,0,62,63,10,0,68,187.81,0,-1,46,-1000,-1,0,0,0,,,,,,,,,
746,1783701837938,69074,69074,0,-2,0,0,0,0,62,63,10,0,68,188.04,0,0,46,-997,-1,0,0,0,,,,,,,,,
747,1783701838041,69177,69176,0,-2,0,0,0,0,62,63,10,0,68,187.88,0,0,44,-996,-1,0,0,0,,,,,,,,,
748,1783701838142,69278,69277,0,-2,0,0,0,0,62,63,10,0,68,187.81,0,0,47,-996,-1,0,0,0,,,,,,,,,
749,1783701838244,69380,69379,0,-2,0,0,0,0,62,63,10,0,68,187.83,0,-1,48,-1000,-1,0,0,0,,,,,,,,,
750,1783701838295,69431,69431,0,-2,0,0,0,0,62,63,10,0,68,187.68,0,-1,46,-1000,-1,0,0,0,,,,,,,,,
751,1783701838398,69534,69533,0,-2,0,0,0,0,62,63,10,0,68,187.82,0,0,45,-999,-1,0,0,0,,,,,,,,,
752,1783701838499,69635,69635,0,-2,0,0,0,0,62,63,10,0,68,188.2,0,0,45,-998,-1,0,0,0,,,,,,,,,
753,1783701838601,69737,69736,0,-2,0,0,0,0,62,63,10,0,68,187.81,0,0,46,-998,-1,0,0,0,,,,,,,,,
754,1783701838703,69839,69838,0,-2,0,0,0,0,62,64,10,0,68,187.97,0,0,46,-1001,-1,0,0,0,,,,,,,,,
755,1783701838807,69943,69943,0,-2,0,0,0,0,62,64,10,0,68,188.05,0,0,46,-1002,-1,0,0,0,,,,,,,,,
756,1783701838911,70047,70046,0,-2,0,0,0,0,62,64,10,0,68,187.94,0,-1,45,-1002,-1,0,0,0,,,,,,,,,
757,1783701839015,70151,70150,0,-2,0,0,0,0,62,64,10,0,68,188,0,0,45,-996,-1,0,0,0,,,,,,,,,
758,1783701839112,70248,70247,0,-2,0,0,0,0,62,64,10,0,68,187.68,0,-1,44,-996,-1,0,0,0,,,,,,,,,
759,1783701839214,70350,70349,0,-2,0,0,0,0,62,64,10,0,68,187.69,0,-1,45,-996,-1,0,0,0,,,,,,,,,
760,1783701839319,70455,70455,0,-2,0,0,0,0,62,64,10,0,68,187.85,0,0,45,-1004,-1,0,0,0,,,,,,,,,
761,1783701839418,70554,70553,0,-2,0,0,0,0,62,64,10,0,68,187.76,0,-1,45,-999,-1,0,0,0,,,,,,,,,
762,1783701839520,70656,70655,0,-2,0,0,0,0,62,64,10,0,68,187.91,0,-2,45,-997,-1,0,0,0,,,,,,,,,
763,1783701839622,70758,70757,0,-2,0,0,0,0,62,64,10,0,68,187.93,0,0,46,-999,-1,0,0,0,,,,,,,,,
764,1783701839724,70860,70859,0,-2,0,0,0,0,62,65,10,0,68,187.98,0,1,46,-998,-1,0,0,0,,,,,,,,,
765,1783701839828,70964,70963,0,-2,0,0,0,0,62,65,10,0,68,187.95,0,0,45,-996,-1,0,0,0,,,,,,,,,
766,1783701839928,71064,71063,0,-2,0,0,0,0,62,65,10,0,68,188,0,0,44,-996,-1,0,0,0,,,,,,,,,
767,1783701840030,71166,71165,0,-2,0,0,0,0,62,65,10,0,68,187.97,0,0,45,-998,-1,0,0,0,,,,,,,,,
768,1783701840132,71268,71267,0,-2,0,0,0,0,62,65,10,0,68,187.85,0,0,47,-998,-1,0,0,0,,,,,,,,,
769,1783701840234,71370,71369,0,-2,0,0,0,0,62,65,10,0,68,187.94,0,0,44,-998,-1,0,0,0,,,,,,,,,
770,1783701840337,71473,71472,0,-2,0,0,0,0,62,65,10,0,68,188.05,0,-1,45,-998,-1,0,0,0,,,,,,,,,
771,1783701840441,71577,71576,0,-2,0,0,0,0,62,65,10,0,68,188.04,0,0,44,-998,-1,0,0,0,,,,,,,,,
772,1783701840542,71678,71677,0,-2,0,0,0,0,62,65,10,0,68,187.81,0,-1,46,-997,-1,0,0,0,,,,,,,,,
773,1783701840643,71779,71778,0,-2,0,0,0,0,62,65,10,0,68,187.75,0,-1,46,-1001,-1,0,0,0,,,,,,,,,
774,1783701840744,71880,71879,0,-2,0,0,0,0,62,65,10,0,68,187.59,0,1,46,-998,-1,0,0,0,,,,,,,,,
775,1783701840846,71982,71981,0,-2,0,0,0,0,62,65,10,0,68,187.79,0,-1,44,-999,-1,0,0,0,,,,,,,,,
776,1783701840948,72084,72083,0,-2,0,0,0,0,62,65,10,0,68,187.68,0,0,45,-1000,-1,0,0,0,,,,,,,,,
777,1783701841050,72186,72185,0,-2,0,0,0,0,62,65,10,0,68,188.02,0,0,45,-999,-1,0,0,0,,,,,,,,,
778,1783701841152,72288,72287,0,-2,0,0,0,0,62,65,10,0,68,187.78,0,-2,45,-997,-1,0,0,0,,,,,,,,,
779,1783701841254,72390,72389,0,-2,0,0,0,0,62,65,10,0,68,187.87,0,0,44,-999,-1,0,0,0,,,,,,,,,
780,1783701841356,72492,72491,0,-2,0,0,0,0,62,65,10,0,68,187.84,0,0,46,-999,-1,0,0,0,,,,,,,,,
781,1783701841458,72594,72593,0,-2,0,0,0,0,62,65,10,0,68,188.29,0,0,46,-999,-1,0,0,0,,,,,,,,,
782,1783701841560,72696,72695,0,-2,0,0,0,0,62,65,10,0,68,188.06,0,-1,46,-1000,-1,0,0,0,,,,,,,,,
783,1783701841611,72747,72746,0,-2,0,0,0,0,62,65,10,0,68,188.1,0,-2,47,-998,-1,0,0,0,,,,,,,,,
784,1783701841764,72900,72899,0,-2,0,0,0,0,62,65,10,0,68,188.08,0,0,46,-994,-1,0,0,0,,,,,,,,,
785,1783701841815,72951,72950,0,-2,0,0,0,0,62,65,10,0,68,187.76,0,-3,47,-995,-1,0,0,0,,,,,,,,,
786,1783701841917,73053,73052,0,-2,0,0,0,0,62,65,10,0,68,187.95,0,0,45,-1000,-1,0,0,0,,,,,,,,,
787,1783701842019,73155,73154,0,-2,0,0,0,0,62,65,10,0,68,187.76,0,-1,46,-998,-1,0,0,0,,,,,,,,,
788,1783701842121,73257,73256,0,-2,0,0,0,0,62,65,10,0,68,188.04,0,-1,45,-999,-1,0,0,0,,,,,,,,,
789,1783701842223,73359,73358,0,-2,0,0,0,0,62,65,10,0,68,187.79,0,-1,45,-997,-1,0,0,0,,,,,,,,,
790,1783701842325,73461,73460,0,-2,0,0,0,0,62,65,10,0,68,187.84,0,-2,46,-997,-1,0,0,0,,,,,,,,,
791,1783701842427,73563,73562,0,-2,0,0,0,0,62,65,10,0,68,187.63,0,0,46,-1002,-1,0,0,0,,,,,,,,,
792,1783701842529,73665,73664,0,-2,0,0,0,0,62,65,10,0,68,187.86,0,-2,46,-999,-1,0,0,0,,,,,,,,,
793,1783701842631,73767,73766,0,-2,0,0,0,0,62,65,10,0,68,188.23,0,0,46,-1000,-1,0,0,0,,,,,,,,,
794,1783701842734,73870,73869,0,-2,0,0,0,0,62,65,10,0,68,187.79,0,1,45,-997,-1,0,0,0,,,,,,,,,
795,1783701842838,73974,73973,0,-2,0,0,0,0,62,65,10,0,68,187.94,0,-2,47,-997,-1,0,0,0,,,,,,,,,
796,1783701842943,74079,74078,0,-2,0,0,0,0,62,65,10,0,68,187.56,0,-3,47,-998,-1,0,0,0,,,,,,,,,
797,1783701843042,74178,74178,0,-2,0,0,0,0,62,65,10,0,68,187.77,0,-1,48,-1001,-1,0,0,0,,,,,,,,,
798,1783701843143,74279,74278,0,-2,0,0,0,0,62,65,10,0,68,187.86,0,0,46,-1001,-1,0,0,0,,,,,,,,,
799,1783701843245,74381,74380,0,-2,0,0,0,0,62,65,10,0,68,187.83,0,0,46,-997,-1,0,0,0,,,,,,,,,
800,1783701843348,74484,74483,0,-2,0,0,0,0,62,65,10,0,68,187.85,0,-1,47,-998,-1,0,0,0,,,,,,,,,
801,1783701843449,74585,74584,0,-2,0,0,0,0,62,65,10,0,68,187.76,0,0,45,-998,-1,0,0,0,,,,,,,,,
802,1783701843551,74687,74686,0,-2,0,0,0,0,62,65,10,0,68,187.9,0,-1,45,-1000,-1,0,0,0,,,,,,,,,
803,1783701843653,74789,74788,0,-2,0,0,0,0,62,65,10,0,68,187.74,0,-1,47,-998,-1,0,0,0,,,,,,,,,
804,1783701843755,74891,74890,0,-2,0,0,0,0,62,64,10,0,68,187.59,0,0,46,-995,-1,0,0,0,,,,,,,,,
805,1783701843857,74993,74992,0,-2,0,0,0,0,62,64,10,0,68,187.57,0,0,45,-998,-1,0,0,0,,,,,,,,,
806,1783701843959,75095,75094,0,-2,0,0,0,0,62,64,10,0,68,187.75,0,0,46,-1001,-1,0,0,0,,,,,,,,,
807,1783701844061,75197,75196,0,-2,0,0,0,0,62,64,10,0,68,187.65,0,0,46,-1000,-1,0,0,0,,,,,,,,,
808,1783701844163,75299,75298,0,-2,0,0,0,0,62,64,10,0,68,187.97,0,-1,46,-997,-1,0,0,0,,,,,,,,,
809,1783701844265,75401,75400,0,-2,0,0,0,0,62,64,10,0,68,187.72,0,-3,46,-998,-1,0,0,0,,,,,,,,,
810,1783701844368,75504,75504,0,-2,0,0,0,0,62,64,10,0,68,188.13,0,0,44,-997,-1,0,0,0,,,,,,,,,
811,1783701844472,75608,75607,0,-2,0,0,0,0,62,64,10,0,68,187.89,0,1,46,-1001,-1,0,0,0,,,,,,,,,
812,1783701844574,75710,75709,0,-2,0,0,0,0,62,64,10,0,68,187.73,0,-1,45,-1000,-1,0,0,0,,,,,,,,,
813,1783701844676,75812,75811,0,-2,0,0,0,0,62,64,10,0,68,187.67,0,-3,49,-998,-1,0,0,0,,,,,,,,,
814,1783701844776,75912,75911,0,-2,0,0,0,0,62,65,10,0,68,187.85,0,-1,47,-1000,-1,0,0,0,,,,,,,,,
815,1783701844827,75963,75962,0,-2,0,0,0,0,62,65,10,0,68,187.97,0,0,46,-1002,-1,0,0,0,,,,,,,,,
816,1783701844929,76065,76064,0,-2,0,0,0,0,62,65,10,0,68,187.57,0,0,46,-1000,-1,0,0,0,,,,,,,,,
817,1783701845031,76167,76166,0,-2,0,0,0,0,62,65,10,0,68,187.77,0,0,46,-999,-1,0,0,0,,,,,,,,,
818,1783701845133,76269,76268,0,-2,0,0,0,0,62,65,10,0,68,187.87,0,-1,46,-998,-1,0,0,0,,,,,,,,,
819,1783701845235,76371,76371,0,-2,0,0,0,0,62,65,10,0,68,187.81,0,0,46,-998,-1,0,0,0,,,,,,,,,
820,1783701845339,76475,76474,0,-2,0,0,0,0,62,65,10,0,68,187.76,0,-1,46,-999,-1,0,0,0,,,,,,,,,
821,1783701845440,76576,76575,0,-2,0,0,0,0,62,65,10,0,68,187.91,0,-1,46,-1001,-1,0,0,0,,,,,,,,,
822,1783701845542,76678,76677,0,-2,0,0,0,0,62,65,10,0,68,187.82,0,0,46,-998,-1,0,0,0,,,,,,,,,
823,1783701845644,76780,76779,0,-2,0,0,0,0,62,65,10,0,68,187.71,0,0,48,-996,-1,0,0,0,,,,,,,,,
824,1783701845746,76882,76881,0,-2,0,0,0,0,62,65,10,0,68,187.73,0,-4,46,-999,-1,0,0,0,,,,,,,,,
825,1783701845848,76984,76983,0,-2,0,0,0,0,62,65,10,0,68,187.92,0,-1,48,-998,-1,0,0,0,,,,,,,,,
826,1783701845950,77086,77085,0,-2,0,0,0,0,62,65,10,0,68,187.85,0,0,45,-1001,-1,0,0,0,,,,,,,,,
827,1783701846056,77192,77191,0,-2,0,0,0,0,62,65,10,0,68,187.55,0,-1,46,-996,-1,0,0,0,,,,,,,,,
828,1783701846154,77290,77289,0,-2,0,0,0,0,62,65,10,0,68,187.73,0,-1,46,-998,-1,0,0,0,,,,,,,,,
829,1783701846256,77392,77391,0,-2,0,0,0,0,62,65,10,0,68,187.92,0,0,45,-998,-1,0,0,0,,,,,,,,,
830,1783701846358,77494,77493,0,-2,0,0,0,0,62,65,10,0,68,187.72,0,-1,46,-1001,-1,0,0,0,,,,,,,,,
831,1783701846460,77596,77595,0,-2,0,0,0,0,62,65,10,0,68,187.77,0,0,46,-1001,-1,0,0,0,,,,,,,,,
832,1783701846562,77698,77697,0,-2,0,0,0,0,62,65,10,0,68,187.92,0,1,45,-997,-1,0,0,0,,,,,,,,,
833,1783701846664,77800,77799,0,-2,0,0,0,0,62,65,10,0,68,187.9,0,0,46,-996,-1,0,0,0,,,,,,,,,
834,1783701846766,77902,77901,0,-2,0,0,0,0,62,65,10,0,68,187.68,0,0,47,-998,-1,0,0,0,,,,,,,,,
835,1783701846869,78005,78004,0,-2,0,0,0,0,62,65,10,0,68,187.78,0,0,46,-1000,-1,0,0,0,,,,,,,,,
836,1783701846971,78107,78106,0,-2,0,0,0,0,62,65,10,0,68,187.81,0,-1,46,-998,-1,0,0,0,,,,,,,,,
837,1783701847076,78212,78211,0,-2,0,0,0,0,62,65,10,0,68,187.89,0,0,47,-996,-1,0,0,0,,,,,,,,,
838,1783701847175,78311,78310,0,-2,0,0,0,0,62,65,10,0,68,187.81,0,0,45,-999,-1,0,0,0,,,,,,,,,
839,1783701847278,78414,78413,0,-2,0,0,0,0,62,65,10,0,68,187.92,0,0,45,-998,-1,0,0,0,,,,,,,,,
840,1783701847381,78517,78516,0,-2,0,0,0,0,62,65,10,0,68,187.87,0,0,45,-997,-1,0,0,0,,,,,,,,,
841,1783701847488,78624,78623,0,-2,0,0,0,0,62,65,10,0,68,187.81,0,-1,47,-1001,-1,0,0,0,,,,,,,,,
842,1783701847592,78728,78727,0,-2,0,0,0,0,62,65,10,0,68,187.64,0,-3,45,-999,-1,0,0,0,,,,,,,,,
843,1783701847685,78821,78821,0,-2,0,0,0,0,62,65,10,0,68,187.52,0,-1,44,-997,-1,0,0,0,,,,,,,,,
844,1783701847787,78923,78923,0,-2,0,0,0,0,63,65,10,0,68,187.68,0,0,45,-999,-1,0,0,0,,,,,,,,,
845,1783701847889,79025,79025,0,-2,0,0,0,0,63,65,10,0,68,187.84,0,0,47,-999,-1,0,0,0,,,,,,,,,
846,1783701847991,79127,79127,0,-2,0,0,0,0,63,65,10,0,68,187.86,0,-1,48,-1000,-1,0,0,0,,,,,,,,,
847,1783701848043,79179,79179,0,-2,0,0,0,0,63,65,10,0,68,187.36,0,0,46,-998,-1,0,0,0,,,,,,,,,
848,1783701848146,79282,79281,0,-2,0,0,0,0,63,65,10,0,68,187.8,0,-1,45,-1001,-1,0,0,0,,,,,,,,,
849,1783701848247,79383,79383,0,-2,0,0,0,0,63,65,10,0,68,187.82,0,0,47,-1000,-1,0,0,0,,,,,,,,,
850,1783701848349,79485,79485,0,-2,0,0,0,0,63,65,10,0,68,188.02,0,1,46,-1000,-1,0,0,0,,,,,,,,,
851,1783701848451,79587,79587,0,-2,0,0,0,0,63,65,10,0,68,187.79,0,0,46,-999,-1,0,0,0,,,,,,,,,
852,1783701848554,79690,79689,0,-2,0,0,0,0,63,65,10,0,68,187.89,0,-2,46,-998,-1,0,0,0,,,,,,,,,
853,1783701848655,79791,79791,0,-2,0,0,0,0,63,65,10,0,68,187.5,0,0,45,-1000,-1,0,0,0,,,,,,,,,
854,1783701848757,79893,79893,0,-2,0,0,0,0,63,65,10,0,68,187.87,0,0,46,-1001,-1,0,0,0,,,,,,,,,
855,1783701848859,79995,79995,0,-2,0,0,0,0,63,65,10,0,68,188.03,0,1,45,-999,-1,0,0,0,,,,,,,,,
856,1783701848961,80097,80097,0,-2,0,0,0,0,63,65,10,0,68,187.57,0,-1,46,-997,-1,0,0,0,,,,,,,,,
857,1783701849063,80199,80199,0,-2,0,0,0,0,63,65,10,0,68,187.6,0,0,45,-997,-1,0,0,0,,,,,,,,,
858,1783701849165,80301,80301,0,-2,0,0,0,0,63,65,10,0,68,187.83,0,0,46,-997,-1,0,0,0,,,,,,,,,
859,1783701849267,80403,80403,0,-2,0,0,0,0,63,65,10,0,68,187.77,0,-1,45,-1001,-1,0,0,0,,,,,,,,,
860,1783701849369,80505,80504,0,-2,0,0,0,0,63,65,10,0,68,187.65,0,0,48,-1001,-1,0,0,0,,,,,,,,,
861,1783701849473,80609,80608,0,-2,0,0,0,0,63,65,10,0,68,187.8,0,0,45,-997,-1,0,0,0,,,,,,,,,
862,1783701849576,80712,80711,0,-2,0,0,0,0,63,65,10,0,68,187.95,0,0,45,-996,-1,0,0,0,,,,,,,,,
863,1783701849675,80811,80810,0,-2,0,0,0,0,63,65,10,0,68,188.02,0,1,46,-997,-1,0,0,0,,,,,,,,,
864,1783701849777,80913,80913,0,-2,0,0,0,0,62,65,10,0,68,187.77,0,0,45,-1000,-1,0,0,0,,,,,,,,,
865,1783701849879,81015,81015,0,-2,0,0,0,0,62,65,10,0,68,187.77,0,-1,45,-1001,-1,0,0,0,,,,,,,,,
866,1783701849981,81117,81117,0,-2,0,0,0,0,62,65,10,0,68,188.11,0,-1,47,-999,-1,0,0,0,,,,,,,,,
867,1783701850083,81219,81219,0,-2,0,0,0,0,62,65,10,0,68,187.9,0,0,45,-999,-1,0,0,0,,,,,,,,,
868,1783701850186,81322,81322,0,-2,0,0,0,0,62,65,10,0,68,187.8,0,0,47,-998,-1,0,0,0,,,,,,,,,
869,1783701850288,81424,81424,0,-2,0,0,0,0,62,65,10,0,68,187.96,0,-1,47,-999,-1,0,0,0,,,,,,,,,
870,1783701850390,81526,81525,0,-2,0,0,0,0,62,65,10,0,68,187.66,0,-1,46,-999,-1,0,0,0,,,,,,,,,
871,1783701850491,81627,81627,0,-2,0,0,0,0,62,65,10,0,68,187.7,0,-2,47,-1000,-1,0,0,0,,,,,,,,,
872,1783701850593,81729,81729,0,-2,0,0,0,0,62,65,10,0,68,187.92,0,0,46,-998,-1,0,0,0,,,,,,,,,
873,1783701850695,81831,81831,0,-2,0,0,0,0,62,65,10,0,68,187.72,0,0,46,-1000,-1,0,0,0,,,,,,,,,
874,1783701850797,81933,81933,0,-2,0,0,0,0,62,64,10,0,68,187.78,0,0,46,-1001,-1,0,0,0,,,,,,,,,
875,1783701850899,82035,82035,0,-2,0,0,0,0,62,64,10,0,68,187.93,0,-2,46,-998,-1,0,0,0,,,,,,,,,
876,1783701851001,82137,82137,0,-2,0,0,0,0,62,64,10,0,68,187.64,0,-1,46,-999,-1,0,0,0,,,,,,,,,
877,1783701851104,82240,82239,0,-2,0,0,0,0,62,64,10,0,68,188.01,0,0,46,-1001,-1,0,0,0,,,,,,,,,
878,1783701851154,82290,82289,0,-2,0,0,0,0,62,64,10,0,68,187.72,0,0,46,-1001,-1,0,0,0,,,,,,,,,
879,1783701851256,82392,82392,0,-2,0,0,0,0,62,64,10,0,68,187.88,0,0,46,-997,-1,0,0,0,,,,,,,,,
880,1783701851358,82494,82494,0,-2,0,0,0,0,62,64,10,0,68,187.6,0,-1,48,-995,-1,0,0,0,,,,,,,,,
881,1783701851460,82596,82595,0,-2,0,0,0,0,62,64,10,0,68,187.89,0,0,46,-997,-1,0,0,0,,,,,,,,,
882,1783701851562,82698,82698,0,-2,0,0,0,0,62,64,10,0,68,187.86,0,0,47,-1000,-1,0,0,0,,,,,,,,,
883,1783701851664,82800,82799,0,-2,0,0,0,0,62,64,10,0,68,187.66,0,0,45,-999,-1,0,0,0,,,,,,,,,
884,1783701851766,82902,82902,0,-2,0,0,0,0,63,65,10,0,68,187.6,0,-2,46,-999,-1,0,0,0,,,,,,,,,
885,1783701851869,83005,83005,0,-2,0,0,0,0,63,65,10,0,68,188.01,0,0,46,-1000,-1,0,0,0,,,,,,,,,
886,1783701851972,83108,83107,0,-2,0,0,0,0,63,65,10,0,68,187.61,0,0,45,-997,-1,0,0,0,,,,,,,,,
887,1783701852073,83209,83208,0,-2,0,0,0,0,63,65,10,0,68,187.76,0,0,48,-999,-1,0,0,0,,,,,,,,,
888,1783701852175,83311,83310,0,-2,0,0,0,0,63,65,10,0,68,187.89,0,-1,47,-999,-1,0,0,0,,,,,,,,,
889,1783701852277,83413,83412,0,-2,0,0,0,0,63,65,10,0,68,188,0,0,46,-997,-1,0,0,0,,,,,,,,,
890,1783701852379,83515,83514,0,-2,0,0,0,0,63,65,10,0,68,187.82,0,-2,45,-999,-1,0,0,0,,,,,,,,,
891,1783701852481,83617,83616,0,-2,0,0,0,0,63,65,10,0,68,187.72,0,0,46,-996,-1,0,0,0,,,,,,,,,
892,1783701852583,83719,83718,0,-2,0,0,0,0,63,65,10,0,68,187.73,0,-1,48,-998,-1,0,0,0,,,,,,,,,
893,1783701852687,83823,83823,0,-2,0,0,0,0,63,65,10,0,68,188.19,0,-1,45,-1001,-1,0,0,0,,,,,,,,,
894,1783701852788,83924,83923,0,-2,0,0,0,0,63,66,10,0,68,187.8,0,-2,44,-998,-1,0,0,0,,,,,,,,,
895,1783701852890,84026,84025,0,-2,0,0,0,0,63,66,10,0,68,187.86,0,-2,47,-999,-1,0,0,0,,,,,,,,,
896,1783701852992,84128,84127,0,-2,0,0,0,0,63,66,10,0,68,188,0,0,46,-998,-1,0,0,0,,,,,,,,,
897,1783701853094,84230,84229,0,-2,0,0,0,0,63,66,10,0,68,188,0,0,45,-1001,-1,0,0,0,,,,,,,,,
898,1783701853196,84332,84331,0,-2,0,0,0,0,63,66,10,0,68,188.01,0,0,46,-997,-1,0,0,0,,,,,,,,,
899,1783701853298,84434,84434,0,-2,0,0,0,0,63,66,10,0,68,187.82,0,0,46,-997,-1,0,0,0,,,,,,,,,
900,1783701853402,84538,84537,0,-2,0,0,0,0,63,66,10,0,68,187.55,0,0,45,-999,-1,0,0,0,,,,,,,,,
901,1783701853502,84638,84638,0,-2,0,0,0,0,63,66,10,0,68,187.95,0,0,44,-1000,-1,0,0,0,,,,,,,,,
902,1783701853606,84742,84741,0,-2,0,0,0,0,63,66,10,0,68,188.01,0,0,45,-1001,-1,0,0,0,,,,,,,,,
903,1783701853707,84843,84843,0,-2,0,0,0,0,63,66,10,0,68,187.73,0,0,46,-995,-1,0,0,0,,,,,,,,,
904,1783701853809,84945,84944,0,-2,0,0,0,0,63,65,10,0,68,187.95,0,-1,45,-996,-1,0,0,0,,,,,,,,,
905,1783701853913,85049,85048,0,-2,0,0,0,0,63,65,10,0,68,187.81,0,-1,45,-1000,-1,0,0,0,,,,,,,,,
906,1783701854013,85149,85148,0,-2,0,0,0,0,63,65,10,0,68,187.87,0,-1,46,-1001,-1,0,0,0,,,,,,,,,
907,1783701854115,85251,85250,0,-2,0,0,0,0,63,65,10,0,68,187.55,0,0,44,-999,-1,0,0,0,,,,,,,,,
908,1783701854217,85353,85352,0,-2,0,0,0,0,63,65,10,0,68,187.74,0,0,45,-999,-1,0,0,0,,,,,,,,,
909,1783701854319,85455,85454,0,-2,0,0,0,0,63,65,10,0,68,187.58,0,-1,46,-997,-1,0,0,0,,,,,,,,,
910,1783701854421,85557,85556,0,-2,0,0,0,0,63,65,10,0,68,187.63,0,0,46,-999,-1,0,0,0,,,,,,,,,
911,1783701854477,85613,85612,0,-2,0,0,0,0,63,65,10,0,68,187.77,0,-1,46,-1000,-1,0,0,0,,,,,,,,,
912,1783701854577,85713,85712,0,-2,0,0,0,0,63,65,10,0,68,187.68,0,0,45,-1000,-1,0,0,0,,,,,,,,,
913,1783701854675,85811,85811,0,-2,0,0,0,0,63,65,10,0,68,187.98,0,-2,46,-997,-1,0,0,0,,,,,,,,,
914,1783701854778,85914,85913,0,-2,0,0,0,0,62,65,10,0,68,187.55,0,0,47,-995,-1,0,0,0,,,,,,,,,
915,1783701854880,86016,86015,0,-2,0,0,0,0,62,65,10,0,68,188.1,0,-2,46,-997,-1,0,0,0,,,,,,,,,
916,1783701854982,86118,86117,0,-2,0,0,0,0,62,65,10,0,68,187.96,0,0,46,-1000,-1,0,0,0,,,,,,,,,
917,1783701855084,86220,86219,0,-2,0,0,0,0,62,65,10,0,68,187.9,0,-1,46,-1000,-1,0,0,0,,,,,,,,,
918,1783701855186,86322,86321,0,-2,0,0,0,0,62,65,10,0,68,187.63,0,0,46,-999,-1,0,0,0,,,,,,,,,
919,1783701855288,86424,86423,0,-2,0,0,0,0,62,65,10,0,68,188.2,0,1,47,-997,-1,0,0,0,,,,,,,,,
920,1783701855390,86526,86525,0,-2,0,0,0,0,62,65,10,0,68,187.94,0,-1,44,-998,-1,0,0,0,,,,,,,,,
921,1783701855492,86628,86627,0,-2,0,0,0,0,62,65,10,0,68,187.82,0,0,46,-1000,-1,0,0,0,,,,,,,,,
922,1783701855595,86731,86730,0,-2,0,0,0,0,62,65,10,0,68,187.85,0,-2,46,-1000,-1,0,0,0,,,,,,,,,
923,1783701855696,86832,86831,0,-2,0,0,0,0,62,65,10,0,68,187.98,0,-1,47,-999,-1,0,0,0,,,,,,,,,
924,1783701855798,86934,86933,0,-2,0,0,0,0,63,66,10,0,68,187.74,0,0,46,-1000,-1,0,0,0,,,,,,,,,
925,1783701855900,87036,87035,0,-2,0,0,0,0,63,66,10,0,68,187.88,0,1,46,-998,-1,0,0,0,,,,,,,,,
926,1783701856002,87138,87137,0,-2,0,0,0,0,63,66,10,0,68,188.15,0,0,47,-999,-1,0,0,0,,,,,,,,,
927,1783701856105,87241,87240,0,-2,0,0,0,0,63,66,10,0,68,187.67,0,0,45,-1000,-1,0,0,0,,,,,,,,,
928,1783701856207,87343,87342,0,-2,0,0,0,0,63,66,10,0,68,187.82,0,-2,47,-997,-1,0,0,0,,,,,,,,,
929,1783701856309,87445,87444,0,-2,0,0,0,0,63,66,10,0,68,187.69,0,1,46,-997,-1,0,0,0,,,,,,,,,
930,1783701856410,87546,87545,0,-2,0,0,0,0,63,66,10,0,68,187.85,0,0,46,-998,-1,0,0,0,,,,,,,,,
931,1783701856512,87648,87647,0,-2,0,0,0,0,63,66,10,0,68,187.97,0,0,46,-998,-1,0,0,0,,,,,,,,,
932,1783701856614,87750,87749,0,-2,0,0,0,0,63,66,10,0,68,187.87,0,0,46,-997,-1,0,0,0,,,,,,,,,
933,1783701856716,87852,87851,0,-2,0,0,0,0,63,66,10,0,68,188.13,0,-1,47,-999,-1,0,0,0,,,,,,,,,
934,1783701856818,87954,87953,0,-2,0,0,0,0,62,65,10,0,68,187.44,0,-2,46,-999,-1,0,0,0,,,,,,,,,
935,1783701856920,88056,88055,0,-2,0,0,0,0,62,65,10,0,68,187.6,0,-1,46,-1001,-1,0,0,0,,,,,,,,,
936,1783701857022,88158,88157,0,-2,0,0,0,0,62,65,10,0,68,187.83,0,0,48,-1000,-1,0,0,0,,,,,,,,,
937,1783701857124,88260,88259,0,-2,0,0,0,0,62,65,10,0,68,188.07,0,0,46,-997,-1,0,0,0,,,,,,,,,
938,1783701857226,88362,88361,0,-2,0,0,0,0,62,65,10,0,68,187.83,0,0,46,-996,-1,0,0,0,,,,,,,,,
939,1783701857328,88464,88463,0,-2,0,0,0,0,62,65,10,0,68,187.63,0,-2,47,-1000,-1,0,0,0,,,,,,,,,
940,1783701857430,88566,88565,0,-2,0,0,0,0,62,65,10,0,68,187.89,0,-1,45,-998,-1,0,0,0,,,,,,,,,
941,1783701857532,88668,88667,0,-2,0,0,0,0,62,65,10,0,68,187.83,0,0,46,-1001,-1,0,0,0,,,,,,,,,
942,1783701857636,88772,88771,0,-2,0,0,0,0,62,65,10,0,68,187.74,0,-1,46,-993,-1,0,0,0,,,,,,,,,
943,1783701857738,88874,88873,0,-2,0,0,0,0,62,65,10,0,68,187.87,0,-2,47,-997,-1,0,0,0,,,,,,,,,
944,1783701857838,88974,88973,0,-2,0,0,0,0,62,65,10,0,68,188.06,0,-2,45,-1001,-1,0,0,0,,,,,,,,,
945,1783701857942,89078,89077,0,-2,0,0,0,0,62,65,10,0,68,187.58,0,-2,45,-1001,-1,0,0,0,,,,,,,,,
946,1783701857992,89128,89127,0,-2,0,0,0,0,62,65,10,0,68,187.87,0,-1,47,-1002,-1,0,0,0,,,,,,,,,
947,1783701858094,89230,89229,0,-2,0,0,0,0,62,65,10,0,68,187.88,0,0,45,-1000,-1,0,0,0,,,,,,,,,
948,1783701858196,89332,89331,0,-2,0,0,0,0,62,65,10,0,68,187.7,0,0,46,-996,-1,0,0,0,,,,,,,,,
949,1783701858298,89434,89433,0,-2,0,0,0,0,62,65,10,0,68,187.63,0,-2,47,-998,-1,0,0,0,,,,,,,,,
950,1783701858400,89536,89535,0,-2,0,0,0,0,62,65,10,0,68,187.73,0,0,46,-1000,-1,0,0,0,,,,,,,,,
951,1783701858502,89638,89637,0,-2,0,0,0,0,62,65,10,0,68,187.82,0,-2,46,-996,-1,0,0,0,,,,,,,,,
952,1783701858604,89740,89739,0,-2,0,0,0,0,62,65,10,0,68,187.93,0,-1,44,-995,-1,0,0,0,,,,,,,,,
953,1783701858706,89842,89841,0,-2,0,0,0,0,62,65,10,0,68,187.41,0,0,46,-1000,-1,0,0,0,,,,,,,,,
954,1783701858809,89945,89944,0,-2,0,0,0,0,63,65,10,0,68,187.94,0,-1,46,-1000,-1,0,0,0,,,,,,,,,
955,1783701858910,90046,90045,0,-2,0,0,0,0,63,65,10,0,68,187.96,0,0,45,-1000,-1,0,0,0,,,,,,,,,
956,1783701859012,90148,90147,0,-2,0,0,0,0,63,65,10,0,68,187.85,0,-1,46,-996,-1,0,0,0,,,,,,,,,
957,1783701859114,90250,90249,0,-2,0,0,0,0,63,65,10,0,68,187.78,0,-1,46,-1000,-1,0,0,0,,,,,,,,,
958,1783701859216,90352,90351,0,-2,0,0,0,0,63,65,10,0,68,187.9,0,0,46,-1000,-1,0,0,0,,,,,,,,,
959,1783701859326,90462,90461,0,-2,0,0,0,0,63,65,10,0,68,188,0,0,46,-999,-1,0,0,0,,,,,,,,,
960,1783701859420,90556,90555,0,-2,0,0,0,0,63,65,10,0,68,188.03,0,0,46,-998,-1,0,0,0,,,,,,,,,
961,1783701859522,90658,90657,0,-2,0,0,0,0,63,65,10,0,68,188.03,0,-2,45,-998,-1,0,0,0,,,,,,,,,
962,1783701859624,90760,90759,0,-2,0,0,0,0,63,65,10,0,68,187.78,0,-2,47,-998,-1,0,0,0,,,,,,,,,
963,1783701859726,90862,90861,0,-2,0,0,0,0,63,65,10,0,68,187.85,0,0,46,-999,-1,0,0,0,,,,,,,,,
964,1783701859828,90964,90963,0,-2,0,0,0,0,63,65,10,0,68,187.83,0,0,45,-998,-1,0,0,0,,,,,,,,,
965,1783701859930,91066,91065,0,-2,0,0,0,0,63,65,10,0,68,187.82,0,-2,46,-997,-1,0,0,0,,,,,,,,,
966,1783701860032,91168,91167,0,-2,0,0,0,0,63,65,10,0,68,188.07,0,-1,47,-997,-1,0,0,0,,,,,,,,,
967,1783701860134,91270,91269,0,-2,0,0,0,0,63,65,10,0,68,187.71,0,-2,45,-998,-1,0,0,0,,,,,,,,,
968,1783701860238,91374,91373,0,-2,0,0,0,0,63,65,10,0,68,187.74,0,1,44,-999,-1,0,0,0,,,,,,,,,
969,1783701860339,91475,91474,0,-2,0,0,0,0,63,65,10,0,68,187.84,0,0,46,-1001,-1,0,0,0,,,,,,,,,
970,1783701860441,91577,91577,0,-2,0,0,0,0,63,65,10,0,68,188.12,0,0,46,-1000,-1,0,0,0,,,,,,,,,
971,1783701860543,91679,91678,0,-2,0,0,0,0,63,65,10,0,68,187.73,0,0,46,-997,-1,0,0,0,,,,,,,,,
972,1783701860645,91781,91780,0,-2,0,0,0,0,63,65,10,0,68,187.82,0,-1,45,-997,-1,0,0,0,,,,,,,,,
973,1783701860747,91883,91882,0,-2,0,0,0,0,63,65,10,0,68,187.87,0,-1,46,-1001,-1,0,0,0,,,,,,,,,
974,1783701860849,91985,91984,0,-2,0,0,0,0,63,65,10,0,68,187.96,0,1,44,-999,-1,0,0,0,,,,,,,,,
975,1783701860951,92087,92086,0,-2,0,0,0,0,63,65,10,0,68,187.88,0,0,44,-1001,-1,0,0,0,,,,,,,,,
976,1783701861053,92189,92188,0,-2,0,0,0,0,63,65,10,0,68,188.03,0,-1,46,-997,-1,0,0,0,,,,,,,,,
977,1783701861155,92291,92290,0,-2,0,0,0,0,63,65,10,0,68,187.79,0,-1,45,-997,-1,0,0,0,,,,,,,,,
978,1783701861208,92344,92343,0,-2,0,0,0,0,63,65,10,0,68,187.94,0,-1,45,-998,-1,0,0,0,,,,,,,,,
979,1783701861308,92444,92443,0,-2,0,0,0,0,63,65,10,0,68,187.87,0,0,45,-996,-1,0,0,0,,,,,,,,,
980,1783701861409,92545,92545,0,-2,0,0,0,0,63,65,10,0,68,187.8,0,0,47,-998,-1,0,0,0,,,,,,,,,
981,1783701861512,92648,92647,0,-2,0,0,0,0,63,65,10,0,68,187.97,0,0,44,-995,-1,0,0,0,,,,,,,,,
982,1783701861613,92749,92748,0,-2,0,0,0,0,63,65,10,0,68,187.87,0,-1,47,-998,-1,0,0,0,,,,,,,,,
983,1783701861716,92852,92851,0,-2,0,0,0,0,63,65,10,0,68,188.07,0,-1,47,-998,-1,0,0,0,,,,,,,,,
984,1783701861821,92957,92956,0,-2,0,0,0,0,63,66,10,0,68,187.98,0,0,46,-1001,-1,0,0,0,,,,,,,,,
985,1783701861920,93056,93055,0,-2,0,0,0,0,63,66,10,0,68,187.93,0,0,48,-997,-1,0,0,0,,,,,,,,,
986,1783701862022,93158,93157,0,-2,0,0,0,0,63,66,10,0,68,187.69,0,-1,45,-997,-1,0,0,0,,,,,,,,,
987,1783701862124,93260,93259,0,-2,0,0,0,0,63,66,10,0,68,187.77,0,-2,45,-997,-1,0,0,0,,,,,,,,,
988,1783701862226,93362,93361,0,-2,0,0,0,0,63,66,10,0,68,188.11,0,-1,48,-999,-1,0,0,0,,,,,,,,,
989,1783701862327,93463,93463,0,-2,0,0,0,0,63,66,10,0,68,187.51,0,0,46,-1000,-1,0,0,0,,,,,,,,,
990,1783701862430,93566,93565,0,-2,0,0,0,0,63,66,10,0,67,188,0,-2,47,-997,-1,0,0,0,,,,,,,,,
991,1783701862531,93667,93666,0,-2,0,0,0,0,63,66,10,0,67,188.16,0,-1,46,-997,-1,0,0,0,,,,,,,,,
992,1783701862635,93771,93770,0,-2,0,0,0,0,63,66,10,0,67,187.89,0,1,45,-999,-1,0,0,0,,,,,,,,,
993,1783701862741,93877,93876,0,-2,0,0,0,0,63,66,10,0,67,187.94,0,-2,45,-1001,-1,0,0,0,,,,,,,,,
994,1783701862842,93978,93977,0,-2,0,0,0,0,63,66,10,0,67,188.01,0,-2,45,-999,-1,0,0,0,,,,,,,,,
995,1783701862949,94085,94085,0,-2,0,0,0,0,63,66,10,0,67,187.88,0,0,46,-998,-1,0,0,0,,,,,,,,,
996,1783701863047,94183,94182,0,-2,0,0,0,0,63,66,10,0,67,188.06,0,0,45,-999,-1,0,0,0,,,,,,,,,
997,1783701863167,94303,94303,0,-2,0,0,0,0,63,66,10,0,67,188.05,0,0,45,-999,-1,0,0,0,,,,,,,,,
998,1783701863254,94390,94389,0,-2,0,0,0,0,63,66,10,0,67,187.94,0,-1,46,-997,-1,0,0,0,,,,,,,,,
999,1783701863352,94488,94487,0,-2,0,0,0,0,63,66,10,0,67,187.84,0,-1,45,-1000,-1,0,0,0,,,,,,,,,
1000,1783701863451,94587,94586,0,-2,0,0,0,0,63,66,10,0,67,188.05,0,0,46,-997,-1,0,0,0,,,,,,,,,
1001,1783701863553,94689,94689,0,-2,0,0,0,0,63,66,10,0,67,188.11,0,2,45,-1000,-1,0,0,0,,,,,,,,,
1002,1783701863656,94792,94791,0,-2,0,0,0,0,63,66,10,0,67,188,0,0,45,-1000,-1,0,0,0,,,,,,,,,
1003,1783701863758,94894,94893,0,-2,0,0,0,0,63,66,10,0,67,187.85,0,-3,47,-996,-1,0,0,0,,,,,,,,,
1004,1783701863861,94997,94996,0,-2,0,0,0,0,63,65,10,0,67,187.77,0,0,45,-999,-1,0,0,0,,,,,,,,,
1005,1783701863961,95097,95096,0,-2,0,0,0,0,63,65,10,0,67,187.95,0,0,45,-1000,-1,0,0,0,,,,,,,,,
1006,1783701864065,95201,95201,0,-2,0,0,0,0,63,65,10,0,67,188.16,0,0,48,-998,-1,0,0,0,,,,,,,,,
1007,1783701864166,95302,95301,0,-2,0,0,0,0,63,65,10,0,67,187.86,0,-1,45,-1000,-1,0,0,0,,,,,,,,,
1008,1783701864274,95410,95410,0,-2,0,0,0,0,63,65,10,0,67,187.91,0,0,46,-996,-1,0,0,0,,,,,,,,,
1009,1783701864319,95455,95454,0,-2,0,0,0,0,63,65,10,0,67,187.96,0,-3,46,-996,-1,0,0,0,,,,,,,,,
1010,1783701864421,95557,95556,0,-2,0,0,0,0,63,65,10,0,67,187.74,0,0,47,-999,-1,0,0,0,,,,,,,,,
1011,1783701864523,95659,95658,0,-2,0,0,0,0,63,65,10,0,67,187.83,0,-1,46,-999,-1,0,0,0,,,,,,,,,
1012,1783701864625,95761,95761,0,-2,0,0,0,0,63,65,10,0,67,187.45,0,0,46,-999,-1,0,0,0,,,,,,,,,
1013,1783701864727,95863,95862,0,-2,0,0,0,0,63,65,10,0,67,187.65,0,-1,45,-996,-1,0,0,0,,,,,,,,,
1014,1783701864829,95965,95964,0,-2,0,0,0,0,63,65,10,0,67,187.87,0,0,45,-998,-1,0,0,0,,,,,,,,,
1015,1783701864931,96067,96066,0,-2,0,0,0,0,63,65,10,0,67,188.06,0,0,49,-1002,-1,0,0,0,,,,,,,,,
1016,1783701865033,96169,96168,0,-2,0,0,0,0,63,65,10,0,67,188,0,-2,45,-1001,-1,0,0,0,,,,,,,,,
1017,1783701865136,96272,96271,0,-2,0,0,0,0,63,65,10,0,67,187.74,0,-1,46,-1000,-1,0,0,0,,,,,,,,,
1018,1783701865237,96373,96372,0,-2,0,0,0,0,63,65,10,0,67,187.97,0,0,46,-995,-1,0,0,0,,,,,,,,,
1019,1783701865341,96477,96476,0,-2,0,0,0,0,63,65,10,0,67,187.98,0,-2,46,-997,-1,0,0,0,,,,,,,,,
1020,1783701865442,96578,96577,0,-2,0,0,0,0,63,65,10,0,67,188.11,0,-1,46,-999,-1,0,0,0,,,,,,,,,
1021,1783701865543,96679,96678,0,-2,0,0,0,0,63,65,10,0,67,187.73,0,0,46,-1000,-1,0,0,0,,,,,,,,,
1022,1783701865646,96782,96781,0,-2,0,0,0,0,63,65,10,0,67,187.95,0,-1,45,-999,-1,0,0,0,,,,,,,,,
1023,1783701865748,96884,96883,0,-2,0,0,0,0,63,65,10,0,67,188.14,0,-1,46,-998,-1,0,0,0,,,,,,,,,
1024,1783701865850,96986,96985,0,-2,0,0,0,0,63,66,10,0,67,187.83,0,0,46,-998,-1,0,0,0,,,,,,,,,
1025,1783701865952,97088,97087,0,-2,0,0,0,0,63,66,10,0,67,187.85,0,-2,45,-997,-1,0,0,0,,,,,,,,,
1026,1783701866054,97190,97189,0,-2,0,0,0,0,63,66,10,0,67,188.23,0,-2,46,-1000,-1,0,0,0,,,,,,,,,
1027,1783701866156,97292,97291,0,-2,0,0,0,0,63,66,10,0,67,188,0,-2,46,-998,-1,0,0,0,,,,,,,,,
1028,1783701866258,97394,97393,0,-2,0,0,0,0,63,66,10,0,67,188.05,0,-2,46,-1000,-1,0,0,0,,,,,,,,,
1029,1783701866360,97496,97495,0,-2,0,0,0,0,63,66,10,0,67,187.71,0,0,48,-999,-1,0,0,0,,,,,,,,,
1030,1783701866462,97598,97597,0,-2,0,0,0,0,63,66,10,0,67,187.71,0,0,44,-999,-1,0,0,0,,,,,,,,,
1031,1783701866564,97700,97699,0,-2,0,0,0,0,63,66,10,0,67,188.18,0,-2,46,-999,-1,0,0,0,,,,,,,,,
1032,1783701866666,97802,97801,0,-2,0,0,0,0,63,66,10,0,67,188.04,0,-3,46,-1001,-1,0,0,0,,,,,,,,,
1033,1783701866769,97905,97904,0,-2,0,0,0,0,63,66,10,0,67,187.75,0,-1,46,-997,-1,0,0,0,,,,,,,,,
1034,1783701866871,98007,98007,0,-2,0,0,0,0,63,65,10,0,67,187.88,0,-1,45,-998,-1,0,0,0,,,,,,,,,
1035,1783701866975,98111,98110,0,-2,0,0,0,0,63,65,10,0,67,188.19,0,0,46,-1001,-1,0,0,0,,,,,,,,,
1036,1783701867077,98213,98212,0,-2,0,0,0,0,63,65,10,0,67,188.19,0,0,46,-999,-1,0,0,0,,,,,,,,,
1037,1783701867177,98313,98313,0,-2,0,0,0,0,63,65,10,0,67,187.69,0,-1,46,-999,-1,0,0,0,,,,,,,,,
1038,1783701867279,98415,98415,0,-2,0,0,0,0,63,65,10,0,67,187.92,0,-1,46,-997,-1,0,0,0,,,,,,,,,
1039,1783701867382,98518,98517,0,-2,0,0,0,0,63,65,10,0,67,187.97,0,1,45,-997,-1,0,0,0,,,,,,,,,
1040,1783701867483,98619,98619,0,-2,0,0,0,0,63,65,10,0,67,187.98,0,0,45,-1001,-1,0,0,0,,,,,,,,,
1041,1783701867536,98672,98671,0,-2,0,0,0,0,63,65,10,0,67,187.6,0,0,47,-1000,-1,0,0,0,,,,,,,,,
1042,1783701867638,98774,98773,0,-2,0,0,0,0,63,65,10,0,67,187.72,0,-2,47,-996,-1,0,0,0,,,,,,,,,
1043,1783701867740,98876,98875,0,-2,0,0,0,0,63,65,10,0,67,187.87,0,0,45,-997,-1,0,0,0,,,,,,,,,
1044,1783701867840,98976,98976,0,-2,0,0,0,0,64,66,10,0,67,187.76,0,0,46,-999,-1,0,0,0,,,,,,,,,
1045,1783701867942,99078,99077,0,-2,0,0,0,0,64,66,10,0,67,187.76,0,0,47,-1002,-1,0,0,0,,,,,,,,,
1046,1783701868045,99181,99180,0,-2,0,0,0,0,64,66,10,0,67,188.1,0,0,46,-997,-1,0,0,0,,,,,,,,,
1047,1783701868146,99282,99282,0,-2,0,0,0,0,64,66,10,0,67,187.71,0,0,46,-996,-1,0,0,0,,,,,,,,,
1048,1783701868248,99384,99384,0,-2,0,0,0,0,64,66,10,0,67,187.99,0,-1,46,-996,-1,0,0,0,,,,,,,,,
1049,1783701868350,99486,99486,0,-2,0,0,0,0,64,66,10,0,67,187.7,0,0,46,-1001,-1,0,0,0,,,,,,,,,
1050,1783701868453,99589,99588,0,-2,0,0,0,0,64,66,10,0,67,187.85,0,0,45,-999,-1,0,0,0,,,,,,,,,
1051,1783701868554,99690,99690,0,-2,0,0,0,0,64,66,10,0,67,187.76,0,0,45,-998,-1,0,0,0,,,,,,,,,
1052,1783701868657,99793,99792,0,-2,0,0,0,0,64,66,10,0,67,187.92,0,-2,46,-995,-1,0,0,0,,,,,,,,,
1053,1783701868759,99895,99894,0,-2,0,0,0,0,64,66,10,0,67,187.83,0,-1,47,-1002,-1,0,0,0,,,,,,,,,
1054,1783701868861,99997,99996,0,-2,0,0,0,0,63,65,10,0,67,187.78,0,0,47,-999,-1,0,0,0,,,,,,,,,
1055,1783701868963,100099,100099,0,-2,0,0,0,0,63,65,10,0,67,187.55,0,-1,47,-998,-1,0,0,0,,,,,,,,,
1056,1783701869065,100201,100201,0,-2,0,0,0,0,63,65,10,0,67,187.94,0,1,47,-999,-1,0,0,0,,,,,,,,,
1057,1783701869168,100304,100303,0,-2,0,0,0,0,63,65,10,0,67,187.77,0,-1,45,-996,-1,0,0,0,,,,,,,,,
1058,1783701869270,100406,100406,0,-2,0,0,0,0,63,65,10,0,67,187.58,0,-1,46,-998,-1,0,0,0,,,,,,,,,
1059,1783701869373,100509,100508,0,-2,0,0,0,0,63,65,10,0,67,187.83,0,0,46,-997,-1,0,0,0,,,,,,,,,
1060,1783701869474,100610,100609,0,-2,0,0,0,0,63,65,10,0,67,187.92,0,-3,47,-1003,-1,0,0,0,,,,,,,,,
1061,1783701869575,100711,100711,0,-2,0,0,0,0,63,65,10,0,67,187.97,0,-1,46,-999,-1,0,0,0,,,,,,,,,
1062,1783701869678,100814,100813,0,-2,0,0,0,0,63,65,10,0,67,187.84,0,-1,46,-997,-1,0,0,0,,,,,,,,,
1063,1783701869779,100915,100915,0,-2,0,0,0,0,63,65,10,0,67,188.21,0,-1,47,-998,-1,0,0,0,,,,,,,,,
1064,1783701869881,101017,101017,0,-2,0,0,0,0,63,66,10,0,67,187.99,0,0,46,-1000,-1,0,0,0,,,,,,,,,
1065,1783701869983,101119,101119,0,-2,0,0,0,0,63,66,10,0,67,188.13,0,0,45,-998,-1,0,0,0,,,,,,,,,
1066,1783701870085,101221,101221,0,-2,0,0,0,0,63,66,10,0,67,188.29,0,-2,45,-1000,-1,0,0,0,,,,,,,,,
1067,1783701870187,101323,101323,0,-2,0,0,0,0,63,66,10,0,67,188.05,0,0,47,-997,-1,0,0,0,,,,,,,,,
1068,1783701870290,101426,101425,0,-2,0,0,0,0,63,66,10,0,67,187.95,0,-1,46,-996,-1,0,0,0,,,,,,,,,
1069,1783701870391,101527,101527,0,-2,0,0,0,0,63,66,10,0,67,188.2,0,0,46,-998,-1,0,0,0,,,,,,,,,
1070,1783701870494,101630,101629,0,-2,0,0,0,0,63,66,10,0,67,187.92,0,0,47,-998,-1,0,0,0,,,,,,,,,
1071,1783701870596,101732,101731,0,-2,0,0,0,0,63,66,10,0,67,188.06,0,-2,46,-999,-1,0,0,0,,,,,,,,,
1072,1783701870646,101782,101782,0,-2,0,0,0,0,63,66,10,0,67,187.76,0,-2,47,-998,-1,0,0,0,,,,,,,,,
1073,1783701870749,101885,101884,0,-2,0,0,0,0,63,66,10,0,67,188.22,0,0,45,-998,-1,0,0,0,,,,,,,,,
1074,1783701870850,101986,101986,0,-2,0,0,0,0,64,66,10,0,67,188.02,0,-2,46,-1000,-1,0,0,0,,,,,,,,,
1075,1783701870953,102089,102088,0,-2,0,0,0,0,64,66,10,0,67,187.94,0,-1,47,-999,-1,0,0,0,,,,,,,,,
1076,1783701871055,102191,102191,0,-2,0,0,0,0,64,66,10,0,67,187.93,0,-1,45,-997,-1,0,0,0,,,,,,,,,
1077,1783701871157,102293,102293,0,-2,0,0,0,0,64,66,10,0,67,188.03,0,-1,47,-998,-1,0,0,0,,,,,,,,,
1078,1783701871262,102398,102397,0,-2,0,0,0,0,64,66,10,0,67,187.92,0,0,46,-999,-1,0,0,0,,,,,,,,,
1079,1783701871361,102497,102497,0,-2,0,0,0,0,64,66,10,0,67,187.83,0,0,45,-1001,-1,0,0,0,,,,,,,,,
1080,1783701871464,102600,102599,0,-2,0,0,0,0,64,66,10,0,67,188.05,0,0,45,-1000,-1,0,0,0,,,,,,,,,
1081,1783701871565,102701,102700,0,-2,0,0,0,0,64,66,10,0,67,187.89,0,-1,46,-997,-1,0,0,0,,,,,,,,,
1082,1783701871669,102805,102804,0,-2,0,0,0,0,64,66,10,0,67,187.65,0,0,47,-996,-1,0,0,0,,,,,,,,,
1083,1783701871770,102906,102905,0,-2,0,0,0,0,64,66,10,0,67,187.83,0,0,45,-1000,-1,0,0,0,,,,,,,,,
1084,1783701871872,103008,103008,0,-2,0,0,0,0,63,66,10,0,67,187.72,0,0,46,-999,-1,0,0,0,,,,,,,,,
1085,1783701871974,103110,103110,0,-2,0,0,0,0,63,66,10,0,67,187.83,0,-2,46,-1000,-1,0,0,0,,,,,,,,,
1086,1783701872076,103212,103212,0,-2,0,0,0,0,63,66,10,0,67,187.99,0,-1,46,-993,-1,0,0,0,,,,,,,,,
1087,1783701872177,103313,103313,0,-2,0,0,0,0,63,66,10,0,67,187.89,0,0,45,-998,-1,0,0,0,,,,,,,,,
1088,1783701872279,103415,103415,0,-2,0,0,0,0,63,66,10,0,67,188.01,0,0,47,-1002,-1,0,0,0,,,,,,,,,
1089,1783701872381,103517,103516,0,-2,0,0,0,0,63,66,10,0,67,187.6,0,0,46,-998,-1,0,0,0,,,,,,,,,
1090,1783701872483,103619,103618,0,-2,0,0,0,0,63,66,10,0,67,187.7,0,-2,46,-997,-1,0,0,0,,,,,,,,,
1091,1783701872585,103721,103720,0,-2,0,0,0,0,63,66,10,0,67,187.92,0,0,46,-997,-1,0,0,0,,,,,,,,,
1092,1783701872687,103823,103822,0,-2,0,0,0,0,63,66,10,0,67,187.9,0,0,47,-998,-1,0,0,0,,,,,,,,,
1093,1783701872789,103925,103925,0,-2,0,0,0,0,63,66,10,0,67,187.66,0,0,46,-998,-1,0,0,0,,,,,,,,,
1094,1783701872891,104027,104026,0,-2,0,0,0,0,63,66,10,0,67,188.02,0,0,47,-999,-1,0,0,0,,,,,,,,,
1095,1783701872997,104133,104132,0,-2,0,0,0,0,63,66,10,0,67,187.74,0,0,45,-999,-1,0,0,0,,,,,,,,,
1096,1783701873096,104232,104232,0,-2,0,0,0,0,63,66,10,0,67,188.08,0,-1,45,-997,-1,0,0,0,,,,,,,,,
1097,1783701873198,104334,104334,0,-2,0,0,0,0,63,66,10,0,67,187.87,0,0,47,-997,-1,0,0,0,,,,,,,,,
1098,1783701873300,104436,104435,0,-2,0,0,0,0,63,66,10,0,67,187.99,0,-2,47,-998,-1,0,0,0,,,,,,,,,
1099,1783701873404,104540,104539,0,-2,0,0,0,0,63,66,10,0,67,188.13,0,0,47,-1001,-1,0,0,0,,,,,,,,,
1100,1783701873506,104642,104641,0,-2,0,0,0,0,63,66,10,0,67,187.9,0,0,45,-999,-1,0,0,0,,,,,,,,,
1101,1783701873606,104742,104741,0,-2,0,0,0,0,63,66,10,0,67,188.27,0,0,46,-996,-1,0,0,0,,,,,,,,,
1102,1783701873708,104844,104843,0,-2,0,0,0,0,63,66,10,0,67,187.84,0,0,47,-997,-1,0,0,0,,,,,,,,,
1103,1783701873759,104895,104895,0,-2,0,0,0,0,63,66,10,0,67,188.22,0,-2,48,-997,-1,0,0,0,,,,,,,,,
1104,1783701873912,105048,105047,0,-2,0,0,0,0,64,66,10,0,67,187.92,0,-1,46,-995,-1,0,0,0,,,,,,,,,
1105,1783701874014,105150,105149,0,-2,0,0,0,0,64,66,10,0,67,188.05,0,-1,47,-995,-1,0,0,0,,,,,,,,,
1106,1783701874116,105252,105251,0,-2,0,0,0,0,64,66,10,0,67,187.76,0,0,45,-996,-1,0,0,0,,,,,,,,,
1107,1783701874218,105354,105354,0,-2,0,0,0,0,64,66,10,0,67,187.85,0,-2,47,-999,-1,0,0,0,,,,,,,,,
1108,1783701874320,105456,105456,0,-2,0,0,0,0,64,66,10,0,67,187.82,0,-2,44,-999,-1,0,0,0,,,,,,,,,
1109,1783701874375,105511,105510,0,-2,0,0,0,0,64,66,10,0,67,187.74,0,-1,46,-998,-1,0,0,0,,,,,,,,,
1110,1783701874473,105609,105608,0,-2,0,0,0,0,64,66,10,0,67,187.76,0,0,45,-997,-1,0,0,0,,,,,,,,,
1111,1783701874575,105711,105710,0,-2,0,0,0,0,64,66,10,0,67,187.66,0,1,46,-998,-1,0,0,0,,,,,,,,,
1112,1783701874677,105813,105812,0,-2,0,0,0,0,64,66,10,0,67,187.6,0,-1,46,-997,-1,0,0,0,,,,,,,,,
1113,1783701874779,105915,105914,0,-2,0,0,0,0,64,66,10,0,67,188.05,0,-1,45,-1002,-1,0,0,0,,,,,,,,,
1114,1783701874881,106017,106016,0,-2,0,0,0,0,63,66,10,0,67,187.58,0,0,45,-999,-1,0,0,0,,,,,,,,,
1115,1783701874983,106119,106118,0,-2,0,0,0,0,63,66,10,0,67,187.63,0,-1,45,-1000,-1,0,0,0,,,,,,,,,
1116,1783701875085,106221,106220,0,-2,0,0,0,0,63,66,10,0,67,187.91,0,0,48,-998,-1,0,0,0,,,,,,,,,
1117,1783701875187,106323,106322,0,-2,0,0,0,0,63,66,10,0,67,187.82,0,0,44,-1000,-1,0,0,0,,,,,,,,,
1118,1783701875289,106425,106424,0,-2,0,0,0,0,63,66,10,0,67,188.01,0,-1,46,-999,-1,0,0,0,,,,,,,,,
1119,1783701875391,106527,106526,0,-2,0,0,0,0,63,66,10,0,67,187.91,0,-2,46,-997,-1,0,0,0,,,,,,,,,
1120,1783701875495,106631,106630,0,-2,0,0,0,0,63,66,10,0,67,187.99,0,-1,45,-996,-1,0,0,0,,,,,,,,,
1121,1783701875595,106731,106730,0,-2,0,0,0,0,63,66,10,0,67,188.22,0,-2,45,-1000,-1,0,0,0,,,,,,,,,
1122,1783701875697,106833,106832,0,-2,0,0,0,0,63,66,10,0,67,187.95,0,2,45,-999,-1,0,0,0,,,,,,,,,
1123,1783701875799,106935,106934,0,-2,0,0,0,0,63,66,10,0,67,187.8,0,0,45,-997,-1,0,0,0,,,,,,,,,
1124,1783701875901,107037,107036,0,-2,0,0,0,0,64,67,10,0,67,188.09,0,-3,45,-998,-1,0,0,0,,,,,,,,,
1125,1783701876005,107141,107140,0,-2,0,0,0,0,64,67,10,0,67,187.9,0,-1,46,-999,-1,0,0,0,,,,,,,,,
1126,1783701876107,107243,107242,0,-2,0,0,0,0,64,67,10,0,67,187.63,0,0,45,-1000,-1,0,0,0,,,,,,,,,
1127,1783701876208,107344,107344,0,-2,0,0,0,0,64,67,10,0,67,188.28,0,0,47,-997,-1,0,0,0,,,,,,,,,
1128,1783701876310,107446,107445,0,-2,0,0,0,0,64,67,10,0,67,187.95,0,-1,46,-997,-1,0,0,0,,,,,,,,,
1129,1783701876412,107548,107547,0,-2,0,0,0,0,64,67,10,0,67,187.92,0,0,47,-999,-1,0,0,0,,,,,,,,,
1130,1783701876514,107650,107649,0,-2,0,0,0,0,64,67,10,0,67,187.69,0,0,47,-997,-1,0,0,0,,,,,,,,,
1131,1783701876616,107752,107751,0,-2,0,0,0,0,64,67,10,0,67,187.84,0,1,46,-1001,-1,0,0,0,,,,,,,,,
1132,1783701876721,107857,107856,0,-2,0,0,0,0,64,67,10,0,67,188.02,0,-1,46,-1000,-1,0,0,0,,,,,,,,,
1133,1783701876820,107956,107955,0,-2,0,0,0,0,64,67,10,0,67,187.61,0,-1,45,-997,-1,0,0,0,,,,,,,,,
1134,1783701876922,108058,108057,0,-2,0,0,0,0,63,66,10,0,67,187.95,0,-2,45,-998,-1,0,0,0,,,,,,,,,
1135,1783701877024,108160,108159,0,-2,0,0,0,0,63,66,10,0,67,187.62,0,0,46,-1001,-1,0,0,0,,,,,,,,,
1136,1783701877126,108262,108261,0,-2,0,0,0,0,63,66,10,0,67,187.81,0,0,47,-1001,-1,0,0,0,,,,,,,,,
1137,1783701877228,108364,108363,0,-2,0,0,0,0,63,66,10,0,67,187.72,0,0,45,-1000,-1,0,0,0,,,,,,,,,
1138,1783701877330,108466,108465,0,-2,0,0,0,0,63,66,10,0,67,188.18,0,0,45,-1002,-1,0,0,0,,,,,,,,,
1139,1783701877432,108568,108567,0,-2,0,0,0,0,63,66,10,0,67,187.73,0,-1,46,-1000,-1,0,0,0,,,,,,,,,
1140,1783701877534,108670,108669,0,-2,0,0,0,0,63,66,10,0,67,188.01,0,-1,46,-1000,-1,0,0,0,,,,,,,,,
1141,1783701877585,108721,108721,0,-2,0,0,0,0,63,66,10,0,67,187.85,0,-3,47,-998,-1,0,0,0,,,,,,,,,
1142,1783701877686,108822,108821,0,-2,0,0,0,0,63,66,10,0,67,188.01,0,0,46,-997,-1,0,0,0,,,,,,,,,
1143,1783701877789,108925,108924,0,-2,0,0,0,0,63,66,10,0,67,187.68,0,-1,45,-998,-1,0,0,0,,,,,,,,,
1144,1783701877891,109027,109026,0,-2,0,0,0,0,64,67,10,0,67,187.64,0,0,47,-999,-1,0,0,0,,,,,,,,,
1145,1783701877993,109129,109129,0,-2,0,0,0,0,64,67,10,0,67,187.88,0,-1,47,-999,-1,0,0,0,,,,,,,,,
1146,1783701878096,109232,109231,0,-2,0,0,0,0,64,67,10,0,67,187.85,0,0,47,-997,-1,0,0,0,,,,,,,,,
1147,1783701878197,109333,109332,0,-2,0,0,0,0,64,67,10,0,67,187.63,0,0,46,-997,-1,0,0,0,,,,,,,,,
1148,1783701878299,109435,109434,0,-2,0,0,0,0,64,67,10,0,67,187.84,0,-2,46,-996,-1,0,0,0,,,,,,,,,
1149,1783701878404,109540,109540,0,-2,0,0,0,0,64,67,10,0,67,187.75,0,0,46,-998,-1,0,0,0,,,,,,,,,
1150,1783701878506,109642,109641,0,-2,0,0,0,0,64,67,10,0,67,188.19,0,0,46,-1002,-1,0,0,0,,,,,,,,,
1151,1783701878624,109760,109759,0,-2,0,0,0,0,64,67,10,0,67,187.6,0,0,46,-1000,-1,0,0,0,,,,,,,,,
1152,1783701878721,109857,109856,0,-2,0,0,0,0,64,67,10,0,67,187.65,0,-1,46,-997,-1,0,0,0,,,,,,,,,
1153,1783701878823,109959,109958,0,-2,0,0,0,0,64,67,10,0,67,187.82,0,-2,45,-999,-1,0,0,0,,,,,,,,,
1154,1783701878926,110062,110061,0,-2,0,0,0,0,64,66,10,0,67,187.72,0,0,46,-1000,-1,0,0,0,,,,,,,,,
1155,1783701879027,110163,110162,0,-2,0,0,0,0,64,66,10,0,67,187.72,0,0,45,-1001,-1,0,0,0,,,,,,,,,
1156,1783701879129,110265,110264,0,-2,0,0,0,0,64,66,10,0,67,187.76,0,1,46,-1000,-1,0,0,0,,,,,,,,,
1157,1783701879232,110368,110367,0,-2,0,0,0,0,64,66,10,0,67,187.74,0,0,45,-998,-1,0,0,0,,,,,,,,,
1158,1783701879334,110470,110469,0,-2,0,0,0,0,64,66,10,0,67,187.79,0,-3,46,-999,-1,0,0,0,,,,,,,,,
1159,1783701879435,110571,110570,0,-2,0,0,0,0,64,66,10,0,67,187.96,0,0,48,-998,-1,0,0,0,,,,,,,,,
1160,1783701879539,110675,110675,0,-2,0,0,0,0,64,66,10,0,67,187.68,0,0,45,-1003,-1,0,0,0,,,,,,,,,
1161,1783701879641,110777,110776,0,-2,0,0,0,0,64,66,10,0,67,187.82,0,0,45,-1000,-1,0,0,0,,,,,,,,,
1162,1783701879743,110879,110878,0,-2,0,0,0,0,64,66,10,0,67,187.88,0,-1,45,-998,-1,0,0,0,,,,,,,,,
1163,1783701879794,110930,110929,0,-2,0,0,0,0,64,66,10,0,67,188.07,0,-1,44,-999,-1,0,0,0,,,,,,,,,
1164,1783701879896,111032,111031,0,-2,0,0,0,0,64,66,10,0,67,188.06,0,-1,45,-997,-1,0,0,0,,,,,,,,,
1165,1783701879998,111134,111133,0,-2,0,0,0,0,64,66,10,0,67,187.93,0,-1,48,-1002,-1,0,0,0,,,,,,,,,
1166,1783701880100,111236,111235,0,-2,0,0,0,0,64,66,10,0,67,187.69,0,1,43,-997,-1,0,0,0,,,,,,,,,
1167,1783701880203,111339,111338,0,-2,0,0,0,0,64,66,10,0,67,187.94,0,-1,44,-998,-1,0,0,0,,,,,,,,,
1168,1783701880305,111441,111440,0,-2,0,0,0,0,64,66,10,0,67,187.77,0,-3,46,-998,-1,0,0,0,,,,,,,,,
1169,1783701880407,111543,111542,0,-2,0,0,0,0,64,66,10,0,67,187.91,0,-2,46,-1002,-1,0,0,0,,,,,,,,,
1170,1783701880509,111645,111644,0,-2,0,0,0,0,64,66,10,0,67,188.03,0,0,45,-997,-1,0,0,0,,,,,,,,,
1171,1783701880611,111747,111746,0,-2,0,0,0,0,64,66,10,0,67,188.03,0,0,44,-995,-1,0,0,0,,,,,,,,,
1172,1783701880713,111849,111848,0,-2,0,0,0,0,64,66,10,0,67,187.96,0,-1,45,-999,-1,0,0,0,,,,,,,,,
1173,1783701880815,111951,111950,0,-2,0,0,0,0,64,66,10,0,67,187.98,0,-1,46,-999,-1,0,0,0,,,,,,,,,
1174,1783701880917,112053,112052,0,-2,0,0,0,0,63,66,10,0,67,187.46,0,0,46,-998,-1,0,0,0,,,,,,,,,
1175,1783701881019,112155,112154,0,-2,0,0,0,0,63,66,10,0,67,187.8,0,0,46,-1001,-1,0,0,0,,,,,,,,,
1176,1783701881121,112257,112256,0,-2,0,0,0,0,63,66,10,0,67,187.79,0,-2,45,-1000,-1,0,0,0,,,,,,,,,
1177,1783701881223,112359,112358,0,-2,0,0,0,0,63,66,10,0,67,187.97,0,-1,44,-997,-1,0,0,0,,,,,,,,,
1178,1783701881325,112461,112460,0,-2,0,0,0,0,63,66,10,0,67,187.99,0,0,45,-999,-1,0,0,0,,,,,,,,,
1179,1783701881427,112563,112562,0,-2,0,0,0,0,63,66,10,0,67,187.92,0,0,46,-999,-1,0,0,0,,,,,,,,,
1180,1783701881529,112665,112664,0,-2,0,0,0,0,63,66,10,0,67,188.13,0,-1,44,-1002,-1,0,0,0,,,,,,,,,
1181,1783701881631,112767,112766,0,-2,0,0,0,0,63,66,10,0,67,187.81,0,-1,45,-998,-1,0,0,0,,,,,,,,,
1182,1783701881733,112869,112868,0,-2,0,0,0,0,63,66,10,0,67,188.04,0,0,46,-1001,-1,0,0,0,,,,,,,,,
1183,1783701881835,112971,112970,0,-2,0,0,0,0,63,66,10,0,67,188.1,0,0,46,-997,-1,0,0,0,,,,,,,,,
1184,1783701881938,113074,113073,0,-2,0,0,0,0,65,66,10,0,67,187.79,0,-1,46,-996,-1,0,0,0,,,,,,,,,
1185,1783701882042,113178,113177,0,-2,0,0,0,0,65,66,10,0,67,187.94,0,-1,46,-1002,-1,0,0,0,,,,,,,,,
1186,1783701882140,113276,113275,0,-2,0,0,0,0,65,66,10,0,67,187.84,0,-1,47,-999,-1,0,0,0,,,,,,,,,
1187,1783701882243,113379,113378,0,-2,0,0,0,0,65,66,10,0,67,187.93,0,0,45,-998,-1,0,0,0,,,,,,,,,
1188,1783701882345,113481,113480,0,-2,0,0,0,0,65,66,10,0,67,187.61,0,-3,44,-997,-1,0,0,0,,,,,,,,,
1189,1783701882447,113583,113582,0,-2,0,0,0,0,65,66,10,0,67,187.75,0,-2,45,-998,-1,0,0,0,,,,,,,,,
1190,1783701882549,113685,113684,0,-2,0,0,0,0,65,66,10,0,67,187.72,0,-2,47,-1002,-1,0,0,0,,,,,,,,,
1191,1783701882651,113787,113786,0,-2,0,0,0,0,65,66,10,0,67,187.93,0,-1,46,-1001,-1,0,0,0,,,,,,,,,
1192,1783701882755,113891,113890,0,-2,0,0,0,0,65,66,10,0,67,188.13,0,-1,47,-999,-1,0,0,0,,,,,,,,,
1193,1783701882855,113991,113990,0,-2,0,0,0,0,65,66,10,0,67,187.63,0,0,45,-997,-1,0,0,0,,,,,,,,,
1194,1783701882958,114094,114093,0,-2,0,0,0,0,64,66,10,0,67,188.09,0,0,47,-997,-1,0,0,0,,,,,,,,,
1195,1783701883061,114197,114196,0,-2,0,0,0,0,64,66,10,0,67,187.75,0,-2,48,-1003,-1,0,0,0,,,,,,,,,
1196,1783701883161,114297,114296,0,-2,0,0,0,0,64,66,10,0,67,187.82,0,0,46,-995,-1,0,0,0,,,,,,,,,
1197,1783701883263,114399,114398,0,-2,0,0,0,0,64,66,10,0,67,188.16,0,0,45,-994,-1,0,0,0,,,,,,,,,
1198,1783701883329,114465,114464,0,-2,0,0,0,0,64,66,10,0,67,188.06,0,-2,46,-999,-1,0,0,0,,,,,,,,,
1199,1783701883419,114555,114554,0,-2,0,0,0,0,64,66,10,0,67,187.61,0,0,46,-996,-1,0,0,0,,,,,,,,,
1200,1783701883518,114654,114653,0,-2,0,0,0,0,64,66,10,0,67,187.7,0,-1,45,-1001,-1,0,0,0,,,,,,,,,
1201,1783701883621,114757,114756,0,-2,0,0,0,0,64,66,10,0,67,187.91,0,-1,47,-1000,-1,0,0,0,,,,,,,,,
1202,1783701883723,114859,114859,0,-2,0,0,0,0,64,66,10,0,67,187.67,0,0,46,-1001,-1,0,0,0,,,,,,,,,
1203,1783701883825,114961,114961,0,-2,0,0,0,0,64,66,10,0,67,187.64,0,1,45,-996,-1,0,0,0,,,,,,,,,
1204,1783701883928,115064,115063,0,-2,0,0,0,0,63,67,10,0,67,187.96,0,-3,47,-998,-1,0,0,0,,,,,,,,,
1205,1783701884030,115166,115165,0,-2,0,0,0,0,63,67,10,0,67,187.65,0,-4,46,-998,-1,0,0,0,,,,,,,,,
1206,1783701884135,115271,115270,0,-2,0,0,0,0,63,67,10,0,67,188.02,0,-1,46,-999,-1,0,0,0,,,,,,,,,
1207,1783701884236,115372,115371,0,-2,0,0,0,0,63,67,10,0,67,187.99,0,1,47,-990,-1,0,0,0,,,,,,,,,
1208,1783701884353,115489,115488,0,-2,0,0,0,0,63,67,10,0,67,187.92,0,1,55,-1003,-1,0,0,0,,,,,,,,,
1209,1783701884446,115582,115581,0,-2,0,0,0,0,63,67,10,0,67,187.59,0,3,48,-994,-1,0,0,0,,,,,,,,,
1210,1783701884547,115683,115682,0,-2,0,0,0,0,63,67,10,0,67,187.78,0,0,47,-995,-1,0,0,0,,,,,,,,,
1211,1783701884639,115775,115774,0,-2,0,0,0,0,63,67,10,0,67,187.89,0,-3,48,-999,-1,0,0,0,,,,,,,,,
1212,1783701884742,115878,115877,0,-2,0,0,0,0,63,67,10,0,67,188.02,0,0,47,-1000,-1,0,0,0,,,,,,,,,
1213,1783701884844,115980,115979,0,-2,0,0,0,0,63,67,10,0,67,187.65,0,1,47,-1001,-1,0,0,0,,,,,,,,,
1214,1783701884946,116082,116081,0,-2,0,0,0,0,64,66,10,0,67,187.7,0,-1,46,-996,-1,0,0,0,,,,,,,,,
1215,1783701885048,116184,116183,0,-2,0,0,0,0,64,66,10,0,67,188.02,0,-1,46,-997,-1,0,0,0,,,,,,,,,
1216,1783701885150,116286,116285,0,-2,0,0,0,0,64,66,10,0,67,187.85,0,0,48,-998,-1,0,0,0,,,,,,,,,
1217,1783701885252,116388,116387,0,-2,0,0,0,0,64,66,10,0,67,187.73,0,0,47,-997,-1,0,0,0,,,,,,,,,
1218,1783701885354,116490,116489,0,-2,0,0,0,0,64,66,10,0,67,187.71,0,0,47,-998,-1,0,0,0,,,,,,,,,
1219,1783701885456,116592,116591,0,-2,0,0,0,0,64,66,10,0,66,187.62,0,-1,46,-996,-1,0,0,0,,,,,,,,,
1220,1783701885558,116694,116693,0,-2,0,0,0,0,64,66,10,0,66,187.57,0,-2,45,-998,-1,0,0,0,,,,,,,,,
1221,1783701885660,116796,116795,0,-2,0,0,0,0,64,66,10,0,66,187.81,0,-2,45,-996,-1,0,0,0,,,,,,,,,
1222,1783701885762,116898,116897,0,-2,0,0,0,0,64,66,10,0,66,187.83,0,0,48,-1002,-1,0,0,0,,,,,,,,,
1223,1783701885864,117000,116999,0,-2,0,0,0,0,64,66,10,0,66,187.57,0,0,46,-1002,-1,0,0,0,,,,,,,,,
1224,1783701885966,117102,117101,0,-2,0,0,0,0,64,66,10,0,66,187.64,0,0,46,-997,-1,0,0,0,,,,,,,,,
1225,1783701886068,117204,117203,0,-2,0,0,0,0,64,66,10,0,66,187.6,0,-1,44,-999,-1,0,0,0,,,,,,,,,
1226,1783701886174,117310,117309,0,-2,0,0,0,0,64,66,10,0,66,187.8,0,-1,46,-998,-1,0,0,0,,,,,,,,,
1227,1783701886273,117409,117408,0,-2,0,0,0,0,64,66,10,0,66,187.5,0,0,46,-1001,-1,0,0,0,,,,,,,,,
1228,1783701886374,117510,117509,0,-2,0,0,0,0,64,66,10,0,66,187.46,0,-2,46,-999,-1,0,0,0,,,,,,,,,
1229,1783701886426,117562,117561,0,-2,0,0,0,0,64,66,10,0,66,187.72,0,-1,45,-996,-1,0,0,0,,,,,,,,,
1230,1783701886528,117664,117663,0,-2,0,0,0,0,64,66,10,0,66,187.5,0,-1,45,-1001,-1,0,0,0,,,,,,,,,
1231,1783701886630,117766,117765,0,-2,0,0,0,0,64,66,10,0,66,187.78,0,-1,45,-1000,-1,0,0,0,,,,,,,,,
1232,1783701886732,117868,117867,0,-2,0,0,0,0,64,66,10,0,66,187.82,0,0,48,-999,-1,0,0,0,,,,,,,,,
1233,1783701886834,117970,117969,0,-2,0,0,0,0,64,66,10,0,66,187.83,0,0,46,-1001,-1,0,0,0,,,,,,,,,
1234,1783701886938,118074,118073,0,-2,0,0,0,0,63,67,10,0,66,187.57,0,-2,46,-999,-1,0,0,0,,,,,,,,,
1235,1783701887040,118176,118175,0,-2,0,0,0,0,63,67,10,0,66,187.69,0,-1,46,-1000,-1,0,0,0,,,,,,,,,
1236,1783701887141,118277,118276,0,-2,0,0,0,0,63,67,10,0,66,187.98,0,0,47,-997,-1,0,0,0,,,,,,,,,
1237,1783701887243,118379,118378,0,-2,0,0,0,0,63,67,10,0,66,187.65,0,0,44,-1003,-1,0,0,0,,,,,,,,,
1238,1783701887345,118481,118481,0,-2,0,0,0,0,63,67,10,0,66,187.84,0,0,47,-998,-1,0,0,0,,,,,,,,,
1239,1783701887448,118584,118583,0,-2,0,0,0,0,63,67,10,0,66,187.93,0,-2,45,-1001,-1,0,0,0,,,,,,,,,
1240,1783701887548,118684,118683,0,-2,0,0,0,0,63,67,10,0,66,187.95,0,0,48,-998,-1,0,0,0,,,,,,,,,
1241,1783701887650,118786,118785,0,-2,0,0,0,0,63,67,10,0,66,187.79,0,1,47,-1000,-1,0,0,0,,,,,,,,,
1242,1783701887752,118888,118887,0,-2,0,0,0,0,63,67,10,0,66,187.67,0,-1,48,-999,-1,0,0,0,,,,,,,,,
1243,1783701887854,118990,118989,0,-2,0,0,0,0,63,67,10,0,66,187.6,0,0,45,-996,-1,0,0,0,,,,,,,,,
1244,1783701887956,119092,119091,0,-2,0,0,0,0,65,67,10,0,66,187.74,0,-2,46,-997,-1,0,0,0,,,,,,,,,
1245,1783701888058,119194,119193,0,-2,0,0,0,0,65,67,10,0,66,187.78,0,-2,47,-997,-1,0,0,0,,,,,,,,,
1246,1783701888160,119296,119295,0,-2,0,0,0,0,65,67,10,0,66,187.79,0,0,47,-1001,-1,0,0,0,,,,,,,,,
1247,1783701888262,119398,119397,0,-2,0,0,0,0,65,67,10,0,66,187.75,0,3,48,-995,-1,0,0,0,,,,,,,,,
1248,1783701888364,119500,119499,0,-2,0,0,0,0,65,67,10,0,66,187.77,0,0,46,-998,-1,0,0,0,,,,,,,,,
1249,1783701888466,119602,119601,0,-2,0,0,0,0,65,67,10,0,66,187.52,0,0,46,-994,-1,0,0,0,,,,,,,,,
1250,1783701888569,119705,119705,0,-2,0,0,0,0,65,67,10,0,66,187.93,0,-2,48,-1000,-1,0,0,0,,,,,,,,,
1251,1783701888671,119807,119807,0,-2,0,0,0,0,65,67,10,0,66,187.78,0,0,45,-999,-1,0,0,0,,,,,,,,,
1252,1783701888772,119908,119908,0,-2,0,0,0,0,65,67,10,0,66,187.64,0,-2,48,-1003,-1,0,0,0,,,,,,,,,
1253,1783701888874,120010,120009,0,-2,0,0,0,0,65,67,10,0,66,187.69,0,-1,46,-995,-1,0,0,0,,,,,,,,,
1254,1783701888976,120112,120111,0,-2,0,0,0,0,64,67,10,0,66,187.72,0,0,47,-998,-1,0,0,0,,,,,,,,,
1255,1783701889078,120214,120213,0,-2,0,0,0,0,64,67,10,0,66,187.76,0,-1,47,-999,-1,0,0,0,,,,,,,,,
1256,1783701889180,120316,120315,0,-2,0,0,0,0,64,67,10,0,66,187.92,0,-1,45,-1001,-1,0,0,0,,,,,,,,,
1257,1783701889282,120418,120417,0,-2,0,0,0,0,64,67,10,0,66,187.9,0,1,47,-996,-1,0,0,0,,,,,,,,,
1258,1783701889384,120520,120519,0,-2,0,0,0,0,64,67,10,0,66,187.77,0,0,46,-1003,-1,0,0,0,,,,,,,,,
1259,1783701889486,120622,120621,0,-2,0,0,0,0,64,67,10,0,66,187.59,0,0,46,-998,-1,0,0,0,,,,,,,,,
1260,1783701889587,120723,120723,0,-2,0,0,0,0,64,67,10,0,66,187.65,0,-4,46,-998,-1,0,0,0,,,,,,,,,
1261,1783701889694,120830,120829,0,-2,0,0,0,0,64,67,10,0,66,187.81,0,-1,48,-1000,-1,0,0,0,,,,,,,,,
1262,1783701889741,120877,120876,0,-2,0,0,0,0,64,67,10,0,66,187.7,0,-5,44,-1003,-1,0,0,0,,,,,,,,,
1263,1783701889842,120978,120978,0,-2,0,0,0,0,64,67,10,0,66,187.8,0,-2,47,-1000,-1,0,0,0,,,,,,,,,
1264,1783701889944,121080,121080,0,-2,0,0,0,0,64,67,10,0,66,187.58,0,-4,42,-1003,-1,0,0,0,,,,,,,,,
1265,1783701890046,121182,121181,0,-2,0,0,0,0,64,67,10,0,66,187.9,0,0,46,-1001,-1,0,0,0,,,,,,,,,
1266,1783701890149,121285,121284,0,-2,0,0,0,0,64,67,10,0,66,187.92,0,0,46,-996,-1,0,0,0,,,,,,,,,
1267,1783701890250,121386,121386,0,-2,0,0,0,0,64,67,10,0,66,188.01,0,-3,47,-995,-1,0,0,0,,,,,,,,,
1268,1783701890353,121489,121488,0,-2,0,0,0,0,64,67,10,0,66,187.74,0,-1,48,-999,-1,0,0,0,,,,,,,,,
1269,1783701890455,121591,121590,0,-2,0,0,0,0,64,67,10,0,66,187.83,0,0,47,-999,-1,0,0,0,,,,,,,,,
1270,1783701890557,121693,121692,0,-2,0,0,0,0,64,67,10,0,66,187.64,0,1,46,-997,-1,0,0,0,,,,,,,,,
1271,1783701890658,121794,121794,0,-2,0,0,0,0,64,67,10,0,66,187.92,0,-1,48,-997,-1,0,0,0,,,,,,,,,
1272,1783701890761,121897,121896,0,-2,0,0,0,0,64,67,10,0,66,187.98,0,1,46,-995,-1,0,0,0,,,,,,,,,
1273,1783701890862,121998,121998,0,-2,0,0,0,0,64,67,10,0,66,187.82,0,0,46,-995,-1,0,0,0,,,,,,,,,
1274,1783701890965,122101,122100,0,-2,0,0,0,0,65,67,10,0,66,187.95,0,-1,48,-1000,-1,0,0,0,,,,,,,,,
1275,1783701891067,122203,122203,0,-2,0,0,0,0,65,67,10,0,66,187.62,0,1,46,-998,-1,0,0,0,,,,,,,,,
1276,1783701891170,122306,122305,0,-2,0,0,0,0,65,67,10,0,66,187.76,0,0,45,-997,-1,0,0,0,,,,,,,,,
1277,1783701891273,122409,122408,0,-2,0,0,0,0,65,67,10,0,66,187.7,0,0,45,-995,-1,0,0,0,,,,,,,,,
1278,1783701891375,122511,122510,0,-2,0,0,0,0,65,67,10,0,66,187.8,0,-1,46,-996,-1,0,0,0,,,,,,,,,
1279,1783701891476,122612,122612,0,-2,0,0,0,0,65,67,10,0,66,187.8,0,0,46,-1002,-1,0,0,0,,,,,,,,,
1280,1783701891578,122714,122714,0,-2,0,0,0,0,65,67,10,0,66,187.64,0,0,47,-999,-1,0,0,0,,,,,,,,,
1281,1783701891680,122816,122816,0,-2,0,0,0,0,65,67,10,0,66,187.68,0,-1,47,-998,-1,0,0,0,,,,,,,,,
1282,1783701891782,122918,122918,0,-2,0,0,0,0,65,67,10,0,66,187.7,0,-1,45,-994,-1,0,0,0,,,,,,,,,
1283,1783701891884,123020,123020,0,-2,0,0,0,0,65,67,10,0,66,187.58,0,-1,44,-996,-1,0,0,0,,,,,,,,,
1284,1783701891986,123122,123122,0,-2,0,0,0,0,64,67,10,0,66,187.77,0,0,46,-1001,-1,0,0,0,,,,,,,,,
1285,1783701892089,123225,123224,0,-2,0,0,0,0,64,67,10,0,66,187.84,0,0,45,-1001,-1,0,0,0,,,,,,,,,
1286,1783701892192,123328,123327,0,-2,0,0,0,0,64,67,10,0,66,187.79,0,0,45,-998,-1,0,0,0,,,,,,,,,
1287,1783701892294,123430,123429,0,-2,0,0,0,0,64,67,10,0,66,187.47,0,0,45,-996,-1,0,0,0,,,,,,,,,
1288,1783701892395,123531,123531,0,-2,0,0,0,0,64,67,10,0,66,187.58,0,-2,46,-997,-1,0,0,0,,,,,,,,,
1289,1783701892498,123634,123633,0,-2,0,0,0,0,64,67,10,0,66,187.66,0,-1,46,-1000,-1,0,0,0,,,,,,,,,
1290,1783701892601,123737,123736,0,-2,0,0,0,0,64,67,10,0,66,187.77,0,-2,47,-999,-1,0,0,0,,,,,,,,,
1291,1783701892650,123786,123786,0,-2,0,0,0,0,64,67,10,0,66,187.63,0,-2,44,-998,-1,0,0,0,,,,,,,,,
1292,1783701892753,123889,123888,0,-2,0,0,0,0,64,67,10,0,66,187.82,0,-1,45,-998,-1,0,0,0,,,,,,,,,
1293,1783701892854,123990,123990,0,-2,0,0,0,0,64,67,10,0,66,187.68,0,0,47,-1000,-1,0,0,0,,,,,,,,,
1294,1783701892956,124092,124092,0,-2,0,0,0,0,64,66,10,0,66,187.8,0,-1,47,-997,-1,0,0,0,,,,,,,,,
1295,1783701893058,124194,124194,0,-2,0,0,0,0,64,66,10,0,66,187.64,0,-1,47,-1000,-1,0,0,0,,,,,,,,,
1296,1783701893160,124296,124296,0,-2,0,0,0,0,64,66,10,0,66,187.56,0,0,46,-998,-1,0,0,0,,,,,,,,,
1297,1783701893263,124399,124398,0,-2,0,0,0,0,64,66,10,0,66,188.02,0,-2,46,-1002,-1,0,0,0,,,,,,,,,
1298,1783701893364,124500,124500,0,-2,0,0,0,0,64,66,10,0,66,187.99,0,0,45,-1001,-1,0,0,0,,,,,,,,,
1299,1783701893466,124602,124602,0,-2,0,0,0,0,64,66,10,0,66,187.93,0,1,45,-998,-1,0,0,0,,,,,,,,,
1300,1783701893569,124705,124705,0,-2,0,0,0,0,64,66,10,0,66,187.51,0,-2,47,-999,-1,0,0,0,,,,,,,,,
1301,1783701893673,124809,124808,0,-2,0,0,0,0,64,66,10,0,66,187.79,0,-2,47,-998,-1,0,0,0,,,,,,,,,
1302,1783701893773,124909,124909,0,-2,0,0,0,0,64,66,10,0,66,187.72,0,1,46,-997,-1,0,0,0,,,,,,,,,
1303,1783701893876,125012,125011,0,-2,0,0,0,0,64,66,10,0,66,187.47,0,1,48,-997,-1,0,0,0,,,,,,,,,
1304,1783701893977,125113,125113,0,-2,0,0,0,0,64,67,10,0,66,187.44,0,4,47,-1000,-1,0,0,0,,,,,,,,,
1305,1783701894079,125215,125215,0,-2,0,0,0,0,64,67,10,0,66,187.8,0,-3,46,-999,-1,0,0,0,,,,,,,,,
1306,1783701894182,125318,125318,0,-2,0,0,0,0,64,67,10,0,66,187.87,0,-1,48,-999,-1,0,0,0,,,,,,,,,
1307,1783701894284,125420,125420,0,-2,0,0,0,0,64,67,10,0,66,187.61,0,0,47,-1000,-1,0,0,0,,,,,,,,,
1308,1783701894386,125522,125522,0,-2,0,0,0,0,64,67,10,0,66,187.68,0,-1,46,-998,-1,0,0,0,,,,,,,,,
1309,1783701894488,125624,125623,0,-2,0,0,0,0,64,67,10,0,66,187.58,0,-3,45,-1000,-1,0,0,0,,,,,,,,,
1310,1783701894590,125726,125725,0,-2,0,0,0,0,64,67,10,0,66,187.65,0,-2,46,-1001,-1,0,0,0,,,,,,,,,
1311,1783701894692,125828,125827,0,-2,0,0,0,0,64,67,10,0,66,188.03,0,-1,46,-994,-1,0,0,0,,,,,,,,,
1312,1783701894794,125930,125929,0,-2,0,0,0,0,64,67,10,0,66,187.6,0,1,45,-1000,-1,0,0,0,,,,,,,,,
1313,1783701894896,126032,126031,0,-2,0,0,0,0,64,67,10,0,66,187.66,0,0,46,-1000,-1,0,0,0,,,,,,,,,
1314,1783701894998,126134,126133,0,-2,0,0,0,0,65,67,10,0,66,187.95,0,-1,44,-998,-1,0,0,0,,,,,,,,,
1315,1783701895100,126236,126236,0,-2,0,0,0,0,65,67,10,0,66,187.62,0,0,46,-999,-1,0,0,0,,,,,,,,,
1316,1783701895205,126341,126340,0,-2,0,0,0,0,65,67,10,0,66,187.74,0,-1,48,-999,-1,0,0,0,,,,,,,,,
1317,1783701895306,126442,126442,0,-2,0,0,0,0,65,67,10,0,66,187.82,0,1,45,-997,-1,0,0,0,,,,,,,,,
1318,1783701895408,126544,126543,0,-2,0,0,0,0,65,67,10,0,66,187.82,0,0,48,-997,-1,0,0,0,,,,,,,,,
1319,1783701895510,126646,126645,0,-2,0,0,0,0,65,67,10,0,66,187.64,0,-2,45,-998,-1,0,0,0,,,,,,,,,
1320,1783701895610,126746,126745,0,-2,0,0,0,0,65,67,10,0,66,187.69,0,-2,45,-997,-1,0,0,0,,,,,,,,,
1321,1783701895712,126848,126847,0,-2,0,0,0,0,65,67,10,0,66,187.44,0,-1,46,-998,-1,0,0,0,,,,,,,,,
1322,1783701895820,126956,126955,0,-2,0,0,0,0,65,67,10,0,66,187.81,0,0,46,-1000,-1,0,0,0,,,,,,,,,
1323,1783701895925,127061,127060,0,-2,0,0,0,0,65,67,10,0,66,187.7,0,0,46,-997,-1,0,0,0,,,,,,,,,
1324,1783701896018,127154,127153,0,-2,0,0,0,0,65,67,10,0,66,187.49,0,0,47,-996,-1,0,0,0,,,,,,,,,
1325,1783701896120,127256,127255,0,-2,0,0,0,0,65,67,10,0,66,187.67,0,-2,49,-997,-1,0,0,0,,,,,,,,,
1326,1783701896222,127358,127357,0,-2,0,0,0,0,65,67,10,0,66,187.55,0,-1,46,-999,-1,0,0,0,,,,,,,,,
1327,1783701896324,127460,127459,0,-2,0,0,0,0,65,67,10,0,66,187.78,0,0,45,-1000,-1,0,0,0,,,,,,,,,
1328,1783701896375,127511,127510,0,-2,0,0,0,0,65,67,10,0,66,187.64,0,-1,46,-998,-1,0,0,0,,,,,,,,,
1329,1783701896477,127613,127612,0,-2,0,0,0,0,65,67,10,0,66,187.48,0,0,47,-997,-1,0,0,0,,,,,,,,,
1330,1783701896579,127715,127715,0,-2,0,0,0,0,65,67,10,0,66,187.61,0,-1,46,-997,-1,0,0,0,,,,,,,,,
1331,1783701896681,127817,127816,0,-2,0,0,0,0,65,67,10,0,66,187.77,0,-1,46,-999,-1,0,0,0,,,,,,,,,
1332,1783701896784,127920,127919,0,-2,0,0,0,0,65,67,10,0,66,187.95,0,-1,46,-996,-1,0,0,0,,,,,,,,,
1333,1783701896886,128022,128022,0,-2,0,0,0,0,65,67,10,0,66,187.27,0,-1,46,-996,-1,0,0,0,,,,,,,,,
1334,1783701896988,128124,128123,0,-2,0,0,0,0,65,67,10,0,66,187.78,0,0,46,-997,-1,0,0,0,,,,,,,,,
1335,1783701897090,128226,128225,0,-2,0,0,0,0,65,67,10,0,66,187.4,0,0,46,-998,-1,0,0,0,,,,,,,,,
1336,1783701897192,128328,128327,0,-2,0,0,0,0,65,67,10,0,66,187.65,0,-1,46,-999,-1,0,0,0,,,,,,,,,
1337,1783701897294,128430,128429,0,-2,0,0,0,0,65,67,10,0,66,187.71,0,0,46,-998,-1,0,0,0,,,,,,,,,
1338,1783701897396,128532,128532,0,-2,0,0,0,0,65,67,10,0,66,187.54,0,1,45,-998,-1,0,0,0,,,,,,,,,
1339,1783701897499,128635,128634,0,-2,0,0,0,0,65,67,10,0,66,187.76,0,0,48,-999,-1,0,0,0,,,,,,,,,
1340,1783701897601,128737,128737,0,-2,0,0,0,0,65,67,10,0,66,187.45,0,0,45,-997,-1,0,0,0,,,,,,,,,
1341,1783701897705,128841,128840,0,-2,0,0,0,0,65,67,10,0,66,187.77,0,0,46,-1000,-1,0,0,0,,,,,,,,,
1342,1783701897806,128942,128941,0,-2,0,0,0,0,65,67,10,0,66,187.6,0,0,45,-998,-1,0,0,0,,,,,,,,,
1343,1783701897908,129044,129043,0,-2,0,0,0,0,65,67,10,0,66,187.6,0,-3,48,-995,-1,0,0,0,,,,,,,,,
1344,1783701898008,129144,129143,0,-2,0,0,0,0,65,67,10,0,66,187.35,0,0,46,-1000,-1,0,0,0,,,,,,,,,
1345,1783701898110,129246,129245,0,-2,0,0,0,0,65,67,10,0,66,187.72,0,0,48,-999,-1,0,0,0,,,,,,,,,
1346,1783701898212,129348,129347,0,-2,0,0,0,0,65,67,10,0,66,187.45,0,0,45,-1001,-1,0,0,0,,,,,,,,,
1347,1783701898315,129451,129450,0,-2,0,0,0,0,65,67,10,0,66,187.35,0,0,46,-1000,-1,0,0,0,,,,,,,,,
1348,1783701898416,129552,129551,0,-2,0,0,0,0,65,67,10,0,66,187.5,0,-1,46,-996,-1,0,0,0,,,,,,,,,
1349,1783701898518,129654,129653,0,-2,0,0,0,0,65,67,10,0,66,187.85,0,-1,48,-999,-1,0,0,0,,,,,,,,,
1350,1783701898620,129756,129755,0,-2,0,0,0,0,65,67,10,0,66,187.68,0,0,45,-1002,-1,0,0,0,,,,,,,,,
1351,1783701898722,129858,129857,0,-2,0,0,0,0,65,67,10,0,66,187.47,0,0,44,-999,-1,0,0,0,,,,,,,,,
1352,1783701898825,129961,129960,0,-2,0,0,0,0,65,67,10,0,66,187.6,0,-2,46,-996,-1,0,0,0,,,,,,,,,
1353,1783701898927,130063,130062,0,-2,0,0,0,0,65,67,10,0,66,187.85,0,-1,45,-997,-1,0,0,0,,,,,,,,,
1354,1783701899029,130165,130164,0,-2,0,0,0,0,64,67,10,0,66,187.66,0,-1,47,-1002,-1,0,0,0,,,,,,,,,
1355,1783701899131,130267,130267,0,-2,0,0,0,0,64,67,10,0,66,187.41,0,0,45,-1002,-1,0,0,0,,,,,,,,,
1356,1783701899235,130371,130371,0,-2,0,0,0,0,64,67,10,0,66,187.48,0,-1,47,-997,-1,0,0,0,,,,,,,,,
1357,1783701899340,130476,130475,0,-2,0,0,0,0,64,67,10,0,66,187.58,0,0,45,-997,-1,0,0,0,,,,,,,,,
1358,1783701899390,130526,130526,0,-2,0,0,0,0,64,67,10,0,66,187.78,0,-1,45,-996,-1,0,0,0,,,,,,,,,
1359,1783701899489,130625,130624,0,-2,0,0,0,0,64,67,10,0,66,187.6,0,1,46,-1000,-1,0,0,0,,,,,,,,,
1360,1783701899591,130727,130726,0,-2,0,0,0,0,64,67,10,0,66,187.32,0,-1,46,-998,-1,0,0,0,,,,,,,,,
1361,1783701899692,130828,130828,0,-2,0,0,0,0,64,67,10,0,66,187.47,0,0,45,-999,-1,0,0,0,,,,,,,,,
1362,1783701899795,130931,130930,0,-2,0,0,0,0,64,67,10,0,66,187.73,0,0,47,-996,-1,0,0,0,,,,,,,,,
1363,1783701899897,131033,131032,0,-2,0,0,0,0,64,67,10,0,66,187.61,0,0,47,-1000,-1,0,0,0,,,,,,,,,
1364,1783701900000,131136,131135,0,-2,0,0,0,0,65,67,10,0,66,187.71,0,-1,46,-999,-1,0,0,0,,,,,,,,,
1365,1783701900108,131244,131243,0,-2,0,0,0,0,65,67,10,0,66,187.78,0,-2,45,-998,-1,0,0,0,,,,,,,,,
1366,1783701900222,131358,131357,0,-2,0,0,0,0,65,67,10,0,66,187.6,0,0,46,-998,-1,0,0,0,,,,,,,,,
1367,1783701900306,131442,131441,0,-2,0,0,0,0,65,67,10,0,66,187.86,0,0,45,-998,-1,0,0,0,,,,,,,,,
1368,1783701900412,131548,131547,0,-2,0,0,0,0,65,67,10,0,66,187.48,0,0,46,-995,-1,0,0,0,,,,,,,,,
1369,1783701900510,131646,131645,0,-2,0,0,0,0,65,67,10,0,66,187.6,0,0,46,-998,-1,0,0,0,,,,,,,,,
1370,1783701900612,131748,131747,0,-2,0,0,0,0,65,67,10,0,66,187.57,0,0,47,-1000,-1,0,0,0,,,,,,,,,
1371,1783701900714,131850,131849,0,-2,0,0,0,0,65,67,10,0,66,187.82,0,-4,46,-997,-1,0,0,0,,,,,,,,,
1372,1783701900816,131952,131951,0,-2,0,0,0,0,65,67,10,0,66,187.41,0,0,46,-998,-1,0,0,0,,,,,,,,,
1373,1783701900918,132054,132053,0,-2,0,0,0,0,65,67,10,0,66,187.79,0,0,47,-1000,-1,0,0,0,,,,,,,,,
1374,1783701901020,132156,132155,0,-2,0,0,0,0,65,67,10,0,66,187.77,0,0,47,-998,-1,0,0,0,,,,,,,,,
1375,1783701901122,132258,132257,0,-2,0,0,0,0,65,67,10,0,66,187.56,0,0,45,-999,-1,0,0,0,,,,,,,,,
1376,1783701901224,132360,132359,0,-2,0,0,0,0,65,67,10,0,66,187.72,0,0,45,-997,-1,0,0,0,,,,,,,,,
1377,1783701901326,132462,132461,0,-2,0,0,0,0,65,67,10,0,66,187.3,0,-1,46,-999,-1,0,0,0,,,,,,,,,
1378,1783701901428,132564,132563,0,-2,0,0,0,0,65,67,10,0,66,187.44,0,0,45,-999,-1,0,0,0,,,,,,,,,
1379,1783701901531,132667,132666,0,-2,0,0,0,0,65,67,10,0,66,187.64,0,-1,45,-998,-1,0,0,0,,,,,,,,,
1380,1783701901632,132768,132767,0,-2,0,0,0,0,65,67,10,0,66,187.78,0,-2,45,-995,-1,0,0,0,,,,,,,,,
1381,1783701901734,132870,132869,0,-2,0,0,0,0,65,67,10,0,66,187.77,0,0,46,-995,-1,0,0,0,,,,,,,,,
1382,1783701901838,132974,132973,0,-2,0,0,0,0,65,67,10,0,66,187.86,0,0,46,-1001,-1,0,0,0,,,,,,,,,
1383,1783701901939,133075,133074,0,-2,0,0,0,0,65,67,10,0,66,187.99,0,-1,48,-998,-1,0,0,0,,,,,,,,,
1384,1783701902041,133177,133176,0,-2,0,0,0,0,65,67,10,0,66,187.43,0,-1,45,-999,-1,0,0,0,,,,,,,,,
1385,1783701902143,133279,133278,0,-2,0,0,0,0,65,67,10,0,66,187.81,0,0,43,-999,-1,0,0,0,,,,,,,,,
1386,1783701902245,133381,133380,0,-2,0,0,0,0,65,67,10,0,66,187.74,0,0,44,-996,-1,0,0,0,,,,,,,,,
1387,1783701902347,133483,133482,0,-2,0,0,0,0,65,67,10,0,66,187.73,0,0,47,-998,-1,0,0,0,,,,,,,,,
1388,1783701902449,133585,133584,0,-2,0,0,0,0,65,67,10,0,66,187.74,0,-1,46,-999,-1,0,0,0,,,,,,,,,
1389,1783701902551,133687,133686,0,-2,0,0,0,0,65,67,10,0,66,187.87,0,0,46,-999,-1,0,0,0,,,,,,,,,
1390,1783701902606,133742,133741,0,-2,0,0,0,0,65,67,10,0,66,187.81,0,0,45,-998,-1,0,0,0,,,,,,,,,
1391,1783701902705,133841,133841,0,-2,0,0,0,0,65,67,10,0,66,187.85,0,0,48,-999,-1,0,0,0,,,,,,,,,
1392,1783701902813,133949,133948,0,-2,0,0,0,0,65,67,10,0,66,187.5,0,0,45,-997,-1,0,0,0,,,,,,,,,
1393,1783701902912,134048,134047,0,-2,0,0,0,0,65,67,10,0,66,187.72,0,0,47,-995,-1,0,0,0,,,,,,,,,
1394,1783701903013,134149,134148,0,-2,0,0,0,0,65,68,10,0,66,187.63,0,-1,45,-999,-1,0,0,0,,,,,,,,,
1395,1783701903113,134249,134248,0,-2,0,0,0,0,65,68,10,0,66,187.69,0,0,45,-997,-1,0,0,0,,,,,,,,,
1396,1783701903215,134351,134350,0,-2,0,0,0,0,65,68,10,0,66,188,0,0,45,-994,-1,0,0,0,,,,,,,,,
1397,1783701903317,134453,134452,0,-2,0,0,0,0,65,68,10,0,66,187.71,0,-3,45,-1001,-1,0,0,0,,,,,,,,,
1398,1783701903419,134555,134554,0,-2,0,0,0,0,65,68,10,0,66,187.74,0,0,46,-1001,-1,0,0,0,,,,,,,,,
1399,1783701903521,134657,134656,0,-2,0,0,0,0,65,68,10,0,66,187.77,0,-1,46,-1004,-1,0,0,0,,,,,,,,,
1400,1783701903623,134759,134758,0,-2,0,0,0,0,65,68,10,0,66,187.57,0,-4,43,-998,-1,0,0,0,,,,,,,,,
1401,1783701903725,134861,134860,0,-2,0,0,0,0,65,68,10,0,66,187.38,0,-4,44,-1001,-1,0,0,0,,,,,,,,,
1402,1783701903827,134963,134962,0,-2,0,0,0,0,65,68,10,0,66,187.62,0,-3,46,-996,-1,0,0,0,,,,,,,,,
1403,1783701903929,135065,135064,0,-2,0,0,0,0,65,68,10,0,66,187.84,0,-1,46,-1000,-1,0,0,0,,,,,,,,,
1404,1783701904031,135167,135166,0,-2,0,0,0,0,65,67,10,0,66,187.58,0,-2,45,-1004,-1,0,0,0,,,,,,,,,
1405,1783701904135,135271,135270,0,-2,0,0,0,0,65,67,10,0,66,187.61,0,1,46,-994,-1,0,0,0,,,,,,,,,
1406,1783701904237,135373,135372,0,-2,0,0,0,0,65,67,10,0,66,187.7,0,-2,48,-1000,-1,0,0,0,,,,,,,,,
1407,1783701904338,135474,135474,0,-2,0,0,0,0,65,67,10,0,66,187.89,0,1,46,-997,-1,0,0,0,,,,,,,,,
1408,1783701904440,135576,135575,0,-2,0,0,0,0,65,67,10,0,66,187.77,0,-1,45,-998,-1,0,0,0,,,,,,,,,
1409,1783701904542,135678,135677,0,-2,0,0,0,0,65,67,10,0,66,187.86,0,-2,46,-1000,-1,0,0,0,,,,,,,,,
1410,1783701904644,135780,135779,0,-2,0,0,0,0,65,67,10,0,66,187.86,0,-1,46,-999,-1,0,0,0,,,,,,,,,
1411,1783701904746,135882,135881,0,-2,0,0,0,0,65,67,10,0,66,187.7,0,0,44,-997,-1,0,0,0,,,,,,,,,
1412,1783701904848,135984,135983,0,-2,0,0,0,0,65,67,10,0,66,187.79,0,-2,46,-999,-1,0,0,0,,,,,,,,,
1413,1783701904950,136086,136085,0,-2,0,0,0,0,65,67,10,0,66,187.68,0,0,44,-998,-1,0,0,0,,,,,,,,,
1414,1783701905052,136188,136187,0,-2,0,0,0,0,65,68,10,0,66,187.77,0,0,45,-999,-1,0,0,0,,,,,,,,,
1415,1783701905154,136290,136289,0,-2,0,0,0,0,65,68,10,0,66,187.74,0,2,45,-998,-1,0,0,0,,,,,,,,,
1416,1783701905257,136393,136392,0,-2,0,0,0,0,65,68,10,0,66,187.52,0,0,45,-996,-1,0,0,0,,,,,,,,,
1417,1783701905359,136495,136494,0,-2,0,0,0,0,65,68,10,0,66,188.04,0,-1,45,-997,-1,0,0,0,,,,,,,,,
1418,1783701905461,136597,136596,0,-2,0,0,0,0,65,68,10,0,66,187.99,0,-1,46,-1000,-1,0,0,0,,,,,,,,,
1419,1783701905563,136699,136698,0,-2,0,0,0,0,65,68,10,0,66,187.74,0,-2,45,-1001,-1,0,0,0,,,,,,,,,
1420,1783701905614,136750,136749,0,-2,0,0,0,0,65,68,10,0,66,187.62,0,1,45,-1001,-1,0,0,0,,,,,,,,,
1421,1783701905716,136852,136851,0,-2,0,0,0,0,65,68,10,0,66,187.58,0,1,46,-997,-1,0,0,0,,,,,,,,,
1422,1783701905818,136954,136953,0,-2,0,0,0,0,65,68,10,0,66,187.9,0,0,44,-995,-1,0,0,0,,,,,,,,,
1423,1783701905920,137056,137055,0,-2,0,0,0,0,65,68,10,0,66,187.64,0,0,45,-997,-1,0,0,0,,,,,,,,,
1424,1783701906022,137158,137157,0,-2,0,0,0,0,65,67,10,0,66,187.92,0,0,46,-998,-1,0,0,0,,,,,,,,,
1425,1783701906124,137260,137259,0,-2,0,0,0,0,65,67,10,0,66,187.61,0,-1,47,-1001,-1,0,0,0,,,,,,,,,
1426,1783701906226,137362,137361,0,-2,0,0,0,0,65,67,10,0,66,187.53,0,-1,45,-1000,-1,0,0,0,,,,,,,,,
1427,1783701906328,137464,137463,0,-2,0,0,0,0,65,67,10,0,66,187.94,0,-2,45,-995,-1,0,0,0,,,,,,,,,
1428,1783701906430,137566,137565,0,-2,0,0,0,0,65,67,10,0,66,187.77,0,0,49,-995,-1,0,0,0,,,,,,,,,
1429,1783701906532,137668,137667,0,-2,0,0,0,0,65,67,10,0,66,187.87,0,-1,46,-1001,-1,0,0,0,,,,,,,,,
1430,1783701906633,137769,137768,0,-2,0,0,0,0,65,67,10,0,66,187.88,0,0,45,-996,-1,0,0,0,,,,,,,,,
1431,1783701906738,137874,137873,0,-2,0,0,0,0,65,67,10,0,66,187.73,0,-1,46,-997,-1,0,0,0,,,,,,,,,
1432,1783701906840,137976,137975,0,-2,0,0,0,0,65,67,10,0,66,188.14,0,-1,48,-998,-1,0,0,0,,,,,,,,,
1433,1783701906939,138075,138075,0,-2,0,0,0,0,65,67,10,0,66,187.54,0,0,46,-997,-1,0,0,0,,,,,,,,,
1434,1783701907042,138178,138177,0,-2,0,0,0,0,65,67,10,0,66,187.9,0,-1,47,-996,-1,0,0,0,,,,,,,,,
1435,1783701907144,138280,138279,0,-2,0,0,0,0,65,67,10,0,66,187.85,0,0,46,-999,-1,0,0,0,,,,,,,,,
1436,1783701907246,138382,138381,0,-2,0,0,0,0,65,67,10,0,66,187.88,0,0,47,-999,-1,0,0,0,,,,,,,,,
1437,1783701907348,138484,138483,0,-2,0,0,0,0,65,67,10,0,66,187.78,0,0,47,-998,-1,0,0,0,,,,,,,,,
1438,1783701907450,138586,138585,0,-2,0,0,0,0,65,67,10,0,66,187.99,0,1,47,-998,-1,0,0,0,,,,,,,,,
1439,1783701907552,138688,138687,0,-2,0,0,0,0,65,67,10,0,66,187.54,0,-1,46,-997,-1,0,0,0,,,,,,,,,
1440,1783701907654,138790,138789,0,-2,0,0,0,0,65,67,10,0,66,187.81,0,0,45,-1001,-1,0,0,0,,,,,,,,,
1441,1783701907756,138892,138891,0,-2,0,0,0,0,65,67,10,0,66,187.97,0,-2,46,-996,-1,0,0,0,,,,,,,,,
1442,1783701907858,138994,138993,0,-2,0,0,0,0,65,67,10,0,66,187.89,0,0,47,-998,-1,0,0,0,,,,,,,,,
1443,1783701907960,139096,139095,0,-2,0,0,0,0,65,67,10,0,66,187.91,0,0,46,-1002,-1,0,0,0,,,,,,,,,
1444,1783701908062,139198,139197,0,-2,0,0,0,0,65,67,10,0,66,188.17,0,1,45,-998,-1,0,0,0,,,,,,,,,
1445,1783701908165,139301,139300,0,-2,0,0,0,0,65,67,10,0,66,187.97,0,-1,45,-997,-1,0,0,0,,,,,,,,,
1446,1783701908269,139405,139404,0,-2,0,0,0,0,65,67,10,0,66,187.68,0,-2,47,-996,-1,0,0,0,,,,,,,,,
1447,1783701908370,139506,139506,0,-2,0,0,0,0,65,67,10,0,66,187.93,0,-1,45,-999,-1,0,0,0,,,,,,,,,
1448,1783701908473,139609,139609,0,-2,0,0,0,0,65,67,10,0,66,187.65,0,0,45,-997,-1,0,0,0,,,,,,,,,
1449,1783701908575,139711,139710,0,-2,0,0,0,0,65,67,10,0,66,187.77,0,0,46,-997,-1,0,0,0,,,,,,,,,
1450,1783701908677,139813,139812,0,-2,0,0,0,0,65,67,10,0,66,187.8,0,-2,45,-997,-1,0,0,0,,,,,,,,,
1451,1783701908728,139864,139863,0,-2,0,0,0,0,65,67,10,0,66,187.86,0,-1,46,-996,-1,0,0,0,,,,,,,,,
1452,1783701908830,139966,139965,0,-2,0,0,0,0,65,67,10,0,66,187.72,0,0,45,-998,-1,0,0,0,,,,,,,,,
1453,1783701908932,140068,140067,0,-2,0,0,0,0,65,67,10,0,66,187.81,0,-1,47,-1000,-1,0,0,0,,,,,,,,,
1454,1783701909035,140171,140170,0,-2,0,0,0,0,66,67,10,0,66,187.58,0,0,46,-1000,-1,0,0,0,,,,,,,,,
1455,1783701909138,140274,140273,0,-2,0,0,0,0,66,67,10,0,66,187.71,0,0,47,-996,-1,0,0,0,,,,,,,,,
1456,1783701909238,140374,140373,0,-2,0,0,0,0,66,67,10,0,66,187.71,0,-1,45,-998,-1,0,0,0,,,,,,,,,
1457,1783701909340,140476,140475,0,-2,0,0,0,0,66,67,10,0,66,187.86,0,0,49,-997,-1,0,0,0,,,,,,,,,
1458,1783701909442,140578,140577,0,-2,0,0,0,0,66,67,10,0,66,187.86,0,-1,45,-1000,-1,0,0,0,,,,,,,,,
1459,1783701909544,140680,140679,0,-2,0,0,0,0,66,67,10,0,66,187.97,0,-1,46,-996,-1,0,0,0,,,,,,,,,
1460,1783701909646,140782,140781,0,-2,0,0,0,0,66,67,10,0,66,187.73,0,0,46,-998,-1,0,0,0,,,,,,,,,
1461,1783701909755,140891,140890,0,-2,0,0,0,0,66,67,10,0,66,187.72,0,0,46,-996,-1,0,0,0,,,,,,,,,
1462,1783701909852,140988,140987,0,-2,0,0,0,0,66,67,10,0,66,187.52,0,-1,47,-1000,-1,0,0,0,,,,,,,,,
1463,1783701909954,141090,141089,0,-2,0,0,0,0,66,67,10,0,66,187.76,0,-2,46,-1002,-1,0,0,0,,,,,,,,,
1464,1783701910056,141192,141191,0,-2,0,0,0,0,65,67,10,0,66,187.77,0,-1,46,-997,-1,0,0,0,,,,,,,,,
1465,1783701910158,141294,141293,0,-2,0,0,0,0,65,67,10,0,66,187.76,0,-1,46,-995,-1,0,0,0,,,,,,,,,
1466,1783701910261,141397,141396,0,-2,0,0,0,0,65,67,10,0,66,187.81,0,0,47,-1000,-1,0,0,0,,,,,,,,,
1467,1783701910363,141499,141498,0,-2,0,0,0,0,65,67,10,0,66,187.74,0,0,44,-999,-1,0,0,0,,,,,,,,,
1468,1783701910465,141601,141600,0,-2,0,0,0,0,65,67,10,0,66,187.66,0,-1,46,-996,-1,0,0,0,,,,,,,,,
1469,1783701910568,141704,141703,0,-2,0,0,0,0,65,67,10,0,66,187.82,0,-2,46,-999,-1,0,0,0,,,,,,,,,
1470,1783701910670,141806,141805,0,-2,0,0,0,0,65,67,10,0,66,187.55,0,0,46,-1001,-1,0,0,0,,,,,,,,,
1471,1783701910771,141907,141906,0,-2,0,0,0,0,65,67,10,0,66,187.69,0,2,45,-999,-1,0,0,0,,,,,,,,,
1472,1783701910873,142009,142008,0,-2,0,0,0,0,65,67,10,0,66,187.86,0,-1,45,-999,-1,0,0,0,,,,,,,,,
1473,1783701910975,142111,142110,0,-2,0,0,0,0,65,67,10,0,66,187.86,0,-1,45,-998,-1,0,0,0,,,,,,,,,
1474,1783701911077,142213,142212,0,-2,0,0,0,0,65,67,10,0,66,187.36,0,-1,46,-995,-1,0,0,0,,,,,,,,,
1475,1783701911179,142315,142314,0,-2,0,0,0,0,65,67,10,0,66,187.86,0,-2,45,-1000,-1,0,0,0,,,,,,,,,
1476,1783701911292,142428,142427,0,-2,0,0,0,0,65,67,10,0,66,187.71,0,-1,47,-1000,-1,0,0,0,,,,,,,,,
1477,1783701911390,142526,142525,0,-2,0,0,0,0,65,67,10,0,66,187.86,0,0,44,-1001,-1,0,0,0,,,,,,,,,
1478,1783701911485,142621,142620,0,-2,0,0,0,0,65,67,10,0,66,188.24,0,-1,45,-995,-1,0,0,0,,,,,,,,,
1479,1783701911591,142727,142726,0,-2,0,0,0,0,65,67,10,0,66,187.93,0,-1,45,-997,-1,0,0,0,,,,,,,,,
1480,1783701911689,142825,142825,0,-2,0,0,0,0,65,67,10,0,66,187.59,0,0,46,-999,-1,0,0,0,,,,,,,,,
1481,1783701911791,142927,142927,0,-2,0,0,0,0,65,67,10,0,66,187.88,0,0,47,-1002,-1,0,0,0,,,,,,,,,
1482,1783701911893,143029,143029,0,-2,0,0,0,0,65,67,10,0,66,187.67,0,0,46,-1000,-1,0,0,0,,,,,,,,,
1483,1783701911945,143081,143080,0,-2,0,0,0,0,65,67,10,0,66,187.74,0,-1,47,-1001,-1,0,0,0,,,,,,,,,
1484,1783701912047,143183,143182,0,-2,0,0,0,0,65,67,10,0,66,187.67,0,0,45,-995,-1,0,0,0,,,,,,,,,
1485,1783701912148,143284,143284,0,-2,0,0,0,0,65,67,10,0,66,187.71,0,0,47,-997,-1,0,0,0,,,,,,,,,
1486,1783701912251,143387,143386,0,-2,0,0,0,0,65,67,10,0,66,187.63,0,0,44,-1001,-1,0,0,0,,,,,,,,,
1487,1783701912353,143489,143488,0,-2,0,0,0,0,65,67,10,0,66,187.89,0,0,44,-997,-1,0,0,0,,,,,,,,,
1488,1783701912455,143591,143590,0,-2,0,0,0,0,65,67,10,0,66,187.45,0,0,45,-997,-1,0,0,0,,,,,,,,,
1489,1783701912557,143693,143692,0,-2,0,0,0,0,65,67,10,0,66,187.66,0,0,48,-998,-1,0,0,0,,,,,,,,,
1490,1783701912659,143795,143794,0,-2,0,0,0,0,65,67,10,0,66,187.88,0,1,45,-997,-1,0,0,0,,,,,,,,,
1491,1783701912761,143897,143896,0,-2,0,0,0,0,65,67,10,0,66,187.58,0,0,48,-999,-1,0,0,0,,,,,,,,,
1492,1783701912863,143999,143998,0,-2,0,0,0,0,65,67,10,0,66,187.93,0,0,46,-999,-1,0,0,0,,,,,,,,,
1493,1783701912965,144101,144100,0,-2,0,0,0,0,65,67,10,0,66,187.73,0,0,46,-999,-1,0,0,0,,,,,,,,,
1494,1783701913067,144203,144202,0,-2,0,0,0,0,65,67,10,0,66,187.65,0,-1,46,-997,-1,0,0,0,,,,,,,,,
1495,1783701913171,144307,144306,0,-2,0,0,0,0,65,67,10,0,66,187.61,0,1,46,-999,-1,0,0,0,,,,,,,,,
1496,1783701913273,144409,144408,0,-2,0,0,0,0,65,67,10,0,66,187.89,0,-2,46,-996,-1,0,0,0,,,,,,,,,
1497,1783701913374,144510,144510,0,-2,0,0,0,0,65,67,10,0,66,187.78,0,-1,46,-999,-1,0,0,0,,,,,,,,,
1498,1783701913476,144612,144612,0,-2,0,0,0,0,65,67,10,0,66,187.84,0,-2,46,-999,-1,0,0,0,,,,,,,,,
1499,1783701913578,144714,144714,0,-2,0,0,0,0,65,67,10,0,66,187.78,0,0,45,-999,-1,0,0,0,,,,,,,,,
1500,1783701913680,144816,144816,0,-2,0,0,0,0,65,67,10,0,66,187.79,0,0,44,-1000,-1,0,0,0,,,,,,,,,
1501,1783701913782,144918,144918,0,-2,0,0,0,0,65,67,10,0,66,187.85,0,0,46,-998,-1,0,0,0,,,,,,,,,
1502,1783701913885,145021,145020,0,-2,0,0,0,0,65,67,10,0,66,187.82,0,-2,45,-997,-1,0,0,0,,,,,,,,,
1503,1783701913987,145123,145122,0,-2,0,0,0,0,65,67,10,0,66,187.69,0,-2,46,-999,-1,0,0,0,,,,,,,,,
1504,1783701914088,145224,145224,0,-2,0,0,0,0,65,67,10,0,66,187.63,0,1,46,-1000,-1,0,0,0,,,,,,,,,
1505,1783701914191,145327,145326,0,-2,0,0,0,0,65,67,10,0,66,187.78,0,0,45,-998,-1,0,0,0,,,,,,,,,
1506,1783701914293,145429,145428,0,-2,0,0,0,0,65,67,10,0,66,187.88,0,-1,44,-995,-1,0,0,0,,,,,,,,,
1507,1783701914395,145531,145530,0,-2,0,0,0,0,65,67,10,0,66,187.83,0,-1,44,-993,-1,0,0,0,,,,,,,,,
1508,1783701914497,145633,145632,0,-2,0,0,0,0,65,67,10,0,66,187.68,0,-1,47,-1000,-1,0,0,0,,,,,,,,,
1509,1783701914598,145734,145734,0,-2,0,0,0,0,65,67,10,0,66,187.86,0,-1,46,-1000,-1,0,0,0,,,,,,,,,
1510,1783701914700,145836,145836,0,-2,0,0,0,0,65,67,10,0,66,187.91,0,0,45,-999,-1,0,0,0,,,,,,,,,
1511,1783701914803,145939,145938,0,-2,0,0,0,0,65,67,10,0,66,187.68,0,0,46,-998,-1,0,0,0,,,,,,,,,
1512,1783701914856,145992,145991,0,-2,0,0,0,0,65,67,10,0,66,187.87,0,0,47,-996,-1,0,0,0,,,,,,,,,
1513,1783701914955,146091,146091,0,-2,0,0,0,0,65,67,10,0,66,187.86,0,0,47,-1000,-1,0,0,0,,,,,,,,,
1514,1783701915108,146244,146244,0,-2,0,0,0,0,65,67,10,0,66,187.89,0,2,46,-997,-1,0,0,0,,,,,,,,,
1515,1783701915211,146347,146346,0,-2,0,0,0,0,65,67,10,0,66,187.85,0,0,46,-997,-1,0,0,0,,,,,,,,,
1516,1783701915313,146449,146448,0,-2,0,0,0,0,65,67,10,0,66,187.76,0,-1,45,-996,-1,0,0,0,,,,,,,,,
1517,1783701915364,146500,146500,0,-2,0,0,0,0,65,67,10,0,66,187.94,0,0,47,-999,-1,0,0,0,,,,,,,,,
1518,1783701915467,146603,146602,0,-2,0,0,0,0,65,67,10,0,66,187.67,0,-1,46,-1002,-1,0,0,0,,,,,,,,,
1519,1783701915574,146710,146710,0,-2,0,0,0,0,65,67,10,0,66,187.71,0,0,45,-998,-1,0,0,0,,,,,,,,,
1520,1783701915689,146825,146824,0,-2,0,0,0,0,65,67,10,0,66,187.61,0,-3,44,-999,-1,0,0,0,,,,,,,,,
1521,1783701915773,146909,146908,0,-2,0,0,0,0,65,67,10,0,66,187.73,0,0,46,-998,-1,0,0,0,,,,,,,,,
1522,1783701915877,147013,147012,0,-2,0,0,0,0,65,67,10,0,66,187.64,0,0,46,-999,-1,0,0,0,,,,,,,,,
1523,1783701915981,147117,147116,0,-2,0,0,0,0,65,67,10,0,66,187.97,0,-2,45,-1001,-1,0,0,0,,,,,,,,,
1524,1783701916083,147219,147218,0,-2,0,0,0,0,66,67,10,0,66,187.81,0,1,45,-998,-1,0,0,0,,,,,,,,,
1525,1783701916180,147316,147316,0,-2,0,0,0,0,66,67,10,0,66,187.87,0,-1,46,-998,-1,0,0,0,,,,,,,,,
1526,1783701916282,147418,147418,0,-2,0,0,0,0,66,67,10,0,66,187.73,0,-1,47,-998,-1,0,0,0,,,,,,,,,
1527,1783701916384,147520,147519,0,-2,0,0,0,0,66,67,10,0,66,187.66,0,0,45,-1000,-1,0,0,0,,,,,,,,,
1528,1783701916487,147623,147622,0,-2,0,0,0,0,66,67,10,0,66,187.6,0,0,44,-998,-1,0,0,0,,,,,,,,,
1529,1783701916588,147724,147724,0,-2,0,0,0,0,66,67,10,0,66,187.8,0,-2,46,-999,-1,0,0,0,,,,,,,,,
1530,1783701916691,147827,147826,0,-2,0,0,0,0,66,67,10,0,66,187.96,0,-1,46,-1001,-1,0,0,0,,,,,,,,,
1531,1783701916793,147929,147928,0,-2,0,0,0,0,66,67,10,0,66,187.59,0,0,47,-1001,-1,0,0,0,,,,,,,,,
1532,1783701916894,148030,148030,0,-2,0,0,0,0,66,67,10,0,66,188.05,0,2,46,-997,-1,0,0,0,,,,,,,,,
1533,1783701916996,148132,148132,0,-2,0,0,0,0,66,67,10,0,66,188.08,0,-1,48,-1001,-1,0,0,0,,,,,,,,,
1534,1783701917099,148235,148234,0,-2,0,0,0,0,66,67,10,0,66,188.03,0,-3,45,-999,-1,0,0,0,,,,,,,,,
1535,1783701917202,148338,148337,0,-2,0,0,0,0,66,67,10,0,66,187.86,0,0,47,-996,-1,0,0,0,,,,,,,,,
1536,1783701917306,148442,148441,0,-2,0,0,0,0,66,67,10,0,66,187.87,0,-1,46,-998,-1,0,0,0,,,,,,,,,
1537,1783701917405,148541,148540,0,-2,0,0,0,0,66,67,10,0,66,187.65,0,0,46,-997,-1,0,0,0,,,,,,,,,
1538,1783701917507,148643,148642,0,-2,0,0,0,0,66,67,10,0,66,187.91,0,0,47,-997,-1,0,0,0,,,,,,,,,
1539,1783701917609,148745,148744,0,-2,0,0,0,0,66,67,10,0,66,187.78,0,-3,47,-1000,-1,0,0,0,,,,,,,,,
1540,1783701917711,148847,148846,0,-2,0,0,0,0,66,67,10,0,66,187.75,0,0,46,-998,-1,0,0,0,,,,,,,,,
1541,1783701917813,148949,148948,0,-2,0,0,0,0,66,67,10,0,66,187.67,0,1,45,-997,-1,0,0,0,,,,,,,,,
1542,1783701917915,149051,149050,0,-2,0,0,0,0,66,67,10,0,66,187.77,0,0,45,-998,-1,0,0,0,,,,,,,,,
1543,1783701918017,149153,149152,0,-2,0,0,0,0,66,67,10,0,66,187.5,0,0,46,-997,-1,0,0,0,,,,,,,,,
1544,1783701918119,149255,149254,0,-2,0,0,0,0,65,68,10,0,66,188.01,0,-2,47,-995,-1,0,0,0,,,,,,,,,
1545,1783701918221,149357,149356,0,-2,0,0,0,0,65,68,10,0,66,187.89,0,0,47,-995,-1,0,0,0,,,,,,,,,
1546,1783701918323,149459,149458,0,-2,0,0,0,0,65,68,10,0,66,187.72,0,0,47,-1001,-1,0,0,0,,,,,,,,,
1547,1783701918375,149511,149511,0,-2,0,0,0,0,65,68,10,0,66,187.44,0,0,46,-998,-1,0,0,0,,,,,,,,,
1548,1783701918476,149612,149611,0,-2,0,0,0,0,65,68,10,0,66,187.76,0,0,46,-998,-1,0,0,0,,,,,,,,,
1549,1783701918578,149714,149713,0,-2,0,0,0,0,65,68,10,0,66,187.58,0,-2,45,-996,-1,0,0,0,,,,,,,,,
1550,1783701918680,149816,149815,0,-2,0,0,0,0,65,68,10,0,66,187.58,0,0,45,-998,-1,0,0,0,,,,,,,,,
1551,1783701918783,149919,149918,0,-2,0,0,0,0,65,68,10,0,66,187.94,0,0,47,-997,-1,0,0,0,,,,,,,,,
1552,1783701918885,150021,150020,0,-2,0,0,0,0,65,68,10,0,66,187.95,0,-1,46,-1000,-1,0,0,0,,,,,,,,,
1553,1783701918987,150123,150122,0,-2,0,0,0,0,65,68,10,0,66,187.98,0,0,46,-997,-1,0,0,0,,,,,,,,,
1554,1783701919090,150226,150225,0,-2,0,0,0,0,65,67,10,0,66,187.79,0,0,47,-998,-1,0,0,0,,,,,,,,,
1555,1783701919192,150328,150327,0,-2,0,0,0,0,65,67,10,0,66,187.66,0,-1,46,-1000,-1,0,0,0,,,,,,,,,
1556,1783701919294,150430,150429,0,-2,0,0,0,0,65,67,10,0,66,187.58,0,0,47,-998,-1,0,0,0,,,,,,,,,
1557,1783701919397,150533,150532,0,-2,0,0,0,0,65,67,10,0,66,187.78,0,0,45,-999,-1,0,0,0,,,,,,,,,
1558,1783701919499,150635,150635,0,-2,0,0,0,0,65,67,10,0,66,187.8,0,0,45,-998,-1,0,0,0,,,,,,,,,
1559,1783701919599,150735,150734,0,-2,0,0,0,0,65,67,10,0,66,187.93,0,0,46,-997,-1,0,0,0,,,,,,,,,
1560,1783701919704,150840,150839,0,-2,0,0,0,0,65,67,10,0,66,187.83,0,0,47,-1000,-1,0,0,0,,,,,,,,,
1561,1783701919806,150942,150942,0,-2,0,0,0,0,65,67,10,0,66,187.91,0,-1,47,-1001,-1,0,0,0,,,,,,,,,
1562,1783701919906,151042,151041,0,-2,0,0,0,0,65,67,10,0,66,187.51,0,-2,46,-1000,-1,0,0,0,,,,,,,,,
1563,1783701920007,151143,151143,0,-2,0,0,0,0,65,67,10,0,66,187.86,0,0,46,-995,-1,0,0,0,,,,,,,,,
1564,1783701920110,151246,151245,0,-2,0,0,0,0,66,68,10,0,66,187.95,0,0,46,-1000,-1,0,0,0,,,,,,,,,
1565,1783701920212,151348,151347,0,-2,0,0,0,0,66,68,10,0,66,187.79,0,0,46,-999,-1,0,0,0,,,,,,,,,
1566,1783701920314,151450,151449,0,-2,0,0,0,0,66,68,10,0,66,187.82,0,-1,47,-997,-1,0,0,0,,,,,,,,,
1567,1783701920416,151552,151551,0,-2,0,0,0,0,66,68,10,0,66,187.82,0,0,47,-999,-1,0,0,0,,,,,,,,,
1568,1783701920518,151654,151653,0,-2,0,0,0,0,66,68,10,0,66,187.67,0,0,46,-1000,-1,0,0,0,,,,,,,,,
1569,1783701920620,151756,151755,0,-2,0,0,0,0,66,68,10,0,66,187.69,0,0,47,-999,-1,0,0,0,,,,,,,,,
1570,1783701920722,151858,151857,0,-2,0,0,0,0,66,68,10,0,66,187.48,0,1,47,-997,-1,0,0,0,,,,,,,,,
1571,1783701920824,151960,151959,0,-2,0,0,0,0,66,68,10,0,66,187.6,0,0,46,-998,-1,0,0,0,,,,,,,,,
1572,1783701920926,152062,152061,0,-2,0,0,0,0,66,68,10,0,66,187.68,0,-1,45,-993,-1,0,0,0,,,,,,,,,
1573,1783701921028,152164,152163,0,-2,0,0,0,0,66,68,10,0,66,187.85,0,-1,49,-1000,-1,0,0,0,,,,,,,,,
1574,1783701921130,152266,152266,0,-2,0,0,0,0,65,67,10,0,66,187.86,0,0,48,-999,-1,0,0,0,,,,,,,,,
1575,1783701921232,152368,152367,0,-2,0,0,0,0,65,67,10,0,66,187.87,0,0,46,-1001,-1,0,0,0,,,,,,,,,
1576,1783701921335,152471,152470,0,-2,0,0,0,0,65,67,10,0,66,187.54,0,-1,45,-997,-1,0,0,0,,,,,,,,,
1577,1783701921446,152582,152581,0,-2,0,0,0,0,65,67,10,0,66,187.84,0,-1,46,-995,-1,0,0,0,,,,,,,,,
1578,1783701921489,152625,152624,0,-2,0,0,0,0,65,67,10,0,66,187.78,0,0,46,-998,-1,0,0,0,,,,,,,,,
1579,1783701921591,152727,152726,0,-2,0,0,0,0,65,67,10,0,66,187.75,0,0,47,-1002,-1,0,0,0,,,,,,,,,
1580,1783701921693,152829,152828,0,-2,0,0,0,0,65,67,10,0,66,187.67,0,0,46,-999,-1,0,0,0,,,,,,,,,
1581,1783701921795,152931,152930,0,-2,0,0,0,0,65,67,10,0,66,187.71,0,-1,46,-996,-1,0,0,0,,,,,,,,,
1582,1783701921898,153034,153033,0,-2,0,0,0,0,65,67,10,0,66,187.97,0,0,46,-997,-1,0,0,0,,,,,,,,,
1583,1783701922002,153138,153137,0,-2,0,0,0,0,65,67,10,0,66,187.81,0,0,47,-1000,-1,0,0,0,,,,,,,,,
1584,1783701922104,153240,153240,0,-2,0,0,0,0,66,68,10,0,66,187.78,0,-1,46,-1000,-1,0,0,0,,,,,,,,,
1585,1783701922204,153340,153339,0,-2,0,0,0,0,66,68,10,0,66,187.84,0,0,47,-998,-1,0,0,0,,,,,,,,,
1586,1783701922306,153442,153441,0,-2,0,0,0,0,66,68,10,0,66,187.68,0,-1,47,-998,-1,0,0,0,,,,,,,,,
1587,1783701922408,153544,153543,0,-2,0,0,0,0,66,68,10,0,66,187.61,0,0,46,-999,-1,0,0,0,,,,,,,,,
1588,1783701922510,153646,153645,0,-2,0,0,0,0,66,68,10,0,66,187.58,0,1,46,-997,-1,0,0,0,,,,,,,,,
1589,1783701922612,153748,153747,0,-2,0,0,0,0,66,68,10,0,66,187.9,0,0,46,-999,-1,0,0,0,,,,,,,,,
1590,1783701922714,153850,153849,0,-2,0,0,0,0,66,68,10,0,66,187.41,0,0,44,-999,-1,0,0,0,,,,,,,,,
1591,1783701922816,153952,153951,0,-2,0,0,0,0,66,68,10,0,66,187.75,0,0,46,-1000,-1,0,0,0,,,,,,,,,
1592,1783701922918,154054,154053,0,-2,0,0,0,0,66,68,10,0,66,187.64,0,0,47,-998,-1,0,0,0,,,,,,,,,
1593,1783701923020,154156,154155,0,-2,0,0,0,0,66,68,10,0,66,187.87,0,0,46,-998,-1,0,0,0,,,,,,,,,
1594,1783701923122,154258,154257,0,-2,0,0,0,0,66,67,10,0,66,188.07,0,0,45,-999,-1,0,0,0,,,,,,,,,
1595,1783701923224,154360,154359,0,-2,0,0,0,0,66,67,10,0,66,187.72,0,-1,47,-1001,-1,0,0,0,,,,,,,,,
1596,1783701923326,154462,154461,0,-2,0,0,0,0,66,67,10,0,66,187.6,0,0,46,-997,-1,0,0,0,,,,,,,,,
1597,1783701923428,154564,154563,0,-2,0,0,0,0,66,67,10,0,66,187.6,0,1,46,-997,-1,0,0,0,,,,,,,,,
1598,1783701923530,154666,154665,0,-2,0,0,0,0,66,67,10,0,66,187.64,0,1,46,-996,-1,0,0,0,,,,,,,,,
1599,1783701923633,154769,154768,0,-2,0,0,0,0,66,67,10,0,66,187.8,0,0,47,-998,-1,0,0,0,,,,,,,,,
1600,1783701923735,154871,154871,0,-2,0,0,0,0,66,67,10,0,66,187.6,0,-1,46,-997,-1,0,0,0,,,,,,,,,
1601,1783701923838,154974,154973,0,-2,0,0,0,0,66,67,10,0,66,187.7,0,-2,46,-997,-1,0,0,0,,,,,,,,,
1602,1783701923939,155075,155074,0,-2,0,0,0,0,66,67,10,0,66,187.86,0,0,47,-999,-1,0,0,0,,,,,,,,,
1603,1783701924041,155177,155176,0,-2,0,0,0,0,66,67,10,0,66,187.57,0,0,45,-1000,-1,0,0,0,,,,,,,,,
1604,1783701924143,155279,155278,0,-2,0,0,0,0,65,67,10,0,66,187.73,0,0,44,-996,-1,0,0,0,,,,,,,,,
1605,1783701924245,155381,155380,0,-2,0,0,0,0,65,67,10,0,66,187.68,0,0,46,-995,-1,0,0,0,,,,,,,,,
1606,1783701924347,155483,155482,0,-2,0,0,0,0,65,67,10,0,66,187.65,0,-1,46,-998,-1,0,0,0,,,,,,,,,
1607,1783701924449,155585,155584,0,-2,0,0,0,0,65,67,10,0,66,188.02,0,0,47,-1003,-1,0,0,0,,,,,,,,,
1608,1783701924551,155687,155686,0,-2,0,0,0,0,65,67,10,0,66,187.62,0,0,46,-1001,-1,0,0,0,,,,,,,,,
1609,1783701924653,155789,155788,0,-2,0,0,0,0,65,67,10,0,66,188.12,0,-1,46,-998,-1,0,0,0,,,,,,,,,
1610,1783701924704,155840,155839,0,-2,0,0,0,0,65,67,10,0,66,187.62,0,-2,46,-997,-1,0,0,0,,,,,,,,,
1611,1783701924806,155942,155941,0,-2,0,0,0,0,65,67,10,0,66,187.46,0,0,46,-1000,-1,0,0,0,,,,,,,,,
1612,1783701924908,156044,156043,0,-2,0,0,0,0,65,67,10,0,66,187.65,0,-2,46,-999,-1,0,0,0,,,,,,,,,
1613,1783701925010,156146,156145,0,-2,0,0,0,0,65,67,10,0,66,187.58,0,0,46,-999,-1,0,0,0,,,,,,,,,
1614,1783701925112,156248,156247,0,-2,0,0,0,0,66,68,10,0,66,187.75,0,-1,46,-998,-1,0,0,0,,,,,,,,,
1615,1783701925214,156350,156349,0,-2,0,0,0,0,66,68,10,0,66,187.63,0,-1,46,-996,-1,0,0,0,,,,,,,,,
1616,1783701925316,156452,156451,0,-2,0,0,0,0,66,68,10,0,66,187.77,0,0,45,-996,-1,0,0,0,,,,,,,,,
1617,1783701925418,156554,156553,0,-2,0,0,0,0,66,68,10,0,66,187.68,0,-2,47,-1002,-1,0,0,0,,,,,,,,,
1618,1783701925520,156656,156655,0,-2,0,0,0,0,66,68,10,0,66,187.73,0,0,48,-999,-1,0,0,0,,,,,,,,,
1619,1783701925622,156758,156757,0,-2,0,0,0,0,66,68,10,0,66,187.55,0,0,45,-996,-1,0,0,0,,,,,,,,,
1620,1783701925727,156863,156862,0,-2,0,0,0,0,66,68,10,0,66,187.84,0,0,46,-996,-1,0,0,0,,,,,,,,,
1621,1783701925826,156962,156961,0,-2,0,0,0,0,66,68,10,0,66,187.81,0,0,47,-996,-1,0,0,0,,,,,,,,,
1622,1783701925928,157064,157063,0,-2,0,0,0,0,66,68,10,0,66,187.71,0,0,46,-1000,-1,0,0,0,,,,,,,,,
1623,1783701926032,157168,157167,0,-2,0,0,0,0,66,68,10,0,66,187.84,0,0,45,-999,-1,0,0,0,,,,,,,,,
1624,1783701926134,157270,157269,0,-2,0,0,0,0,65,67,10,0,66,187.59,0,0,47,-999,-1,0,0,0,,,,,,,,,
1625,1783701926236,157372,157371,0,-2,0,0,0,0,65,67,10,0,66,187.49,0,0,46,-999,-1,0,0,0,,,,,,,,,
1626,1783701926338,157474,157473,0,-2,0,0,0,0,65,67,10,0,66,187.6,0,-2,45,-1000,-1,0,0,0,,,,,,,,,
1627,1783701926439,157575,157574,0,-2,0,0,0,0,65,67,10,0,66,187.43,0,-2,45,-1000,-1,0,0,0,,,,,,,,,
1628,1783701926540,157676,157675,0,-2,0,0,0,0,65,67,10,0,66,187.71,0,1,46,-995,-1,0,0,0,,,,,,,,,
1629,1783701926642,157778,157777,0,-2,0,0,0,0,65,67,10,0,66,187.6,0,0,45,-1000,-1,0,0,0,,,,,,,,,
1630,1783701926744,157880,157879,0,-2,0,0,0,0,65,67,10,0,66,187.75,0,0,47,-997,-1,0,0,0,,,,,,,,,
1631,1783701926846,157982,157981,0,-2,0,0,0,0,65,67,10,0,66,187.58,0,-1,47,-1001,-1,0,0,0,,,,,,,,,
1632,1783701926948,158084,158083,0,-2,0,0,0,0,65,67,10,0,66,187.55,0,-1,45,-996,-1,0,0,0,,,,,,,,,
1633,1783701927050,158186,158185,0,-2,0,0,0,0,65,67,10,0,66,187.83,0,-1,44,-996,-1,0,0,0,,,,,,,,,
1634,1783701927152,158288,158287,0,-2,0,0,0,0,65,68,10,0,66,187.58,0,1,47,-997,-1,0,0,0,,,,,,,,,
1635,1783701927254,158390,158389,0,-2,0,0,0,0,65,68,10,0,66,187.64,0,0,46,-999,-1,0,0,0,,,,,,,,,
1636,1783701927357,158493,158492,0,-2,0,0,0,0,65,68,10,0,66,187.62,0,-2,46,-999,-1,0,0,0,,,,,,,,,
1637,1783701927459,158595,158594,0,-2,0,0,0,0,65,68,10,0,66,187.36,0,-3,46,-996,-1,0,0,0,,,,,,,,,
1638,1783701927561,158697,158696,0,-2,0,0,0,0,65,68,10,0,66,187.6,0,0,44,-998,-1,0,0,0,,,,,,,,,
1639,1783701927663,158799,158798,0,-2,0,0,0,0,65,68,10,0,66,187.59,0,0,45,-998,-1,0,0,0,,,,,,,,,
1640,1783701927714,158850,158849,0,-2,0,0,0,0,65,68,10,0,66,187.64,0,-1,45,-997,-1,0,0,0,,,,,,,,,
1641,1783701927816,158952,158951,0,-2,0,0,0,0,65,68,10,0,66,187.46,0,-3,45,-998,-1,0,0,0,,,,,,,,,
1642,1783701927918,159054,159053,0,-2,0,0,0,0,65,68,10,0,66,187.74,0,-3,47,-999,-1,0,0,0,,,,,,,,,
1643,1783701928020,159156,159155,0,-2,0,0,0,0,65,68,10,0,66,187.58,0,0,47,-997,-1,0,0,0,,,,,,,,,
1644,1783701928122,159258,159257,0,-2,0,0,0,0,66,68,10,0,66,187.67,0,0,46,-1001,-1,0,0,0,,,,,,,,,
1645,1783701928224,159360,159359,0,-2,0,0,0,0,66,68,10,0,66,187.51,0,-1,46,-996,-1,0,0,0,,,,,,,,,
1646,1783701928326,159462,159461,0,-2,0,0,0,0,66,68,10,0,66,187.77,0,0,46,-997,-1,0,0,0,,,,,,,,,
1647,1783701928428,159564,159563,0,-2,0,0,0,0,66,68,10,0,66,187.81,0,-2,45,-998,-1,0,0,0,,,,,,,,,
1648,1783701928530,159666,159665,0,-2,0,0,0,0,66,68,10,0,66,187.93,0,-1,47,-1000,-1,0,0,0,,,,,,,,,
1649,1783701928633,159769,159768,0,-2,0,0,0,0,66,68,10,0,66,187.58,0,2,46,-998,-1,0,0,0,,,,,,,,,
1650,1783701928735,159871,159870,0,-2,0,0,0,0,66,68,10,0,66,187.9,0,0,46,-998,-1,0,0,0,,,,,,,,,
1651,1783701928837,159973,159973,0,-2,0,0,0,0,66,68,10,0,66,187.4,0,0,46,-999,-1,0,0,0,,,,,,,,,
1652,1783701928939,160075,160075,0,-2,0,0,0,0,66,68,10,0,66,187.4,0,-1,45,-999,-1,0,0,0,,,,,,,,,
1653,1783701929042,160178,160177,0,-2,0,0,0,0,66,68,10,0,66,187.54,0,0,46,-1000,-1,0,0,0,,,,,,,,,
1654,1783701929142,160278,160277,0,-2,0,0,0,0,65,68,10,0,66,187.8,0,-2,45,-1002,-1,0,0,0,,,,,,,,,
1655,1783701929244,160380,160379,0,-2,0,0,0,0,65,68,10,0,66,187.84,0,-1,47,-998,-1,0,0,0,,,,,,,,,
1656,1783701929346,160482,160481,0,-2,0,0,0,0,65,68,10,0,66,187.66,0,-1,47,-1001,-1,0,0,0,,,,,,,,,
1657,1783701929448,160584,160583,0,-2,0,0,0,0,65,68,10,0,66,187.83,0,0,47,-1000,-1,0,0,0,,,,,,,,,
1658,1783701929550,160686,160685,0,-2,0,0,0,0,65,68,10,0,66,187.44,0,0,47,-999,-1,0,0,0,,,,,,,,,
1659,1783701929652,160788,160788,0,-2,0,0,0,0,65,68,10,0,66,187.73,0,-1,47,-998,-1,0,0,0,,,,,,,,,
1660,1783701929754,160890,160889,0,-2,0,0,0,0,65,68,10,0,66,187.8,0,0,46,-996,-1,0,0,0,,,,,,,,,
1661,1783701929856,160992,160991,0,-2,0,0,0,0,65,68,10,0,66,187.59,0,0,45,-1000,-1,0,0,0,,,,,,,,,
1662,1783701929958,161094,161093,0,-2,0,0,0,0,65,68,10,0,66,187.87,0,0,46,-1000,-1,0,0,0,,,,,,,,,
1663,1783701930060,161196,161195,0,-2,0,0,0,0,65,68,10,0,66,187.56,0,0,45,-998,-1,0,0,0,,,,,,,,,
1664,1783701930162,161298,161297,0,-2,0,0,0,0,65,68,10,0,66,187.69,0,0,46,-997,-1,0,0,0,,,,,,,,,
1665,1783701930264,161400,161399,0,-2,0,0,0,0,65,68,10,0,66,187.89,0,0,46,-999,-1,0,0,0,,,,,,,,,
1666,1783701930367,161503,161502,0,-2,0,0,0,0,65,68,10,0,66,187.6,0,0,45,-1000,-1,0,0,0,,,,,,,,,
1667,1783701930468,161604,161604,0,-2,0,0,0,0,65,68,10,0,66,187.56,0,0,47,-1001,-1,0,0,0,,,,,,,,,
1668,1783701930570,161706,161705,0,-2,0,0,0,0,65,68,10,0,66,187.52,0,0,45,-995,-1,0,0,0,,,,,,,,,
1669,1783701930672,161808,161807,0,-2,0,0,0,0,65,68,10,0,66,187.78,0,-1,43,-997,-1,0,0,0,,,,,,,,,
1670,1783701930775,161911,161910,0,-2,0,0,0,0,65,68,10,0,66,187.62,0,-2,46,-998,-1,0,0,0,,,,,,,,,
1671,1783701930876,162012,162011,0,-2,0,0,0,0,65,68,10,0,66,187.84,0,-1,47,-997,-1,0,0,0,,,,,,,,,
1672,1783701930979,162115,162114,0,-2,0,0,0,0,65,68,10,0,66,187.75,0,0,47,-998,-1,0,0,0,,,,,,,,,
1673,1783701931030,162166,162166,0,-2,0,0,0,0,65,68,10,0,66,187.47,0,0,45,-998,-1,0,0,0,,,,,,,,,
1674,1783701931183,162319,162318,0,-2,0,0,0,0,66,68,10,0,66,187.53,0,-1,43,-997,-1,0,0,0,,,,,,,,,
1675,1783701931241,162377,162377,0,-2,0,0,0,0,66,68,10,0,66,187.58,0,-1,46,-999,-1,0,0,0,,,,,,,,,
1676,1783701931345,162481,162480,0,-2,0,0,0,0,66,68,10,0,66,187.78,0,0,48,-998,-1,0,0,0,,,,,,,,,
1677,1783701931442,162578,162577,0,-2,0,0,0,0,66,68,10,0,66,187.72,0,-1,45,-1001,-1,0,0,0,,,,,,,,,
1678,1783701931541,162677,162676,0,-2,0,0,0,0,66,68,10,0,66,187.62,0,0,46,-1001,-1,0,0,0,,,,,,,,,
1679,1783701931642,162778,162778,0,-2,0,0,0,0,66,68,10,0,66,187.77,0,-1,44,-998,-1,0,0,0,,,,,,,,,
1680,1783701931744,162880,162880,0,-2,0,0,0,0,66,68,10,0,66,187.77,0,-2,48,-997,-1,0,0,0,,,,,,,,,
1681,1783701931846,162982,162982,0,-2,0,0,0,0,66,68,10,0,66,187.59,0,-2,46,-999,-1,0,0,0,,,,,,,,,
1682,1783701931948,163084,163084,0,-2,0,0,0,0,66,68,10,0,66,187.55,0,0,46,-1003,-1,0,0,0,,,,,,,,,
1683,1783701932050,163186,163186,0,-2,0,0,0,0,66,68,10,0,66,187.43,0,-2,46,-998,-1,0,0,0,,,,,,,,,
1684,1783701932153,163289,163288,0,-2,0,0,0,0,66,68,10,0,66,187.69,0,0,48,-997,-1,0,0,0,,,,,,,,,
1685,1783701932255,163391,163390,0,-2,0,0,0,0,66,68,10,0,66,187.71,0,0,46,-998,-1,0,0,0,,,,,,,,,
1686,1783701932357,163493,163492,0,-2,0,0,0,0,66,68,10,0,66,187.85,0,0,48,-1001,-1,0,0,0,,,,,,,,,
1687,1783701932458,163594,163594,0,-2,0,0,0,0,66,68,10,0,66,187.86,0,-2,46,-997,-1,0,0,0,,,,,,,,,
1688,1783701932561,163697,163696,0,-2,0,0,0,0,66,68,10,0,66,187.52,0,0,45,-996,-1,0,0,0,,,,,,,,,
1689,1783701932662,163798,163798,0,-2,0,0,0,0,66,68,10,0,66,187.61,0,-1,45,-1000,-1,0,0,0,,,,,,,,,
1690,1783701932764,163900,163900,0,-2,0,0,0,0,66,68,10,0,66,188.02,0,0,45,-1001,-1,0,0,0,,,,,,,,,
1691,1783701932867,164003,164002,0,-2,0,0,0,0,66,68,10,0,66,187.52,0,1,46,-999,-1,0,0,0,,,,,,,,,
1692,1783701932970,164106,164105,0,-2,0,0,0,0,66,68,10,0,66,187.71,0,-2,46,-999,-1,0,0,0,,,,,,,,,
1693,1783701933070,164206,164205,0,-2,0,0,0,0,66,68,10,0,66,187.9,0,0,46,-999,-1,0,0,0,,,,,,,,,
1694,1783701933173,164309,164308,0,-2,0,0,0,0,66,68,10,0,66,187.59,0,0,46,-999,-1,0,0,0,,,,,,,,,
1695,1783701933274,164410,164410,0,-2,0,0,0,0,66,68,10,0,66,187.55,0,-1,47,-1002,-1,0,0,0,,,,,,,,,
1696,1783701933376,164512,164512,0,-2,0,0,0,0,66,68,10,0,66,187.69,0,0,45,-997,-1,0,0,0,,,,,,,,,
1697,1783701933479,164615,164614,0,-2,0,0,0,0,66,68,10,0,66,187.71,0,-1,45,-1000,-1,0,0,0,,,,,,,,,
1698,1783701933580,164716,164716,0,-2,0,0,0,0,66,68,10,0,66,187.71,0,-1,46,-1000,-1,0,0,0,,,,,,,,,
1699,1783701933682,164818,164818,0,-2,0,0,0,0,66,68,10,0,66,187.63,0,-1,46,-1002,-1,0,0,0,,,,,,,,,
1700,1783701933784,164920,164920,0,-2,0,0,0,0,66,68,10,0,66,187.63,0,0,46,-1001,-1,0,0,0,,,,,,,,,
1701,1783701933886,165022,165022,0,-2,0,0,0,0,66,68,10,0,66,187.79,0,0,46,-1001,-1,0,0,0,,,,,,,,,
1702,1783701933988,165124,165124,0,-2,0,0,0,0,66,68,10,0,66,187.62,0,-2,46,-997,-1,0,0,0,,,,,,,,,
1703,1783701934091,165227,165226,0,-2,0,0,0,0,66,68,10,0,66,187.95,0,0,46,-997,-1,0,0,0,,,,,,,,,
1704,1783701934192,165328,165328,0,-2,0,0,0,0,65,68,10,0,66,187.66,0,0,46,-998,-1,0,0,0,,,,,,,,,
