state_sequence,timestamp_ms,recording_elapsed_ms,steady_elapsed_ms,pitch,roll,yaw,vgx,vgy,vgz,templ,temph,tof,h,bat,baro,time,agx,agy,agz,mid,x,y,z,rc_a,rc_b,rc_c,rc_d,rc_source,rc_result,rc_timestamp_ms,rc_steady_elapsed_ms,rc_sequence
70,1783702453913,0,0,0,-2,0,0,0,0,63,65,10,0,56,187.49,0,-4,44,-997,-1,0,0,0,,,,,,,,,
71,1783702454015,102,102,0,-2,0,0,0,0,63,65,10,0,56,187.54,0,-5,46,-995,-1,0,0,0,,,,,,,,,
72,1783702454117,204,203,0,-2,0,0,0,0,63,65,10,0,56,187.25,0,-4,46,-997,-1,0,0,0,,,,,,,,,
73,1783702454221,308,307,0,-2,0,0,0,0,63,65,10,0,56,187.33,0,-4,47,-998,-1,0,0,0,,,,,,,,,
74,1783702454271,358,357,0,-2,0,0,0,0,63,65,10,0,56,187.36,0,-2,46,-998,-1,0,0,0,,,,,,,,,
75,1783702454373,460,460,0,-2,0,0,0,0,63,65,10,0,56,187.54,0,-3,45,-998,-1,0,0,0,,,,,,,,,
76,1783702454475,562,562,0,-2,0,0,0,0,63,65,10,0,56,187.16,0,-2,46,-997,-1,0,0,0,,,,,,,,,
77,1783702454577,664,664,0,-2,0,0,0,0,63,65,10,0,56,187.36,0,-2,46,-996,-1,0,0,0,,,,,,,,,
78,1783702454679,766,765,0,-2,0,0,0,0,63,65,10,0,56,187.37,0,-3,47,-998,-1,0,0,0,,,,,,,,,
79,1783702454781,868,867,0,-2,0,0,0,0,63,65,10,0,56,187.75,0,-4,46,-995,-1,0,0,0,,,,,,,,,
80,1783702454883,970,969,0,-2,0,0,0,0,63,65,10,0,56,187.24,0,-3,44,-997,-1,0,0,0,,,,,,,,,
81,1783702454985,1072,1072,0,-2,0,0,0,0,63,65,10,0,56,187.84,0,-2,44,-998,-1,0,0,0,,,,,,,,,
82,1783702455090,1177,1177,0,-2,0,0,0,0,63,65,10,0,56,187.43,0,-2,46,-998,-1,0,0,0,,,,,,,,,
83,1783702455193,1280,1279,0,-2,0,0,0,0,63,65,10,0,56,187.77,0,-4,47,-998,-1,0,0,0,,,,,,,,,
84,1783702455306,1393,1392,0,-2,0,0,0,0,63,65,10,0,56,187.75,0,-4,46,-998,-1,0,0,0,,,,,,,,,
85,1783702455410,1497,1496,0,-2,0,0,0,0,63,65,10,0,56,187.53,0,-2,46,-998,-1,0,0,0,0,0,0,0,"keyboard-worker","OK",1783702455406,1492,0
86,1783702455495,1582,1581,0,-2,0,0,0,0,63,65,10,0,56,187.71,0,-3,46,-1001,-1,0,0,0,0,0,0,0,"keyboard-worker","OK",1783702455456,1542,1
87,1783702455598,1685,1684,0,-2,0,0,0,0,62,66,10,0,56,187.6,0,-2,45,-999,-1,0,0,0,0,0,0,0,"keyboard-worker","OK",1783702455556,1642,3
88,1783702455700,1787,1786,0,-2,0,0,0,0,62,66,10,0,56,187.56,0,-3,45,-1000,-1,0,0,0,0,0,0,0,"keyboard-worker","OK",1783702455656,1742,5
89,1783702455802,1889,1888,0,-2,0,0,0,0,62,66,10,0,56,187.53,0,-5,47,-997,-1,0,0,0,0,0,0,0,"keyboard-worker","OK",1783702455756,1843,7
90,1783702455904,1991,1990,0,-2,0,0,0,0,62,66,10,0,56,187.6,0,-4,45,-997,-1,0,0,0,0,0,0,0,"keyboard-worker","OK",1783702455857,1943,9
91,1783702456006,2093,2092,0,-2,0,0,0,0,62,66,10,0,56,187.6,0,-3,47,-1000,-1,0,0,0,0,0,0,0,"keyboard-worker","OK",1783702455957,2043,11
92,1783702456108,2195,2194,0,-2,0,0,0,0,62,66,10,0,56,187.43,0,-2,44,-999,-1,0,0,0,0,0,0,0,"keyboard-worker","OK",1783702456107,2193,14
93,1783702456210,2297,2296,0,-2,0,0,0,0,62,66,10,0,56,187.53,0,-2,45,-995,-1,0,0,0,0,0,0,0,"keyboard-worker","OK",1783702456207,2294,16
94,1783702456312,2399,2398,0,-2,0,0,0,0,62,66,10,0,56,187.52,0,-4,45,-995,-1,0,0,0,0,0,0,0,"keyboard-worker","OK",1783702456308,2394,18
95,1783702456414,2501,2500,0,-2,0,0,0,0,62,66,10,0,56,187.52,0,-7,47,-997,-1,0,0,0,0,0,0,0,"keyboard-worker","OK",1783702456408,2494,20
96,1783702456516,2603,2602,0,-2,0,0,0,0,62,66,10,0,56,187.49,0,-1,46,-1000,-1,0,0,0,0,0,0,0,"keyboard-worker","OK",1783702456508,2594,22
97,1783702456618,2705,2704,0,-2,0,0,0,0,62,65,10,0,56,187.74,0,-1,44,-997,-1,0,0,0,0,0,0,0,"keyboard-worker","OK",1783702456608,2694,24
98,1783702456720,2807,2806,0,-2,0,0,0,0,62,65,10,0,56,187.57,0,-2,46,-997,-1,0,0,0,0,0,0,0,"keyboard-worker","OK",1783702456708,2795,26
99,1783702456771,2858,2857,0,-2,0,0,0,0,62,65,10,0,56,187.44,0,-2,46,-994,-1,0,0,0,0,0,0,0,"keyboard-worker","OK",1783702456759,2845,27
100,1783702456873,2960,2959,0,-2,0,0,0,0,62,65,10,0,56,187.64,0,-4,48,-999,-1,0,0,0,0,0,0,0,"keyboard-worker","OK",1783702456859,2945,29
101,1783702456975,3062,3061,0,-2,0,0,0,0,62,65,10,0,56,187.5,0,-2,48,-1000,-1,0,0,0,0,0,0,0,"keyboard-worker","OK",1783702456959,3045,31
102,1783702457077,3164,3163,0,-2,0,0,0,0,62,65,10,0,56,187.62,0,-1,46,-995,-1,0,0,0,0,0,0,0,"keyboard-worker","OK",1783702457059,3146,33
103,1783702457179,3266,3265,0,-2,0,0,0,0,62,65,10,0,56,187.49,0,-3,45,-997,-1,0,0,0,0,0,0,0,"keyboard-worker","OK",1783702457160,3246,35
104,1783702457281,3368,3367,0,-2,0,0,0,0,62,65,10,0,56,187.74,0,-3,46,-996,-1,0,0,0,0,0,0,0,"keyboard-worker","OK",1783702457260,3346,37
105,1783702457383,3470,3469,0,-2,0,0,0,0,62,65,10,0,56,187.33,0,-4,46,-997,-1,0,0,0,0,0,0,0,"keyboard-worker","OK",1783702457360,3446,39
106,1783702457485,3572,3571,0,-2,0,0,0,0,62,65,10,0,56,187.43,0,-2,47,-1001,-1,0,0,0,0,0,0,0,"keyboard-worker","OK",1783702457460,3547,41
107,1783702457590,3677,3676,0,-2,0,0,0,0,63,65,10,0,56,187.69,0,-1,47,-999,-1,0,0,0,0,0,0,0,"keyboard-worker","OK",1783702457561,3647,43
108,1783702457694,3781,3780,0,-2,0,0,0,0,63,65,10,0,56,187.35,0,-2,45,-998,-1,0,0,0,0,0,0,0,"keyboard-worker","OK",1783702457661,3747,45
109,1783702457796,3883,3882,0,-2,0,0,0,0,63,65,10,0,56,187.67,0,-2,47,-997,-1,0,0,0,0,0,0,0,"keyboard-worker","OK",1783702457761,3848,47
110,1783702457897,3984,3983,0,-2,0,0,0,0,63,65,10,0,56,187.71,0,-2,45,-998,-1,0,0,0,0,0,0,0,"keyboard-worker","OK",1783702457862,3948,49
111,1783702457997,4084,4083,0,-2,0,0,0,0,63,65,10,0,56,187.47,0,-1,47,-998,-1,0,0,0,0,0,0,0,"keyboard-worker","OK",1783702457962,4048,51
112,1783702458099,4186,4185,0,-2,0,0,0,0,63,65,10,0,56,187.43,0,-2,46,-998,-1,0,0,0,0,0,0,0,"keyboard-worker","OK",1783702458062,4148,53
113,1783702458201,4288,4287,0,-2,0,0,0,0,63,65,10,0,56,187.87,0,-4,47,-999,-1,0,0,0,0,0,0,0,"keyboard-worker","OK",1783702458162,4249,55
114,1783702458304,4391,4390,0,-2,0,0,0,0,63,65,10,0,56,187.64,0,-1,46,-1001,-1,0,0,0,0,0,0,0,"keyboard-worker","OK",1783702458263,4349,57
115,1783702458403,4490,4490,0,-2,0,0,0,0,63,65,10,0,56,187.64,0,0,46,-998,-1,0,0,0,0,0,0,0,"keyboard-worker","OK",1783702458363,4449,59
116,1783702458506,4593,4592,0,-2,0,0,0,0,63,65,10,0,56,187.42,0,-2,46,-995,-1,0,0,0,0,0,0,0,"keyboard-worker","OK",1783702458463,4549,61
117,1783702458608,4695,4694,0,-2,0,0,0,0,63,65,10,0,56,187.25,0,-3,45,-994,-1,0,0,0,0,0,0,0,"keyboard-worker","OK",1783702458563,4650,63
118,1783702458710,4797,4796,0,-2,0,0,0,0,63,65,10,0,56,187.63,0,-5,47,-998,-1,0,0,0,0,0,0,0,"keyboard-worker","OK",1783702458664,4750,65
119,1783702458812,4899,4898,0,-2,0,0,0,0,63,65,10,0,56,187.41,0,-2,45,-1001,-1,0,0,0,0,0,0,0,"keyboard-worker","OK",1783702458764,4850,67
120,1783702458914,5001,5000,0,-2,0,0,0,0,63,65,10,0,56,187.53,0,-2,44,-999,-1,0,0,0,0,0,0,0,"keyboard-worker","OK",1783702458864,4951,69
121,1783702459016,5103,5102,0,-2,0,0,0,0,63,65,10,0,56,187.55,0,-3,45,-999,-1,0,0,0,0,0,0,0,"keyboard-worker","OK",1783702459015,5101,72
122,1783702459119,5206,5205,0,-2,0,0,0,0,63,65,10,0,56,187.45,0,-3,45,-996,-1,0,0,0,0,0,0,0,"keyboard-worker","OK",1783702459115,5201,74
123,1783702459220,5307,5306,0,-2,0,0,0,0,63,65,10,0,56,187.71,0,-2,48,-997,-1,0,0,0,0,0,0,0,"keyboard-worker","OK",1783702459215,5301,76
124,1783702459326,5413,5412,0,-2,0,0,0,0,63,65,10,0,56,187.58,0,-4,47,-999,-1,0,0,0,0,0,0,0,"keyboard-worker","OK",1783702459316,5402,78
125,1783702459430,5517,5517,0,-2,0,0,0,0,63,65,10,0,56,187.26,0,0,46,-1000,-1,0,0,0,0,0,0,0,"keyboard-worker","OK",1783702459416,5502,80
126,1783702459533,5620,5620,0,-2,0,0,0,0,63,65,10,0,56,187.58,0,-2,46,-996,-1,0,0,0,0,0,0,0,"keyboard-worker","OK",1783702459516,5602,82
127,1783702459633,5720,5719,0,-2,0,0,0,0,63,66,10,0,56,187.77,0,-5,46,-998,-1,0,0,0,0,0,0,0,"keyboard-worker","OK",1783702459616,5702,84
128,1783702459733,5820,5819,0,-2,0,0,0,0,63,66,10,0,56,187.43,0,-3,47,-999,-1,0,0,0,0,0,0,0,"keyboard-worker","OK",1783702459716,5803,86
129,1783702459835,5922,5921,0,-2,0,0,0,0,63,66,10,0,56,187.47,0,-1,47,-1001,-1,0,0,0,0,0,0,0,"keyboard-worker","OK",1783702459817,5903,88
130,1783702459883,5970,5969,0,-2,0,0,0,0,63,66,10,0,56,187.86,0,-3,45,-1000,-1,0,0,0,0,0,0,0,"keyboard-worker","OK",1783702459867,5953,89
131,1783702459985,6072,6071,0,-2,0,0,0,0,63,66,10,0,56,187.85,0,-2,44,-997,-1,0,0,0,0,0,0,0,"keyboard-worker","OK",1783702459967,6053,91
132,1783702460090,6177,6176,0,-2,0,0,0,0,63,66,10,0,56,187.74,0,-3,47,-996,-1,0,0,0,0,0,0,0,"keyboard-worker","OK",1783702460067,6154,93
133,1783702460192,6279,6278,0,-2,0,0,0,0,63,66,10,0,56,187.35,0,-4,45,-997,-1,0,0,0,0,0,0,0,"keyboard-worker","OK",1783702460168,6254,95
134,1783702460299,6386,6385,0,-2,0,0,0,0,63,66,10,0,56,187.73,0,-4,49,-1001,-1,0,0,0,0,0,0,0,"keyboard-worker","OK",1783702460268,6354,97
135,1783702460400,6487,6486,0,-2,0,0,0,0,63,66,10,0,56,187.48,0,-3,48,-998,-1,0,0,0,0,0,0,0,"keyboard-worker","OK",1783702460368,6454,99
136,1783702460498,6585,6585,0,-2,0,0,0,0,63,66,10,0,56,187.58,0,-2,46,-998,-1,0,0,0,0,0,0,0,"keyboard-worker","OK",1783702460468,6554,101
137,1783702460598,6685,6684,0,-2,0,0,0,0,63,66,10,0,56,187.74,0,-2,47,-995,-1,0,0,0,0,0,0,0,"keyboard-worker","OK",1783702460568,6655,103
138,1783702460700,6787,6787,0,-2,0,0,0,0,63,66,10,0,56,187.69,0,-1,46,-998,-1,0,0,0,0,0,0,0,"keyboard-worker","OK",1783702460669,6755,105
139,1783702460803,6890,6889,0,-2,0,0,0,0,63,66,10,0,55,187.42,0,-3,45,-998,-1,0,0,0,0,0,0,0,"keyboard-worker","OK",1783702460769,6855,107
140,1783702460904,6991,6990,0,-2,0,0,0,0,63,66,10,0,55,187.28,0,-3,45,-1002,-1,0,0,0,0,0,0,0,"keyboard-worker","OK",1783702460869,6955,109
141,1783702461008,7095,7094,0,-2,0,0,0,0,63,66,10,0,55,187.5,0,-5,46,-999,-1,0,0,0,0,0,0,0,"keyboard-worker","OK",1783702460969,7056,111
142,1783702461110,7197,7196,0,-2,0,0,0,0,63,66,10,0,55,187.32,0,-3,47,-997,-1,0,0,0,0,0,0,0,"keyboard-worker","OK",1783702461070,7156,113
143,1783702461210,7297,7296,0,-2,0,0,0,0,63,66,10,0,55,187.7,0,-4,46,-1000,-1,0,0,0,0,0,0,0,"keyboard-worker","OK",1783702461170,7256,115
144,1783702461312,7399,7398,0,-2,0,0,0,0,63,66,10,0,55,187.55,0,-3,48,-997,-1,0,0,0,0,0,0,0,"keyboard-worker","OK",1783702461270,7356,117
145,1783702461414,7501,7500,0,-2,0,0,0,0,63,66,10,0,55,187.49,0,-4,45,-995,-1,0,0,0,0,0,0,0,"keyboard-worker","OK",1783702461370,7456,119
146,1783702461516,7603,7602,0,-2,0,0,0,0,63,66,10,0,55,187.54,0,-4,46,-997,-1,0,0,0,0,0,0,0,"keyboard-worker","OK",1783702461470,7557,121
147,1783702461618,7705,7704,0,-2,0,0,0,0,63,66,10,0,55,187.63,0,-2,44,-997,-1,0,0,0,0,0,0,0,"keyboard-worker","OK",1783702461571,7657,123
148,1783702461722,7809,7808,0,-2,0,0,0,0,63,66,10,0,55,187.28,0,0,46,-999,-1,0,0,0,0,0,0,0,"keyboard-worker","OK",1783702461721,7807,126
149,1783702461828,7915,7914,0,-2,0,0,0,0,63,66,10,0,55,187.52,0,-1,46,-996,-1,0,0,0,0,0,0,0,"keyboard-worker","OK",1783702461821,7908,128
150,1783702461930,8017,8016,0,-2,0,0,0,0,63,66,10,0,55,187.57,0,-4,46,-999,-1,0,0,0,0,0,0,0,"keyboard-worker","OK",1783702461922,8008,130
151,1783702462032,8119,8118,0,-2,0,0,0,0,63,66,10,0,55,187.46,0,-1,46,-997,-1,0,0,0,0,0,0,0,"keyboard-worker","OK",1783702462022,8108,132
152,1783702462129,8216,8215,0,-2,0,0,0,0,63,66,10,0,55,187.29,0,-2,46,-998,-1,0,0,0,0,0,0,0,"keyboard-worker","OK",1783702462122,8208,134
153,1783702462232,8319,8318,0,-2,0,0,0,0,63,66,10,0,55,187.43,0,0,46,-998,-1,0,0,0,0,0,0,0,"keyboard-worker","OK",1783702462222,8309,136
154,1783702462334,8421,8420,0,-2,0,0,0,0,63,66,10,0,55,187.39,0,-5,46,-997,-1,0,0,0,0,0,0,0,"keyboard-worker","OK",1783702462323,8409,138
155,1783702462436,8523,8522,0,-2,0,0,0,0,63,66,10,0,55,187.39,0,-2,44,-997,-1,0,0,0,0,0,0,0,"keyboard-worker","OK",1783702462423,8509,140
156,1783702462538,8625,8624,0,-2,0,0,0,0,63,66,10,0,55,187.61,0,-2,46,-995,-1,0,0,0,0,0,0,0,"keyboard-worker","OK",1783702462523,8609,142
157,1783702462641,8728,8727,0,-2,0,0,0,0,63,66,10,0,55,187.35,0,-4,47,-1001,-1,0,0,0,0,0,0,0,"keyboard-worker","OK",1783702462623,8710,144
158,1783702462742,8829,8828,0,-2,0,0,0,0,63,66,10,0,55,187.38,0,-1,44,-1000,-1,0,0,0,0,0,0,0,"keyboard-worker","OK",1783702462724,8810,146
159,1783702462844,8931,8930,0,-2,0,0,0,0,63,66,10,0,55,187.49,0,-1,45,-997,-1,0,0,0,0,0,0,0,"keyboard-worker","OK",1783702462824,8910,148
160,1783702462949,9036,9035,0,-2,0,0,0,0,63,66,10,0,55,187.62,0,-1,46,-997,-1,0,0,0,0,0,0,0,"keyboard-worker","OK",1783702462924,9010,150
161,1783702463048,9135,9134,0,-2,0,0,0,0,63,66,10,0,55,187.48,0,-2,46,-996,-1,0,0,0,0,0,0,0,"keyboard-worker","OK",1783702463024,9111,152
162,1783702463104,9191,9190,0,-2,0,0,0,0,63,66,10,0,55,187.74,0,-1,47,-998,-1,0,0,0,0,0,0,0,"keyboard-worker","OK",1783702463074,9161,153
163,1783702463201,9288,9287,0,-2,0,0,0,0,63,66,10,0,55,187.45,0,-3,46,-1000,-1,0,0,0,0,0,0,0,"keyboard-worker","OK",1783702463175,9261,155
164,1783702463303,9390,9389,0,-2,0,0,0,0,63,66,10,0,55,187.55,0,-3,48,-998,-1,0,0,0,0,0,0,0,"keyboard-worker","OK",1783702463275,9361,157
165,1783702463405,9492,9491,0,-2,0,0,0,0,63,66,10,0,55,187.73,0,-2,46,-999,-1,0,0,0,0,0,0,0,"keyboard-worker","OK",1783702463375,9461,159
166,1783702463507,9594,9593,0,-2,0,0,0,0,63,66,10,0,55,187.25,0,-1,47,-998,-1,0,0,0,0,0,0,0,"keyboard-worker","OK",1783702463475,9562,161
167,1783702463609,9696,9695,0,-2,0,0,0,0,63,66,10,0,55,187.42,0,-3,46,-998,-1,0,0,0,0,0,0,0,"keyboard-worker","OK",1783702463576,9662,163
168,1783702463711,9798,9797,0,-2,0,0,0,0,63,66,10,0,55,187.26,0,-2,46,-996,-1,0,0,0,0,0,0,0,"keyboard-worker","OK",1783702463676,9762,165
169,1783702463813,9900,9899,0,-2,0,0,0,0,63,66,10,0,55,187.33,0,-3,47,-997,-1,0,0,0,0,0,0,0,"keyboard-worker","OK",1783702463776,9862,167
170,1783702463915,10002,10001,0,-2,0,0,0,0,63,66,10,0,55,187.44,0,-1,46,-999,-1,0,0,0,0,0,0,0,"keyboard-worker","OK",1783702463876,9963,169
171,1783702464017,10104,10103,0,-2,0,0,0,0,63,66,10,0,55,187.95,0,-2,46,-999,-1,0,0,0,0,0,0,0,"keyboard-worker","OK",1783702463977,10063,171
172,1783702464119,10206,10205,0,-2,0,0,0,0,63,66,10,0,55,187.28,0,-1,46,-998,-1,0,0,0,0,0,0,0,"keyboard-worker","OK",1783702464077,10163,173
173,1783702464224,10311,10310,0,-2,0,0,0,0,63,66,10,0,55,187.61,0,-3,47,-998,-1,0,0,0,0,0,0,0,"keyboard-worker","OK",1783702464177,10263,175
174,1783702464326,10413,10413,0,-2,0,0,0,0,63,66,10,0,55,187.58,0,-4,46,-998,-1,0,0,0,0,0,0,0,"keyboard-worker","OK",1783702464277,10364,177
175,1783702464427,10514,10514,0,-2,0,0,0,0,63,66,10,0,55,187.27,0,-2,47,-1000,-1,0,0,0,0,0,0,0,"keyboard-worker","OK",1783702464378,10464,179
176,1783702464529,10616,10616,0,-2,0,0,0,0,63,66,10,0,55,187.48,0,-1,48,-998,-1,0,0,0,0,0,0,0,"keyboard-worker","OK",1783702464528,10614,182
177,1783702464630,10717,10717,0,-2,0,0,0,0,63,66,10,0,55,187.53,0,-2,47,-997,-1,0,0,0,0,0,0,0,"keyboard-worker","OK",1783702464628,10714,184
178,1783702464731,10818,10817,0,-2,0,0,0,0,63,66,10,0,55,187.43,0,-5,45,-996,-1,0,0,0,0,0,0,0,"keyboard-worker","OK",1783702464728,10815,186
179,1783702464833,10920,10919,0,-2,0,0,0,0,63,66,10,0,55,187.34,0,-3,46,-997,-1,0,0,0,0,0,0,0,"keyboard-worker","OK",1783702464829,10915,188
180,1783702464935,11022,11021,0,-2,0,0,0,0,63,66,10,0,55,187.53,0,-3,48,-999,-1,0,0,0,0,0,0,0,"keyboard-worker","OK",1783702464929,11015,190
181,1783702465037,11124,11123,0,-2,0,0,0,0,63,66,10,0,55,187.31,0,-2,47,-999,-1,0,0,0,0,0,0,0,"keyboard-worker","OK",1783702465029,11115,192
182,1783702465139,11226,11225,0,-2,0,0,0,0,63,66,10,0,55,187.71,0,0,46,-998,-1,0,0,0,0,0,0,0,"keyboard-worker","OK",1783702465129,11216,194
183,1783702465241,11328,11327,0,-2,0,0,0,0,63,66,10,0,55,187.49,0,-2,46,-995,-1,0,0,0,0,0,0,0,"keyboard-worker","OK",1783702465230,11316,196
184,1783702465343,11430,11429,0,-2,0,0,0,0,63,66,10,0,55,187.62,0,-4,46,-999,-1,0,0,0,0,0,0,0,"keyboard-worker","OK",1783702465330,11416,198
185,1783702465445,11532,11531,0,-2,0,0,0,0,63,66,10,0,55,187.46,0,-1,47,-999,-1,0,0,0,0,0,0,0,"keyboard-worker","OK",1783702465430,11516,200
186,1783702465547,11634,11633,0,-2,0,0,0,0,63,66,10,0,55,187.68,0,-3,45,-999,-1,0,0,0,0,0,0,0,"keyboard-worker","OK",1783702465530,11617,202
187,1783702465649,11736,11735,0,-2,0,0,0,0,63,66,10,0,55,187.22,0,-3,46,-996,-1,0,0,0,0,0,0,0,"keyboard-worker","OK",1783702465631,11717,204
188,1783702465751,11838,11837,0,-2,0,0,0,0,63,66,10,0,55,187.53,0,0,44,-996,-1,0,0,0,0,0,0,0,"keyboard-worker","OK",1783702465731,11817,206
189,1783702465853,11940,11939,0,-2,0,0,0,0,63,66,10,0,55,187.3,0,-4,45,-998,-1,0,0,0,0,0,0,0,"keyboard-worker","OK",1783702465831,11917,208
190,1783702465956,12043,12042,0,-2,0,0,0,0,63,66,10,0,55,187.39,0,-2,47,-999,-1,0,0,0,0,0,0,0,"keyboard-worker","OK",1783702465931,12018,210
191,1783702466057,12144,12143,0,-2,0,0,0,0,63,66,10,0,55,187.63,0,-2,45,-1003,-1,0,0,0,0,0,0,0,"keyboard-worker","OK",1783702466032,12118,212
192,1783702466108,12195,12194,0,-2,0,0,0,0,63,66,10,0,55,187.45,0,-1,45,-999,-1,0,0,0,0,0,0,0,"keyboard-worker","OK",1783702466082,12168,213
193,1783702466210,12297,12296,0,-2,0,0,0,0,63,66,10,0,55,187.3,0,-1,45,-997,-1,0,0,0,0,0,0,0,"keyboard-worker","OK",1783702466182,12268,215
194,1783702466312,12399,12398,0,-2,0,0,0,0,63,66,10,0,55,187.53,0,-3,47,-997,-1,0,0,0,0,0,0,0,"keyboard-worker","OK",1783702466282,12369,217
195,1783702466414,12501,12500,0,-2,0,0,0,0,63,66,10,0,55,187.52,0,-2,46,-998,-1,0,0,0,0,0,0,0,"keyboard-worker","OK",1783702466383,12469,219
196,1783702466516,12603,12602,0,-2,0,0,0,0,63,66,10,0,55,187.91,0,-2,47,-1002,-1,0,0,0,0,0,0,0,"keyboard-worker","OK",1783702466483,12569,221
197,1783702466669,12756,12755,0,-2,0,0,0,0,63,65,10,0,55,187.58,0,-1,47,-996,-1,0,0,0,0,0,0,0,"keyboard-worker","OK",1783702466633,12719,224
198,1783702466721,12808,12807,0,-2,0,0,0,0,63,65,10,0,55,187.48,0,-2,47,-1002,-1,0,0,0,0,0,0,0,"keyboard-worker","OK",1783702466683,12769,225
199,1783702466825,12912,12912,0,-2,0,0,0,0,63,65,10,0,55,187.59,0,-1,47,-999,-1,0,0,0,0,0,0,0,"keyboard-worker","OK",1783702466783,12870,227
200,1783702466928,13015,13014,0,-2,0,0,0,0,63,65,10,0,55,187.24,0,-1,47,-1000,-1,0,0,0,0,0,0,0,"keyboard-worker","OK",1783702466884,12970,229
201,1783702467029,13116,13115,0,-2,0,0,0,0,63,65,10,0,55,187.27,0,-2,45,-997,-1,0,0,0,0,0,0,0,"keyboard-worker","OK",1783702466984,13070,231
202,1783702467130,13217,13216,0,-2,0,0,0,0,63,65,10,0,55,187.71,0,-2,46,-1001,-1,0,0,0,0,0,0,0,"keyboard-worker","OK",1783702467084,13170,233
203,1783702467233,13320,13319,0,-2,0,0,0,0,63,65,10,0,55,187.49,0,-1,46,-1001,-1,0,0,0,0,0,0,0,"keyboard-worker","OK",1783702467184,13271,235
204,1783702467333,13420,13419,0,-2,0,0,0,0,63,65,10,0,55,187.43,0,-3,47,-1003,-1,0,0,0,0,0,0,0,"keyboard-worker","OK",1783702467285,13371,237
205,1783702467437,13524,13523,0,-2,0,0,0,0,63,65,10,0,55,187.69,0,-3,46,-1000,-1,0,0,0,0,0,0,0,"keyboard-worker","OK",1783702467435,13521,240
206,1783702467537,13624,13623,0,-2,0,0,0,0,63,65,10,0,55,187.53,0,-4,47,-999,-1,0,0,0,0,0,0,0,"keyboard-worker","OK",1783702467535,13621,242
207,1783702467639,13726,13725,0,-2,0,0,0,0,64,66,10,0,55,187.49,0,-2,47,-997,-1,0,0,0,0,0,0,0,"keyboard-worker","OK",1783702467636,13722,244
208,1783702467741,13828,13827,0,-2,0,0,0,0,64,66,10,0,55,187.46,0,-2,46,-1001,-1,0,0,0,0,0,0,0,"keyboard-worker","OK",1783702467736,13822,246
209,1783702467843,13930,13929,0,-2,0,0,0,0,64,66,10,0,55,187.69,0,-4,47,-997,-1,0,0,0,0,0,0,0,"keyboard-worker","OK",1783702467836,13922,248
210,1783702467946,14033,14033,0,-2,0,0,0,0,64,66,10,0,55,187.37,0,-3,46,-998,-1,0,0,0,0,0,0,0,"keyboard-worker","OK",1783702467936,14022,250
211,1783702468046,14133,14132,0,-2,0,0,0,0,64,66,10,0,55,187.25,0,-3,46,-999,-1,0,0,0,0,0,0,0,"keyboard-worker","OK",1783702468036,14123,252
212,1783702468154,14241,14240,0,-2,0,0,0,0,64,66,10,0,55,187.3,0,0,45,-1000,-1,0,0,0,0,0,0,0,"keyboard-worker","OK",1783702468137,14223,254
213,1783702468254,14341,14340,0,-2,0,0,0,0,64,66,10,0,55,187.41,0,-2,45,-1002,-1,0,0,0,0,0,0,0,"keyboard-worker","OK",1783702468237,14323,256
214,1783702468353,14440,14439,0,-2,0,0,0,0,64,66,10,0,55,187.6,0,-3,46,-997,-1,0,0,0,0,0,0,0,"keyboard-worker","OK",1783702468337,14423,258
215,1783702468459,14546,14545,0,-2,0,0,0,0,64,66,10,0,55,187.3,0,-2,46,-999,-1,0,0,0,0,0,0,0,"keyboard-worker","OK",1783702468437,14523,260
216,1783702468557,14644,14643,0,-2,0,0,0,0,64,66,10,0,55,187.69,0,-2,46,-999,-1,0,0,0,0,0,0,0,"keyboard-worker","OK",1783702468537,14624,262
217,1783702468661,14748,14747,0,-2,0,0,0,0,64,66,10,0,55,187.32,0,-1,44,-1000,-1,0,0,0,0,0,0,0,"keyboard-worker","OK",1783702468638,14724,264
218,1783702468764,14851,14850,0,-2,0,0,0,0,64,66,10,0,55,187.49,0,-1,46,-999,-1,0,0,0,0,0,0,0,"keyboard-worker","OK",1783702468738,14824,266
219,1783702468863,14950,14949,0,-2,0,0,0,0,64,66,10,0,55,187.66,0,-1,46,-997,-1,0,0,0,0,0,0,0,"keyboard-worker","OK",1783702468838,14924,268
220,1783702468965,15052,15051,0,-2,0,0,0,0,64,66,10,0,55,187.65,0,-3,48,-994,-1,0,0,0,0,0,0,0,"keyboard-worker","OK",1783702468938,15025,270
221,1783702469067,15154,15153,0,-2,0,0,0,0,64,66,10,0,55,187.39,0,-3,47,-998,-1,0,0,0,0,0,0,0,"keyboard-worker","OK",1783702469039,15125,272
222,1783702469169,15256,15255,0,-2,0,0,0,0,64,66,10,0,55,187.51,0,-2,47,-997,-1,0,0,0,0,0,0,0,"keyboard-worker","OK",1783702469139,15225,274
223,1783702469270,15357,15357,0,-2,0,0,0,0,64,66,10,0,55,187.6,0,-3,46,-1000,-1,0,0,0,0,0,0,0,"keyboard-worker","OK",1783702469239,15325,276
224,1783702469373,15460,15459,0,-2,0,0,0,0,64,66,10,0,55,187.4,0,-1,46,-997,-1,0,0,0,0,0,0,0,"keyboard-worker","OK",1783702469339,15426,278
225,1783702469475,15562,15561,0,-2,0,0,0,0,64,66,10,0,55,187.36,0,-3,47,-994,-1,0,0,0,0,0,0,0,"keyboard-worker","OK",1783702469440,15526,280
226,1783702469577,15664,15663,0,-2,0,0,0,0,64,66,10,0,55,187.5,0,-2,47,-998,-1,0,0,0,0,0,0,0,"keyboard-worker","OK",1783702469540,15626,282
227,1783702469678,15765,15765,0,-2,0,0,0,0,64,66,10,0,55,187.27,0,-2,47,-1004,-1,0,0,0,0,0,0,0,"keyboard-worker","OK",1783702469640,15726,284
228,1783702469729,15816,15816,0,-2,0,0,0,0,64,66,10,0,55,187.39,0,0,49,-1000,-1,0,0,0,0,0,0,0,"keyboard-worker","OK",1783702469690,15776,285
229,1783702469831,15918,15918,0,-2,0,0,0,0,64,66,10,0,55,187.47,0,-1,46,-998,-1,0,0,0,0,0,0,0,"keyboard-worker","OK",1783702469790,15876,287
230,1783702469933,16020,16020,0,-2,0,0,0,0,64,66,10,0,55,187.48,0,-3,46,-994,-1,0,0,0,0,0,0,0,"keyboard-worker","OK",1783702469890,15977,289
231,1783702470035,16122,16122,0,-2,0,0,0,0,64,66,10,0,55,187.32,0,-3,47,-998,-1,0,0,0,0,0,0,0,"keyboard-worker","OK",1783702469991,16077,291
232,1783702470138,16225,16224,0,-2,0,0,0,0,64,66,10,0,55,187.23,0,-2,46,-1000,-1,0,0,0,0,0,0,0,"keyboard-worker","OK",1783702470091,16177,293
233,1783702470239,16326,16326,0,-2,0,0,0,0,64,66,10,0,55,187.37,0,-5,47,-999,-1,0,0,0,0,0,0,0,"keyboard-worker","OK",1783702470191,16277,295
234,1783702470341,16428,16428,0,-2,0,0,0,0,64,66,10,0,55,187.64,0,-4,45,-998,-1,0,0,0,0,0,0,0,"keyboard-worker","OK",1783702470341,16428,298
235,1783702470443,16530,16530,0,-2,0,0,0,0,64,66,10,0,55,187.4,0,-1,45,-999,-1,0,0,0,0,0,0,0,"keyboard-worker","OK",1783702470442,16528,300
236,1783702470546,16633,16632,0,-2,0,0,0,0,64,66,10,0,55,187.24,0,-1,45,-1000,-1,0,0,0,0,0,0,0,"keyboard-worker","OK",1783702470542,16628,302
237,1783702470647,16734,16734,0,-2,0,0,0,0,63,66,10,0,55,187.26,0,-3,47,-999,-1,0,0,0,0,0,0,0,"keyboard-worker","OK",1783702470642,16728,304
238,1783702470750,16837,16836,0,-2,0,0,0,0,63,66,10,0,55,187.46,0,-3,46,-999,-1,0,0,0,0,0,0,0,"keyboard-worker","OK",1783702470742,16829,306
239,1783702470852,16939,16939,0,-2,0,0,0,0,63,66,10,0,55,187.45,0,-3,47,-998,-1,0,0,0,0,0,0,0,"keyboard-worker","OK",1783702470843,16929,308
240,1783702470957,17044,17043,0,-2,0,0,0,0,63,66,10,0,55,187.2,0,-3,46,-997,-1,0,0,0,0,0,0,0,"keyboard-worker","OK",1783702470943,17029,310
241,1783702471056,17143,17143,0,-2,0,0,0,0,63,66,10,0,55,187.14,0,-3,46,-1002,-1,0,0,0,0,0,0,0,"keyboard-worker","OK",1783702471043,17129,312
242,1783702471161,17248,17247,0,-2,0,0,0,0,63,66,10,0,55,187.34,0,-3,45,-996,-1,0,0,0,0,0,0,0,"keyboard-worker","OK",1783702471143,17230,314
243,1783702471262,17349,17348,0,-2,0,0,0,0,63,66,10,0,55,187.34,0,-4,48,-998,-1,0,0,0,0,0,0,0,"keyboard-worker","OK",1783702471244,17330,316
244,1783702471362,17449,17449,0,-2,0,0,0,0,63,66,10,0,55,187.3,0,-2,46,-997,-1,0,0,0,0,0,0,0,"keyboard-worker","OK",1783702471344,17430,318
245,1783702471465,17552,17551,0,-2,0,0,0,0,63,66,10,0,55,187.33,0,-1,45,-998,-1,0,0,0,0,0,0,0,"keyboard-worker","OK",1783702471444,17530,320
246,1783702471566,17653,17653,0,-2,0,0,0,0,63,66,10,0,55,187.18,0,-2,45,-1000,-1,0,0,0,0,0,0,0,"keyboard-worker","OK",1783702471544,17631,322
247,1783702471668,17755,17755,0,-2,0,0,0,0,63,66,10,0,55,187.29,0,-2,45,-997,-1,0,0,0,0,0,0,0,"keyboard-worker","OK",1783702471645,17731,324
248,1783702471770,17857,17857,0,-2,0,0,0,0,63,66,10,0,55,187.36,0,-2,46,-995,-1,0,0,0,0,0,0,0,"keyboard-worker","OK",1783702471745,17831,326
249,1783702471872,17959,17959,0,-2,0,0,0,0,63,66,10,0,55,187.4,0,-2,47,-998,-1,0,0,0,0,0,0,0,"keyboard-worker","OK",1783702471845,17931,328
250,1783702471975,18062,18062,0,-2,0,0,0,0,63,66,10,0,55,187.5,0,-2,46,-1001,-1,0,0,0,0,0,0,0,"keyboard-worker","OK",1783702471945,18031,330
251,1783702472077,18164,18164,0,-2,0,0,0,0,63,66,10,0,55,187.49,0,-3,47,-1002,-1,0,0,0,0,0,0,0,"keyboard-worker","OK",1783702472046,18132,332
252,1783702472179,18266,18266,0,-2,0,0,0,0,63,66,10,0,55,187.46,0,-2,46,-1000,-1,0,0,0,0,0,0,0,"keyboard-worker","OK",1783702472146,18232,334
253,1783702472282,18369,18368,0,-2,0,0,0,0,63,66,10,0,55,187.24,0,-4,46,-998,-1,0,0,0,0,0,0,0,"keyboard-worker","OK",1783702472246,18332,336
254,1783702472383,18470,18470,0,-2,0,0,0,0,63,66,10,0,55,187.53,0,-4,47,-998,-1,0,0,0,0,0,0,0,"keyboard-worker","OK",1783702472346,18432,338
255,1783702472485,18572,18572,0,-2,0,0,0,0,63,66,10,0,55,187.58,0,-1,47,-998,-1,0,0,0,0,0,0,0,"keyboard-worker","OK",1783702472446,18533,340
256,1783702472590,18677,18676,0,-2,0,0,0,0,63,66,10,0,55,187.32,0,-3,46,-1002,-1,0,0,0,0,0,0,0,"keyboard-worker","OK",1783702472547,18633,342
257,1783702472691,18778,18777,0,-2,0,0,0,0,63,67,10,0,55,187.31,0,-3,46,-998,-1,0,0,0,0,0,0,0,"keyboard-worker","OK",1783702472647,18733,344
258,1783702472795,18882,18881,0,-2,0,0,0,0,63,67,10,0,55,187.29,0,-3,46,-996,-1,0,0,0,0,0,0,0,"keyboard-worker","OK",1783702472747,18833,346
259,1783702472843,18930,18930,0,-2,0,0,0,0,63,67,10,0,55,187.44,0,-4,46,-996,-1,0,0,0,0,0,0,0,"keyboard-worker","OK",1783702472797,18883,347
260,1783702472946,19033,19032,0,-2,0,0,0,0,63,67,10,0,55,187.81,0,-2,47,-998,-1,0,0,0,0,0,0,0,"keyboard-worker","OK",1783702472897,18984,349
261,1783702473047,19134,19134,0,-2,0,0,0,0,63,67,10,0,55,187.44,0,-3,47,-999,-1,0,0,0,0,0,0,0,"keyboard-worker","OK",1783702472998,19084,351
262,1783702473149,19236,19236,0,-2,0,0,0,0,63,67,10,0,55,187.26,0,-3,46,-999,-1,0,0,0,0,0,0,0,"keyboard-worker","OK",1783702473148,19234,354
263,1783702473251,19338,19338,0,-2,0,0,0,0,63,67,10,0,55,187.44,0,0,45,-997,-1,0,0,0,0,0,0,0,"keyboard-worker","OK",1783702473248,19334,356
264,1783702473353,19440,19440,0,-2,0,0,0,0,63,67,10,0,55,187.48,0,-4,47,-997,-1,0,0,0,0,0,0,0,"keyboard-worker","OK",1783702473349,19435,358
265,1783702473458,19545,19544,0,-2,0,0,0,0,63,67,10,0,55,187.46,0,-4,46,-997,-1,0,0,0,0,0,0,0,"keyboard-worker","OK",1783702473449,19535,360
266,1783702473561,19648,19648,0,-2,0,0,0,0,63,67,10,0,55,187.32,0,-4,47,-999,-1,0,0,0,0,0,0,0,"keyboard-worker","OK",1783702473549,19635,362
267,1783702473664,19751,19750,0,-2,0,0,0,0,65,67,10,0,55,187.78,0,-2,48,-998,-1,0,0,0,0,0,0,0,"keyboard-worker","OK",1783702473649,19735,364
268,1783702473763,19850,19849,0,-2,0,0,0,0,65,67,10,0,55,187.75,0,-3,46,-997,-1,0,0,0,0,0,0,0,"keyboard-worker","OK",1783702473749,19836,366
269,1783702473864,19951,19950,0,-2,0,0,0,0,65,67,10,0,55,187.22,0,-2,45,-999,-1,0,0,0,0,0,0,0,"keyboard-worker","OK",1783702473850,19936,368
270,1783702473966,20053,20052,0,-2,0,0,0,0,65,67,10,0,55,187.64,0,0,45,-997,-1,0,0,0,0,0,0,0,"keyboard-worker","OK",1783702473950,20036,370
271,1783702474067,20154,20153,0,-2,0,0,0,0,65,67,10,0,55,187.66,0,-5,46,-1000,-1,0,0,0,0,0,0,0,"keyboard-worker","OK",1783702474050,20136,372
272,1783702474169,20256,20256,0,-2,0,0,0,0,65,67,10,0,55,187.6,0,-3,48,-998,-1,0,0,0,0,0,0,0,"keyboard-worker","OK",1783702474150,20237,374
273,1783702474271,20358,20357,0,-2,0,0,0,0,65,67,10,0,55,187.56,0,-3,46,-996,-1,0,0,0,0,0,0,0,"keyboard-worker","OK",1783702474251,20337,376
274,1783702474373,20460,20459,0,-2,0,0,0,0,65,67,10,0,55,187.33,0,-2,45,-996,-1,0,0,0,0,0,0,0,"keyboard-worker","OK",1783702474351,20437,378
275,1783702474475,20562,20561,0,-2,0,0,0,0,65,67,10,0,55,187.85,0,0,45,-1000,-1,0,0,0,0,0,0,0,"keyboard-worker","OK",1783702474451,20537,380
276,1783702474577,20664,20664,0,-2,0,0,0,0,65,67,10,0,55,187.24,0,-3,46,-999,-1,0,0,0,0,0,0,0,"keyboard-worker","OK",1783702474551,20638,382
277,1783702474679,20766,20766,0,-2,0,0,0,0,64,66,10,0,55,187.65,0,-1,48,-1002,-1,0,0,0,0,0,0,0,"keyboard-worker","OK",1783702474652,20738,384
278,1783702474781,20868,20868,0,-2,0,0,0,0,64,66,10,0,55,187.2,0,-1,45,-1000,-1,0,0,0,0,0,0,0,"keyboard-worker","OK",1783702474752,20838,386
279,1783702474883,20970,20969,0,-2,0,0,0,0,64,66,10,0,55,187.58,0,-4,45,-994,-1,0,0,0,0,0,0,0,"keyboard-worker","OK",1783702474852,20938,388
280,1783702474985,21072,21072,0,-2,0,0,0,0,64,66,10,0,55,187.25,0,-2,46,-997,-1,0,0,0,0,0,0,0,"keyboard-worker","OK",1783702474952,21039,390
281,1783702475094,21181,21180,0,-2,0,0,0,0,64,66,10,0,55,187.34,0,-1,45,-1002,-1,0,0,0,0,0,0,0,"keyboard-worker","OK",1783702475053,21139,392
282,1783702475191,21278,21277,0,-2,0,0,0,0,64,66,10,0,55,187.49,0,-2,46,-998,-1,0,0,0,0,0,0,0,"keyboard-worker","OK",1783702475153,21239,394
283,1783702475295,21382,21382,0,-2,0,0,0,0,64,66,10,0,55,187.64,0,-2,47,-999,-1,0,0,0,0,0,0,0,"keyboard-worker","OK",1783702475253,21339,396
284,1783702475400,21487,21486,0,-2,0,0,0,0,64,66,10,0,55,187.58,0,-1,47,-998,-1,0,0,0,0,0,0,0,"keyboard-worker","OK",1783702475353,21440,398
285,1783702475500,21587,21586,0,-2,0,0,0,0,64,66,10,0,55,187.42,0,-2,45,-997,-1,0,0,0,0,0,0,0,"keyboard-worker","OK",1783702475454,21540,400
286,1783702475597,21684,21683,0,-2,0,0,0,0,64,66,10,0,55,187.37,0,-4,47,-998,-1,0,0,0,0,0,0,0,"keyboard-worker","OK",1783702475554,21640,402
287,1783702475700,21787,21786,0,-2,0,0,0,0,64,67,10,0,55,187.35,0,-3,45,-998,-1,0,0,0,0,0,0,0,"keyboard-worker","OK",1783702475654,21740,404
288,1783702475802,21889,21889,0,-2,0,0,0,0,64,67,10,0,55,187.23,0,-2,46,-997,-1,0,0,0,0,0,0,0,"keyboard-worker","OK",1783702475754,21841,406
289,1783702475905,21992,21991,0,-2,0,0,0,0,64,67,10,0,55,187.29,0,-1,46,-999,-1,0,0,0,0,0,0,0,"keyboard-worker","OK",1783702475905,21991,409
290,1783702476007,22094,22093,0,-2,0,0,0,0,64,67,10,0,55,187.28,0,-4,46,-1000,-1,0,0,0,0,0,0,0,"keyboard-worker","OK",1783702476005,22091,411
291,1783702476107,22194,22194,0,-2,0,0,0,0,64,67,10,0,55,187.17,0,-3,47,-998,-1,0,0,0,0,0,0,0,"keyboard-worker","OK",1783702476105,22191,413
292,1783702476209,22296,22295,0,-2,0,0,0,0,64,67,10,0,55,187.55,0,-3,44,-998,-1,0,0,0,0,0,0,0,"keyboard-worker","OK",1783702476205,22292,415
293,1783702476311,22398,22397,0,-2,0,0,0,0,64,67,10,0,55,187.25,0,-2,47,-1000,-1,0,0,0,0,0,0,0,"keyboard-worker","OK",1783702476306,22392,417
294,1783702476413,22500,22499,0,-2,0,0,0,0,64,67,10,0,55,187.16,0,-4,46,-1000,-1,0,0,0,0,0,0,0,"keyboard-worker","OK",1783702476406,22492,419
295,1783702476515,22602,22602,0,-2,0,0,0,0,64,67,10,0,55,187.42,0,-1,44,-992,-1,0,0,0,0,0,0,0,"keyboard-worker","OK",1783702476506,22592,421
296,1783702476565,22652,22651,0,-2,0,0,0,0,64,67,10,0,55,187.56,0,-3,45,-994,-1,0,0,0,0,0,0,0,"keyboard-worker","OK",1783702476556,22643,422
297,1783702476668,22755,22754,0,-2,0,0,0,0,63,67,10,0,55,187.28,0,-3,47,-998,-1,0,0,0,0,0,0,0,"keyboard-worker","OK",1783702476657,22743,424
298,1783702476770,22857,22856,0,-2,0,0,0,0,63,67,10,0,55,187.13,0,-2,46,-1002,-1,0,0,0,0,0,0,0,"keyboard-worker","OK",1783702476757,22843,426
299,1783702476872,22959,22959,0,-2,0,0,0,0,63,67,10,0,55,187.38,0,-1,47,-1001,-1,0,0,0,0,0,0,0,"keyboard-worker","OK",1783702476857,22943,428
300,1783702476974,23061,23060,0,-2,0,0,0,0,63,67,10,0,55,187.59,0,-3,44,-999,-1,0,0,0,0,0,0,0,"keyboard-worker","OK",1783702476957,23044,430
301,1783702477076,23163,23162,0,-2,0,0,0,0,63,67,10,0,55,187.7,0,-3,45,-1000,-1,0,0,0,0,0,0,0,"keyboard-worker","OK",1783702477058,23144,432
302,1783702477178,23265,23264,0,-2,0,0,0,0,63,67,10,0,55,187.3,0,-3,46,-998,-1,0,0,0,0,0,0,0,"keyboard-worker","OK",1783702477158,23244,434
303,1783702477280,23367,23366,0,-2,0,0,0,0,63,67,10,0,55,187.4,0,-2,46,-1001,-1,0,0,0,0,0,0,0,"keyboard-worker","OK",1783702477258,23344,436
304,1783702477382,23469,23468,0,-2,0,0,0,0,63,67,10,0,55,187.31,0,-2,47,-999,-1,0,0,0,0,0,0,0,"keyboard-worker","OK",1783702477358,23444,438
305,1783702477484,23571,23570,0,-2,0,0,0,0,63,67,10,0,55,187.5,0,-1,46,-999,-1,0,0,0,0,0,0,0,"keyboard-worker","OK",1783702477458,23545,440
306,1783702477588,23675,23674,0,-2,0,0,0,0,63,67,10,0,55,187.46,0,-2,46,-996,-1,0,0,0,0,0,0,0,"keyboard-worker","OK",1783702477559,23645,442
307,1783702477692,23779,23778,0,-2,0,0,0,0,63,66,10,0,55,187.5,0,-4,46,-998,-1,0,0,0,0,0,0,0,"keyboard-worker","OK",1783702477659,23745,444
308,1783702477797,23884,23883,0,-2,0,0,0,0,63,66,10,0,55,187.46,0,-4,47,-999,-1,0,0,0,0,0,0,0,"keyboard-worker","OK",1783702477759,23845,446
309,1783702477896,23983,23982,0,-2,0,0,0,0,63,66,10,0,55,187.55,0,-1,47,-1003,-1,0,0,0,0,0,0,0,"keyboard-worker","OK",1783702477859,23946,448
310,1783702477996,24083,24082,0,-2,0,0,0,0,63,66,10,0,55,187.47,0,-1,48,-998,-1,0,0,0,0,0,0,0,"keyboard-worker","OK",1783702477960,24046,450
311,1783702478095,24182,24181,0,-2,0,0,0,0,63,66,10,0,55,187.5,0,0,45,-998,-1,0,0,0,0,0,0,0,"keyboard-worker","OK",1783702478060,24146,452
312,1783702478199,24286,24285,0,-2,0,0,0,0,63,66,10,0,55,187.4,0,-2,47,-994,-1,0,0,0,0,0,0,0,"keyboard-worker","OK",1783702478160,24246,454
313,1783702478300,24387,24386,0,-2,0,0,0,0,63,66,10,0,55,187.41,0,-2,49,-996,-1,0,0,0,0,0,0,0,"keyboard-worker","OK",1783702478261,24347,456
314,1783702478402,24489,24488,0,-2,0,0,0,0,63,66,10,0,55,187.53,0,-3,47,-1000,-1,0,0,0,0,0,0,0,"keyboard-worker","OK",1783702478361,24447,458
315,1783702478509,24596,24596,0,-2,0,0,0,0,63,66,10,0,55,187.45,0,-3,46,-1000,-1,0,0,0,0,0,0,0,"keyboard-worker","OK",1783702478461,24547,460
316,1783702478607,24694,24693,0,-2,0,0,0,0,63,66,10,0,55,187.39,0,-1,45,-999,-1,0,0,0,0,0,0,0,"keyboard-worker","OK",1783702478561,24647,462
317,1783702478709,24796,24796,0,-2,0,0,0,0,64,67,10,0,55,187.31,0,-1,45,-999,-1,0,0,0,0,0,0,0,"keyboard-worker","OK",1783702478662,24748,464
318,1783702478812,24899,24898,0,-2,0,0,0,0,64,67,10,0,55,187.31,0,-2,45,-998,-1,0,0,0,0,0,0,0,"keyboard-worker","OK",1783702478812,24898,467
319,1783702478913,25000,24999,0,-2,0,0,0,0,64,67,10,0,55,186.99,0,-3,45,-998,-1,0,0,0,0,0,0,0,"keyboard-worker","OK",1783702478912,24998,469
320,1783702479014,25101,25100,0,-2,0,0,0,0,64,67,10,0,55,187.29,0,-2,46,-997,-1,0,0,0,0,0,0,0,"keyboard-worker","OK",1783702479012,25099,471
321,1783702479116,25203,25202,0,-2,0,0,0,0,64,67,10,0,55,187.4,0,-3,47,-996,-1,0,0,0,0,0,0,0,"keyboard-worker","OK",1783702479113,25199,473
322,1783702479218,25305,25304,0,-2,0,0,0,0,64,67,10,0,55,187.36,0,-2,48,-1000,-1,0,0,0,0,0,0,0,"keyboard-worker","OK",1783702479213,25299,475
323,1783702479324,25411,25410,0,-2,0,0,0,0,64,67,10,0,55,187.4,0,-3,47,-1000,-1,0,0,0,0,0,0,0,"keyboard-worker","OK",1783702479313,25399,477
324,1783702479426,25513,25513,0,-2,0,0,0,0,64,67,10,0,55,187.43,0,-3,46,-998,-1,0,0,0,0,0,0,0,"keyboard-worker","OK",1783702479413,25500,479
325,1783702479528,25615,25614,0,-2,0,0,0,0,64,67,10,0,55,187.13,0,-2,46,-999,-1,0,0,0,0,0,0,0,"keyboard-worker","OK",1783702479514,25600,481
326,1783702479631,25718,25717,0,-2,0,0,0,0,64,67,10,0,55,187.27,0,-3,46,-1001,-1,0,0,0,0,0,0,0,"keyboard-worker","OK",1783702479614,25700,483
327,1783702479728,25815,25814,0,-2,0,0,0,0,64,66,10,0,55,187.39,0,-2,46,-999,-1,0,0,0,0,0,0,0,"keyboard-worker","OK",1783702479714,25800,485
328,1783702479830,25917,25916,0,-2,0,0,0,0,64,66,10,0,55,187.32,0,-1,44,-1000,-1,0,0,0,0,0,0,0,"keyboard-worker","OK",1783702479814,25900,487
329,1783702479932,26019,26018,0,-2,0,0,0,0,64,66,10,0,55,187.24,0,-3,44,-999,-1,0,0,0,0,0,0,0,"keyboard-worker","OK",1783702479914,26001,489
330,1783702480034,26121,26120,0,-2,0,0,0,0,64,66,10,0,55,187.28,0,-4,46,-998,-1,0,0,0,0,0,0,0,"keyboard-worker","OK",1783702480015,26101,491
331,1783702480087,26174,26173,0,-2,0,0,0,0,64,66,10,0,55,187.68,0,-4,46,-997,-1,0,0,0,0,0,0,0,"keyboard-worker","OK",1783702480065,26151,492
332,1783702480190,26277,26277,0,-2,0,0,0,0,64,66,10,0,55,187.18,0,0,45,-997,-1,0,0,0,0,0,0,0,"keyboard-worker","OK",1783702480165,26251,494
333,1783702480295,26382,26381,0,-2,0,0,0,0,64,66,10,0,55,187.18,0,-3,46,-1001,-1,0,0,0,0,0,0,0,"keyboard-worker","OK",1783702480265,26352,496
334,1783702480396,26483,26483,0,-2,0,0,0,0,64,66,10,0,55,187.14,0,-2,47,-997,-1,0,0,0,0,0,0,0,"keyboard-worker","OK",1783702480366,26452,498
335,1783702480495,26582,26581,0,-2,0,0,0,0,64,66,10,0,55,187.37,0,-3,46,-997,-1,0,0,0,0,0,0,0,"keyboard-worker","OK",1783702480466,26552,500
336,1783702480599,26686,26685,0,-2,0,0,0,0,64,66,10,0,55,187.19,0,-2,46,-999,-1,0,0,0,0,0,0,0,"keyboard-worker","OK",1783702480566,26652,502
337,1783702480697,26784,26783,0,-2,0,0,0,0,65,67,10,0,55,187.36,0,-2,47,-1003,-1,0,0,0,0,0,0,0,"keyboard-worker","OK",1783702480666,26752,504
338,1783702480799,26886,26885,0,-2,0,0,0,0,65,67,10,0,55,187.28,0,-1,45,-998,-1,0,0,0,0,0,0,0,"keyboard-worker","OK",1783702480766,26853,506
339,1783702480901,26988,26987,0,-2,0,0,0,0,65,67,10,0,55,187.27,0,-2,46,-1000,-1,0,0,0,0,0,0,0,"keyboard-worker","OK",1783702480867,26953,508
340,1783702481003,27090,27089,0,-2,0,0,0,0,65,67,10,0,55,187.04,0,-4,45,-995,-1,0,0,0,0,0,0,0,"keyboard-worker","OK",1783702480967,27053,510
341,1783702481105,27192,27191,0,-2,0,0,0,0,65,67,10,0,55,187.17,0,-3,46,-997,-1,0,0,0,0,0,0,0,"keyboard-worker","OK",1783702481067,27153,512
342,1783702481207,27294,27293,0,-2,0,0,0,0,65,67,10,0,55,187.4,0,-2,47,-998,-1,0,0,0,0,0,0,0,"keyboard-worker","OK",1783702481168,27254,514
343,1783702481309,27396,27395,0,-2,0,0,0,0,65,67,10,0,55,187.36,0,-2,49,-1000,-1,0,0,0,0,0,0,0,"keyboard-worker","OK",1783702481268,27354,516
344,1783702481411,27498,27497,0,-2,0,0,0,0,65,67,10,0,55,187.51,0,-1,46,-997,-1,0,0,0,0,0,0,0,"keyboard-worker","OK",1783702481368,27454,518
345,1783702481513,27600,27599,0,-2,0,0,0,0,65,67,10,0,55,187.1,0,-3,45,-1000,-1,0,0,0,0,0,0,0,"keyboard-worker","OK",1783702481468,27554,520
346,1783702481615,27702,27701,0,-2,0,0,0,0,65,67,10,0,55,187.48,0,-3,48,-995,-1,0,0,0,0,0,0,0,"keyboard-worker","OK",1783702481569,27655,522
347,1783702481717,27804,27803,0,-2,0,0,0,0,65,67,10,0,55,187.51,0,-3,47,-1001,-1,0,0,0,0,0,0,0,"keyboard-worker","OK",1783702481669,27755,524
348,1783702481822,27909,27908,0,-2,0,0,0,0,65,67,10,0,55,187.37,0,-3,47,-998,-1,0,0,0,0,0,0,0,"keyboard-worker","OK",1783702481819,27905,527
349,1783702481924,28011,28010,0,-2,0,0,0,0,65,67,10,0,55,187.31,0,-1,46,-999,-1,0,0,0,0,0,0,0,"keyboard-worker","OK",1783702481919,28006,529
350,1783702482027,28114,28113,0,-2,0,0,0,0,65,67,10,0,55,187.2,0,-2,47,-997,-1,0,0,0,0,0,0,0,"keyboard-worker","OK",1783702482020,28106,531
351,1783702482127,28214,28213,0,-2,0,0,0,0,65,67,10,0,55,187.44,0,-3,46,-995,-1,0,0,0,0,0,0,0,"keyboard-worker","OK",1783702482120,28206,533
352,1783702482229,28316,28315,0,-2,0,0,0,0,65,67,10,0,55,187.23,0,-2,46,-997,-1,0,0,0,0,0,0,0,"keyboard-worker","OK",1783702482220,28306,535
353,1783702482329,28416,28415,0,-2,0,0,0,0,65,67,10,0,55,187.19,0,-2,47,-996,-1,0,0,0,0,0,0,0,"keyboard-worker","OK",1783702482321,28407,537
354,1783702482432,28519,28518,0,-2,0,0,0,0,65,67,10,0,55,187.4,0,-2,47,-999,-1,0,0,0,0,0,0,0,"keyboard-worker","OK",1783702482421,28507,539
355,1783702482534,28621,28620,0,-2,0,0,0,0,65,67,10,0,55,187.23,0,-3,46,-997,-1,0,0,0,0,0,0,0,"keyboard-worker","OK",1783702482521,28607,541
356,1783702482636,28723,28722,0,-2,0,0,0,0,65,67,10,0,55,187.2,0,-2,47,-1000,-1,0,0,0,0,0,0,0,"keyboard-worker","OK",1783702482622,28708,543
357,1783702482738,28825,28824,0,-2,0,0,0,0,64,67,10,0,55,187.25,0,-3,46,-998,-1,0,0,0,0,0,0,0,"keyboard-worker","OK",1783702482722,28808,545
358,1783702482840,28927,28926,0,-2,0,0,0,0,64,67,10,0,55,187.58,0,-3,46,-998,-1,0,0,0,0,0,0,0,"keyboard-worker","OK",1783702482822,28908,547
359,1783702482942,29029,29028,0,-2,0,0,0,0,64,67,10,0,55,187.61,0,-1,46,-996,-1,0,0,0,0,0,0,0,"keyboard-worker","OK",1783702482922,29008,549
360,1783702483044,29131,29130,0,-2,0,0,0,0,64,67,10,0,55,187.12,0,-3,45,-998,-1,0,0,0,0,0,0,0,"keyboard-worker","OK",1783702483022,29109,551
361,1783702483146,29233,29232,0,-2,0,0,0,0,64,67,10,0,55,187.37,0,-2,45,-998,-1,0,0,0,0,0,0,0,"keyboard-worker","OK",1783702483123,29209,553
362,1783702483248,29335,29334,0,-2,0,0,0,0,64,67,10,0,55,187.41,0,-2,46,-997,-1,0,0,0,0,0,0,0,"keyboard-worker","OK",1783702483223,29309,555
363,1783702483350,29437,29436,0,-2,0,0,0,0,64,67,10,0,55,187.46,0,-2,46,-999,-1,0,0,0,0,0,0,0,"keyboard-worker","OK",1783702483323,29410,557
364,1783702483401,29488,29487,0,-2,0,0,0,0,64,67,10,0,55,187.36,0,-5,47,-998,-1,0,0,0,0,0,0,0,"keyboard-worker","OK",1783702483374,29460,558
365,1783702483503,29590,29589,0,-2,0,0,0,0,64,67,10,0,55,187.63,0,-2,45,-1000,-1,0,0,0,0,0,0,0,"keyboard-worker","OK",1783702483474,29560,560
366,1783702483605,29692,29692,0,-2,0,0,0,0,64,67,10,0,55,187.33,0,-2,46,-998,-1,0,0,0,0,0,0,0,"keyboard-worker","OK",1783702483574,29660,562
367,1783702483707,29794,29793,0,-2,0,0,0,0,64,67,10,0,55,187.17,0,-2,47,-1000,-1,0,0,0,0,0,0,0,"keyboard-worker","OK",1783702483674,29761,564
368,1783702483809,29896,29895,0,-2,0,0,0,0,64,67,10,0,55,187.47,0,-2,46,-998,-1,0,0,0,0,0,0,0,"keyboard-worker","OK",1783702483775,29861,566
369,1783702483911,29998,29997,0,-2,0,0,0,0,64,67,10,0,55,187.15,0,-2,46,-997,-1,0,0,0,0,0,0,0,"keyboard-worker","OK",1783702483875,29961,568
370,1783702484013,30100,30099,0,-2,0,0,0,0,64,67,10,0,55,187.27,0,-2,46,-996,-1,0,0,0,0,0,0,0,"keyboard-worker","OK",1783702483975,30061,570
371,1783702484115,30202,30201,0,-2,0,0,0,0,64,67,10,0,55,187.05,0,-4,46,-997,-1,0,0,0,0,0,0,0,"keyboard-worker","OK",1783702484075,30162,572
372,1783702484217,30304,30303,0,-2,0,0,0,0,64,67,10,0,55,187.22,0,-2,48,-999,-1,0,0,0,0,0,0,0,"keyboard-worker","OK",1783702484176,30262,574
373,1783702484321,30408,30407,0,-2,0,0,0,0,64,67,10,0,55,187.71,0,0,46,-997,-1,0,0,0,0,0,0,0,"keyboard-worker","OK",1783702484276,30362,576
374,1783702484426,30513,30512,0,-2,0,0,0,0,64,67,10,0,55,187.48,0,-2,46,-998,-1,0,0,0,0,0,0,0,"keyboard-worker","OK",1783702484426,30513,579
375,1783702484527,30614,30613,0,-2,0,0,0,0,64,67,10,0,55,187.07,0,-3,47,-999,-1,0,0,0,0,0,0,0,"keyboard-worker","OK",1783702484527,30613,581
376,1783702484627,30714,30713,0,-2,0,0,0,0,64,67,10,0,55,187.4,0,-1,46,-997,-1,0,0,0,0,0,0,0,"keyboard-worker","OK",1783702484627,30713,583
377,1783702484729,30816,30815,0,-2,0,0,0,0,65,67,10,0,55,187.28,0,-1,45,-998,-1,0,0,0,0,0,0,0,"keyboard-worker","OK",1783702484727,30813,585
378,1783702484831,30918,30917,0,-2,0,0,0,0,65,67,10,0,55,187.24,0,-1,46,-997,-1,0,0,0,0,0,0,0,"keyboard-worker","OK",1783702484827,30914,587
379,1783702484933,31020,31019,0,-2,0,0,0,0,65,67,10,0,55,187.49,0,-3,46,-1000,-1,0,0,0,0,0,0,0,"keyboard-worker","OK",1783702484928,31014,589
380,1783702485035,31122,31121,0,-2,0,0,0,0,65,67,10,0,55,187.15,0,-3,47,-1000,-1,0,0,0,0,0,0,0,"keyboard-worker","OK",1783702485028,31114,591
381,1783702485137,31224,31223,0,-2,0,0,0,0,65,67,10,0,55,187.52,0,-4,48,-1000,-1,0,0,0,0,0,0,0,"keyboard-worker","OK",1783702485128,31214,593
382,1783702485239,31326,31325,0,-2,0,0,0,0,65,67,10,0,55,187.27,0,-1,47,-999,-1,0,0,0,0,0,0,0,"keyboard-worker","OK",1783702485228,31315,595
383,1783702485341,31428,31427,0,-2,0,0,0,0,65,67,10,0,55,187.37,0,-3,46,-1000,-1,0,0,0,0,0,0,0,"keyboard-worker","OK",1783702485329,31415,597
384,1783702485443,31530,31529,0,-2,0,0,0,0,65,67,10,0,55,187.41,0,-2,47,-996,-1,0,0,0,0,0,0,0,"keyboard-worker","OK",1783702485429,31515,599
385,1783702485545,31632,31631,0,-2,0,0,0,0,65,67,10,0,55,187.35,0,-3,45,-996,-1,0,0,0,0,0,0,0,"keyboard-worker","OK",1783702485529,31615,601
386,1783702485647,31734,31733,0,-2,0,0,0,0,65,67,10,0,55,187.2,0,-4,47,-999,-1,0,0,0,0,0,0,0,"keyboard-worker","OK",1783702485629,31715,603
387,1783702485749,31836,31835,0,-2,0,0,0,0,65,67,10,0,54,187.15,0,-2,45,-999,-1,0,0,0,0,0,0,0,"keyboard-worker","OK",1783702485729,31816,605
388,1783702485852,31939,31938,0,-2,0,0,0,0,65,67,10,0,54,187.41,0,-1,46,-999,-1,0,0,0,0,0,0,0,"keyboard-worker","OK",1783702485830,31916,607
389,1783702485959,32046,32045,0,-2,0,0,0,0,65,67,10,0,54,187.53,0,-1,46,-997,-1,0,0,0,0,0,0,0,"keyboard-worker","OK",1783702485930,32016,609
390,1783702486056,32143,32142,0,-2,0,0,0,0,65,67,10,0,54,187.64,0,-2,46,-997,-1,0,0,0,0,0,0,0,"keyboard-worker","OK",1783702486030,32117,611
391,1783702486162,32249,32248,0,-2,0,0,0,0,65,67,10,0,54,187.11,0,-2,46,-999,-1,0,0,0,0,0,0,0,"keyboard-worker","OK",1783702486131,32217,613
392,1783702486261,32348,32347,0,-2,0,0,0,0,65,67,10,0,54,187.14,0,-3,48,-1000,-1,0,0,0,0,0,0,0,"keyboard-worker","OK",1783702486231,32317,615
393,1783702486311,32398,32397,0,-2,0,0,0,0,65,67,10,0,54,187.39,0,-1,46,-997,-1,0,0,0,0,0,0,0,"keyboard-worker","OK",1783702486281,32367,616
394,1783702486413,32500,32499,0,-2,0,0,0,0,65,67,10,0,54,187.54,0,-2,46,-998,-1,0,0,0,0,0,0,0,"keyboard-worker","OK",1783702486381,32467,618
395,1783702486515,32602,32601,0,-2,0,0,0,0,65,67,10,0,54,187.27,0,-3,45,-999,-1,0,0,0,0,0,0,0,"keyboard-worker","OK",1783702486482,32568,620
396,1783702486618,32705,32704,0,-2,0,0,0,0,65,67,10,0,54,187.53,0,-3,47,-998,-1,0,0,0,0,0,0,0,"keyboard-worker","OK",1783702486582,32668,622
397,1783702486770,32857,32856,0,-2,0,0,0,0,64,67,10,0,54,187.14,0,-3,45,-998,-1,0,0,0,0,0,0,0,"keyboard-worker","OK",1783702486732,32818,625
398,1783702486826,32913,32912,0,-2,0,0,0,0,64,67,10,0,54,187.25,0,-2,45,-996,-1,0,0,0,0,0,0,0,"keyboard-worker","OK",1783702486782,32868,626
399,1783702486927,33014,33013,0,-2,0,0,0,0,64,67,10,0,54,187.31,0,-3,47,-998,-1,0,0,0,0,0,0,0,"keyboard-worker","OK",1783702486882,32969,628
400,1783702487027,33114,33113,0,-2,0,0,0,0,64,67,10,0,54,187.41,0,-1,47,-1001,-1,0,0,0,0,0,0,0,"keyboard-worker","OK",1783702486983,33069,630
401,1783702487127,33214,33213,0,-2,0,0,0,0,64,67,10,0,54,187.35,0,-3,47,-998,-1,0,0,0,0,0,0,0,"keyboard-worker","OK",1783702487083,33169,632
402,1783702487228,33315,33314,0,-2,0,0,0,0,64,67,10,0,54,187.35,0,-2,45,-1000,-1,0,0,0,0,0,0,0,"keyboard-worker","OK",1783702487183,33269,634
403,1783702487330,33417,33416,0,-2,0,0,0,0,64,67,10,0,54,187.12,0,-2,46,-996,-1,0,0,0,0,0,0,0,"keyboard-worker","OK",1783702487283,33370,636
404,1783702487433,33520,33519,0,-2,0,0,0,0,64,67,10,0,54,187.34,0,-1,46,-999,-1,0,0,0,0,0,0,0,"keyboard-worker","OK",1783702487384,33470,638
405,1783702487535,33622,33621,0,-2,0,0,0,0,64,67,10,0,54,187.43,0,-2,48,-1000,-1,0,0,0,0,0,0,0,"keyboard-worker","OK",1783702487534,33620,641
406,1783702487637,33724,33723,0,-2,0,0,0,0,64,67,10,0,54,187.18,0,-4,47,-999,-1,0,0,0,0,0,0,0,"keyboard-worker","OK",1783702487634,33721,643
407,1783702487739,33826,33825,0,-2,0,0,0,0,65,68,10,0,54,187.08,0,-2,45,-998,-1,0,0,0,0,0,0,0,"keyboard-worker","OK",1783702487735,33821,645
408,1783702487841,33928,33927,0,-2,0,0,0,0,65,68,10,0,54,187.16,0,-2,45,-998,-1,0,0,0,0,0,0,0,"keyboard-worker","OK",1783702487835,33921,647
409,1783702487943,34030,34029,0,-2,0,0,0,0,65,68,10,0,54,187.37,0,-3,45,-997,-1,0,0,0,0,0,0,0,"keyboard-worker","OK",1783702487935,34021,649
410,1783702488045,34132,34131,0,-2,0,0,0,0,65,68,10,0,54,187.39,0,-3,44,-999,-1,0,0,0,0,0,0,0,"keyboard-worker","OK",1783702488035,34122,651
411,1783702488147,34234,34233,0,-2,0,0,0,0,65,68,10,0,54,187.52,0,-2,46,-997,-1,0,0,0,0,0,0,0,"keyboard-worker","OK",1783702488136,34222,653
412,1783702488249,34336,34335,0,-2,0,0,0,0,65,68,10,0,54,187.26,0,-4,46,-999,-1,0,0,0,0,0,0,0,"keyboard-worker","OK",1783702488236,34322,655
413,1783702488351,34438,34437,0,-2,0,0,0,0,65,68,10,0,54,187.33,0,-2,47,-1000,-1,0,0,0,0,0,0,0,"keyboard-worker","OK",1783702488336,34422,657
414,1783702488455,34542,34542,0,-2,0,0,0,0,65,68,10,0,54,187.36,0,-2,46,-1002,-1,0,0,0,0,0,0,0,"keyboard-worker","OK",1783702488436,34522,659
415,1783702488556,34643,34642,0,-2,0,0,0,0,65,68,10,0,54,187.31,0,-2,46,-1001,-1,0,0,0,0,0,0,0,"keyboard-worker","OK",1783702488537,34623,661
416,1783702488660,34747,34746,0,-2,0,0,0,0,65,68,10,0,54,187.31,0,-3,46,-997,-1,0,0,0,0,0,0,0,"keyboard-worker","OK",1783702488637,34723,663
417,1783702488762,34849,34848,0,-2,0,0,0,0,64,67,10,0,54,187.22,0,-3,45,-998,-1,0,0,0,0,0,0,0,"keyboard-worker","OK",1783702488737,34823,665
418,1783702488864,34951,34950,0,-2,0,0,0,0,64,67,10,0,54,187.11,0,-2,47,-998,-1,0,0,0,0,0,0,0,"keyboard-worker","OK",1783702488837,34924,667
419,1783702488964,35051,35050,0,-2,0,0,0,0,64,67,10,0,54,187.31,0,-4,46,-997,-1,0,0,0,0,0,0,0,"keyboard-worker","OK",1783702488938,35024,669
420,1783702489066,35153,35152,0,-2,0,0,0,0,64,67,10,0,54,187.12,0,-3,45,-999,-1,0,0,0,0,0,0,0,"keyboard-worker","OK",1783702489038,35124,671
421,1783702489168,35255,35254,0,-2,0,0,0,0,64,67,10,0,54,187.27,0,-5,46,-998,-1,0,0,0,0,0,0,0,"keyboard-worker","OK",1783702489138,35224,673
422,1783702489270,35357,35356,0,-2,0,0,0,0,64,67,10,0,54,187.4,0,-3,48,-998,-1,0,0,0,0,0,0,0,"keyboard-worker","OK",1783702489238,35325,675
423,1783702489372,35459,35458,0,-2,0,0,0,0,64,67,10,0,54,187.58,0,-2,46,-999,-1,0,0,0,0,0,0,0,"keyboard-worker","OK",1783702489339,35425,677
424,1783702489474,35561,35560,0,-2,0,0,0,0,64,67,10,0,54,187.27,0,-1,47,-1001,-1,0,0,0,0,0,0,0,"keyboard-worker","OK",1783702489439,35525,679
425,1783702489529,35616,35615,0,-2,0,0,0,0,64,67,10,0,54,187.15,0,-1,45,-999,-1,0,0,0,0,0,0,0,"keyboard-worker","OK",1783702489489,35575,680
426,1783702489629,35716,35715,0,-2,0,0,0,0,64,67,10,0,54,187.61,0,-2,46,-996,-1,0,0,0,0,0,0,0,"keyboard-worker","OK",1783702489589,35675,682
427,1783702489730,35817,35816,0,-2,0,0,0,0,65,68,10,0,54,187.42,0,-2,47,-997,-1,0,0,0,0,0,0,0,"keyboard-worker","OK",1783702489689,35776,684
428,1783702489830,35917,35917,0,-2,0,0,0,0,65,68,10,0,54,187.39,0,-1,46,-998,-1,0,0,0,0,0,0,0,"keyboard-worker","OK",1783702489790,35876,686
429,1783702489933,36020,36020,0,-2,0,0,0,0,65,68,10,0,54,187.22,0,-2,47,-1001,-1,0,0,0,0,0,0,0,"keyboard-worker","OK",1783702489890,35976,688
430,1783702490035,36122,36121,0,-2,0,0,0,0,65,68,10,0,54,187.38,0,-3,45,-998,-1,0,0,0,-25,0,0,0,"keyboard-worker","OK",1783702489990,36076,690
431,1783702490139,36226,36225,0,-2,0,0,0,0,65,68,10,0,54,187.13,0,-3,47,-997,-1,0,0,0,-25,0,0,0,"keyboard-worker","OK",1783702490090,36177,692
432,1783702490240,36327,36327,0,-2,0,0,0,0,65,68,10,0,54,187.31,0,-2,46,-1000,-1,0,0,0,-25,0,0,0,"keyboard-worker","OK",1783702490191,36277,694
433,1783702490342,36429,36428,0,-2,0,0,0,0,65,68,10,0,54,187.4,0,-2,44,-998,-1,0,0,0,0,0,0,0,"keyboard-worker","OK",1783702490341,36427,697
434,1783702490446,36533,36532,0,-2,0,0,0,0,65,68,10,0,54,187.53,0,-3,47,-1002,-1,0,0,0,0,0,0,0,"keyboard-worker","OK",1783702490441,36528,699
435,1783702490550,36637,36636,0,-2,0,0,0,0,65,68,10,0,54,187.43,0,-5,47,-999,-1,0,0,0,0,0,0,0,"keyboard-worker","OK",1783702490542,36628,701
436,1783702490648,36735,36734,0,-2,0,0,0,0,65,68,10,0,54,187.46,0,-4,46,-999,-1,0,0,0,0,0,0,0,"keyboard-worker","OK",1783702490642,36728,703
437,1783702490750,36837,36836,0,-2,0,0,0,0,65,67,10,0,54,187.25,0,-1,47,-996,-1,0,0,0,0,0,0,0,"keyboard-worker","OK",1783702490742,36828,705
438,1783702490857,36944,36943,0,-2,0,0,0,0,65,67,10,0,54,187.13,0,-1,44,-995,-1,0,0,0,0,0,0,0,"keyboard-worker","OK",1783702490842,36929,707
439,1783702490961,37048,37047,0,-2,0,0,0,0,65,67,10,0,54,187.3,0,-3,45,-998,-1,0,0,0,0,0,0,0,"keyboard-worker","OK",1783702490943,37029,709
440,1783702491055,37142,37141,0,-2,0,0,0,0,65,67,10,0,54,187.4,0,-5,48,-997,-1,0,0,0,0,0,0,0,"keyboard-worker","OK",1783702491043,37129,711
441,1783702491167,37254,37254,0,-2,0,0,0,0,65,67,10,0,54,187.5,0,-4,44,-1001,-1,0,0,0,0,0,0,0,"keyboard-worker","OK",1783702491143,37229,713
442,1783702491262,37349,37349,0,-2,0,0,0,0,65,67,10,0,54,187.68,0,-1,47,-998,-1,0,0,0,0,0,0,0,"keyboard-worker","OK",1783702491243,37330,715
443,1783702491363,37450,37450,0,-2,0,0,0,0,65,67,10,0,54,187.2,0,-3,44,-998,-1,0,0,0,0,0,0,0,"keyboard-worker","OK",1783702491344,37430,717
444,1783702491465,37552,37551,0,-2,0,0,0,0,65,67,10,0,54,187.07,0,-3,47,-999,-1,0,0,0,0,0,0,0,"keyboard-worker","OK",1783702491444,37530,719
445,1783702491565,37652,37652,0,-2,0,0,0,0,65,67,10,0,54,187.38,0,-2,45,-997,-1,0,0,0,0,0,0,0,"keyboard-worker","OK",1783702491544,37630,721
446,1783702491667,37754,37754,0,-2,0,0,0,0,65,67,10,0,54,187.1,0,-2,45,-1000,-1,0,0,0,0,0,0,0,"keyboard-worker","OK",1783702491644,37731,723
447,1783702491769,37856,37856,0,-2,0,0,0,0,65,67,10,0,54,187.39,0,-3,46,-998,-1,0,0,0,0,0,0,0,"keyboard-worker","OK",1783702491745,37831,725
448,1783702491872,37959,37958,0,-2,0,0,0,0,65,67,10,0,54,187.55,0,0,45,-1001,-1,0,0,0,0,0,0,0,"keyboard-worker","OK",1783702491845,37931,727
449,1783702491974,38061,38060,0,-2,0,0,0,0,65,67,10,0,54,187.36,0,-2,47,-993,-1,0,0,0,0,0,0,0,"keyboard-worker","OK",1783702491945,38031,729
450,1783702492076,38163,38162,0,-2,0,0,0,0,65,67,10,0,54,187.35,0,-2,46,-997,-1,0,0,0,0,0,0,0,"keyboard-worker","OK",1783702492045,38132,731
451,1783702492177,38264,38264,0,-2,0,0,0,0,65,67,10,0,54,187.31,0,-3,47,-998,-1,0,0,0,0,0,0,0,"keyboard-worker","OK",1783702492146,38232,733
452,1783702492279,38366,38366,0,-2,0,0,0,0,65,67,10,0,54,187.23,0,-1,50,-1000,-1,0,0,0,0,0,0,0,"keyboard-worker","OK",1783702492246,38332,735
453,1783702492381,38468,38468,0,-2,0,0,0,0,65,67,10,0,54,187.14,0,-2,46,-999,-1,0,0,0,0,0,0,0,"keyboard-worker","OK",1783702492346,38432,737
454,1783702492484,38571,38570,0,-2,0,0,0,0,65,67,10,0,54,187.04,0,-1,47,-998,-1,0,0,0,0,0,0,0,"keyboard-worker","OK",1783702492447,38533,739
455,1783702492588,38675,38674,0,-2,0,0,0,0,65,67,10,0,54,187.37,0,-2,46,-996,-1,0,0,0,0,0,0,0,"keyboard-worker","OK",1783702492547,38633,741
456,1783702492690,38777,38777,0,-2,0,0,0,0,65,67,10,0,54,187.21,0,-4,46,-1001,-1,0,0,0,0,0,0,0,"keyboard-worker","OK",1783702492647,38733,743
457,1783702492793,38880,38880,0,-2,0,0,0,0,65,67,10,0,54,187.18,0,-2,48,-1001,-1,0,0,0,0,0,0,0,"keyboard-worker","OK",1783702492747,38834,745
458,1783702492894,38981,38980,0,-2,0,0,0,0,65,67,10,0,54,187.34,0,-2,46,-999,-1,0,0,0,0,0,0,0,"keyboard-worker","OK",1783702492848,38934,747
459,1783702492943,39030,39029,0,-2,0,0,0,0,65,67,10,0,54,187.17,0,-2,46,-999,-1,0,0,0,0,0,0,0,"keyboard-worker","OK",1783702492898,38984,748
460,1783702493046,39133,39132,0,-2,0,0,0,0,65,67,10,0,54,187.07,0,-3,46,-997,-1,0,0,0,0,0,0,0,"keyboard-worker","OK",1783702492998,39084,750
461,1783702493147,39234,39233,0,-2,0,0,0,0,65,67,10,0,54,187.14,0,-3,47,-997,-1,0,0,0,0,25,0,0,"keyboard-worker","OK",1783702493098,39184,752
462,1783702493248,39335,39335,0,-2,0,0,0,0,65,67,10,0,54,187.03,0,-1,47,-998,-1,0,0,0,0,0,0,0,"keyboard-worker","OK",1783702493248,39335,755
463,1783702493353,39440,39439,0,-2,0,0,0,0,65,67,10,0,54,187.02,0,-2,45,-999,-1,0,0,0,0,0,0,0,"keyboard-worker","OK",1783702493349,39435,757
464,1783702493459,39546,39545,0,-2,0,0,0,0,65,67,10,0,54,187.22,0,-4,46,-999,-1,0,0,0,0,0,0,0,"keyboard-worker","OK",1783702493449,39535,759
465,1783702493560,39647,39646,0,-2,0,0,0,0,65,67,10,0,54,187.23,0,-4,45,-997,-1,0,0,0,0,0,0,0,"keyboard-worker","OK",1783702493549,39635,761
466,1783702493661,39748,39747,0,-2,0,0,0,0,65,67,10,0,54,187.54,0,-3,46,-999,-1,0,0,0,0,0,0,0,"keyboard-worker","OK",1783702493649,39736,763
467,1783702493765,39852,39851,0,-2,0,0,0,0,65,67,10,0,54,187.21,0,-3,45,-1001,-1,0,0,0,0,0,0,0,"keyboard-worker","OK",1783702493750,39836,765
468,1783702493862,39949,39948,0,-2,0,0,0,0,65,67,10,0,54,187.22,0,-2,48,-1001,-1,0,0,0,0,0,0,0,"keyboard-worker","OK",1783702493850,39936,767
469,1783702493962,40049,40049,0,-2,0,0,0,0,65,67,10,0,54,187.02,0,-2,47,-996,-1,0,0,0,0,0,0,0,"keyboard-worker","OK",1783702493950,40036,769
470,1783702494065,40152,40152,0,-2,0,0,0,0,65,67,10,0,54,187.23,0,-2,46,-997,-1,0,0,0,0,0,0,0,"keyboard-worker","OK",1783702494050,40137,771
471,1783702494167,40254,40254,0,-2,0,0,0,0,65,67,10,0,54,187.21,0,-2,46,-999,-1,0,0,0,0,0,0,0,"keyboard-worker","OK",1783702494151,40237,773
472,1783702494269,40356,40356,0,-2,0,0,0,0,65,67,10,0,54,187.4,0,-1,47,-997,-1,0,0,0,0,0,0,0,"keyboard-worker","OK",1783702494251,40337,775
473,1783702494371,40458,40458,0,-2,0,0,0,0,65,67,10,0,54,187.48,0,-3,47,-998,-1,0,0,0,0,0,0,0,"keyboard-worker","OK",1783702494351,40437,777
474,1783702494474,40561,40560,0,-2,0,0,0,0,65,67,10,0,54,187.21,0,-5,45,-998,-1,0,0,0,0,0,0,0,"keyboard-worker","OK",1783702494451,40538,779
475,1783702494575,40662,40662,0,-2,0,0,0,0,65,67,10,0,54,187.14,0,-2,47,-996,-1,0,0,0,0,0,0,0,"keyboard-worker","OK",1783702494552,40638,781
476,1783702494677,40764,40764,0,-2,0,0,0,0,65,67,10,0,54,187.33,0,-2,47,-1002,-1,0,0,0,0,0,0,0,"keyboard-worker","OK",1783702494652,40738,783
477,1783702494779,40866,40866,0,-2,0,0,0,0,65,67,10,0,54,187.09,0,-2,47,-997,-1,0,0,0,0,0,0,0,"keyboard-worker","OK",1783702494752,40838,785
478,1783702494881,40968,40968,0,-2,0,0,0,0,65,67,10,0,54,187,0,-3,47,-998,-1,0,0,0,0,0,0,0,"keyboard-worker","OK",1783702494852,40939,787
479,1783702494983,41070,41070,0,-2,0,0,0,0,65,67,10,0,54,187.38,0,-3,47,-998,-1,0,0,0,0,0,0,0,"keyboard-worker","OK",1783702494953,41039,789
480,1783702495087,41174,41174,0,-2,0,0,0,0,65,67,10,0,54,187.42,0,-3,47,-999,-1,0,0,0,0,0,0,0,"keyboard-worker","OK",1783702495053,41139,791
481,1783702495192,41279,41278,0,-2,0,0,0,0,65,67,10,0,54,187.29,0,-1,47,-999,-1,0,0,0,0,0,0,0,"keyboard-worker","OK",1783702495153,41239,793
482,1783702495294,41381,41380,0,-2,0,0,0,0,65,67,10,0,54,187.39,0,-2,46,-998,-1,0,0,0,0,0,0,0,"keyboard-worker","OK",1783702495253,41340,795
483,1783702495396,41483,41482,0,-2,0,0,0,0,65,67,10,0,54,187.42,0,-1,46,-1002,-1,0,0,0,0,0,0,0,"keyboard-worker","OK",1783702495354,41440,797
484,1783702495494,41581,41581,0,-2,0,0,0,0,65,67,10,0,54,187.36,0,-3,47,-999,-1,0,0,0,0,0,0,0,"keyboard-worker","OK",1783702495454,41540,799
485,1783702495595,41682,41681,0,-2,0,0,0,0,65,67,10,0,54,187.03,0,-2,47,-1002,-1,0,0,0,0,0,0,0,"keyboard-worker","OK",1783702495554,41640,801
486,1783702495697,41784,41783,0,-2,0,0,0,0,65,67,10,0,54,187.18,0,0,48,-1001,-1,0,0,0,0,0,0,0,"keyboard-worker","OK",1783702495654,41741,803
487,1783702495799,41886,41886,0,-2,0,0,0,0,65,68,10,0,54,186.96,0,-1,45,-998,-1,0,0,0,0,0,0,0,"keyboard-worker","OK",1783702495755,41841,805
488,1783702495902,41989,41988,0,-2,0,0,0,0,65,68,10,0,54,187.01,0,-2,47,-999,-1,0,0,0,0,0,0,0,"keyboard-worker","OK",1783702495855,41941,807
489,1783702496004,42091,42090,0,-2,0,0,0,0,65,68,10,0,54,187.27,0,-2,46,-997,-1,0,0,0,0,0,0,0,"keyboard-worker","OK",1783702495955,42041,809
490,1783702496105,42192,42191,0,-2,0,0,0,0,65,68,10,0,54,187.15,0,-5,47,-998,-1,0,0,0,0,0,0,0,"keyboard-worker","OK",1783702496055,42142,811
491,1783702496208,42295,42294,0,-2,0,0,0,0,65,68,10,0,54,187.02,0,0,46,-999,-1,0,0,0,0,0,0,0,"keyboard-worker","OK",1783702496206,42292,814
492,1783702496263,42350,42349,0,-2,0,0,0,0,65,68,10,0,54,187.7,0,-2,45,-999,-1,0,0,0,0,0,0,0,"keyboard-worker","OK",1783702496256,42342,815
493,1783702496362,42449,42448,0,-2,0,0,0,0,65,68,10,0,54,187.36,0,-3,46,-1001,-1,0,0,0,0,0,0,0,"keyboard-worker","OK",1783702496356,42442,817
494,1783702496467,42554,42553,0,-2,0,0,0,0,65,68,10,0,54,187.21,0,-4,46,-998,-1,0,0,0,0,0,0,0,"keyboard-worker","OK",1783702496457,42543,819
495,1783702496566,42653,42653,0,-2,0,0,0,0,65,68,10,0,54,187.27,0,-2,45,-997,-1,0,0,0,0,0,0,0,"keyboard-worker","OK",1783702496557,42643,821
496,1783702496667,42754,42753,0,-2,0,0,0,0,65,68,10,0,54,187.63,0,-2,45,-998,-1,0,0,0,0,0,0,0,"keyboard-worker","OK",1783702496657,42743,823
497,1783702496769,42856,42855,0,-2,0,0,0,0,65,68,10,0,54,187.09,0,-5,46,-997,-1,0,0,0,0,0,0,0,"keyboard-worker","OK",1783702496757,42843,825
498,1783702496871,42958,42958,0,-2,0,0,0,0,65,68,10,0,54,187.08,0,-4,46,-1000,-1,0,0,0,0,0,0,0,"keyboard-worker","OK",1783702496857,42944,827
499,1783702496973,43060,43059,0,-2,0,0,0,0,65,68,10,0,54,187.55,0,-2,46,-1001,-1,0,0,0,0,0,0,0,"keyboard-worker","OK",1783702496958,43044,829
500,1783702497075,43162,43161,0,-2,0,0,0,0,65,68,10,0,54,187.65,0,-2,47,-1001,-1,0,0,0,25,0,0,0,"keyboard-worker","OK",1783702497058,43144,831
501,1783702497177,43264,43264,0,-2,0,0,0,0,65,68,10,0,54,187.5,0,-2,46,-995,-1,0,0,0,25,0,0,0,"keyboard-worker","OK",1783702497158,43244,833
502,1783702497283,43370,43369,0,-2,0,0,0,0,65,68,10,0,54,187.17,0,-3,46,-994,-1,0,0,0,0,0,0,0,"keyboard-worker","OK",1783702497258,43345,835
503,1783702497381,43468,43467,0,-2,0,0,0,0,65,68,10,0,54,187.24,0,-4,45,-994,-1,0,0,0,0,0,0,0,"keyboard-worker","OK",1783702497359,43445,837
504,1783702497485,43572,43571,0,-2,0,0,0,0,65,68,10,0,54,187.41,0,-2,46,-998,-1,0,0,0,0,0,0,0,"keyboard-worker","OK",1783702497459,43545,839
505,1783702497588,43675,43674,0,-2,0,0,0,0,65,68,10,0,54,187.34,0,-2,46,-999,-1,0,0,0,0,0,0,0,"keyboard-worker","OK",1783702497559,43645,841
506,1783702497691,43778,43777,0,-2,0,0,0,0,65,68,10,0,54,187.15,0,-2,46,-999,-1,0,0,0,0,0,0,0,"keyboard-worker","OK",1783702497659,43746,843
507,1783702497791,43878,43877,0,-2,0,0,0,0,65,68,10,0,54,187.26,0,-2,47,-998,-1,0,0,0,0,0,0,0,"keyboard-worker","OK",1783702497760,43846,845
508,1783702497893,43980,43980,0,-2,0,0,0,0,65,68,10,0,54,187.27,0,-2,46,-1000,-1,0,0,0,0,0,0,0,"keyboard-worker","OK",1783702497860,43946,847
509,1783702497995,44082,44081,0,-2,0,0,0,0,65,68,10,0,54,187.19,0,-2,46,-996,-1,0,0,0,0,0,0,0,"keyboard-worker","OK",1783702497960,44046,849
510,1783702498095,44182,44181,0,-2,0,0,0,0,65,68,10,0,54,187.32,0,-3,49,-999,-1,0,0,0,0,0,0,0,"keyboard-worker","OK",1783702498060,44147,851
511,1783702498197,44284,44283,0,-2,0,0,0,0,65,68,10,0,54,187.23,0,-2,46,-1000,-1,0,0,0,0,0,0,0,"keyboard-worker","OK",1783702498161,44247,853
512,1783702498299,44386,44385,0,-2,0,0,0,0,65,68,10,0,54,187.34,0,-1,46,-996,-1,0,0,0,0,0,0,0,"keyboard-worker","OK",1783702498261,44347,855
513,1783702498401,44488,44487,0,-2,0,0,0,0,65,68,10,0,54,187.29,0,-2,47,-998,-1,0,0,0,0,0,0,0,"keyboard-worker","OK",1783702498361,44447,857
514,1783702498503,44590,44589,0,-2,0,0,0,0,65,68,10,0,54,187.27,0,-4,48,-999,-1,0,0,0,0,0,0,0,"keyboard-worker","OK",1783702498461,44548,859
515,1783702498605,44692,44691,0,-2,0,0,0,0,65,68,10,0,54,187.11,0,-4,46,-1000,-1,0,0,0,0,0,0,0,"keyboard-worker","OK",1783702498562,44648,861
516,1783702498707,44794,44793,0,-2,0,0,0,0,65,68,10,0,54,187.06,0,-2,46,-998,-1,0,0,0,0,0,0,0,"keyboard-worker","OK",1783702498662,44748,863
517,1783702498809,44896,44895,0,-2,0,0,0,0,65,68,10,0,54,187.49,0,-1,46,-998,-1,0,0,0,0,0,0,0,"keyboard-worker","OK",1783702498762,44848,865
518,1783702498913,45000,44999,0,-2,0,0,0,0,65,68,10,0,54,187.35,0,0,47,-998,-1,0,0,0,0,0,0,0,"keyboard-worker","OK",1783702498913,44999,868
519,1783702499013,45100,45099,0,-2,0,0,0,0,65,68,10,0,54,187.15,0,-1,45,-996,-1,0,0,0,0,0,0,0,"keyboard-worker","OK",1783702499013,45099,870
520,1783702499115,45202,45201,0,-2,0,0,0,0,65,68,10,0,54,187.53,0,-4,45,-1001,-1,0,0,0,0,0,0,0,"keyboard-worker","OK",1783702499113,45199,872
521,1783702499217,45304,45303,0,-2,0,0,0,0,65,68,10,0,54,187.32,0,-4,46,-998,-1,0,0,0,0,0,0,0,"keyboard-worker","OK",1783702499213,45300,874
522,1783702499328,45415,45415,0,-2,0,0,0,0,65,68,10,0,54,187.69,0,-2,45,-1001,-1,0,0,0,0,0,0,0,"keyboard-worker","OK",1783702499314,45400,876
523,1783702499423,45510,45510,0,-2,0,0,0,0,65,68,10,0,54,187.26,0,-2,46,-998,-1,0,0,0,0,0,0,0,"keyboard-worker","OK",1783702499414,45500,878
524,1783702499528,45615,45614,0,-2,0,0,0,0,65,68,10,0,54,187.05,0,-3,45,-1000,-1,0,0,0,0,0,0,0,"keyboard-worker","OK",1783702499514,45600,880
525,1783702499626,45713,45712,0,-2,0,0,0,0,65,68,10,0,54,187.2,0,-2,43,-999,-1,0,0,0,0,0,0,0,"keyboard-worker","OK",1783702499614,45701,882
526,1783702499676,45763,45762,0,-2,0,0,0,0,65,68,10,0,54,187.07,0,-2,46,-997,-1,0,0,0,0,0,0,0,"keyboard-worker","OK",1783702499664,45751,883
527,1783702499829,45916,45915,0,-2,0,0,0,0,65,67,10,0,54,187.24,0,-5,47,-999,-1,0,0,0,0,0,0,0,"keyboard-worker","OK",1783702499815,45901,886
528,1783702499931,46018,46017,0,-2,0,0,0,0,65,67,10,0,54,187.06,0,-1,47,-1001,-1,0,0,0,0,0,0,0,"keyboard-worker","OK",1783702499915,46001,888
529,1783702499982,46069,46068,0,-2,0,0,0,0,65,67,10,0,54,187.22,0,-2,46,-997,-1,0,0,0,0,0,0,0,"keyboard-worker","OK",1783702499965,46051,889
530,1783702500088,46175,46174,0,-2,0,0,0,0,65,67,10,0,54,187.15,0,-3,47,-997,-1,0,0,0,0,0,0,0,"keyboard-worker","OK",1783702500065,46152,891
531,1783702500190,46277,46276,0,-2,0,0,0,0,65,67,10,0,54,187.2,0,-2,44,-998,-1,0,0,0,0,0,0,0,"keyboard-worker","OK",1783702500166,46252,893
532,1783702500296,46383,46382,0,-2,0,0,0,0,65,67,10,0,54,187.37,0,-2,46,-998,-1,0,0,0,0,0,0,0,"keyboard-worker","OK",1783702500266,46352,895
533,1783702500395,46482,46481,0,-2,0,0,0,0,65,67,10,0,54,187.09,0,-3,47,-1002,-1,0,0,0,0,0,0,0,"keyboard-worker","OK",1783702500366,46452,897
534,1783702500495,46582,46581,0,-2,0,0,0,0,65,67,10,0,54,187.33,0,-2,46,-999,-1,0,0,0,0,0,0,0,"keyboard-worker","OK",1783702500466,46553,899
535,1783702500596,46683,46682,0,-2,0,0,0,0,65,67,10,0,54,187.35,0,-4,45,-997,-1,0,0,0,0,0,0,0,"keyboard-worker","OK",1783702500567,46653,901
536,1783702500699,46786,46785,0,-2,0,0,0,0,65,67,10,0,54,187.09,0,-3,46,-1002,-1,0,0,0,0,0,0,0,"keyboard-worker","OK",1783702500667,46753,903
537,1783702500800,46887,46886,0,-2,0,0,0,0,66,67,10,0,54,187.21,0,-3,46,-999,-1,0,0,0,0,0,0,0,"keyboard-worker","OK",1783702500767,46853,905
538,1783702500902,46989,46988,0,-2,0,0,0,0,66,67,10,0,54,187.36,0,-4,47,-998,-1,0,0,0,0,0,0,0,"keyboard-worker","OK",1783702500867,46954,907
539,1783702501004,47091,47090,0,-2,0,0,0,0,66,67,10,0,54,187.17,0,-4,46,-1002,-1,0,0,0,0,0,0,0,"keyboard-worker","OK",1783702500968,47054,909
540,1783702501107,47194,47194,0,-2,0,0,0,0,66,67,10,0,54,187.1,0,-2,46,-997,-1,0,0,0,0,0,0,0,"keyboard-worker","OK",1783702501068,47154,911
541,1783702501208,47295,47294,0,-2,0,0,0,0,66,67,10,0,54,187.35,0,-4,47,-998,-1,0,0,0,0,0,0,0,"keyboard-worker","OK",1783702501168,47254,913
542,1783702501310,47397,47396,0,-2,0,0,0,0,66,67,10,0,54,187.04,0,-2,47,-999,-1,0,0,0,0,0,0,0,"keyboard-worker","OK",1783702501268,47355,915
543,1783702501412,47499,47498,0,-2,0,0,0,0,66,67,10,0,54,187.15,0,-3,46,-998,-1,0,0,0,0,-25,0,0,"keyboard-worker","OK",1783702501369,47455,917
544,1783702501514,47601,47600,0,-2,0,0,0,0,66,67,10,0,54,186.99,0,-6,47,-996,-1,0,0,0,0,-25,0,0,"keyboard-worker","OK",1783702501469,47555,919
545,1783702501616,47703,47702,0,-2,0,0,0,0,66,67,10,0,54,187.39,0,-3,48,-998,-1,0,0,0,0,-25,0,0,"keyboard-worker","OK",1783702501569,47655,921
546,1783702501719,47806,47805,0,-2,0,0,0,0,66,67,10,0,54,187.27,0,-1,47,-999,-1,0,0,0,0,0,0,0,"keyboard-worker","OK",1783702501669,47756,923
547,1783702501824,47911,47910,0,-2,0,0,0,0,66,68,10,0,54,187.06,0,-1,46,-999,-1,0,0,0,0,0,0,0,"keyboard-worker","OK",1783702501820,47906,926
548,1783702501926,48013,48012,0,-2,0,0,0,0,66,68,10,0,54,187.48,0,-3,45,-996,-1,0,0,0,0,0,0,0,"keyboard-worker","OK",1783702501920,48006,928
549,1783702502029,48116,48115,0,-2,0,0,0,0,66,68,10,0,54,187.13,0,-3,46,-997,-1,0,0,0,0,0,0,0,"keyboard-worker","OK",1783702502020,48106,930
550,1783702502129,48216,48215,0,-2,0,0,0,0,66,68,10,0,54,186.85,0,-3,44,-1000,-1,0,0,0,0,0,0,0,"keyboard-worker","OK",1783702502120,48207,932
551,1783702502229,48316,48316,0,-2,0,0,0,0,66,68,10,0,54,187.26,0,-1,46,-1002,-1,0,0,0,0,0,0,0,"keyboard-worker","OK",1783702502221,48307,934
552,1783702502330,48417,48417,0,-2,0,0,0,0,66,68,10,0,54,187.52,0,-3,46,-999,-1,0,0,0,0,0,0,0,"keyboard-worker","OK",1783702502321,48407,936
553,1783702502433,48520,48519,0,-2,0,0,0,0,66,68,10,0,54,187.23,0,-2,45,-995,-1,0,0,0,0,0,0,0,"keyboard-worker","OK",1783702502421,48507,938
554,1783702502535,48622,48621,0,-2,0,0,0,0,66,68,10,0,54,187.45,0,-3,47,-998,-1,0,0,0,0,0,0,0,"keyboard-worker","OK",1783702502522,48608,940
555,1783702502637,48724,48723,0,-2,0,0,0,0,66,68,10,0,54,187.34,0,-4,48,-1000,-1,0,0,0,0,0,0,0,"keyboard-worker","OK",1783702502622,48708,942
556,1783702502739,48826,48825,0,-2,0,0,0,0,66,68,10,0,54,186.98,0,-1,46,-1002,-1,0,0,0,0,0,0,0,"keyboard-worker","OK",1783702502722,48808,944
557,1783702502841,48928,48927,0,-2,0,0,0,0,65,68,10,0,54,187.1,0,0,43,-1002,-1,0,0,0,0,0,0,0,"keyboard-worker","OK",1783702502822,48908,946
558,1783702502943,49030,49029,0,-2,0,0,0,0,65,68,10,0,54,187.31,0,-2,45,-997,-1,0,0,0,0,0,0,0,"keyboard-worker","OK",1783702502922,49009,948
559,1783702503045,49132,49131,0,-2,0,0,0,0,65,68,10,0,54,187.25,0,-6,46,-998,-1,0,0,0,0,0,0,0,"keyboard-worker","OK",1783702503023,49109,950
560,1783702503096,49183,49182,0,-2,0,0,0,0,65,68,10,0,54,187.14,0,-3,47,-998,-1,0,0,0,0,0,0,0,"keyboard-worker","OK",1783702503073,49159,951
561,1783702503198,49285,49284,0,-2,0,0,0,0,65,68,10,0,54,187.09,0,-2,46,-1001,-1,0,0,0,0,0,0,0,"keyboard-worker","OK",1783702503173,49259,953
562,1783702503300,49387,49386,0,-2,0,0,0,0,65,68,10,0,54,187.33,0,-1,45,-999,-1,0,0,0,0,0,0,0,"keyboard-worker","OK",1783702503273,49360,955
563,1783702503402,49489,49488,0,-2,0,0,0,0,65,68,10,0,54,186.96,0,-3,45,-996,-1,0,0,0,0,0,0,0,"keyboard-worker","OK",1783702503374,49460,957
564,1783702503504,49591,49590,0,-2,0,0,0,0,65,68,10,0,54,187.14,0,-3,47,-997,-1,0,0,0,0,0,0,0,"keyboard-worker","OK",1783702503474,49560,959
565,1783702503606,49693,49692,0,-2,0,0,0,0,65,68,10,0,54,187.3,0,-5,46,-1000,-1,0,0,0,0,0,0,0,"keyboard-worker","OK",1783702503574,49660,961
566,1783702503708,49795,49795,0,-2,0,0,0,0,65,68,10,0,54,187.08,0,-2,46,-1002,-1,0,0,0,0,0,0,0,"keyboard-worker","OK",1783702503674,49761,963
567,1783702503810,49897,49896,0,-2,0,0,0,0,65,67,10,0,54,186.98,0,-2,46,-1000,-1,0,0,0,0,0,0,0,"keyboard-worker","OK",1783702503775,49861,965
568,1783702503913,50000,50000,0,-2,0,0,0,0,65,67,10,0,54,187.1,0,-3,45,-995,-1,0,0,0,0,0,0,0,"keyboard-worker","OK",1783702503875,49961,967
569,1783702504016,50103,50102,0,-2,0,0,0,0,65,67,10,0,54,187.4,0,-3,46,-998,-1,0,0,0,0,0,0,0,"keyboard-worker","OK",1783702503975,50061,969
570,1783702504118,50205,50204,0,-2,0,0,0,0,65,67,10,0,54,187.55,0,-2,48,-1000,-1,0,0,0,0,0,0,0,"keyboard-worker","OK",1783702504075,50162,971
571,1783702504218,50305,50304,0,-2,0,0,0,0,65,67,10,0,54,187.08,0,-4,46,-1001,-1,0,0,0,0,0,0,0,"keyboard-worker","OK",1783702504176,50262,973
572,1783702504323,50410,50409,0,-2,0,0,0,0,65,67,10,0,54,187.28,0,-4,47,-997,-1,0,0,0,0,0,0,0,"keyboard-worker","OK",1783702504276,50362,975
573,1783702504430,50517,50516,0,-2,0,0,0,0,65,67,10,0,54,187.23,0,-4,45,-998,-1,0,0,0,0,0,0,0,"keyboard-worker","OK",1783702504426,50512,978
574,1783702504529,50616,50615,0,-2,0,0,0,0,65,67,10,0,54,187.45,0,-2,46,-997,-1,0,0,0,0,0,0,0,"keyboard-worker","OK",1783702504526,50613,980
575,1783702504627,50714,50713,0,-2,0,0,0,0,65,67,10,0,54,186.95,0,-1,46,-999,-1,0,0,0,0,0,0,0,"keyboard-worker","OK",1783702504627,50713,982
576,1783702504729,50816,50815,0,-2,0,0,0,0,65,67,10,0,54,187.36,0,-2,47,-995,-1,0,0,0,0,0,0,0,"keyboard-worker","OK",1783702504727,50813,984
577,1783702504831,50918,50917,0,-2,0,0,0,0,65,67,10,0,54,187.19,0,-2,45,-996,-1,0,0,0,0,0,0,0,"keyboard-worker","OK",1783702504827,50913,986
578,1783702504932,51019,51018,0,-2,0,0,0,0,65,67,10,0,54,187.28,0,-4,47,-1000,-1,0,0,0,0,0,0,0,"keyboard-worker","OK",1783702504927,51014,988
579,1783702505035,51122,51121,0,-2,0,0,0,0,65,67,10,0,54,187.12,0,-4,45,-998,-1,0,0,0,0,0,0,0,"keyboard-worker","OK",1783702505028,51114,990
580,1783702505137,51224,51223,0,-2,0,0,0,0,65,67,10,0,54,187.26,0,-2,45,-1001,-1,0,0,0,0,0,0,0,"keyboard-worker","OK",1783702505128,51214,992
581,1783702505239,51326,51325,0,-2,0,0,0,0,65,67,10,0,54,187.27,0,-4,45,-998,-1,0,0,0,0,0,0,0,"keyboard-worker","OK",1783702505228,51314,994
582,1783702505341,51428,51427,0,-2,0,0,0,0,65,67,10,0,54,187.23,0,-4,46,-998,-1,0,0,0,0,0,25,0,"keyboard-worker","OK",1783702505328,51415,996
583,1783702505444,51531,51531,0,-2,0,0,0,0,65,67,10,0,54,187.07,0,-4,47,-999,-1,0,0,0,0,0,25,0,"keyboard-worker","OK",1783702505429,51515,998
584,1783702505545,51632,51631,0,-2,0,0,0,0,65,67,10,0,54,187.07,0,0,47,-997,-1,0,0,0,0,0,0,0,"keyboard-worker","OK",1783702505529,51615,1000
585,1783702505647,51734,51733,0,-2,0,0,0,0,65,67,10,0,54,187.21,0,-2,47,-999,-1,0,0,0,0,0,0,0,"keyboard-worker","OK",1783702505629,51715,1002
586,1783702505749,51836,51835,0,-2,0,0,0,0,65,67,10,0,54,187.2,0,-2,46,-997,-1,0,0,0,0,0,0,0,"keyboard-worker","OK",1783702505729,51816,1004
587,1783702505851,51938,51937,0,-2,0,0,0,0,65,68,10,0,54,187.39,0,-3,47,-999,-1,0,0,0,0,0,0,0,"keyboard-worker","OK",1783702505830,51916,1006
588,1783702505955,52042,52041,0,-2,0,0,0,0,65,68,10,0,54,187.2,0,-4,46,-1000,-1,0,0,0,0,0,0,0,"keyboard-worker","OK",1783702505930,52016,1008
589,1783702506055,52142,52141,0,-2,0,0,0,0,65,68,10,0,54,187.21,0,-2,46,-998,-1,0,0,0,0,0,0,0,"keyboard-worker","OK",1783702506030,52116,1010
590,1783702506106,52193,52192,0,-2,0,0,0,0,65,68,10,0,54,187.23,0,-2,46,-999,-1,0,0,0,0,0,0,0,"keyboard-worker","OK",1783702506080,52167,1011
591,1783702506208,52295,52294,0,-2,0,0,0,0,65,68,10,0,54,186.97,0,-2,46,-998,-1,0,0,0,0,0,0,0,"keyboard-worker","OK",1783702506181,52267,1013
592,1783702506310,52397,52396,0,-2,0,0,0,0,65,68,10,0,54,186.99,0,-5,47,-998,-1,0,0,0,0,0,0,0,"keyboard-worker","OK",1783702506281,52367,1015
593,1783702506412,52499,52498,0,-2,0,0,0,0,65,68,10,0,54,187.27,0,-4,48,-998,-1,0,0,0,0,0,0,0,"keyboard-worker","OK",1783702506381,52467,1017
594,1783702506514,52601,52600,0,-2,0,0,0,0,65,68,10,0,54,187.1,0,-1,46,-1001,-1,0,0,0,0,0,0,0,"keyboard-worker","OK",1783702506481,52568,1019
595,1783702506616,52703,52702,0,-2,0,0,0,0,65,68,10,0,54,187.16,0,0,46,-1000,-1,0,0,0,0,0,0,0,"keyboard-worker","OK",1783702506582,52668,1021
596,1783702506721,52808,52807,0,-2,0,0,0,0,65,68,10,0,54,187.32,0,-3,47,-1000,-1,0,0,0,0,0,0,0,"keyboard-worker","OK",1783702506682,52768,1023
597,1783702506824,52911,52911,0,-2,0,0,0,0,66,68,10,0,54,187.18,0,-4,47,-1001,-1,0,0,0,0,0,0,0,"keyboard-worker","OK",1783702506782,52868,1025
598,1783702506925,53012,53011,0,-2,0,0,0,0,66,68,10,0,54,187.12,0,-1,45,-998,-1,0,0,0,0,0,0,0,"keyboard-worker","OK",1783702506882,52969,1027
599,1783702507027,53114,53113,0,-2,0,0,0,0,66,68,10,0,54,187.22,0,-2,45,-998,-1,0,0,0,0,0,0,0,"keyboard-worker","OK",1783702506983,53069,1029
600,1783702507126,53213,53212,0,-2,0,0,0,0,66,68,10,0,54,187.34,0,-3,45,-995,-1,0,0,0,0,0,0,0,"keyboard-worker","OK",1783702507083,53169,1031
601,1783702507228,53315,53314,0,-2,0,0,0,0,66,68,10,0,54,187.03,0,-4,45,-1000,-1,0,0,0,0,0,0,0,"keyboard-worker","OK",1783702507183,53269,1033
602,1783702507330,53417,53416,0,-2,0,0,0,0,66,68,10,0,54,187.1,0,0,47,-1001,-1,0,0,0,0,0,0,0,"keyboard-worker","OK",1783702507283,53370,1035
603,1783702507432,53519,53518,0,-2,0,0,0,0,66,68,10,0,54,187.32,0,-2,46,-998,-1,0,0,0,0,0,0,0,"keyboard-worker","OK",1783702507384,53470,1037
604,1783702507534,53621,53620,0,-2,0,0,0,0,66,68,10,0,54,187.25,0,-4,46,-997,-1,0,0,0,0,0,0,0,"keyboard-worker","OK",1783702507534,53620,1040
605,1783702507636,53723,53722,0,-2,0,0,0,0,66,68,10,0,54,187.26,0,-1,45,-997,-1,0,0,0,0,0,0,0,"keyboard-worker","OK",1783702507634,53720,1042
606,1783702507738,53825,53824,0,-2,0,0,0,0,66,68,10,0,54,187.05,0,-1,45,-999,-1,0,0,0,0,0,0,0,"keyboard-worker","OK",1783702507735,53821,1044
607,1783702507840,53927,53926,0,-2,0,0,0,0,66,69,10,0,54,187.2,0,-2,45,-998,-1,0,0,0,0,0,0,0,"keyboard-worker","OK",1783702507835,53921,1046
608,1783702507942,54029,54028,0,-2,0,0,0,0,66,69,10,0,54,187,0,-4,46,-996,-1,0,0,0,0,0,0,0,"keyboard-worker","OK",1783702507935,54021,1048
609,1783702508044,54131,54130,0,-2,0,0,0,0,66,69,10,0,54,187.57,0,-4,45,-996,-1,0,0,0,0,0,0,0,"keyboard-worker","OK",1783702508035,54122,1050
610,1783702508146,54233,54232,0,-2,0,0,0,0,66,69,10,0,54,187.24,0,-3,46,-997,-1,0,0,0,0,0,0,0,"keyboard-worker","OK",1783702508136,54222,1052
611,1783702508248,54335,54334,0,-2,0,0,0,0,66,69,10,0,54,187.09,0,-4,47,-998,-1,0,0,0,0,0,0,0,"keyboard-worker","OK",1783702508236,54322,1054
612,1783702508350,54437,54436,0,-2,0,0,0,0,66,69,10,0,54,187.15,0,0,45,-997,-1,0,0,0,0,0,0,0,"keyboard-worker","OK",1783702508336,54422,1056
613,1783702508453,54540,54540,0,-2,0,0,0,0,66,69,10,0,54,187.14,0,-4,48,-1001,-1,0,0,0,0,0,0,0,"keyboard-worker","OK",1783702508436,54523,1058
614,1783702508558,54645,54644,0,-2,0,0,0,0,66,69,10,0,54,187.15,0,-4,47,-999,-1,0,0,0,0,0,0,0,"keyboard-worker","OK",1783702508537,54623,1060
615,1783702508659,54746,54745,0,-2,0,0,0,0,66,69,10,0,54,187.2,0,-2,47,-999,-1,0,0,0,0,0,0,0,"keyboard-worker","OK",1783702508637,54723,1062
616,1783702508761,54848,54847,0,-2,0,0,0,0,66,69,10,0,54,187.36,0,-2,44,-998,-1,0,0,0,0,0,0,0,"keyboard-worker","OK",1783702508737,54823,1064
617,1783702508861,54948,54948,0,-2,0,0,0,0,66,68,10,0,54,187.49,0,-4,47,-998,-1,0,0,0,0,0,0,0,"keyboard-worker","OK",1783702508837,54924,1066
618,1783702508963,55050,55049,0,-2,0,0,0,0,66,68,10,0,54,187.2,0,-3,46,-999,-1,0,0,0,0,0,0,0,"keyboard-worker","OK",1783702508938,55024,1068
619,1783702509065,55152,55151,0,-2,0,0,0,0,66,68,10,0,54,187.11,0,-3,47,-997,-1,0,0,0,0,0,0,0,"keyboard-worker","OK",1783702509038,55124,1070
620,1783702509167,55254,55253,0,-2,0,0,0,0,66,68,10,0,54,186.98,0,-2,46,-1001,-1,0,0,0,0,0,0,0,"keyboard-worker","OK",1783702509138,55224,1072
621,1783702509269,55356,55355,0,-2,0,0,0,0,66,68,10,0,54,187.03,0,-3,46,-1000,-1,0,0,0,0,0,0,0,"keyboard-worker","OK",1783702509239,55325,1074
622,1783702509371,55458,55457,0,-2,0,0,0,0,66,68,10,0,54,187.29,0,-2,45,-997,-1,0,0,0,0,0,0,-25,"keyboard-worker","OK",1783702509339,55425,1076
623,1783702509425,55512,55511,0,-2,0,0,0,0,66,68,10,0,54,186.98,0,-3,48,-997,-1,0,0,0,0,0,0,-25,"keyboard-worker","OK",1783702509389,55475,1077
624,1783702509527,55614,55613,0,-2,0,0,0,0,66,68,10,0,54,187.05,0,-4,46,-999,-1,0,0,0,0,0,0,-25,"keyboard-worker","OK",1783702509489,55575,1079
625,1783702509627,55714,55713,0,-2,0,0,0,0,66,68,10,0,54,187.34,0,-3,46,-1000,-1,0,0,0,0,0,0,0,"keyboard-worker","OK",1783702509589,55676,1081
626,1783702509728,55815,55814,0,-2,0,0,0,0,66,68,10,0,54,187.24,0,-2,46,-1001,-1,0,0,0,0,0,0,0,"keyboard-worker","OK",1783702509690,55776,1083
627,1783702509830,55917,55916,0,-2,0,0,0,0,66,68,10,0,54,187.29,0,-2,46,-997,-1,0,0,0,0,0,0,0,"keyboard-worker","OK",1783702509790,55876,1085
628,1783702509932,56019,56018,0,-2,0,0,0,0,66,68,10,0,54,186.95,0,-2,45,-997,-1,0,0,0,0,0,0,0,"keyboard-worker","OK",1783702509890,55976,1087
629,1783702510034,56121,56120,0,-2,0,0,0,0,66,68,10,0,54,187.46,0,-1,47,-999,-1,0,0,0,0,0,0,0,"keyboard-worker","OK",1783702509990,56077,1089
630,1783702510136,56223,56222,0,-2,0,0,0,0,66,68,10,0,54,186.98,0,-3,46,-999,-1,0,0,0,0,0,0,0,"keyboard-worker","OK",1783702510091,56177,1091
631,1783702510238,56325,56324,0,-2,0,0,0,0,66,68,10,0,54,187.14,0,-5,45,-999,-1,0,0,0,0,0,0,0,"keyboard-worker","OK",1783702510191,56277,1093
632,1783702510340,56427,56426,0,-2,0,0,0,0,66,68,10,0,54,187.02,0,-2,47,-1000,-1,0,0,0,0,0,0,0,"keyboard-worker","OK",1783702510291,56377,1095
633,1783702510442,56529,56528,0,-2,0,0,0,0,66,68,10,0,54,187.07,0,-1,45,-997,-1,0,0,0,0,0,0,0,"keyboard-worker","OK",1783702510441,56528,1098
634,1783702510544,56631,56630,0,-2,0,0,0,0,66,68,10,0,54,187.22,0,-3,46,-1000,-1,0,0,0,0,0,0,0,"keyboard-worker","OK",1783702510542,56628,1100
635,1783702510647,56734,56733,0,-2,0,0,0,0,66,68,10,0,54,187.34,0,-3,48,-999,-1,0,0,0,0,0,0,0,"keyboard-worker","OK",1783702510642,56728,1102
636,1783702510749,56836,56835,0,-2,0,0,0,0,66,68,10,0,54,186.99,0,-4,46,-997,-1,0,0,0,0,0,0,0,"keyboard-worker","OK",1783702510742,56828,1104
637,1783702510851,56938,56937,0,-2,0,0,0,0,66,67,10,0,54,187.23,0,-4,46,-1000,-1,0,0,0,0,0,0,0,"keyboard-worker","OK",1783702510842,56929,1106
638,1783702510959,57046,57045,0,-2,0,0,0,0,66,67,10,0,54,187.23,0,0,47,-999,-1,0,0,0,0,0,0,0,"keyboard-worker","OK",1783702510943,57029,1108
639,1783702511057,57144,57143,0,-2,0,0,0,0,66,67,10,0,54,187.35,0,-1,44,-998,-1,0,0,0,0,0,0,0,"keyboard-worker","OK",1783702511043,57129,1110
640,1783702511162,57249,57248,0,-2,0,0,0,0,66,67,10,0,54,187.17,0,-4,45,-997,-1,0,0,0,0,0,0,0,"keyboard-worker","OK",1783702511143,57229,1112
641,1783702511262,57349,57349,0,-2,0,0,0,0,66,67,10,0,54,186.92,0,-4,44,-995,-1,0,0,0,0,0,0,0,"keyboard-worker","OK",1783702511243,57330,1114
642,1783702511363,57450,57449,0,-2,0,0,0,0,66,67,10,0,54,187.06,0,-2,47,-1000,-1,0,0,0,0,0,0,0,"keyboard-worker","OK",1783702511344,57430,1116
643,1783702511465,57552,57551,0,-2,0,0,0,0,66,67,10,0,54,187.03,0,-2,44,-998,-1,0,0,0,0,0,0,0,"keyboard-worker","OK",1783702511444,57530,1118
644,1783702511567,57654,57653,0,-2,0,0,0,0,66,67,10,0,54,187.16,0,-1,46,-1000,-1,0,0,0,0,0,0,0,"keyboard-worker","OK",1783702511544,57630,1120
645,1783702511669,57756,57755,0,-2,0,0,0,0,66,67,10,0,54,186.97,0,-1,46,-997,-1,0,0,0,0,0,0,0,"keyboard-worker","OK",1783702511644,57731,1122
646,1783702511771,57858,57857,0,-2,0,0,0,0,66,67,10,0,54,187.31,0,-2,46,-998,-1,0,0,0,0,0,0,0,"keyboard-worker","OK",1783702511745,57831,1124
647,1783702511873,57960,57959,0,-2,0,0,0,0,66,69,10,0,54,186.96,0,-4,48,-999,-1,0,0,0,0,0,0,0,"keyboard-worker","OK",1783702511845,57931,1126
648,1783702511975,58062,58061,0,-2,0,0,0,0,66,69,10,0,54,187.07,0,-1,47,-998,-1,0,0,0,0,0,0,0,"keyboard-worker","OK",1783702511945,58031,1128
649,1783702512077,58164,58163,0,-2,0,0,0,0,66,69,10,0,54,186.98,0,-2,48,-998,-1,0,0,0,0,0,0,0,"keyboard-worker","OK",1783702512045,58132,1130
650,1783702512179,58266,58265,0,-2,0,0,0,0,66,69,10,0,54,187.11,0,-3,44,-997,-1,0,0,0,0,0,0,0,"keyboard-worker","OK",1783702512146,58232,1132
651,1783702512281,58368,58367,0,-2,0,0,0,0,66,69,10,0,54,187.34,0,0,47,-999,-1,0,0,0,0,0,0,0,"keyboard-worker","OK",1783702512246,58332,1134
652,1783702512383,58470,58469,0,-2,0,0,0,0,66,69,10,0,54,187.27,0,-3,46,-999,-1,0,0,0,0,0,0,0,"keyboard-worker","OK",1783702512346,58432,1136
653,1783702512485,58572,58571,0,-2,0,0,0,0,66,69,10,0,54,187.3,0,-4,45,-999,-1,0,0,0,0,0,0,0,"keyboard-worker","OK",1783702512446,58533,1138
654,1783702512535,58622,58622,0,-2,0,0,0,0,66,69,10,0,54,186.99,0,-2,44,-998,-1,0,0,0,0,0,0,0,"keyboard-worker","OK",1783702512497,58583,1139
655,1783702512638,58725,58724,0,-2,0,0,0,0,66,69,10,0,54,187.17,0,-1,45,-999,-1,0,0,0,0,0,0,0,"keyboard-worker","OK",1783702512597,58683,1141
656,1783702512740,58827,58826,0,-2,0,0,0,0,66,69,10,0,54,187.33,0,-3,46,-1000,-1,0,0,0,0,0,0,0,"keyboard-worker","OK",1783702512697,58783,1143
657,1783702512842,58929,58928,0,-2,0,0,0,0,66,68,10,0,54,187.31,0,0,47,-998,-1,0,0,0,0,0,0,0,"keyboard-worker","OK",1783702512797,58883,1145
658,1783702512944,59031,59030,0,-2,0,0,0,0,66,68,10,0,54,187.09,0,-3,46,-1000,-1,0,0,0,0,0,0,0,"keyboard-worker","OK",1783702512897,58983,1147
659,1783702513045,59132,59132,0,-2,0,0,0,0,66,68,10,0,54,187.27,0,-5,46,-996,-1,0,0,0,0,0,0,0,"keyboard-worker","OK",1783702512997,59084,1149
660,1783702513148,59235,59234,0,-2,0,0,0,0,66,68,10,0,54,187.31,0,-2,45,-997,-1,0,0,0,0,0,0,0,"keyboard-worker","OK",1783702513148,59234,1152
661,1783702513250,59337,59336,0,-2,0,0,0,0,66,68,10,0,54,187.34,0,-2,46,-1001,-1,0,0,0,0,0,-25,0,"keyboard-worker","OK",1783702513248,59334,1154
662,1783702513352,59439,59438,0,-2,0,0,0,0,66,68,10,0,54,186.88,0,-2,46,-999,-1,0,0,0,0,0,-25,0,"keyboard-worker","OK",1783702513348,59435,1156
663,1783702513456,59543,59542,0,-2,0,0,0,0,66,68,10,0,54,187.18,0,-2,47,-996,-1,0,0,0,0,0,0,0,"keyboard-worker","OK",1783702513449,59535,1158
664,1783702513560,59647,59646,0,-2,0,0,0,0,66,68,10,0,54,187.02,0,-3,47,-996,-1,0,0,0,0,0,0,0,"keyboard-worker","OK",1783702513549,59635,1160
665,1783702513659,59746,59745,0,-2,0,0,0,0,66,68,10,0,54,187.06,0,-3,47,-1001,-1,0,0,0,0,0,0,0,"keyboard-worker","OK",1783702513649,59735,1162
666,1783702513760,59847,59846,0,-2,0,0,0,0,66,68,10,0,54,186.97,0,-2,46,-998,-1,0,0,0,0,0,0,0,"keyboard-worker","OK",1783702513749,59835,1164
667,1783702513861,59948,59948,0,-2,0,0,0,0,66,68,10,0,54,187.42,0,0,47,-1001,-1,0,0,0,0,0,0,0,"keyboard-worker","OK",1783702513849,59936,1166
668,1783702513964,60051,60050,0,-2,0,0,0,0,66,68,10,0,54,187.21,0,-5,46,-994,-1,0,0,0,0,0,0,0,"keyboard-worker","OK",1783702513950,60036,1168
669,1783702514065,60152,60152,0,-2,0,0,0,0,66,68,10,0,54,187.09,0,-2,46,-998,-1,0,0,0,0,0,0,0,"keyboard-worker","OK",1783702514050,60136,1170
670,1783702514167,60254,60254,0,-2,0,0,0,0,66,68,10,0,54,187.11,0,-3,47,-1001,-1,0,0,0,0,0,0,0,"keyboard-worker","OK",1783702514150,60236,1172
671,1783702514269,60356,60356,0,-2,0,0,0,0,66,68,10,0,54,187.09,0,-2,47,-998,-1,0,0,0,0,0,0,0,"keyboard-worker","OK",1783702514251,60337,1174
672,1783702514371,60458,60458,0,-2,0,0,0,0,66,68,10,0,54,187.27,0,-1,46,-1000,-1,0,0,0,0,0,0,0,"keyboard-worker","OK",1783702514351,60437,1176
673,1783702514473,60560,60560,0,-2,0,0,0,0,66,68,10,0,54,187.21,0,-4,47,-998,-1,0,0,0,0,0,0,0,"keyboard-worker","OK",1783702514451,60537,1178
674,1783702514575,60662,60662,0,-2,0,0,0,0,66,68,10,0,54,187.37,0,-4,47,-999,-1,0,0,0,0,0,0,0,"keyboard-worker","OK",1783702514551,60638,1180
675,1783702514677,60764,60764,0,-2,0,0,0,0,66,68,10,0,54,187.13,0,-3,46,-999,-1,0,0,0,0,0,0,0,"keyboard-worker","OK",1783702514652,60738,1182
676,1783702514780,60867,60866,0,-2,0,0,0,0,66,68,10,0,54,187.53,0,-2,47,-999,-1,0,0,0,0,0,0,0,"keyboard-worker","OK",1783702514752,60838,1184
677,1783702514881,60968,60968,0,-2,0,0,0,0,66,68,10,0,54,187.02,0,-2,46,-997,-1,0,0,0,0,0,0,0,"keyboard-worker","OK",1783702514852,60938,1186
678,1783702514984,61071,61070,0,-2,0,0,0,0,66,68,10,0,54,187.33,0,-1,46,-1000,-1,0,0,0,0,0,0,0,"keyboard-worker","OK",1783702514952,61038,1188
679,1783702515088,61175,61174,0,-2,0,0,0,0,66,68,10,0,54,187.12,0,-5,47,-998,-1,0,0,0,0,0,0,0,"keyboard-worker","OK",1783702515052,61139,1190
680,1783702515189,61276,61276,0,-2,0,0,0,0,66,68,10,0,54,187.2,0,-3,47,-998,-1,0,0,0,0,0,0,0,"keyboard-worker","OK",1783702515153,61239,1192
681,1783702515295,61382,61381,0,-2,0,0,0,0,66,68,10,0,54,187.27,0,-3,46,-998,-1,0,0,0,0,0,0,0,"keyboard-worker","OK",1783702515253,61339,1194
682,1783702515393,61480,61480,0,-2,0,0,0,0,66,68,10,0,54,187.17,0,-3,45,-996,-1,0,0,0,0,0,0,0,"keyboard-worker","OK",1783702515353,61439,1196
683,1783702515494,61581,61581,0,-2,0,0,0,0,66,68,10,0,54,187.42,0,-3,47,-1002,-1,0,0,0,0,0,0,0,"keyboard-worker","OK",1783702515453,61540,1198
684,1783702515545,61632,61632,0,-2,0,0,0,0,66,68,10,0,54,187.14,0,-4,44,-997,-1,0,0,0,0,0,0,0,"keyboard-worker","OK",1783702515504,61590,1199
685,1783702515647,61734,61734,0,-2,0,0,0,0,66,68,10,0,54,187.17,0,-1,46,-1000,-1,0,0,0,0,0,0,0,"keyboard-worker","OK",1783702515604,61690,1201
686,1783702515751,61838,61837,0,-2,0,0,0,0,66,68,10,0,54,186.76,0,-3,45,-996,-1,0,0,0,0,0,0,0,"keyboard-worker","OK",1783702515704,61790,1203
687,1783702515903,61990,61990,0,-2,0,0,0,0,66,68,10,0,54,187.21,0,-3,47,-999,-1,0,0,0,0,0,0,0,"keyboard-worker","OK",1783702515855,61941,1206
688,1783702515959,62046,62045,0,-2,0,0,0,0,66,68,10,0,54,186.62,0,-1,46,-1000,-1,0,0,0,0,0,0,0,"keyboard-worker","OK",1783702515955,62041,1208
689,1783702516056,62143,62143,0,-2,0,0,0,0,66,68,10,0,54,187.13,0,-1,45,-999,-1,0,0,0,0,0,0,0,"keyboard-worker","OK",1783702516055,62141,1210
690,1783702516161,62248,62247,0,-2,0,0,0,0,66,68,10,0,54,187.07,0,-2,45,-998,-1,0,0,0,0,0,0,0,"keyboard-worker","OK",1783702516155,62241,1212
691,1783702516263,62350,62349,0,-2,0,0,0,0,66,68,10,0,54,187.26,0,-3,45,-996,-1,0,0,0,0,0,0,0,"keyboard-worker","OK",1783702516256,62342,1214
692,1783702516362,62449,62449,0,-2,0,0,0,0,66,68,10,0,54,187.14,0,-2,47,-998,-1,0,0,0,0,0,0,0,"keyboard-worker","OK",1783702516356,62442,1216
693,1783702516468,62555,62554,0,-2,0,0,0,0,66,68,10,0,54,187.32,0,-3,46,-1003,-1,0,0,0,0,0,0,0,"keyboard-worker","OK",1783702516456,62542,1218
694,1783702516566,62653,62653,0,-2,0,0,0,0,66,68,10,0,54,187.34,0,-3,45,-999,-1,0,0,0,0,0,0,0,"keyboard-worker","OK",1783702516556,62642,1220
695,1783702516668,62755,62754,0,-2,0,0,0,0,66,68,10,0,54,187.18,0,-2,46,-997,-1,0,0,0,0,0,0,0,"keyboard-worker","OK",1783702516656,62743,1222
696,1783702516770,62857,62857,0,-2,0,0,0,0,66,68,10,0,54,187.13,0,-3,45,-997,-1,0,0,0,0,0,0,0,"keyboard-worker","OK",1783702516757,62843,1224
697,1783702516872,62959,62959,0,-2,0,0,0,0,66,68,10,0,54,186.99,0,-5,47,-999,-1,0,0,0,0,0,0,0,"keyboard-worker","OK",1783702516857,62943,1226
698,1783702516974,63061,63061,0,-2,0,0,0,0,66,68,10,0,54,186.97,0,-1,47,-996,-1,0,0,0,0,0,0,0,"keyboard-worker","OK",1783702516957,63043,1228
699,1783702517076,63163,63163,0,-2,0,0,0,0,66,68,10,0,54,187.34,0,-2,47,-1001,-1,0,0,0,0,0,0,0,"keyboard-worker","OK",1783702517057,63143,1230
700,1783702517178,63265,63264,0,-2,0,0,0,0,66,68,10,0,54,187.11,0,-2,47,-999,-1,0,0,0,0,0,0,0,"keyboard-worker","OK",1783702517157,63244,1232
701,1783702517280,63367,63366,0,-2,0,0,0,0,66,68,10,0,54,187.26,0,-3,47,-996,-1,0,0,0,0,0,0,25,"keyboard-worker","OK",1783702517258,63344,1234
702,1783702517382,63469,63468,0,-2,0,0,0,0,66,68,10,0,54,186.82,0,-3,48,-996,-1,0,0,0,0,0,0,25,"keyboard-worker","OK",1783702517358,63444,1236
703,1783702517487,63574,63573,0,-2,0,0,0,0,66,68,10,0,54,186.75,0,-3,49,-1000,-1,0,0,0,0,0,0,25,"keyboard-worker","OK",1783702517458,63544,1238
704,1783702517593,63680,63679,0,-2,0,0,0,0,66,68,10,0,54,187.28,0,1,46,-999,-1,0,0,0,0,0,0,0,"keyboard-worker","OK",1783702517558,63645,1240
705,1783702517697,63784,63783,0,-2,0,0,0,0,66,68,10,0,54,186.91,0,-3,46,-995,-1,0,0,0,0,0,0,0,"keyboard-worker","OK",1783702517659,63745,1242
706,1783702517797,63884,63883,0,-2,0,0,0,0,66,68,10,0,54,187.06,0,-4,46,-994,-1,0,0,0,0,0,0,0,"keyboard-worker","OK",1783702517759,63845,1244
707,1783702517894,63981,63981,0,-2,0,0,0,0,66,69,10,0,54,187.03,0,-3,45,-1002,-1,0,0,0,0,0,0,0,"keyboard-worker","OK",1783702517859,63945,1246
708,1783702517996,64083,64082,0,-2,0,0,0,0,66,69,10,0,54,187.2,0,-2,45,-996,-1,0,0,0,0,0,0,0,"keyboard-worker","OK",1783702517959,64045,1248
709,1783702518098,64185,64185,0,-2,0,0,0,0,66,69,10,0,54,187.29,0,-3,45,-995,-1,0,0,0,0,0,0,0,"keyboard-worker","OK",1783702518059,64146,1250
710,1783702518201,64288,64287,0,-2,0,0,0,0,66,69,10,0,54,186.99,0,-3,45,-996,-1,0,0,0,0,0,0,0,"keyboard-worker","OK",1783702518160,64246,1252
711,1783702518304,64391,64390,0,-2,0,0,0,0,66,69,10,0,54,187,0,-4,47,-999,-1,0,0,0,0,0,0,0,"keyboard-worker","OK",1783702518260,64346,1254
712,1783702518407,64494,64493,0,-2,0,0,0,0,66,69,10,0,54,187.17,0,-2,46,-999,-1,0,0,0,0,0,0,0,"keyboard-worker","OK",1783702518360,64446,1256
713,1783702518507,64594,64594,0,-2,0,0,0,0,66,69,10,0,54,187.1,0,-3,44,-998,-1,0,0,0,0,0,0,0,"keyboard-worker","OK",1783702518460,64546,1258
714,1783702518609,64696,64695,0,-2,0,0,0,0,66,69,10,0,54,187,0,-3,47,-995,-1,0,0,0,0,0,0,0,"keyboard-worker","OK",1783702518560,64647,1260
715,1783702518712,64799,64798,0,-2,0,0,0,0,66,69,10,0,54,187.18,0,-1,45,-999,-1,0,0,0,0,0,0,0,"keyboard-worker","OK",1783702518711,64797,1263
716,1783702518814,64901,64900,0,-2,0,0,0,0,66,69,10,0,54,186.97,0,-3,47,-998,-1,0,0,0,0,0,0,0,"keyboard-worker","OK",1783702518811,64897,1265
717,1783702518915,65002,65001,0,-2,0,0,0,0,66,69,10,0,54,186.78,0,-3,47,-1000,-1,0,0,0,0,0,0,0,"keyboard-worker","OK",1783702518911,64998,1267
718,1783702519021,65108,65107,0,-2,0,0,0,0,66,69,10,0,54,186.98,0,-2,46,-996,-1,0,0,0,0,0,0,0,"keyboard-worker","OK",1783702519012,65098,1269
719,1783702519125,65212,65211,0,-2,0,0,0,0,66,69,10,0,54,187.2,0,0,46,-998,-1,0,0,0,0,0,0,0,"keyboard-worker","OK",1783702519112,65198,1271
720,1783702519226,65313,65312,0,-2,0,0,0,0,66,69,10,0,54,186.97,0,-3,45,-999,-1,0,0,0,0,0,0,0,"keyboard-worker","OK",1783702519212,65298,1273
721,1783702519275,65362,65361,0,-2,0,0,0,0,66,69,10,0,54,187.29,0,-3,45,-1000,-1,0,0,0,0,0,0,0,"keyboard-worker","OK",1783702519262,65348,1274
722,1783702519377,65464,65463,0,-2,0,0,0,0,66,69,10,0,54,187.16,0,-2,45,-1000,-1,0,0,0,0,0,0,0,"keyboard-worker","OK",1783702519362,65449,1276
723,1783702519479,65566,65565,0,-2,0,0,0,0,66,69,10,0,54,187.28,0,-5,47,-1001,-1,0,0,0,0,0,0,0,"keyboard-worker","OK",1783702519463,65549,1278
724,1783702519581,65668,65667,0,-2,0,0,0,0,66,69,10,0,54,187.11,0,-3,48,-1000,-1,0,0,0,0,0,0,0,"keyboard-worker","OK",1783702519563,65649,1280
725,1783702519683,65770,65770,0,-2,0,0,0,0,66,69,10,0,54,187.36,0,-3,46,-1004,-1,0,0,0,0,0,0,0,"keyboard-worker","OK",1783702519663,65749,1282
726,1783702519792,65879,65878,0,-2,0,0,0,0,66,69,10,0,54,186.88,0,-1,45,-997,-1,0,0,0,0,0,0,0,"keyboard-worker","OK",1783702519763,65849,1284
727,1783702519894,65981,65980,0,-2,0,0,0,0,67,68,10,0,54,187.25,0,-5,47,-997,-1,0,0,0,0,0,0,0,"keyboard-worker","OK",1783702519864,65950,1286
728,1783702519995,66082,66081,0,-2,0,0,0,0,67,68,10,0,54,187.2,0,-3,47,-1003,-1,0,0,0,0,0,0,0,"keyboard-worker","OK",1783702519964,66050,1288
729,1783702520093,66180,66179,0,-2,0,0,0,0,67,68,10,0,54,187.19,0,-2,45,-1001,-1,0,0,0,0,0,0,0,"keyboard-worker","OK",1783702520064,66150,1290
730,1783702520200,66287,66286,0,-2,0,0,0,0,67,68,10,0,54,187.2,0,-2,45,-998,-1,0,0,0,0,0,0,0,"keyboard-worker","OK",1783702520164,66250,1292
731,1783702520297,66384,66384,0,-2,0,0,0,0,67,68,10,0,54,187.18,0,-2,46,-1000,-1,0,0,0,0,0,0,0,"keyboard-worker","OK",1783702520264,66351,1294
732,1783702520400,66487,66486,0,-2,0,0,0,0,67,68,10,0,54,187.16,0,-3,46,-1000,-1,0,0,0,0,0,0,0,"keyboard-worker","OK",1783702520365,66451,1296
733,1783702520500,66587,66586,0,-2,0,0,0,0,67,68,10,0,54,187.12,0,-3,47,-1001,-1,0,0,0,0,0,0,0,"keyboard-worker","OK",1783702520465,66551,1298
734,1783702520602,66689,66688,0,-2,0,0,0,0,67,68,10,0,54,187.22,0,-2,49,-1000,-1,0,0,0,0,0,0,0,"keyboard-worker","OK",1783702520565,66651,1300
735,1783702520704,66791,66790,0,-2,0,0,0,0,67,68,10,0,54,187.23,0,-2,46,-998,-1,0,0,0,0,0,0,0,"keyboard-worker","OK",1783702520665,66752,1302
736,1783702520806,66893,66892,0,-2,0,0,0,0,67,68,10,0,54,187.18,0,-3,45,-996,-1,0,0,0,0,0,0,0,"keyboard-worker","OK",1783702520766,66852,1304
737,1783702520908,66995,66994,0,-2,0,0,0,0,67,69,10,0,54,187.14,0,-1,45,-998,-1,0,0,0,0,0,0,0,"keyboard-worker","OK",1783702520866,66952,1306
738,1783702521010,67097,67096,0,-2,0,0,0,0,67,69,10,0,54,187.26,0,-4,49,-998,-1,0,0,0,0,0,0,0,"keyboard-worker","OK",1783702520966,67052,1308
739,1783702521112,67199,67198,0,-2,0,0,0,0,67,69,10,0,54,187.35,0,-3,48,-999,-1,0,0,0,0,0,0,0,"keyboard-worker","OK",1783702521066,67153,1310
740,1783702521215,67302,67301,0,-2,0,0,0,0,67,69,10,0,54,187.39,0,-3,45,-998,-1,0,0,0,0,0,0,0,"keyboard-worker","OK",1783702521167,67253,1312
741,1783702521317,67404,67403,0,-2,0,0,0,0,67,69,10,0,54,187.2,0,-2,46,-1000,-1,0,0,0,0,0,0,0,"keyboard-worker","OK",1783702521317,67403,1315
742,1783702521420,67507,67506,0,-2,0,0,0,0,67,69,10,0,54,187.01,0,-1,46,-1000,-1,0,0,0,0,0,0,0,"keyboard-worker","OK",1783702521417,67503,1317
743,1783702521527,67614,67613,0,-2,0,0,0,0,67,69,10,0,54,187.2,0,-3,44,-1002,-1,0,0,0,0,0,0,0,"keyboard-worker","OK",1783702521517,67603,1319
744,1783702521624,67711,67711,0,-2,0,0,0,0,67,69,10,0,54,187.15,0,-3,45,-996,-1,0,0,0,0,0,0,0,"keyboard-worker","OK",1783702521617,67704,1321
745,1783702521726,67813,67812,0,-2,0,0,0,0,67,69,10,0,54,187.29,0,-4,47,-997,-1,0,0,0,0,0,0,0,"keyboard-worker","OK",1783702521718,67804,1323
746,1783702521828,67915,67914,0,-2,0,0,0,0,67,69,10,0,54,186.95,0,-3,46,-1000,-1,0,0,0,0,0,0,0,"keyboard-worker","OK",1783702521818,67904,1325
747,1783702521930,68017,68016,0,-2,0,0,0,0,67,69,10,0,54,186.93,0,0,46,-1002,-1,0,0,0,0,0,0,0,"keyboard-worker","OK",1783702521918,68004,1327
748,1783702522032,68119,68118,0,-2,0,0,0,0,67,69,10,0,54,187.09,0,-2,47,-998,-1,0,0,0,0,0,0,0,"keyboard-worker","OK",1783702522018,68104,1329
749,1783702522134,68221,68220,0,-2,0,0,0,0,67,69,10,0,54,187.31,0,-3,47,-998,-1,0,0,0,0,0,0,0,"keyboard-worker","OK",1783702522118,68205,1331
750,1783702522236,68323,68322,0,-2,0,0,0,0,67,69,10,0,54,187.15,0,-3,47,-999,-1,0,0,0,0,0,0,0,"keyboard-worker","OK",1783702522219,68305,1333
751,1783702522292,68379,68378,0,-2,0,0,0,0,67,69,10,0,54,187.15,0,-3,47,-999,-1,0,0,0,0,0,0,0,"keyboard-worker","OK",1783702522269,68355,1334
752,1783702522393,68480,68479,0,-2,0,0,0,0,67,69,10,0,54,186.94,0,-2,46,-1000,-1,0,0,0,0,0,0,0,"keyboard-worker","OK",1783702522369,68455,1336
753,1783702522493,68580,68579,0,-2,0,0,0,0,67,69,10,0,54,187.04,0,-2,45,-999,-1,0,0,0,0,0,0,0,"keyboard-worker","OK",1783702522469,68555,1338
754,1783702522593,68680,68679,0,-2,0,0,0,0,67,69,10,0,54,187.24,0,-2,49,-999,-1,0,0,0,0,0,0,0,"keyboard-worker","OK",1783702522569,68656,1340
755,1783702522695,68782,68781,0,-2,0,0,0,0,67,69,10,0,54,187.03,0,-2,48,-999,-1,0,0,0,0,0,0,0,"keyboard-worker","OK",1783702522670,68756,1342
756,1783702522797,68884,68883,0,-2,0,0,0,0,67,69,10,0,54,187.32,0,-3,47,-999,-1,0,0,0,0,0,0,0,"keyboard-worker","OK",1783702522770,68856,1344
757,1783702522899,68986,68985,0,-2,0,0,0,0,67,69,10,0,54,186.91,0,-2,47,-997,-1,0,0,0,0,0,0,0,"keyboard-worker","OK",1783702522870,68956,1346
758,1783702523001,69088,69087,0,-2,0,0,0,0,67,69,10,0,54,187.3,0,-3,46,-1000,-1,0,0,0,0,0,0,0,"keyboard-worker","OK",1783702522970,69056,1348
759,1783702523103,69190,69189,0,-2,0,0,0,0,67,69,10,0,54,187.27,0,-2,45,-998,-1,0,0,0,0,0,0,0,"keyboard-worker","OK",1783702523070,69157,1350
760,1783702523205,69292,69291,0,-2,0,0,0,0,67,69,10,0,54,187.09,0,-1,46,-998,-1,0,0,0,0,0,0,0,"keyboard-worker","OK",1783702523171,69257,1352
761,1783702523307,69394,69393,0,-2,0,0,0,0,67,69,10,0,54,187.08,0,-1,46,-998,-1,0,0,0,0,0,0,0,"keyboard-worker","OK",1783702523271,69357,1354
762,1783702523409,69496,69495,0,-2,0,0,0,0,67,69,10,0,54,187.1,0,-2,47,-995,-1,0,0,0,0,0,0,0,"keyboard-worker","OK",1783702523371,69457,1356
763,1783702523511,69598,69597,0,-2,0,0,0,0,67,69,10,0,54,187.02,0,-3,47,-999,-1,0,0,0,0,0,0,0,"keyboard-worker","OK",1783702523471,69558,1358
764,1783702523613,69700,69699,0,-2,0,0,0,0,67,69,10,0,54,187.03,0,-1,48,-1000,-1,0,0,0,0,0,0,0,"keyboard-worker","OK",1783702523572,69658,1360
765,1783702523715,69802,69801,0,-2,0,0,0,0,67,69,10,0,54,187.3,0,-1,47,-999,-1,0,0,0,0,0,0,0,"keyboard-worker","OK",1783702523672,69758,1362
766,1783702523820,69907,69906,0,-2,0,0,0,0,67,69,10,0,54,187.1,0,-3,46,-999,-1,0,0,0,0,0,0,0,"keyboard-worker","OK",1783702523772,69858,1364
767,1783702523925,70012,70012,0,-2,0,0,0,0,66,69,10,0,54,187.19,0,-3,46,-995,-1,0,0,0,0,0,0,0,"keyboard-worker","OK",1783702523922,70009,1367
768,1783702524026,70113,70112,0,-2,0,0,0,0,66,69,10,0,54,187.06,0,-3,47,-999,-1,0,0,0,0,0,0,0,"keyboard-worker","OK",1783702524023,70109,1369
769,1783702524127,70214,70214,0,-2,0,0,0,0,66,69,10,0,54,187.28,0,-4,46,-1000,-1,0,0,0,0,0,0,0,"keyboard-worker","OK",1783702524123,70209,1371
770,1783702524227,70314,70313,0,-2,0,0,0,0,66,69,10,0,54,186.88,0,0,48,-1000,-1,0,0,0,0,0,0,0,"keyboard-worker","OK",1783702524223,70309,1373
771,1783702524327,70414,70413,0,-2,0,0,0,0,66,69,10,0,54,187.32,0,-2,46,-996,-1,0,0,0,0,0,0,0,"keyboard-worker","OK",1783702524323,70409,1375
772,1783702524430,70517,70516,0,-2,0,0,0,0,66,69,10,0,54,187.01,0,-2,46,-996,-1,0,0,0,0,0,0,0,"keyboard-worker","OK",1783702524423,70510,1377
773,1783702524532,70619,70618,0,-2,0,0,0,0,66,69,10,0,54,187.46,0,-4,44,-999,-1,0,0,0,0,0,0,0,"keyboard-worker","OK",1783702524524,70610,1379
774,1783702524634,70721,70720,0,-2,0,0,0,0,66,69,10,0,54,187.13,0,-3,47,-1002,-1,0,0,0,0,0,0,0,"keyboard-worker","OK",1783702524624,70710,1381
775,1783702524736,70823,70822,0,-2,0,0,0,0,66,69,10,0,54,187.12,0,-4,45,-997,-1,0,0,0,0,0,0,0,"keyboard-worker","OK",1783702524724,70810,1383
776,1783702524838,70925,70924,0,-2,0,0,0,0,66,69,10,0,54,187.29,0,-2,45,-998,-1,0,0,0,0,0,0,0,"keyboard-worker","OK",1783702524824,70910,1385
777,1783702524940,71027,71026,0,-2,0,0,0,0,66,69,10,0,54,187.11,0,-5,45,-997,-1,0,0,0,0,0,0,0,"keyboard-worker","OK",1783702524924,71011,1387
778,1783702525042,71129,71128,0,-2,0,0,0,0,66,69,10,0,54,187.38,0,0,47,-997,-1,0,0,0,0,0,0,0,"keyboard-worker","OK",1783702525025,71111,1389
779,1783702525144,71231,71230,0,-2,0,0,0,0,66,69,10,0,54,187.1,0,0,47,-1001,-1,0,0,0,0,0,0,0,"keyboard-worker","OK",1783702525125,71211,1391
780,1783702525246,71333,71332,0,-2,0,0,0,0,66,69,10,0,54,187.08,0,-3,46,-998,-1,0,0,0,0,0,0,0,"keyboard-worker","OK",1783702525225,71311,1393
781,1783702525348,71435,71434,0,-2,0,0,0,0,66,69,10,0,54,187.09,0,-1,45,-997,-1,0,0,0,0,0,0,0,"keyboard-worker","OK",1783702525325,71411,1395
782,1783702525450,71537,71536,0,-2,0,0,0,0,66,69,10,0,54,187.07,0,-1,45,-998,-1,0,0,0,0,0,0,0,"keyboard-worker","OK",1783702525425,71512,1397
783,1783702525501,71588,71587,0,-2,0,0,0,0,66,69,10,0,54,187.32,0,0,45,-1000,-1,0,0,0,0,0,0,0,"keyboard-worker","OK",1783702525475,71562,1398
784,1783702525603,71690,71689,0,-2,0,0,0,0,66,69,10,0,54,187.06,0,-5,46,-997,-1,0,0,0,0,0,0,0,"keyboard-worker","OK",1783702525576,71662,1400
785,1783702525705,71792,71791,0,-2,0,0,0,0,66,69,10,0,54,187.28,0,-1,46,-1001,-1,0,0,0,0,0,0,0,"keyboard-worker","OK",1783702525676,71762,1402
786,1783702525807,71894,71893,0,-2,0,0,0,0,66,69,10,0,54,187.26,0,-2,45,-997,-1,0,0,0,0,0,0,0,"keyboard-worker","OK",1783702525776,71862,1404
787,1783702525909,71996,71995,0,-2,0,0,0,0,67,69,10,0,54,187.3,0,-3,46,-997,-1,0,0,0,0,0,0,0,"keyboard-worker","OK",1783702525876,71962,1406
788,1783702526011,72098,72098,0,-2,0,0,0,0,67,69,10,0,54,187.2,0,0,47,-999,-1,0,0,0,0,0,0,0,"keyboard-worker","OK",1783702525977,72063,1408
789,1783702526113,72200,72199,0,-2,0,0,0,0,67,69,10,0,54,186.88,0,-6,46,-996,-1,0,0,0,0,0,0,0,"keyboard-worker","OK",1783702526077,72163,1410
790,1783702526215,72302,72301,0,-2,0,0,0,0,67,69,10,0,54,186.91,0,-2,45,-1000,-1,0,0,0,0,0,0,0,"keyboard-worker","OK",1783702526177,72263,1412
791,1783702526319,72406,72405,0,-2,0,0,0,0,67,69,10,0,54,187.09,0,-4,45,-999,-1,0,0,0,0,0,0,0,"keyboard-worker","OK",1783702526277,72363,1414
792,1783702526422,72509,72508,0,-2,0,0,0,0,67,69,10,0,54,187.39,0,-6,45,-998,-1,0,0,0,0,0,0,0,"keyboard-worker","OK",1783702526377,72464,1416
793,1783702526525,72612,72611,0,-2,0,0,0,0,67,69,10,0,54,187.1,0,-3,46,-997,-1,0,0,0,0,0,0,0,"keyboard-worker","OK",1783702526478,72564,1418
794,1783702526626,72713,72712,0,-2,0,0,0,0,67,69,10,0,54,187.06,0,-1,44,-998,-1,0,0,0,0,0,0,0,"keyboard-worker","OK",1783702526578,72664,1420
795,1783702526726,72813,72812,0,-2,0,0,0,0,67,69,10,0,54,187.16,0,-2,48,-998,-1,0,0,0,0,0,0,0,"keyboard-worker","OK",1783702526678,72764,1422
796,1783702526829,72916,72915,0,-2,0,0,0,0,67,69,10,0,54,187.06,0,-3,46,-997,-1,0,0,0,0,0,0,0,"keyboard-worker","OK",1783702526828,72914,1425
797,1783702526931,73018,73017,0,-2,0,0,0,0,67,69,10,0,54,187.42,0,-1,47,-998,-1,0,0,0,0,0,0,0,"keyboard-worker","OK",1783702526928,73015,1427
798,1783702527033,73120,73119,0,-2,0,0,0,0,67,69,10,0,54,187.23,0,-1,46,-993,-1,0,0,0,0,0,0,0,"keyboard-worker","OK",1783702527029,73115,1429
799,1783702527135,73222,73221,0,-2,0,0,0,0,67,69,10,0,54,186.9,0,-3,47,-999,-1,0,0,0,0,0,0,0,"keyboard-worker","OK",1783702527129,73215,1431
800,1783702527237,73324,73323,0,-2,0,0,0,0,67,69,10,0,54,187.07,0,-1,45,-999,-1,0,0,0,0,0,0,0,"keyboard-worker","OK",1783702527229,73315,1433
801,1783702527339,73426,73425,0,-2,0,0,0,0,67,69,10,0,54,187.06,0,-3,47,-999,-1,0,0,0,0,0,0,0,"keyboard-worker","OK",1783702527329,73416,1435
802,1783702527441,73528,73527,0,-2,0,0,0,0,67,69,10,0,54,187.14,0,-2,48,-1001,-1,0,0,0,0,0,0,0,"keyboard-worker","OK",1783702527430,73516,1437
803,1783702527545,73632,73631,0,-2,0,0,0,0,67,69,10,0,54,186.92,0,-2,47,-1000,-1,0,0,0,0,0,0,0,"keyboard-worker","OK",1783702527530,73616,1439
804,1783702527645,73732,73731,0,-2,0,0,0,0,67,69,10,0,54,187.02,0,-2,45,-994,-1,0,0,0,0,0,0,0,"keyboard-worker","OK",1783702527630,73716,1441
805,1783702527747,73834,73833,0,-2,0,0,0,0,67,69,10,0,54,187.26,0,-4,46,-999,-1,0,0,0,0,0,0,0,"keyboard-worker","OK",1783702527730,73816,1443
806,1783702527850,73937,73936,0,-2,0,0,0,0,67,69,10,0,54,187.48,0,-2,46,-997,-1,0,0,0,0,0,0,0,"keyboard-worker","OK",1783702527830,73917,1445
807,1783702527953,74040,74039,0,-2,0,0,0,0,66,69,10,0,54,187.03,0,-3,47,-997,-1,0,0,0,0,0,0,0,"keyboard-worker","OK",1783702527931,74017,1447
808,1783702528053,74140,74139,0,-2,0,0,0,0,66,69,10,0,54,186.94,0,-3,47,-999,-1,0,0,0,0,0,0,0,"keyboard-worker","OK",1783702528031,74117,1449
809,1783702528158,74245,74244,0,-2,0,0,0,0,66,69,10,0,54,187.31,0,-1,47,-1001,-1,0,0,0,0,0,0,0,"keyboard-worker","OK",1783702528131,74217,1451
810,1783702528260,74347,74346,0,-2,0,0,0,0,66,69,10,0,54,187.27,0,-2,46,-999,-1,0,0,0,0,0,0,0,"keyboard-worker","OK",1783702528231,74317,1453
811,1783702528360,74447,74447,0,-2,0,0,0,0,66,69,10,0,54,186.87,0,-4,47,-1000,-1,0,0,0,0,0,0,0,"keyboard-worker","OK",1783702528331,74418,1455
812,1783702528460,74547,74546,0,-2,0,0,0,0,66,69,10,0,54,186.85,0,-3,45,-1001,-1,0,0,0,0,0,0,0,"keyboard-worker","OK",1783702528432,74518,1457
813,1783702528563,74650,74649,0,-2,0,0,0,0,66,69,10,0,54,187.31,0,-2,44,-1001,-1,0,0,0,0,0,0,0,"keyboard-worker","OK",1783702528532,74618,1459
814,1783702528665,74752,74751,0,-2,0,0,0,0,66,69,10,0,54,187.39,0,-3,45,-1000,-1,0,0,0,0,0,0,0,"keyboard-worker","OK",1783702528632,74718,1461
815,1783702528716,74803,74802,0,-2,0,0,0,0,66,69,10,0,53,187.11,0,-3,47,-1002,-1,0,0,0,0,0,0,0,"keyboard-worker","OK",1783702528682,74768,1462
816,1783702528818,74905,74905,0,-2,0,0,0,0,66,69,10,0,53,187.16,0,-3,47,-998,-1,0,0,0,0,0,0,0,"keyboard-worker","OK",1783702528782,74868,1464
817,1783702528971,75058,75057,0,-2,0,0,0,0,67,70,10,0,53,187.38,0,-3,47,-999,-1,0,0,0,0,0,0,0,"keyboard-worker","OK",1783702528933,75019,1467
818,1783702529026,75113,75112,0,-2,0,0,0,0,67,70,10,0,53,187.23,0,-2,45,-998,-1,0,0,0,0,0,0,0,"keyboard-worker","OK",1783702528983,75069,1468
819,1783702529127,75214,75213,0,-2,0,0,0,0,67,70,10,0,53,187.01,0,-1,46,-999,-1,0,0,0,0,0,0,0,"keyboard-worker","OK",1783702529083,75169,1470
820,1783702529228,75315,75315,0,-2,0,0,0,0,67,70,10,0,53,187.31,0,-2,46,-998,-1,0,0,0,0,0,0,0,"keyboard-worker","OK",1783702529183,75269,1472
821,1783702529331,75418,75417,0,-2,0,0,0,0,67,70,10,0,53,186.84,0,-5,46,-998,-1,0,0,0,0,0,0,0,"keyboard-worker","OK",1783702529283,75369,1474
822,1783702529430,75517,75516,0,-2,0,0,0,0,67,70,10,0,53,186.96,0,-2,48,-999,-1,0,0,0,0,0,0,0,"keyboard-worker","OK",1783702529383,75470,1476
823,1783702529532,75619,75618,0,-2,0,0,0,0,67,70,10,0,53,187.04,0,-3,47,-999,-1,0,0,0,0,0,0,0,"keyboard-worker","OK",1783702529484,75570,1478
824,1783702529634,75721,75720,0,-2,0,0,0,0,67,70,10,0,53,187.19,0,-1,46,-997,-1,0,0,0,0,0,0,0,"keyboard-worker","OK",1783702529634,75720,1481
825,1783702529736,75823,75822,0,-2,0,0,0,0,67,70,10,0,53,187.54,0,-4,47,-996,-1,0,0,0,0,0,0,0,"keyboard-worker","OK",1783702529734,75820,1483
826,1783702529838,75925,75924,0,-2,0,0,0,0,67,70,10,0,53,187.25,0,-6,47,-997,-1,0,0,0,0,0,0,0,"keyboard-worker","OK",1783702529834,75921,1485
827,1783702529940,76027,76026,0,-2,0,0,0,0,67,69,10,0,53,187.21,0,-3,46,-999,-1,0,0,0,0,0,0,0,"keyboard-worker","OK",1783702529935,76021,1487
828,1783702530042,76129,76128,0,-2,0,0,0,0,67,69,10,0,53,187.02,0,-1,46,-1000,-1,0,0,0,0,0,0,0,"keyboard-worker","OK",1783702530035,76121,1489
829,1783702530145,76232,76231,0,-2,0,0,0,0,67,69,10,0,53,186.87,0,-4,45,-998,-1,0,0,0,0,0,0,0,"keyboard-worker","OK",1783702530135,76221,1491
830,1783702530246,76333,76332,0,-2,0,0,0,0,67,69,10,0,53,187.31,0,-3,47,-997,-1,0,0,0,0,0,0,0,"keyboard-worker","OK",1783702530235,76322,1493
831,1783702530348,76435,76434,0,-2,0,0,0,0,67,69,10,0,53,187.04,0,-2,46,-996,-1,0,0,0,0,0,0,0,"keyboard-worker","OK",1783702530336,76422,1495
832,1783702530450,76537,76536,0,-2,0,0,0,0,67,69,10,0,53,187.05,0,-1,47,-1000,-1,0,0,0,0,0,0,0,"keyboard-worker","OK",1783702530436,76522,1497
833,1783702530554,76641,76641,0,-2,0,0,0,0,67,69,10,0,53,187.04,0,-2,44,-1000,-1,0,0,0,0,0,0,0,"keyboard-worker","OK",1783702530536,76622,1499
834,1783702530658,76745,76744,0,-2,0,0,0,0,67,69,10,0,53,187.35,0,-3,45,-998,-1,0,0,0,0,0,0,0,"keyboard-worker","OK",1783702530636,76722,1501
835,1783702530759,76846,76845,0,-2,0,0,0,0,67,69,10,0,53,186.97,0,0,46,-999,-1,0,0,0,0,0,0,0,"keyboard-worker","OK",1783702530736,76823,1503
836,1783702530859,76946,76946,0,-2,0,0,0,0,67,69,10,0,53,187.29,0,-2,45,-999,-1,0,0,0,0,0,0,0,"keyboard-worker","OK",1783702530837,76923,1505
837,1783702530960,77047,77046,0,-2,0,0,0,0,67,69,10,0,53,187.09,0,-3,45,-1001,-1,0,0,0,0,0,0,0,"keyboard-worker","OK",1783702530937,77023,1507
838,1783702531062,77149,77148,0,-2,0,0,0,0,67,69,10,0,53,187.17,0,-1,46,-1001,-1,0,0,0,0,0,0,0,"keyboard-worker","OK",1783702531037,77123,1509
839,1783702531164,77251,77250,0,-2,0,0,0,0,67,69,10,0,53,187.58,0,0,45,-997,-1,0,0,0,0,0,0,0,"keyboard-worker","OK",1783702531137,77223,1511
840,1783702531266,77353,77352,0,-2,0,0,0,0,67,69,10,0,53,187.34,0,-1,46,-998,-1,0,0,0,0,0,0,0,"keyboard-worker","OK",1783702531237,77324,1513
841,1783702531368,77455,77454,0,-2,0,0,0,0,67,69,10,0,53,187.3,0,-1,47,-999,-1,0,0,0,0,0,0,0,"keyboard-worker","OK",1783702531338,77424,1515
842,1783702531470,77557,77556,0,-2,0,0,0,0,67,69,10,0,53,187.02,0,-3,46,-1001,-1,0,0,0,0,0,0,0,"keyboard-worker","OK",1783702531438,77524,1517
843,1783702531572,77659,77658,0,-2,0,0,0,0,67,69,10,0,53,187.11,0,-3,46,-1000,-1,0,0,0,0,0,0,0,"keyboard-worker","OK",1783702531538,77624,1519
844,1783702531674,77761,77760,0,-2,0,0,0,0,67,69,10,0,53,187.13,0,-2,47,-999,-1,0,0,0,0,0,0,0,"keyboard-worker","OK",1783702531638,77725,1521
845,1783702531776,77863,77862,0,-2,0,0,0,0,67,69,10,0,53,186.75,0,0,47,-998,-1,0,0,0,0,0,0,0,"keyboard-worker","OK",1783702531739,77825,1523
846,1783702531826,77913,77912,0,-2,0,0,0,0,67,69,10,0,53,187.11,0,-1,45,-999,-1,0,0,0,0,0,0,0,"keyboard-worker","OK",1783702531789,77875,1524
847,1783702531980,78067,78066,0,-2,0,0,0,0,66,70,10,0,53,187.11,0,-2,45,-996,-1,0,0,0,0,0,0,0,"keyboard-worker","OK",1783702531939,78025,1527
848,1783702532082,78169,78168,0,-2,0,0,0,0,66,70,10,0,53,187.17,0,-4,46,-995,-1,0,0,0,0,0,0,0,"keyboard-worker","OK",1783702532039,78125,1529
849,1783702532133,78220,78219,0,-2,0,0,0,0,66,70,10,0,53,187.05,0,-1,47,-997,-1,0,0,0,0,0,0,0,"keyboard-worker","OK",1783702532089,78176,1530
850,1783702532235,78322,78321,0,-2,0,0,0,0,66,70,10,0,53,187.31,0,-3,48,-1001,-1,0,0,0,0,0,0,0,"keyboard-worker","OK",1783702532190,78276,1532
851,1783702532337,78424,78423,0,-2,0,0,0,0,66,70,10,0,53,187.16,0,-2,44,-998,-1,0,0,0,0,0,0,0,"keyboard-worker","OK",1783702532290,78376,1534
852,1783702532439,78526,78525,0,-2,0,0,0,0,66,70,10,0,53,187.06,0,-3,47,-996,-1,0,0,0,0,0,0,0,"keyboard-worker","OK",1783702532390,78476,1536
853,1783702532541,78628,78627,0,-2,0,0,0,0,66,70,10,0,53,187.11,0,-2,45,-997,-1,0,0,0,0,0,0,0,"keyboard-worker","OK",1783702532540,78626,1539
854,1783702532643,78730,78729,0,-2,0,0,0,0,66,70,10,0,53,187.24,0,-3,44,-1000,-1,0,0,0,0,0,0,0,"keyboard-worker","OK",1783702532641,78727,1541
855,1783702532745,78832,78831,0,-2,0,0,0,0,66,70,10,0,53,187.14,0,-2,47,-999,-1,0,0,0,0,0,0,0,"keyboard-worker","OK",1783702532741,78827,1543
856,1783702532847,78934,78933,0,-2,0,0,0,0,66,70,10,0,53,187.05,0,-2,48,-1002,-1,0,0,0,0,0,0,0,"keyboard-worker","OK",1783702532841,78927,1545
857,1783702532955,79042,79041,0,-2,0,0,0,0,66,69,10,0,53,187.06,0,-3,46,-998,-1,0,0,0,0,0,0,0,"keyboard-worker","OK",1783702532941,79028,1547
858,1783702533051,79138,79137,0,-2,0,0,0,0,66,69,10,0,53,186.94,0,0,46,-996,-1,0,0,0,0,0,0,0,"keyboard-worker","OK",1783702533042,79128,1549
859,1783702533157,79244,79243,0,-2,0,0,0,0,66,69,10,0,53,187.06,0,-2,46,-999,-1,0,0,0,0,0,0,0,"keyboard-worker","OK",1783702533142,79228,1551
860,1783702533261,79348,79347,0,-2,0,0,0,0,66,69,10,0,53,186.7,0,-3,46,-999,-1,0,0,0,0,0,0,0,"keyboard-worker","OK",1783702533242,79328,1553
861,1783702533362,79449,79448,0,-2,0,0,0,0,66,69,10,0,53,186.91,0,-3,47,-998,-1,0,0,0,0,0,0,0,"keyboard-worker","OK",1783702533342,79428,1555
862,1783702533463,79550,79549,0,-2,0,0,0,0,66,69,10,0,53,187.09,0,-2,45,-998,-1,0,0,0,0,0,0,0,"keyboard-worker","OK",1783702533442,79529,1557
863,1783702533562,79649,79648,0,-2,0,0,0,0,66,69,10,0,53,187.26,0,-3,47,-999,-1,0,0,0,0,0,0,0,"keyboard-worker","OK",1783702533543,79629,1559
864,1783702533664,79751,79750,0,-2,0,0,0,0,66,69,10,0,53,187.07,0,-2,47,-998,-1,0,0,0,0,0,0,0,"keyboard-worker","OK",1783702533643,79729,1561
865,1783702533766,79853,79852,0,-2,0,0,0,0,66,69,10,0,53,186.97,0,-2,47,-1001,-1,0,0,0,0,0,0,0,"keyboard-worker","OK",1783702533743,79829,1563
866,1783702533867,79954,79954,0,-2,0,0,0,0,66,69,10,0,53,186.94,0,-4,46,-1000,-1,0,0,0,0,0,0,0,"keyboard-worker","OK",1783702533843,79929,1565
867,1783702533970,80057,80056,0,-2,0,0,0,0,66,69,10,0,53,186.83,0,-2,46,-998,-1,0,0,0,0,0,0,0,"keyboard-worker","OK",1783702533943,80030,1567
868,1783702534072,80159,80158,0,-2,0,0,0,0,66,69,10,0,53,187.16,0,-1,45,-1001,-1,0,0,0,0,0,0,0,"keyboard-worker","OK",1783702534044,80130,1569
869,1783702534174,80261,80260,0,-2,0,0,0,0,66,69,10,0,53,187.04,0,-2,45,-997,-1,0,0,0,0,0,0,0,"keyboard-worker","OK",1783702534144,80230,1571
870,1783702534276,80363,80362,0,-2,0,0,0,0,66,69,10,0,53,187.13,0,-4,46,-997,-1,0,0,0,0,0,0,0,"keyboard-worker","OK",1783702534244,80330,1573
871,1783702534377,80464,80464,0,-2,0,0,0,0,66,69,10,0,53,187.18,0,-4,46,-1000,-1,0,0,0,0,0,0,0,"keyboard-worker","OK",1783702534344,80431,1575
872,1783702534480,80567,80566,0,-2,0,0,0,0,66,69,10,0,53,187.33,0,-4,46,-998,-1,0,0,0,0,0,0,0,"keyboard-worker","OK",1783702534445,80531,1577
873,1783702534582,80669,80668,0,-2,0,0,0,0,66,69,10,0,53,187.06,0,-3,48,-1001,-1,0,0,0,0,0,0,0,"keyboard-worker","OK",1783702534545,80631,1579
874,1783702534690,80777,80776,0,-2,0,0,0,0,66,69,10,0,53,187.32,0,-2,46,-998,-1,0,0,0,0,0,0,0,"keyboard-worker","OK",1783702534645,80731,1581
875,1783702534788,80875,80875,0,-2,0,0,0,0,66,69,10,0,53,187.03,0,-3,45,-997,-1,0,0,0,0,0,0,0,"keyboard-worker","OK",1783702534745,80831,1583
876,1783702534889,80976,80976,0,-2,0,0,0,0,66,69,10,0,53,187.41,0,-1,47,-1000,-1,0,0,0,0,0,0,0,"keyboard-worker","OK",1783702534845,80931,1585
877,1783702534995,81082,81081,0,-2,0,0,0,0,67,69,10,0,53,187.47,0,-2,46,-1000,-1,0,0,0,0,0,0,0,"keyboard-worker","OK",1783702534945,81032,1587
878,1783702535092,81179,81178,0,-2,0,0,0,0,67,69,10,0,53,187.21,0,-3,47,-1001,-1,0,0,0,0,0,0,0,"keyboard-worker","OK",1783702535046,81132,1589
879,1783702535197,81284,81283,0,-2,0,0,0,0,67,69,10,0,53,187.19,0,-3,46,-998,-1,0,0,0,0,0,0,0,"keyboard-worker","OK",1783702535196,81282,1592
880,1783702535244,81331,81331,0,-2,0,0,0,0,67,69,10,0,53,187.1,0,-4,46,-996,-1,0,0,0,0,0,0,0,"keyboard-worker","OK",1783702535196,81282,1592
881,1783702535347,81434,81433,0,-2,0,0,0,0,67,69,10,0,53,187.09,0,-3,47,-998,-1,0,0,0,0,0,0,0,"keyboard-worker","OK",1783702535347,81433,1595
882,1783702535448,81535,81535,0,-2,0,0,0,0,67,69,10,0,53,187,0,-2,47,-998,-1,0,0,0,0,0,0,0,"keyboard-worker","OK",1783702535447,81533,1597
883,1783702535551,81638,81637,0,-2,0,0,0,0,67,69,10,0,53,187.11,0,-2,47,-999,-1,0,0,0,0,0,0,0,"keyboard-worker","OK",1783702535547,81633,1599
884,1783702535656,81743,81742,0,-2,0,0,0,0,67,69,10,0,53,187.26,0,-2,47,-1000,-1,0,0,0,0,0,0,0,"keyboard-worker","OK",1783702535647,81733,1601
885,1783702535758,81845,81845,0,-2,0,0,0,0,67,69,10,0,53,187.26,0,-2,42,-996,-1,0,0,0,0,0,0,0,"keyboard-worker","OK",1783702535747,81834,1603
886,1783702535861,81948,81947,0,-2,0,0,0,0,67,69,10,0,53,187.18,0,-3,47,-997,-1,0,0,0,0,0,0,0,"keyboard-worker","OK",1783702535848,81934,1605
887,1783702535961,82048,82047,0,-2,0,0,0,0,67,69,10,0,53,187.36,0,-3,47,-1003,-1,0,0,0,0,0,0,0,"keyboard-worker","OK",1783702535948,82034,1607
888,1783702536062,82149,82149,0,-2,0,0,0,0,67,69,10,0,53,187.5,0,-2,46,-1000,-1,0,0,0,0,0,0,0,"keyboard-worker","OK",1783702536048,82134,1609
889,1783702536164,82251,82251,0,-2,0,0,0,0,67,69,10,0,53,186.95,0,-4,46,-997,-1,0,0,0,0,0,0,0,"keyboard-worker","OK",1783702536148,82234,1611
890,1783702536266,82353,82353,0,-2,0,0,0,0,67,69,10,0,53,187.35,0,-5,46,-997,-1,0,0,0,0,0,0,0,"keyboard-worker","OK",1783702536248,82335,1613
891,1783702536368,82455,82455,0,-2,0,0,0,0,67,69,10,0,53,187.28,0,-1,45,-996,-1,0,0,0,0,0,0,0,"keyboard-worker","OK",1783702536349,82435,1615
892,1783702536470,82557,82557,0,-2,0,0,0,0,67,69,10,0,53,187.17,0,-1,46,-999,-1,0,0,0,0,0,0,0,"keyboard-worker","OK",1783702536449,82535,1617
893,1783702536572,82659,82659,0,-2,0,0,0,0,67,69,10,0,53,187.25,0,-4,46,-999,-1,0,0,0,0,0,0,0,"keyboard-worker","OK",1783702536549,82635,1619
894,1783702536674,82761,82761,0,-2,0,0,0,0,67,69,10,0,53,187.21,0,-3,46,-1001,-1,0,0,0,0,0,0,0,"keyboard-worker","OK",1783702536649,82735,1621
895,1783702536776,82863,82863,0,-2,0,0,0,0,67,69,10,0,53,186.97,0,-4,46,-998,-1,0,0,0,0,0,0,0,"keyboard-worker","OK",1783702536749,82836,1623
896,1783702536878,82965,82965,0,-2,0,0,0,0,67,69,10,0,53,187.15,0,-3,46,-1001,-1,0,0,0,0,0,0,0,"keyboard-worker","OK",1783702536850,82936,1625
897,1783702536980,83067,83067,0,-2,0,0,0,0,67,69,10,0,53,187.22,0,-2,45,-997,-1,0,0,0,0,0,0,0,"keyboard-worker","OK",1783702536950,83036,1627
898,1783702537085,83172,83172,0,-2,0,0,0,0,67,69,10,0,53,187.31,0,-2,47,-1000,-1,0,0,0,0,0,0,0,"keyboard-worker","OK",1783702537050,83136,1629
899,1783702537188,83275,83274,0,-2,0,0,0,0,67,69,10,0,53,187.26,0,-3,47,-1001,-1,0,0,0,0,0,0,0,"keyboard-worker","OK",1783702537150,83236,1631
900,1783702537293,83380,83379,0,-2,0,0,0,0,67,69,10,0,53,187.31,0,-2,45,-1001,-1,0,0,0,0,0,0,0,"keyboard-worker","OK",1783702537250,83337,1633
901,1783702537394,83481,83480,0,-2,0,0,0,0,67,69,10,0,53,187.14,0,-3,48,-1000,-1,0,0,0,0,0,0,0,"keyboard-worker","OK",1783702537351,83437,1635
902,1783702537496,83583,83582,0,-2,0,0,0,0,67,69,10,0,53,187.12,0,-1,46,-998,-1,0,0,0,0,0,0,0,"keyboard-worker","OK",1783702537451,83537,1637
903,1783702537596,83683,83682,0,-2,0,0,0,0,67,69,10,0,53,186.94,0,0,46,-998,-1,0,0,0,0,0,0,0,"keyboard-worker","OK",1783702537551,83637,1639
904,1783702537696,83783,83782,0,-2,0,0,0,0,67,69,10,0,53,187.15,0,-1,46,-997,-1,0,0,0,0,0,0,0,"keyboard-worker","OK",1783702537651,83737,1641
905,1783702537797,83884,83884,0,-2,0,0,0,0,67,69,10,0,53,187.09,0,-3,44,-998,-1,0,0,0,0,0,0,0,"keyboard-worker","OK",1783702537751,83838,1643
906,1783702537899,83986,83986,0,-2,0,0,0,0,67,69,10,0,53,187.13,0,-5,47,-1000,-1,0,0,0,0,0,0,0,"keyboard-worker","OK",1783702537852,83938,1645
907,1783702538001,84088,84088,0,-2,0,0,0,0,67,69,10,0,53,187.09,0,-3,46,-996,-1,0,0,0,0,0,0,0,"keyboard-worker","OK",1783702537952,84038,1647
908,1783702538103,84190,84190,0,-2,0,0,0,0,67,69,10,0,53,187.27,0,-2,46,-998,-1,0,0,0,0,0,0,0,"keyboard-worker","OK",1783702538102,84188,1650
909,1783702538205,84292,84292,0,-2,0,0,0,0,67,69,10,0,53,187.28,0,-7,42,-996,-1,0,0,0,0,0,0,0,"keyboard-worker","OK",1783702538202,84289,1652
910,1783702538307,84394,84394,0,-2,0,0,0,0,67,69,10,0,53,187.39,0,-4,45,-1000,-1,0,0,0,0,0,0,0,"keyboard-worker","OK",1783702538303,84389,1654
911,1783702538409,84496,84496,0,-2,0,0,0,0,67,69,10,0,53,187.02,0,-2,47,-998,-1,0,0,0,0,0,0,0,"keyboard-worker","OK",1783702538403,84489,1656
912,1783702538511,84598,84598,0,-2,0,0,0,0,67,69,10,0,53,187.13,0,-2,46,-998,-1,0,0,0,0,0,0,0,"keyboard-worker","OK",1783702538503,84589,1658
913,1783702538562,84649,84648,0,-2,0,0,0,0,67,69,10,0,53,187.18,0,-6,47,-994,-1,0,0,0,0,0,0,0,"keyboard-worker","OK",1783702538553,84639,1659
914,1783702538664,84751,84750,0,-2,0,0,0,0,67,69,10,0,53,187.35,0,-2,48,-1000,-1,0,0,0,0,0,0,0,"keyboard-worker","OK",1783702538654,84740,1661
915,1783702538766,84853,84852,0,-2,0,0,0,0,67,69,10,0,53,187.26,0,-1,43,-1002,-1,0,0,0,0,0,0,0,"keyboard-worker","OK",1783702538754,84840,1663
916,1783702538868,84955,84954,0,-2,0,0,0,0,67,69,10,0,53,187.4,0,-2,44,-998,-1,0,0,0,0,0,0,0,"keyboard-worker","OK",1783702538854,84940,1665
917,1783702538970,85057,85056,0,-2,0,0,0,0,67,70,10,0,53,186.88,0,-1,48,-995,-1,0,0,0,0,0,0,0,"keyboard-worker","OK",1783702538954,85041,1667
918,1783702539072,85159,85158,0,-2,0,0,0,0,67,70,10,0,53,187.26,0,-4,44,-999,-1,0,0,0,0,0,0,0,"keyboard-worker","OK",1783702539055,85141,1669
919,1783702539174,85261,85261,0,-2,0,0,0,0,67,70,10,0,53,187.4,0,-4,49,-1002,-1,0,0,0,0,0,0,0,"keyboard-worker","OK",1783702539155,85241,1671
920,1783702539277,85364,85363,0,-2,0,0,0,0,67,70,10,0,53,187.25,0,0,46,-997,-1,0,0,0,0,0,0,0,"keyboard-worker","OK",1783702539255,85341,1673
921,1783702539379,85466,85465,0,-2,0,0,0,0,67,70,10,0,53,187.15,0,-1,52,-1003,-1,0,0,0,0,0,0,0,"keyboard-worker","OK",1783702539356,85442,1675
922,1783702539482,85569,85568,0,-2,0,0,0,0,67,70,10,0,53,187.3,0,0,45,-995,-1,0,0,0,0,0,0,0,"keyboard-worker","OK",1783702539456,85542,1677
923,1783702539586,85673,85672,0,-2,0,0,0,0,67,70,10,0,53,187.2,0,-2,46,-998,-1,0,0,0,0,0,0,0,"keyboard-worker","OK",1783702539556,85642,1679
924,1783702539687,85774,85773,0,-2,0,0,0,0,67,70,10,0,53,187.25,0,-1,47,-997,-1,0,0,0,0,0,0,0,"keyboard-worker","OK",1783702539656,85742,1681
925,1783702539790,85877,85877,0,-2,0,0,0,0,67,70,10,0,52,187.31,0,-5,41,-997,-1,0,0,0,0,0,0,0,"keyboard-worker","OK",1783702539756,85843,1683
926,1783702539893,85980,85979,0,-2,0,0,0,0,67,70,10,0,52,187.02,0,-7,48,-1003,-1,0,0,0,0,0,0,0,"keyboard-worker","OK",1783702539857,85943,1685
927,1783702539992,86079,86078,0,-2,0,0,0,0,67,69,10,0,52,187.27,0,-2,45,-997,-1,0,0,0,0,0,0,0,"keyboard-worker","OK",1783702539957,86043,1687
928,1783702540093,86180,86179,0,-2,0,0,0,0,67,69,10,0,52,187.13,0,0,46,-995,-1,0,0,0,0,0,0,0,"keyboard-worker","OK",1783702540058,86144,1689
929,1783702540195,86282,86281,0,-2,0,0,0,0,67,69,10,0,52,187.48,0,2,50,-996,-1,0,0,0,0,0,0,0,"keyboard-worker","OK",1783702540158,86244,1691
930,1783702540297,86384,86383,0,-2,0,0,0,0,67,69,10,0,52,187.45,0,-1,47,-996,-1,0,0,0,0,0,0,0,"keyboard-worker","OK",1783702540258,86344,1693
931,1783702540399,86486,86485,0,-2,0,0,0,0,67,69,10,0,52,187.23,0,-4,46,-997,-1,0,0,0,0,0,0,0,"keyboard-worker","OK",1783702540358,86445,1695
932,1783702540501,86588,86587,0,-2,0,0,0,0,67,69,10,0,52,187.46,0,-3,49,-998,-1,0,0,0,0,0,0,0,"keyboard-worker","OK",1783702540459,86545,1697
933,1783702540603,86690,86689,0,-2,0,0,0,0,67,69,10,0,52,187.24,0,-5,48,-997,-1,0,0,0,0,0,0,0,"keyboard-worker","OK",1783702540559,86645,1699
934,1783702540705,86792,86791,0,-2,0,0,0,0,67,69,10,0,52,186.99,0,1,47,-998,-1,0,0,0,0,0,0,0,"keyboard-worker","OK",1783702540659,86745,1701
935,1783702540809,86896,86895,0,-2,0,0,0,0,67,69,10,0,52,187.54,0,-4,47,-996,-1,0,0,0,0,0,0,0,"keyboard-worker","OK",1783702540809,86896,1704
936,1783702540909,86996,86995,0,-2,0,0,0,0,67,69,10,0,52,187.24,0,-3,49,-993,-1,0,0,0,0,0,0,0,"keyboard-worker","OK",1783702540860,86946,1705
937,1783702541011,87098,87097,0,-2,0,0,0,0,66,69,10,0,52,187.18,0,0,53,-999,-1,0,0,0,0,0,0,0,"keyboard-worker","OK",1783702541010,87096,1708
938,1783702541113,87200,87200,0,-2,0,0,0,0,66,69,10,0,52,187,0,0,44,-1000,-1,0,0,0,0,0,0,0,"keyboard-worker","OK",1783702541110,87196,1710
939,1783702541215,87302,87302,0,-2,0,0,0,0,66,69,10,0,52,187.2,0,-2,45,-998,-1,0,0,0,0,0,0,0,"keyboard-worker","OK",1783702541210,87297,1712
940,1783702541321,87408,87407,0,-2,0,0,0,0,66,69,10,0,52,187.21,0,-3,45,-998,-1,0,0,0,0,0,0,0,"keyboard-worker","OK",1783702541311,87397,1714
941,1783702541424,87511,87511,0,-2,0,0,0,0,66,69,10,0,52,187.7,0,-7,45,-1004,-1,0,0,0,0,0,0,0,"keyboard-worker","OK",1783702541411,87497,1716
942,1783702541524,87611,87610,0,-2,0,0,0,0,66,69,10,0,52,187.2,0,-2,45,-1000,-1,0,0,0,0,0,0,0,"keyboard-worker","OK",1783702541511,87598,1718
943,1783702541625,87712,87711,0,-2,0,0,0,0,66,69,10,0,52,187.02,0,-3,45,-1001,-1,0,0,0,0,0,0,0,"keyboard-worker","OK",1783702541612,87698,1720
944,1783702541726,87813,87813,0,-2,0,0,0,0,66,69,10,0,52,187.27,0,-2,46,-1006,-1,0,0,0,0,0,0,0,"keyboard-worker","OK",1783702541712,87798,1722
945,1783702541827,87914,87913,0,-2,0,0,0,0,66,69,10,0,52,187.31,0,-1,45,-996,-1,0,0,0,0,0,0,0,"keyboard-worker","OK",1783702541812,87898,1724
946,1783702541929,88016,88015,0,-2,0,0,0,0,66,69,10,0,52,187.18,0,-1,45,-996,-1,0,0,0,0,0,0,0,"keyboard-worker","OK",1783702541912,87999,1726
947,1783702542031,88118,88117,0,-2,0,0,0,0,67,69,10,0,52,187.2,0,-3,47,-996,-1,0,0,0,0,0,0,0,"keyboard-worker","OK",1783702542013,88099,1728
948,1783702542134,88221,88220,0,-2,0,0,0,0,67,69,10,0,52,187.41,0,-7,46,-1008,-1,0,0,0,0,0,0,0,"keyboard-worker","OK",1783702542113,88199,1730
949,1783702542186,88273,88272,0,-2,0,0,0,0,67,69,10,0,52,187.18,0,-3,44,-999,-1,0,0,0,0,0,0,0,"keyboard-worker","OK",1783702542163,88249,1731
950,1783702542289,88376,88375,0,-2,0,0,0,0,67,69,10,0,52,187.18,0,-3,47,-996,-1,0,0,0,0,0,0,0,"keyboard-worker","OK",1783702542263,88349,1733
951,1783702542393,88480,88479,0,-2,0,0,0,0,67,69,10,0,52,187.46,0,-2,47,-997,-1,0,0,0,0,0,0,0,"keyboard-worker","OK",1783702542364,88450,1735
952,1783702542494,88581,88580,0,-2,0,0,0,0,67,69,10,0,52,187.13,0,0,46,-993,-1,0,0,0,0,0,0,0,"keyboard-worker","OK",1783702542464,88550,1737
953,1783702542593,88680,88679,0,-2,0,0,0,0,67,69,10,0,52,187.05,0,-1,52,-998,-1,0,0,0,0,0,0,0,"keyboard-worker","OK",1783702542564,88650,1739
954,1783702542695,88782,88781,0,-2,0,0,0,0,67,69,10,0,52,187.13,0,0,45,-999,-1,0,0,0,0,0,0,0,"keyboard-worker","OK",1783702542664,88751,1741
955,1783702542797,88884,88883,0,-2,0,0,0,0,67,69,10,0,52,187.22,0,-3,45,-996,-1,0,0,0,0,0,0,0,"keyboard-worker","OK",1783702542765,88851,1743
956,1783702542899,88986,88985,0,-2,0,0,0,0,67,69,10,0,52,187.31,0,-4,44,-1001,-1,0,0,0,0,0,0,0,"keyboard-worker","OK",1783702542865,88951,1745
957,1783702543001,89088,89087,0,-2,0,0,0,0,67,70,10,0,52,186.95,0,-4,47,-1002,-1,0,0,0,0,0,0,0,"keyboard-worker","OK",1783702542965,89051,1747
958,1783702543103,89190,89189,0,-2,0,0,0,0,67,70,10,0,52,187.24,0,-3,45,-1000,-1,0,0,0,0,0,0,0,"keyboard-worker","OK",1783702543065,89151,1749
959,1783702543205,89292,89291,0,-2,0,0,0,0,67,70,10,0,52,187.23,0,0,47,-996,-1,0,0,0,0,0,0,0,"keyboard-worker","OK",1783702543165,89252,1751
960,1783702543307,89394,89393,0,-2,0,0,0,0,67,70,10,0,52,187.07,0,-2,45,-998,-1,0,0,0,0,0,0,0,"keyboard-worker","OK",1783702543266,89352,1753
961,1783702543409,89496,89495,0,-2,0,0,0,0,67,70,10,0,52,187.37,0,0,44,-1000,-1,0,0,0,0,0,0,0,"keyboard-worker","OK",1783702543366,89452,1755
962,1783702543511,89598,89597,0,-2,0,0,0,0,67,70,10,0,52,186.94,0,-2,48,-1002,-1,0,0,0,0,0,0,0,"keyboard-worker","OK",1783702543466,89552,1757
963,1783702543613,89700,89700,0,-2,0,0,0,0,67,70,10,0,52,187.21,0,-2,45,-995,-1,0,0,0,0,0,0,0,"keyboard-worker","OK",1783702543566,89652,1759
964,1783702543717,89804,89803,0,-2,0,0,0,0,67,70,10,0,52,186.99,0,0,46,-995,-1,0,0,0,0,0,0,0,"keyboard-worker","OK",1783702543717,89803,1762
965,1783702543820,89907,89907,0,-2,0,0,0,0,67,70,10,0,52,187.06,0,-3,45,-996,-1,0,0,0,0,0,0,0,"keyboard-worker","OK",1783702543817,89903,1764
966,1783702543924,90011,90010,0,-2,0,0,0,0,67,70,10,0,52,187.44,0,-2,46,-997,-1,0,0,0,0,0,0,0,"keyboard-worker","OK",1783702543917,90003,1766
967,1783702544025,90112,90111,0,-2,0,0,0,0,66,69,10,0,52,187.03,0,-1,47,-997,-1,0,0,0,0,0,0,0,"keyboard-worker","OK",1783702544017,90104,1768
968,1783702544124,90211,90211,0,-2,0,0,0,0,66,69,10,0,52,187.24,0,-6,41,-995,-1,0,0,0,0,0,0,0,"keyboard-worker","OK",1783702544118,90204,1770
969,1783702544229,90316,90316,0,-2,0,0,0,0,66,69,10,0,52,187.07,0,-6,46,-999,-1,0,0,0,0,0,0,0,"keyboard-worker","OK",1783702544218,90304,1772
970,1783702544329,90416,90415,0,-2,0,0,0,0,66,69,10,0,52,187.21,0,-4,46,-1000,-1,0,0,0,0,0,0,0,"keyboard-worker","OK",1783702544318,90404,1774
971,1783702544430,90517,90516,0,-2,0,0,0,0,66,69,10,0,52,187.2,0,-1,47,-1001,-1,0,0,0,0,0,0,0,"keyboard-worker","OK",1783702544418,90505,1776
972,1783702544532,90619,90618,0,-2,0,0,0,0,66,69,10,0,52,187.24,0,-10,45,-1003,-1,0,0,0,0,0,0,0,"keyboard-worker","OK",1783702544519,90605,1778
973,1783702544634,90721,90720,0,-2,0,0,0,0,66,69,10,0,52,187.21,0,-2,45,-1000,-1,0,0,0,0,0,0,0,"keyboard-worker","OK",1783702544619,90705,1780
974,1783702544736,90823,90822,0,-2,0,0,0,0,66,69,10,0,52,187.39,0,-3,44,-997,-1,0,0,0,0,0,0,0,"keyboard-worker","OK",1783702544719,90805,1782
975,1783702544838,90925,90924,0,-2,0,0,0,0,66,69,10,0,52,187.06,0,-4,45,-998,-1,0,0,0,0,0,0,0,"keyboard-worker","OK",1783702544819,90905,1784
976,1783702544940,91027,91026,0,-2,0,0,0,0,66,69,10,0,52,187.26,0,-3,47,-1000,-1,0,0,0,0,0,0,0,"keyboard-worker","OK",1783702544919,91006,1786
977,1783702545042,91129,91128,0,-2,0,0,0,0,67,70,10,0,52,187.1,0,-2,44,-1000,-1,0,0,0,0,0,0,0,"keyboard-worker","OK",1783702545020,91106,1788
978,1783702545144,91231,91230,0,-2,0,0,0,0,67,70,10,0,52,187.22,0,-2,46,-997,-1,0,0,0,0,0,0,0,"keyboard-worker","OK",1783702545120,91206,1790
979,1783702545246,91333,91332,0,-2,0,0,0,0,67,70,10,0,52,186.99,0,-3,45,-1002,-1,0,0,0,0,0,0,0,"keyboard-worker","OK",1783702545220,91306,1792
980,1783702545348,91435,91434,0,-2,0,0,0,0,67,70,10,0,52,186.95,0,-2,46,-1000,-1,0,0,0,0,0,0,0,"keyboard-worker","OK",1783702545320,91407,1794
981,1783702545399,91486,91485,0,-2,0,0,0,0,67,70,10,0,52,187.25,0,-3,46,-1000,-1,0,0,0,0,0,0,0,"keyboard-worker","OK",1783702545370,91457,1795
982,1783702545501,91588,91587,0,-2,0,0,0,0,67,70,10,0,52,187.57,0,-2,45,-999,-1,0,0,0,0,0,0,0,"keyboard-worker","OK",1783702545471,91557,1797
983,1783702545603,91690,91689,0,-2,0,0,0,0,67,70,10,0,52,187.07,0,-2,44,-997,-1,0,0,0,0,0,0,0,"keyboard-worker","OK",1783702545571,91657,1799
984,1783702545705,91792,91791,0,-2,0,0,0,0,67,70,10,0,52,187.23,0,-4,47,-999,-1,0,0,0,0,0,0,0,"keyboard-worker","OK",1783702545671,91757,1801
985,1783702545807,91894,91893,0,-2,0,0,0,0,67,70,10,0,52,187.29,0,0,45,-999,-1,0,0,0,0,0,0,0,"keyboard-worker","OK",1783702545771,91858,1803
986,1783702545909,91996,91995,0,-2,0,0,0,0,67,70,10,0,52,187.36,0,-2,45,-998,-1,0,0,0,0,0,0,0,"keyboard-worker","OK",1783702545872,91958,1805
987,1783702546011,92098,92097,0,-2,0,0,0,0,66,70,10,0,52,187.12,0,-2,47,-1002,-1,0,0,0,0,0,0,0,"keyboard-worker","OK",1783702545972,92058,1807
988,1783702546113,92200,92199,0,-2,0,0,0,0,66,70,10,0,52,187.42,0,-2,46,-998,-1,0,0,0,0,0,0,0,"keyboard-worker","OK",1783702546072,92158,1809
989,1783702546215,92302,92301,0,-2,0,0,0,0,66,70,10,0,52,187.25,0,-1,46,-997,-1,0,0,0,0,0,0,0,"keyboard-worker","OK",1783702546172,92259,1811
990,1783702546318,92405,92404,0,-2,0,0,0,0,66,70,10,0,52,186.97,0,-4,46,-997,-1,0,0,0,0,0,0,0,"keyboard-worker","OK",1783702546273,92359,1813
991,1783702546421,92508,92507,0,-2,0,0,0,0,66,70,10,0,52,187.27,0,-3,46,-1000,-1,0,0,0,0,0,0,0,"keyboard-worker","OK",1783702546373,92459,1815
992,1783702546526,92613,92612,0,-2,0,0,0,0,66,70,10,0,52,187.22,0,-3,47,-1000,-1,0,0,0,0,0,0,0,"keyboard-worker","OK",1783702546523,92609,1818
993,1783702546625,92712,92711,0,-2,0,0,0,0,66,70,10,0,52,187.11,0,-1,46,-996,-1,0,0,0,0,0,0,0,"keyboard-worker","OK",1783702546624,92710,1820
994,1783702546727,92814,92813,0,-2,0,0,0,0,66,70,10,0,52,187.35,0,-3,45,-995,-1,0,0,0,0,0,0,0,"keyboard-worker","OK",1783702546724,92810,1822
995,1783702546829,92916,92915,0,-2,0,0,0,0,66,70,10,0,52,187.15,0,0,45,-996,-1,0,0,0,0,0,0,0,"keyboard-worker","OK",1783702546824,92910,1824
996,1783702546931,93018,93017,0,-2,0,0,0,0,66,70,10,0,52,187.06,0,-3,46,-999,-1,0,0,0,0,0,0,0,"keyboard-worker","OK",1783702546924,93010,1826
997,1783702547033,93120,93119,0,-2,0,0,0,0,67,69,10,0,52,187.34,0,-4,46,-998,-1,0,0,0,0,0,0,0,"keyboard-worker","OK",1783702547024,93111,1828
998,1783702547135,93222,93221,0,-2,0,0,0,0,67,69,10,0,52,186.92,0,-1,44,-998,-1,0,0,0,0,0,0,0,"keyboard-worker","OK",1783702547125,93211,1830
999,1783702547237,93324,93323,0,-2,0,0,0,0,67,69,10,0,52,187.05,0,-2,45,-996,-1,0,0,0,0,0,0,0,"keyboard-worker","OK",1783702547225,93311,1832
1000,1783702547340,93427,93426,0,-2,0,0,0,0,67,69,10,0,52,187.35,0,-3,47,-998,-1,0,0,0,0,0,0,0,"keyboard-worker","OK",1783702547325,93411,1834
1001,1783702547442,93529,93528,0,-2,0,0,0,0,67,69,10,0,52,187.16,0,-1,47,-997,-1,0,0,0,0,0,0,0,"keyboard-worker","OK",1783702547425,93512,1836
1002,1783702547544,93631,93630,0,-2,0,0,0,0,67,69,10,0,52,187.26,0,-4,47,-1000,-1,0,0,0,0,0,0,0,"keyboard-worker","OK",1783702547526,93612,1838
1003,1783702547646,93733,93732,0,-2,0,0,0,0,67,69,10,0,52,187.57,0,-4,46,-997,-1,0,0,0,0,0,0,0,"keyboard-worker","OK",1783702547626,93712,1840
1004,1783702547749,93836,93835,0,-2,0,0,0,0,67,69,10,0,52,187.34,0,-2,47,-1000,-1,0,0,0,0,0,0,0,"keyboard-worker","OK",1783702547726,93812,1842
1005,1783702547850,93937,93936,0,-2,0,0,0,0,67,69,10,0,52,187.3,0,-2,47,-1001,-1,0,0,0,0,0,0,0,"keyboard-worker","OK",1783702547826,93913,1844
1006,1783702547954,94041,94041,0,-2,0,0,0,0,67,69,10,0,52,187.17,0,-2,46,-999,-1,0,0,0,0,0,0,0,"keyboard-worker","OK",1783702547927,94013,1846
1007,1783702548055,94142,94141,0,-2,0,0,0,0,67,70,10,0,52,187.19,0,-2,49,-999,-1,0,0,0,0,0,0,0,"keyboard-worker","OK",1783702548027,94113,1848
1008,1783702548158,94245,94245,0,-2,0,0,0,0,67,70,10,0,52,187.5,0,-2,49,-998,-1,0,0,0,0,0,0,0,"keyboard-neutral","OK",1783702548127,94213,1850
1009,1783702548259,94346,94345,0,-2,0,0,0,0,67,70,10,0,52,187.05,0,-3,46,-998,-1,0,0,0,0,0,0,0,"keyboard-neutral","OK",1783702548127,94213,1850
1010,1783702548362,94449,94448,0,-2,0,0,0,0,67,70,10,0,52,186.98,0,-2,45,-999,-1,0,0,0,0,0,0,0,"keyboard-neutral","OK",1783702548127,94213,1850
1011,1783702548463,94550,94549,0,-2,0,0,0,0,67,70,10,0,52,186.98,0,-3,45,-998,-1,0,0,0,0,0,0,0,"keyboard-neutral","OK",1783702548127,94213,1850
1012,1783702548565,94652,94651,0,-2,0,0,0,0,67,70,10,0,52,187.24,0,-3,48,-1000,-1,0,0,0,0,0,0,0,"keyboard-neutral","OK",1783702548127,94213,1850
1013,1783702548667,94754,94753,0,-2,0,0,0,0,67,70,10,0,52,187.22,0,-2,45,-999,-1,0,0,0,0,0,0,0,"keyboard-neutral","OK",1783702548127,94213,1850
1014,1783702548769,94856,94855,0,-2,0,0,0,0,67,70,10,0,52,187.28,0,-2,46,-999,-1,0,0,0,0,0,0,0,"keyboard-neutral","OK",1783702548127,94213,1850
1015,1783702548824,94911,94910,0,-2,0,0,0,0,67,70,10,0,52,187.24,0,-5,46,-995,-1,0,0,0,0,0,0,0,"keyboard-neutral","OK",1783702548127,94213,1850
1016,1783702548925,95012,95012,0,-2,0,0,0,0,67,70,10,0,52,187.31,0,-4,46,-997,-1,0,0,0,0,0,0,0,"keyboard-neutral","OK",1783702548127,94213,1850
1017,1783702549026,95113,95112,0,-2,0,0,0,0,67,70,10,0,52,187.04,0,-3,48,-1001,-1,0,0,0,0,0,0,0,"keyboard-neutral","OK",1783702548127,94213,1850
1018,1783702549127,95214,95213,0,-2,0,0,0,0,67,70,10,0,52,187.29,0,-2,47,-1000,-1,0,0,0,0,0,0,0,"keyboard-neutral","OK",1783702548127,94213,1850
1019,1783702549229,95316,95316,0,-2,0,0,0,0,67,70,10,0,52,187.04,0,-2,46,-996,-1,0,0,0,0,0,0,0,"keyboard-neutral","OK",1783702548127,94213,1850
1020,1783702549331,95418,95417,0,-2,0,0,0,0,67,70,10,0,52,187.08,0,-2,45,-998,-1,0,0,0,0,0,0,0,"keyboard-neutral","OK",1783702548127,94213,1850
1021,1783702549433,95520,95519,0,-2,0,0,0,0,67,70,10,0,52,186.89,0,-1,47,-997,-1,0,0,0,0,0,0,0,"keyboard-neutral","OK",1783702548127,94213,1850
1022,1783702549535,95622,95621,0,-2,0,0,0,0,67,70,10,0,52,187.26,0,-4,47,-1000,-1,0,0,0,0,0,0,0,"keyboard-neutral","OK",1783702548127,94213,1850
1023,1783702549637,95724,95723,0,-2,0,0,0,0,67,70,10,0,52,187.48,0,-4,46,-999,-1,0,0,0,0,0,0,0,"keyboard-neutral","OK",1783702548127,94213,1850
1024,1783702549739,95826,95825,0,-2,0,0,0,0,67,70,10,0,52,187.08,0,-2,44,-997,-1,0,0,0,0,0,0,0,"keyboard-neutral","OK",1783702548127,94213,1850
1025,1783702549842,95929,95928,0,-2,0,0,0,0,67,70,10,0,52,187.28,0,-2,46,-997,-1,0,0,0,0,0,0,0,"keyboard-neutral","OK",1783702548127,94213,1850
1026,1783702549948,96035,96034,0,-2,0,0,0,0,67,70,10,0,52,187.22,0,-2,46,-997,-1,0,0,0,0,0,0,0,"keyboard-neutral","OK",1783702548127,94213,1850
1027,1783702550045,96132,96131,0,-2,0,0,0,0,68,70,10,0,52,187.08,0,-2,47,-1001,-1,0,0,0,0,0,0,0,"keyboard-neutral","OK",1783702548127,94213,1850
1028,1783702550147,96234,96233,0,-2,0,0,0,0,68,70,10,0,52,187.2,0,-2,46,-999,-1,0,0,0,0,0,0,0,"keyboard-neutral","OK",1783702548127,94213,1850
1029,1783702550249,96336,96335,0,-2,0,0,0,0,68,70,10,0,52,187.47,0,-3,47,-997,-1,0,0,0,0,0,0,0,"keyboard-neutral","OK",1783702548127,94213,1850
1030,1783702550351,96438,96437,0,-2,0,0,0,0,68,70,10,0,52,187.09,0,-4,47,-1000,-1,0,0,0,0,0,0,0,"keyboard-neutral","OK",1783702548127,94213,1850
1031,1783702550454,96541,96540,0,-2,0,0,0,0,68,70,10,0,52,187.02,0,-3,46,-1000,-1,0,0,0,0,0,0,0,"keyboard-neutral","OK",1783702548127,94213,1850
