state_sequence,timestamp_ms,recording_elapsed_ms,steady_elapsed_ms,pitch,roll,yaw,vgx,vgy,vgz,templ,temph,tof,h,bat,baro,time,agx,agy,agz,mid,x,y,z,rc_a,rc_b,rc_c,rc_d,rc_source,rc_result,rc_timestamp_ms,rc_steady_elapsed_ms,rc_sequence
65,1783702701480,0,0,0,-2,0,0,0,0,69,71,10,0,47,186.71,0,-2,44,-999,-1,0,0,0,,,,,,,,,
66,1783702701584,104,103,0,-2,0,0,0,0,69,71,10,0,47,186.79,0,-2,44,-996,-1,0,0,0,,,,,,,,,
67,1783702701683,203,202,0,-2,0,0,0,0,69,71,10,0,47,186.53,0,-5,46,-998,-1,0,0,0,,,,,,,,,
68,1783702701785,305,304,0,-2,0,0,0,0,69,71,10,0,47,186.38,0,-4,45,-996,-1,0,0,0,,,,,,,,,
69,1783702701887,407,406,0,-2,0,0,0,0,69,71,10,0,47,186.71,0,-2,46,-1000,-1,0,0,0,,,,,,,,,
70,1783702701989,509,508,0,-2,0,0,0,0,69,71,10,0,47,186.53,0,-3,47,-999,-1,0,0,0,,,,,,,,,
71,1783702702091,611,610,0,-2,0,0,0,0,69,71,10,0,47,186.72,0,-4,47,-996,-1,0,0,0,,,,,,,,,
72,1783702702193,713,712,0,-2,0,0,0,0,69,71,10,0,47,186.59,0,-4,46,-996,-1,0,0,0,,,,,,,,,
73,1783702702295,815,814,0,-2,0,0,0,0,69,71,10,0,47,186.39,0,-2,46,-998,-1,0,0,0,,,,,,,,,
74,1783702702397,917,916,0,-2,0,0,0,0,69,71,10,0,47,186.58,0,-3,47,-1004,-1,0,0,0,,,,,,,,,
75,1783702702455,975,974,0,-2,0,0,0,0,69,71,10,0,47,186.61,0,-1,47,-997,-1,0,0,0,,,,,,,,,
76,1783702702553,1073,1073,0,-2,0,0,0,0,69,71,10,0,47,186.75,0,-3,45,-998,-1,0,0,0,,,,,,,,,
77,1783702702651,1171,1171,0,-2,0,0,0,0,69,71,10,0,47,186.69,0,-3,45,-996,-1,0,0,0,,,,,,,,,
78,1783702702754,1274,1273,0,-2,0,0,0,0,68,71,10,0,47,186.43,0,-4,46,-998,-1,0,0,0,,,,,,,,,
79,1783702702856,1376,1375,0,-2,0,0,0,0,68,71,10,0,47,186.33,0,-2,45,-999,-1,0,0,0,,,,,,,,,
80,1783702702958,1478,1477,0,-2,0,0,0,0,68,71,10,0,47,186.58,0,-1,47,-999,-1,0,0,0,0,0,0,0,"keyboard-worker","OK",1783702702940,1460,1
81,1783702703060,1580,1579,0,-2,0,0,0,0,68,71,10,0,47,186.89,0,-3,44,-998,-1,0,0,0,0,0,0,0,"keyboard-worker","OK",1783702703041,1560,3
82,1783702703162,1682,1681,0,-2,0,0,0,0,68,71,10,0,47,186.89,0,-5,45,-996,-1,0,0,0,0,0,0,0,"keyboard-worker","OK",1783702703141,1660,5
83,1783702703264,1784,1783,0,-2,0,0,0,0,68,71,10,0,47,186.77,0,-4,47,-998,-1,0,0,0,0,0,0,0,"keyboard-worker","OK",1783702703241,1760,7
84,1783702703366,1886,1885,0,-2,0,0,0,0,68,71,10,0,47,186.71,0,-1,46,-999,-1,0,0,0,0,0,0,0,"keyboard-worker","OK",1783702703341,1861,9
85,1783702703468,1988,1987,0,-2,0,0,0,0,68,71,10,0,47,186.44,0,0,47,-1001,-1,0,0,0,0,0,0,0,"keyboard-worker","OK",1783702703441,1961,11
86,1783702703570,2090,2089,0,-2,0,0,0,0,68,71,10,0,47,186.52,0,-1,46,-1000,-1,0,0,0,0,0,0,0,"keyboard-worker","OK",1783702703542,2061,13
87,1783702703672,2192,2191,0,-2,0,0,0,0,68,71,10,0,47,186.48,0,-1,45,-997,-1,0,0,0,0,0,0,0,"keyboard-worker","OK",1783702703642,2161,15
88,1783702703774,2294,2293,0,-2,0,0,0,0,69,72,10,0,47,186.57,0,-2,46,-1001,-1,0,0,0,0,0,0,0,"keyboard-worker","OK",1783702703742,2262,17
89,1783702703879,2399,2398,0,-2,0,0,0,0,69,72,10,0,47,186.4,0,-2,47,-997,-1,0,0,0,0,0,0,0,"keyboard-worker","OK",1783702703842,2362,19
90,1783702703988,2508,2507,0,-2,0,0,0,0,69,72,10,0,47,186.6,0,-1,46,-995,-1,0,0,0,0,0,0,0,"keyboard-worker","OK",1783702703943,2462,21
91,1783702704081,2601,2600,0,-2,0,0,0,0,69,72,10,0,47,186.71,0,-2,48,-997,-1,0,0,0,0,0,0,0,"keyboard-worker","OK",1783702704043,2562,23
92,1783702704185,2705,2704,0,-2,0,0,0,0,69,72,10,0,47,186.38,0,-5,48,-998,-1,0,0,0,0,0,0,0,"keyboard-worker","OK",1783702704143,2663,25
93,1783702704285,2805,2804,0,-2,0,0,0,0,69,72,10,0,47,186.41,0,-4,48,-1001,-1,0,0,0,0,0,0,0,"keyboard-worker","OK",1783702704243,2763,27
94,1783702704388,2908,2907,0,-2,0,0,0,0,69,72,10,0,47,186.41,0,-2,46,-1000,-1,0,0,0,0,0,0,0,"keyboard-worker","OK",1783702704344,2863,29
95,1783702704489,3009,3008,0,-2,0,0,0,0,69,72,10,0,47,186.34,0,0,46,-996,-1,0,0,0,0,0,0,0,"keyboard-worker","OK",1783702704444,2963,31
96,1783702704591,3111,3110,0,-2,0,0,0,0,69,72,10,0,47,186.55,0,-2,46,-999,-1,0,0,0,0,0,0,0,"keyboard-worker","OK",1783702704544,3064,33
97,1783702704693,3213,3212,0,-2,0,0,0,0,69,72,10,0,47,186.56,0,-3,47,-1000,-1,0,0,0,0,0,0,0,"keyboard-worker","OK",1783702704644,3164,35
98,1783702704795,3315,3314,0,-2,0,0,0,0,68,72,10,0,47,186.16,0,-3,47,-1000,-1,0,0,0,0,0,0,0,"keyboard-worker","OK",1783702704795,3314,38
99,1783702704898,3418,3417,0,-2,0,0,0,0,68,72,10,0,47,186.53,0,-6,45,-997,-1,0,0,0,0,0,0,0,"keyboard-worker","OK",1783702704895,3414,40
100,1783702705000,3520,3519,0,-2,0,0,0,0,68,72,10,0,47,186.53,0,-4,46,-999,-1,0,0,0,0,0,0,0,"keyboard-worker","OK",1783702704995,3515,42
101,1783702705102,3622,3621,0,-2,0,0,0,0,68,72,10,0,47,186.73,0,-1,46,-998,-1,0,0,0,0,0,0,0,"keyboard-worker","OK",1783702705096,3615,44
102,1783702705204,3724,3723,0,-2,0,0,0,0,68,72,10,0,47,186.48,0,-2,46,-997,-1,0,0,0,0,0,0,0,"keyboard-worker","OK",1783702705196,3715,46
103,1783702705306,3826,3825,0,-2,0,0,0,0,68,72,10,0,47,186.45,0,-6,46,-999,-1,0,0,0,0,0,0,0,"keyboard-worker","OK",1783702705296,3815,48
104,1783702705408,3928,3927,0,-2,0,0,0,0,68,72,10,0,47,186.53,0,-4,45,-1000,-1,0,0,0,0,0,0,0,"keyboard-worker","OK",1783702705396,3916,50
105,1783702705511,4031,4031,0,-2,0,0,0,0,68,72,10,0,47,186.29,0,-2,45,-999,-1,0,0,0,0,0,0,0,"keyboard-worker","OK",1783702705497,4016,52
106,1783702705613,4133,4132,0,-2,0,0,0,0,68,72,10,0,47,186.58,0,-1,45,-999,-1,0,0,0,0,0,0,0,"keyboard-worker","OK",1783702705597,4116,54
107,1783702705717,4237,4236,0,-2,0,0,0,0,68,72,10,0,47,186.2,0,-3,45,-998,-1,0,0,0,0,0,0,0,"keyboard-worker","OK",1783702705697,4216,56
108,1783702705819,4339,4339,0,-2,0,0,0,0,68,71,10,0,47,186.84,0,-3,46,-998,-1,0,0,0,0,0,0,0,"keyboard-worker","OK",1783702705797,4317,58
109,1783702705931,4451,4450,0,-2,0,0,0,0,68,71,10,0,47,186.52,0,-5,45,-998,-1,0,0,0,0,0,0,0,"keyboard-worker","OK",1783702705898,4417,60
110,1783702705969,4489,4488,0,-2,0,0,0,0,68,71,10,0,47,186.75,0,-3,46,-1002,-1,0,0,0,0,0,0,0,"keyboard-worker","OK",1783702705948,4467,61
111,1783702706072,4592,4591,0,-2,0,0,0,0,68,71,10,0,47,186.46,0,0,49,-1001,-1,0,0,0,0,0,0,0,"keyboard-worker","OK",1783702706048,4567,63
112,1783702706174,4694,4693,0,-2,0,0,0,0,68,71,10,0,47,186.41,0,-3,48,-998,-1,0,0,0,0,0,0,0,"keyboard-worker","OK",1783702706148,4668,65
113,1783702706276,4796,4795,0,-2,0,0,0,0,68,71,10,0,47,186.38,0,-2,44,-996,-1,0,0,0,0,0,0,0,"keyboard-worker","OK",1783702706248,4768,67
114,1783702706380,4900,4899,0,-2,0,0,0,0,68,71,10,0,47,186.53,0,-2,47,-999,-1,0,0,0,0,0,0,0,"keyboard-worker","OK",1783702706349,4868,69
115,1783702706483,5003,5003,0,-2,0,0,0,0,68,71,10,0,47,186.57,0,-3,47,-999,-1,0,0,0,0,0,0,0,"keyboard-worker","OK",1783702706449,4968,71
116,1783702706583,5103,5102,0,-2,0,0,0,0,68,71,10,0,47,186.57,0,-2,47,-1002,-1,0,0,0,0,0,0,0,"keyboard-worker","OK",1783702706549,5068,73
117,1783702706684,5204,5204,0,-2,0,0,0,0,68,71,10,0,47,186.75,0,-2,46,-999,-1,0,0,0,0,0,0,0,"keyboard-worker","OK",1783702706649,5169,75
118,1783702706786,5306,5306,0,-2,0,0,0,0,69,71,10,0,47,186.93,0,-3,45,-997,-1,0,0,0,0,0,0,0,"keyboard-worker","OK",1783702706749,5269,77
119,1783702706889,5409,5408,0,-2,0,0,0,0,69,71,10,0,47,186.71,0,-3,47,-998,-1,0,0,0,0,0,0,0,"keyboard-worker","OK",1783702706850,5369,79
120,1783702706990,5510,5510,0,-2,0,0,0,0,69,71,10,0,47,186.7,0,-2,46,-997,-1,0,0,0,0,0,0,0,"keyboard-worker","OK",1783702706950,5469,81
121,1783702707092,5612,5612,0,-2,0,0,0,0,69,71,10,0,47,186.51,0,-3,46,-1001,-1,0,0,0,0,0,0,0,"keyboard-worker","OK",1783702707050,5570,83
122,1783702707195,5715,5714,0,-2,0,0,0,0,69,71,10,0,47,186.15,0,-3,47,-998,-1,0,0,0,0,0,0,0,"keyboard-worker","OK",1783702707150,5670,85
123,1783702707297,5817,5816,0,-2,0,0,0,0,69,71,10,0,47,186.66,0,-3,46,-995,-1,0,0,0,0,0,0,0,"keyboard-worker","OK",1783702707250,5770,87
124,1783702707399,5919,5918,0,-2,0,0,0,0,69,71,10,0,47,186.52,0,0,48,-998,-1,0,0,0,0,0,0,0,"keyboard-worker","OK",1783702707351,5870,89
125,1783702707501,6021,6020,0,-2,0,0,0,0,69,71,10,0,47,186.51,0,-7,47,-999,-1,0,0,0,0,0,0,0,"keyboard-worker","OK",1783702707501,6020,92
126,1783702707603,6123,6122,0,-2,0,0,0,0,69,71,10,0,47,186.43,0,-2,48,-999,-1,0,0,0,0,0,0,0,"keyboard-worker","OK",1783702707601,6121,94
127,1783702707706,6226,6225,0,-2,0,0,0,0,69,71,10,0,47,186.71,0,-6,44,-1002,-1,0,0,0,0,0,0,0,"keyboard-worker","OK",1783702707701,6221,96
128,1783702707806,6326,6326,0,-2,0,0,0,0,69,72,10,0,47,186.17,0,-6,43,-1003,-1,0,0,0,0,0,0,0,"keyboard-worker","OK",1783702707802,6321,98
129,1783702707908,6428,6428,0,-2,0,0,0,0,69,72,10,0,47,186.32,0,-2,45,-999,-1,0,0,0,0,0,0,0,"keyboard-worker","OK",1783702707902,6421,100
130,1783702708012,6532,6531,0,-2,0,0,0,0,69,72,10,0,47,186.68,0,-2,49,-996,-1,0,0,0,0,0,0,0,"keyboard-worker","OK",1783702708002,6521,102
131,1783702708115,6635,6634,0,-2,0,0,0,0,69,72,10,0,47,186.45,0,-4,43,-997,-1,0,0,0,0,0,0,0,"keyboard-worker","OK",1783702708102,6622,104
132,1783702708216,6736,6736,0,-2,0,0,0,0,69,72,10,0,47,186.51,0,-6,47,-996,-1,0,0,0,0,0,0,0,"keyboard-worker","OK",1783702708202,6722,106
133,1783702708320,6840,6839,0,-2,0,0,0,0,69,72,10,0,47,186.65,0,-3,47,-998,-1,0,0,0,0,0,0,0,"keyboard-worker","OK",1783702708303,6822,108
134,1783702708423,6943,6943,0,-2,0,0,0,0,69,72,10,0,47,186.71,0,-2,46,-999,-1,0,0,0,0,0,0,0,"keyboard-worker","OK",1783702708403,6922,110
135,1783702708520,7040,7040,0,-2,0,0,0,0,69,72,10,0,47,186.41,0,-4,45,-1003,-1,0,0,0,0,0,0,0,"keyboard-worker","OK",1783702708503,7023,112
136,1783702708622,7142,7142,0,-2,0,0,0,0,69,72,10,0,47,186.43,0,-4,45,-998,-1,0,0,0,0,0,0,0,"keyboard-worker","OK",1783702708603,7123,114
137,1783702708725,7245,7244,0,-2,0,0,0,0,69,72,10,0,47,186.59,0,-4,46,-996,-1,0,0,0,0,0,0,0,"keyboard-worker","OK",1783702708704,7223,116
138,1783702708827,7347,7346,0,-2,0,0,0,0,68,70,10,0,47,186.37,0,-5,46,-1001,-1,0,0,0,0,0,0,0,"keyboard-worker","OK",1783702708804,7323,118
139,1783702708930,7450,7449,0,-2,0,0,0,0,68,70,10,0,47,186.38,0,-2,46,-999,-1,0,0,0,0,0,0,0,"keyboard-worker","OK",1783702708904,7424,120
140,1783702708984,7504,7503,0,-2,0,0,0,0,68,70,10,0,47,186.38,0,0,47,-996,-1,0,0,0,0,0,0,0,"keyboard-worker","OK",1783702708954,7474,121
141,1783702709081,7601,7601,0,-2,0,0,0,0,68,70,10,0,47,186.69,0,-3,47,-998,-1,0,0,0,0,0,0,0,"keyboard-worker","OK",1783702709054,7574,123
142,1783702709187,7707,7706,0,-2,0,0,0,0,68,70,10,0,47,186.43,0,-3,47,-996,-1,0,0,0,0,0,0,0,"keyboard-worker","OK",1783702709155,7674,125
143,1783702709288,7808,7807,0,-2,0,0,0,0,68,70,10,0,47,186.64,0,-3,46,-999,-1,0,0,0,0,0,0,0,"keyboard-worker","OK",1783702709255,7774,127
144,1783702709390,7910,7910,0,-2,0,0,0,0,68,70,10,0,47,186.48,0,-2,45,-997,-1,0,0,0,0,0,0,0,"keyboard-worker","OK",1783702709355,7875,129
145,1783702709490,8010,8010,0,-2,0,0,0,0,68,70,10,0,47,186.49,0,-3,46,-1000,-1,0,0,0,0,0,0,0,"keyboard-worker","OK",1783702709455,7975,131
146,1783702709592,8112,8112,0,-2,0,0,0,0,68,70,10,0,47,186.52,0,-3,46,-999,-1,0,0,0,0,0,0,0,"keyboard-worker","OK",1783702709556,8075,133
147,1783702709694,8214,8214,0,-2,0,0,0,0,68,70,10,0,47,186.44,0,-4,46,-998,-1,0,0,0,0,0,0,0,"keyboard-worker","OK",1783702709656,8175,135
148,1783702709796,8316,8316,0,-2,0,0,0,0,69,71,10,0,47,186.52,0,-3,47,-998,-1,0,0,0,0,0,0,0,"keyboard-worker","OK",1783702709756,8276,137
149,1783702709898,8418,8418,0,-2,0,0,0,0,69,71,10,0,47,186.39,0,-3,46,-997,-1,0,0,0,0,0,0,0,"keyboard-worker","OK",1783702709856,8376,139
150,1783702710002,8522,8521,0,-2,0,0,0,0,69,71,10,0,47,186.7,0,-2,47,-999,-1,0,0,0,0,0,0,0,"keyboard-worker","OK",1783702709957,8476,141
151,1783702710104,8624,8623,0,-2,0,0,0,0,69,71,10,0,47,186.57,0,-5,46,-1000,-1,0,0,0,0,0,0,0,"keyboard-worker","OK",1783702710057,8576,143
152,1783702710206,8726,8725,0,-2,0,0,0,0,69,71,10,0,47,186.68,0,-5,44,-996,-1,0,0,0,0,0,0,0,"keyboard-worker","OK",1783702710157,8677,145
153,1783702710310,8830,8830,0,-2,0,0,0,0,69,71,10,0,47,186.49,0,-4,45,-998,-1,0,0,0,0,0,0,0,"keyboard-worker","OK",1783702710307,8827,148
154,1783702710411,8931,8930,0,-2,0,0,0,0,69,71,10,0,47,186.65,0,-3,48,-996,-1,0,0,0,0,0,0,0,"keyboard-worker","OK",1783702710408,8927,150
155,1783702710518,9038,9038,0,-2,0,0,0,0,69,71,10,0,47,186.56,0,-1,47,-1000,-1,0,0,0,0,0,0,0,"keyboard-worker","OK",1783702710508,9027,152
156,1783702710617,9137,9137,0,-2,0,0,0,0,69,71,10,0,47,186.99,0,-1,47,-1001,-1,0,0,0,0,0,0,0,"keyboard-worker","OK",1783702710608,9128,154
157,1783702710721,9241,9240,0,-2,0,0,0,0,69,71,10,0,47,186.55,0,-10,41,-1003,-1,0,0,0,0,0,0,0,"keyboard-worker","OK",1783702710708,9228,156
158,1783702710818,9338,9338,0,-2,0,0,0,0,68,70,10,0,47,186.5,0,-6,41,-997,-1,0,0,0,0,0,0,0,"keyboard-worker","OK",1783702710809,9328,158
159,1783702710922,9442,9442,0,-2,0,0,0,0,68,70,10,0,47,186.38,0,-4,46,-1002,-1,0,0,0,0,0,0,0,"keyboard-worker","OK",1783702710909,9428,160
160,1783702711023,9543,9542,0,-2,0,0,0,0,68,70,10,0,47,186.37,0,-1,45,-997,-1,0,0,0,0,0,0,0,"keyboard-worker","OK",1783702711009,9529,162
161,1783702711124,9644,9644,0,-2,0,0,0,0,68,70,10,0,47,186.66,0,-3,50,-995,-1,0,0,0,0,0,0,0,"keyboard-worker","OK",1783702711109,9629,164
162,1783702711229,9749,9748,0,-2,0,0,0,0,68,70,10,0,47,186.54,0,-4,48,-997,-1,0,0,0,0,0,0,0,"keyboard-worker","OK",1783702711210,9729,166
163,1783702711328,9848,9848,0,-2,0,0,0,0,68,70,10,0,47,186.6,0,-3,44,-1004,-1,0,0,0,0,0,0,0,"keyboard-worker","OK",1783702711310,9829,168
164,1783702711430,9950,9950,0,-2,0,0,0,0,68,70,10,0,47,186.58,0,0,46,-1002,-1,0,0,0,0,0,0,0,"keyboard-worker","OK",1783702711410,9930,170
165,1783702711532,10052,10052,0,-2,0,0,0,0,68,70,10,0,47,186.73,0,-6,44,-997,-1,0,0,0,0,0,0,0,"keyboard-worker","OK",1783702711510,10030,172
166,1783702711635,10155,10154,0,-2,0,0,0,0,68,70,10,0,47,186.7,0,-2,46,-996,-1,0,0,0,0,0,0,0,"keyboard-worker","OK",1783702711611,10130,174
167,1783702711736,10256,10256,0,-2,0,0,0,0,68,70,10,0,47,186.7,0,-3,45,-1000,-1,0,0,0,0,0,0,0,"keyboard-worker","OK",1783702711711,10230,176
168,1783702711838,10358,10358,0,-2,0,0,0,0,68,71,10,0,47,186.84,0,-1,45,-999,-1,0,0,0,0,0,0,0,"keyboard-worker","OK",1783702711811,10330,178
169,1783702711940,10460,10460,0,-2,0,0,0,0,68,71,10,0,47,186.18,0,-2,46,-997,-1,0,0,0,0,0,0,0,"keyboard-worker","OK",1783702711911,10431,180
170,1783702712042,10562,10562,0,-2,0,0,0,0,68,71,10,0,47,186.57,0,-1,47,-994,-1,0,0,0,0,0,0,0,"keyboard-worker","OK",1783702712011,10531,182
171,1783702712146,10666,10666,0,-2,0,0,0,0,68,71,10,0,47,186.47,0,-4,45,-996,-1,0,0,0,0,0,0,0,"keyboard-worker","OK",1783702712112,10631,184
172,1783702712195,10715,10715,0,-2,0,0,0,0,68,71,10,0,47,186.43,0,-5,47,-999,-1,0,0,0,0,0,0,0,"keyboard-worker","OK",1783702712162,10681,185
173,1783702712297,10817,10817,0,-2,0,0,0,0,68,71,10,0,47,186.78,0,-2,47,-1000,-1,0,0,0,0,0,0,0,"keyboard-worker","OK",1783702712262,10781,187
174,1783702712400,10920,10919,0,-2,0,0,0,0,68,71,10,0,47,186.6,0,-1,46,-997,-1,0,0,0,0,0,0,0,"keyboard-worker","OK",1783702712362,10882,189
175,1783702712501,11021,11021,0,-2,0,0,0,0,68,71,10,0,47,186.32,0,-5,44,-992,-1,0,0,0,0,0,0,0,"keyboard-worker","OK",1783702712462,10982,191
176,1783702712604,11124,11123,0,-2,0,0,0,0,68,71,10,0,47,186.37,0,-7,40,-1000,-1,0,0,0,0,0,0,0,"keyboard-worker","OK",1783702712563,11082,193
177,1783702712706,11226,11225,0,-2,0,0,0,0,68,71,10,0,47,186.86,0,-8,44,-999,-1,0,0,0,0,0,0,0,"keyboard-worker","OK",1783702712663,11182,195
178,1783702712807,11327,11327,0,-2,0,0,0,0,69,71,10,0,47,186.32,0,-6,42,-1000,-1,0,0,0,0,0,0,0,"keyboard-worker","OK",1783702712763,11282,197
179,1783702712914,11434,11433,0,-2,0,0,0,0,69,71,10,0,47,186.83,0,-2,44,-993,-1,0,0,0,0,0,0,0,"keyboard-worker","OK",1783702712913,11433,200
180,1783702713016,11536,11536,0,-2,0,0,0,0,69,71,10,0,47,187,0,-4,46,-999,-1,0,0,0,0,0,0,0,"keyboard-worker","OK",1783702713014,11533,202
181,1783702713116,11636,11635,0,-2,0,0,0,0,69,71,10,0,47,186.44,0,-4,46,-997,-1,0,0,0,0,0,0,0,"keyboard-worker","OK",1783702713114,11633,204
182,1783702713219,11739,11738,0,-2,0,0,0,0,69,71,10,0,47,186.68,0,-3,46,-996,-1,0,0,0,0,0,0,0,"keyboard-worker","OK",1783702713214,11733,206
183,1783702713321,11841,11841,0,-2,0,0,0,0,69,71,10,0,47,186.35,0,0,47,-1000,-1,0,0,0,0,0,0,0,"keyboard-worker","OK",1783702713314,11834,208
184,1783702713420,11940,11940,0,-2,0,0,0,0,69,71,10,0,47,186.54,0,-2,46,-1000,-1,0,0,0,0,0,0,0,"keyboard-worker","OK",1783702713414,11934,210
185,1783702713522,12042,12042,0,-2,0,0,0,0,69,71,10,0,47,186.61,0,-2,47,-1001,-1,0,0,0,0,0,0,0,"keyboard-worker","OK",1783702713515,12034,212
186,1783702713624,12144,12144,0,-2,0,0,0,0,69,71,10,0,47,186.8,0,-4,45,-997,-1,0,0,0,0,0,0,0,"keyboard-worker","OK",1783702713615,12134,214
187,1783702713726,12246,12246,0,-2,0,0,0,0,69,71,10,0,47,186.67,0,-3,45,-996,-1,0,0,0,0,0,0,0,"keyboard-worker","OK",1783702713715,12235,216
188,1783702713828,12348,12348,0,-2,0,0,0,0,69,71,10,0,47,186.61,0,2,49,-994,-1,0,0,0,0,0,0,0,"keyboard-worker","OK",1783702713815,12335,218
189,1783702713930,12450,12450,0,-2,0,0,0,0,69,71,10,0,47,186.52,0,-3,47,-995,-1,0,0,0,0,0,0,0,"keyboard-worker","OK",1783702713916,12435,220
190,1783702714032,12552,12551,0,-2,0,0,0,0,69,71,10,0,47,186.18,0,-2,46,-1001,-1,0,0,0,0,0,0,0,"keyboard-worker","OK",1783702714016,12535,222
191,1783702714134,12654,12654,0,-2,0,0,0,0,69,71,10,0,47,186.68,0,-1,46,-1000,-1,0,0,0,0,0,0,0,"keyboard-worker","OK",1783702714116,12636,224
192,1783702714236,12756,12756,0,-2,0,0,0,0,69,71,10,0,47,186.55,0,-2,46,-1000,-1,0,0,0,0,0,0,0,"keyboard-worker","OK",1783702714216,12736,226
193,1783702714338,12858,12858,0,-2,0,0,0,0,69,71,10,0,47,186.67,0,-3,46,-998,-1,0,0,0,0,0,0,0,"keyboard-worker","OK",1783702714317,12836,228
194,1783702714440,12960,12960,0,-2,0,0,0,0,69,71,10,0,47,186.53,0,-3,46,-995,-1,0,0,0,0,0,0,0,"keyboard-worker","OK",1783702714417,12936,230
195,1783702714543,13063,13062,0,-2,0,0,0,0,69,71,10,0,47,186.69,0,-3,46,-995,-1,0,0,0,0,0,0,0,"keyboard-worker","OK",1783702714517,13037,232
196,1783702714646,13166,13166,0,-2,0,0,0,0,69,71,10,0,47,186.4,0,-1,47,-1000,-1,0,0,0,0,0,0,0,"keyboard-worker","OK",1783702714618,13137,234
197,1783702714749,13269,13268,0,-2,0,0,0,0,69,71,10,0,47,186.73,0,-1,47,-1002,-1,0,0,0,0,0,0,0,"keyboard-worker","OK",1783702714718,13237,236
198,1783702714855,13375,13374,0,-2,0,0,0,0,69,72,10,0,47,186.72,0,-4,45,-1000,-1,0,0,0,0,0,0,0,"keyboard-worker","OK",1783702714818,13337,238
199,1783702714954,13474,13473,0,-2,0,0,0,0,69,72,10,0,47,186.58,0,-4,46,-997,-1,0,0,0,0,0,0,0,"keyboard-worker","OK",1783702714918,13438,240
200,1783702715052,13572,13572,0,-2,0,0,0,0,69,72,10,0,47,186.46,0,-4,46,-999,-1,0,0,0,0,0,0,0,"keyboard-worker","OK",1783702715018,13538,242
201,1783702715154,13674,13674,0,-2,0,0,0,0,69,72,10,0,47,186.38,0,-4,46,-999,-1,0,0,0,0,0,0,0,"keyboard-worker","OK",1783702715119,13638,244
202,1783702715257,13777,13776,0,-2,0,0,0,0,69,72,10,0,47,186.75,0,-3,47,-1001,-1,0,0,0,0,0,0,0,"keyboard-worker","OK",1783702715219,13738,246
203,1783702715359,13879,13878,0,-2,0,0,0,0,69,72,10,0,47,186.56,0,-3,46,-997,-1,0,0,0,0,0,0,0,"keyboard-worker","OK",1783702715319,13838,248
204,1783702715460,13980,13980,0,-2,0,0,0,0,69,72,10,0,47,186.62,0,-3,47,-997,-1,0,0,0,0,0,0,0,"keyboard-worker","OK",1783702715419,13939,250
205,1783702715562,14082,14082,0,-2,0,0,0,0,69,72,10,0,47,186.47,0,-1,47,-998,-1,0,0,0,0,0,0,0,"keyboard-worker","OK",1783702715519,14039,252
206,1783702715665,14185,14184,0,-2,0,0,0,0,69,72,10,0,47,186.48,0,-2,47,-999,-1,0,0,0,0,0,0,0,"keyboard-worker","OK",1783702715620,14139,254
207,1783702715721,14241,14240,0,-2,0,0,0,0,69,72,10,0,47,186.5,0,-1,46,-996,-1,0,0,0,0,0,0,0,"keyboard-worker","OK",1783702715720,14239,256
208,1783702715870,14390,14389,0,-2,0,0,0,0,69,72,10,0,47,186.62,0,0,46,-978,-1,0,0,0,0,0,0,0,"keyboard-worker","OK",1783702715870,14390,259
209,1783702715919,14439,14439,0,-2,0,0,0,0,69,72,10,0,47,186.81,0,0,50,-995,-1,0,0,0,0,0,0,0,"keyboard-worker","OK",1783702715870,14390,259
210,1783702716021,14541,14541,0,-2,0,0,0,0,69,72,10,0,47,186.83,0,-1,42,-1001,-1,0,0,0,0,0,0,0,"keyboard-worker","OK",1783702716020,14540,262
211,1783702716123,14643,14642,0,-2,0,0,0,0,69,72,10,0,47,186.63,0,-5,43,-999,-1,0,0,0,0,0,0,0,"keyboard-worker","OK",1783702716121,14640,264
212,1783702716225,14745,14744,0,-2,0,0,0,0,69,72,10,0,47,186.65,0,-4,45,-1001,-1,0,0,0,0,0,0,0,"keyboard-worker","OK",1783702716221,14740,266
213,1783702716327,14847,14846,0,-2,0,0,0,0,69,72,10,0,47,186.76,0,-3,45,-996,-1,0,0,0,0,0,0,0,"keyboard-worker","OK",1783702716321,14841,268
214,1783702716429,14949,14949,0,-2,0,0,0,0,69,72,10,0,47,186.79,0,-2,46,-997,-1,0,0,0,0,0,0,0,"keyboard-worker","OK",1783702716421,14941,270
215,1783702716531,15051,15051,0,-2,0,0,0,0,69,72,10,0,47,186.59,0,-2,45,-1001,-1,0,0,0,0,0,0,0,"keyboard-worker","OK",1783702716521,15041,272
216,1783702716633,15153,15153,0,-2,0,0,0,0,69,72,10,0,47,186.69,0,0,45,-998,-1,0,0,0,0,0,0,0,"keyboard-worker","OK",1783702716622,15141,274
217,1783702716735,15255,15255,0,-2,0,0,0,0,69,72,10,0,47,186.4,0,-4,47,-998,-1,0,0,0,0,0,0,0,"keyboard-worker","OK",1783702716722,15241,276
218,1783702716837,15357,15357,0,-2,0,0,0,0,69,72,10,0,47,186.74,0,-4,46,-996,-1,0,0,0,0,0,0,0,"keyboard-worker","OK",1783702716822,15342,278
219,1783702716939,15459,15459,0,-2,0,0,0,0,69,72,10,0,47,186.82,0,-2,45,-999,-1,0,0,0,0,0,0,0,"keyboard-worker","OK",1783702716922,15442,280
220,1783702717041,15561,15561,0,-2,0,0,0,0,69,72,10,0,47,186.74,0,0,47,-997,-1,0,0,0,0,0,0,0,"keyboard-worker","OK",1783702717022,15542,282
221,1783702717145,15665,15665,0,-2,0,0,0,0,69,72,10,0,47,186.36,0,-2,45,-1000,-1,0,0,0,0,0,0,0,"keyboard-worker","OK",1783702717123,15642,284
222,1783702717249,15769,15768,0,-2,0,0,0,0,69,72,10,0,47,186.72,0,-3,46,-997,-1,0,0,0,0,0,0,0,"keyboard-worker","OK",1783702717223,15742,286
223,1783702717351,15871,15870,0,-2,0,0,0,0,69,72,10,0,47,186.59,0,-2,45,-1000,-1,0,0,0,0,0,0,0,"keyboard-worker","OK",1783702717323,15843,288
224,1783702717453,15973,15973,0,-2,0,0,0,0,69,72,10,0,47,186.5,0,-3,47,-999,-1,0,0,0,0,0,0,0,"keyboard-worker","OK",1783702717423,15943,290
225,1783702717552,16072,16071,0,-2,0,0,0,0,69,72,10,0,47,186.47,0,-3,48,-1000,-1,0,0,0,0,0,0,0,"keyboard-worker","OK",1783702717523,16043,292
226,1783702717654,16174,16173,0,-2,0,0,0,0,69,72,10,0,47,186.58,0,-3,44,-1001,-1,0,0,0,0,0,0,0,"keyboard-worker","OK",1783702717624,16143,294
227,1783702717756,16276,16276,0,-2,0,0,0,0,69,72,10,0,47,186.67,0,-3,47,-998,-1,0,0,0,0,0,0,0,"keyboard-worker","OK",1783702717724,16243,296
228,1783702717858,16378,16378,0,-2,0,0,0,0,69,71,10,0,47,186.56,0,-4,46,-996,-1,0,0,0,0,0,0,0,"keyboard-worker","OK",1783702717824,16344,298
229,1783702717960,16480,16479,0,-2,0,0,0,0,69,71,10,0,47,186.76,0,-5,44,-997,-1,0,0,0,0,0,0,0,"keyboard-worker","OK",1783702717924,16444,300
230,1783702718062,16582,16582,0,-2,0,0,0,0,69,71,10,0,47,186.7,0,-2,47,-1001,-1,0,0,0,0,0,0,0,"keyboard-worker","OK",1783702718024,16544,302
231,1783702718164,16684,16683,0,-2,0,0,0,0,69,71,10,0,47,186.62,0,-4,47,-998,-1,0,0,0,0,0,0,0,"keyboard-worker","OK",1783702718125,16644,304
232,1783702718266,16786,16785,0,-2,0,0,0,0,69,71,10,0,47,186.88,0,-2,47,-996,-1,0,0,0,0,0,0,0,"keyboard-worker","OK",1783702718225,16744,306
233,1783702718368,16888,16887,0,-2,0,0,0,0,69,71,10,0,47,186.68,0,-2,45,-996,-1,0,0,0,0,0,0,0,"keyboard-worker","OK",1783702718325,16844,308
234,1783702718470,16990,16989,0,-2,0,0,0,0,69,71,10,0,47,186.61,0,-4,49,-999,-1,0,0,0,0,0,0,0,"keyboard-worker","OK",1783702718425,16945,310
235,1783702718572,17092,17091,0,-2,0,0,0,0,69,71,10,0,47,186.66,0,-3,47,-998,-1,0,0,0,0,0,0,0,"keyboard-worker","OK",1783702718525,17045,312
236,1783702718674,17194,17193,0,-2,0,0,0,0,69,71,10,0,47,186.67,0,-8,44,-1002,-1,0,0,0,0,0,0,0,"keyboard-worker","OK",1783702718626,17145,314
237,1783702718778,17298,17298,0,-2,0,0,0,0,69,71,10,0,47,186.66,0,0,47,-995,-1,0,0,0,0,0,0,0,"keyboard-worker","OK",1783702718776,17295,317
238,1783702718882,17402,17402,0,-2,0,0,0,0,69,71,10,0,47,186.73,0,-2,46,-994,-1,0,0,0,0,0,0,0,"keyboard-worker","OK",1783702718876,17396,319
239,1783702718982,17502,17502,0,-2,0,0,0,0,69,71,10,0,47,186.69,0,-2,48,-995,-1,0,0,0,0,0,0,0,"keyboard-worker","OK",1783702718976,17496,321
240,1783702719082,17602,17601,0,-2,0,0,0,0,69,71,10,0,47,186.83,0,-2,45,-999,-1,0,0,0,0,0,0,0,"keyboard-worker","OK",1783702719076,17596,323
241,1783702719133,17653,17652,0,-2,0,0,0,0,69,71,10,0,47,186.47,0,-2,46,-1001,-1,0,0,0,0,0,0,0,"keyboard-worker","OK",1783702719127,17646,324
242,1783702719235,17755,17755,0,-2,0,0,0,0,69,71,10,0,47,186.71,0,-3,46,-997,-1,0,0,0,0,0,0,0,"keyboard-worker","OK",1783702719227,17746,326
243,1783702719337,17857,17856,0,-2,0,0,0,0,69,71,10,0,47,186.6,0,-1,46,-999,-1,0,0,0,0,0,0,0,"keyboard-worker","OK",1783702719327,17846,328
244,1783702719439,17959,17958,0,-2,0,0,0,0,69,71,10,0,47,186.87,0,-2,46,-998,-1,0,0,0,0,0,0,0,"keyboard-worker","OK",1783702719427,17947,330
245,1783702719541,18061,18060,0,-2,0,0,0,0,69,71,10,0,47,186.74,0,-2,46,-1001,-1,0,0,0,0,0,0,0,"keyboard-worker","OK",1783702719527,18047,332
246,1783702719646,18166,18166,0,-2,0,0,0,0,69,71,10,0,47,187.14,0,-1,44,-996,-1,0,0,0,0,0,0,0,"keyboard-worker","OK",1783702719628,18147,334
247,1783702719750,18270,18269,0,-2,0,0,0,0,69,71,10,0,47,186.99,0,-2,43,-999,-1,0,0,0,0,0,0,0,"keyboard-worker","OK",1783702719728,18247,336
248,1783702719849,18369,18368,0,-2,0,0,0,0,69,71,10,0,47,186.83,0,-1,45,-999,-1,0,0,0,0,0,0,0,"keyboard-worker","OK",1783702719828,18347,338
249,1783702719951,18471,18471,0,-2,0,0,0,0,69,71,10,0,47,186.99,0,-2,46,-1000,-1,0,0,0,0,0,0,0,"keyboard-worker","OK",1783702719928,18448,340
250,1783702720052,18572,18571,0,-2,0,0,0,0,69,71,10,0,47,186.98,0,-2,45,-1000,-1,0,0,0,0,0,0,0,"keyboard-worker","OK",1783702720028,18548,342
251,1783702720154,18674,18673,0,-2,0,0,0,0,69,71,10,0,47,186.69,0,-3,45,-996,-1,0,0,0,0,0,0,0,"keyboard-worker","OK",1783702720129,18648,344
252,1783702720256,18776,18775,0,-2,0,0,0,0,69,71,10,0,47,186.77,0,-2,45,-1000,-1,0,0,0,0,0,0,0,"keyboard-worker","OK",1783702720229,18748,346
253,1783702720358,18878,18877,0,-2,0,0,0,0,69,71,10,0,47,186.92,0,-3,45,-999,-1,0,0,0,0,0,0,0,"keyboard-worker","OK",1783702720329,18849,348
254,1783702720460,18980,18979,0,-2,0,0,0,0,69,71,10,0,47,186.76,0,-1,45,-1001,-1,0,0,0,0,0,0,0,"keyboard-worker","OK",1783702720429,18949,350
255,1783702720562,19082,19081,0,-2,0,0,0,0,69,71,10,0,47,186.79,0,-1,46,-996,-1,0,0,0,0,0,0,0,"keyboard-worker","OK",1783702720530,19049,352
256,1783702720664,19184,19183,0,-2,0,0,0,0,69,71,10,0,47,186.62,0,-3,48,-998,-1,0,0,0,0,0,0,0,"keyboard-worker","OK",1783702720630,19149,354
257,1783702720766,19286,19285,0,-2,0,0,0,0,69,71,10,0,47,186.72,0,-3,45,-997,-1,0,0,0,0,0,0,0,"keyboard-worker","OK",1783702720730,19250,356
258,1783702720868,19388,19387,0,-2,0,0,0,0,70,71,10,0,47,186.78,0,-4,45,-999,-1,0,0,0,0,0,0,0,"keyboard-worker","OK",1783702720830,19350,358
259,1783702720970,19490,19489,0,-2,0,0,0,0,70,71,10,0,47,186.66,0,-2,46,-1001,-1,0,0,0,0,0,0,0,"keyboard-worker","OK",1783702720931,19450,360
260,1783702721073,19593,19593,0,-2,0,0,0,0,70,71,10,0,47,186.88,0,-2,46,-998,-1,0,0,0,0,0,0,0,"keyboard-worker","OK",1783702721031,19550,362
261,1783702721174,19694,19693,0,-2,0,0,0,0,70,71,10,0,47,186.66,0,-2,46,-998,-1,0,0,0,0,0,0,0,"keyboard-worker","OK",1783702721131,19651,364
262,1783702721277,19797,19796,0,-2,0,0,0,0,70,71,10,0,47,186.77,0,-3,48,-998,-1,0,0,0,0,0,0,0,"keyboard-worker","OK",1783702721232,19751,366
263,1783702721379,19899,19899,0,-2,0,0,0,0,70,71,10,0,47,186.7,0,-4,46,-998,-1,0,0,0,0,0,0,0,"keyboard-worker","OK",1783702721332,19851,368
264,1783702721482,20002,20002,0,-2,0,0,0,0,70,71,10,0,47,186.64,0,-1,47,-998,-1,0,0,0,0,0,0,0,"keyboard-worker","OK",1783702721482,20002,371
265,1783702721583,20103,20103,0,-2,0,0,0,0,70,71,10,0,47,186.56,0,-2,46,-997,-1,0,0,0,0,0,0,0,"keyboard-worker","OK",1783702721582,20102,373
266,1783702721683,20203,20203,0,-2,0,0,0,0,70,71,10,0,47,186.68,0,-3,46,-999,-1,0,0,0,0,0,0,0,"keyboard-worker","OK",1783702721683,20202,375
267,1783702721786,20306,20305,0,-2,0,0,0,0,70,71,10,0,47,186.78,0,-3,47,-996,-1,0,0,0,0,0,0,0,"keyboard-worker","OK",1783702721783,20302,377
268,1783702721888,20408,20407,0,-2,0,0,0,0,69,71,10,0,47,186.79,0,-4,47,-998,-1,0,0,0,0,0,0,0,"keyboard-worker","OK",1783702721883,20403,379
269,1783702721990,20510,20509,0,-2,0,0,0,0,69,71,10,0,47,186.91,0,-2,46,-999,-1,0,0,0,0,0,0,0,"keyboard-worker","OK",1783702721983,20503,381
270,1783702722092,20612,20611,0,-2,0,0,0,0,69,71,10,0,47,186.79,0,-2,46,-1001,-1,0,0,0,0,0,0,0,"keyboard-worker","OK",1783702722084,20603,383
271,1783702722194,20714,20713,0,-2,0,0,0,0,69,71,10,0,47,186.87,0,-3,45,-1000,-1,0,0,0,0,0,0,0,"keyboard-worker","OK",1783702722184,20704,385
272,1783702722296,20816,20815,0,-2,0,0,0,0,69,71,10,0,47,186.47,0,-3,45,-997,-1,0,0,0,0,0,0,0,"keyboard-worker","OK",1783702722285,20804,387
273,1783702722398,20918,20917,0,-2,0,0,0,0,69,71,10,0,47,186.78,0,-2,46,-997,-1,0,0,0,0,0,0,0,"keyboard-worker","OK",1783702722385,20904,389
274,1783702722500,21020,21019,0,-2,0,0,0,0,69,71,10,0,47,186.9,0,-3,47,-999,-1,0,0,0,0,0,0,0,"keyboard-worker","OK",1783702722485,21004,391
275,1783702722550,21070,21069,0,-2,0,0,0,0,69,71,10,0,47,186.7,0,-4,45,-1000,-1,0,0,0,0,0,0,0,"keyboard-worker","OK",1783702722535,21055,392
276,1783702722653,21173,21172,0,-2,0,0,0,0,69,71,10,0,47,186.8,0,-2,46,-997,-1,0,0,0,0,0,0,0,"keyboard-worker","OK",1783702722635,21155,394
277,1783702722755,21275,21274,0,-2,0,0,0,0,69,71,10,0,47,186.79,0,-1,45,-999,-1,0,0,0,0,0,0,0,"keyboard-worker","OK",1783702722736,21255,396
278,1783702722857,21377,21376,0,-2,0,0,0,0,69,72,10,0,47,186.62,0,-6,47,-1003,-1,0,0,0,0,0,0,0,"keyboard-worker","OK",1783702722836,21355,398
279,1783702722963,21483,21482,0,-2,0,0,0,0,69,72,10,0,47,186.83,0,-2,46,-999,-1,0,0,0,0,0,0,0,"keyboard-worker","OK",1783702722936,21455,400
280,1783702723061,21581,21581,0,-2,0,0,0,0,69,72,10,0,47,186.64,0,-4,46,-993,-1,0,0,0,0,0,0,0,"keyboard-worker","OK",1783702723036,21556,402
281,1783702723163,21683,21682,0,-2,0,0,0,0,69,72,10,0,47,186.62,0,-5,47,-998,-1,0,0,0,0,0,0,0,"keyboard-worker","OK",1783702723136,21656,404
282,1783702723265,21785,21784,0,-2,0,0,0,0,69,72,10,0,47,186.79,0,-3,46,-1000,-1,0,0,0,0,0,0,0,"keyboard-worker","OK",1783702723236,21756,406
283,1783702723367,21887,21886,0,-2,0,0,0,0,69,72,10,0,47,186.63,0,-3,47,-999,-1,0,0,0,0,0,0,0,"keyboard-worker","OK",1783702723337,21856,408
284,1783702723469,21989,21989,0,-2,0,0,0,0,69,72,10,0,47,186.85,0,-1,47,-997,-1,0,0,0,0,0,0,0,"keyboard-worker","OK",1783702723437,21956,410
285,1783702723576,22096,22095,0,-2,0,0,0,0,69,72,10,0,47,186.9,0,-4,47,-995,-1,0,0,0,0,0,0,0,"keyboard-worker","OK",1783702723537,22057,412
286,1783702723673,22193,22192,0,-2,0,0,0,0,69,72,10,0,47,186.62,0,-4,45,-998,-1,0,0,0,0,0,0,0,"keyboard-worker","OK",1783702723637,22157,414
287,1783702723776,22296,22295,0,-2,0,0,0,0,69,72,10,0,47,186.83,0,-2,46,-1001,-1,0,0,0,0,0,0,0,"keyboard-worker","OK",1783702723737,22257,416
288,1783702723882,22402,22402,0,-2,0,0,0,0,69,72,10,0,47,186.61,0,-4,45,-1001,-1,0,0,0,0,0,0,0,"keyboard-worker","OK",1783702723838,22357,418
289,1783702723984,22504,22504,0,-2,0,0,0,0,69,72,10,0,47,186.36,0,-4,45,-996,-1,0,0,0,0,0,0,0,"keyboard-worker","OK",1783702723938,22457,420
290,1783702724082,22602,22601,0,-2,0,0,0,0,69,72,10,0,47,186.8,0,0,46,-1000,-1,0,0,0,0,0,0,0,"keyboard-worker","OK",1783702724038,22558,422
291,1783702724184,22704,22703,0,-2,0,0,0,0,69,72,10,0,47,186.55,0,-2,47,-998,-1,0,0,0,0,0,0,0,"keyboard-worker","OK",1783702724138,22658,424
292,1783702724305,22825,22825,0,-2,0,0,0,0,69,72,10,0,47,186.86,0,-5,48,-997,-1,0,0,0,0,0,0,0,"keyboard-worker","OK",1783702724289,22808,427
293,1783702724388,22908,22907,0,-2,0,0,0,0,69,72,10,0,47,186.68,0,-2,47,-1000,-1,0,0,0,0,0,0,0,"keyboard-worker","OK",1783702724339,22858,428
294,1783702724490,23010,23009,0,-2,0,0,0,0,69,72,10,0,47,186.91,0,-4,46,-996,-1,0,0,0,0,0,0,0,"keyboard-worker","OK",1783702724489,23008,431
295,1783702724592,23112,23111,0,-2,0,0,0,0,69,72,10,0,47,186.62,0,-2,49,-1002,-1,0,0,0,0,0,0,0,"keyboard-worker","OK",1783702724589,23109,433
296,1783702724694,23214,23213,0,-2,0,0,0,0,69,72,10,0,47,186.7,0,-3,46,-998,-1,0,0,0,0,0,0,0,"keyboard-worker","OK",1783702724689,23209,435
297,1783702724796,23316,23315,0,-2,0,0,0,0,69,72,10,0,47,186.86,0,-2,46,-1000,-1,0,0,0,0,0,0,0,"keyboard-worker","OK",1783702724790,23309,437
298,1783702724898,23418,23417,0,-2,0,0,0,0,69,72,10,0,47,186.72,0,-2,46,-990,-1,0,0,0,0,0,0,0,"keyboard-worker","OK",1783702724890,23409,439
299,1783702725000,23520,23519,0,-2,0,0,0,0,69,72,10,0,47,187.05,0,-4,49,-998,-1,0,0,0,0,0,0,0,"keyboard-worker","OK",1783702724990,23509,441
300,1783702725102,23622,23621,0,-2,0,0,0,0,69,72,10,0,47,186.71,0,-4,45,-1000,-1,0,0,0,0,0,0,0,"keyboard-worker","OK",1783702725090,23610,443
301,1783702725204,23724,23723,0,-2,0,0,0,0,69,72,10,0,47,187.1,0,-1,47,-1001,-1,0,0,0,0,0,0,0,"keyboard-worker","OK",1783702725190,23710,445
302,1783702725306,23826,23825,0,-2,0,0,0,0,69,72,10,0,47,186.98,0,-4,48,-1000,-1,0,0,0,0,0,0,0,"keyboard-worker","OK",1783702725291,23810,447
303,1783702725408,23928,23927,0,-2,0,0,0,0,69,72,10,0,47,186.84,0,-2,46,-999,-1,0,0,0,0,0,0,0,"keyboard-worker","OK",1783702725391,23910,449
304,1783702725510,24030,24029,0,-2,0,0,0,0,69,72,10,0,47,186.96,0,-5,44,-996,-1,0,0,0,0,0,0,0,"keyboard-worker","OK",1783702725491,24010,451
305,1783702725615,24135,24134,0,-2,0,0,0,0,69,72,10,0,47,186.63,0,-3,46,-998,-1,0,0,0,0,0,0,0,"keyboard-worker","OK",1783702725591,24111,453
306,1783702725716,24236,24235,0,-2,0,0,0,0,69,72,10,0,47,186.69,0,-3,47,-1000,-1,0,0,0,0,0,0,0,"keyboard-worker","OK",1783702725691,24211,455
307,1783702725765,24285,24284,0,-2,0,0,0,0,69,72,10,0,47,186.69,0,-2,46,-1002,-1,0,0,0,0,0,0,0,"keyboard-worker","OK",1783702725741,24261,456
308,1783702725920,24440,24439,0,-2,0,0,0,0,69,71,10,0,47,186.8,0,-2,47,-997,-1,0,0,0,0,0,0,0,"keyboard-worker","OK",1783702725892,24411,459
309,1783702725970,24490,24490,0,-2,0,0,0,0,69,71,10,0,47,186.59,0,-3,47,-998,-1,0,0,0,0,0,0,0,"keyboard-worker","OK",1783702725942,24461,460
310,1783702726074,24594,24594,0,-2,0,0,0,0,69,71,10,0,47,186.69,0,-3,46,-999,-1,0,0,0,0,0,0,0,"keyboard-worker","OK",1783702726042,24562,462
311,1783702726175,24695,24694,0,-2,0,0,0,0,69,71,10,0,47,186.56,0,-3,47,-1000,-1,0,0,0,0,0,0,0,"keyboard-worker","OK",1783702726142,24662,464
312,1783702726283,24803,24803,0,-2,0,0,0,0,69,71,10,0,47,186.76,0,-2,47,-1001,-1,0,0,0,0,0,0,0,"keyboard-worker","OK",1783702726243,24762,466
313,1783702726387,24907,24906,0,-2,0,0,0,0,69,71,10,0,47,186.57,0,-3,47,-999,-1,0,0,0,0,0,0,0,"keyboard-worker","OK",1783702726343,24862,468
314,1783702726485,25005,25005,0,-2,0,0,0,0,69,71,10,0,47,186.7,0,-1,45,-996,-1,0,0,0,0,0,0,0,"keyboard-worker","OK",1783702726443,24963,470
315,1783702726586,25106,25105,0,-2,0,0,0,0,69,71,10,0,47,186.7,0,-4,46,-999,-1,0,0,0,0,0,0,0,"keyboard-worker","OK",1783702726543,25063,472
316,1783702726688,25208,25207,0,-2,0,0,0,0,69,71,10,0,47,186.76,0,-2,46,-1000,-1,0,0,0,0,0,0,0,"keyboard-worker","OK",1783702726644,25163,474
317,1783702726788,25308,25308,0,-2,0,0,0,0,69,71,10,0,47,186.69,0,-2,45,-1000,-1,0,0,0,0,0,0,0,"keyboard-worker","OK",1783702726744,25263,476
318,1783702726890,25410,25409,0,-2,0,0,0,0,69,72,10,0,47,187.02,0,-3,46,-998,-1,0,0,0,0,0,0,0,"keyboard-worker","OK",1783702726844,25364,478
319,1783702726992,25512,25511,0,-2,0,0,0,0,69,72,10,0,47,186.85,0,-2,47,-998,-1,0,0,0,0,0,0,0,"keyboard-worker","OK",1783702726944,25464,480
320,1783702727094,25614,25613,0,-2,0,0,0,0,69,72,10,0,47,186.61,0,-2,45,-1000,-1,0,0,0,0,0,0,0,"keyboard-worker","OK",1783702727045,25564,482
321,1783702727196,25716,25715,0,-2,0,0,0,0,69,72,10,0,47,186.7,0,-2,46,-999,-1,0,0,0,0,0,0,0,"keyboard-worker","OK",1783702727195,25715,485
322,1783702727298,25818,25817,0,-2,0,0,0,0,69,72,10,0,47,186.55,0,-3,46,-1000,-1,0,0,0,0,0,0,0,"keyboard-worker","OK",1783702727295,25815,487
323,1783702727400,25920,25919,0,-2,0,0,0,0,69,72,10,0,47,186.65,0,-4,44,-1000,-1,0,0,0,0,0,0,0,"keyboard-worker","OK",1783702727395,25915,489
324,1783702727502,26022,26021,0,-2,0,0,0,0,69,72,10,0,47,186.81,0,-1,44,-1000,-1,0,0,0,0,0,0,0,"keyboard-worker","OK",1783702727496,26015,491
325,1783702727604,26124,26124,0,-2,0,0,0,0,69,72,10,0,47,186.62,0,-1,46,-1001,-1,0,0,0,0,0,0,0,"keyboard-worker","OK",1783702727596,26115,493
326,1783702727706,26226,26225,0,-2,0,0,0,0,69,72,10,0,47,186.67,0,-3,46,-997,-1,0,0,0,0,0,0,0,"keyboard-worker","OK",1783702727696,26215,495
327,1783702727808,26328,26328,0,-2,0,0,0,0,69,72,10,0,47,186.63,0,-3,45,-994,-1,0,0,0,0,0,0,0,"keyboard-worker","OK",1783702727796,26316,497
328,1783702727917,26437,26436,0,-2,0,0,0,0,69,72,10,0,47,186.59,0,-3,46,-995,-1,0,0,0,0,0,0,0,"keyboard-worker","OK",1783702727897,26416,499
329,1783702728018,26538,26538,0,-2,0,0,0,0,69,72,10,0,47,186.98,0,-4,47,-999,-1,0,0,0,0,0,0,0,"keyboard-worker","OK",1783702727997,26516,501
330,1783702728118,26638,26638,0,-2,0,0,0,0,69,72,10,0,47,186.58,0,-1,45,-1001,-1,0,0,0,0,0,0,0,"keyboard-worker","OK",1783702728097,26616,503
331,1783702728218,26738,26738,0,-2,0,0,0,0,69,72,10,0,47,186.81,0,-1,46,-999,-1,0,0,0,0,0,0,0,"keyboard-worker","OK",1783702728197,26717,505
332,1783702728327,26847,26847,0,-2,0,0,0,0,69,72,10,0,47,186.72,0,-1,47,-998,-1,0,0,0,0,0,0,0,"keyboard-worker","OK",1783702728297,26817,507
333,1783702728422,26942,26941,0,-2,0,0,0,0,69,72,10,0,47,186.56,0,-4,48,-998,-1,0,0,0,0,0,0,0,"keyboard-worker","OK",1783702728398,26917,509
334,1783702728522,27042,27042,0,-2,0,0,0,0,69,72,10,0,47,187.13,0,-3,44,-1001,-1,0,0,0,0,0,0,0,"keyboard-worker","OK",1783702728498,27017,511
335,1783702728624,27144,27144,0,-2,0,0,0,0,69,72,10,0,47,186.78,0,-2,45,-998,-1,0,0,0,0,0,0,0,"keyboard-worker","OK",1783702728598,27118,513
336,1783702728726,27246,27245,0,-2,0,0,0,0,69,72,10,0,47,186.62,0,-3,46,-999,-1,0,0,0,0,0,0,0,"keyboard-worker","OK",1783702728699,27218,515
337,1783702728782,27302,27301,0,-2,0,0,0,0,69,72,10,0,47,186.53,0,-2,45,-997,-1,0,0,0,0,0,0,0,"keyboard-worker","OK",1783702728749,27268,516
338,1783702728930,27450,27450,0,-2,0,0,0,0,70,72,10,0,47,186.81,0,-2,46,-995,-1,0,0,0,0,0,0,0,"keyboard-worker","OK",1783702728899,27418,519
339,1783702729034,27554,27553,0,-2,0,0,0,0,70,72,10,0,47,186.69,0,-3,44,-1001,-1,0,0,0,0,0,0,0,"keyboard-worker","OK",1783702728999,27519,521
340,1783702729135,27655,27654,0,-2,0,0,0,0,70,72,10,0,47,186.57,0,-3,47,-999,-1,0,0,0,0,0,0,0,"keyboard-worker","OK",1783702729100,27619,523
341,1783702729188,27708,27707,0,-2,0,0,0,0,70,72,10,0,47,186.63,0,-3,46,-998,-1,0,0,0,0,0,0,0,"keyboard-worker","OK",1783702729150,27669,524
342,1783702729288,27808,27807,0,-2,0,0,0,0,70,72,10,0,47,187.07,0,-1,46,-997,-1,0,0,0,0,0,0,0,"keyboard-worker","OK",1783702729250,27769,526
343,1783702729389,27909,27909,0,-2,0,0,0,0,70,72,10,0,47,187.02,0,-2,46,-997,-1,0,0,0,0,0,0,0,"keyboard-worker","OK",1783702729350,27870,528
344,1783702729491,28011,28011,0,-2,0,0,0,0,70,72,10,0,47,186.89,0,-2,47,-998,-1,0,0,0,0,0,0,0,"keyboard-worker","OK",1783702729450,27970,530
345,1783702729594,28114,28113,0,-2,0,0,0,0,70,72,10,0,47,187.08,0,-3,46,-1001,-1,0,0,0,0,0,0,0,"keyboard-worker","OK",1783702729551,28070,532
346,1783702729696,28216,28215,0,-2,0,0,0,0,70,72,10,0,47,186.76,0,-2,46,-999,-1,0,0,0,0,0,0,0,"keyboard-worker","OK",1783702729651,28170,534
347,1783702729797,28317,28317,0,-2,0,0,0,0,70,72,10,0,47,186.88,0,-1,45,-998,-1,0,0,0,0,0,0,0,"keyboard-worker","OK",1783702729751,28270,536
348,1783702729899,28419,28419,0,-2,0,0,0,0,69,72,10,0,47,186.37,0,-1,46,-998,-1,0,0,0,0,0,0,0,"keyboard-worker","OK",1783702729851,28371,538
349,1783702730001,28521,28521,0,-2,0,0,0,0,69,72,10,0,47,186.99,0,-5,46,-998,-1,0,0,0,0,0,0,0,"keyboard-worker","OK",1783702729951,28471,540
350,1783702730104,28624,28623,0,-2,0,0,0,0,69,72,10,0,47,186.92,0,-1,45,-1000,-1,0,0,0,0,0,0,0,"keyboard-worker","OK",1783702730102,28621,543
351,1783702730206,28726,28725,0,-2,0,0,0,0,69,72,10,0,47,186.65,0,-3,46,-997,-1,0,0,0,0,0,0,0,"keyboard-worker","OK",1783702730202,28721,545
352,1783702730308,28828,28827,0,-2,0,0,0,0,69,72,10,0,47,186.78,0,-4,47,-998,-1,0,0,0,0,0,0,0,"keyboard-worker","OK",1783702730302,28822,547
353,1783702730412,28932,28932,0,-2,0,0,0,0,69,72,10,0,47,187.26,0,-2,46,-998,-1,0,0,0,0,0,0,0,"keyboard-worker","OK",1783702730402,28922,549
354,1783702730518,29038,29037,0,-2,0,0,0,0,69,72,10,0,47,186.68,0,-3,46,-997,-1,0,0,0,0,0,0,0,"keyboard-worker","OK",1783702730503,29022,551
355,1783702730619,29139,29138,0,-2,0,0,0,0,69,72,10,0,47,186.74,0,-4,46,-998,-1,0,0,0,0,0,0,0,"keyboard-worker","OK",1783702730603,29122,553
356,1783702730718,29238,29237,0,-2,0,0,0,0,69,72,10,0,47,186.68,0,-5,45,-997,-1,0,0,0,0,0,0,0,"keyboard-worker","OK",1783702730703,29223,555
357,1783702730817,29337,29337,0,-2,0,0,0,0,69,72,10,0,47,186.69,0,-4,46,-995,-1,0,0,0,0,0,0,0,"keyboard-worker","OK",1783702730803,29323,557
358,1783702730919,29439,29439,0,-2,0,0,0,0,69,71,10,0,47,186.8,0,-1,46,-999,-1,0,0,0,0,0,0,0,"keyboard-worker","OK",1783702730904,29423,559
359,1783702731021,29541,29541,0,-2,0,0,0,0,69,71,10,0,47,186.74,0,-3,45,-997,-1,0,0,0,0,0,0,0,"keyboard-worker","OK",1783702731004,29523,561
360,1783702731123,29643,29643,0,-2,0,0,0,0,69,71,10,0,47,186.62,0,-4,45,-995,-1,0,0,0,0,0,0,0,"keyboard-worker","OK",1783702731104,29624,563
361,1783702731225,29745,29745,0,-2,0,0,0,0,69,71,10,0,47,186.79,0,-4,45,-998,-1,0,0,0,0,0,0,0,"keyboard-worker","OK",1783702731204,29724,565
362,1783702731327,29847,29847,0,-2,0,0,0,0,69,71,10,0,47,186.55,0,-2,46,-997,-1,0,0,0,0,0,0,0,"keyboard-worker","OK",1783702731305,29824,567
363,1783702731429,29949,29949,0,-2,0,0,0,0,69,71,10,0,47,186.91,0,-1,47,-999,-1,0,0,0,0,0,0,0,"keyboard-worker","OK",1783702731405,29924,569
364,1783702731531,30051,30051,0,-2,0,0,0,0,69,71,10,0,47,186.88,0,-1,45,-998,-1,0,0,0,0,0,0,0,"keyboard-worker","OK",1783702731505,30024,571
365,1783702731633,30153,30153,0,-2,0,0,0,0,69,71,10,0,47,186.98,0,-4,47,-1000,-1,0,0,0,0,0,0,0,"keyboard-worker","OK",1783702731605,30125,573
366,1783702731735,30255,30255,0,-2,0,0,0,0,69,71,10,0,47,186.59,0,-2,46,-996,-1,0,0,0,0,0,0,0,"keyboard-worker","OK",1783702731705,30225,575
367,1783702731838,30358,30358,0,-2,0,0,0,0,69,71,10,0,47,186.75,0,-3,46,-997,-1,0,0,0,0,0,0,0,"keyboard-worker","OK",1783702731806,30325,577
368,1783702731939,30459,30459,0,-2,0,0,0,0,68,71,10,0,47,186.75,0,-1,47,-999,-1,0,0,0,0,0,0,0,"keyboard-worker","OK",1783702731906,30425,579
369,1783702732041,30561,30561,0,-2,0,0,0,0,68,71,10,0,47,186.85,0,-1,46,-1000,-1,0,0,0,0,0,0,0,"keyboard-worker","OK",1783702732006,30525,581
370,1783702732145,30665,30665,0,-2,0,0,0,0,68,71,10,0,47,186.87,0,-2,47,-998,-1,0,0,0,0,0,0,0,"keyboard-worker","OK",1783702732106,30626,583
371,1783702732246,30766,30766,0,-2,0,0,0,0,68,71,10,0,47,186.57,0,-4,46,-994,-1,0,0,0,0,0,0,0,"keyboard-worker","OK",1783702732206,30726,585
372,1783702732296,30816,30816,0,-2,0,0,0,0,68,71,10,0,47,186.96,0,-4,47,-996,-1,0,0,0,0,0,0,0,"keyboard-worker","OK",1783702732256,30776,586
373,1783702732398,30918,30918,0,-2,0,0,0,0,68,71,10,0,47,186.86,0,-2,47,-999,-1,0,0,0,0,0,0,0,"keyboard-worker","OK",1783702732357,30876,588
374,1783702732500,31020,31020,0,-2,0,0,0,0,68,71,10,0,47,186.44,0,-1,45,-999,-1,0,0,0,0,0,0,0,"keyboard-worker","OK",1783702732457,30976,590
375,1783702732602,31122,31122,0,-2,0,0,0,0,68,71,10,0,47,186.9,0,-2,46,-995,-1,0,0,0,0,0,0,0,"keyboard-worker","OK",1783702732557,31076,592
376,1783702732704,31224,31224,0,-2,0,0,0,0,68,71,10,0,47,186.81,0,-3,47,-995,-1,0,0,0,0,0,0,0,"keyboard-worker","OK",1783702732657,31177,594
377,1783702732806,31326,31326,0,-2,0,0,0,0,68,71,10,0,47,186.91,0,-1,45,-996,-1,0,0,0,0,0,0,0,"keyboard-worker","OK",1783702732757,31277,596
378,1783702732912,31432,31432,0,-2,0,0,0,0,69,71,10,0,47,186.54,0,0,46,-996,-1,0,0,0,0,0,0,0,"keyboard-worker","OK",1783702732908,31427,599
379,1783702733015,31535,31535,0,-2,0,0,0,0,69,71,10,0,47,186.17,0,-3,45,-997,-1,0,0,0,0,0,0,0,"keyboard-worker","OK",1783702733008,31527,601
380,1783702733115,31635,31635,0,-2,0,0,0,0,69,71,10,0,47,186.63,0,-6,46,-998,-1,0,0,0,0,0,0,0,"keyboard-worker","OK",1783702733108,31628,603
381,1783702733218,31738,31738,0,-2,0,0,0,0,69,71,10,0,47,186.62,0,-1,46,-999,-1,0,0,0,0,0,0,0,"keyboard-worker","OK",1783702733208,31728,605
382,1783702733318,31838,31838,0,-2,0,0,0,0,69,71,10,0,47,186.97,0,0,46,-998,-1,0,0,0,0,0,0,0,"keyboard-worker","OK",1783702733309,31828,607
383,1783702733420,31940,31940,0,-2,0,0,0,0,69,71,10,0,47,186.66,0,-3,45,-1001,-1,0,0,0,0,0,0,0,"keyboard-worker","OK",1783702733409,31928,609
384,1783702733522,32042,32042,0,-2,0,0,0,0,69,71,10,0,47,186.65,0,-2,45,-997,-1,0,0,0,0,0,0,0,"keyboard-worker","OK",1783702733509,32028,611
385,1783702733624,32144,32144,0,-2,0,0,0,0,69,71,10,0,47,186.53,0,-3,46,-995,-1,0,0,0,0,0,0,0,"keyboard-worker","OK",1783702733609,32129,613
386,1783702733726,32246,32246,0,-2,0,0,0,0,69,71,10,0,47,186.58,0,-2,46,-1000,-1,0,0,0,0,0,0,0,"keyboard-worker","OK",1783702733709,32229,615
387,1783702733828,32348,32348,0,-2,0,0,0,0,69,71,10,0,47,186.63,0,-3,46,-1000,-1,0,0,0,0,0,0,0,"keyboard-worker","OK",1783702733810,32329,617
388,1783702733930,32450,32450,0,-2,0,0,0,0,69,72,10,0,47,186.59,0,-3,47,-1000,-1,0,0,0,0,0,0,0,"keyboard-worker","OK",1783702733910,32429,619
389,1783702734033,32553,32553,0,-2,0,0,0,0,69,72,10,0,47,186.74,0,-3,46,-994,-1,0,0,0,0,0,0,0,"keyboard-worker","OK",1783702734010,32529,621
390,1783702734134,32654,32654,0,-2,0,0,0,0,69,72,10,0,47,186.67,0,0,46,-998,-1,0,0,0,0,0,0,0,"keyboard-worker","OK",1783702734110,32630,623
391,1783702734236,32756,32756,0,-2,0,0,0,0,69,72,10,0,47,186.34,0,-2,46,-999,-1,0,0,0,0,0,0,0,"keyboard-worker","OK",1783702734210,32730,625
392,1783702734338,32858,32858,0,-2,0,0,0,0,69,72,10,0,47,186.66,0,-4,48,-999,-1,0,0,0,0,0,0,0,"keyboard-worker","OK",1783702734311,32830,627
393,1783702734440,32960,32960,0,-2,0,0,0,0,69,72,10,0,47,186.74,0,-3,49,-998,-1,0,0,0,0,0,0,0,"keyboard-worker","OK",1783702734411,32930,629
394,1783702734542,33062,33062,0,-2,0,0,0,0,69,72,10,0,47,186.8,0,-3,46,-997,-1,0,0,0,0,0,0,0,"keyboard-worker","OK",1783702734511,33030,631
395,1783702734647,33167,33166,0,-2,0,0,0,0,69,72,10,0,47,186.78,0,-3,46,-997,-1,0,0,0,0,0,0,0,"keyboard-worker","OK",1783702734611,33131,633
396,1783702734749,33269,33268,0,-2,0,0,0,0,69,72,10,0,47,186.49,0,-1,46,-997,-1,0,0,0,0,0,0,0,"keyboard-worker","OK",1783702734711,33231,635
397,1783702734849,33369,33368,0,-2,0,0,0,0,69,72,10,0,47,186.53,0,-3,46,-1000,-1,0,0,0,0,0,0,0,"keyboard-worker","OK",1783702734812,33331,637
398,1783702734950,33470,33470,0,-2,0,0,0,0,69,72,10,0,47,186.68,0,-2,46,-995,-1,0,0,0,0,0,0,0,"keyboard-worker","OK",1783702734912,33431,639
399,1783702735052,33572,33572,0,-2,0,0,0,0,69,72,10,0,47,186.26,0,-3,46,-997,-1,0,0,0,0,0,0,0,"keyboard-worker","OK",1783702735012,33531,641
400,1783702735154,33674,33674,0,-2,0,0,0,0,69,72,10,0,47,186.83,0,-2,47,-999,-1,0,0,0,0,0,0,0,"keyboard-worker","OK",1783702735112,33632,643
401,1783702735256,33776,33776,0,-2,0,0,0,0,69,72,10,0,47,186.87,0,-1,46,-1000,-1,0,0,0,0,0,0,0,"keyboard-worker","OK",1783702735212,33732,645
402,1783702735358,33878,33878,0,-2,0,0,0,0,69,72,10,0,47,186.6,0,-2,47,-998,-1,0,0,0,0,0,0,0,"keyboard-worker","OK",1783702735312,33832,647
403,1783702735460,33980,33980,0,-2,0,0,0,0,69,72,10,0,47,186.39,0,-3,47,-997,-1,0,0,0,0,0,0,0,"keyboard-worker","OK",1783702735413,33932,649
404,1783702735562,34082,34082,0,-2,0,0,0,0,69,72,10,0,47,186.9,0,-5,46,-998,-1,0,0,0,0,0,0,0,"keyboard-worker","OK",1783702735513,34032,651
405,1783702735664,34184,34184,0,-2,0,0,0,0,69,72,10,0,47,186.97,0,-1,45,-1000,-1,0,0,0,0,0,0,0,"keyboard-worker","OK",1783702735663,34183,654
406,1783702735717,34237,34237,0,-2,0,0,0,0,69,72,10,0,47,186.74,0,0,46,-1000,-1,0,0,0,0,0,0,0,"keyboard-worker","OK",1783702735713,34233,655
407,1783702735817,34337,34337,0,-2,0,0,0,0,69,72,10,0,47,186.73,0,-3,46,-998,-1,0,0,0,0,0,0,0,"keyboard-worker","OK",1783702735814,34333,657
408,1783702735919,34439,34439,0,-2,0,0,0,0,69,72,10,0,47,186.89,0,-4,47,-996,-1,0,0,0,0,0,0,0,"keyboard-worker","OK",1783702735914,34433,659
409,1783702736075,34595,34594,0,-2,0,0,0,0,69,72,10,0,47,186.81,0,-3,47,-997,-1,0,0,0,0,0,0,0,"keyboard-worker","OK",1783702736064,34584,662
410,1783702736177,34697,34696,0,-2,0,0,0,0,69,72,10,0,47,186.73,0,-2,46,-1000,-1,0,0,0,0,0,0,0,"keyboard-worker","OK",1783702736164,34684,664
411,1783702736226,34746,34746,0,-2,0,0,0,0,69,72,10,0,47,186.75,0,-3,46,-999,-1,0,0,0,0,0,0,0,"keyboard-worker","OK",1783702736214,34734,665
412,1783702736328,34848,34848,0,-2,0,0,0,0,69,72,10,0,47,186.84,0,-2,47,-996,-1,0,0,0,0,0,0,0,"keyboard-worker","OK",1783702736315,34834,667
413,1783702736430,34950,34950,0,-2,0,0,0,0,69,72,10,0,47,186.93,0,-4,46,-997,-1,0,0,0,0,0,0,0,"keyboard-worker","OK",1783702736415,34934,669
414,1783702736532,35052,35052,0,-2,0,0,0,0,69,72,10,0,47,186.81,0,-1,46,-1000,-1,0,0,0,0,0,0,0,"keyboard-worker","OK",1783702736515,35034,671
415,1783702736634,35154,35154,0,-2,0,0,0,0,69,72,10,0,47,186.91,0,-2,46,-1000,-1,0,0,0,0,0,0,0,"keyboard-worker","OK",1783702736615,35135,673
416,1783702736736,35256,35256,0,-2,0,0,0,0,69,72,10,0,47,186.92,0,-4,47,-999,-1,0,0,0,0,0,0,0,"keyboard-worker","OK",1783702736715,35235,675
417,1783702736839,35359,35359,0,-2,0,0,0,0,69,72,10,0,47,186.79,0,-2,46,-995,-1,0,0,0,0,0,0,0,"keyboard-worker","OK",1783702736816,35335,677
418,1783702736940,35460,35460,0,-2,0,0,0,0,69,72,10,0,47,186.68,0,-3,44,-996,-1,0,0,0,0,0,0,0,"keyboard-worker","OK",1783702736916,35435,679
419,1783702737042,35562,35562,0,-2,0,0,0,0,69,72,10,0,47,186.75,0,-2,45,-1000,-1,0,0,0,0,0,0,0,"keyboard-worker","OK",1783702737016,35535,681
420,1783702737148,35668,35668,0,-2,0,0,0,0,69,72,10,0,47,186.6,0,-3,47,-1002,-1,0,0,0,0,0,0,0,"keyboard-worker","OK",1783702737116,35636,683
421,1783702737248,35768,35767,0,-2,0,0,0,0,69,72,10,0,47,186.98,0,-2,47,-997,-1,0,0,0,0,0,0,0,"keyboard-worker","OK",1783702737216,35736,685
422,1783702737350,35870,35869,0,-2,0,0,0,0,69,72,10,0,47,186.89,0,-2,46,-998,-1,0,0,0,0,0,0,0,"keyboard-worker","OK",1783702737317,35836,687
423,1783702737449,35969,35969,0,-2,0,0,0,0,69,72,10,0,47,186.71,0,-3,44,-997,-1,0,0,0,0,0,0,0,"keyboard-worker","OK",1783702737417,35936,689
424,1783702737551,36071,36071,0,-2,0,0,0,0,69,72,10,0,47,187,0,-3,46,-998,-1,0,0,0,0,0,0,0,"keyboard-worker","OK",1783702737517,36036,691
425,1783702737654,36174,36173,0,-2,0,0,0,0,69,72,10,0,47,186.73,0,-3,48,-1000,-1,0,0,0,0,0,0,0,"keyboard-worker","OK",1783702737617,36137,693
426,1783702737756,36276,36275,0,-2,0,0,0,0,69,72,10,0,47,186.79,0,-4,45,-998,-1,0,0,0,0,0,0,0,"keyboard-worker","OK",1783702737717,36237,695
427,1783702737858,36378,36378,0,-2,0,0,0,0,69,72,10,0,47,186.67,0,-2,47,-997,-1,0,0,0,0,0,0,0,"keyboard-worker","OK",1783702737818,36337,697
428,1783702737960,36480,36480,0,-2,0,0,0,0,69,71,10,0,47,187.06,0,-1,47,-996,-1,0,0,0,0,0,0,0,"keyboard-worker","OK",1783702737918,36437,699
429,1783702738062,36582,36582,0,-2,0,0,0,0,69,71,10,0,47,187.02,0,-2,49,-999,-1,0,0,0,0,0,0,0,"keyboard-worker","OK",1783702738018,36537,701
430,1783702738164,36684,36684,0,-2,0,0,0,0,69,71,10,0,47,186.93,0,-4,46,-998,-1,0,0,0,0,0,0,0,"keyboard-worker","OK",1783702738118,36638,703
431,1783702738266,36786,36786,0,-2,0,0,0,0,69,71,10,0,47,186.81,0,-2,47,-997,-1,0,0,0,0,0,0,0,"keyboard-worker","OK",1783702738218,36738,705
432,1783702738368,36888,36887,0,-2,0,0,0,0,69,71,10,0,47,186.74,0,-4,46,-999,-1,0,0,0,0,0,0,0,"keyboard-worker","OK",1783702738319,36838,707
433,1783702738470,36990,36990,0,-2,0,0,0,0,69,71,10,0,47,186.8,0,-4,48,-997,-1,0,0,0,0,0,0,0,"keyboard-worker","OK",1783702738469,36988,710
434,1783702738572,37092,37091,0,-2,0,0,0,0,69,71,10,0,47,186.69,0,-2,46,-999,-1,0,0,0,-25,0,0,0,"keyboard-worker","OK",1783702738569,37089,712
435,1783702738674,37194,37194,0,-2,0,0,0,0,69,71,10,0,47,186.8,0,-2,47,-998,-1,0,0,0,-25,0,0,0,"keyboard-worker","OK",1783702738669,37189,714
436,1783702738777,37297,37296,0,-2,0,0,0,0,69,71,10,0,47,186.79,0,-5,47,-996,-1,0,0,0,-25,0,0,0,"keyboard-worker","OK",1783702738770,37289,716
437,1783702738881,37401,37401,0,-2,0,0,0,0,69,71,10,0,47,186.8,0,-2,47,-998,-1,0,0,0,-25,0,0,0,"keyboard-worker","OK",1783702738870,37389,718
438,1783702738983,37503,37503,0,-2,0,0,0,0,69,72,10,0,47,186.65,0,-2,46,-1001,-1,0,0,0,-25,0,0,0,"keyboard-worker","OK",1783702738970,37489,720
439,1783702739082,37602,37601,0,-2,0,0,0,0,69,72,10,0,47,186.83,0,-2,46,-998,-1,0,0,0,0,0,0,0,"keyboard-worker","OK",1783702739070,37590,722
440,1783702739188,37708,37708,0,-2,0,0,0,0,69,72,10,0,47,186.91,0,-2,45,-996,-1,0,0,0,0,0,0,0,"keyboard-worker","OK",1783702739170,37690,724
441,1783702739235,37755,37755,0,-2,0,0,0,0,69,72,10,0,47,186.74,0,-4,47,-997,-1,0,0,0,0,0,0,0,"keyboard-worker","OK",1783702739221,37740,725
442,1783702739337,37857,37857,0,-2,0,0,0,0,69,72,10,0,47,187.03,0,-2,46,-996,-1,0,0,0,0,0,0,0,"keyboard-worker","OK",1783702739321,37840,727
443,1783702739439,37959,37958,0,-2,0,0,0,0,69,72,10,0,47,186.62,0,-2,47,-1001,-1,0,0,0,0,0,0,0,"keyboard-worker","OK",1783702739421,37940,729
444,1783702739543,38063,38062,0,-2,0,0,0,0,69,72,10,0,47,186.76,0,-2,47,-999,-1,0,0,0,0,0,0,0,"keyboard-worker","OK",1783702739521,38041,731
445,1783702739646,38166,38165,0,-2,0,0,0,0,69,72,10,0,47,186.96,0,-3,48,-1001,-1,0,0,0,0,0,0,0,"keyboard-worker","OK",1783702739621,38141,733
446,1783702739750,38270,38269,0,-2,0,0,0,0,69,72,10,0,47,186.67,0,-3,48,-997,-1,0,0,0,0,0,0,0,"keyboard-worker","OK",1783702739722,38241,735
447,1783702739851,38371,38370,0,-2,0,0,0,0,69,72,10,0,47,186.79,0,-3,45,-1000,-1,0,0,0,0,0,0,0,"keyboard-worker","OK",1783702739822,38341,737
448,1783702739954,38474,38473,0,-2,0,0,0,0,69,71,10,0,47,186.82,0,-3,46,-998,-1,0,0,0,0,0,0,0,"keyboard-worker","OK",1783702739922,38441,739
449,1783702740052,38572,38571,0,-2,0,0,0,0,69,71,10,0,47,187,0,-3,47,-997,-1,0,0,0,0,0,0,0,"keyboard-worker","OK",1783702740022,38542,741
450,1783702740154,38674,38673,0,-2,0,0,0,0,69,71,10,0,47,187.15,0,-1,45,-996,-1,0,0,0,0,0,0,0,"keyboard-worker","OK",1783702740122,38642,743
451,1783702740256,38776,38775,0,-2,0,0,0,0,69,71,10,0,47,186.74,0,-2,47,-996,-1,0,0,0,0,0,0,0,"keyboard-worker","OK",1783702740223,38742,745
452,1783702740358,38878,38877,0,-2,0,0,0,0,69,71,10,0,47,186.95,0,-5,49,-998,-1,0,0,0,0,0,0,0,"keyboard-worker","OK",1783702740323,38842,747
453,1783702740460,38980,38980,0,-2,0,0,0,0,69,71,10,0,47,186.83,0,-4,46,-999,-1,0,0,0,0,0,0,0,"keyboard-worker","OK",1783702740423,38942,749
454,1783702740562,39082,39081,0,-2,0,0,0,0,69,71,10,0,47,186.66,0,-3,47,-998,-1,0,0,0,0,0,0,0,"keyboard-worker","OK",1783702740523,39043,751
455,1783702740664,39184,39183,0,-2,0,0,0,0,69,71,10,0,47,187.19,0,-3,46,-998,-1,0,0,0,0,0,0,0,"keyboard-worker","OK",1783702740623,39143,753
456,1783702740766,39286,39285,0,-2,0,0,0,0,69,71,10,0,47,186.6,0,0,46,-997,-1,0,0,0,0,0,0,0,"keyboard-worker","OK",1783702740724,39243,755
457,1783702740868,39388,39387,0,-2,0,0,0,0,69,71,10,0,47,186.83,0,-3,47,-999,-1,0,0,0,0,0,0,0,"keyboard-worker","OK",1783702740824,39343,757
458,1783702740970,39490,39489,0,-2,0,0,0,0,70,72,10,0,47,187.06,0,-1,46,-997,-1,0,0,0,0,0,0,0,"keyboard-worker","OK",1783702740924,39443,759
459,1783702741079,39599,39598,0,-2,0,0,0,0,70,72,10,0,47,186.83,0,-3,47,-998,-1,0,0,0,0,0,0,0,"keyboard-worker","OK",1783702741074,39594,762
460,1783702741175,39695,39695,0,-2,0,0,0,0,70,72,10,0,47,186.68,0,-4,46,-996,-1,0,0,0,0,0,0,0,"keyboard-worker","OK",1783702741174,39694,764
461,1783702741278,39798,39798,0,-2,0,0,0,0,70,72,10,0,47,186.72,0,-3,49,-996,-1,0,0,0,0,0,0,0,"keyboard-worker","OK",1783702741275,39794,766
462,1783702741381,39901,39900,0,-2,0,0,0,0,70,72,10,0,47,186.69,0,-1,47,-1000,-1,0,0,0,0,0,0,0,"keyboard-worker","OK",1783702741375,39894,768
463,1783702741484,40004,40004,0,-2,0,0,0,0,70,72,10,0,47,186.8,0,-2,47,-995,-1,0,0,0,0,0,0,0,"keyboard-worker","OK",1783702741475,39994,770
464,1783702741585,40105,40104,0,-2,0,0,0,0,70,72,10,0,47,186.84,0,-2,48,-997,-1,0,0,0,0,0,0,0,"keyboard-worker","OK",1783702741575,40095,772
465,1783702741686,40206,40206,0,-2,0,0,0,0,70,72,10,0,47,186.81,0,-4,47,-996,-1,0,0,0,0,0,0,0,"keyboard-worker","OK",1783702741675,40195,774
466,1783702741787,40307,40306,0,-2,0,0,0,0,70,72,10,0,47,187.07,0,-4,47,-1000,-1,0,0,0,0,0,0,0,"keyboard-worker","OK",1783702741776,40295,776
467,1783702741889,40409,40408,0,-2,0,0,0,0,70,72,10,0,47,186.74,0,-4,47,-999,-1,0,0,0,0,0,0,0,"keyboard-worker","OK",1783702741876,40395,778
468,1783702741991,40511,40510,0,-2,0,0,0,0,70,71,10,0,47,186.94,0,-1,45,-995,-1,0,0,0,0,0,0,0,"keyboard-worker","OK",1783702741976,40495,780
469,1783702742093,40613,40612,0,-2,0,0,0,0,70,71,10,0,47,186.88,0,-3,47,-999,-1,0,0,0,0,0,0,0,"keyboard-worker","OK",1783702742076,40596,782
470,1783702742195,40715,40714,0,-2,0,0,0,0,70,71,10,0,47,187.1,0,-3,46,-999,-1,0,0,0,0,0,0,0,"keyboard-worker","OK",1783702742176,40696,784
471,1783702742297,40817,40816,0,-2,0,0,0,0,70,71,10,0,47,186.53,0,-1,46,-1000,-1,0,0,0,0,0,0,0,"keyboard-worker","OK",1783702742277,40796,786
472,1783702742399,40919,40918,0,-2,0,0,0,0,70,71,10,0,47,186.52,0,0,46,-999,-1,0,0,0,0,25,0,0,"keyboard-worker","OK",1783702742377,40896,788
473,1783702742451,40971,40970,0,-2,0,0,0,0,70,71,10,0,47,187.13,0,-2,47,-996,-1,0,0,0,0,25,0,0,"keyboard-worker","OK",1783702742427,40946,789
474,1783702742553,41073,41073,0,-2,0,0,0,0,70,71,10,0,47,186.97,0,-2,47,-997,-1,0,0,0,0,25,0,0,"keyboard-worker","OK",1783702742527,41047,791
475,1783702742654,41174,41173,0,-2,0,0,0,0,70,71,10,0,47,186.79,0,-3,47,-998,-1,0,0,0,0,25,0,0,"keyboard-worker","OK",1783702742627,41147,793
476,1783702742756,41276,41275,0,-2,0,0,0,0,70,71,10,0,47,186.65,0,-2,48,-998,-1,0,0,0,0,25,0,0,"keyboard-worker","OK",1783702742728,41247,795
477,1783702742858,41378,41377,0,-2,0,0,0,0,70,71,10,0,47,186.86,0,-2,46,-1000,-1,0,0,0,0,25,0,0,"keyboard-worker","OK",1783702742828,41347,797
478,1783702742959,41479,41478,0,-2,0,0,0,0,69,72,10,0,47,186.91,0,-2,46,-998,-1,0,0,0,0,25,0,0,"keyboard-worker","OK",1783702742928,41448,799
479,1783702743061,41581,41581,0,-2,0,0,0,0,69,72,10,0,47,186.9,0,-3,47,-1003,-1,0,0,0,0,0,0,0,"keyboard-worker","OK",1783702743028,41548,801
480,1783702743164,41684,41683,0,-2,0,0,0,0,69,72,10,0,47,186.83,0,-2,45,-1001,-1,0,0,0,0,0,0,0,"keyboard-worker","OK",1783702743129,41648,803
481,1783702743266,41786,41786,0,-2,0,0,0,0,69,72,10,0,47,186.84,0,-1,45,-1000,-1,0,0,0,0,0,0,0,"keyboard-worker","OK",1783702743229,41748,805
482,1783702743373,41893,41893,0,-2,0,0,0,0,69,72,10,0,47,186.51,0,-2,46,-998,-1,0,0,0,0,0,0,0,"keyboard-worker","OK",1783702743329,41848,807
483,1783702743470,41990,41989,0,-2,0,0,0,0,69,72,10,0,47,187.01,0,-3,48,-997,-1,0,0,0,0,0,0,0,"keyboard-worker","OK",1783702743429,41949,809
484,1783702743574,42094,42093,0,-2,0,0,0,0,69,72,10,0,47,186.96,0,-2,46,-996,-1,0,0,0,0,0,0,0,"keyboard-worker","OK",1783702743529,42049,811
485,1783702743676,42196,42195,0,-2,0,0,0,0,69,72,10,0,47,186.67,0,-1,47,-1000,-1,0,0,0,0,0,0,0,"keyboard-worker","OK",1783702743630,42149,813
486,1783702743783,42303,42303,0,-2,0,0,0,0,69,72,10,0,47,186.85,0,-1,46,-1001,-1,0,0,0,0,0,0,0,"keyboard-worker","OK",1783702743780,42299,816
487,1783702743882,42402,42401,0,-2,0,0,0,0,69,72,10,0,47,186.79,0,-3,46,-995,-1,0,0,0,0,0,0,0,"keyboard-worker","OK",1783702743880,42400,818
488,1783702743986,42506,42505,0,-2,0,0,0,0,69,71,10,0,47,186.94,0,-2,46,-996,-1,0,0,0,0,0,0,0,"keyboard-worker","OK",1783702743980,42500,820
489,1783702744083,42603,42602,0,-2,0,0,0,0,69,71,10,0,47,187.18,0,-3,46,-999,-1,0,0,0,0,0,0,0,"keyboard-worker","OK",1783702744080,42600,822
490,1783702744185,42705,42705,0,-2,0,0,0,0,69,71,10,0,47,187.04,0,-3,47,-998,-1,0,0,0,0,0,0,0,"keyboard-worker","OK",1783702744181,42700,824
491,1783702744291,42811,42811,0,-2,0,0,0,0,69,71,10,0,47,186.98,0,-3,46,-999,-1,0,0,0,0,0,0,0,"keyboard-worker","OK",1783702744281,42800,826
492,1783702744389,42909,42908,0,-2,0,0,0,0,69,71,10,0,47,186.92,0,-5,47,-998,-1,0,0,0,0,0,0,0,"keyboard-worker","OK",1783702744381,42901,828
493,1783702744491,43011,43010,0,-2,0,0,0,0,69,71,10,0,47,187,0,-2,46,-996,-1,0,0,0,0,0,0,0,"keyboard-worker","OK",1783702744481,43001,830
494,1783702744593,43113,43112,0,-2,0,0,0,0,69,71,10,0,47,186.71,0,-1,46,-999,-1,0,0,0,0,0,0,0,"keyboard-worker","OK",1783702744581,43101,832
495,1783702744698,43218,43218,0,-2,0,0,0,0,69,71,10,0,47,186.91,0,-4,46,-1000,-1,0,0,0,0,0,0,0,"keyboard-worker","OK",1783702744682,43201,834
496,1783702744797,43317,43316,0,-2,0,0,0,0,69,71,10,0,47,186.81,0,-3,46,-997,-1,0,0,0,0,0,0,0,"keyboard-worker","OK",1783702744782,43301,836
497,1783702744899,43419,43418,0,-2,0,0,0,0,69,71,10,0,47,186.68,0,-5,46,-996,-1,0,0,0,0,0,0,0,"keyboard-worker","OK",1783702744882,43402,838
498,1783702745001,43521,43520,0,-2,0,0,0,0,69,72,10,0,47,186.91,0,-1,46,-998,-1,0,0,0,0,0,0,0,"keyboard-worker","OK",1783702744982,43502,840
499,1783702745103,43623,43622,0,-2,0,0,0,0,69,72,10,0,47,186.89,0,0,46,-1000,-1,0,0,0,0,0,0,0,"keyboard-worker","OK",1783702745082,43602,842
500,1783702745205,43725,43724,0,-2,0,0,0,0,69,72,10,0,47,186.79,0,-3,46,-998,-1,0,0,0,0,0,0,0,"keyboard-worker","OK",1783702745183,43702,844
501,1783702745308,43828,43828,0,-2,0,0,0,0,69,72,10,0,47,186.75,0,-5,45,-998,-1,0,0,0,0,0,0,0,"keyboard-worker","OK",1783702745283,43802,846
502,1783702745412,43932,43931,0,-2,0,0,0,0,69,72,10,0,47,186.84,0,-2,46,-999,-1,0,0,0,0,0,0,0,"keyboard-worker","OK",1783702745383,43903,848
503,1783702745515,44035,44035,0,-2,0,0,0,0,69,72,10,0,47,187.07,0,-2,47,-999,-1,0,0,0,0,0,0,0,"keyboard-worker","OK",1783702745483,44003,850
504,1783702745616,44136,44136,0,-2,0,0,0,0,69,72,10,0,47,186.98,0,-1,45,-1000,-1,0,0,0,0,0,0,0,"keyboard-worker","OK",1783702745583,44103,852
505,1783702745715,44235,44235,0,-2,0,0,0,0,69,72,10,0,47,186.99,0,-5,46,-998,-1,0,0,0,0,0,0,0,"keyboard-worker","OK",1783702745684,44203,854
506,1783702745766,44286,44285,0,-2,0,0,0,0,69,72,10,0,47,186.94,0,-5,48,-997,-1,0,0,0,0,0,0,0,"keyboard-worker","OK",1783702745734,44253,855
507,1783702745868,44388,44387,0,-2,0,0,0,0,69,72,10,0,47,187.18,0,-3,47,-1001,-1,0,0,0,0,0,0,0,"keyboard-worker","OK",1783702745834,44353,857
508,1783702745970,44490,44489,0,-2,0,0,0,0,69,72,10,0,47,186.75,0,-3,47,-1001,-1,0,0,0,0,0,0,0,"keyboard-worker","OK",1783702745934,44454,859
509,1783702746078,44598,44597,0,-2,0,0,0,0,69,72,10,0,47,187.05,0,-1,47,-1000,-1,0,0,0,0,0,0,0,"keyboard-worker","OK",1783702746034,44554,861
510,1783702746176,44696,44695,0,-2,0,0,0,0,69,72,10,0,47,187.15,0,-3,46,-997,-1,0,0,0,0,0,0,0,"keyboard-worker","OK",1783702746135,44654,863
511,1783702746277,44797,44797,0,-2,0,0,0,0,69,72,10,0,47,187.18,0,-1,46,-997,-1,0,0,0,0,0,0,0,"keyboard-worker","OK",1783702746235,44754,865
512,1783702746382,44902,44901,0,-2,0,0,0,0,69,72,10,0,47,186.83,0,-2,47,-999,-1,0,0,0,0,0,0,0,"keyboard-worker","OK",1783702746335,44854,867
513,1783702746481,45001,45000,0,-2,0,0,0,0,69,72,10,0,47,187.06,0,-4,46,-999,-1,0,0,0,25,0,0,0,"keyboard-worker","OK",1783702746435,44955,869
514,1783702746583,45103,45102,0,-2,0,0,0,0,69,72,10,0,47,186.81,0,-3,46,-999,-1,0,0,0,25,0,0,0,"keyboard-worker","OK",1783702746535,45055,871
515,1783702746685,45205,45204,0,-2,0,0,0,0,69,72,10,0,47,186.55,0,-2,46,-998,-1,0,0,0,25,0,0,0,"keyboard-worker","OK",1783702746636,45155,873
516,1783702746787,45307,45306,0,-2,0,0,0,0,69,72,10,0,47,187.17,0,-1,46,-996,-1,0,0,0,25,0,0,0,"keyboard-worker","OK",1783702746786,45305,876
517,1783702746889,45409,45408,0,-2,0,0,0,0,69,72,10,0,47,186.95,0,-3,47,-1002,-1,0,0,0,25,0,0,0,"keyboard-worker","OK",1783702746886,45405,878
518,1783702746991,45511,45510,0,-2,0,0,0,0,70,72,10,0,47,187.08,0,-4,46,-1000,-1,0,0,0,25,0,0,0,"keyboard-worker","OK",1783702746986,45506,880
519,1783702747093,45613,45612,0,-2,0,0,0,0,70,72,10,0,47,186.99,0,-3,46,-998,-1,0,0,0,0,0,0,0,"keyboard-worker","OK",1783702747086,45606,882
520,1783702747195,45715,45714,0,-2,0,0,0,0,70,72,10,0,47,186.78,0,-3,45,-997,-1,0,0,0,0,0,0,0,"keyboard-worker","OK",1783702747187,45706,884
521,1783702747297,45817,45816,0,-2,0,0,0,0,70,72,10,0,47,187.02,0,-3,45,-1000,-1,0,0,0,0,0,0,0,"keyboard-worker","OK",1783702747287,45806,886
522,1783702747399,45919,45918,0,-2,0,0,0,0,70,72,10,0,47,186.49,0,-2,45,-1002,-1,0,0,0,0,0,0,0,"keyboard-worker","OK",1783702747387,45906,888
523,1783702747501,46021,46020,0,-2,0,0,0,0,70,72,10,0,47,187.07,0,-2,46,-998,-1,0,0,0,0,0,0,0,"keyboard-worker","OK",1783702747487,46007,890
524,1783702747603,46123,46122,0,-2,0,0,0,0,70,72,10,0,47,186.79,0,-5,47,-997,-1,0,0,0,0,0,0,0,"keyboard-worker","OK",1783702747587,46107,892
525,1783702747705,46225,46224,0,-2,0,0,0,0,70,72,10,0,47,186.65,0,-2,47,-999,-1,0,0,0,0,0,0,0,"keyboard-worker","OK",1783702747688,46207,894
526,1783702747810,46330,46329,0,-2,0,0,0,0,70,72,10,0,47,186.85,0,0,46,-1002,-1,0,0,0,0,0,0,0,"keyboard-worker","OK",1783702747788,46307,896
527,1783702747911,46431,46430,0,-2,0,0,0,0,70,72,10,0,47,186.97,0,-3,46,-999,-1,0,0,0,0,0,0,0,"keyboard-worker","OK",1783702747888,46407,898
528,1783702748015,46535,46535,0,-2,0,0,0,0,70,71,10,0,47,186.93,0,-3,47,-996,-1,0,0,0,0,0,0,0,"keyboard-worker","OK",1783702747988,46508,900
529,1783702748115,46635,46634,0,-2,0,0,0,0,70,71,10,0,47,186.74,0,-4,47,-996,-1,0,0,0,0,0,0,0,"keyboard-worker","OK",1783702748088,46608,902
530,1783702748216,46736,46736,0,-2,0,0,0,0,70,71,10,0,47,186.66,0,-3,48,-999,-1,0,0,0,0,0,0,0,"keyboard-worker","OK",1783702748189,46708,904
531,1783702748316,46836,46836,0,-2,0,0,0,0,70,71,10,0,47,186.77,0,-1,46,-1000,-1,0,0,0,0,0,0,0,"keyboard-worker","OK",1783702748289,46808,906
532,1783702748426,46946,46946,0,-2,0,0,0,0,70,71,10,0,47,186.67,0,-1,46,-999,-1,0,0,0,0,0,0,0,"keyboard-worker","OK",1783702748389,46908,908
533,1783702748521,47041,47040,0,-2,0,0,0,0,70,71,10,0,47,186.81,0,-2,46,-997,-1,0,0,0,0,0,0,0,"keyboard-worker","OK",1783702748489,47009,910
534,1783702748623,47143,47142,0,-2,0,0,0,0,70,71,10,0,47,186.83,0,-3,46,-1000,-1,0,0,0,0,0,0,0,"keyboard-worker","OK",1783702748589,47109,912
535,1783702748725,47245,47244,0,-2,0,0,0,0,70,71,10,0,47,186.97,0,-4,46,-1001,-1,0,0,0,0,0,0,0,"keyboard-worker","OK",1783702748690,47209,914
536,1783702748827,47347,47346,0,-2,0,0,0,0,70,71,10,0,47,186.38,0,0,48,-1001,-1,0,0,0,0,0,0,0,"keyboard-worker","OK",1783702748790,47309,916
537,1783702748929,47449,47448,0,-2,0,0,0,0,70,71,10,0,47,186.65,0,-1,45,-998,-1,0,0,0,0,0,0,0,"keyboard-worker","OK",1783702748890,47410,918
538,1783702749033,47553,47552,0,-2,0,0,0,0,69,72,10,0,47,187.06,0,-3,47,-998,-1,0,0,0,0,0,0,0,"keyboard-worker","OK",1783702748990,47510,920
539,1783702749133,47653,47652,0,-2,0,0,0,0,69,72,10,0,47,186.89,0,0,47,-997,-1,0,0,0,0,0,0,0,"keyboard-worker","OK",1783702749091,47610,922
540,1783702749235,47755,47754,0,-2,0,0,0,0,69,72,10,0,47,186.51,0,-1,46,-998,-1,0,0,0,0,0,0,0,"keyboard-worker","OK",1783702749191,47710,924
541,1783702749285,47805,47805,0,-2,0,0,0,0,69,72,10,0,47,186.51,0,-2,46,-998,-1,0,0,0,0,0,0,0,"keyboard-worker","OK",1783702749241,47760,925
542,1783702749388,47908,47907,0,-2,0,0,0,0,69,72,10,0,47,186.54,0,-1,46,-999,-1,0,0,0,0,0,0,0,"keyboard-worker","OK",1783702749341,47861,927
543,1783702749490,48010,48009,0,-2,0,0,0,0,69,72,10,0,47,186.94,0,-3,46,-998,-1,0,0,0,0,0,0,0,"keyboard-worker","OK",1783702749441,47961,929
544,1783702749592,48112,48111,0,-2,0,0,0,0,69,72,10,0,47,186.48,0,-3,47,-999,-1,0,0,0,0,0,0,0,"keyboard-worker","OK",1783702749592,48111,932
545,1783702749694,48214,48213,0,-2,0,0,0,0,69,72,10,0,47,186.66,0,-2,48,-999,-1,0,0,0,0,0,0,0,"keyboard-worker","OK",1783702749692,48211,934
546,1783702749796,48316,48315,0,-2,0,0,0,0,69,72,10,0,47,186.93,0,-2,48,-1000,-1,0,0,0,0,0,0,0,"keyboard-worker","OK",1783702749792,48311,936
547,1783702749898,48418,48417,0,-2,0,0,0,0,69,72,10,0,47,186.74,0,-1,48,-996,-1,0,0,0,0,0,0,0,"keyboard-worker","OK",1783702749892,48412,938
548,1783702750000,48520,48519,0,-2,0,0,0,0,69,71,10,0,47,186.61,0,-3,47,-997,-1,0,0,0,0,0,0,0,"keyboard-worker","OK",1783702749992,48512,940
549,1783702750102,48622,48621,0,-2,0,0,0,0,69,71,10,0,47,186.64,0,-2,47,-998,-1,0,0,0,0,0,0,0,"keyboard-worker","OK",1783702750093,48612,942
550,1783702750204,48724,48723,0,-2,0,0,0,0,69,71,10,0,47,186.59,0,-1,47,-997,-1,0,0,0,0,0,0,0,"keyboard-worker","OK",1783702750193,48712,944
551,1783702750306,48826,48825,0,-2,0,0,0,0,69,71,10,0,47,186.56,0,-3,46,-1000,-1,0,0,0,0,0,0,0,"keyboard-worker","OK",1783702750293,48812,946
552,1783702750408,48928,48927,0,-2,0,0,0,0,69,71,10,0,47,186.68,0,-2,46,-997,-1,0,0,0,0,0,0,0,"keyboard-worker","OK",1783702750393,48913,948
553,1783702750511,49031,49031,0,-2,0,0,0,0,69,71,10,0,47,186.57,0,-3,46,-998,-1,0,0,0,0,0,0,0,"keyboard-worker","OK",1783702750493,49013,950
554,1783702750615,49135,49134,0,-2,0,0,0,0,69,71,10,0,47,186.62,0,-2,45,-997,-1,0,0,0,0,0,0,0,"keyboard-worker","OK",1783702750594,49113,952
555,1783702750715,49235,49234,0,-2,0,0,0,0,69,71,10,0,47,186.62,0,-1,47,-998,-1,0,0,0,0,0,0,0,"keyboard-worker","OK",1783702750694,49213,954
556,1783702750817,49337,49336,0,-2,0,0,0,0,69,71,10,0,47,186.66,0,-3,48,-1000,-1,0,0,0,0,-25,0,0,"keyboard-worker","OK",1783702750794,49313,956
557,1783702750917,49437,49436,0,-2,0,0,0,0,69,71,10,0,47,186.84,0,-3,45,-999,-1,0,0,0,0,-25,0,0,"keyboard-worker","OK",1783702750894,49414,958
558,1783702751020,49540,49539,0,-2,0,0,0,0,69,71,10,0,47,186.67,0,-3,46,-1000,-1,0,0,0,0,-25,0,0,"keyboard-worker","OK",1783702750994,49514,960
559,1783702751121,49641,49641,0,-2,0,0,0,0,69,71,10,0,47,186.85,0,-3,47,-1001,-1,0,0,0,0,-25,0,0,"keyboard-worker","OK",1783702751095,49614,962
560,1783702751223,49743,49743,0,-2,0,0,0,0,69,71,10,0,47,186.56,0,-2,45,-1002,-1,0,0,0,0,-25,0,0,"keyboard-worker","OK",1783702751195,49714,964
561,1783702751326,49846,49845,0,-2,0,0,0,0,69,71,10,0,47,186.55,0,-2,45,-996,-1,0,0,0,0,0,0,0,"keyboard-worker","OK",1783702751295,49814,966
562,1783702751427,49947,49947,0,-2,0,0,0,0,69,71,10,0,47,186.59,0,-4,48,-998,-1,0,0,0,0,0,0,0,"keyboard-worker","OK",1783702751395,49915,968
563,1783702751530,50050,50049,0,-2,0,0,0,0,69,71,10,0,47,186.51,0,-3,48,-999,-1,0,0,0,0,0,0,0,"keyboard-worker","OK",1783702751496,50015,970
564,1783702751631,50151,50151,0,-2,0,0,0,0,69,71,10,0,47,186.7,0,-3,47,-998,-1,0,0,0,0,0,0,0,"keyboard-worker","OK",1783702751596,50115,972
565,1783702751734,50254,50253,0,-2,0,0,0,0,69,71,10,0,47,186.27,0,-1,45,-999,-1,0,0,0,0,0,0,0,"keyboard-worker","OK",1783702751696,50215,974
566,1783702751835,50355,50355,0,-2,0,0,0,0,69,71,10,0,47,186.46,0,-4,48,-1000,-1,0,0,0,0,0,0,0,"keyboard-worker","OK",1783702751796,50316,976
567,1783702751937,50457,50457,0,-2,0,0,0,0,69,71,10,0,47,186.57,0,-5,44,-998,-1,0,0,0,0,0,0,0,"keyboard-worker","OK",1783702751897,50416,978
568,1783702752040,50560,50559,0,-2,0,0,0,0,69,71,10,0,47,186.39,0,-3,47,-998,-1,0,0,0,0,0,0,0,"keyboard-worker","OK",1783702751997,50516,980
569,1783702752144,50664,50664,0,-2,0,0,0,0,69,71,10,0,47,186.84,0,-2,45,-1001,-1,0,0,0,0,0,0,0,"keyboard-worker","OK",1783702752097,50616,982
570,1783702752245,50765,50765,0,-2,0,0,0,0,69,71,10,0,47,186.92,0,-3,48,-1002,-1,0,0,0,0,0,0,0,"keyboard-worker","OK",1783702752197,50717,984
571,1783702752295,50815,50815,0,-2,0,0,0,0,69,71,10,0,47,186.48,0,-3,46,-997,-1,0,0,0,0,0,0,0,"keyboard-worker","OK",1783702752247,50767,985
572,1783702752397,50917,50917,0,-2,0,0,0,0,69,71,10,0,47,186.62,0,-2,46,-998,-1,0,0,0,0,0,0,0,"keyboard-worker","OK",1783702752348,50867,987
573,1783702752500,51020,51019,0,-2,0,0,0,0,69,71,10,0,47,186.47,0,-1,46,-997,-1,0,0,0,0,0,0,0,"keyboard-worker","OK",1783702752498,51017,990
574,1783702752601,51121,51121,0,-2,0,0,0,0,69,71,10,0,47,186.72,0,-2,49,-1001,-1,0,0,0,0,0,0,0,"keyboard-worker","OK",1783702752598,51117,992
575,1783702752703,51223,51223,0,-2,0,0,0,0,69,71,10,0,47,186.7,0,-2,45,-1002,-1,0,0,0,0,0,0,0,"keyboard-worker","OK",1783702752698,51218,994
576,1783702752805,51325,51325,0,-2,0,0,0,0,69,71,10,0,47,186.39,0,-3,45,-997,-1,0,0,0,0,0,0,0,"keyboard-worker","OK",1783702752798,51318,996
577,1783702752910,51430,51429,0,-2,0,0,0,0,69,71,10,0,47,186.47,0,-1,48,-998,-1,0,0,0,0,0,0,0,"keyboard-worker","OK",1783702752899,51418,998
578,1783702753015,51535,51534,0,-2,0,0,0,0,69,71,10,0,47,186.69,0,-2,48,-998,-1,0,0,0,0,0,0,0,"keyboard-worker","OK",1783702752999,51518,1000
579,1783702753115,51635,51635,0,-2,0,0,0,0,69,71,10,0,47,186.61,0,-2,46,-997,-1,0,0,0,0,0,0,0,"keyboard-worker","OK",1783702753099,51619,1002
580,1783702753218,51738,51737,0,-2,0,0,0,0,69,71,10,0,47,186.55,0,0,46,-996,-1,0,0,0,0,0,0,0,"keyboard-worker","OK",1783702753199,51719,1004
581,1783702753318,51838,51838,0,-2,0,0,0,0,69,71,10,0,47,186.55,0,-3,48,-999,-1,0,0,0,0,0,0,0,"keyboard-worker","OK",1783702753300,51819,1006
582,1783702753417,51937,51936,0,-2,0,0,0,0,69,71,10,0,47,186.6,0,-4,49,-999,-1,0,0,0,0,0,0,0,"keyboard-worker","OK",1783702753400,51919,1008
583,1783702753519,52039,52039,0,-2,0,0,0,0,69,71,10,0,47,186.84,0,-3,47,-1001,-1,0,0,0,0,0,0,0,"keyboard-worker","OK",1783702753500,52019,1010
584,1783702753621,52141,52141,0,-2,0,0,0,0,69,71,10,0,47,186.69,0,-2,48,-997,-1,0,0,0,0,0,0,0,"keyboard-worker","OK",1783702753600,52120,1012
585,1783702753727,52247,52246,0,-2,0,0,0,0,69,71,10,0,46,186.69,0,-3,47,-1000,-1,0,0,0,0,0,0,0,"keyboard-worker","OK",1783702753700,52220,1014
586,1783702753825,52345,52345,0,-2,0,0,0,0,69,71,10,0,46,186.65,0,-2,46,-996,-1,0,0,0,0,0,0,0,"keyboard-worker","OK",1783702753801,52320,1016
587,1783702753927,52447,52447,0,-2,0,0,0,0,69,71,10,0,46,186.7,0,-3,48,-999,-1,0,0,0,0,0,0,0,"keyboard-worker","OK",1783702753901,52420,1018
588,1783702754031,52551,52550,0,-2,0,0,0,0,70,72,10,0,46,186.7,0,-3,46,-1001,-1,0,0,0,0,0,0,0,"keyboard-worker","OK",1783702754001,52520,1020
589,1783702754132,52652,52652,0,-2,0,0,0,0,70,72,10,0,46,186.68,0,-3,45,-1001,-1,0,0,0,0,0,0,0,"keyboard-worker","OK",1783702754101,52621,1022
590,1783702754234,52754,52754,0,-2,0,0,0,0,70,72,10,0,46,186.53,0,-2,44,-999,-1,0,0,0,0,0,0,0,"keyboard-worker","OK",1783702754201,52721,1024
591,1783702754336,52856,52856,0,-2,0,0,0,0,70,72,10,0,46,186.92,0,-2,47,-995,-1,0,0,0,0,0,0,0,"keyboard-worker","OK",1783702754302,52821,1026
592,1783702754438,52958,52958,0,-2,0,0,0,0,70,72,10,0,46,186.45,0,-2,46,-998,-1,0,0,0,0,0,0,0,"keyboard-worker","OK",1783702754402,52921,1028
593,1783702754543,53063,53062,0,-2,0,0,0,0,70,72,10,0,46,186.52,0,-4,46,-999,-1,0,0,0,0,0,0,0,"keyboard-worker","OK",1783702754502,53021,1030
594,1783702754646,53166,53166,0,-2,0,0,0,0,70,72,10,0,46,186.61,0,-2,46,-999,-1,0,0,0,0,0,0,-25,"keyboard-worker","OK",1783702754602,53122,1032
595,1783702754751,53271,53270,0,-2,0,0,0,0,70,72,10,0,46,187.16,0,0,45,-998,-1,0,0,0,0,0,0,-25,"keyboard-worker","OK",1783702754702,53222,1034
596,1783702754854,53374,53374,0,-2,0,0,0,0,70,72,10,0,46,186.77,0,-4,46,-999,-1,0,0,0,0,0,0,-25,"keyboard-worker","OK",1783702754853,53372,1037
597,1783702754952,53472,53472,0,-2,0,0,0,0,70,72,10,0,46,186.53,0,-2,45,-999,-1,0,0,0,0,0,0,-25,"keyboard-worker","OK",1783702754903,53422,1038
598,1783702755050,53570,53570,0,-2,0,0,0,0,69,72,10,0,46,187.06,0,-1,47,-1000,-1,0,0,0,0,0,0,0,"keyboard-worker","OK",1783702755003,53523,1040
599,1783702755154,53674,53673,0,-2,0,0,0,0,69,72,10,0,46,186.65,0,-2,45,-999,-1,0,0,0,0,0,0,0,"keyboard-worker","OK",1783702755153,53673,1043
600,1783702755255,53775,53774,0,-2,0,0,0,0,69,72,10,0,46,186.72,0,-3,46,-999,-1,0,0,0,0,0,0,0,"keyboard-worker","OK",1783702755254,53773,1045
601,1783702755356,53876,53876,0,-2,0,0,0,0,69,72,10,0,46,186.98,0,-2,47,-1001,-1,0,0,0,0,0,0,0,"keyboard-worker","OK",1783702755354,53873,1047
602,1783702755458,53978,53978,0,-2,0,0,0,0,69,72,10,0,46,186.64,0,0,47,-997,-1,0,0,0,0,0,0,0,"keyboard-worker","OK",1783702755454,53974,1049
603,1783702755560,54080,54080,0,-2,0,0,0,0,69,72,10,0,46,186.88,0,-3,46,-997,-1,0,0,0,0,0,0,0,"keyboard-worker","OK",1783702755554,54074,1051
604,1783702755662,54182,54182,0,-2,0,0,0,0,69,72,10,0,46,186.51,0,-3,46,-999,-1,0,0,0,0,0,0,0,"keyboard-worker","OK",1783702755654,54174,1053
605,1783702755764,54284,54284,0,-2,0,0,0,0,69,72,10,0,46,186.77,0,-4,47,-1001,-1,0,0,0,0,0,0,0,"keyboard-worker","OK",1783702755755,54274,1055
606,1783702755816,54336,54335,0,-2,0,0,0,0,69,72,10,0,46,186.75,0,-2,44,-996,-1,0,0,0,0,0,0,0,"keyboard-worker","OK",1783702755805,54324,1056
607,1783702755918,54438,54438,0,-2,0,0,0,0,69,72,10,0,46,186.52,0,-3,47,-1000,-1,0,0,0,0,0,0,0,"keyboard-worker","OK",1783702755905,54425,1058
608,1783702756019,54539,54538,0,-2,0,0,0,0,69,72,10,0,46,186.75,0,-1,46,-997,-1,0,0,0,0,0,0,0,"keyboard-worker","OK",1783702756005,54525,1060
609,1783702756122,54642,54642,0,-2,0,0,0,0,69,72,10,0,46,186.89,0,-2,46,-996,-1,0,0,0,0,0,0,0,"keyboard-worker","OK",1783702756106,54625,1062
610,1783702756224,54744,54744,0,-2,0,0,0,0,69,72,10,0,46,186.68,0,-5,45,-999,-1,0,0,0,0,0,0,0,"keyboard-worker","OK",1783702756206,54725,1064
611,1783702756326,54846,54846,0,-2,0,0,0,0,69,72,10,0,46,186.67,0,-3,47,-1001,-1,0,0,0,0,0,0,0,"keyboard-worker","OK",1783702756306,54825,1066
612,1783702756428,54948,54948,0,-2,0,0,0,0,69,72,10,0,46,186.46,0,-2,46,-1001,-1,0,0,0,0,0,0,0,"keyboard-worker","OK",1783702756406,54926,1068
613,1783702756530,55050,55050,0,-2,0,0,0,0,69,72,10,0,46,186.81,0,-3,46,-1000,-1,0,0,0,0,0,0,0,"keyboard-worker","OK",1783702756506,55026,1070
614,1783702756632,55152,55152,0,-2,0,0,0,0,69,72,10,0,46,186.57,0,-3,47,-998,-1,0,0,0,0,0,0,0,"keyboard-worker","OK",1783702756607,55126,1072
615,1783702756734,55254,55254,0,-2,0,0,0,0,69,72,10,0,46,186.82,0,-5,47,-997,-1,0,0,0,0,0,0,0,"keyboard-worker","OK",1783702756707,55226,1074
616,1783702756836,55356,55356,0,-2,0,0,0,0,69,72,10,0,46,186.53,0,-4,47,-1001,-1,0,0,0,0,0,0,0,"keyboard-worker","OK",1783702756807,55327,1076
617,1783702756940,55460,55459,0,-2,0,0,0,0,69,72,10,0,46,186.72,0,-2,45,-1004,-1,0,0,0,0,0,0,0,"keyboard-worker","OK",1783702756907,55427,1078
618,1783702757040,55560,55560,0,-2,0,0,0,0,69,71,10,0,46,186.75,0,-2,45,-999,-1,0,0,0,0,0,0,0,"keyboard-worker","OK",1783702757008,55527,1080
619,1783702757145,55665,55664,0,-2,0,0,0,0,69,71,10,0,46,186.9,0,-2,48,-999,-1,0,0,0,0,0,0,0,"keyboard-worker","OK",1783702757108,55627,1082
620,1783702757248,55768,55768,0,-2,0,0,0,0,69,71,10,0,46,186.83,0,-2,46,-997,-1,0,0,0,0,0,0,0,"keyboard-worker","OK",1783702757208,55728,1084
621,1783702757351,55871,55871,0,-2,0,0,0,0,69,71,10,0,46,186.99,0,-2,46,-998,-1,0,0,0,0,0,0,0,"keyboard-worker","OK",1783702757308,55828,1086
622,1783702757449,55969,55968,0,-2,0,0,0,0,69,71,10,0,46,186.74,0,-3,46,-998,-1,0,0,0,0,0,0,0,"keyboard-worker","OK",1783702757409,55928,1088
623,1783702757550,56070,56070,0,-2,0,0,0,0,69,71,10,0,46,186.75,0,-5,46,-999,-1,0,0,0,0,0,0,0,"keyboard-worker","OK",1783702757509,56028,1090
624,1783702757652,56172,56172,0,-2,0,0,0,0,69,71,10,0,46,186.55,0,-4,46,-995,-1,0,0,0,0,0,0,0,"keyboard-worker","OK",1783702757609,56129,1092
625,1783702757754,56274,56274,0,-2,0,0,0,0,69,71,10,0,46,186.68,0,-2,47,-998,-1,0,0,0,0,0,0,0,"keyboard-worker","OK",1783702757709,56229,1094
626,1783702757856,56376,56376,0,-2,0,0,0,0,69,71,10,0,46,186.7,0,-2,47,-998,-1,0,0,0,0,0,0,0,"keyboard-worker","OK",1783702757810,56329,1096
627,1783702757958,56478,56478,0,-2,0,0,0,0,69,71,10,0,46,186.75,0,-3,47,-997,-1,0,0,0,0,0,0,0,"keyboard-worker","OK",1783702757910,56429,1098
628,1783702758060,56580,56580,0,-2,0,0,0,0,69,71,10,0,46,186.82,0,-3,48,-997,-1,0,0,0,0,0,0,0,"keyboard-worker","OK",1783702758060,56580,1101
629,1783702758162,56682,56682,0,-2,0,0,0,0,69,71,10,0,46,187.03,0,-3,46,-1001,-1,0,0,0,0,0,0,0,"keyboard-worker","OK",1783702758160,56680,1103
630,1783702758264,56784,56784,0,-2,0,0,0,0,69,71,10,0,46,186.86,0,-5,45,-997,-1,0,0,0,0,0,0,0,"keyboard-worker","OK",1783702758261,56780,1105
631,1783702758366,56886,56886,0,-2,0,0,0,0,69,71,10,0,46,186.83,0,0,46,-999,-1,0,0,0,0,0,0,0,"keyboard-worker","OK",1783702758361,56880,1107
632,1783702758468,56988,56988,0,-2,0,0,0,0,69,71,10,0,46,186.6,0,-3,45,-998,-1,0,0,0,0,0,0,0,"keyboard-worker","OK",1783702758461,56981,1109
633,1783702758571,57091,57090,0,-2,0,0,0,0,69,71,10,0,46,186.57,0,-4,46,-999,-1,0,0,0,0,0,0,0,"keyboard-worker","OK",1783702758561,57081,1111
634,1783702758674,57194,57194,0,-2,0,0,0,0,69,71,10,0,46,186.39,0,-3,47,-998,-1,0,0,0,0,0,25,0,"keyboard-worker","OK",1783702758662,57181,1113
635,1783702758779,57299,57299,0,-2,0,0,0,0,69,71,10,0,46,186.62,0,-1,45,-1000,-1,0,0,0,0,0,25,0,"keyboard-worker","OK",1783702758762,57281,1115
636,1783702758880,57400,57400,0,-2,0,0,0,0,69,71,10,0,46,186.5,0,-3,47,-1002,-1,0,0,0,0,0,25,0,"keyboard-worker","OK",1783702758862,57382,1117
637,1783702758984,57504,57504,0,-2,0,0,0,0,69,71,10,0,46,186.83,0,-1,46,-997,-1,0,0,0,0,0,25,0,"keyboard-worker","OK",1783702758962,57482,1119
638,1783702759083,57603,57602,0,-2,0,0,0,0,69,72,10,0,46,186.33,0,-3,47,-996,-1,0,0,0,0,0,25,0,"keyboard-worker","OK",1783702759062,57582,1121
639,1783702759186,57706,57706,0,-2,0,0,0,0,69,72,10,0,46,186.43,0,-3,47,-1000,-1,0,0,0,0,0,0,0,"keyboard-worker","OK",1783702759163,57682,1123
640,1783702759233,57753,57753,0,-2,0,0,0,0,69,72,10,0,46,186.51,0,-3,47,-999,-1,0,0,0,0,0,0,0,"keyboard-worker","OK",1783702759213,57732,1124
641,1783702759335,57855,57855,0,-2,0,0,0,0,69,72,10,0,46,186.41,0,-2,46,-999,-1,0,0,0,0,0,0,0,"keyboard-worker","OK",1783702759313,57832,1126
642,1783702759437,57957,57957,0,-2,0,0,0,0,69,72,10,0,46,186.92,0,-3,46,-998,-1,0,0,0,0,0,0,0,"keyboard-worker","OK",1783702759413,57933,1128
643,1783702759541,58061,58060,0,-2,0,0,0,0,69,72,10,0,46,186.49,0,-3,46,-995,-1,0,0,0,0,0,0,0,"keyboard-worker","OK",1783702759513,58033,1130
644,1783702759645,58165,58164,0,-2,0,0,0,0,69,72,10,0,46,186.43,0,-4,46,-999,-1,0,0,0,0,0,0,0,"keyboard-worker","OK",1783702759614,58133,1132
645,1783702759748,58268,58267,0,-2,0,0,0,0,69,72,10,0,46,186.59,0,-3,46,-1002,-1,0,0,0,0,0,0,0,"keyboard-worker","OK",1783702759714,58233,1134
646,1783702759849,58369,58369,0,-2,0,0,0,0,69,72,10,0,46,186.18,0,-2,46,-998,-1,0,0,0,0,0,0,0,"keyboard-worker","OK",1783702759814,58333,1136
647,1783702759947,58467,58466,0,-2,0,0,0,0,69,72,10,0,46,186.4,0,-4,47,-994,-1,0,0,0,0,0,0,0,"keyboard-worker","OK",1783702759914,58434,1138
648,1783702760049,58569,58569,0,-2,0,0,0,0,70,71,10,0,46,186.26,0,-4,45,-995,-1,0,0,0,0,0,0,0,"keyboard-worker","OK",1783702760014,58534,1140
649,1783702760151,58671,58671,0,-2,0,0,0,0,70,71,10,0,46,186.6,0,-1,46,-996,-1,0,0,0,0,0,0,0,"keyboard-worker","OK",1783702760115,58634,1142
650,1783702760253,58773,58772,0,-2,0,0,0,0,70,71,10,0,46,186.69,0,-2,48,-999,-1,0,0,0,0,0,0,0,"keyboard-worker","OK",1783702760215,58734,1144
651,1783702760355,58875,58875,0,-2,0,0,0,0,70,71,10,0,46,186.66,0,-3,47,-998,-1,0,0,0,0,0,0,0,"keyboard-worker","OK",1783702760315,58834,1146
652,1783702760457,58977,58976,0,-2,0,0,0,0,70,71,10,0,46,186.34,0,-1,46,-997,-1,0,0,0,0,0,0,0,"keyboard-worker","OK",1783702760415,58935,1148
653,1783702760559,59079,59079,0,-2,0,0,0,0,70,71,10,0,46,186.72,0,-3,46,-997,-1,0,0,0,0,0,0,0,"keyboard-worker","OK",1783702760515,59035,1150
654,1783702760661,59181,59181,0,-2,0,0,0,0,70,71,10,0,46,186.3,0,-2,47,-996,-1,0,0,0,0,0,0,0,"keyboard-worker","OK",1783702760616,59135,1152
655,1783702760763,59283,59282,0,-2,0,0,0,0,70,71,10,0,46,186.32,0,0,46,-1001,-1,0,0,0,0,0,0,0,"keyboard-worker","OK",1783702760716,59235,1154
656,1783702760865,59385,59384,0,-2,0,0,0,0,70,71,10,0,46,186.37,0,-2,46,-997,-1,0,0,0,0,0,0,0,"keyboard-worker","OK",1783702760816,59335,1156
657,1783702760967,59487,59486,0,-2,0,0,0,0,70,71,10,0,46,186.31,0,-2,46,-999,-1,0,0,0,0,0,0,0,"keyboard-worker","OK",1783702760966,59486,1159
658,1783702761070,59590,59590,0,-2,0,0,0,0,69,72,10,0,46,186.17,0,-1,45,-996,-1,0,0,0,0,0,0,0,"keyboard-worker","OK",1783702761067,59586,1161
659,1783702761172,59692,59691,0,-2,0,0,0,0,69,72,10,0,46,186.53,0,-4,46,-999,-1,0,0,0,0,0,0,0,"keyboard-worker","OK",1783702761167,59686,1163
660,1783702761275,59795,59795,0,-2,0,0,0,0,69,72,10,0,46,186.75,0,-2,47,-997,-1,0,0,0,0,0,0,0,"keyboard-worker","OK",1783702761267,59786,1165
661,1783702761377,59897,59897,0,-2,0,0,0,0,69,72,10,0,46,186.36,0,-3,45,-997,-1,0,0,0,0,0,0,0,"keyboard-worker","OK",1783702761367,59887,1167
662,1783702761478,59998,59998,0,-2,0,0,0,0,69,72,10,0,46,186.56,0,-4,47,-997,-1,0,0,0,0,0,0,0,"keyboard-worker","OK",1783702761467,59987,1169
663,1783702761583,60103,60103,0,-2,0,0,0,0,69,72,10,0,46,186.58,0,-3,46,-999,-1,0,0,0,0,0,0,0,"keyboard-worker","OK",1783702761568,60087,1171
664,1783702761684,60204,60204,0,-2,0,0,0,0,69,72,10,0,46,186.42,0,-3,46,-1001,-1,0,0,0,0,0,0,0,"keyboard-worker","OK",1783702761668,60187,1173
665,1783702761784,60304,60304,0,-2,0,0,0,0,69,72,10,0,46,186.13,0,-2,46,-996,-1,0,0,0,0,0,0,0,"keyboard-worker","OK",1783702761768,60287,1175
666,1783702761886,60406,60405,0,-2,0,0,0,0,69,72,10,0,46,186.22,0,-3,46,-996,-1,0,0,0,0,0,0,0,"keyboard-worker","OK",1783702761868,60388,1177
667,1783702761988,60508,60507,0,-2,0,0,0,0,69,72,10,0,46,186.41,0,-4,47,-1000,-1,0,0,0,0,0,0,0,"keyboard-worker","OK",1783702761968,60488,1179
668,1783702762090,60610,60610,0,-2,0,0,0,0,69,72,10,0,46,186.53,0,-4,46,-998,-1,0,0,0,0,0,0,0,"keyboard-worker","OK",1783702762069,60588,1181
669,1783702762192,60712,60711,0,-2,0,0,0,0,69,72,10,0,46,186.35,0,-3,46,-999,-1,0,0,0,0,0,0,0,"keyboard-worker","OK",1783702762169,60688,1183
670,1783702762294,60814,60814,0,-2,0,0,0,0,69,72,10,0,46,186.38,0,-5,45,-998,-1,0,0,0,0,0,0,0,"keyboard-worker","OK",1783702762269,60788,1185
671,1783702762396,60916,60915,0,-2,0,0,0,0,69,72,10,0,46,186.51,0,-2,46,-1001,-1,0,0,0,0,0,0,0,"keyboard-worker","OK",1783702762369,60889,1187
672,1783702762499,61019,61018,0,-2,0,0,0,0,69,72,10,0,46,186.38,0,0,46,-999,-1,0,0,0,0,0,0,0,"keyboard-worker","OK",1783702762469,60989,1189
673,1783702762550,61070,61070,0,-2,0,0,0,0,69,72,10,0,46,186.61,0,-3,46,-996,-1,0,0,0,0,0,0,0,"keyboard-worker","OK",1783702762520,61039,1190
674,1783702762650,61170,61170,0,-2,0,0,0,0,69,72,10,0,46,186.59,0,-2,46,-1000,-1,0,0,0,0,0,0,0,"keyboard-worker","OK",1783702762620,61139,1192
675,1783702762753,61273,61272,0,-2,0,0,0,0,69,72,10,0,46,186.84,0,-1,45,-1000,-1,0,0,0,0,0,0,25,"keyboard-worker","OK",1783702762720,61239,1194
676,1783702762855,61375,61374,0,-2,0,0,0,0,69,72,10,0,46,186.46,0,-3,46,-1000,-1,0,0,0,0,0,0,25,"keyboard-worker","OK",1783702762820,61340,1196
677,1783702762957,61477,61476,0,-2,0,0,0,0,69,72,10,0,46,187.04,0,-3,46,-997,-1,0,0,0,0,0,0,25,"keyboard-worker","OK",1783702762920,61440,1198
678,1783702763059,61579,61578,0,-2,0,0,0,0,69,72,10,0,46,186.75,0,-2,47,-1000,-1,0,0,0,0,0,0,25,"keyboard-worker","OK",1783702763021,61540,1200
679,1783702763161,61681,61680,0,-2,0,0,0,0,69,72,10,0,46,186.46,0,-2,47,-1000,-1,0,0,0,0,0,0,25,"keyboard-worker","OK",1783702763121,61640,1202
680,1783702763263,61783,61782,0,-2,0,0,0,0,69,72,10,0,46,186.6,0,-2,47,-997,-1,0,0,0,0,0,0,25,"keyboard-worker","OK",1783702763221,61741,1204
681,1783702763365,61885,61884,0,-2,0,0,0,0,69,72,10,0,46,186.38,0,-5,47,-1000,-1,0,0,0,0,0,0,25,"keyboard-worker","OK",1783702763321,61841,1206
682,1783702763467,61987,61986,0,-2,0,0,0,0,69,72,10,0,46,186.7,0,-2,47,-1000,-1,0,0,0,0,0,0,0,"keyboard-worker","OK",1783702763422,61941,1208
683,1783702763569,62089,62088,0,-2,0,0,0,0,69,72,10,0,46,186.18,0,-1,46,-998,-1,0,0,0,0,0,0,0,"keyboard-worker","OK",1783702763522,62041,1210
684,1783702763671,62191,62190,0,-2,0,0,0,0,69,72,10,0,46,186.75,0,-4,45,-1001,-1,0,0,0,0,0,0,0,"keyboard-worker","OK",1783702763622,62142,1212
685,1783702763773,62293,62292,0,-2,0,0,0,0,69,72,10,0,46,186.14,0,-2,47,-1000,-1,0,0,0,0,0,0,0,"keyboard-worker","OK",1783702763772,62292,1215
686,1783702763880,62400,62399,0,-2,0,0,0,0,69,72,10,0,46,186.61,0,-4,47,-997,-1,0,0,0,0,0,0,0,"keyboard-worker","OK",1783702763873,62392,1217
687,1783702763982,62502,62501,0,-2,0,0,0,0,69,72,10,0,46,186.35,0,-2,46,-1003,-1,0,0,0,0,0,0,0,"keyboard-worker","OK",1783702763973,62492,1219
688,1783702764080,62600,62599,0,-2,0,0,0,0,69,72,10,0,46,186.62,0,-2,46,-998,-1,0,0,0,0,0,0,0,"keyboard-worker","OK",1783702764073,62592,1221
689,1783702764182,62702,62701,0,-2,0,0,0,0,69,72,10,0,46,186.55,0,-4,46,-997,-1,0,0,0,0,0,0,0,"keyboard-worker","OK",1783702764173,62693,1223
690,1783702764292,62812,62812,0,-2,0,0,0,0,69,72,10,0,46,186.48,0,-3,47,-998,-1,0,0,0,0,0,0,0,"keyboard-worker","OK",1783702764273,62793,1225
691,1783702764386,62906,62905,0,-2,0,0,0,0,69,72,10,0,46,186.49,0,-4,47,-997,-1,0,0,0,0,0,0,0,"keyboard-worker","OK",1783702764374,62893,1227
692,1783702764488,63008,63007,0,-2,0,0,0,0,69,72,10,0,46,186.47,0,-2,46,-1000,-1,0,0,0,0,0,0,0,"keyboard-worker","OK",1783702764474,62993,1229
693,1783702764590,63110,63109,0,-2,0,0,0,0,69,72,10,0,46,186.74,0,-2,47,-997,-1,0,0,0,0,0,0,0,"keyboard-worker","OK",1783702764574,63093,1231
694,1783702764692,63212,63211,0,-2,0,0,0,0,69,72,10,0,46,186.53,0,-2,45,-998,-1,0,0,0,0,0,0,0,"keyboard-worker","OK",1783702764674,63194,1233
695,1783702764794,63314,63313,0,-2,0,0,0,0,69,72,10,0,46,186.36,0,-2,44,-995,-1,0,0,0,0,0,0,0,"keyboard-worker","OK",1783702764774,63294,1235
696,1783702764896,63416,63415,0,-2,0,0,0,0,69,72,10,0,46,186.52,0,-1,45,-997,-1,0,0,0,0,0,0,0,"keyboard-worker","OK",1783702764875,63394,1237
697,1783702764999,63519,63518,0,-2,0,0,0,0,69,72,10,0,46,186.53,0,-3,47,-1001,-1,0,0,0,0,0,0,0,"keyboard-worker","OK",1783702764975,63494,1239
698,1783702765100,63620,63619,0,-2,0,0,0,0,69,72,10,0,46,186.44,0,-3,45,-999,-1,0,0,0,0,0,0,0,"keyboard-worker","OK",1783702765075,63594,1241
699,1783702765202,63722,63721,0,-2,0,0,0,0,69,72,10,0,46,186.27,0,-2,45,-999,-1,0,0,0,0,0,0,0,"keyboard-worker","OK",1783702765175,63695,1243
700,1783702765304,63824,63823,0,-2,0,0,0,0,69,72,10,0,46,186.31,0,-3,46,-997,-1,0,0,0,0,0,0,0,"keyboard-worker","OK",1783702765275,63795,1245
701,1783702765406,63926,63925,0,-2,0,0,0,0,69,72,10,0,46,186.61,0,-2,46,-997,-1,0,0,0,0,0,0,0,"keyboard-worker","OK",1783702765376,63895,1247
702,1783702765510,64030,64029,0,-2,0,0,0,0,69,72,10,0,46,186.39,0,-1,46,-999,-1,0,0,0,0,0,0,0,"keyboard-worker","OK",1783702765476,63995,1249
703,1783702765611,64131,64131,0,-2,0,0,0,0,69,72,10,0,46,186.64,0,-3,46,-996,-1,0,0,0,0,0,0,0,"keyboard-worker","OK",1783702765576,64096,1251
704,1783702765715,64235,64234,0,-2,0,0,0,0,69,72,10,0,46,186.44,0,-3,46,-997,-1,0,0,0,0,0,0,0,"keyboard-worker","OK",1783702765676,64196,1253
705,1783702765814,64334,64333,0,-2,0,0,0,0,69,72,10,0,46,186.64,0,-2,44,-999,-1,0,0,0,0,0,0,0,"keyboard-worker","OK",1783702765777,64296,1255
706,1783702765865,64385,64384,0,-2,0,0,0,0,69,72,10,0,46,186.62,0,-1,47,-999,-1,0,0,0,0,0,0,0,"keyboard-worker","OK",1783702765827,64346,1256
707,1783702765967,64487,64486,0,-2,0,0,0,0,69,72,10,0,46,186.42,0,-2,46,-1000,-1,0,0,0,0,0,0,0,"keyboard-worker","OK",1783702765927,64446,1258
708,1783702766121,64641,64641,0,-2,0,0,0,0,69,71,10,0,46,186.27,0,-2,46,-997,-1,0,0,0,0,0,0,0,"keyboard-worker","OK",1783702766077,64597,1261
709,1783702766172,64692,64691,0,-2,0,0,0,0,69,71,10,0,46,186.2,0,-1,47,-999,-1,0,0,0,0,0,0,0,"keyboard-worker","OK",1783702766127,64647,1262
710,1783702766277,64797,64796,0,-2,0,0,0,0,69,71,10,0,46,186.25,0,-2,46,-1001,-1,0,0,0,0,0,0,0,"keyboard-worker","OK",1783702766228,64747,1264
711,1783702766379,64899,64899,0,-2,0,0,0,0,69,71,10,0,46,186.17,0,-2,47,-1001,-1,0,0,0,0,0,0,0,"keyboard-worker","OK",1783702766378,64898,1267
712,1783702766480,65000,64999,0,-2,0,0,0,0,69,71,10,0,46,186.54,0,-4,46,-998,-1,0,0,0,0,0,0,0,"keyboard-worker","OK",1783702766478,64998,1269
713,1783702766580,65100,65099,0,-2,0,0,0,0,69,71,10,0,46,186.16,0,-3,46,-1000,-1,0,0,0,0,0,0,0,"keyboard-worker","OK",1783702766579,65098,1271
714,1783702766684,65204,65204,0,-2,0,0,0,0,69,71,10,0,46,186.29,0,-4,47,-998,-1,0,0,0,0,0,-25,0,"keyboard-worker","OK",1783702766679,65198,1273
715,1783702766795,65315,65315,0,-2,0,0,0,0,69,71,10,0,46,186.41,0,-3,48,-1000,-1,0,0,0,0,0,-25,0,"keyboard-worker","OK",1783702766779,65298,1275
716,1783702766887,65407,65407,0,-2,0,0,0,0,69,71,10,0,46,186.2,0,-2,46,-1000,-1,0,0,0,0,0,-25,0,"keyboard-worker","OK",1783702766879,65399,1277
717,1783702766988,65508,65507,0,-2,0,0,0,0,69,71,10,0,46,186.12,0,-5,47,-998,-1,0,0,0,0,0,-25,0,"keyboard-worker","OK",1783702766980,65499,1279
718,1783702767090,65610,65609,0,-2,0,0,0,0,70,71,10,0,46,186.1,0,-4,45,-999,-1,0,0,0,0,0,0,0,"keyboard-worker","OK",1783702767080,65599,1281
719,1783702767192,65712,65711,0,-2,0,0,0,0,70,71,10,0,46,186.55,0,-3,47,-999,-1,0,0,0,0,0,0,0,"keyboard-worker","OK",1783702767180,65699,1283
720,1783702767294,65814,65813,0,-2,0,0,0,0,70,71,10,0,46,186.11,0,-3,46,-1002,-1,0,0,0,0,0,0,0,"keyboard-worker","OK",1783702767280,65800,1285
721,1783702767396,65916,65915,0,-2,0,0,0,0,70,71,10,0,46,186.52,0,-2,46,-1002,-1,0,0,0,0,0,0,0,"keyboard-worker","OK",1783702767380,65900,1287
722,1783702767499,66019,66018,0,-2,0,0,0,0,70,71,10,0,46,186.2,0,-2,45,-997,-1,0,0,0,0,0,0,0,"keyboard-worker","OK",1783702767481,66000,1289
723,1783702767600,66120,66119,0,-2,0,0,0,0,70,71,10,0,46,186.32,0,-1,46,-999,-1,0,0,0,0,0,0,0,"keyboard-worker","OK",1783702767581,66100,1291
724,1783702767704,66224,66223,0,-2,0,0,0,0,70,71,10,0,46,186.33,0,-4,47,-1002,-1,0,0,0,0,0,0,0,"keyboard-worker","OK",1783702767681,66201,1293
725,1783702767804,66324,66323,0,-2,0,0,0,0,70,71,10,0,46,186.5,0,-3,46,-1001,-1,0,0,0,0,0,0,0,"keyboard-worker","OK",1783702767781,66301,1295
726,1783702767906,66426,66425,0,-2,0,0,0,0,70,71,10,0,46,186.29,0,-2,45,-1000,-1,0,0,0,0,0,0,0,"keyboard-worker","OK",1783702767882,66401,1297
727,1783702768011,66531,66531,0,-2,0,0,0,0,70,71,10,0,46,186.17,0,-2,47,-997,-1,0,0,0,0,0,0,0,"keyboard-worker","OK",1783702767982,66501,1299
728,1783702768116,66636,66636,0,-2,0,0,0,0,70,72,10,0,46,186.17,0,-2,45,-999,-1,0,0,0,0,0,0,0,"keyboard-worker","OK",1783702768082,66601,1301
729,1783702768228,66748,66747,0,-2,0,0,0,0,70,72,10,0,46,186.42,0,-2,46,-1000,-1,0,0,0,0,0,0,0,"keyboard-worker","OK",1783702768182,66702,1303
730,1783702768317,66837,66837,0,-2,0,0,0,0,70,72,10,0,46,186.47,0,-1,47,-999,-1,0,0,0,0,0,0,0,"keyboard-worker","OK",1783702768282,66802,1305
731,1783702768417,66937,66936,0,-2,0,0,0,0,70,72,10,0,46,186.44,0,-4,48,-996,-1,0,0,0,0,0,0,0,"keyboard-worker","OK",1783702768383,66902,1307
732,1783702768518,67038,67038,0,-2,0,0,0,0,70,72,10,0,46,186.6,0,-4,47,-999,-1,0,0,0,0,0,0,0,"keyboard-worker","OK",1783702768483,67002,1309
733,1783702768620,67140,67139,0,-2,0,0,0,0,70,72,10,0,46,186.8,0,0,47,-1000,-1,0,0,0,0,0,0,0,"keyboard-worker","OK",1783702768583,67102,1311
734,1783702768724,67244,67244,0,-2,0,0,0,0,70,72,10,0,46,186.38,0,-2,48,-1001,-1,0,0,0,0,0,0,0,"keyboard-worker","OK",1783702768683,67203,1313
735,1783702768824,67344,67343,0,-2,0,0,0,0,70,72,10,0,46,186.3,0,-2,46,-997,-1,0,0,0,0,0,0,0,"keyboard-worker","OK",1783702768783,67303,1315
736,1783702768926,67446,67445,0,-2,0,0,0,0,70,72,10,0,46,186.55,0,-4,47,-996,-1,0,0,0,0,0,0,0,"keyboard-worker","OK",1783702768884,67403,1317
737,1783702769028,67548,67548,0,-2,0,0,0,0,70,72,10,0,46,186.67,0,-4,47,-1000,-1,0,0,0,0,0,0,0,"keyboard-worker","OK",1783702768984,67503,1319
738,1783702769130,67650,67649,0,-2,0,0,0,0,69,71,10,0,46,186.56,0,0,48,-999,-1,0,0,0,0,0,0,0,"keyboard-worker","OK",1783702769084,67603,1321
739,1783702769232,67752,67752,0,-2,0,0,0,0,69,71,10,0,46,186.51,0,-1,46,-1000,-1,0,0,0,0,0,0,0,"keyboard-worker","OK",1783702769184,67704,1323
740,1783702769335,67855,67854,0,-2,0,0,0,0,69,71,10,0,46,186.34,0,-3,47,-996,-1,0,0,0,0,0,0,0,"keyboard-worker","OK",1783702769334,67854,1326
741,1783702769384,67904,67904,0,-2,0,0,0,0,69,71,10,0,46,186.33,0,-4,45,-998,-1,0,0,0,0,0,0,0,"keyboard-worker","OK",1783702769334,67854,1326
742,1783702769487,68007,68006,0,-2,0,0,0,0,69,71,10,0,46,186.74,0,-2,46,-997,-1,0,0,0,0,0,0,0,"keyboard-worker","OK",1783702769485,68004,1329
743,1783702769590,68110,68109,0,-2,0,0,0,0,69,71,10,0,46,186.61,0,-2,46,-1001,-1,0,0,0,0,0,0,0,"keyboard-worker","OK",1783702769585,68104,1331
744,1783702769691,68211,68210,0,-2,0,0,0,0,69,71,10,0,46,186.6,0,-2,46,-999,-1,0,0,0,0,0,0,0,"keyboard-worker","OK",1783702769685,68205,1333
745,1783702769793,68313,68312,0,-2,0,0,0,0,69,71,10,0,46,186.35,0,-2,46,-995,-1,0,0,0,0,0,0,0,"keyboard-worker","OK",1783702769785,68305,1335
746,1783702769895,68415,68414,0,-2,0,0,0,0,69,71,10,0,46,186.47,0,-4,47,-996,-1,0,0,0,0,0,0,0,"keyboard-worker","OK",1783702769886,68405,1337
747,1783702769997,68517,68516,0,-2,0,0,0,0,69,71,10,0,46,186.61,0,-3,46,-999,-1,0,0,0,0,0,0,0,"keyboard-worker","OK",1783702769986,68505,1339
748,1783702770100,68620,68619,0,-2,0,0,0,0,69,71,10,0,46,186.42,0,-3,47,-1002,-1,0,0,0,0,0,0,0,"keyboard-worker","OK",1783702770086,68605,1341
749,1783702770201,68721,68720,0,-2,0,0,0,0,69,71,10,0,46,186.43,0,-4,46,-998,-1,0,0,0,0,0,0,0,"keyboard-worker","OK",1783702770186,68706,1343
750,1783702770303,68823,68822,0,-2,0,0,0,0,69,71,10,0,46,186.67,0,-1,46,-998,-1,0,0,0,0,0,0,0,"keyboard-worker","OK",1783702770286,68806,1345
751,1783702770405,68925,68924,0,-2,0,0,0,0,69,71,10,0,46,186.52,0,-1,45,-997,-1,0,0,0,0,0,0,0,"keyboard-worker","OK",1783702770386,68906,1347
752,1783702770508,69028,69028,0,-2,0,0,0,0,69,71,10,0,46,186.48,0,-2,45,-997,-1,0,0,0,0,0,0,0,"keyboard-worker","OK",1783702770487,69006,1349
753,1783702770611,69131,69130,0,-2,0,0,0,0,69,71,10,0,46,186.41,0,-5,46,-1000,-1,0,0,0,0,0,0,0,"keyboard-worker","OK",1783702770587,69106,1351
754,1783702770714,69234,69234,0,-2,0,0,0,0,69,71,10,0,46,186.57,0,-5,47,-1000,-1,0,0,0,0,0,0,0,"keyboard-worker","OK",1783702770687,69206,1353
755,1783702770817,69337,69336,0,-2,0,0,0,0,69,71,10,0,46,186.71,0,-2,45,-1000,-1,0,0,0,0,0,0,0,"keyboard-worker","OK",1783702770787,69307,1355
756,1783702770918,69438,69437,0,-2,0,0,0,0,69,71,10,0,46,186.07,0,-1,47,-999,-1,0,0,0,0,0,0,0,"keyboard-worker","OK",1783702770887,69407,1357
757,1783702771017,69537,69536,0,-2,0,0,0,0,69,71,10,0,46,186.52,0,-4,47,-999,-1,0,0,0,0,0,0,0,"keyboard-worker","OK",1783702770988,69507,1359
758,1783702771119,69639,69639,0,-2,0,0,0,0,69,71,10,0,46,186.02,0,-5,47,-1000,-1,0,0,0,0,0,0,0,"keyboard-worker","OK",1783702771088,69607,1361
759,1783702771221,69741,69741,0,-2,0,0,0,0,69,71,10,0,46,186.6,0,-2,46,-998,-1,0,0,0,0,0,0,0,"keyboard-worker","OK",1783702771188,69707,1363
760,1783702771323,69843,69842,0,-2,0,0,0,0,69,71,10,0,46,186.61,0,-3,48,-999,-1,0,0,0,0,0,0,0,"keyboard-worker","OK",1783702771288,69808,1365
761,1783702771425,69945,69944,0,-2,0,0,0,0,69,71,10,0,46,186.3,0,-2,47,-998,-1,0,0,0,0,0,0,0,"keyboard-worker","OK",1783702771388,69908,1367
762,1783702771527,70047,70046,0,-2,0,0,0,0,69,71,10,0,46,186.56,0,0,45,-995,-1,0,0,0,0,0,0,0,"keyboard-worker","OK",1783702771489,70008,1369
763,1783702771629,70149,70148,0,-2,0,0,0,0,69,71,10,0,46,186.59,0,-2,46,-992,-1,0,0,0,0,0,0,0,"keyboard-worker","OK",1783702771589,70108,1371
764,1783702771731,70251,70250,0,-2,0,0,0,0,69,71,10,0,46,186.7,0,-5,47,-998,-1,0,0,0,0,0,0,0,"keyboard-worker","OK",1783702771689,70208,1373
765,1783702771833,70353,70352,0,-2,0,0,0,0,69,71,10,0,46,186.67,0,-2,47,-999,-1,0,0,0,0,0,0,0,"keyboard-worker","OK",1783702771789,70309,1375
766,1783702771935,70455,70454,0,-2,0,0,0,0,69,71,10,0,46,186.71,0,-2,46,-1000,-1,0,0,0,0,0,0,0,"keyboard-worker","OK",1783702771890,70409,1377
767,1783702772037,70557,70556,0,-2,0,0,0,0,69,71,10,0,46,186.57,0,0,47,-996,-1,0,0,0,0,0,0,0,"keyboard-worker","OK",1783702771990,70509,1379
768,1783702772138,70658,70658,0,-2,0,0,0,0,69,72,10,0,46,186.57,0,-3,47,-998,-1,0,0,0,0,0,0,0,"keyboard-worker","OK",1783702772090,70609,1381
769,1783702772240,70760,70760,0,-2,0,0,0,0,69,72,10,0,46,186.63,0,-3,46,-999,-1,0,0,0,0,0,0,0,"keyboard-worker","OK",1783702772240,70760,1384
770,1783702772344,70864,70863,0,-2,0,0,0,0,69,72,10,0,46,186.46,0,-4,49,-1002,-1,0,0,0,0,0,0,0,"keyboard-worker","OK",1783702772341,70860,1386
771,1783702772446,70966,70966,0,-2,0,0,0,0,69,72,10,0,46,186.38,0,-3,45,-999,-1,0,0,0,0,0,0,0,"keyboard-worker","OK",1783702772441,70960,1388
772,1783702772548,71068,71067,0,-2,0,0,0,0,69,72,10,0,46,186.57,0,-5,48,-997,-1,0,0,0,0,0,0,0,"keyboard-worker","OK",1783702772541,71060,1390
773,1783702772649,71169,71169,0,-2,0,0,0,0,69,72,10,0,46,186.65,0,-3,47,-995,-1,0,0,0,0,0,0,0,"keyboard-worker","OK",1783702772641,71161,1392
774,1783702772750,71270,71270,0,-2,0,0,0,0,69,72,10,0,46,186.6,0,0,46,-1001,-1,0,0,0,0,0,0,0,"keyboard-worker","OK",1783702772742,71261,1394
775,1783702772852,71372,71372,0,-2,0,0,0,0,69,72,10,0,46,186.39,0,-2,45,-1001,-1,0,0,0,0,0,0,0,"keyboard-worker","OK",1783702772842,71361,1396
776,1783702772957,71477,71477,0,-2,0,0,0,0,69,72,10,0,46,186.51,0,-1,46,-998,-1,0,0,0,0,0,0,0,"keyboard-worker","OK",1783702772942,71461,1398
777,1783702773008,71528,71527,0,-2,0,0,0,0,69,72,10,0,46,186.6,0,-4,48,-997,-1,0,0,0,0,0,0,0,"keyboard-worker","OK",1783702772992,71512,1399
778,1783702773159,71679,71678,0,-2,0,0,0,0,70,72,10,0,46,186.56,0,-2,47,-998,-1,0,0,0,0,0,0,0,"keyboard-worker","OK",1783702773142,71662,1402
779,1783702773216,71736,71736,0,-2,0,0,0,0,70,72,10,0,46,186.42,0,-3,45,-998,-1,0,0,0,0,0,0,0,"keyboard-worker","OK",1783702773193,71712,1403
780,1783702773319,71839,71838,0,-2,0,0,0,0,70,72,10,0,46,186.41,0,-3,47,-998,-1,0,0,0,0,0,0,0,"keyboard-worker","OK",1783702773293,71812,1405
781,1783702773415,71935,71935,0,-2,0,0,0,0,70,72,10,0,46,186.32,0,-4,47,-997,-1,0,0,0,0,0,0,0,"keyboard-worker","OK",1783702773393,71912,1407
782,1783702773517,72037,72037,0,-2,0,0,0,0,70,72,10,0,46,186.59,0,0,47,-996,-1,0,0,0,0,0,0,0,"keyboard-worker","OK",1783702773493,72013,1409
783,1783702773619,72139,72139,0,-2,0,0,0,0,70,72,10,0,46,186.44,0,-3,48,-999,-1,0,0,0,0,0,0,0,"keyboard-worker","OK",1783702773593,72113,1411
784,1783702773721,72241,72241,0,-2,0,0,0,0,70,72,10,0,46,186.4,0,-4,45,-999,-1,0,0,0,0,0,0,0,"keyboard-worker","OK",1783702773694,72213,1413
785,1783702773823,72343,72343,0,-2,0,0,0,0,70,72,10,0,46,186.58,0,-5,46,-997,-1,0,0,0,0,0,0,0,"keyboard-worker","OK",1783702773794,72313,1415
786,1783702773925,72445,72445,0,-2,0,0,0,0,70,72,10,0,46,186.37,0,-2,45,-999,-1,0,0,0,0,0,0,0,"keyboard-worker","OK",1783702773894,72413,1417
787,1783702774028,72548,72548,0,-2,0,0,0,0,70,72,10,0,46,186.65,0,-2,48,-997,-1,0,0,0,0,0,0,0,"keyboard-worker","OK",1783702773994,72514,1419
788,1783702774129,72649,72649,0,-2,0,0,0,0,69,71,10,0,46,186.6,0,-5,47,-1000,-1,0,0,0,0,0,0,0,"keyboard-worker","OK",1783702774094,72614,1421
789,1783702774231,72751,72751,0,-2,0,0,0,0,69,71,10,0,46,186.52,0,-5,45,-1000,-1,0,0,0,0,0,0,0,"keyboard-worker","OK",1783702774195,72714,1423
790,1783702774334,72854,72853,0,-2,0,0,0,0,69,71,10,0,46,186.56,0,-3,46,-997,-1,0,0,0,0,0,0,0,"keyboard-worker","OK",1783702774295,72814,1425
791,1783702774435,72955,72955,0,-2,0,0,0,0,69,71,10,0,46,186.68,0,0,47,-998,-1,0,0,0,0,0,0,0,"keyboard-worker","OK",1783702774395,72914,1427
792,1783702774538,73058,73057,0,-2,0,0,0,0,69,71,10,0,46,186.32,0,-3,47,-1000,-1,0,0,0,0,0,0,0,"keyboard-worker","OK",1783702774495,73015,1429
793,1783702774642,73162,73162,0,-2,0,0,0,0,69,71,10,0,46,186.57,0,-3,46,-999,-1,0,0,0,0,0,0,0,"keyboard-worker","OK",1783702774595,73115,1431
794,1783702774743,73263,73263,0,-2,0,0,0,0,69,71,10,0,46,186.46,0,-3,46,-995,-1,0,0,0,0,0,0,0,"keyboard-worker","OK",1783702774696,73215,1433
795,1783702774847,73367,73367,0,-2,0,0,0,0,69,71,10,0,46,186.68,0,-4,47,-1000,-1,0,0,0,0,0,0,0,"keyboard-worker","OK",1783702774846,73365,1436
796,1783702774958,73478,73477,0,-2,0,0,0,0,69,71,10,0,46,186.53,0,-3,47,-1000,-1,0,0,0,0,0,0,0,"keyboard-worker","OK",1783702774946,73465,1438
797,1783702775049,73569,73569,0,-2,0,0,0,0,69,71,10,0,46,186.35,0,-2,46,-999,-1,0,0,0,0,0,0,0,"keyboard-worker","OK",1783702775046,73566,1440
798,1783702775151,73671,73671,0,-2,0,0,0,0,69,72,10,0,46,186.53,0,0,47,-999,-1,0,0,0,0,0,0,0,"keyboard-worker","OK",1783702775146,73666,1442
799,1783702775253,73773,73773,0,-2,0,0,0,0,69,72,10,0,46,186.63,0,-1,45,-993,-1,0,0,0,0,0,0,0,"keyboard-worker","OK",1783702775247,73766,1444
800,1783702775360,73880,73880,0,-2,0,0,0,0,69,72,10,0,46,186.54,0,-3,49,-998,-1,0,0,0,0,0,0,0,"keyboard-worker","OK",1783702775347,73866,1446
801,1783702775457,73977,73977,0,-2,0,0,0,0,69,72,10,0,46,186.59,0,-3,47,-997,-1,0,0,0,0,0,0,0,"keyboard-worker","OK",1783702775447,73967,1448
802,1783702775559,74079,74079,0,-2,0,0,0,0,69,72,10,0,46,186.42,0,-3,45,-1001,-1,0,0,0,0,0,0,0,"keyboard-worker","OK",1783702775547,74067,1450
803,1783702775661,74181,74181,0,-2,0,0,0,0,69,72,10,0,46,186.68,0,-4,46,-1000,-1,0,0,0,0,0,0,0,"keyboard-worker","OK",1783702775647,74167,1452
804,1783702775763,74283,74283,0,-2,0,0,0,0,69,72,10,0,46,186.47,0,-2,46,-1000,-1,0,0,0,0,0,0,0,"keyboard-worker","OK",1783702775748,74267,1454
805,1783702775865,74385,74385,0,-2,0,0,0,0,69,72,10,0,46,186.59,0,-3,46,-999,-1,0,0,0,0,0,0,0,"keyboard-worker","OK",1783702775848,74367,1456
806,1783702775967,74487,74487,0,-2,0,0,0,0,69,72,10,0,46,186.91,0,-2,47,-998,-1,0,0,0,0,0,0,0,"keyboard-worker","OK",1783702775948,74467,1458
807,1783702776018,74538,74538,0,-2,0,0,0,0,69,72,10,0,46,186.51,0,-2,48,-996,-1,0,0,0,0,0,0,0,"keyboard-worker","OK",1783702775998,74518,1459
808,1783702776174,74694,74693,0,-2,0,0,0,0,69,71,10,0,46,186.6,0,-4,45,-997,-1,0,0,0,0,0,0,0,"keyboard-worker","OK",1783702776148,74668,1462
809,1783702776223,74743,74743,0,-2,0,0,0,0,69,71,10,0,46,186.57,0,-2,45,-996,-1,0,0,0,0,0,0,0,"keyboard-worker","OK",1783702776199,74718,1463
810,1783702776325,74845,74845,0,-2,0,0,0,0,69,71,10,0,46,186.55,0,-2,46,-1001,-1,0,0,0,0,0,0,0,"keyboard-worker","OK",1783702776299,74818,1465
811,1783702776427,74947,74947,0,-2,0,0,0,0,69,71,10,0,46,186.18,0,0,44,-997,-1,0,0,0,0,0,0,0,"keyboard-worker","OK",1783702776399,74918,1467
812,1783702776529,75049,75049,0,-2,0,0,0,0,69,71,10,0,46,186.74,0,-5,44,-995,-1,0,0,0,0,0,0,0,"keyboard-worker","OK",1783702776499,75019,1469
813,1783702776631,75151,75151,0,-2,0,0,0,0,69,71,10,0,46,186.68,0,-2,46,-1000,-1,0,0,0,0,0,0,0,"keyboard-worker","OK",1783702776599,75119,1471
814,1783702776733,75253,75253,0,-2,0,0,0,0,69,71,10,0,46,186.66,0,-2,46,-1000,-1,0,0,0,0,0,0,0,"keyboard-worker","OK",1783702776699,75219,1473
815,1783702776835,75355,75355,0,-2,0,0,0,0,69,71,10,0,46,186.52,0,-1,47,-998,-1,0,0,0,0,0,0,0,"keyboard-worker","OK",1783702776800,75319,1475
816,1783702776937,75457,75457,0,-2,0,0,0,0,69,71,10,0,46,186.52,0,-2,47,-996,-1,0,0,0,0,0,0,0,"keyboard-worker","OK",1783702776900,75419,1477
817,1783702777039,75559,75559,0,-2,0,0,0,0,69,71,10,0,46,186.66,0,-4,46,-997,-1,0,0,0,0,0,0,0,"keyboard-worker","OK",1783702777000,75520,1479
818,1783702777144,75664,75663,0,-2,0,0,0,0,69,72,10,0,46,186.58,0,-3,45,-997,-1,0,0,0,0,0,0,0,"keyboard-worker","OK",1783702777100,75620,1481
819,1783702777249,75769,75768,0,-2,0,0,0,0,69,72,10,0,46,186.35,0,-1,45,-1000,-1,0,0,0,0,0,0,0,"keyboard-worker","OK",1783702777200,75720,1483
820,1783702777350,75870,75870,0,-2,0,0,0,0,69,72,10,0,46,186.49,0,-2,45,-1001,-1,0,0,0,0,0,0,0,"keyboard-worker","OK",1783702777301,75820,1485
821,1783702777452,75972,75971,0,-2,0,0,0,0,69,72,10,0,46,186.49,0,-3,47,-1001,-1,0,0,0,0,0,0,0,"keyboard-worker","OK",1783702777451,75970,1488
822,1783702777560,76080,76079,0,-2,0,0,0,0,69,72,10,0,46,186.25,0,-2,45,-999,-1,0,0,0,0,0,0,0,"keyboard-worker","OK",1783702777551,76071,1490
823,1783702777653,76173,76173,0,-2,0,0,0,0,69,72,10,0,46,186.5,0,-1,46,-996,-1,0,0,0,0,0,0,0,"keyboard-worker","OK",1783702777651,76171,1492
824,1783702777755,76275,76275,0,-2,0,0,0,0,69,72,10,0,46,186.25,0,-3,47,-1000,-1,0,0,0,0,0,0,0,"keyboard-worker","OK",1783702777752,76271,1494
825,1783702777857,76377,76377,0,-2,0,0,0,0,69,72,10,0,46,186.75,0,-3,46,-998,-1,0,0,0,0,0,0,0,"keyboard-worker","OK",1783702777852,76371,1496
826,1783702777959,76479,76479,0,-2,0,0,0,0,69,72,10,0,46,186.92,0,-4,47,-999,-1,0,0,0,0,0,0,0,"keyboard-worker","OK",1783702777952,76472,1498
827,1783702778062,76582,76581,0,-2,0,0,0,0,69,72,10,0,46,186.54,0,-1,45,-996,-1,0,0,0,0,0,0,0,"keyboard-worker","OK",1783702778052,76572,1500
828,1783702778163,76683,76683,0,-2,0,0,0,0,69,71,10,0,46,186.44,0,-4,46,-1000,-1,0,0,0,0,0,0,0,"keyboard-worker","OK",1783702778153,76672,1502
829,1783702778265,76785,76785,0,-2,0,0,0,0,69,71,10,0,46,186.47,0,-3,45,-999,-1,0,0,0,0,0,0,0,"keyboard-worker","OK",1783702778253,76772,1504
830,1783702778367,76887,76887,0,-2,0,0,0,0,69,71,10,0,46,186.78,0,-3,47,-1000,-1,0,0,0,0,0,0,0,"keyboard-worker","OK",1783702778353,76873,1506
831,1783702778469,76989,76989,0,-2,0,0,0,0,69,71,10,0,46,186.59,0,-4,45,-994,-1,0,0,0,0,0,0,0,"keyboard-worker","OK",1783702778453,76973,1508
832,1783702778571,77091,77091,0,-2,0,0,0,0,69,71,10,0,46,186.7,0,-4,47,-1000,-1,0,0,0,0,0,0,0,"keyboard-worker","OK",1783702778554,77073,1510
833,1783702778676,77196,77196,0,-2,0,0,0,0,69,71,10,0,46,186.53,0,-2,45,-999,-1,0,0,0,0,0,0,0,"keyboard-worker","OK",1783702778654,77173,1512
834,1783702778777,77297,77296,0,-2,0,0,0,0,69,71,10,0,46,186.56,0,-2,47,-999,-1,0,0,0,0,0,0,0,"keyboard-worker","OK",1783702778754,77274,1514
835,1783702778879,77399,77399,0,-2,0,0,0,0,69,71,10,0,46,186.67,0,-3,45,-1000,-1,0,0,0,0,0,0,0,"keyboard-worker","OK",1783702778854,77374,1516
836,1783702778979,77499,77499,0,-2,0,0,0,0,69,71,10,0,46,186.65,0,-3,47,-998,-1,0,0,0,0,0,0,0,"keyboard-worker","OK",1783702778955,77474,1518
837,1783702779030,77550,77550,0,-2,0,0,0,0,69,71,10,0,46,186.64,0,-2,46,-995,-1,0,0,0,0,0,0,0,"keyboard-worker","OK",1783702779005,77524,1519
838,1783702779186,77706,77706,0,-2,0,0,0,0,70,71,10,0,46,186.77,0,-2,47,-997,-1,0,0,0,0,0,0,0,"keyboard-worker","OK",1783702779155,77675,1522
839,1783702779234,77754,77754,0,-2,0,0,0,0,70,71,10,0,46,186.78,0,-3,45,-999,-1,0,0,0,0,0,0,0,"keyboard-worker","OK",1783702779205,77725,1523
840,1783702779336,77856,77856,0,-2,0,0,0,0,70,71,10,0,46,186.53,0,-4,47,-999,-1,0,0,0,0,0,0,0,"keyboard-worker","OK",1783702779305,77825,1525
841,1783702779438,77958,77958,0,-2,0,0,0,0,70,71,10,0,46,186.55,0,-3,46,-999,-1,0,0,0,0,0,0,0,"keyboard-worker","OK",1783702779406,77925,1527
842,1783702779547,78067,78067,0,-2,0,0,0,0,70,71,10,0,46,186.48,0,-3,46,-999,-1,0,0,0,0,0,0,0,"keyboard-worker","OK",1783702779506,78025,1529
843,1783702779653,78173,78172,0,-2,0,0,0,0,70,71,10,0,46,186.42,0,0,47,-998,-1,0,0,0,0,0,0,0,"keyboard-worker","OK",1783702779606,78126,1531
844,1783702779746,78266,78266,0,-2,0,0,0,0,70,71,10,0,46,186.4,0,-2,46,-996,-1,0,0,0,0,0,0,0,"keyboard-worker","OK",1783702779706,78226,1533
845,1783702779848,78368,78368,0,-2,0,0,0,0,70,71,10,0,46,186.45,0,-3,46,-997,-1,0,0,0,0,0,0,0,"keyboard-worker","OK",1783702779807,78326,1535
846,1783702779948,78468,78468,0,-2,0,0,0,0,70,71,10,0,46,186.47,0,-4,47,-999,-1,0,0,0,0,0,0,0,"keyboard-worker","OK",1783702779907,78426,1537
847,1783702780050,78570,78570,0,-2,0,0,0,0,70,71,10,0,46,186.73,0,-4,46,-1001,-1,0,0,0,0,0,0,0,"keyboard-worker","OK",1783702780007,78527,1539
848,1783702780155,78675,78675,0,-2,0,0,0,0,70,72,10,0,46,186.68,0,-3,45,-1003,-1,0,0,0,0,0,0,0,"keyboard-worker","OK",1783702780107,78627,1541
849,1783702780255,78775,78775,0,-2,0,0,0,0,70,72,10,0,46,186.12,0,-3,47,-998,-1,0,0,0,0,0,0,0,"keyboard-worker","OK",1783702780207,78727,1543
850,1783702780357,78877,78877,0,-2,0,0,0,0,70,72,10,0,46,186.46,0,-4,47,-995,-1,0,0,0,0,0,0,0,"keyboard-worker","OK",1783702780308,78827,1545
851,1783702780459,78979,78979,0,-2,0,0,0,0,70,72,10,0,46,186.37,0,-5,48,-996,-1,0,0,0,0,0,0,0,"keyboard-worker","OK",1783702780458,78978,1548
852,1783702780561,79081,79081,0,-2,0,0,0,0,70,72,10,0,46,186.39,0,-4,49,-998,-1,0,0,0,0,0,0,0,"keyboard-worker","OK",1783702780558,79078,1550
853,1783702780663,79183,79183,0,-2,0,0,0,0,70,72,10,0,46,186.3,0,-2,46,-1001,-1,0,0,0,0,0,0,0,"keyboard-worker","OK",1783702780659,79178,1552
854,1783702780765,79285,79285,0,-2,0,0,0,0,70,72,10,0,46,186.21,0,-2,45,-999,-1,0,0,0,0,0,0,0,"keyboard-worker","OK",1783702780759,79278,1554
855,1783702780867,79387,79387,0,-2,0,0,0,0,70,72,10,0,46,186.46,0,-3,45,-997,-1,0,0,0,0,0,0,0,"keyboard-worker","OK",1783702780859,79378,1556
856,1783702780969,79489,79489,0,-2,0,0,0,0,70,72,10,0,46,186.42,0,-2,46,-999,-1,0,0,0,0,0,0,0,"keyboard-worker","OK",1783702780959,79479,1558
857,1783702781074,79594,79594,0,-2,0,0,0,0,70,72,10,0,46,186.51,0,-2,46,-1004,-1,0,0,0,0,0,0,0,"keyboard-worker","OK",1783702781059,79579,1560
858,1783702781173,79693,79693,0,-2,0,0,0,0,70,71,10,0,46,186.63,0,-2,46,-998,-1,0,0,0,0,0,0,0,"keyboard-worker","OK",1783702781160,79679,1562
859,1783702781275,79795,79795,0,-2,0,0,0,0,70,71,10,0,46,186.41,0,-4,44,-997,-1,0,0,0,0,0,0,0,"keyboard-worker","OK",1783702781260,79779,1564
860,1783702781383,79903,79902,0,-2,0,0,0,0,70,71,10,0,46,186.66,0,-1,47,-996,-1,0,0,0,0,0,0,0,"keyboard-worker","OK",1783702781360,79879,1566
861,1783702781483,80003,80002,0,-2,0,0,0,0,70,71,10,0,46,186.44,0,-4,45,-998,-1,0,0,0,0,0,0,0,"keyboard-worker","OK",1783702781460,79980,1568
862,1783702781583,80103,80103,0,-2,0,0,0,0,70,71,10,0,46,186.39,0,-4,48,-996,-1,0,0,0,0,0,0,0,"keyboard-worker","OK",1783702781560,80080,1570
863,1783702781685,80205,80204,0,-2,0,0,0,0,70,71,10,0,46,186.53,0,-5,45,-999,-1,0,0,0,0,0,0,0,"keyboard-worker","OK",1783702781661,80180,1572
864,1783702781787,80307,80306,0,-2,0,0,0,0,70,71,10,0,46,186.77,0,-4,47,-997,-1,0,0,0,0,0,0,0,"keyboard-worker","OK",1783702781761,80280,1574
865,1783702781896,80416,80416,0,-2,0,0,0,0,70,71,10,0,46,186.88,0,-1,46,-999,-1,0,0,0,0,0,0,0,"keyboard-worker","OK",1783702781861,80380,1576
866,1783702781991,80511,80511,0,-2,0,0,0,0,70,71,10,0,46,186.62,0,-1,47,-999,-1,0,0,0,0,0,0,0,"keyboard-worker","OK",1783702781961,80481,1578
867,1783702782093,80613,80613,0,-2,0,0,0,0,70,71,10,0,46,186.59,0,-2,48,-998,-1,0,0,0,0,0,0,0,"keyboard-worker","OK",1783702782061,80581,1580
868,1783702782195,80715,80714,0,-2,0,0,0,0,70,71,10,0,46,186.66,0,-4,46,-999,-1,0,0,0,0,0,0,0,"keyboard-worker","OK",1783702782162,80681,1582
869,1783702782297,80817,80817,0,-2,0,0,0,0,70,71,10,0,46,186.58,0,-5,47,-999,-1,0,0,0,0,0,0,0,"keyboard-worker","OK",1783702782262,80781,1584
870,1783702782350,80870,80869,0,-2,0,0,0,0,70,71,10,0,46,186.79,0,0,45,-996,-1,0,0,0,0,0,0,0,"keyboard-worker","OK",1783702782312,80831,1585
871,1783702782450,80970,80969,0,-2,0,0,0,0,70,71,10,0,46,186.55,0,-2,46,-993,-1,0,0,0,0,0,0,0,"keyboard-worker","OK",1783702782412,80931,1587
872,1783702782552,81072,81072,0,-2,0,0,0,0,70,71,10,0,46,186.55,0,-3,46,-997,-1,0,0,0,0,0,0,0,"keyboard-worker","OK",1783702782512,81032,1589
873,1783702782654,81174,81173,0,-2,0,0,0,0,70,71,10,0,46,186.64,0,-4,45,-1003,-1,0,0,0,0,0,0,0,"keyboard-worker","OK",1783702782612,81132,1591
874,1783702782756,81276,81276,0,-2,0,0,0,0,70,71,10,0,46,186.33,0,-3,47,-999,-1,0,0,0,0,0,0,0,"keyboard-worker","OK",1783702782713,81232,1593
875,1783702782858,81378,81378,0,-2,0,0,0,0,70,71,10,0,46,186.37,0,-3,47,-995,-1,0,0,0,0,0,0,0,"keyboard-worker","OK",1783702782813,81332,1595
876,1783702782961,81481,81481,0,-2,0,0,0,0,70,71,10,0,46,186.57,0,-4,45,-1001,-1,0,0,0,0,0,0,0,"keyboard-worker","OK",1783702782913,81432,1597
877,1783702783062,81582,81581,0,-2,0,0,0,0,70,71,10,0,46,186.81,0,-4,47,-1000,-1,0,0,0,0,0,0,0,"keyboard-worker","OK",1783702783013,81533,1599
878,1783702783164,81684,81683,0,-2,0,0,0,0,69,72,10,0,46,186.37,0,-3,47,-996,-1,0,0,0,0,0,0,0,"keyboard-worker","OK",1783702783164,81683,1602
879,1783702783266,81786,81786,0,-2,0,0,0,0,69,72,10,0,46,186.42,0,-2,47,-995,-1,0,0,0,0,0,0,0,"keyboard-worker","OK",1783702783264,81783,1604
880,1783702783368,81888,81887,0,-2,0,0,0,0,69,72,10,0,46,186.63,0,-1,46,-997,-1,0,0,0,0,0,0,0,"keyboard-worker","OK",1783702783364,81883,1606
881,1783702783474,81994,81994,0,-2,0,0,0,0,69,72,10,0,46,186.58,0,-5,46,-997,-1,0,0,0,0,0,0,0,"keyboard-worker","OK",1783702783464,81984,1608
882,1783702783572,82092,82092,0,-2,0,0,0,0,69,72,10,0,46,186.67,0,-4,47,-997,-1,0,0,0,0,0,0,0,"keyboard-worker","OK",1783702783564,82084,1610
883,1783702783675,82195,82195,0,-2,0,0,0,0,69,72,10,0,46,186.57,0,-3,46,-1000,-1,0,0,0,0,0,0,0,"keyboard-worker","OK",1783702783665,82184,1612
884,1783702783781,82301,82301,0,-2,0,0,0,0,69,72,10,0,46,186.39,0,-3,48,-996,-1,0,0,0,0,0,0,0,"keyboard-worker","OK",1783702783765,82284,1614
885,1783702783881,82401,82400,0,-2,0,0,0,0,69,72,10,0,46,186.93,0,-2,47,-998,-1,0,0,0,0,0,0,0,"keyboard-worker","OK",1783702783865,82384,1616
886,1783702783982,82502,82501,0,-2,0,0,0,0,69,72,10,0,46,186.79,0,0,48,-998,-1,0,0,0,0,0,0,0,"keyboard-worker","OK",1783702783965,82485,1618
887,1783702784082,82602,82601,0,-2,0,0,0,0,69,72,10,0,46,186.76,0,-3,46,-997,-1,0,0,0,0,0,0,0,"keyboard-worker","OK",1783702784065,82585,1620
888,1783702784184,82704,82703,0,-2,0,0,0,0,69,72,10,0,46,186.71,0,-5,46,-1001,-1,0,0,0,0,0,0,0,"keyboard-worker","OK",1783702784166,82685,1622
889,1783702784291,82811,82810,0,-2,0,0,0,0,69,72,10,0,46,186.73,0,-3,46,-1001,-1,0,0,0,0,0,0,0,"keyboard-worker","OK",1783702784266,82785,1624
890,1783702784388,82908,82907,0,-2,0,0,0,0,69,72,10,0,46,186.65,0,-1,45,-1000,-1,0,0,0,0,0,0,0,"keyboard-worker","OK",1783702784366,82885,1626
891,1783702784490,83010,83010,0,-2,0,0,0,0,69,72,10,0,46,186.88,0,-3,46,-997,-1,0,0,0,0,0,0,0,"keyboard-worker","OK",1783702784466,82986,1628
892,1783702784593,83113,83113,0,-2,0,0,0,0,69,72,10,0,46,186.61,0,-4,47,-995,-1,0,0,0,0,0,0,0,"keyboard-worker","OK",1783702784566,83086,1630
893,1783702784694,83214,83214,0,-2,0,0,0,0,69,72,10,0,46,186.67,0,-2,47,-997,-1,0,0,0,0,0,0,0,"keyboard-worker","OK",1783702784667,83186,1632
894,1783702784797,83317,83317,0,-2,0,0,0,0,69,72,10,0,46,186.57,0,-1,47,-998,-1,0,0,0,0,0,0,0,"keyboard-worker","OK",1783702784767,83286,1634
895,1783702784899,83419,83418,0,-2,0,0,0,0,69,72,10,0,46,186.68,0,-2,44,-1000,-1,0,0,0,0,0,0,0,"keyboard-worker","OK",1783702784867,83386,1636
896,1783702785000,83520,83520,0,-2,0,0,0,0,69,72,10,0,46,186.79,0,-3,46,-996,-1,0,0,0,0,0,0,0,"keyboard-worker","OK",1783702784967,83487,1638
897,1783702785102,83622,83621,0,-2,0,0,0,0,69,72,10,0,46,186.52,0,-5,46,-996,-1,0,0,0,0,0,0,0,"keyboard-worker","OK",1783702785067,83587,1640
898,1783702785207,83727,83727,0,-2,0,0,0,0,69,72,10,0,46,186.95,0,-2,47,-996,-1,0,0,0,0,0,0,0,"keyboard-worker","OK",1783702785168,83687,1642
899,1783702785306,83826,83825,0,-2,0,0,0,0,69,72,10,0,46,186.53,0,-2,47,-998,-1,0,0,0,0,0,0,0,"keyboard-worker","OK",1783702785268,83787,1644
900,1783702785413,83933,83933,0,-2,0,0,0,0,69,72,10,0,46,186.69,0,-4,46,-1001,-1,0,0,0,0,0,0,0,"keyboard-worker","OK",1783702785368,83887,1646
901,1783702785515,84035,84034,0,-2,0,0,0,0,69,72,10,0,46,186.52,0,-5,46,-1001,-1,0,0,0,0,0,0,0,"keyboard-worker","OK",1783702785468,83988,1648
902,1783702785616,84136,84135,0,-2,0,0,0,0,69,72,10,0,46,186.72,0,-4,46,-998,-1,0,0,0,0,0,0,0,"keyboard-worker","OK",1783702785568,84088,1650
903,1783702785714,84234,84233,0,-2,0,0,0,0,69,72,10,0,46,186.72,0,-3,47,-997,-1,0,0,0,0,0,0,0,"keyboard-worker","OK",1783702785669,84188,1652
904,1783702785767,84287,84286,0,-2,0,0,0,0,69,72,10,0,46,186.79,0,-2,48,-997,-1,0,0,0,0,0,0,0,"keyboard-worker","OK",1783702785719,84238,1653
905,1783702785867,84387,84386,0,-2,0,0,0,0,69,72,10,0,46,186.77,0,-4,48,-1003,-1,0,0,0,0,0,0,0,"keyboard-worker","OK",1783702785819,84338,1655
906,1783702785971,84491,84490,0,-2,0,0,0,0,69,72,10,0,46,186.58,0,-4,48,-999,-1,0,0,0,0,0,0,0,"keyboard-worker","OK",1783702785969,84489,1658
907,1783702786076,84596,84596,0,-2,0,0,0,0,69,72,10,0,46,186.81,0,-2,46,-998,-1,0,0,0,0,0,0,0,"keyboard-worker","OK",1783702786069,84589,1660
908,1783702786174,84694,84694,0,-2,0,0,0,0,70,71,10,0,46,186.8,0,0,45,-998,-1,0,0,0,0,0,0,0,"keyboard-worker","OK",1783702786170,84689,1662
909,1783702786278,84798,84797,0,-2,0,0,0,0,70,71,10,0,46,186.76,0,-2,46,-1000,-1,0,0,0,0,0,0,0,"keyboard-worker","OK",1783702786270,84789,1664
910,1783702786382,84902,84901,0,-2,0,0,0,0,70,71,10,0,46,186.88,0,-4,47,-998,-1,0,0,0,0,0,0,0,"keyboard-worker","OK",1783702786370,84890,1666
911,1783702786483,85003,85002,0,-2,0,0,0,0,70,71,10,0,46,186.56,0,-4,45,-997,-1,0,0,0,0,0,0,0,"keyboard-worker","OK",1783702786470,84990,1668
912,1783702786581,85101,85101,0,-2,0,0,0,0,70,71,10,0,46,186.92,0,-2,48,-995,-1,0,0,0,0,0,0,0,"keyboard-worker","OK",1783702786571,85090,1670
913,1783702786684,85204,85203,0,-2,0,0,0,0,70,71,10,0,46,186.47,0,-1,46,-998,-1,0,0,0,0,0,0,0,"keyboard-worker","OK",1783702786671,85190,1672
914,1783702786785,85305,85304,0,-2,0,0,0,0,70,71,10,0,46,186.27,0,-2,46,-1001,-1,0,0,0,0,0,0,0,"keyboard-worker","OK",1783702786771,85291,1674
915,1783702786887,85407,85406,0,-2,0,0,0,0,70,71,10,0,46,186.68,0,-2,47,-998,-1,0,0,0,0,0,0,0,"keyboard-worker","OK",1783702786871,85391,1676
916,1783702786989,85509,85508,0,-2,0,0,0,0,70,71,10,0,46,186.34,0,-3,46,-998,-1,0,0,0,0,0,0,0,"keyboard-worker","OK",1783702786972,85491,1678
917,1783702787091,85611,85610,0,-2,0,0,0,0,70,71,10,0,46,186.63,0,-2,47,-999,-1,0,0,0,0,0,0,0,"keyboard-worker","OK",1783702787072,85591,1680
918,1783702787193,85713,85712,0,-2,0,0,0,0,69,71,10,0,46,186.5,0,-1,47,-997,-1,0,0,0,0,0,0,0,"keyboard-worker","OK",1783702787172,85691,1682
919,1783702787295,85815,85814,0,-2,0,0,0,0,69,71,10,0,46,186.78,0,-1,47,-996,-1,0,0,0,0,0,0,0,"keyboard-worker","OK",1783702787272,85792,1684
920,1783702787397,85917,85916,0,-2,0,0,0,0,69,71,10,0,46,186.51,0,-3,47,-996,-1,0,0,0,0,0,0,0,"keyboard-worker","OK",1783702787372,85892,1686
921,1783702787499,86019,86018,0,-2,0,0,0,0,69,71,10,0,46,186.78,0,-3,47,-998,-1,0,0,0,0,0,0,0,"keyboard-worker","OK",1783702787473,85992,1688
922,1783702787601,86121,86120,0,-2,0,0,0,0,69,71,10,0,46,186.77,0,-1,48,-1000,-1,0,0,0,0,0,0,0,"keyboard-worker","OK",1783702787573,86092,1690
923,1783702787703,86223,86222,0,-2,0,0,0,0,69,71,10,0,46,186.8,0,-1,47,-1000,-1,0,0,0,0,0,0,0,"keyboard-worker","OK",1783702787673,86193,1692
924,1783702787805,86325,86324,0,-2,0,0,0,0,69,71,10,0,46,186.83,0,-3,46,-1000,-1,0,0,0,0,0,0,0,"keyboard-worker","OK",1783702787773,86293,1694
925,1783702787908,86428,86428,0,-2,0,0,0,0,69,71,10,0,46,186.93,0,-3,46,-993,-1,0,0,0,0,0,0,0,"keyboard-worker","OK",1783702787874,86393,1696
926,1783702788015,86535,86534,0,-2,0,0,0,0,69,71,10,0,46,186.66,0,-4,46,-996,-1,0,0,0,0,0,0,0,"keyboard-worker","OK",1783702787974,86493,1698
927,1783702788113,86633,86633,0,-2,0,0,0,0,69,71,10,0,46,186.84,0,-3,47,-999,-1,0,0,0,0,0,0,0,"keyboard-worker","OK",1783702788074,86593,1700
928,1783702788219,86739,86738,0,-2,0,0,0,0,70,71,10,0,46,186.63,0,-3,46,-1001,-1,0,0,0,0,0,0,0,"keyboard-worker","OK",1783702788174,86694,1702
929,1783702788318,86838,86837,0,-2,0,0,0,0,70,71,10,0,46,186.89,0,0,46,-1001,-1,0,0,0,0,0,0,0,"keyboard-worker","OK",1783702788274,86794,1704
930,1783702788419,86939,86938,0,-2,0,0,0,0,70,71,10,0,46,187.13,0,-3,46,-995,-1,0,0,0,0,0,0,0,"keyboard-worker","OK",1783702788375,86894,1706
931,1783702788521,87041,87040,0,-2,0,0,0,0,70,71,10,0,46,186.87,0,-3,47,-995,-1,0,0,0,0,0,0,0,"keyboard-worker","OK",1783702788475,86994,1708
932,1783702788623,87143,87142,0,-2,0,0,0,0,70,71,10,0,46,186.67,0,-3,46,-998,-1,0,0,0,0,0,0,0,"keyboard-worker","OK",1783702788575,87095,1710
933,1783702788684,87204,87204,0,-2,0,0,0,0,70,71,10,0,46,186.87,0,-1,47,-999,-1,0,0,0,0,0,0,0,"keyboard-worker","OK",1783702788675,87195,1712
934,1783702788780,87300,87300,0,-2,0,0,0,0,70,71,10,0,46,187.03,0,-2,47,-998,-1,0,0,0,0,0,0,0,"keyboard-worker","OK",1783702788776,87295,1714
935,1783702788887,87407,87407,0,-2,0,0,0,0,70,71,10,0,46,186.7,0,-3,47,-995,-1,0,0,0,0,0,0,0,"keyboard-worker","OK",1783702788876,87395,1716
936,1783702788980,87500,87499,0,-2,0,0,0,0,70,71,10,0,46,187.02,0,-2,46,-996,-1,0,0,0,0,0,0,0,"keyboard-worker","OK",1783702788976,87495,1718
937,1783702789082,87602,87601,0,-2,0,0,0,0,70,71,10,0,46,186.63,0,-1,48,-999,-1,0,0,0,0,0,0,0,"keyboard-worker","OK",1783702789077,87596,1720
938,1783702789189,87709,87708,0,-2,0,0,0,0,70,71,10,0,46,186.84,0,-3,49,-999,-1,0,0,0,0,0,0,0,"keyboard-worker","OK",1783702789177,87696,1722
939,1783702789287,87807,87806,0,-2,0,0,0,0,70,71,10,0,46,186.88,0,-2,47,-998,-1,0,0,0,0,0,0,0,"keyboard-worker","OK",1783702789277,87796,1724
940,1783702789389,87909,87908,0,-2,0,0,0,0,70,71,10,0,46,186.42,0,-2,47,-1000,-1,0,0,0,0,0,0,0,"keyboard-worker","OK",1783702789377,87897,1726
941,1783702789491,88011,88010,0,-2,0,0,0,0,70,71,10,0,46,186.83,0,-2,45,-998,-1,0,0,0,0,0,0,0,"keyboard-worker","OK",1783702789478,87997,1728
942,1783702789593,88113,88112,0,-2,0,0,0,0,70,71,10,0,46,186.6,0,0,46,-998,-1,0,0,0,0,0,0,0,"keyboard-worker","OK",1783702789578,88097,1730
943,1783702789695,88215,88214,0,-2,0,0,0,0,70,71,10,0,46,186.85,0,-3,46,-1001,-1,0,0,0,0,0,0,0,"keyboard-worker","OK",1783702789678,88197,1732
944,1783702789797,88317,88316,0,-2,0,0,0,0,70,71,10,0,46,186.68,0,-3,48,-998,-1,0,0,0,0,0,0,0,"keyboard-worker","OK",1783702789778,88298,1734
945,1783702789899,88419,88418,0,-2,0,0,0,0,70,71,10,0,46,186.57,0,-2,46,-998,-1,0,0,0,0,0,0,0,"keyboard-worker","OK",1783702789879,88398,1736
946,1783702790001,88521,88520,0,-2,0,0,0,0,70,71,10,0,46,186.98,0,-2,46,-1000,-1,0,0,0,0,0,0,0,"keyboard-worker","OK",1783702789979,88498,1738
947,1783702790103,88623,88622,0,-2,0,0,0,0,70,71,10,0,46,186.93,0,-2,48,-998,-1,0,0,0,0,0,0,0,"keyboard-worker","OK",1783702790079,88598,1740
948,1783702790206,88726,88725,0,-2,0,0,0,0,69,72,10,0,46,186.96,0,-3,48,-999,-1,0,0,0,0,0,0,0,"keyboard-worker","OK",1783702790180,88699,1742
949,1783702790307,88827,88826,0,-2,0,0,0,0,69,72,10,0,46,186.64,0,-3,48,-996,-1,0,0,0,0,0,0,0,"keyboard-worker","OK",1783702790280,88799,1744
950,1783702790414,88934,88933,0,-2,0,0,0,0,69,72,10,0,46,186.63,0,-4,46,-997,-1,0,0,0,0,0,0,0,"keyboard-worker","OK",1783702790380,88900,1746
951,1783702790514,89034,89033,0,-2,0,0,0,0,69,72,10,0,46,186.47,0,0,46,-1000,-1,0,0,0,0,0,0,0,"keyboard-worker","OK",1783702790481,89000,1748
952,1783702790618,89138,89138,0,-2,0,0,0,0,69,72,10,0,46,186.18,0,-2,46,-999,-1,0,0,0,0,0,0,0,"keyboard-worker","OK",1783702790581,89100,1750
953,1783702790717,89237,89236,0,-2,0,0,0,0,69,72,10,0,45,186.45,0,-2,44,-998,-1,0,0,0,0,0,0,0,"keyboard-worker","OK",1783702790681,89200,1752
954,1783702790818,89338,89337,0,-2,0,0,0,0,69,72,10,0,45,187.02,0,-3,45,-998,-1,0,0,0,0,0,0,0,"keyboard-worker","OK",1783702790781,89301,1754
955,1783702790920,89440,89439,0,-2,0,0,0,0,69,72,10,0,45,186.71,0,-2,46,-999,-1,0,0,0,0,0,0,0,"keyboard-worker","OK",1783702790882,89401,1756
956,1783702791023,89543,89542,0,-2,0,0,0,0,69,72,10,0,45,187.04,0,0,46,-1001,-1,0,0,0,0,0,0,0,"keyboard-worker","OK",1783702790982,89501,1758
957,1783702791124,89644,89643,0,-2,0,0,0,0,69,72,10,0,45,186.91,0,-2,47,-1001,-1,0,0,0,0,0,0,0,"keyboard-worker","OK",1783702791082,89601,1760
958,1783702791226,89746,89745,0,-2,0,0,0,0,69,71,10,0,45,186.69,0,-1,46,-999,-1,0,0,0,0,0,0,0,"keyboard-worker","OK",1783702791182,89702,1762
959,1783702791329,89849,89848,0,-2,0,0,0,0,69,71,10,0,45,186.66,0,-3,46,-997,-1,0,0,0,0,0,0,0,"keyboard-worker","OK",1783702791283,89802,1764
960,1783702791430,89950,89950,0,-2,0,0,0,0,69,71,10,0,45,187.27,0,-3,46,-996,-1,0,0,0,0,0,0,0,"keyboard-worker","OK",1783702791383,89902,1766
961,1783702791533,90053,90052,0,-2,0,0,0,0,69,71,10,0,45,186.65,0,-2,47,-997,-1,0,0,0,0,0,0,0,"keyboard-worker","OK",1783702791533,90053,1769
962,1783702791634,90154,90153,0,-2,0,0,0,0,69,71,10,0,45,186.77,0,-2,46,-1001,-1,0,0,0,0,0,0,0,"keyboard-worker","OK",1783702791634,90153,1771
963,1783702791736,90256,90255,0,-2,0,0,0,0,69,71,10,0,45,186.56,0,-1,47,-1001,-1,0,0,0,0,0,0,0,"keyboard-worker","OK",1783702791734,90253,1773
964,1783702791837,90357,90356,0,-2,0,0,0,0,69,71,10,0,45,186.52,0,-1,46,-998,-1,0,0,0,0,0,0,0,"keyboard-worker","OK",1783702791834,90354,1775
965,1783702791940,90460,90460,0,-2,0,0,0,0,69,71,10,0,45,187,0,-3,47,-997,-1,0,0,0,0,0,0,0,"keyboard-worker","OK",1783702791934,90454,1777
966,1783702791994,90514,90513,0,-2,0,0,0,0,69,71,10,0,45,186.66,0,-2,46,-1000,-1,0,0,0,0,0,0,0,"keyboard-worker","OK",1783702791985,90504,1778
967,1783702792094,90614,90613,0,-2,0,0,0,0,69,71,10,0,45,186.89,0,-2,46,-999,-1,0,0,0,0,0,0,0,"keyboard-worker","OK",1783702792085,90604,1780
968,1783702792196,90716,90715,0,-2,0,0,0,0,68,72,10,0,45,186.83,0,-3,46,-999,-1,0,0,0,0,0,0,0,"keyboard-worker","OK",1783702792185,90705,1782
969,1783702792298,90818,90817,0,-2,0,0,0,0,68,72,10,0,45,186.86,0,-1,45,-995,-1,0,0,0,0,0,0,0,"keyboard-worker","OK",1783702792285,90805,1784
970,1783702792400,90920,90919,0,-2,0,0,0,0,68,72,10,0,45,186.73,0,-2,45,-995,-1,0,0,0,0,0,0,0,"keyboard-worker","OK",1783702792386,90905,1786
971,1783702792502,91022,91021,0,-2,0,0,0,0,68,72,10,0,45,186.91,0,-3,46,-1000,-1,0,0,0,0,0,0,0,"keyboard-worker","OK",1783702792486,91006,1788
972,1783702792604,91124,91124,0,-2,0,0,0,0,68,72,10,0,45,186.91,0,-2,47,-1000,-1,0,0,0,0,0,0,0,"keyboard-worker","OK",1783702792586,91106,1790
973,1783702792708,91228,91227,0,-2,0,0,0,0,68,72,10,0,45,186.69,0,-1,45,-997,-1,0,0,0,0,0,0,0,"keyboard-worker","OK",1783702792687,91206,1792
974,1783702792814,91334,91333,0,-2,0,0,0,0,68,72,10,0,45,186.76,0,-2,46,-996,-1,0,0,0,0,0,0,0,"keyboard-worker","OK",1783702792787,91306,1794
975,1783702792914,91434,91433,0,-2,0,0,0,0,68,72,10,0,45,186.83,0,-3,46,-998,-1,0,0,0,0,0,0,0,"keyboard-worker","OK",1783702792887,91407,1796
976,1783702793012,91532,91532,0,-2,0,0,0,0,68,72,10,0,45,187.01,0,-1,46,-999,-1,0,0,0,0,0,0,0,"keyboard-worker","OK",1783702792987,91507,1798
977,1783702793114,91634,91633,0,-2,0,0,0,0,68,72,10,0,45,186.71,0,-1,47,-1000,-1,0,0,0,0,0,0,0,"keyboard-worker","OK",1783702793088,91607,1800
978,1783702793216,91736,91735,0,-2,0,0,0,0,69,72,10,0,45,186.74,0,-3,48,-997,-1,0,0,0,0,0,0,0,"keyboard-worker","OK",1783702793188,91707,1802
979,1783702793318,91838,91837,0,-2,0,0,0,0,69,72,10,0,45,186.87,0,-3,47,-1000,-1,0,0,0,0,0,0,0,"keyboard-worker","OK",1783702793288,91808,1804
980,1783702793420,91940,91939,0,-2,0,0,0,0,69,72,10,0,45,187.19,0,-2,48,-1000,-1,0,0,0,0,0,0,0,"keyboard-worker","OK",1783702793388,91908,1806
981,1783702793522,92042,92041,0,-2,0,0,0,0,69,72,10,0,45,186.83,0,-3,47,-998,-1,0,0,0,0,0,0,0,"keyboard-worker","OK",1783702793489,92008,1808
982,1783702793623,92143,92143,0,-2,0,0,0,0,69,72,10,0,45,186.89,0,-3,45,-998,-1,0,0,0,0,0,0,0,"keyboard-worker","OK",1783702793589,92108,1810
983,1783702793726,92246,92245,0,-2,0,0,0,0,69,72,10,0,45,186.63,0,-1,48,-996,-1,0,0,0,0,0,0,0,"keyboard-worker","OK",1783702793689,92208,1812
984,1783702793828,92348,92347,0,-2,0,0,0,0,69,72,10,0,45,186.75,0,0,47,-996,-1,0,0,0,0,0,0,0,"keyboard-worker","OK",1783702793789,92309,1814
985,1783702793930,92450,92449,0,-2,0,0,0,0,69,72,10,0,45,186.87,0,-1,47,-997,-1,0,0,0,0,0,0,0,"keyboard-worker","OK",1783702793889,92409,1816
986,1783702794032,92552,92551,0,-2,0,0,0,0,69,72,10,0,45,186.96,0,-3,47,-1000,-1,0,0,0,0,0,0,0,"keyboard-worker","OK",1783702793990,92509,1818
987,1783702794133,92653,92653,0,-2,0,0,0,0,69,72,10,0,45,187.25,0,-3,45,-1000,-1,0,0,0,0,0,0,0,"keyboard-worker","OK",1783702794090,92609,1820
988,1783702794236,92756,92755,0,-2,0,0,0,0,69,72,10,0,45,186.85,0,-2,46,-999,-1,0,0,0,0,0,0,0,"keyboard-worker","OK",1783702794190,92710,1822
989,1783702794340,92860,92860,0,-2,0,0,0,0,69,72,10,0,45,186.72,0,-1,46,-997,-1,0,0,0,0,0,0,0,"keyboard-worker","OK",1783702794290,92810,1824
990,1783702794443,92963,92962,0,-2,0,0,0,0,69,72,10,0,45,186.86,0,-2,46,-997,-1,0,0,0,0,0,0,0,"keyboard-worker","OK",1783702794441,92960,1827
991,1783702794547,93067,93066,0,-2,0,0,0,0,69,72,10,0,45,186.75,0,-3,46,-998,-1,0,0,0,0,0,0,0,"keyboard-worker","OK",1783702794541,93061,1829
992,1783702794648,93168,93167,0,-2,0,0,0,0,69,72,10,0,45,186.96,0,-2,46,-999,-1,0,0,0,0,0,0,0,"keyboard-worker","OK",1783702794641,93161,1831
993,1783702794747,93267,93267,0,-2,0,0,0,0,69,72,10,0,45,186.81,0,-2,45,-996,-1,0,0,0,0,0,0,0,"keyboard-worker","OK",1783702794742,93261,1833
994,1783702794848,93368,93368,0,-2,0,0,0,0,69,72,10,0,45,186.6,0,-1,48,-998,-1,0,0,0,0,0,0,0,"keyboard-worker","OK",1783702794842,93361,1835
995,1783702794950,93470,93470,0,-2,0,0,0,0,69,72,10,0,45,186.58,0,-1,48,-998,-1,0,0,0,0,0,0,0,"keyboard-worker","OK",1783702794942,93461,1837
996,1783702795053,93573,93572,0,-2,0,0,0,0,69,72,10,0,45,186.97,0,-3,46,-997,-1,0,0,0,0,0,0,0,"keyboard-worker","OK",1783702795042,93562,1839
997,1783702795154,93674,93674,0,-2,0,0,0,0,69,72,10,0,45,186.84,0,-2,46,-998,-1,0,0,0,0,0,0,0,"keyboard-worker","OK",1783702795143,93662,1841
998,1783702795257,93777,93776,0,-2,0,0,0,0,69,71,10,0,45,186.99,0,-1,45,-1000,-1,0,0,0,0,0,0,0,"keyboard-worker","OK",1783702795243,93762,1843
999,1783702795359,93879,93878,0,-2,0,0,0,0,69,71,10,0,45,186.66,0,-2,46,-1000,-1,0,0,0,0,0,0,0,"keyboard-worker","OK",1783702795343,93862,1845
1000,1783702795460,93980,93980,0,-2,0,0,0,0,69,71,10,0,45,186.65,0,-2,44,-997,-1,0,0,0,0,0,0,0,"keyboard-worker","OK",1783702795443,93963,1847
1001,1783702795514,94034,94033,0,-2,0,0,0,0,69,71,10,0,45,186.6,0,0,45,-997,-1,0,0,0,0,0,0,0,"keyboard-worker","OK",1783702795493,94013,1848
1002,1783702795617,94137,94136,0,-2,0,0,0,0,69,71,10,0,45,186.37,0,-1,46,-1000,-1,0,0,0,0,0,0,0,"keyboard-worker","OK",1783702795594,94113,1850
1003,1783702795716,94236,94235,0,-2,0,0,0,0,69,71,10,0,45,186.87,0,-3,46,-1000,-1,0,0,0,0,0,0,0,"keyboard-worker","OK",1783702795694,94213,1852
1004,1783702795817,94337,94337,0,-2,0,0,0,0,69,71,10,0,45,186.82,0,-2,46,-1001,-1,0,0,0,0,0,0,0,"keyboard-worker","OK",1783702795794,94314,1854
1005,1783702795919,94439,94439,0,-2,0,0,0,0,69,71,10,0,45,186.73,0,-1,46,-998,-1,0,0,0,0,0,0,0,"keyboard-worker","OK",1783702795894,94414,1856
1006,1783702796021,94541,94541,0,-2,0,0,0,0,69,71,10,0,45,186.71,0,-1,45,-996,-1,0,0,0,0,0,0,0,"keyboard-worker","OK",1783702795995,94514,1858
1007,1783702796123,94643,94643,0,-2,0,0,0,0,69,71,10,0,45,186.79,0,-2,44,-999,-1,0,0,0,0,0,0,0,"keyboard-worker","OK",1783702796095,94614,1860
1008,1783702796225,94745,94745,0,-2,0,0,0,0,69,72,10,0,45,186.72,0,-3,47,-998,-1,0,0,0,0,0,0,0,"keyboard-worker","OK",1783702796195,94715,1862
1009,1783702796327,94847,94847,0,-2,0,0,0,0,69,72,10,0,45,186.86,0,-3,47,-1000,-1,0,0,0,0,0,0,0,"keyboard-worker","OK",1783702796295,94815,1864
1010,1783702796430,94950,94949,0,-2,0,0,0,0,69,72,10,0,45,186.84,0,-3,45,-999,-1,0,0,0,0,0,0,0,"keyboard-worker","OK",1783702796396,94915,1866
1011,1783702796531,95051,95051,0,-2,0,0,0,0,69,72,10,0,45,186.86,0,-1,45,-996,-1,0,0,0,0,0,0,0,"keyboard-worker","OK",1783702796496,95015,1868
1012,1783702796633,95153,95153,0,-2,0,0,0,0,69,72,10,0,45,186.64,0,-2,44,-999,-1,0,0,0,0,0,0,0,"keyboard-worker","OK",1783702796596,95116,1870
1013,1783702796735,95255,95255,0,-2,0,0,0,0,69,72,10,0,45,186.82,0,-2,46,-1000,-1,0,0,0,0,0,0,0,"keyboard-worker","OK",1783702796696,95216,1872
1014,1783702796837,95357,95357,0,-2,0,0,0,0,69,72,10,0,45,186.87,0,-3,47,-997,-1,0,0,0,0,0,0,0,"keyboard-worker","OK",1783702796797,95316,1874
1015,1783702796940,95460,95459,0,-2,0,0,0,0,69,72,10,0,45,186.83,0,-4,46,-999,-1,0,0,0,0,0,0,0,"keyboard-worker","OK",1783702796897,95416,1876
1016,1783702797042,95562,95562,0,-2,0,0,0,0,69,72,10,0,45,186.66,0,0,45,-1000,-1,0,0,0,0,0,0,0,"keyboard-worker","OK",1783702796997,95517,1878
1017,1783702797151,95671,95670,0,-2,0,0,0,0,69,72,10,0,45,186.86,0,-1,45,-997,-1,0,0,0,0,0,0,0,"keyboard-worker","OK",1783702797147,95667,1881
1018,1783702797250,95770,95770,0,-2,0,0,0,0,68,71,10,0,45,187.17,0,0,45,-998,-1,0,0,0,0,0,0,0,"keyboard-worker","OK",1783702797248,95767,1883
1019,1783702797353,95873,95873,0,-2,0,0,0,0,68,71,10,0,45,186.94,0,-2,44,-998,-1,0,0,0,0,0,0,0,"keyboard-worker","OK",1783702797348,95867,1885
1020,1783702797451,95971,95970,0,-2,0,0,0,0,68,71,10,0,45,186.83,0,-3,46,-997,-1,0,0,0,0,0,0,0,"keyboard-worker","OK",1783702797448,95968,1887
1021,1783702797551,96071,96071,0,-2,0,0,0,0,68,71,10,0,45,186.87,0,0,44,-1000,-1,0,0,0,0,0,0,0,"keyboard-worker","OK",1783702797548,96068,1889
1022,1783702797655,96175,96174,0,-2,0,0,0,0,68,71,10,0,45,186.72,0,-1,45,-998,-1,0,0,0,0,0,0,0,"keyboard-worker","OK",1783702797649,96168,1891
1023,1783702797756,96276,96276,0,-2,0,0,0,0,68,71,10,0,45,187.26,0,-2,46,-995,-1,0,0,0,0,0,0,0,"keyboard-worker","OK",1783702797749,96268,1893
1024,1783702797858,96378,96378,0,-2,0,0,0,0,68,71,10,0,45,186.8,0,-1,45,-996,-1,0,0,0,0,0,0,0,"keyboard-worker","OK",1783702797849,96369,1895
1025,1783702797960,96480,96480,0,-2,0,0,0,0,68,71,10,0,45,186.65,0,-2,46,-1000,-1,0,0,0,0,0,0,0,"keyboard-worker","OK",1783702797949,96469,1897
1026,1783702798062,96582,96582,0,-2,0,0,0,0,68,71,10,0,45,186.59,0,-1,46,-1002,-1,0,0,0,0,0,0,0,"keyboard-worker","OK",1783702798049,96569,1899
1027,1783702798164,96684,96684,0,-2,0,0,0,0,68,71,10,0,45,186.9,0,-2,46,-998,-1,0,0,0,0,0,0,0,"keyboard-worker","OK",1783702798150,96669,1901
1028,1783702798266,96786,96786,0,-2,0,0,0,0,69,71,10,0,45,186.72,0,1,46,-998,-1,0,0,0,0,0,0,0,"keyboard-worker","OK",1783702798250,96769,1903
1029,1783702798368,96888,96888,0,-2,0,0,0,0,69,71,10,0,45,186.98,0,-3,47,-996,-1,0,0,0,0,0,0,0,"keyboard-worker","OK",1783702798350,96870,1905
1030,1783702798475,96995,96995,0,-2,0,0,0,0,69,71,10,0,45,186.76,0,-4,46,-998,-1,0,0,0,0,0,0,0,"keyboard-worker","OK",1783702798450,96970,1907
1031,1783702798576,97096,97095,0,-2,0,0,0,0,69,71,10,0,45,186.7,0,-3,46,-999,-1,0,0,0,0,0,0,0,"keyboard-worker","OK",1783702798551,97070,1909
1032,1783702798682,97202,97201,0,-2,0,0,0,0,69,71,10,0,45,186.42,0,-4,46,-1001,-1,0,0,0,0,0,0,0,"keyboard-worker","OK",1783702798651,97170,1911
1033,1783702798783,97303,97302,0,-2,0,0,0,0,69,71,10,0,45,186.79,0,-2,45,-995,-1,0,0,0,0,0,0,0,"keyboard-worker","OK",1783702798751,97270,1913
1034,1783702798827,97347,97347,0,-2,0,0,0,0,69,71,10,0,45,186.57,0,-3,45,-997,-1,0,0,0,0,0,0,0,"keyboard-worker","OK",1783702798801,97321,1914
1035,1783702798929,97449,97449,0,-2,0,0,0,0,69,71,10,0,45,186.75,0,-2,45,-1000,-1,0,0,0,0,0,0,0,"keyboard-worker","OK",1783702798901,97421,1916
1036,1783702799032,97552,97551,0,-2,0,0,0,0,69,71,10,0,45,186.69,0,-1,46,-999,-1,0,0,0,0,0,0,0,"keyboard-worker","OK",1783702799002,97521,1918
1037,1783702799133,97653,97653,0,-2,0,0,0,0,69,71,10,0,45,186.8,0,-4,46,-1000,-1,0,0,0,0,0,0,0,"keyboard-worker","OK",1783702799102,97621,1920
1038,1783702799235,97755,97755,0,-2,0,0,0,0,70,71,10,0,45,186.77,0,-2,46,-999,-1,0,0,0,0,0,0,0,"keyboard-worker","OK",1783702799202,97721,1922
1039,1783702799338,97858,97857,0,-2,0,0,0,0,70,71,10,0,45,186.7,0,-3,45,-996,-1,0,0,0,0,0,0,0,"keyboard-worker","OK",1783702799302,97822,1924
1040,1783702799439,97959,97959,0,-2,0,0,0,0,70,71,10,0,45,186.67,0,-2,46,-1000,-1,0,0,0,0,0,0,0,"keyboard-worker","OK",1783702799402,97922,1926
1041,1783702799545,98065,98064,0,-2,0,0,0,0,70,71,10,0,45,186.55,0,-2,46,-998,-1,0,0,0,0,0,0,0,"keyboard-worker","OK",1783702799503,98022,1928
1042,1783702799651,98171,98170,0,-2,0,0,0,0,70,71,10,0,45,186.58,0,-4,48,-1000,-1,0,0,0,0,0,0,0,"keyboard-worker","OK",1783702799603,98122,1930
1043,1783702799746,98266,98266,0,-2,0,0,0,0,70,71,10,0,45,186.69,0,-4,46,-1001,-1,0,0,0,0,0,0,0,"keyboard-worker","OK",1783702799703,98223,1932
1044,1783702799848,98368,98367,0,-2,0,0,0,0,70,71,10,0,45,186.43,0,-3,46,-997,-1,0,0,0,0,0,0,0,"keyboard-worker","OK",1783702799803,98323,1934
1045,1783702799950,98470,98470,0,-2,0,0,0,0,70,71,10,0,45,186.71,0,-1,44,-1000,-1,0,0,0,0,0,0,0,"keyboard-worker","OK",1783702799904,98423,1936
1046,1783702800052,98572,98572,0,-2,0,0,0,0,70,71,10,0,45,186.7,0,-2,46,-997,-1,0,0,0,0,0,0,0,"keyboard-worker","OK",1783702800004,98523,1938
1047,1783702800154,98674,98674,0,-2,0,0,0,0,70,71,10,0,45,186.69,0,-2,46,-998,-1,0,0,0,0,0,0,0,"keyboard-worker","OK",1783702800154,98674,1941
1048,1783702800256,98776,98776,0,-2,0,0,0,0,69,72,10,0,45,186.6,0,-2,47,-999,-1,0,0,0,0,0,0,0,"keyboard-worker","OK",1783702800254,98774,1943
1049,1783702800358,98878,98878,0,-2,0,0,0,0,69,72,10,0,45,186.6,0,-3,46,-1000,-1,0,0,0,0,0,0,0,"keyboard-worker","OK",1783702800355,98874,1945
1050,1783702800460,98980,98980,0,-2,0,0,0,0,69,72,10,0,45,186.88,0,-2,46,-1001,-1,0,0,0,0,0,0,0,"keyboard-worker","OK",1783702800455,98974,1947
1051,1783702800562,99082,99082,0,-2,0,0,0,0,69,72,10,0,45,186.76,0,-3,46,-1001,-1,0,0,0,0,0,0,0,"keyboard-worker","OK",1783702800555,99074,1949
1052,1783702800664,99184,99184,0,-2,0,0,0,0,69,72,10,0,45,186.43,0,-2,47,-999,-1,0,0,0,0,0,0,0,"keyboard-worker","OK",1783702800655,99175,1951
1053,1783702800766,99286,99286,0,-2,0,0,0,0,69,72,10,0,45,186.69,0,-3,45,-996,-1,0,0,0,0,0,0,0,"keyboard-worker","OK",1783702800755,99275,1953
1054,1783702800868,99388,99388,0,-2,0,0,0,0,69,72,10,0,45,186.51,0,-1,46,-998,-1,0,0,0,0,0,0,0,"keyboard-worker","OK",1783702800856,99375,1955
1055,1783702800972,99492,99491,0,-2,0,0,0,0,69,72,10,0,45,186.56,0,-2,47,-1000,-1,0,0,0,0,0,0,0,"keyboard-worker","OK",1783702800956,99475,1957
1056,1783702801074,99594,99594,0,-2,0,0,0,0,69,72,10,0,45,186.42,0,-2,45,-997,-1,0,0,0,0,0,0,0,"keyboard-worker","OK",1783702801056,99575,1959
1057,1783702801176,99696,99695,0,-2,0,0,0,0,69,72,10,0,45,186.62,0,-1,46,-997,-1,0,0,0,0,0,0,0,"keyboard-worker","OK",1783702801156,99676,1961
1058,1783702801275,99795,99795,0,-2,0,0,0,0,70,72,10,0,45,186.48,0,-1,45,-997,-1,0,0,0,0,0,0,0,"keyboard-worker","OK",1783702801256,99776,1963
1059,1783702801384,99904,99903,0,-2,0,0,0,0,70,72,10,0,45,186.78,0,-3,47,-996,-1,0,0,0,0,0,0,0,"keyboard-worker","OK",1783702801357,99876,1965
1060,1783702801486,100006,100005,0,-2,0,0,0,0,70,72,10,0,45,186.76,0,-2,45,-1000,-1,0,0,0,0,0,0,0,"keyboard-worker","OK",1783702801457,99976,1967
1061,1783702801583,100103,100102,0,-2,0,0,0,0,70,72,10,0,45,186.65,0,-2,47,-997,-1,0,0,0,0,0,0,0,"keyboard-worker","OK",1783702801557,100077,1969
1062,1783702801684,100204,100204,0,-2,0,0,0,0,70,72,10,0,45,186.52,0,-3,48,-997,-1,0,0,0,0,0,0,0,"keyboard-worker","OK",1783702801657,100177,1971
1063,1783702801786,100306,100306,0,-2,0,0,0,0,70,72,10,0,45,186.51,0,-2,46,-999,-1,0,0,0,0,0,0,0,"keyboard-worker","OK",1783702801757,100277,1973
1064,1783702801888,100408,100408,0,-2,0,0,0,0,70,72,10,0,45,186.47,0,-2,47,-999,-1,0,0,0,0,0,0,0,"keyboard-worker","OK",1783702801858,100377,1975
1065,1783702801996,100516,100515,0,-2,0,0,0,0,70,72,10,0,45,186.9,0,-3,46,-1002,-1,0,0,0,0,0,0,0,"keyboard-worker","OK",1783702801958,100477,1977
1066,1783702802041,100561,100561,0,-2,0,0,0,0,70,72,10,0,45,186.46,0,-4,46,-997,-1,0,0,0,0,0,0,0,"keyboard-worker","OK",1783702802008,100527,1978
1067,1783702802148,100668,100667,0,-2,0,0,0,0,70,72,10,0,45,186.61,0,-2,47,-1000,-1,0,0,0,0,0,0,0,"keyboard-worker","OK",1783702802108,100628,1980
1068,1783702802250,100770,100769,0,-2,0,0,0,0,69,72,10,0,45,186.37,0,-4,46,-997,-1,0,0,0,0,0,0,0,"keyboard-worker","OK",1783702802208,100728,1982
1069,1783702802348,100868,100868,0,-2,0,0,0,0,69,72,10,0,45,186.49,0,-3,46,-1000,-1,0,0,0,0,0,0,0,"keyboard-worker","OK",1783702802309,100828,1984
1070,1783702802450,100970,100970,0,-2,0,0,0,0,69,72,10,0,45,186.82,0,0,46,-1001,-1,0,0,0,0,0,0,0,"keyboard-worker","OK",1783702802409,100928,1986
1071,1783702802552,101072,101072,0,-2,0,0,0,0,69,72,10,0,45,186.75,0,-1,46,-1000,-1,0,0,0,0,0,0,0,"keyboard-worker","OK",1783702802509,101028,1988
1072,1783702802654,101174,101174,0,-2,0,0,0,0,69,72,10,0,45,186.44,0,-2,46,-995,-1,0,0,0,0,0,0,0,"keyboard-worker","OK",1783702802609,101129,1990
1073,1783702802756,101276,101276,0,-2,0,0,0,0,69,72,10,0,45,186.52,0,-5,46,-998,-1,0,0,0,0,0,0,0,"keyboard-worker","OK",1783702802709,101229,1992
1074,1783702802858,101378,101378,0,-2,0,0,0,0,69,72,10,0,45,186.61,0,-2,46,-997,-1,0,0,0,0,0,0,0,"keyboard-worker","OK",1783702802810,101329,1994
1075,1783702802961,101481,101481,0,-2,0,0,0,0,69,72,10,0,45,186.51,0,-2,48,-999,-1,0,0,0,0,0,0,0,"keyboard-worker","OK",1783702802960,101479,1997
1076,1783702803062,101582,101582,0,-2,0,0,0,0,69,72,10,0,45,186.34,0,-3,46,-1000,-1,0,0,0,0,0,0,0,"keyboard-worker","OK",1783702803060,101580,1999
1077,1783702803164,101684,101684,0,-2,0,0,0,0,69,72,10,0,45,186.42,0,-2,46,-998,-1,0,0,0,0,0,0,0,"keyboard-worker","OK",1783702803160,101680,2001
1078,1783702803266,101786,101786,0,-2,0,0,0,0,69,72,10,0,45,186.86,0,-2,45,-996,-1,0,0,0,0,0,0,0,"keyboard-worker","OK",1783702803260,101780,2003
1079,1783702803372,101892,101892,0,-2,0,0,0,0,69,72,10,0,45,186.48,0,-2,47,-1000,-1,0,0,0,0,0,0,0,"keyboard-worker","OK",1783702803361,101880,2005
1080,1783702803472,101992,101991,0,-2,0,0,0,0,69,72,10,0,45,186.67,0,-1,46,-996,-1,0,0,0,0,0,0,0,"keyboard-worker","OK",1783702803461,101980,2007
1081,1783702803575,102095,102094,0,-2,0,0,0,0,69,72,10,0,45,186.53,0,-2,47,-996,-1,0,0,0,0,0,0,0,"keyboard-worker","OK",1783702803561,102081,2009
1082,1783702803675,102195,102195,0,-2,0,0,0,0,69,72,10,0,45,186.51,0,-2,48,-1001,-1,0,0,0,0,0,0,0,"keyboard-worker","OK",1783702803661,102181,2011
1083,1783702803780,102300,102299,0,-2,0,0,0,0,69,72,10,0,45,186.74,0,-1,45,-997,-1,0,0,0,0,0,0,0,"keyboard-worker","OK",1783702803762,102281,2013
1084,1783702803878,102398,102398,0,-2,0,0,0,0,69,72,10,0,45,186.18,0,-3,47,-999,-1,0,0,0,0,0,0,0,"keyboard-worker","OK",1783702803862,102381,2015
1085,1783702803979,102499,102499,0,-2,0,0,0,0,69,72,10,0,45,186.58,0,-3,47,-1001,-1,0,0,0,0,0,0,0,"keyboard-worker","OK",1783702803962,102481,2017
1086,1783702804082,102602,102602,0,-2,0,0,0,0,69,72,10,0,45,186.37,0,-2,48,-1001,-1,0,0,0,0,0,0,0,"keyboard-worker","OK",1783702804062,102582,2019
1087,1783702804184,102704,102703,0,-2,0,0,0,0,69,72,10,0,45,186.57,0,-1,46,-1000,-1,0,0,0,0,0,0,0,"keyboard-worker","OK",1783702804162,102682,2021
1088,1783702804288,102808,102807,0,-2,0,0,0,0,70,72,10,0,45,186.46,0,0,43,-997,-1,0,0,0,0,0,0,0,"keyboard-worker","OK",1783702804263,102782,2023
1089,1783702804388,102908,102908,0,-2,0,0,0,0,70,72,10,0,45,186.58,0,-2,48,-999,-1,0,0,0,0,0,0,0,"keyboard-worker","OK",1783702804363,102882,2025
1090,1783702804490,103010,103009,0,-2,0,0,0,0,70,72,10,0,45,186.21,0,-4,47,-998,-1,0,0,0,0,0,0,0,"keyboard-worker","OK",1783702804463,102982,2027
1091,1783702804592,103112,103112,0,-2,0,0,0,0,70,72,10,0,45,186.36,0,-2,46,-1002,-1,0,0,0,0,0,0,0,"keyboard-worker","OK",1783702804563,103083,2029
1092,1783702804694,103214,103214,0,-2,0,0,0,0,70,72,10,0,45,186.62,0,-1,46,-998,-1,0,0,0,0,0,0,0,"keyboard-worker","OK",1783702804663,103183,2031
1093,1783702804796,103316,103316,0,-2,0,0,0,0,70,72,10,0,45,186.36,0,-2,46,-997,-1,0,0,0,0,0,0,0,"keyboard-worker","OK",1783702804764,103283,2033
1094,1783702804898,103418,103417,0,-2,0,0,0,0,70,72,10,0,45,186.65,0,-3,48,-998,-1,0,0,0,0,0,0,0,"keyboard-worker","OK",1783702804864,103383,2035
1095,1783702805000,103520,103519,0,-2,0,0,0,0,70,72,10,0,45,186.47,0,-3,46,-1000,-1,0,0,0,0,0,0,0,"keyboard-worker","OK",1783702804964,103483,2037
1096,1783702805102,103622,103622,0,-2,0,0,0,0,70,72,10,0,45,186.36,0,-1,49,-1001,-1,0,0,0,0,0,0,0,"keyboard-worker","OK",1783702805064,103584,2039
1097,1783702805153,103673,103672,0,-2,0,0,0,0,70,72,10,0,45,186.67,0,0,47,-1000,-1,0,0,0,0,0,0,0,"keyboard-worker","OK",1783702805114,103634,2040
1098,1783702805308,103828,103827,0,-2,0,0,0,0,69,71,10,0,45,186.37,0,-1,45,-995,-1,0,0,0,0,0,0,0,"keyboard-neutral","OK",1783702805214,103734,2042
1099,1783702805413,103933,103932,0,-2,0,0,0,0,69,71,10,0,45,186.47,0,-3,47,-998,-1,0,0,0,0,0,0,0,"keyboard-neutral","OK",1783702805214,103734,2042
1100,1783702805459,103979,103978,0,-2,0,0,0,0,69,71,10,0,45,186.57,0,-4,46,-1000,-1,0,0,0,0,0,0,0,"keyboard-neutral","OK",1783702805214,103734,2042
1101,1783702805561,104081,104080,0,-2,0,0,0,0,69,71,10,0,45,186.67,0,-4,47,-1004,-1,0,0,0,0,0,0,0,"keyboard-neutral","OK",1783702805214,103734,2042
1102,1783702805663,104183,104182,0,-2,0,0,0,0,69,71,10,0,45,186.48,0,-3,46,-1001,-1,0,0,0,0,0,0,0,"keyboard-neutral","OK",1783702805214,103734,2042
1103,1783702805766,104286,104286,0,-2,0,0,0,0,69,71,10,0,44,186.43,0,-2,45,-1000,-1,0,0,0,0,0,0,0,"keyboard-neutral","OK",1783702805214,103734,2042
1104,1783702805867,104387,104387,0,-2,0,0,0,0,69,71,10,0,44,186.17,0,-2,48,-999,-1,0,0,0,0,0,0,0,"keyboard-neutral","OK",1783702805214,103734,2042
1105,1783702805971,104491,104490,0,-2,0,0,0,0,69,71,10,0,44,186.81,0,-2,46,-1000,-1,0,0,0,0,0,0,0,"keyboard-neutral","OK",1783702805214,103734,2042
1106,1783702806071,104591,104591,0,-2,0,0,0,0,69,71,10,0,44,186.54,0,-1,47,-999,-1,0,0,0,0,0,0,0,"keyboard-neutral","OK",1783702805214,103734,2042
1107,1783702806174,104694,104694,0,-2,0,0,0,0,69,71,10,0,44,186.39,0,-4,45,-998,-1,0,0,0,0,0,0,0,"keyboard-neutral","OK",1783702805214,103734,2042
1108,1783702806278,104798,104797,0,-2,0,0,0,0,70,72,10,0,44,186.78,0,-3,46,-999,-1,0,0,0,0,0,0,0,"keyboard-neutral","OK",1783702805214,103734,2042
1109,1783702806379,104899,104899,0,-2,0,0,0,0,70,72,10,0,44,186.6,0,-2,46,-1001,-1,0,0,0,0,0,0,0,"keyboard-neutral","OK",1783702805214,103734,2042
1110,1783702806478,104998,104998,0,-2,0,0,0,0,70,72,10,0,44,186.83,0,-2,45,-1000,-1,0,0,0,0,0,0,0,"keyboard-neutral","OK",1783702805214,103734,2042
1111,1783702806581,105101,105100,0,-2,0,0,0,0,70,72,10,0,44,186.71,0,-2,45,-999,-1,0,0,0,0,0,0,0,"keyboard-neutral","OK",1783702805214,103734,2042
1112,1783702806683,105203,105202,0,-2,0,0,0,0,70,72,10,0,44,186.78,0,-3,47,-997,-1,0,0,0,0,0,0,0,"keyboard-neutral","OK",1783702805214,103734,2042
1113,1783702806785,105305,105304,0,-2,0,0,0,0,70,72,10,0,44,186.7,0,-3,47,-999,-1,0,0,0,0,0,0,0,"keyboard-neutral","OK",1783702805214,103734,2042
