state_sequence,timestamp_ms,recording_elapsed_ms,steady_elapsed_ms,pitch,roll,yaw,vgx,vgy,vgz,templ,temph,tof,h,bat,baro,time,agx,agy,agz,mid,x,y,z,rc_a,rc_b,rc_c,rc_d,rc_source,rc_result,rc_timestamp_ms,rc_steady_elapsed_ms,rc_sequence
763,1784211224754,73,72,0,0,-1,0,0,0,74,76,88,80,59,216.82,48,-27,-5,-1010,-1,0,0,0,0,0,0,0,"keyboard-worker","OK",1784211224731,50,882
764,1784211224856,175,174,0,0,-1,0,0,0,74,76,87,80,59,216.74,48,-2,-11,-1006,-1,0,0,0,0,0,0,0,"keyboard-worker","OK",1784211224831,150,884
765,1784211224958,277,276,0,0,-1,0,0,0,74,76,87,80,59,216.53,48,3,-16,-1007,-1,0,0,0,0,0,0,0,"keyboard-worker","OK",1784211224932,250,886
766,1784211225060,379,378,0,0,-1,0,0,0,74,76,87,80,59,216.6,48,-3,-12,-1015,-1,0,0,0,0,0,0,0,"keyboard-worker","OK",1784211225032,350,888
767,1784211225162,481,480,0,0,0,0,0,0,74,76,87,80,58,216.76,48,-15,0,-1004,-1,0,0,0,0,0,0,0,"keyboard-worker","OK",1784211225132,451,890
768,1784211225264,583,582,0,0,0,0,0,0,74,76,87,80,58,216.64,49,-25,-14,-997,-1,0,0,0,0,0,0,0,"keyboard-worker","OK",1784211225233,552,892
769,1784211225366,685,684,0,0,0,0,0,0,74,76,87,80,58,216.53,49,7,-8,-1023,-1,0,0,0,0,0,0,0,"keyboard-worker","OK",1784211225333,652,894
770,1784211225468,787,786,0,0,0,0,0,0,74,76,87,80,58,216.99,49,-17,0,-992,-1,0,0,0,0,0,0,0,"keyboard-worker","OK",1784211225433,752,896
771,1784211225570,889,888,0,0,0,0,0,0,74,76,88,80,58,216.51,49,-13,-8,-975,-1,0,0,0,0,0,0,0,"keyboard-worker","OK",1784211225533,852,898
772,1784211225679,998,997,0,0,0,0,0,0,74,76,88,80,58,216.84,49,-20,0,-966,-1,0,0,0,0,0,0,0,"keyboard-worker","OK",1784211225634,952,900
773,1784211225778,1097,1097,0,0,0,0,0,0,74,76,88,80,58,216.7,49,-10,-2,-1000,-1,0,0,0,0,0,0,0,"keyboard-worker","OK",1784211225734,1053,902
774,1784211225882,1201,1200,0,0,0,0,0,0,74,76,88,80,58,216.72,49,21,-29,-993,-1,0,0,0,0,0,0,0,"keyboard-worker","OK",1784211225834,1153,904
775,1784211225978,1297,1297,0,0,0,0,0,0,74,76,88,80,58,216.71,49,9,-16,-989,-1,0,0,0,0,0,0,0,"keyboard-worker","OK",1784211225934,1253,906
776,1784211226085,1404,1403,0,0,0,0,0,0,74,76,88,80,58,216.58,49,-3,-22,-994,-1,0,0,0,0,0,0,0,"keyboard-worker","OK",1784211226085,1403,909
777,1784211226182,1501,1500,0,0,0,0,0,0,74,76,88,80,58,216.68,49,20,-20,-1002,-1,0,0,0,0,0,0,0,"keyboard-worker","OK",1784211226135,1454,910
778,1784211226284,1603,1602,0,0,0,0,0,0,74,76,87,80,58,216.55,50,6,-21,-985,-1,0,0,0,0,0,0,0,"keyboard-worker","OK",1784211226235,1554,912
779,1784211226388,1707,1707,0,0,0,0,0,0,74,76,88,80,58,216.77,50,1,-13,-1009,-1,0,0,0,0,0,0,0,"keyboard-worker","OK",1784211226386,1704,915
780,1784211226488,1807,1806,0,1,0,0,0,0,74,76,88,80,58,216.67,50,-24,-34,-1016,-1,0,0,0,0,0,0,0,"keyboard-worker","OK",1784211226486,1805,917
781,1784211226590,1909,1908,0,1,0,0,0,0,74,76,88,80,58,216.62,50,9,2,-988,-1,0,0,0,0,0,0,0,"keyboard-worker","OK",1784211226586,1905,919
782,1784211226692,2011,2010,0,1,0,0,0,0,74,76,88,80,58,216.77,50,-15,-17,-981,-1,0,0,0,0,0,0,0,"keyboard-worker","OK",1784211226687,2005,921
783,1784211226794,2113,2112,0,1,0,0,0,0,74,76,88,80,58,216.61,50,2,-35,-990,-1,0,0,0,0,0,0,0,"keyboard-worker","OK",1784211226787,2105,923
784,1784211226896,2215,2214,0,1,0,0,0,0,74,76,87,80,58,216.84,50,5,17,-1022,-1,0,0,0,0,0,0,0,"keyboard-worker","OK",1784211226887,2206,925
785,1784211226998,2317,2316,0,1,0,0,0,0,74,76,87,80,58,216.81,50,-19,-24,-1028,-1,0,0,0,0,0,0,0,"keyboard-worker","OK",1784211226987,2306,927
786,1784211227100,2419,2418,0,1,0,0,0,0,74,76,87,80,57,217.2,50,-2,2,-1006,-1,0,0,0,0,0,0,0,"keyboard-worker","OK",1784211227087,2406,929
787,1784211227202,2521,2520,0,1,0,0,0,0,74,76,87,80,57,216.59,50,-7,-18,-1030,-1,0,0,0,0,0,0,0,"keyboard-worker","OK",1784211227188,2506,931
788,1784211227259,2578,2578,0,1,0,0,0,0,74,76,87,80,57,216.47,51,-18,-25,-1025,-1,0,0,0,0,0,0,0,"keyboard-worker","OK",1784211227238,2556,932
789,1784211227406,2725,2724,0,1,0,0,0,0,74,76,87,80,57,216.44,51,-10,-8,-987,-1,0,0,0,0,0,0,0,"keyboard-worker","OK",1784211227388,2707,935
790,1784211227457,2776,2775,0,1,0,0,0,0,74,76,87,80,57,216.75,51,14,-2,-1050,-1,0,0,0,0,0,0,0,"keyboard-worker","OK",1784211227438,2757,936
791,1784211227564,2883,2882,0,1,0,0,0,0,74,76,87,80,57,216.58,51,-24,24,-1023,-1,0,0,0,0,0,0,0,"keyboard-worker","OK",1784211227539,2857,938
792,1784211227661,2980,2979,0,1,0,0,0,0,74,76,87,80,57,216.54,51,-2,-74,-1008,-1,0,0,0,0,0,0,0,"keyboard-worker","OK",1784211227639,2957,940
793,1784211227763,3082,3081,0,1,0,0,0,0,74,76,88,80,57,216.56,51,-4,-15,-1029,-1,0,0,0,0,0,0,0,"keyboard-worker","OK",1784211227739,3058,942
794,1784211227865,3184,3183,0,1,0,0,0,0,74,76,88,80,57,216.58,51,-25,-23,-990,-1,0,0,0,0,0,0,0,"keyboard-worker","OK",1784211227839,3158,944
795,1784211227968,3287,3287,0,1,0,0,0,0,74,76,88,80,57,216.65,51,27,-28,-1007,-1,0,0,0,0,0,0,0,"keyboard-worker","OK",1784211227940,3259,946
796,1784211228070,3389,3389,0,1,0,0,0,0,74,76,88,80,57,216.55,51,-4,-19,-975,-1,0,0,0,0,0,0,0,"keyboard-worker","OK",1784211228040,3359,948
797,1784211228171,3490,3489,0,0,0,0,0,0,74,76,89,80,57,216.46,51,-41,0,-1042,-1,0,0,0,0,0,0,0,"keyboard-worker","OK",1784211228140,3459,950
798,1784211228280,3599,3599,0,1,0,0,0,0,74,76,89,80,57,216.68,52,-6,-25,-1038,-1,0,0,0,0,0,0,0,"keyboard-worker","OK",1784211228241,3559,952
799,1784211228386,3705,3704,0,1,0,0,0,0,73,77,90,80,57,216.82,52,3,-24,-1004,-1,0,0,0,0,0,0,0,"keyboard-worker","OK",1784211228341,3660,954
800,1784211228487,3806,3806,0,1,0,0,0,0,73,77,90,80,57,216.75,52,-16,-12,-985,-1,0,0,0,0,0,0,0,"keyboard-worker","OK",1784211228441,3760,956
801,1784211228582,3901,3901,0,1,0,0,0,0,73,77,90,80,57,216.71,52,12,-17,-958,-1,0,0,0,0,0,0,0,"keyboard-worker","OK",1784211228542,3860,958
802,1784211228687,4006,4005,0,1,0,0,0,0,73,77,90,80,57,216.61,52,-16,-2,-1031,-1,0,0,0,0,0,0,0,"keyboard-worker","OK",1784211228642,3960,960
803,1784211228785,4104,4103,0,0,0,0,0,0,73,77,90,80,57,216.79,52,-11,-21,-1005,-1,0,0,0,0,0,0,0,"keyboard-worker","OK",1784211228742,4061,962
804,1784211228891,4210,4210,0,0,0,0,0,0,73,77,90,80,57,216.66,52,9,-20,-1010,-1,0,0,0,0,0,0,0,"keyboard-worker","OK",1784211228842,4161,964
805,1784211228990,4309,4309,0,0,0,0,0,0,73,77,90,80,57,216.72,52,-19,-16,-998,-1,0,0,0,0,0,0,0,"keyboard-worker","OK",1784211228943,4261,966
806,1784211229125,4444,4444,0,0,0,0,0,0,73,77,91,80,56,216.66,52,3,9,-1013,-1,0,0,0,0,0,0,0,"keyboard-worker","OK",1784211229093,4412,969
807,1784211229345,4664,4664,0,0,0,0,0,0,73,77,91,80,56,216.67,52,7,-15,-998,-1,0,0,0,0,0,0,0,"keyboard-worker","OK",1784211229344,4663,974
808,1784211229454,4773,4772,0,0,0,0,0,0,73,77,91,80,56,216.46,53,-23,18,-986,-1,0,0,0,0,0,0,0,"keyboard-worker","OK",1784211229445,4763,976
809,1784211229455,4774,4774,0,0,-1,0,0,0,75,77,91,80,56,216.63,53,3,5,-1005,-1,0,0,0,0,0,0,0,"keyboard-worker","OK",1784211229445,4763,976
810,1784211229625,4944,4943,0,0,-1,0,0,0,75,77,91,80,56,216.66,53,-19,7,-949,-1,0,0,0,0,0,0,0,"keyboard-worker","OK",1784211229595,4914,979
811,1784211229665,4984,4984,0,0,-1,0,0,0,75,77,91,80,56,216.63,53,-35,38,-991,-1,0,0,0,0,0,0,0,"keyboard-worker","OK",1784211229645,4964,980
812,1784211229754,5073,5072,0,0,0,0,0,0,75,77,91,80,56,216.6,53,-22,8,-976,-1,0,0,0,0,0,0,0,"keyboard-worker","OK",1784211229745,5064,982
813,1784211229853,5172,5172,-1,0,0,0,0,0,75,77,90,80,56,216.49,53,13,10,-1040,-1,0,0,0,0,0,0,0,"keyboard-worker","OK",1784211229846,5164,984
814,1784211229962,5281,5281,-1,-1,0,0,0,0,75,77,89,80,56,216.84,53,1,-25,-1008,-1,0,0,0,0,0,0,0,"keyboard-worker","OK",1784211229946,5265,986
815,1784211230053,5372,5371,0,0,0,0,0,0,75,77,89,80,56,216.59,53,-16,20,-1050,-1,0,0,0,0,0,0,0,"keyboard-worker","OK",1784211230047,5365,988
816,1784211230141,5460,5460,0,0,0,0,0,0,75,77,89,80,56,216.52,53,4,6,-1025,-1,0,0,0,0,0,0,0,"keyboard-worker","OK",1784211230097,5416,989
817,1784211230301,5620,5620,0,0,0,0,0,0,75,77,88,80,56,216.27,53,-14,36,-1041,-1,0,0,0,0,0,0,0,"keyboard-worker","OK",1784211230298,5616,993
818,1784211230352,5671,5671,0,0,0,0,0,0,75,77,88,80,56,216.6,54,2,-40,-995,-1,0,0,0,0,0,0,0,"keyboard-worker","OK",1784211230348,5666,994
819,1784211230410,5729,5728,0,0,0,0,0,0,74,77,88,80,56,216.4,54,-26,5,-1024,-1,0,0,0,0,0,0,0,"keyboard-worker","OK",1784211230398,5716,995
820,1784211230514,5833,5833,0,0,0,0,0,0,74,77,88,80,56,216.62,54,-39,-14,-997,-1,0,0,0,0,0,0,0,"keyboard-worker","OK",1784211230498,5817,997
821,1784211230609,5928,5927,0,0,0,0,0,0,74,77,88,80,56,216.78,54,-32,28,-1025,-1,0,0,0,0,0,0,0,"keyboard-worker","OK",1784211230598,5917,999
822,1784211230723,6042,6041,0,0,0,0,0,0,74,77,88,80,56,216.23,54,-7,-5,-1004,-1,0,0,0,0,0,0,0,"keyboard-worker","OK",1784211230699,6017,1001
823,1784211230818,6137,6137,0,0,-1,0,0,0,74,77,88,80,56,216.74,54,25,-14,-992,-1,0,0,0,0,0,0,0,"keyboard-worker","OK",1784211230799,6117,1003
824,1784211230920,6239,6239,0,0,-1,0,0,0,74,77,88,80,56,216.56,54,-30,-24,-1024,-1,0,0,0,0,0,0,0,"keyboard-worker","OK",1784211230899,6218,1005
825,1784211231020,6339,6338,0,0,-1,0,0,0,74,77,87,80,56,216.5,54,-14,-16,-1010,-1,0,0,0,0,0,0,0,"keyboard-worker","OK",1784211231000,6318,1007
826,1784211231133,6452,6452,0,0,-1,0,0,0,74,77,87,80,56,216.38,54,-11,19,-985,-1,0,0,0,0,0,0,0,"keyboard-worker","OK",1784211231100,6419,1009
827,1784211231229,6548,6548,0,0,-1,0,0,0,74,77,87,80,56,216.51,54,-2,-21,-1024,-1,0,0,0,0,0,0,0,"keyboard-worker","OK",1784211231200,6519,1011
828,1784211231321,6640,6640,0,0,-3,0,0,0,74,77,86,80,56,216.89,55,-1,-8,-1015,-1,0,0,0,0,0,0,0,"keyboard-worker","OK",1784211231300,6619,1013
829,1784211231424,6743,6742,0,0,-6,0,0,0,73,77,87,70,56,216.77,55,-20,-14,-1044,-1,0,0,0,0,0,0,0,"keyboard-worker","OK",1784211231401,6719,1015
830,1784211231528,6847,6846,0,0,-9,0,0,0,73,77,87,70,56,216.39,55,-9,2,-1030,-1,0,0,0,0,0,0,0,"keyboard-worker","OK",1784211231501,6819,1017
831,1784211231627,6946,6946,0,0,-12,0,0,0,73,77,87,80,56,216.58,55,0,-17,-987,-1,0,0,0,0,0,0,0,"keyboard-worker","OK",1784211231601,6920,1019
832,1784211231730,7049,7048,0,1,-15,0,0,0,73,77,88,80,56,216.4,55,-11,-23,-1025,-1,0,0,0,0,0,0,0,"keyboard-worker","OK",1784211231701,7020,1021
833,1784211231833,7152,7151,0,1,-19,0,0,0,73,77,88,80,56,216.87,55,-3,-18,-991,-1,0,0,0,0,0,0,0,"keyboard-worker","OK",1784211231802,7120,1023
834,1784211231935,7254,7254,0,1,-22,0,0,0,73,77,88,80,56,216.54,55,-17,-46,-994,-1,0,0,0,0,0,0,0,"keyboard-worker","OK",1784211231902,7221,1025
835,1784211232037,7356,7356,0,1,-25,0,0,0,73,77,88,80,56,216.49,55,-21,-24,-996,-1,0,0,0,0,0,0,0,"keyboard-worker","OK",1784211232002,7321,1027
836,1784211232139,7458,7458,0,1,-27,0,0,0,73,77,89,80,56,216.56,55,0,-39,-962,-1,0,0,0,0,0,0,0,"keyboard-worker","OK",1784211232102,7421,1029
837,1784211232242,7561,7560,0,1,-29,0,0,0,73,77,88,80,56,216.5,55,-21,-56,-1033,-1,0,0,0,0,0,0,0,"keyboard-worker","OK",1784211232203,7521,1031
838,1784211232290,7609,7609,0,2,-28,0,0,0,73,77,88,80,56,216.47,56,-5,-46,-1015,-1,0,0,0,0,0,0,0,"keyboard-worker","OK",1784211232253,7571,1032
839,1784211232451,7770,7769,-1,2,-25,0,0,0,74,76,89,80,56,216.46,56,-21,-47,-1019,-1,0,0,0,0,0,0,0,"keyboard-worker","OK",1784211232404,7722,1035
840,1784211232496,7815,7815,-1,2,-20,0,0,0,74,76,88,80,56,216.59,56,24,22,-1053,-1,0,0,0,0,0,0,0,"keyboard-worker","OK",1784211232454,7772,1036
841,1784211232596,7915,7915,-1,2,-13,0,0,0,74,76,88,80,56,216.55,56,-26,-18,-995,-1,0,0,0,0,0,0,0,"keyboard-worker","OK",1784211232554,7873,1038
842,1784211232698,8017,8017,-1,1,-3,0,0,0,74,76,88,80,56,216.51,56,-26,-13,-976,-1,0,0,0,0,0,0,0,"keyboard-worker","OK",1784211232654,7973,1040
843,1784211232801,8120,8119,-1,0,2,0,0,0,74,76,87,80,56,216.84,56,-16,-17,-1048,-1,0,0,0,0,0,0,0,"keyboard-worker","OK",1784211232755,8073,1042
844,1784211232902,8221,8221,-1,0,2,0,0,0,74,76,87,80,56,216.82,56,-32,-12,-1000,-1,0,0,0,0,0,0,0,"keyboard-worker","OK",1784211232855,8174,1044
845,1784211233009,8328,8327,-2,0,2,0,0,0,74,76,87,80,56,216.84,56,-42,12,-1013,-1,0,0,0,0,0,0,0,"keyboard-worker","OK",1784211233005,8324,1047
846,1784211233110,8429,8429,-2,0,2,0,0,0,74,76,87,80,55,216.43,56,-11,-16,-934,-1,0,0,0,0,0,0,0,"keyboard-worker","OK",1784211233106,8425,1049
847,1784211233215,8534,8534,-2,0,2,0,0,0,74,76,86,80,55,216.47,56,-31,25,-1053,-1,0,0,0,0,0,0,0,"keyboard-worker","OK",1784211233206,8525,1051
848,1784211233314,8633,8633,-1,0,1,0,0,0,74,76,87,80,55,216.58,57,-36,-2,-1027,-1,0,0,0,0,0,0,0,"keyboard-worker","OK",1784211233307,8625,1053
849,1784211233418,8737,8736,-1,0,1,0,0,0,75,77,86,80,55,216.66,57,-30,-38,-991,-1,0,0,0,0,0,0,0,"keyboard-worker","OK",1784211233407,8725,1055
850,1784211233515,8834,8834,-1,0,1,0,0,0,75,77,86,80,55,216.58,57,-33,3,-975,-1,0,0,0,0,0,0,0,"keyboard-worker","OK",1784211233507,8826,1057
851,1784211233617,8936,8935,-1,0,1,0,0,0,75,77,86,80,55,216.45,57,-41,7,-1020,-1,0,0,0,0,0,0,0,"keyboard-worker","OK",1784211233607,8926,1059
852,1784211233719,9038,9038,-1,0,1,0,0,0,75,77,87,80,55,216.67,57,-15,-37,-1000,-1,0,0,0,0,0,0,0,"keyboard-worker","OK",1784211233708,9026,1061
853,1784211233821,9140,9140,-1,0,1,0,0,0,75,77,87,80,55,216.47,57,-33,10,-980,-1,0,0,0,0,0,0,0,"keyboard-worker","OK",1784211233808,9126,1063
854,1784211233923,9242,9242,-1,0,1,0,0,0,75,77,87,80,55,216.73,57,-44,-56,-960,-1,0,0,0,0,0,0,0,"keyboard-worker","OK",1784211233908,9227,1065
855,1784211234026,9345,9344,-1,0,1,0,0,0,75,77,88,80,55,216.83,57,-52,-23,-1016,-1,0,0,0,0,0,0,0,"keyboard-worker","OK",1784211234008,9327,1067
856,1784211234127,9446,9446,-1,0,1,0,0,0,75,77,89,80,55,216.82,57,-36,-13,-998,-1,0,0,0,0,0,0,0,"keyboard-worker","OK",1784211234108,9427,1069
857,1784211234229,9548,9548,-2,0,0,0,0,0,75,77,89,80,55,216.56,57,-52,-21,-986,-1,0,0,0,0,0,0,0,"keyboard-worker","OK",1784211234209,9527,1071
858,1784211234331,9650,9650,-1,0,0,0,0,0,75,77,90,80,55,216.79,58,-40,-24,-953,-1,0,0,0,0,0,0,0,"keyboard-worker","OK",1784211234309,9627,1073
859,1784211234433,9752,9752,-2,1,0,0,0,0,75,77,90,80,55,216.71,58,-14,-21,-986,-1,0,0,0,0,0,0,0,"keyboard-worker","OK",1784211234409,9728,1075
860,1784211234535,9854,9854,-1,0,0,0,0,0,75,77,90,80,55,216.61,58,-25,-2,-1002,-1,0,0,0,0,0,0,0,"keyboard-worker","OK",1784211234509,9828,1077
861,1784211234645,9964,9963,-1,0,0,0,0,0,75,77,90,80,55,216.74,58,-19,-17,-967,-1,0,0,0,0,0,0,0,"keyboard-worker","OK",1784211234610,9928,1079
862,1784211234743,10062,10062,-1,0,0,0,0,0,75,77,91,80,55,216.61,58,-41,-14,-965,-1,0,0,0,0,0,0,0,"keyboard-worker","OK",1784211234710,10028,1081
863,1784211234845,10164,10164,-1,0,0,0,0,0,75,77,91,80,55,216.88,58,-36,-1,-1003,-1,0,0,0,0,0,0,0,"keyboard-worker","OK",1784211234810,10129,1083
864,1784211234948,10267,10267,-1,0,0,0,0,0,75,77,91,80,55,216.89,58,14,3,-1007,-1,0,0,0,0,0,0,0,"keyboard-worker","OK",1784211234910,10229,1085
865,1784211235047,10366,10366,0,0,0,0,0,0,75,77,91,80,55,216.67,58,13,-5,-1005,-1,0,0,0,0,0,0,0,"keyboard-worker","OK",1784211235010,10329,1087
866,1784211235150,10469,10469,0,0,0,0,0,0,75,77,91,80,55,217.16,58,-37,2,-986,-1,0,0,0,0,0,0,0,"keyboard-worker","OK",1784211235111,10429,1089
867,1784211235250,10569,10569,0,0,0,0,0,0,75,77,91,80,55,216.71,59,11,-1,-989,-1,0,0,0,0,0,0,0,"keyboard-worker","OK",1784211235211,10530,1091
868,1784211235352,10671,10671,0,0,0,0,0,0,75,77,91,80,55,216.77,59,12,-5,-986,-1,0,0,0,0,0,0,0,"keyboard-worker","OK",1784211235311,10630,1093
869,1784211235453,10772,10772,0,0,0,0,0,0,75,78,90,80,55,216.9,59,-28,4,-1028,-1,0,0,0,0,0,0,0,"keyboard-worker","OK",1784211235411,10730,1095
870,1784211235555,10874,10874,0,0,0,0,0,0,75,78,90,80,55,216.74,59,-17,-15,-993,-1,0,0,0,0,0,0,0,"keyboard-worker","OK",1784211235512,10830,1097
871,1784211235657,10976,10976,0,0,0,0,0,0,75,78,90,80,55,216.94,59,14,-3,-1003,-1,0,0,0,0,0,0,0,"keyboard-worker","OK",1784211235612,10931,1099
872,1784211235762,11081,11081,0,0,0,0,0,0,75,78,89,80,55,216.73,59,-14,0,-1020,-1,0,0,0,0,0,0,0,"keyboard-worker","OK",1784211235762,11081,1102
873,1784211235861,11180,11180,0,0,0,0,0,0,75,78,89,80,55,216.97,59,-11,-3,-997,-1,0,0,0,0,0,0,0,"keyboard-worker","OK",1784211235812,11131,1103
874,1784211235963,11282,11282,0,0,0,0,0,0,75,78,89,80,55,216.82,59,20,-5,-1008,-1,0,0,0,0,0,0,0,"keyboard-worker","OK",1784211235963,11281,1106
875,1784211236066,11385,11384,0,0,0,0,0,0,75,78,89,80,55,216.93,59,13,-4,-976,-1,0,0,0,0,0,0,0,"keyboard-worker","OK",1784211236063,11382,1108
876,1784211236167,11486,11486,0,0,0,0,0,0,75,78,88,80,55,216.81,59,22,-35,-953,-1,0,0,0,0,0,0,0,"keyboard-worker","OK",1784211236164,11482,1110
877,1784211236269,11588,11588,0,0,0,0,0,0,75,78,88,80,55,216.97,60,8,27,-968,-1,0,0,0,0,0,0,0,"keyboard-worker","OK",1784211236264,11583,1112
878,1784211236371,11690,11690,0,0,0,0,0,0,75,78,87,80,55,216.64,60,-24,31,-948,-1,0,0,0,0,0,0,0,"keyboard-worker","OK",1784211236364,11683,1114
879,1784211236424,11743,11743,0,0,0,0,0,0,75,78,87,80,55,216.96,60,18,-24,-1015,-1,0,0,0,0,0,0,0,"keyboard-worker","OK",1784211236414,11733,1115
880,1784211236525,11844,11844,0,0,0,0,0,0,75,78,86,80,55,216.66,60,-12,-6,-1013,-1,0,0,0,0,0,0,0,"keyboard-worker","OK",1784211236515,11833,1117
881,1784211236627,11946,11946,0,0,0,0,0,0,75,78,86,70,55,216.97,60,3,4,-1030,-1,0,0,0,0,0,0,0,"keyboard-worker","OK",1784211236615,11933,1119
882,1784211236729,12048,12048,0,0,0,0,0,0,75,78,86,70,55,216.99,60,22,24,-1050,-1,0,0,0,0,0,0,0,"keyboard-worker","OK",1784211236715,12034,1121
883,1784211236831,12150,12150,0,0,0,0,0,0,75,78,86,70,55,216.48,60,4,15,-1030,-1,0,0,0,0,0,0,0,"keyboard-worker","OK",1784211236815,12134,1123
884,1784211236933,12252,12252,0,0,0,0,0,0,75,78,86,70,55,216.59,60,-14,21,-1032,-1,0,0,0,0,0,0,0,"keyboard-worker","OK",1784211236916,12234,1125
885,1784211237036,12355,12354,0,0,0,0,0,0,75,78,86,70,55,216.72,60,15,-27,-999,-1,0,0,0,0,0,0,0,"keyboard-worker","OK",1784211237016,12335,1127
886,1784211237139,12458,12457,0,0,0,0,0,0,75,78,86,80,55,216.86,60,5,-11,-998,-1,0,0,0,0,0,0,0,"keyboard-worker","OK",1784211237116,12435,1129
887,1784211237245,12564,12563,0,0,0,0,0,0,75,78,86,80,55,216.61,61,-20,25,-1091,-1,0,0,0,0,0,0,0,"keyboard-worker","OK",1784211237217,12536,1131
888,1784211237347,12666,12666,0,0,0,0,0,0,75,78,86,80,55,216.5,61,-4,14,-1000,-1,0,0,0,0,0,0,0,"keyboard-worker","OK",1784211237317,12636,1133
889,1784211237447,12766,12765,0,0,0,0,0,0,75,78,87,80,55,216.69,61,-16,15,-990,-1,0,0,0,0,0,35,0,"keyboard-worker","OK",1784211237417,12736,1135
890,1784211237550,12869,12869,0,0,0,0,0,0,75,78,87,80,55,216.95,61,-4,19,-993,-1,0,0,0,0,0,35,0,"keyboard-worker","OK",1784211237518,12836,1137
891,1784211237651,12970,12969,0,0,0,0,0,0,75,78,88,80,55,216.63,61,-8,-4,-1056,-1,0,0,0,0,0,35,0,"keyboard-worker","OK",1784211237618,12937,1139
892,1784211237752,13071,13071,0,0,0,0,0,-1,75,78,88,80,55,216.71,61,13,-9,-1016,-1,0,0,0,0,0,35,0,"keyboard-worker","OK",1784211237718,13037,1141
893,1784211237855,13174,13174,0,1,0,0,0,-1,75,78,89,80,55,216.71,61,63,-14,-1012,-1,0,0,0,0,0,35,0,"keyboard-worker","OK",1784211237818,13137,1143
894,1784211238038,13357,13356,0,0,0,0,0,-1,75,78,90,80,55,216.73,61,55,-19,-998,-1,0,0,0,0,0,35,0,"keyboard-worker","OK",1784211238019,13338,1147
895,1784211238107,13426,13426,1,0,0,0,0,-1,75,78,92,80,55,216.64,61,53,8,-1065,-1,0,0,0,0,0,0,0,"keyboard-worker","OK",1784211238069,13388,1148
896,1784211238155,13474,13473,0,0,0,0,0,-1,75,78,94,80,55,216.97,61,20,4,-978,-1,0,0,0,0,0,0,0,"keyboard-worker","OK",1784211238120,13438,1149
897,1784211238253,13572,13572,0,0,-1,0,0,-1,75,78,96,80,55,216.89,62,12,-26,-967,-1,0,0,0,0,0,0,0,"keyboard-worker","OK",1784211238220,13539,1151
898,1784211238356,13675,13675,0,0,0,0,0,-1,75,78,97,90,55,216.62,62,30,-21,-944,-1,0,0,0,0,0,0,0,"keyboard-worker","OK",1784211238320,13639,1153
899,1784211238450,13769,13769,0,0,0,0,0,0,75,77,98,90,55,216.51,62,12,22,-939,-1,0,0,0,0,0,0,0,"keyboard-worker","OK",1784211238421,13739,1155
900,1784211238551,13870,13870,1,0,0,0,0,0,75,77,98,90,55,217.22,62,8,1,-978,-1,0,0,0,0,0,0,0,"keyboard-worker","OK",1784211238521,13839,1157
901,1784211238653,13972,13972,1,0,0,0,0,0,75,77,99,90,55,216.64,62,-10,11,-988,-1,0,0,0,0,0,0,0,"keyboard-worker","OK",1784211238621,13940,1159
902,1784211238755,14074,14074,1,0,0,0,0,0,75,77,99,90,55,217.28,62,48,-46,-966,-1,0,0,0,0,0,0,0,"keyboard-worker","OK",1784211238721,14040,1161
903,1784211238857,14176,14176,0,0,0,0,0,0,75,77,99,90,55,217.31,62,0,-15,-1009,-1,0,0,0,0,0,0,0,"keyboard-worker","OK",1784211238821,14140,1163
904,1784211238959,14278,14278,0,0,0,0,0,0,75,77,99,90,55,217.07,62,21,-57,-995,-1,0,0,0,0,0,0,0,"keyboard-worker","OK",1784211238922,14240,1165
905,1784211239061,14380,14380,0,0,0,0,0,0,75,77,99,90,55,216.78,62,12,-26,-980,-1,0,0,0,0,0,0,0,"keyboard-worker","OK",1784211239022,14340,1167
906,1784211239164,14483,14482,0,0,0,0,0,0,75,77,99,90,54,216.76,62,27,-45,-952,-1,0,0,0,0,0,0,0,"keyboard-worker","OK",1784211239122,14441,1169
907,1784211239265,14584,14584,0,0,0,0,0,0,75,77,99,90,54,216.87,63,-20,61,-1024,-1,0,0,0,0,0,0,0,"keyboard-worker","OK",1784211239222,14541,1171
908,1784211239367,14686,14686,0,0,0,0,0,0,75,77,99,90,54,216.55,63,18,28,-995,-1,0,0,0,0,0,0,0,"keyboard-worker","OK",1784211239323,14641,1173
909,1784211239469,14788,14788,-1,0,0,0,0,0,75,78,99,90,54,216.77,63,-6,48,-1026,-1,0,0,0,0,0,0,0,"keyboard-worker","OK",1784211239423,14742,1175
910,1784211239574,14893,14893,-1,0,0,0,0,0,75,78,99,90,54,216.69,63,-19,-10,-1013,-1,0,0,0,0,0,0,0,"keyboard-worker","OK",1784211239573,14892,1178
911,1784211239674,14993,14992,-1,0,0,0,0,0,75,78,99,90,54,216.83,63,-6,-40,-1003,-1,0,0,0,0,0,0,0,"keyboard-worker","OK",1784211239674,14992,1180
912,1784211239782,15101,15100,-1,0,0,0,0,0,75,78,99,90,54,216.66,63,-1,-12,-1001,-1,0,0,0,0,0,0,0,"keyboard-worker","OK",1784211239774,15092,1182
913,1784211239882,15201,15201,-1,0,0,0,0,0,75,78,99,90,54,217.02,63,3,-41,-983,-1,0,0,0,0,0,0,0,"keyboard-worker","OK",1784211239874,15193,1184
914,1784211239981,15300,15300,-1,0,0,0,0,0,75,78,99,90,54,216.76,63,-4,-9,-1007,-1,0,0,0,0,0,0,0,"keyboard-worker","OK",1784211239974,15293,1186
915,1784211240083,15402,15401,-1,0,0,0,0,0,75,78,99,90,54,216.89,63,-34,-20,-988,-1,0,0,0,0,0,0,0,"keyboard-worker","OK",1784211240074,15393,1188
916,1784211240187,15506,15505,-1,0,0,0,0,0,75,78,99,90,54,216.77,63,-65,36,-1009,-1,0,0,0,0,0,0,0,"keyboard-worker","OK",1784211240175,15493,1190
917,1784211240288,15607,15607,-1,0,0,0,0,0,75,78,98,90,54,216.97,64,-19,-33,-993,-1,0,0,0,0,0,0,0,"keyboard-worker","OK",1784211240275,15594,1192
918,1784211240387,15706,15706,0,0,0,0,0,0,75,78,98,90,54,216.59,64,-25,15,-1023,-1,0,0,0,0,0,0,0,"keyboard-worker","OK",1784211240375,15694,1194
919,1784211240490,15809,15809,0,0,0,0,0,0,75,77,98,90,54,216.86,64,-8,13,-986,-1,0,0,0,0,0,0,0,"keyboard-worker","OK",1784211240475,15794,1196
920,1784211240596,15915,15915,0,0,0,0,0,0,75,77,98,90,54,216.88,64,-13,-35,-998,-1,0,0,0,0,0,0,0,"keyboard-worker","OK",1784211240576,15894,1198
921,1784211240694,16013,16013,0,0,0,0,0,0,75,77,98,90,54,217.03,64,-16,-23,-984,-1,0,0,0,0,0,0,0,"keyboard-worker","OK",1784211240676,15995,1200
922,1784211240796,16115,16115,-1,0,0,0,0,0,75,77,99,90,54,217.04,64,2,7,-972,-1,0,0,0,0,0,0,0,"keyboard-worker","OK",1784211240776,16095,1202
923,1784211240898,16217,16217,-1,0,0,0,0,0,75,77,100,90,54,216.76,64,0,-5,-954,-1,0,0,0,0,0,0,0,"keyboard-worker","OK",1784211240877,16195,1204
924,1784211241001,16320,16319,0,0,0,0,0,0,75,77,100,90,54,216.88,64,21,26,-1016,-1,0,0,0,0,0,0,0,"keyboard-worker","OK",1784211240978,16296,1206
925,1784211241102,16421,16421,0,0,0,0,0,0,75,77,100,90,53,216.66,64,-17,8,-1018,-1,0,0,0,0,0,0,0,"keyboard-worker","OK",1784211241078,16396,1208
926,1784211241153,16472,16472,-1,0,0,0,0,0,75,77,99,90,53,216.97,64,5,30,-998,-1,0,0,0,0,0,0,0,"keyboard-worker","OK",1784211241128,16447,1209
927,1784211241256,16575,16575,0,-1,0,0,0,0,75,77,99,90,53,217.08,65,-8,0,-1016,-1,0,0,0,0,0,0,0,"keyboard-worker","OK",1784211241228,16547,1211
928,1784211241361,16680,16680,0,-1,0,0,0,0,75,77,98,90,53,216.56,65,-22,41,-1055,-1,0,0,0,0,0,0,0,"keyboard-worker","OK",1784211241328,16647,1213
929,1784211241513,16832,16832,0,-2,0,0,0,0,75,78,98,90,53,216.86,65,-29,-16,-1002,-1,0,0,0,0,0,0,0,"keyboard-worker","OK",1784211241479,16798,1216
930,1784211241562,16881,16881,0,-2,0,0,0,0,75,78,98,90,53,216.83,65,3,-27,-1005,-1,0,0,0,0,0,0,0,"keyboard-worker","OK",1784211241529,16848,1217
931,1784211241663,16982,16982,0,0,0,0,0,0,75,78,98,90,53,216.94,65,20,0,-988,-1,0,0,0,0,0,0,0,"keyboard-worker","OK",1784211241629,16948,1219
932,1784211241766,17085,17084,0,1,0,0,0,0,75,78,98,90,53,216.7,65,16,7,-1005,-1,0,0,0,0,0,35,0,"keyboard-worker","OK",1784211241729,17048,1221
933,1784211241868,17187,17186,0,0,0,0,0,0,75,78,98,90,53,217.14,65,28,3,-1070,-1,0,0,0,0,0,35,0,"keyboard-worker","OK",1784211241830,17148,1223
934,1784211241973,17292,17292,1,0,0,0,0,0,75,78,99,90,53,216.74,65,12,-7,-1052,-1,0,0,0,0,0,35,0,"keyboard-worker","OK",1784211241930,17249,1225
935,1784211242073,17392,17391,1,0,0,0,0,0,75,78,100,90,53,216.77,65,6,25,-1082,-1,0,0,0,0,0,35,0,"keyboard-worker","OK",1784211242030,17349,1227
936,1784211242184,17503,17503,1,0,0,0,0,-1,75,78,101,90,53,216.94,65,17,18,-1011,-1,0,0,0,0,0,35,0,"keyboard-worker","OK",1784211242181,17499,1230
937,1784211242281,17600,17600,1,0,0,0,0,-1,75,78,103,90,53,216.75,66,11,29,-1083,-1,0,0,0,0,0,35,0,"keyboard-worker","OK",1784211242281,17599,1232
938,1784211242423,17742,17742,1,0,0,0,0,-2,75,78,105,90,53,217.09,66,-22,19,-1089,-1,0,0,0,0,0,35,0,"keyboard-worker","OK",1784211242381,17700,1234
939,1784211242532,17851,17851,1,0,0,0,0,-2,76,77,108,100,53,217,66,-5,16,-1001,-1,0,0,0,0,0,0,0,"keyboard-worker","OK",1784211242531,17850,1237
940,1784211242714,18033,18033,1,0,0,0,0,-2,76,77,110,100,53,216.8,66,0,31,-1028,-1,0,0,0,0,0,0,0,"keyboard-worker","OK",1784211242682,18000,1240
941,1784211242724,18043,18043,0,0,0,0,0,-2,76,77,113,100,53,216.73,66,12,21,-944,-1,0,0,0,0,0,0,0,"keyboard-worker","OK",1784211242682,18000,1240
942,1784211242867,18186,18186,0,-1,0,0,0,-2,76,77,115,100,53,217.27,66,11,48,-946,-1,0,0,0,0,0,0,0,"keyboard-worker","OK",1784211242832,18151,1243
943,1784211242931,18250,18249,1,-1,0,0,0,-1,76,77,116,100,53,217.04,66,31,16,-979,-1,0,0,0,0,0,0,0,"keyboard-worker","OK",1784211242882,18201,1244
944,1784211243041,18360,18359,1,-1,0,0,0,-1,76,77,117,110,53,216.91,66,53,23,-1019,-1,0,0,0,0,0,0,0,"keyboard-worker","OK",1784211243033,18351,1247
945,1784211243164,18483,18482,1,-1,0,0,0,0,76,77,118,110,53,217,66,49,9,-934,-1,0,0,0,0,0,0,0,"keyboard-worker","OK",1784211243133,18452,1249
946,1784211243315,18634,18634,2,-2,0,0,0,0,76,77,118,110,53,217,66,49,22,-1028,-1,0,0,0,0,0,0,0,"keyboard-worker","OK",1784211243283,18602,1252
947,1784211243320,18639,18639,2,-2,0,0,0,0,76,77,118,110,53,216.84,67,11,31,-1046,-1,0,0,0,0,0,0,0,"keyboard-worker","OK",1784211243283,18602,1252
948,1784211243523,18842,18842,2,-1,0,0,0,0,76,77,118,110,53,216.9,67,33,11,-960,-1,0,0,0,0,0,0,0,"keyboard-worker","OK",1784211243484,18802,1256
949,1784211243583,18902,18901,2,0,0,0,0,0,76,78,117,110,53,217.07,67,39,19,-1037,-1,0,0,0,0,0,0,0,"keyboard-worker","OK",1784211243534,18853,1257
950,1784211243630,18949,18948,2,0,0,0,0,0,76,78,116,110,53,216.94,67,9,14,-1040,-1,0,0,0,0,0,0,0,"keyboard-worker","OK",1784211243584,18903,1258
951,1784211243714,19033,19032,1,0,0,0,0,0,76,78,116,110,53,216.83,67,29,-12,-1005,-1,0,0,0,0,0,0,0,"keyboard-worker","OK",1784211243684,19003,1260
952,1784211243895,19214,19213,1,0,0,0,0,0,76,78,116,100,53,216.72,67,23,3,-1022,-1,0,0,0,0,0,0,0,"keyboard-worker","OK",1784211243885,19204,1264
953,1784211243896,19215,19215,0,0,0,0,0,0,76,78,116,100,53,216.99,67,-3,24,-1026,-1,0,0,0,0,0,0,0,"keyboard-worker","OK",1784211243885,19204,1264
954,1784211244069,19388,19388,0,0,0,0,0,0,76,78,117,100,53,217.24,67,21,34,-1001,-1,0,0,0,0,0,0,0,"keyboard-worker","OK",1784211244036,19355,1267
955,1784211244178,19497,19496,0,0,0,0,0,0,76,78,117,100,53,217.21,67,53,-17,-967,-1,0,0,0,0,0,0,0,"keyboard-worker","OK",1784211244136,19455,1269
956,1784211244198,19517,19517,0,0,0,0,0,0,76,78,118,100,53,217.23,67,65,-20,-979,-1,0,0,0,0,0,0,0,"keyboard-worker","OK",1784211244187,19505,1270
957,1784211244320,19639,19638,0,0,0,0,0,0,76,78,118,110,53,217.23,68,38,12,-961,-1,0,0,0,0,0,0,0,"keyboard-worker","OK",1784211244287,19605,1272
958,1784211244449,19768,19768,1,0,0,0,0,0,76,78,120,110,53,217.18,68,39,26,-984,-1,0,0,0,0,0,0,0,"keyboard-worker","OK",1784211244437,19756,1275
959,1784211244512,19831,19831,0,-1,0,0,0,0,75,78,120,110,53,217.06,68,25,38,-1025,-1,0,0,0,0,0,0,0,"keyboard-worker","OK",1784211244487,19806,1276
960,1784211244649,19968,19967,1,-1,0,0,0,0,75,78,122,110,53,216.99,68,-2,23,-1042,-1,0,0,0,0,0,0,0,"keyboard-worker","OK",1784211244638,19956,1279
961,1784211244779,20098,20098,1,-1,0,0,0,0,75,78,123,110,53,217.33,68,9,37,-981,-1,0,0,0,0,0,0,0,"keyboard-worker","OK",1784211244738,20056,1281
962,1784211244823,20142,20141,0,-1,0,0,0,0,75,78,123,110,53,217.47,68,6,33,-977,-1,0,0,0,0,0,0,0,"keyboard-worker","OK",1784211244788,20106,1282
963,1784211244923,20242,20241,0,-1,0,0,0,0,75,78,124,110,53,217.02,68,1,21,-1006,-1,0,0,0,0,0,0,0,"keyboard-worker","OK",1784211244888,20207,1284
964,1784211245017,20336,20336,0,-1,0,0,0,0,75,78,124,110,53,217.18,68,15,28,-969,-1,0,0,0,0,0,0,0,"keyboard-worker","OK",1784211244989,20307,1286
965,1784211245119,20438,20438,0,-1,0,0,0,0,75,78,125,110,53,216.97,68,6,17,-952,-1,0,0,0,0,0,0,0,"keyboard-worker","OK",1784211245089,20408,1288
966,1784211245221,20540,20540,1,-1,0,0,0,0,75,78,125,110,53,217.15,68,1,21,-998,-1,0,0,0,0,0,0,0,"keyboard-worker","OK",1784211245189,20508,1290
967,1784211245323,20642,20642,0,-1,0,0,0,0,75,78,125,110,53,217.21,69,23,27,-983,-1,0,0,0,0,0,0,0,"keyboard-worker","OK",1784211245290,20608,1292
968,1784211245425,20744,20744,0,-1,0,0,0,0,75,78,125,110,53,217.04,69,17,7,-995,-1,0,0,0,0,0,0,0,"keyboard-worker","OK",1784211245390,20708,1294
969,1784211245529,20848,20847,0,-1,0,0,0,0,75,78,124,110,53,217.02,69,17,21,-1008,-1,0,0,0,0,0,0,0,"keyboard-worker","OK",1784211245490,20809,1296
970,1784211245629,20948,20948,0,0,0,0,0,0,75,78,124,110,53,217.26,69,27,19,-980,-1,0,0,0,0,0,0,0,"keyboard-worker","OK",1784211245590,20909,1298
971,1784211245731,21050,21050,0,0,0,0,0,0,75,78,123,110,53,217.18,69,-2,26,-992,-1,0,0,0,0,0,0,0,"keyboard-worker","OK",1784211245690,21009,1300
972,1784211245834,21153,21152,0,0,0,0,0,0,75,78,124,110,53,216.91,69,22,19,-984,-1,0,0,0,0,0,0,0,"keyboard-worker","OK",1784211245791,21109,1302
973,1784211245940,21259,21258,0,-1,0,0,0,0,75,78,123,110,53,217.22,69,-5,1,-1031,-1,0,0,0,0,0,0,0,"keyboard-worker","OK",1784211245891,21210,1304
974,1784211246044,21363,21362,0,-1,0,0,0,0,75,78,123,110,53,217.12,69,-8,16,-1009,-1,0,0,0,0,0,0,0,"keyboard-worker","OK",1784211246041,21360,1307
975,1784211246168,21487,21486,0,0,0,0,0,0,75,78,122,110,53,217.1,69,0,18,-987,-1,0,0,0,0,0,0,0,"keyboard-worker","OK",1784211246142,21461,1309
976,1784211246192,21511,21510,0,0,0,0,0,0,75,78,121,110,53,216.81,69,18,14,-936,-1,0,0,0,0,0,0,0,"keyboard-worker","OK",1784211246192,21511,1310
977,1784211246295,21614,21614,0,0,0,0,0,0,75,78,120,110,53,217.25,70,-2,11,-996,-1,0,0,0,0,0,0,0,"keyboard-worker","OK",1784211246292,21611,1312
978,1784211246395,21714,21714,0,0,-1,0,0,0,75,78,119,110,53,217.07,70,-15,27,-1014,-1,0,0,0,0,0,0,0,"keyboard-worker","OK",1784211246393,21711,1314
979,1784211246548,21867,21867,0,0,-1,0,0,0,75,77,118,110,53,216.89,70,-3,10,-1002,-1,0,0,0,0,0,0,0,"keyboard-worker","OK",1784211246543,21862,1317
980,1784211246599,21918,21918,0,0,-1,0,0,0,75,77,116,110,53,217.13,70,-15,57,-984,-1,0,0,0,0,0,0,0,"keyboard-worker","OK",1784211246593,21912,1318
981,1784211246701,22020,22020,0,0,-1,0,0,1,75,77,115,110,53,216.96,70,-14,49,-1059,-1,0,0,0,0,0,0,0,"keyboard-worker","OK",1784211246694,22012,1320
982,1784211246806,22125,22124,0,-1,0,0,0,0,75,77,114,100,53,216.85,70,15,11,-1033,-1,0,0,0,0,0,0,0,"keyboard-worker","OK",1784211246794,22113,1322
983,1784211246907,22226,22225,0,0,0,0,0,0,75,77,114,100,53,216.99,70,-17,29,-1080,-1,0,0,0,0,0,0,0,"keyboard-worker","OK",1784211246894,22213,1324
984,1784211247009,22328,22328,0,0,0,0,0,0,75,77,114,100,53,217,70,-28,16,-1038,-1,0,0,0,0,0,0,0,"keyboard-worker","OK",1784211246995,22313,1326
985,1784211247110,22429,22429,0,0,0,0,0,0,75,77,114,100,53,216.84,70,-7,19,-1035,-1,0,0,0,0,0,0,0,"keyboard-worker","OK",1784211247095,22414,1328
986,1784211247211,22530,22530,0,0,0,0,0,0,75,77,114,100,53,216.92,70,-11,31,-992,-1,0,0,0,0,0,0,0,"keyboard-worker","OK",1784211247196,22514,1330
987,1784211247313,22632,22632,-1,0,0,0,0,0,75,77,114,100,53,216.91,71,32,17,-990,-1,0,0,0,0,0,0,0,"keyboard-worker","OK",1784211247296,22615,1332
988,1784211247415,22734,22734,0,-1,0,0,0,0,75,77,114,100,53,216.66,71,12,23,-1040,-1,0,0,0,0,0,0,0,"keyboard-worker","OK",1784211247396,22715,1334
989,1784211247517,22836,22836,0,0,0,0,0,0,75,78,114,100,53,217.07,71,-33,21,-1024,-1,0,0,0,0,0,-35,0,"keyboard-worker","OK",1784211247497,22815,1336
990,1784211247620,22939,22939,0,-1,0,0,0,0,75,78,114,100,53,217.14,71,19,39,-957,-1,0,0,0,0,0,-35,0,"keyboard-worker","OK",1784211247597,22916,1338
991,1784211247722,23041,23041,0,-1,0,0,0,0,75,78,115,100,53,216.87,71,18,32,-931,-1,0,0,0,0,0,-35,0,"keyboard-worker","OK",1784211247697,23016,1340
992,1784211247824,23143,23143,0,-1,0,0,0,1,75,78,114,100,53,217.19,71,26,15,-940,-1,0,0,0,0,0,-35,0,"keyboard-worker","OK",1784211247797,23116,1342
993,1784211247926,23245,23245,0,-1,0,0,0,1,75,78,113,100,53,217.05,71,4,35,-1036,-1,0,0,0,0,0,-35,0,"keyboard-worker","OK",1784211247898,23216,1344
994,1784211248028,23347,23347,0,-1,0,0,0,1,75,78,112,100,53,216.95,71,5,26,-974,-1,0,0,0,0,0,0,0,"keyboard-worker","OK",1784211247998,23316,1346
995,1784211248130,23449,23449,1,0,0,0,0,1,75,78,111,100,53,216.99,71,14,40,-987,-1,0,0,0,0,0,0,0,"keyboard-worker","OK",1784211248098,23417,1348
996,1784211248232,23551,23551,1,0,0,0,0,1,75,78,110,100,53,217.1,72,-3,37,-1063,-1,0,0,0,0,0,0,0,"keyboard-worker","OK",1784211248199,23517,1350
997,1784211248334,23653,23653,1,-1,0,0,0,1,75,78,109,100,53,217.21,72,-4,30,-1037,-1,0,0,0,0,0,0,0,"keyboard-worker","OK",1784211248299,23618,1352
998,1784211248439,23758,23758,0,-1,0,0,0,0,75,78,109,100,53,217.1,72,0,23,-1075,-1,0,0,0,0,0,0,0,"keyboard-worker","OK",1784211248399,23718,1354
999,1784211248538,23857,23857,0,-1,0,0,0,0,76,78,109,100,53,216.9,72,14,24,-1043,-1,0,0,0,0,0,0,0,"keyboard-worker","OK",1784211248500,23818,1356
1000,1784211248646,23965,23965,0,-1,0,0,0,0,76,78,109,100,53,216.91,72,36,12,-1006,-1,0,0,0,0,0,0,0,"keyboard-worker","OK",1784211248600,23919,1358
1001,1784211248747,24066,24066,0,-1,0,0,0,0,76,78,110,100,53,216.98,72,16,40,-945,-1,0,0,0,0,0,0,0,"keyboard-worker","OK",1784211248700,24019,1360
1002,1784211248845,24164,24164,1,-1,0,0,0,0,76,78,110,100,53,217.07,72,0,26,-1015,-1,0,0,0,0,0,0,0,"keyboard-worker","OK",1784211248801,24120,1362
1003,1784211248947,24266,24266,1,-1,0,0,0,0,76,78,109,100,53,216.92,72,-13,21,-949,-1,0,0,0,0,0,0,0,"keyboard-worker","OK",1784211248901,24220,1364
1004,1784211249049,24368,24368,0,-1,0,0,0,0,76,78,109,100,53,217,72,18,51,-968,-1,0,0,0,0,0,0,0,"keyboard-worker","OK",1784211249001,24320,1366
1005,1784211249151,24470,24470,1,-1,0,0,0,0,76,78,109,100,53,216.91,72,17,29,-989,-1,0,0,0,0,0,0,0,"keyboard-worker","OK",1784211249102,24421,1368
1006,1784211249260,24579,24578,2,-1,0,0,0,0,76,78,109,100,53,216.89,73,69,-1,-1001,-1,0,0,0,0,0,0,0,"keyboard-worker","OK",1784211249252,24571,1371
1007,1784211249355,24674,24674,2,-1,0,0,0,0,76,78,109,100,53,217.09,73,43,20,-983,-1,0,0,0,0,0,0,0,"keyboard-worker","OK",1784211249353,24671,1373
1008,1784211249457,24776,24776,1,-1,0,0,0,0,76,78,109,100,53,217.01,73,6,19,-1027,-1,0,0,0,0,0,0,0,"keyboard-worker","OK",1784211249453,24772,1375
1009,1784211249559,24878,24878,1,0,0,0,0,0,75,78,110,100,53,217.16,73,14,30,-1004,-1,0,0,0,0,0,0,0,"keyboard-worker","OK",1784211249553,24872,1377
1010,1784211249661,24980,24980,0,-1,0,0,0,0,75,78,110,100,53,217.09,73,54,39,-911,-1,0,0,0,0,0,0,0,"keyboard-worker","OK",1784211249653,24972,1379
1011,1784211249763,25082,25082,1,-2,0,0,0,0,75,78,110,100,53,216.76,73,-4,32,-1027,-1,0,0,0,0,0,0,0,"keyboard-worker","OK",1784211249754,25072,1381
1012,1784211249865,25184,25184,1,-2,0,0,0,0,75,78,109,100,53,216.8,73,20,27,-1014,-1,0,0,0,0,0,0,0,"keyboard-worker","OK",1784211249854,25173,1383
1013,1784211249968,25287,25287,1,-2,0,0,0,0,75,78,109,100,53,217.31,73,22,35,-993,-1,0,0,0,0,0,0,0,"keyboard-worker","OK",1784211249954,25273,1385
1014,1784211250073,25392,25391,1,-1,0,0,0,0,75,78,108,100,53,217.06,73,18,28,-998,-1,0,0,0,0,0,0,0,"keyboard-worker","OK",1784211250055,25373,1387
1015,1784211250175,25494,25494,1,-1,0,0,0,0,75,78,108,100,53,217.12,73,27,31,-982,-1,0,0,0,0,0,0,0,"keyboard-worker","OK",1784211250155,25474,1389
1016,1784211250223,25542,25542,0,-1,0,0,0,0,75,78,108,100,53,216.91,74,29,25,-976,-1,0,0,0,0,0,0,0,"keyboard-worker","OK",1784211250205,25524,1390
1017,1784211250324,25643,25643,0,-1,0,0,0,0,75,78,108,100,53,217.14,74,-2,18,-1040,-1,0,0,0,0,0,0,0,"keyboard-worker","OK",1784211250305,25624,1392
1018,1784211250426,25745,25745,0,-2,0,0,0,0,75,78,108,100,53,217.29,74,27,13,-1026,-1,0,0,0,0,0,0,0,"keyboard-worker","OK",1784211250406,25724,1394
1019,1784211250582,25901,25900,0,-1,0,0,0,0,76,79,109,100,53,216.98,74,12,28,-990,-1,0,0,0,0,0,0,0,"keyboard-worker","OK",1784211250556,25875,1397
1020,1784211250683,26002,26002,0,-1,0,0,0,0,76,79,109,100,53,217.09,74,-3,28,-1009,-1,0,0,0,0,0,0,0,"keyboard-worker","OK",1784211250656,25975,1399
1021,1784211250797,26116,26115,0,-1,0,0,0,0,76,79,109,100,53,217.02,74,-3,28,-964,-1,0,0,0,0,0,0,0,"keyboard-worker","OK",1784211250757,26075,1401
1022,1784211250834,26153,26153,0,-1,0,0,0,0,76,79,109,100,53,216.57,74,-3,23,-987,-1,0,0,0,0,0,0,0,"keyboard-worker","OK",1784211250807,26125,1402
1023,1784211250937,26256,26255,0,-1,0,0,0,0,76,79,110,100,53,216.99,74,0,30,-994,-1,0,0,0,0,0,0,0,"keyboard-worker","OK",1784211250907,26226,1404
1024,1784211251044,26363,26363,0,-2,0,0,0,0,76,79,110,100,53,217.1,74,35,21,-970,-1,0,0,0,0,0,0,0,"keyboard-worker","OK",1784211251008,26326,1406
1025,1784211251143,26462,26462,0,-2,0,0,0,0,76,79,110,100,53,217.07,74,25,15,-1047,-1,0,0,0,0,0,0,0,"keyboard-worker","OK",1784211251108,26427,1408
1026,1784211251245,26564,26564,0,-2,0,0,0,0,76,79,110,100,53,216.9,75,12,36,-947,-1,0,0,0,0,0,0,0,"keyboard-worker","OK",1784211251208,26527,1410
1027,1784211251345,26664,26664,0,-1,0,0,0,0,76,79,110,100,53,216.61,75,25,19,-1038,-1,0,0,0,0,0,0,0,"keyboard-worker","OK",1784211251308,26627,1412
1028,1784211251447,26766,26766,0,-1,0,0,0,0,76,79,110,100,53,216.94,75,24,17,-973,-1,0,0,0,0,0,0,0,"keyboard-worker","OK",1784211251409,26728,1414
1029,1784211251549,26868,26867,1,-1,0,0,0,0,75,79,110,100,53,216.9,75,33,9,-998,-1,0,0,0,0,0,0,0,"keyboard-worker","OK",1784211251509,26828,1416
1030,1784211251651,26970,26970,1,0,0,0,0,0,75,79,110,100,53,216.89,75,74,17,-979,-1,0,0,0,0,0,0,0,"keyboard-worker","OK",1784211251610,26928,1418
1031,1784211251753,27072,27071,1,0,0,0,0,0,75,79,110,100,53,217.01,75,35,21,-1028,-1,0,0,0,0,0,-35,0,"keyboard-worker","OK",1784211251710,27029,1420
1032,1784211251855,27174,27174,1,0,0,0,0,0,75,79,109,100,53,217.11,75,36,16,-918,-1,0,0,0,0,0,-35,0,"keyboard-worker","OK",1784211251810,27129,1422
1033,1784211251957,27276,27276,2,-1,0,0,0,1,75,79,109,100,53,216.85,75,38,14,-965,-1,0,0,0,0,0,-35,0,"keyboard-worker","OK",1784211251911,27229,1424
1034,1784211252059,27378,27378,2,0,-1,0,0,1,75,79,107,100,53,216.7,75,13,29,-990,-1,0,0,0,0,0,-35,0,"keyboard-worker","OK",1784211252011,27329,1426
1035,1784211252161,27480,27480,1,0,-1,0,0,1,75,79,105,90,53,216.8,75,25,40,-936,-1,0,0,0,0,0,-35,0,"keyboard-worker","OK",1784211252161,27480,1429
1036,1784211252263,27582,27581,1,0,-1,0,0,2,75,79,103,90,53,216.67,76,9,5,-988,-1,0,0,0,0,0,-35,0,"keyboard-worker","OK",1784211252261,27580,1431
1037,1784211252365,27684,27684,0,0,-1,0,0,2,75,79,101,90,53,216.7,76,19,36,-937,-1,0,0,0,0,0,-35,0,"keyboard-worker","OK",1784211252362,27681,1433
1038,1784211252467,27786,27785,0,0,-1,0,0,2,75,79,99,90,53,216.81,76,31,-25,-939,-1,0,0,0,0,0,0,0,"keyboard-worker","OK",1784211252462,27781,1435
1039,1784211252569,27888,27888,0,0,-1,0,0,2,76,77,97,90,53,216.86,76,41,-30,-993,-1,0,0,0,0,0,0,0,"keyboard-worker","OK",1784211252563,27881,1437
1040,1784211252673,27992,27992,0,0,-1,0,0,1,76,77,95,80,53,216.59,76,9,-16,-1043,-1,0,0,0,0,0,0,0,"keyboard-worker","OK",1784211252663,27982,1439
1041,1784211252777,28096,28095,0,0,-1,0,0,1,76,77,94,80,53,216.58,76,10,36,-1054,-1,0,0,0,0,0,0,0,"keyboard-worker","OK",1784211252763,28082,1441
1042,1784211252878,28197,28196,0,0,-1,0,0,0,76,77,93,80,53,216.82,76,14,-16,-966,-1,0,0,0,0,0,0,0,"keyboard-worker","OK",1784211252864,28182,1443
1043,1784211252977,28296,28296,0,0,-1,0,0,0,76,77,92,80,53,216.85,76,-2,10,-1018,-1,0,0,0,0,0,0,0,"keyboard-worker","OK",1784211252964,28283,1445
1044,1784211253079,28398,28397,0,0,-1,0,0,0,76,77,92,80,53,216.72,76,4,-17,-1011,-1,0,0,0,0,0,0,0,"keyboard-worker","OK",1784211253065,28383,1447
1045,1784211253181,28500,28499,0,-1,-1,0,0,0,76,77,91,80,53,217.22,76,47,-20,-950,-1,0,0,0,0,0,0,0,"keyboard-worker","OK",1784211253165,28484,1449
1046,1784211253283,28602,28601,0,-1,0,0,0,0,76,77,91,80,53,217.03,77,14,29,-1039,-1,0,0,0,0,0,0,0,"keyboard-worker","OK",1784211253266,28584,1451
1047,1784211253385,28704,28704,0,-1,0,0,0,0,76,77,91,80,53,216.97,77,21,-3,-987,-1,0,0,0,0,0,0,0,"keyboard-worker","OK",1784211253366,28684,1453
1048,1784211253487,28806,28805,0,-1,0,0,0,0,76,77,91,80,53,216.95,77,3,79,-1023,-1,0,0,0,0,0,0,0,"keyboard-worker","OK",1784211253466,28785,1455
1049,1784211253589,28908,28907,0,0,0,0,0,0,76,77,91,80,53,216.92,77,-9,-16,-1020,-1,0,0,0,0,0,0,0,"keyboard-worker","OK",1784211253566,28885,1457
1050,1784211253691,29010,29010,0,0,0,0,0,0,76,77,91,80,53,216.93,77,14,11,-962,-1,0,0,0,0,0,0,0,"keyboard-worker","OK",1784211253667,28985,1459
1051,1784211253793,29112,29111,0,-1,0,0,0,0,76,77,92,80,53,216.45,77,-15,9,-1010,-1,0,0,0,0,0,0,0,"keyboard-worker","OK",1784211253767,29086,1461
1052,1784211253895,29214,29213,0,-2,0,0,0,0,76,77,92,80,53,216.95,77,-1,26,-1035,-1,0,0,0,0,0,0,0,"keyboard-worker","OK",1784211253867,29186,1463
1053,1784211253997,29316,29316,0,-1,0,0,0,0,76,77,92,80,53,216.73,77,18,20,-995,-1,0,0,0,0,0,0,0,"keyboard-worker","OK",1784211253968,29286,1465
1054,1784211254099,29418,29417,0,-1,0,0,0,0,76,77,93,80,53,216.81,77,0,7,-997,-1,0,0,0,0,0,0,0,"keyboard-worker","OK",1784211254068,29386,1467
1055,1784211254202,29521,29521,0,0,0,0,0,0,76,77,93,80,53,216.79,77,10,30,-1001,-1,0,0,0,0,0,0,0,"keyboard-worker","OK",1784211254168,29487,1469
1056,1784211254252,29571,29570,0,0,0,0,0,0,76,77,93,80,53,216.72,78,-11,38,-979,-1,0,0,0,0,0,0,0,"keyboard-worker","OK",1784211254218,29537,1470
1057,1784211254354,29673,29672,0,-1,0,0,0,0,76,77,93,80,53,216.64,78,1,18,-966,-1,0,0,0,0,0,0,0,"keyboard-worker","OK",1784211254318,29637,1472
1058,1784211254456,29775,29774,0,-2,0,0,0,0,76,77,93,80,53,216.9,78,-15,30,-1005,-1,0,0,0,0,0,0,0,"keyboard-worker","OK",1784211254419,29737,1474
1059,1784211254558,29877,29877,0,-2,0,0,0,0,75,78,93,80,53,216.74,78,15,19,-995,-1,0,0,0,0,0,0,0,"keyboard-worker","OK",1784211254519,29838,1476
1060,1784211254660,29979,29979,0,-1,0,0,0,0,75,78,93,80,53,216.99,78,18,32,-990,-1,0,0,0,0,0,0,0,"keyboard-worker","OK",1784211254619,29938,1478
1061,1784211254762,30081,30080,0,-1,0,0,0,0,75,78,92,80,53,216.87,78,-12,27,-989,-1,0,0,0,0,0,0,0,"keyboard-worker","OK",1784211254720,30038,1480
1062,1784211254864,30183,30182,0,-1,0,0,0,0,75,78,93,80,53,216.83,78,15,21,-992,-1,0,0,0,0,0,0,0,"keyboard-worker","OK",1784211254820,30138,1482
1063,1784211254967,30286,30286,0,-1,0,0,0,0,75,78,93,80,53,216.78,78,-3,28,-984,-1,0,0,0,0,0,0,0,"keyboard-worker","OK",1784211254920,30239,1484
1064,1784211255073,30392,30392,0,-1,0,0,0,0,75,78,92,80,53,216.62,78,-10,22,-997,-1,0,0,0,0,0,0,0,"keyboard-worker","OK",1784211255071,30389,1487
1065,1784211255174,30493,30493,0,-1,0,0,0,0,75,78,93,80,53,216.83,78,-19,17,-1010,-1,0,0,0,0,0,0,0,"keyboard-worker","OK",1784211255171,30490,1489
1066,1784211255275,30594,30594,0,-1,0,0,0,0,75,78,92,80,53,216.8,79,4,35,-991,-1,0,0,0,0,0,0,0,"keyboard-worker","OK",1784211255272,30590,1491
1067,1784211255377,30696,30696,0,-2,0,0,0,0,75,78,93,80,53,216.75,79,22,25,-981,-1,0,0,0,0,0,0,0,"keyboard-worker","OK",1784211255372,30690,1493
1068,1784211255477,30796,30795,0,-1,0,0,0,0,75,78,93,80,53,217.15,79,28,30,-1025,-1,0,0,0,0,0,0,0,"keyboard-worker","OK",1784211255472,30791,1495
1069,1784211255579,30898,30897,0,-1,0,0,0,0,76,78,93,80,53,216.73,79,-13,14,-974,-1,0,0,0,0,0,0,0,"keyboard-worker","OK",1784211255572,30891,1497
1070,1784211255681,31000,30999,0,0,0,0,0,0,76,78,93,80,53,216.52,79,33,16,-1025,-1,0,0,0,0,0,0,0,"keyboard-worker","OK",1784211255673,30991,1499
1071,1784211255783,31102,31101,0,0,0,0,0,0,76,78,93,80,53,216.77,79,3,31,-966,-1,0,0,0,0,0,0,0,"keyboard-worker","OK",1784211255773,31092,1501
1072,1784211255885,31204,31203,0,0,0,0,0,0,76,78,93,80,53,216.92,79,12,11,-994,-1,0,0,0,0,0,0,0,"keyboard-worker","OK",1784211255873,31192,1503
1073,1784211255987,31306,31305,0,0,0,0,0,0,76,78,93,80,53,216.67,79,-6,30,-1043,-1,0,0,0,0,0,0,0,"keyboard-worker","OK",1784211255973,31292,1505
1074,1784211256089,31408,31407,0,0,0,0,0,0,76,78,93,80,53,216.92,79,4,11,-989,-1,0,0,0,0,0,0,0,"keyboard-worker","OK",1784211256074,31392,1507
1075,1784211256191,31510,31510,0,-1,0,0,0,0,76,78,93,80,53,216.79,79,12,19,-982,-1,0,0,0,0,0,0,0,"keyboard-worker","OK",1784211256174,31492,1509
1076,1784211256294,31613,31613,0,-1,0,0,0,0,76,78,93,80,53,216.74,80,22,-1,-1043,-1,0,0,0,0,0,0,0,"keyboard-worker","OK",1784211256274,31593,1511
1077,1784211256395,31714,31714,0,0,0,0,0,0,76,78,93,80,53,216.91,80,-6,13,-1054,-1,0,0,0,0,0,0,0,"keyboard-worker","OK",1784211256375,31693,1513
1078,1784211256497,31816,31816,0,0,0,0,0,0,76,78,93,80,53,216.7,80,11,15,-996,-1,0,0,0,0,0,0,0,"keyboard-worker","OK",1784211256475,31794,1515
1079,1784211256599,31918,31917,0,0,0,0,0,0,76,79,93,80,53,216.74,80,34,5,-967,-1,0,0,0,0,0,0,0,"keyboard-worker","OK",1784211256575,31894,1517
1080,1784211256701,32020,32019,0,0,0,0,0,0,76,79,93,80,53,216.98,80,12,-6,-962,-1,0,0,0,0,0,0,0,"keyboard-worker","OK",1784211256676,31994,1519
1081,1784211256805,32124,32123,1,0,0,0,0,0,76,79,93,80,53,216.99,80,-21,11,-1008,-1,0,0,0,0,0,0,0,"keyboard-worker","OK",1784211256776,32095,1521
1082,1784211256909,32228,32228,1,0,0,0,0,0,76,79,92,80,53,216.85,80,-1,-1,-1002,-1,0,0,0,0,0,0,0,"keyboard-worker","OK",1784211256876,32195,1523
1083,1784211257009,32328,32328,1,0,0,0,0,0,76,79,92,80,53,216.85,80,-9,12,-1024,-1,0,0,0,0,0,0,0,"keyboard-worker","OK",1784211256976,32295,1525
1084,1784211257110,32429,32428,0,0,0,0,0,0,76,79,91,80,53,216.93,80,23,0,-1014,-1,0,0,0,0,0,0,0,"keyboard-worker","OK",1784211257077,32395,1527
1085,1784211257212,32531,32530,0,0,0,0,0,0,76,79,91,80,53,216.93,80,-2,-13,-973,-1,0,0,0,0,0,0,0,"keyboard-worker","OK",1784211257177,32495,1529
1086,1784211257314,32633,32632,0,0,0,0,0,0,76,79,91,80,53,216.8,81,8,4,-1029,-1,0,0,0,0,0,0,0,"keyboard-worker","OK",1784211257277,32596,1531
1087,1784211257416,32735,32734,0,0,-1,0,0,0,76,79,91,80,53,217.13,81,-7,30,-973,-1,0,0,0,0,0,0,-35,"keyboard-worker","OK",1784211257377,32696,1533
1088,1784211257518,32837,32836,0,0,-1,0,0,0,76,79,91,80,53,216.99,81,0,23,-1024,-1,0,0,0,0,0,0,-35,"keyboard-worker","OK",1784211257477,32796,1535
1089,1784211257620,32939,32938,0,0,-3,0,0,0,76,78,91,80,53,216.98,81,-41,-19,-1038,-1,0,0,0,0,0,0,-35,"keyboard-worker","OK",1784211257578,32896,1537
1090,1784211257722,33041,33040,-1,0,-5,0,0,0,76,78,90,80,53,216.93,81,5,-21,-970,-1,0,0,0,0,0,0,-35,"keyboard-worker","OK",1784211257678,32997,1539
1091,1784211257824,33143,33142,-1,0,-8,0,0,0,76,78,91,80,53,216.78,81,-17,30,-1032,-1,0,0,0,0,0,0,-35,"keyboard-worker","OK",1784211257778,33097,1541
1092,1784211257926,33245,33244,0,0,-11,0,0,0,76,78,91,80,53,216.83,81,-8,40,-1020,-1,0,0,0,0,0,0,0,"keyboard-worker","OK",1784211257878,33197,1543
1093,1784211258028,33347,33346,0,0,-14,0,0,0,76,78,91,80,53,216.53,81,-29,0,-1026,-1,0,0,0,0,0,0,0,"keyboard-worker","OK",1784211257978,33297,1545
1094,1784211258080,33399,33399,0,0,-15,0,0,0,76,78,91,80,53,216.6,81,4,28,-1040,-1,0,0,0,0,0,0,0,"keyboard-worker","OK",1784211258079,33397,1547
1095,1784211258182,33501,33500,0,0,-15,0,0,0,76,78,91,80,53,216.73,81,4,42,-1021,-1,0,0,0,0,0,0,0,"keyboard-worker","OK",1784211258179,33498,1549
1096,1784211258283,33602,33601,-1,0,-15,0,0,0,76,78,91,80,53,217,82,-51,0,-1014,-1,0,0,0,0,0,0,0,"keyboard-worker","OK",1784211258279,33598,1551
1097,1784211258385,33704,33704,-1,0,-16,0,0,0,76,78,91,80,53,216.7,82,-15,22,-1005,-1,0,0,0,0,0,0,0,"keyboard-worker","OK",1784211258380,33698,1553
1098,1784211258487,33806,33806,-1,0,-16,0,0,0,76,78,91,80,53,216.77,82,-6,4,-991,-1,0,0,0,0,0,0,0,"keyboard-worker","OK",1784211258480,33799,1555
1099,1784211258590,33909,33908,-1,0,-16,0,0,0,76,78,91,80,53,216.89,82,-33,11,-1008,-1,0,0,0,0,0,0,0,"keyboard-worker","OK",1784211258580,33899,1557
1100,1784211258692,34011,34011,-1,0,-16,0,0,0,76,78,91,80,53,216.62,82,-22,4,-1004,-1,0,0,0,0,0,0,0,"keyboard-worker","OK",1784211258681,33999,1559
1101,1784211258795,34114,34113,-1,0,-16,0,0,0,76,78,91,80,53,216.75,82,-8,-5,-964,-1,0,0,0,0,0,0,0,"keyboard-worker","OK",1784211258781,34100,1561
1102,1784211258896,34215,34214,-1,0,-16,0,0,0,76,78,91,80,53,216.67,82,-39,9,-1016,-1,0,0,0,0,0,0,0,"keyboard-worker","OK",1784211258882,34200,1563
1103,1784211258998,34317,34317,-1,0,-16,0,0,0,76,78,91,80,53,216.61,82,-5,20,-1004,-1,0,0,0,0,0,0,0,"keyboard-worker","OK",1784211258982,34300,1565
1104,1784211259107,34426,34425,-1,-1,-16,0,0,0,76,78,91,80,53,216.84,82,-25,12,-1021,-1,0,0,0,0,0,0,0,"keyboard-worker","OK",1784211259082,34401,1567
1105,1784211259205,34524,34524,-1,-1,-16,0,0,0,76,78,91,80,53,216.72,82,-23,9,-999,-1,0,0,0,0,0,0,0,"keyboard-worker","OK",1784211259182,34501,1569
1106,1784211259312,34631,34631,-1,0,-16,0,0,0,76,78,91,80,53,216.45,83,-28,23,-995,-1,0,0,0,0,0,0,0,"keyboard-worker","OK",1784211259283,34601,1571
1107,1784211259413,34732,34732,-1,0,-16,0,0,0,76,78,92,80,53,216.67,83,-24,7,-1010,-1,0,0,0,0,0,0,0,"keyboard-worker","OK",1784211259383,34701,1573
1108,1784211259515,34834,34833,-1,0,-16,0,0,0,76,78,92,80,53,216.73,83,3,8,-988,-1,0,0,0,0,0,0,0,"keyboard-worker","OK",1784211259483,34802,1575
1109,1784211259618,34937,34936,-1,0,-16,0,0,0,75,78,92,80,53,216.85,83,0,7,-1018,-1,0,0,0,0,0,0,0,"keyboard-worker","OK",1784211259583,34902,1577
1110,1784211259714,35033,35032,-1,0,-16,0,0,0,75,78,92,80,53,216.81,83,-30,13,-1008,-1,0,0,0,0,0,0,0,"keyboard-worker","OK",1784211259684,35002,1579
1111,1784211259816,35135,35134,0,0,-16,0,0,0,75,78,92,80,53,216.67,83,-15,0,-984,-1,0,0,0,0,0,0,0,"keyboard-worker","OK",1784211259784,35102,1581
1112,1784211259918,35237,35236,-1,0,-16,0,0,0,75,78,92,80,53,216.9,83,13,4,-1009,-1,0,0,0,0,0,0,0,"keyboard-worker","OK",1784211259884,35203,1583
1113,1784211260020,35339,35338,0,0,-16,0,0,0,75,78,93,80,53,216.54,83,9,17,-989,-1,0,0,0,0,0,0,0,"keyboard-worker","OK",1784211259984,35303,1585
1114,1784211260122,35441,35441,-1,0,-16,0,0,0,75,78,92,80,53,216.79,83,-5,15,-1011,-1,0,0,0,0,0,0,0,"keyboard-worker","OK",1784211260085,35404,1587
1115,1784211260228,35547,35546,0,0,-16,0,0,0,75,78,92,80,53,216.85,83,-22,-3,-979,-1,0,0,0,0,0,0,0,"keyboard-worker","OK",1784211260185,35504,1589
1116,1784211260326,35645,35644,0,0,-16,0,0,0,75,78,92,80,53,216.52,84,-7,11,-979,-1,0,0,0,0,0,0,0,"keyboard-worker","OK",1784211260285,35604,1591
1117,1784211260428,35747,35746,0,0,-16,0,0,0,75,78,92,80,53,216.81,84,-5,24,-1025,-1,0,0,0,0,0,0,0,"keyboard-worker","OK",1784211260386,35704,1593
1118,1784211260530,35849,35848,0,0,-16,0,0,0,75,78,92,80,53,217.04,84,-11,23,-1004,-1,0,0,0,0,0,0,0,"keyboard-worker","OK",1784211260486,35805,1595
1119,1784211260634,35953,35952,0,0,-16,0,0,0,76,77,92,80,53,216.57,84,-26,5,-1019,-1,0,0,0,0,0,0,0,"keyboard-worker","OK",1784211260587,35905,1597
1120,1784211260743,36062,36062,0,0,-16,0,0,0,76,77,91,80,53,216.71,84,-9,0,-993,-1,0,0,0,0,0,0,-35,"keyboard-worker","OK",1784211260737,36056,1600
1121,1784211260848,36167,36166,0,0,-16,0,0,0,76,77,91,80,53,216.81,84,5,5,-985,-1,0,0,0,0,0,0,-35,"keyboard-worker","OK",1784211260837,36156,1602
1122,1784211260949,36268,36267,0,0,-19,0,0,0,76,77,91,80,53,216.78,84,-15,1,-968,-1,0,0,0,0,0,0,-35,"keyboard-worker","OK",1784211260938,36257,1604
1123,1784211261049,36368,36368,0,0,-21,0,0,0,76,77,91,80,53,216.79,84,7,-34,-977,-1,0,0,0,0,0,0,-35,"keyboard-worker","OK",1784211261038,36357,1606
1124,1784211261150,36469,36469,0,0,-23,0,0,0,76,77,91,80,53,216.73,84,-20,29,-1043,-1,0,0,0,0,0,0,-35,"keyboard-worker","OK",1784211261139,36457,1608
1125,1784211261247,36566,36566,0,0,-25,0,0,0,76,77,91,80,53,216.85,85,18,-12,-997,-1,0,0,0,0,0,0,-35,"keyboard-worker","OK",1784211261239,36557,1610
1126,1784211261351,36670,36670,0,0,-28,0,0,0,76,77,91,80,53,216.62,85,-25,21,-1043,-1,0,0,0,0,0,0,0,"keyboard-worker","OK",1784211261339,36658,1612
1127,1784211261449,36768,36767,0,0,-28,0,0,0,76,77,91,80,53,216.52,85,-28,27,-948,-1,0,0,0,0,0,0,0,"keyboard-worker","OK",1784211261439,36758,1614
1128,1784211261560,36879,36878,0,0,-28,0,0,0,76,77,92,80,53,216.95,85,10,40,-1029,-1,0,0,0,0,0,0,0,"keyboard-worker","OK",1784211261540,36858,1616
1129,1784211261653,36972,36971,0,0,-28,0,0,0,76,78,91,80,53,216.59,85,-16,-2,-986,-1,0,0,0,0,0,0,0,"keyboard-worker","OK",1784211261640,36959,1618
1130,1784211261756,37075,37075,0,0,-28,0,0,0,76,78,92,80,53,216.81,85,-14,0,-1018,-1,0,0,0,0,0,0,0,"keyboard-worker","OK",1784211261740,37059,1620
1131,1784211261859,37178,37177,0,0,-28,0,0,0,76,78,92,80,53,216.8,85,0,-3,-1001,-1,0,0,0,0,0,0,0,"keyboard-worker","OK",1784211261841,37159,1622
1132,1784211261961,37280,37280,0,0,-28,0,0,0,76,78,92,80,53,216.54,85,4,-5,-982,-1,0,0,0,0,0,0,0,"keyboard-worker","OK",1784211261941,37260,1624
1133,1784211262061,37380,37379,0,0,-28,0,0,0,76,78,92,80,53,217,85,-22,14,-999,-1,0,0,0,0,0,0,0,"keyboard-worker","OK",1784211262041,37360,1626
1134,1784211262163,37482,37481,0,0,-28,0,0,0,76,78,93,80,53,216.84,85,11,4,-976,-1,0,0,0,0,0,0,0,"keyboard-worker","OK",1784211262142,37461,1628
1135,1784211262213,37532,37532,0,0,-28,0,0,0,76,78,93,80,53,216.66,86,10,12,-1012,-1,0,0,0,0,0,0,0,"keyboard-worker","OK",1784211262192,37511,1629
1136,1784211262316,37635,37634,0,0,-28,0,0,0,76,78,93,80,53,216.61,86,-28,10,-1005,-1,0,0,0,0,0,0,0,"keyboard-worker","OK",1784211262293,37611,1631
1137,1784211262418,37737,37736,0,0,-28,0,0,0,76,78,93,80,53,216.73,86,0,-4,-971,-1,0,0,0,0,0,0,0,"keyboard-worker","OK",1784211262393,37711,1633
1138,1784211262519,37838,37838,0,0,-28,0,0,0,76,78,93,80,53,216.82,86,20,12,-987,-1,0,0,0,0,0,0,0,"keyboard-worker","OK",1784211262493,37812,1635
1139,1784211262622,37941,37940,0,0,-28,0,0,0,76,79,93,80,53,216.66,86,-20,7,-980,-1,0,0,0,0,0,0,0,"keyboard-worker","OK",1784211262593,37912,1637
1140,1784211262725,38044,38043,0,0,-28,0,0,0,76,79,94,80,53,216.55,86,15,-1,-1000,-1,0,0,0,0,0,0,0,"keyboard-worker","OK",1784211262694,38012,1639
1141,1784211262827,38146,38145,0,0,-28,0,0,0,76,79,93,80,53,216.74,86,9,20,-1011,-1,0,0,0,0,0,0,0,"keyboard-worker","OK",1784211262794,38113,1641
1142,1784211262929,38248,38247,0,0,-28,0,0,0,76,79,93,80,53,216.61,86,-19,12,-1008,-1,0,0,0,0,0,0,0,"keyboard-worker","OK",1784211262894,38213,1643
1143,1784211263031,38350,38349,0,0,-28,0,0,0,76,79,93,80,53,216.89,86,4,7,-1008,-1,0,0,0,0,0,0,0,"keyboard-worker","OK",1784211262994,38313,1645
1144,1784211263133,38452,38451,0,0,-29,0,0,0,76,79,93,80,53,216.99,86,21,-2,-975,-1,0,0,0,0,0,0,0,"keyboard-worker","OK",1784211263095,38413,1647
1145,1784211263240,38559,38559,0,0,-29,0,0,0,76,79,92,80,53,216.75,87,-19,22,-1014,-1,0,0,0,0,0,0,0,"keyboard-worker","OK",1784211263195,38514,1649
1146,1784211263339,38658,38658,0,0,-28,0,0,0,76,79,92,80,53,216.76,87,-12,8,-970,-1,0,0,0,0,0,0,0,"keyboard-worker","OK",1784211263295,38614,1651
1147,1784211263442,38761,38761,0,0,-28,0,0,0,76,79,92,80,53,216.95,87,-3,29,-1050,-1,0,0,0,0,0,0,0,"keyboard-worker","OK",1784211263396,38714,1653
1148,1784211263541,38860,38859,0,0,-28,0,0,0,76,79,91,80,53,217.04,87,11,14,-1002,-1,0,0,0,0,0,0,0,"keyboard-worker","OK",1784211263496,38814,1655
1149,1784211263646,38965,38965,0,-1,-28,0,0,0,75,79,92,80,53,216.56,87,25,13,-1012,-1,0,0,0,0,0,0,0,"keyboard-worker","OK",1784211263646,38965,1658
1150,1784211263745,39064,39064,0,-1,-28,0,0,0,75,79,91,80,53,216.9,87,-13,21,-1018,-1,0,0,0,0,0,0,0,"keyboard-worker","OK",1784211263696,39015,1659
1151,1784211263847,39166,39166,0,-1,-28,0,0,0,75,79,92,80,53,216.92,87,1,-1,-990,-1,0,0,0,0,0,0,35,"keyboard-worker","OK",1784211263847,39165,1662
1152,1784211263949,39268,39268,0,0,-27,0,0,0,75,79,91,80,53,216.93,87,3,18,-965,-1,0,0,0,0,0,0,35,"keyboard-worker","OK",1784211263947,39265,1664
1153,1784211264051,39370,39370,0,-1,-24,0,0,0,75,79,91,80,53,216.97,87,-11,27,-996,-1,0,0,0,0,0,0,35,"keyboard-worker","OK",1784211264047,39366,1666
1154,1784211264153,39472,39472,0,-1,-21,0,0,0,75,79,91,80,53,217.17,87,22,31,-1008,-1,0,0,0,0,0,0,35,"keyboard-worker","OK",1784211264147,39466,1668
1155,1784211264256,39575,39574,0,-1,-18,0,0,0,75,79,92,80,53,216.94,88,-12,20,-965,-1,0,0,0,0,0,0,35,"keyboard-worker","OK",1784211264247,39566,1670
1156,1784211264357,39676,39676,0,-1,-15,0,0,0,75,79,93,80,53,217.22,88,0,31,-1052,-1,0,0,0,0,0,0,0,"keyboard-worker","OK",1784211264348,39666,1672
1157,1784211264460,39779,39778,0,-1,-13,0,0,0,75,79,93,80,53,217.23,88,15,35,-999,-1,0,0,0,0,0,0,0,"keyboard-worker","OK",1784211264448,39767,1674
1158,1784211264583,39902,39902,0,-1,-12,0,0,0,75,79,93,80,53,216.82,88,-30,17,-982,-1,0,0,0,0,0,0,0,"keyboard-worker","OK",1784211264548,39867,1676
1159,1784211264664,39983,39982,0,-1,-11,0,0,0,77,79,94,80,53,216.9,88,26,13,-1050,-1,0,0,0,0,0,0,0,"keyboard-worker","OK",1784211264649,39967,1678
1160,1784211264892,40211,40210,0,-1,-10,0,0,0,77,79,94,80,53,217.17,88,48,12,-987,-1,0,0,0,0,0,0,0,"keyboard-worker","OK",1784211264850,40168,1682
1161,1784211264893,40212,40211,0,0,-10,0,0,0,77,79,94,80,53,216.81,88,9,5,-958,-1,0,0,0,0,0,0,0,"keyboard-worker","OK",1784211264850,40168,1682
1162,1784211265009,40328,40327,0,0,-9,0,0,0,77,79,94,80,53,217.18,88,27,22,-969,-1,0,0,0,0,0,0,0,"keyboard-worker","OK",1784211265000,40319,1685
1163,1784211265199,40518,40518,0,0,-9,0,0,0,77,79,94,80,53,217.05,88,0,-14,-933,-1,0,0,0,0,0,0,0,"keyboard-worker","OK",1784211265150,40469,1688
1164,1784211265313,40632,40631,0,0,-8,0,0,0,77,79,94,80,53,216.93,88,-24,36,-1051,-1,0,0,0,0,0,0,0,"keyboard-worker","OK",1784211265301,40619,1691
1165,1784211265337,40656,40655,0,-1,-8,0,0,0,77,79,94,80,53,217.04,89,9,19,-976,-1,0,0,0,0,0,0,0,"keyboard-worker","OK",1784211265301,40619,1691
1166,1784211265465,40784,40783,0,-1,-8,0,0,0,77,79,93,80,53,216.87,89,26,-8,-936,-1,0,0,0,0,0,0,0,"keyboard-worker","OK",1784211265451,40770,1694
1167,1784211265495,40814,40814,0,-1,-7,0,0,0,77,79,93,80,53,217.18,89,-20,-3,-988,-1,0,0,0,0,0,0,0,"keyboard-worker","OK",1784211265451,40770,1694
1168,1784211265693,41012,41012,0,-1,-7,0,0,0,77,79,94,80,53,217.13,89,18,-10,-1021,-1,0,0,0,0,0,0,0,"keyboard-worker","OK",1784211265652,40970,1698
1169,1784211265700,41019,41018,0,0,-7,0,0,0,76,79,94,80,53,216.92,89,21,0,-994,-1,0,0,0,0,0,0,0,"keyboard-worker","OK",1784211265652,40970,1698
1170,1784211265889,41208,41208,0,0,-7,0,0,0,76,79,95,80,53,216.98,89,39,-11,-955,-1,0,0,0,0,0,0,0,"keyboard-worker","OK",1784211265852,41171,1702
1171,1784211265972,41291,41290,0,0,-7,0,0,0,76,79,95,80,53,217.15,89,23,15,-1051,-1,0,0,0,0,0,0,0,"keyboard-worker","OK",1784211265952,41271,1704
1172,1784211266097,41416,41416,0,0,-7,0,0,0,76,79,96,80,53,217.16,89,-22,32,-1001,-1,0,0,0,0,0,0,0,"keyboard-worker","OK",1784211266053,41372,1706
1173,1784211266146,41465,41464,0,0,-7,0,0,0,76,79,96,80,53,216.96,89,0,4,-996,-1,0,0,0,0,0,0,0,"keyboard-worker","OK",1784211266103,41422,1707
1174,1784211266333,41652,41652,0,0,-7,0,0,0,76,79,96,80,53,217.33,89,-8,9,-1000,-1,0,0,0,0,0,0,0,"keyboard-worker","OK",1784211266304,41623,1711
1175,1784211266375,41694,41693,0,0,-7,0,0,0,76,79,96,80,53,217.23,90,-5,14,-1012,-1,0,0,0,0,0,0,0,"keyboard-worker","OK",1784211266354,41673,1712
1176,1784211266531,41850,41849,0,0,-7,0,0,0,76,79,96,80,53,217.14,90,2,30,-1022,-1,0,0,0,0,0,0,0,"keyboard-worker","OK",1784211266505,41824,1715
1177,1784211266595,41914,41913,0,0,-7,0,0,0,76,79,96,80,53,217.37,90,39,26,-965,-1,0,0,0,0,0,0,0,"keyboard-worker","OK",1784211266556,41874,1716
1178,1784211266717,42036,42036,0,0,-7,0,0,0,76,79,95,80,53,217.32,90,1,8,-1009,-1,0,0,0,0,0,0,35,"keyboard-worker","OK",1784211266706,42025,1719
1179,1784211266724,42043,42043,0,0,-7,0,0,0,76,79,95,80,53,217.13,90,7,13,-1007,-1,0,0,0,0,0,0,35,"keyboard-worker","OK",1784211266706,42025,1719
1180,1784211266783,42102,42102,0,0,-7,0,0,0,76,79,94,80,53,217.12,90,48,-16,-933,-1,0,0,0,0,0,0,35,"keyboard-worker","OK",1784211266756,42075,1720
1181,1784211266873,42192,42192,1,0,-7,0,0,0,76,79,93,80,53,217,90,4,9,-1060,-1,0,0,0,0,0,0,35,"keyboard-worker","OK",1784211266857,42175,1722
1182,1784211266971,42290,42290,1,0,-7,0,0,0,76,79,93,80,53,216.93,90,35,0,-961,-1,0,0,0,0,0,0,35,"keyboard-worker","OK",1784211266957,42275,1724
1183,1784211267074,42393,42393,1,0,-4,0,0,0,76,79,92,80,53,216.98,90,42,-14,-986,-1,0,0,0,0,0,0,35,"keyboard-worker","OK",1784211267057,42376,1726
1184,1784211267176,42495,42495,1,0,-2,0,0,0,76,79,92,80,53,217.19,90,-27,22,-1049,-1,0,0,0,0,0,0,35,"keyboard-worker","OK",1784211267157,42476,1728
1185,1784211267278,42597,42597,0,0,0,0,0,0,76,79,91,80,53,216.93,91,35,-16,-986,-1,0,0,0,0,0,0,35,"keyboard-worker","OK",1784211267258,42576,1730
1186,1784211267380,42699,42699,0,0,1,0,0,0,76,79,91,80,53,217.31,91,44,-15,-1010,-1,0,0,0,0,0,0,0,"keyboard-worker","OK",1784211267358,42676,1732
1187,1784211267482,42801,42801,0,0,3,0,0,0,76,79,92,80,53,217.29,91,12,10,-984,-1,0,0,0,0,0,0,0,"keyboard-worker","OK",1784211267458,42777,1734
1188,1784211267584,42903,42903,0,0,4,0,0,0,76,79,92,80,53,217.01,91,-1,-9,-1014,-1,0,0,0,0,0,0,0,"keyboard-worker","OK",1784211267558,42877,1736
1189,1784211267690,43009,43008,0,0,4,0,0,0,75,79,92,80,53,216.97,91,13,11,-1029,-1,0,0,0,0,0,0,0,"keyboard-worker","OK",1784211267659,42977,1738
1190,1784211267789,43108,43108,0,0,4,0,0,0,75,79,92,80,53,216.9,91,-9,-1,-977,-1,0,0,0,0,0,0,0,"keyboard-worker","OK",1784211267759,43078,1740
1191,1784211267891,43210,43210,1,0,4,0,0,0,75,79,92,80,53,216.81,91,-7,4,-1070,-1,0,0,0,0,0,0,0,"keyboard-worker","OK",1784211267859,43178,1742
1192,1784211267994,43313,43312,1,0,4,0,0,0,75,79,92,80,53,217.12,91,38,-13,-983,-1,0,0,0,0,0,0,0,"keyboard-worker","OK",1784211267959,43278,1744
1193,1784211268095,43414,43414,1,0,4,0,0,0,75,79,92,80,53,217.13,91,63,-38,-977,-1,0,0,0,0,0,0,0,"keyboard-worker","OK",1784211268060,43378,1746
1194,1784211268199,43518,43517,1,0,4,0,0,0,75,79,92,80,53,216.77,91,20,-21,-1012,-1,0,0,0,0,0,0,0,"keyboard-worker","OK",1784211268160,43479,1748
1195,1784211268301,43620,43620,1,1,4,0,0,0,75,79,92,80,53,216.83,92,-7,8,-1001,-1,0,0,0,0,0,0,0,"keyboard-worker","OK",1784211268261,43580,1750
1196,1784211268404,43723,43722,0,0,4,0,0,0,75,79,92,80,53,217.23,92,-7,-11,-984,-1,0,0,0,0,0,0,0,"keyboard-worker","OK",1784211268361,43680,1752
1197,1784211268453,43772,43772,0,0,4,0,0,0,75,79,92,80,53,217.06,92,-13,-4,-1026,-1,0,0,0,0,0,0,0,"keyboard-worker","OK",1784211268411,43730,1753
1198,1784211268555,43874,43874,0,0,4,0,0,0,75,79,92,80,53,217.31,92,43,-7,-972,-1,0,0,0,0,0,0,0,"keyboard-worker","OK",1784211268512,43830,1755
1199,1784211268708,44027,44027,0,0,4,0,0,0,76,78,92,80,53,217.36,92,12,-1,-999,-1,0,0,0,0,0,0,0,"keyboard-worker","OK",1784211268662,43981,1758
1200,1784211268759,44078,44078,0,0,4,0,0,0,76,78,92,80,53,217.05,92,-2,-14,-1035,-1,0,0,0,0,0,0,0,"keyboard-worker","OK",1784211268712,44031,1759
1201,1784211268861,44180,44180,0,0,4,0,0,0,76,78,91,80,53,217.03,92,22,-6,-979,-1,0,0,0,0,0,0,0,"keyboard-worker","OK",1784211268812,44131,1761
1202,1784211268963,44282,44282,0,0,4,0,0,0,76,78,92,80,53,217.29,92,-14,5,-1053,-1,0,0,0,0,0,0,0,"keyboard-worker","OK",1784211268963,44282,1764
1203,1784211269067,44386,44386,0,0,4,0,0,0,76,78,91,80,53,217.25,92,37,-9,-966,-1,0,0,0,0,0,0,0,"keyboard-worker","OK",1784211269063,44382,1766
1204,1784211269172,44491,44491,0,0,4,0,0,0,76,78,91,80,53,216.52,92,-5,17,-1018,-1,0,0,0,0,0,0,0,"keyboard-worker","OK",1784211269164,44482,1768
1205,1784211269271,44590,44589,0,0,4,0,0,0,76,78,91,80,53,217.07,93,13,0,-986,-1,0,0,0,0,0,0,0,"keyboard-worker","OK",1784211269264,44583,1770
1206,1784211269390,44709,44709,0,0,4,0,0,0,76,78,91,80,53,217.25,93,50,-17,-919,-1,0,0,0,0,0,0,0,"keyboard-worker","OK",1784211269365,44684,1772
1207,1784211269473,44792,44792,0,0,4,0,0,0,76,78,91,80,53,217.14,93,-1,-3,-979,-1,0,0,0,0,0,0,0,"keyboard-worker","OK",1784211269465,44784,1774
1208,1784211269576,44895,44895,0,0,4,0,0,0,76,78,91,80,53,217.06,93,12,-17,-1004,-1,0,0,0,0,0,0,0,"keyboard-worker","OK",1784211269566,44884,1776
1209,1784211269677,44996,44996,0,0,4,0,0,0,75,79,91,80,53,216.5,93,-1,18,-1012,-1,0,0,0,0,0,0,0,"keyboard-worker","OK",1784211269666,44984,1778
1210,1784211269785,45104,45103,0,0,4,0,0,0,75,79,91,80,53,216.93,93,-14,-21,-960,-1,0,0,0,0,0,0,0,"keyboard-worker","OK",1784211269766,45085,1780
1211,1784211269884,45203,45203,0,0,4,0,0,0,75,79,91,80,53,217.17,93,-4,35,-974,-1,0,0,0,0,0,0,0,"keyboard-worker","OK",1784211269866,45185,1782
1212,1784211269987,45306,45306,0,0,4,0,0,0,75,79,91,80,53,216.97,93,10,1,-1007,-1,0,0,0,0,0,0,0,"keyboard-worker","OK",1784211269967,45285,1784
1213,1784211270085,45404,45404,0,0,4,0,0,0,75,79,91,80,53,216.86,93,34,-15,-999,-1,0,0,0,0,0,0,0,"keyboard-worker","OK",1784211270067,45386,1786
1214,1784211270188,45507,45507,0,0,4,0,0,0,75,79,92,80,53,216.9,93,0,-2,-1000,-1,0,0,0,0,0,0,0,"keyboard-worker","OK",1784211270167,45486,1788
1215,1784211270291,45610,45609,0,0,4,0,0,0,75,79,91,80,53,216.92,94,30,-10,-1000,-1,0,0,0,0,0,0,0,"keyboard-worker","OK",1784211270268,45586,1790
1216,1784211270391,45710,45710,0,0,4,0,0,0,75,79,92,80,53,216.75,94,10,-23,-952,-1,0,0,0,0,0,0,0,"keyboard-worker","OK",1784211270368,45687,1792
1217,1784211270497,45816,45815,0,0,4,0,0,0,75,79,91,80,53,216.96,94,36,-11,-997,-1,0,0,0,0,0,0,0,"keyboard-worker","OK",1784211270468,45787,1794
1218,1784211270595,45914,45914,0,0,4,0,0,0,75,79,91,80,53,216.93,94,6,28,-989,-1,0,0,0,0,0,0,0,"keyboard-worker","OK",1784211270569,45887,1796
1219,1784211270698,46017,46016,0,0,4,0,0,0,76,78,91,80,53,217.06,94,9,1,-1009,-1,0,0,0,0,0,0,0,"keyboard-worker","OK",1784211270669,45988,1798
1220,1784211270803,46122,46122,0,0,4,0,0,0,76,78,91,80,53,216.89,94,-3,0,-995,-1,0,0,0,0,0,0,0,"keyboard-worker","OK",1784211270769,46088,1800
1221,1784211270905,46224,46224,0,0,4,0,0,0,76,78,91,80,53,217.29,94,22,5,-1030,-1,0,0,0,0,0,0,0,"keyboard-worker","OK",1784211270870,46188,1802
1222,1784211271005,46324,46324,0,0,4,0,0,0,76,78,90,80,53,217.06,94,25,-1,-976,-1,0,0,0,0,0,0,0,"keyboard-worker","OK",1784211270970,46289,1804
1223,1784211271106,46425,46425,0,0,4,0,0,0,76,78,90,80,53,217.14,94,23,3,-987,-1,0,0,0,0,0,0,0,"keyboard-worker","OK",1784211271071,46389,1806
1224,1784211271207,46526,46526,0,0,4,0,0,0,76,78,90,80,53,217.03,94,0,5,-1044,-1,0,0,0,0,0,0,0,"keyboard-worker","OK",1784211271171,46489,1808
1225,1784211271310,46629,46628,0,0,4,0,0,0,76,78,89,80,53,216.85,95,15,-3,-1004,-1,0,0,0,0,0,0,0,"keyboard-worker","OK",1784211271271,46590,1810
1226,1784211271411,46730,46730,0,0,4,0,0,0,76,78,90,80,53,217.39,95,31,2,-998,-1,0,0,0,0,0,0,0,"keyboard-worker","OK",1784211271371,46690,1812
1227,1784211271513,46832,46832,0,0,4,0,0,0,76,78,90,80,53,217.03,95,33,-19,-974,-1,0,0,0,0,0,0,0,"keyboard-worker","OK",1784211271472,46791,1814
1228,1784211271615,46934,46934,1,0,4,0,0,0,76,78,90,80,53,216.98,95,-16,23,-1024,-1,0,0,0,0,0,0,0,"keyboard-worker","OK",1784211271573,46891,1816
1229,1784211271733,47052,47052,0,0,4,0,0,0,76,79,91,80,53,217.06,95,33,3,-1063,-1,0,0,0,0,0,0,0,"keyboard-worker","OK",1784211271723,47042,1819
1230,1784211271824,47143,47143,0,0,4,0,0,0,76,79,92,80,53,216.81,95,21,23,-1024,-1,0,0,0,0,0,0,0,"keyboard-worker","OK",1784211271824,47142,1821
1231,1784211271926,47245,47245,0,0,4,0,0,0,76,79,92,80,53,217.15,95,-15,3,-959,-1,0,0,0,0,0,0,0,"keyboard-worker","OK",1784211271924,47242,1823
1232,1784211272029,47348,47347,0,0,4,0,0,0,76,79,93,80,53,216.85,95,68,-18,-981,-1,0,0,0,0,0,0,0,"keyboard-worker","OK",1784211272024,47343,1825
1233,1784211272130,47449,47449,0,0,4,0,0,0,76,79,93,80,53,217.21,95,8,-11,-956,-1,0,0,0,0,0,0,0,"keyboard-worker","OK",1784211272125,47443,1827
1234,1784211272235,47554,47553,0,0,4,0,0,0,76,79,93,80,53,216.96,95,9,0,-986,-1,0,0,0,0,0,0,0,"keyboard-worker","OK",1784211272225,47544,1829
1235,1784211272338,47657,47656,0,0,4,0,0,0,76,79,93,80,53,216.9,96,1,14,-1001,-1,0,0,0,0,0,0,0,"keyboard-worker","OK",1784211272326,47644,1831
1236,1784211272442,47761,47760,0,0,4,0,0,0,76,79,93,80,53,217.06,96,-23,-4,-971,-1,0,0,0,0,0,0,0,"keyboard-worker","OK",1784211272426,47745,1833
1237,1784211272538,47857,47857,0,0,4,0,0,0,76,79,92,80,53,217.47,96,-8,-6,-1004,-1,0,0,0,0,0,0,0,"keyboard-worker","OK",1784211272526,47845,1835
1238,1784211272590,47909,47909,0,0,4,0,0,0,76,79,92,80,53,216.98,96,-11,11,-1014,-1,0,0,0,0,0,0,0,"keyboard-worker","OK",1784211272577,47895,1836
1239,1784211272750,48069,48068,0,0,4,0,0,0,76,78,92,80,53,217.17,96,8,-9,-1005,-1,0,0,0,0,0,0,0,"keyboard-worker","OK",1784211272727,48046,1839
1240,1784211272793,48112,48112,0,0,4,0,0,0,76,78,91,80,53,217.04,96,-18,16,-987,-1,0,0,0,0,0,0,0,"keyboard-worker","OK",1784211272777,48096,1840
1241,1784211272896,48215,48215,0,0,4,0,0,0,76,78,92,80,53,217.07,96,-18,15,-976,-1,0,0,0,0,0,0,0,"keyboard-worker","OK",1784211272878,48196,1842
1242,1784211273007,48326,48326,0,0,4,0,0,0,76,78,92,80,53,217.08,96,-1,4,-999,-1,0,0,0,0,0,0,0,"keyboard-worker","OK",1784211272978,48296,1844
1243,1784211273123,48442,48442,0,0,4,0,0,0,76,78,91,80,53,216.93,96,14,-5,-1000,-1,0,0,0,0,0,0,0,"keyboard-worker","OK",1784211273078,48397,1846
1244,1784211273212,48531,48530,0,0,4,0,0,0,76,78,91,80,53,216.95,96,-1,0,-1003,-1,0,0,0,0,0,0,0,"keyboard-worker","OK",1784211273178,48497,1848
1245,1784211273309,48628,48627,0,0,4,0,0,0,76,78,90,80,53,217.16,97,15,-19,-1009,-1,0,0,0,0,0,0,0,"keyboard-worker","OK",1784211273279,48598,1850
1246,1784211273411,48730,48730,0,0,4,0,0,0,76,78,90,80,53,217.16,97,7,-3,-1049,-1,0,0,0,0,0,0,0,"keyboard-worker","OK",1784211273380,48698,1852
1247,1784211273511,48830,48830,0,0,4,0,0,0,76,78,90,80,53,216.75,97,19,-12,-989,-1,0,0,0,0,0,0,0,"keyboard-worker","OK",1784211273480,48799,1854
1248,1784211273613,48932,48931,0,0,4,0,0,0,76,78,89,80,53,216.92,97,-1,0,-1006,-1,0,0,0,0,0,0,0,"keyboard-worker","OK",1784211273581,48899,1856
1249,1784211273715,49034,49034,0,0,4,0,0,0,77,79,89,80,53,217.1,97,7,-15,-980,-1,0,0,0,0,0,0,0,"keyboard-worker","OK",1784211273681,48999,1858
1250,1784211273819,49138,49137,0,0,4,0,0,0,77,79,89,80,53,216.89,97,-2,-13,-931,-1,0,0,0,0,35,0,0,"keyboard-worker","OK",1784211273781,49100,1860
1251,1784211273920,49239,49238,0,0,4,0,0,0,77,79,89,80,53,217.14,97,22,0,-1025,-1,0,0,0,0,35,0,0,"keyboard-worker","OK",1784211273881,49200,1862
1252,1784211274018,49337,49337,0,0,4,0,0,0,77,79,89,80,53,216.95,97,-11,5,-1023,-1,0,0,0,0,35,0,0,"keyboard-worker","OK",1784211273982,49300,1864
1253,1784211274120,49439,49439,-1,0,4,0,0,0,77,79,89,80,53,216.87,97,19,-20,-935,-1,0,0,0,0,35,0,0,"keyboard-worker","OK",1784211274082,49400,1866
1254,1784211274222,49541,49541,-1,0,4,0,0,0,77,79,90,80,53,216.9,97,1,0,-993,-1,0,0,0,0,35,0,0,"keyboard-worker","OK",1784211274182,49501,1868
1255,1784211274324,49643,49643,-2,0,4,1,0,0,77,79,90,80,53,217.03,98,4,-10,-976,-1,0,0,0,0,0,0,0,"keyboard-worker","OK",1784211274282,49601,1870
1256,1784211274427,49746,49745,-2,0,4,1,0,0,77,79,90,80,53,216.85,98,-13,1,-942,-1,0,0,0,0,0,0,0,"keyboard-worker","OK",1784211274383,49701,1872
1257,1784211274528,49847,49847,0,0,4,1,0,0,77,79,90,80,53,216.9,98,11,-20,-1020,-1,0,0,0,0,0,0,0,"keyboard-worker","OK",1784211274483,49801,1874
1258,1784211274630,49949,49949,0,0,4,1,0,0,77,79,91,80,53,217.47,98,-10,-4,-973,-1,0,0,0,0,0,0,0,"keyboard-worker","OK",1784211274583,49902,1876
1259,1784211274740,50059,50059,0,0,4,1,0,0,77,78,91,80,53,217.18,98,-4,12,-995,-1,0,0,0,0,0,0,0,"keyboard-worker","OK",1784211274734,50052,1879
1260,1784211274839,50158,50157,0,0,4,1,0,0,77,78,91,80,53,216.96,98,24,4,-1001,-1,0,0,0,0,0,0,0,"keyboard-worker","OK",1784211274834,50153,1881
1261,1784211274939,50258,50257,3,0,4,1,0,0,77,78,90,80,53,217.06,98,2,2,-1022,-1,0,0,0,0,0,0,0,"keyboard-worker","OK",1784211274935,50253,1883
1262,1784211275039,50358,50358,3,0,4,0,0,0,77,78,91,80,53,216.87,98,-27,42,-1001,-1,0,0,0,0,0,0,0,"keyboard-worker","OK",1784211275035,50354,1885
1263,1784211275141,50460,50460,2,0,4,0,0,0,77,78,91,80,53,217.06,98,-20,29,-990,-1,0,0,0,0,0,0,0,"keyboard-worker","OK",1784211275135,50454,1887
1264,1784211275243,50562,50562,1,0,4,0,0,0,77,78,90,80,53,217.01,99,-36,16,-959,-1,0,0,0,0,0,0,0,"keyboard-worker","OK",1784211275236,50554,1889
1265,1784211275345,50664,50664,1,0,4,0,0,0,77,78,90,80,53,216.98,99,0,-2,-961,-1,0,0,0,0,0,0,0,"keyboard-worker","OK",1784211275336,50655,1891
1266,1784211275447,50766,50766,1,0,4,0,0,0,77,78,90,80,53,216.87,99,30,-11,-974,-1,0,0,0,0,0,0,0,"keyboard-worker","OK",1784211275436,50755,1893
1267,1784211275549,50868,50868,1,0,4,0,0,0,77,78,90,80,53,216.75,99,35,-9,-958,-1,0,0,0,0,0,0,0,"keyboard-worker","OK",1784211275537,50855,1895
1268,1784211275651,50970,50970,1,0,4,0,0,0,77,78,90,80,53,217.32,99,33,-8,-983,-1,0,0,0,0,0,0,0,"keyboard-worker","OK",1784211275637,50956,1897
1269,1784211275753,51072,51072,0,0,4,0,0,0,76,79,89,80,53,217.17,99,-2,6,-1043,-1,0,0,0,0,0,0,0,"keyboard-worker","OK",1784211275738,51056,1899
1270,1784211275855,51174,51174,0,0,4,0,0,0,76,79,89,80,53,216.78,99,12,1,-982,-1,0,0,0,0,0,0,0,"keyboard-worker","OK",1784211275838,51156,1901
1271,1784211275957,51276,51276,0,0,4,0,0,0,76,79,89,80,53,216.78,99,-1,24,-1026,-1,0,0,0,0,0,0,0,"keyboard-worker","OK",1784211275938,51257,1903
1272,1784211276059,51378,51378,0,0,4,0,0,0,76,79,89,80,53,216.96,99,19,-6,-1033,-1,0,0,0,0,0,0,0,"keyboard-worker","OK",1784211276039,51357,1905
1273,1784211276161,51480,51480,0,0,4,0,0,0,76,79,89,80,53,216.74,99,-8,17,-972,-1,0,0,0,0,0,0,0,"keyboard-worker","OK",1784211276139,51458,1907
1274,1784211276263,51582,51582,0,0,4,0,0,0,76,79,90,80,53,216.62,100,42,10,-987,-1,0,0,0,0,0,0,0,"keyboard-worker","OK",1784211276239,51558,1909
1275,1784211276372,51691,51691,0,0,4,0,0,0,76,79,90,80,53,217.12,100,43,-18,-1020,-1,0,0,0,0,0,0,0,"keyboard-worker","OK",1784211276340,51658,1911
1276,1784211276417,51736,51736,0,0,4,0,0,0,76,79,91,80,53,216.83,100,-15,10,-993,-1,0,0,0,0,0,0,0,"keyboard-worker","OK",1784211276390,51709,1912
1277,1784211276519,51838,51838,0,0,4,0,0,0,76,79,91,80,53,216.78,100,12,10,-1012,-1,0,0,0,0,0,0,0,"keyboard-worker","OK",1784211276490,51809,1914
1278,1784211276621,51940,51940,0,0,4,0,0,0,76,79,92,80,53,216.78,100,20,7,-994,-1,0,0,0,0,0,0,0,"keyboard-worker","OK",1784211276591,51909,1916
1279,1784211276774,52093,52093,0,0,4,0,0,0,76,79,92,80,53,216.75,100,13,1,-935,-1,0,0,0,0,0,0,0,"keyboard-worker","OK",1784211276741,52060,1919
1280,1784211276876,52195,52195,0,0,4,0,0,0,76,79,92,80,53,216.66,100,13,0,-993,-1,0,0,0,0,0,0,0,"keyboard-worker","OK",1784211276842,52160,1921
1281,1784211276978,52297,52297,0,0,4,0,0,0,76,79,92,80,53,216.99,100,-2,1,-991,-1,0,0,0,0,0,0,0,"keyboard-worker","OK",1784211276942,52261,1923
1282,1784211277029,52348,52348,0,0,4,0,0,0,76,79,91,80,53,217.26,100,7,14,-997,-1,0,0,0,0,0,0,0,"keyboard-worker","OK",1784211276992,52311,1924
1283,1784211277131,52450,52450,0,0,4,0,0,0,76,79,90,80,53,217.04,100,28,0,-980,-1,0,0,0,0,0,0,0,"keyboard-worker","OK",1784211277092,52411,1926
1284,1784211277234,52553,52553,0,0,4,0,0,0,76,79,89,80,53,216.96,101,6,19,-1042,-1,0,0,0,0,0,0,0,"keyboard-worker","OK",1784211277193,52511,1928
1285,1784211277341,52660,52660,0,0,4,0,0,0,76,79,89,80,53,216.91,101,18,5,-1036,-1,0,0,0,0,35,0,0,"keyboard-worker","OK",1784211277293,52611,1930
1286,1784211277440,52759,52758,0,0,4,0,0,0,76,79,89,80,53,216.92,101,37,-7,-999,-1,0,0,0,0,35,0,0,"keyboard-worker","OK",1784211277393,52712,1932
1287,1784211277539,52858,52858,-1,0,4,0,0,0,76,79,88,80,53,216.79,101,28,10,-1020,-1,0,0,0,0,35,0,0,"keyboard-worker","OK",1784211277494,52812,1934
1288,1784211277643,52962,52962,-2,0,4,0,0,0,76,79,88,80,53,216.94,101,-14,0,-996,-1,0,0,0,0,35,0,0,"keyboard-worker","OK",1784211277594,52912,1936
1289,1784211277743,53062,53062,-2,0,4,0,0,0,76,79,88,80,53,217.17,101,0,0,-1005,-1,0,0,0,0,35,0,0,"keyboard-worker","OK",1784211277694,53013,1938
1290,1784211277844,53163,53163,-2,0,4,1,0,0,76,79,88,80,53,217.04,101,-2,-14,-1000,-1,0,0,0,0,35,0,0,"keyboard-worker","OK",1784211277844,53163,1941
1291,1784211277947,53266,53266,-2,0,4,1,0,0,76,79,88,80,53,217.04,101,24,2,-1003,-1,0,0,0,0,35,0,0,"keyboard-worker","OK",1784211277945,53263,1943
1292,1784211278049,53368,53368,-2,0,4,2,0,0,76,79,88,80,53,217.29,101,-9,-38,-952,-1,0,0,0,0,0,0,0,"keyboard-worker","OK",1784211278045,53364,1945
1293,1784211278151,53470,53470,-2,0,4,2,0,0,76,79,88,80,53,217.01,101,-18,-46,-977,-1,0,0,0,0,0,0,0,"keyboard-worker","OK",1784211278145,53464,1947
1294,1784211278253,53572,53572,0,0,4,2,0,0,76,79,87,80,53,216.7,102,-7,-15,-1007,-1,0,0,0,0,0,0,0,"keyboard-worker","OK",1784211278245,53564,1949
1295,1784211278355,53674,53674,0,0,4,2,0,0,76,79,87,80,53,216.97,102,-22,-7,-992,-1,0,0,0,0,0,0,0,"keyboard-worker","OK",1784211278346,53664,1951
1296,1784211278457,53776,53776,0,0,4,2,0,0,76,79,87,80,53,217.12,102,-35,-11,-1044,-1,0,0,0,0,0,0,0,"keyboard-worker","OK",1784211278446,53765,1953
1297,1784211278559,53878,53877,0,0,4,2,0,0,76,79,87,80,53,216.96,102,8,-15,-992,-1,0,0,0,0,0,0,0,"keyboard-worker","OK",1784211278546,53865,1955
1298,1784211278660,53979,53979,0,0,4,1,0,0,76,79,87,80,53,216.82,102,-1,-17,-1028,-1,0,0,0,0,0,0,0,"keyboard-worker","OK",1784211278647,53965,1957
1299,1784211278763,54082,54081,2,1,4,1,0,0,77,78,88,80,53,216.77,102,3,16,-1022,-1,0,0,0,0,0,0,0,"keyboard-worker","OK",1784211278747,54065,1959
1300,1784211278869,54188,54188,4,0,4,0,0,0,77,78,88,80,53,216.68,102,-23,4,-1049,-1,0,0,0,0,0,0,0,"keyboard-worker","OK",1784211278847,54166,1961
1301,1784211278973,54292,54292,2,1,4,0,0,0,77,78,88,80,53,216.65,102,1,2,-996,-1,0,0,0,0,0,0,0,"keyboard-worker","OK",1784211278947,54266,1963
1302,1784211279106,54425,54424,1,1,4,0,0,0,77,78,89,80,53,216.9,102,-1,-21,-964,-1,0,0,0,0,0,0,0,"keyboard-worker","OK",1784211279098,54417,1966
1303,1784211279142,54461,54461,0,1,4,0,0,0,77,78,89,80,53,216.64,102,-19,-13,-962,-1,0,0,0,0,0,0,0,"keyboard-worker","OK",1784211279098,54417,1966
1304,1784211279244,54563,54563,0,0,4,0,0,0,77,78,89,80,53,217.09,103,4,-1,-977,-1,0,0,0,0,0,0,0,"keyboard-worker","OK",1784211279199,54517,1968
1305,1784211279347,54666,54666,0,0,4,0,0,0,77,78,89,80,53,216.85,103,-47,-33,-994,-1,0,0,0,0,0,0,0,"keyboard-worker","OK",1784211279299,54618,1970
1306,1784211279449,54768,54768,0,0,4,0,0,0,77,78,89,80,53,216.78,103,-12,18,-1039,-1,0,0,0,0,0,0,0,"keyboard-worker","OK",1784211279449,54768,1973
1307,1784211279552,54871,54871,0,0,4,0,0,0,77,78,89,80,53,217.21,103,5,-29,-1025,-1,0,0,0,0,0,0,0,"keyboard-worker","OK",1784211279550,54869,1975
1308,1784211279656,54975,54975,0,1,4,0,0,0,77,78,89,80,53,217.09,103,-16,0,-1006,-1,0,0,0,0,0,0,0,"keyboard-worker","OK",1784211279650,54969,1977
1309,1784211279758,55077,55077,0,1,4,0,0,0,76,79,90,80,53,216.77,103,10,2,-1004,-1,0,0,0,0,0,0,0,"keyboard-worker","OK",1784211279751,55069,1979
1310,1784211279860,55179,55179,0,1,4,0,0,0,76,79,90,80,53,216.81,103,-25,-25,-967,-1,0,0,0,0,0,0,0,"keyboard-worker","OK",1784211279851,55169,1981
1311,1784211279963,55282,55282,0,0,4,0,0,0,76,79,90,80,53,216.9,103,19,-32,-1011,-1,0,0,0,0,0,0,0,"keyboard-worker","OK",1784211279951,55270,1983
1312,1784211280060,55379,55379,0,0,4,0,0,0,76,79,91,80,53,217.28,103,43,-16,-973,-1,0,0,0,0,0,0,0,"keyboard-worker","OK",1784211280051,55370,1985
1313,1784211280162,55481,55481,0,0,4,0,0,0,76,79,91,80,53,217.18,103,-17,18,-983,-1,0,0,0,0,0,0,0,"keyboard-worker","OK",1784211280152,55470,1987
1314,1784211280270,55589,55589,0,0,4,0,0,0,76,79,91,80,53,217.12,104,16,-65,-936,-1,0,0,0,0,0,0,0,"keyboard-worker","OK",1784211280252,55571,1989
1315,1784211280375,55694,55694,0,0,4,0,0,0,76,79,92,80,53,216.83,104,-4,-8,-918,-1,0,0,0,0,0,0,0,"keyboard-worker","OK",1784211280353,55671,1991
1316,1784211280470,55789,55789,0,0,4,0,0,0,76,79,92,80,53,217.18,104,-13,46,-988,-1,0,0,0,0,0,0,0,"keyboard-worker","OK",1784211280453,55772,1993
1317,1784211280578,55897,55896,0,0,4,0,0,0,76,79,91,80,53,217.4,104,0,36,-988,-1,0,0,0,0,0,0,0,"keyboard-worker","OK",1784211280554,55872,1995
1318,1784211280682,56001,56000,0,0,4,0,0,0,76,79,91,80,53,217.12,104,-16,-26,-989,-1,0,0,0,0,0,0,0,"keyboard-worker","OK",1784211280654,55973,1997
1319,1784211280775,56094,56094,0,0,4,0,0,0,76,79,91,80,53,216.91,104,27,14,-952,-1,0,0,0,0,0,0,0,"keyboard-worker","OK",1784211280755,56073,1999
1320,1784211280877,56196,56196,0,0,4,0,0,0,76,79,91,80,53,217.46,104,-7,-33,-1003,-1,0,0,0,0,0,0,0,"keyboard-worker","OK",1784211280855,56174,2001
1321,1784211280979,56298,56298,0,0,4,0,0,0,76,79,91,80,53,217.13,104,-7,-5,-993,-1,0,0,0,0,0,0,0,"keyboard-worker","OK",1784211280955,56274,2003
1322,1784211281081,56400,56400,0,0,4,0,0,0,76,79,91,80,53,217.14,104,0,-17,-1026,-1,0,0,0,0,0,0,0,"keyboard-worker","OK",1784211281055,56374,2005
1323,1784211281183,56502,56501,0,0,4,0,0,0,76,79,90,80,53,217.13,104,-15,24,-1028,-1,0,0,0,0,0,0,0,"keyboard-worker","OK",1784211281156,56474,2007
1324,1784211281285,56604,56604,0,0,4,0,0,0,76,79,91,80,53,216.99,105,-14,-6,-1013,-1,0,0,0,0,0,0,0,"keyboard-worker","OK",1784211281256,56575,2009
1325,1784211281391,56710,56710,0,0,4,0,0,0,76,79,91,80,53,217.15,105,-63,3,-1035,-1,0,0,0,0,0,0,0,"keyboard-worker","OK",1784211281356,56675,2011
1326,1784211281489,56808,56808,0,0,4,0,0,0,76,79,91,80,53,217.09,105,-36,17,-1004,-1,0,0,0,0,0,0,0,"keyboard-worker","OK",1784211281456,56775,2013
1327,1784211281591,56910,56910,0,0,4,0,0,0,76,79,91,80,53,217.42,105,1,33,-1025,-1,0,0,0,0,0,0,0,"keyboard-worker","OK",1784211281557,56875,2015
1328,1784211281693,57012,57012,0,0,4,0,0,0,76,79,92,80,53,217.14,105,11,-55,-987,-1,0,0,0,0,-35,0,0,"keyboard-worker","OK",1784211281657,56976,2017
1329,1784211281795,57114,57114,0,1,4,0,0,0,76,79,92,80,53,216.9,105,-12,-22,-992,-1,0,0,0,0,-35,0,0,"keyboard-worker","OK",1784211281757,57076,2019
1330,1784211281897,57216,57216,0,1,4,0,0,0,76,79,93,80,53,217.01,105,-1,-4,-985,-1,0,0,0,0,-35,0,0,"keyboard-worker","OK",1784211281857,57176,2021
1331,1784211282002,57321,57320,1,0,4,0,0,0,76,79,93,80,53,216.95,105,-24,17,-996,-1,0,0,0,0,-35,0,0,"keyboard-worker","OK",1784211281957,57276,2023
1332,1784211282103,57422,57422,3,0,4,0,0,0,76,79,93,80,53,217,105,0,-9,-991,-1,0,0,0,0,-35,0,0,"keyboard-worker","OK",1784211282058,57376,2025
1333,1784211282206,57525,57525,3,0,4,0,0,0,76,79,93,80,53,217.18,105,0,-14,-1002,-1,0,0,0,0,-35,0,0,"keyboard-worker","OK",1784211282158,57477,2027
1334,1784211282306,57625,57624,3,0,4,-1,0,0,76,79,93,80,53,217.01,106,12,-8,-965,-1,0,0,0,0,-35,0,0,"keyboard-worker","OK",1784211282259,57577,2029
1335,1784211282357,57676,57675,3,0,4,-2,0,0,76,79,93,80,53,217.1,106,-16,5,-995,-1,0,0,0,0,0,0,0,"keyboard-worker","OK",1784211282309,57627,2030
1336,1784211282459,57778,57777,2,0,4,-2,0,0,76,79,93,80,53,217.29,106,14,21,-1017,-1,0,0,0,0,0,0,0,"keyboard-worker","OK",1784211282459,57778,2033
1337,1784211282561,57880,57880,0,-1,4,-2,0,0,76,79,92,80,53,217.27,106,11,26,-1049,-1,0,0,0,0,0,0,0,"keyboard-worker","OK",1784211282559,57878,2035
1338,1784211282663,57982,57982,0,-1,4,-2,0,0,76,79,93,80,53,216.85,106,7,7,-1013,-1,0,0,0,0,0,0,0,"keyboard-worker","OK",1784211282660,57978,2037
1339,1784211282816,58135,58135,0,-1,4,-2,0,0,76,80,93,80,53,217.25,106,43,20,-990,-1,0,0,0,0,0,0,0,"keyboard-worker","OK",1784211282810,58129,2040
1340,1784211282918,58237,58237,0,-1,4,-1,0,0,76,80,93,80,53,217.01,106,48,8,-1027,-1,0,0,0,0,0,0,0,"keyboard-worker","OK",1784211282911,58229,2042
1341,1784211283020,58339,58338,0,-1,4,-1,0,0,76,80,93,80,53,217.48,106,41,18,-1013,-1,0,0,0,0,0,0,0,"keyboard-worker","OK",1784211283011,58330,2044
1342,1784211283072,58391,58390,-2,0,4,-1,0,0,76,80,93,80,53,216.97,106,5,23,-973,-1,0,0,0,0,0,0,0,"keyboard-worker","OK",1784211283061,58380,2045
1343,1784211283172,58491,58491,-1,-1,4,0,0,0,76,80,93,80,53,217.32,106,-6,23,-994,-1,0,0,0,0,0,0,0,"keyboard-worker","OK",1784211283162,58480,2047
1344,1784211283275,58594,58593,0,-2,4,0,0,0,76,80,93,80,53,217.16,107,12,14,-1020,-1,0,0,0,0,0,0,0,"keyboard-worker","OK",1784211283262,58581,2049
1345,1784211283377,58696,58695,0,-1,5,0,0,0,76,80,93,80,53,217.09,107,30,37,-986,-1,0,0,0,0,0,0,0,"keyboard-worker","OK",1784211283362,58681,2051
1346,1784211283479,58798,58797,0,-1,5,0,0,0,76,80,93,80,53,217.05,107,45,-6,-991,-1,0,0,0,0,0,0,0,"keyboard-worker","OK",1784211283463,58782,2053
1347,1784211283581,58900,58899,0,-1,5,0,0,0,76,80,93,80,53,217.02,107,5,24,-979,-1,0,0,0,0,0,0,0,"keyboard-worker","OK",1784211283563,58882,2055
1348,1784211283683,59002,59001,1,-1,5,0,0,0,76,80,93,80,53,216.98,107,11,6,-941,-1,0,0,0,0,0,0,0,"keyboard-worker","OK",1784211283663,58982,2057
1349,1784211283785,59104,59103,1,0,5,0,0,0,77,79,93,80,53,217.1,107,-11,36,-1024,-1,0,0,0,0,0,0,0,"keyboard-worker","OK",1784211283764,59082,2059
1350,1784211283887,59206,59205,1,0,5,0,0,0,77,79,93,80,53,217.08,107,-5,29,-988,-1,0,0,0,0,0,0,0,"keyboard-worker","OK",1784211283864,59183,2061
1351,1784211283989,59308,59307,1,-1,5,0,0,0,77,79,92,80,53,217.38,107,56,9,-1017,-1,0,0,0,0,0,0,0,"keyboard-worker","OK",1784211283964,59283,2063
1352,1784211284091,59410,59410,1,-1,5,0,0,0,77,79,93,80,53,217.24,107,9,14,-1000,-1,0,0,0,0,0,0,0,"keyboard-worker","OK",1784211284065,59383,2065
1353,1784211284193,59512,59511,1,-1,5,0,0,0,77,79,93,80,53,217.08,107,25,38,-1034,-1,0,0,0,0,0,0,0,"keyboard-worker","OK",1784211284165,59484,2067
1354,1784211284295,59614,59613,1,-1,5,0,0,0,77,79,93,80,53,216.86,108,34,20,-983,-1,0,0,0,0,0,0,0,"keyboard-worker","OK",1784211284265,59584,2069
1355,1784211284397,59716,59715,1,-1,4,0,0,0,77,79,93,80,53,217.03,108,14,7,-983,-1,0,0,0,0,0,0,0,"keyboard-worker","OK",1784211284366,59684,2071
1356,1784211284503,59822,59821,1,-1,4,0,0,0,77,79,93,80,53,217.17,108,3,8,-1017,-1,0,0,0,0,0,0,0,"keyboard-worker","OK",1784211284466,59784,2073
1357,1784211284608,59927,59927,1,0,4,0,0,0,77,79,93,80,53,216.94,108,-23,20,-958,-1,0,0,0,0,0,0,0,"keyboard-worker","OK",1784211284566,59885,2075
1358,1784211284706,60025,60025,1,0,4,0,0,0,77,79,93,80,53,217.13,108,38,-6,-1038,-1,0,0,0,0,0,0,0,"keyboard-worker","OK",1784211284667,59985,2077
1359,1784211284807,60126,60126,1,0,4,0,0,0,76,79,93,80,53,217.17,108,22,6,-953,-1,0,0,0,0,0,0,0,"keyboard-worker","OK",1784211284767,60086,2079
1360,1784211284910,60229,60228,0,0,4,0,0,0,76,79,94,80,53,217.12,108,15,14,-1003,-1,0,0,0,0,0,0,0,"keyboard-worker","OK",1784211284868,60186,2081
1361,1784211285009,60328,60328,0,0,4,0,0,0,76,79,94,80,53,216.76,108,20,15,-980,-1,0,0,0,0,-35,0,0,"keyboard-worker","OK",1784211284968,60287,2083
1362,1784211285112,60431,60430,1,0,4,0,0,0,76,79,94,80,53,216.78,108,-4,23,-1046,-1,0,0,0,0,-35,0,0,"keyboard-worker","OK",1784211285068,60387,2085
1363,1784211285214,60533,60533,1,0,4,0,0,0,76,79,94,80,53,216.84,108,8,-10,-936,-1,0,0,0,0,-35,0,0,"keyboard-worker","OK",1784211285168,60487,2087
1364,1784211285317,60636,60635,2,0,4,0,0,0,76,79,94,80,53,217.01,109,38,-8,-937,-1,0,0,0,0,-35,0,0,"keyboard-worker","OK",1784211285269,60587,2089
1365,1784211285418,60737,60737,3,0,4,0,0,0,76,79,94,80,53,217.1,109,22,17,-990,-1,0,0,0,0,-35,0,0,"keyboard-worker","OK",1784211285369,60687,2091
1366,1784211285523,60842,60842,4,0,4,0,0,0,76,79,94,80,53,217.22,109,16,0,-1054,-1,0,0,0,0,-35,0,0,"keyboard-worker","OK",1784211285519,60838,2094
1367,1784211285622,60941,60941,4,0,4,-1,0,0,76,79,95,80,53,216.59,109,25,8,-1018,-1,0,0,0,0,0,0,0,"keyboard-worker","OK",1784211285620,60938,2096
1368,1784211285724,61043,61042,4,0,4,-1,0,0,76,79,95,80,53,216.93,109,14,17,-989,-1,0,0,0,0,0,0,0,"keyboard-worker","OK",1784211285720,61039,2098
1369,1784211285827,61146,61145,2,0,4,-2,0,0,77,79,96,80,53,216.81,109,24,2,-1002,-1,0,0,0,0,0,0,0,"keyboard-worker","OK",1784211285820,61139,2100
1370,1784211285928,61247,61246,0,0,4,-2,0,0,77,79,96,80,53,216.77,109,16,25,-988,-1,0,0,0,0,0,0,0,"keyboard-worker","OK",1784211285921,61239,2102
1371,1784211286030,61349,61349,0,0,4,-2,0,0,77,79,97,80,53,217.14,109,-3,19,-1032,-1,0,0,0,0,0,0,0,"keyboard-worker","OK",1784211286021,61339,2104
1372,1784211286133,61452,61451,0,0,4,-2,0,0,77,79,97,80,53,216.88,109,1,5,-980,-1,0,0,0,0,0,0,0,"keyboard-worker","OK",1784211286121,61440,2106
1373,1784211286237,61556,61556,0,0,4,-2,0,0,77,79,97,80,53,216.98,109,0,11,-980,-1,0,0,0,0,0,0,0,"keyboard-worker","OK",1784211286222,61541,2108
1374,1784211286344,61663,61662,-2,0,4,-2,0,0,77,79,97,80,53,216.65,110,29,16,-900,-1,0,0,0,0,0,0,0,"keyboard-worker","OK",1784211286322,61641,2110
1375,1784211286445,61764,61763,-5,0,4,-1,0,0,77,79,96,80,53,217.08,110,-19,17,-999,-1,0,0,0,0,0,0,0,"keyboard-worker","OK",1784211286422,61741,2112
1376,1784211286490,61809,61808,-2,0,4,0,0,0,77,79,95,80,53,217.16,110,0,5,-981,-1,0,0,0,0,0,0,0,"keyboard-worker","OK",1784211286473,61791,2113
1377,1784211286592,61911,61910,-1,-1,4,0,0,0,77,79,94,80,53,217.04,110,-8,15,-988,-1,0,0,0,0,0,0,0,"keyboard-worker","OK",1784211286573,61891,2115
1378,1784211286694,62013,62013,-1,0,4,0,0,0,77,79,93,80,53,217.03,110,-17,12,-1000,-1,0,0,0,0,0,0,0,"keyboard-worker","OK",1784211286673,61992,2117
1379,1784211286853,62172,62172,0,0,4,0,0,0,77,80,92,80,53,217.06,110,11,-11,-1021,-1,0,0,0,0,0,0,0,"keyboard-worker","OK",1784211286824,62142,2120
1380,1784211286898,62217,62216,0,0,4,0,0,0,77,80,90,80,53,217.14,110,9,5,-1029,-1,0,0,0,0,0,0,0,"keyboard-worker","OK",1784211286874,62193,2121
1381,1784211287002,62321,62321,0,0,4,0,0,0,77,80,90,80,53,216.92,110,-10,18,-1036,-1,0,0,0,0,0,0,0,"keyboard-worker","OK",1784211286974,62293,2123
1382,1784211287105,62424,62424,0,0,4,0,0,0,77,80,89,80,53,216.37,110,5,14,-1040,-1,0,0,0,0,0,0,0,"keyboard-worker","OK",1784211287075,62393,2125
1383,1784211287204,62523,62523,0,0,4,0,0,0,77,80,89,80,53,216.78,110,-8,13,-1009,-1,0,0,0,0,0,0,0,"keyboard-worker","OK",1784211287175,62493,2127
1384,1784211287306,62625,62624,0,0,4,0,0,0,77,80,89,80,53,216.93,111,-6,20,-1008,-1,0,0,0,0,0,0,0,"keyboard-worker","OK",1784211287275,62594,2129
1385,1784211287428,62747,62747,0,0,4,0,0,0,77,80,89,80,53,216.91,111,-3,19,-1023,-1,0,0,0,0,0,0,0,"keyboard-worker","OK",1784211287426,62744,2132
1386,1784211287510,62829,62828,0,0,4,0,0,0,77,80,89,80,53,217.35,111,-3,24,-1030,-1,0,0,0,0,0,0,0,"keyboard-worker","OK",1784211287476,62794,2133
1387,1784211287612,62931,62930,0,0,4,0,0,0,77,80,89,80,53,217.04,111,-1,11,-1039,-1,0,0,0,0,0,0,0,"keyboard-worker","OK",1784211287576,62895,2135
1388,1784211287714,63033,63033,0,0,4,0,0,0,77,80,90,80,53,216.85,111,18,-4,-1004,-1,0,0,0,0,0,0,0,"keyboard-worker","OK",1784211287676,62995,2137
1389,1784211287816,63135,63134,0,0,4,0,0,0,77,78,90,80,53,216.96,111,13,12,-973,-1,0,0,0,0,0,0,0,"keyboard-worker","OK",1784211287777,63096,2139
1390,1784211287918,63237,63236,0,0,4,0,0,0,77,78,91,80,53,217.37,111,0,19,-992,-1,0,0,0,0,0,0,0,"keyboard-worker","OK",1784211287877,63196,2141
1391,1784211288020,63339,63339,0,0,4,0,0,0,77,78,91,80,53,216.74,111,-9,4,-939,-1,0,0,0,0,0,0,0,"keyboard-worker","OK",1784211287977,63296,2143
1392,1784211288122,63441,63440,0,0,4,0,0,0,77,78,91,80,53,217,111,-3,8,-996,-1,0,0,0,0,0,0,0,"keyboard-worker","OK",1784211288078,63396,2145
1393,1784211288224,63543,63543,0,0,4,0,0,0,77,78,90,80,53,217.04,112,-11,29,-1013,-1,0,0,0,0,0,0,0,"keyboard-worker","OK",1784211288178,63496,2147
1394,1784211288326,63645,63644,0,0,4,0,0,0,77,78,89,80,53,216.91,112,-15,19,-974,-1,0,0,0,0,0,0,0,"keyboard-worker","OK",1784211288278,63597,2149
1395,1784211288428,63747,63746,0,0,4,0,0,0,77,78,88,80,53,216.73,112,9,16,-944,-1,0,0,0,0,0,0,0,"keyboard-worker","OK",1784211288428,63747,2152
1396,1784211288530,63849,63848,0,0,4,0,0,0,77,78,86,80,53,216.8,112,19,16,-1002,-1,0,0,0,0,0,0,0,"keyboard-worker","OK",1784211288529,63847,2154
1397,1784211288632,63951,63950,0,0,4,0,0,0,77,78,84,80,53,216.7,112,25,5,-986,-1,0,0,0,0,0,0,0,"keyboard-worker","OK",1784211288629,63948,2156
1398,1784211288735,64054,64054,0,0,4,0,0,1,77,78,82,80,53,217.05,112,-17,0,-1053,-1,0,0,0,0,0,0,0,"keyboard-worker","OK",1784211288729,64048,2158
1399,1784211288840,64159,64158,0,0,4,0,0,1,77,79,80,70,53,216.87,112,-1,58,-1053,-1,0,0,0,0,0,0,0,"keyboard-worker","OK",1784211288830,64148,2160
1400,1784211288939,64258,64258,0,0,4,0,0,0,77,79,79,70,53,216.6,112,1,1,-1036,-1,0,0,0,0,0,0,0,"keyboard-worker","OK",1784211288930,64249,2162
1401,1784211289042,64361,64360,0,0,4,0,0,0,77,79,78,70,53,217.1,112,9,39,-1038,-1,0,0,0,0,0,0,0,"keyboard-worker","OK",1784211289031,64349,2164
1402,1784211289144,64463,64462,0,0,4,0,0,0,77,79,77,70,53,216.85,112,-14,4,-1030,-1,0,0,0,0,0,0,0,"keyboard-worker","OK",1784211289131,64450,2166
1403,1784211289247,64566,64565,0,0,4,0,0,0,77,79,77,70,53,216.82,113,-40,36,-1086,-1,0,0,0,-35,0,0,0,"keyboard-worker","OK",1784211289231,64550,2168
1404,1784211289348,64667,64666,0,0,4,0,0,0,77,79,77,70,53,216.85,113,36,26,-1035,-1,0,0,0,-35,0,0,0,"keyboard-worker","OK",1784211289332,64650,2170
1405,1784211289450,64769,64768,0,-1,4,0,0,0,77,79,78,70,53,216.89,113,7,33,-1062,-1,0,0,0,-35,0,0,0,"keyboard-worker","OK",1784211289432,64751,2172
1406,1784211289552,64871,64871,0,-2,4,0,0,-1,77,79,79,70,53,217.07,113,-9,45,-1024,-1,0,0,0,-35,0,0,0,"keyboard-worker","OK",1784211289533,64851,2174
1407,1784211289654,64973,64972,0,-3,4,0,0,-1,77,79,80,70,53,216.79,113,-13,56,-1032,-1,0,0,0,-35,0,0,0,"keyboard-worker","OK",1784211289633,64952,2176
1408,1784211289756,65075,65074,0,-3,4,0,0,-1,77,79,82,70,53,216.78,113,18,7,-960,-1,0,0,0,-35,0,0,0,"keyboard-worker","OK",1784211289733,65052,2178
1409,1784211289858,65177,65176,0,-3,4,0,-1,-1,76,80,83,70,53,216.99,113,-22,28,-955,-1,0,0,0,-35,0,0,0,"keyboard-worker","OK",1784211289834,65152,2180
1410,1784211289960,65279,65278,0,-4,4,0,-1,-1,76,80,85,70,53,216.98,113,-13,28,-1008,-1,0,0,0,0,0,0,0,"keyboard-worker","OK",1784211289934,65253,2182
1411,1784211290062,65381,65380,0,-3,4,0,-2,-1,76,80,86,80,53,216.96,113,12,12,-997,-1,0,0,0,0,0,0,0,"keyboard-worker","OK",1784211290034,65353,2184
1412,1784211290165,65484,65483,0,-1,4,0,-2,0,76,80,87,80,53,217.22,113,-24,38,-997,-1,0,0,0,0,0,0,0,"keyboard-worker","OK",1784211290134,65453,2186
1413,1784211290268,65587,65587,0,-1,4,0,-2,0,76,80,88,80,53,217.13,114,-32,32,-971,-1,0,0,0,0,0,0,0,"keyboard-worker","OK",1784211290235,65553,2188
1414,1784211290372,65691,65691,-1,0,4,0,-2,0,76,80,89,80,53,217.12,114,4,28,-1001,-1,0,0,0,0,0,0,0,"keyboard-worker","OK",1784211290335,65654,2190
1415,1784211290419,65738,65738,-1,0,4,0,-2,0,76,80,90,80,53,216.8,114,0,17,-985,-1,0,0,0,0,0,0,0,"keyboard-worker","OK",1784211290385,65704,2191
1416,1784211290524,65843,65842,-1,0,4,0,-1,0,76,80,91,80,53,217.04,114,0,14,-1005,-1,0,0,0,0,0,0,0,"keyboard-worker","OK",1784211290486,65804,2193
1417,1784211290624,65943,65942,0,4,4,0,-1,0,76,80,92,80,53,217.04,114,-23,41,-967,-1,0,0,0,0,0,0,0,"keyboard-worker","OK",1784211290586,65904,2195
1418,1784211290729,66048,66047,-1,2,4,0,0,0,76,80,92,80,53,216.73,114,-18,23,-997,-1,0,0,0,0,0,0,0,"keyboard-worker","OK",1784211290686,66005,2197
1419,1784211290879,66198,66197,-1,1,4,0,0,0,77,80,93,80,53,217.07,114,18,20,-987,-1,0,0,0,0,0,0,0,"keyboard-worker","OK",1784211290836,66155,2200
1420,1784211290981,66300,66299,0,0,4,0,0,0,77,80,93,80,53,216.78,114,-9,18,-1008,-1,0,0,0,0,0,0,0,"keyboard-worker","OK",1784211290937,66256,2202
1421,1784211291034,66353,66352,0,0,4,0,0,0,77,80,93,80,53,216.97,114,-9,15,-997,-1,0,0,0,0,0,0,0,"keyboard-worker","OK",1784211290988,66306,2203
1422,1784211291136,66455,66455,0,0,4,0,0,0,77,80,94,80,53,217.26,114,-13,9,-1012,-1,0,0,0,0,0,0,0,"keyboard-worker","OK",1784211291088,66407,2205
1423,1784211291237,66556,66555,0,0,4,0,0,0,77,80,94,80,53,217.08,115,-6,12,-997,-1,0,0,0,0,0,0,0,"keyboard-worker","OK",1784211291188,66507,2207
1424,1784211291339,66658,66658,0,0,4,0,0,0,77,80,94,80,53,216.63,115,-12,1,-994,-1,0,0,0,0,0,0,0,"keyboard-worker","OK",1784211291339,66657,2210
1425,1784211291442,66761,66761,0,0,4,0,0,0,77,80,94,80,53,217.15,115,25,8,-953,-1,0,0,0,0,0,0,0,"keyboard-worker","OK",1784211291439,66758,2212
1426,1784211291543,66862,66861,0,0,4,0,0,0,77,80,95,80,53,217.14,115,19,16,-995,-1,0,0,0,0,0,0,0,"keyboard-worker","OK",1784211291539,66858,2214
1427,1784211291662,66981,66981,0,0,4,0,0,0,77,80,94,80,53,217.13,115,-6,13,-1010,-1,0,0,0,0,0,0,0,"keyboard-worker","OK",1784211291640,66958,2216
1428,1784211291746,67065,67065,0,0,4,0,0,0,77,80,95,80,53,217.03,115,-1,22,-944,-1,0,0,0,0,0,0,0,"keyboard-worker","OK",1784211291740,67059,2218
1429,1784211291850,67169,67169,0,0,4,0,0,0,77,79,95,80,53,216.75,115,-21,22,-1043,-1,0,0,0,0,0,0,0,"keyboard-worker","OK",1784211291840,67159,2220
1430,1784211291950,67269,67269,0,-1,4,0,0,0,77,79,95,80,53,217.05,115,-21,25,-1005,-1,0,0,0,0,0,0,0,"keyboard-worker","OK",1784211291940,67259,2222
1431,1784211292052,67371,67371,0,-1,4,0,0,0,77,79,95,80,53,217.31,115,20,20,-916,-1,0,0,0,0,0,0,0,"keyboard-worker","OK",1784211292041,67359,2224
1432,1784211292154,67473,67473,0,0,4,0,0,0,77,79,94,80,53,216.61,115,-27,29,-970,-1,0,0,0,0,0,0,0,"keyboard-worker","OK",1784211292141,67459,2226
1433,1784211292256,67575,67575,-1,-1,4,0,0,0,77,79,94,80,53,216.98,116,-7,37,-980,-1,0,0,0,0,0,0,0,"keyboard-worker","OK",1784211292241,67560,2228
1434,1784211292359,67678,67677,0,-2,4,0,0,0,77,79,93,80,53,216.9,116,47,13,-959,-1,0,0,0,0,0,0,0,"keyboard-worker","OK",1784211292341,67660,2230
1435,1784211292461,67780,67779,0,-2,4,0,0,0,77,79,93,80,53,216.92,116,24,11,-1040,-1,0,0,0,0,0,0,0,"keyboard-worker","OK",1784211292441,67760,2232
1436,1784211292563,67882,67881,1,-1,4,0,0,0,77,79,93,80,53,217.12,116,-7,26,-1016,-1,0,0,0,-35,0,0,0,"keyboard-worker","OK",1784211292542,67860,2234
1437,1784211292668,67987,67987,0,-1,4,0,0,0,77,79,93,80,53,217.06,116,-2,26,-1004,-1,0,0,0,-35,0,0,0,"keyboard-worker","OK",1784211292642,67960,2236
1438,1784211292771,68090,68089,0,-2,4,0,0,0,77,79,93,80,53,217,116,24,-1,-1005,-1,0,0,0,-35,0,0,0,"keyboard-worker","OK",1784211292742,68061,2238
1439,1784211292872,68191,68191,0,-3,4,0,0,0,77,79,93,80,53,217.05,116,-14,29,-998,-1,0,0,0,-35,0,0,0,"keyboard-worker","OK",1784211292842,68161,2240
1440,1784211292972,68291,68290,0,-3,4,0,0,0,77,79,93,80,53,216.81,116,-9,26,-1019,-1,0,0,0,-35,0,0,0,"keyboard-worker","OK",1784211292942,68261,2242
1441,1784211293078,68397,68396,0,-3,4,0,-1,0,77,79,93,80,53,217.1,116,-9,25,-995,-1,0,0,0,-35,0,0,0,"keyboard-worker","OK",1784211293043,68361,2244
1442,1784211293188,68507,68507,0,-3,4,0,-1,0,77,79,93,80,53,216.98,116,-26,23,-1013,-1,0,0,0,-35,0,0,0,"keyboard-worker","OK",1784211293143,68462,2246
1443,1784211293278,68597,68596,0,-3,4,0,-2,0,77,79,94,80,53,217.16,117,3,46,-1015,-1,0,0,0,0,0,0,0,"keyboard-worker","OK",1784211293243,68562,2248
1444,1784211293379,68698,68698,0,-2,4,0,-2,0,77,79,94,80,53,217.14,117,-31,-5,-982,-1,0,0,0,0,0,0,0,"keyboard-worker","OK",1784211293344,68662,2250
1445,1784211293481,68800,68800,0,0,4,0,-2,0,77,79,94,80,53,217.07,117,8,14,-974,-1,0,0,0,0,0,0,0,"keyboard-worker","OK",1784211293444,68762,2252
1446,1784211293583,68902,68902,0,0,4,0,-2,0,77,79,95,80,53,216.8,117,-27,19,-994,-1,0,0,0,0,0,0,0,"keyboard-worker","OK",1784211293544,68863,2254
1447,1784211293693,69012,69012,0,0,4,0,-2,0,77,79,95,80,53,217.29,117,-35,8,-1036,-1,0,0,0,0,0,0,0,"keyboard-worker","OK",1784211293645,68963,2256
1448,1784211293789,69108,69107,0,0,4,0,-2,0,77,79,95,80,53,217.07,117,-32,2,-1006,-1,0,0,0,0,0,0,0,"keyboard-worker","OK",1784211293745,69063,2258
1449,1784211293890,69209,69209,0,1,4,0,-2,0,76,79,96,80,53,217.05,117,-24,22,-998,-1,0,0,0,0,0,0,0,"keyboard-worker","OK",1784211293845,69164,2260
1450,1784211293992,69311,69311,-1,1,4,0,-2,0,76,79,96,80,53,217.07,117,6,0,-997,-1,0,0,0,0,0,0,0,"keyboard-worker","OK",1784211293945,69264,2262
1451,1784211294095,69414,69414,0,3,4,0,-2,0,76,79,96,80,52,216.74,117,-24,0,-972,-1,0,0,0,0,0,0,0,"keyboard-worker","OK",1784211294046,69364,2264
1452,1784211294148,69467,69466,0,4,4,0,-1,0,76,79,97,80,52,217.08,117,2,1,-967,-1,0,0,0,0,0,0,0,"keyboard-worker","OK",1784211294146,69464,2266
1453,1784211294247,69566,69566,0,2,4,0,0,0,76,79,97,80,52,216.9,118,-23,0,-982,-1,0,0,0,0,0,0,0,"keyboard-worker","OK",1784211294246,69565,2268
1454,1784211294349,69668,69668,0,2,4,0,0,0,76,79,97,80,52,216.93,118,-40,5,-991,-1,0,0,0,0,0,0,0,"keyboard-worker","OK",1784211294347,69665,2270
1455,1784211294451,69770,69770,-1,2,4,0,0,0,76,79,97,80,52,217.14,118,-24,-5,-1021,-1,0,0,0,0,0,0,0,"keyboard-worker","OK",1784211294447,69766,2272
1456,1784211294556,69875,69875,-1,1,4,0,0,0,76,79,97,80,52,216.89,118,-24,-8,-966,-1,0,0,0,0,0,0,0,"keyboard-worker","OK",1784211294547,69866,2274
1457,1784211294655,69974,69974,-1,1,4,0,0,0,76,79,97,80,52,217.03,118,1,-1,-990,-1,0,0,0,0,0,0,0,"keyboard-worker","OK",1784211294648,69966,2276
1458,1784211294758,70077,70076,-1,0,4,0,0,0,76,79,97,80,52,217.07,118,22,-22,-1012,-1,0,0,0,0,0,0,0,"keyboard-worker","OK",1784211294748,70066,2278
1459,1784211294860,70179,70178,0,1,4,0,0,0,77,79,97,80,52,216.94,118,-28,-7,-1042,-1,0,0,0,0,0,0,0,"keyboard-worker","OK",1784211294848,70167,2280
1460,1784211294961,70280,70280,-1,0,4,0,0,0,77,79,97,80,52,217.12,118,-13,-18,-958,-1,0,0,0,0,0,0,0,"keyboard-worker","OK",1784211294949,70267,2282
1461,1784211295064,70383,70383,-1,0,4,0,0,0,77,79,97,80,52,217.01,118,-23,7,-1031,-1,0,0,0,0,0,0,0,"keyboard-worker","OK",1784211295049,70368,2284
1462,1784211295169,70488,70487,-1,0,4,0,0,0,77,79,96,80,52,216.69,118,-35,0,-899,-1,0,0,0,0,0,0,0,"keyboard-worker","OK",1784211295149,70468,2286
1463,1784211295271,70590,70590,-1,0,4,0,0,0,77,79,95,80,52,216.77,119,-41,6,-988,-1,0,0,0,0,0,0,0,"keyboard-worker","OK",1784211295250,70568,2288
1464,1784211295369,70688,70688,-1,0,4,0,0,0,77,79,93,80,52,216.83,119,-25,-8,-1008,-1,0,0,0,0,0,0,0,"keyboard-worker","OK",1784211295350,70668,2290
1465,1784211295471,70790,70790,-1,0,4,0,0,0,77,79,92,80,52,216.59,119,-24,-18,-1002,-1,0,0,0,0,0,0,0,"keyboard-worker","OK",1784211295450,70769,2292
1466,1784211295573,70892,70892,-1,0,4,0,0,1,77,79,91,80,52,217.16,119,-24,-15,-993,-1,0,0,0,0,0,0,0,"keyboard-worker","OK",1784211295550,70869,2294
1467,1784211295675,70994,70994,-1,0,4,0,0,0,77,79,89,80,52,216.76,119,-24,0,-1023,-1,0,0,0,0,0,0,0,"keyboard-worker","OK",1784211295651,70969,2296
1468,1784211295777,71096,71096,-1,0,4,0,0,0,77,79,88,80,52,217.13,119,-52,0,-1014,-1,0,0,0,35,0,0,0,"keyboard-worker","OK",1784211295751,71070,2298
1469,1784211295883,71202,71202,-1,0,4,0,0,0,77,79,87,80,52,216.8,119,-55,-14,-1046,-1,0,0,0,35,0,0,0,"keyboard-worker","OK",1784211295851,71170,2300
1470,1784211295981,71300,71300,-1,0,4,0,0,0,77,79,87,80,52,216.74,119,-32,-6,-1001,-1,0,0,0,35,0,0,0,"keyboard-worker","OK",1784211295951,71270,2302
1471,1784211296083,71402,71402,-1,2,4,0,0,0,77,79,87,80,52,216.94,119,-26,-13,-944,-1,0,0,0,35,0,0,0,"keyboard-worker","OK",1784211296052,71370,2304
1472,1784211296185,71504,71504,-1,2,4,0,0,0,77,79,87,80,52,216.53,119,-19,-34,-1000,-1,0,0,0,35,0,0,0,"keyboard-worker","OK",1784211296152,71470,2306
1473,1784211296287,71606,71606,-2,3,4,0,1,0,77,79,87,80,52,216.57,120,-36,13,-1054,-1,0,0,0,0,0,0,0,"keyboard-worker","OK",1784211296252,71571,2308
1474,1784211296389,71708,71708,-2,3,4,0,1,0,77,79,88,80,52,216.8,120,-37,17,-995,-1,0,0,0,0,0,0,0,"keyboard-worker","OK",1784211296352,71671,2310
1475,1784211296491,71810,71810,-1,1,4,0,2,0,77,79,88,80,52,216.88,120,-53,-23,-1002,-1,0,0,0,0,0,0,0,"keyboard-worker","OK",1784211296452,71771,2312
1476,1784211296593,71912,71912,-2,0,4,0,2,0,77,79,88,80,52,216.98,120,-52,-24,-965,-1,0,0,0,0,0,0,0,"keyboard-worker","OK",1784211296553,71871,2314
1477,1784211296695,72014,72014,-2,0,4,0,1,0,77,79,89,80,52,216.68,120,-3,-20,-975,-1,0,0,0,0,0,0,0,"keyboard-worker","OK",1784211296653,71972,2316
1478,1784211296797,72116,72116,-2,0,4,0,1,0,77,79,89,80,52,216.64,120,-19,-11,-1011,-1,0,0,0,0,0,0,0,"keyboard-worker","OK",1784211296753,72072,2318
1479,1784211296899,72218,72218,-1,0,4,0,1,0,78,80,90,80,52,217.05,120,23,-16,-1011,-1,0,0,0,0,0,0,0,"keyboard-worker","OK",1784211296854,72172,2320
1480,1784211297013,72332,72331,-1,-1,4,0,1,0,78,80,91,80,52,216.86,120,-15,-14,-992,-1,0,0,0,0,0,0,0,"keyboard-worker","OK",1784211297004,72323,2323
1481,1784211297104,72423,72422,-1,-2,4,0,0,0,78,80,92,80,52,217.06,120,-30,-12,-984,-1,0,0,0,0,0,0,0,"keyboard-worker","OK",1784211297104,72423,2325
1482,1784211297205,72524,72524,-1,-1,4,0,0,0,78,80,92,80,52,216.84,120,19,-5,-985,-1,0,0,0,0,0,0,0,"keyboard-worker","OK",1784211297204,72523,2327
1483,1784211297307,72626,72626,-1,-1,4,0,0,0,78,80,93,80,52,216.99,121,-19,-37,-1015,-1,0,0,0,0,0,0,0,"keyboard-worker","OK",1784211297305,72623,2329
1484,1784211297409,72728,72728,0,0,4,0,0,0,78,80,93,80,52,216.95,121,-4,21,-1046,-1,0,0,0,0,0,0,0,"keyboard-worker","OK",1784211297405,72724,2331
1485,1784211297511,72830,72830,0,0,4,0,0,0,78,80,94,80,52,217.03,121,20,-33,-969,-1,0,0,0,0,0,0,0,"keyboard-worker","OK",1784211297505,72824,2333
1486,1784211297613,72932,72932,0,0,3,0,0,0,78,80,95,80,52,216.81,121,-16,-65,-990,-1,0,0,0,0,0,0,0,"keyboard-worker","OK",1784211297606,72924,2335
1487,1784211297715,73034,73034,0,0,3,0,0,0,78,80,95,80,52,216.91,121,-5,-9,-1009,-1,0,0,0,0,0,0,0,"keyboard-worker","OK",1784211297706,73025,2337
1488,1784211297818,73137,73137,0,1,3,0,0,0,78,80,95,80,52,216.89,121,6,-9,-1013,-1,0,0,0,0,0,0,0,"keyboard-worker","OK",1784211297806,73125,2339
1489,1784211297920,73239,73239,0,1,3,0,0,0,77,80,95,80,52,216.95,121,-31,-8,-982,-1,0,0,0,0,0,0,0,"keyboard-worker","OK",1784211297907,73225,2341
1490,1784211298022,73341,73341,0,1,3,0,0,0,77,80,95,80,52,217.25,121,-3,-1,-971,-1,0,0,0,0,0,0,0,"keyboard-worker","OK",1784211298007,73325,2343
1491,1784211298124,73443,73443,0,0,3,0,0,0,77,80,95,80,52,217.07,121,2,-10,-987,-1,0,0,0,0,0,0,0,"keyboard-worker","OK",1784211298107,73426,2345
1492,1784211298226,73545,73545,0,1,3,0,0,0,77,80,94,80,52,217.09,121,-20,-10,-1013,-1,0,0,0,0,0,0,0,"keyboard-worker","OK",1784211298207,73526,2347
1493,1784211298277,73596,73596,0,1,2,0,0,0,77,80,94,80,52,216.85,122,27,-27,-958,-1,0,0,0,0,0,0,0,"keyboard-worker","OK",1784211298257,73576,2348
1494,1784211298379,73698,73698,0,1,0,0,0,0,77,80,94,80,52,216.77,122,-24,-31,-1028,-1,0,0,0,0,0,0,0,"keyboard-worker","OK",1784211298358,73676,2350
1495,1784211298498,73817,73816,0,1,0,0,0,0,77,80,93,80,52,217.31,122,11,-19,-965,-1,0,0,0,0,0,0,0,"keyboard-worker","OK",1784211298458,73776,2352
1496,1784211298583,73902,73902,0,2,-2,0,0,0,77,80,93,80,52,217.18,122,-2,-21,-1023,-1,0,0,0,35,0,0,0,"keyboard-worker","OK",1784211298558,73877,2354
1497,1784211298685,74004,74004,0,2,-4,0,0,0,77,80,93,80,52,217.12,122,-1,-25,-1020,-1,0,0,0,35,0,0,0,"keyboard-worker","OK",1784211298659,73977,2356
1498,1784211298797,74116,74115,0,2,-6,0,0,0,77,80,93,80,52,216.92,122,-8,-30,-1016,-1,0,0,0,35,0,0,0,"keyboard-worker","OK",1784211298759,74078,2358
1499,1784211298889,74208,74208,0,3,-9,0,0,0,77,79,93,80,52,216.92,122,16,8,-965,-1,0,0,0,35,0,0,0,"keyboard-worker","OK",1784211298860,74178,2360
1500,1784211298991,74310,74310,0,4,-12,0,0,0,77,79,93,80,52,216.97,122,2,-13,-986,-1,0,0,0,35,0,0,0,"keyboard-worker","OK",1784211298960,74278,2362
1501,1784211299094,74413,74412,0,4,-14,0,1,0,77,79,93,80,52,217.23,122,-5,-33,-991,-1,0,0,0,35,0,0,0,"keyboard-worker","OK",1784211299060,74379,2364
1502,1784211299195,74514,74514,1,3,-17,0,1,0,77,79,93,80,52,217.29,122,-29,-16,-1095,-1,0,0,0,35,0,0,0,"keyboard-worker","OK",1784211299160,74479,2366
1503,1784211299297,74616,74616,1,3,-20,0,2,0,77,79,93,80,52,217.15,123,5,-22,-1042,-1,0,0,0,35,0,0,0,"keyboard-worker","OK",1784211299261,74579,2368
1504,1784211299399,74718,74718,1,3,-22,0,2,0,77,79,93,80,52,217.18,123,18,-30,-996,-1,0,0,0,0,0,0,0,"keyboard-worker","OK",1784211299361,74679,2370
1505,1784211299504,74823,74823,1,2,-23,0,2,0,77,79,93,80,52,217.2,123,22,-21,-964,-1,0,0,0,-35,0,0,0,"keyboard-worker","OK",1784211299461,74780,2372
1506,1784211299608,74927,74926,0,1,-24,0,2,0,77,79,93,80,52,217.12,123,7,-29,-1004,-1,0,0,0,0,0,0,0,"keyboard-worker","OK",1784211299561,74880,2374
1507,1784211299708,75027,75026,0,0,-24,0,2,0,77,79,93,80,52,217.19,123,29,-19,-948,-1,0,0,0,0,0,0,0,"keyboard-worker","OK",1784211299662,74980,2376
1508,1784211299808,75127,75126,0,0,-23,0,2,0,77,79,93,80,52,216.98,123,36,-16,-955,-1,0,0,0,0,0,0,0,"keyboard-worker","OK",1784211299762,75081,2378
1509,1784211299909,75228,75228,0,0,-20,0,2,0,77,80,93,80,52,217.31,123,5,-41,-1045,-1,0,0,0,0,0,0,0,"keyboard-worker","OK",1784211299862,75181,2380
1510,1784211300011,75330,75330,0,0,-17,0,1,0,77,80,92,80,52,216.96,123,9,-32,-951,-1,0,0,0,0,0,0,0,"keyboard-worker","OK",1784211299963,75281,2382
1511,1784211300113,75432,75432,0,0,-14,0,1,0,77,80,92,80,52,216.96,123,19,-14,-1018,-1,0,0,0,0,0,0,0,"keyboard-worker","OK",1784211300113,75432,2385
1512,1784211300215,75534,75534,0,1,-12,0,1,0,77,80,92,80,52,217.12,123,-18,-6,-1041,-1,0,0,0,0,0,0,0,"keyboard-worker","OK",1784211300213,75532,2387
1513,1784211300317,75636,75636,-1,-1,-13,0,1,0,77,80,92,80,52,216.88,124,-33,-42,-1021,-1,0,0,0,0,0,0,0,"keyboard-worker","OK",1784211300313,75632,2389
1514,1784211300419,75738,75738,-1,-1,-16,0,0,0,77,80,91,80,52,217.39,124,14,4,-943,-1,0,0,0,0,0,0,0,"keyboard-worker","OK",1784211300414,75732,2391
1515,1784211300577,75896,75895,0,0,-19,0,0,0,77,80,92,80,52,217,124,-33,-9,-1010,-1,0,0,0,0,0,0,0,"keyboard-worker","OK",1784211300564,75883,2394
1516,1784211300614,75933,75933,0,0,-22,0,0,0,77,80,92,80,52,217.18,124,-37,-24,-998,-1,0,0,0,0,0,0,0,"keyboard-worker","OK",1784211300614,75933,2395
1517,1784211300716,76035,76035,-1,0,-23,0,0,0,77,80,92,80,52,216.85,124,-26,-20,-991,-1,0,0,0,0,0,0,0,"keyboard-worker","OK",1784211300715,76033,2397
1518,1784211300818,76137,76137,-1,0,-21,0,0,0,77,80,92,80,52,216.93,124,-34,-27,-960,-1,0,0,0,0,0,0,0,"keyboard-worker","OK",1784211300815,76134,2399
1519,1784211300920,76239,76239,-1,0,-16,0,0,0,77,80,92,80,52,217.15,124,-21,-3,-1031,-1,0,0,0,0,0,0,0,"keyboard-worker","OK",1784211300915,76234,2401
1520,1784211301022,76341,76341,-1,0,-5,0,0,0,77,80,93,80,52,216.97,124,-38,8,-975,-1,0,0,0,0,0,0,0,"keyboard-worker","OK",1784211301016,76334,2403
1521,1784211301125,76444,76443,-2,0,8,0,0,0,77,80,93,80,51,217.08,124,-11,33,-1011,-1,0,0,0,0,0,0,0,"keyboard-worker","OK",1784211301116,76435,2405
1522,1784211301226,76545,76545,-2,-1,12,0,0,0,77,80,93,80,51,217.13,124,-40,37,-1067,-1,0,0,0,0,0,0,0,"keyboard-worker","OK",1784211301216,76535,2407
1523,1784211301329,76648,76647,-1,-1,15,0,0,0,77,80,93,80,51,217.2,125,-25,17,-1017,-1,0,0,0,0,0,0,0,"keyboard-worker","OK",1784211301317,76636,2409
1524,1784211301430,76749,76749,-2,-1,17,0,0,0,77,80,93,80,51,216.93,125,-5,17,-953,-1,0,0,0,0,0,0,0,"keyboard-worker","OK",1784211301417,76736,2411
1525,1784211301532,76851,76851,-1,-1,17,0,0,0,77,80,93,80,51,216.92,125,-30,33,-989,-1,0,0,0,0,0,0,0,"keyboard-worker","OK",1784211301517,76836,2413
1526,1784211301638,76957,76956,0,0,17,0,0,0,77,80,92,80,51,216.91,125,-18,17,-980,-1,0,0,0,0,0,0,0,"keyboard-worker","OK",1784211301618,76936,2415
1527,1784211301740,77059,77059,0,-1,17,0,0,0,77,80,91,80,51,217.1,125,0,0,-1023,-1,0,0,0,0,0,0,0,"keyboard-worker","OK",1784211301718,77037,2417
1528,1784211301844,77163,77162,0,-1,16,0,0,0,77,80,92,80,51,217.12,125,-16,27,-989,-1,0,0,0,0,0,0,0,"keyboard-worker","OK",1784211301818,77137,2419
1529,1784211301939,77258,77258,0,0,14,0,0,0,77,81,91,80,51,217.01,125,-32,24,-976,-1,0,0,0,0,0,0,0,"keyboard-worker","OK",1784211301919,77237,2421
1530,1784211302042,77361,77361,0,0,12,0,0,0,77,81,90,80,51,216.56,125,-27,16,-1006,-1,0,0,0,0,0,0,0,"keyboard-worker","OK",1784211302019,77337,2423
1531,1784211302144,77463,77463,0,-1,9,0,0,0,77,81,89,80,51,216.82,125,-7,-13,-983,-1,0,0,0,0,0,0,0,"keyboard-worker","OK",1784211302119,77438,2425
1532,1784211302246,77565,77565,0,-1,7,0,0,0,77,81,89,80,51,216.73,125,-21,28,-1030,-1,0,0,0,0,0,0,0,"keyboard-worker","OK",1784211302219,77538,2427
1533,1784211302348,77667,77667,0,-1,7,0,0,0,77,81,88,80,51,217.03,126,-31,50,-1033,-1,0,0,0,0,0,0,0,"keyboard-worker","OK",1784211302319,77638,2429
1534,1784211302451,77770,77770,0,-1,7,0,0,0,77,81,88,80,51,216.77,126,15,-7,-1027,-1,0,0,0,0,0,0,0,"keyboard-worker","OK",1784211302420,77738,2431
1535,1784211302504,77823,77822,0,-1,7,0,0,0,77,81,88,80,51,216.9,126,-7,33,-1032,-1,0,0,0,0,0,0,0,"keyboard-worker","OK",1784211302470,77789,2432
1536,1784211302605,77924,77924,0,-1,6,0,0,0,77,81,89,80,51,217.11,126,-13,25,-1023,-1,0,0,0,0,0,0,0,"keyboard-worker","OK",1784211302570,77889,2434
1537,1784211302707,78026,78026,0,-1,6,0,0,0,77,81,89,80,51,216.89,126,-9,38,-984,-1,0,0,0,0,0,0,0,"keyboard-worker","OK",1784211302670,77989,2436
1538,1784211302807,78126,78126,0,-1,6,0,0,0,77,81,90,80,51,216.8,126,-7,32,-1021,-1,0,0,0,0,0,0,0,"keyboard-worker","OK",1784211302771,78089,2438
1539,1784211302961,78280,78280,0,-1,6,0,0,0,78,80,91,80,51,217.34,126,-28,16,-1002,-1,0,0,0,0,0,0,0,"keyboard-worker","OK",1784211302921,78240,2441
1540,1784211303062,78381,78381,0,-1,6,0,0,0,78,80,92,80,51,217.17,126,-22,12,-993,-1,0,0,0,0,0,0,0,"keyboard-worker","OK",1784211303021,78340,2443
1541,1784211303113,78432,78432,-1,0,6,0,0,0,78,80,92,80,50,217.11,126,-3,7,-952,-1,0,0,0,0,0,0,0,"keyboard-worker","OK",1784211303071,78390,2444
1542,1784211303216,78535,78535,0,0,6,0,0,0,78,80,93,80,50,216.91,127,4,25,-981,-1,0,0,0,0,0,0,0,"keyboard-worker","OK",1784211303172,78491,2446
1543,1784211303317,78636,78636,0,-1,6,0,0,0,78,80,93,80,50,217.2,127,15,9,-1007,-1,0,0,0,0,0,0,0,"keyboard-worker","OK",1784211303273,78591,2448
1544,1784211303419,78738,78738,0,-1,6,0,0,0,78,80,93,80,50,217.31,127,13,8,-1002,-1,0,0,0,0,0,0,0,"keyboard-worker","OK",1784211303373,78692,2450
1545,1784211303522,78841,78840,0,0,6,0,0,0,78,80,94,80,50,217.44,127,2,-13,-982,-1,0,0,0,0,0,0,0,"keyboard-worker","OK",1784211303474,78792,2452
1546,1784211303623,78942,78942,0,0,5,0,0,0,78,80,94,80,50,217.03,127,-2,3,-983,-1,0,0,0,0,0,0,0,"keyboard-worker","OK",1784211303574,78893,2454
1547,1784211303725,79044,79044,0,0,5,0,0,0,78,80,94,80,50,216.97,127,-6,-1,-1000,-1,0,0,0,0,0,0,0,"keyboard-worker","OK",1784211303725,79043,2457
1548,1784211303827,79146,79146,0,0,5,0,0,0,78,80,95,80,50,216.82,127,14,23,-1037,-1,0,0,0,0,0,0,0,"keyboard-worker","OK",1784211303825,79144,2459
1549,1784211303929,79248,79248,0,0,5,0,0,0,78,81,95,80,50,217.41,127,-19,10,-968,-1,0,0,0,0,0,0,0,"keyboard-worker","OK",1784211303926,79244,2461
1550,1784211304034,79353,79353,0,0,5,0,0,0,78,81,95,80,50,217.15,127,-6,25,-1009,-1,0,0,0,0,0,0,0,"keyboard-worker","OK",1784211304026,79344,2463
1551,1784211304140,79459,79458,0,0,5,0,0,0,78,81,94,80,50,216.97,127,24,16,-996,-1,0,0,0,0,0,0,0,"keyboard-worker","OK",1784211304126,79444,2465
1552,1784211304244,79563,79563,1,0,5,0,0,0,78,81,94,80,50,217.16,128,54,20,-965,-1,0,0,0,0,0,0,0,"keyboard-worker","OK",1784211304226,79545,2467
1553,1784211304361,79680,79680,1,0,5,0,0,0,78,81,94,80,50,216.86,128,22,52,-1048,-1,0,0,0,0,0,0,0,"keyboard-worker","OK",1784211304326,79645,2469
1554,1784211304442,79761,79761,1,0,5,0,0,0,78,81,94,80,50,217.15,128,21,18,-962,-1,0,0,0,0,0,0,0,"keyboard-worker","OK",1784211304427,79745,2471
1555,1784211304542,79861,79861,1,0,5,0,0,0,78,81,94,80,50,217.08,128,17,12,-995,-1,0,0,0,0,0,0,0,"keyboard-worker","OK",1784211304527,79845,2473
1556,1784211304644,79963,79963,1,0,5,0,0,0,78,81,94,80,50,216.66,128,40,-18,-955,-1,0,0,0,0,0,0,0,"keyboard-worker","OK",1784211304627,79946,2475
1557,1784211304751,80070,80070,1,0,5,0,0,0,78,81,94,80,50,216.98,128,5,4,-1006,-1,0,0,0,0,0,0,0,"keyboard-worker","OK",1784211304727,80046,2477
1558,1784211304852,80171,80170,0,0,5,0,0,0,78,81,94,80,50,216.84,128,-18,-29,-991,-1,0,0,0,0,0,0,0,"keyboard-worker","OK",1784211304828,80146,2479
1559,1784211304952,80271,80271,0,0,5,0,0,0,77,80,94,80,50,217.37,128,-24,9,-1018,-1,0,0,0,0,0,0,0,"keyboard-worker","OK",1784211304928,80247,2481
1560,1784211305052,80371,80371,0,0,5,0,0,0,77,80,94,80,50,217.09,128,10,33,-1001,-1,0,0,0,0,0,0,0,"keyboard-worker","OK",1784211305028,80347,2483
1561,1784211305154,80473,80473,0,-1,5,0,0,0,77,80,95,80,50,216.95,128,61,20,-1028,-1,0,0,0,0,0,0,0,"keyboard-worker","OK",1784211305128,80447,2485
1562,1784211305257,80576,80576,0,-1,5,0,0,0,77,80,95,80,50,216.74,129,31,-37,-1006,-1,0,0,0,0,0,0,0,"keyboard-worker","OK",1784211305229,80547,2487
1563,1784211305358,80677,80677,0,0,5,0,0,0,77,80,96,80,50,217.02,129,20,16,-979,-1,0,0,0,0,0,0,0,"keyboard-worker","OK",1784211305329,80647,2489
1564,1784211305460,80779,80779,1,0,5,0,0,0,77,80,97,80,50,217.03,129,16,-30,-969,-1,0,0,0,0,0,0,0,"keyboard-worker","OK",1784211305429,80748,2491
1565,1784211305562,80881,80881,1,0,5,0,0,0,77,80,97,80,50,217.19,129,21,29,-982,-1,0,0,0,0,0,0,0,"keyboard-worker","OK",1784211305529,80848,2493
1566,1784211305667,80986,80986,1,0,5,0,0,0,77,80,98,80,50,217.1,129,21,31,-1006,-1,0,0,0,0,0,0,0,"keyboard-worker","OK",1784211305629,80948,2495
1567,1784211305769,81088,81088,1,-1,5,0,0,0,77,80,98,80,50,216.89,129,-6,18,-988,-1,0,0,0,0,0,0,0,"keyboard-worker","OK",1784211305730,81048,2497
1568,1784211305888,81207,81207,1,0,5,0,0,0,77,80,97,80,50,217.1,129,15,4,-977,-1,0,0,0,0,0,0,0,"keyboard-worker","OK",1784211305880,81199,2500
1569,1784211305970,81289,81289,1,0,5,0,0,0,78,80,97,80,50,217.17,129,17,18,-996,-1,0,0,0,0,0,0,0,"keyboard-worker","OK",1784211305930,81249,2501
1570,1784211306081,81400,81400,1,0,4,0,0,0,78,80,97,80,50,217,129,-6,15,-1030,-1,0,0,0,0,0,0,0,"keyboard-worker","OK",1784211306081,81399,2504
1571,1784211306174,81493,81493,0,0,4,0,0,0,78,80,96,80,50,217.01,129,2,18,-989,-1,0,0,0,0,0,0,0,"keyboard-worker","OK",1784211306131,81449,2505
1572,1784211306281,81600,81599,0,0,4,0,0,0,78,80,96,80,50,216.97,130,-6,-15,-939,-1,0,0,0,0,0,0,0,"keyboard-worker","OK",1784211306281,81600,2508
1573,1784211306383,81702,81701,0,0,4,0,0,0,78,80,95,80,50,217.02,130,26,12,-987,-1,0,0,0,0,0,0,0,"keyboard-worker","OK",1784211306382,81700,2510
1574,1784211306484,81803,81802,0,0,4,0,0,0,78,80,94,80,50,217.27,130,-26,-25,-1023,-1,0,0,0,0,0,0,0,"keyboard-worker","OK",1784211306482,81801,2512
1575,1784211306582,81901,81901,0,0,4,0,0,0,78,80,94,80,50,216.96,130,-20,-18,-976,-1,0,0,0,0,0,0,0,"keyboard-worker","OK",1784211306533,81851,2513
1576,1784211306638,81957,81956,0,0,4,0,0,0,78,80,94,80,50,216.9,130,-21,-5,-1027,-1,0,0,0,0,0,0,0,"keyboard-worker","OK",1784211306633,81951,2515
1577,1784211306740,82059,82058,0,0,4,0,0,0,78,80,93,80,50,217.16,130,0,-6,-971,-1,0,0,0,0,0,0,0,"keyboard-worker","OK",1784211306733,82052,2517
1578,1784211306839,82158,82158,0,0,4,0,0,0,78,80,93,80,50,217.15,130,22,17,-993,-1,0,0,0,0,0,0,0,"keyboard-worker","OK",1784211306833,82152,2519
1579,1784211306938,82257,82257,0,0,4,0,0,0,78,80,93,80,50,217.19,130,-40,15,-1025,-1,0,0,0,0,0,0,0,"keyboard-worker","OK",1784211306934,82252,2521
1580,1784211307041,82360,82360,0,-1,5,0,0,0,78,80,93,80,50,216.99,130,-9,4,-998,-1,0,0,0,0,0,0,0,"keyboard-worker","OK",1784211307034,82353,2523
1581,1784211307143,82462,82462,0,-1,5,0,0,0,78,80,93,80,49,216.96,130,-4,25,-1000,-1,0,0,0,0,0,0,0,"keyboard-worker","OK",1784211307135,82453,2525
1582,1784211307245,82564,82564,0,-1,5,0,0,0,78,80,94,80,49,216.98,131,-2,39,-1002,-1,0,0,0,35,0,0,0,"keyboard-worker","OK",1784211307235,82553,2527
1583,1784211307347,82666,82666,0,0,5,0,0,0,78,80,94,80,49,216.92,131,33,8,-967,-1,0,0,0,35,0,0,0,"keyboard-worker","OK",1784211307335,82654,2529
1584,1784211307449,82768,82768,0,0,5,0,0,0,78,80,94,80,49,216.97,131,0,6,-983,-1,0,0,0,35,0,0,0,"keyboard-worker","OK",1784211307435,82754,2531
1585,1784211307551,82870,82870,0,1,5,0,0,0,78,80,94,80,49,217.14,131,17,-1,-948,-1,0,0,0,35,0,0,0,"keyboard-worker","OK",1784211307535,82854,2533
1586,1784211307653,82972,82972,0,2,5,0,0,0,78,80,94,80,49,216.79,131,3,21,-1039,-1,0,0,0,35,0,0,0,"keyboard-worker","OK",1784211307636,82954,2535
1587,1784211307755,83074,83074,0,2,4,0,1,0,78,80,94,80,49,216.76,131,10,6,-960,-1,0,0,0,0,0,0,0,"keyboard-worker","OK",1784211307736,83055,2537
1588,1784211307857,83176,83176,0,2,4,0,1,0,78,80,94,80,49,217.17,131,-8,5,-1014,-1,0,0,0,0,0,0,0,"keyboard-worker","OK",1784211307836,83155,2539
1589,1784211307959,83278,83278,0,1,4,0,2,0,78,80,94,80,49,217.05,131,17,-16,-982,-1,0,0,0,0,0,0,0,"keyboard-worker","OK",1784211307936,83255,2541
1590,1784211308061,83380,83380,0,0,4,0,2,0,78,80,94,80,49,217.21,131,13,-14,-993,-1,0,0,0,0,0,0,0,"keyboard-worker","OK",1784211308037,83355,2543
1591,1784211308163,83482,83482,0,0,4,0,2,0,78,80,94,80,49,217.2,131,-6,-10,-1003,-1,0,0,0,0,0,0,0,"keyboard-worker","OK",1784211308137,83456,2545
1592,1784211308268,83587,83587,0,0,4,0,1,0,78,80,94,80,49,216.79,132,7,10,-1062,-1,0,0,0,0,0,0,0,"keyboard-worker","OK",1784211308237,83556,2547
1593,1784211308369,83688,83688,0,0,4,0,1,0,78,80,94,80,49,217.2,132,12,-4,-982,-1,0,0,0,0,0,0,0,"keyboard-worker","OK",1784211308337,83656,2549
1594,1784211308471,83790,83789,0,-3,4,0,1,0,78,80,94,80,49,217.11,132,27,17,-994,-1,0,0,0,0,0,0,0,"keyboard-worker","OK",1784211308438,83756,2551
1595,1784211308572,83891,83890,0,-4,4,0,1,0,78,80,94,80,49,217.38,132,24,2,-1007,-1,0,0,0,0,0,0,0,"keyboard-worker","OK",1784211308539,83857,2553
1596,1784211308676,83995,83994,0,-3,4,0,0,0,78,80,94,80,49,216.86,132,16,8,-971,-1,0,0,0,0,0,0,0,"keyboard-worker","OK",1784211308639,83958,2555
1597,1784211308775,84094,84094,0,-2,4,0,0,0,78,80,93,80,49,217.27,132,-1,11,-983,-1,0,0,0,0,0,0,0,"keyboard-worker","OK",1784211308739,84058,2557
1598,1784211308877,84196,84196,0,-1,4,0,0,0,78,80,93,80,49,217,132,-1,28,-1045,-1,0,0,0,0,0,0,0,"keyboard-worker","OK",1784211308839,84158,2559
1599,1784211308979,84298,84297,0,-1,4,0,0,0,77,80,93,80,49,217.22,132,28,25,-989,-1,0,0,0,0,0,0,0,"keyboard-worker","OK",1784211308940,84258,2561
1600,1784211309081,84400,84399,0,-1,4,0,0,0,77,80,92,80,49,216.94,132,-18,22,-978,-1,0,0,0,0,0,0,0,"keyboard-worker","OK",1784211309040,84359,2563
1601,1784211309185,84504,84503,1,-2,4,0,0,0,77,80,92,80,49,217.18,132,28,34,-1024,-1,0,0,0,0,0,0,0,"keyboard-worker","OK",1784211309141,84459,2565
1602,1784211309285,84604,84603,0,-1,4,0,0,0,77,80,92,80,49,217.25,133,-16,13,-1015,-1,0,0,0,0,0,0,0,"keyboard-worker","OK",1784211309241,84560,2567
1603,1784211309394,84713,84712,0,-1,4,0,0,0,77,80,91,80,49,216.85,133,-13,30,-1026,-1,0,0,0,0,0,0,0,"keyboard-worker","OK",1784211309392,84710,2570
1604,1784211309489,84808,84807,0,-1,4,0,0,0,77,80,91,80,49,217.13,133,7,19,-998,-1,0,0,0,0,0,0,0,"keyboard-worker","OK",1784211309442,84760,2571
1605,1784211309591,84910,84910,0,-1,4,0,0,0,77,80,91,80,49,216.98,133,-17,32,-1009,-1,0,0,0,0,0,0,0,"keyboard-worker","OK",1784211309543,84861,2573
1606,1784211309693,85012,85012,0,-1,4,0,0,0,77,80,91,80,49,216.88,133,-25,31,-1049,-1,0,0,0,0,0,0,0,"keyboard-worker","OK",1784211309693,85012,2576
1607,1784211309795,85114,85114,0,-1,4,0,0,0,77,80,90,80,49,216.81,133,-5,22,-1006,-1,0,0,0,0,0,0,0,"keyboard-worker","OK",1784211309794,85112,2578
1608,1784211309898,85217,85217,0,-1,4,0,0,0,77,80,91,80,49,217.11,133,2,32,-1016,-1,0,0,0,0,0,0,0,"keyboard-worker","OK",1784211309894,85212,2580
1609,1784211310005,85324,85324,0,-1,4,0,0,0,77,80,92,80,49,216.97,133,-4,12,-976,-1,0,0,0,0,0,0,0,"keyboard-worker","OK",1784211309994,85313,2582
1610,1784211310106,85425,85424,0,-1,4,0,0,0,77,80,92,80,49,217.26,133,-22,36,-1022,-1,0,0,0,0,0,0,0,"keyboard-worker","OK",1784211310094,85413,2584
1611,1784211310241,85560,85559,0,-1,4,0,0,0,77,80,92,80,49,217.21,133,20,15,-956,-1,0,0,0,0,0,0,0,"keyboard-worker","OK",1784211310194,85513,2586
1612,1784211310288,85607,85607,0,-1,4,0,0,0,77,80,92,80,49,216.75,134,-9,26,-959,-1,0,0,0,0,0,0,0,"keyboard-worker","OK",1784211310245,85563,2587
1613,1784211310385,85704,85703,0,0,4,0,0,0,77,80,93,80,49,217.09,134,6,33,-975,-1,0,0,0,0,0,0,0,"keyboard-worker","OK",1784211310345,85664,2589
1614,1784211310487,85806,85805,0,-1,4,0,0,0,77,80,92,80,49,217.07,134,21,46,-983,-1,0,0,0,0,0,0,0,"keyboard-worker","OK",1784211310445,85764,2591
1615,1784211310589,85908,85907,0,-1,4,0,0,0,77,80,92,80,49,216.92,134,9,1,-959,-1,0,0,0,0,0,0,0,"keyboard-worker","OK",1784211310545,85864,2593
1616,1784211310696,86015,86014,0,0,4,0,0,0,77,80,91,80,49,217.1,134,-18,10,-1028,-1,0,0,0,0,0,0,0,"keyboard-worker","OK",1784211310696,86014,2596
1617,1784211310793,86112,86112,0,-1,4,0,0,0,77,80,91,80,49,217.49,134,-1,39,-1038,-1,0,0,0,0,0,0,0,"keyboard-worker","OK",1784211310746,86064,2597
1618,1784211310895,86214,86214,0,-1,4,0,0,0,77,80,91,80,49,217.16,134,-6,7,-1011,-1,0,0,0,0,0,0,0,"keyboard-worker","OK",1784211310846,86165,2599
1619,1784211311000,86319,86318,0,-1,4,0,0,0,78,80,91,80,49,216.95,134,-21,7,-997,-1,0,0,0,-35,0,0,0,"keyboard-worker","OK",1784211310997,86315,2602
1620,1784211311106,86425,86424,0,-1,4,0,0,0,78,80,91,80,49,217.26,134,0,18,-972,-1,0,0,0,-35,0,0,0,"keyboard-worker","OK",1784211311097,86415,2604
1621,1784211311204,86523,86522,0,-1,4,0,0,0,78,80,91,80,49,216.8,134,0,34,-996,-1,0,0,0,-35,0,0,0,"keyboard-worker","OK",1784211311197,86516,2606
1622,1784211311307,86626,86626,0,-2,4,0,0,0,78,80,91,80,49,217.02,135,0,27,-1006,-1,0,0,0,-35,0,0,0,"keyboard-worker","OK",1784211311297,86616,2608
1623,1784211311431,86750,86750,0,-3,4,0,0,0,78,80,91,80,49,217.01,135,-12,16,-1031,-1,0,0,0,0,0,0,0,"keyboard-worker","OK",1784211311397,86716,2610
1624,1784211311509,86828,86828,0,-4,4,0,-1,0,78,80,90,80,49,217.18,135,-39,24,-1020,-1,0,0,0,0,0,0,0,"keyboard-worker","OK",1784211311498,86816,2612
1625,1784211311610,86929,86928,0,-3,4,0,-1,0,78,80,91,80,49,217.01,135,-2,40,-1014,-1,0,0,0,0,0,0,0,"keyboard-worker","OK",1784211311598,86917,2614
1626,1784211311734,87053,87053,0,-2,4,0,-1,0,78,80,91,80,49,217.03,135,-25,32,-987,-1,0,0,0,0,0,0,0,"keyboard-worker","OK",1784211311698,87017,2616
1627,1784211311813,87132,87131,0,-1,4,0,-1,0,78,80,91,80,49,217.17,135,-14,42,-999,-1,0,0,0,0,0,0,0,"keyboard-worker","OK",1784211311798,87117,2618
1628,1784211311915,87234,87233,0,-1,4,0,-1,0,78,80,91,80,49,217.02,135,-35,26,-1008,-1,0,0,0,0,0,0,0,"keyboard-worker","OK",1784211311899,87217,2620
1629,1784211312017,87336,87335,0,0,4,0,-1,0,78,81,92,80,49,217.11,135,-17,30,-977,-1,0,0,0,0,0,0,0,"keyboard-worker","OK",1784211311999,87318,2622
1630,1784211312119,87438,87437,-1,0,4,0,-1,0,78,81,92,80,49,216.97,135,-42,15,-997,-1,0,0,0,0,0,0,0,"keyboard-worker","OK",1784211312099,87418,2624
1631,1784211312224,87543,87543,-1,1,4,0,-1,0,78,81,92,80,49,217.03,135,-28,36,-984,-1,0,0,0,0,0,0,0,"keyboard-worker","OK",1784211312199,87518,2626
1632,1784211312323,87642,87641,-1,1,4,0,0,0,78,81,92,80,49,216.92,136,-35,8,-997,-1,0,0,0,0,0,0,0,"keyboard-worker","OK",1784211312300,87618,2628
1633,1784211312425,87744,87743,-1,0,4,0,0,0,78,81,92,80,49,217.28,136,-4,-2,-993,-1,0,0,0,0,0,0,0,"keyboard-worker","OK",1784211312400,87719,2630
1634,1784211312527,87846,87845,-1,0,4,0,0,0,78,81,92,80,49,216.84,136,-34,16,-1004,-1,0,0,0,0,0,0,0,"keyboard-worker","OK",1784211312500,87819,2632
1635,1784211312578,87897,87896,-1,0,4,0,0,0,78,81,92,80,49,217.25,136,-26,2,-988,-1,0,0,0,0,0,0,0,"keyboard-worker","OK",1784211312550,87869,2633
1636,1784211312680,87999,87998,-1,0,4,0,0,0,78,81,92,80,49,216.97,136,-16,0,-1011,-1,0,0,0,35,0,0,0,"keyboard-worker","OK",1784211312651,87969,2635
1637,1784211312782,88101,88100,-1,0,4,0,0,0,78,81,92,80,49,216.84,136,-20,1,-1010,-1,0,0,0,35,0,0,0,"keyboard-worker","OK",1784211312751,88070,2637
1638,1784211312884,88203,88202,0,0,4,0,0,0,78,81,92,80,49,217.21,136,1,-4,-1019,-1,0,0,0,35,0,0,0,"keyboard-worker","OK",1784211312851,88170,2639
1639,1784211312986,88305,88304,-1,1,4,0,0,0,77,80,93,80,49,217.26,136,-12,-1,-1000,-1,0,0,0,35,0,0,0,"keyboard-worker","OK",1784211312951,88270,2641
1640,1784211313088,88407,88406,0,2,4,0,0,0,77,80,93,80,49,217.2,136,-2,-10,-1014,-1,0,0,0,35,0,0,0,"keyboard-worker","OK",1784211313052,88370,2643
1641,1784211313190,88509,88508,0,2,4,0,1,0,77,80,93,80,49,216.81,136,-33,0,-1003,-1,0,0,0,0,0,0,0,"keyboard-worker","OK",1784211313152,88471,2645
1642,1784211313292,88611,88610,0,2,4,0,1,0,77,80,93,80,49,217.3,137,-12,-15,-1008,-1,0,0,0,0,0,0,0,"keyboard-worker","OK",1784211313252,88571,2647
1643,1784211313406,88725,88725,0,0,4,0,1,0,77,80,93,80,49,217.09,137,14,-14,-996,-1,0,0,0,0,0,0,0,"keyboard-worker","OK",1784211313403,88721,2650
1644,1784211313496,88815,88814,0,0,4,0,1,0,77,80,94,80,49,217.26,137,-27,-18,-973,-1,0,0,0,0,0,0,0,"keyboard-worker","OK",1784211313453,88771,2651
1645,1784211313598,88917,88916,0,0,4,0,1,0,77,80,94,80,49,216.92,137,-26,-7,-985,-1,0,0,0,0,0,0,0,"keyboard-worker","OK",1784211313553,88871,2653
1646,1784211313704,89023,89022,0,0,4,0,1,0,77,80,94,80,49,216.79,137,-4,-4,-1001,-1,0,0,0,0,0,0,0,"keyboard-worker","OK",1784211313703,89022,2656
1647,1784211313803,89122,89122,0,0,4,0,1,0,77,80,94,80,49,216.95,137,-4,-3,-987,-1,0,0,0,0,0,0,0,"keyboard-worker","OK",1784211313753,89072,2657
1648,1784211313905,89224,89223,0,-3,4,0,1,0,77,80,94,80,49,217.23,137,-19,-1,-984,-1,0,0,0,0,0,0,0,"keyboard-worker","OK",1784211313904,89222,2660
1649,1784211314007,89326,89325,0,-2,4,0,0,0,77,80,94,80,49,217.03,137,13,2,-996,-1,0,0,0,0,0,0,0,"keyboard-worker","OK",1784211314004,89323,2662
1650,1784211314109,89428,89427,0,-1,4,0,0,0,77,80,94,80,49,217.46,137,-27,14,-1002,-1,0,0,0,0,0,0,0,"keyboard-worker","OK",1784211314104,89423,2664
1651,1784211314211,89530,89529,0,-1,4,0,0,0,77,80,94,80,49,217.12,137,-6,-5,-977,-1,0,0,0,0,0,0,0,"keyboard-worker","OK",1784211314204,89523,2666
1652,1784211314313,89632,89631,0,0,4,0,0,0,77,80,94,80,49,216.74,138,14,-5,-984,-1,0,0,0,0,0,0,0,"keyboard-worker","OK",1784211314305,89623,2668
1653,1784211314415,89734,89733,0,0,4,0,0,0,77,80,94,80,49,217.36,138,20,-4,-1027,-1,0,0,0,0,0,0,0,"keyboard-worker","OK",1784211314405,89724,2670
1654,1784211314517,89836,89835,0,0,4,0,0,0,77,80,94,80,49,216.68,138,-1,-8,-1018,-1,0,0,0,0,0,0,0,"keyboard-worker","OK",1784211314505,89824,2672
1655,1784211314623,89942,89942,0,0,4,0,0,0,77,80,95,80,49,216.97,138,13,-15,-1008,-1,0,0,0,0,0,0,0,"keyboard-worker","OK",1784211314605,89924,2674
1656,1784211314721,90040,90039,0,0,4,0,0,0,77,80,95,80,49,216.89,138,-5,4,-991,-1,0,0,0,0,0,0,0,"keyboard-worker","OK",1784211314706,90024,2676
1657,1784211314823,90142,90141,0,0,4,0,0,0,77,80,95,80,49,216.81,138,16,-3,-983,-1,0,0,0,0,0,0,0,"keyboard-worker","OK",1784211314806,90125,2678
1658,1784211314925,90244,90244,0,0,4,0,0,0,77,80,95,80,49,217.06,138,8,-1,-983,-1,0,0,0,0,0,0,0,"keyboard-worker","OK",1784211314906,90225,2680
1659,1784211315027,90346,90345,0,0,4,0,0,0,77,79,95,80,49,217.19,138,-2,-9,-989,-1,0,0,0,0,0,0,0,"keyboard-worker","OK",1784211315007,90325,2682
1660,1784211315129,90448,90447,0,0,4,0,0,0,77,79,95,80,49,216.91,138,-23,-2,-993,-1,0,0,0,0,0,0,0,"keyboard-worker","OK",1784211315107,90425,2684
1661,1784211315232,90551,90550,1,0,4,0,0,0,77,79,95,80,49,217.36,138,8,-19,-984,-1,0,0,0,0,0,0,0,"keyboard-worker","OK",1784211315207,90526,2686
1662,1784211315337,90656,90656,0,0,4,0,0,0,77,79,95,80,49,217.16,139,-6,15,-1031,-1,0,0,0,0,0,0,0,"keyboard-worker","OK",1784211315308,90626,2688
1663,1784211315436,90755,90755,0,0,4,0,0,0,77,79,95,80,49,217.13,139,-3,-15,-997,-1,0,0,0,0,0,0,0,"keyboard-worker","OK",1784211315408,90726,2690
1664,1784211315537,90856,90855,0,0,4,0,0,0,77,79,95,80,49,217.37,139,13,11,-1005,-1,0,0,0,0,0,0,0,"keyboard-worker","OK",1784211315508,90827,2692
1665,1784211315642,90961,90960,0,0,4,0,0,0,77,79,94,80,49,217.17,139,-7,-13,-992,-1,0,0,0,0,0,0,0,"keyboard-worker","OK",1784211315609,90928,2694
1666,1784211315741,91060,91059,0,1,4,0,0,0,77,79,94,80,49,217.24,139,9,-3,-974,-1,0,0,0,0,0,0,0,"keyboard-worker","OK",1784211315709,91028,2696
1667,1784211315792,91111,91110,0,1,4,0,0,0,77,79,93,80,49,217.17,139,19,3,-989,-1,0,0,0,0,0,0,0,"keyboard-worker","OK",1784211315759,91078,2697
1668,1784211315894,91213,91212,0,0,4,0,0,0,77,79,93,80,49,217.03,139,-11,5,-1019,-1,0,0,0,0,0,0,0,"keyboard-worker","OK",1784211315860,91178,2699
1669,1784211315996,91315,91314,0,0,4,0,0,0,78,80,92,80,49,217.03,139,-20,9,-1045,-1,0,0,0,0,0,0,0,"keyboard-worker","OK",1784211315960,91278,2701
1670,1784211316101,91420,91420,0,0,4,0,0,0,78,80,92,80,49,217,139,-24,-16,-1021,-1,0,0,0,0,0,0,0,"keyboard-worker","OK",1784211316060,91379,2703
1671,1784211316203,91522,91522,0,0,4,0,0,0,78,80,92,80,49,217.11,139,18,-38,-952,-1,0,0,0,0,0,0,0,"keyboard-worker","OK",1784211316161,91479,2705
1672,1784211316308,91627,91626,0,0,4,0,0,0,78,80,92,80,49,217.4,140,2,-33,-946,-1,0,0,0,0,0,0,0,"keyboard-worker","OK",1784211316261,91579,2707
1673,1784211316408,91727,91727,0,0,4,0,0,0,78,80,91,80,49,216.94,140,26,6,-1019,-1,0,0,0,0,0,0,0,"keyboard-worker","OK",1784211316361,91680,2709
1674,1784211316507,91826,91825,0,0,4,0,0,0,78,80,91,80,49,216.95,140,13,30,-1032,-1,0,0,0,0,0,0,0,"keyboard-worker","OK",1784211316461,91780,2711
1675,1784211316609,91928,91927,0,0,4,0,0,0,78,80,91,80,49,217.06,140,-2,-3,-1002,-1,0,0,0,0,0,0,0,"keyboard-worker","OK",1784211316562,91880,2713
1676,1784211316711,92030,92029,0,0,4,0,0,0,78,80,91,80,49,216.99,140,23,1,-1002,-1,0,0,0,0,0,0,0,"keyboard-worker","OK",1784211316662,91980,2715
1677,1784211316813,92132,92131,0,0,4,0,0,0,78,80,91,80,49,217.09,140,-13,39,-1041,-1,0,0,0,0,0,0,0,"keyboard-worker","OK",1784211316812,92131,2718
1678,1784211316915,92234,92233,0,0,4,0,0,0,78,80,91,80,49,216.93,140,30,2,-998,-1,0,0,0,0,0,0,0,"keyboard-worker","OK",1784211316913,92231,2720
1679,1784211317017,92336,92335,0,0,4,0,0,0,77,80,91,80,49,216.54,140,-13,7,-965,-1,0,0,0,0,0,0,0,"keyboard-worker","OK",1784211317013,92332,2722
1680,1784211317119,92438,92437,0,0,4,0,0,0,77,80,91,80,49,217.03,140,12,7,-1011,-1,0,0,0,0,0,0,0,"keyboard-worker","OK",1784211317113,92432,2724
1681,1784211317221,92540,92540,0,0,4,0,0,0,77,80,91,80,49,216.91,141,23,-24,-975,-1,0,0,0,0,0,0,0,"keyboard-worker","OK",1784211317213,92532,2726
1682,1784211317323,92642,92641,0,0,4,0,0,0,77,80,91,80,49,216.85,141,16,-7,-1026,-1,0,0,0,0,0,0,0,"keyboard-worker","OK",1784211317314,92632,2728
1683,1784211317425,92744,92743,0,0,4,0,0,0,77,80,90,80,49,216.9,141,-24,6,-1019,-1,0,0,0,0,0,0,0,"keyboard-worker","OK",1784211317414,92733,2730
1684,1784211317527,92846,92845,0,0,4,0,0,0,77,80,90,80,49,216.72,141,18,5,-1028,-1,0,0,0,0,0,0,0,"keyboard-worker","OK",1784211317514,92833,2732
1685,1784211317629,92948,92947,0,0,4,0,0,0,77,80,90,80,49,217.14,141,-9,2,-1026,-1,0,0,0,0,0,0,0,"keyboard-worker","OK",1784211317615,92933,2734
1686,1784211317734,93053,93052,0,0,4,0,0,0,77,80,90,80,49,216.83,141,-12,-19,-1018,-1,0,0,0,0,0,0,0,"keyboard-worker","OK",1784211317715,93033,2736
1687,1784211317836,93155,93155,0,0,4,0,0,0,77,80,90,80,49,216.96,141,-1,42,-1026,-1,0,0,0,0,0,0,0,"keyboard-worker","OK",1784211317815,93134,2738
1688,1784211317937,93256,93256,0,0,4,0,0,0,77,80,90,80,49,217.12,141,-22,42,-1033,-1,0,0,0,0,0,0,0,"keyboard-worker","OK",1784211317915,93234,2740
1689,1784211318039,93358,93357,0,0,4,0,0,0,78,80,89,80,49,217.03,141,15,-1,-1021,-1,0,0,0,0,0,0,0,"keyboard-worker","OK",1784211318016,93334,2742
1690,1784211318141,93460,93459,0,0,4,0,0,0,78,80,89,80,49,217.11,141,15,-9,-1015,-1,0,0,0,0,0,0,0,"keyboard-worker","OK",1784211318116,93435,2744
1691,1784211318243,93562,93561,-1,0,4,0,0,0,78,80,90,80,49,216.96,142,-37,26,-1012,-1,0,0,0,0,0,0,0,"keyboard-worker","OK",1784211318216,93535,2746
1692,1784211318344,93663,93663,-1,0,4,0,0,0,78,80,90,80,49,217.08,142,-27,8,-1028,-1,0,0,0,0,0,0,0,"keyboard-worker","OK",1784211318316,93635,2748
1693,1784211318447,93766,93765,-1,0,4,0,0,0,78,80,90,80,49,216.83,142,-16,15,-1007,-1,0,0,0,0,0,0,0,"keyboard-worker","OK",1784211318417,93736,2750
1694,1784211318549,93868,93867,0,0,4,0,0,0,78,80,91,80,49,217.17,142,-4,12,-984,-1,0,0,0,0,0,0,0,"keyboard-worker","OK",1784211318517,93836,2752
1695,1784211318650,93969,93969,0,0,4,0,0,0,78,80,91,80,49,216.77,142,-8,-10,-968,-1,0,0,0,0,0,0,0,"keyboard-worker","OK",1784211318618,93936,2754
1696,1784211318752,94071,94071,0,0,4,0,0,0,78,80,91,80,49,216.99,142,-7,12,-1004,-1,0,0,0,0,0,0,0,"keyboard-worker","OK",1784211318718,94037,2756
1697,1784211318855,94174,94174,0,0,4,0,0,0,78,80,92,80,49,216.57,142,6,0,-1002,-1,0,0,0,0,0,0,0,"keyboard-worker","OK",1784211318819,94138,2758
1698,1784211318957,94276,94275,0,0,4,0,0,0,78,80,92,80,49,216.75,142,-18,-3,-959,-1,0,0,0,0,0,0,0,"keyboard-worker","OK",1784211318919,94238,2760
1699,1784211319059,94378,94377,0,0,4,0,0,0,78,80,91,80,49,217.27,142,-59,-1,-1040,-1,0,0,0,0,0,0,0,"keyboard-worker","OK",1784211319020,94339,2762
1700,1784211319161,94480,94479,0,0,4,0,0,0,78,80,91,80,48,217.09,142,-22,-54,-989,-1,0,0,0,0,0,0,0,"keyboard-worker","OK",1784211319120,94439,2764
1701,1784211319265,94584,94584,0,0,4,0,0,0,78,80,91,80,48,216.93,143,2,11,-1041,-1,0,0,0,0,0,0,0,"keyboard-worker","OK",1784211319220,94539,2766
1702,1784211319369,94688,94688,0,0,4,0,0,0,78,80,91,80,48,216.98,143,15,-9,-959,-1,0,0,0,0,0,0,0,"rc-neutral-land","OK",1784211319321,94639,2769
1703,1784211319416,94735,94735,0,0,4,0,0,0,78,80,90,80,48,217,143,-33,-44,-966,-1,0,0,0,0,0,0,0,"rc-neutral-land","OK",1784211319321,94639,2769
1704,1784211319518,94837,94837,0,0,4,0,0,0,78,80,90,80,48,217.16,143,-53,-47,-1004,-1,0,0,0,0,0,0,0,"rc-neutral-land","OK",1784211319321,94639,2769
1705,1784211319621,94940,94939,0,0,4,0,0,0,78,80,90,80,48,217.08,143,-18,-25,-979,-1,0,0,0,0,0,0,0,"rc-neutral-land","OK",1784211319321,94639,2769
1706,1784211319723,95042,95042,0,0,4,0,0,0,78,80,90,80,48,217.22,143,29,0,-954,-1,0,0,0,0,0,0,0,"rc-neutral-land","OK",1784211319321,94639,2769
1707,1784211319826,95145,95144,0,0,4,0,0,0,78,80,90,80,48,216.68,143,16,7,-969,-1,0,0,0,0,0,0,0,"rc-neutral-land","OK",1784211319321,94639,2769
1708,1784211319926,95245,95245,0,0,4,0,0,0,78,80,90,80,48,216.8,143,5,9,-962,-1,0,0,0,0,0,0,0,"rc-neutral-land","OK",1784211319321,94639,2769
1709,1784211320029,95348,95348,0,0,4,0,0,0,78,81,89,80,48,217.22,143,-3,6,-948,-1,0,0,0,0,0,0,0,"rc-neutral-land","OK",1784211319321,94639,2769
1710,1784211320131,95450,95449,0,0,4,0,0,1,78,81,87,80,48,217.02,143,6,-3,-860,-1,0,0,0,0,0,0,0,"rc-neutral-land","OK",1784211319321,94639,2769
1711,1784211320239,95558,95558,0,0,4,0,0,3,78,81,84,70,48,216.91,144,-11,18,-926,-1,0,0,0,0,0,0,0,"rc-neutral-land","OK",1784211319321,94639,2769
1712,1784211320339,95658,95658,0,0,4,0,0,3,78,81,81,70,48,216.65,144,-18,14,-945,-1,0,0,0,0,0,0,0,"rc-neutral-land","OK",1784211319321,94639,2769
1713,1784211320445,95764,95764,0,0,4,0,0,4,78,81,76,70,48,216.92,144,6,0,-952,-1,0,0,0,0,0,0,0,"rc-neutral-land","OK",1784211319321,94639,2769
1714,1784211320540,95859,95859,0,0,4,0,0,4,78,81,72,60,48,216.78,144,-4,2,-969,-1,0,0,0,0,0,0,0,"rc-neutral-land","OK",1784211319321,94639,2769
1715,1784211320667,95986,95986,0,0,4,0,0,5,78,81,67,60,48,216.58,144,-19,6,-981,-1,0,0,0,0,0,0,0,"rc-neutral-land","OK",1784211319321,94639,2769
1716,1784211320742,96061,96061,0,0,4,0,0,5,78,81,61,50,48,216.87,144,0,-34,-989,-1,0,0,0,0,0,0,0,"rc-neutral-land","OK",1784211319321,94639,2769
1717,1784211320844,96163,96163,0,0,4,0,0,5,78,81,57,50,48,216.78,144,5,-51,-957,-1,0,0,0,0,0,0,0,"rc-neutral-land","OK",1784211319321,94639,2769
1718,1784211320950,96269,96269,0,0,4,0,0,5,78,81,52,40,48,216.58,144,6,-29,-998,-1,0,0,0,0,0,0,0,"rc-neutral-land","OK",1784211319321,94639,2769
1719,1784211321053,96372,96372,0,0,4,0,0,5,78,80,46,40,48,216.65,144,-4,-10,-986,-1,0,0,0,0,0,0,0,"rc-neutral-land","OK",1784211319321,94639,2769
1720,1784211321150,96469,96469,0,0,4,0,0,4,78,80,41,30,48,216.53,144,-7,-13,-1004,-1,0,0,0,0,0,0,0,"rc-neutral-land","OK",1784211319321,94639,2769
1721,1784211321253,96572,96572,0,0,4,0,0,4,78,80,42,30,48,216.54,145,-7,32,-1025,-1,0,0,0,0,0,0,0,"rc-neutral-land","OK",1784211319321,94639,2769
1722,1784211321354,96673,96673,0,0,4,0,0,4,78,80,36,20,48,216.58,145,-4,-38,-974,-1,0,0,0,0,0,0,0,"rc-neutral-land","OK",1784211319321,94639,2769
1723,1784211321457,96776,96776,0,0,4,0,0,4,78,80,31,20,48,216.46,145,-57,-13,-1072,-1,0,0,0,0,0,0,0,"rc-neutral-land","OK",1784211319321,94639,2769
1724,1784211321559,96878,96877,0,0,4,0,0,4,78,80,27,10,48,216.24,145,5,13,-1038,-1,0,0,0,0,0,0,0,"rc-neutral-land","OK",1784211319321,94639,2769
1725,1784211321661,96980,96979,0,0,4,0,0,4,78,80,22,10,48,216.57,145,-4,-9,-993,-1,0,0,0,0,0,0,0,"rc-neutral-land","OK",1784211319321,94639,2769
1726,1784211321763,97082,97081,0,0,4,0,0,4,78,80,17,0,48,215.87,145,-15,-25,-991,-1,0,0,0,0,0,0,0,"rc-neutral-land","OK",1784211319321,94639,2769
1727,1784211321868,97187,97187,0,0,4,0,0,4,78,80,11,0,48,215.53,145,-24,-8,-1019,-1,0,0,0,0,0,0,0,"rc-neutral-land","OK",1784211319321,94639,2769
1728,1784211321971,97290,97290,0,0,4,0,0,3,78,80,10,0,48,214.33,145,2,-18,-1051,-1,0,0,0,0,0,0,0,"rc-neutral-land","OK",1784211319321,94639,2769
1729,1784211322074,97393,97393,0,0,4,0,0,3,79,80,10,0,48,212.71,145,-4,-13,-1061,-1,0,0,0,0,0,0,0,"rc-neutral-land","OK",1784211319321,94639,2769
1730,1784211322170,97489,97489,0,0,5,0,0,0,79,80,10,0,48,213.43,145,-29,-14,-1010,-1,0,0,0,0,0,0,0,"rc-neutral-land","OK",1784211319321,94639,2769
1731,1784211322281,97600,97600,0,0,5,0,0,0,79,80,10,0,48,212.98,146,-4,-11,-770,-1,0,0,0,0,0,0,0,"rc-neutral-land","OK",1784211319321,94639,2769
1732,1784211322392,97711,97711,-1,0,4,0,0,0,79,80,10,0,48,213.3,146,30,-20,-914,-1,0,0,0,0,0,0,0,"rc-neutral-land","OK",1784211319321,94639,2769
1733,1784211322476,97795,97795,0,0,4,0,0,0,79,80,10,0,48,213.6,146,1,-32,-855,-1,0,0,0,0,0,0,0,"rc-neutral-land","OK",1784211319321,94639,2769
1734,1784211322579,97898,97897,0,0,5,0,0,0,79,80,10,0,48,214.27,146,2,0,-1017,-1,0,0,0,0,0,0,0,"rc-neutral-land","OK",1784211319321,94639,2769
1735,1784211322680,97999,97999,0,0,5,0,0,0,79,80,10,0,48,214.77,146,9,1,-1001,-1,0,0,0,0,0,0,0,"rc-neutral-land","OK",1784211319321,94639,2769
1736,1784211322782,98101,98101,0,0,5,0,0,0,79,80,10,0,48,214.63,146,17,-3,-1000,-1,0,0,0,0,0,0,0,"rc-neutral-land","OK",1784211319321,94639,2769
1737,1784211322884,98203,98203,0,0,5,0,0,0,79,80,10,0,48,214.9,146,2,-7,-994,-1,0,0,0,0,0,0,0,"rc-neutral-land","OK",1784211319321,94639,2769
1738,1784211322986,98305,98305,0,0,5,0,0,0,79,80,10,0,48,215.37,146,11,7,-1004,-1,0,0,0,0,0,0,0,"rc-neutral-land","OK",1784211319321,94639,2769
1739,1784211323088,98407,98407,0,0,5,0,0,0,78,80,10,0,48,215.15,146,-3,14,-1010,-1,0,0,0,0,0,0,0,"rc-neutral-land","OK",1784211319321,94639,2769
1740,1784211323190,98509,98509,0,0,5,0,0,0,78,80,10,0,48,215.1,146,-11,3,-992,-1,0,0,0,0,0,0,0,"rc-neutral-land","OK",1784211319321,94639,2769
1741,1784211323293,98612,98611,0,0,5,0,0,0,78,80,10,0,48,215.2,147,3,10,-1006,-1,0,0,0,0,0,0,0,"rc-neutral-land","OK",1784211319321,94639,2769
1742,1784211323343,98662,98662,0,0,5,0,0,0,78,80,10,0,48,215.5,147,8,11,-1002,-1,0,0,0,0,0,0,0,"rc-neutral-land","OK",1784211319321,94639,2769
1743,1784211323445,98764,98764,0,0,5,0,0,0,78,80,10,0,48,215.39,147,5,7,-1000,-1,0,0,0,0,0,0,0,"rc-neutral-land","OK",1784211319321,94639,2769
1744,1784211323547,98866,98866,0,0,5,0,0,0,78,80,10,0,48,215.26,147,5,5,-999,-1,0,0,0,0,0,0,0,"rc-neutral-land","OK",1784211319321,94639,2769
1745,1784211323649,98968,98968,0,0,5,0,0,0,78,80,10,0,48,215.67,147,7,8,-996,-1,0,0,0,0,0,0,0,"rc-neutral-land","OK",1784211319321,94639,2769
1746,1784211323751,99070,99070,0,0,5,0,0,0,78,80,10,0,48,215.85,147,0,6,-998,-1,0,0,0,0,0,0,0,"rc-neutral-land","OK",1784211319321,94639,2769
1747,1784211323853,99172,99172,0,0,5,0,0,0,78,80,10,0,48,215.61,147,8,9,-1002,-1,0,0,0,0,0,0,0,"rc-neutral-land","OK",1784211319321,94639,2769
1748,1784211323955,99274,99274,0,0,5,0,0,0,78,80,10,0,48,215.6,147,2,5,-999,-1,0,0,0,0,0,0,0,"rc-neutral-land","OK",1784211319321,94639,2769
1749,1784211324057,99376,99376,0,0,5,0,0,0,78,81,10,0,48,215.78,147,4,3,-997,-1,0,0,0,0,0,0,0,"rc-neutral-land","OK",1784211319321,94639,2769
1750,1784211324159,99478,99478,0,0,5,0,0,0,78,81,10,0,48,215.69,147,5,7,-1000,-1,0,0,0,0,0,0,0,"rc-neutral-land","OK",1784211319321,94639,2769
1751,1784211324261,99580,99580,0,0,5,0,0,0,78,81,10,0,48,215.76,147,6,6,-1002,-1,0,0,0,0,0,0,0,"rc-neutral-land","OK",1784211319321,94639,2769
1752,1784211324366,99685,99685,0,0,5,0,0,0,78,81,10,0,48,215.76,147,6,4,-1000,-1,0,0,0,0,0,0,0,"rc-neutral-land","OK",1784211319321,94639,2769
1753,1784211324469,99788,99787,0,0,5,0,0,0,78,81,10,0,48,215.78,147,5,5,-1002,-1,0,0,0,0,0,0,0,"rc-neutral-land","OK",1784211319321,94639,2769
1754,1784211324572,99891,99890,0,0,5,0,0,0,78,81,10,0,48,216.18,147,5,4,-1000,-1,0,0,0,0,0,0,0,"rc-neutral-land","OK",1784211319321,94639,2769
1755,1784211324670,99989,99989,0,0,5,0,0,0,78,81,10,0,48,215.86,147,4,5,-997,-1,0,0,0,0,0,0,0,"rc-neutral-land","OK",1784211319321,94639,2769
1756,1784211324772,100091,100091,0,0,5,0,0,0,78,81,10,0,48,215.83,147,5,4,-997,-1,0,0,0,0,0,0,0,"rc-neutral-land","OK",1784211319321,94639,2769
1757,1784211324874,100193,100193,0,0,5,0,0,0,78,81,10,0,48,215.84,147,5,6,-1002,-1,0,0,0,0,0,0,0,"rc-neutral-land","OK",1784211319321,94639,2769
1758,1784211324976,100295,100295,0,0,5,0,0,0,78,81,10,0,48,215.86,147,5,4,-995,-1,0,0,0,0,0,0,0,"rc-neutral-land","OK",1784211319321,94639,2769
1759,1784211325078,100397,100397,0,0,5,0,0,0,78,80,10,0,48,215.91,147,5,6,-998,-1,0,0,0,0,0,0,0,"rc-neutral-land","OK",1784211319321,94639,2769
1760,1784211325180,100499,100499,0,0,5,0,0,0,78,80,10,0,48,215.87,147,5,6,-1000,-1,0,0,0,0,0,0,0,"rc-neutral-land","OK",1784211319321,94639,2769
1761,1784211325282,100601,100601,0,0,5,0,0,0,78,80,10,0,48,215.61,147,6,4,-999,-1,0,0,0,0,0,0,0,"rc-neutral-land","OK",1784211319321,94639,2769
1762,1784211325384,100703,100703,0,0,5,0,0,0,78,80,10,0,48,215.8,147,6,5,-1000,-1,0,0,0,0,0,0,0,"rc-neutral-land","OK",1784211319321,94639,2769
1763,1784211325486,100805,100805,0,0,5,0,0,0,78,80,10,0,48,215.85,147,6,5,-999,-1,0,0,0,0,0,0,0,"rc-neutral-land","OK",1784211319321,94639,2769
1764,1784211325590,100909,100909,0,0,5,0,0,0,78,80,10,0,48,215.89,147,4,5,-999,-1,0,0,0,0,0,0,0,"rc-neutral-land","OK",1784211319321,94639,2769
1765,1784211325693,101012,101011,0,0,5,0,0,0,78,80,10,0,48,215.86,147,4,4,-999,-1,0,0,0,0,0,0,0,"rc-neutral-land","OK",1784211319321,94639,2769
1766,1784211325793,101112,101111,0,0,5,0,0,0,78,80,10,0,48,215.78,147,4,5,-1000,-1,0,0,0,0,0,0,0,"rc-neutral-land","OK",1784211319321,94639,2769
1767,1784211325895,101214,101213,0,0,5,0,0,0,78,80,10,0,48,215.76,147,5,5,-1000,-1,0,0,0,0,0,0,0,"rc-neutral-land","OK",1784211319321,94639,2769
1768,1784211325999,101318,101318,0,0,6,0,0,0,78,80,10,0,48,215.56,147,4,5,-999,-1,0,0,0,0,0,0,0,"rc-neutral-land","OK",1784211319321,94639,2769
