state_sequence,timestamp_ms,recording_elapsed_ms,pitch,roll,yaw,vgx,vgy,vgz,templ,temph,tof,h,bat,baro,time,agx,agy,agz,mid,x,y,z,rc_a,rc_b,rc_c,rc_d,rc_source,rc_result,rc_timestamp_ms,rc_sequence
12,1782597773491,0,-1,0,0,0,0,0,66,68,10,0,70,141.13,0,-20,3,-997,-1,0,0,0,,,,,,,,
13,1782597773584,93,-1,0,0,0,0,0,66,68,10,0,70,141.05,0,-21,4,-1000,-1,0,0,0,,,,,,,,
14,1782597773679,188,-1,0,0,0,0,0,66,68,10,0,70,141.02,0,-19,5,-1000,-1,0,0,0,,,,,,,,
15,1782597773774,283,-1,0,0,0,0,0,66,68,10,0,70,141.27,0,-20,4,-997,-1,0,0,0,,,,,,,,
16,1782597773867,376,-1,0,0,0,0,0,66,68,10,0,70,140.86,0,-21,3,-998,-1,0,0,0,,,,,,,,
17,1782597773961,470,-1,0,0,0,0,0,66,68,10,0,70,140.98,0,-19,4,-1001,-1,0,0,0,,,,,,,,
18,1782597774056,565,-1,0,0,0,0,0,66,69,10,0,70,140.76,0,-19,6,-1000,-1,0,0,0,,,,,,,,
19,1782597774146,655,-1,0,0,0,0,0,66,69,10,0,70,140.95,0,-20,4,-1000,-1,0,0,0,,,,,,,,
20,1782597774193,702,-1,0,0,0,0,0,66,69,10,0,70,140.97,0,-19,3,-999,-1,0,0,0,,,,,,,,
21,1782597774288,797,-1,0,0,0,0,0,66,69,10,0,70,141.19,0,-21,5,-998,-1,0,0,0,,,,,,,,
22,1782597774381,890,-1,0,0,0,0,0,66,69,10,0,70,140.98,0,-20,4,-998,-1,0,0,0,,,,,,,,
23,1782597774476,985,-1,0,0,0,0,0,66,69,10,0,70,141.36,0,-20,5,-998,-1,0,0,0,,,,,,,,
24,1782597774570,1079,-1,0,0,0,0,0,66,69,10,0,70,141.26,0,-20,4,-997,-1,0,0,0,,,,,,,,
25,1782597774664,1173,-1,0,0,0,0,0,66,69,10,0,70,140.85,0,-20,2,-1000,-1,0,0,0,,,,,,,,
26,1782597774759,1268,-1,0,0,0,0,0,66,69,10,0,70,140.82,0,-20,3,-999,-1,0,0,0,,,,,,,,
27,1782597774853,1362,-1,0,0,0,0,0,66,69,10,0,70,141.05,0,-20,4,-1001,-1,0,0,0,,,,,,,,
28,1782597774947,1456,-1,0,0,0,0,0,67,69,10,0,70,140.83,0,-20,2,-998,-1,0,0,0,,,,,,,,
29,1782597775042,1551,-1,0,0,0,0,0,67,69,10,0,70,141.15,0,-22,10,-999,-1,0,0,0,,,,,,,,
30,1782597775136,1645,-1,0,0,0,0,0,67,69,10,0,70,140.74,0,-20,3,-999,-1,0,0,0,,,,,,,,
31,1782597775231,1740,-1,0,0,0,0,0,67,69,10,0,70,141.01,0,-20,0,-997,-1,0,0,0,,,,,,,,
32,1782597775325,1834,-1,0,0,0,0,0,67,69,10,0,70,140.91,0,-22,9,-1000,-1,0,0,0,,,,,,,,
33,1782597775419,1928,-1,0,0,0,0,0,67,69,10,0,70,141.14,0,-19,1,-999,-1,0,0,0,,,,,,,,
34,1782597775514,2023,-1,0,0,0,0,0,67,69,10,0,70,141.16,0,-23,2,-1000,-1,0,0,0,,,,,,,,
35,1782597775608,2117,-1,0,0,0,0,0,67,69,10,0,70,141.09,0,-19,7,-999,-1,0,0,0,,,,,,,,
36,1782597775702,2211,-1,0,0,0,0,0,67,69,10,0,70,141.06,0,-19,2,-995,-1,0,0,0,,,,,,,,
37,1782597775796,2305,-1,0,0,0,0,0,67,69,10,0,70,140.93,0,-22,8,-1000,-1,0,0,0,,,,,,,,
38,1782597775891,2400,-1,0,0,0,0,0,68,69,10,0,70,140.86,0,-18,2,-996,-1,0,0,0,,,,,,,,
39,1782597775985,2494,-1,0,0,0,0,0,68,69,10,0,70,141.24,0,-19,2,-998,-1,0,0,0,,,,,,,,
40,1782597776079,2588,-1,0,0,0,0,0,68,69,10,0,70,140.95,0,-22,7,-998,-1,0,0,0,,,,,,,,
41,1782597776174,2683,-1,0,0,0,0,0,68,69,10,0,70,141.27,0,-19,0,-998,-1,0,0,0,,,,,,,,
42,1782597776268,2777,-1,0,0,0,0,0,68,69,10,0,70,140.95,0,-18,5,-997,-1,0,0,0,,,,,,,,
43,1782597776362,2871,-1,0,0,0,0,0,68,69,10,0,70,140.86,0,-20,3,-997,-1,0,0,0,,,,,,,,
44,1782597776457,2966,-1,0,0,0,0,0,68,69,10,0,70,140.61,0,-21,2,-999,-1,0,0,0,,,,,,,,
45,1782597776551,3060,-1,0,0,0,0,0,68,69,10,0,70,140.82,0,-20,4,-999,-1,0,0,0,,,,,,,,
46,1782597776598,3107,-1,0,0,0,0,0,68,69,10,0,70,141.29,0,-19,4,-999,-1,0,0,0,,,,,,,,
47,1782597776692,3201,-1,0,0,0,0,0,68,69,10,0,70,141.32,0,-19,1,-996,-1,0,0,0,,,,,,,,
48,1782597776787,3296,-1,0,0,0,0,0,67,69,10,0,70,141.04,0,-19,3,-1002,-1,0,0,0,,,,,,,,
49,1782597776881,3390,-1,0,0,0,0,0,67,69,10,0,70,141.09,0,-21,4,-999,-1,0,0,0,,,,,,,,
50,1782597776978,3487,-1,0,0,0,0,0,67,69,10,0,70,141.11,0,-21,3,-999,-1,0,0,0,,,,,,,,
51,1782597777070,3579,-1,0,0,0,0,0,67,69,10,0,70,141.05,0,-18,5,-1001,-1,0,0,0,,,,,,,,
52,1782597777164,3673,-1,0,0,0,0,0,67,69,10,0,70,141.04,0,-20,3,-999,-1,0,0,0,,,,,,,,
53,1782597777258,3767,-1,0,0,0,0,0,67,69,10,0,70,141.29,0,-21,3,-999,-1,0,0,0,,,,,,,,
54,1782597777353,3862,-1,0,0,0,0,0,67,69,10,0,70,140.9,0,-20,4,-999,-1,0,0,0,,,,,,,,
55,1782597777454,3963,-1,0,0,0,0,0,67,69,10,0,70,141.03,0,-21,3,-996,-1,0,0,0,,,,,,,,
56,1782597777648,4157,-1,0,0,0,0,0,67,69,10,0,70,141.16,0,-19,3,-999,-1,0,0,0,,,,,,,,
57,1782597777667,4176,-1,0,0,0,0,0,67,69,10,0,70,141.06,0,-19,6,-1000,-1,0,0,0,,,,,,,,
58,1782597777762,4271,-1,0,0,0,0,0,68,70,10,0,70,141.12,0,-19,4,-997,-1,0,0,0,,,,,,,,
59,1782597777861,4370,-1,0,0,0,0,0,68,70,10,0,70,140.97,0,-19,4,-998,-1,0,0,0,,,,,,,,
60,1782597777956,4465,-1,0,0,0,0,0,68,70,10,0,70,141.21,0,-19,4,-1001,-1,0,0,0,,,,,,,,
61,1782597778030,4539,-1,0,0,0,0,0,68,70,10,0,70,140.89,0,-20,1,-999,-1,0,0,0,,,,,,,,
62,1782597778082,4591,-1,0,0,0,0,0,68,70,10,0,70,140.86,0,-19,4,-998,-1,0,0,0,,,,,,,,
63,1782597778177,4686,-1,0,0,0,0,0,68,70,10,0,70,140.99,0,-20,4,-1000,-1,0,0,0,,,,,,,,
64,1782597778266,4775,-1,0,0,0,0,0,68,70,10,0,70,141.27,0,-21,4,-997,-1,0,0,0,,,,,,,,
65,1782597778378,4887,-1,0,0,0,0,0,68,70,10,0,70,141.16,0,-19,1,-1002,-1,0,0,0,,,,,,,,
66,1782597778460,4969,-1,0,0,0,0,0,68,70,10,0,70,141.13,0,-21,6,-998,-1,0,0,0,,,,,,,,
67,1782597778556,5065,-1,0,0,0,0,0,68,70,10,0,70,141.17,0,-18,3,-998,-1,0,0,0,,,,,,,,
68,1782597778651,5160,-1,0,0,0,0,0,67,69,10,0,70,140.99,0,-22,3,-998,-1,0,0,0,,,,,,,,
69,1782597778751,5260,-1,0,0,0,0,0,67,69,10,0,70,141.29,0,-25,2,-998,-1,0,0,0,,,,,,,,
70,1782597778845,5354,-1,0,0,0,0,0,67,69,10,0,70,141.29,0,-20,4,-997,-1,0,0,0,,,,,,,,
71,1782597778998,5507,-1,0,0,0,0,0,67,69,10,0,69,140.89,0,-21,2,-999,-1,0,0,0,,,,,,,,
72,1782597779053,5562,-1,0,0,0,0,0,67,69,10,0,69,140.99,0,-20,5,-999,-1,0,0,0,,,,,,,,
73,1782597779132,5641,-1,0,0,0,0,0,67,69,10,0,69,140.87,0,-18,2,-997,-1,0,0,0,,,,,,,,
74,1782597779226,5735,-1,0,0,0,0,0,67,69,10,0,69,141.12,0,-21,3,-999,-1,0,0,0,,,,,,,,
75,1782597779323,5832,-1,0,0,0,0,0,67,69,10,0,69,140.76,0,-19,4,-1002,-1,0,0,0,,,,,,,,
76,1782597779421,5930,-1,0,0,0,0,0,67,69,10,0,69,141.1,0,-17,2,-999,-1,0,0,0,,,,,,,,
77,1782597779526,6035,-1,0,0,0,0,0,67,69,10,0,69,141.16,0,-17,7,-999,-1,0,0,0,,,,,,,,
78,1782597779632,6141,-1,0,0,0,0,0,68,70,10,0,69,140.88,0,-19,2,-999,-1,0,0,0,,,,,,,,
79,1782597779730,6239,-1,0,0,0,0,0,68,70,10,0,69,141.09,0,-19,7,-1001,-1,0,0,0,,,,,,,,
80,1782597779860,6369,-1,0,0,0,0,0,68,70,10,0,69,140.98,0,-21,3,-999,-1,0,0,0,,,,,,,,
81,1782597779935,6444,-1,0,0,0,0,0,68,70,10,0,69,141.02,0,-20,4,-999,-1,0,0,0,,,,,,,,
82,1782597779984,6493,-1,0,0,0,0,0,68,70,10,0,69,141.36,0,-22,7,-1001,-1,0,0,0,,,,,,,,
83,1782597780082,6591,-1,0,0,0,0,0,68,70,10,0,69,141.09,0,-19,0,-996,-1,0,0,0,,,,,,,,
84,1782597780172,6681,-1,0,0,0,0,0,68,70,10,0,69,141.14,0,-20,4,-997,-1,0,0,0,,,,,,,,
85,1782597780273,6782,-1,0,0,0,0,0,68,70,10,0,69,141.42,0,-19,5,-1000,-1,0,0,0,,,,,,,,
86,1782597780436,6945,-1,0,0,0,0,0,68,70,10,0,69,141.12,0,-21,1,-999,-1,0,0,0,,,,,,,,
87,1782597780484,6993,-1,0,0,0,0,0,68,70,10,0,69,140.84,0,-19,7,-1000,-1,0,0,0,,,,,,,,
88,1782597780591,7100,-1,0,0,0,0,0,68,71,10,0,69,140.81,0,-18,3,-996,-1,0,0,0,,,,,,,,
89,1782597780697,7206,-1,0,0,0,0,0,68,71,10,0,69,140.99,0,-17,3,-998,-1,0,0,0,,,,,,,,
90,1782597780798,7307,-1,0,0,0,0,0,68,71,10,0,69,141.09,0,-18,4,-996,-1,0,0,0,,,,,,,,
91,1782597780895,7404,-1,0,0,0,0,0,68,71,10,0,69,141.31,0,-18,3,-999,-1,0,0,0,,,,,,,,
92,1782597780972,7481,-1,0,0,0,0,0,68,71,10,0,69,140.8,0,-19,5,-998,-1,0,0,0,,,,,,,,
93,1782597781069,7578,-1,0,0,0,0,0,68,71,10,0,69,141.15,0,-20,5,-999,-1,0,0,0,,,,,,,,
94,1782597781204,7713,-1,0,0,0,0,0,68,71,10,0,69,140.86,0,-19,4,-998,-1,0,0,0,,,,,,,,
95,1782597781280,7789,-1,0,0,0,0,0,68,71,10,0,69,141.17,0,-21,4,-1000,-1,0,0,0,,,,,,,,
96,1782597781362,7871,-1,0,0,0,0,0,68,71,10,0,69,140.89,0,-20,6,-1000,-1,0,0,0,,,,,,,,
97,1782597781459,7968,-1,0,0,0,0,0,68,71,10,0,69,141.29,0,-20,3,-998,-1,0,0,0,,,,,,,,
98,1782597781520,8029,-1,0,0,0,0,0,68,71,10,0,69,141.23,0,-18,4,-998,-1,0,0,0,,,,,,,,
99,1782597781612,8121,-1,0,0,0,0,0,68,71,10,0,69,140.88,0,-21,4,-998,-1,0,0,0,,,,,,,,
100,1782597781711,8220,-1,0,0,0,0,0,68,71,10,0,69,140.89,0,-18,3,-997,-1,0,0,0,,,,,,,,
101,1782597781885,8394,-1,0,0,0,0,0,68,71,10,0,69,141.12,0,-17,6,-1001,-1,0,0,0,,,,,,,,
102,1782597781952,8461,-1,0,0,0,0,0,68,71,10,0,69,140.91,0,-19,3,-1000,-1,0,0,0,,,,,,,,
103,1782597782052,8561,-1,0,0,0,0,0,68,71,10,0,69,140.91,0,-18,6,-998,-1,0,0,0,,,,,,,,
104,1782597782127,8636,-1,0,0,0,0,0,68,71,10,0,69,141.15,0,-20,5,-999,-1,0,0,0,,,,,,,,
105,1782597782185,8694,-1,0,0,0,0,0,68,71,10,0,69,140.7,0,-17,1,-998,-1,0,0,0,,,,,,,,
106,1782597782281,8790,-1,0,0,0,0,0,68,71,10,0,69,141,0,-19,4,-1000,-1,0,0,0,,,,,,,,
107,1782597782434,8943,-1,0,0,0,0,0,68,71,10,0,69,141,0,-20,4,-998,-1,0,0,0,,,,,,,,
108,1782597782498,9007,-1,0,0,0,0,0,69,72,10,0,69,140.99,0,-19,4,-998,-1,0,0,0,,,,,,,,
109,1782597782569,9078,-1,0,0,0,0,0,69,72,10,0,69,141.23,0,-19,4,-999,-1,0,0,0,,,,,,,,
110,1782597782667,9176,-1,0,0,0,0,0,69,72,10,0,69,141.32,0,-21,4,-998,-1,0,0,0,,,,,,,,
111,1782597782764,9273,-1,0,0,0,0,0,69,72,10,0,69,140.92,0,-19,5,-998,-1,0,0,0,,,,,,,,
112,1782597782862,9371,-1,0,0,0,0,0,69,72,10,0,69,141.12,0,-19,4,-1001,-1,0,0,0,,,,,,,,
113,1782597782968,9477,-1,0,0,0,0,0,69,72,10,0,69,140.68,0,-19,1,-1000,-1,0,0,0,,,,,,,,
114,1782597783117,9626,-1,0,0,0,0,0,69,72,10,0,69,140.97,0,-17,6,-1001,-1,0,0,0,,,,,,,,
115,1782597783179,9688,-1,0,0,0,0,0,69,72,10,0,69,141.02,0,-19,3,-999,-1,0,0,0,,,,,,,,
116,1782597783281,9790,-1,0,0,0,0,0,69,72,10,0,69,141.14,0,-21,4,-996,-1,0,0,0,,,,,,,,
117,1782597783362,9871,-1,0,0,0,0,0,69,72,10,0,69,141.43,0,-17,4,-1001,-1,0,0,0,,,,,,,,
118,1782597783457,9966,-1,0,0,0,0,0,68,71,10,0,69,141,0,-20,3,-999,-1,0,0,0,,,,,,,,
119,1782597783553,10062,-1,0,0,0,0,0,68,71,10,0,69,141.18,0,-21,3,-999,-1,0,0,0,,,,,,,,
120,1782597783649,10158,-1,0,0,0,0,0,68,71,10,0,69,141.01,0,-19,4,-998,-1,0,0,0,,,,,,,,
121,1782597783745,10254,-1,0,0,0,0,0,68,71,10,0,69,141.49,0,-22,5,-1001,-1,0,0,0,,,,,,,,
122,1782597783840,10349,-1,0,0,0,0,0,68,71,10,0,69,140.86,0,-20,5,-999,-1,0,0,0,,,,,,,,
123,1782597783937,10446,-1,0,0,0,0,0,68,71,10,0,69,141.09,0,-18,7,-1002,-1,0,0,0,,,,,,,,
124,1782597784119,10628,-1,0,0,0,0,0,68,71,10,0,69,141.03,0,-19,2,-1000,-1,0,0,0,,,,,,,,
125,1782597784133,10642,-1,0,0,0,0,0,68,71,10,0,69,140.78,0,-16,1,-997,-1,0,0,0,,,,,,,,
126,1782597784235,10744,-1,0,0,0,0,0,68,71,10,0,69,141.29,0,-17,9,-999,-1,0,0,0,,,,,,,,
127,1782597784335,10844,-1,0,0,0,0,0,68,71,10,0,69,140.89,0,-18,1,-996,-1,0,0,0,,,,,,,,
128,1782597784429,10938,-1,0,0,0,0,0,69,71,10,0,69,141.03,0,-16,7,-1002,-1,0,0,0,,,,,,,,
129,1782597784511,11020,-1,0,0,0,0,0,69,71,10,0,69,140.87,0,-16,7,-999,-1,0,0,0,,,,,,,,
130,1782597784606,11115,-1,0,0,0,0,0,69,71,10,0,69,141.2,0,-18,3,-1000,-1,0,0,0,,,,,,,,
131,1782597784701,11210,-1,0,0,0,0,0,69,71,10,0,69,141.31,0,-18,5,-1000,-1,0,0,0,,,,,,,,
132,1782597784798,11307,-1,0,0,0,0,0,69,71,10,0,69,141.21,0,-20,3,-999,-1,0,0,0,,,,,,,,
133,1782597784895,11404,-1,0,0,0,0,0,69,71,10,0,69,140.94,0,-20,6,-999,-1,0,0,0,,,,,,,,
134,1782597784994,11503,-1,0,0,0,0,0,69,71,10,0,69,140.72,0,-19,5,-1000,-1,0,0,0,,,,,,,,
135,1782597785090,11599,-1,0,0,0,0,0,69,71,10,0,69,140.78,0,-22,1,-997,-1,0,0,0,,,,,,,,
136,1782597785189,11698,-1,0,0,0,0,0,69,71,10,0,69,141.09,0,-17,6,-999,-1,0,0,0,,,,,,,,
137,1782597785295,11804,-1,0,0,0,0,0,69,71,10,0,69,141.03,0,-18,1,-1001,-1,0,0,0,,,,,,,,
138,1782597785391,11900,-1,0,0,0,0,0,69,72,10,0,69,140.97,0,-17,3,-998,-1,0,0,0,,,,,,,,
139,1782597785497,12006,-1,0,0,0,0,0,69,72,10,0,69,141.14,0,-17,4,-1000,-1,0,0,0,,,,,,,,
140,1782597785534,12043,-1,0,0,0,0,0,69,72,10,0,69,141.17,0,-17,3,-999,-1,0,0,0,,,,,,,,
141,1782597785634,12143,-1,0,0,0,0,0,69,72,10,0,69,141.01,0,-17,5,-1002,-1,0,0,0,,,,,,,,
142,1782597785724,12233,-1,0,0,0,0,0,69,72,10,0,69,141.08,0,-17,2,-1000,-1,0,0,0,,,,,,,,
143,1782597785822,12331,-1,0,0,0,0,0,69,72,10,0,69,140.97,0,-18,4,-1000,-1,0,0,0,,,,,,,,
144,1782597785919,12428,-1,0,0,0,0,0,69,72,10,0,69,141.12,0,-18,5,-997,-1,0,0,0,,,,,,,,
145,1782597786017,12526,-1,0,0,0,0,0,69,72,10,0,69,141.12,0,-19,2,-1000,-1,0,0,0,,,,,,,,
146,1782597786120,12629,-1,0,0,0,0,0,69,72,10,0,69,140.88,0,-20,5,-997,-1,0,0,0,,,,,,,,
147,1782597786230,12739,-1,0,0,0,0,0,69,72,10,0,69,141.11,0,-18,3,-998,-1,0,0,0,,,,,,,,
148,1782597786326,12835,-1,0,0,0,0,0,69,71,10,0,69,141.04,0,-17,5,-998,-1,0,0,0,,,,,,,,
149,1782597786425,12934,-1,0,0,0,0,0,69,71,10,0,69,141.17,0,-17,3,-999,-1,0,0,0,,,,,,,,
150,1782597786643,13152,-1,0,0,0,0,0,69,71,10,0,69,140.98,0,-17,5,-997,-1,0,0,0,,,,,,,,
151,1782597786653,13162,-1,0,0,0,0,0,69,71,10,0,69,141.22,0,-19,5,-1000,-1,0,0,0,,,,,,,,
152,1782597786753,13262,-1,0,0,0,0,0,69,71,10,0,69,140.99,0,-18,3,-998,-1,0,0,0,,,,,,,,
153,1782597786813,13322,-1,0,0,0,0,0,69,71,10,0,69,140.97,0,-19,5,-1000,-1,0,0,0,,,,,,,,
154,1782597786917,13426,-1,0,0,0,0,0,69,71,10,0,69,140.88,0,-19,5,-998,-1,0,0,0,,,,,,,,
155,1782597787015,13524,-1,0,0,0,0,0,69,71,10,0,69,141.01,0,-19,3,-997,-1,0,0,0,,,,,,,,
156,1782597787162,13671,-1,0,0,0,0,0,69,71,10,0,69,141.11,0,-18,6,-999,-1,0,0,0,,,,,,,,
157,1782597787239,13748,-1,0,0,0,0,0,69,71,10,0,69,141.13,0,-21,4,-1001,-1,0,0,0,,,,,,,,
158,1782597787330,13839,-1,0,0,0,0,0,69,71,10,0,69,140.89,0,-19,2,-999,-1,0,0,0,,,,,,,,
159,1782597787424,13933,-1,0,0,0,0,0,69,71,10,0,69,141.22,0,-18,6,-999,-1,0,0,0,,,,,,,,
160,1782597787520,14029,-1,0,0,0,0,0,69,71,10,0,69,141.12,0,-21,5,-1000,-1,0,0,0,,,,,,,,
161,1782597787630,14139,-1,0,0,0,0,0,69,71,10,0,68,140.95,0,-18,4,-1001,-1,0,0,0,,,,,,,,
162,1782597787783,14292,-1,0,0,0,0,0,69,71,10,0,68,140.9,0,-20,7,-1001,-1,0,0,0,,,,,,,,
163,1782597787847,14356,-1,0,0,0,0,0,69,71,10,0,68,140.99,0,-20,7,-998,-1,0,0,0,,,,,,,,
164,1782597787878,14387,-1,0,0,0,0,0,69,71,10,0,68,140.98,0,-17,5,-1000,-1,0,0,0,,,,,,,,
165,1782597787973,14482,-1,0,0,0,0,0,69,71,10,0,68,140.94,0,-16,1,-997,-1,0,0,0,,,,,,,,
166,1782597788083,14592,-1,0,0,0,0,0,69,71,10,0,68,140.87,0,-20,3,-1000,-1,0,0,0,,,,,,,,
167,1782597788187,14696,-1,0,0,0,0,0,69,71,10,0,68,140.96,0,-18,9,-999,-1,0,0,0,,,,,,,,
168,1782597788295,14804,-1,0,0,0,0,0,70,72,10,0,68,140.67,0,-15,2,-999,-1,0,0,0,,,,,,,,
169,1782597790471,16980,-1,0,0,0,0,0,70,72,10,0,68,141.23,0,-18,6,-997,-1,0,0,0,,,,,,,,
170,1782597790531,17040,-1,0,0,0,0,0,70,72,10,0,68,140.99,0,-17,1,-1004,-1,0,0,0,,,,,,,,
171,1782597790636,17145,-1,0,0,0,0,0,70,72,10,0,68,141.18,0,-20,4,-1001,-1,0,0,0,,,,,,,,
172,1782597790795,17304,-1,0,0,0,0,0,70,72,10,0,68,141.06,0,-17,2,-995,-1,0,0,0,,,,,,,,
173,1782597790800,17309,-1,0,0,0,0,0,70,72,10,0,68,141.24,0,-24,8,-995,-1,0,0,0,,,,,,,,
174,1782597790905,17414,-1,0,0,0,0,0,70,72,10,0,68,141.02,0,-22,-4,-1002,-1,0,0,0,,,,,,,,
175,1782597791010,17519,-1,0,0,0,0,0,70,72,10,0,68,141.04,0,-24,10,-1001,-1,0,0,0,,,,,,,,
176,1782597791088,17597,-1,0,0,0,0,0,70,72,10,0,68,140.92,0,-22,1,-998,-1,0,0,0,,,,,,,,
177,1782597791189,17698,-1,0,0,0,0,0,70,72,10,0,68,141.03,0,-17,2,-1004,-1,0,0,0,,,,,,,,
178,1782597791290,17799,-1,0,0,0,0,0,71,72,10,0,68,141.11,0,-25,6,-993,-1,0,0,0,,,,,,,,
179,1782597791419,17928,-1,0,0,0,0,0,71,72,10,0,68,140.96,0,-18,1,-1003,-1,0,0,0,,,,,,,,
180,1782597791523,18032,-1,0,0,0,0,0,71,72,10,0,68,141.29,0,-17,6,-995,-1,0,0,0,,,,,,,,
181,1782597791618,18127,-1,0,0,0,0,0,71,72,10,0,68,141.11,0,-16,5,-1001,-1,0,0,0,,,,,,,,
182,1782597791712,18221,-1,0,0,0,0,0,71,72,10,0,68,141.11,0,-16,1,-1002,-1,0,0,0,,,,,,,,
183,1782597791813,18322,-1,0,0,0,0,0,71,72,10,0,68,141.05,0,-22,6,-994,-1,0,0,0,,,,,,,,
184,1782597791910,18419,-1,0,0,0,0,0,71,72,10,0,68,141.19,0,-22,2,-999,-1,0,0,0,,,,,,,,
185,1782597792060,18569,-1,0,0,0,0,0,71,72,10,0,68,141.24,0,-19,2,-998,-1,0,0,0,,,,,,,,
186,1782597792135,18644,-1,0,0,0,0,0,71,72,10,0,68,141.14,0,-19,6,-1001,-1,0,0,0,,,,,,,,
187,1782597792190,18699,-1,0,0,0,0,0,71,72,10,0,68,141.03,0,-19,0,-998,-1,0,0,0,,,,,,,,
188,1782597792286,18795,-1,0,0,0,0,0,71,72,10,0,68,141.08,0,-16,7,-999,-1,0,0,0,,,,,,,,
189,1782597792372,18881,-1,0,0,0,0,0,71,72,10,0,68,140.6,0,-19,2,-1001,-1,0,0,0,,,,,,,,
190,1782597792473,18982,-1,0,0,0,0,0,71,72,10,0,68,141.05,0,-16,0,-1000,-1,0,0,0,,,,,,,,
191,1782597792572,19081,-1,0,0,0,0,0,71,72,10,0,68,141.27,0,-16,7,-1000,-1,0,0,0,,,,,,,,
192,1782597792674,19183,-1,0,0,0,0,0,71,72,10,0,68,140.95,0,-19,2,-999,-1,0,0,0,,,,,,,,
193,1782597792810,19319,-1,0,0,0,0,0,71,72,10,0,68,141.25,0,-15,5,-1003,-1,0,0,0,,,,,,,,
194,1782597792908,19417,-1,0,0,0,0,0,71,72,10,0,68,141.12,0,-19,6,-1001,-1,0,0,0,,,,,,,,
195,1782597793077,19586,-1,0,0,0,0,0,71,72,10,0,68,140.74,0,-18,2,-998,-1,0,0,0,,,,,,,,
196,1782597793123,19632,-1,0,0,0,0,0,71,72,10,0,68,141.13,0,-19,7,-997,-1,0,0,0,,,,,,,,
197,1782597793221,19730,-1,0,0,0,0,0,71,72,10,0,68,140.89,0,-20,4,-1004,-1,0,0,0,,,,,,,,
198,1782597793297,19806,-1,0,0,0,0,0,71,73,10,0,68,141.17,0,-17,1,-999,-1,0,0,0,,,,,,,,
199,1782597793391,19900,-1,0,0,0,0,0,71,73,10,0,68,140.93,0,-18,7,-998,-1,0,0,0,,,,,,,,
200,1782597793487,19996,-1,0,0,0,0,0,71,73,10,0,68,141.14,0,-21,0,-997,-1,0,0,0,,,,,,,,
201,1782597793591,20100,-1,0,0,0,0,0,71,73,10,0,68,141.18,0,-20,3,-991,-1,0,0,0,,,,,,,,
202,1782597793757,20266,-1,0,0,0,0,0,71,73,10,0,68,140.92,0,-14,6,-1003,-1,0,0,0,,,,,,,,
203,1782597793788,20297,-1,0,0,0,0,0,71,73,10,0,68,141.01,0,-22,-3,-994,-1,0,0,0,,,,,,,,
204,1782597793884,20393,-1,0,0,0,0,0,71,73,10,0,68,141.03,0,-17,10,-996,-1,0,0,0,,,,,,,,
205,1782597793985,20494,-1,0,0,0,0,0,71,73,10,0,68,141.14,0,-19,3,-999,-1,0,0,0,,,,,,,,
206,1782597794036,20545,-1,0,0,0,0,0,71,73,10,0,68,141.36,0,-21,0,-1001,-1,0,0,0,,,,,,,,
207,1782597794111,20620,-1,0,0,0,0,0,71,73,10,0,68,140.84,0,-18,8,-997,-1,0,0,0,,,,,,,,
208,1782597794253,20762,-1,0,0,0,0,0,71,73,10,0,68,140.94,0,-17,2,-999,-1,0,0,0,,,,,,,,
209,1782597794323,20832,-1,0,0,0,0,0,71,73,10,0,68,141.11,0,-20,0,-998,-1,0,0,0,,,,,,,,
210,1782597794400,20909,-1,0,0,0,0,0,71,73,10,0,68,140.69,0,-22,8,-997,-1,0,0,0,,,,,,,,
211,1782597794496,21005,-1,0,0,0,0,0,71,73,10,0,68,141.03,0,-14,3,-1008,-1,0,0,0,,,,,,,,
212,1782597794597,21106,-1,0,0,0,0,0,71,73,10,0,68,141.26,0,-17,1,-1000,-1,0,0,0,,,,,,,,
213,1782597794689,21198,-1,0,0,0,0,0,71,73,10,0,68,141.07,0,-18,4,-1002,-1,0,0,0,,,,,,,,
214,1782597794792,21301,-1,0,0,0,0,0,71,73,10,0,68,140.78,0,-21,5,-993,-1,0,0,0,,,,,,,,
215,1782597794918,21427,-1,0,0,0,0,0,71,73,10,0,68,141.07,0,-20,4,-994,-1,0,0,0,,,,,,,,
216,1782597795015,21524,-1,0,0,0,0,0,71,73,10,0,68,141.07,0,-15,3,-1001,-1,0,0,0,,,,,,,,
217,1782597795105,21614,-1,0,0,0,0,0,71,73,10,0,68,141.17,0,-20,4,-992,-1,0,0,0,,,,,,,,
218,1782597795187,21696,-1,0,0,0,0,0,71,74,10,0,68,140.82,0,-21,0,-997,-1,0,0,0,,,,,,,,
219,1782597795281,21790,-1,0,0,0,0,0,71,74,10,0,68,141.08,0,-18,6,-1000,-1,0,0,0,,,,,,,,
220,1782597795377,21886,-1,0,0,0,0,0,71,74,10,0,68,140.96,0,-20,-1,-998,-1,0,0,0,,,,,,,,
221,1782597795471,21980,-1,0,0,0,0,0,71,74,10,0,68,140.9,0,-26,5,-997,-1,0,0,0,,,,,,,,
222,1782597795568,22077,-1,0,0,0,0,0,71,74,10,0,68,140.54,0,-19,1,-1003,-1,0,0,0,,,,,,,,
223,1782597795673,22182,-1,0,0,0,0,0,71,74,10,0,68,140.77,0,-16,4,-997,-1,0,0,0,,,,,,,,
224,1782597795761,22270,-1,0,0,0,0,0,71,74,10,0,68,141.33,0,-15,7,-1000,-1,0,0,0,,,,,,,,
225,1782597795858,22367,-1,0,0,0,0,0,71,74,10,0,68,140.95,0,-16,2,-996,-1,0,0,0,,,,,,,,
226,1782597795954,22463,-1,0,0,0,0,0,71,74,10,0,68,141.03,0,-15,6,-1003,-1,0,0,0,,,,,,,,
227,1782597796058,22567,-1,0,0,0,0,0,71,74,10,0,68,140.96,0,-15,2,-997,-1,0,0,0,,,,,,,,
228,1782597796158,22667,-1,0,0,0,0,0,71,74,10,0,68,141.04,0,-18,1,-997,-1,0,0,0,,,,,,,,
229,1782597796268,22777,-1,0,0,0,0,0,71,74,10,0,68,141.07,0,-16,7,-1002,-1,0,0,0,,,,,,,,
230,1782597796356,22865,-1,0,0,0,0,0,71,74,10,0,68,140.96,0,-18,0,-1000,-1,0,0,0,,,,,,,,
231,1782597796451,22960,-1,0,0,0,0,0,71,74,10,0,68,140.63,0,-18,5,-1002,-1,0,0,0,,,,,,,,
232,1782597796546,23055,-1,0,0,0,0,0,71,74,10,0,68,140.88,0,-19,6,-998,-1,0,0,0,,,,,,,,
233,1782597796633,23142,-1,0,0,0,0,0,71,74,10,0,68,140.84,0,-19,0,-999,-1,0,0,0,,,,,,,,
234,1782597796682,23191,-1,0,0,0,0,0,71,74,10,0,68,141.02,0,-21,7,-998,-1,0,0,0,,,,,,,,
235,1782597796822,23331,-1,0,0,0,0,0,71,74,10,0,68,140.93,0,-28,4,-996,-1,0,0,0,,,,,,,,
236,1782597796899,23408,-1,0,0,0,0,0,71,74,10,0,68,140.77,0,-24,7,-995,-1,0,0,0,,,,,,,,
237,1782597796995,23504,-1,0,0,0,0,0,71,74,10,0,68,140.8,0,-14,0,-1000,-1,0,0,0,,,,,,,,
238,1782597797079,23588,-1,0,0,0,0,0,71,74,10,0,68,140.84,0,-9,4,-998,-1,0,0,0,,,,,,,,
239,1782597797170,23679,-1,0,0,0,0,0,71,74,10,0,68,140.66,0,-18,5,-992,-1,0,0,0,,,,,,,,
240,1782597797259,23768,-1,0,0,0,0,0,71,74,10,0,68,140.67,0,-14,1,-996,-1,0,0,0,,,,,,,,
241,1782597797437,23946,-1,0,0,0,0,0,71,74,10,0,68,141,0,-15,7,-1003,-1,0,0,0,,,,,,,,
242,1782597797473,23982,-1,0,0,0,0,0,71,74,10,0,68,140.48,0,-20,3,-998,-1,0,0,0,,,,,,,,
243,1782597797568,24077,-1,0,0,0,0,0,71,74,10,0,68,140.89,0,-20,3,-999,-1,0,0,0,,,,,,,,
244,1782597797664,24173,-1,0,0,0,0,0,71,74,10,0,68,141.16,0,-22,6,-998,-1,0,0,0,,,,,,,,
245,1782597797749,24258,-1,0,0,0,0,0,71,74,10,0,68,141.23,0,-21,0,-1000,-1,0,0,0,,,,,,,,
246,1782597797840,24349,-1,0,0,0,0,0,71,74,10,0,68,141.03,0,-19,7,-1003,-1,0,0,0,,,,,,,,
247,1782597797929,24438,-1,0,0,0,0,0,71,74,10,0,68,140.81,0,-19,1,-1001,-1,0,0,0,,,,,,,,
248,1782597798041,24550,-1,0,0,0,0,0,72,74,10,0,68,140.94,0,-20,7,-1000,-1,0,0,0,,,,,,,,
249,1782597798114,24623,-1,0,0,0,0,0,72,74,10,0,68,140.92,0,-20,2,-1001,-1,0,0,0,,,,,,,,
250,1782597798260,24769,-1,0,0,0,0,0,72,74,10,0,68,141.08,0,-15,2,-1000,-1,0,0,0,,,,,,,,
251,1782597798324,24833,-1,0,0,0,0,0,72,74,10,0,68,140.74,0,-18,5,-1000,-1,0,0,0,,,,,,,,
252,1782597798375,24884,-1,0,0,0,0,0,72,74,10,0,68,141.04,0,-17,1,-1000,-1,0,0,0,,,,,,,,
253,1782597798458,24967,-1,0,0,0,0,0,72,74,10,0,68,141.02,0,-18,7,-999,-1,0,0,0,,,,,,,,
254,1782597798545,25054,-1,0,0,0,0,0,72,74,10,0,68,141.02,0,-20,2,-1000,-1,0,0,0,,,,,,,,
255,1782597798639,25148,-1,0,0,0,0,0,72,74,10,0,68,140.91,0,-20,3,-998,-1,0,0,0,,,,,,,,
256,1782597798727,25236,-1,0,0,0,0,0,72,74,10,0,68,140.95,0,-21,6,-1003,-1,0,0,0,,,,,,,,
257,1782597798881,25390,-1,0,0,0,0,0,72,74,10,0,68,141.03,0,-19,2,-1002,-1,0,0,0,,,,,,,,
258,1782597798947,25456,-1,0,0,0,0,0,72,75,10,0,68,140.81,0,-21,5,-1001,-1,0,0,0,,,,,,,,
259,1782597799043,25552,-1,0,0,0,0,0,72,75,10,0,68,141.12,0,-18,5,-998,-1,0,0,0,,,,,,,,
260,1782597799203,25712,-1,0,0,0,0,0,72,75,10,0,68,141.15,0,-19,0,-999,-1,0,0,0,,,,,,,,
261,1782597799246,25755,-1,0,0,0,0,0,72,75,10,0,68,140.82,0,-16,6,-1000,-1,0,0,0,,,,,,,,
262,1782597799304,25813,-1,0,0,0,0,0,72,75,10,0,68,140.86,0,-18,3,-999,-1,0,0,0,,,,,,,,
263,1782597799397,25906,-1,0,0,0,0,0,72,75,10,0,68,140.76,0,-19,4,-999,-1,0,0,0,,,,,,,,
264,1782597799484,25993,-1,0,0,0,0,0,72,75,10,0,68,141.01,0,-18,2,-998,-1,0,0,0,,,,,,,,
265,1782597799594,26103,-1,0,0,0,0,0,72,75,10,0,68,141.09,0,-22,6,-1002,-1,0,0,0,,,,,,,,
266,1782597799778,26287,-1,0,0,0,0,0,72,75,10,0,68,141.16,0,-15,1,-997,-1,0,0,0,,,,,,,,
267,1782597799798,26307,-1,0,0,0,0,0,72,75,10,0,68,141.01,0,-17,3,-1001,-1,0,0,0,,,,,,,,
268,1782597799874,26383,-1,0,0,0,0,0,72,74,10,0,68,141.02,0,-19,7,-998,-1,0,0,0,,,,,,,,
269,1782597799975,26484,-1,0,0,0,0,0,72,74,10,0,68,140.76,0,-16,2,-999,-1,0,0,0,,,,,,,,
270,1782597800050,26559,-1,0,0,0,0,0,72,74,10,0,68,140.86,0,-18,6,-1000,-1,0,0,0,,,,,,,,
271,1782597800097,26606,-1,0,0,0,0,0,72,74,10,0,68,140.96,0,-17,3,-997,-1,0,0,0,,,,,,,,
272,1782597800191,26700,-1,0,0,0,0,0,72,74,10,0,68,140.99,0,-17,6,-1000,-1,0,0,0,,,,,,,,
273,1782597800282,26791,-1,0,0,0,0,0,72,74,10,0,68,140.93,0,-19,4,-998,-1,0,0,0,,,,,,,,
274,1782597800417,26926,-1,0,0,0,0,0,72,74,10,0,68,141.17,0,-17,2,-1001,-1,0,0,0,,,,,,,,
275,1782597800520,27029,-1,0,0,0,0,0,72,74,10,0,68,140.97,0,-20,7,-999,-1,0,0,0,,,,,,,,
276,1782597800626,27135,-1,0,0,0,0,0,72,74,10,0,68,141.17,0,-17,3,-998,-1,0,0,0,,,,,,,,
277,1782597800675,27184,-1,0,0,0,0,0,72,74,10,0,68,140.86,0,-18,5,-999,-1,0,0,0,,,,,,,,
278,1782597800747,27256,-1,0,0,0,0,0,72,75,10,0,68,141.12,0,-17,6,-995,-1,0,0,0,,,,,,,,
279,1782597800842,27351,-1,0,0,0,0,0,72,75,10,0,68,140.81,0,-17,3,-999,-1,0,0,0,,,,,,,,
280,1782597800942,27451,-1,0,0,0,0,0,72,75,10,0,68,140.89,0,-19,4,-999,-1,0,0,0,,,,,,,,
281,1782597801044,27553,-1,0,0,0,0,0,72,75,10,0,68,140.94,0,-20,5,-999,-1,0,0,0,,,,,,,,
282,1782597801226,27735,-1,0,0,0,0,0,72,75,10,0,68,140.93,0,-18,4,-1000,-1,0,0,0,,,,,,,,
283,1782597801238,27747,-1,0,0,0,0,0,72,75,10,0,68,141.08,0,-18,3,-995,-1,0,0,0,,,,,,,,
284,1782597801334,27843,-1,0,0,0,0,0,72,75,10,0,68,141.08,0,-17,3,-1001,-1,0,0,0,,,,,,,,
285,1782597801427,27936,-1,0,0,0,0,0,72,75,10,0,68,140.71,0,-19,5,-996,-1,0,0,0,,,,,,,,
286,1782597801503,28012,-1,0,0,0,0,0,72,75,10,0,68,140.66,0,-17,4,-1002,-1,0,0,0,,,,,,,,
287,1782597801593,28102,-1,0,0,0,0,0,72,75,10,0,68,141.04,0,-18,3,-999,-1,0,0,0,,,,,,,,
288,1782597801742,28251,-1,0,0,0,0,0,72,75,10,0,68,140.84,0,-16,4,-1000,-1,0,0,0,,,,,,,,
289,1782597801806,28315,-1,0,0,0,0,0,72,75,10,0,68,140.97,0,-18,4,-998,-1,0,0,0,,,,,,,,
290,1782597801880,28389,-1,0,0,0,0,0,72,75,10,0,67,140.94,0,-19,4,-997,-1,0,0,0,,,,,,,,
291,1782597801973,28482,-1,0,0,0,0,0,72,75,10,0,67,140.88,0,-19,3,-998,-1,0,0,0,,,,,,,,
292,1782597802082,28591,-1,0,0,0,0,0,72,75,10,0,67,141.36,0,-18,5,-999,-1,0,0,0,,,,,,,,
293,1782597802173,28682,-1,0,0,0,0,0,72,75,10,0,67,140.94,0,-18,1,-998,-1,0,0,0,,,,,,,,
294,1782597802331,28840,-1,0,0,0,0,0,72,75,10,0,67,140.95,0,-22,6,-1000,-1,0,0,0,,,,,,,,
295,1782597802342,28851,-1,0,0,0,0,0,72,75,10,0,67,141.11,0,-18,1,-999,-1,0,0,0,,,,,,,,
296,1782597802444,28953,-1,0,0,0,0,0,72,75,10,0,67,141.24,0,-18,5,-998,-1,0,0,0,,,,,,,,
297,1782597802529,29038,-1,0,0,0,0,0,72,75,10,0,67,140.88,0,-18,4,-999,-1,0,0,0,,,,,,,,
298,1782597802605,29114,-1,0,0,0,0,0,73,75,10,0,67,141.08,0,-20,4,-999,-1,0,0,0,,,,,,,,
299,1782597802699,29208,-1,0,0,0,0,0,73,75,10,0,67,141.23,0,-19,5,-998,-1,0,0,0,,,,,,,,
300,1782597802792,29301,-1,0,0,0,0,0,73,75,10,0,67,140.78,0,-17,4,-998,-1,0,0,0,,,,,,,,
301,1782597802886,29395,-1,0,0,0,0,0,73,75,10,0,67,141.09,0,-18,5,-998,-1,0,0,0,,,,,,,,
302,1782597802998,29507,-1,0,0,0,0,0,73,75,10,0,67,140.82,0,-18,4,-1000,-1,0,0,0,,,,,,,,
303,1782597803138,29647,-1,0,0,0,0,0,73,75,10,0,67,140.93,0,-19,3,-1003,-1,0,0,0,,,,,,,,
304,1782597803199,29708,-1,0,0,0,0,0,73,75,10,0,67,141.04,0,-18,4,-1000,-1,0,0,0,,,,,,,,
305,1782597803251,29760,-1,0,0,0,0,0,73,75,10,0,67,141,0,-16,4,-998,-1,0,0,0,,,,,,,,
306,1782597803354,29863,-1,0,0,0,0,0,73,75,10,0,67,141.11,0,-17,5,-999,-1,0,0,0,,,,,,,,
307,1782597803436,29945,-1,0,0,0,0,0,73,75,10,0,67,141.17,0,-17,7,-997,-1,0,0,0,,,,,,,,
308,1782597803521,30030,-1,0,0,0,0,0,73,75,10,0,67,141.02,0,-16,0,-997,-1,0,0,0,,,,,,,,
309,1782597803617,30126,-1,0,0,0,0,0,73,75,10,0,67,141.16,0,-18,6,-997,-1,0,0,0,,,,,,,,
310,1782597803768,30277,-1,0,0,0,0,0,73,75,10,0,67,140.89,0,-20,6,-999,-1,0,0,0,,,,,,,,
311,1782597803826,30335,-1,0,0,0,0,0,73,75,10,0,67,140.81,0,-18,-1,-998,-1,0,0,0,,,,,,,,
312,1782597803926,30435,-1,0,0,0,0,0,73,75,10,0,67,140.84,0,-17,7,-998,-1,0,0,0,,,,,,,,
313,1782597804003,30512,-1,0,0,0,0,0,73,75,10,0,67,140.88,0,-18,1,-1001,-1,0,0,0,,,,,,,,
314,1782597804099,30608,-1,0,0,0,0,0,73,75,10,0,67,140.82,0,-19,3,-998,-1,0,0,0,,,,,,,,
315,1782597804189,30698,-1,0,0,0,0,0,73,75,10,0,67,141.07,0,-18,4,-1000,-1,0,0,0,,,,,,,,
316,1782597804331,30840,-1,0,0,0,0,0,73,75,10,0,67,140.92,0,-19,2,-999,-1,0,0,0,,,,,,,,
317,1782597804372,30881,-1,0,0,0,0,0,73,75,10,0,67,141.22,0,-17,7,-1000,-1,0,0,0,,,,,,,,
318,1782597804491,31000,-1,0,0,0,0,0,73,75,10,0,67,140.99,0,-17,5,-999,-1,0,0,0,,,,,,,,
319,1782597804552,31061,-1,0,0,0,0,0,73,75,10,0,67,141.09,0,-20,2,-999,-1,0,0,0,,,,,,,,
320,1782597804626,31135,-1,0,0,0,0,0,73,75,10,0,67,141.09,0,-18,7,-999,-1,0,0,0,,,,,,,,
321,1782597804712,31221,-1,0,0,0,0,0,73,75,10,0,67,140.91,0,-17,4,-999,-1,0,0,0,,,,,,,,
322,1782597804805,31314,-1,0,0,0,0,0,73,75,10,0,67,140.86,0,-17,4,-999,-1,0,0,0,,,,,,,,
323,1782597804956,31465,-1,0,0,0,0,0,73,75,10,0,67,140.78,0,-18,6,-1000,-1,0,0,0,,,,,,,,
324,1782597805033,31542,-1,0,0,0,0,0,73,75,10,0,67,141.09,0,-17,2,-996,-1,0,0,0,,,,,,,,
325,1782597805130,31639,-1,0,0,0,0,0,73,75,10,0,67,140.85,0,-19,4,-1001,-1,0,0,0,,,,,,,,
326,1782597805203,31712,-1,0,0,0,0,0,73,75,10,0,67,140.81,0,-17,3,-1000,-1,0,0,0,,,,,,,,
327,1782597805297,31806,-1,0,0,0,0,0,73,75,10,0,67,141.11,0,-17,1,-999,-1,0,0,0,,,,,,,,
328,1782597805391,31900,-1,0,0,0,0,0,73,76,10,0,67,141.2,0,-18,8,-998,-1,0,0,0,,,,,,,,
329,1782597805443,31952,-1,0,0,0,0,0,73,76,10,0,67,140.84,0,-17,2,-999,-1,0,0,0,,,,,,,,
330,1782597805535,32044,-1,0,0,0,0,0,73,76,10,0,67,141.08,0,-18,6,-998,-1,0,0,0,,,,,,,,
331,1782597805628,32137,-1,0,0,0,0,0,73,76,10,0,67,141.17,0,-18,3,-997,-1,0,0,0,,,,,,,,
332,1782597805745,32254,-1,0,0,0,0,0,73,76,10,0,67,141.11,0,-18,5,-1000,-1,0,0,0,,,,,,,,
333,1782597805818,32327,-1,0,0,0,0,0,73,76,10,0,67,141.02,0,-18,5,-998,-1,0,0,0,,,,,,,,
334,1782597805946,32455,-1,0,0,0,0,0,73,76,10,0,67,141.21,0,-18,1,-998,-1,0,0,0,,,,,,,,
335,1782597806020,32529,-1,0,0,0,0,0,73,76,10,0,67,141.24,0,-19,7,-997,-1,0,0,0,,,,,,,,
336,1782597806112,32621,-1,0,0,0,0,0,73,76,10,0,67,141.2,0,-19,2,-999,-1,0,0,0,,,,,,,,
337,1782597806212,32721,-1,0,0,0,0,0,73,76,10,0,67,141.03,0,-18,3,-999,-1,0,0,0,,,,,,,,
338,1782597806304,32813,-1,0,0,0,0,0,73,76,10,0,67,141.02,0,-18,4,-1001,-1,0,0,0,,,,,,,,
339,1782597806396,32905,-1,0,0,0,0,0,73,76,10,0,67,140.75,0,-16,4,-999,-1,0,0,0,,,,,,,,
340,1782597806524,33033,-1,0,0,0,0,0,73,76,10,0,67,140.61,0,-19,3,-999,-1,0,0,0,,,,,,,,
341,1782597806594,33103,-1,0,0,0,0,0,73,76,10,0,67,140.89,0,-16,2,-1000,-1,0,0,0,,,,,,,,
342,1782597806676,33185,-1,0,0,0,0,0,73,76,10,0,67,140.82,0,-17,3,-998,-1,0,0,0,,,,,,,,
343,1782597806763,33272,-1,0,0,0,0,0,73,76,10,0,67,140.64,0,-16,15,-997,-1,0,0,0,,,,,,,,
344,1782597806960,33469,-1,0,0,0,0,0,73,76,10,0,67,140.86,0,-17,-2,-999,-1,0,0,0,,,,,,,,
345,1782597806979,33488,-1,0,0,0,0,0,73,76,10,0,67,140.99,0,-15,6,-999,-1,0,0,0,,,,,,,,
346,1782597807078,33587,-1,0,0,0,0,0,73,76,10,0,67,140.91,0,-17,7,-995,-1,0,0,0,,,,,,,,
347,1782597807128,33637,-1,0,0,0,0,0,73,76,10,0,67,140.87,0,-16,0,-1001,-1,0,0,0,,,,,,,,
348,1782597807226,33735,-1,0,0,0,0,0,74,77,10,0,67,140.81,0,-17,9,-999,-1,0,0,0,,,,,,,,
349,1782597807298,33807,-1,0,0,0,0,0,74,77,10,0,67,140.7,0,-19,2,-999,-1,0,0,0,,,,,,,,
350,1782597807436,33945,-1,0,0,0,0,0,74,77,10,0,67,140.83,0,-18,5,-1001,-1,0,0,0,,,,,,,,
351,1782597807501,34010,-1,0,0,0,0,0,74,77,10,0,67,140.84,0,-17,5,-999,-1,0,0,0,,,,,,,,
352,1782597807589,34098,-1,0,0,0,0,0,74,77,10,0,67,141,0,-18,5,-998,-1,0,0,0,,,,,,,,
353,1782597807685,34194,-1,0,0,0,0,0,74,77,10,0,67,140.97,0,-17,5,-1001,-1,0,0,0,,,,,,,,
354,1782597807782,34291,-1,0,0,0,0,0,74,77,10,0,67,141.15,0,-17,2,-999,-1,0,0,0,,,,,,,,
355,1782597807867,34376,-1,0,0,0,0,0,74,77,10,0,67,141.28,0,-19,6,-1000,-1,0,0,0,,,,,,,,
356,1782597807992,34501,-1,0,0,0,0,0,74,77,10,0,67,140.83,0,-17,3,-998,-1,0,0,0,,,,,,,,
357,1782597808069,34578,-1,0,0,0,0,0,74,77,10,0,67,140.73,0,-18,5,-995,-1,0,0,0,,,,,,,,
358,1782597808173,34682,-1,0,0,0,0,0,74,76,10,0,67,141.14,0,-17,3,-1000,-1,0,0,0,,,,,,,,
359,1782597808264,34773,-1,0,0,0,0,0,74,76,10,0,67,141.06,0,-17,5,-999,-1,0,0,0,,,,,,,,
360,1782597808357,34866,-1,0,0,0,0,0,74,76,10,0,67,141.16,0,-18,3,-999,-1,0,0,0,,,,,,,,
361,1782597808490,34999,-1,0,0,0,0,0,74,76,10,0,67,140.98,0,-19,1,-1000,-1,0,0,0,,,,,,,,
362,1782597808547,35056,-1,0,0,0,0,0,74,76,10,0,67,140.88,0,-16,6,-997,-1,0,0,0,,,,,,,,
363,1782597808634,35143,-1,0,0,0,0,0,74,76,10,0,67,140.84,0,-19,4,-997,-1,0,0,0,,,,,,,,
364,1782597808676,35185,-1,0,0,0,0,0,74,76,10,0,67,141.08,0,-17,3,-999,-1,0,0,0,,,,,,,,
365,1782597808773,35282,-1,0,0,0,0,0,74,76,10,0,67,140.83,0,-17,4,-1000,-1,0,0,0,,,,,,,,
366,1782597808883,35392,-1,0,0,0,0,0,74,76,10,0,67,140.92,0,-16,5,-1001,-1,0,0,0,,,,,,,,
367,1782597809015,35524,-1,0,0,0,0,0,74,76,10,0,67,140.71,0,-18,3,-998,-1,0,0,0,,,,,,,,
368,1782597809073,35582,-1,0,0,0,0,0,75,77,10,0,67,140.84,0,-18,6,-1001,-1,0,0,0,,,,,,,,
369,1782597809155,35664,-1,0,0,0,0,0,75,77,10,0,67,140.85,0,-19,3,-999,-1,0,0,0,,,,,,,,
370,1782597809248,35757,-1,0,0,0,0,0,75,77,10,0,67,141.08,0,-16,2,-1000,-1,0,0,0,,,,,,,,
371,1782597809340,35849,-1,0,0,0,0,0,75,77,10,0,67,141.11,0,-17,4,-1000,-1,0,0,0,,,,,,,,
372,1782597809432,35941,-1,0,0,0,0,0,75,77,10,0,67,140.72,0,-19,3,-998,-1,0,0,0,,,,,,,,
373,1782597809544,36053,-1,0,0,0,0,0,75,77,10,0,67,140.88,0,-17,3,-1003,-1,0,0,0,,,,,,,,
374,1782597809619,36128,-1,0,0,0,0,0,75,77,10,0,67,141.06,0,-17,4,-997,-1,0,0,0,,,,,,,,
375,1782597809712,36221,-1,0,0,0,0,0,75,77,10,0,67,141.07,0,-18,5,-1000,-1,0,0,0,,,,,,,,
376,1782597809804,36313,-1,0,0,0,0,0,75,77,10,0,67,140.89,0,-17,2,-995,-1,0,0,0,,,,,,,,
377,1782597809898,36407,-1,0,0,0,0,0,75,77,10,0,67,141.13,0,-18,2,-1000,-1,0,0,0,,,,,,,,
378,1782597809992,36501,-1,0,0,0,0,0,75,77,10,0,67,141.1,0,-18,4,-999,-1,0,0,0,,,,,,,,
379,1782597810140,36649,-1,0,0,0,0,0,75,77,10,0,67,140.84,0,-20,5,-999,-1,0,0,0,,,,,,,,
380,1782597810210,36719,-1,0,0,0,0,0,75,77,10,0,67,140.89,0,-18,8,-999,-1,0,0,0,,,,,,,,
381,1782597810302,36811,-1,0,0,0,0,0,75,77,10,0,67,140.85,0,-15,2,-1000,-1,0,0,0,,,,,,,,
382,1782597810390,36899,-1,0,0,0,0,0,75,77,10,0,67,141.07,0,-19,7,-1001,-1,0,0,0,,,,,,,,
383,1782597810482,36991,-1,0,0,0,0,0,75,77,10,0,67,140.97,0,-17,3,-1001,-1,0,0,0,,,,,,,,
384,1782597810569,37078,-1,0,0,0,0,0,75,77,10,0,67,140.81,0,-18,1,-1000,-1,0,0,0,,,,,,,,
385,1782597810750,37259,-1,0,0,0,0,0,75,77,10,0,67,140.81,0,-16,6,-1001,-1,0,0,0,,,,,,,,
386,1782597810777,37286,-1,0,0,0,0,0,75,77,10,0,67,141.05,0,-16,4,-999,-1,0,0,0,,,,,,,,
387,1782597810880,37389,-1,0,0,0,0,0,75,77,10,0,67,140.97,0,-18,5,-998,-1,0,0,0,,,,,,,,
388,1782597810941,37450,-1,0,0,0,0,0,75,77,10,0,67,140.87,0,-19,6,-1000,-1,0,0,0,,,,,,,,
389,1782597811035,37544,-1,0,0,0,0,0,75,77,10,0,67,140.96,0,-17,2,-999,-1,0,0,0,,,,,,,,
390,1782597811094,37603,-1,0,0,0,0,0,75,77,10,0,66,141.05,0,-16,5,-1002,-1,0,0,0,,,,,,,,
391,1782597811184,37693,-1,0,0,0,0,0,75,77,10,0,66,140.9,0,-18,3,-999,-1,0,0,0,,,,,,,,
392,1782597811280,37789,-1,0,0,0,0,0,75,77,10,0,66,140.92,0,-20,5,-998,-1,0,0,0,,,,,,,,
393,1782597811368,37877,-1,0,0,0,0,0,75,77,10,0,66,140.93,0,-18,6,-1002,-1,0,0,0,,,,,,,,
394,1782597811462,37971,-1,0,0,0,0,0,75,77,10,0,66,140.9,0,-17,2,-999,-1,0,0,0,,,,,,,,
395,1782597811555,38064,-1,0,0,0,0,0,75,77,10,0,66,141.11,0,-15,8,-1002,-1,0,0,0,,,,,,,,
396,1782597811645,38154,-1,0,0,0,0,0,75,77,10,0,66,141.08,0,-18,3,-999,-1,0,0,0,,,,,,,,
397,1782597811786,38295,-1,0,0,0,0,0,75,77,10,0,66,141,0,-16,2,-1001,-1,0,0,0,,,,,,,,
398,1782597811845,38354,-1,0,0,0,0,0,75,77,10,0,66,140.97,0,-18,7,-999,-1,0,0,0,,,,,,,,
399,1782597811927,38436,-1,0,0,0,0,0,75,77,10,0,66,140.96,0,-15,2,-1001,-1,0,0,0,,,,,,,,
400,1782597812021,38530,-1,0,0,0,0,0,75,77,10,0,66,140.95,0,-19,6,-1000,-1,0,0,0,,,,,,,,
401,1782597812119,38628,-1,0,0,0,0,0,75,77,10,0,66,140.83,0,-18,6,-1001,-1,0,0,0,,,,,,,,
402,1782597812215,38724,-1,0,0,0,0,0,75,77,10,0,66,140.8,0,-17,4,-998,-1,0,0,0,,,,,,,,
403,1782597812386,38895,-1,0,0,0,0,0,75,77,10,0,66,140.84,0,-19,4,-997,-1,0,0,0,,,,,,,,
404,1782597812451,38960,-1,0,0,0,0,0,75,77,10,0,66,140.9,0,-20,4,-997,-1,0,0,0,,,,,,,,
405,1782597812524,39033,-1,0,0,0,0,0,75,77,10,0,66,141.02,0,-17,4,-999,-1,0,0,0,,,,,,,,
406,1782597812621,39130,-1,0,0,0,0,0,75,77,10,0,66,140.98,0,-17,4,-1003,-1,0,0,0,,,,,,,,
407,1782597812685,39194,-1,0,0,0,0,0,75,77,10,0,66,140.69,0,-19,4,-997,-1,0,0,0,,,,,,,,
408,1782597812907,39416,-1,0,0,0,0,0,76,78,10,0,66,140.92,0,-17,7,-998,-1,0,0,0,,,,,,,,
409,1782597812936,39445,-1,0,0,0,0,0,76,78,10,0,66,140.99,0,-15,5,-999,-1,0,0,0,,,,,,,,
410,1782597812995,39504,-1,0,0,0,0,0,76,78,10,0,66,140.84,0,-17,4,-998,-1,0,0,0,,,,,,,,
411,1782597813074,39583,-1,0,0,0,0,0,76,78,10,0,66,141.23,0,-16,5,-1000,-1,0,0,0,,,,,,,,
412,1782597813184,39693,-1,0,0,0,0,0,76,78,10,0,66,140.82,0,-18,3,-999,-1,0,0,0,,,,,,,,
413,1782597813276,39785,-1,0,0,0,0,0,76,78,10,0,66,140.99,0,-19,5,-999,-1,0,0,0,,,,,,,,
414,1782597813370,39879,-1,0,0,0,0,0,76,78,10,0,66,140.73,0,-17,8,-999,-1,0,0,0,,,,,,,,
415,1782597813465,39974,-1,0,0,0,0,0,76,78,10,0,66,140.89,0,-17,2,-1000,-1,0,0,0,,,,,,,,
416,1782597813560,40069,-1,0,0,0,0,0,76,78,10,0,66,140.89,0,-17,4,-1001,-1,0,0,0,,,,,,,,
417,1782597813656,40165,-1,0,0,0,0,0,76,78,10,0,66,141,0,-18,5,-1001,-1,0,0,0,,,,,,,,
418,1782597813759,40268,-1,0,0,0,0,0,76,78,10,0,66,140.94,0,-15,3,-996,-1,0,0,0,,,,,,,,
419,1782597813851,40360,-1,0,0,0,0,0,76,78,10,0,66,141.16,0,-16,7,-999,-1,0,0,0,,,,,,,,
420,1782597814004,40513,-1,0,0,0,0,0,76,78,10,0,66,140.57,0,-19,2,-998,-1,0,0,0,,,,,,,,
421,1782597814066,40575,-1,0,0,0,0,0,76,78,10,0,66,141.12,0,-14,5,-998,-1,0,0,0,,,,,,,,
422,1782597814146,40655,-1,0,0,0,0,0,76,78,10,0,66,140.83,0,-17,5,-997,-1,0,0,0,,,,,,,,
423,1782597814242,40751,-1,0,0,0,0,0,76,78,10,0,66,140.75,0,-17,3,-999,-1,0,0,0,,,,,,,,
424,1782597814350,40859,-1,0,0,0,0,0,76,78,10,0,66,140.99,0,-17,4,-999,-1,0,0,0,,,,,,,,
425,1782597814497,41006,-1,0,0,0,0,0,76,78,10,0,66,140.79,0,-20,3,-1000,-1,0,0,0,,,,,,,,
426,1782597814514,41023,-1,0,0,0,0,0,76,78,10,0,66,141,0,-18,4,-999,-1,0,0,0,,,,,,,,
427,1782597814593,41102,-1,0,0,0,0,0,76,78,10,0,66,140.72,0,-18,3,-999,-1,0,0,0,,,,,,,,
428,1782597814697,41206,-1,0,0,0,0,0,76,78,10,0,66,140.81,0,-20,7,-1001,-1,0,0,0,,,,,,,,
429,1782597814792,41301,-1,0,0,0,0,0,76,78,10,0,66,141.33,0,-17,1,-998,-1,0,0,0,,,,,,,,
430,1782597814886,41395,-1,0,0,0,0,0,76,78,10,0,66,141.09,0,-18,8,-1004,-1,0,0,0,,,,,,,,
431,1782597814980,41489,-1,0,0,0,0,0,76,78,10,0,66,140.91,0,-17,1,-994,-1,0,0,0,,,,,,,,
432,1782597815121,41630,-1,0,0,0,0,0,76,78,10,0,66,140.97,0,-14,5,-1002,-1,0,0,0,,,,,,,,
433,1782597815173,41682,-1,0,0,0,0,0,76,78,10,0,66,140.82,0,-17,5,-999,-1,0,0,0,,,,,,,,
434,1782597815266,41775,-1,0,0,0,0,0,76,78,10,0,66,141.22,0,-18,2,-999,-1,0,0,0,,,,,,,,
435,1782597815360,41869,-1,0,0,0,0,0,76,78,10,0,66,140.97,0,-16,4,-1002,-1,0,0,0,,,,,,,,
436,1782597815456,41965,-1,0,0,0,0,0,76,78,10,0,66,141.21,0,-18,5,-1000,-1,0,0,0,,,,,,,,
437,1782597815553,42062,-1,0,0,0,0,0,76,78,10,0,66,141.12,0,-15,4,-998,-1,0,0,0,,,,,,,,
438,1782597815710,42219,-1,0,0,0,0,0,76,79,10,0,66,140.93,0,-19,4,-999,-1,0,0,0,,,,,,,,
439,1782597815775,42284,-1,0,0,0,0,0,76,79,10,0,66,140.99,0,-17,5,-997,-1,0,0,0,,,,,,,,
440,1782597815859,42368,-1,0,0,0,0,0,76,79,10,0,66,140.99,0,-15,4,-1000,-1,0,0,0,,,,,,,,
441,1782597815960,42469,-1,0,0,0,0,0,76,79,10,0,66,141.12,0,-20,2,-1001,-1,0,0,0,,,,,,,,
442,1782597816043,42552,-1,0,0,0,0,0,76,79,10,0,66,140.86,0,-18,4,-1000,-1,0,0,0,,,,,,,,
443,1782597816189,42698,-1,0,0,0,0,0,76,79,10,0,66,140.98,0,-17,4,-1004,-1,0,0,0,,,,,,,,
444,1782597816250,42759,-1,0,0,0,0,0,76,79,10,0,66,141.12,0,-19,5,-999,-1,0,0,0,,,,,,,,
445,1782597816339,42848,-1,0,0,0,0,0,76,79,10,0,66,140.76,0,-18,5,-1001,-1,0,0,0,,,,,,,,
446,1782597816381,42890,-1,0,0,0,0,0,76,79,10,0,66,140.84,0,-18,5,-999,-1,0,0,0,,,,,,,,
447,1782597816477,42986,-1,0,0,0,0,0,76,79,10,0,66,140.85,0,-18,2,-1001,-1,0,0,0,,,,,,,,
448,1782597816624,43133,-1,0,0,0,0,0,76,79,10,0,66,141.01,0,-17,4,-1000,-1,0,0,0,,,,,,,,
449,1782597816813,43322,-1,0,0,0,0,0,76,79,10,0,66,140.94,0,-17,7,-1000,-1,0,0,0,,,,,,,,
450,1782597816849,43358,-1,0,0,0,0,0,76,79,10,0,66,140.84,0,-17,4,-1002,-1,0,0,0,,,,,,,,
451,1782597816891,43400,-1,0,0,0,0,0,76,79,10,0,66,141.08,0,-17,3,-998,-1,0,0,0,,,,,,,,
452,1782597816972,43481,-1,0,0,0,0,0,76,79,10,0,66,140.9,0,-17,4,-999,-1,0,0,0,,,,,,,,
453,1782597817068,43577,-1,0,0,0,0,0,76,79,10,0,66,140.89,0,-19,4,-998,-1,0,0,0,,,,,,,,
454,1782597817165,43674,-1,0,0,0,0,0,76,79,10,0,66,140.71,0,-17,4,-995,-1,0,0,0,,,,,,,,
455,1782597817261,43770,-1,0,0,0,0,0,76,79,10,0,66,140.92,0,-17,4,-1002,-1,0,0,0,,,,,,,,
456,1782597817361,43870,-1,0,0,0,0,0,76,79,10,0,66,140.95,0,-19,5,-1000,-1,0,0,0,,,,,,,,
457,1782597817455,43964,-1,0,0,0,0,0,76,79,10,0,66,141.18,0,-16,2,-997,-1,0,0,0,,,,,,,,
458,1782597817551,44060,-1,0,0,0,0,0,76,79,10,0,66,141.03,0,-18,5,-1002,-1,0,0,0,,,,,,,,
459,1782597817656,44165,-1,0,0,0,0,0,76,79,10,0,66,141.07,0,-16,4,-1000,-1,0,0,0,,,,,,,,
460,1782597817756,44265,-1,0,0,0,0,0,76,79,10,0,66,140.99,0,-17,5,-1003,-1,0,0,0,,,,,,,,
461,1782597817854,44363,-1,0,0,0,0,0,76,79,10,0,66,141.04,0,-19,3,-996,-1,0,0,0,,,,,,,,
462,1782597817999,44508,-1,0,0,0,0,0,76,79,10,0,66,141.11,0,-17,4,-1000,-1,0,0,0,,,,,,,,
463,1782597818064,44573,-1,0,0,0,0,0,76,79,10,0,66,140.78,0,-17,5,-1000,-1,0,0,0,,,,,,,,
464,1782597818139,44648,-1,0,0,0,0,0,76,79,10,0,66,140.85,0,-17,3,-1001,-1,0,0,0,,,,,,,,
465,1782597818271,44780,-1,0,0,0,0,0,76,79,10,0,66,141.17,0,-18,4,-1003,-1,0,0,0,,,,,,,,
466,1782597818315,44824,-1,0,0,0,0,0,76,79,10,0,66,140.94,0,-19,3,-1000,-1,0,0,0,,,,,,,,
467,1782597818395,44904,-1,0,0,0,0,0,76,79,10,0,66,141.1,0,-16,3,-1003,-1,0,0,0,,,,,,,,
468,1782597818492,45001,-1,0,0,0,0,0,76,79,10,0,66,140.9,0,-17,5,-997,-1,0,0,0,,,,,,,,
469,1782597818588,45097,-1,0,0,0,0,0,76,79,10,0,66,141.02,0,-16,4,-1000,-1,0,0,0,,,,,,,,
470,1782597818683,45192,-1,0,0,0,0,0,76,79,10,0,66,140.69,0,-17,6,-999,-1,0,0,0,,,,,,,,
471,1782597818814,45323,-1,0,0,0,0,0,76,79,10,0,66,141.02,0,-16,5,-1000,-1,0,0,0,,,,,,,,
472,1782597818891,45400,-1,0,0,0,0,0,76,79,10,0,66,140.93,0,-16,4,-999,-1,0,0,0,,,,,,,,
473,1782597818993,45502,-1,0,0,0,0,0,76,79,10,0,66,141.2,0,-17,3,-1000,-1,0,0,0,,,,,,,,
474,1782597819090,45599,-1,0,0,0,0,0,76,79,10,0,66,140.75,0,-18,5,-998,-1,0,0,0,,,,,,,,
475,1782597819185,45694,-1,0,0,0,0,0,76,79,10,0,66,140.87,0,-19,3,-998,-1,0,0,0,,,,,,,,
476,1782597819329,45838,-1,0,0,0,0,0,76,79,10,0,66,141.17,0,-19,4,-1001,-1,0,0,0,,,,,,,,
477,1782597819390,45899,-1,0,0,0,0,0,76,79,10,0,66,140.91,0,-19,4,-1000,-1,0,0,0,,,,,,,,
478,1782597819470,45979,-1,0,0,0,0,0,77,79,10,0,66,140.9,0,-17,3,-998,-1,0,0,0,,,,,,,,
479,1782597819564,46073,-1,0,0,0,0,0,77,79,10,0,66,140.87,0,-17,6,-1001,-1,0,0,0,,,,,,,,
480,1782597819662,46171,-1,0,0,0,0,0,77,79,10,0,66,140.84,0,-20,5,-1002,-1,0,0,0,,,,,,,,
481,1782597819781,46290,-1,0,0,0,0,0,77,79,10,0,66,140.89,0,-20,2,-1000,-1,0,0,0,,,,,,,,
482,1782597819841,46350,-1,0,0,0,0,0,77,79,10,0,66,141.23,0,-17,4,-1002,-1,0,0,0,,,,,,,,
483,1782597819938,46447,-1,0,0,0,0,0,77,79,10,0,66,140.92,0,-18,5,-1000,-1,0,0,0,,,,,,,,
484,1782597820034,46543,-1,0,0,0,0,0,77,79,10,0,66,140.85,0,-18,6,-1001,-1,0,0,0,,,,,,,,
485,1782597820131,46640,-1,0,0,0,0,0,77,79,10,0,66,140.67,0,-17,3,-998,-1,0,0,0,,,,,,,,
486,1782597820228,46737,-1,0,0,0,0,0,77,79,10,0,66,141.01,0,-16,4,-999,-1,0,0,0,,,,,,,,
487,1782597820333,46842,-1,0,0,0,0,0,77,79,10,0,66,140.91,0,-17,5,-999,-1,0,0,0,,,,,,,,
488,1782597820421,46930,-1,0,0,0,0,0,77,80,10,0,66,141.13,0,-19,4,-1001,-1,0,0,0,,,,,,,,
489,1782597820517,47026,-1,0,0,0,0,0,77,80,10,0,66,140.54,0,-18,4,-1000,-1,0,0,0,,,,,,,,
490,1782597820616,47125,-1,0,0,0,0,0,77,80,10,0,66,141.1,0,-17,4,-998,-1,0,0,0,,,,,,,,
491,1782597820725,47234,-1,0,0,0,0,0,77,80,10,0,66,140.86,0,-17,4,-1000,-1,0,0,0,,,,,,,,
492,1782597820826,47335,-1,0,0,0,0,0,77,80,10,0,66,140.92,0,-17,2,-1002,-1,0,0,0,,,,,,,,
493,1782597820935,47444,-1,0,0,0,0,0,77,80,10,0,66,141.26,0,-17,4,-999,-1,0,0,0,,,,,,,,
494,1782597820960,47469,-1,0,0,0,0,0,77,80,10,0,66,140.76,0,-18,3,-1000,-1,0,0,0,,,,,,,,
495,1782597821053,47562,-1,0,0,0,0,0,77,80,10,0,66,140.54,0,-18,4,-1003,-1,0,0,0,,,,,,,,
496,1782597821149,47658,-1,0,0,0,0,0,77,80,10,0,66,141.29,0,-17,5,-1000,-1,0,0,0,,,,,,,,
497,1782597821250,47759,-1,0,0,0,0,0,77,80,10,0,66,140.79,0,-18,3,-1000,-1,0,0,0,,,,,,,,
498,1782597821357,47866,-1,0,0,0,0,0,77,79,10,0,66,141.22,0,-17,3,-998,-1,0,0,0,,,,,,,,
499,1782597821465,47974,-1,0,0,0,0,0,77,79,10,0,66,140.79,0,-16,4,-1001,-1,0,0,0,,,,,,,,
500,1782597821546,48055,-1,0,0,0,0,0,77,79,10,0,66,141,0,-19,4,-997,-1,0,0,0,,,,,,,,
501,1782597821640,48149,-1,0,0,0,0,0,77,79,10,0,66,140.89,0,-15,0,-998,-1,0,0,0,,,,,,,,
502,1782597821731,48240,-1,0,0,0,0,0,77,79,10,0,66,140.85,0,-19,6,-997,-1,0,0,0,,,,,,,,
503,1782597821830,48339,-1,0,0,0,0,0,77,79,10,0,66,140.86,0,-16,3,-999,-1,0,0,0,,,,,,,,
504,1782597821924,48433,-1,0,0,0,0,0,77,79,10,0,66,140.92,0,-17,3,-999,-1,0,0,0,,,,,,,,
505,1782597822093,48602,-1,0,0,0,0,0,77,79,10,0,66,140.96,0,-18,5,-999,-1,0,0,0,,,,,,,,
506,1782597822156,48665,-1,0,0,0,0,0,77,79,10,0,66,141.16,0,-17,3,-1000,-1,0,0,0,,,,,,,,
507,1782597822201,48710,-1,0,0,0,0,0,77,79,10,0,66,140.63,0,-18,6,-1001,-1,0,0,0,,,,,,,,
508,1782597822337,48846,-1,0,0,0,0,0,77,80,10,0,66,140.7,0,-17,3,-998,-1,0,0,0,,,,,,,,
509,1782597822375,48884,-1,0,0,0,0,0,77,80,10,0,66,141.09,0,-18,5,-997,-1,0,0,0,,,,,,,,
510,1782597822473,48982,-1,0,0,0,0,0,77,80,10,0,66,140.74,0,-15,0,-999,-1,0,0,0,,,,,,,,
511,1782597822579,49088,-1,0,0,0,0,0,77,80,10,0,66,140.9,0,-17,4,-997,-1,0,0,0,,,,,,,,
512,1782597822665,49174,-1,0,0,0,0,0,77,80,10,0,66,141,0,-20,7,-1000,-1,0,0,0,,,,,,,,
513,1782597824941,51450,-1,0,0,0,0,0,77,80,10,0,66,140.99,0,-17,2,-999,-1,0,0,0,,,,,,,,
514,1782597825036,51545,-1,0,0,0,0,0,77,80,10,0,66,140.76,0,-17,8,-1000,-1,0,0,0,,,,,,,,
515,1782597825129,51638,-1,0,0,0,0,0,77,80,10,0,66,140.67,0,-19,2,-997,-1,0,0,0,,,,,,,,
516,1782597825227,51736,-1,0,0,0,0,0,77,80,10,0,66,141.04,0,-18,5,-999,-1,0,0,0,,,,,,,,
517,1782597825391,51900,-1,0,0,0,0,0,77,80,10,0,66,140.99,0,-19,3,-998,-1,0,0,0,,,,,,,,
518,1782597825440,51949,-1,0,0,0,0,0,77,80,10,0,66,140.89,0,-17,3,-996,-1,0,0,0,,,,,,,,
519,1782597825527,52036,-1,0,0,0,0,0,77,80,10,0,66,140.84,0,-18,4,-1000,-1,0,0,0,,,,,,,,
520,1782597825611,52120,-1,0,0,0,0,0,77,80,10,0,66,140.92,0,-18,3,-1002,-1,0,0,0,,,,,,,,
521,1782597825701,52210,-1,0,0,0,0,0,77,80,10,0,66,140.9,0,-17,2,-1001,-1,0,0,0,,,,,,,,
522,1782597825797,52306,-1,0,0,0,0,0,77,80,10,0,66,140.84,0,-18,5,-1001,-1,0,0,0,,,,,,,,
523,1782597825923,52432,-1,0,0,0,0,0,77,80,10,0,66,141.08,0,-16,5,-1000,-1,0,0,0,,,,,,,,
524,1782597825990,52499,-1,0,0,0,0,0,77,80,10,0,66,141.06,0,-17,1,-1000,-1,0,0,0,,,,,,,,
525,1782597826086,52595,-1,0,0,0,0,0,77,80,10,0,66,140.72,0,-16,5,-1004,-1,0,0,0,,,,,,,,
526,1782597826187,52696,-1,0,0,0,0,0,77,80,10,0,66,141.05,0,-16,3,-1000,-1,0,0,0,,,,,,,,
527,1782597826291,52800,-1,0,0,0,0,0,77,80,10,0,66,140.97,0,-15,2,-1001,-1,0,0,0,,,,,,,,
528,1782597826390,52899,-1,0,0,0,0,0,78,80,10,0,66,140.92,0,-16,5,-1002,-1,0,0,0,,,,,,,,
529,1782597826486,52995,-1,0,0,0,0,0,78,80,10,0,66,141.05,0,-19,2,-1000,-1,0,0,0,,,,,,,,
530,1782597826601,53110,-1,0,0,0,0,0,78,80,10,0,66,140.81,0,-19,3,-1003,-1,0,0,0,,,,,,,,
531,1782597826678,53187,-1,0,0,0,0,0,78,80,10,0,66,141.08,0,-19,5,-999,-1,0,0,0,,,,,,,,
532,1782597826723,53232,-1,0,0,0,0,0,78,80,10,0,66,140.86,0,-17,4,-999,-1,0,0,0,,,,,,,,
533,1782597826934,53443,-1,0,0,0,0,0,78,80,10,0,66,141.05,0,-18,4,-997,-1,0,0,0,,,,,,,,
534,1782597826962,53471,-1,0,0,0,0,0,78,80,10,0,66,140.59,0,-17,3,-999,-1,0,0,0,,,,,,,,
535,1782597827059,53568,-1,0,0,0,0,0,78,80,10,0,66,140.81,0,-20,5,-1000,-1,0,0,0,,,,,,,,
536,1782597827122,53631,-1,0,0,0,0,0,78,80,10,0,66,140.65,0,-16,4,-1000,-1,0,0,0,,,,,,,,
537,1782597827219,53728,-1,0,0,0,0,0,78,80,10,0,66,140.88,0,-16,5,-998,-1,0,0,0,,,,,,,,
538,1782597827316,53825,-1,0,0,0,0,0,78,80,10,0,66,140.82,0,-17,3,-999,-1,0,0,0,,,,,,,,
539,1782597827420,53929,-1,0,0,0,0,0,78,80,10,0,66,141.01,0,-16,3,-998,-1,0,0,0,,,,,,,,
540,1782597827522,54031,-1,0,0,0,0,0,78,80,10,0,66,140.88,0,-18,4,-998,-1,0,0,0,,,,,,,,
541,1782597827618,54127,-1,0,0,0,0,0,78,80,10,0,66,140.91,0,-17,4,-1002,-1,0,0,0,,,,,,,,
542,1782597827716,54225,-1,0,0,0,0,0,78,80,10,0,66,141.15,0,-17,4,-998,-1,0,0,0,,,,,,,,
543,1782597827807,54316,-1,0,0,0,0,0,78,80,10,0,66,140.57,0,-17,3,-1001,-1,0,0,0,,,,,,,,
544,1782597827902,54411,-1,0,0,0,0,0,78,80,10,0,66,140.59,0,-17,3,-1000,-1,0,0,0,,,,,,,,
545,1782597828115,54624,-1,0,0,0,0,0,78,80,10,0,66,140.89,0,-19,2,-999,-1,0,0,0,,,,,,,,
546,1782597828133,54642,-1,0,0,0,0,0,78,80,10,0,66,140.95,0,-18,3,-999,-1,0,0,0,,,,,,,,
547,1782597828176,54685,-1,0,0,0,0,0,78,80,10,0,66,140.73,0,-18,5,-998,-1,0,0,0,,,,,,,,
548,1782597828268,54777,-1,0,0,0,0,0,78,81,10,0,66,140.57,0,-20,5,-996,-1,0,0,0,,,,,,,,
549,1782597828346,54855,-1,0,0,0,0,0,78,81,10,0,66,140.87,0,-18,4,-999,-1,0,0,0,,,,,,,,
550,1782597828443,54952,-1,0,0,0,0,0,78,81,10,0,66,140.7,0,-17,5,-999,-1,0,0,0,,,,,,,,
551,1782597828540,55049,-1,0,0,0,0,0,78,81,10,0,66,140.7,0,-16,2,-1001,-1,0,0,0,,,,,,,,
552,1782597828636,55145,-1,0,0,0,0,0,78,81,10,0,66,140.71,0,-16,6,-999,-1,0,0,0,,,,,,,,
553,1782597828732,55241,-1,0,0,0,0,0,78,81,10,0,66,140.89,0,-19,5,-999,-1,0,0,0,,,,,,,,
554,1782597828832,55341,-1,0,0,0,0,0,78,81,10,0,66,140.91,0,-16,3,-998,-1,0,0,0,,,,,,,,
555,1782597828936,55445,-1,0,0,0,0,0,78,81,10,0,66,140.78,0,-17,6,-1000,-1,0,0,0,,,,,,,,
556,1782597829034,55543,-1,0,0,0,0,0,78,81,10,0,66,141.22,0,-18,3,-1000,-1,0,0,0,,,,,,,,
557,1782597829129,55638,-1,0,0,0,0,0,78,81,10,0,66,140.61,0,-19,3,-998,-1,0,0,0,,,,,,,,
558,1782597829310,55819,-1,0,0,0,0,0,78,81,10,0,66,140.75,0,-18,3,-1001,-1,0,0,0,,,,,,,,
559,1782597829318,55827,-1,0,0,0,0,0,78,81,10,0,66,140.74,0,-17,6,-999,-1,0,0,0,,,,,,,,
560,1782597829419,55928,-1,0,0,0,0,0,78,81,10,0,66,140.8,0,-17,2,-1001,-1,0,0,0,,,,,,,,
561,1782597829507,56016,-1,0,0,0,0,0,78,81,10,0,66,140.8,0,-17,4,-1002,-1,0,0,0,,,,,,,,
562,1782597829603,56112,-1,0,0,0,0,0,78,81,10,0,66,140.63,0,-16,4,-999,-1,0,0,0,,,,,,,,
563,1782597829699,56208,-1,0,0,0,0,0,78,81,10,0,66,140.81,0,-18,4,-999,-1,0,0,0,,,,,,,,
564,1782597829794,56303,-1,0,0,0,0,0,78,81,10,0,66,140.79,0,-17,4,-997,-1,0,0,0,,,,,,,,
565,1782597829888,56397,-1,0,0,0,0,0,78,81,10,0,66,140.78,0,-19,7,-1001,-1,0,0,0,,,,,,,,
566,1782597829980,56489,-1,0,0,0,0,0,78,81,10,0,66,140.76,0,-17,1,-1003,-1,0,0,0,,,,,,,,
567,1782597830075,56584,-1,0,0,0,0,0,78,81,10,0,66,140.91,0,-16,11,-1001,-1,0,0,0,,,,,,,,
568,1782597830167,56676,-1,0,0,0,0,0,78,81,10,0,66,140.61,0,-16,1,-1000,-1,0,0,0,,,,,,,,
569,1782597830263,56772,-1,0,0,0,0,0,78,81,10,0,66,140.73,0,-16,0,-1000,-1,0,0,0,,,,,,,,
570,1782597830415,56924,-1,0,0,0,0,0,78,81,10,0,66,140.97,0,-18,7,-1001,-1,0,0,0,,,,,,,,
571,1782597830469,56978,-1,0,0,0,0,0,78,81,10,0,66,140.98,0,-16,3,-1002,-1,0,0,0,,,,,,,,
572,1782597830547,57056,-1,0,0,0,0,0,78,81,10,0,66,141.08,0,-17,3,-998,-1,0,0,0,,,,,,,,
573,1782597830645,57154,-1,0,0,0,0,0,78,81,10,0,66,140.89,0,-18,6,-1000,-1,0,0,0,,,,,,,,
574,1782597830738,57247,-1,0,0,0,0,0,78,81,10,0,66,140.87,0,-18,1,-1000,-1,0,0,0,,,,,,,,
575,1782597830866,57375,-1,0,0,0,0,0,78,81,10,0,66,141.02,0,-20,5,-999,-1,0,0,0,,,,,,,,
576,1782597830954,57463,-1,0,0,0,0,0,78,81,10,0,66,140.87,0,-17,6,-999,-1,0,0,0,,,,,,,,
577,1782597831024,57533,-1,0,0,0,0,0,78,81,10,0,66,140.8,0,-17,3,-1002,-1,0,0,0,,,,,,,,
578,1782597831121,57630,-1,0,0,0,0,0,78,81,10,0,66,140.79,0,-16,5,-999,-1,0,0,0,,,,,,,,
579,1782597831217,57726,-1,0,0,0,0,0,78,81,10,0,66,140.65,0,-16,5,-999,-1,0,0,0,,,,,,,,
580,1782597831313,57822,-1,0,0,0,0,0,78,81,10,0,66,140.65,0,-17,1,-1000,-1,0,0,0,,,,,,,,
581,1782597831453,57962,-1,0,0,0,0,0,78,81,10,0,66,140.98,0,-17,9,-999,-1,0,0,0,,,,,,,,
582,1782597831517,58026,-1,0,0,0,0,0,78,81,10,0,66,140.77,0,-17,1,-1001,-1,0,0,0,,,,,,,,
583,1782597831614,58123,-1,0,0,0,0,0,78,81,10,0,66,140.69,0,-18,4,-998,-1,0,0,0,,,,,,,,
584,1782597831710,58219,-1,0,0,0,0,0,78,81,10,0,66,140.85,0,-18,7,-996,-1,0,0,0,,,,,,,,
585,1782597831804,58313,-1,0,0,0,0,0,78,81,10,0,66,140.84,0,-19,1,-997,-1,0,0,0,,,,,,,,
586,1782597831909,58418,-1,0,0,0,0,0,78,81,10,0,66,140.6,0,-22,4,-999,-1,0,0,0,,,,,,,,
587,1782597832028,58537,-1,0,0,0,0,0,78,81,10,0,66,140.98,0,-17,4,-1003,-1,0,0,0,,,,,,,,
588,1782597832087,58596,-1,0,0,0,0,0,79,81,10,0,66,140.99,0,-16,2,-997,-1,0,0,0,,,,,,,,
589,1782597832157,58666,-1,0,0,0,0,0,79,81,10,0,66,140.79,0,-19,8,-1001,-1,0,0,0,,,,,,,,
590,1782597832253,58762,-1,0,0,0,0,0,79,81,10,0,66,140.83,0,-16,3,-1001,-1,0,0,0,,,,,,,,
591,1782597832350,58859,-1,0,0,0,0,0,79,81,10,0,66,141.12,0,-15,2,-1001,-1,0,0,0,,,,,,,,
592,1782597832446,58955,-1,0,0,0,0,0,79,81,10,0,66,141.08,0,-20,0,-998,-1,0,0,0,,,,,,,,
593,1782597832551,59060,-1,0,0,0,0,0,79,81,10,0,66,140.9,0,-17,4,-998,-1,0,0,0,,,,,,,,
594,1782597832698,59207,-1,0,0,0,0,0,79,81,10,0,66,140.58,0,-19,5,-999,-1,0,0,0,,,,,,,,
595,1782597832763,59272,-1,0,0,0,0,0,79,81,10,0,66,140.44,0,-15,8,-999,-1,0,0,0,,,,,,,,
596,1782597832842,59351,-1,0,0,0,0,0,79,81,10,0,66,140.87,0,-15,3,-1000,-1,0,0,0,,,,,,,,
597,1782597832936,59445,-1,0,0,0,0,0,79,81,10,0,66,141.03,0,-21,0,-1001,-1,0,0,0,,,,,,,,
598,1782597833030,59539,-1,0,0,0,0,0,79,81,10,0,66,140.93,0,-19,8,-998,-1,0,0,0,,,,,,,,
599,1782597833125,59634,-1,0,0,0,0,0,79,81,10,0,66,140.74,0,-17,3,-1000,-1,0,0,0,,,,,,,,
600,1782597833303,59812,-1,0,0,0,0,0,79,81,10,0,66,141.12,0,-20,4,-1000,-1,0,0,0,,,,,,,,
601,1782597833318,59827,-1,0,0,0,0,0,79,81,10,0,66,140.71,0,-15,2,-1002,-1,0,0,0,,,,,,,,
602,1782597833415,59924,-1,0,0,0,0,0,79,81,10,0,66,140.87,0,-19,3,-998,-1,0,0,0,,,,,,,,
603,1782597833506,60015,-1,0,0,0,0,0,79,81,10,0,66,140.67,0,-18,4,-999,-1,0,0,0,,,,,,,,
604,1782597833598,60107,-1,0,0,0,0,0,79,81,10,0,66,140.99,0,-15,6,-1000,-1,0,0,0,,,,,,,,
605,1782597833692,60201,-1,0,0,0,0,0,79,81,10,0,66,140.67,0,-18,1,-997,-1,0,0,0,,,,,,,,
606,1782597833786,60295,-1,0,0,0,0,0,79,81,10,0,66,141,0,-18,6,-1000,-1,0,0,0,,,,,,,,
607,1782597833885,60394,-1,0,0,0,0,0,79,81,10,0,66,140.46,0,-17,2,-999,-1,0,0,0,,,,,,,,
608,1782597833977,60486,-1,0,0,0,0,0,79,81,10,0,66,140.64,0,-20,3,-1001,-1,0,0,0,,,,,,,,
609,1782597834073,60582,-1,0,0,0,0,0,79,81,10,0,66,140.8,0,-17,4,-1000,-1,0,0,0,,,,,,,,
610,1782597834169,60678,-1,0,0,0,0,0,79,81,10,0,66,140.7,0,-18,3,-998,-1,0,0,0,,,,,,,,
611,1782597834232,60741,-1,0,0,0,0,0,79,81,10,0,66,140.74,0,-18,4,-1002,-1,0,0,0,,,,,,,,
612,1782597834369,60878,-1,0,0,0,0,0,79,81,10,0,66,141.01,0,-17,3,-1001,-1,0,0,0,,,,,,,,
613,1782597834436,60945,-1,0,0,0,0,0,79,81,10,0,66,140.71,0,-16,4,-1000,-1,0,0,0,,,,,,,,
614,1782597834510,61019,-1,0,0,0,0,0,79,81,10,0,66,140.9,0,-20,5,-1001,-1,0,0,0,,,,,,,,
615,1782597834609,61118,-1,0,0,0,0,0,79,81,10,0,66,141.11,0,-20,1,-999,-1,0,0,0,,,,,,,,
616,1782597834703,61212,-1,0,0,0,0,0,79,81,10,0,66,140.74,0,-18,3,-1001,-1,0,0,0,,,,,,,,
617,1782597834802,61311,-1,0,0,0,0,0,79,81,10,0,66,141.05,0,-16,5,-997,-1,0,0,0,,,,,,,,
618,1782597834927,61436,-1,0,0,0,0,0,79,82,10,0,66,140.82,0,-22,1,-997,-1,0,0,0,,,,,,,,
619,1782597835023,61532,-1,0,0,0,0,0,79,82,10,0,66,140.7,0,-20,3,-1002,-1,0,0,0,,,,,,,,
620,1782597835107,61616,-1,0,0,0,0,0,79,82,10,0,66,140.94,0,-18,4,-998,-1,0,0,0,,,,,,,,
621,1782597835206,61715,-1,0,0,0,0,0,79,82,10,0,66,141.19,0,-20,3,-1004,-1,0,0,0,,,,,,,,
622,1782597835298,61807,-1,0,0,0,0,0,79,82,10,0,66,140.8,0,-18,6,-1000,-1,0,0,0,,,,,,,,
623,1782597835394,61903,-1,0,0,0,0,0,79,82,10,0,66,140.72,0,-16,4,-999,-1,0,0,0,,,,,,,,
624,1782597835488,61997,-1,0,0,0,0,0,79,82,10,0,66,140.98,0,-20,6,-999,-1,0,0,0,,,,,,,,
625,1782597835579,62088,-1,0,0,0,0,0,79,82,10,0,66,140.91,0,-18,0,-1001,-1,0,0,0,,,,,,,,
626,1782597835675,62184,-1,0,0,0,0,0,79,82,10,0,66,140.99,0,-17,7,-997,-1,0,0,0,,,,,,,,
627,1782597835772,62281,-1,0,0,0,0,0,79,82,10,0,66,140.99,0,-13,3,-999,-1,0,0,0,,,,,,,,
628,1782597835868,62377,-1,0,0,0,0,0,80,81,10,0,66,140.93,0,-17,8,-1001,-1,0,0,0,,,,,,,,
629,1782597836103,62612,-1,0,0,0,0,0,80,81,10,0,66,140.76,0,-18,1,-998,-1,0,0,0,,,,,,,,
630,1782597836126,62635,-1,0,0,0,0,0,80,81,10,0,66,140.61,0,-15,4,-1000,-1,0,0,0,,,,,,,,
631,1782597836171,62680,-1,0,0,0,0,0,80,81,10,0,66,140.85,0,-14,6,-1000,-1,0,0,0,,,,,,,,
632,1782597836275,62784,-1,0,0,0,0,0,80,81,10,0,66,140.91,0,-16,2,-1001,-1,0,0,0,,,,,,,,
633,1782597836348,62857,-1,0,0,0,0,0,80,81,10,0,66,140.68,0,-22,3,-998,-1,0,0,0,,,,,,,,
634,1782597836452,62961,-1,0,0,0,0,0,80,81,10,0,66,140.25,0,-18,6,-998,-1,0,0,0,,,,,,,,
635,1782597836494,63003,-1,0,0,0,0,0,80,81,10,0,66,140.62,0,-16,0,-1001,-1,0,0,0,,,,,,,,
636,1782597836589,63098,-1,0,0,0,0,0,80,81,10,0,66,140.71,0,-19,10,-1000,-1,0,0,0,,,,,,,,
637,1782597836736,63245,-1,0,0,0,0,0,80,81,10,0,66,140.94,0,-18,0,-999,-1,0,0,0,,,,,,,,
638,1782597836800,63309,-1,0,0,0,0,0,79,82,10,0,66,141.06,0,-17,1,-1001,-1,0,0,0,,,,,,,,
639,1782597836899,63408,-1,0,0,0,0,0,79,82,10,0,66,140.68,0,-17,7,-998,-1,0,0,0,,,,,,,,
640,1782597836994,63503,-1,0,0,0,0,0,79,82,10,0,66,140.79,0,-16,1,-999,-1,0,0,0,,,,,,,,
641,1782597837091,63600,-1,0,0,0,0,0,79,82,10,0,66,141.12,0,-16,7,-999,-1,0,0,0,,,,,,,,
642,1782597837184,63693,-1,0,0,0,0,0,79,82,10,0,66,140.86,0,-18,1,-999,-1,0,0,0,,,,,,,,
643,1782597837278,63787,-1,0,0,0,0,0,79,82,10,0,66,140.88,0,-19,4,-1000,-1,0,0,0,,,,,,,,
644,1782597837432,63941,-1,0,0,0,0,0,79,82,10,0,66,141.13,0,-16,3,-1000,-1,0,0,0,,,,,,,,
645,1782597837500,64009,-1,0,0,0,0,0,79,82,10,0,66,140.96,0,-15,2,-1000,-1,0,0,0,,,,,,,,
646,1782597837578,64087,-1,0,0,0,0,0,79,82,10,0,66,140.7,0,-18,2,-998,-1,0,0,0,,,,,,,,
647,1782597837662,64171,-1,0,0,0,0,0,79,82,10,0,66,140.78,0,-18,3,-1000,-1,0,0,0,,,,,,,,
648,1782597837760,64269,-1,0,0,0,0,0,80,83,10,0,66,140.69,0,-18,6,-999,-1,0,0,0,,,,,,,,
649,1782597837855,64364,-1,0,0,0,0,0,80,83,10,0,66,140.82,0,-25,2,-999,-1,0,0,0,,,,,,,,
650,1782597837951,64460,-1,0,0,0,0,0,80,83,10,0,66,140.71,0,-21,5,-1000,-1,0,0,0,,,,,,,,
651,1782597838101,64610,-1,0,0,0,0,0,80,83,10,0,66,140.98,0,-15,4,-998,-1,0,0,0,,,,,,,,
652,1782597838144,64653,-1,0,0,0,0,0,80,83,10,0,66,140.91,0,-18,1,-999,-1,0,0,0,,,,,,,,
653,1782597838230,64739,-1,0,0,0,0,0,80,83,10,0,66,140.76,0,-19,5,-1001,-1,0,0,0,,,,,,,,
654,1782597838327,64836,-1,0,0,0,0,0,80,83,10,0,66,140.85,0,-16,1,-1000,-1,0,0,0,,,,,,,,
655,1782597838423,64932,-1,0,0,0,0,0,80,83,10,0,66,140.72,0,-16,6,-1002,-1,0,0,0,,,,,,,,
656,1782597838524,65033,-1,0,0,0,0,0,80,83,10,0,66,140.74,0,-16,4,-1000,-1,0,0,0,,,,,,,,
657,1782597838698,65207,-1,0,0,0,0,0,80,83,10,0,66,140.77,0,-20,5,-999,-1,0,0,0,,,,,,,,
658,1782597838736,65245,-1,0,0,0,0,0,80,83,10,0,66,140.74,0,-19,6,-1002,-1,0,0,0,,,,,,,,
659,1782597838822,65331,-1,0,0,0,0,0,80,83,10,0,66,140.7,0,-18,3,-999,-1,0,0,0,,,,,,,,
660,1782597838864,65373,-1,0,0,0,0,0,80,83,10,0,66,140.75,0,-19,4,-1001,-1,0,0,0,,,,,,,,
661,1782597838967,65476,-1,0,0,0,0,0,80,83,10,0,66,140.78,0,-17,3,-1001,-1,0,0,0,,,,,,,,
662,1782597839074,65583,-1,0,0,0,0,0,80,83,10,0,66,140.75,0,-17,4,-1000,-1,0,0,0,,,,,,,,
663,1782597839166,65675,-1,0,0,0,0,0,80,83,10,0,66,140.86,0,-17,4,-997,-1,0,0,0,,,,,,,,
664,1782597839259,65768,-1,0,0,0,0,0,80,83,10,0,66,140.81,0,-17,4,-999,-1,0,0,0,,,,,,,,
665,1782597839355,65864,-1,0,0,0,0,0,80,83,10,0,66,140.83,0,-18,4,-998,-1,0,0,0,,,,,,,,
666,1782597839449,65958,-1,0,0,0,0,0,80,83,10,0,66,140.88,0,-16,1,-1003,-1,0,0,0,,,,,,,,
667,1782597839545,66054,-1,0,0,0,0,0,80,83,10,0,66,140.86,0,-18,5,-1000,-1,0,0,0,,,,,,,,
668,1782597839635,66144,-1,0,0,0,0,0,80,83,10,0,66,140.91,0,-14,9,-999,-1,0,0,0,,,,,,,,
669,1782597839787,66296,-1,0,0,0,0,0,80,83,10,0,66,140.88,0,-17,1,-1001,-1,0,0,0,,,,,,,,
670,1782597839866,66375,-1,0,0,0,0,0,80,83,10,0,66,140.77,0,-20,3,-1001,-1,0,0,0,,,,,,,,
671,1782597839952,66461,-1,0,0,0,0,0,80,83,10,0,66,140.71,0,-16,6,-999,-1,0,0,0,,,,,,,,
672,1782597840018,66527,-1,0,0,0,0,0,80,83,10,0,66,140.65,0,-19,3,-1000,-1,0,0,0,,,,,,,,
673,1782597840111,66620,-1,0,0,0,0,0,80,83,10,0,66,141.01,0,-18,6,-999,-1,0,0,0,,,,,,,,
674,1782597840207,66716,-1,0,0,0,0,0,80,83,10,0,66,141.01,0,-17,2,-1000,-1,0,0,0,,,,,,,,
675,1782597840300,66809,-1,0,0,0,0,0,80,83,10,0,66,140.95,0,-21,3,-1000,-1,0,0,0,,,,,,,,
676,1782597840454,66963,-1,0,0,0,0,0,80,83,10,0,66,140.72,0,-16,6,-1001,-1,0,0,0,,,,,,,,
677,1782597840516,67025,-1,0,0,0,0,0,80,83,10,0,66,140.61,0,-17,2,-1001,-1,0,0,0,,,,,,,,
678,1782597840587,67096,-1,0,0,0,0,0,80,83,10,0,66,141.15,0,-17,5,-1000,-1,0,0,0,,,,,,,,
679,1782597840738,67247,-1,0,0,0,0,0,80,83,10,0,66,140.4,0,-17,3,-998,-1,0,0,0,,,,,,,,
680,1782597840798,67307,-1,0,0,0,0,0,80,83,10,0,66,140.86,0,-18,3,-1001,-1,0,0,0,,,,,,,,
681,1782597840879,67388,-1,0,0,0,0,0,80,83,10,0,66,141.04,0,-18,5,-1000,-1,0,0,0,,,,,,,,
682,1782597840987,67496,-1,0,0,0,0,0,80,83,10,0,66,140.62,0,-19,3,-999,-1,0,0,0,,,,,,,,
683,1782597841080,67589,-1,0,0,0,0,0,80,83,10,0,66,140.77,0,-18,5,-997,-1,0,0,0,,,,,,,,
684,1782597841216,67725,-1,0,0,0,0,0,80,83,10,0,66,140.86,0,-19,4,-1001,-1,0,0,0,,,,,,,,
685,1782597841285,67794,-1,0,0,0,0,0,80,83,10,0,66,140.75,0,-18,3,-1000,-1,0,0,0,,,,,,,,
686,1782597841366,67875,-1,0,0,0,0,0,80,83,10,0,66,140.79,0,-16,5,-1001,-1,0,0,0,,,,,,,,
687,1782597841460,67969,-1,0,0,0,0,0,80,83,10,0,66,140.78,0,-17,3,-998,-1,0,0,0,,,,,,,,
688,1782597841553,68062,-1,0,0,0,0,0,81,83,10,0,66,140.86,0,-18,5,-999,-1,0,0,0,,,,,,,,
689,1782597841648,68157,-1,0,0,0,0,0,81,83,10,0,66,140.75,0,-17,4,-1001,-1,0,0,0,,,,,,,,
690,1782597841808,68317,-1,0,0,0,0,0,81,83,10,0,66,140.91,0,-16,5,-1001,-1,0,0,0,,,,,,,,
691,1782597841824,68333,-1,0,0,0,0,0,81,83,10,0,66,140.66,0,-18,7,-1000,-1,0,0,0,,,,,,,,
692,1782597841932,68441,-1,0,0,0,0,0,81,83,10,0,66,141.06,0,-19,2,-998,-1,0,0,0,,,,,,,,
693,1782597842026,68535,-1,0,0,0,0,0,81,83,10,0,66,141.04,0,-17,5,-999,-1,0,0,0,,,,,,,,
694,1782597842114,68623,-1,0,0,0,0,0,81,83,10,0,66,140.68,0,-17,4,-998,-1,0,0,0,,,,,,,,
695,1782597842217,68726,-1,0,0,0,0,0,81,83,10,0,66,140.81,0,-19,6,-999,-1,0,0,0,,,,,,,,
696,1782597842340,68849,-1,0,0,0,0,0,81,83,10,0,66,140.9,0,-16,4,-997,-1,0,0,0,,,,,,,,
697,1782597842410,68919,-1,0,0,0,0,0,81,83,10,0,66,140.67,0,-19,4,-1001,-1,0,0,0,,,,,,,,
698,1782597842506,69015,-1,0,0,0,0,0,81,83,10,0,66,140.46,0,-18,4,-1001,-1,0,0,0,,,,,,,,
699,1782597842606,69115,-1,0,0,0,0,0,81,83,10,0,66,140.69,0,-18,4,-1000,-1,0,0,0,,,,,,,,
700,1782597842648,69157,-1,0,0,0,0,0,81,83,10,0,66,140.72,0,-17,5,-997,-1,0,0,0,,,,,,,,
701,1782597842744,69253,-1,0,0,0,0,0,81,83,10,0,66,140.85,0,-18,3,-997,-1,0,0,0,,,,,,,,
702,1782597842856,69365,-1,0,0,0,0,0,81,83,10,0,66,141.07,0,-17,5,-996,-1,0,0,0,,,,,,,,
703,1782597842936,69445,-1,0,0,0,0,0,81,83,10,0,66,140.77,0,-18,4,-1000,-1,0,0,0,,,,,,,,
704,1782597843040,69549,-1,0,0,0,0,0,81,83,10,0,66,140.47,0,-18,2,-998,-1,0,0,0,,,,,,,,
705,1782597843128,69637,-1,0,0,0,0,0,81,83,10,0,66,140.99,0,-16,4,-997,-1,0,0,0,,,,,,,,
706,1782597843224,69733,-1,0,0,0,0,0,81,83,10,0,66,140.76,0,-15,5,-998,-1,0,0,0,,,,,,,,
707,1782597843320,69829,-1,0,0,0,0,0,81,83,10,0,66,140.76,0,-18,3,-1000,-1,0,0,0,,,,,,,,
708,1782597843460,69969,-1,0,0,0,0,0,81,83,10,0,66,140.65,0,-18,5,-998,-1,0,0,0,,,,,,,,
709,1782597843540,70049,-1,0,0,0,0,0,81,83,10,0,66,140.81,0,-16,0,-999,-1,0,0,0,,,,,,,,
710,1782597843620,70129,-1,0,0,0,0,0,81,83,10,0,66,140.94,0,-18,3,-997,-1,0,0,0,,,,,,,,
711,1782597843713,70222,-1,0,0,0,0,0,81,83,10,0,66,140.7,0,-17,5,-1000,-1,0,0,0,,,,,,,,
712,1782597843809,70318,-1,0,0,0,0,0,81,83,10,0,66,140.83,0,-16,5,-999,-1,0,0,0,,,,,,,,
713,1782597843904,70413,-1,0,0,0,0,0,81,83,10,0,66,141.07,0,-17,7,-1000,-1,0,0,0,,,,,,,,
714,1782597844000,70509,-1,0,0,0,0,0,81,83,10,0,66,140.7,0,-17,2,-1001,-1,0,0,0,,,,,,,,
715,1782597844096,70605,-1,0,0,0,0,0,81,83,10,0,66,140.8,0,-18,4,-1001,-1,0,0,0,,,,,,,,
716,1782597844192,70701,-1,0,0,0,0,0,81,83,10,0,66,140.81,0,-19,5,-999,-1,0,0,0,,,,,,,,
717,1782597844288,70797,-1,0,0,0,0,0,81,83,10,0,66,140.65,0,-19,4,-997,-1,0,0,0,,,,,,,,
718,1782597844384,70893,-1,0,0,0,0,0,81,83,10,0,66,140.84,0,-18,5,-1000,-1,0,0,0,,,,,,,,
719,1782597844519,71028,-1,0,0,0,0,0,81,83,10,0,66,141.07,0,-19,4,-996,-1,0,0,0,,,,,,,,
720,1782597844583,71092,-1,0,0,0,0,0,81,83,10,0,66,140.93,0,-18,4,-999,-1,0,0,0,,,,,,,,
721,1782597844692,71201,-1,0,0,0,0,0,81,83,10,0,66,141.06,0,-17,4,-998,-1,0,0,0,,,,,,,,
722,1782597844783,71292,-1,0,0,0,0,0,81,83,10,0,66,140.72,0,-19,3,-996,-1,0,0,0,,,,,,,,
723,1782597844901,71410,-1,0,0,0,0,0,81,83,10,0,66,140.76,0,-18,3,-1000,-1,0,0,0,,,,,,,,
724,1782597844969,71478,-1,0,0,0,0,0,81,83,10,0,66,140.88,0,-16,4,-1000,-1,0,0,0,,,,,,,,
725,1782597845117,71626,-1,0,0,0,0,0,81,83,10,0,66,140.79,0,-16,3,-999,-1,0,0,0,,,,,,,,
726,1782597845135,71644,-1,0,0,0,0,0,81,83,10,0,66,140.76,0,-18,3,-999,-1,0,0,0,,,,,,,,
727,1782597845221,71730,-1,0,0,0,0,0,81,83,10,0,66,140.79,0,-17,4,-1000,-1,0,0,0,,,,,,,,
728,1782597845319,71828,-1,0,0,0,0,0,80,83,10,0,66,140.65,0,-18,5,-997,-1,0,0,0,,,,,,,,
729,1782597845413,71922,-1,0,0,0,0,0,80,83,10,0,66,141.03,0,-17,4,-999,-1,0,0,0,,,,,,,,
730,1782597845507,72016,-1,0,0,0,0,0,80,83,10,0,66,140.82,0,-18,5,-1001,-1,0,0,0,,,,,,,,
731,1782597845594,72103,-1,0,0,0,0,0,80,83,10,0,66,141.06,0,-15,4,-999,-1,0,0,0,,,,,,,,
732,1782597845765,72274,-1,0,0,0,0,0,80,83,10,0,66,140.92,0,-18,3,-998,-1,0,0,0,,,,,,,,
733,1782597845827,72336,-1,0,0,0,0,0,80,83,10,0,66,140.91,0,-20,6,-1001,-1,0,0,0,,,,,,,,
734,1782597845911,72420,-1,0,0,0,0,0,80,83,10,0,66,140.93,0,-21,3,-1003,-1,0,0,0,,,,,,,,
735,1782597846005,72514,-1,0,0,0,0,0,80,83,10,0,66,140.87,0,-20,1,-1001,-1,0,0,0,,,,,,,,
736,1782597846134,72643,-1,0,0,0,0,0,80,83,10,0,66,140.85,0,-18,4,-1000,-1,0,0,0,,,,,,,,
737,1782597846183,72692,-1,0,0,0,0,0,80,83,10,0,66,140.85,0,-17,5,-997,-1,0,0,0,,,,,,,,
738,1782597846264,72773,-1,0,0,0,0,0,82,84,10,0,66,140.76,0,-18,0,-1002,-1,0,0,0,,,,,,,,
739,1782597846359,72868,-1,0,0,0,0,0,82,84,10,0,66,140.78,0,-15,8,-999,-1,0,0,0,,,,,,,,
740,1782597846457,72966,-1,0,0,0,0,0,82,84,10,0,66,140.77,0,-17,3,-1000,-1,0,0,0,,,,,,,,
741,1782597846552,73061,-1,0,0,0,0,0,82,84,10,0,66,140.93,0,-17,3,-999,-1,0,0,0,,,,,,,,
742,1782597846699,73208,-1,0,0,0,0,0,82,84,10,0,66,140.56,0,-16,10,-1000,-1,0,0,0,,,,,,,,
743,1782597846750,73259,-1,0,0,0,0,0,82,84,10,0,66,141.09,0,-17,1,-1001,-1,0,0,0,,,,,,,,
744,1782597846821,73330,-1,0,0,0,0,0,82,84,10,0,66,140.44,0,-18,4,-1001,-1,0,0,0,,,,,,,,
745,1782597846916,73425,-1,0,0,0,0,0,82,84,10,0,66,140.79,0,-21,7,-1002,-1,0,0,0,,,,,,,,
746,1782597847012,73521,-1,0,0,0,0,0,82,84,10,0,66,140.66,0,-18,0,-1000,-1,0,0,0,,,,,,,,
747,1782597847148,73657,-1,0,0,0,0,0,82,84,10,0,66,140.82,0,-15,7,-999,-1,0,0,0,,,,,,,,
748,1782597847217,73726,-1,0,0,0,0,0,81,83,10,0,65,140.99,0,-18,12,-998,-1,0,0,0,,,,,,,,
749,1782597847301,73810,-1,0,0,0,0,0,81,83,10,0,65,141.01,0,-17,-4,-1000,-1,0,0,0,,,,,,,,
750,1782597847397,73906,-1,0,0,0,0,0,81,83,10,0,65,140.76,0,-19,12,-1001,-1,0,0,0,,,,,,,,
751,1782597847501,74010,-1,0,0,0,0,0,81,83,10,0,65,140.85,0,-19,6,-1000,-1,0,0,0,,,,,,,,
752,1782597847604,74113,-1,0,0,0,0,0,81,83,10,0,65,140.48,0,-18,-1,-997,-1,0,0,0,,,,,,,,
753,1782597847827,74336,-1,0,0,0,0,0,81,83,10,0,65,140.59,0,-21,11,-996,-1,0,0,0,,,,,,,,
754,1782597847850,74359,-1,0,0,0,0,0,81,83,10,0,65,140.44,0,-17,0,-997,-1,0,0,0,,,,,,,,
755,1782597847893,74402,-1,0,0,0,0,0,81,83,10,0,65,140.93,0,-17,4,-998,-1,0,0,0,,,,,,,,
756,1782597847992,74501,-1,0,0,0,0,0,81,83,10,0,65,140.85,0,-22,9,-996,-1,0,0,0,,,,,,,,
757,1782597848077,74586,-1,0,0,0,0,0,81,83,10,0,65,140.85,0,-14,0,-1001,-1,0,0,0,,,,,,,,
758,1782597848172,74681,-1,0,0,0,0,0,82,84,10,0,65,140.72,0,-18,3,-999,-1,0,0,0,,,,,,,,
759,1782597848270,74779,-1,0,0,0,0,0,82,84,10,0,65,140.79,0,-22,7,-1001,-1,0,0,0,,,,,,,,
760,1782597848360,74869,-1,0,0,0,0,0,82,84,10,0,65,140.77,0,-17,0,-998,-1,0,0,0,,,,,,,,
761,1782597848454,74963,-1,0,0,0,0,0,82,84,10,0,65,140.88,0,-19,5,-1000,-1,0,0,0,,,,,,,,
762,1782597848549,75058,-1,0,0,0,0,0,82,84,10,0,65,140.88,0,-21,5,-1001,-1,0,0,0,,,,,,,,
763,1782597848644,75153,-1,0,0,0,0,0,82,84,10,0,65,140.7,0,-13,4,-996,-1,0,0,0,,,,,,,,
764,1782597848740,75249,-1,0,0,0,0,0,82,84,10,0,65,140.69,0,-19,0,-1001,-1,0,0,0,,,,,,,,
765,1782597848841,75350,-1,0,0,0,0,0,82,84,10,0,65,140.63,0,-23,8,-999,-1,0,0,0,,,,,,,,
766,1782597848933,75442,-1,0,0,0,0,0,82,84,10,0,65,141.2,0,-16,3,-1001,-1,0,0,0,,,,,,,,
767,1782597849028,75537,-1,0,0,0,0,0,82,84,10,0,65,140.66,0,-17,2,-1002,-1,0,0,0,,,,,,,,
768,1782597849125,75634,-1,0,0,0,0,0,81,84,10,0,65,140.74,0,-20,7,-997,-1,0,0,0,,,,,,,,
769,1782597849227,75736,-1,0,0,0,0,0,81,84,10,0,65,140.79,0,-17,0,-999,-1,0,0,0,,,,,,,,
770,1782597849272,75781,-1,0,0,0,0,0,81,84,10,0,65,140.66,0,-19,3,-1000,-1,0,0,0,,,,,,,,
771,1782597849366,75875,-1,0,0,0,0,0,81,84,10,0,65,140.89,0,-18,6,-998,-1,0,0,0,,,,,,,,
772,1782597849532,76041,-1,0,0,0,0,0,81,84,10,0,65,141.29,0,-17,-1,-998,-1,0,0,0,,,,,,,,
773,1782597849596,76105,-1,0,0,0,0,0,81,84,10,0,65,140.62,0,-18,7,-998,-1,0,0,0,,,,,,,,
774,1782597849683,76192,-1,0,0,0,0,0,81,84,10,0,65,140.99,0,-19,7,-992,-1,0,0,0,,,,,,,,
775,1782597849809,76318,-1,0,0,0,0,0,81,84,10,0,65,140.81,0,-17,2,-1007,-1,0,0,0,,,,,,,,
776,1782597849852,76361,-1,0,0,0,0,0,81,84,10,0,65,140.73,0,-14,6,-1006,-1,0,0,0,,,,,,,,
777,1782597849939,76448,-1,0,0,0,0,0,81,84,10,0,65,140.9,0,-18,3,-1000,-1,0,0,0,,,,,,,,
778,1782597850028,76537,-1,0,0,0,0,0,82,84,10,0,65,140.94,0,-20,3,-998,-1,0,0,0,,,,,,,,
779,1782597850123,76632,-1,0,0,0,0,0,82,84,10,0,65,140.92,0,-18,2,-1000,-1,0,0,0,,,,,,,,
780,1782597850220,76729,-1,0,0,0,0,0,82,84,10,0,65,140.87,0,-18,2,-1000,-1,0,0,0,,,,,,,,
781,1782597850336,76845,-1,0,0,0,0,0,82,84,10,0,65,140.74,0,-19,8,-1000,-1,0,0,0,,,,,,,,
782,1782597850414,76923,-1,0,0,0,0,0,82,84,10,0,65,140.72,0,-18,4,-1001,-1,0,0,0,,,,,,,,
783,1782597850508,77017,-1,0,0,0,0,0,82,84,10,0,65,140.75,0,-16,7,-999,-1,0,0,0,,,,,,,,
784,1782597850616,77125,-1,0,0,0,0,0,82,84,10,0,65,140.85,0,-18,3,-1000,-1,0,0,0,,,,,,,,
785,1782597850710,77219,-1,0,0,0,0,0,82,84,10,0,65,140.64,0,-16,3,-1000,-1,0,0,0,,,,,,,,
786,1782597850863,77372,-1,0,0,0,0,0,82,84,10,0,65,140.79,0,-16,4,-999,-1,0,0,0,,,,,,,,
787,1782597850933,77442,-1,0,0,0,0,0,82,84,10,0,65,140.77,0,-17,5,-1000,-1,0,0,0,,,,,,,,
788,1782597851006,77515,-1,0,0,0,0,0,82,84,10,0,65,140.65,0,-15,3,-998,-1,0,0,0,,,,,,,,
789,1782597851103,77612,-1,0,0,0,0,0,82,84,10,0,65,140.89,0,-18,7,-999,-1,0,0,0,,,,,,,,
790,1782597851199,77708,-1,0,0,0,0,0,82,84,10,0,65,140.65,0,-20,3,-1000,-1,0,0,0,,,,,,,,
791,1782597851371,77880,-1,0,0,0,0,0,82,84,10,0,65,140.77,0,-16,4,-997,-1,0,0,0,,,,,,,,
792,1782597851422,77931,-1,0,0,0,0,0,82,84,10,0,65,140.79,0,-18,5,-998,-1,0,0,0,,,,,,,,
793,1782597851507,78016,-1,0,0,0,0,0,82,84,10,0,65,140.93,0,-17,1,-999,-1,0,0,0,,,,,,,,
794,1782597851594,78103,-1,0,0,0,0,0,82,84,10,0,65,140.77,0,-19,7,-1000,-1,0,0,0,,,,,,,,
795,1782597851688,78197,-1,0,0,0,0,0,82,84,10,0,65,140.95,0,-19,2,-999,-1,0,0,0,,,,,,,,
796,1782597851732,78241,-1,0,0,0,0,0,82,84,10,0,65,140.79,0,-18,2,-1001,-1,0,0,0,,,,,,,,
797,1782597851900,78409,-1,0,0,0,0,0,82,84,10,0,65,141.07,0,-18,5,-999,-1,0,0,0,,,,,,,,
798,1782597851976,78485,-1,0,0,0,0,0,82,84,10,0,65,140.47,0,-18,2,-1000,-1,0,0,0,,,,,,,,
799,1782597852079,78588,-1,0,0,0,0,0,82,84,10,0,65,140.64,0,-17,6,-998,-1,0,0,0,,,,,,,,
800,1782597852157,78666,-1,0,0,0,0,0,82,84,10,0,65,140.59,0,-16,5,-1002,-1,0,0,0,,,,,,,,
801,1782597852258,78767,-1,0,0,0,0,0,82,84,10,0,65,141.09,0,-18,3,-997,-1,0,0,0,,,,,,,,
802,1782597852358,78867,-1,0,0,0,0,0,82,84,10,0,65,140.75,0,-18,2,-1000,-1,0,0,0,,,,,,,,
803,1782597852446,78955,-1,0,0,0,0,0,82,84,10,0,65,140.9,0,-17,6,-1001,-1,0,0,0,,,,,,,,
804,1782597852541,79050,-1,0,0,0,0,0,82,84,10,0,65,141.09,0,-17,4,-1000,-1,0,0,0,,,,,,,,
805,1782597852635,79144,-1,0,0,0,0,0,82,84,10,0,65,140.81,0,-18,4,-1001,-1,0,0,0,,,,,,,,
806,1782597852729,79238,-1,0,0,0,0,0,82,84,10,0,65,140.98,0,-19,5,-1000,-1,0,0,0,,,,,,,,
807,1782597852861,79370,-1,0,0,0,0,0,82,84,10,0,65,140.32,0,-19,3,-1002,-1,0,0,0,,,,,,,,
808,1782597852895,79404,-1,0,0,0,0,0,83,85,10,0,65,140.99,0,-18,5,-998,-1,0,0,0,,,,,,,,
809,1782597852977,79486,-1,0,0,0,0,0,83,85,10,0,65,140.68,0,-16,4,-1000,-1,0,0,0,,,,,,,,
810,1782597853071,79580,-1,0,0,0,0,0,83,85,10,0,65,140.91,0,-17,3,-998,-1,0,0,0,,,,,,,,
811,1782597853165,79674,-1,0,0,0,0,0,83,85,10,0,65,140.58,0,-16,6,-1002,-1,0,0,0,,,,,,,,
812,1782597853261,79770,-1,0,0,0,0,0,83,85,10,0,65,140.91,0,-17,2,-1000,-1,0,0,0,,,,,,,,
813,1782597853356,79865,-1,0,0,0,0,0,83,85,10,0,65,140.91,0,-17,3,-998,-1,0,0,0,,,,,,,,
814,1782597853450,79959,-1,0,0,0,0,0,83,85,10,0,65,140.98,0,-18,5,-998,-1,0,0,0,,,,,,,,
815,1782597853567,80076,-1,0,0,0,0,0,83,85,10,0,65,140.93,0,-18,4,-998,-1,0,0,0,,,,,,,,
816,1782597853644,80153,-1,0,0,0,0,0,83,85,10,0,65,140.81,0,-17,4,-999,-1,0,0,0,,,,,,,,
817,1782597853740,80249,-1,0,0,0,0,0,83,85,10,0,65,140.89,0,-17,6,-1000,-1,0,0,0,,,,,,,,
818,1782597853837,80346,-1,0,0,0,0,0,83,84,10,0,65,140.87,0,-19,2,-999,-1,0,0,0,,,,,,,,
819,1782597853937,80446,-1,0,0,0,0,0,83,84,10,0,65,140.77,0,-19,7,-999,-1,0,0,0,,,,,,,,
820,1782597854034,80543,-1,0,0,0,0,0,83,84,10,0,65,140.76,0,-18,2,-1004,-1,0,0,0,,,,,,,,
821,1782597854154,80663,-1,0,0,0,0,0,83,84,10,0,65,140.95,0,-19,4,-989,-1,0,0,0,,,,,,,,
822,1782597854242,80751,-1,0,0,0,0,0,83,84,10,0,65,140.77,0,-18,9,-997,-1,0,0,0,,,,,,,,
823,1782597854326,80835,-1,0,0,0,0,0,83,84,10,0,65,140.57,0,-18,-3,-998,-1,0,0,0,,,,,,,,
824,1782597854421,80930,-1,0,0,0,0,0,83,84,10,0,65,140.69,0,-17,7,-999,-1,0,0,0,,,,,,,,
825,1782597854515,81024,-1,0,0,0,0,0,83,84,10,0,65,140.69,0,-18,1,-1001,-1,0,0,0,,,,,,,,
826,1782597854690,81199,-1,0,0,0,0,0,83,84,10,0,65,141.12,0,-21,3,-999,-1,0,0,0,,,,,,,,
827,1782597854696,81205,-1,0,0,0,0,0,83,84,10,0,65,140.83,0,-16,7,-1000,-1,0,0,0,,,,,,,,
828,1782597854796,81305,-1,0,0,0,0,0,82,84,10,0,65,141.02,0,-15,1,-997,-1,0,0,0,,,,,,,,
829,1782597854869,81378,-1,0,0,0,0,0,82,84,10,0,65,140.73,0,-19,6,-1001,-1,0,0,0,,,,,,,,
830,1782597854966,81475,-1,0,0,0,0,0,82,84,10,0,65,140.65,0,-16,2,-1001,-1,0,0,0,,,,,,,,
831,1782597855074,81583,-1,0,0,0,0,0,82,84,10,0,65,140.63,0,-14,1,-994,-1,0,0,0,,,,,,,,
832,1782597855162,81671,-1,0,0,0,0,0,82,84,10,0,65,140.82,0,-16,10,-998,-1,0,0,0,,,,,,,,
833,1782597855266,81775,-1,0,0,0,0,0,82,84,10,0,65,140.66,0,-15,-1,-999,-1,0,0,0,,,,,,,,
834,1782597855364,81873,-1,0,0,0,0,0,82,84,10,0,65,140.79,0,-16,8,-997,-1,0,0,0,,,,,,,,
835,1782597855459,81968,-1,0,0,0,0,0,82,84,10,0,65,141.09,0,-19,4,-1001,-1,0,0,0,,,,,,,,
836,1782597855551,82060,-1,0,0,0,0,0,82,84,10,0,65,140.86,0,-19,1,-999,-1,0,0,0,,,,,,,,
837,1782597855655,82164,-1,0,0,0,0,0,82,84,10,0,65,140.89,0,-19,8,-999,-1,0,0,0,,,,,,,,
838,1782597855759,82268,-1,0,0,0,0,0,83,85,10,0,65,140.76,0,-19,0,-1001,-1,0,0,0,,,,,,,,
839,1782597855834,82343,-1,0,0,0,0,0,83,85,10,0,65,141.21,0,-19,4,-1000,-1,0,0,0,,,,,,,,
840,1782597855933,82442,-1,0,0,0,0,0,83,85,10,0,65,140.87,0,-17,5,-1001,-1,0,0,0,,,,,,,,
841,1782597856028,82537,-1,0,0,0,0,0,83,85,10,0,65,140.97,0,-14,3,-998,-1,0,0,0,,,,,,,,
842,1782597856128,82637,-1,0,0,0,0,0,83,85,10,0,65,141.21,0,-16,6,-1000,-1,0,0,0,,,,,,,,
843,1782597856320,82829,-1,0,0,0,0,0,83,85,10,0,65,140.84,0,-14,4,-999,-1,0,0,0,,,,,,,,
844,1782597856339,82848,-1,0,0,0,0,0,83,85,10,0,65,140.87,0,-14,3,-999,-1,0,0,0,,,,,,,,
845,1782597856439,82948,-1,0,0,0,0,0,83,85,10,0,65,140.7,0,-16,6,-999,-1,0,0,0,,,,,,,,
846,1782597856476,82985,-1,0,0,0,0,0,83,85,10,0,65,140.91,0,-18,2,-999,-1,0,0,0,,,,,,,,
847,1782597856561,83070,-1,0,0,0,0,0,83,85,10,0,65,141.05,0,-17,2,-1000,-1,0,0,0,,,,,,,,
848,1782597856657,83166,-1,0,0,0,0,0,83,85,10,0,65,140.61,0,-18,6,-998,-1,0,0,0,,,,,,,,
849,1782597856753,83262,-1,0,0,0,0,0,83,85,10,0,65,140.93,0,-16,3,-999,-1,0,0,0,,,,,,,,
850,1782597856850,83359,-1,0,0,0,0,0,83,85,10,0,65,140.84,0,-16,4,-1001,-1,0,0,0,,,,,,,,
851,1782597856946,83455,-1,0,0,0,0,0,83,85,10,0,65,140.67,0,-16,1,-997,-1,0,0,0,,,,,,,,
852,1782597857042,83551,-1,0,0,0,0,0,83,85,10,0,65,140.91,0,-17,7,-1002,-1,0,0,0,,,,,,,,
853,1782597859096,85605,-1,0,0,0,0,0,83,85,10,0,65,140.65,0,-17,0,-1001,-1,0,0,0,,,,,,,,
854,1782597859198,85707,-1,0,0,0,0,0,83,85,10,0,65,140.63,0,-15,7,-1001,-1,0,0,0,,,,,,,,
855,1782597859432,85941,-1,0,0,0,0,0,83,85,10,0,65,140.74,0,-16,1,-999,-1,0,0,0,,,,,,,,
856,1782597859451,85960,-1,0,0,0,0,0,83,85,10,0,65,140.79,0,-21,2,-1002,-1,0,0,0,,,,,,,,
857,1782597859509,86018,-1,0,0,0,0,0,83,85,10,0,65,140.71,0,-19,1,-999,-1,0,0,0,,,,,,,,
858,1782597859604,86113,-1,0,0,0,0,0,83,85,10,0,65,140.53,0,-14,0,-999,-1,0,0,0,,,,,,,,
859,1782597859675,86184,-1,0,0,0,0,0,83,85,10,0,65,140.72,0,-18,15,-999,-1,0,0,0,,,,,,,,
860,1782597859774,86283,-1,0,0,0,0,0,83,85,10,0,65,140.91,0,-18,-9,-999,-1,0,0,0,,,,,,,,
861,1782597859868,86377,-1,0,0,0,0,0,83,85,10,0,65,140.65,0,-17,17,-1000,-1,0,0,0,,,,,,,,
862,1782597859964,86473,-1,0,0,0,0,0,83,85,10,0,65,141.14,0,-18,-2,-996,-1,0,0,0,,,,,,,,
863,1782597860151,86660,-1,0,0,0,0,0,83,85,10,0,65,140.68,0,-20,4,-1000,-1,0,0,0,,,,,,,,
864,1782597860157,86666,-1,0,0,0,0,0,83,85,10,0,65,140.8,0,-19,8,-996,-1,0,0,0,,,,,,,,
865,1782597860256,86765,-1,0,0,0,0,0,83,85,10,0,65,140.61,0,-18,-1,-1002,-1,0,0,0,,,,,,,,
866,1782597860331,86840,-1,0,0,0,0,0,83,85,10,0,65,140.84,0,-17,7,-999,-1,0,0,0,,,,,,,,
867,1782597860426,86935,-1,0,0,0,0,0,83,85,10,0,64,140.75,0,-17,2,-998,-1,0,0,0,,,,,,,,
868,1782597860523,87032,-1,0,0,0,0,0,82,85,10,0,64,140.84,0,-16,2,-999,-1,0,0,0,,,,,,,,
869,1782597860619,87128,-1,0,0,0,0,0,82,85,10,0,64,140.75,0,-20,9,-997,-1,0,0,0,,,,,,,,
870,1782597860721,87230,-1,0,0,0,0,0,82,85,10,0,64,140.9,0,-13,0,-999,-1,0,0,0,,,,,,,,
871,1782597860811,87320,-1,0,0,0,0,0,82,85,10,0,64,140.58,0,-17,6,-999,-1,0,0,0,,,,,,,,
872,1782597860935,87444,-1,0,0,0,0,0,82,85,10,0,64,140.48,0,-15,5,-1000,-1,0,0,0,,,,,,,,
873,1782597861007,87516,-1,0,0,0,0,0,82,85,10,0,64,140.95,0,-16,3,-999,-1,0,0,0,,,,,,,,
874,1782597861113,87622,-1,0,0,0,0,0,82,85,10,0,64,141.02,0,-17,6,-1001,-1,0,0,0,,,,,,,,
875,1782597861210,87719,-1,0,0,0,0,0,82,85,10,0,64,140.91,0,-20,1,-999,-1,0,0,0,,,,,,,,
876,1782597861306,87815,-1,0,0,0,0,0,82,85,10,0,64,140.82,0,-18,8,-998,-1,0,0,0,,,,,,,,
877,1782597861397,87906,-1,0,0,0,0,0,82,85,10,0,64,141.05,0,-18,2,-999,-1,0,0,0,,,,,,,,
878,1782597861557,88066,-1,0,0,0,0,0,83,86,10,0,64,140.85,0,-17,7,-1000,-1,0,0,0,,,,,,,,
879,1782597861612,88121,-1,0,0,0,0,0,83,86,10,0,64,140.8,0,-19,4,-999,-1,0,0,0,,,,,,,,
880,1782597861665,88174,-1,0,0,0,0,0,83,86,10,0,64,140.78,0,-18,4,-996,-1,0,0,0,,,,,,,,
881,1782597861744,88253,-1,0,0,0,0,0,83,86,10,0,64,140.98,0,-17,7,-1002,-1,0,0,0,,,,,,,,
882,1782597861837,88346,-1,0,0,0,0,0,83,86,10,0,64,140.83,0,-15,3,-995,-1,0,0,0,,,,,,,,
883,1782597861934,88443,-1,0,0,0,0,0,83,86,10,0,64,140.88,0,-20,3,-999,-1,0,0,0,,,,,,,,
884,1782597862029,88538,-1,0,0,0,0,0,83,86,10,0,64,140.55,0,-17,3,-997,-1,0,0,0,,,,,,,,
885,1782597862171,88680,-1,0,0,0,0,0,83,86,10,0,64,140.79,0,-19,6,-999,-1,0,0,0,,,,,,,,
886,1782597862229,88738,-1,0,0,0,0,0,83,86,10,0,64,140.52,0,-17,2,-1001,-1,0,0,0,,,,,,,,
887,1782597862314,88823,-1,0,0,0,0,0,83,86,10,0,64,140.6,0,-16,3,-1000,-1,0,0,0,,,,,,,,
888,1782597862411,88920,-1,0,0,0,0,0,84,86,10,0,64,140.75,0,-17,3,-1000,-1,0,0,0,,,,,,,,
889,1782597862507,89016,-1,0,0,0,0,0,84,86,10,0,64,140.91,0,-18,4,-1000,-1,0,0,0,,,,,,,,
890,1782597862657,89166,-1,0,0,0,0,0,84,86,10,0,64,140.85,0,-18,5,-1001,-1,0,0,0,,,,,,,,
891,1782597862719,89228,-1,0,0,0,0,0,84,86,10,0,64,140.88,0,-17,6,-997,-1,0,0,0,,,,,,,,
892,1782597862813,89322,-1,0,0,0,0,0,84,86,10,0,64,141.18,0,-19,5,-1001,-1,0,0,0,,,,,,,,
893,1782597862908,89417,-1,0,0,0,0,0,84,86,10,0,64,140.91,0,-17,2,-999,-1,0,0,0,,,,,,,,
894,1782597863005,89514,-1,0,0,0,0,0,84,86,10,0,64,140.86,0,-17,5,-999,-1,0,0,0,,,,,,,,
895,1782597863094,89603,-1,0,0,0,0,0,84,86,10,0,64,140.87,0,-17,2,-999,-1,0,0,0,,,,,,,,
896,1782597863249,89758,-1,0,0,0,0,0,84,86,10,0,64,140.79,0,-19,5,-1000,-1,0,0,0,,,,,,,,
897,1782597863306,89815,-1,0,0,0,0,0,84,86,10,0,64,141.08,0,-17,5,-997,-1,0,0,0,,,,,,,,
898,1782597863381,89890,-1,0,0,0,0,0,84,86,10,0,64,140.74,0,-18,1,-999,-1,0,0,0,,,,,,,,
899,1782597863476,89985,-1,0,0,0,0,0,84,86,10,0,64,140.9,0,-17,6,-997,-1,0,0,0,,,,,,,,
900,1782597863572,90081,-1,0,0,0,0,0,84,86,10,0,64,140.72,0,-19,4,-1000,-1,0,0,0,,,,,,,,
901,1782597863670,90179,-1,0,0,0,0,0,84,86,10,0,64,140.76,0,-18,6,-999,-1,0,0,0,,,,,,,,
902,1782597863796,90305,-1,0,0,0,0,0,84,86,10,0,64,141.16,0,-17,2,-998,-1,0,0,0,,,,,,,,
903,1782597863837,90346,-1,0,0,0,0,0,84,86,10,0,64,140.68,0,-19,5,-998,-1,0,0,0,,,,,,,,
904,1782597863916,90425,-1,0,0,0,0,0,84,86,10,0,64,140.69,0,-19,2,-999,-1,0,0,0,,,,,,,,
905,1782597864009,90518,-1,0,0,0,0,0,84,86,10,0,64,140.71,0,-18,5,-1002,-1,0,0,0,,,,,,,,
906,1782597864109,90618,-1,0,0,0,0,0,84,86,10,0,64,141.02,0,-19,3,-1000,-1,0,0,0,,,,,,,,
907,1782597864201,90710,-1,0,0,0,0,0,84,86,10,0,64,141.02,0,-18,4,-1001,-1,0,0,0,,,,,,,,
908,1782597864321,90830,-1,0,0,0,0,0,84,86,10,0,64,140.62,0,-17,6,-999,-1,0,0,0,,,,,,,,
909,1782597864396,90905,-1,0,0,0,0,0,84,86,10,0,64,140.84,0,-18,2,-999,-1,0,0,0,,,,,,,,
910,1782597864495,91004,-1,0,0,0,0,0,84,86,10,0,64,140.73,0,-17,3,-998,-1,0,0,0,,,,,,,,
911,1782597864604,91113,-1,0,0,0,0,0,84,86,10,0,64,140.61,0,-16,4,-998,-1,0,0,0,,,,,,,,
912,1782597864698,91207,-1,0,0,0,0,0,84,86,10,0,64,140.94,0,-18,4,-1000,-1,0,0,0,,,,,,,,
913,1782597864836,91345,-1,0,0,0,0,0,84,86,10,0,64,140.71,0,-18,4,-999,-1,0,0,0,,,,,,,,
914,1782597864898,91407,-1,0,0,0,0,0,84,86,10,0,64,141.1,0,-18,4,-1000,-1,0,0,0,,,,,,,,
915,1782597864979,91488,-1,0,0,0,0,0,84,86,10,0,64,140.86,0,-18,5,-1002,-1,0,0,0,,,,,,,,
916,1782597865075,91584,-1,0,0,0,0,0,84,86,10,0,64,140.76,0,-18,5,-998,-1,0,0,0,,,,,,,,
917,1782597865168,91677,-1,0,0,0,0,0,84,86,10,0,64,140.7,0,-16,2,-1000,-1,0,0,0,,,,,,,,
918,1782597865268,91777,-1,0,0,0,0,0,84,86,10,0,64,140.79,0,-19,6,-1002,-1,0,0,0,,,,,,,,
919,1782597865375,91884,-1,0,0,0,0,0,84,86,10,0,64,140.98,0,-18,3,-998,-1,0,0,0,,,,,,,,
920,1782597865493,92002,-1,0,0,0,0,0,84,86,10,0,64,140.75,0,-17,3,-1001,-1,0,0,0,,,,,,,,
921,1782597865543,92052,-1,0,0,0,0,0,84,86,10,0,64,140.77,0,-17,4,-1000,-1,0,0,0,,,,,,,,
922,1782597865619,92128,-1,0,0,0,0,0,84,86,10,0,64,140.88,0,-17,3,-999,-1,0,0,0,,,,,,,,
923,1782597865715,92224,-1,0,0,0,0,0,84,86,10,0,64,140.84,0,-19,5,-997,-1,0,0,0,,,,,,,,
924,1782597865818,92327,-1,0,0,0,0,0,84,86,10,0,64,140.79,0,-19,4,-1002,-1,0,0,0,,,,,,,,
925,1782597865920,92429,-1,0,0,0,0,0,84,86,10,0,64,140.76,0,-19,4,-996,-1,0,0,0,,,,,,,,
926,1782597866082,92591,-1,0,0,0,0,0,84,86,10,0,64,140.58,0,-17,4,-1001,-1,0,0,0,,,,,,,,
927,1782597866118,92627,-1,0,0,0,0,0,84,86,10,0,64,141.01,0,-16,4,-998,-1,0,0,0,,,,,,,,
928,1782597866217,92726,-1,0,0,0,0,0,84,86,10,0,64,140.91,0,-17,6,-999,-1,0,0,0,,,,,,,,
929,1782597866339,92848,-1,0,0,0,0,0,84,86,10,0,64,140.7,0,-17,3,-999,-1,0,0,0,,,,,,,,
930,1782597866424,92933,-1,0,0,0,0,0,84,86,10,0,64,140.86,0,-18,4,-999,-1,0,0,0,,,,,,,,
931,1782597866522,93031,-1,0,0,0,0,0,84,86,10,0,64,140.83,0,-16,5,-1003,-1,0,0,0,,,,,,,,
932,1782597866620,93129,-1,0,0,0,0,0,84,86,10,0,64,140.88,0,-18,3,-999,-1,0,0,0,,,,,,,,
933,1782597866659,93168,-1,0,0,0,0,0,84,86,10,0,64,140.74,0,-19,4,-999,-1,0,0,0,,,,,,,,
934,1782597866748,93257,-1,0,0,0,0,0,84,86,10,0,64,140.47,0,-20,4,-999,-1,0,0,0,,,,,,,,
935,1782597866933,93442,-1,0,0,0,0,0,84,86,10,0,64,140.9,0,-18,4,-1000,-1,0,0,0,,,,,,,,
936,1782597866972,93481,-1,0,0,0,0,0,84,86,10,0,64,140.8,0,-17,5,-998,-1,0,0,0,,,,,,,,
937,1782597867072,93581,-1,0,0,0,0,0,84,86,10,0,64,140.61,0,-17,4,-1004,-1,0,0,0,,,,,,,,
938,1782597867149,93658,-1,0,0,0,0,0,84,87,10,0,64,140.84,0,-17,0,-1004,-1,0,0,0,,,,,,,,
939,1782597867244,93753,-1,0,0,0,0,0,84,87,10,0,64,140.89,0,-19,5,-1001,-1,0,0,0,,,,,,,,
940,1782597867335,93844,-1,0,0,0,0,0,84,87,10,0,64,140.81,0,-19,3,-1001,-1,0,0,0,,,,,,,,
941,1782597867439,93948,-1,0,0,0,0,0,84,87,10,0,64,140.67,0,-18,4,-1001,-1,0,0,0,,,,,,,,
942,1782597867536,94045,-1,0,0,0,0,0,84,87,10,0,64,140.89,0,-16,5,-999,-1,0,0,0,,,,,,,,
943,1782597867625,94134,-1,0,0,0,0,0,84,87,10,0,64,140.67,0,-15,4,-999,-1,0,0,0,,,,,,,,
944,1782597867724,94233,-1,0,0,0,0,0,84,87,10,0,64,140.78,0,-19,7,-999,-1,0,0,0,,,,,,,,
945,1782597867817,94326,-1,0,0,0,0,0,84,87,10,0,64,141.08,0,-17,3,-1000,-1,0,0,0,,,,,,,,
946,1782597867918,94427,-1,0,0,0,0,0,84,87,10,0,64,140.72,0,-19,3,-1000,-1,0,0,0,,,,,,,,
947,1782597868013,94522,-1,0,0,0,0,0,84,87,10,0,64,140.57,0,-17,6,-999,-1,0,0,0,,,,,,,,
948,1782597868111,94620,-1,0,0,0,0,0,84,87,10,0,64,140.92,0,-19,0,-1001,-1,0,0,0,,,,,,,,
949,1782597868204,94713,-1,0,0,0,0,0,84,87,10,0,64,140.91,0,-20,6,-1001,-1,0,0,0,,,,,,,,
950,1782597868309,94818,-1,0,0,0,0,0,84,87,10,0,64,141.01,0,-18,3,-997,-1,0,0,0,,,,,,,,
951,1782597868409,94918,-1,0,0,0,0,0,84,87,10,0,64,140.84,0,-15,4,-998,-1,0,0,0,,,,,,,,
952,1782597868505,95014,-1,0,0,0,0,0,84,87,10,0,64,140.6,0,-17,6,-1001,-1,0,0,0,,,,,,,,
953,1782597868622,95131,-1,0,0,0,0,0,84,87,10,0,64,140.64,0,-16,0,-1000,-1,0,0,0,,,,,,,,
954,1782597868698,95207,-1,0,0,0,0,0,84,87,10,0,64,140.69,0,-19,6,-999,-1,0,0,0,,,,,,,,
955,1782597868735,95244,-1,0,0,0,0,0,84,87,10,0,64,140.63,0,-19,3,-999,-1,0,0,0,,,,,,,,
956,1782597868845,95354,-1,0,0,0,0,0,84,87,10,0,64,140.74,0,-19,3,-997,-1,0,0,0,,,,,,,,
957,1782597868956,95465,-1,0,0,0,0,0,84,87,10,0,64,140.78,0,-17,3,-1001,-1,0,0,0,,,,,,,,
958,1782597869042,95551,-1,0,0,0,0,0,85,86,10,0,64,141.03,0,-18,2,-1000,-1,0,0,0,,,,,,,,
959,1782597869139,95648,-1,0,0,0,0,0,85,86,10,0,64,140.74,0,-18,4,-997,-1,0,0,0,,,,,,,,
960,1782597869220,95729,-1,0,0,0,0,0,85,86,10,0,64,140.91,0,-18,4,-1002,-1,0,0,0,,,,,,,,
961,1782597869346,95855,-1,0,0,0,0,0,85,86,10,0,64,140.49,0,-17,2,-1001,-1,0,0,0,,,,,,,,
962,1782597869443,95952,-1,0,0,0,0,0,85,86,10,0,64,140.97,0,-20,3,-998,-1,0,0,0,,,,,,,,
963,1782597869530,96039,-1,0,0,0,0,0,85,86,10,0,64,140.88,0,-18,2,-1000,-1,0,0,0,,,,,,,,
964,1782597869615,96124,-1,0,0,0,0,0,85,86,10,0,64,140.66,0,-17,6,-1001,-1,0,0,0,,,,,,,,
965,1782597869713,96222,-1,0,0,0,0,0,85,86,10,0,64,140.8,0,-19,1,-1001,-1,0,0,0,,,,,,,,
966,1782597869815,96324,-1,0,0,0,0,0,85,86,10,0,64,140.66,0,-17,5,-999,-1,0,0,0,,,,,,,,
967,1782597869918,96427,-1,0,0,0,0,0,85,86,10,0,64,140.7,0,-18,4,-999,-1,0,0,0,,,,,,,,
968,1782597870013,96522,-1,0,0,0,0,0,84,87,10,0,64,141.11,0,-19,2,-998,-1,0,0,0,,,,,,,,
969,1782597870108,96617,-1,0,0,0,0,0,84,87,10,0,64,140.76,0,-16,3,-1000,-1,0,0,0,,,,,,,,
970,1782597870203,96712,-1,0,0,0,0,0,84,87,10,0,64,140.78,0,-18,3,-999,-1,0,0,0,,,,,,,,
971,1782597870301,96810,-1,0,0,0,0,0,84,87,10,0,64,141.01,0,-18,5,-998,-1,0,0,0,,,,,,,,
972,1782597870396,96905,-1,0,0,0,0,0,84,87,10,0,64,140.56,0,-15,5,-1000,-1,0,0,0,,,,,,,,
973,1782597870507,97016,-1,0,0,0,0,0,84,87,10,0,64,140.84,0,-17,2,-999,-1,0,0,0,,,,,,,,
974,1782597870586,97095,-1,0,0,0,0,0,84,87,10,0,64,140.79,0,-18,5,-999,-1,0,0,0,,,,,,,,
975,1782597870676,97185,-1,0,0,0,0,0,84,87,10,0,64,140.86,0,-17,5,-1002,-1,0,0,0,,,,,,,,
976,1782597870738,97247,-1,0,0,0,0,0,84,87,10,0,64,140.79,0,-17,4,-1001,-1,0,0,0,,,,,,,,
977,1782597870833,97342,-1,0,0,0,0,0,84,87,10,0,63,140.89,0,-18,2,-999,-1,0,0,0,,,,,,,,
978,1782597870965,97474,-1,0,0,0,0,0,85,88,10,0,63,140.81,0,-15,4,-996,-1,0,0,0,,,,,,,,
979,1782597871062,97571,-1,0,0,0,0,0,85,88,10,0,63,140.95,0,-21,5,-998,-1,0,0,0,,,,,,,,
980,1782597871110,97619,-1,0,0,0,0,0,85,88,10,0,63,140.91,0,-20,2,-997,-1,0,0,0,,,,,,,,
981,1782597871210,97719,-1,0,0,0,0,0,85,88,10,0,63,140.97,0,-18,5,-1000,-1,0,0,0,,,,,,,,
982,1782597871334,97843,-1,0,0,0,0,0,85,88,10,0,63,140.83,0,-19,6,-996,-1,0,0,0,,,,,,,,
983,1782597871408,97917,-1,0,0,0,0,0,85,88,10,0,63,140.92,0,-21,1,-1000,-1,0,0,0,,,,,,,,
984,1782597871501,98010,-1,0,0,0,0,0,85,88,10,0,63,140.57,0,-19,4,-999,-1,0,0,0,,,,,,,,
985,1782597871594,98103,-1,0,0,0,0,0,85,88,10,0,63,140.7,0,-18,4,-999,-1,0,0,0,,,,,,,,
986,1782597871690,98199,-1,0,0,0,0,0,85,88,10,0,63,140.71,0,-18,5,-1000,-1,0,0,0,,,,,,,,
987,1782597871824,98333,-1,0,0,0,0,0,85,88,10,0,63,140.58,0,-16,2,-998,-1,0,0,0,,,,,,,,
988,1782597871911,98420,-1,0,0,0,0,0,85,88,10,0,63,141.11,0,-17,6,-1000,-1,0,0,0,,,,,,,,
989,1782597871996,98505,-1,0,0,0,0,0,85,88,10,0,63,140.91,0,-18,3,-1001,-1,0,0,0,,,,,,,,
990,1782597872091,98600,-1,0,0,0,0,0,85,88,10,0,63,140.5,0,-17,5,-998,-1,0,0,0,,,,,,,,
991,1782597872187,98696,-1,0,0,0,0,0,85,88,10,0,63,140.98,0,-19,3,-1000,-1,0,0,0,,,,,,,,
992,1782597872328,98837,-1,0,0,0,0,0,85,88,10,0,63,140.85,0,-17,1,-1000,-1,0,0,0,,,,,,,,
993,1782597872386,98895,-1,0,0,0,0,0,85,88,10,0,63,140.7,0,-18,5,-999,-1,0,0,0,,,,,,,,
994,1782597872476,98985,-1,0,0,0,0,0,85,88,10,0,63,140.68,0,-17,3,-1001,-1,0,0,0,,,,,,,,
995,1782597872573,99082,-1,0,0,0,0,0,85,88,10,0,63,140.7,0,-18,3,-1002,-1,0,0,0,,,,,,,,
996,1782597872673,99182,-1,0,0,0,0,0,85,88,10,0,63,140.97,0,-19,5,-998,-1,0,0,0,,,,,,,,
997,1782597872719,99228,-1,0,0,0,0,0,85,88,10,0,63,140.52,0,-21,5,-997,-1,0,0,0,,,,,,,,
998,1782597872964,99473,-1,0,0,0,0,0,85,87,10,0,63,140.75,0,-17,1,-998,-1,0,0,0,,,,,,,,
999,1782597872969,99478,-1,0,0,0,0,0,85,87,10,0,63,140.81,0,-18,5,-1000,-1,0,0,0,,,,,,,,
1000,1782597873056,99565,-1,0,0,0,0,0,85,87,10,0,63,140.92,0,-19,3,-997,-1,0,0,0,,,,,,,,
1001,1782597873151,99660,-1,0,0,0,0,0,85,87,10,0,63,140.84,0,-18,2,-1000,-1,0,0,0,,,,,,,,
1002,1782597873255,99764,-1,0,0,0,0,0,85,87,10,0,63,140.89,0,-18,6,-1000,-1,0,0,0,,,,,,,,
1003,1782597873286,99795,-1,0,0,0,0,0,85,87,10,0,63,140.49,0,-17,4,-999,-1,0,0,0,,,,,,,,
1004,1782597873398,99907,-1,0,0,0,0,0,85,87,10,0,63,140.83,0,-16,6,-998,-1,0,0,0,,,,,,,,
1005,1782597873479,99988,-1,0,0,0,0,0,85,87,10,0,63,140.82,0,-17,4,-997,-1,0,0,0,,,,,,,,
1006,1782597873574,100083,-1,0,0,0,0,0,85,87,10,0,63,140.75,0,-18,2,-999,-1,0,0,0,,,,,,,,
1007,1782597873670,100179,-1,0,0,0,0,0,85,87,10,0,63,140.88,0,-17,9,-998,-1,0,0,0,,,,,,,,
1008,1782597873766,100275,-1,0,0,0,0,0,85,88,10,0,63,140.89,0,-17,0,-1000,-1,0,0,0,,,,,,,,
1009,1782597873871,100380,-1,0,0,0,0,0,85,88,10,0,63,140.58,0,-18,7,-998,-1,0,0,0,,,,,,,,
1010,1782597873973,100482,-1,0,0,0,0,0,85,88,10,0,63,141.01,0,-17,3,-1001,-1,0,0,0,,,,,,,,
1011,1782597874168,100677,-1,0,0,0,0,0,85,88,10,0,63,140.93,0,-18,2,-999,-1,0,0,0,,,,,,,,
1012,1782597874205,100714,-1,0,0,0,0,0,85,88,10,0,63,140.69,0,-19,9,-1002,-1,0,0,0,,,,,,,,
1013,1782597874297,100806,-1,0,0,0,0,0,85,88,10,0,63,141.03,0,-18,0,-999,-1,0,0,0,,,,,,,,
1014,1782597874395,100904,-1,0,0,0,0,0,85,88,10,0,63,140.84,0,-18,6,-1002,-1,0,0,0,,,,,,,,
1015,1782597874480,100989,-1,0,0,0,0,0,85,88,10,0,63,140.7,0,-17,5,-1001,-1,0,0,0,,,,,,,,
1016,1782597874577,101086,-1,0,0,0,0,0,85,88,10,0,63,140.91,0,-17,3,-997,-1,0,0,0,,,,,,,,
1017,1782597874691,101200,-1,0,0,0,0,0,85,88,10,0,63,140.47,0,-18,5,-1000,-1,0,0,0,,,,,,,,
1018,1782597874809,101318,-1,0,0,0,0,0,84,88,10,0,63,140.48,0,-19,4,-1001,-1,0,0,0,,,,,,,,
1019,1782597874834,101343,-1,0,0,0,0,0,84,88,10,0,63,140.59,0,-20,3,-1001,-1,0,0,0,,,,,,,,
1020,1782597874923,101432,-1,0,0,0,0,0,84,88,10,0,63,140.7,0,-17,4,-998,-1,0,0,0,,,,,,,,
1021,1782597875012,101521,-1,0,0,0,0,0,84,88,10,0,63,140.62,0,-17,6,-1002,-1,0,0,0,,,,,,,,
1022,1782597875105,101614,-1,0,0,0,0,0,84,88,10,0,63,140.61,0,-19,3,-996,-1,0,0,0,,,,,,,,
1023,1782597875200,101709,-1,0,0,0,0,0,84,88,10,0,63,140.84,0,-16,5,-1000,-1,0,0,0,,,,,,,,
1024,1782597875292,101801,-1,0,0,0,0,0,84,88,10,0,63,140.97,0,-17,4,-998,-1,0,0,0,,,,,,,,
1025,1782597875387,101896,-1,0,0,0,0,0,84,88,10,0,63,140.76,0,-19,3,-1000,-1,0,0,0,,,,,,,,
1026,1782597875483,101992,-1,0,0,0,0,0,84,88,10,0,63,140.8,0,-18,3,-999,-1,0,0,0,,,,,,,,
1027,1782597875579,102088,-1,0,0,0,0,0,84,88,10,0,63,140.79,0,-18,7,-999,-1,0,0,0,,,,,,,,
1028,1782597875675,102184,-1,0,0,0,0,0,86,88,10,0,63,140.72,0,-18,0,-999,-1,0,0,0,,,,,,,,
1029,1782597875773,102282,-1,0,0,0,0,0,86,88,10,0,63,140.52,0,-16,10,-997,-1,0,0,0,,,,,,,,
1030,1782597875867,102376,-1,0,0,0,0,0,86,88,10,0,63,140.89,0,-18,0,-1001,-1,0,0,0,,,,,,,,
1031,1782597875963,102472,-1,0,0,0,0,0,86,88,10,0,63,141,0,-17,3,-999,-1,0,0,0,,,,,,,,
1032,1782597876063,102572,-1,0,0,0,0,0,86,88,10,0,63,140.66,0,-17,6,-1000,-1,0,0,0,,,,,,,,
1033,1782597876160,102669,-1,0,0,0,0,0,86,88,10,0,63,140.66,0,-18,1,-997,-1,0,0,0,,,,,,,,
1034,1782597876263,102772,-1,0,0,0,0,0,86,88,10,0,63,140.92,0,-17,7,-1001,-1,0,0,0,,,,,,,,
1035,1782597876402,102911,-1,0,0,0,0,0,86,88,10,0,63,140.8,0,-17,3,-1000,-1,0,0,0,,,,,,,,
1036,1782597876444,102953,-1,0,0,0,0,0,86,88,10,0,63,140.78,0,-17,4,-999,-1,0,0,0,,,,,,,,
1037,1782597876520,103029,-1,0,0,0,0,0,86,88,10,0,63,140.69,0,-18,4,-1002,-1,0,0,0,,,,,,,,
1038,1782597876616,103125,-1,0,0,0,0,0,86,88,10,0,63,140.7,0,-16,2,-999,-1,0,0,0,,,,,,,,
1039,1782597876713,103222,-1,0,0,0,0,0,86,88,10,0,63,140.85,0,-18,6,-1000,-1,0,0,0,,,,,,,,
1040,1782597876808,103317,-1,0,0,0,0,0,86,88,10,0,63,140.67,0,-19,4,-999,-1,0,0,0,,,,,,,,
1041,1782597876904,103413,-1,0,0,0,0,0,86,88,10,0,63,140.56,0,-15,4,-999,-1,0,0,0,,,,,,,,
1042,1782597877000,103509,-1,0,0,0,0,0,86,88,10,0,63,140.64,0,-18,3,-999,-1,0,0,0,,,,,,,,
1043,1782597877109,103618,-1,0,0,0,0,0,86,88,10,0,63,140.81,0,-17,2,-1000,-1,0,0,0,,,,,,,,
1044,1782597877205,103714,-1,0,0,0,0,0,86,88,10,0,63,140.96,0,-15,6,-997,-1,0,0,0,,,,,,,,
1045,1782597877333,103842,-1,0,0,0,0,0,86,88,10,0,63,140.54,0,-16,5,-1002,-1,0,0,0,,,,,,,,
1046,1782597877403,103912,-1,0,0,0,0,0,86,88,10,0,63,140.47,0,-17,1,-1000,-1,0,0,0,,,,,,,,
1047,1782597877489,103998,-1,0,0,0,0,0,86,88,10,0,63,140.78,0,-16,7,-998,-1,0,0,0,,,,,,,,
1048,1782597877583,104092,-1,0,0,0,0,0,86,87,10,0,63,140.74,0,-17,0,-1001,-1,0,0,0,,,,,,,,
1049,1782597877677,104186,-1,0,0,0,0,0,86,87,10,0,63,140.84,0,-18,5,-998,-1,0,0,0,,,,,,,,
1050,1782597877818,104327,-1,0,0,0,0,0,86,87,10,0,63,140.76,0,-17,6,-1001,-1,0,0,0,,,,,,,,
1051,1782597877896,104405,-1,0,0,0,0,0,86,87,10,0,63,140.85,0,-18,3,-1000,-1,0,0,0,,,,,,,,
1052,1782597877953,104462,-1,0,0,0,0,0,86,87,10,0,63,140.88,0,-18,6,-1000,-1,0,0,0,,,,,,,,
1053,1782597878023,104532,-1,0,0,0,0,0,86,87,10,0,63,140.86,0,-19,3,-996,-1,0,0,0,,,,,,,,
1054,1782597878117,104626,-1,0,0,0,0,0,86,87,10,0,63,140.84,0,-18,7,-1002,-1,0,0,0,,,,,,,,
1055,1782597878212,104721,-1,0,0,0,0,0,86,87,10,0,63,140.96,0,-17,2,-999,-1,0,0,0,,,,,,,,
1056,1782597878411,104920,-1,0,0,0,0,0,86,87,10,0,63,140.89,0,-17,4,-1000,-1,0,0,0,,,,,,,,
1057,1782597878461,104970,-1,0,0,0,0,0,86,87,10,0,63,140.95,0,-18,6,-996,-1,0,0,0,,,,,,,,
1058,1782597878550,105059,-1,0,0,0,0,0,86,88,10,0,63,140.91,0,-17,1,-1000,-1,0,0,0,,,,,,,,
1059,1782597878638,105147,-1,0,0,0,0,0,86,88,10,0,63,140.84,0,-17,8,-997,-1,0,0,0,,,,,,,,
1060,1782597878720,105229,-1,0,0,0,0,0,86,88,10,0,63,141.09,0,-18,4,-999,-1,0,0,0,,,,,,,,
1061,1782597878816,105325,-1,0,0,0,0,0,86,88,10,0,63,140.57,0,-18,4,-999,-1,0,0,0,,,,,,,,
1062,1782597878902,105411,-1,0,0,0,0,0,86,88,10,0,63,140.68,0,-18,6,-997,-1,0,0,0,,,,,,,,
1063,1782597878994,105503,-1,0,0,0,0,0,86,88,10,0,63,141.14,0,-16,3,-998,-1,0,0,0,,,,,,,,
1064,1782597879089,105598,-1,0,0,0,0,0,86,88,10,0,63,140.88,0,-18,4,-998,-1,0,0,0,,,,,,,,
1065,1782597879185,105694,-1,0,0,0,0,0,86,88,10,0,63,140.81,0,-18,3,-999,-1,0,0,0,,,,,,,,
1066,1782597879281,105790,-1,0,0,0,0,0,86,88,10,0,63,140.81,0,-18,3,-998,-1,0,0,0,,,,,,,,
1067,1782597879446,105955,-1,0,0,0,0,0,86,88,10,0,63,140.7,0,-17,3,-999,-1,0,0,0,,,,,,,,
1068,1782597879502,106011,-1,0,0,0,0,0,86,88,10,0,63,140.94,0,-16,3,-999,-1,0,0,0,,,,,,,,
1069,1782597879576,106085,-1,0,0,0,0,0,86,88,10,0,63,140.97,0,-19,5,-996,-1,0,0,0,,,,,,,,
1070,1782597879679,106188,-1,0,0,0,0,0,86,88,10,0,63,140.8,0,-17,2,-1000,-1,0,0,0,,,,,,,,
1071,1782597879786,106295,-1,0,0,0,0,0,86,88,10,0,63,140.85,0,-16,6,-1000,-1,0,0,0,,,,,,,,
1072,1782597879814,106323,0,0,0,0,0,0,86,88,10,0,63,140.69,0,-17,4,-1001,-1,0,0,0,,,,,,,,
1073,1782597879911,106420,0,0,0,0,0,0,86,88,10,0,63,140.69,0,-18,2,-1000,-1,0,0,0,,,,,,,,
1074,1782597880036,106545,-1,0,0,0,0,0,86,88,10,0,63,140.82,0,-20,5,-998,-1,0,0,0,,,,,,,,
1075,1782597880107,106616,-1,0,0,0,0,0,86,88,10,0,63,140.79,0,-18,4,-998,-1,0,0,0,,,,,,,,
1076,1782597880216,106725,-1,0,0,0,0,0,86,88,10,0,63,140.52,0,-17,3,-1000,-1,0,0,0,,,,,,,,
1077,1782597880338,106847,-1,0,0,0,0,0,86,88,10,0,63,140.83,0,-18,6,-999,-1,0,0,0,,,,,,,,
1078,1782597880423,106932,-1,0,0,0,0,0,86,89,10,0,63,140.66,0,-18,3,-1001,-1,0,0,0,,,,,,,,
1079,1782597880506,107015,-1,0,0,0,0,0,86,89,10,0,63,140.73,0,-16,9,-1000,-1,0,0,0,,,,,,,,
1080,1782597880600,107109,-1,0,0,0,0,0,86,89,10,0,63,140.71,0,-19,5,-1000,-1,0,0,0,,,,,,,,
1081,1782597880696,107205,0,0,0,0,0,0,86,89,10,0,63,141.03,0,-18,-1,-1003,-1,0,0,0,,,,,,,,
1082,1782597880839,107348,0,0,0,0,0,0,86,89,10,0,63,140.76,0,-19,10,-1000,-1,0,0,0,,,,,,,,
1083,1782597880895,107404,0,0,0,0,0,0,86,89,10,0,63,140.58,0,-20,0,-999,-1,0,0,0,,,,,,,,
1084,1782597880985,107494,0,0,0,0,0,0,86,89,10,0,63,140.38,0,-21,5,-998,-1,0,0,0,,,,,,,,
1085,1782597881081,107590,0,0,0,0,0,0,86,89,10,0,63,140.88,0,-19,6,-998,-1,0,0,0,,,,,,,,
1086,1782597881180,107689,0,0,0,0,0,0,86,89,10,0,63,140.86,0,-18,3,-997,-1,0,0,0,,,,,,,,
1087,1782597881288,107797,0,0,0,0,0,0,86,89,10,0,63,140.84,0,-17,8,-998,-1,0,0,0,,,,,,,,
1088,1782597881423,107932,0,0,0,0,0,0,87,89,10,0,63,140.76,0,-17,6,-1000,-1,0,0,0,,,,,,,,
1089,1782597881451,107960,0,0,0,0,0,0,87,89,10,0,63,140.63,0,-17,0,-1000,-1,0,0,0,,,,,,,,
1090,1782597881541,108050,0,0,0,0,0,0,87,89,10,0,63,140.85,0,-19,8,-999,-1,0,0,0,,,,,,,,
1091,1782597881633,108142,0,0,0,0,0,0,87,89,10,0,63,140.91,0,-17,3,-996,-1,0,0,0,,,,,,,,
1092,1782597881732,108241,0,0,0,0,0,0,87,89,10,0,63,140.68,0,-18,2,-998,-1,0,0,0,,,,,,,,
1093,1782597881822,108331,0,0,0,0,0,0,87,89,10,0,63,140.46,0,-17,4,-1000,-1,0,0,0,,,,,,,,
1094,1782597882019,108528,0,0,0,0,0,0,87,89,10,0,63,140.39,0,-19,6,-1000,-1,0,0,0,,,,,,,,
1095,1782597882030,108539,0,0,0,0,0,0,87,89,10,0,63,140.82,0,-18,1,-998,-1,0,0,0,,,,,,,,
1096,1782597882131,108640,0,0,0,0,0,0,87,89,10,0,63,140.8,0,-17,9,-1001,-1,0,0,0,,,,,,,,
1097,1782597882209,108718,0,0,0,0,0,0,87,89,10,0,63,140.53,0,-21,2,-1003,-1,0,0,0,,,,,,,,
1098,1782597882301,108810,0,0,0,0,0,0,86,88,10,0,63,140.47,0,-16,4,-999,-1,0,0,0,,,,,,,,
1099,1782597882403,108912,0,0,0,0,0,0,86,88,10,0,63,140.9,0,-17,6,-1001,-1,0,0,0,,,,,,,,
1100,1782597882493,109002,0,0,0,0,0,0,86,88,10,0,63,140.55,0,-18,3,-1000,-1,0,0,0,,,,,,,,
1101,1782597882597,109106,0,0,0,0,0,0,86,88,10,0,63,140.84,0,-17,8,-999,-1,0,0,0,,,,,,,,
1102,1782597882700,109209,0,0,0,0,0,0,86,88,10,0,63,140.84,0,-18,4,-1001,-1,0,0,0,,,,,,,,
1103,1782597882794,109303,0,0,0,0,0,0,86,88,10,0,63,140.89,0,-18,5,-999,-1,0,0,0,,,,,,,,
1104,1782597882891,109400,0,0,0,0,0,0,86,88,10,0,63,140.81,0,-16,4,-1000,-1,0,0,0,,,,,,,,
1105,1782597882983,109492,0,0,0,0,0,0,86,88,10,0,63,141.19,0,-18,6,-1001,-1,0,0,0,,,,,,,,
1106,1782597883196,109705,0,0,0,0,0,0,86,88,10,0,63,140.91,0,-20,-1,-999,-1,0,0,0,,,,,,,,
1107,1782597883197,109706,0,0,0,0,0,0,86,88,10,0,63,140.83,0,-17,8,-1002,-1,0,0,0,,,,,,,,
1108,1782597883281,109790,0,0,0,0,0,0,86,88,10,0,63,140.84,0,-18,5,-997,-1,0,0,0,,,,,,,,
1109,1782597883385,109894,0,0,0,0,0,0,86,88,10,0,63,140.58,0,-17,1,-997,-1,0,0,0,,,,,,,,
1110,1782597883450,109959,0,0,0,0,0,0,86,88,10,0,63,140.84,0,-18,6,-999,-1,0,0,0,,,,,,,,
1111,1782597883521,110030,0,0,0,0,0,0,86,88,10,0,63,140.79,0,-20,3,-999,-1,0,0,0,,,,,,,,
1112,1782597883612,110121,0,0,0,0,0,0,86,88,10,0,63,140.85,0,-17,5,-999,-1,0,0,0,,,,,,,,
1113,1782597883706,110215,0,0,0,0,0,0,86,88,10,0,63,140.98,0,-18,4,-998,-1,0,0,0,,,,,,,,
1114,1782597883802,110311,0,0,0,0,0,0,86,88,10,0,63,140.49,0,-18,4,-1001,-1,0,0,0,,,,,,,,
1115,1782597883898,110407,0,0,0,0,0,0,86,88,10,0,63,140.65,0,-17,5,-999,-1,0,0,0,,,,,,,,
1116,1782597883994,110503,0,0,0,0,0,0,86,88,10,0,63,140.99,0,-19,4,-1000,-1,0,0,0,,,,,,,,
1117,1782597884090,110599,0,0,0,0,0,0,86,88,10,0,63,140.79,0,-18,3,-999,-1,0,0,0,,,,,,,,
1118,1782597884224,110733,0,0,0,0,0,0,87,89,10,0,63,141.06,0,-16,6,-999,-1,0,0,0,,,,,,,,
1119,1782597884295,110804,0,0,0,0,0,0,87,89,10,0,63,140.44,0,-16,4,-1001,-1,0,0,0,,,,,,,,
1120,1782597884408,110917,0,0,0,0,0,0,87,89,10,0,63,140.58,0,-19,5,-1000,-1,0,0,0,,,,,,,,
1121,1782597884491,111000,0,0,0,0,0,0,87,89,10,0,63,140.8,0,-18,3,-999,-1,0,0,0,,,,,,,,
1122,1782597884585,111094,0,0,0,0,0,0,87,89,10,0,63,140.84,0,-18,3,-999,-1,0,0,0,,,,,,,,
1123,1782597884679,111188,0,0,0,0,0,0,87,89,10,0,63,140.83,0,-17,3,-1000,-1,0,0,0,,,,,,,,
1124,1782597884814,111323,0,0,0,0,0,0,87,89,10,0,63,140.65,0,-18,3,-999,-1,0,0,0,,,,,,,,
1125,1782597884870,111379,0,0,0,0,0,0,87,89,10,0,63,140.94,0,-18,5,-1000,-1,0,0,0,,,,,,,,
1126,1782597884964,111473,0,0,0,0,0,0,87,89,10,0,63,140.41,0,-19,4,-1001,-1,0,0,0,,,,,,,,
1127,1782597885099,111608,0,0,0,0,0,0,87,89,10,0,63,140.96,0,-18,1,-998,-1,0,0,0,,,,,,,,
1128,1782597885158,111667,0,0,0,0,0,0,87,89,10,0,63,140.77,0,-17,7,-1001,-1,0,0,0,,,,,,,,
1129,1782597885252,111761,0,0,0,0,0,0,87,89,10,0,63,140.94,0,-18,6,-1000,-1,0,0,0,,,,,,,,
1130,1782597885348,111857,0,0,0,0,0,0,87,89,10,0,63,140.99,0,-16,1,-1000,-1,0,0,0,,,,,,,,
1131,1782597885403,111912,0,0,0,0,0,0,87,89,10,0,63,140.8,0,-17,7,-1002,-1,0,0,0,,,,,,,,
1132,1782597885505,112014,0,0,0,0,0,0,87,89,10,0,63,140.93,0,-17,3,-998,-1,0,0,0,,,,,,,,
1133,1782597885600,112109,0,0,0,0,0,0,87,89,10,0,63,141.2,0,-16,3,-1000,-1,0,0,0,,,,,,,,
1134,1782597885684,112193,0,0,0,0,0,0,87,89,10,0,63,140.67,0,-18,6,-999,-1,0,0,0,,,,,,,,
1135,1782597885780,112289,0,0,0,0,0,0,87,89,10,0,63,140.9,0,-16,2,-1000,-1,0,0,0,,,,,,,,
1136,1782597885884,112393,0,0,0,0,0,0,87,89,10,0,63,140.82,0,-16,3,-1001,-1,0,0,0,,,,,,,,
1137,1782597885974,112483,0,0,0,0,0,0,87,89,10,0,63,140.77,0,-17,3,-998,-1,0,0,0,,,,,,,,
1138,1782597886074,112583,0,0,0,0,0,0,86,90,10,0,63,140.86,0,-17,6,-999,-1,0,0,0,,,,,,,,
1139,1782597886177,112686,0,0,0,0,0,0,86,90,10,0,63,140.8,0,-17,5,-999,-1,0,0,0,,,,,,,,
1140,1782597886261,112770,0,0,0,0,0,0,86,90,10,0,63,140.9,0,-17,3,-999,-1,0,0,0,,,,,,,,
1141,1782597886360,112869,0,0,0,0,0,0,86,90,10,0,63,140.87,0,-18,5,-998,-1,0,0,0,,,,,,,,
1142,1782597886466,112975,0,0,0,0,0,0,86,90,10,0,63,140.8,0,-19,2,-999,-1,0,0,0,,,,,,,,
1143,1782597886562,113071,0,0,0,0,0,0,86,90,10,0,63,140.66,0,-19,6,-999,-1,0,0,0,,,,,,,,
1144,1782597886657,113166,0,0,0,0,0,0,86,90,10,0,63,140.91,0,-17,4,-999,-1,0,0,0,,,,,,,,
1145,1782597886776,113285,0,0,0,0,0,0,86,90,10,0,63,141.02,0,-18,5,-998,-1,0,0,0,,,,,,,,
1146,1782597886847,113356,0,0,0,0,0,0,86,90,10,0,63,140.64,0,-18,3,-1002,-1,0,0,0,,,,,,,,
1147,1782597886939,113448,0,0,0,0,0,0,86,90,10,0,63,140.69,0,-19,5,-1001,-1,0,0,0,,,,,,,,
1148,1782597887033,113542,0,0,0,0,0,0,87,90,10,0,63,140.81,0,-17,5,-1003,-1,0,0,0,,,,,,,,
1149,1782597887129,113638,0,0,0,0,0,0,87,90,10,0,63,140.56,0,-18,4,-999,-1,0,0,0,,,,,,,,
1150,1782597887225,113734,0,0,0,0,0,0,87,90,10,0,63,140.87,0,-17,2,-1000,-1,0,0,0,,,,,,,,
1151,1782597887321,113830,0,0,0,0,0,0,87,90,10,0,63,140.57,0,-17,5,-998,-1,0,0,0,,,,,,,,
1152,1782597887417,113926,0,0,0,0,0,0,87,90,10,0,63,140.78,0,-18,0,-998,-1,0,0,0,,,,,,,,
1153,1782597887536,114045,0,0,0,0,0,0,87,90,10,0,63,140.88,0,-16,5,-1000,-1,0,0,0,,,,,,,,
1154,1782597887618,114127,0,0,0,0,0,0,87,90,10,0,63,140.9,0,-17,5,-998,-1,0,0,0,,,,,,,,
1155,1782597887714,114223,0,0,0,0,0,0,87,90,10,0,63,140.99,0,-19,1,-1001,-1,0,0,0,,,,,,,,
1156,1782597887819,114328,0,0,0,0,0,0,87,90,10,0,63,140.75,0,-19,6,-1000,-1,0,0,0,,,,,,,,
1157,1782597887914,114423,0,0,0,0,0,0,87,90,10,0,63,140.58,0,-18,3,-1001,-1,0,0,0,,,,,,,,
1158,1782597888024,114533,0,0,0,0,0,0,87,90,10,0,63,140.95,0,-18,3,-1001,-1,0,0,0,,,,,,,,
1159,1782597888064,114573,0,0,0,0,0,0,87,90,10,0,63,140.8,0,-19,4,-1001,-1,0,0,0,,,,,,,,
1160,1782597888144,114653,0,0,0,0,0,0,87,90,10,0,63,140.72,0,-19,3,-999,-1,0,0,0,,,,,,,,
1161,1782597888240,114749,0,0,0,0,0,0,87,90,10,0,63,140.87,0,-18,6,-999,-1,0,0,0,,,,,,,,
1162,1782597888338,114847,0,0,0,0,0,0,87,90,10,0,63,141.09,0,-17,2,-997,-1,0,0,0,,,,,,,,
1163,1782597888444,114953,0,0,0,0,0,0,87,90,10,0,63,141.13,0,-18,3,-999,-1,0,0,0,,,,,,,,
1164,1782597888587,115096,0,0,0,0,0,0,87,90,10,0,63,140.66,0,-18,4,-998,-1,0,0,0,,,,,,,,
1165,1782597888641,115150,0,0,0,0,0,0,87,90,10,0,63,140.96,0,-18,3,-998,-1,0,0,0,,,,,,,,
1166,1782597888731,115240,0,0,0,0,0,0,87,90,10,0,63,140.81,0,-17,6,-999,-1,0,0,0,,,,,,,,
1167,1782597888824,115333,0,0,0,0,0,0,87,90,10,0,63,140.7,0,-17,3,-1003,-1,0,0,0,,,,,,,,
1168,1782597888919,115428,0,0,0,0,0,0,87,90,10,0,63,140.6,0,-18,1,-1000,-1,0,0,0,,,,,,,,
1169,1782597889009,115518,0,0,0,0,0,0,87,90,10,0,63,140.87,0,-18,5,-1000,-1,0,0,0,,,,,,,,
1170,1782597889108,115617,0,0,0,0,0,0,87,90,10,0,63,140.66,0,-17,4,-998,-1,0,0,0,,,,,,,,
1171,1782597889286,115795,0,0,0,0,0,0,87,90,10,0,63,140.99,0,-18,3,-999,-1,0,0,0,,,,,,,,
1172,1782597889332,115841,0,0,0,0,0,0,87,90,10,0,63,141.09,0,-18,8,-1001,-1,0,0,0,,,,,,,,
1173,1782597889405,115914,0,0,0,0,0,0,87,90,10,0,63,140.89,0,-15,0,-997,-1,0,0,0,,,,,,,,
1174,1782597889494,116003,0,0,0,0,0,0,87,90,10,0,63,141,0,-18,5,-1002,-1,0,0,0,,,,,,,,
1175,1782597889590,116099,0,0,0,0,0,0,87,90,10,0,63,140.77,0,-19,5,-1000,-1,0,0,0,,,,,,,,
1176,1782597889686,116195,0,0,0,0,0,0,87,90,10,0,63,140.72,0,-16,3,-997,-1,0,0,0,,,,,,,,
1177,1782597889797,116306,0,0,0,0,0,0,87,90,10,0,63,140.9,0,-18,6,-1000,-1,0,0,0,,,,,,,,
1178,1782597889960,116469,0,0,0,0,0,0,87,90,10,0,63,141.27,0,-21,4,-1001,-1,0,0,0,,,,,,,,
1179,1782597890002,116511,0,0,0,0,0,0,87,90,10,0,63,140.71,0,-18,3,-1000,-1,0,0,0,,,,,,,,
1180,1782597890085,116594,0,0,0,0,0,0,87,90,10,0,63,141.11,0,-17,5,-1000,-1,0,0,0,,,,,,,,
1181,1782597890180,116689,0,0,0,0,0,0,87,90,10,0,63,140.98,0,-17,3,-1001,-1,0,0,0,,,,,,,,
1182,1782597890273,116782,0,0,0,0,0,0,87,90,10,0,63,140.84,0,-15,7,-999,-1,0,0,0,,,,,,,,
1183,1782597890383,116892,0,0,0,0,0,0,87,90,10,0,63,140.7,0,-18,3,-999,-1,0,0,0,,,,,,,,
1184,1782597890445,116954,0,0,0,0,0,0,87,90,10,0,63,140.69,0,-19,5,-998,-1,0,0,0,,,,,,,,
1185,1782597890535,117044,0,0,0,0,0,0,87,90,10,0,63,140.76,0,-16,6,-998,-1,0,0,0,,,,,,,,
1186,1782597890617,117126,0,0,0,0,0,0,87,90,10,0,63,140.59,0,-18,1,-1000,-1,0,0,0,,,,,,,,
1187,1782597890711,117220,0,0,0,0,0,0,87,90,10,0,63,140.81,0,-17,8,-1001,-1,0,0,0,,,,,,,,
1188,1782597890805,117314,0,0,0,0,0,0,88,90,10,0,63,140.7,0,-17,6,-1001,-1,0,0,0,,,,,,,,
1189,1782597890907,117416,0,0,0,0,0,0,88,90,10,0,63,140.69,0,-18,2,-998,-1,0,0,0,,,,,,,,
1190,1782597890998,117507,0,0,0,0,0,0,88,90,10,0,63,140.8,0,-19,2,-1002,-1,0,0,0,,,,,,,,
1191,1782597891088,117597,0,0,0,0,0,0,88,90,10,0,63,140.51,0,-18,7,-996,-1,0,0,0,,,,,,,,
1192,1782597891184,117693,0,0,0,0,0,0,88,90,10,0,63,141.08,0,-16,2,-1003,-1,0,0,0,,,,,,,,
1193,1782597891280,117789,0,0,0,0,0,0,88,90,10,0,63,140.68,0,-18,4,-999,-1,0,0,0,,,,,,,,
1194,1782597893475,119984,0,0,0,0,0,0,88,90,10,0,63,140.86,0,-18,5,-1000,-1,0,0,0,,,,,,,,
1195,1782597893497,120006,0,0,0,0,0,0,88,90,10,0,63,140.89,0,-19,0,-996,-1,0,0,0,,,,,,,,
1196,1782597893547,120056,0,0,0,0,0,0,88,90,10,0,63,140.6,0,-19,9,-1001,-1,0,0,0,,,,,,,,
1197,1782597893648,120157,0,0,0,0,0,0,88,90,10,0,63,140.89,0,-18,4,-1001,-1,0,0,0,,,,,,,,
1198,1782597893723,120232,0,0,0,0,0,0,88,90,10,0,63,141.03,0,-18,3,-998,-1,0,0,0,,,,,,,,
1199,1782597893819,120328,0,0,0,0,0,0,88,90,10,0,63,140.88,0,-17,6,-1001,-1,0,0,0,,,,,,,,
1200,1782597893915,120424,0,0,0,0,0,0,88,90,10,0,63,140.87,0,-16,5,-999,-1,0,0,0,,,,,,,,
1201,1782597894011,120520,0,0,0,0,0,0,88,90,10,0,63,141.09,0,-17,4,-998,-1,0,0,0,,,,,,,,
1202,1782597894146,120655,0,0,0,0,0,0,88,90,10,0,63,140.84,0,-17,1,-1000,-1,0,0,0,,,,,,,,
1203,1782597894219,120728,0,0,0,0,0,0,88,90,10,0,63,140.66,0,-16,4,-1000,-1,0,0,0,,,,,,,,
1204,1782597894313,120822,0,0,0,0,0,0,88,90,10,0,63,140.92,0,-19,4,-996,-1,0,0,0,,,,,,,,
1205,1782597894407,120916,0,0,0,0,0,0,88,90,10,0,63,140.87,0,-17,3,-999,-1,0,0,0,,,,,,,,
1206,1782597894501,121010,0,0,0,0,0,0,88,90,10,0,63,140.92,0,-17,4,-999,-1,0,0,0,,,,,,,,
1207,1782597894595,121104,0,0,0,0,0,0,88,90,10,0,63,140.78,0,-20,5,-999,-1,0,0,0,,,,,,,,
1208,1782597894693,121202,0,0,0,0,0,0,88,91,10,0,63,140.9,0,-18,4,-1001,-1,0,0,0,,,,,,,,
1209,1782597894788,121297,0,0,0,0,0,0,88,91,10,0,63,140.42,0,-19,3,-1000,-1,0,0,0,,,,,,,,
1210,1782597894946,121455,0,0,0,0,0,0,88,91,10,0,63,140.8,0,-18,2,-999,-1,0,0,0,,,,,,,,
1211,1782597894995,121504,0,0,0,0,0,0,88,91,10,0,63,140.96,0,-17,7,-999,-1,0,0,0,,,,,,,,
1212,1782597895095,121604,0,0,0,0,0,0,88,91,10,0,63,140.73,0,-19,3,-998,-1,0,0,0,,,,,,,,
1213,1782597895168,121677,0,0,0,0,0,0,88,91,10,0,63,141.09,0,-17,6,-1002,-1,0,0,0,,,,,,,,
1214,1782597895263,121772,0,0,0,0,0,0,88,91,10,0,63,140.96,0,-18,5,-1001,-1,0,0,0,,,,,,,,
1215,1782597895359,121868,0,0,0,0,0,0,88,91,10,0,63,140.54,0,-18,3,-1000,-1,0,0,0,,,,,,,,
1216,1782597895477,121986,0,0,0,0,0,0,88,91,10,0,63,140.6,0,-17,7,-998,-1,0,0,0,,,,,,,,
1217,1782597895515,122024,0,0,0,0,0,0,88,91,10,0,63,140.97,0,-17,3,-996,-1,0,0,0,,,,,,,,
1218,1782597895663,122172,0,0,0,0,0,0,88,91,10,0,63,140.7,0,-18,5,-999,-1,0,0,0,,,,,,,,
1219,1782597895697,122206,0,0,0,0,0,0,88,91,10,0,63,140.87,0,-17,6,-1000,-1,0,0,0,,,,,,,,
1220,1782597895793,122302,0,0,0,0,0,0,88,91,10,0,63,140.99,0,-17,2,-999,-1,0,0,0,,,,,,,,
1221,1782597895892,122401,0,0,0,0,0,0,88,91,10,0,63,140.93,0,-18,6,-1000,-1,0,0,0,,,,,,,,
1222,1782597896006,122515,0,0,0,0,0,0,88,91,10,0,63,140.58,0,-19,3,-1000,-1,0,0,0,,,,,,,,
1223,1782597896088,122597,0,0,0,0,0,0,88,91,10,0,63,140.8,0,-17,4,-999,-1,0,0,0,,,,,,,,
1224,1782597896178,122687,0,0,0,0,0,0,88,91,10,0,63,140.99,0,-18,3,-1000,-1,0,0,0,,,,,,,,
1225,1782597896279,122788,0,0,0,0,0,0,88,91,10,0,63,140.83,0,-18,4,-1000,-1,0,0,0,,,,,,,,
1226,1782597896386,122895,0,0,0,0,0,0,88,91,10,0,63,140.69,0,-18,4,-998,-1,0,0,0,,,,,,,,
1227,1782597896482,122991,0,0,0,0,0,0,88,91,10,0,63,140.99,0,-21,5,-999,-1,0,0,0,,,,,,,,
1228,1782597896624,123133,0,0,0,0,0,0,88,91,10,0,63,140.85,0,-19,3,-998,-1,0,0,0,,,,,,,,
1229,1782597896674,123183,0,0,0,0,0,0,88,91,10,0,63,140.84,0,-18,4,-1001,-1,0,0,0,,,,,,,,
1230,1782597896765,123274,0,0,0,0,0,0,88,91,10,0,63,140.89,0,-17,5,-1000,-1,0,0,0,,,,,,,,
1231,1782597896858,123367,0,0,0,0,0,0,88,91,10,0,63,140.88,0,-17,4,-1001,-1,0,0,0,,,,,,,,
1232,1782597897031,123540,0,0,0,0,0,0,88,91,10,0,63,140.86,0,-18,6,-999,-1,0,0,0,,,,,,,,
1233,1782597897080,123589,0,0,0,0,0,0,88,91,10,0,63,140.6,0,-18,5,-1000,-1,0,0,0,,,,,,,,
1234,1782597897168,123677,0,0,0,0,0,0,88,91,10,0,63,141.12,0,-17,3,-998,-1,0,0,0,,,,,,,,
1235,1782597897264,123773,0,0,0,0,0,0,88,91,10,0,63,140.98,0,-18,7,-1001,-1,0,0,0,,,,,,,,
1236,1782597897359,123868,0,0,0,0,0,0,88,91,10,0,63,140.87,0,-18,2,-998,-1,0,0,0,,,,,,,,
1237,1782597897454,123963,0,0,0,0,0,0,88,91,10,0,63,141,0,-16,4,-1000,-1,0,0,0,,,,,,,,
1238,1782597897549,124058,0,0,0,0,0,0,88,91,10,0,63,140.74,0,-17,5,-1000,-1,0,0,0,,,,,,,,
1239,1782597897644,124153,0,0,0,0,0,0,88,91,10,0,63,140.7,0,-18,1,-998,-1,0,0,0,,,,,,,,
1240,1782597897738,124247,0,0,0,0,0,0,88,91,10,0,63,140.54,0,-18,9,-999,-1,0,0,0,,,,,,,,
1241,1782597897833,124342,0,0,0,0,0,0,88,91,10,0,63,140.83,0,-19,0,-1000,-1,0,0,0,,,,,,,,
1242,1782597897925,124434,0,0,0,0,0,0,88,91,10,0,63,140.98,0,-18,4,-1001,-1,0,0,0,,,,,,,,
1243,1782597897987,124496,0,0,0,0,0,0,88,91,10,0,63,140.79,0,-19,6,-1000,-1,0,0,0,,,,,,,,
1244,1782597898143,124652,0,0,0,0,0,0,88,91,10,0,63,141.03,0,-20,2,-999,-1,0,0,0,,,,,,,,
1245,1782597898194,124703,0,0,0,0,0,0,88,91,10,0,63,141.02,0,-17,5,-999,-1,0,0,0,,,,,,,,
1246,1782597898271,124780,0,0,0,0,0,0,88,91,10,0,63,140.9,0,-18,4,-1001,-1,0,0,0,,,,,,,,
1247,1782597898365,124874,0,0,0,0,0,0,88,91,10,0,63,140.92,0,-17,0,-999,-1,0,0,0,,,,,,,,
1248,1782597898461,124970,0,0,0,0,0,0,88,90,10,0,63,140.46,0,-18,7,-1000,-1,0,0,0,,,,,,,,
1249,1782597898558,125067,0,0,0,0,0,0,88,90,10,0,63,140.66,0,-16,5,-998,-1,0,0,0,,,,,,,,
1250,1782597898703,125212,0,0,0,0,0,0,88,90,10,0,63,140.99,0,-17,4,-998,-1,0,0,0,,,,,,,,
1251,1782597898785,125294,0,0,0,0,0,0,88,90,10,0,63,140.93,0,-19,5,-1000,-1,0,0,0,,,,,,,,
1252,1782597898841,125350,0,0,0,0,0,0,88,90,10,0,63,140.9,0,-18,3,-1001,-1,0,0,0,,,,,,,,
1253,1782597898934,125443,0,0,0,0,0,0,88,90,10,0,63,140.63,0,-18,5,-1000,-1,0,0,0,,,,,,,,
1254,1782597899030,125539,0,0,0,0,0,0,88,90,10,0,63,140.68,0,-18,5,-1000,-1,0,0,0,,,,,,,,
1255,1782597899123,125632,0,0,0,0,0,0,88,90,10,0,63,141.04,0,-17,4,-998,-1,0,0,0,,,,,,,,
1256,1782597899240,125749,0,0,0,0,0,0,88,90,10,0,63,140.8,0,-18,5,-1000,-1,0,0,0,,,,,,,,
1257,1782597899315,125824,0,0,0,0,0,0,88,90,10,0,63,140.89,0,-18,3,-1001,-1,0,0,0,,,,,,,,
1258,1782597899413,125922,0,0,0,0,0,0,89,91,10,0,63,140.93,0,-18,7,-999,-1,0,0,0,,,,,,,,
1259,1782597899507,126016,0,0,0,0,0,0,89,91,10,0,63,140.75,0,-18,6,-1001,-1,0,0,0,,,,,,,,
1260,1782597899604,126113,0,0,0,0,0,0,89,91,10,0,63,140.8,0,-19,1,-998,-1,0,0,0,,,,,,,,
1261,1782597899768,126277,0,0,0,0,0,0,89,91,10,0,63,141.02,0,-18,4,-1001,-1,0,0,0,,,,,,,,
1262,1782597899820,126329,0,0,0,0,0,0,89,91,10,0,63,140.86,0,-18,3,-998,-1,0,0,0,,,,,,,,
1263,1782597899905,126414,0,0,0,0,0,0,89,91,10,0,63,141,0,-19,3,-1002,-1,0,0,0,,,,,,,,
1264,1782597900001,126510,0,0,0,0,0,0,89,91,10,0,63,140.83,0,-17,4,-999,-1,0,0,0,,,,,,,,
1265,1782597900098,126607,0,0,0,0,0,0,89,91,10,0,63,140.83,0,-18,5,-1000,-1,0,0,0,,,,,,,,
1266,1782597900193,126702,0,0,0,0,0,0,89,91,10,0,63,140.8,0,-17,4,-998,-1,0,0,0,,,,,,,,
1267,1782597900301,126810,0,0,0,0,0,0,89,91,10,0,63,141.2,0,-16,5,-1000,-1,0,0,0,,,,,,,,
1268,1782597900395,126904,0,0,0,0,0,0,89,92,10,0,63,141,0,-20,4,-1002,-1,0,0,0,,,,,,,,
1269,1782597900482,126991,0,0,0,0,0,0,89,92,10,0,63,140.83,0,-18,5,-1000,-1,0,0,0,,,,,,,,
1270,1782597900571,127080,0,0,0,0,0,0,89,92,10,0,63,140.78,0,-18,5,-998,-1,0,0,0,,,,,,,,
1271,1782597900666,127175,0,0,0,0,0,0,89,92,10,0,63,140.85,0,-18,1,-998,-1,0,0,0,,,,,,,,
1272,1782597900763,127272,0,0,0,0,0,0,89,92,10,0,63,140.68,0,-18,7,-998,-1,0,0,0,,,,,,,,
1273,1782597900821,127330,0,0,0,0,0,0,89,92,10,0,63,140.88,0,-17,4,-1000,-1,0,0,0,,,,,,,,
1274,1782597900913,127422,0,0,0,0,0,0,89,92,10,0,63,140.9,0,-18,4,-1000,-1,0,0,0,,,,,,,,
1275,1782597901010,127519,0,0,0,0,0,0,89,92,10,0,63,140.86,0,-18,5,-1001,-1,0,0,0,,,,,,,,
1276,1782597901194,127703,0,0,0,0,0,0,89,92,10,0,63,140.93,0,-18,3,-997,-1,0,0,0,,,,,,,,
1277,1782597901249,127758,0,0,0,0,0,0,89,92,10,0,63,141.05,0,-17,5,-999,-1,0,0,0,,,,,,,,
1278,1782597901351,127860,0,0,0,0,0,0,89,92,10,0,63,140.99,0,-17,3,-1002,-1,0,0,0,,,,,,,,
1279,1782597901421,127930,0,0,0,0,0,0,89,92,10,0,63,140.98,0,-18,1,-999,-1,0,0,0,,,,,,,,
1280,1782597901516,128025,0,0,0,0,0,0,89,92,10,0,63,140.56,0,-19,8,-1000,-1,0,0,0,,,,,,,,
1281,1782597901609,128118,0,0,0,0,0,0,89,92,10,0,63,140.62,0,-18,5,-1001,-1,0,0,0,,,,,,,,
1282,1782597901746,128255,0,0,0,0,0,0,89,92,10,0,63,140.58,0,-17,3,-1002,-1,0,0,0,,,,,,,,
1283,1782597901806,128315,0,0,0,0,0,0,89,92,10,0,63,141.01,0,-17,8,-999,-1,0,0,0,,,,,,,,
1284,1782597901906,128415,0,0,0,0,0,0,89,92,10,0,63,140.69,0,-17,2,-1000,-1,0,0,0,,,,,,,,
1285,1782597901950,128459,0,0,0,0,0,0,89,92,10,0,63,140.7,0,-19,4,-999,-1,0,0,0,,,,,,,,
1286,1782597902046,128555,0,0,0,0,0,0,89,92,10,0,63,141.06,0,-19,3,-1003,-1,0,0,0,,,,,,,,
1287,1782597902146,128655,0,0,0,0,0,0,89,92,10,0,63,140.9,0,-17,5,-999,-1,0,0,0,,,,,,,,
1288,1782597902239,128748,0,0,0,0,0,0,88,92,10,0,63,140.94,0,-21,7,-999,-1,0,0,0,,,,,,,,
1289,1782597902431,128940,0,0,0,0,0,0,88,92,10,0,63,141.11,0,-20,1,-997,-1,0,0,0,,,,,,,,
1290,1782597902518,129027,0,0,0,0,0,0,88,92,10,0,63,140.81,0,-19,8,-1000,-1,0,0,0,,,,,,,,
1291,1782597902552,129061,0,0,0,0,0,0,88,92,10,0,63,140.95,0,-18,2,-998,-1,0,0,0,,,,,,,,
1292,1782597902634,129143,0,0,0,0,0,0,88,92,10,0,63,140.89,0,-19,2,-1001,-1,0,0,0,,,,,,,,
1293,1782597902738,129247,0,0,0,0,0,0,88,92,10,0,63,140.54,0,-18,7,-1000,-1,0,0,0,,,,,,,,
1294,1782597902829,129338,0,0,0,0,0,0,88,92,10,0,63,140.53,0,-18,2,-999,-1,0,0,0,,,,,,,,
1295,1782597902925,129434,0,0,0,0,0,0,88,92,10,0,63,140.79,0,-19,5,-999,-1,0,0,0,,,,,,,,
1296,1782597903022,129531,0,0,0,0,0,0,88,92,10,0,63,140.99,0,-19,7,-999,-1,0,0,0,,,,,,,,
1297,1782597903115,129624,0,0,0,0,0,0,88,92,10,0,63,140.82,0,-19,1,-999,-1,0,0,0,,,,,,,,
1298,1782597903210,129719,0,0,0,0,0,0,89,92,10,0,63,140.5,0,-18,3,-998,-1,0,0,0,,,,,,,,
1299,1782597903303,129812,0,0,0,0,0,0,89,92,10,0,63,141.11,0,-18,5,-997,-1,0,0,0,,,,,,,,
1300,1782597903397,129906,0,0,0,0,0,0,89,92,10,0,63,140.81,0,-18,3,-1004,-1,0,0,0,,,,,,,,
1301,1782597903518,130027,0,0,0,0,0,0,89,92,10,0,63,140.73,0,-17,4,-999,-1,0,0,0,,,,,,,,
1302,1782597903595,130104,0,0,0,0,0,0,89,92,10,0,63,140.61,0,-19,5,-1000,-1,0,0,0,,,,,,,,
1303,1782597903689,130198,0,0,0,0,0,0,89,92,10,0,63,140.81,0,-17,5,-997,-1,0,0,0,,,,,,,,
1304,1782597903786,130295,0,0,0,0,0,0,89,92,10,0,63,140.8,0,-19,2,-999,-1,0,0,0,,,,,,,,
1305,1782597903883,130392,0,0,0,0,0,0,89,92,10,0,63,140.74,0,-17,5,-1002,-1,0,0,0,,,,,,,,
1306,1782597903980,130489,0,0,0,0,0,0,89,92,10,0,63,140.61,0,-18,6,-1003,-1,0,0,0,,,,,,,,
1307,1782597904086,130595,0,0,0,0,0,0,89,92,10,0,63,140.76,0,-16,1,-997,-1,0,0,0,,,,,,,,
1308,1782597904174,130683,0,0,0,0,0,0,89,92,10,0,63,140.68,0,-18,8,-997,-1,0,0,0,,,,,,,,
1309,1782597904315,130824,0,0,0,0,0,0,89,92,10,0,63,140.88,0,-19,1,-1000,-1,0,0,0,,,,,,,,
1310,1782597904365,130874,0,0,0,0,0,0,89,92,10,0,63,140.8,0,-17,4,-1000,-1,0,0,0,,,,,,,,
1311,1782597904442,130951,0,0,0,0,0,0,89,92,10,0,63,140.69,0,-22,4,-990,-1,0,0,0,,,,,,,,
1312,1782597904539,131048,0,0,0,0,0,0,89,92,10,0,63,140.84,0,-15,2,-1012,-1,0,0,0,,,,,,,,
1313,1782597904635,131144,0,0,0,0,0,0,89,92,10,0,63,141.07,0,-20,5,-1003,-1,0,0,0,,,,,,,,
1314,1782597904731,131240,0,0,0,0,0,0,89,92,10,0,63,141.06,0,-18,4,-1003,-1,0,0,0,,,,,,,,
1315,1782597904830,131339,0,0,0,0,0,0,89,92,10,0,63,141.12,0,-17,5,-993,-1,0,0,0,,,,,,,,
1316,1782597904936,131445,0,0,0,0,0,0,89,92,10,0,63,140.87,0,-26,6,-975,-1,0,0,0,,,,,,,,
1317,1782597905072,131581,0,0,0,0,0,0,89,92,10,0,63,140.65,0,-12,5,-1010,-1,0,0,0,,,,,,,,
1318,1782597905138,131647,0,0,0,0,0,0,89,92,10,0,63,141.01,0,-20,1,-1008,-1,0,0,0,,,,,,,,
1319,1782597905190,131699,0,0,0,0,0,0,89,92,10,0,63,140.67,0,-18,2,-1006,-1,0,0,0,,,,,,,,
1320,1782597905287,131796,0,0,0,0,0,0,89,92,10,0,63,140.77,0,-17,9,-990,-1,0,0,0,,,,,,,,
1321,1782597905379,131888,0,0,0,0,0,0,89,92,10,0,63,140.94,0,-19,4,-991,-1,0,0,0,,,,,,,,
1322,1782597905479,131988,0,0,0,0,0,0,89,92,10,0,63,140.89,0,-16,4,-1011,-1,0,0,0,,,,,,,,
1323,1782597905580,132089,0,0,0,0,0,0,89,92,10,0,63,140.88,0,-17,3,-1004,-1,0,0,0,,,,,,,,
1324,1782597905664,132173,0,0,0,0,0,0,89,92,10,0,63,141.18,0,-18,3,-1001,-1,0,0,0,,,,,,,,
1325,1782597905758,132267,0,0,0,0,0,0,89,92,10,0,63,140.91,0,-19,5,-993,-1,0,0,0,,,,,,,,
1326,1782597905852,132361,0,0,0,0,0,0,89,92,10,0,63,140.83,0,-17,4,-1004,-1,0,0,0,,,,,,,,
1327,1782597905947,132456,0,0,0,0,0,0,89,92,10,0,63,140.88,0,-19,4,-999,-1,0,0,0,,,,,,,,
1328,1782597906053,132562,0,0,0,0,0,0,90,92,10,0,63,140.65,0,-14,5,-1005,-1,0,0,0,,,,,,,,
1329,1782597906140,132649,0,0,0,0,0,0,90,92,10,0,63,140.92,0,-21,0,-1001,-1,0,0,0,,,,,,,,
1330,1782597906236,132745,0,0,0,0,0,0,90,92,10,0,63,140.68,0,-18,9,-997,-1,0,0,0,,,,,,,,
1331,1782597906333,132842,0,0,0,0,0,0,90,92,10,0,63,140.61,0,-16,6,-1000,-1,0,0,0,,,,,,,,
1332,1782597906429,132938,0,0,0,0,0,0,90,92,10,0,63,140.48,0,-20,-1,-1001,-1,0,0,0,,,,,,,,
1333,1782597906525,133034,0,0,0,0,0,0,90,92,10,0,63,140.7,0,-17,8,-998,-1,0,0,0,,,,,,,,
1334,1782597906707,133216,0,0,0,0,0,0,90,92,10,0,63,140.77,0,-16,3,-1004,-1,0,0,0,,,,,,,,
1335,1782597906798,133307,0,0,0,0,0,0,90,92,10,0,63,140.69,0,-20,2,-999,-1,0,0,0,,,,,,,,
1336,1782597906841,133350,0,0,0,0,0,0,90,92,10,0,63,140.86,0,-14,6,-1001,-1,0,0,0,,,,,,,,
1337,1782597906945,133454,0,0,0,0,0,0,90,92,10,0,63,140.5,0,-19,2,-996,-1,0,0,0,,,,,,,,
1338,1782597907015,133524,0,0,0,0,0,0,90,92,10,0,63,140.76,0,-16,4,-1000,-1,0,0,0,,,,,,,,
1339,1782597907116,133625,0,0,0,0,0,0,90,92,10,0,63,140.72,0,-17,5,-998,-1,0,0,0,,,,,,,,
1340,1782597907207,133716,0,0,0,0,0,0,90,92,10,0,63,140.78,0,-17,4,-999,-1,0,0,0,,,,,,,,
1341,1782597907325,133834,0,0,0,0,0,0,90,92,10,0,63,140.79,0,-15,7,-998,-1,0,0,0,,,,,,,,
1342,1782597907404,133913,0,0,0,0,0,0,90,92,10,0,63,140.84,0,-16,2,-1000,-1,0,0,0,,,,,,,,
1343,1782597907495,134004,0,0,0,0,0,0,90,92,10,0,63,140.97,0,-18,5,-998,-1,0,0,0,,,,,,,,
1344,1782597907591,134100,0,0,0,0,0,0,90,92,10,0,63,140.87,0,-16,4,-1000,-1,0,0,0,,,,,,,,
1345,1782597907642,134151,0,0,0,0,0,0,90,92,10,0,63,140.82,0,-18,2,-999,-1,0,0,0,,,,,,,,
1346,1782597907736,134245,0,0,0,0,0,0,90,92,10,0,63,140.86,0,-17,7,-999,-1,0,0,0,,,,,,,,
1347,1782597907831,134340,0,0,0,0,0,0,90,92,10,0,63,140.81,0,-16,1,-1002,-1,0,0,0,,,,,,,,
1348,1782597907958,134467,0,0,0,0,0,0,90,93,10,0,63,140.92,0,-20,5,-1001,-1,0,0,0,,,,,,,,
1349,1782597908032,134541,0,0,0,0,0,0,90,93,10,0,63,140.78,0,-17,5,-1000,-1,0,0,0,,,,,,,,
1350,1782597908133,134642,0,0,0,0,0,0,90,93,10,0,63,140.64,0,-18,2,-1000,-1,0,0,0,,,,,,,,
1351,1782597908236,134745,0,0,0,0,0,0,90,93,10,0,63,140.78,0,-19,4,-998,-1,0,0,0,,,,,,,,
1352,1782597908334,134843,0,0,0,0,0,0,90,93,10,0,63,140.93,0,-17,6,-1000,-1,0,0,0,,,,,,,,
1353,1782597908426,134935,0,0,0,0,0,0,90,93,10,0,63,141.26,0,-20,1,-1000,-1,0,0,0,,,,,,,,
1354,1782597908523,135032,-1,0,0,0,0,0,90,93,10,0,63,140.78,0,-17,5,-998,-1,0,0,0,,,,,,,,
1355,1782597908615,135124,-1,0,0,0,0,0,90,93,10,0,63,140.83,0,-17,1,-998,-1,0,0,0,,,,,,,,
1356,1782597908710,135219,-1,0,0,0,0,0,90,93,10,0,63,140.9,0,-18,6,-1002,-1,0,0,0,,,,,,,,
1357,1782597908837,135346,-1,0,0,0,0,0,90,93,10,0,63,141.07,0,-19,4,-1002,-1,0,0,0,,,,,,,,
1358,1782597908897,135406,-1,0,0,0,0,0,90,93,10,0,63,140.66,0,-17,4,-996,-1,0,0,0,,,,,,,,
1359,1782597908993,135502,-1,0,0,0,0,0,90,93,10,0,63,140.81,0,-17,4,-999,-1,0,0,0,,,,,,,,
1360,1782597909089,135598,-1,0,0,0,0,0,90,93,10,0,63,140.86,0,-17,4,-999,-1,0,0,0,,,,,,,,
1361,1782597909185,135694,0,0,0,0,0,0,90,93,10,0,63,141.13,0,-19,4,-1000,-1,0,0,0,,,,,,,,
1362,1782597909281,135790,0,0,0,0,0,0,90,93,10,0,63,140.77,0,-16,3,-1006,-1,0,0,0,,,,,,,,
1363,1782597909400,135909,0,0,0,0,0,0,90,93,10,0,63,141.05,0,-18,1,-999,-1,0,0,0,,,,,,,,
1364,1782597909475,135984,0,0,0,0,0,0,90,93,10,0,63,141.13,0,-20,5,-1000,-1,0,0,0,,,,,,,,
1365,1782597909575,136084,0,0,0,0,0,0,90,93,10,0,63,141,0,-17,8,-995,-1,0,0,0,,,,,,,,
1366,1782597909682,136191,0,0,0,0,0,0,90,93,10,0,63,141.04,0,-19,0,-1000,-1,0,0,0,,,,,,,,
1367,1782597909776,136285,0,0,0,0,0,0,90,93,10,0,63,141.14,0,-18,6,-1000,-1,0,0,0,,,,,,,,
1368,1782597909871,136380,0,0,0,0,0,0,90,92,10,0,63,140.96,0,-17,3,-1001,-1,0,0,0,,,,,,,,
1369,1782597909966,136475,0,0,0,0,0,0,90,92,10,0,63,141.07,0,-18,6,-999,-1,0,0,0,,,,,,,,
1370,1782597910061,136570,0,0,0,0,0,0,90,92,10,0,63,141.2,0,-17,3,-999,-1,0,0,0,,,,,,,,
1371,1782597910100,136609,0,0,0,0,0,0,90,92,10,0,63,141.04,0,-19,5,-996,-1,0,0,0,,,,,,,,
1372,1782597910246,136755,0,0,0,0,0,0,90,92,10,0,63,140.92,0,-20,5,-1002,-1,0,0,0,,,,,,,,
1373,1782597910329,136838,0,0,0,0,0,0,90,92,10,0,63,140.9,0,-17,3,-999,-1,0,0,0,,,,,,,,
1374,1782597910404,136913,0,0,0,0,0,0,90,92,10,0,63,140.59,0,-19,4,-999,-1,0,0,0,,,,,,,,
1375,1782597910499,137008,0,0,0,0,0,0,90,92,10,0,63,141.07,0,-19,4,-1000,-1,0,0,0,,,,,,,,
1376,1782597910597,137106,0,0,0,0,0,0,90,92,10,0,63,140.52,0,-18,4,-999,-1,0,0,0,,,,,,,,
1377,1782597910728,137237,0,0,0,0,0,0,90,92,10,0,63,140.83,0,-19,3,-995,-1,0,0,0,,,,,,,,
1378,1782597910787,137296,0,0,0,0,0,0,90,92,10,0,63,140.86,0,-18,4,-1003,-1,0,0,0,,,,,,,,
1379,1782597910883,137392,0,0,0,0,0,0,90,92,10,0,63,140.95,0,-19,4,-1000,-1,0,0,0,,,,,,,,
1380,1782597910980,137489,0,0,0,0,0,0,90,92,10,0,63,141.12,0,-20,6,-995,-1,0,0,0,,,,,,,,
1381,1782597911075,137584,0,0,0,0,0,0,90,92,10,0,63,141.03,0,-18,4,-996,-1,0,0,0,,,,,,,,
1382,1782597911174,137683,0,0,0,0,0,0,90,92,10,0,63,140.98,0,-16,3,-1000,-1,0,0,0,,,,,,,,
1383,1782597911305,137814,0,0,0,0,0,0,90,92,10,0,63,140.97,0,-17,6,-1002,-1,0,0,0,,,,,,,,
1384,1782597911387,137896,0,0,0,0,0,0,90,92,10,0,63,141,0,-17,1,-993,-1,0,0,0,,,,,,,,
1385,1782597911479,137988,0,0,0,0,0,0,90,92,10,0,63,140.81,0,-17,4,-1000,-1,0,0,0,,,,,,,,
1386,1782597911566,138075,0,0,0,0,0,0,90,92,10,0,63,141.09,0,-19,5,-998,-1,0,0,0,,,,,,,,
1387,1782597911662,138171,0,0,0,0,0,0,90,92,10,0,63,140.9,0,-17,4,-1002,-1,0,0,0,,,,,,,,
1388,1782597911803,138312,0,0,0,0,0,0,90,92,10,0,63,140.67,0,-21,4,-998,-1,0,0,0,,,,,,,,
1389,1782597911867,138376,0,0,0,0,0,0,90,92,10,0,63,141,0,-19,6,-993,-1,0,0,0,,,,,,,,
1390,1782597911904,138413,0,0,0,0,0,0,90,92,10,0,63,140.99,0,-18,5,-992,-1,0,0,0,,,,,,,,
1391,1782597912005,138514,0,0,0,0,0,0,90,92,10,0,63,140.96,0,-20,5,-1005,-1,0,0,0,,,,,,,,
1392,1782597912101,138610,0,0,0,0,0,0,90,92,10,0,63,140.76,0,-17,5,-1001,-1,0,0,0,,,,,,,,
1393,1782597912193,138702,0,0,0,0,0,0,90,92,10,0,63,141.02,0,-18,4,-997,-1,0,0,0,,,,,,,,
1394,1782597912331,138840,0,0,0,0,0,0,90,92,10,0,63,140.9,0,-19,3,-999,-1,0,0,0,,,,,,,,
1395,1782597912391,138900,0,0,0,0,0,0,90,92,10,0,63,140.56,0,-18,2,-1000,-1,0,0,0,,,,,,,,
1396,1782597912476,138985,0,0,0,0,0,0,90,92,10,0,63,140.85,0,-17,4,-999,-1,0,0,0,,,,,,,,
1397,1782597912572,139081,0,0,0,0,0,0,90,92,10,0,63,140.56,0,-17,4,-999,-1,0,0,0,,,,,,,,
1398,1782597912664,139173,0,0,0,0,0,0,90,93,10,0,63,141.02,0,-17,2,-1001,-1,0,0,0,,,,,,,,
1399,1782597912760,139269,0,0,0,0,0,0,90,93,10,0,63,140.81,0,-16,4,-1003,-1,0,0,0,,,,,,,,
1400,1782597912927,139436,0,0,0,0,0,0,90,93,10,0,63,141.07,0,-19,5,-996,-1,0,0,0,,,,,,,,
1401,1782597912978,139487,0,0,0,0,0,0,90,93,10,0,63,141.19,0,-18,4,-1000,-1,0,0,0,,,,,,,,
1402,1782597913050,139559,0,0,0,0,0,0,90,93,10,0,63,140.9,0,-18,6,-997,-1,0,0,0,,,,,,,,
1403,1782597913146,139655,0,0,0,0,0,0,90,93,10,0,63,140.81,0,-19,3,-997,-1,0,0,0,,,,,,,,
1404,1782597913244,139753,0,0,0,0,0,0,90,93,10,0,63,140.83,0,-18,6,-1000,-1,0,0,0,,,,,,,,
1405,1782597913383,139892,0,0,0,0,0,0,90,93,10,0,63,140.86,0,-17,2,-999,-1,0,0,0,,,,,,,,
1406,1782597913451,139960,0,0,0,0,0,0,90,93,10,0,63,141.15,0,-20,3,-998,-1,0,0,0,,,,,,,,
1407,1782597913544,140053,0,0,0,0,0,0,90,93,10,0,63,140.99,0,-18,5,-999,-1,0,0,0,,,,,,,,
1408,1782597913638,140147,0,0,0,0,0,0,91,92,10,0,63,140.66,0,-18,6,-1001,-1,0,0,0,,,,,,,,
1409,1782597913733,140242,0,0,0,0,0,0,91,92,10,0,63,140.85,0,-17,6,-999,-1,0,0,0,,,,,,,,
1410,1782597913826,140335,0,0,0,0,0,0,91,92,10,0,63,140.56,0,-18,3,-1002,-1,0,0,0,,,,,,,,
1411,1782597913973,140482,0,0,0,0,0,0,91,92,10,0,63,140.82,0,-17,5,-999,-1,0,0,0,,,,,,,,
1412,1782597914031,140540,0,0,0,0,0,0,91,92,10,0,63,140.77,0,-17,3,-1000,-1,0,0,0,,,,,,,,
1413,1782597914108,140617,0,0,0,0,0,0,91,92,10,0,63,140.93,0,-20,6,-1000,-1,0,0,0,,,,,,,,
1414,1782597914207,140716,0,0,0,0,0,0,91,92,10,0,63,140.65,0,-18,6,-1000,-1,0,0,0,,,,,,,,
1415,1782597914299,140808,0,0,0,0,0,0,91,92,10,0,63,140.58,0,-19,2,-998,-1,0,0,0,,,,,,,,
1416,1782597914395,140904,0,0,0,0,0,0,91,92,10,0,63,141.03,0,-18,6,-999,-1,0,0,0,,,,,,,,
1417,1782597914618,141127,0,0,0,0,0,0,91,92,10,0,63,140.71,0,-18,3,-1000,-1,0,0,0,,,,,,,,
1418,1782597914628,141137,0,0,0,0,0,0,90,93,10,0,63,140.83,0,-19,4,-999,-1,0,0,0,,,,,,,,
1419,1782597914685,141194,0,0,0,0,0,0,90,93,10,0,63,140.96,0,-20,7,-998,-1,0,0,0,,,,,,,,
1420,1782597914788,141297,0,0,0,0,0,0,90,93,10,0,63,140.8,0,-18,3,-998,-1,0,0,0,,,,,,,,
1421,1782597914867,141376,0,0,0,0,0,0,90,93,10,0,63,140.88,0,-18,5,-1001,-1,0,0,0,,,,,,,,
1422,1782597914965,141474,0,0,0,0,0,0,90,93,10,0,63,140.52,0,-20,5,-998,-1,0,0,0,,,,,,,,
1423,1782597915055,141564,0,0,0,0,0,0,90,93,10,0,63,141.02,0,-18,4,-996,-1,0,0,0,,,,,,,,
1424,1782597915204,141713,0,0,0,0,0,0,90,93,10,0,63,140.76,0,-17,3,-1002,-1,0,0,0,,,,,,,,
1425,1782597915243,141752,0,0,0,0,0,0,90,93,10,0,63,140.84,0,-18,6,-998,-1,0,0,0,,,,,,,,
1426,1782597915314,141823,0,0,0,0,0,0,90,93,10,0,63,140.9,0,-18,3,-1000,-1,0,0,0,,,,,,,,
1427,1782597915426,141935,0,0,0,0,0,0,90,93,10,0,63,140.62,0,-18,3,-999,-1,0,0,0,,,,,,,,
1428,1782597915526,142035,0,0,0,0,0,0,91,94,10,0,63,140.99,0,-17,5,-1002,-1,0,0,0,,,,,,,,
1429,1782597915622,142131,0,0,0,0,0,0,91,94,10,0,63,140.78,0,-17,6,-999,-1,0,0,0,,,,,,,,
1430,1782597915710,142219,0,0,0,0,0,0,91,94,10,0,63,140.73,0,-19,3,-1001,-1,0,0,0,,,,,,,,
1431,1782597915804,142313,0,0,0,0,0,0,91,94,10,0,63,140.98,0,-16,3,-1001,-1,0,0,0,,,,,,,,
1432,1782597915899,142408,0,0,0,0,0,0,91,94,10,0,63,141.04,0,-18,5,-1002,-1,0,0,0,,,,,,,,
1433,1782597916047,142556,0,0,0,0,0,0,91,94,10,0,63,141.31,0,-17,3,-998,-1,0,0,0,,,,,,,,
1434,1782597916113,142622,0,0,0,0,0,0,91,94,10,0,63,140.9,0,-18,4,-999,-1,0,0,0,,,,,,,,
1435,1782597916185,142694,-1,0,0,0,0,0,91,94,10,0,63,141.17,0,-17,3,-1000,-1,0,0,0,,,,,,,,
1436,1782597916394,142903,-1,0,0,0,0,0,91,94,10,0,63,140.65,0,-16,6,-1000,-1,0,0,0,,,,,,,,
1437,1782597916417,142926,0,0,0,0,0,0,91,94,10,0,63,140.56,0,-19,5,-998,-1,0,0,0,,,,,,,,
1438,1782597916469,142978,-1,0,0,0,0,0,90,93,10,0,63,140.52,0,-17,1,-998,-1,0,0,0,,,,,,,,
1439,1782597916554,143063,-1,0,0,0,0,0,90,93,10,0,63,140.87,0,-21,8,-1001,-1,0,0,0,,,,,,,,
1440,1782597916656,143165,-1,0,0,0,0,0,90,93,10,0,63,140.9,0,-16,3,-999,-1,0,0,0,,,,,,,,
1441,1782597916747,143256,-1,0,0,0,0,0,90,93,10,0,63,141.02,0,-19,6,-1000,-1,0,0,0,,,,,,,,
1442,1782597916842,143351,-1,0,0,0,0,0,90,93,10,0,63,140.97,0,-18,7,-998,-1,0,0,0,,,,,,,,
1443,1782597916938,143447,-1,0,0,0,0,0,90,93,10,0,63,140.84,0,-17,2,-1002,-1,0,0,0,,,,,,,,
1444,1782597917028,143537,-1,0,0,0,0,0,90,93,10,0,63,140.9,0,-18,8,-997,-1,0,0,0,,,,,,,,
1445,1782597917123,143632,-1,0,0,0,0,0,90,93,10,0,63,140.77,0,-17,4,-999,-1,0,0,0,,,,,,,,
1446,1782597917218,143727,-1,0,0,0,0,0,90,93,10,0,63,141,0,-17,5,-999,-1,0,0,0,,,,,,,,
1447,1782597917352,143861,-1,0,0,0,0,0,90,93,10,0,63,140.55,0,-19,5,-1000,-1,0,0,0,,,,,,,,
1448,1782597917438,143947,-1,0,0,0,0,0,90,93,10,0,63,140.79,0,-16,5,-1002,-1,0,0,0,,,,,,,,
1449,1782597917531,144040,-1,0,0,0,0,0,90,93,10,0,63,141.01,0,-19,3,-998,-1,0,0,0,,,,,,,,
1450,1782597917626,144135,-1,0,0,0,0,0,90,93,10,0,63,140.98,0,-19,4,-1000,-1,0,0,0,,,,,,,,
1451,1782597917719,144228,-1,0,0,0,0,0,90,93,10,0,63,140.83,0,-18,3,-999,-1,0,0,0,,,,,,,,
1452,1782597917814,144323,0,0,0,0,0,0,90,93,10,0,63,140.73,0,-18,3,-1000,-1,0,0,0,,,,,,,,
1453,1782597917937,144446,0,0,0,0,0,0,90,93,10,0,63,141.26,0,-19,2,-1000,-1,0,0,0,,,,,,,,
1454,1782597917978,144487,0,0,0,0,0,0,90,93,10,0,63,140.9,0,-20,5,-1000,-1,0,0,0,,,,,,,,
1455,1782597918071,144580,0,0,0,0,0,0,90,93,10,0,63,140.91,0,-19,4,-998,-1,0,0,0,,,,,,,,
1456,1782597918158,144667,0,0,0,0,0,0,90,93,10,0,63,140.93,0,-19,2,-1001,-1,0,0,0,,,,,,,,
1457,1782597918252,144761,0,0,0,0,0,0,90,93,10,0,63,140.91,0,-19,5,-1001,-1,0,0,0,,,,,,,,
1458,1782597918347,144856,0,0,0,0,0,0,91,93,10,0,63,140.87,0,-18,4,-1000,-1,0,0,0,,,,,,,,
1459,1782597918442,144951,0,0,0,0,0,0,91,93,10,0,63,140.85,0,-19,6,-999,-1,0,0,0,,,,,,,,
1460,1782597918539,145048,0,0,0,0,0,0,91,93,10,0,63,141.02,0,-18,5,-1001,-1,0,0,0,,,,,,,,
1461,1782597918630,145139,0,0,0,0,0,0,91,93,10,0,63,140.78,0,-17,2,-1000,-1,0,0,0,,,,,,,,
1462,1782597918725,145234,0,0,0,0,0,0,91,93,10,0,63,141.27,0,-19,7,-999,-1,0,0,0,,,,,,,,
1463,1782597918823,145332,0,0,0,0,0,0,91,93,10,0,63,140.8,0,-18,0,-1002,-1,0,0,0,,,,,,,,
1464,1782597918918,145427,0,0,0,0,0,0,91,93,10,0,63,141.09,0,-21,5,-997,-1,0,0,0,,,,,,,,
1465,1782597919036,145545,-1,0,0,0,0,0,91,93,10,0,63,141.17,0,-19,4,-999,-1,0,0,0,,,,,,,,
1466,1782597919131,145640,-1,0,0,0,0,0,91,93,10,0,63,140.76,0,-17,4,-999,-1,0,0,0,,,,,,,,
1467,1782597919216,145725,-1,0,0,0,0,0,91,93,10,0,63,140.87,0,-20,2,-1000,-1,0,0,0,,,,,,,,
1468,1782597919316,145825,-1,0,0,0,0,0,91,93,10,0,63,140.84,0,-18,5,-1001,-1,0,0,0,,,,,,,,
1469,1782597919413,145922,-1,0,0,0,0,0,91,93,10,0,63,141.03,0,-17,4,-997,-1,0,0,0,,,,,,,,
1470,1782597919603,146112,-1,0,0,0,0,0,91,93,10,0,63,140.99,0,-16,6,-999,-1,0,0,0,,,,,,,,
1471,1782597919614,146123,-1,0,0,0,0,0,91,93,10,0,63,140.89,0,-18,2,-998,-1,0,0,0,,,,,,,,
1472,1782597919709,146218,-1,0,0,0,0,0,91,93,10,0,63,140.9,0,-16,7,-998,-1,0,0,0,,,,,,,,
1473,1782597919790,146299,-1,0,0,0,0,0,91,93,10,0,63,140.61,0,-18,4,-999,-1,0,0,0,,,,,,,,
1474,1782597919884,146393,-1,0,0,0,0,0,91,93,10,0,63,141.03,0,-16,3,-1000,-1,0,0,0,,,,,,,,
1475,1782597919979,146488,-1,0,0,0,0,0,91,93,10,0,63,140.96,0,-18,7,-1000,-1,0,0,0,,,,,,,,
1476,1782597920077,146586,-1,0,0,0,0,0,91,93,10,0,63,141.14,0,-18,4,-999,-1,0,0,0,,,,,,,,
1477,1782597920286,146795,-1,0,0,0,0,0,91,93,10,0,63,141.14,0,-18,5,-998,-1,0,0,0,,,,,,,,
1478,1782597920288,146797,-1,0,0,0,0,0,91,93,10,0,63,140.82,0,-20,6,-998,-1,0,0,0,,,,,,,,
1479,1782597920388,146897,-1,0,0,0,0,0,91,93,10,0,63,140.85,0,-17,5,-1002,-1,0,0,0,,,,,,,,
1480,1782597920445,146954,-1,0,0,0,0,0,91,93,10,0,63,141.14,0,-18,5,-1000,-1,0,0,0,,,,,,,,
1481,1782597920517,147026,-1,0,0,0,0,0,91,93,10,0,63,140.97,0,-18,5,-1002,-1,0,0,0,,,,,,,,
1482,1782597920613,147122,-1,0,0,0,0,0,91,93,10,0,63,141.15,0,-19,3,-999,-1,0,0,0,,,,,,,,
1483,1782597920709,147218,-1,0,0,0,0,0,91,93,10,0,63,141.06,0,-17,3,-1001,-1,0,0,0,,,,,,,,
1484,1782597920805,147314,-1,0,0,0,0,0,91,93,10,0,63,140.84,0,-19,4,-1000,-1,0,0,0,,,,,,,,
1485,1782597920901,147410,-1,0,0,0,0,0,91,93,10,0,63,140.87,0,-18,7,-1001,-1,0,0,0,,,,,,,,
1486,1782597920997,147506,-1,0,0,0,0,0,91,93,10,0,63,140.87,0,-18,3,-999,-1,0,0,0,,,,,,,,
1487,1782597921105,147614,-1,0,0,0,0,0,91,93,10,0,63,140.9,0,-16,7,-1000,-1,0,0,0,,,,,,,,
1488,1782597921205,147714,-1,0,0,0,0,0,92,94,10,0,63,140.86,0,-16,2,-999,-1,0,0,0,,,,,,,,
1489,1782597921348,147857,-1,0,0,0,0,0,92,94,10,0,63,140.89,0,-18,9,-998,-1,0,0,0,,,,,,,,
1490,1782597921400,147909,-1,0,0,0,0,0,92,94,10,0,63,140.87,0,-16,3,-1000,-1,0,0,0,,,,,,,,
1491,1782597921487,147996,-1,0,0,0,0,0,92,94,10,0,63,140.99,0,-17,4,-1001,-1,0,0,0,,,,,,,,
1492,1782597921585,148094,-1,0,0,0,0,0,92,94,10,0,63,140.96,0,-18,6,-997,-1,0,0,0,,,,,,,,
1493,1782597921676,148185,-1,0,0,0,0,0,92,94,10,0,63,141.22,0,-17,4,-1001,-1,0,0,0,,,,,,,,
1494,1782597921770,148279,-1,0,0,0,0,0,92,94,10,0,63,140.79,0,-17,4,-998,-1,0,0,0,,,,,,,,
1495,1782597921887,148396,-1,0,0,0,0,0,92,94,10,0,63,141.06,0,-19,4,-1000,-1,0,0,0,,,,,,,,
1496,1782597921963,148472,-1,0,0,0,0,0,92,94,10,0,63,140.81,0,-19,4,-999,-1,0,0,0,,,,,,,,
1497,1782597922066,148575,-1,0,0,0,0,0,92,94,10,0,63,140.87,0,-17,3,-998,-1,0,0,0,,,,,,,,
1498,1782597922156,148665,-1,0,0,0,0,0,92,94,10,0,63,140.91,0,-17,5,-1000,-1,0,0,0,,,,,,,,
1499,1782597922251,148760,-1,0,0,0,0,0,92,94,10,0,63,141,0,-18,5,-1001,-1,0,0,0,,,,,,,,
1500,1782597922352,148861,-1,0,0,0,0,0,92,94,10,0,63,140.91,0,-19,1,-1000,-1,0,0,0,,,,,,,,
1501,1782597922497,149006,-1,0,0,0,0,0,92,94,10,0,63,141.02,0,-18,5,-1001,-1,0,0,0,,,,,,,,
1502,1782597922542,149051,-1,0,0,0,0,0,92,94,10,0,63,140.83,0,-18,5,-1000,-1,0,0,0,,,,,,,,
1503,1782597922630,149139,-1,0,0,0,0,0,92,94,10,0,63,141,0,-19,3,-999,-1,0,0,0,,,,,,,,
1504,1782597922715,149224,-1,0,0,0,0,0,92,94,10,0,62,140.88,0,-19,5,-999,-1,0,0,0,,,,,,,,
1505,1782597922807,149316,-1,0,0,0,0,0,92,94,10,0,62,140.64,0,-17,12,-997,-1,0,0,0,,,,,,,,
1506,1782597922904,149413,-1,0,0,0,0,0,92,94,10,0,62,140.9,0,-19,1,-998,-1,0,0,0,,,,,,,,
1507,1782597922999,149508,-1,0,0,0,0,0,92,94,10,0,62,141.03,0,-17,5,-999,-1,0,0,0,,,,,,,,
1508,1782597923138,149647,-1,0,0,0,0,0,92,94,10,0,62,140.67,0,-19,5,-998,-1,0,0,0,,,,,,,,
1509,1782597923196,149705,-1,0,0,0,0,0,92,94,10,0,62,140.91,0,-18,6,-1002,-1,0,0,0,,,,,,,,
1510,1782597923281,149790,-1,0,0,0,0,0,92,94,10,0,62,140.97,0,-18,1,-1000,-1,0,0,0,,,,,,,,
1511,1782597923370,149879,-1,0,0,0,0,0,92,94,10,0,62,140.96,0,-17,5,-999,-1,0,0,0,,,,,,,,
1512,1782597923465,149974,-1,0,0,0,0,0,92,94,10,0,62,140.7,0,-18,4,-1000,-1,0,0,0,,,,,,,,
1513,1782597923559,150068,-1,0,0,0,0,0,92,94,10,0,62,140.9,0,-19,6,-1000,-1,0,0,0,,,,,,,,
1514,1782597923655,150164,-1,0,0,0,0,0,92,94,10,0,62,140.76,0,-17,2,-1000,-1,0,0,0,,,,,,,,
1515,1782597923751,150260,-1,0,0,0,0,0,92,94,10,0,62,140.92,0,-18,8,-998,-1,0,0,0,,,,,,,,
1516,1782597923848,150357,-1,0,0,0,0,0,92,94,10,0,62,141.11,0,-21,4,-1000,-1,0,0,0,,,,,,,,
1517,1782597923951,150460,-1,0,0,0,0,0,92,94,10,0,62,140.93,0,-15,5,-997,-1,0,0,0,,,,,,,,
1518,1782597924041,150550,-1,0,0,0,0,0,91,94,10,0,62,140.72,0,-19,6,-1004,-1,0,0,0,,,,,,,,
1519,1782597924137,150646,-1,0,0,0,0,0,91,94,10,0,62,141.01,0,-18,4,-996,-1,0,0,0,,,,,,,,
1520,1782597924281,150790,-1,0,0,0,0,0,91,94,10,0,62,140.89,0,-16,7,-1000,-1,0,0,0,,,,,,,,
1521,1782597924329,150838,-1,0,0,0,0,0,91,94,10,0,62,141.03,0,-18,4,-998,-1,0,0,0,,,,,,,,
1522,1782597924417,150926,-1,0,0,0,0,0,91,94,10,0,62,140.76,0,-18,2,-1000,-1,0,0,0,,,,,,,,
1523,1782597924507,151016,-1,0,0,0,0,0,91,94,10,0,62,140.84,0,-18,6,-999,-1,0,0,0,,,,,,,,
1524,1782597924601,151110,-1,0,0,0,0,0,91,94,10,0,62,140.87,0,-17,3,-1000,-1,0,0,0,,,,,,,,
1525,1782597924709,151218,-1,0,0,0,0,0,91,94,10,0,62,141.14,0,-19,5,-1002,-1,0,0,0,,,,,,,,
1526,1782597924791,151300,-1,0,0,0,0,0,91,94,10,0,62,141,0,-17,4,-1000,-1,0,0,0,,,,,,,,
1527,1782597924899,151408,-1,0,0,0,0,0,91,94,10,0,62,140.6,0,-17,5,-997,-1,0,0,0,,,,,,,,
1528,1782597925032,151541,-1,0,0,0,0,0,92,95,10,0,62,141.29,0,-18,4,-998,-1,0,0,0,,,,,,,,
1529,1782597925108,151617,-1,0,0,0,0,0,92,95,10,0,62,140.93,0,-18,5,-998,-1,0,0,0,,,,,,,,
1530,1782597925196,151705,-1,0,0,0,0,0,92,95,10,0,62,141.01,0,-19,7,-998,-1,0,0,0,,,,,,,,
1531,1782597925290,151799,-1,0,0,0,0,0,92,95,10,0,62,140.72,0,-18,6,-998,-1,0,0,0,,,,,,,,
1532,1782597925385,151894,-1,0,0,0,0,0,92,95,10,0,62,140.75,0,-18,2,-997,-1,0,0,0,,,,,,,,
1533,1782597925521,152030,-1,0,0,0,0,0,92,95,10,0,62,140.96,0,-19,6,-1001,-1,0,0,0,,,,,,,,
1534,1782597927552,154061,-1,0,0,0,0,0,92,95,10,0,62,141.09,0,-18,4,-998,-1,0,0,0,,,,,,,,
1535,1782597927642,154151,-1,0,0,0,0,0,92,95,10,0,62,140.96,0,-22,3,-1001,-1,0,0,0,,,,,,,,
1536,1782597927729,154238,-1,0,0,0,0,0,92,95,10,0,62,141.11,0,-18,7,-999,-1,0,0,0,,,,,,,,
1537,1782597927822,154331,-1,0,0,0,0,0,92,95,10,0,62,141.19,0,-19,3,-998,-1,0,0,0,,,,,,,,
1538,1782597927927,154436,-1,0,0,0,0,0,93,95,10,0,62,140.92,0,-22,2,-999,-1,0,0,0,,,,,,,,
1539,1782597928043,154552,-1,0,0,0,0,0,93,95,10,0,62,141.19,0,-15,12,-998,-1,0,0,0,,,,,,,,
1540,1782597928085,154594,-1,0,0,0,0,0,93,95,10,0,62,140.92,0,-20,0,-1001,-1,0,0,0,,,,,,,,
1541,1782597928167,154676,-1,0,0,0,0,0,93,95,10,0,62,141.3,0,-18,6,-997,-1,0,0,0,,,,,,,,
1542,1782597928264,154773,-1,0,0,0,0,0,93,95,10,0,62,140.85,0,-16,6,-1001,-1,0,0,0,,,,,,,,
1543,1782597928356,154865,-1,0,0,0,0,0,93,95,10,0,62,140.83,0,-19,3,-1000,-1,0,0,0,,,,,,,,
1544,1782597928450,154959,-1,0,0,0,0,0,93,95,10,0,62,140.91,0,-16,6,-1001,-1,0,0,0,,,,,,,,
1545,1782597928603,155112,-1,0,0,0,0,0,93,95,10,0,62,140.78,0,-16,4,-999,-1,0,0,0,,,,,,,,
1546,1782597928661,155170,-1,0,0,0,0,0,93,95,10,0,62,141.02,0,-19,5,-1001,-1,0,0,0,,,,,,,,
1547,1782597928742,155251,-1,0,0,0,0,0,93,95,10,0,62,141.03,0,-16,7,-999,-1,0,0,0,,,,,,,,
1548,1782597928835,155344,-1,0,0,0,0,0,92,95,10,0,62,140.94,0,-19,2,-999,-1,0,0,0,,,,,,,,
1549,1782597928931,155440,-1,0,0,0,0,0,92,95,10,0,62,140.8,0,-18,1,-999,-1,0,0,0,,,,,,,,
1550,1782597929027,155536,-1,0,0,0,0,0,92,95,10,0,62,140.79,0,-19,6,-999,-1,0,0,0,,,,,,,,
1551,1782597929123,155632,-1,0,0,0,0,0,92,95,10,0,62,140.89,0,-21,1,-998,-1,0,0,0,,,,,,,,
1552,1782597929245,155754,-1,0,0,0,0,0,92,95,10,0,62,141.02,0,-18,3,-1000,-1,0,0,0,,,,,,,,
1553,1782597929333,155842,-1,0,0,0,0,0,92,95,10,0,62,141.04,0,-18,7,-1000,-1,0,0,0,,,,,,,,
1554,1782597929473,155982,-1,0,0,0,0,0,92,95,10,0,62,141.22,0,-19,2,-999,-1,0,0,0,,,,,,,,
1555,1782597929528,156037,-1,0,0,0,0,0,92,95,10,0,62,141.3,0,-16,8,-999,-1,0,0,0,,,,,,,,
1556,1782597929614,156123,-1,0,0,0,0,0,92,95,10,0,62,140.95,0,-18,2,-1000,-1,0,0,0,,,,,,,,
1557,1782597929703,156212,-1,0,0,0,0,0,92,95,10,0,62,141.02,0,-18,6,-1000,-1,0,0,0,,,,,,,,
1558,1782597929801,156310,-1,0,0,0,0,0,93,94,10,0,62,140.83,0,-17,8,-998,-1,0,0,0,,,,,,,,
1559,1782597929896,156405,-1,0,0,0,0,0,93,94,10,0,62,141,0,-19,0,-1001,-1,0,0,0,,,,,,,,
1560,1782597929992,156501,-1,0,0,0,0,0,93,94,10,0,62,140.97,0,-17,11,-998,-1,0,0,0,,,,,,,,
1561,1782597930092,156601,-1,0,0,0,0,0,93,94,10,0,62,140.86,0,-16,1,-999,-1,0,0,0,,,,,,,,
