state_sequence,timestamp_ms,recording_elapsed_ms,pitch,roll,yaw,vgx,vgy,vgz,templ,temph,tof,h,bat,baro,time,agx,agy,agz,mid,x,y,z,rc_a,rc_b,rc_c,rc_d,rc_source,rc_result,rc_timestamp_ms,rc_sequence
94,1782602805775,0,0,0,0,0,0,0,72,73,10,0,81,138.93,0,1,5,-1000,-1,0,0,0,,,,,,,,
95,1782602805871,96,0,0,0,0,0,0,72,73,10,0,81,139.14,0,3,5,-999,-1,0,0,0,,,,,,,,
96,1782602805966,191,0,0,0,0,0,0,72,73,10,0,81,139.03,0,3,6,-1000,-1,0,0,0,,,,,,,,
97,1782602806062,287,0,0,0,0,0,0,71,74,10,0,81,139.26,0,2,5,-998,-1,0,0,0,,,,,,,,
98,1782602806158,383,0,0,0,0,0,0,71,74,10,0,81,139.17,0,3,5,-999,-1,0,0,0,,,,,,,,
99,1782602806255,480,0,0,0,0,0,0,71,74,10,0,81,139.44,0,3,5,-1002,-1,0,0,0,,,,,,,,
100,1782602806358,583,0,0,0,0,0,0,71,74,10,0,81,139.32,0,3,5,-998,-1,0,0,0,,,,,,,,
101,1782602806447,672,0,0,0,0,0,0,71,74,10,0,81,139.02,0,0,5,-1000,-1,0,0,0,,,,,,,,
102,1782602806543,768,0,0,0,0,0,0,71,74,10,0,81,139.42,0,3,6,-1000,-1,0,0,0,,,,,,,,
103,1782602806648,873,0,0,0,0,0,0,71,74,10,0,81,139.5,0,5,5,-998,-1,0,0,0,,,,,,,,
104,1782602806746,971,0,0,0,0,0,0,71,74,10,0,81,139.44,0,3,4,-999,-1,0,0,0,,,,,,,,
105,1782602806794,1019,0,0,0,0,0,0,71,74,10,0,81,139.27,0,4,4,-998,-1,0,0,0,,,,,,,,
106,1782602806879,1104,0,0,0,0,0,0,71,74,10,0,81,139.44,0,2,6,-1001,-1,0,0,0,,,,,,,,
107,1782602806975,1200,0,0,0,0,0,0,72,74,10,0,81,139.23,0,4,6,-1001,-1,0,0,0,,,,,,,,
108,1782602807079,1304,0,0,0,0,0,0,72,74,10,0,81,139.46,0,3,4,-1001,-1,0,0,0,,,,,,,,
109,1782602807168,1393,0,0,0,0,0,0,72,74,10,0,81,139.11,0,3,3,-1000,-1,0,0,0,,,,,,,,
110,1782602807264,1489,0,0,0,0,0,0,72,74,10,0,81,139.08,0,3,5,-999,-1,0,0,0,,,,,,,,
111,1782602807360,1585,0,0,0,0,0,0,72,74,10,0,81,139.44,0,3,4,-998,-1,0,0,0,,,,,,,,
112,1782602807456,1681,0,0,0,0,0,0,72,74,10,0,81,138.98,0,2,4,-999,-1,0,0,0,,,,,,,,
113,1782602807552,1777,0,0,0,0,0,0,72,74,10,0,81,139.4,0,2,5,-1000,-1,0,0,0,,,,,,,,
114,1782602807649,1874,0,0,0,0,0,0,72,74,10,0,81,139.22,0,2,6,-997,-1,0,0,0,,,,,,,,
115,1782602807744,1969,0,0,0,0,0,0,72,74,10,0,81,139.39,0,2,5,-1002,-1,0,0,0,,,,,,,,
116,1782602807840,2065,0,0,0,0,0,0,72,74,10,0,81,139.25,0,3,5,-1001,-1,0,0,0,,,,,,,,
117,1782602807936,2161,0,0,0,0,0,0,71,74,10,0,81,139.03,0,2,5,-997,-1,0,0,0,,,,,,,,
118,1782602808032,2257,0,0,0,0,0,0,71,74,10,0,81,139.08,0,3,5,-1000,-1,0,0,0,,,,,,,,
119,1782602808129,2354,0,0,0,0,0,0,71,74,10,0,81,139.17,0,2,5,-1002,-1,0,0,0,,,,,,,,
120,1782602808224,2449,0,0,0,0,0,0,71,74,10,0,81,139.15,0,2,6,-999,-1,0,0,0,,,,,,,,
121,1782602808321,2546,0,0,0,0,0,0,71,74,10,0,81,139.48,0,2,5,-998,-1,0,0,0,,,,,,,,
122,1782602808420,2645,0,0,0,0,0,0,71,74,10,0,81,139.42,0,3,6,-1000,-1,0,0,0,,,,,,,,
123,1782602808518,2743,0,0,0,0,0,0,71,74,10,0,81,139.13,0,3,4,-1001,-1,0,0,0,,,,,,,,
124,1782602808610,2835,0,0,0,0,0,0,71,74,10,0,81,139.08,0,3,6,-1001,-1,0,0,0,,,,,,,,
125,1782602808711,2936,0,0,0,0,0,0,71,74,10,0,81,139.22,0,2,5,-999,-1,0,0,0,,,,,,,,
126,1782602808802,3027,0,0,0,0,0,0,71,74,10,0,81,139.26,0,3,6,-1000,-1,0,0,0,,,,,,,,
127,1782602808898,3123,0,0,0,0,0,0,72,75,10,0,81,138.81,0,3,6,-1000,-1,0,0,0,,,,,,,,
128,1782602808994,3219,0,0,0,0,0,0,72,75,10,0,81,139.2,0,3,5,-998,-1,0,0,0,,,,,,,,
129,1782602809089,3314,0,0,0,0,0,0,72,75,10,0,81,138.99,0,3,5,-999,-1,0,0,0,,,,,,,,
130,1782602809188,3413,0,0,0,0,0,0,72,75,10,0,81,139.41,0,3,5,-998,-1,0,0,0,,,,,,,,
131,1782602809282,3507,0,0,0,0,0,0,72,75,10,0,81,139.22,0,2,6,-1000,-1,0,0,0,,,,,,,,
132,1782602809381,3606,0,0,0,0,0,0,72,75,10,0,81,139.22,0,3,5,-999,-1,0,0,0,,,,,,,,
133,1782602809479,3704,0,0,0,0,0,0,72,75,10,0,81,139.13,0,2,6,-998,-1,0,0,0,,,,,,,,
134,1782602809571,3796,0,0,0,0,0,0,72,75,10,0,81,139.19,0,3,4,-999,-1,0,0,0,,,,,,,,
135,1782602809666,3891,0,0,0,0,0,0,72,75,10,0,81,139.39,0,5,5,-999,-1,0,0,0,,,,,,,,
136,1782602809763,3988,0,0,0,0,0,0,72,75,10,0,81,139.08,0,3,5,-996,-1,0,0,0,,,,,,,,
137,1782602809860,4085,0,0,0,0,0,0,72,75,10,0,81,139.03,0,3,6,-1000,-1,0,0,0,,,,,,,,
138,1782602809955,4180,0,0,0,0,0,0,72,75,10,0,81,139.18,0,4,5,-999,-1,0,0,0,,,,,,,,
139,1782602810052,4277,0,0,0,0,0,0,72,75,10,0,81,139.17,0,3,4,-998,-1,0,0,0,,,,,,,,
140,1782602810104,4329,0,0,0,0,0,0,72,75,10,0,81,139.64,0,4,6,-998,-1,0,0,0,,,,,,,,
141,1782602810195,4420,0,0,0,0,0,0,72,75,10,0,81,139.34,0,4,6,-1001,-1,0,0,0,,,,,,,,
142,1782602810291,4516,0,0,0,0,0,0,72,75,10,0,81,139.11,0,2,6,-1001,-1,0,0,0,,,,,,,,
143,1782602810387,4612,0,0,0,0,0,0,72,75,10,0,81,139.29,0,4,6,-999,-1,0,0,0,,,,,,,,
144,1782602810483,4708,0,0,0,0,0,0,72,75,10,0,81,138.98,0,3,4,-1000,-1,0,0,0,,,,,,,,
145,1782602810582,4807,0,0,0,0,0,0,72,75,10,0,81,139.36,0,2,7,-999,-1,0,0,0,,,,,,,,
146,1782602810676,4901,0,0,0,0,0,0,72,75,10,0,81,139.38,0,2,6,-1001,-1,0,0,0,,,,,,,,
147,1782602810774,4999,0,0,0,0,0,0,73,75,10,0,81,139.15,0,3,6,-998,-1,0,0,0,,,,,,,,
148,1782602810867,5092,0,0,0,0,0,0,73,75,10,0,81,139.18,0,3,5,-1000,-1,0,0,0,,,,,,,,
149,1782602810963,5188,0,0,0,0,0,0,73,75,10,0,81,139.3,0,4,5,-1000,-1,0,0,0,,,,,,,,
150,1782602811062,5287,0,0,0,0,0,0,73,75,10,0,81,139.41,0,4,5,-999,-1,0,0,0,,,,,,,,
151,1782602811156,5381,0,0,0,0,0,0,73,75,10,0,81,139.02,0,4,5,-997,-1,0,0,0,,,,,,,,
152,1782602811255,5480,0,0,0,0,0,0,73,75,10,0,81,139.43,0,3,5,-1000,-1,0,0,0,,,,,,,,
153,1782602811353,5578,0,0,0,0,0,0,73,75,10,0,81,139.11,0,4,6,-999,-1,0,0,0,,,,,,,,
154,1782602811444,5669,0,0,0,0,0,0,73,75,10,0,81,139.05,0,3,5,-999,-1,0,0,0,,,,,,,,
155,1782602811548,5773,0,0,0,0,0,0,73,75,10,0,81,139.17,0,2,4,-999,-1,0,0,0,,,,,,,,
156,1782602811638,5863,0,0,0,0,0,0,73,75,10,0,81,139.34,0,3,4,-996,-1,0,0,0,,,,,,,,
157,1782602811733,5958,0,0,0,0,0,0,73,74,10,0,81,139.36,0,3,5,-996,-1,0,0,0,,,,,,,,
158,1782602811833,6058,0,0,0,0,0,0,73,74,10,0,81,139.37,0,5,5,-999,-1,0,0,0,,,,,,,,
159,1782602811930,6155,0,0,0,0,0,0,73,74,10,0,81,139.06,0,5,6,-997,-1,0,0,0,,,,,,,,
160,1782602812027,6252,0,0,0,0,0,0,73,74,10,0,81,139.54,0,4,5,-999,-1,0,0,0,,,,,,,,
161,1782602812125,6350,0,0,0,0,0,0,73,74,10,0,81,139.16,0,4,6,-1000,-1,0,0,0,,,,,,,,
162,1782602812223,6448,0,0,0,0,0,0,73,74,10,0,81,139.34,0,4,4,-999,-1,0,0,0,,,,,,,,
163,1782602812322,6547,0,0,0,0,0,0,73,74,10,0,81,139.43,0,2,5,-1001,-1,0,0,0,,,,,,,,
164,1782602812419,6644,0,0,0,0,0,0,73,74,10,0,81,139.12,0,2,6,-998,-1,0,0,0,,,,,,,,
165,1782602812519,6744,0,0,0,0,0,0,73,74,10,0,81,139.15,0,3,5,-998,-1,0,0,0,,,,,,,,
166,1782602812620,6845,0,0,0,0,0,0,73,74,10,0,81,139.18,0,5,6,-999,-1,0,0,0,,,,,,,,
167,1782602812712,6937,0,0,0,0,0,0,72,75,10,0,81,139.35,0,3,5,-999,-1,0,0,0,,,,,,,,
168,1782602812810,7035,0,0,0,0,0,0,72,75,10,0,81,139.17,0,3,4,-995,-1,0,0,0,,,,,,,,
169,1782602812915,7140,0,0,0,0,0,0,72,75,10,0,81,139.22,0,2,4,-1000,-1,0,0,0,,,,,,,,
170,1782602813010,7235,0,0,0,0,0,0,72,75,10,0,81,139.4,0,4,5,-1001,-1,0,0,0,,,,,,,,
171,1782602813108,7333,0,0,0,0,0,0,72,75,10,0,81,138.99,0,4,6,-1001,-1,0,0,0,,,,,,,,
172,1782602813158,7383,0,0,0,0,0,0,72,75,10,0,81,138.95,0,3,4,-1000,-1,0,0,0,,,,,,,,
173,1782602813259,7484,0,0,0,0,0,0,72,75,10,0,81,139.32,0,5,7,-998,-1,0,0,0,,,,,,,,
174,1782602813351,7576,0,0,0,0,0,0,72,75,10,0,81,138.93,0,3,5,-998,-1,0,0,0,,,,,,,,
175,1782602813449,7674,0,0,0,0,0,0,72,75,10,0,81,139.55,0,4,4,-1000,-1,0,0,0,,,,,,,,
176,1782602813553,7778,0,0,0,0,0,0,72,75,10,0,81,139.22,0,3,6,-999,-1,0,0,0,,,,,,,,
177,1782602816061,10286,0,0,0,0,0,0,73,76,10,0,81,139.12,0,4,6,-999,-1,0,0,0,,,,,,,,
178,1782602816160,10385,0,0,0,0,0,0,73,76,10,0,81,139.08,0,4,6,-1001,-1,0,0,0,,,,,,,,
179,1782602816257,10482,0,0,0,0,0,0,73,76,10,0,81,139.14,0,4,5,-998,-1,0,0,0,,,,,,,,
180,1782602816356,10581,0,0,0,0,0,0,73,76,10,0,81,139.14,0,3,4,-1000,-1,0,0,0,,,,,,,,
181,1782602816454,10679,0,0,0,0,0,0,73,76,10,0,81,139.14,0,2,8,-998,-1,0,0,0,,,,,,,,
182,1782602816551,10776,0,0,0,0,0,0,73,76,10,0,81,139.01,0,3,4,-997,-1,0,0,0,,,,,,,,
183,1782602816649,10874,0,0,0,0,0,0,73,76,10,0,81,139.29,0,4,5,-998,-1,0,0,0,,,,,,,,
184,1782602816748,10973,0,0,0,0,0,0,73,76,10,0,81,139.33,0,4,6,-1002,-1,0,0,0,,,,,,,,
185,1782602816845,11070,0,0,0,0,0,0,73,76,10,0,81,139.36,0,4,5,-1000,-1,0,0,0,,,,,,,,
186,1782602816943,11168,0,0,0,0,0,0,73,76,10,0,81,139.28,0,4,5,-999,-1,0,0,0,,,,,,,,
187,1782602817045,11270,0,0,0,0,0,0,72,75,10,0,81,139.06,0,5,5,-1001,-1,0,0,0,,,,,,,,
188,1782602817140,11365,0,0,0,0,0,0,72,75,10,0,81,139.69,0,2,5,-1000,-1,0,0,0,,,,,,,,
189,1782602817238,11463,0,0,0,0,0,0,72,75,10,0,81,139.31,0,2,6,-1000,-1,0,0,0,,,,,,,,
190,1782602817337,11562,0,0,0,0,0,0,72,75,10,0,81,139.12,0,5,6,-999,-1,0,0,0,,,,,,,,
191,1782602817434,11659,0,0,0,0,0,0,72,75,10,0,81,139.26,0,3,5,-1002,-1,0,0,0,,,,,,,,
192,1782602817534,11759,0,0,0,0,0,0,72,75,10,0,81,139.3,0,5,5,-1001,-1,0,0,0,,,,,,,,
193,1782602817632,11857,0,0,0,0,0,0,72,75,10,0,81,139.19,0,3,5,-1000,-1,0,0,0,,,,,,,,
194,1782602817729,11954,0,0,0,0,0,0,72,75,10,0,81,139.01,0,4,6,-999,-1,0,0,0,,,,,,,,
195,1782602817826,12051,0,0,0,0,0,0,72,75,10,0,81,139.41,0,3,4,-999,-1,0,0,0,,,,,,,,
196,1782602817924,12149,0,0,0,0,0,0,72,75,10,0,81,139.15,0,4,5,-999,-1,0,0,0,,,,,,,,
197,1782602818025,12250,0,0,0,0,0,0,73,76,10,0,81,139.16,0,3,5,-997,-1,0,0,0,,,,,,,,
198,1782602818125,12350,0,0,0,0,0,0,73,76,10,0,81,139.32,0,2,4,-1000,-1,0,0,0,,,,,,,,
199,1782602818218,12443,0,0,0,0,0,0,73,76,10,0,81,139.24,0,3,5,-1002,-1,0,0,0,,,,,,,,
200,1782602818316,12541,0,0,0,0,0,0,73,76,10,0,81,139.27,0,3,7,-1000,-1,0,0,0,,,,,,,,
201,1782602818414,12639,0,0,0,0,0,0,73,76,10,0,81,139.49,0,3,6,-999,-1,0,0,0,,,,,,,,
202,1782602818513,12738,0,0,0,0,0,0,73,76,10,0,81,139.16,0,3,5,-1000,-1,0,0,0,,,,,,,,
203,1782602818610,12835,0,0,0,0,0,0,73,76,10,0,81,139.09,0,4,6,-998,-1,0,0,0,,,,,,,,
204,1782602818659,12884,0,0,0,0,0,0,73,76,10,0,81,139.06,0,3,7,-1000,-1,0,0,0,,,,,,,,
205,1782602818764,12989,0,0,0,0,0,0,73,76,10,0,81,139.26,0,3,7,-998,-1,0,0,0,,,,,,,,
206,1782602818855,13080,0,0,0,0,0,0,73,76,10,0,81,139.45,0,3,6,-1000,-1,0,0,0,,,,,,,,
207,1782602819001,13226,0,0,0,0,0,0,73,75,10,0,81,139.45,0,2,5,-999,-1,0,0,0,,,,,,,,
208,1782602819053,13278,0,0,0,0,0,0,73,75,10,0,81,139.24,0,4,4,-999,-1,0,0,0,,,,,,,,
209,1782602819151,13376,0,0,0,0,0,0,73,75,10,0,81,139.39,0,3,5,-1000,-1,0,0,0,,,,,,,,
210,1782602819247,13472,0,0,0,0,0,0,73,75,10,0,81,139.32,0,4,7,-1001,-1,0,0,0,,,,,,,,
211,1782602819345,13570,0,0,0,0,0,0,73,75,10,0,81,139.47,0,2,4,-996,-1,0,0,0,,,,,,,,
212,1782602819442,13667,0,0,0,0,0,0,73,75,10,0,81,139.17,0,4,6,-1000,-1,0,0,0,,,,,,,,
213,1782602819544,13769,0,0,0,0,0,0,73,75,10,0,81,139.28,0,4,7,-1000,-1,0,0,0,,,,,,,,
214,1782602819639,13864,0,0,0,0,0,0,73,75,10,0,81,139.22,0,4,6,-998,-1,0,0,0,,,,,,,,
215,1782602819736,13961,0,0,0,0,0,0,73,75,10,0,81,139.23,0,3,5,-998,-1,0,0,0,,,,,,,,
216,1782602819834,14059,0,0,0,0,0,0,73,75,10,0,81,139.1,0,3,6,-997,-1,0,0,0,,,,,,,,
217,1782602819932,14157,0,0,0,0,0,0,73,75,10,0,81,139.4,0,3,5,-999,-1,0,0,0,,,,,,,,
218,1782602820035,14260,0,0,0,0,0,0,73,75,10,0,81,139.03,0,3,6,-999,-1,0,0,0,,,,,,,,
219,1782602820129,14354,0,0,0,0,0,0,73,75,10,0,81,139.42,0,3,5,-998,-1,0,0,0,,,,,,,,
220,1782602820230,14455,0,0,0,0,0,0,73,75,10,0,80,139.24,0,3,5,-999,-1,0,0,0,,,,,,,,
221,1782602820324,14549,0,0,0,0,0,0,73,75,10,0,80,139.28,0,4,6,-998,-1,0,0,0,,,,,,,,
222,1782602820424,14649,0,0,0,0,0,0,73,75,10,0,80,139.16,0,5,7,-998,-1,0,0,0,,,,,,,,
223,1782602820520,14745,0,0,0,0,0,0,73,75,10,0,80,139.08,0,2,6,-999,-1,0,0,0,,,,,,,,
224,1782602820618,14843,0,0,0,0,0,0,73,75,10,0,80,139.16,0,3,5,-999,-1,0,0,0,,,,,,,,
225,1782602820716,14941,0,0,0,0,0,0,73,75,10,0,80,139.26,0,4,7,-999,-1,0,0,0,,,,,,,,
226,1782602820815,15040,0,0,0,0,0,0,73,75,10,0,80,139.61,0,3,6,-999,-1,0,0,0,,,,,,,,
227,1782602820911,15136,0,0,0,0,0,0,74,75,10,0,80,139.53,0,3,5,-999,-1,0,0,0,,,,,,,,
228,1782602821012,15237,0,0,0,0,0,0,74,75,10,0,80,139,0,4,5,-1000,-1,0,0,0,,,,,,,,
229,1782602821108,15333,0,0,0,0,0,0,74,75,10,0,80,139.13,0,4,5,-1000,-1,0,0,0,,,,,,,,
230,1782602821206,15431,0,0,0,0,0,0,74,75,10,0,80,139.18,0,4,5,-998,-1,0,0,0,,,,,,,,
231,1782602821304,15529,0,0,0,0,0,0,74,75,10,0,80,139.36,0,4,4,-1002,-1,0,0,0,,,,,,,,
232,1782602821401,15626,0,0,0,0,0,0,74,75,10,0,80,139.35,0,4,4,-998,-1,0,0,0,,,,,,,,
233,1782602821500,15725,0,0,0,0,0,0,74,75,10,0,80,139.13,0,3,6,-999,-1,0,0,0,,,,,,,,
234,1782602821598,15823,0,0,0,0,0,0,74,75,10,0,80,139.33,0,4,4,-998,-1,0,0,0,,,,,,,,
235,1782602821696,15921,0,0,0,0,0,0,74,75,10,0,80,139.34,0,4,5,-999,-1,0,0,0,,,,,,,,
236,1782602821793,16018,0,0,0,0,0,0,74,75,10,0,80,139.43,0,2,4,-999,-1,0,0,0,,,,,,,,
237,1782602821898,16123,0,0,0,0,0,0,73,76,10,0,80,139.38,0,4,6,-998,-1,0,0,0,,,,,,,,
238,1782602821990,16215,0,0,0,0,0,0,73,76,10,0,80,139.13,0,3,5,-999,-1,0,0,0,,,,,,,,
239,1782602822087,16312,0,0,0,0,0,0,73,76,10,0,80,139.22,0,3,5,-996,-1,0,0,0,,,,,,,,
240,1782602822186,16411,0,0,0,0,0,0,73,76,10,0,80,139.23,0,3,5,-1001,-1,0,0,0,,,,,,,,
241,1782602822234,16459,0,0,0,0,0,0,73,76,10,0,80,139.21,0,3,6,-999,-1,0,0,0,,,,,,,,
242,1782602822329,16554,0,0,0,0,0,0,73,76,10,0,80,139.17,0,3,6,-999,-1,0,0,0,,,,,,,,
243,1782602822426,16651,0,0,0,0,0,0,73,76,10,0,80,139.36,0,2,5,-998,-1,0,0,0,,,,,,,,
244,1782602822521,16746,0,0,0,0,0,0,73,76,10,0,80,139.39,0,3,4,-999,-1,0,0,0,,,,,,,,
245,1782602822617,16842,0,0,0,0,0,0,73,76,10,0,80,139.22,0,3,6,-999,-1,0,0,0,,,,,,,,
246,1782602822713,16938,0,0,0,0,0,0,73,76,10,0,80,139.04,0,4,4,-998,-1,0,0,0,,,,,,,,
247,1782602822808,17033,0,0,0,0,0,0,74,76,10,0,80,139.25,0,2,4,-999,-1,0,0,0,,,,,,,,
248,1782602822907,17132,0,0,0,0,0,0,74,76,10,0,80,139.21,0,3,6,-998,-1,0,0,0,,,,,,,,
249,1782602823000,17225,0,0,0,0,0,0,74,76,10,0,80,139.5,0,4,7,-997,-1,0,0,0,,,,,,,,
250,1782602823097,17322,0,0,0,0,0,0,74,76,10,0,80,139.53,0,3,6,-1000,-1,0,0,0,,,,,,,,
251,1782602823192,17417,0,0,0,0,0,0,74,76,10,0,80,139.5,0,4,5,-1000,-1,0,0,0,,,,,,,,
252,1782602823288,17513,0,0,0,0,0,0,74,76,10,0,80,139.29,0,4,6,-999,-1,0,0,0,,,,,,,,
253,1782602823384,17609,0,0,0,0,0,0,74,76,10,0,80,139.46,0,3,5,-999,-1,0,0,0,,,,,,,,
254,1782602823481,17706,0,0,0,0,0,0,74,76,10,0,80,139.41,0,4,5,-1000,-1,0,0,0,,,,,,,,
255,1782602823577,17802,0,0,0,0,0,0,74,76,10,0,80,139.52,0,4,4,-1000,-1,0,0,0,,,,,,,,
256,1782602823671,17896,0,0,0,0,0,0,74,76,10,0,80,139.33,0,4,5,-1000,-1,0,0,0,,,,,,,,
257,1782602823767,17992,0,0,0,0,0,0,74,77,10,0,80,139.33,0,3,5,-1001,-1,0,0,0,,,,,,,,
258,1782602823863,18088,0,0,0,0,0,0,74,77,10,0,80,139.37,0,2,5,-1001,-1,0,0,0,,,,,,,,
259,1782602823959,18184,0,0,0,0,0,0,74,77,10,0,80,139.34,0,5,6,-996,-1,0,0,0,,,,,,,,
260,1782602824055,18280,0,0,0,0,0,0,74,77,10,0,80,139.16,0,4,5,-1000,-1,0,0,0,,,,,,,,
261,1782602824153,18378,0,0,0,0,0,0,74,77,10,0,80,139.35,0,4,5,-1000,-1,0,0,0,,,,,,,,
262,1782602824247,18472,0,0,0,0,0,0,74,77,10,0,80,139.35,0,3,7,-1000,-1,0,0,0,,,,,,,,
263,1782602824342,18567,0,0,0,0,0,0,74,77,10,0,80,139.35,0,2,4,-1001,-1,0,0,0,,,,,,,,
264,1782602824439,18664,0,0,0,0,0,0,74,77,10,0,80,139.28,0,4,5,-1000,-1,0,0,0,,,,,,,,
265,1782602824534,18759,0,0,0,0,0,0,74,77,10,0,80,139.44,0,3,5,-1000,-1,0,0,0,,,,,,,,
266,1782602824630,18855,0,0,0,0,0,0,74,77,10,0,80,138.86,0,4,6,-999,-1,0,0,0,,,,,,,,
267,1782602824726,18951,0,0,0,0,0,0,74,76,10,0,80,139.56,0,4,5,-999,-1,0,0,0,,,,,,,,
268,1782602824822,19047,0,0,0,0,0,0,74,76,10,0,80,139.28,0,4,5,-999,-1,0,0,0,,,,,,,,
269,1782602824917,19142,0,0,0,0,0,0,74,76,10,0,80,139.16,0,4,4,-1000,-1,0,0,0,,,,,,,,
270,1782602825013,19238,0,0,0,0,0,0,74,76,10,0,80,139.17,0,2,7,-1000,-1,0,0,0,,,,,,,,
271,1782602825063,19288,0,0,0,0,0,0,74,76,10,0,80,139.37,0,3,5,-999,-1,0,0,0,,,,,,,,
272,1782602825157,19382,0,0,0,0,0,0,74,76,10,0,80,139.42,0,5,6,-999,-1,0,0,0,,,,,,,,
273,1782602825253,19478,0,0,0,0,0,0,74,76,10,0,80,139.16,0,3,6,-1001,-1,0,0,0,,,,,,,,
274,1782602825348,19573,0,0,0,0,0,0,74,76,10,0,80,139.28,0,5,6,-999,-1,0,0,0,,,,,,,,
275,1782602825445,19670,0,0,0,0,0,0,74,76,10,0,80,139.33,0,2,6,-1000,-1,0,0,0,,,,,,,,
276,1782602825541,19766,0,0,0,0,0,0,74,76,10,0,80,139.25,0,4,6,-1002,-1,0,0,0,,,,,,,,
277,1782602825637,19862,0,0,0,0,0,0,73,77,10,0,80,139.24,0,4,4,-1001,-1,0,0,0,,,,,,,,
278,1782602825732,19957,0,0,0,0,0,0,73,77,10,0,80,139.41,0,3,5,-1000,-1,0,0,0,,,,,,,,
279,1782602825828,20053,0,0,0,0,0,0,73,77,10,0,80,139.28,0,3,6,-998,-1,0,0,0,,,,,,,,
280,1782602825931,20156,0,0,0,0,0,0,73,77,10,0,80,139.19,0,4,5,-996,-1,0,0,0,,,,,,,,
281,1782602826020,20245,0,0,0,0,0,0,73,77,10,0,80,139.42,0,5,7,-999,-1,0,0,0,,,,,,,,
282,1782602826116,20341,0,0,0,0,0,0,73,77,10,0,80,139.17,0,3,5,-999,-1,0,0,0,,,,,,,,
283,1782602826212,20437,0,0,0,0,0,0,73,77,10,0,80,139.31,0,2,6,-999,-1,0,0,0,,,,,,,,
284,1782602826307,20532,0,0,0,0,0,0,73,77,10,0,80,139.42,0,4,5,-999,-1,0,0,0,,,,,,,,
285,1782602826404,20629,0,0,0,0,0,0,73,77,10,0,80,139.39,0,3,8,-997,-1,0,0,0,,,,,,,,
286,1782602826500,20725,0,0,0,0,0,0,73,77,10,0,80,139.4,0,5,6,-999,-1,0,0,0,,,,,,,,
287,1782602826595,20820,0,0,0,0,0,0,74,77,10,0,80,139.17,0,4,5,-999,-1,0,0,0,,,,,,,,
288,1782602826692,20917,0,0,0,0,0,0,74,77,10,0,80,138.98,0,3,6,-1002,-1,0,0,0,,,,,,,,
289,1782602826787,21012,0,0,0,0,0,0,74,77,10,0,80,139.32,0,2,4,-1001,-1,0,0,0,,,,,,,,
290,1782602826885,21110,0,0,0,0,0,0,74,77,10,0,80,139.07,0,3,6,-998,-1,0,0,0,,,,,,,,
291,1782602826980,21205,0,0,0,0,0,0,74,77,10,0,80,139.13,0,4,6,-999,-1,0,0,0,,,,,,,,
292,1782602827076,21301,0,0,0,0,0,0,74,77,10,0,80,139.24,0,3,5,-998,-1,0,0,0,,,,,,,,
293,1782602827171,21396,0,0,0,0,0,0,74,77,10,0,80,139.52,0,5,5,-999,-1,0,0,0,,,,,,,,
294,1782602827267,21492,0,0,0,0,0,0,74,77,10,0,80,139.04,0,4,6,-999,-1,0,0,0,,,,,,,,
295,1782602827363,21588,0,0,0,0,0,0,74,77,10,0,80,139.01,0,4,6,-999,-1,0,0,0,,,,,,,,
296,1782602827458,21683,0,0,0,0,0,0,74,77,10,0,80,139.4,0,3,4,-997,-1,0,0,0,,,,,,,,
297,1782602827554,21779,0,0,0,0,0,0,75,77,10,0,80,139.35,0,3,5,-1000,-1,0,0,0,,,,,,,,
298,1782602827650,21875,0,0,0,0,0,0,75,77,10,0,80,139.39,0,4,5,-1000,-1,0,0,0,,,,,,,,
299,1782602827746,21971,0,0,0,0,0,0,75,77,10,0,80,139.04,0,4,5,-998,-1,0,0,0,,,,,,,,
300,1782602827842,22067,0,0,0,0,0,0,75,77,10,0,80,139.2,0,5,6,-999,-1,0,0,0,,,,,,,,
301,1782602827938,22163,0,0,0,0,0,0,75,77,10,0,80,139.23,0,3,5,-997,-1,0,0,0,,,,,,,,
302,1782602828034,22259,0,0,0,0,0,0,75,77,10,0,80,139.24,0,4,5,-1000,-1,0,0,0,,,,,,,,
303,1782602828131,22356,0,0,0,0,0,0,75,77,10,0,80,139.18,0,3,5,-1000,-1,0,0,0,,,,,,,,
304,1782602828230,22455,0,0,0,0,0,0,75,77,10,0,80,139.7,0,3,6,-1000,-1,0,0,0,,,,,,,,
305,1782602828273,22498,0,0,0,0,0,0,75,77,10,0,80,139.41,0,5,5,-999,-1,0,0,0,,,,,,,,
306,1782602828371,22596,0,0,0,0,0,0,75,77,10,0,80,139.17,0,5,5,-999,-1,0,0,0,,,,,,,,
307,1782602828467,22692,0,0,0,0,0,0,75,78,10,0,80,139.69,0,4,7,-999,-1,0,0,0,,,,,,,,
308,1782602828563,22788,0,0,0,0,0,0,75,78,10,0,80,139.35,0,3,4,-998,-1,0,0,0,,,,,,,,
309,1782602828656,22881,0,0,0,0,0,0,75,78,10,0,80,139.05,0,5,6,-1001,-1,0,0,0,,,,,,,,
310,1782602828753,22978,0,0,0,0,0,0,75,78,10,0,80,139.22,0,4,5,-1000,-1,0,0,0,,,,,,,,
311,1782602828848,23073,0,0,0,0,0,0,75,78,10,0,80,139.44,0,4,6,-999,-1,0,0,0,,,,,,,,
312,1782602828944,23169,0,0,0,0,0,0,75,78,10,0,80,139.04,0,3,6,-999,-1,0,0,0,,,,,,,,
313,1782602829041,23266,0,0,0,0,0,0,75,78,10,0,80,139.32,0,3,5,-999,-1,0,0,0,,,,,,,,
314,1782602829135,23360,0,0,0,0,0,0,75,78,10,0,80,139.45,0,3,5,-1002,-1,0,0,0,,,,,,,,
315,1782602829233,23458,0,0,0,0,0,0,75,78,10,0,80,139.5,0,3,5,-1000,-1,0,0,0,,,,,,,,
316,1782602829329,23554,0,0,0,0,0,0,75,78,10,0,80,139.44,0,2,5,-1001,-1,0,0,0,,,,,,,,
317,1782602829423,23648,0,0,0,0,0,0,75,77,10,0,80,139.36,0,3,6,-999,-1,0,0,0,,,,,,,,
318,1782602829525,23750,0,0,0,0,0,0,75,77,10,0,80,139.3,0,4,5,-1000,-1,0,0,0,,,,,,,,
319,1782602829616,23841,0,0,0,0,0,0,75,77,10,0,80,139.22,0,4,5,-1001,-1,0,0,0,,,,,,,,
320,1782602829711,23936,0,0,0,0,0,0,75,77,10,0,80,139.31,0,4,4,-1000,-1,0,0,0,,,,,,,,
321,1782602829814,24039,0,0,0,0,0,0,75,77,10,0,80,139.35,0,4,6,-996,-1,0,0,0,,,,,,,,
322,1782602829907,24132,0,0,0,0,0,0,75,77,10,0,80,139.35,0,4,5,-998,-1,0,0,0,,,,,,,,
323,1782602829998,24223,0,0,0,0,0,0,75,77,10,0,80,139.27,0,3,5,-999,-1,0,0,0,,,,,,,,
324,1782602830094,24319,0,0,0,0,0,0,75,77,10,0,80,139.18,0,4,6,-999,-1,0,0,0,,,,,,,,
325,1782602830191,24416,0,0,0,0,0,0,75,77,10,0,80,139.31,0,2,9,-1000,-1,0,0,0,,,,,,,,
326,1782602830286,24511,0,0,0,0,0,0,75,77,10,0,80,139.18,0,2,10,-993,-1,0,0,0,,,,,,,,
327,1782602830381,24606,0,0,0,0,0,0,75,77,10,0,80,139.18,0,2,-5,-1005,-1,0,0,0,,,,,,,,
328,1782602830480,24705,0,0,0,0,0,0,75,77,10,0,80,139.18,0,-12,5,-1003,-1,0,0,0,,,,,,,,
329,1782602830571,24796,0,0,0,0,0,0,75,77,10,0,80,139.18,0,13,-27,-1092,-1,0,0,0,,,,,,,,
330,1782602830667,24892,1,0,0,0,0,0,75,77,10,0,80,139.18,0,-11,14,-1248,-1,0,0,0,,,,,,,,
331,1782602830763,24988,0,0,0,0,0,-2,75,77,10,0,80,139.18,0,10,4,-1369,-1,0,0,0,,,,,,,,
332,1782602830859,25084,-1,0,0,0,0,-5,75,77,19,0,80,139.18,0,-3,3,-1169,-1,0,0,0,,,,,,,,
333,1782602830960,25185,-1,0,0,0,0,-7,75,77,27,10,80,139.18,0,29,-4,-997,-1,0,0,0,,,,,,,,
334,1782602831051,25276,-1,0,0,0,0,-7,75,77,36,10,80,139.18,0,6,9,-937,-1,0,0,0,,,,,,,,
335,1782602831144,25369,0,0,0,0,0,-7,75,77,42,20,80,139.18,1,14,-6,-944,-1,0,0,0,,,,,,,,
336,1782602831239,25464,0,0,0,0,0,-7,75,77,50,30,80,139.46,1,8,9,-888,-1,0,0,0,0,0,0,0,"keyboard-control","OK",1782602831236,0
337,1782602831335,25560,0,0,0,0,0,-6,75,77,56,30,80,139.5,1,9,0,-840,-1,0,0,0,0,0,0,0,"keyboard-control","OK",1782602831286,1
338,1782602831440,25665,0,0,0,0,0,-5,75,77,58,40,80,139.47,1,-16,10,-897,-1,0,0,0,0,0,0,0,"keyboard-control","OK",1782602831436,4
339,1782602831477,25702,0,0,0,0,0,-3,75,77,62,40,80,139.38,1,-33,30,-895,-1,0,0,0,0,0,0,0,"keyboard-control","OK",1782602831436,4
340,1782602831574,25799,0,0,0,0,0,-2,75,77,66,40,80,139.18,1,6,2,-932,-1,0,0,0,0,0,0,0,"keyboard-control","OK",1782602831536,6
341,1782602831675,25900,0,0,0,0,0,-1,75,77,69,50,80,139.41,1,-36,1,-930,-1,0,0,0,0,0,0,0,"keyboard-control","OK",1782602831636,8
342,1782602831765,25990,0,0,0,0,0,-1,75,77,71,50,80,139.33,1,-21,13,-966,-1,0,0,0,0,0,0,0,"keyboard-control","OK",1782602831737,10
343,1782602831859,26084,0,0,0,0,0,0,75,77,73,50,80,139.18,1,-2,10,-959,-1,0,0,0,0,0,0,0,"keyboard-control","OK",1782602831836,12
344,1782602831955,26180,0,0,0,0,0,0,75,77,74,50,80,139.18,1,0,24,-952,-1,0,0,0,0,0,0,0,"keyboard-control","OK",1782602831936,14
345,1782602832051,26276,0,0,0,0,0,0,75,77,76,50,80,139.29,2,-12,4,-1017,-1,0,0,0,0,0,0,0,"keyboard-control","OK",1782602832036,16
346,1782602832149,26374,0,0,0,0,0,0,75,77,77,50,80,139.62,2,-13,-7,-986,-1,0,0,0,0,0,0,0,"keyboard-control","OK",1782602832145,18
347,1782602832241,26466,0,0,0,0,0,0,75,78,79,50,80,139.35,2,-15,20,-986,-1,0,0,0,0,0,0,0,"keyboard-control","OK",1782602832236,20
348,1782602832336,26561,0,0,0,0,0,0,75,78,80,50,80,139.4,2,-7,24,-1022,-1,0,0,0,0,0,0,0,"keyboard-control","OK",1782602832336,22
349,1782602832432,26657,0,0,0,0,0,0,75,78,81,60,80,139.34,2,12,-2,-923,-1,0,0,0,0,0,0,0,"keyboard-control","OK",1782602832386,23
350,1782602832530,26755,0,0,0,0,0,0,75,78,83,60,80,139.28,2,0,18,-994,-1,0,0,0,0,0,0,0,"keyboard-control","OK",1782602832486,25
351,1782602832624,26849,0,0,0,0,0,0,75,78,84,60,80,139.23,2,-43,23,-977,-1,0,0,0,0,0,0,0,"keyboard-control","OK",1782602832586,27
352,1782602832730,26955,0,0,0,0,0,0,75,78,85,60,80,139.58,2,-7,0,-993,-1,0,0,0,0,0,0,0,"keyboard-control","OK",1782602832686,29
353,1782602832816,27041,0,0,0,0,0,0,75,78,86,60,80,139.32,2,-2,28,-956,-1,0,0,0,0,0,0,0,"keyboard-control","OK",1782602832786,31
354,1782602832910,27135,0,0,0,0,0,0,75,78,87,60,80,139.36,2,-11,3,-943,-1,0,0,0,0,0,0,0,"keyboard-control","OK",1782602832886,33
355,1782602833006,27231,0,0,0,0,0,0,75,78,87,60,80,139.32,3,6,20,-940,-1,0,0,0,0,0,0,0,"keyboard-control","OK",1782602832987,35
356,1782602833102,27327,0,0,0,0,0,0,75,78,88,60,80,139.51,3,-18,-4,-996,-1,0,0,0,0,0,0,0,"keyboard-control","OK",1782602833086,37
357,1782602833198,27423,0,0,0,0,0,0,76,77,88,60,80,139.37,3,13,14,-1001,-1,0,0,0,0,0,0,0,"keyboard-control","OK",1782602833186,39
358,1782602833289,27514,0,0,0,0,0,0,76,77,88,60,80,139.52,3,3,-23,-939,-1,0,0,0,0,0,0,0,"keyboard-control","OK",1782602833286,41
359,1782602833384,27609,0,0,0,0,0,0,76,77,88,70,80,139.48,3,-43,21,-1035,-1,0,0,0,0,0,0,0,"keyboard-control","OK",1782602833336,42
360,1782602833479,27704,0,0,0,0,0,0,76,77,88,60,80,139.12,3,25,-7,-959,-1,0,0,0,0,0,0,0,"keyboard-control","OK",1782602833436,44
361,1782602833574,27799,0,0,0,0,0,0,76,77,88,60,80,139.66,3,-44,19,-961,-1,0,0,0,0,0,0,0,"keyboard-control","OK",1782602833536,46
362,1782602833670,27895,0,0,0,0,0,0,76,77,88,70,80,139.5,3,-6,5,-1041,-1,0,0,0,0,0,0,0,"keyboard-control","OK",1782602833636,48
363,1782602833765,27990,0,0,0,0,0,0,76,77,87,60,80,139.48,3,-6,-8,-922,-1,0,0,0,0,0,0,0,"keyboard-control","OK",1782602833736,50
364,1782602833860,28085,0,0,0,0,0,0,76,77,87,60,80,139.11,4,-27,-9,-987,-1,0,0,0,0,0,0,0,"keyboard-control","OK",1782602833836,52
365,1782602833956,28181,0,0,0,0,0,0,76,77,87,60,80,139.47,4,32,-1,-969,-1,0,0,0,0,0,0,0,"keyboard-control","OK",1782602833936,54
366,1782602834051,28276,0,0,0,0,0,0,76,77,86,60,80,139.18,4,-9,9,-912,-1,0,0,0,0,0,0,0,"keyboard-control","OK",1782602834036,56
367,1782602834147,28372,0,0,0,0,0,0,75,78,86,60,80,139.52,4,-27,4,-1046,-1,0,0,0,0,0,0,0,"keyboard-control","OK",1782602834136,58
368,1782602834242,28467,0,0,0,0,0,0,75,78,86,60,80,139.45,4,6,3,-979,-1,0,0,0,0,0,0,0,"keyboard-control","OK",1782602834236,60
369,1782602834337,28562,0,0,0,0,0,0,75,78,85,60,79,139.51,4,26,-4,-961,-1,0,0,0,0,0,0,0,"keyboard-control","OK",1782602834336,62
370,1782602834436,28661,0,0,0,0,0,0,75,78,85,60,79,139.46,4,-5,-8,-966,-1,0,0,0,0,0,0,0,"keyboard-control","OK",1782602834436,64
371,1782602834528,28753,0,0,0,0,0,0,75,78,84,60,79,139.38,4,49,-27,-987,-1,0,0,0,0,0,0,0,"keyboard-control","OK",1782602834486,65
372,1782602834625,28850,0,0,0,0,0,0,75,78,84,60,79,139.56,4,1,-1,-1012,-1,0,0,0,0,0,0,0,"keyboard-control","OK",1782602834586,67
373,1782602834719,28944,0,0,0,0,0,0,75,78,84,60,79,139.4,4,8,-4,-1025,-1,0,0,0,0,0,0,0,"keyboard-control","OK",1782602834686,69
374,1782602834817,29042,0,0,0,0,0,0,75,78,84,60,79,139.32,5,-6,1,-985,-1,0,0,0,0,0,0,0,"keyboard-control","OK",1782602834786,71
375,1782602834909,29134,0,0,0,0,0,0,75,78,84,60,79,139.33,5,19,-12,-967,-1,0,0,0,0,0,0,0,"keyboard-control","OK",1782602834886,73
376,1782602834956,29181,0,0,0,0,0,0,75,78,83,60,79,139.38,5,-1,1,-948,-1,0,0,0,0,0,0,0,"keyboard-control","OK",1782602834936,74
377,1782602835100,29325,0,0,0,0,0,0,75,77,83,60,79,139.47,5,22,-4,-891,-1,0,0,0,0,0,0,0,"keyboard-control","OK",1782602835086,77
378,1782602835147,29372,0,0,0,0,0,0,75,77,83,60,79,139.18,5,26,-4,-970,-1,0,0,0,0,0,0,0,"keyboard-control","OK",1782602835136,78
379,1782602835243,29468,0,0,0,0,0,0,75,77,83,60,79,139.13,5,31,-1,-1022,-1,0,0,0,0,0,0,0,"keyboard-control","OK",1782602835236,80
380,1782602835342,29567,0,0,0,0,0,0,75,77,82,60,79,139.35,5,-6,0,-998,-1,0,0,0,0,0,0,0,"keyboard-control","OK",1782602835336,82
381,1782602835433,29658,0,0,0,0,0,0,75,77,82,60,79,139.3,5,-15,12,-973,-1,0,0,0,0,0,0,0,"keyboard-control","OK",1782602835385,83
382,1782602835529,29754,0,0,0,0,0,0,75,77,82,60,79,139.33,5,-2,12,-966,-1,0,0,0,0,0,0,0,"keyboard-control","OK",1782602835486,85
383,1782602835624,29849,0,0,0,0,0,0,75,77,82,60,79,139.19,5,0,21,-1030,-1,0,0,0,0,0,0,0,"keyboard-control","OK",1782602835586,87
384,1782602835719,29944,0,0,0,0,0,0,75,77,81,60,79,139.09,6,6,8,-991,-1,0,0,0,0,0,0,0,"keyboard-control","OK",1782602835686,89
385,1782602835815,30040,0,0,0,0,0,0,75,77,81,60,79,139.52,6,28,-16,-1002,-1,0,0,0,0,0,0,0,"keyboard-control","OK",1782602835786,91
386,1782602835910,30135,0,0,0,0,0,0,75,77,81,60,79,139.32,6,2,-5,-1012,-1,0,0,0,0,0,0,0,"keyboard-control","OK",1782602835886,93
387,1782602836006,30231,0,0,0,0,0,0,75,77,80,60,79,139.6,6,-18,-4,-1014,-1,0,0,0,0,0,0,0,"keyboard-control","OK",1782602835987,95
388,1782602836101,30326,0,0,0,0,0,0,75,77,80,60,79,139.52,6,-14,-7,-979,-1,0,0,0,0,0,0,0,"keyboard-control","OK",1782602836085,97
389,1782602836196,30421,0,0,0,0,0,0,75,77,79,60,78,139.64,6,13,-11,-1002,-1,0,0,0,0,0,0,0,"keyboard-control","OK",1782602836186,99
390,1782602836297,30522,1,0,0,0,0,0,75,77,79,60,78,139.22,6,1,-8,-1059,-1,0,0,0,0,0,0,0,"keyboard-control","OK",1782602836286,101
391,1782602836387,30612,0,0,0,0,0,0,75,77,79,60,78,139.09,6,18,-9,-918,-1,0,0,0,0,0,0,0,"keyboard-control","OK",1782602836386,103
392,1782602836482,30707,1,0,0,0,0,0,75,77,79,60,78,139.19,6,17,-6,-1015,-1,0,0,0,0,0,0,0,"keyboard-control","OK",1782602836436,104
393,1782602836577,30802,0,0,0,0,0,0,75,77,79,60,78,139.27,6,20,-24,-993,-1,0,0,0,0,0,0,0,"keyboard-control","OK",1782602836536,106
394,1782602836673,30898,0,0,0,0,0,0,75,77,79,60,78,139.49,7,-13,8,-937,-1,0,0,0,0,0,0,0,"keyboard-control","OK",1782602836636,108
395,1782602836768,30993,0,0,0,0,0,0,75,77,79,60,78,139.37,7,15,-9,-1016,-1,0,0,0,0,0,0,0,"keyboard-control","OK",1782602836736,110
396,1782602836863,31088,0,0,0,0,0,0,75,77,79,60,78,139.47,7,7,-22,-978,-1,0,0,0,0,0,-20,0,"keyboard-control","OK",1782602836836,112
397,1782602836960,31185,0,0,0,0,0,0,75,77,79,60,78,139.39,7,35,-5,-998,-1,0,0,0,0,0,-20,0,"keyboard-control","OK",1782602836936,114
398,1782602837054,31279,0,0,0,0,0,0,75,77,79,60,78,139.23,7,-4,-6,-996,-1,0,0,0,0,0,0,0,"keyboard-control","OK",1782602837036,117
399,1782602837150,31375,0,0,0,0,0,0,75,77,79,60,78,139.52,7,-33,-2,-1050,-1,0,0,0,0,0,0,0,"keyboard-control","OK",1782602837136,119
400,1782602837250,31475,0,0,0,0,0,0,75,77,79,60,78,139.43,7,-3,-5,-961,-1,0,0,0,0,0,0,0,"keyboard-control","OK",1782602837236,121
401,1782602837342,31567,0,0,0,0,0,0,75,77,79,60,78,139.44,7,15,-15,-1019,-1,0,0,0,0,0,0,0,"keyboard-control","OK",1782602837336,123
402,1782602837437,31662,0,0,0,0,0,0,75,77,78,60,78,139.41,7,-7,5,-984,-1,0,0,0,0,0,0,0,"keyboard-control","OK",1782602837436,125
403,1782602837535,31760,0,0,0,0,0,0,75,77,79,60,78,139.28,7,-43,15,-991,-1,0,0,0,0,0,0,0,"keyboard-control","OK",1782602837486,126
404,1782602837634,31859,0,0,0,0,0,0,75,77,78,60,78,139.59,8,-24,5,-991,-1,0,0,0,0,0,-20,0,"keyboard-control","OK",1782602837586,128
405,1782602837726,31951,0,0,0,0,0,0,75,77,78,60,78,139.29,8,-9,-8,-973,-1,0,0,0,0,0,-20,0,"keyboard-control","OK",1782602837686,130
406,1782602837819,32044,0,1,0,0,0,0,75,77,78,60,78,139.14,8,-17,1,-969,-1,0,0,0,0,0,-20,0,"keyboard-control","OK",1782602837786,132
407,1782602837914,32139,0,1,0,0,0,0,75,79,78,60,78,139.37,8,36,-25,-977,-1,0,0,0,0,0,0,0,"keyboard-control","OK",1782602837885,135
408,1782602838009,32234,0,0,0,0,0,0,75,79,77,60,78,139.31,8,15,-12,-1044,-1,0,0,0,0,0,0,0,"keyboard-control","OK",1782602837986,137
409,1782602838104,32329,1,0,0,0,0,0,75,79,77,60,77,139.19,8,-30,5,-1073,-1,0,0,0,0,0,0,0,"keyboard-control","OK",1782602838086,139
410,1782602838199,32424,0,0,0,0,0,0,75,79,77,60,77,139.3,8,-1,-3,-998,-1,0,0,0,0,0,0,0,"keyboard-control","OK",1782602838186,141
411,1782602838295,32520,0,0,0,0,0,0,75,79,76,60,77,139.21,8,-6,-3,-1019,-1,0,0,0,0,0,0,0,"keyboard-control","OK",1782602838286,143
412,1782602838391,32616,0,0,0,0,0,0,75,79,76,60,77,139.16,8,29,-18,-1006,-1,0,0,0,0,0,0,0,"keyboard-control","OK",1782602838386,145
413,1782602838440,32665,0,0,0,0,0,0,75,79,77,60,77,139.32,8,19,-27,-1033,-1,0,0,0,0,0,0,0,"keyboard-control","OK",1782602838436,146
414,1782602838533,32758,1,0,0,0,0,0,75,79,77,60,77,139.45,9,15,-14,-1002,-1,0,0,0,0,0,0,0,"keyboard-control","OK",1782602838486,147
415,1782602838628,32853,1,0,0,0,0,0,75,79,77,60,77,139.1,9,-6,12,-941,-1,0,0,0,0,0,0,0,"keyboard-control","OK",1782602838586,149
416,1782602838723,32948,1,0,0,0,0,0,75,79,77,60,77,139.27,9,27,-7,-919,-1,0,0,0,0,0,0,0,"keyboard-control","OK",1782602838686,151
417,1782602838866,33091,1,0,0,0,0,0,75,77,77,60,77,139.31,9,33,-2,-971,-1,0,0,0,0,0,0,0,"keyboard-control","OK",1782602838836,154
418,1782602838914,33139,1,0,0,0,0,0,75,77,77,60,77,139.36,9,-18,5,-993,-1,0,0,0,0,0,0,0,"keyboard-control","OK",1782602838886,155
419,1782602839009,33234,0,0,0,0,0,0,75,77,77,60,77,139.41,9,-14,-20,-1052,-1,0,0,0,0,0,0,0,"keyboard-control","OK",1782602838986,157
420,1782602839108,33333,1,0,0,0,0,0,75,77,77,60,77,139.16,9,-30,1,-1000,-1,0,0,0,0,0,0,0,"keyboard-control","OK",1782602839086,159
421,1782602839200,33425,1,0,0,0,0,0,75,77,78,60,77,139.14,9,0,4,-988,-1,0,0,0,0,0,0,0,"keyboard-control","OK",1782602839186,161
422,1782602839295,33520,1,0,0,0,0,0,75,77,78,60,77,139.34,9,-1,27,-1026,-1,0,0,0,0,0,0,0,"keyboard-control","OK",1782602839286,163
423,1782602839391,33616,1,0,0,0,0,0,75,77,78,60,77,139.08,9,24,-13,-1007,-1,0,0,0,0,0,0,0,"keyboard-control","OK",1782602839386,165
424,1782602839486,33711,1,0,0,0,0,0,75,77,79,60,77,139.39,10,26,-21,-1012,-1,0,0,0,0,0,0,0,"keyboard-control","OK",1782602839486,167
425,1782602839582,33807,1,0,0,0,0,0,75,77,79,60,77,139.04,10,0,-9,-1056,-1,0,0,0,0,0,0,0,"keyboard-control","OK",1782602839536,168
426,1782602839676,33901,1,0,0,0,0,0,75,77,79,60,77,139.6,10,0,4,-1015,-1,0,0,0,0,0,0,0,"keyboard-control","OK",1782602839636,170
427,1782602839772,33997,1,0,0,0,0,0,75,77,79,60,77,139.33,10,5,-11,-1022,-1,0,0,0,0,0,0,0,"keyboard-control","OK",1782602839736,172
428,1782602839873,34098,1,0,0,0,0,0,75,77,79,60,76,139.41,10,-29,9,-1063,-1,0,0,0,0,0,0,0,"keyboard-control","OK",1782602839836,174
429,1782602839963,34188,1,0,0,0,0,0,75,77,79,60,76,139.2,10,-7,14,-1068,-1,0,0,0,0,0,0,0,"keyboard-control","OK",1782602839936,176
430,1782602840062,34287,1,0,0,0,0,0,75,77,79,60,76,139.34,10,14,-4,-1026,-1,0,0,0,0,0,0,0,"keyboard-control","OK",1782602840036,178
431,1782602840153,34378,1,0,0,0,0,0,75,77,79,60,76,139.35,10,-11,-5,-1093,-1,0,0,0,0,0,0,0,"keyboard-control","OK",1782602840136,180
432,1782602840249,34474,1,0,0,0,0,0,75,77,79,60,76,139.05,10,25,-2,-998,-1,0,0,0,0,0,0,0,"keyboard-control","OK",1782602840236,182
433,1782602840343,34568,1,0,0,0,0,0,75,77,79,60,76,139.35,10,22,-7,-1006,-1,0,0,0,0,0,0,0,"keyboard-control","OK",1782602840336,184
434,1782602840439,34664,1,0,0,0,0,0,75,77,79,60,76,139.88,11,-1,15,-1096,-1,0,0,0,0,0,0,0,"keyboard-control","OK",1782602840435,186
435,1782602840534,34759,1,0,0,0,0,0,75,77,79,60,76,139.42,11,35,-8,-1008,-1,0,0,0,0,0,-20,0,"keyboard-control","OK",1782602840486,187
436,1782602840629,34854,1,0,0,0,0,0,75,77,79,60,76,139.46,11,7,7,-939,-1,0,0,0,0,0,-20,0,"keyboard-control","OK",1782602840586,189
437,1782602840725,34950,1,0,0,0,0,0,75,77,79,60,76,139.3,11,-14,17,-997,-1,0,0,0,0,0,-20,0,"keyboard-control","OK",1782602840686,191
438,1782602840821,35046,2,0,0,0,0,0,75,77,79,60,76,139.34,11,-26,14,-967,-1,0,0,0,0,0,0,0,"keyboard-neutral","OK",1782602840817,194
439,1782602840915,35140,1,0,0,0,0,0,75,77,79,60,76,138.96,11,0,4,-1046,-1,0,0,0,0,0,0,0,"keyboard-control","OK",1782602840886,196
440,1782602841011,35236,2,0,0,0,0,0,75,77,78,60,76,139.19,11,40,-25,-999,-1,0,0,0,0,0,0,0,"keyboard-control","OK",1782602840986,198
441,1782602841107,35332,2,0,0,0,0,0,75,77,78,60,76,139,11,1,15,-999,-1,0,0,0,0,0,0,0,"keyboard-control","OK",1782602841086,200
442,1782602841203,35428,2,0,0,0,0,0,75,77,78,60,76,139.21,11,6,0,-953,-1,0,0,0,0,0,0,0,"keyboard-control","OK",1782602841186,202
443,1782602841298,35523,2,0,0,0,0,0,75,77,78,60,76,139.18,11,-22,14,-1024,-1,0,0,0,0,0,0,0,"keyboard-control","OK",1782602841286,204
444,1782602841392,35617,1,0,0,-1,0,0,75,77,78,60,76,139.26,12,3,18,-949,-1,0,0,0,0,0,0,0,"keyboard-control","OK",1782602841386,206
445,1782602841488,35713,1,0,0,0,0,0,75,77,79,60,76,139.18,12,-10,-3,-984,-1,0,0,0,0,0,0,0,"keyboard-control","OK",1782602841486,208
446,1782602841583,35808,1,0,0,0,0,0,75,77,79,60,76,139.34,12,21,-19,-955,-1,0,0,0,0,0,0,0,"keyboard-control","OK",1782602841536,209
447,1782602841678,35903,2,0,0,0,0,0,75,77,79,60,76,139.56,12,15,-3,-1001,-1,0,0,0,0,0,0,0,"keyboard-control","OK",1782602841636,211
448,1782602841773,35998,2,0,0,0,0,0,75,77,79,60,75,139.52,12,3,16,-1040,-1,0,0,0,0,0,0,0,"keyboard-control","OK",1782602841736,213
449,1782602841821,36046,2,0,0,0,0,0,75,77,79,60,75,139.53,12,10,-3,-970,-1,0,0,0,0,0,0,0,"keyboard-control","OK",1782602841786,214
450,1782602841920,36145,1,0,0,-1,0,0,75,77,80,60,75,138.93,12,-2,12,-983,-1,0,0,0,0,0,0,0,"keyboard-control","OK",1782602841886,216
451,1782602842012,36237,1,0,0,-1,0,0,75,77,80,60,75,139.19,12,5,-8,-955,-1,0,0,0,0,0,0,0,"keyboard-control","OK",1782602841986,218
452,1782602842108,36333,1,0,0,0,0,0,75,77,80,60,75,139.51,12,-17,7,-1017,-1,0,0,0,0,0,0,0,"keyboard-control","OK",1782602842085,220
453,1782602842205,36430,1,0,0,0,0,0,75,77,80,60,75,139.24,12,12,-4,-992,-1,0,0,0,0,-20,0,0,"keyboard-control","OK",1782602842186,222
454,1782602842298,36523,2,0,0,0,0,0,75,77,81,60,75,139.12,13,-2,-3,-1013,-1,0,0,0,0,-20,0,0,"keyboard-control","OK",1782602842286,224
455,1782602842393,36618,2,0,0,0,0,0,75,77,81,60,75,139.37,13,12,6,-1035,-1,0,0,0,0,-20,0,0,"keyboard-control","OK",1782602842386,226
456,1782602842489,36714,2,0,0,0,0,0,75,77,81,60,75,139.44,13,-4,3,-1019,-1,0,0,0,0,-20,0,0,"keyboard-control","OK",1782602842486,228
457,1782602842583,36808,2,0,0,0,0,0,75,78,81,60,75,139.24,13,2,-10,-1006,-1,0,0,0,0,-20,0,0,"keyboard-control","OK",1782602842536,229
458,1782602842679,36904,2,0,0,0,0,0,75,78,81,60,75,139,13,33,0,-979,-1,0,0,0,0,-20,0,0,"keyboard-control","OK",1782602842636,231
459,1782602842778,37003,2,0,0,0,0,0,75,78,81,60,75,139.18,13,-33,18,-996,-1,0,0,0,0,-20,0,0,"keyboard-control","OK",1782602842736,233
460,1782602842875,37100,2,0,0,0,0,0,75,78,81,60,75,139.44,13,-3,-15,-1048,-1,0,0,0,0,-20,0,0,"keyboard-control","OK",1782602842836,235
461,1782602842964,37189,2,0,0,0,0,0,75,78,81,60,75,139.71,13,6,-7,-997,-1,0,0,0,0,-20,0,0,"keyboard-control","OK",1782602842935,237
462,1782602843063,37288,2,0,0,-1,0,0,75,78,81,60,75,139.31,13,-46,32,-978,-1,0,0,0,0,-20,0,0,"keyboard-control","OK",1782602843036,239
463,1782602843155,37380,2,0,0,-1,0,0,75,78,80,60,75,139.33,13,-14,9,-1077,-1,0,0,0,0,-20,0,0,"keyboard-control","OK",1782602843136,241
464,1782602843253,37478,2,0,0,-1,0,0,75,78,80,60,75,139.24,14,14,-1,-937,-1,0,0,0,0,-20,0,0,"keyboard-control","OK",1782602843236,243
465,1782602843349,37574,2,0,0,-1,0,0,75,78,80,60,75,139.28,14,11,-5,-968,-1,0,0,0,0,-20,0,0,"keyboard-control","OK",1782602843336,245
466,1782602843443,37668,2,0,0,-1,0,0,75,78,80,60,75,139.16,14,3,-3,-1083,-1,0,0,0,0,-20,0,0,"keyboard-control","OK",1782602843436,247
467,1782602843537,37762,2,0,0,-1,0,0,75,78,80,60,75,139.22,14,21,-9,-1020,-1,0,0,0,0,-20,0,0,"keyboard-control","OK",1782602843536,249
468,1782602843632,37857,2,0,0,-1,0,0,75,78,80,60,74,139.38,14,14,-7,-1051,-1,0,0,0,0,-20,0,0,"keyboard-control","OK",1782602843586,250
469,1782602843728,37953,2,0,0,-1,0,0,75,78,80,60,74,139.3,14,13,-8,-914,-1,0,0,0,0,-20,0,0,"keyboard-control","OK",1782602843686,252
470,1782602843823,38048,2,0,0,-1,0,0,75,78,80,60,74,139.34,14,-6,8,-1009,-1,0,0,0,0,-20,0,0,"keyboard-control","OK",1782602843786,254
471,1782602843919,38144,2,0,0,-1,0,0,75,78,80,60,74,139.4,14,5,-2,-1003,-1,0,0,0,0,-20,0,0,"keyboard-control","OK",1782602843886,256
472,1782602844013,38238,2,0,0,-1,0,0,75,78,80,60,74,139.42,14,-2,20,-1064,-1,0,0,0,0,-20,0,0,"keyboard-control","OK",1782602843986,258
473,1782602844109,38334,2,0,0,-1,0,0,75,78,80,60,74,139.63,14,14,-14,-1022,-1,0,0,0,0,-20,0,0,"keyboard-control","OK",1782602844086,260
474,1782602844205,38430,2,0,0,-1,0,0,75,78,80,60,74,139.29,15,11,-2,-1083,-1,0,0,0,0,-20,0,0,"keyboard-control","OK",1782602844186,262
475,1782602844301,38526,2,0,0,-1,0,0,75,78,80,60,74,139.35,15,40,-14,-1005,-1,0,0,0,0,-20,0,0,"keyboard-control","OK",1782602844286,264
476,1782602844401,38626,2,0,0,-1,0,0,75,78,80,60,74,139.21,15,-5,11,-1059,-1,0,0,0,0,-20,0,0,"keyboard-control","OK",1782602844386,266
477,1782602844495,38720,2,0,0,-1,0,0,75,77,80,60,74,139.1,15,4,-3,-945,-1,0,0,0,0,-20,0,0,"keyboard-control","OK",1782602844486,268
478,1782602844589,38814,2,0,0,-1,0,0,75,77,80,60,74,139.25,15,-5,16,-996,-1,0,0,0,0,-20,0,0,"keyboard-control","OK",1782602844586,270
479,1782602844684,38909,2,0,0,-1,0,0,75,77,80,60,74,139.29,15,11,-9,-894,-1,0,0,0,0,-20,0,0,"keyboard-control","OK",1782602844636,271
480,1782602844777,39002,2,0,0,-1,0,0,75,77,80,60,74,139.04,15,-2,15,-975,-1,0,0,0,0,-20,0,0,"keyboard-control","OK",1782602844737,273
481,1782602844875,39100,2,0,0,-1,0,0,75,77,80,60,74,139.33,15,-19,0,-973,-1,0,0,0,0,-20,0,0,"keyboard-control","OK",1782602844836,275
482,1782602844970,39195,2,0,0,-1,0,0,75,77,80,60,74,139.39,15,-5,1,-983,-1,0,0,0,0,-20,0,0,"keyboard-control","OK",1782602844936,277
483,1782602845065,39290,2,0,0,-1,0,0,75,77,80,60,74,139.37,15,5,-3,-946,-1,0,0,0,0,-20,0,0,"keyboard-control","OK",1782602845036,279
484,1782602845109,39334,2,0,0,-1,0,0,75,77,80,60,74,139.52,16,7,-9,-985,-1,0,0,0,20,-20,0,0,"keyboard-control","OK",1782602845086,280
485,1782602845204,39429,2,0,0,-1,0,0,75,77,80,60,74,139.25,16,8,3,-950,-1,0,0,0,20,-20,0,0,"keyboard-control","OK",1782602845185,282
486,1782602845300,39525,2,0,0,-1,0,0,75,77,80,60,74,139.22,16,38,0,-928,-1,0,0,0,20,-20,0,0,"keyboard-control","OK",1782602845286,284
487,1782602845443,39668,2,0,0,-1,0,0,75,77,80,60,74,139.51,16,21,-1,-965,-1,0,0,0,20,-20,0,0,"keyboard-control","OK",1782602845436,287
488,1782602845538,39763,2,0,0,-1,0,0,75,77,80,60,73,139.36,16,15,0,-999,-1,0,0,0,0,-20,0,0,"keyboard-control","OK",1782602845536,289
489,1782602845586,39811,2,1,0,-1,0,0,75,77,80,60,73,139.1,16,35,-17,-1013,-1,0,0,0,0,-20,0,0,"keyboard-control","OK",1782602845586,290
490,1782602845687,39912,2,0,0,-1,0,0,75,77,80,60,73,139.36,16,24,-6,-925,-1,0,0,0,-20,-20,0,0,"keyboard-control","OK",1782602845686,292
491,1782602845776,40001,2,0,0,-1,0,0,75,77,81,60,73,139.28,16,60,-31,-956,-1,0,0,0,-20,-20,0,0,"keyboard-control","OK",1782602845736,293
492,1782602845874,40099,2,0,0,-1,0,0,75,77,81,60,73,139.14,16,12,-16,-1010,-1,0,0,0,-20,-20,0,0,"keyboard-control","OK",1782602845835,295
493,1782602845967,40192,2,0,0,-1,0,0,75,77,81,60,73,138.88,16,-8,5,-1039,-1,0,0,0,-20,-20,0,0,"keyboard-control","OK",1782602845936,297
494,1782602846062,40287,2,-1,0,-1,0,0,75,77,81,60,73,139.28,17,12,-4,-1032,-1,0,0,0,-20,-20,0,0,"keyboard-control","OK",1782602846036,299
495,1782602846158,40383,2,-1,0,-1,0,0,75,77,81,60,73,139.33,17,23,-12,-1010,-1,0,0,0,-20,-20,0,0,"keyboard-control","OK",1782602846136,301
496,1782602846254,40479,2,-1,0,-1,0,0,75,77,81,60,73,139.17,17,19,-9,-1047,-1,0,0,0,-20,-20,0,0,"keyboard-control","OK",1782602846236,303
497,1782602846349,40574,2,-1,0,-1,0,0,74,77,81,60,73,139.43,17,18,-1,-1025,-1,0,0,0,-20,-20,0,0,"keyboard-control","OK",1782602846336,305
498,1782602846444,40669,2,-1,0,-1,0,0,74,77,81,60,73,139.46,17,14,7,-965,-1,0,0,0,-20,-20,0,0,"keyboard-control","OK",1782602846435,307
499,1782602846547,40772,2,-1,0,-1,0,0,74,77,81,60,73,139.3,17,32,3,-951,-1,0,0,0,-20,-20,0,0,"keyboard-control","OK",1782602846536,309
500,1782602846636,40861,2,-1,0,-1,0,0,74,77,81,60,73,139.41,17,7,-5,-1036,-1,0,0,0,-20,-20,0,0,"keyboard-control","OK",1782602846636,311
501,1782602846732,40957,2,-1,0,-1,0,0,74,77,81,60,73,139.37,17,-12,14,-1126,-1,0,0,0,-20,-20,0,0,"keyboard-control","OK",1782602846686,312
502,1782602846825,41050,2,-1,0,-1,-1,0,74,77,80,60,73,139.15,17,-6,21,-1027,-1,0,0,0,-20,-20,0,0,"keyboard-control","OK",1782602846786,314
503,1782602846920,41145,2,-1,0,-1,-1,0,74,77,80,60,73,139.15,17,11,-5,-960,-1,0,0,0,-20,-20,0,0,"keyboard-control","OK",1782602846886,316
504,1782602847016,41241,2,-1,0,-1,-1,0,74,77,80,60,73,139.56,18,30,7,-1017,-1,0,0,0,-20,-20,0,0,"keyboard-control","OK",1782602846986,318
505,1782602847111,41336,2,-1,0,-1,-1,0,74,77,80,60,73,139.42,18,24,-4,-990,-1,0,0,0,-20,-20,0,0,"keyboard-control","OK",1782602847086,320
506,1782602847206,41431,2,-1,0,-1,-1,0,74,77,80,60,73,139.61,18,12,2,-921,-1,0,0,0,0,0,0,0,"keyboard-control","OK",1782602847186,323
507,1782602847305,41530,2,-1,0,-1,-1,0,74,77,79,60,73,139.3,18,15,6,-1021,-1,0,0,0,0,0,0,0,"keyboard-control","OK",1782602847300,325
508,1782602847397,41622,1,-1,0,-1,-1,0,74,77,79,60,72,139.83,18,20,3,-911,-1,0,0,0,0,0,0,0,"keyboard-control","OK",1782602847386,327
509,1782602847492,41717,1,0,0,-1,-1,0,74,77,79,60,72,139.25,18,-10,14,-1062,-1,0,0,0,0,0,0,0,"keyboard-control","OK",1782602847486,329
510,1782602847587,41812,1,0,0,-1,-1,0,74,77,79,60,72,139.48,18,2,34,-1019,-1,0,0,0,0,0,0,0,"keyboard-control","OK",1782602847586,331
511,1782602847685,41910,1,0,0,-1,-1,0,74,77,78,60,72,139.3,18,23,4,-950,-1,0,0,0,0,0,0,0,"keyboard-control","OK",1782602847636,332
512,1782602847779,42004,1,0,0,-1,-1,0,74,77,78,60,72,139.24,18,43,-9,-1019,-1,0,0,0,-20,0,0,0,"keyboard-control","OK",1782602847736,334
513,1782602847874,42099,1,0,0,0,0,0,74,77,78,60,72,139.16,18,-30,6,-1002,-1,0,0,0,-20,0,0,0,"keyboard-control","OK",1782602847836,336
514,1782602847970,42195,0,1,0,0,0,0,74,77,78,60,72,139.19,19,-10,17,-1011,-1,0,0,0,-20,-20,0,0,"keyboard-control","OK",1782602847936,338
515,1782602848068,42293,0,0,0,0,0,0,74,77,77,60,72,138.91,19,-11,-3,-1048,-1,0,0,0,-20,-20,0,0,"keyboard-control","OK",1782602848036,340
516,1782602848160,42385,0,0,0,0,0,0,74,77,77,60,72,139.69,19,5,-9,-888,-1,0,0,0,0,-20,0,0,"keyboard-control","OK",1782602848136,342
517,1782602850285,44510,2,-1,0,0,0,0,75,77,76,60,72,139.66,19,-12,16,-936,-1,0,0,0,0,-20,0,0,"keyboard-control","OK",1782602848236,344
518,1782602850380,44605,2,0,0,0,0,0,75,77,75,60,72,139.45,19,-5,-12,-1041,-1,0,0,0,0,-20,0,0,"keyboard-control","OK",1782602850365,346
519,1782602850475,44700,2,0,0,0,0,0,75,77,75,50,72,139.26,19,23,0,-931,-1,0,0,0,-20,-20,0,0,"keyboard-control","OK",1782602850465,348
520,1782602850571,44796,2,0,0,0,0,0,75,77,76,50,72,139.51,19,-8,15,-1019,-1,0,0,0,-20,-20,0,0,"keyboard-control","OK",1782602850566,350
521,1782602850668,44893,2,0,0,0,0,0,75,77,76,50,72,139.57,19,25,-5,-1023,-1,0,0,0,-20,-20,0,0,"keyboard-control","OK",1782602850666,352
522,1782602850762,44987,2,-1,0,0,0,0,75,77,77,50,72,139.34,19,20,3,-989,-1,0,0,0,-20,-20,0,0,"keyboard-control","OK",1782602850716,353
523,1782602850859,45084,2,-1,0,-1,0,0,75,77,77,60,72,139.37,20,8,10,-1009,-1,0,0,0,-20,-20,0,0,"keyboard-control","OK",1782602850815,355
524,1782602850904,45129,1,-1,0,-1,0,0,75,77,78,60,72,139.56,20,-16,12,-1018,-1,0,0,0,-20,-20,0,0,"keyboard-control","OK",1782602850866,356
525,1782602851000,45225,1,-1,0,-1,0,0,75,77,79,60,72,139.37,20,-19,27,-1000,-1,0,0,0,-20,-20,0,0,"keyboard-control","OK",1782602850966,358
526,1782602851095,45320,2,-1,0,-1,-1,0,75,77,79,60,72,139.52,20,-29,34,-1067,-1,0,0,0,0,-20,0,0,"keyboard-control","OK",1782602851066,360
527,1782602851190,45415,2,0,0,-1,-1,0,75,77,79,60,72,139.1,20,-15,33,-940,-1,0,0,0,0,0,0,0,"keyboard-control","OK",1782602851165,363
528,1782602851286,45511,1,0,0,-1,-1,0,75,77,79,60,71,139.24,20,11,0,-1039,-1,0,0,0,0,0,0,0,"keyboard-control","OK",1782602851266,365
529,1782602851381,45606,1,0,0,-1,-1,0,75,77,78,60,71,139.51,20,-3,8,-1009,-1,0,0,0,0,0,0,0,"keyboard-control","OK",1782602851365,367
530,1782602851476,45701,0,0,0,-1,0,0,75,77,78,60,71,139.22,20,25,20,-965,-1,0,0,0,0,0,0,0,"keyboard-control","OK",1782602851465,369
531,1782602851576,45801,0,0,0,0,0,0,75,77,78,60,71,139.37,20,16,1,-994,-1,0,0,0,0,0,0,0,"keyboard-control","OK",1782602851566,371
532,1782602851667,45892,1,0,0,0,0,0,75,77,77,60,71,139.55,20,-14,16,-1056,-1,0,0,0,0,0,0,0,"keyboard-control","OK",1782602851665,373
533,1782602851762,45987,0,1,0,0,0,0,75,77,77,60,71,139.08,21,-13,22,-937,-1,0,0,0,-20,0,0,0,"keyboard-control","OK",1782602851715,374
534,1782602851861,46086,0,0,0,0,0,0,75,77,76,60,71,139.52,21,-1,5,-1026,-1,0,0,0,-20,0,0,0,"keyboard-control","OK",1782602851816,376
535,1782602851953,46178,0,0,0,0,0,0,75,77,75,60,71,139.31,21,2,-1,-978,-1,0,0,0,-20,0,0,0,"keyboard-control","OK",1782602851915,378
536,1782602852048,46273,1,0,0,0,0,0,75,77,74,60,71,139.15,21,-16,-5,-990,-1,0,0,0,0,0,0,0,"keyboard-control","OK",1782602852016,381
537,1782602852143,46368,1,0,0,0,0,0,74,76,73,50,71,139.6,21,0,2,-1034,-1,0,0,0,0,-20,0,0,"keyboard-control","OK",1782602852115,383
538,1782602852238,46463,1,0,0,0,0,0,74,76,72,50,71,139.46,21,-12,9,-974,-1,0,0,0,0,-20,0,0,"keyboard-control","OK",1782602852216,385
539,1782602852334,46559,2,0,0,0,0,0,74,76,72,50,71,139.54,21,10,-4,-1022,-1,0,0,0,0,-20,0,0,"keyboard-control","OK",1782602852316,387
540,1782602852429,46654,2,0,0,0,0,0,74,76,72,50,71,139.31,21,8,-15,-1037,-1,0,0,0,0,-20,0,0,"keyboard-control","OK",1782602852416,389
541,1782602852525,46750,2,0,0,0,0,0,74,76,72,50,71,139.14,21,-2,-1,-1014,-1,0,0,0,0,-20,0,0,"keyboard-control","OK",1782602852516,391
542,1782602852620,46845,2,0,0,0,0,0,74,76,72,50,71,139.5,21,3,-19,-1041,-1,0,0,0,0,-20,0,0,"keyboard-control","OK",1782602852615,393
543,1782602852715,46940,2,0,0,0,0,0,74,76,72,50,71,139.26,22,-13,-6,-984,-1,0,0,0,0,-20,0,0,"keyboard-control","OK",1782602852715,395
544,1782602852811,47036,2,0,0,0,0,0,74,76,72,50,71,139.37,22,-14,0,-1007,-1,0,0,0,0,-20,0,0,"keyboard-control","OK",1782602852766,396
545,1782602852906,47131,2,0,0,-1,0,0,74,76,72,50,71,139.27,22,8,-5,-1035,-1,0,0,0,0,-20,0,0,"keyboard-control","OK",1782602852866,398
546,1782602853002,47227,1,0,0,-1,0,0,74,76,72,50,71,139.08,22,-14,2,-996,-1,0,0,0,0,-20,0,0,"keyboard-control","OK",1782602852966,400
547,1782602853100,47325,1,0,0,-1,0,0,75,77,73,50,71,139.48,22,0,-7,-1037,-1,0,0,0,0,-20,0,0,"keyboard-control","OK",1782602853066,402
548,1782602853192,47417,1,0,0,-1,0,0,75,77,74,50,70,139.12,22,-11,-1,-1028,-1,0,0,0,0,-20,0,0,"keyboard-control","OK",1782602853165,404
549,1782602853289,47514,1,0,0,-1,0,0,75,77,73,50,70,139.43,22,2,-19,-1002,-1,0,0,0,0,-20,0,0,"keyboard-control","OK",1782602853265,406
550,1782602853383,47608,1,0,0,-1,0,0,75,77,74,50,70,139.43,22,9,11,-901,-1,0,0,0,0,-20,0,0,"keyboard-control","OK",1782602853366,408
551,1782602853478,47703,1,0,0,-1,0,0,75,77,73,50,70,139.47,22,2,-14,-1013,-1,0,0,0,0,-20,0,0,"keyboard-control","OK",1782602853466,410
552,1782602853574,47799,2,0,0,-1,0,0,75,77,73,50,70,139.58,22,9,-2,-964,-1,0,0,0,0,-20,0,0,"keyboard-control","OK",1782602853566,412
553,1782602853671,47896,2,0,0,-1,0,0,75,77,72,50,70,139.34,23,21,-7,-1010,-1,0,0,0,0,-20,0,0,"keyboard-control","OK",1782602853666,414
554,1782602853767,47992,2,0,0,-1,0,0,75,77,71,50,70,139.06,23,3,-5,-998,-1,0,0,0,0,-20,0,0,"keyboard-control","OK",1782602853766,416
555,1782602853859,48084,2,0,0,-1,0,0,75,77,71,50,70,139.15,23,40,10,-1034,-1,0,0,0,0,-20,0,0,"keyboard-control","OK",1782602853815,417
556,1782602853954,48179,1,0,0,-1,0,0,75,77,70,50,70,139.39,23,21,-8,-1014,-1,0,0,0,0,-20,0,0,"keyboard-control","OK",1782602853915,419
557,1782602854051,48276,1,0,0,-1,0,0,75,77,70,50,70,139.45,23,6,-5,-1008,-1,0,0,0,0,-20,0,0,"keyboard-control","OK",1782602854016,421
558,1782602854145,48370,1,0,0,-1,0,0,75,77,69,50,70,139.12,23,27,0,-1009,-1,0,0,0,0,-20,0,0,"keyboard-control","OK",1782602854116,423
559,1782602854240,48465,1,0,0,-1,0,0,75,77,69,50,70,139.17,23,30,4,-999,-1,0,0,0,0,-20,0,0,"keyboard-control","OK",1782602854216,425
560,1782602854337,48562,1,0,0,-1,0,0,75,77,69,50,70,139.18,23,27,2,-1033,-1,0,0,0,0,-20,0,0,"keyboard-control","OK",1782602854316,427
561,1782602854431,48656,1,0,0,-1,0,0,75,77,69,50,70,138.93,23,13,11,-1039,-1,0,0,0,0,-20,0,0,"keyboard-control","OK",1782602854416,429
562,1782602854483,48708,1,0,0,-1,0,0,75,77,69,50,70,139.41,23,18,14,-1049,-1,0,0,0,0,-20,0,0,"keyboard-control","OK",1782602854465,430
563,1782602854580,48805,1,0,0,-1,0,0,75,77,69,50,70,139.21,24,36,8,-1013,-1,0,0,0,0,-20,0,0,"keyboard-control","OK",1782602854565,432
564,1782602854673,48898,1,0,0,-1,0,0,75,77,70,50,70,139.21,24,-6,5,-1037,-1,0,0,0,0,-20,0,0,"keyboard-control","OK",1782602854666,434
565,1782602854765,48990,1,0,0,-1,0,0,75,77,70,50,70,139.26,24,22,7,-967,-1,0,0,0,0,-20,0,0,"keyboard-control","OK",1782602854765,436
566,1782602854861,49086,1,0,0,-1,0,0,75,77,71,50,70,139.03,24,3,12,-1012,-1,0,0,0,0,-20,0,0,"keyboard-control","OK",1782602854816,437
567,1782602854957,49182,1,0,0,-1,0,0,76,77,72,50,70,139.18,24,0,-3,-1021,-1,0,0,0,0,-20,0,0,"keyboard-control","OK",1782602854915,439
568,1782602855055,49280,1,0,0,-1,0,0,76,77,73,50,69,139.46,24,27,3,-941,-1,0,0,0,0,-20,0,0,"keyboard-control","OK",1782602855016,441
569,1782602855148,49373,1,0,0,-1,0,0,76,77,74,50,69,139.43,24,2,9,-995,-1,0,0,0,0,-20,0,0,"keyboard-control","OK",1782602855116,443
570,1782602855241,49466,1,0,0,-1,0,0,76,77,75,50,69,139.44,24,28,21,-1002,-1,0,0,0,0,-20,0,0,"keyboard-control","OK",1782602855216,445
571,1782602855342,49567,1,0,0,-1,0,0,76,77,76,50,69,139.63,24,47,13,-965,-1,0,0,0,0,-20,0,0,"keyboard-control","OK",1782602855315,447
572,1782602855434,49659,2,0,0,-1,0,0,76,77,77,60,69,139.47,24,6,9,-933,-1,0,0,0,0,-20,0,0,"keyboard-control","OK",1782602855416,449
573,1782602855528,49753,2,0,0,-1,0,0,76,77,77,60,69,139.61,25,43,0,-1001,-1,0,0,0,0,-20,0,0,"keyboard-control","OK",1782602855516,451
574,1782602855626,49851,2,0,0,-1,0,0,76,77,78,60,69,139.17,25,6,1,-1068,-1,0,0,0,0,-20,0,0,"keyboard-control","OK",1782602855616,453
575,1782602855719,49944,1,0,0,-1,0,0,76,77,79,60,69,139.16,25,15,12,-957,-1,0,0,0,0,-20,0,0,"keyboard-control","OK",1782602855716,455
576,1782602855813,50038,2,0,0,-1,0,0,76,77,80,60,69,138.98,25,19,9,-1026,-1,0,0,0,0,-20,0,0,"keyboard-control","OK",1782602855766,456
577,1782602855913,50138,1,0,0,-1,0,0,76,77,80,60,69,139.22,25,-2,28,-947,-1,0,0,0,0,-20,0,0,"keyboard-control","OK",1782602855866,458
578,1782602856003,50228,2,0,0,-1,0,0,76,77,80,60,69,139.09,25,2,16,-1027,-1,0,0,0,0,-20,0,0,"keyboard-control","OK",1782602855965,460
579,1782602856099,50324,1,0,0,-1,0,0,76,77,81,60,69,139.59,25,17,-18,-1020,-1,0,0,0,0,-20,0,0,"keyboard-control","OK",1782602856065,462
580,1782602856194,50419,1,0,0,-1,0,0,76,77,81,60,69,139.53,25,18,-1,-1026,-1,0,0,0,0,0,0,0,"keyboard-neutral","OK",1782602856175,465
581,1782602856290,50515,1,0,0,-1,0,0,76,77,82,60,69,139.17,25,17,-7,-959,-1,0,0,0,0,0,0,0,"keyboard-control","OK",1782602856266,467
582,1782602856389,50614,1,0,0,-1,0,0,76,77,83,60,69,139.65,25,-17,-3,-938,-1,0,0,0,0,0,0,0,"keyboard-control","OK",1782602856366,469
583,1782602856481,50706,0,0,0,-1,0,0,76,77,84,60,69,139.24,26,33,-4,-997,-1,0,0,0,0,0,0,0,"keyboard-control","OK",1782602856465,471
584,1782602856576,50801,0,0,0,-1,0,0,76,77,84,60,69,139.35,26,11,-2,-922,-1,0,0,0,0,0,0,0,"keyboard-control","OK",1782602856566,473
585,1782602856672,50897,0,0,0,-1,0,0,76,77,85,60,69,139.5,26,27,-11,-1004,-1,0,0,0,0,0,0,0,"keyboard-control","OK",1782602856665,475
586,1782602856767,50992,0,0,0,-1,0,0,76,77,85,60,69,139.17,26,-19,-2,-952,-1,0,0,0,0,0,0,0,"keyboard-control","OK",1782602856766,477
587,1782602856863,51088,0,0,0,0,0,0,75,78,85,60,68,139.28,26,1,12,-970,-1,0,0,0,0,0,0,0,"keyboard-control","OK",1782602856815,478
588,1782602856958,51183,-1,0,0,0,0,0,75,78,85,60,68,139.47,26,-14,0,-928,-1,0,0,0,0,0,0,0,"keyboard-control","OK",1782602856915,480
589,1782602857053,51278,0,0,0,0,0,0,75,78,86,60,68,139.45,26,43,-28,-1006,-1,0,0,0,0,0,0,0,"keyboard-control","OK",1782602857016,482
590,1782602857155,51380,0,0,0,0,0,0,75,78,85,60,68,139.1,26,27,-1,-968,-1,0,0,0,0,0,0,0,"keyboard-control","OK",1782602857116,484
591,1782602857247,51472,1,0,0,0,0,0,75,78,86,60,68,139.57,26,-5,3,-1025,-1,0,0,0,0,0,0,0,"keyboard-control","OK",1782602857216,486
592,1782602857340,51565,1,0,0,0,0,0,75,78,85,60,68,139.19,26,-14,5,-966,-1,0,0,0,0,0,0,0,"keyboard-control","OK",1782602857316,488
593,1782602857435,51660,1,0,0,0,0,0,75,78,85,60,68,139.72,27,-11,-2,-1032,-1,0,0,0,0,0,0,0,"keyboard-control","OK",1782602857415,490
594,1782602857531,51756,1,0,0,0,0,0,75,78,85,60,68,139.51,27,20,-10,-974,-1,0,0,0,0,0,0,0,"keyboard-control","OK",1782602857516,492
595,1782602857626,51851,1,0,0,0,0,0,75,78,85,60,68,139.49,27,-25,18,-1007,-1,0,0,0,0,0,0,0,"keyboard-control","OK",1782602857616,494
596,1782602857724,51949,1,0,0,0,0,0,75,78,84,60,68,139.37,27,-11,5,-1018,-1,0,0,0,0,0,0,0,"keyboard-control","OK",1782602857716,496
597,1782602857821,52046,1,0,0,0,0,0,74,77,84,60,68,139.5,27,1,-5,-947,-1,0,0,0,0,0,0,0,"keyboard-control","OK",1782602857816,498
598,1782602857865,52090,1,0,0,0,0,0,74,77,83,60,68,139.4,27,13,-6,-995,-1,0,0,0,0,0,0,0,"keyboard-control","OK",1782602857816,498
599,1782602857960,52185,1,0,0,0,0,0,74,77,83,60,68,139.54,27,2,8,-1022,-1,0,0,0,0,0,0,0,"keyboard-control","OK",1782602857915,500
600,1782602858055,52280,1,0,0,0,0,0,74,77,82,60,68,139.55,27,22,0,-1005,-1,0,0,0,0,0,0,0,"keyboard-control","OK",1782602858016,502
601,1782602858151,52376,1,0,0,0,0,0,74,77,82,60,68,139.48,27,15,-11,-1033,-1,0,0,0,0,0,0,0,"keyboard-control","OK",1782602858116,504
602,1782602858247,52472,1,0,0,0,0,0,74,77,81,60,68,139.18,27,14,-1,-953,-1,0,0,0,0,0,0,0,"keyboard-control","OK",1782602858216,506
603,1782602858342,52567,1,0,0,0,0,0,74,77,81,60,68,139.32,28,9,5,-1006,-1,0,0,0,0,0,0,0,"keyboard-control","OK",1782602858316,508
604,1782602858438,52663,1,0,0,0,0,0,74,77,80,60,68,139.64,28,-5,-7,-1089,-1,0,0,0,0,0,0,0,"keyboard-control","OK",1782602858416,510
605,1782602858533,52758,1,0,0,0,0,0,74,77,79,60,68,139.47,28,7,3,-906,-1,0,0,0,0,0,0,0,"keyboard-control","OK",1782602858515,512
606,1782602858628,52853,1,0,0,0,0,0,74,77,79,60,68,139.4,28,13,-1,-1001,-1,0,0,0,0,0,0,0,"keyboard-control","OK",1782602858615,514
607,1782602858724,52949,1,0,0,0,0,0,75,77,78,60,67,139.26,28,0,8,-971,-1,0,0,0,0,0,0,0,"keyboard-control","OK",1782602858715,516
608,1782602858820,53045,1,0,0,0,0,0,75,77,77,60,67,139.39,28,20,-11,-1073,-1,0,0,0,0,0,0,0,"keyboard-control","OK",1782602858816,518
609,1782602858915,53140,1,0,0,0,0,0,75,77,76,60,67,139.16,28,26,6,-954,-1,0,0,0,0,0,0,0,"keyboard-control","OK",1782602858866,519
610,1782602859010,53235,1,0,0,0,0,0,75,77,75,60,67,139.38,28,-5,19,-1057,-1,0,0,0,0,0,0,0,"keyboard-control","OK",1782602858966,521
611,1782602859106,53331,1,0,0,0,0,0,75,77,74,60,67,138.98,28,28,-1,-979,-1,0,0,0,0,0,0,0,"keyboard-control","OK",1782602859066,523
612,1782602859202,53427,1,0,0,0,0,0,75,77,73,50,67,139.32,28,22,-20,-920,-1,0,0,0,0,0,0,0,"keyboard-control","OK",1782602859165,525
613,1782602859297,53522,1,0,0,0,0,0,75,77,73,50,67,139.35,29,-18,25,-1063,-1,0,0,0,0,0,0,0,"keyboard-control","OK",1782602859265,527
614,1782602859397,53622,0,0,0,0,0,0,75,77,72,50,67,139.25,29,-23,11,-1027,-1,0,0,0,0,0,0,0,"keyboard-control","OK",1782602859391,529
615,1782602859487,53712,0,0,0,0,0,0,75,77,72,50,67,139.16,29,0,21,-976,-1,0,0,0,0,0,0,0,"keyboard-control","OK",1782602859465,531
616,1782602859584,53809,0,0,0,0,0,0,75,77,71,50,67,139.38,29,0,18,-1018,-1,0,0,0,0,0,0,0,"keyboard-control","OK",1782602859565,533
617,1782602859679,53904,1,0,0,0,0,0,75,77,72,50,67,139.36,29,14,-3,-1056,-1,0,0,0,0,0,0,0,"keyboard-control","OK",1782602859666,535
618,1782602859775,54000,1,0,0,0,0,0,75,77,72,50,67,139.36,29,-6,2,-1007,-1,0,0,0,0,0,0,0,"keyboard-control","OK",1782602859766,537
619,1782602859871,54096,1,0,0,0,0,0,75,77,73,50,67,139.21,29,17,-7,-1020,-1,0,0,0,0,0,0,20,"keyboard-control","OK",1782602859866,539
620,1782602859967,54192,1,0,0,0,0,0,75,77,73,50,67,139.41,29,25,3,-955,-1,0,0,0,0,0,0,20,"keyboard-control","OK",1782602859965,541
621,1782602860062,54287,1,0,0,0,0,0,75,77,73,50,67,139.64,29,-7,20,-967,-1,0,0,0,0,0,0,0,"keyboard-control","OK",1782602860016,543
622,1782602860164,54389,1,0,0,0,0,0,75,77,74,50,67,139.32,29,1,10,-1049,-1,0,0,0,0,0,0,0,"keyboard-control","OK",1782602860116,545
623,1782602860253,54478,0,0,0,0,0,0,75,77,75,50,67,139.24,30,14,-4,-1001,-1,0,0,0,0,0,0,0,"keyboard-control","OK",1782602860215,547
624,1782602860348,54573,0,0,0,0,0,0,75,77,75,50,67,139.24,30,-7,0,-1029,-1,0,0,0,0,0,0,20,"keyboard-control","OK",1782602860316,549
625,1782602860443,54668,0,0,0,0,0,0,75,77,75,60,67,139.35,30,2,10,-990,-1,0,0,0,0,0,0,20,"keyboard-control","OK",1782602860415,551
626,1782602860539,54764,0,0,1,0,0,0,75,77,75,60,67,139.13,30,3,11,-951,-1,0,0,0,0,0,0,20,"keyboard-control","OK",1782602860516,553
627,1782602860635,54860,0,0,2,0,0,0,75,77,74,60,66,139.18,30,18,-7,-937,-1,0,0,0,0,0,0,20,"keyboard-control","OK",1782602860616,555
628,1782602860734,54959,0,0,3,0,0,0,75,77,74,60,66,139.5,30,8,12,-991,-1,0,0,0,0,0,0,20,"keyboard-control","OK",1782602860715,557
629,1782602860826,55051,1,0,3,0,0,0,75,77,73,60,66,139.29,30,2,17,-1014,-1,0,0,0,0,0,0,20,"keyboard-control","OK",1782602860815,559
630,1782602860922,55147,1,0,4,0,0,0,75,77,73,50,66,139.17,30,-16,9,-999,-1,0,0,0,0,0,0,20,"keyboard-control","OK",1782602860915,561
631,1782602861016,55241,1,0,5,0,0,0,75,77,73,50,66,139.3,30,20,1,-1021,-1,0,0,0,0,0,0,20,"keyboard-control","OK",1782602861016,563
632,1782602861112,55337,0,0,5,0,0,0,75,77,73,50,66,139.57,30,10,-3,-1040,-1,0,0,0,0,0,0,20,"keyboard-control","OK",1782602861066,564
633,1782602861207,55432,0,0,6,0,0,0,75,77,73,50,66,139.42,31,-1,-7,-989,-1,0,0,0,0,0,0,20,"keyboard-control","OK",1782602861166,566
634,1782602861255,55480,0,0,6,0,0,0,75,77,73,50,66,139.63,31,17,4,-1011,-1,0,0,0,0,0,0,20,"keyboard-control","OK",1782602861216,567
635,1782602861351,55576,0,0,7,0,0,0,75,77,73,50,66,139.6,31,13,3,-999,-1,0,0,0,0,0,0,20,"keyboard-control","OK",1782602861315,569
636,1782602861446,55671,0,0,8,0,0,0,75,77,74,50,66,139.32,31,-5,6,-998,-1,0,0,0,0,0,0,20,"keyboard-control","OK",1782602861415,571
637,1782602861589,55814,0,0,9,0,0,0,75,78,74,50,66,139.35,31,5,21,-989,-1,0,0,0,0,0,0,20,"keyboard-control","OK",1782602861566,574
638,1782602861685,55910,0,0,9,0,0,0,75,78,74,50,66,139.31,31,23,-3,-1038,-1,0,0,0,0,0,0,20,"keyboard-control","OK",1782602861666,576
639,1782602861732,55957,0,0,10,0,0,0,75,78,75,50,66,139.58,31,-14,-1,-1006,-1,0,0,0,0,0,0,20,"keyboard-control","OK",1782602861715,577
640,1782602861828,56053,0,0,11,0,0,0,75,78,75,50,66,139.14,31,10,12,-973,-1,0,0,0,0,0,0,20,"keyboard-control","OK",1782602861815,579
641,1782602861923,56148,0,0,11,0,0,0,75,78,75,50,66,139.16,31,5,0,-999,-1,0,0,0,0,0,0,20,"keyboard-control","OK",1782602861915,581
642,1782602862020,56245,0,0,12,0,0,0,75,78,76,50,66,139.48,31,1,3,-1003,-1,0,0,0,0,0,0,20,"keyboard-control","OK",1782602862016,583
643,1782602862115,56340,0,0,13,0,0,0,75,78,77,50,66,139.55,32,-18,1,-1014,-1,0,0,0,0,0,0,20,"keyboard-control","OK",1782602862115,585
644,1782602862210,56435,0,0,14,0,0,0,75,78,78,60,66,139.56,32,-5,6,-978,-1,0,0,0,0,0,0,20,"keyboard-control","OK",1782602862166,586
645,1782602862306,56531,0,0,15,0,0,0,75,78,78,60,66,139.82,32,2,11,-972,-1,0,0,0,0,0,0,20,"keyboard-control","OK",1782602862265,588
646,1782602862401,56626,0,0,15,0,0,0,75,78,79,60,66,139.32,32,6,0,-1046,-1,0,0,0,0,0,0,20,"keyboard-control","OK",1782602862365,590
647,1782602862500,56725,0,0,16,0,0,0,75,77,80,60,65,139.26,32,11,9,-972,-1,0,0,0,0,0,0,0,"keyboard-control","OK",1782602862466,593
648,1782602862598,56823,0,0,17,0,0,0,75,77,80,60,65,139.4,32,7,5,-1038,-1,0,0,0,0,0,0,0,"keyboard-control","OK",1782602862566,595
649,1782602862688,56913,0,0,18,0,0,0,75,77,81,60,65,139.45,32,-4,-7,-961,-1,0,0,0,0,0,0,20,"keyboard-control","OK",1782602862666,597
650,1782602862798,57023,0,0,18,0,0,0,75,77,81,60,65,139.7,32,0,-1,-1007,-1,0,0,0,0,0,0,20,"keyboard-control","OK",1782602862765,599
651,1782602862879,57104,0,0,18,0,0,0,75,77,81,60,65,139.42,32,-7,1,-970,-1,0,0,0,0,0,0,20,"keyboard-control","OK",1782602862865,601
652,1782602862975,57200,0,0,19,0,0,0,75,77,81,60,65,139.68,32,-16,-2,-979,-1,0,0,0,0,0,0,20,"keyboard-control","OK",1782602862966,603
653,1782602863072,57297,0,0,20,0,0,0,75,77,80,60,65,139.58,33,0,-10,-1036,-1,0,0,0,0,0,0,20,"keyboard-control","OK",1782602863065,605
654,1782602863167,57392,0,0,21,0,0,0,75,77,79,60,65,139.58,33,7,8,-963,-1,0,0,0,0,0,0,20,"keyboard-control","OK",1782602863165,607
655,1782602863260,57485,0,0,22,0,0,0,75,77,78,60,65,139.49,33,10,5,-1013,-1,0,0,0,0,0,0,20,"keyboard-control","OK",1782602863216,608
656,1782602863356,57581,0,0,22,0,0,0,75,77,77,60,65,139.62,33,3,7,-1031,-1,0,0,0,0,0,0,20,"keyboard-control","OK",1782602863315,610
657,1782602863451,57676,0,0,23,0,0,0,76,77,76,60,65,139.93,33,-2,6,-1003,-1,0,0,0,0,0,0,20,"keyboard-control","OK",1782602863415,612
658,1782602863549,57774,0,0,23,0,0,0,76,77,75,60,65,139.65,33,-5,-8,-1002,-1,0,0,0,0,0,0,0,"keyboard-neutral","OK",1782602863524,615
659,1782602863645,57870,0,0,23,0,0,0,76,77,75,60,65,139.76,33,0,3,-1044,-1,0,0,0,0,0,0,0,"keyboard-control","OK",1782602863615,617
660,1782602863738,57963,0,0,23,0,0,0,76,77,74,60,65,139.68,33,-21,-3,-1020,-1,0,0,0,0,0,0,0,"keyboard-control","OK",1782602863716,619
661,1782602863833,58058,0,0,22,0,0,0,76,77,73,50,65,139.4,33,-10,0,-969,-1,0,0,0,0,0,0,0,"keyboard-control","OK",1782602863815,621
662,1782602863928,58153,0,0,22,0,0,0,76,77,73,50,65,139.86,34,-22,7,-1016,-1,0,0,0,0,0,0,0,"keyboard-control","OK",1782602863915,623
663,1782602864024,58249,0,0,22,0,0,0,76,77,73,50,65,139.91,34,-15,-20,-983,-1,0,0,0,0,0,0,-20,"keyboard-control","OK",1782602864015,625
664,1782602864120,58345,0,0,21,0,0,0,76,77,73,50,65,139.46,34,10,-11,-959,-1,0,0,0,0,0,0,-20,"keyboard-control","OK",1782602864115,627
665,1782602864215,58440,0,0,20,0,0,0,76,77,72,50,65,140.05,34,15,-2,-976,-1,0,0,0,0,0,0,-20,"keyboard-control","OK",1782602864166,628
666,1782602864310,58535,0,0,19,0,0,0,76,77,72,50,65,139.47,34,-23,-6,-1022,-1,0,0,0,0,0,0,-20,"keyboard-control","OK",1782602864266,630
667,1782602864405,58630,0,0,18,0,0,0,76,77,73,50,64,139.67,34,-27,-7,-1009,-1,0,0,0,0,0,0,-20,"keyboard-control","OK",1782602864366,632
668,1782602864501,58726,0,0,17,0,0,0,76,77,74,50,64,139.83,34,-8,-6,-1015,-1,0,0,0,0,0,0,-20,"keyboard-control","OK",1782602864366,632
669,1782602864599,58824,0,0,16,0,0,0,76,77,74,50,64,139.74,34,14,4,-965,-1,0,0,0,0,0,0,-20,"keyboard-control","OK",1782602864366,632
670,1782602864692,58917,0,0,15,0,0,0,76,77,75,50,64,139.87,34,-3,5,-1000,-1,0,0,0,0,0,0,-20,"keyboard-control","OK",1782602864366,632
671,1782602864786,59011,0,0,14,0,0,0,76,77,76,50,64,139.74,34,-22,-5,-1019,-1,0,0,0,0,0,0,-20,"keyboard-control","OK",1782602864366,632
672,1782602864881,59106,0,0,13,0,0,0,76,77,76,60,64,139.56,35,-2,0,-1013,-1,0,0,0,0,0,0,-20,"keyboard-control","OK",1782602864366,632
673,1782602864976,59201,0,0,12,0,0,0,76,77,77,60,64,139.65,35,-18,1,-973,-1,0,0,0,0,0,0,-20,"keyboard-control","OK",1782602864366,632
674,1782602865072,59297,0,0,11,0,0,0,76,77,77,60,64,139.82,35,-19,-3,-1025,-1,0,0,0,0,0,0,-20,"keyboard-control","OK",1782602864366,632
675,1782602865167,59392,0,0,11,0,0,0,76,77,78,60,64,139.8,35,-25,0,-990,-1,0,0,0,0,0,0,-20,"keyboard-control","OK",1782602864366,632
676,1782602865262,59487,0,0,10,0,0,0,76,77,79,60,64,140.1,35,11,-6,-994,-1,0,0,0,0,0,0,-20,"keyboard-control","OK",1782602864366,632
677,1782602865363,59588,0,0,9,0,0,0,76,78,79,60,64,139.91,35,11,0,-944,-1,0,0,0,0,0,0,-20,"keyboard-control","OK",1782602864366,632
678,1782602865453,59678,0,0,9,0,0,0,76,78,80,60,64,139.87,35,-25,8,-992,-1,0,0,0,0,0,0,-20,"keyboard-control","OK",1782602864366,632
679,1782602865548,59773,0,0,8,0,0,0,76,78,81,60,64,139.79,35,-9,-21,-1037,-1,0,0,0,0,0,0,-20,"keyboard-control","OK",1782602864366,632
680,1782602865642,59867,0,0,7,0,0,0,76,78,82,60,64,139.86,35,-13,1,-981,-1,0,0,0,0,0,0,-20,"keyboard-control","OK",1782602864366,632
681,1782602865691,59916,0,0,7,0,0,0,76,78,83,60,64,139.81,35,-7,-6,-996,-1,0,0,0,0,0,0,-20,"keyboard-control","OK",1782602864366,632
682,1782602865793,60018,0,0,6,0,0,0,76,78,84,60,64,140.07,36,-7,-5,-972,-1,0,0,0,0,0,0,-20,"keyboard-control","OK",1782602864366,632
683,1782602865881,60106,0,0,6,0,0,0,76,78,85,60,64,139.84,36,4,-19,-971,-1,0,0,0,0,0,0,-20,"keyboard-control","OK",1782602864366,632
684,1782602865977,60202,0,0,5,0,0,0,76,78,85,60,64,139.88,36,-8,-24,-1000,-1,0,0,0,0,0,0,-20,"keyboard-control","OK",1782602864366,632
685,1782602866075,60300,0,0,4,0,0,0,76,78,86,60,64,139.79,36,19,-10,-1040,-1,0,0,0,0,0,0,-20,"keyboard-control","OK",1782602864366,632
686,1782602866167,60392,0,0,4,0,0,0,76,78,88,60,64,140.08,36,-26,-11,-961,-1,0,0,0,0,0,0,-20,"keyboard-control","OK",1782602864366,632
687,1782602866262,60487,0,0,3,0,0,0,75,78,89,60,63,139.8,36,-11,3,-1036,-1,0,0,0,0,0,0,-20,"keyboard-control","OK",1782602864366,632
688,1782602866357,60582,0,0,3,0,0,0,75,78,90,60,63,140.09,36,-15,-15,-967,-1,0,0,0,0,0,0,-20,"keyboard-control","OK",1782602864366,632
689,1782602866460,60685,0,0,2,0,0,0,75,78,90,70,63,139.83,36,27,-6,-914,-1,0,0,0,0,0,0,-20,"keyboard-control","OK",1782602864366,632
690,1782602866557,60782,0,0,2,0,0,0,75,78,90,70,63,139.84,36,0,-10,-1067,-1,0,0,0,0,0,0,-20,"keyboard-control","OK",1782602864366,632
691,1782602866645,60870,0,0,1,0,0,0,75,78,91,70,63,139.77,36,-21,-19,-1035,-1,0,0,0,0,0,0,-20,"keyboard-control","OK",1782602864366,632
692,1782602866744,60969,0,0,0,0,0,0,75,78,91,70,63,139.64,37,8,-14,-948,-1,0,0,0,0,0,0,-20,"keyboard-control","OK",1782602864366,632
693,1782602866837,61062,0,0,0,0,0,0,75,78,91,70,63,139.68,37,-5,-21,-984,-1,0,0,0,0,0,0,0,"keyboard-control","OK",1782602866815,636
694,1782602866929,61154,0,0,0,0,0,0,75,78,90,70,63,140.01,37,-14,-15,-1010,-1,0,0,0,0,0,0,0,"keyboard-control","OK",1782602866915,638
695,1782602867024,61249,0,0,0,0,0,0,75,78,90,70,63,139.99,37,5,-6,-901,-1,0,0,0,0,0,0,0,"keyboard-control","OK",1782602867016,640
696,1782602867120,61345,0,0,0,0,0,1,75,78,89,70,63,139.68,37,-21,-8,-997,-1,0,0,0,0,0,0,0,"keyboard-control","OK",1782602867116,642
697,1782602867215,61440,0,0,0,0,0,0,76,77,88,70,63,139.8,37,7,-8,-996,-1,0,0,0,0,0,0,0,"keyboard-control","OK",1782602867215,644
698,1782602867310,61535,0,0,0,0,0,0,76,77,86,70,63,139.73,37,-6,-1,-991,-1,0,0,0,0,0,0,0,"keyboard-control","OK",1782602867265,645
699,1782602867409,61634,0,0,0,0,0,1,76,77,86,60,63,139.76,37,0,-7,-1010,-1,0,0,0,0,0,0,0,"keyboard-control","OK",1782602867365,647
700,1782602867500,61725,0,0,0,0,0,1,76,77,85,60,63,139.86,37,-13,-9,-1024,-1,0,0,0,0,0,0,0,"keyboard-control","OK",1782602867465,649
701,1782602867595,61820,0,0,0,0,0,0,76,77,84,60,63,139.86,37,-29,5,-1032,-1,0,0,0,0,0,0,0,"keyboard-control","OK",1782602867565,651
702,1782602867694,61919,0,0,0,0,0,0,76,77,84,60,63,139.97,38,-4,-6,-998,-1,0,0,0,0,0,0,0,"keyboard-control","OK",1782602867666,653
703,1782602867786,62011,0,0,0,0,0,0,76,77,83,60,63,139.84,38,-3,-3,-951,-1,0,0,0,0,0,0,0,"keyboard-control","OK",1782602867766,655
704,1782602867879,62104,0,0,0,0,0,0,76,77,83,60,63,139.88,38,-6,1,-1003,-1,0,0,0,0,0,0,0,"keyboard-control","OK",1782602867865,657
705,1782602867978,62203,0,0,0,0,0,0,76,77,82,60,63,139.55,38,-7,-8,-1036,-1,0,0,0,0,0,0,0,"keyboard-control","OK",1782602867966,659
706,1782602868070,62295,0,0,0,0,0,0,76,77,82,60,63,139.76,38,-36,7,-986,-1,0,0,0,0,0,0,-20,"keyboard-control","OK",1782602868066,661
707,1782602868165,62390,0,0,0,0,0,0,76,78,81,60,62,139.75,38,-10,-7,-1000,-1,0,0,0,0,0,0,-20,"keyboard-control","OK",1782602868116,662
708,1782602868260,62485,0,0,0,0,0,0,76,78,80,60,62,139.8,38,-4,-4,-985,-1,0,0,0,0,0,0,-20,"keyboard-control","OK",1782602868215,664
709,1782602868355,62580,0,0,-1,0,0,0,76,78,79,60,62,139.93,38,11,-9,-984,-1,0,0,0,0,0,0,-20,"keyboard-control","OK",1782602868316,666
710,1782602868451,62676,0,0,-2,0,0,0,76,78,78,60,62,139.6,38,1,-13,-986,-1,0,0,0,0,0,0,-20,"keyboard-control","OK",1782602868415,668
711,1782602868546,62771,0,0,-2,0,0,0,76,78,77,60,62,139.53,38,-1,7,-983,-1,0,0,0,0,0,0,-20,"keyboard-control","OK",1782602868516,670
712,1782602868644,62869,0,0,-3,0,0,0,76,78,76,60,62,139.45,39,9,-3,-1016,-1,0,0,0,0,0,0,-20,"keyboard-control","OK",1782602868615,672
713,1782602868737,62962,1,0,-4,0,0,0,76,78,75,60,62,139.92,39,-5,-9,-977,-1,0,0,0,0,0,0,-20,"keyboard-control","OK",1782602868715,674
714,1782602868831,63056,1,0,-4,0,0,0,76,78,75,60,62,139.64,39,0,-10,-1088,-1,0,0,0,0,0,0,-20,"keyboard-control","OK",1782602868815,676
715,1782602868926,63151,0,0,-5,0,0,0,76,78,74,50,62,139.51,39,17,-16,-946,-1,0,0,0,0,0,0,-20,"keyboard-control","OK",1782602868915,678
716,1782602869023,63248,0,0,-6,0,0,0,76,78,74,50,62,139.4,39,12,5,-961,-1,0,0,0,0,0,0,-20,"keyboard-control","OK",1782602869016,680
717,1782602869116,63341,0,0,-6,0,0,0,76,78,74,50,62,139.3,39,-2,-1,-1091,-1,0,0,0,0,0,0,-20,"keyboard-control","OK",1782602869115,682
718,1782602869211,63436,0,0,-7,0,0,0,76,78,74,50,62,139.32,39,-22,-15,-938,-1,0,0,0,0,0,0,-20,"keyboard-control","OK",1782602869166,683
719,1782602869307,63532,0,0,-8,0,0,0,76,78,74,50,62,139.41,39,3,-3,-1007,-1,0,0,0,0,0,0,-20,"keyboard-control","OK",1782602869266,685
720,1782602869354,63579,0,0,-9,0,0,0,76,78,74,50,62,139.61,39,-25,10,-973,-1,0,0,0,0,0,0,-20,"keyboard-control","OK",1782602869315,686
721,1782602869450,63675,0,0,-9,0,0,0,76,78,74,50,62,139.38,39,5,-8,-993,-1,0,0,0,0,0,0,-20,"keyboard-control","OK",1782602869415,688
722,1782602869544,63769,0,0,-10,0,0,0,76,78,74,50,62,139.67,40,2,-1,-1030,-1,0,0,0,0,0,0,-20,"keyboard-control","OK",1782602869515,690
723,1782602869639,63864,0,0,-11,0,0,0,76,78,75,50,62,139.68,40,24,-4,-1012,-1,0,0,0,0,0,0,-20,"keyboard-control","OK",1782602869615,692
724,1782602869737,63962,0,0,-12,0,0,0,76,78,76,50,62,139.8,40,0,-15,-1020,-1,0,0,0,0,0,0,-20,"keyboard-control","OK",1782602869715,694
725,1782602869830,64055,0,0,-12,0,0,0,76,78,78,50,62,139.48,40,-22,9,-997,-1,0,0,0,0,0,0,-20,"keyboard-control","OK",1782602869815,696
726,1782602869925,64150,0,0,-13,0,0,0,76,78,79,60,62,139.89,40,3,16,-947,-1,0,0,0,0,0,0,-20,"keyboard-control","OK",1782602869915,698
727,1782602870021,64246,0,0,-14,0,0,0,76,77,81,60,62,139.59,40,27,-11,-935,-1,0,0,0,0,0,0,-20,"keyboard-control","OK",1782602870016,700
728,1782602870116,64341,0,0,-14,0,0,0,76,77,81,60,62,139.43,40,-35,6,-989,-1,0,0,0,0,0,0,-20,"keyboard-control","OK",1782602870116,702
729,1782602870214,64439,0,0,-15,0,0,0,76,77,82,60,62,139.64,40,5,-17,-973,-1,0,0,0,0,0,0,-20,"keyboard-control","OK",1782602870165,703
730,1782602870306,64531,0,0,-15,0,0,0,76,77,83,60,62,139.3,40,28,-30,-997,-1,0,0,0,0,0,0,-20,"keyboard-control","OK",1782602870266,705
731,1782602870401,64626,0,0,-16,0,0,0,76,77,84,60,62,139.5,40,9,-19,-987,-1,0,0,0,0,0,0,-20,"keyboard-control","OK",1782602870365,707
732,1782602870496,64721,0,0,-16,0,0,0,76,77,84,60,62,139.72,41,-5,-6,-988,-1,0,0,0,0,0,0,-20,"keyboard-control","OK",1782602870466,709
733,1782602870591,64816,0,0,-17,0,0,0,76,77,85,60,62,139.41,41,-36,-4,-980,-1,0,0,0,0,0,0,0,"keyboard-control","OK",1782602870565,712
734,1782602870686,64911,0,0,-17,0,0,0,76,77,85,60,62,139.65,41,-8,-16,-997,-1,0,0,0,0,0,0,0,"keyboard-control","OK",1782602870666,714
735,1782602870782,65007,0,0,-17,0,0,0,76,77,85,60,62,139.34,41,0,0,-970,-1,0,0,0,0,0,0,0,"keyboard-control","OK",1782602870766,716
736,1782602870877,65102,0,0,-17,0,0,0,76,77,85,60,61,139.66,41,-15,0,-984,-1,0,0,0,0,0,0,0,"keyboard-control","OK",1782602870866,718
737,1782602870972,65197,0,0,-17,0,0,0,75,77,85,60,61,139.36,41,31,-21,-978,-1,0,0,0,0,0,0,0,"keyboard-control","OK",1782602870965,720
738,1782602871067,65292,0,0,-17,0,0,0,75,77,85,60,61,139.77,41,16,-19,-995,-1,0,0,0,0,0,0,20,"keyboard-control","OK",1782602871065,722
739,1782602871162,65387,0,0,-17,0,0,0,75,77,85,60,61,139.27,41,34,-26,-999,-1,0,0,0,0,0,0,20,"keyboard-control","OK",1782602871115,723
740,1782602871257,65482,0,0,-16,0,0,0,75,77,85,60,61,139.8,41,22,-19,-1011,-1,0,0,0,0,0,0,20,"keyboard-control","OK",1782602871216,725
741,1782602871352,65577,0,0,-16,0,0,0,75,77,84,60,61,139.44,41,17,-15,-971,-1,0,0,0,0,0,0,20,"keyboard-control","OK",1782602871315,727
742,1782602871447,65672,0,0,-15,0,0,0,75,77,84,60,61,139.58,42,0,11,-935,-1,0,0,0,0,0,0,20,"keyboard-control","OK",1782602871416,729
743,1782602871543,65768,0,0,-14,0,0,0,75,77,83,60,61,139.58,42,-14,1,-1099,-1,0,0,0,0,0,0,20,"keyboard-control","OK",1782602871516,731
744,1782602871639,65864,0,0,-13,0,0,0,75,77,83,60,61,139.77,42,13,9,-910,-1,0,0,0,0,0,0,20,"keyboard-control","OK",1782602871615,733
745,1782602871733,65958,0,0,-12,0,0,0,75,77,82,60,61,139.35,42,-17,-7,-1078,-1,0,0,0,0,0,0,20,"keyboard-control","OK",1782602871715,735
746,1782602871830,66055,0,0,-11,0,0,0,75,77,82,60,61,139.57,42,-6,-11,-960,-1,0,0,0,0,0,0,20,"keyboard-control","OK",1782602871715,735
747,1782602871924,66149,0,0,-11,0,0,0,76,77,81,60,61,139.61,42,30,-9,-938,-1,0,0,0,0,0,0,20,"keyboard-control","OK",1782602871715,735
748,1782602872022,66247,0,0,-10,0,0,0,76,77,80,60,61,139.52,42,-22,-6,-1028,-1,0,0,0,0,0,0,20,"keyboard-control","OK",1782602871715,735
749,1782602872114,66339,0,0,-9,0,0,0,76,77,79,60,61,139.14,42,-14,-2,-1040,-1,0,0,0,0,0,0,20,"keyboard-control","OK",1782602871715,735
750,1782602872209,66434,0,0,-9,0,0,0,76,77,78,60,61,139.42,42,18,3,-870,-1,0,0,0,0,0,0,20,"keyboard-control","OK",1782602871715,735
751,1782602872261,66486,0,0,-8,0,0,0,76,77,77,60,61,139.18,42,15,0,-995,-1,0,0,0,0,0,0,20,"keyboard-control","OK",1782602871715,735
752,1782602872352,66577,0,0,-8,0,0,0,76,77,76,60,61,139.36,43,0,-14,-1051,-1,0,0,0,0,0,0,20,"keyboard-control","OK",1782602871715,735
753,1782602872447,66672,0,0,-7,0,0,0,76,77,76,60,61,139.27,43,-10,-2,-1007,-1,0,0,0,0,0,0,20,"keyboard-control","OK",1782602871715,735
754,1782602872542,66767,0,0,-7,0,0,0,76,77,75,60,61,139.5,43,7,-11,-1002,-1,0,0,0,0,0,0,20,"keyboard-control","OK",1782602871715,735
755,1782602872645,66870,0,0,-6,0,0,0,76,77,75,60,61,139.31,43,-16,15,-1000,-1,0,0,0,0,0,0,20,"keyboard-control","OK",1782602871715,735
756,1782602872733,66958,0,0,-5,0,0,0,76,77,74,60,61,139.51,43,-6,7,-1013,-1,0,0,0,0,0,0,20,"keyboard-control","OK",1782602871715,735
757,1782602872878,67103,0,0,-5,0,0,0,75,77,74,50,61,139.34,43,-2,0,-1051,-1,0,0,0,0,0,0,20,"keyboard-control","OK",1782602871715,735
758,1782602872923,67148,0,0,-4,0,0,0,75,77,74,50,61,139.56,43,23,-4,-952,-1,0,0,0,0,0,0,20,"keyboard-control","OK",1782602871715,735
759,1782602873030,67255,0,0,-3,0,0,0,75,77,74,50,61,139.28,43,-21,7,-1018,-1,0,0,0,0,0,0,20,"keyboard-control","OK",1782602871715,735
760,1782602873114,67339,0,0,-2,0,0,0,75,77,74,50,61,139.41,43,7,4,-1052,-1,0,0,0,0,0,0,20,"keyboard-control","OK",1782602871715,735
761,1782602873209,67434,0,0,-2,0,0,0,75,77,74,50,61,139.04,43,27,-10,-994,-1,0,0,0,0,0,0,20,"keyboard-control","OK",1782602871715,735
762,1782602873304,67529,0,0,-1,0,0,0,75,77,74,50,61,139.31,44,21,-18,-1037,-1,0,0,0,0,0,0,20,"keyboard-control","OK",1782602871715,735
763,1782602873400,67625,0,0,0,0,0,0,75,77,75,50,61,139.14,44,10,-17,-1023,-1,0,0,0,0,0,0,20,"keyboard-control","OK",1782602871715,735
764,1782602873495,67720,0,0,0,0,0,0,75,77,75,50,61,139.19,44,-9,-4,-990,-1,0,0,0,0,0,0,20,"keyboard-control","OK",1782602871715,735
765,1782602873590,67815,0,0,1,0,0,0,75,77,76,50,61,139.5,44,-25,3,-988,-1,0,0,0,0,0,0,20,"keyboard-control","OK",1782602871715,735
766,1782602873686,67911,0,0,2,0,0,0,75,77,76,60,61,139.3,44,24,-10,-993,-1,0,0,0,0,0,0,20,"keyboard-control","OK",1782602871715,735
767,1782602873781,68006,0,0,3,0,0,0,75,77,77,60,61,139.15,44,-16,6,-996,-1,0,0,0,0,0,0,20,"keyboard-control","OK",1782602871715,735
768,1782602873882,68107,0,0,4,0,0,0,75,77,77,60,61,139.74,44,13,-15,-987,-1,0,0,0,0,0,0,20,"keyboard-control","OK",1782602871715,735
769,1782602873973,68198,0,0,5,0,0,0,75,77,77,60,61,139.76,44,28,19,-954,-1,0,0,0,0,0,0,20,"keyboard-control","OK",1782602871715,735
770,1782602874067,68292,0,0,6,0,0,0,75,77,77,60,61,139.61,44,-15,-7,-1033,-1,0,0,0,0,0,0,20,"keyboard-control","OK",1782602871715,735
771,1782602874163,68388,0,0,7,0,0,0,75,77,76,60,61,139.64,44,32,-21,-1061,-1,0,0,0,0,0,0,0,"keyboard-neutral","OK",1782602874159,739
772,1782602874257,68482,0,0,9,0,0,0,75,77,76,60,61,139.46,45,23,-11,-946,-1,0,0,0,0,0,0,0,"keyboard-control","OK",1782602874210,740
773,1782602874353,68578,0,0,9,0,0,0,75,77,76,60,61,139.48,45,-14,-12,-1016,-1,0,0,0,0,0,0,-20,"keyboard-control","OK",1782602874315,742
774,1782602874448,68673,0,0,10,0,0,0,75,77,75,60,61,139.85,45,-23,17,-1019,-1,0,0,0,0,0,0,-20,"keyboard-control","OK",1782602874415,744
775,1782602874543,68768,0,0,10,0,0,0,75,77,75,60,61,139.68,45,-11,0,-981,-1,0,0,0,0,0,0,0,"keyboard-control","OK",1782602874516,747
776,1782602874639,68864,0,0,9,0,0,0,75,77,74,60,61,139.44,45,2,-7,-957,-1,0,0,0,0,0,0,0,"keyboard-control","OK",1782602874615,749
777,1782602874736,68961,0,0,9,0,0,0,75,78,74,60,61,139.42,45,-24,2,-993,-1,0,0,0,0,0,0,0,"keyboard-control","OK",1782602874716,751
778,1782602874830,69055,0,0,9,0,0,0,75,78,73,60,61,139.41,45,-2,-17,-1012,-1,0,0,0,0,0,0,0,"keyboard-control","OK",1782602874815,753
779,1782602874925,69150,0,0,9,0,0,0,75,78,73,50,61,139.55,45,-52,0,-1016,-1,0,0,0,0,0,0,0,"keyboard-control","OK",1782602874915,755
780,1782602875020,69245,0,0,9,0,0,0,75,78,73,50,61,139.44,45,-5,-25,-1081,-1,0,0,0,0,0,0,0,"keyboard-control","OK",1782602875016,757
781,1782602875115,69340,0,0,9,0,0,0,75,78,72,50,61,139.67,45,7,-8,-1004,-1,0,0,0,0,0,0,0,"keyboard-control","OK",1782602875115,759
782,1782602875211,69436,0,0,9,0,0,0,75,78,72,50,61,139.67,46,-11,5,-1000,-1,0,0,0,0,0,0,0,"keyboard-control","OK",1782602875165,760
783,1782602875306,69531,0,0,9,0,0,0,75,78,72,50,61,139.72,46,-28,-4,-984,-1,0,0,0,0,0,0,0,"keyboard-control","OK",1782602875266,762
784,1782602875401,69626,0,0,9,0,0,0,75,78,72,50,61,139.75,46,-23,-25,-1037,-1,0,0,0,0,0,0,0,"keyboard-control","OK",1782602875365,764
785,1782602875497,69722,0,0,9,0,0,0,75,78,71,50,61,139.67,46,-28,7,-1010,-1,0,0,0,0,0,0,0,"keyboard-control","OK",1782602875465,766
786,1782602875592,69817,0,0,9,0,0,0,75,78,72,50,60,139.58,46,3,-4,-1062,-1,0,0,0,0,0,0,0,"keyboard-control","OK",1782602875565,768
787,1782602875687,69912,0,0,9,0,0,0,75,77,71,50,60,139.84,46,-22,-2,-1022,-1,0,0,0,0,0,0,0,"keyboard-control","OK",1782602875665,770
788,1782602875782,70007,0,0,9,0,0,0,75,77,72,50,60,139.58,46,-1,-18,-939,-1,0,0,0,0,0,0,0,"keyboard-control","OK",1782602875766,772
789,1782602875878,70103,0,0,9,0,0,0,75,77,71,50,60,139.68,46,5,0,-891,-1,0,0,0,0,0,0,0,"keyboard-control","OK",1782602875865,774
790,1782602875974,70199,0,0,9,0,0,0,75,77,71,50,60,139.61,46,-3,0,-1013,-1,0,0,0,0,0,0,0,"keyboard-control","OK",1782602875965,776
791,1782602876069,70294,0,0,9,0,0,0,75,77,71,50,60,139.82,46,-14,-4,-968,-1,0,0,0,0,0,0,0,"keyboard-control","OK",1782602876065,778
792,1782602876116,70341,0,0,9,0,0,0,75,77,72,50,60,139.59,47,-19,21,-987,-1,0,0,0,0,0,0,0,"keyboard-control","OK",1782602876115,779
793,1782602876211,70436,0,0,9,0,0,0,75,77,72,50,60,139.55,47,11,-15,-1014,-1,0,0,0,0,0,0,0,"keyboard-control","OK",1782602876165,780
794,1782602876307,70532,0,0,9,0,0,0,75,77,72,50,60,139.67,47,-26,2,-985,-1,0,0,0,0,0,0,0,"keyboard-control","OK",1782602876266,782
795,1782602876402,70627,0,0,9,0,0,0,75,77,72,50,60,139.62,47,31,2,-1004,-1,0,0,0,0,0,0,0,"keyboard-control","OK",1782602876365,784
796,1782602876497,70722,0,0,9,0,0,0,75,77,72,50,60,139.39,47,-5,-7,-992,-1,0,0,0,0,0,0,0,"keyboard-control","OK",1782602876466,786
797,1782602876593,70818,0,0,9,0,0,0,75,78,72,50,60,139.66,47,-14,-3,-1010,-1,0,0,0,0,0,0,0,"keyboard-control","OK",1782602876565,788
798,1782602876687,70912,0,0,9,0,0,0,75,78,72,50,60,139.78,47,-15,0,-989,-1,0,0,0,0,0,0,-20,"keyboard-control","OK",1782602876666,790
799,1782602876783,71008,0,0,9,0,0,0,75,78,72,50,60,139.47,47,-5,3,-972,-1,0,0,0,0,0,0,-20,"keyboard-control","OK",1782602876765,792
800,1782602876878,71103,0,0,8,0,0,0,75,78,73,50,60,139.36,47,4,-16,-995,-1,0,0,0,0,0,0,-20,"keyboard-control","OK",1782602876865,794
801,1782602876974,71199,0,0,7,0,0,0,75,78,73,50,60,139.53,47,25,-15,-1042,-1,0,0,0,0,0,0,-20,"keyboard-control","OK",1782602876965,796
802,1782602877070,71295,0,0,6,0,0,0,75,78,74,50,60,139.53,48,-18,-15,-1027,-1,0,0,0,0,0,0,-20,"keyboard-control","OK",1782602877065,798
803,1782602877164,71389,0,0,5,0,0,0,75,78,74,50,60,139.51,48,27,-11,-961,-1,0,0,0,0,0,0,-20,"keyboard-control","OK",1782602877116,799
804,1782602877259,71484,0,0,4,0,0,0,75,78,75,50,60,139.89,48,-6,-7,-994,-1,0,0,0,0,0,0,-20,"keyboard-control","OK",1782602877215,801
805,1782602877356,71581,0,0,3,0,0,0,75,78,75,50,60,139.98,48,8,-14,-962,-1,0,0,0,0,0,0,-20,"keyboard-control","OK",1782602877315,803
806,1782602877450,71675,0,0,2,0,0,0,75,78,74,50,60,139.57,48,-23,6,-1033,-1,0,0,0,0,0,0,-20,"keyboard-control","OK",1782602877415,805
807,1782602877545,71770,0,0,0,0,0,0,75,77,75,50,60,139.76,48,-3,0,-1017,-1,0,0,0,0,0,0,0,"keyboard-control","OK",1782602877516,808
808,1782602877640,71865,0,0,0,0,0,0,75,77,74,60,60,139.6,48,6,-8,-1040,-1,0,0,0,0,0,0,0,"keyboard-control","OK",1782602877615,810
809,1782602877739,71964,0,0,0,0,0,0,75,77,74,50,60,139.64,48,-6,-2,-1004,-1,0,0,0,0,0,0,0,"keyboard-control","OK",1782602877715,812
810,1782602877831,72056,0,0,-1,0,0,0,75,77,73,50,60,139.55,48,-13,3,-966,-1,0,0,0,0,0,0,0,"keyboard-control","OK",1782602877815,814
811,1782602877927,72152,0,0,-1,0,0,0,75,77,73,50,60,139.5,49,-10,-10,-974,-1,0,0,0,0,0,0,0,"keyboard-control","OK",1782602877915,816
812,1782602878022,72247,0,0,-1,0,0,0,75,77,73,50,60,139.57,49,9,0,-1012,-1,0,0,0,0,0,0,0,"keyboard-control","OK",1782602878016,818
813,1782602878117,72342,0,0,-2,0,0,0,75,77,72,50,60,139.38,49,0,-5,-992,-1,0,0,0,0,0,0,0,"keyboard-control","OK",1782602878115,820
814,1782602878212,72437,0,0,-2,0,0,0,75,77,72,50,60,139.59,49,-16,-1,-1032,-1,0,0,0,0,0,0,0,"keyboard-control","OK",1782602878165,821
815,1782602878308,72533,0,0,-2,0,0,0,75,77,72,50,60,139.74,49,-9,-5,-972,-1,0,0,0,0,0,0,0,"keyboard-control","OK",1782602878266,823
816,1782602878403,72628,0,0,-2,0,0,0,75,77,72,50,60,139.77,49,1,-2,-1027,-1,0,0,0,0,0,0,0,"keyboard-control","OK",1782602878365,825
817,1782602878499,72724,0,0,-2,0,0,0,75,78,72,50,60,139.8,49,-32,0,-1002,-1,0,0,0,0,0,0,0,"keyboard-control","OK",1782602878465,827
818,1782602878594,72819,0,0,-2,0,0,0,75,78,72,50,60,139.88,49,9,-13,-1040,-1,0,0,0,0,0,0,0,"keyboard-control","OK",1782602878566,829
819,1782602878690,72915,0,0,-2,0,0,0,75,78,73,50,60,139.92,49,-17,8,-969,-1,0,0,0,0,0,0,0,"keyboard-control","OK",1782602878666,831
820,1782602878784,73009,0,0,-2,0,0,0,75,78,73,50,60,139.8,49,-6,5,-959,-1,0,0,0,0,0,0,0,"keyboard-control","OK",1782602878765,833
821,1782602878879,73104,0,0,-2,0,0,0,75,78,73,50,60,139.69,50,-27,21,-995,-1,0,0,0,0,0,0,0,"keyboard-control","OK",1782602878866,835
822,1782602878975,73200,0,0,-2,0,0,0,75,78,74,50,60,139.93,50,-8,7,-1031,-1,0,0,0,0,0,0,0,"keyboard-control","OK",1782602878966,837
823,1782602879078,73303,0,0,-2,0,0,0,75,78,75,50,60,139.85,50,-32,-10,-987,-1,0,0,0,0,0,0,0,"keyboard-control","OK",1782602879066,839
824,1782602879167,73392,0,0,-2,0,0,0,75,78,75,50,60,139.74,50,-23,19,-1056,-1,0,0,0,0,0,0,0,"keyboard-control","OK",1782602879116,840
825,1782602879262,73487,0,0,-2,0,0,0,75,78,76,60,60,139.99,50,-2,6,-986,-1,0,0,0,0,0,0,0,"keyboard-control","OK",1782602879116,840
826,1782602879359,73584,0,0,-2,0,0,0,75,78,76,60,60,139.84,50,-11,3,-1037,-1,0,0,0,0,0,0,0,"keyboard-control","OK",1782602879116,840
827,1782602879454,73679,0,0,-2,0,0,0,75,77,77,60,60,139.71,50,0,3,-965,-1,0,0,0,0,0,0,0,"keyboard-control","OK",1782602879116,840
828,1782602879551,73776,0,0,-2,0,0,0,75,77,78,60,60,139.48,50,13,-1,-985,-1,0,0,0,0,0,0,0,"keyboard-control","OK",1782602879116,840
829,1782602879644,73869,0,0,-2,0,0,0,75,77,78,60,60,139.43,50,-20,11,-996,-1,0,0,0,0,0,0,0,"keyboard-control","OK",1782602879116,840
830,1782602879740,73965,0,0,-2,0,0,0,75,77,79,60,60,139.42,50,20,5,-1002,-1,0,0,0,0,0,0,0,"keyboard-control","OK",1782602879116,840
831,1782602879839,74064,0,0,-2,0,0,0,75,77,79,60,60,139.56,51,26,5,-1009,-1,0,0,0,0,0,0,0,"keyboard-control","OK",1782602879116,840
832,1782602879884,74109,0,0,-2,0,0,0,75,77,80,60,60,139.65,51,32,-21,-969,-1,0,0,0,0,0,0,0,"keyboard-control","OK",1782602879116,840
833,1782602879978,74203,0,0,-2,0,0,0,75,77,80,60,60,139.7,51,13,-8,-993,-1,0,0,0,0,0,0,0,"keyboard-control","OK",1782602879116,840
834,1782602880072,74297,0,0,-2,0,0,0,75,77,80,60,60,139.62,51,-16,1,-994,-1,0,0,0,0,0,0,0,"keyboard-control","OK",1782602879116,840
835,1782602880170,74395,0,0,-2,0,0,0,75,77,81,60,60,139.86,51,4,5,-992,-1,0,0,0,0,0,0,0,"keyboard-control","OK",1782602879116,840
836,1782602880262,74487,0,0,-2,0,0,0,75,77,81,60,60,139.89,51,7,0,-961,-1,0,0,0,0,0,0,0,"keyboard-control","OK",1782602879116,840
837,1782602880358,74583,0,0,-2,0,0,0,75,77,81,60,60,139.58,51,2,0,-1006,-1,0,0,0,0,0,0,0,"keyboard-control","OK",1782602879116,840
838,1782602880453,74678,0,0,-2,0,0,0,75,77,82,60,60,139.75,51,-53,14,-963,-1,0,0,0,0,0,0,0,"keyboard-control","OK",1782602879116,840
839,1782602880548,74773,0,0,-2,0,0,0,75,77,81,60,60,139.46,51,6,-8,-982,-1,0,0,0,0,0,0,0,"keyboard-control","OK",1782602879116,840
840,1782602880644,74869,0,0,-2,0,0,0,75,77,82,60,60,139.59,51,7,-29,-1018,-1,0,0,0,0,0,0,0,"keyboard-control","OK",1782602879116,840
841,1782602880739,74964,0,0,-2,0,0,0,75,77,82,60,60,139.49,52,-42,12,-983,-1,0,0,0,0,0,0,0,"keyboard-control","OK",1782602879116,840
842,1782602880835,75060,0,0,-2,0,0,0,75,77,81,60,60,139.51,52,-8,-9,-1001,-1,0,0,0,0,0,0,0,"keyboard-control","OK",1782602879116,840
843,1782602880930,75155,0,0,-2,0,0,0,75,77,81,60,60,139.86,52,-43,13,-995,-1,0,0,0,0,0,0,0,"keyboard-control","OK",1782602879116,840
844,1782602881028,75253,0,0,-2,0,0,0,75,77,81,60,60,139.38,52,-29,2,-974,-1,0,0,0,0,0,0,0,"keyboard-control","OK",1782602879116,840
845,1782602881121,75346,0,0,-2,0,0,0,75,77,80,60,60,139.59,52,-18,-9,-985,-1,0,0,0,0,0,0,0,"keyboard-control","OK",1782602879116,840
846,1782602881215,75440,0,0,-2,0,0,0,75,77,81,60,60,139.49,52,-2,-2,-1045,-1,0,0,0,0,0,0,0,"keyboard-control","OK",1782602879116,840
847,1782602881313,75538,0,0,-2,0,0,0,76,77,80,60,60,139.75,52,-22,-9,-1055,-1,0,0,0,0,0,0,0,"keyboard-control","OK",1782602879116,840
848,1782602881410,75635,0,0,-2,0,0,0,76,77,81,60,60,139.47,52,-7,5,-1024,-1,0,0,0,0,0,0,0,"keyboard-control","OK",1782602879116,840
849,1782602881501,75726,0,0,-2,0,0,0,76,77,80,60,60,139.93,52,-27,0,-1003,-1,0,0,0,0,0,0,0,"keyboard-control","OK",1782602879116,840
850,1782602881596,75821,0,0,-2,0,0,0,76,77,80,60,60,139.56,52,-37,9,-989,-1,0,0,0,0,0,0,0,"keyboard-neutral","OK",1782602881547,844
851,1782602881693,75918,0,0,-2,0,0,0,76,77,80,60,60,139.5,53,-16,2,-1006,-1,0,0,0,0,0,0,0,"keyboard-control","OK",1782602881651,846
852,1782602881789,76014,0,0,-2,0,0,0,76,77,80,60,60,139.46,53,-3,-1,-1021,-1,0,0,0,0,0,0,0,"keyboard-control","OK",1782602881755,848
853,1782602881883,76108,0,0,-2,0,0,0,76,77,80,60,60,139.8,53,0,3,-1024,-1,0,0,0,0,0,0,0,"keyboard-control","OK",1782602881859,850
854,1782602881978,76203,0,0,-2,0,0,0,76,77,80,60,60,139.62,53,-23,-6,-990,-1,0,0,0,0,0,0,0,"keyboard-control","OK",1782602881964,852
855,1782602882075,76300,0,0,-2,0,0,0,76,77,80,60,60,139.63,53,-12,-4,-952,-1,0,0,0,0,0,0,0,"keyboard-control","OK",1782602882066,854
856,1782602882169,76394,0,0,-2,0,0,0,76,77,80,60,59,139.37,53,11,-10,-1011,-1,0,0,0,0,0,0,0,"keyboard-control","OK",1782602882165,856
857,1782602882263,76488,0,0,-2,0,0,0,75,77,80,60,59,139.52,53,-5,-2,-959,-1,0,0,0,0,0,0,0,"keyboard-control","OK",1782602882215,857
858,1782602882359,76584,0,0,-2,0,0,0,75,77,80,60,59,139.93,53,25,-10,-937,-1,0,0,0,0,0,0,0,"keyboard-control","OK",1782602882315,859
859,1782602882454,76679,0,0,-2,0,0,0,75,77,80,60,59,139.54,53,13,0,-1074,-1,0,0,0,0,0,0,0,"keyboard-control","OK",1782602882416,861
860,1782602884811,79036,0,0,-2,0,0,0,75,77,81,60,59,139.45,53,-14,-22,-964,-1,0,0,0,0,0,0,0,"keyboard-control","OK",1782602882516,863
861,1782602884906,79131,0,0,-2,0,0,0,75,77,80,60,59,139.81,54,13,14,-1019,-1,0,0,0,0,0,0,0,"keyboard-control","OK",1782602884876,865
862,1782602885002,79227,0,0,-2,0,0,0,75,77,80,60,59,139.51,54,-28,-5,-952,-1,0,0,0,0,0,0,0,"keyboard-control","OK",1782602884977,867
863,1782602885099,79324,0,0,-2,0,0,0,75,77,80,60,59,139.52,54,12,-4,-1016,-1,0,0,0,0,0,0,0,"keyboard-control","OK",1782602885077,869
864,1782602885192,79417,0,0,-2,0,0,0,75,77,80,60,59,139.58,54,-16,-10,-1054,-1,0,0,0,0,0,0,0,"keyboard-control","OK",1782602885177,871
865,1782602885292,79517,0,0,-2,0,0,0,75,77,80,60,59,139.74,54,22,-3,-918,-1,0,0,0,0,0,0,0,"keyboard-control","OK",1782602885276,873
866,1782602885383,79608,0,0,-2,0,0,0,75,77,79,60,59,139.94,54,0,-5,-973,-1,0,0,0,0,0,0,0,"keyboard-control","OK",1782602885376,875
867,1782602885478,79703,0,0,-2,0,0,0,75,77,79,60,59,139.77,54,-11,-3,-993,-1,0,0,0,0,0,0,0,"keyboard-control","OK",1782602885477,877
868,1782602885573,79798,0,0,-2,0,0,0,75,77,79,60,59,140.01,54,-42,10,-1033,-1,0,0,0,0,0,0,0,"keyboard-control","OK",1782602885527,878
869,1782602885668,79893,0,0,-2,0,0,0,75,77,78,60,59,140.16,54,4,0,-998,-1,0,0,0,0,0,0,0,"keyboard-control","OK",1782602885626,880
870,1782602885768,79993,0,0,-2,0,0,0,75,77,78,60,59,139.85,54,-2,-5,-970,-1,0,0,0,0,0,0,0,"keyboard-control","OK",1782602885726,882
871,1782602885859,80084,0,0,-2,0,0,0,75,77,77,60,59,139.84,55,14,-12,-1007,-1,0,0,0,0,0,0,0,"keyboard-control","OK",1782602885826,884
872,1782602885954,80179,0,0,-2,0,0,0,75,77,77,60,59,139.83,55,-22,2,-1107,-1,0,0,0,0,0,0,0,"keyboard-control","OK",1782602885926,886
873,1782602886004,80229,0,0,-2,0,0,0,75,77,77,60,59,139.48,55,-24,6,-1095,-1,0,0,0,0,0,0,0,"keyboard-control","OK",1782602885977,887
874,1782602886099,80324,0,0,-2,0,0,0,75,77,76,60,59,139.71,55,8,8,-1056,-1,0,0,0,0,0,0,0,"keyboard-control","OK",1782602886077,889
875,1782602886194,80419,0,0,-2,0,0,0,75,77,76,60,59,139.57,55,11,3,-1043,-1,0,0,0,0,0,0,0,"keyboard-control","OK",1782602886177,891
876,1782602886291,80516,0,0,-2,0,0,0,75,77,76,60,59,139.62,55,10,-14,-956,-1,0,0,0,0,0,0,0,"keyboard-control","OK",1782602886276,893
877,1782602886388,80613,0,0,-2,0,0,0,75,76,77,60,59,139.73,55,-29,-14,-998,-1,0,0,0,0,0,0,0,"keyboard-control","OK",1782602886376,895
878,1782602886481,80706,0,0,-2,0,0,0,75,76,77,60,59,139.93,55,-9,17,-1040,-1,0,0,0,0,0,20,0,"keyboard-control","OK",1782602886477,897
879,1782602886579,80804,0,0,-2,0,0,0,75,76,77,60,59,139.93,55,-20,-6,-1009,-1,0,0,0,0,0,20,0,"keyboard-control","OK",1782602886577,899
880,1782602886673,80898,0,0,-2,0,0,0,75,76,77,60,59,139.47,55,16,-12,-990,-1,0,0,0,0,0,20,0,"keyboard-control","OK",1782602886627,900
881,1782602886764,80989,0,0,-2,0,0,0,75,76,77,60,59,139.72,56,-21,-7,-1033,-1,0,0,0,0,0,20,0,"keyboard-control","OK",1782602886726,902
882,1782602886860,81085,0,0,-2,0,0,0,75,76,77,60,59,139.81,56,-14,28,-1044,-1,0,0,0,0,0,20,0,"keyboard-control","OK",1782602886827,904
883,1782602886956,81181,0,0,-2,0,0,0,75,76,77,60,59,139.49,56,6,-8,-1012,-1,0,0,0,0,0,20,0,"keyboard-control","OK",1782602886927,906
884,1782602887058,81283,0,0,-2,0,0,0,75,76,78,60,59,139.73,56,1,12,-1033,-1,0,0,0,0,0,20,0,"keyboard-control","OK",1782602887027,908
885,1782602887145,81370,0,0,-2,0,0,0,75,76,78,60,59,139.57,56,16,-18,-1018,-1,0,0,0,0,0,20,0,"keyboard-control","OK",1782602887126,910
886,1782602887241,81466,0,0,-2,0,0,0,75,76,79,60,59,139.83,56,-21,7,-1099,-1,0,0,0,0,0,20,0,"keyboard-control","OK",1782602887226,912
887,1782602887336,81561,0,0,-2,0,0,0,75,77,79,60,59,139.56,56,-8,-8,-988,-1,0,0,0,0,0,0,0,"keyboard-control","OK",1782602887326,915
888,1782602887433,81658,0,0,-2,0,0,0,75,77,79,60,59,139.61,56,-35,0,-975,-1,0,0,0,0,0,0,0,"keyboard-control","OK",1782602887427,917
889,1782602887528,81753,0,0,-2,0,0,0,75,77,80,60,59,139.7,56,-31,8,-977,-1,0,0,0,0,0,0,0,"keyboard-control","OK",1782602887527,919
890,1782602887623,81848,0,0,-2,0,0,0,75,77,80,60,59,139.74,56,24,-16,-861,-1,0,0,0,0,0,0,0,"keyboard-control","OK",1782602887576,920
891,1782602887720,81945,0,0,-2,0,0,0,75,77,80,60,59,139.57,57,-22,10,-958,-1,0,0,0,0,0,0,0,"keyboard-control","OK",1782602887676,922
892,1782602887814,82039,0,0,-2,0,0,0,75,77,80,60,59,139.53,57,14,6,-967,-1,0,0,0,0,0,0,0,"keyboard-control","OK",1782602887777,924
893,1782602887909,82134,0,0,-2,0,0,0,75,77,80,60,59,139.56,57,-26,2,-1041,-1,0,0,0,0,0,0,0,"keyboard-control","OK",1782602887877,926
894,1782602888004,82229,0,0,-2,0,0,0,75,77,79,60,59,139.47,57,0,-6,-1018,-1,0,0,0,0,0,0,0,"keyboard-control","OK",1782602887977,928
895,1782602888100,82325,0,0,-2,0,0,0,75,77,79,60,59,139.67,57,-23,1,-1081,-1,0,0,0,0,0,0,0,"keyboard-control","OK",1782602888077,930
896,1782602888195,82420,0,0,-2,0,0,0,75,77,79,60,59,139.6,57,27,-14,-948,-1,0,0,0,0,0,0,0,"keyboard-control","OK",1782602888176,932
897,1782602888291,82516,0,0,-2,0,0,0,75,77,78,60,59,139.49,57,-33,0,-1017,-1,0,0,0,0,0,0,0,"keyboard-control","OK",1782602888277,934
898,1782602888385,82610,0,0,-2,0,0,0,75,77,78,60,59,139.64,57,15,-15,-880,-1,0,0,0,0,0,0,0,"keyboard-control","OK",1782602888376,936
899,1782602888482,82707,0,0,-2,0,0,0,75,77,77,60,59,139.78,57,-7,8,-1008,-1,0,0,0,0,0,20,0,"keyboard-control","OK",1782602888477,938
900,1782602888576,82801,0,0,-2,0,0,0,75,77,77,60,59,139.66,57,-21,10,-1025,-1,0,0,0,0,0,20,0,"keyboard-control","OK",1782602888527,939
901,1782602888671,82896,0,0,-2,0,0,0,75,77,77,60,59,139.85,58,20,7,-971,-1,0,0,0,0,0,20,0,"keyboard-control","OK",1782602888626,941
902,1782602888767,82992,0,0,-2,0,0,0,75,77,77,60,59,139.65,58,3,0,-1030,-1,0,0,0,0,0,20,0,"keyboard-control","OK",1782602888726,943
903,1782602888866,83091,0,0,-2,0,0,0,75,77,77,60,59,139.38,58,-39,24,-1017,-1,0,0,0,0,0,20,0,"keyboard-control","OK",1782602888777,944
904,1782602888957,83182,0,0,-2,0,0,0,75,77,77,60,59,139.65,58,21,3,-958,-1,0,0,0,0,0,20,0,"keyboard-control","OK",1782602888777,944
905,1782602889053,83278,0,0,-2,0,0,0,75,77,78,60,59,139.6,58,-27,14,-1037,-1,0,0,0,0,0,20,0,"keyboard-control","OK",1782602888777,944
906,1782602889148,83373,0,0,-2,0,0,0,75,77,80,60,59,139.55,58,5,-11,-1031,-1,0,0,0,0,0,20,0,"keyboard-control","OK",1782602888777,944
907,1782602889244,83469,0,0,-2,0,0,-1,76,77,81,60,59,139.83,58,-17,-3,-966,-1,0,0,0,0,0,20,0,"keyboard-control","OK",1782602888777,944
908,1782602889342,83567,0,0,-2,0,0,0,76,77,83,60,59,139.62,58,-13,17,-956,-1,0,0,0,0,0,20,0,"keyboard-control","OK",1782602888777,944
909,1782602889434,83659,0,0,-2,0,0,0,76,77,84,60,59,139.83,58,-15,24,-1035,-1,0,0,0,0,0,20,0,"keyboard-control","OK",1782602888777,944
910,1782602889529,83754,0,0,-2,0,0,-1,76,77,85,60,59,139.68,58,15,-6,-979,-1,0,0,0,0,0,20,0,"keyboard-control","OK",1782602888777,944
911,1782602889577,83802,0,0,-2,0,0,-1,76,77,86,60,59,139.69,59,-11,-11,-1001,-1,0,0,0,0,0,20,0,"keyboard-control","OK",1782602888777,944
912,1782602889676,83901,0,0,-2,0,0,-1,76,77,87,70,59,139.72,59,-30,-2,-977,-1,0,0,0,0,0,20,0,"keyboard-control","OK",1782602888777,944
913,1782602889768,83993,0,0,-2,0,0,0,76,77,88,70,59,139.55,59,-28,25,-1002,-1,0,0,0,0,0,20,0,"keyboard-control","OK",1782602888777,944
914,1782602889863,84088,0,0,-2,0,0,0,76,77,89,70,59,140.07,59,4,-2,-1078,-1,0,0,0,0,0,20,0,"keyboard-control","OK",1782602888777,944
915,1782602889958,84183,0,0,-2,0,0,-1,76,77,90,70,59,140.07,59,-15,3,-1016,-1,0,0,0,0,0,20,0,"keyboard-control","OK",1782602888777,944
916,1782602890054,84279,0,0,-2,0,0,0,76,77,91,70,59,140.03,59,-18,-1,-971,-1,0,0,0,0,0,20,0,"keyboard-control","OK",1782602888777,944
917,1782602890153,84378,0,0,-2,0,0,0,75,77,92,70,59,139.84,59,-38,-9,-964,-1,0,0,0,0,0,20,0,"keyboard-control","OK",1782602888777,944
918,1782602890250,84475,0,0,-2,0,0,0,75,77,92,70,59,139.94,59,-24,-12,-978,-1,0,0,0,0,0,20,0,"keyboard-control","OK",1782602888777,944
919,1782602890346,84571,0,0,-2,0,0,0,75,77,93,70,59,140.1,59,23,-17,-1013,-1,0,0,0,0,0,20,0,"keyboard-control","OK",1782602888777,944
920,1782602890435,84660,0,0,-2,0,0,0,75,77,94,70,59,140,59,-6,-19,-981,-1,0,0,0,0,0,20,0,"keyboard-control","OK",1782602888777,944
921,1782602890533,84758,0,0,-2,0,0,0,75,77,95,70,59,139.87,60,-6,6,-1028,-1,0,0,0,0,0,20,0,"keyboard-control","OK",1782602888777,944
922,1782602890629,84854,0,0,-2,0,0,0,75,77,96,70,59,139.94,60,-29,2,-997,-1,0,0,0,0,0,20,0,"keyboard-control","OK",1782602888777,944
923,1782602890721,84946,0,0,-2,0,0,0,75,77,96,80,59,139.73,60,-33,-7,-984,-1,0,0,0,0,0,20,0,"keyboard-control","OK",1782602888777,944
924,1782602890818,85043,0,0,-2,0,0,0,75,77,98,80,59,139.93,60,-11,-7,-1027,-1,0,0,0,0,0,20,0,"keyboard-control","OK",1782602888777,944
925,1782602890912,85137,0,0,-2,0,0,0,75,77,98,80,58,140.12,60,-20,-8,-1024,-1,0,0,0,0,0,20,0,"keyboard-control","OK",1782602888777,944
926,1782602891008,85233,0,0,-2,0,0,0,75,77,99,80,58,139.55,60,9,-9,-959,-1,0,0,0,0,0,20,0,"keyboard-control","OK",1782602888777,944
927,1782602891103,85328,0,0,-2,0,0,0,74,77,100,80,58,139.98,60,1,0,-1022,-1,0,0,0,0,0,20,0,"keyboard-control","OK",1782602888777,944
928,1782602891203,85428,0,0,-2,0,0,0,74,77,101,80,58,139.53,60,18,-22,-1002,-1,0,0,0,0,0,20,0,"keyboard-control","OK",1782602888777,944
929,1782602891295,85520,0,0,-2,0,0,0,74,77,102,80,58,139.8,60,-8,-7,-1001,-1,0,0,0,0,0,0,0,"keyboard-control","OK",1782602891257,948
930,1782602891391,85616,0,0,-2,0,0,0,74,77,103,80,58,139.8,60,4,-14,-976,-1,0,0,0,0,0,0,0,"keyboard-control","OK",1782602891360,950
931,1782602891488,85713,0,0,-2,0,0,0,74,77,104,80,58,139.84,61,-21,17,-957,-1,0,0,0,0,0,0,0,"keyboard-control","OK",1782602891464,952
932,1782602891582,85807,0,0,-2,0,0,0,74,77,104,80,58,139.96,61,-10,-10,-985,-1,0,0,0,0,0,0,0,"keyboard-control","OK",1782602891568,954
933,1782602891680,85905,0,0,-2,0,0,0,74,77,105,80,58,139.9,61,4,-3,-1016,-1,0,0,0,0,0,0,0,"keyboard-control","OK",1782602891673,956
934,1782602891776,86001,0,0,-2,0,0,0,74,77,106,80,58,139.91,61,-12,11,-944,-1,0,0,0,0,0,0,0,"keyboard-control","OK",1782602891725,957
935,1782602891870,86095,0,0,-2,0,0,0,74,77,106,80,58,140.14,61,-28,0,-989,-1,0,0,0,0,0,0,0,"keyboard-control","OK",1782602891827,959
936,1782602891967,86192,0,0,-2,0,0,0,74,77,107,80,58,140.16,61,-12,41,-1072,-1,0,0,0,0,0,0,0,"keyboard-control","OK",1782602891927,961
937,1782602892062,86287,0,0,-2,0,0,0,74,77,107,80,58,140.06,61,14,-25,-974,-1,0,0,0,0,0,0,0,"keyboard-control","OK",1782602892027,963
938,1782602892161,86386,0,0,-2,0,0,0,74,77,107,90,58,139.92,61,-23,11,-986,-1,0,0,0,0,0,0,0,"keyboard-control","OK",1782602892126,965
939,1782602892253,86478,0,0,-2,0,0,0,74,77,107,90,58,139.43,61,-9,9,-963,-1,0,0,0,0,0,0,0,"keyboard-control","OK",1782602892226,967
940,1782602892348,86573,0,0,-2,0,0,0,74,77,107,90,58,139.99,61,-17,8,-1028,-1,0,0,0,0,0,0,0,"keyboard-control","OK",1782602892326,969
941,1782602892441,86666,0,0,-2,0,0,0,74,77,108,90,58,139.97,62,-38,16,-978,-1,0,0,0,0,0,0,0,"keyboard-control","OK",1782602892427,971
942,1782602892536,86761,0,0,-2,0,0,0,74,77,108,90,58,139.52,62,38,16,-1091,-1,0,0,0,0,0,0,0,"keyboard-control","OK",1782602892527,973
943,1782602892636,86861,0,0,-2,0,0,0,74,77,108,90,58,139.84,62,-18,18,-950,-1,0,0,0,0,0,0,0,"keyboard-control","OK",1782602892627,975
944,1782602892727,86952,0,0,-2,0,0,0,74,77,108,90,58,139.97,62,-28,2,-968,-1,0,0,0,0,0,0,0,"keyboard-control","OK",1782602892726,977
945,1782602892823,87048,0,0,-2,0,0,0,74,77,109,90,58,139.35,62,-11,10,-999,-1,0,0,0,0,0,0,0,"keyboard-control","OK",1782602892776,978
946,1782602892870,87095,0,0,-2,0,0,0,74,77,109,90,58,139.97,62,-3,6,-993,-1,0,0,0,0,0,0,0,"keyboard-control","OK",1782602892827,979
947,1782602893014,87239,0,0,-2,0,0,0,75,77,110,90,58,140.13,62,4,3,-996,-1,0,0,0,0,0,0,0,"keyboard-control","OK",1782602892976,982
948,1782602893071,87296,0,0,-2,0,0,0,75,77,110,90,58,139.92,62,10,-1,-961,-1,0,0,0,0,0,0,0,"keyboard-control","OK",1782602893027,983
949,1782602893158,87383,0,0,-2,0,0,0,75,77,109,90,58,139.81,62,-20,29,-1001,-1,0,0,0,0,0,0,0,"keyboard-control","OK",1782602893126,985
950,1782602893253,87478,0,0,-2,0,0,0,75,77,110,90,58,139.85,62,4,3,-1045,-1,0,0,0,0,0,0,0,"keyboard-control","OK",1782602893227,987
951,1782602893349,87574,0,0,-2,0,0,0,75,77,109,90,58,139.38,63,25,2,-1001,-1,0,0,0,0,0,0,0,"keyboard-control","OK",1782602893326,989
952,1782602893446,87671,0,0,-2,0,0,0,75,77,109,90,58,139.93,63,14,23,-1048,-1,0,0,0,0,0,0,0,"keyboard-control","OK",1782602893426,991
953,1782602893540,87765,0,0,-2,0,0,0,75,77,109,90,58,139.81,63,6,2,-1006,-1,0,0,0,0,0,0,0,"keyboard-control","OK",1782602893527,993
954,1782602893636,87861,0,0,-2,0,0,0,75,77,109,90,58,139.64,63,-15,17,-1083,-1,0,0,0,0,0,0,0,"keyboard-control","OK",1782602893627,995
955,1782602893731,87956,0,0,-2,0,0,0,75,77,108,90,58,139.68,63,0,8,-975,-1,0,0,0,0,0,0,0,"keyboard-control","OK",1782602893727,997
956,1782602893826,88051,0,0,-2,0,0,0,75,77,108,90,58,139.84,63,36,10,-1016,-1,0,0,0,0,0,0,0,"keyboard-control","OK",1782602893777,998
957,1782602893925,88150,0,0,-2,0,0,0,75,77,108,90,58,139.78,63,14,15,-934,-1,0,0,0,0,0,0,0,"keyboard-control","OK",1782602893877,1000
958,1782602894021,88246,0,0,-2,0,0,0,75,77,107,90,58,139.92,63,19,-2,-983,-1,0,0,0,0,0,0,0,"keyboard-control","OK",1782602893977,1002
959,1782602894115,88340,0,0,-2,0,0,0,75,77,107,90,58,139.58,63,9,27,-1011,-1,0,0,0,0,0,0,0,"keyboard-control","OK",1782602894077,1004
960,1782602894208,88433,0,0,-2,0,0,0,75,77,106,90,58,139.64,64,-41,12,-1070,-1,0,0,0,0,0,0,0,"keyboard-control","OK",1782602894176,1006
961,1782602894304,88529,0,0,-2,0,0,0,75,77,106,80,58,139.6,64,8,9,-980,-1,0,0,0,0,0,0,0,"keyboard-control","OK",1782602894277,1008
962,1782602894399,88624,0,0,-2,0,0,0,75,77,105,80,58,139.92,64,10,0,-980,-1,0,0,0,0,0,0,0,"keyboard-control","OK",1782602894376,1010
963,1782602894495,88720,0,0,-2,0,0,0,75,77,105,80,58,139.59,64,-5,15,-1003,-1,0,0,0,0,0,0,0,"keyboard-control","OK",1782602894477,1012
964,1782602894590,88815,0,0,-2,0,0,0,75,77,105,80,58,139.65,64,-9,11,-1000,-1,0,0,0,0,0,0,0,"keyboard-control","OK",1782602894577,1014
965,1782602894685,88910,0,0,-2,0,0,0,75,77,105,80,58,139.88,64,41,11,-1014,-1,0,0,0,0,0,0,0,"keyboard-control","OK",1782602894677,1016
966,1782602894784,89009,0,0,-2,0,0,0,75,77,104,80,58,139.87,64,5,0,-1012,-1,0,0,0,0,0,0,0,"keyboard-control","OK",1782602894777,1018
967,1782602894876,89101,0,0,-2,0,0,0,75,77,104,80,58,139.82,64,10,16,-1025,-1,0,0,0,0,0,0,0,"keyboard-control","OK",1782602894876,1020
968,1782602894976,89201,0,0,-2,0,0,0,75,77,104,80,58,139.83,64,-17,16,-1014,-1,0,0,0,0,0,0,0,"keyboard-control","OK",1782602894976,1022
969,1782602895068,89293,0,0,-2,0,0,0,75,77,104,80,58,139.79,64,-3,20,-995,-1,0,0,0,0,0,0,0,"keyboard-control","OK",1782602895027,1023
970,1782602895163,89388,0,0,-2,0,0,0,75,77,103,80,58,139.64,65,-3,11,-985,-1,0,0,0,0,0,0,0,"keyboard-control","OK",1782602895126,1025
971,1782602895258,89483,0,0,-2,0,0,0,75,77,103,80,58,139.83,65,32,1,-1019,-1,0,0,0,0,0,0,0,"keyboard-control","OK",1782602895227,1027
972,1782602895354,89579,0,0,-2,0,0,0,75,77,102,80,58,139.96,65,-6,14,-1008,-1,0,0,0,0,0,0,0,"keyboard-control","OK",1782602895327,1029
973,1782602895450,89675,0,0,-2,0,0,0,75,77,103,80,58,139.79,65,19,5,-1019,-1,0,0,0,0,0,0,0,"keyboard-control","OK",1782602895427,1031
974,1782602895545,89770,0,0,-2,0,0,0,75,77,102,80,58,139.6,65,27,2,-1019,-1,0,0,0,0,0,0,0,"keyboard-control","OK",1782602895526,1033
975,1782602895640,89865,0,0,-2,0,0,0,75,77,102,80,58,139.58,65,10,0,-977,-1,0,0,0,0,0,0,0,"keyboard-control","OK",1782602895626,1035
976,1782602895736,89961,0,0,-2,0,0,0,75,77,102,80,58,139.68,65,25,17,-1025,-1,0,0,0,0,0,0,0,"keyboard-control","OK",1782602895726,1037
977,1782602895833,90058,0,0,-2,0,0,0,75,78,101,80,58,139.73,65,10,17,-1002,-1,0,0,0,0,0,0,0,"keyboard-control","OK",1782602895826,1039
978,1782602895931,90156,0,0,-2,0,0,0,75,78,101,80,58,139.24,65,-5,28,-1076,-1,0,0,0,0,0,0,0,"keyboard-control","OK",1782602895926,1041
979,1782602896023,90248,0,0,-2,0,0,0,75,78,101,80,58,139.8,65,-6,23,-1011,-1,0,0,0,0,0,0,0,"keyboard-control","OK",1782602895977,1042
980,1782602896125,90350,0,0,-2,0,0,0,75,78,101,80,58,139.63,66,11,3,-1057,-1,0,0,0,0,0,0,0,"keyboard-control","OK",1782602896077,1044
981,1782602896216,90441,0,0,-2,0,0,0,75,78,101,80,58,139.63,66,8,17,-969,-1,0,0,0,0,0,0,0,"keyboard-control","OK",1782602896177,1046
982,1782602896310,90535,0,0,-2,0,0,0,75,78,101,80,58,139.51,66,-16,5,-969,-1,0,0,0,0,0,0,0,"keyboard-control","OK",1782602896177,1046
983,1782602896404,90629,0,0,-2,0,0,0,75,78,102,80,58,139.93,66,1,7,-1087,-1,0,0,0,0,0,0,0,"keyboard-control","OK",1782602896177,1046
984,1782602896512,90737,0,0,-2,0,0,0,75,78,102,80,58,139.67,66,39,-6,-1015,-1,0,0,0,0,0,0,0,"keyboard-control","OK",1782602896177,1046
985,1782602896596,90821,0,0,-2,0,0,0,75,78,103,80,58,140,66,-12,0,-997,-1,0,0,0,0,0,0,0,"keyboard-control","OK",1782602896177,1046
986,1782602896691,90916,0,0,-2,0,0,0,75,78,103,80,58,139.69,66,-4,2,-989,-1,0,0,0,0,0,0,0,"keyboard-control","OK",1782602896177,1046
987,1782602896787,91012,0,0,-2,0,0,0,75,77,104,80,58,139.77,66,25,9,-956,-1,0,0,0,0,0,0,0,"keyboard-control","OK",1782602896177,1046
988,1782602896845,91070,0,0,-2,0,0,0,75,77,104,80,58,139.97,66,-16,2,-939,-1,0,0,0,0,0,0,0,"keyboard-control","OK",1782602896177,1046
989,1782602896931,91156,0,0,-2,0,0,0,75,77,105,80,58,139.8,66,12,11,-983,-1,0,0,0,0,0,0,0,"keyboard-control","OK",1782602896177,1046
990,1782602897026,91251,0,0,-2,0,0,0,75,77,105,80,58,139.73,67,-46,34,-984,-1,0,0,0,0,0,0,0,"keyboard-control","OK",1782602896177,1046
991,1782602897128,91353,0,0,-2,0,0,0,75,77,105,80,58,139.95,67,3,0,-1008,-1,0,0,0,0,0,0,0,"keyboard-control","OK",1782602896177,1046
992,1782602897220,91445,0,0,-2,0,0,0,75,77,106,80,58,139.75,67,-10,22,-1041,-1,0,0,0,0,0,0,0,"keyboard-control","OK",1782602896177,1046
993,1782602897314,91539,0,0,-2,0,0,0,75,77,106,80,58,139.95,67,17,-13,-1005,-1,0,0,0,0,0,0,0,"keyboard-control","OK",1782602896177,1046
994,1782602897408,91633,0,0,-2,0,0,0,75,77,106,80,58,139.97,67,7,7,-1015,-1,0,0,0,0,0,0,0,"keyboard-control","OK",1782602896177,1046
995,1782602897504,91729,0,0,-2,0,0,0,75,77,106,80,58,139.75,67,-5,40,-1064,-1,0,0,0,0,0,0,0,"keyboard-control","OK",1782602896177,1046
996,1782602897611,91836,0,0,-2,0,0,0,75,77,106,90,58,140.06,67,4,-3,-973,-1,0,0,0,0,0,0,0,"keyboard-control","OK",1782602896177,1046
997,1782602897695,91920,0,0,-2,0,0,0,74,77,105,90,58,139.96,67,-19,-1,-985,-1,0,0,0,0,0,0,0,"keyboard-control","OK",1782602896177,1046
998,1782602897794,92019,0,0,-2,0,0,0,74,77,105,90,58,140.21,67,1,-6,-991,-1,0,0,0,0,0,0,0,"keyboard-control","OK",1782602896177,1046
999,1782602897889,92114,0,0,-2,0,0,0,74,77,105,90,58,139.88,67,12,7,-1005,-1,0,0,0,0,0,0,0,"keyboard-control","OK",1782602896177,1046
1000,1782602897982,92207,0,0,-2,0,0,0,74,77,104,80,58,140.23,68,12,0,-978,-1,0,0,0,0,0,0,0,"keyboard-control","OK",1782602896177,1046
1001,1782602898081,92306,0,0,-2,0,0,0,74,77,104,80,58,140.1,68,-21,17,-1049,-1,0,0,0,0,0,0,0,"keyboard-control","OK",1782602896177,1046
1002,1782602898175,92400,0,0,-2,0,0,0,74,77,103,80,58,139.91,68,-11,0,-1023,-1,0,0,0,0,0,0,0,"keyboard-control","OK",1782602896177,1046
1003,1782602898267,92492,0,0,-2,0,0,0,74,77,103,80,58,140.1,68,-29,29,-1000,-1,0,0,0,0,0,0,0,"keyboard-control","OK",1782602896177,1046
1004,1782602898378,92603,0,0,-2,0,0,0,74,77,103,80,58,139.97,68,27,-32,-1033,-1,0,0,0,0,0,0,0,"keyboard-control","OK",1782602896177,1046
1005,1782602898460,92685,0,0,-2,0,0,0,74,77,104,80,58,139.77,68,-41,3,-976,-1,0,0,0,0,0,0,0,"keyboard-control","OK",1782602896177,1046
1006,1782602898557,92782,0,0,-2,0,0,0,74,77,104,80,58,140.11,68,-22,-4,-974,-1,0,0,0,0,0,0,0,"keyboard-control","OK",1782602896177,1046
1007,1782602898650,92875,0,0,-2,0,0,0,75,76,104,80,58,139.98,68,-39,10,-994,-1,0,0,0,0,0,0,0,"keyboard-control","OK",1782602898641,1050
1008,1782602898744,92969,0,0,-2,0,0,0,75,76,104,80,58,140.21,68,7,-18,-1004,-1,0,0,0,0,0,0,0,"keyboard-control","OK",1782602898736,1052
1009,1782602898844,93069,0,0,-2,0,0,0,75,76,104,80,58,139.98,68,-22,-3,-999,-1,0,0,0,0,0,0,0,"keyboard-control","OK",1782602898833,1054
1010,1782602898940,93165,0,0,-2,0,0,0,75,76,104,80,58,139.74,69,-16,8,-992,-1,0,0,0,0,0,0,0,"keyboard-control","OK",1782602898929,1056
1011,1782602899034,93259,0,0,-2,0,0,0,75,76,104,80,58,140,69,9,-18,-1008,-1,0,0,0,0,0,0,0,"keyboard-control","OK",1782602899027,1058
1012,1782602899128,93353,0,0,-2,0,0,0,75,76,104,80,58,139.84,69,-9,-7,-995,-1,0,0,0,0,0,0,0,"keyboard-control","OK",1782602899127,1060
1013,1782602899223,93448,0,0,-2,0,0,0,75,76,104,80,58,139.92,69,-26,-5,-953,-1,0,0,0,0,0,0,0,"keyboard-control","OK",1782602899177,1061
1014,1782602899318,93543,0,0,-2,0,0,0,75,76,105,80,58,140.1,69,12,4,-1074,-1,0,0,0,0,0,0,0,"keyboard-control","OK",1782602899276,1063
1015,1782602899415,93640,0,0,-2,0,0,0,75,76,104,80,58,140.34,69,-7,-13,-973,-1,0,0,0,0,0,0,0,"keyboard-control","OK",1782602899376,1065
1016,1782602899508,93733,0,0,-2,0,0,0,75,76,105,80,58,140.09,69,-43,9,-1006,-1,0,0,0,0,0,0,0,"keyboard-control","OK",1782602899476,1067
1017,1782602899604,93829,0,0,-2,0,0,0,74,77,105,80,58,140,69,-46,1,-990,-1,0,0,0,0,0,0,0,"keyboard-control","OK",1782602899576,1069
1018,1782602899696,93921,0,1,-2,0,0,0,74,77,105,80,58,139.79,69,-15,-3,-998,-1,0,0,0,0,0,0,0,"keyboard-control","OK",1782602899676,1071
1019,1782602899791,94016,0,1,-2,0,0,0,74,77,105,80,58,139.85,69,-7,-29,-939,-1,0,0,0,0,0,0,0,"keyboard-control","OK",1782602899777,1073
1020,1782602899886,94111,0,0,-2,0,0,0,74,77,105,80,58,139.88,70,-18,-6,-1009,-1,0,0,0,0,0,0,0,"keyboard-control","OK",1782602899877,1075
1021,1782602899981,94206,0,1,-2,0,0,0,74,77,105,80,58,140.09,70,-14,-7,-996,-1,0,0,0,0,0,0,0,"keyboard-control","OK",1782602899977,1077
1022,1782602900076,94301,0,0,-2,0,0,0,74,77,104,80,58,140.02,70,-1,-33,-1003,-1,0,0,0,0,0,0,0,"keyboard-control","OK",1782602900076,1079
1023,1782602900171,94396,0,0,-2,0,0,0,74,77,105,80,58,139.91,70,-13,-6,-996,-1,0,0,0,0,0,0,0,"keyboard-control","OK",1782602900127,1080
1024,1782602900219,94444,0,0,-2,0,0,0,74,77,104,80,57,140.21,70,-11,-10,-1048,-1,0,0,0,0,0,0,0,"keyboard-control","OK",1782602900177,1081
1025,1782602900314,94539,0,0,-2,0,0,0,74,77,105,80,57,139.96,70,0,-8,-988,-1,0,0,0,0,0,0,0,"keyboard-control","OK",1782602900277,1083
1026,1782602900409,94634,0,0,-2,0,0,0,74,77,105,80,57,140.08,70,4,-10,-1013,-1,0,0,0,0,0,-20,0,"keyboard-control","OK",1782602900376,1085
1027,1782602900504,94729,0,0,-2,0,0,0,74,76,105,80,57,140.35,70,-7,-6,-962,-1,0,0,0,0,0,-20,0,"keyboard-control","OK",1782602900477,1087
1028,1782602900602,94827,0,0,-2,0,0,0,74,76,104,80,57,140.18,70,0,-12,-994,-1,0,0,0,0,0,-20,0,"keyboard-control","OK",1782602900576,1089
1029,1782602900694,94919,0,0,-2,0,0,0,74,76,103,80,57,140.3,70,-8,-12,-980,-1,0,0,0,0,0,-20,0,"keyboard-control","OK",1782602900677,1091
1030,1782602900790,95015,0,0,-2,0,0,0,74,76,103,80,57,140.17,71,-10,-19,-992,-1,0,0,0,0,0,-20,0,"keyboard-control","OK",1782602900777,1093
1031,1782602900884,95109,0,0,-2,0,0,0,74,76,102,80,57,139.85,71,-13,-14,-971,-1,0,0,0,0,0,-20,0,"keyboard-control","OK",1782602900877,1095
1032,1782602900980,95205,0,1,-2,0,0,0,74,76,100,80,57,140.13,71,0,-32,-911,-1,0,0,0,0,0,0,0,"keyboard-control","OK",1782602900977,1098
1033,1782602901075,95300,0,0,-2,0,0,0,74,76,100,80,57,140.09,71,17,-25,-988,-1,0,0,0,0,0,0,0,"keyboard-control","OK",1782602901027,1099
1034,1782602901173,95398,0,0,-2,0,0,0,74,76,99,80,57,140.11,71,-3,-22,-1051,-1,0,0,0,0,0,0,0,"keyboard-control","OK",1782602901127,1101
1035,1782602901265,95490,0,0,-2,0,0,0,74,76,98,80,57,140.09,71,-37,10,-1026,-1,0,0,0,0,0,0,0,"keyboard-control","OK",1782602901227,1103
1036,1782602901362,95587,0,0,-2,0,0,0,74,76,98,80,57,140,71,10,-20,-993,-1,0,0,0,0,0,0,0,"keyboard-control","OK",1782602901327,1105
1037,1782602901456,95681,0,0,-2,0,0,0,74,76,98,80,57,140.14,71,10,-14,-1016,-1,0,0,0,0,0,0,0,"keyboard-control","OK",1782602901427,1107
1038,1782602901551,95776,0,0,-2,0,0,0,74,76,97,80,57,139.86,71,3,-22,-972,-1,0,0,0,0,0,0,0,"keyboard-control","OK",1782602901526,1109
1039,1782602901647,95872,0,0,-3,0,0,0,74,76,98,80,57,140.08,71,-27,-39,-984,-1,0,0,0,0,0,0,0,"keyboard-control","OK",1782602901627,1111
1040,1782602901741,95966,0,0,-3,0,0,0,74,76,98,80,57,140.05,72,-15,-18,-1041,-1,0,0,0,0,0,0,0,"keyboard-control","OK",1782602901726,1113
1041,1782602901837,96062,0,0,-3,0,0,0,74,76,98,80,57,139.99,72,24,-16,-1000,-1,0,0,0,0,0,0,0,"keyboard-control","OK",1782602901827,1115
1042,1782602901931,96156,0,0,-3,0,0,0,74,76,98,80,57,140.06,72,-19,-3,-1120,-1,0,0,0,0,0,0,0,"keyboard-control","OK",1782602901926,1117
1043,1782602902026,96251,0,0,-3,0,0,0,74,76,98,80,57,139.92,72,-47,8,-1028,-1,0,0,0,0,0,0,0,"keyboard-control","OK",1782602901976,1118
1044,1782602902121,96346,0,0,-3,0,0,0,74,76,98,80,57,140.06,72,-13,-14,-917,-1,0,0,0,0,0,0,0,"keyboard-control","OK",1782602902077,1120
1045,1782602902216,96441,0,0,-3,0,0,0,74,76,98,80,57,139.84,72,15,-26,-975,-1,0,0,0,0,0,0,0,"keyboard-control","OK",1782602902176,1122
1046,1782602902312,96537,0,0,-3,0,0,0,74,76,98,80,57,140.01,72,-26,0,-1092,-1,0,0,0,0,0,0,0,"keyboard-control","OK",1782602902277,1124
1047,1782602902407,96632,0,0,-2,0,0,0,75,77,98,80,57,139.79,72,-17,-5,-1056,-1,0,0,0,0,0,0,0,"keyboard-control","OK",1782602902376,1126
1048,1782602902502,96727,0,0,-3,0,0,0,75,77,98,80,57,140.07,72,19,-9,-1003,-1,0,0,0,0,0,0,0,"keyboard-control","OK",1782602902477,1128
1049,1782602902597,96822,0,0,-2,0,0,0,75,77,98,80,57,139.9,72,13,-10,-1004,-1,0,0,0,0,0,-20,0,"keyboard-control","OK",1782602902577,1130
1050,1782602902692,96917,0,0,-2,0,0,0,75,77,98,80,57,139.96,73,-18,6,-1057,-1,0,0,0,0,0,-20,0,"keyboard-control","OK",1782602902677,1132
1051,1782602902788,97013,0,0,-2,0,0,0,75,77,97,80,57,140.05,73,-2,-24,-974,-1,0,0,0,0,0,-20,0,"keyboard-control","OK",1782602902776,1134
1052,1782602902883,97108,0,0,-2,0,0,0,75,77,97,80,57,140.18,73,-12,-5,-980,-1,0,0,0,0,0,-20,0,"keyboard-control","OK",1782602902876,1136
1053,1782602902978,97203,0,0,-2,0,0,0,75,77,97,80,57,139.91,73,-17,-3,-987,-1,0,0,0,0,0,-20,0,"keyboard-control","OK",1782602902977,1138
1054,1782602903073,97298,0,0,-2,0,0,0,75,77,95,80,57,139.87,73,7,9,-961,-1,0,0,0,0,0,-20,0,"keyboard-control","OK",1782602903027,1139
1055,1782602903168,97393,0,0,-2,0,0,0,75,77,94,80,57,140.07,73,-4,1,-959,-1,0,0,0,0,0,-20,0,"keyboard-control","OK",1782602903126,1141
1056,1782602903264,97489,0,0,-2,0,0,0,75,77,93,70,57,139.93,73,11,-1,-984,-1,0,0,0,0,0,0,0,"keyboard-neutral","OK",1782602903251,1144
1057,1782602903358,97583,0,0,-2,0,0,0,75,77,92,70,57,140.17,73,-7,-9,-957,-1,0,0,0,0,0,0,0,"keyboard-control","OK",1782602903327,1146
1058,1782602903454,97679,0,0,-2,0,0,0,75,77,90,70,57,140.19,73,1,9,-1086,-1,0,0,0,0,0,0,0,"keyboard-control","OK",1782602903426,1148
1059,1782602903549,97774,0,0,-2,0,0,0,75,77,89,70,57,139.61,73,6,0,-984,-1,0,0,0,0,0,0,0,"keyboard-control","OK",1782602903527,1150
1060,1782602903646,97871,0,0,-2,0,0,0,75,77,88,70,57,140,74,-38,8,-1009,-1,0,0,0,0,0,0,0,"keyboard-control","OK",1782602903576,1151
1061,1782602903739,97964,0,0,-2,0,0,0,75,77,87,70,57,140.44,74,-8,-3,-1100,-1,0,0,0,0,0,0,0,"keyboard-control","OK",1782602903576,1151
1062,1782602903835,98060,0,0,-2,0,0,0,75,77,87,70,57,140.13,74,-8,4,-1059,-1,0,0,0,0,0,0,0,"keyboard-control","OK",1782602903576,1151
1063,1782602903881,98106,0,0,-2,0,0,0,75,77,86,70,57,139.89,74,19,-7,-1039,-1,0,0,0,0,0,0,0,"keyboard-control","OK",1782602903576,1151
1064,1782602903977,98202,0,0,-2,0,0,0,75,77,86,70,57,139.58,74,-4,2,-1055,-1,0,0,0,0,0,0,0,"keyboard-control","OK",1782602903576,1151
1065,1782602904072,98297,0,0,-2,0,0,0,75,77,86,70,57,140,74,-6,-7,-1041,-1,0,0,0,0,0,0,0,"keyboard-control","OK",1782602903576,1151
1066,1782602904167,98392,0,0,-2,0,0,0,75,77,86,70,57,139.73,74,0,-6,-1050,-1,0,0,0,0,0,0,0,"keyboard-control","OK",1782602903576,1151
1067,1782602904312,98537,0,0,-2,0,0,0,74,77,86,70,57,139.73,74,11,-20,-1035,-1,0,0,0,0,0,0,0,"keyboard-control","OK",1782602903576,1151
1068,1782602904358,98583,0,0,-2,0,0,0,74,77,86,70,57,140.1,74,25,-15,-1040,-1,0,0,0,0,0,0,0,"keyboard-control","OK",1782602903576,1151
1069,1782602904458,98683,0,0,-2,0,0,0,74,77,86,70,57,140.05,74,9,11,-1081,-1,0,0,0,0,0,0,0,"keyboard-control","OK",1782602903576,1151
1070,1782602904548,98773,0,0,-2,0,0,0,74,77,86,70,57,139.82,75,-22,-6,-1043,-1,0,0,0,0,0,0,0,"keyboard-control","OK",1782602903576,1151
1071,1782602904644,98869,0,0,-2,0,0,0,74,77,87,70,57,140.24,75,26,-19,-990,-1,0,0,0,0,0,0,0,"keyboard-control","OK",1782602903576,1151
1072,1782602904739,98964,0,0,-2,0,0,0,74,77,87,70,57,140.38,75,3,-9,-982,-1,0,0,0,0,0,0,0,"keyboard-control","OK",1782602903576,1151
1073,1782602904834,99059,0,0,-2,0,0,0,74,77,87,70,57,140.24,75,22,10,-1031,-1,0,0,0,0,0,0,0,"keyboard-control","OK",1782602903576,1151
1074,1782602904929,99154,0,0,-2,0,0,0,74,77,87,70,57,140.34,75,0,-1,-967,-1,0,0,0,0,0,0,0,"keyboard-control","OK",1782602903576,1151
1075,1782602905025,99250,0,0,-2,0,0,0,74,77,87,70,57,140.36,75,2,-9,-988,-1,0,0,0,0,0,0,0,"keyboard-control","OK",1782602903576,1151
1076,1782602905120,99345,0,0,-2,0,0,0,74,77,87,70,57,140.15,75,-42,11,-996,-1,0,0,0,0,0,0,0,"keyboard-control","OK",1782602903576,1151
1077,1782602905215,99440,0,0,-2,0,0,0,74,77,87,70,57,139.77,75,-34,29,-1013,-1,0,0,0,0,0,0,0,"keyboard-control","OK",1782602903576,1151
1078,1782602905311,99536,0,0,-2,0,0,0,74,77,87,70,57,139.85,75,0,4,-1020,-1,0,0,0,0,0,0,0,"keyboard-control","OK",1782602903576,1151
1079,1782602905406,99631,0,0,-2,0,0,0,74,77,87,70,57,140.1,75,-8,4,-1039,-1,0,0,0,0,0,0,0,"keyboard-control","OK",1782602903576,1151
1080,1782602905501,99726,0,0,-2,0,0,0,74,77,88,70,57,139.97,76,7,-10,-1002,-1,0,0,0,0,0,0,0,"keyboard-control","OK",1782602903576,1151
1081,1782602905596,99821,0,0,-2,0,0,0,74,77,87,70,57,140.14,76,6,3,-984,-1,0,0,0,0,0,0,0,"keyboard-control","OK",1782602903576,1151
1082,1782602905691,99916,0,0,-2,0,0,0,74,77,87,70,57,139.63,76,-32,-12,-1013,-1,0,0,0,0,0,0,0,"keyboard-control","OK",1782602903576,1151
1083,1782602905786,100011,0,0,-2,0,0,0,74,77,88,70,57,139.96,76,-7,-13,-1010,-1,0,0,0,0,0,0,0,"keyboard-control","OK",1782602903576,1151
1084,1782602905882,100107,0,0,-2,0,0,0,74,77,88,70,57,139.63,76,-1,5,-976,-1,0,0,0,0,0,0,0,"keyboard-control","OK",1782602903576,1151
1085,1782602905981,100206,0,0,-2,0,0,0,74,77,88,70,57,139.97,76,-19,7,-1016,-1,0,0,0,0,0,0,0,"keyboard-control","OK",1782602903576,1151
1086,1782602906073,100298,0,0,-2,0,0,0,74,77,89,70,57,139.86,76,-7,-2,-1046,-1,0,0,0,0,0,0,0,"keyboard-control","OK",1782602906033,1155
1087,1782602906172,100397,0,0,-2,0,0,0,75,76,89,70,57,139.93,76,3,-14,-883,-1,0,0,0,0,0,0,0,"keyboard-control","OK",1782602906128,1157
1088,1782602906265,100490,0,0,-2,0,0,0,75,76,89,70,57,139.89,76,-26,10,-994,-1,0,0,0,0,0,0,0,"keyboard-control","OK",1782602906227,1159
1089,1782602906360,100585,0,0,-2,0,0,0,75,76,90,70,57,139.87,76,17,15,-1003,-1,0,0,0,0,0,0,0,"keyboard-control","OK",1782602906326,1161
1090,1782602906454,100679,0,0,-2,0,0,0,75,76,91,70,57,139.83,77,5,-18,-989,-1,0,0,0,0,0,0,0,"keyboard-control","OK",1782602906427,1163
1091,1782602906551,100776,0,0,-2,0,0,0,75,76,91,70,57,139.93,77,-10,-14,-876,-1,0,0,0,0,0,0,0,"keyboard-control","OK",1782602906526,1165
1092,1782602906646,100871,0,0,-2,0,0,0,75,76,91,70,57,140.14,77,12,-10,-1024,-1,0,0,0,0,0,0,0,"keyboard-control","OK",1782602906627,1167
1093,1782602906743,100968,0,0,-2,0,0,0,75,76,92,70,57,140.24,77,-31,14,-1072,-1,0,0,0,0,0,0,0,"keyboard-control","OK",1782602906727,1169
1094,1782602906837,101062,0,0,-2,0,0,0,75,76,93,70,57,140.29,77,3,4,-1028,-1,0,0,0,0,0,0,0,"keyboard-control","OK",1782602906827,1171
1095,1782602906931,101156,0,0,-2,0,0,0,75,76,93,70,57,140.11,77,1,-23,-999,-1,0,0,0,0,0,0,0,"keyboard-control","OK",1782602906926,1173
1096,1782602907025,101250,0,0,-2,0,0,0,75,76,93,70,57,140.1,77,-22,-3,-938,-1,0,0,0,0,0,0,0,"keyboard-control","OK",1782602906976,1174
1097,1782602907123,101348,0,0,-2,0,0,0,74,77,94,70,57,140.13,77,-15,-2,-958,-1,0,0,0,0,0,0,0,"keyboard-control","OK",1782602907077,1176
1098,1782602907220,101445,0,0,-2,0,0,0,74,77,94,70,57,140.31,77,0,2,-915,-1,0,0,0,0,0,0,0,"keyboard-control","OK",1782602907176,1178
1099,1782602907315,101540,0,0,-2,0,0,0,74,77,94,70,57,140.21,78,-21,4,-1010,-1,0,0,0,0,0,0,0,"keyboard-control","OK",1782602907277,1180
1100,1782602907407,101632,0,0,-2,0,0,0,74,77,94,70,57,140.04,78,-33,11,-973,-1,0,0,0,0,0,0,0,"keyboard-control","OK",1782602907376,1182
1101,1782602907503,101728,0,0,-2,0,0,0,74,77,94,70,57,140.15,78,-49,1,-1090,-1,0,0,0,0,0,0,0,"keyboard-control","OK",1782602907476,1184
1102,1782602907549,101774,0,0,-2,0,0,0,74,77,94,70,57,140,78,-24,-11,-972,-1,0,0,0,0,0,0,0,"keyboard-control","OK",1782602907527,1185
1103,1782602907644,101869,0,0,-2,0,0,0,74,77,94,70,57,140.25,78,-17,-2,-997,-1,0,0,0,0,0,0,0,"keyboard-control","OK",1782602907627,1187
1104,1782602907740,101965,0,0,-2,0,0,0,74,77,94,70,57,139.87,78,-20,19,-943,-1,0,0,0,0,0,0,0,"keyboard-control","OK",1782602907727,1189
1105,1782602907834,102059,0,0,-2,0,0,0,74,77,94,70,57,140.17,78,-24,-8,-1039,-1,0,0,0,0,0,0,0,"keyboard-control","OK",1782602907827,1191
1106,1782602907929,102154,0,0,-2,0,0,0,74,77,94,70,57,140.07,78,24,9,-957,-1,0,0,0,0,0,0,0,"keyboard-control","OK",1782602907927,1193
1107,1782602908030,102255,0,0,-2,0,0,0,74,76,93,70,57,140.02,78,-3,-15,-989,-1,0,0,0,0,0,0,0,"keyboard-control","OK",1782602908026,1195
1108,1782602908120,102345,0,0,-2,0,0,0,74,76,93,70,57,139.94,78,-6,0,-1023,-1,0,0,0,0,0,0,0,"keyboard-control","OK",1782602908077,1196
1109,1782602908216,102441,0,0,-2,0,0,0,74,76,93,70,57,140.18,79,-8,-14,-1010,-1,0,0,0,0,0,0,0,"keyboard-control","OK",1782602908176,1198
1110,1782602908311,102536,0,0,-2,0,0,0,74,76,93,70,57,140.11,79,-10,11,-1004,-1,0,0,0,0,0,0,0,"keyboard-control","OK",1782602908277,1200
1111,1782602908408,102633,0,0,-2,0,0,0,74,76,92,70,57,140.1,79,4,2,-1014,-1,0,0,0,0,0,0,0,"keyboard-control","OK",1782602908376,1202
1112,1782602908501,102726,0,0,-2,0,0,0,74,76,92,70,57,140.05,79,-21,-2,-1024,-1,0,0,0,0,0,0,0,"keyboard-control","OK",1782602908476,1204
1113,1782602908597,102822,0,0,-2,0,0,0,74,76,92,70,57,140.21,79,-1,-22,-967,-1,0,0,0,0,0,0,0,"keyboard-control","OK",1782602908576,1206
1114,1782602908692,102917,0,0,-2,0,0,0,74,76,91,70,57,140.06,79,0,-17,-999,-1,0,0,0,0,0,0,0,"keyboard-control","OK",1782602908677,1208
1115,1782602908787,103012,0,0,-2,0,0,0,74,76,91,70,57,140.18,79,-43,-1,-1036,-1,0,0,0,0,0,0,0,"keyboard-control","OK",1782602908777,1210
1116,1782602908885,103110,0,0,-2,0,0,0,74,76,91,70,57,140.29,79,-13,-11,-1043,-1,0,0,0,0,0,0,0,"keyboard-control","OK",1782602908876,1212
1117,1782602908981,103206,0,0,-2,0,0,0,74,77,90,70,57,140.07,79,-20,0,-1039,-1,0,0,0,0,0,0,0,"keyboard-control","OK",1782602908977,1214
1118,1782602909073,103298,0,0,-2,0,0,0,74,77,91,70,57,139.65,79,-9,-5,-1023,-1,0,0,0,0,0,0,0,"keyboard-control","OK",1782602909027,1215
1119,1782602909168,103393,0,0,-2,0,0,0,74,77,91,70,57,139.81,80,35,-40,-1042,-1,0,0,0,0,0,0,0,"keyboard-control","OK",1782602909127,1217
1120,1782602909264,103489,0,0,-2,0,0,0,74,77,90,70,57,139.82,80,-29,4,-1017,-1,0,0,0,0,0,0,0,"keyboard-control","OK",1782602909226,1219
1121,1782602909358,103583,0,0,-2,0,0,0,74,77,91,70,57,139.87,80,-1,-20,-998,-1,0,0,0,0,0,0,0,"keyboard-control","OK",1782602909326,1221
1122,1782602909454,103679,0,0,-2,0,0,0,74,77,91,70,57,140.08,80,0,-34,-968,-1,0,0,0,0,0,0,0,"keyboard-control","OK",1782602909427,1223
1123,1782602909553,103778,0,0,-2,0,0,0,74,77,91,70,57,140.26,80,3,-23,-1006,-1,0,0,0,0,0,0,0,"keyboard-control","OK",1782602909526,1225
1124,1782602909646,103871,0,0,-2,0,0,0,74,77,91,70,57,139.86,80,28,-31,-999,-1,0,0,0,0,0,0,0,"keyboard-control","OK",1782602909626,1227
1125,1782602909739,103964,0,0,-2,0,0,0,74,77,92,70,57,139.82,80,-10,-18,-1007,-1,0,0,0,0,0,0,0,"keyboard-control","OK",1782602909726,1229
1126,1782602909838,104063,0,0,-2,0,0,0,74,77,91,70,57,140.17,80,-1,-2,-1070,-1,0,0,0,0,0,0,0,"keyboard-control","OK",1782602909827,1231
1127,1782602909932,104157,0,0,-2,0,0,0,74,77,91,70,57,139.78,80,-9,-7,-1013,-1,0,0,0,0,0,0,0,"keyboard-control","OK",1782602909927,1233
1128,1782602910331,104556,0,0,-2,0,0,0,74,77,92,70,57,140.07,80,-22,-13,-963,-1,0,0,0,0,0,0,0,"keyboard-control","OK",1782602909927,1233
1129,1782602910336,104561,0,1,-2,0,0,0,74,77,92,70,57,140.03,81,-5,-14,-1000,-1,0,0,0,0,0,0,0,"keyboard-control","OK",1782602909927,1233
1130,1782602910382,104607,0,0,-2,0,0,0,74,77,92,70,57,140.4,81,-34,12,-922,-1,0,0,0,0,0,0,0,"keyboard-control","OK",1782602909927,1233
1131,1782602910495,104720,0,0,-2,0,0,0,74,77,91,70,57,140.23,81,-13,-1,-993,-1,0,0,0,0,0,0,0,"keyboard-control","OK",1782602909927,1233
1132,1782602910562,104787,0,0,-2,0,0,0,74,77,91,70,57,140.32,81,11,-7,-1030,-1,0,0,0,0,0,0,0,"keyboard-control","OK",1782602909927,1233
1133,1782602910636,104861,0,0,-2,0,0,0,74,77,91,70,57,139.96,81,2,-17,-979,-1,0,0,0,0,0,0,0,"keyboard-control","OK",1782602909927,1233
1134,1782602910747,104972,0,0,-2,0,0,0,74,77,91,70,57,140.09,81,-17,-11,-1008,-1,0,0,0,0,0,0,0,"keyboard-control","OK",1782602909927,1233
1135,1782602910878,105103,0,0,-2,0,0,0,74,77,91,70,57,139.98,81,19,-21,-1017,-1,0,0,0,0,0,0,0,"keyboard-control","OK",1782602909927,1233
1136,1782602911060,105285,0,0,-2,0,0,0,74,77,92,70,57,140.05,81,-4,-14,-991,-1,0,0,0,0,0,0,0,"keyboard-control","OK",1782602909927,1233
1137,1782602911223,105448,0,0,-2,0,0,0,74,76,92,70,57,139.88,81,1,-11,-924,-1,0,0,0,0,0,0,0,"keyboard-control","OK",1782602909927,1233
1138,1782602911231,105456,0,1,-2,0,0,0,74,76,92,70,57,140.08,81,-12,-16,-1066,-1,0,0,0,0,0,0,0,"keyboard-control","OK",1782602909927,1233
1139,1782602911236,105461,0,0,-2,0,0,0,74,76,93,70,57,140.07,82,-9,-22,-970,-1,0,0,0,0,0,0,0,"keyboard-control","OK",1782602909927,1233
1140,1782602911241,105466,0,0,-2,0,0,0,74,76,93,70,57,140.1,82,-7,-19,-1016,-1,0,0,0,0,0,0,0,"keyboard-control","OK",1782602909927,1233
1141,1782602911448,105673,0,1,-2,0,0,0,74,76,94,70,57,140.01,82,27,-24,-1027,-1,0,0,0,0,0,0,0,"keyboard-control","OK",1782602909927,1233
1142,1782602911546,105771,0,1,-2,0,0,0,74,76,95,70,57,139.97,82,-30,-7,-967,-1,0,0,0,0,0,0,0,"keyboard-control","OK",1782602909927,1233
1143,1782602911600,105825,0,0,-2,0,0,0,74,76,96,70,57,139.93,82,-8,8,-1028,-1,0,0,0,0,0,0,0,"keyboard-control","OK",1782602909927,1233
1144,1782602911691,105916,0,0,-2,0,0,0,74,76,97,70,57,139.85,82,-26,-15,-965,-1,0,0,0,0,0,0,0,"keyboard-control","OK",1782602909927,1233
1145,1782602911900,106125,0,0,-2,0,0,0,74,76,97,70,57,139.78,82,4,-1,-1005,-1,0,0,0,0,0,0,0,"keyboard-control","OK",1782602909927,1233
1146,1782602911908,106133,0,0,-2,0,0,0,74,76,98,70,57,140.16,82,-24,-9,-982,-1,0,0,0,0,0,0,0,"keyboard-control","OK",1782602909927,1233
1147,1782602911947,106172,0,0,-2,0,0,0,74,76,98,80,57,139.63,82,9,-5,-969,-1,0,0,0,0,0,0,0,"keyboard-control","OK",1782602909927,1233
1148,1782602912080,106305,0,0,-2,0,0,0,74,76,99,80,57,139.96,82,7,5,-1000,-1,0,0,0,0,0,0,0,"keyboard-control","OK",1782602909927,1233
1149,1782602912145,106370,0,0,-2,0,0,0,74,76,99,80,57,139.98,83,-9,0,-978,-1,0,0,0,0,0,0,0,"keyboard-control","OK",1782602909927,1233
1150,1782602912247,106472,0,0,-2,0,0,0,74,76,98,80,57,139.88,83,-14,0,-1011,-1,0,0,0,0,0,0,0,"keyboard-control","OK",1782602909927,1233
1151,1782602912375,106600,0,0,-2,0,0,0,74,76,98,80,57,139.77,83,-7,3,-1011,-1,0,0,0,0,0,0,0,"keyboard-control","OK",1782602909927,1233
1152,1782602912455,106680,0,0,-2,0,0,0,74,76,98,80,57,139.84,83,1,1,-1001,-1,0,0,0,0,0,0,0,"keyboard-control","OK",1782602909927,1233
1153,1782602912499,106724,0,0,-2,0,0,0,74,76,98,80,57,139.81,83,-31,-7,-958,-1,0,0,0,0,0,0,0,"keyboard-control","OK",1782602909927,1233
1154,1782602912616,106841,0,0,-2,0,0,0,74,76,98,80,57,139.83,83,-22,5,-944,-1,0,0,0,0,0,0,0,"keyboard-control","OK",1782602909927,1233
1155,1782602912804,107029,0,0,-2,0,0,0,74,76,97,80,57,139.94,83,-35,-7,-1026,-1,0,0,0,0,0,0,0,"keyboard-control","OK",1782602912801,1234
1156,1782602912825,107050,0,0,-2,0,0,0,74,76,97,80,57,139.9,83,-16,7,-996,-1,0,0,0,0,0,0,0,"keyboard-control","OK",1782602912801,1234
1157,1782602912934,107159,0,0,-2,0,0,0,74,77,97,80,57,139.98,83,-24,4,-1061,-1,0,0,0,0,0,0,0,"keyboard-control","OK",1782602912905,1236
1158,1782602913007,107232,0,0,-2,0,0,0,74,77,96,80,57,139.85,83,0,-4,-1018,-1,0,0,0,0,0,0,0,"keyboard-control","OK",1782602912957,1237
1159,1782602913169,107394,0,0,-2,0,0,0,74,77,96,80,57,139.99,84,-35,10,-1006,-1,0,0,0,0,0,0,0,"keyboard-control","OK",1782602913166,1241
1160,1782602913177,107402,0,0,-2,0,0,0,74,77,95,80,57,139.73,84,-45,4,-1042,-1,0,0,0,0,0,0,0,"keyboard-control","OK",1782602913166,1241
1161,1782602913266,107491,0,0,-2,0,0,0,74,77,95,70,57,140.05,84,-12,0,-1029,-1,0,0,0,0,0,0,0,"keyboard-control","OK",1782602913218,1242
1162,1782602913382,107607,0,0,-2,0,0,0,74,77,94,70,57,140.17,84,-5,-8,-994,-1,0,0,0,0,0,0,0,"keyboard-control","OK",1782602913373,1245
1163,1782602913486,107711,0,0,-2,0,0,0,74,77,94,70,56,139.94,84,-39,-3,-1016,-1,0,0,0,0,0,0,0,"keyboard-control","OK",1782602913476,1247
1164,1782602913576,107801,0,0,-2,0,0,0,74,77,93,70,56,140.01,84,-11,-15,-1041,-1,0,0,0,0,0,0,0,"keyboard-control","OK",1782602913576,1249
1165,1782602913632,107857,0,0,-2,0,0,0,74,77,92,70,56,139.67,84,6,10,-1045,-1,0,0,0,0,0,0,0,"keyboard-control","OK",1782602913627,1250
1166,1782602913777,108002,0,0,-2,0,0,0,74,77,92,70,56,140.09,84,-32,-2,-1029,-1,0,0,0,0,0,0,0,"keyboard-control","OK",1782602913777,1253
1167,1782602913836,108061,0,0,-2,0,0,0,74,76,91,70,56,139.54,84,-15,-13,-1093,-1,0,0,0,0,0,0,0,"keyboard-control","OK",1782602913827,1254
1168,1782602913923,108148,0,0,-2,0,0,0,74,76,91,70,56,139.81,84,-17,11,-1005,-1,0,0,0,0,0,0,0,"keyboard-control","OK",1782602913876,1255
1169,1782602914041,108266,0,0,-2,0,0,0,74,76,91,70,56,139.8,85,-22,2,-964,-1,0,0,0,0,0,0,0,"keyboard-control","OK",1782602914026,1258
1170,1782602914147,108372,0,0,-2,0,0,0,74,76,90,70,56,139.87,85,-3,12,-1005,-1,0,0,0,0,0,0,0,"keyboard-control","OK",1782602914127,1260
1171,1782602914337,108562,0,0,-2,0,0,0,74,76,90,70,56,140.15,85,4,-2,-1006,-1,0,0,0,0,0,0,0,"keyboard-control","OK",1782602914327,1264
1172,1782602914343,108568,0,0,-2,0,0,0,74,76,90,70,56,139.86,85,-33,14,-991,-1,0,0,0,0,0,0,0,"keyboard-control","OK",1782602914327,1264
1173,1782602914400,108625,0,0,-2,0,0,0,74,76,89,70,56,139.86,85,-9,6,-996,-1,0,0,0,0,0,0,0,"keyboard-control","OK",1782602914377,1265
1174,1782602914510,108735,0,0,-2,0,0,0,74,76,89,70,56,139.79,85,-45,31,-1095,-1,0,0,0,0,0,0,0,"keyboard-control","OK",1782602914477,1267
1175,1782602914598,108823,0,0,-2,0,0,0,74,76,88,70,56,139.49,85,-10,23,-1053,-1,0,0,0,0,0,0,0,"keyboard-control","OK",1782602914576,1269
1176,1782602914653,108878,0,0,-2,0,0,0,74,76,88,70,56,139.76,85,-18,7,-989,-1,0,0,0,0,0,0,0,"keyboard-control","OK",1782602914626,1270
1177,1782602914830,109055,0,0,-2,0,0,0,74,77,87,70,56,139.98,85,28,-10,-1023,-1,0,0,0,0,0,0,0,"keyboard-control","OK",1782602914827,1274
1178,1782602914947,109172,0,0,-2,0,0,0,74,77,87,70,56,139.84,85,3,8,-1029,-1,0,0,0,0,0,0,0,"keyboard-control","OK",1782602914927,1276
1179,1782602914968,109193,0,0,-2,0,0,0,74,77,87,70,56,139.99,86,16,10,-1026,-1,0,0,0,0,0,0,0,"keyboard-control","OK",1782602914927,1276
1180,1782602915072,109297,0,0,-2,0,0,0,74,77,87,70,56,140.36,86,-8,-7,-1041,-1,0,0,0,0,0,0,0,"keyboard-control","OK",1782602915027,1278
1181,1782602915180,109405,0,0,-2,0,0,0,74,77,87,70,56,139.94,86,-10,-2,-929,-1,0,0,0,0,0,0,0,"keyboard-control","OK",1782602915177,1281
1182,1782602915237,109462,0,0,-2,0,0,0,74,77,87,70,56,139.87,86,23,-16,-1026,-1,0,0,0,0,0,0,0,"keyboard-control","OK",1782602915227,1282
1183,1782602915372,109597,0,0,-2,0,0,0,74,77,87,70,56,139.59,86,4,-6,-943,-1,0,0,0,0,0,0,0,"keyboard-control","OK",1782602915327,1284
1184,1782602915441,109666,0,0,-2,0,0,0,74,77,88,70,56,139.99,86,20,12,-1003,-1,0,0,0,0,0,0,0,"keyboard-control","OK",1782602915426,1286
1185,1782602915561,109786,0,0,-2,0,0,0,74,77,88,70,56,139.81,86,15,14,-1003,-1,0,0,0,0,0,0,0,"keyboard-control","OK",1782602915526,1288
1186,1782602915635,109860,0,0,-2,0,0,0,74,77,88,70,56,140.1,86,-2,10,-998,-1,0,0,0,0,0,0,0,"keyboard-control","OK",1782602915627,1290
1187,1782602915721,109946,0,0,-2,0,0,0,74,77,88,70,56,139.62,86,-12,0,-1004,-1,0,0,0,0,0,0,0,"keyboard-control","OK",1782602915679,1291
1188,1782602915853,110078,0,0,-2,0,0,0,74,77,88,70,56,139.69,86,3,6,-1008,-1,0,0,0,0,0,0,0,"keyboard-control","OK",1782602915826,1294
1189,1782602915960,110185,0,0,-2,0,0,0,74,77,88,70,56,139.82,87,6,34,-948,-1,0,0,0,0,0,0,0,"keyboard-control","OK",1782602915928,1296
1190,1782602916033,110258,0,0,-2,0,0,0,74,77,89,70,56,139.93,87,-19,16,-998,-1,0,0,0,0,0,0,0,"keyboard-control","OK",1782602915976,1297
1191,1782602916129,110354,0,0,-2,0,0,0,74,77,89,70,56,139.47,87,-27,15,-1061,-1,0,0,0,0,0,0,0,"keyboard-control","OK",1782602915976,1297
1192,1782602916186,110411,0,0,-2,0,0,0,74,77,90,70,56,139.82,87,-10,31,-1060,-1,0,0,0,0,0,0,0,"keyboard-control","OK",1782602915976,1297
1193,1782602916281,110506,0,0,-2,0,0,0,74,77,90,70,56,139.89,87,-5,12,-1006,-1,0,0,0,0,0,0,0,"keyboard-control","OK",1782602916279,1299
1194,1782602916408,110633,0,0,-2,0,0,0,74,77,91,70,56,139.52,87,-1,11,-1020,-1,0,0,0,0,0,0,0,"keyboard-control","OK",1782602916377,1301
1195,1782602916508,110733,0,0,-2,0,0,0,74,77,91,70,56,139.81,87,14,-14,-985,-1,0,0,0,0,0,0,0,"keyboard-control","OK",1782602916476,1303
1196,1782602916651,110876,0,0,-2,0,0,0,74,77,92,70,56,139.56,87,-6,15,-982,-1,0,0,0,0,0,0,0,"keyboard-control","OK",1782602916627,1306
1197,1782602916668,110893,0,0,-2,0,0,0,74,77,93,70,56,139.65,87,9,4,-962,-1,0,0,0,0,0,0,0,"keyboard-control","OK",1782602916627,1306
1198,1782602916759,110984,0,0,-2,0,0,0,74,77,93,70,56,139.55,87,-3,21,-974,-1,0,0,0,0,0,0,0,"keyboard-control","OK",1782602916727,1308
1199,1782602916849,111074,0,0,-2,0,0,0,74,77,93,70,56,139.93,88,-37,51,-996,-1,0,0,0,0,0,0,0,"keyboard-control","OK",1782602916827,1310
1200,1782602916967,111192,0,0,-2,0,0,0,74,77,93,70,56,139.76,88,18,-9,-986,-1,0,0,0,0,0,0,0,"keyboard-control","OK",1782602916927,1312
1201,1782602919399,113624,0,0,-2,0,0,0,74,77,93,70,56,139.52,88,-9,13,-981,-1,0,0,0,0,0,0,0,"keyboard-control","OK",1782602919391,1316
1202,1782602919405,113630,0,0,-2,0,0,0,74,77,93,70,56,139.37,88,53,11,-1050,-1,0,0,0,0,0,0,0,"keyboard-control","OK",1782602919391,1316
1203,1782602919528,113753,0,0,-2,0,0,0,74,77,93,70,55,139.52,88,10,13,-1040,-1,0,0,0,0,0,0,0,"keyboard-control","OK",1782602919491,1318
1204,1782602919584,113809,0,0,-2,0,0,0,74,77,93,70,55,139.88,88,2,14,-988,-1,0,0,0,0,0,0,0,"keyboard-control","OK",1782602919541,1319
1205,1782602919721,113946,0,0,-2,0,0,0,74,77,93,70,55,139.84,88,8,-2,-993,-1,0,0,0,0,0,0,0,"keyboard-control","OK",1782602919691,1322
1206,1782602919786,114011,0,0,-2,0,0,0,74,77,92,70,55,139.85,88,26,-9,-942,-1,0,0,0,0,0,0,0,"keyboard-control","OK",1782602919741,1323
1207,1782602919885,114110,0,0,-2,0,0,0,74,78,92,70,55,139.76,88,0,8,-1006,-1,0,0,0,0,0,0,0,"keyboard-control","OK",1782602919841,1325
1208,1782602920025,114250,0,0,-2,0,0,0,74,78,92,70,55,139.55,88,-9,11,-1003,-1,0,0,0,0,0,0,0,"keyboard-control","OK",1782602919991,1328
1209,1782602920112,114337,0,0,-2,0,0,0,74,78,92,70,55,139.62,89,2,8,-974,-1,0,0,0,0,0,0,0,"keyboard-control","OK",1782602920091,1330
1210,1782602920172,114397,0,0,-2,0,0,0,74,78,91,70,55,139.63,89,22,8,-1008,-1,0,0,0,0,0,0,0,"keyboard-control","OK",1782602920141,1331
1211,1782602920283,114508,0,0,-2,0,0,0,74,78,91,70,55,139.96,89,-50,19,-964,-1,0,0,0,0,0,0,0,"keyboard-control","OK",1782602920241,1333
1212,1782602920397,114622,0,0,-2,0,0,0,74,78,91,70,55,139.63,89,9,11,-1000,-1,0,0,0,0,0,0,0,"keyboard-control","OK",1782602920391,1336
1213,1782602920540,114765,0,0,-2,0,0,0,74,78,91,70,55,139.53,89,11,16,-1046,-1,0,0,0,0,0,0,0,"keyboard-control","OK",1782602920491,1338
1214,1782602920583,114808,0,0,-2,0,0,0,74,78,92,70,55,139.93,89,4,8,-999,-1,0,0,0,0,0,0,0,"keyboard-control","OK",1782602920542,1339
1215,1782602920604,114829,0,0,-2,0,0,0,74,78,91,70,55,139.52,89,-4,18,-1017,-1,0,0,0,0,0,0,0,"keyboard-control","OK",1782602920591,1340
1216,1782602920729,114954,0,0,-2,0,0,0,74,78,91,70,55,139.39,89,2,1,-998,-1,0,0,0,0,0,0,0,"keyboard-control","OK",1782602920691,1342
1217,1782602920805,115030,0,0,-2,0,0,0,74,77,91,70,55,139.49,89,26,27,-1015,-1,0,0,0,0,0,0,0,"keyboard-control","OK",1782602920792,1344
1218,1782602920914,115139,0,0,-2,0,0,0,74,77,91,70,55,139.79,89,-7,8,-1015,-1,0,0,0,0,0,0,0,"keyboard-control","OK",1782602920891,1346
1219,1782602921041,115266,1,0,-2,0,0,0,74,77,91,70,55,139.61,90,32,3,-1008,-1,0,0,0,0,0,0,0,"keyboard-control","OK",1782602920991,1348
1220,1782602921109,115334,1,0,-2,0,0,0,74,77,91,70,55,140.09,90,15,7,-1016,-1,0,0,0,0,0,0,0,"keyboard-control","OK",1782602921091,1350
1221,1782602921218,115443,0,0,-2,0,0,0,74,77,91,70,55,140.03,90,-1,17,-990,-1,0,0,0,0,0,0,0,"keyboard-control","OK",1782602921191,1352
1222,1782602921324,115549,0,0,-2,0,0,0,74,77,91,70,55,139.5,90,10,6,-1054,-1,0,0,0,0,0,0,0,"keyboard-control","OK",1782602921292,1354
1223,1782602921365,115590,0,0,-2,0,0,0,74,77,92,70,55,139.66,90,21,-4,-1018,-1,0,0,0,0,0,0,0,"keyboard-control","OK",1782602921341,1355
1224,1782602921494,115719,0,0,-2,0,0,0,74,77,92,70,55,139.74,90,11,1,-1028,-1,0,0,0,0,0,0,0,"keyboard-control","OK",1782602921491,1358
1225,1782602921574,115799,0,0,-2,0,0,0,74,77,92,70,55,139.72,90,-1,11,-1017,-1,0,0,0,0,0,0,0,"keyboard-control","OK",1782602921541,1359
1226,1782602921616,115841,0,0,-2,0,0,0,74,77,93,70,55,139.55,90,-21,20,-1007,-1,0,0,0,0,0,0,0,"keyboard-control","OK",1782602921591,1360
1227,1782602921804,116029,0,0,-2,0,0,0,75,76,93,70,55,139.67,90,17,1,-988,-1,0,0,0,0,0,0,0,"keyboard-control","OK",1782602921791,1364
1228,1782602921930,116155,0,0,-2,0,0,0,75,76,94,70,55,139.61,91,-5,0,-975,-1,0,0,0,0,0,0,0,"keyboard-control","OK",1782602921891,1366
1229,1782602921934,116159,0,0,-2,0,0,0,75,76,94,70,55,139.88,91,0,21,-1078,-1,0,0,0,0,0,0,0,"keyboard-control","OK",1782602921891,1366
1230,1782602922092,116317,0,0,-2,0,0,0,75,76,95,70,55,139.63,91,-6,16,-944,-1,0,0,0,0,0,0,0,"keyboard-control","OK",1782602922091,1370
1231,1782602922185,116410,0,0,-2,0,0,0,75,76,95,70,55,139.77,91,7,9,-1001,-1,0,0,0,0,0,0,0,"keyboard-control","OK",1782602922142,1371
1232,1782602922224,116449,0,0,-2,0,0,0,75,76,95,70,55,139.94,91,23,-2,-994,-1,0,0,0,0,0,0,0,"keyboard-control","OK",1782602922191,1372
1233,1782602922345,116570,0,0,-2,0,0,0,75,76,96,70,55,139.96,91,18,-3,-959,-1,0,0,0,0,0,0,0,"keyboard-control","OK",1782602922341,1375
1234,1782602922475,116700,0,0,-2,0,0,0,75,76,96,70,55,139.67,91,-2,16,-957,-1,0,0,0,0,0,0,0,"keyboard-control","OK",1782602922441,1377
1235,1782602922570,116795,0,0,-2,0,0,0,75,76,96,70,55,139.76,91,-29,40,-992,-1,0,0,0,0,0,0,0,"keyboard-control","OK",1782602922542,1379
1236,1782602922575,116800,0,0,-2,0,0,0,75,76,96,70,55,139.83,91,16,-5,-1008,-1,0,0,0,0,0,0,0,"keyboard-control","OK",1782602922542,1379
1237,1782602922842,117067,0,0,-2,0,0,0,74,77,97,70,55,139.75,91,-6,24,-1005,-1,0,0,0,0,0,0,0,"keyboard-control","OK",1782602922841,1385
1238,1782602922847,117072,0,0,-2,0,0,0,74,77,97,80,55,139.7,92,12,0,-974,-1,0,0,0,0,0,0,0,"keyboard-control","OK",1782602922841,1385
1239,1782602922886,117111,0,0,-2,0,0,0,74,77,97,80,55,139.94,92,16,32,-1052,-1,0,0,0,0,0,0,0,"keyboard-control","OK",1782602922841,1385
1240,1782602922991,117216,0,0,-2,0,0,0,74,77,97,80,55,139.55,92,-6,30,-987,-1,0,0,0,0,0,0,0,"keyboard-control","OK",1782602922941,1387
1241,1782602923120,117345,0,0,-2,0,0,0,74,77,97,80,55,139.79,92,14,24,-1040,-1,0,0,0,0,0,0,0,"keyboard-control","OK",1782602923092,1390
1242,1782602923173,117398,0,0,-2,0,0,0,74,77,97,80,55,139.76,92,10,-8,-986,-1,0,0,0,0,0,0,0,"keyboard-control","OK",1782602923142,1391
1243,1782602923277,117502,0,0,-2,0,0,0,74,77,96,70,55,140.11,92,-6,7,-1011,-1,0,0,0,0,0,0,0,"keyboard-control","OK",1782602923242,1393
1244,1782602924742,118967,0,0,-2,0,0,0,74,77,96,70,55,139.59,92,-19,20,-1003,-1,0,0,0,0,0,0,0,"keyboard-control","OK",1782602923491,1398
1245,1782602924810,119035,0,0,-2,0,0,0,74,77,95,70,55,139.79,92,-50,17,-939,-1,0,0,0,0,0,0,0,"keyboard-control","OK",1782602923491,1398
1246,1782602924989,119214,0,0,-2,0,0,0,74,77,93,70,55,139.37,94,-31,22,-1008,-1,0,0,0,0,0,0,0,"keyboard-control","OK",1782602923491,1398
1247,1782602925048,119273,0,0,-2,0,0,0,74,77,93,70,55,139.7,94,-9,12,-952,-1,0,0,0,0,0,0,0,"keyboard-control","OK",1782602925041,1400
1248,1782602925184,119409,0,0,-2,0,0,0,74,77,93,70,55,139.56,94,10,17,-1020,-1,0,0,0,0,0,0,0,"keyboard-control","OK",1782602925141,1402
1249,1782602925261,119486,0,0,-2,0,0,0,74,77,93,70,55,139.74,94,-11,16,-1007,-1,0,0,0,0,0,0,0,"keyboard-control","OK",1782602925241,1404
1250,1782602925453,119678,0,0,-2,0,0,0,74,77,94,70,55,139.66,94,-5,3,-1008,-1,0,0,0,0,0,0,0,"keyboard-control","OK",1782602925441,1408
1251,1782602925482,119707,0,0,-2,0,0,0,74,77,93,70,55,140.13,94,7,-15,-982,-1,0,0,0,0,0,0,0,"keyboard-control","OK",1782602925441,1408
1252,1782602925549,119774,0,0,-2,0,0,0,74,77,93,70,55,139.81,94,-8,17,-992,-1,0,0,0,0,0,0,0,"keyboard-control","OK",1782602925543,1410
1253,1782602925662,119887,0,0,-2,0,0,0,74,77,93,70,55,139.77,95,22,-28,-953,-1,0,0,0,0,0,0,0,"keyboard-control","OK",1782602925641,1412
1254,1782602925712,119937,0,0,-2,0,0,0,74,77,93,70,55,139.63,95,-10,-9,-964,-1,0,0,0,0,0,0,0,"keyboard-control","OK",1782602925691,1413
1255,1782602925785,120010,0,0,-2,0,0,0,74,77,93,70,55,139.77,95,1,0,-970,-1,0,0,0,0,0,0,0,"keyboard-control","OK",1782602925741,1414
1256,1782602926088,120313,0,0,-2,0,0,0,74,77,94,70,55,139.64,95,-10,13,-997,-1,0,0,0,0,0,0,0,"keyboard-control","OK",1782602926041,1420
1257,1782602926132,120357,0,0,-2,0,0,0,74,77,94,70,55,139.89,95,19,-12,-999,-1,0,0,0,0,0,0,0,"keyboard-control","OK",1782602926092,1421
1258,1782602926298,120523,0,0,-2,0,0,0,74,77,94,70,55,139.74,95,-32,0,-972,-1,0,0,0,0,0,0,0,"keyboard-control","OK",1782602926291,1425
1259,1782602926303,120528,0,0,-2,0,0,0,74,77,94,70,55,139.5,95,1,-1,-982,-1,0,0,0,0,0,0,0,"keyboard-control","OK",1782602926291,1425
1260,1782602926308,120533,0,0,-2,0,0,0,74,77,94,70,55,139.8,95,9,2,-1020,-1,0,0,0,0,0,0,0,"keyboard-control","OK",1782602926291,1425
1261,1782602926395,120620,0,0,-2,0,0,0,74,77,95,70,55,139.75,95,12,-19,-962,-1,0,0,0,0,0,0,0,"keyboard-control","OK",1782602926391,1427
1262,1782602926476,120701,0,0,-2,0,0,0,74,77,94,70,55,139.92,95,-32,24,-1025,-1,0,0,0,0,0,0,0,"keyboard-control","OK",1782602926442,1428
1263,1782602926626,120851,0,0,-2,0,0,0,74,77,94,70,55,139.71,96,-9,-7,-991,-1,0,0,0,0,0,0,0,"keyboard-control","OK",1782602926591,1431
1264,1782602926687,120912,0,0,-2,0,0,0,74,77,94,70,55,139.59,96,0,-24,-960,-1,0,0,0,0,0,0,0,"keyboard-control","OK",1782602926641,1432
1265,1782602926751,120976,0,0,-2,0,0,0,74,77,94,70,55,139.56,96,-20,-13,-1012,-1,0,0,0,0,0,0,0,"keyboard-control","OK",1782602926741,1434
1266,1782602926805,121030,0,0,-2,0,0,0,74,77,94,70,55,139.9,96,-19,-5,-956,-1,0,0,0,0,0,0,0,"keyboard-control","OK",1782602926792,1435
1267,1782602927025,121250,0,0,-2,0,0,0,74,77,93,70,54,139.68,96,-11,9,-995,-1,0,0,0,0,0,0,0,"keyboard-control","OK",1782602926992,1439
1268,1782602927089,121314,0,0,-2,0,0,0,74,77,93,70,54,139.97,96,13,-3,-975,-1,0,0,0,0,0,0,0,"keyboard-control","OK",1782602927041,1440
1269,1782602927147,121372,0,0,-2,0,0,0,74,77,93,70,54,139.71,96,-11,0,-1010,-1,0,0,0,0,0,0,0,"keyboard-control","OK",1782602927141,1442
1270,1782602927226,121451,0,0,-2,0,0,0,74,77,93,70,54,139.78,96,-8,9,-1028,-1,0,0,0,0,0,0,0,"keyboard-control","OK",1782602927192,1443
1271,1782602927258,121483,0,0,-2,0,0,0,74,77,93,70,54,140.08,96,5,-2,-1000,-1,0,0,0,0,0,0,0,"keyboard-control","OK",1782602927241,1444
1272,1782602927450,121675,0,0,-2,0,0,0,74,76,93,70,54,139.95,96,-25,11,-969,-1,0,0,0,0,0,0,0,"keyboard-control","OK",1782602927441,1448
1273,1782602927593,121818,0,0,-2,0,0,0,74,76,92,70,54,139.9,97,-5,0,-996,-1,0,0,0,0,0,0,0,"keyboard-control","OK",1782602927591,1451
1274,1782602927601,121826,0,0,-2,0,0,0,74,76,92,70,54,139.64,97,-31,4,-975,-1,0,0,0,0,0,0,0,"keyboard-control","OK",1782602927591,1451
1275,1782602927707,121932,0,0,-2,0,0,0,74,76,92,70,54,139.94,97,10,3,-1024,-1,0,0,0,0,0,0,0,"keyboard-control","OK",1782602927691,1453
1276,1782602927848,122073,0,0,-2,0,0,0,74,76,91,70,54,139.8,97,-13,-7,-974,-1,0,0,0,0,0,0,0,"keyboard-control","OK",1782602927842,1456
1277,1782602927905,122130,0,0,-2,0,0,0,74,76,91,70,54,139.6,97,-4,1,-1007,-1,0,0,0,0,0,0,0,"keyboard-control","OK",1782602927891,1457
1278,1782602927998,122223,0,0,-2,0,0,0,74,76,91,70,54,139.78,97,11,-12,-994,-1,0,0,0,0,0,0,0,"keyboard-control","OK",1782602927991,1459
1279,1782602928068,122293,0,0,-2,0,0,0,74,76,90,70,54,139.55,97,-8,7,-1005,-1,0,0,0,0,0,0,0,"keyboard-control","OK",1782602928041,1460
1280,1782602928181,122406,0,0,-2,0,0,0,74,76,90,70,54,139.82,97,-21,2,-1038,-1,0,0,0,0,0,0,0,"keyboard-control","OK",1782602928141,1462
1281,1782602928285,122510,0,0,-2,0,0,0,74,76,90,70,54,139.82,97,-8,7,-1035,-1,0,0,0,0,0,0,0,"keyboard-control","OK",1782602928241,1464
1282,1782602928359,122584,0,0,-2,0,0,0,74,76,90,70,54,139.8,97,-9,-4,-1021,-1,0,0,0,0,0,0,0,"keyboard-control","OK",1782602928341,1466
1283,1782602928529,122754,0,0,-2,0,0,0,74,76,90,70,54,139.77,98,-17,8,-1005,-1,0,0,0,0,0,0,0,"keyboard-control","OK",1782602928491,1469
1284,1782602928592,122817,0,0,-2,0,0,0,74,76,90,70,54,140.1,98,1,-1,-1062,-1,0,0,0,0,0,0,0,"keyboard-control","OK",1782602928591,1471
1285,1782602928647,122872,0,0,-2,0,0,0,74,76,90,70,54,139.77,98,-2,-17,-1013,-1,0,0,0,0,0,0,0,"keyboard-control","OK",1782602928641,1472
1286,1782602928782,123007,0,0,-2,0,0,0,74,76,90,70,54,139.8,98,-54,20,-1014,-1,0,0,0,0,0,0,0,"keyboard-control","OK",1782602928741,1474
1287,1782602928838,123063,0,0,-2,0,0,0,74,76,90,70,54,139.58,98,-16,2,-1006,-1,0,0,0,0,0,0,0,"keyboard-control","OK",1782602928792,1475
1288,1782602928932,123157,0,0,-2,0,0,0,74,76,90,70,54,139.74,98,-55,16,-979,-1,0,0,0,0,0,0,0,"keyboard-control","OK",1782602928891,1477
1289,1782602929110,123335,0,0,-2,0,0,0,74,76,90,70,54,139.91,98,-15,-9,-1029,-1,0,0,0,0,0,0,0,"keyboard-control","OK",1782602929091,1481
1290,1782602929115,123340,0,0,-2,0,0,0,74,76,91,70,54,139.87,98,41,-9,-1028,-1,0,0,0,0,0,0,0,"keyboard-control","OK",1782602929091,1481
1291,1782602929183,123408,0,0,-2,0,0,0,74,76,91,70,54,139.92,98,7,-14,-871,-1,0,0,0,0,0,0,0,"keyboard-control","OK",1782602929141,1482
1292,1782602929332,123557,0,0,-2,0,0,0,74,76,91,70,54,140.08,98,-4,-20,-948,-1,0,0,0,0,0,0,0,"keyboard-control","OK",1782602929292,1485
1293,1782602929459,123684,0,0,-2,0,0,0,74,76,91,70,54,139.7,99,9,-7,-983,-1,0,0,0,0,0,0,0,"keyboard-control","OK",1782602929441,1488
1294,1782602929572,123797,0,0,-2,0,0,0,74,76,92,70,54,139.72,99,-10,-5,-987,-1,0,0,0,0,0,0,0,"keyboard-control","OK",1782602929542,1490
1295,1782602929634,123859,0,0,-2,0,0,0,74,76,92,70,54,139.79,99,-17,16,-977,-1,0,0,0,0,0,0,0,"keyboard-control","OK",1782602929591,1491
1296,1782602929688,123913,0,0,-2,0,0,0,74,76,92,70,54,139.77,99,-3,-2,-988,-1,0,0,0,0,0,0,0,"keyboard-control","OK",1782602929641,1492
1297,1782602929815,124040,0,0,-2,0,0,0,74,76,93,70,54,139.93,99,-39,29,-985,-1,0,0,0,0,0,0,0,"keyboard-control","OK",1782602929791,1495
1298,1782602929906,124131,0,0,-2,0,0,0,74,76,94,70,54,139.96,99,-30,-5,-931,-1,0,0,0,0,0,0,0,"keyboard-control","OK",1782602929891,1497
1299,1782602929947,124172,0,0,-2,0,0,0,74,76,94,70,54,139.99,99,9,-2,-983,-1,0,0,0,0,0,0,0,"keyboard-control","OK",1782602929941,1498
1300,1782602930027,124252,0,0,-2,0,0,0,74,76,94,70,54,139.91,99,12,-9,-1026,-1,0,0,0,0,0,0,0,"keyboard-control","OK",1782602929991,1499
1301,1782602930119,124344,0,0,-2,0,0,0,74,76,94,70,54,139.79,99,-22,8,-958,-1,0,0,0,0,0,0,0,"keyboard-control","OK",1782602930091,1501
1302,1782602930258,124483,0,0,-2,0,0,0,74,77,95,70,54,140.22,99,11,3,-986,-1,0,0,0,0,0,0,0,"keyboard-control","OK",1782602930242,1504
1303,1782602930316,124541,0,0,-2,0,0,0,74,77,95,70,54,139.96,100,-18,17,-971,-1,0,0,0,0,0,0,0,"keyboard-control","OK",1782602930292,1505
1304,1782602930426,124651,0,0,-2,0,0,0,74,77,95,70,54,139.89,100,-11,-13,-981,-1,0,0,0,0,0,0,0,"keyboard-control","OK",1782602930391,1507
1305,1782602930547,124772,0,0,-2,0,0,0,74,77,95,70,54,140.04,100,-4,-11,-965,-1,0,0,0,0,0,0,0,"keyboard-control","OK",1782602930541,1510
1306,1782602930658,124883,0,0,-2,0,0,0,74,77,95,70,54,140.01,100,13,13,-1007,-1,0,0,0,0,0,0,0,"keyboard-control","OK",1782602930641,1512
1307,1782602930716,124941,0,0,-2,0,0,0,74,77,95,70,54,139.82,100,-25,15,-1001,-1,0,0,0,0,0,0,0,"keyboard-control","OK",1782602930691,1513
1308,1782602930838,125063,0,0,-2,0,0,0,74,77,95,70,54,139.81,100,10,1,-1003,-1,0,0,0,0,0,0,0,"keyboard-control","OK",1782602930792,1515
1309,1782602930891,125116,0,0,-2,0,0,0,74,77,95,70,54,139.99,100,6,2,-999,-1,0,0,0,0,0,0,0,"keyboard-control","OK",1782602930891,1517
1310,1782602930961,125186,0,0,-2,0,0,0,74,77,95,70,54,139.96,100,34,-6,-1010,-1,0,0,0,0,0,0,0,"keyboard-control","OK",1782602930941,1518
1311,1782602931095,125320,0,0,-2,0,0,0,74,77,95,70,54,139.91,100,28,-21,-971,-1,0,0,0,0,0,0,0,"keyboard-control","OK",1782602931091,1521
1312,1782602931158,125383,0,0,-2,0,0,0,75,77,95,70,54,139.9,100,41,-29,-996,-1,0,0,0,0,0,0,0,"keyboard-control","OK",1782602931142,1522
1313,1782602931301,125526,0,0,-2,0,0,0,75,77,95,70,54,139.81,101,-5,-8,-951,-1,0,0,0,0,0,0,0,"keyboard-control","OK",1782602931292,1525
1314,1782602931466,125691,0,0,-2,0,0,0,75,77,94,70,54,139.89,101,-11,17,-1049,-1,0,0,0,0,0,0,0,"keyboard-control","OK",1782602931442,1528
1315,1782602931495,125720,0,0,-2,0,0,0,75,77,94,70,54,139.99,101,-11,11,-1065,-1,0,0,0,0,0,0,0,"keyboard-control","OK",1782602931491,1529
1316,1782602931614,125839,0,0,-2,0,0,0,75,77,94,70,54,140.03,101,-36,25,-1010,-1,0,0,0,0,0,0,0,"keyboard-control","OK",1782602931591,1531
1317,1782602931675,125900,0,0,-2,0,0,0,75,77,93,70,54,139.96,101,-13,3,-972,-1,0,0,0,0,0,0,0,"keyboard-control","OK",1782602931641,1532
1318,1782602931718,125943,0,0,-2,0,0,0,75,77,93,70,54,139.54,101,16,-11,-950,-1,0,0,0,0,0,0,0,"keyboard-control","OK",1782602931691,1533
1319,1782602931920,126145,0,0,-2,0,0,0,75,77,93,70,54,139.86,101,-7,-10,-996,-1,0,0,0,0,0,0,0,"keyboard-control","OK",1782602931891,1537
1320,1782602931977,126202,0,0,-2,0,0,0,75,77,92,70,54,139.98,101,25,-5,-1006,-1,0,0,0,0,0,0,0,"keyboard-control","OK",1782602931941,1538
1321,1782602932039,126264,0,0,-2,0,0,0,75,77,92,70,54,140.12,101,1,-1,-970,-1,0,0,0,0,0,0,0,"keyboard-control","OK",1782602931991,1539
1322,1782602932150,126375,0,0,-2,0,0,0,75,76,91,70,54,140.18,101,-14,14,-988,-1,0,0,0,0,0,0,0,"keyboard-control","OK",1782602932141,1542
1323,1782602932227,126452,0,0,-2,0,0,0,75,76,91,70,54,140.1,102,-38,9,-943,-1,0,0,0,0,0,0,0,"keyboard-control","OK",1782602932192,1543
1324,1782602932399,126624,0,0,-2,0,0,0,75,76,91,70,54,140.18,102,30,-11,-974,-1,0,0,0,0,0,0,0,"keyboard-control","OK",1782602932391,1547
1325,1782602932487,126712,0,0,-2,0,0,0,75,76,91,70,54,140.06,102,-19,9,-991,-1,0,0,0,0,0,0,0,"keyboard-control","OK",1782602932441,1548
1326,1782602932540,126765,0,0,-2,0,0,0,75,76,90,70,54,140.12,102,3,20,-1056,-1,0,0,0,0,0,0,0,"keyboard-control","OK",1782602932491,1549
1327,1782602932597,126822,0,0,-2,0,0,0,75,76,90,70,53,140.01,102,22,-5,-971,-1,0,0,0,0,0,0,0,"keyboard-control","OK",1782602932591,1551
1328,1782602932700,126925,0,0,-3,0,0,0,75,76,89,70,53,140,102,-6,8,-1033,-1,0,0,0,0,0,0,0,"keyboard-control","OK",1782602932691,1553
1329,1782602932778,127003,0,0,-3,0,0,0,75,76,89,70,53,140,102,-10,-1,-1088,-1,0,0,0,0,0,0,0,"keyboard-control","OK",1782602932741,1554
1330,1782602932986,127211,0,0,-3,0,0,0,75,76,89,70,53,140.08,102,8,-5,-1022,-1,0,0,0,0,0,0,0,"keyboard-control","OK",1782602932941,1558
1331,1782602933025,127250,0,0,-3,0,0,0,75,76,89,70,53,140.16,102,-2,2,-901,-1,0,0,0,0,0,0,0,"keyboard-control","OK",1782602932991,1559
1332,1782602933114,127339,0,0,-3,0,0,0,75,76,88,70,53,139.92,102,-22,-5,-990,-1,0,0,0,0,0,0,0,"keyboard-control","OK",1782602933092,1561
1333,1782602933193,127418,0,0,-3,0,0,0,75,76,88,70,53,140.03,103,2,19,-1059,-1,0,0,0,0,0,0,0,"keyboard-control","OK",1782602933192,1563
1334,1782602933269,127494,0,0,-3,0,0,0,75,76,88,70,53,139.75,103,10,-11,-917,-1,0,0,0,0,0,0,0,"keyboard-control","OK",1782602933242,1564
1335,1782602933429,127654,0,0,-3,0,0,0,75,76,89,70,53,139.91,103,8,9,-899,-1,0,0,0,0,0,0,0,"keyboard-control","OK",1782602933391,1567
1336,1782602933487,127712,0,0,-3,0,0,0,75,76,89,70,53,140.02,103,-10,4,-1066,-1,0,0,0,0,0,0,0,"keyboard-control","OK",1782602933442,1568
1337,1782602933531,127756,0,0,-3,0,0,0,75,76,89,70,53,139.93,103,9,-5,-914,-1,0,0,0,0,0,0,0,"keyboard-control","OK",1782602933492,1569
1338,1782602933661,127886,0,0,-3,0,0,0,75,76,89,70,53,140.02,103,18,0,-1014,-1,0,0,0,0,0,0,0,"keyboard-control","OK",1782602933641,1572
1339,1782602933784,128009,0,0,-3,0,0,0,75,76,90,70,53,140.21,103,10,-3,-1027,-1,0,0,0,0,0,0,0,"keyboard-control","OK",1782602933741,1574
1340,1782602933813,128038,0,0,-3,0,0,0,75,76,90,70,53,139.94,103,11,-8,-1016,-1,0,0,0,0,0,0,0,"keyboard-control","OK",1782602933795,1575
1341,1782602933918,128143,0,0,-3,0,0,0,75,76,91,70,53,139.92,103,-28,7,-1025,-1,0,0,0,0,0,0,0,"keyboard-control","OK",1782602933891,1577
1342,1782602934029,128254,0,0,-3,0,0,0,75,76,91,70,53,140.09,103,3,-1,-861,-1,0,0,0,0,0,0,0,"keyboard-control","OK",1782602933991,1579
1343,1782602934138,128363,0,0,-3,0,0,0,75,76,91,70,53,140.06,104,-14,0,-995,-1,0,0,0,0,0,0,0,"keyboard-control","OK",1782602934091,1581
1344,1782602934217,128442,0,0,-3,0,0,0,75,76,91,70,53,140,104,-3,-1,-992,-1,0,0,0,0,0,0,0,"keyboard-control","OK",1782602934191,1583
1345,1782602934332,128557,0,0,-2,0,0,0,75,76,90,70,53,139.74,104,-12,0,-986,-1,0,0,0,0,0,0,0,"keyboard-control","OK",1782602934292,1585
1346,1782602934372,128597,0,0,-2,0,0,0,75,76,90,70,53,139.92,104,-2,0,-1017,-1,0,0,0,0,0,0,0,"keyboard-control","OK",1782602934342,1586
1347,1782602934469,128694,0,0,-2,0,0,0,75,76,90,70,53,140.11,104,-16,0,-1003,-1,0,0,0,0,0,0,0,"keyboard-control","OK",1782602934441,1588
1348,1782602934662,128887,0,0,-2,0,0,0,75,76,89,70,53,139.95,104,-5,-2,-979,-1,0,0,0,0,0,0,0,"keyboard-control","OK",1782602934642,1592
1349,1782602934712,128937,0,0,-2,0,0,0,75,76,89,70,53,139.93,104,-4,5,-967,-1,0,0,0,0,0,0,0,"keyboard-control","OK",1782602934692,1593
1350,1782602934860,129085,0,0,-2,0,0,0,75,76,89,70,53,139.93,104,4,11,-989,-1,0,0,0,0,0,0,0,"keyboard-control","OK",1782602934841,1596
1351,1782602934907,129132,0,0,-2,0,0,0,75,76,90,70,53,140.16,104,0,-3,-1055,-1,0,0,0,0,0,0,0,"keyboard-control","OK",1782602934891,1597
1352,1782602934985,129210,0,0,-2,0,0,0,75,77,90,70,53,139.92,105,-21,10,-1019,-1,0,0,0,0,0,0,0,"keyboard-control","OK",1782602934941,1598
1353,1782602935096,129321,0,0,-2,0,0,0,75,77,90,70,53,140.01,105,-18,3,-956,-1,0,0,0,0,0,0,0,"keyboard-control","OK",1782602935091,1601
1354,1782602935187,129412,0,0,-2,0,0,0,75,77,91,70,53,139.87,105,8,-1,-999,-1,0,0,0,0,0,0,0,"keyboard-control","OK",1782602935141,1602
1355,1782602935260,129485,0,0,-2,0,0,0,75,77,91,70,53,140.1,105,24,-6,-961,-1,0,0,0,0,0,0,0,"keyboard-control","OK",1782602935241,1604
1356,1782602935319,129544,0,0,-2,0,0,0,75,77,92,70,53,139.74,105,-9,11,-1038,-1,0,0,0,0,0,0,0,"keyboard-control","OK",1782602935292,1605
1357,1782602935426,129651,0,0,-2,0,0,0,75,77,94,70,53,139.97,105,-11,0,-970,-1,0,0,0,0,0,0,0,"keyboard-control","OK",1782602935391,1607
1358,1782602935540,129765,0,0,-2,0,0,0,75,77,95,70,53,139.78,105,-18,-9,-1062,-1,0,0,0,0,0,0,0,"keyboard-control","OK",1782602935491,1609
1359,1782602935603,129828,0,0,-2,0,0,0,75,77,97,70,53,140.09,105,-28,13,-955,-1,0,0,0,0,0,0,0,"keyboard-control","OK",1782602935591,1611
1360,1782602935695,129920,0,0,-2,0,0,0,75,77,98,70,53,139.97,105,-9,5,-1083,-1,0,0,0,0,0,0,0,"keyboard-control","OK",1782602935691,1613
1361,1782602935813,130038,0,0,-2,0,0,0,75,77,99,80,53,140.27,105,-11,-14,-1021,-1,0,0,0,0,0,0,0,"keyboard-control","OK",1782602935793,1615
1362,1782602935934,130159,0,0,-2,0,0,0,74,77,100,80,53,140.12,106,6,0,-984,-1,0,0,0,0,0,0,0,"keyboard-control","OK",1782602935891,1617
1363,1782602935997,130222,0,0,-2,0,0,0,74,77,101,80,53,140.04,106,-5,-2,-970,-1,0,0,0,0,0,0,0,"keyboard-control","OK",1782602935991,1619
1364,1782602936127,130352,0,0,-2,0,0,0,74,77,101,80,53,140.09,106,9,-18,-958,-1,0,0,0,0,0,0,0,"keyboard-control","OK",1782602936091,1621
1365,1782602936220,130445,0,0,-2,0,0,0,74,77,101,80,53,140.14,106,2,-11,-983,-1,0,0,0,0,0,0,0,"keyboard-control","OK",1782602936191,1623
1366,1782602936266,130491,0,0,-2,0,0,0,74,77,101,80,53,140.15,106,-35,11,-1059,-1,0,0,0,0,0,0,0,"keyboard-control","OK",1782602936241,1624
1367,1782602936402,130627,0,0,-2,0,0,0,74,77,101,80,53,139.78,106,-13,0,-930,-1,0,0,0,0,0,0,0,"keyboard-control","OK",1782602936391,1627
1368,1782602936464,130689,0,0,-2,0,0,0,74,77,100,80,53,140.13,106,19,-13,-1028,-1,0,0,0,0,0,0,0,"keyboard-control","OK",1782602936441,1628
1369,1782602936662,130887,0,0,-2,0,0,0,74,77,100,80,53,139.98,106,1,-2,-962,-1,0,0,0,0,0,0,0,"keyboard-control","OK",1782602936641,1632
1370,1782602936688,130913,0,0,-2,0,0,0,74,77,99,80,53,139.83,106,-5,-2,-1030,-1,0,0,0,0,0,0,0,"keyboard-control","OK",1782602936641,1632
1371,1782602936754,130979,0,0,-2,0,0,0,74,77,98,80,53,140.02,106,2,-21,-944,-1,0,0,0,0,0,0,0,"keyboard-control","OK",1782602936741,1634
1372,1782602936833,131058,0,0,-2,0,0,0,75,77,97,80,53,140.08,107,-12,-2,-967,-1,0,0,0,0,0,0,0,"keyboard-control","OK",1782602936791,1635
1373,1782602936893,131118,0,0,-2,0,0,0,75,77,96,80,53,139.9,107,-16,2,-1066,-1,0,0,0,0,0,0,0,"keyboard-control","OK",1782602936891,1637
1374,1782602937019,131244,0,0,-2,0,0,0,75,77,96,80,53,140.01,107,-5,4,-987,-1,0,0,0,0,0,0,0,"keyboard-control","OK",1782602936991,1639
1375,1782602937129,131354,0,0,-2,0,0,0,75,77,95,80,53,139.9,107,-9,2,-1054,-1,0,0,0,0,0,0,0,"keyboard-control","OK",1782602937091,1641
1376,1782602937234,131459,0,0,-2,0,0,0,75,77,94,70,53,140.05,107,-23,6,-967,-1,0,0,0,0,0,0,0,"keyboard-control","OK",1782602937191,1643
1377,1782602937289,131514,0,0,-2,0,0,0,75,77,93,70,53,139.81,107,-6,-10,-1023,-1,0,0,0,0,0,0,0,"keyboard-control","OK",1782602937242,1644
1378,1782602937464,131689,0,0,-2,0,0,0,75,77,92,70,53,139.94,107,-11,12,-1005,-1,0,0,0,0,0,0,0,"keyboard-control","OK",1782602937442,1648
1379,1782602937517,131742,0,0,-2,0,0,0,75,77,91,70,53,139.91,107,19,2,-988,-1,0,0,0,0,0,0,0,"keyboard-control","OK",1782602937492,1649
1380,1782602937546,131771,0,0,-2,0,0,0,75,77,90,70,53,139.87,107,-13,8,-1013,-1,0,0,0,0,0,0,0,"keyboard-control","OK",1782602937542,1650
1381,1782602937709,131934,0,0,-2,0,0,0,75,77,89,70,53,139.93,107,-2,-11,-1040,-1,0,0,0,0,0,0,0,"keyboard-control","OK",1782602937691,1653
1382,1782602937805,132030,0,0,-2,0,0,0,74,77,89,70,53,139.73,108,-13,1,-1068,-1,0,0,0,0,0,0,0,"keyboard-control","OK",1782602937791,1655
1383,1782602937897,132122,0,0,-2,0,0,0,74,77,88,70,53,140.08,108,-25,4,-996,-1,0,0,0,0,0,0,0,"keyboard-control","OK",1782602937892,1657
1384,1782602937939,132164,0,0,-2,0,0,0,74,77,88,70,53,140.05,108,-12,14,-1002,-1,0,0,0,0,0,0,0,"keyboard-control","OK",1782602937892,1657
1385,1782602938048,132273,0,0,-2,0,0,0,74,77,88,70,53,139.99,108,0,14,-938,-1,0,0,0,0,0,0,0,"keyboard-control","OK",1782602938042,1660
1386,1782602938201,132426,0,0,-2,0,0,0,74,77,87,70,53,139.73,108,-12,0,-1047,-1,0,0,0,0,0,0,0,"keyboard-control","OK",1782602938191,1663
1387,1782602938257,132482,0,0,-2,0,0,0,74,77,86,70,52,140.13,108,-25,4,-1044,-1,0,0,0,0,0,0,0,"keyboard-control","OK",1782602938242,1664
1388,1782602940008,134233,0,0,-2,0,0,0,75,77,88,70,52,139.66,110,-38,19,-1039,-1,0,0,0,0,0,0,0,"keyboard-control","OK",1782602939992,1699
1389,1782602940074,134299,0,0,-2,0,0,0,75,77,89,70,52,139.52,110,25,5,-993,-1,0,0,0,0,0,0,0,"keyboard-control","OK",1782602940042,1700
1390,1782602940112,134337,0,0,-2,0,0,0,75,77,89,70,52,139.73,110,-6,17,-998,-1,0,0,0,0,0,0,0,"keyboard-control","OK",1782602940091,1701
1391,1782602940154,134379,0,0,-2,0,0,0,75,77,89,70,52,139.81,110,-32,10,-957,-1,0,0,0,0,0,0,0,"keyboard-control","OK",1782602940141,1702
1392,1782602940222,134447,0,0,-2,0,0,0,75,77,89,70,52,139.7,110,-2,-10,-973,-1,0,0,0,0,0,0,0,"keyboard-control","OK",1782602940191,1703
1393,1782602940420,134645,0,0,-2,0,0,0,75,77,90,70,52,139.79,110,30,10,-1039,-1,0,0,0,0,0,0,0,"keyboard-control","OK",1782602940392,1707
1394,1782602940436,134661,0,0,-2,0,0,0,75,77,89,70,52,139.55,110,0,29,-1006,-1,0,0,0,0,0,0,0,"keyboard-control","OK",1782602940392,1707
1395,1782602940485,134710,0,0,-2,0,0,0,75,77,90,70,52,139.98,110,55,12,-1018,-1,0,0,0,0,0,0,0,"keyboard-control","OK",1782602940441,1708
1396,1782602940599,134824,0,0,-2,0,0,0,75,77,90,70,52,139.88,111,11,-16,-980,-1,0,0,0,0,0,0,0,"keyboard-control","OK",1782602940591,1711
1397,1782602940712,134937,0,0,-2,0,0,0,75,77,90,70,52,139.95,111,-2,11,-958,-1,0,0,0,0,0,0,0,"keyboard-control","OK",1782602940691,1713
1398,1782602940754,134979,0,0,-2,0,0,0,75,77,90,70,52,140,111,10,-7,-1003,-1,0,0,0,0,0,0,0,"keyboard-control","OK",1782602940741,1714
1399,1782602940882,135107,0,0,-2,0,0,0,75,77,90,70,52,139.95,111,20,-15,-977,-1,0,0,0,0,0,0,0,"keyboard-control","OK",1782602940841,1716
1400,1782602941001,135226,0,0,-2,0,0,0,75,77,90,70,52,139.51,111,11,-7,-987,-1,0,0,0,0,0,0,0,"keyboard-control","OK",1782602940991,1719
1401,1782602941046,135271,0,0,-2,0,0,0,75,77,90,70,52,139.49,111,12,-8,-994,-1,0,0,0,0,0,0,0,"keyboard-control","OK",1782602941042,1720
1402,1782602941137,135362,0,0,-2,0,0,0,75,77,90,70,52,140.03,111,-29,27,-1080,-1,0,0,0,0,0,0,0,"keyboard-control","OK",1782602941092,1721
1403,1782602941257,135482,0,0,-2,0,0,0,75,77,90,70,52,139.77,111,9,4,-969,-1,0,0,0,0,0,0,0,"keyboard-control","OK",1782602941241,1724
1404,1782602941370,135595,0,0,-2,0,0,0,75,77,90,70,52,139.71,111,8,21,-1000,-1,0,0,0,0,0,0,0,"keyboard-control","OK",1782602941341,1726
1405,1782602941518,135743,0,0,-2,0,0,0,75,77,90,70,52,139.98,111,-11,11,-1018,-1,0,0,0,0,0,0,0,"keyboard-control","OK",1782602941491,1729
1406,1782602941542,135767,0,0,-2,0,0,0,75,77,91,70,52,140.01,112,-14,6,-1006,-1,0,0,0,0,0,0,0,"keyboard-control","OK",1782602941541,1730
1407,1782602941584,135809,0,0,-2,0,0,0,75,77,91,70,52,139.7,112,10,3,-1019,-1,0,0,0,0,0,0,0,"keyboard-control","OK",1782602941541,1730
1408,1782602941708,135933,0,0,-2,0,0,0,75,77,91,70,52,139.68,112,10,12,-990,-1,0,0,0,0,0,0,0,"keyboard-control","OK",1782602941691,1733
1409,1782602941818,136043,0,0,-2,0,0,0,75,77,91,70,52,139.76,112,0,32,-1023,-1,0,0,0,0,0,0,0,"keyboard-control","OK",1782602941793,1735
1410,1782602941908,136133,0,0,-2,0,0,0,75,77,91,70,52,139.69,112,-19,9,-991,-1,0,0,0,0,0,0,0,"keyboard-control","OK",1782602941891,1737
1411,1782602942015,136240,0,0,-2,0,0,0,75,77,91,70,52,139.88,112,-4,13,-994,-1,0,0,0,0,0,0,0,"keyboard-control","OK",1782602941992,1739
1412,1782602942227,136452,0,0,-2,0,0,0,75,77,92,70,52,139.71,112,-24,19,-1001,-1,0,0,0,0,0,0,0,"keyboard-control","OK",1782602942191,1743
1413,1782602942231,136456,0,0,-2,0,0,0,75,77,92,70,52,139.76,112,18,18,-998,-1,0,0,0,0,0,0,0,"keyboard-control","OK",1782602942191,1743
1414,1782602942302,136527,0,0,-2,0,0,0,75,77,92,70,52,140.07,112,34,0,-1019,-1,0,0,0,0,0,0,0,"keyboard-control","OK",1782602942292,1745
1415,1782602942392,136617,0,0,-2,0,0,0,75,77,92,70,52,139.81,112,-1,8,-974,-1,0,0,0,0,0,0,0,"keyboard-control","OK",1782602942392,1747
1416,1782602942451,136676,0,0,-2,0,0,0,75,77,92,70,52,139.56,113,-4,18,-968,-1,0,0,0,0,0,-20,0,"keyboard-control","OK",1782602942441,1748
1417,1782602942580,136805,0,0,-2,0,0,0,75,77,92,70,52,139.58,113,14,10,-994,-1,0,0,0,0,0,-20,0,"keyboard-control","OK",1782602942541,1750
1418,1782602942790,137015,0,0,-2,0,0,0,75,77,92,70,52,139.63,113,-17,20,-1002,-1,0,0,0,0,0,-20,0,"keyboard-control","OK",1782602942741,1754
1419,1782602942796,137021,0,0,-2,0,0,0,75,77,92,70,52,139.68,113,-39,17,-946,-1,0,0,0,0,0,-20,0,"keyboard-control","OK",1782602942791,1755
1420,1782602942886,137111,0,0,-2,0,0,0,75,77,92,70,52,139.51,113,-12,7,-1019,-1,0,0,0,0,0,-20,0,"keyboard-control","OK",1782602942842,1756
1421,1782602942964,137189,0,0,-2,0,0,0,75,77,92,70,52,139.66,113,3,8,-994,-1,0,0,0,0,0,-20,0,"keyboard-control","OK",1782602942941,1758
1422,1782602943063,137288,0,0,-2,0,0,0,75,77,91,70,52,139.71,113,-13,11,-971,-1,0,0,0,0,0,-20,0,"keyboard-control","OK",1782602943043,1760
1423,1782602943103,137328,0,0,-2,0,0,0,75,77,91,70,52,139.72,113,7,4,-978,-1,0,0,0,0,0,-20,0,"keyboard-control","OK",1782602943091,1761
1424,1782602943276,137501,0,0,-2,0,0,0,75,77,91,70,52,139.74,113,-1,11,-978,-1,0,0,0,0,0,-20,0,"keyboard-control","OK",1782602943241,1764
1425,1782602943332,137557,0,0,-2,0,0,0,75,77,90,70,52,139.25,113,-6,8,-1009,-1,0,0,0,0,0,-20,0,"keyboard-control","OK",1782602943291,1765
1426,1782602943426,137651,0,0,-2,0,0,0,75,78,89,70,52,139.47,114,5,10,-977,-1,0,0,0,0,0,-20,0,"keyboard-control","OK",1782602943391,1767
1427,1782602943607,137832,0,0,-2,0,0,0,75,78,89,70,52,139.77,114,-6,21,-1007,-1,0,0,0,0,0,-20,0,"keyboard-control","OK",1782602943591,1771
1428,1782602943612,137837,0,0,-2,0,0,0,75,78,88,70,52,139.71,114,10,3,-935,-1,0,0,0,0,0,-20,0,"keyboard-control","OK",1782602943591,1771
1429,1782602943716,137941,0,0,-2,0,0,0,75,78,87,70,52,139.35,114,14,16,-996,-1,0,0,0,0,0,-20,0,"keyboard-control","OK",1782602943691,1773
1430,1782602943848,138073,0,0,-2,0,0,0,75,78,86,70,52,139.53,114,1,18,-1024,-1,0,0,0,0,0,-20,0,"keyboard-control","OK",1782602943841,1776
1431,1782602943921,138146,0,0,-2,0,0,0,75,78,86,70,52,139.44,114,0,14,-1010,-1,0,0,0,0,0,-20,0,"keyboard-control","OK",1782602943891,1777
1432,1782602943994,138219,0,0,-2,0,0,0,75,78,85,60,52,139.82,114,-24,39,-1012,-1,0,0,0,0,0,-20,0,"keyboard-control","OK",1782602943991,1779
1433,1782602944021,138246,0,0,-2,0,0,0,75,78,84,60,52,139.23,114,-1,10,-1011,-1,0,0,0,0,0,-20,0,"keyboard-control","OK",1782602943991,1779
1434,1782602944172,138397,0,0,-2,0,0,0,75,78,84,60,52,139.64,114,0,15,-980,-1,0,0,0,0,0,-20,0,"keyboard-control","OK",1782602944141,1782
1435,1782602944250,138475,0,0,-2,0,0,0,75,78,83,60,52,139.55,114,-17,16,-1016,-1,0,0,0,0,0,-20,0,"keyboard-control","OK",1782602944241,1784
1436,1782602944361,138586,0,0,-2,0,0,0,75,78,82,60,52,139.82,115,-24,-2,-984,-1,0,0,0,0,0,-20,0,"keyboard-control","OK",1782602944341,1786
1437,1782602944521,138746,0,0,-2,0,0,0,75,78,82,60,52,139.8,115,-1,3,-1016,-1,0,0,0,0,0,-20,0,"keyboard-control","OK",1782602944492,1789
1438,1782602944636,138861,0,0,-2,0,0,0,75,78,81,60,52,139.52,115,12,19,-1028,-1,0,0,0,0,0,-20,0,"keyboard-control","OK",1782602944592,1791
1439,1782602944642,138867,0,0,-2,0,0,0,75,78,80,60,52,139.61,115,4,15,-1005,-1,0,0,0,0,0,-20,0,"keyboard-control","OK",1782602944641,1792
1440,1782602944784,139009,0,0,-2,0,0,0,75,78,80,60,51,139.72,115,8,-2,-982,-1,0,0,0,0,0,-20,0,"keyboard-control","OK",1782602944741,1794
1441,1782602944869,139094,0,0,-2,0,0,0,75,78,79,60,51,139.51,115,-14,12,-984,-1,0,0,0,0,0,-20,0,"keyboard-control","OK",1782602944842,1796
1442,1782602944915,139140,0,0,-2,0,0,0,75,78,78,60,51,139.83,115,-20,4,-992,-1,0,0,0,0,0,0,0,"keyboard-control","OK",1782602944891,1798
1443,1782602944983,139208,0,0,-2,0,0,0,75,78,77,60,51,139.89,115,-10,19,-1014,-1,0,0,0,0,0,0,0,"keyboard-control","OK",1782602944941,1799
1444,1782602945091,139316,0,0,-2,0,0,0,75,78,76,60,51,139.75,115,7,6,-982,-1,0,0,0,0,0,0,0,"keyboard-control","OK",1782602945091,1802
1445,1782602945209,139434,0,0,-2,0,0,0,75,78,76,60,51,139.75,115,12,-4,-1061,-1,0,0,0,0,0,0,0,"keyboard-control","OK",1782602945191,1804
1446,1782602945291,139516,0,0,-2,0,0,0,74,77,75,60,51,139.79,116,12,0,-1049,-1,0,0,0,0,0,0,0,"keyboard-control","OK",1782602945241,1805
1447,1782602945423,139648,0,0,-2,0,0,0,74,77,74,50,51,139.67,116,-7,0,-1081,-1,0,0,0,0,0,0,0,"keyboard-control","OK",1782602945392,1808
1448,1782602945580,139805,0,0,-2,0,0,0,74,77,74,50,51,139.81,116,-22,2,-1004,-1,0,0,0,0,0,0,0,"keyboard-control","OK",1782602945542,1811
1449,1782602945653,139878,0,0,-2,0,0,0,74,77,73,50,51,139.57,116,9,18,-1088,-1,0,0,0,0,0,0,0,"keyboard-control","OK",1782602945642,1813
1450,1782602945803,140028,0,0,-2,0,0,0,74,77,73,50,51,139.6,116,-36,42,-998,-1,0,0,0,0,0,0,0,"keyboard-control","OK",1782602945791,1816
1451,1782602945807,140032,0,0,-2,0,0,0,74,77,73,50,51,139.67,116,34,15,-966,-1,0,0,0,0,0,0,0,"keyboard-control","OK",1782602945791,1816
1452,1782602945860,140085,0,0,-2,0,0,0,74,77,73,50,51,139.67,116,23,0,-1008,-1,0,0,0,0,0,0,0,"keyboard-control","OK",1782602945842,1817
1453,1782602945939,140164,0,0,-2,0,0,0,74,77,74,50,51,139.74,116,-2,21,-1060,-1,0,0,0,0,0,0,0,"keyboard-control","OK",1782602945892,1818
1454,1782602946035,140260,0,0,-2,0,0,0,74,77,74,50,51,139.77,116,12,5,-1032,-1,0,0,0,0,0,0,0,"keyboard-control","OK",1782602945991,1820
1455,1782602946129,140354,0,0,-2,0,0,0,74,77,74,50,51,139.39,116,-6,5,-1001,-1,0,0,0,0,0,0,0,"keyboard-control","OK",1782602946091,1822
1456,1782602946260,140485,0,0,-2,0,0,0,74,77,74,50,51,139.63,117,3,0,-994,-1,0,0,0,0,0,0,0,"keyboard-control","OK",1782602946241,1825
1457,1782602946315,140540,0,0,-2,0,0,0,74,77,75,50,51,139.45,117,3,11,-1014,-1,0,0,0,0,0,0,0,"keyboard-control","OK",1782602946292,1826
1458,1782602946424,140649,0,0,-2,0,0,0,74,77,75,50,51,139.68,117,4,17,-1025,-1,0,0,0,0,0,0,0,"keyboard-control","OK",1782602946391,1828
1459,1782602946599,140824,0,0,-2,0,0,0,74,77,75,50,51,139.58,117,-21,19,-950,-1,0,0,0,0,0,0,0,"keyboard-control","OK",1782602946591,1832
1460,1782602946603,140828,0,0,-2,0,0,0,74,77,76,50,51,139.43,117,2,2,-1022,-1,0,0,0,0,0,0,0,"keyboard-control","OK",1782602946591,1832
1461,1782602946753,140978,0,0,-2,0,0,0,74,77,76,50,51,139.9,117,13,16,-985,-1,0,0,0,0,0,0,0,"keyboard-control","OK",1782602946741,1835
1462,1782602946810,141035,0,0,-2,0,0,0,74,77,76,50,51,139.44,117,9,2,-994,-1,0,0,0,0,0,0,0,"keyboard-control","OK",1782602946791,1836
1463,1782602946869,141094,0,0,-2,0,0,0,74,77,76,50,51,139.51,117,-20,0,-960,-1,0,0,0,0,0,0,0,"keyboard-control","OK",1782602946841,1837
1464,1782602946952,141177,0,0,-2,0,0,0,74,77,77,60,51,139.79,117,19,13,-970,-1,0,0,0,0,0,0,0,"keyboard-control","OK",1782602946941,1839
1465,1782602947185,141410,0,0,-2,0,0,0,74,77,77,60,51,139.55,117,-15,13,-977,-1,0,0,0,0,0,0,0,"keyboard-control","OK",1782602947141,1843
1466,1782602947261,141486,0,0,-2,0,0,0,75,77,77,60,51,139.75,118,11,14,-999,-1,0,0,0,0,0,0,0,"keyboard-control","OK",1782602947241,1845
1467,1782602947265,141490,0,0,-2,0,0,0,75,77,77,60,51,139.41,118,25,-12,-1000,-1,0,0,0,0,0,0,0,"keyboard-control","OK",1782602947241,1845
1468,1782602947317,141542,0,0,-2,0,0,0,75,77,78,60,51,139.62,118,-8,8,-1003,-1,0,0,0,0,0,0,0,"keyboard-control","OK",1782602947291,1846
1469,1782602947479,141704,0,0,-2,0,0,0,75,77,78,60,51,140.04,118,37,-24,-1025,-1,0,0,0,0,0,0,0,"keyboard-control","OK",1782602947441,1849
1470,1782602947543,141768,0,0,-2,0,0,0,75,77,78,60,51,139.43,118,-21,22,-1009,-1,0,0,0,0,0,0,0,"keyboard-control","OK",1782602947541,1851
1471,1782602947646,141871,0,0,-2,0,0,0,75,77,78,60,51,139.27,118,0,0,-1015,-1,0,0,0,0,0,20,0,"keyboard-control","OK",1782602947642,1853
1472,1782602947735,141960,0,0,-2,0,0,0,75,77,78,60,51,139.75,118,-12,21,-970,-1,0,0,0,0,0,20,0,"keyboard-control","OK",1782602947691,1854
1473,1782602947815,142040,0,0,-2,0,0,0,75,77,78,60,51,139.86,118,21,8,-977,-1,0,0,0,0,0,20,0,"keyboard-control","OK",1782602947791,1856
1474,1782602947926,142151,0,0,-2,0,0,0,75,77,78,60,51,139.52,118,-16,9,-1053,-1,0,0,0,0,0,20,0,"keyboard-control","OK",1782602947891,1858
1475,1782602948009,142234,0,0,-2,0,0,0,75,77,78,60,51,139.57,118,-10,-14,-1046,-1,0,0,0,0,0,20,0,"keyboard-control","OK",1782602947991,1860
1476,1782602948116,142341,0,0,-2,0,0,0,75,77,78,60,51,139.69,119,4,-4,-1014,-1,0,0,0,0,0,20,0,"keyboard-control","OK",1782602948092,1862
1477,1782602948293,142518,0,0,-2,0,0,0,75,77,78,60,51,139.85,119,-1,17,-997,-1,0,0,0,0,0,20,0,"keyboard-control","OK",1782602948292,1866
1478,1782602948297,142522,0,0,-2,0,0,0,75,77,79,60,51,139.6,119,-3,15,-1011,-1,0,0,0,0,0,20,0,"keyboard-control","OK",1782602948292,1866
1479,1782602948411,142636,0,0,-2,0,0,0,75,77,79,60,51,139.64,119,-8,11,-1029,-1,0,0,0,0,0,20,0,"keyboard-control","OK",1782602948391,1868
1480,1782602948556,142781,0,0,-2,0,0,0,75,77,80,60,51,139.87,119,-17,10,-1023,-1,0,0,0,0,0,20,0,"keyboard-control","OK",1782602948541,1871
1481,1782602948800,143025,0,0,-2,0,0,0,75,77,81,60,51,139.8,119,5,17,-1016,-1,0,0,0,0,0,20,0,"keyboard-control","OK",1782602948792,1876
1482,1782602948805,143030,0,0,-2,0,0,0,75,77,82,60,51,139.62,119,-33,12,-968,-1,0,0,0,0,0,20,0,"keyboard-control","OK",1782602948792,1876
1483,1782602948809,143034,0,0,-2,0,0,0,75,77,83,60,51,139.83,119,-23,13,-1015,-1,0,0,0,0,0,20,0,"keyboard-control","OK",1782602948792,1876
1484,1782602948885,143110,0,0,-2,0,0,0,75,77,83,60,51,139.75,119,-17,7,-998,-1,0,0,0,0,0,20,0,"keyboard-control","OK",1782602948841,1877
1485,1782602948926,143151,0,0,-2,0,0,0,75,77,84,60,51,139.78,120,-14,-8,-970,-1,0,0,0,0,0,20,0,"keyboard-control","OK",1782602948892,1878
1486,1782602949063,143288,0,0,-2,0,0,0,75,77,85,70,51,139.83,120,-23,-10,-968,-1,0,0,0,0,0,20,0,"keyboard-control","OK",1782602949042,1881
1487,1782602949178,143403,0,0,-2,0,0,0,75,77,86,70,51,139.88,120,-14,0,-986,-1,0,0,0,0,0,20,0,"keyboard-control","OK",1782602949141,1883
1488,1782602949222,143447,0,0,-2,0,0,0,75,77,87,70,51,139.79,120,7,0,-1025,-1,0,0,0,0,0,20,0,"keyboard-control","OK",1782602949191,1884
1489,1782602949310,143535,0,0,-2,0,0,0,75,77,88,70,51,139.74,120,-6,-4,-998,-1,0,0,0,0,0,20,0,"keyboard-control","OK",1782602949292,1886
1490,1782602949432,143657,0,0,-2,0,0,0,75,77,88,70,50,139.6,120,-36,-5,-935,-1,0,0,0,0,0,0,0,"keyboard-neutral","OK",1782602949405,1889
1491,1782602949561,143786,0,0,-2,0,0,0,75,77,89,70,50,139.81,120,-19,11,-1020,-1,0,0,0,0,0,0,0,"keyboard-control","OK",1782602949541,1892
1492,1782602949611,143836,0,0,-2,0,0,0,75,77,89,70,50,140.03,120,1,-1,-1007,-1,0,0,0,0,0,0,0,"keyboard-control","OK",1782602949591,1893
1493,1782602949831,144056,0,0,-2,0,0,0,75,77,90,70,50,139.78,120,-33,13,-972,-1,0,0,0,0,0,0,0,"keyboard-control","OK",1782602949791,1897
1494,1782602949835,144060,0,0,-2,0,0,0,75,77,91,70,50,140.03,120,-19,16,-966,-1,0,0,0,0,0,0,0,"keyboard-control","OK",1782602949791,1897
1495,1782602949899,144124,0,0,-2,0,0,0,75,77,91,70,50,140,121,-32,-1,-994,-1,0,0,0,0,0,0,0,"keyboard-control","OK",1782602949891,1899
1496,1782602950025,144250,0,0,-2,0,0,0,74,78,91,70,50,139.79,121,7,6,-1015,-1,0,0,0,0,0,0,0,"keyboard-control","OK",1782602949991,1901
1497,1782602950104,144329,0,0,-2,0,0,0,74,78,92,70,50,139.56,121,13,-8,-885,-1,0,0,0,0,0,0,0,"keyboard-control","OK",1782602950091,1903
1498,1782602950213,144438,0,0,-2,0,0,0,74,78,91,70,50,139.86,121,19,1,-979,-1,0,0,0,0,0,0,0,"keyboard-control","OK",1782602950191,1905
1499,1782602950396,144621,0,0,-2,0,0,0,74,78,91,70,50,139.75,121,-15,6,-1026,-1,0,0,0,0,0,0,0,"keyboard-control","OK",1782602950391,1909
1500,1782602950435,144660,0,0,-2,0,0,0,74,78,91,70,50,139.87,121,23,-11,-981,-1,0,0,0,0,0,0,0,"keyboard-control","OK",1782602950391,1909
1501,1782602950440,144665,0,0,-3,0,0,0,74,78,92,70,50,139.87,121,-6,0,-1003,-1,0,0,0,0,0,0,0,"keyboard-control","OK",1782602950391,1909
1502,1782602950566,144791,0,0,-3,0,0,0,74,78,92,70,50,139.85,121,-1,-13,-973,-1,0,0,0,0,0,0,0,"keyboard-control","OK",1782602950542,1912
1503,1782602950645,144870,0,0,-3,0,0,0,74,78,92,70,50,139.87,121,-23,-14,-1023,-1,0,0,0,0,0,0,0,"keyboard-control","OK",1782602950641,1914
1504,1782602950737,144962,0,0,-3,0,0,0,74,78,92,70,50,139.96,121,-34,7,-1009,-1,0,0,0,0,0,20,0,"keyboard-control","OK",1782602950691,1915
1505,1782602950863,145088,0,0,-2,0,0,0,74,78,92,70,50,139.82,122,15,-12,-984,-1,0,0,0,0,0,20,0,"keyboard-control","OK",1782602950842,1918
1506,1782602950953,145178,0,0,-2,0,0,0,74,77,93,70,50,139.91,122,-29,1,-992,-1,0,0,0,0,0,20,0,"keyboard-control","OK",1782602950942,1920
1507,1782602951139,145364,0,0,-2,0,0,0,74,77,92,70,50,140.07,122,-5,1,-980,-1,0,0,0,0,0,20,0,"keyboard-control","OK",1782602951091,1923
1508,1782602951144,145369,0,0,-2,0,0,0,74,77,93,70,50,140.08,122,19,3,-937,-1,0,0,0,0,0,20,0,"keyboard-control","OK",1782602951141,1924
1509,1782602951256,145481,0,0,-2,0,0,0,74,77,93,70,50,140.09,122,25,-6,-986,-1,0,0,0,0,0,20,0,"keyboard-control","OK",1782602951241,1926
1510,1782602951412,145637,0,0,-2,0,0,0,74,77,93,70,50,140.12,122,-22,5,-1075,-1,0,0,0,0,0,20,0,"keyboard-control","OK",1782602951391,1929
1511,1782602955083,149308,0,0,-2,0,0,0,74,77,95,70,50,140.23,122,-22,16,-933,-1,0,0,0,0,0,20,0,"keyboard-control","OK",1782602955051,1957
1512,1782602955293,149518,0,0,-2,0,0,0,75,78,106,90,50,139.89,124,-6,0,-1018,-1,0,0,0,0,0,0,0,"keyboard-control","OK",1782602955251,1962
1513,1782602955430,149655,0,0,-2,0,0,0,75,78,106,90,50,140.35,124,-23,15,-997,-1,0,0,0,0,0,0,0,"keyboard-control","OK",1782602955401,1965
1514,1782602955486,149711,-1,0,-2,0,0,0,75,78,107,90,50,140.12,124,-9,-2,-986,-1,0,0,0,0,0,0,0,"keyboard-control","OK",1782602955451,1966
1515,1782602955603,149828,-1,0,-2,0,0,0,75,78,107,90,50,140.06,124,-9,1,-1010,-1,0,0,0,0,0,0,0,"keyboard-control","OK",1782602955601,1969
1516,1782602955641,149866,-1,0,-2,0,0,0,75,78,108,90,50,140.17,124,-35,16,-1061,-1,0,0,0,0,0,0,0,"keyboard-control","OK",1782602955601,1969
1517,1782602955840,150065,-1,0,-2,0,0,0,75,78,108,90,50,140.05,124,-4,-27,-1090,-1,0,0,0,0,0,0,0,"keyboard-control","OK",1782602955802,1973
1518,1782602955862,150087,-1,0,-2,0,0,0,75,78,109,90,50,140.06,124,13,-10,-1020,-1,0,0,0,0,0,0,0,"keyboard-control","OK",1782602955851,1974
1519,1782602955930,150155,-1,0,-2,0,0,0,75,78,110,90,50,140.44,125,-27,9,-1033,-1,0,0,0,0,0,0,0,"keyboard-control","OK",1782602955901,1975
1520,1782602955979,150204,-1,0,-2,0,0,0,75,78,110,90,50,140.28,125,-17,-16,-1040,-1,0,0,0,0,0,0,0,"keyboard-control","OK",1782602955951,1976
1521,1782602956139,150364,-1,0,-2,0,0,0,75,78,111,90,50,140.11,125,-14,5,-985,-1,0,0,0,0,0,0,0,"keyboard-control","OK",1782602956101,1979
1522,1782602956211,150436,-1,0,-2,0,0,0,75,78,112,90,50,140.47,125,-14,0,-999,-1,0,0,0,0,0,0,0,"keyboard-control","OK",1782602956201,1981
1523,1782602956363,150588,-1,0,-2,0,0,0,75,78,112,90,50,140.26,125,-54,26,-1030,-1,0,0,0,0,0,0,0,"keyboard-control","OK",1782602956351,1984
1524,1782602956402,150627,-1,0,-2,0,0,0,75,78,113,90,50,140.35,125,-43,-2,-1050,-1,0,0,0,0,0,0,0,"keyboard-control","OK",1782602956401,1985
1525,1782602956496,150721,-1,0,-2,0,0,0,75,78,113,90,50,140.27,125,-36,10,-1065,-1,0,0,0,0,0,0,0,"keyboard-control","OK",1782602956451,1986
1526,1782602956601,150826,-1,0,-2,0,0,0,75,78,113,90,50,140.22,125,-33,-13,-1037,-1,0,0,0,0,0,0,0,"keyboard-control","OK",1782602956601,1989
1527,1782602956647,150872,-1,0,-2,0,0,0,75,78,114,90,50,140.07,125,-8,-6,-942,-1,0,0,0,0,0,0,0,"keyboard-control","OK",1782602956601,1989
1528,1782602956760,150985,0,0,-2,0,0,0,75,78,113,90,50,139.72,125,2,4,-997,-1,0,0,0,0,0,0,0,"keyboard-control","OK",1782602956751,1992
1529,1782602956874,151099,-1,0,-2,0,0,0,75,78,114,90,50,140.24,126,12,1,-1009,-1,0,0,0,0,0,0,0,"keyboard-control","OK",1782602956851,1994
1530,1782602957024,151249,-1,0,-2,0,0,0,75,77,114,90,50,140.31,126,-9,-7,-996,-1,0,0,0,0,0,0,0,"keyboard-control","OK",1782602957001,1997
1531,1782602957032,151257,-1,0,-2,0,0,0,75,77,113,90,50,140.16,126,-9,-3,-1011,-1,0,0,0,0,0,0,0,"keyboard-control","OK",1782602957001,1997
1532,1782602957165,151390,-1,0,-2,0,0,0,75,77,113,90,50,140.21,126,-30,11,-1026,-1,0,0,0,0,0,0,0,"keyboard-control","OK",1782602957151,2000
1533,1782602957277,151502,-1,0,-2,0,0,0,75,77,113,90,49,140.2,126,-27,16,-1024,-1,0,0,0,0,0,0,0,"keyboard-control","OK",1782602957251,2002
1534,1782602957395,151620,-1,0,-2,0,0,0,75,77,113,90,49,140.26,126,-34,10,-992,-1,0,0,0,0,0,0,0,"keyboard-control","OK",1782602957351,2004
1535,1782602957453,151678,-1,0,-2,0,0,0,75,77,113,90,49,140.21,126,-21,-3,-993,-1,0,0,0,0,0,0,0,"keyboard-control","OK",1782602957451,2006
1536,1782602957497,151722,0,0,-2,0,0,0,75,77,112,90,49,140.13,126,-9,10,-931,-1,0,0,0,0,0,0,0,"keyboard-control","OK",1782602957451,2006
1537,1782602957605,151830,0,0,-2,0,0,0,75,77,112,90,49,140.41,126,-9,8,-1062,-1,0,0,0,0,0,0,0,"keyboard-control","OK",1782602957601,2009
1538,1782602957718,151943,0,0,-2,0,0,0,75,77,112,90,49,140.36,126,-64,17,-1030,-1,0,0,0,0,0,0,0,"keyboard-control","OK",1782602957701,2011
1539,1782602957861,152086,0,0,-2,0,0,0,75,77,112,90,49,140.3,127,-17,-6,-975,-1,0,0,0,0,0,0,0,"keyboard-control","OK",1782602957851,2014
1540,1782602957938,152163,0,0,-2,0,0,0,75,77,112,90,49,140.45,127,-6,-10,-989,-1,0,0,0,0,0,0,0,"keyboard-control","OK",1782602957901,2015
1541,1782602957975,152200,0,0,-2,0,0,0,75,77,112,90,49,140.19,127,13,-10,-1018,-1,0,0,0,0,0,0,0,"keyboard-control","OK",1782602957951,2016
1542,1782602958100,152325,0,0,-2,0,0,0,75,77,112,90,49,140.31,127,-43,10,-990,-1,0,0,0,0,-20,0,0,"keyboard-control","OK",1782602958051,2018
1543,1782602958202,152427,0,0,-2,0,0,0,75,77,112,90,49,139.98,127,-1,-5,-1023,-1,0,0,0,0,-20,0,0,"keyboard-control","OK",1782602958201,2021
1544,1782602958294,152519,0,0,-2,0,0,0,75,77,112,90,49,140.24,127,-13,-9,-992,-1,0,0,0,0,-20,0,0,"keyboard-control","OK",1782602958251,2022
1545,1782602958443,152668,0,0,-2,0,0,0,75,77,112,90,49,140.21,127,-11,-2,-1006,-1,0,0,0,0,-20,0,0,"keyboard-control","OK",1782602958401,2025
1546,1782602958447,152672,0,0,-2,0,0,0,75,77,112,90,49,140.28,127,3,-7,-1014,-1,0,0,0,0,-20,0,0,"keyboard-control","OK",1782602958401,2025
1547,1782602958571,152796,0,0,-2,0,0,0,75,77,112,90,49,140.12,127,-11,-17,-1036,-1,0,0,0,0,-20,0,0,"keyboard-control","OK",1782602958552,2028
1548,1782602958640,152865,0,0,-2,0,0,0,75,77,113,90,49,140.07,127,-9,-4,-1008,-1,0,0,0,0,0,0,0,"keyboard-neutral","OK",1782602958629,2030
1549,1782602958723,152948,0,0,-3,0,0,0,75,77,113,90,49,140.2,128,-6,-10,-991,-1,0,0,0,0,0,0,0,"keyboard-control","OK",1782602958701,2032
1550,1782602958827,153052,0,0,-3,0,0,0,75,78,112,90,49,139.64,128,-38,5,-979,-1,0,0,0,0,0,0,0,"keyboard-control","OK",1782602958801,2034
1551,1782602959011,153236,0,0,-3,-1,0,0,75,78,112,90,49,139.97,128,15,-15,-1021,-1,0,0,0,0,0,0,0,"keyboard-control","OK",1782602959001,2038
1552,1782602959054,153279,0,0,-3,-1,0,0,75,78,113,90,49,140.23,128,-20,4,-993,-1,0,0,0,0,0,0,0,"keyboard-control","OK",1782602959051,2039
1553,1782602959099,153324,0,0,-3,-1,0,0,75,78,113,90,49,139.95,128,-5,-13,-1004,-1,0,0,0,0,0,0,0,"keyboard-control","OK",1782602959051,2039
1554,1782602959212,153437,0,0,-3,-1,0,0,75,78,114,90,49,139.94,128,12,-12,-988,-1,0,0,0,0,0,0,0,"keyboard-control","OK",1782602959201,2042
1555,1782602959346,153571,-1,0,-3,-1,0,0,75,78,114,90,49,140.15,128,3,-27,-1037,-1,0,0,0,0,0,0,0,"keyboard-control","OK",1782602959302,2044
1556,1782602959504,153729,-1,0,-2,0,0,0,75,78,115,90,49,140.46,128,-24,0,-1005,-1,0,0,0,0,0,0,0,"keyboard-control","OK",1782602959501,2048
1557,1782602959560,153785,-1,0,-2,0,0,0,75,78,115,90,49,140.09,128,-18,1,-1073,-1,0,0,0,0,0,0,0,"keyboard-control","OK",1782602959551,2049
1558,1782602959566,153791,-2,0,-2,0,0,0,75,78,116,90,49,140.02,128,22,1,-872,-1,0,0,0,0,0,0,0,"keyboard-control","OK",1782602959551,2049
1559,1782602959731,153956,-1,0,-2,0,0,0,75,78,116,90,49,140.35,129,-26,-2,-1060,-1,0,0,0,0,0,0,0,"keyboard-control","OK",1782602959701,2052
1560,1782602959874,154099,-1,0,-2,0,0,0,75,77,116,90,49,140.08,129,-8,-23,-962,-1,0,0,0,0,0,0,0,"keyboard-control","OK",1782602959851,2055
1561,1782602959897,154122,0,0,-2,0,0,0,75,77,115,90,49,140.21,129,-15,-18,-1076,-1,0,0,0,0,0,0,0,"keyboard-control","OK",1782602959851,2055
1562,1782602959934,154159,0,0,-2,0,0,0,75,77,115,90,49,139.92,129,-17,1,-900,-1,0,0,0,0,20,0,0,"keyboard-control","OK",1782602959901,2056
1563,1782602960044,154269,0,0,-2,0,0,0,75,77,114,90,49,140.01,129,-14,-16,-1023,-1,0,0,0,0,20,0,0,"keyboard-control","OK",1782602960001,2058
1564,1782602960198,154423,0,0,-2,0,0,0,75,77,113,90,49,140.21,129,-2,1,-983,-1,0,0,0,0,20,0,0,"keyboard-control","OK",1782602960151,2061
1565,1782602960273,154498,-1,0,-2,0,0,0,75,77,112,90,49,140.08,129,2,-15,-989,-1,0,0,0,0,20,0,0,"keyboard-control","OK",1782602960251,2063
1566,1782602960357,154582,-1,0,-2,0,0,0,75,77,112,90,49,139.9,129,10,8,-995,-1,0,0,0,0,20,0,0,"keyboard-control","OK",1782602960351,2065
1567,1782602960411,154636,-1,0,-3,0,0,0,75,77,111,90,49,139.84,129,-25,-5,-1022,-1,0,0,0,0,20,0,0,"keyboard-control","OK",1782602960401,2066
1568,1782602960672,154897,-1,0,-3,0,0,0,75,77,110,90,49,140.38,129,15,-12,-1045,-1,0,0,0,0,0,0,0,"keyboard-control","OK",1782602960651,2072
1569,1782602960681,154906,-1,0,-3,0,0,0,75,77,110,90,49,140.14,130,-44,8,-979,-1,0,0,0,0,0,0,0,"keyboard-control","OK",1782602960651,2072
1570,1782602960685,154910,-2,0,-3,0,0,0,75,78,110,90,49,140.31,130,-10,8,-1019,-1,0,0,0,0,0,0,0,"keyboard-control","OK",1782602960651,2072
1571,1782602960829,155054,-1,0,-2,1,0,0,75,78,110,90,49,140.1,130,-20,-2,-1007,-1,0,0,0,0,-20,0,0,"keyboard-control","OK",1782602960801,2075
1572,1782602960922,155147,0,0,-2,1,0,0,75,78,110,90,49,140.15,130,-19,-2,-1013,-1,0,0,0,0,-20,0,0,"keyboard-control","OK",1782602960901,2077
1573,1782602961030,155255,0,0,-2,0,0,0,75,78,110,90,49,140.11,130,3,-11,-977,-1,0,0,0,0,-20,0,0,"keyboard-control","OK",1782602961001,2079
1574,1782602961156,155381,0,0,-2,1,0,0,75,78,111,90,49,140.45,130,-15,0,-1022,-1,0,0,0,0,-20,0,0,"keyboard-control","OK",1782602961151,2082
1575,1782602961186,155411,0,0,-2,0,0,0,75,78,111,90,49,140.38,130,-19,-3,-1027,-1,0,0,0,0,-20,0,0,"keyboard-control","OK",1782602961151,2082
1576,1782602961327,155552,0,0,-2,0,0,0,75,78,112,90,49,140.25,130,-8,-4,-905,-1,0,0,0,0,-20,0,0,"keyboard-control","OK",1782602961301,2085
1577,1782602961352,155577,0,0,-2,0,0,0,75,78,112,90,49,140.38,130,6,-15,-992,-1,0,0,0,0,-20,0,0,"keyboard-control","OK",1782602961351,2086
1578,1782602961463,155688,1,0,-2,0,0,0,75,78,113,90,49,140.4,130,-12,-1,-1052,-1,0,0,0,0,-20,0,0,"keyboard-control","OK",1782602961452,2088
1579,1782602961566,155791,1,0,-2,0,0,0,75,78,113,90,49,140.18,131,-1,-14,-934,-1,0,0,0,0,-20,0,0,"keyboard-control","OK",1782602961551,2090
1580,1782602961679,155904,0,0,-2,0,0,0,75,78,113,90,49,140.19,131,16,-7,-912,-1,0,0,0,0,0,0,0,"keyboard-control","OK",1782602961651,2093
1581,1782602961789,156014,1,0,-2,0,0,0,75,78,113,90,49,140.08,131,23,-9,-997,-1,0,0,0,0,0,0,0,"keyboard-control","OK",1782602961751,2095
1582,1782602962004,156229,1,0,-2,0,0,0,75,78,112,90,49,140.23,131,-25,6,-978,-1,0,0,0,0,0,0,0,"keyboard-control","OK",1782602962001,2100
1583,1782602962062,156287,1,0,-2,-1,0,0,75,78,112,90,49,139.84,131,0,-3,-966,-1,0,0,0,0,0,0,0,"keyboard-control","OK",1782602962051,2101
1584,1782602962081,156306,0,0,-2,-1,0,0,75,78,111,90,49,140.15,131,-7,-4,-1011,-1,0,0,0,0,0,0,0,"keyboard-control","OK",1782602962051,2101
1585,1782602962114,156339,0,0,-2,-1,0,0,75,78,111,90,49,139.99,131,9,-14,-1038,-1,0,0,0,0,0,0,0,"keyboard-control","OK",1782602962101,2102
1586,1782602962198,156423,0,0,-2,-1,0,0,75,78,110,90,49,140.3,131,4,-1,-985,-1,0,0,0,0,0,-20,0,"keyboard-control","OK",1782602962151,2103
1587,1782602962354,156579,0,0,-2,-1,0,0,75,78,110,90,49,140.28,131,-1,-19,-1025,-1,0,0,0,0,0,-20,0,"keyboard-control","OK",1782602962351,2107
1588,1782602962463,156688,0,0,-2,0,0,0,75,78,110,90,49,140.28,131,-12,-15,-1010,-1,0,0,0,0,0,-20,0,"keyboard-control","OK",1782602962451,2109
1589,1782602962478,156703,-2,0,-2,0,0,0,75,78,110,90,49,140.21,132,-20,-9,-970,-1,0,0,0,0,0,-20,0,"keyboard-control","OK",1782602962451,2109
1590,1782602962596,156821,-2,0,-2,0,0,0,75,78,109,90,49,140.17,132,-12,-9,-1017,-1,0,0,0,0,0,-20,0,"keyboard-control","OK",1782602962551,2111
1591,1782602962766,156991,-2,0,-2,0,0,0,75,78,108,90,49,140.12,132,-8,-1,-945,-1,0,0,0,0,0,-20,0,"keyboard-control","OK",1782602962751,2115
1592,1782602962901,157126,-1,0,-2,0,0,0,75,78,108,90,49,139.95,132,-28,-14,-965,-1,0,0,0,0,0,-20,0,"keyboard-control","OK",1782602962901,2118
1593,1782602962908,157133,0,0,-2,0,0,0,75,78,106,90,48,140.02,132,-26,-9,-974,-1,0,0,0,0,0,-20,0,"keyboard-control","OK",1782602962901,2118
1594,1782602963018,157243,0,0,-2,0,0,0,75,78,105,90,48,140.04,132,-14,-4,-997,-1,0,0,0,0,0,-20,0,"keyboard-control","OK",1782602963001,2120
1595,1782602963060,157285,0,0,-2,0,0,0,75,78,105,90,48,140.46,132,-12,-14,-1011,-1,0,0,0,0,0,-20,0,"keyboard-control","OK",1782602963051,2121
1596,1782602963217,157442,0,0,-2,0,0,0,75,78,103,80,48,140.18,132,-9,-7,-1005,-1,0,0,0,0,0,-20,0,"keyboard-control","OK",1782602963201,2124
1597,1782602963298,157523,0,0,-2,0,0,0,75,78,102,80,48,139.64,132,-14,-19,-988,-1,0,0,0,0,0,-20,0,"keyboard-control","OK",1782602963251,2125
1598,1782602963374,157599,0,0,-3,0,0,0,75,78,101,80,48,139.89,132,5,-12,-1013,-1,0,0,0,0,0,-20,0,"keyboard-control","OK",1782602963351,2127
1599,1782602963454,157679,0,0,-3,0,0,0,75,78,100,80,48,140.08,133,-11,-12,-1019,-1,0,0,0,0,0,0,0,"keyboard-control","OK",1782602963451,2130
1600,1782602963601,157826,0,0,-3,0,0,0,76,77,99,80,48,139.98,133,8,-16,-981,-1,0,0,0,0,0,0,0,"keyboard-control","OK",1782602963601,2133
1601,1782602963663,157888,0,0,-3,0,0,0,76,77,97,80,48,139.8,133,-12,-10,-1023,-1,0,0,0,0,0,0,0,"keyboard-control","OK",1782602963651,2134
1602,1782602963757,157982,0,0,-3,0,0,1,76,77,96,80,48,140.18,133,-6,-12,-1030,-1,0,0,0,0,0,0,0,"keyboard-control","OK",1782602963751,2136
1603,1782602963835,158060,0,0,-3,0,0,0,76,77,95,80,48,139.89,133,13,-21,-1001,-1,0,0,0,0,0,0,0,"keyboard-control","OK",1782602963801,2137
1604,1782602963950,158175,0,0,-3,0,0,0,76,77,95,80,48,140.19,133,9,-25,-976,-1,0,0,0,0,0,0,0,"keyboard-control","OK",1782602963901,2139
1605,1782602964130,158355,0,0,-2,0,0,0,76,77,94,70,48,139.73,133,-10,-9,-1001,-1,0,0,0,0,0,0,0,"keyboard-control","OK",1782602964101,2143
1606,1782602964169,158394,0,0,-2,0,0,0,76,77,94,70,48,139.7,133,-35,-16,-1037,-1,0,0,0,0,0,0,0,"keyboard-control","OK",1782602964151,2144
1607,1782602964207,158432,0,0,-2,0,0,0,76,77,93,70,48,140,133,-13,-9,-1049,-1,0,0,0,0,0,0,0,"keyboard-control","OK",1782602964201,2145
1608,1782602964263,158488,0,0,-2,0,0,0,76,77,94,70,48,139.95,133,11,1,-1003,-1,0,0,0,0,0,0,0,"keyboard-control","OK",1782602964251,2146
1609,1782602964395,158620,0,0,-2,0,0,0,76,77,93,70,48,139.72,134,-14,-26,-1004,-1,0,0,0,0,0,0,0,"keyboard-control","OK",1782602964351,2148
1610,1782602964502,158727,0,0,-2,0,0,0,75,78,94,70,48,140.26,134,17,-17,-989,-1,0,0,0,0,0,0,0,"keyboard-control","OK",1782602964501,2151
1611,1782602964629,158854,0,0,-2,0,0,0,75,78,93,70,48,139.9,134,-22,-26,-1014,-1,0,0,0,0,0,0,0,"keyboard-control","OK",1782602964601,2153
1612,1782602964686,158911,0,0,-2,0,0,0,75,78,94,70,48,140.15,134,0,-9,-1004,-1,0,0,0,0,0,0,0,"keyboard-control","OK",1782602964652,2154
1613,1782602964842,159067,0,0,-2,0,0,0,75,78,94,70,48,139.89,134,-22,-25,-1025,-1,0,0,0,0,0,0,0,"keyboard-control","OK",1782602964801,2157
1614,1782602964893,159118,0,0,-2,0,0,0,75,78,94,70,48,140.17,134,-13,-13,-1008,-1,0,0,0,0,0,0,0,"keyboard-control","OK",1782602964851,2158
1615,1782602965010,159235,0,0,-2,0,0,0,75,78,94,70,48,140.16,134,11,-24,-995,-1,0,0,0,0,0,0,0,"keyboard-control","OK",1782602965001,2161
1616,1782602965019,159244,0,0,-2,0,0,0,75,78,94,70,48,139.91,134,2,-9,-998,-1,0,0,0,0,0,0,0,"keyboard-control","OK",1782602965001,2161
1617,1782602965144,159369,0,0,-2,0,0,0,75,78,94,70,48,140.06,134,11,-7,-990,-1,0,0,0,0,0,0,0,"keyboard-control","OK",1782602965101,2163
1618,1782602965339,159564,0,0,-2,0,0,0,75,78,94,70,48,139.95,135,-1,-1,-1004,-1,0,0,0,0,0,0,0,"keyboard-control","OK",1782602965301,2167
1619,1782602965347,159572,0,0,-2,0,0,0,75,78,93,70,48,139.82,135,-7,-8,-1010,-1,0,0,0,0,0,0,0,"keyboard-control","OK",1782602965301,2167
1620,1782602965441,159666,0,0,-2,0,0,0,76,78,94,70,48,139.79,135,-17,-4,-1004,-1,0,0,0,0,0,0,0,"keyboard-control","OK",1782602965401,2169
1621,1782602965537,159762,0,0,-2,0,0,0,76,78,94,70,48,140.05,135,7,-5,-1013,-1,0,0,0,0,0,0,0,"keyboard-control","OK",1782602965501,2171
1622,1782602965632,159857,0,0,-2,0,0,0,76,78,94,70,48,140.02,135,-1,-11,-1005,-1,0,0,0,0,0,0,0,"keyboard-control","OK",1782602965601,2173
1623,1782602965742,159967,0,0,-2,0,0,0,76,78,94,70,48,139.82,135,4,-16,-984,-1,0,0,0,0,0,0,0,"keyboard-control","OK",1782602965701,2175
1624,1782602965823,160048,0,0,-2,0,0,0,76,78,94,70,48,140,135,1,-1,-987,-1,0,0,0,0,0,0,0,"keyboard-control","OK",1782602965802,2177
1625,1782602965876,160101,0,0,-2,0,0,0,76,78,94,70,48,139.91,135,-9,-14,-982,-1,0,0,0,0,0,0,0,"keyboard-control","OK",1782602965851,2178
1626,1782602966194,160419,0,0,-2,0,0,0,76,78,93,70,48,139.94,135,-16,-8,-993,-1,0,0,0,0,0,0,0,"keyboard-control","OK",1782602966151,2184
1627,1782602966220,160445,0,0,-2,0,0,0,76,78,93,70,48,139.88,135,7,1,-981,-1,0,0,0,0,0,0,0,"keyboard-control","OK",1782602966201,2185
1628,1782602966227,160452,0,0,-2,0,0,0,76,78,93,70,48,140.07,136,12,-3,-1028,-1,0,0,0,0,0,0,0,"keyboard-control","OK",1782602966201,2185
1629,1782602966343,160568,0,0,-2,0,0,0,76,78,93,70,48,139.85,136,-21,-1,-998,-1,0,0,0,0,0,0,0,"keyboard-control","OK",1782602966301,2187
1630,1782602966349,160574,0,0,-2,0,0,0,76,79,92,70,48,140.11,136,-12,-18,-971,-1,0,0,0,0,0,0,0,"keyboard-control","OK",1782602966301,2187
1631,1782602966476,160701,0,0,-2,0,0,0,76,79,92,70,48,139.85,136,-28,-10,-990,-1,0,0,0,0,0,0,0,"keyboard-control","OK",1782602966451,2190
1632,1782602966605,160830,0,0,-2,0,0,0,76,79,92,70,48,139.79,136,-21,0,-992,-1,0,0,0,0,0,0,0,"keyboard-control","OK",1782602966601,2193
1633,1782602966733,160958,0,0,-2,0,0,0,76,79,92,70,47,140.07,136,3,-5,-1006,-1,0,0,0,0,0,0,0,"keyboard-control","OK",1782602966702,2195
1634,1782602966742,160967,0,0,-2,0,0,0,76,79,92,70,47,139.73,136,-25,0,-1003,-1,0,0,0,0,0,0,0,"keyboard-control","OK",1782602966702,2195
1635,1782602966821,161046,0,0,-2,0,0,0,76,79,92,70,47,139.64,136,-1,-6,-990,-1,0,0,0,0,0,-20,0,"keyboard-control","OK",1782602966802,2197
1636,1782602966934,161159,0,0,-2,0,0,0,76,79,92,70,47,139.77,136,-24,-13,-1006,-1,0,0,0,0,0,-20,0,"keyboard-control","OK",1782602966901,2199
1637,1782602967004,161229,0,0,-2,0,0,0,76,79,92,70,47,139.61,136,12,-2,-995,-1,0,0,0,0,0,-20,0,"keyboard-control","OK",1782602967001,2201
1638,1782602967121,161346,0,0,-2,0,0,0,76,79,92,70,47,139.73,137,-27,-4,-985,-1,0,0,0,0,0,-20,0,"keyboard-control","OK",1782602967101,2203
1639,1782602967214,161439,0,0,-2,0,0,0,76,79,92,70,47,140,137,-6,-4,-1023,-1,0,0,0,0,0,-20,0,"keyboard-control","OK",1782602967201,2205
1640,1782602967418,161643,0,0,-2,0,0,0,76,79,93,70,47,140.16,137,-12,-4,-943,-1,0,0,0,0,0,0,0,"keyboard-control","OK",1782602967401,2210
1641,1782602967441,161666,-1,0,-2,0,0,0,76,79,92,70,47,139.79,137,-11,-6,-1026,-1,0,0,0,0,0,0,0,"keyboard-control","OK",1782602967401,2210
1642,1782602967556,161781,-1,0,-2,0,0,0,76,79,91,70,47,139.9,137,-22,3,-970,-1,0,0,0,0,0,0,0,"keyboard-control","OK",1782602967551,2213
1643,1782602967622,161847,-1,0,-2,0,0,0,76,79,90,70,47,139.87,137,-10,-5,-968,-1,0,0,0,0,0,0,0,"keyboard-control","OK",1782602967601,2214
1644,1782602967710,161935,0,0,-2,0,0,0,76,79,89,70,47,139.78,137,-17,-8,-1001,-1,0,0,0,0,0,0,0,"keyboard-control","OK",1782602967701,2216
1645,1782602967761,161986,0,0,-2,0,0,0,76,79,87,70,47,139.7,137,6,-4,-1031,-1,0,0,0,0,0,0,0,"keyboard-control","OK",1782602967751,2217
1646,1782602967906,162131,0,0,-2,0,0,0,76,79,87,70,47,139.71,137,-12,-7,-998,-1,0,0,0,0,0,0,0,"keyboard-control","OK",1782602967901,2220
1647,1782602968012,162237,0,0,-2,0,0,0,76,79,86,70,47,139.74,137,0,13,-1052,-1,0,0,0,0,0,0,0,"keyboard-control","OK",1782602968001,2222
1648,1782602968126,162351,0,0,-2,0,0,0,76,79,85,70,47,139.5,138,-22,-14,-1020,-1,0,0,0,0,0,0,0,"keyboard-control","OK",1782602968101,2224
1649,1782602968189,162414,0,0,-2,0,0,0,76,79,85,70,47,139.71,138,5,-4,-990,-1,0,0,0,0,0,0,0,"keyboard-control","OK",1782602968151,2225
1650,1782602968398,162623,0,0,-2,0,0,0,76,79,84,70,47,139.53,138,-5,16,-1079,-1,0,0,0,0,0,0,0,"keyboard-control","OK",1782602968351,2229
1651,1782602968402,162627,0,0,-2,0,0,0,76,79,84,70,47,139.71,138,-30,12,-1009,-1,0,0,0,0,0,0,0,"keyboard-control","OK",1782602968401,2230
1652,1782602968506,162731,0,0,-2,0,0,0,76,79,84,70,47,139.96,138,-31,16,-1061,-1,0,0,0,0,0,0,0,"keyboard-control","OK",1782602968501,2232
1653,1782602968639,162864,0,0,-2,0,0,0,76,79,85,70,47,139.76,138,-5,-2,-1007,-1,0,0,0,0,0,0,0,"keyboard-control","OK",1782602968601,2234
1654,1782602968646,162871,0,0,-2,0,0,-1,76,79,85,70,47,139.69,138,-10,13,-984,-1,0,0,0,0,0,0,0,"keyboard-control","OK",1782602968601,2234
1655,1782602968758,162983,0,0,-2,0,0,0,76,79,85,70,47,139.87,138,-29,4,-1034,-1,0,0,0,0,0,0,0,"keyboard-control","OK",1782602968751,2237
1656,1782602968818,163043,0,0,-2,0,0,0,76,79,85,70,47,139.95,138,-12,-7,-1028,-1,0,0,0,0,0,0,0,"keyboard-control","OK",1782602968802,2238
1657,1782602968986,163211,0,0,-2,0,0,0,76,79,85,70,47,139.57,138,5,-8,-972,-1,0,0,0,0,0,0,0,"keyboard-control","OK",1782602968951,2241
1658,1782602969050,163275,0,0,-2,0,0,0,76,79,84,70,47,139.85,139,5,-8,-956,-1,0,0,0,0,0,0,0,"keyboard-control","OK",1782602969001,2242
1659,1782602969162,163387,0,0,-2,0,0,0,76,79,83,70,47,139.75,139,19,7,-971,-1,0,0,0,0,0,0,0,"keyboard-control","OK",1782602969151,2245
1660,1782602969226,163451,0,0,-2,0,0,0,76,78,81,70,47,139.64,139,-22,-2,-1054,-1,0,0,0,0,0,0,0,"keyboard-control","OK",1782602969201,2246
1661,1782602969333,163558,0,0,-2,0,0,0,76,78,81,60,47,139.37,139,-13,13,-1035,-1,0,0,0,0,0,0,0,"keyboard-control","OK",1782602969301,2248
1662,1782602969370,163595,0,0,-2,0,0,0,76,78,80,60,47,140.15,139,-12,21,-979,-1,0,0,0,0,0,0,0,"keyboard-control","OK",1782602969351,2249
1663,1782602969480,163705,-1,0,-2,0,0,0,76,78,80,60,47,139.4,139,-16,4,-1080,-1,0,0,0,0,0,0,0,"keyboard-control","OK",1782602969451,2251
1664,1782602969597,163822,-1,0,-2,0,0,0,76,78,80,60,47,139.7,139,-20,20,-1004,-1,0,0,0,0,0,0,0,"keyboard-control","OK",1782602969551,2253
1665,1782602969684,163909,-1,0,-2,0,0,0,76,78,80,60,47,139.73,139,6,4,-1016,-1,0,0,0,0,0,0,0,"keyboard-control","OK",1782602969651,2255
1666,1782602969741,163966,0,0,-2,0,0,0,76,78,81,60,47,139.78,139,-31,7,-1029,-1,0,0,0,0,0,0,0,"keyboard-control","OK",1782602969701,2256
1667,1782602969878,164103,0,0,-2,0,0,0,76,78,81,60,47,139.58,139,0,8,-1006,-1,0,0,0,0,0,0,0,"keyboard-control","OK",1782602969851,2259
1668,1782602969985,164210,0,0,-2,0,0,0,76,78,82,60,47,139.34,140,8,6,-968,-1,0,0,0,0,0,0,0,"keyboard-control","OK",1782602969951,2261
1669,1782602970119,164344,0,0,-2,0,0,0,76,78,83,60,47,139.51,140,-17,6,-1018,-1,0,0,0,0,0,0,0,"keyboard-control","OK",1782602970101,2264
1670,1782602970127,164352,0,0,-2,0,0,0,76,79,83,60,47,139.46,140,12,-7,-1032,-1,0,0,0,0,0,0,0,"keyboard-control","OK",1782602970101,2264
1671,1782602970286,164511,0,0,-2,0,0,0,76,79,84,60,47,139.3,140,-26,22,-1007,-1,0,0,0,0,0,0,0,"keyboard-control","OK",1782602970251,2267
1672,1782602970345,164570,0,0,-2,0,0,0,76,79,85,60,46,139.42,140,-17,-5,-1080,-1,0,0,0,0,0,0,0,"keyboard-control","OK",1782602970301,2268
1673,1782602970583,164808,0,0,-2,0,0,-1,76,79,86,70,46,139.63,140,15,-11,-992,-1,0,0,0,0,20,0,0,"keyboard-control","OK",1782602970552,2273
1674,1782602970590,164815,0,0,-2,0,0,0,76,79,86,70,46,139.41,140,2,-9,-946,-1,0,0,0,0,20,0,0,"keyboard-control","OK",1782602970552,2273
1675,1782602970595,164820,0,0,-2,0,0,0,76,79,86,70,46,139.33,140,5,13,-956,-1,0,0,0,0,20,0,0,"keyboard-control","OK",1782602970552,2273
1676,1782602970670,164895,0,0,-2,0,0,0,76,79,86,70,46,139.66,140,-3,8,-1010,-1,0,0,0,0,20,0,0,"keyboard-control","OK",1782602970651,2275
1677,1782602970765,164990,0,0,-2,0,0,0,76,79,87,70,46,139.66,140,-41,16,-1065,-1,0,0,0,0,20,0,0,"keyboard-control","OK",1782602970751,2277
1678,1782602970912,165137,0,0,-2,0,0,0,76,79,88,70,46,139.87,141,-42,24,-1039,-1,0,0,0,0,20,0,0,"keyboard-control","OK",1782602970901,2280
1679,1782602970998,165223,-1,0,-2,0,0,0,76,79,89,70,46,139.45,141,-20,16,-985,-1,0,0,0,0,20,0,0,"keyboard-control","OK",1782602970951,2281
1680,1782602971113,165338,-2,0,-2,0,0,0,76,78,91,70,46,139.77,141,-36,2,-1009,-1,0,0,0,0,20,0,0,"keyboard-control","OK",1782602971101,2284
1681,1782602971276,165501,-2,0,-2,0,0,0,76,78,92,70,46,139.57,141,6,-10,-1023,-1,0,0,0,0,0,0,0,"keyboard-neutral","OK",1782602971260,2288
1682,1782602971320,165545,-2,0,-2,0,0,0,76,78,93,70,46,139.79,141,-5,-9,-923,-1,0,0,0,0,0,0,0,"keyboard-control","OK",1782602971302,2289
1683,1782602971360,165585,-2,0,-2,0,0,0,76,78,94,70,46,139.76,141,-14,6,-969,-1,0,0,0,0,0,0,0,"keyboard-control","OK",1782602971351,2290
1684,1782602971473,165698,-1,0,-2,1,0,0,76,78,96,70,46,139.81,141,-46,26,-1056,-1,0,0,0,0,0,0,0,"keyboard-control","OK",1782602971451,2292
1685,1782602971541,165766,-1,0,-2,1,0,0,76,78,97,70,46,139.61,141,-23,17,-1017,-1,0,0,0,0,0,0,0,"keyboard-control","OK",1782602971501,2293
1686,1782602971616,165841,-1,0,-2,1,0,0,76,78,97,70,46,139.73,141,-27,22,-979,-1,0,0,0,0,0,0,0,"keyboard-control","OK",1782602971601,2295
1687,1782602971745,165970,0,0,-2,1,0,0,76,78,98,80,46,139.87,141,-48,10,-1013,-1,0,0,0,0,0,0,0,"keyboard-control","OK",1782602971701,2297
1688,1782602971917,166142,0,0,-2,1,0,0,76,78,99,80,46,139.7,142,-24,3,-976,-1,0,0,0,0,0,0,0,"keyboard-control","OK",1782602971901,2301
1689,1782602971922,166147,0,0,-2,1,0,0,76,78,99,80,46,139.73,142,-11,7,-950,-1,0,0,0,0,0,0,0,"keyboard-control","OK",1782602971901,2301
1690,1782602972015,166240,0,0,-2,1,0,0,76,78,99,80,46,140.07,142,-6,21,-1018,-1,0,0,0,0,0,0,0,"keyboard-control","OK",1782602972001,2303
1691,1782602972197,166422,0,0,-2,0,0,0,76,78,99,80,46,139.8,142,-4,3,-920,-1,0,0,0,0,0,0,0,"keyboard-control","OK",1782602972151,2306
1692,1782602972202,166427,1,0,-2,0,0,0,76,78,98,80,46,140.11,142,-15,6,-974,-1,0,0,0,0,0,0,0,"keyboard-control","OK",1782602972201,2307
1693,1782602972449,166674,1,0,-2,0,0,0,76,78,98,80,46,139.84,142,-16,6,-883,-1,0,0,0,0,0,0,0,"keyboard-control","OK",1782602972401,2311
1694,1782602972454,166679,1,0,-2,0,0,0,76,78,98,80,46,139.53,142,-20,19,-1090,-1,0,0,0,0,0,0,0,"keyboard-control","OK",1782602972451,2312
1695,1782602972512,166737,0,0,-2,0,0,0,76,78,98,80,46,139.76,142,0,3,-988,-1,0,0,0,0,0,0,0,"keyboard-control","OK",1782602972501,2313
1696,1782602972544,166769,0,0,-2,0,0,0,76,78,98,80,46,139.72,142,16,-15,-1026,-1,0,0,0,0,0,0,0,"keyboard-control","OK",1782602972501,2313
1697,1782602972705,166930,0,0,-2,0,0,0,76,78,98,80,46,139.68,142,-9,25,-983,-1,0,0,0,0,0,0,0,"keyboard-control","OK",1782602972701,2317
1698,1782602972798,167023,0,0,-2,0,0,0,76,78,99,80,46,139.51,143,11,-8,-1029,-1,0,0,0,0,0,0,0,"keyboard-control","OK",1782602972751,2318
1699,1782602972857,167082,0,0,-2,0,0,0,76,78,99,80,46,139.97,143,-17,0,-1039,-1,0,0,0,0,0,0,0,"keyboard-control","OK",1782602972851,2320
1700,1782602972986,167211,0,0,-2,0,0,0,76,79,99,80,46,139.61,143,40,11,-930,-1,0,0,0,0,0,0,0,"keyboard-control","OK",1782602972951,2322
1701,1782602973096,167321,0,0,-2,0,0,0,76,79,99,80,46,139.59,143,7,21,-1030,-1,0,0,0,0,0,0,0,"keyboard-control","OK",1782602973051,2324
1702,1782602973195,167420,0,0,-2,0,0,0,76,79,99,80,46,139.91,143,13,11,-1030,-1,0,0,0,0,0,0,0,"keyboard-control","OK",1782602973151,2326
1703,1782602973239,167464,0,0,-2,0,0,0,76,79,99,80,46,139.92,143,2,7,-1027,-1,0,0,0,0,0,0,0,"keyboard-control","OK",1782602973201,2327
1704,1782602973346,167571,0,0,-2,0,0,0,76,79,99,80,46,139.98,143,-17,23,-973,-1,0,0,0,0,0,0,0,"keyboard-control","OK",1782602973301,2329
1705,1782602973493,167718,0,0,-2,0,0,0,76,79,99,80,46,139.75,143,20,4,-951,-1,0,0,0,0,0,0,0,"keyboard-control","OK",1782602973451,2332
1706,1782602973498,167723,0,0,-2,0,0,0,76,79,99,80,46,139.87,143,-40,33,-1076,-1,0,0,0,0,0,0,0,"keyboard-control","OK",1782602973451,2332
1707,1782602973662,167887,0,0,-2,0,0,0,76,79,99,80,46,140.05,143,-5,10,-1035,-1,0,0,0,0,0,0,20,"keyboard-control","OK",1782602973651,2336
1708,1782602973854,168079,0,0,-2,0,0,0,76,79,98,80,46,139.83,144,18,8,-991,-1,0,0,0,0,0,0,20,"keyboard-control","OK",1782602973851,2340
1709,1782602973858,168083,0,0,-2,0,0,0,76,79,98,80,46,139.76,144,-6,15,-982,-1,0,0,0,0,0,0,20,"keyboard-control","OK",1782602973851,2340
1710,1782602973863,168088,0,0,-2,0,0,0,76,78,97,80,46,140.04,144,-14,8,-954,-1,0,0,0,0,0,0,20,"keyboard-control","OK",1782602973851,2340
1711,1782602973989,168214,0,0,-2,0,0,0,76,78,97,80,46,139.61,144,-7,3,-977,-1,0,0,0,0,0,0,20,"keyboard-control","OK",1782602973951,2342
1712,1782602974080,168305,0,0,-1,0,0,0,76,78,96,80,46,139.69,144,6,32,-951,-1,0,0,0,0,0,0,20,"keyboard-control","OK",1782602974051,2344
1713,1782602974192,168417,0,0,0,0,0,0,76,78,96,80,46,139.9,144,24,16,-983,-1,0,0,0,0,0,0,20,"keyboard-control","OK",1782602974151,2346
1714,1782602974297,168522,0,0,0,0,0,0,76,78,96,70,46,139.73,144,-3,0,-940,-1,0,0,0,0,0,0,20,"keyboard-control","OK",1782602974251,2348
1715,1782602974349,168574,0,-1,1,0,0,0,76,78,95,70,46,139.73,144,18,6,-1016,-1,0,0,0,0,0,0,20,"keyboard-control","OK",1782602974301,2349
1716,1782602974446,168671,0,0,2,0,0,0,76,78,95,70,46,139.63,144,-6,-2,-946,-1,0,0,0,0,0,0,20,"keyboard-control","OK",1782602974401,2351
1717,1782602974574,168799,0,0,3,0,0,0,76,78,94,70,46,139.73,144,15,0,-1012,-1,0,0,0,0,0,0,20,"keyboard-control","OK",1782602974551,2354
1718,1782602974706,168931,0,0,4,0,0,0,76,78,94,70,46,139.61,145,-16,8,-1011,-1,0,0,0,0,0,0,20,"keyboard-control","OK",1782602974701,2357
1719,1782602974712,168937,0,0,5,0,0,0,76,78,94,70,46,139.76,145,10,19,-965,-1,0,0,0,0,0,0,20,"keyboard-control","OK",1782602974701,2357
1720,1782602974845,169070,0,0,7,0,0,0,76,79,94,70,46,139.83,145,-6,40,-1065,-1,0,0,0,0,0,0,20,"keyboard-control","OK",1782602974801,2359
1721,1782602975008,169233,0,0,8,0,0,0,76,79,93,70,46,139.76,145,1,6,-954,-1,0,0,0,0,0,0,20,"keyboard-control","OK",1782602975001,2363
1722,1782602975067,169292,0,0,9,0,0,0,76,79,93,70,45,139.66,145,-10,16,-998,-1,0,0,0,0,0,0,20,"keyboard-control","OK",1782602975052,2364
1723,1782602975158,169383,0,0,10,0,0,0,76,79,93,70,45,139.64,145,-17,16,-1026,-1,0,0,0,0,0,0,20,"keyboard-control","OK",1782602975151,2366
1724,1782602975188,169413,0,0,11,0,0,0,76,79,93,70,45,139.85,145,-8,32,-982,-1,0,0,0,0,0,0,20,"keyboard-control","OK",1782602975151,2366
1725,1782602975239,169464,0,0,12,0,0,0,76,79,93,70,45,139.95,145,-13,27,-1028,-1,0,0,0,0,0,0,20,"keyboard-control","OK",1782602975201,2367
1726,1782602975410,169635,0,0,13,0,0,0,76,79,93,70,45,139.48,145,-32,0,-887,-1,0,0,0,0,0,0,20,"keyboard-control","OK",1782602975401,2371
1727,1782602975557,169782,0,0,14,0,0,0,76,79,92,70,45,139.52,145,-3,22,-994,-1,0,0,0,0,0,0,20,"keyboard-control","OK",1782602975551,2374
1728,1782602975569,169794,0,0,15,0,0,0,76,79,92,70,45,139.83,146,4,12,-1015,-1,0,0,0,0,0,0,20,"keyboard-control","OK",1782602975551,2374
1729,1782602975665,169890,0,0,16,0,0,0,76,79,92,70,45,139.5,146,-30,12,-983,-1,0,0,0,0,0,0,20,"keyboard-control","OK",1782602975651,2376
1730,1782602975792,170017,0,0,17,0,0,0,76,78,93,70,45,139.67,146,-16,13,-984,-1,0,0,0,0,0,0,20,"keyboard-control","OK",1782602975751,2378
1731,1782602975919,170144,0,0,18,0,0,0,76,78,93,70,45,139.56,146,17,16,-1039,-1,0,0,0,0,0,0,20,"keyboard-control","OK",1782602975901,2381
1732,1782602975992,170217,0,0,19,0,0,0,76,78,93,70,45,139.87,146,-27,30,-964,-1,0,0,0,0,0,0,20,"keyboard-control","OK",1782602975951,2382
1733,1782602976047,170272,0,0,20,0,0,0,76,78,94,70,45,139.59,146,-22,24,-1041,-1,0,0,0,0,0,0,20,"keyboard-control","OK",1782602976001,2383
1734,1782602976196,170421,0,0,21,0,0,0,76,78,93,70,45,139.8,146,0,27,-997,-1,0,0,0,0,0,0,20,"keyboard-control","OK",1782602976151,2386
1735,1782602976238,170463,0,0,22,0,0,0,76,78,95,70,45,139.84,146,0,11,-1002,-1,0,0,0,0,0,0,20,"keyboard-control","OK",1782602976201,2387
1736,1782602976314,170539,0,0,23,0,0,0,76,78,94,70,45,139.59,146,3,-1,-1007,-1,0,0,0,0,0,0,20,"keyboard-control","OK",1782602976301,2389
1737,1782602976460,170685,0,0,23,0,0,0,76,78,96,70,45,139.58,146,-16,22,-999,-1,0,0,0,0,0,0,20,"keyboard-control","OK",1782602976451,2392
1738,1782602976525,170750,0,0,24,0,0,0,76,78,96,70,45,139.89,147,21,2,-1017,-1,0,0,0,0,0,0,20,"keyboard-control","OK",1782602976501,2393
1739,1782602976627,170852,0,0,25,0,0,0,76,78,97,70,45,139.94,147,-5,13,-1007,-1,0,0,0,0,0,0,20,"keyboard-control","OK",1782602976601,2395
1740,1782602976745,170970,0,0,26,0,0,0,76,78,97,70,45,139.84,147,14,-1,-1008,-1,0,0,0,0,0,0,20,"keyboard-control","OK",1782602976701,2397
1741,1782602976919,171144,0,0,27,0,0,0,76,78,97,70,45,140,147,-27,25,-979,-1,0,0,0,0,0,0,20,"keyboard-control","OK",1782602976901,2401
1742,1782602976925,171150,0,0,28,0,0,0,76,78,97,70,45,139.67,147,0,13,-941,-1,0,0,0,0,0,0,20,"keyboard-control","OK",1782602976901,2401
1743,1782602977062,171287,0,0,29,0,0,0,76,78,97,80,45,139.48,147,-3,9,-1006,-1,0,0,0,0,0,0,20,"keyboard-control","OK",1782602977051,2404
1744,1782602977072,171297,0,0,30,0,0,0,76,78,98,80,45,139.61,147,-11,22,-1012,-1,0,0,0,0,0,0,20,"keyboard-control","OK",1782602977051,2404
1745,1782602977208,171433,0,0,31,0,0,0,76,78,98,80,45,139.36,147,5,-4,-1024,-1,0,0,0,0,0,0,20,"keyboard-control","OK",1782602977201,2407
1746,1782602977297,171522,0,0,32,0,0,0,76,78,99,80,45,139.53,147,9,23,-976,-1,0,0,0,0,0,0,20,"keyboard-control","OK",1782602977251,2408
1747,1782602977448,171673,0,0,33,0,0,0,76,78,99,80,45,139.77,147,0,11,-970,-1,0,0,0,0,0,0,20,"keyboard-control","OK",1782602977401,2411
1748,1782602977683,171908,0,0,34,0,0,0,76,78,99,80,45,139.68,148,2,19,-916,-1,0,0,0,0,0,0,0,"keyboard-control","OK",1782602977651,2417
1749,1782602977734,171959,0,0,35,0,0,0,76,78,99,80,45,139.5,148,-4,16,-971,-1,0,0,0,0,0,0,0,"keyboard-control","OK",1782602977701,2418
1750,1782602977755,171980,0,0,36,0,0,0,76,78,99,80,45,139.68,148,7,3,-997,-1,0,0,0,0,0,0,0,"keyboard-control","OK",1782602977751,2419
1751,1782602977807,172032,0,0,37,0,0,0,76,78,100,80,45,140.03,148,2,16,-959,-1,0,0,0,0,0,0,0,"keyboard-control","OK",1782602977801,2420
1752,1782602977848,172073,0,0,39,0,0,0,76,78,100,80,45,139.82,148,-10,12,-988,-1,0,0,0,0,0,0,0,"keyboard-control","OK",1782602977801,2420
1753,1782602977985,172210,0,0,39,0,0,0,76,78,100,80,45,139.86,148,17,4,-1000,-1,0,0,0,0,0,0,0,"keyboard-control","OK",1782602977951,2423
1754,1782602978045,172270,0,0,39,0,0,0,76,78,100,80,45,139.83,148,0,2,-971,-1,0,0,0,0,0,0,0,"keyboard-control","OK",1782602978001,2424
1755,1782602978246,172471,0,0,40,0,0,0,76,78,99,80,45,139.55,148,27,-13,-986,-1,0,0,0,0,0,0,0,"keyboard-control","OK",1782602978201,2428
1756,1782602978250,172475,0,0,41,0,0,0,76,78,99,80,45,139.59,148,21,4,-1017,-1,0,0,0,0,0,0,0,"keyboard-control","OK",1782602978201,2428
1757,1782602978326,172551,0,0,41,0,0,0,76,78,99,80,45,139.3,148,31,-29,-988,-1,0,0,0,0,0,0,0,"keyboard-control","OK",1782602978301,2430
1758,1782602978389,172614,0,0,42,0,0,0,76,78,99,80,45,139.7,149,23,-12,-1005,-1,0,0,0,0,0,0,0,"keyboard-control","OK",1782602978351,2431
1759,1782602978562,172787,0,0,42,0,0,0,76,78,98,80,45,139.71,149,-12,6,-992,-1,0,0,0,0,0,0,0,"keyboard-control","OK",1782602978551,2435
1760,1782602978624,172849,0,0,43,0,0,0,76,78,98,80,45,140.05,149,2,5,-998,-1,0,0,0,0,0,0,0,"keyboard-control","OK",1782602978601,2436
1761,1782602978714,172939,0,0,44,0,0,0,76,78,98,80,45,139.84,149,24,3,-994,-1,0,0,0,0,0,0,0,"keyboard-control","OK",1782602978701,2438
1762,1782602978848,173073,0,0,44,0,0,0,76,78,98,80,45,139.35,149,-16,14,-972,-1,0,0,0,0,0,0,0,"keyboard-control","OK",1782602978801,2440
1763,1782602978949,173174,0,0,44,0,0,0,76,78,98,80,45,139.48,149,1,14,-1000,-1,0,0,0,0,0,0,0,"keyboard-control","OK",1782602978901,2442
1764,1782602979023,173248,0,0,44,0,0,0,76,78,98,80,45,139.85,149,9,-5,-984,-1,0,0,0,0,0,0,0,"keyboard-control","OK",1782602979001,2444
1765,1782602979105,173330,0,0,44,0,0,0,76,78,98,80,45,139.63,149,16,4,-1028,-1,0,0,0,0,0,0,0,"keyboard-control","OK",1782602979102,2446
1766,1782602979142,173367,0,0,44,0,0,0,76,78,97,80,45,139.75,149,-4,-6,-1012,-1,0,0,0,0,0,0,0,"keyboard-control","OK",1782602979102,2446
1767,1782602979250,173475,0,0,44,0,0,0,76,78,97,80,45,139.95,150,14,-9,-989,-1,0,0,0,0,0,0,0,"keyboard-control","OK",1782602979201,2448
1768,1782602979357,173582,0,0,44,0,0,0,76,78,98,80,45,139.82,150,-4,-6,-955,-1,0,0,0,0,0,0,0,"keyboard-control","OK",1782602979351,2451
1769,1782602979503,173728,0,0,44,0,0,0,76,78,97,80,45,139.28,150,24,-22,-1016,-1,0,0,0,0,0,0,0,"keyboard-control","OK",1782602979501,2454
1770,1782602979507,173732,0,0,44,0,0,0,76,78,97,80,45,139.7,150,4,-2,-989,-1,0,0,0,0,0,0,0,"keyboard-control","OK",1782602979501,2454
1771,1782602979619,173844,0,0,44,0,0,0,76,78,97,80,45,139.67,150,34,-43,-981,-1,0,0,0,0,0,0,0,"keyboard-control","OK",1782602979601,2456
1772,1782602979746,173971,0,0,44,0,0,0,76,78,96,80,45,139.41,150,16,-25,-1018,-1,0,0,0,0,0,0,0,"keyboard-control","OK",1782602979701,2458
1773,1782602979821,174046,0,0,44,0,0,0,76,78,95,80,45,139.92,150,-8,-22,-986,-1,0,0,0,0,0,0,0,"keyboard-control","OK",1782602979802,2460
1774,1782602979914,174139,0,0,44,0,0,0,76,78,94,80,45,140.1,150,20,-20,-976,-1,0,0,0,0,0,0,0,"keyboard-control","OK",1782602979901,2462
1775,1782602979985,174210,0,0,44,0,0,0,76,78,93,70,45,139.99,150,-3,-15,-1002,-1,0,0,0,0,0,0,0,"keyboard-control","OK",1782602979951,2463
1776,1782602980112,174337,0,0,44,0,0,0,76,78,92,70,45,140.05,150,2,-12,-1020,-1,0,0,0,0,0,0,0,"keyboard-control","OK",1782602980101,2466
1777,1782602980184,174409,0,0,44,0,0,0,76,78,91,70,45,140.03,151,2,10,-1027,-1,0,0,0,0,0,0,0,"keyboard-control","OK",1782602980151,2467
1778,1782602980421,174646,0,0,44,0,0,0,76,78,91,70,45,139.79,151,-6,7,-997,-1,0,0,0,0,0,0,0,"keyboard-control","OK",1782602980401,2472
1779,1782602980528,174753,0,0,44,0,0,0,76,78,90,70,45,140.2,151,-16,-14,-1036,-1,0,0,0,0,0,0,-20,"keyboard-control","OK",1782602980501,2474
1780,1782602980532,174757,0,0,44,0,0,0,76,77,90,70,45,139.93,151,17,-41,-990,-1,0,0,0,0,0,0,-20,"keyboard-control","OK",1782602980501,2474
1781,1782602980554,174779,0,0,44,0,0,0,76,77,89,70,45,139.82,151,-2,-23,-1011,-1,0,0,0,0,0,0,-20,"keyboard-control","OK",1782602980551,2475
1782,1782602980668,174893,0,0,44,0,0,0,76,77,89,70,45,139.91,151,-13,-25,-991,-1,0,0,0,0,0,0,-20,"keyboard-control","OK",1782602980651,2477
1783,1782602980781,175006,0,0,44,0,0,0,76,77,89,70,45,139.92,151,-7,2,-993,-1,0,0,0,0,0,0,-20,"keyboard-control","OK",1782602980751,2479
1784,1782602980804,175029,0,0,43,0,0,0,76,77,88,70,45,139.75,151,-16,-24,-1012,-1,0,0,0,0,0,0,-20,"keyboard-control","OK",1782602980801,2480
1785,1782602980900,175125,0,0,43,0,0,0,76,77,88,70,45,140.11,151,10,-15,-975,-1,0,0,0,0,0,0,-20,"keyboard-control","OK",1782602980852,2481
1786,1782602981049,175274,0,0,42,0,0,0,76,77,88,70,45,139.91,151,-19,6,-1035,-1,0,0,0,0,0,0,-20,"keyboard-control","OK",1782602981001,2484
1787,1782602981122,175347,0,0,41,0,0,0,76,77,88,70,45,139.68,152,-6,-9,-1018,-1,0,0,0,0,0,0,-20,"keyboard-control","OK",1782602981101,2486
1788,1782602981232,175457,0,0,41,0,0,0,76,77,88,70,45,139.73,152,-8,-2,-1008,-1,0,0,0,0,0,0,-20,"keyboard-control","OK",1782602981201,2488
1789,1782602981286,175511,0,0,40,0,0,0,76,77,88,70,45,140.06,152,-12,-4,-1016,-1,0,0,0,0,0,0,-20,"keyboard-control","OK",1782602981251,2489
1790,1782602981414,175639,0,0,39,0,0,0,76,79,89,70,45,139.59,152,-13,7,-991,-1,0,0,0,0,0,0,-20,"keyboard-control","OK",1782602981401,2492
1791,1782602981562,175787,0,0,38,0,0,0,76,79,89,70,45,139.7,152,-27,7,-1035,-1,0,0,0,0,0,0,-20,"keyboard-control","OK",1782602981551,2495
1792,1782602981661,175886,0,0,38,0,0,0,76,79,90,70,45,139.75,152,1,-28,-1005,-1,0,0,0,0,0,0,-20,"keyboard-control","OK",1782602981651,2497
1793,1782602981704,175929,0,0,37,0,0,0,76,79,90,70,45,140.04,152,-8,-8,-1002,-1,0,0,0,0,0,0,-20,"keyboard-control","OK",1782602981701,2498
1794,1782602981786,176011,0,0,36,0,0,0,76,79,91,70,45,140.16,152,-34,11,-1032,-1,0,0,0,0,0,0,-20,"keyboard-control","OK",1782602981751,2499
1795,1782602981895,176120,0,0,35,0,0,0,76,79,91,70,45,139.96,152,-8,-24,-973,-1,0,0,0,0,0,0,-20,"keyboard-control","OK",1782602981851,2501
1796,1782602982023,176248,0,0,34,0,0,0,76,79,92,70,45,140,152,18,-35,-986,-1,0,0,0,0,0,0,-20,"keyboard-control","OK",1782602982001,2504
1797,1782602982093,176318,0,0,33,0,0,0,76,79,92,70,45,139.82,153,-4,-12,-969,-1,0,0,0,0,0,0,-20,"keyboard-control","OK",1782602982052,2505
1798,1782602982144,176369,0,0,32,0,0,0,76,79,92,70,45,140.04,153,25,-25,-1007,-1,0,0,0,0,0,0,-20,"keyboard-control","OK",1782602982101,2506
1799,1782602982291,176516,0,0,31,0,0,0,76,79,92,70,45,140.1,153,11,-13,-982,-1,0,0,0,0,0,0,-20,"keyboard-control","OK",1782602982251,2509
1800,1782602982364,176589,0,0,30,0,0,0,75,78,92,70,45,139.93,153,-26,-11,-992,-1,0,0,0,0,0,0,-20,"keyboard-control","OK",1782602982251,2509
1801,1782602982468,176693,0,0,29,0,0,0,75,78,92,70,45,139.85,153,-4,-7,-1015,-1,0,0,0,0,0,0,-20,"keyboard-control","OK",1782602982251,2509
1802,1782602982609,176834,0,0,28,0,0,0,75,78,92,70,44,140.06,153,-9,-8,-1036,-1,0,0,0,0,0,0,-20,"keyboard-control","OK",1782602982251,2509
1803,1782602982614,176839,0,0,27,0,0,0,75,78,92,70,44,139.78,153,-5,-20,-1022,-1,0,0,0,0,0,0,-20,"keyboard-control","OK",1782602982251,2509
1804,1782602982708,176933,0,0,26,0,0,0,75,78,92,70,44,140.02,153,-19,-4,-1013,-1,0,0,0,0,0,0,-20,"keyboard-control","OK",1782602982251,2509
1805,1782602982842,177067,0,0,25,0,0,0,75,78,92,70,44,139.69,153,5,-22,-989,-1,0,0,0,0,0,0,-20,"keyboard-control","OK",1782602982251,2509
1806,1782602982981,177206,0,0,24,0,0,0,75,78,92,70,44,139.83,153,21,-27,-1020,-1,0,0,0,0,0,0,-20,"keyboard-control","OK",1782602982251,2509
1807,1782602983048,177273,0,0,23,0,0,0,75,78,93,70,44,139.9,154,6,-17,-1041,-1,0,0,0,0,0,0,-20,"keyboard-control","OK",1782602982251,2509
1808,1782602983154,177379,0,0,22,0,0,0,75,78,93,70,44,140.03,154,0,-13,-996,-1,0,0,0,0,0,0,-20,"keyboard-control","OK",1782602982251,2509
1809,1782602983211,177436,0,0,21,0,0,0,75,78,93,70,44,139.89,154,7,-1,-1006,-1,0,0,0,0,0,0,-20,"keyboard-control","OK",1782602982251,2509
1810,1782602983333,177558,0,0,20,0,0,0,75,78,94,70,44,139.77,154,-21,11,-1003,-1,0,0,0,0,0,0,-20,"keyboard-control","OK",1782602982251,2509
1811,1782602983471,177696,0,0,18,0,0,0,75,78,94,70,44,139.7,154,9,5,-1064,-1,0,0,0,0,0,0,-20,"keyboard-control","OK",1782602982251,2509
1812,1782602983508,177733,0,0,17,0,0,0,75,78,94,70,44,139.86,154,10,-25,-1010,-1,0,0,0,0,0,0,-20,"keyboard-control","OK",1782602982251,2509
1813,1782602983585,177810,0,0,16,0,0,0,75,78,95,70,44,139.67,154,16,-13,-991,-1,0,0,0,0,0,0,-20,"keyboard-control","OK",1782602982251,2509
1814,1782602983640,177865,0,0,14,0,0,0,75,78,94,70,44,139.72,154,-10,-25,-946,-1,0,0,0,0,0,0,-20,"keyboard-control","OK",1782602982251,2509
1815,1782602983810,178035,0,0,13,0,0,0,75,78,95,70,44,139.95,154,35,-19,-1019,-1,0,0,0,0,0,0,-20,"keyboard-control","OK",1782602982251,2509
1816,1782602983889,178114,0,0,12,0,0,0,75,78,95,70,44,140.02,154,21,-27,-1006,-1,0,0,0,0,0,0,-20,"keyboard-control","OK",1782602982251,2509
1817,1782602983982,178207,0,0,10,0,0,0,75,78,95,70,44,139.87,155,-1,-10,-1031,-1,0,0,0,0,0,0,-20,"keyboard-control","OK",1782602982251,2509
1818,1782602984046,178271,0,0,9,0,0,0,75,78,95,70,44,139.82,155,0,-31,-1012,-1,0,0,0,0,0,0,-20,"keyboard-control","OK",1782602982251,2509
1819,1782602984150,178375,0,0,8,0,0,0,75,78,95,70,44,139.64,155,0,-14,-989,-1,0,0,0,0,0,0,-20,"keyboard-control","OK",1782602982251,2509
1820,1782602984262,178487,0,0,6,0,0,0,76,78,95,70,44,139.63,155,-1,2,-1002,-1,0,0,0,0,0,0,-20,"keyboard-control","OK",1782602982251,2509
1821,1782602984342,178567,0,0,5,0,0,0,76,78,94,70,44,139.57,155,-12,8,-957,-1,0,0,0,0,0,0,-20,"keyboard-control","OK",1782602982251,2509
1822,1782602984461,178686,0,0,4,0,0,0,76,78,94,70,44,139.59,155,-2,-7,-991,-1,0,0,0,0,0,0,-20,"keyboard-control","OK",1782602982251,2509
1823,1782602984517,178742,0,0,2,0,0,0,76,78,94,70,44,139.65,155,-10,-17,-998,-1,0,0,0,0,0,0,-20,"keyboard-control","OK",1782602982251,2509
1824,1782602984604,178829,0,0,1,0,0,0,76,78,94,70,44,139.67,155,0,-15,-975,-1,0,0,0,0,0,0,-20,"keyboard-control","OK",1782602982251,2509
1825,1782602984734,178959,0,0,0,0,0,0,76,78,93,70,44,139.76,155,3,-12,-970,-1,0,0,0,0,0,0,0,"keyboard-neutral","OK",1782602984690,2512
1826,1782602984811,179036,0,0,0,0,0,0,76,78,93,70,44,139.72,155,24,-22,-1004,-1,0,0,0,0,0,0,0,"keyboard-control","OK",1782602984794,2514
1827,1782602984919,179144,0,0,-2,0,0,0,76,78,93,70,44,139.96,156,14,-15,-993,-1,0,0,0,0,0,0,0,"keyboard-control","OK",1782602984898,2516
1828,1782602984985,179210,0,0,-3,0,0,0,76,78,92,70,44,139.72,156,6,6,-995,-1,0,0,0,0,0,0,0,"keyboard-control","OK",1782602984950,2517
1829,1782602985097,179322,0,0,-4,0,0,0,76,78,92,70,44,139.7,156,-17,-7,-1058,-1,0,0,0,0,0,0,0,"keyboard-control","OK",1782602985051,2519
1830,1782602985206,179431,0,0,-4,0,0,0,75,78,92,70,44,139.53,156,-6,-14,-1017,-1,0,0,0,0,0,0,0,"keyboard-control","OK",1782602985201,2522
1831,1782602985266,179491,0,0,-5,0,0,0,75,78,91,70,44,140.21,156,4,-6,-1039,-1,0,0,0,0,0,0,0,"keyboard-control","OK",1782602985251,2523
1832,1782602985360,179585,0,0,-5,0,0,0,75,78,91,70,44,139.95,156,-37,3,-1020,-1,0,0,0,0,0,0,0,"keyboard-control","OK",1782602985351,2525
1833,1782602985508,179733,0,0,-6,0,0,0,75,78,91,70,44,139.71,156,-29,-12,-1000,-1,0,0,0,0,0,0,0,"keyboard-control","OK",1782602985501,2528
1834,1782602985516,179741,0,0,-6,0,0,0,75,78,91,70,44,140.02,156,-16,-15,-1025,-1,0,0,0,0,0,0,0,"keyboard-control","OK",1782602985501,2528
1835,1782602989251,183476,0,0,-6,0,0,0,75,78,90,70,44,139.51,156,-13,-1,-1021,-1,0,0,0,0,0,0,20,"keyboard-control","OK",1782602989219,2557
1836,1782602989320,183545,0,0,-7,0,0,0,75,78,90,70,44,139.62,156,-20,-4,-1036,-1,0,0,0,0,0,0,20,"keyboard-control","OK",1782602989319,2559
1837,1782602989397,183622,0,0,-8,0,0,0,76,79,90,70,44,139.96,158,-39,5,-998,-1,0,0,0,0,0,0,20,"keyboard-control","OK",1782602989369,2560
1838,1782602989505,183730,0,0,-8,0,0,0,76,79,90,70,44,139.73,158,-13,-1,-1016,-1,0,0,0,0,0,0,20,"keyboard-control","OK",1782602989469,2562
1839,1782602989614,183839,0,0,-8,0,0,0,76,79,90,70,44,139.91,158,-25,0,-1057,-1,0,0,0,0,0,0,20,"keyboard-control","OK",1782602989569,2564
1840,1782602989724,183949,0,0,-8,0,0,0,76,79,90,70,44,139.86,158,-24,1,-1022,-1,0,0,0,0,0,0,0,"keyboard-control","OK",1782602989719,2568
1841,1782602989787,184012,0,0,-8,0,0,0,76,79,89,70,44,139.79,158,30,-13,-936,-1,0,0,0,0,0,0,0,"keyboard-control","OK",1782602989769,2569
1842,1782602989992,184217,0,0,-8,0,0,0,76,79,90,70,44,139.69,158,20,-12,-1007,-1,0,0,0,0,0,0,0,"keyboard-control","OK",1782602989969,2573
1843,1782602990024,184249,0,0,-7,0,0,0,76,79,90,70,44,139.72,159,0,-10,-967,-1,0,0,0,0,0,0,0,"keyboard-control","OK",1782602990019,2574
1844,1782602990076,184301,0,0,-7,0,0,0,76,79,90,70,44,139.74,159,-32,-17,-994,-1,0,0,0,0,0,0,0,"keyboard-control","OK",1782602990070,2575
1845,1782602990177,184402,0,0,-6,0,0,0,76,79,90,70,44,139.85,159,17,-25,-1061,-1,0,0,0,0,0,0,20,"keyboard-control","OK",1782602990169,2577
1846,1782602990286,184511,0,0,-6,0,0,0,76,78,90,70,44,139.55,159,21,-18,-971,-1,0,0,0,0,0,0,20,"keyboard-control","OK",1782602990269,2579
1847,1782602990357,184582,0,0,-5,0,0,0,76,78,90,70,44,139.93,159,9,-9,-900,-1,0,0,0,0,0,0,0,"keyboard-neutral","OK",1782602990344,2581
1848,1782602990489,184714,0,0,-5,0,0,0,76,78,90,70,44,139.96,159,24,-22,-1013,-1,0,0,0,0,0,0,0,"keyboard-control","OK",1782602990469,2584
1849,1782602990551,184776,0,0,-5,0,0,0,76,78,90,70,44,139.93,159,19,-10,-983,-1,0,0,0,0,0,0,0,"keyboard-control","OK",1782602990519,2585
1850,1782602990644,184869,0,0,-5,0,0,0,76,78,91,70,44,139.77,159,-1,13,-1031,-1,0,0,0,0,0,0,0,"keyboard-control","OK",1782602990619,2587
1851,1782602990796,185021,0,0,-4,0,0,0,76,78,91,70,44,139.77,159,17,-21,-991,-1,0,0,0,0,0,0,0,"keyboard-control","OK",1782602990769,2590
1852,1782602990855,185080,0,0,-4,0,0,0,76,78,91,70,44,139.72,159,-19,10,-1105,-1,0,0,0,0,0,0,0,"keyboard-control","OK",1782602990819,2591
1853,1782602990938,185163,0,0,-4,0,0,0,76,78,91,70,44,139.79,160,2,0,-1006,-1,0,0,0,0,0,0,20,"keyboard-control","OK",1782602990919,2593
1854,1782602990967,185192,0,0,-4,0,0,0,76,78,92,70,44,139.7,160,0,5,-925,-1,0,0,0,0,0,0,20,"keyboard-control","OK",1782602990919,2593
1855,1782602991167,185392,0,0,-4,0,0,0,76,78,92,70,44,139.63,160,33,-19,-987,-1,0,0,0,0,0,0,0,"keyboard-control","OK",1782602991120,2598
1856,1782602991279,185504,0,0,-3,0,0,0,76,79,92,70,44,139.59,160,-7,-2,-932,-1,0,0,0,0,0,0,0,"keyboard-control","OK",1782602991269,2601
1857,1782602991355,185580,0,0,-3,0,0,0,76,79,92,70,44,139.87,160,-23,-14,-1055,-1,0,0,0,0,0,0,0,"keyboard-control","OK",1782602991319,2602
1858,1782602991409,185634,0,0,-2,0,0,0,76,79,92,70,44,139.81,160,-15,7,-1006,-1,0,0,0,0,0,0,0,"keyboard-control","OK",1782602991370,2603
1859,1782602991508,185733,0,0,-2,0,0,0,76,79,92,70,44,139.74,160,-7,-20,-1005,-1,0,0,0,0,0,0,0,"keyboard-control","OK",1782602991470,2605
1860,1782602991543,185768,0,0,-2,0,0,0,76,79,92,70,44,139.73,160,33,-23,-990,-1,0,0,0,0,0,0,0,"keyboard-control","OK",1782602991520,2606
1861,1782602991624,185849,0,0,-2,0,0,0,76,79,92,70,44,140.02,160,-22,5,-959,-1,0,0,0,0,-20,0,0,"keyboard-control","OK",1782602991619,2608
1862,1782602991776,186001,0,0,-2,0,0,0,76,79,93,70,44,140.06,160,-16,-13,-1085,-1,0,0,0,0,-20,0,0,"keyboard-control","OK",1782602991769,2611
1863,1782602991868,186093,0,0,-2,0,0,0,76,79,93,70,44,140.02,161,22,-18,-983,-1,0,0,0,0,-20,0,0,"keyboard-control","OK",1782602991820,2612
1864,1782602991968,186193,0,0,-2,0,0,0,76,79,93,70,44,139.75,161,30,-26,-1008,-1,0,0,0,0,-20,0,0,"keyboard-control","OK",1782602991919,2614
1865,1782602992007,186232,0,0,-2,0,0,0,76,79,93,70,44,139.83,161,34,-21,-1010,-1,0,0,0,0,-20,0,0,"keyboard-control","OK",1782602991919,2614
1866,1782602992283,186508,1,0,-2,0,0,0,76,79,93,70,44,140.01,161,22,-12,-1026,-1,0,0,0,0,-20,0,0,"keyboard-control","OK",1782602991919,2614
1867,1782602992292,186517,1,0,-2,0,0,0,76,79,94,70,43,139.98,161,-13,5,-1003,-1,0,0,0,0,-20,0,0,"keyboard-control","OK",1782602991919,2614
1868,1782602992351,186576,1,0,-2,0,0,0,76,79,93,70,43,140.08,161,12,-14,-942,-1,0,0,0,0,-20,0,0,"keyboard-control","OK",1782602991919,2614
1869,1782602992429,186654,1,0,-2,0,0,0,76,79,94,70,43,139.77,161,12,-13,-855,-1,0,0,0,0,-20,0,0,"keyboard-control","OK",1782602991919,2614
1870,1782602992557,186782,1,0,-2,0,0,0,76,79,93,70,43,139.88,161,30,-11,-919,-1,0,0,0,0,-20,0,0,"keyboard-control","OK",1782602991919,2614
1871,1782602992741,186966,1,0,-2,0,0,0,76,79,94,70,43,139.85,161,1,-1,-1038,-1,0,0,0,0,-20,0,0,"keyboard-control","OK",1782602991919,2614
1872,1782602992750,186975,1,0,-2,-1,0,0,76,79,93,70,43,139.62,161,14,-12,-957,-1,0,0,0,0,-20,0,0,"keyboard-control","OK",1782602991919,2614
1873,1782602992859,187084,1,0,-2,-1,0,0,76,79,93,70,43,139.92,162,5,0,-1033,-1,0,0,0,0,-20,0,0,"keyboard-control","OK",1782602991919,2614
1874,1782602992868,187093,1,0,-2,-1,0,0,76,79,93,70,43,139.88,162,-18,3,-978,-1,0,0,0,0,-20,0,0,"keyboard-control","OK",1782602991919,2614
1875,1782602993023,187248,1,0,-2,-1,0,0,76,79,93,70,43,139.84,162,36,-9,-1017,-1,0,0,0,0,-20,0,0,"keyboard-control","OK",1782602991919,2614
1876,1782602993081,187306,1,0,-2,-1,0,0,76,78,93,70,43,139.85,162,-3,-3,-1019,-1,0,0,0,0,-20,0,0,"keyboard-control","OK",1782602991919,2614
1877,1782602993201,187426,1,0,-2,-1,0,0,76,78,93,70,43,139.96,162,-4,17,-937,-1,0,0,0,0,-20,0,0,"keyboard-control","OK",1782602991919,2614
1878,1782602993254,187479,1,0,-2,-1,0,0,76,78,93,70,43,140.02,162,-19,-10,-1073,-1,0,0,0,0,-20,0,0,"keyboard-control","OK",1782602991919,2614
1879,1782602993336,187561,0,0,-2,-1,0,0,76,78,94,70,43,139.75,162,-17,6,-1011,-1,0,0,0,0,-20,0,0,"keyboard-control","OK",1782602991919,2614
1880,1782602993462,187687,0,0,-2,-1,0,0,76,78,93,70,43,139.85,162,-2,-14,-972,-1,0,0,0,0,-20,0,0,"keyboard-control","OK",1782602991919,2614
1881,1782602993536,187761,0,0,-2,-1,0,0,76,78,93,70,43,139.79,162,25,-18,-935,-1,0,0,0,0,-20,0,0,"keyboard-control","OK",1782602991919,2614
1882,1782602993664,187889,0,0,-2,-1,0,0,76,78,92,70,43,139.95,162,-22,13,-983,-1,0,0,0,0,-20,0,0,"keyboard-control","OK",1782602991919,2614
1883,1782602993771,187996,0,0,-2,-1,0,0,76,78,91,70,43,140.04,163,-33,9,-1050,-1,0,0,0,0,-20,0,0,"keyboard-control","OK",1782602991919,2614
1884,1782602993845,188070,0,0,-2,-2,0,0,76,78,91,70,43,140.13,163,25,0,-973,-1,0,0,0,0,-20,0,0,"keyboard-control","OK",1782602991919,2614
1885,1782602993884,188109,0,0,-2,-1,0,0,76,78,90,70,43,139.8,163,36,-6,-891,-1,0,0,0,0,-20,0,0,"keyboard-control","OK",1782602991919,2614
1886,1782602994082,188307,0,0,-2,-1,0,0,77,79,88,70,43,139.89,163,14,4,-987,-1,0,0,0,0,-20,0,0,"keyboard-control","OK",1782602991919,2614
1887,1782602994143,188368,0,0,-2,-1,0,0,77,79,87,70,43,139.79,163,9,-12,-1019,-1,0,0,0,0,-20,0,0,"keyboard-control","OK",1782602991919,2614
1888,1782602994250,188475,0,0,-2,-1,0,0,77,79,86,70,43,139.75,163,12,0,-1026,-1,0,0,0,0,-20,0,0,"keyboard-control","OK",1782602991919,2614
1889,1782602994361,188586,1,0,-2,-1,0,0,77,79,86,70,43,139.97,163,30,-16,-992,-1,0,0,0,0,0,0,0,"keyboard-neutral","OK",1782602994346,2617
1890,1782602994366,188591,1,0,-2,-1,0,0,77,79,85,70,43,139.85,163,35,-10,-986,-1,0,0,0,0,0,0,0,"keyboard-neutral","OK",1782602994346,2617
1891,1782602994519,188744,1,0,-2,-1,0,0,77,79,85,70,43,139.94,163,-19,0,-1082,-1,0,0,0,0,20,0,0,"keyboard-control","OK",1782602994501,2620
1892,1782602994597,188822,0,0,-2,-1,0,0,77,79,85,70,43,139.84,163,9,14,-991,-1,0,0,0,0,20,0,0,"keyboard-control","OK",1782602994553,2621
1893,1782602994718,188943,0,0,-2,-2,0,0,77,79,86,70,43,139.69,164,-34,0,-1033,-1,0,0,0,0,20,0,0,"keyboard-control","OK",1782602994709,2624
1894,1782602994842,189067,0,0,-2,-2,0,0,77,79,87,70,43,139.8,164,-9,-5,-1019,-1,0,0,0,0,20,0,0,"keyboard-control","OK",1782602994813,2626
1895,1782602994880,189105,-1,0,-2,-2,0,0,77,79,88,70,43,139.78,164,4,0,-1019,-1,0,0,0,0,20,0,0,"keyboard-control","OK",1782602994865,2627
1896,1782602995006,189231,-2,0,-2,-1,0,0,77,79,89,70,43,139.66,164,-9,-7,-1063,-1,0,0,0,0,20,0,0,"keyboard-control","OK",1782602994970,2629
1897,1782602995080,189305,-2,0,-2,0,0,0,77,79,89,70,42,139.64,164,-3,5,-1001,-1,0,0,0,0,20,0,0,"keyboard-control","OK",1782602995069,2631
1898,1782602995189,189414,-2,0,-2,0,0,0,77,79,90,70,42,139.64,164,18,-22,-994,-1,0,0,0,0,20,0,0,"keyboard-control","OK",1782602995169,2633
1899,1782602995227,189452,-1,0,-2,0,0,0,77,79,90,70,42,140.21,164,-17,19,-991,-1,0,0,0,0,20,0,0,"keyboard-control","OK",1782602995220,2634
1900,1782602995348,189573,-1,0,-2,0,0,0,77,79,91,70,42,140.08,164,-9,-9,-1005,-1,0,0,0,0,0,0,0,"keyboard-control","OK",1782602995319,2637
1901,1782602995455,189680,-1,0,-2,0,0,0,77,79,91,70,42,140.11,164,-29,-3,-1010,-1,0,0,0,0,0,0,0,"keyboard-control","OK",1782602995420,2639
1902,1782602995532,189757,-1,0,-2,0,0,0,77,79,92,70,42,140.01,165,-21,0,-1029,-1,0,0,0,0,0,0,0,"keyboard-control","OK",1782602995519,2641
1903,1782602995665,189890,-1,0,-2,0,0,0,77,79,92,70,42,140.16,165,-7,-6,-977,-1,0,0,0,0,0,0,0,"keyboard-control","OK",1782602995620,2643
1904,1782602995756,189981,-1,0,-2,0,0,0,77,79,92,70,42,140.15,165,-11,-7,-853,-1,0,0,0,0,0,0,0,"keyboard-control","OK",1782602995720,2645
1905,1782602995878,190103,0,0,-2,1,0,0,77,79,91,70,42,139.82,165,-20,-17,-927,-1,0,0,0,0,0,0,0,"keyboard-control","OK",1782602995869,2648
1906,1782602995954,190179,0,0,-2,1,0,0,77,79,91,70,42,140.34,165,-23,1,-1037,-1,0,0,0,0,0,0,0,"keyboard-control","OK",1782602995920,2649
1907,1782602996156,190381,0,0,-2,1,0,0,77,79,90,70,42,139.84,165,-7,-16,-974,-1,0,0,0,0,0,0,0,"keyboard-control","OK",1782602996119,2653
1908,1782602996161,190386,0,0,-2,0,0,0,77,79,89,70,42,139.87,165,-12,14,-1032,-1,0,0,0,0,0,0,0,"keyboard-control","OK",1782602996119,2653
1909,1782602996177,190402,1,0,-2,0,0,0,77,79,89,70,42,140.03,165,-8,-25,-979,-1,0,0,0,0,0,0,0,"keyboard-control","OK",1782602996170,2654
1910,1782602996263,190488,1,0,-2,0,0,0,77,79,88,70,42,139.93,165,0,-8,-990,-1,0,0,0,0,0,0,0,"keyboard-control","OK",1782602996220,2655
1911,1782602996364,190589,0,0,-2,0,0,0,77,79,88,70,42,139.68,165,2,1,-998,-1,0,0,0,0,0,0,0,"keyboard-control","OK",1782602996320,2657
1912,1782602996504,190729,0,0,-2,0,0,0,77,79,88,70,42,140.02,166,8,13,-1024,-1,0,0,0,0,20,0,0,"keyboard-control","OK",1782602996469,2660
1913,1782602996687,190912,0,0,-2,0,0,0,77,79,88,70,42,139.74,166,-7,7,-1083,-1,0,0,0,0,20,0,0,"keyboard-control","OK",1782602996669,2664
1914,1782602996781,191006,0,0,-2,0,0,0,77,79,87,70,42,140.07,166,-29,-1,-979,-1,0,0,0,0,20,0,0,"keyboard-control","OK",1782602996770,2666
1915,1782602996785,191010,0,0,-2,0,0,0,77,79,87,70,42,140.08,166,-5,-15,-988,-1,0,0,0,0,20,0,0,"keyboard-control","OK",1782602996770,2666
1916,1782602996872,191097,-1,0,-2,0,0,0,77,79,88,70,42,140.2,166,-60,20,-975,-1,0,0,0,0,20,0,0,"keyboard-control","OK",1782602996869,2668
1917,1782602997029,191254,-1,0,-2,0,0,0,77,79,88,70,42,140.13,166,3,12,-929,-1,0,0,0,0,20,0,0,"keyboard-control","OK",1782602997020,2671
1918,1782602997096,191321,-1,0,-2,0,0,0,77,79,88,70,42,140.52,166,7,-1,-1000,-1,0,0,0,0,20,0,0,"keyboard-control","OK",1782602997069,2672
1919,1782602997140,191365,-1,0,-2,0,0,0,77,79,88,70,42,140.18,166,-28,16,-1025,-1,0,0,0,0,20,0,0,"keyboard-control","OK",1782602997119,2673
1920,1782602997238,191463,-1,0,-2,0,0,0,77,79,89,70,42,139.92,166,-16,0,-995,-1,0,0,0,0,20,0,0,"keyboard-control","OK",1782602997220,2675
1921,1782602997316,191541,-1,0,-2,0,0,0,77,79,89,70,42,139.88,166,-20,-6,-995,-1,0,0,0,0,0,0,0,"keyboard-neutral","OK",1782602997314,2677
1922,1782602997446,191671,-1,0,-2,0,0,0,77,79,90,70,42,140,167,-33,10,-1076,-1,0,0,0,0,0,0,0,"keyboard-control","OK",1782602997419,2680
1923,1782602997540,191765,-1,0,-2,1,0,0,77,79,90,70,42,140.3,167,-39,1,-1002,-1,0,0,0,0,0,0,0,"keyboard-control","OK",1782602997519,2682
1924,1782602997627,191852,-1,0,-2,1,0,0,77,79,91,70,42,139.91,167,-46,4,-1047,-1,0,0,0,0,0,0,0,"keyboard-control","OK",1782602997619,2684
1925,1782602997788,192013,0,0,-2,1,0,0,77,79,91,70,42,140.24,167,-18,-4,-1013,-1,0,0,0,0,0,0,0,"keyboard-control","OK",1782602997769,2687
1926,1782602997859,192084,0,0,-2,1,0,0,76,78,92,70,42,140.23,167,-12,-11,-1003,-1,0,0,0,0,0,0,0,"keyboard-control","OK",1782602997819,2688
1927,1782602997950,192175,0,0,-2,0,0,0,76,78,92,70,42,139.76,167,-16,1,-955,-1,0,0,0,0,0,0,0,"keyboard-control","OK",1782602997920,2690
1928,1782602998030,192255,0,0,-2,0,0,0,76,78,93,70,42,139.84,167,-10,-9,-1006,-1,0,0,0,0,0,0,0,"keyboard-control","OK",1782602998019,2692
1929,1782602998102,192327,0,0,-2,0,0,0,76,78,93,70,42,139.78,167,-23,-12,-1009,-1,0,0,0,0,0,0,0,"keyboard-control","OK",1782602998069,2693
1930,1782602998157,192382,1,0,-2,0,0,0,76,78,93,70,42,140.04,167,-42,-4,-1044,-1,0,0,0,0,0,0,0,"keyboard-control","OK",1782602998120,2694
1931,1782602998284,192509,1,0,-2,0,0,0,76,78,94,70,42,140.27,167,-7,-6,-982,-1,0,0,0,0,0,0,0,"keyboard-control","OK",1782602998270,2697
1932,1782602998395,192620,0,1,-2,0,0,0,76,78,95,70,42,139.75,168,-25,-2,-1011,-1,0,0,0,0,0,0,0,"keyboard-control","OK",1782602998370,2699
1933,1782602998513,192738,0,1,-2,0,0,0,76,78,95,70,42,139.88,168,-12,-14,-1000,-1,0,0,0,-20,20,0,0,"keyboard-control","OK",1782602998469,2701
1934,1782602998521,192746,0,1,-2,0,0,0,76,78,96,70,42,139.82,168,6,-17,-1023,-1,0,0,0,-20,20,0,0,"keyboard-control","OK",1782602998519,2702
1935,1782602998639,192864,0,1,-2,0,0,0,76,78,96,70,42,139.96,168,-9,-24,-1031,-1,0,0,0,-20,20,0,0,"keyboard-control","OK",1782602998620,2704
1936,1782602998764,192989,0,0,-2,0,0,0,76,79,96,70,42,139.81,168,-7,-13,-873,-1,0,0,0,-20,20,0,0,"keyboard-control","OK",1782602998719,2706
1937,1782602998857,193082,0,0,-2,0,0,0,76,79,97,70,42,139.98,168,-11,-21,-970,-1,0,0,0,0,20,0,0,"keyboard-control","OK",1782602998820,2708
1938,1782602998964,193189,0,0,-2,0,0,0,76,79,97,70,42,140.07,168,0,-10,-991,-1,0,0,0,0,0,0,0,"keyboard-control","OK",1782602998920,2711
1939,1782602999005,193230,-1,0,-2,0,0,0,76,79,98,70,42,139.87,168,5,-14,-1026,-1,0,0,0,0,0,0,0,"keyboard-control","OK",1782602998970,2712
1940,1782602999100,193325,-1,0,-2,0,0,0,76,79,99,80,42,140.11,168,-19,-21,-1008,-1,0,0,0,0,0,0,0,"keyboard-control","OK",1782602999070,2714
1941,1782602999221,193446,-1,0,-2,0,0,0,76,79,100,80,42,139.9,168,-13,-24,-1010,-1,0,0,0,0,0,0,0,"keyboard-control","OK",1782602999219,2717
1942,1782602999620,193845,-1,0,-2,0,0,0,76,79,101,80,42,140.05,169,-38,-2,-986,-1,0,0,0,0,0,0,0,"keyboard-control","OK",1782602999319,2719
1943,1782602999624,193849,-1,0,-2,0,0,0,76,79,102,80,42,139.75,169,2,-10,-972,-1,0,0,0,0,0,0,0,"keyboard-control","OK",1782602999319,2719
1944,1782602999692,193917,0,0,-2,0,0,0,76,79,102,80,42,139.54,169,7,-23,-1041,-1,0,0,0,0,0,0,0,"keyboard-control","OK",1782602999319,2719
1945,1782602999766,193991,0,0,-2,0,0,0,76,79,102,80,42,139.97,169,-34,-7,-1089,-1,0,0,0,0,0,0,0,"keyboard-control","OK",1782602999319,2719
1946,1782603000011,194236,0,0,-2,0,0,0,76,79,102,80,42,140.06,169,-14,-4,-976,-1,0,0,0,0,0,0,0,"keyboard-control","OK",1782602999319,2719
1947,1782603000017,194242,0,0,-2,0,0,0,76,79,102,80,42,139.89,169,-39,-25,-954,-1,0,0,0,0,0,0,0,"keyboard-control","OK",1782602999319,2719
1948,1782603000021,194246,1,1,-2,0,0,0,76,79,101,80,42,140.04,169,-24,-5,-1018,-1,0,0,0,0,0,0,0,"keyboard-control","OK",1782602999319,2719
1949,1782603000098,194323,0,1,-2,0,0,0,76,79,101,80,42,139.84,169,-38,-28,-977,-1,0,0,0,0,0,0,0,"keyboard-control","OK",1782602999319,2719
1950,1782603000136,194361,0,1,-2,0,0,0,76,79,100,80,42,139.82,169,-21,-4,-1080,-1,0,0,0,0,0,0,0,"keyboard-control","OK",1782602999319,2719
1951,1782603000140,194365,0,0,-2,0,0,0,76,79,99,80,42,140.09,169,1,-11,-871,-1,0,0,0,0,0,0,0,"keyboard-control","OK",1782602999319,2719
1952,1782603000212,194437,0,0,-2,0,0,0,76,79,98,80,42,139.93,170,5,-21,-1005,-1,0,0,0,0,0,0,0,"keyboard-control","OK",1782602999319,2719
1953,1782603000373,194598,0,1,-2,0,0,0,76,79,97,80,42,139.9,170,2,-26,-1062,-1,0,0,0,0,0,0,0,"keyboard-control","OK",1782602999319,2719
1954,1782603000520,194745,0,1,-2,0,0,0,76,79,96,80,42,139.84,170,1,-7,-972,-1,0,0,0,0,0,0,0,"keyboard-control","OK",1782602999319,2719
1955,1782603000526,194751,0,1,-2,0,0,0,76,79,95,80,42,139.94,170,-16,-18,-1046,-1,0,0,0,0,0,0,0,"keyboard-control","OK",1782602999319,2719
1956,1782603000679,194904,0,1,-2,0,0,0,76,79,95,70,41,139.91,170,-22,-13,-996,-1,0,0,0,0,0,0,0,"keyboard-control","OK",1782602999319,2719
1957,1782603000733,194958,0,1,-2,0,0,0,76,79,94,70,41,139.76,170,-18,-14,-980,-1,0,0,0,0,0,0,0,"keyboard-control","OK",1782602999319,2719
1958,1782603000813,195038,0,0,-2,0,0,0,76,79,93,70,41,139.78,170,-16,-18,-1030,-1,0,0,0,0,0,0,0,"keyboard-control","OK",1782602999319,2719
1959,1782603000863,195088,0,0,-2,0,0,0,76,79,92,70,41,140.15,170,-27,-7,-962,-1,0,0,0,0,0,0,0,"keyboard-control","OK",1782602999319,2719
1960,1782603001029,195254,0,0,-2,0,0,0,76,79,92,70,41,139.84,170,-4,-13,-1010,-1,0,0,0,0,0,0,0,"keyboard-control","OK",1782602999319,2719
1961,1782603001086,195311,0,0,-2,0,0,0,76,79,91,70,41,140.18,170,-11,-11,-1009,-1,0,0,0,0,0,0,0,"keyboard-control","OK",1782602999319,2719
1962,1782603001175,195400,0,0,-2,0,0,0,76,79,90,70,41,139.78,171,-5,-27,-1003,-1,0,0,0,0,0,0,0,"keyboard-control","OK",1782602999319,2719
1963,1782603001320,195545,0,0,-2,0,0,0,76,79,90,70,41,140.06,171,-5,-6,-1023,-1,0,0,0,0,0,0,0,"keyboard-control","OK",1782602999319,2719
1964,1782603001423,195648,0,0,-2,0,0,0,76,79,90,70,41,139.87,171,-11,-13,-1012,-1,0,0,0,0,0,0,0,"keyboard-control","OK",1782602999319,2719
1965,1782603001580,195805,0,0,-2,0,0,0,76,79,89,70,41,140.12,171,0,-16,-989,-1,0,0,0,0,0,0,0,"keyboard-control","OK",1782602999319,2719
1966,1782603001585,195810,0,1,-2,0,0,0,76,78,89,70,41,140.12,171,8,-11,-1020,-1,0,0,0,0,0,0,0,"keyboard-control","OK",1782602999319,2719
1967,1782603001677,195902,0,1,-2,0,0,0,76,78,89,70,41,140.11,171,-7,-19,-988,-1,0,0,0,0,0,0,0,"keyboard-control","OK",1782602999319,2719
1968,1782603001725,195950,0,1,-2,0,0,0,76,78,89,70,41,139.88,171,-12,-19,-982,-1,0,0,0,0,0,0,0,"keyboard-control","OK",1782602999319,2719
1969,1782603001838,196063,0,1,-2,0,0,0,76,78,88,70,41,139.68,171,-1,-19,-990,-1,0,0,0,0,0,0,0,"keyboard-control","OK",1782603001833,2725
1970,1782603001986,196211,0,0,-2,0,0,0,76,78,88,70,41,139.55,171,-21,-21,-1006,-1,0,0,0,0,0,0,0,"keyboard-control","OK",1782603001977,2728
1971,1782603002045,196270,0,0,-2,0,0,0,76,78,88,70,41,139.78,171,-22,-16,-970,-1,0,0,0,0,20,0,0,"keyboard-control","OK",1782603002025,2729
1972,1782603002130,196355,0,0,-2,0,0,0,76,78,88,70,41,139.53,172,3,-14,-1037,-1,0,0,0,0,20,0,0,"keyboard-control","OK",1782603002121,2731
1973,1782603002245,196470,0,0,-2,0,0,0,76,78,88,70,41,139.65,172,-15,-18,-992,-1,0,0,0,0,20,0,0,"keyboard-control","OK",1782603002219,2733
1974,1782603002347,196572,0,0,-2,0,0,0,76,78,88,70,41,139.79,172,-22,-13,-1014,-1,0,0,0,0,20,0,0,"keyboard-control","OK",1782603002319,2735
1975,1782603002394,196619,0,0,-2,0,0,0,76,78,89,70,41,139.96,172,-11,-8,-1023,-1,0,0,0,0,20,0,0,"keyboard-control","OK",1782603002369,2736
1976,1782603002528,196753,-1,0,-2,0,0,0,76,80,89,70,41,139.95,172,-14,-26,-1073,-1,0,0,0,0,20,0,0,"keyboard-control","OK",1782603002519,2739
1977,1782603002623,196848,-1,0,-2,0,0,0,76,80,89,70,41,139.8,172,-28,7,-941,-1,0,0,0,0,20,0,0,"keyboard-control","OK",1782603002619,2741
1978,1782603002733,196958,-2,0,-2,0,0,0,76,80,88,70,41,139.76,172,-24,-5,-993,-1,0,0,0,0,0,0,0,"keyboard-control","OK",1782603002719,2744
1979,1782603002763,196988,-1,0,-2,0,0,0,76,80,88,70,41,139.85,172,-44,-12,-1027,-1,0,0,0,0,0,0,0,"keyboard-control","OK",1782603002719,2744
1980,1782603002955,197180,-1,0,-2,0,0,0,76,80,87,70,41,139.62,172,-22,-17,-985,-1,0,0,0,0,0,0,0,"keyboard-control","OK",1782603002919,2748
1981,1782603003026,197251,-1,0,-2,1,0,0,76,80,87,70,41,139.75,172,-16,-12,-968,-1,0,0,0,0,0,0,0,"keyboard-control","OK",1782603003019,2750
1982,1782603003350,197575,0,0,-2,1,0,0,76,80,86,70,41,139.92,173,-19,-14,-1018,-1,0,0,0,0,0,0,0,"keyboard-control","OK",1782603003320,2756
1983,1782603003376,197601,0,0,-2,0,0,0,76,80,85,70,41,139.75,173,-14,0,-1027,-1,0,0,0,0,0,0,0,"keyboard-control","OK",1782603003370,2757
1984,1782603003397,197622,0,0,-2,0,0,0,76,80,86,70,41,139.51,173,-46,-7,-994,-1,0,0,0,0,0,0,0,"keyboard-control","OK",1782603003370,2757
1985,1782603003401,197626,0,0,-2,0,0,0,76,80,86,70,41,139.89,173,-25,-16,-1047,-1,0,0,0,0,0,0,0,"keyboard-control","OK",1782603003370,2757
1986,1782603003406,197631,0,0,-2,0,0,0,76,79,84,70,41,139.64,173,-12,-17,-1049,-1,0,0,0,0,0,0,0,"keyboard-control","OK",1782603003370,2757
1987,1782603003566,197791,1,0,-2,0,0,0,76,79,85,70,41,139.51,173,-17,5,-1043,-1,0,0,0,0,0,0,0,"keyboard-control","OK",1782603003520,2760
1988,1782603003690,197915,1,0,-2,0,0,0,76,79,85,70,41,139.72,173,-18,-5,-1033,-1,0,0,0,0,0,0,0,"keyboard-control","OK",1782603003669,2763
1989,1782603003739,197964,0,0,-2,0,0,0,76,79,85,70,41,139.67,173,-24,-9,-993,-1,0,0,0,0,0,0,0,"keyboard-control","OK",1782603003719,2764
1990,1782603003846,198071,0,0,-2,0,0,0,76,79,85,70,41,139.64,173,9,-1,-1004,-1,0,0,0,0,0,0,0,"keyboard-control","OK",1782603003820,2766
1991,1782603003990,198215,0,0,-2,0,0,0,76,79,86,70,41,139.94,173,19,-23,-980,-1,0,0,0,0,0,0,0,"keyboard-control","OK",1782603003969,2769
1992,1782603004050,198275,0,0,-2,0,0,0,76,79,86,70,41,139.7,174,-28,-13,-1036,-1,0,0,0,0,0,0,0,"keyboard-control","OK",1782603004019,2770
1993,1782603004099,198324,0,0,-2,0,0,0,76,79,86,70,41,139.75,174,-18,-18,-1038,-1,0,0,0,0,0,0,0,"keyboard-control","OK",1782603004069,2771
1994,1782603004209,198434,0,1,-2,0,0,0,76,79,87,70,41,139.74,174,-5,5,-919,-1,0,0,0,0,0,0,0,"keyboard-control","OK",1782603004169,2773
1995,1782603004320,198545,-1,1,-2,0,0,0,76,79,88,70,41,139.8,174,19,-21,-923,-1,0,0,0,0,0,0,0,"keyboard-control","OK",1782603004319,2776
1996,1782603004432,198657,0,0,-2,0,0,0,77,79,88,70,41,139.58,174,19,-4,-1019,-1,0,0,0,0,0,0,0,"keyboard-control","OK",1782603004420,2778
1997,1782603004473,198698,0,0,-2,0,0,0,77,79,88,70,41,139.61,174,-2,6,-1036,-1,0,0,0,0,0,0,0,"keyboard-control","OK",1782603004470,2779
1998,1782603004567,198792,0,0,-2,0,0,0,77,79,88,70,41,139.9,174,-17,-6,-1009,-1,0,0,0,0,0,0,0,"keyboard-control","OK",1782603004520,2780
1999,1782603004793,199018,0,0,-2,0,0,0,77,79,88,70,41,139.87,174,-22,-11,-1008,-1,0,0,0,0,0,0,0,"keyboard-control","OK",1782603004769,2785
2000,1782603004801,199026,0,0,-2,0,0,0,77,79,88,70,41,139.66,174,-30,-14,-972,-1,0,0,0,0,0,0,0,"keyboard-control","OK",1782603004769,2785
2001,1782603004872,199097,0,0,-2,0,0,0,77,79,88,70,41,139.68,174,-31,4,-1001,-1,0,0,0,0,0,0,0,"keyboard-control","OK",1782603004870,2787
2002,1782603004928,199153,0,0,-2,0,0,0,77,79,88,70,41,139.36,175,-4,-10,-1020,-1,0,0,0,0,0,-20,0,"keyboard-control","OK",1782603004919,2788
2003,1782603005116,199341,0,0,-2,0,0,0,77,79,89,70,41,139.54,175,-18,-12,-983,-1,0,0,0,0,0,-20,0,"keyboard-control","OK",1782603005069,2791
2004,1782603005163,199388,0,0,-2,0,0,0,77,79,89,70,41,139.59,175,-9,-10,-1007,-1,0,0,0,0,0,-20,0,"keyboard-control","OK",1782603005119,2792
2005,1782603005260,199485,0,0,-2,0,0,0,77,79,89,70,41,139.8,175,-32,0,-1013,-1,0,0,0,0,0,-20,0,"keyboard-control","OK",1782603005219,2794
2006,1782603005316,199541,-1,0,-2,0,0,0,76,79,89,70,40,139.68,175,4,-13,-930,-1,0,0,0,0,0,-20,0,"keyboard-control","OK",1782603005269,2795
2007,1782603005569,199794,-1,0,-2,0,0,0,76,79,89,70,40,139.65,175,-1,2,-984,-1,0,0,0,0,0,-20,0,"keyboard-control","OK",1782603005519,2800
2008,1782603005695,199920,0,0,-2,0,0,0,76,79,89,70,40,139.74,175,-17,-31,-1002,-1,0,0,0,0,0,-20,0,"keyboard-control","OK",1782603005669,2803
2009,1782603005699,199924,0,0,-2,0,0,0,76,79,88,70,40,139.75,175,-5,-4,-864,-1,0,0,0,0,0,-20,0,"keyboard-control","OK",1782603005669,2803
2010,1782603005729,199954,0,0,-2,0,0,0,76,79,87,70,40,139.91,175,-11,1,-1037,-1,0,0,0,0,0,-20,0,"keyboard-control","OK",1782603005719,2804
2011,1782603005790,200015,0,0,-2,0,0,0,76,79,87,70,40,139.8,175,-20,-9,-1016,-1,0,0,0,0,0,-20,0,"keyboard-control","OK",1782603005769,2805
2012,1782603005954,200179,0,0,-2,0,0,0,76,79,86,70,40,139.86,176,8,-16,-979,-1,0,0,0,0,0,-20,0,"keyboard-control","OK",1782603005919,2808
2013,1782603006110,200335,0,1,-2,0,0,0,76,79,85,70,40,139.81,176,9,-16,-953,-1,0,0,0,0,0,-20,0,"keyboard-control","OK",1782603006069,2811
2014,1782603006135,200360,0,1,-2,0,0,0,76,79,84,70,40,139.76,176,18,-20,-932,-1,0,0,0,0,0,-20,0,"keyboard-control","OK",1782603006120,2812
2015,1782603006171,200396,0,0,-2,0,0,0,76,79,83,60,40,139.37,176,-27,-16,-975,-1,0,0,0,0,0,-20,0,"keyboard-control","OK",1782603006169,2813
2016,1782603006266,200491,0,0,-2,0,0,0,76,79,82,60,40,139.51,176,6,-6,-1016,-1,0,0,0,0,0,-20,0,"keyboard-control","OK",1782603006220,2814
2017,1782603006395,200620,0,0,-2,0,0,0,76,79,81,60,40,139.75,176,-16,-8,-1025,-1,0,0,0,0,0,-20,0,"keyboard-control","OK",1782603006369,2817
2018,1782603006437,200662,0,0,-2,0,0,0,76,79,80,60,40,139.6,176,-17,10,-956,-1,0,0,0,0,0,-20,0,"keyboard-control","OK",1782603006420,2818
2019,1782603006546,200771,0,0,-2,0,0,0,76,79,79,60,40,139.83,176,-42,-9,-1054,-1,0,0,0,0,0,-20,0,"keyboard-control","OK",1782603006519,2820
2020,1782603006711,200936,0,0,-2,0,0,0,76,79,79,60,40,139.94,176,9,0,-1031,-1,0,0,0,0,0,-20,0,"keyboard-control","OK",1782603006669,2823
2021,1782603006771,200996,0,0,-2,0,0,0,76,79,78,60,40,139.78,176,-17,-10,-973,-1,0,0,0,0,0,-20,0,"keyboard-control","OK",1782603006719,2824
2022,1782603006900,201125,0,0,-2,0,0,0,76,79,78,60,40,139.85,177,-7,1,-1000,-1,0,0,0,0,0,-20,0,"keyboard-control","OK",1782603006719,2824
2023,1782603007001,201226,0,0,-2,0,0,0,76,79,77,60,40,139.56,177,-12,-13,-1049,-1,0,0,0,0,0,-20,0,"keyboard-control","OK",1782603006719,2824
2024,1782603007051,201276,0,0,-2,0,0,0,76,79,77,60,40,139.71,177,29,4,-933,-1,0,0,0,0,0,-20,0,"keyboard-control","OK",1782603006719,2824
2025,1782603007107,201332,0,0,-2,0,0,0,76,79,76,60,40,139.54,177,-8,-15,-1023,-1,0,0,0,0,0,-20,0,"keyboard-control","OK",1782603006719,2824
2026,1782603007212,201437,0,0,-2,0,0,0,76,78,75,50,40,139.77,177,-1,1,-1103,-1,0,0,0,0,0,-20,0,"keyboard-control","OK",1782603006719,2824
2027,1782603007324,201549,0,0,-2,0,0,0,76,78,75,50,40,139.55,177,-22,-15,-951,-1,0,0,0,0,0,-20,0,"keyboard-control","OK",1782603006719,2824
2028,1782603007413,201638,0,0,-2,0,0,0,76,78,74,50,40,140.07,177,10,-12,-958,-1,0,0,0,0,0,-20,0,"keyboard-control","OK",1782603006719,2824
2029,1782603007437,201662,0,0,-2,0,0,0,76,78,74,50,40,139.9,177,-4,7,-1045,-1,0,0,0,0,0,-20,0,"keyboard-control","OK",1782603006719,2824
2030,1782603007607,201832,0,0,-2,0,0,0,76,78,74,50,40,139.5,177,-42,11,-1100,-1,0,0,0,0,0,-20,0,"keyboard-control","OK",1782603006719,2824
2031,1782603007752,201977,0,0,-2,0,0,0,76,78,73,50,40,139.76,178,-18,6,-1020,-1,0,0,0,0,0,-20,0,"keyboard-control","OK",1782603006719,2824
2032,1782603007760,201985,0,0,-2,0,0,0,76,78,73,50,40,139.82,178,-11,4,-937,-1,0,0,0,0,0,-20,0,"keyboard-control","OK",1782603006719,2824
2033,1782603007844,202069,0,0,-2,0,0,0,76,78,73,50,40,139.59,178,0,-13,-1009,-1,0,0,0,0,0,-20,0,"keyboard-control","OK",1782603006719,2824
2034,1782603007969,202194,0,0,-2,0,0,0,76,78,72,50,40,139.47,178,-18,13,-1011,-1,0,0,0,0,0,-20,0,"keyboard-control","OK",1782603006719,2824
2035,1782603008121,202346,0,0,-2,0,0,0,76,78,72,50,40,139.67,178,-42,10,-990,-1,0,0,0,0,0,-20,0,"keyboard-control","OK",1782603006719,2824
2036,1782603008215,202440,0,0,-2,0,0,0,76,80,72,50,40,139.95,178,-26,-7,-977,-1,0,0,0,0,0,-20,0,"keyboard-control","OK",1782603006719,2824
2037,1782603008269,202494,0,0,-2,0,0,0,76,80,71,50,40,139.39,178,1,-1,-983,-1,0,0,0,0,0,-20,0,"keyboard-control","OK",1782603006719,2824
2038,1782603008322,202547,0,0,-2,0,0,0,76,80,71,50,40,139.59,178,-13,5,-995,-1,0,0,0,0,0,-20,0,"keyboard-control","OK",1782603006719,2824
2039,1782603008509,202734,0,0,-1,0,0,0,76,80,70,50,40,139.69,178,-18,0,-1006,-1,0,0,0,0,0,-20,0,"keyboard-control","OK",1782603006719,2824
2040,1782603008619,202844,0,0,-1,0,0,0,76,80,70,50,40,139.9,178,-16,11,-1004,-1,0,0,0,0,0,-20,0,"keyboard-control","OK",1782603006719,2824
2041,1782603008627,202852,0,0,-2,0,0,0,76,80,69,50,40,139.77,179,-16,-3,-1013,-1,0,0,0,0,0,-20,0,"keyboard-control","OK",1782603006719,2824
2042,1782603008707,202932,0,0,-2,0,0,0,76,80,69,50,40,139.67,179,4,-4,-997,-1,0,0,0,0,0,-20,0,"keyboard-control","OK",1782603006719,2824
2043,1782603008790,203015,0,0,-2,0,0,0,76,80,68,50,40,139.78,179,8,0,-992,-1,0,0,0,0,0,-20,0,"keyboard-control","OK",1782603006719,2824
2044,1782603008912,203137,0,0,-2,0,0,0,76,80,68,50,40,139.23,179,-29,13,-1015,-1,0,0,0,0,0,-20,0,"keyboard-control","OK",1782603006719,2824
2045,1782603009032,203257,0,0,-2,0,0,0,76,80,68,50,40,139.79,179,-39,10,-988,-1,0,0,0,0,0,-20,0,"keyboard-control","OK",1782603006719,2824
2046,1782603009213,203438,0,0,-2,0,0,0,77,79,67,50,40,140.01,179,-10,-7,-999,-1,0,0,0,0,0,0,0,"keyboard-control","OK",1782603009179,2827
2047,1782603009219,203444,0,0,-2,0,0,0,77,79,67,50,40,139.72,179,-4,0,-987,-1,0,0,0,0,0,0,0,"keyboard-control","OK",1782603009179,2827
2048,1782603009269,203494,0,0,-2,0,0,0,77,79,66,50,40,139.63,179,47,-31,-1002,-1,0,0,0,0,0,0,0,"keyboard-control","OK",1782603009227,2828
2049,1782603009352,203577,0,0,-2,0,0,0,77,79,66,40,40,139.61,179,-53,19,-989,-1,0,0,0,0,0,0,0,"keyboard-control","OK",1782603009323,2830
2050,1782603009495,203720,0,0,-2,0,0,0,77,79,65,40,40,139.84,179,-13,2,-1014,-1,0,0,0,0,0,0,0,"keyboard-control","OK",1782603009469,2833
2051,1782603009559,203784,0,0,-2,0,0,0,77,79,65,40,40,139.75,180,-6,-3,-1010,-1,0,0,0,0,0,0,0,"keyboard-control","OK",1782603009519,2834
2052,1782603009660,203885,0,0,-2,0,0,0,77,79,64,40,40,139.46,180,-13,10,-1015,-1,0,0,0,0,0,0,0,"keyboard-control","OK",1782603009619,2836
2053,1782603009785,204010,0,0,-2,0,0,0,77,79,64,40,40,140.04,180,-28,-2,-1045,-1,0,0,0,0,0,0,0,"keyboard-control","OK",1782603009770,2839
2054,1782603009867,204092,0,0,-2,0,0,0,77,79,64,40,40,139.67,180,-13,15,-1030,-1,0,0,0,0,0,0,0,"keyboard-control","OK",1782603009819,2840
2055,1782603009934,204159,0,0,-2,0,0,0,77,79,64,40,40,139.54,180,-15,-2,-994,-1,0,0,0,0,0,0,0,"keyboard-control","OK",1782603009919,2842
2056,1782603010058,204283,0,0,-2,0,0,0,76,79,64,40,40,139.84,180,4,-1,-988,-1,0,0,0,0,0,0,0,"keyboard-control","OK",1782603010020,2844
2057,1782603010156,204381,0,0,-2,0,0,0,76,79,64,40,40,139.71,180,-34,2,-980,-1,0,0,0,0,0,0,0,"keyboard-control","OK",1782603010119,2846
2058,1782603010203,204428,0,0,-2,0,0,0,76,79,64,40,40,139.52,180,12,-12,-988,-1,0,0,0,0,0,0,0,"keyboard-control","OK",1782603010169,2847
2059,1782603010316,204541,0,0,-2,0,0,0,76,79,64,40,40,139.46,180,-6,-4,-1000,-1,0,0,0,0,0,0,0,"keyboard-control","OK",1782603010269,2849
2060,1782603010407,204632,0,0,-2,0,0,0,76,79,64,40,40,139.25,180,-22,6,-999,-1,0,0,0,0,0,0,0,"keyboard-control","OK",1782603010369,2851
2061,1782603010527,204752,0,0,-2,0,0,0,76,79,64,40,40,139.31,181,-15,0,-1004,-1,0,0,0,0,0,0,0,"keyboard-control","OK",1782603010520,2854
2062,1782603010670,204895,0,0,-2,0,0,0,76,79,65,40,40,139.85,181,-20,-2,-1022,-1,0,0,0,0,0,0,0,"keyboard-control","OK",1782603010669,2857
2063,1782603010722,204947,0,0,-2,0,0,0,76,79,65,40,40,139.65,181,-21,-20,-969,-1,0,0,0,0,0,0,0,"keyboard-control","OK",1782603010720,2858
2064,1782603010760,204985,0,0,-2,0,0,0,76,79,65,40,40,139.37,181,3,-1,-1016,-1,0,0,0,0,0,0,0,"keyboard-control","OK",1782603010720,2858
2065,1782603010871,205096,0,0,-2,0,0,0,76,79,65,40,40,139.42,181,1,-8,-988,-1,0,0,0,0,0,0,0,"keyboard-control","OK",1782603010869,2861
2066,1782603011003,205228,0,0,-2,0,0,0,76,78,65,40,40,139.24,181,4,-3,-1005,-1,0,0,0,0,0,0,0,"keyboard-control","OK",1782603010969,2863
2067,1782603011109,205334,0,0,-2,0,0,0,76,78,64,40,40,139.07,181,-36,5,-1015,-1,0,0,0,0,0,0,0,"keyboard-control","OK",1782603011070,2865
2068,1782603011178,205403,0,0,-2,0,0,0,76,78,65,40,40,139.59,181,12,-5,-976,-1,0,0,0,0,0,0,0,"keyboard-control","OK",1782603011169,2867
2069,1782603011336,205561,0,0,-2,0,0,0,76,78,64,40,40,139.57,181,-38,11,-1033,-1,0,0,0,0,0,20,0,"keyboard-control","OK",1782603011320,2870
2070,1782603011343,205568,0,0,-2,0,0,0,76,78,64,40,40,139.67,181,-10,-10,-1013,-1,0,0,0,0,0,20,0,"keyboard-control","OK",1782603011320,2870
2071,1782603011429,205654,0,0,-2,0,0,0,76,78,64,40,40,139.75,182,-6,-22,-1013,-1,0,0,0,0,0,20,0,"keyboard-control","OK",1782603011420,2872
2072,1782603011558,205783,0,0,-2,0,0,0,76,78,65,40,40,139.53,182,-9,-13,-985,-1,0,0,0,0,0,20,0,"keyboard-control","OK",1782603011520,2874
2073,1782603011673,205898,0,0,-2,0,0,0,76,78,65,40,40,139.35,182,2,-23,-1067,-1,0,0,0,0,0,20,0,"keyboard-control","OK",1782603011669,2877
2074,1782603011714,205939,0,0,-2,0,0,0,76,78,65,40,40,139.4,182,-7,6,-932,-1,0,0,0,0,0,20,0,"keyboard-control","OK",1782603011669,2877
2075,1782603011835,206060,0,0,-2,0,0,0,76,78,65,40,39,139.26,182,4,2,-966,-1,0,0,0,0,0,20,0,"keyboard-control","OK",1782603011820,2880
2076,1782603011950,206175,0,0,-2,0,0,0,77,79,66,40,39,139.47,182,-20,-1,-1074,-1,0,0,0,0,0,20,0,"keyboard-control","OK",1782603011919,2882
2077,1782603012059,206284,0,0,-2,0,0,0,77,79,67,40,39,139.53,182,-12,0,-1025,-1,0,0,0,0,0,20,0,"keyboard-control","OK",1782603012019,2884
2078,1782603012143,206368,0,0,-2,0,0,0,77,79,68,50,39,139.57,182,9,-7,-1017,-1,0,0,0,0,0,20,0,"keyboard-control","OK",1782603012120,2886
2079,1782603012173,206398,0,0,-2,0,0,0,77,79,69,50,39,139.51,182,-8,1,-1067,-1,0,0,0,0,0,20,0,"keyboard-control","OK",1782603012169,2887
2080,1782603012308,206533,0,0,-2,0,0,-1,77,79,70,50,39,139.3,182,-13,-8,-961,-1,0,0,0,0,0,20,0,"keyboard-control","OK",1782603012269,2889
2081,1782603012432,206657,0,0,-2,0,0,0,77,79,72,50,39,139.32,183,-10,14,-990,-1,0,0,0,0,0,20,0,"keyboard-control","OK",1782603012419,2892
2082,1782603012479,206704,0,0,-2,0,0,0,77,79,73,50,39,139.43,183,-28,-5,-970,-1,0,0,0,0,0,20,0,"keyboard-control","OK",1782603012470,2893
2083,1782603012610,206835,0,0,-2,0,0,0,77,79,74,50,39,139.34,183,-35,17,-960,-1,0,0,0,0,0,20,0,"keyboard-control","OK",1782603012570,2895
2084,1782603012676,206901,0,0,-2,0,0,0,77,79,75,50,39,139.09,183,-9,-6,-912,-1,0,0,0,0,0,20,0,"keyboard-control","OK",1782603012670,2897
2085,1782603012872,207097,0,0,-2,0,0,0,77,79,76,50,39,139.81,183,28,-13,-1014,-1,0,0,0,0,0,20,0,"keyboard-control","OK",1782603012870,2901
2086,1782603012904,207129,0,0,-2,0,0,0,77,78,77,50,39,139.27,183,1,12,-1022,-1,0,0,0,0,0,20,0,"keyboard-control","OK",1782603012870,2901
2087,1782603012942,207167,0,0,-2,0,0,0,77,78,78,60,39,139.5,183,-18,8,-998,-1,0,0,0,0,0,20,0,"keyboard-control","OK",1782603012919,2902
2088,1782603013043,207268,0,0,-2,0,0,0,77,78,79,60,39,139.16,183,25,1,-935,-1,0,0,0,0,0,20,0,"keyboard-control","OK",1782603013020,2904
2089,1782603013125,207350,0,0,-2,0,0,0,77,78,80,60,39,139.59,183,-39,17,-1018,-1,0,0,0,0,0,20,0,"keyboard-control","OK",1782603013119,2906
2090,1782603013247,207472,0,0,-2,0,0,-1,77,78,82,60,39,139.43,183,-5,3,-933,-1,0,0,0,0,0,20,0,"keyboard-control","OK",1782603013219,2908
2091,1782603013326,207551,0,0,-2,0,0,-1,77,78,83,60,39,139.51,184,-10,0,-992,-1,0,0,0,0,0,20,0,"keyboard-control","OK",1782603013319,2910
2092,1782603013455,207680,0,0,-2,0,0,-1,77,78,84,60,39,139.55,184,26,-7,-997,-1,0,0,0,0,0,20,0,"keyboard-control","OK",1782603013419,2912
2093,1782603013521,207746,0,0,-2,0,0,0,77,78,86,60,39,139.47,184,12,13,-1053,-1,0,0,0,0,0,20,0,"keyboard-control","OK",1782603013519,2914
2094,1782603013617,207842,0,0,-2,0,0,0,77,78,86,60,39,139.58,184,-34,14,-984,-1,0,0,0,0,0,20,0,"keyboard-control","OK",1782603013569,2915
2095,1782603013730,207955,0,0,-2,0,0,0,77,78,88,70,39,139.67,184,26,-13,-949,-1,0,0,0,0,0,20,0,"keyboard-control","OK",1782603013719,2918
2096,1782603013777,208002,0,0,-2,0,0,0,76,78,89,70,39,139.54,184,3,-6,-1011,-1,0,0,0,0,0,20,0,"keyboard-control","OK",1782603013769,2919
2097,1782603013904,208129,0,0,-2,0,0,0,76,78,90,70,39,139.77,184,4,-7,-929,-1,0,0,0,0,0,20,0,"keyboard-control","OK",1782603013869,2921
2098,1782603014013,208238,0,0,-2,0,0,0,76,78,91,70,39,139.58,184,21,-13,-950,-1,0,0,0,0,0,20,0,"keyboard-control","OK",1782603013969,2923
2099,1782603014114,208339,0,0,-2,0,0,0,76,78,92,70,39,139.73,184,11,-10,-1004,-1,0,0,0,0,0,20,0,"keyboard-control","OK",1782603014069,2925
2100,1782603014191,208416,0,0,-2,0,0,0,76,78,93,70,39,139.36,184,4,1,-1021,-1,0,0,0,0,0,20,0,"keyboard-control","OK",1782603014121,2926
2101,1782603014287,208512,0,0,-2,0,0,0,76,78,94,70,39,139.6,185,25,-4,-960,-1,0,0,0,0,0,20,0,"keyboard-control","OK",1782603014121,2926
2102,1782603014403,208628,0,0,-2,0,0,0,76,78,96,70,39,139.23,185,-29,-11,-986,-1,0,0,0,0,0,20,0,"keyboard-control","OK",1782603014121,2926
2103,1782603014423,208648,0,0,-2,0,0,0,76,78,97,70,39,139.7,185,0,0,-968,-1,0,0,0,0,0,20,0,"keyboard-control","OK",1782603014121,2926
2104,1782603014564,208789,0,0,-2,0,0,0,76,78,98,80,39,140.03,185,-38,-3,-957,-1,0,0,0,0,0,20,0,"keyboard-control","OK",1782603014121,2926
2105,1782603014630,208855,0,0,-2,0,0,0,76,78,99,80,38,139.53,185,29,-14,-991,-1,0,0,0,0,0,20,0,"keyboard-control","OK",1782603014121,2926
2106,1782603014776,209001,0,0,-2,0,0,0,76,79,100,80,38,140,185,15,-1,-984,-1,0,0,0,0,0,20,0,"keyboard-control","OK",1782603014121,2926
2107,1782603014880,209105,0,0,-2,0,0,0,76,79,102,80,38,139.58,185,6,2,-1017,-1,0,0,0,0,0,20,0,"keyboard-control","OK",1782603014121,2926
2108,1782603014916,209141,0,0,-2,0,0,0,76,79,103,80,38,139.46,185,-22,6,-994,-1,0,0,0,0,0,20,0,"keyboard-control","OK",1782603014121,2926
2109,1782603015000,209225,0,0,-2,0,0,-1,76,79,104,80,38,139.65,185,-3,-14,-998,-1,0,0,0,0,0,20,0,"keyboard-control","OK",1782603014121,2926
2110,1782603015156,209381,0,0,-2,0,0,-1,76,79,106,80,38,139.81,185,-10,1,-966,-1,0,0,0,0,0,20,0,"keyboard-control","OK",1782603014121,2926
2111,1782603015219,209444,0,0,-2,0,0,0,76,79,106,80,38,139.78,186,0,-18,-996,-1,0,0,0,0,0,20,0,"keyboard-control","OK",1782603014121,2926
2112,1782603015321,209546,0,0,-2,0,0,0,76,79,108,90,38,139.88,186,-15,6,-994,-1,0,0,0,0,0,20,0,"keyboard-control","OK",1782603014121,2926
2113,1782603015383,209608,0,0,-2,0,0,0,76,79,109,90,38,139.67,186,6,-18,-996,-1,0,0,0,0,0,20,0,"keyboard-control","OK",1782603014121,2926
2114,1782603015490,209715,0,0,-2,0,0,0,76,79,110,90,38,139.92,186,-4,-3,-1023,-1,0,0,0,0,0,20,0,"keyboard-control","OK",1782603014121,2926
2115,1782603015699,209924,0,0,-2,0,0,0,76,79,111,90,38,139.87,186,-42,21,-991,-1,0,0,0,0,0,20,0,"keyboard-control","OK",1782603014121,2926
2116,1782603015704,209929,0,0,-2,0,0,0,77,80,112,90,38,139.59,186,13,-12,-975,-1,0,0,0,0,0,20,0,"keyboard-control","OK",1782603014121,2926
2117,1782603015764,209989,0,0,-2,0,0,0,77,80,113,90,38,140.02,186,-4,-2,-999,-1,0,0,0,0,0,20,0,"keyboard-control","OK",1782603014121,2926
2118,1782603015915,210140,0,0,-2,0,0,0,77,80,114,90,38,139.8,186,5,-3,-1019,-1,0,0,0,0,0,20,0,"keyboard-control","OK",1782603014121,2926
2119,1782603015943,210168,0,0,-2,0,0,0,77,80,115,90,38,139.95,186,13,-6,-1014,-1,0,0,0,0,0,20,0,"keyboard-control","OK",1782603014121,2926
2120,1782603016064,210289,0,0,-2,0,0,0,77,80,116,90,38,140.11,186,7,2,-1003,-1,0,0,0,0,0,20,0,"keyboard-control","OK",1782603014121,2926
2121,1782603016137,210362,0,0,-2,0,0,0,77,80,117,100,38,139.69,187,-30,-4,-1010,-1,0,0,0,0,0,20,0,"keyboard-control","OK",1782603014121,2926
2122,1782603016247,210472,0,0,-2,0,0,0,77,80,118,100,38,140.06,187,-31,8,-977,-1,0,0,0,0,0,20,0,"keyboard-control","OK",1782603014121,2926
2123,1782603016329,210554,0,0,-2,0,0,0,77,80,119,100,38,140.12,187,4,-12,-994,-1,0,0,0,0,0,20,0,"keyboard-control","OK",1782603014121,2926
2124,1782603016420,210645,0,0,-2,0,0,0,77,80,120,100,38,140.17,187,19,-9,-1001,-1,0,0,0,0,0,20,0,"keyboard-control","OK",1782603014121,2926
2125,1782603016681,210906,0,0,-2,0,0,0,77,80,121,100,38,139.95,187,-4,7,-981,-1,0,0,0,0,0,20,0,"keyboard-control","OK",1782603016670,2931
2126,1782603016686,210911,0,0,-2,0,0,0,76,79,122,100,38,139.68,187,18,-25,-1006,-1,0,0,0,0,0,20,0,"keyboard-control","OK",1782603016670,2931
2127,1782603016698,210923,0,0,-2,0,0,0,76,79,123,100,38,139.89,187,-10,-27,-1003,-1,0,0,0,0,0,20,0,"keyboard-control","OK",1782603016670,2931
2128,1782603016797,211022,0,0,-2,0,0,0,76,79,124,100,38,139.69,187,-13,-17,-984,-1,0,0,0,0,0,20,0,"keyboard-control","OK",1782603016770,2933
2129,1782603016889,211114,0,0,-2,0,0,0,76,79,125,100,38,140.04,187,-20,4,-996,-1,0,0,0,0,0,20,0,"keyboard-control","OK",1782603016870,2935
2130,1782603017046,211271,0,0,-2,0,0,0,76,79,125,100,38,139.82,187,-16,1,-1003,-1,0,0,0,0,0,20,0,"keyboard-control","OK",1782603017019,2938
2131,1782603017137,211362,0,0,-2,0,0,0,76,79,126,110,38,140.09,188,-6,-15,-1011,-1,0,0,0,0,0,20,0,"keyboard-control","OK",1782603017119,2940
2132,1782603017173,211398,0,0,-2,0,0,0,76,79,127,110,38,140.14,188,-4,-27,-994,-1,0,0,0,0,0,20,0,"keyboard-control","OK",1782603017170,2941
2133,1782603017232,211457,0,0,-2,0,0,0,76,79,128,110,38,140.19,188,-13,-19,-994,-1,0,0,0,0,0,20,0,"keyboard-control","OK",1782603017219,2942
2134,1782603017417,211642,0,0,-2,0,0,0,76,79,128,110,38,139.94,188,-43,11,-1001,-1,0,0,0,0,0,20,0,"keyboard-control","OK",1782603017370,2945
2135,1782603017475,211700,0,0,-2,0,0,0,76,79,129,110,38,140.08,188,-10,16,-993,-1,0,0,0,0,0,20,0,"keyboard-control","OK",1782603017470,2947
2136,1782603017584,211809,0,0,-2,0,0,0,76,80,129,110,38,139.95,188,-11,1,-995,-1,0,0,0,0,0,20,0,"keyboard-control","OK",1782603017570,2949
2137,1782603017648,211873,0,0,-2,0,0,0,76,80,130,110,38,140.14,188,-8,15,-982,-1,0,0,0,0,0,20,0,"keyboard-control","OK",1782603017619,2950
2138,1782603017775,212000,0,0,-2,0,0,0,76,80,131,110,38,139.98,188,5,6,-1052,-1,0,0,0,0,0,20,0,"keyboard-control","OK",1782603017769,2953
2139,1782603017883,212108,0,0,-2,0,0,0,76,80,132,110,38,140.16,188,12,-11,-991,-1,0,0,0,0,0,20,0,"keyboard-control","OK",1782603017869,2955
2140,1782603017938,212163,0,0,-2,0,0,0,76,80,132,110,38,140.12,188,-14,-1,-998,-1,0,0,0,0,0,20,0,"keyboard-control","OK",1782603017920,2956
2141,1782603018080,212305,0,0,-2,0,0,0,76,80,133,110,38,140.28,189,3,-12,-1011,-1,0,0,0,0,0,20,0,"keyboard-control","OK",1782603018069,2959
2142,1782603018159,212384,0,0,-2,0,0,0,76,80,134,110,38,140.24,189,5,0,-1004,-1,0,0,0,0,0,20,0,"keyboard-control","OK",1782603018119,2960
2143,1782603018200,212425,0,0,-2,0,0,0,76,80,135,110,38,140.11,189,-11,-11,-977,-1,0,0,0,0,0,20,0,"keyboard-control","OK",1782603018169,2961
2144,1782603018305,212530,0,0,-2,0,0,0,76,80,136,110,38,140.09,189,-1,19,-1069,-1,0,0,0,0,0,20,0,"keyboard-control","OK",1782603018270,2963
2145,1782603018438,212663,0,0,-2,0,0,0,76,80,136,120,38,140.01,189,-32,-12,-1032,-1,0,0,0,0,0,20,0,"keyboard-control","OK",1782603018419,2966
2146,1782603018494,212719,0,0,-2,0,0,0,76,78,137,120,38,140.29,189,10,-7,-934,-1,0,0,0,0,0,20,0,"keyboard-control","OK",1782603018470,2967
2147,1782603018555,212780,0,0,-2,0,0,0,76,78,138,120,38,140.13,189,-13,-1,-1041,-1,0,0,0,0,0,20,0,"keyboard-control","OK",1782603018520,2968
2148,1782603018703,212928,0,0,-2,0,0,0,76,78,139,120,38,139.97,189,1,-9,-992,-1,0,0,0,0,0,20,0,"keyboard-control","OK",1782603018669,2971
2149,1782603018781,213006,0,0,-2,0,0,0,76,78,140,120,38,139.99,189,11,-20,-999,-1,0,0,0,0,0,20,0,"keyboard-control","OK",1782603018769,2973
2150,1782603018886,213111,0,0,-2,0,0,0,76,78,141,120,38,140.21,189,7,-2,-1031,-1,0,0,0,0,0,20,0,"keyboard-control","OK",1782603018870,2975
2151,1782603019102,213327,0,0,-2,0,0,0,76,78,141,120,38,140.42,190,-1,0,-1004,-1,0,0,0,0,0,20,0,"keyboard-control","OK",1782603019069,2979
2152,1782603019193,213418,0,0,-2,0,0,0,76,78,141,120,38,140.25,190,-22,11,-1005,-1,0,0,0,0,0,20,0,"keyboard-control","OK",1782603019170,2981
2153,1782603019580,213805,0,0,-2,0,0,0,76,78,142,120,38,140.32,190,-30,-1,-1073,-1,0,0,0,0,0,20,0,"keyboard-control","OK",1782603019569,2989
2154,1782603019617,213842,0,0,-2,0,0,0,76,78,143,120,38,139.94,190,-5,-15,-989,-1,0,0,0,0,0,20,0,"keyboard-control","OK",1782603019569,2989
2155,1782603019622,213847,0,0,-2,0,0,0,76,78,144,120,38,140.31,190,-11,0,-1055,-1,0,0,0,0,0,20,0,"keyboard-control","OK",1782603019619,2990
2156,1782603019627,213852,0,0,-2,0,0,0,76,78,144,120,38,140.6,190,-11,-10,-997,-1,0,0,0,0,0,20,0,"keyboard-control","OK",1782603019619,2990
2157,1782603019632,213857,0,0,-2,0,0,0,76,78,144,120,38,140.35,190,-4,-12,-1001,-1,0,0,0,0,0,20,0,"keyboard-control","OK",1782603019619,2990
2158,1782603019658,213883,0,0,-2,0,0,0,76,78,146,130,38,140.54,190,8,10,-940,-1,0,0,0,0,0,20,0,"keyboard-control","OK",1782603019619,2990
2159,1782603019663,213888,0,0,-2,0,0,0,76,78,146,130,38,140.42,190,21,-24,-953,-1,0,0,0,0,0,20,0,"keyboard-control","OK",1782603019619,2990
2160,1782603019739,213964,0,0,-2,0,0,0,76,78,146,130,38,140.66,190,1,-25,-1009,-1,0,0,0,0,0,20,0,"keyboard-control","OK",1782603019719,2992
2161,1782603019886,214111,0,0,-2,0,0,0,76,78,147,130,38,140.17,191,-27,-21,-972,-1,0,0,0,0,0,20,0,"keyboard-control","OK",1782603019869,2995
2162,1782603019998,214223,0,0,-2,0,0,0,76,78,147,130,38,140.57,191,-10,-13,-993,-1,0,0,0,0,0,20,0,"keyboard-control","OK",1782603019969,2997
2163,1782603020103,214328,0,1,-2,0,0,0,76,78,148,130,38,140.26,191,18,-30,-950,-1,0,0,0,0,0,20,0,"keyboard-control","OK",1782603020069,2999
2164,1782603020282,214507,0,1,-2,0,0,0,76,78,148,130,38,139.95,191,-8,-3,-1036,-1,0,0,0,0,0,20,0,"keyboard-control","OK",1782603020270,3003
2165,1782603020287,214512,0,1,-2,0,0,0,76,78,149,130,37,140.43,191,-46,-17,-1058,-1,0,0,0,0,0,20,0,"keyboard-control","OK",1782603020270,3003
2166,1782603020375,214600,0,1,-2,0,0,0,76,78,150,130,37,140.51,191,-4,-21,-981,-1,0,0,0,0,0,20,0,"keyboard-control","OK",1782603020369,3005
2167,1782603020498,214723,0,1,-2,0,0,0,76,78,150,130,37,140.18,191,-10,-27,-1072,-1,0,0,0,0,0,20,0,"keyboard-control","OK",1782603020469,3007
2168,1782603020561,214786,0,0,-2,0,0,0,76,78,151,130,37,140.2,191,-32,0,-872,-1,0,0,0,0,0,20,0,"keyboard-control","OK",1782603020519,3008
2169,1782603022937,217162,0,0,-2,0,0,0,76,78,152,130,37,140.58,191,3,-5,-963,-1,0,0,0,0,0,20,0,"keyboard-control","OK",1782603022936,3011
2170,1782603023047,217272,0,0,-2,0,0,0,76,78,152,130,37,140.54,191,-22,-14,-1027,-1,0,0,0,0,0,20,0,"keyboard-control","OK",1782603023036,3013
2171,1782603023101,217326,0,1,-2,0,0,0,76,78,153,130,37,140.56,192,-4,-23,-979,-1,0,0,0,0,0,20,0,"keyboard-control","OK",1782603023086,3014
2172,1782603023250,217475,0,1,-2,0,0,0,76,78,153,130,37,140.26,192,-31,-11,-986,-1,0,0,0,0,0,20,0,"keyboard-control","OK",1782603023237,3017
2173,1782603023339,217564,0,1,-2,0,0,0,76,78,154,130,37,140.4,192,27,-47,-1027,-1,0,0,0,0,0,20,0,"keyboard-control","OK",1782603023337,3019
2174,1782603023409,217634,0,1,-2,0,0,0,76,78,155,130,37,140.55,192,-34,-7,-1082,-1,0,0,0,0,0,20,0,"keyboard-control","OK",1782603023386,3020
2175,1782603023481,217706,0,1,-2,0,0,0,76,78,155,140,37,140.28,192,0,-8,-978,-1,0,0,0,0,0,20,0,"keyboard-control","OK",1782603023436,3021
2176,1782603023608,217833,0,1,-2,0,0,0,77,78,155,140,37,140.59,192,7,-26,-929,-1,0,0,0,0,0,20,0,"keyboard-control","OK",1782603023587,3024
2177,1782603023665,217890,0,1,-2,0,0,0,77,78,156,140,37,140.19,192,-2,-23,-978,-1,0,0,0,0,0,20,0,"keyboard-control","OK",1782603023636,3025
2178,1782603023773,217998,0,1,-2,0,0,0,77,78,156,140,37,140.39,192,8,-12,-946,-1,0,0,0,0,0,20,0,"keyboard-control","OK",1782603023736,3027
2179,1782603023907,218132,0,1,-2,0,0,0,77,78,157,140,37,140.47,192,-2,-18,-1058,-1,0,0,0,0,0,20,0,"keyboard-control","OK",1782603023786,3028
2180,1782603023997,218222,0,1,-2,0,0,0,77,78,157,140,37,140.09,193,0,-18,-980,-1,0,0,0,0,0,20,0,"keyboard-control","OK",1782603023786,3028
2181,1782603024034,218259,0,1,-2,0,0,0,77,78,158,140,37,140.41,193,-25,-21,-993,-1,0,0,0,0,0,20,0,"keyboard-control","OK",1782603023786,3028
2182,1782603024279,218504,0,1,-2,0,0,0,77,78,158,140,37,140.19,193,3,-26,-1075,-1,0,0,0,0,0,20,0,"keyboard-control","OK",1782603023786,3028
2183,1782603024340,218565,0,1,-2,0,0,0,77,78,160,140,37,140.43,193,-22,-11,-954,-1,0,0,0,0,0,20,0,"keyboard-control","OK",1782603023786,3028
2184,1782603024477,218702,0,1,-2,0,0,0,77,78,160,140,37,140.24,193,-8,-8,-1038,-1,0,0,0,0,0,20,0,"keyboard-control","OK",1782603023786,3028
2185,1782603024521,218746,0,1,-2,0,0,0,76,79,161,140,37,140.08,193,17,-33,-969,-1,0,0,0,0,0,20,0,"keyboard-control","OK",1782603023786,3028
2186,1782603024564,218789,0,1,-2,0,0,0,76,79,161,140,37,140.31,193,-1,-29,-1035,-1,0,0,0,0,0,20,0,"keyboard-control","OK",1782603023786,3028
2187,1782603024722,218947,0,1,-2,0,0,0,76,79,161,140,37,140.44,193,-21,-36,-1023,-1,0,0,0,0,0,20,0,"keyboard-control","OK",1782603023786,3028
2188,1782603025009,219234,0,1,-2,0,0,0,76,79,161,140,37,140.57,193,-21,-19,-984,-1,0,0,0,0,0,20,0,"keyboard-control","OK",1782603023786,3028
2189,1782603025085,219310,0,1,-2,0,0,0,76,79,162,140,37,140.4,194,-20,-16,-1045,-1,0,0,0,0,0,20,0,"keyboard-control","OK",1782603023786,3028
2190,1782603025094,219319,0,1,-2,0,0,0,76,79,162,140,37,140.06,194,-11,-15,-1008,-1,0,0,0,0,0,20,0,"keyboard-control","OK",1782603023786,3028
2191,1782603025113,219338,0,1,-2,0,0,0,76,79,163,140,37,140.51,194,-9,-14,-974,-1,0,0,0,0,0,20,0,"keyboard-control","OK",1782603023786,3028
2192,1782603025170,219395,0,1,-2,0,0,0,76,79,163,140,37,140.46,194,11,-9,-948,-1,0,0,0,0,0,20,0,"keyboard-control","OK",1782603023786,3028
2193,1782603025244,219469,0,0,-2,0,0,0,76,79,162,140,37,140.39,194,-1,-26,-1102,-1,0,0,0,0,0,20,0,"keyboard-control","OK",1782603023786,3028
2194,1782603025400,219625,0,0,-2,0,0,0,76,79,164,140,37,140.31,194,17,-31,-1010,-1,0,0,0,0,0,20,0,"keyboard-control","OK",1782603023786,3028
2195,1782603025496,219721,1,1,-2,0,0,0,76,78,163,140,37,140.26,194,-13,-21,-1060,-1,0,0,0,0,0,20,0,"keyboard-control","OK",1782603023786,3028
2196,1782603025538,219763,0,1,-2,0,0,0,76,78,164,150,37,140.46,194,41,-37,-1003,-1,0,0,0,0,0,20,0,"keyboard-control","OK",1782603023786,3028
2197,1782603025700,219925,0,1,-2,0,0,0,76,78,164,150,37,140.2,194,-21,-21,-1056,-1,0,0,0,0,0,20,0,"keyboard-control","OK",1782603023786,3028
2198,1782603025756,219981,0,1,-2,0,0,0,76,78,164,150,37,140.39,194,-16,-17,-984,-1,0,0,0,0,0,20,0,"keyboard-control","OK",1782603023786,3028
2199,1782603027278,221503,0,1,-2,0,0,0,76,78,164,150,37,140.26,195,26,-15,-941,-1,0,0,0,0,0,0,0,"keyboard-control","OK",1782603027236,3052
2200,1782603027435,221660,0,0,-2,0,0,-1,76,79,169,150,36,140.2,196,-17,1,-975,-1,0,0,0,0,0,0,0,"keyboard-control","OK",1782603027386,3055
2201,1782603027529,221754,0,0,-2,0,0,0,76,79,170,150,36,140.4,196,10,9,-924,-1,0,0,0,0,0,0,0,"keyboard-control","OK",1782603027486,3057
2202,1782603027748,221973,0,0,-2,0,0,0,76,79,171,150,36,140.86,196,10,-10,-1018,-1,0,0,0,0,0,-20,0,"keyboard-control","OK",1782603027736,3062
2203,1782603027753,221978,0,0,-2,0,0,0,76,79,171,150,36,140.2,197,-17,-4,-980,-1,0,0,0,0,0,-20,0,"keyboard-control","OK",1782603027736,3062
2204,1782603027831,222056,0,0,-2,0,0,0,76,79,172,150,36,140.63,197,10,-8,-972,-1,0,0,0,0,0,-20,0,"keyboard-control","OK",1782603027786,3063
2205,1782603027885,222110,0,0,-2,0,0,0,76,79,172,150,36,140.37,197,-10,-3,-982,-1,0,0,0,0,0,-20,0,"keyboard-control","OK",1782603027836,3064
2206,1782603028012,222237,0,0,-2,0,0,0,76,79,173,150,36,140.56,197,-5,-8,-997,-1,0,0,0,0,0,-20,0,"keyboard-control","OK",1782603027987,3067
2207,1782603028083,222308,0,0,-2,0,0,0,76,79,174,150,36,140.5,197,-1,-13,-964,-1,0,0,0,0,0,-20,0,"keyboard-control","OK",1782603028036,3068
2208,1782603028189,222414,0,0,-2,0,0,0,76,79,175,150,36,140.49,197,8,-25,-1034,-1,0,0,0,0,0,-20,0,"keyboard-control","OK",1782603028187,3071
2209,1782603028329,222554,0,0,-2,0,0,0,77,79,175,150,36,140.62,197,-25,-6,-963,-1,0,0,0,0,0,-20,0,"keyboard-control","OK",1782603028286,3073
2210,1782603028471,222696,0,0,-2,0,0,0,77,79,175,150,36,140.23,197,2,-19,-1014,-1,0,0,0,0,0,-20,0,"keyboard-control","OK",1782603028437,3076
2211,1782603028475,222700,0,0,-2,0,0,0,77,79,174,150,36,140.26,197,1,-11,-1004,-1,0,0,0,0,0,-20,0,"keyboard-control","OK",1782603028437,3076
2212,1782603028587,222812,0,1,-2,0,0,0,77,79,174,150,36,140.45,197,1,-17,-964,-1,0,0,0,0,0,-20,0,"keyboard-control","OK",1782603028586,3079
2213,1782603028782,223007,0,0,-2,0,0,0,77,79,174,150,36,140.29,198,9,-13,-971,-1,0,0,0,0,0,-20,0,"keyboard-control","OK",1782603028737,3082
2214,1782603028928,223153,0,1,-2,0,0,0,77,79,174,150,36,140.18,198,8,-9,-999,-1,0,0,0,0,0,0,0,"keyboard-control","OK",1782603028886,3086
2215,1782603028950,223175,0,0,-2,0,0,1,77,79,173,150,36,140.15,198,-21,-1,-1014,-1,0,0,0,0,0,0,0,"keyboard-control","OK",1782603028936,3087
2216,1782603029041,223266,0,0,-2,0,0,0,77,79,172,150,36,140.38,198,2,-1,-1016,-1,0,0,0,0,0,0,0,"keyboard-control","OK",1782603029036,3089
2217,1782603029046,223271,0,0,-2,0,0,0,77,79,172,150,36,140.68,198,-1,-5,-1006,-1,0,0,0,0,0,0,0,"keyboard-control","OK",1782603029036,3089
2218,1782603029121,223346,0,0,-2,0,0,0,77,79,171,150,36,140.11,198,-26,-9,-992,-1,0,0,0,0,0,0,0,"keyboard-control","OK",1782603029086,3090
2219,1782603029220,223445,0,0,-2,0,0,0,76,80,173,150,36,140.54,198,-8,3,-1005,-1,0,0,0,0,0,0,0,"keyboard-control","OK",1782603029186,3092
2220,1782603029312,223537,0,0,-2,0,0,0,76,80,172,150,36,140.07,198,-27,-1,-1046,-1,0,0,0,0,0,0,0,"keyboard-control","OK",1782603029286,3094
2221,1782603029431,223656,0,0,-2,0,0,0,76,80,172,150,36,140.4,198,-36,0,-1065,-1,0,0,0,0,0,-20,0,"keyboard-control","OK",1782603029386,3096
2222,1782603029489,223714,-1,0,-2,0,0,0,76,80,172,150,36,140.5,198,0,-1,-909,-1,0,0,0,0,0,-20,0,"keyboard-control","OK",1782603029486,3098
2223,1782603029634,223859,0,0,-2,0,0,0,76,80,172,150,36,140.54,199,-5,-4,-894,-1,0,0,0,0,0,-20,0,"keyboard-control","OK",1782603029586,3100
2224,1782603029743,223968,0,0,-2,0,0,0,76,80,171,150,36,140.35,199,-30,-5,-998,-1,0,0,0,0,0,-20,0,"keyboard-control","OK",1782603029736,3103
2225,1782603029877,224102,0,0,-2,0,0,0,76,80,170,150,36,140.22,199,4,-2,-920,-1,0,0,0,0,0,-20,0,"keyboard-control","OK",1782603029836,3105
2226,1782603029884,224109,0,0,-2,0,0,0,76,80,169,150,36,140.62,199,-14,-8,-997,-1,0,0,0,0,0,-20,0,"keyboard-control","OK",1782603029836,3105
2227,1782603030143,224368,0,0,-2,0,0,0,76,80,168,150,35,140.29,199,-8,-15,-1000,-1,0,0,0,0,0,-20,0,"keyboard-control","OK",1782603030136,3111
2228,1782603030147,224372,0,0,-2,0,0,0,76,80,167,150,35,140.52,199,-24,-13,-998,-1,0,0,0,0,0,-20,0,"keyboard-control","OK",1782603030136,3111
2229,1782603030160,224385,0,0,-2,0,0,0,77,79,165,150,35,140.38,199,-10,-6,-1030,-1,0,0,0,0,0,-20,0,"keyboard-control","OK",1782603030136,3111
2230,1782603030257,224482,-1,0,-2,0,0,0,77,79,163,150,35,140.58,199,-8,1,-926,-1,0,0,0,0,0,-20,0,"keyboard-control","OK",1782603030236,3113
2231,1782603030391,224616,0,0,-2,0,0,1,77,79,162,140,35,140.6,199,-5,-8,-999,-1,0,0,0,0,0,-20,0,"keyboard-control","OK",1782603030386,3116
2232,1782603030499,224724,0,0,-2,0,0,1,77,79,159,140,35,140.28,199,-21,-13,-1044,-1,0,0,0,0,0,-20,0,"keyboard-control","OK",1782603030486,3118
2233,1782603030537,224762,0,0,-2,0,0,0,77,79,158,140,35,140.35,200,-10,21,-942,-1,0,0,0,0,0,-20,0,"keyboard-control","OK",1782603030536,3119
2234,1782603030645,224870,0,0,-2,0,0,1,77,79,156,140,35,140.12,200,-23,-2,-1003,-1,0,0,0,0,0,-20,0,"keyboard-control","OK",1782603030636,3121
2235,1782603030759,224984,0,1,-2,0,0,1,77,79,155,140,35,140.18,200,-20,21,-990,-1,0,0,0,0,0,-20,0,"keyboard-control","OK",1782603030736,3123
2236,1782603030812,225037,0,1,-2,0,0,1,77,79,155,130,35,140.13,200,0,-13,-1016,-1,0,0,0,0,0,-20,0,"keyboard-control","OK",1782603030786,3124
2237,1782603030920,225145,0,1,-2,0,0,0,77,79,153,130,35,140.26,200,-15,8,-1048,-1,0,0,0,0,0,-20,0,"keyboard-control","OK",1782603030886,3126
2238,1782603031028,225253,0,1,-2,0,0,0,77,79,153,130,35,140.46,200,-4,-23,-1104,-1,0,0,0,0,0,-20,0,"keyboard-control","OK",1782603030987,3128
2239,1782603031166,225391,0,0,-2,0,0,0,77,80,153,130,35,139.92,200,15,-18,-949,-1,0,0,0,0,0,-20,0,"keyboard-control","OK",1782603031136,3131
2240,1782603031231,225456,0,0,-2,0,0,1,77,80,153,130,35,140.36,200,-14,-26,-1034,-1,0,0,0,0,0,-20,0,"keyboard-control","OK",1782603031136,3131
2241,1782603031265,225490,0,0,-2,0,0,0,77,80,153,130,35,140.33,200,-15,-21,-963,-1,0,0,0,0,0,-20,0,"keyboard-control","OK",1782603031136,3131
2242,1782603031408,225633,0,0,-2,0,0,0,77,80,154,130,35,140.35,200,2,2,-993,-1,0,0,0,0,0,-20,0,"keyboard-control","OK",1782603031136,3131
2243,1782603031483,225708,0,0,-2,0,0,0,77,80,154,130,35,139.97,201,13,-19,-964,-1,0,0,0,0,0,-20,0,"keyboard-control","OK",1782603031136,3131
2244,1782603031616,225841,0,0,-2,0,0,0,77,80,153,130,35,140.41,201,5,-21,-942,-1,0,0,0,0,0,-20,0,"keyboard-control","OK",1782603031136,3131
2245,1782603031801,226026,0,0,-2,0,0,1,77,80,152,130,35,140.07,201,-8,-21,-1038,-1,0,0,0,0,0,-20,0,"keyboard-control","OK",1782603031136,3131
2246,1782603031805,226030,0,0,-2,0,0,0,77,80,152,130,35,140.31,201,31,-10,-936,-1,0,0,0,0,0,-20,0,"keyboard-control","OK",1782603031136,3131
2247,1782603031864,226089,0,0,-2,0,0,1,77,80,153,130,35,140.32,201,-25,-11,-1117,-1,0,0,0,0,0,-20,0,"keyboard-control","OK",1782603031136,3131
2248,1782603032007,226232,0,0,-2,0,0,0,77,80,153,130,35,140.47,201,-6,-10,-1004,-1,0,0,0,0,0,-20,0,"keyboard-control","OK",1782603031136,3131
2249,1782603032057,226282,0,0,-2,0,0,0,77,79,153,130,35,139.99,201,-25,0,-1065,-1,0,0,0,0,0,-20,0,"keyboard-control","OK",1782603031136,3131
2250,1782603032144,226369,0,0,-2,0,0,0,77,79,154,130,35,140.07,201,-42,2,-956,-1,0,0,0,0,0,-20,0,"keyboard-control","OK",1782603031136,3131
2251,1782603032237,226462,-1,0,-2,0,0,0,77,79,154,130,35,140.16,201,-7,-5,-1061,-1,0,0,0,0,0,-20,0,"keyboard-control","OK",1782603031136,3131
2252,1782603032367,226592,-1,0,-2,0,0,0,77,79,155,130,35,140.07,201,7,-22,-919,-1,0,0,0,0,0,-20,0,"keyboard-control","OK",1782603031136,3131
2253,1782603032439,226664,0,0,-2,0,0,0,77,79,155,130,35,140.09,202,0,-30,-961,-1,0,0,0,0,0,-20,0,"keyboard-control","OK",1782603031136,3131
2254,1782603032619,226844,0,0,-2,0,0,0,77,79,155,130,35,140.07,202,-44,-7,-1071,-1,0,0,0,0,0,-20,0,"keyboard-control","OK",1782603031136,3131
2255,1782603032629,226854,0,0,-2,0,0,0,77,79,155,130,35,140.12,202,6,-27,-949,-1,0,0,0,0,0,-20,0,"keyboard-control","OK",1782603031136,3131
2256,1782603032722,226947,0,0,-2,0,0,0,77,79,155,130,35,140.24,202,-39,-13,-933,-1,0,0,0,0,0,-20,0,"keyboard-control","OK",1782603031136,3131
2257,1782603032816,227041,0,0,-2,0,0,0,77,79,155,130,34,140.4,202,-5,12,-1034,-1,0,0,0,0,0,-20,0,"keyboard-control","OK",1782603031136,3131
2258,1782603032928,227153,0,0,-2,0,0,0,77,79,155,130,34,140.3,202,20,-29,-986,-1,0,0,0,0,0,-20,0,"keyboard-control","OK",1782603031136,3131
2259,1782603033009,227234,0,0,-2,0,0,0,76,79,155,130,34,140.1,202,-30,-13,-968,-1,0,0,0,0,0,-20,0,"keyboard-control","OK",1782603031136,3131
2260,1782603033073,227298,0,0,-2,0,0,0,76,79,154,130,34,140.43,202,-18,-10,-996,-1,0,0,0,0,0,-20,0,"keyboard-control","OK",1782603031136,3131
2261,1782603033142,227367,0,0,-2,0,0,0,76,79,155,130,34,140.42,202,4,-6,-1040,-1,0,0,0,0,0,-20,0,"keyboard-control","OK",1782603031136,3131
2262,1782603033292,227517,0,0,-2,0,0,0,76,79,154,130,34,140.12,202,-23,-26,-1017,-1,0,0,0,0,0,-20,0,"keyboard-control","OK",1782603031136,3131
2263,1782603033402,227627,0,0,-2,0,0,0,76,79,154,130,34,140.09,203,-21,-7,-1016,-1,0,0,0,0,0,-20,0,"keyboard-control","OK",1782603031136,3131
2264,1782603033444,227669,0,0,-2,0,0,0,76,79,153,130,34,140.16,203,0,-27,-947,-1,0,0,0,0,0,-20,0,"keyboard-control","OK",1782603031136,3131
2265,1782603033603,227828,0,0,-2,0,0,0,76,79,153,130,34,139.8,203,-29,-14,-976,-1,0,0,0,0,0,-20,0,"keyboard-control","OK",1782603033574,3133
2266,1782603033753,227978,0,0,-2,0,0,0,76,79,152,130,34,140.2,203,-7,-28,-963,-1,0,0,0,0,0,-20,0,"keyboard-control","OK",1782603033730,3136
2267,1782603033777,228002,0,0,-2,0,0,0,76,79,152,130,34,140.27,203,11,-17,-934,-1,0,0,0,0,0,-20,0,"keyboard-control","OK",1782603033730,3136
2268,1782603033988,228213,0,0,-2,0,0,0,76,79,150,130,34,140.02,203,13,-28,-997,-1,0,0,0,0,0,-20,0,"keyboard-control","OK",1782603033986,3141
2269,1782603034157,228382,0,0,-2,0,0,0,77,80,149,130,34,140.07,203,10,-8,-1032,-1,0,0,0,0,0,-20,0,"keyboard-control","OK",1782603034136,3144
2270,1782603034166,228391,0,0,-2,0,0,0,77,80,148,130,34,140.07,203,4,-15,-1046,-1,0,0,0,0,0,-20,0,"keyboard-control","OK",1782603034136,3144
2271,1782603034187,228412,0,0,-2,0,0,0,77,80,147,130,34,139.96,203,-1,-27,-1091,-1,0,0,0,0,0,-20,0,"keyboard-control","OK",1782603034186,3145
2272,1782603034280,228505,0,0,-2,0,0,0,77,80,147,130,34,140.25,203,5,-15,-941,-1,0,0,0,0,0,-20,0,"keyboard-control","OK",1782603034237,3146
2273,1782603034312,228537,0,0,-2,0,0,0,77,80,145,130,34,140.37,204,2,-27,-1018,-1,0,0,0,0,0,-20,0,"keyboard-control","OK",1782603034286,3147
2274,1782603034450,228675,0,0,-2,0,0,0,77,80,144,130,34,139.92,204,-35,1,-988,-1,0,0,0,0,0,-20,0,"keyboard-control","OK",1782603034436,3150
2275,1782603034531,228756,0,0,-2,0,0,0,77,80,143,120,34,139.99,204,-15,-9,-1019,-1,0,0,0,0,0,-20,0,"keyboard-control","OK",1782603034486,3151
2276,1782603034616,228841,0,0,-2,0,0,0,77,80,142,120,34,140.31,204,48,-22,-973,-1,0,0,0,0,0,-20,0,"keyboard-control","OK",1782603034586,3153
2277,1782603034726,228951,0,0,-2,0,0,0,77,80,140,120,34,140.18,204,16,-5,-976,-1,0,0,0,0,0,-20,0,"keyboard-control","OK",1782603034686,3155
2278,1782603034858,229083,0,0,-2,0,0,0,77,80,139,120,34,140.03,204,-11,-12,-1003,-1,0,0,0,0,0,-20,0,"keyboard-control","OK",1782603034836,3158
2279,1782603034908,229133,0,0,-2,0,0,0,77,79,138,120,34,140.02,204,-8,-25,-987,-1,0,0,0,0,0,-20,0,"keyboard-control","OK",1782603034886,3159
2280,1782603035011,229236,0,0,-2,0,0,0,77,79,137,120,34,140.26,204,-1,-25,-978,-1,0,0,0,0,0,-20,0,"keyboard-control","OK",1782603034986,3161
2281,1782603035148,229373,0,1,-2,0,0,1,77,79,136,120,34,139.95,204,50,-14,-1031,-1,0,0,0,0,0,-20,0,"keyboard-control","OK",1782603035136,3164
2282,1782603035177,229402,0,0,-2,0,0,1,77,79,135,120,34,140.1,204,-24,2,-1078,-1,0,0,0,0,0,-20,0,"keyboard-control","OK",1782603035136,3164
2283,1782603035273,229498,0,0,-2,0,0,1,77,79,133,110,34,140.19,205,21,-33,-1014,-1,0,0,0,0,0,-20,0,"keyboard-control","OK",1782603035236,3166
2284,1782603035402,229627,0,0,-2,0,0,1,77,79,132,110,34,140.31,205,11,-13,-1017,-1,0,0,0,0,0,-20,0,"keyboard-control","OK",1782603035386,3169
2285,1782603035464,229689,0,0,-2,0,0,1,77,79,131,110,34,139.86,205,-8,-1,-1020,-1,0,0,0,0,0,-20,0,"keyboard-control","OK",1782603035436,3170
2286,1782603035581,229806,0,0,-2,0,0,0,77,79,130,110,34,139.81,205,-11,4,-1036,-1,0,0,0,0,0,-20,0,"keyboard-control","OK",1782603035536,3172
2287,1782603035619,229844,0,0,-2,0,0,0,77,79,129,110,34,140.04,205,11,-13,-967,-1,0,0,0,0,0,-20,0,"keyboard-control","OK",1782603035587,3173
2288,1782603035738,229963,0,0,-2,0,0,0,77,79,128,110,34,139.99,205,-20,-2,-1015,-1,0,0,0,0,0,-20,0,"keyboard-control","OK",1782603035736,3176
2289,1782603035873,230098,0,0,-2,0,0,0,77,79,127,110,34,139.69,205,20,-26,-992,-1,0,0,0,0,0,-20,0,"keyboard-control","OK",1782603035836,3178
2290,1782603035916,230141,0,0,-2,0,0,0,77,79,126,110,34,140.18,205,-5,-11,-957,-1,0,0,0,0,0,-20,0,"keyboard-control","OK",1782603035886,3179
2291,1782603036006,230231,0,0,-2,0,0,0,77,79,126,110,34,140.04,205,3,-10,-998,-1,0,0,0,0,0,-20,0,"keyboard-control","OK",1782603035986,3181
2292,1782603036155,230380,0,0,-2,0,0,0,77,79,125,110,34,140.24,205,9,0,-1010,-1,0,0,0,0,0,-20,0,"keyboard-control","OK",1782603036136,3184
2293,1782603036215,230440,0,0,-2,0,0,0,77,79,124,100,34,140.09,206,-3,-1,-1036,-1,0,0,0,0,0,-20,0,"keyboard-control","OK",1782603036186,3185
2294,1782603036329,230554,0,0,-2,0,0,0,77,79,124,100,34,139.83,206,-2,-14,-979,-1,0,0,0,0,0,-20,0,"keyboard-control","OK",1782603036286,3187
2295,1782603036505,230730,0,0,-2,0,0,0,77,79,123,100,34,139.73,206,-13,-5,-980,-1,0,0,0,0,0,-20,0,"keyboard-control","OK",1782603036486,3191
2296,1782603036579,230804,0,0,-2,0,0,0,77,79,122,100,34,139.68,206,-31,-10,-1010,-1,0,0,0,0,0,-20,0,"keyboard-control","OK",1782603036536,3192
2297,1782603036585,230810,0,0,-2,0,0,0,77,79,121,100,34,139.89,206,4,12,-972,-1,0,0,0,0,0,-20,0,"keyboard-control","OK",1782603036536,3192
2298,1782603036667,230892,0,0,-2,0,0,0,77,79,120,100,34,139.76,206,15,-5,-1003,-1,0,0,0,0,0,-20,0,"keyboard-control","OK",1782603036636,3194
2299,1782603036802,231027,0,0,-2,0,0,1,77,79,118,100,34,139.72,206,2,-6,-977,-1,0,0,0,0,0,-20,0,"keyboard-control","OK",1782603036786,3197
2300,1782603036848,231073,0,0,-2,0,0,1,77,79,117,100,34,140.03,206,13,-6,-991,-1,0,0,0,0,0,-20,0,"keyboard-control","OK",1782603036837,3198
2301,1782603036945,231170,0,0,-2,0,0,0,77,79,116,100,34,139.9,206,-5,-4,-1001,-1,0,0,0,0,0,-20,0,"keyboard-control","OK",1782603036936,3200
2302,1782603037051,231276,0,0,-2,0,0,0,77,79,115,100,34,139.92,207,4,5,-1029,-1,0,0,0,0,0,-20,0,"keyboard-control","OK",1782603037036,3202
2303,1782603037225,231450,0,0,-2,0,0,0,77,79,114,90,34,139.29,207,-17,4,-992,-1,0,0,0,0,0,-20,0,"keyboard-control","OK",1782603037186,3205
2304,1782603037337,231562,0,0,-2,0,0,0,77,79,113,90,34,139.69,207,-4,-17,-1008,-1,0,0,0,0,0,-20,0,"keyboard-control","OK",1782603037336,3208
2305,1782603037368,231593,0,0,-2,0,0,0,77,79,112,90,34,139.61,207,4,0,-965,-1,0,0,0,0,0,-20,0,"keyboard-control","OK",1782603037336,3208
2306,1782603037496,231721,0,0,-2,0,0,0,77,79,111,90,34,139.7,207,-10,-19,-989,-1,0,0,0,0,0,-20,0,"keyboard-control","OK",1782603037486,3211
2307,1782603037500,231725,0,0,-2,0,0,1,77,79,110,90,33,139.79,207,1,-4,-948,-1,0,0,0,0,0,-20,0,"keyboard-control","OK",1782603037486,3211
2308,1782603037643,231868,0,0,-2,0,0,1,77,79,108,90,33,139.59,207,3,3,-980,-1,0,0,0,0,0,-20,0,"keyboard-control","OK",1782603037636,3214
2309,1782603037724,231949,0,0,-2,0,0,1,77,79,107,90,33,139.51,207,-4,-26,-915,-1,0,0,0,0,0,-20,0,"keyboard-control","OK",1782603037686,3215
2310,1782603037836,232061,0,0,-2,0,0,1,77,79,105,90,33,139.51,207,9,-6,-1042,-1,0,0,0,0,0,-20,0,"keyboard-control","OK",1782603037836,3218
2311,1782603037875,232100,0,0,-2,0,0,0,77,79,105,80,33,140.02,207,-1,-10,-1016,-1,0,0,0,0,0,-20,0,"keyboard-control","OK",1782603037836,3218
2312,1782603038135,232360,0,0,-2,0,0,0,77,79,103,80,33,139.84,208,24,-15,-938,-1,0,0,0,0,0,0,0,"keyboard-control","OK",1782603038087,3224
2313,1782603038140,232365,0,0,-2,0,0,0,77,79,102,80,33,139.74,208,14,-16,-949,-1,0,0,0,0,0,0,0,"keyboard-control","OK",1782603038136,3225
2314,1782603038202,232427,0,0,-2,0,0,0,77,79,101,80,33,140.09,208,14,-27,-1001,-1,0,0,0,0,0,0,0,"keyboard-control","OK",1782603038186,3226
2315,1782603038322,232547,0,0,-2,0,0,0,77,79,100,80,33,139.73,208,5,-24,-1019,-1,0,0,0,0,0,0,0,"keyboard-control","OK",1782603038286,3228
2316,1782603038393,232618,0,0,-2,0,0,0,77,79,99,80,33,139.6,208,-7,-4,-1097,-1,0,0,0,0,0,0,0,"keyboard-control","OK",1782603038387,3230
2317,1782603038433,232658,0,0,-2,0,0,0,77,79,98,80,33,139.68,208,-27,-22,-1024,-1,0,0,0,0,0,0,0,"keyboard-control","OK",1782603038387,3230
2318,1782603038551,232776,0,0,-2,0,0,0,77,79,97,80,33,139.72,208,-1,-12,-998,-1,0,0,0,0,0,0,0,"keyboard-control","OK",1782603038537,3233
2319,1782603038663,232888,0,0,-2,0,0,0,77,79,96,80,33,139.98,208,5,-18,-994,-1,0,0,0,0,0,0,0,"keyboard-control","OK",1782603038537,3233
2320,1782603038776,233001,0,0,-2,0,0,0,77,79,95,80,33,139.56,208,-20,-11,-1025,-1,0,0,0,0,0,0,0,"keyboard-control","OK",1782603038537,3233
2321,1782603038891,233116,0,0,-2,0,0,0,77,79,96,80,33,139.59,208,-8,-32,-971,-1,0,0,0,0,0,0,0,"keyboard-control","OK",1782603038537,3233
2322,1782603038928,233153,0,0,-2,0,0,0,77,79,96,80,33,139.45,209,1,-4,-1102,-1,0,0,0,0,0,0,0,"keyboard-control","OK",1782603038537,3233
2323,1782603039005,233230,0,0,-2,0,0,0,77,79,95,70,33,139.7,209,-1,-13,-1026,-1,0,0,0,0,0,0,0,"keyboard-control","OK",1782603038537,3233
2324,1782603039150,233375,0,0,-2,0,0,0,77,79,96,70,33,139.56,209,4,-18,-975,-1,0,0,0,0,0,0,0,"keyboard-control","OK",1782603038537,3233
2325,1782603039216,233441,0,0,-2,0,0,0,77,79,96,80,33,139.59,209,-22,-18,-1001,-1,0,0,0,0,0,0,0,"keyboard-control","OK",1782603038537,3233
2326,1782603039324,233549,0,0,-2,0,0,0,77,79,97,80,33,139.6,209,6,-22,-999,-1,0,0,0,0,0,0,0,"keyboard-control","OK",1782603038537,3233
2327,1782603039419,233644,0,0,-2,0,0,0,77,79,97,80,33,139.82,209,11,-17,-982,-1,0,0,0,0,0,0,0,"keyboard-control","OK",1782603038537,3233
2328,1782603039512,233737,0,0,-2,0,0,0,77,79,97,80,33,139.64,209,11,-33,-1008,-1,0,0,0,0,0,0,0,"keyboard-control","OK",1782603038537,3233
2329,1782603039654,233879,0,0,-2,0,0,0,77,79,98,80,33,139.95,209,11,-23,-984,-1,0,0,0,0,0,0,0,"keyboard-control","OK",1782603038537,3233
2330,1782603039663,233888,0,0,-2,0,0,0,77,79,98,80,33,139.76,209,10,-11,-957,-1,0,0,0,0,0,0,0,"keyboard-control","OK",1782603038537,3233
2331,1782603039780,234005,0,0,-2,0,0,0,77,79,99,80,33,139.47,209,0,-20,-971,-1,0,0,0,0,0,0,0,"keyboard-control","OK",1782603038537,3233
2332,1782603039854,234079,0,0,-2,0,0,0,77,79,99,80,33,139.77,210,1,-25,-1037,-1,0,0,0,0,0,0,0,"keyboard-control","OK",1782603038537,3233
2333,1782603040000,234225,0,0,-2,0,0,0,77,79,99,80,33,139.47,210,9,-9,-902,-1,0,0,0,0,0,0,0,"keyboard-control","OK",1782603038537,3233
2334,1782603040074,234299,0,0,-2,0,0,0,77,79,100,80,33,140.01,210,0,-32,-1042,-1,0,0,0,0,0,0,0,"keyboard-control","OK",1782603038537,3233
2335,1782603040155,234380,0,0,-2,0,0,0,77,79,100,80,33,139.83,210,-14,-7,-1006,-1,0,0,0,0,0,0,0,"keyboard-control","OK",1782603038537,3233
2336,1782603040288,234513,0,0,-2,0,0,0,77,79,100,80,33,139.53,210,-24,0,-1010,-1,0,0,0,0,0,0,0,"keyboard-control","OK",1782603038537,3233
2337,1782603040429,234654,0,0,-2,0,0,0,77,79,100,80,33,139.9,210,-24,-18,-1050,-1,0,0,0,0,0,0,0,"keyboard-control","OK",1782603038537,3233
2338,1782603040435,234660,0,0,-2,0,0,0,77,79,100,80,33,139.69,210,-9,-28,-1043,-1,0,0,0,0,0,0,0,"keyboard-control","OK",1782603038537,3233
2339,1782603040651,234876,0,0,-2,0,0,0,77,79,100,80,33,139.67,210,-17,-1,-986,-1,0,0,0,0,0,0,0,"keyboard-control","OK",1782603038537,3233
2340,1782603040681,234906,0,0,-2,0,0,0,77,79,100,80,33,140.05,210,28,-36,-958,-1,0,0,0,0,0,0,0,"keyboard-control","OK",1782603038537,3233
2341,1782603040685,234910,0,0,-2,0,0,0,77,79,100,80,33,139.85,210,11,-33,-1051,-1,0,0,0,0,0,0,0,"keyboard-control","OK",1782603038537,3233
2342,1782603040823,235048,0,1,-2,0,0,0,77,79,101,80,33,139.56,211,-4,-19,-1004,-1,0,0,0,0,0,0,0,"keyboard-control","OK",1782603038537,3233
2343,1782603040979,235204,0,0,-2,0,0,0,77,79,102,80,33,139.78,211,-15,-4,-1032,-1,0,0,0,0,0,0,0,"keyboard-control","OK",1782603040966,3235
2344,1782603041021,235246,0,0,-2,0,0,0,77,79,103,80,33,139.77,211,-30,2,-1040,-1,0,0,0,0,-20,0,0,"keyboard-control","OK",1782603041018,3236
2345,1782603041116,235341,0,0,-2,0,0,0,77,79,104,80,33,139.66,211,-39,-16,-1043,-1,0,0,0,0,-20,0,0,"keyboard-control","OK",1782603041070,3237
2346,1782603041193,235418,0,0,-2,0,0,0,77,79,104,80,33,139.88,211,-26,-14,-1015,-1,0,0,0,0,-20,0,0,"keyboard-control","OK",1782603041174,3239
2347,1782603041348,235573,0,0,-2,0,0,0,77,79,105,80,32,140.04,211,-11,-18,-1004,-1,0,0,0,0,-20,0,0,"keyboard-control","OK",1782603041330,3242
2348,1782603041377,235602,0,0,-2,0,0,0,77,79,105,80,32,140.1,211,-13,1,-891,-1,0,0,0,0,-20,0,0,"keyboard-control","OK",1782603041330,3242
2349,1782603041487,235712,0,0,-2,0,0,0,76,79,105,80,32,139.69,211,-1,-27,-1051,-1,0,0,0,0,-20,0,0,"keyboard-control","OK",1782603041486,3245
2350,1782603041568,235793,1,0,-2,0,0,0,76,79,104,80,32,139.57,211,-20,-8,-948,-1,0,0,0,0,-20,0,0,"keyboard-control","OK",1782603041536,3246
2351,1782603041674,235899,2,0,-2,0,0,0,76,79,103,80,32,139.8,211,-16,-15,-1037,-1,0,0,0,0,-20,0,0,"keyboard-control","OK",1782603041636,3248
2352,1782603041850,236075,1,0,-2,0,0,0,76,79,101,80,32,140.21,212,-19,-3,-910,-1,0,0,0,0,-20,0,0,"keyboard-control","OK",1782603041836,3252
2353,1782603041859,236084,1,0,-2,-1,0,0,76,79,99,80,32,139.8,212,-17,-11,-1002,-1,0,0,0,0,-20,0,0,"keyboard-control","OK",1782603041836,3252
2354,1782603041950,236175,0,0,-2,-1,0,0,76,79,96,80,32,139.85,212,2,-14,-946,-1,0,0,0,0,-20,0,0,"keyboard-control","OK",1782603041936,3254
2355,1782603042080,236305,0,1,-2,-1,0,1,76,79,93,80,32,139.73,212,31,-8,-1028,-1,0,0,0,0,-20,0,0,"keyboard-control","OK",1782603042037,3256
2356,1782603042137,236362,1,1,-2,-1,0,1,76,79,91,80,32,139.6,212,-2,-2,-999,-1,0,0,0,0,-20,0,0,"keyboard-control","OK",1782603042136,3258
2357,1782603042249,236474,1,1,-2,-1,0,1,76,79,89,70,32,139.53,212,0,-15,-1007,-1,0,0,0,0,-20,0,0,"keyboard-control","OK",1782603042236,3260
2358,1782603042379,236604,1,1,-2,-1,0,0,76,79,87,70,32,139.62,212,-6,-6,-1059,-1,0,0,0,0,-20,0,0,"keyboard-control","OK",1782603042338,3262
2359,1782603042383,236608,1,1,-2,-1,0,0,77,79,85,70,32,139.62,212,0,-9,-1029,-1,0,0,0,0,-20,0,0,"keyboard-control","OK",1782603042338,3262
2360,1782603042609,236834,0,1,-2,-1,0,0,77,79,84,70,32,139.7,212,3,-10,-1036,-1,0,0,0,0,-20,0,0,"keyboard-control","OK",1782603042586,3267
2361,1782603042614,236839,0,1,-2,-1,0,0,77,79,83,70,32,139.33,212,17,-5,-1016,-1,0,0,0,0,-20,0,0,"keyboard-control","OK",1782603042586,3267
2362,1782603042698,236923,0,1,-2,-1,0,0,77,79,82,70,32,139.66,213,35,-7,-1020,-1,0,0,0,0,-20,0,0,"keyboard-control","OK",1782603042686,3269
2363,1782603042774,236999,0,0,-2,-1,0,0,77,79,82,70,32,139.6,213,21,-10,-1058,-1,0,0,0,0,-20,0,0,"keyboard-control","OK",1782603042736,3270
2364,1782603042885,237110,0,0,-2,-1,0,0,77,79,82,60,32,139.06,213,-14,-8,-1029,-1,0,0,0,0,0,0,0,"keyboard-neutral","OK",1782603042855,3273
2365,1782603042985,237210,0,0,-2,-1,0,0,77,79,83,60,32,139.21,213,-8,17,-1027,-1,0,0,0,0,0,0,0,"keyboard-control","OK",1782603042936,3275
2366,1782603043080,237305,0,0,-2,-1,0,0,77,79,84,60,32,139.6,213,0,-7,-1077,-1,0,0,0,0,0,0,0,"keyboard-control","OK",1782603043036,3277
2367,1782603043136,237361,0,0,-2,-2,0,-1,77,79,85,70,32,139.16,213,-13,5,-1076,-1,0,0,0,0,20,0,0,"keyboard-control","OK",1782603043136,3279
2368,1782603043258,237483,0,0,-2,-2,0,-1,77,79,86,70,32,139.4,213,24,-2,-974,-1,0,0,0,0,20,0,0,"keyboard-control","OK",1782603043236,3281
2369,1782603043360,237585,-1,0,-2,-2,0,-1,77,79,88,70,32,139.48,213,7,11,-993,-1,0,0,0,0,20,0,0,"keyboard-control","OK",1782603043338,3283
2370,1782603043503,237728,-1,0,-2,-1,0,-1,77,79,89,70,32,139.79,213,26,-7,-998,-1,0,0,0,0,20,0,0,"keyboard-control","OK",1782603043486,3286
2371,1782603043566,237791,-1,0,-2,-1,0,-1,77,79,90,70,32,139.68,213,9,-4,-1009,-1,0,0,0,0,20,0,0,"keyboard-control","OK",1782603043536,3287
2372,1782603043643,237868,-1,0,-2,-1,0,-1,77,79,91,70,32,139.57,214,-16,15,-962,-1,0,0,0,0,20,0,0,"keyboard-control","OK",1782603043636,3289
2373,1782603043771,237996,-2,0,-2,0,0,0,77,79,92,70,32,139.76,214,-30,18,-984,-1,0,0,0,0,20,0,0,"keyboard-control","OK",1782603043736,3291
2374,1782603043825,238050,-2,0,-2,0,0,0,77,79,92,70,32,139.29,214,6,9,-1079,-1,0,0,0,0,20,0,0,"keyboard-control","OK",1782603043786,3292
2375,1782603043907,238132,-2,0,-2,0,0,0,77,79,93,70,32,139.61,214,-11,19,-968,-1,0,0,0,0,20,0,0,"keyboard-control","OK",1782603043886,3294
2376,1782603044019,238244,-2,0,-2,0,0,0,77,79,93,70,31,139.68,214,-14,-1,-985,-1,0,0,0,0,20,0,0,"keyboard-control","OK",1782603043986,3296
2377,1782603044191,238416,-2,0,-2,0,0,0,77,79,93,70,31,139.63,214,0,10,-986,-1,0,0,0,0,20,0,0,"keyboard-control","OK",1782603044187,3300
2378,1782603044241,238466,-2,0,-2,0,0,0,77,79,93,70,31,139.66,214,0,24,-992,-1,0,0,0,0,20,0,0,"keyboard-control","OK",1782603044236,3301
2379,1782603044281,238506,-2,0,-2,0,0,0,77,80,94,70,31,139.68,214,-10,13,-986,-1,0,0,0,0,20,0,0,"keyboard-control","OK",1782603044236,3301
2380,1782603044432,238657,-2,0,-2,0,0,0,77,80,94,70,31,139.96,214,-52,33,-1003,-1,0,0,0,0,20,0,0,"keyboard-control","OK",1782603044386,3304
2381,1782603044502,238727,-1,0,-2,1,0,0,77,80,94,70,31,139.66,214,-16,3,-1094,-1,0,0,0,0,20,0,0,"keyboard-control","OK",1782603044486,3306
2382,1782603044548,238773,-1,0,-2,1,0,0,77,80,94,70,31,139.58,215,-24,10,-1023,-1,0,0,0,0,20,0,0,"keyboard-control","OK",1782603044536,3307
2383,1782603044665,238890,-1,0,-2,1,0,0,77,80,94,70,31,139.8,215,-1,11,-973,-1,0,0,0,0,20,0,0,"keyboard-control","OK",1782603044636,3309
2384,1782603044782,239007,-1,0,-2,1,0,0,77,80,94,70,31,139.77,215,9,-15,-995,-1,0,0,0,0,20,0,0,"keyboard-control","OK",1782603044736,3311
2385,1782603044871,239096,-1,0,-2,1,0,0,77,80,95,70,31,139.67,215,-30,12,-1080,-1,0,0,0,0,20,0,0,"keyboard-control","OK",1782603044836,3313
2386,1782603044920,239145,-1,0,-2,1,0,0,77,80,95,70,31,139.98,215,-13,5,-954,-1,0,0,0,0,20,0,0,"keyboard-control","OK",1782603044886,3314
2387,1782603045058,239283,-1,0,-2,1,0,0,77,80,95,70,31,139.63,215,-6,-3,-1012,-1,0,0,0,0,20,0,0,"keyboard-control","OK",1782603045036,3317
2388,1782603045224,239449,-1,0,-2,1,0,0,77,80,95,70,31,139.99,215,-18,6,-1035,-1,0,0,0,0,20,0,0,"keyboard-control","OK",1782603045186,3320
2389,1782603045264,239489,-1,0,-2,1,0,0,77,79,95,70,31,139.7,215,-7,1,-990,-1,0,0,0,0,20,0,0,"keyboard-control","OK",1782603045236,3321
2390,1782603045392,239617,-1,0,-2,1,0,0,77,79,95,80,31,139.96,215,-10,30,-950,-1,0,0,0,0,20,0,0,"keyboard-control","OK",1782603045386,3324
2391,1782603045603,239828,-1,0,-2,1,0,0,77,79,96,80,31,139.75,215,-15,-8,-988,-1,0,0,0,0,20,0,0,"keyboard-control","OK",1782603045586,3328
2392,1782603045608,239833,-1,0,-2,1,0,0,77,79,95,80,31,139.92,216,-30,12,-1012,-1,0,0,0,0,20,0,0,"keyboard-control","OK",1782603045586,3328
2393,1782603045613,239838,-1,0,-2,1,0,0,77,79,95,80,31,139.81,216,-22,13,-1053,-1,0,0,0,0,20,0,0,"keyboard-control","OK",1782603045586,3328
2394,1782603045698,239923,-1,0,-2,1,0,0,77,79,95,80,31,139.79,216,-4,22,-908,-1,0,0,0,0,20,0,0,"keyboard-control","OK",1782603045686,3330
2395,1782603045832,240057,-1,0,-2,1,0,0,77,79,96,80,31,139.93,216,1,3,-1012,-1,0,0,0,0,20,0,0,"keyboard-control","OK",1782603045786,3332
2396,1782603045909,240134,-1,0,-2,2,0,0,77,79,96,70,30,139.66,216,3,0,-1000,-1,0,0,0,0,0,0,0,"keyboard-control","OK",1782603045886,3335
2397,1782603046036,240261,0,0,-2,2,0,0,77,79,97,70,30,139.77,216,-19,15,-1011,-1,0,0,0,0,0,0,0,"keyboard-control","OK",1782603045936,3336
2398,1782603046096,240321,0,0,-2,1,0,0,77,79,98,70,30,139.68,216,-9,20,-1007,-1,0,0,0,0,0,0,0,"keyboard-control","OK",1782603045936,3336
2399,1782603046205,240430,-1,0,-2,1,0,0,77,80,100,80,30,139.77,216,-6,-1,-987,-1,0,0,0,0,0,0,0,"keyboard-control","OK",1782603045936,3336
2400,1782603046256,240481,0,0,-2,1,0,0,77,80,102,80,30,139.91,216,-25,19,-995,-1,0,0,0,0,0,0,0,"keyboard-control","OK",1782603045936,3336
2401,1782603046367,240592,0,0,-2,1,0,0,77,80,104,80,30,139.79,216,2,10,-977,-1,0,0,0,0,0,0,0,"keyboard-control","OK",1782603045936,3336
2402,1782603046470,240695,0,0,-2,1,0,0,77,80,107,80,30,139.69,217,-1,-2,-1016,-1,0,0,0,0,0,0,0,"keyboard-control","OK",1782603045936,3336
2403,1782603046590,240815,0,0,-2,1,0,0,77,80,109,80,30,139.89,217,-50,8,-1026,-1,0,0,0,0,0,0,0,"keyboard-control","OK",1782603045936,3336
2404,1782603046726,240951,1,0,-2,0,0,0,77,80,115,80,30,140.14,217,-41,7,-955,-1,0,0,0,0,0,0,0,"keyboard-control","OK",1782603045936,3336
2405,1782603046832,241057,1,0,-2,0,0,0,77,80,117,90,30,139.8,217,5,3,-856,-1,0,0,0,0,0,0,0,"keyboard-control","OK",1782603045936,3336
2406,1782603046996,241221,0,0,-2,0,0,0,77,80,120,90,30,139.97,217,-29,0,-983,-1,0,0,0,0,0,0,0,"keyboard-control","OK",1782603045936,3336
2407,1782603047038,241263,0,0,-2,0,0,0,77,80,122,90,30,140.07,217,18,-4,-948,-1,0,0,0,0,0,0,0,"keyboard-control","OK",1782603045936,3336
2408,1782603047108,241333,0,0,-2,0,0,0,77,80,123,90,30,139.82,217,2,-3,-970,-1,0,0,0,0,0,0,0,"keyboard-control","OK",1782603045936,3336
2409,1782603047231,241456,0,0,-2,0,0,0,77,80,124,90,30,139.96,217,-6,3,-963,-1,0,0,0,0,0,0,0,"keyboard-control","OK",1782603045936,3336
2410,1782603047284,241509,0,0,-2,0,0,0,77,80,125,90,30,139.89,217,-19,12,-941,-1,0,0,0,0,0,0,0,"keyboard-control","OK",1782603045936,3336
2411,1782603047408,241633,0,0,-2,0,0,0,77,80,126,100,30,139.96,218,-26,23,-945,-1,0,0,0,0,0,0,0,"keyboard-control","OK",1782603045936,3336
2412,1782603047495,241720,0,0,-2,0,0,0,77,80,126,100,30,140.15,218,5,-6,-953,-1,0,0,0,0,0,0,0,"keyboard-control","OK",1782603045936,3336
2413,1782603047609,241834,0,0,-2,0,0,1,77,80,125,100,30,140.14,218,19,-30,-980,-1,0,0,0,0,0,0,0,"keyboard-control","OK",1782603045936,3336
2414,1782603047749,241974,-1,0,-2,0,0,1,77,80,124,100,30,139.62,218,5,5,-920,-1,0,0,0,0,0,0,0,"keyboard-control","OK",1782603045936,3336
2415,1782603047807,242032,0,0,-2,0,0,1,77,80,124,100,30,140.37,218,-8,5,-991,-1,0,0,0,0,0,0,0,"keyboard-control","OK",1782603045936,3336
2416,1782603047899,242124,0,0,-2,0,0,1,77,80,122,100,30,139.92,218,-23,14,-1000,-1,0,0,0,0,0,0,0,"keyboard-control","OK",1782603045936,3336
2417,1782603047940,242165,0,0,-2,0,0,1,77,80,121,100,30,139.85,218,-2,5,-988,-1,0,0,0,0,0,0,0,"keyboard-control","OK",1782603045936,3336
2418,1782603048059,242284,0,0,-2,0,0,1,77,80,120,100,30,139.74,218,1,-4,-1007,-1,0,0,0,0,0,0,0,"keyboard-control","OK",1782603045936,3336
2419,1782603048207,242432,0,0,-2,0,0,1,77,80,118,100,30,140.12,218,-5,10,-1031,-1,0,0,0,0,0,0,0,"keyboard-control","OK",1782603045936,3336
2420,1782603048280,242505,0,0,-2,0,0,1,77,80,117,90,30,140.02,218,-11,-7,-937,-1,0,0,0,0,0,0,0,"keyboard-control","OK",1782603045936,3336
2421,1782603048347,242572,0,0,-2,0,0,1,77,80,115,90,30,139.86,219,-8,1,-1000,-1,0,0,0,0,0,0,0,"keyboard-control","OK",1782603045936,3336
2422,1782603048480,242705,0,0,-2,0,0,1,77,80,113,90,30,139.87,219,-15,-9,-997,-1,0,0,0,0,0,0,0,"keyboard-control","OK",1782603048452,3340
2423,1782603048540,242765,0,0,-2,0,0,1,77,80,112,90,30,140.05,219,19,-16,-971,-1,0,0,0,0,0,0,0,"keyboard-control","OK",1782603048500,3341
2424,1782603048602,242827,0,0,-2,0,0,1,77,80,110,90,30,140.19,219,0,-10,-1021,-1,0,0,0,0,0,0,0,"keyboard-control","OK",1782603048597,3343
2425,1782603048742,242967,0,0,-2,0,0,1,77,80,109,90,29,139.85,219,-6,4,-994,-1,0,0,0,0,0,0,0,"keyboard-control","OK",1782603048740,3346
2426,1782603048839,243064,0,0,-2,0,0,1,77,80,107,90,29,139.89,219,-14,-9,-981,-1,0,0,0,0,0,0,0,"keyboard-control","OK",1782603048836,3348
2427,1782603048877,243102,0,0,-2,0,0,1,77,80,106,90,29,139.83,219,19,3,-1025,-1,0,0,0,0,0,0,0,"keyboard-control","OK",1782603048836,3348
2428,1782603048968,243193,0,0,-2,0,0,1,77,79,105,80,29,139.88,219,-50,14,-990,-1,0,0,0,0,0,0,0,"keyboard-control","OK",1782603048936,3350
2429,1782603049107,243332,0,0,-2,0,0,1,77,79,104,80,29,139.93,219,22,-11,-1045,-1,0,0,0,0,0,0,0,"keyboard-control","OK",1782603049086,3353
2430,1782603049311,243536,0,0,-2,0,0,0,77,79,103,80,29,139.91,220,-2,3,-1029,-1,0,0,0,0,0,0,0,"keyboard-control","OK",1782603049287,3357
2431,1782603049332,243557,0,-1,-2,0,0,0,77,79,102,80,29,139.86,220,-1,7,-1048,-1,0,0,0,0,0,0,0,"keyboard-control","OK",1782603049287,3357
2432,1782603049370,243595,0,-1,-2,0,0,0,77,79,101,80,29,139.95,220,-24,18,-1005,-1,0,0,0,0,0,0,0,"keyboard-control","OK",1782603049336,3358
2433,1782603049474,243699,0,-1,-2,0,0,0,77,79,101,80,29,139.83,220,3,9,-1034,-1,0,0,0,0,0,0,0,"keyboard-control","OK",1782603049436,3360
2434,1782603049597,243822,0,0,-2,0,0,0,77,79,100,80,29,139.74,220,5,1,-988,-1,0,0,0,0,0,0,0,"keyboard-control","OK",1782603049587,3363
2435,1782603049662,243887,0,0,-2,0,0,0,77,79,99,80,29,139.89,220,-8,8,-950,-1,0,0,0,0,0,0,0,"keyboard-control","OK",1782603049636,3364
2436,1782603049771,243996,0,-1,-2,0,0,0,77,79,99,80,29,139.73,220,-8,14,-1007,-1,0,0,0,0,0,0,0,"keyboard-control","OK",1782603049736,3366
2437,1782603049906,244131,0,-1,-2,0,0,0,77,79,98,80,29,139.78,220,4,-5,-1000,-1,0,0,0,0,0,0,0,"keyboard-control","OK",1782603049886,3369
2438,1782603049982,244207,0,-1,-2,0,0,0,76,80,98,80,29,139.71,220,-2,3,-998,-1,0,0,0,0,0,0,0,"keyboard-control","OK",1782603049936,3370
2439,1782603050044,244269,0,0,-2,0,0,0,76,80,98,80,29,139.55,220,9,2,-989,-1,0,0,0,0,0,0,0,"keyboard-control","OK",1782603050036,3372
2440,1782603050170,244395,0,0,-2,0,0,0,76,80,97,80,29,139.56,221,-10,5,-997,-1,0,0,0,0,20,0,0,"keyboard-control","OK",1782603050136,3374
2441,1782603050235,244460,0,0,-2,0,0,0,76,80,97,80,29,139.67,221,-11,0,-1013,-1,0,0,0,0,20,0,0,"keyboard-control","OK",1782603050186,3375
2442,1782603050332,244557,0,0,-2,0,0,0,76,80,97,80,29,139.72,221,9,10,-948,-1,0,0,0,0,20,0,0,"keyboard-control","OK",1782603050286,3377
2443,1782603050450,244675,0,0,-2,0,0,0,76,80,96,80,29,139.66,221,-17,4,-984,-1,0,0,0,0,20,0,0,"keyboard-control","OK",1782603050436,3380
2444,1782603050551,244776,0,0,-2,0,0,0,76,80,95,80,29,139.28,221,8,7,-1066,-1,0,0,0,0,20,0,0,"keyboard-control","OK",1782603050536,3382
2445,1782603050631,244856,-1,0,-2,0,0,0,76,80,95,80,29,139.53,221,-9,31,-1010,-1,0,0,0,0,20,0,0,"keyboard-control","OK",1782603050586,3383
2446,1782603050678,244903,-1,0,-2,0,0,0,76,80,95,70,29,139.46,221,-13,16,-978,-1,0,0,0,0,20,0,0,"keyboard-control","OK",1782603050636,3384
2447,1782603050769,244994,-1,0,-2,0,0,0,76,80,94,70,29,139.67,221,-19,9,-989,-1,0,0,0,0,20,0,0,"keyboard-control","OK",1782603050736,3386
2448,1782603050872,245097,-1,0,-2,0,0,0,76,79,94,70,29,139.42,221,11,14,-1044,-1,0,0,0,0,20,0,0,"keyboard-control","OK",1782603050836,3388
2449,1782603051014,245239,-1,0,-2,1,0,0,76,79,94,70,29,139.41,221,-15,-4,-994,-1,0,0,0,0,20,0,0,"keyboard-control","OK",1782603050986,3391
2450,1782603051073,245298,-1,0,-2,1,0,0,76,79,93,70,29,139.85,222,-38,22,-1003,-1,0,0,0,0,20,0,0,"keyboard-control","OK",1782603051036,3392
2451,1782603051187,245412,-1,0,-2,1,0,0,76,79,93,70,29,139.52,222,-22,-1,-1057,-1,0,0,0,0,20,0,0,"keyboard-control","OK",1782603051186,3395
2452,1782603051303,245528,-1,0,-2,1,0,0,76,79,93,70,29,139.78,222,-5,-7,-1048,-1,0,0,0,0,20,0,0,"keyboard-control","OK",1782603051286,3397
2453,1782603051400,245625,-1,0,-2,1,0,0,76,79,93,70,29,139.55,222,-28,17,-1031,-1,0,0,0,0,20,0,0,"keyboard-control","OK",1782603051386,3399
2454,1782603051445,245670,-1,0,-2,1,0,0,76,79,93,70,29,139.8,222,-6,9,-942,-1,0,0,0,0,20,0,0,"keyboard-control","OK",1782603051436,3400
2455,1782603051592,245817,0,0,-2,1,0,0,76,79,93,70,29,139.91,222,-1,16,-1062,-1,0,0,0,0,20,0,0,"keyboard-control","OK",1782603051586,3403
2456,1782603051686,245911,-1,0,-2,1,0,0,76,79,92,70,29,139.71,222,-18,9,-1029,-1,0,0,0,0,20,0,0,"keyboard-control","OK",1782603051686,3405
2457,1782603051736,245961,-1,0,-2,1,0,0,76,79,93,70,29,139.92,222,0,12,-1038,-1,0,0,0,0,20,0,0,"keyboard-control","OK",1782603051736,3406
2458,1782603051829,246054,-1,0,-2,1,0,0,77,79,93,70,29,139.85,222,-15,13,-935,-1,0,0,0,0,0,0,0,"keyboard-control","OK",1782603051786,3408
2459,1782603051986,246211,-1,0,-2,1,0,0,77,79,93,70,29,139.82,222,-16,6,-1037,-1,0,0,0,0,0,0,0,"keyboard-control","OK",1782603051986,3412
2460,1782603051991,246216,-1,0,-2,1,0,0,77,79,93,70,29,139.81,223,-38,-8,-1024,-1,0,0,0,0,0,0,0,"keyboard-control","OK",1782603051986,3412
2461,1782603052083,246308,-1,0,-2,1,0,0,77,79,93,70,29,139.74,223,-19,0,-1014,-1,0,0,0,0,0,0,0,"keyboard-control","OK",1782603052036,3413
2462,1782603052240,246465,-1,0,-2,1,0,0,77,79,93,70,29,140.07,223,-23,3,-996,-1,0,0,0,0,0,0,0,"keyboard-control","OK",1782603052236,3417
2463,1782603052296,246521,0,0,-2,1,0,0,77,79,92,80,29,139.59,223,-4,-21,-946,-1,0,0,0,0,0,0,0,"keyboard-control","OK",1782603052286,3418
2464,1782603052487,246712,0,0,-2,1,0,0,77,79,92,70,29,139.74,223,-36,0,-1070,-1,0,0,0,0,0,0,0,"keyboard-control","OK",1782603052487,3422
2465,1782603052492,246717,0,0,-2,1,0,0,77,79,91,70,28,139.73,223,-16,-3,-1015,-1,0,0,0,0,0,0,0,"keyboard-control","OK",1782603052487,3422
2466,1782603052581,246806,0,0,-2,0,0,0,77,79,91,70,28,139.98,223,-33,7,-1045,-1,0,0,0,0,0,0,0,"keyboard-control","OK",1782603052536,3423
2467,1782603052723,246948,1,0,-2,0,0,0,77,79,90,70,28,139.55,223,-32,0,-1040,-1,0,0,0,0,0,0,0,"keyboard-control","OK",1782603052686,3426
2468,1782603052884,247109,1,0,-2,0,0,0,77,80,89,70,28,139.6,223,-7,11,-1007,-1,0,0,0,0,0,0,0,"keyboard-control","OK",1782603052836,3429
2469,1782603052922,247147,0,0,-2,0,0,0,77,80,88,70,28,139.76,223,-10,-6,-983,-1,0,0,0,0,0,0,0,"keyboard-control","OK",1782603052886,3430
2470,1782603052927,247152,0,0,-2,0,0,0,77,80,87,70,28,139.45,224,-15,9,-1010,-1,0,0,0,0,0,0,0,"keyboard-control","OK",1782603052886,3430
2471,1782603053093,247318,0,0,-2,0,0,0,77,80,86,70,28,139.51,224,-8,-6,-1006,-1,0,0,0,0,-20,0,0,"keyboard-control","OK",1782603053087,3434
2472,1782603053217,247442,0,0,-2,0,0,0,77,80,85,70,28,139.99,224,-15,0,-1030,-1,0,0,0,0,-20,0,0,"keyboard-control","OK",1782603053186,3436
2473,1782603053322,247547,0,0,-2,0,0,0,77,80,84,70,28,139.66,224,13,-11,-1038,-1,0,0,0,0,-20,0,0,"keyboard-control","OK",1782603053286,3438
2474,1782603053335,247560,0,0,-2,0,0,0,77,80,83,70,28,139.61,224,5,-4,-972,-1,0,0,0,0,-20,0,0,"keyboard-control","OK",1782603053286,3438
2475,1782603053478,247703,0,0,-2,0,0,0,77,80,82,70,28,139.94,224,20,-12,-1057,-1,0,0,0,0,-20,0,0,"keyboard-control","OK",1782603053336,3439
2476,1782603053488,247713,0,0,-2,0,0,0,77,80,82,70,28,139.8,224,4,-9,-1013,-1,0,0,0,0,-20,0,0,"keyboard-control","OK",1782603053336,3439
2477,1782603053592,247817,1,0,-2,0,0,0,77,80,82,70,28,139.81,224,3,-5,-1020,-1,0,0,0,0,-20,0,0,"keyboard-control","OK",1782603053336,3439
2478,1782603053688,247913,0,0,-2,0,0,0,77,79,82,70,28,139.46,224,-5,-14,-987,-1,0,0,0,0,-20,0,0,"keyboard-control","OK",1782603053336,3439
2479,1782603053859,248084,0,0,-2,0,0,0,77,79,82,60,28,139.4,224,-16,-1,-985,-1,0,0,0,0,-20,0,0,"keyboard-control","OK",1782603053336,3439
2480,1782603053899,248124,0,0,-2,-1,0,0,77,79,82,60,28,139.68,225,4,-10,-986,-1,0,0,0,0,-20,0,0,"keyboard-control","OK",1782603053336,3439
2481,1782603054031,248256,0,0,-2,-1,0,0,77,79,83,60,28,139.71,225,7,-9,-1002,-1,0,0,0,0,-20,0,0,"keyboard-control","OK",1782603053336,3439
2482,1782603054117,248342,0,0,-2,-1,0,0,77,79,83,60,28,139.66,225,14,-8,-981,-1,0,0,0,0,-20,0,0,"keyboard-control","OK",1782603053336,3439
2483,1782603054157,248382,0,0,-2,-1,0,0,77,79,84,70,28,139.86,225,7,-5,-1025,-1,0,0,0,0,-20,0,0,"keyboard-control","OK",1782603053336,3439
2484,1782603054286,248511,0,0,-2,-1,0,0,77,79,85,70,28,139.56,225,14,0,-1024,-1,0,0,0,0,-20,0,0,"keyboard-control","OK",1782603053336,3439
2485,1782603054371,248596,0,0,-2,-1,0,0,77,79,86,70,28,139.28,225,18,-7,-1004,-1,0,0,0,0,-20,0,0,"keyboard-control","OK",1782603053336,3439
2486,1782603054428,248653,0,0,-2,-1,0,0,77,79,88,70,28,139.26,225,0,-7,-969,-1,0,0,0,0,-20,0,0,"keyboard-control","OK",1782603053336,3439
2487,1782603054552,248777,0,0,-2,-1,0,0,77,79,89,70,28,139.3,225,2,7,-1016,-1,0,0,0,0,-20,0,0,"keyboard-control","OK",1782603053336,3439
2488,1782603054715,248940,0,0,-2,-2,0,-1,77,79,91,70,28,139.32,225,-29,28,-1010,-1,0,0,0,0,-20,0,0,"keyboard-control","OK",1782603053336,3439
2489,1782603054720,248945,0,0,-2,-2,0,-1,77,79,92,70,28,139.34,225,26,-11,-958,-1,0,0,0,0,-20,0,0,"keyboard-control","OK",1782603053336,3439
2490,1782603054827,249052,0,0,-2,-2,0,-1,77,79,93,70,28,139.48,226,15,5,-923,-1,0,0,0,0,-20,0,0,"keyboard-control","OK",1782603053336,3439
2491,1782603054959,249184,0,0,-2,-2,0,0,77,79,94,70,28,139.09,226,9,-4,-953,-1,0,0,0,0,-20,0,0,"keyboard-control","OK",1782603053336,3439
2492,1782603055020,249245,0,0,-2,-2,0,0,77,79,95,70,28,139.54,226,5,-1,-1032,-1,0,0,0,0,-20,0,0,"keyboard-control","OK",1782603053336,3439
2493,1782603057452,251677,0,0,-2,-1,0,0,77,79,96,70,28,139.36,226,7,-6,-965,-1,0,0,0,0,-20,0,0,"keyboard-control","OK",1782603053336,3439
2494,1782603057456,251681,0,0,-1,-1,0,0,77,79,97,80,28,139.43,226,-17,19,-989,-1,0,0,0,0,-20,0,0,"keyboard-control","OK",1782603053336,3439
2495,1782603057555,251780,0,0,-1,-1,0,0,77,79,99,80,28,139.31,226,-1,4,-945,-1,0,0,0,0,-20,0,0,"keyboard-control","OK",1782603053336,3439
2496,1782603057638,251863,0,0,-1,-1,0,0,77,79,99,80,28,139.58,226,45,-26,-914,-1,0,0,0,0,-20,0,0,"keyboard-control","OK",1782603053336,3439
2497,1782603057759,251984,0,0,-2,-1,0,0,77,79,99,80,28,139.64,226,8,-5,-989,-1,0,0,0,0,-20,0,0,"keyboard-control","OK",1782603053336,3439
2498,1782603057883,252108,0,0,-2,-1,0,0,76,79,100,80,28,139.54,226,20,4,-987,-1,0,0,0,0,-20,0,0,"keyboard-control","OK",1782603053336,3439
2499,1782603058037,252262,0,0,-2,-1,0,0,76,79,100,80,28,139.25,226,27,2,-1025,-1,0,0,0,0,0,0,0,"keyboard-neutral","OK",1782603058017,3441
2500,1782603058042,252267,0,0,-2,-2,0,0,76,79,101,80,28,139.26,227,11,6,-1000,-1,0,0,0,0,0,0,0,"keyboard-neutral","OK",1782603058017,3441
2501,1782603058141,252366,0,0,-2,-2,0,0,76,79,101,80,28,139.75,227,22,8,-976,-1,0,0,0,0,0,0,0,"keyboard-neutral","OK",1782603058117,3444
2502,1782603058257,252482,0,0,-2,-2,0,0,76,79,101,80,28,139.26,227,-5,21,-1029,-1,0,0,0,0,20,0,0,"keyboard-control","OK",1782603058256,3447
2503,1782603058318,252543,0,0,-2,-2,0,0,76,79,101,80,28,139.13,227,11,5,-1016,-1,0,0,0,0,20,0,0,"keyboard-control","OK",1782603058304,3448
2504,1782603058413,252638,0,0,-2,-2,0,0,76,79,100,80,27,139.3,227,39,-3,-941,-1,0,0,0,0,20,0,0,"keyboard-control","OK",1782603058402,3451
2505,1782603058537,252762,-1,0,-2,-1,0,0,76,79,100,80,27,139.44,227,28,3,-954,-1,0,0,0,0,20,0,0,"keyboard-control","OK",1782603058503,3453
2506,1782603058614,252839,-1,0,-2,-1,0,0,76,79,100,80,27,139.63,227,20,7,-981,-1,0,0,0,0,20,0,0,"keyboard-control","OK",1782603058602,3455
2507,1782603058709,252934,-1,0,-2,-1,0,0,76,79,100,80,27,139.32,227,42,6,-1022,-1,0,0,0,0,20,0,0,"keyboard-control","OK",1782603058702,3457
2508,1782603058806,253031,-1,0,-2,-1,0,0,77,79,99,80,27,139.25,227,-20,4,-1019,-1,0,0,0,0,20,0,0,"keyboard-control","OK",1782603058802,3459
2509,1782603058867,253092,-2,0,-2,-1,0,0,77,79,97,80,27,139.36,227,-3,0,-979,-1,0,0,0,0,20,0,0,"keyboard-control","OK",1782603058852,3460
2510,1782603058993,253218,-2,0,-2,0,0,0,77,79,96,80,27,139.49,228,20,8,-1039,-1,0,0,0,0,20,0,0,"keyboard-control","OK",1782603058952,3462
2511,1782603059169,253394,-2,0,-2,0,0,0,77,79,94,80,27,139.58,228,17,-18,-971,-1,0,0,0,0,20,0,0,"keyboard-control","OK",1782603059152,3466
2512,1782603059173,253398,-2,0,-2,0,0,0,77,79,94,80,27,139.16,228,5,3,-933,-1,0,0,0,0,20,0,0,"keyboard-control","OK",1782603059152,3466
2513,1782603059407,253632,-2,0,-2,0,0,0,77,79,95,80,27,139.4,228,36,3,-998,-1,0,0,0,0,20,0,0,"keyboard-control","OK",1782603059402,3471
2514,1782603059414,253639,-2,0,-2,0,0,0,77,79,96,70,27,139.82,228,-23,4,-986,-1,0,0,0,0,20,0,0,"keyboard-control","OK",1782603059402,3471
2515,1782603059421,253646,-1,0,-2,0,0,0,77,79,97,70,27,139.72,228,12,-12,-987,-1,0,0,0,0,20,0,0,"keyboard-control","OK",1782603059402,3471
2516,1782603059529,253754,-1,0,-2,0,0,0,77,79,98,80,27,139.47,228,74,-22,-1050,-1,0,0,0,0,20,0,0,"keyboard-control","OK",1782603059502,3473
2517,1782603059643,253868,-1,0,-2,1,0,0,77,79,99,80,27,139.36,228,25,-10,-1023,-1,0,0,0,0,20,0,0,"keyboard-control","OK",1782603059602,3475
2518,1782603059695,253920,-1,0,-2,1,0,0,77,79,100,80,27,139.75,228,32,-21,-1005,-1,0,0,0,0,20,0,0,"keyboard-control","OK",1782603059652,3476
2519,1782603059857,254082,-1,0,-2,1,0,0,77,79,101,80,27,139.71,228,-18,-3,-994,-1,0,0,0,0,20,0,0,"keyboard-control","OK",1782603059853,3480
2520,1782603060064,254289,-1,0,-2,1,0,0,77,79,102,80,27,139.77,229,37,-14,-1001,-1,0,0,0,0,0,0,0,"keyboard-control","OK",1782603060052,3485
2521,1782603060069,254294,-1,0,-2,1,0,0,77,79,103,80,27,140.21,229,-10,-5,-995,-1,0,0,0,0,0,0,0,"keyboard-control","OK",1782603060052,3485
2522,1782603060123,254348,-1,0,-2,1,0,0,77,79,104,80,27,139.48,229,-25,0,-1026,-1,0,0,0,0,0,0,0,"keyboard-control","OK",1782603060102,3486
2523,1782603060237,254462,-1,0,-2,1,0,0,77,79,104,80,27,140.16,229,-11,-6,-1009,-1,0,0,0,0,0,0,0,"keyboard-control","OK",1782603060203,3488
2524,1782603060352,254577,-1,0,-2,1,0,0,77,79,105,80,27,139.77,229,-13,-2,-994,-1,0,0,0,0,0,0,0,"keyboard-control","OK",1782603060302,3490
2525,1782603060441,254666,0,0,-2,1,0,0,77,79,105,80,27,139.91,229,-44,-2,-916,-1,0,0,0,0,0,0,0,"keyboard-control","OK",1782603060402,3492
2526,1782603060511,254736,0,0,-2,1,0,0,77,79,105,80,27,139.61,229,0,-5,-1010,-1,0,0,0,0,20,0,0,"keyboard-control","OK",1782603060503,3494
2527,1782603060543,254768,0,0,-2,1,0,0,77,79,105,80,27,139.84,229,-40,15,-965,-1,0,0,0,0,20,0,0,"keyboard-control","OK",1782603060503,3494
2528,1782603060672,254897,0,0,-2,1,0,0,77,80,105,80,27,140.06,229,-19,12,-1020,-1,0,0,0,0,20,0,0,"keyboard-control","OK",1782603060653,3497
2529,1782603060786,255011,0,0,-2,1,0,0,77,80,104,80,27,139.58,229,-8,-3,-985,-1,0,0,0,0,20,0,0,"keyboard-control","OK",1782603060752,3499
2530,1782603060884,255109,1,0,-2,0,0,0,77,80,104,80,27,139.63,230,-24,7,-992,-1,0,0,0,0,20,0,0,"keyboard-control","OK",1782603060853,3501
2531,1782603060993,255218,0,0,-2,0,0,0,77,80,103,80,27,139.74,230,-16,5,-1011,-1,0,0,0,0,20,0,0,"keyboard-control","OK",1782603060952,3503
2532,1782603061057,255282,0,0,-2,0,0,0,77,80,103,80,27,139.65,230,-11,-5,-990,-1,0,0,0,0,20,0,0,"keyboard-control","OK",1782603061053,3505
2533,1782603061192,255417,-1,0,-2,0,0,0,77,80,103,80,27,139.83,230,-17,-10,-958,-1,0,0,0,0,20,0,0,"keyboard-control","OK",1782603061152,3507
2534,1782603061251,255476,-1,0,-2,0,0,0,77,80,102,80,26,139.72,230,-27,-13,-974,-1,0,0,0,0,20,0,0,"keyboard-control","OK",1782603061202,3508
2535,1782603061309,255534,-1,0,-2,0,0,0,77,80,102,80,26,139.55,230,2,-10,-1034,-1,0,0,0,0,20,0,0,"keyboard-control","OK",1782603061302,3510
2536,1782603061446,255671,-1,0,-2,1,0,0,77,80,101,80,26,140.01,230,-19,2,-1042,-1,0,0,0,0,20,0,0,"keyboard-control","OK",1782603061402,3512
2537,1782603061589,255814,-1,0,-2,1,0,0,77,80,101,80,26,139.57,230,-27,18,-974,-1,0,0,0,0,20,0,0,"keyboard-control","OK",1782603061552,3515
2538,1782603061623,255848,-1,0,-2,1,0,0,77,80,101,80,26,139.57,230,9,7,-1026,-1,0,0,0,0,20,0,0,"keyboard-control","OK",1782603061602,3516
2539,1782603061734,255959,-1,0,-2,1,0,0,77,80,100,80,26,139.82,230,6,-2,-990,-1,0,0,0,0,20,0,0,"keyboard-control","OK",1782603061702,3518
2540,1782603063113,257338,-1,0,-2,1,0,0,77,80,100,80,26,139.57,231,4,-16,-989,-1,0,0,0,0,20,0,0,"keyboard-control","OK",1782603063002,3544
2541,1782603063214,257439,-1,0,-2,1,0,0,77,80,99,80,26,140.03,231,-11,-11,-1003,-1,0,0,0,0,20,0,0,"keyboard-control","OK",1782603063002,3544
2542,1782603063351,257576,-1,0,-2,2,0,0,76,79,96,80,26,140.07,232,-47,-5,-961,-1,0,0,0,0,20,0,0,"keyboard-control","OK",1782603063002,3544
2543,1782603063412,257637,-1,0,-2,2,0,0,76,79,96,80,26,139.95,232,-23,5,-989,-1,0,0,0,0,20,0,0,"keyboard-control","OK",1782603063002,3544
2544,1782603063522,257747,-1,0,-2,2,0,0,75,79,96,80,26,139.96,232,-32,12,-1003,-1,0,0,0,0,20,0,0,"keyboard-control","OK",1782603063002,3544
2545,1782603063606,257831,-1,0,-2,1,0,0,75,79,96,80,26,140.09,232,-29,10,-992,-1,0,0,0,0,20,0,0,"keyboard-control","OK",1782603063002,3544
2546,1782603063776,258001,-1,0,-2,1,0,0,75,79,96,80,26,140.13,233,-30,-3,-977,-1,0,0,0,0,20,0,0,"keyboard-control","OK",1782603063002,3544
2547,1782603063869,258094,-1,0,-2,2,0,0,75,79,96,80,26,139.9,233,-23,0,-983,-1,0,0,0,0,20,0,0,"keyboard-control","OK",1782603063002,3544
2548,1782603063907,258132,-1,0,-2,2,0,0,75,79,96,80,26,139.79,233,-8,0,-999,-1,0,0,0,0,20,0,0,"keyboard-control","OK",1782603063002,3544
2549,1782603064090,258315,-1,0,-2,2,0,0,75,79,96,80,26,139.82,233,-25,5,-990,-1,0,0,0,0,20,0,0,"keyboard-control","OK",1782603063002,3544
2550,1782603064216,258441,-1,0,-2,2,0,0,75,79,96,80,26,139.72,233,-16,-3,-1015,-1,0,0,0,0,20,0,0,"keyboard-control","OK",1782603063002,3544
2551,1782603064254,258479,0,0,-2,2,0,0,75,79,96,80,26,139.88,233,-14,8,-1017,-1,0,0,0,0,20,0,0,"keyboard-control","OK",1782603063002,3544
2552,1782603064400,258625,0,0,-2,1,0,0,75,79,96,80,26,139.75,233,-40,-7,-977,-1,0,0,0,0,20,0,0,"keyboard-control","OK",1782603063002,3544
2553,1782603064407,258632,-1,0,-2,1,0,0,75,79,96,80,26,139.95,233,-6,-6,-1020,-1,0,0,0,0,20,0,0,"keyboard-control","OK",1782603063002,3544
2554,1782603064461,258686,0,0,-2,2,0,0,77,79,96,80,26,139.77,233,12,-17,-969,-1,0,0,0,0,20,0,0,"keyboard-control","OK",1782603063002,3544
2555,1782603064524,258749,-1,0,-2,2,0,0,77,79,96,80,26,139.86,234,-16,-7,-975,-1,0,0,0,0,20,0,0,"keyboard-control","OK",1782603063002,3544
2556,1782603064653,258878,-1,0,-2,2,0,0,77,79,96,80,26,139.92,234,-39,7,-989,-1,0,0,0,0,20,0,0,"keyboard-control","OK",1782603063002,3544
2557,1782603064750,258975,0,0,-2,2,0,0,77,79,96,80,26,140.04,234,-26,1,-1018,-1,0,0,0,0,20,0,0,"keyboard-control","OK",1782603063002,3544
2558,1782603064825,259050,0,0,-2,2,0,0,77,79,97,80,26,139.64,234,-31,12,-1069,-1,0,0,0,0,20,0,0,"keyboard-control","OK",1782603063002,3544
2559,1782603064938,259163,0,0,-2,2,0,0,77,79,97,80,26,139.86,234,-8,-2,-982,-1,0,0,0,0,20,0,0,"keyboard-control","OK",1782603063002,3544
2560,1782603065043,259268,0,0,-2,2,0,0,77,79,97,80,26,140.29,234,-25,3,-984,-1,0,0,0,0,20,0,0,"keyboard-control","OK",1782603063002,3544
2561,1782603065116,259341,-1,0,-2,2,0,0,77,79,98,80,26,140.05,234,-4,4,-992,-1,0,0,0,0,20,0,0,"keyboard-control","OK",1782603063002,3544
2562,1782603065190,259415,-1,0,-2,2,0,0,77,79,98,80,26,140.21,234,-30,8,-1009,-1,0,0,0,0,20,0,0,"keyboard-control","OK",1782603063002,3544
2563,1782603065296,259521,0,0,-2,2,0,0,77,79,98,80,26,139.99,234,-11,1,-1040,-1,0,0,0,0,20,0,0,"keyboard-control","OK",1782603063002,3544
2564,1782603065351,259576,0,0,-2,2,0,0,77,79,99,80,26,140.09,234,-9,3,-979,-1,0,0,0,0,20,0,0,"keyboard-control","OK",1782603063002,3544
2565,1782603065482,259707,0,0,-2,2,0,0,77,79,99,80,26,139.76,235,-11,11,-978,-1,0,0,0,0,0,0,0,"keyboard-control","OK",1782603065454,3553
2566,1782603065620,259845,0,0,-2,2,0,0,77,79,100,80,26,139.98,235,-33,-3,-960,-1,0,0,0,0,-20,0,0,"keyboard-control","OK",1782603065603,3556
2567,1782603065682,259907,0,0,-2,2,0,0,77,79,99,80,26,139.6,235,-11,8,-1000,-1,0,0,0,0,0,0,0,"keyboard-neutral","OK",1782603065671,3558
2568,1782603065821,260046,0,0,-2,2,0,0,77,79,100,80,26,139.84,235,-11,16,-1017,-1,0,0,0,0,-20,0,0,"keyboard-control","OK",1782603065802,3561
2569,1782603065928,260153,0,0,-2,2,0,0,77,79,100,80,26,139.85,235,-3,15,-960,-1,0,0,0,0,0,0,0,"keyboard-control","OK",1782603065902,3564
2570,1782603065964,260189,0,0,-2,1,0,0,77,79,100,80,25,139.97,235,-2,0,-1009,-1,0,0,0,0,0,0,0,"keyboard-control","OK",1782603065952,3565
2571,1782603066057,260282,0,0,-2,1,0,0,77,79,100,80,25,140.09,235,2,10,-1000,-1,0,0,0,0,-20,0,0,"keyboard-control","OK",1782603066052,3567
2572,1782603066121,260346,0,0,-2,1,0,0,77,79,101,80,25,139.58,235,18,0,-968,-1,0,0,0,0,-20,0,0,"keyboard-control","OK",1782603066103,3568
2573,1782603066311,260536,0,0,-2,1,0,0,77,79,101,80,25,140.08,235,-31,-4,-948,-1,0,0,0,0,-20,0,0,"keyboard-control","OK",1782603066302,3573
2574,1782603066367,260592,0,0,-2,1,0,0,76,78,101,80,25,139.67,235,-17,5,-1006,-1,0,0,0,0,0,0,0,"keyboard-control","OK",1782603066352,3575
2575,1782603066408,260633,0,0,-2,1,0,0,76,78,101,80,25,139.94,236,4,9,-1032,-1,0,0,0,0,0,0,0,"keyboard-control","OK",1782603066402,3576
2576,1782603066504,260729,0,0,-2,0,0,0,76,78,101,80,25,139.57,236,-2,9,-907,-1,0,0,0,0,-20,0,0,"keyboard-control","OK",1782603066503,3578
2577,1782603066670,260895,0,0,-2,0,0,0,76,78,101,80,25,139.63,236,5,3,-923,-1,0,0,0,0,-20,0,0,"keyboard-control","OK",1782603066652,3581
2578,1782603066728,260953,0,0,-2,0,0,0,76,78,102,80,25,139.52,236,3,2,-996,-1,0,0,0,0,-20,0,0,"keyboard-control","OK",1782603066703,3582
2579,1782603066918,261143,0,0,-2,0,0,0,76,78,102,80,25,139.71,236,7,29,-1083,-1,0,0,0,0,-20,0,0,"keyboard-control","OK",1782603066902,3586
2580,1782603066922,261147,1,0,-2,0,0,0,76,78,102,80,25,139.62,236,-17,10,-923,-1,0,0,0,0,-20,0,0,"keyboard-control","OK",1782603066902,3586
2581,1782603067064,261289,1,0,-2,0,0,0,76,78,102,80,25,139.32,236,0,15,-978,-1,0,0,0,0,0,0,0,"keyboard-control","OK",1782603067052,3590
2582,1782603067075,261300,1,0,-2,0,0,0,76,78,102,80,25,139.71,236,22,22,-1048,-1,0,0,0,0,0,0,0,"keyboard-control","OK",1782603067052,3590
2583,1782603067143,261368,1,0,-2,0,0,0,76,78,102,80,25,139.75,236,13,0,-951,-1,0,0,0,0,0,0,0,"keyboard-control","OK",1782603067102,3591
2584,1782603067308,261533,1,0,-2,0,0,0,77,78,102,80,25,139.69,236,13,14,-976,-1,0,0,0,0,0,0,0,"keyboard-control","OK",1782603067302,3595
2585,1782603067377,261602,1,0,-2,0,0,0,77,78,102,80,25,139.75,237,-5,14,-1080,-1,0,0,0,0,0,0,0,"keyboard-control","OK",1782603067352,3596
2586,1782603067484,261709,0,0,-2,-1,0,0,77,78,101,80,25,139.34,237,13,0,-1022,-1,0,0,0,0,0,0,0,"keyboard-control","OK",1782603067452,3598
2587,1782603067585,261810,0,0,-2,-1,0,0,77,78,101,80,25,139.38,237,8,-2,-985,-1,0,0,0,0,0,0,0,"keyboard-control","OK",1782603067552,3600
2588,1782603067728,261953,0,0,-2,0,0,0,77,78,100,80,25,139.21,237,33,-8,-994,-1,0,0,0,0,-20,0,0,"keyboard-control","OK",1782603067702,3603
2589,1782603067756,261981,0,0,-2,0,0,0,77,78,100,80,25,139.35,237,31,4,-1005,-1,0,0,0,0,-20,0,0,"keyboard-control","OK",1782603067752,3604
2590,1782603067848,262073,0,0,-2,0,0,0,77,78,99,80,25,139.43,237,11,7,-992,-1,0,0,0,0,-20,0,0,"keyboard-control","OK",1782603067802,3605
2591,1782603067918,262143,-1,0,-2,0,0,0,77,78,99,80,25,139.29,237,27,-16,-964,-1,0,0,0,0,-20,0,0,"keyboard-control","OK",1782603067903,3607
2592,1782603068008,262233,-1,0,-2,0,0,0,77,78,98,80,25,139.7,237,11,0,-985,-1,0,0,0,0,0,0,0,"keyboard-control","OK",1782603068002,3610
2593,1782603068120,262345,0,0,-2,0,0,0,77,78,98,80,25,139.64,237,0,2,-1020,-1,0,0,0,0,0,0,0,"keyboard-control","OK",1782603068103,3612
2594,1782603068188,262413,0,0,-2,0,0,0,77,79,98,80,25,139.43,237,4,-3,-1014,-1,0,0,0,0,0,0,0,"keyboard-control","OK",1782603068153,3613
2595,1782603068366,262591,0,0,-2,0,0,0,77,79,97,80,25,139.81,238,20,-14,-994,-1,0,0,0,0,0,0,0,"keyboard-control","OK",1782603068352,3617
2596,1782603068401,262626,0,0,-2,0,0,0,77,79,97,80,25,139.5,238,13,12,-1012,-1,0,0,0,0,0,0,0,"keyboard-control","OK",1782603068352,3617
2597,1782603068495,262720,0,0,-2,0,0,0,77,79,96,80,25,139.39,238,-6,9,-968,-1,0,0,0,0,0,0,0,"keyboard-control","OK",1782603068452,3619
2598,1782603068624,262849,0,0,-2,0,0,0,77,79,95,80,25,139.58,238,2,-3,-1030,-1,0,0,0,0,0,0,0,"keyboard-control","OK",1782603068602,3622
2599,1782603068724,262949,0,0,-2,0,0,0,77,79,95,80,24,139.36,238,-16,-13,-993,-1,0,0,0,0,0,0,0,"keyboard-control","OK",1782603068702,3624
2600,1782603068760,262985,0,0,-2,0,0,0,77,79,94,80,24,139.3,238,-40,-4,-936,-1,0,0,0,0,-20,0,0,"keyboard-control","OK",1782603068752,3625
2601,1782603068857,263082,-1,0,-2,0,0,0,77,79,94,70,24,139.31,238,-8,8,-1038,-1,0,0,0,0,-20,0,0,"keyboard-control","OK",1782603068852,3627
2602,1782603068999,263224,-1,0,-2,0,0,0,77,79,94,70,24,139.52,238,2,-2,-1027,-1,0,0,0,0,0,0,0,"keyboard-neutral","OK",1782603068969,3630
2603,1782603069125,263350,-1,0,-2,0,0,0,77,79,94,70,24,139.8,238,-10,-8,-989,-1,0,0,0,0,0,0,0,"keyboard-control","OK",1782603069102,3633
2604,1782603069132,263357,0,0,-2,0,0,0,76,78,94,70,24,139.6,238,-1,-17,-1002,-1,0,0,0,0,0,0,0,"keyboard-control","OK",1782603069102,3633
2605,1782603069265,263490,0,0,-2,0,0,0,76,78,95,70,24,139.79,239,-16,6,-999,-1,0,0,0,0,0,0,0,"keyboard-control","OK",1782603069252,3636
2606,1782603069377,263602,0,0,-2,0,0,0,76,78,95,70,24,139.67,239,6,-24,-983,-1,0,0,0,0,0,0,0,"keyboard-control","OK",1782603069352,3638
2607,1782603069465,263690,0,0,-2,0,0,0,76,78,95,80,24,139.64,239,31,-30,-1013,-1,0,0,0,0,0,0,0,"keyboard-control","OK",1782603069452,3640
2608,1782603069578,263803,0,0,-2,0,0,0,76,78,96,80,24,139.66,239,0,-11,-1037,-1,0,0,0,0,0,0,0,"keyboard-control","OK",1782603069553,3642
2609,1782603069638,263863,0,0,-2,0,0,0,76,78,96,80,24,139.63,239,18,-19,-971,-1,0,0,0,0,0,0,0,"keyboard-control","OK",1782603069602,3643
2610,1782603069739,263964,0,0,-2,0,0,0,76,78,96,80,24,139.75,239,-5,6,-1045,-1,0,0,0,0,-20,0,0,"keyboard-control","OK",1782603069702,3645
2611,1782603069797,264022,0,0,-2,0,0,0,76,78,96,80,24,139.61,239,-3,-11,-978,-1,0,0,0,0,-20,0,0,"keyboard-control","OK",1782603069752,3646
2612,1782603069887,264112,-1,0,-2,0,0,0,76,78,96,80,24,139.9,239,-21,3,-1000,-1,0,0,0,0,0,0,0,"keyboard-neutral","OK",1782603069855,3649
2613,1782603069998,264223,0,0,-2,0,0,0,76,78,95,80,24,139.82,239,0,-11,-1035,-1,0,0,0,0,0,0,0,"keyboard-control","OK",1782603069952,3651
2614,1782603070127,264352,0,0,-2,0,0,0,76,79,95,80,24,139.77,239,1,-10,-989,-1,0,0,0,0,0,0,0,"keyboard-control","OK",1782603070102,3654
2615,1782603070274,264499,0,0,-2,0,0,0,76,79,95,80,24,139.85,240,6,-18,-968,-1,0,0,0,0,0,0,0,"keyboard-control","OK",1782603070252,3657
2616,1782603070342,264567,0,0,-2,0,0,0,76,79,95,80,24,139.78,240,-2,-20,-964,-1,0,0,0,0,0,0,0,"keyboard-control","OK",1782603070302,3658
2617,1782603070558,264783,0,0,-2,0,0,0,76,79,94,80,24,139.87,240,-20,-16,-1020,-1,0,0,0,0,-20,0,0,"keyboard-control","OK",1782603070402,3660
2618,1782603070563,264788,0,0,-2,0,0,0,76,79,93,70,24,139.6,240,-23,-12,-1012,-1,0,0,0,0,-20,0,0,"keyboard-control","OK",1782603070402,3660
2619,1782603070572,264797,0,0,-2,0,0,0,76,79,93,70,24,139.89,240,-21,-6,-945,-1,0,0,0,0,-20,0,0,"keyboard-control","OK",1782603070402,3660
2620,1782603070663,264888,0,0,-2,0,0,0,76,79,93,70,24,139.65,240,13,-25,-1022,-1,0,0,0,0,-20,0,0,"keyboard-control","OK",1782603070402,3660
2621,1782603070758,264983,0,0,-2,0,0,0,76,79,93,70,24,139.62,240,13,3,-989,-1,0,0,0,0,-20,0,0,"keyboard-control","OK",1782603070402,3660
2622,1782603070864,265089,0,0,-2,0,0,0,76,79,92,70,24,140.12,240,10,10,-1011,-1,0,0,0,0,-20,0,0,"keyboard-control","OK",1782603070402,3660
2623,1782603070910,265135,0,0,-2,0,0,0,76,79,92,70,24,139.89,240,-5,-3,-1043,-1,0,0,0,0,-20,0,0,"keyboard-control","OK",1782603070402,3660
2624,1782603071070,265295,1,0,-2,0,0,0,76,79,92,70,24,140.03,240,-3,-18,-1013,-1,0,0,0,0,-20,0,0,"keyboard-control","OK",1782603070402,3660
2625,1782603071183,265408,1,0,-2,0,0,0,76,79,92,70,24,139.71,241,2,-31,-1012,-1,0,0,0,0,-20,0,0,"keyboard-control","OK",1782603070402,3660
2626,1782603071223,265448,0,0,-2,-1,0,0,76,79,92,70,24,139.57,241,-7,-15,-1021,-1,0,0,0,0,-20,0,0,"keyboard-control","OK",1782603070402,3660
2627,1782603071379,265604,0,0,-2,-1,0,0,76,79,92,70,24,139.57,241,-5,-17,-1088,-1,0,0,0,0,-20,0,0,"keyboard-control","OK",1782603070402,3660
2628,1782603071447,265672,0,0,-2,-1,0,0,76,79,92,70,24,139.78,241,2,0,-1033,-1,0,0,0,0,-20,0,0,"keyboard-control","OK",1782603070402,3660
2629,1782603071565,265790,0,0,-2,-1,0,0,76,79,92,70,23,139.46,241,-5,-2,-1034,-1,0,0,0,0,-20,0,0,"keyboard-control","OK",1782603070402,3660
2630,1782603071599,265824,0,0,-2,-1,0,0,76,79,92,70,23,139.85,241,20,-19,-994,-1,0,0,0,0,-20,0,0,"keyboard-control","OK",1782603070402,3660
2631,1782603071739,265964,0,0,-2,-1,0,0,76,79,92,70,23,139.5,241,39,-15,-1005,-1,0,0,0,0,-20,0,0,"keyboard-control","OK",1782603070402,3660
2632,1782603071786,266011,0,0,-2,-1,0,0,76,79,92,70,23,139.64,241,34,-4,-987,-1,0,0,0,0,-20,0,0,"keyboard-control","OK",1782603070402,3660
2633,1782603071862,266087,0,0,-2,-1,0,0,76,79,92,70,23,139.4,241,-15,-13,-980,-1,0,0,0,0,-20,0,0,"keyboard-control","OK",1782603070402,3660
2634,1782603071989,266214,0,0,-2,-1,0,0,77,79,92,70,23,139.72,241,-4,0,-978,-1,0,0,0,0,-20,0,0,"keyboard-control","OK",1782603070402,3660
2635,1782603072102,266327,0,0,-2,-1,0,0,77,79,92,70,23,139.53,242,4,-8,-1069,-1,0,0,0,0,-20,0,0,"keyboard-control","OK",1782603070402,3660
2636,1782603072282,266507,0,0,-2,-1,0,0,77,79,92,70,23,139.28,242,-6,-7,-1056,-1,0,0,0,0,-20,0,0,"keyboard-control","OK",1782603070402,3660
2637,1782603072402,266627,0,0,-2,-1,0,0,77,79,92,70,23,139.72,242,-9,3,-918,-1,0,0,0,0,-20,0,0,"keyboard-control","OK",1782603070402,3660
2638,1782603072442,266667,0,0,-2,-1,0,0,77,79,92,70,23,139.75,242,36,-5,-1045,-1,0,0,0,0,-20,0,0,"keyboard-control","OK",1782603070402,3660
2639,1782603072452,266677,0,0,-2,-1,0,0,77,79,92,70,23,139.2,242,1,-3,-998,-1,0,0,0,0,-20,0,0,"keyboard-control","OK",1782603070402,3660
2640,1782603072546,266771,0,0,-2,-1,0,0,77,79,92,70,23,139.57,242,8,-1,-939,-1,0,0,0,0,-20,0,0,"keyboard-control","OK",1782603070402,3660
2641,1782603072617,266842,0,0,-2,-1,0,0,77,79,92,70,23,139.08,242,-10,-9,-967,-1,0,0,0,0,-20,0,0,"keyboard-control","OK",1782603070402,3660
2642,1782603072769,266994,0,0,-2,-1,0,0,77,79,92,70,23,139.35,242,-53,4,-1058,-1,0,0,0,0,-20,0,0,"keyboard-control","OK",1782603070402,3660
2643,1782603072869,267094,0,0,-2,-2,0,0,77,79,93,70,23,139.69,242,-23,10,-1062,-1,0,0,0,0,0,0,0,"keyboard-control","OK",1782603072851,3668
2644,1782603072911,267136,0,0,-2,-2,0,0,77,79,92,70,23,139.62,242,20,-13,-1041,-1,0,0,0,0,0,0,0,"keyboard-control","OK",1782603072902,3669
2645,1782603073037,267262,0,0,-2,-1,0,0,77,79,93,70,23,139.43,243,32,5,-997,-1,0,0,0,0,0,0,0,"keyboard-control","OK",1782603073002,3671
2646,1782603073140,267365,0,0,-2,-1,0,0,77,79,93,70,23,139.13,243,35,0,-976,-1,0,0,0,0,0,0,0,"keyboard-control","OK",1782603073102,3673
2647,1782603073186,267411,0,0,-2,-1,0,0,77,79,93,70,23,139.46,243,-2,-11,-1014,-1,0,0,0,0,0,0,0,"keyboard-control","OK",1782603073152,3674
2648,1782603073468,267693,0,0,-2,-1,0,0,77,79,94,70,23,139.53,243,-12,10,-1037,-1,0,0,0,0,0,0,0,"keyboard-control","OK",1782603073452,3680
2649,1782603073473,267698,0,0,-2,-1,0,0,77,79,94,70,23,139.59,243,13,10,-1007,-1,0,0,0,0,0,0,0,"keyboard-control","OK",1782603073452,3680
2650,1782603073623,267848,0,0,-2,-1,0,0,77,79,94,70,23,139.74,243,5,-5,-957,-1,0,0,0,0,20,0,0,"keyboard-control","OK",1782603073602,3683
2651,1782603073753,267978,0,0,-2,-1,0,0,77,79,94,70,23,139.43,243,17,5,-1027,-1,0,0,0,0,20,0,0,"keyboard-control","OK",1782603073753,3686
2652,1782603073798,268023,-2,0,-2,-1,0,0,77,79,94,70,23,139.87,243,7,15,-1021,-1,0,0,0,0,20,0,0,"keyboard-control","OK",1782603073753,3686
2653,1782603073888,268113,-2,0,-2,0,0,0,76,79,94,70,23,139.56,243,-6,-2,-1009,-1,0,0,0,0,0,0,0,"keyboard-control","OK",1782603073852,3689
2654,1782603073969,268194,-1,0,-2,0,0,0,76,79,94,70,23,139.56,244,-18,-8,-1007,-1,0,0,0,0,0,0,0,"keyboard-control","OK",1782603073952,3691
2655,1782603074096,268321,-1,0,-2,0,0,0,76,79,94,70,23,139.55,244,-1,-17,-961,-1,0,0,0,0,0,0,0,"keyboard-control","OK",1782603074052,3693
2656,1782603074149,268374,-1,0,-2,0,0,0,76,79,94,70,23,139.52,244,1,-6,-1012,-1,0,0,0,0,0,0,0,"keyboard-control","OK",1782603074102,3694
2657,1782603074296,268521,-1,0,-2,0,0,0,76,79,94,70,23,139.38,244,-11,14,-1025,-1,0,0,0,0,0,0,0,"keyboard-control","OK",1782603074253,3697
2658,1782603074320,268545,0,0,-2,0,0,0,76,79,94,70,22,139.48,244,3,15,-1018,-1,0,0,0,0,0,0,0,"keyboard-control","OK",1782603074302,3698
2659,1782603074414,268639,0,0,-2,0,0,0,76,79,94,70,22,139.49,244,-14,0,-970,-1,0,0,0,0,0,0,0,"keyboard-control","OK",1782603074402,3700
2660,1782603074566,268791,0,0,-2,0,0,0,76,79,95,70,22,139.65,244,-32,4,-1050,-1,0,0,0,0,0,0,0,"keyboard-control","OK",1782603074554,3703
2661,1782603074627,268852,0,0,-2,0,0,0,76,79,96,70,22,139.45,244,-9,5,-1066,-1,0,0,0,0,0,0,0,"keyboard-control","OK",1782603074603,3704
2662,1782603074761,268986,0,0,-2,0,0,0,76,79,96,70,22,139.71,244,-13,19,-1032,-1,0,0,0,0,0,0,0,"keyboard-control","OK",1782603074753,3707
2663,1782603074820,269045,1,0,-2,0,0,0,76,79,97,80,22,139.71,244,3,-1,-1020,-1,0,0,0,0,0,0,0,"keyboard-control","OK",1782603074802,3708
2664,1782603074876,269101,0,0,-2,0,0,0,76,79,98,80,22,139.57,245,-6,21,-1052,-1,0,0,0,0,0,0,0,"keyboard-control","OK",1782603074853,3709
2665,1782603074982,269207,0,0,-2,0,0,0,76,79,98,80,22,139.59,245,15,5,-1028,-1,0,0,0,0,0,0,0,"keyboard-control","OK",1782603074952,3711
2666,1782603075102,269327,0,0,-2,0,0,0,76,79,99,80,22,139.42,245,-13,7,-999,-1,0,0,0,0,0,0,0,"keyboard-control","OK",1782603075102,3714
2667,1782603075180,269405,0,0,-2,0,0,0,76,79,99,80,22,139.6,245,-2,-11,-932,-1,0,0,0,0,0,0,0,"keyboard-control","OK",1782603075152,3715
2668,1782603075291,269516,0,0,-2,0,0,0,76,79,100,80,22,139.56,245,-31,4,-1055,-1,0,0,0,0,0,0,0,"rc-neutral-land","OK",1782603075270,3718
2669,1782603075369,269594,0,0,-2,0,0,0,76,79,101,80,22,139.5,245,0,-8,-992,-1,0,0,0,0,0,0,0,"rc-neutral-land","OK",1782603075270,3718
2670,1782603075470,269695,0,0,-2,0,0,0,76,79,101,80,22,139.45,245,7,-11,-984,-1,0,0,0,0,0,0,0,"rc-neutral-land","OK",1782603075270,3718
2671,1782603075573,269798,0,0,-2,0,0,0,76,79,101,80,22,139.69,245,-27,0,-1024,-1,0,0,0,0,0,0,0,"rc-neutral-land","OK",1782603075270,3718
2672,1782603075649,269874,0,0,-2,0,0,0,76,79,102,80,22,139.74,245,21,-11,-1015,-1,0,0,0,0,0,0,0,"rc-neutral-land","OK",1782603075270,3718
2673,1782603075824,270049,0,0,-2,0,0,0,77,78,102,80,22,139.6,246,-13,8,-989,-1,0,0,0,0,0,0,0,"rc-neutral-land","OK",1782603075270,3718
2674,1782603075959,270184,0,0,-2,0,0,0,77,78,103,80,22,139.54,246,3,-14,-952,-1,0,0,0,0,0,0,0,"rc-neutral-land","OK",1782603075270,3718
2675,1782603075963,270188,0,0,-2,0,0,0,77,78,103,80,22,139.92,246,-24,3,-977,-1,0,0,0,0,0,0,0,"rc-neutral-land","OK",1782603075270,3718
2676,1782603076022,270247,0,0,-2,0,0,0,77,78,103,80,22,139.94,246,-1,4,-925,-1,0,0,0,0,0,0,0,"rc-neutral-land","OK",1782603075270,3718
2677,1782603076143,270368,0,0,-2,0,0,1,77,78,103,80,22,139.7,246,10,2,-946,-1,0,0,0,0,0,0,0,"rc-neutral-land","OK",1782603075270,3718
2678,1782603076220,270445,0,0,-2,0,0,1,77,78,101,80,22,139.82,246,-9,7,-949,-1,0,0,0,0,0,0,0,"rc-neutral-land","OK",1782603075270,3718
2679,1782603076290,270515,0,0,-2,0,0,2,77,78,99,80,22,139.92,246,19,-9,-925,-1,0,0,0,0,0,0,0,"rc-neutral-land","OK",1782603075270,3718
2680,1782603076386,270611,0,0,-2,0,0,3,77,78,96,80,22,139.86,246,-12,8,-926,-1,0,0,0,0,0,0,0,"rc-neutral-land","OK",1782603075270,3718
2681,1782603076497,270722,0,0,-2,0,0,4,77,78,92,70,22,139.71,246,-9,7,-893,-1,0,0,0,0,0,0,0,"rc-neutral-land","OK",1782603075270,3718
2682,1782603076605,270830,0,0,-2,0,0,5,77,78,88,70,22,139.71,246,-2,-6,-901,-1,0,0,0,0,0,0,0,"rc-neutral-land","OK",1782603075270,3718
2683,1782603076674,270899,0,0,-2,0,0,5,76,80,82,60,22,140.06,247,-20,9,-897,-1,0,0,0,0,0,0,0,"rc-neutral-land","OK",1782603075270,3718
2684,1782603076793,271018,0,0,-2,0,0,5,76,80,76,60,22,139.61,247,-32,14,-999,-1,0,0,0,0,0,0,0,"rc-neutral-land","OK",1782603075270,3718
2685,1782603076904,271129,0,0,-2,0,0,5,76,80,71,50,22,139.68,247,6,7,-916,-1,0,0,0,0,0,0,0,"rc-neutral-land","OK",1782603075270,3718
2686,1782603076993,271218,0,0,-2,0,0,5,76,80,65,50,22,139.53,247,-28,3,-1069,-1,0,0,0,0,0,0,0,"rc-neutral-land","OK",1782603075270,3718
2687,1782603077031,271256,0,0,-2,0,0,5,76,80,60,40,22,139.4,247,-19,8,-978,-1,0,0,0,0,0,0,0,"rc-neutral-land","OK",1782603075270,3718
2688,1782603077160,271385,0,0,-2,0,0,5,76,80,54,30,22,139.69,247,0,3,-1038,-1,0,0,0,0,0,0,0,"rc-neutral-land","OK",1782603075270,3718
2689,1782603077237,271462,0,0,-2,0,0,5,76,80,50,30,22,139.31,247,-1,8,-1038,-1,0,0,0,0,0,0,0,"rc-neutral-land","OK",1782603075270,3718
2690,1782603077335,271560,0,0,-2,0,0,5,76,80,45,20,22,139.04,247,-14,8,-1042,-1,0,0,0,0,0,0,0,"rc-neutral-land","OK",1782603075270,3718
2691,1782603077411,271636,0,0,-2,0,0,4,76,80,41,20,22,139.13,247,16,-9,-1000,-1,0,0,0,0,0,0,0,"rc-neutral-land","OK",1782603075270,3718
2692,1782603077558,271783,0,0,-2,0,0,4,76,80,41,10,22,138.37,247,-7,6,-1037,-1,0,0,0,0,0,0,0,"rc-neutral-land","OK",1782603075270,3718
2693,1782603077680,271905,0,0,-2,0,0,4,76,79,36,10,22,138.79,248,12,12,-993,-1,0,0,0,0,0,0,0,"rc-neutral-land","OK",1782603075270,3718
2694,1782603077720,271945,0,0,-2,0,0,4,76,79,31,10,22,139.01,248,1,15,-1031,-1,0,0,0,0,0,0,0,"rc-neutral-land","OK",1782603075270,3718
2695,1782603077815,272040,0,0,-2,0,0,4,76,79,27,0,22,139.01,248,-12,-1,-1015,-1,0,0,0,0,0,0,0,"rc-neutral-land","OK",1782603075270,3718
2696,1782603077959,272184,0,0,-2,0,0,4,76,79,24,0,22,138.89,248,-2,11,-957,-1,0,0,0,0,0,0,0,"rc-neutral-land","OK",1782603075270,3718
2697,1782603078018,272243,0,0,-2,0,0,3,76,79,20,0,22,138.82,248,5,10,-987,-1,0,0,0,0,0,0,0,"rc-neutral-land","OK",1782603075270,3718
2698,1782603078094,272319,0,0,-2,0,0,3,76,79,15,0,22,138.36,248,-11,-1,-1051,-1,0,0,0,0,0,0,0,"rc-neutral-land","OK",1782603075270,3718
2699,1782603078150,272375,0,0,-2,0,0,3,76,79,10,0,22,138.35,248,3,1,-1028,-1,0,0,0,0,0,0,0,"rc-neutral-land","OK",1782603075270,3718
2700,1782603078278,272503,0,0,-2,0,0,3,76,79,10,0,22,137.59,248,-9,16,-1085,-1,0,0,0,0,0,0,0,"rc-neutral-land","OK",1782603075270,3718
2701,1782603078554,272779,0,0,-2,0,0,2,76,79,10,-10,22,136.54,248,-10,5,-1082,-1,0,0,0,0,0,0,0,"rc-neutral-land","OK",1782603075270,3718
2702,1782603078608,272833,0,0,-2,0,0,2,76,79,10,-10,22,137.19,248,27,-83,-1332,-1,0,0,0,0,0,0,0,"rc-neutral-land","OK",1782603075270,3718
2703,1782603078615,272840,0,0,-2,0,0,0,76,79,10,-10,22,137.03,249,-29,22,-871,-1,0,0,0,0,0,0,0,"rc-neutral-land","OK",1782603075270,3718
2704,1782603078674,272899,0,0,-2,0,0,0,76,79,10,-10,22,136.88,249,-2,38,-915,-1,0,0,0,0,0,0,0,"rc-neutral-land","OK",1782603075270,3718
2705,1782603078728,272953,0,0,-2,0,0,0,76,79,10,-10,22,137.8,249,-30,45,-1043,-1,0,0,0,0,0,0,0,"rc-neutral-land","OK",1782603075270,3718
2706,1782603078891,273116,0,0,-1,0,0,0,76,79,10,-10,22,137.85,249,14,9,-983,-1,0,0,0,0,0,0,0,"rc-neutral-land","OK",1782603075270,3718
2707,1782603078926,273151,0,0,-1,0,0,0,76,79,10,-10,22,138.26,249,-12,-3,-999,-1,0,0,0,0,0,0,0,"rc-neutral-land","OK",1782603075270,3718
2708,1782603078988,273213,0,0,-1,0,0,0,76,79,10,-10,22,138.18,249,9,26,-977,-1,0,0,0,0,0,0,0,"rc-neutral-land","OK",1782603075270,3718
2709,1782603079097,273322,0,0,-1,0,0,0,76,79,10,0,22,138.66,249,-2,6,-1009,-1,0,0,0,0,0,0,0,"rc-neutral-land","OK",1782603075270,3718
2710,1782603079209,273434,0,0,-1,0,0,0,76,79,10,0,22,138.85,249,-3,14,-1017,-1,0,0,0,0,0,0,0,"rc-neutral-land","OK",1782603075270,3718
2711,1782603079351,273576,0,0,-1,0,0,0,76,79,10,0,22,138.48,249,-3,7,-1017,-1,0,0,0,0,0,0,0,"rc-neutral-land","OK",1782603075270,3718
2712,1782603079530,273755,0,0,-1,0,0,0,76,79,10,0,22,139.2,249,-9,9,-1003,-1,0,0,0,0,0,0,0,"rc-neutral-land","OK",1782603075270,3718
2713,1782603079535,273760,0,0,-1,0,0,0,76,79,10,0,22,139.02,250,-13,22,-1013,-1,0,0,0,0,0,0,0,"rc-neutral-land","OK",1782603075270,3718
2714,1782603079710,273935,0,0,-1,0,0,0,76,79,10,0,22,138.97,250,-3,6,-1008,-1,0,0,0,0,0,0,0,"rc-neutral-land","OK",1782603075270,3718
2715,1782603079819,274044,0,0,-1,0,0,0,76,79,10,0,22,139.02,250,-1,1,-1006,-1,0,0,0,0,0,0,0,"rc-neutral-land","OK",1782603075270,3718
2716,1782603079857,274082,0,0,-1,0,0,0,76,79,10,0,22,138.84,250,-10,4,-1004,-1,0,0,0,0,0,0,0,"rc-neutral-land","OK",1782603075270,3718
2717,1782603079953,274178,0,0,-1,0,0,0,76,79,10,0,22,139.29,250,-3,7,-1004,-1,0,0,0,0,0,0,0,"rc-neutral-land","OK",1782603075270,3718
2718,1782603079958,274183,0,0,-1,0,0,0,76,79,10,0,21,138.89,250,-2,10,-1003,-1,0,0,0,0,0,0,0,"rc-neutral-land","OK",1782603075270,3718
2719,1782603080099,274324,0,0,-1,0,0,-1,76,79,10,0,21,139.47,250,0,9,-1004,-1,0,0,0,0,0,0,0,"rc-neutral-land","OK",1782603075270,3718
2720,1782603080186,274411,0,0,-1,0,0,-1,76,79,10,0,21,139.6,250,-9,7,-1008,-1,0,0,0,0,0,0,0,"rc-neutral-land","OK",1782603075270,3718
2721,1782603080289,274514,0,0,-1,0,0,-2,76,79,10,0,21,139.13,250,-2,10,-1005,-1,0,0,0,0,0,0,0,"rc-neutral-land","OK",1782603075270,3718
2722,1782603080343,274568,0,0,-1,0,0,-2,76,79,10,0,21,139.32,250,-5,8,-1009,-1,0,0,0,0,0,0,0,"rc-neutral-land","OK",1782603075270,3718
2723,1782603080530,274755,0,0,-1,0,0,0,77,79,10,0,21,139.45,250,-3,8,-1014,-1,0,0,0,0,0,0,0,"rc-neutral-land","OK",1782603075270,3718
2724,1782603080759,274984,0,0,-1,0,0,0,77,79,10,0,21,139.38,250,-3,8,-1006,-1,0,0,0,0,0,0,0,"rc-neutral-land","OK",1782603075270,3718
2725,1782603080782,275007,0,0,-1,0,0,0,77,79,10,0,21,139.24,250,-4,8,-1011,-1,0,0,0,0,0,0,0,"rc-neutral-land","OK",1782603075270,3718
2726,1782603080879,275104,0,0,-1,0,0,0,77,79,10,0,21,139.3,250,-2,7,-1011,-1,0,0,0,0,0,0,0,"rc-neutral-land","OK",1782603075270,3718
2727,1782603080931,275156,0,0,-1,0,0,0,77,79,10,0,21,139.59,250,-1,8,-1008,-1,0,0,0,0,0,0,0,"rc-neutral-land","OK",1782603075270,3718
2728,1782603081020,275245,0,0,-1,0,0,0,77,79,10,0,21,139.26,250,-4,8,-1007,-1,0,0,0,0,0,0,0,"rc-neutral-land","OK",1782603075270,3718
2729,1782603081104,275329,0,0,-1,0,0,0,77,79,10,0,21,139.23,250,-4,7,-1009,-1,0,0,0,0,0,0,0,"rc-neutral-land","OK",1782603075270,3718
2730,1782603081223,275448,0,0,-1,0,0,0,77,79,10,0,21,139.48,250,-2,7,-1008,-1,0,0,0,0,0,0,0,"rc-neutral-land","OK",1782603075270,3718
2731,1782603081345,275570,0,0,-1,0,0,0,77,79,10,0,21,139.35,250,-4,7,-1006,-1,0,0,0,0,0,0,0,"rc-neutral-land","OK",1782603075270,3718
2732,1782603081553,275778,0,0,-1,0,0,0,77,79,10,0,21,139.42,250,-3,7,-1008,-1,0,0,0,0,0,0,0,"rc-neutral-land","OK",1782603075270,3718
2733,1782603081567,275792,0,0,-1,0,0,0,77,79,10,0,21,139.36,250,-3,6,-1007,-1,0,0,0,0,0,0,0,"rc-neutral-land","OK",1782603075270,3718
2734,1782603081572,275797,0,0,-1,0,0,0,77,79,10,0,21,139.22,250,-4,6,-1008,-1,0,0,0,0,0,0,0,"rc-neutral-land","OK",1782603075270,3718
2735,1782603081654,275879,0,0,-1,0,0,0,77,79,10,0,21,139.02,250,-3,7,-1006,-1,0,0,0,0,0,0,0,"rc-neutral-land","OK",1782603075270,3718
2736,1782603081778,276003,0,0,-1,0,0,0,77,79,10,0,21,139.36,250,-2,8,-1008,-1,0,0,0,0,0,0,0,"rc-neutral-land","OK",1782603075270,3718
2737,1782603081888,276113,0,0,-1,0,0,0,77,79,10,0,21,139.57,250,-3,8,-1006,-1,0,0,0,0,0,0,0,"rc-neutral-land","OK",1782603075270,3718
2738,1782603082075,276300,0,0,-1,0,0,0,77,79,10,0,21,139.37,250,-1,7,-1008,-1,0,0,0,0,0,0,0,"rc-neutral-land","OK",1782603075270,3718
2739,1782603082166,276391,0,0,-1,0,0,0,77,79,10,0,21,139.24,250,-4,7,-1008,-1,0,0,0,0,0,0,0,"rc-neutral-land","OK",1782603075270,3718
2740,1782603082175,276400,0,0,-1,0,0,0,77,79,10,0,21,139.42,250,-3,7,-1005,-1,0,0,0,0,0,0,0,"rc-neutral-land","OK",1782603075270,3718
2741,1782603082202,276427,0,0,-1,0,0,0,77,79,10,0,21,139.11,250,-4,6,-1007,-1,0,0,0,0,0,0,0,"rc-neutral-land","OK",1782603075270,3718
2742,1782603082370,276595,0,0,-1,0,0,0,77,79,10,0,21,139.56,250,-3,6,-1006,-1,0,0,0,0,0,0,0,"rc-neutral-land","OK",1782603075270,3718
2743,1782603082443,276668,0,0,-1,0,0,0,77,79,10,0,21,139.48,250,-3,7,-1007,-1,0,0,0,0,0,0,0,"rc-neutral-land","OK",1782603075270,3718
2744,1782603082500,276725,0,0,-1,0,0,0,77,79,10,0,21,139.33,250,-2,6,-1005,-1,0,0,0,0,0,0,0,"rc-neutral-land","OK",1782603075270,3718
2745,1782603082631,276856,0,0,-1,0,0,0,77,79,10,0,21,139.23,250,-2,7,-1006,-1,0,0,0,0,0,0,0,"rc-neutral-land","OK",1782603075270,3718
2746,1782603082696,276921,0,0,-1,0,0,0,77,79,10,0,21,139.55,250,-3,7,-1003,-1,0,0,0,0,0,0,0,"rc-neutral-land","OK",1782603075270,3718
2747,1782603082835,277060,0,0,-1,0,0,0,77,79,10,0,21,139.38,250,-3,7,-1003,-1,0,0,0,0,0,0,0,"rc-neutral-land","OK",1782603075270,3718
2748,1782603082898,277123,0,0,-1,0,0,0,77,79,10,0,21,139.48,250,-3,5,-1003,-1,0,0,0,0,0,0,0,"rc-neutral-land","OK",1782603075270,3718
2749,1782603083006,277231,0,0,-1,0,0,0,77,79,10,0,21,139.18,250,-2,6,-1006,-1,0,0,0,0,0,0,0,"rc-neutral-land","OK",1782603075270,3718
2750,1782603083054,277279,0,0,-1,0,0,0,77,79,10,0,21,139.14,250,-3,7,-1004,-1,0,0,0,0,0,0,0,"rc-neutral-land","OK",1782603075270,3718
2751,1782603083160,277385,0,0,-1,0,0,0,77,79,10,0,21,139.47,250,-3,8,-1005,-1,0,0,0,0,0,0,0,"rc-neutral-land","OK",1782603075270,3718
2752,1782603083282,277507,0,0,-1,0,0,0,77,79,10,0,21,139.12,250,-2,6,-1005,-1,0,0,0,0,0,0,0,"rc-neutral-land","OK",1782603075270,3718
2753,1782603083421,277646,0,0,-1,0,0,0,77,79,10,0,21,139.37,250,-2,6,-1004,-1,0,0,0,0,0,0,0,"rc-neutral-land","OK",1782603075270,3718
2754,1782603083481,277706,0,0,-1,0,0,0,77,79,10,0,21,139.42,250,-3,8,-1005,-1,0,0,0,0,0,0,0,"rc-neutral-land","OK",1782603075270,3718
2755,1782603083572,277797,0,0,-1,0,0,0,77,79,10,0,21,139.04,250,-4,6,-1007,-1,0,0,0,0,0,0,0,"rc-neutral-land","OK",1782603075270,3718
2756,1782603083666,277891,0,0,-1,0,0,0,77,79,10,0,21,139.22,250,-3,7,-1007,-1,0,0,0,0,0,0,0,"rc-neutral-land","OK",1782603075270,3718
2757,1782603083733,277958,0,0,-1,0,0,0,77,79,10,0,21,139.43,250,-2,5,-1006,-1,0,0,0,0,0,0,0,"rc-neutral-land","OK",1782603075270,3718
2758,1782603083851,278076,0,0,-1,0,0,0,77,79,10,0,21,139.49,250,-2,8,-1006,-1,0,0,0,0,0,0,0,"rc-neutral-land","OK",1782603075270,3718
2759,1782603083888,278113,0,0,-1,0,0,0,77,79,10,0,21,139.26,250,-2,6,-1008,-1,0,0,0,0,0,0,0,"rc-neutral-land","OK",1782603075270,3718
2760,1782603084000,278225,0,0,-1,0,0,0,77,79,10,0,21,139.33,250,-2,6,-1004,-1,0,0,0,0,0,0,0,"rc-neutral-land","OK",1782603075270,3718
2761,1782603084074,278299,0,0,-1,0,0,0,77,79,10,0,21,139.42,250,-3,6,-1008,-1,0,0,0,0,0,0,0,"rc-neutral-land","OK",1782603075270,3718
2762,1782603084200,278425,0,0,-1,0,0,0,76,79,10,0,21,139.11,250,-2,6,-1007,-1,0,0,0,0,0,0,0,"rc-neutral-land","OK",1782603075270,3718
2763,1782603084306,278531,0,0,-1,0,0,0,76,79,10,0,21,139.46,250,-4,7,-1004,-1,0,0,0,0,0,0,0,"rc-neutral-land","OK",1782603075270,3718
2764,1782603084418,278643,0,0,-1,0,0,0,76,79,10,0,21,139.1,250,-4,8,-1007,-1,0,0,0,0,0,0,0,"rc-neutral-land","OK",1782603075270,3718
2765,1782603084502,278727,0,0,-1,0,0,0,76,79,10,0,21,139.24,250,-2,7,-1002,-1,0,0,0,0,0,0,0,"rc-neutral-land","OK",1782603075270,3718
2766,1782603084652,278877,0,0,-1,0,0,0,76,79,10,0,21,139.43,250,-1,8,-1006,-1,0,0,0,0,0,0,0,"rc-neutral-land","OK",1782603075270,3718
2767,1782603084690,278915,0,0,-1,0,0,0,76,79,10,0,21,139.3,250,-2,7,-1005,-1,0,0,0,0,0,0,0,"rc-neutral-land","OK",1782603075270,3718
2768,1782603084759,278984,0,0,-1,0,0,0,76,79,10,0,21,139.11,250,-6,8,-1003,-1,0,0,0,0,0,0,0,"rc-neutral-land","OK",1782603075270,3718
2769,1782603084821,279046,0,0,-1,0,0,0,76,79,10,0,21,138.91,250,-3,6,-1005,-1,0,0,0,0,0,0,0,"rc-neutral-land","OK",1782603075270,3718
2770,1782603084950,279175,0,0,-1,0,0,0,76,79,10,0,21,139.23,250,-4,7,-1003,-1,0,0,0,0,0,0,0,"rc-neutral-land","OK",1782603075270,3718
2771,1782603085084,279309,0,0,-1,0,0,0,76,79,10,0,21,139.07,250,-3,7,-1004,-1,0,0,0,0,0,0,0,"rc-neutral-land","OK",1782603075270,3718
2772,1782603085138,279363,0,0,-1,0,0,0,77,79,10,0,21,139.37,250,-4,7,-1004,-1,0,0,0,0,0,0,0,"rc-neutral-land","OK",1782603075270,3718
2773,1782603085234,279459,0,0,-1,0,0,0,77,79,10,0,21,139.26,250,-3,7,-1003,-1,0,0,0,0,0,0,0,"rc-neutral-land","OK",1782603075270,3718
2774,1782603085364,279589,0,0,-1,0,0,0,77,79,10,0,21,139.19,250,-1,7,-1003,-1,0,0,0,0,0,0,0,"rc-neutral-land","OK",1782603075270,3718
2775,1782603085399,279624,0,0,-1,0,0,0,77,79,10,0,21,139.46,250,-3,5,-1002,-1,0,0,0,0,0,0,0,"rc-neutral-land","OK",1782603075270,3718
2776,1782603085488,279713,0,0,-1,0,0,0,77,79,10,0,21,139.18,250,-5,7,-1004,-1,0,0,0,0,0,0,0,"rc-neutral-land","OK",1782603075270,3718
2777,1782603085584,279809,0,0,-1,0,0,0,77,79,10,0,21,139.16,250,-2,8,-1004,-1,0,0,0,0,0,0,0,"rc-neutral-land","OK",1782603075270,3718
2778,1782603085708,279933,0,0,-1,0,0,0,77,79,10,0,21,139.02,250,-3,6,-1000,-1,0,0,0,0,0,0,0,"rc-neutral-land","OK",1782603075270,3718
2779,1782603085888,280113,0,0,-1,0,0,0,77,79,10,0,21,139.18,250,-2,7,-1005,-1,0,0,0,0,0,0,0,"rc-neutral-land","OK",1782603075270,3718
2780,1782603085952,280177,0,0,-1,0,0,0,77,79,10,0,21,139.13,250,-2,7,-1001,-1,0,0,0,0,0,0,0,"rc-neutral-land","OK",1782603075270,3718
2781,1782603085959,280184,0,0,-1,0,0,0,77,79,10,0,21,139.54,250,-3,7,-1003,-1,0,0,0,0,0,0,0,"rc-neutral-land","OK",1782603075270,3718
2782,1782603086050,280275,0,0,-1,0,0,0,77,80,10,0,21,139.17,250,-4,6,-1001,-1,0,0,0,0,0,0,0,"rc-neutral-land","OK",1782603075270,3718
2783,1782603086203,280428,0,0,-1,0,0,0,77,80,10,0,21,139,250,-3,6,-1002,-1,0,0,0,0,0,0,0,"rc-neutral-land","OK",1782603075270,3718
2784,1782603086324,280549,0,0,-1,0,0,0,77,80,10,0,21,139.17,250,-3,6,-1001,-1,0,0,0,0,0,0,0,"rc-neutral-land","OK",1782603075270,3718
2785,1782603086381,280606,0,0,-1,0,0,0,77,80,10,0,21,139.15,250,-4,7,-1001,-1,0,0,0,0,0,0,0,"rc-neutral-land","OK",1782603075270,3718
2786,1782603086525,280750,0,0,-1,0,0,0,77,80,10,0,21,139.21,250,-4,7,-1002,-1,0,0,0,0,0,0,0,"rc-neutral-land","OK",1782603075270,3718
2787,1782603086545,280770,0,0,-1,0,0,0,77,80,10,0,21,139.2,250,-1,7,-1002,-1,0,0,0,0,0,0,0,"rc-neutral-land","OK",1782603075270,3718
2788,1782603086703,280928,0,0,-1,0,0,0,77,80,10,0,21,139.29,250,-4,8,-1001,-1,0,0,0,0,0,0,0,"rc-neutral-land","OK",1782603075270,3718
2789,1782603086742,280967,0,0,-1,0,0,0,77,80,10,0,21,139.26,250,-2,7,-1001,-1,0,0,0,0,0,0,0,"rc-neutral-land","OK",1782603075270,3718
2790,1782603086868,281093,0,0,-1,0,0,0,77,80,10,0,21,139.24,250,-5,7,-1002,-1,0,0,0,0,0,0,0,"rc-neutral-land","OK",1782603075270,3718
2791,1782603086957,281182,0,0,-1,0,0,0,77,80,10,0,21,139.73,250,-2,6,-1004,-1,0,0,0,0,0,0,0,"rc-neutral-land","OK",1782603075270,3718
2792,1782603086998,281223,0,0,-1,0,0,0,77,80,10,0,21,139.35,250,-4,6,-1003,-1,0,0,0,0,0,0,0,"rc-neutral-land","OK",1782603075270,3718
2793,1782603087100,281325,0,0,-1,0,0,0,77,80,10,0,21,139.42,250,-3,6,-1001,-1,0,0,0,0,0,0,0,"rc-neutral-land","OK",1782603075270,3718
2794,1782603087245,281470,0,0,-1,0,0,0,77,80,10,0,21,139.57,250,-2,7,-1003,-1,0,0,0,0,0,0,0,"rc-neutral-land","OK",1782603075270,3718
2795,1782603087400,281625,0,0,-1,0,0,0,77,80,10,0,21,139.19,250,-3,7,-1000,-1,0,0,0,0,0,0,0,"rc-neutral-land","OK",1782603075270,3718
2796,1782603087426,281651,0,0,-1,0,0,0,77,80,10,0,21,139.14,250,-4,7,-1002,-1,0,0,0,0,0,0,0,"rc-neutral-land","OK",1782603075270,3718
2797,1782603087467,281692,0,0,-1,0,0,0,77,80,10,0,21,139.33,250,-4,8,-1001,-1,0,0,0,0,0,0,0,"rc-neutral-land","OK",1782603075270,3718
2798,1782603087611,281836,0,0,-1,0,0,0,77,80,10,0,21,139.23,250,-2,7,-1002,-1,0,0,0,0,0,0,0,"rc-neutral-land","OK",1782603075270,3718
2799,1782603087831,282056,0,0,-1,0,0,0,77,80,10,0,21,139.14,250,-3,6,-1003,-1,0,0,0,0,0,0,0,"rc-neutral-land","OK",1782603075270,3718
2800,1782603087907,282132,0,0,-1,0,0,0,77,80,10,0,21,139.34,250,-3,7,-1002,-1,0,0,0,0,0,0,0,"rc-neutral-land","OK",1782603075270,3718
2801,1782603087911,282136,0,0,-1,0,0,0,77,80,10,0,21,139.56,250,-4,7,-1001,-1,0,0,0,0,0,0,0,"rc-neutral-land","OK",1782603075270,3718
2802,1782603087934,282159,0,0,-1,0,0,0,78,80,10,0,21,139.34,250,-5,7,-999,-1,0,0,0,0,0,0,0,"rc-neutral-land","OK",1782603075270,3718
2803,1782603088069,282294,0,0,-1,0,0,0,78,80,10,0,21,139.17,250,-2,7,-1003,-1,0,0,0,0,0,0,0,"rc-neutral-land","OK",1782603075270,3718
2804,1782603088316,282541,0,0,-1,0,0,0,78,80,10,0,21,139.56,250,-3,8,-1000,-1,0,0,0,0,0,0,0,"rc-neutral-land","OK",1782603075270,3718
2805,1782603088560,282785,0,0,-1,0,0,0,78,80,10,0,21,139.3,250,-3,6,-998,-1,0,0,0,0,0,0,0,"rc-neutral-land","OK",1782603075270,3718
2806,1782603088587,282812,0,0,-1,0,0,0,78,80,10,0,21,139.41,250,-3,6,-1004,-1,0,0,0,0,0,0,0,"rc-neutral-land","OK",1782603075270,3718
2807,1782603088591,282816,0,0,-1,0,0,0,78,80,10,0,21,139.22,250,-3,7,-998,-1,0,0,0,0,0,0,0,"rc-neutral-land","OK",1782603075270,3718
2808,1782603088597,282822,0,0,-1,0,0,0,78,80,10,0,21,139.14,250,-3,6,-999,-1,0,0,0,0,0,0,0,"rc-neutral-land","OK",1782603075270,3718
2809,1782603088602,282827,0,0,-1,0,0,0,78,80,10,0,21,139.31,250,-3,8,-1000,-1,0,0,0,0,0,0,0,"rc-neutral-land","OK",1782603075270,3718
2810,1782603088664,282889,0,0,-1,0,0,0,78,80,10,0,21,139.47,250,-3,6,-1001,-1,0,0,0,0,0,0,0,"rc-neutral-land","OK",1782603075270,3718
2811,1782603088907,283132,0,0,-1,0,0,0,78,80,10,0,21,139.26,250,-3,7,-1000,-1,0,0,0,0,0,0,0,"rc-neutral-land","OK",1782603075270,3718
2812,1782603088911,283136,0,0,-1,0,0,0,78,80,10,0,21,139.27,250,-4,6,-1003,-1,0,0,0,0,0,0,0,"rc-neutral-land","OK",1782603075270,3718
2813,1782603089004,283229,0,0,-1,0,0,0,78,80,10,0,21,139.03,250,-4,5,-1002,-1,0,0,0,0,0,0,0,"rc-neutral-land","OK",1782603075270,3718
2814,1782603089104,283329,0,0,-1,0,0,0,78,80,10,0,21,139.75,250,-4,6,-1000,-1,0,0,0,0,0,0,0,"rc-neutral-land","OK",1782603075270,3718
2815,1782603089244,283469,0,0,-1,0,0,0,78,80,10,0,21,139.05,250,-3,6,-999,-1,0,0,0,0,0,0,0,"rc-neutral-land","OK",1782603075270,3718
2816,1782603089289,283514,0,0,-1,0,0,0,78,80,10,0,21,139.3,250,-3,8,-1000,-1,0,0,0,0,0,0,0,"rc-neutral-land","OK",1782603075270,3718
2817,1782603089342,283567,0,0,-1,0,0,0,78,80,10,0,21,139.17,250,-6,10,-1000,-1,0,0,0,0,0,0,0,"rc-neutral-land","OK",1782603075270,3718
2818,1782603089526,283751,0,0,-1,0,0,0,78,80,10,0,21,139.17,250,-5,7,-992,-1,0,0,0,0,0,0,0,"rc-neutral-land","OK",1782603075270,3718
2819,1782603089531,283756,0,0,-1,0,0,0,78,80,10,0,21,139.17,250,-11,36,-1020,-1,0,0,0,0,0,0,0,"rc-neutral-land","OK",1782603075270,3718
2820,1782603091935,286160,0,0,-1,0,0,0,78,80,10,0,21,139.17,250,-13,-2,-1015,-1,0,0,0,0,0,0,0,"rc-neutral-land","OK",1782603075270,3718
2821,1782603091991,286216,0,0,-1,0,0,0,78,80,10,0,21,139.17,250,13,9,-1012,-1,0,0,0,0,0,0,0,"rc-neutral-land","OK",1782603075270,3718
2822,1782603092166,286391,0,0,-2,0,0,0,77,80,10,0,21,139.17,250,-2,3,-1142,-1,0,0,0,0,0,0,0,"rc-neutral-land","OK",1782603075270,3718
2823,1782603092207,286432,0,0,-2,0,0,0,77,80,10,0,21,139.17,250,-11,-1,-1276,-1,0,0,0,0,0,0,0,"rc-neutral-land","OK",1782603075270,3718
2824,1782603092316,286541,0,0,-2,0,0,-3,77,80,13,0,21,139.17,250,-17,26,-1281,-1,0,0,0,0,0,0,0,"rc-neutral-land","OK",1782603075270,3718
2825,1782603092384,286609,0,0,-2,0,0,-5,77,80,21,0,21,139.17,251,8,0,-1186,-1,0,0,0,0,0,0,0,"rc-neutral-land","OK",1782603075270,3718
2826,1782603092464,286689,0,0,-2,0,0,-7,77,80,29,0,21,139.17,251,24,-15,-1033,-1,0,0,0,0,0,0,0,"rc-neutral-land","OK",1782603075270,3718
2827,1782603092575,286800,-1,0,-2,0,0,-7,77,80,37,0,21,139.43,251,-13,1,-1033,-1,0,0,0,0,0,0,0,"rc-neutral-land","OK",1782603075270,3718
2828,1782603092703,286928,0,0,-2,0,0,-7,77,80,45,10,21,139.2,251,11,22,-923,-1,0,0,0,0,0,0,0,"rc-neutral-land","OK",1782603075270,3718
2829,1782603092707,286932,0,0,-2,0,0,-6,77,80,53,10,21,139.36,251,-50,8,-841,-1,0,0,0,0,0,0,0,"rc-neutral-land","OK",1782603075270,3718
2830,1782603092858,287083,0,0,-2,0,0,-5,77,80,58,20,21,139.26,251,3,-6,-901,-1,0,0,0,0,0,0,0,"rc-neutral-land","OK",1782603075270,3718
2831,1782603092969,287194,0,0,-2,0,0,-4,77,80,64,20,21,139.22,251,9,18,-909,-1,0,0,0,0,0,0,0,"rc-neutral-land","OK",1782603075270,3718
2832,1782603093080,287305,0,0,-2,0,0,-3,78,81,71,30,21,139.24,251,-9,-12,-945,-1,0,0,0,0,0,0,0,"rc-neutral-land","OK",1782603075270,3718
2833,1782603093175,287400,0,0,-2,0,0,-2,78,81,76,30,21,139.27,251,0,9,-940,-1,0,0,0,0,0,0,0,"rc-neutral-land","OK",1782603075270,3718
2834,1782603093242,287467,0,0,-2,0,0,-2,78,81,80,30,21,139.38,251,-3,6,-850,-1,0,0,0,0,0,0,0,"rc-neutral-land","OK",1782603075270,3718
2835,1782603093361,287586,0,0,-2,0,0,-1,78,81,84,40,21,139.44,252,19,0,-944,-1,0,0,0,0,0,0,0,"rc-neutral-land","OK",1782603075270,3718
2836,1782603093424,287649,0,0,-2,0,0,0,78,81,87,40,21,139.53,252,12,7,-950,-1,0,0,0,0,0,0,0,"rc-neutral-land","OK",1782603075270,3718
2837,1782603093454,287679,0,0,-2,0,0,0,78,81,89,40,21,139.46,252,-7,6,-979,-1,0,0,0,0,0,0,0,"rc-neutral-land","OK",1782603075270,3718
2838,1782603093581,287806,0,0,-2,0,0,0,78,81,91,40,21,139.69,252,29,13,-929,-1,0,0,0,0,0,0,0,"rc-neutral-land","OK",1782603075270,3718
2839,1782603093716,287941,0,0,-2,0,0,0,78,81,93,40,21,139.81,252,0,0,-968,-1,0,0,0,0,0,0,0,"rc-neutral-land","OK",1782603075270,3718
2840,1782603093799,288024,0,0,-2,0,0,0,78,81,94,40,21,139.29,252,1,16,-991,-1,0,0,0,0,0,0,0,"rc-neutral-land","OK",1782603075270,3718
2841,1782603093928,288153,0,0,-2,0,0,0,78,81,95,50,21,139.6,252,6,6,-961,-1,0,0,0,0,0,0,0,"rc-neutral-land","OK",1782603075270,3718
2842,1782603094077,288302,0,0,-2,0,0,0,77,81,96,50,21,139.65,252,15,0,-942,-1,0,0,0,0,0,0,0,"rc-neutral-land","OK",1782603075270,3718
2843,1782603094083,288308,0,0,-2,0,0,0,77,81,96,50,21,139.53,252,44,8,-921,-1,0,0,0,0,0,0,0,"rc-neutral-land","OK",1782603075270,3718
2844,1782603094231,288456,0,0,-2,0,0,0,77,81,96,50,21,139.5,252,-5,1,-967,-1,0,0,0,0,0,0,0,"rc-neutral-land","OK",1782603075270,3718
2845,1782603094383,288608,0,0,-2,0,0,0,77,81,96,50,21,139.17,253,12,-13,-966,-1,0,0,0,0,0,0,0,"rc-neutral-land","OK",1782603075270,3718
2846,1782603094462,288687,0,0,-2,0,0,1,77,81,96,50,21,139.39,253,17,9,-1019,-1,0,0,0,0,0,0,0,"rc-neutral-land","OK",1782603075270,3718
2847,1782603094467,288692,0,0,-2,0,0,1,77,81,96,50,21,139.57,253,-24,21,-981,-1,0,0,0,0,0,0,0,"rc-neutral-land","OK",1782603075270,3718
2848,1782603094541,288766,0,0,-2,0,0,1,77,81,95,50,21,139.73,253,8,-11,-975,-1,0,0,0,0,0,0,0,"rc-neutral-land","OK",1782603075270,3718
2849,1782603094713,288938,0,0,-2,0,0,1,77,81,94,50,21,139.33,253,-27,22,-1043,-1,0,0,0,0,0,0,0,"rc-neutral-land","OK",1782603075270,3718
2850,1782603094741,288966,0,0,-2,0,0,1,77,81,94,50,21,139.53,253,8,-3,-1052,-1,0,0,0,0,0,0,0,"rc-neutral-land","OK",1782603075270,3718
2851,1782603094856,289081,0,0,-2,0,0,1,77,81,93,50,21,139.56,253,0,8,-882,-1,0,0,0,0,0,0,0,"rc-neutral-land","OK",1782603075270,3718
2852,1782603094993,289218,0,0,-2,0,0,1,78,80,92,50,21,139.2,253,-13,-3,-1000,-1,0,0,0,0,0,0,0,"rc-neutral-land","OK",1782603075270,3718
2853,1782603095068,289293,0,0,-2,0,0,1,78,80,91,50,21,139.38,253,-16,16,-990,-1,0,0,0,0,0,0,0,"rc-neutral-land","OK",1782603075270,3718
2854,1782603095113,289338,0,0,-2,0,0,1,78,80,90,50,21,139.52,254,-4,6,-1024,-1,0,0,0,0,0,0,0,"rc-neutral-land","OK",1782603075270,3718
2855,1782603095192,289417,0,0,-2,0,0,1,78,80,89,50,21,139.88,254,23,11,-976,-1,0,0,0,0,0,0,0,"rc-neutral-land","OK",1782603075270,3718
2856,1782603095284,289509,0,0,-2,0,0,1,78,80,89,50,21,140,254,1,13,-980,-1,0,0,0,0,0,0,0,"rc-neutral-land","OK",1782603075270,3718
2857,1782603095415,289640,0,0,-2,0,0,1,78,80,88,50,21,139.59,254,-22,5,-930,-1,0,0,0,0,0,0,0,"rc-neutral-land","OK",1782603075270,3718
2858,1782603095479,289704,0,0,-2,0,0,0,78,80,86,50,21,139.6,254,-27,3,-964,-1,0,0,0,0,0,0,0,"rc-neutral-land","OK",1782603075270,3718
2859,1782603095606,289831,0,0,-2,0,0,0,78,80,86,50,21,139.37,254,-5,-4,-1006,-1,0,0,0,0,0,0,0,"rc-neutral-land","OK",1782603075270,3718
2860,1782603095685,289910,0,0,-2,0,0,0,78,80,85,40,21,139.38,254,7,-3,-999,-1,0,0,0,0,0,0,0,"rc-neutral-land","OK",1782603075270,3718
2861,1782603095783,290008,0,0,-2,0,0,0,78,80,84,40,21,139.46,254,19,-15,-996,-1,0,0,0,0,0,0,0,"rc-neutral-land","OK",1782603075270,3718
2862,1782603095959,290184,0,0,-2,0,0,0,78,81,83,40,21,139.61,254,26,-7,-1021,-1,0,0,0,0,0,0,0,"rc-neutral-land","OK",1782603075270,3718
2863,1782603096026,290251,0,0,-2,0,0,0,78,81,82,40,21,139.58,254,6,-7,-1000,-1,0,0,0,0,0,0,0,"rc-neutral-land","OK",1782603075270,3718
2864,1782603096070,290295,0,0,-2,0,0,0,78,81,82,40,21,139.5,255,-22,2,-955,-1,0,0,0,0,0,0,0,"rc-neutral-land","OK",1782603075270,3718
2865,1782603096203,290428,0,0,-2,0,0,0,78,81,81,40,21,139.35,255,24,-9,-992,-1,0,0,0,0,0,0,0,"rc-neutral-land","OK",1782603075270,3718
2866,1782603096254,290479,0,0,-2,0,0,0,78,81,80,40,21,139.39,255,22,-6,-983,-1,0,0,0,0,0,0,0,"rc-neutral-land","OK",1782603075270,3718
2867,1782603096416,290641,0,0,-2,0,0,0,78,81,80,40,21,139.4,255,-5,-7,-936,-1,0,0,0,0,0,0,0,"rc-neutral-land","OK",1782603075270,3718
2868,1782603096421,290646,0,0,-2,0,0,0,78,81,79,40,21,139.52,255,-9,-3,-996,-1,0,0,0,0,0,0,0,"rc-neutral-land","OK",1782603075270,3718
2869,1782603096596,290821,0,0,-2,0,0,0,78,81,79,40,21,139.76,255,-18,12,-1042,-1,0,0,0,0,0,0,0,"rc-neutral-land","OK",1782603075270,3718
2870,1782603096672,290897,0,0,-2,0,0,0,78,81,79,40,21,139.05,255,-2,0,-937,-1,0,0,0,0,0,0,0,"rc-neutral-land","OK",1782603075270,3718
2871,1782603096718,290943,0,0,-2,0,0,0,78,81,78,40,21,139.38,255,-12,6,-1040,-1,0,0,0,0,0,0,0,"rc-neutral-land","OK",1782603075270,3718
2872,1782603096878,291103,0,0,-2,0,0,0,78,81,78,40,21,139.4,255,-15,5,-1046,-1,0,0,0,0,0,0,0,"rc-neutral-land","OK",1782603075270,3718
2873,1782603096883,291108,0,0,-2,0,0,0,78,81,78,40,21,139.41,255,8,-16,-993,-1,0,0,0,0,0,0,0,"rc-neutral-land","OK",1782603075270,3718
2874,1782603097055,291280,0,0,-2,0,0,0,78,81,78,40,21,139.31,256,-5,2,-934,-1,0,0,0,0,0,0,0,"rc-neutral-land","OK",1782603075270,3718
2875,1782603097122,291347,0,0,-2,0,0,0,78,81,79,40,21,139.31,256,12,-2,-982,-1,0,0,0,0,0,0,0,"rc-neutral-land","OK",1782603075270,3718
2876,1782603097236,291461,0,0,-2,0,0,0,78,81,79,40,21,139.14,256,-2,-11,-958,-1,0,0,0,0,0,0,0,"rc-neutral-land","OK",1782603075270,3718
2877,1782603097302,291527,0,0,-2,0,0,0,78,81,79,40,21,139.32,256,20,3,-991,-1,0,0,0,0,0,0,0,"rc-neutral-land","OK",1782603075270,3718
2878,1782603097348,291573,0,0,-2,0,0,0,78,81,79,40,21,139.47,256,-13,0,-979,-1,0,0,0,0,0,0,0,"rc-neutral-land","OK",1782603075270,3718
2879,1782603097445,291670,0,0,-2,0,0,0,78,81,80,40,21,139.08,256,-18,2,-987,-1,0,0,0,0,0,0,0,"rc-neutral-land","OK",1782603075270,3718
2880,1782603097548,291773,0,0,-2,0,0,0,78,81,80,40,21,139.26,256,15,-19,-971,-1,0,0,0,0,0,0,0,"rc-neutral-land","OK",1782603075270,3718
2881,1782603097682,291907,0,0,-2,0,0,0,78,81,80,40,21,139.47,256,1,-2,-981,-1,0,0,0,0,0,0,0,"rc-neutral-land","OK",1782603075270,3718
2882,1782603097752,291977,0,0,-2,0,0,0,77,80,80,40,21,139.68,256,7,-14,-971,-1,0,0,0,0,0,0,0,"rc-neutral-land","OK",1782603075270,3718
2883,1782603097862,292087,0,0,-2,0,0,0,77,80,80,40,21,139.62,256,-5,0,-1014,-1,0,0,0,0,0,0,0,"rc-neutral-land","OK",1782603075270,3718
2884,1782603097915,292140,0,0,-2,0,0,0,77,80,80,40,21,139.64,257,-1,4,-984,-1,0,0,0,0,0,0,0,"rc-neutral-land","OK",1782603075270,3718
2885,1782603098018,292243,0,0,-2,0,0,0,77,80,80,40,21,139.32,257,6,1,-1093,-1,0,0,0,0,0,0,0,"rc-neutral-land","OK",1782603075270,3718
2886,1782603098145,292370,0,0,-2,0,0,0,77,80,79,40,21,139.41,257,-24,-9,-965,-1,0,0,0,0,0,0,0,"rc-neutral-land","OK",1782603075270,3718
2887,1782603098201,292426,0,0,-2,0,0,0,77,80,79,40,21,139.62,257,6,3,-1012,-1,0,0,0,0,0,0,0,"rc-neutral-land","OK",1782603075270,3718
2888,1782603098304,292529,0,0,-2,0,0,0,77,80,78,40,21,139.43,257,-16,4,-985,-1,0,0,0,0,0,0,0,"rc-neutral-land","OK",1782603075270,3718
2889,1782603098439,292664,0,0,-2,0,0,0,77,80,78,40,21,139.06,257,-2,-3,-1009,-1,0,0,0,0,0,0,0,"rc-neutral-land","OK",1782603075270,3718
2890,1782603098494,292719,0,0,-2,0,0,0,77,80,77,40,21,139.71,257,-47,5,-992,-1,0,0,0,0,0,0,0,"rc-neutral-land","OK",1782603075270,3718
2891,1782603098584,292809,0,0,-2,0,0,0,77,80,77,40,21,139.63,257,-4,10,-1018,-1,0,0,0,0,0,0,0,"rc-neutral-land","OK",1782603075270,3718
2892,1782603098706,292931,0,0,-2,0,0,0,78,80,77,40,21,139.2,257,12,-8,-980,-1,0,0,0,0,0,0,0,"rc-neutral-land","OK",1782603075270,3718
2893,1782603099055,293280,0,0,-2,0,0,0,78,80,77,40,21,139.57,257,11,-12,-1012,-1,0,0,0,0,0,0,0,"rc-neutral-land","OK",1782603075270,3718
2894,1782603099062,293287,0,0,-2,0,0,0,78,80,76,40,21,139.31,258,3,-2,-1004,-1,0,0,0,0,0,0,0,"rc-neutral-land","OK",1782603075270,3718
2895,1782603099066,293291,0,0,-2,0,0,0,78,80,77,40,21,139.66,258,-1,15,-1020,-1,0,0,0,0,0,0,0,"rc-neutral-land","OK",1782603075270,3718
2896,1782603099074,293299,0,0,-2,0,0,0,78,80,77,40,21,139.5,258,6,4,-1002,-1,0,0,0,0,0,0,0,"rc-neutral-land","OK",1782603075270,3718
2897,1782603099130,293355,0,0,-2,0,0,0,78,80,77,40,21,139.52,258,-34,-1,-993,-1,0,0,0,0,0,0,0,"rc-neutral-land","OK",1782603075270,3718
2898,1782603099232,293457,0,0,-2,0,0,0,78,80,78,40,21,139.64,258,-2,-5,-1029,-1,0,0,0,0,0,0,0,"rc-neutral-land","OK",1782603075270,3718
2899,1782603099505,293730,0,0,-2,0,0,0,78,80,78,40,21,139.56,258,-15,-8,-962,-1,0,0,0,0,0,0,0,"rc-neutral-land","OK",1782603075270,3718
2900,1782603099510,293735,0,0,-2,0,0,0,78,80,78,40,21,139.26,258,-17,2,-1017,-1,0,0,0,0,0,0,0,"rc-neutral-land","OK",1782603075270,3718
2901,1782603099562,293787,0,0,-2,0,0,0,78,80,79,40,21,139.49,258,7,17,-1046,-1,0,0,0,0,0,0,0,"rc-neutral-land","OK",1782603075270,3718
2902,1782603099626,293851,0,0,-2,0,0,0,78,80,79,40,21,139.37,258,-8,6,-989,-1,0,0,0,0,0,0,0,"rc-neutral-land","OK",1782603075270,3718
2903,1782603099805,294030,0,0,-2,0,0,0,78,80,79,40,21,139.47,258,-17,5,-1002,-1,0,0,0,0,0,0,0,"rc-neutral-land","OK",1782603075270,3718
2904,1782603099890,294115,0,0,-2,0,0,0,78,80,79,40,21,139.47,259,1,-10,-928,-1,0,0,0,0,0,0,0,"rc-neutral-land","OK",1782603075270,3718
2905,1782603099958,294183,0,0,-2,0,0,0,78,80,80,40,21,139.48,259,-29,13,-971,-1,0,0,0,0,0,0,0,"rc-neutral-land","OK",1782603075270,3718
2906,1782603100002,294227,0,0,-2,0,0,0,78,80,80,40,21,139.6,259,-15,6,-964,-1,0,0,0,0,0,0,0,"rc-neutral-land","OK",1782603075270,3718
2907,1782603100067,294292,0,0,-2,0,0,0,78,80,80,40,21,139.4,259,0,1,-970,-1,0,0,0,0,0,0,0,"rc-neutral-land","OK",1782603075270,3718
2908,1782603100192,294417,0,0,-2,0,0,0,78,80,80,40,21,139.49,259,26,7,-1036,-1,0,0,0,0,0,0,0,"rc-neutral-land","OK",1782603075270,3718
2909,1782603100341,294566,0,0,-2,0,0,0,78,80,80,40,21,139.31,259,47,-16,-1010,-1,0,0,0,0,0,0,0,"rc-neutral-land","OK",1782603075270,3718
2910,1782603100410,294635,0,0,-2,0,0,0,78,80,80,40,21,139.34,259,28,-15,-1011,-1,0,0,0,0,0,0,0,"rc-neutral-land","OK",1782603075270,3718
2911,1782603100501,294726,0,0,-2,0,0,0,78,80,80,40,21,139.46,259,-20,-14,-997,-1,0,0,0,0,0,0,0,"rc-neutral-land","OK",1782603075270,3718
2912,1782603100611,294836,0,0,-2,0,0,0,78,80,81,40,21,139.41,259,-6,3,-972,-1,0,0,0,0,0,0,0,"rc-neutral-land","OK",1782603075270,3718
2913,1782603100719,294944,0,0,-2,0,0,0,78,80,80,40,21,139.14,259,-20,-5,-986,-1,0,0,0,0,0,0,0,"rc-neutral-land","OK",1782603075270,3718
2914,1782603100804,295029,0,0,-2,0,0,0,78,80,81,40,21,139.4,260,12,-1,-1015,-1,0,0,0,0,0,0,0,"rc-neutral-land","OK",1782603075270,3718
2915,1782603101095,295320,0,0,-2,0,0,0,78,80,81,40,21,139.2,260,20,1,-1012,-1,0,0,0,0,0,0,0,"rc-neutral-land","OK",1782603075270,3718
2916,1782603101100,295325,0,0,-2,0,0,0,78,80,81,40,21,139.43,260,-17,10,-975,-1,0,0,0,0,0,0,0,"rc-neutral-land","OK",1782603075270,3718
2917,1782603101104,295329,0,0,-2,0,0,0,78,80,81,40,21,139.27,260,-5,13,-1011,-1,0,0,0,0,0,0,0,"rc-neutral-land","OK",1782603075270,3718
2918,1782603101198,295423,0,0,-2,0,0,0,78,80,81,40,21,139.35,260,10,-5,-1048,-1,0,0,0,0,0,0,0,"rc-neutral-land","OK",1782603075270,3718
2919,1782603101522,295747,0,0,-2,0,0,0,78,80,81,40,21,139.51,260,-4,9,-1031,-1,0,0,0,0,0,0,0,"rc-neutral-land","OK",1782603075270,3718
2920,1782603101527,295752,0,0,-2,0,0,0,78,80,82,40,21,139.36,260,21,10,-1025,-1,0,0,0,0,0,0,0,"rc-neutral-land","OK",1782603075270,3718
2921,1782603101565,295790,0,0,-2,0,0,0,77,80,82,40,21,139.2,260,13,-15,-996,-1,0,0,0,0,0,0,0,"rc-neutral-land","OK",1782603075270,3718
2922,1782603101614,295839,0,0,-2,0,0,0,77,80,82,40,21,139.73,260,-20,19,-1000,-1,0,0,0,0,0,0,0,"rc-neutral-land","OK",1782603075270,3718
2923,1782603101651,295876,0,0,-2,0,0,0,77,80,83,40,21,139.38,261,30,3,-995,-1,0,0,0,0,0,0,0,"rc-neutral-land","OK",1782603075270,3718
2924,1782603101873,296098,0,0,-2,0,0,0,77,80,83,40,21,139.39,261,-19,4,-991,-1,0,0,0,0,0,0,0,"rc-neutral-land","OK",1782603075270,3718
2925,1782603101915,296140,0,0,-2,0,0,0,77,80,83,40,21,139.42,261,43,-14,-1021,-1,0,0,0,0,0,0,0,"rc-neutral-land","OK",1782603075270,3718
2926,1782603101968,296193,0,0,-2,0,0,0,77,80,83,40,21,139.28,261,-23,9,-938,-1,0,0,0,0,0,0,0,"rc-neutral-land","OK",1782603075270,3718
2927,1782603102023,296248,0,0,-2,0,0,0,77,80,83,40,21,139.71,261,12,-6,-1007,-1,0,0,0,0,0,0,0,"rc-neutral-land","OK",1782603075270,3718
2928,1782603102124,296349,0,0,-2,0,0,0,77,80,84,40,21,139.5,261,-24,16,-987,-1,0,0,0,0,0,0,0,"rc-neutral-land","OK",1782603075270,3718
2929,1782603102247,296472,0,0,-2,0,0,0,77,80,83,40,21,139.16,261,15,4,-1031,-1,0,0,0,0,0,0,0,"rc-neutral-land","OK",1782603075270,3718
2930,1782603102358,296583,0,0,-2,0,0,0,77,80,83,40,21,139.45,261,-7,8,-976,-1,0,0,0,0,0,0,0,"rc-neutral-land","OK",1782603075270,3718
2931,1782603102482,296707,0,0,-2,0,0,0,77,80,83,40,21,139.18,261,6,-14,-1002,-1,0,0,0,0,0,0,0,"rc-neutral-land","OK",1782603075270,3718
2932,1782603102554,296779,0,0,-2,0,0,0,77,80,83,40,21,139.3,261,20,-6,-992,-1,0,0,0,0,0,0,0,"rc-neutral-land","OK",1782603075270,3718
2933,1782603102696,296921,0,0,-2,0,0,0,77,80,82,40,21,139.46,262,-3,8,-990,-1,0,0,0,0,0,0,0,"rc-neutral-land","OK",1782603075270,3718
2934,1782603102790,297015,0,0,-2,0,0,0,77,80,82,40,21,139.38,262,-16,-13,-943,-1,0,0,0,0,0,0,0,"rc-neutral-land","OK",1782603075270,3718
2935,1782603102866,297091,0,0,-2,0,0,0,77,80,82,40,21,139.61,262,-2,3,-977,-1,0,0,0,0,0,0,0,"rc-neutral-land","OK",1782603075270,3718
2936,1782603102938,297163,0,0,-2,0,0,0,77,80,82,40,21,139.26,262,-23,1,-979,-1,0,0,0,0,0,0,0,"rc-neutral-land","OK",1782603075270,3718
2937,1782603102999,297224,0,0,-2,0,0,0,77,80,82,40,21,139.45,262,-16,18,-962,-1,0,0,0,0,0,0,0,"rc-neutral-land","OK",1782603075270,3718
2938,1782603103138,297363,0,0,-2,0,0,0,77,80,82,40,21,139.29,262,-19,-17,-944,-1,0,0,0,0,0,0,0,"rc-neutral-land","OK",1782603075270,3718
2939,1782603103228,297453,0,0,-2,0,0,0,77,80,82,40,21,139.13,262,-2,9,-1010,-1,0,0,0,0,0,0,0,"rc-neutral-land","OK",1782603075270,3718
2940,1782603103466,297691,0,0,-2,0,0,0,77,80,82,40,21,139.23,262,-17,4,-1009,-1,0,0,0,0,0,0,0,"rc-neutral-land","OK",1782603075270,3718
2941,1782603103487,297712,0,0,-2,0,0,0,77,79,82,40,21,139.41,262,32,0,-1029,-1,0,0,0,0,0,0,0,"rc-neutral-land","OK",1782603075270,3718
2942,1782603103492,297717,0,0,-2,0,0,0,77,79,83,40,21,139.26,262,-11,-3,-1014,-1,0,0,0,0,0,0,0,"rc-neutral-land","OK",1782603075270,3718
2943,1782603103624,297849,0,0,-2,0,0,0,77,79,83,40,21,139.38,263,5,14,-979,-1,0,0,0,0,0,0,0,"rc-neutral-land","OK",1782603075270,3718
2944,1782603103692,297917,0,0,-2,0,0,0,77,79,83,40,21,139.26,263,1,1,-999,-1,0,0,0,0,0,0,0,"rc-neutral-land","OK",1782603075270,3718
2945,1782603103785,298010,0,0,-2,0,0,0,77,79,83,40,21,139.38,263,19,-17,-972,-1,0,0,0,0,0,0,0,"rc-neutral-land","OK",1782603075270,3718
2946,1782603103842,298067,0,0,-2,0,0,0,77,79,83,40,21,139.5,263,-9,7,-998,-1,0,0,0,0,0,0,0,"rc-neutral-land","OK",1782603075270,3718
2947,1782603103940,298165,0,0,-2,0,0,0,77,79,83,40,21,139.55,263,-20,21,-1015,-1,0,0,0,0,0,0,0,"rc-neutral-land","OK",1782603075270,3718
2948,1782603104051,298276,0,0,-2,0,0,0,77,79,84,40,21,139.46,263,-18,22,-997,-1,0,0,0,0,0,0,0,"rc-neutral-land","OK",1782603075270,3718
2949,1782603104127,298352,0,0,-2,0,0,0,77,79,84,40,21,139.39,263,-4,-4,-1011,-1,0,0,0,0,0,0,0,"rc-neutral-land","OK",1782603075270,3718
2950,1782603104238,298463,0,0,-2,0,0,0,77,79,84,40,21,139.32,263,-11,8,-997,-1,0,0,0,0,0,0,0,"rc-neutral-land","OK",1782603075270,3718
2951,1782603104408,298633,0,0,-2,0,0,0,77,80,84,40,21,139.53,263,6,4,-981,-1,0,0,0,0,0,0,0,"rc-neutral-land","OK",1782603075270,3718
2952,1782603104447,298672,0,0,-2,0,0,0,77,80,83,40,21,139.13,263,-10,3,-991,-1,0,0,0,0,0,0,0,"rc-neutral-land","OK",1782603075270,3718
2953,1782603104538,298763,0,0,-2,0,0,0,77,80,83,40,21,139.09,264,7,1,-983,-1,0,0,0,0,0,0,0,"rc-neutral-land","OK",1782603075270,3718
2954,1782603104593,298818,0,0,-2,0,0,0,77,80,83,40,21,138.98,264,2,-6,-944,-1,0,0,0,0,0,0,0,"rc-neutral-land","OK",1782603075270,3718
2955,1782603104702,298927,0,0,-2,0,0,0,77,80,83,40,21,139.27,264,5,-7,-981,-1,0,0,0,0,0,0,0,"rc-neutral-land","OK",1782603075270,3718
2956,1782603104825,299050,0,0,-2,0,0,0,77,80,82,40,21,139.15,264,1,-3,-950,-1,0,0,0,0,0,0,0,"rc-neutral-land","OK",1782603075270,3718
2957,1782603105044,299269,0,0,-2,0,0,0,77,80,82,40,21,139.22,264,-5,0,-1009,-1,0,0,0,0,0,0,0,"rc-neutral-land","OK",1782603075270,3718
2958,1782603105057,299282,0,0,-2,0,0,0,77,80,82,40,21,139.27,264,2,2,-1016,-1,0,0,0,0,0,0,0,"rc-neutral-land","OK",1782603075270,3718
2959,1782603105275,299500,0,0,-2,0,0,0,77,80,82,40,21,139.56,264,1,4,-1064,-1,0,0,0,0,0,0,0,"rc-neutral-land","OK",1782603075270,3718
2960,1782603105383,299608,0,0,-2,0,0,0,77,80,82,40,21,139.45,264,37,-14,-989,-1,0,0,0,0,0,0,0,"rc-neutral-land","OK",1782603075270,3718
2961,1782603105389,299614,0,0,-2,0,0,0,77,80,82,40,21,139.55,264,-33,23,-951,-1,0,0,0,0,0,0,0,"rc-neutral-land","OK",1782603075270,3718
2962,1782603105394,299619,0,0,-2,0,0,0,77,80,82,40,21,139.33,264,-15,4,-943,-1,0,0,0,0,0,0,0,"rc-neutral-land","OK",1782603075270,3718
2963,1782603105456,299681,0,0,-2,0,0,0,77,80,81,40,21,139.39,265,-12,17,-948,-1,0,0,0,0,0,0,0,"rc-neutral-land","OK",1782603075270,3718
2964,1782603105598,299823,0,0,-2,0,0,1,77,80,79,40,21,139.59,265,1,22,-918,-1,0,0,0,0,0,0,0,"rc-neutral-land","OK",1782603075270,3718
2965,1782603105663,299888,0,0,-2,0,0,2,77,80,76,40,21,139.24,265,-14,14,-913,-1,0,0,0,0,0,0,0,"rc-neutral-land","OK",1782603075270,3718
2966,1782603105700,299925,0,0,-2,0,0,2,77,80,73,40,21,139.33,265,-13,28,-907,-1,0,0,0,0,0,0,0,"rc-neutral-land","OK",1782603075270,3718
2967,1782603105794,300019,0,0,-2,0,0,3,77,80,68,30,21,139.25,265,-1,5,-931,-1,0,0,0,0,0,0,0,"rc-neutral-land","OK",1782603075270,3718
2968,1782603105948,300173,0,0,-2,0,0,4,77,80,64,30,21,139.05,265,0,1,-982,-1,0,0,0,0,0,0,0,"rc-neutral-land","OK",1782603075270,3718
2969,1782603106091,300316,0,0,-2,0,0,4,77,80,59,20,21,139.01,265,-15,15,-968,-1,0,0,0,0,0,0,0,"rc-neutral-land","OK",1782603075270,3718
2970,1782603106163,300388,0,0,-2,0,0,4,77,80,54,20,21,139.35,265,9,-4,-1031,-1,0,0,0,0,0,0,0,"rc-neutral-land","OK",1782603075270,3718
2971,1782603106272,300497,0,0,-2,0,0,4,77,80,49,20,21,138.88,265,18,0,-1005,-1,0,0,0,0,0,0,0,"rc-neutral-land","OK",1782603075270,3718
2972,1782603106329,300554,0,0,-2,0,0,4,77,80,44,10,21,138.83,265,-7,4,-940,-1,0,0,0,0,0,0,0,"rc-neutral-land","OK",1782603075270,3718
2973,1782603106436,300661,0,0,-2,0,0,4,77,80,39,10,21,138.81,266,-31,20,-980,-1,0,0,0,0,0,0,0,"rc-neutral-land","OK",1782603075270,3718
2974,1782603106484,300709,0,0,-2,0,0,4,77,80,38,0,21,138.74,266,9,-7,-1004,-1,0,0,0,0,0,0,0,"rc-neutral-land","OK",1782603075270,3718
2975,1782603106592,300817,0,0,-2,0,0,4,77,80,33,0,21,138.88,266,-3,4,-1043,-1,0,0,0,0,0,0,0,"rc-neutral-land","OK",1782603075270,3718
2976,1782603106680,300905,0,0,-2,0,0,4,77,80,28,0,21,138.86,266,9,11,-1051,-1,0,0,0,0,0,0,0,"rc-neutral-land","OK",1782603075270,3718
2977,1782603106783,301008,0,0,-2,0,0,4,77,80,24,0,21,138.91,266,0,-17,-1036,-1,0,0,0,0,0,0,0,"rc-neutral-land","OK",1782603075270,3718
2978,1782603106890,301115,0,0,-2,0,0,4,77,80,17,-10,21,138.59,266,16,2,-1045,-1,0,0,0,0,0,0,0,"rc-neutral-land","OK",1782603075270,3718
2979,1782603106953,301178,0,0,-2,0,0,3,77,80,10,-10,21,138.17,266,-18,-13,-1042,-1,0,0,0,0,0,0,0,"rc-neutral-land","OK",1782603075270,3718
2980,1782603107042,301267,0,0,-2,0,0,3,77,80,10,-10,21,136.95,266,1,4,-1033,-1,0,0,0,0,0,0,0,"rc-neutral-land","OK",1782603075270,3718
2981,1782603107174,301399,0,0,-2,0,0,3,77,80,10,-20,21,137.18,266,-6,-35,-1617,-1,0,0,0,0,0,0,0,"rc-neutral-land","OK",1782603075270,3718
2982,1782603107311,301536,-1,0,-1,0,0,-1,77,80,10,0,21,138.35,266,-26,-4,-510,-1,0,0,0,0,0,0,0,"rc-neutral-land","OK",1782603075270,3718
2983,1782603107336,301561,0,0,0,0,0,0,77,80,10,0,21,138.75,266,-23,-7,-1003,-1,0,0,0,0,0,0,0,"rc-neutral-land","OK",1782603075270,3718
2984,1782603107466,301691,0,0,0,0,0,0,77,80,10,0,21,139.22,266,-6,6,-995,-1,0,0,0,0,0,0,0,"rc-neutral-land","OK",1782603075270,3718
2985,1782603107566,301791,0,0,0,0,0,0,77,80,10,0,21,139.24,266,-2,6,-998,-1,0,0,0,0,0,0,0,"rc-neutral-land","OK",1782603075270,3718
2986,1782603107601,301826,0,0,0,0,0,-1,77,80,10,0,21,138.93,266,-5,11,-999,-1,0,0,0,0,0,0,0,"rc-neutral-land","OK",1782603075270,3718
2987,1782603107687,301912,0,0,0,0,0,-1,77,80,10,0,21,139.26,266,0,8,-1001,-1,0,0,0,0,0,0,0,"rc-neutral-land","OK",1782603075270,3718
2988,1782603107890,302115,0,0,0,0,0,-1,77,80,10,0,21,139.13,266,-12,10,-1006,-1,0,0,0,0,0,0,0,"rc-neutral-land","OK",1782603075270,3718
2989,1782603107895,302120,0,0,0,0,0,-2,77,80,10,0,21,139.31,266,-9,4,-1003,-1,0,0,0,0,0,0,0,"rc-neutral-land","OK",1782603075270,3718
2990,1782603108021,302246,0,0,0,0,0,-2,77,80,10,0,21,139.17,266,-1,10,-1006,-1,0,0,0,0,0,0,0,"rc-neutral-land","OK",1782603075270,3718
2991,1782603108131,302356,0,0,0,0,0,-3,76,80,10,0,21,139.3,266,-5,5,-1003,-1,0,0,0,0,0,0,0,"rc-neutral-land","OK",1782603075270,3718
2992,1782603108235,302460,0,0,0,0,0,-3,76,80,10,0,21,139.63,266,-3,10,-1012,-1,0,0,0,0,0,0,0,"rc-neutral-land","OK",1782603075270,3718
2993,1782603108291,302516,0,0,0,0,0,-4,76,80,10,0,21,139.58,266,-2,9,-1010,-1,0,0,0,0,0,0,0,"rc-neutral-land","OK",1782603075270,3718
2994,1782603108344,302569,0,0,0,0,0,0,76,80,10,0,21,139.1,266,-2,11,-1008,-1,0,0,0,0,0,0,0,"rc-neutral-land","OK",1782603075270,3718
2995,1782603108600,302825,0,0,0,0,0,0,76,80,10,0,21,139.41,266,-2,10,-1008,-1,0,0,0,0,0,0,0,"rc-neutral-land","OK",1782603075270,3718
2996,1782603108604,302829,0,0,0,0,0,0,76,80,10,0,21,139.26,266,-3,10,-1011,-1,0,0,0,0,0,0,0,"rc-neutral-land","OK",1782603075270,3718
2997,1782603108614,302839,0,0,0,0,0,0,76,80,10,0,21,139.26,266,-2,10,-1011,-1,0,0,0,0,0,0,0,"rc-neutral-land","OK",1782603075270,3718
2998,1782603108690,302915,0,0,0,0,0,0,76,80,10,0,21,139.16,266,-3,10,-1009,-1,0,0,0,0,0,0,0,"rc-neutral-land","OK",1782603075270,3718
2999,1782603108826,303051,0,0,0,0,0,0,76,80,10,0,21,139.47,266,-3,9,-1010,-1,0,0,0,0,0,0,0,"rc-neutral-land","OK",1782603075270,3718
3000,1782603108976,303201,0,0,0,0,0,0,76,80,10,0,21,139.08,266,-2,10,-1008,-1,0,0,0,0,0,0,0,"rc-neutral-land","OK",1782603075270,3718
3001,1782603109031,303256,0,0,0,0,0,0,77,79,10,0,21,139.49,266,-3,8,-1010,-1,0,0,0,0,0,0,0,"rc-neutral-land","OK",1782603075270,3718
3002,1782603109202,303427,0,0,0,0,0,0,77,79,10,0,21,139.22,266,-1,10,-1013,-1,0,0,0,0,0,0,0,"rc-neutral-land","OK",1782603075270,3718
3003,1782603109288,303513,0,0,0,0,0,0,77,79,10,0,21,139.39,266,-2,10,-1011,-1,0,0,0,0,0,0,0,"rc-neutral-land","OK",1782603075270,3718
3004,1782603109342,303567,0,0,0,0,0,0,77,79,10,0,21,139.31,266,0,9,-1010,-1,0,0,0,0,0,0,0,"rc-neutral-land","OK",1782603075270,3718
3005,1782603109486,303711,0,0,0,0,0,0,77,79,10,0,21,139.3,266,-4,8,-1008,-1,0,0,0,0,0,0,0,"rc-neutral-land","OK",1782603075270,3718
3006,1782603109493,303718,0,0,0,0,0,0,77,79,10,0,21,139.2,266,-3,9,-1008,-1,0,0,0,0,0,0,0,"rc-neutral-land","OK",1782603075270,3718
3007,1782603109640,303865,0,0,0,0,0,0,77,79,10,0,21,139.33,266,-2,8,-1007,-1,0,0,0,0,0,0,0,"rc-neutral-land","OK",1782603075270,3718
3008,1782603109727,303952,0,0,0,0,0,0,77,79,10,0,21,139.11,266,-2,9,-1008,-1,0,0,0,0,0,0,0,"rc-neutral-land","OK",1782603075270,3718
3009,1782603109835,304060,0,0,0,0,0,0,77,79,10,0,21,139.17,266,-2,8,-1008,-1,0,0,0,0,0,0,0,"rc-neutral-land","OK",1782603075270,3718
3010,1782603109896,304121,0,0,0,0,0,0,77,79,10,0,21,138.95,266,-1,8,-1007,-1,0,0,0,0,0,0,0,"rc-neutral-land","OK",1782603075270,3718
3011,1782603109953,304178,0,0,0,0,0,0,77,79,10,0,21,139.04,266,-2,10,-1007,-1,0,0,0,0,0,0,0,"rc-neutral-land","OK",1782603075270,3718
3012,1782603110082,304307,0,0,0,0,0,0,77,79,10,0,21,139.3,266,-2,10,-1009,-1,0,0,0,0,0,0,0,"rc-neutral-land","OK",1782603075270,3718
3013,1782603110161,304386,0,0,0,0,0,0,77,79,10,0,21,139.14,266,-2,9,-1006,-1,0,0,0,0,0,0,0,"rc-neutral-land","OK",1782603075270,3718
3014,1782603110272,304497,0,0,0,0,0,0,77,79,10,0,21,139.32,266,-2,10,-1009,-1,0,0,0,0,0,0,0,"rc-neutral-land","OK",1782603075270,3718
3015,1782603110423,304648,0,0,0,0,0,0,77,79,10,0,21,138.95,266,-2,9,-1008,-1,0,0,0,0,0,0,0,"rc-neutral-land","OK",1782603075270,3718
3016,1782603110447,304672,0,0,0,0,0,0,77,79,10,0,21,139.29,266,-3,9,-1006,-1,0,0,0,0,0,0,0,"rc-neutral-land","OK",1782603075270,3718
3017,1782603110490,304715,0,0,0,0,0,0,77,79,10,0,21,139.2,266,-3,10,-1008,-1,0,0,0,0,0,0,0,"rc-neutral-land","OK",1782603075270,3718
3018,1782603110623,304848,0,0,0,0,0,0,77,79,10,0,21,139.37,266,-3,10,-1006,-1,0,0,0,0,0,0,0,"rc-neutral-land","OK",1782603075270,3718
3019,1782603110844,305069,0,0,0,0,0,0,77,79,10,0,21,139.09,266,-3,9,-1008,-1,0,0,0,0,0,0,0,"rc-neutral-land","OK",1782603075270,3718
3020,1782603110849,305074,0,0,0,0,0,0,77,79,10,0,21,139.43,266,-1,10,-1005,-1,0,0,0,0,0,0,0,"rc-neutral-land","OK",1782603075270,3718
3021,1782603110934,305159,0,0,0,0,0,0,78,80,10,0,21,139.44,266,-3,9,-1005,-1,0,0,0,0,0,0,0,"rc-neutral-land","OK",1782603075270,3718
3022,1782603111006,305231,0,0,0,0,0,0,78,80,10,0,21,139.43,266,-2,9,-1005,-1,0,0,0,0,0,0,0,"rc-neutral-land","OK",1782603075270,3718
3023,1782603111137,305362,0,0,0,0,0,0,78,80,10,0,21,139.12,266,-3,10,-1006,-1,0,0,0,0,0,0,0,"rc-neutral-land","OK",1782603075270,3718
3024,1782603111211,305436,0,0,0,0,0,0,78,80,10,0,21,139.37,266,-3,7,-1006,-1,0,0,0,0,0,0,0,"rc-neutral-land","OK",1782603075270,3718
3025,1782603111367,305592,0,0,0,0,0,0,78,80,10,0,21,139.63,266,-3,10,-1007,-1,0,0,0,0,0,0,0,"rc-neutral-land","OK",1782603075270,3718
3026,1782603111372,305597,0,0,0,0,0,0,78,80,10,0,21,139.34,266,-2,10,-1007,-1,0,0,0,0,0,0,0,"rc-neutral-land","OK",1782603075270,3718
3027,1782603111490,305715,0,0,0,0,0,0,78,80,10,0,21,139.21,266,-2,8,-1007,-1,0,0,0,0,0,0,0,"rc-neutral-land","OK",1782603075270,3718
3028,1782603111527,305752,0,0,0,0,0,0,78,80,10,0,21,139.26,266,-3,8,-1005,-1,0,0,0,0,0,0,0,"rc-neutral-land","OK",1782603075270,3718
3029,1782603111613,305838,0,0,0,0,0,0,78,80,10,0,21,139.38,266,-2,8,-1005,-1,0,0,0,0,0,0,0,"rc-neutral-land","OK",1782603075270,3718
3030,1782603111764,305989,0,0,0,0,0,0,78,80,10,0,21,139.33,266,-1,10,-1006,-1,0,0,0,0,0,0,0,"rc-neutral-land","OK",1782603075270,3718
3031,1782603111917,306142,0,0,0,0,0,0,78,81,10,0,21,139.27,266,-1,9,-1005,-1,0,0,0,0,0,0,0,"rc-neutral-land","OK",1782603075270,3718
3032,1782603111974,306199,0,0,0,0,0,0,78,81,10,0,21,139.14,266,-3,9,-1007,-1,0,0,0,0,0,0,0,"rc-neutral-land","OK",1782603075270,3718
3033,1782603112112,306337,0,0,0,0,0,0,78,81,10,0,21,139.36,266,-1,9,-1004,-1,0,0,0,0,0,0,0,"rc-neutral-land","OK",1782603075270,3718
3034,1782603112172,306397,0,0,0,0,0,0,78,81,10,0,21,139.14,266,-2,10,-1006,-1,0,0,0,0,0,0,0,"rc-neutral-land","OK",1782603075270,3718
3035,1782603112203,306428,0,0,0,0,0,0,78,81,10,0,21,139.24,266,-3,9,-1006,-1,0,0,0,0,0,0,0,"rc-neutral-land","OK",1782603075270,3718
3036,1782603112304,306529,0,0,0,0,0,0,78,81,10,0,21,139.35,266,-3,8,-1005,-1,0,0,0,0,0,0,0,"rc-neutral-land","OK",1782603075270,3718
3037,1782603112390,306615,0,0,0,0,0,0,78,81,10,0,21,139.28,266,-3,10,-1004,-1,0,0,0,0,0,0,0,"rc-neutral-land","OK",1782603075270,3718
3038,1782603112455,306680,0,0,0,0,0,0,78,81,10,0,21,139.56,266,-2,8,-1005,-1,0,0,0,0,0,0,0,"rc-neutral-land","OK",1782603075270,3718
3039,1782603112569,306794,0,0,0,0,0,0,78,81,10,0,21,139.21,266,-2,9,-1005,-1,0,0,0,0,0,0,0,"rc-neutral-land","OK",1782603075270,3718
3040,1782603112761,306986,0,0,0,0,0,0,78,81,10,0,21,139.21,266,-4,9,-1005,-1,0,0,0,0,0,0,0,"rc-neutral-land","OK",1782603075270,3718
3041,1782603112812,307037,0,0,0,0,0,0,78,80,10,0,21,139.41,266,-1,9,-1003,-1,0,0,0,0,0,0,0,"rc-neutral-land","OK",1782603075270,3718
3042,1782603112916,307141,0,0,0,0,0,0,78,80,10,0,21,139.1,266,-2,9,-1003,-1,0,0,0,0,0,0,0,"rc-neutral-land","OK",1782603075270,3718
3043,1782603113071,307296,0,0,0,0,0,0,78,80,10,0,21,139.26,266,-2,11,-1006,-1,0,0,0,0,0,0,0,"rc-neutral-land","OK",1782603075270,3718
3044,1782603113096,307321,0,0,0,0,0,0,78,80,10,0,21,139.22,266,-2,10,-1005,-1,0,0,0,0,0,0,0,"rc-neutral-land","OK",1782603075270,3718
3045,1782603113176,307401,0,0,0,0,0,0,78,80,10,0,21,139.28,266,-2,9,-1004,-1,0,0,0,0,0,0,0,"rc-neutral-land","OK",1782603075270,3718
3046,1782603113230,307455,0,0,0,0,0,0,78,80,10,0,21,139.5,266,-2,8,-1003,-1,0,0,0,0,0,0,0,"rc-neutral-land","OK",1782603075270,3718
3047,1782603113395,307620,0,0,0,0,0,0,78,80,10,0,21,139.36,266,-1,10,-1004,-1,0,0,0,0,0,0,0,"rc-neutral-land","OK",1782603075270,3718
3048,1782603113503,307728,0,0,0,0,0,0,78,80,10,0,21,138.99,266,-3,9,-1002,-1,0,0,0,0,0,0,0,"rc-neutral-land","OK",1782603075270,3718
3049,1782603113524,307749,0,0,0,0,0,0,78,80,10,0,21,139.22,266,-1,10,-1005,-1,0,0,0,0,0,0,0,"rc-neutral-land","OK",1782603075270,3718
3050,1782603113713,307938,0,0,0,0,0,0,78,80,10,0,21,139.16,266,-3,9,-1002,-1,0,0,0,0,0,0,0,"rc-neutral-land","OK",1782603075270,3718
3051,1782603113739,307964,0,0,0,0,0,0,78,81,10,0,21,139.61,266,-2,8,-1001,-1,0,0,0,0,0,0,0,"rc-neutral-land","OK",1782603075270,3718
3052,1782603113814,308039,0,0,0,0,0,0,78,81,10,0,21,139.17,266,-3,9,-1005,-1,0,0,0,0,0,0,0,"rc-neutral-land","OK",1782603075270,3718
3053,1782603113943,308168,0,0,0,0,0,0,78,81,10,0,21,139.24,266,-3,8,-1004,-1,0,0,0,0,0,0,0,"rc-neutral-land","OK",1782603075270,3718
3054,1782603114010,308235,0,0,0,0,0,0,78,81,10,0,21,139.17,266,-3,9,-1002,-1,0,0,0,0,0,0,0,"rc-neutral-land","OK",1782603075270,3718
3055,1782603114142,308367,0,0,0,0,0,0,78,81,10,0,21,139.14,266,-3,8,-1004,-1,0,0,0,0,0,0,0,"rc-neutral-land","OK",1782603075270,3718
3056,1782603114207,308432,0,0,0,0,0,0,78,81,10,0,21,139.1,266,-3,9,-1000,-1,0,0,0,0,0,0,0,"rc-neutral-land","OK",1782603075270,3718
3057,1782603114363,308588,0,0,0,0,0,0,78,81,10,0,21,139.12,266,-3,9,-1001,-1,0,0,0,0,0,0,0,"rc-neutral-land","OK",1782603075270,3718
3058,1782603114406,308631,0,0,0,0,0,0,78,81,10,0,21,139.52,266,-2,8,-1001,-1,0,0,0,0,0,0,0,"rc-neutral-land","OK",1782603075270,3718
3059,1782603114452,308677,0,0,0,0,0,0,78,81,10,0,21,139.23,266,-4,9,-1002,-1,0,0,0,0,0,0,0,"rc-neutral-land","OK",1782603075270,3718
3060,1782603114563,308788,0,0,0,0,0,0,78,81,10,0,21,139.36,266,-2,9,-1003,-1,0,0,0,0,0,0,0,"rc-neutral-land","OK",1782603075270,3718
3061,1782603114670,308895,0,0,0,0,0,0,78,81,10,0,21,139.07,266,-3,10,-1001,-1,0,0,0,0,0,0,0,"rc-neutral-land","OK",1782603075270,3718
3062,1782603114732,308957,0,0,0,0,0,0,78,81,10,0,21,138.95,266,-2,9,-1002,-1,0,0,0,0,0,0,0,"rc-neutral-land","OK",1782603075270,3718
3063,1782603114858,309083,0,0,0,0,0,0,78,81,10,0,21,138.95,266,-4,10,-1002,-1,0,0,0,0,0,0,0,"rc-neutral-land","OK",1782603075270,3718
3064,1782603114975,309200,0,0,0,0,0,0,78,81,10,0,21,139.72,266,-3,10,-1002,-1,0,0,0,0,0,0,0,"rc-neutral-land","OK",1782603075270,3718
3065,1782603115064,309289,0,0,0,0,0,0,78,81,10,0,21,139.34,266,-2,11,-1002,-1,0,0,0,0,0,0,0,"rc-neutral-land","OK",1782603075270,3718
3066,1782603115105,309330,0,0,0,0,0,0,78,81,10,0,21,139.05,266,-1,8,-1001,-1,0,0,0,0,0,0,0,"rc-neutral-land","OK",1782603075270,3718
3067,1782603115231,309456,0,0,0,0,0,0,78,81,10,0,21,139.52,266,-3,9,-1001,-1,0,0,0,0,0,0,0,"rc-neutral-land","OK",1782603075270,3718
3068,1782603115367,309592,0,0,0,0,0,0,78,81,10,0,21,139.12,266,-3,9,-1002,-1,0,0,0,0,0,0,0,"rc-neutral-land","OK",1782603075270,3718
3069,1782603115396,309621,0,0,0,0,0,0,78,81,10,0,21,139.1,266,-4,8,-1003,-1,0,0,0,0,0,0,0,"rc-neutral-land","OK",1782603075270,3718
3070,1782603115504,309729,0,0,0,0,0,0,78,81,10,0,21,139.01,266,-3,8,-999,-1,0,0,0,0,0,0,0,"rc-neutral-land","OK",1782603075270,3718
3071,1782603115608,309833,0,0,0,0,0,0,79,81,10,0,21,139.15,266,0,9,-1003,-1,0,0,0,0,0,0,0,"rc-neutral-land","OK",1782603075270,3718
3072,1782603115718,309943,0,0,0,0,0,0,79,81,10,0,21,139.37,266,-4,9,-1002,-1,0,0,0,0,0,0,0,"rc-neutral-land","OK",1782603075270,3718
3073,1782603115854,310079,0,0,0,0,0,0,79,81,10,0,21,139.18,266,-1,10,-1002,-1,0,0,0,0,0,0,0,"rc-neutral-land","OK",1782603075270,3718
3074,1782603115858,310083,0,0,0,0,0,0,79,81,10,0,21,139.46,266,-4,9,-1001,-1,0,0,0,0,0,0,0,"rc-neutral-land","OK",1782603075270,3718
3075,1782603115953,310178,0,0,0,0,0,0,79,81,10,0,21,139.35,266,-3,10,-1001,-1,0,0,0,0,0,0,0,"rc-neutral-land","OK",1782603075270,3718
3076,1782603116099,310324,0,0,0,0,0,0,79,81,10,0,21,139.55,266,-2,9,-1005,-1,0,0,0,0,0,0,0,"rc-neutral-land","OK",1782603075270,3718
3077,1782603116180,310405,0,0,0,0,0,0,79,81,10,0,21,139.14,266,-3,10,-1000,-1,0,0,0,0,0,0,0,"rc-neutral-land","OK",1782603075270,3718
3078,1782603116204,310429,0,0,0,0,0,0,79,81,10,0,21,139.23,266,-2,11,-1001,-1,0,0,0,0,0,0,0,"rc-neutral-land","OK",1782603075270,3718
3079,1782603116293,310518,0,0,0,0,0,0,79,81,10,0,21,139.42,266,-2,8,-1001,-1,0,0,0,0,0,0,0,"rc-neutral-land","OK",1782603075270,3718
3080,1782603116437,310662,0,0,0,0,0,0,79,81,10,0,21,139.38,266,-2,9,-999,-1,0,0,0,0,0,0,0,"rc-neutral-land","OK",1782603075270,3718
3081,1782603116556,310781,0,0,0,0,0,0,78,81,10,0,21,139.06,266,-2,10,-1001,-1,0,0,0,0,0,0,0,"rc-neutral-land","OK",1782603075270,3718
3082,1782603116740,310965,0,0,0,0,0,0,78,81,10,0,21,139.16,266,-2,11,-1000,-1,0,0,0,0,0,0,0,"rc-neutral-land","OK",1782603075270,3718
3083,1782603116782,311007,0,0,0,0,0,0,78,81,10,0,21,139.2,266,-2,8,-1001,-1,0,0,0,0,0,0,0,"rc-neutral-land","OK",1782603075270,3718
3084,1782603116790,311015,0,0,0,0,0,0,78,81,10,0,21,139.16,266,-2,10,-1001,-1,0,0,0,0,0,0,0,"rc-neutral-land","OK",1782603075270,3718
3085,1782603116866,311091,0,0,0,0,0,0,78,81,10,0,21,139.19,266,-3,9,-999,-1,0,0,0,0,0,0,0,"rc-neutral-land","OK",1782603075270,3718
3086,1782603116999,311224,0,0,0,0,0,0,78,81,10,0,21,139.11,266,-2,11,-1002,-1,0,0,0,0,0,0,0,"rc-neutral-land","OK",1782603075270,3718
3087,1782603117108,311333,0,0,0,0,0,0,78,81,10,0,21,139.33,266,-3,10,-1002,-1,0,0,0,0,0,0,0,"rc-neutral-land","OK",1782603075270,3718
3088,1782603117275,311500,0,0,0,0,0,0,78,81,10,0,21,139.35,266,-1,9,-999,-1,0,0,0,0,0,0,0,"rc-neutral-land","OK",1782603075270,3718
3089,1782603117299,311524,0,0,0,0,0,0,78,81,10,0,21,139.14,266,-3,10,-999,-1,0,0,0,0,0,0,0,"rc-neutral-land","OK",1782603075270,3718
3090,1782603117386,311611,0,0,0,0,0,0,78,81,10,0,21,139.22,266,-3,8,-1002,-1,0,0,0,0,0,0,0,"rc-neutral-land","OK",1782603075270,3718
3091,1782603117490,311715,0,0,0,0,0,0,79,81,10,0,21,139.43,266,-2,10,-1000,-1,0,0,0,0,0,0,0,"rc-neutral-land","OK",1782603075270,3718
3092,1782603117620,311845,0,0,0,0,0,0,79,81,10,0,21,139.17,266,-4,9,-1001,-1,0,0,0,0,0,0,0,"rc-neutral-land","OK",1782603075270,3718
3093,1782603117659,311884,0,0,0,0,0,0,79,81,10,0,21,139.16,266,-2,10,-1001,-1,0,0,0,0,0,0,0,"rc-neutral-land","OK",1782603075270,3718
3094,1782603117752,311977,0,0,0,0,0,0,79,81,10,0,21,139.21,266,-2,10,-999,-1,0,0,0,0,0,0,0,"rc-neutral-land","OK",1782603075270,3718
3095,1782603117823,312048,0,0,0,0,0,0,79,81,10,0,21,139.27,266,-3,11,-999,-1,0,0,0,0,0,0,0,"rc-neutral-land","OK",1782603075270,3718
3096,1782603117923,312148,0,0,0,0,0,0,79,81,10,0,21,139.02,266,-2,11,-998,-1,0,0,0,0,0,0,0,"rc-neutral-land","OK",1782603075270,3718
3097,1782603117989,312214,0,0,0,0,0,0,79,81,10,0,21,139.37,266,-2,9,-1000,-1,0,0,0,0,0,0,0,"rc-neutral-land","OK",1782603075270,3718
3098,1782603118133,312358,0,0,0,0,0,0,79,81,10,0,21,139.44,266,-3,10,-1001,-1,0,0,0,0,0,0,0,"rc-neutral-land","OK",1782603075270,3718
3099,1782603118192,312417,0,0,0,0,0,0,79,81,10,0,21,139.03,266,-3,10,-1001,-1,0,0,0,0,0,0,0,"rc-neutral-land","OK",1782603075270,3718
3100,1782603118319,312544,0,0,0,0,0,0,79,81,10,0,21,139.18,266,-3,10,-998,-1,0,0,0,0,0,0,0,"rc-neutral-land","OK",1782603075270,3718
3101,1782603118478,312703,0,0,0,0,0,0,79,82,10,0,21,139.21,266,-3,11,-998,-1,0,0,0,0,0,0,0,"rc-neutral-land","OK",1782603075270,3718
3102,1782603118485,312710,0,0,0,0,0,0,79,82,10,0,21,139.27,266,-2,8,-998,-1,0,0,0,0,0,0,0,"rc-neutral-land","OK",1782603075270,3718
3103,1782603118573,312798,0,0,0,0,0,0,79,82,10,0,21,139.29,266,-2,10,-1001,-1,0,0,0,0,0,0,0,"rc-neutral-land","OK",1782603075270,3718
3104,1782603118711,312936,0,0,0,0,0,0,79,82,10,0,21,139.12,266,-2,10,-1000,-1,0,0,0,0,0,0,0,"rc-neutral-land","OK",1782603075270,3718
3105,1782603118783,313008,0,0,0,0,0,0,79,82,10,0,21,139.14,266,-3,9,-998,-1,0,0,0,0,0,0,0,"rc-neutral-land","OK",1782603075270,3718
3106,1782603118892,313117,0,0,0,0,0,0,79,82,10,0,21,139.29,266,-1,11,-1001,-1,0,0,0,0,0,0,0,"rc-neutral-land","OK",1782603075270,3718
3107,1782603118995,313220,0,0,0,0,0,0,79,82,10,0,21,139.34,266,-2,9,-998,-1,0,0,0,0,0,0,0,"rc-neutral-land","OK",1782603075270,3718
3108,1782603119302,313527,0,0,0,0,0,0,79,82,10,0,21,138.9,266,-3,9,-1002,-1,0,0,0,0,0,0,0,"rc-neutral-land","OK",1782603075270,3718
3109,1782603119378,313603,0,0,0,0,0,0,79,82,10,0,21,139.32,266,-2,10,-1000,-1,0,0,0,0,0,0,0,"rc-neutral-land","OK",1782603075270,3718
3110,1782603119383,313608,0,0,0,0,0,0,79,82,10,0,21,139.37,266,-4,10,-1001,-1,0,0,0,0,0,0,0,"rc-neutral-land","OK",1782603075270,3718
3111,1782603119387,313612,0,0,0,0,0,0,79,81,10,0,21,139.28,266,-2,11,-1001,-1,0,0,0,0,0,0,0,"rc-neutral-land","OK",1782603075270,3718
