test_id,scenario,notes,run_mode,elapsed_ms,attempt,command_samples,command_successes,command_failures,command_latency_ms_avg,command_latency_ms_min,command_latency_ms_max,last_command,last_response,last_command_result,command_source,command_executor_last_error,command_executor_attempt_log,telemetry_packets_total,telemetry_packets_valid,telemetry_packets_invalid,telemetry_timeouts,telemetry_errors,telemetry_hz_instant,telemetry_hz_ema,telemetry_age_ms,telemetry_interarrival_ms,telemetry_max_interarrival_ms,telemetry_last_gap_ms,telemetry_last_gap_sequence,telemetry_gap_events_300ms,telemetry_gap_events_500ms,telemetry_gap_events_1000ms,telemetry_quality,telemetry_quality_score,telemetry_state_available,telemetry_h,telemetry_tof,telemetry_baro,telemetry_vgz,telemetry_bat,video_packets_total,video_bytes_total,video_timeouts,video_errors,video_pps_instant,video_pps_ema,video_age_ms,video_packet_delta,video_interarrival_ms,video_max_interarrival_ms,video_last_gap_ms,video_last_gap_sequence,video_gap_events_300ms,video_gap_events_500ms,video_gap_events_1000ms,video_quality,video_quality_score,nal_packets_in,nal_bytes_in,nal_units,nal_sps,nal_pps,nal_idr,nal_non_idr,nal_other,nal_decode_gated,nal_resyncs,nal_buffered_bytes,decoder_nals_in,decoder_packets_sent,decoder_frames_decoded,decoder_errors,decoder_fps_ema,frame_width,frame_height,keyframes,paused,overlay_enabled,recovery_attempted,recovery_result,recovery_hard,recovery_stage,recovery_command_channel_available,event,log_timestamp,log_message,connection_state,last_outage_failures,plot_metric,state_sequence_delta,state_receiver_running,rc_stream_active,rc_left_right,rc_forward_back,rc_up_down,rc_yaw,keepalive_running,auto_refresh_active,critical_command_active,pause_keepalive_ms,neutral_rc_ms,critical_command_ms,gui_vision_tick_delay_ms,gui_state_tick_delay_ms,vision_refresh_duration_ms,state_refresh_duration_ms,frame_convert_ms,frame_scale_ms,plot_paint_ms,vision_frame_mutex_wait_ms,state_history_fetch_ms,ui_frames_converted,ui_frames_dropped,ui_frames_displayed,plot_samples_displayed,keepalive_tick_total,keepalive_success_total,keepalive_failure_total,keepalive_skipped_busy_total,keepalive_skipped_uninitialized_total,keepalive_last_command,keepalive_last_response,keepalive_last_result,keepalive_last_latency_ms,keepalive_last_success_age_ms,keepalive_last_tick_age_ms
E-STATE-CLI-001,telemetry-cli-diagnostic,Telemetry continuity without GUI,STATE_WATCH,29,1,0,0,0,0,0,0,,,ERROR,,,,0,0,0,0,0,0,0,-1,-1,0,0,0,0,0,0,NO_DATA,0,0,0,0,0,0,0,0,0,0,0,0,0,-1,0,-1,0,0,0,0,0,0,NO_DATA,0,0,0,0,0,0,0,0,0,0,0,0,0,0,0,0,0,0,0,0,0,0,0,OK,0,,0,NONE,,,CONNECTED,0,,0,0,0,0,0,0,0,1,0,0,0,0,0,0,0,0,0,0,0,0,0,0,0,0,0,0,0,0,0,0,0,rc 0 0 0 0,,ERROR,0,-1,-1
E-STATE-CLI-001,telemetry-cli-diagnostic,Telemetry continuity without GUI,STATE_WATCH,279,2,0,0,0,0,0,0,,,ERROR,,,,2,2,0,0,0,10.27,10.27,57,97,97,0,0,0,0,0,OK,100,0,0,0,0,0,0,0,0,0,0,0,0,-1,0,-1,0,0,0,0,0,0,NO_DATA,0,0,0,0,0,0,0,0,0,0,0,0,0,0,0,0,0,0,0,0,0,0,0,OK,0,,0,NONE,,,CONNECTED,0,,0,0,0,0,0,0,0,1,0,0,0,0,0,0,0,0,0,0,0,0,0,0,0,0,0,0,0,0,0,0,0,rc 0 0 0 0,,ERROR,0,-1,-1
E-STATE-CLI-001,telemetry-cli-diagnostic,Telemetry continuity without GUI,STATE_WATCH,529,3,0,0,0,0,0,0,,,ERROR,,,,5,5,0,0,0,10.2629,10.2673,15,97,97,0,0,0,0,0,OK,100,0,0,0,0,0,0,0,0,0,0,0,0,-1,0,-1,0,0,0,0,0,0,NO_DATA,0,0,0,0,0,0,0,0,0,0,0,0,0,0,0,0,0,0,0,0,0,0,0,OK,0,,0,NONE,,,CONNECTED,0,,0,0,0,0,0,0,0,1,0,0,0,0,0,0,0,0,0,0,0,0,0,0,0,0,0,0,0,0,0,0,0,rc 0 0 0 0,,ERROR,0,-1,-1
E-STATE-CLI-001,telemetry-cli-diagnostic,Telemetry continuity without GUI,STATE_WATCH,780,4,0,0,0,0,0,0,,,ERROR,,,,7,7,0,0,0,10.2569,10.2644,71,97,97,0,0,0,0,0,OK,100,0,0,0,0,0,0,0,0,0,0,0,0,-1,0,-1,0,0,0,0,0,0,NO_DATA,0,0,0,0,0,0,0,0,0,0,0,0,0,0,0,0,0,0,0,0,0,0,0,OK,0,,0,NONE,,,CONNECTED,0,,0,0,0,0,0,0,0,1,0,0,0,0,0,0,0,0,0,0,0,0,0,0,0,0,0,0,0,0,0,0,0,rc 0 0 0 0,,ERROR,0,-1,-1
E-STATE-CLI-001,telemetry-cli-diagnostic,Telemetry continuity without GUI,STATE_WATCH,1030,5,0,0,0,0,0,0,,,ERROR,,,,10,10,0,0,0,10.3053,10.2648,28,97,97,0,0,0,0,0,OK,100,0,0,0,0,0,0,0,0,0,0,0,0,-1,0,-1,0,0,0,0,0,0,NO_DATA,0,0,0,0,0,0,0,0,0,0,0,0,0,0,0,0,0,0,0,0,0,0,0,OK,0,,0,NONE,,,CONNECTED,0,,0,0,0,0,0,0,0,1,0,0,0,0,0,0,0,0,0,0,0,0,0,0,0,0,0,0,0,0,0,0,0,rc 0 0 0 0,,ERROR,0,-1,-1
E-STATE-CLI-001,telemetry-cli-diagnostic,Telemetry continuity without GUI,STATE_WATCH,1280,6,0,0,0,0,0,0,,,ERROR,,,,12,12,0,0,0,10.2595,10.2643,84,97,97,0,0,0,0,0,OK,100,0,0,0,0,0,0,0,0,0,0,0,0,-1,0,-1,0,0,0,0,0,0,NO_DATA,0,0,0,0,0,0,0,0,0,0,0,0,0,0,0,0,0,0,0,0,0,0,0,OK,0,,0,NONE,,,CONNECTED,0,,0,0,0,0,0,0,0,1,0,0,0,0,0,0,0,0,0,0,0,0,0,0,0,0,0,0,0,0,0,0,0,rc 0 0 0 0,,ERROR,0,-1,-1
E-STATE-CLI-001,telemetry-cli-diagnostic,Telemetry continuity without GUI,STATE_WATCH,1530,7,0,0,0,0,0,0,,,ERROR,,,,15,15,0,0,0,10.2299,10.2568,41,97,97,0,0,0,0,0,OK,100,0,0,0,0,0,0,0,0,0,0,0,0,-1,0,-1,0,0,0,0,0,0,NO_DATA,0,0,0,0,0,0,0,0,0,0,0,0,0,0,0,0,0,0,0,0,0,0,0,OK,0,,0,NONE,,,CONNECTED,0,,0,0,0,0,0,0,0,1,0,0,0,0,0,0,0,0,0,0,0,0,0,0,0,0,0,0,0,0,0,0,0,rc 0 0 0 0,,ERROR,0,-1,-1
E-STATE-CLI-001,telemetry-cli-diagnostic,Telemetry continuity without GUI,STATE_WATCH,1780,8,0,0,0,0,0,0,,,ERROR,,,,17,17,0,0,0,10.5726,10.2784,97,94,100,0,0,0,0,0,OK,100,0,0,0,0,0,0,0,0,0,0,0,0,-1,0,-1,0,0,0,0,0,0,NO_DATA,0,0,0,0,0,0,0,0,0,0,0,0,0,0,0,0,0,0,0,0,0,0,0,OK,0,,0,NONE,,,CONNECTED,0,,0,0,0,0,0,0,0,1,0,0,0,0,0,0,0,0,0,0,0,0,0,0,0,0,0,0,0,0,0,0,0,rc 0 0 0 0,,ERROR,0,-1,-1
E-STATE-CLI-001,telemetry-cli-diagnostic,Telemetry continuity without GUI,STATE_WATCH,2031,9,0,0,0,0,0,0,,,ERROR,,,,20,20,0,0,0,10.2644,10.2716,55,97,100,0,0,0,0,0,OK,100,0,0,0,0,0,0,0,0,0,0,0,0,-1,0,-1,0,0,0,0,0,0,NO_DATA,0,0,0,0,0,0,0,0,0,0,0,0,0,0,0,0,0,0,0,0,0,0,0,OK,0,,0,NONE,,,CONNECTED,0,,0,0,0,0,0,0,0,1,0,0,0,0,0,0,0,0,0,0,0,0,0,0,0,0,0,0,0,0,0,0,0,rc 0 0 0 0,,ERROR,0,-1,-1
E-STATE-CLI-001,telemetry-cli-diagnostic,Telemetry continuity without GUI,STATE_WATCH,2281,10,0,0,0,0,0,0,,,ERROR,,,,23,23,0,0,0,10.4335,10.2748,13,95,100,0,0,0,0,0,OK,100,0,0,0,0,0,0,0,0,0,0,0,0,-1,0,-1,0,0,0,0,0,0,NO_DATA,0,0,0,0,0,0,0,0,0,0,0,0,0,0,0,0,0,0,0,0,0,0,0,OK,0,,0,NONE,,,CONNECTED,0,,0,0,0,0,0,0,0,1,0,0,0,0,0,0,0,0,0,0,0,0,0,0,0,0,0,0,0,0,0,0,0,rc 0 0 0 0,,ERROR,0,-1,-1
E-STATE-CLI-001,telemetry-cli-diagnostic,Telemetry continuity without GUI,STATE_WATCH,2531,11,0,0,0,0,0,0,,,ERROR,,,,26,26,0,0,0,10.2555,11.5802,19,97,100,0,0,0,0,0,OK,100,0,0,0,0,0,0,0,0,0,0,0,0,-1,0,-1,0,0,0,0,0,0,NO_DATA,0,0,0,0,0,0,0,0,0,0,0,0,0,0,0,0,0,0,0,0,0,0,0,OK,0,,0,NONE,,,CONNECTED,0,,0,0,0,0,0,0,0,1,0,0,0,0,0,0,0,0,0,0,0,0,0,0,0,0,0,0,0,0,0,0,0,rc 0 0 0 0,,ERROR,0,-1,-1
E-STATE-CLI-001,telemetry-cli-diagnostic,Telemetry continuity without GUI,STATE_WATCH,2781,12,0,0,0,0,0,0,,,ERROR,,,,28,28,0,0,0,10.2631,11.1068,74,97,100,0,0,0,0,0,OK,100,0,0,0,0,0,0,0,0,0,0,0,0,-1,0,-1,0,0,0,0,0,0,NO_DATA,0,0,0,0,0,0,0,0,0,0,0,0,0,0,0,0,0,0,0,0,0,0,0,OK,0,,0,NONE,,,CONNECTED,0,,0,0,0,0,0,0,0,1,0,0,0,0,0,0,0,0,0,0,0,0,0,0,0,0,0,0,0,0,0,0,0,rc 0 0 0 0,,ERROR,0,-1,-1
E-STATE-CLI-001,telemetry-cli-diagnostic,Telemetry continuity without GUI,STATE_WATCH,3031,13,0,0,0,0,0,0,,,ERROR,,,,31,31,0,0,0,10.2526,10.6928,32,97,100,0,0,0,0,0,OK,100,0,0,0,0,0,0,0,0,0,0,0,0,-1,0,-1,0,0,0,0,0,0,NO_DATA,0,0,0,0,0,0,0,0,0,0,0,0,0,0,0,0,0,0,0,0,0,0,0,OK,0,,0,NONE,,,CONNECTED,0,,0,0,0,0,0,0,0,1,0,0,0,0,0,0,0,0,0,0,0,0,0,0,0,0,0,0,0,0,0,0,0,rc 0 0 0 0,,ERROR,0,-1,-1
E-STATE-CLI-001,telemetry-cli-diagnostic,Telemetry continuity without GUI,STATE_WATCH,3281,14,0,0,0,0,0,0,,,ERROR,,,,33,33,0,0,0,10.2597,10.5382,87,97,100,0,0,0,0,0,OK,100,0,0,0,0,0,0,0,0,0,0,0,0,-1,0,-1,0,0,0,0,0,0,NO_DATA,0,0,0,0,0,0,0,0,0,0,0,0,0,0,0,0,0,0,0,0,0,0,0,OK,0,,0,NONE,,,CONNECTED,0,,0,0,0,0,0,0,0,1,0,0,0,0,0,0,0,0,0,0,0,0,0,0,0,0,0,0,0,0,0,0,0,rc 0 0 0 0,,ERROR,0,-1,-1
E-STATE-CLI-001,telemetry-cli-diagnostic,Telemetry continuity without GUI,STATE_WATCH,3532,15,0,0,0,0,0,0,,,ERROR,,,,36,36,0,0,0,10.0573,10.3819,43,99,101,0,0,0,0,0,OK,100,0,0,0,0,0,0,0,0,0,0,0,0,-1,0,-1,0,0,0,0,0,0,NO_DATA,0,0,0,0,0,0,0,0,0,0,0,0,0,0,0,0,0,0,0,0,0,0,0,OK,0,,0,NONE,,,CONNECTED,0,,0,0,0,0,0,0,0,1,0,0,0,0,0,0,0,0,0,0,0,0,0,0,0,0,0,0,0,0,0,0,0,rc 0 0 0 0,,ERROR,0,-1,-1
E-STATE-CLI-001,telemetry-cli-diagnostic,Telemetry continuity without GUI,STATE_WATCH,3782,16,0,0,0,0,0,0,,,ERROR,,,,39,39,0,0,0,10.2631,10.3526,3,97,101,0,0,0,0,0,OK,100,0,0,0,0,0,0,0,0,0,0,0,0,-1,0,-1,0,0,0,0,0,0,NO_DATA,0,0,0,0,0,0,0,0,0,0,0,0,0,0,0,0,0,0,0,0,0,0,0,OK,0,,0,NONE,,,CONNECTED,0,,0,0,0,0,0,0,0,1,0,0,0,0,0,0,0,0,0,0,0,0,0,0,0,0,0,0,0,0,0,0,0,rc 0 0 0 0,,ERROR,0,-1,-1
E-STATE-CLI-001,telemetry-cli-diagnostic,Telemetry continuity without GUI,STATE_WATCH,4032,17,0,0,0,0,0,0,,,ERROR,,,,41,41,0,0,0,10.4519,10.327,58,95,101,0,0,0,0,0,OK,100,0,0,0,0,0,0,0,0,0,0,0,0,-1,0,-1,0,0,0,0,0,0,NO_DATA,0,0,0,0,0,0,0,0,0,0,0,0,0,0,0,0,0,0,0,0,0,0,0,OK,0,,0,NONE,,,CONNECTED,0,,0,0,0,0,0,0,0,1,0,0,0,0,0,0,0,0,0,0,0,0,0,0,0,0,0,0,0,0,0,0,0,rc 0 0 0 0,,ERROR,0,-1,-1
E-STATE-CLI-001,telemetry-cli-diagnostic,Telemetry continuity without GUI,STATE_WATCH,4282,18,0,0,0,0,0,0,,,ERROR,,,,44,44,0,0,0,10.1636,10.2343,13,98,101,0,0,0,0,0,OK,100,0,0,0,0,0,0,0,0,0,0,0,0,-1,0,-1,0,0,0,0,0,0,NO_DATA,0,0,0,0,0,0,0,0,0,0,0,0,0,0,0,0,0,0,0,0,0,0,0,OK,0,,0,NONE,,,CONNECTED,0,,0,0,0,0,0,0,0,1,0,0,0,0,0,0,0,0,0,0,0,0,0,0,0,0,0,0,0,0,0,0,0,rc 0 0 0 0,,ERROR,0,-1,-1
E-STATE-CLI-001,telemetry-cli-diagnostic,Telemetry continuity without GUI,STATE_WATCH,4532,19,0,0,0,0,0,0,,,ERROR,,,,46,46,0,0,0,10.2645,10.3066,72,97,101,0,0,0,0,0,OK,100,0,0,0,0,0,0,0,0,0,0,0,0,-1,0,-1,0,0,0,0,0,0,NO_DATA,0,0,0,0,0,0,0,0,0,0,0,0,0,0,0,0,0,0,0,0,0,0,0,OK,0,,0,NONE,,,CONNECTED,0,,0,0,0,0,0,0,0,1,0,0,0,0,0,0,0,0,0,0,0,0,0,0,0,0,0,0,0,0,0,0,0,rc 0 0 0 0,,ERROR,0,-1,-1
E-STATE-CLI-001,telemetry-cli-diagnostic,Telemetry continuity without GUI,STATE_WATCH,4782,20,0,0,0,0,0,0,,,ERROR,,,,49,49,0,0,0,10.2614,10.285,29,97,101,0,0,0,0,0,OK,100,0,0,0,0,0,0,0,0,0,0,0,0,-1,0,-1,0,0,0,0,0,0,NO_DATA,0,0,0,0,0,0,0,0,0,0,0,0,0,0,0,0,0,0,0,0,0,0,0,OK,0,,0,NONE,,,CONNECTED,0,,0,0,0,0,0,0,0,1,0,0,0,0,0,0,0,0,0,0,0,0,0,0,0,0,0,0,0,0,0,0,0,rc 0 0 0 0,,ERROR,0,-1,-1
E-STATE-CLI-001,telemetry-cli-diagnostic,Telemetry continuity without GUI,STATE_WATCH,5032,21,0,0,0,0,0,0,,,ERROR,,,,52,52,0,0,0,10.4322,11.5923,36,95,101,0,0,0,0,0,OK,100,0,0,0,0,0,0,0,0,0,0,0,0,-1,0,-1,0,0,0,0,0,0,NO_DATA,0,0,0,0,0,0,0,0,0,0,0,0,0,0,0,0,0,0,0,0,0,0,0,OK,0,,0,NONE,,,CONNECTED,0,,0,0,0,0,0,0,0,1,0,0,0,0,0,0,0,0,0,0,0,0,0,0,0,0,0,0,1,1,0,0,0,rc 0 0 0 0,ok,OK,0,4,4
E-STATE-CLI-001,telemetry-cli-diagnostic,Telemetry continuity without GUI,STATE_WATCH,5283,22,0,0,0,0,0,0,,,ERROR,,,,54,54,0,0,0,10.1924,11.1013,90,98,101,0,0,0,0,0,OK,100,0,0,0,0,0,0,0,0,0,0,0,0,-1,0,-1,0,0,0,0,0,0,NO_DATA,0,0,0,0,0,0,0,0,0,0,0,0,0,0,0,0,0,0,0,0,0,0,0,OK,0,,0,NONE,,,CONNECTED,0,,0,0,0,0,0,0,0,1,0,0,0,0,0,0,0,0,0,0,0,0,0,0,0,0,0,0,1,1,0,0,0,rc 0 0 0 0,ok,OK,0,254,254
E-STATE-CLI-001,telemetry-cli-diagnostic,Telemetry continuity without GUI,STATE_WATCH,5533,23,0,0,0,0,0,0,,,ERROR,,,,57,57,0,0,0,10.8944,10.9492,62,91,101,0,0,0,0,0,OK,100,0,0,0,0,0,0,0,0,0,0,0,0,-1,0,-1,0,0,0,0,0,0,NO_DATA,0,0,0,0,0,0,0,0,0,0,0,0,0,0,0,0,0,0,0,0,0,0,0,OK,0,,0,NONE,,,CONNECTED,0,,0,0,0,0,0,0,0,1,0,0,0,0,0,0,0,0,0,0,0,0,0,0,0,0,0,0,1,1,0,0,0,rc 0 0 0 0,ok,OK,0,504,504
E-STATE-CLI-001,telemetry-cli-diagnostic,Telemetry continuity without GUI,STATE_WATCH,5783,24,0,0,0,0,0,0,,,ERROR,,,,60,60,0,0,0,10.9738,10.9253,36,91,101,0,0,0,0,0,OK,100,0,0,0,0,0,0,0,0,0,0,0,0,-1,0,-1,0,0,0,0,0,0,NO_DATA,0,0,0,0,0,0,0,0,0,0,0,0,0,0,0,0,0,0,0,0,0,0,0,OK,0,,0,NONE,,,CONNECTED,0,,0,0,0,0,0,0,0,1,0,0,0,0,0,0,0,0,0,0,0,0,0,0,0,0,0,0,1,1,0,0,0,rc 0 0 0 0,ok,OK,0,755,755
E-STATE-CLI-001,telemetry-cli-diagnostic,Telemetry continuity without GUI,STATE_WATCH,6033,25,0,0,0,0,0,0,,,ERROR,,,,63,63,0,0,0,10.867,10.9052,11,92,101,0,0,0,0,0,OK,100,0,0,0,0,0,0,0,0,0,0,0,0,-1,0,-1,0,0,0,0,0,0,NO_DATA,0,0,0,0,0,0,0,0,0,0,0,0,0,0,0,0,0,0,0,0,0,0,0,OK,0,,0,NONE,,,CONNECTED,0,,0,0,0,0,0,0,0,1,0,0,0,0,0,0,0,0,0,0,0,0,0,0,0,0,0,0,1,1,0,0,0,rc 0 0 0 0,ok,OK,0,1005,1005
E-STATE-CLI-001,telemetry-cli-diagnostic,Telemetry continuity without GUI,STATE_WATCH,6283,26,0,0,0,0,0,0,,,ERROR,,,,65,65,0,0,0,10.7669,10.8761,76,92,101,0,0,0,0,0,OK,100,0,0,0,0,0,0,0,0,0,0,0,0,-1,0,-1,0,0,0,0,0,0,NO_DATA,0,0,0,0,0,0,0,0,0,0,0,0,0,0,0,0,0,0,0,0,0,0,0,OK,0,,0,NONE,,,CONNECTED,0,,0,0,0,0,0,0,0,1,0,0,0,0,0,0,0,0,0,0,0,0,0,0,0,0,0,0,1,1,0,0,0,rc 0 0 0 0,ok,OK,0,1255,1255
E-STATE-CLI-001,telemetry-cli-diagnostic,Telemetry continuity without GUI,STATE_WATCH,6533,27,0,0,0,0,0,0,,,ERROR,,,,68,68,0,0,0,10.9191,10.9059,52,91,101,0,0,0,0,0,OK,100,0,0,0,0,0,0,0,0,0,0,0,0,-1,0,-1,0,0,0,0,0,0,NO_DATA,0,0,0,0,0,0,0,0,0,0,0,0,0,0,0,0,0,0,0,0,0,0,0,OK,0,,0,NONE,,,CONNECTED,0,,0,0,0,0,0,0,0,1,0,0,0,0,0,0,0,0,0,0,0,0,0,0,0,0,0,0,1,1,0,0,0,rc 0 0 0 0,ok,OK,0,1505,1505
E-STATE-CLI-001,telemetry-cli-diagnostic,Telemetry continuity without GUI,STATE_WATCH,6784,28,0,0,0,0,0,0,,,ERROR,,,,71,71,0,0,0,10.9303,10.9044,27,91,101,0,0,0,0,0,OK,100,0,0,0,0,0,0,0,0,0,0,0,0,-1,0,-1,0,0,0,0,0,0,NO_DATA,0,0,0,0,0,0,0,0,0,0,0,0,0,0,0,0,0,0,0,0,0,0,0,OK,0,,0,NONE,,,CONNECTED,0,,0,0,0,0,0,0,0,1,0,0,0,0,0,0,0,0,0,0,0,0,0,0,0,0,0,0,1,1,0,0,0,rc 0 0 0 0,ok,OK,0,1755,1755
E-STATE-CLI-001,telemetry-cli-diagnostic,Telemetry continuity without GUI,STATE_WATCH,7034,29,0,0,0,0,0,0,,,ERROR,,,,74,74,0,0,0,10.932,10.9005,2,91,101,0,0,0,0,0,OK,100,0,0,0,0,0,0,0,0,0,0,0,0,-1,0,-1,0,0,0,0,0,0,NO_DATA,0,0,0,0,0,0,0,0,0,0,0,0,0,0,0,0,0,0,0,0,0,0,0,OK,0,,0,NONE,,,CONNECTED,0,,0,0,0,0,0,0,0,1,0,0,0,0,0,0,0,0,0,0,0,0,0,0,0,0,0,0,1,1,0,0,0,rc 0 0 0 0,ok,OK,0,2005,2005
E-STATE-CLI-001,telemetry-cli-diagnostic,Telemetry continuity without GUI,STATE_WATCH,7284,30,0,0,0,0,0,0,,,ERROR,,,,77,77,0,0,0,10.8954,12.2909,23,91,101,0,0,0,0,0,OK,100,0,0,0,0,0,0,0,0,0,0,0,0,-1,0,-1,0,0,0,0,0,0,NO_DATA,0,0,0,0,0,0,0,0,0,0,0,0,0,0,0,0,0,0,0,0,0,0,0,OK,0,,0,NONE,,,CONNECTED,0,,0,0,0,0,0,0,0,1,0,0,0,0,0,0,0,0,0,0,0,0,0,0,0,0,0,0,1,1,0,0,0,rc 0 0 0 0,ok,OK,0,2256,2256
E-STATE-CLI-001,telemetry-cli-diagnostic,Telemetry continuity without GUI,STATE_WATCH,7534,31,0,0,0,0,0,0,,,ERROR,,,,79,79,0,0,0,11.0211,11.792,89,90,101,0,0,0,0,0,OK,100,0,0,0,0,0,0,0,0,0,0,0,0,-1,0,-1,0,0,0,0,0,0,NO_DATA,0,0,0,0,0,0,0,0,0,0,0,0,0,0,0,0,0,0,0,0,0,0,0,OK,0,,0,NONE,,,CONNECTED,0,,0,0,0,0,0,0,0,1,0,0,0,0,0,0,0,0,0,0,0,0,0,0,0,0,0,0,1,1,0,0,0,rc 0 0 0 0,ok,OK,0,2506,2506
E-STATE-CLI-001,telemetry-cli-diagnostic,Telemetry continuity without GUI,STATE_WATCH,7784,32,0,0,0,0,0,0,,,ERROR,,,,82,82,0,0,0,10.6949,11.3153,62,93,101,0,0,0,0,0,OK,100,0,0,0,0,0,0,0,0,0,0,0,0,-1,0,-1,0,0,0,0,0,0,NO_DATA,0,0,0,0,0,0,0,0,0,0,0,0,0,0,0,0,0,0,0,0,0,0,0,OK,0,,0,NONE,,,CONNECTED,0,,0,0,0,0,0,0,0,1,0,0,0,0,0,0,0,0,0,0,0,0,0,0,0,0,0,0,1,1,0,0,0,rc 0 0 0 0,ok,OK,0,2756,2756
E-STATE-CLI-001,telemetry-cli-diagnostic,Telemetry continuity without GUI,STATE_WATCH,8034,33,0,0,0,0,0,0,,,ERROR,,,,85,85,0,0,0,11.1654,11.1496,39,89,101,0,0,0,0,0,OK,100,0,0,0,0,0,0,0,0,0,0,0,0,-1,0,-1,0,0,0,0,0,0,NO_DATA,0,0,0,0,0,0,0,0,0,0,0,0,0,0,0,0,0,0,0,0,0,0,0,OK,0,,0,NONE,,,CONNECTED,0,,0,0,0,0,0,0,0,1,0,0,0,0,0,0,0,0,0,0,0,0,0,0,0,0,0,0,1,1,0,0,0,rc 0 0 0 0,ok,OK,0,3006,3006
E-STATE-CLI-001,telemetry-cli-diagnostic,Telemetry continuity without GUI,STATE_WATCH,8284,34,0,0,0,0,0,0,,,ERROR,,,,88,88,0,0,0,10.8993,11.0202,13,91,101,0,0,0,0,0,OK,100,0,0,0,0,0,0,0,0,0,0,0,0,-1,0,-1,0,0,0,0,0,0,NO_DATA,0,0,0,0,0,0,0,0,0,0,0,0,0,0,0,0,0,0,0,0,0,0,0,OK,0,,0,NONE,,,CONNECTED,0,,0,0,0,0,0,0,0,1,0,0,0,0,0,0,0,0,0,0,0,0,0,0,0,0,0,0,1,1,0,0,0,rc 0 0 0 0,ok,OK,0,3256,3256
E-STATE-CLI-001,telemetry-cli-diagnostic,Telemetry continuity without GUI,STATE_WATCH,8535,35,0,0,0,0,0,0,,,ERROR,,,,90,90,0,0,0,10.8946,10.9817,80,91,101,0,0,0,0,0,OK,100,0,0,0,0,0,0,0,0,0,0,0,0,-1,0,-1,0,0,0,0,0,0,NO_DATA,0,0,0,0,0,0,0,0,0,0,0,0,0,0,0,0,0,0,0,0,0,0,0,OK,0,,0,NONE,,,CONNECTED,0,,0,0,0,0,0,0,0,1,0,0,0,0,0,0,0,0,0,0,0,0,0,0,0,0,0,0,1,1,0,0,0,rc 0 0 0 0,ok,OK,0,3506,3506
E-STATE-CLI-001,telemetry-cli-diagnostic,Telemetry continuity without GUI,STATE_WATCH,8785,36,0,0,0,0,0,0,,,ERROR,,,,93,93,0,0,0,10.8993,10.9394,55,91,101,0,0,0,0,0,OK,100,0,0,0,0,0,0,0,0,0,0,0,0,-1,0,-1,0,0,0,0,0,0,NO_DATA,0,0,0,0,0,0,0,0,0,0,0,0,0,0,0,0,0,0,0,0,0,0,0,OK,0,,0,NONE,,,CONNECTED,0,,0,0,0,0,0,0,0,1,0,0,0,0,0,0,0,0,0,0,0,0,0,0,0,0,0,0,1,1,0,0,0,rc 0 0 0 0,ok,OK,0,3756,3756
E-STATE-CLI-001,telemetry-cli-diagnostic,Telemetry continuity without GUI,STATE_WATCH,9035,37,0,0,0,0,0,0,,,ERROR,,,,96,96,0,0,0,10.6519,10.8662,28,93,101,0,0,0,0,0,OK,100,0,0,0,0,0,0,0,0,0,0,0,0,-1,0,-1,0,0,0,0,0,0,NO_DATA,0,0,0,0,0,0,0,0,0,0,0,0,0,0,0,0,0,0,0,0,0,0,0,OK,0,,0,NONE,,,CONNECTED,0,,0,0,0,0,0,0,0,1,0,0,0,0,0,0,0,0,0,0,0,0,0,0,0,0,0,0,1,1,0,0,0,rc 0 0 0 0,ok,OK,0,4007,4007
E-STATE-CLI-001,telemetry-cli-diagnostic,Telemetry continuity without GUI,STATE_WATCH,9285,38,0,0,0,0,0,0,,,ERROR,,,,99,99,0,0,0,10.7259,10.8817,3,93,101,0,0,0,0,0,OK,100,0,0,0,0,0,0,0,0,0,0,0,0,-1,0,-1,0,0,0,0,0,0,NO_DATA,0,0,0,0,0,0,0,0,0,0,0,0,0,0,0,0,0,0,0,0,0,0,0,OK,0,,0,NONE,,,CONNECTED,0,,0,0,0,0,0,0,0,1,0,0,0,0,0,0,0,0,0,0,0,0,0,0,0,0,0,0,1,1,0,0,0,rc 0 0 0 0,ok,OK,0,4257,4257
E-STATE-CLI-001,telemetry-cli-diagnostic,Telemetry continuity without GUI,STATE_WATCH,9535,39,0,0,0,0,0,0,,,ERROR,,,,102,102,0,0,0,10.5369,12.5879,22,94,101,0,0,0,0,0,OK,100,0,0,0,0,0,0,0,0,0,0,0,0,-1,0,-1,0,0,0,0,0,0,NO_DATA,0,0,0,0,0,0,0,0,0,0,0,0,0,0,0,0,0,0,0,0,0,0,0,OK,0,,0,NONE,,,CONNECTED,0,,0,0,0,0,0,0,0,1,0,0,0,0,0,0,0,0,0,0,0,0,0,0,0,0,0,0,1,1,0,0,0,rc 0 0 0 0,ok,OK,0,4507,4507
E-STATE-CLI-001,telemetry-cli-diagnostic,Telemetry continuity without GUI,STATE_WATCH,9785,40,0,0,0,0,0,0,,,ERROR,,,,104,104,0,0,0,10.8847,12.0365,92,91,101,0,0,0,0,0,OK,100,0,0,0,0,0,0,0,0,0,0,0,0,-1,0,-1,0,0,0,0,0,0,NO_DATA,0,0,0,0,0,0,0,0,0,0,0,0,0,0,0,0,0,0,0,0,0,0,0,OK,0,,0,NONE,,,CONNECTED,0,,0,0,0,0,0,0,0,1,0,0,0,0,0,0,0,0,0,0,0,0,0,0,0,0,0,0,1,1,0,0,0,rc 0 0 0 0,ok,OK,0,4757,4757
E-STATE-CLI-001,telemetry-cli-diagnostic,Telemetry continuity without GUI,STATE_WATCH,12422,41,0,0,0,0,0,0,,,ERROR,,,,107,107,0,0,0,10.9168,11.4947,67,91,101,0,0,0,0,0,OK,100,0,0,0,0,0,0,0,0,0,0,0,0,-1,0,-1,0,0,0,0,0,0,NO_DATA,0,0,0,0,0,0,0,0,0,0,0,0,0,0,0,0,0,0,0,0,0,0,0,OK,0,,0,LOST,,,RECOVERING,0,,0,0,0,0,0,0,0,1,0,0,0,0,0,0,0,0,0,0,0,0,0,0,0,0,0,0,2,1,1,0,0,rc 0 0 0 0,,TIMEOUT,2393,7394,0
E-STATE-CLI-001,telemetry-cli-diagnostic,Telemetry continuity without GUI,STATE_WATCH,12672,42,0,0,0,0,0,0,,,ERROR,,,,135,135,0,0,0,10.3327,10.6139,42,96,102,0,0,0,0,0,OK,100,0,0,0,0,0,0,0,0,0,0,0,0,-1,0,-1,0,0,0,0,0,0,NO_DATA,0,0,0,0,0,0,0,0,0,0,0,0,0,0,0,0,0,0,0,0,0,0,0,OK,0,,0,NONE,,,RECOVERING,0,,0,0,0,0,0,0,0,1,0,0,0,0,0,0,0,0,0,0,0,0,0,0,0,0,0,0,2,1,1,0,0,rc 0 0 0 0,,TIMEOUT,2393,7644,250
E-STATE-CLI-001,telemetry-cli-diagnostic,Telemetry continuity without GUI,STATE_WATCH,12922,43,0,0,0,0,0,0,,,ERROR,,,,138,138,0,0,0,10.4654,10.4823,1,95,102,0,0,0,0,0,OK,100,0,0,0,0,0,0,0,0,0,0,0,0,-1,0,-1,0,0,0,0,0,0,NO_DATA,0,0,0,0,0,0,0,0,0,0,0,0,0,0,0,0,0,0,0,0,0,0,0,OK,0,,0,NONE,,,RECOVERING,0,,0,0,0,0,0,0,0,1,0,0,0,0,0,0,0,0,0,0,0,0,0,0,0,0,0,0,2,1,1,0,0,rc 0 0 0 0,,TIMEOUT,2393,7894,500
E-STATE-CLI-001,telemetry-cli-diagnostic,Telemetry continuity without GUI,STATE_WATCH,13172,44,0,0,0,0,0,0,,,ERROR,,,,140,140,0,0,0,10.3857,10.4264,58,96,102,0,0,0,0,0,OK,100,0,0,0,0,0,0,0,0,0,0,0,0,-1,0,-1,0,0,0,0,0,0,NO_DATA,0,0,0,0,0,0,0,0,0,0,0,0,0,0,0,0,0,0,0,0,0,0,0,OK,0,,0,NONE,,,RECOVERING,0,,0,0,0,0,0,0,0,1,0,0,0,0,0,0,0,0,0,0,0,0,0,0,0,0,0,0,2,1,1,0,0,rc 0 0 0 0,,TIMEOUT,2393,8144,750
E-STATE-CLI-001,telemetry-cli-diagnostic,Telemetry continuity without GUI,STATE_WATCH,13423,45,0,0,0,0,0,0,,,ERROR,,,,143,143,0,0,0,10.3174,10.3833,18,96,102,0,0,0,0,0,OK,100,0,0,0,0,0,0,0,0,0,0,0,0,-1,0,-1,0,0,0,0,0,0,NO_DATA,0,0,0,0,0,0,0,0,0,0,0,0,0,0,0,0,0,0,0,0,0,0,0,OK,0,,0,NONE,,,RECOVERING,0,,0,0,0,0,0,0,0,1,0,0,0,0,0,0,0,0,0,0,0,0,0,0,0,0,0,0,2,1,1,0,0,rc 0 0 0 0,,TIMEOUT,2393,8394,1000
E-STATE-CLI-001,telemetry-cli-diagnostic,Telemetry continuity without GUI,STATE_WATCH,13673,46,0,0,0,0,0,0,,,ERROR,,,,145,145,0,0,0,10.3871,10.3755,75,96,102,0,0,0,0,0,OK,100,0,0,0,0,0,0,0,0,0,0,0,0,-1,0,-1,0,0,0,0,0,0,NO_DATA,0,0,0,0,0,0,0,0,0,0,0,0,0,0,0,0,0,0,0,0,0,0,0,OK,0,,0,NONE,,,RECOVERING,0,,0,0,0,0,0,0,0,1,0,0,0,0,0,0,0,0,0,0,0,0,0,0,0,0,0,0,2,1,1,0,0,rc 0 0 0 0,,TIMEOUT,2393,8644,1250
E-STATE-CLI-001,telemetry-cli-diagnostic,Telemetry continuity without GUI,STATE_WATCH,13923,47,0,0,0,0,0,0,,,ERROR,,,,148,148,0,0,0,10.3593,10.3831,36,96,102,0,0,0,0,0,OK,100,0,0,0,0,0,0,0,0,0,0,0,0,-1,0,-1,0,0,0,0,0,0,NO_DATA,0,0,0,0,0,0,0,0,0,0,0,0,0,0,0,0,0,0,0,0,0,0,0,OK,0,,0,NONE,,,RECOVERING,0,,0,0,0,0,0,0,0,1,0,0,0,0,0,0,0,0,0,0,0,0,0,0,0,0,0,0,2,1,1,0,0,rc 0 0 0 0,,TIMEOUT,2393,8894,1500
E-STATE-CLI-001,telemetry-cli-diagnostic,Telemetry continuity without GUI,STATE_WATCH,14173,48,0,0,0,0,0,0,,,ERROR,,,,150,150,0,0,0,10.4777,10.3856,94,95,102,0,0,0,0,0,OK,100,0,0,0,0,0,0,0,0,0,0,0,0,-1,0,-1,0,0,0,0,0,0,NO_DATA,0,0,0,0,0,0,0,0,0,0,0,0,0,0,0,0,0,0,0,0,0,0,0,OK,0,,0,NONE,,,RECOVERING,0,,0,0,0,0,0,0,0,1,0,0,0,0,0,0,0,0,0,0,0,0,0,0,0,0,0,0,2,1,1,0,0,rc 0 0 0 0,,TIMEOUT,2393,9145,1751
E-STATE-CLI-001,telemetry-cli-diagnostic,Telemetry continuity without GUI,STATE_WATCH,14423,49,0,0,0,0,0,0,,,ERROR,,,,153,153,0,0,0,10.3215,10.3684,54,96,102,0,0,0,0,0,OK,100,0,0,0,0,0,0,0,0,0,0,0,0,-1,0,-1,0,0,0,0,0,0,NO_DATA,0,0,0,0,0,0,0,0,0,0,0,0,0,0,0,0,0,0,0,0,0,0,0,OK,0,,0,NONE,,,RECOVERING,0,,0,0,0,0,0,0,0,1,0,0,0,0,0,0,0,0,0,0,0,0,0,0,0,0,0,0,2,1,1,0,0,rc 0 0 0 0,,TIMEOUT,2393,9395,2001
E-STATE-CLI-001,telemetry-cli-diagnostic,Telemetry continuity without GUI,STATE_WATCH,14673,50,0,0,0,0,0,0,,,ERROR,,,,156,156,0,0,0,10.5078,10.3845,16,95,102,0,0,0,0,0,OK,100,0,0,0,0,0,0,0,0,0,0,0,0,-1,0,-1,0,0,0,0,0,0,NO_DATA,0,0,0,0,0,0,0,0,0,0,0,0,0,0,0,0,0,0,0,0,0,0,0,OK,0,,0,NONE,,,RECOVERING,0,,0,0,0,0,0,0,0,1,0,0,0,0,0,0,0,0,0,0,0,0,0,0,0,0,0,0,2,1,1,0,0,rc 0 0 0 0,,TIMEOUT,2393,9645,2251
E-STATE-CLI-001,telemetry-cli-diagnostic,Telemetry continuity without GUI,STATE_WATCH,14923,51,0,0,0,0,0,0,,,ERROR,,,,158,158,0,0,0,10.3846,10.3811,73,96,102,0,0,0,0,0,OK,100,0,0,0,0,0,0,0,0,0,0,0,0,-1,0,-1,0,0,0,0,0,0,NO_DATA,0,0,0,0,0,0,0,0,0,0,0,0,0,0,0,0,0,0,0,0,0,0,0,OK,0,,0,NONE,,,RECOVERING,0,,0,0,0,0,0,0,0,1,0,0,0,0,0,0,0,0,0,0,0,0,0,0,0,0,0,0,2,1,1,0,0,rc 0 0 0 0,,TIMEOUT,2393,9895,2501
E-STATE-CLI-001,telemetry-cli-diagnostic,Telemetry continuity without GUI,STATE_WATCH,15173,52,0,0,0,0,0,0,,,ERROR,,,,161,161,0,0,0,20.7264,12.4481,82,48,102,0,0,0,0,0,OK,100,0,0,0,0,0,0,0,0,0,0,0,0,-1,0,-1,0,0,0,0,0,0,NO_DATA,0,0,0,0,0,0,0,0,0,0,0,0,0,0,0,0,0,0,0,0,0,0,0,OK,0,,0,NONE,,,RECOVERING,0,,0,0,0,0,0,0,0,1,0,0,0,0,0,0,0,0,0,0,0,0,0,0,0,0,0,0,2,1,1,0,0,rc 0 0 0 0,,TIMEOUT,2393,10145,2751
E-STATE-CLI-001,telemetry-cli-diagnostic,Telemetry continuity without GUI,STATE_WATCH,15424,53,0,0,0,0,0,0,,,ERROR,,,,164,164,0,0,0,10.389,11.4372,43,96,102,0,0,0,0,0,OK,100,0,0,0,0,0,0,0,0,0,0,0,0,-1,0,-1,0,0,0,0,0,0,NO_DATA,0,0,0,0,0,0,0,0,0,0,0,0,0,0,0,0,0,0,0,0,0,0,0,OK,0,,0,NONE,,,RECOVERING,0,,0,0,0,0,0,0,0,1,0,0,0,0,0,0,0,0,0,0,0,0,0,0,0,0,0,0,2,1,1,0,0,rc 0 0 0 0,,TIMEOUT,2393,10395,3001
E-STATE-CLI-001,telemetry-cli-diagnostic,Telemetry continuity without GUI,STATE_WATCH,15674,54,0,0,0,0,0,0,,,ERROR,,,,167,167,0,0,0,10.3737,10.9182,4,96,102,0,0,0,0,0,OK,100,0,0,0,0,0,0,0,0,0,0,0,0,-1,0,-1,0,0,0,0,0,0,NO_DATA,0,0,0,0,0,0,0,0,0,0,0,0,0,0,0,0,0,0,0,0,0,0,0,OK,0,,0,NONE,,,RECOVERING,0,,0,0,0,0,0,0,0,1,0,0,0,0,0,0,0,0,0,0,0,0,0,0,0,0,0,0,2,1,1,0,0,rc 0 0 0 0,,TIMEOUT,2393,10645,3251
E-STATE-CLI-001,telemetry-cli-diagnostic,Telemetry continuity without GUI,STATE_WATCH,15924,55,0,0,0,0,0,0,,,ERROR,,,,169,169,0,0,0,10.3752,10.7229,61,96,102,0,0,0,0,0,OK,100,0,0,0,0,0,0,0,0,0,0,0,0,-1,0,-1,0,0,0,0,0,0,NO_DATA,0,0,0,0,0,0,0,0,0,0,0,0,0,0,0,0,0,0,0,0,0,0,0,OK,0,,0,NONE,,,RECOVERING,0,,0,0,0,0,0,0,0,1,0,0,0,0,0,0,0,0,0,0,0,0,0,0,0,0,0,0,2,1,1,0,0,rc 0 0 0 0,,TIMEOUT,2393,10896,3502
E-STATE-CLI-001,telemetry-cli-diagnostic,Telemetry continuity without GUI,STATE_WATCH,16174,56,0,0,0,0,0,0,,,ERROR,,,,172,172,0,0,0,10.3653,10.5513,22,96,102,0,0,0,0,0,OK,100,0,0,0,0,0,0,0,0,0,0,0,0,-1,0,-1,0,0,0,0,0,0,NO_DATA,0,0,0,0,0,0,0,0,0,0,0,0,0,0,0,0,0,0,0,0,0,0,0,OK,0,,0,NONE,,,RECOVERING,0,,0,0,0,0,0,0,0,1,0,0,0,0,0,0,0,0,0,0,0,0,0,0,0,0,0,0,2,1,1,0,0,rc 0 0 0 0,,TIMEOUT,2393,11146,3752
E-STATE-CLI-001,telemetry-cli-diagnostic,Telemetry continuity without GUI,STATE_WATCH,16424,57,0,0,0,0,0,0,,,ERROR,,,,174,174,0,0,0,10.3169,10.4771,79,96,102,0,0,0,0,0,OK,100,0,0,0,0,0,0,0,0,0,0,0,0,-1,0,-1,0,0,0,0,0,0,NO_DATA,0,0,0,0,0,0,0,0,0,0,0,0,0,0,0,0,0,0,0,0,0,0,0,OK,0,,0,NONE,,,RECOVERING,0,,0,0,0,0,0,0,0,1,0,0,0,0,0,0,0,0,0,0,0,0,0,0,0,0,0,0,2,1,1,0,0,rc 0 0 0 0,,TIMEOUT,2393,11396,4002
E-STATE-CLI-001,telemetry-cli-diagnostic,Telemetry continuity without GUI,STATE_WATCH,16674,58,0,0,0,0,0,0,,,ERROR,,,,177,177,0,0,0,10.3707,10.4323,41,96,102,0,0,0,0,0,OK,100,0,0,0,0,0,0,0,0,0,0,0,0,-1,0,-1,0,0,0,0,0,0,NO_DATA,0,0,0,0,0,0,0,0,0,0,0,0,0,0,0,0,0,0,0,0,0,0,0,OK,0,,0,NONE,,,RECOVERING,0,,0,0,0,0,0,0,0,1,0,0,0,0,0,0,0,0,0,0,0,0,0,0,0,0,0,0,2,1,1,0,0,rc 0 0 0 0,,TIMEOUT,2393,11646,4252
E-STATE-CLI-001,telemetry-cli-diagnostic,Telemetry continuity without GUI,STATE_WATCH,16925,59,0,0,0,0,0,0,,,ERROR,,,,180,180,0,0,0,10.3724,10.404,2,96,102,0,0,0,0,0,OK,100,0,0,0,0,0,0,0,0,0,0,0,0,-1,0,-1,0,0,0,0,0,0,NO_DATA,0,0,0,0,0,0,0,0,0,0,0,0,0,0,0,0,0,0,0,0,0,0,0,OK,0,,0,NONE,,,RECOVERING,0,,0,0,0,0,0,0,0,1,0,0,0,0,0,0,0,0,0,0,0,0,0,0,0,0,0,0,2,1,1,0,0,rc 0 0 0 0,,TIMEOUT,2393,11896,4502
E-STATE-CLI-001,telemetry-cli-diagnostic,Telemetry continuity without GUI,STATE_WATCH,17175,60,0,0,0,0,0,0,,,ERROR,,,,182,182,0,0,0,10.3619,10.3903,59,96,102,0,0,0,0,0,OK,100,0,0,0,0,0,0,0,0,0,0,0,0,-1,0,-1,0,0,0,0,0,0,NO_DATA,0,0,0,0,0,0,0,0,0,0,0,0,0,0,0,0,0,0,0,0,0,0,0,OK,0,,0,NONE,,,RECOVERING,0,,0,0,0,0,0,0,0,1,0,0,0,0,0,0,0,0,0,0,0,0,0,0,0,0,0,0,2,1,1,0,0,rc 0 0 0 0,,TIMEOUT,2393,12146,4752
E-STATE-CLI-001,telemetry-cli-diagnostic,Telemetry continuity without GUI,STATE_WATCH,19814,61,0,0,0,0,0,0,,,ERROR,,,,185,185,0,0,0,10.16,10.3421,18,98,102,0,0,0,0,0,OK,100,0,0,0,0,0,0,0,0,0,0,0,0,-1,0,-1,0,0,0,0,0,0,NO_DATA,0,0,0,0,0,0,0,0,0,0,0,0,0,0,0,0,0,0,0,0,0,0,0,OK,0,,0,NONE,,,RECOVERING,0,,0,0,0,0,0,0,0,1,0,0,0,0,0,0,0,0,0,0,0,0,0,0,0,0,0,0,3,1,2,0,0,rc 0 0 0 0,,TIMEOUT,2391,14786,0
E-STATE-CLI-001,telemetry-cli-diagnostic,Telemetry continuity without GUI,STATE_WATCH,20064,62,0,0,0,0,0,0,,,ERROR,,,,213,213,0,0,0,10.3816,10.4118,7,96,102,0,0,0,0,0,OK,100,0,0,0,0,0,0,0,0,0,0,0,0,-1,0,-1,0,0,0,0,0,0,NO_DATA,0,0,0,0,0,0,0,0,0,0,0,0,0,0,0,0,0,0,0,0,0,0,0,OK,0,,0,NONE,,,RECOVERING,0,,0,0,0,0,0,0,0,1,0,0,0,0,0,0,0,0,0,0,0,0,0,0,0,0,0,0,3,1,2,0,0,rc 0 0 0 0,,TIMEOUT,2391,15036,250
E-STATE-CLI-001,telemetry-cli-diagnostic,Telemetry continuity without GUI,STATE_WATCH,20314,63,0,0,0,0,0,0,,,ERROR,,,,215,215,0,0,0,10.5104,10.4034,65,95,102,0,0,0,0,0,OK,100,0,0,0,0,0,0,0,0,0,0,0,0,-1,0,-1,0,0,0,0,0,0,NO_DATA,0,0,0,0,0,0,0,0,0,0,0,0,0,0,0,0,0,0,0,0,0,0,0,OK,0,,0,NONE,,,RECOVERING,0,,0,0,0,0,0,0,0,1,0,0,0,0,0,0,0,0,0,0,0,0,0,0,0,0,0,0,3,1,2,0,0,rc 0 0 0 0,,TIMEOUT,2391,15286,500
E-STATE-CLI-001,telemetry-cli-diagnostic,Telemetry continuity without GUI,STATE_WATCH,20564,64,0,0,0,0,0,0,,,ERROR,,,,218,218,0,0,0,10.7523,10.4093,26,93,102,0,0,0,0,0,OK,100,0,0,0,0,0,0,0,0,0,0,0,0,-1,0,-1,0,0,0,0,0,0,NO_DATA,0,0,0,0,0,0,0,0,0,0,0,0,0,0,0,0,0,0,0,0,0,0,0,OK,0,,0,NONE,,,RECOVERING,0,,0,0,0,0,0,0,0,1,0,0,0,0,0,0,0,0,0,0,0,0,0,0,0,0,0,0,3,1,2,0,0,rc 0 0 0 0,,TIMEOUT,2391,15536,750
E-STATE-CLI-001,telemetry-cli-diagnostic,Telemetry continuity without GUI,STATE_WATCH,20815,65,0,0,0,0,0,0,,,ERROR,,,,220,220,0,0,0,10.3785,10.3957,83,96,102,0,0,0,0,0,OK,100,0,0,0,0,0,0,0,0,0,0,0,0,-1,0,-1,0,0,0,0,0,0,NO_DATA,0,0,0,0,0,0,0,0,0,0,0,0,0,0,0,0,0,0,0,0,0,0,0,OK,0,,0,NONE,,,RECOVERING,0,,0,0,0,0,0,0,0,1,0,0,0,0,0,0,0,0,0,0,0,0,0,0,0,0,0,0,3,1,2,0,0,rc 0 0 0 0,,TIMEOUT,2391,15786,1000
E-STATE-CLI-001,telemetry-cli-diagnostic,Telemetry continuity without GUI,STATE_WATCH,21065,66,0,0,0,0,0,0,,,ERROR,,,,223,223,0,0,0,10.3846,10.3855,44,96,102,0,0,0,0,0,OK,100,0,0,0,0,0,0,0,0,0,0,0,0,-1,0,-1,0,0,0,0,0,0,NO_DATA,0,0,0,0,0,0,0,0,0,0,0,0,0,0,0,0,0,0,0,0,0,0,0,OK,0,,0,NONE,,,RECOVERING,0,,0,0,0,0,0,0,0,1,0,0,0,0,0,0,0,0,0,0,0,0,0,0,0,0,0,0,3,1,2,0,0,rc 0 0 0 0,,TIMEOUT,2391,16036,1250
E-STATE-CLI-001,telemetry-cli-diagnostic,Telemetry continuity without GUI,STATE_WATCH,21315,67,0,0,0,0,0,0,,,ERROR,,,,226,226,0,0,0,10.4465,11.7123,53,95,102,0,0,0,0,0,OK,100,0,0,0,0,0,0,0,0,0,0,0,0,-1,0,-1,0,0,0,0,0,0,NO_DATA,0,0,0,0,0,0,0,0,0,0,0,0,0,0,0,0,0,0,0,0,0,0,0,OK,0,,0,NONE,,,RECOVERING,0,,0,0,0,0,0,0,0,1,0,0,0,0,0,0,0,0,0,0,0,0,0,0,0,0,0,0,3,1,2,0,0,rc 0 0 0 0,,TIMEOUT,2391,16287,1500
E-STATE-CLI-001,telemetry-cli-diagnostic,Telemetry continuity without GUI,STATE_WATCH,21565,68,0,0,0,0,0,0,,,ERROR,,,,229,229,0,0,0,10.3319,11.0381,13,96,102,0,0,0,0,0,OK,100,0,0,0,0,0,0,0,0,0,0,0,0,-1,0,-1,0,0,0,0,0,0,NO_DATA,0,0,0,0,0,0,0,0,0,0,0,0,0,0,0,0,0,0,0,0,0,0,0,OK,0,,0,NONE,,,RECOVERING,0,,0,0,0,0,0,0,0,1,0,0,0,0,0,0,0,0,0,0,0,0,0,0,0,0,0,0,3,1,2,0,0,rc 0 0 0 0,,TIMEOUT,2391,16537,1751
E-STATE-CLI-001,telemetry-cli-diagnostic,Telemetry continuity without GUI,STATE_WATCH,21815,69,0,0,0,0,0,0,,,ERROR,,,,231,231,0,0,0,10.3312,10.7842,69,96,102,0,0,0,0,0,OK,100,0,0,0,0,0,0,0,0,0,0,0,0,-1,0,-1,0,0,0,0,0,0,NO_DATA,0,0,0,0,0,0,0,0,0,0,0,0,0,0,0,0,0,0,0,0,0,0,0,OK,0,,0,NONE,,,RECOVERING,0,,0,0,0,0,0,0,0,1,0,0,0,0,0,0,0,0,0,0,0,0,0,0,0,0,0,0,3,1,2,0,0,rc 0 0 0 0,,TIMEOUT,2391,16787,2001
E-STATE-CLI-001,telemetry-cli-diagnostic,Telemetry continuity without GUI,STATE_WATCH,22065,70,0,0,0,0,0,0,,,ERROR,,,,234,234,0,0,0,10.3217,10.5622,29,96,102,0,0,0,0,0,OK,100,0,0,0,0,0,0,0,0,0,0,0,0,-1,0,-1,0,0,0,0,0,0,NO_DATA,0,0,0,0,0,0,0,0,0,0,0,0,0,0,0,0,0,0,0,0,0,0,0,OK,0,,0,NONE,,,RECOVERING,0,,0,0,0,0,0,0,0,1,0,0,0,0,0,0,0,0,0,0,0,0,0,0,0,0,0,0,3,1,2,0,0,rc 0 0 0 0,,TIMEOUT,2391,17037,2251
E-STATE-CLI-001,telemetry-cli-diagnostic,Telemetry continuity without GUI,STATE_WATCH,22315,71,0,0,0,0,0,0,,,ERROR,,,,236,236,0,0,0,10.3349,10.4812,86,96,102,0,0,0,0,0,OK,100,0,0,0,0,0,0,0,0,0,0,0,0,-1,0,-1,0,0,0,0,0,0,NO_DATA,0,0,0,0,0,0,0,0,0,0,0,0,0,0,0,0,0,0,0,0,0,0,0,OK,0,,0,NONE,,,RECOVERING,0,,0,0,0,0,0,0,0,1,0,0,0,0,0,0,0,0,0,0,0,0,0,0,0,0,0,0,3,1,2,0,0,rc 0 0 0 0,,TIMEOUT,2391,17287,2501
E-STATE-CLI-001,telemetry-cli-diagnostic,Telemetry continuity without GUI,STATE_WATCH,22566,72,0,0,0,0,0,0,,,ERROR,,,,239,239,0,0,0,10.3265,10.4069,46,96,102,0,0,0,0,0,OK,100,0,0,0,0,0,0,0,0,0,0,0,0,-1,0,-1,0,0,0,0,0,0,NO_DATA,0,0,0,0,0,0,0,0,0,0,0,0,0,0,0,0,0,0,0,0,0,0,0,OK,0,,0,NONE,,,RECOVERING,0,,0,0,0,0,0,0,0,1,0,0,0,0,0,0,0,0,0,0,0,0,0,0,0,0,0,0,3,1,2,0,0,rc 0 0 0 0,,TIMEOUT,2391,17537,2751
E-STATE-CLI-001,telemetry-cli-diagnostic,Telemetry continuity without GUI,STATE_WATCH,22816,73,0,0,0,0,0,0,,,ERROR,,,,242,242,0,0,0,10.2042,10.3454,4,97,102,0,0,0,0,0,OK,100,0,0,0,0,0,0,0,0,0,0,0,0,-1,0,-1,0,0,0,0,0,0,NO_DATA,0,0,0,0,0,0,0,0,0,0,0,0,0,0,0,0,0,0,0,0,0,0,0,OK,0,,0,NONE,,,RECOVERING,0,,0,0,0,0,0,0,0,1,0,0,0,0,0,0,0,0,0,0,0,0,0,0,0,0,0,0,3,1,2,0,0,rc 0 0 0 0,,TIMEOUT,2391,17787,3001
E-STATE-CLI-001,telemetry-cli-diagnostic,Telemetry continuity without GUI,STATE_WATCH,23066,74,0,0,0,0,0,0,,,ERROR,,,,244,244,0,0,0,10.3418,10.3618,62,96,102,0,0,0,0,0,OK,100,0,0,0,0,0,0,0,0,0,0,0,0,-1,0,-1,0,0,0,0,0,0,NO_DATA,0,0,0,0,0,0,0,0,0,0,0,0,0,0,0,0,0,0,0,0,0,0,0,OK,0,,0,NONE,,,RECOVERING,0,,0,0,0,0,0,0,0,1,0,0,0,0,0,0,0,0,0,0,0,0,0,0,0,0,0,0,3,1,2,0,0,rc 0 0 0 0,,TIMEOUT,2391,18038,3252
E-STATE-CLI-001,telemetry-cli-diagnostic,Telemetry continuity without GUI,STATE_WATCH,23316,75,0,0,0,0,0,0,,,ERROR,,,,247,247,0,0,0,10.3313,10.3469,22,96,102,0,0,0,0,0,OK,100,0,0,0,0,0,0,0,0,0,0,0,0,-1,0,-1,0,0,0,0,0,0,NO_DATA,0,0,0,0,0,0,0,0,0,0,0,0,0,0,0,0,0,0,0,0,0,0,0,OK,0,,0,NONE,,,RECOVERING,0,,0,0,0,0,0,0,0,1,0,0,0,0,0,0,0,0,0,0,0,0,0,0,0,0,0,0,3,1,2,0,0,rc 0 0 0 0,,TIMEOUT,2391,18288,3502
E-STATE-CLI-001,telemetry-cli-diagnostic,Telemetry continuity without GUI,STATE_WATCH,23566,76,0,0,0,0,0,0,,,ERROR,,,,249,249,0,0,0,9.82043,10.2393,73,101,102,0,0,0,0,0,OK,100,0,0,0,0,0,0,0,0,0,0,0,0,-1,0,-1,0,0,0,0,0,0,NO_DATA,0,0,0,0,0,0,0,0,0,0,0,0,0,0,0,0,0,0,0,0,0,0,0,OK,0,,0,NONE,,,RECOVERING,0,,0,0,0,0,0,0,0,1,0,0,0,0,0,0,0,0,0,0,0,0,0,0,0,0,0,0,3,1,2,0,0,rc 0 0 0 0,,TIMEOUT,2391,18538,3752
E-STATE-CLI-001,telemetry-cli-diagnostic,Telemetry continuity without GUI,STATE_WATCH,23816,77,0,0,0,0,0,0,,,ERROR,,,,252,252,0,0,0,10.2348,10.3382,37,97,102,0,0,0,0,0,OK,100,0,0,0,0,0,0,0,0,0,0,0,0,-1,0,-1,0,0,0,0,0,0,NO_DATA,0,0,0,0,0,0,0,0,0,0,0,0,0,0,0,0,0,0,0,0,0,0,0,OK,0,,0,NONE,,,RECOVERING,0,,0,0,0,0,0,0,0,1,0,0,0,0,0,0,0,0,0,0,0,0,0,0,0,0,0,0,3,1,2,0,0,rc 0 0 0 0,,TIMEOUT,2391,18788,4002
E-STATE-CLI-001,telemetry-cli-diagnostic,Telemetry continuity without GUI,STATE_WATCH,24066,78,0,0,0,0,0,0,,,ERROR,,,,254,254,0,0,0,10.3329,10.3374,94,96,102,0,0,0,0,0,OK,100,0,0,0,0,0,0,0,0,0,0,0,0,-1,0,-1,0,0,0,0,0,0,NO_DATA,0,0,0,0,0,0,0,0,0,0,0,0,0,0,0,0,0,0,0,0,0,0,0,OK,0,,0,NONE,,,RECOVERING,0,,0,0,0,0,0,0,0,1,0,0,0,0,0,0,0,0,0,0,0,0,0,0,0,0,0,0,3,1,2,0,0,rc 0 0 0 0,,TIMEOUT,2391,19038,4252
E-STATE-CLI-001,telemetry-cli-diagnostic,Telemetry continuity without GUI,STATE_WATCH,24317,79,0,0,0,0,0,0,,,ERROR,,,,258,258,0,0,0,20.6669,12.4011,5,48,102,0,0,0,0,0,OK,100,0,0,0,0,0,0,0,0,0,0,0,0,-1,0,-1,0,0,0,0,0,0,NO_DATA,0,0,0,0,0,0,0,0,0,0,0,0,0,0,0,0,0,0,0,0,0,0,0,OK,0,,0,NONE,,,RECOVERING,0,,0,0,0,0,0,0,0,1,0,0,0,0,0,0,0,0,0,0,0,0,0,0,0,0,0,0,3,1,2,0,0,rc 0 0 0 0,,TIMEOUT,2391,19288,4502
E-STATE-CLI-001,telemetry-cli-diagnostic,Telemetry continuity without GUI,STATE_WATCH,24567,80,0,0,0,0,0,0,,,ERROR,,,,260,260,0,0,0,10.3276,11.104,13,96,145,0,0,0,0,0,OK,100,0,0,0,0,0,0,0,0,0,0,0,0,-1,0,-1,0,0,0,0,0,0,NO_DATA,0,0,0,0,0,0,0,0,0,0,0,0,0,0,0,0,0,0,0,0,0,0,0,OK,0,,0,NONE,,,RECOVERING,0,,0,0,0,0,0,0,0,1,0,0,0,0,0,0,0,0,0,0,0,0,0,0,0,0,0,0,3,1,2,0,0,rc 0 0 0 0,,TIMEOUT,2391,19538,4752
E-STATE-CLI-001,telemetry-cli-diagnostic,Telemetry continuity without GUI,STATE_WATCH,27206,81,0,0,0,0,0,0,,,ERROR,,,,263,263,0,0,0,10.6691,12.0682,21,93,145,0,0,0,0,0,OK,100,0,0,0,0,0,0,0,0,0,0,0,0,-1,0,-1,0,0,0,0,0,0,NO_DATA,0,0,0,0,0,0,0,0,0,0,0,0,0,0,0,0,0,0,0,0,0,0,0,OK,0,,0,NONE,,,RECOVERING,0,,0,0,0,0,0,0,0,1,0,0,0,0,0,0,0,0,0,0,0,0,0,0,0,0,0,0,4,1,3,0,0,rc 0 0 0 0,,TIMEOUT,2391,22178,0
E-STATE-CLI-001,telemetry-cli-diagnostic,Telemetry continuity without GUI,STATE_WATCH,27456,82,0,0,0,0,0,0,,,ERROR,,,,290,290,0,0,0,10.3422,10.3366,47,96,145,0,0,0,0,0,OK,100,0,0,0,0,0,0,0,0,0,0,0,0,-1,0,-1,0,0,0,0,0,0,NO_DATA,0,0,0,0,0,0,0,0,0,0,0,0,0,0,0,0,0,0,0,0,0,0,0,OK,0,,0,NONE,,,RECOVERING,0,,0,0,0,0,0,0,0,1,0,0,0,0,0,0,0,0,0,0,0,0,0,0,0,0,0,0,4,1,3,0,0,rc 0 0 0 0,,TIMEOUT,2391,22428,250
E-STATE-CLI-001,telemetry-cli-diagnostic,Telemetry continuity without GUI,STATE_WATCH,27706,83,0,0,0,0,0,0,,,ERROR,,,,293,293,0,0,0,20.4349,12.3537,55,48,145,0,0,0,0,0,OK,100,0,0,0,0,0,0,0,0,0,0,0,0,-1,0,-1,0,0,0,0,0,0,NO_DATA,0,0,0,0,0,0,0,0,0,0,0,0,0,0,0,0,0,0,0,0,0,0,0,OK,0,,0,NONE,,,RECOVERING,0,,0,0,0,0,0,0,0,1,0,0,0,0,0,0,0,0,0,0,0,0,0,0,0,0,0,0,4,1,3,0,0,rc 0 0 0 0,,TIMEOUT,2391,22678,500
E-STATE-CLI-001,telemetry-cli-diagnostic,Telemetry continuity without GUI,STATE_WATCH,27956,84,0,0,0,0,0,0,,,ERROR,,,,296,296,0,0,0,10.3358,11.3763,15,96,145,0,0,0,0,0,OK,100,0,0,0,0,0,0,0,0,0,0,0,0,-1,0,-1,0,0,0,0,0,0,NO_DATA,0,0,0,0,0,0,0,0,0,0,0,0,0,0,0,0,0,0,0,0,0,0,0,OK,0,,0,NONE,,,RECOVERING,0,,0,0,0,0,0,0,0,1,0,0,0,0,0,0,0,0,0,0,0,0,0,0,0,0,0,0,4,1,3,0,0,rc 0 0 0 0,,TIMEOUT,2391,22928,750
E-STATE-CLI-001,telemetry-cli-diagnostic,Telemetry continuity without GUI,STATE_WATCH,28207,85,0,0,0,0,0,0,,,ERROR,,,,298,298,0,0,0,10.3745,11.0007,72,96,145,0,0,0,0,0,OK,100,0,0,0,0,0,0,0,0,0,0,0,0,-1,0,-1,0,0,0,0,0,0,NO_DATA,0,0,0,0,0,0,0,0,0,0,0,0,0,0,0,0,0,0,0,0,0,0,0,OK,0,,0,NONE,,,RECOVERING,0,,0,0,0,0,0,0,0,1,0,0,0,0,0,0,0,0,0,0,0,0,0,0,0,0,0,0,4,1,3,0,0,rc 0 0 0 0,,TIMEOUT,2391,23178,1000
E-STATE-CLI-001,telemetry-cli-diagnostic,Telemetry continuity without GUI,STATE_WATCH,28457,86,0,0,0,0,0,0,,,ERROR,,,,301,301,0,0,0,10.3455,10.6758,32,96,145,0,0,0,0,0,OK,100,0,0,0,0,0,0,0,0,0,0,0,0,-1,0,-1,0,0,0,0,0,0,NO_DATA,0,0,0,0,0,0,0,0,0,0,0,0,0,0,0,0,0,0,0,0,0,0,0,OK,0,,0,NONE,,,RECOVERING,0,,0,0,0,0,0,0,0,1,0,0,0,0,0,0,0,0,0,0,0,0,0,0,0,0,0,0,4,1,3,0,0,rc 0 0 0 0,,TIMEOUT,2391,23428,1250
E-STATE-CLI-001,telemetry-cli-diagnostic,Telemetry continuity without GUI,STATE_WATCH,28707,87,0,0,0,0,0,0,,,ERROR,,,,303,303,0,0,0,10.4663,10.5576,88,95,145,0,0,0,0,0,OK,100,0,0,0,0,0,0,0,0,0,0,0,0,-1,0,-1,0,0,0,0,0,0,NO_DATA,0,0,0,0,0,0,0,0,0,0,0,0,0,0,0,0,0,0,0,0,0,0,0,OK,0,,0,NONE,,,RECOVERING,0,,0,0,0,0,0,0,0,1,0,0,0,0,0,0,0,0,0,0,0,0,0,0,0,0,0,0,4,1,3,0,0,rc 0 0 0 0,,TIMEOUT,2391,23679,1501
E-STATE-CLI-001,telemetry-cli-diagnostic,Telemetry continuity without GUI,STATE_WATCH,28957,88,0,0,0,0,0,0,,,ERROR,,,,306,306,0,0,0,10.3333,10.4479,48,96,145,0,0,0,0,0,OK,100,0,0,0,0,0,0,0,0,0,0,0,0,-1,0,-1,0,0,0,0,0,0,NO_DATA,0,0,0,0,0,0,0,0,0,0,0,0,0,0,0,0,0,0,0,0,0,0,0,OK,0,,0,NONE,,,RECOVERING,0,,0,0,0,0,0,0,0,1,0,0,0,0,0,0,0,0,0,0,0,0,0,0,0,0,0,0,4,1,3,0,0,rc 0 0 0 0,,TIMEOUT,2391,23929,1751
E-STATE-CLI-001,telemetry-cli-diagnostic,Telemetry continuity without GUI,STATE_WATCH,29207,89,0,0,0,0,0,0,,,ERROR,,,,309,309,0,0,0,10.3315,10.391,8,96,145,0,0,0,0,0,OK,100,0,0,0,0,0,0,0,0,0,0,0,0,-1,0,-1,0,0,0,0,0,0,NO_DATA,0,0,0,0,0,0,0,0,0,0,0,0,0,0,0,0,0,0,0,0,0,0,0,OK,0,,0,NONE,,,RECOVERING,0,,0,0,0,0,0,0,0,1,0,0,0,0,0,0,0,0,0,0,0,0,0,0,0,0,0,0,4,1,3,0,0,rc 0 0 0 0,,TIMEOUT,2391,24179,2001
E-STATE-CLI-001,telemetry-cli-diagnostic,Telemetry continuity without GUI,STATE_WATCH,29457,90,0,0,0,0,0,0,,,ERROR,,,,311,311,0,0,0,10.1894,10.3376,63,98,145,0,0,0,0,0,OK,100,0,0,0,0,0,0,0,0,0,0,0,0,-1,0,-1,0,0,0,0,0,0,NO_DATA,0,0,0,0,0,0,0,0,0,0,0,0,0,0,0,0,0,0,0,0,0,0,0,OK,0,,0,NONE,,,RECOVERING,0,,0,0,0,0,0,0,0,1,0,0,0,0,0,0,0,0,0,0,0,0,0,0,0,0,0,0,4,1,3,0,0,rc 0 0 0 0,,TIMEOUT,2391,24429,2251
E-STATE-CLI-001,telemetry-cli-diagnostic,Telemetry continuity without GUI,STATE_WATCH,29708,91,0,0,0,0,0,0,,,ERROR,,,,314,314,0,0,0,10.1298,10.2444,17,98,145,0,0,0,0,0,OK,100,0,0,0,0,0,0,0,0,0,0,0,0,-1,0,-1,0,0,0,0,0,0,NO_DATA,0,0,0,0,0,0,0,0,0,0,0,0,0,0,0,0,0,0,0,0,0,0,0,OK,0,,0,NONE,,,RECOVERING,0,,0,0,0,0,0,0,0,1,0,0,0,0,0,0,0,0,0,0,0,0,0,0,0,0,0,0,4,1,3,0,0,rc 0 0 0 0,,TIMEOUT,2391,24679,2501
E-STATE-CLI-001,telemetry-cli-diagnostic,Telemetry continuity without GUI,STATE_WATCH,29958,92,0,0,0,0,0,0,,,ERROR,,,,316,316,0,0,0,10.1997,10.2338,72,98,145,0,0,0,0,0,OK,100,0,0,0,0,0,0,0,0,0,0,0,0,-1,0,-1,0,0,0,0,0,0,NO_DATA,0,0,0,0,0,0,0,0,0,0,0,0,0,0,0,0,0,0,0,0,0,0,0,OK,0,,0,NONE,,,RECOVERING,0,,0,0,0,0,0,0,0,1,0,0,0,0,0,0,0,0,0,0,0,0,0,0,0,0,0,0,4,1,3,0,0,rc 0 0 0 0,,TIMEOUT,2391,24929,2751
E-STATE-CLI-001,telemetry-cli-diagnostic,Telemetry continuity without GUI,STATE_WATCH,30208,93,0,0,0,0,0,0,,,ERROR,,,,319,319,0,0,0,9.94023,10.1691,25,100,145,0,0,0,0,0,OK,100,0,0,0,0,0,0,0,0,0,0,0,0,-1,0,-1,0,0,0,0,0,0,NO_DATA,0,0,0,0,0,0,0,0,0,0,0,0,0,0,0,0,0,0,0,0,0,0,0,OK,0,,0,NONE,,,RECOVERING,0,,0,0,0,0,0,0,0,1,0,0,0,0,0,0,0,0,0,0,0,0,0,0,0,0,0,0,4,1,3,0,0,rc 0 0 0 0,,TIMEOUT,2391,25180,3002
E-STATE-CLI-001,telemetry-cli-diagnostic,Telemetry continuity without GUI,STATE_WATCH,30458,94,0,0,0,0,0,0,,,ERROR,,,,321,321,0,0,0,10.1993,10.2205,82,98,145,0,0,0,0,0,OK,100,0,0,0,0,0,0,0,0,0,0,0,0,-1,0,-1,0,0,0,0,0,0,NO_DATA,0,0,0,0,0,0,0,0,0,0,0,0,0,0,0,0,0,0,0,0,0,0,0,OK,0,,0,NONE,,,RECOVERING,0,,0,0,0,0,0,0,0,1,0,0,0,0,0,0,0,0,0,0,0,0,0,0,0,0,0,0,4,1,3,0,0,rc 0 0 0 0,,TIMEOUT,2391,25430,3252
E-STATE-CLI-001,telemetry-cli-diagnostic,Telemetry continuity without GUI,STATE_WATCH,30708,95,0,0,0,0,0,0,,,ERROR,,,,324,324,0,0,0,20.3847,12.2481,87,49,145,0,0,0,0,0,OK,100,0,0,0,0,0,0,0,0,0,0,0,0,-1,0,-1,0,0,0,0,0,0,NO_DATA,0,0,0,0,0,0,0,0,0,0,0,0,0,0,0,0,0,0,0,0,0,0,0,OK,0,,0,NONE,,,RECOVERING,0,,0,0,0,0,0,0,0,1,0,0,0,0,0,0,0,0,0,0,0,0,0,0,0,0,0,0,4,1,3,0,0,rc 0 0 0 0,,TIMEOUT,2391,25680,3502
E-STATE-CLI-001,telemetry-cli-diagnostic,Telemetry continuity without GUI,STATE_WATCH,30958,96,0,0,0,0,0,0,,,ERROR,,,,327,327,0,0,0,10.1689,11.2449,43,98,145,0,0,0,0,0,OK,100,0,0,0,0,0,0,0,0,0,0,0,0,-1,0,-1,0,0,0,0,0,0,NO_DATA,0,0,0,0,0,0,0,0,0,0,0,0,0,0,0,0,0,0,0,0,0,0,0,OK,0,,0,NONE,,,RECOVERING,0,,0,0,0,0,0,0,0,1,0,0,0,0,0,0,0,0,0,0,0,0,0,0,0,0,0,0,4,1,3,0,0,rc 0 0 0 0,,TIMEOUT,2391,25930,3752
E-STATE-CLI-001,telemetry-cli-diagnostic,Telemetry continuity without GUI,STATE_WATCH,31209,97,0,0,0,0,0,0,,,ERROR,,,,329,329,0,0,0,10.2722,10.8758,97,97,145,0,0,0,0,0,OK,100,0,0,0,0,0,0,0,0,0,0,0,0,-1,0,-1,0,0,0,0,0,0,NO_DATA,0,0,0,0,0,0,0,0,0,0,0,0,0,0,0,0,0,0,0,0,0,0,0,OK,0,,0,NONE,,,RECOVERING,0,,0,0,0,0,0,0,0,1,0,0,0,0,0,0,0,0,0,0,0,0,0,0,0,0,0,0,4,1,3,0,0,rc 0 0 0 0,,TIMEOUT,2391,26180,4002
E-STATE-CLI-001,telemetry-cli-diagnostic,Telemetry continuity without GUI,STATE_WATCH,31459,98,0,0,0,0,0,0,,,ERROR,,,,332,332,0,0,0,10.229,10.5394,53,97,145,0,0,0,0,0,OK,100,0,0,0,0,0,0,0,0,0,0,0,0,-1,0,-1,0,0,0,0,0,0,NO_DATA,0,0,0,0,0,0,0,0,0,0,0,0,0,0,0,0,0,0,0,0,0,0,0,OK,0,,0,NONE,,,RECOVERING,0,,0,0,0,0,0,0,0,1,0,0,0,0,0,0,0,0,0,0,0,0,0,0,0,0,0,0,4,1,3,0,0,rc 0 0 0 0,,TIMEOUT,2391,26430,4252
E-STATE-CLI-001,telemetry-cli-diagnostic,Telemetry continuity without GUI,STATE_WATCH,31709,99,0,0,0,0,0,0,,,ERROR,,,,335,335,0,0,0,10.1959,10.3779,9,98,145,0,0,0,0,0,OK,100,0,0,0,0,0,0,0,0,0,0,0,0,-1,0,-1,0,0,0,0,0,0,NO_DATA,0,0,0,0,0,0,0,0,0,0,0,0,0,0,0,0,0,0,0,0,0,0,0,OK,0,,0,NONE,,,RECOVERING,0,,0,0,0,0,0,0,0,1,0,0,0,0,0,0,0,0,0,0,0,0,0,0,0,0,0,0,4,1,3,0,0,rc 0 0 0 0,,TIMEOUT,2391,26681,4503
E-STATE-CLI-001,telemetry-cli-diagnostic,Telemetry continuity without GUI,STATE_WATCH,31959,100,0,0,0,0,0,0,,,ERROR,,,,337,337,0,0,0,10.1814,10.3098,63,98,145,0,0,0,0,0,OK,100,0,0,0,0,0,0,0,0,0,0,0,0,-1,0,-1,0,0,0,0,0,0,NO_DATA,0,0,0,0,0,0,0,0,0,0,0,0,0,0,0,0,0,0,0,0,0,0,0,OK,0,,0,NONE,,,RECOVERING,0,,0,0,0,0,0,0,0,1,0,0,0,0,0,0,0,0,0,0,0,0,0,0,0,0,0,0,4,1,3,0,0,rc 0 0 0 0,,TIMEOUT,2391,26931,4753
E-STATE-CLI-001,telemetry-cli-diagnostic,Telemetry continuity without GUI,STATE_WATCH,34598,101,0,0,0,0,0,0,,,ERROR,,,,340,340,0,0,0,10.2015,10.2576,19,98,145,0,0,0,0,0,OK,100,0,0,0,0,0,0,0,0,0,0,0,0,-1,0,-1,0,0,0,0,0,0,NO_DATA,0,0,0,0,0,0,0,0,0,0,0,0,0,0,0,0,0,0,0,0,0,0,0,OK,0,,0,NONE,,,RECOVERING,0,,0,0,0,0,0,0,0,1,0,0,0,0,0,0,0,0,0,0,0,0,0,0,0,0,0,0,5,1,4,0,0,rc 0 0 0 0,,TIMEOUT,2391,29570,0
E-STATE-CLI-001,telemetry-cli-diagnostic,Telemetry continuity without GUI,STATE_WATCH,34848,102,0,0,0,0,0,0,,,ERROR,,,,367,367,0,0,0,10.2008,10.3303,59,98,145,0,0,0,0,0,OK,100,0,0,0,0,0,0,0,0,0,0,0,0,-1,0,-1,0,0,0,0,0,0,NO_DATA,0,0,0,0,0,0,0,0,0,0,0,0,0,0,0,0,0,0,0,0,0,0,0,OK,0,,0,NONE,,,RECOVERING,0,,0,0,0,0,0,0,0,1,0,0,0,0,0,0,0,0,0,0,0,0,0,0,0,0,0,0,5,1,4,0,0,rc 0 0 0 0,,TIMEOUT,2391,29820,250
E-STATE-CLI-001,telemetry-cli-diagnostic,Telemetry continuity without GUI,STATE_WATCH,35098,103,0,0,0,0,0,0,,,ERROR,,,,370,370,0,0,0,10.192,10.2719,15,98,145,0,0,0,0,0,OK,100,0,0,0,0,0,0,0,0,0,0,0,0,-1,0,-1,0,0,0,0,0,0,NO_DATA,0,0,0,0,0,0,0,0,0,0,0,0,0,0,0,0,0,0,0,0,0,0,0,OK,0,,0,NONE,,,RECOVERING,0,,0,0,0,0,0,0,0,1,0,0,0,0,0,0,0,0,0,0,0,0,0,0,0,0,0,0,5,1,4,0,0,rc 0 0 0 0,,TIMEOUT,2391,30070,500
E-STATE-CLI-001,telemetry-cli-diagnostic,Telemetry continuity without GUI,STATE_WATCH,35348,104,0,0,0,0,0,0,,,ERROR,,,,372,372,0,0,0,10.0796,10.2203,68,99,145,0,0,0,0,0,OK,100,0,0,0,0,0,0,0,0,0,0,0,0,-1,0,-1,0,0,0,0,0,0,NO_DATA,0,0,0,0,0,0,0,0,0,0,0,0,0,0,0,0,0,0,0,0,0,0,0,OK,0,,0,NONE,,,RECOVERING,0,,0,0,0,0,0,0,0,1,0,0,0,0,0,0,0,0,0,0,0,0,0,0,0,0,0,0,5,1,4,0,0,rc 0 0 0 0,,TIMEOUT,2391,30320,750
E-STATE-CLI-001,telemetry-cli-diagnostic,Telemetry continuity without GUI,STATE_WATCH,35599,105,0,0,0,0,0,0,,,ERROR,,,,375,375,0,0,0,10.1526,10.2179,25,98,145,0,0,0,0,0,OK,100,0,0,0,0,0,0,0,0,0,0,0,0,-1,0,-1,0,0,0,0,0,0,NO_DATA,0,0,0,0,0,0,0,0,0,0,0,0,0,0,0,0,0,0,0,0,0,0,0,OK,0,,0,NONE,,,RECOVERING,0,,0,0,0,0,0,0,0,1,0,0,0,0,0,0,0,0,0,0,0,0,0,0,0,0,0,0,5,1,4,0,0,rc 0 0 0 0,,TIMEOUT,2391,30570,1000
E-STATE-CLI-001,telemetry-cli-diagnostic,Telemetry continuity without GUI,STATE_WATCH,35849,106,0,0,0,0,0,0,,,ERROR,,,,377,377,0,0,0,10.1957,10.2174,79,98,145,0,0,0,0,0,OK,100,0,0,0,0,0,0,0,0,0,0,0,0,-1,0,-1,0,0,0,0,0,0,NO_DATA,0,0,0,0,0,0,0,0,0,0,0,0,0,0,0,0,0,0,0,0,0,0,0,OK,0,,0,NONE,,,RECOVERING,0,,0,0,0,0,0,0,0,1,0,0,0,0,0,0,0,0,0,0,0,0,0,0,0,0,0,0,5,1,4,0,0,rc 0 0 0 0,,TIMEOUT,2391,30820,1250
E-STATE-CLI-001,telemetry-cli-diagnostic,Telemetry continuity without GUI,STATE_WATCH,36099,107,0,0,0,0,0,0,,,ERROR,,,,380,380,0,0,0,10.1836,10.2042,35,98,145,0,0,0,0,0,OK,100,0,0,0,0,0,0,0,0,0,0,0,0,-1,0,-1,0,0,0,0,0,0,NO_DATA,0,0,0,0,0,0,0,0,0,0,0,0,0,0,0,0,0,0,0,0,0,0,0,OK,0,,0,NONE,,,RECOVERING,0,,0,0,0,0,0,0,0,1,0,0,0,0,0,0,0,0,0,0,0,0,0,0,0,0,0,0,5,1,4,0,0,rc 0 0 0 0,,TIMEOUT,2391,31071,1501
E-STATE-CLI-001,telemetry-cli-diagnostic,Telemetry continuity without GUI,STATE_WATCH,36349,108,0,0,0,0,0,0,,,ERROR,,,,382,382,0,0,0,10.0098,10.1583,87,99,145,0,0,0,0,0,OK,100,0,0,0,0,0,0,0,0,0,0,0,0,-1,0,-1,0,0,0,0,0,0,NO_DATA,0,0,0,0,0,0,0,0,0,0,0,0,0,0,0,0,0,0,0,0,0,0,0,OK,0,,0,NONE,,,RECOVERING,0,,0,0,0,0,0,0,0,1,0,0,0,0,0,0,0,0,0,0,0,0,0,0,0,0,0,0,5,1,4,0,0,rc 0 0 0 0,,TIMEOUT,2391,31321,1751
E-STATE-CLI-001,telemetry-cli-diagnostic,Telemetry continuity without GUI,STATE_WATCH,36599,109,0,0,0,0,0,0,,,ERROR,,,,385,385,0,0,0,10.1989,10.2119,45,98,145,0,0,0,0,0,OK,100,0,0,0,0,0,0,0,0,0,0,0,0,-1,0,-1,0,0,0,0,0,0,NO_DATA,0,0,0,0,0,0,0,0,0,0,0,0,0,0,0,0,0,0,0,0,0,0,0,OK,0,,0,NONE,,,RECOVERING,0,,0,0,0,0,0,0,0,1,0,0,0,0,0,0,0,0,0,0,0,0,0,0,0,0,0,0,5,1,4,0,0,rc 0 0 0 0,,TIMEOUT,2391,31571,2001
E-STATE-CLI-001,telemetry-cli-diagnostic,Telemetry continuity without GUI,STATE_WATCH,36849,110,0,0,0,0,0,0,,,ERROR,,,,388,388,0,0,0,20.3637,12.2381,50,49,145,0,0,0,0,0,OK,100,0,0,0,0,0,0,0,0,0,0,0,0,-1,0,-1,0,0,0,0,0,0,NO_DATA,0,0,0,0,0,0,0,0,0,0,0,0,0,0,0,0,0,0,0,0,0,0,0,OK,0,,0,NONE,,,RECOVERING,0,,0,0,0,0,0,0,0,1,0,0,0,0,0,0,0,0,0,0,0,0,0,0,0,0,0,0,5,1,4,0,0,rc 0 0 0 0,,TIMEOUT,2391,31821,2251
E-STATE-CLI-001,telemetry-cli-diagnostic,Telemetry continuity without GUI,STATE_WATCH,37099,111,0,0,0,0,0,0,,,ERROR,,,,391,391,0,0,0,10.1386,12.4258,6,98,146,0,0,0,0,0,OK,100,0,0,0,0,0,0,0,0,0,0,0,0,-1,0,-1,0,0,0,0,0,0,NO_DATA,0,0,0,0,0,0,0,0,0,0,0,0,0,0,0,0,0,0,0,0,0,0,0,OK,0,,0,NONE,,,RECOVERING,0,,0,0,0,0,0,0,0,1,0,0,0,0,0,0,0,0,0,0,0,0,0,0,0,0,0,0,5,1,4,0,0,rc 0 0 0 0,,TIMEOUT,2391,32071,2501
E-STATE-CLI-001,telemetry-cli-diagnostic,Telemetry continuity without GUI,STATE_WATCH,37350,112,0,0,0,0,0,0,,,ERROR,,,,393,393,0,0,0,10.2092,11.6362,60,97,146,0,0,0,0,0,OK,100,0,0,0,0,0,0,0,0,0,0,0,0,-1,0,-1,0,0,0,0,0,0,NO_DATA,0,0,0,0,0,0,0,0,0,0,0,0,0,0,0,0,0,0,0,0,0,0,0,OK,0,,0,NONE,,,RECOVERING,0,,0,0,0,0,0,0,0,1,0,0,0,0,0,0,0,0,0,0,0,0,0,0,0,0,0,0,5,1,4,0,0,rc 0 0 0 0,,TIMEOUT,2391,32321,2751
E-STATE-CLI-001,telemetry-cli-diagnostic,Telemetry continuity without GUI,STATE_WATCH,37600,113,0,0,0,0,0,0,,,ERROR,,,,396,396,0,0,0,11.5189,11.3098,35,86,146,0,0,0,0,0,OK,100,0,0,0,0,0,0,0,0,0,0,0,0,-1,0,-1,0,0,0,0,0,0,NO_DATA,0,0,0,0,0,0,0,0,0,0,0,0,0,0,0,0,0,0,0,0,0,0,0,OK,0,,0,NONE,,,RECOVERING,0,,0,0,0,0,0,0,0,1,0,0,0,0,0,0,0,0,0,0,0,0,0,0,0,0,0,0,5,1,4,0,0,rc 0 0 0 0,,TIMEOUT,2391,32571,3001
E-STATE-CLI-001,telemetry-cli-diagnostic,Telemetry continuity without GUI,STATE_WATCH,37850,114,0,0,0,0,0,0,,,ERROR,,,,399,399,0,0,0,10.8982,11.1078,10,91,146,0,0,0,0,0,OK,100,0,0,0,0,0,0,0,0,0,0,0,0,-1,0,-1,0,0,0,0,0,0,NO_DATA,0,0,0,0,0,0,0,0,0,0,0,0,0,0,0,0,0,0,0,0,0,0,0,OK,0,,0,NONE,,,RECOVERING,0,,0,0,0,0,0,0,0,1,0,0,0,0,0,0,0,0,0,0,0,0,0,0,0,0,0,0,5,1,4,0,0,rc 0 0 0 0,,TIMEOUT,2391,32822,3252
E-STATE-CLI-001,telemetry-cli-diagnostic,Telemetry continuity without GUI,STATE_WATCH,38100,115,0,0,0,0,0,0,,,ERROR,,,,401,401,0,0,0,10.8924,11.0296,77,91,146,0,0,0,0,0,OK,100,0,0,0,0,0,0,0,0,0,0,0,0,-1,0,-1,0,0,0,0,0,0,NO_DATA,0,0,0,0,0,0,0,0,0,0,0,0,0,0,0,0,0,0,0,0,0,0,0,OK,0,,0,NONE,,,RECOVERING,0,,0,0,0,0,0,0,0,1,0,0,0,0,0,0,0,0,0,0,0,0,0,0,0,0,0,0,5,1,4,0,0,rc 0 0 0 0,,TIMEOUT,2391,33072,3502
E-STATE-CLI-001,telemetry-cli-diagnostic,Telemetry continuity without GUI,STATE_WATCH,38350,116,0,0,0,0,0,0,,,ERROR,,,,404,404,0,0,0,10.8906,10.967,51,91,146,0,0,0,0,0,OK,100,0,0,0,0,0,0,0,0,0,0,0,0,-1,0,-1,0,0,0,0,0,0,NO_DATA,0,0,0,0,0,0,0,0,0,0,0,0,0,0,0,0,0,0,0,0,0,0,0,OK,0,,0,NONE,,,RECOVERING,0,,0,0,0,0,0,0,0,1,0,0,0,0,0,0,0,0,0,0,0,0,0,0,0,0,0,0,5,1,4,0,0,rc 0 0 0 0,,TIMEOUT,2391,33322,3752
E-STATE-CLI-001,telemetry-cli-diagnostic,Telemetry continuity without GUI,STATE_WATCH,38600,117,0,0,0,0,0,0,,,ERROR,,,,407,407,0,0,0,10.8947,10.9324,26,91,146,0,0,0,0,0,OK,100,0,0,0,0,0,0,0,0,0,0,0,0,-1,0,-1,0,0,0,0,0,0,NO_DATA,0,0,0,0,0,0,0,0,0,0,0,0,0,0,0,0,0,0,0,0,0,0,0,OK,0,,0,NONE,,,RECOVERING,0,,0,0,0,0,0,0,0,1,0,0,0,0,0,0,0,0,0,0,0,0,0,0,0,0,0,0,5,1,4,0,0,rc 0 0 0 0,,TIMEOUT,2391,33572,4002
E-STATE-CLI-001,telemetry-cli-diagnostic,Telemetry continuity without GUI,STATE_WATCH,38850,118,0,0,0,0,0,0,,,ERROR,,,,410,410,0,0,0,10.8476,10.8944,0,92,146,0,0,0,0,0,OK,100,0,0,0,0,0,0,0,0,0,0,0,0,-1,0,-1,0,0,0,0,0,0,NO_DATA,0,0,0,0,0,0,0,0,0,0,0,0,0,0,0,0,0,0,0,0,0,0,0,OK,0,,0,NONE,,,RECOVERING,0,,0,0,0,0,0,0,0,1,0,0,0,0,0,0,0,0,0,0,0,0,0,0,0,0,0,0,5,1,4,0,0,rc 0 0 0 0,,TIMEOUT,2391,33822,4252
E-STATE-CLI-001,telemetry-cli-diagnostic,Telemetry continuity without GUI,STATE_WATCH,39101,119,0,0,0,0,0,0,,,ERROR,,,,412,412,0,0,0,10.9011,10.9137,67,91,146,0,0,0,0,0,OK,100,0,0,0,0,0,0,0,0,0,0,0,0,-1,0,-1,0,0,0,0,0,0,NO_DATA,0,0,0,0,0,0,0,0,0,0,0,0,0,0,0,0,0,0,0,0,0,0,0,OK,0,,0,NONE,,,RECOVERING,0,,0,0,0,0,0,0,0,1,0,0,0,0,0,0,0,0,0,0,0,0,0,0,0,0,0,0,5,1,4,0,0,rc 0 0 0 0,,TIMEOUT,2391,34072,4502
E-STATE-CLI-001,telemetry-cli-diagnostic,Telemetry continuity without GUI,STATE_WATCH,39351,120,0,0,0,0,0,0,,,ERROR,,,,415,415,0,0,0,10.9043,10.9049,42,91,146,0,0,0,0,0,OK,100,0,0,0,0,0,0,0,0,0,0,0,0,-1,0,-1,0,0,0,0,0,0,NO_DATA,0,0,0,0,0,0,0,0,0,0,0,0,0,0,0,0,0,0,0,0,0,0,0,OK,0,,0,NONE,,,RECOVERING,0,,0,0,0,0,0,0,0,1,0,0,0,0,0,0,0,0,0,0,0,0,0,0,0,0,0,0,5,1,4,0,0,rc 0 0 0 0,,TIMEOUT,2391,34322,4752
E-STATE-CLI-001,telemetry-cli-diagnostic,Telemetry continuity without GUI,STATE_WATCH,41994,121,0,0,0,0,0,0,,,ERROR,,,,418,418,0,0,0,10.8933,10.9001,17,91,146,0,0,0,0,0,OK,100,0,0,0,0,0,0,0,0,0,0,0,0,-1,0,-1,0,0,0,0,0,0,NO_DATA,0,0,0,0,0,0,0,0,0,0,0,0,0,0,0,0,0,0,0,0,0,0,0,OK,0,,0,NONE,,,RECOVERING,0,,0,0,0,0,0,0,0,1,0,0,0,0,0,0,0,0,0,0,0,0,0,0,0,0,0,0,6,1,5,0,0,rc 0 0 0 0,,TIMEOUT,2395,36966,0
E-STATE-CLI-001,telemetry-cli-diagnostic,Telemetry continuity without GUI,STATE_WATCH,42244,122,0,0,0,0,0,0,,,ERROR,,,,447,447,0,0,0,10.9027,10.9049,42,91,146,0,0,0,0,0,OK,100,0,0,0,0,0,0,0,0,0,0,0,0,-1,0,-1,0,0,0,0,0,0,NO_DATA,0,0,0,0,0,0,0,0,0,0,0,0,0,0,0,0,0,0,0,0,0,0,0,OK,0,,0,NONE,,,RECOVERING,0,,0,0,0,0,0,0,0,1,0,0,0,0,0,0,0,0,0,0,0,0,0,0,0,0,0,0,6,1,5,0,0,rc 0 0 0 0,,TIMEOUT,2395,37216,250
E-STATE-CLI-001,telemetry-cli-diagnostic,Telemetry continuity without GUI,STATE_WATCH,42494,123,0,0,0,0,0,0,,,ERROR,,,,450,450,0,0,0,10.8883,10.8985,17,91,146,0,0,0,0,0,OK,100,0,0,0,0,0,0,0,0,0,0,0,0,-1,0,-1,0,0,0,0,0,0,NO_DATA,0,0,0,0,0,0,0,0,0,0,0,0,0,0,0,0,0,0,0,0,0,0,0,OK,0,,0,NONE,,,RECOVERING,0,,0,0,0,0,0,0,0,1,0,0,0,0,0,0,0,0,0,0,0,0,0,0,0,0,0,0,6,1,5,0,0,rc 0 0 0 0,,TIMEOUT,2395,37466,500
E-STATE-CLI-001,telemetry-cli-diagnostic,Telemetry continuity without GUI,STATE_WATCH,42744,124,0,0,0,0,0,0,,,ERROR,,,,453,453,0,0,0,21.6657,13.0625,37,46,146,0,0,0,0,0,OK,100,0,0,0,0,0,0,0,0,0,0,0,0,-1,0,-1,0,0,0,0,0,0,NO_DATA,0,0,0,0,0,0,0,0,0,0,0,0,0,0,0,0,0,0,0,0,0,0,0,OK,0,,0,NONE,,,RECOVERING,0,,0,0,0,0,0,0,0,1,0,0,0,0,0,0,0,0,0,0,0,0,0,0,0,0,0,0,6,1,5,0,0,rc 0 0 0 0,,TIMEOUT,2395,37716,750
E-STATE-CLI-001,telemetry-cli-diagnostic,Telemetry continuity without GUI,STATE_WATCH,42994,125,0,0,0,0,0,0,,,ERROR,,,,456,456,0,0,0,10.9339,12.0105,12,91,146,0,0,0,0,0,OK,100,0,0,0,0,0,0,0,0,0,0,0,0,-1,0,-1,0,0,0,0,0,0,NO_DATA,0,0,0,0,0,0,0,0,0,0,0,0,0,0,0,0,0,0,0,0,0,0,0,OK,0,,0,NONE,,,RECOVERING,0,,0,0,0,0,0,0,0,1,0,0,0,0,0,0,0,0,0,0,0,0,0,0,0,0,0,0,6,1,5,0,0,rc 0 0 0 0,,TIMEOUT,2395,37966,1000
E-STATE-CLI-001,telemetry-cli-diagnostic,Telemetry continuity without GUI,STATE_WATCH,43245,126,0,0,0,0,0,0,,,ERROR,,,,458,458,0,0,0,10.9756,11.6115,79,91,146,0,0,0,0,0,OK,100,0,0,0,0,0,0,0,0,0,0,0,0,-1,0,-1,0,0,0,0,0,0,NO_DATA,0,0,0,0,0,0,0,0,0,0,0,0,0,0,0,0,0,0,0,0,0,0,0,OK,0,,0,NONE,,,RECOVERING,0,,0,0,0,0,0,0,0,1,0,0,0,0,0,0,0,0,0,0,0,0,0,0,0,0,0,0,6,1,5,0,0,rc 0 0 0 0,,TIMEOUT,2395,38216,1250
E-STATE-CLI-001,telemetry-cli-diagnostic,Telemetry continuity without GUI,STATE_WATCH,43495,127,0,0,0,0,0,0,,,ERROR,,,,461,461,0,0,0,10.0803,11.0002,41,99,146,0,0,0,0,0,OK,100,0,0,0,0,0,0,0,0,0,0,0,0,-1,0,-1,0,0,0,0,0,0,NO_DATA,0,0,0,0,0,0,0,0,0,0,0,0,0,0,0,0,0,0,0,0,0,0,0,OK,0,,0,NONE,,,RECOVERING,0,,0,0,0,0,0,0,0,1,0,0,0,0,0,0,0,0,0,0,0,0,0,0,0,0,0,0,6,1,5,0,0,rc 0 0 0 0,,TIMEOUT,2395,38467,1500
E-STATE-CLI-001,telemetry-cli-diagnostic,Telemetry continuity without GUI,STATE_WATCH,43745,128,0,0,0,0,0,0,,,ERROR,,,,464,464,0,0,0,10.3334,10.695,2,96,146,0,0,0,0,0,OK,100,0,0,0,0,0,0,0,0,0,0,0,0,-1,0,-1,0,0,0,0,0,0,NO_DATA,0,0,0,0,0,0,0,0,0,0,0,0,0,0,0,0,0,0,0,0,0,0,0,OK,0,,0,NONE,,,RECOVERING,0,,0,0,0,0,0,0,0,1,0,0,0,0,0,0,0,0,0,0,0,0,0,0,0,0,0,0,6,1,5,0,0,rc 0 0 0 0,,TIMEOUT,2395,38717,1751
E-STATE-CLI-001,telemetry-cli-diagnostic,Telemetry continuity without GUI,STATE_WATCH,43995,129,0,0,0,0,0,0,,,ERROR,,,,466,466,0,0,0,10.2801,10.5506,58,97,146,0,0,0,0,0,OK,100,0,0,0,0,0,0,0,0,0,0,0,0,-1,0,-1,0,0,0,0,0,0,NO_DATA,0,0,0,0,0,0,0,0,0,0,0,0,0,0,0,0,0,0,0,0,0,0,0,OK,0,,0,NONE,,,RECOVERING,0,,0,0,0,0,0,0,0,1,0,0,0,0,0,0,0,0,0,0,0,0,0,0,0,0,0,0,6,1,5,0,0,rc 0 0 0 0,,TIMEOUT,2395,38967,2001
E-STATE-CLI-001,telemetry-cli-diagnostic,Telemetry continuity without GUI,STATE_WATCH,44245,130,0,0,0,0,0,0,,,ERROR,,,,469,469,0,0,0,10.2297,10.4176,17,97,146,0,0,0,0,0,OK,100,0,0,0,0,0,0,0,0,0,0,0,0,-1,0,-1,0,0,0,0,0,0,NO_DATA,0,0,0,0,0,0,0,0,0,0,0,0,0,0,0,0,0,0,0,0,0,0,0,OK,0,,0,NONE,,,RECOVERING,0,,0,0,0,0,0,0,0,1,0,0,0,0,0,0,0,0,0,0,0,0,0,0,0,0,0,0,6,1,5,0,0,rc 0 0 0 0,,TIMEOUT,2395,39217,2251
E-STATE-CLI-001,telemetry-cli-diagnostic,Telemetry continuity without GUI,STATE_WATCH,44495,131,0,0,0,0,0,0,,,ERROR,,,,471,471,0,0,0,10.1745,10.3812,73,98,146,0,0,0,0,0,OK,100,0,0,0,0,0,0,0,0,0,0,0,0,-1,0,-1,0,0,0,0,0,0,NO_DATA,0,0,0,0,0,0,0,0,0,0,0,0,0,0,0,0,0,0,0,0,0,0,0,OK,0,,0,NONE,,,RECOVERING,0,,0,0,0,0,0,0,0,1,0,0,0,0,0,0,0,0,0,0,0,0,0,0,0,0,0,0,6,1,5,0,0,rc 0 0 0 0,,TIMEOUT,2395,39467,2501
E-STATE-CLI-001,telemetry-cli-diagnostic,Telemetry continuity without GUI,STATE_WATCH,44746,132,0,0,0,0,0,0,,,ERROR,,,,474,474,0,0,0,10.3405,10.3812,35,96,146,0,0,0,0,0,OK,100,0,0,0,0,0,0,0,0,0,0,0,0,-1,0,-1,0,0,0,0,0,0,NO_DATA,0,0,0,0,0,0,0,0,0,0,0,0,0,0,0,0,0,0,0,0,0,0,0,OK,0,,0,NONE,,,RECOVERING,0,,0,0,0,0,0,0,0,1,0,0,0,0,0,0,0,0,0,0,0,0,0,0,0,0,0,0,6,1,5,0,0,rc 0 0 0 0,,TIMEOUT,2395,39717,2751
E-STATE-CLI-001,telemetry-cli-diagnostic,Telemetry continuity without GUI,STATE_WATCH,44996,133,0,0,0,0,0,0,,,ERROR,,,,476,476,0,0,0,10.4205,10.3553,91,95,146,0,0,0,0,0,OK,100,0,0,0,0,0,0,0,0,0,0,0,0,-1,0,-1,0,0,0,0,0,0,NO_DATA,0,0,0,0,0,0,0,0,0,0,0,0,0,0,0,0,0,0,0,0,0,0,0,OK,0,,0,NONE,,,RECOVERING,0,,0,0,0,0,0,0,0,1,0,0,0,0,0,0,0,0,0,0,0,0,0,0,0,0,0,0,6,1,5,0,0,rc 0 0 0 0,,TIMEOUT,2395,39967,3001
E-STATE-CLI-001,telemetry-cli-diagnostic,Telemetry continuity without GUI,STATE_WATCH,45246,134,0,0,0,0,0,0,,,ERROR,,,,479,479,0,0,0,10.3424,10.3556,51,96,146,0,0,0,0,0,OK,100,0,0,0,0,0,0,0,0,0,0,0,0,-1,0,-1,0,0,0,0,0,0,NO_DATA,0,0,0,0,0,0,0,0,0,0,0,0,0,0,0,0,0,0,0,0,0,0,0,OK,0,,0,NONE,,,RECOVERING,0,,0,0,0,0,0,0,0,1,0,0,0,0,0,0,0,0,0,0,0,0,0,0,0,0,0,0,6,1,5,0,0,rc 0 0 0 0,,TIMEOUT,2395,40218,3252
E-STATE-CLI-001,telemetry-cli-diagnostic,Telemetry continuity without GUI,STATE_WATCH,45496,135,0,0,0,0,0,0,,,ERROR,,,,482,482,0,0,0,10.6374,10.356,11,94,146,0,0,0,0,0,OK,100,0,0,0,0,0,0,0,0,0,0,0,0,-1,0,-1,0,0,0,0,0,0,NO_DATA,0,0,0,0,0,0,0,0,0,0,0,0,0,0,0,0,0,0,0,0,0,0,0,OK,0,,0,NONE,,,RECOVERING,0,,0,0,0,0,0,0,0,1,0,0,0,0,0,0,0,0,0,0,0,0,0,0,0,0,0,0,6,1,5,0,0,rc 0 0 0 0,,TIMEOUT,2395,40468,3502
E-STATE-CLI-001,telemetry-cli-diagnostic,Telemetry continuity without GUI,STATE_WATCH,45746,136,0,0,0,0,0,0,,,ERROR,,,,484,484,0,0,0,10.498,10.3597,68,95,146,0,0,0,0,0,OK,100,0,0,0,0,0,0,0,0,0,0,0,0,-1,0,-1,0,0,0,0,0,0,NO_DATA,0,0,0,0,0,0,0,0,0,0,0,0,0,0,0,0,0,0,0,0,0,0,0,OK,0,,0,NONE,,,RECOVERING,0,,0,0,0,0,0,0,0,1,0,0,0,0,0,0,0,0,0,0,0,0,0,0,0,0,0,0,6,1,5,0,0,rc 0 0 0 0,,TIMEOUT,2395,40718,3752
E-STATE-CLI-001,telemetry-cli-diagnostic,Telemetry continuity without GUI,STATE_WATCH,45996,137,0,0,0,0,0,0,,,ERROR,,,,487,487,0,0,0,23.2398,12.8714,78,43,146,0,0,0,0,0,OK,100,0,0,0,0,0,0,0,0,0,0,0,0,-1,0,-1,0,0,0,0,0,0,NO_DATA,0,0,0,0,0,0,0,0,0,0,0,0,0,0,0,0,0,0,0,0,0,0,0,OK,0,,0,NONE,,,RECOVERING,0,,0,0,0,0,0,0,0,1,0,0,0,0,0,0,0,0,0,0,0,0,0,0,0,0,0,0,6,1,5,0,0,rc 0 0 0 0,,TIMEOUT,2395,40968,4002
E-STATE-CLI-001,telemetry-cli-diagnostic,Telemetry continuity without GUI,STATE_WATCH,46247,138,0,0,0,0,0,0,,,ERROR,,,,489,489,0,0,0,6.91133,11.2795,87,144,146,0,0,0,0,0,OK,100,0,0,0,0,0,0,0,0,0,0,0,0,-1,0,-1,0,0,0,0,0,0,NO_DATA,0,0,0,0,0,0,0,0,0,0,0,0,0,0,0,0,0,0,0,0,0,0,0,OK,0,,0,NONE,,,RECOVERING,0,,0,0,0,0,0,0,0,1,0,0,0,0,0,0,0,0,0,0,0,0,0,0,0,0,0,0,6,1,5,0,0,rc 0 0 0 0,,TIMEOUT,2395,41218,4252
E-STATE-CLI-001,telemetry-cli-diagnostic,Telemetry continuity without GUI,STATE_WATCH,46497,139,0,0,0,0,0,0,,,ERROR,,,,492,492,0,0,0,10.4118,12.4136,95,96,146,0,0,0,0,0,OK,100,0,0,0,0,0,0,0,0,0,0,0,0,-1,0,-1,0,0,0,0,0,0,NO_DATA,0,0,0,0,0,0,0,0,0,0,0,0,0,0,0,0,0,0,0,0,0,0,0,OK,0,,0,NONE,,,RECOVERING,0,,0,0,0,0,0,0,0,1,0,0,0,0,0,0,0,0,0,0,0,0,0,0,0,0,0,0,6,1,5,0,0,rc 0 0 0 0,,TIMEOUT,2395,41468,4502
E-STATE-CLI-001,telemetry-cli-diagnostic,Telemetry continuity without GUI,STATE_WATCH,46747,140,0,0,0,0,0,0,,,ERROR,,,,495,495,0,0,0,10.3806,11.4173,56,96,146,0,0,0,0,0,OK,100,0,0,0,0,0,0,0,0,0,0,0,0,-1,0,-1,0,0,0,0,0,0,NO_DATA,0,0,0,0,0,0,0,0,0,0,0,0,0,0,0,0,0,0,0,0,0,0,0,OK,0,,0,NONE,,,RECOVERING,0,,0,0,0,0,0,0,0,1,0,0,0,0,0,0,0,0,0,0,0,0,0,0,0,0,0,0,6,1,5,0,0,rc 0 0 0 0,,TIMEOUT,2395,41719,4752
E-STATE-CLI-001,telemetry-cli-diagnostic,Telemetry continuity without GUI,STATE_WATCH,49382,141,0,0,0,0,0,0,,,ERROR,,,,498,498,0,0,0,10.3642,10.9044,17,96,146,0,0,0,0,0,OK,100,0,0,0,0,0,0,0,0,0,0,0,0,-1,0,-1,0,0,0,0,0,0,NO_DATA,0,0,0,0,0,0,0,0,0,0,0,0,0,0,0,0,0,0,0,0,0,0,0,OK,0,,0,NONE,,,RECOVERING,0,,0,0,0,0,0,0,0,1,0,0,0,0,0,0,0,0,0,0,0,0,0,0,0,0,0,0,7,1,6,0,0,rc 0 0 0 0,,TIMEOUT,2387,44354,0
E-STATE-CLI-001,telemetry-cli-diagnostic,Telemetry continuity without GUI,STATE_WATCH,49632,142,0,0,0,0,0,0,,,ERROR,,,,525,525,0,0,0,10.247,11.6014,95,97,146,0,0,0,0,0,OK,100,0,0,0,0,0,0,0,0,0,0,0,0,-1,0,-1,0,0,0,0,0,0,NO_DATA,0,0,0,0,0,0,0,0,0,0,0,0,0,0,0,0,0,0,0,0,0,0,0,OK,0,,0,NONE,,,RECOVERING,0,,0,0,0,0,0,0,0,1,0,0,0,0,0,0,0,0,0,0,0,0,0,0,0,0,0,0,7,1,6,0,0,rc 0 0 0 0,,TIMEOUT,2387,44604,250
E-STATE-CLI-001,telemetry-cli-diagnostic,Telemetry continuity without GUI,STATE_WATCH,49882,143,0,0,0,0,0,0,,,ERROR,,,,528,528,0,0,0,10.3694,11.0212,57,96,146,0,0,0,0,0,OK,100,0,0,0,0,0,0,0,0,0,0,0,0,-1,0,-1,0,0,0,0,0,0,NO_DATA,0,0,0,0,0,0,0,0,0,0,0,0,0,0,0,0,0,0,0,0,0,0,0,OK,0,,0,NONE,,,RECOVERING,0,,0,0,0,0,0,0,0,1,0,0,0,0,0,0,0,0,0,0,0,0,0,0,0,0,0,0,7,1,6,0,0,rc 0 0 0 0,,TIMEOUT,2387,44854,500
E-STATE-CLI-001,telemetry-cli-diagnostic,Telemetry continuity without GUI,STATE_WATCH,50132,144,0,0,0,0,0,0,,,ERROR,,,,531,531,0,0,0,10.2394,10.6775,17,97,146,0,0,0,0,0,OK,100,0,0,0,0,0,0,0,0,0,0,0,0,-1,0,-1,0,0,0,0,0,0,NO_DATA,0,0,0,0,0,0,0,0,0,0,0,0,0,0,0,0,0,0,0,0,0,0,0,OK,0,,0,NONE,,,RECOVERING,0,,0,0,0,0,0,0,0,1,0,0,0,0,0,0,0,0,0,0,0,0,0,0,0,0,0,0,7,1,6,0,0,rc 0 0 0 0,,TIMEOUT,2387,45104,750
E-STATE-CLI-001,telemetry-cli-diagnostic,Telemetry continuity without GUI,STATE_WATCH,50383,145,0,0,0,0,0,0,,,ERROR,,,,533,533,0,0,0,10.3721,10.588,75,96,146,0,0,0,0,0,OK,100,0,0,0,0,0,0,0,0,0,0,0,0,-1,0,-1,0,0,0,0,0,0,NO_DATA,0,0,0,0,0,0,0,0,0,0,0,0,0,0,0,0,0,0,0,0,0,0,0,OK,0,,0,NONE,,,RECOVERING,0,,0,0,0,0,0,0,0,1,0,0,0,0,0,0,0,0,0,0,0,0,0,0,0,0,0,0,7,1,6,0,0,rc 0 0 0 0,,TIMEOUT,2387,45354,1000
E-STATE-CLI-001,telemetry-cli-diagnostic,Telemetry continuity without GUI,STATE_WATCH,50633,146,0,0,0,0,0,0,,,ERROR,,,,536,536,0,0,0,10.37,10.4816,36,96,146,0,0,0,0,0,OK,100,0,0,0,0,0,0,0,0,0,0,0,0,-1,0,-1,0,0,0,0,0,0,NO_DATA,0,0,0,0,0,0,0,0,0,0,0,0,0,0,0,0,0,0,0,0,0,0,0,OK,0,,0,NONE,,,RECOVERING,0,,0,0,0,0,0,0,0,1,0,0,0,0,0,0,0,0,0,0,0,0,0,0,0,0,0,0,7,1,6,0,0,rc 0 0 0 0,,TIMEOUT,2387,45604,1250
E-STATE-CLI-001,telemetry-cli-diagnostic,Telemetry continuity without GUI,STATE_WATCH,50883,147,0,0,0,0,0,0,,,ERROR,,,,538,538,0,0,0,10.3636,10.4403,93,96,146,0,0,0,0,0,OK,100,0,0,0,0,0,0,0,0,0,0,0,0,-1,0,-1,0,0,0,0,0,0,NO_DATA,0,0,0,0,0,0,0,0,0,0,0,0,0,0,0,0,0,0,0,0,0,0,0,OK,0,,0,NONE,,,RECOVERING,0,,0,0,0,0,0,0,0,1,0,0,0,0,0,0,0,0,0,0,0,0,0,0,0,0,0,0,7,1,6,0,0,rc 0 0 0 0,,TIMEOUT,2387,45855,1500
E-STATE-CLI-001,telemetry-cli-diagnostic,Telemetry continuity without GUI,STATE_WATCH,51133,148,0,0,0,0,0,0,,,ERROR,,,,541,541,0,0,0,10.497,10.4121,54,95,146,0,0,0,0,0,OK,100,0,0,0,0,0,0,0,0,0,0,0,0,-1,0,-1,0,0,0,0,0,0,NO_DATA,0,0,0,0,0,0,0,0,0,0,0,0,0,0,0,0,0,0,0,0,0,0,0,OK,0,,0,NONE,,,RECOVERING,0,,0,0,0,0,0,0,0,1,0,0,0,0,0,0,0,0,0,0,0,0,0,0,0,0,0,0,7,1,6,0,0,rc 0 0 0 0,,TIMEOUT,2387,46105,1751
E-STATE-CLI-001,telemetry-cli-diagnostic,Telemetry continuity without GUI,STATE_WATCH,51383,149,0,0,0,0,0,0,,,ERROR,,,,544,544,0,0,0,10.3639,10.3907,15,96,146,0,0,0,0,0,OK,100,0,0,0,0,0,0,0,0,0,0,0,0,-1,0,-1,0,0,0,0,0,0,NO_DATA,0,0,0,0,0,0,0,0,0,0,0,0,0,0,0,0,0,0,0,0,0,0,0,OK,0,,0,NONE,,,RECOVERING,0,,0,0,0,0,0,0,0,1,0,0,0,0,0,0,0,0,0,0,0,0,0,0,0,0,0,0,7,1,6,0,0,rc 0 0 0 0,,TIMEOUT,2387,46355,2001
E-STATE-CLI-001,telemetry-cli-diagnostic,Telemetry continuity without GUI,STATE_WATCH,51633,150,0,0,0,0,0,0,,,ERROR,,,,546,546,0,0,0,10.3167,10.3705,72,96,146,0,0,0,0,0,OK,100,0,0,0,0,0,0,0,0,0,0,0,0,-1,0,-1,0,0,0,0,0,0,NO_DATA,0,0,0,0,0,0,0,0,0,0,0,0,0,0,0,0,0,0,0,0,0,0,0,OK,0,,0,NONE,,,RECOVERING,0,,0,0,0,0,0,0,0,1,0,0,0,0,0,0,0,0,0,0,0,0,0,0,0,0,0,0,7,1,6,0,0,rc 0 0 0 0,,TIMEOUT,2387,46605,2251
E-STATE-CLI-001,telemetry-cli-diagnostic,Telemetry continuity without GUI,STATE_WATCH,51883,151,0,0,0,0,0,0,,,ERROR,,,,549,549,0,0,0,10.3701,10.3808,33,96,146,0,0,0,0,0,OK,100,0,0,0,0,0,0,0,0,0,0,0,0,-1,0,-1,0,0,0,0,0,0,NO_DATA,0,0,0,0,0,0,0,0,0,0,0,0,0,0,0,0,0,0,0,0,0,0,0,OK,0,,0,NONE,,,RECOVERING,0,,0,0,0,0,0,0,0,1,0,0,0,0,0,0,0,0,0,0,0,0,0,0,0,0,0,0,7,1,6,0,0,rc 0 0 0 0,,TIMEOUT,2387,46855,2501
E-STATE-CLI-001,telemetry-cli-diagnostic,Telemetry continuity without GUI,STATE_WATCH,52134,152,0,0,0,0,0,0,,,ERROR,,,,551,551,0,0,0,10.3596,10.3745,90,96,146,0,0,0,0,0,OK,100,0,0,0,0,0,0,0,0,0,0,0,0,-1,0,-1,0,0,0,0,0,0,NO_DATA,0,0,0,0,0,0,0,0,0,0,0,0,0,0,0,0,0,0,0,0,0,0,0,OK,0,,0,NONE,,,RECOVERING,0,,0,0,0,0,0,0,0,1,0,0,0,0,0,0,0,0,0,0,0,0,0,0,0,0,0,0,7,1,6,0,0,rc 0 0 0 0,,TIMEOUT,2387,47105,2751
E-STATE-CLI-001,telemetry-cli-diagnostic,Telemetry continuity without GUI,STATE_WATCH,52384,153,0,0,0,0,0,0,,,ERROR,,,,555,555,0,0,0,10.5159,11.9722,3,95,146,0,0,0,0,0,OK,100,0,0,0,0,0,0,0,0,0,0,0,0,-1,0,-1,0,0,0,0,0,0,NO_DATA,0,0,0,0,0,0,0,0,0,0,0,0,0,0,0,0,0,0,0,0,0,0,0,OK,0,,0,NONE,,,RECOVERING,0,,0,0,0,0,0,0,0,1,0,0,0,0,0,0,0,0,0,0,0,0,0,0,0,0,0,0,7,1,6,0,0,rc 0 0 0 0,,TIMEOUT,2387,47355,3001
E-STATE-CLI-001,telemetry-cli-diagnostic,Telemetry continuity without GUI,STATE_WATCH,52634,154,0,0,0,0,0,0,,,ERROR,,,,557,557,0,0,0,10.3704,11.3947,60,96,146,0,0,0,0,0,OK,100,0,0,0,0,0,0,0,0,0,0,0,0,-1,0,-1,0,0,0,0,0,0,NO_DATA,0,0,0,0,0,0,0,0,0,0,0,0,0,0,0,0,0,0,0,0,0,0,0,OK,0,,0,NONE,,,RECOVERING,0,,0,0,0,0,0,0,0,1,0,0,0,0,0,0,0,0,0,0,0,0,0,0,0,0,0,0,7,1,6,0,0,rc 0 0 0 0,,TIMEOUT,2387,47606,3252
E-STATE-CLI-001,telemetry-cli-diagnostic,Telemetry continuity without GUI,STATE_WATCH,52884,155,0,0,0,0,0,0,,,ERROR,,,,560,560,0,0,0,10.3669,10.8945,21,96,146,0,0,0,0,0,OK,100,0,0,0,0,0,0,0,0,0,0,0,0,-1,0,-1,0,0,0,0,0,0,NO_DATA,0,0,0,0,0,0,0,0,0,0,0,0,0,0,0,0,0,0,0,0,0,0,0,OK,0,,0,NONE,,,RECOVERING,0,,0,0,0,0,0,0,0,1,0,0,0,0,0,0,0,0,0,0,0,0,0,0,0,0,0,0,7,1,6,0,0,rc 0 0 0 0,,TIMEOUT,2387,47856,3502
E-STATE-CLI-001,telemetry-cli-diagnostic,Telemetry continuity without GUI,STATE_WATCH,53134,156,0,0,0,0,0,0,,,ERROR,,,,562,562,0,0,0,10.4799,10.7064,78,95,146,0,0,0,0,0,OK,100,0,0,0,0,0,0,0,0,0,0,0,0,-1,0,-1,0,0,0,0,0,0,NO_DATA,0,0,0,0,0,0,0,0,0,0,0,0,0,0,0,0,0,0,0,0,0,0,0,OK,0,,0,NONE,,,RECOVERING,0,,0,0,0,0,0,0,0,1,0,0,0,0,0,0,0,0,0,0,0,0,0,0,0,0,0,0,7,1,6,0,0,rc 0 0 0 0,,TIMEOUT,2387,48106,3752
E-STATE-CLI-001,telemetry-cli-diagnostic,Telemetry continuity without GUI,STATE_WATCH,53384,157,0,0,0,0,0,0,,,ERROR,,,,565,565,0,0,0,10.3578,10.5437,39,96,146,0,0,0,0,0,OK,100,0,0,0,0,0,0,0,0,0,0,0,0,-1,0,-1,0,0,0,0,0,0,NO_DATA,0,0,0,0,0,0,0,0,0,0,0,0,0,0,0,0,0,0,0,0,0,0,0,OK,0,,0,NONE,,,RECOVERING,0,,0,0,0,0,0,0,0,1,0,0,0,0,0,0,0,0,0,0,0,0,0,0,0,0,0,0,7,1,6,0,0,rc 0 0 0 0,,TIMEOUT,2387,48356,4002
E-STATE-CLI-001,telemetry-cli-diagnostic,Telemetry continuity without GUI,STATE_WATCH,53635,158,0,0,0,0,0,0,,,ERROR,,,,567,567,0,0,0,10.3321,10.4663,96,96,146,0,0,0,0,0,OK,100,0,0,0,0,0,0,0,0,0,0,0,0,-1,0,-1,0,0,0,0,0,0,NO_DATA,0,0,0,0,0,0,0,0,0,0,0,0,0,0,0,0,0,0,0,0,0,0,0,OK,0,,0,NONE,,,RECOVERING,0,,0,0,0,0,0,0,0,1,0,0,0,0,0,0,0,0,0,0,0,0,0,0,0,0,0,0,7,1,6,0,0,rc 0 0 0 0,,TIMEOUT,2387,48606,4252
E-STATE-CLI-001,telemetry-cli-diagnostic,Telemetry continuity without GUI,STATE_WATCH,53885,159,0,0,0,0,0,0,,,ERROR,,,,570,570,0,0,0,10.3372,10.4022,55,96,146,0,0,0,0,0,OK,100,0,0,0,0,0,0,0,0,0,0,0,0,-1,0,-1,0,0,0,0,0,0,NO_DATA,0,0,0,0,0,0,0,0,0,0,0,0,0,0,0,0,0,0,0,0,0,0,0,OK,0,,0,NONE,,,RECOVERING,0,,0,0,0,0,0,0,0,1,0,0,0,0,0,0,0,0,0,0,0,0,0,0,0,0,0,0,7,1,6,0,0,rc 0 0 0 0,,TIMEOUT,2387,48856,4502
E-STATE-CLI-001,telemetry-cli-diagnostic,Telemetry continuity without GUI,STATE_WATCH,54135,160,0,0,0,0,0,0,,,ERROR,,,,573,573,0,0,0,10.3356,10.3695,15,96,146,0,0,0,0,0,OK,100,0,0,0,0,0,0,0,0,0,0,0,0,-1,0,-1,0,0,0,0,0,0,NO_DATA,0,0,0,0,0,0,0,0,0,0,0,0,0,0,0,0,0,0,0,0,0,0,0,OK,0,,0,NONE,,,RECOVERING,0,,0,0,0,0,0,0,0,1,0,0,0,0,0,0,0,0,0,0,0,0,0,0,0,0,0,0,7,1,6,0,0,rc 0 0 0 0,,TIMEOUT,2387,49107,4753
E-STATE-CLI-001,telemetry-cli-diagnostic,Telemetry continuity without GUI,STATE_WATCH,56774,161,0,0,0,0,0,0,,,ERROR,,,,575,575,0,0,0,10.3319,10.355,72,96,146,0,0,0,0,0,OK,100,0,0,0,0,0,0,0,0,0,0,0,0,-1,0,-1,0,0,0,0,0,0,NO_DATA,0,0,0,0,0,0,0,0,0,0,0,0,0,0,0,0,0,0,0,0,0,0,0,OK,0,,0,NONE,,,RECOVERING,0,,0,0,0,0,0,0,0,1,0,0,0,0,0,0,0,0,0,0,0,0,0,0,0,0,0,0,8,1,7,0,0,rc 0 0 0 0,,TIMEOUT,2391,51746,0
E-STATE-CLI-001,telemetry-cli-diagnostic,Telemetry continuity without GUI,STATE_WATCH,57024,162,0,0,0,0,0,0,,,ERROR,,,,603,603,0,0,0,10.4198,10.4892,49,95,146,0,0,0,0,0,OK,100,0,0,0,0,0,0,0,0,0,0,0,0,-1,0,-1,0,0,0,0,0,0,NO_DATA,0,0,0,0,0,0,0,0,0,0,0,0,0,0,0,0,0,0,0,0,0,0,0,OK,0,,0,NONE,,,RECOVERING,0,,0,0,0,0,0,0,0,1,0,0,0,0,0,0,0,0,0,0,0,0,0,0,0,0,0,0,8,1,7,0,0,rc 0 0 0 0,,TIMEOUT,2391,51996,250
E-STATE-CLI-001,telemetry-cli-diagnostic,Telemetry continuity without GUI,STATE_WATCH,57274,163,0,0,0,0,0,0,,,ERROR,,,,606,606,0,0,0,10.3278,10.412,9,96,146,0,0,0,0,0,OK,100,0,0,0,0,0,0,0,0,0,0,0,0,-1,0,-1,0,0,0,0,0,0,NO_DATA,0,0,0,0,0,0,0,0,0,0,0,0,0,0,0,0,0,0,0,0,0,0,0,OK,0,,0,NONE,,,RECOVERING,0,,0,0,0,0,0,0,0,1,0,0,0,0,0,0,0,0,0,0,0,0,0,0,0,0,0,0,8,1,7,0,0,rc 0 0 0 0,,TIMEOUT,2391,52246,500
E-STATE-CLI-001,telemetry-cli-diagnostic,Telemetry continuity without GUI,STATE_WATCH,57524,164,0,0,0,0,0,0,,,ERROR,,,,608,608,0,0,0,10.335,10.3834,65,96,146,0,0,0,0,0,OK,100,0,0,0,0,0,0,0,0,0,0,0,0,-1,0,-1,0,0,0,0,0,0,NO_DATA,0,0,0,0,0,0,0,0,0,0,0,0,0,0,0,0,0,0,0,0,0,0,0,OK,0,,0,NONE,,,RECOVERING,0,,0,0,0,0,0,0,0,1,0,0,0,0,0,0,0,0,0,0,0,0,0,0,0,0,0,0,8,1,7,0,0,rc 0 0 0 0,,TIMEOUT,2391,52496,750
E-STATE-CLI-001,telemetry-cli-diagnostic,Telemetry continuity without GUI,STATE_WATCH,57775,165,0,0,0,0,0,0,,,ERROR,,,,611,611,0,0,0,10.3289,10.3661,25,96,146,0,0,0,0,0,OK,100,0,0,0,0,0,0,0,0,0,0,0,0,-1,0,-1,0,0,0,0,0,0,NO_DATA,0,0,0,0,0,0,0,0,0,0,0,0,0,0,0,0,0,0,0,0,0,0,0,OK,0,,0,NONE,,,RECOVERING,0,,0,0,0,0,0,0,0,1,0,0,0,0,0,0,0,0,0,0,0,0,0,0,0,0,0,0,8,1,7,0,0,rc 0 0 0 0,,TIMEOUT,2391,52746,1000
E-STATE-CLI-001,telemetry-cli-diagnostic,Telemetry continuity without GUI,STATE_WATCH,58025,166,0,0,0,0,0,0,,,ERROR,,,,613,613,0,0,0,10.3291,10.3514,81,96,146,0,0,0,0,0,OK,100,0,0,0,0,0,0,0,0,0,0,0,0,-1,0,-1,0,0,0,0,0,0,NO_DATA,0,0,0,0,0,0,0,0,0,0,0,0,0,0,0,0,0,0,0,0,0,0,0,OK,0,,0,NONE,,,RECOVERING,0,,0,0,0,0,0,0,0,1,0,0,0,0,0,0,0,0,0,0,0,0,0,0,0,0,0,0,8,1,7,0,0,rc 0 0 0 0,,TIMEOUT,2391,52996,1250
E-STATE-CLI-001,telemetry-cli-diagnostic,Telemetry continuity without GUI,STATE_WATCH,58275,167,0,0,0,0,0,0,,,ERROR,,,,616,616,0,0,0,10.3323,10.343,41,96,146,0,0,0,0,0,OK,100,0,0,0,0,0,0,0,0,0,0,0,0,-1,0,-1,0,0,0,0,0,0,NO_DATA,0,0,0,0,0,0,0,0,0,0,0,0,0,0,0,0,0,0,0,0,0,0,0,OK,0,,0,NONE,,,RECOVERING,0,,0,0,0,0,0,0,0,1,0,0,0,0,0,0,0,0,0,0,0,0,0,0,0,0,0,0,8,1,7,0,0,rc 0 0 0 0,,TIMEOUT,2391,53247,1501
E-STATE-CLI-001,telemetry-cli-diagnostic,Telemetry continuity without GUI,STATE_WATCH,58525,168,0,0,0,0,0,0,,,ERROR,,,,619,619,0,0,0,10.3272,10.3367,1,96,146,0,0,0,0,0,OK,100,0,0,0,0,0,0,0,0,0,0,0,0,-1,0,-1,0,0,0,0,0,0,NO_DATA,0,0,0,0,0,0,0,0,0,0,0,0,0,0,0,0,0,0,0,0,0,0,0,OK,0,,0,NONE,,,RECOVERING,0,,0,0,0,0,0,0,0,1,0,0,0,0,0,0,0,0,0,0,0,0,0,0,0,0,0,0,8,1,7,0,0,rc 0 0 0 0,,TIMEOUT,2391,53497,1751
E-STATE-CLI-001,telemetry-cli-diagnostic,Telemetry continuity without GUI,STATE_WATCH,58775,169,0,0,0,0,0,0,,,ERROR,,,,621,621,0,0,0,10.3384,10.3352,58,96,146,0,0,0,0,0,OK,100,0,0,0,0,0,0,0,0,0,0,0,0,-1,0,-1,0,0,0,0,0,0,NO_DATA,0,0,0,0,0,0,0,0,0,0,0,0,0,0,0,0,0,0,0,0,0,0,0,OK,0,,0,NONE,,,RECOVERING,0,,0,0,0,0,0,0,0,1,0,0,0,0,0,0,0,0,0,0,0,0,0,0,0,0,0,0,8,1,7,0,0,rc 0 0 0 0,,TIMEOUT,2391,53747,2001
E-STATE-CLI-001,telemetry-cli-diagnostic,Telemetry continuity without GUI,STATE_WATCH,59025,170,0,0,0,0,0,0,,,ERROR,,,,624,624,0,0,0,10.3274,11.9898,66,96,146,0,0,0,0,0,OK,100,0,0,0,0,0,0,0,0,0,0,0,0,-1,0,-1,0,0,0,0,0,0,NO_DATA,0,0,0,0,0,0,0,0,0,0,0,0,0,0,0,0,0,0,0,0,0,0,0,OK,0,,0,NONE,,,RECOVERING,0,,0,0,0,0,0,0,0,1,0,0,0,0,0,0,0,0,0,0,0,0,0,0,0,0,0,0,8,1,7,0,0,rc 0 0 0 0,,TIMEOUT,2391,53997,2251
E-STATE-CLI-001,telemetry-cli-diagnostic,Telemetry continuity without GUI,STATE_WATCH,59276,171,0,0,0,0,0,0,,,ERROR,,,,627,627,0,0,0,10.3217,11.1786,25,96,146,0,0,0,0,0,OK,100,0,0,0,0,0,0,0,0,0,0,0,0,-1,0,-1,0,0,0,0,0,0,NO_DATA,0,0,0,0,0,0,0,0,0,0,0,0,0,0,0,0,0,0,0,0,0,0,0,OK,0,,0,NONE,,,RECOVERING,0,,0,0,0,0,0,0,0,1,0,0,0,0,0,0,0,0,0,0,0,0,0,0,0,0,0,0,8,1,7,0,0,rc 0 0 0 0,,TIMEOUT,2391,54247,2501
E-STATE-CLI-001,telemetry-cli-diagnostic,Telemetry continuity without GUI,STATE_WATCH,59526,172,0,0,0,0,0,0,,,ERROR,,,,629,629,0,0,0,10.3312,10.8739,82,96,146,0,0,0,0,0,OK,100,0,0,0,0,0,0,0,0,0,0,0,0,-1,0,-1,0,0,0,0,0,0,NO_DATA,0,0,0,0,0,0,0,0,0,0,0,0,0,0,0,0,0,0,0,0,0,0,0,OK,0,,0,NONE,,,RECOVERING,0,,0,0,0,0,0,0,0,1,0,0,0,0,0,0,0,0,0,0,0,0,0,0,0,0,0,0,8,1,7,0,0,rc 0 0 0 0,,TIMEOUT,2391,54497,2751
E-STATE-CLI-001,telemetry-cli-diagnostic,Telemetry continuity without GUI,STATE_WATCH,59776,173,0,0,0,0,0,0,,,ERROR,,,,632,632,0,0,0,10.3212,10.6072,42,96,146,0,0,0,0,0,OK,100,0,0,0,0,0,0,0,0,0,0,0,0,-1,0,-1,0,0,0,0,0,0,NO_DATA,0,0,0,0,0,0,0,0,0,0,0,0,0,0,0,0,0,0,0,0,0,0,0,OK,0,,0,NONE,,,RECOVERING,0,,0,0,0,0,0,0,0,1,0,0,0,0,0,0,0,0,0,0,0,0,0,0,0,0,0,0,8,1,7,0,0,rc 0 0 0 0,,TIMEOUT,2391,54748,3001
E-STATE-CLI-001,telemetry-cli-diagnostic,Telemetry continuity without GUI,STATE_WATCH,60026,174,0,0,0,0,0,0,,,ERROR,,,,635,635,0,0,0,10.2311,10.4545,1,97,146,0,0,0,0,0,OK,100,0,0,0,0,0,0,0,0,0,0,0,0,-1,0,-1,0,0,0,0,0,0,NO_DATA,0,0,0,0,0,0,0,0,0,0,0,0,0,0,0,0,0,0,0,0,0,0,0,OK,0,,0,NONE,,,RECOVERING,0,,0,0,0,0,0,0,0,1,0,0,0,0,0,0,0,0,0,0,0,0,0,0,0,0,0,0,8,1,7,0,0,rc 0 0 0 0,,TIMEOUT,2391,54998,3252
E-STATE-CLI-001,telemetry-cli-diagnostic,Telemetry continuity without GUI,STATE_WATCH,60276,175,0,0,0,0,0,0,,,ERROR,,,,637,637,0,0,0,10.3321,10.4269,58,96,146,0,0,0,0,0,OK,100,0,0,0,0,0,0,0,0,0,0,0,0,-1,0,-1,0,0,0,0,0,0,NO_DATA,0,0,0,0,0,0,0,0,0,0,0,0,0,0,0,0,0,0,0,0,0,0,0,OK,0,,0,NONE,,,RECOVERING,0,,0,0,0,0,0,0,0,1,0,0,0,0,0,0,0,0,0,0,0,0,0,0,0,0,0,0,8,1,7,0,0,rc 0 0 0 0,,TIMEOUT,2391,55248,3502
E-STATE-CLI-001,telemetry-cli-diagnostic,Telemetry continuity without GUI,STATE_WATCH,60526,176,0,0,0,0,0,0,,,ERROR,,,,640,640,0,0,0,10.5583,10.3894,18,94,146,0,0,0,0,0,OK,100,0,0,0,0,0,0,0,0,0,0,0,0,-1,0,-1,0,0,0,0,0,0,NO_DATA,0,0,0,0,0,0,0,0,0,0,0,0,0,0,0,0,0,0,0,0,0,0,0,OK,0,,0,NONE,,,RECOVERING,0,,0,0,0,0,0,0,0,1,0,0,0,0,0,0,0,0,0,0,0,0,0,0,0,0,0,0,8,1,7,0,0,rc 0 0 0 0,,TIMEOUT,2391,55498,3752
E-STATE-CLI-001,telemetry-cli-diagnostic,Telemetry continuity without GUI,STATE_WATCH,60776,177,0,0,0,0,0,0,,,ERROR,,,,642,642,0,0,0,10.3195,10.3681,74,96,146,0,0,0,0,0,OK,100,0,0,0,0,0,0,0,0,0,0,0,0,-1,0,-1,0,0,0,0,0,0,NO_DATA,0,0,0,0,0,0,0,0,0,0,0,0,0,0,0,0,0,0,0,0,0,0,0,OK,0,,0,NONE,,,RECOVERING,0,,0,0,0,0,0,0,0,1,0,0,0,0,0,0,0,0,0,0,0,0,0,0,0,0,0,0,8,1,7,0,0,rc 0 0 0 0,,TIMEOUT,2391,55748,4002
E-STATE-CLI-001,telemetry-cli-diagnostic,Telemetry continuity without GUI,STATE_WATCH,61027,178,0,0,0,0,0,0,,,ERROR,,,,645,645,0,0,0,10.369,10.3545,34,96,146,0,0,0,0,0,OK,100,0,0,0,0,0,0,0,0,0,0,0,0,-1,0,-1,0,0,0,0,0,0,NO_DATA,0,0,0,0,0,0,0,0,0,0,0,0,0,0,0,0,0,0,0,0,0,0,0,OK,0,,0,NONE,,,RECOVERING,0,,0,0,0,0,0,0,0,1,0,0,0,0,0,0,0,0,0,0,0,0,0,0,0,0,0,0,8,1,7,0,0,rc 0 0 0 0,,TIMEOUT,2391,55998,4252
E-STATE-CLI-001,telemetry-cli-diagnostic,Telemetry continuity without GUI,STATE_WATCH,61277,179,0,0,0,0,0,0,,,ERROR,,,,647,647,0,0,0,10.3932,10.3469,91,96,146,0,0,0,0,0,OK,100,0,0,0,0,0,0,0,0,0,0,0,0,-1,0,-1,0,0,0,0,0,0,NO_DATA,0,0,0,0,0,0,0,0,0,0,0,0,0,0,0,0,0,0,0,0,0,0,0,OK,0,,0,NONE,,,RECOVERING,0,,0,0,0,0,0,0,0,1,0,0,0,0,0,0,0,0,0,0,0,0,0,0,0,0,0,0,8,1,7,0,0,rc 0 0 0 0,,TIMEOUT,2391,56249,4502
E-STATE-CLI-001,telemetry-cli-diagnostic,Telemetry continuity without GUI,STATE_WATCH,61527,180,0,0,0,0,0,0,,,ERROR,,,,650,650,0,0,0,10.1975,10.284,47,98,146,0,0,0,0,0,OK,100,0,0,0,0,0,0,0,0,0,0,0,0,-1,0,-1,0,0,0,0,0,0,NO_DATA,0,0,0,0,0,0,0,0,0,0,0,0,0,0,0,0,0,0,0,0,0,0,0,OK,0,,0,NONE,,,RECOVERING,0,,0,0,0,0,0,0,0,1,0,0,0,0,0,0,0,0,0,0,0,0,0,0,0,0,0,0,8,1,7,0,0,rc 0 0 0 0,,TIMEOUT,2391,56499,4753
E-STATE-CLI-001,telemetry-cli-diagnostic,Telemetry continuity without GUI,STATE_WATCH,64166,181,0,0,0,0,0,0,,,ERROR,,,,653,653,0,0,0,19.6552,12.119,50,50,146,0,0,0,0,0,OK,100,0,0,0,0,0,0,0,0,0,0,0,0,-1,0,-1,0,0,0,0,0,0,NO_DATA,0,0,0,0,0,0,0,0,0,0,0,0,0,0,0,0,0,0,0,0,0,0,0,OK,0,,0,NONE,,,RECOVERING,0,,0,0,0,0,0,0,0,1,0,0,0,0,0,0,0,0,0,0,0,0,0,0,0,0,0,0,9,1,8,0,0,rc 0 0 0 0,,TIMEOUT,2391,59138,0
E-STATE-CLI-001,telemetry-cli-diagnostic,Telemetry continuity without GUI,STATE_WATCH,64416,182,0,0,0,0,0,0,,,ERROR,,,,680,680,0,0,0,9.73462,10.0184,21,102,146,0,0,0,0,0,OK,100,0,0,0,0,0,0,0,0,0,0,0,0,-1,0,-1,0,0,0,0,0,0,NO_DATA,0,0,0,0,0,0,0,0,0,0,0,0,0,0,0,0,0,0,0,0,0,0,0,OK,0,,0,NONE,,,RECOVERING,0,,0,0,0,0,0,0,0,1,0,0,0,0,0,0,0,0,0,0,0,0,0,0,0,0,0,0,9,1,8,0,0,rc 0 0 0 0,,TIMEOUT,2391,59388,250
E-STATE-CLI-001,telemetry-cli-diagnostic,Telemetry continuity without GUI,STATE_WATCH,64666,183,0,0,0,0,0,0,,,ERROR,,,,682,682,0,0,0,10.6571,10.2279,82,93,146,0,0,0,0,0,OK,100,0,0,0,0,0,0,0,0,0,0,0,0,-1,0,-1,0,0,0,0,0,0,NO_DATA,0,0,0,0,0,0,0,0,0,0,0,0,0,0,0,0,0,0,0,0,0,0,0,OK,0,,0,NONE,,,RECOVERING,0,,0,0,0,0,0,0,0,1,0,0,0,0,0,0,0,0,0,0,0,0,0,0,0,0,0,0,9,1,8,0,0,rc 0 0 0 0,,TIMEOUT,2391,59638,500
E-STATE-CLI-001,telemetry-cli-diagnostic,Telemetry continuity without GUI,STATE_WATCH,64916,184,0,0,0,0,0,0,,,ERROR,,,,685,685,0,0,0,10.1108,10.1983,37,98,146,0,0,0,0,0,OK,100,0,0,0,0,0,0,0,0,0,0,0,0,-1,0,-1,0,0,0,0,0,0,NO_DATA,0,0,0,0,0,0,0,0,0,0,0,0,0,0,0,0,0,0,0,0,0,0,0,OK,0,,0,NONE,,,RECOVERING,0,,0,0,0,0,0,0,0,1,0,0,0,0,0,0,0,0,0,0,0,0,0,0,0,0,0,0,9,1,8,0,0,rc 0 0 0 0,,TIMEOUT,2391,59888,750
E-STATE-CLI-001,telemetry-cli-diagnostic,Telemetry continuity without GUI,STATE_WATCH,65167,185,0,0,0,0,0,0,,,ERROR,,,,688,688,0,0,0,20.3834,12.1797,39,49,146,0,0,0,0,0,OK,100,0,0,0,0,0,0,0,0,0,0,0,0,-1,0,-1,0,0,0,0,0,0,NO_DATA,0,0,0,0,0,0,0,0,0,0,0,0,0,0,0,0,0,0,0,0,0,0,0,OK,0,,0,NONE,,,RECOVERING,0,,0,0,0,0,0,0,0,1,0,0,0,0,0,0,0,0,0,0,0,0,0,0,0,0,0,0,9,1,8,0,0,rc 0 0 0 0,,TIMEOUT,2391,60138,1000
E-STATE-CLI-001,telemetry-cli-diagnostic,Telemetry continuity without GUI,STATE_WATCH,65417,186,0,0,0,0,0,0,,,ERROR,,,,690,690,0,0,0,19.2939,12.7572,92,51,146,0,0,0,0,0,OK,100,0,0,0,0,0,0,0,0,0,0,0,0,-1,0,-1,0,0,0,0,0,0,NO_DATA,0,0,0,0,0,0,0,0,0,0,0,0,0,0,0,0,0,0,0,0,0,0,0,OK,0,,0,NONE,,,RECOVERING,0,,0,0,0,0,0,0,0,1,0,0,0,0,0,0,0,0,0,0,0,0,0,0,0,0,0,0,9,1,8,0,0,rc 0 0 0 0,,TIMEOUT,2391,60389,1250
E-STATE-CLI-001,telemetry-cli-diagnostic,Telemetry continuity without GUI,STATE_WATCH,65667,187,0,0,0,0,0,0,,,ERROR,,,,693,693,0,0,0,10.1369,11.5163,49,98,146,0,0,0,0,0,OK,100,0,0,0,0,0,0,0,0,0,0,0,0,-1,0,-1,0,0,0,0,0,0,NO_DATA,0,0,0,0,0,0,0,0,0,0,0,0,0,0,0,0,0,0,0,0,0,0,0,OK,0,,0,NONE,,,RECOVERING,0,,0,0,0,0,0,0,0,1,0,0,0,0,0,0,0,0,0,0,0,0,0,0,0,0,0,0,9,1,8,0,0,rc 0 0 0 0,,TIMEOUT,2391,60639,1501
E-STATE-CLI-001,telemetry-cli-diagnostic,Telemetry continuity without GUI,STATE_WATCH,65917,188,0,0,0,0,0,0,,,ERROR,,,,696,696,0,0,0,10.1494,10.8506,4,98,146,0,0,0,0,0,OK,100,0,0,0,0,0,0,0,0,0,0,0,0,-1,0,-1,0,0,0,0,0,0,NO_DATA,0,0,0,0,0,0,0,0,0,0,0,0,0,0,0,0,0,0,0,0,0,0,0,OK,0,,0,NONE,,,RECOVERING,0,,0,0,0,0,0,0,0,1,0,0,0,0,0,0,0,0,0,0,0,0,0,0,0,0,0,0,9,1,8,0,0,rc 0 0 0 0,,TIMEOUT,2391,60889,1751
E-STATE-CLI-001,telemetry-cli-diagnostic,Telemetry continuity without GUI,STATE_WATCH,66167,189,0,0,0,0,0,0,,,ERROR,,,,698,698,0,0,0,10.1643,10.5993,57,98,146,0,0,0,0,0,OK,100,0,0,0,0,0,0,0,0,0,0,0,0,-1,0,-1,0,0,0,0,0,0,NO_DATA,0,0,0,0,0,0,0,0,0,0,0,0,0,0,0,0,0,0,0,0,0,0,0,OK,0,,0,NONE,,,RECOVERING,0,,0,0,0,0,0,0,0,1,0,0,0,0,0,0,0,0,0,0,0,0,0,0,0,0,0,0,9,1,8,0,0,rc 0 0 0 0,,TIMEOUT,2391,61139,2001
E-STATE-CLI-001,telemetry-cli-diagnostic,Telemetry continuity without GUI,STATE_WATCH,66418,190,0,0,0,0,0,0,,,ERROR,,,,701,701,0,0,0,10.1693,10.3627,10,98,146,0,0,0,0,0,OK,100,0,0,0,0,0,0,0,0,0,0,0,0,-1,0,-1,0,0,0,0,0,0,NO_DATA,0,0,0,0,0,0,0,0,0,0,0,0,0,0,0,0,0,0,0,0,0,0,0,OK,0,,0,NONE,,,RECOVERING,0,,0,0,0,0,0,0,0,1,0,0,0,0,0,0,0,0,0,0,0,0,0,0,0,0,0,0,9,1,8,0,0,rc 0 0 0 0,,TIMEOUT,2391,61389,2251
E-STATE-CLI-001,telemetry-cli-diagnostic,Telemetry continuity without GUI,STATE_WATCH,66668,191,0,0,0,0,0,0,,,ERROR,,,,703,703,0,0,0,10.1489,10.2877,64,98,146,0,0,0,0,0,OK,100,0,0,0,0,0,0,0,0,0,0,0,0,-1,0,-1,0,0,0,0,0,0,NO_DATA,0,0,0,0,0,0,0,0,0,0,0,0,0,0,0,0,0,0,0,0,0,0,0,OK,0,,0,NONE,,,RECOVERING,0,,0,0,0,0,0,0,0,1,0,0,0,0,0,0,0,0,0,0,0,0,0,0,0,0,0,0,9,1,8,0,0,rc 0 0 0 0,,TIMEOUT,2391,61639,2501
E-STATE-CLI-001,telemetry-cli-diagnostic,Telemetry continuity without GUI,STATE_WATCH,66918,192,0,0,0,0,0,0,,,ERROR,,,,706,706,0,0,0,10.1514,10.2225,18,98,146,0,0,0,0,0,OK,100,0,0,0,0,0,0,0,0,0,0,0,0,-1,0,-1,0,0,0,0,0,0,NO_DATA,0,0,0,0,0,0,0,0,0,0,0,0,0,0,0,0,0,0,0,0,0,0,0,OK,0,,0,NONE,,,RECOVERING,0,,0,0,0,0,0,0,0,1,0,0,0,0,0,0,0,0,0,0,0,0,0,0,0,0,0,0,9,1,8,0,0,rc 0 0 0 0,,TIMEOUT,2391,61890,2752
E-STATE-CLI-001,telemetry-cli-diagnostic,Telemetry continuity without GUI,STATE_WATCH,67168,193,0,0,0,0,0,0,,,ERROR,,,,708,708,0,0,0,10.1419,10.194,71,98,146,0,0,0,0,0,OK,100,0,0,0,0,0,0,0,0,0,0,0,0,-1,0,-1,0,0,0,0,0,0,NO_DATA,0,0,0,0,0,0,0,0,0,0,0,0,0,0,0,0,0,0,0,0,0,0,0,OK,0,,0,NONE,,,RECOVERING,0,,0,0,0,0,0,0,0,1,0,0,0,0,0,0,0,0,0,0,0,0,0,0,0,0,0,0,9,1,8,0,0,rc 0 0 0 0,,TIMEOUT,2391,62140,3002
E-STATE-CLI-001,telemetry-cli-diagnostic,Telemetry continuity without GUI,STATE_WATCH,67418,194,0,0,0,0,0,0,,,ERROR,,,,711,711,0,0,0,10.1529,10.1733,26,98,146,0,0,0,0,0,OK,100,0,0,0,0,0,0,0,0,0,0,0,0,-1,0,-1,0,0,0,0,0,0,NO_DATA,0,0,0,0,0,0,0,0,0,0,0,0,0,0,0,0,0,0,0,0,0,0,0,OK,0,,0,NONE,,,RECOVERING,0,,0,0,0,0,0,0,0,1,0,0,0,0,0,0,0,0,0,0,0,0,0,0,0,0,0,0,9,1,8,0,0,rc 0 0 0 0,,TIMEOUT,2391,62390,3252
E-STATE-CLI-001,telemetry-cli-diagnostic,Telemetry continuity without GUI,STATE_WATCH,67668,195,0,0,0,0,0,0,,,ERROR,,,,713,713,0,0,0,10.1459,10.1638,79,98,146,0,0,0,0,0,OK,100,0,0,0,0,0,0,0,0,0,0,0,0,-1,0,-1,0,0,0,0,0,0,NO_DATA,0,0,0,0,0,0,0,0,0,0,0,0,0,0,0,0,0,0,0,0,0,0,0,OK,0,,0,NONE,,,RECOVERING,0,,0,0,0,0,0,0,0,1,0,0,0,0,0,0,0,0,0,0,0,0,0,0,0,0,0,0,9,1,8,0,0,rc 0 0 0 0,,TIMEOUT,2391,62640,3502
E-STATE-CLI-001,telemetry-cli-diagnostic,Telemetry continuity without GUI,STATE_WATCH,67919,196,0,0,0,0,0,0,,,ERROR,,,,716,716,0,0,0,10.1531,10.1573,33,98,146,0,0,0,0,0,OK,100,0,0,0,0,0,0,0,0,0,0,0,0,-1,0,-1,0,0,0,0,0,0,NO_DATA,0,0,0,0,0,0,0,0,0,0,0,0,0,0,0,0,0,0,0,0,0,0,0,OK,0,,0,NONE,,,RECOVERING,0,,0,0,0,0,0,0,0,1,0,0,0,0,0,0,0,0,0,0,0,0,0,0,0,0,0,0,9,1,8,0,0,rc 0 0 0 0,,TIMEOUT,2391,62890,3752
E-STATE-CLI-001,telemetry-cli-diagnostic,Telemetry continuity without GUI,STATE_WATCH,68169,197,0,0,0,0,0,0,,,ERROR,,,,718,718,0,0,0,10.1635,10.1545,87,98,146,0,0,0,0,0,OK,100,0,0,0,0,0,0,0,0,0,0,0,0,-1,0,-1,0,0,0,0,0,0,NO_DATA,0,0,0,0,0,0,0,0,0,0,0,0,0,0,0,0,0,0,0,0,0,0,0,OK,0,,0,NONE,,,RECOVERING,0,,0,0,0,0,0,0,0,1,0,0,0,0,0,0,0,0,0,0,0,0,0,0,0,0,0,0,9,1,8,0,0,rc 0 0 0 0,,TIMEOUT,2391,63140,4002
E-STATE-CLI-001,telemetry-cli-diagnostic,Telemetry continuity without GUI,STATE_WATCH,68419,198,0,0,0,0,0,0,,,ERROR,,,,721,721,0,0,0,10.1497,10.1513,41,98,146,0,0,0,0,0,OK,100,0,0,0,0,0,0,0,0,0,0,0,0,-1,0,-1,0,0,0,0,0,0,NO_DATA,0,0,0,0,0,0,0,0,0,0,0,0,0,0,0,0,0,0,0,0,0,0,0,OK,0,,0,NONE,,,RECOVERING,0,,0,0,0,0,0,0,0,1,0,0,0,0,0,0,0,0,0,0,0,0,0,0,0,0,0,0,9,1,8,0,0,rc 0 0 0 0,,TIMEOUT,2391,63391,4253
E-STATE-CLI-001,telemetry-cli-diagnostic,Telemetry continuity without GUI,STATE_WATCH,68669,199,0,0,0,0,0,0,,,ERROR,,,,724,724,0,0,0,10.1479,11.4476,45,98,146,0,0,0,0,0,OK,100,0,0,0,0,0,0,0,0,0,0,0,0,-1,0,-1,0,0,0,0,0,0,NO_DATA,0,0,0,0,0,0,0,0,0,0,0,0,0,0,0,0,0,0,0,0,0,0,0,OK,0,,0,NONE,,,RECOVERING,0,,0,0,0,0,0,0,0,1,0,0,0,0,0,0,0,0,0,0,0,0,0,0,0,0,0,0,9,1,8,0,0,rc 0 0 0 0,,TIMEOUT,2391,63641,4503
E-STATE-CLI-001,telemetry-cli-diagnostic,Telemetry continuity without GUI,STATE_WATCH,68919,200,0,0,0,0,0,0,,,ERROR,,,,727,727,0,0,0,10.1557,10.8153,0,98,146,0,0,0,0,0,OK,100,0,0,0,0,0,0,0,0,0,0,0,0,-1,0,-1,0,0,0,0,0,0,NO_DATA,0,0,0,0,0,0,0,0,0,0,0,0,0,0,0,0,0,0,0,0,0,0,0,OK,0,,0,NONE,,,RECOVERING,0,,0,0,0,0,0,0,0,1,0,0,0,0,0,0,0,0,0,0,0,0,0,0,0,0,0,0,9,1,8,0,0,rc 0 0 0 0,,TIMEOUT,2391,63891,4753
E-STATE-CLI-001,telemetry-cli-diagnostic,Telemetry continuity without GUI,STATE_WATCH,71558,201,0,0,0,0,0,0,,,ERROR,,,,729,729,0,0,0,10.1036,10.5645,52,98,146,0,0,0,0,0,OK,100,0,0,0,0,0,0,0,0,0,0,0,0,-1,0,-1,0,0,0,0,0,0,NO_DATA,0,0,0,0,0,0,0,0,0,0,0,0,0,0,0,0,0,0,0,0,0,0,0,OK,0,,0,NONE,,,RECOVERING,0,,0,0,0,0,0,0,0,1,0,0,0,0,0,0,0,0,0,0,0,0,0,0,0,0,0,0,10,1,9,0,0,rc 0 0 0 0,,TIMEOUT,2391,66530,0
E-STATE-CLI-001,telemetry-cli-diagnostic,Telemetry continuity without GUI,STATE_WATCH,71808,202,0,0,0,0,0,0,,,ERROR,,,,758,758,0,0,0,10.8892,12.2662,62,91,146,0,0,0,0,0,OK,100,0,0,0,0,0,0,0,0,0,0,0,0,-1,0,-1,0,0,0,0,0,0,NO_DATA,0,0,0,0,0,0,0,0,0,0,0,0,0,0,0,0,0,0,0,0,0,0,0,OK,0,,0,NONE,,,RECOVERING,0,,0,0,0,0,0,0,0,1,0,0,0,0,0,0,0,0,0,0,0,0,0,0,0,0,0,0,10,1,9,0,0,rc 0 0 0 0,,TIMEOUT,2391,66780,250
E-STATE-CLI-001,telemetry-cli-diagnostic,Telemetry continuity without GUI,STATE_WATCH,72058,203,0,0,0,0,0,0,,,ERROR,,,,761,761,0,0,0,11.005,11.6021,36,90,146,0,0,0,0,0,OK,100,0,0,0,0,0,0,0,0,0,0,0,0,-1,0,-1,0,0,0,0,0,0,NO_DATA,0,0,0,0,0,0,0,0,0,0,0,0,0,0,0,0,0,0,0,0,0,0,0,OK,0,,0,NONE,,,RECOVERING,0,,0,0,0,0,0,0,0,1,0,0,0,0,0,0,0,0,0,0,0,0,0,0,0,0,0,0,10,1,9,0,0,rc 0 0 0 0,,TIMEOUT,2391,67030,500
E-STATE-CLI-001,telemetry-cli-diagnostic,Telemetry continuity without GUI,STATE_WATCH,72308,204,0,0,0,0,0,0,,,ERROR,,,,764,764,0,0,0,10.8183,11.2416,11,92,146,0,0,0,0,0,OK,100,0,0,0,0,0,0,0,0,0,0,0,0,-1,0,-1,0,0,0,0,0,0,NO_DATA,0,0,0,0,0,0,0,0,0,0,0,0,0,0,0,0,0,0,0,0,0,0,0,OK,0,,0,NONE,,,RECOVERING,0,,0,0,0,0,0,0,0,1,0,0,0,0,0,0,0,0,0,0,0,0,0,0,0,0,0,0,10,1,9,0,0,rc 0 0 0 0,,TIMEOUT,2391,67280,750
E-STATE-CLI-001,telemetry-cli-diagnostic,Telemetry continuity without GUI,STATE_WATCH,72559,205,0,0,0,0,0,0,,,ERROR,,,,766,766,0,0,0,10.8934,11.1279,78,91,146,0,0,0,0,0,OK,100,0,0,0,0,0,0,0,0,0,0,0,0,-1,0,-1,0,0,0,0,0,0,NO_DATA,0,0,0,0,0,0,0,0,0,0,0,0,0,0,0,0,0,0,0,0,0,0,0,OK,0,,0,NONE,,,RECOVERING,0,,0,0,0,0,0,0,0,1,0,0,0,0,0,0,0,0,0,0,0,0,0,0,0,0,0,0,10,1,9,0,0,rc 0 0 0 0,,TIMEOUT,2391,67530,1000
E-STATE-CLI-001,telemetry-cli-diagnostic,Telemetry continuity without GUI,STATE_WATCH,72809,206,0,0,0,0,0,0,,,ERROR,,,,769,769,0,0,0,10.887,11.0122,52,91,146,0,0,0,0,0,OK,100,0,0,0,0,0,0,0,0,0,0,0,0,-1,0,-1,0,0,0,0,0,0,NO_DATA,0,0,0,0,0,0,0,0,0,0,0,0,0,0,0,0,0,0,0,0,0,0,0,OK,0,,0,NONE,,,RECOVERING,0,,0,0,0,0,0,0,0,1,0,0,0,0,0,0,0,0,0,0,0,0,0,0,0,0,0,0,10,1,9,0,0,rc 0 0 0 0,,TIMEOUT,2391,67780,1250
E-STATE-CLI-001,telemetry-cli-diagnostic,Telemetry continuity without GUI,STATE_WATCH,73059,207,0,0,0,0,0,0,,,ERROR,,,,772,772,0,0,0,10.8903,10.9557,27,91,146,0,0,0,0,0,OK,100,0,0,0,0,0,0,0,0,0,0,0,0,-1,0,-1,0,0,0,0,0,0,NO_DATA,0,0,0,0,0,0,0,0,0,0,0,0,0,0,0,0,0,0,0,0,0,0,0,OK,0,,0,NONE,,,RECOVERING,0,,0,0,0,0,0,0,0,1,0,0,0,0,0,0,0,0,0,0,0,0,0,0,0,0,0,0,10,1,9,0,0,rc 0 0 0 0,,TIMEOUT,2391,68031,1500
E-STATE-CLI-001,telemetry-cli-diagnostic,Telemetry continuity without GUI,STATE_WATCH,73309,208,0,0,0,0,0,0,,,ERROR,,,,775,775,0,0,0,10.8971,10.9269,2,91,146,0,0,0,0,0,OK,100,0,0,0,0,0,0,0,0,0,0,0,0,-1,0,-1,0,0,0,0,0,0,NO_DATA,0,0,0,0,0,0,0,0,0,0,0,0,0,0,0,0,0,0,0,0,0,0,0,OK,0,,0,NONE,,,RECOVERING,0,,0,0,0,0,0,0,0,1,0,0,0,0,0,0,0,0,0,0,0,0,0,0,0,0,0,0,10,1,9,0,0,rc 0 0 0 0,,TIMEOUT,2391,68281,1751
E-STATE-CLI-001,telemetry-cli-diagnostic,Telemetry continuity without GUI,STATE_WATCH,73559,209,0,0,0,0,0,0,,,ERROR,,,,777,777,0,0,0,10.8937,10.9145,69,91,146,0,0,0,0,0,OK,100,0,0,0,0,0,0,0,0,0,0,0,0,-1,0,-1,0,0,0,0,0,0,NO_DATA,0,0,0,0,0,0,0,0,0,0,0,0,0,0,0,0,0,0,0,0,0,0,0,OK,0,,0,NONE,,,RECOVERING,0,,0,0,0,0,0,0,0,1,0,0,0,0,0,0,0,0,0,0,0,0,0,0,0,0,0,0,10,1,9,0,0,rc 0 0 0 0,,TIMEOUT,2391,68531,2001
E-STATE-CLI-001,telemetry-cli-diagnostic,Telemetry continuity without GUI,STATE_WATCH,73809,210,0,0,0,0,0,0,,,ERROR,,,,780,780,0,0,0,10.8905,10.9049,43,91,146,0,0,0,0,0,OK,100,0,0,0,0,0,0,0,0,0,0,0,0,-1,0,-1,0,0,0,0,0,0,NO_DATA,0,0,0,0,0,0,0,0,0,0,0,0,0,0,0,0,0,0,0,0,0,0,0,OK,0,,0,NONE,,,RECOVERING,0,,0,0,0,0,0,0,0,1,0,0,0,0,0,0,0,0,0,0,0,0,0,0,0,0,0,0,10,1,9,0,0,rc 0 0 0 0,,TIMEOUT,2391,68781,2251
E-STATE-CLI-001,telemetry-cli-diagnostic,Telemetry continuity without GUI,STATE_WATCH,74059,211,0,0,0,0,0,0,,,ERROR,,,,783,783,0,0,0,10.8968,10.8995,18,91,146,0,0,0,0,0,OK,100,0,0,0,0,0,0,0,0,0,0,0,0,-1,0,-1,0,0,0,0,0,0,NO_DATA,0,0,0,0,0,0,0,0,0,0,0,0,0,0,0,0,0,0,0,0,0,0,0,OK,0,,0,NONE,,,RECOVERING,0,,0,0,0,0,0,0,0,1,0,0,0,0,0,0,0,0,0,0,0,0,0,0,0,0,0,0,10,1,9,0,0,rc 0 0 0 0,,TIMEOUT,2391,69031,2501
E-STATE-CLI-001,telemetry-cli-diagnostic,Telemetry continuity without GUI,STATE_WATCH,74310,212,0,0,0,0,0,0,,,ERROR,,,,785,785,0,0,0,10.7154,10.8616,83,93,146,0,0,0,0,0,OK,100,0,0,0,0,0,0,0,0,0,0,0,0,-1,0,-1,0,0,0,0,0,0,NO_DATA,0,0,0,0,0,0,0,0,0,0,0,0,0,0,0,0,0,0,0,0,0,0,0,OK,0,,0,NONE,,,RECOVERING,0,,0,0,0,0,0,0,0,1,0,0,0,0,0,0,0,0,0,0,0,0,0,0,0,0,0,0,10,1,9,0,0,rc 0 0 0 0,,TIMEOUT,2391,69281,2751
E-STATE-CLI-001,telemetry-cli-diagnostic,Telemetry continuity without GUI,STATE_WATCH,74560,213,0,0,0,0,0,0,,,ERROR,,,,788,788,0,0,0,10.8938,10.9028,60,91,146,0,0,0,0,0,OK,100,0,0,0,0,0,0,0,0,0,0,0,0,-1,0,-1,0,0,0,0,0,0,NO_DATA,0,0,0,0,0,0,0,0,0,0,0,0,0,0,0,0,0,0,0,0,0,0,0,OK,0,,0,NONE,,,RECOVERING,0,,0,0,0,0,0,0,0,1,0,0,0,0,0,0,0,0,0,0,0,0,0,0,0,0,0,0,10,1,9,0,0,rc 0 0 0 0,,TIMEOUT,2391,69531,3001
E-STATE-CLI-001,telemetry-cli-diagnostic,Telemetry continuity without GUI,STATE_WATCH,74810,214,0,0,0,0,0,0,,,ERROR,,,,791,791,0,0,0,21.7943,13.095,80,45,146,0,0,0,0,0,OK,100,0,0,0,0,0,0,0,0,0,0,0,0,-1,0,-1,0,0,0,0,0,0,NO_DATA,0,0,0,0,0,0,0,0,0,0,0,0,0,0,0,0,0,0,0,0,0,0,0,OK,0,,0,NONE,,,RECOVERING,0,,0,0,0,0,0,0,0,1,0,0,0,0,0,0,0,0,0,0,0,0,0,0,0,0,0,0,10,1,9,0,0,rc 0 0 0 0,,TIMEOUT,2391,69782,3251
E-STATE-CLI-001,telemetry-cli-diagnostic,Telemetry continuity without GUI,STATE_WATCH,75060,215,0,0,0,0,0,0,,,ERROR,,,,794,794,0,0,0,10.8992,12.021,55,91,146,0,0,0,0,0,OK,100,0,0,0,0,0,0,0,0,0,0,0,0,-1,0,-1,0,0,0,0,0,0,NO_DATA,0,0,0,0,0,0,0,0,0,0,0,0,0,0,0,0,0,0,0,0,0,0,0,OK,0,,0,NONE,,,RECOVERING,0,,0,0,0,0,0,0,0,1,0,0,0,0,0,0,0,0,0,0,0,0,0,0,0,0,0,0,10,1,9,0,0,rc 0 0 0 0,,TIMEOUT,2391,70032,3502
E-STATE-CLI-001,telemetry-cli-diagnostic,Telemetry continuity without GUI,STATE_WATCH,75310,216,0,0,0,0,0,0,,,ERROR,,,,797,797,0,0,0,10.8919,11.4719,30,91,146,0,0,0,0,0,OK,100,0,0,0,0,0,0,0,0,0,0,0,0,-1,0,-1,0,0,0,0,0,0,NO_DATA,0,0,0,0,0,0,0,0,0,0,0,0,0,0,0,0,0,0,0,0,0,0,0,OK,0,,0,NONE,,,RECOVERING,0,,0,0,0,0,0,0,0,1,0,0,0,0,0,0,0,0,0,0,0,0,0,0,0,0,0,0,10,1,9,0,0,rc 0 0 0 0,,TIMEOUT,2391,70282,3752
E-STATE-CLI-001,telemetry-cli-diagnostic,Telemetry continuity without GUI,STATE_WATCH,75560,217,0,0,0,0,0,0,,,ERROR,,,,800,800,0,0,0,10.557,11.1219,2,94,146,0,0,0,0,0,OK,100,0,0,0,0,0,0,0,0,0,0,0,0,-1,0,-1,0,0,0,0,0,0,NO_DATA,0,0,0,0,0,0,0,0,0,0,0,0,0,0,0,0,0,0,0,0,0,0,0,OK,0,,0,NONE,,,RECOVERING,0,,0,0,0,0,0,0,0,1,0,0,0,0,0,0,0,0,0,0,0,0,0,0,0,0,0,0,10,1,9,0,0,rc 0 0 0 0,,TIMEOUT,2391,70532,4002
E-STATE-CLI-001,telemetry-cli-diagnostic,Telemetry continuity without GUI,STATE_WATCH,75810,218,0,0,0,0,0,0,,,ERROR,,,,802,802,0,0,0,10.7183,11.0466,69,93,146,0,0,0,0,0,OK,100,0,0,0,0,0,0,0,0,0,0,0,0,-1,0,-1,0,0,0,0,0,0,NO_DATA,0,0,0,0,0,0,0,0,0,0,0,0,0,0,0,0,0,0,0,0,0,0,0,OK,0,,0,NONE,,,RECOVERING,0,,0,0,0,0,0,0,0,1,0,0,0,0,0,0,0,0,0,0,0,0,0,0,0,0,0,0,10,1,9,0,0,rc 0 0 0 0,,TIMEOUT,2391,70782,4252
E-STATE-CLI-001,telemetry-cli-diagnostic,Telemetry continuity without GUI,STATE_WATCH,76061,219,0,0,0,0,0,0,,,ERROR,,,,805,805,0,0,0,10.6405,10.9581,44,93,146,0,0,0,0,0,OK,100,0,0,0,0,0,0,0,0,0,0,0,0,-1,0,-1,0,0,0,0,0,0,NO_DATA,0,0,0,0,0,0,0,0,0,0,0,0,0,0,0,0,0,0,0,0,0,0,0,OK,0,,0,NONE,,,RECOVERING,0,,0,0,0,0,0,0,0,1,0,0,0,0,0,0,0,0,0,0,0,0,0,0,0,0,0,0,10,1,9,0,0,rc 0 0 0 0,,TIMEOUT,2391,71032,4502
E-STATE-CLI-001,telemetry-cli-diagnostic,Telemetry continuity without GUI,STATE_WATCH,76311,220,0,0,0,0,0,0,,,ERROR,,,,808,808,0,0,0,10.4744,10.6589,3,95,146,0,0,0,0,0,OK,100,0,0,0,0,0,0,0,0,0,0,0,0,-1,0,-1,0,0,0,0,0,0,NO_DATA,0,0,0,0,0,0,0,0,0,0,0,0,0,0,0,0,0,0,0,0,0,0,0,OK,0,,0,NONE,,,RECOVERING,0,,0,0,0,0,0,0,0,1,0,0,0,0,0,0,0,0,0,0,0,0,0,0,0,0,0,0,10,1,9,0,0,rc 0 0 0 0,,TIMEOUT,2391,71282,4752
E-STATE-CLI-001,telemetry-cli-diagnostic,Telemetry continuity without GUI,STATE_WATCH,78950,221,0,0,0,0,0,0,,,ERROR,,,,810,810,0,0,0,10.3382,10.5405,60,96,146,0,0,0,0,0,OK,100,0,0,0,0,0,0,0,0,0,0,0,0,-1,0,-1,0,0,0,0,0,0,NO_DATA,0,0,0,0,0,0,0,0,0,0,0,0,0,0,0,0,0,0,0,0,0,0,0,OK,0,,0,NONE,,,RECOVERING,0,,0,0,0,0,0,0,0,1,0,0,0,0,0,0,0,0,0,0,0,0,0,0,0,0,0,0,11,1,10,0,0,rc 0 0 0 0,,TIMEOUT,2391,73922,0
E-STATE-CLI-001,telemetry-cli-diagnostic,Telemetry continuity without GUI,STATE_WATCH,79200,222,0,0,0,0,0,0,,,ERROR,,,,838,838,0,0,0,10.2928,10.4718,43,97,146,0,0,0,0,0,OK,100,0,0,0,0,0,0,0,0,0,0,0,0,-1,0,-1,0,0,0,0,0,0,NO_DATA,0,0,0,0,0,0,0,0,0,0,0,0,0,0,0,0,0,0,0,0,0,0,0,OK,0,,0,NONE,,,RECOVERING,0,,0,0,0,0,0,0,0,1,0,0,0,0,0,0,0,0,0,0,0,0,0,0,0,0,0,0,11,1,10,0,0,rc 0 0 0 0,,TIMEOUT,2391,74172,250
E-STATE-CLI-001,telemetry-cli-diagnostic,Telemetry continuity without GUI,STATE_WATCH,79450,223,0,0,0,0,0,0,,,ERROR,,,,841,841,0,0,0,10.3748,10.4337,5,96,146,0,0,0,0,0,OK,100,0,0,0,0,0,0,0,0,0,0,0,0,-1,0,-1,0,0,0,0,0,0,NO_DATA,0,0,0,0,0,0,0,0,0,0,0,0,0,0,0,0,0,0,0,0,0,0,0,OK,0,,0,NONE,,,RECOVERING,0,,0,0,0,0,0,0,0,1,0,0,0,0,0,0,0,0,0,0,0,0,0,0,0,0,0,0,11,1,10,0,0,rc 0 0 0 0,,TIMEOUT,2391,74422,500
E-STATE-CLI-001,telemetry-cli-diagnostic,Telemetry continuity without GUI,STATE_WATCH,79700,224,0,0,0,0,0,0,,,ERROR,,,,843,843,0,0,0,10.4535,10.4121,62,95,146,0,0,0,0,0,OK,100,0,0,0,0,0,0,0,0,0,0,0,0,-1,0,-1,0,0,0,0,0,0,NO_DATA,0,0,0,0,0,0,0,0,0,0,0,0,0,0,0,0,0,0,0,0,0,0,0,OK,0,,0,NONE,,,RECOVERING,0,,0,0,0,0,0,0,0,1,0,0,0,0,0,0,0,0,0,0,0,0,0,0,0,0,0,0,11,1,10,0,0,rc 0 0 0 0,,TIMEOUT,2391,74672,750
E-STATE-CLI-001,telemetry-cli-diagnostic,Telemetry continuity without GUI,STATE_WATCH,79951,225,0,0,0,0,0,0,,,ERROR,,,,846,846,0,0,0,10.4766,10.3943,23,95,146,0,0,0,0,0,OK,100,0,0,0,0,0,0,0,0,0,0,0,0,-1,0,-1,0,0,0,0,0,0,NO_DATA,0,0,0,0,0,0,0,0,0,0,0,0,0,0,0,0,0,0,0,0,0,0,0,OK,0,,0,NONE,,,RECOVERING,0,,0,0,0,0,0,0,0,1,0,0,0,0,0,0,0,0,0,0,0,0,0,0,0,0,0,0,11,1,10,0,0,rc 0 0 0 0,,TIMEOUT,2391,74922,1000
E-STATE-CLI-001,telemetry-cli-diagnostic,Telemetry continuity without GUI,STATE_WATCH,80201,226,0,0,0,0,0,0,,,ERROR,,,,848,848,0,0,0,10.2736,10.3696,80,97,146,0,0,0,0,0,OK,100,0,0,0,0,0,0,0,0,0,0,0,0,-1,0,-1,0,0,0,0,0,0,NO_DATA,0,0,0,0,0,0,0,0,0,0,0,0,0,0,0,0,0,0,0,0,0,0,0,OK,0,,0,NONE,,,RECOVERING,0,,0,0,0,0,0,0,0,1,0,0,0,0,0,0,0,0,0,0,0,0,0,0,0,0,0,0,11,1,10,0,0,rc 0 0 0 0,,TIMEOUT,2391,75172,1250
E-STATE-CLI-001,telemetry-cli-diagnostic,Telemetry continuity without GUI,STATE_WATCH,80451,227,0,0,0,0,0,0,,,ERROR,,,,851,851,0,0,0,10.3897,10.3854,41,96,146,0,0,0,0,0,OK,100,0,0,0,0,0,0,0,0,0,0,0,0,-1,0,-1,0,0,0,0,0,0,NO_DATA,0,0,0,0,0,0,0,0,0,0,0,0,0,0,0,0,0,0,0,0,0,0,0,OK,0,,0,NONE,,,RECOVERING,0,,0,0,0,0,0,0,0,1,0,0,0,0,0,0,0,0,0,0,0,0,0,0,0,0,0,0,11,1,10,0,0,rc 0 0 0 0,,TIMEOUT,2391,75423,1500
E-STATE-CLI-001,telemetry-cli-diagnostic,Telemetry continuity without GUI,STATE_WATCH,80701,228,0,0,0,0,0,0,,,ERROR,,,,854,854,0,0,0,10.3708,10.3867,2,96,146,0,0,0,0,0,OK,100,0,0,0,0,0,0,0,0,0,0,0,0,-1,0,-1,0,0,0,0,0,0,NO_DATA,0,0,0,0,0,0,0,0,0,0,0,0,0,0,0,0,0,0,0,0,0,0,0,OK,0,,0,NONE,,,RECOVERING,0,,0,0,0,0,0,0,0,1,0,0,0,0,0,0,0,0,0,0,0,0,0,0,0,0,0,0,11,1,10,0,0,rc 0 0 0 0,,TIMEOUT,2391,75673,1751
E-STATE-CLI-001,telemetry-cli-diagnostic,Telemetry continuity without GUI,STATE_WATCH,80951,229,0,0,0,0,0,0,,,ERROR,,,,857,857,0,0,0,9.90247,11.8635,5,100,146,0,0,0,0,0,OK,100,0,0,0,0,0,0,0,0,0,0,0,0,-1,0,-1,0,0,0,0,0,0,NO_DATA,0,0,0,0,0,0,0,0,0,0,0,0,0,0,0,0,0,0,0,0,0,0,0,OK,0,,0,NONE,,,RECOVERING,0,,0,0,0,0,0,0,0,1,0,0,0,0,0,0,0,0,0,0,0,0,0,0,0,0,0,0,11,1,10,0,0,rc 0 0 0 0,,TIMEOUT,2391,75923,2001
E-STATE-CLI-001,telemetry-cli-diagnostic,Telemetry continuity without GUI,STATE_WATCH,81201,230,0,0,0,0,0,0,,,ERROR,,,,859,859,0,0,0,10.3861,11.4319,68,96,146,0,0,0,0,0,OK,100,0,0,0,0,0,0,0,0,0,0,0,0,-1,0,-1,0,0,0,0,0,0,NO_DATA,0,0,0,0,0,0,0,0,0,0,0,0,0,0,0,0,0,0,0,0,0,0,0,OK,0,,0,NONE,,,RECOVERING,0,,0,0,0,0,0,0,0,1,0,0,0,0,0,0,0,0,0,0,0,0,0,0,0,0,0,0,11,1,10,0,0,rc 0 0 0 0,,TIMEOUT,2391,76173,2251
E-STATE-CLI-001,telemetry-cli-diagnostic,Telemetry continuity without GUI,STATE_WATCH,81451,231,0,0,0,0,0,0,,,ERROR,,,,862,862,0,0,0,10.3718,10.9153,29,96,146,0,0,0,0,0,OK,100,0,0,0,0,0,0,0,0,0,0,0,0,-1,0,-1,0,0,0,0,0,0,NO_DATA,0,0,0,0,0,0,0,0,0,0,0,0,0,0,0,0,0,0,0,0,0,0,0,OK,0,,0,NONE,,,RECOVERING,0,,0,0,0,0,0,0,0,1,0,0,0,0,0,0,0,0,0,0,0,0,0,0,0,0,0,0,11,1,10,0,0,rc 0 0 0 0,,TIMEOUT,2391,76423,2501
E-STATE-CLI-001,telemetry-cli-diagnostic,Telemetry continuity without GUI,STATE_WATCH,81702,232,0,0,0,0,0,0,,,ERROR,,,,864,864,0,0,0,10.3855,10.7192,87,96,146,0,0,0,0,0,OK,100,0,0,0,0,0,0,0,0,0,0,0,0,-1,0,-1,0,0,0,0,0,0,NO_DATA,0,0,0,0,0,0,0,0,0,0,0,0,0,0,0,0,0,0,0,0,0,0,0,OK,0,,0,NONE,,,RECOVERING,0,,0,0,0,0,0,0,0,1,0,0,0,0,0,0,0,0,0,0,0,0,0,0,0,0,0,0,11,1,10,0,0,rc 0 0 0 0,,TIMEOUT,2391,76673,2751
E-STATE-CLI-001,telemetry-cli-diagnostic,Telemetry continuity without GUI,STATE_WATCH,81952,233,0,0,0,0,0,0,,,ERROR,,,,867,867,0,0,0,10.3699,10.5485,47,96,146,0,0,0,0,0,OK,100,0,0,0,0,0,0,0,0,0,0,0,0,-1,0,-1,0,0,0,0,0,0,NO_DATA,0,0,0,0,0,0,0,0,0,0,0,0,0,0,0,0,0,0,0,0,0,0,0,OK,0,,0,NONE,,,RECOVERING,0,,0,0,0,0,0,0,0,1,0,0,0,0,0,0,0,0,0,0,0,0,0,0,0,0,0,0,11,1,10,0,0,rc 0 0 0 0,,TIMEOUT,2391,76923,3001
E-STATE-CLI-001,telemetry-cli-diagnostic,Telemetry continuity without GUI,STATE_WATCH,82202,234,0,0,0,0,0,0,,,ERROR,,,,870,870,0,0,0,10.3607,10.4594,8,96,146,0,0,0,0,0,OK,100,0,0,0,0,0,0,0,0,0,0,0,0,-1,0,-1,0,0,0,0,0,0,NO_DATA,0,0,0,0,0,0,0,0,0,0,0,0,0,0,0,0,0,0,0,0,0,0,0,OK,0,,0,NONE,,,RECOVERING,0,,0,0,0,0,0,0,0,1,0,0,0,0,0,0,0,0,0,0,0,0,0,0,0,0,0,0,11,1,10,0,0,rc 0 0 0 0,,TIMEOUT,2391,77174,3252
E-STATE-CLI-001,telemetry-cli-diagnostic,Telemetry continuity without GUI,STATE_WATCH,82452,235,0,0,0,0,0,0,,,ERROR,,,,872,872,0,0,0,10.3573,10.4261,65,96,146,0,0,0,0,0,OK,100,0,0,0,0,0,0,0,0,0,0,0,0,-1,0,-1,0,0,0,0,0,0,NO_DATA,0,0,0,0,0,0,0,0,0,0,0,0,0,0,0,0,0,0,0,0,0,0,0,OK,0,,0,NONE,,,RECOVERING,0,,0,0,0,0,0,0,0,1,0,0,0,0,0,0,0,0,0,0,0,0,0,0,0,0,0,0,11,1,10,0,0,rc 0 0 0 0,,TIMEOUT,2391,77424,3502
E-STATE-CLI-001,telemetry-cli-diagnostic,Telemetry continuity without GUI,STATE_WATCH,82702,236,0,0,0,0,0,0,,,ERROR,,,,875,875,0,0,0,10.4686,10.4082,26,95,146,0,0,0,0,0,OK,100,0,0,0,0,0,0,0,0,0,0,0,0,-1,0,-1,0,0,0,0,0,0,NO_DATA,0,0,0,0,0,0,0,0,0,0,0,0,0,0,0,0,0,0,0,0,0,0,0,OK,0,,0,NONE,,,RECOVERING,0,,0,0,0,0,0,0,0,1,0,0,0,0,0,0,0,0,0,0,0,0,0,0,0,0,0,0,11,1,10,0,0,rc 0 0 0 0,,TIMEOUT,2391,77674,3752
E-STATE-CLI-001,telemetry-cli-diagnostic,Telemetry continuity without GUI,STATE_WATCH,82952,237,0,0,0,0,0,0,,,ERROR,,,,877,877,0,0,0,10.5814,10.4041,84,94,146,0,0,0,0,0,OK,100,0,0,0,0,0,0,0,0,0,0,0,0,-1,0,-1,0,0,0,0,0,0,NO_DATA,0,0,0,0,0,0,0,0,0,0,0,0,0,0,0,0,0,0,0,0,0,0,0,OK,0,,0,NONE,,,RECOVERING,0,,0,0,0,0,0,0,0,1,0,0,0,0,0,0,0,0,0,0,0,0,0,0,0,0,0,0,11,1,10,0,0,rc 0 0 0 0,,TIMEOUT,2391,77924,4002
E-STATE-CLI-001,telemetry-cli-diagnostic,Telemetry continuity without GUI,STATE_WATCH,83203,238,0,0,0,0,0,0,,,ERROR,,,,880,880,0,0,0,10.4783,10.3884,44,95,146,0,0,0,0,0,OK,100,0,0,0,0,0,0,0,0,0,0,0,0,-1,0,-1,0,0,0,0,0,0,NO_DATA,0,0,0,0,0,0,0,0,0,0,0,0,0,0,0,0,0,0,0,0,0,0,0,OK,0,,0,NONE,,,RECOVERING,0,,0,0,0,0,0,0,0,1,0,0,0,0,0,0,0,0,0,0,0,0,0,0,0,0,0,0,11,1,10,0,0,rc 0 0 0 0,,TIMEOUT,2391,78174,4252
E-STATE-CLI-001,telemetry-cli-diagnostic,Telemetry continuity without GUI,STATE_WATCH,83453,239,0,0,0,0,0,0,,,ERROR,,,,883,883,0,0,0,10.3728,10.3828,6,96,146,0,0,0,0,0,OK,100,0,0,0,0,0,0,0,0,0,0,0,0,-1,0,-1,0,0,0,0,0,0,NO_DATA,0,0,0,0,0,0,0,0,0,0,0,0,0,0,0,0,0,0,0,0,0,0,0,OK,0,,0,NONE,,,RECOVERING,0,,0,0,0,0,0,0,0,1,0,0,0,0,0,0,0,0,0,0,0,0,0,0,0,0,0,0,11,1,10,0,0,rc 0 0 0 0,,TIMEOUT,2391,78424,4502
E-STATE-CLI-001,telemetry-cli-diagnostic,Telemetry continuity without GUI,STATE_WATCH,83703,240,0,0,0,0,0,0,,,ERROR,,,,885,885,0,0,0,10.3685,10.3776,63,96,146,0,0,0,0,0,OK,100,0,0,0,0,0,0,0,0,0,0,0,0,-1,0,-1,0,0,0,0,0,0,NO_DATA,0,0,0,0,0,0,0,0,0,0,0,0,0,0,0,0,0,0,0,0,0,0,0,OK,0,,0,NONE,,,RECOVERING,0,,0,0,0,0,0,0,0,1,0,0,0,0,0,0,0,0,0,0,0,0,0,0,0,0,0,0,11,1,10,0,0,rc 0 0 0 0,,TIMEOUT,2391,78675,4753
E-STATE-CLI-001,telemetry-cli-diagnostic,Telemetry continuity without GUI,STATE_WATCH,86342,241,0,0,0,0,0,0,,,ERROR,,,,888,888,0,0,0,10.4777,10.3788,24,95,146,0,0,0,0,0,OK,100,0,0,0,0,0,0,0,0,0,0,0,0,-1,0,-1,0,0,0,0,0,0,NO_DATA,0,0,0,0,0,0,0,0,0,0,0,0,0,0,0,0,0,0,0,0,0,0,0,OK,0,,0,NONE,,,RECOVERING,0,,0,0,0,0,0,0,0,1,0,0,0,0,0,0,0,0,0,0,0,0,0,0,0,0,0,0,12,1,11,0,0,rc 0 0 0 0,,TIMEOUT,2391,81314,0
E-STATE-CLI-001,telemetry-cli-diagnostic,Telemetry continuity without GUI,STATE_WATCH,86592,242,0,0,0,0,0,0,,,ERROR,,,,916,916,0,0,0,10.3325,10.349,6,96,146,0,0,0,0,0,OK,100,0,0,0,0,0,0,0,0,0,0,0,0,-1,0,-1,0,0,0,0,0,0,NO_DATA,0,0,0,0,0,0,0,0,0,0,0,0,0,0,0,0,0,0,0,0,0,0,0,OK,0,,0,NONE,,,RECOVERING,0,,0,0,0,0,0,0,0,1,0,0,0,0,0,0,0,0,0,0,0,0,0,0,0,0,0,0,12,1,11,0,0,rc 0 0 0 0,,TIMEOUT,2391,81564,250
E-STATE-CLI-001,telemetry-cli-diagnostic,Telemetry continuity without GUI,STATE_WATCH,86842,243,0,0,0,0,0,0,,,ERROR,,,,918,918,0,0,0,10.328,10.343,63,96,146,0,0,0,0,0,OK,100,0,0,0,0,0,0,0,0,0,0,0,0,-1,0,-1,0,0,0,0,0,0,NO_DATA,0,0,0,0,0,0,0,0,0,0,0,0,0,0,0,0,0,0,0,0,0,0,0,OK,0,,0,NONE,,,RECOVERING,0,,0,0,0,0,0,0,0,1,0,0,0,0,0,0,0,0,0,0,0,0,0,0,0,0,0,0,12,1,11,0,0,rc 0 0 0 0,,TIMEOUT,2391,81814,500
E-STATE-CLI-001,telemetry-cli-diagnostic,Telemetry continuity without GUI,STATE_WATCH,87092,244,0,0,0,0,0,0,,,ERROR,,,,921,921,0,0,0,10.3393,10.342,22,96,146,0,0,0,0,0,OK,100,0,0,0,0,0,0,0,0,0,0,0,0,-1,0,-1,0,0,0,0,0,0,NO_DATA,0,0,0,0,0,0,0,0,0,0,0,0,0,0,0,0,0,0,0,0,0,0,0,OK,0,,0,NONE,,,RECOVERING,0,,0,0,0,0,0,0,0,1,0,0,0,0,0,0,0,0,0,0,0,0,0,0,0,0,0,0,12,1,11,0,0,rc 0 0 0 0,,TIMEOUT,2391,82064,750
E-STATE-CLI-001,telemetry-cli-diagnostic,Telemetry continuity without GUI,STATE_WATCH,87343,245,0,0,0,0,0,0,,,ERROR,,,,924,924,0,0,0,20.6882,12.4078,31,48,146,0,0,0,0,0,OK,100,0,0,0,0,0,0,0,0,0,0,0,0,-1,0,-1,0,0,0,0,0,0,NO_DATA,0,0,0,0,0,0,0,0,0,0,0,0,0,0,0,0,0,0,0,0,0,0,0,OK,0,,0,NONE,,,RECOVERING,0,,0,0,0,0,0,0,0,1,0,0,0,0,0,0,0,0,0,0,0,0,0,0,0,0,0,0,12,1,11,0,0,rc 0 0 0 0,,TIMEOUT,2391,82314,1000
E-STATE-CLI-001,telemetry-cli-diagnostic,Telemetry continuity without GUI,STATE_WATCH,87593,246,0,0,0,0,0,0,,,ERROR,,,,926,926,0,0,0,10.3379,11.6594,87,96,146,0,0,0,0,0,OK,100,0,0,0,0,0,0,0,0,0,0,0,0,-1,0,-1,0,0,0,0,0,0,NO_DATA,0,0,0,0,0,0,0,0,0,0,0,0,0,0,0,0,0,0,0,0,0,0,0,OK,0,,0,NONE,,,RECOVERING,0,,0,0,0,0,0,0,0,1,0,0,0,0,0,0,0,0,0,0,0,0,0,0,0,0,0,0,12,1,11,0,0,rc 0 0 0 0,,TIMEOUT,2391,82564,1250
E-STATE-CLI-001,telemetry-cli-diagnostic,Telemetry continuity without GUI,STATE_WATCH,87843,247,0,0,0,0,0,0,,,ERROR,,,,929,929,0,0,0,10.331,11.0116,47,96,146,0,0,0,0,0,OK,100,0,0,0,0,0,0,0,0,0,0,0,0,-1,0,-1,0,0,0,0,0,0,NO_DATA,0,0,0,0,0,0,0,0,0,0,0,0,0,0,0,0,0,0,0,0,0,0,0,OK,0,,0,NONE,,,RECOVERING,0,,0,0,0,0,0,0,0,1,0,0,0,0,0,0,0,0,0,0,0,0,0,0,0,0,0,0,12,1,11,0,0,rc 0 0 0 0,,TIMEOUT,2391,82815,1501
E-STATE-CLI-001,telemetry-cli-diagnostic,Telemetry continuity without GUI,STATE_WATCH,88093,248,0,0,0,0,0,0,,,ERROR,,,,932,932,0,0,0,10.3506,10.684,7,96,146,0,0,0,0,0,OK,100,0,0,0,0,0,0,0,0,0,0,0,0,-1,0,-1,0,0,0,0,0,0,NO_DATA,0,0,0,0,0,0,0,0,0,0,0,0,0,0,0,0,0,0,0,0,0,0,0,OK,0,,0,NONE,,,RECOVERING,0,,0,0,0,0,0,0,0,1,0,0,0,0,0,0,0,0,0,0,0,0,0,0,0,0,0,0,12,1,11,0,0,rc 0 0 0 0,,TIMEOUT,2391,83065,1751
E-STATE-CLI-001,telemetry-cli-diagnostic,Telemetry continuity without GUI,STATE_WATCH,88343,249,0,0,0,0,0,0,,,ERROR,,,,934,934,0,0,0,10.3227,10.5548,63,96,146,0,0,0,0,0,OK,100,0,0,0,0,0,0,0,0,0,0,0,0,-1,0,-1,0,0,0,0,0,0,NO_DATA,0,0,0,0,0,0,0,0,0,0,0,0,0,0,0,0,0,0,0,0,0,0,0,OK,0,,0,NONE,,,RECOVERING,0,,0,0,0,0,0,0,0,1,0,0,0,0,0,0,0,0,0,0,0,0,0,0,0,0,0,0,12,1,11,0,0,rc 0 0 0 0,,TIMEOUT,2391,83315,2001
E-STATE-CLI-001,telemetry-cli-diagnostic,Telemetry continuity without GUI,STATE_WATCH,88593,250,0,0,0,0,0,0,,,ERROR,,,,937,937,0,0,0,10.4236,10.4525,23,95,146,0,0,0,0,0,OK,100,0,0,0,0,0,0,0,0,0,0,0,0,-1,0,-1,0,0,0,0,0,0,NO_DATA,0,0,0,0,0,0,0,0,0,0,0,0,0,0,0,0,0,0,0,0,0,0,0,OK,0,,0,NONE,,,RECOVERING,0,,0,0,0,0,0,0,0,1,0,0,0,0,0,0,0,0,0,0,0,0,0,0,0,0,0,0,12,1,11,0,0,rc 0 0 0 0,,TIMEOUT,2391,83565,2251
E-STATE-CLI-001,telemetry-cli-diagnostic,Telemetry continuity without GUI,STATE_WATCH,88844,251,0,0,0,0,0,0,,,ERROR,,,,939,939,0,0,0,10.3308,10.4089,80,96,146,0,0,0,0,0,OK,100,0,0,0,0,0,0,0,0,0,0,0,0,-1,0,-1,0,0,0,0,0,0,NO_DATA,0,0,0,0,0,0,0,0,0,0,0,0,0,0,0,0,0,0,0,0,0,0,0,OK,0,,0,NONE,,,RECOVERING,0,,0,0,0,0,0,0,0,1,0,0,0,0,0,0,0,0,0,0,0,0,0,0,0,0,0,0,12,1,11,0,0,rc 0 0 0 0,,TIMEOUT,2391,83815,2501
E-STATE-CLI-001,telemetry-cli-diagnostic,Telemetry continuity without GUI,STATE_WATCH,89094,252,0,0,0,0,0,0,,,ERROR,,,,942,942,0,0,0,10.3337,10.356,38,96,146,0,0,0,0,0,OK,100,0,0,0,0,0,0,0,0,0,0,0,0,-1,0,-1,0,0,0,0,0,0,NO_DATA,0,0,0,0,0,0,0,0,0,0,0,0,0,0,0,0,0,0,0,0,0,0,0,OK,0,,0,NONE,,,RECOVERING,0,,0,0,0,0,0,0,0,1,0,0,0,0,0,0,0,0,0,0,0,0,0,0,0,0,0,0,12,1,11,0,0,rc 0 0 0 0,,TIMEOUT,2391,84065,2751
E-STATE-CLI-001,telemetry-cli-diagnostic,Telemetry continuity without GUI,STATE_WATCH,89344,253,0,0,0,0,0,0,,,ERROR,,,,944,944,0,0,0,10.3323,10.346,95,96,146,0,0,0,0,0,OK,100,0,0,0,0,0,0,0,0,0,0,0,0,-1,0,-1,0,0,0,0,0,0,NO_DATA,0,0,0,0,0,0,0,0,0,0,0,0,0,0,0,0,0,0,0,0,0,0,0,OK,0,,0,NONE,,,RECOVERING,0,,0,0,0,0,0,0,0,1,0,0,0,0,0,0,0,0,0,0,0,0,0,0,0,0,0,0,12,1,11,0,0,rc 0 0 0 0,,TIMEOUT,2391,84316,3001
E-STATE-CLI-001,telemetry-cli-diagnostic,Telemetry continuity without GUI,STATE_WATCH,89594,254,0,0,0,0,0,0,,,ERROR,,,,947,947,0,0,0,10.3257,10.3377,55,96,146,0,0,0,0,0,OK,100,0,0,0,0,0,0,0,0,0,0,0,0,-1,0,-1,0,0,0,0,0,0,NO_DATA,0,0,0,0,0,0,0,0,0,0,0,0,0,0,0,0,0,0,0,0,0,0,0,OK,0,,0,NONE,,,RECOVERING,0,,0,0,0,0,0,0,0,1,0,0,0,0,0,0,0,0,0,0,0,0,0,0,0,0,0,0,12,1,11,0,0,rc 0 0 0 0,,TIMEOUT,2391,84566,3252
E-STATE-CLI-001,telemetry-cli-diagnostic,Telemetry continuity without GUI,STATE_WATCH,89844,255,0,0,0,0,0,0,,,ERROR,,,,950,950,0,0,0,10.228,10.313,13,97,146,0,0,0,0,0,OK,100,0,0,0,0,0,0,0,0,0,0,0,0,-1,0,-1,0,0,0,0,0,0,NO_DATA,0,0,0,0,0,0,0,0,0,0,0,0,0,0,0,0,0,0,0,0,0,0,0,OK,0,,0,NONE,,,RECOVERING,0,,0,0,0,0,0,0,0,1,0,0,0,0,0,0,0,0,0,0,0,0,0,0,0,0,0,0,12,1,11,0,0,rc 0 0 0 0,,TIMEOUT,2391,84816,3502
E-STATE-CLI-001,telemetry-cli-diagnostic,Telemetry continuity without GUI,STATE_WATCH,90094,256,0,0,0,0,0,0,,,ERROR,,,,952,952,0,0,0,10.336,10.3396,71,96,146,0,0,0,0,0,OK,100,0,0,0,0,0,0,0,0,0,0,0,0,-1,0,-1,0,0,0,0,0,0,NO_DATA,0,0,0,0,0,0,0,0,0,0,0,0,0,0,0,0,0,0,0,0,0,0,0,OK,0,,0,NONE,,,RECOVERING,0,,0,0,0,0,0,0,0,1,0,0,0,0,0,0,0,0,0,0,0,0,0,0,0,0,0,0,12,1,11,0,0,rc 0 0 0 0,,TIMEOUT,2391,85066,3752
E-STATE-CLI-001,telemetry-cli-diagnostic,Telemetry continuity without GUI,STATE_WATCH,90344,257,0,0,0,0,0,0,,,ERROR,,,,955,955,0,0,0,10.3489,10.318,30,96,146,0,0,0,0,0,OK,100,0,0,0,0,0,0,0,0,0,0,0,0,-1,0,-1,0,0,0,0,0,0,NO_DATA,0,0,0,0,0,0,0,0,0,0,0,0,0,0,0,0,0,0,0,0,0,0,0,OK,0,,0,NONE,,,RECOVERING,0,,0,0,0,0,0,0,0,1,0,0,0,0,0,0,0,0,0,0,0,0,0,0,0,0,0,0,12,1,11,0,0,rc 0 0 0 0,,TIMEOUT,2391,85316,4002
E-STATE-CLI-001,telemetry-cli-diagnostic,Telemetry continuity without GUI,STATE_WATCH,90595,258,0,0,0,0,0,0,,,ERROR,,,,958,958,0,0,0,20.6256,12.3982,39,48,146,0,0,0,0,0,OK,100,0,0,0,0,0,0,0,0,0,0,0,0,-1,0,-1,0,0,0,0,0,0,NO_DATA,0,0,0,0,0,0,0,0,0,0,0,0,0,0,0,0,0,0,0,0,0,0,0,OK,0,,0,NONE,,,RECOVERING,0,,0,0,0,0,0,0,0,1,0,0,0,0,0,0,0,0,0,0,0,0,0,0,0,0,0,0,12,1,11,0,0,rc 0 0 0 0,,TIMEOUT,2391,85566,4252
E-STATE-CLI-001,telemetry-cli-diagnostic,Telemetry continuity without GUI,STATE_WATCH,90845,259,0,0,0,0,0,0,,,ERROR,,,,960,960,0,0,0,10.5327,11.6449,94,94,146,0,0,0,0,0,OK,100,0,0,0,0,0,0,0,0,0,0,0,0,-1,0,-1,0,0,0,0,0,0,NO_DATA,0,0,0,0,0,0,0,0,0,0,0,0,0,0,0,0,0,0,0,0,0,0,0,OK,0,,0,NONE,,,RECOVERING,0,,0,0,0,0,0,0,0,1,0,0,0,0,0,0,0,0,0,0,0,0,0,0,0,0,0,0,12,1,11,0,0,rc 0 0 0 0,,TIMEOUT,2391,85816,4502
E-STATE-CLI-001,telemetry-cli-diagnostic,Telemetry continuity without GUI,STATE_WATCH,91095,260,0,0,0,0,0,0,,,ERROR,,,,963,963,0,0,0,10.5004,11.0287,55,95,146,0,0,0,0,0,OK,100,0,0,0,0,0,0,0,0,0,0,0,0,-1,0,-1,0,0,0,0,0,0,NO_DATA,0,0,0,0,0,0,0,0,0,0,0,0,0,0,0,0,0,0,0,0,0,0,0,OK,0,,0,NONE,,,RECOVERING,0,,0,0,0,0,0,0,0,1,0,0,0,0,0,0,0,0,0,0,0,0,0,0,0,0,0,0,12,1,11,0,0,rc 0 0 0 0,,TIMEOUT,2391,86067,4753
E-STATE-CLI-001,telemetry-cli-diagnostic,Telemetry continuity without GUI,STATE_WATCH,93734,261,0,0,0,0,0,0,,,ERROR,,,,966,966,0,0,0,10.3056,10.6833,15,97,146,0,0,0,0,0,OK,100,0,0,0,0,0,0,0,0,0,0,0,0,-1,0,-1,0,0,0,0,0,0,NO_DATA,0,0,0,0,0,0,0,0,0,0,0,0,0,0,0,0,0,0,0,0,0,0,0,OK,0,,0,NONE,,,RECOVERING,0,,0,0,0,0,0,0,0,1,0,0,0,0,0,0,0,0,0,0,0,0,0,0,0,0,0,0,13,1,12,0,0,rc 0 0 0 0,,TIMEOUT,2391,88706,0
E-STATE-CLI-001,telemetry-cli-diagnostic,Telemetry continuity without GUI,STATE_WATCH,93984,262,0,0,0,0,0,0,,,ERROR,,,,993,993,0,0,0,10.1399,11.7818,78,98,148,0,0,0,0,0,OK,100,0,0,0,0,0,0,0,0,0,0,0,0,-1,0,-1,0,0,0,0,0,0,NO_DATA,0,0,0,0,0,0,0,0,0,0,0,0,0,0,0,0,0,0,0,0,0,0,0,OK,0,,0,NONE,,,RECOVERING,0,,0,0,0,0,0,0,0,1,0,0,0,0,0,0,0,0,0,0,0,0,0,0,0,0,0,0,13,1,12,0,0,rc 0 0 0 0,,TIMEOUT,2391,88956,250
E-STATE-CLI-001,telemetry-cli-diagnostic,Telemetry continuity without GUI,STATE_WATCH,94234,263,0,0,0,0,0,0,,,ERROR,,,,996,996,0,0,0,10.1253,10.983,32,98,148,0,0,0,0,0,OK,100,0,0,0,0,0,0,0,0,0,0,0,0,-1,0,-1,0,0,0,0,0,0,NO_DATA,0,0,0,0,0,0,0,0,0,0,0,0,0,0,0,0,0,0,0,0,0,0,0,OK,0,,0,NONE,,,RECOVERING,0,,0,0,0,0,0,0,0,1,0,0,0,0,0,0,0,0,0,0,0,0,0,0,0,0,0,0,13,1,12,0,0,rc 0 0 0 0,,TIMEOUT,2391,89206,500
E-STATE-CLI-001,telemetry-cli-diagnostic,Telemetry continuity without GUI,STATE_WATCH,94485,264,0,0,0,0,0,0,,,ERROR,,,,998,998,0,0,0,9.86466,10.6232,82,101,148,0,0,0,0,0,OK,100,0,0,0,0,0,0,0,0,0,0,0,0,-1,0,-1,0,0,0,0,0,0,NO_DATA,0,0,0,0,0,0,0,0,0,0,0,0,0,0,0,0,0,0,0,0,0,0,0,OK,0,,0,NONE,,,RECOVERING,0,,0,0,0,0,0,0,0,1,0,0,0,0,0,0,0,0,0,0,0,0,0,0,0,0,0,0,13,1,12,0,0,rc 0 0 0 0,,TIMEOUT,2391,89456,750
E-STATE-CLI-001,telemetry-cli-diagnostic,Telemetry continuity without GUI,STATE_WATCH,94735,265,0,0,0,0,0,0,,,ERROR,,,,1001,1001,0,0,0,10.2654,10.4249,39,97,148,0,0,0,0,0,OK,100,0,0,0,0,0,0,0,0,0,0,0,0,-1,0,-1,0,0,0,0,0,0,NO_DATA,0,0,0,0,0,0,0,0,0,0,0,0,0,0,0,0,0,0,0,0,0,0,0,OK,0,,0,NONE,,,RECOVERING,0,,0,0,0,0,0,0,0,1,0,0,0,0,0,0,0,0,0,0,0,0,0,0,0,0,0,0,13,1,12,0,0,rc 0 0 0 0,,TIMEOUT,2391,89706,1000
E-STATE-CLI-001,telemetry-cli-diagnostic,Telemetry continuity without GUI,STATE_WATCH,94985,266,0,0,0,0,0,0,,,ERROR,,,,1003,1003,0,0,0,9.84329,10.2625,89,101,148,0,0,0,0,0,OK,100,0,0,0,0,0,0,0,0,0,0,0,0,-1,0,-1,0,0,0,0,0,0,NO_DATA,0,0,0,0,0,0,0,0,0,0,0,0,0,0,0,0,0,0,0,0,0,0,0,OK,0,,0,NONE,,,RECOVERING,0,,0,0,0,0,0,0,0,1,0,0,0,0,0,0,0,0,0,0,0,0,0,0,0,0,0,0,13,1,12,0,0,rc 0 0 0 0,,TIMEOUT,2391,89957,1251
E-STATE-CLI-001,telemetry-cli-diagnostic,Telemetry continuity without GUI,STATE_WATCH,95235,267,0,0,0,0,0,0,,,ERROR,,,,1006,1006,0,0,0,10.0219,10.2058,44,99,148,0,0,0,0,0,OK,100,0,0,0,0,0,0,0,0,0,0,0,0,-1,0,-1,0,0,0,0,0,0,NO_DATA,0,0,0,0,0,0,0,0,0,0,0,0,0,0,0,0,0,0,0,0,0,0,0,OK,0,,0,NONE,,,RECOVERING,0,,0,0,0,0,0,0,0,1,0,0,0,0,0,0,0,0,0,0,0,0,0,0,0,0,0,0,13,1,12,0,0,rc 0 0 0 0,,TIMEOUT,2391,90207,1501
E-STATE-CLI-001,telemetry-cli-diagnostic,Telemetry continuity without GUI,STATE_WATCH,95485,268,0,0,0,0,0,0,,,ERROR,,,,1008,1008,0,0,0,10.0764,10.1944,98,99,148,0,0,0,0,0,OK,100,0,0,0,0,0,0,0,0,0,0,0,0,-1,0,-1,0,0,0,0,0,0,NO_DATA,0,0,0,0,0,0,0,0,0,0,0,0,0,0,0,0,0,0,0,0,0,0,0,OK,0,,0,NONE,,,RECOVERING,0,,0,0,0,0,0,0,0,1,0,0,0,0,0,0,0,0,0,0,0,0,0,0,0,0,0,0,13,1,12,0,0,rc 0 0 0 0,,TIMEOUT,2391,90457,1751
E-STATE-CLI-001,telemetry-cli-diagnostic,Telemetry continuity without GUI,STATE_WATCH,95735,269,0,0,0,0,0,0,,,ERROR,,,,1011,1011,0,0,0,10.2663,10.1788,52,97,148,0,0,0,0,0,OK,100,0,0,0,0,0,0,0,0,0,0,0,0,-1,0,-1,0,0,0,0,0,0,NO_DATA,0,0,0,0,0,0,0,0,0,0,0,0,0,0,0,0,0,0,0,0,0,0,0,OK,0,,0,NONE,,,RECOVERING,0,,0,0,0,0,0,0,0,1,0,0,0,0,0,0,0,0,0,0,0,0,0,0,0,0,0,0,13,1,12,0,0,rc 0 0 0 0,,TIMEOUT,2391,90707,2001
E-STATE-CLI-001,telemetry-cli-diagnostic,Telemetry continuity without GUI,STATE_WATCH,95986,270,0,0,0,0,0,0,,,ERROR,,,,1014,1014,0,0,0,10.1246,10.1534,6,98,148,0,0,0,0,0,OK,100,0,0,0,0,0,0,0,0,0,0,0,0,-1,0,-1,0,0,0,0,0,0,NO_DATA,0,0,0,0,0,0,0,0,0,0,0,0,0,0,0,0,0,0,0,0,0,0,0,OK,0,,0,NONE,,,RECOVERING,0,,0,0,0,0,0,0,0,1,0,0,0,0,0,0,0,0,0,0,0,0,0,0,0,0,0,0,13,1,12,0,0,rc 0 0 0 0,,TIMEOUT,2391,90957,2251
E-STATE-CLI-001,telemetry-cli-diagnostic,Telemetry continuity without GUI,STATE_WATCH,96236,271,0,0,0,0,0,0,,,ERROR,,,,1016,1016,0,0,0,10.1315,10.1464,59,98,148,0,0,0,0,0,OK,100,0,0,0,0,0,0,0,0,0,0,0,0,-1,0,-1,0,0,0,0,0,0,NO_DATA,0,0,0,0,0,0,0,0,0,0,0,0,0,0,0,0,0,0,0,0,0,0,0,OK,0,,0,NONE,,,RECOVERING,0,,0,0,0,0,0,0,0,1,0,0,0,0,0,0,0,0,0,0,0,0,0,0,0,0,0,0,13,1,12,0,0,rc 0 0 0 0,,TIMEOUT,2391,91208,2501
E-STATE-CLI-001,telemetry-cli-diagnostic,Telemetry continuity without GUI,STATE_WATCH,96486,272,0,0,0,0,0,0,,,ERROR,,,,1019,1019,0,0,0,10.034,10.1178,12,99,148,0,0,0,0,0,OK,100,0,0,0,0,0,0,0,0,0,0,0,0,-1,0,-1,0,0,0,0,0,0,NO_DATA,0,0,0,0,0,0,0,0,0,0,0,0,0,0,0,0,0,0,0,0,0,0,0,OK,0,,0,NONE,,,RECOVERING,0,,0,0,0,0,0,0,0,1,0,0,0,0,0,0,0,0,0,0,0,0,0,0,0,0,0,0,13,1,12,0,0,rc 0 0 0 0,,TIMEOUT,2391,91458,2752
E-STATE-CLI-001,telemetry-cli-diagnostic,Telemetry continuity without GUI,STATE_WATCH,96736,273,0,0,0,0,0,0,,,ERROR,,,,1021,1021,0,0,0,10.1289,10.1224,65,98,148,0,0,0,0,0,OK,100,0,0,0,0,0,0,0,0,0,0,0,0,-1,0,-1,0,0,0,0,0,0,NO_DATA,0,0,0,0,0,0,0,0,0,0,0,0,0,0,0,0,0,0,0,0,0,0,0,OK,0,,0,NONE,,,RECOVERING,0,,0,0,0,0,0,0,0,1,0,0,0,0,0,0,0,0,0,0,0,0,0,0,0,0,0,0,13,1,12,0,0,rc 0 0 0 0,,TIMEOUT,2391,91708,3002
E-STATE-CLI-001,telemetry-cli-diagnostic,Telemetry continuity without GUI,STATE_WATCH,96986,274,0,0,0,0,0,0,,,ERROR,,,,1024,1024,0,0,0,9.92238,11.7088,66,100,148,0,0,0,0,0,OK,100,0,0,0,0,0,0,0,0,0,0,0,0,-1,0,-1,0,0,0,0,0,0,NO_DATA,0,0,0,0,0,0,0,0,0,0,0,0,0,0,0,0,0,0,0,0,0,0,0,OK,0,,0,NONE,,,RECOVERING,0,,0,0,0,0,0,0,0,1,0,0,0,0,0,0,0,0,0,0,0,0,0,0,0,0,0,0,13,1,12,0,0,rc 0 0 0 0,,TIMEOUT,2391,91958,3252
E-STATE-CLI-001,telemetry-cli-diagnostic,Telemetry continuity without GUI,STATE_WATCH,97237,275,0,0,0,0,0,0,,,ERROR,,,,1027,1027,0,0,0,10.137,10.9648,22,98,148,0,0,0,0,0,OK,100,0,0,0,0,0,0,0,0,0,0,0,0,-1,0,-1,0,0,0,0,0,0,NO_DATA,0,0,0,0,0,0,0,0,0,0,0,0,0,0,0,0,0,0,0,0,0,0,0,OK,0,,0,NONE,,,RECOVERING,0,,0,0,0,0,0,0,0,1,0,0,0,0,0,0,0,0,0,0,0,0,0,0,0,0,0,0,13,1,12,0,0,rc 0 0 0 0,,TIMEOUT,2391,92208,3502
E-STATE-CLI-001,telemetry-cli-diagnostic,Telemetry continuity without GUI,STATE_WATCH,97487,276,0,0,0,0,0,0,,,ERROR,,,,1029,1029,0,0,0,10.1621,10.667,75,98,148,0,0,0,0,0,OK,100,0,0,0,0,0,0,0,0,0,0,0,0,-1,0,-1,0,0,0,0,0,0,NO_DATA,0,0,0,0,0,0,0,0,0,0,0,0,0,0,0,0,0,0,0,0,0,0,0,OK,0,,0,NONE,,,RECOVERING,0,,0,0,0,0,0,0,0,1,0,0,0,0,0,0,0,0,0,0,0,0,0,0,0,0,0,0,13,1,12,0,0,rc 0 0 0 0,,TIMEOUT,2391,92459,3752
E-STATE-CLI-001,telemetry-cli-diagnostic,Telemetry continuity without GUI,STATE_WATCH,97737,277,0,0,0,0,0,0,,,ERROR,,,,1032,1032,0,0,0,10.1949,10.4119,29,98,148,0,0,0,0,0,OK,100,0,0,0,0,0,0,0,0,0,0,0,0,-1,0,-1,0,0,0,0,0,0,NO_DATA,0,0,0,0,0,0,0,0,0,0,0,0,0,0,0,0,0,0,0,0,0,0,0,OK,0,,0,NONE,,,RECOVERING,0,,0,0,0,0,0,0,0,1,0,0,0,0,0,0,0,0,0,0,0,0,0,0,0,0,0,0,13,1,12,0,0,rc 0 0 0 0,,TIMEOUT,2391,92709,4003
E-STATE-CLI-001,telemetry-cli-diagnostic,Telemetry continuity without GUI,STATE_WATCH,97987,278,0,0,0,0,0,0,,,ERROR,,,,1034,1034,0,0,0,10.278,10.3157,82,97,148,0,0,0,0,0,OK,100,0,0,0,0,0,0,0,0,0,0,0,0,-1,0,-1,0,0,0,0,0,0,NO_DATA,0,0,0,0,0,0,0,0,0,0,0,0,0,0,0,0,0,0,0,0,0,0,0,OK,0,,0,NONE,,,RECOVERING,0,,0,0,0,0,0,0,0,1,0,0,0,0,0,0,0,0,0,0,0,0,0,0,0,0,0,0,13,1,12,0,0,rc 0 0 0 0,,TIMEOUT,2391,92959,4253
E-STATE-CLI-001,telemetry-cli-diagnostic,Telemetry continuity without GUI,STATE_WATCH,98237,279,0,0,0,0,0,0,,,ERROR,,,,1037,1037,0,0,0,10.1331,10.2258,36,98,148,0,0,0,0,0,OK,100,0,0,0,0,0,0,0,0,0,0,0,0,-1,0,-1,0,0,0,0,0,0,NO_DATA,0,0,0,0,0,0,0,0,0,0,0,0,0,0,0,0,0,0,0,0,0,0,0,OK,0,,0,NONE,,,RECOVERING,0,,0,0,0,0,0,0,0,1,0,0,0,0,0,0,0,0,0,0,0,0,0,0,0,0,0,0,13,1,12,0,0,rc 0 0 0 0,,TIMEOUT,2391,93209,4503
E-STATE-CLI-001,telemetry-cli-diagnostic,Telemetry continuity without GUI,STATE_WATCH,98488,280,0,0,0,0,0,0,,,ERROR,,,,1039,1039,0,0,0,10.1288,10.191,89,98,148,0,0,0,0,0,OK,100,0,0,0,0,0,0,0,0,0,0,0,0,-1,0,-1,0,0,0,0,0,0,NO_DATA,0,0,0,0,0,0,0,0,0,0,0,0,0,0,0,0,0,0,0,0,0,0,0,OK,0,,0,NONE,,,RECOVERING,0,,0,0,0,0,0,0,0,1,0,0,0,0,0,0,0,0,0,0,0,0,0,0,0,0,0,0,13,1,12,0,0,rc 0 0 0 0,,TIMEOUT,2391,93459,4753
E-STATE-CLI-001,telemetry-cli-diagnostic,Telemetry continuity without GUI,STATE_WATCH,101126,281,0,0,0,0,0,0,,,ERROR,,,,1042,1042,0,0,0,9.95287,10.1297,41,100,148,0,0,0,0,0,OK,100,0,0,0,0,0,0,0,0,0,0,0,0,-1,0,-1,0,0,0,0,0,0,NO_DATA,0,0,0,0,0,0,0,0,0,0,0,0,0,0,0,0,0,0,0,0,0,0,0,OK,0,,0,NONE,,,RECOVERING,0,,0,0,0,0,0,0,0,1,0,0,0,0,0,0,0,0,0,0,0,0,0,0,0,0,0,0,14,1,13,0,0,rc 0 0 0 0,,TIMEOUT,2391,96098,0
E-STATE-CLI-001,telemetry-cli-diagnostic,Telemetry continuity without GUI,STATE_WATCH,101376,282,0,0,0,0,0,0,,,ERROR,,,,1069,1069,0,0,0,10.3194,10.2975,68,96,148,0,0,0,0,0,OK,100,0,0,0,0,0,0,0,0,0,0,0,0,-1,0,-1,0,0,0,0,0,0,NO_DATA,0,0,0,0,0,0,0,0,0,0,0,0,0,0,0,0,0,0,0,0,0,0,0,OK,0,,0,NONE,,,RECOVERING,0,,0,0,0,0,0,0,0,1,0,0,0,0,0,0,0,0,0,0,0,0,0,0,0,0,0,0,14,1,13,0,0,rc 0 0 0 0,,TIMEOUT,2391,96348,250
E-STATE-CLI-001,telemetry-cli-diagnostic,Telemetry continuity without GUI,STATE_WATCH,101626,283,0,0,0,0,0,0,,,ERROR,,,,1072,1072,0,0,0,10.8904,10.57,41,91,148,0,0,0,0,0,OK,100,0,0,0,0,0,0,0,0,0,0,0,0,-1,0,-1,0,0,0,0,0,0,NO_DATA,0,0,0,0,0,0,0,0,0,0,0,0,0,0,0,0,0,0,0,0,0,0,0,OK,0,,0,NONE,,,RECOVERING,0,,0,0,0,0,0,0,0,1,0,0,0,0,0,0,0,0,0,0,0,0,0,0,0,0,0,0,14,1,13,0,0,rc 0 0 0 0,,TIMEOUT,2391,96598,500
E-STATE-CLI-001,telemetry-cli-diagnostic,Telemetry continuity without GUI,STATE_WATCH,101876,284,0,0,0,0,0,0,,,ERROR,,,,1075,1075,0,0,0,10.8868,10.728,16,91,148,0,0,0,0,0,OK,100,0,0,0,0,0,0,0,0,0,0,0,0,-1,0,-1,0,0,0,0,0,0,NO_DATA,0,0,0,0,0,0,0,0,0,0,0,0,0,0,0,0,0,0,0,0,0,0,0,OK,0,,0,NONE,,,RECOVERING,0,,0,0,0,0,0,0,0,1,0,0,0,0,0,0,0,0,0,0,0,0,0,0,0,0,0,0,14,1,13,0,0,rc 0 0 0 0,,TIMEOUT,2391,96848,750
E-STATE-CLI-001,telemetry-cli-diagnostic,Telemetry continuity without GUI,STATE_WATCH,102127,285,0,0,0,0,0,0,,,ERROR,,,,1077,1077,0,0,0,10.9017,10.7876,82,91,148,0,0,0,0,0,OK,100,0,0,0,0,0,0,0,0,0,0,0,0,-1,0,-1,0,0,0,0,0,0,NO_DATA,0,0,0,0,0,0,0,0,0,0,0,0,0,0,0,0,0,0,0,0,0,0,0,OK,0,,0,NONE,,,RECOVERING,0,,0,0,0,0,0,0,0,1,0,0,0,0,0,0,0,0,0,0,0,0,0,0,0,0,0,0,14,1,13,0,0,rc 0 0 0 0,,TIMEOUT,2391,97098,1000
E-STATE-CLI-001,telemetry-cli-diagnostic,Telemetry continuity without GUI,STATE_WATCH,102377,286,0,0,0,0,0,0,,,ERROR,,,,1080,1080,0,0,0,10.8949,10.8237,56,91,148,0,0,0,0,0,OK,100,0,0,0,0,0,0,0,0,0,0,0,0,-1,0,-1,0,0,0,0,0,0,NO_DATA,0,0,0,0,0,0,0,0,0,0,0,0,0,0,0,0,0,0,0,0,0,0,0,OK,0,,0,NONE,,,RECOVERING,0,,0,0,0,0,0,0,0,1,0,0,0,0,0,0,0,0,0,0,0,0,0,0,0,0,0,0,14,1,13,0,0,rc 0 0 0 0,,TIMEOUT,2391,97349,1250
E-STATE-CLI-001,telemetry-cli-diagnostic,Telemetry continuity without GUI,STATE_WATCH,102627,287,0,0,0,0,0,0,,,ERROR,,,,1083,1083,0,0,0,10.8922,10.8586,31,91,148,0,0,0,0,0,OK,100,0,0,0,0,0,0,0,0,0,0,0,0,-1,0,-1,0,0,0,0,0,0,NO_DATA,0,0,0,0,0,0,0,0,0,0,0,0,0,0,0,0,0,0,0,0,0,0,0,OK,0,,0,NONE,,,RECOVERING,0,,0,0,0,0,0,0,0,1,0,0,0,0,0,0,0,0,0,0,0,0,0,0,0,0,0,0,14,1,13,0,0,rc 0 0 0 0,,TIMEOUT,2391,97599,1501
E-STATE-CLI-001,telemetry-cli-diagnostic,Telemetry continuity without GUI,STATE_WATCH,102877,288,0,0,0,0,0,0,,,ERROR,,,,1086,1086,0,0,0,10.9502,10.8758,6,91,148,0,0,0,0,0,OK,100,0,0,0,0,0,0,0,0,0,0,0,0,-1,0,-1,0,0,0,0,0,0,NO_DATA,0,0,0,0,0,0,0,0,0,0,0,0,0,0,0,0,0,0,0,0,0,0,0,OK,0,,0,NONE,,,RECOVERING,0,,0,0,0,0,0,0,0,1,0,0,0,0,0,0,0,0,0,0,0,0,0,0,0,0,0,0,14,1,13,0,0,rc 0 0 0 0,,TIMEOUT,2391,97849,1751
E-STATE-CLI-001,telemetry-cli-diagnostic,Telemetry continuity without GUI,STATE_WATCH,103127,289,0,0,0,0,0,0,,,ERROR,,,,1088,1088,0,0,0,10.9003,10.8855,72,91,148,0,0,0,0,0,OK,100,0,0,0,0,0,0,0,0,0,0,0,0,-1,0,-1,0,0,0,0,0,0,NO_DATA,0,0,0,0,0,0,0,0,0,0,0,0,0,0,0,0,0,0,0,0,0,0,0,OK,0,,0,NONE,,,RECOVERING,0,,0,0,0,0,0,0,0,1,0,0,0,0,0,0,0,0,0,0,0,0,0,0,0,0,0,0,14,1,13,0,0,rc 0 0 0 0,,TIMEOUT,2391,98099,2001
E-STATE-CLI-001,telemetry-cli-diagnostic,Telemetry continuity without GUI,STATE_WATCH,103377,290,0,0,0,0,0,0,,,ERROR,,,,1092,1092,0,0,0,10.9282,12.6186,1,91,148,0,0,0,0,0,OK,100,0,0,0,0,0,0,0,0,0,0,0,0,-1,0,-1,0,0,0,0,0,0,NO_DATA,0,0,0,0,0,0,0,0,0,0,0,0,0,0,0,0,0,0,0,0,0,0,0,OK,0,,0,NONE,,,RECOVERING,0,,0,0,0,0,0,0,0,1,0,0,0,0,0,0,0,0,0,0,0,0,0,0,0,0,0,0,14,1,13,0,0,rc 0 0 0 0,,TIMEOUT,2391,98349,2251
E-STATE-CLI-001,telemetry-cli-diagnostic,Telemetry continuity without GUI,STATE_WATCH,103628,291,0,0,0,0,0,0,,,ERROR,,,,1094,1094,0,0,0,10.7648,11.9711,67,92,148,0,0,0,0,0,OK,100,0,0,0,0,0,0,0,0,0,0,0,0,-1,0,-1,0,0,0,0,0,0,NO_DATA,0,0,0,0,0,0,0,0,0,0,0,0,0,0,0,0,0,0,0,0,0,0,0,OK,0,,0,NONE,,,RECOVERING,0,,0,0,0,0,0,0,0,1,0,0,0,0,0,0,0,0,0,0,0,0,0,0,0,0,0,0,14,1,13,0,0,rc 0 0 0 0,,TIMEOUT,2391,98599,2501
E-STATE-CLI-001,telemetry-cli-diagnostic,Telemetry continuity without GUI,STATE_WATCH,103878,292,0,0,0,0,0,0,,,ERROR,,,,1097,1097,0,0,0,10.8789,11.4602,43,91,148,0,0,0,0,0,OK,100,0,0,0,0,0,0,0,0,0,0,0,0,-1,0,-1,0,0,0,0,0,0,NO_DATA,0,0,0,0,0,0,0,0,0,0,0,0,0,0,0,0,0,0,0,0,0,0,0,OK,0,,0,NONE,,,RECOVERING,0,,0,0,0,0,0,0,0,1,0,0,0,0,0,0,0,0,0,0,0,0,0,0,0,0,0,0,14,1,13,0,0,rc 0 0 0 0,,TIMEOUT,2391,98850,2751
E-STATE-CLI-001,telemetry-cli-diagnostic,Telemetry continuity without GUI,STATE_WATCH,104128,293,0,0,0,0,0,0,,,ERROR,,,,1100,1100,0,0,0,10.7718,11.1477,16,92,148,0,0,0,0,0,OK,100,0,0,0,0,0,0,0,0,0,0,0,0,-1,0,-1,0,0,0,0,0,0,NO_DATA,0,0,0,0,0,0,0,0,0,0,0,0,0,0,0,0,0,0,0,0,0,0,0,OK,0,,0,NONE,,,RECOVERING,0,,0,0,0,0,0,0,0,1,0,0,0,0,0,0,0,0,0,0,0,0,0,0,0,0,0,0,14,1,13,0,0,rc 0 0 0 0,,TIMEOUT,2391,99100,3002
E-STATE-CLI-001,telemetry-cli-diagnostic,Telemetry continuity without GUI,STATE_WATCH,104378,294,0,0,0,0,0,0,,,ERROR,,,,1102,1102,0,0,0,11.1779,11.1045,84,89,148,0,0,0,0,0,OK,100,0,0,0,0,0,0,0,0,0,0,0,0,-1,0,-1,0,0,0,0,0,0,NO_DATA,0,0,0,0,0,0,0,0,0,0,0,0,0,0,0,0,0,0,0,0,0,0,0,OK,0,,0,NONE,,,RECOVERING,0,,0,0,0,0,0,0,0,1,0,0,0,0,0,0,0,0,0,0,0,0,0,0,0,0,0,0,14,1,13,0,0,rc 0 0 0 0,,TIMEOUT,2391,99350,3252
E-STATE-CLI-001,telemetry-cli-diagnostic,Telemetry continuity without GUI,STATE_WATCH,104629,295,0,0,0,0,0,0,,,ERROR,,,,1105,1105,0,0,0,10.9097,11.0046,59,91,148,0,0,0,0,0,OK,100,0,0,0,0,0,0,0,0,0,0,0,0,-1,0,-1,0,0,0,0,0,0,NO_DATA,0,0,0,0,0,0,0,0,0,0,0,0,0,0,0,0,0,0,0,0,0,0,0,OK,0,,0,NONE,,,RECOVERING,0,,0,0,0,0,0,0,0,1,0,0,0,0,0,0,0,0,0,0,0,0,0,0,0,0,0,0,14,1,13,0,0,rc 0 0 0 0,,TIMEOUT,2391,99600,3502
E-STATE-CLI-001,telemetry-cli-diagnostic,Telemetry continuity without GUI,STATE_WATCH,104879,296,0,0,0,0,0,0,,,ERROR,,,,1108,1108,0,0,0,10.903,10.9516,34,91,148,0,0,0,0,0,OK,100,0,0,0,0,0,0,0,0,0,0,0,0,-1,0,-1,0,0,0,0,0,0,NO_DATA,0,0,0,0,0,0,0,0,0,0,0,0,0,0,0,0,0,0,0,0,0,0,0,OK,0,,0,NONE,,,RECOVERING,0,,0,0,0,0,0,0,0,1,0,0,0,0,0,0,0,0,0,0,0,0,0,0,0,0,0,0,14,1,13,0,0,rc 0 0 0 0,,TIMEOUT,2391,99850,3752
E-STATE-CLI-001,telemetry-cli-diagnostic,Telemetry continuity without GUI,STATE_WATCH,105129,297,0,0,0,0,0,0,,,ERROR,,,,1111,1111,0,0,0,10.8664,10.908,8,92,148,0,0,0,0,0,OK,100,0,0,0,0,0,0,0,0,0,0,0,0,-1,0,-1,0,0,0,0,0,0,NO_DATA,0,0,0,0,0,0,0,0,0,0,0,0,0,0,0,0,0,0,0,0,0,0,0,OK,0,,0,NONE,,,RECOVERING,0,,0,0,0,0,0,0,0,1,0,0,0,0,0,0,0,0,0,0,0,0,0,0,0,0,0,0,14,1,13,0,0,rc 0 0 0 0,,TIMEOUT,2391,100101,4002
E-STATE-CLI-001,telemetry-cli-diagnostic,Telemetry continuity without GUI,STATE_WATCH,105379,298,0,0,0,0,0,0,,,ERROR,,,,1113,1113,0,0,0,10.8152,10.9003,74,92,148,0,0,0,0,0,OK,100,0,0,0,0,0,0,0,0,0,0,0,0,-1,0,-1,0,0,0,0,0,0,NO_DATA,0,0,0,0,0,0,0,0,0,0,0,0,0,0,0,0,0,0,0,0,0,0,0,OK,0,,0,NONE,,,RECOVERING,0,,0,0,0,0,0,0,0,1,0,0,0,0,0,0,0,0,0,0,0,0,0,0,0,0,0,0,14,1,13,0,0,rc 0 0 0 0,,TIMEOUT,2391,100351,4253
E-STATE-CLI-001,telemetry-cli-diagnostic,Telemetry continuity without GUI,STATE_WATCH,105629,299,0,0,0,0,0,0,,,ERROR,,,,1116,1116,0,0,0,10.9044,10.9095,50,91,148,0,0,0,0,0,OK,100,0,0,0,0,0,0,0,0,0,0,0,0,-1,0,-1,0,0,0,0,0,0,NO_DATA,0,0,0,0,0,0,0,0,0,0,0,0,0,0,0,0,0,0,0,0,0,0,0,OK,0,,0,NONE,,,RECOVERING,0,,0,0,0,0,0,0,0,1,0,0,0,0,0,0,0,0,0,0,0,0,0,0,0,0,0,0,14,1,13,0,0,rc 0 0 0 0,,TIMEOUT,2391,100601,4503
E-STATE-CLI-001,telemetry-cli-diagnostic,Telemetry continuity without GUI,STATE_WATCH,105879,300,0,0,0,0,0,0,,,ERROR,,,,1119,1119,0,0,0,10.895,10.9031,25,91,148,0,0,0,0,0,OK,100,0,0,0,0,0,0,0,0,0,0,0,0,-1,0,-1,0,0,0,0,0,0,NO_DATA,0,0,0,0,0,0,0,0,0,0,0,0,0,0,0,0,0,0,0,0,0,0,0,OK,0,,0,NONE,,,RECOVERING,0,,0,0,0,0,0,0,0,1,0,0,0,0,0,0,0,0,0,0,0,0,0,0,0,0,0,0,14,1,13,0,0,rc 0 0 0 0,,TIMEOUT,2391,100851,4753
E-STATE-CLI-001,telemetry-cli-diagnostic,Telemetry continuity without GUI,STATE_WATCH,108518,301,0,0,0,0,0,0,,,ERROR,,,,1121,1121,0,0,0,10.9051,10.8988,91,91,148,0,0,0,0,0,OK,100,0,0,0,0,0,0,0,0,0,0,0,0,-1,0,-1,0,0,0,0,0,0,NO_DATA,0,0,0,0,0,0,0,0,0,0,0,0,0,0,0,0,0,0,0,0,0,0,0,OK,0,,0,NONE,,,RECOVERING,0,,0,0,0,0,0,0,0,1,0,0,0,0,0,0,0,0,0,0,0,0,0,0,0,0,0,0,15,1,14,0,0,rc 0 0 0 0,,TIMEOUT,2391,103490,0
E-STATE-CLI-001,telemetry-cli-diagnostic,Telemetry continuity without GUI,STATE_WATCH,108768,302,0,0,0,0,0,0,,,ERROR,,,,1150,1150,0,0,0,10.3245,10.3579,22,96,148,0,0,0,0,0,OK,100,0,0,0,0,0,0,0,0,0,0,0,0,-1,0,-1,0,0,0,0,0,0,NO_DATA,0,0,0,0,0,0,0,0,0,0,0,0,0,0,0,0,0,0,0,0,0,0,0,OK,0,,0,NONE,,,RECOVERING,0,,0,0,0,0,0,0,0,1,0,0,0,0,0,0,0,0,0,0,0,0,0,0,0,0,0,0,15,1,14,0,0,rc 0 0 0 0,,TIMEOUT,2391,103740,250
E-STATE-CLI-001,telemetry-cli-diagnostic,Telemetry continuity without GUI,STATE_WATCH,109018,303,0,0,0,0,0,0,,,ERROR,,,,1153,1153,0,0,0,17.1602,11.7145,21,58,148,0,0,0,0,0,OK,100,0,0,0,0,0,0,0,0,0,0,0,0,-1,0,-1,0,0,0,0,0,0,NO_DATA,0,0,0,0,0,0,0,0,0,0,0,0,0,0,0,0,0,0,0,0,0,0,0,OK,0,,0,NONE,,,RECOVERING,0,,0,0,0,0,0,0,0,1,0,0,0,0,0,0,0,0,0,0,0,0,0,0,0,0,0,0,15,1,14,0,0,rc 0 0 0 0,,TIMEOUT,2391,103990,500
E-STATE-CLI-001,telemetry-cli-diagnostic,Telemetry continuity without GUI,STATE_WATCH,109268,304,0,0,0,0,0,0,,,ERROR,,,,1155,1155,0,0,0,10.3287,11.4058,87,96,148,0,0,0,0,0,OK,100,0,0,0,0,0,0,0,0,0,0,0,0,-1,0,-1,0,0,0,0,0,0,NO_DATA,0,0,0,0,0,0,0,0,0,0,0,0,0,0,0,0,0,0,0,0,0,0,0,OK,0,,0,NONE,,,RECOVERING,0,,0,0,0,0,0,0,0,1,0,0,0,0,0,0,0,0,0,0,0,0,0,0,0,0,0,0,15,1,14,0,0,rc 0 0 0 0,,TIMEOUT,2391,104240,750
E-STATE-CLI-001,telemetry-cli-diagnostic,Telemetry continuity without GUI,STATE_WATCH,109519,305,0,0,0,0,0,0,,,ERROR,,,,1158,1158,0,0,0,10.2552,10.8687,46,97,148,0,0,0,0,0,OK,100,0,0,0,0,0,0,0,0,0,0,0,0,-1,0,-1,0,0,0,0,0,0,NO_DATA,0,0,0,0,0,0,0,0,0,0,0,0,0,0,0,0,0,0,0,0,0,0,0,OK,0,,0,NONE,,,RECOVERING,0,,0,0,0,0,0,0,0,1,0,0,0,0,0,0,0,0,0,0,0,0,0,0,0,0,0,0,15,1,14,0,0,rc 0 0 0 0,,TIMEOUT,2391,104490,1000
E-STATE-CLI-001,telemetry-cli-diagnostic,Telemetry continuity without GUI,STATE_WATCH,109769,306,0,0,0,0,0,0,,,ERROR,,,,1161,1161,0,0,0,10.4272,10.6364,8,95,148,0,0,0,0,0,OK,100,0,0,0,0,0,0,0,0,0,0,0,0,-1,0,-1,0,0,0,0,0,0,NO_DATA,0,0,0,0,0,0,0,0,0,0,0,0,0,0,0,0,0,0,0,0,0,0,0,OK,0,,0,NONE,,,RECOVERING,0,,0,0,0,0,0,0,0,1,0,0,0,0,0,0,0,0,0,0,0,0,0,0,0,0,0,0,15,1,14,0,0,rc 0 0 0 0,,TIMEOUT,2391,104740,1250
E-STATE-CLI-001,telemetry-cli-diagnostic,Telemetry continuity without GUI,STATE_WATCH,110019,307,0,0,0,0,0,0,,,ERROR,,,,1163,1163,0,0,0,10.4438,10.562,66,95,148,0,0,0,0,0,OK,100,0,0,0,0,0,0,0,0,0,0,0,0,-1,0,-1,0,0,0,0,0,0,NO_DATA,0,0,0,0,0,0,0,0,0,0,0,0,0,0,0,0,0,0,0,0,0,0,0,OK,0,,0,NONE,,,RECOVERING,0,,0,0,0,0,0,0,0,1,0,0,0,0,0,0,0,0,0,0,0,0,0,0,0,0,0,0,15,1,14,0,0,rc 0 0 0 0,,TIMEOUT,2391,104991,1501
E-STATE-CLI-001,telemetry-cli-diagnostic,Telemetry continuity without GUI,STATE_WATCH,110269,308,0,0,0,0,0,0,,,ERROR,,,,1166,1166,0,0,0,10.3826,10.474,27,96,148,0,0,0,0,0,OK,100,0,0,0,0,0,0,0,0,0,0,0,0,-1,0,-1,0,0,0,0,0,0,NO_DATA,0,0,0,0,0,0,0,0,0,0,0,0,0,0,0,0,0,0,0,0,0,0,0,OK,0,,0,NONE,,,RECOVERING,0,,0,0,0,0,0,0,0,1,0,0,0,0,0,0,0,0,0,0,0,0,0,0,0,0,0,0,15,1,14,0,0,rc 0 0 0 0,,TIMEOUT,2391,105241,1751
E-STATE-CLI-001,telemetry-cli-diagnostic,Telemetry continuity without GUI,STATE_WATCH,110519,309,0,0,0,0,0,0,,,ERROR,,,,1168,1168,0,0,0,10.3722,10.4384,85,96,148,0,0,0,0,0,OK,100,0,0,0,0,0,0,0,0,0,0,0,0,-1,0,-1,0,0,0,0,0,0,NO_DATA,0,0,0,0,0,0,0,0,0,0,0,0,0,0,0,0,0,0,0,0,0,0,0,OK,0,,0,NONE,,,RECOVERING,0,,0,0,0,0,0,0,0,1,0,0,0,0,0,0,0,0,0,0,0,0,0,0,0,0,0,0,15,1,14,0,0,rc 0 0 0 0,,TIMEOUT,2391,105491,2001
E-STATE-CLI-001,telemetry-cli-diagnostic,Telemetry continuity without GUI,STATE_WATCH,110769,310,0,0,0,0,0,0,,,ERROR,,,,1171,1171,0,0,0,10.4751,10.4155,46,95,148,0,0,0,0,0,OK,100,0,0,0,0,0,0,0,0,0,0,0,0,-1,0,-1,0,0,0,0,0,0,NO_DATA,0,0,0,0,0,0,0,0,0,0,0,0,0,0,0,0,0,0,0,0,0,0,0,OK,0,,0,NONE,,,RECOVERING,0,,0,0,0,0,0,0,0,1,0,0,0,0,0,0,0,0,0,0,0,0,0,0,0,0,0,0,15,1,14,0,0,rc 0 0 0 0,,TIMEOUT,2391,105741,2251
E-STATE-CLI-001,telemetry-cli-diagnostic,Telemetry continuity without GUI,STATE_WATCH,111020,311,0,0,0,0,0,0,,,ERROR,,,,1174,1174,0,0,0,10.2556,10.3729,6,97,148,0,0,0,0,0,OK,100,0,0,0,0,0,0,0,0,0,0,0,0,-1,0,-1,0,0,0,0,0,0,NO_DATA,0,0,0,0,0,0,0,0,0,0,0,0,0,0,0,0,0,0,0,0,0,0,0,OK,0,,0,NONE,,,RECOVERING,0,,0,0,0,0,0,0,0,1,0,0,0,0,0,0,0,0,0,0,0,0,0,0,0,0,0,0,15,1,14,0,0,rc 0 0 0 0,,TIMEOUT,2391,105991,2501
E-STATE-CLI-001,telemetry-cli-diagnostic,Telemetry continuity without GUI,STATE_WATCH,111270,312,0,0,0,0,0,0,,,ERROR,,,,1176,1176,0,0,0,10.3852,10.3994,65,96,148,0,0,0,0,0,OK,100,0,0,0,0,0,0,0,0,0,0,0,0,-1,0,-1,0,0,0,0,0,0,NO_DATA,0,0,0,0,0,0,0,0,0,0,0,0,0,0,0,0,0,0,0,0,0,0,0,OK,0,,0,NONE,,,RECOVERING,0,,0,0,0,0,0,0,0,1,0,0,0,0,0,0,0,0,0,0,0,0,0,0,0,0,0,0,15,1,14,0,0,rc 0 0 0 0,,TIMEOUT,2391,106242,2752
E-STATE-CLI-001,telemetry-cli-diagnostic,Telemetry continuity without GUI,STATE_WATCH,111520,313,0,0,0,0,0,0,,,ERROR,,,,1179,1179,0,0,0,10.3859,10.3917,26,96,148,0,0,0,0,0,OK,100,0,0,0,0,0,0,0,0,0,0,0,0,-1,0,-1,0,0,0,0,0,0,NO_DATA,0,0,0,0,0,0,0,0,0,0,0,0,0,0,0,0,0,0,0,0,0,0,0,OK,0,,0,NONE,,,RECOVERING,0,,0,0,0,0,0,0,0,1,0,0,0,0,0,0,0,0,0,0,0,0,0,0,0,0,0,0,15,1,14,0,0,rc 0 0 0 0,,TIMEOUT,2391,106492,3002
E-STATE-CLI-001,telemetry-cli-diagnostic,Telemetry continuity without GUI,STATE_WATCH,111770,314,0,0,0,0,0,0,,,ERROR,,,,1181,1181,0,0,0,10.2463,10.3598,82,97,148,0,0,0,0,0,OK,100,0,0,0,0,0,0,0,0,0,0,0,0,-1,0,-1,0,0,0,0,0,0,NO_DATA,0,0,0,0,0,0,0,0,0,0,0,0,0,0,0,0,0,0,0,0,0,0,0,OK,0,,0,NONE,,,RECOVERING,0,,0,0,0,0,0,0,0,1,0,0,0,0,0,0,0,0,0,0,0,0,0,0,0,0,0,0,15,1,14,0,0,rc 0 0 0 0,,TIMEOUT,2391,106742,3252
E-STATE-CLI-001,telemetry-cli-diagnostic,Telemetry continuity without GUI,STATE_WATCH,112020,315,0,0,0,0,0,0,,,ERROR,,,,1184,1184,0,0,0,10.3832,10.3892,45,96,148,0,0,0,0,0,OK,100,0,0,0,0,0,0,0,0,0,0,0,0,-1,0,-1,0,0,0,0,0,0,NO_DATA,0,0,0,0,0,0,0,0,0,0,0,0,0,0,0,0,0,0,0,0,0,0,0,OK,0,,0,NONE,,,RECOVERING,0,,0,0,0,0,0,0,0,1,0,0,0,0,0,0,0,0,0,0,0,0,0,0,0,0,0,0,15,1,14,0,0,rc 0 0 0 0,,TIMEOUT,2391,106992,3502
E-STATE-CLI-001,telemetry-cli-diagnostic,Telemetry continuity without GUI,STATE_WATCH,112271,316,0,0,0,0,0,0,,,ERROR,,,,1187,1187,0,0,0,10.3818,12.0511,54,96,148,0,0,0,0,0,OK,100,0,0,0,0,0,0,0,0,0,0,0,0,-1,0,-1,0,0,0,0,0,0,NO_DATA,0,0,0,0,0,0,0,0,0,0,0,0,0,0,0,0,0,0,0,0,0,0,0,OK,0,,0,NONE,,,RECOVERING,0,,0,0,0,0,0,0,0,1,0,0,0,0,0,0,0,0,0,0,0,0,0,0,0,0,0,0,15,1,14,0,0,rc 0 0 0 0,,TIMEOUT,2391,107242,3752
E-STATE-CLI-001,telemetry-cli-diagnostic,Telemetry continuity without GUI,STATE_WATCH,112521,317,0,0,0,0,0,0,,,ERROR,,,,1190,1190,0,0,0,10.259,11.2113,14,97,148,0,0,0,0,0,OK,100,0,0,0,0,0,0,0,0,0,0,0,0,-1,0,-1,0,0,0,0,0,0,NO_DATA,0,0,0,0,0,0,0,0,0,0,0,0,0,0,0,0,0,0,0,0,0,0,0,OK,0,,0,NONE,,,RECOVERING,0,,0,0,0,0,0,0,0,1,0,0,0,0,0,0,0,0,0,0,0,0,0,0,0,0,0,0,15,1,14,0,0,rc 0 0 0 0,,TIMEOUT,2391,107492,4002
E-STATE-CLI-001,telemetry-cli-diagnostic,Telemetry continuity without GUI,STATE_WATCH,112771,318,0,0,0,0,0,0,,,ERROR,,,,1192,1192,0,0,0,10.3879,10.9343,73,96,148,0,0,0,0,0,OK,100,0,0,0,0,0,0,0,0,0,0,0,0,-1,0,-1,0,0,0,0,0,0,NO_DATA,0,0,0,0,0,0,0,0,0,0,0,0,0,0,0,0,0,0,0,0,0,0,0,OK,0,,0,NONE,,,RECOVERING,0,,0,0,0,0,0,0,0,1,0,0,0,0,0,0,0,0,0,0,0,0,0,0,0,0,0,0,15,1,14,0,0,rc 0 0 0 0,,TIMEOUT,2391,107743,4253
E-STATE-CLI-001,telemetry-cli-diagnostic,Telemetry continuity without GUI,STATE_WATCH,113021,319,0,0,0,0,0,0,,,ERROR,,,,1195,1195,0,0,0,10.3819,10.6649,34,96,148,0,0,0,0,0,OK,100,0,0,0,0,0,0,0,0,0,0,0,0,-1,0,-1,0,0,0,0,0,0,NO_DATA,0,0,0,0,0,0,0,0,0,0,0,0,0,0,0,0,0,0,0,0,0,0,0,OK,0,,0,NONE,,,RECOVERING,0,,0,0,0,0,0,0,0,1,0,0,0,0,0,0,0,0,0,0,0,0,0,0,0,0,0,0,15,1,14,0,0,rc 0 0 0 0,,TIMEOUT,2391,107993,4503
E-STATE-CLI-001,telemetry-cli-diagnostic,Telemetry continuity without GUI,STATE_WATCH,113271,320,0,0,0,0,0,0,,,ERROR,,,,1197,1197,0,0,0,10.2555,10.5376,91,97,148,0,0,0,0,0,OK,100,0,0,0,0,0,0,0,0,0,0,0,0,-1,0,-1,0,0,0,0,0,0,NO_DATA,0,0,0,0,0,0,0,0,0,0,0,0,0,0,0,0,0,0,0,0,0,0,0,OK,0,,0,NONE,,,RECOVERING,0,,0,0,0,0,0,0,0,1,0,0,0,0,0,0,0,0,0,0,0,0,0,0,0,0,0,0,15,1,14,0,0,rc 0 0 0 0,,TIMEOUT,2391,108243,4753
E-STATE-CLI-001,telemetry-cli-diagnostic,Telemetry continuity without GUI,STATE_WATCH,115914,321,0,0,0,0,0,0,,,ERROR,,,,1200,1200,0,0,0,10.3842,10.4783,53,96,148,0,0,0,0,0,OK,100,0,0,0,0,0,0,0,0,0,0,0,0,-1,0,-1,0,0,0,0,0,0,NO_DATA,0,0,0,0,0,0,0,0,0,0,0,0,0,0,0,0,0,0,0,0,0,0,0,OK,0,,0,NONE,,,RECOVERING,0,,0,0,0,0,0,0,0,1,0,0,0,0,0,0,0,0,0,0,0,0,0,0,0,0,0,0,16,1,15,0,0,rc 0 0 0 0,,TIMEOUT,2395,110886,0
E-STATE-CLI-001,telemetry-cli-diagnostic,Telemetry continuity without GUI,STATE_WATCH,116164,322,0,0,0,0,0,0,,,ERROR,,,,1228,1228,0,0,0,10.6048,10.8314,47,94,148,0,0,0,0,0,OK,100,0,0,0,0,0,0,0,0,0,0,0,0,-1,0,-1,0,0,0,0,0,0,NO_DATA,0,0,0,0,0,0,0,0,0,0,0,0,0,0,0,0,0,0,0,0,0,0,0,OK,0,,0,NONE,,,RECOVERING,0,,0,0,0,0,0,0,0,1,0,0,0,0,0,0,0,0,0,0,0,0,0,0,0,0,0,0,16,1,15,0,0,rc 0 0 0 0,,TIMEOUT,2395,111136,250
E-STATE-CLI-001,telemetry-cli-diagnostic,Telemetry continuity without GUI,STATE_WATCH,116414,323,0,0,0,0,0,0,,,ERROR,,,,1231,1231,0,0,0,10.3824,10.613,8,96,148,0,0,0,0,0,OK,100,0,0,0,0,0,0,0,0,0,0,0,0,-1,0,-1,0,0,0,0,0,0,NO_DATA,0,0,0,0,0,0,0,0,0,0,0,0,0,0,0,0,0,0,0,0,0,0,0,OK,0,,0,NONE,,,RECOVERING,0,,0,0,0,0,0,0,0,1,0,0,0,0,0,0,0,0,0,0,0,0,0,0,0,0,0,0,16,1,15,0,0,rc 0 0 0 0,,TIMEOUT,2395,111386,500
E-STATE-CLI-001,telemetry-cli-diagnostic,Telemetry continuity without GUI,STATE_WATCH,116664,324,0,0,0,0,0,0,,,ERROR,,,,1233,1233,0,0,0,10.3825,10.5298,66,96,148,0,0,0,0,0,OK,100,0,0,0,0,0,0,0,0,0,0,0,0,-1,0,-1,0,0,0,0,0,0,NO_DATA,0,0,0,0,0,0,0,0,0,0,0,0,0,0,0,0,0,0,0,0,0,0,0,OK,0,,0,NONE,,,RECOVERING,0,,0,0,0,0,0,0,0,1,0,0,0,0,0,0,0,0,0,0,0,0,0,0,0,0,0,0,16,1,15,0,0,rc 0 0 0 0,,TIMEOUT,2395,111636,750
E-STATE-CLI-001,telemetry-cli-diagnostic,Telemetry continuity without GUI,STATE_WATCH,116915,325,0,0,0,0,0,0,,,ERROR,,,,1236,1236,0,0,0,10.3746,10.4555,27,96,148,0,0,0,0,0,OK,100,0,0,0,0,0,0,0,0,0,0,0,0,-1,0,-1,0,0,0,0,0,0,NO_DATA,0,0,0,0,0,0,0,0,0,0,0,0,0,0,0,0,0,0,0,0,0,0,0,OK,0,,0,NONE,,,RECOVERING,0,,0,0,0,0,0,0,0,1,0,0,0,0,0,0,0,0,0,0,0,0,0,0,0,0,0,0,16,1,15,0,0,rc 0 0 0 0,,TIMEOUT,2395,111886,1000
E-STATE-CLI-001,telemetry-cli-diagnostic,Telemetry continuity without GUI,STATE_WATCH,117165,326,0,0,0,0,0,0,,,ERROR,,,,1238,1238,0,0,0,10.0214,10.3572,81,99,148,0,0,0,0,0,OK,100,0,0,0,0,0,0,0,0,0,0,0,0,-1,0,-1,0,0,0,0,0,0,NO_DATA,0,0,0,0,0,0,0,0,0,0,0,0,0,0,0,0,0,0,0,0,0,0,0,OK,0,,0,NONE,,,RECOVERING,0,,0,0,0,0,0,0,0,1,0,0,0,0,0,0,0,0,0,0,0,0,0,0,0,0,0,0,16,1,15,0,0,rc 0 0 0 0,,TIMEOUT,2395,112136,1250
E-STATE-CLI-001,telemetry-cli-diagnostic,Telemetry continuity without GUI,STATE_WATCH,117415,327,0,0,0,0,0,0,,,ERROR,,,,1241,1241,0,0,0,10.3878,10.418,46,96,148,0,0,0,0,0,OK,100,0,0,0,0,0,0,0,0,0,0,0,0,-1,0,-1,0,0,0,0,0,0,NO_DATA,0,0,0,0,0,0,0,0,0,0,0,0,0,0,0,0,0,0,0,0,0,0,0,OK,0,,0,NONE,,,RECOVERING,0,,0,0,0,0,0,0,0,1,0,0,0,0,0,0,0,0,0,0,0,0,0,0,0,0,0,0,16,1,15,0,0,rc 0 0 0 0,,TIMEOUT,2395,112387,1501
E-STATE-CLI-001,telemetry-cli-diagnostic,Telemetry continuity without GUI,STATE_WATCH,117665,328,0,0,0,0,0,0,,,ERROR,,,,1244,1244,0,0,0,10.344,10.3797,6,96,148,0,0,0,0,0,OK,100,0,0,0,0,0,0,0,0,0,0,0,0,-1,0,-1,0,0,0,0,0,0,NO_DATA,0,0,0,0,0,0,0,0,0,0,0,0,0,0,0,0,0,0,0,0,0,0,0,OK,0,,0,NONE,,,RECOVERING,0,,0,0,0,0,0,0,0,1,0,0,0,0,0,0,0,0,0,0,0,0,0,0,0,0,0,0,16,1,15,0,0,rc 0 0 0 0,,TIMEOUT,2395,112637,1751
E-STATE-CLI-001,telemetry-cli-diagnostic,Telemetry continuity without GUI,STATE_WATCH,117915,329,0,0,0,0,0,0,,,ERROR,,,,1246,1246,0,0,0,10.3357,10.3627,62,96,148,0,0,0,0,0,OK,100,0,0,0,0,0,0,0,0,0,0,0,0,-1,0,-1,0,0,0,0,0,0,NO_DATA,0,0,0,0,0,0,0,0,0,0,0,0,0,0,0,0,0,0,0,0,0,0,0,OK,0,,0,NONE,,,RECOVERING,0,,0,0,0,0,0,0,0,1,0,0,0,0,0,0,0,0,0,0,0,0,0,0,0,0,0,0,16,1,15,0,0,rc 0 0 0 0,,TIMEOUT,2395,112887,2001
E-STATE-CLI-001,telemetry-cli-diagnostic,Telemetry continuity without GUI,STATE_WATCH,118165,330,0,0,0,0,0,0,,,ERROR,,,,1249,1249,0,0,0,10.3568,10.3497,22,96,148,0,0,0,0,0,OK,100,0,0,0,0,0,0,0,0,0,0,0,0,-1,0,-1,0,0,0,0,0,0,NO_DATA,0,0,0,0,0,0,0,0,0,0,0,0,0,0,0,0,0,0,0,0,0,0,0,OK,0,,0,NONE,,,RECOVERING,0,,0,0,0,0,0,0,0,1,0,0,0,0,0,0,0,0,0,0,0,0,0,0,0,0,0,0,16,1,15,0,0,rc 0 0 0 0,,TIMEOUT,2395,113137,2251
E-STATE-CLI-001,telemetry-cli-diagnostic,Telemetry continuity without GUI,STATE_WATCH,118416,331,0,0,0,0,0,0,,,ERROR,,,,1251,1251,0,0,0,10.3327,10.3443,79,96,148,0,0,0,0,0,OK,100,0,0,0,0,0,0,0,0,0,0,0,0,-1,0,-1,0,0,0,0,0,0,NO_DATA,0,0,0,0,0,0,0,0,0,0,0,0,0,0,0,0,0,0,0,0,0,0,0,OK,0,,0,NONE,,,RECOVERING,0,,0,0,0,0,0,0,0,1,0,0,0,0,0,0,0,0,0,0,0,0,0,0,0,0,0,0,16,1,15,0,0,rc 0 0 0 0,,TIMEOUT,2395,113387,2501
E-STATE-CLI-001,telemetry-cli-diagnostic,Telemetry continuity without GUI,STATE_WATCH,118666,332,0,0,0,0,0,0,,,ERROR,,,,1254,1254,0,0,0,10.3366,10.3394,38,96,148,0,0,0,0,0,OK,100,0,0,0,0,0,0,0,0,0,0,0,0,-1,0,-1,0,0,0,0,0,0,NO_DATA,0,0,0,0,0,0,0,0,0,0,0,0,0,0,0,0,0,0,0,0,0,0,0,OK,0,,0,NONE,,,RECOVERING,0,,0,0,0,0,0,0,0,1,0,0,0,0,0,0,0,0,0,0,0,0,0,0,0,0,0,0,16,1,15,0,0,rc 0 0 0 0,,TIMEOUT,2395,113637,2751
E-STATE-CLI-001,telemetry-cli-diagnostic,Telemetry continuity without GUI,STATE_WATCH,118916,333,0,0,0,0,0,0,,,ERROR,,,,1257,1257,0,0,0,10.4952,11.6663,47,95,148,0,0,0,0,0,OK,100,0,0,0,0,0,0,0,0,0,0,0,0,-1,0,-1,0,0,0,0,0,0,NO_DATA,0,0,0,0,0,0,0,0,0,0,0,0,0,0,0,0,0,0,0,0,0,0,0,OK,0,,0,NONE,,,RECOVERING,0,,0,0,0,0,0,0,0,1,0,0,0,0,0,0,0,0,0,0,0,0,0,0,0,0,0,0,16,1,15,0,0,rc 0 0 0 0,,TIMEOUT,2395,113888,3002
E-STATE-CLI-001,telemetry-cli-diagnostic,Telemetry continuity without GUI,STATE_WATCH,119166,334,0,0,0,0,0,0,,,ERROR,,,,1260,1260,0,0,0,10.7685,11.0394,6,92,148,0,0,0,0,0,OK,100,0,0,0,0,0,0,0,0,0,0,0,0,-1,0,-1,0,0,0,0,0,0,NO_DATA,0,0,0,0,0,0,0,0,0,0,0,0,0,0,0,0,0,0,0,0,0,0,0,OK,0,,0,NONE,,,RECOVERING,0,,0,0,0,0,0,0,0,1,0,0,0,0,0,0,0,0,0,0,0,0,0,0,0,0,0,0,16,1,15,0,0,rc 0 0 0 0,,TIMEOUT,2395,114138,3252
E-STATE-CLI-001,telemetry-cli-diagnostic,Telemetry continuity without GUI,STATE_WATCH,119416,335,0,0,0,0,0,0,,,ERROR,,,,1262,1262,0,0,0,10.3135,10.7815,63,96,148,0,0,0,0,0,OK,100,0,0,0,0,0,0,0,0,0,0,0,0,-1,0,-1,0,0,0,0,0,0,NO_DATA,0,0,0,0,0,0,0,0,0,0,0,0,0,0,0,0,0,0,0,0,0,0,0,OK,0,,0,NONE,,,RECOVERING,0,,0,0,0,0,0,0,0,1,0,0,0,0,0,0,0,0,0,0,0,0,0,0,0,0,0,0,16,1,15,0,0,rc 0 0 0 0,,TIMEOUT,2395,114388,3502
E-STATE-CLI-001,telemetry-cli-diagnostic,Telemetry continuity without GUI,STATE_WATCH,119666,336,0,0,0,0,0,0,,,ERROR,,,,1265,1265,0,0,0,10.7867,10.5944,23,92,148,0,0,0,0,0,OK,100,0,0,0,0,0,0,0,0,0,0,0,0,-1,0,-1,0,0,0,0,0,0,NO_DATA,0,0,0,0,0,0,0,0,0,0,0,0,0,0,0,0,0,0,0,0,0,0,0,OK,0,,0,NONE,,,RECOVERING,0,,0,0,0,0,0,0,0,1,0,0,0,0,0,0,0,0,0,0,0,0,0,0,0,0,0,0,16,1,15,0,0,rc 0 0 0 0,,TIMEOUT,2395,114638,3752
E-STATE-CLI-001,telemetry-cli-diagnostic,Telemetry continuity without GUI,STATE_WATCH,119917,337,0,0,0,0,0,0,,,ERROR,,,,1267,1267,0,0,0,10.3224,10.5011,80,96,148,0,0,0,0,0,OK,100,0,0,0,0,0,0,0,0,0,0,0,0,-1,0,-1,0,0,0,0,0,0,NO_DATA,0,0,0,0,0,0,0,0,0,0,0,0,0,0,0,0,0,0,0,0,0,0,0,OK,0,,0,NONE,,,RECOVERING,0,,0,0,0,0,0,0,0,1,0,0,0,0,0,0,0,0,0,0,0,0,0,0,0,0,0,0,16,1,15,0,0,rc 0 0 0 0,,TIMEOUT,2395,114888,4002
E-STATE-CLI-001,telemetry-cli-diagnostic,Telemetry continuity without GUI,STATE_WATCH,120167,338,0,0,0,0,0,0,,,ERROR,,,,1270,1270,0,0,0,10.4589,10.4281,40,95,148,0,0,0,0,0,OK,100,0,0,0,0,0,0,0,0,0,0,0,0,-1,0,-1,0,0,0,0,0,0,NO_DATA,0,0,0,0,0,0,0,0,0,0,0,0,0,0,0,0,0,0,0,0,0,0,0,OK,0,,0,NONE,,,RECOVERING,0,,0,0,0,0,0,0,0,1,0,0,0,0,0,0,0,0,0,0,0,0,0,0,0,0,0,0,16,1,15,0,0,rc 0 0 0 0,,TIMEOUT,2395,115139,4252
E-STATE-CLI-001,telemetry-cli-diagnostic,Telemetry continuity without GUI,STATE_WATCH,120417,339,0,0,0,0,0,0,,,ERROR,,,,1272,1272,0,0,0,10.3315,10.3961,96,96,148,0,0,0,0,0,OK,100,0,0,0,0,0,0,0,0,0,0,0,0,-1,0,-1,0,0,0,0,0,0,NO_DATA,0,0,0,0,0,0,0,0,0,0,0,0,0,0,0,0,0,0,0,0,0,0,0,OK,0,,0,NONE,,,RECOVERING,0,,0,0,0,0,0,0,0,1,0,0,0,0,0,0,0,0,0,0,0,0,0,0,0,0,0,0,16,1,15,0,0,rc 0 0 0 0,,TIMEOUT,2395,115389,4503
E-STATE-CLI-001,telemetry-cli-diagnostic,Telemetry continuity without GUI,STATE_WATCH,120667,340,0,0,0,0,0,0,,,ERROR,,,,1275,1275,0,0,0,10.4669,10.3758,56,95,148,0,0,0,0,0,OK,100,0,0,0,0,0,0,0,0,0,0,0,0,-1,0,-1,0,0,0,0,0,0,NO_DATA,0,0,0,0,0,0,0,0,0,0,0,0,0,0,0,0,0,0,0,0,0,0,0,OK,0,,0,NONE,,,RECOVERING,0,,0,0,0,0,0,0,0,1,0,0,0,0,0,0,0,0,0,0,0,0,0,0,0,0,0,0,16,1,15,0,0,rc 0 0 0 0,,TIMEOUT,2395,115639,4753
E-STATE-CLI-001,telemetry-cli-diagnostic,Telemetry continuity without GUI,STATE_WATCH,123302,341,0,0,0,0,0,0,,,ERROR,,,,1278,1278,0,0,0,10.2492,10.3388,15,97,148,0,0,0,0,0,OK,100,0,0,0,0,0,0,0,0,0,0,0,0,-1,0,-1,0,0,0,0,0,0,NO_DATA,0,0,0,0,0,0,0,0,0,0,0,0,0,0,0,0,0,0,0,0,0,0,0,OK,0,,0,NONE,,,RECOVERING,0,,0,0,0,0,0,0,0,1,0,0,0,0,0,0,0,0,0,0,0,0,0,0,0,0,0,0,17,1,16,0,0,rc 0 0 0 0,,TIMEOUT,2387,118274,0
E-STATE-CLI-001,telemetry-cli-diagnostic,Telemetry continuity without GUI,STATE_WATCH,123552,342,0,0,0,0,0,0,,,ERROR,,,,1303,1303,0,0,0,29.5478,132.273,280,33,437,437,1299,1,0,0,DEGRADED,60,0,0,0,0,0,0,0,0,0,0,0,0,-1,0,-1,0,0,0,0,0,0,NO_DATA,0,0,0,0,0,0,0,0,0,0,0,0,0,0,0,0,0,0,0,0,0,0,0,OK,0,,0,NONE,,,RECOVERING,0,,0,0,0,0,0,0,0,1,0,0,0,0,0,0,0,0,0,0,0,0,0,0,0,0,0,0,17,1,16,0,0,rc 0 0 0 0,,TIMEOUT,2387,118524,250
E-STATE-CLI-001,telemetry-cli-diagnostic,Telemetry continuity without GUI,STATE_WATCH,123802,343,0,0,0,0,0,0,,,ERROR,,,,1308,1308,0,0,0,111.92,254.902,46,8,468,468,1304,2,0,0,OK,100,0,0,0,0,0,0,0,0,0,0,0,0,-1,0,-1,0,0,0,0,0,0,NO_DATA,0,0,0,0,0,0,0,0,0,0,0,0,0,0,0,0,0,0,0,0,0,0,0,OK,0,,0,NONE,,,RECOVERING,0,,0,0,0,0,0,0,0,1,0,0,0,0,0,0,0,0,0,0,0,0,0,0,0,0,0,0,17,1,16,0,0,rc 0 0 0 0,,TIMEOUT,2387,118774,500
E-STATE-CLI-001,telemetry-cli-diagnostic,Telemetry continuity without GUI,STATE_WATCH,124052,344,0,0,0,0,0,0,,,ERROR,,,,1310,1310,0,0,0,10.5642,166.868,103,94,468,468,1304,2,0,0,OK,100,0,0,0,0,0,0,0,0,0,0,0,0,-1,0,-1,0,0,0,0,0,0,NO_DATA,0,0,0,0,0,0,0,0,0,0,0,0,0,0,0,0,0,0,0,0,0,0,0,OK,0,,0,NONE,,,RECOVERING,0,,0,0,0,0,0,0,0,1,0,0,0,0,0,0,0,0,0,0,0,0,0,0,0,0,0,0,17,1,16,0,0,rc 0 0 0 0,,TIMEOUT,2387,119024,750
E-STATE-CLI-001,telemetry-cli-diagnostic,Telemetry continuity without GUI,STATE_WATCH,124303,345,0,0,0,0,0,0,,,ERROR,,,,1310,1310,0,0,0,10.5642,166.868,353,94,468,468,1304,2,0,0,DEGRADED,60,0,0,0,0,0,0,0,0,0,0,0,0,-1,0,-1,0,0,0,0,0,0,NO_DATA,0,0,0,0,0,0,0,0,0,0,0,0,0,0,0,0,0,0,0,0,0,0,0,OK,0,,0,NONE,,,RECOVERING,0,,0,0,0,0,0,0,0,1,0,0,0,0,0,0,0,0,0,0,0,0,0,0,0,0,0,0,17,1,16,0,0,rc 0 0 0 0,,TIMEOUT,2387,119274,1000
E-STATE-CLI-001,telemetry-cli-diagnostic,Telemetry continuity without GUI,STATE_WATCH,124553,346,0,0,0,0,0,0,,,ERROR,,,,1310,1310,0,1,0,10.5642,166.868,603,94,468,468,1304,2,0,0,STALE,0,0,0,0,0,0,0,0,0,0,0,0,0,-1,0,-1,0,0,0,0,0,0,NO_DATA,0,0,0,0,0,0,0,0,0,0,0,0,0,0,0,0,0,0,0,0,0,0,0,OK,0,,0,NONE,,,RECOVERING,0,,0,0,0,0,0,0,0,1,0,0,0,0,0,0,0,0,0,0,0,0,0,0,0,0,0,0,17,1,16,0,0,rc 0 0 0 0,,TIMEOUT,2387,119524,1250
E-STATE-CLI-001,telemetry-cli-diagnostic,Telemetry continuity without GUI,STATE_WATCH,124803,347,0,0,0,0,0,0,,,ERROR,,,,1310,1310,0,1,0,10.5642,166.868,853,94,468,468,1304,2,0,0,STALE,0,0,0,0,0,0,0,0,0,0,0,0,0,-1,0,-1,0,0,0,0,0,0,NO_DATA,0,0,0,0,0,0,0,0,0,0,0,0,0,0,0,0,0,0,0,0,0,0,0,OK,0,,0,NONE,,,RECOVERING,0,,0,0,0,0,0,0,0,1,0,0,0,0,0,0,0,0,0,0,0,0,0,0,0,0,0,0,17,1,16,0,0,rc 0 0 0 0,,TIMEOUT,2387,119775,1501
E-STATE-CLI-001,telemetry-cli-diagnostic,Telemetry continuity without GUI,STATE_WATCH,125053,348,0,0,0,0,0,0,,,ERROR,,,,1310,1310,0,2,0,10.5642,166.868,1104,94,468,468,1304,2,0,0,STALE,0,0,0,0,0,0,0,0,0,0,0,0,0,-1,0,-1,0,0,0,0,0,0,NO_DATA,0,0,0,0,0,0,0,0,0,0,0,0,0,0,0,0,0,0,0,0,0,0,0,OK,0,,0,NONE,,,RECOVERING,0,,0,0,0,0,0,0,0,1,0,0,0,0,0,0,0,0,0,0,0,0,0,0,0,0,0,0,17,1,16,0,0,rc 0 0 0 0,,TIMEOUT,2387,120025,1751
E-STATE-CLI-001,telemetry-cli-diagnostic,Telemetry continuity without GUI,STATE_WATCH,125303,349,0,0,0,0,0,0,,,ERROR,,,,1310,1310,0,2,0,10.5642,166.868,1354,94,468,468,1304,2,0,0,STALE,0,0,0,0,0,0,0,0,0,0,0,0,0,-1,0,-1,0,0,0,0,0,0,NO_DATA,0,0,0,0,0,0,0,0,0,0,0,0,0,0,0,0,0,0,0,0,0,0,0,OK,0,,0,NONE,,,RECOVERING,0,,0,0,0,0,0,0,0,1,0,0,0,0,0,0,0,0,0,0,0,0,0,0,0,0,0,0,17,1,16,0,0,rc 0 0 0 0,,TIMEOUT,2387,120275,2001
E-STATE-CLI-001,telemetry-cli-diagnostic,Telemetry continuity without GUI,STATE_WATCH,125553,350,0,0,0,0,0,0,,,ERROR,,,,1310,1310,0,3,0,10.5642,166.868,1604,94,468,468,1304,2,0,0,STALE,0,0,0,0,0,0,0,0,0,0,0,0,0,-1,0,-1,0,0,0,0,0,0,NO_DATA,0,0,0,0,0,0,0,0,0,0,0,0,0,0,0,0,0,0,0,0,0,0,0,OK,0,,0,NONE,,,RECOVERING,0,,0,0,0,0,0,0,0,1,0,0,0,0,0,0,0,0,0,0,0,0,0,0,0,0,0,0,17,1,16,0,0,rc 0 0 0 0,,TIMEOUT,2387,120525,2251
E-STATE-CLI-001,telemetry-cli-diagnostic,Telemetry continuity without GUI,STATE_WATCH,125804,351,0,0,0,0,0,0,,,ERROR,,,,1310,1310,0,3,0,10.5642,166.868,1854,94,468,468,1304,2,0,0,STALE,0,0,0,0,0,0,0,0,0,0,0,0,0,-1,0,-1,0,0,0,0,0,0,NO_DATA,0,0,0,0,0,0,0,0,0,0,0,0,0,0,0,0,0,0,0,0,0,0,0,OK,0,,0,NONE,,,RECOVERING,0,,0,0,0,0,0,0,0,1,0,0,0,0,0,0,0,0,0,0,0,0,0,0,0,0,0,0,17,1,16,0,0,rc 0 0 0 0,,TIMEOUT,2387,120775,2501
E-STATE-CLI-001,telemetry-cli-diagnostic,Telemetry continuity without GUI,STATE_WATCH,126054,352,0,0,0,0,0,0,,,ERROR,,,,1310,1310,0,4,0,10.5642,166.868,2104,94,468,468,1304,2,0,0,STALE,0,0,0,0,0,0,0,0,0,0,0,0,0,-1,0,-1,0,0,0,0,0,0,NO_DATA,0,0,0,0,0,0,0,0,0,0,0,0,0,0,0,0,0,0,0,0,0,0,0,OK,0,,0,NONE,,,RECOVERING,0,,0,0,0,0,0,0,0,1,0,0,0,0,0,0,0,0,0,0,0,0,0,0,0,0,0,0,17,1,16,0,0,rc 0 0 0 0,,TIMEOUT,2387,121026,2752
E-STATE-CLI-001,telemetry-cli-diagnostic,Telemetry continuity without GUI,STATE_WATCH,126304,353,0,0,0,0,0,0,,,ERROR,,,,1310,1310,0,4,0,10.5642,166.868,2355,94,468,468,1304,2,0,0,STALE,0,0,0,0,0,0,0,0,0,0,0,0,0,-1,0,-1,0,0,0,0,0,0,NO_DATA,0,0,0,0,0,0,0,0,0,0,0,0,0,0,0,0,0,0,0,0,0,0,0,OK,0,,0,NONE,,,RECOVERING,0,,0,0,0,0,0,0,0,1,0,0,0,0,0,0,0,0,0,0,0,0,0,0,0,0,0,0,17,1,16,0,0,rc 0 0 0 0,,TIMEOUT,2387,121276,3002
E-STATE-CLI-001,telemetry-cli-diagnostic,Telemetry continuity without GUI,STATE_WATCH,126554,354,0,0,0,0,0,0,,,ERROR,,,,1310,1310,0,5,0,10.5642,166.868,2605,94,468,468,1304,2,0,0,STALE,0,0,0,0,0,0,0,0,0,0,0,0,0,-1,0,-1,0,0,0,0,0,0,NO_DATA,0,0,0,0,0,0,0,0,0,0,0,0,0,0,0,0,0,0,0,0,0,0,0,OK,0,,0,NONE,,,RECOVERING,0,,0,0,0,0,0,0,0,1,0,0,0,0,0,0,0,0,0,0,0,0,0,0,0,0,0,0,17,1,16,0,0,rc 0 0 0 0,,TIMEOUT,2387,121526,3252
E-STATE-CLI-001,telemetry-cli-diagnostic,Telemetry continuity without GUI,STATE_WATCH,126804,355,0,0,0,0,0,0,,,ERROR,,,,1310,1310,0,5,0,10.5642,166.868,2855,94,468,468,1304,2,0,0,STALE,0,0,0,0,0,0,0,0,0,0,0,0,0,-1,0,-1,0,0,0,0,0,0,NO_DATA,0,0,0,0,0,0,0,0,0,0,0,0,0,0,0,0,0,0,0,0,0,0,0,OK,0,,0,NONE,,,RECOVERING,0,,0,0,0,0,0,0,0,1,0,0,0,0,0,0,0,0,0,0,0,0,0,0,0,0,0,0,17,1,16,0,0,rc 0 0 0 0,,TIMEOUT,2387,121776,3502
E-STATE-CLI-001,telemetry-cli-diagnostic,Telemetry continuity without GUI,STATE_WATCH,127054,356,0,0,0,0,0,0,,,ERROR,,,,1310,1310,0,6,0,10.5642,166.868,3105,94,468,468,1304,2,0,0,STALE,0,0,0,0,0,0,0,0,0,0,0,0,0,-1,0,-1,0,0,0,0,0,0,NO_DATA,0,0,0,0,0,0,0,0,0,0,0,0,0,0,0,0,0,0,0,0,0,0,0,OK,0,,0,NONE,,,RECOVERING,0,,0,0,0,0,0,0,0,1,0,0,0,0,0,0,0,0,0,0,0,0,0,0,0,0,0,0,17,1,16,0,0,rc 0 0 0 0,,TIMEOUT,2387,122026,3752
E-STATE-CLI-001,telemetry-cli-diagnostic,Telemetry continuity without GUI,STATE_WATCH,127305,357,0,0,0,0,0,0,,,ERROR,,,,1310,1310,0,6,0,10.5642,166.868,3355,94,468,468,1304,2,0,0,STALE,0,0,0,0,0,0,0,0,0,0,0,0,0,-1,0,-1,0,0,0,0,0,0,NO_DATA,0,0,0,0,0,0,0,0,0,0,0,0,0,0,0,0,0,0,0,0,0,0,0,OK,0,,0,NONE,,,RECOVERING,0,,0,0,0,0,0,0,0,1,0,0,0,0,0,0,0,0,0,0,0,0,0,0,0,0,0,0,17,1,16,0,0,rc 0 0 0 0,,TIMEOUT,2387,122276,4002
E-STATE-CLI-001,telemetry-cli-diagnostic,Telemetry continuity without GUI,STATE_WATCH,127555,358,0,0,0,0,0,0,,,ERROR,,,,1310,1310,0,7,0,10.5642,166.868,3605,94,468,468,1304,2,0,0,STALE,0,0,0,0,0,0,0,0,0,0,0,0,0,-1,0,-1,0,0,0,0,0,0,NO_DATA,0,0,0,0,0,0,0,0,0,0,0,0,0,0,0,0,0,0,0,0,0,0,0,OK,0,,0,NONE,,,RECOVERING,0,,0,0,0,0,0,0,0,1,0,0,0,0,0,0,0,0,0,0,0,0,0,0,0,0,0,0,17,1,16,0,0,rc 0 0 0 0,,TIMEOUT,2387,122527,4252
E-STATE-CLI-001,telemetry-cli-diagnostic,Telemetry continuity without GUI,STATE_WATCH,127805,359,0,0,0,0,0,0,,,ERROR,,,,1310,1310,0,7,0,10.5642,166.868,3856,94,468,468,1304,2,0,0,STALE,0,0,0,0,0,0,0,0,0,0,0,0,0,-1,0,-1,0,0,0,0,0,0,NO_DATA,0,0,0,0,0,0,0,0,0,0,0,0,0,0,0,0,0,0,0,0,0,0,0,OK,0,,0,NONE,,,RECOVERING,0,,0,0,0,0,0,0,0,1,0,0,0,0,0,0,0,0,0,0,0,0,0,0,0,0,0,0,17,1,16,0,0,rc 0 0 0 0,,TIMEOUT,2387,122777,4503
E-STATE-CLI-001,telemetry-cli-diagnostic,Telemetry continuity without GUI,STATE_WATCH,128055,360,0,0,0,0,0,0,,,ERROR,,,,1310,1310,0,8,0,10.5642,166.868,4106,94,468,468,1304,2,0,0,STALE,0,0,0,0,0,0,0,0,0,0,0,0,0,-1,0,-1,0,0,0,0,0,0,NO_DATA,0,0,0,0,0,0,0,0,0,0,0,0,0,0,0,0,0,0,0,0,0,0,0,OK,0,,0,NONE,,,RECOVERING,0,,0,0,0,0,0,0,0,1,0,0,0,0,0,0,0,0,0,0,0,0,0,0,0,0,0,0,17,1,16,0,0,rc 0 0 0 0,,TIMEOUT,2387,123027,4753
E-STATE-CLI-001,telemetry-cli-diagnostic,Telemetry continuity without GUI,STATE_WATCH,130694,361,0,0,0,0,0,0,,,ERROR,,,,1311,1311,0,8,0,0.229597,133.54,0,4355,4355,4355,1311,3,1,1,STALE,0,0,0,0,0,0,0,0,0,0,0,0,0,-1,0,-1,0,0,0,0,0,0,NO_DATA,0,0,0,0,0,0,0,0,0,0,0,0,0,0,0,0,0,0,0,0,0,0,0,OK,0,,0,NONE,,,RECOVERING,0,,0,0,0,0,0,0,0,1,0,0,0,0,0,0,0,0,0,0,0,0,0,0,0,0,0,0,18,1,17,0,0,rc 0 0 0 0,,TIMEOUT,2391,125666,0
E-STATE-CLI-001,telemetry-cli-diagnostic,Telemetry continuity without GUI,STATE_WATCH,130944,362,0,0,0,0,0,0,,,ERROR,,,,1345,1345,0,8,0,10.1715,11.0265,12,98,4355,4355,1311,3,1,1,OK,100,0,0,0,0,0,0,0,0,0,0,0,0,-1,0,-1,0,0,0,0,0,0,NO_DATA,0,0,0,0,0,0,0,0,0,0,0,0,0,0,0,0,0,0,0,0,0,0,0,OK,0,,0,NONE,,,RECOVERING,0,,0,0,0,0,0,0,0,1,0,0,0,0,0,0,0,0,0,0,0,0,0,0,0,0,0,0,18,1,17,0,0,rc 0 0 0 0,,TIMEOUT,2391,125916,250
E-STATE-CLI-001,telemetry-cli-diagnostic,Telemetry continuity without GUI,STATE_WATCH,131194,363,0,0,0,0,0,0,,,ERROR,,,,1347,1347,0,8,0,10.1344,10.712,66,98,4355,4355,1311,3,1,1,OK,100,0,0,0,0,0,0,0,0,0,0,0,0,-1,0,-1,0,0,0,0,0,0,NO_DATA,0,0,0,0,0,0,0,0,0,0,0,0,0,0,0,0,0,0,0,0,0,0,0,OK,0,,0,NONE,,,RECOVERING,0,,0,0,0,0,0,0,0,1,0,0,0,0,0,0,0,0,0,0,0,0,0,0,0,0,0,0,18,1,17,0,0,rc 0 0 0 0,,TIMEOUT,2391,126166,500
E-STATE-CLI-001,telemetry-cli-diagnostic,Telemetry continuity without GUI,STATE_WATCH,131444,364,0,0,0,0,0,0,,,ERROR,,,,1350,1350,0,8,0,10.07,10.429,19,99,4355,4355,1311,3,1,1,OK,100,0,0,0,0,0,0,0,0,0,0,0,0,-1,0,-1,0,0,0,0,0,0,NO_DATA,0,0,0,0,0,0,0,0,0,0,0,0,0,0,0,0,0,0,0,0,0,0,0,OK,0,,0,NONE,,,RECOVERING,0,,0,0,0,0,0,0,0,1,0,0,0,0,0,0,0,0,0,0,0,0,0,0,0,0,0,0,18,1,17,0,0,rc 0 0 0 0,,TIMEOUT,2391,126416,750
E-STATE-CLI-001,telemetry-cli-diagnostic,Telemetry continuity without GUI,STATE_WATCH,131695,365,0,0,0,0,0,0,,,ERROR,,,,1352,1352,0,8,0,10.0388,10.3077,71,99,4355,4355,1311,3,1,1,OK,100,0,0,0,0,0,0,0,0,0,0,0,0,-1,0,-1,0,0,0,0,0,0,NO_DATA,0,0,0,0,0,0,0,0,0,0,0,0,0,0,0,0,0,0,0,0,0,0,0,OK,0,,0,NONE,,,RECOVERING,0,,0,0,0,0,0,0,0,1,0,0,0,0,0,0,0,0,0,0,0,0,0,0,0,0,0,0,18,1,17,0,0,rc 0 0 0 0,,TIMEOUT,2391,126666,1000
E-STATE-CLI-001,telemetry-cli-diagnostic,Telemetry continuity without GUI,STATE_WATCH,131945,366,0,0,0,0,0,0,,,ERROR,,,,1355,1355,0,8,0,10.1032,10.1947,24,98,4355,4355,1311,3,1,1,OK,100,0,0,0,0,0,0,0,0,0,0,0,0,-1,0,-1,0,0,0,0,0,0,NO_DATA,0,0,0,0,0,0,0,0,0,0,0,0,0,0,0,0,0,0,0,0,0,0,0,OK,0,,0,NONE,,,RECOVERING,0,,0,0,0,0,0,0,0,1,0,0,0,0,0,0,0,0,0,0,0,0,0,0,0,0,0,0,18,1,17,0,0,rc 0 0 0 0,,TIMEOUT,2391,126917,1250
E-STATE-CLI-001,telemetry-cli-diagnostic,Telemetry continuity without GUI,STATE_WATCH,132195,367,0,0,0,0,0,0,,,ERROR,,,,1358,1358,0,8,0,10.1268,11.5995,30,98,4355,4355,1311,3,1,1,OK,100,0,0,0,0,0,0,0,0,0,0,0,0,-1,0,-1,0,0,0,0,0,0,NO_DATA,0,0,0,0,0,0,0,0,0,0,0,0,0,0,0,0,0,0,0,0,0,0,0,OK,0,,0,NONE,,,RECOVERING,0,,0,0,0,0,0,0,0,1,0,0,0,0,0,0,0,0,0,0,0,0,0,0,0,0,0,0,18,1,17,0,0,rc 0 0 0 0,,TIMEOUT,2391,127167,1501
E-STATE-CLI-001,telemetry-cli-diagnostic,Telemetry continuity without GUI,STATE_WATCH,132445,368,0,0,0,0,0,0,,,ERROR,,,,1360,1360,0,8,0,10.0785,11.06,82,99,4355,4355,1311,3,1,1,OK,100,0,0,0,0,0,0,0,0,0,0,0,0,-1,0,-1,0,0,0,0,0,0,NO_DATA,0,0,0,0,0,0,0,0,0,0,0,0,0,0,0,0,0,0,0,0,0,0,0,OK,0,,0,NONE,,,RECOVERING,0,,0,0,0,0,0,0,0,1,0,0,0,0,0,0,0,0,0,0,0,0,0,0,0,0,0,0,18,1,17,0,0,rc 0 0 0 0,,TIMEOUT,2391,127417,1751
E-STATE-CLI-001,telemetry-cli-diagnostic,Telemetry continuity without GUI,STATE_WATCH,132695,369,0,0,0,0,0,0,,,ERROR,,,,1363,1363,0,8,0,10.1143,10.6107,36,98,4355,4355,1311,3,1,1,OK,100,0,0,0,0,0,0,0,0,0,0,0,0,-1,0,-1,0,0,0,0,0,0,NO_DATA,0,0,0,0,0,0,0,0,0,0,0,0,0,0,0,0,0,0,0,0,0,0,0,OK,0,,0,NONE,,,RECOVERING,0,,0,0,0,0,0,0,0,1,0,0,0,0,0,0,0,0,0,0,0,0,0,0,0,0,0,0,18,1,17,0,0,rc 0 0 0 0,,TIMEOUT,2391,127667,2001
E-STATE-CLI-001,telemetry-cli-diagnostic,Telemetry continuity without GUI,STATE_WATCH,132946,370,0,0,0,0,0,0,,,ERROR,,,,1365,1365,0,8,0,10.6118,10.4657,89,94,4355,4355,1311,3,1,1,OK,100,0,0,0,0,0,0,0,0,0,0,0,0,-1,0,-1,0,0,0,0,0,0,NO_DATA,0,0,0,0,0,0,0,0,0,0,0,0,0,0,0,0,0,0,0,0,0,0,0,OK,0,,0,NONE,,,RECOVERING,0,,0,0,0,0,0,0,0,1,0,0,0,0,0,0,0,0,0,0,0,0,0,0,0,0,0,0,18,1,17,0,0,rc 0 0 0 0,,TIMEOUT,2391,127917,2251
E-STATE-CLI-001,telemetry-cli-diagnostic,Telemetry continuity without GUI,STATE_WATCH,133196,371,0,0,0,0,0,0,,,ERROR,,,,1368,1368,0,8,0,10.2285,10.3063,43,97,4355,4355,1311,3,1,1,OK,100,0,0,0,0,0,0,0,0,0,0,0,0,-1,0,-1,0,0,0,0,0,0,NO_DATA,0,0,0,0,0,0,0,0,0,0,0,0,0,0,0,0,0,0,0,0,0,0,0,OK,0,,0,NONE,,,RECOVERING,0,,0,0,0,0,0,0,0,1,0,0,0,0,0,0,0,0,0,0,0,0,0,0,0,0,0,0,18,1,17,0,0,rc 0 0 0 0,,TIMEOUT,2391,128168,2501
E-STATE-CLI-001,telemetry-cli-diagnostic,Telemetry continuity without GUI,STATE_WATCH,133446,372,0,0,0,0,0,0,,,ERROR,,,,1371,1371,0,8,0,10.7428,10.345,3,93,4355,4355,1311,3,1,1,OK,100,0,0,0,0,0,0,0,0,0,0,0,0,-1,0,-1,0,0,0,0,0,0,NO_DATA,0,0,0,0,0,0,0,0,0,0,0,0,0,0,0,0,0,0,0,0,0,0,0,OK,0,,0,NONE,,,RECOVERING,0,,0,0,0,0,0,0,0,1,0,0,0,0,0,0,0,0,0,0,0,0,0,0,0,0,0,0,18,1,17,0,0,rc 0 0 0 0,,TIMEOUT,2391,128418,2752
E-STATE-CLI-001,telemetry-cli-diagnostic,Telemetry continuity without GUI,STATE_WATCH,133696,373,0,0,0,0,0,0,,,ERROR,,,,1373,1373,0,8,0,10.7928,10.5213,69,92,4355,4355,1311,3,1,1,OK,100,0,0,0,0,0,0,0,0,0,0,0,0,-1,0,-1,0,0,0,0,0,0,NO_DATA,0,0,0,0,0,0,0,0,0,0,0,0,0,0,0,0,0,0,0,0,0,0,0,OK,0,,0,NONE,,,RECOVERING,0,,0,0,0,0,0,0,0,1,0,0,0,0,0,0,0,0,0,0,0,0,0,0,0,0,0,0,18,1,17,0,0,rc 0 0 0 0,,TIMEOUT,2391,128668,3002
E-STATE-CLI-001,telemetry-cli-diagnostic,Telemetry continuity without GUI,STATE_WATCH,133946,374,0,0,0,0,0,0,,,ERROR,,,,1376,1376,0,8,0,10.8873,10.7027,43,91,4355,4355,1311,3,1,1,OK,100,0,0,0,0,0,0,0,0,0,0,0,0,-1,0,-1,0,0,0,0,0,0,NO_DATA,0,0,0,0,0,0,0,0,0,0,0,0,0,0,0,0,0,0,0,0,0,0,0,OK,0,,0,NONE,,,RECOVERING,0,,0,0,0,0,0,0,0,1,0,0,0,0,0,0,0,0,0,0,0,0,0,0,0,0,0,0,18,1,17,0,0,rc 0 0 0 0,,TIMEOUT,2391,128918,3252
E-STATE-CLI-001,telemetry-cli-diagnostic,Telemetry continuity without GUI,STATE_WATCH,134196,375,0,0,0,0,0,0,,,ERROR,,,,1379,1379,0,8,0,10.9006,10.795,18,91,4355,4355,1311,3,1,1,OK,100,0,0,0,0,0,0,0,0,0,0,0,0,-1,0,-1,0,0,0,0,0,0,NO_DATA,0,0,0,0,0,0,0,0,0,0,0,0,0,0,0,0,0,0,0,0,0,0,0,OK,0,,0,NONE,,,RECOVERING,0,,0,0,0,0,0,0,0,1,0,0,0,0,0,0,0,0,0,0,0,0,0,0,0,0,0,0,18,1,17,0,0,rc 0 0 0 0,,TIMEOUT,2391,129168,3502
E-STATE-CLI-001,telemetry-cli-diagnostic,Telemetry continuity without GUI,STATE_WATCH,134447,376,0,0,0,0,0,0,,,ERROR,,,,1381,1381,0,8,0,10.8949,10.8315,85,91,4355,4355,1311,3,1,1,OK,100,0,0,0,0,0,0,0,0,0,0,0,0,-1,0,-1,0,0,0,0,0,0,NO_DATA,0,0,0,0,0,0,0,0,0,0,0,0,0,0,0,0,0,0,0,0,0,0,0,OK,0,,0,NONE,,,RECOVERING,0,,0,0,0,0,0,0,0,1,0,0,0,0,0,0,0,0,0,0,0,0,0,0,0,0,0,0,18,1,17,0,0,rc 0 0 0 0,,TIMEOUT,2391,129418,3752
E-STATE-CLI-001,telemetry-cli-diagnostic,Telemetry continuity without GUI,STATE_WATCH,134697,377,0,0,0,0,0,0,,,ERROR,,,,1384,1384,0,8,0,10.8965,10.8621,59,91,4355,4355,1311,3,1,1,OK,100,0,0,0,0,0,0,0,0,0,0,0,0,-1,0,-1,0,0,0,0,0,0,NO_DATA,0,0,0,0,0,0,0,0,0,0,0,0,0,0,0,0,0,0,0,0,0,0,0,OK,0,,0,NONE,,,RECOVERING,0,,0,0,0,0,0,0,0,1,0,0,0,0,0,0,0,0,0,0,0,0,0,0,0,0,0,0,18,1,17,0,0,rc 0 0 0 0,,TIMEOUT,2391,129668,4002
E-STATE-CLI-001,telemetry-cli-diagnostic,Telemetry continuity without GUI,STATE_WATCH,134947,378,0,0,0,0,0,0,,,ERROR,,,,1387,1387,0,8,0,10.8979,10.8783,34,91,4355,4355,1311,3,1,1,OK,100,0,0,0,0,0,0,0,0,0,0,0,0,-1,0,-1,0,0,0,0,0,0,NO_DATA,0,0,0,0,0,0,0,0,0,0,0,0,0,0,0,0,0,0,0,0,0,0,0,OK,0,,0,NONE,,,RECOVERING,0,,0,0,0,0,0,0,0,1,0,0,0,0,0,0,0,0,0,0,0,0,0,0,0,0,0,0,18,1,17,0,0,rc 0 0 0 0,,TIMEOUT,2391,129919,4253
E-STATE-CLI-001,telemetry-cli-diagnostic,Telemetry continuity without GUI,STATE_WATCH,135197,379,0,0,0,0,0,0,,,ERROR,,,,1390,1390,0,8,0,10.9016,12.2815,55,91,4355,4355,1311,3,1,1,OK,100,0,0,0,0,0,0,0,0,0,0,0,0,-1,0,-1,0,0,0,0,0,0,NO_DATA,0,0,0,0,0,0,0,0,0,0,0,0,0,0,0,0,0,0,0,0,0,0,0,OK,0,,0,NONE,,,RECOVERING,0,,0,0,0,0,0,0,0,1,0,0,0,0,0,0,0,0,0,0,0,0,0,0,0,0,0,0,18,1,17,0,0,rc 0 0 0 0,,TIMEOUT,2391,130169,4503
E-STATE-CLI-001,telemetry-cli-diagnostic,Telemetry continuity without GUI,STATE_WATCH,135447,380,0,0,0,0,0,0,,,ERROR,,,,1393,1393,0,8,0,10.8934,11.6048,30,91,4355,4355,1311,3,1,1,OK,100,0,0,0,0,0,0,0,0,0,0,0,0,-1,0,-1,0,0,0,0,0,0,NO_DATA,0,0,0,0,0,0,0,0,0,0,0,0,0,0,0,0,0,0,0,0,0,0,0,OK,0,,0,NONE,,,RECOVERING,0,,0,0,0,0,0,0,0,1,0,0,0,0,0,0,0,0,0,0,0,0,0,0,0,0,0,0,18,1,17,0,0,rc 0 0 0 0,,TIMEOUT,2391,130419,4753
E-STATE-CLI-001,telemetry-cli-diagnostic,Telemetry continuity without GUI,STATE_WATCH,138086,381,0,0,0,0,0,0,,,ERROR,,,,1396,1396,0,8,0,10.8882,11.2578,4,91,4355,4355,1311,3,1,1,OK,100,0,0,0,0,0,0,0,0,0,0,0,0,-1,0,-1,0,0,0,0,0,0,NO_DATA,0,0,0,0,0,0,0,0,0,0,0,0,0,0,0,0,0,0,0,0,0,0,0,OK,0,,0,NONE,,,RECOVERING,0,,0,0,0,0,0,0,0,1,0,0,0,0,0,0,0,0,0,0,0,0,0,0,0,0,0,0,19,1,18,0,0,rc 0 0 0 0,,TIMEOUT,2391,133058,0
E-STATE-CLI-001,telemetry-cli-diagnostic,Telemetry continuity without GUI,STATE_WATCH,138336,382,0,0,0,0,0,0,,,ERROR,,,,1425,1425,0,8,0,10.8944,12.7986,27,91,4355,4355,1311,3,1,1,OK,100,0,0,0,0,0,0,0,0,0,0,0,0,-1,0,-1,0,0,0,0,0,0,NO_DATA,0,0,0,0,0,0,0,0,0,0,0,0,0,0,0,0,0,0,0,0,0,0,0,OK,0,,0,NONE,,,RECOVERING,0,,0,0,0,0,0,0,0,1,0,0,0,0,0,0,0,0,0,0,0,0,0,0,0,0,0,0,19,1,18,0,0,rc 0 0 0 0,,TIMEOUT,2391,133308,250
E-STATE-CLI-001,telemetry-cli-diagnostic,Telemetry continuity without GUI,STATE_WATCH,138586,383,0,0,0,0,0,0,,,ERROR,,,,1428,1428,0,8,0,10.8388,11.8488,1,92,4355,4355,1311,3,1,1,OK,100,0,0,0,0,0,0,0,0,0,0,0,0,-1,0,-1,0,0,0,0,0,0,NO_DATA,0,0,0,0,0,0,0,0,0,0,0,0,0,0,0,0,0,0,0,0,0,0,0,OK,0,,0,NONE,,,RECOVERING,0,,0,0,0,0,0,0,0,1,0,0,0,0,0,0,0,0,0,0,0,0,0,0,0,0,0,0,19,1,18,0,0,rc 0 0 0 0,,TIMEOUT,2391,133558,500
E-STATE-CLI-001,telemetry-cli-diagnostic,Telemetry continuity without GUI,STATE_WATCH,138836,384,0,0,0,0,0,0,,,ERROR,,,,1430,1430,0,8,0,10.9018,11.5232,68,91,4355,4355,1311,3,1,1,OK,100,0,0,0,0,0,0,0,0,0,0,0,0,-1,0,-1,0,0,0,0,0,0,NO_DATA,0,0,0,0,0,0,0,0,0,0,0,0,0,0,0,0,0,0,0,0,0,0,0,OK,0,,0,NONE,,,RECOVERING,0,,0,0,0,0,0,0,0,1,0,0,0,0,0,0,0,0,0,0,0,0,0,0,0,0,0,0,19,1,18,0,0,rc 0 0 0 0,,TIMEOUT,2391,133808,750
E-STATE-CLI-001,telemetry-cli-diagnostic,Telemetry continuity without GUI,STATE_WATCH,139087,385,0,0,0,0,0,0,,,ERROR,,,,1433,1433,0,8,0,10.9061,11.2172,43,91,4355,4355,1311,3,1,1,OK,100,0,0,0,0,0,0,0,0,0,0,0,0,-1,0,-1,0,0,0,0,0,0,NO_DATA,0,0,0,0,0,0,0,0,0,0,0,0,0,0,0,0,0,0,0,0,0,0,0,OK,0,,0,NONE,,,RECOVERING,0,,0,0,0,0,0,0,0,1,0,0,0,0,0,0,0,0,0,0,0,0,0,0,0,0,0,0,19,1,18,0,0,rc 0 0 0 0,,TIMEOUT,2391,134058,1000
E-STATE-CLI-001,telemetry-cli-diagnostic,Telemetry continuity without GUI,STATE_WATCH,139337,386,0,0,0,0,0,0,,,ERROR,,,,1436,1436,0,8,0,10.6977,11.0203,16,93,4355,4355,1311,3,1,1,OK,100,0,0,0,0,0,0,0,0,0,0,0,0,-1,0,-1,0,0,0,0,0,0,NO_DATA,0,0,0,0,0,0,0,0,0,0,0,0,0,0,0,0,0,0,0,0,0,0,0,OK,0,,0,NONE,,,RECOVERING,0,,0,0,0,0,0,0,0,1,0,0,0,0,0,0,0,0,0,0,0,0,0,0,0,0,0,0,19,1,18,0,0,rc 0 0 0 0,,TIMEOUT,2391,134308,1250
E-STATE-CLI-001,telemetry-cli-diagnostic,Telemetry continuity without GUI,STATE_WATCH,139587,387,0,0,0,0,0,0,,,ERROR,,,,1438,1438,0,8,0,10.779,10.9848,84,92,4355,4355,1311,3,1,1,OK,100,0,0,0,0,0,0,0,0,0,0,0,0,-1,0,-1,0,0,0,0,0,0,NO_DATA,0,0,0,0,0,0,0,0,0,0,0,0,0,0,0,0,0,0,0,0,0,0,0,OK,0,,0,NONE,,,RECOVERING,0,,0,0,0,0,0,0,0,1,0,0,0,0,0,0,0,0,0,0,0,0,0,0,0,0,0,0,19,1,18,0,0,rc 0 0 0 0,,TIMEOUT,2391,134559,1500
E-STATE-CLI-001,telemetry-cli-diagnostic,Telemetry continuity without GUI,STATE_WATCH,139837,388,0,0,0,0,0,0,,,ERROR,,,,1441,1441,0,8,0,10.919,10.9585,59,91,4355,4355,1311,3,1,1,OK,100,0,0,0,0,0,0,0,0,0,0,0,0,-1,0,-1,0,0,0,0,0,0,NO_DATA,0,0,0,0,0,0,0,0,0,0,0,0,0,0,0,0,0,0,0,0,0,0,0,OK,0,,0,NONE,,,RECOVERING,0,,0,0,0,0,0,0,0,1,0,0,0,0,0,0,0,0,0,0,0,0,0,0,0,0,0,0,19,1,18,0,0,rc 0 0 0 0,,TIMEOUT,2391,134809,1751
E-STATE-CLI-001,telemetry-cli-diagnostic,Telemetry continuity without GUI,STATE_WATCH,140087,389,0,0,0,0,0,0,,,ERROR,,,,1444,1444,0,8,0,10.8973,10.9253,34,91,4355,4355,1311,3,1,1,OK,100,0,0,0,0,0,0,0,0,0,0,0,0,-1,0,-1,0,0,0,0,0,0,NO_DATA,0,0,0,0,0,0,0,0,0,0,0,0,0,0,0,0,0,0,0,0,0,0,0,OK,0,,0,NONE,,,RECOVERING,0,,0,0,0,0,0,0,0,1,0,0,0,0,0,0,0,0,0,0,0,0,0,0,0,0,0,0,19,1,18,0,0,rc 0 0 0 0,,TIMEOUT,2391,135059,2001
E-STATE-CLI-001,telemetry-cli-diagnostic,Telemetry continuity without GUI,STATE_WATCH,140337,390,0,0,0,0,0,0,,,ERROR,,,,1447,1447,0,8,0,10.8594,10.9041,9,92,4355,4355,1311,3,1,1,OK,100,0,0,0,0,0,0,0,0,0,0,0,0,-1,0,-1,0,0,0,0,0,0,NO_DATA,0,0,0,0,0,0,0,0,0,0,0,0,0,0,0,0,0,0,0,0,0,0,0,OK,0,,0,NONE,,,RECOVERING,0,,0,0,0,0,0,0,0,1,0,0,0,0,0,0,0,0,0,0,0,0,0,0,0,0,0,0,19,1,18,0,0,rc 0 0 0 0,,TIMEOUT,2391,135309,2251
E-STATE-CLI-001,telemetry-cli-diagnostic,Telemetry continuity without GUI,STATE_WATCH,140587,391,0,0,0,0,0,0,,,ERROR,,,,1449,1449,0,8,0,10.8837,10.9024,75,91,4355,4355,1311,3,1,1,OK,100,0,0,0,0,0,0,0,0,0,0,0,0,-1,0,-1,0,0,0,0,0,0,NO_DATA,0,0,0,0,0,0,0,0,0,0,0,0,0,0,0,0,0,0,0,0,0,0,0,OK,0,,0,NONE,,,RECOVERING,0,,0,0,0,0,0,0,0,1,0,0,0,0,0,0,0,0,0,0,0,0,0,0,0,0,0,0,19,1,18,0,0,rc 0 0 0 0,,TIMEOUT,2391,135559,2501
E-STATE-CLI-001,telemetry-cli-diagnostic,Telemetry continuity without GUI,STATE_WATCH,140838,392,0,0,0,0,0,0,,,ERROR,,,,1452,1452,0,8,0,10.6974,10.8608,48,93,4355,4355,1311,3,1,1,OK,100,0,0,0,0,0,0,0,0,0,0,0,0,-1,0,-1,0,0,0,0,0,0,NO_DATA,0,0,0,0,0,0,0,0,0,0,0,0,0,0,0,0,0,0,0,0,0,0,0,OK,0,,0,NONE,,,RECOVERING,0,,0,0,0,0,0,0,0,1,0,0,0,0,0,0,0,0,0,0,0,0,0,0,0,0,0,0,19,1,18,0,0,rc 0 0 0 0,,TIMEOUT,2391,135809,2751
E-STATE-CLI-001,telemetry-cli-diagnostic,Telemetry continuity without GUI,STATE_WATCH,141088,393,0,0,0,0,0,0,,,ERROR,,,,1455,1455,0,8,0,10.9884,10.9078,25,91,4355,4355,1311,3,1,1,OK,100,0,0,0,0,0,0,0,0,0,0,0,0,-1,0,-1,0,0,0,0,0,0,NO_DATA,0,0,0,0,0,0,0,0,0,0,0,0,0,0,0,0,0,0,0,0,0,0,0,OK,0,,0,NONE,,,RECOVERING,0,,0,0,0,0,0,0,0,1,0,0,0,0,0,0,0,0,0,0,0,0,0,0,0,0,0,0,19,1,18,0,0,rc 0 0 0 0,,TIMEOUT,2391,136059,3001
E-STATE-CLI-001,telemetry-cli-diagnostic,Telemetry continuity without GUI,STATE_WATCH,141338,394,0,0,0,0,0,0,,,ERROR,,,,1458,1458,0,8,0,21.7767,13.0783,46,45,4355,4355,1311,3,1,1,OK,100,0,0,0,0,0,0,0,0,0,0,0,0,-1,0,-1,0,0,0,0,0,0,NO_DATA,0,0,0,0,0,0,0,0,0,0,0,0,0,0,0,0,0,0,0,0,0,0,0,OK,0,,0,NONE,,,RECOVERING,0,,0,0,0,0,0,0,0,1,0,0,0,0,0,0,0,0,0,0,0,0,0,0,0,0,0,0,19,1,18,0,0,rc 0 0 0 0,,TIMEOUT,2391,136310,3252
E-STATE-CLI-001,telemetry-cli-diagnostic,Telemetry continuity without GUI,STATE_WATCH,141588,395,0,0,0,0,0,0,,,ERROR,,,,1461,1461,0,8,0,10.3276,11.7963,10,96,4355,4355,1311,3,1,1,OK,100,0,0,0,0,0,0,0,0,0,0,0,0,-1,0,-1,0,0,0,0,0,0,NO_DATA,0,0,0,0,0,0,0,0,0,0,0,0,0,0,0,0,0,0,0,0,0,0,0,OK,0,,0,NONE,,,RECOVERING,0,,0,0,0,0,0,0,0,1,0,0,0,0,0,0,0,0,0,0,0,0,0,0,0,0,0,0,19,1,18,0,0,rc 0 0 0 0,,TIMEOUT,2391,136560,3502
E-STATE-CLI-001,telemetry-cli-diagnostic,Telemetry continuity without GUI,STATE_WATCH,141838,396,0,0,0,0,0,0,,,ERROR,,,,1463,1463,0,8,0,10.6522,11.3912,72,93,4355,4355,1311,3,1,1,OK,100,0,0,0,0,0,0,0,0,0,0,0,0,-1,0,-1,0,0,0,0,0,0,NO_DATA,0,0,0,0,0,0,0,0,0,0,0,0,0,0,0,0,0,0,0,0,0,0,0,OK,0,,0,NONE,,,RECOVERING,0,,0,0,0,0,0,0,0,1,0,0,0,0,0,0,0,0,0,0,0,0,0,0,0,0,0,0,19,1,18,0,0,rc 0 0 0 0,,TIMEOUT,2391,136810,3752
E-STATE-CLI-001,telemetry-cli-diagnostic,Telemetry continuity without GUI,STATE_WATCH,142088,397,0,0,0,0,0,0,,,ERROR,,,,1466,1466,0,8,0,10.4677,10.9446,36,95,4355,4355,1311,3,1,1,OK,100,0,0,0,0,0,0,0,0,0,0,0,0,-1,0,-1,0,0,0,0,0,0,NO_DATA,0,0,0,0,0,0,0,0,0,0,0,0,0,0,0,0,0,0,0,0,0,0,0,OK,0,,0,NONE,,,RECOVERING,0,,0,0,0,0,0,0,0,1,0,0,0,0,0,0,0,0,0,0,0,0,0,0,0,0,0,0,19,1,18,0,0,rc 0 0 0 0,,TIMEOUT,2391,137060,4002
E-STATE-CLI-001,telemetry-cli-diagnostic,Telemetry continuity without GUI,STATE_WATCH,142339,398,0,0,0,0,0,0,,,ERROR,,,,1469,1469,0,8,0,10.4756,10.7191,0,95,4355,4355,1311,3,1,1,OK,100,0,0,0,0,0,0,0,0,0,0,0,0,-1,0,-1,0,0,0,0,0,0,NO_DATA,0,0,0,0,0,0,0,0,0,0,0,0,0,0,0,0,0,0,0,0,0,0,0,OK,0,,0,NONE,,,RECOVERING,0,,0,0,0,0,0,0,0,1,0,0,0,0,0,0,0,0,0,0,0,0,0,0,0,0,0,0,19,1,18,0,0,rc 0 0 0 0,,TIMEOUT,2391,137310,4252
E-STATE-CLI-001,telemetry-cli-diagnostic,Telemetry continuity without GUI,STATE_WATCH,142589,399,0,0,0,0,0,0,,,ERROR,,,,1471,1471,0,8,0,10.4813,10.6333,59,95,4355,4355,1311,3,1,1,OK,100,0,0,0,0,0,0,0,0,0,0,0,0,-1,0,-1,0,0,0,0,0,0,NO_DATA,0,0,0,0,0,0,0,0,0,0,0,0,0,0,0,0,0,0,0,0,0,0,0,OK,0,,0,NONE,,,RECOVERING,0,,0,0,0,0,0,0,0,1,0,0,0,0,0,0,0,0,0,0,0,0,0,0,0,0,0,0,19,1,18,0,0,rc 0 0 0 0,,TIMEOUT,2391,137560,4502
E-STATE-CLI-001,telemetry-cli-diagnostic,Telemetry continuity without GUI,STATE_WATCH,142839,400,0,0,0,0,0,0,,,ERROR,,,,1474,1474,0,8,0,10.4824,10.5636,23,95,4355,4355,1311,3,1,1,OK,100,0,0,0,0,0,0,0,0,0,0,0,0,-1,0,-1,0,0,0,0,0,0,NO_DATA,0,0,0,0,0,0,0,0,0,0,0,0,0,0,0,0,0,0,0,0,0,0,0,OK,0,,0,NONE,,,RECOVERING,0,,0,0,0,0,0,0,0,1,0,0,0,0,0,0,0,0,0,0,0,0,0,0,0,0,0,0,19,1,18,0,0,rc 0 0 0 0,,TIMEOUT,2391,137811,4752
E-STATE-CLI-001,telemetry-cli-diagnostic,Telemetry continuity without GUI,STATE_WATCH,145478,401,0,0,0,0,0,0,,,ERROR,,,,1476,1476,0,8,0,10.4935,10.5351,83,95,4355,4355,1311,3,1,1,OK,100,0,0,0,0,0,0,0,0,0,0,0,0,-1,0,-1,0,0,0,0,0,0,NO_DATA,0,0,0,0,0,0,0,0,0,0,0,0,0,0,0,0,0,0,0,0,0,0,0,OK,0,,0,NONE,,,RECOVERING,0,,0,0,0,0,0,0,0,1,0,0,0,0,0,0,0,0,0,0,0,0,0,0,0,0,0,0,20,1,19,0,0,rc 0 0 0 0,,TIMEOUT,2391,140450,0
E-STATE-CLI-001,telemetry-cli-diagnostic,Telemetry continuity without GUI,STATE_WATCH,145728,402,0,0,0,0,0,0,,,ERROR,,,,1505,1505,0,8,0,10.4865,10.6603,3,95,4355,4355,1311,3,1,1,OK,100,0,0,0,0,0,0,0,0,0,0,0,0,-1,0,-1,0,0,0,0,0,0,NO_DATA,0,0,0,0,0,0,0,0,0,0,0,0,0,0,0,0,0,0,0,0,0,0,0,OK,0,,0,NONE,,,RECOVERING,0,,0,0,0,0,0,0,0,1,0,0,0,0,0,0,0,0,0,0,0,0,0,0,0,0,0,0,20,1,19,0,0,rc 0 0 0 0,,TIMEOUT,2391,140700,250
E-STATE-CLI-001,telemetry-cli-diagnostic,Telemetry continuity without GUI,STATE_WATCH,145978,403,0,0,0,0,0,0,,,ERROR,,,,1507,1507,0,8,0,10.4887,10.5964,62,95,4355,4355,1311,3,1,1,OK,100,0,0,0,0,0,0,0,0,0,0,0,0,-1,0,-1,0,0,0,0,0,0,NO_DATA,0,0,0,0,0,0,0,0,0,0,0,0,0,0,0,0,0,0,0,0,0,0,0,OK,0,,0,NONE,,,RECOVERING,0,,0,0,0,0,0,0,0,1,0,0,0,0,0,0,0,0,0,0,0,0,0,0,0,0,0,0,20,1,19,0,0,rc 0 0 0 0,,TIMEOUT,2391,140950,500
E-STATE-CLI-001,telemetry-cli-diagnostic,Telemetry continuity without GUI,STATE_WATCH,146228,404,0,0,0,0,0,0,,,ERROR,,,,1510,1510,0,8,0,10.4602,10.5386,26,95,4355,4355,1311,3,1,1,OK,100,0,0,0,0,0,0,0,0,0,0,0,0,-1,0,-1,0,0,0,0,0,0,NO_DATA,0,0,0,0,0,0,0,0,0,0,0,0,0,0,0,0,0,0,0,0,0,0,0,OK,0,,0,NONE,,,RECOVERING,0,,0,0,0,0,0,0,0,1,0,0,0,0,0,0,0,0,0,0,0,0,0,0,0,0,0,0,20,1,19,0,0,rc 0 0 0 0,,TIMEOUT,2391,141200,750
E-STATE-CLI-001,telemetry-cli-diagnostic,Telemetry continuity without GUI,STATE_WATCH,146479,405,0,0,0,0,0,0,,,ERROR,,,,1512,1512,0,8,0,10.3543,10.4951,84,96,4355,4355,1311,3,1,1,OK,100,0,0,0,0,0,0,0,0,0,0,0,0,-1,0,-1,0,0,0,0,0,0,NO_DATA,0,0,0,0,0,0,0,0,0,0,0,0,0,0,0,0,0,0,0,0,0,0,0,OK,0,,0,NONE,,,RECOVERING,0,,0,0,0,0,0,0,0,1,0,0,0,0,0,0,0,0,0,0,0,0,0,0,0,0,0,0,20,1,19,0,0,rc 0 0 0 0,,TIMEOUT,2391,141450,1000
E-STATE-CLI-001,telemetry-cli-diagnostic,Telemetry continuity without GUI,STATE_WATCH,146729,406,0,0,0,0,0,0,,,ERROR,,,,1515,1515,0,8,0,10.4847,10.5042,49,95,4355,4355,1311,3,1,1,OK,100,0,0,0,0,0,0,0,0,0,0,0,0,-1,0,-1,0,0,0,0,0,0,NO_DATA,0,0,0,0,0,0,0,0,0,0,0,0,0,0,0,0,0,0,0,0,0,0,0,OK,0,,0,NONE,,,RECOVERING,0,,0,0,0,0,0,0,0,1,0,0,0,0,0,0,0,0,0,0,0,0,0,0,0,0,0,0,20,1,19,0,0,rc 0 0 0 0,,TIMEOUT,2391,141700,1250
E-STATE-CLI-001,telemetry-cli-diagnostic,Telemetry continuity without GUI,STATE_WATCH,146979,407,0,0,0,0,0,0,,,ERROR,,,,1518,1518,0,8,0,10.482,10.4933,13,95,4355,4355,1311,3,1,1,OK,100,0,0,0,0,0,0,0,0,0,0,0,0,-1,0,-1,0,0,0,0,0,0,NO_DATA,0,0,0,0,0,0,0,0,0,0,0,0,0,0,0,0,0,0,0,0,0,0,0,OK,0,,0,NONE,,,RECOVERING,0,,0,0,0,0,0,0,0,1,0,0,0,0,0,0,0,0,0,0,0,0,0,0,0,0,0,0,20,1,19,0,0,rc 0 0 0 0,,TIMEOUT,2391,141951,1501
E-STATE-CLI-001,telemetry-cli-diagnostic,Telemetry continuity without GUI,STATE_WATCH,147229,408,0,0,0,0,0,0,,,ERROR,,,,1520,1520,0,8,0,10.4799,10.4885,72,95,4355,4355,1311,3,1,1,OK,100,0,0,0,0,0,0,0,0,0,0,0,0,-1,0,-1,0,0,0,0,0,0,NO_DATA,0,0,0,0,0,0,0,0,0,0,0,0,0,0,0,0,0,0,0,0,0,0,0,OK,0,,0,NONE,,,RECOVERING,0,,0,0,0,0,0,0,0,1,0,0,0,0,0,0,0,0,0,0,0,0,0,0,0,0,0,0,20,1,19,0,0,rc 0 0 0 0,,TIMEOUT,2391,142201,1751
E-STATE-CLI-001,telemetry-cli-diagnostic,Telemetry continuity without GUI,STATE_WATCH,147479,409,0,0,0,0,0,0,,,ERROR,,,,1523,1523,0,8,0,10.4836,10.4872,36,95,4355,4355,1311,3,1,1,OK,100,0,0,0,0,0,0,0,0,0,0,0,0,-1,0,-1,0,0,0,0,0,0,NO_DATA,0,0,0,0,0,0,0,0,0,0,0,0,0,0,0,0,0,0,0,0,0,0,0,OK,0,,0,NONE,,,RECOVERING,0,,0,0,0,0,0,0,0,1,0,0,0,0,0,0,0,0,0,0,0,0,0,0,0,0,0,0,20,1,19,0,0,rc 0 0 0 0,,TIMEOUT,2391,142451,2001
E-STATE-CLI-001,telemetry-cli-diagnostic,Telemetry continuity without GUI,STATE_WATCH,147729,410,0,0,0,0,0,0,,,ERROR,,,,1526,1526,0,8,0,10.4705,10.4814,0,95,4355,4355,1311,3,1,1,OK,100,0,0,0,0,0,0,0,0,0,0,0,0,-1,0,-1,0,0,0,0,0,0,NO_DATA,0,0,0,0,0,0,0,0,0,0,0,0,0,0,0,0,0,0,0,0,0,0,0,OK,0,,0,NONE,,,RECOVERING,0,,0,0,0,0,0,0,0,1,0,0,0,0,0,0,0,0,0,0,0,0,0,0,0,0,0,0,20,1,19,0,0,rc 0 0 0 0,,TIMEOUT,2391,142701,2251
E-STATE-CLI-001,telemetry-cli-diagnostic,Telemetry continuity without GUI,STATE_WATCH,147980,411,0,0,0,0,0,0,,,ERROR,,,,1529,1529,0,8,0,10.4833,11.8291,12,95,4355,4355,1311,3,1,1,OK,100,0,0,0,0,0,0,0,0,0,0,0,0,-1,0,-1,0,0,0,0,0,0,NO_DATA,0,0,0,0,0,0,0,0,0,0,0,0,0,0,0,0,0,0,0,0,0,0,0,OK,0,,0,NONE,,,RECOVERING,0,,0,0,0,0,0,0,0,1,0,0,0,0,0,0,0,0,0,0,0,0,0,0,0,0,0,0,20,1,19,0,0,rc 0 0 0 0,,TIMEOUT,2391,142951,2501
E-STATE-CLI-001,telemetry-cli-diagnostic,Telemetry continuity without GUI,STATE_WATCH,148230,412,0,0,0,0,0,0,,,ERROR,,,,1531,1531,0,8,0,10.4812,11.3442,71,95,4355,4355,1311,3,1,1,OK,100,0,0,0,0,0,0,0,0,0,0,0,0,-1,0,-1,0,0,0,0,0,0,NO_DATA,0,0,0,0,0,0,0,0,0,0,0,0,0,0,0,0,0,0,0,0,0,0,0,OK,0,,0,NONE,,,RECOVERING,0,,0,0,0,0,0,0,0,1,0,0,0,0,0,0,0,0,0,0,0,0,0,0,0,0,0,0,20,1,19,0,0,rc 0 0 0 0,,TIMEOUT,2391,143201,2751
E-STATE-CLI-001,telemetry-cli-diagnostic,Telemetry continuity without GUI,STATE_WATCH,148480,413,0,0,0,0,0,0,,,ERROR,,,,1534,1534,0,8,0,10.4819,10.9275,35,95,4355,4355,1311,3,1,1,OK,100,0,0,0,0,0,0,0,0,0,0,0,0,-1,0,-1,0,0,0,0,0,0,NO_DATA,0,0,0,0,0,0,0,0,0,0,0,0,0,0,0,0,0,0,0,0,0,0,0,OK,0,,0,NONE,,,RECOVERING,0,,0,0,0,0,0,0,0,1,0,0,0,0,0,0,0,0,0,0,0,0,0,0,0,0,0,0,20,1,19,0,0,rc 0 0 0 0,,TIMEOUT,2391,143452,3001
E-STATE-CLI-001,telemetry-cli-diagnostic,Telemetry continuity without GUI,STATE_WATCH,148730,414,0,0,0,0,0,0,,,ERROR,,,,1536,1536,0,8,0,10.4731,10.7645,94,95,4355,4355,1311,3,1,1,OK,100,0,0,0,0,0,0,0,0,0,0,0,0,-1,0,-1,0,0,0,0,0,0,NO_DATA,0,0,0,0,0,0,0,0,0,0,0,0,0,0,0,0,0,0,0,0,0,0,0,OK,0,,0,NONE,,,RECOVERING,0,,0,0,0,0,0,0,0,1,0,0,0,0,0,0,0,0,0,0,0,0,0,0,0,0,0,0,20,1,19,0,0,rc 0 0 0 0,,TIMEOUT,2391,143702,3252
E-STATE-CLI-001,telemetry-cli-diagnostic,Telemetry continuity without GUI,STATE_WATCH,148980,415,0,0,0,0,0,0,,,ERROR,,,,1539,1539,0,8,0,10.4855,10.6276,58,95,4355,4355,1311,3,1,1,OK,100,0,0,0,0,0,0,0,0,0,0,0,0,-1,0,-1,0,0,0,0,0,0,NO_DATA,0,0,0,0,0,0,0,0,0,0,0,0,0,0,0,0,0,0,0,0,0,0,0,OK,0,,0,NONE,,,RECOVERING,0,,0,0,0,0,0,0,0,1,0,0,0,0,0,0,0,0,0,0,0,0,0,0,0,0,0,0,20,1,19,0,0,rc 0 0 0 0,,TIMEOUT,2391,143952,3502
E-STATE-CLI-001,telemetry-cli-diagnostic,Telemetry continuity without GUI,STATE_WATCH,149230,416,0,0,0,0,0,0,,,ERROR,,,,1542,1542,0,8,0,10.3529,10.5318,21,96,4355,4355,1311,3,1,1,OK,100,0,0,0,0,0,0,0,0,0,0,0,0,-1,0,-1,0,0,0,0,0,0,NO_DATA,0,0,0,0,0,0,0,0,0,0,0,0,0,0,0,0,0,0,0,0,0,0,0,OK,0,,0,NONE,,,RECOVERING,0,,0,0,0,0,0,0,0,1,0,0,0,0,0,0,0,0,0,0,0,0,0,0,0,0,0,0,20,1,19,0,0,rc 0 0 0 0,,TIMEOUT,2391,144202,3752
E-STATE-CLI-001,telemetry-cli-diagnostic,Telemetry continuity without GUI,STATE_WATCH,149480,417,0,0,0,0,0,0,,,ERROR,,,,1544,1544,0,8,0,10.4373,10.5251,81,95,4355,4355,1311,3,1,1,OK,100,0,0,0,0,0,0,0,0,0,0,0,0,-1,0,-1,0,0,0,0,0,0,NO_DATA,0,0,0,0,0,0,0,0,0,0,0,0,0,0,0,0,0,0,0,0,0,0,0,OK,0,,0,NONE,,,RECOVERING,0,,0,0,0,0,0,0,0,1,0,0,0,0,0,0,0,0,0,0,0,0,0,0,0,0,0,0,20,1,19,0,0,rc 0 0 0 0,,TIMEOUT,2391,144452,4002
E-STATE-CLI-001,telemetry-cli-diagnostic,Telemetry continuity without GUI,STATE_WATCH,149731,418,0,0,0,0,0,0,,,ERROR,,,,1547,1547,0,8,0,10.3544,10.4177,40,96,4355,4355,1311,3,1,1,OK,100,0,0,0,0,0,0,0,0,0,0,0,0,-1,0,-1,0,0,0,0,0,0,NO_DATA,0,0,0,0,0,0,0,0,0,0,0,0,0,0,0,0,0,0,0,0,0,0,0,OK,0,,0,NONE,,,RECOVERING,0,,0,0,0,0,0,0,0,1,0,0,0,0,0,0,0,0,0,0,0,0,0,0,0,0,0,0,20,1,19,0,0,rc 0 0 0 0,,TIMEOUT,2391,144702,4252
E-STATE-CLI-001,telemetry-cli-diagnostic,Telemetry continuity without GUI,STATE_WATCH,149981,419,0,0,0,0,0,0,,,ERROR,,,,1549,1549,0,8,0,10.2991,10.3741,96,97,4355,4355,1311,3,1,1,OK,100,0,0,0,0,0,0,0,0,0,0,0,0,-1,0,-1,0,0,0,0,0,0,NO_DATA,0,0,0,0,0,0,0,0,0,0,0,0,0,0,0,0,0,0,0,0,0,0,0,OK,0,,0,NONE,,,RECOVERING,0,,0,0,0,0,0,0,0,1,0,0,0,0,0,0,0,0,0,0,0,0,0,0,0,0,0,0,20,1,19,0,0,rc 0 0 0 0,,TIMEOUT,2391,144952,4502
E-STATE-CLI-001,telemetry-cli-diagnostic,Telemetry continuity without GUI,STATE_WATCH,150231,420,0,0,0,0,0,0,,,ERROR,,,,1552,1552,0,8,0,10.298,10.3374,55,97,4355,4355,1311,3,1,1,OK,100,0,0,0,0,0,0,0,0,0,0,0,0,-1,0,-1,0,0,0,0,0,0,NO_DATA,0,0,0,0,0,0,0,0,0,0,0,0,0,0,0,0,0,0,0,0,0,0,0,OK,0,,0,NONE,,,RECOVERING,0,,0,0,0,0,0,0,0,1,0,0,0,0,0,0,0,0,0,0,0,0,0,0,0,0,0,0,20,1,19,0,0,rc 0 0 0 0,,TIMEOUT,2391,145203,4752
E-STATE-CLI-001,telemetry-cli-diagnostic,Telemetry continuity without GUI,STATE_WATCH,152870,421,0,0,0,0,0,0,,,ERROR,,,,1555,1555,0,8,0,10.2548,10.3041,13,97,4355,4355,1311,3,1,1,OK,100,0,0,0,0,0,0,0,0,0,0,0,0,-1,0,-1,0,0,0,0,0,0,NO_DATA,0,0,0,0,0,0,0,0,0,0,0,0,0,0,0,0,0,0,0,0,0,0,0,OK,0,,0,NONE,,,RECOVERING,0,,0,0,0,0,0,0,0,1,0,0,0,0,0,0,0,0,0,0,0,0,0,0,0,0,0,0,21,1,20,0,0,rc 0 0 0 0,,TIMEOUT,2391,147842,0
E-STATE-CLI-001,telemetry-cli-diagnostic,Telemetry continuity without GUI,STATE_WATCH,153120,422,0,0,0,0,0,0,,,ERROR,,,,1582,1582,0,8,0,10.2926,10.3128,78,97,4355,4355,1311,3,1,1,OK,100,0,0,0,0,0,0,0,0,0,0,0,0,-1,0,-1,0,0,0,0,0,0,NO_DATA,0,0,0,0,0,0,0,0,0,0,0,0,0,0,0,0,0,0,0,0,0,0,0,OK,0,,0,NONE,,,RECOVERING,0,,0,0,0,0,0,0,0,1,0,0,0,0,0,0,0,0,0,0,0,0,0,0,0,0,0,0,21,1,20,0,0,rc 0 0 0 0,,TIMEOUT,2391,148092,250
E-STATE-CLI-001,telemetry-cli-diagnostic,Telemetry continuity without GUI,STATE_WATCH,153370,423,0,0,0,0,0,0,,,ERROR,,,,1585,1585,0,8,0,10.3004,10.3075,37,97,4355,4355,1311,3,1,1,OK,100,0,0,0,0,0,0,0,0,0,0,0,0,-1,0,-1,0,0,0,0,0,0,NO_DATA,0,0,0,0,0,0,0,0,0,0,0,0,0,0,0,0,0,0,0,0,0,0,0,OK,0,,0,NONE,,,RECOVERING,0,,0,0,0,0,0,0,0,1,0,0,0,0,0,0,0,0,0,0,0,0,0,0,0,0,0,0,21,1,20,0,0,rc 0 0 0 0,,TIMEOUT,2391,148342,500
E-STATE-CLI-001,telemetry-cli-diagnostic,Telemetry continuity without GUI,STATE_WATCH,153620,424,0,0,0,0,0,0,,,ERROR,,,,1587,1587,0,8,0,10.7864,10.3305,93,92,4355,4355,1311,3,1,1,OK,100,0,0,0,0,0,0,0,0,0,0,0,0,-1,0,-1,0,0,0,0,0,0,NO_DATA,0,0,0,0,0,0,0,0,0,0,0,0,0,0,0,0,0,0,0,0,0,0,0,OK,0,,0,NONE,,,RECOVERING,0,,0,0,0,0,0,0,0,1,0,0,0,0,0,0,0,0,0,0,0,0,0,0,0,0,0,0,21,1,20,0,0,rc 0 0 0 0,,TIMEOUT,2391,148592,750
E-STATE-CLI-001,telemetry-cli-diagnostic,Telemetry continuity without GUI,STATE_WATCH,153871,425,0,0,0,0,0,0,,,ERROR,,,,1591,1591,0,8,0,20.4755,12.3473,3,48,4355,4355,1311,3,1,1,OK,100,0,0,0,0,0,0,0,0,0,0,0,0,-1,0,-1,0,0,0,0,0,0,NO_DATA,0,0,0,0,0,0,0,0,0,0,0,0,0,0,0,0,0,0,0,0,0,0,0,OK,0,,0,NONE,,,RECOVERING,0,,0,0,0,0,0,0,0,1,0,0,0,0,0,0,0,0,0,0,0,0,0,0,0,0,0,0,21,1,20,0,0,rc 0 0 0 0,,TIMEOUT,2391,148842,1000
E-STATE-CLI-001,telemetry-cli-diagnostic,Telemetry continuity without GUI,STATE_WATCH,154121,426,0,0,0,0,0,0,,,ERROR,,,,1593,1593,0,8,0,10.443,11.6186,59,95,4355,4355,1311,3,1,1,OK,100,0,0,0,0,0,0,0,0,0,0,0,0,-1,0,-1,0,0,0,0,0,0,NO_DATA,0,0,0,0,0,0,0,0,0,0,0,0,0,0,0,0,0,0,0,0,0,0,0,OK,0,,0,NONE,,,RECOVERING,0,,0,0,0,0,0,0,0,1,0,0,0,0,0,0,0,0,0,0,0,0,0,0,0,0,0,0,21,1,20,0,0,rc 0 0 0 0,,TIMEOUT,2391,149092,1250
E-STATE-CLI-001,telemetry-cli-diagnostic,Telemetry continuity without GUI,STATE_WATCH,154371,427,0,0,0,0,0,0,,,ERROR,,,,1596,1596,0,8,0,10.2856,10.971,18,97,4355,4355,1311,3,1,1,OK,100,0,0,0,0,0,0,0,0,0,0,0,0,-1,0,-1,0,0,0,0,0,0,NO_DATA,0,0,0,0,0,0,0,0,0,0,0,0,0,0,0,0,0,0,0,0,0,0,0,OK,0,,0,NONE,,,RECOVERING,0,,0,0,0,0,0,0,0,1,0,0,0,0,0,0,0,0,0,0,0,0,0,0,0,0,0,0,21,1,20,0,0,rc 0 0 0 0,,TIMEOUT,2391,149343,1501
E-STATE-CLI-001,telemetry-cli-diagnostic,Telemetry continuity without GUI,STATE_WATCH,154621,428,0,0,0,0,0,0,,,ERROR,,,,1598,1598,0,8,0,10.2356,10.7166,73,97,4355,4355,1311,3,1,1,OK,100,0,0,0,0,0,0,0,0,0,0,0,0,-1,0,-1,0,0,0,0,0,0,NO_DATA,0,0,0,0,0,0,0,0,0,0,0,0,0,0,0,0,0,0,0,0,0,0,0,OK,0,,0,NONE,,,RECOVERING,0,,0,0,0,0,0,0,0,1,0,0,0,0,0,0,0,0,0,0,0,0,0,0,0,0,0,0,21,1,20,0,0,rc 0 0 0 0,,TIMEOUT,2391,149593,1751
E-STATE-CLI-001,telemetry-cli-diagnostic,Telemetry continuity without GUI,STATE_WATCH,154871,429,0,0,0,0,0,0,,,ERROR,,,,1601,1601,0,8,0,10.2978,10.5222,33,97,4355,4355,1311,3,1,1,OK,100,0,0,0,0,0,0,0,0,0,0,0,0,-1,0,-1,0,0,0,0,0,0,NO_DATA,0,0,0,0,0,0,0,0,0,0,0,0,0,0,0,0,0,0,0,0,0,0,0,OK,0,,0,NONE,,,RECOVERING,0,,0,0,0,0,0,0,0,1,0,0,0,0,0,0,0,0,0,0,0,0,0,0,0,0,0,0,21,1,20,0,0,rc 0 0 0 0,,TIMEOUT,2391,149843,2001
E-STATE-CLI-001,telemetry-cli-diagnostic,Telemetry continuity without GUI,STATE_WATCH,155121,430,0,0,0,0,0,0,,,ERROR,,,,1603,1603,0,8,0,10.433,10.4479,89,95,4355,4355,1311,3,1,1,OK,100,0,0,0,0,0,0,0,0,0,0,0,0,-1,0,-1,0,0,0,0,0,0,NO_DATA,0,0,0,0,0,0,0,0,0,0,0,0,0,0,0,0,0,0,0,0,0,0,0,OK,0,,0,NONE,,,RECOVERING,0,,0,0,0,0,0,0,0,1,0,0,0,0,0,0,0,0,0,0,0,0,0,0,0,0,0,0,21,1,20,0,0,rc 0 0 0 0,,TIMEOUT,2391,150093,2251
E-STATE-CLI-001,telemetry-cli-diagnostic,Telemetry continuity without GUI,STATE_WATCH,155371,431,0,0,0,0,0,0,,,ERROR,,,,1606,1606,0,8,0,10.045,10.3203,45,99,4355,4355,1311,3,1,1,OK,100,0,0,0,0,0,0,0,0,0,0,0,0,-1,0,-1,0,0,0,0,0,0,NO_DATA,0,0,0,0,0,0,0,0,0,0,0,0,0,0,0,0,0,0,0,0,0,0,0,OK,0,,0,NONE,,,RECOVERING,0,,0,0,0,0,0,0,0,1,0,0,0,0,0,0,0,0,0,0,0,0,0,0,0,0,0,0,21,1,20,0,0,rc 0 0 0 0,,TIMEOUT,2391,150343,2501
E-STATE-CLI-001,telemetry-cli-diagnostic,Telemetry continuity without GUI,STATE_WATCH,155622,432,0,0,0,0,0,0,,,ERROR,,,,1609,1609,0,8,0,10.3031,10.3468,7,97,4355,4355,1311,3,1,1,OK,100,0,0,0,0,0,0,0,0,0,0,0,0,-1,0,-1,0,0,0,0,0,0,NO_DATA,0,0,0,0,0,0,0,0,0,0,0,0,0,0,0,0,0,0,0,0,0,0,0,OK,0,,0,NONE,,,RECOVERING,0,,0,0,0,0,0,0,0,1,0,0,0,0,0,0,0,0,0,0,0,0,0,0,0,0,0,0,21,1,20,0,0,rc 0 0 0 0,,TIMEOUT,2391,150593,2751
E-STATE-CLI-001,telemetry-cli-diagnostic,Telemetry continuity without GUI,STATE_WATCH,155872,433,0,0,0,0,0,0,,,ERROR,,,,1611,1611,0,8,0,10.3901,10.3313,62,96,4355,4355,1311,3,1,1,OK,100,0,0,0,0,0,0,0,0,0,0,0,0,-1,0,-1,0,0,0,0,0,0,NO_DATA,0,0,0,0,0,0,0,0,0,0,0,0,0,0,0,0,0,0,0,0,0,0,0,OK,0,,0,NONE,,,RECOVERING,0,,0,0,0,0,0,0,0,1,0,0,0,0,0,0,0,0,0,0,0,0,0,0,0,0,0,0,21,1,20,0,0,rc 0 0 0 0,,TIMEOUT,2391,150843,3001
E-STATE-CLI-001,telemetry-cli-diagnostic,Telemetry continuity without GUI,STATE_WATCH,156122,434,0,0,0,0,0,0,,,ERROR,,,,1614,1614,0,8,0,10.306,10.3183,21,97,4355,4355,1311,3,1,1,OK,100,0,0,0,0,0,0,0,0,0,0,0,0,-1,0,-1,0,0,0,0,0,0,NO_DATA,0,0,0,0,0,0,0,0,0,0,0,0,0,0,0,0,0,0,0,0,0,0,0,OK,0,,0,NONE,,,RECOVERING,0,,0,0,0,0,0,0,0,1,0,0,0,0,0,0,0,0,0,0,0,0,0,0,0,0,0,0,21,1,20,0,0,rc 0 0 0 0,,TIMEOUT,2391,151094,3252
E-STATE-CLI-001,telemetry-cli-diagnostic,Telemetry continuity without GUI,STATE_WATCH,156372,435,0,0,0,0,0,0,,,ERROR,,,,1616,1616,0,8,0,10.1489,10.2795,76,98,4355,4355,1311,3,1,1,OK,100,0,0,0,0,0,0,0,0,0,0,0,0,-1,0,-1,0,0,0,0,0,0,NO_DATA,0,0,0,0,0,0,0,0,0,0,0,0,0,0,0,0,0,0,0,0,0,0,0,OK,0,,0,NONE,,,RECOVERING,0,,0,0,0,0,0,0,0,1,0,0,0,0,0,0,0,0,0,0,0,0,0,0,0,0,0,0,21,1,20,0,0,rc 0 0 0 0,,TIMEOUT,2391,151344,3502
E-STATE-CLI-001,telemetry-cli-diagnostic,Telemetry continuity without GUI,STATE_WATCH,156622,436,0,0,0,0,0,0,,,ERROR,,,,1619,1619,0,8,0,9.73923,10.2032,31,102,4355,4355,1311,3,1,1,OK,100,0,0,0,0,0,0,0,0,0,0,0,0,-1,0,-1,0,0,0,0,0,0,NO_DATA,0,0,0,0,0,0,0,0,0,0,0,0,0,0,0,0,0,0,0,0,0,0,0,OK,0,,0,NONE,,,RECOVERING,0,,0,0,0,0,0,0,0,1,0,0,0,0,0,0,0,0,0,0,0,0,0,0,0,0,0,0,21,1,20,0,0,rc 0 0 0 0,,TIMEOUT,2391,151594,3752
E-STATE-CLI-001,telemetry-cli-diagnostic,Telemetry continuity without GUI,STATE_WATCH,156872,437,0,0,0,0,0,0,,,ERROR,,,,1621,1621,0,8,0,10.1537,10.3069,91,98,4355,4355,1311,3,1,1,OK,100,0,0,0,0,0,0,0,0,0,0,0,0,-1,0,-1,0,0,0,0,0,0,NO_DATA,0,0,0,0,0,0,0,0,0,0,0,0,0,0,0,0,0,0,0,0,0,0,0,OK,0,,0,NONE,,,RECOVERING,0,,0,0,0,0,0,0,0,1,0,0,0,0,0,0,0,0,0,0,0,0,0,0,0,0,0,0,21,1,20,0,0,rc 0 0 0 0,,TIMEOUT,2391,151844,4002
E-STATE-CLI-001,telemetry-cli-diagnostic,Telemetry continuity without GUI,STATE_WATCH,157123,438,0,0,0,0,0,0,,,ERROR,,,,1625,1625,0,8,0,22.8584,12.7666,3,43,4355,4355,1311,3,1,1,OK,100,0,0,0,0,0,0,0,0,0,0,0,0,-1,0,-1,0,0,0,0,0,0,NO_DATA,0,0,0,0,0,0,0,0,0,0,0,0,0,0,0,0,0,0,0,0,0,0,0,OK,0,,0,NONE,,,RECOVERING,0,,0,0,0,0,0,0,0,1,0,0,0,0,0,0,0,0,0,0,0,0,0,0,0,0,0,0,21,1,20,0,0,rc 0 0 0 0,,TIMEOUT,2391,152094,4252
E-STATE-CLI-001,telemetry-cli-diagnostic,Telemetry continuity without GUI,STATE_WATCH,157373,439,0,0,0,0,0,0,,,ERROR,,,,1627,1627,0,8,0,10.299,11.8773,58,97,4355,4355,1311,3,1,1,OK,100,0,0,0,0,0,0,0,0,0,0,0,0,-1,0,-1,0,0,0,0,0,0,NO_DATA,0,0,0,0,0,0,0,0,0,0,0,0,0,0,0,0,0,0,0,0,0,0,0,OK,0,,0,NONE,,,RECOVERING,0,,0,0,0,0,0,0,0,1,0,0,0,0,0,0,0,0,0,0,0,0,0,0,0,0,0,0,21,1,20,0,0,rc 0 0 0 0,,TIMEOUT,2391,152344,4502
E-STATE-CLI-001,telemetry-cli-diagnostic,Telemetry continuity without GUI,STATE_WATCH,157623,440,0,0,0,0,0,0,,,ERROR,,,,1630,1630,0,8,0,9.33496,10.8122,1,107,4355,4355,1311,3,1,1,OK,100,0,0,0,0,0,0,0,0,0,0,0,0,-1,0,-1,0,0,0,0,0,0,NO_DATA,0,0,0,0,0,0,0,0,0,0,0,0,0,0,0,0,0,0,0,0,0,0,0,OK,0,,0,NONE,,,RECOVERING,0,,0,0,0,0,0,0,0,1,0,0,0,0,0,0,0,0,0,0,0,0,0,0,0,0,0,0,21,1,20,0,0,rc 0 0 0 0,,TIMEOUT,2391,152595,4753
E-STATE-CLI-001,telemetry-cli-diagnostic,Telemetry continuity without GUI,STATE_WATCH,160262,441,0,0,0,0,0,0,,,ERROR,,,,1632,1632,0,8,0,9.71059,10.4891,51,102,4355,4355,1311,3,1,1,OK,100,0,0,0,0,0,0,0,0,0,0,0,0,-1,0,-1,0,0,0,0,0,0,NO_DATA,0,0,0,0,0,0,0,0,0,0,0,0,0,0,0,0,0,0,0,0,0,0,0,OK,0,,0,NONE,,,RECOVERING,0,,0,0,0,0,0,0,0,1,0,0,0,0,0,0,0,0,0,0,0,0,0,0,0,0,0,0,22,1,21,0,0,rc 0 0 0 0,,TIMEOUT,2391,155234,0
E-STATE-CLI-001,telemetry-cli-diagnostic,Telemetry continuity without GUI,STATE_WATCH,160513,442,0,0,0,0,0,0,,,ERROR,,,,1658,1658,0,8,0,9.78009,9.7732,29,102,4355,4355,1311,3,1,1,OK,100,0,0,0,0,0,0,0,0,0,0,0,0,-1,0,-1,0,0,0,0,0,0,NO_DATA,0,0,0,0,0,0,0,0,0,0,0,0,0,0,0,0,0,0,0,0,0,0,0,OK,0,,0,NONE,,,RECOVERING,0,,0,0,0,0,0,0,0,1,0,0,0,0,0,0,0,0,0,0,0,0,0,0,0,0,0,0,22,1,21,0,0,rc 0 0 0 0,,TIMEOUT,2391,155485,251
E-STATE-CLI-001,telemetry-cli-diagnostic,Telemetry continuity without GUI,STATE_WATCH,160764,443,0,0,0,0,0,0,,,ERROR,,,,1661,1661,0,8,0,9.71921,10.9959,23,102,4355,4355,1311,3,1,1,OK,100,0,0,0,0,0,0,0,0,0,0,0,0,-1,0,-1,0,0,0,0,0,0,NO_DATA,0,0,0,0,0,0,0,0,0,0,0,0,0,0,0,0,0,0,0,0,0,0,0,OK,0,,0,NONE,,,RECOVERING,0,,0,0,0,0,0,0,0,1,0,0,0,0,0,0,0,0,0,0,0,0,0,0,0,0,0,0,22,1,21,0,0,rc 0 0 0 0,,TIMEOUT,2391,155736,502
E-STATE-CLI-001,telemetry-cli-diagnostic,Telemetry continuity without GUI,STATE_WATCH,161015,444,0,0,0,0,0,0,,,ERROR,,,,1663,1663,0,8,0,9.88614,10.5739,70,101,4355,4355,1311,3,1,1,OK,100,0,0,0,0,0,0,0,0,0,0,0,0,-1,0,-1,0,0,0,0,0,0,NO_DATA,0,0,0,0,0,0,0,0,0,0,0,0,0,0,0,0,0,0,0,0,0,0,0,OK,0,,0,NONE,,,RECOVERING,0,,0,0,0,0,0,0,0,1,0,0,0,0,0,0,0,0,0,0,0,0,0,0,0,0,0,0,22,1,21,0,0,rc 0 0 0 0,,TIMEOUT,2391,155987,752
E-STATE-CLI-001,telemetry-cli-diagnostic,Telemetry continuity without GUI,STATE_WATCH,161265,445,0,0,0,0,0,0,,,ERROR,,,,1666,1666,0,8,0,9.80321,10.1817,13,102,4355,4355,1311,3,1,1,OK,100,0,0,0,0,0,0,0,0,0,0,0,0,-1,0,-1,0,0,0,0,0,0,NO_DATA,0,0,0,0,0,0,0,0,0,0,0,0,0,0,0,0,0,0,0,0,0,0,0,OK,0,,0,NONE,,,RECOVERING,0,,0,0,0,0,0,0,0,1,0,0,0,0,0,0,0,0,0,0,0,0,0,0,0,0,0,0,22,1,21,0,0,rc 0 0 0 0,,TIMEOUT,2391,156237,1003
E-STATE-CLI-001,telemetry-cli-diagnostic,Telemetry continuity without GUI,STATE_WATCH,161515,446,0,0,0,0,0,0,,,ERROR,,,,1668,1668,0,8,0,9.79983,10.0395,59,102,4355,4355,1311,3,1,1,OK,100,0,0,0,0,0,0,0,0,0,0,0,0,-1,0,-1,0,0,0,0,0,0,NO_DATA,0,0,0,0,0,0,0,0,0,0,0,0,0,0,0,0,0,0,0,0,0,0,0,OK,0,,0,NONE,,,RECOVERING,0,,0,0,0,0,0,0,0,1,0,0,0,0,0,0,0,0,0,0,0,0,0,0,0,0,0,0,22,1,21,0,0,rc 0 0 0 0,,TIMEOUT,2391,156487,1253
E-STATE-CLI-001,telemetry-cli-diagnostic,Telemetry continuity without GUI,STATE_WATCH,161765,447,0,0,0,0,0,0,,,ERROR,,,,1671,1671,0,8,0,10.3373,10.2234,22,96,4355,4355,1311,3,1,1,OK,100,0,0,0,0,0,0,0,0,0,0,0,0,-1,0,-1,0,0,0,0,0,0,NO_DATA,0,0,0,0,0,0,0,0,0,0,0,0,0,0,0,0,0,0,0,0,0,0,0,OK,0,,0,NONE,,,RECOVERING,0,,0,0,0,0,0,0,0,1,0,0,0,0,0,0,0,0,0,0,0,0,0,0,0,0,0,0,22,1,21,0,0,rc 0 0 0 0,,TIMEOUT,2391,156737,1503
E-STATE-CLI-001,telemetry-cli-diagnostic,Telemetry continuity without GUI,STATE_WATCH,162016,448,0,0,0,0,0,0,,,ERROR,,,,1673,1673,0,8,0,10.4563,10.2675,78,95,4355,4355,1311,3,1,1,OK,100,0,0,0,0,0,0,0,0,0,0,0,0,-1,0,-1,0,0,0,0,0,0,NO_DATA,0,0,0,0,0,0,0,0,0,0,0,0,0,0,0,0,0,0,0,0,0,0,0,OK,0,,0,NONE,,,RECOVERING,0,,0,0,0,0,0,0,0,1,0,0,0,0,0,0,0,0,0,0,0,0,0,0,0,0,0,0,22,1,21,0,0,rc 0 0 0 0,,TIMEOUT,2391,156987,1753
E-STATE-CLI-001,telemetry-cli-diagnostic,Telemetry continuity without GUI,STATE_WATCH,162266,449,0,0,0,0,0,0,,,ERROR,,,,1676,1676,0,8,0,10.2484,10.2823,37,97,4355,4355,1311,3,1,1,OK,100,0,0,0,0,0,0,0,0,0,0,0,0,-1,0,-1,0,0,0,0,0,0,NO_DATA,0,0,0,0,0,0,0,0,0,0,0,0,0,0,0,0,0,0,0,0,0,0,0,OK,0,,0,NONE,,,RECOVERING,0,,0,0,0,0,0,0,0,1,0,0,0,0,0,0,0,0,0,0,0,0,0,0,0,0,0,0,22,1,21,0,0,rc 0 0 0 0,,TIMEOUT,2391,157237,2003
E-STATE-CLI-001,telemetry-cli-diagnostic,Telemetry continuity without GUI,STATE_WATCH,162516,450,0,0,0,0,0,0,,,ERROR,,,,1678,1678,0,8,0,10.2091,10.289,93,97,4355,4355,1311,3,1,1,OK,100,0,0,0,0,0,0,0,0,0,0,0,0,-1,0,-1,0,0,0,0,0,0,NO_DATA,0,0,0,0,0,0,0,0,0,0,0,0,0,0,0,0,0,0,0,0,0,0,0,OK,0,,0,NONE,,,RECOVERING,0,,0,0,0,0,0,0,0,1,0,0,0,0,0,0,0,0,0,0,0,0,0,0,0,0,0,0,22,1,21,0,0,rc 0 0 0 0,,TIMEOUT,2391,157488,2253
E-STATE-CLI-001,telemetry-cli-diagnostic,Telemetry continuity without GUI,STATE_WATCH,162766,451,0,0,0,0,0,0,,,ERROR,,,,1681,1681,0,8,0,10.1602,10.2933,53,98,4355,4355,1311,3,1,1,OK,100,0,0,0,0,0,0,0,0,0,0,0,0,-1,0,-1,0,0,0,0,0,0,NO_DATA,0,0,0,0,0,0,0,0,0,0,0,0,0,0,0,0,0,0,0,0,0,0,0,OK,0,,0,NONE,,,RECOVERING,0,,0,0,0,0,0,0,0,1,0,0,0,0,0,0,0,0,0,0,0,0,0,0,0,0,0,0,22,1,21,0,0,rc 0 0 0 0,,TIMEOUT,2391,157738,2504
E-STATE-CLI-001,telemetry-cli-diagnostic,Telemetry continuity without GUI,STATE_WATCH,163016,452,0,0,0,0,0,0,,,ERROR,,,,1684,1684,0,8,0,10.3183,10.332,14,96,4355,4355,1311,3,1,1,OK,100,0,0,0,0,0,0,0,0,0,0,0,0,-1,0,-1,0,0,0,0,0,0,NO_DATA,0,0,0,0,0,0,0,0,0,0,0,0,0,0,0,0,0,0,0,0,0,0,0,OK,0,,0,NONE,,,RECOVERING,0,,0,0,0,0,0,0,0,1,0,0,0,0,0,0,0,0,0,0,0,0,0,0,0,0,0,0,22,1,21,0,0,rc 0 0 0 0,,TIMEOUT,2391,157988,2754
E-STATE-CLI-001,telemetry-cli-diagnostic,Telemetry continuity without GUI,STATE_WATCH,163266,453,0,0,0,0,0,0,,,ERROR,,,,1686,1686,0,8,0,10.0039,10.2683,68,99,4355,4355,1311,3,1,1,OK,100,0,0,0,0,0,0,0,0,0,0,0,0,-1,0,-1,0,0,0,0,0,0,NO_DATA,0,0,0,0,0,0,0,0,0,0,0,0,0,0,0,0,0,0,0,0,0,0,0,OK,0,,0,NONE,,,RECOVERING,0,,0,0,0,0,0,0,0,1,0,0,0,0,0,0,0,0,0,0,0,0,0,0,0,0,0,0,22,1,21,0,0,rc 0 0 0 0,,TIMEOUT,2391,158238,3004
E-STATE-CLI-001,telemetry-cli-diagnostic,Telemetry continuity without GUI,STATE_WATCH,163517,454,0,0,0,0,0,0,,,ERROR,,,,1689,1689,0,8,0,10.3339,10.3437,30,96,4355,4355,1311,3,1,1,OK,100,0,0,0,0,0,0,0,0,0,0,0,0,-1,0,-1,0,0,0,0,0,0,NO_DATA,0,0,0,0,0,0,0,0,0,0,0,0,0,0,0,0,0,0,0,0,0,0,0,OK,0,,0,NONE,,,RECOVERING,0,,0,0,0,0,0,0,0,1,0,0,0,0,0,0,0,0,0,0,0,0,0,0,0,0,0,0,22,1,21,0,0,rc 0 0 0 0,,TIMEOUT,2391,158488,3254
E-STATE-CLI-001,telemetry-cli-diagnostic,Telemetry continuity without GUI,STATE_WATCH,163767,455,0,0,0,0,0,0,,,ERROR,,,,1691,1691,0,8,0,10.3187,10.3374,87,96,4355,4355,1311,3,1,1,OK,100,0,0,0,0,0,0,0,0,0,0,0,0,-1,0,-1,0,0,0,0,0,0,NO_DATA,0,0,0,0,0,0,0,0,0,0,0,0,0,0,0,0,0,0,0,0,0,0,0,OK,0,,0,NONE,,,RECOVERING,0,,0,0,0,0,0,0,0,1,0,0,0,0,0,0,0,0,0,0,0,0,0,0,0,0,0,0,22,1,21,0,0,rc 0 0 0 0,,TIMEOUT,2391,158738,3504
E-STATE-CLI-001,telemetry-cli-diagnostic,Telemetry continuity without GUI,STATE_WATCH,164017,456,0,0,0,0,0,0,,,ERROR,,,,1694,1694,0,8,0,20.5553,12.3796,95,48,4355,4355,1311,3,1,1,OK,100,0,0,0,0,0,0,0,0,0,0,0,0,-1,0,-1,0,0,0,0,0,0,NO_DATA,0,0,0,0,0,0,0,0,0,0,0,0,0,0,0,0,0,0,0,0,0,0,0,OK,0,,0,NONE,,,RECOVERING,0,,0,0,0,0,0,0,0,1,0,0,0,0,0,0,0,0,0,0,0,0,0,0,0,0,0,0,22,1,21,0,0,rc 0 0 0 0,,TIMEOUT,2391,158988,3754
E-STATE-CLI-001,telemetry-cli-diagnostic,Telemetry continuity without GUI,STATE_WATCH,164267,457,0,0,0,0,0,0,,,ERROR,,,,1697,1697,0,8,0,10.3536,11.3881,55,96,4355,4355,1311,3,1,1,OK,100,0,0,0,0,0,0,0,0,0,0,0,0,-1,0,-1,0,0,0,0,0,0,NO_DATA,0,0,0,0,0,0,0,0,0,0,0,0,0,0,0,0,0,0,0,0,0,0,0,OK,0,,0,NONE,,,RECOVERING,0,,0,0,0,0,0,0,0,1,0,0,0,0,0,0,0,0,0,0,0,0,0,0,0,0,0,0,22,1,21,0,0,rc 0 0 0 0,,TIMEOUT,2391,159239,4005
E-STATE-CLI-001,telemetry-cli-diagnostic,Telemetry continuity without GUI,STATE_WATCH,164517,458,0,0,0,0,0,0,,,ERROR,,,,1700,1700,0,8,0,10.3218,10.8745,15,96,4355,4355,1311,3,1,1,OK,100,0,0,0,0,0,0,0,0,0,0,0,0,-1,0,-1,0,0,0,0,0,0,NO_DATA,0,0,0,0,0,0,0,0,0,0,0,0,0,0,0,0,0,0,0,0,0,0,0,OK,0,,0,NONE,,,RECOVERING,0,,0,0,0,0,0,0,0,1,0,0,0,0,0,0,0,0,0,0,0,0,0,0,0,0,0,0,22,1,21,0,0,rc 0 0 0 0,,TIMEOUT,2391,159489,4255
E-STATE-CLI-001,telemetry-cli-diagnostic,Telemetry continuity without GUI,STATE_WATCH,164767,459,0,0,0,0,0,0,,,ERROR,,,,1702,1702,0,8,0,10.2088,10.6554,70,97,4355,4355,1311,3,1,1,OK,100,0,0,0,0,0,0,0,0,0,0,0,0,-1,0,-1,0,0,0,0,0,0,NO_DATA,0,0,0,0,0,0,0,0,0,0,0,0,0,0,0,0,0,0,0,0,0,0,0,OK,0,,0,NONE,,,RECOVERING,0,,0,0,0,0,0,0,0,1,0,0,0,0,0,0,0,0,0,0,0,0,0,0,0,0,0,0,22,1,21,0,0,rc 0 0 0 0,,TIMEOUT,2391,159739,4505
E-STATE-CLI-001,telemetry-cli-diagnostic,Telemetry continuity without GUI,STATE_WATCH,165017,460,0,0,0,0,0,0,,,ERROR,,,,1705,1705,0,8,0,10.3323,10.5136,31,96,4355,4355,1311,3,1,1,OK,100,0,0,0,0,0,0,0,0,0,0,0,0,-1,0,-1,0,0,0,0,0,0,NO_DATA,0,0,0,0,0,0,0,0,0,0,0,0,0,0,0,0,0,0,0,0,0,0,0,OK,0,,0,NONE,,,RECOVERING,0,,0,0,0,0,0,0,0,1,0,0,0,0,0,0,0,0,0,0,0,0,0,0,0,0,0,0,22,1,21,0,0,rc 0 0 0 0,,TIMEOUT,2391,159989,4755
E-STATE-CLI-001,telemetry-cli-diagnostic,Telemetry continuity without GUI,STATE_WATCH,167654,461,0,0,0,0,0,0,,,ERROR,,,,1707,1707,0,8,0,10.3314,10.4491,88,96,4355,4355,1311,3,1,1,OK,100,0,0,0,0,0,0,0,0,0,0,0,0,-1,0,-1,0,0,0,0,0,0,NO_DATA,0,0,0,0,0,0,0,0,0,0,0,0,0,0,0,0,0,0,0,0,0,0,0,OK,0,,0,NONE,,,RECOVERING,0,,0,0,0,0,0,0,0,1,0,0,0,0,0,0,0,0,0,0,0,0,0,0,0,0,0,0,23,1,22,0,0,rc 0 0 0 0,,TIMEOUT,2391,162626,0
E-STATE-CLI-001,telemetry-cli-diagnostic,Telemetry continuity without GUI,STATE_WATCH,167904,462,0,0,0,0,0,0,,,ERROR,,,,1736,1736,0,8,0,10.7277,11.2467,56,93,4355,4355,1311,3,1,1,OK,100,0,0,0,0,0,0,0,0,0,0,0,0,-1,0,-1,0,0,0,0,0,0,NO_DATA,0,0,0,0,0,0,0,0,0,0,0,0,0,0,0,0,0,0,0,0,0,0,0,OK,0,,0,NONE,,,RECOVERING,0,,0,0,0,0,0,0,0,1,0,0,0,0,0,0,0,0,0,0,0,0,0,0,0,0,0,0,23,1,22,0,0,rc 0 0 0 0,,TIMEOUT,2391,162876,250
E-STATE-CLI-001,telemetry-cli-diagnostic,Telemetry continuity without GUI,STATE_WATCH,168154,463,0,0,0,0,0,0,,,ERROR,,,,1739,1739,0,8,0,10.7182,10.9855,26,93,4355,4355,1311,3,1,1,OK,100,0,0,0,0,0,0,0,0,0,0,0,0,-1,0,-1,0,0,0,0,0,0,NO_DATA,0,0,0,0,0,0,0,0,0,0,0,0,0,0,0,0,0,0,0,0,0,0,0,OK,0,,0,NONE,,,RECOVERING,0,,0,0,0,0,0,0,0,1,0,0,0,0,0,0,0,0,0,0,0,0,0,0,0,0,0,0,23,1,22,0,0,rc 0 0 0 0,,TIMEOUT,2391,163126,500
E-STATE-CLI-001,telemetry-cli-diagnostic,Telemetry continuity without GUI,STATE_WATCH,168404,464,0,0,0,0,0,0,,,ERROR,,,,1741,1741,0,8,0,10.711,10.8863,89,93,4355,4355,1311,3,1,1,OK,100,0,0,0,0,0,0,0,0,0,0,0,0,-1,0,-1,0,0,0,0,0,0,NO_DATA,0,0,0,0,0,0,0,0,0,0,0,0,0,0,0,0,0,0,0,0,0,0,0,OK,0,,0,NONE,,,RECOVERING,0,,0,0,0,0,0,0,0,1,0,0,0,0,0,0,0,0,0,0,0,0,0,0,0,0,0,0,23,1,22,0,0,rc 0 0 0 0,,TIMEOUT,2391,163376,750
E-STATE-CLI-001,telemetry-cli-diagnostic,Telemetry continuity without GUI,STATE_WATCH,168655,465,0,0,0,0,0,0,,,ERROR,,,,1744,1744,0,8,0,10.7183,10.799,59,93,4355,4355,1311,3,1,1,OK,100,0,0,0,0,0,0,0,0,0,0,0,0,-1,0,-1,0,0,0,0,0,0,NO_DATA,0,0,0,0,0,0,0,0,0,0,0,0,0,0,0,0,0,0,0,0,0,0,0,OK,0,,0,NONE,,,RECOVERING,0,,0,0,0,0,0,0,0,1,0,0,0,0,0,0,0,0,0,0,0,0,0,0,0,0,0,0,23,1,22,0,0,rc 0 0 0 0,,TIMEOUT,2391,163626,1000
E-STATE-CLI-001,telemetry-cli-diagnostic,Telemetry continuity without GUI,STATE_WATCH,168905,466,0,0,0,0,0,0,,,ERROR,,,,1747,1747,0,8,0,10.7103,10.7567,29,93,4355,4355,1311,3,1,1,OK,100,0,0,0,0,0,0,0,0,0,0,0,0,-1,0,-1,0,0,0,0,0,0,NO_DATA,0,0,0,0,0,0,0,0,0,0,0,0,0,0,0,0,0,0,0,0,0,0,0,OK,0,,0,NONE,,,RECOVERING,0,,0,0,0,0,0,0,0,1,0,0,0,0,0,0,0,0,0,0,0,0,0,0,0,0,0,0,23,1,22,0,0,rc 0 0 0 0,,TIMEOUT,2391,163876,1250
E-STATE-CLI-001,telemetry-cli-diagnostic,Telemetry continuity without GUI,STATE_WATCH,169155,467,0,0,0,0,0,0,,,ERROR,,,,1749,1749,0,8,0,10.7209,10.7416,93,93,4355,4355,1311,3,1,1,OK,100,0,0,0,0,0,0,0,0,0,0,0,0,-1,0,-1,0,0,0,0,0,0,NO_DATA,0,0,0,0,0,0,0,0,0,0,0,0,0,0,0,0,0,0,0,0,0,0,0,OK,0,,0,NONE,,,RECOVERING,0,,0,0,0,0,0,0,0,1,0,0,0,0,0,0,0,0,0,0,0,0,0,0,0,0,0,0,23,1,22,0,0,rc 0 0 0 0,,TIMEOUT,2391,164127,1500
E-STATE-CLI-001,telemetry-cli-diagnostic,Telemetry continuity without GUI,STATE_WATCH,169405,468,0,0,0,0,0,0,,,ERROR,,,,1752,1752,0,8,0,10.7005,10.725,63,93,4355,4355,1311,3,1,1,OK,100,0,0,0,0,0,0,0,0,0,0,0,0,-1,0,-1,0,0,0,0,0,0,NO_DATA,0,0,0,0,0,0,0,0,0,0,0,0,0,0,0,0,0,0,0,0,0,0,0,OK,0,,0,NONE,,,RECOVERING,0,,0,0,0,0,0,0,0,1,0,0,0,0,0,0,0,0,0,0,0,0,0,0,0,0,0,0,23,1,22,0,0,rc 0 0 0 0,,TIMEOUT,2391,164377,1751
E-STATE-CLI-001,telemetry-cli-diagnostic,Telemetry continuity without GUI,STATE_WATCH,169655,469,0,0,0,0,0,0,,,ERROR,,,,1755,1755,0,8,0,10.7117,10.7191,33,93,4355,4355,1311,3,1,1,OK,100,0,0,0,0,0,0,0,0,0,0,0,0,-1,0,-1,0,0,0,0,0,0,NO_DATA,0,0,0,0,0,0,0,0,0,0,0,0,0,0,0,0,0,0,0,0,0,0,0,OK,0,,0,NONE,,,RECOVERING,0,,0,0,0,0,0,0,0,1,0,0,0,0,0,0,0,0,0,0,0,0,0,0,0,0,0,0,23,1,22,0,0,rc 0 0 0 0,,TIMEOUT,2391,164627,2001
E-STATE-CLI-001,telemetry-cli-diagnostic,Telemetry continuity without GUI,STATE_WATCH,169905,470,0,0,0,0,0,0,,,ERROR,,,,1758,1758,0,8,0,21.5615,12.884,50,46,4355,4355,1311,3,1,1,OK,100,0,0,0,0,0,0,0,0,0,0,0,0,-1,0,-1,0,0,0,0,0,0,NO_DATA,0,0,0,0,0,0,0,0,0,0,0,0,0,0,0,0,0,0,0,0,0,0,0,OK,0,,0,NONE,,,RECOVERING,0,,0,0,0,0,0,0,0,1,0,0,0,0,0,0,0,0,0,0,0,0,0,0,0,0,0,0,23,1,22,0,0,rc 0 0 0 0,,TIMEOUT,2391,164877,2251
E-STATE-CLI-001,telemetry-cli-diagnostic,Telemetry continuity without GUI,STATE_WATCH,170155,471,0,0,0,0,0,0,,,ERROR,,,,1761,1761,0,8,0,10.7047,11.8239,20,93,4355,4355,1311,3,1,1,OK,100,0,0,0,0,0,0,0,0,0,0,0,0,-1,0,-1,0,0,0,0,0,0,NO_DATA,0,0,0,0,0,0,0,0,0,0,0,0,0,0,0,0,0,0,0,0,0,0,0,OK,0,,0,NONE,,,RECOVERING,0,,0,0,0,0,0,0,0,1,0,0,0,0,0,0,0,0,0,0,0,0,0,0,0,0,0,0,23,1,22,0,0,rc 0 0 0 0,,TIMEOUT,2391,165127,2501
E-STATE-CLI-001,telemetry-cli-diagnostic,Telemetry continuity without GUI,STATE_WATCH,170406,472,0,0,0,0,0,0,,,ERROR,,,,1763,1763,0,8,0,10.8478,11.4304,83,92,4355,4355,1311,3,1,1,OK,100,0,0,0,0,0,0,0,0,0,0,0,0,-1,0,-1,0,0,0,0,0,0,NO_DATA,0,0,0,0,0,0,0,0,0,0,0,0,0,0,0,0,0,0,0,0,0,0,0,OK,0,,0,NONE,,,RECOVERING,0,,0,0,0,0,0,0,0,1,0,0,0,0,0,0,0,0,0,0,0,0,0,0,0,0,0,0,23,1,22,0,0,rc 0 0 0 0,,TIMEOUT,2391,165377,2751
E-STATE-CLI-001,telemetry-cli-diagnostic,Telemetry continuity without GUI,STATE_WATCH,170656,473,0,0,0,0,0,0,,,ERROR,,,,1766,1766,0,8,0,10.704,11.078,53,93,4355,4355,1311,3,1,1,OK,100,0,0,0,0,0,0,0,0,0,0,0,0,-1,0,-1,0,0,0,0,0,0,NO_DATA,0,0,0,0,0,0,0,0,0,0,0,0,0,0,0,0,0,0,0,0,0,0,0,OK,0,,0,NONE,,,RECOVERING,0,,0,0,0,0,0,0,0,1,0,0,0,0,0,0,0,0,0,0,0,0,0,0,0,0,0,0,23,1,22,0,0,rc 0 0 0 0,,TIMEOUT,2391,165628,3001
E-STATE-CLI-001,telemetry-cli-diagnostic,Telemetry continuity without GUI,STATE_WATCH,170906,474,0,0,0,0,0,0,,,ERROR,,,,1769,1769,0,8,0,10.7103,10.8989,23,93,4355,4355,1311,3,1,1,OK,100,0,0,0,0,0,0,0,0,0,0,0,0,-1,0,-1,0,0,0,0,0,0,NO_DATA,0,0,0,0,0,0,0,0,0,0,0,0,0,0,0,0,0,0,0,0,0,0,0,OK,0,,0,NONE,,,RECOVERING,0,,0,0,0,0,0,0,0,1,0,0,0,0,0,0,0,0,0,0,0,0,0,0,0,0,0,0,23,1,22,0,0,rc 0 0 0 0,,TIMEOUT,2391,165878,3252
E-STATE-CLI-001,telemetry-cli-diagnostic,Telemetry continuity without GUI,STATE_WATCH,171156,475,0,0,0,0,0,0,,,ERROR,,,,1771,1771,0,8,0,10.7164,10.8313,87,93,4355,4355,1311,3,1,1,OK,100,0,0,0,0,0,0,0,0,0,0,0,0,-1,0,-1,0,0,0,0,0,0,NO_DATA,0,0,0,0,0,0,0,0,0,0,0,0,0,0,0,0,0,0,0,0,0,0,0,OK,0,,0,NONE,,,RECOVERING,0,,0,0,0,0,0,0,0,1,0,0,0,0,0,0,0,0,0,0,0,0,0,0,0,0,0,0,23,1,22,0,0,rc 0 0 0 0,,TIMEOUT,2391,166128,3502
E-STATE-CLI-001,telemetry-cli-diagnostic,Telemetry continuity without GUI,STATE_WATCH,171406,476,0,0,0,0,0,0,,,ERROR,,,,1774,1774,0,8,0,10.7117,10.7734,57,93,4355,4355,1311,3,1,1,OK,100,0,0,0,0,0,0,0,0,0,0,0,0,-1,0,-1,0,0,0,0,0,0,NO_DATA,0,0,0,0,0,0,0,0,0,0,0,0,0,0,0,0,0,0,0,0,0,0,0,OK,0,,0,NONE,,,RECOVERING,0,,0,0,0,0,0,0,0,1,0,0,0,0,0,0,0,0,0,0,0,0,0,0,0,0,0,0,23,1,22,0,0,rc 0 0 0 0,,TIMEOUT,2391,166378,3752
E-STATE-CLI-001,telemetry-cli-diagnostic,Telemetry continuity without GUI,STATE_WATCH,171657,477,0,0,0,0,0,0,,,ERROR,,,,1777,1777,0,8,0,10.7125,10.7429,27,93,4355,4355,1311,3,1,1,OK,100,0,0,0,0,0,0,0,0,0,0,0,0,-1,0,-1,0,0,0,0,0,0,NO_DATA,0,0,0,0,0,0,0,0,0,0,0,0,0,0,0,0,0,0,0,0,0,0,0,OK,0,,0,NONE,,,RECOVERING,0,,0,0,0,0,0,0,0,1,0,0,0,0,0,0,0,0,0,0,0,0,0,0,0,0,0,0,23,1,22,0,0,rc 0 0 0 0,,TIMEOUT,2391,166628,4002
E-STATE-CLI-001,telemetry-cli-diagnostic,Telemetry continuity without GUI,STATE_WATCH,171907,478,0,0,0,0,0,0,,,ERROR,,,,1779,1779,0,8,0,10.6795,10.7239,90,93,4355,4355,1311,3,1,1,OK,100,0,0,0,0,0,0,0,0,0,0,0,0,-1,0,-1,0,0,0,0,0,0,NO_DATA,0,0,0,0,0,0,0,0,0,0,0,0,0,0,0,0,0,0,0,0,0,0,0,OK,0,,0,NONE,,,RECOVERING,0,,0,0,0,0,0,0,0,1,0,0,0,0,0,0,0,0,0,0,0,0,0,0,0,0,0,0,23,1,22,0,0,rc 0 0 0 0,,TIMEOUT,2391,166878,4252
E-STATE-CLI-001,telemetry-cli-diagnostic,Telemetry continuity without GUI,STATE_WATCH,172157,479,0,0,0,0,0,0,,,ERROR,,,,1782,1782,0,8,0,10.7166,10.7214,60,93,4355,4355,1311,3,1,1,OK,100,0,0,0,0,0,0,0,0,0,0,0,0,-1,0,-1,0,0,0,0,0,0,NO_DATA,0,0,0,0,0,0,0,0,0,0,0,0,0,0,0,0,0,0,0,0,0,0,0,OK,0,,0,NONE,,,RECOVERING,0,,0,0,0,0,0,0,0,1,0,0,0,0,0,0,0,0,0,0,0,0,0,0,0,0,0,0,23,1,22,0,0,rc 0 0 0 0,,TIMEOUT,2391,167129,4503
E-STATE-CLI-001,telemetry-cli-diagnostic,Telemetry continuity without GUI,STATE_WATCH,172407,480,0,0,0,0,0,0,,,ERROR,,,,1785,1785,0,8,0,10.705,10.7158,30,93,4355,4355,1311,3,1,1,OK,100,0,0,0,0,0,0,0,0,0,0,0,0,-1,0,-1,0,0,0,0,0,0,NO_DATA,0,0,0,0,0,0,0,0,0,0,0,0,0,0,0,0,0,0,0,0,0,0,0,OK,0,,0,NONE,,,RECOVERING,0,,0,0,0,0,0,0,0,1,0,0,0,0,0,0,0,0,0,0,0,0,0,0,0,0,0,0,23,1,22,0,0,rc 0 0 0 0,,TIMEOUT,2391,167379,4753
E-STATE-CLI-001,telemetry-cli-diagnostic,Telemetry continuity without GUI,STATE_WATCH,175046,481,0,0,0,0,0,0,,,ERROR,,,,1788,1788,0,8,0,10.7166,10.7136,0,93,4355,4355,1311,3,1,1,OK,100,0,0,0,0,0,0,0,0,0,0,0,0,-1,0,-1,0,0,0,0,0,0,NO_DATA,0,0,0,0,0,0,0,0,0,0,0,0,0,0,0,0,0,0,0,0,0,0,0,OK,0,,0,NONE,,,RECOVERING,0,,0,0,0,0,0,0,0,1,0,0,0,0,0,0,0,0,0,0,0,0,0,0,0,0,0,0,24,1,23,0,0,rc 0 0 0 0,,TIMEOUT,2391,170018,0
E-STATE-CLI-001,telemetry-cli-diagnostic,Telemetry continuity without GUI,STATE_WATCH,175296,482,0,0,0,0,0,0,,,ERROR,,,,1816,1816,0,8,0,10.7167,10.6533,57,93,4355,4355,1311,3,1,1,OK,100,0,0,0,0,0,0,0,0,0,0,0,0,-1,0,-1,0,0,0,0,0,0,NO_DATA,0,0,0,0,0,0,0,0,0,0,0,0,0,0,0,0,0,0,0,0,0,0,0,OK,0,,0,NONE,,,RECOVERING,0,,0,0,0,0,0,0,0,1,0,0,0,0,0,0,0,0,0,0,0,0,0,0,0,0,0,0,24,1,23,0,0,rc 0 0 0 0,,TIMEOUT,2391,170268,250
E-STATE-CLI-001,telemetry-cli-diagnostic,Telemetry continuity without GUI,STATE_WATCH,175546,483,0,0,0,0,0,0,,,ERROR,,,,1819,1819,0,8,0,10.3274,10.579,22,96,4355,4355,1311,3,1,1,OK,100,0,0,0,0,0,0,0,0,0,0,0,0,-1,0,-1,0,0,0,0,0,0,NO_DATA,0,0,0,0,0,0,0,0,0,0,0,0,0,0,0,0,0,0,0,0,0,0,0,OK,0,,0,NONE,,,RECOVERING,0,,0,0,0,0,0,0,0,1,0,0,0,0,0,0,0,0,0,0,0,0,0,0,0,0,0,0,24,1,23,0,0,rc 0 0 0 0,,TIMEOUT,2391,170518,500
E-STATE-CLI-001,telemetry-cli-diagnostic,Telemetry continuity without GUI,STATE_WATCH,175796,484,0,0,0,0,0,0,,,ERROR,,,,1821,1821,0,8,0,10.6112,10.6428,86,94,4355,4355,1311,3,1,1,OK,100,0,0,0,0,0,0,0,0,0,0,0,0,-1,0,-1,0,0,0,0,0,0,NO_DATA,0,0,0,0,0,0,0,0,0,0,0,0,0,0,0,0,0,0,0,0,0,0,0,OK,0,,0,NONE,,,RECOVERING,0,,0,0,0,0,0,0,0,1,0,0,0,0,0,0,0,0,0,0,0,0,0,0,0,0,0,0,24,1,23,0,0,rc 0 0 0 0,,TIMEOUT,2391,170768,750
E-STATE-CLI-001,telemetry-cli-diagnostic,Telemetry continuity without GUI,STATE_WATCH,176047,485,0,0,0,0,0,0,,,ERROR,,,,1824,1824,0,8,0,10.6268,10.6327,54,94,4355,4355,1311,3,1,1,OK,100,0,0,0,0,0,0,0,0,0,0,0,0,-1,0,-1,0,0,0,0,0,0,NO_DATA,0,0,0,0,0,0,0,0,0,0,0,0,0,0,0,0,0,0,0,0,0,0,0,OK,0,,0,NONE,,,RECOVERING,0,,0,0,0,0,0,0,0,1,0,0,0,0,0,0,0,0,0,0,0,0,0,0,0,0,0,0,24,1,23,0,0,rc 0 0 0 0,,TIMEOUT,2391,171018,1000
E-STATE-CLI-001,telemetry-cli-diagnostic,Telemetry continuity without GUI,STATE_WATCH,176297,486,0,0,0,0,0,0,,,ERROR,,,,1827,1827,0,8,0,10.6181,12.3503,69,94,4355,4355,1311,3,1,1,OK,100,0,0,0,0,0,0,0,0,0,0,0,0,-1,0,-1,0,0,0,0,0,0,NO_DATA,0,0,0,0,0,0,0,0,0,0,0,0,0,0,0,0,0,0,0,0,0,0,0,OK,0,,0,NONE,,,RECOVERING,0,,0,0,0,0,0,0,0,1,0,0,0,0,0,0,0,0,0,0,0,0,0,0,0,0,0,0,24,1,23,0,0,rc 0 0 0 0,,TIMEOUT,2391,171268,1250
E-STATE-CLI-001,telemetry-cli-diagnostic,Telemetry continuity without GUI,STATE_WATCH,176547,487,0,0,0,0,0,0,,,ERROR,,,,1830,1830,0,8,0,10.6059,11.505,37,94,4355,4355,1311,3,1,1,OK,100,0,0,0,0,0,0,0,0,0,0,0,0,-1,0,-1,0,0,0,0,0,0,NO_DATA,0,0,0,0,0,0,0,0,0,0,0,0,0,0,0,0,0,0,0,0,0,0,0,OK,0,,0,NONE,,,RECOVERING,0,,0,0,0,0,0,0,0,1,0,0,0,0,0,0,0,0,0,0,0,0,0,0,0,0,0,0,24,1,23,0,0,rc 0 0 0 0,,TIMEOUT,2391,171519,1501
E-STATE-CLI-001,telemetry-cli-diagnostic,Telemetry continuity without GUI,STATE_WATCH,176797,488,0,0,0,0,0,0,,,ERROR,,,,1833,1833,0,8,0,10.6216,11.0752,4,94,4355,4355,1311,3,1,1,OK,100,0,0,0,0,0,0,0,0,0,0,0,0,-1,0,-1,0,0,0,0,0,0,NO_DATA,0,0,0,0,0,0,0,0,0,0,0,0,0,0,0,0,0,0,0,0,0,0,0,OK,0,,0,NONE,,,RECOVERING,0,,0,0,0,0,0,0,0,1,0,0,0,0,0,0,0,0,0,0,0,0,0,0,0,0,0,0,24,1,23,0,0,rc 0 0 0 0,,TIMEOUT,2391,171769,1751
E-STATE-CLI-001,telemetry-cli-diagnostic,Telemetry continuity without GUI,STATE_WATCH,177047,489,0,0,0,0,0,0,,,ERROR,,,,1835,1835,0,8,0,10.6383,10.9132,66,93,4355,4355,1311,3,1,1,OK,100,0,0,0,0,0,0,0,0,0,0,0,0,-1,0,-1,0,0,0,0,0,0,NO_DATA,0,0,0,0,0,0,0,0,0,0,0,0,0,0,0,0,0,0,0,0,0,0,0,OK,0,,0,NONE,,,RECOVERING,0,,0,0,0,0,0,0,0,1,0,0,0,0,0,0,0,0,0,0,0,0,0,0,0,0,0,0,24,1,23,0,0,rc 0 0 0 0,,TIMEOUT,2391,172019,2001
E-STATE-CLI-001,telemetry-cli-diagnostic,Telemetry continuity without GUI,STATE_WATCH,177297,490,0,0,0,0,0,0,,,ERROR,,,,1838,1838,0,8,0,10.6195,10.7691,34,94,4355,4355,1311,3,1,1,OK,100,0,0,0,0,0,0,0,0,0,0,0,0,-1,0,-1,0,0,0,0,0,0,NO_DATA,0,0,0,0,0,0,0,0,0,0,0,0,0,0,0,0,0,0,0,0,0,0,0,OK,0,,0,NONE,,,RECOVERING,0,,0,0,0,0,0,0,0,1,0,0,0,0,0,0,0,0,0,0,0,0,0,0,0,0,0,0,24,1,23,0,0,rc 0 0 0 0,,TIMEOUT,2391,172269,2251
E-STATE-CLI-001,telemetry-cli-diagnostic,Telemetry continuity without GUI,STATE_WATCH,177548,491,0,0,0,0,0,0,,,ERROR,,,,1841,1841,0,8,0,10.9715,10.7171,2,91,4355,4355,1311,3,1,1,OK,100,0,0,0,0,0,0,0,0,0,0,0,0,-1,0,-1,0,0,0,0,0,0,NO_DATA,0,0,0,0,0,0,0,0,0,0,0,0,0,0,0,0,0,0,0,0,0,0,0,OK,0,,0,NONE,,,RECOVERING,0,,0,0,0,0,0,0,0,1,0,0,0,0,0,0,0,0,0,0,0,0,0,0,0,0,0,0,24,1,23,0,0,rc 0 0 0 0,,TIMEOUT,2391,172519,2501
E-STATE-CLI-001,telemetry-cli-diagnostic,Telemetry continuity without GUI,STATE_WATCH,177798,492,0,0,0,0,0,0,,,ERROR,,,,1843,1843,0,8,0,10.3913,10.637,62,96,4355,4355,1311,3,1,1,OK,100,0,0,0,0,0,0,0,0,0,0,0,0,-1,0,-1,0,0,0,0,0,0,NO_DATA,0,0,0,0,0,0,0,0,0,0,0,0,0,0,0,0,0,0,0,0,0,0,0,OK,0,,0,NONE,,,RECOVERING,0,,0,0,0,0,0,0,0,1,0,0,0,0,0,0,0,0,0,0,0,0,0,0,0,0,0,0,24,1,23,0,0,rc 0 0 0 0,,TIMEOUT,2391,172769,2751
E-STATE-CLI-001,telemetry-cli-diagnostic,Telemetry continuity without GUI,STATE_WATCH,178048,493,0,0,0,0,0,0,,,ERROR,,,,1846,1846,0,8,0,10.6195,10.66,31,94,4355,4355,1311,3,1,1,OK,100,0,0,0,0,0,0,0,0,0,0,0,0,-1,0,-1,0,0,0,0,0,0,NO_DATA,0,0,0,0,0,0,0,0,0,0,0,0,0,0,0,0,0,0,0,0,0,0,0,OK,0,,0,NONE,,,RECOVERING,0,,0,0,0,0,0,0,0,1,0,0,0,0,0,0,0,0,0,0,0,0,0,0,0,0,0,0,24,1,23,0,0,rc 0 0 0 0,,TIMEOUT,2391,173020,3002
E-STATE-CLI-001,telemetry-cli-diagnostic,Telemetry continuity without GUI,STATE_WATCH,178298,494,0,0,0,0,0,0,,,ERROR,,,,1848,1848,0,8,0,10.6363,10.6475,93,94,4355,4355,1311,3,1,1,OK,100,0,0,0,0,0,0,0,0,0,0,0,0,-1,0,-1,0,0,0,0,0,0,NO_DATA,0,0,0,0,0,0,0,0,0,0,0,0,0,0,0,0,0,0,0,0,0,0,0,OK,0,,0,NONE,,,RECOVERING,0,,0,0,0,0,0,0,0,1,0,0,0,0,0,0,0,0,0,0,0,0,0,0,0,0,0,0,24,1,23,0,0,rc 0 0 0 0,,TIMEOUT,2391,173270,3252
E-STATE-CLI-001,telemetry-cli-diagnostic,Telemetry continuity without GUI,STATE_WATCH,178548,495,0,0,0,0,0,0,,,ERROR,,,,1851,1851,0,8,0,10.6234,10.6348,61,94,4355,4355,1311,3,1,1,OK,100,0,0,0,0,0,0,0,0,0,0,0,0,-1,0,-1,0,0,0,0,0,0,NO_DATA,0,0,0,0,0,0,0,0,0,0,0,0,0,0,0,0,0,0,0,0,0,0,0,OK,0,,0,NONE,,,RECOVERING,0,,0,0,0,0,0,0,0,1,0,0,0,0,0,0,0,0,0,0,0,0,0,0,0,0,0,0,24,1,23,0,0,rc 0 0 0 0,,TIMEOUT,2391,173520,3502
E-STATE-CLI-001,telemetry-cli-diagnostic,Telemetry continuity without GUI,STATE_WATCH,178798,496,0,0,0,0,0,0,,,ERROR,,,,1854,1854,0,8,0,10.6267,10.6297,29,94,4355,4355,1311,3,1,1,OK,100,0,0,0,0,0,0,0,0,0,0,0,0,-1,0,-1,0,0,0,0,0,0,NO_DATA,0,0,0,0,0,0,0,0,0,0,0,0,0,0,0,0,0,0,0,0,0,0,0,OK,0,,0,NONE,,,RECOVERING,0,,0,0,0,0,0,0,0,1,0,0,0,0,0,0,0,0,0,0,0,0,0,0,0,0,0,0,24,1,23,0,0,rc 0 0 0 0,,TIMEOUT,2391,173770,3752
E-STATE-CLI-001,telemetry-cli-diagnostic,Telemetry continuity without GUI,STATE_WATCH,179049,497,0,0,0,0,0,0,,,ERROR,,,,1857,1857,0,8,0,21.2476,12.7488,44,47,4355,4355,1311,3,1,1,OK,100,0,0,0,0,0,0,0,0,0,0,0,0,-1,0,-1,0,0,0,0,0,0,NO_DATA,0,0,0,0,0,0,0,0,0,0,0,0,0,0,0,0,0,0,0,0,0,0,0,OK,0,,0,NONE,,,RECOVERING,0,,0,0,0,0,0,0,0,1,0,0,0,0,0,0,0,0,0,0,0,0,0,0,0,0,0,0,24,1,23,0,0,rc 0 0 0 0,,TIMEOUT,2391,174020,4002
E-STATE-CLI-001,telemetry-cli-diagnostic,Telemetry continuity without GUI,STATE_WATCH,179299,498,0,0,0,0,0,0,,,ERROR,,,,1860,1860,0,8,0,10.6202,11.7083,11,94,4355,4355,1311,3,1,1,OK,100,0,0,0,0,0,0,0,0,0,0,0,0,-1,0,-1,0,0,0,0,0,0,NO_DATA,0,0,0,0,0,0,0,0,0,0,0,0,0,0,0,0,0,0,0,0,0,0,0,OK,0,,0,NONE,,,RECOVERING,0,,0,0,0,0,0,0,0,1,0,0,0,0,0,0,0,0,0,0,0,0,0,0,0,0,0,0,24,1,23,0,0,rc 0 0 0 0,,TIMEOUT,2391,174271,4252
E-STATE-CLI-001,telemetry-cli-diagnostic,Telemetry continuity without GUI,STATE_WATCH,179549,499,0,0,0,0,0,0,,,ERROR,,,,1862,1862,0,8,0,10.622,11.3186,73,94,4355,4355,1311,3,1,1,OK,100,0,0,0,0,0,0,0,0,0,0,0,0,-1,0,-1,0,0,0,0,0,0,NO_DATA,0,0,0,0,0,0,0,0,0,0,0,0,0,0,0,0,0,0,0,0,0,0,0,OK,0,,0,NONE,,,RECOVERING,0,,0,0,0,0,0,0,0,1,0,0,0,0,0,0,0,0,0,0,0,0,0,0,0,0,0,0,24,1,23,0,0,rc 0 0 0 0,,TIMEOUT,2391,174521,4503
E-STATE-CLI-001,telemetry-cli-diagnostic,Telemetry continuity without GUI,STATE_WATCH,179799,500,0,0,0,0,0,0,,,ERROR,,,,1865,1865,0,8,0,10.7013,10.9826,41,93,4355,4355,1311,3,1,1,OK,100,0,0,0,0,0,0,0,0,0,0,0,0,-1,0,-1,0,0,0,0,0,0,NO_DATA,0,0,0,0,0,0,0,0,0,0,0,0,0,0,0,0,0,0,0,0,0,0,0,OK,0,,0,NONE,,,RECOVERING,0,,0,0,0,0,0,0,0,1,0,0,0,0,0,0,0,0,0,0,0,0,0,0,0,0,0,0,24,1,23,0,0,rc 0 0 0 0,,TIMEOUT,2391,174771,4753
