test_id,scenario,notes,run_mode,elapsed_ms,attempt,command_samples,command_successes,command_failures,command_latency_ms_avg,command_latency_ms_min,command_latency_ms_max,last_command,last_response,last_command_result,command_source,command_executor_last_error,command_executor_attempt_log,telemetry_packets_total,telemetry_packets_valid,telemetry_packets_invalid,telemetry_timeouts,telemetry_errors,telemetry_hz_instant,telemetry_hz_ema,telemetry_age_ms,telemetry_interarrival_ms,telemetry_max_interarrival_ms,telemetry_last_gap_ms,telemetry_last_gap_sequence,telemetry_gap_events_300ms,telemetry_gap_events_500ms,telemetry_gap_events_1000ms,telemetry_quality,telemetry_quality_score,telemetry_state_available,telemetry_h,telemetry_tof,telemetry_baro,telemetry_vgz,telemetry_bat,telemetry_templ,telemetry_temph,video_packets_total,video_bytes_total,video_timeouts,video_errors,video_pps_instant,video_pps_ema,video_age_ms,video_packet_delta,video_interarrival_ms,video_max_interarrival_ms,video_last_gap_ms,video_last_gap_sequence,video_gap_events_300ms,video_gap_events_500ms,video_gap_events_1000ms,video_quality,video_quality_score,nal_packets_in,nal_bytes_in,nal_units,nal_sps,nal_pps,nal_idr,nal_non_idr,nal_other,nal_decode_gated,nal_resyncs,nal_buffered_bytes,decoder_nals_in,decoder_packets_sent,decoder_frames_decoded,decoder_errors,decoder_fps_ema,frame_width,frame_height,keyframes,paused,overlay_enabled,recovery_attempted,recovery_result,recovery_hard,recovery_stage,recovery_command_channel_available,event,log_timestamp,log_message,connection_state,last_outage_failures,plot_metric,state_sequence_delta,state_receiver_running,rc_stream_active,rc_left_right,rc_forward_back,rc_up_down,rc_yaw,keepalive_running,auto_refresh_active,critical_command_active,pause_keepalive_ms,neutral_rc_ms,critical_command_ms,gui_vision_tick_delay_ms,gui_state_tick_delay_ms,vision_refresh_duration_ms,state_refresh_duration_ms,frame_convert_ms,frame_scale_ms,plot_paint_ms,vision_frame_mutex_wait_ms,state_history_fetch_ms,command_mutex_wait_ms,ui_frames_converted,ui_frames_dropped,ui_frames_displayed,plot_samples_displayed,keepalive_tick_total,keepalive_success_total,keepalive_failure_total,keepalive_skipped_busy_total,keepalive_skipped_uninitialized_total,keepalive_last_command,keepalive_last_response,keepalive_last_result,keepalive_last_latency_ms,keepalive_last_success_age_ms,keepalive_last_tick_age_ms
E3-STATE-CLI-001,telemetry-cli-baseline,Telemetry continuity without GUI,STATE_WATCH,30,1,0,0,0,0,0,0,,,ERROR,,,,0,0,0,0,0,0,0,-1,-1,0,0,0,0,0,0,NO_DATA,0,0,0,0,0,0,0,0,0,0,0,0,0,0,0,-1,0,-1,0,0,0,0,0,0,NO_DATA,0,0,0,0,0,0,0,0,0,0,0,0,0,0,0,0,0,0,0,0,0,0,0,OK,0,,0,NONE,,,CONNECTED,0,,0,0,0,0,0,0,0,1,0,0,0,0,0,0,0,0,0,0,0,0,0,0,0,0,0,0,0,0,0,0,0,0,battery?,,ERROR,0,-1,-1
E3-STATE-CLI-001,telemetry-cli-baseline,Telemetry continuity without GUI,STATE_WATCH,280,2,0,0,0,0,0,0,,,ERROR,,,,3,3,0,0,0,10.3863,10.3996,11,96,96,0,0,0,0,0,OK,100,0,0,0,0,0,0,0,0,0,0,0,0,0,0,-1,0,-1,0,0,0,0,0,0,NO_DATA,0,0,0,0,0,0,0,0,0,0,0,0,0,0,0,0,0,0,0,0,0,0,0,OK,0,,0,NONE,,,CONNECTED,0,,0,0,0,0,0,0,0,1,0,0,0,0,0,0,0,0,0,0,0,0,0,0,0,0,0,0,0,0,0,0,0,0,battery?,,ERROR,0,-1,-1
E3-STATE-CLI-001,telemetry-cli-baseline,Telemetry continuity without GUI,STATE_WATCH,530,3,0,0,0,0,0,0,,,ERROR,,,,5,5,0,0,0,10.4363,10.3984,68,95,96,0,0,0,0,0,OK,100,0,0,0,0,0,0,0,0,0,0,0,0,0,0,-1,0,-1,0,0,0,0,0,0,NO_DATA,0,0,0,0,0,0,0,0,0,0,0,0,0,0,0,0,0,0,0,0,0,0,0,OK,0,,0,NONE,,,CONNECTED,0,,0,0,0,0,0,0,0,1,0,0,0,0,0,0,0,0,0,0,0,0,0,0,0,0,0,0,0,0,0,0,0,0,battery?,,ERROR,0,-1,-1
E3-STATE-CLI-001,telemetry-cli-baseline,Telemetry continuity without GUI,STATE_WATCH,781,4,0,0,0,0,0,0,,,ERROR,,,,8,8,0,0,0,10.5023,10.3979,30,95,97,0,0,0,0,0,OK,100,0,0,0,0,0,0,0,0,0,0,0,0,0,0,-1,0,-1,0,0,0,0,0,0,NO_DATA,0,0,0,0,0,0,0,0,0,0,0,0,0,0,0,0,0,0,0,0,0,0,0,OK,0,,0,NONE,,,CONNECTED,0,,0,0,0,0,0,0,0,1,0,0,0,0,0,0,0,0,0,0,0,0,0,0,0,0,0,0,0,0,0,0,0,0,battery?,,ERROR,0,-1,-1
E3-STATE-CLI-001,telemetry-cli-baseline,Telemetry continuity without GUI,STATE_WATCH,1031,5,0,0,0,0,0,0,,,ERROR,,,,10,10,0,0,0,10.3899,10.3959,87,96,97,0,0,0,0,0,OK,100,0,0,0,0,0,0,0,0,0,0,0,0,0,0,-1,0,-1,0,0,0,0,0,0,NO_DATA,0,0,0,0,0,0,0,0,0,0,0,0,0,0,0,0,0,0,0,0,0,0,0,OK,0,,0,NONE,,,CONNECTED,0,,0,0,0,0,0,0,0,1,0,0,0,0,0,0,0,0,0,0,0,0,0,0,0,0,0,0,0,0,0,0,0,0,battery?,,ERROR,0,-1,-1
E3-STATE-CLI-001,telemetry-cli-baseline,Telemetry continuity without GUI,STATE_WATCH,1281,6,0,0,0,0,0,0,,,ERROR,,,,14,14,0,0,0,10.3875,11.7238,1,96,97,0,0,0,0,0,OK,100,0,0,0,0,0,0,0,0,0,0,0,0,0,0,-1,0,-1,0,0,0,0,0,0,NO_DATA,0,0,0,0,0,0,0,0,0,0,0,0,0,0,0,0,0,0,0,0,0,0,0,OK,0,,0,NONE,,,CONNECTED,0,,0,0,0,0,0,0,0,1,0,0,0,0,0,0,0,0,0,0,0,0,0,0,0,0,0,0,0,0,0,0,0,0,battery?,,ERROR,0,-1,-1
E3-STATE-CLI-001,telemetry-cli-baseline,Telemetry continuity without GUI,STATE_WATCH,1531,7,0,0,0,0,0,0,,,ERROR,,,,16,16,0,0,0,10.3419,11.2333,58,96,97,0,0,0,0,0,OK,100,0,0,0,0,0,0,0,0,0,0,0,0,0,0,-1,0,-1,0,0,0,0,0,0,NO_DATA,0,0,0,0,0,0,0,0,0,0,0,0,0,0,0,0,0,0,0,0,0,0,0,OK,0,,0,NONE,,,CONNECTED,0,,0,0,0,0,0,0,0,1,0,0,0,0,0,0,0,0,0,0,0,0,0,0,0,0,0,0,0,0,0,0,0,0,battery?,,ERROR,0,-1,-1
E3-STATE-CLI-001,telemetry-cli-baseline,Telemetry continuity without GUI,STATE_WATCH,1781,8,0,0,0,0,0,0,,,ERROR,,,,19,19,0,0,0,10.3841,10.8319,20,96,97,0,0,0,0,0,OK,100,0,0,0,0,0,0,0,0,0,0,0,0,0,0,-1,0,-1,0,0,0,0,0,0,NO_DATA,0,0,0,0,0,0,0,0,0,0,0,0,0,0,0,0,0,0,0,0,0,0,0,OK,0,,0,NONE,,,CONNECTED,0,,0,0,0,0,0,0,0,1,0,0,0,0,0,0,0,0,0,0,0,0,0,0,0,0,0,0,0,0,0,0,0,0,battery?,,ERROR,0,-1,-1
E3-STATE-CLI-001,telemetry-cli-baseline,Telemetry continuity without GUI,STATE_WATCH,2031,9,0,0,0,0,0,0,,,ERROR,,,,21,21,0,0,0,10.2235,10.6398,76,97,97,0,0,0,0,0,OK,100,0,0,0,0,0,0,0,0,0,0,0,0,0,0,-1,0,-1,0,0,0,0,0,0,NO_DATA,0,0,0,0,0,0,0,0,0,0,0,0,0,0,0,0,0,0,0,0,0,0,0,OK,0,,0,NONE,,,CONNECTED,0,,0,0,0,0,0,0,0,1,0,0,0,0,0,0,0,0,0,0,0,0,0,0,0,0,0,0,0,0,0,0,0,0,battery?,,ERROR,0,-1,-1
E3-STATE-CLI-001,telemetry-cli-baseline,Telemetry continuity without GUI,STATE_WATCH,2282,10,0,0,0,0,0,0,,,ERROR,,,,24,24,0,0,0,9.98442,10.3271,26,100,100,0,0,0,0,0,OK,100,0,0,0,0,0,0,0,0,0,0,0,0,0,0,-1,0,-1,0,0,0,0,0,0,NO_DATA,0,0,0,0,0,0,0,0,0,0,0,0,0,0,0,0,0,0,0,0,0,0,0,OK,0,,0,NONE,,,CONNECTED,0,,0,0,0,0,0,0,0,1,0,0,0,0,0,0,0,0,0,0,0,0,0,0,0,0,0,0,0,0,0,0,0,0,battery?,,ERROR,0,-1,-1
E3-STATE-CLI-001,telemetry-cli-baseline,Telemetry continuity without GUI,STATE_WATCH,2532,11,0,0,0,0,0,0,,,ERROR,,,,26,26,0,0,0,9.95989,10.2025,76,100,100,0,0,0,0,0,OK,100,0,0,0,0,0,0,0,0,0,0,0,0,0,0,-1,0,-1,0,0,0,0,0,0,NO_DATA,0,0,0,0,0,0,0,0,0,0,0,0,0,0,0,0,0,0,0,0,0,0,0,OK,0,,0,NONE,,,CONNECTED,0,,0,0,0,0,0,0,0,1,0,0,0,0,0,0,0,0,0,0,0,0,0,0,0,0,0,0,0,0,0,0,0,0,battery?,,ERROR,0,-1,-1
E3-STATE-CLI-001,telemetry-cli-baseline,Telemetry continuity without GUI,STATE_WATCH,2782,12,0,0,0,0,0,0,,,ERROR,,,,29,29,0,0,0,10.5713,10.1029,24,94,107,0,0,0,0,0,OK,100,0,0,0,0,0,0,0,0,0,0,0,0,0,0,-1,0,-1,0,0,0,0,0,0,NO_DATA,0,0,0,0,0,0,0,0,0,0,0,0,0,0,0,0,0,0,0,0,0,0,0,OK,0,,0,NONE,,,CONNECTED,0,,0,0,0,0,0,0,0,1,0,0,0,0,0,0,0,0,0,0,0,0,0,0,0,0,0,0,0,0,0,0,0,0,battery?,,ERROR,0,-1,-1
E3-STATE-CLI-001,telemetry-cli-baseline,Telemetry continuity without GUI,STATE_WATCH,3032,13,0,0,0,0,0,0,,,ERROR,,,,31,31,0,0,0,10.1009,10.1223,77,99,107,0,0,0,0,0,OK,100,0,0,0,0,0,0,0,0,0,0,0,0,0,0,-1,0,-1,0,0,0,0,0,0,NO_DATA,0,0,0,0,0,0,0,0,0,0,0,0,0,0,0,0,0,0,0,0,0,0,0,OK,0,,0,NONE,,,CONNECTED,0,,0,0,0,0,0,0,0,1,0,0,0,0,0,0,0,0,0,0,0,0,0,0,0,0,0,0,0,0,0,0,0,0,battery?,,ERROR,0,-1,-1
E3-STATE-CLI-001,telemetry-cli-baseline,Telemetry continuity without GUI,STATE_WATCH,3282,14,0,0,0,0,0,0,,,ERROR,,,,34,34,0,0,0,10.3766,10.0928,27,96,107,0,0,0,0,0,OK,100,0,0,0,0,0,0,0,0,0,0,0,0,0,0,-1,0,-1,0,0,0,0,0,0,NO_DATA,0,0,0,0,0,0,0,0,0,0,0,0,0,0,0,0,0,0,0,0,0,0,0,OK,0,,0,NONE,,,CONNECTED,0,,0,0,0,0,0,0,0,1,0,0,0,0,0,0,0,0,0,0,0,0,0,0,0,0,0,0,0,0,0,0,0,0,battery?,,ERROR,0,-1,-1
E3-STATE-CLI-001,telemetry-cli-baseline,Telemetry continuity without GUI,STATE_WATCH,3533,15,0,0,0,0,0,0,,,ERROR,,,,36,36,0,0,0,9.99178,10.0583,78,100,107,0,0,0,0,0,OK,100,0,0,0,0,0,0,0,0,0,0,0,0,0,0,-1,0,-1,0,0,0,0,0,0,NO_DATA,0,0,0,0,0,0,0,0,0,0,0,0,0,0,0,0,0,0,0,0,0,0,0,OK,0,,0,NONE,,,CONNECTED,0,,0,0,0,0,0,0,0,1,0,0,0,0,0,0,0,0,0,0,0,0,0,0,0,0,0,0,0,0,0,0,0,0,battery?,,ERROR,0,-1,-1
E3-STATE-CLI-001,telemetry-cli-baseline,Telemetry continuity without GUI,STATE_WATCH,3783,16,0,0,0,0,0,0,,,ERROR,,,,39,39,0,0,0,9.99666,10.0335,28,100,107,0,0,0,0,0,OK,100,0,0,0,0,0,0,0,0,0,0,0,0,0,0,-1,0,-1,0,0,0,0,0,0,NO_DATA,0,0,0,0,0,0,0,0,0,0,0,0,0,0,0,0,0,0,0,0,0,0,0,OK,0,,0,NONE,,,CONNECTED,0,,0,0,0,0,0,0,0,1,0,0,0,0,0,0,0,0,0,0,0,0,0,0,0,0,0,0,0,0,0,0,0,0,battery?,,ERROR,0,-1,-1
E3-STATE-CLI-001,telemetry-cli-baseline,Telemetry continuity without GUI,STATE_WATCH,4033,17,0,0,0,0,0,0,,,ERROR,,,,41,41,0,0,0,10.0029,10.0234,78,99,107,0,0,0,0,0,OK,100,0,0,0,0,0,0,0,0,0,0,0,0,0,0,-1,0,-1,0,0,0,0,0,0,NO_DATA,0,0,0,0,0,0,0,0,0,0,0,0,0,0,0,0,0,0,0,0,0,0,0,OK,0,,0,NONE,,,CONNECTED,0,,0,0,0,0,0,0,0,1,0,0,0,0,0,0,0,0,0,0,0,0,0,0,0,0,0,0,0,0,0,0,0,0,battery?,,ERROR,0,-1,-1
E3-STATE-CLI-001,telemetry-cli-baseline,Telemetry continuity without GUI,STATE_WATCH,4283,18,0,0,0,0,0,0,,,ERROR,,,,44,44,0,0,0,9.99894,10.0141,29,100,107,0,0,0,0,0,OK,100,0,0,0,0,0,0,0,0,0,0,0,0,0,0,-1,0,-1,0,0,0,0,0,0,NO_DATA,0,0,0,0,0,0,0,0,0,0,0,0,0,0,0,0,0,0,0,0,0,0,0,OK,0,,0,NONE,,,CONNECTED,0,,0,0,0,0,0,0,0,1,0,0,0,0,0,0,0,0,0,0,0,0,0,0,0,0,0,0,0,0,0,0,0,0,battery?,,ERROR,0,-1,-1
E3-STATE-CLI-001,telemetry-cli-baseline,Telemetry continuity without GUI,STATE_WATCH,4533,19,0,0,0,0,0,0,,,ERROR,,,,46,46,0,0,0,10.0018,10.0102,79,99,107,0,0,0,0,0,OK,100,0,0,0,0,0,0,0,0,0,0,0,0,0,0,-1,0,-1,0,0,0,0,0,0,NO_DATA,0,0,0,0,0,0,0,0,0,0,0,0,0,0,0,0,0,0,0,0,0,0,0,OK,0,,0,NONE,,,CONNECTED,0,,0,0,0,0,0,0,0,1,0,0,0,0,0,0,0,0,0,0,0,0,0,0,0,0,0,0,0,0,0,0,0,0,battery?,,ERROR,0,-1,-1
E3-STATE-CLI-001,telemetry-cli-baseline,Telemetry continuity without GUI,STATE_WATCH,4783,20,0,0,0,0,0,0,,,ERROR,,,,49,49,0,0,0,10.0058,11.609,79,99,107,0,0,0,0,0,OK,100,0,0,0,0,0,0,0,0,0,0,0,0,0,0,-1,0,-1,0,0,0,0,0,0,NO_DATA,0,0,0,0,0,0,0,0,0,0,0,0,0,0,0,0,0,0,0,0,0,0,0,OK,0,,0,NONE,,,CONNECTED,0,,0,0,0,0,0,0,0,1,0,0,0,0,0,0,0,0,0,0,0,0,0,0,0,0,0,0,0,0,0,0,0,0,battery?,,ERROR,0,-1,-1
E3-STATE-CLI-001,telemetry-cli-baseline,Telemetry continuity without GUI,STATE_WATCH,5034,21,0,0,0,0,0,0,,,ERROR,,,,52,52,0,0,0,9.99292,10.8249,29,100,107,0,0,0,0,0,OK,100,0,0,0,0,0,0,0,0,0,0,0,0,0,0,-1,0,-1,0,0,0,0,0,0,NO_DATA,0,0,0,0,0,0,0,0,0,0,0,0,0,0,0,0,0,0,0,0,0,0,0,OK,0,,0,NONE,,,CONNECTED,0,,0,0,0,0,0,0,0,1,0,0,0,0,0,0,0,0,0,0,0,0,0,0,0,0,0,0,0,0,0,0,0,0,battery?,,ERROR,0,-1,-1
E3-STATE-CLI-001,telemetry-cli-baseline,Telemetry continuity without GUI,STATE_WATCH,5284,22,0,0,0,0,0,0,,,ERROR,,,,54,54,0,0,0,10.0004,10.5313,80,99,107,0,0,0,0,0,OK,100,0,0,0,0,0,0,0,0,0,0,0,0,0,0,-1,0,-1,0,0,0,0,0,0,NO_DATA,0,0,0,0,0,0,0,0,0,0,0,0,0,0,0,0,0,0,0,0,0,0,0,OK,0,,0,NONE,,,CONNECTED,0,,0,0,0,0,0,0,0,1,0,0,0,0,0,0,0,0,0,0,0,0,0,0,0,0,0,0,0,1,1,0,0,0,battery?,47,OK,24,230,230
E3-STATE-CLI-001,telemetry-cli-baseline,Telemetry continuity without GUI,STATE_WATCH,5534,23,0,0,0,0,0,0,,,ERROR,,,,57,57,0,0,0,9.986,10.2715,30,100,107,0,0,0,0,0,OK,100,0,0,0,0,0,0,0,0,0,0,0,0,0,0,-1,0,-1,0,0,0,0,0,0,NO_DATA,0,0,0,0,0,0,0,0,0,0,0,0,0,0,0,0,0,0,0,0,0,0,0,OK,0,,0,NONE,,,CONNECTED,0,,0,0,0,0,0,0,0,1,0,0,0,0,0,0,0,0,0,0,0,0,0,0,0,0,0,0,0,1,1,0,0,0,battery?,47,OK,24,480,480
E3-STATE-CLI-001,telemetry-cli-baseline,Telemetry continuity without GUI,STATE_WATCH,5784,24,0,0,0,0,0,0,,,ERROR,,,,59,59,0,0,0,10.0146,10.1793,81,99,107,0,0,0,0,0,OK,100,0,0,0,0,0,0,0,0,0,0,0,0,0,0,-1,0,-1,0,0,0,0,0,0,NO_DATA,0,0,0,0,0,0,0,0,0,0,0,0,0,0,0,0,0,0,0,0,0,0,0,OK,0,,0,NONE,,,CONNECTED,0,,0,0,0,0,0,0,0,1,0,0,0,0,0,0,0,0,0,0,0,0,0,0,0,0,0,0,0,1,1,0,0,0,battery?,47,OK,24,730,730
E3-STATE-CLI-001,telemetry-cli-baseline,Telemetry continuity without GUI,STATE_WATCH,6034,25,0,0,0,0,0,0,,,ERROR,,,,62,62,0,0,0,10.1631,10.1015,31,98,107,0,0,0,0,0,OK,100,0,0,0,0,0,0,0,0,0,0,0,0,0,0,-1,0,-1,0,0,0,0,0,0,NO_DATA,0,0,0,0,0,0,0,0,0,0,0,0,0,0,0,0,0,0,0,0,0,0,0,OK,0,,0,NONE,,,CONNECTED,0,,0,0,0,0,0,0,0,1,0,0,0,0,0,0,0,0,0,0,0,0,0,0,0,0,0,0,0,1,1,0,0,0,battery?,47,OK,24,980,980
E3-STATE-CLI-001,telemetry-cli-baseline,Telemetry continuity without GUI,STATE_WATCH,6285,26,0,0,0,0,0,0,,,ERROR,,,,64,64,0,0,0,10.005,10.0681,81,99,107,0,0,0,0,0,OK,100,0,0,0,0,0,0,0,0,0,0,0,0,0,0,-1,0,-1,0,0,0,0,0,0,NO_DATA,0,0,0,0,0,0,0,0,0,0,0,0,0,0,0,0,0,0,0,0,0,0,0,OK,0,,0,NONE,,,CONNECTED,0,,0,0,0,0,0,0,0,1,0,0,0,0,0,0,0,0,0,0,0,0,0,0,0,0,0,0,0,1,1,0,0,0,battery?,47,OK,24,1230,1230
E3-STATE-CLI-001,telemetry-cli-baseline,Telemetry continuity without GUI,STATE_WATCH,6535,27,0,0,0,0,0,0,,,ERROR,,,,67,67,0,0,0,9.92373,10.0207,31,100,107,0,0,0,0,0,OK,100,0,0,0,0,0,0,0,0,0,0,0,0,0,0,-1,0,-1,0,0,0,0,0,0,NO_DATA,0,0,0,0,0,0,0,0,0,0,0,0,0,0,0,0,0,0,0,0,0,0,0,OK,0,,0,NONE,,,CONNECTED,0,,0,0,0,0,0,0,0,1,0,0,0,0,0,0,0,0,0,0,0,0,0,0,0,0,0,0,0,1,1,0,0,0,battery?,47,OK,24,1481,1481
E3-STATE-CLI-001,telemetry-cli-baseline,Telemetry continuity without GUI,STATE_WATCH,6785,28,0,0,0,0,0,0,,,ERROR,,,,69,69,0,0,0,9.99915,10.013,81,100,107,0,0,0,0,0,OK,100,0,0,0,0,0,0,0,0,0,0,0,0,0,0,-1,0,-1,0,0,0,0,0,0,NO_DATA,0,0,0,0,0,0,0,0,0,0,0,0,0,0,0,0,0,0,0,0,0,0,0,OK,0,,0,NONE,,,CONNECTED,0,,0,0,0,0,0,0,0,1,0,0,0,0,0,0,0,0,0,0,0,0,0,0,0,0,0,0,0,1,1,0,0,0,battery?,47,OK,24,1731,1731
E3-STATE-CLI-001,telemetry-cli-baseline,Telemetry continuity without GUI,STATE_WATCH,7035,29,0,0,0,0,0,0,,,ERROR,,,,72,72,0,0,0,10.0138,10.0103,31,99,107,0,0,0,0,0,OK,100,0,0,0,0,0,0,0,0,0,0,0,0,0,0,-1,0,-1,0,0,0,0,0,0,NO_DATA,0,0,0,0,0,0,0,0,0,0,0,0,0,0,0,0,0,0,0,0,0,0,0,OK,0,,0,NONE,,,CONNECTED,0,,0,0,0,0,0,0,0,1,0,0,0,0,0,0,0,0,0,0,0,0,0,0,0,0,0,0,0,1,1,0,0,0,battery?,47,OK,24,1981,1981
E3-STATE-CLI-001,telemetry-cli-baseline,Telemetry continuity without GUI,STATE_WATCH,7285,30,0,0,0,0,0,0,,,ERROR,,,,74,74,0,0,0,9.99383,10.0067,82,100,107,0,0,0,0,0,OK,100,0,0,0,0,0,0,0,0,0,0,0,0,0,0,-1,0,-1,0,0,0,0,0,0,NO_DATA,0,0,0,0,0,0,0,0,0,0,0,0,0,0,0,0,0,0,0,0,0,0,0,OK,0,,0,NONE,,,CONNECTED,0,,0,0,0,0,0,0,0,1,0,0,0,0,0,0,0,0,0,0,0,0,0,0,0,0,0,0,0,1,1,0,0,0,battery?,47,OK,24,2231,2231
E3-STATE-CLI-001,telemetry-cli-baseline,Telemetry continuity without GUI,STATE_WATCH,7535,31,0,0,0,0,0,0,,,ERROR,,,,77,77,0,0,0,10.0166,10.0078,32,99,107,0,0,0,0,0,OK,100,0,0,0,0,0,0,0,0,0,0,0,0,0,0,-1,0,-1,0,0,0,0,0,0,NO_DATA,0,0,0,0,0,0,0,0,0,0,0,0,0,0,0,0,0,0,0,0,0,0,0,OK,0,,0,NONE,,,CONNECTED,0,,0,0,0,0,0,0,0,1,0,0,0,0,0,0,0,0,0,0,0,0,0,0,0,0,0,0,0,1,1,0,0,0,battery?,47,OK,24,2481,2481
E3-STATE-CLI-001,telemetry-cli-baseline,Telemetry continuity without GUI,STATE_WATCH,7786,32,0,0,0,0,0,0,,,ERROR,,,,80,80,0,0,0,10.0102,11.6044,32,99,107,0,0,0,0,0,OK,100,0,0,0,0,0,0,0,0,0,0,0,0,0,0,-1,0,-1,0,0,0,0,0,0,NO_DATA,0,0,0,0,0,0,0,0,0,0,0,0,0,0,0,0,0,0,0,0,0,0,0,OK,0,,0,NONE,,,CONNECTED,0,,0,0,0,0,0,0,0,1,0,0,0,0,0,0,0,0,0,0,0,0,0,0,0,0,0,0,0,1,1,0,0,0,battery?,47,OK,24,2731,2731
E3-STATE-CLI-001,telemetry-cli-baseline,Telemetry continuity without GUI,STATE_WATCH,8036,33,0,0,0,0,0,0,,,ERROR,,,,82,82,0,0,0,9.96352,11.0188,82,100,107,0,0,0,0,0,OK,100,0,0,0,0,0,0,0,0,0,0,0,0,0,0,-1,0,-1,0,0,0,0,0,0,NO_DATA,0,0,0,0,0,0,0,0,0,0,0,0,0,0,0,0,0,0,0,0,0,0,0,OK,0,,0,NONE,,,CONNECTED,0,,0,0,0,0,0,0,0,1,0,0,0,0,0,0,0,0,0,0,0,0,0,0,0,0,0,0,0,1,1,0,0,0,battery?,47,OK,24,2982,2982
E3-STATE-CLI-001,telemetry-cli-baseline,Telemetry continuity without GUI,STATE_WATCH,8286,34,0,0,0,0,0,0,,,ERROR,,,,85,85,0,0,0,10.0526,10.5317,33,99,107,0,0,0,0,0,OK,100,0,0,0,0,0,0,0,0,0,0,0,0,0,0,-1,0,-1,0,0,0,0,0,0,NO_DATA,0,0,0,0,0,0,0,0,0,0,0,0,0,0,0,0,0,0,0,0,0,0,0,OK,0,,0,NONE,,,CONNECTED,0,,0,0,0,0,0,0,0,1,0,0,0,0,0,0,0,0,0,0,0,0,0,0,0,0,0,0,0,1,1,0,0,0,battery?,47,OK,24,3232,3232
E3-STATE-CLI-001,telemetry-cli-baseline,Telemetry continuity without GUI,STATE_WATCH,8536,35,0,0,0,0,0,0,,,ERROR,,,,87,87,0,0,0,10.0047,10.3395,83,99,107,0,0,0,0,0,OK,100,0,0,0,0,0,0,0,0,0,0,0,0,0,0,-1,0,-1,0,0,0,0,0,0,NO_DATA,0,0,0,0,0,0,0,0,0,0,0,0,0,0,0,0,0,0,0,0,0,0,0,OK,0,,0,NONE,,,CONNECTED,0,,0,0,0,0,0,0,0,1,0,0,0,0,0,0,0,0,0,0,0,0,0,0,0,0,0,0,0,1,1,0,0,0,battery?,47,OK,24,3482,3482
E3-STATE-CLI-001,telemetry-cli-baseline,Telemetry continuity without GUI,STATE_WATCH,8786,36,0,0,0,0,0,0,,,ERROR,,,,90,90,0,0,0,10.0024,10.1798,34,99,107,0,0,0,0,0,OK,100,0,0,0,0,0,0,0,0,0,0,0,0,0,0,-1,0,-1,0,0,0,0,0,0,NO_DATA,0,0,0,0,0,0,0,0,0,0,0,0,0,0,0,0,0,0,0,0,0,0,0,OK,0,,0,NONE,,,CONNECTED,0,,0,0,0,0,0,0,0,1,0,0,0,0,0,0,0,0,0,0,0,0,0,0,0,0,0,0,0,1,1,0,0,0,battery?,47,OK,24,3732,3732
E3-STATE-CLI-001,telemetry-cli-baseline,Telemetry continuity without GUI,STATE_WATCH,9037,37,0,0,0,0,0,0,,,ERROR,,,,92,92,0,0,0,10,10.1175,84,99,107,0,0,0,0,0,OK,100,0,0,0,0,0,0,0,0,0,0,0,0,0,0,-1,0,-1,0,0,0,0,0,0,NO_DATA,0,0,0,0,0,0,0,0,0,0,0,0,0,0,0,0,0,0,0,0,0,0,0,OK,0,,0,NONE,,,CONNECTED,0,,0,0,0,0,0,0,0,1,0,0,0,0,0,0,0,0,0,0,0,0,0,0,0,0,0,0,0,1,1,0,0,0,battery?,47,OK,24,3982,3982
E3-STATE-CLI-001,telemetry-cli-baseline,Telemetry continuity without GUI,STATE_WATCH,9287,38,0,0,0,0,0,0,,,ERROR,,,,95,95,0,0,0,10.0038,10.0631,34,99,107,0,0,0,0,0,OK,100,0,0,0,0,0,0,0,0,0,0,0,0,0,0,-1,0,-1,0,0,0,0,0,0,NO_DATA,0,0,0,0,0,0,0,0,0,0,0,0,0,0,0,0,0,0,0,0,0,0,0,OK,0,,0,NONE,,,CONNECTED,0,,0,0,0,0,0,0,0,1,0,0,0,0,0,0,0,0,0,0,0,0,0,0,0,0,0,0,0,1,1,0,0,0,battery?,47,OK,24,4233,4233
E3-STATE-CLI-001,telemetry-cli-baseline,Telemetry continuity without GUI,STATE_WATCH,9537,39,0,0,0,0,0,0,,,ERROR,,,,97,97,0,0,0,9.96757,10.0363,84,100,107,0,0,0,0,0,OK,100,0,0,0,0,0,0,0,0,0,0,0,0,0,0,-1,0,-1,0,0,0,0,0,0,NO_DATA,0,0,0,0,0,0,0,0,0,0,0,0,0,0,0,0,0,0,0,0,0,0,0,OK,0,,0,NONE,,,CONNECTED,0,,0,0,0,0,0,0,0,1,0,0,0,0,0,0,0,0,0,0,0,0,0,0,0,0,0,0,0,1,1,0,0,0,battery?,47,OK,24,4483,4483
E3-STATE-CLI-001,telemetry-cli-baseline,Telemetry continuity without GUI,STATE_WATCH,9787,40,0,0,0,0,0,0,,,ERROR,,,,100,100,0,0,0,10.0049,10.0256,35,99,107,0,0,0,0,0,OK,100,0,0,0,0,0,0,0,0,0,0,0,0,0,0,-1,0,-1,0,0,0,0,0,0,NO_DATA,0,0,0,0,0,0,0,0,0,0,0,0,0,0,0,0,0,0,0,0,0,0,0,OK,0,,0,NONE,,,CONNECTED,0,,0,0,0,0,0,0,0,1,0,0,0,0,0,0,0,0,0,0,0,0,0,0,0,0,0,0,0,1,1,0,0,0,battery?,47,OK,24,4733,4733
E3-STATE-CLI-001,telemetry-cli-baseline,Telemetry continuity without GUI,STATE_WATCH,10037,41,0,0,0,0,0,0,,,ERROR,,,,102,102,0,0,0,9.99602,10.0175,85,100,107,0,0,0,0,0,OK,100,0,0,0,0,0,0,0,0,0,0,0,0,0,0,-1,0,-1,0,0,0,0,0,0,NO_DATA,0,0,0,0,0,0,0,0,0,0,0,0,0,0,0,0,0,0,0,0,0,0,0,OK,0,,0,NONE,,,CONNECTED,0,,0,0,0,0,0,0,0,1,0,0,0,0,0,0,0,0,0,0,0,0,0,0,0,0,0,0,0,1,1,0,0,0,battery?,47,OK,24,4983,4983
E3-STATE-CLI-001,telemetry-cli-baseline,Telemetry continuity without GUI,STATE_WATCH,10287,42,0,0,0,0,0,0,,,ERROR,,,,105,105,0,0,0,10.0043,10.0133,36,99,107,0,0,0,0,0,OK,100,0,0,0,0,0,0,0,0,0,0,0,0,0,0,-1,0,-1,0,0,0,0,0,0,NO_DATA,0,0,0,0,0,0,0,0,0,0,0,0,0,0,0,0,0,0,0,0,0,0,0,OK,0,,0,NONE,,,CONNECTED,0,,0,0,0,0,0,0,0,1,0,0,0,0,0,0,0,0,0,0,0,0,0,0,0,0,0,0,0,2,2,0,0,0,battery?,47,OK,47,186,186
E3-STATE-CLI-001,telemetry-cli-baseline,Telemetry continuity without GUI,STATE_WATCH,10538,43,0,0,0,0,0,0,,,ERROR,,,,107,107,0,0,0,9.99641,10.0093,86,100,107,0,0,0,0,0,OK,100,0,0,0,0,0,0,0,0,0,0,0,0,0,0,-1,0,-1,0,0,0,0,0,0,NO_DATA,0,0,0,0,0,0,0,0,0,0,0,0,0,0,0,0,0,0,0,0,0,0,0,OK,0,,0,NONE,,,CONNECTED,0,,0,0,0,0,0,0,0,1,0,0,0,0,0,0,0,0,0,0,0,0,0,0,0,0,0,0,0,2,2,0,0,0,battery?,47,OK,47,436,436
E3-STATE-CLI-001,telemetry-cli-baseline,Telemetry continuity without GUI,STATE_WATCH,10788,44,0,0,0,0,0,0,,,ERROR,,,,110,110,0,0,0,10.0214,10.0096,36,99,107,0,0,0,0,0,OK,100,0,0,0,0,0,0,0,0,0,0,0,0,0,0,-1,0,-1,0,0,0,0,0,0,NO_DATA,0,0,0,0,0,0,0,0,0,0,0,0,0,0,0,0,0,0,0,0,0,0,0,OK,0,,0,NONE,,,CONNECTED,0,,0,0,0,0,0,0,0,1,0,0,0,0,0,0,0,0,0,0,0,0,0,0,0,0,0,0,0,2,2,0,0,0,battery?,47,OK,47,686,686
E3-STATE-CLI-001,telemetry-cli-baseline,Telemetry continuity without GUI,STATE_WATCH,11038,45,0,0,0,0,0,0,,,ERROR,,,,113,113,0,0,0,20.0529,12.0178,37,49,107,0,0,0,0,0,OK,100,0,0,0,0,0,0,0,0,0,0,0,0,0,0,-1,0,-1,0,0,0,0,0,0,NO_DATA,0,0,0,0,0,0,0,0,0,0,0,0,0,0,0,0,0,0,0,0,0,0,0,OK,0,,0,NONE,,,CONNECTED,0,,0,0,0,0,0,0,0,1,0,0,0,0,0,0,0,0,0,0,0,0,0,0,0,0,0,0,0,2,2,0,0,0,battery?,47,OK,47,936,936
E3-STATE-CLI-001,telemetry-cli-baseline,Telemetry continuity without GUI,STATE_WATCH,11288,46,0,0,0,0,0,0,,,ERROR,,,,115,115,0,0,0,9.99772,11.2908,87,100,107,0,0,0,0,0,OK,100,0,0,0,0,0,0,0,0,0,0,0,0,0,0,-1,0,-1,0,0,0,0,0,0,NO_DATA,0,0,0,0,0,0,0,0,0,0,0,0,0,0,0,0,0,0,0,0,0,0,0,OK,0,,0,NONE,,,CONNECTED,0,,0,0,0,0,0,0,0,1,0,0,0,0,0,0,0,0,0,0,0,0,0,0,0,0,0,0,0,2,2,0,0,0,battery?,47,OK,47,1187,1187
E3-STATE-CLI-001,telemetry-cli-baseline,Telemetry continuity without GUI,STATE_WATCH,11538,47,0,0,0,0,0,0,,,ERROR,,,,118,118,0,0,0,10.0236,10.6647,37,99,107,0,0,0,0,0,OK,100,0,0,0,0,0,0,0,0,0,0,0,0,0,0,-1,0,-1,0,0,0,0,0,0,NO_DATA,0,0,0,0,0,0,0,0,0,0,0,0,0,0,0,0,0,0,0,0,0,0,0,OK,0,,0,NONE,,,CONNECTED,0,,0,0,0,0,0,0,0,1,0,0,0,0,0,0,0,0,0,0,0,0,0,0,0,0,0,0,0,2,2,0,0,0,battery?,47,OK,47,1437,1437
E3-STATE-CLI-001,telemetry-cli-baseline,Telemetry continuity without GUI,STATE_WATCH,11789,48,0,0,0,0,0,0,,,ERROR,,,,120,120,0,0,0,10.0017,10.4284,88,99,107,0,0,0,0,0,OK,100,0,0,0,0,0,0,0,0,0,0,0,0,0,0,-1,0,-1,0,0,0,0,0,0,NO_DATA,0,0,0,0,0,0,0,0,0,0,0,0,0,0,0,0,0,0,0,0,0,0,0,OK,0,,0,NONE,,,CONNECTED,0,,0,0,0,0,0,0,0,1,0,0,0,0,0,0,0,0,0,0,0,0,0,0,0,0,0,0,0,2,2,0,0,0,battery?,47,OK,47,1687,1687
E3-STATE-CLI-001,telemetry-cli-baseline,Telemetry continuity without GUI,STATE_WATCH,12039,49,0,0,0,0,0,0,,,ERROR,,,,123,123,0,0,0,10.0156,10.2233,38,99,107,0,0,0,0,0,OK,100,0,0,0,0,0,0,0,0,0,0,0,0,0,0,-1,0,-1,0,0,0,0,0,0,NO_DATA,0,0,0,0,0,0,0,0,0,0,0,0,0,0,0,0,0,0,0,0,0,0,0,OK,0,,0,NONE,,,CONNECTED,0,,0,0,0,0,0,0,0,1,0,0,0,0,0,0,0,0,0,0,0,0,0,0,0,0,0,0,0,2,2,0,0,0,battery?,47,OK,47,1937,1937
E3-STATE-CLI-001,telemetry-cli-baseline,Telemetry continuity without GUI,STATE_WATCH,12289,50,0,0,0,0,0,0,,,ERROR,,,,125,125,0,0,0,9.97118,10.1384,88,100,107,0,0,0,0,0,OK,100,0,0,0,0,0,0,0,0,0,0,0,0,0,0,-1,0,-1,0,0,0,0,0,0,NO_DATA,0,0,0,0,0,0,0,0,0,0,0,0,0,0,0,0,0,0,0,0,0,0,0,OK,0,,0,NONE,,,CONNECTED,0,,0,0,0,0,0,0,0,1,0,0,0,0,0,0,0,0,0,0,0,0,0,0,0,0,0,0,0,2,2,0,0,0,battery?,47,OK,47,2187,2187
E3-STATE-CLI-001,telemetry-cli-baseline,Telemetry continuity without GUI,STATE_WATCH,12539,51,0,0,0,0,0,0,,,ERROR,,,,128,128,0,0,0,9.9513,10.0329,36,100,107,0,0,0,0,0,OK,100,0,0,0,0,0,0,0,0,0,0,0,0,0,0,-1,0,-1,0,0,0,0,0,0,NO_DATA,0,0,0,0,0,0,0,0,0,0,0,0,0,0,0,0,0,0,0,0,0,0,0,OK,0,,0,NONE,,,CONNECTED,0,,0,0,0,0,0,0,0,1,0,0,0,0,0,0,0,0,0,0,0,0,0,0,0,0,0,0,0,2,2,0,0,0,battery?,47,OK,47,2437,2437
E3-STATE-CLI-001,telemetry-cli-baseline,Telemetry continuity without GUI,STATE_WATCH,12789,52,0,0,0,0,0,0,,,ERROR,,,,130,130,0,0,0,9.94772,10.0044,85,100,107,0,0,0,0,0,OK,100,0,0,0,0,0,0,0,0,0,0,0,0,0,0,-1,0,-1,0,0,0,0,0,0,NO_DATA,0,0,0,0,0,0,0,0,0,0,0,0,0,0,0,0,0,0,0,0,0,0,0,OK,0,,0,NONE,,,CONNECTED,0,,0,0,0,0,0,0,0,1,0,0,0,0,0,0,0,0,0,0,0,0,0,0,0,0,0,0,0,2,2,0,0,0,battery?,47,OK,47,2688,2688
E3-STATE-CLI-001,telemetry-cli-baseline,Telemetry continuity without GUI,STATE_WATCH,13039,53,0,0,0,0,0,0,,,ERROR,,,,133,133,0,0,0,9.95823,9.97993,34,100,107,0,0,0,0,0,OK,100,0,0,0,0,0,0,0,0,0,0,0,0,0,0,-1,0,-1,0,0,0,0,0,0,NO_DATA,0,0,0,0,0,0,0,0,0,0,0,0,0,0,0,0,0,0,0,0,0,0,0,OK,0,,0,NONE,,,CONNECTED,0,,0,0,0,0,0,0,0,1,0,0,0,0,0,0,0,0,0,0,0,0,0,0,0,0,0,0,0,2,2,0,0,0,battery?,47,OK,47,2938,2938
E3-STATE-CLI-001,telemetry-cli-baseline,Telemetry continuity without GUI,STATE_WATCH,13290,54,0,0,0,0,0,0,,,ERROR,,,,135,135,0,0,0,9.9515,9.96997,83,100,107,0,0,0,0,0,OK,100,0,0,0,0,0,0,0,0,0,0,0,0,0,0,-1,0,-1,0,0,0,0,0,0,NO_DATA,0,0,0,0,0,0,0,0,0,0,0,0,0,0,0,0,0,0,0,0,0,0,0,OK,0,,0,NONE,,,CONNECTED,0,,0,0,0,0,0,0,0,1,0,0,0,0,0,0,0,0,0,0,0,0,0,0,0,0,0,0,0,2,2,0,0,0,battery?,47,OK,47,3188,3188
E3-STATE-CLI-001,telemetry-cli-baseline,Telemetry continuity without GUI,STATE_WATCH,13540,55,0,0,0,0,0,0,,,ERROR,,,,138,138,0,0,0,9.92133,9.95496,32,100,107,0,0,0,0,0,OK,100,0,0,0,0,0,0,0,0,0,0,0,0,0,0,-1,0,-1,0,0,0,0,0,0,NO_DATA,0,0,0,0,0,0,0,0,0,0,0,0,0,0,0,0,0,0,0,0,0,0,0,OK,0,,0,NONE,,,CONNECTED,0,,0,0,0,0,0,0,0,1,0,0,0,0,0,0,0,0,0,0,0,0,0,0,0,0,0,0,0,2,2,0,0,0,battery?,47,OK,47,3438,3438
E3-STATE-CLI-001,telemetry-cli-baseline,Telemetry continuity without GUI,STATE_WATCH,13790,56,0,0,0,0,0,0,,,ERROR,,,,140,140,0,0,0,9.95068,9.96038,81,100,107,0,0,0,0,0,OK,100,0,0,0,0,0,0,0,0,0,0,0,0,0,0,-1,0,-1,0,0,0,0,0,0,NO_DATA,0,0,0,0,0,0,0,0,0,0,0,0,0,0,0,0,0,0,0,0,0,0,0,OK,0,,0,NONE,,,CONNECTED,0,,0,0,0,0,0,0,0,1,0,0,0,0,0,0,0,0,0,0,0,0,0,0,0,0,0,0,0,2,2,0,0,0,battery?,47,OK,47,3688,3688
E3-STATE-CLI-001,telemetry-cli-baseline,Telemetry continuity without GUI,STATE_WATCH,14040,57,0,0,0,0,0,0,,,ERROR,,,,143,143,0,0,0,19.954,11.9561,80,50,107,0,0,0,0,0,OK,100,0,0,0,0,0,0,0,0,0,0,0,0,0,0,-1,0,-1,0,0,0,0,0,0,NO_DATA,0,0,0,0,0,0,0,0,0,0,0,0,0,0,0,0,0,0,0,0,0,0,0,OK,0,,0,NONE,,,CONNECTED,0,,0,0,0,0,0,0,0,1,0,0,0,0,0,0,0,0,0,0,0,0,0,0,0,0,0,0,0,2,2,0,0,0,battery?,47,OK,47,3938,3938
E3-STATE-CLI-001,telemetry-cli-baseline,Telemetry continuity without GUI,STATE_WATCH,14290,58,0,0,0,0,0,0,,,ERROR,,,,146,146,0,0,0,9.96134,10.9772,29,100,107,0,0,0,0,0,OK,100,0,0,0,0,0,0,0,0,0,0,0,0,0,0,-1,0,-1,0,0,0,0,0,0,NO_DATA,0,0,0,0,0,0,0,0,0,0,0,0,0,0,0,0,0,0,0,0,0,0,0,OK,0,,0,NONE,,,CONNECTED,0,,0,0,0,0,0,0,0,1,0,0,0,0,0,0,0,0,0,0,0,0,0,0,0,0,0,0,0,2,2,0,0,0,battery?,47,OK,47,4189,4189
E3-STATE-CLI-001,telemetry-cli-baseline,Telemetry continuity without GUI,STATE_WATCH,14541,59,0,0,0,0,0,0,,,ERROR,,,,148,148,0,0,0,9.92416,10.5923,77,100,107,0,0,0,0,0,OK,100,0,0,0,0,0,0,0,0,0,0,0,0,0,0,-1,0,-1,0,0,0,0,0,0,NO_DATA,0,0,0,0,0,0,0,0,0,0,0,0,0,0,0,0,0,0,0,0,0,0,0,OK,0,,0,NONE,,,CONNECTED,0,,0,0,0,0,0,0,0,1,0,0,0,0,0,0,0,0,0,0,0,0,0,0,0,0,0,0,0,2,2,0,0,0,battery?,47,OK,47,4439,4439
E3-STATE-CLI-001,telemetry-cli-baseline,Telemetry continuity without GUI,STATE_WATCH,14791,60,0,0,0,0,0,0,,,ERROR,,,,151,151,0,0,0,9.95044,10.2805,26,100,107,0,0,0,0,0,OK,100,0,0,0,0,0,0,0,0,0,0,0,0,0,0,-1,0,-1,0,0,0,0,0,0,NO_DATA,0,0,0,0,0,0,0,0,0,0,0,0,0,0,0,0,0,0,0,0,0,0,0,OK,0,,0,NONE,,,CONNECTED,0,,0,0,0,0,0,0,0,1,0,0,0,0,0,0,0,0,0,0,0,0,0,0,0,0,0,0,0,2,2,0,0,0,battery?,47,OK,47,4689,4689
E3-STATE-CLI-001,telemetry-cli-baseline,Telemetry continuity without GUI,STATE_WATCH,15041,61,0,0,0,0,0,0,,,ERROR,,,,153,153,0,0,0,9.94771,10.1617,75,100,107,0,0,0,0,0,OK,100,0,0,0,0,0,0,0,0,0,0,0,0,0,0,-1,0,-1,0,0,0,0,0,0,NO_DATA,0,0,0,0,0,0,0,0,0,0,0,0,0,0,0,0,0,0,0,0,0,0,0,OK,0,,0,NONE,,,CONNECTED,0,,0,0,0,0,0,0,0,1,0,0,0,0,0,0,0,0,0,0,0,0,0,0,0,0,0,0,0,2,2,0,0,0,battery?,47,OK,47,4939,4939
E3-STATE-CLI-001,telemetry-cli-baseline,Telemetry continuity without GUI,STATE_WATCH,15291,62,0,0,0,0,0,0,,,ERROR,,,,156,156,0,0,0,9.95759,10.0615,24,100,107,0,0,0,0,0,OK,100,0,0,0,0,0,0,0,0,0,0,0,0,0,0,-1,0,-1,0,0,0,0,0,0,NO_DATA,0,0,0,0,0,0,0,0,0,0,0,0,0,0,0,0,0,0,0,0,0,0,0,OK,0,,0,NONE,,,CONNECTED,0,,0,0,0,0,0,0,0,1,0,0,0,0,0,0,0,0,0,0,0,0,0,0,0,0,0,0,0,3,3,0,0,0,battery?,47,OK,14,175,175
E3-STATE-CLI-001,telemetry-cli-baseline,Telemetry continuity without GUI,STATE_WATCH,15541,63,0,0,0,0,0,0,,,ERROR,,,,158,158,0,0,0,9.9824,10.0236,73,100,107,0,0,0,0,0,OK,100,0,0,0,0,0,0,0,0,0,0,0,0,0,0,-1,0,-1,0,0,0,0,0,0,NO_DATA,0,0,0,0,0,0,0,0,0,0,0,0,0,0,0,0,0,0,0,0,0,0,0,OK,0,,0,NONE,,,CONNECTED,0,,0,0,0,0,0,0,0,1,0,0,0,0,0,0,0,0,0,0,0,0,0,0,0,0,0,0,0,3,3,0,0,0,battery?,47,OK,14,425,425
E3-STATE-CLI-001,telemetry-cli-baseline,Telemetry continuity without GUI,STATE_WATCH,15791,64,0,0,0,0,0,0,,,ERROR,,,,161,161,0,0,0,9.93722,9.98469,22,100,107,0,0,0,0,0,OK,100,0,0,0,0,0,0,0,0,0,0,0,0,0,0,-1,0,-1,0,0,0,0,0,0,NO_DATA,0,0,0,0,0,0,0,0,0,0,0,0,0,0,0,0,0,0,0,0,0,0,0,OK,0,,0,NONE,,,CONNECTED,0,,0,0,0,0,0,0,0,1,0,0,0,0,0,0,0,0,0,0,0,0,0,0,0,0,0,0,0,3,3,0,0,0,battery?,47,OK,14,675,675
E3-STATE-CLI-001,telemetry-cli-baseline,Telemetry continuity without GUI,STATE_WATCH,16042,65,0,0,0,0,0,0,,,ERROR,,,,163,163,0,0,0,9.95993,9.97714,71,100,107,0,0,0,0,0,OK,100,0,0,0,0,0,0,0,0,0,0,0,0,0,0,-1,0,-1,0,0,0,0,0,0,NO_DATA,0,0,0,0,0,0,0,0,0,0,0,0,0,0,0,0,0,0,0,0,0,0,0,OK,0,,0,NONE,,,CONNECTED,0,,0,0,0,0,0,0,0,1,0,0,0,0,0,0,0,0,0,0,0,0,0,0,0,0,0,0,0,3,3,0,0,0,battery?,47,OK,14,925,925
E3-STATE-CLI-001,telemetry-cli-baseline,Telemetry continuity without GUI,STATE_WATCH,16292,66,0,0,0,0,0,0,,,ERROR,,,,166,166,0,0,0,9.92987,9.96083,20,100,107,0,0,0,0,0,OK,100,0,0,0,0,0,0,0,0,0,0,0,0,0,0,-1,0,-1,0,0,0,0,0,0,NO_DATA,0,0,0,0,0,0,0,0,0,0,0,0,0,0,0,0,0,0,0,0,0,0,0,OK,0,,0,NONE,,,CONNECTED,0,,0,0,0,0,0,0,0,1,0,0,0,0,0,0,0,0,0,0,0,0,0,0,0,0,0,0,0,3,3,0,0,0,battery?,47,OK,14,1176,1176
E3-STATE-CLI-001,telemetry-cli-baseline,Telemetry continuity without GUI,STATE_WATCH,16542,67,0,0,0,0,0,0,,,ERROR,,,,168,168,0,0,0,9.9648,9.96202,69,100,107,0,0,0,0,0,OK,100,0,0,0,0,0,0,0,0,0,0,0,0,0,0,-1,0,-1,0,0,0,0,0,0,NO_DATA,0,0,0,0,0,0,0,0,0,0,0,0,0,0,0,0,0,0,0,0,0,0,0,OK,0,,0,NONE,,,CONNECTED,0,,0,0,0,0,0,0,0,1,0,0,0,0,0,0,0,0,0,0,0,0,0,0,0,0,0,0,0,3,3,0,0,0,battery?,47,OK,14,1426,1426
E3-STATE-CLI-001,telemetry-cli-baseline,Telemetry continuity without GUI,STATE_WATCH,16792,68,0,0,0,0,0,0,,,ERROR,,,,171,171,0,0,0,9.95032,9.9584,18,100,107,0,0,0,0,0,OK,100,0,0,0,0,0,0,0,0,0,0,0,0,0,0,-1,0,-1,0,0,0,0,0,0,NO_DATA,0,0,0,0,0,0,0,0,0,0,0,0,0,0,0,0,0,0,0,0,0,0,0,OK,0,,0,NONE,,,CONNECTED,0,,0,0,0,0,0,0,0,1,0,0,0,0,0,0,0,0,0,0,0,0,0,0,0,0,0,0,0,3,3,0,0,0,battery?,47,OK,14,1676,1676
E3-STATE-CLI-001,telemetry-cli-baseline,Telemetry continuity without GUI,STATE_WATCH,17042,69,0,0,0,0,0,0,,,ERROR,,,,173,173,0,0,0,9.95214,9.95596,67,100,107,0,0,0,0,0,OK,100,0,0,0,0,0,0,0,0,0,0,0,0,0,0,-1,0,-1,0,0,0,0,0,0,NO_DATA,0,0,0,0,0,0,0,0,0,0,0,0,0,0,0,0,0,0,0,0,0,0,0,OK,0,,0,NONE,,,CONNECTED,0,,0,0,0,0,0,0,0,1,0,0,0,0,0,0,0,0,0,0,0,0,0,0,0,0,0,0,0,3,3,0,0,0,battery?,47,OK,14,1926,1926
E3-STATE-CLI-001,telemetry-cli-baseline,Telemetry continuity without GUI,STATE_WATCH,17293,70,0,0,0,0,0,0,,,ERROR,,,,176,176,0,0,0,9.94479,9.95366,16,100,107,0,0,0,0,0,OK,100,0,0,0,0,0,0,0,0,0,0,0,0,0,0,-1,0,-1,0,0,0,0,0,0,NO_DATA,0,0,0,0,0,0,0,0,0,0,0,0,0,0,0,0,0,0,0,0,0,0,0,OK,0,,0,NONE,,,CONNECTED,0,,0,0,0,0,0,0,0,1,0,0,0,0,0,0,0,0,0,0,0,0,0,0,0,0,0,0,0,3,3,0,0,0,battery?,47,OK,14,2176,2176
E3-STATE-CLI-001,telemetry-cli-baseline,Telemetry continuity without GUI,STATE_WATCH,17543,71,0,0,0,0,0,0,,,ERROR,,,,179,179,0,0,0,19.938,11.9499,15,50,107,0,0,0,0,0,OK,100,0,0,0,0,0,0,0,0,0,0,0,0,0,0,-1,0,-1,0,0,0,0,0,0,NO_DATA,0,0,0,0,0,0,0,0,0,0,0,0,0,0,0,0,0,0,0,0,0,0,0,OK,0,,0,NONE,,,CONNECTED,0,,0,0,0,0,0,0,0,1,0,0,0,0,0,0,0,0,0,0,0,0,0,0,0,0,0,0,0,3,3,0,0,0,battery?,47,OK,14,2427,2427
E3-STATE-CLI-001,telemetry-cli-baseline,Telemetry continuity without GUI,STATE_WATCH,17793,72,0,0,0,0,0,0,,,ERROR,,,,181,181,0,0,0,9.96269,11.2316,65,100,107,0,0,0,0,0,OK,100,0,0,0,0,0,0,0,0,0,0,0,0,0,0,-1,0,-1,0,0,0,0,0,0,NO_DATA,0,0,0,0,0,0,0,0,0,0,0,0,0,0,0,0,0,0,0,0,0,0,0,OK,0,,0,NONE,,,CONNECTED,0,,0,0,0,0,0,0,0,1,0,0,0,0,0,0,0,0,0,0,0,0,0,0,0,0,0,0,0,3,3,0,0,0,battery?,47,OK,14,2677,2677
E3-STATE-CLI-001,telemetry-cli-baseline,Telemetry continuity without GUI,STATE_WATCH,18043,73,0,0,0,0,0,0,,,ERROR,,,,184,184,0,0,0,9.95212,10.6081,13,100,107,0,0,0,0,0,OK,100,0,0,0,0,0,0,0,0,0,0,0,0,0,0,-1,0,-1,0,0,0,0,0,0,NO_DATA,0,0,0,0,0,0,0,0,0,0,0,0,0,0,0,0,0,0,0,0,0,0,0,OK,0,,0,NONE,,,CONNECTED,0,,0,0,0,0,0,0,0,1,0,0,0,0,0,0,0,0,0,0,0,0,0,0,0,0,0,0,0,3,3,0,0,0,battery?,47,OK,14,2927,2927
E3-STATE-CLI-001,telemetry-cli-baseline,Telemetry continuity without GUI,STATE_WATCH,18293,74,0,0,0,0,0,0,,,ERROR,,,,186,186,0,0,0,9.92231,10.3651,62,100,107,0,0,0,0,0,OK,100,0,0,0,0,0,0,0,0,0,0,0,0,0,0,-1,0,-1,0,0,0,0,0,0,NO_DATA,0,0,0,0,0,0,0,0,0,0,0,0,0,0,0,0,0,0,0,0,0,0,0,OK,0,,0,NONE,,,CONNECTED,0,,0,0,0,0,0,0,0,1,0,0,0,0,0,0,0,0,0,0,0,0,0,0,0,0,0,0,0,3,3,0,0,0,battery?,47,OK,14,3177,3177
E3-STATE-CLI-001,telemetry-cli-baseline,Telemetry continuity without GUI,STATE_WATCH,18544,75,0,0,0,0,0,0,,,ERROR,,,,189,189,0,0,0,9.94896,10.1545,10,100,107,0,0,0,0,0,OK,100,0,0,0,0,0,0,0,0,0,0,0,0,0,0,-1,0,-1,0,0,0,0,0,0,NO_DATA,0,0,0,0,0,0,0,0,0,0,0,0,0,0,0,0,0,0,0,0,0,0,0,OK,0,,0,NONE,,,CONNECTED,0,,0,0,0,0,0,0,0,1,0,0,0,0,0,0,0,0,0,0,0,0,0,0,0,0,0,0,0,3,3,0,0,0,battery?,47,OK,14,3427,3427
E3-STATE-CLI-001,telemetry-cli-baseline,Telemetry continuity without GUI,STATE_WATCH,18794,76,0,0,0,0,0,0,,,ERROR,,,,191,191,0,0,0,9.9508,10.0829,60,100,107,0,0,0,0,0,OK,100,0,0,0,0,0,0,0,0,0,0,0,0,0,0,-1,0,-1,0,0,0,0,0,0,NO_DATA,0,0,0,0,0,0,0,0,0,0,0,0,0,0,0,0,0,0,0,0,0,0,0,OK,0,,0,NONE,,,CONNECTED,0,,0,0,0,0,0,0,0,1,0,0,0,0,0,0,0,0,0,0,0,0,0,0,0,0,0,0,0,3,3,0,0,0,battery?,47,OK,14,3678,3678
E3-STATE-CLI-001,telemetry-cli-baseline,Telemetry continuity without GUI,STATE_WATCH,19044,77,0,0,0,0,0,0,,,ERROR,,,,194,194,0,0,0,9.90573,10.0103,8,100,107,0,0,0,0,0,OK,100,0,0,0,0,0,0,0,0,0,0,0,0,0,0,-1,0,-1,0,0,0,0,0,0,NO_DATA,0,0,0,0,0,0,0,0,0,0,0,0,0,0,0,0,0,0,0,0,0,0,0,OK,0,,0,NONE,,,CONNECTED,0,,0,0,0,0,0,0,0,1,0,0,0,0,0,0,0,0,0,0,0,0,0,0,0,0,0,0,0,3,3,0,0,0,battery?,47,OK,14,3928,3928
E3-STATE-CLI-001,telemetry-cli-baseline,Telemetry continuity without GUI,STATE_WATCH,19294,78,0,0,0,0,0,0,,,ERROR,,,,196,196,0,0,0,9.94767,9.99502,57,100,107,0,0,0,0,0,OK,100,0,0,0,0,0,0,0,0,0,0,0,0,0,0,-1,0,-1,0,0,0,0,0,0,NO_DATA,0,0,0,0,0,0,0,0,0,0,0,0,0,0,0,0,0,0,0,0,0,0,0,OK,0,,0,NONE,,,CONNECTED,0,,0,0,0,0,0,0,0,1,0,0,0,0,0,0,0,0,0,0,0,0,0,0,0,0,0,0,0,3,3,0,0,0,battery?,47,OK,14,4178,4178
E3-STATE-CLI-001,telemetry-cli-baseline,Telemetry continuity without GUI,STATE_WATCH,19544,79,0,0,0,0,0,0,,,ERROR,,,,199,199,0,0,0,9.94549,9.97543,6,100,107,0,0,0,0,0,OK,100,0,0,0,0,0,0,0,0,0,0,0,0,0,0,-1,0,-1,0,0,0,0,0,0,NO_DATA,0,0,0,0,0,0,0,0,0,0,0,0,0,0,0,0,0,0,0,0,0,0,0,OK,0,,0,NONE,,,CONNECTED,0,,0,0,0,0,0,0,0,1,0,0,0,0,0,0,0,0,0,0,0,0,0,0,0,0,0,0,0,3,3,0,0,0,battery?,47,OK,14,4428,4428
E3-STATE-CLI-001,telemetry-cli-baseline,Telemetry continuity without GUI,STATE_WATCH,19795,80,0,0,0,0,0,0,,,ERROR,,,,201,201,0,0,0,9.95419,9.96753,56,100,107,0,0,0,0,0,OK,100,0,0,0,0,0,0,0,0,0,0,0,0,0,0,-1,0,-1,0,0,0,0,0,0,NO_DATA,0,0,0,0,0,0,0,0,0,0,0,0,0,0,0,0,0,0,0,0,0,0,0,OK,0,,0,NONE,,,CONNECTED,0,,0,0,0,0,0,0,0,1,0,0,0,0,0,0,0,0,0,0,0,0,0,0,0,0,0,0,0,3,3,0,0,0,battery?,47,OK,14,4678,4678
E3-STATE-CLI-001,telemetry-cli-baseline,Telemetry continuity without GUI,STATE_WATCH,20045,81,0,0,0,0,0,0,,,ERROR,,,,204,204,0,0,0,9.88189,9.95415,4,101,107,0,0,0,0,0,OK,100,0,0,0,0,0,0,0,0,0,0,0,0,0,0,-1,0,-1,0,0,0,0,0,0,NO_DATA,0,0,0,0,0,0,0,0,0,0,0,0,0,0,0,0,0,0,0,0,0,0,0,OK,0,,0,NONE,,,CONNECTED,0,,0,0,0,0,0,0,0,1,0,0,0,0,0,0,0,0,0,0,0,0,0,0,0,0,0,0,0,3,3,0,0,0,battery?,47,OK,14,4929,4929
E3-STATE-CLI-001,telemetry-cli-baseline,Telemetry continuity without GUI,STATE_WATCH,20295,82,0,0,0,0,0,0,,,ERROR,,,,206,206,0,0,0,9.74331,9.92116,51,102,107,0,0,0,0,0,OK,100,0,0,0,0,0,0,0,0,0,0,0,0,0,0,-1,0,-1,0,0,0,0,0,0,NO_DATA,0,0,0,0,0,0,0,0,0,0,0,0,0,0,0,0,0,0,0,0,0,0,0,OK,0,,0,NONE,,,CONNECTED,0,,0,0,0,0,0,0,0,1,0,0,0,0,0,0,0,0,0,0,0,0,0,0,0,0,0,0,0,4,4,0,0,0,battery?,47,OK,25,153,153
E3-STATE-CLI-001,telemetry-cli-baseline,Telemetry continuity without GUI,STATE_WATCH,20545,83,0,0,0,0,0,0,,,ERROR,,,,208,208,0,0,0,9.80474,9.87801,98,101,107,0,0,0,0,0,OK,100,0,0,0,0,0,0,0,0,0,0,0,0,0,0,-1,0,-1,0,0,0,0,0,0,NO_DATA,0,0,0,0,0,0,0,0,0,0,0,0,0,0,0,0,0,0,0,0,0,0,0,OK,0,,0,NONE,,,CONNECTED,0,,0,0,0,0,0,0,0,1,0,0,0,0,0,0,0,0,0,0,0,0,0,0,0,0,0,0,0,4,4,0,0,0,battery?,47,OK,25,404,404
E3-STATE-CLI-001,telemetry-cli-baseline,Telemetry continuity without GUI,STATE_WATCH,20796,84,0,0,0,0,0,0,,,ERROR,,,,211,211,0,0,0,19.5497,11.7885,93,51,107,0,0,0,0,0,OK,100,0,0,0,0,0,0,0,0,0,0,0,0,0,0,-1,0,-1,0,0,0,0,0,0,NO_DATA,0,0,0,0,0,0,0,0,0,0,0,0,0,0,0,0,0,0,0,0,0,0,0,OK,0,,0,NONE,,,CONNECTED,0,,0,0,0,0,0,0,0,1,0,0,0,0,0,0,0,0,0,0,0,0,0,0,0,0,0,0,0,4,4,0,0,0,battery?,47,OK,25,654,654
E3-STATE-CLI-001,telemetry-cli-baseline,Telemetry continuity without GUI,STATE_WATCH,21046,85,0,0,0,0,0,0,,,ERROR,,,,214,214,0,0,0,9.80065,10.819,37,102,107,0,0,0,0,0,OK,100,0,0,0,0,0,0,0,0,0,0,0,0,0,0,-1,0,-1,0,0,0,0,0,0,NO_DATA,0,0,0,0,0,0,0,0,0,0,0,0,0,0,0,0,0,0,0,0,0,0,0,OK,0,,0,NONE,,,CONNECTED,0,,0,0,0,0,0,0,0,1,0,0,0,0,0,0,0,0,0,0,0,0,0,0,0,0,0,0,0,4,4,0,0,0,battery?,47,OK,25,904,904
E3-STATE-CLI-001,telemetry-cli-baseline,Telemetry continuity without GUI,STATE_WATCH,21296,86,0,0,0,0,0,0,,,ERROR,,,,216,216,0,0,0,9.79184,10.4511,83,102,107,0,0,0,0,0,OK,100,0,0,0,0,0,0,0,0,0,0,0,0,0,0,-1,0,-1,0,0,0,0,0,0,NO_DATA,0,0,0,0,0,0,0,0,0,0,0,0,0,0,0,0,0,0,0,0,0,0,0,OK,0,,0,NONE,,,CONNECTED,0,,0,0,0,0,0,0,0,1,0,0,0,0,0,0,0,0,0,0,0,0,0,0,0,0,0,0,0,4,4,0,0,0,battery?,47,OK,25,1154,1154
E3-STATE-CLI-001,telemetry-cli-baseline,Telemetry continuity without GUI,STATE_WATCH,21546,87,0,0,0,0,0,0,,,ERROR,,,,219,219,0,0,0,9.79834,10.1326,27,102,107,0,0,0,0,0,OK,100,0,0,0,0,0,0,0,0,0,0,0,0,0,0,-1,0,-1,0,0,0,0,0,0,NO_DATA,0,0,0,0,0,0,0,0,0,0,0,0,0,0,0,0,0,0,0,0,0,0,0,OK,0,,0,NONE,,,CONNECTED,0,,0,0,0,0,0,0,0,1,0,0,0,0,0,0,0,0,0,0,0,0,0,0,0,0,0,0,0,4,4,0,0,0,battery?,47,OK,25,1405,1405
E3-STATE-CLI-001,telemetry-cli-baseline,Telemetry continuity without GUI,STATE_WATCH,21796,88,0,0,0,0,0,0,,,ERROR,,,,221,221,0,0,0,9.80966,10.014,73,101,107,0,0,0,0,0,OK,100,0,0,0,0,0,0,0,0,0,0,0,0,0,0,-1,0,-1,0,0,0,0,0,0,NO_DATA,0,0,0,0,0,0,0,0,0,0,0,0,0,0,0,0,0,0,0,0,0,0,0,OK,0,,0,NONE,,,CONNECTED,0,,0,0,0,0,0,0,0,1,0,0,0,0,0,0,0,0,0,0,0,0,0,0,0,0,0,0,0,4,4,0,0,0,battery?,47,OK,25,1655,1655
E3-STATE-CLI-001,telemetry-cli-baseline,Telemetry continuity without GUI,STATE_WATCH,22047,89,0,0,0,0,0,0,,,ERROR,,,,224,224,0,0,0,9.79158,9.90743,17,102,107,0,0,0,0,0,OK,100,0,0,0,0,0,0,0,0,0,0,0,0,0,0,-1,0,-1,0,0,0,0,0,0,NO_DATA,0,0,0,0,0,0,0,0,0,0,0,0,0,0,0,0,0,0,0,0,0,0,0,OK,0,,0,NONE,,,CONNECTED,0,,0,0,0,0,0,0,0,1,0,0,0,0,0,0,0,0,0,0,0,0,0,0,0,0,0,0,0,4,4,0,0,0,battery?,47,OK,25,1905,1905
E3-STATE-CLI-001,telemetry-cli-baseline,Telemetry continuity without GUI,STATE_WATCH,22297,90,0,0,0,0,0,0,,,ERROR,,,,226,226,0,0,0,9.80127,9.86818,63,102,107,0,0,0,0,0,OK,100,0,0,0,0,0,0,0,0,0,0,0,0,0,0,-1,0,-1,0,0,0,0,0,0,NO_DATA,0,0,0,0,0,0,0,0,0,0,0,0,0,0,0,0,0,0,0,0,0,0,0,OK,0,,0,NONE,,,CONNECTED,0,,0,0,0,0,0,0,0,1,0,0,0,0,0,0,0,0,0,0,0,0,0,0,0,0,0,0,0,4,4,0,0,0,battery?,47,OK,25,2155,2155
E3-STATE-CLI-001,telemetry-cli-baseline,Telemetry continuity without GUI,STATE_WATCH,22547,91,0,0,0,0,0,0,,,ERROR,,,,229,229,0,0,0,9.75682,9.82473,7,102,107,0,0,0,0,0,OK,100,0,0,0,0,0,0,0,0,0,0,0,0,0,0,-1,0,-1,0,0,0,0,0,0,NO_DATA,0,0,0,0,0,0,0,0,0,0,0,0,0,0,0,0,0,0,0,0,0,0,0,OK,0,,0,NONE,,,CONNECTED,0,,0,0,0,0,0,0,0,1,0,0,0,0,0,0,0,0,0,0,0,0,0,0,0,0,0,0,0,4,4,0,0,0,battery?,47,OK,25,2406,2406
E3-STATE-CLI-001,telemetry-cli-baseline,Telemetry continuity without GUI,STATE_WATCH,22797,92,0,0,0,0,0,0,,,ERROR,,,,231,231,0,0,0,9.80189,9.82365,53,102,107,0,0,0,0,0,OK,100,0,0,0,0,0,0,0,0,0,0,0,0,0,0,-1,0,-1,0,0,0,0,0,0,NO_DATA,0,0,0,0,0,0,0,0,0,0,0,0,0,0,0,0,0,0,0,0,0,0,0,OK,0,,0,NONE,,,CONNECTED,0,,0,0,0,0,0,0,0,1,0,0,0,0,0,0,0,0,0,0,0,0,0,0,0,0,0,0,0,4,4,0,0,0,battery?,47,OK,25,2656,2656
E3-STATE-CLI-001,telemetry-cli-baseline,Telemetry continuity without GUI,STATE_WATCH,23048,93,0,0,0,0,0,0,,,ERROR,,,,233,233,0,0,0,9.80055,9.8139,100,102,107,0,0,0,0,0,OK,100,0,0,0,0,0,0,0,0,0,0,0,0,0,0,-1,0,-1,0,0,0,0,0,0,NO_DATA,0,0,0,0,0,0,0,0,0,0,0,0,0,0,0,0,0,0,0,0,0,0,0,OK,0,,0,NONE,,,CONNECTED,0,,0,0,0,0,0,0,0,1,0,0,0,0,0,0,0,0,0,0,0,0,0,0,0,0,0,0,0,4,4,0,0,0,battery?,47,OK,25,2906,2906
E3-STATE-CLI-001,telemetry-cli-baseline,Telemetry continuity without GUI,STATE_WATCH,23298,94,0,0,0,0,0,0,,,ERROR,,,,236,236,0,0,0,9.79812,9.80649,44,102,107,0,0,0,0,0,OK,100,0,0,0,0,0,0,0,0,0,0,0,0,0,0,-1,0,-1,0,0,0,0,0,0,NO_DATA,0,0,0,0,0,0,0,0,0,0,0,0,0,0,0,0,0,0,0,0,0,0,0,OK,0,,0,NONE,,,CONNECTED,0,,0,0,0,0,0,0,0,1,0,0,0,0,0,0,0,0,0,0,0,0,0,0,0,0,0,0,0,4,4,0,0,0,battery?,47,OK,25,3156,3156
E3-STATE-CLI-001,telemetry-cli-baseline,Telemetry continuity without GUI,STATE_WATCH,23548,95,0,0,0,0,0,0,,,ERROR,,,,238,238,0,0,0,9.79906,9.80178,90,102,107,0,0,0,0,0,OK,100,0,0,0,0,0,0,0,0,0,0,0,0,0,0,-1,0,-1,0,0,0,0,0,0,NO_DATA,0,0,0,0,0,0,0,0,0,0,0,0,0,0,0,0,0,0,0,0,0,0,0,OK,0,,0,NONE,,,CONNECTED,0,,0,0,0,0,0,0,0,1,0,0,0,0,0,0,0,0,0,0,0,0,0,0,0,0,0,0,0,4,4,0,0,0,battery?,47,OK,25,3407,3407
E3-STATE-CLI-001,telemetry-cli-baseline,Telemetry continuity without GUI,STATE_WATCH,23798,96,0,0,0,0,0,0,,,ERROR,,,,241,241,0,0,0,9.80459,9.80211,34,101,107,0,0,0,0,0,OK,100,0,0,0,0,0,0,0,0,0,0,0,0,0,0,-1,0,-1,0,0,0,0,0,0,NO_DATA,0,0,0,0,0,0,0,0,0,0,0,0,0,0,0,0,0,0,0,0,0,0,0,OK,0,,0,NONE,,,CONNECTED,0,,0,0,0,0,0,0,0,1,0,0,0,0,0,0,0,0,0,0,0,0,0,0,0,0,0,0,0,4,4,0,0,0,battery?,47,OK,25,3657,3657
E3-STATE-CLI-001,telemetry-cli-baseline,Telemetry continuity without GUI,STATE_WATCH,24049,97,0,0,0,0,0,0,,,ERROR,,,,244,244,0,0,0,19.6463,11.7669,29,50,107,0,0,0,0,0,OK,100,0,0,0,0,0,0,0,0,0,0,0,0,0,0,-1,0,-1,0,0,0,0,0,0,NO_DATA,0,0,0,0,0,0,0,0,0,0,0,0,0,0,0,0,0,0,0,0,0,0,0,OK,0,,0,NONE,,,CONNECTED,0,,0,0,0,0,0,0,0,1,0,0,0,0,0,0,0,0,0,0,0,0,0,0,0,0,0,0,0,4,4,0,0,0,battery?,47,OK,25,3907,3907
E3-STATE-CLI-001,telemetry-cli-baseline,Telemetry continuity without GUI,STATE_WATCH,24299,98,0,0,0,0,0,0,,,ERROR,,,,246,246,0,0,0,19.4809,12.4726,75,51,153,0,0,0,0,0,OK,100,0,0,0,0,0,0,0,0,0,0,0,0,0,0,-1,0,-1,0,0,0,0,0,0,NO_DATA,0,0,0,0,0,0,0,0,0,0,0,0,0,0,0,0,0,0,0,0,0,0,0,OK,0,,0,NONE,,,CONNECTED,0,,0,0,0,0,0,0,0,1,0,0,0,0,0,0,0,0,0,0,0,0,0,0,0,0,0,0,0,4,4,0,0,0,battery?,47,OK,25,4157,4157
E3-STATE-CLI-001,telemetry-cli-baseline,Telemetry continuity without GUI,STATE_WATCH,24549,99,0,0,0,0,0,0,,,ERROR,,,,249,249,0,0,0,9.79737,11.1718,19,102,153,0,0,0,0,0,OK,100,0,0,0,0,0,0,0,0,0,0,0,0,0,0,-1,0,-1,0,0,0,0,0,0,NO_DATA,0,0,0,0,0,0,0,0,0,0,0,0,0,0,0,0,0,0,0,0,0,0,0,OK,0,,0,NONE,,,CONNECTED,0,,0,0,0,0,0,0,0,1,0,0,0,0,0,0,0,0,0,0,0,0,0,0,0,0,0,0,0,4,4,0,0,0,battery?,47,OK,25,4408,4408
E3-STATE-CLI-001,telemetry-cli-baseline,Telemetry continuity without GUI,STATE_WATCH,24799,100,0,0,0,0,0,0,,,ERROR,,,,251,251,0,0,0,9.79548,10.6763,65,102,153,0,0,0,0,0,OK,100,0,0,0,0,0,0,0,0,0,0,0,0,0,0,-1,0,-1,0,0,0,0,0,0,NO_DATA,0,0,0,0,0,0,0,0,0,0,0,0,0,0,0,0,0,0,0,0,0,0,0,OK,0,,0,NONE,,,CONNECTED,0,,0,0,0,0,0,0,0,1,0,0,0,0,0,0,0,0,0,0,0,0,0,0,0,0,0,0,0,4,4,0,0,0,battery?,47,OK,25,4658,4658
E3-STATE-CLI-001,telemetry-cli-baseline,Telemetry continuity without GUI,STATE_WATCH,25050,101,0,0,0,0,0,0,,,ERROR,,,,254,254,0,0,0,9.80459,10.2468,9,101,153,0,0,0,0,0,OK,100,0,0,0,0,0,0,0,0,0,0,0,0,0,0,-1,0,-1,0,0,0,0,0,0,NO_DATA,0,0,0,0,0,0,0,0,0,0,0,0,0,0,0,0,0,0,0,0,0,0,0,OK,0,,0,NONE,,,CONNECTED,0,,0,0,0,0,0,0,0,1,0,0,0,0,0,0,0,0,0,0,0,0,0,0,0,0,0,0,0,4,4,0,0,0,battery?,47,OK,25,4908,4908
E3-STATE-CLI-001,telemetry-cli-baseline,Telemetry continuity without GUI,STATE_WATCH,25300,102,0,0,0,0,0,0,,,ERROR,,,,256,256,0,0,0,9.79229,10.0786,55,102,153,0,0,0,0,0,OK,100,0,0,0,0,0,0,0,0,0,0,0,0,0,0,-1,0,-1,0,0,0,0,0,0,NO_DATA,0,0,0,0,0,0,0,0,0,0,0,0,0,0,0,0,0,0,0,0,0,0,0,OK,0,,0,NONE,,,CONNECTED,0,,0,0,0,0,0,0,0,1,0,0,0,0,0,0,0,0,0,0,0,0,0,0,0,0,0,0,0,5,5,0,0,0,battery?,47,OK,51,107,107
E3-STATE-CLI-001,telemetry-cli-baseline,Telemetry continuity without GUI,STATE_WATCH,25550,103,0,0,0,0,0,0,,,ERROR,,,,259,258,0,0,0,9.7984,9.94762,0,102,153,0,0,0,0,0,OK,100,0,0,0,0,0,0,0,0,0,0,0,0,0,0,-1,0,-1,0,0,0,0,0,0,NO_DATA,0,0,0,0,0,0,0,0,0,0,0,0,0,0,0,0,0,0,0,0,0,0,0,OK,0,,0,NONE,,,CONNECTED,0,,0,0,0,0,0,0,0,1,0,0,0,0,0,0,0,0,0,0,0,0,0,0,0,0,0,0,0,5,5,0,0,0,battery?,47,OK,51,357,357
E3-STATE-CLI-001,telemetry-cli-baseline,Telemetry continuity without GUI,STATE_WATCH,25800,104,0,0,0,0,0,0,,,ERROR,,,,261,261,0,0,0,9.79629,9.89377,46,102,153,0,0,0,0,0,OK,100,0,0,0,0,0,0,0,0,0,0,0,0,0,0,-1,0,-1,0,0,0,0,0,0,NO_DATA,0,0,0,0,0,0,0,0,0,0,0,0,0,0,0,0,0,0,0,0,0,0,0,OK,0,,0,NONE,,,CONNECTED,0,,0,0,0,0,0,0,0,1,0,0,0,0,0,0,0,0,0,0,0,0,0,0,0,0,0,0,0,5,5,0,0,0,battery?,47,OK,51,607,607
E3-STATE-CLI-001,telemetry-cli-baseline,Telemetry continuity without GUI,STATE_WATCH,26051,105,0,0,0,0,0,0,,,ERROR,,,,263,263,0,0,0,9.81415,9.86082,92,101,153,0,0,0,0,0,OK,100,0,0,0,0,0,0,0,0,0,0,0,0,0,0,-1,0,-1,0,0,0,0,0,0,NO_DATA,0,0,0,0,0,0,0,0,0,0,0,0,0,0,0,0,0,0,0,0,0,0,0,OK,0,,0,NONE,,,CONNECTED,0,,0,0,0,0,0,0,0,1,0,0,0,0,0,0,0,0,0,0,0,0,0,0,0,0,0,0,0,5,5,0,0,0,battery?,47,OK,51,857,857
E3-STATE-CLI-001,telemetry-cli-baseline,Telemetry continuity without GUI,STATE_WATCH,26301,106,0,0,0,0,0,0,,,ERROR,,,,266,266,0,0,0,9.87152,9.8305,36,101,153,0,0,0,0,0,OK,100,0,0,0,0,0,0,0,0,0,0,0,0,0,0,-1,0,-1,0,0,0,0,0,0,NO_DATA,0,0,0,0,0,0,0,0,0,0,0,0,0,0,0,0,0,0,0,0,0,0,0,OK,0,,0,NONE,,,CONNECTED,0,,0,0,0,0,0,0,0,1,0,0,0,0,0,0,0,0,0,0,0,0,0,0,0,0,0,0,0,5,5,0,0,0,battery?,47,OK,51,1108,1108
E3-STATE-CLI-001,telemetry-cli-baseline,Telemetry continuity without GUI,STATE_WATCH,26551,107,0,0,0,0,0,0,,,ERROR,,,,268,268,0,0,0,9.8439,9.8229,82,101,153,0,0,0,0,0,OK,100,0,0,0,0,0,0,0,0,0,0,0,0,0,0,-1,0,-1,0,0,0,0,0,0,NO_DATA,0,0,0,0,0,0,0,0,0,0,0,0,0,0,0,0,0,0,0,0,0,0,0,OK,0,,0,NONE,,,CONNECTED,0,,0,0,0,0,0,0,0,1,0,0,0,0,0,0,0,0,0,0,0,0,0,0,0,0,0,0,0,5,5,0,0,0,battery?,47,OK,51,1358,1358
E3-STATE-CLI-001,telemetry-cli-baseline,Telemetry continuity without GUI,STATE_WATCH,26801,108,0,0,0,0,0,0,,,ERROR,,,,271,271,0,0,0,9.79568,9.80912,26,102,153,0,0,0,0,0,OK,100,0,0,0,0,0,0,0,0,0,0,0,0,0,0,-1,0,-1,0,0,0,0,0,0,NO_DATA,0,0,0,0,0,0,0,0,0,0,0,0,0,0,0,0,0,0,0,0,0,0,0,OK,0,,0,NONE,,,CONNECTED,0,,0,0,0,0,0,0,0,1,0,0,0,0,0,0,0,0,0,0,0,0,0,0,0,0,0,0,0,5,5,0,0,0,battery?,47,OK,51,1608,1608
E3-STATE-CLI-001,telemetry-cli-baseline,Telemetry continuity without GUI,STATE_WATCH,27052,109,0,0,0,0,0,0,,,ERROR,,,,273,273,0,0,0,9.78867,9.80514,72,102,153,0,0,0,0,0,OK,100,0,0,0,0,0,0,0,0,0,0,0,0,0,0,-1,0,-1,0,0,0,0,0,0,NO_DATA,0,0,0,0,0,0,0,0,0,0,0,0,0,0,0,0,0,0,0,0,0,0,0,OK,0,,0,NONE,,,CONNECTED,0,,0,0,0,0,0,0,0,1,0,0,0,0,0,0,0,0,0,0,0,0,0,0,0,0,0,0,0,5,5,0,0,0,battery?,47,OK,51,1858,1858
E3-STATE-CLI-001,telemetry-cli-baseline,Telemetry continuity without GUI,STATE_WATCH,27302,110,0,0,0,0,0,0,,,ERROR,,,,276,276,0,0,0,9.89432,9.82092,17,101,153,0,0,0,0,0,OK,100,0,0,0,0,0,0,0,0,0,0,0,0,0,0,-1,0,-1,0,0,0,0,0,0,NO_DATA,0,0,0,0,0,0,0,0,0,0,0,0,0,0,0,0,0,0,0,0,0,0,0,OK,0,,0,NONE,,,CONNECTED,0,,0,0,0,0,0,0,0,1,0,0,0,0,0,0,0,0,0,0,0,0,0,0,0,0,0,0,0,5,5,0,0,0,battery?,47,OK,51,2108,2108
E3-STATE-CLI-001,telemetry-cli-baseline,Telemetry continuity without GUI,STATE_WATCH,27552,111,0,0,0,0,0,0,,,ERROR,,,,279,279,0,0,0,19.9848,11.9069,17,50,153,0,0,0,0,0,OK,100,0,0,0,0,0,0,0,0,0,0,0,0,0,0,-1,0,-1,0,0,0,0,0,0,NO_DATA,0,0,0,0,0,0,0,0,0,0,0,0,0,0,0,0,0,0,0,0,0,0,0,OK,0,,0,NONE,,,CONNECTED,0,,0,0,0,0,0,0,0,1,0,0,0,0,0,0,0,0,0,0,0,0,0,0,0,0,0,0,0,5,5,0,0,0,battery?,47,OK,51,2359,2359
E3-STATE-CLI-001,telemetry-cli-baseline,Telemetry continuity without GUI,STATE_WATCH,27802,112,0,0,0,0,0,0,,,ERROR,,,,281,281,0,0,0,10.0079,11.2237,68,99,153,0,0,0,0,0,OK,100,0,0,0,0,0,0,0,0,0,0,0,0,0,0,-1,0,-1,0,0,0,0,0,0,NO_DATA,0,0,0,0,0,0,0,0,0,0,0,0,0,0,0,0,0,0,0,0,0,0,0,OK,0,,0,NONE,,,CONNECTED,0,,0,0,0,0,0,0,0,1,0,0,0,0,0,0,0,0,0,0,0,0,0,0,0,0,0,0,0,5,5,0,0,0,battery?,47,OK,51,2609,2609
E3-STATE-CLI-001,telemetry-cli-baseline,Telemetry continuity without GUI,STATE_WATCH,28052,113,0,0,0,0,0,0,,,ERROR,,,,284,284,0,0,0,10.0048,10.6286,18,99,153,0,0,0,0,0,OK,100,0,0,0,0,0,0,0,0,0,0,0,0,0,0,-1,0,-1,0,0,0,0,0,0,NO_DATA,0,0,0,0,0,0,0,0,0,0,0,0,0,0,0,0,0,0,0,0,0,0,0,OK,0,,0,NONE,,,CONNECTED,0,,0,0,0,0,0,0,0,1,0,0,0,0,0,0,0,0,0,0,0,0,0,0,0,0,0,0,0,5,5,0,0,0,battery?,47,OK,51,2859,2859
E3-STATE-CLI-001,telemetry-cli-baseline,Telemetry continuity without GUI,STATE_WATCH,28302,114,0,0,0,0,0,0,,,ERROR,,,,286,286,0,0,0,9.09558,10.2183,58,109,153,0,0,0,0,0,OK,100,0,0,0,0,0,0,0,0,0,0,0,0,0,0,-1,0,-1,0,0,0,0,0,0,NO_DATA,0,0,0,0,0,0,0,0,0,0,0,0,0,0,0,0,0,0,0,0,0,0,0,OK,0,,0,NONE,,,CONNECTED,0,,0,0,0,0,0,0,0,1,0,0,0,0,0,0,0,0,0,0,0,0,0,0,0,0,0,0,0,5,5,0,0,0,battery?,47,OK,51,3109,3109
E3-STATE-CLI-001,telemetry-cli-baseline,Telemetry continuity without GUI,STATE_WATCH,28553,115,0,0,0,0,0,0,,,ERROR,,,,289,289,0,0,0,9.6659,10.1906,15,103,153,0,0,0,0,0,OK,100,0,0,0,0,0,0,0,0,0,0,0,0,0,0,-1,0,-1,0,0,0,0,0,0,NO_DATA,0,0,0,0,0,0,0,0,0,0,0,0,0,0,0,0,0,0,0,0,0,0,0,OK,0,,0,NONE,,,CONNECTED,0,,0,0,0,0,0,0,0,1,0,0,0,0,0,0,0,0,0,0,0,0,0,0,0,0,0,0,0,5,5,0,0,0,battery?,47,OK,51,3359,3359
E3-STATE-CLI-001,telemetry-cli-baseline,Telemetry continuity without GUI,STATE_WATCH,28803,116,0,0,0,0,0,0,,,ERROR,,,,291,291,0,0,0,10.0068,10.1873,69,99,153,0,0,0,0,0,OK,100,0,0,0,0,0,0,0,0,0,0,0,0,0,0,-1,0,-1,0,0,0,0,0,0,NO_DATA,0,0,0,0,0,0,0,0,0,0,0,0,0,0,0,0,0,0,0,0,0,0,0,OK,0,,0,NONE,,,CONNECTED,0,,0,0,0,0,0,0,0,1,0,0,0,0,0,0,0,0,0,0,0,0,0,0,0,0,0,0,0,5,5,0,0,0,battery?,47,OK,51,3609,3609
E3-STATE-CLI-001,telemetry-cli-baseline,Telemetry continuity without GUI,STATE_WATCH,29053,117,0,0,0,0,0,0,,,ERROR,,,,294,294,0,0,0,9.8935,10.0768,18,101,153,0,0,0,0,0,OK,100,0,0,0,0,0,0,0,0,0,0,0,0,0,0,-1,0,-1,0,0,0,0,0,0,NO_DATA,0,0,0,0,0,0,0,0,0,0,0,0,0,0,0,0,0,0,0,0,0,0,0,OK,0,,0,NONE,,,CONNECTED,0,,0,0,0,0,0,0,0,1,0,0,0,0,0,0,0,0,0,0,0,0,0,0,0,0,0,0,0,5,5,0,0,0,battery?,47,OK,51,3860,3860
E3-STATE-CLI-001,telemetry-cli-baseline,Telemetry continuity without GUI,STATE_WATCH,29303,118,0,0,0,0,0,0,,,ERROR,,,,296,296,0,0,0,9.92795,10.0444,68,100,153,0,0,0,0,0,OK,100,0,0,0,0,0,0,0,0,0,0,0,0,0,0,-1,0,-1,0,0,0,0,0,0,NO_DATA,0,0,0,0,0,0,0,0,0,0,0,0,0,0,0,0,0,0,0,0,0,0,0,OK,0,,0,NONE,,,CONNECTED,0,,0,0,0,0,0,0,0,1,0,0,0,0,0,0,0,0,0,0,0,0,0,0,0,0,0,0,0,5,5,0,0,0,battery?,47,OK,51,4110,4110
E3-STATE-CLI-001,telemetry-cli-baseline,Telemetry continuity without GUI,STATE_WATCH,29553,119,0,0,0,0,0,0,,,ERROR,,,,299,299,0,0,0,9.96316,10.0112,18,100,153,0,0,0,0,0,OK,100,0,0,0,0,0,0,0,0,0,0,0,0,0,0,-1,0,-1,0,0,0,0,0,0,NO_DATA,0,0,0,0,0,0,0,0,0,0,0,0,0,0,0,0,0,0,0,0,0,0,0,OK,0,,0,NONE,,,CONNECTED,0,,0,0,0,0,0,0,0,1,0,0,0,0,0,0,0,0,0,0,0,0,0,0,0,0,0,0,0,5,5,0,0,0,battery?,47,OK,51,4360,4360
E3-STATE-CLI-001,telemetry-cli-baseline,Telemetry continuity without GUI,STATE_WATCH,29804,120,0,0,0,0,0,0,,,ERROR,,,,301,301,0,0,0,9.70285,9.98628,67,103,153,0,0,0,0,0,OK,100,0,0,0,0,0,0,0,0,0,0,0,0,0,0,-1,0,-1,0,0,0,0,0,0,NO_DATA,0,0,0,0,0,0,0,0,0,0,0,0,0,0,0,0,0,0,0,0,0,0,0,OK,0,,0,NONE,,,CONNECTED,0,,0,0,0,0,0,0,0,1,0,0,0,0,0,0,0,0,0,0,0,0,0,0,0,0,0,0,0,5,5,0,0,0,battery?,47,OK,51,4610,4610
E3-STATE-CLI-001,telemetry-cli-baseline,Telemetry continuity without GUI,STATE_WATCH,30054,121,0,0,0,0,0,0,,,ERROR,,,,304,304,0,0,0,10.0082,10.039,21,99,153,0,0,0,0,0,OK,100,0,0,0,0,0,0,0,0,0,0,0,0,0,0,-1,0,-1,0,0,0,0,0,0,NO_DATA,0,0,0,0,0,0,0,0,0,0,0,0,0,0,0,0,0,0,0,0,0,0,0,OK,0,,0,NONE,,,CONNECTED,0,,0,0,0,0,0,0,0,1,0,0,0,0,0,0,0,0,0,0,0,0,0,0,0,0,0,0,0,5,5,0,0,0,battery?,47,OK,51,4860,4860
E3-STATE-CLI-001,telemetry-cli-baseline,Telemetry continuity without GUI,STATE_WATCH,30304,122,0,0,0,0,0,0,,,ERROR,,,,306,306,0,0,0,9.92314,10.0076,70,100,153,0,0,0,0,0,OK,100,0,0,0,0,0,0,0,0,0,0,0,0,0,0,-1,0,-1,0,0,0,0,0,0,NO_DATA,0,0,0,0,0,0,0,0,0,0,0,0,0,0,0,0,0,0,0,0,0,0,0,OK,0,,0,NONE,,,CONNECTED,0,,0,0,0,0,0,0,0,1,0,0,0,0,0,0,0,0,0,0,0,0,0,0,0,0,0,0,0,6,6,0,0,0,battery?,47,OK,40,70,70
E3-STATE-CLI-001,telemetry-cli-baseline,Telemetry continuity without GUI,STATE_WATCH,30554,123,0,0,0,0,0,0,,,ERROR,,,,309,309,0,0,0,20.0901,12.0246,70,49,153,0,0,0,0,0,OK,100,0,0,0,0,0,0,0,0,0,0,0,0,0,0,-1,0,-1,0,0,0,0,0,0,NO_DATA,0,0,0,0,0,0,0,0,0,0,0,0,0,0,0,0,0,0,0,0,0,0,0,OK,0,,0,NONE,,,CONNECTED,0,,0,0,0,0,0,0,0,1,0,0,0,0,0,0,0,0,0,0,0,0,0,0,0,0,0,0,0,6,6,0,0,0,battery?,47,OK,40,320,320
E3-STATE-CLI-001,telemetry-cli-baseline,Telemetry continuity without GUI,STATE_WATCH,30804,124,0,0,0,0,0,0,,,ERROR,,,,312,312,0,0,0,10.0046,11.039,20,99,153,0,0,0,0,0,OK,100,0,0,0,0,0,0,0,0,0,0,0,0,0,0,-1,0,-1,0,0,0,0,0,0,NO_DATA,0,0,0,0,0,0,0,0,0,0,0,0,0,0,0,0,0,0,0,0,0,0,0,OK,0,,0,NONE,,,CONNECTED,0,,0,0,0,0,0,0,0,1,0,0,0,0,0,0,0,0,0,0,0,0,0,0,0,0,0,0,0,6,6,0,0,0,battery?,47,OK,40,570,570
E3-STATE-CLI-001,telemetry-cli-baseline,Telemetry continuity without GUI,STATE_WATCH,31054,125,0,0,0,0,0,0,,,ERROR,,,,314,314,0,0,0,10.0019,10.6681,70,99,153,0,0,0,0,0,OK,100,0,0,0,0,0,0,0,0,0,0,0,0,0,0,-1,0,-1,0,0,0,0,0,0,NO_DATA,0,0,0,0,0,0,0,0,0,0,0,0,0,0,0,0,0,0,0,0,0,0,0,OK,0,,0,NONE,,,CONNECTED,0,,0,0,0,0,0,0,0,1,0,0,0,0,0,0,0,0,0,0,0,0,0,0,0,0,0,0,0,6,6,0,0,0,battery?,47,OK,40,820,820
E3-STATE-CLI-001,telemetry-cli-baseline,Telemetry continuity without GUI,STATE_WATCH,31305,126,0,0,0,0,0,0,,,ERROR,,,,317,317,0,0,0,10.0092,10.3464,21,99,153,0,0,0,0,0,OK,100,0,0,0,0,0,0,0,0,0,0,0,0,0,0,-1,0,-1,0,0,0,0,0,0,NO_DATA,0,0,0,0,0,0,0,0,0,0,0,0,0,0,0,0,0,0,0,0,0,0,0,OK,0,,0,NONE,,,CONNECTED,0,,0,0,0,0,0,0,0,1,0,0,0,0,0,0,0,0,0,0,0,0,0,0,0,0,0,0,0,6,6,0,0,0,battery?,47,OK,40,1071,1071
E3-STATE-CLI-001,telemetry-cli-baseline,Telemetry continuity without GUI,STATE_WATCH,31555,127,0,0,0,0,0,0,,,ERROR,,,,319,319,0,0,0,10.005,10.2231,71,99,153,0,0,0,0,0,OK,100,0,0,0,0,0,0,0,0,0,0,0,0,0,0,-1,0,-1,0,0,0,0,0,0,NO_DATA,0,0,0,0,0,0,0,0,0,0,0,0,0,0,0,0,0,0,0,0,0,0,0,OK,0,,0,NONE,,,CONNECTED,0,,0,0,0,0,0,0,0,1,0,0,0,0,0,0,0,0,0,0,0,0,0,0,0,0,0,0,0,6,6,0,0,0,battery?,47,OK,40,1321,1321
E3-STATE-CLI-001,telemetry-cli-baseline,Telemetry continuity without GUI,STATE_WATCH,31805,128,0,0,0,0,0,0,,,ERROR,,,,322,322,0,0,0,10.0138,10.1171,21,99,153,0,0,0,0,0,OK,100,0,0,0,0,0,0,0,0,0,0,0,0,0,0,-1,0,-1,0,0,0,0,0,0,NO_DATA,0,0,0,0,0,0,0,0,0,0,0,0,0,0,0,0,0,0,0,0,0,0,0,OK,0,,0,NONE,,,CONNECTED,0,,0,0,0,0,0,0,0,1,0,0,0,0,0,0,0,0,0,0,0,0,0,0,0,0,0,0,0,6,6,0,0,0,battery?,47,OK,40,1571,1571
E3-STATE-CLI-001,telemetry-cli-baseline,Telemetry continuity without GUI,STATE_WATCH,32055,129,0,0,0,0,0,0,,,ERROR,,,,324,324,0,0,0,10.0148,10.0794,72,99,153,0,0,0,0,0,OK,100,0,0,0,0,0,0,0,0,0,0,0,0,0,0,-1,0,-1,0,0,0,0,0,0,NO_DATA,0,0,0,0,0,0,0,0,0,0,0,0,0,0,0,0,0,0,0,0,0,0,0,OK,0,,0,NONE,,,CONNECTED,0,,0,0,0,0,0,0,0,1,0,0,0,0,0,0,0,0,0,0,0,0,0,0,0,0,0,0,0,6,6,0,0,0,battery?,47,OK,40,1821,1821
E3-STATE-CLI-001,telemetry-cli-baseline,Telemetry continuity without GUI,STATE_WATCH,32305,130,0,0,0,0,0,0,,,ERROR,,,,327,327,0,0,0,10.0086,10.0441,22,99,153,0,0,0,0,0,OK,100,0,0,0,0,0,0,0,0,0,0,0,0,0,0,-1,0,-1,0,0,0,0,0,0,NO_DATA,0,0,0,0,0,0,0,0,0,0,0,0,0,0,0,0,0,0,0,0,0,0,0,OK,0,,0,NONE,,,CONNECTED,0,,0,0,0,0,0,0,0,1,0,0,0,0,0,0,0,0,0,0,0,0,0,0,0,0,0,0,0,6,6,0,0,0,battery?,47,OK,40,2071,2071
E3-STATE-CLI-001,telemetry-cli-baseline,Telemetry continuity without GUI,STATE_WATCH,32556,131,0,0,0,0,0,0,,,ERROR,,,,329,329,0,0,0,10.0001,10.0298,72,99,153,0,0,0,0,0,OK,100,0,0,0,0,0,0,0,0,0,0,0,0,0,0,-1,0,-1,0,0,0,0,0,0,NO_DATA,0,0,0,0,0,0,0,0,0,0,0,0,0,0,0,0,0,0,0,0,0,0,0,OK,0,,0,NONE,,,CONNECTED,0,,0,0,0,0,0,0,0,1,0,0,0,0,0,0,0,0,0,0,0,0,0,0,0,0,0,0,0,6,6,0,0,0,battery?,47,OK,40,2322,2322
E3-STATE-CLI-001,telemetry-cli-baseline,Telemetry continuity without GUI,STATE_WATCH,32806,132,0,0,0,0,0,0,,,ERROR,,,,332,332,0,0,0,10.0156,10.0201,23,99,153,0,0,0,0,0,OK,100,0,0,0,0,0,0,0,0,0,0,0,0,0,0,-1,0,-1,0,0,0,0,0,0,NO_DATA,0,0,0,0,0,0,0,0,0,0,0,0,0,0,0,0,0,0,0,0,0,0,0,OK,0,,0,NONE,,,CONNECTED,0,,0,0,0,0,0,0,0,1,0,0,0,0,0,0,0,0,0,0,0,0,0,0,0,0,0,0,0,6,6,0,0,0,battery?,47,OK,40,2572,2572
E3-STATE-CLI-001,telemetry-cli-baseline,Telemetry continuity without GUI,STATE_WATCH,33056,133,0,0,0,0,0,0,,,ERROR,,,,334,334,0,0,0,10.0078,10.0158,73,99,153,0,0,0,0,0,OK,100,0,0,0,0,0,0,0,0,0,0,0,0,0,0,-1,0,-1,0,0,0,0,0,0,NO_DATA,0,0,0,0,0,0,0,0,0,0,0,0,0,0,0,0,0,0,0,0,0,0,0,OK,0,,0,NONE,,,CONNECTED,0,,0,0,0,0,0,0,0,1,0,0,0,0,0,0,0,0,0,0,0,0,0,0,0,0,0,0,0,6,6,0,0,0,battery?,47,OK,40,2822,2822
E3-STATE-CLI-001,telemetry-cli-baseline,Telemetry continuity without GUI,STATE_WATCH,33306,134,0,0,0,0,0,0,,,ERROR,,,,337,337,0,0,0,10.0142,10.0118,24,99,153,0,0,0,0,0,OK,100,0,0,0,0,0,0,0,0,0,0,0,0,0,0,-1,0,-1,0,0,0,0,0,0,NO_DATA,0,0,0,0,0,0,0,0,0,0,0,0,0,0,0,0,0,0,0,0,0,0,0,OK,0,,0,NONE,,,CONNECTED,0,,0,0,0,0,0,0,0,1,0,0,0,0,0,0,0,0,0,0,0,0,0,0,0,0,0,0,0,6,6,0,0,0,battery?,47,OK,40,3072,3072
E3-STATE-CLI-001,telemetry-cli-baseline,Telemetry continuity without GUI,STATE_WATCH,33556,135,0,0,0,0,0,0,,,ERROR,,,,339,339,0,0,0,10.0129,10.0094,74,99,153,0,0,0,0,0,OK,100,0,0,0,0,0,0,0,0,0,0,0,0,0,0,-1,0,-1,0,0,0,0,0,0,NO_DATA,0,0,0,0,0,0,0,0,0,0,0,0,0,0,0,0,0,0,0,0,0,0,0,OK,0,,0,NONE,,,CONNECTED,0,,0,0,0,0,0,0,0,1,0,0,0,0,0,0,0,0,0,0,0,0,0,0,0,0,0,0,0,6,6,0,0,0,battery?,47,OK,40,3322,3322
E3-STATE-CLI-001,telemetry-cli-baseline,Telemetry continuity without GUI,STATE_WATCH,33807,136,0,0,0,0,0,0,,,ERROR,,,,342,342,0,0,0,20.0502,12.0164,74,49,153,0,0,0,0,0,OK,100,0,0,0,0,0,0,0,0,0,0,0,0,0,0,-1,0,-1,0,0,0,0,0,0,NO_DATA,0,0,0,0,0,0,0,0,0,0,0,0,0,0,0,0,0,0,0,0,0,0,0,OK,0,,0,NONE,,,CONNECTED,0,,0,0,0,0,0,0,0,1,0,0,0,0,0,0,0,0,0,0,0,0,0,0,0,0,0,0,0,6,6,0,0,0,battery?,47,OK,40,3573,3573
E3-STATE-CLI-001,telemetry-cli-baseline,Telemetry continuity without GUI,STATE_WATCH,34057,137,0,0,0,0,0,0,,,ERROR,,,,345,345,0,0,0,10.0143,11.0362,25,99,153,0,0,0,0,0,OK,100,0,0,0,0,0,0,0,0,0,0,0,0,0,0,-1,0,-1,0,0,0,0,0,0,NO_DATA,0,0,0,0,0,0,0,0,0,0,0,0,0,0,0,0,0,0,0,0,0,0,0,OK,0,,0,NONE,,,CONNECTED,0,,0,0,0,0,0,0,0,1,0,0,0,0,0,0,0,0,0,0,0,0,0,0,0,0,0,0,0,6,6,0,0,0,battery?,47,OK,40,3823,3823
E3-STATE-CLI-001,telemetry-cli-baseline,Telemetry continuity without GUI,STATE_WATCH,34307,138,0,0,0,0,0,0,,,ERROR,,,,347,347,0,0,0,9.98947,10.6622,75,100,153,0,0,0,0,0,OK,100,0,0,0,0,0,0,0,0,0,0,0,0,0,0,-1,0,-1,0,0,0,0,0,0,NO_DATA,0,0,0,0,0,0,0,0,0,0,0,0,0,0,0,0,0,0,0,0,0,0,0,OK,0,,0,NONE,,,CONNECTED,0,,0,0,0,0,0,0,0,1,0,0,0,0,0,0,0,0,0,0,0,0,0,0,0,0,0,0,0,6,6,0,0,0,battery?,47,OK,40,4073,4073
E3-STATE-CLI-001,telemetry-cli-baseline,Telemetry continuity without GUI,STATE_WATCH,34557,139,0,0,0,0,0,0,,,ERROR,,,,350,350,0,0,0,9.98632,10.3408,25,100,153,0,0,0,0,0,OK,100,0,0,0,0,0,0,0,0,0,0,0,0,0,0,-1,0,-1,0,0,0,0,0,0,NO_DATA,0,0,0,0,0,0,0,0,0,0,0,0,0,0,0,0,0,0,0,0,0,0,0,OK,0,,0,NONE,,,CONNECTED,0,,0,0,0,0,0,0,0,1,0,0,0,0,0,0,0,0,0,0,0,0,0,0,0,0,0,0,0,6,6,0,0,0,battery?,47,OK,40,4323,4323
E3-STATE-CLI-001,telemetry-cli-baseline,Telemetry continuity without GUI,STATE_WATCH,34807,140,0,0,0,0,0,0,,,ERROR,,,,352,352,0,0,0,10.0343,10.2254,76,99,153,0,0,0,0,0,OK,100,0,0,0,0,0,0,0,0,0,0,0,0,0,0,-1,0,-1,0,0,0,0,0,0,NO_DATA,0,0,0,0,0,0,0,0,0,0,0,0,0,0,0,0,0,0,0,0,0,0,0,OK,0,,0,NONE,,,CONNECTED,0,,0,0,0,0,0,0,0,1,0,0,0,0,0,0,0,0,0,0,0,0,0,0,0,0,0,0,0,6,6,0,0,0,battery?,47,OK,40,4573,4573
E3-STATE-CLI-001,telemetry-cli-baseline,Telemetry continuity without GUI,STATE_WATCH,35058,141,0,0,0,0,0,0,,,ERROR,,,,355,355,0,0,0,10.2342,10.1295,26,97,153,0,0,0,0,0,OK,100,0,0,0,0,0,0,0,0,0,0,0,0,0,0,-1,0,-1,0,0,0,0,0,0,NO_DATA,0,0,0,0,0,0,0,0,0,0,0,0,0,0,0,0,0,0,0,0,0,0,0,OK,0,,0,NONE,,,CONNECTED,0,,0,0,0,0,0,0,0,1,0,0,0,0,0,0,0,0,0,0,0,0,0,0,0,0,0,0,0,6,6,0,0,0,battery?,47,OK,40,4823,4823
E3-STATE-CLI-001,telemetry-cli-baseline,Telemetry continuity without GUI,STATE_WATCH,35308,142,0,0,0,0,0,0,,,ERROR,,,,357,357,0,0,0,10.0099,10.0849,76,99,153,0,0,0,0,0,OK,100,0,0,0,0,0,0,0,0,0,0,0,0,0,0,-1,0,-1,0,0,0,0,0,0,NO_DATA,0,0,0,0,0,0,0,0,0,0,0,0,0,0,0,0,0,0,0,0,0,0,0,OK,0,,0,NONE,,,CONNECTED,0,,0,0,0,0,0,0,0,1,0,0,0,0,0,0,0,0,0,0,0,0,0,0,0,0,0,0,0,7,7,0,0,0,battery?,47,OK,47,26,26
E3-STATE-CLI-001,telemetry-cli-baseline,Telemetry continuity without GUI,STATE_WATCH,35558,143,0,0,0,0,0,0,,,ERROR,,,,360,360,0,0,0,9.99601,10.0459,27,100,153,0,0,0,0,0,OK,100,0,0,0,0,0,0,0,0,0,0,0,0,0,0,-1,0,-1,0,0,0,0,0,0,NO_DATA,0,0,0,0,0,0,0,0,0,0,0,0,0,0,0,0,0,0,0,0,0,0,0,OK,0,,0,NONE,,,CONNECTED,0,,0,0,0,0,0,0,0,1,0,0,0,0,0,0,0,0,0,0,0,0,0,0,0,0,0,0,0,7,7,0,0,0,battery?,47,OK,47,277,277
E3-STATE-CLI-001,telemetry-cli-baseline,Telemetry continuity without GUI,STATE_WATCH,35808,144,0,0,0,0,0,0,,,ERROR,,,,362,362,0,0,0,9.96849,10.0264,77,100,153,0,0,0,0,0,OK,100,0,0,0,0,0,0,0,0,0,0,0,0,0,0,-1,0,-1,0,0,0,0,0,0,NO_DATA,0,0,0,0,0,0,0,0,0,0,0,0,0,0,0,0,0,0,0,0,0,0,0,OK,0,,0,NONE,,,CONNECTED,0,,0,0,0,0,0,0,0,1,0,0,0,0,0,0,0,0,0,0,0,0,0,0,0,0,0,0,0,7,7,0,0,0,battery?,47,OK,47,527,527
E3-STATE-CLI-001,telemetry-cli-baseline,Telemetry continuity without GUI,STATE_WATCH,36058,145,0,0,0,0,0,0,,,ERROR,,,,365,365,0,0,0,9.99365,10.0171,27,100,153,0,0,0,0,0,OK,100,0,0,0,0,0,0,0,0,0,0,0,0,0,0,-1,0,-1,0,0,0,0,0,0,NO_DATA,0,0,0,0,0,0,0,0,0,0,0,0,0,0,0,0,0,0,0,0,0,0,0,OK,0,,0,NONE,,,CONNECTED,0,,0,0,0,0,0,0,0,1,0,0,0,0,0,0,0,0,0,0,0,0,0,0,0,0,0,0,0,7,7,0,0,0,battery?,47,OK,47,777,777
E3-STATE-CLI-001,telemetry-cli-baseline,Telemetry continuity without GUI,STATE_WATCH,36308,146,0,0,0,0,0,0,,,ERROR,,,,367,367,0,0,0,10.2367,10.0634,80,97,153,0,0,0,0,0,OK,100,0,0,0,0,0,0,0,0,0,0,0,0,0,0,-1,0,-1,0,0,0,0,0,0,NO_DATA,0,0,0,0,0,0,0,0,0,0,0,0,0,0,0,0,0,0,0,0,0,0,0,OK,0,,0,NONE,,,CONNECTED,0,,0,0,0,0,0,0,0,1,0,0,0,0,0,0,0,0,0,0,0,0,0,0,0,0,0,0,0,7,7,0,0,0,battery?,47,OK,47,1027,1027
E3-STATE-CLI-001,telemetry-cli-baseline,Telemetry continuity without GUI,STATE_WATCH,36559,147,0,0,0,0,0,0,,,ERROR,,,,370,370,0,0,0,10.5209,10.2844,45,95,153,0,0,0,0,0,OK,100,0,0,0,0,0,0,0,0,0,0,0,0,0,0,-1,0,-1,0,0,0,0,0,0,NO_DATA,0,0,0,0,0,0,0,0,0,0,0,0,0,0,0,0,0,0,0,0,0,0,0,OK,0,,0,NONE,,,CONNECTED,0,,0,0,0,0,0,0,0,1,0,0,0,0,0,0,0,0,0,0,0,0,0,0,0,0,0,0,0,7,7,0,0,0,battery?,47,OK,47,1277,1277
E3-STATE-CLI-001,telemetry-cli-baseline,Telemetry continuity without GUI,STATE_WATCH,36809,148,0,0,0,0,0,0,,,ERROR,,,,373,373,0,0,0,10.519,10.3973,10,95,153,0,0,0,0,0,OK,100,0,0,0,0,0,0,0,0,0,0,0,0,0,0,-1,0,-1,0,0,0,0,0,0,NO_DATA,0,0,0,0,0,0,0,0,0,0,0,0,0,0,0,0,0,0,0,0,0,0,0,OK,0,,0,NONE,,,CONNECTED,0,,0,0,0,0,0,0,0,1,0,0,0,0,0,0,0,0,0,0,0,0,0,0,0,0,0,0,0,7,7,0,0,0,battery?,47,OK,47,1527,1527
E3-STATE-CLI-001,telemetry-cli-baseline,Telemetry continuity without GUI,STATE_WATCH,37059,149,0,0,0,0,0,0,,,ERROR,,,,375,375,0,0,0,10.5254,10.4417,70,95,153,0,0,0,0,0,OK,100,0,0,0,0,0,0,0,0,0,0,0,0,0,0,-1,0,-1,0,0,0,0,0,0,NO_DATA,0,0,0,0,0,0,0,0,0,0,0,0,0,0,0,0,0,0,0,0,0,0,0,OK,0,,0,NONE,,,CONNECTED,0,,0,0,0,0,0,0,0,1,0,0,0,0,0,0,0,0,0,0,0,0,0,0,0,0,0,0,0,7,7,0,0,0,battery?,47,OK,47,1778,1778
E3-STATE-CLI-001,telemetry-cli-baseline,Telemetry continuity without GUI,STATE_WATCH,37309,150,0,0,0,0,0,0,,,ERROR,,,,378,378,0,0,0,10.466,12.1435,82,95,153,0,0,0,0,0,OK,100,0,0,0,0,0,0,0,0,0,0,0,0,0,0,-1,0,-1,0,0,0,0,0,0,NO_DATA,0,0,0,0,0,0,0,0,0,0,0,0,0,0,0,0,0,0,0,0,0,0,0,OK,0,,0,NONE,,,CONNECTED,0,,0,0,0,0,0,0,0,1,0,0,0,0,0,0,0,0,0,0,0,0,0,0,0,0,0,0,0,7,7,0,0,0,battery?,47,OK,47,2028,2028
E3-STATE-CLI-001,telemetry-cli-baseline,Telemetry continuity without GUI,STATE_WATCH,37559,151,0,0,0,0,0,0,,,ERROR,,,,381,381,0,0,0,10.5082,11.3562,47,95,153,0,0,0,0,0,OK,100,0,0,0,0,0,0,0,0,0,0,0,0,0,0,-1,0,-1,0,0,0,0,0,0,NO_DATA,0,0,0,0,0,0,0,0,0,0,0,0,0,0,0,0,0,0,0,0,0,0,0,OK,0,,0,NONE,,,CONNECTED,0,,0,0,0,0,0,0,0,1,0,0,0,0,0,0,0,0,0,0,0,0,0,0,0,0,0,0,0,7,7,0,0,0,battery?,47,OK,47,2278,2278
E3-STATE-CLI-001,telemetry-cli-baseline,Telemetry continuity without GUI,STATE_WATCH,37809,152,0,0,0,0,0,0,,,ERROR,,,,384,384,0,0,0,10.5217,10.9482,12,95,153,0,0,0,0,0,OK,100,0,0,0,0,0,0,0,0,0,0,0,0,0,0,-1,0,-1,0,0,0,0,0,0,NO_DATA,0,0,0,0,0,0,0,0,0,0,0,0,0,0,0,0,0,0,0,0,0,0,0,OK,0,,0,NONE,,,CONNECTED,0,,0,0,0,0,0,0,0,1,0,0,0,0,0,0,0,0,0,0,0,0,0,0,0,0,0,0,0,7,7,0,0,0,battery?,47,OK,47,2528,2528
E3-STATE-CLI-001,telemetry-cli-baseline,Telemetry continuity without GUI,STATE_WATCH,38060,153,0,0,0,0,0,0,,,ERROR,,,,386,386,0,0,0,10.53,10.7914,72,94,153,0,0,0,0,0,OK,100,0,0,0,0,0,0,0,0,0,0,0,0,0,0,-1,0,-1,0,0,0,0,0,0,NO_DATA,0,0,0,0,0,0,0,0,0,0,0,0,0,0,0,0,0,0,0,0,0,0,0,OK,0,,0,NONE,,,CONNECTED,0,,0,0,0,0,0,0,0,1,0,0,0,0,0,0,0,0,0,0,0,0,0,0,0,0,0,0,0,7,7,0,0,0,battery?,47,OK,47,2778,2778
E3-STATE-CLI-001,telemetry-cli-baseline,Telemetry continuity without GUI,STATE_WATCH,38310,154,0,0,0,0,0,0,,,ERROR,,,,389,389,0,0,0,10.5023,10.655,37,95,153,0,0,0,0,0,OK,100,0,0,0,0,0,0,0,0,0,0,0,0,0,0,-1,0,-1,0,0,0,0,0,0,NO_DATA,0,0,0,0,0,0,0,0,0,0,0,0,0,0,0,0,0,0,0,0,0,0,0,OK,0,,0,NONE,,,CONNECTED,0,,0,0,0,0,0,0,0,1,0,0,0,0,0,0,0,0,0,0,0,0,0,0,0,0,0,0,0,7,7,0,0,0,battery?,47,OK,47,3028,3028
E3-STATE-CLI-001,telemetry-cli-baseline,Telemetry continuity without GUI,STATE_WATCH,38560,155,0,0,0,0,0,0,,,ERROR,,,,392,392,0,0,0,10.5074,10.5871,2,95,153,0,0,0,0,0,OK,100,0,0,0,0,0,0,0,0,0,0,0,0,0,0,-1,0,-1,0,0,0,0,0,0,NO_DATA,0,0,0,0,0,0,0,0,0,0,0,0,0,0,0,0,0,0,0,0,0,0,0,OK,0,,0,NONE,,,CONNECTED,0,,0,0,0,0,0,0,0,1,0,0,0,0,0,0,0,0,0,0,0,0,0,0,0,0,0,0,0,7,7,0,0,0,battery?,47,OK,47,3279,3279
E3-STATE-CLI-001,telemetry-cli-baseline,Telemetry continuity without GUI,STATE_WATCH,38810,156,0,0,0,0,0,0,,,ERROR,,,,394,394,0,0,0,10.6088,10.5668,62,94,153,0,0,0,0,0,OK,100,0,0,0,0,0,0,0,0,0,0,0,0,0,0,-1,0,-1,0,0,0,0,0,0,NO_DATA,0,0,0,0,0,0,0,0,0,0,0,0,0,0,0,0,0,0,0,0,0,0,0,OK,0,,0,NONE,,,CONNECTED,0,,0,0,0,0,0,0,0,1,0,0,0,0,0,0,0,0,0,0,0,0,0,0,0,0,0,0,0,7,7,0,0,0,battery?,47,OK,47,3529,3529
E3-STATE-CLI-001,telemetry-cli-baseline,Telemetry continuity without GUI,STATE_WATCH,39060,157,0,0,0,0,0,0,,,ERROR,,,,397,397,0,0,0,10.517,10.542,27,95,153,0,0,0,0,0,OK,100,0,0,0,0,0,0,0,0,0,0,0,0,0,0,-1,0,-1,0,0,0,0,0,0,NO_DATA,0,0,0,0,0,0,0,0,0,0,0,0,0,0,0,0,0,0,0,0,0,0,0,OK,0,,0,NONE,,,CONNECTED,0,,0,0,0,0,0,0,0,1,0,0,0,0,0,0,0,0,0,0,0,0,0,0,0,0,0,0,0,7,7,0,0,0,battery?,47,OK,47,3779,3779
E3-STATE-CLI-001,telemetry-cli-baseline,Telemetry continuity without GUI,STATE_WATCH,39310,158,0,0,0,0,0,0,,,ERROR,,,,399,399,0,0,0,10.4594,10.5198,86,95,153,0,0,0,0,0,OK,100,0,0,0,0,0,0,0,0,0,0,0,0,0,0,-1,0,-1,0,0,0,0,0,0,NO_DATA,0,0,0,0,0,0,0,0,0,0,0,0,0,0,0,0,0,0,0,0,0,0,0,OK,0,,0,NONE,,,CONNECTED,0,,0,0,0,0,0,0,0,1,0,0,0,0,0,0,0,0,0,0,0,0,0,0,0,0,0,0,0,7,7,0,0,0,battery?,47,OK,47,4029,4029
E3-STATE-CLI-001,telemetry-cli-baseline,Telemetry continuity without GUI,STATE_WATCH,39561,159,0,0,0,0,0,0,,,ERROR,,,,402,402,0,0,0,10.4918,10.5215,51,95,153,0,0,0,0,0,OK,100,0,0,0,0,0,0,0,0,0,0,0,0,0,0,-1,0,-1,0,0,0,0,0,0,NO_DATA,0,0,0,0,0,0,0,0,0,0,0,0,0,0,0,0,0,0,0,0,0,0,0,OK,0,,0,NONE,,,CONNECTED,0,,0,0,0,0,0,0,0,1,0,0,0,0,0,0,0,0,0,0,0,0,0,0,0,0,0,0,0,7,7,0,0,0,battery?,47,OK,47,4279,4279
E3-STATE-CLI-001,telemetry-cli-baseline,Telemetry continuity without GUI,STATE_WATCH,39811,160,0,0,0,0,0,0,,,ERROR,,,,405,405,0,0,0,10.5181,10.5223,16,95,153,0,0,0,0,0,OK,100,0,0,0,0,0,0,0,0,0,0,0,0,0,0,-1,0,-1,0,0,0,0,0,0,NO_DATA,0,0,0,0,0,0,0,0,0,0,0,0,0,0,0,0,0,0,0,0,0,0,0,OK,0,,0,NONE,,,CONNECTED,0,,0,0,0,0,0,0,0,1,0,0,0,0,0,0,0,0,0,0,0,0,0,0,0,0,0,0,0,7,7,0,0,0,battery?,47,OK,47,4530,4530
E3-STATE-CLI-001,telemetry-cli-baseline,Telemetry continuity without GUI,STATE_WATCH,40061,161,0,0,0,0,0,0,,,ERROR,,,,407,407,0,0,0,10.5374,10.5209,77,94,153,0,0,0,0,0,OK,100,0,0,0,0,0,0,0,0,0,0,0,0,0,0,-1,0,-1,0,0,0,0,0,0,NO_DATA,0,0,0,0,0,0,0,0,0,0,0,0,0,0,0,0,0,0,0,0,0,0,0,OK,0,,0,NONE,,,CONNECTED,0,,0,0,0,0,0,0,0,1,0,0,0,0,0,0,0,0,0,0,0,0,0,0,0,0,0,0,0,7,7,0,0,0,battery?,47,OK,47,4780,4780
E3-STATE-CLI-001,telemetry-cli-baseline,Telemetry continuity without GUI,STATE_WATCH,40311,162,0,0,0,0,0,0,,,ERROR,,,,410,410,0,0,0,21.3227,12.6683,89,46,153,0,0,0,0,0,OK,100,0,0,0,0,0,0,0,0,0,0,0,0,0,0,-1,0,-1,0,0,0,0,0,0,NO_DATA,0,0,0,0,0,0,0,0,0,0,0,0,0,0,0,0,0,0,0,0,0,0,0,OK,0,,0,NONE,,,CONNECTED,0,,0,0,0,0,0,0,0,1,0,0,0,0,0,0,0,0,0,0,0,0,0,0,0,0,0,0,0,7,7,0,0,0,battery?,47,OK,47,5030,5030
E3-STATE-CLI-001,telemetry-cli-baseline,Telemetry continuity without GUI,STATE_WATCH,40562,163,0,0,0,0,0,0,,,ERROR,,,,413,413,0,0,0,10.1807,11.5501,51,98,153,0,0,0,0,0,OK,100,0,0,0,0,0,0,0,0,0,0,0,0,0,0,-1,0,-1,0,0,0,0,0,0,NO_DATA,0,0,0,0,0,0,0,0,0,0,0,0,0,0,0,0,0,0,0,0,0,0,0,OK,0,,0,NONE,,,CONNECTED,0,,0,0,0,0,0,0,0,1,0,0,0,0,0,0,0,0,0,0,0,0,0,0,0,0,0,0,0,8,8,0,0,0,battery?,47,OK,36,244,244
E3-STATE-CLI-001,telemetry-cli-baseline,Telemetry continuity without GUI,STATE_WATCH,40812,164,0,0,0,0,0,0,,,ERROR,,,,416,416,0,0,0,10.018,10.7977,1,99,153,0,0,0,0,0,OK,100,0,0,0,0,0,0,0,0,0,0,0,0,0,0,-1,0,-1,0,0,0,0,0,0,NO_DATA,0,0,0,0,0,0,0,0,0,0,0,0,0,0,0,0,0,0,0,0,0,0,0,OK,0,,0,NONE,,,CONNECTED,0,,0,0,0,0,0,0,0,1,0,0,0,0,0,0,0,0,0,0,0,0,0,0,0,0,0,0,0,8,8,0,0,0,battery?,47,OK,36,494,494
E3-STATE-CLI-001,telemetry-cli-baseline,Telemetry continuity without GUI,STATE_WATCH,41062,165,0,0,0,0,0,0,,,ERROR,,,,418,418,0,0,0,10.0047,10.5119,51,99,153,0,0,0,0,0,OK,100,0,0,0,0,0,0,0,0,0,0,0,0,0,0,-1,0,-1,0,0,0,0,0,0,NO_DATA,0,0,0,0,0,0,0,0,0,0,0,0,0,0,0,0,0,0,0,0,0,0,0,OK,0,,0,NONE,,,CONNECTED,0,,0,0,0,0,0,0,0,1,0,0,0,0,0,0,0,0,0,0,0,0,0,0,0,0,0,0,0,8,8,0,0,0,battery?,47,OK,36,744,744
E3-STATE-CLI-001,telemetry-cli-baseline,Telemetry continuity without GUI,STATE_WATCH,41312,166,0,0,0,0,0,0,,,ERROR,,,,421,421,0,0,0,10.0058,10.2643,2,99,153,0,0,0,0,0,OK,100,0,0,0,0,0,0,0,0,0,0,0,0,0,0,-1,0,-1,0,0,0,0,0,0,NO_DATA,0,0,0,0,0,0,0,0,0,0,0,0,0,0,0,0,0,0,0,0,0,0,0,OK,0,,0,NONE,,,CONNECTED,0,,0,0,0,0,0,0,0,1,0,0,0,0,0,0,0,0,0,0,0,0,0,0,0,0,0,0,0,8,8,0,0,0,battery?,47,OK,36,995,995
E3-STATE-CLI-001,telemetry-cli-baseline,Telemetry continuity without GUI,STATE_WATCH,41562,167,0,0,0,0,0,0,,,ERROR,,,,423,423,0,0,0,9.98519,10.1671,52,100,153,0,0,0,0,0,OK,100,0,0,0,0,0,0,0,0,0,0,0,0,0,0,-1,0,-1,0,0,0,0,0,0,NO_DATA,0,0,0,0,0,0,0,0,0,0,0,0,0,0,0,0,0,0,0,0,0,0,0,OK,0,,0,NONE,,,CONNECTED,0,,0,0,0,0,0,0,0,1,0,0,0,0,0,0,0,0,0,0,0,0,0,0,0,0,0,0,0,8,8,0,0,0,battery?,47,OK,36,1245,1245
E3-STATE-CLI-001,telemetry-cli-baseline,Telemetry continuity without GUI,STATE_WATCH,41812,168,0,0,0,0,0,0,,,ERROR,,,,426,426,0,0,0,10.0044,10.0911,2,99,153,0,0,0,0,0,OK,100,0,0,0,0,0,0,0,0,0,0,0,0,0,0,-1,0,-1,0,0,0,0,0,0,NO_DATA,0,0,0,0,0,0,0,0,0,0,0,0,0,0,0,0,0,0,0,0,0,0,0,OK,0,,0,NONE,,,CONNECTED,0,,0,0,0,0,0,0,0,1,0,0,0,0,0,0,0,0,0,0,0,0,0,0,0,0,0,0,0,8,8,0,0,0,battery?,47,OK,36,1495,1495
E3-STATE-CLI-001,telemetry-cli-baseline,Telemetry continuity without GUI,STATE_WATCH,42063,169,0,0,0,0,0,0,,,ERROR,,,,428,428,0,0,0,10.0042,10.0599,53,99,153,0,0,0,0,0,OK,100,0,0,0,0,0,0,0,0,0,0,0,0,0,0,-1,0,-1,0,0,0,0,0,0,NO_DATA,0,0,0,0,0,0,0,0,0,0,0,0,0,0,0,0,0,0,0,0,0,0,0,OK,0,,0,NONE,,,CONNECTED,0,,0,0,0,0,0,0,0,1,0,0,0,0,0,0,0,0,0,0,0,0,0,0,0,0,0,0,0,8,8,0,0,0,battery?,47,OK,36,1745,1745
E3-STATE-CLI-001,telemetry-cli-baseline,Telemetry continuity without GUI,STATE_WATCH,42313,170,0,0,0,0,0,0,,,ERROR,,,,431,431,0,0,0,9.98998,10.0304,3,100,153,0,0,0,0,0,OK,100,0,0,0,0,0,0,0,0,0,0,0,0,0,0,-1,0,-1,0,0,0,0,0,0,NO_DATA,0,0,0,0,0,0,0,0,0,0,0,0,0,0,0,0,0,0,0,0,0,0,0,OK,0,,0,NONE,,,CONNECTED,0,,0,0,0,0,0,0,0,1,0,0,0,0,0,0,0,0,0,0,0,0,0,0,0,0,0,0,0,8,8,0,0,0,battery?,47,OK,36,1995,1995
E3-STATE-CLI-001,telemetry-cli-baseline,Telemetry continuity without GUI,STATE_WATCH,42563,171,0,0,0,0,0,0,,,ERROR,,,,433,433,0,0,0,10.0019,10.0211,53,99,153,0,0,0,0,0,OK,100,0,0,0,0,0,0,0,0,0,0,0,0,0,0,-1,0,-1,0,0,0,0,0,0,NO_DATA,0,0,0,0,0,0,0,0,0,0,0,0,0,0,0,0,0,0,0,0,0,0,0,OK,0,,0,NONE,,,CONNECTED,0,,0,0,0,0,0,0,0,1,0,0,0,0,0,0,0,0,0,0,0,0,0,0,0,0,0,0,0,8,8,0,0,0,battery?,47,OK,36,2246,2246
E3-STATE-CLI-001,telemetry-cli-baseline,Telemetry continuity without GUI,STATE_WATCH,42813,172,0,0,0,0,0,0,,,ERROR,,,,436,436,0,0,0,9.96755,10.0078,3,100,153,0,0,0,0,0,OK,100,0,0,0,0,0,0,0,0,0,0,0,0,0,0,-1,0,-1,0,0,0,0,0,0,NO_DATA,0,0,0,0,0,0,0,0,0,0,0,0,0,0,0,0,0,0,0,0,0,0,0,OK,0,,0,NONE,,,CONNECTED,0,,0,0,0,0,0,0,0,1,0,0,0,0,0,0,0,0,0,0,0,0,0,0,0,0,0,0,0,8,8,0,0,0,battery?,47,OK,36,2496,2496
E3-STATE-CLI-001,telemetry-cli-baseline,Telemetry continuity without GUI,STATE_WATCH,43063,173,0,0,0,0,0,0,,,ERROR,,,,438,438,0,0,0,10.012,10.0132,54,99,153,0,0,0,0,0,OK,100,0,0,0,0,0,0,0,0,0,0,0,0,0,0,-1,0,-1,0,0,0,0,0,0,NO_DATA,0,0,0,0,0,0,0,0,0,0,0,0,0,0,0,0,0,0,0,0,0,0,0,OK,0,,0,NONE,,,CONNECTED,0,,0,0,0,0,0,0,0,1,0,0,0,0,0,0,0,0,0,0,0,0,0,0,0,0,0,0,0,8,8,0,0,0,battery?,47,OK,36,2746,2746
E3-STATE-CLI-001,telemetry-cli-baseline,Telemetry continuity without GUI,STATE_WATCH,43314,174,0,0,0,0,0,0,,,ERROR,,,,441,441,0,0,0,20.0481,12.0162,54,49,153,0,0,0,0,0,OK,100,0,0,0,0,0,0,0,0,0,0,0,0,0,0,-1,0,-1,0,0,0,0,0,0,NO_DATA,0,0,0,0,0,0,0,0,0,0,0,0,0,0,0,0,0,0,0,0,0,0,0,OK,0,,0,NONE,,,CONNECTED,0,,0,0,0,0,0,0,0,1,0,0,0,0,0,0,0,0,0,0,0,0,0,0,0,0,0,0,0,8,8,0,0,0,battery?,47,OK,36,2996,2996
E3-STATE-CLI-001,telemetry-cli-baseline,Telemetry continuity without GUI,STATE_WATCH,43564,175,0,0,0,0,0,0,,,ERROR,,,,444,444,0,0,0,10.0045,11.0338,4,99,153,0,0,0,0,0,OK,100,0,0,0,0,0,0,0,0,0,0,0,0,0,0,-1,0,-1,0,0,0,0,0,0,NO_DATA,0,0,0,0,0,0,0,0,0,0,0,0,0,0,0,0,0,0,0,0,0,0,0,OK,0,,0,NONE,,,CONNECTED,0,,0,0,0,0,0,0,0,1,0,0,0,0,0,0,0,0,0,0,0,0,0,0,0,0,0,0,0,8,8,0,0,0,battery?,47,OK,36,3246,3246
E3-STATE-CLI-001,telemetry-cli-baseline,Telemetry continuity without GUI,STATE_WATCH,43814,176,0,0,0,0,0,0,,,ERROR,,,,446,446,0,0,0,10.0303,10.6654,55,99,153,0,0,0,0,0,OK,100,0,0,0,0,0,0,0,0,0,0,0,0,0,0,-1,0,-1,0,0,0,0,0,0,NO_DATA,0,0,0,0,0,0,0,0,0,0,0,0,0,0,0,0,0,0,0,0,0,0,0,OK,0,,0,NONE,,,CONNECTED,0,,0,0,0,0,0,0,0,1,0,0,0,0,0,0,0,0,0,0,0,0,0,0,0,0,0,0,0,8,8,0,0,0,battery?,47,OK,36,3497,3497
E3-STATE-CLI-001,telemetry-cli-baseline,Telemetry continuity without GUI,STATE_WATCH,44064,177,0,0,0,0,0,0,,,ERROR,,,,449,449,0,0,0,10.0059,10.3419,5,99,153,0,0,0,0,0,OK,100,0,0,0,0,0,0,0,0,0,0,0,0,0,0,-1,0,-1,0,0,0,0,0,0,NO_DATA,0,0,0,0,0,0,0,0,0,0,0,0,0,0,0,0,0,0,0,0,0,0,0,OK,0,,0,NONE,,,CONNECTED,0,,0,0,0,0,0,0,0,1,0,0,0,0,0,0,0,0,0,0,0,0,0,0,0,0,0,0,0,8,8,0,0,0,battery?,47,OK,36,3747,3747
E3-STATE-CLI-001,telemetry-cli-baseline,Telemetry continuity without GUI,STATE_WATCH,44314,178,0,0,0,0,0,0,,,ERROR,,,,451,451,0,0,0,10.0031,10.2207,55,99,153,0,0,0,0,0,OK,100,0,0,0,0,0,0,0,0,0,0,0,0,0,0,-1,0,-1,0,0,0,0,0,0,NO_DATA,0,0,0,0,0,0,0,0,0,0,0,0,0,0,0,0,0,0,0,0,0,0,0,OK,0,,0,NONE,,,CONNECTED,0,,0,0,0,0,0,0,0,1,0,0,0,0,0,0,0,0,0,0,0,0,0,0,0,0,0,0,0,8,8,0,0,0,battery?,47,OK,36,3997,3997
E3-STATE-CLI-001,telemetry-cli-baseline,Telemetry continuity without GUI,STATE_WATCH,44565,179,0,0,0,0,0,0,,,ERROR,,,,454,454,0,0,0,10.0004,10.115,6,99,153,0,0,0,0,0,OK,100,0,0,0,0,0,0,0,0,0,0,0,0,0,0,-1,0,-1,0,0,0,0,0,0,NO_DATA,0,0,0,0,0,0,0,0,0,0,0,0,0,0,0,0,0,0,0,0,0,0,0,OK,0,,0,NONE,,,CONNECTED,0,,0,0,0,0,0,0,0,1,0,0,0,0,0,0,0,0,0,0,0,0,0,0,0,0,0,0,0,8,8,0,0,0,battery?,47,OK,36,4247,4247
E3-STATE-CLI-001,telemetry-cli-baseline,Telemetry continuity without GUI,STATE_WATCH,44815,180,0,0,0,0,0,0,,,ERROR,,,,456,456,0,0,0,10.0056,10.0753,56,99,153,0,0,0,0,0,OK,100,0,0,0,0,0,0,0,0,0,0,0,0,0,0,-1,0,-1,0,0,0,0,0,0,NO_DATA,0,0,0,0,0,0,0,0,0,0,0,0,0,0,0,0,0,0,0,0,0,0,0,OK,0,,0,NONE,,,CONNECTED,0,,0,0,0,0,0,0,0,1,0,0,0,0,0,0,0,0,0,0,0,0,0,0,0,0,0,0,0,8,8,0,0,0,battery?,47,OK,36,4497,4497
E3-STATE-CLI-001,telemetry-cli-baseline,Telemetry continuity without GUI,STATE_WATCH,45065,181,0,0,0,0,0,0,,,ERROR,,,,459,459,0,0,0,10.0077,10.0415,6,99,153,0,0,0,0,0,OK,100,0,0,0,0,0,0,0,0,0,0,0,0,0,0,-1,0,-1,0,0,0,0,0,0,NO_DATA,0,0,0,0,0,0,0,0,0,0,0,0,0,0,0,0,0,0,0,0,0,0,0,OK,0,,0,NONE,,,CONNECTED,0,,0,0,0,0,0,0,0,1,0,0,0,0,0,0,0,0,0,0,0,0,0,0,0,0,0,0,0,8,8,0,0,0,battery?,47,OK,36,4748,4748
E3-STATE-CLI-001,telemetry-cli-baseline,Telemetry continuity without GUI,STATE_WATCH,45315,182,0,0,0,0,0,0,,,ERROR,,,,461,461,0,0,0,10.007,10.0282,57,99,153,0,0,0,0,0,OK,100,0,0,0,0,0,0,0,0,0,0,0,0,0,0,-1,0,-1,0,0,0,0,0,0,NO_DATA,0,0,0,0,0,0,0,0,0,0,0,0,0,0,0,0,0,0,0,0,0,0,0,OK,0,,0,NONE,,,CONNECTED,0,,0,0,0,0,0,0,0,1,0,0,0,0,0,0,0,0,0,0,0,0,0,0,0,0,0,0,0,8,8,0,0,0,battery?,47,OK,36,4998,4998
E3-STATE-CLI-001,telemetry-cli-baseline,Telemetry continuity without GUI,STATE_WATCH,45565,183,0,0,0,0,0,0,,,ERROR,,,,464,464,0,0,0,9.97877,10.0122,7,100,153,0,0,0,0,0,OK,100,0,0,0,0,0,0,0,0,0,0,0,0,0,0,-1,0,-1,0,0,0,0,0,0,NO_DATA,0,0,0,0,0,0,0,0,0,0,0,0,0,0,0,0,0,0,0,0,0,0,0,OK,0,,0,NONE,,,CONNECTED,0,,0,0,0,0,0,0,0,1,0,0,0,0,0,0,0,0,0,0,0,0,0,0,0,0,0,0,0,9,9,0,0,0,battery?,46,OK,41,207,207
E3-STATE-CLI-001,telemetry-cli-baseline,Telemetry continuity without GUI,STATE_WATCH,45815,184,0,0,0,0,0,0,,,ERROR,,,,466,466,0,0,0,10.0383,10.0145,57,99,153,0,0,0,0,0,OK,100,0,0,0,0,0,0,0,0,0,0,0,0,0,0,-1,0,-1,0,0,0,0,0,0,NO_DATA,0,0,0,0,0,0,0,0,0,0,0,0,0,0,0,0,0,0,0,0,0,0,0,OK,0,,0,NONE,,,CONNECTED,0,,0,0,0,0,0,0,0,1,0,0,0,0,0,0,0,0,0,0,0,0,0,0,0,0,0,0,0,9,9,0,0,0,battery?,46,OK,41,457,457
E3-STATE-CLI-001,telemetry-cli-baseline,Telemetry continuity without GUI,STATE_WATCH,46066,185,0,0,0,0,0,0,,,ERROR,,,,469,469,0,0,0,10.0005,10.0096,7,99,153,0,0,0,0,0,OK,100,0,0,0,0,0,0,0,0,0,0,0,0,0,0,-1,0,-1,0,0,0,0,0,0,NO_DATA,0,0,0,0,0,0,0,0,0,0,0,0,0,0,0,0,0,0,0,0,0,0,0,OK,0,,0,NONE,,,CONNECTED,0,,0,0,0,0,0,0,0,1,0,0,0,0,0,0,0,0,0,0,0,0,0,0,0,0,0,0,0,9,9,0,0,0,battery?,46,OK,41,707,707
E3-STATE-CLI-001,telemetry-cli-baseline,Telemetry continuity without GUI,STATE_WATCH,46316,186,0,0,0,0,0,0,,,ERROR,,,,471,471,0,0,0,10.004,10.0082,58,99,153,0,0,0,0,0,OK,100,0,0,0,0,0,0,0,0,0,0,0,0,0,0,-1,0,-1,0,0,0,0,0,0,NO_DATA,0,0,0,0,0,0,0,0,0,0,0,0,0,0,0,0,0,0,0,0,0,0,0,OK,0,,0,NONE,,,CONNECTED,0,,0,0,0,0,0,0,0,1,0,0,0,0,0,0,0,0,0,0,0,0,0,0,0,0,0,0,0,9,9,0,0,0,battery?,46,OK,41,957,957
E3-STATE-CLI-001,telemetry-cli-baseline,Telemetry continuity without GUI,STATE_WATCH,46566,187,0,0,0,0,0,0,,,ERROR,,,,474,474,0,0,0,10.3464,11.4719,58,96,153,0,0,0,0,0,OK,100,0,0,0,0,0,0,0,0,0,0,0,0,0,0,-1,0,-1,0,0,0,0,0,0,NO_DATA,0,0,0,0,0,0,0,0,0,0,0,0,0,0,0,0,0,0,0,0,0,0,0,OK,0,,0,NONE,,,CONNECTED,0,,0,0,0,0,0,0,0,1,0,0,0,0,0,0,0,0,0,0,0,0,0,0,0,0,0,0,0,9,9,0,0,0,battery?,46,OK,41,1208,1208
E3-STATE-CLI-001,telemetry-cli-baseline,Telemetry continuity without GUI,STATE_WATCH,46816,188,0,0,0,0,0,0,,,ERROR,,,,477,477,0,0,0,10.0097,10.7585,8,99,153,0,0,0,0,0,OK,100,0,0,0,0,0,0,0,0,0,0,0,0,0,0,-1,0,-1,0,0,0,0,0,0,NO_DATA,0,0,0,0,0,0,0,0,0,0,0,0,0,0,0,0,0,0,0,0,0,0,0,OK,0,,0,NONE,,,CONNECTED,0,,0,0,0,0,0,0,0,1,0,0,0,0,0,0,0,0,0,0,0,0,0,0,0,0,0,0,0,9,9,0,0,0,battery?,46,OK,41,1458,1458
E3-STATE-CLI-001,telemetry-cli-baseline,Telemetry continuity without GUI,STATE_WATCH,47067,189,0,0,0,0,0,0,,,ERROR,,,,479,479,0,0,0,10.0044,10.4864,59,99,153,0,0,0,0,0,OK,100,0,0,0,0,0,0,0,0,0,0,0,0,0,0,-1,0,-1,0,0,0,0,0,0,NO_DATA,0,0,0,0,0,0,0,0,0,0,0,0,0,0,0,0,0,0,0,0,0,0,0,OK,0,,0,NONE,,,CONNECTED,0,,0,0,0,0,0,0,0,1,0,0,0,0,0,0,0,0,0,0,0,0,0,0,0,0,0,0,0,9,9,0,0,0,battery?,46,OK,41,1708,1708
E3-STATE-CLI-001,telemetry-cli-baseline,Telemetry continuity without GUI,STATE_WATCH,47317,190,0,0,0,0,0,0,,,ERROR,,,,482,482,0,0,0,10.0023,10.2514,9,99,153,0,0,0,0,0,OK,100,0,0,0,0,0,0,0,0,0,0,0,0,0,0,-1,0,-1,0,0,0,0,0,0,NO_DATA,0,0,0,0,0,0,0,0,0,0,0,0,0,0,0,0,0,0,0,0,0,0,0,OK,0,,0,NONE,,,CONNECTED,0,,0,0,0,0,0,0,0,1,0,0,0,0,0,0,0,0,0,0,0,0,0,0,0,0,0,0,0,9,9,0,0,0,battery?,46,OK,41,1958,1958
E3-STATE-CLI-001,telemetry-cli-baseline,Telemetry continuity without GUI,STATE_WATCH,47567,191,0,0,0,0,0,0,,,ERROR,,,,484,484,0,0,0,10.0145,10.1627,59,99,153,0,0,0,0,0,OK,100,0,0,0,0,0,0,0,0,0,0,0,0,0,0,-1,0,-1,0,0,0,0,0,0,NO_DATA,0,0,0,0,0,0,0,0,0,0,0,0,0,0,0,0,0,0,0,0,0,0,0,OK,0,,0,NONE,,,CONNECTED,0,,0,0,0,0,0,0,0,1,0,0,0,0,0,0,0,0,0,0,0,0,0,0,0,0,0,0,0,9,9,0,0,0,battery?,46,OK,41,2208,2208
E3-STATE-CLI-001,telemetry-cli-baseline,Telemetry continuity without GUI,STATE_WATCH,47817,192,0,0,0,0,0,0,,,ERROR,,,,487,487,0,0,0,10.0068,10.0852,10,99,153,0,0,0,0,0,OK,100,0,0,0,0,0,0,0,0,0,0,0,0,0,0,-1,0,-1,0,0,0,0,0,0,NO_DATA,0,0,0,0,0,0,0,0,0,0,0,0,0,0,0,0,0,0,0,0,0,0,0,OK,0,,0,NONE,,,CONNECTED,0,,0,0,0,0,0,0,0,1,0,0,0,0,0,0,0,0,0,0,0,0,0,0,0,0,0,0,0,9,9,0,0,0,battery?,46,OK,41,2459,2459
E3-STATE-CLI-001,telemetry-cli-baseline,Telemetry continuity without GUI,STATE_WATCH,48067,193,0,0,0,0,0,0,,,ERROR,,,,489,489,0,0,0,10.0047,10.0555,60,99,153,0,0,0,0,0,OK,100,0,0,0,0,0,0,0,0,0,0,0,0,0,0,-1,0,-1,0,0,0,0,0,0,NO_DATA,0,0,0,0,0,0,0,0,0,0,0,0,0,0,0,0,0,0,0,0,0,0,0,OK,0,,0,NONE,,,CONNECTED,0,,0,0,0,0,0,0,0,1,0,0,0,0,0,0,0,0,0,0,0,0,0,0,0,0,0,0,0,9,9,0,0,0,battery?,46,OK,41,2709,2709
E3-STATE-CLI-001,telemetry-cli-baseline,Telemetry continuity without GUI,STATE_WATCH,48318,194,0,0,0,0,0,0,,,ERROR,,,,492,492,0,0,0,10.0347,10.0327,10,99,153,0,0,0,0,0,OK,100,0,0,0,0,0,0,0,0,0,0,0,0,0,0,-1,0,-1,0,0,0,0,0,0,NO_DATA,0,0,0,0,0,0,0,0,0,0,0,0,0,0,0,0,0,0,0,0,0,0,0,OK,0,,0,NONE,,,CONNECTED,0,,0,0,0,0,0,0,0,1,0,0,0,0,0,0,0,0,0,0,0,0,0,0,0,0,0,0,0,9,9,0,0,0,battery?,46,OK,41,2959,2959
E3-STATE-CLI-001,telemetry-cli-baseline,Telemetry continuity without GUI,STATE_WATCH,48568,195,0,0,0,0,0,0,,,ERROR,,,,494,494,0,0,0,10.0047,10.0226,61,99,153,0,0,0,0,0,OK,100,0,0,0,0,0,0,0,0,0,0,0,0,0,0,-1,0,-1,0,0,0,0,0,0,NO_DATA,0,0,0,0,0,0,0,0,0,0,0,0,0,0,0,0,0,0,0,0,0,0,0,OK,0,,0,NONE,,,CONNECTED,0,,0,0,0,0,0,0,0,1,0,0,0,0,0,0,0,0,0,0,0,0,0,0,0,0,0,0,0,9,9,0,0,0,battery?,46,OK,41,3209,3209
E3-STATE-CLI-001,telemetry-cli-baseline,Telemetry continuity without GUI,STATE_WATCH,48818,196,0,0,0,0,0,0,,,ERROR,,,,497,497,0,0,0,10.0254,10.017,11,99,153,0,0,0,0,0,OK,100,0,0,0,0,0,0,0,0,0,0,0,0,0,0,-1,0,-1,0,0,0,0,0,0,NO_DATA,0,0,0,0,0,0,0,0,0,0,0,0,0,0,0,0,0,0,0,0,0,0,0,OK,0,,0,NONE,,,CONNECTED,0,,0,0,0,0,0,0,0,1,0,0,0,0,0,0,0,0,0,0,0,0,0,0,0,0,0,0,0,9,9,0,0,0,battery?,46,OK,41,3459,3459
E3-STATE-CLI-001,telemetry-cli-baseline,Telemetry continuity without GUI,STATE_WATCH,49068,197,0,0,0,0,0,0,,,ERROR,,,,499,499,0,0,0,9.99751,10.0107,61,100,153,0,0,0,0,0,OK,100,0,0,0,0,0,0,0,0,0,0,0,0,0,0,-1,0,-1,0,0,0,0,0,0,NO_DATA,0,0,0,0,0,0,0,0,0,0,0,0,0,0,0,0,0,0,0,0,0,0,0,OK,0,,0,NONE,,,CONNECTED,0,,0,0,0,0,0,0,0,1,0,0,0,0,0,0,0,0,0,0,0,0,0,0,0,0,0,0,0,9,9,0,0,0,battery?,46,OK,41,3710,3710
E3-STATE-CLI-001,telemetry-cli-baseline,Telemetry continuity without GUI,STATE_WATCH,49318,198,0,0,0,0,0,0,,,ERROR,,,,502,502,0,0,0,10.0001,10.0098,12,99,153,0,0,0,0,0,OK,100,0,0,0,0,0,0,0,0,0,0,0,0,0,0,-1,0,-1,0,0,0,0,0,0,NO_DATA,0,0,0,0,0,0,0,0,0,0,0,0,0,0,0,0,0,0,0,0,0,0,0,OK,0,,0,NONE,,,CONNECTED,0,,0,0,0,0,0,0,0,1,0,0,0,0,0,0,0,0,0,0,0,0,0,0,0,0,0,0,0,9,9,0,0,0,battery?,46,OK,41,3960,3960
E3-STATE-CLI-001,telemetry-cli-baseline,Telemetry continuity without GUI,STATE_WATCH,49569,199,0,0,0,0,0,0,,,ERROR,,,,504,504,0,0,0,10.0026,10.0078,62,99,153,0,0,0,0,0,OK,100,0,0,0,0,0,0,0,0,0,0,0,0,0,0,-1,0,-1,0,0,0,0,0,0,NO_DATA,0,0,0,0,0,0,0,0,0,0,0,0,0,0,0,0,0,0,0,0,0,0,0,OK,0,,0,NONE,,,CONNECTED,0,,0,0,0,0,0,0,0,1,0,0,0,0,0,0,0,0,0,0,0,0,0,0,0,0,0,0,0,9,9,0,0,0,battery?,46,OK,41,4210,4210
E3-STATE-CLI-001,telemetry-cli-baseline,Telemetry continuity without GUI,STATE_WATCH,49819,200,0,0,0,0,0,0,,,ERROR,,,,507,507,0,0,0,9.97543,10.0006,12,100,153,0,0,0,0,0,OK,100,0,0,0,0,0,0,0,0,0,0,0,0,0,0,-1,0,-1,0,0,0,0,0,0,NO_DATA,0,0,0,0,0,0,0,0,0,0,0,0,0,0,0,0,0,0,0,0,0,0,0,OK,0,,0,NONE,,,CONNECTED,0,,0,0,0,0,0,0,0,1,0,0,0,0,0,0,0,0,0,0,0,0,0,0,0,0,0,0,0,9,9,0,0,0,battery?,46,OK,41,4460,4460
E3-STATE-CLI-001,telemetry-cli-baseline,Telemetry continuity without GUI,STATE_WATCH,50069,201,0,0,0,0,0,0,,,ERROR,,,,510,510,0,0,0,10.0616,11.2668,12,99,153,0,0,0,0,0,OK,100,0,0,0,0,0,0,0,0,0,0,0,0,0,0,-1,0,-1,0,0,0,0,0,0,NO_DATA,0,0,0,0,0,0,0,0,0,0,0,0,0,0,0,0,0,0,0,0,0,0,0,OK,0,,0,NONE,,,CONNECTED,0,,0,0,0,0,0,0,0,1,0,0,0,0,0,0,0,0,0,0,0,0,0,0,0,0,0,0,0,9,9,0,0,0,battery?,46,OK,41,4710,4710
E3-STATE-CLI-001,telemetry-cli-baseline,Telemetry continuity without GUI,STATE_WATCH,50319,202,0,0,0,0,0,0,,,ERROR,,,,512,512,0,0,0,9.27353,10.6783,55,107,153,0,0,0,0,0,OK,100,0,0,0,0,0,0,0,0,0,0,0,0,0,0,-1,0,-1,0,0,0,0,0,0,NO_DATA,0,0,0,0,0,0,0,0,0,0,0,0,0,0,0,0,0,0,0,0,0,0,0,OK,0,,0,NONE,,,CONNECTED,0,,0,0,0,0,0,0,0,1,0,0,0,0,0,0,0,0,0,0,0,0,0,0,0,0,0,0,0,9,9,0,0,0,battery?,46,OK,41,4961,4961
E3-STATE-CLI-001,telemetry-cli-baseline,Telemetry continuity without GUI,STATE_WATCH,50569,203,0,0,0,0,0,0,,,ERROR,,,,515,515,0,0,0,10.0936,10.4602,13,99,153,0,0,0,0,0,OK,100,0,0,0,0,0,0,0,0,0,0,0,0,0,0,-1,0,-1,0,0,0,0,0,0,NO_DATA,0,0,0,0,0,0,0,0,0,0,0,0,0,0,0,0,0,0,0,0,0,0,0,OK,0,,0,NONE,,,CONNECTED,0,,0,0,0,0,0,0,0,1,0,0,0,0,0,0,0,0,0,0,0,0,0,0,0,0,0,0,0,10,10,0,0,0,battery?,46,OK,47,163,163
E3-STATE-CLI-001,telemetry-cli-baseline,Telemetry continuity without GUI,STATE_WATCH,50819,204,0,0,0,0,0,0,,,ERROR,,,,517,517,0,0,0,10.1081,10.305,63,98,153,0,0,0,0,0,OK,100,0,0,0,0,0,0,0,0,0,0,0,0,0,0,-1,0,-1,0,0,0,0,0,0,NO_DATA,0,0,0,0,0,0,0,0,0,0,0,0,0,0,0,0,0,0,0,0,0,0,0,OK,0,,0,NONE,,,CONNECTED,0,,0,0,0,0,0,0,0,1,0,0,0,0,0,0,0,0,0,0,0,0,0,0,0,0,0,0,0,10,10,0,0,0,battery?,46,OK,47,413,413
E3-STATE-CLI-001,telemetry-cli-baseline,Telemetry continuity without GUI,STATE_WATCH,51070,205,0,0,0,0,0,0,,,ERROR,,,,520,520,0,0,0,10.032,10.1587,14,99,153,0,0,0,0,0,OK,100,0,0,0,0,0,0,0,0,0,0,0,0,0,0,-1,0,-1,0,0,0,0,0,0,NO_DATA,0,0,0,0,0,0,0,0,0,0,0,0,0,0,0,0,0,0,0,0,0,0,0,OK,0,,0,NONE,,,CONNECTED,0,,0,0,0,0,0,0,0,1,0,0,0,0,0,0,0,0,0,0,0,0,0,0,0,0,0,0,0,10,10,0,0,0,battery?,46,OK,47,663,663
E3-STATE-CLI-001,telemetry-cli-baseline,Telemetry continuity without GUI,STATE_WATCH,51320,206,0,0,0,0,0,0,,,ERROR,,,,522,522,0,0,0,9.94018,10.0909,63,100,153,0,0,0,0,0,OK,100,0,0,0,0,0,0,0,0,0,0,0,0,0,0,-1,0,-1,0,0,0,0,0,0,NO_DATA,0,0,0,0,0,0,0,0,0,0,0,0,0,0,0,0,0,0,0,0,0,0,0,OK,0,,0,NONE,,,CONNECTED,0,,0,0,0,0,0,0,0,1,0,0,0,0,0,0,0,0,0,0,0,0,0,0,0,0,0,0,0,10,10,0,0,0,battery?,46,OK,47,914,914
E3-STATE-CLI-001,telemetry-cli-baseline,Telemetry continuity without GUI,STATE_WATCH,51570,207,0,0,0,0,0,0,,,ERROR,,,,525,525,0,0,0,9.99016,10.0504,14,100,153,0,0,0,0,0,OK,100,0,0,0,0,0,0,0,0,0,0,0,0,0,0,-1,0,-1,0,0,0,0,0,0,NO_DATA,0,0,0,0,0,0,0,0,0,0,0,0,0,0,0,0,0,0,0,0,0,0,0,OK,0,,0,NONE,,,CONNECTED,0,,0,0,0,0,0,0,0,1,0,0,0,0,0,0,0,0,0,0,0,0,0,0,0,0,0,0,0,10,10,0,0,0,battery?,46,OK,47,1164,1164
E3-STATE-CLI-001,telemetry-cli-baseline,Telemetry continuity without GUI,STATE_WATCH,51820,208,0,0,0,0,0,0,,,ERROR,,,,527,527,0,0,0,9.98618,10.0351,64,100,153,0,0,0,0,0,OK,100,0,0,0,0,0,0,0,0,0,0,0,0,0,0,-1,0,-1,0,0,0,0,0,0,NO_DATA,0,0,0,0,0,0,0,0,0,0,0,0,0,0,0,0,0,0,0,0,0,0,0,OK,0,,0,NONE,,,CONNECTED,0,,0,0,0,0,0,0,0,1,0,0,0,0,0,0,0,0,0,0,0,0,0,0,0,0,0,0,0,10,10,0,0,0,battery?,46,OK,47,1414,1414
E3-STATE-CLI-001,telemetry-cli-baseline,Telemetry continuity without GUI,STATE_WATCH,52070,209,0,0,0,0,0,0,,,ERROR,,,,530,530,0,0,0,9.89704,10.0021,14,101,153,0,0,0,0,0,OK,100,0,0,0,0,0,0,0,0,0,0,0,0,0,0,-1,0,-1,0,0,0,0,0,0,NO_DATA,0,0,0,0,0,0,0,0,0,0,0,0,0,0,0,0,0,0,0,0,0,0,0,OK,0,,0,NONE,,,CONNECTED,0,,0,0,0,0,0,0,0,1,0,0,0,0,0,0,0,0,0,0,0,0,0,0,0,0,0,0,0,10,10,0,0,0,battery?,46,OK,47,1664,1664
E3-STATE-CLI-001,telemetry-cli-baseline,Telemetry continuity without GUI,STATE_WATCH,52321,210,0,0,0,0,0,0,,,ERROR,,,,532,532,0,0,0,9.93545,10.0065,64,100,153,0,0,0,0,0,OK,100,0,0,0,0,0,0,0,0,0,0,0,0,0,0,-1,0,-1,0,0,0,0,0,0,NO_DATA,0,0,0,0,0,0,0,0,0,0,0,0,0,0,0,0,0,0,0,0,0,0,0,OK,0,,0,NONE,,,CONNECTED,0,,0,0,0,0,0,0,0,1,0,0,0,0,0,0,0,0,0,0,0,0,0,0,0,0,0,0,0,10,10,0,0,0,battery?,46,OK,47,1914,1914
E3-STATE-CLI-001,telemetry-cli-baseline,Telemetry continuity without GUI,STATE_WATCH,52571,211,0,0,0,0,0,0,,,ERROR,,,,535,535,0,0,0,9.8894,9.95625,12,101,153,0,0,0,0,0,OK,100,0,0,0,0,0,0,0,0,0,0,0,0,0,0,-1,0,-1,0,0,0,0,0,0,NO_DATA,0,0,0,0,0,0,0,0,0,0,0,0,0,0,0,0,0,0,0,0,0,0,0,OK,0,,0,NONE,,,CONNECTED,0,,0,0,0,0,0,0,0,1,0,0,0,0,0,0,0,0,0,0,0,0,0,0,0,0,0,0,0,10,10,0,0,0,battery?,46,OK,47,2164,2164
E3-STATE-CLI-001,telemetry-cli-baseline,Telemetry continuity without GUI,STATE_WATCH,52821,212,0,0,0,0,0,0,,,ERROR,,,,537,537,0,0,0,9.90687,9.93894,60,100,153,0,0,0,0,0,OK,100,0,0,0,0,0,0,0,0,0,0,0,0,0,0,-1,0,-1,0,0,0,0,0,0,NO_DATA,0,0,0,0,0,0,0,0,0,0,0,0,0,0,0,0,0,0,0,0,0,0,0,OK,0,,0,NONE,,,CONNECTED,0,,0,0,0,0,0,0,0,1,0,0,0,0,0,0,0,0,0,0,0,0,0,0,0,0,0,0,0,10,10,0,0,0,battery?,46,OK,47,2415,2415
E3-STATE-CLI-001,telemetry-cli-baseline,Telemetry continuity without GUI,STATE_WATCH,53071,213,0,0,0,0,0,0,,,ERROR,,,,540,540,0,0,0,9.89785,9.92042,7,101,153,0,0,0,0,0,OK,100,0,0,0,0,0,0,0,0,0,0,0,0,0,0,-1,0,-1,0,0,0,0,0,0,NO_DATA,0,0,0,0,0,0,0,0,0,0,0,0,0,0,0,0,0,0,0,0,0,0,0,OK,0,,0,NONE,,,CONNECTED,0,,0,0,0,0,0,0,0,1,0,0,0,0,0,0,0,0,0,0,0,0,0,0,0,0,0,0,0,10,10,0,0,0,battery?,46,OK,47,2665,2665
E3-STATE-CLI-001,telemetry-cli-baseline,Telemetry continuity without GUI,STATE_WATCH,53321,214,0,0,0,0,0,0,,,ERROR,,,,543,543,0,0,0,10.0758,11.4329,5,99,153,0,0,0,0,0,OK,100,0,0,0,0,0,0,0,0,0,0,0,0,0,0,-1,0,-1,0,0,0,0,0,0,NO_DATA,0,0,0,0,0,0,0,0,0,0,0,0,0,0,0,0,0,0,0,0,0,0,0,OK,0,,0,NONE,,,CONNECTED,0,,0,0,0,0,0,0,0,1,0,0,0,0,0,0,0,0,0,0,0,0,0,0,0,0,0,0,0,10,10,0,0,0,battery?,46,OK,47,2915,2915
E3-STATE-CLI-001,telemetry-cli-baseline,Telemetry continuity without GUI,STATE_WATCH,53572,215,0,0,0,0,0,0,,,ERROR,,,,545,545,0,0,0,9.90449,10.8825,53,100,153,0,0,0,0,0,OK,100,0,0,0,0,0,0,0,0,0,0,0,0,0,0,-1,0,-1,0,0,0,0,0,0,NO_DATA,0,0,0,0,0,0,0,0,0,0,0,0,0,0,0,0,0,0,0,0,0,0,0,OK,0,,0,NONE,,,CONNECTED,0,,0,0,0,0,0,0,0,1,0,0,0,0,0,0,0,0,0,0,0,0,0,0,0,0,0,0,0,10,10,0,0,0,battery?,46,OK,47,3165,3165
E3-STATE-CLI-001,telemetry-cli-baseline,Telemetry continuity without GUI,STATE_WATCH,53822,216,0,0,0,0,0,0,,,ERROR,,,,547,547,0,0,0,10.1044,10.5318,101,98,153,0,0,0,0,0,OK,100,0,0,0,0,0,0,0,0,0,0,0,0,0,0,-1,0,-1,0,0,0,0,0,0,NO_DATA,0,0,0,0,0,0,0,0,0,0,0,0,0,0,0,0,0,0,0,0,0,0,0,OK,0,,0,NONE,,,CONNECTED,0,,0,0,0,0,0,0,0,1,0,0,0,0,0,0,0,0,0,0,0,0,0,0,0,0,0,0,0,10,10,0,0,0,battery?,46,OK,47,3415,3415
E3-STATE-CLI-001,telemetry-cli-baseline,Telemetry continuity without GUI,STATE_WATCH,54072,217,0,0,0,0,0,0,,,ERROR,,,,550,550,0,0,0,10.0088,10.2366,48,99,153,0,0,0,0,0,OK,100,0,0,0,0,0,0,0,0,0,0,0,0,0,0,-1,0,-1,0,0,0,0,0,0,NO_DATA,0,0,0,0,0,0,0,0,0,0,0,0,0,0,0,0,0,0,0,0,0,0,0,OK,0,,0,NONE,,,CONNECTED,0,,0,0,0,0,0,0,0,1,0,0,0,0,0,0,0,0,0,0,0,0,0,0,0,0,0,0,0,10,10,0,0,0,battery?,46,OK,47,3666,3666
E3-STATE-CLI-001,telemetry-cli-baseline,Telemetry continuity without GUI,STATE_WATCH,54322,218,0,0,0,0,0,0,,,ERROR,,,,552,552,0,0,0,10.0591,10.1174,96,99,153,0,0,0,0,0,OK,100,0,0,0,0,0,0,0,0,0,0,0,0,0,0,-1,0,-1,0,0,0,0,0,0,NO_DATA,0,0,0,0,0,0,0,0,0,0,0,0,0,0,0,0,0,0,0,0,0,0,0,OK,0,,0,NONE,,,CONNECTED,0,,0,0,0,0,0,0,0,1,0,0,0,0,0,0,0,0,0,0,0,0,0,0,0,0,0,0,0,10,10,0,0,0,battery?,46,OK,47,3916,3916
E3-STATE-CLI-001,telemetry-cli-baseline,Telemetry continuity without GUI,STATE_WATCH,54572,219,0,0,0,0,0,0,,,ERROR,,,,555,555,0,0,0,9.89862,10.0145,44,101,153,0,0,0,0,0,OK,100,0,0,0,0,0,0,0,0,0,0,0,0,0,0,-1,0,-1,0,0,0,0,0,0,NO_DATA,0,0,0,0,0,0,0,0,0,0,0,0,0,0,0,0,0,0,0,0,0,0,0,OK,0,,0,NONE,,,CONNECTED,0,,0,0,0,0,0,0,0,1,0,0,0,0,0,0,0,0,0,0,0,0,0,0,0,0,0,0,0,10,10,0,0,0,battery?,46,OK,47,4166,4166
E3-STATE-CLI-001,telemetry-cli-baseline,Telemetry continuity without GUI,STATE_WATCH,54822,220,0,0,0,0,0,0,,,ERROR,,,,557,557,0,0,0,9.6418,9.91831,89,103,153,0,0,0,0,0,OK,100,0,0,0,0,0,0,0,0,0,0,0,0,0,0,-1,0,-1,0,0,0,0,0,0,NO_DATA,0,0,0,0,0,0,0,0,0,0,0,0,0,0,0,0,0,0,0,0,0,0,0,OK,0,,0,NONE,,,CONNECTED,0,,0,0,0,0,0,0,0,1,0,0,0,0,0,0,0,0,0,0,0,0,0,0,0,0,0,0,0,10,10,0,0,0,battery?,46,OK,47,4416,4416
E3-STATE-CLI-001,telemetry-cli-baseline,Telemetry continuity without GUI,STATE_WATCH,55073,221,0,0,0,0,0,0,,,ERROR,,,,560,560,0,0,0,9.85768,9.91988,37,101,153,0,0,0,0,0,OK,100,0,0,0,0,0,0,0,0,0,0,0,0,0,0,-1,0,-1,0,0,0,0,0,0,NO_DATA,0,0,0,0,0,0,0,0,0,0,0,0,0,0,0,0,0,0,0,0,0,0,0,OK,0,,0,NONE,,,CONNECTED,0,,0,0,0,0,0,0,0,1,0,0,0,0,0,0,0,0,0,0,0,0,0,0,0,0,0,0,0,10,10,0,0,0,battery?,46,OK,47,4666,4666
E3-STATE-CLI-001,telemetry-cli-baseline,Telemetry continuity without GUI,STATE_WATCH,55323,222,0,0,0,0,0,0,,,ERROR,,,,562,562,0,0,0,10.1514,9.95802,88,98,153,0,0,0,0,0,OK,100,0,0,0,0,0,0,0,0,0,0,0,0,0,0,-1,0,-1,0,0,0,0,0,0,NO_DATA,0,0,0,0,0,0,0,0,0,0,0,0,0,0,0,0,0,0,0,0,0,0,0,OK,0,,0,NONE,,,CONNECTED,0,,0,0,0,0,0,0,0,1,0,0,0,0,0,0,0,0,0,0,0,0,0,0,0,0,0,0,0,10,10,0,0,0,battery?,46,OK,47,4917,4917
E3-STATE-CLI-001,telemetry-cli-baseline,Telemetry continuity without GUI,STATE_WATCH,55573,223,0,0,0,0,0,0,,,ERROR,,,,565,565,0,0,0,9.89199,9.94365,35,101,153,0,0,0,0,0,OK,100,0,0,0,0,0,0,0,0,0,0,0,0,0,0,-1,0,-1,0,0,0,0,0,0,NO_DATA,0,0,0,0,0,0,0,0,0,0,0,0,0,0,0,0,0,0,0,0,0,0,0,OK,0,,0,NONE,,,CONNECTED,0,,0,0,0,0,0,0,0,1,0,0,0,0,0,0,0,0,0,0,0,0,0,0,0,0,0,0,0,11,11,0,0,0,battery?,46,OK,35,131,131
E3-STATE-CLI-001,telemetry-cli-baseline,Telemetry continuity without GUI,STATE_WATCH,55823,224,0,0,0,0,0,0,,,ERROR,,,,567,567,0,0,0,9.36099,9.82259,77,106,153,0,0,0,0,0,OK,100,0,0,0,0,0,0,0,0,0,0,0,0,0,0,-1,0,-1,0,0,0,0,0,0,NO_DATA,0,0,0,0,0,0,0,0,0,0,0,0,0,0,0,0,0,0,0,0,0,0,0,OK,0,,0,NONE,,,CONNECTED,0,,0,0,0,0,0,0,0,1,0,0,0,0,0,0,0,0,0,0,0,0,0,0,0,0,0,0,0,11,11,0,0,0,battery?,46,OK,35,381,381
E3-STATE-CLI-001,telemetry-cli-baseline,Telemetry continuity without GUI,STATE_WATCH,56073,225,0,0,0,0,0,0,,,ERROR,,,,570,570,0,0,0,9.32884,9.8242,24,107,153,0,0,0,0,0,OK,100,0,0,0,0,0,0,0,0,0,0,0,0,0,0,-1,0,-1,0,0,0,0,0,0,NO_DATA,0,0,0,0,0,0,0,0,0,0,0,0,0,0,0,0,0,0,0,0,0,0,0,OK,0,,0,NONE,,,CONNECTED,0,,0,0,0,0,0,0,0,1,0,0,0,0,0,0,0,0,0,0,0,0,0,0,0,0,0,0,0,11,11,0,0,0,battery?,46,OK,35,632,632
E3-STATE-CLI-001,telemetry-cli-baseline,Telemetry continuity without GUI,STATE_WATCH,56324,226,0,0,0,0,0,0,,,ERROR,,,,573,573,0,0,0,9.8153,11.4711,27,101,153,0,0,0,0,0,OK,100,0,0,0,0,0,0,0,0,0,0,0,0,0,0,-1,0,-1,0,0,0,0,0,0,NO_DATA,0,0,0,0,0,0,0,0,0,0,0,0,0,0,0,0,0,0,0,0,0,0,0,OK,0,,0,NONE,,,CONNECTED,0,,0,0,0,0,0,0,0,1,0,0,0,0,0,0,0,0,0,0,0,0,0,0,0,0,0,0,0,11,11,0,0,0,battery?,46,OK,35,882,882
E3-STATE-CLI-001,telemetry-cli-baseline,Telemetry continuity without GUI,STATE_WATCH,56574,227,0,0,0,0,0,0,,,ERROR,,,,575,575,0,0,0,9.89967,10.9182,76,101,153,0,0,0,0,0,OK,100,0,0,0,0,0,0,0,0,0,0,0,0,0,0,-1,0,-1,0,0,0,0,0,0,NO_DATA,0,0,0,0,0,0,0,0,0,0,0,0,0,0,0,0,0,0,0,0,0,0,0,OK,0,,0,NONE,,,CONNECTED,0,,0,0,0,0,0,0,0,1,0,0,0,0,0,0,0,0,0,0,0,0,0,0,0,0,0,0,0,11,11,0,0,0,battery?,46,OK,35,1132,1132
E3-STATE-CLI-001,telemetry-cli-baseline,Telemetry continuity without GUI,STATE_WATCH,56824,228,0,0,0,0,0,0,,,ERROR,,,,578,578,0,0,0,9.90424,10.4241,24,100,153,0,0,0,0,0,OK,100,0,0,0,0,0,0,0,0,0,0,0,0,0,0,-1,0,-1,0,0,0,0,0,0,NO_DATA,0,0,0,0,0,0,0,0,0,0,0,0,0,0,0,0,0,0,0,0,0,0,0,OK,0,,0,NONE,,,CONNECTED,0,,0,0,0,0,0,0,0,1,0,0,0,0,0,0,0,0,0,0,0,0,0,0,0,0,0,0,0,11,11,0,0,0,battery?,46,OK,35,1382,1382
E3-STATE-CLI-001,telemetry-cli-baseline,Telemetry continuity without GUI,STATE_WATCH,57074,229,0,0,0,0,0,0,,,ERROR,,,,580,580,0,0,0,10.2716,10.2519,72,97,153,0,0,0,0,0,OK,100,0,0,0,0,0,0,0,0,0,0,0,0,0,0,-1,0,-1,0,0,0,0,0,0,NO_DATA,0,0,0,0,0,0,0,0,0,0,0,0,0,0,0,0,0,0,0,0,0,0,0,OK,0,,0,NONE,,,CONNECTED,0,,0,0,0,0,0,0,0,1,0,0,0,0,0,0,0,0,0,0,0,0,0,0,0,0,0,0,0,11,11,0,0,0,battery?,46,OK,35,1632,1632
E3-STATE-CLI-001,telemetry-cli-baseline,Telemetry continuity without GUI,STATE_WATCH,57324,230,0,0,0,0,0,0,,,ERROR,,,,583,583,0,0,0,9.87907,10.0839,19,101,153,0,0,0,0,0,OK,100,0,0,0,0,0,0,0,0,0,0,0,0,0,0,-1,0,-1,0,0,0,0,0,0,NO_DATA,0,0,0,0,0,0,0,0,0,0,0,0,0,0,0,0,0,0,0,0,0,0,0,OK,0,,0,NONE,,,CONNECTED,0,,0,0,0,0,0,0,0,1,0,0,0,0,0,0,0,0,0,0,0,0,0,0,0,0,0,0,0,11,11,0,0,0,battery?,46,OK,35,1883,1883
E3-STATE-CLI-001,telemetry-cli-baseline,Telemetry continuity without GUI,STATE_WATCH,57575,231,0,0,0,0,0,0,,,ERROR,,,,585,585,0,0,0,9.90387,10.022,67,100,153,0,0,0,0,0,OK,100,0,0,0,0,0,0,0,0,0,0,0,0,0,0,-1,0,-1,0,0,0,0,0,0,NO_DATA,0,0,0,0,0,0,0,0,0,0,0,0,0,0,0,0,0,0,0,0,0,0,0,OK,0,,0,NONE,,,CONNECTED,0,,0,0,0,0,0,0,0,1,0,0,0,0,0,0,0,0,0,0,0,0,0,0,0,0,0,0,0,11,11,0,0,0,battery?,46,OK,35,2133,2133
E3-STATE-CLI-001,telemetry-cli-baseline,Telemetry continuity without GUI,STATE_WATCH,57825,232,0,0,0,0,0,0,,,ERROR,,,,588,588,0,0,0,9.89803,9.96371,15,101,153,0,0,0,0,0,OK,100,0,0,0,0,0,0,0,0,0,0,0,0,0,0,-1,0,-1,0,0,0,0,0,0,NO_DATA,0,0,0,0,0,0,0,0,0,0,0,0,0,0,0,0,0,0,0,0,0,0,0,OK,0,,0,NONE,,,CONNECTED,0,,0,0,0,0,0,0,0,1,0,0,0,0,0,0,0,0,0,0,0,0,0,0,0,0,0,0,0,11,11,0,0,0,battery?,46,OK,35,2383,2383
E3-STATE-CLI-001,telemetry-cli-baseline,Telemetry continuity without GUI,STATE_WATCH,58075,233,0,0,0,0,0,0,,,ERROR,,,,590,590,0,0,0,9.87726,9.93696,62,101,153,0,0,0,0,0,OK,100,0,0,0,0,0,0,0,0,0,0,0,0,0,0,-1,0,-1,0,0,0,0,0,0,NO_DATA,0,0,0,0,0,0,0,0,0,0,0,0,0,0,0,0,0,0,0,0,0,0,0,OK,0,,0,NONE,,,CONNECTED,0,,0,0,0,0,0,0,0,1,0,0,0,0,0,0,0,0,0,0,0,0,0,0,0,0,0,0,0,11,11,0,0,0,battery?,46,OK,35,2633,2633
E3-STATE-CLI-001,telemetry-cli-baseline,Telemetry continuity without GUI,STATE_WATCH,58325,234,0,0,0,0,0,0,,,ERROR,,,,593,593,0,0,0,9.89917,9.92045,10,101,153,0,0,0,0,0,OK,100,0,0,0,0,0,0,0,0,0,0,0,0,0,0,-1,0,-1,0,0,0,0,0,0,NO_DATA,0,0,0,0,0,0,0,0,0,0,0,0,0,0,0,0,0,0,0,0,0,0,0,OK,0,,0,NONE,,,CONNECTED,0,,0,0,0,0,0,0,0,1,0,0,0,0,0,0,0,0,0,0,0,0,0,0,0,0,0,0,0,11,11,0,0,0,battery?,46,OK,35,2883,2883
E3-STATE-CLI-001,telemetry-cli-baseline,Telemetry continuity without GUI,STATE_WATCH,58575,235,0,0,0,0,0,0,,,ERROR,,,,595,595,0,0,0,9.90293,9.91641,58,100,153,0,0,0,0,0,OK,100,0,0,0,0,0,0,0,0,0,0,0,0,0,0,-1,0,-1,0,0,0,0,0,0,NO_DATA,0,0,0,0,0,0,0,0,0,0,0,0,0,0,0,0,0,0,0,0,0,0,0,OK,0,,0,NONE,,,CONNECTED,0,,0,0,0,0,0,0,0,1,0,0,0,0,0,0,0,0,0,0,0,0,0,0,0,0,0,0,0,11,11,0,0,0,battery?,46,OK,35,3133,3133
E3-STATE-CLI-001,telemetry-cli-baseline,Telemetry continuity without GUI,STATE_WATCH,58826,236,0,0,0,0,0,0,,,ERROR,,,,598,598,0,0,0,9.8989,9.91012,5,101,153,0,0,0,0,0,OK,100,0,0,0,0,0,0,0,0,0,0,0,0,0,0,-1,0,-1,0,0,0,0,0,0,NO_DATA,0,0,0,0,0,0,0,0,0,0,0,0,0,0,0,0,0,0,0,0,0,0,0,OK,0,,0,NONE,,,CONNECTED,0,,0,0,0,0,0,0,0,1,0,0,0,0,0,0,0,0,0,0,0,0,0,0,0,0,0,0,0,11,11,0,0,0,battery?,46,OK,35,3384,3384
E3-STATE-CLI-001,telemetry-cli-baseline,Telemetry continuity without GUI,STATE_WATCH,59076,237,0,0,0,0,0,0,,,ERROR,,,,600,600,0,0,0,9.89661,9.90559,54,101,153,0,0,0,0,0,OK,100,0,0,0,0,0,0,0,0,0,0,0,0,0,0,-1,0,-1,0,0,0,0,0,0,NO_DATA,0,0,0,0,0,0,0,0,0,0,0,0,0,0,0,0,0,0,0,0,0,0,0,OK,0,,0,NONE,,,CONNECTED,0,,0,0,0,0,0,0,0,1,0,0,0,0,0,0,0,0,0,0,0,0,0,0,0,0,0,0,0,11,11,0,0,0,battery?,46,OK,35,3634,3634
E3-STATE-CLI-001,telemetry-cli-baseline,Telemetry continuity without GUI,STATE_WATCH,59326,238,0,0,0,0,0,0,,,ERROR,,,,603,603,0,0,0,9.90139,9.90595,1,100,153,0,0,0,0,0,OK,100,0,0,0,0,0,0,0,0,0,0,0,0,0,0,-1,0,-1,0,0,0,0,0,0,NO_DATA,0,0,0,0,0,0,0,0,0,0,0,0,0,0,0,0,0,0,0,0,0,0,0,OK,0,,0,NONE,,,CONNECTED,0,,0,0,0,0,0,0,0,1,0,0,0,0,0,0,0,0,0,0,0,0,0,0,0,0,0,0,0,11,11,0,0,0,battery?,46,OK,35,3884,3884
E3-STATE-CLI-001,telemetry-cli-baseline,Telemetry continuity without GUI,STATE_WATCH,59576,239,0,0,0,0,0,0,,,ERROR,,,,605,605,0,0,0,6.61175,10.8156,49,151,153,0,0,0,0,0,OK,100,0,0,0,0,0,0,0,0,0,0,0,0,0,0,-1,0,-1,0,0,0,0,0,0,NO_DATA,0,0,0,0,0,0,0,0,0,0,0,0,0,0,0,0,0,0,0,0,0,0,0,OK,0,,0,NONE,,,CONNECTED,0,,0,0,0,0,0,0,0,1,0,0,0,0,0,0,0,0,0,0,0,0,0,0,0,0,0,0,0,11,11,0,0,0,battery?,46,OK,35,4134,4134
E3-STATE-CLI-001,telemetry-cli-baseline,Telemetry continuity without GUI,STATE_WATCH,59826,240,0,0,0,0,0,0,,,ERROR,,,,608,608,0,0,0,9.89511,11.9492,47,101,153,0,0,0,0,0,OK,100,0,0,0,0,0,0,0,0,0,0,0,0,0,0,-1,0,-1,0,0,0,0,0,0,NO_DATA,0,0,0,0,0,0,0,0,0,0,0,0,0,0,0,0,0,0,0,0,0,0,0,OK,0,,0,NONE,,,CONNECTED,0,,0,0,0,0,0,0,0,1,0,0,0,0,0,0,0,0,0,0,0,0,0,0,0,0,0,0,0,11,11,0,0,0,battery?,46,OK,35,4384,4384
E3-STATE-CLI-001,telemetry-cli-baseline,Telemetry continuity without GUI,STATE_WATCH,60077,241,0,0,0,0,0,0,,,ERROR,,,,610,610,0,0,0,9.97219,11.2061,94,100,153,0,0,0,0,0,OK,100,0,0,0,0,0,0,0,0,0,0,0,0,0,0,-1,0,-1,0,0,0,0,0,0,NO_DATA,0,0,0,0,0,0,0,0,0,0,0,0,0,0,0,0,0,0,0,0,0,0,0,OK,0,,0,NONE,,,CONNECTED,0,,0,0,0,0,0,0,0,1,0,0,0,0,0,0,0,0,0,0,0,0,0,0,0,0,0,0,0,11,11,0,0,0,battery?,46,OK,35,4635,4635
E3-STATE-CLI-001,telemetry-cli-baseline,Telemetry continuity without GUI,STATE_WATCH,60327,242,0,0,0,0,0,0,,,ERROR,,,,613,613,0,0,0,10.4505,10.6755,47,95,153,0,0,0,0,0,OK,100,0,0,0,0,0,0,0,0,0,0,0,0,0,0,-1,0,-1,0,0,0,0,0,0,NO_DATA,0,0,0,0,0,0,0,0,0,0,0,0,0,0,0,0,0,0,0,0,0,0,0,OK,0,,0,NONE,,,CONNECTED,0,,0,0,0,0,0,0,0,1,0,0,0,0,0,0,0,0,0,0,0,0,0,0,0,0,0,0,0,11,11,0,0,0,battery?,46,OK,35,4885,4885
E3-STATE-CLI-001,telemetry-cli-baseline,Telemetry continuity without GUI,STATE_WATCH,60577,243,0,0,0,0,0,0,,,ERROR,,,,616,616,0,0,0,10.5022,10.6042,12,95,153,0,0,0,0,0,OK,100,0,0,0,0,0,0,0,0,0,0,0,0,0,0,-1,0,-1,0,0,0,0,0,0,NO_DATA,0,0,0,0,0,0,0,0,0,0,0,0,0,0,0,0,0,0,0,0,0,0,0,OK,0,,0,NONE,,,CONNECTED,0,,0,0,0,0,0,0,0,1,0,0,0,0,0,0,0,0,0,0,0,0,0,0,0,0,0,0,0,11,11,0,0,0,battery?,46,OK,35,5135,5135
E3-STATE-CLI-001,telemetry-cli-baseline,Telemetry continuity without GUI,STATE_WATCH,60827,244,0,0,0,0,0,0,,,ERROR,,,,618,618,0,0,0,10.523,10.5819,72,95,153,0,0,0,0,0,OK,100,0,0,0,0,0,0,0,0,0,0,0,0,0,0,-1,0,-1,0,0,0,0,0,0,NO_DATA,0,0,0,0,0,0,0,0,0,0,0,0,0,0,0,0,0,0,0,0,0,0,0,OK,0,,0,NONE,,,CONNECTED,0,,0,0,0,0,0,0,0,1,0,0,0,0,0,0,0,0,0,0,0,0,0,0,0,0,0,0,0,11,11,0,0,0,battery?,46,OK,35,5385,5385
E3-STATE-CLI-001,telemetry-cli-baseline,Telemetry continuity without GUI,STATE_WATCH,61077,245,0,0,0,0,0,0,,,ERROR,,,,621,621,0,0,0,10.5204,10.553,37,95,153,0,0,0,0,0,OK,100,0,0,0,0,0,0,0,0,0,0,0,0,0,0,-1,0,-1,0,0,0,0,0,0,NO_DATA,0,0,0,0,0,0,0,0,0,0,0,0,0,0,0,0,0,0,0,0,0,0,0,OK,0,,0,NONE,,,CONNECTED,0,,0,0,0,0,0,0,0,1,0,0,0,0,0,0,0,0,0,0,0,0,0,0,0,0,0,0,0,11,11,0,0,0,battery?,46,OK,35,5635,5635
E3-STATE-CLI-001,telemetry-cli-baseline,Telemetry continuity without GUI,STATE_WATCH,61327,246,0,0,0,0,0,0,,,ERROR,,,,624,624,0,0,0,10.4401,10.5229,2,95,153,0,0,0,0,0,OK,100,0,0,0,0,0,0,0,0,0,0,0,0,0,0,-1,0,-1,0,0,0,0,0,0,NO_DATA,0,0,0,0,0,0,0,0,0,0,0,0,0,0,0,0,0,0,0,0,0,0,0,OK,0,,0,NONE,,,CONNECTED,0,,0,0,0,0,0,0,0,1,0,0,0,0,0,0,0,0,0,0,0,0,0,0,0,0,0,0,0,11,11,0,0,0,battery?,46,OK,35,5886,5886
E3-STATE-CLI-001,telemetry-cli-baseline,Telemetry continuity without GUI,STATE_WATCH,61578,247,0,0,0,0,0,0,,,ERROR,,,,626,626,0,0,0,10.4736,10.511,61,95,153,0,0,0,0,0,OK,100,0,0,0,0,0,0,0,0,0,0,0,0,0,0,-1,0,-1,0,0,0,0,0,0,NO_DATA,0,0,0,0,0,0,0,0,0,0,0,0,0,0,0,0,0,0,0,0,0,0,0,OK,0,,0,NONE,,,CONNECTED,0,,0,0,0,0,0,0,0,1,0,0,0,0,0,0,0,0,0,0,0,0,0,0,0,0,0,0,0,11,11,0,0,0,battery?,46,OK,35,6136,6136
E3-STATE-CLI-001,telemetry-cli-baseline,Telemetry continuity without GUI,STATE_WATCH,61828,248,0,0,0,0,0,0,,,ERROR,,,,629,629,0,0,0,10.5203,10.5241,27,95,153,0,0,0,0,0,OK,100,0,0,0,0,0,0,0,0,0,0,0,0,0,0,-1,0,-1,0,0,0,0,0,0,NO_DATA,0,0,0,0,0,0,0,0,0,0,0,0,0,0,0,0,0,0,0,0,0,0,0,OK,0,,0,NONE,,,CONNECTED,0,,0,0,0,0,0,0,0,1,0,0,0,0,0,0,0,0,0,0,0,0,0,0,0,0,0,0,0,11,11,0,0,0,battery?,46,OK,35,6386,6386
E3-STATE-CLI-001,telemetry-cli-baseline,Telemetry continuity without GUI,STATE_WATCH,62078,249,0,0,0,0,0,0,,,ERROR,,,,631,631,0,0,0,10.5189,10.5234,87,95,153,0,0,0,0,0,OK,100,0,0,0,0,0,0,0,0,0,0,0,0,0,0,-1,0,-1,0,0,0,0,0,0,NO_DATA,0,0,0,0,0,0,0,0,0,0,0,0,0,0,0,0,0,0,0,0,0,0,0,OK,0,,0,NONE,,,CONNECTED,0,,0,0,0,0,0,0,0,1,0,0,0,0,0,0,0,0,0,0,0,0,0,0,0,0,0,0,0,11,11,0,0,0,battery?,46,OK,35,6636,6636
E3-STATE-CLI-001,telemetry-cli-baseline,Telemetry continuity without GUI,STATE_WATCH,62328,250,0,0,0,0,0,0,,,ERROR,,,,634,634,0,0,0,10.5083,10.5053,51,95,153,0,0,0,0,0,OK,100,0,0,0,0,0,0,0,0,0,0,0,0,0,0,-1,0,-1,0,0,0,0,0,0,NO_DATA,0,0,0,0,0,0,0,0,0,0,0,0,0,0,0,0,0,0,0,0,0,0,0,OK,0,,0,NONE,,,CONNECTED,0,,0,0,0,0,0,0,0,1,0,0,0,0,0,0,0,0,0,0,0,0,0,0,0,0,0,0,0,11,11,0,0,0,battery?,46,OK,35,6886,6886
E3-STATE-CLI-001,telemetry-cli-baseline,Telemetry continuity without GUI,STATE_WATCH,62578,251,0,0,0,0,0,0,,,ERROR,,,,637,637,0,0,0,10.5142,10.515,16,95,153,0,0,0,0,0,OK,100,0,0,0,0,0,0,0,0,0,0,0,0,0,0,-1,0,-1,0,0,0,0,0,0,NO_DATA,0,0,0,0,0,0,0,0,0,0,0,0,0,0,0,0,0,0,0,0,0,0,0,OK,0,,0,NONE,,,CONNECTED,0,,0,0,0,0,0,0,0,1,0,0,0,0,0,0,0,0,0,0,0,0,0,0,0,0,0,0,0,11,11,0,0,0,battery?,46,OK,35,7136,7136
E3-STATE-CLI-001,telemetry-cli-baseline,Telemetry continuity without GUI,STATE_WATCH,62829,252,0,0,0,0,0,0,,,ERROR,,,,640,640,0,0,0,10.5616,11.8488,29,94,153,0,0,0,0,0,OK,100,0,0,0,0,0,0,0,0,0,0,0,0,0,0,-1,0,-1,0,0,0,0,0,0,NO_DATA,0,0,0,0,0,0,0,0,0,0,0,0,0,0,0,0,0,0,0,0,0,0,0,OK,0,,0,LOST,,,RECOVERING,0,,0,0,0,0,0,0,0,1,0,0,0,0,0,0,0,0,0,0,0,0,0,0,0,0,0,0,0,12,11,1,0,0,battery?,,TIMEOUT,2365,7387,21
E3-STATE-CLI-001,telemetry-cli-baseline,Telemetry continuity without GUI,STATE_WATCH,63079,253,0,0,0,0,0,0,,,ERROR,,,,642,642,0,0,0,10.5233,11.3714,89,95,153,0,0,0,0,0,OK,100,0,0,0,0,0,0,0,0,0,0,0,0,0,0,-1,0,-1,0,0,0,0,0,0,NO_DATA,0,0,0,0,0,0,0,0,0,0,0,0,0,0,0,0,0,0,0,0,0,0,0,OK,0,,0,NONE,,,RECOVERING,0,,0,0,0,0,0,0,0,1,0,0,0,0,0,0,0,0,0,0,0,0,0,0,0,0,0,0,0,12,11,1,0,0,battery?,,TIMEOUT,2365,7637,272
E3-STATE-CLI-001,telemetry-cli-baseline,Telemetry continuity without GUI,STATE_WATCH,63329,254,0,0,0,0,0,0,,,ERROR,,,,645,645,0,0,0,10.5629,10.9591,54,94,153,0,0,0,0,0,OK,100,0,0,0,0,0,0,0,0,0,0,0,0,0,0,-1,0,-1,0,0,0,0,0,0,NO_DATA,0,0,0,0,0,0,0,0,0,0,0,0,0,0,0,0,0,0,0,0,0,0,0,OK,0,,0,NONE,,,RECOVERING,0,,0,0,0,0,0,0,0,1,0,0,0,0,0,0,0,0,0,0,0,0,0,0,0,0,0,0,0,12,11,1,0,0,battery?,,TIMEOUT,2365,7887,522
E3-STATE-CLI-001,telemetry-cli-baseline,Telemetry continuity without GUI,STATE_WATCH,63579,255,0,0,0,0,0,0,,,ERROR,,,,648,648,0,0,0,10.5405,10.752,19,94,153,0,0,0,0,0,OK,100,0,0,0,0,0,0,0,0,0,0,0,0,0,0,-1,0,-1,0,0,0,0,0,0,NO_DATA,0,0,0,0,0,0,0,0,0,0,0,0,0,0,0,0,0,0,0,0,0,0,0,OK,0,,0,NONE,,,RECOVERING,0,,0,0,0,0,0,0,0,1,0,0,0,0,0,0,0,0,0,0,0,0,0,0,0,0,0,0,0,12,11,1,0,0,battery?,,TIMEOUT,2365,8137,772
E3-STATE-CLI-001,telemetry-cli-baseline,Telemetry continuity without GUI,STATE_WATCH,63829,256,0,0,0,0,0,0,,,ERROR,,,,650,650,0,0,0,10.5245,10.6703,79,95,153,0,0,0,0,0,OK,100,0,0,0,0,0,0,0,0,0,0,0,0,0,0,-1,0,-1,0,0,0,0,0,0,NO_DATA,0,0,0,0,0,0,0,0,0,0,0,0,0,0,0,0,0,0,0,0,0,0,0,OK,0,,0,NONE,,,RECOVERING,0,,0,0,0,0,0,0,0,1,0,0,0,0,0,0,0,0,0,0,0,0,0,0,0,0,0,0,0,12,11,1,0,0,battery?,,TIMEOUT,2365,8387,1022
E3-STATE-CLI-001,telemetry-cli-baseline,Telemetry continuity without GUI,STATE_WATCH,64080,257,0,0,0,0,0,0,,,ERROR,,,,653,653,0,0,0,10.5295,10.5997,45,94,153,0,0,0,0,0,OK,100,0,0,0,0,0,0,0,0,0,0,0,0,0,0,-1,0,-1,0,0,0,0,0,0,NO_DATA,0,0,0,0,0,0,0,0,0,0,0,0,0,0,0,0,0,0,0,0,0,0,0,OK,0,,0,NONE,,,RECOVERING,0,,0,0,0,0,0,0,0,1,0,0,0,0,0,0,0,0,0,0,0,0,0,0,0,0,0,0,0,12,11,1,0,0,battery?,,TIMEOUT,2365,8638,1272
E3-STATE-CLI-001,telemetry-cli-baseline,Telemetry continuity without GUI,STATE_WATCH,64330,258,0,0,0,0,0,0,,,ERROR,,,,656,656,0,0,0,10.4924,10.556,9,95,153,0,0,0,0,0,OK,100,0,0,0,0,0,0,0,0,0,0,0,0,0,0,-1,0,-1,0,0,0,0,0,0,NO_DATA,0,0,0,0,0,0,0,0,0,0,0,0,0,0,0,0,0,0,0,0,0,0,0,OK,0,,0,NONE,,,RECOVERING,0,,0,0,0,0,0,0,0,1,0,0,0,0,0,0,0,0,0,0,0,0,0,0,0,0,0,0,0,12,11,1,0,0,battery?,,TIMEOUT,2365,8888,1523
E3-STATE-CLI-001,telemetry-cli-baseline,Telemetry continuity without GUI,STATE_WATCH,64580,259,0,0,0,0,0,0,,,ERROR,,,,658,658,0,0,0,10.529,10.5507,70,94,153,0,0,0,0,0,OK,100,0,0,0,0,0,0,0,0,0,0,0,0,0,0,-1,0,-1,0,0,0,0,0,0,NO_DATA,0,0,0,0,0,0,0,0,0,0,0,0,0,0,0,0,0,0,0,0,0,0,0,OK,0,,0,NONE,,,RECOVERING,0,,0,0,0,0,0,0,0,1,0,0,0,0,0,0,0,0,0,0,0,0,0,0,0,0,0,0,0,12,11,1,0,0,battery?,,TIMEOUT,2365,9138,1773
E3-STATE-CLI-001,telemetry-cli-baseline,Telemetry continuity without GUI,STATE_WATCH,64830,260,0,0,0,0,0,0,,,ERROR,,,,661,661,0,0,0,10.5244,10.5364,35,95,153,0,0,0,0,0,OK,100,0,0,0,0,0,0,0,0,0,0,0,0,0,0,-1,0,-1,0,0,0,0,0,0,NO_DATA,0,0,0,0,0,0,0,0,0,0,0,0,0,0,0,0,0,0,0,0,0,0,0,OK,0,,0,NONE,,,RECOVERING,0,,0,0,0,0,0,0,0,1,0,0,0,0,0,0,0,0,0,0,0,0,0,0,0,0,0,0,0,12,11,1,0,0,battery?,,TIMEOUT,2365,9388,2023
E3-STATE-CLI-001,telemetry-cli-baseline,Telemetry continuity without GUI,STATE_WATCH,65080,261,0,0,0,0,0,0,,,ERROR,,,,664,664,0,0,0,10.5184,10.5299,0,95,153,0,0,0,0,0,OK,100,0,0,0,0,0,0,0,0,0,0,0,0,0,0,-1,0,-1,0,0,0,0,0,0,NO_DATA,0,0,0,0,0,0,0,0,0,0,0,0,0,0,0,0,0,0,0,0,0,0,0,OK,0,,0,NONE,,,RECOVERING,0,,0,0,0,0,0,0,0,1,0,0,0,0,0,0,0,0,0,0,0,0,0,0,0,0,0,0,0,12,11,1,0,0,battery?,,TIMEOUT,2365,9638,2273
E3-STATE-CLI-001,telemetry-cli-baseline,Telemetry continuity without GUI,STATE_WATCH,65331,262,0,0,0,0,0,0,,,ERROR,,,,666,666,0,0,0,10.0664,10.4371,56,99,153,0,0,0,0,0,OK,100,0,0,0,0,0,0,0,0,0,0,0,0,0,0,-1,0,-1,0,0,0,0,0,0,NO_DATA,0,0,0,0,0,0,0,0,0,0,0,0,0,0,0,0,0,0,0,0,0,0,0,OK,0,,0,NONE,,,RECOVERING,0,,0,0,0,0,0,0,0,1,0,0,0,0,0,0,0,0,0,0,0,0,0,0,0,0,0,0,0,12,11,1,0,0,battery?,,TIMEOUT,2365,9889,2523
E3-STATE-CLI-001,telemetry-cli-baseline,Telemetry continuity without GUI,STATE_WATCH,65581,263,0,0,0,0,0,0,,,ERROR,,,,667,667,0,0,0,10.522,10.4541,211,95,153,0,0,0,0,0,DEGRADED,60,0,0,0,0,0,0,0,0,0,0,0,0,0,0,-1,0,-1,0,0,0,0,0,0,NO_DATA,0,0,0,0,0,0,0,0,0,0,0,0,0,0,0,0,0,0,0,0,0,0,0,OK,0,,0,NONE,,,RECOVERING,0,,0,0,0,0,0,0,0,1,0,0,0,0,0,0,0,0,0,0,0,0,0,0,0,0,0,0,0,12,11,1,0,0,battery?,,TIMEOUT,2365,10139,2774
E3-STATE-CLI-001,telemetry-cli-baseline,Telemetry continuity without GUI,STATE_WATCH,65831,264,0,0,0,0,0,0,,,ERROR,,,,667,667,0,0,0,10.522,10.4541,461,95,153,0,0,0,0,0,DEGRADED,60,0,0,0,0,0,0,0,0,0,0,0,0,0,0,-1,0,-1,0,0,0,0,0,0,NO_DATA,0,0,0,0,0,0,0,0,0,0,0,0,0,0,0,0,0,0,0,0,0,0,0,OK,0,,0,NONE,,,RECOVERING,0,,0,0,0,0,0,0,0,1,0,0,0,0,0,0,0,0,0,0,0,0,0,0,0,0,0,0,0,12,11,1,0,0,battery?,,TIMEOUT,2365,10389,3024
E3-STATE-CLI-001,telemetry-cli-baseline,Telemetry continuity without GUI,STATE_WATCH,66081,265,0,0,0,0,0,0,,,ERROR,,,,673,673,0,1,0,762.773,1950.39,114,1,594,594,668,1,1,0,OK,100,0,0,0,0,0,0,0,0,0,0,0,0,0,0,-1,0,-1,0,0,0,0,0,0,NO_DATA,0,0,0,0,0,0,0,0,0,0,0,0,0,0,0,0,0,0,0,0,0,0,0,OK,0,,0,NONE,,,RECOVERING,0,,0,0,0,0,0,0,0,1,0,0,0,0,0,0,0,0,0,0,0,0,0,0,0,0,0,0,0,12,11,1,0,0,battery?,,TIMEOUT,2365,10639,3274
E3-STATE-CLI-001,telemetry-cli-baseline,Telemetry continuity without GUI,STATE_WATCH,66331,266,0,0,0,0,0,0,,,ERROR,,,,673,673,0,1,0,762.773,1950.39,364,1,594,594,668,1,1,0,DEGRADED,60,0,0,0,0,0,0,0,0,0,0,0,0,0,0,-1,0,-1,0,0,0,0,0,0,NO_DATA,0,0,0,0,0,0,0,0,0,0,0,0,0,0,0,0,0,0,0,0,0,0,0,OK,0,,0,NONE,,,RECOVERING,0,,0,0,0,0,0,0,0,1,0,0,0,0,0,0,0,0,0,0,0,0,0,0,0,0,0,0,0,12,11,1,0,0,battery?,,TIMEOUT,2365,10889,3524
E3-STATE-CLI-001,telemetry-cli-baseline,Telemetry continuity without GUI,STATE_WATCH,66581,267,0,0,0,0,0,0,,,ERROR,,,,679,679,0,1,0,50.8724,708.933,63,19,594,511,674,2,2,0,OK,100,0,0,0,0,0,0,0,0,0,0,0,0,0,0,-1,0,-1,0,0,0,0,0,0,NO_DATA,0,0,0,0,0,0,0,0,0,0,0,0,0,0,0,0,0,0,0,0,0,0,0,OK,0,,0,NONE,,,RECOVERING,0,,0,0,0,0,0,0,0,1,0,0,0,0,0,0,0,0,0,0,0,0,0,0,0,0,0,0,0,12,11,1,0,0,battery?,,TIMEOUT,2365,11140,3774
E3-STATE-CLI-001,telemetry-cli-baseline,Telemetry continuity without GUI,STATE_WATCH,66832,268,0,0,0,0,0,0,,,ERROR,,,,679,679,0,1,0,50.8724,708.933,313,19,594,511,674,2,2,0,DEGRADED,60,0,0,0,0,0,0,0,0,0,0,0,0,0,0,-1,0,-1,0,0,0,0,0,0,NO_DATA,0,0,0,0,0,0,0,0,0,0,0,0,0,0,0,0,0,0,0,0,0,0,0,OK,0,,0,NONE,,,RECOVERING,0,,0,0,0,0,0,0,0,1,0,0,0,0,0,0,0,0,0,0,0,0,0,0,0,0,0,0,0,12,11,1,0,0,battery?,,TIMEOUT,2365,11390,4025
E3-STATE-CLI-001,telemetry-cli-baseline,Telemetry continuity without GUI,STATE_WATCH,67082,269,0,0,0,0,0,0,,,ERROR,,,,679,679,0,2,0,50.8724,708.933,563,19,594,511,674,2,2,0,STALE,0,0,0,0,0,0,0,0,0,0,0,0,0,0,0,-1,0,-1,0,0,0,0,0,0,NO_DATA,0,0,0,0,0,0,0,0,0,0,0,0,0,0,0,0,0,0,0,0,0,0,0,OK,0,,0,NONE,,,RECOVERING,0,,0,0,0,0,0,0,0,1,0,0,0,0,0,0,0,0,0,0,0,0,0,0,0,0,0,0,0,12,11,1,0,0,battery?,,TIMEOUT,2365,11640,4275
E3-STATE-CLI-001,telemetry-cli-baseline,Telemetry continuity without GUI,STATE_WATCH,67332,270,0,0,0,0,0,0,,,ERROR,,,,679,679,0,2,0,50.8724,708.933,813,19,594,511,674,2,2,0,STALE,0,0,0,0,0,0,0,0,0,0,0,0,0,0,0,-1,0,-1,0,0,0,0,0,0,NO_DATA,0,0,0,0,0,0,0,0,0,0,0,0,0,0,0,0,0,0,0,0,0,0,0,OK,0,,0,NONE,,,RECOVERING,0,,0,0,0,0,0,0,0,1,0,0,0,0,0,0,0,0,0,0,0,0,0,0,0,0,0,0,0,12,11,1,0,0,battery?,,TIMEOUT,2365,11890,4525
E3-STATE-CLI-001,telemetry-cli-baseline,Telemetry continuity without GUI,STATE_WATCH,67582,271,0,0,0,0,0,0,,,ERROR,,,,679,679,0,3,0,50.8724,708.933,1063,19,594,511,674,2,2,0,STALE,0,0,0,0,0,0,0,0,0,0,0,0,0,0,0,-1,0,-1,0,0,0,0,0,0,NO_DATA,0,0,0,0,0,0,0,0,0,0,0,0,0,0,0,0,0,0,0,0,0,0,0,OK,0,,0,NONE,,,RECOVERING,0,,0,0,0,0,0,0,0,1,0,0,0,0,0,0,0,0,0,0,0,0,0,0,0,0,0,0,0,12,11,1,0,0,battery?,,TIMEOUT,2365,12140,4775
E3-STATE-CLI-001,telemetry-cli-baseline,Telemetry continuity without GUI,STATE_WATCH,67832,272,0,0,0,0,0,0,,,ERROR,,,,685,685,0,3,0,5756.32,2301.36,3,0,1308,1308,680,3,3,1,OK,100,0,0,0,0,0,0,0,0,0,0,0,0,0,0,-1,0,-1,0,0,0,0,0,0,NO_DATA,0,0,0,0,0,0,0,0,0,0,0,0,0,0,0,0,0,0,0,0,0,0,0,OK,0,,0,NONE,,,RECOVERING,0,,0,0,0,0,0,0,0,1,0,0,0,0,0,0,0,0,0,0,0,0,0,0,0,0,0,0,0,12,11,1,0,0,battery?,,TIMEOUT,2365,12391,5025
E3-STATE-CLI-001,telemetry-cli-baseline,Telemetry continuity without GUI,STATE_WATCH,68083,273,0,0,0,0,0,0,,,ERROR,,,,685,685,0,3,0,5756.32,2301.36,253,0,1308,1308,680,3,3,1,DEGRADED,60,0,0,0,0,0,0,0,0,0,0,0,0,0,0,-1,0,-1,0,0,0,0,0,0,NO_DATA,0,0,0,0,0,0,0,0,0,0,0,0,0,0,0,0,0,0,0,0,0,0,0,OK,0,,0,NONE,,,RECOVERING,0,,0,0,0,0,0,0,0,1,0,0,0,0,0,0,0,0,0,0,0,0,0,0,0,0,0,0,0,12,11,1,0,0,battery?,,TIMEOUT,2365,12641,5276
E3-STATE-CLI-001,telemetry-cli-baseline,Telemetry continuity without GUI,STATE_WATCH,68333,274,0,0,0,0,0,0,,,ERROR,,,,685,685,0,3,0,5756.32,2301.36,503,0,1308,1308,680,3,3,1,STALE,0,0,0,0,0,0,0,0,0,0,0,0,0,0,0,-1,0,-1,0,0,0,0,0,0,NO_DATA,0,0,0,0,0,0,0,0,0,0,0,0,0,0,0,0,0,0,0,0,0,0,0,OK,0,,0,NONE,,,RECOVERING,0,,0,0,0,0,0,0,0,1,0,0,0,0,0,0,0,0,0,0,0,0,0,0,0,0,0,0,0,12,11,1,0,0,battery?,,TIMEOUT,2365,12891,5526
E3-STATE-CLI-001,telemetry-cli-baseline,Telemetry continuity without GUI,STATE_WATCH,68583,275,0,0,0,0,0,0,,,ERROR,,,,685,685,0,4,0,5756.32,2301.36,754,0,1308,1308,680,3,3,1,STALE,0,0,0,0,0,0,0,0,0,0,0,0,0,0,0,-1,0,-1,0,0,0,0,0,0,NO_DATA,0,0,0,0,0,0,0,0,0,0,0,0,0,0,0,0,0,0,0,0,0,0,0,OK,0,,0,NONE,,,RECOVERING,0,,0,0,0,0,0,0,0,1,0,0,0,0,0,0,0,0,0,0,0,0,0,0,0,0,0,0,0,12,11,1,0,0,battery?,,TIMEOUT,2365,13141,5776
E3-STATE-CLI-001,telemetry-cli-baseline,Telemetry continuity without GUI,STATE_WATCH,68833,276,0,0,0,0,0,0,,,ERROR,,,,694,694,0,4,0,9.97356,2301.6,65,100,1308,806,686,4,4,1,OK,100,0,0,0,0,0,0,0,0,0,0,0,0,0,0,-1,0,-1,0,0,0,0,0,0,NO_DATA,0,0,0,0,0,0,0,0,0,0,0,0,0,0,0,0,0,0,0,0,0,0,0,OK,0,,0,NONE,,,RECOVERING,0,,0,0,0,0,0,0,0,1,0,0,0,0,0,0,0,0,0,0,0,0,0,0,0,0,0,0,0,12,11,1,0,0,battery?,,TIMEOUT,2365,13391,6026
E3-STATE-CLI-001,telemetry-cli-baseline,Telemetry continuity without GUI,STATE_WATCH,69083,277,0,0,0,0,0,0,,,ERROR,,,,697,697,0,4,0,10.0084,1183.31,16,99,1308,806,686,4,4,1,OK,100,0,0,0,0,0,0,0,0,0,0,0,0,0,0,-1,0,-1,0,0,0,0,0,0,NO_DATA,0,0,0,0,0,0,0,0,0,0,0,0,0,0,0,0,0,0,0,0,0,0,0,OK,0,,0,NONE,,,RECOVERING,0,,0,0,0,0,0,0,0,1,0,0,0,0,0,0,0,0,0,0,0,0,0,0,0,0,0,0,0,12,11,1,0,0,battery?,,TIMEOUT,2365,13641,6276
E3-STATE-CLI-001,telemetry-cli-baseline,Telemetry continuity without GUI,STATE_WATCH,69333,278,0,0,0,0,0,0,,,ERROR,,,,699,699,0,4,0,10.0281,760.923,66,99,1308,806,686,4,4,1,OK,100,0,0,0,0,0,0,0,0,0,0,0,0,0,0,-1,0,-1,0,0,0,0,0,0,NO_DATA,0,0,0,0,0,0,0,0,0,0,0,0,0,0,0,0,0,0,0,0,0,0,0,OK,0,,0,NONE,,,RECOVERING,0,,0,0,0,0,0,0,0,1,0,0,0,0,0,0,0,0,0,0,0,0,0,0,0,0,0,0,0,12,11,1,0,0,battery?,,TIMEOUT,2365,13892,6526
E3-STATE-CLI-001,telemetry-cli-baseline,Telemetry continuity without GUI,STATE_WATCH,69584,279,0,0,0,0,0,0,,,ERROR,,,,702,702,0,4,0,10.0045,394.477,17,99,1308,806,686,4,4,1,OK,100,0,0,0,0,0,0,0,0,0,0,0,0,0,0,-1,0,-1,0,0,0,0,0,0,NO_DATA,0,0,0,0,0,0,0,0,0,0,0,0,0,0,0,0,0,0,0,0,0,0,0,OK,0,,0,NONE,,,RECOVERING,0,,0,0,0,0,0,0,0,1,0,0,0,0,0,0,0,0,0,0,0,0,0,0,0,0,0,0,0,12,11,1,0,0,battery?,,TIMEOUT,2365,14142,6777
E3-STATE-CLI-001,telemetry-cli-baseline,Telemetry continuity without GUI,STATE_WATCH,69834,280,0,0,0,0,0,0,,,ERROR,,,,704,704,0,4,0,10.0114,256.069,67,99,1308,806,686,4,4,1,OK,100,0,0,0,0,0,0,0,0,0,0,0,0,0,0,-1,0,-1,0,0,0,0,0,0,NO_DATA,0,0,0,0,0,0,0,0,0,0,0,0,0,0,0,0,0,0,0,0,0,0,0,OK,0,,0,NONE,,,RECOVERING,0,,0,0,0,0,0,0,0,1,0,0,0,0,0,0,0,0,0,0,0,0,0,0,0,0,0,0,0,12,11,1,0,0,battery?,,TIMEOUT,2365,14392,7027
E3-STATE-CLI-001,telemetry-cli-baseline,Telemetry continuity without GUI,STATE_WATCH,70084,281,0,0,0,0,0,0,,,ERROR,,,,707,707,0,4,0,10.0032,135.992,18,99,1308,806,686,4,4,1,OK,100,0,0,0,0,0,0,0,0,0,0,0,0,0,0,-1,0,-1,0,0,0,0,0,0,NO_DATA,0,0,0,0,0,0,0,0,0,0,0,0,0,0,0,0,0,0,0,0,0,0,0,OK,0,,0,NONE,,,RECOVERING,0,,0,0,0,0,0,0,0,1,0,0,0,0,0,0,0,0,0,0,0,0,0,0,0,0,0,0,0,12,11,1,0,0,battery?,,TIMEOUT,2365,14642,7277
E3-STATE-CLI-001,telemetry-cli-baseline,Telemetry continuity without GUI,STATE_WATCH,70334,282,0,0,0,0,0,0,,,ERROR,,,,709,709,0,4,0,10.0293,90.6391,68,99,1308,806,686,4,4,1,OK,100,0,0,0,0,0,0,0,0,0,0,0,0,0,0,-1,0,-1,0,0,0,0,0,0,NO_DATA,0,0,0,0,0,0,0,0,0,0,0,0,0,0,0,0,0,0,0,0,0,0,0,OK,0,,0,NONE,,,RECOVERING,0,,0,0,0,0,0,0,0,1,0,0,0,0,0,0,0,0,0,0,0,0,0,0,0,0,0,0,0,13,11,2,0,0,battery?,,TIMEOUT,2391,14892,135
E3-STATE-CLI-001,telemetry-cli-baseline,Telemetry continuity without GUI,STATE_WATCH,70584,283,0,0,0,0,0,0,,,ERROR,,,,712,712,0,4,0,10.4486,51.3166,19,95,1308,806,686,4,4,1,OK,100,0,0,0,0,0,0,0,0,0,0,0,0,0,0,-1,0,-1,0,0,0,0,0,0,NO_DATA,0,0,0,0,0,0,0,0,0,0,0,0,0,0,0,0,0,0,0,0,0,0,0,OK,0,,0,NONE,,,RECOVERING,0,,0,0,0,0,0,0,0,1,0,0,0,0,0,0,0,0,0,0,0,0,0,0,0,0,0,0,0,13,11,2,0,0,battery?,,TIMEOUT,2391,15142,385
E3-STATE-CLI-001,telemetry-cli-baseline,Telemetry continuity without GUI,STATE_WATCH,70835,284,0,0,0,0,0,0,,,ERROR,,,,714,714,0,4,0,10.0134,36.4463,69,99,1308,806,686,4,4,1,OK,100,0,0,0,0,0,0,0,0,0,0,0,0,0,0,-1,0,-1,0,0,0,0,0,0,NO_DATA,0,0,0,0,0,0,0,0,0,0,0,0,0,0,0,0,0,0,0,0,0,0,0,OK,0,,0,NONE,,,RECOVERING,0,,0,0,0,0,0,0,0,1,0,0,0,0,0,0,0,0,0,0,0,0,0,0,0,0,0,0,0,13,11,2,0,0,battery?,,TIMEOUT,2391,15393,636
E3-STATE-CLI-001,telemetry-cli-baseline,Telemetry continuity without GUI,STATE_WATCH,71085,285,0,0,0,0,0,0,,,ERROR,,,,717,717,0,4,0,10.0858,23.5459,19,99,1308,806,686,4,4,1,OK,100,0,0,0,0,0,0,0,0,0,0,0,0,0,0,-1,0,-1,0,0,0,0,0,0,NO_DATA,0,0,0,0,0,0,0,0,0,0,0,0,0,0,0,0,0,0,0,0,0,0,0,OK,0,,0,NONE,,,RECOVERING,0,,0,0,0,0,0,0,0,1,0,0,0,0,0,0,0,0,0,0,0,0,0,0,0,0,0,0,0,13,11,2,0,0,battery?,,TIMEOUT,2391,15643,886
E3-STATE-CLI-001,telemetry-cli-baseline,Telemetry continuity without GUI,STATE_WATCH,71335,286,0,0,0,0,0,0,,,ERROR,,,,719,719,0,4,0,10.0152,18.6748,70,99,1308,806,686,4,4,1,OK,100,0,0,0,0,0,0,0,0,0,0,0,0,0,0,-1,0,-1,0,0,0,0,0,0,NO_DATA,0,0,0,0,0,0,0,0,0,0,0,0,0,0,0,0,0,0,0,0,0,0,0,OK,0,,0,NONE,,,RECOVERING,0,,0,0,0,0,0,0,0,1,0,0,0,0,0,0,0,0,0,0,0,0,0,0,0,0,0,0,0,13,11,2,0,0,battery?,,TIMEOUT,2391,15893,1136
E3-STATE-CLI-001,telemetry-cli-baseline,Telemetry continuity without GUI,STATE_WATCH,71585,287,0,0,0,0,0,0,,,ERROR,,,,722,722,0,4,0,9.99878,14.4457,20,100,1308,806,686,4,4,1,OK,100,0,0,0,0,0,0,0,0,0,0,0,0,0,0,-1,0,-1,0,0,0,0,0,0,NO_DATA,0,0,0,0,0,0,0,0,0,0,0,0,0,0,0,0,0,0,0,0,0,0,0,OK,0,,0,NONE,,,RECOVERING,0,,0,0,0,0,0,0,0,1,0,0,0,0,0,0,0,0,0,0,0,0,0,0,0,0,0,0,0,13,11,2,0,0,battery?,,TIMEOUT,2391,16143,1386
E3-STATE-CLI-001,telemetry-cli-baseline,Telemetry continuity without GUI,STATE_WATCH,71835,288,0,0,0,0,0,0,,,ERROR,,,,724,724,0,4,0,10.0174,12.8497,71,99,1308,806,686,4,4,1,OK,100,0,0,0,0,0,0,0,0,0,0,0,0,0,0,-1,0,-1,0,0,0,0,0,0,NO_DATA,0,0,0,0,0,0,0,0,0,0,0,0,0,0,0,0,0,0,0,0,0,0,0,OK,0,,0,NONE,,,RECOVERING,0,,0,0,0,0,0,0,0,1,0,0,0,0,0,0,0,0,0,0,0,0,0,0,0,0,0,0,0,13,11,2,0,0,battery?,,TIMEOUT,2391,16393,1636
E3-STATE-CLI-001,telemetry-cli-baseline,Telemetry continuity without GUI,STATE_WATCH,72086,289,0,0,0,0,0,0,,,ERROR,,,,727,727,0,4,0,6.67911,12.3917,21,149,1308,806,686,4,4,1,OK,100,0,0,0,0,0,0,0,0,0,0,0,0,0,0,-1,0,-1,0,0,0,0,0,0,NO_DATA,0,0,0,0,0,0,0,0,0,0,0,0,0,0,0,0,0,0,0,0,0,0,0,OK,0,,0,NONE,,,RECOVERING,0,,0,0,0,0,0,0,0,1,0,0,0,0,0,0,0,0,0,0,0,0,0,0,0,0,0,0,0,13,11,2,0,0,battery?,,TIMEOUT,2391,16644,1886
E3-STATE-CLI-001,telemetry-cli-baseline,Telemetry continuity without GUI,STATE_WATCH,72336,290,0,0,0,0,0,0,,,ERROR,,,,730,730,0,4,0,10.0103,12.4604,21,99,1308,806,686,4,4,1,OK,100,0,0,0,0,0,0,0,0,0,0,0,0,0,0,-1,0,-1,0,0,0,0,0,0,NO_DATA,0,0,0,0,0,0,0,0,0,0,0,0,0,0,0,0,0,0,0,0,0,0,0,OK,0,,0,NONE,,,RECOVERING,0,,0,0,0,0,0,0,0,1,0,0,0,0,0,0,0,0,0,0,0,0,0,0,0,0,0,0,0,13,11,2,0,0,battery?,,TIMEOUT,2391,16894,2137
E3-STATE-CLI-001,telemetry-cli-baseline,Telemetry continuity without GUI,STATE_WATCH,72586,291,0,0,0,0,0,0,,,ERROR,,,,732,732,0,4,0,10.0111,11.5787,71,99,1308,806,686,4,4,1,OK,100,0,0,0,0,0,0,0,0,0,0,0,0,0,0,-1,0,-1,0,0,0,0,0,0,NO_DATA,0,0,0,0,0,0,0,0,0,0,0,0,0,0,0,0,0,0,0,0,0,0,0,OK,0,,0,NONE,,,RECOVERING,0,,0,0,0,0,0,0,0,1,0,0,0,0,0,0,0,0,0,0,0,0,0,0,0,0,0,0,0,13,11,2,0,0,battery?,,TIMEOUT,2391,17144,2387
E3-STATE-CLI-001,telemetry-cli-baseline,Telemetry continuity without GUI,STATE_WATCH,72836,292,0,0,0,0,0,0,,,ERROR,,,,735,735,0,4,0,10.0099,10.8137,21,99,1308,806,686,4,4,1,OK,100,0,0,0,0,0,0,0,0,0,0,0,0,0,0,-1,0,-1,0,0,0,0,0,0,NO_DATA,0,0,0,0,0,0,0,0,0,0,0,0,0,0,0,0,0,0,0,0,0,0,0,OK,0,,0,NONE,,,RECOVERING,0,,0,0,0,0,0,0,0,1,0,0,0,0,0,0,0,0,0,0,0,0,0,0,0,0,0,0,0,13,11,2,0,0,battery?,,TIMEOUT,2391,17394,2637
E3-STATE-CLI-001,telemetry-cli-baseline,Telemetry continuity without GUI,STATE_WATCH,73086,293,0,0,0,0,0,0,,,ERROR,,,,737,737,0,4,0,10.0559,10.5262,72,99,1308,806,686,4,4,1,OK,100,0,0,0,0,0,0,0,0,0,0,0,0,0,0,-1,0,-1,0,0,0,0,0,0,NO_DATA,0,0,0,0,0,0,0,0,0,0,0,0,0,0,0,0,0,0,0,0,0,0,0,OK,0,,0,NONE,,,RECOVERING,0,,0,0,0,0,0,0,0,1,0,0,0,0,0,0,0,0,0,0,0,0,0,0,0,0,0,0,0,13,11,2,0,0,battery?,,TIMEOUT,2391,17644,2887
E3-STATE-CLI-001,telemetry-cli-baseline,Telemetry continuity without GUI,STATE_WATCH,73336,294,0,0,0,0,0,0,,,ERROR,,,,740,740,0,4,0,10.0072,10.2744,22,99,1308,806,686,4,4,1,OK,100,0,0,0,0,0,0,0,0,0,0,0,0,0,0,-1,0,-1,0,0,0,0,0,0,NO_DATA,0,0,0,0,0,0,0,0,0,0,0,0,0,0,0,0,0,0,0,0,0,0,0,OK,0,,0,NONE,,,RECOVERING,0,,0,0,0,0,0,0,0,1,0,0,0,0,0,0,0,0,0,0,0,0,0,0,0,0,0,0,0,13,11,2,0,0,battery?,,TIMEOUT,2391,17895,3137
E3-STATE-CLI-001,telemetry-cli-baseline,Telemetry continuity without GUI,STATE_WATCH,73587,295,0,0,0,0,0,0,,,ERROR,,,,742,742,0,4,0,9.89695,10.1578,72,101,1308,806,686,4,4,1,OK,100,0,0,0,0,0,0,0,0,0,0,0,0,0,0,-1,0,-1,0,0,0,0,0,0,NO_DATA,0,0,0,0,0,0,0,0,0,0,0,0,0,0,0,0,0,0,0,0,0,0,0,OK,0,,0,NONE,,,RECOVERING,0,,0,0,0,0,0,0,0,1,0,0,0,0,0,0,0,0,0,0,0,0,0,0,0,0,0,0,0,13,11,2,0,0,battery?,,TIMEOUT,2391,18145,3388
E3-STATE-CLI-001,telemetry-cli-baseline,Telemetry continuity without GUI,STATE_WATCH,73837,296,0,0,0,0,0,0,,,ERROR,,,,745,745,0,4,0,10.0078,10.0972,23,99,1308,806,686,4,4,1,OK,100,0,0,0,0,0,0,0,0,0,0,0,0,0,0,-1,0,-1,0,0,0,0,0,0,NO_DATA,0,0,0,0,0,0,0,0,0,0,0,0,0,0,0,0,0,0,0,0,0,0,0,OK,0,,0,NONE,,,RECOVERING,0,,0,0,0,0,0,0,0,1,0,0,0,0,0,0,0,0,0,0,0,0,0,0,0,0,0,0,0,13,11,2,0,0,battery?,,TIMEOUT,2391,18395,3638
E3-STATE-CLI-001,telemetry-cli-baseline,Telemetry continuity without GUI,STATE_WATCH,74087,297,0,0,0,0,0,0,,,ERROR,,,,747,747,0,4,0,10.0031,10.0675,74,99,1308,806,686,4,4,1,OK,100,0,0,0,0,0,0,0,0,0,0,0,0,0,0,-1,0,-1,0,0,0,0,0,0,NO_DATA,0,0,0,0,0,0,0,0,0,0,0,0,0,0,0,0,0,0,0,0,0,0,0,OK,0,,0,NONE,,,RECOVERING,0,,0,0,0,0,0,0,0,1,0,0,0,0,0,0,0,0,0,0,0,0,0,0,0,0,0,0,0,13,11,2,0,0,battery?,,TIMEOUT,2391,18645,3888
E3-STATE-CLI-001,telemetry-cli-baseline,Telemetry continuity without GUI,STATE_WATCH,74337,298,0,0,0,0,0,0,,,ERROR,,,,750,750,0,4,0,9.86043,10.0093,23,101,1308,806,686,4,4,1,OK,100,0,0,0,0,0,0,0,0,0,0,0,0,0,0,-1,0,-1,0,0,0,0,0,0,NO_DATA,0,0,0,0,0,0,0,0,0,0,0,0,0,0,0,0,0,0,0,0,0,0,0,OK,0,,0,NONE,,,RECOVERING,0,,0,0,0,0,0,0,0,1,0,0,0,0,0,0,0,0,0,0,0,0,0,0,0,0,0,0,0,13,11,2,0,0,battery?,,TIMEOUT,2391,18895,4138
E3-STATE-CLI-001,telemetry-cli-baseline,Telemetry continuity without GUI,STATE_WATCH,74587,299,0,0,0,0,0,0,,,ERROR,,,,752,752,0,4,0,10.0093,10.036,75,99,1308,806,686,4,4,1,OK,100,0,0,0,0,0,0,0,0,0,0,0,0,0,0,-1,0,-1,0,0,0,0,0,0,NO_DATA,0,0,0,0,0,0,0,0,0,0,0,0,0,0,0,0,0,0,0,0,0,0,0,OK,0,,0,NONE,,,RECOVERING,0,,0,0,0,0,0,0,0,1,0,0,0,0,0,0,0,0,0,0,0,0,0,0,0,0,0,0,0,13,11,2,0,0,battery?,,TIMEOUT,2391,19145,4388
E3-STATE-CLI-001,telemetry-cli-baseline,Telemetry continuity without GUI,STATE_WATCH,74838,300,0,0,0,0,0,0,,,ERROR,,,,755,755,0,4,0,10.0185,10.0262,25,99,1308,806,686,4,4,1,OK,100,0,0,0,0,0,0,0,0,0,0,0,0,0,0,-1,0,-1,0,0,0,0,0,0,NO_DATA,0,0,0,0,0,0,0,0,0,0,0,0,0,0,0,0,0,0,0,0,0,0,0,OK,0,,0,NONE,,,RECOVERING,0,,0,0,0,0,0,0,0,1,0,0,0,0,0,0,0,0,0,0,0,0,0,0,0,0,0,0,0,13,11,2,0,0,battery?,,TIMEOUT,2391,19396,4638
E3-STATE-CLI-001,telemetry-cli-baseline,Telemetry continuity without GUI,STATE_WATCH,75088,301,0,0,0,0,0,0,,,ERROR,,,,757,757,0,4,0,10.0094,10.022,75,99,1308,806,686,4,4,1,OK,100,0,0,0,0,0,0,0,0,0,0,0,0,0,0,-1,0,-1,0,0,0,0,0,0,NO_DATA,0,0,0,0,0,0,0,0,0,0,0,0,0,0,0,0,0,0,0,0,0,0,0,OK,0,,0,NONE,,,RECOVERING,0,,0,0,0,0,0,0,0,1,0,0,0,0,0,0,0,0,0,0,0,0,0,0,0,0,0,0,0,13,11,2,0,0,battery?,,TIMEOUT,2391,19646,4889
E3-STATE-CLI-001,telemetry-cli-baseline,Telemetry continuity without GUI,STATE_WATCH,75338,302,0,0,0,0,0,0,,,ERROR,,,,760,760,0,4,0,10.0115,10.016,26,99,1308,806,686,4,4,1,OK,100,0,0,0,0,0,0,0,0,0,0,0,0,0,0,-1,0,-1,0,0,0,0,0,0,NO_DATA,0,0,0,0,0,0,0,0,0,0,0,0,0,0,0,0,0,0,0,0,0,0,0,OK,0,,0,NONE,,,RECOVERING,0,,0,0,0,0,0,0,0,1,0,0,0,0,0,0,0,0,0,0,0,0,0,0,0,0,0,0,0,13,11,2,0,0,battery?,,TIMEOUT,2391,19896,5139
E3-STATE-CLI-001,telemetry-cli-baseline,Telemetry continuity without GUI,STATE_WATCH,75588,303,0,0,0,0,0,0,,,ERROR,,,,763,763,0,4,0,10.0114,11.2908,26,99,1308,806,686,4,4,1,OK,100,0,0,0,0,0,0,0,0,0,0,0,0,0,0,-1,0,-1,0,0,0,0,0,0,NO_DATA,0,0,0,0,0,0,0,0,0,0,0,0,0,0,0,0,0,0,0,0,0,0,0,OK,0,,0,NONE,,,RECOVERING,0,,0,0,0,0,0,0,0,1,0,0,0,0,0,0,0,0,0,0,0,0,0,0,0,0,0,0,0,13,11,2,0,0,battery?,,TIMEOUT,2391,20146,5389
E3-STATE-CLI-001,telemetry-cli-baseline,Telemetry continuity without GUI,STATE_WATCH,75838,304,0,0,0,0,0,0,,,ERROR,,,,765,765,0,4,0,10.011,10.8294,77,99,1308,806,686,4,4,1,OK,100,0,0,0,0,0,0,0,0,0,0,0,0,0,0,-1,0,-1,0,0,0,0,0,0,NO_DATA,0,0,0,0,0,0,0,0,0,0,0,0,0,0,0,0,0,0,0,0,0,0,0,OK,0,,0,NONE,,,RECOVERING,0,,0,0,0,0,0,0,0,1,0,0,0,0,0,0,0,0,0,0,0,0,0,0,0,0,0,0,0,13,11,2,0,0,battery?,,TIMEOUT,2391,20397,5639
E3-STATE-CLI-001,telemetry-cli-baseline,Telemetry continuity without GUI,STATE_WATCH,76089,305,0,0,0,0,0,0,,,ERROR,,,,768,768,0,4,0,9.99727,10.419,27,100,1308,806,686,4,4,1,OK,100,0,0,0,0,0,0,0,0,0,0,0,0,0,0,-1,0,-1,0,0,0,0,0,0,NO_DATA,0,0,0,0,0,0,0,0,0,0,0,0,0,0,0,0,0,0,0,0,0,0,0,OK,0,,0,NONE,,,RECOVERING,0,,0,0,0,0,0,0,0,1,0,0,0,0,0,0,0,0,0,0,0,0,0,0,0,0,0,0,0,13,11,2,0,0,battery?,,TIMEOUT,2391,20647,5890
E3-STATE-CLI-001,telemetry-cli-baseline,Telemetry continuity without GUI,STATE_WATCH,76339,306,0,0,0,0,0,0,,,ERROR,,,,770,770,0,4,0,10.0104,10.2638,77,99,1308,806,686,4,4,1,OK,100,0,0,0,0,0,0,0,0,0,0,0,0,0,0,-1,0,-1,0,0,0,0,0,0,NO_DATA,0,0,0,0,0,0,0,0,0,0,0,0,0,0,0,0,0,0,0,0,0,0,0,OK,0,,0,NONE,,,RECOVERING,0,,0,0,0,0,0,0,0,1,0,0,0,0,0,0,0,0,0,0,0,0,0,0,0,0,0,0,0,13,11,2,0,0,battery?,,TIMEOUT,2391,20897,6140
E3-STATE-CLI-001,telemetry-cli-baseline,Telemetry continuity without GUI,STATE_WATCH,76589,307,0,0,0,0,0,0,,,ERROR,,,,773,773,0,4,0,9.97354,10.1222,26,100,1308,806,686,4,4,1,OK,100,0,0,0,0,0,0,0,0,0,0,0,0,0,0,-1,0,-1,0,0,0,0,0,0,NO_DATA,0,0,0,0,0,0,0,0,0,0,0,0,0,0,0,0,0,0,0,0,0,0,0,OK,0,,0,NONE,,,RECOVERING,0,,0,0,0,0,0,0,0,1,0,0,0,0,0,0,0,0,0,0,0,0,0,0,0,0,0,0,0,13,11,2,0,0,battery?,,TIMEOUT,2391,21147,6390
E3-STATE-CLI-001,telemetry-cli-baseline,Telemetry continuity without GUI,STATE_WATCH,76839,308,0,0,0,0,0,0,,,ERROR,,,,775,775,0,4,0,9.96541,10.0677,76,100,1308,806,686,4,4,1,OK,100,0,0,0,0,0,0,0,0,0,0,0,0,0,0,-1,0,-1,0,0,0,0,0,0,NO_DATA,0,0,0,0,0,0,0,0,0,0,0,0,0,0,0,0,0,0,0,0,0,0,0,OK,0,,0,NONE,,,RECOVERING,0,,0,0,0,0,0,0,0,1,0,0,0,0,0,0,0,0,0,0,0,0,0,0,0,0,0,0,0,13,11,2,0,0,battery?,,TIMEOUT,2391,21397,6640
E3-STATE-CLI-001,telemetry-cli-baseline,Telemetry continuity without GUI,STATE_WATCH,77090,309,0,0,0,0,0,0,,,ERROR,,,,778,778,0,4,0,9.98133,10.0223,25,100,1308,806,686,4,4,1,OK,100,0,0,0,0,0,0,0,0,0,0,0,0,0,0,-1,0,-1,0,0,0,0,0,0,NO_DATA,0,0,0,0,0,0,0,0,0,0,0,0,0,0,0,0,0,0,0,0,0,0,0,OK,0,,0,NONE,,,RECOVERING,0,,0,0,0,0,0,0,0,1,0,0,0,0,0,0,0,0,0,0,0,0,0,0,0,0,0,0,0,13,11,2,0,0,battery?,,TIMEOUT,2391,21648,6890
E3-STATE-CLI-001,telemetry-cli-baseline,Telemetry continuity without GUI,STATE_WATCH,77340,310,0,0,0,0,0,0,,,ERROR,,,,780,780,0,4,0,9.98015,10.0061,75,100,1308,806,686,4,4,1,OK,100,0,0,0,0,0,0,0,0,0,0,0,0,0,0,-1,0,-1,0,0,0,0,0,0,NO_DATA,0,0,0,0,0,0,0,0,0,0,0,0,0,0,0,0,0,0,0,0,0,0,0,OK,0,,0,NONE,,,RECOVERING,0,,0,0,0,0,0,0,0,1,0,0,0,0,0,0,0,0,0,0,0,0,0,0,0,0,0,0,0,13,11,2,0,0,battery?,,TIMEOUT,2391,21898,7141
E3-STATE-CLI-001,telemetry-cli-baseline,Telemetry continuity without GUI,STATE_WATCH,77590,311,0,0,0,0,0,0,,,ERROR,,,,783,783,0,4,0,9.97673,9.98914,24,100,1308,806,686,4,4,1,OK,100,0,0,0,0,0,0,0,0,0,0,0,0,0,0,-1,0,-1,0,0,0,0,0,0,NO_DATA,0,0,0,0,0,0,0,0,0,0,0,0,0,0,0,0,0,0,0,0,0,0,0,OK,0,,0,NONE,,,RECOVERING,0,,0,0,0,0,0,0,0,1,0,0,0,0,0,0,0,0,0,0,0,0,0,0,0,0,0,0,0,13,11,2,0,0,battery?,,TIMEOUT,2391,22148,7391
E3-STATE-CLI-001,telemetry-cli-baseline,Telemetry continuity without GUI,STATE_WATCH,77840,312,0,0,0,0,0,0,,,ERROR,,,,785,785,0,4,0,10.0119,9.98588,74,99,1308,806,686,4,4,1,OK,100,0,0,0,0,0,0,0,0,0,0,0,0,0,0,-1,0,-1,0,0,0,0,0,0,NO_DATA,0,0,0,0,0,0,0,0,0,0,0,0,0,0,0,0,0,0,0,0,0,0,0,OK,0,,0,NONE,,,RECOVERING,0,,0,0,0,0,0,0,0,1,0,0,0,0,0,0,0,0,0,0,0,0,0,0,0,0,0,0,0,14,11,3,0,0,battery?,,TIMEOUT,2391,22398,249
E3-STATE-CLI-001,telemetry-cli-baseline,Telemetry continuity without GUI,STATE_WATCH,78090,313,0,0,0,0,0,0,,,ERROR,,,,788,788,0,4,0,9.92964,9.96537,22,100,1308,806,686,4,4,1,OK,100,0,0,0,0,0,0,0,0,0,0,0,0,0,0,-1,0,-1,0,0,0,0,0,0,NO_DATA,0,0,0,0,0,0,0,0,0,0,0,0,0,0,0,0,0,0,0,0,0,0,0,OK,0,,0,NONE,,,RECOVERING,0,,0,0,0,0,0,0,0,1,0,0,0,0,0,0,0,0,0,0,0,0,0,0,0,0,0,0,0,14,11,3,0,0,battery?,,TIMEOUT,2391,22648,499
E3-STATE-CLI-001,telemetry-cli-baseline,Telemetry continuity without GUI,STATE_WATCH,78340,314,0,0,0,0,0,0,,,ERROR,,,,791,791,0,4,0,19.9212,11.9689,23,50,1308,806,686,4,4,1,OK,100,0,0,0,0,0,0,0,0,0,0,0,0,0,0,-1,0,-1,0,0,0,0,0,0,NO_DATA,0,0,0,0,0,0,0,0,0,0,0,0,0,0,0,0,0,0,0,0,0,0,0,OK,0,,0,NONE,,,RECOVERING,0,,0,0,0,0,0,0,0,1,0,0,0,0,0,0,0,0,0,0,0,0,0,0,0,0,0,0,0,14,11,3,0,0,battery?,,TIMEOUT,2391,22899,749
E3-STATE-CLI-001,telemetry-cli-baseline,Telemetry continuity without GUI,STATE_WATCH,78591,315,0,0,0,0,0,0,,,ERROR,,,,793,793,0,4,0,9.97514,11.2512,72,100,1308,806,686,4,4,1,OK,100,0,0,0,0,0,0,0,0,0,0,0,0,0,0,-1,0,-1,0,0,0,0,0,0,NO_DATA,0,0,0,0,0,0,0,0,0,0,0,0,0,0,0,0,0,0,0,0,0,0,0,OK,0,,0,NONE,,,RECOVERING,0,,0,0,0,0,0,0,0,1,0,0,0,0,0,0,0,0,0,0,0,0,0,0,0,0,0,0,0,14,11,3,0,0,battery?,,TIMEOUT,2391,23149,1000
E3-STATE-CLI-001,telemetry-cli-baseline,Telemetry continuity without GUI,STATE_WATCH,78841,316,0,0,0,0,0,0,,,ERROR,,,,796,796,0,4,0,9.89957,10.6096,21,101,1308,806,686,4,4,1,OK,100,0,0,0,0,0,0,0,0,0,0,0,0,0,0,-1,0,-1,0,0,0,0,0,0,NO_DATA,0,0,0,0,0,0,0,0,0,0,0,0,0,0,0,0,0,0,0,0,0,0,0,OK,0,,0,NONE,,,RECOVERING,0,,0,0,0,0,0,0,0,1,0,0,0,0,0,0,0,0,0,0,0,0,0,0,0,0,0,0,0,14,11,3,0,0,battery?,,TIMEOUT,2391,23399,1250
E3-STATE-CLI-001,telemetry-cli-baseline,Telemetry continuity without GUI,STATE_WATCH,79091,317,0,0,0,0,0,0,,,ERROR,,,,798,798,0,4,0,9.96085,10.3767,70,100,1308,806,686,4,4,1,OK,100,0,0,0,0,0,0,0,0,0,0,0,0,0,0,-1,0,-1,0,0,0,0,0,0,NO_DATA,0,0,0,0,0,0,0,0,0,0,0,0,0,0,0,0,0,0,0,0,0,0,0,OK,0,,0,NONE,,,RECOVERING,0,,0,0,0,0,0,0,0,1,0,0,0,0,0,0,0,0,0,0,0,0,0,0,0,0,0,0,0,14,11,3,0,0,battery?,,TIMEOUT,2391,23649,1500
E3-STATE-CLI-001,telemetry-cli-baseline,Telemetry continuity without GUI,STATE_WATCH,79341,318,0,0,0,0,0,0,,,ERROR,,,,801,801,0,4,0,9.95925,10.1812,20,100,1308,806,686,4,4,1,OK,100,0,0,0,0,0,0,0,0,0,0,0,0,0,0,-1,0,-1,0,0,0,0,0,0,NO_DATA,0,0,0,0,0,0,0,0,0,0,0,0,0,0,0,0,0,0,0,0,0,0,0,OK,0,,0,NONE,,,RECOVERING,0,,0,0,0,0,0,0,0,1,0,0,0,0,0,0,0,0,0,0,0,0,0,0,0,0,0,0,0,14,11,3,0,0,battery?,,TIMEOUT,2391,23899,1750
E3-STATE-CLI-001,telemetry-cli-baseline,Telemetry continuity without GUI,STATE_WATCH,79591,319,0,0,0,0,0,0,,,ERROR,,,,803,803,0,4,0,9.97471,10.1064,69,100,1308,806,686,4,4,1,OK,100,0,0,0,0,0,0,0,0,0,0,0,0,0,0,-1,0,-1,0,0,0,0,0,0,NO_DATA,0,0,0,0,0,0,0,0,0,0,0,0,0,0,0,0,0,0,0,0,0,0,0,OK,0,,0,NONE,,,RECOVERING,0,,0,0,0,0,0,0,0,1,0,0,0,0,0,0,0,0,0,0,0,0,0,0,0,0,0,0,0,14,11,3,0,0,battery?,,TIMEOUT,2391,24150,2000
E3-STATE-CLI-001,telemetry-cli-baseline,Telemetry continuity without GUI,STATE_WATCH,79842,320,0,0,0,0,0,0,,,ERROR,,,,806,806,0,4,0,9.97389,10.0433,19,100,1308,806,686,4,4,1,OK,100,0,0,0,0,0,0,0,0,0,0,0,0,0,0,-1,0,-1,0,0,0,0,0,0,NO_DATA,0,0,0,0,0,0,0,0,0,0,0,0,0,0,0,0,0,0,0,0,0,0,0,OK,0,,0,NONE,,,RECOVERING,0,,0,0,0,0,0,0,0,1,0,0,0,0,0,0,0,0,0,0,0,0,0,0,0,0,0,0,0,14,11,3,0,0,battery?,,TIMEOUT,2391,24400,2251
E3-STATE-CLI-001,telemetry-cli-baseline,Telemetry continuity without GUI,STATE_WATCH,80092,321,0,0,0,0,0,0,,,ERROR,,,,808,808,0,4,0,9.95217,10.0118,68,100,1308,806,686,4,4,1,OK,100,0,0,0,0,0,0,0,0,0,0,0,0,0,0,-1,0,-1,0,0,0,0,0,0,NO_DATA,0,0,0,0,0,0,0,0,0,0,0,0,0,0,0,0,0,0,0,0,0,0,0,OK,0,,0,NONE,,,RECOVERING,0,,0,0,0,0,0,0,0,1,0,0,0,0,0,0,0,0,0,0,0,0,0,0,0,0,0,0,0,14,11,3,0,0,battery?,,TIMEOUT,2391,24650,2501
E3-STATE-CLI-001,telemetry-cli-baseline,Telemetry continuity without GUI,STATE_WATCH,80342,322,0,0,0,0,0,0,,,ERROR,,,,811,811,0,4,0,10.0704,10.0098,18,99,1308,806,686,4,4,1,OK,100,0,0,0,0,0,0,0,0,0,0,0,0,0,0,-1,0,-1,0,0,0,0,0,0,NO_DATA,0,0,0,0,0,0,0,0,0,0,0,0,0,0,0,0,0,0,0,0,0,0,0,OK,0,,0,NONE,,,RECOVERING,0,,0,0,0,0,0,0,0,1,0,0,0,0,0,0,0,0,0,0,0,0,0,0,0,0,0,0,0,14,11,3,0,0,battery?,,TIMEOUT,2391,24900,2751
E3-STATE-CLI-001,telemetry-cli-baseline,Telemetry continuity without GUI,STATE_WATCH,80592,323,0,0,0,0,0,0,,,ERROR,,,,813,813,0,4,0,9.98255,9.99661,67,100,1308,806,686,4,4,1,OK,100,0,0,0,0,0,0,0,0,0,0,0,0,0,0,-1,0,-1,0,0,0,0,0,0,NO_DATA,0,0,0,0,0,0,0,0,0,0,0,0,0,0,0,0,0,0,0,0,0,0,0,OK,0,,0,NONE,,,RECOVERING,0,,0,0,0,0,0,0,0,1,0,0,0,0,0,0,0,0,0,0,0,0,0,0,0,0,0,0,0,14,11,3,0,0,battery?,,TIMEOUT,2391,25150,3001
E3-STATE-CLI-001,telemetry-cli-baseline,Telemetry continuity without GUI,STATE_WATCH,80842,324,0,0,0,0,0,0,,,ERROR,,,,816,816,0,4,0,9.96461,9.98065,17,100,1308,806,686,4,4,1,OK,100,0,0,0,0,0,0,0,0,0,0,0,0,0,0,-1,0,-1,0,0,0,0,0,0,NO_DATA,0,0,0,0,0,0,0,0,0,0,0,0,0,0,0,0,0,0,0,0,0,0,0,OK,0,,0,NONE,,,RECOVERING,0,,0,0,0,0,0,0,0,1,0,0,0,0,0,0,0,0,0,0,0,0,0,0,0,0,0,0,0,14,11,3,0,0,battery?,,TIMEOUT,2391,25400,3251
E3-STATE-CLI-001,telemetry-cli-baseline,Telemetry continuity without GUI,STATE_WATCH,81093,325,0,0,0,0,0,0,,,ERROR,,,,818,818,0,4,0,9.94425,9.96559,66,100,1308,806,686,4,4,1,OK,100,0,0,0,0,0,0,0,0,0,0,0,0,0,0,-1,0,-1,0,0,0,0,0,0,NO_DATA,0,0,0,0,0,0,0,0,0,0,0,0,0,0,0,0,0,0,0,0,0,0,0,OK,0,,0,NONE,,,RECOVERING,0,,0,0,0,0,0,0,0,1,0,0,0,0,0,0,0,0,0,0,0,0,0,0,0,0,0,0,0,14,11,3,0,0,battery?,,TIMEOUT,2391,25651,3501
E3-STATE-CLI-001,telemetry-cli-baseline,Telemetry continuity without GUI,STATE_WATCH,81343,326,0,0,0,0,0,0,,,ERROR,,,,821,821,0,4,0,9.93524,9.94438,13,100,1308,806,686,4,4,1,OK,100,0,0,0,0,0,0,0,0,0,0,0,0,0,0,-1,0,-1,0,0,0,0,0,0,NO_DATA,0,0,0,0,0,0,0,0,0,0,0,0,0,0,0,0,0,0,0,0,0,0,0,OK,0,,0,NONE,,,RECOVERING,0,,0,0,0,0,0,0,0,1,0,0,0,0,0,0,0,0,0,0,0,0,0,0,0,0,0,0,0,14,11,3,0,0,battery?,,TIMEOUT,2391,25901,3752
E3-STATE-CLI-001,telemetry-cli-baseline,Telemetry continuity without GUI,STATE_WATCH,81593,327,0,0,0,0,0,0,,,ERROR,,,,824,824,0,4,0,21.2321,12.2011,15,47,1308,806,686,4,4,1,OK,100,0,0,0,0,0,0,0,0,0,0,0,0,0,0,-1,0,-1,0,0,0,0,0,0,NO_DATA,0,0,0,0,0,0,0,0,0,0,0,0,0,0,0,0,0,0,0,0,0,0,0,OK,0,,0,NONE,,,RECOVERING,0,,0,0,0,0,0,0,0,1,0,0,0,0,0,0,0,0,0,0,0,0,0,0,0,0,0,0,0,14,11,3,0,0,battery?,,TIMEOUT,2391,26151,4002
E3-STATE-CLI-001,telemetry-cli-baseline,Telemetry continuity without GUI,STATE_WATCH,81843,328,0,0,0,0,0,0,,,ERROR,,,,826,826,0,4,0,9.98213,11.4009,65,100,1308,806,686,4,4,1,OK,100,0,0,0,0,0,0,0,0,0,0,0,0,0,0,-1,0,-1,0,0,0,0,0,0,NO_DATA,0,0,0,0,0,0,0,0,0,0,0,0,0,0,0,0,0,0,0,0,0,0,0,OK,0,,0,NONE,,,RECOVERING,0,,0,0,0,0,0,0,0,1,0,0,0,0,0,0,0,0,0,0,0,0,0,0,0,0,0,0,0,14,11,3,0,0,battery?,,TIMEOUT,2391,26401,4252
E3-STATE-CLI-001,telemetry-cli-baseline,Telemetry continuity without GUI,STATE_WATCH,82093,329,0,0,0,0,0,0,,,ERROR,,,,829,829,0,4,0,9.98194,10.7023,14,100,1308,806,686,4,4,1,OK,100,0,0,0,0,0,0,0,0,0,0,0,0,0,0,-1,0,-1,0,0,0,0,0,0,NO_DATA,0,0,0,0,0,0,0,0,0,0,0,0,0,0,0,0,0,0,0,0,0,0,0,OK,0,,0,NONE,,,RECOVERING,0,,0,0,0,0,0,0,0,1,0,0,0,0,0,0,0,0,0,0,0,0,0,0,0,0,0,0,0,14,11,3,0,0,battery?,,TIMEOUT,2391,26651,4502
E3-STATE-CLI-001,telemetry-cli-baseline,Telemetry continuity without GUI,STATE_WATCH,82343,330,0,0,0,0,0,0,,,ERROR,,,,831,831,0,4,0,9.98233,10.4419,64,100,1308,806,686,4,4,1,OK,100,0,0,0,0,0,0,0,0,0,0,0,0,0,0,-1,0,-1,0,0,0,0,0,0,NO_DATA,0,0,0,0,0,0,0,0,0,0,0,0,0,0,0,0,0,0,0,0,0,0,0,OK,0,,0,NONE,,,RECOVERING,0,,0,0,0,0,0,0,0,1,0,0,0,0,0,0,0,0,0,0,0,0,0,0,0,0,0,0,0,14,11,3,0,0,battery?,,TIMEOUT,2391,26901,4752
E3-STATE-CLI-001,telemetry-cli-baseline,Telemetry continuity without GUI,STATE_WATCH,82594,331,0,0,0,0,0,0,,,ERROR,,,,834,834,0,4,0,9.96124,10.2096,13,100,1308,806,686,4,4,1,OK,100,0,0,0,0,0,0,0,0,0,0,0,0,0,0,-1,0,-1,0,0,0,0,0,0,NO_DATA,0,0,0,0,0,0,0,0,0,0,0,0,0,0,0,0,0,0,0,0,0,0,0,OK,0,,0,NONE,,,RECOVERING,0,,0,0,0,0,0,0,0,1,0,0,0,0,0,0,0,0,0,0,0,0,0,0,0,0,0,0,0,14,11,3,0,0,battery?,,TIMEOUT,2391,27152,5002
E3-STATE-CLI-001,telemetry-cli-baseline,Telemetry continuity without GUI,STATE_WATCH,82844,332,0,0,0,0,0,0,,,ERROR,,,,836,836,0,4,0,9.99383,10.1265,63,100,1308,806,686,4,4,1,OK,100,0,0,0,0,0,0,0,0,0,0,0,0,0,0,-1,0,-1,0,0,0,0,0,0,NO_DATA,0,0,0,0,0,0,0,0,0,0,0,0,0,0,0,0,0,0,0,0,0,0,0,OK,0,,0,NONE,,,RECOVERING,0,,0,0,0,0,0,0,0,1,0,0,0,0,0,0,0,0,0,0,0,0,0,0,0,0,0,0,0,14,11,3,0,0,battery?,,TIMEOUT,2391,27402,5253
E3-STATE-CLI-001,telemetry-cli-baseline,Telemetry continuity without GUI,STATE_WATCH,83094,333,0,0,0,0,0,0,,,ERROR,,,,839,839,0,4,0,9.96053,10.0507,12,100,1308,806,686,4,4,1,OK,100,0,0,0,0,0,0,0,0,0,0,0,0,0,0,-1,0,-1,0,0,0,0,0,0,NO_DATA,0,0,0,0,0,0,0,0,0,0,0,0,0,0,0,0,0,0,0,0,0,0,0,OK,0,,0,NONE,,,RECOVERING,0,,0,0,0,0,0,0,0,1,0,0,0,0,0,0,0,0,0,0,0,0,0,0,0,0,0,0,0,14,11,3,0,0,battery?,,TIMEOUT,2391,27652,5503
E3-STATE-CLI-001,telemetry-cli-baseline,Telemetry continuity without GUI,STATE_WATCH,83344,334,0,0,0,0,0,0,,,ERROR,,,,841,841,0,4,0,9.97578,10.0241,62,100,1308,806,686,4,4,1,OK,100,0,0,0,0,0,0,0,0,0,0,0,0,0,0,-1,0,-1,0,0,0,0,0,0,NO_DATA,0,0,0,0,0,0,0,0,0,0,0,0,0,0,0,0,0,0,0,0,0,0,0,OK,0,,0,NONE,,,RECOVERING,0,,0,0,0,0,0,0,0,1,0,0,0,0,0,0,0,0,0,0,0,0,0,0,0,0,0,0,0,14,11,3,0,0,battery?,,TIMEOUT,2391,27902,5753
E3-STATE-CLI-001,telemetry-cli-baseline,Telemetry continuity without GUI,STATE_WATCH,83594,335,0,0,0,0,0,0,,,ERROR,,,,844,844,0,4,0,9.97367,10.0003,11,100,1308,806,686,4,4,1,OK,100,0,0,0,0,0,0,0,0,0,0,0,0,0,0,-1,0,-1,0,0,0,0,0,0,NO_DATA,0,0,0,0,0,0,0,0,0,0,0,0,0,0,0,0,0,0,0,0,0,0,0,OK,0,,0,NONE,,,RECOVERING,0,,0,0,0,0,0,0,0,1,0,0,0,0,0,0,0,0,0,0,0,0,0,0,0,0,0,0,0,14,11,3,0,0,battery?,,TIMEOUT,2391,28152,6003
E3-STATE-CLI-001,telemetry-cli-baseline,Telemetry continuity without GUI,STATE_WATCH,83844,336,0,0,0,0,0,0,,,ERROR,,,,846,846,0,4,0,9.98252,9.99044,61,100,1308,806,686,4,4,1,OK,100,0,0,0,0,0,0,0,0,0,0,0,0,0,0,-1,0,-1,0,0,0,0,0,0,NO_DATA,0,0,0,0,0,0,0,0,0,0,0,0,0,0,0,0,0,0,0,0,0,0,0,OK,0,,0,NONE,,,RECOVERING,0,,0,0,0,0,0,0,0,1,0,0,0,0,0,0,0,0,0,0,0,0,0,0,0,0,0,0,0,14,11,3,0,0,battery?,,TIMEOUT,2391,28403,6253
E3-STATE-CLI-001,telemetry-cli-baseline,Telemetry continuity without GUI,STATE_WATCH,84095,337,0,0,0,0,0,0,,,ERROR,,,,849,849,0,4,0,9.97246,9.98166,10,100,1308,806,686,4,4,1,OK,100,0,0,0,0,0,0,0,0,0,0,0,0,0,0,-1,0,-1,0,0,0,0,0,0,NO_DATA,0,0,0,0,0,0,0,0,0,0,0,0,0,0,0,0,0,0,0,0,0,0,0,OK,0,,0,NONE,,,RECOVERING,0,,0,0,0,0,0,0,0,1,0,0,0,0,0,0,0,0,0,0,0,0,0,0,0,0,0,0,0,14,11,3,0,0,battery?,,TIMEOUT,2391,28653,6504
E3-STATE-CLI-001,telemetry-cli-baseline,Telemetry continuity without GUI,STATE_WATCH,84345,338,0,0,0,0,0,0,,,ERROR,,,,851,851,0,4,0,9.89589,9.96229,59,101,1308,806,686,4,4,1,OK,100,0,0,0,0,0,0,0,0,0,0,0,0,0,0,-1,0,-1,0,0,0,0,0,0,NO_DATA,0,0,0,0,0,0,0,0,0,0,0,0,0,0,0,0,0,0,0,0,0,0,0,OK,0,,0,NONE,,,RECOVERING,0,,0,0,0,0,0,0,0,1,0,0,0,0,0,0,0,0,0,0,0,0,0,0,0,0,0,0,0,14,11,3,0,0,battery?,,TIMEOUT,2391,28903,6754
E3-STATE-CLI-001,telemetry-cli-baseline,Telemetry continuity without GUI,STATE_WATCH,84595,339,0,0,0,0,0,0,,,ERROR,,,,854,854,0,4,0,9.83031,9.89253,4,101,1308,806,686,4,4,1,OK,100,0,0,0,0,0,0,0,0,0,0,0,0,0,0,-1,0,-1,0,0,0,0,0,0,NO_DATA,0,0,0,0,0,0,0,0,0,0,0,0,0,0,0,0,0,0,0,0,0,0,0,OK,0,,0,NONE,,,RECOVERING,0,,0,0,0,0,0,0,0,1,0,0,0,0,0,0,0,0,0,0,0,0,0,0,0,0,0,0,0,14,11,3,0,0,battery?,,TIMEOUT,2391,29153,7004
E3-STATE-CLI-001,telemetry-cli-baseline,Telemetry continuity without GUI,STATE_WATCH,84845,340,0,0,0,0,0,0,,,ERROR,,,,856,856,0,4,0,9.82054,9.86596,50,101,1308,806,686,4,4,1,OK,100,0,0,0,0,0,0,0,0,0,0,0,0,0,0,-1,0,-1,0,0,0,0,0,0,NO_DATA,0,0,0,0,0,0,0,0,0,0,0,0,0,0,0,0,0,0,0,0,0,0,0,OK,0,,0,NONE,,,RECOVERING,0,,0,0,0,0,0,0,0,1,0,0,0,0,0,0,0,0,0,0,0,0,0,0,0,0,0,0,0,14,11,3,0,0,battery?,,TIMEOUT,2391,29403,7254
E3-STATE-CLI-001,telemetry-cli-baseline,Telemetry continuity without GUI,STATE_WATCH,85095,341,0,0,0,0,0,0,,,ERROR,,,,859,859,0,4,0,19.6898,11.8171,46,50,1308,806,686,4,4,1,OK,100,0,0,0,0,0,0,0,0,0,0,0,0,0,0,-1,0,-1,0,0,0,0,0,0,NO_DATA,0,0,0,0,0,0,0,0,0,0,0,0,0,0,0,0,0,0,0,0,0,0,0,OK,0,,0,NONE,,,RECOVERING,0,,0,0,0,0,0,0,0,1,0,0,0,0,0,0,0,0,0,0,0,0,0,0,0,0,0,0,0,15,11,4,0,0,battery?,,TIMEOUT,2391,29654,112
E3-STATE-CLI-001,telemetry-cli-baseline,Telemetry continuity without GUI,STATE_WATCH,85346,342,0,0,0,0,0,0,,,ERROR,,,,861,861,0,4,0,9.81106,11.0958,92,101,1308,806,686,4,4,1,OK,100,0,0,0,0,0,0,0,0,0,0,0,0,0,0,-1,0,-1,0,0,0,0,0,0,NO_DATA,0,0,0,0,0,0,0,0,0,0,0,0,0,0,0,0,0,0,0,0,0,0,0,OK,0,,0,NONE,,,RECOVERING,0,,0,0,0,0,0,0,0,1,0,0,0,0,0,0,0,0,0,0,0,0,0,0,0,0,0,0,0,15,11,4,0,0,battery?,,TIMEOUT,2391,29904,362
E3-STATE-CLI-001,telemetry-cli-baseline,Telemetry continuity without GUI,STATE_WATCH,85596,343,0,0,0,0,0,0,,,ERROR,,,,864,864,0,4,0,9.82097,10.4735,37,101,1308,806,686,4,4,1,OK,100,0,0,0,0,0,0,0,0,0,0,0,0,0,0,-1,0,-1,0,0,0,0,0,0,NO_DATA,0,0,0,0,0,0,0,0,0,0,0,0,0,0,0,0,0,0,0,0,0,0,0,OK,0,,0,NONE,,,RECOVERING,0,,0,0,0,0,0,0,0,1,0,0,0,0,0,0,0,0,0,0,0,0,0,0,0,0,0,0,0,15,11,4,0,0,battery?,,TIMEOUT,2391,30154,613
E3-STATE-CLI-001,telemetry-cli-baseline,Telemetry continuity without GUI,STATE_WATCH,85846,344,0,0,0,0,0,0,,,ERROR,,,,866,866,0,4,0,9.81755,10.2386,84,101,1308,806,686,4,4,1,OK,100,0,0,0,0,0,0,0,0,0,0,0,0,0,0,-1,0,-1,0,0,0,0,0,0,NO_DATA,0,0,0,0,0,0,0,0,0,0,0,0,0,0,0,0,0,0,0,0,0,0,0,OK,0,,0,NONE,,,RECOVERING,0,,0,0,0,0,0,0,0,1,0,0,0,0,0,0,0,0,0,0,0,0,0,0,0,0,0,0,0,15,11,4,0,0,battery?,,TIMEOUT,2391,30404,863
E3-STATE-CLI-001,telemetry-cli-baseline,Telemetry continuity without GUI,STATE_WATCH,86096,345,0,0,0,0,0,0,,,ERROR,,,,869,869,0,4,0,9.82109,10.0338,28,101,1308,806,686,4,4,1,OK,100,0,0,0,0,0,0,0,0,0,0,0,0,0,0,-1,0,-1,0,0,0,0,0,0,NO_DATA,0,0,0,0,0,0,0,0,0,0,0,0,0,0,0,0,0,0,0,0,0,0,0,OK,0,,0,NONE,,,RECOVERING,0,,0,0,0,0,0,0,0,1,0,0,0,0,0,0,0,0,0,0,0,0,0,0,0,0,0,0,0,15,11,4,0,0,battery?,,TIMEOUT,2391,30654,1113
E3-STATE-CLI-001,telemetry-cli-baseline,Telemetry continuity without GUI,STATE_WATCH,86346,346,0,0,0,0,0,0,,,ERROR,,,,871,871,0,4,0,9.83141,9.95841,75,101,1308,806,686,4,4,1,OK,100,0,0,0,0,0,0,0,0,0,0,0,0,0,0,-1,0,-1,0,0,0,0,0,0,NO_DATA,0,0,0,0,0,0,0,0,0,0,0,0,0,0,0,0,0,0,0,0,0,0,0,OK,0,,0,NONE,,,RECOVERING,0,,0,0,0,0,0,0,0,1,0,0,0,0,0,0,0,0,0,0,0,0,0,0,0,0,0,0,0,15,11,4,0,0,battery?,,TIMEOUT,2391,30905,1363
E3-STATE-CLI-001,telemetry-cli-baseline,Telemetry continuity without GUI,STATE_WATCH,86597,347,0,0,0,0,0,0,,,ERROR,,,,874,874,0,4,0,9.84298,9.88996,20,101,1308,806,686,4,4,1,OK,100,0,0,0,0,0,0,0,0,0,0,0,0,0,0,-1,0,-1,0,0,0,0,0,0,NO_DATA,0,0,0,0,0,0,0,0,0,0,0,0,0,0,0,0,0,0,0,0,0,0,0,OK,0,,0,NONE,,,RECOVERING,0,,0,0,0,0,0,0,0,1,0,0,0,0,0,0,0,0,0,0,0,0,0,0,0,0,0,0,0,15,11,4,0,0,battery?,,TIMEOUT,2391,31155,1614
E3-STATE-CLI-001,telemetry-cli-baseline,Telemetry continuity without GUI,STATE_WATCH,86847,348,0,0,0,0,0,0,,,ERROR,,,,876,876,0,4,0,9.82141,9.8655,66,101,1308,806,686,4,4,1,OK,100,0,0,0,0,0,0,0,0,0,0,0,0,0,0,-1,0,-1,0,0,0,0,0,0,NO_DATA,0,0,0,0,0,0,0,0,0,0,0,0,0,0,0,0,0,0,0,0,0,0,0,OK,0,,0,NONE,,,RECOVERING,0,,0,0,0,0,0,0,0,1,0,0,0,0,0,0,0,0,0,0,0,0,0,0,0,0,0,0,0,15,11,4,0,0,battery?,,TIMEOUT,2391,31405,1864
E3-STATE-CLI-001,telemetry-cli-baseline,Telemetry continuity without GUI,STATE_WATCH,87097,349,0,0,0,0,0,0,,,ERROR,,,,879,879,0,4,0,9.84473,9.84331,11,101,1308,806,686,4,4,1,OK,100,0,0,0,0,0,0,0,0,0,0,0,0,0,0,-1,0,-1,0,0,0,0,0,0,NO_DATA,0,0,0,0,0,0,0,0,0,0,0,0,0,0,0,0,0,0,0,0,0,0,0,OK,0,,0,NONE,,,RECOVERING,0,,0,0,0,0,0,0,0,1,0,0,0,0,0,0,0,0,0,0,0,0,0,0,0,0,0,0,0,15,11,4,0,0,battery?,,TIMEOUT,2391,31655,2114
E3-STATE-CLI-001,telemetry-cli-baseline,Telemetry continuity without GUI,STATE_WATCH,87347,350,0,0,0,0,0,0,,,ERROR,,,,881,881,0,4,0,9.82175,9.83565,57,101,1308,806,686,4,4,1,OK,100,0,0,0,0,0,0,0,0,0,0,0,0,0,0,-1,0,-1,0,0,0,0,0,0,NO_DATA,0,0,0,0,0,0,0,0,0,0,0,0,0,0,0,0,0,0,0,0,0,0,0,OK,0,,0,NONE,,,RECOVERING,0,,0,0,0,0,0,0,0,1,0,0,0,0,0,0,0,0,0,0,0,0,0,0,0,0,0,0,0,15,11,4,0,0,battery?,,TIMEOUT,2391,31905,2364
E3-STATE-CLI-001,telemetry-cli-baseline,Telemetry continuity without GUI,STATE_WATCH,87598,351,0,0,0,0,0,0,,,ERROR,,,,884,884,0,4,0,9.818,9.82749,2,101,1308,806,686,4,4,1,OK,100,0,0,0,0,0,0,0,0,0,0,0,0,0,0,-1,0,-1,0,0,0,0,0,0,NO_DATA,0,0,0,0,0,0,0,0,0,0,0,0,0,0,0,0,0,0,0,0,0,0,0,OK,0,,0,NONE,,,RECOVERING,0,,0,0,0,0,0,0,0,1,0,0,0,0,0,0,0,0,0,0,0,0,0,0,0,0,0,0,0,15,11,4,0,0,battery?,,TIMEOUT,2391,32156,2614
E3-STATE-CLI-001,telemetry-cli-baseline,Telemetry continuity without GUI,STATE_WATCH,87848,352,0,0,0,0,0,0,,,ERROR,,,,886,886,0,4,0,9.81757,9.82471,49,101,1308,806,686,4,4,1,OK,100,0,0,0,0,0,0,0,0,0,0,0,0,0,0,-1,0,-1,0,0,0,0,0,0,NO_DATA,0,0,0,0,0,0,0,0,0,0,0,0,0,0,0,0,0,0,0,0,0,0,0,OK,0,,0,NONE,,,RECOVERING,0,,0,0,0,0,0,0,0,1,0,0,0,0,0,0,0,0,0,0,0,0,0,0,0,0,0,0,0,15,11,4,0,0,battery?,,TIMEOUT,2391,32406,2865
E3-STATE-CLI-001,telemetry-cli-baseline,Telemetry continuity without GUI,STATE_WATCH,88098,353,0,0,0,0,0,0,,,ERROR,,,,888,888,0,4,0,9.85429,9.82458,95,101,1308,806,686,4,4,1,OK,100,0,0,0,0,0,0,0,0,0,0,0,0,0,0,-1,0,-1,0,0,0,0,0,0,NO_DATA,0,0,0,0,0,0,0,0,0,0,0,0,0,0,0,0,0,0,0,0,0,0,0,OK,0,,0,NONE,,,RECOVERING,0,,0,0,0,0,0,0,0,1,0,0,0,0,0,0,0,0,0,0,0,0,0,0,0,0,0,0,0,15,11,4,0,0,battery?,,TIMEOUT,2391,32656,3115
E3-STATE-CLI-001,telemetry-cli-baseline,Telemetry continuity without GUI,STATE_WATCH,88348,354,0,0,0,0,0,0,,,ERROR,,,,891,891,0,4,0,9.81082,9.82122,40,101,1308,806,686,4,4,1,OK,100,0,0,0,0,0,0,0,0,0,0,0,0,0,0,-1,0,-1,0,0,0,0,0,0,NO_DATA,0,0,0,0,0,0,0,0,0,0,0,0,0,0,0,0,0,0,0,0,0,0,0,OK,0,,0,NONE,,,RECOVERING,0,,0,0,0,0,0,0,0,1,0,0,0,0,0,0,0,0,0,0,0,0,0,0,0,0,0,0,0,15,11,4,0,0,battery?,,TIMEOUT,2391,32906,3365
E3-STATE-CLI-001,telemetry-cli-baseline,Telemetry continuity without GUI,STATE_WATCH,88598,355,0,0,0,0,0,0,,,ERROR,,,,894,894,0,4,0,9.81118,11.0686,35,101,1308,806,686,4,4,1,OK,100,0,0,0,0,0,0,0,0,0,0,0,0,0,0,-1,0,-1,0,0,0,0,0,0,NO_DATA,0,0,0,0,0,0,0,0,0,0,0,0,0,0,0,0,0,0,0,0,0,0,0,OK,0,,0,NONE,,,RECOVERING,0,,0,0,0,0,0,0,0,1,0,0,0,0,0,0,0,0,0,0,0,0,0,0,0,0,0,0,0,15,11,4,0,0,battery?,,TIMEOUT,2391,33156,3615
E3-STATE-CLI-001,telemetry-cli-baseline,Telemetry continuity without GUI,STATE_WATCH,88849,356,0,0,0,0,0,0,,,ERROR,,,,896,896,0,4,0,9.82071,10.6156,82,101,1308,806,686,4,4,1,OK,100,0,0,0,0,0,0,0,0,0,0,0,0,0,0,-1,0,-1,0,0,0,0,0,0,NO_DATA,0,0,0,0,0,0,0,0,0,0,0,0,0,0,0,0,0,0,0,0,0,0,0,OK,0,,0,NONE,,,RECOVERING,0,,0,0,0,0,0,0,0,1,0,0,0,0,0,0,0,0,0,0,0,0,0,0,0,0,0,0,0,15,11,4,0,0,battery?,,TIMEOUT,2391,33407,3865
E3-STATE-CLI-001,telemetry-cli-baseline,Telemetry continuity without GUI,STATE_WATCH,89099,357,0,0,0,0,0,0,,,ERROR,,,,899,899,0,4,0,9.81896,10.2305,27,101,1308,806,686,4,4,1,OK,100,0,0,0,0,0,0,0,0,0,0,0,0,0,0,-1,0,-1,0,0,0,0,0,0,NO_DATA,0,0,0,0,0,0,0,0,0,0,0,0,0,0,0,0,0,0,0,0,0,0,0,OK,0,,0,NONE,,,RECOVERING,0,,0,0,0,0,0,0,0,1,0,0,0,0,0,0,0,0,0,0,0,0,0,0,0,0,0,0,0,15,11,4,0,0,battery?,,TIMEOUT,2391,33657,4116
E3-STATE-CLI-001,telemetry-cli-baseline,Telemetry continuity without GUI,STATE_WATCH,89349,358,0,0,0,0,0,0,,,ERROR,,,,901,901,0,4,0,9.79542,10.0763,73,102,1308,806,686,4,4,1,OK,100,0,0,0,0,0,0,0,0,0,0,0,0,0,0,-1,0,-1,0,0,0,0,0,0,NO_DATA,0,0,0,0,0,0,0,0,0,0,0,0,0,0,0,0,0,0,0,0,0,0,0,OK,0,,0,NONE,,,RECOVERING,0,,0,0,0,0,0,0,0,1,0,0,0,0,0,0,0,0,0,0,0,0,0,0,0,0,0,0,0,15,11,4,0,0,battery?,,TIMEOUT,2391,33907,4366
E3-STATE-CLI-001,telemetry-cli-baseline,Telemetry continuity without GUI,STATE_WATCH,89599,359,0,0,0,0,0,0,,,ERROR,,,,904,904,0,4,0,9.79083,9.95084,18,102,1308,806,686,4,4,1,OK,100,0,0,0,0,0,0,0,0,0,0,0,0,0,0,-1,0,-1,0,0,0,0,0,0,NO_DATA,0,0,0,0,0,0,0,0,0,0,0,0,0,0,0,0,0,0,0,0,0,0,0,OK,0,,0,NONE,,,RECOVERING,0,,0,0,0,0,0,0,0,1,0,0,0,0,0,0,0,0,0,0,0,0,0,0,0,0,0,0,0,15,11,4,0,0,battery?,,TIMEOUT,2391,34157,4616
E3-STATE-CLI-001,telemetry-cli-baseline,Telemetry continuity without GUI,STATE_WATCH,89849,360,0,0,0,0,0,0,,,ERROR,,,,906,906,0,4,0,9.8201,9.90689,64,101,1308,806,686,4,4,1,OK,100,0,0,0,0,0,0,0,0,0,0,0,0,0,0,-1,0,-1,0,0,0,0,0,0,NO_DATA,0,0,0,0,0,0,0,0,0,0,0,0,0,0,0,0,0,0,0,0,0,0,0,OK,0,,0,NONE,,,RECOVERING,0,,0,0,0,0,0,0,0,1,0,0,0,0,0,0,0,0,0,0,0,0,0,0,0,0,0,0,0,15,11,4,0,0,battery?,,TIMEOUT,2391,34407,4866
E3-STATE-CLI-001,telemetry-cli-baseline,Telemetry continuity without GUI,STATE_WATCH,90100,361,0,0,0,0,0,0,,,ERROR,,,,909,909,0,4,0,9.79434,9.861,9,102,1308,806,686,4,4,1,OK,100,0,0,0,0,0,0,0,0,0,0,0,0,0,0,-1,0,-1,0,0,0,0,0,0,NO_DATA,0,0,0,0,0,0,0,0,0,0,0,0,0,0,0,0,0,0,0,0,0,0,0,OK,0,,0,NONE,,,RECOVERING,0,,0,0,0,0,0,0,0,1,0,0,0,0,0,0,0,0,0,0,0,0,0,0,0,0,0,0,0,15,11,4,0,0,battery?,,TIMEOUT,2391,34658,5116
E3-STATE-CLI-001,telemetry-cli-baseline,Telemetry continuity without GUI,STATE_WATCH,90350,362,0,0,0,0,0,0,,,ERROR,,,,911,911,0,4,0,9.82213,9.84874,55,101,1308,806,686,4,4,1,OK,100,0,0,0,0,0,0,0,0,0,0,0,0,0,0,-1,0,-1,0,0,0,0,0,0,NO_DATA,0,0,0,0,0,0,0,0,0,0,0,0,0,0,0,0,0,0,0,0,0,0,0,OK,0,,0,NONE,,,RECOVERING,0,,0,0,0,0,0,0,0,1,0,0,0,0,0,0,0,0,0,0,0,0,0,0,0,0,0,0,0,15,11,4,0,0,battery?,,TIMEOUT,2391,34908,5367
E3-STATE-CLI-001,telemetry-cli-baseline,Telemetry continuity without GUI,STATE_WATCH,90600,363,0,0,0,0,0,0,,,ERROR,,,,914,914,0,4,0,9.92533,9.8401,0,100,1308,806,686,4,4,1,OK,100,0,0,0,0,0,0,0,0,0,0,0,0,0,0,-1,0,-1,0,0,0,0,0,0,NO_DATA,0,0,0,0,0,0,0,0,0,0,0,0,0,0,0,0,0,0,0,0,0,0,0,OK,0,,0,NONE,,,RECOVERING,0,,0,0,0,0,0,0,0,1,0,0,0,0,0,0,0,0,0,0,0,0,0,0,0,0,0,0,0,15,11,4,0,0,battery?,,TIMEOUT,2391,35158,5617
E3-STATE-CLI-001,telemetry-cli-baseline,Telemetry continuity without GUI,STATE_WATCH,90850,364,0,0,0,0,0,0,,,ERROR,,,,916,916,0,4,0,9.82054,9.83311,47,101,1308,806,686,4,4,1,OK,100,0,0,0,0,0,0,0,0,0,0,0,0,0,0,-1,0,-1,0,0,0,0,0,0,NO_DATA,0,0,0,0,0,0,0,0,0,0,0,0,0,0,0,0,0,0,0,0,0,0,0,OK,0,,0,NONE,,,RECOVERING,0,,0,0,0,0,0,0,0,1,0,0,0,0,0,0,0,0,0,0,0,0,0,0,0,0,0,0,0,15,11,4,0,0,battery?,,TIMEOUT,2391,35408,5867
E3-STATE-CLI-001,telemetry-cli-baseline,Telemetry continuity without GUI,STATE_WATCH,91100,365,0,0,0,0,0,0,,,ERROR,,,,918,918,0,4,0,9.82065,9.82752,93,101,1308,806,686,4,4,1,OK,100,0,0,0,0,0,0,0,0,0,0,0,0,0,0,-1,0,-1,0,0,0,0,0,0,NO_DATA,0,0,0,0,0,0,0,0,0,0,0,0,0,0,0,0,0,0,0,0,0,0,0,OK,0,,0,NONE,,,RECOVERING,0,,0,0,0,0,0,0,0,1,0,0,0,0,0,0,0,0,0,0,0,0,0,0,0,0,0,0,0,15,11,4,0,0,battery?,,TIMEOUT,2391,35658,6117
E3-STATE-CLI-001,telemetry-cli-baseline,Telemetry continuity without GUI,STATE_WATCH,91351,366,0,0,0,0,0,0,,,ERROR,,,,921,921,0,4,0,10.2582,9.84487,38,97,1308,806,686,4,4,1,OK,100,0,0,0,0,0,0,0,0,0,0,0,0,0,0,-1,0,-1,0,0,0,0,0,0,NO_DATA,0,0,0,0,0,0,0,0,0,0,0,0,0,0,0,0,0,0,0,0,0,0,0,OK,0,,0,NONE,,,RECOVERING,0,,0,0,0,0,0,0,0,1,0,0,0,0,0,0,0,0,0,0,0,0,0,0,0,0,0,0,0,15,11,4,0,0,battery?,,TIMEOUT,2391,35909,6367
E3-STATE-CLI-001,telemetry-cli-baseline,Telemetry continuity without GUI,STATE_WATCH,91601,367,0,0,0,0,0,0,,,ERROR,,,,924,924,0,4,0,9.82888,11.1003,33,101,1308,806,686,4,4,1,OK,100,0,0,0,0,0,0,0,0,0,0,0,0,0,0,-1,0,-1,0,0,0,0,0,0,NO_DATA,0,0,0,0,0,0,0,0,0,0,0,0,0,0,0,0,0,0,0,0,0,0,0,OK,0,,0,NONE,,,RECOVERING,0,,0,0,0,0,0,0,0,1,0,0,0,0,0,0,0,0,0,0,0,0,0,0,0,0,0,0,0,15,11,4,0,0,battery?,,TIMEOUT,2391,36159,6618
E3-STATE-CLI-001,telemetry-cli-baseline,Telemetry continuity without GUI,STATE_WATCH,91851,368,0,0,0,0,0,0,,,ERROR,,,,926,926,0,4,0,9.81641,10.638,80,101,1308,806,686,4,4,1,OK,100,0,0,0,0,0,0,0,0,0,0,0,0,0,0,-1,0,-1,0,0,0,0,0,0,NO_DATA,0,0,0,0,0,0,0,0,0,0,0,0,0,0,0,0,0,0,0,0,0,0,0,OK,0,,0,NONE,,,RECOVERING,0,,0,0,0,0,0,0,0,1,0,0,0,0,0,0,0,0,0,0,0,0,0,0,0,0,0,0,0,15,11,4,0,0,battery?,,TIMEOUT,2391,36409,6868
E3-STATE-CLI-001,telemetry-cli-baseline,Telemetry continuity without GUI,STATE_WATCH,92101,369,0,0,0,0,0,0,,,ERROR,,,,929,929,0,4,0,9.90937,10.2587,26,100,1308,806,686,4,4,1,OK,100,0,0,0,0,0,0,0,0,0,0,0,0,0,0,-1,0,-1,0,0,0,0,0,0,NO_DATA,0,0,0,0,0,0,0,0,0,0,0,0,0,0,0,0,0,0,0,0,0,0,0,OK,0,,0,NONE,,,RECOVERING,0,,0,0,0,0,0,0,0,1,0,0,0,0,0,0,0,0,0,0,0,0,0,0,0,0,0,0,0,15,11,4,0,0,battery?,,TIMEOUT,2391,36659,7118
E3-STATE-CLI-001,telemetry-cli-baseline,Telemetry continuity without GUI,STATE_WATCH,92351,370,0,0,0,0,0,0,,,ERROR,,,,931,931,0,4,0,10.2152,10.2097,78,97,1308,806,686,4,4,1,OK,100,0,0,0,0,0,0,0,0,0,0,0,0,0,0,-1,0,-1,0,0,0,0,0,0,NO_DATA,0,0,0,0,0,0,0,0,0,0,0,0,0,0,0,0,0,0,0,0,0,0,0,OK,0,,0,NONE,,,RECOVERING,0,,0,0,0,0,0,0,0,1,0,0,0,0,0,0,0,0,0,0,0,0,0,0,0,0,0,0,0,15,11,4,0,0,battery?,,TIMEOUT,2391,36909,7368
E3-STATE-CLI-001,telemetry-cli-baseline,Telemetry continuity without GUI,STATE_WATCH,92602,371,0,0,0,0,0,0,,,ERROR,,,,934,934,0,4,0,10.6314,10.4167,46,94,1308,806,686,4,4,1,OK,100,0,0,0,0,0,0,0,0,0,0,0,0,0,0,-1,0,-1,0,0,0,0,0,0,NO_DATA,0,0,0,0,0,0,0,0,0,0,0,0,0,0,0,0,0,0,0,0,0,0,0,OK,0,,0,NONE,,,RECOVERING,0,,0,0,0,0,0,0,0,1,0,0,0,0,0,0,0,0,0,0,0,0,0,0,0,0,0,0,0,16,11,5,0,0,battery?,,TIMEOUT,2391,37160,226
E3-STATE-CLI-001,telemetry-cli-baseline,Telemetry continuity without GUI,STATE_WATCH,92852,372,0,0,0,0,0,0,,,ERROR,,,,937,937,0,4,0,10.6323,10.5227,14,94,1308,806,686,4,4,1,OK,100,0,0,0,0,0,0,0,0,0,0,0,0,0,0,-1,0,-1,0,0,0,0,0,0,NO_DATA,0,0,0,0,0,0,0,0,0,0,0,0,0,0,0,0,0,0,0,0,0,0,0,OK,0,,0,NONE,,,RECOVERING,0,,0,0,0,0,0,0,0,1,0,0,0,0,0,0,0,0,0,0,0,0,0,0,0,0,0,0,0,16,11,5,0,0,battery?,,TIMEOUT,2391,37410,477
E3-STATE-CLI-001,telemetry-cli-baseline,Telemetry continuity without GUI,STATE_WATCH,93102,373,0,0,0,0,0,0,,,ERROR,,,,939,939,0,4,0,10.6526,10.5654,76,93,1308,806,686,4,4,1,OK,100,0,0,0,0,0,0,0,0,0,0,0,0,0,0,-1,0,-1,0,0,0,0,0,0,NO_DATA,0,0,0,0,0,0,0,0,0,0,0,0,0,0,0,0,0,0,0,0,0,0,0,OK,0,,0,NONE,,,RECOVERING,0,,0,0,0,0,0,0,0,1,0,0,0,0,0,0,0,0,0,0,0,0,0,0,0,0,0,0,0,16,11,5,0,0,battery?,,TIMEOUT,2391,37660,727
E3-STATE-CLI-001,telemetry-cli-baseline,Telemetry continuity without GUI,STATE_WATCH,93352,374,0,0,0,0,0,0,,,ERROR,,,,942,942,0,4,0,10.642,10.6,45,93,1308,806,686,4,4,1,OK,100,0,0,0,0,0,0,0,0,0,0,0,0,0,0,-1,0,-1,0,0,0,0,0,0,NO_DATA,0,0,0,0,0,0,0,0,0,0,0,0,0,0,0,0,0,0,0,0,0,0,0,OK,0,,0,NONE,,,RECOVERING,0,,0,0,0,0,0,0,0,1,0,0,0,0,0,0,0,0,0,0,0,0,0,0,0,0,0,0,0,16,11,5,0,0,battery?,,TIMEOUT,2391,37910,977
E3-STATE-CLI-001,telemetry-cli-baseline,Telemetry continuity without GUI,STATE_WATCH,93602,375,0,0,0,0,0,0,,,ERROR,,,,945,945,0,4,0,10.6109,10.6121,12,94,1308,806,686,4,4,1,OK,100,0,0,0,0,0,0,0,0,0,0,0,0,0,0,-1,0,-1,0,0,0,0,0,0,NO_DATA,0,0,0,0,0,0,0,0,0,0,0,0,0,0,0,0,0,0,0,0,0,0,0,OK,0,,0,NONE,,,RECOVERING,0,,0,0,0,0,0,0,0,1,0,0,0,0,0,0,0,0,0,0,0,0,0,0,0,0,0,0,0,16,11,5,0,0,battery?,,TIMEOUT,2391,38160,1227
E3-STATE-CLI-001,telemetry-cli-baseline,Telemetry continuity without GUI,STATE_WATCH,93852,376,0,0,0,0,0,0,,,ERROR,,,,947,947,0,4,0,10.6318,10.6231,75,94,1308,806,686,4,4,1,OK,100,0,0,0,0,0,0,0,0,0,0,0,0,0,0,-1,0,-1,0,0,0,0,0,0,NO_DATA,0,0,0,0,0,0,0,0,0,0,0,0,0,0,0,0,0,0,0,0,0,0,0,OK,0,,0,NONE,,,RECOVERING,0,,0,0,0,0,0,0,0,1,0,0,0,0,0,0,0,0,0,0,0,0,0,0,0,0,0,0,0,16,11,5,0,0,battery?,,TIMEOUT,2391,38411,1477
E3-STATE-CLI-001,telemetry-cli-baseline,Telemetry continuity without GUI,STATE_WATCH,94103,377,0,0,0,0,0,0,,,ERROR,,,,950,950,0,4,0,10.6412,10.6301,43,93,1308,806,686,4,4,1,OK,100,0,0,0,0,0,0,0,0,0,0,0,0,0,0,-1,0,-1,0,0,0,0,0,0,NO_DATA,0,0,0,0,0,0,0,0,0,0,0,0,0,0,0,0,0,0,0,0,0,0,0,OK,0,,0,NONE,,,RECOVERING,0,,0,0,0,0,0,0,0,1,0,0,0,0,0,0,0,0,0,0,0,0,0,0,0,0,0,0,0,16,11,5,0,0,battery?,,TIMEOUT,2391,38661,1728
E3-STATE-CLI-001,telemetry-cli-baseline,Telemetry continuity without GUI,STATE_WATCH,94353,378,0,0,0,0,0,0,,,ERROR,,,,953,953,0,4,0,10.6458,10.6341,11,93,1308,806,686,4,4,1,OK,100,0,0,0,0,0,0,0,0,0,0,0,0,0,0,-1,0,-1,0,0,0,0,0,0,NO_DATA,0,0,0,0,0,0,0,0,0,0,0,0,0,0,0,0,0,0,0,0,0,0,0,OK,0,,0,NONE,,,RECOVERING,0,,0,0,0,0,0,0,0,1,0,0,0,0,0,0,0,0,0,0,0,0,0,0,0,0,0,0,0,16,11,5,0,0,battery?,,TIMEOUT,2391,38911,1978
E3-STATE-CLI-001,telemetry-cli-baseline,Telemetry continuity without GUI,STATE_WATCH,94603,379,0,0,0,0,0,0,,,ERROR,,,,956,956,0,4,0,11.0158,12.133,25,90,1308,806,686,4,4,1,OK,100,0,0,0,0,0,0,0,0,0,0,0,0,0,0,-1,0,-1,0,0,0,0,0,0,NO_DATA,0,0,0,0,0,0,0,0,0,0,0,0,0,0,0,0,0,0,0,0,0,0,0,OK,0,,0,NONE,,,RECOVERING,0,,0,0,0,0,0,0,0,1,0,0,0,0,0,0,0,0,0,0,0,0,0,0,0,0,0,0,0,16,11,5,0,0,battery?,,TIMEOUT,2391,39161,2228
E3-STATE-CLI-001,telemetry-cli-baseline,Telemetry continuity without GUI,STATE_WATCH,94853,380,0,0,0,0,0,0,,,ERROR,,,,958,958,0,4,0,21.3657,13.1714,87,46,1308,806,686,4,4,1,OK,100,0,0,0,0,0,0,0,0,0,0,0,0,0,0,-1,0,-1,0,0,0,0,0,0,NO_DATA,0,0,0,0,0,0,0,0,0,0,0,0,0,0,0,0,0,0,0,0,0,0,0,OK,0,,0,NONE,,,RECOVERING,0,,0,0,0,0,0,0,0,1,0,0,0,0,0,0,0,0,0,0,0,0,0,0,0,0,0,0,0,16,11,5,0,0,battery?,,TIMEOUT,2391,39411,2478
E3-STATE-CLI-001,telemetry-cli-baseline,Telemetry continuity without GUI,STATE_WATCH,95103,381,0,0,0,0,0,0,,,ERROR,,,,961,961,0,4,0,10.6351,11.9336,55,94,1308,806,686,4,4,1,OK,100,0,0,0,0,0,0,0,0,0,0,0,0,0,0,-1,0,-1,0,0,0,0,0,0,NO_DATA,0,0,0,0,0,0,0,0,0,0,0,0,0,0,0,0,0,0,0,0,0,0,0,OK,0,,0,NONE,,,RECOVERING,0,,0,0,0,0,0,0,0,1,0,0,0,0,0,0,0,0,0,0,0,0,0,0,0,0,0,0,0,16,11,5,0,0,battery?,,TIMEOUT,2391,39661,2728
E3-STATE-CLI-001,telemetry-cli-baseline,Telemetry continuity without GUI,STATE_WATCH,95354,382,0,0,0,0,0,0,,,ERROR,,,,964,964,0,4,0,10.6315,11.3002,23,94,1308,806,686,4,4,1,OK,100,0,0,0,0,0,0,0,0,0,0,0,0,0,0,-1,0,-1,0,0,0,0,0,0,NO_DATA,0,0,0,0,0,0,0,0,0,0,0,0,0,0,0,0,0,0,0,0,0,0,0,OK,0,,0,NONE,,,RECOVERING,0,,0,0,0,0,0,0,0,1,0,0,0,0,0,0,0,0,0,0,0,0,0,0,0,0,0,0,0,16,11,5,0,0,battery?,,TIMEOUT,2391,39912,2978
E3-STATE-CLI-001,telemetry-cli-baseline,Telemetry continuity without GUI,STATE_WATCH,95604,383,0,0,0,0,0,0,,,ERROR,,,,966,966,0,4,0,10.6278,11.0606,86,94,1308,806,686,4,4,1,OK,100,0,0,0,0,0,0,0,0,0,0,0,0,0,0,-1,0,-1,0,0,0,0,0,0,NO_DATA,0,0,0,0,0,0,0,0,0,0,0,0,0,0,0,0,0,0,0,0,0,0,0,OK,0,,0,NONE,,,RECOVERING,0,,0,0,0,0,0,0,0,1,0,0,0,0,0,0,0,0,0,0,0,0,0,0,0,0,0,0,0,16,11,5,0,0,battery?,,TIMEOUT,2391,40162,3229
E3-STATE-CLI-001,telemetry-cli-baseline,Telemetry continuity without GUI,STATE_WATCH,95854,384,0,0,0,0,0,0,,,ERROR,,,,969,969,0,4,0,10.6271,10.8516,54,94,1308,806,686,4,4,1,OK,100,0,0,0,0,0,0,0,0,0,0,0,0,0,0,-1,0,-1,0,0,0,0,0,0,NO_DATA,0,0,0,0,0,0,0,0,0,0,0,0,0,0,0,0,0,0,0,0,0,0,0,OK,0,,0,NONE,,,RECOVERING,0,,0,0,0,0,0,0,0,1,0,0,0,0,0,0,0,0,0,0,0,0,0,0,0,0,0,0,0,16,11,5,0,0,battery?,,TIMEOUT,2391,40412,3479
E3-STATE-CLI-001,telemetry-cli-baseline,Telemetry continuity without GUI,STATE_WATCH,96104,385,0,0,0,0,0,0,,,ERROR,,,,972,972,0,4,0,10.5783,10.7283,21,94,1308,806,686,4,4,1,OK,100,0,0,0,0,0,0,0,0,0,0,0,0,0,0,-1,0,-1,0,0,0,0,0,0,NO_DATA,0,0,0,0,0,0,0,0,0,0,0,0,0,0,0,0,0,0,0,0,0,0,0,OK,0,,0,NONE,,,RECOVERING,0,,0,0,0,0,0,0,0,1,0,0,0,0,0,0,0,0,0,0,0,0,0,0,0,0,0,0,0,16,11,5,0,0,battery?,,TIMEOUT,2391,40662,3729
E3-STATE-CLI-001,telemetry-cli-baseline,Telemetry continuity without GUI,STATE_WATCH,96354,386,0,0,0,0,0,0,,,ERROR,,,,974,974,0,4,0,10.6313,10.7108,84,94,1308,806,686,4,4,1,OK,100,0,0,0,0,0,0,0,0,0,0,0,0,0,0,-1,0,-1,0,0,0,0,0,0,NO_DATA,0,0,0,0,0,0,0,0,0,0,0,0,0,0,0,0,0,0,0,0,0,0,0,OK,0,,0,NONE,,,RECOVERING,0,,0,0,0,0,0,0,0,1,0,0,0,0,0,0,0,0,0,0,0,0,0,0,0,0,0,0,0,16,11,5,0,0,battery?,,TIMEOUT,2391,40912,3979
E3-STATE-CLI-001,telemetry-cli-baseline,Telemetry continuity without GUI,STATE_WATCH,96604,387,0,0,0,0,0,0,,,ERROR,,,,977,977,0,4,0,10.5349,10.6537,51,94,1308,806,686,4,4,1,OK,100,0,0,0,0,0,0,0,0,0,0,0,0,0,0,-1,0,-1,0,0,0,0,0,0,NO_DATA,0,0,0,0,0,0,0,0,0,0,0,0,0,0,0,0,0,0,0,0,0,0,0,OK,0,,0,NONE,,,RECOVERING,0,,0,0,0,0,0,0,0,1,0,0,0,0,0,0,0,0,0,0,0,0,0,0,0,0,0,0,0,16,11,5,0,0,battery?,,TIMEOUT,2391,41163,4229
E3-STATE-CLI-001,telemetry-cli-baseline,Telemetry continuity without GUI,STATE_WATCH,96855,388,0,0,0,0,0,0,,,ERROR,,,,980,980,0,4,0,10.0321,10.3477,2,99,1308,806,686,4,4,1,OK,100,0,0,0,0,0,0,0,0,0,0,0,0,0,0,-1,0,-1,0,0,0,0,0,0,NO_DATA,0,0,0,0,0,0,0,0,0,0,0,0,0,0,0,0,0,0,0,0,0,0,0,OK,0,,0,NONE,,,RECOVERING,0,,0,0,0,0,0,0,0,1,0,0,0,0,0,0,0,0,0,0,0,0,0,0,0,0,0,0,0,16,11,5,0,0,battery?,,TIMEOUT,2391,41413,4480
E3-STATE-CLI-001,telemetry-cli-baseline,Telemetry continuity without GUI,STATE_WATCH,97105,389,0,0,0,0,0,0,,,ERROR,,,,982,982,0,4,0,9.98308,10.2159,52,100,1308,806,686,4,4,1,OK,100,0,0,0,0,0,0,0,0,0,0,0,0,0,0,-1,0,-1,0,0,0,0,0,0,NO_DATA,0,0,0,0,0,0,0,0,0,0,0,0,0,0,0,0,0,0,0,0,0,0,0,OK,0,,0,NONE,,,RECOVERING,0,,0,0,0,0,0,0,0,1,0,0,0,0,0,0,0,0,0,0,0,0,0,0,0,0,0,0,0,16,11,5,0,0,battery?,,TIMEOUT,2391,41663,4730
E3-STATE-CLI-001,telemetry-cli-baseline,Telemetry continuity without GUI,STATE_WATCH,97355,390,0,0,0,0,0,0,,,ERROR,,,,985,985,0,4,0,10.2399,10.1331,3,97,1308,806,686,4,4,1,OK,100,0,0,0,0,0,0,0,0,0,0,0,0,0,0,-1,0,-1,0,0,0,0,0,0,NO_DATA,0,0,0,0,0,0,0,0,0,0,0,0,0,0,0,0,0,0,0,0,0,0,0,OK,0,,0,NONE,,,RECOVERING,0,,0,0,0,0,0,0,0,1,0,0,0,0,0,0,0,0,0,0,0,0,0,0,0,0,0,0,0,16,11,5,0,0,battery?,,TIMEOUT,2391,41913,4980
E3-STATE-CLI-001,telemetry-cli-baseline,Telemetry continuity without GUI,STATE_WATCH,97605,391,0,0,0,0,0,0,,,ERROR,,,,987,987,0,4,0,9.98949,10.084,53,100,1308,806,686,4,4,1,OK,100,0,0,0,0,0,0,0,0,0,0,0,0,0,0,-1,0,-1,0,0,0,0,0,0,NO_DATA,0,0,0,0,0,0,0,0,0,0,0,0,0,0,0,0,0,0,0,0,0,0,0,OK,0,,0,NONE,,,RECOVERING,0,,0,0,0,0,0,0,0,1,0,0,0,0,0,0,0,0,0,0,0,0,0,0,0,0,0,0,0,16,11,5,0,0,battery?,,TIMEOUT,2391,42163,5230
E3-STATE-CLI-001,telemetry-cli-baseline,Telemetry continuity without GUI,STATE_WATCH,97855,392,0,0,0,0,0,0,,,ERROR,,,,990,990,0,4,0,10.0019,10.0468,3,99,1308,806,686,4,4,1,OK,100,0,0,0,0,0,0,0,0,0,0,0,0,0,0,-1,0,-1,0,0,0,0,0,0,NO_DATA,0,0,0,0,0,0,0,0,0,0,0,0,0,0,0,0,0,0,0,0,0,0,0,OK,0,,0,NONE,,,RECOVERING,0,,0,0,0,0,0,0,0,1,0,0,0,0,0,0,0,0,0,0,0,0,0,0,0,0,0,0,0,16,11,5,0,0,battery?,,TIMEOUT,2391,42413,5480
E3-STATE-CLI-001,telemetry-cli-baseline,Telemetry continuity without GUI,STATE_WATCH,98106,393,0,0,0,0,0,0,,,ERROR,,,,993,993,0,4,0,9.99378,11.2846,3,100,1308,806,686,4,4,1,OK,100,0,0,0,0,0,0,0,0,0,0,0,0,0,0,-1,0,-1,0,0,0,0,0,0,NO_DATA,0,0,0,0,0,0,0,0,0,0,0,0,0,0,0,0,0,0,0,0,0,0,0,OK,0,,0,NONE,,,RECOVERING,0,,0,0,0,0,0,0,0,1,0,0,0,0,0,0,0,0,0,0,0,0,0,0,0,0,0,0,0,16,11,5,0,0,battery?,,TIMEOUT,2391,42664,5730
E3-STATE-CLI-001,telemetry-cli-baseline,Telemetry continuity without GUI,STATE_WATCH,98356,394,0,0,0,0,0,0,,,ERROR,,,,995,995,0,4,0,10.0511,10.8257,53,99,1308,806,686,4,4,1,OK,100,0,0,0,0,0,0,0,0,0,0,0,0,0,0,-1,0,-1,0,0,0,0,0,0,NO_DATA,0,0,0,0,0,0,0,0,0,0,0,0,0,0,0,0,0,0,0,0,0,0,0,OK,0,,0,NONE,,,RECOVERING,0,,0,0,0,0,0,0,0,1,0,0,0,0,0,0,0,0,0,0,0,0,0,0,0,0,0,0,0,16,11,5,0,0,battery?,,TIMEOUT,2391,42914,5981
E3-STATE-CLI-001,telemetry-cli-baseline,Telemetry continuity without GUI,STATE_WATCH,98606,395,0,0,0,0,0,0,,,ERROR,,,,998,998,0,4,0,10.0138,10.4249,4,99,1308,806,686,4,4,1,OK,100,0,0,0,0,0,0,0,0,0,0,0,0,0,0,-1,0,-1,0,0,0,0,0,0,NO_DATA,0,0,0,0,0,0,0,0,0,0,0,0,0,0,0,0,0,0,0,0,0,0,0,OK,0,,0,NONE,,,RECOVERING,0,,0,0,0,0,0,0,0,1,0,0,0,0,0,0,0,0,0,0,0,0,0,0,0,0,0,0,0,16,11,5,0,0,battery?,,TIMEOUT,2391,43164,6231
E3-STATE-CLI-001,telemetry-cli-baseline,Telemetry continuity without GUI,STATE_WATCH,98856,396,0,0,0,0,0,0,,,ERROR,,,,1000,1000,0,4,0,9.99841,10.2744,54,100,1308,806,686,4,4,1,OK,100,0,0,0,0,0,0,0,0,0,0,0,0,0,0,-1,0,-1,0,0,0,0,0,0,NO_DATA,0,0,0,0,0,0,0,0,0,0,0,0,0,0,0,0,0,0,0,0,0,0,0,OK,0,,0,NONE,,,RECOVERING,0,,0,0,0,0,0,0,0,1,0,0,0,0,0,0,0,0,0,0,0,0,0,0,0,0,0,0,0,16,11,5,0,0,battery?,,TIMEOUT,2391,43414,6481
E3-STATE-CLI-001,telemetry-cli-baseline,Telemetry continuity without GUI,STATE_WATCH,99106,397,0,0,0,0,0,0,,,ERROR,,,,1003,1003,0,4,0,10.0186,10.1447,5,99,1308,806,686,4,4,1,OK,100,0,0,0,0,0,0,0,0,0,0,0,0,0,0,-1,0,-1,0,0,0,0,0,0,NO_DATA,0,0,0,0,0,0,0,0,0,0,0,0,0,0,0,0,0,0,0,0,0,0,0,OK,0,,0,NONE,,,RECOVERING,0,,0,0,0,0,0,0,0,1,0,0,0,0,0,0,0,0,0,0,0,0,0,0,0,0,0,0,0,16,11,5,0,0,battery?,,TIMEOUT,2391,43664,6731
E3-STATE-CLI-001,telemetry-cli-baseline,Telemetry continuity without GUI,STATE_WATCH,99356,398,0,0,0,0,0,0,,,ERROR,,,,1005,1005,0,4,0,10.0028,10.0946,55,99,1308,806,686,4,4,1,OK,100,0,0,0,0,0,0,0,0,0,0,0,0,0,0,-1,0,-1,0,0,0,0,0,0,NO_DATA,0,0,0,0,0,0,0,0,0,0,0,0,0,0,0,0,0,0,0,0,0,0,0,OK,0,,0,NONE,,,RECOVERING,0,,0,0,0,0,0,0,0,1,0,0,0,0,0,0,0,0,0,0,0,0,0,0,0,0,0,0,0,16,11,5,0,0,battery?,,TIMEOUT,2391,43915,6981
E3-STATE-CLI-001,telemetry-cli-baseline,Telemetry continuity without GUI,STATE_WATCH,99607,399,0,0,0,0,0,0,,,ERROR,,,,1008,1008,0,4,0,10.017,10.0513,5,99,1308,806,686,4,4,1,OK,100,0,0,0,0,0,0,0,0,0,0,0,0,0,0,-1,0,-1,0,0,0,0,0,0,NO_DATA,0,0,0,0,0,0,0,0,0,0,0,0,0,0,0,0,0,0,0,0,0,0,0,OK,0,,0,NONE,,,RECOVERING,0,,0,0,0,0,0,0,0,1,0,0,0,0,0,0,0,0,0,0,0,0,0,0,0,0,0,0,0,16,11,5,0,0,battery?,,TIMEOUT,2391,44165,7232
E3-STATE-CLI-001,telemetry-cli-baseline,Telemetry continuity without GUI,STATE_WATCH,99857,400,0,0,0,0,0,0,,,ERROR,,,,1010,1010,0,4,0,9.98065,10.0301,55,100,1308,806,686,4,4,1,OK,100,0,0,0,0,0,0,0,0,0,0,0,0,0,0,-1,0,-1,0,0,0,0,0,0,NO_DATA,0,0,0,0,0,0,0,0,0,0,0,0,0,0,0,0,0,0,0,0,0,0,0,OK,0,,0,NONE,,,RECOVERING,0,,0,0,0,0,0,0,0,1,0,0,0,0,0,0,0,0,0,0,0,0,0,0,0,0,0,0,0,17,11,6,0,0,battery?,,TIMEOUT,2392,44415,90
E3-STATE-CLI-001,telemetry-cli-baseline,Telemetry continuity without GUI,STATE_WATCH,100107,401,0,0,0,0,0,0,,,ERROR,,,,1013,1013,0,4,0,10.0034,10.0188,6,99,1308,806,686,4,4,1,OK,100,0,0,0,0,0,0,0,0,0,0,0,0,0,0,-1,0,-1,0,0,0,0,0,0,NO_DATA,0,0,0,0,0,0,0,0,0,0,0,0,0,0,0,0,0,0,0,0,0,0,0,OK,0,,0,NONE,,,RECOVERING,0,,0,0,0,0,0,0,0,1,0,0,0,0,0,0,0,0,0,0,0,0,0,0,0,0,0,0,0,17,11,6,0,0,battery?,,TIMEOUT,2392,44665,340
E3-STATE-CLI-001,telemetry-cli-baseline,Telemetry continuity without GUI,STATE_WATCH,100357,402,0,0,0,0,0,0,,,ERROR,,,,1015,1015,0,4,0,10.0187,10.0171,56,99,1308,806,686,4,4,1,OK,100,0,0,0,0,0,0,0,0,0,0,0,0,0,0,-1,0,-1,0,0,0,0,0,0,NO_DATA,0,0,0,0,0,0,0,0,0,0,0,0,0,0,0,0,0,0,0,0,0,0,0,OK,0,,0,NONE,,,RECOVERING,0,,0,0,0,0,0,0,0,1,0,0,0,0,0,0,0,0,0,0,0,0,0,0,0,0,0,0,0,17,11,6,0,0,battery?,,TIMEOUT,2392,44915,590
E3-STATE-CLI-001,telemetry-cli-baseline,Telemetry continuity without GUI,STATE_WATCH,100607,403,0,0,0,0,0,0,,,ERROR,,,,1018,1018,0,4,0,10.0394,10.0178,7,99,1308,806,686,4,4,1,OK,100,0,0,0,0,0,0,0,0,0,0,0,0,0,0,-1,0,-1,0,0,0,0,0,0,NO_DATA,0,0,0,0,0,0,0,0,0,0,0,0,0,0,0,0,0,0,0,0,0,0,0,OK,0,,0,NONE,,,RECOVERING,0,,0,0,0,0,0,0,0,1,0,0,0,0,0,0,0,0,0,0,0,0,0,0,0,0,0,0,0,17,11,6,0,0,battery?,,TIMEOUT,2392,45165,840
E3-STATE-CLI-001,telemetry-cli-baseline,Telemetry continuity without GUI,STATE_WATCH,100858,404,0,0,0,0,0,0,,,ERROR,,,,1020,1020,0,4,0,10.0035,10.0122,57,99,1308,806,686,4,4,1,OK,100,0,0,0,0,0,0,0,0,0,0,0,0,0,0,-1,0,-1,0,0,0,0,0,0,NO_DATA,0,0,0,0,0,0,0,0,0,0,0,0,0,0,0,0,0,0,0,0,0,0,0,OK,0,,0,NONE,,,RECOVERING,0,,0,0,0,0,0,0,0,1,0,0,0,0,0,0,0,0,0,0,0,0,0,0,0,0,0,0,0,17,11,6,0,0,battery?,,TIMEOUT,2392,45416,1090
E3-STATE-CLI-001,telemetry-cli-baseline,Telemetry continuity without GUI,STATE_WATCH,101108,405,0,0,0,0,0,0,,,ERROR,,,,1023,1023,0,4,0,10.0303,10.0249,8,99,1308,806,686,4,4,1,OK,100,0,0,0,0,0,0,0,0,0,0,0,0,0,0,-1,0,-1,0,0,0,0,0,0,NO_DATA,0,0,0,0,0,0,0,0,0,0,0,0,0,0,0,0,0,0,0,0,0,0,0,OK,0,,0,NONE,,,RECOVERING,0,,0,0,0,0,0,0,0,1,0,0,0,0,0,0,0,0,0,0,0,0,0,0,0,0,0,0,0,17,11,6,0,0,battery?,,TIMEOUT,2392,45666,1340
E3-STATE-CLI-001,telemetry-cli-baseline,Telemetry continuity without GUI,STATE_WATCH,101358,406,0,0,0,0,0,0,,,ERROR,,,,1026,1026,0,4,0,10.0212,11.6295,9,99,1308,806,686,4,4,1,OK,100,0,0,0,0,0,0,0,0,0,0,0,0,0,0,-1,0,-1,0,0,0,0,0,0,NO_DATA,0,0,0,0,0,0,0,0,0,0,0,0,0,0,0,0,0,0,0,0,0,0,0,OK,0,,0,NONE,,,RECOVERING,0,,0,0,0,0,0,0,0,1,0,0,0,0,0,0,0,0,0,0,0,0,0,0,0,0,0,0,0,17,11,6,0,0,battery?,,TIMEOUT,2392,45916,1591
E3-STATE-CLI-001,telemetry-cli-baseline,Telemetry continuity without GUI,STATE_WATCH,101608,407,0,0,0,0,0,0,,,ERROR,,,,1028,1028,0,4,0,10.0167,11.0493,60,99,1308,806,686,4,4,1,OK,100,0,0,0,0,0,0,0,0,0,0,0,0,0,0,-1,0,-1,0,0,0,0,0,0,NO_DATA,0,0,0,0,0,0,0,0,0,0,0,0,0,0,0,0,0,0,0,0,0,0,0,OK,0,,0,NONE,,,RECOVERING,0,,0,0,0,0,0,0,0,1,0,0,0,0,0,0,0,0,0,0,0,0,0,0,0,0,0,0,0,17,11,6,0,0,battery?,,TIMEOUT,2392,46166,1841
E3-STATE-CLI-001,telemetry-cli-baseline,Telemetry continuity without GUI,STATE_WATCH,101858,408,0,0,0,0,0,0,,,ERROR,,,,1031,1031,0,4,0,10.0148,10.5476,10,99,1308,806,686,4,4,1,OK,100,0,0,0,0,0,0,0,0,0,0,0,0,0,0,-1,0,-1,0,0,0,0,0,0,NO_DATA,0,0,0,0,0,0,0,0,0,0,0,0,0,0,0,0,0,0,0,0,0,0,0,OK,0,,0,NONE,,,RECOVERING,0,,0,0,0,0,0,0,0,1,0,0,0,0,0,0,0,0,0,0,0,0,0,0,0,0,0,0,0,17,11,6,0,0,battery?,,TIMEOUT,2392,46416,2091
E3-STATE-CLI-001,telemetry-cli-baseline,Telemetry continuity without GUI,STATE_WATCH,102109,409,0,0,0,0,0,0,,,ERROR,,,,1033,1033,0,4,0,10.019,10.3578,61,99,1308,806,686,4,4,1,OK,100,0,0,0,0,0,0,0,0,0,0,0,0,0,0,-1,0,-1,0,0,0,0,0,0,NO_DATA,0,0,0,0,0,0,0,0,0,0,0,0,0,0,0,0,0,0,0,0,0,0,0,OK,0,,0,NONE,,,RECOVERING,0,,0,0,0,0,0,0,0,1,0,0,0,0,0,0,0,0,0,0,0,0,0,0,0,0,0,0,0,17,11,6,0,0,battery?,,TIMEOUT,2392,46667,2341
E3-STATE-CLI-001,telemetry-cli-baseline,Telemetry continuity without GUI,STATE_WATCH,102359,410,0,0,0,0,0,0,,,ERROR,,,,1036,1036,0,4,0,10.0076,10.1917,12,99,1308,806,686,4,4,1,OK,100,0,0,0,0,0,0,0,0,0,0,0,0,0,0,-1,0,-1,0,0,0,0,0,0,NO_DATA,0,0,0,0,0,0,0,0,0,0,0,0,0,0,0,0,0,0,0,0,0,0,0,OK,0,,0,NONE,,,RECOVERING,0,,0,0,0,0,0,0,0,1,0,0,0,0,0,0,0,0,0,0,0,0,0,0,0,0,0,0,0,17,11,6,0,0,battery?,,TIMEOUT,2392,46917,2592
E3-STATE-CLI-001,telemetry-cli-baseline,Telemetry continuity without GUI,STATE_WATCH,102609,411,0,0,0,0,0,0,,,ERROR,,,,1038,1038,0,4,0,10.0619,10.1334,62,99,1308,806,686,4,4,1,OK,100,0,0,0,0,0,0,0,0,0,0,0,0,0,0,-1,0,-1,0,0,0,0,0,0,NO_DATA,0,0,0,0,0,0,0,0,0,0,0,0,0,0,0,0,0,0,0,0,0,0,0,OK,0,,0,NONE,,,RECOVERING,0,,0,0,0,0,0,0,0,1,0,0,0,0,0,0,0,0,0,0,0,0,0,0,0,0,0,0,0,17,11,6,0,0,battery?,,TIMEOUT,2392,47167,2842
E3-STATE-CLI-001,telemetry-cli-baseline,Telemetry continuity without GUI,STATE_WATCH,102859,412,0,0,0,0,0,0,,,ERROR,,,,1041,1041,0,4,0,10.0133,10.0839,13,99,1308,806,686,4,4,1,OK,100,0,0,0,0,0,0,0,0,0,0,0,0,0,0,-1,0,-1,0,0,0,0,0,0,NO_DATA,0,0,0,0,0,0,0,0,0,0,0,0,0,0,0,0,0,0,0,0,0,0,0,OK,0,,0,NONE,,,RECOVERING,0,,0,0,0,0,0,0,0,1,0,0,0,0,0,0,0,0,0,0,0,0,0,0,0,0,0,0,0,17,11,6,0,0,battery?,,TIMEOUT,2392,47417,3092
E3-STATE-CLI-001,telemetry-cli-baseline,Telemetry continuity without GUI,STATE_WATCH,103109,413,0,0,0,0,0,0,,,ERROR,,,,1043,1043,0,4,0,10.0204,10.0616,64,99,1308,806,686,4,4,1,OK,100,0,0,0,0,0,0,0,0,0,0,0,0,0,0,-1,0,-1,0,0,0,0,0,0,NO_DATA,0,0,0,0,0,0,0,0,0,0,0,0,0,0,0,0,0,0,0,0,0,0,0,OK,0,,0,NONE,,,RECOVERING,0,,0,0,0,0,0,0,0,1,0,0,0,0,0,0,0,0,0,0,0,0,0,0,0,0,0,0,0,17,11,6,0,0,battery?,,TIMEOUT,2392,47667,3342
E3-STATE-CLI-001,telemetry-cli-baseline,Telemetry continuity without GUI,STATE_WATCH,103360,414,0,0,0,0,0,0,,,ERROR,,,,1046,1046,0,4,0,10.0027,10.0368,14,99,1308,806,686,4,4,1,OK,100,0,0,0,0,0,0,0,0,0,0,0,0,0,0,-1,0,-1,0,0,0,0,0,0,NO_DATA,0,0,0,0,0,0,0,0,0,0,0,0,0,0,0,0,0,0,0,0,0,0,0,OK,0,,0,NONE,,,RECOVERING,0,,0,0,0,0,0,0,0,1,0,0,0,0,0,0,0,0,0,0,0,0,0,0,0,0,0,0,0,17,11,6,0,0,battery?,,TIMEOUT,2392,47918,3592
E3-STATE-CLI-001,telemetry-cli-baseline,Telemetry continuity without GUI,STATE_WATCH,103610,415,0,0,0,0,0,0,,,ERROR,,,,1048,1048,0,4,0,9.99432,10.0272,65,100,1308,806,686,4,4,1,OK,100,0,0,0,0,0,0,0,0,0,0,0,0,0,0,-1,0,-1,0,0,0,0,0,0,NO_DATA,0,0,0,0,0,0,0,0,0,0,0,0,0,0,0,0,0,0,0,0,0,0,0,OK,0,,0,NONE,,,RECOVERING,0,,0,0,0,0,0,0,0,1,0,0,0,0,0,0,0,0,0,0,0,0,0,0,0,0,0,0,0,17,11,6,0,0,battery?,,TIMEOUT,2392,48168,3842
E3-STATE-CLI-001,telemetry-cli-baseline,Telemetry continuity without GUI,STATE_WATCH,103860,416,0,0,0,0,0,0,,,ERROR,,,,1051,1051,0,4,0,10.097,10.0385,16,99,1308,806,686,4,4,1,OK,100,0,0,0,0,0,0,0,0,0,0,0,0,0,0,-1,0,-1,0,0,0,0,0,0,NO_DATA,0,0,0,0,0,0,0,0,0,0,0,0,0,0,0,0,0,0,0,0,0,0,0,OK,0,,0,NONE,,,RECOVERING,0,,0,0,0,0,0,0,0,1,0,0,0,0,0,0,0,0,0,0,0,0,0,0,0,0,0,0,0,17,11,6,0,0,battery?,,TIMEOUT,2392,48418,4093
E3-STATE-CLI-001,telemetry-cli-baseline,Telemetry continuity without GUI,STATE_WATCH,104110,417,0,0,0,0,0,0,,,ERROR,,,,1053,1053,0,4,0,9.93953,10.0172,66,100,1308,806,686,4,4,1,OK,100,0,0,0,0,0,0,0,0,0,0,0,0,0,0,-1,0,-1,0,0,0,0,0,0,NO_DATA,0,0,0,0,0,0,0,0,0,0,0,0,0,0,0,0,0,0,0,0,0,0,0,OK,0,,0,NONE,,,RECOVERING,0,,0,0,0,0,0,0,0,1,0,0,0,0,0,0,0,0,0,0,0,0,0,0,0,0,0,0,0,17,11,6,0,0,battery?,,TIMEOUT,2392,48668,4343
E3-STATE-CLI-001,telemetry-cli-baseline,Telemetry continuity without GUI,STATE_WATCH,104360,418,0,0,0,0,0,0,,,ERROR,,,,1056,1056,0,4,0,10.0066,10.0267,17,99,1308,806,686,4,4,1,OK,100,0,0,0,0,0,0,0,0,0,0,0,0,0,0,-1,0,-1,0,0,0,0,0,0,NO_DATA,0,0,0,0,0,0,0,0,0,0,0,0,0,0,0,0,0,0,0,0,0,0,0,OK,0,,0,NONE,,,RECOVERING,0,,0,0,0,0,0,0,0,1,0,0,0,0,0,0,0,0,0,0,0,0,0,0,0,0,0,0,0,17,11,6,0,0,battery?,,TIMEOUT,2392,48918,4593
E3-STATE-CLI-001,telemetry-cli-baseline,Telemetry continuity without GUI,STATE_WATCH,104610,419,0,0,0,0,0,0,,,ERROR,,,,1058,1058,0,4,0,10.0418,10.0277,68,99,1308,806,686,4,4,1,OK,100,0,0,0,0,0,0,0,0,0,0,0,0,0,0,-1,0,-1,0,0,0,0,0,0,NO_DATA,0,0,0,0,0,0,0,0,0,0,0,0,0,0,0,0,0,0,0,0,0,0,0,OK,0,,0,NONE,,,RECOVERING,0,,0,0,0,0,0,0,0,1,0,0,0,0,0,0,0,0,0,0,0,0,0,0,0,0,0,0,0,17,11,6,0,0,battery?,,TIMEOUT,2392,49168,4843
E3-STATE-CLI-001,telemetry-cli-baseline,Telemetry continuity without GUI,STATE_WATCH,104861,420,0,0,0,0,0,0,,,ERROR,,,,1061,1061,0,4,0,10.0685,11.5765,68,99,1308,806,686,4,4,1,OK,100,0,0,0,0,0,0,0,0,0,0,0,0,0,0,-1,0,-1,0,0,0,0,0,0,NO_DATA,0,0,0,0,0,0,0,0,0,0,0,0,0,0,0,0,0,0,0,0,0,0,0,OK,0,,0,NONE,,,RECOVERING,0,,0,0,0,0,0,0,0,1,0,0,0,0,0,0,0,0,0,0,0,0,0,0,0,0,0,0,0,17,11,6,0,0,battery?,,TIMEOUT,2392,49419,5093
E3-STATE-CLI-001,telemetry-cli-baseline,Telemetry continuity without GUI,STATE_WATCH,105111,421,0,0,0,0,0,0,,,ERROR,,,,1064,1064,0,4,0,9.8169,10.7813,17,101,1308,806,686,4,4,1,OK,100,0,0,0,0,0,0,0,0,0,0,0,0,0,0,-1,0,-1,0,0,0,0,0,0,NO_DATA,0,0,0,0,0,0,0,0,0,0,0,0,0,0,0,0,0,0,0,0,0,0,0,OK,0,,0,NONE,,,RECOVERING,0,,0,0,0,0,0,0,0,1,0,0,0,0,0,0,0,0,0,0,0,0,0,0,0,0,0,0,0,17,11,6,0,0,battery?,,TIMEOUT,2392,49669,5344
E3-STATE-CLI-001,telemetry-cli-baseline,Telemetry continuity without GUI,STATE_WATCH,105361,422,0,0,0,0,0,0,,,ERROR,,,,1066,1066,0,4,0,10.0189,10.5424,70,99,1308,806,686,4,4,1,OK,100,0,0,0,0,0,0,0,0,0,0,0,0,0,0,-1,0,-1,0,0,0,0,0,0,NO_DATA,0,0,0,0,0,0,0,0,0,0,0,0,0,0,0,0,0,0,0,0,0,0,0,OK,0,,0,NONE,,,RECOVERING,0,,0,0,0,0,0,0,0,1,0,0,0,0,0,0,0,0,0,0,0,0,0,0,0,0,0,0,0,17,11,6,0,0,battery?,,TIMEOUT,2392,49919,5594
E3-STATE-CLI-001,telemetry-cli-baseline,Telemetry continuity without GUI,STATE_WATCH,105611,423,0,0,0,0,0,0,,,ERROR,,,,1069,1069,0,4,0,9.96866,10.2737,20,100,1308,806,686,4,4,1,OK,100,0,0,0,0,0,0,0,0,0,0,0,0,0,0,-1,0,-1,0,0,0,0,0,0,NO_DATA,0,0,0,0,0,0,0,0,0,0,0,0,0,0,0,0,0,0,0,0,0,0,0,OK,0,,0,NONE,,,RECOVERING,0,,0,0,0,0,0,0,0,1,0,0,0,0,0,0,0,0,0,0,0,0,0,0,0,0,0,0,0,17,11,6,0,0,battery?,,TIMEOUT,2392,50169,5844
E3-STATE-CLI-001,telemetry-cli-baseline,Telemetry continuity without GUI,STATE_WATCH,105861,424,0,0,0,0,0,0,,,ERROR,,,,1071,1071,0,4,0,10.0216,10.1957,71,99,1308,806,686,4,4,1,OK,100,0,0,0,0,0,0,0,0,0,0,0,0,0,0,-1,0,-1,0,0,0,0,0,0,NO_DATA,0,0,0,0,0,0,0,0,0,0,0,0,0,0,0,0,0,0,0,0,0,0,0,OK,0,,0,NONE,,,RECOVERING,0,,0,0,0,0,0,0,0,1,0,0,0,0,0,0,0,0,0,0,0,0,0,0,0,0,0,0,0,17,11,6,0,0,battery?,,TIMEOUT,2392,50419,6094
E3-STATE-CLI-001,telemetry-cli-baseline,Telemetry continuity without GUI,STATE_WATCH,106112,425,0,0,0,0,0,0,,,ERROR,,,,1074,1074,0,4,0,9.91722,10.0899,21,100,1308,806,686,4,4,1,OK,100,0,0,0,0,0,0,0,0,0,0,0,0,0,0,-1,0,-1,0,0,0,0,0,0,NO_DATA,0,0,0,0,0,0,0,0,0,0,0,0,0,0,0,0,0,0,0,0,0,0,0,OK,0,,0,NONE,,,RECOVERING,0,,0,0,0,0,0,0,0,1,0,0,0,0,0,0,0,0,0,0,0,0,0,0,0,0,0,0,0,17,11,6,0,0,battery?,,TIMEOUT,2392,50670,6344
E3-STATE-CLI-001,telemetry-cli-baseline,Telemetry continuity without GUI,STATE_WATCH,106362,426,0,0,0,0,0,0,,,ERROR,,,,1076,1076,0,4,0,9.99042,10.0708,72,100,1308,806,686,4,4,1,OK,100,0,0,0,0,0,0,0,0,0,0,0,0,0,0,-1,0,-1,0,0,0,0,0,0,NO_DATA,0,0,0,0,0,0,0,0,0,0,0,0,0,0,0,0,0,0,0,0,0,0,0,OK,0,,0,NONE,,,RECOVERING,0,,0,0,0,0,0,0,0,1,0,0,0,0,0,0,0,0,0,0,0,0,0,0,0,0,0,0,0,17,11,6,0,0,battery?,,TIMEOUT,2392,50920,6595
E3-STATE-CLI-001,telemetry-cli-baseline,Telemetry continuity without GUI,STATE_WATCH,106612,427,0,0,0,0,0,0,,,ERROR,,,,1079,1079,0,4,0,9.29341,9.89044,15,107,1308,806,686,4,4,1,OK,100,0,0,0,0,0,0,0,0,0,0,0,0,0,0,-1,0,-1,0,0,0,0,0,0,NO_DATA,0,0,0,0,0,0,0,0,0,0,0,0,0,0,0,0,0,0,0,0,0,0,0,OK,0,,0,NONE,,,RECOVERING,0,,0,0,0,0,0,0,0,1,0,0,0,0,0,0,0,0,0,0,0,0,0,0,0,0,0,0,0,17,11,6,0,0,battery?,,TIMEOUT,2392,51170,6845
E3-STATE-CLI-001,telemetry-cli-baseline,Telemetry continuity without GUI,STATE_WATCH,106862,428,0,0,0,0,0,0,,,ERROR,,,,1081,1081,0,4,0,9.98261,10.0495,72,100,1308,806,686,4,4,1,OK,100,0,0,0,0,0,0,0,0,0,0,0,0,0,0,-1,0,-1,0,0,0,0,0,0,NO_DATA,0,0,0,0,0,0,0,0,0,0,0,0,0,0,0,0,0,0,0,0,0,0,0,OK,0,,0,NONE,,,RECOVERING,0,,0,0,0,0,0,0,0,1,0,0,0,0,0,0,0,0,0,0,0,0,0,0,0,0,0,0,0,17,11,6,0,0,battery?,,TIMEOUT,2392,51420,7095
E3-STATE-CLI-001,telemetry-cli-baseline,Telemetry continuity without GUI,STATE_WATCH,107112,429,0,0,0,0,0,0,,,ERROR,,,,1084,1084,0,4,0,10.0139,10.0168,21,99,1308,806,686,4,4,1,OK,100,0,0,0,0,0,0,0,0,0,0,0,0,0,0,-1,0,-1,0,0,0,0,0,0,NO_DATA,0,0,0,0,0,0,0,0,0,0,0,0,0,0,0,0,0,0,0,0,0,0,0,OK,0,,0,NONE,,,RECOVERING,0,,0,0,0,0,0,0,0,1,0,0,0,0,0,0,0,0,0,0,0,0,0,0,0,0,0,0,0,17,11,6,0,0,battery?,,TIMEOUT,2392,51670,7345
E3-STATE-CLI-001,telemetry-cli-baseline,Telemetry continuity without GUI,STATE_WATCH,107363,430,0,0,0,0,0,0,,,ERROR,,,,1086,1086,0,4,0,10.3679,10.0805,75,96,1308,806,686,4,4,1,OK,100,0,0,0,0,0,0,0,0,0,0,0,0,0,0,-1,0,-1,0,0,0,0,0,0,NO_DATA,0,0,0,0,0,0,0,0,0,0,0,0,0,0,0,0,0,0,0,0,0,0,0,OK,0,,0,NONE,,,RECOVERING,0,,0,0,0,0,0,0,0,1,0,0,0,0,0,0,0,0,0,0,0,0,0,0,0,0,0,0,0,18,11,7,0,0,battery?,,TIMEOUT,2391,51921,203
E3-STATE-CLI-001,telemetry-cli-baseline,Telemetry continuity without GUI,STATE_WATCH,107613,431,0,0,0,0,0,0,,,ERROR,,,,1089,1089,0,4,0,10.0229,10.0521,26,99,1308,806,686,4,4,1,OK,100,0,0,0,0,0,0,0,0,0,0,0,0,0,0,-1,0,-1,0,0,0,0,0,0,NO_DATA,0,0,0,0,0,0,0,0,0,0,0,0,0,0,0,0,0,0,0,0,0,0,0,OK,0,,0,NONE,,,RECOVERING,0,,0,0,0,0,0,0,0,1,0,0,0,0,0,0,0,0,0,0,0,0,0,0,0,0,0,0,0,18,11,7,0,0,battery?,,TIMEOUT,2391,52171,454
E3-STATE-CLI-001,telemetry-cli-baseline,Telemetry continuity without GUI,STATE_WATCH,107863,432,0,0,0,0,0,0,,,ERROR,,,,1092,1092,0,4,0,10.0064,11.3095,26,99,1308,806,686,4,4,1,OK,100,0,0,0,0,0,0,0,0,0,0,0,0,0,0,-1,0,-1,0,0,0,0,0,0,NO_DATA,0,0,0,0,0,0,0,0,0,0,0,0,0,0,0,0,0,0,0,0,0,0,0,OK,0,,0,NONE,,,RECOVERING,0,,0,0,0,0,0,0,0,1,0,0,0,0,0,0,0,0,0,0,0,0,0,0,0,0,0,0,0,18,11,7,0,0,battery?,,TIMEOUT,2391,52421,704
E3-STATE-CLI-001,telemetry-cli-baseline,Telemetry continuity without GUI,STATE_WATCH,108113,433,0,0,0,0,0,0,,,ERROR,,,,1094,1094,0,4,0,9.83788,10.8086,75,101,1308,806,686,4,4,1,OK,100,0,0,0,0,0,0,0,0,0,0,0,0,0,0,-1,0,-1,0,0,0,0,0,0,NO_DATA,0,0,0,0,0,0,0,0,0,0,0,0,0,0,0,0,0,0,0,0,0,0,0,OK,0,,0,NONE,,,RECOVERING,0,,0,0,0,0,0,0,0,1,0,0,0,0,0,0,0,0,0,0,0,0,0,0,0,0,0,0,0,18,11,7,0,0,battery?,,TIMEOUT,2391,52671,954
E3-STATE-CLI-001,telemetry-cli-baseline,Telemetry continuity without GUI,STATE_WATCH,108363,434,0,0,0,0,0,0,,,ERROR,,,,1097,1097,0,4,0,10.0063,10.4357,27,99,1308,806,686,4,4,1,OK,100,0,0,0,0,0,0,0,0,0,0,0,0,0,0,-1,0,-1,0,0,0,0,0,0,NO_DATA,0,0,0,0,0,0,0,0,0,0,0,0,0,0,0,0,0,0,0,0,0,0,0,OK,0,,0,NONE,,,RECOVERING,0,,0,0,0,0,0,0,0,1,0,0,0,0,0,0,0,0,0,0,0,0,0,0,0,0,0,0,0,18,11,7,0,0,battery?,,TIMEOUT,2391,52921,1204
E3-STATE-CLI-001,telemetry-cli-baseline,Telemetry continuity without GUI,STATE_WATCH,108614,435,0,0,0,0,0,0,,,ERROR,,,,1099,1099,0,4,0,10.0106,10.2813,77,99,1308,806,686,4,4,1,OK,100,0,0,0,0,0,0,0,0,0,0,0,0,0,0,-1,0,-1,0,0,0,0,0,0,NO_DATA,0,0,0,0,0,0,0,0,0,0,0,0,0,0,0,0,0,0,0,0,0,0,0,OK,0,,0,NONE,,,RECOVERING,0,,0,0,0,0,0,0,0,1,0,0,0,0,0,0,0,0,0,0,0,0,0,0,0,0,0,0,0,18,11,7,0,0,battery?,,TIMEOUT,2391,53172,1454
E3-STATE-CLI-001,telemetry-cli-baseline,Telemetry continuity without GUI,STATE_WATCH,108864,436,0,0,0,0,0,0,,,ERROR,,,,1102,1102,0,4,0,10.0026,10.159,27,99,1308,806,686,4,4,1,OK,100,0,0,0,0,0,0,0,0,0,0,0,0,0,0,-1,0,-1,0,0,0,0,0,0,NO_DATA,0,0,0,0,0,0,0,0,0,0,0,0,0,0,0,0,0,0,0,0,0,0,0,OK,0,,0,NONE,,,RECOVERING,0,,0,0,0,0,0,0,0,1,0,0,0,0,0,0,0,0,0,0,0,0,0,0,0,0,0,0,0,18,11,7,0,0,battery?,,TIMEOUT,2391,53422,1705
E3-STATE-CLI-001,telemetry-cli-baseline,Telemetry continuity without GUI,STATE_WATCH,109114,437,0,0,0,0,0,0,,,ERROR,,,,1104,1104,0,4,0,10.0024,10.1049,78,99,1308,806,686,4,4,1,OK,100,0,0,0,0,0,0,0,0,0,0,0,0,0,0,-1,0,-1,0,0,0,0,0,0,NO_DATA,0,0,0,0,0,0,0,0,0,0,0,0,0,0,0,0,0,0,0,0,0,0,0,OK,0,,0,NONE,,,RECOVERING,0,,0,0,0,0,0,0,0,1,0,0,0,0,0,0,0,0,0,0,0,0,0,0,0,0,0,0,0,18,11,7,0,0,battery?,,TIMEOUT,2391,53672,1955
E3-STATE-CLI-001,telemetry-cli-baseline,Telemetry continuity without GUI,STATE_WATCH,109364,438,0,0,0,0,0,0,,,ERROR,,,,1107,1107,0,4,0,10.0025,10.0543,28,99,1308,806,686,4,4,1,OK,100,0,0,0,0,0,0,0,0,0,0,0,0,0,0,-1,0,-1,0,0,0,0,0,0,NO_DATA,0,0,0,0,0,0,0,0,0,0,0,0,0,0,0,0,0,0,0,0,0,0,0,OK,0,,0,NONE,,,RECOVERING,0,,0,0,0,0,0,0,0,1,0,0,0,0,0,0,0,0,0,0,0,0,0,0,0,0,0,0,0,18,11,7,0,0,battery?,,TIMEOUT,2391,53922,2205
E3-STATE-CLI-001,telemetry-cli-baseline,Telemetry continuity without GUI,STATE_WATCH,109614,439,0,0,0,0,0,0,,,ERROR,,,,1109,1109,0,4,0,9.99914,10.0366,78,100,1308,806,686,4,4,1,OK,100,0,0,0,0,0,0,0,0,0,0,0,0,0,0,-1,0,-1,0,0,0,0,0,0,NO_DATA,0,0,0,0,0,0,0,0,0,0,0,0,0,0,0,0,0,0,0,0,0,0,0,OK,0,,0,NONE,,,RECOVERING,0,,0,0,0,0,0,0,0,1,0,0,0,0,0,0,0,0,0,0,0,0,0,0,0,0,0,0,0,18,11,7,0,0,battery?,,TIMEOUT,2391,54172,2455
E3-STATE-CLI-001,telemetry-cli-baseline,Telemetry continuity without GUI,STATE_WATCH,109865,440,0,0,0,0,0,0,,,ERROR,,,,1112,1112,0,4,0,10.0161,10.0213,28,99,1308,806,686,4,4,1,OK,100,0,0,0,0,0,0,0,0,0,0,0,0,0,0,-1,0,-1,0,0,0,0,0,0,NO_DATA,0,0,0,0,0,0,0,0,0,0,0,0,0,0,0,0,0,0,0,0,0,0,0,OK,0,,0,NONE,,,RECOVERING,0,,0,0,0,0,0,0,0,1,0,0,0,0,0,0,0,0,0,0,0,0,0,0,0,0,0,0,0,18,11,7,0,0,battery?,,TIMEOUT,2391,54423,2705
E3-STATE-CLI-001,telemetry-cli-baseline,Telemetry continuity without GUI,STATE_WATCH,110115,441,0,0,0,0,0,0,,,ERROR,,,,1114,1114,0,4,0,9.99969,10.0154,79,100,1308,806,686,4,4,1,OK,100,0,0,0,0,0,0,0,0,0,0,0,0,0,0,-1,0,-1,0,0,0,0,0,0,NO_DATA,0,0,0,0,0,0,0,0,0,0,0,0,0,0,0,0,0,0,0,0,0,0,0,OK,0,,0,NONE,,,RECOVERING,0,,0,0,0,0,0,0,0,1,0,0,0,0,0,0,0,0,0,0,0,0,0,0,0,0,0,0,0,18,11,7,0,0,battery?,,TIMEOUT,2391,54673,2956
E3-STATE-CLI-001,telemetry-cli-baseline,Telemetry continuity without GUI,STATE_WATCH,110365,442,0,0,0,0,0,0,,,ERROR,,,,1117,1117,0,4,0,9.65992,9.94069,25,103,1308,806,686,4,4,1,OK,100,0,0,0,0,0,0,0,0,0,0,0,0,0,0,-1,0,-1,0,0,0,0,0,0,NO_DATA,0,0,0,0,0,0,0,0,0,0,0,0,0,0,0,0,0,0,0,0,0,0,0,OK,0,,0,NONE,,,RECOVERING,0,,0,0,0,0,0,0,0,1,0,0,0,0,0,0,0,0,0,0,0,0,0,0,0,0,0,0,0,18,11,7,0,0,battery?,,TIMEOUT,2391,54923,3206
E3-STATE-CLI-001,telemetry-cli-baseline,Telemetry continuity without GUI,STATE_WATCH,110615,443,0,0,0,0,0,0,,,ERROR,,,,1119,1119,0,4,0,9.9922,10.0212,79,100,1308,806,686,4,4,1,OK,100,0,0,0,0,0,0,0,0,0,0,0,0,0,0,-1,0,-1,0,0,0,0,0,0,NO_DATA,0,0,0,0,0,0,0,0,0,0,0,0,0,0,0,0,0,0,0,0,0,0,0,OK,0,,0,NONE,,,RECOVERING,0,,0,0,0,0,0,0,0,1,0,0,0,0,0,0,0,0,0,0,0,0,0,0,0,0,0,0,0,18,11,7,0,0,battery?,,TIMEOUT,2391,55173,3456
E3-STATE-CLI-001,telemetry-cli-baseline,Telemetry continuity without GUI,STATE_WATCH,110865,444,0,0,0,0,0,0,,,ERROR,,,,1122,1122,0,4,0,20.006,12.0126,79,49,1308,806,686,4,4,1,OK,100,0,0,0,0,0,0,0,0,0,0,0,0,0,0,-1,0,-1,0,0,0,0,0,0,NO_DATA,0,0,0,0,0,0,0,0,0,0,0,0,0,0,0,0,0,0,0,0,0,0,0,OK,0,,0,NONE,,,RECOVERING,0,,0,0,0,0,0,0,0,1,0,0,0,0,0,0,0,0,0,0,0,0,0,0,0,0,0,0,0,18,11,7,0,0,battery?,,TIMEOUT,2391,55423,3706
E3-STATE-CLI-001,telemetry-cli-baseline,Telemetry continuity without GUI,STATE_WATCH,111116,445,0,0,0,0,0,0,,,ERROR,,,,1125,1125,0,4,0,9.8753,11.0053,28,101,1308,806,686,4,4,1,OK,100,0,0,0,0,0,0,0,0,0,0,0,0,0,0,-1,0,-1,0,0,0,0,0,0,NO_DATA,0,0,0,0,0,0,0,0,0,0,0,0,0,0,0,0,0,0,0,0,0,0,0,OK,0,,0,NONE,,,RECOVERING,0,,0,0,0,0,0,0,0,1,0,0,0,0,0,0,0,0,0,0,0,0,0,0,0,0,0,0,0,18,11,7,0,0,battery?,,TIMEOUT,2391,55674,3956
E3-STATE-CLI-001,telemetry-cli-baseline,Telemetry continuity without GUI,STATE_WATCH,111366,446,0,0,0,0,0,0,,,ERROR,,,,1127,1127,0,4,0,10.0079,10.6666,80,99,1308,806,686,4,4,1,OK,100,0,0,0,0,0,0,0,0,0,0,0,0,0,0,-1,0,-1,0,0,0,0,0,0,NO_DATA,0,0,0,0,0,0,0,0,0,0,0,0,0,0,0,0,0,0,0,0,0,0,0,OK,0,,0,NONE,,,RECOVERING,0,,0,0,0,0,0,0,0,1,0,0,0,0,0,0,0,0,0,0,0,0,0,0,0,0,0,0,0,18,11,7,0,0,battery?,,TIMEOUT,2391,55924,4207
E3-STATE-CLI-001,telemetry-cli-baseline,Telemetry continuity without GUI,STATE_WATCH,111616,447,0,0,0,0,0,0,,,ERROR,,,,1130,1130,0,4,0,10.0056,10.3443,30,99,1308,806,686,4,4,1,OK,100,0,0,0,0,0,0,0,0,0,0,0,0,0,0,-1,0,-1,0,0,0,0,0,0,NO_DATA,0,0,0,0,0,0,0,0,0,0,0,0,0,0,0,0,0,0,0,0,0,0,0,OK,0,,0,NONE,,,RECOVERING,0,,0,0,0,0,0,0,0,1,0,0,0,0,0,0,0,0,0,0,0,0,0,0,0,0,0,0,0,18,11,7,0,0,battery?,,TIMEOUT,2391,56174,4457
E3-STATE-CLI-001,telemetry-cli-baseline,Telemetry continuity without GUI,STATE_WATCH,111866,448,0,0,0,0,0,0,,,ERROR,,,,1132,1132,0,4,0,9.99413,10.2194,81,100,1308,806,686,4,4,1,OK,100,0,0,0,0,0,0,0,0,0,0,0,0,0,0,-1,0,-1,0,0,0,0,0,0,NO_DATA,0,0,0,0,0,0,0,0,0,0,0,0,0,0,0,0,0,0,0,0,0,0,0,OK,0,,0,NONE,,,RECOVERING,0,,0,0,0,0,0,0,0,1,0,0,0,0,0,0,0,0,0,0,0,0,0,0,0,0,0,0,0,18,11,7,0,0,battery?,,TIMEOUT,2391,56424,4707
E3-STATE-CLI-001,telemetry-cli-baseline,Telemetry continuity without GUI,STATE_WATCH,112116,449,0,0,0,0,0,0,,,ERROR,,,,1135,1135,0,4,0,10.037,10.1173,31,99,1308,806,686,4,4,1,OK,100,0,0,0,0,0,0,0,0,0,0,0,0,0,0,-1,0,-1,0,0,0,0,0,0,NO_DATA,0,0,0,0,0,0,0,0,0,0,0,0,0,0,0,0,0,0,0,0,0,0,0,OK,0,,0,NONE,,,RECOVERING,0,,0,0,0,0,0,0,0,1,0,0,0,0,0,0,0,0,0,0,0,0,0,0,0,0,0,0,0,18,11,7,0,0,battery?,,TIMEOUT,2391,56674,4957
E3-STATE-CLI-001,telemetry-cli-baseline,Telemetry continuity without GUI,STATE_WATCH,112367,450,0,0,0,0,0,0,,,ERROR,,,,1137,1137,0,4,0,10.033,10.0762,81,99,1308,806,686,4,4,1,OK,100,0,0,0,0,0,0,0,0,0,0,0,0,0,0,-1,0,-1,0,0,0,0,0,0,NO_DATA,0,0,0,0,0,0,0,0,0,0,0,0,0,0,0,0,0,0,0,0,0,0,0,OK,0,,0,NONE,,,RECOVERING,0,,0,0,0,0,0,0,0,1,0,0,0,0,0,0,0,0,0,0,0,0,0,0,0,0,0,0,0,18,11,7,0,0,battery?,,TIMEOUT,2391,56925,5207
E3-STATE-CLI-001,telemetry-cli-baseline,Telemetry continuity without GUI,STATE_WATCH,112617,451,0,0,0,0,0,0,,,ERROR,,,,1140,1140,0,4,0,10.1804,10.051,32,98,1308,806,686,4,4,1,OK,100,0,0,0,0,0,0,0,0,0,0,0,0,0,0,-1,0,-1,0,0,0,0,0,0,NO_DATA,0,0,0,0,0,0,0,0,0,0,0,0,0,0,0,0,0,0,0,0,0,0,0,OK,0,,0,NONE,,,RECOVERING,0,,0,0,0,0,0,0,0,1,0,0,0,0,0,0,0,0,0,0,0,0,0,0,0,0,0,0,0,18,11,7,0,0,battery?,,TIMEOUT,2391,57175,5458
E3-STATE-CLI-001,telemetry-cli-baseline,Telemetry continuity without GUI,STATE_WATCH,112867,452,0,0,0,0,0,0,,,ERROR,,,,1142,1142,0,4,0,10.0009,10.0336,82,99,1308,806,686,4,4,1,OK,100,0,0,0,0,0,0,0,0,0,0,0,0,0,0,-1,0,-1,0,0,0,0,0,0,NO_DATA,0,0,0,0,0,0,0,0,0,0,0,0,0,0,0,0,0,0,0,0,0,0,0,OK,0,,0,NONE,,,RECOVERING,0,,0,0,0,0,0,0,0,1,0,0,0,0,0,0,0,0,0,0,0,0,0,0,0,0,0,0,0,18,11,7,0,0,battery?,,TIMEOUT,2391,57425,5708
E3-STATE-CLI-001,telemetry-cli-baseline,Telemetry continuity without GUI,STATE_WATCH,113117,453,0,0,0,0,0,0,,,ERROR,,,,1145,1145,0,4,0,10.0213,10.0201,32,99,1308,806,686,4,4,1,OK,100,0,0,0,0,0,0,0,0,0,0,0,0,0,0,-1,0,-1,0,0,0,0,0,0,NO_DATA,0,0,0,0,0,0,0,0,0,0,0,0,0,0,0,0,0,0,0,0,0,0,0,OK,0,,0,NONE,,,RECOVERING,0,,0,0,0,0,0,0,0,1,0,0,0,0,0,0,0,0,0,0,0,0,0,0,0,0,0,0,0,18,11,7,0,0,battery?,,TIMEOUT,2391,57675,5958
E3-STATE-CLI-001,telemetry-cli-baseline,Telemetry continuity without GUI,STATE_WATCH,113367,454,0,0,0,0,0,0,,,ERROR,,,,1147,1147,0,4,0,9.99408,10.011,82,100,1308,806,686,4,4,1,OK,100,0,0,0,0,0,0,0,0,0,0,0,0,0,0,-1,0,-1,0,0,0,0,0,0,NO_DATA,0,0,0,0,0,0,0,0,0,0,0,0,0,0,0,0,0,0,0,0,0,0,0,OK,0,,0,NONE,,,RECOVERING,0,,0,0,0,0,0,0,0,1,0,0,0,0,0,0,0,0,0,0,0,0,0,0,0,0,0,0,0,18,11,7,0,0,battery?,,TIMEOUT,2391,57925,6208
E3-STATE-CLI-001,telemetry-cli-baseline,Telemetry continuity without GUI,STATE_WATCH,113618,455,0,0,0,0,0,0,,,ERROR,,,,1150,1150,0,4,0,10.0102,10.0096,33,99,1308,806,686,4,4,1,OK,100,0,0,0,0,0,0,0,0,0,0,0,0,0,0,-1,0,-1,0,0,0,0,0,0,NO_DATA,0,0,0,0,0,0,0,0,0,0,0,0,0,0,0,0,0,0,0,0,0,0,0,OK,0,,0,NONE,,,RECOVERING,0,,0,0,0,0,0,0,0,1,0,0,0,0,0,0,0,0,0,0,0,0,0,0,0,0,0,0,0,18,11,7,0,0,battery?,,TIMEOUT,2391,58176,6458
E3-STATE-CLI-001,telemetry-cli-baseline,Telemetry continuity without GUI,STATE_WATCH,113868,456,0,0,0,0,0,0,,,ERROR,,,,1152,1152,0,4,0,9.98331,10.0044,83,100,1308,806,686,4,4,1,OK,100,0,0,0,0,0,0,0,0,0,0,0,0,0,0,-1,0,-1,0,0,0,0,0,0,NO_DATA,0,0,0,0,0,0,0,0,0,0,0,0,0,0,0,0,0,0,0,0,0,0,0,OK,0,,0,NONE,,,RECOVERING,0,,0,0,0,0,0,0,0,1,0,0,0,0,0,0,0,0,0,0,0,0,0,0,0,0,0,0,0,18,11,7,0,0,battery?,,TIMEOUT,2391,58426,6709
E3-STATE-CLI-001,telemetry-cli-baseline,Telemetry continuity without GUI,STATE_WATCH,114118,457,0,0,0,0,0,0,,,ERROR,,,,1155,1155,0,4,0,19.9009,11.9851,83,50,1308,806,686,4,4,1,OK,100,0,0,0,0,0,0,0,0,0,0,0,0,0,0,-1,0,-1,0,0,0,0,0,0,NO_DATA,0,0,0,0,0,0,0,0,0,0,0,0,0,0,0,0,0,0,0,0,0,0,0,OK,0,,0,NONE,,,RECOVERING,0,,0,0,0,0,0,0,0,1,0,0,0,0,0,0,0,0,0,0,0,0,0,0,0,0,0,0,0,18,11,7,0,0,battery?,,TIMEOUT,2391,58676,6959
E3-STATE-CLI-001,telemetry-cli-baseline,Telemetry continuity without GUI,STATE_WATCH,114368,458,0,0,0,0,0,0,,,ERROR,,,,1158,1158,0,4,0,10.0464,11.0264,34,99,1308,806,686,4,4,1,OK,100,0,0,0,0,0,0,0,0,0,0,0,0,0,0,-1,0,-1,0,0,0,0,0,0,NO_DATA,0,0,0,0,0,0,0,0,0,0,0,0,0,0,0,0,0,0,0,0,0,0,0,OK,0,,0,NONE,,,RECOVERING,0,,0,0,0,0,0,0,0,1,0,0,0,0,0,0,0,0,0,0,0,0,0,0,0,0,0,0,0,18,11,7,0,0,battery?,,TIMEOUT,2391,58926,7209
E3-STATE-CLI-001,telemetry-cli-baseline,Telemetry continuity without GUI,STATE_WATCH,114618,459,0,0,0,0,0,0,,,ERROR,,,,1160,1160,0,4,0,9.99094,10.6524,84,100,1308,806,686,4,4,1,OK,100,0,0,0,0,0,0,0,0,0,0,0,0,0,0,-1,0,-1,0,0,0,0,0,0,NO_DATA,0,0,0,0,0,0,0,0,0,0,0,0,0,0,0,0,0,0,0,0,0,0,0,OK,0,,0,NONE,,,RECOVERING,0,,0,0,0,0,0,0,0,1,0,0,0,0,0,0,0,0,0,0,0,0,0,0,0,0,0,0,0,19,11,8,0,0,battery?,,TIMEOUT,2391,59176,67
E3-STATE-CLI-001,telemetry-cli-baseline,Telemetry continuity without GUI,STATE_WATCH,114869,460,0,0,0,0,0,0,,,ERROR,,,,1163,1163,0,4,0,9.82056,10.301,32,101,1308,806,686,4,4,1,OK,100,0,0,0,0,0,0,0,0,0,0,0,0,0,0,-1,0,-1,0,0,0,0,0,0,NO_DATA,0,0,0,0,0,0,0,0,0,0,0,0,0,0,0,0,0,0,0,0,0,0,0,OK,0,,0,NONE,,,RECOVERING,0,,0,0,0,0,0,0,0,1,0,0,0,0,0,0,0,0,0,0,0,0,0,0,0,0,0,0,0,19,11,8,0,0,battery?,,TIMEOUT,2391,59427,317
E3-STATE-CLI-001,telemetry-cli-baseline,Telemetry continuity without GUI,STATE_WATCH,115119,461,0,0,0,0,0,0,,,ERROR,,,,1165,1165,0,4,0,10.0773,10.2306,85,99,1308,806,686,4,4,1,OK,100,0,0,0,0,0,0,0,0,0,0,0,0,0,0,-1,0,-1,0,0,0,0,0,0,NO_DATA,0,0,0,0,0,0,0,0,0,0,0,0,0,0,0,0,0,0,0,0,0,0,0,OK,0,,0,NONE,,,RECOVERING,0,,0,0,0,0,0,0,0,1,0,0,0,0,0,0,0,0,0,0,0,0,0,0,0,0,0,0,0,19,11,8,0,0,battery?,,TIMEOUT,2391,59677,568
E3-STATE-CLI-001,telemetry-cli-baseline,Telemetry continuity without GUI,STATE_WATCH,115369,462,0,0,0,0,0,0,,,ERROR,,,,1168,1168,0,4,0,10.1446,10.1252,35,98,1308,806,686,4,4,1,OK,100,0,0,0,0,0,0,0,0,0,0,0,0,0,0,-1,0,-1,0,0,0,0,0,0,NO_DATA,0,0,0,0,0,0,0,0,0,0,0,0,0,0,0,0,0,0,0,0,0,0,0,OK,0,,0,NONE,,,RECOVERING,0,,0,0,0,0,0,0,0,1,0,0,0,0,0,0,0,0,0,0,0,0,0,0,0,0,0,0,0,19,11,8,0,0,battery?,,TIMEOUT,2391,59927,818
E3-STATE-CLI-001,telemetry-cli-baseline,Telemetry continuity without GUI,STATE_WATCH,115619,463,0,0,0,0,0,0,,,ERROR,,,,1170,1170,0,4,0,9.99928,10.0828,85,100,1308,806,686,4,4,1,OK,100,0,0,0,0,0,0,0,0,0,0,0,0,0,0,-1,0,-1,0,0,0,0,0,0,NO_DATA,0,0,0,0,0,0,0,0,0,0,0,0,0,0,0,0,0,0,0,0,0,0,0,OK,0,,0,NONE,,,RECOVERING,0,,0,0,0,0,0,0,0,1,0,0,0,0,0,0,0,0,0,0,0,0,0,0,0,0,0,0,0,19,11,8,0,0,battery?,,TIMEOUT,2391,60177,1068
E3-STATE-CLI-001,telemetry-cli-baseline,Telemetry continuity without GUI,STATE_WATCH,115869,464,0,0,0,0,0,0,,,ERROR,,,,1173,1173,0,4,0,10.0513,10.0786,36,99,1308,806,686,4,4,1,OK,100,0,0,0,0,0,0,0,0,0,0,0,0,0,0,-1,0,-1,0,0,0,0,0,0,NO_DATA,0,0,0,0,0,0,0,0,0,0,0,0,0,0,0,0,0,0,0,0,0,0,0,OK,0,,0,NONE,,,RECOVERING,0,,0,0,0,0,0,0,0,1,0,0,0,0,0,0,0,0,0,0,0,0,0,0,0,0,0,0,0,19,11,8,0,0,battery?,,TIMEOUT,2391,60427,1318
E3-STATE-CLI-001,telemetry-cli-baseline,Telemetry continuity without GUI,STATE_WATCH,116120,465,0,0,0,0,0,0,,,ERROR,,,,1175,1175,0,4,0,10.0072,10.053,86,99,1308,806,686,4,4,1,OK,100,0,0,0,0,0,0,0,0,0,0,0,0,0,0,-1,0,-1,0,0,0,0,0,0,NO_DATA,0,0,0,0,0,0,0,0,0,0,0,0,0,0,0,0,0,0,0,0,0,0,0,OK,0,,0,NONE,,,RECOVERING,0,,0,0,0,0,0,0,0,1,0,0,0,0,0,0,0,0,0,0,0,0,0,0,0,0,0,0,0,19,11,8,0,0,battery?,,TIMEOUT,2391,60678,1568
E3-STATE-CLI-001,telemetry-cli-baseline,Telemetry continuity without GUI,STATE_WATCH,116370,466,0,0,0,0,0,0,,,ERROR,,,,1178,1178,0,4,0,9.82272,9.99217,34,101,1308,806,686,4,4,1,OK,100,0,0,0,0,0,0,0,0,0,0,0,0,0,0,-1,0,-1,0,0,0,0,0,0,NO_DATA,0,0,0,0,0,0,0,0,0,0,0,0,0,0,0,0,0,0,0,0,0,0,0,OK,0,,0,NONE,,,RECOVERING,0,,0,0,0,0,0,0,0,1,0,0,0,0,0,0,0,0,0,0,0,0,0,0,0,0,0,0,0,19,11,8,0,0,battery?,,TIMEOUT,2391,60928,1819
E3-STATE-CLI-001,telemetry-cli-baseline,Telemetry continuity without GUI,STATE_WATCH,116620,467,0,0,0,0,0,0,,,ERROR,,,,1180,1180,0,4,0,9.89867,9.95896,83,101,1308,806,686,4,4,1,OK,100,0,0,0,0,0,0,0,0,0,0,0,0,0,0,-1,0,-1,0,0,0,0,0,0,NO_DATA,0,0,0,0,0,0,0,0,0,0,0,0,0,0,0,0,0,0,0,0,0,0,0,OK,0,,0,NONE,,,RECOVERING,0,,0,0,0,0,0,0,0,1,0,0,0,0,0,0,0,0,0,0,0,0,0,0,0,0,0,0,0,19,11,8,0,0,battery?,,TIMEOUT,2391,61178,2069
E3-STATE-CLI-001,telemetry-cli-baseline,Telemetry continuity without GUI,STATE_WATCH,116870,468,0,0,0,0,0,0,,,ERROR,,,,1183,1183,0,4,0,9.89311,9.92767,30,101,1308,806,686,4,4,1,OK,100,0,0,0,0,0,0,0,0,0,0,0,0,0,0,-1,0,-1,0,0,0,0,0,0,NO_DATA,0,0,0,0,0,0,0,0,0,0,0,0,0,0,0,0,0,0,0,0,0,0,0,OK,0,,0,NONE,,,RECOVERING,0,,0,0,0,0,0,0,0,1,0,0,0,0,0,0,0,0,0,0,0,0,0,0,0,0,0,0,0,19,11,8,0,0,battery?,,TIMEOUT,2391,61428,2319
E3-STATE-CLI-001,telemetry-cli-baseline,Telemetry continuity without GUI,STATE_WATCH,117120,469,0,0,0,0,0,0,,,ERROR,,,,1186,1186,0,4,0,19.585,11.8523,27,51,1308,806,686,4,4,1,OK,100,0,0,0,0,0,0,0,0,0,0,0,0,0,0,-1,0,-1,0,0,0,0,0,0,NO_DATA,0,0,0,0,0,0,0,0,0,0,0,0,0,0,0,0,0,0,0,0,0,0,0,OK,0,,0,NONE,,,RECOVERING,0,,0,0,0,0,0,0,0,1,0,0,0,0,0,0,0,0,0,0,0,0,0,0,0,0,0,0,0,19,11,8,0,0,battery?,,TIMEOUT,2391,61679,2569
E3-STATE-CLI-001,telemetry-cli-baseline,Telemetry continuity without GUI,STATE_WATCH,117371,470,0,0,0,0,0,0,,,ERROR,,,,1188,1188,0,4,0,9.91066,10.6255,25,100,1308,806,686,4,4,1,OK,100,0,0,0,0,0,0,0,0,0,0,0,0,0,0,-1,0,-1,0,0,0,0,0,0,NO_DATA,0,0,0,0,0,0,0,0,0,0,0,0,0,0,0,0,0,0,0,0,0,0,0,OK,0,,0,NONE,,,RECOVERING,0,,0,0,0,0,0,0,0,1,0,0,0,0,0,0,0,0,0,0,0,0,0,0,0,0,0,0,0,19,11,8,0,0,battery?,,TIMEOUT,2391,61929,2820
E3-STATE-CLI-001,telemetry-cli-baseline,Telemetry continuity without GUI,STATE_WATCH,117621,471,0,0,0,0,0,0,,,ERROR,,,,1191,1191,0,4,0,9.89618,11.8666,23,101,1308,806,686,4,4,1,OK,100,0,0,0,0,0,0,0,0,0,0,0,0,0,0,-1,0,-1,0,0,0,0,0,0,NO_DATA,0,0,0,0,0,0,0,0,0,0,0,0,0,0,0,0,0,0,0,0,0,0,0,OK,0,,0,NONE,,,RECOVERING,0,,0,0,0,0,0,0,0,1,0,0,0,0,0,0,0,0,0,0,0,0,0,0,0,0,0,0,0,19,11,8,0,0,battery?,,TIMEOUT,2391,62179,3070
E3-STATE-CLI-001,telemetry-cli-baseline,Telemetry continuity without GUI,STATE_WATCH,117871,472,0,0,0,0,0,0,,,ERROR,,,,1193,1193,0,4,0,9.77347,11.1325,70,102,1308,806,686,4,4,1,OK,100,0,0,0,0,0,0,0,0,0,0,0,0,0,0,-1,0,-1,0,0,0,0,0,0,NO_DATA,0,0,0,0,0,0,0,0,0,0,0,0,0,0,0,0,0,0,0,0,0,0,0,OK,0,,0,NONE,,,RECOVERING,0,,0,0,0,0,0,0,0,1,0,0,0,0,0,0,0,0,0,0,0,0,0,0,0,0,0,0,0,19,11,8,0,0,battery?,,TIMEOUT,2391,62429,3320
E3-STATE-CLI-001,telemetry-cli-baseline,Telemetry continuity without GUI,STATE_WATCH,118121,473,0,0,0,0,0,0,,,ERROR,,,,1196,1196,0,4,0,9.89026,10.5469,18,101,1308,806,686,4,4,1,OK,100,0,0,0,0,0,0,0,0,0,0,0,0,0,0,-1,0,-1,0,0,0,0,0,0,NO_DATA,0,0,0,0,0,0,0,0,0,0,0,0,0,0,0,0,0,0,0,0,0,0,0,OK,0,,0,NONE,,,RECOVERING,0,,0,0,0,0,0,0,0,1,0,0,0,0,0,0,0,0,0,0,0,0,0,0,0,0,0,0,0,19,11,8,0,0,battery?,,TIMEOUT,2391,62679,3570
E3-STATE-CLI-001,telemetry-cli-baseline,Telemetry continuity without GUI,STATE_WATCH,118372,474,0,0,0,0,0,0,,,ERROR,,,,1198,1198,0,4,0,9.9083,10.3138,66,100,1308,806,686,4,4,1,OK,100,0,0,0,0,0,0,0,0,0,0,0,0,0,0,-1,0,-1,0,0,0,0,0,0,NO_DATA,0,0,0,0,0,0,0,0,0,0,0,0,0,0,0,0,0,0,0,0,0,0,0,OK,0,,0,NONE,,,RECOVERING,0,,0,0,0,0,0,0,0,1,0,0,0,0,0,0,0,0,0,0,0,0,0,0,0,0,0,0,0,19,11,8,0,0,battery?,,TIMEOUT,2391,62930,3820
E3-STATE-CLI-001,telemetry-cli-baseline,Telemetry continuity without GUI,STATE_WATCH,118622,475,0,0,0,0,0,0,,,ERROR,,,,1201,1201,0,4,0,9.88717,10.1097,13,101,1308,806,686,4,4,1,OK,100,0,0,0,0,0,0,0,0,0,0,0,0,0,0,-1,0,-1,0,0,0,0,0,0,NO_DATA,0,0,0,0,0,0,0,0,0,0,0,0,0,0,0,0,0,0,0,0,0,0,0,OK,0,,0,NONE,,,RECOVERING,0,,0,0,0,0,0,0,0,1,0,0,0,0,0,0,0,0,0,0,0,0,0,0,0,0,0,0,0,19,11,8,0,0,battery?,,TIMEOUT,2391,63180,4071
E3-STATE-CLI-001,telemetry-cli-baseline,Telemetry continuity without GUI,STATE_WATCH,118872,476,0,0,0,0,0,0,,,ERROR,,,,1203,1203,0,4,0,9.90641,10.0345,61,100,1308,806,686,4,4,1,OK,100,0,0,0,0,0,0,0,0,0,0,0,0,0,0,-1,0,-1,0,0,0,0,0,0,NO_DATA,0,0,0,0,0,0,0,0,0,0,0,0,0,0,0,0,0,0,0,0,0,0,0,OK,0,,0,NONE,,,RECOVERING,0,,0,0,0,0,0,0,0,1,0,0,0,0,0,0,0,0,0,0,0,0,0,0,0,0,0,0,0,19,11,8,0,0,battery?,,TIMEOUT,2391,63430,4321
E3-STATE-CLI-001,telemetry-cli-baseline,Telemetry continuity without GUI,STATE_WATCH,119122,477,0,0,0,0,0,0,,,ERROR,,,,1206,1206,0,4,0,9.89631,9.96638,8,101,1308,806,686,4,4,1,OK,100,0,0,0,0,0,0,0,0,0,0,0,0,0,0,-1,0,-1,0,0,0,0,0,0,NO_DATA,0,0,0,0,0,0,0,0,0,0,0,0,0,0,0,0,0,0,0,0,0,0,0,OK,0,,0,NONE,,,RECOVERING,0,,0,0,0,0,0,0,0,1,0,0,0,0,0,0,0,0,0,0,0,0,0,0,0,0,0,0,0,19,11,8,0,0,battery?,,TIMEOUT,2391,63680,4571
E3-STATE-CLI-001,telemetry-cli-baseline,Telemetry continuity without GUI,STATE_WATCH,119372,478,0,0,0,0,0,0,,,ERROR,,,,1208,1208,0,4,0,9.92084,9.94448,57,100,1308,806,686,4,4,1,OK,100,0,0,0,0,0,0,0,0,0,0,0,0,0,0,-1,0,-1,0,0,0,0,0,0,NO_DATA,0,0,0,0,0,0,0,0,0,0,0,0,0,0,0,0,0,0,0,0,0,0,0,OK,0,,0,NONE,,,RECOVERING,0,,0,0,0,0,0,0,0,1,0,0,0,0,0,0,0,0,0,0,0,0,0,0,0,0,0,0,0,19,11,8,0,0,battery?,,TIMEOUT,2391,63930,4821
E3-STATE-CLI-001,telemetry-cli-baseline,Telemetry continuity without GUI,STATE_WATCH,119622,479,0,0,0,0,0,0,,,ERROR,,,,1211,1211,0,4,0,9.88611,9.91967,4,101,1308,806,686,4,4,1,OK,100,0,0,0,0,0,0,0,0,0,0,0,0,0,0,-1,0,-1,0,0,0,0,0,0,NO_DATA,0,0,0,0,0,0,0,0,0,0,0,0,0,0,0,0,0,0,0,0,0,0,0,OK,0,,0,NONE,,,RECOVERING,0,,0,0,0,0,0,0,0,1,0,0,0,0,0,0,0,0,0,0,0,0,0,0,0,0,0,0,0,19,11,8,0,0,battery?,,TIMEOUT,2391,64181,5071
E3-STATE-CLI-001,telemetry-cli-baseline,Telemetry continuity without GUI,STATE_WATCH,119873,480,0,0,0,0,0,0,,,ERROR,,,,1213,1213,0,4,0,9.89388,9.91261,52,101,1308,806,686,4,4,1,OK,100,0,0,0,0,0,0,0,0,0,0,0,0,0,0,-1,0,-1,0,0,0,0,0,0,NO_DATA,0,0,0,0,0,0,0,0,0,0,0,0,0,0,0,0,0,0,0,0,0,0,0,OK,0,,0,NONE,,,RECOVERING,0,,0,0,0,0,0,0,0,1,0,0,0,0,0,0,0,0,0,0,0,0,0,0,0,0,0,0,0,19,11,8,0,0,battery?,,TIMEOUT,2391,64431,5322
E3-STATE-CLI-001,telemetry-cli-baseline,Telemetry continuity without GUI,STATE_WATCH,120123,481,0,0,0,0,0,0,,,ERROR,,,,1215,1215,0,4,0,9.9021,9.90839,100,100,1308,806,686,4,4,1,OK,100,0,0,0,0,0,0,0,0,0,0,0,0,0,0,-1,0,-1,0,0,0,0,0,0,NO_DATA,0,0,0,0,0,0,0,0,0,0,0,0,0,0,0,0,0,0,0,0,0,0,0,OK,0,,0,NONE,,,RECOVERING,0,,0,0,0,0,0,0,0,1,0,0,0,0,0,0,0,0,0,0,0,0,0,0,0,0,0,0,0,19,11,8,0,0,battery?,,TIMEOUT,2391,64681,5572
E3-STATE-CLI-001,telemetry-cli-baseline,Telemetry continuity without GUI,STATE_WATCH,120373,482,0,0,0,0,0,0,,,ERROR,,,,1218,1218,0,4,0,9.89366,9.9015,47,101,1308,806,686,4,4,1,OK,100,0,0,0,0,0,0,0,0,0,0,0,0,0,0,-1,0,-1,0,0,0,0,0,0,NO_DATA,0,0,0,0,0,0,0,0,0,0,0,0,0,0,0,0,0,0,0,0,0,0,0,OK,0,,0,NONE,,,RECOVERING,0,,0,0,0,0,0,0,0,1,0,0,0,0,0,0,0,0,0,0,0,0,0,0,0,0,0,0,0,19,11,8,0,0,battery?,,TIMEOUT,2391,64931,5822
E3-STATE-CLI-001,telemetry-cli-baseline,Telemetry continuity without GUI,STATE_WATCH,120623,483,0,0,0,0,0,0,,,ERROR,,,,1221,1221,0,4,0,9.89874,11.4841,45,101,1308,806,686,4,4,1,OK,100,0,0,0,0,0,0,0,0,0,0,0,0,0,0,-1,0,-1,0,0,0,0,0,0,NO_DATA,0,0,0,0,0,0,0,0,0,0,0,0,0,0,0,0,0,0,0,0,0,0,0,OK,0,,0,NONE,,,RECOVERING,0,,0,0,0,0,0,0,0,1,0,0,0,0,0,0,0,0,0,0,0,0,0,0,0,0,0,0,0,19,11,8,0,0,battery?,,TIMEOUT,2391,65181,6072
E3-STATE-CLI-001,telemetry-cli-baseline,Telemetry continuity without GUI,STATE_WATCH,120874,484,0,0,0,0,0,0,,,ERROR,,,,1223,1223,0,4,0,10.4179,10.9396,93,95,1308,806,686,4,4,1,OK,100,0,0,0,0,0,0,0,0,0,0,0,0,0,0,-1,0,-1,0,0,0,0,0,0,NO_DATA,0,0,0,0,0,0,0,0,0,0,0,0,0,0,0,0,0,0,0,0,0,0,0,OK,0,,0,NONE,,,RECOVERING,0,,0,0,0,0,0,0,0,1,0,0,0,0,0,0,0,0,0,0,0,0,0,0,0,0,0,0,0,19,11,8,0,0,battery?,,TIMEOUT,2391,65432,6322
E3-STATE-CLI-001,telemetry-cli-baseline,Telemetry continuity without GUI,STATE_WATCH,121124,485,0,0,0,0,0,0,,,ERROR,,,,1226,1226,0,4,0,9.91111,10.4346,40,100,1308,806,686,4,4,1,OK,100,0,0,0,0,0,0,0,0,0,0,0,0,0,0,-1,0,-1,0,0,0,0,0,0,NO_DATA,0,0,0,0,0,0,0,0,0,0,0,0,0,0,0,0,0,0,0,0,0,0,0,OK,0,,0,NONE,,,RECOVERING,0,,0,0,0,0,0,0,0,1,0,0,0,0,0,0,0,0,0,0,0,0,0,0,0,0,0,0,0,19,11,8,0,0,battery?,,TIMEOUT,2391,65682,6573
E3-STATE-CLI-001,telemetry-cli-baseline,Telemetry continuity without GUI,STATE_WATCH,121374,486,0,0,0,0,0,0,,,ERROR,,,,1228,1228,0,4,0,9.90022,10.2397,88,101,1308,806,686,4,4,1,OK,100,0,0,0,0,0,0,0,0,0,0,0,0,0,0,-1,0,-1,0,0,0,0,0,0,NO_DATA,0,0,0,0,0,0,0,0,0,0,0,0,0,0,0,0,0,0,0,0,0,0,0,OK,0,,0,NONE,,,RECOVERING,0,,0,0,0,0,0,0,0,1,0,0,0,0,0,0,0,0,0,0,0,0,0,0,0,0,0,0,0,19,11,8,0,0,battery?,,TIMEOUT,2391,65932,6823
E3-STATE-CLI-001,telemetry-cli-baseline,Telemetry continuity without GUI,STATE_WATCH,121624,487,0,0,0,0,0,0,,,ERROR,,,,1231,1231,0,4,0,9.90946,10.0747,35,100,1308,806,686,4,4,1,OK,100,0,0,0,0,0,0,0,0,0,0,0,0,0,0,-1,0,-1,0,0,0,0,0,0,NO_DATA,0,0,0,0,0,0,0,0,0,0,0,0,0,0,0,0,0,0,0,0,0,0,0,OK,0,,0,NONE,,,RECOVERING,0,,0,0,0,0,0,0,0,1,0,0,0,0,0,0,0,0,0,0,0,0,0,0,0,0,0,0,0,19,11,8,0,0,battery?,,TIMEOUT,2391,66182,7073
E3-STATE-CLI-001,telemetry-cli-baseline,Telemetry continuity without GUI,STATE_WATCH,121874,488,0,0,0,0,0,0,,,ERROR,,,,1233,1233,0,4,0,9.88722,10.0087,83,101,1308,806,686,4,4,1,OK,100,0,0,0,0,0,0,0,0,0,0,0,0,0,0,-1,0,-1,0,0,0,0,0,0,NO_DATA,0,0,0,0,0,0,0,0,0,0,0,0,0,0,0,0,0,0,0,0,0,0,0,OK,0,,0,NONE,,,RECOVERING,0,,0,0,0,0,0,0,0,1,0,0,0,0,0,0,0,0,0,0,0,0,0,0,0,0,0,0,0,19,11,8,0,0,battery?,,TIMEOUT,2391,66432,7323
E3-STATE-CLI-001,telemetry-cli-baseline,Telemetry continuity without GUI,STATE_WATCH,122125,489,0,0,0,0,0,0,,,ERROR,,,,1236,1236,0,4,0,9.89888,9.95589,30,101,1308,806,686,4,4,1,OK,100,0,0,0,0,0,0,0,0,0,0,0,0,0,0,-1,0,-1,0,0,0,0,0,0,NO_DATA,0,0,0,0,0,0,0,0,0,0,0,0,0,0,0,0,0,0,0,0,0,0,0,OK,0,,0,NONE,,,RECOVERING,0,,0,0,0,0,0,0,0,1,0,0,0,0,0,0,0,0,0,0,0,0,0,0,0,0,0,0,0,20,11,9,0,0,battery?,,TIMEOUT,2391,66683,181
E3-STATE-CLI-001,telemetry-cli-baseline,Telemetry continuity without GUI,STATE_WATCH,122375,490,0,0,0,0,0,0,,,ERROR,,,,1238,1238,0,4,0,9.88777,9.93307,78,101,1308,806,686,4,4,1,OK,100,0,0,0,0,0,0,0,0,0,0,0,0,0,0,-1,0,-1,0,0,0,0,0,0,NO_DATA,0,0,0,0,0,0,0,0,0,0,0,0,0,0,0,0,0,0,0,0,0,0,0,OK,0,,0,NONE,,,RECOVERING,0,,0,0,0,0,0,0,0,1,0,0,0,0,0,0,0,0,0,0,0,0,0,0,0,0,0,0,0,20,11,9,0,0,battery?,,TIMEOUT,2391,66933,432
E3-STATE-CLI-001,telemetry-cli-baseline,Telemetry continuity without GUI,STATE_WATCH,122625,491,0,0,0,0,0,0,,,ERROR,,,,1241,1241,0,4,0,9.6308,9.86355,23,103,1308,806,686,4,4,1,OK,100,0,0,0,0,0,0,0,0,0,0,0,0,0,0,-1,0,-1,0,0,0,0,0,0,NO_DATA,0,0,0,0,0,0,0,0,0,0,0,0,0,0,0,0,0,0,0,0,0,0,0,OK,0,,0,NONE,,,RECOVERING,0,,0,0,0,0,0,0,0,1,0,0,0,0,0,0,0,0,0,0,0,0,0,0,0,0,0,0,0,20,11,9,0,0,battery?,,TIMEOUT,2391,67183,682
E3-STATE-CLI-001,telemetry-cli-baseline,Telemetry continuity without GUI,STATE_WATCH,122875,492,0,0,0,0,0,0,,,ERROR,,,,1243,1243,0,4,0,9.88265,9.91872,74,101,1308,806,686,4,4,1,OK,100,0,0,0,0,0,0,0,0,0,0,0,0,0,0,-1,0,-1,0,0,0,0,0,0,NO_DATA,0,0,0,0,0,0,0,0,0,0,0,0,0,0,0,0,0,0,0,0,0,0,0,OK,0,,0,NONE,,,RECOVERING,0,,0,0,0,0,0,0,0,1,0,0,0,0,0,0,0,0,0,0,0,0,0,0,0,0,0,0,0,20,11,9,0,0,battery?,,TIMEOUT,2391,67433,932
E3-STATE-CLI-001,telemetry-cli-baseline,Telemetry continuity without GUI,STATE_WATCH,123125,493,0,0,0,0,0,0,,,ERROR,,,,1246,1246,0,4,0,9.89789,9.91107,21,101,1308,806,686,4,4,1,OK,100,0,0,0,0,0,0,0,0,0,0,0,0,0,0,-1,0,-1,0,0,0,0,0,0,NO_DATA,0,0,0,0,0,0,0,0,0,0,0,0,0,0,0,0,0,0,0,0,0,0,0,OK,0,,0,NONE,,,RECOVERING,0,,0,0,0,0,0,0,0,1,0,0,0,0,0,0,0,0,0,0,0,0,0,0,0,0,0,0,0,20,11,9,0,0,battery?,,TIMEOUT,2391,67683,1182
E3-STATE-CLI-001,telemetry-cli-baseline,Telemetry continuity without GUI,STATE_WATCH,123376,494,0,0,0,0,0,0,,,ERROR,,,,1248,1248,0,4,0,9.86083,9.87697,67,101,1308,806,686,4,4,1,OK,100,0,0,0,0,0,0,0,0,0,0,0,0,0,0,-1,0,-1,0,0,0,0,0,0,NO_DATA,0,0,0,0,0,0,0,0,0,0,0,0,0,0,0,0,0,0,0,0,0,0,0,OK,0,,0,NONE,,,RECOVERING,0,,0,0,0,0,0,0,0,1,0,0,0,0,0,0,0,0,0,0,0,0,0,0,0,0,0,0,0,20,11,9,0,0,battery?,,TIMEOUT,2391,67934,1432
E3-STATE-CLI-001,telemetry-cli-baseline,Telemetry continuity without GUI,STATE_WATCH,123626,495,0,0,0,0,0,0,,,ERROR,,,,1251,1251,0,4,0,9.9001,9.91126,16,101,1308,806,686,4,4,1,OK,100,0,0,0,0,0,0,0,0,0,0,0,0,0,0,-1,0,-1,0,0,0,0,0,0,NO_DATA,0,0,0,0,0,0,0,0,0,0,0,0,0,0,0,0,0,0,0,0,0,0,0,OK,0,,0,NONE,,,RECOVERING,0,,0,0,0,0,0,0,0,1,0,0,0,0,0,0,0,0,0,0,0,0,0,0,0,0,0,0,0,20,11,9,0,0,battery?,,TIMEOUT,2391,68184,1683
E3-STATE-CLI-001,telemetry-cli-baseline,Telemetry continuity without GUI,STATE_WATCH,123876,496,0,0,0,0,0,0,,,ERROR,,,,1254,1254,0,4,0,9.9147,11.4933,14,100,1308,806,686,4,4,1,OK,100,0,0,0,0,0,0,0,0,0,0,0,0,0,0,-1,0,-1,0,0,0,0,0,0,NO_DATA,0,0,0,0,0,0,0,0,0,0,0,0,0,0,0,0,0,0,0,0,0,0,0,OK,0,,0,NONE,,,RECOVERING,0,,0,0,0,0,0,0,0,1,0,0,0,0,0,0,0,0,0,0,0,0,0,0,0,0,0,0,0,20,11,9,0,0,battery?,,TIMEOUT,2391,68434,1933
E3-STATE-CLI-001,telemetry-cli-baseline,Telemetry continuity without GUI,STATE_WATCH,124126,497,0,0,0,0,0,0,,,ERROR,,,,1256,1256,0,4,0,9.89987,10.9202,62,101,1308,806,686,4,4,1,OK,100,0,0,0,0,0,0,0,0,0,0,0,0,0,0,-1,0,-1,0,0,0,0,0,0,NO_DATA,0,0,0,0,0,0,0,0,0,0,0,0,0,0,0,0,0,0,0,0,0,0,0,OK,0,,0,NONE,,,RECOVERING,0,,0,0,0,0,0,0,0,1,0,0,0,0,0,0,0,0,0,0,0,0,0,0,0,0,0,0,0,20,11,9,0,0,battery?,,TIMEOUT,2391,68684,2183
E3-STATE-CLI-001,telemetry-cli-baseline,Telemetry continuity without GUI,STATE_WATCH,124376,498,0,0,0,0,0,0,,,ERROR,,,,1259,1259,0,4,0,10.4811,10.5382,15,95,1308,806,686,4,4,1,OK,100,0,0,0,0,0,0,0,0,0,0,0,0,0,0,-1,0,-1,0,0,0,0,0,0,NO_DATA,0,0,0,0,0,0,0,0,0,0,0,0,0,0,0,0,0,0,0,0,0,0,0,OK,0,,0,NONE,,,RECOVERING,0,,0,0,0,0,0,0,0,1,0,0,0,0,0,0,0,0,0,0,0,0,0,0,0,0,0,0,0,20,11,9,0,0,battery?,,TIMEOUT,2391,68934,2433
E3-STATE-CLI-001,telemetry-cli-baseline,Telemetry continuity without GUI,STATE_WATCH,124626,499,0,0,0,0,0,0,,,ERROR,,,,1261,1261,0,4,0,10.5333,10.5343,75,94,1308,806,686,4,4,1,OK,100,0,0,0,0,0,0,0,0,0,0,0,0,0,0,-1,0,-1,0,0,0,0,0,0,NO_DATA,0,0,0,0,0,0,0,0,0,0,0,0,0,0,0,0,0,0,0,0,0,0,0,OK,0,,0,NONE,,,RECOVERING,0,,0,0,0,0,0,0,0,1,0,0,0,0,0,0,0,0,0,0,0,0,0,0,0,0,0,0,0,20,11,9,0,0,battery?,,TIMEOUT,2391,69185,2683
E3-STATE-CLI-001,telemetry-cli-baseline,Telemetry continuity without GUI,STATE_WATCH,124877,500,0,0,0,0,0,0,,,ERROR,,,,1264,1264,0,4,0,10.5306,10.5308,40,94,1308,806,686,4,4,1,OK,100,0,0,0,0,0,0,0,0,0,0,0,0,0,0,-1,0,-1,0,0,0,0,0,0,NO_DATA,0,0,0,0,0,0,0,0,0,0,0,0,0,0,0,0,0,0,0,0,0,0,0,OK,0,,0,NONE,,,RECOVERING,0,,0,0,0,0,0,0,0,1,0,0,0,0,0,0,0,0,0,0,0,0,0,0,0,0,0,0,0,20,11,9,0,0,battery?,,TIMEOUT,2391,69435,2934
E3-STATE-CLI-001,telemetry-cli-baseline,Telemetry continuity without GUI,STATE_WATCH,125127,501,0,0,0,0,0,0,,,ERROR,,,,1267,1267,0,4,0,10.5255,10.5269,5,95,1308,806,686,4,4,1,OK,100,0,0,0,0,0,0,0,0,0,0,0,0,0,0,-1,0,-1,0,0,0,0,0,0,NO_DATA,0,0,0,0,0,0,0,0,0,0,0,0,0,0,0,0,0,0,0,0,0,0,0,OK,0,,0,NONE,,,RECOVERING,0,,0,0,0,0,0,0,0,1,0,0,0,0,0,0,0,0,0,0,0,0,0,0,0,0,0,0,0,20,11,9,0,0,battery?,,TIMEOUT,2391,69685,3184
E3-STATE-CLI-001,telemetry-cli-baseline,Telemetry continuity without GUI,STATE_WATCH,125377,502,0,0,0,0,0,0,,,ERROR,,,,1269,1269,0,4,0,10.496,10.5215,65,95,1308,806,686,4,4,1,OK,100,0,0,0,0,0,0,0,0,0,0,0,0,0,0,-1,0,-1,0,0,0,0,0,0,NO_DATA,0,0,0,0,0,0,0,0,0,0,0,0,0,0,0,0,0,0,0,0,0,0,0,OK,0,,0,NONE,,,RECOVERING,0,,0,0,0,0,0,0,0,1,0,0,0,0,0,0,0,0,0,0,0,0,0,0,0,0,0,0,0,20,11,9,0,0,battery?,,TIMEOUT,2391,69935,3434
E3-STATE-CLI-001,telemetry-cli-baseline,Telemetry continuity without GUI,STATE_WATCH,125627,503,0,0,0,0,0,0,,,ERROR,,,,1272,1272,0,4,0,10.5242,10.5272,31,95,1308,806,686,4,4,1,OK,100,0,0,0,0,0,0,0,0,0,0,0,0,0,0,-1,0,-1,0,0,0,0,0,0,NO_DATA,0,0,0,0,0,0,0,0,0,0,0,0,0,0,0,0,0,0,0,0,0,0,0,OK,0,,0,NONE,,,RECOVERING,0,,0,0,0,0,0,0,0,1,0,0,0,0,0,0,0,0,0,0,0,0,0,0,0,0,0,0,0,20,11,9,0,0,battery?,,TIMEOUT,2391,70185,3684
E3-STATE-CLI-001,telemetry-cli-baseline,Telemetry continuity without GUI,STATE_WATCH,125877,504,0,0,0,0,0,0,,,ERROR,,,,1274,1274,0,4,0,10.5019,10.5185,90,95,1308,806,686,4,4,1,OK,100,0,0,0,0,0,0,0,0,0,0,0,0,0,0,-1,0,-1,0,0,0,0,0,0,NO_DATA,0,0,0,0,0,0,0,0,0,0,0,0,0,0,0,0,0,0,0,0,0,0,0,OK,0,,0,NONE,,,RECOVERING,0,,0,0,0,0,0,0,0,1,0,0,0,0,0,0,0,0,0,0,0,0,0,0,0,0,0,0,0,20,11,9,0,0,battery?,,TIMEOUT,2391,70435,3934
E3-STATE-CLI-001,telemetry-cli-baseline,Telemetry continuity without GUI,STATE_WATCH,126128,505,0,0,0,0,0,0,,,ERROR,,,,1277,1277,0,4,0,11.0367,10.5539,56,90,1308,806,686,4,4,1,OK,100,0,0,0,0,0,0,0,0,0,0,0,0,0,0,-1,0,-1,0,0,0,0,0,0,NO_DATA,0,0,0,0,0,0,0,0,0,0,0,0,0,0,0,0,0,0,0,0,0,0,0,OK,0,,0,NONE,,,RECOVERING,0,,0,0,0,0,0,0,0,1,0,0,0,0,0,0,0,0,0,0,0,0,0,0,0,0,0,0,0,20,11,9,0,0,battery?,,TIMEOUT,2391,70686,4184
E3-STATE-CLI-001,telemetry-cli-baseline,Telemetry continuity without GUI,STATE_WATCH,126378,506,0,0,0,0,0,0,,,ERROR,,,,1280,1280,0,4,0,10.522,10.5418,21,95,1308,806,686,4,4,1,OK,100,0,0,0,0,0,0,0,0,0,0,0,0,0,0,-1,0,-1,0,0,0,0,0,0,NO_DATA,0,0,0,0,0,0,0,0,0,0,0,0,0,0,0,0,0,0,0,0,0,0,0,OK,0,,0,NONE,,,RECOVERING,0,,0,0,0,0,0,0,0,1,0,0,0,0,0,0,0,0,0,0,0,0,0,0,0,0,0,0,0,20,11,9,0,0,battery?,,TIMEOUT,2391,70936,4435
E3-STATE-CLI-001,telemetry-cli-baseline,Telemetry continuity without GUI,STATE_WATCH,126628,507,0,0,0,0,0,0,,,ERROR,,,,1282,1282,0,4,0,10.5265,10.5367,81,94,1308,806,686,4,4,1,OK,100,0,0,0,0,0,0,0,0,0,0,0,0,0,0,-1,0,-1,0,0,0,0,0,0,NO_DATA,0,0,0,0,0,0,0,0,0,0,0,0,0,0,0,0,0,0,0,0,0,0,0,OK,0,,0,NONE,,,RECOVERING,0,,0,0,0,0,0,0,0,1,0,0,0,0,0,0,0,0,0,0,0,0,0,0,0,0,0,0,0,20,11,9,0,0,battery?,,TIMEOUT,2391,71186,4685
E3-STATE-CLI-001,telemetry-cli-baseline,Telemetry continuity without GUI,STATE_WATCH,126878,508,0,0,0,0,0,0,,,ERROR,,,,1285,1285,0,4,0,10.5177,10.5295,46,95,1308,806,686,4,4,1,OK,100,0,0,0,0,0,0,0,0,0,0,0,0,0,0,-1,0,-1,0,0,0,0,0,0,NO_DATA,0,0,0,0,0,0,0,0,0,0,0,0,0,0,0,0,0,0,0,0,0,0,0,OK,0,,0,NONE,,,RECOVERING,0,,0,0,0,0,0,0,0,1,0,0,0,0,0,0,0,0,0,0,0,0,0,0,0,0,0,0,0,20,11,9,0,0,battery?,,TIMEOUT,2391,71436,4935
E3-STATE-CLI-001,telemetry-cli-baseline,Telemetry continuity without GUI,STATE_WATCH,127128,509,0,0,0,0,0,0,,,ERROR,,,,1288,1288,0,4,0,21.0219,13.4024,59,47,1308,806,686,4,4,1,OK,100,0,0,0,0,0,0,0,0,0,0,0,0,0,0,-1,0,-1,0,0,0,0,0,0,NO_DATA,0,0,0,0,0,0,0,0,0,0,0,0,0,0,0,0,0,0,0,0,0,0,0,OK,0,,0,NONE,,,RECOVERING,0,,0,0,0,0,0,0,0,1,0,0,0,0,0,0,0,0,0,0,0,0,0,0,0,0,0,0,0,20,11,9,0,0,battery?,,TIMEOUT,2391,71686,5185
E3-STATE-CLI-001,telemetry-cli-baseline,Telemetry continuity without GUI,STATE_WATCH,127378,510,0,0,0,0,0,0,,,ERROR,,,,1291,1291,0,4,0,10.5164,11.9962,24,95,1308,806,686,4,4,1,OK,100,0,0,0,0,0,0,0,0,0,0,0,0,0,0,-1,0,-1,0,0,0,0,0,0,NO_DATA,0,0,0,0,0,0,0,0,0,0,0,0,0,0,0,0,0,0,0,0,0,0,0,OK,0,,0,NONE,,,RECOVERING,0,,0,0,0,0,0,0,0,1,0,0,0,0,0,0,0,0,0,0,0,0,0,0,0,0,0,0,0,20,11,9,0,0,battery?,,TIMEOUT,2391,71937,5435
E3-STATE-CLI-001,telemetry-cli-baseline,Telemetry continuity without GUI,STATE_WATCH,127629,511,0,0,0,0,0,0,,,ERROR,,,,1293,1293,0,4,0,10.4744,11.4587,84,95,1308,806,686,4,4,1,OK,100,0,0,0,0,0,0,0,0,0,0,0,0,0,0,-1,0,-1,0,0,0,0,0,0,NO_DATA,0,0,0,0,0,0,0,0,0,0,0,0,0,0,0,0,0,0,0,0,0,0,0,OK,0,,0,NONE,,,RECOVERING,0,,0,0,0,0,0,0,0,1,0,0,0,0,0,0,0,0,0,0,0,0,0,0,0,0,0,0,0,20,11,9,0,0,battery?,,TIMEOUT,2391,72187,5685
E3-STATE-CLI-001,telemetry-cli-baseline,Telemetry continuity without GUI,STATE_WATCH,127879,512,0,0,0,0,0,0,,,ERROR,,,,1296,1296,0,4,0,10.539,11.0103,50,94,1308,806,686,4,4,1,OK,100,0,0,0,0,0,0,0,0,0,0,0,0,0,0,-1,0,-1,0,0,0,0,0,0,NO_DATA,0,0,0,0,0,0,0,0,0,0,0,0,0,0,0,0,0,0,0,0,0,0,0,OK,0,,0,NONE,,,RECOVERING,0,,0,0,0,0,0,0,0,1,0,0,0,0,0,0,0,0,0,0,0,0,0,0,0,0,0,0,0,20,11,9,0,0,battery?,,TIMEOUT,2391,72437,5936
E3-STATE-CLI-001,telemetry-cli-baseline,Telemetry continuity without GUI,STATE_WATCH,128129,513,0,0,0,0,0,0,,,ERROR,,,,1299,1299,0,4,0,10.5249,10.7758,15,95,1308,806,686,4,4,1,OK,100,0,0,0,0,0,0,0,0,0,0,0,0,0,0,-1,0,-1,0,0,0,0,0,0,NO_DATA,0,0,0,0,0,0,0,0,0,0,0,0,0,0,0,0,0,0,0,0,0,0,0,OK,0,,0,NONE,,,RECOVERING,0,,0,0,0,0,0,0,0,1,0,0,0,0,0,0,0,0,0,0,0,0,0,0,0,0,0,0,0,20,11,9,0,0,battery?,,TIMEOUT,2391,72687,6186
E3-STATE-CLI-001,telemetry-cli-baseline,Telemetry continuity without GUI,STATE_WATCH,128379,514,0,0,0,0,0,0,,,ERROR,,,,1301,1301,0,4,0,10.5368,10.6856,75,94,1308,806,686,4,4,1,OK,100,0,0,0,0,0,0,0,0,0,0,0,0,0,0,-1,0,-1,0,0,0,0,0,0,NO_DATA,0,0,0,0,0,0,0,0,0,0,0,0,0,0,0,0,0,0,0,0,0,0,0,OK,0,,0,NONE,,,RECOVERING,0,,0,0,0,0,0,0,0,1,0,0,0,0,0,0,0,0,0,0,0,0,0,0,0,0,0,0,0,20,11,9,0,0,battery?,,TIMEOUT,2391,72937,6436
E3-STATE-CLI-001,telemetry-cli-baseline,Telemetry continuity without GUI,STATE_WATCH,128629,515,0,0,0,0,0,0,,,ERROR,,,,1304,1304,0,4,0,10.568,10.6092,40,94,1308,806,686,4,4,1,OK,100,0,0,0,0,0,0,0,0,0,0,0,0,0,0,-1,0,-1,0,0,0,0,0,0,NO_DATA,0,0,0,0,0,0,0,0,0,0,0,0,0,0,0,0,0,0,0,0,0,0,0,OK,0,,0,NONE,,,RECOVERING,0,,0,0,0,0,0,0,0,1,0,0,0,0,0,0,0,0,0,0,0,0,0,0,0,0,0,0,0,20,11,9,0,0,battery?,,TIMEOUT,2391,73187,6686
E3-STATE-CLI-001,telemetry-cli-baseline,Telemetry continuity without GUI,STATE_WATCH,128880,516,0,0,0,0,0,0,,,ERROR,,,,1307,1307,0,4,0,10.5062,10.5642,5,95,1308,806,686,4,4,1,OK,100,0,0,0,0,0,0,0,0,0,0,0,0,0,0,-1,0,-1,0,0,0,0,0,0,NO_DATA,0,0,0,0,0,0,0,0,0,0,0,0,0,0,0,0,0,0,0,0,0,0,0,OK,0,,0,NONE,,,RECOVERING,0,,0,0,0,0,0,0,0,1,0,0,0,0,0,0,0,0,0,0,0,0,0,0,0,0,0,0,0,20,11,9,0,0,battery?,,TIMEOUT,2391,73438,6936
E3-STATE-CLI-001,telemetry-cli-baseline,Telemetry continuity without GUI,STATE_WATCH,129130,517,0,0,0,0,0,0,,,ERROR,,,,1309,1309,0,4,0,10.5398,10.5541,65,94,1308,806,686,4,4,1,OK,100,0,0,0,0,0,0,0,0,0,0,0,0,0,0,-1,0,-1,0,0,0,0,0,0,NO_DATA,0,0,0,0,0,0,0,0,0,0,0,0,0,0,0,0,0,0,0,0,0,0,0,OK,0,,0,NONE,,,RECOVERING,0,,0,0,0,0,0,0,0,1,0,0,0,0,0,0,0,0,0,0,0,0,0,0,0,0,0,0,0,20,11,9,0,0,battery?,,TIMEOUT,2391,73688,7187
E3-STATE-CLI-001,telemetry-cli-baseline,Telemetry continuity without GUI,STATE_WATCH,129380,518,0,0,0,0,0,0,,,ERROR,,,,1312,1312,0,4,0,10.2768,10.4843,28,97,1308,806,686,4,4,1,OK,100,0,0,0,0,0,0,0,0,0,0,0,0,0,0,-1,0,-1,0,0,0,0,0,0,NO_DATA,0,0,0,0,0,0,0,0,0,0,0,0,0,0,0,0,0,0,0,0,0,0,0,OK,0,,0,NONE,,,RECOVERING,0,,0,0,0,0,0,0,0,1,0,0,0,0,0,0,0,0,0,0,0,0,0,0,0,0,0,0,0,21,11,10,0,0,battery?,,TIMEOUT,2391,73938,45
E3-STATE-CLI-001,telemetry-cli-baseline,Telemetry continuity without GUI,STATE_WATCH,129630,519,0,0,0,0,0,0,,,ERROR,,,,1314,1314,0,4,0,9.91546,10.2938,77,100,1308,806,686,4,4,1,OK,100,0,0,0,0,0,0,0,0,0,0,0,0,0,0,-1,0,-1,0,0,0,0,0,0,NO_DATA,0,0,0,0,0,0,0,0,0,0,0,0,0,0,0,0,0,0,0,0,0,0,0,OK,0,,0,NONE,,,RECOVERING,0,,0,0,0,0,0,0,0,1,0,0,0,0,0,0,0,0,0,0,0,0,0,0,0,0,0,0,0,21,11,10,0,0,battery?,,TIMEOUT,2391,74188,295
E3-STATE-CLI-001,telemetry-cli-baseline,Telemetry continuity without GUI,STATE_WATCH,129880,520,0,0,0,0,0,0,,,ERROR,,,,1317,1317,0,4,0,9.94392,10.1555,28,100,1308,806,686,4,4,1,OK,100,0,0,0,0,0,0,0,0,0,0,0,0,0,0,-1,0,-1,0,0,0,0,0,0,NO_DATA,0,0,0,0,0,0,0,0,0,0,0,0,0,0,0,0,0,0,0,0,0,0,0,OK,0,,0,NONE,,,RECOVERING,0,,0,0,0,0,0,0,0,1,0,0,0,0,0,0,0,0,0,0,0,0,0,0,0,0,0,0,0,21,11,10,0,0,battery?,,TIMEOUT,2391,74438,545
E3-STATE-CLI-001,telemetry-cli-baseline,Telemetry continuity without GUI,STATE_WATCH,130130,521,0,0,0,0,0,0,,,ERROR,,,,1320,1320,0,4,0,19.846,12.0487,28,50,1308,806,686,4,4,1,OK,100,0,0,0,0,0,0,0,0,0,0,0,0,0,0,-1,0,-1,0,0,0,0,0,0,NO_DATA,0,0,0,0,0,0,0,0,0,0,0,0,0,0,0,0,0,0,0,0,0,0,0,OK,0,,0,NONE,,,RECOVERING,0,,0,0,0,0,0,0,0,1,0,0,0,0,0,0,0,0,0,0,0,0,0,0,0,0,0,0,0,21,11,10,0,0,battery?,,TIMEOUT,2391,74688,795
E3-STATE-CLI-001,telemetry-cli-baseline,Telemetry continuity without GUI,STATE_WATCH,130381,522,0,0,0,0,0,0,,,ERROR,,,,1322,1322,0,4,0,9.98976,11.3119,78,100,1308,806,686,4,4,1,OK,100,0,0,0,0,0,0,0,0,0,0,0,0,0,0,-1,0,-1,0,0,0,0,0,0,NO_DATA,0,0,0,0,0,0,0,0,0,0,0,0,0,0,0,0,0,0,0,0,0,0,0,OK,0,,0,NONE,,,RECOVERING,0,,0,0,0,0,0,0,0,1,0,0,0,0,0,0,0,0,0,0,0,0,0,0,0,0,0,0,0,21,11,10,0,0,battery?,,TIMEOUT,2391,74939,1046
E3-STATE-CLI-001,telemetry-cli-baseline,Telemetry continuity without GUI,STATE_WATCH,130631,523,0,0,0,0,0,0,,,ERROR,,,,1325,1325,0,4,0,9.94168,10.6673,28,100,1308,806,686,4,4,1,OK,100,0,0,0,0,0,0,0,0,0,0,0,0,0,0,-1,0,-1,0,0,0,0,0,0,NO_DATA,0,0,0,0,0,0,0,0,0,0,0,0,0,0,0,0,0,0,0,0,0,0,0,OK,0,,0,NONE,,,RECOVERING,0,,0,0,0,0,0,0,0,1,0,0,0,0,0,0,0,0,0,0,0,0,0,0,0,0,0,0,0,21,11,10,0,0,battery?,,TIMEOUT,2391,75189,1296
E3-STATE-CLI-001,telemetry-cli-baseline,Telemetry continuity without GUI,STATE_WATCH,130881,524,0,0,0,0,0,0,,,ERROR,,,,1327,1327,0,4,0,9.94953,10.4075,77,100,1308,806,686,4,4,1,OK,100,0,0,0,0,0,0,0,0,0,0,0,0,0,0,-1,0,-1,0,0,0,0,0,0,NO_DATA,0,0,0,0,0,0,0,0,0,0,0,0,0,0,0,0,0,0,0,0,0,0,0,OK,0,,0,NONE,,,RECOVERING,0,,0,0,0,0,0,0,0,1,0,0,0,0,0,0,0,0,0,0,0,0,0,0,0,0,0,0,0,21,11,10,0,0,battery?,,TIMEOUT,2391,75439,1546
E3-STATE-CLI-001,telemetry-cli-baseline,Telemetry continuity without GUI,STATE_WATCH,131131,525,0,0,0,0,0,0,,,ERROR,,,,1330,1330,0,4,0,10.0051,10.2326,29,99,1308,806,686,4,4,1,OK,100,0,0,0,0,0,0,0,0,0,0,0,0,0,0,-1,0,-1,0,0,0,0,0,0,NO_DATA,0,0,0,0,0,0,0,0,0,0,0,0,0,0,0,0,0,0,0,0,0,0,0,OK,0,,0,NONE,,,RECOVERING,0,,0,0,0,0,0,0,0,1,0,0,0,0,0,0,0,0,0,0,0,0,0,0,0,0,0,0,0,21,11,10,0,0,battery?,,TIMEOUT,2391,75689,1796
E3-STATE-CLI-001,telemetry-cli-baseline,Telemetry continuity without GUI,STATE_WATCH,131382,526,0,0,0,0,0,0,,,ERROR,,,,1332,1332,0,4,0,9.99925,10.1506,79,100,1308,806,686,4,4,1,OK,100,0,0,0,0,0,0,0,0,0,0,0,0,0,0,-1,0,-1,0,0,0,0,0,0,NO_DATA,0,0,0,0,0,0,0,0,0,0,0,0,0,0,0,0,0,0,0,0,0,0,0,OK,0,,0,NONE,,,RECOVERING,0,,0,0,0,0,0,0,0,1,0,0,0,0,0,0,0,0,0,0,0,0,0,0,0,0,0,0,0,21,11,10,0,0,battery?,,TIMEOUT,2391,75940,2046
E3-STATE-CLI-001,telemetry-cli-baseline,Telemetry continuity without GUI,STATE_WATCH,131632,527,0,0,0,0,0,0,,,ERROR,,,,1335,1335,0,4,0,9.87485,10.0523,28,101,1308,806,686,4,4,1,OK,100,0,0,0,0,0,0,0,0,0,0,0,0,0,0,-1,0,-1,0,0,0,0,0,0,NO_DATA,0,0,0,0,0,0,0,0,0,0,0,0,0,0,0,0,0,0,0,0,0,0,0,OK,0,,0,NONE,,,RECOVERING,0,,0,0,0,0,0,0,0,1,0,0,0,0,0,0,0,0,0,0,0,0,0,0,0,0,0,0,0,21,11,10,0,0,battery?,,TIMEOUT,2391,76190,2297
E3-STATE-CLI-001,telemetry-cli-baseline,Telemetry continuity without GUI,STATE_WATCH,131882,528,0,0,0,0,0,0,,,ERROR,,,,1337,1337,0,4,0,9.79477,10.0047,77,102,1308,806,686,4,4,1,OK,100,0,0,0,0,0,0,0,0,0,0,0,0,0,0,-1,0,-1,0,0,0,0,0,0,NO_DATA,0,0,0,0,0,0,0,0,0,0,0,0,0,0,0,0,0,0,0,0,0,0,0,OK,0,,0,NONE,,,RECOVERING,0,,0,0,0,0,0,0,0,1,0,0,0,0,0,0,0,0,0,0,0,0,0,0,0,0,0,0,0,21,11,10,0,0,battery?,,TIMEOUT,2391,76440,2547
E3-STATE-CLI-001,telemetry-cli-baseline,Telemetry continuity without GUI,STATE_WATCH,132132,529,0,0,0,0,0,0,,,ERROR,,,,1340,1340,0,4,0,9.99937,10.0488,30,100,1308,806,686,4,4,1,OK,100,0,0,0,0,0,0,0,0,0,0,0,0,0,0,-1,0,-1,0,0,0,0,0,0,NO_DATA,0,0,0,0,0,0,0,0,0,0,0,0,0,0,0,0,0,0,0,0,0,0,0,OK,0,,0,NONE,,,RECOVERING,0,,0,0,0,0,0,0,0,1,0,0,0,0,0,0,0,0,0,0,0,0,0,0,0,0,0,0,0,21,11,10,0,0,battery?,,TIMEOUT,2391,76690,2797
E3-STATE-CLI-001,telemetry-cli-baseline,Telemetry continuity without GUI,STATE_WATCH,132382,530,0,0,0,0,0,0,,,ERROR,,,,1342,1342,0,4,0,10.0123,10.0256,80,99,1308,806,686,4,4,1,OK,100,0,0,0,0,0,0,0,0,0,0,0,0,0,0,-1,0,-1,0,0,0,0,0,0,NO_DATA,0,0,0,0,0,0,0,0,0,0,0,0,0,0,0,0,0,0,0,0,0,0,0,OK,0,,0,NONE,,,RECOVERING,0,,0,0,0,0,0,0,0,1,0,0,0,0,0,0,0,0,0,0,0,0,0,0,0,0,0,0,0,21,11,10,0,0,battery?,,TIMEOUT,2391,76940,3047
E3-STATE-CLI-001,telemetry-cli-baseline,Telemetry continuity without GUI,STATE_WATCH,132632,531,0,0,0,0,0,0,,,ERROR,,,,1345,1345,0,4,0,10.016,10.0052,30,99,1308,806,686,4,4,1,OK,100,0,0,0,0,0,0,0,0,0,0,0,0,0,0,-1,0,-1,0,0,0,0,0,0,NO_DATA,0,0,0,0,0,0,0,0,0,0,0,0,0,0,0,0,0,0,0,0,0,0,0,OK,0,,0,NONE,,,RECOVERING,0,,0,0,0,0,0,0,0,1,0,0,0,0,0,0,0,0,0,0,0,0,0,0,0,0,0,0,0,21,11,10,0,0,battery?,,TIMEOUT,2391,77191,3297
E3-STATE-CLI-001,telemetry-cli-baseline,Telemetry continuity without GUI,STATE_WATCH,132883,532,0,0,0,0,0,0,,,ERROR,,,,1347,1347,0,4,0,9.8496,9.96876,78,101,1308,806,686,4,4,1,OK,100,0,0,0,0,0,0,0,0,0,0,0,0,0,0,-1,0,-1,0,0,0,0,0,0,NO_DATA,0,0,0,0,0,0,0,0,0,0,0,0,0,0,0,0,0,0,0,0,0,0,0,OK,0,,0,NONE,,,RECOVERING,0,,0,0,0,0,0,0,0,1,0,0,0,0,0,0,0,0,0,0,0,0,0,0,0,0,0,0,0,21,11,10,0,0,battery?,,TIMEOUT,2391,77441,3548
E3-STATE-CLI-001,telemetry-cli-baseline,Telemetry continuity without GUI,STATE_WATCH,133133,533,0,0,0,0,0,0,,,ERROR,,,,1350,1350,0,4,0,10.3513,10.059,32,96,1308,806,686,4,4,1,OK,100,0,0,0,0,0,0,0,0,0,0,0,0,0,0,-1,0,-1,0,0,0,0,0,0,NO_DATA,0,0,0,0,0,0,0,0,0,0,0,0,0,0,0,0,0,0,0,0,0,0,0,OK,0,,0,NONE,,,RECOVERING,0,,0,0,0,0,0,0,0,1,0,0,0,0,0,0,0,0,0,0,0,0,0,0,0,0,0,0,0,21,11,10,0,0,battery?,,TIMEOUT,2391,77691,3798
E3-STATE-CLI-001,telemetry-cli-baseline,Telemetry continuity without GUI,STATE_WATCH,133383,534,0,0,0,0,0,0,,,ERROR,,,,1353,1353,0,4,0,10.0291,11.6516,33,99,1308,806,686,4,4,1,OK,100,0,0,0,0,0,0,0,0,0,0,0,0,0,0,-1,0,-1,0,0,0,0,0,0,NO_DATA,0,0,0,0,0,0,0,0,0,0,0,0,0,0,0,0,0,0,0,0,0,0,0,OK,0,,0,NONE,,,RECOVERING,0,,0,0,0,0,0,0,0,1,0,0,0,0,0,0,0,0,0,0,0,0,0,0,0,0,0,0,0,21,11,10,0,0,battery?,,TIMEOUT,2391,77941,4048
E3-STATE-CLI-001,telemetry-cli-baseline,Telemetry continuity without GUI,STATE_WATCH,133633,535,0,0,0,0,0,0,,,ERROR,,,,1355,1355,0,4,0,9.99719,11.0577,83,100,1308,806,686,4,4,1,OK,100,0,0,0,0,0,0,0,0,0,0,0,0,0,0,-1,0,-1,0,0,0,0,0,0,NO_DATA,0,0,0,0,0,0,0,0,0,0,0,0,0,0,0,0,0,0,0,0,0,0,0,OK,0,,0,NONE,,,RECOVERING,0,,0,0,0,0,0,0,0,1,0,0,0,0,0,0,0,0,0,0,0,0,0,0,0,0,0,0,0,21,11,10,0,0,battery?,,TIMEOUT,2391,78191,4298
E3-STATE-CLI-001,telemetry-cli-baseline,Telemetry continuity without GUI,STATE_WATCH,133883,536,0,0,0,0,0,0,,,ERROR,,,,1358,1358,0,4,0,10.0454,10.5507,34,99,1308,806,686,4,4,1,OK,100,0,0,0,0,0,0,0,0,0,0,0,0,0,0,-1,0,-1,0,0,0,0,0,0,NO_DATA,0,0,0,0,0,0,0,0,0,0,0,0,0,0,0,0,0,0,0,0,0,0,0,OK,0,,0,NONE,,,RECOVERING,0,,0,0,0,0,0,0,0,1,0,0,0,0,0,0,0,0,0,0,0,0,0,0,0,0,0,0,0,21,11,10,0,0,battery?,,TIMEOUT,2391,78442,4548
E3-STATE-CLI-001,telemetry-cli-baseline,Telemetry continuity without GUI,STATE_WATCH,134134,537,0,0,0,0,0,0,,,ERROR,,,,1360,1360,0,4,0,9.9917,10.355,84,100,1308,806,686,4,4,1,OK,100,0,0,0,0,0,0,0,0,0,0,0,0,0,0,-1,0,-1,0,0,0,0,0,0,NO_DATA,0,0,0,0,0,0,0,0,0,0,0,0,0,0,0,0,0,0,0,0,0,0,0,OK,0,,0,NONE,,,RECOVERING,0,,0,0,0,0,0,0,0,1,0,0,0,0,0,0,0,0,0,0,0,0,0,0,0,0,0,0,0,21,11,10,0,0,battery?,,TIMEOUT,2391,78692,4799
E3-STATE-CLI-001,telemetry-cli-baseline,Telemetry continuity without GUI,STATE_WATCH,134384,538,0,0,0,0,0,0,,,ERROR,,,,1363,1363,0,4,0,10.0081,10.1891,35,99,1308,806,686,4,4,1,OK,100,0,0,0,0,0,0,0,0,0,0,0,0,0,0,-1,0,-1,0,0,0,0,0,0,NO_DATA,0,0,0,0,0,0,0,0,0,0,0,0,0,0,0,0,0,0,0,0,0,0,0,OK,0,,0,NONE,,,RECOVERING,0,,0,0,0,0,0,0,0,1,0,0,0,0,0,0,0,0,0,0,0,0,0,0,0,0,0,0,0,21,11,10,0,0,battery?,,TIMEOUT,2391,78942,5049
E3-STATE-CLI-001,telemetry-cli-baseline,Telemetry continuity without GUI,STATE_WATCH,134634,539,0,0,0,0,0,0,,,ERROR,,,,1365,1365,0,4,0,10.013,10.129,86,99,1308,806,686,4,4,1,OK,100,0,0,0,0,0,0,0,0,0,0,0,0,0,0,-1,0,-1,0,0,0,0,0,0,NO_DATA,0,0,0,0,0,0,0,0,0,0,0,0,0,0,0,0,0,0,0,0,0,0,0,OK,0,,0,NONE,,,RECOVERING,0,,0,0,0,0,0,0,0,1,0,0,0,0,0,0,0,0,0,0,0,0,0,0,0,0,0,0,0,21,11,10,0,0,battery?,,TIMEOUT,2391,79192,5299
E3-STATE-CLI-001,telemetry-cli-baseline,Telemetry continuity without GUI,STATE_WATCH,134884,540,0,0,0,0,0,0,,,ERROR,,,,1368,1368,0,4,0,10.0202,10.0714,36,99,1308,806,686,4,4,1,OK,100,0,0,0,0,0,0,0,0,0,0,0,0,0,0,-1,0,-1,0,0,0,0,0,0,NO_DATA,0,0,0,0,0,0,0,0,0,0,0,0,0,0,0,0,0,0,0,0,0,0,0,OK,0,,0,NONE,,,RECOVERING,0,,0,0,0,0,0,0,0,1,0,0,0,0,0,0,0,0,0,0,0,0,0,0,0,0,0,0,0,21,11,10,0,0,battery?,,TIMEOUT,2391,79442,5549
E3-STATE-CLI-001,telemetry-cli-baseline,Telemetry continuity without GUI,STATE_WATCH,135134,541,0,0,0,0,0,0,,,ERROR,,,,1370,1370,0,4,0,10.0071,10.0519,87,99,1308,806,686,4,4,1,OK,100,0,0,0,0,0,0,0,0,0,0,0,0,0,0,-1,0,-1,0,0,0,0,0,0,NO_DATA,0,0,0,0,0,0,0,0,0,0,0,0,0,0,0,0,0,0,0,0,0,0,0,OK,0,,0,NONE,,,RECOVERING,0,,0,0,0,0,0,0,0,1,0,0,0,0,0,0,0,0,0,0,0,0,0,0,0,0,0,0,0,21,11,10,0,0,battery?,,TIMEOUT,2391,79692,5799
E3-STATE-CLI-001,telemetry-cli-baseline,Telemetry continuity without GUI,STATE_WATCH,135385,542,0,0,0,0,0,0,,,ERROR,,,,1373,1373,0,4,0,10.0096,10.0325,37,99,1308,806,686,4,4,1,OK,100,0,0,0,0,0,0,0,0,0,0,0,0,0,0,-1,0,-1,0,0,0,0,0,0,NO_DATA,0,0,0,0,0,0,0,0,0,0,0,0,0,0,0,0,0,0,0,0,0,0,0,OK,0,,0,NONE,,,RECOVERING,0,,0,0,0,0,0,0,0,1,0,0,0,0,0,0,0,0,0,0,0,0,0,0,0,0,0,0,0,21,11,10,0,0,battery?,,TIMEOUT,2391,79943,6049
E3-STATE-CLI-001,telemetry-cli-baseline,Telemetry continuity without GUI,STATE_WATCH,135635,543,0,0,0,0,0,0,,,ERROR,,,,1375,1375,0,4,0,10.0149,10.0263,88,99,1308,806,686,4,4,1,OK,100,0,0,0,0,0,0,0,0,0,0,0,0,0,0,-1,0,-1,0,0,0,0,0,0,NO_DATA,0,0,0,0,0,0,0,0,0,0,0,0,0,0,0,0,0,0,0,0,0,0,0,OK,0,,0,NONE,,,RECOVERING,0,,0,0,0,0,0,0,0,1,0,0,0,0,0,0,0,0,0,0,0,0,0,0,0,0,0,0,0,21,11,10,0,0,battery?,,TIMEOUT,2391,80193,6300
E3-STATE-CLI-001,telemetry-cli-baseline,Telemetry continuity without GUI,STATE_WATCH,135885,544,0,0,0,0,0,0,,,ERROR,,,,1378,1378,0,4,0,10.0089,10.0199,39,99,1308,806,686,4,4,1,OK,100,0,0,0,0,0,0,0,0,0,0,0,0,0,0,-1,0,-1,0,0,0,0,0,0,NO_DATA,0,0,0,0,0,0,0,0,0,0,0,0,0,0,0,0,0,0,0,0,0,0,0,OK,0,,0,NONE,,,RECOVERING,0,,0,0,0,0,0,0,0,1,0,0,0,0,0,0,0,0,0,0,0,0,0,0,0,0,0,0,0,21,11,10,0,0,battery?,,TIMEOUT,2391,80443,6550
E3-STATE-CLI-001,telemetry-cli-baseline,Telemetry continuity without GUI,STATE_WATCH,136135,545,0,0,0,0,0,0,,,ERROR,,,,1380,1380,0,4,0,9.99073,10.0113,89,100,1308,806,686,4,4,1,OK,100,0,0,0,0,0,0,0,0,0,0,0,0,0,0,-1,0,-1,0,0,0,0,0,0,NO_DATA,0,0,0,0,0,0,0,0,0,0,0,0,0,0,0,0,0,0,0,0,0,0,0,OK,0,,0,NONE,,,RECOVERING,0,,0,0,0,0,0,0,0,1,0,0,0,0,0,0,0,0,0,0,0,0,0,0,0,0,0,0,0,21,11,10,0,0,battery?,,TIMEOUT,2391,80693,6800
E3-STATE-CLI-001,telemetry-cli-baseline,Telemetry continuity without GUI,STATE_WATCH,136385,546,0,0,0,0,0,0,,,ERROR,,,,1383,1383,0,4,0,10.0161,10.0174,40,99,1308,806,686,4,4,1,OK,100,0,0,0,0,0,0,0,0,0,0,0,0,0,0,-1,0,-1,0,0,0,0,0,0,NO_DATA,0,0,0,0,0,0,0,0,0,0,0,0,0,0,0,0,0,0,0,0,0,0,0,OK,0,,0,NONE,,,RECOVERING,0,,0,0,0,0,0,0,0,1,0,0,0,0,0,0,0,0,0,0,0,0,0,0,0,0,0,0,0,21,11,10,0,0,battery?,,TIMEOUT,2391,80944,7050
E3-STATE-CLI-001,telemetry-cli-baseline,Telemetry continuity without GUI,STATE_WATCH,136636,547,0,0,0,0,0,0,,,ERROR,,,,1386,1386,0,4,0,10.0166,11.603,40,99,1308,806,686,4,4,1,OK,100,0,0,0,0,0,0,0,0,0,0,0,0,0,0,-1,0,-1,0,0,0,0,0,0,NO_DATA,0,0,0,0,0,0,0,0,0,0,0,0,0,0,0,0,0,0,0,0,0,0,0,OK,0,,0,NONE,,,RECOVERING,0,,0,0,0,0,0,0,0,1,0,0,0,0,0,0,0,0,0,0,0,0,0,0,0,0,0,0,0,21,11,10,0,0,battery?,,TIMEOUT,2391,81194,7301
E3-STATE-CLI-001,telemetry-cli-baseline,Telemetry continuity without GUI,STATE_WATCH,136886,548,0,0,0,0,0,0,,,ERROR,,,,1388,1388,0,4,0,10.0462,11.0325,90,99,1308,806,686,4,4,1,OK,100,0,0,0,0,0,0,0,0,0,0,0,0,0,0,-1,0,-1,0,0,0,0,0,0,NO_DATA,0,0,0,0,0,0,0,0,0,0,0,0,0,0,0,0,0,0,0,0,0,0,0,OK,0,,0,NONE,,,RECOVERING,0,,0,0,0,0,0,0,0,1,0,0,0,0,0,0,0,0,0,0,0,0,0,0,0,0,0,0,0,22,11,11,0,0,battery?,,TIMEOUT,2395,81444,155
E3-STATE-CLI-001,telemetry-cli-baseline,Telemetry continuity without GUI,STATE_WATCH,137136,549,0,0,0,0,0,0,,,ERROR,,,,1391,1391,0,4,0,10.02,10.5357,41,99,1308,806,686,4,4,1,OK,100,0,0,0,0,0,0,0,0,0,0,0,0,0,0,-1,0,-1,0,0,0,0,0,0,NO_DATA,0,0,0,0,0,0,0,0,0,0,0,0,0,0,0,0,0,0,0,0,0,0,0,OK,0,,0,NONE,,,RECOVERING,0,,0,0,0,0,0,0,0,1,0,0,0,0,0,0,0,0,0,0,0,0,0,0,0,0,0,0,0,22,11,11,0,0,battery?,,TIMEOUT,2395,81694,405
E3-STATE-CLI-001,telemetry-cli-baseline,Telemetry continuity without GUI,STATE_WATCH,137386,550,0,0,0,0,0,0,,,ERROR,,,,1393,1393,0,4,0,10.0232,10.3495,92,99,1308,806,686,4,4,1,OK,100,0,0,0,0,0,0,0,0,0,0,0,0,0,0,-1,0,-1,0,0,0,0,0,0,NO_DATA,0,0,0,0,0,0,0,0,0,0,0,0,0,0,0,0,0,0,0,0,0,0,0,OK,0,,0,NONE,,,RECOVERING,0,,0,0,0,0,0,0,0,1,0,0,0,0,0,0,0,0,0,0,0,0,0,0,0,0,0,0,0,22,11,11,0,0,battery?,,TIMEOUT,2395,81944,655
E3-STATE-CLI-001,telemetry-cli-baseline,Telemetry continuity without GUI,STATE_WATCH,137636,551,0,0,0,0,0,0,,,ERROR,,,,1396,1396,0,4,0,10.0546,10.1869,42,99,1308,806,686,4,4,1,OK,100,0,0,0,0,0,0,0,0,0,0,0,0,0,0,-1,0,-1,0,0,0,0,0,0,NO_DATA,0,0,0,0,0,0,0,0,0,0,0,0,0,0,0,0,0,0,0,0,0,0,0,OK,0,,0,NONE,,,RECOVERING,0,,0,0,0,0,0,0,0,1,0,0,0,0,0,0,0,0,0,0,0,0,0,0,0,0,0,0,0,22,11,11,0,0,battery?,,TIMEOUT,2395,82195,905
E3-STATE-CLI-001,telemetry-cli-baseline,Telemetry continuity without GUI,STATE_WATCH,137887,552,0,0,0,0,0,0,,,ERROR,,,,1398,1398,0,4,0,10.1289,10.1303,93,98,1308,806,686,4,4,1,OK,100,0,0,0,0,0,0,0,0,0,0,0,0,0,0,-1,0,-1,0,0,0,0,0,0,NO_DATA,0,0,0,0,0,0,0,0,0,0,0,0,0,0,0,0,0,0,0,0,0,0,0,OK,0,,0,NONE,,,RECOVERING,0,,0,0,0,0,0,0,0,1,0,0,0,0,0,0,0,0,0,0,0,0,0,0,0,0,0,0,0,22,11,11,0,0,battery?,,TIMEOUT,2395,82445,1156
E3-STATE-CLI-001,telemetry-cli-baseline,Telemetry continuity without GUI,STATE_WATCH,138137,553,0,0,0,0,0,0,,,ERROR,,,,1401,1401,0,4,0,9.9975,10.0689,43,100,1308,806,686,4,4,1,OK,100,0,0,0,0,0,0,0,0,0,0,0,0,0,0,-1,0,-1,0,0,0,0,0,0,NO_DATA,0,0,0,0,0,0,0,0,0,0,0,0,0,0,0,0,0,0,0,0,0,0,0,OK,0,,0,NONE,,,RECOVERING,0,,0,0,0,0,0,0,0,1,0,0,0,0,0,0,0,0,0,0,0,0,0,0,0,0,0,0,0,22,11,11,0,0,battery?,,TIMEOUT,2395,82695,1406
E3-STATE-CLI-001,telemetry-cli-baseline,Telemetry continuity without GUI,STATE_WATCH,138387,554,0,0,0,0,0,0,,,ERROR,,,,1403,1403,0,4,0,10.0221,10.0535,94,99,1308,806,686,4,4,1,OK,100,0,0,0,0,0,0,0,0,0,0,0,0,0,0,-1,0,-1,0,0,0,0,0,0,NO_DATA,0,0,0,0,0,0,0,0,0,0,0,0,0,0,0,0,0,0,0,0,0,0,0,OK,0,,0,NONE,,,RECOVERING,0,,0,0,0,0,0,0,0,1,0,0,0,0,0,0,0,0,0,0,0,0,0,0,0,0,0,0,0,22,11,11,0,0,battery?,,TIMEOUT,2395,82945,1656
E3-STATE-CLI-001,telemetry-cli-baseline,Telemetry continuity without GUI,STATE_WATCH,138637,555,0,0,0,0,0,0,,,ERROR,,,,1406,1406,0,4,0,10.0149,10.0347,44,99,1308,806,686,4,4,1,OK,100,0,0,0,0,0,0,0,0,0,0,0,0,0,0,-1,0,-1,0,0,0,0,0,0,NO_DATA,0,0,0,0,0,0,0,0,0,0,0,0,0,0,0,0,0,0,0,0,0,0,0,OK,0,,0,NONE,,,RECOVERING,0,,0,0,0,0,0,0,0,1,0,0,0,0,0,0,0,0,0,0,0,0,0,0,0,0,0,0,0,22,11,11,0,0,battery?,,TIMEOUT,2395,83195,1906
E3-STATE-CLI-001,telemetry-cli-baseline,Telemetry continuity without GUI,STATE_WATCH,138887,556,0,0,0,0,0,0,,,ERROR,,,,1408,1408,0,4,0,10.0044,10.0253,95,99,1308,806,686,4,4,1,OK,100,0,0,0,0,0,0,0,0,0,0,0,0,0,0,-1,0,-1,0,0,0,0,0,0,NO_DATA,0,0,0,0,0,0,0,0,0,0,0,0,0,0,0,0,0,0,0,0,0,0,0,OK,0,,0,NONE,,,RECOVERING,0,,0,0,0,0,0,0,0,1,0,0,0,0,0,0,0,0,0,0,0,0,0,0,0,0,0,0,0,22,11,11,0,0,battery?,,TIMEOUT,2395,83446,2156
E3-STATE-CLI-001,telemetry-cli-baseline,Telemetry continuity without GUI,STATE_WATCH,139138,557,0,0,0,0,0,0,,,ERROR,,,,1411,1411,0,4,0,10.0286,10.0206,46,99,1308,806,686,4,4,1,OK,100,0,0,0,0,0,0,0,0,0,0,0,0,0,0,-1,0,-1,0,0,0,0,0,0,NO_DATA,0,0,0,0,0,0,0,0,0,0,0,0,0,0,0,0,0,0,0,0,0,0,0,OK,0,,0,NONE,,,RECOVERING,0,,0,0,0,0,0,0,0,1,0,0,0,0,0,0,0,0,0,0,0,0,0,0,0,0,0,0,0,22,11,11,0,0,battery?,,TIMEOUT,2395,83696,2407
E3-STATE-CLI-001,telemetry-cli-baseline,Telemetry continuity without GUI,STATE_WATCH,139388,558,0,0,0,0,0,0,,,ERROR,,,,1413,1413,0,4,0,10.0161,10.0191,96,99,1308,806,686,4,4,1,OK,100,0,0,0,0,0,0,0,0,0,0,0,0,0,0,-1,0,-1,0,0,0,0,0,0,NO_DATA,0,0,0,0,0,0,0,0,0,0,0,0,0,0,0,0,0,0,0,0,0,0,0,OK,0,,0,NONE,,,RECOVERING,0,,0,0,0,0,0,0,0,1,0,0,0,0,0,0,0,0,0,0,0,0,0,0,0,0,0,0,0,22,11,11,0,0,battery?,,TIMEOUT,2395,83946,2657
E3-STATE-CLI-001,telemetry-cli-baseline,Telemetry continuity without GUI,STATE_WATCH,139638,559,0,0,0,0,0,0,,,ERROR,,,,1416,1416,0,4,0,10.008,10.0144,47,99,1308,806,686,4,4,1,OK,100,0,0,0,0,0,0,0,0,0,0,0,0,0,0,-1,0,-1,0,0,0,0,0,0,NO_DATA,0,0,0,0,0,0,0,0,0,0,0,0,0,0,0,0,0,0,0,0,0,0,0,OK,0,,0,NONE,,,RECOVERING,0,,0,0,0,0,0,0,0,1,0,0,0,0,0,0,0,0,0,0,0,0,0,0,0,0,0,0,0,22,11,11,0,0,battery?,,TIMEOUT,2395,84196,2907
E3-STATE-CLI-001,telemetry-cli-baseline,Telemetry continuity without GUI,STATE_WATCH,139888,560,0,0,0,0,0,0,,,ERROR,,,,1419,1419,0,4,0,20.1245,12.0375,47,49,1308,806,686,4,4,1,OK,100,0,0,0,0,0,0,0,0,0,0,0,0,0,0,-1,0,-1,0,0,0,0,0,0,NO_DATA,0,0,0,0,0,0,0,0,0,0,0,0,0,0,0,0,0,0,0,0,0,0,0,OK,0,,0,NONE,,,RECOVERING,0,,0,0,0,0,0,0,0,1,0,0,0,0,0,0,0,0,0,0,0,0,0,0,0,0,0,0,0,22,11,11,0,0,battery?,,TIMEOUT,2395,84446,3157
E3-STATE-CLI-001,telemetry-cli-baseline,Telemetry continuity without GUI,STATE_WATCH,140139,561,0,0,0,0,0,0,,,ERROR,,,,1421,1421,0,4,0,10.0182,11.3109,98,99,1308,806,686,4,4,1,OK,100,0,0,0,0,0,0,0,0,0,0,0,0,0,0,-1,0,-1,0,0,0,0,0,0,NO_DATA,0,0,0,0,0,0,0,0,0,0,0,0,0,0,0,0,0,0,0,0,0,0,0,OK,0,,0,NONE,,,RECOVERING,0,,0,0,0,0,0,0,0,1,0,0,0,0,0,0,0,0,0,0,0,0,0,0,0,0,0,0,0,22,11,11,0,0,battery?,,TIMEOUT,2395,84697,3407
E3-STATE-CLI-001,telemetry-cli-baseline,Telemetry continuity without GUI,STATE_WATCH,140389,562,0,0,0,0,0,0,,,ERROR,,,,1424,1424,0,4,0,10.0141,10.6751,49,99,1308,806,686,4,4,1,OK,100,0,0,0,0,0,0,0,0,0,0,0,0,0,0,-1,0,-1,0,0,0,0,0,0,NO_DATA,0,0,0,0,0,0,0,0,0,0,0,0,0,0,0,0,0,0,0,0,0,0,0,OK,0,,0,NONE,,,RECOVERING,0,,0,0,0,0,0,0,0,1,0,0,0,0,0,0,0,0,0,0,0,0,0,0,0,0,0,0,0,22,11,11,0,0,battery?,,TIMEOUT,2395,84947,3658
E3-STATE-CLI-001,telemetry-cli-baseline,Telemetry continuity without GUI,STATE_WATCH,140639,563,0,0,0,0,0,0,,,ERROR,,,,1426,1426,0,4,0,10.0056,10.4301,99,99,1308,806,686,4,4,1,OK,100,0,0,0,0,0,0,0,0,0,0,0,0,0,0,-1,0,-1,0,0,0,0,0,0,NO_DATA,0,0,0,0,0,0,0,0,0,0,0,0,0,0,0,0,0,0,0,0,0,0,0,OK,0,,0,NONE,,,RECOVERING,0,,0,0,0,0,0,0,0,1,0,0,0,0,0,0,0,0,0,0,0,0,0,0,0,0,0,0,0,22,11,11,0,0,battery?,,TIMEOUT,2395,85197,3908
E3-STATE-CLI-001,telemetry-cli-baseline,Telemetry continuity without GUI,STATE_WATCH,140889,564,0,0,0,0,0,0,,,ERROR,,,,1429,1429,0,4,0,10.0037,10.2146,48,99,1308,806,686,4,4,1,OK,100,0,0,0,0,0,0,0,0,0,0,0,0,0,0,-1,0,-1,0,0,0,0,0,0,NO_DATA,0,0,0,0,0,0,0,0,0,0,0,0,0,0,0,0,0,0,0,0,0,0,0,OK,0,,0,NONE,,,RECOVERING,0,,0,0,0,0,0,0,0,1,0,0,0,0,0,0,0,0,0,0,0,0,0,0,0,0,0,0,0,22,11,11,0,0,battery?,,TIMEOUT,2395,85447,4158
E3-STATE-CLI-001,telemetry-cli-baseline,Telemetry continuity without GUI,STATE_WATCH,141139,565,0,0,0,0,0,0,,,ERROR,,,,1431,1431,0,4,0,9.99236,10.1403,99,100,1308,806,686,4,4,1,OK,100,0,0,0,0,0,0,0,0,0,0,0,0,0,0,-1,0,-1,0,0,0,0,0,0,NO_DATA,0,0,0,0,0,0,0,0,0,0,0,0,0,0,0,0,0,0,0,0,0,0,0,OK,0,,0,NONE,,,RECOVERING,0,,0,0,0,0,0,0,0,1,0,0,0,0,0,0,0,0,0,0,0,0,0,0,0,0,0,0,0,22,11,11,0,0,battery?,,TIMEOUT,2395,85697,4408
E3-STATE-CLI-001,telemetry-cli-baseline,Telemetry continuity without GUI,STATE_WATCH,141390,566,0,0,0,0,0,0,,,ERROR,,,,1434,1434,0,4,0,10.0071,10.0689,49,99,1308,806,686,4,4,1,OK,100,0,0,0,0,0,0,0,0,0,0,0,0,0,0,-1,0,-1,0,0,0,0,0,0,NO_DATA,0,0,0,0,0,0,0,0,0,0,0,0,0,0,0,0,0,0,0,0,0,0,0,OK,0,,0,NONE,,,RECOVERING,0,,0,0,0,0,0,0,0,1,0,0,0,0,0,0,0,0,0,0,0,0,0,0,0,0,0,0,0,22,11,11,0,0,battery?,,TIMEOUT,2395,85948,4658
E3-STATE-CLI-001,telemetry-cli-baseline,Telemetry continuity without GUI,STATE_WATCH,141640,567,0,0,0,0,0,0,,,ERROR,,,,1436,1436,0,4,0,10.004,10.0415,99,99,1308,806,686,4,4,1,OK,100,0,0,0,0,0,0,0,0,0,0,0,0,0,0,-1,0,-1,0,0,0,0,0,0,NO_DATA,0,0,0,0,0,0,0,0,0,0,0,0,0,0,0,0,0,0,0,0,0,0,0,OK,0,,0,NONE,,,RECOVERING,0,,0,0,0,0,0,0,0,1,0,0,0,0,0,0,0,0,0,0,0,0,0,0,0,0,0,0,0,22,11,11,0,0,battery?,,TIMEOUT,2395,86198,4909
E3-STATE-CLI-001,telemetry-cli-baseline,Telemetry continuity without GUI,STATE_WATCH,141890,568,0,0,0,0,0,0,,,ERROR,,,,1439,1439,0,4,0,9.99536,10.0195,49,100,1308,806,686,4,4,1,OK,100,0,0,0,0,0,0,0,0,0,0,0,0,0,0,-1,0,-1,0,0,0,0,0,0,NO_DATA,0,0,0,0,0,0,0,0,0,0,0,0,0,0,0,0,0,0,0,0,0,0,0,OK,0,,0,NONE,,,RECOVERING,0,,0,0,0,0,0,0,0,1,0,0,0,0,0,0,0,0,0,0,0,0,0,0,0,0,0,0,0,22,11,11,0,0,battery?,,TIMEOUT,2395,86448,5159
E3-STATE-CLI-001,telemetry-cli-baseline,Telemetry continuity without GUI,STATE_WATCH,142140,569,0,0,0,0,0,0,,,ERROR,,,,1441,1441,0,4,0,9.99769,10.01,99,100,1308,806,686,4,4,1,OK,100,0,0,0,0,0,0,0,0,0,0,0,0,0,0,-1,0,-1,0,0,0,0,0,0,NO_DATA,0,0,0,0,0,0,0,0,0,0,0,0,0,0,0,0,0,0,0,0,0,0,0,OK,0,,0,NONE,,,RECOVERING,0,,0,0,0,0,0,0,0,1,0,0,0,0,0,0,0,0,0,0,0,0,0,0,0,0,0,0,0,22,11,11,0,0,battery?,,TIMEOUT,2395,86698,5409
E3-STATE-CLI-001,telemetry-cli-baseline,Telemetry continuity without GUI,STATE_WATCH,142390,570,0,0,0,0,0,0,,,ERROR,,,,1444,1444,0,4,0,9.98018,9.99664,49,100,1308,806,686,4,4,1,OK,100,0,0,0,0,0,0,0,0,0,0,0,0,0,0,-1,0,-1,0,0,0,0,0,0,NO_DATA,0,0,0,0,0,0,0,0,0,0,0,0,0,0,0,0,0,0,0,0,0,0,0,OK,0,,0,NONE,,,RECOVERING,0,,0,0,0,0,0,0,0,1,0,0,0,0,0,0,0,0,0,0,0,0,0,0,0,0,0,0,0,22,11,11,0,0,battery?,,TIMEOUT,2395,86948,5659
E3-STATE-CLI-001,telemetry-cli-baseline,Telemetry continuity without GUI,STATE_WATCH,142641,571,0,0,0,0,0,0,,,ERROR,,,,1446,1446,0,4,0,9.98159,9.99731,99,100,1308,806,686,4,4,1,OK,100,0,0,0,0,0,0,0,0,0,0,0,0,0,0,-1,0,-1,0,0,0,0,0,0,NO_DATA,0,0,0,0,0,0,0,0,0,0,0,0,0,0,0,0,0,0,0,0,0,0,0,OK,0,,0,NONE,,,RECOVERING,0,,0,0,0,0,0,0,0,1,0,0,0,0,0,0,0,0,0,0,0,0,0,0,0,0,0,0,0,22,11,11,0,0,battery?,,TIMEOUT,2395,87199,5909
E3-STATE-CLI-001,telemetry-cli-baseline,Telemetry continuity without GUI,STATE_WATCH,142891,572,0,0,0,0,0,0,,,ERROR,,,,1449,1449,0,4,0,19.9608,11.9897,99,50,1308,806,686,4,4,1,OK,100,0,0,0,0,0,0,0,0,0,0,0,0,0,0,-1,0,-1,0,0,0,0,0,0,NO_DATA,0,0,0,0,0,0,0,0,0,0,0,0,0,0,0,0,0,0,0,0,0,0,0,OK,0,,0,NONE,,,RECOVERING,0,,0,0,0,0,0,0,0,1,0,0,0,0,0,0,0,0,0,0,0,0,0,0,0,0,0,0,0,22,11,11,0,0,battery?,,TIMEOUT,2395,87449,6160
E3-STATE-CLI-001,telemetry-cli-baseline,Telemetry continuity without GUI,STATE_WATCH,143141,573,0,0,0,0,0,0,,,ERROR,,,,1452,1452,0,4,0,9.99217,11.0116,48,100,1308,806,686,4,4,1,OK,100,0,0,0,0,0,0,0,0,0,0,0,0,0,0,-1,0,-1,0,0,0,0,0,0,NO_DATA,0,0,0,0,0,0,0,0,0,0,0,0,0,0,0,0,0,0,0,0,0,0,0,OK,0,,0,NONE,,,RECOVERING,0,,0,0,0,0,0,0,0,1,0,0,0,0,0,0,0,0,0,0,0,0,0,0,0,0,0,0,0,22,11,11,0,0,battery?,,TIMEOUT,2395,87699,6410
E3-STATE-CLI-001,telemetry-cli-baseline,Telemetry continuity without GUI,STATE_WATCH,143391,574,0,0,0,0,0,0,,,ERROR,,,,1454,1454,0,4,0,9.99269,10.6472,99,100,1308,806,686,4,4,1,OK,100,0,0,0,0,0,0,0,0,0,0,0,0,0,0,-1,0,-1,0,0,0,0,0,0,NO_DATA,0,0,0,0,0,0,0,0,0,0,0,0,0,0,0,0,0,0,0,0,0,0,0,OK,0,,0,NONE,,,RECOVERING,0,,0,0,0,0,0,0,0,1,0,0,0,0,0,0,0,0,0,0,0,0,0,0,0,0,0,0,0,22,11,11,0,0,battery?,,TIMEOUT,2395,87949,6660
E3-STATE-CLI-001,telemetry-cli-baseline,Telemetry continuity without GUI,STATE_WATCH,143641,575,0,0,0,0,0,0,,,ERROR,,,,1457,1457,0,4,0,9.97536,10.3245,49,100,1308,806,686,4,4,1,OK,100,0,0,0,0,0,0,0,0,0,0,0,0,0,0,-1,0,-1,0,0,0,0,0,0,NO_DATA,0,0,0,0,0,0,0,0,0,0,0,0,0,0,0,0,0,0,0,0,0,0,0,OK,0,,0,NONE,,,RECOVERING,0,,0,0,0,0,0,0,0,1,0,0,0,0,0,0,0,0,0,0,0,0,0,0,0,0,0,0,0,22,11,11,0,0,battery?,,TIMEOUT,2395,88199,6910
E3-STATE-CLI-001,telemetry-cli-baseline,Telemetry continuity without GUI,STATE_WATCH,143892,576,0,0,0,0,0,0,,,ERROR,,,,1459,1459,0,4,0,10.1063,10.2139,99,98,1308,806,686,4,4,1,OK,100,0,0,0,0,0,0,0,0,0,0,0,0,0,0,-1,0,-1,0,0,0,0,0,0,NO_DATA,0,0,0,0,0,0,0,0,0,0,0,0,0,0,0,0,0,0,0,0,0,0,0,OK,0,,0,NONE,,,RECOVERING,0,,0,0,0,0,0,0,0,1,0,0,0,0,0,0,0,0,0,0,0,0,0,0,0,0,0,0,0,22,11,11,0,0,battery?,,TIMEOUT,2395,88450,7160
E3-STATE-CLI-001,telemetry-cli-baseline,Telemetry continuity without GUI,STATE_WATCH,144142,577,0,0,0,0,0,0,,,ERROR,,,,1462,1462,0,4,0,9.91665,10.0908,48,100,1308,806,686,4,4,1,OK,100,0,0,0,0,0,0,0,0,0,0,0,0,0,0,-1,0,-1,0,0,0,0,0,0,NO_DATA,0,0,0,0,0,0,0,0,0,0,0,0,0,0,0,0,0,0,0,0,0,0,0,OK,0,,0,NONE,,,RECOVERING,0,,0,0,0,0,0,0,0,1,0,0,0,0,0,0,0,0,0,0,0,0,0,0,0,0,0,0,0,23,11,12,0,0,battery?,,TIMEOUT,2387,88700,23
E3-STATE-CLI-001,telemetry-cli-baseline,Telemetry continuity without GUI,STATE_WATCH,144392,578,0,0,0,0,0,0,,,ERROR,,,,1464,1464,0,4,0,9.99846,10.0686,99,100,1308,806,686,4,4,1,OK,100,0,0,0,0,0,0,0,0,0,0,0,0,0,0,-1,0,-1,0,0,0,0,0,0,NO_DATA,0,0,0,0,0,0,0,0,0,0,0,0,0,0,0,0,0,0,0,0,0,0,0,OK,0,,0,NONE,,,RECOVERING,0,,0,0,0,0,0,0,0,1,0,0,0,0,0,0,0,0,0,0,0,0,0,0,0,0,0,0,0,23,11,12,0,0,battery?,,TIMEOUT,2387,88950,273
E3-STATE-CLI-001,telemetry-cli-baseline,Telemetry continuity without GUI,STATE_WATCH,144642,579,0,0,0,0,0,0,,,ERROR,,,,1467,1467,0,4,0,9.95999,10.0244,48,100,1308,806,686,4,4,1,OK,100,0,0,0,0,0,0,0,0,0,0,0,0,0,0,-1,0,-1,0,0,0,0,0,0,NO_DATA,0,0,0,0,0,0,0,0,0,0,0,0,0,0,0,0,0,0,0,0,0,0,0,OK,0,,0,NONE,,,RECOVERING,0,,0,0,0,0,0,0,0,1,0,0,0,0,0,0,0,0,0,0,0,0,0,0,0,0,0,0,0,23,11,12,0,0,battery?,,TIMEOUT,2387,89200,523
E3-STATE-CLI-001,telemetry-cli-baseline,Telemetry continuity without GUI,STATE_WATCH,144892,580,0,0,0,0,0,0,,,ERROR,,,,1469,1469,0,4,0,10.0371,10.0209,99,99,1308,806,686,4,4,1,OK,100,0,0,0,0,0,0,0,0,0,0,0,0,0,0,-1,0,-1,0,0,0,0,0,0,NO_DATA,0,0,0,0,0,0,0,0,0,0,0,0,0,0,0,0,0,0,0,0,0,0,0,OK,0,,0,NONE,,,RECOVERING,0,,0,0,0,0,0,0,0,1,0,0,0,0,0,0,0,0,0,0,0,0,0,0,0,0,0,0,0,23,11,12,0,0,battery?,,TIMEOUT,2387,89450,773
E3-STATE-CLI-001,telemetry-cli-baseline,Telemetry continuity without GUI,STATE_WATCH,145143,581,0,0,0,0,0,0,,,ERROR,,,,1472,1472,0,4,0,9.72773,9.95373,46,102,1308,806,686,4,4,1,OK,100,0,0,0,0,0,0,0,0,0,0,0,0,0,0,-1,0,-1,0,0,0,0,0,0,NO_DATA,0,0,0,0,0,0,0,0,0,0,0,0,0,0,0,0,0,0,0,0,0,0,0,OK,0,,0,NONE,,,RECOVERING,0,,0,0,0,0,0,0,0,1,0,0,0,0,0,0,0,0,0,0,0,0,0,0,0,0,0,0,0,23,11,12,0,0,battery?,,TIMEOUT,2387,89701,1024
E3-STATE-CLI-001,telemetry-cli-baseline,Telemetry continuity without GUI,STATE_WATCH,145393,582,0,0,0,0,0,0,,,ERROR,,,,1474,1474,0,4,0,9.9974,10.0134,99,100,1308,806,686,4,4,1,OK,100,0,0,0,0,0,0,0,0,0,0,0,0,0,0,-1,0,-1,0,0,0,0,0,0,NO_DATA,0,0,0,0,0,0,0,0,0,0,0,0,0,0,0,0,0,0,0,0,0,0,0,OK,0,,0,NONE,,,RECOVERING,0,,0,0,0,0,0,0,0,1,0,0,0,0,0,0,0,0,0,0,0,0,0,0,0,0,0,0,0,23,11,12,0,0,battery?,,TIMEOUT,2387,89951,1274
E3-STATE-CLI-001,telemetry-cli-baseline,Telemetry continuity without GUI,STATE_WATCH,145643,583,0,0,0,0,0,0,,,ERROR,,,,1477,1477,0,4,0,9.99394,10.0083,49,100,1308,806,686,4,4,1,OK,100,0,0,0,0,0,0,0,0,0,0,0,0,0,0,-1,0,-1,0,0,0,0,0,0,NO_DATA,0,0,0,0,0,0,0,0,0,0,0,0,0,0,0,0,0,0,0,0,0,0,0,OK,0,,0,NONE,,,RECOVERING,0,,0,0,0,0,0,0,0,1,0,0,0,0,0,0,0,0,0,0,0,0,0,0,0,0,0,0,0,23,11,12,0,0,battery?,,TIMEOUT,2387,90201,1524
E3-STATE-CLI-001,telemetry-cli-baseline,Telemetry continuity without GUI,STATE_WATCH,145893,584,0,0,0,0,0,0,,,ERROR,,,,1479,1479,0,4,0,10.1671,10.0112,99,98,1308,806,686,4,4,1,OK,100,0,0,0,0,0,0,0,0,0,0,0,0,0,0,-1,0,-1,0,0,0,0,0,0,NO_DATA,0,0,0,0,0,0,0,0,0,0,0,0,0,0,0,0,0,0,0,0,0,0,0,OK,0,,0,NONE,,,RECOVERING,0,,0,0,0,0,0,0,0,1,0,0,0,0,0,0,0,0,0,0,0,0,0,0,0,0,0,0,0,23,11,12,0,0,battery?,,TIMEOUT,2387,90451,1774
E3-STATE-CLI-001,telemetry-cli-baseline,Telemetry continuity without GUI,STATE_WATCH,146143,585,0,0,0,0,0,0,,,ERROR,,,,1482,1482,0,4,0,9.99026,10.001,49,100,1308,806,686,4,4,1,OK,100,0,0,0,0,0,0,0,0,0,0,0,0,0,0,-1,0,-1,0,0,0,0,0,0,NO_DATA,0,0,0,0,0,0,0,0,0,0,0,0,0,0,0,0,0,0,0,0,0,0,0,OK,0,,0,NONE,,,RECOVERING,0,,0,0,0,0,0,0,0,1,0,0,0,0,0,0,0,0,0,0,0,0,0,0,0,0,0,0,0,23,11,12,0,0,battery?,,TIMEOUT,2387,90702,2024
E3-STATE-CLI-001,telemetry-cli-baseline,Telemetry continuity without GUI,STATE_WATCH,146394,586,0,0,0,0,0,0,,,ERROR,,,,1485,1485,0,4,0,10.005,11.2907,49,99,1308,806,686,4,4,1,OK,100,0,0,0,0,0,0,0,0,0,0,0,0,0,0,-1,0,-1,0,0,0,0,0,0,NO_DATA,0,0,0,0,0,0,0,0,0,0,0,0,0,0,0,0,0,0,0,0,0,0,0,OK,0,,0,NONE,,,RECOVERING,0,,0,0,0,0,0,0,0,1,0,0,0,0,0,0,0,0,0,0,0,0,0,0,0,0,0,0,0,23,11,12,0,0,battery?,,TIMEOUT,2387,90952,2275
E3-STATE-CLI-001,telemetry-cli-baseline,Telemetry continuity without GUI,STATE_WATCH,146644,587,0,0,0,0,0,0,,,ERROR,,,,1487,1487,0,4,0,9.97863,10.8204,99,100,1308,806,686,4,4,1,OK,100,0,0,0,0,0,0,0,0,0,0,0,0,0,0,-1,0,-1,0,0,0,0,0,0,NO_DATA,0,0,0,0,0,0,0,0,0,0,0,0,0,0,0,0,0,0,0,0,0,0,0,OK,0,,0,NONE,,,RECOVERING,0,,0,0,0,0,0,0,0,1,0,0,0,0,0,0,0,0,0,0,0,0,0,0,0,0,0,0,0,23,11,12,0,0,battery?,,TIMEOUT,2387,91202,2525
E3-STATE-CLI-001,telemetry-cli-baseline,Telemetry continuity without GUI,STATE_WATCH,146894,588,0,0,0,0,0,0,,,ERROR,,,,1490,1490,0,4,0,9.99562,10.4199,49,100,1308,806,686,4,4,1,OK,100,0,0,0,0,0,0,0,0,0,0,0,0,0,0,-1,0,-1,0,0,0,0,0,0,NO_DATA,0,0,0,0,0,0,0,0,0,0,0,0,0,0,0,0,0,0,0,0,0,0,0,OK,0,,0,NONE,,,RECOVERING,0,,0,0,0,0,0,0,0,1,0,0,0,0,0,0,0,0,0,0,0,0,0,0,0,0,0,0,0,23,11,12,0,0,battery?,,TIMEOUT,2387,91452,2775
E3-STATE-CLI-001,telemetry-cli-baseline,Telemetry continuity without GUI,STATE_WATCH,147144,589,0,0,0,0,0,0,,,ERROR,,,,1492,1492,0,4,0,9.91159,10.2496,99,100,1308,806,686,4,4,1,OK,100,0,0,0,0,0,0,0,0,0,0,0,0,0,0,-1,0,-1,0,0,0,0,0,0,NO_DATA,0,0,0,0,0,0,0,0,0,0,0,0,0,0,0,0,0,0,0,0,0,0,0,OK,0,,0,NONE,,,RECOVERING,0,,0,0,0,0,0,0,0,1,0,0,0,0,0,0,0,0,0,0,0,0,0,0,0,0,0,0,0,23,11,12,0,0,battery?,,TIMEOUT,2387,91702,3025
E3-STATE-CLI-001,telemetry-cli-baseline,Telemetry continuity without GUI,STATE_WATCH,147394,590,0,0,0,0,0,0,,,ERROR,,,,1495,1495,0,4,0,9.99768,10.1205,48,100,1308,806,686,4,4,1,OK,100,0,0,0,0,0,0,0,0,0,0,0,0,0,0,-1,0,-1,0,0,0,0,0,0,NO_DATA,0,0,0,0,0,0,0,0,0,0,0,0,0,0,0,0,0,0,0,0,0,0,0,OK,0,,0,NONE,,,RECOVERING,0,,0,0,0,0,0,0,0,1,0,0,0,0,0,0,0,0,0,0,0,0,0,0,0,0,0,0,0,23,11,12,0,0,battery?,,TIMEOUT,2387,91952,3275
E3-STATE-CLI-001,telemetry-cli-baseline,Telemetry continuity without GUI,STATE_WATCH,147645,591,0,0,0,0,0,0,,,ERROR,,,,1497,1497,0,4,0,9.95658,10.0665,98,100,1308,806,686,4,4,1,OK,100,0,0,0,0,0,0,0,0,0,0,0,0,0,0,-1,0,-1,0,0,0,0,0,0,NO_DATA,0,0,0,0,0,0,0,0,0,0,0,0,0,0,0,0,0,0,0,0,0,0,0,OK,0,,0,NONE,,,RECOVERING,0,,0,0,0,0,0,0,0,1,0,0,0,0,0,0,0,0,0,0,0,0,0,0,0,0,0,0,0,23,11,12,0,0,battery?,,TIMEOUT,2387,92203,3525
E3-STATE-CLI-001,telemetry-cli-baseline,Telemetry continuity without GUI,STATE_WATCH,147895,592,0,0,0,0,0,0,,,ERROR,,,,1500,1500,0,4,0,9.98585,10.0348,48,100,1308,806,686,4,4,1,OK,100,0,0,0,0,0,0,0,0,0,0,0,0,0,0,-1,0,-1,0,0,0,0,0,0,NO_DATA,0,0,0,0,0,0,0,0,0,0,0,0,0,0,0,0,0,0,0,0,0,0,0,OK,0,,0,NONE,,,RECOVERING,0,,0,0,0,0,0,0,0,1,0,0,0,0,0,0,0,0,0,0,0,0,0,0,0,0,0,0,0,23,11,12,0,0,battery?,,TIMEOUT,2387,92453,3776
E3-STATE-CLI-001,telemetry-cli-baseline,Telemetry continuity without GUI,STATE_WATCH,148145,593,0,0,0,0,0,0,,,ERROR,,,,1502,1502,0,4,0,9.99561,10.0217,98,100,1308,806,686,4,4,1,OK,100,0,0,0,0,0,0,0,0,0,0,0,0,0,0,-1,0,-1,0,0,0,0,0,0,NO_DATA,0,0,0,0,0,0,0,0,0,0,0,0,0,0,0,0,0,0,0,0,0,0,0,OK,0,,0,NONE,,,RECOVERING,0,,0,0,0,0,0,0,0,1,0,0,0,0,0,0,0,0,0,0,0,0,0,0,0,0,0,0,0,23,11,12,0,0,battery?,,TIMEOUT,2387,92703,4026
E3-STATE-CLI-001,telemetry-cli-baseline,Telemetry continuity without GUI,STATE_WATCH,148395,594,0,0,0,0,0,0,,,ERROR,,,,1505,1505,0,4,0,9.90233,9.99012,48,100,1308,806,686,4,4,1,OK,100,0,0,0,0,0,0,0,0,0,0,0,0,0,0,-1,0,-1,0,0,0,0,0,0,NO_DATA,0,0,0,0,0,0,0,0,0,0,0,0,0,0,0,0,0,0,0,0,0,0,0,OK,0,,0,NONE,,,RECOVERING,0,,0,0,0,0,0,0,0,1,0,0,0,0,0,0,0,0,0,0,0,0,0,0,0,0,0,0,0,23,11,12,0,0,battery?,,TIMEOUT,2387,92953,4276
E3-STATE-CLI-001,telemetry-cli-baseline,Telemetry continuity without GUI,STATE_WATCH,148645,595,0,0,0,0,0,0,,,ERROR,,,,1507,1507,0,4,0,9.74429,9.91387,93,102,1308,806,686,4,4,1,OK,100,0,0,0,0,0,0,0,0,0,0,0,0,0,0,-1,0,-1,0,0,0,0,0,0,NO_DATA,0,0,0,0,0,0,0,0,0,0,0,0,0,0,0,0,0,0,0,0,0,0,0,OK,0,,0,NONE,,,RECOVERING,0,,0,0,0,0,0,0,0,1,0,0,0,0,0,0,0,0,0,0,0,0,0,0,0,0,0,0,0,23,11,12,0,0,battery?,,TIMEOUT,2387,93203,4526
E3-STATE-CLI-001,telemetry-cli-baseline,Telemetry continuity without GUI,STATE_WATCH,148896,596,0,0,0,0,0,0,,,ERROR,,,,1510,1510,0,4,0,9.76297,9.86598,38,102,1308,806,686,4,4,1,OK,100,0,0,0,0,0,0,0,0,0,0,0,0,0,0,-1,0,-1,0,0,0,0,0,0,NO_DATA,0,0,0,0,0,0,0,0,0,0,0,0,0,0,0,0,0,0,0,0,0,0,0,OK,0,,0,NONE,,,RECOVERING,0,,0,0,0,0,0,0,0,1,0,0,0,0,0,0,0,0,0,0,0,0,0,0,0,0,0,0,0,23,11,12,0,0,battery?,,TIMEOUT,2387,93454,4777
E3-STATE-CLI-001,telemetry-cli-baseline,Telemetry continuity without GUI,STATE_WATCH,149146,597,0,0,0,0,0,0,,,ERROR,,,,1512,1512,0,4,0,9.81924,9.86105,86,101,1308,806,686,4,4,1,OK,100,0,0,0,0,0,0,0,0,0,0,0,0,0,0,-1,0,-1,0,0,0,0,0,0,NO_DATA,0,0,0,0,0,0,0,0,0,0,0,0,0,0,0,0,0,0,0,0,0,0,0,OK,0,,0,NONE,,,RECOVERING,0,,0,0,0,0,0,0,0,1,0,0,0,0,0,0,0,0,0,0,0,0,0,0,0,0,0,0,0,23,11,12,0,0,battery?,,TIMEOUT,2387,93704,5027
E3-STATE-CLI-001,telemetry-cli-baseline,Telemetry continuity without GUI,STATE_WATCH,149396,598,0,0,0,0,0,0,,,ERROR,,,,1515,1515,0,4,0,19.7215,11.8229,81,50,1308,806,686,4,4,1,OK,100,0,0,0,0,0,0,0,0,0,0,0,0,0,0,-1,0,-1,0,0,0,0,0,0,NO_DATA,0,0,0,0,0,0,0,0,0,0,0,0,0,0,0,0,0,0,0,0,0,0,0,OK,0,,0,NONE,,,RECOVERING,0,,0,0,0,0,0,0,0,1,0,0,0,0,0,0,0,0,0,0,0,0,0,0,0,0,0,0,0,23,11,12,0,0,battery?,,TIMEOUT,2387,93954,5277
E3-STATE-CLI-001,telemetry-cli-baseline,Telemetry continuity without GUI,STATE_WATCH,149646,599,0,0,0,0,0,0,,,ERROR,,,,1518,1518,0,4,0,9.81216,10.8273,25,101,1308,806,686,4,4,1,OK,100,0,0,0,0,0,0,0,0,0,0,0,0,0,0,-1,0,-1,0,0,0,0,0,0,NO_DATA,0,0,0,0,0,0,0,0,0,0,0,0,0,0,0,0,0,0,0,0,0,0,0,OK,0,,0,NONE,,,RECOVERING,0,,0,0,0,0,0,0,0,1,0,0,0,0,0,0,0,0,0,0,0,0,0,0,0,0,0,0,0,23,11,12,0,0,battery?,,TIMEOUT,2387,94204,5527
E3-STATE-CLI-001,telemetry-cli-baseline,Telemetry continuity without GUI,STATE_WATCH,149896,600,0,0,0,0,0,0,,,ERROR,,,,1520,1520,0,4,0,9.82764,10.4675,72,101,1308,806,686,4,4,1,OK,100,0,0,0,0,0,0,0,0,0,0,0,0,0,0,-1,0,-1,0,0,0,0,0,0,NO_DATA,0,0,0,0,0,0,0,0,0,0,0,0,0,0,0,0,0,0,0,0,0,0,0,OK,0,,0,NONE,,,RECOVERING,0,,0,0,0,0,0,0,0,1,0,0,0,0,0,0,0,0,0,0,0,0,0,0,0,0,0,0,0,23,11,12,0,0,battery?,,TIMEOUT,2387,94455,5777
E3-STATE-CLI-001,telemetry-cli-baseline,Telemetry continuity without GUI,STATE_WATCH,150147,601,0,0,0,0,0,0,,,ERROR,,,,1523,1523,0,4,0,11.0313,10.2388,16,90,1308,806,686,4,4,1,OK,100,0,0,0,0,0,0,0,0,0,0,0,0,0,0,-1,0,-1,0,0,0,0,0,0,NO_DATA,0,0,0,0,0,0,0,0,0,0,0,0,0,0,0,0,0,0,0,0,0,0,0,OK,0,,0,NONE,,,RECOVERING,0,,0,0,0,0,0,0,0,1,0,0,0,0,0,0,0,0,0,0,0,0,0,0,0,0,0,0,0,23,11,12,0,0,battery?,,TIMEOUT,2387,94705,6028
E3-STATE-CLI-001,telemetry-cli-baseline,Telemetry continuity without GUI,STATE_WATCH,150397,602,0,0,0,0,0,0,,,ERROR,,,,1525,1525,0,4,0,9.81765,10.0886,63,101,1308,806,686,4,4,1,OK,100,0,0,0,0,0,0,0,0,0,0,0,0,0,0,-1,0,-1,0,0,0,0,0,0,NO_DATA,0,0,0,0,0,0,0,0,0,0,0,0,0,0,0,0,0,0,0,0,0,0,0,OK,0,,0,NONE,,,RECOVERING,0,,0,0,0,0,0,0,0,1,0,0,0,0,0,0,0,0,0,0,0,0,0,0,0,0,0,0,0,23,11,12,0,0,battery?,,TIMEOUT,2387,94955,6278
E3-STATE-CLI-001,telemetry-cli-baseline,Telemetry continuity without GUI,STATE_WATCH,150647,603,0,0,0,0,0,0,,,ERROR,,,,1528,1528,0,4,0,9.83886,9.95897,8,101,1308,806,686,4,4,1,OK,100,0,0,0,0,0,0,0,0,0,0,0,0,0,0,-1,0,-1,0,0,0,0,0,0,NO_DATA,0,0,0,0,0,0,0,0,0,0,0,0,0,0,0,0,0,0,0,0,0,0,0,OK,0,,0,NONE,,,RECOVERING,0,,0,0,0,0,0,0,0,1,0,0,0,0,0,0,0,0,0,0,0,0,0,0,0,0,0,0,0,23,11,12,0,0,battery?,,TIMEOUT,2387,95205,6528
E3-STATE-CLI-001,telemetry-cli-baseline,Telemetry continuity without GUI,STATE_WATCH,150897,604,0,0,0,0,0,0,,,ERROR,,,,1530,1530,0,4,0,9.78499,9.90463,54,102,1308,806,686,4,4,1,OK,100,0,0,0,0,0,0,0,0,0,0,0,0,0,0,-1,0,-1,0,0,0,0,0,0,NO_DATA,0,0,0,0,0,0,0,0,0,0,0,0,0,0,0,0,0,0,0,0,0,0,0,OK,0,,0,NONE,,,RECOVERING,0,,0,0,0,0,0,0,0,1,0,0,0,0,0,0,0,0,0,0,0,0,0,0,0,0,0,0,0,23,11,12,0,0,battery?,,TIMEOUT,2387,95455,6778
E3-STATE-CLI-001,telemetry-cli-baseline,Telemetry continuity without GUI,STATE_WATCH,151148,605,0,0,0,0,0,0,,,ERROR,,,,1532,1532,0,4,0,9.83937,9.87873,101,101,1308,806,686,4,4,1,OK,100,0,0,0,0,0,0,0,0,0,0,0,0,0,0,-1,0,-1,0,0,0,0,0,0,NO_DATA,0,0,0,0,0,0,0,0,0,0,0,0,0,0,0,0,0,0,0,0,0,0,0,OK,0,,0,NONE,,,RECOVERING,0,,0,0,0,0,0,0,0,1,0,0,0,0,0,0,0,0,0,0,0,0,0,0,0,0,0,0,0,23,11,12,0,0,battery?,,TIMEOUT,2387,95706,7028
E3-STATE-CLI-001,telemetry-cli-baseline,Telemetry continuity without GUI,STATE_WATCH,151398,606,0,0,0,0,0,0,,,ERROR,,,,1535,1535,0,4,0,9.83693,9.85392,46,101,1308,806,686,4,4,1,OK,100,0,0,0,0,0,0,0,0,0,0,0,0,0,0,-1,0,-1,0,0,0,0,0,0,NO_DATA,0,0,0,0,0,0,0,0,0,0,0,0,0,0,0,0,0,0,0,0,0,0,0,OK,0,,0,NONE,,,RECOVERING,0,,0,0,0,0,0,0,0,1,0,0,0,0,0,0,0,0,0,0,0,0,0,0,0,0,0,0,0,23,11,12,0,0,battery?,,TIMEOUT,2387,95956,7279
E3-STATE-CLI-001,telemetry-cli-baseline,Telemetry continuity without GUI,STATE_WATCH,151648,607,0,0,0,0,0,0,,,ERROR,,,,1537,1537,0,4,0,9.81046,9.83972,92,101,1308,806,686,4,4,1,OK,100,0,0,0,0,0,0,0,0,0,0,0,0,0,0,-1,0,-1,0,0,0,0,0,0,NO_DATA,0,0,0,0,0,0,0,0,0,0,0,0,0,0,0,0,0,0,0,0,0,0,0,OK,0,,0,NONE,,,RECOVERING,0,,0,0,0,0,0,0,0,1,0,0,0,0,0,0,0,0,0,0,0,0,0,0,0,0,0,0,0,24,11,13,0,0,battery?,,TIMEOUT,2391,96206,137
E3-STATE-CLI-001,telemetry-cli-baseline,Telemetry continuity without GUI,STATE_WATCH,151898,608,0,0,0,0,0,0,,,ERROR,,,,1540,1540,0,4,0,9.81463,9.83242,37,101,1308,806,686,4,4,1,OK,100,0,0,0,0,0,0,0,0,0,0,0,0,0,0,-1,0,-1,0,0,0,0,0,0,NO_DATA,0,0,0,0,0,0,0,0,0,0,0,0,0,0,0,0,0,0,0,0,0,0,0,OK,0,,0,NONE,,,RECOVERING,0,,0,0,0,0,0,0,0,1,0,0,0,0,0,0,0,0,0,0,0,0,0,0,0,0,0,0,0,24,11,13,0,0,battery?,,TIMEOUT,2391,96456,387
E3-STATE-CLI-001,telemetry-cli-baseline,Telemetry continuity without GUI,STATE_WATCH,152148,609,0,0,0,0,0,0,,,ERROR,,,,1542,1542,0,4,0,9.82085,9.82812,84,101,1308,806,686,4,4,1,OK,100,0,0,0,0,0,0,0,0,0,0,0,0,0,0,-1,0,-1,0,0,0,0,0,0,NO_DATA,0,0,0,0,0,0,0,0,0,0,0,0,0,0,0,0,0,0,0,0,0,0,0,OK,0,,0,NONE,,,RECOVERING,0,,0,0,0,0,0,0,0,1,0,0,0,0,0,0,0,0,0,0,0,0,0,0,0,0,0,0,0,24,11,13,0,0,battery?,,TIMEOUT,2391,96706,637
E3-STATE-CLI-001,telemetry-cli-baseline,Telemetry continuity without GUI,STATE_WATCH,152399,610,0,0,0,0,0,0,,,ERROR,,,,1545,1545,0,4,0,9.82271,9.82782,29,101,1308,806,686,4,4,1,OK,100,0,0,0,0,0,0,0,0,0,0,0,0,0,0,-1,0,-1,0,0,0,0,0,0,NO_DATA,0,0,0,0,0,0,0,0,0,0,0,0,0,0,0,0,0,0,0,0,0,0,0,OK,0,,0,NONE,,,RECOVERING,0,,0,0,0,0,0,0,0,1,0,0,0,0,0,0,0,0,0,0,0,0,0,0,0,0,0,0,0,24,11,13,0,0,battery?,,TIMEOUT,2391,96957,887
E3-STATE-CLI-001,telemetry-cli-baseline,Telemetry continuity without GUI,STATE_WATCH,152649,611,0,0,0,0,0,0,,,ERROR,,,,1547,1547,0,4,0,9.82665,9.82658,76,101,1308,806,686,4,4,1,OK,100,0,0,0,0,0,0,0,0,0,0,0,0,0,0,-1,0,-1,0,0,0,0,0,0,NO_DATA,0,0,0,0,0,0,0,0,0,0,0,0,0,0,0,0,0,0,0,0,0,0,0,OK,0,,0,NONE,,,RECOVERING,0,,0,0,0,0,0,0,0,1,0,0,0,0,0,0,0,0,0,0,0,0,0,0,0,0,0,0,0,24,11,13,0,0,battery?,,TIMEOUT,2391,97207,1138
E3-STATE-CLI-001,telemetry-cli-baseline,Telemetry continuity without GUI,STATE_WATCH,152899,612,0,0,0,0,0,0,,,ERROR,,,,1550,1550,0,4,0,19.6613,11.7933,71,50,1308,806,686,4,4,1,OK,100,0,0,0,0,0,0,0,0,0,0,0,0,0,0,-1,0,-1,0,0,0,0,0,0,NO_DATA,0,0,0,0,0,0,0,0,0,0,0,0,0,0,0,0,0,0,0,0,0,0,0,OK,0,,0,NONE,,,RECOVERING,0,,0,0,0,0,0,0,0,1,0,0,0,0,0,0,0,0,0,0,0,0,0,0,0,0,0,0,0,24,11,13,0,0,battery?,,TIMEOUT,2391,97457,1388
E3-STATE-CLI-001,telemetry-cli-baseline,Telemetry continuity without GUI,STATE_WATCH,153149,613,0,0,0,0,0,0,,,ERROR,,,,1553,1553,0,4,0,9.82022,10.8331,16,101,1308,806,686,4,4,1,OK,100,0,0,0,0,0,0,0,0,0,0,0,0,0,0,-1,0,-1,0,0,0,0,0,0,NO_DATA,0,0,0,0,0,0,0,0,0,0,0,0,0,0,0,0,0,0,0,0,0,0,0,OK,0,,0,NONE,,,RECOVERING,0,,0,0,0,0,0,0,0,1,0,0,0,0,0,0,0,0,0,0,0,0,0,0,0,0,0,0,0,24,11,13,0,0,battery?,,TIMEOUT,2391,97707,1638
E3-STATE-CLI-001,telemetry-cli-baseline,Telemetry continuity without GUI,STATE_WATCH,153399,614,0,0,0,0,0,0,,,ERROR,,,,1555,1555,0,4,0,9.74601,10.4535,62,102,1308,806,686,4,4,1,OK,100,0,0,0,0,0,0,0,0,0,0,0,0,0,0,-1,0,-1,0,0,0,0,0,0,NO_DATA,0,0,0,0,0,0,0,0,0,0,0,0,0,0,0,0,0,0,0,0,0,0,0,OK,0,,0,NONE,,,RECOVERING,0,,0,0,0,0,0,0,0,1,0,0,0,0,0,0,0,0,0,0,0,0,0,0,0,0,0,0,0,24,11,13,0,0,battery?,,TIMEOUT,2391,97957,1888
E3-STATE-CLI-001,telemetry-cli-baseline,Telemetry continuity without GUI,STATE_WATCH,153650,615,0,0,0,0,0,0,,,ERROR,,,,1558,1558,0,4,0,9.81843,10.155,7,101,1308,806,686,4,4,1,OK,100,0,0,0,0,0,0,0,0,0,0,0,0,0,0,-1,0,-1,0,0,0,0,0,0,NO_DATA,0,0,0,0,0,0,0,0,0,0,0,0,0,0,0,0,0,0,0,0,0,0,0,OK,0,,0,NONE,,,RECOVERING,0,,0,0,0,0,0,0,0,1,0,0,0,0,0,0,0,0,0,0,0,0,0,0,0,0,0,0,0,24,11,13,0,0,battery?,,TIMEOUT,2391,98208,2138
E3-STATE-CLI-001,telemetry-cli-baseline,Telemetry continuity without GUI,STATE_WATCH,153900,616,0,0,0,0,0,0,,,ERROR,,,,1560,1560,0,4,0,9.8254,10.0368,54,101,1308,806,686,4,4,1,OK,100,0,0,0,0,0,0,0,0,0,0,0,0,0,0,-1,0,-1,0,0,0,0,0,0,NO_DATA,0,0,0,0,0,0,0,0,0,0,0,0,0,0,0,0,0,0,0,0,0,0,0,OK,0,,0,NONE,,,RECOVERING,0,,0,0,0,0,0,0,0,1,0,0,0,0,0,0,0,0,0,0,0,0,0,0,0,0,0,0,0,24,11,13,0,0,battery?,,TIMEOUT,2391,98458,2389
E3-STATE-CLI-001,telemetry-cli-baseline,Telemetry continuity without GUI,STATE_WATCH,154150,617,0,0,0,0,0,0,,,ERROR,,,,1562,1562,0,4,0,9.82615,9.95965,101,101,1308,806,686,4,4,1,OK,100,0,0,0,0,0,0,0,0,0,0,0,0,0,0,-1,0,-1,0,0,0,0,0,0,NO_DATA,0,0,0,0,0,0,0,0,0,0,0,0,0,0,0,0,0,0,0,0,0,0,0,OK,0,,0,NONE,,,RECOVERING,0,,0,0,0,0,0,0,0,1,0,0,0,0,0,0,0,0,0,0,0,0,0,0,0,0,0,0,0,24,11,13,0,0,battery?,,TIMEOUT,2391,98708,2639
E3-STATE-CLI-001,telemetry-cli-baseline,Telemetry continuity without GUI,STATE_WATCH,154400,618,0,0,0,0,0,0,,,ERROR,,,,1565,1565,0,4,0,9.82698,9.89312,46,101,1308,806,686,4,4,1,OK,100,0,0,0,0,0,0,0,0,0,0,0,0,0,0,-1,0,-1,0,0,0,0,0,0,NO_DATA,0,0,0,0,0,0,0,0,0,0,0,0,0,0,0,0,0,0,0,0,0,0,0,OK,0,,0,NONE,,,RECOVERING,0,,0,0,0,0,0,0,0,1,0,0,0,0,0,0,0,0,0,0,0,0,0,0,0,0,0,0,0,24,11,13,0,0,battery?,,TIMEOUT,2391,98958,2889
E3-STATE-CLI-001,telemetry-cli-baseline,Telemetry continuity without GUI,STATE_WATCH,154650,619,0,0,0,0,0,0,,,ERROR,,,,1567,1567,0,4,0,9.81844,9.86673,92,101,1308,806,686,4,4,1,OK,100,0,0,0,0,0,0,0,0,0,0,0,0,0,0,-1,0,-1,0,0,0,0,0,0,NO_DATA,0,0,0,0,0,0,0,0,0,0,0,0,0,0,0,0,0,0,0,0,0,0,0,OK,0,,0,NONE,,,RECOVERING,0,,0,0,0,0,0,0,0,1,0,0,0,0,0,0,0,0,0,0,0,0,0,0,0,0,0,0,0,24,11,13,0,0,battery?,,TIMEOUT,2391,99209,3139
E3-STATE-CLI-001,telemetry-cli-baseline,Telemetry continuity without GUI,STATE_WATCH,154901,620,0,0,0,0,0,0,,,ERROR,,,,1570,1570,0,4,0,9.82174,9.84617,37,101,1308,806,686,4,4,1,OK,100,0,0,0,0,0,0,0,0,0,0,0,0,0,0,-1,0,-1,0,0,0,0,0,0,NO_DATA,0,0,0,0,0,0,0,0,0,0,0,0,0,0,0,0,0,0,0,0,0,0,0,OK,0,,0,NONE,,,RECOVERING,0,,0,0,0,0,0,0,0,1,0,0,0,0,0,0,0,0,0,0,0,0,0,0,0,0,0,0,0,24,11,13,0,0,battery?,,TIMEOUT,2391,99459,3390
E3-STATE-CLI-001,telemetry-cli-baseline,Telemetry continuity without GUI,STATE_WATCH,155151,621,0,0,0,0,0,0,,,ERROR,,,,1572,1572,0,4,0,9.99921,9.87534,86,100,1308,806,686,4,4,1,OK,100,0,0,0,0,0,0,0,0,0,0,0,0,0,0,-1,0,-1,0,0,0,0,0,0,NO_DATA,0,0,0,0,0,0,0,0,0,0,0,0,0,0,0,0,0,0,0,0,0,0,0,OK,0,,0,NONE,,,RECOVERING,0,,0,0,0,0,0,0,0,1,0,0,0,0,0,0,0,0,0,0,0,0,0,0,0,0,0,0,0,24,11,13,0,0,battery?,,TIMEOUT,2391,99709,3640
E3-STATE-CLI-001,telemetry-cli-baseline,Telemetry continuity without GUI,STATE_WATCH,155401,622,0,0,0,0,0,0,,,ERROR,,,,1575,1575,0,4,0,10.0145,9.93565,36,99,1308,806,686,4,4,1,OK,100,0,0,0,0,0,0,0,0,0,0,0,0,0,0,-1,0,-1,0,0,0,0,0,0,NO_DATA,0,0,0,0,0,0,0,0,0,0,0,0,0,0,0,0,0,0,0,0,0,0,0,OK,0,,0,NONE,,,RECOVERING,0,,0,0,0,0,0,0,0,1,0,0,0,0,0,0,0,0,0,0,0,0,0,0,0,0,0,0,0,24,11,13,0,0,battery?,,TIMEOUT,2391,99959,3890
E3-STATE-CLI-001,telemetry-cli-baseline,Telemetry continuity without GUI,STATE_WATCH,155651,623,0,0,0,0,0,0,,,ERROR,,,,1577,1577,0,4,0,9.98718,9.95216,85,100,1308,806,686,4,4,1,OK,100,0,0,0,0,0,0,0,0,0,0,0,0,0,0,-1,0,-1,0,0,0,0,0,0,NO_DATA,0,0,0,0,0,0,0,0,0,0,0,0,0,0,0,0,0,0,0,0,0,0,0,OK,0,,0,NONE,,,RECOVERING,0,,0,0,0,0,0,0,0,1,0,0,0,0,0,0,0,0,0,0,0,0,0,0,0,0,0,0,0,24,11,13,0,0,battery?,,TIMEOUT,2391,100209,4140
E3-STATE-CLI-001,telemetry-cli-baseline,Telemetry continuity without GUI,STATE_WATCH,155901,624,0,0,0,0,0,0,,,ERROR,,,,1580,1580,0,4,0,19.9422,11.9761,86,50,1308,806,686,4,4,1,OK,100,0,0,0,0,0,0,0,0,0,0,0,0,0,0,-1,0,-1,0,0,0,0,0,0,NO_DATA,0,0,0,0,0,0,0,0,0,0,0,0,0,0,0,0,0,0,0,0,0,0,0,OK,0,,0,NONE,,,RECOVERING,0,,0,0,0,0,0,0,0,1,0,0,0,0,0,0,0,0,0,0,0,0,0,0,0,0,0,0,0,24,11,13,0,0,battery?,,TIMEOUT,2391,100460,4390
E3-STATE-CLI-001,telemetry-cli-baseline,Telemetry continuity without GUI,STATE_WATCH,156152,625,0,0,0,0,0,0,,,ERROR,,,,1583,1583,0,4,0,9.94178,11.0004,36,100,1308,806,686,4,4,1,OK,100,0,0,0,0,0,0,0,0,0,0,0,0,0,0,-1,0,-1,0,0,0,0,0,0,NO_DATA,0,0,0,0,0,0,0,0,0,0,0,0,0,0,0,0,0,0,0,0,0,0,0,OK,0,,0,NONE,,,RECOVERING,0,,0,0,0,0,0,0,0,1,0,0,0,0,0,0,0,0,0,0,0,0,0,0,0,0,0,0,0,24,11,13,0,0,battery?,,TIMEOUT,2391,100710,4641
E3-STATE-CLI-001,telemetry-cli-baseline,Telemetry continuity without GUI,STATE_WATCH,156402,626,0,0,0,0,0,0,,,ERROR,,,,1585,1585,0,4,0,9.9957,10.6509,87,100,1308,806,686,4,4,1,OK,100,0,0,0,0,0,0,0,0,0,0,0,0,0,0,-1,0,-1,0,0,0,0,0,0,NO_DATA,0,0,0,0,0,0,0,0,0,0,0,0,0,0,0,0,0,0,0,0,0,0,0,OK,0,,0,NONE,,,RECOVERING,0,,0,0,0,0,0,0,0,1,0,0,0,0,0,0,0,0,0,0,0,0,0,0,0,0,0,0,0,24,11,13,0,0,battery?,,TIMEOUT,2391,100960,4891
E3-STATE-CLI-001,telemetry-cli-baseline,Telemetry continuity without GUI,STATE_WATCH,156652,627,0,0,0,0,0,0,,,ERROR,,,,1588,1588,0,4,0,10.0544,10.3594,39,99,1308,806,686,4,4,1,OK,100,0,0,0,0,0,0,0,0,0,0,0,0,0,0,-1,0,-1,0,0,0,0,0,0,NO_DATA,0,0,0,0,0,0,0,0,0,0,0,0,0,0,0,0,0,0,0,0,0,0,0,OK,0,,0,NONE,,,RECOVERING,0,,0,0,0,0,0,0,0,1,0,0,0,0,0,0,0,0,0,0,0,0,0,0,0,0,0,0,0,24,11,13,0,0,battery?,,TIMEOUT,2391,101210,5141
E3-STATE-CLI-001,telemetry-cli-baseline,Telemetry continuity without GUI,STATE_WATCH,156902,628,0,0,0,0,0,0,,,ERROR,,,,1590,1590,0,4,0,10.0422,10.2478,90,99,1308,806,686,4,4,1,OK,100,0,0,0,0,0,0,0,0,0,0,0,0,0,0,-1,0,-1,0,0,0,0,0,0,NO_DATA,0,0,0,0,0,0,0,0,0,0,0,0,0,0,0,0,0,0,0,0,0,0,0,OK,0,,0,NONE,,,RECOVERING,0,,0,0,0,0,0,0,0,1,0,0,0,0,0,0,0,0,0,0,0,0,0,0,0,0,0,0,0,24,11,13,0,0,battery?,,TIMEOUT,2391,101460,5391
E3-STATE-CLI-001,telemetry-cli-baseline,Telemetry continuity without GUI,STATE_WATCH,157152,629,0,0,0,0,0,0,,,ERROR,,,,1593,1593,0,4,0,10.0939,10.153,42,99,1308,806,686,4,4,1,OK,100,0,0,0,0,0,0,0,0,0,0,0,0,0,0,-1,0,-1,0,0,0,0,0,0,NO_DATA,0,0,0,0,0,0,0,0,0,0,0,0,0,0,0,0,0,0,0,0,0,0,0,OK,0,,0,NONE,,,RECOVERING,0,,0,0,0,0,0,0,0,1,0,0,0,0,0,0,0,0,0,0,0,0,0,0,0,0,0,0,0,24,11,13,0,0,battery?,,TIMEOUT,2391,101711,5641
E3-STATE-CLI-001,telemetry-cli-baseline,Telemetry continuity without GUI,STATE_WATCH,157403,630,0,0,0,0,0,0,,,ERROR,,,,1595,1595,0,4,0,10.3838,10.1359,93,96,1308,806,686,4,4,1,OK,100,0,0,0,0,0,0,0,0,0,0,0,0,0,0,-1,0,-1,0,0,0,0,0,0,NO_DATA,0,0,0,0,0,0,0,0,0,0,0,0,0,0,0,0,0,0,0,0,0,0,0,OK,0,,0,NONE,,,RECOVERING,0,,0,0,0,0,0,0,0,1,0,0,0,0,0,0,0,0,0,0,0,0,0,0,0,0,0,0,0,24,11,13,0,0,battery?,,TIMEOUT,2391,101961,5892
E3-STATE-CLI-001,telemetry-cli-baseline,Telemetry continuity without GUI,STATE_WATCH,157653,631,0,0,0,0,0,0,,,ERROR,,,,1598,1598,0,4,0,9.99365,10.076,44,100,1308,806,686,4,4,1,OK,100,0,0,0,0,0,0,0,0,0,0,0,0,0,0,-1,0,-1,0,0,0,0,0,0,NO_DATA,0,0,0,0,0,0,0,0,0,0,0,0,0,0,0,0,0,0,0,0,0,0,0,OK,0,,0,NONE,,,RECOVERING,0,,0,0,0,0,0,0,0,1,0,0,0,0,0,0,0,0,0,0,0,0,0,0,0,0,0,0,0,24,11,13,0,0,battery?,,TIMEOUT,2391,102211,6142
E3-STATE-CLI-001,telemetry-cli-baseline,Telemetry continuity without GUI,STATE_WATCH,157903,632,0,0,0,0,0,0,,,ERROR,,,,1600,1600,0,4,0,10.1435,10.0818,96,98,1308,806,686,4,4,1,OK,100,0,0,0,0,0,0,0,0,0,0,0,0,0,0,-1,0,-1,0,0,0,0,0,0,NO_DATA,0,0,0,0,0,0,0,0,0,0,0,0,0,0,0,0,0,0,0,0,0,0,0,OK,0,,0,NONE,,,RECOVERING,0,,0,0,0,0,0,0,0,1,0,0,0,0,0,0,0,0,0,0,0,0,0,0,0,0,0,0,0,24,11,13,0,0,battery?,,TIMEOUT,2391,102461,6392
E3-STATE-CLI-001,telemetry-cli-baseline,Telemetry continuity without GUI,STATE_WATCH,158153,633,0,0,0,0,0,0,,,ERROR,,,,1603,1603,0,4,0,9.41312,9.94071,41,106,1308,806,686,4,4,1,OK,100,0,0,0,0,0,0,0,0,0,0,0,0,0,0,-1,0,-1,0,0,0,0,0,0,NO_DATA,0,0,0,0,0,0,0,0,0,0,0,0,0,0,0,0,0,0,0,0,0,0,0,OK,0,,0,NONE,,,RECOVERING,0,,0,0,0,0,0,0,0,1,0,0,0,0,0,0,0,0,0,0,0,0,0,0,0,0,0,0,0,24,11,13,0,0,battery?,,TIMEOUT,2391,102711,6642
E3-STATE-CLI-001,telemetry-cli-baseline,Telemetry continuity without GUI,STATE_WATCH,158404,634,0,0,0,0,0,0,,,ERROR,,,,1605,1605,0,4,0,9.89393,10.0573,97,101,1308,806,686,4,4,1,OK,100,0,0,0,0,0,0,0,0,0,0,0,0,0,0,-1,0,-1,0,0,0,0,0,0,NO_DATA,0,0,0,0,0,0,0,0,0,0,0,0,0,0,0,0,0,0,0,0,0,0,0,OK,0,,0,NONE,,,RECOVERING,0,,0,0,0,0,0,0,0,1,0,0,0,0,0,0,0,0,0,0,0,0,0,0,0,0,0,0,0,24,11,13,0,0,battery?,,TIMEOUT,2391,102962,6892
E3-STATE-CLI-001,telemetry-cli-baseline,Telemetry continuity without GUI,STATE_WATCH,158654,635,0,0,0,0,0,0,,,ERROR,,,,1608,1608,0,4,0,9.44955,9.96578,44,105,1308,806,686,4,4,1,OK,100,0,0,0,0,0,0,0,0,0,0,0,0,0,0,-1,0,-1,0,0,0,0,0,0,NO_DATA,0,0,0,0,0,0,0,0,0,0,0,0,0,0,0,0,0,0,0,0,0,0,0,OK,0,,0,NONE,,,RECOVERING,0,,0,0,0,0,0,0,0,1,0,0,0,0,0,0,0,0,0,0,0,0,0,0,0,0,0,0,0,24,11,13,0,0,battery?,,TIMEOUT,2391,103212,7143
E3-STATE-CLI-001,telemetry-cli-baseline,Telemetry continuity without GUI,STATE_WATCH,158904,636,0,0,0,0,0,0,,,ERROR,,,,1610,1610,0,4,0,9.95149,10.0406,98,100,1308,806,686,4,4,1,OK,100,0,0,0,0,0,0,0,0,0,0,0,0,0,0,-1,0,-1,0,0,0,0,0,0,NO_DATA,0,0,0,0,0,0,0,0,0,0,0,0,0,0,0,0,0,0,0,0,0,0,0,OK,0,,0,NONE,,,RECOVERING,0,,0,0,0,0,0,0,0,1,0,0,0,0,0,0,0,0,0,0,0,0,0,0,0,0,0,0,0,25,11,14,0,0,battery?,,TIMEOUT,2391,103462,1
E3-STATE-CLI-001,telemetry-cli-baseline,Telemetry continuity without GUI,STATE_WATCH,159154,637,0,0,0,0,0,0,,,ERROR,,,,1614,1614,0,4,0,10.054,11.7182,4,99,1308,806,686,4,4,1,OK,100,0,0,0,0,0,0,0,0,0,0,0,0,0,0,-1,0,-1,0,0,0,0,0,0,NO_DATA,0,0,0,0,0,0,0,0,0,0,0,0,0,0,0,0,0,0,0,0,0,0,0,OK,0,,0,NONE,,,RECOVERING,0,,0,0,0,0,0,0,0,1,0,0,0,0,0,0,0,0,0,0,0,0,0,0,0,0,0,0,0,25,11,14,0,0,battery?,,TIMEOUT,2391,103712,251
E3-STATE-CLI-001,telemetry-cli-baseline,Telemetry continuity without GUI,STATE_WATCH,159404,638,0,0,0,0,0,0,,,ERROR,,,,1616,1616,0,4,0,10.0658,11.1186,55,99,1308,806,686,4,4,1,OK,100,0,0,0,0,0,0,0,0,0,0,0,0,0,0,-1,0,-1,0,0,0,0,0,0,NO_DATA,0,0,0,0,0,0,0,0,0,0,0,0,0,0,0,0,0,0,0,0,0,0,0,OK,0,,0,NONE,,,RECOVERING,0,,0,0,0,0,0,0,0,1,0,0,0,0,0,0,0,0,0,0,0,0,0,0,0,0,0,0,0,25,11,14,0,0,battery?,,TIMEOUT,2391,103962,501
E3-STATE-CLI-001,telemetry-cli-baseline,Telemetry continuity without GUI,STATE_WATCH,159655,639,0,0,0,0,0,0,,,ERROR,,,,1619,1619,0,4,0,10.0071,10.5906,7,99,1308,806,686,4,4,1,OK,100,0,0,0,0,0,0,0,0,0,0,0,0,0,0,-1,0,-1,0,0,0,0,0,0,NO_DATA,0,0,0,0,0,0,0,0,0,0,0,0,0,0,0,0,0,0,0,0,0,0,0,OK,0,,0,NONE,,,RECOVERING,0,,0,0,0,0,0,0,0,1,0,0,0,0,0,0,0,0,0,0,0,0,0,0,0,0,0,0,0,25,11,14,0,0,battery?,,TIMEOUT,2391,104213,751
E3-STATE-CLI-001,telemetry-cli-baseline,Telemetry continuity without GUI,STATE_WATCH,159905,640,0,0,0,0,0,0,,,ERROR,,,,1621,1621,0,4,0,10.0527,10.4027,58,99,1308,806,686,4,4,1,OK,100,0,0,0,0,0,0,0,0,0,0,0,0,0,0,-1,0,-1,0,0,0,0,0,0,NO_DATA,0,0,0,0,0,0,0,0,0,0,0,0,0,0,0,0,0,0,0,0,0,0,0,OK,0,,0,NONE,,,RECOVERING,0,,0,0,0,0,0,0,0,1,0,0,0,0,0,0,0,0,0,0,0,0,0,0,0,0,0,0,0,25,11,14,0,0,battery?,,TIMEOUT,2391,104463,1002
E3-STATE-CLI-001,telemetry-cli-baseline,Telemetry continuity without GUI,STATE_WATCH,160155,641,0,0,0,0,0,0,,,ERROR,,,,1624,1624,0,4,0,10.0516,10.2329,10,99,1308,806,686,4,4,1,OK,100,0,0,0,0,0,0,0,0,0,0,0,0,0,0,-1,0,-1,0,0,0,0,0,0,NO_DATA,0,0,0,0,0,0,0,0,0,0,0,0,0,0,0,0,0,0,0,0,0,0,0,OK,0,,0,NONE,,,RECOVERING,0,,0,0,0,0,0,0,0,1,0,0,0,0,0,0,0,0,0,0,0,0,0,0,0,0,0,0,0,25,11,14,0,0,battery?,,TIMEOUT,2391,104713,1252
E3-STATE-CLI-001,telemetry-cli-baseline,Telemetry continuity without GUI,STATE_WATCH,160405,642,0,0,0,0,0,0,,,ERROR,,,,1626,1626,0,4,0,10.0406,10.1649,61,99,1308,806,686,4,4,1,OK,100,0,0,0,0,0,0,0,0,0,0,0,0,0,0,-1,0,-1,0,0,0,0,0,0,NO_DATA,0,0,0,0,0,0,0,0,0,0,0,0,0,0,0,0,0,0,0,0,0,0,0,OK,0,,0,NONE,,,RECOVERING,0,,0,0,0,0,0,0,0,1,0,0,0,0,0,0,0,0,0,0,0,0,0,0,0,0,0,0,0,25,11,14,0,0,battery?,,TIMEOUT,2391,104963,1502
E3-STATE-CLI-001,telemetry-cli-baseline,Telemetry continuity without GUI,STATE_WATCH,160655,643,0,0,0,0,0,0,,,ERROR,,,,1629,1629,0,4,0,10.0464,10.1107,13,99,1308,806,686,4,4,1,OK,100,0,0,0,0,0,0,0,0,0,0,0,0,0,0,-1,0,-1,0,0,0,0,0,0,NO_DATA,0,0,0,0,0,0,0,0,0,0,0,0,0,0,0,0,0,0,0,0,0,0,0,OK,0,,0,NONE,,,RECOVERING,0,,0,0,0,0,0,0,0,1,0,0,0,0,0,0,0,0,0,0,0,0,0,0,0,0,0,0,0,25,11,14,0,0,battery?,,TIMEOUT,2391,105213,1752
E3-STATE-CLI-001,telemetry-cli-baseline,Telemetry continuity without GUI,STATE_WATCH,160906,644,0,0,0,0,0,0,,,ERROR,,,,1631,1631,0,4,0,10.0507,10.0889,64,99,1308,806,686,4,4,1,OK,100,0,0,0,0,0,0,0,0,0,0,0,0,0,0,-1,0,-1,0,0,0,0,0,0,NO_DATA,0,0,0,0,0,0,0,0,0,0,0,0,0,0,0,0,0,0,0,0,0,0,0,OK,0,,0,NONE,,,RECOVERING,0,,0,0,0,0,0,0,0,1,0,0,0,0,0,0,0,0,0,0,0,0,0,0,0,0,0,0,0,25,11,14,0,0,battery?,,TIMEOUT,2391,105464,2002
E3-STATE-CLI-001,telemetry-cli-baseline,Telemetry continuity without GUI,STATE_WATCH,161156,645,0,0,0,0,0,0,,,ERROR,,,,1634,1634,0,4,0,10.0408,10.0722,16,99,1308,806,686,4,4,1,OK,100,0,0,0,0,0,0,0,0,0,0,0,0,0,0,-1,0,-1,0,0,0,0,0,0,NO_DATA,0,0,0,0,0,0,0,0,0,0,0,0,0,0,0,0,0,0,0,0,0,0,0,OK,0,,0,NONE,,,RECOVERING,0,,0,0,0,0,0,0,0,1,0,0,0,0,0,0,0,0,0,0,0,0,0,0,0,0,0,0,0,25,11,14,0,0,battery?,,TIMEOUT,2391,105714,2253
E3-STATE-CLI-001,telemetry-cli-baseline,Telemetry continuity without GUI,STATE_WATCH,161406,646,0,0,0,0,0,0,,,ERROR,,,,1636,1636,0,4,0,10.0563,10.0668,67,99,1308,806,686,4,4,1,OK,100,0,0,0,0,0,0,0,0,0,0,0,0,0,0,-1,0,-1,0,0,0,0,0,0,NO_DATA,0,0,0,0,0,0,0,0,0,0,0,0,0,0,0,0,0,0,0,0,0,0,0,OK,0,,0,NONE,,,RECOVERING,0,,0,0,0,0,0,0,0,1,0,0,0,0,0,0,0,0,0,0,0,0,0,0,0,0,0,0,0,25,11,14,0,0,battery?,,TIMEOUT,2391,105964,2503
E3-STATE-CLI-001,telemetry-cli-baseline,Telemetry continuity without GUI,STATE_WATCH,161656,647,0,0,0,0,0,0,,,ERROR,,,,1639,1639,0,4,0,10.0442,10.0586,19,99,1308,806,686,4,4,1,OK,100,0,0,0,0,0,0,0,0,0,0,0,0,0,0,-1,0,-1,0,0,0,0,0,0,NO_DATA,0,0,0,0,0,0,0,0,0,0,0,0,0,0,0,0,0,0,0,0,0,0,0,OK,0,,0,NONE,,,RECOVERING,0,,0,0,0,0,0,0,0,1,0,0,0,0,0,0,0,0,0,0,0,0,0,0,0,0,0,0,0,25,11,14,0,0,battery?,,TIMEOUT,2391,106214,2753
E3-STATE-CLI-001,telemetry-cli-baseline,Telemetry continuity without GUI,STATE_WATCH,161906,648,0,0,0,0,0,0,,,ERROR,,,,1641,1641,0,4,0,10.0499,10.0559,70,99,1308,806,686,4,4,1,OK,100,0,0,0,0,0,0,0,0,0,0,0,0,0,0,-1,0,-1,0,0,0,0,0,0,NO_DATA,0,0,0,0,0,0,0,0,0,0,0,0,0,0,0,0,0,0,0,0,0,0,0,OK,0,,0,NONE,,,RECOVERING,0,,0,0,0,0,0,0,0,1,0,0,0,0,0,0,0,0,0,0,0,0,0,0,0,0,0,0,0,25,11,14,0,0,battery?,,TIMEOUT,2391,106464,3003
E3-STATE-CLI-001,telemetry-cli-baseline,Telemetry continuity without GUI,STATE_WATCH,162157,649,0,0,0,0,0,0,,,ERROR,,,,1644,1644,0,4,0,10.0537,10.0528,22,99,1308,806,686,4,4,1,OK,100,0,0,0,0,0,0,0,0,0,0,0,0,0,0,-1,0,-1,0,0,0,0,0,0,NO_DATA,0,0,0,0,0,0,0,0,0,0,0,0,0,0,0,0,0,0,0,0,0,0,0,OK,0,,0,NONE,,,RECOVERING,0,,0,0,0,0,0,0,0,1,0,0,0,0,0,0,0,0,0,0,0,0,0,0,0,0,0,0,0,25,11,14,0,0,battery?,,TIMEOUT,2391,106715,3253
E3-STATE-CLI-001,telemetry-cli-baseline,Telemetry continuity without GUI,STATE_WATCH,162407,650,0,0,0,0,0,0,,,ERROR,,,,1646,1646,0,4,0,10.0432,10.0521,73,99,1308,806,686,4,4,1,OK,100,0,0,0,0,0,0,0,0,0,0,0,0,0,0,-1,0,-1,0,0,0,0,0,0,NO_DATA,0,0,0,0,0,0,0,0,0,0,0,0,0,0,0,0,0,0,0,0,0,0,0,OK,0,,0,NONE,,,RECOVERING,0,,0,0,0,0,0,0,0,1,0,0,0,0,0,0,0,0,0,0,0,0,0,0,0,0,0,0,0,25,11,14,0,0,battery?,,TIMEOUT,2391,106965,3504
E3-STATE-CLI-001,telemetry-cli-baseline,Telemetry continuity without GUI,STATE_WATCH,162657,651,0,0,0,0,0,0,,,ERROR,,,,1649,1649,0,4,0,19.9586,12.0338,74,50,1308,806,686,4,4,1,OK,100,0,0,0,0,0,0,0,0,0,0,0,0,0,0,-1,0,-1,0,0,0,0,0,0,NO_DATA,0,0,0,0,0,0,0,0,0,0,0,0,0,0,0,0,0,0,0,0,0,0,0,OK,0,,0,NONE,,,RECOVERING,0,,0,0,0,0,0,0,0,1,0,0,0,0,0,0,0,0,0,0,0,0,0,0,0,0,0,0,0,25,11,14,0,0,battery?,,TIMEOUT,2391,107215,3754
E3-STATE-CLI-001,telemetry-cli-baseline,Telemetry continuity without GUI,STATE_WATCH,162907,652,0,0,0,0,0,0,,,ERROR,,,,1652,1652,0,4,0,10.0367,11.0657,26,99,1308,806,686,4,4,1,OK,100,0,0,0,0,0,0,0,0,0,0,0,0,0,0,-1,0,-1,0,0,0,0,0,0,NO_DATA,0,0,0,0,0,0,0,0,0,0,0,0,0,0,0,0,0,0,0,0,0,0,0,OK,0,,0,NONE,,,RECOVERING,0,,0,0,0,0,0,0,0,1,0,0,0,0,0,0,0,0,0,0,0,0,0,0,0,0,0,0,0,25,11,14,0,0,battery?,,TIMEOUT,2391,107465,4004
E3-STATE-CLI-001,telemetry-cli-baseline,Telemetry continuity without GUI,STATE_WATCH,163157,653,0,0,0,0,0,0,,,ERROR,,,,1654,1654,0,4,0,10.0481,10.701,77,99,1308,806,686,4,4,1,OK,100,0,0,0,0,0,0,0,0,0,0,0,0,0,0,-1,0,-1,0,0,0,0,0,0,NO_DATA,0,0,0,0,0,0,0,0,0,0,0,0,0,0,0,0,0,0,0,0,0,0,0,OK,0,,0,NONE,,,RECOVERING,0,,0,0,0,0,0,0,0,1,0,0,0,0,0,0,0,0,0,0,0,0,0,0,0,0,0,0,0,25,11,14,0,0,battery?,,TIMEOUT,2391,107715,4254
E3-STATE-CLI-001,telemetry-cli-baseline,Telemetry continuity without GUI,STATE_WATCH,163408,654,0,0,0,0,0,0,,,ERROR,,,,1657,1657,0,4,0,10.0622,10.3854,29,99,1308,806,686,4,4,1,OK,100,0,0,0,0,0,0,0,0,0,0,0,0,0,0,-1,0,-1,0,0,0,0,0,0,NO_DATA,0,0,0,0,0,0,0,0,0,0,0,0,0,0,0,0,0,0,0,0,0,0,0,OK,0,,0,NONE,,,RECOVERING,0,,0,0,0,0,0,0,0,1,0,0,0,0,0,0,0,0,0,0,0,0,0,0,0,0,0,0,0,25,11,14,0,0,battery?,,TIMEOUT,2391,107966,4504
E3-STATE-CLI-001,telemetry-cli-baseline,Telemetry continuity without GUI,STATE_WATCH,163658,655,0,0,0,0,0,0,,,ERROR,,,,1659,1659,0,4,0,10.0593,10.2666,80,99,1308,806,686,4,4,1,OK,100,0,0,0,0,0,0,0,0,0,0,0,0,0,0,-1,0,-1,0,0,0,0,0,0,NO_DATA,0,0,0,0,0,0,0,0,0,0,0,0,0,0,0,0,0,0,0,0,0,0,0,OK,0,,0,NONE,,,RECOVERING,0,,0,0,0,0,0,0,0,1,0,0,0,0,0,0,0,0,0,0,0,0,0,0,0,0,0,0,0,25,11,14,0,0,battery?,,TIMEOUT,2391,108216,4755
E3-STATE-CLI-001,telemetry-cli-baseline,Telemetry continuity without GUI,STATE_WATCH,163908,656,0,0,0,0,0,0,,,ERROR,,,,1662,1662,0,4,0,10.0518,10.1616,32,99,1308,806,686,4,4,1,OK,100,0,0,0,0,0,0,0,0,0,0,0,0,0,0,-1,0,-1,0,0,0,0,0,0,NO_DATA,0,0,0,0,0,0,0,0,0,0,0,0,0,0,0,0,0,0,0,0,0,0,0,OK,0,,0,NONE,,,RECOVERING,0,,0,0,0,0,0,0,0,1,0,0,0,0,0,0,0,0,0,0,0,0,0,0,0,0,0,0,0,25,11,14,0,0,battery?,,TIMEOUT,2391,108466,5005
E3-STATE-CLI-001,telemetry-cli-baseline,Telemetry continuity without GUI,STATE_WATCH,164158,657,0,0,0,0,0,0,,,ERROR,,,,1664,1664,0,4,0,10.0371,10.1195,83,99,1308,806,686,4,4,1,OK,100,0,0,0,0,0,0,0,0,0,0,0,0,0,0,-1,0,-1,0,0,0,0,0,0,NO_DATA,0,0,0,0,0,0,0,0,0,0,0,0,0,0,0,0,0,0,0,0,0,0,0,OK,0,,0,NONE,,,RECOVERING,0,,0,0,0,0,0,0,0,1,0,0,0,0,0,0,0,0,0,0,0,0,0,0,0,0,0,0,0,25,11,14,0,0,battery?,,TIMEOUT,2391,108716,5255
E3-STATE-CLI-001,telemetry-cli-baseline,Telemetry continuity without GUI,STATE_WATCH,164408,658,0,0,0,0,0,0,,,ERROR,,,,1667,1667,0,4,0,10.2883,10.1355,37,97,1308,806,686,4,4,1,OK,100,0,0,0,0,0,0,0,0,0,0,0,0,0,0,-1,0,-1,0,0,0,0,0,0,NO_DATA,0,0,0,0,0,0,0,0,0,0,0,0,0,0,0,0,0,0,0,0,0,0,0,OK,0,,0,NONE,,,RECOVERING,0,,0,0,0,0,0,0,0,1,0,0,0,0,0,0,0,0,0,0,0,0,0,0,0,0,0,0,0,25,11,14,0,0,battery?,,TIMEOUT,2391,108966,5505
E3-STATE-CLI-001,telemetry-cli-baseline,Telemetry continuity without GUI,STATE_WATCH,164659,659,0,0,0,0,0,0,,,ERROR,,,,1670,1670,0,4,0,10.4554,10.292,1,95,1308,806,686,4,4,1,OK,100,0,0,0,0,0,0,0,0,0,0,0,0,0,0,-1,0,-1,0,0,0,0,0,0,NO_DATA,0,0,0,0,0,0,0,0,0,0,0,0,0,0,0,0,0,0,0,0,0,0,0,OK,0,,0,NONE,,,RECOVERING,0,,0,0,0,0,0,0,0,1,0,0,0,0,0,0,0,0,0,0,0,0,0,0,0,0,0,0,0,25,11,14,0,0,battery?,,TIMEOUT,2391,109217,5755
E3-STATE-CLI-001,telemetry-cli-baseline,Telemetry continuity without GUI,STATE_WATCH,164909,660,0,0,0,0,0,0,,,ERROR,,,,1672,1672,0,4,0,10.4048,10.3377,59,96,1308,806,686,4,4,1,OK,100,0,0,0,0,0,0,0,0,0,0,0,0,0,0,-1,0,-1,0,0,0,0,0,0,NO_DATA,0,0,0,0,0,0,0,0,0,0,0,0,0,0,0,0,0,0,0,0,0,0,0,OK,0,,0,NONE,,,RECOVERING,0,,0,0,0,0,0,0,0,1,0,0,0,0,0,0,0,0,0,0,0,0,0,0,0,0,0,0,0,25,11,14,0,0,battery?,,TIMEOUT,2391,109467,6006
E3-STATE-CLI-001,telemetry-cli-baseline,Telemetry continuity without GUI,STATE_WATCH,165159,661,0,0,0,0,0,0,,,ERROR,,,,1675,1675,0,4,0,10.4515,10.3972,22,95,1308,806,686,4,4,1,OK,100,0,0,0,0,0,0,0,0,0,0,0,0,0,0,-1,0,-1,0,0,0,0,0,0,NO_DATA,0,0,0,0,0,0,0,0,0,0,0,0,0,0,0,0,0,0,0,0,0,0,0,OK,0,,0,NONE,,,RECOVERING,0,,0,0,0,0,0,0,0,1,0,0,0,0,0,0,0,0,0,0,0,0,0,0,0,0,0,0,0,25,11,14,0,0,battery?,,TIMEOUT,2391,109717,6256
E3-STATE-CLI-001,telemetry-cli-baseline,Telemetry continuity without GUI,STATE_WATCH,165409,662,0,0,0,0,0,0,,,ERROR,,,,1677,1677,0,4,0,10.3462,10.3959,80,96,1308,806,686,4,4,1,OK,100,0,0,0,0,0,0,0,0,0,0,0,0,0,0,-1,0,-1,0,0,0,0,0,0,NO_DATA,0,0,0,0,0,0,0,0,0,0,0,0,0,0,0,0,0,0,0,0,0,0,0,OK,0,,0,NONE,,,RECOVERING,0,,0,0,0,0,0,0,0,1,0,0,0,0,0,0,0,0,0,0,0,0,0,0,0,0,0,0,0,25,11,14,0,0,battery?,,TIMEOUT,2391,109967,6506
E3-STATE-CLI-001,telemetry-cli-baseline,Telemetry continuity without GUI,STATE_WATCH,165659,663,0,0,0,0,0,0,,,ERROR,,,,1680,1680,0,4,0,10.4162,10.4175,43,96,1308,806,686,4,4,1,OK,100,0,0,0,0,0,0,0,0,0,0,0,0,0,0,-1,0,-1,0,0,0,0,0,0,NO_DATA,0,0,0,0,0,0,0,0,0,0,0,0,0,0,0,0,0,0,0,0,0,0,0,OK,0,,0,NONE,,,RECOVERING,0,,0,0,0,0,0,0,0,1,0,0,0,0,0,0,0,0,0,0,0,0,0,0,0,0,0,0,0,25,11,14,0,0,battery?,,TIMEOUT,2391,110217,6756
E3-STATE-CLI-001,telemetry-cli-baseline,Telemetry continuity without GUI,STATE_WATCH,165909,664,0,0,0,0,0,0,,,ERROR,,,,1683,1683,0,4,0,10.445,11.8084,54,95,1308,806,686,4,4,1,OK,100,0,0,0,0,0,0,0,0,0,0,0,0,0,0,-1,0,-1,0,0,0,0,0,0,NO_DATA,0,0,0,0,0,0,0,0,0,0,0,0,0,0,0,0,0,0,0,0,0,0,0,OK,0,,0,NONE,,,RECOVERING,0,,0,0,0,0,0,0,0,1,0,0,0,0,0,0,0,0,0,0,0,0,0,0,0,0,0,0,0,25,11,14,0,0,battery?,,TIMEOUT,2391,110467,7006
E3-STATE-CLI-001,telemetry-cli-baseline,Telemetry continuity without GUI,STATE_WATCH,166160,665,0,0,0,0,0,0,,,ERROR,,,,1686,1686,0,4,0,10.4558,11.1512,18,95,1308,806,686,4,4,1,OK,100,0,0,0,0,0,0,0,0,0,0,0,0,0,0,-1,0,-1,0,0,0,0,0,0,NO_DATA,0,0,0,0,0,0,0,0,0,0,0,0,0,0,0,0,0,0,0,0,0,0,0,OK,0,,0,NONE,,,RECOVERING,0,,0,0,0,0,0,0,0,1,0,0,0,0,0,0,0,0,0,0,0,0,0,0,0,0,0,0,0,25,11,14,0,0,battery?,,TIMEOUT,2391,110718,7256
E3-STATE-CLI-001,telemetry-cli-baseline,Telemetry continuity without GUI,STATE_WATCH,166410,666,0,0,0,0,0,0,,,ERROR,,,,1688,1688,0,4,0,10.4536,10.9022,77,95,1308,806,686,4,4,1,OK,100,0,0,0,0,0,0,0,0,0,0,0,0,0,0,-1,0,-1,0,0,0,0,0,0,NO_DATA,0,0,0,0,0,0,0,0,0,0,0,0,0,0,0,0,0,0,0,0,0,0,0,OK,0,,0,NONE,,,RECOVERING,0,,0,0,0,0,0,0,0,1,0,0,0,0,0,0,0,0,0,0,0,0,0,0,0,0,0,0,0,26,11,15,0,0,battery?,,TIMEOUT,2391,110968,115
E3-STATE-CLI-001,telemetry-cli-baseline,Telemetry continuity without GUI,STATE_WATCH,166660,667,0,0,0,0,0,0,,,ERROR,,,,1691,1691,0,4,0,10.4183,10.678,40,95,1308,806,686,4,4,1,OK,100,0,0,0,0,0,0,0,0,0,0,0,0,0,0,-1,0,-1,0,0,0,0,0,0,NO_DATA,0,0,0,0,0,0,0,0,0,0,0,0,0,0,0,0,0,0,0,0,0,0,0,OK,0,,0,NONE,,,RECOVERING,0,,0,0,0,0,0,0,0,1,0,0,0,0,0,0,0,0,0,0,0,0,0,0,0,0,0,0,0,26,11,15,0,0,battery?,,TIMEOUT,2391,111218,365
E3-STATE-CLI-001,telemetry-cli-baseline,Telemetry continuity without GUI,STATE_WATCH,166910,668,0,0,0,0,0,0,,,ERROR,,,,1694,1694,0,4,0,10.424,10.569,3,95,1308,806,686,4,4,1,OK,100,0,0,0,0,0,0,0,0,0,0,0,0,0,0,-1,0,-1,0,0,0,0,0,0,NO_DATA,0,0,0,0,0,0,0,0,0,0,0,0,0,0,0,0,0,0,0,0,0,0,0,OK,0,,0,NONE,,,RECOVERING,0,,0,0,0,0,0,0,0,1,0,0,0,0,0,0,0,0,0,0,0,0,0,0,0,0,0,0,0,26,11,15,0,0,battery?,,TIMEOUT,2391,111468,615
E3-STATE-CLI-001,telemetry-cli-baseline,Telemetry continuity without GUI,STATE_WATCH,167160,669,0,0,0,0,0,0,,,ERROR,,,,1696,1696,0,4,0,10.4548,10.5339,62,95,1308,806,686,4,4,1,OK,100,0,0,0,0,0,0,0,0,0,0,0,0,0,0,-1,0,-1,0,0,0,0,0,0,NO_DATA,0,0,0,0,0,0,0,0,0,0,0,0,0,0,0,0,0,0,0,0,0,0,0,OK,0,,0,NONE,,,RECOVERING,0,,0,0,0,0,0,0,0,1,0,0,0,0,0,0,0,0,0,0,0,0,0,0,0,0,0,0,0,26,11,15,0,0,battery?,,TIMEOUT,2391,111718,865
E3-STATE-CLI-001,telemetry-cli-baseline,Telemetry continuity without GUI,STATE_WATCH,167410,670,0,0,0,0,0,0,,,ERROR,,,,1699,1699,0,4,0,10.4779,10.4974,26,95,1308,806,686,4,4,1,OK,100,0,0,0,0,0,0,0,0,0,0,0,0,0,0,-1,0,-1,0,0,0,0,0,0,NO_DATA,0,0,0,0,0,0,0,0,0,0,0,0,0,0,0,0,0,0,0,0,0,0,0,OK,0,,0,NONE,,,RECOVERING,0,,0,0,0,0,0,0,0,1,0,0,0,0,0,0,0,0,0,0,0,0,0,0,0,0,0,0,0,26,11,15,0,0,battery?,,TIMEOUT,2391,111968,1115
E3-STATE-CLI-001,telemetry-cli-baseline,Telemetry continuity without GUI,STATE_WATCH,167660,671,0,0,0,0,0,0,,,ERROR,,,,1701,1701,0,4,0,10.4559,10.4844,85,95,1308,806,686,4,4,1,OK,100,0,0,0,0,0,0,0,0,0,0,0,0,0,0,-1,0,-1,0,0,0,0,0,0,NO_DATA,0,0,0,0,0,0,0,0,0,0,0,0,0,0,0,0,0,0,0,0,0,0,0,OK,0,,0,NONE,,,RECOVERING,0,,0,0,0,0,0,0,0,1,0,0,0,0,0,0,0,0,0,0,0,0,0,0,0,0,0,0,0,26,11,15,0,0,battery?,,TIMEOUT,2391,112218,1365
E3-STATE-CLI-001,telemetry-cli-baseline,Telemetry continuity without GUI,STATE_WATCH,167911,672,0,0,0,0,0,0,,,ERROR,,,,1704,1704,0,4,0,10.4627,10.4733,48,95,1308,806,686,4,4,1,OK,100,0,0,0,0,0,0,0,0,0,0,0,0,0,0,-1,0,-1,0,0,0,0,0,0,NO_DATA,0,0,0,0,0,0,0,0,0,0,0,0,0,0,0,0,0,0,0,0,0,0,0,OK,0,,0,NONE,,,RECOVERING,0,,0,0,0,0,0,0,0,1,0,0,0,0,0,0,0,0,0,0,0,0,0,0,0,0,0,0,0,26,11,15,0,0,battery?,,TIMEOUT,2391,112469,1616
E3-STATE-CLI-001,telemetry-cli-baseline,Telemetry continuity without GUI,STATE_WATCH,168161,673,0,0,0,0,0,0,,,ERROR,,,,1707,1707,0,4,0,10.4592,10.4659,11,95,1308,806,686,4,4,1,OK,100,0,0,0,0,0,0,0,0,0,0,0,0,0,0,-1,0,-1,0,0,0,0,0,0,NO_DATA,0,0,0,0,0,0,0,0,0,0,0,0,0,0,0,0,0,0,0,0,0,0,0,OK,0,,0,NONE,,,RECOVERING,0,,0,0,0,0,0,0,0,1,0,0,0,0,0,0,0,0,0,0,0,0,0,0,0,0,0,0,0,26,11,15,0,0,battery?,,TIMEOUT,2391,112719,1866
E3-STATE-CLI-001,telemetry-cli-baseline,Telemetry continuity without GUI,STATE_WATCH,168411,674,0,0,0,0,0,0,,,ERROR,,,,1709,1709,0,4,0,10.4657,10.4635,70,95,1308,806,686,4,4,1,OK,100,0,0,0,0,0,0,0,0,0,0,0,0,0,0,-1,0,-1,0,0,0,0,0,0,NO_DATA,0,0,0,0,0,0,0,0,0,0,0,0,0,0,0,0,0,0,0,0,0,0,0,OK,0,,0,NONE,,,RECOVERING,0,,0,0,0,0,0,0,0,1,0,0,0,0,0,0,0,0,0,0,0,0,0,0,0,0,0,0,0,26,11,15,0,0,battery?,,TIMEOUT,2391,112969,2116
E3-STATE-CLI-001,telemetry-cli-baseline,Telemetry continuity without GUI,STATE_WATCH,168661,675,0,0,0,0,0,0,,,ERROR,,,,1712,1712,0,4,0,10.4585,10.4604,34,95,1308,806,686,4,4,1,OK,100,0,0,0,0,0,0,0,0,0,0,0,0,0,0,-1,0,-1,0,0,0,0,0,0,NO_DATA,0,0,0,0,0,0,0,0,0,0,0,0,0,0,0,0,0,0,0,0,0,0,0,OK,0,,0,NONE,,,RECOVERING,0,,0,0,0,0,0,0,0,1,0,0,0,0,0,0,0,0,0,0,0,0,0,0,0,0,0,0,0,26,11,15,0,0,battery?,,TIMEOUT,2391,113219,2366
E3-STATE-CLI-001,telemetry-cli-baseline,Telemetry continuity without GUI,STATE_WATCH,168911,676,0,0,0,0,0,0,,,ERROR,,,,1715,1715,0,4,0,19.9504,12.3577,42,50,1308,806,686,4,4,1,OK,100,0,0,0,0,0,0,0,0,0,0,0,0,0,0,-1,0,-1,0,0,0,0,0,0,NO_DATA,0,0,0,0,0,0,0,0,0,0,0,0,0,0,0,0,0,0,0,0,0,0,0,OK,0,,0,NONE,,,RECOVERING,0,,0,0,0,0,0,0,0,1,0,0,0,0,0,0,0,0,0,0,0,0,0,0,0,0,0,0,0,26,11,15,0,0,battery?,,TIMEOUT,2391,113469,2616
E3-STATE-CLI-001,telemetry-cli-baseline,Telemetry continuity without GUI,STATE_WATCH,169162,677,0,0,0,0,0,0,,,ERROR,,,,1717,1717,0,4,0,10.0176,11.5125,93,99,1308,806,686,4,4,1,OK,100,0,0,0,0,0,0,0,0,0,0,0,0,0,0,-1,0,-1,0,0,0,0,0,0,NO_DATA,0,0,0,0,0,0,0,0,0,0,0,0,0,0,0,0,0,0,0,0,0,0,0,OK,0,,0,NONE,,,RECOVERING,0,,0,0,0,0,0,0,0,1,0,0,0,0,0,0,0,0,0,0,0,0,0,0,0,0,0,0,0,26,11,15,0,0,battery?,,TIMEOUT,2391,113720,2866
E3-STATE-CLI-001,telemetry-cli-baseline,Telemetry continuity without GUI,STATE_WATCH,169412,678,0,0,0,0,0,0,,,ERROR,,,,1720,1720,0,4,0,9.99769,10.7739,43,100,1308,806,686,4,4,1,OK,100,0,0,0,0,0,0,0,0,0,0,0,0,0,0,-1,0,-1,0,0,0,0,0,0,NO_DATA,0,0,0,0,0,0,0,0,0,0,0,0,0,0,0,0,0,0,0,0,0,0,0,OK,0,,0,NONE,,,RECOVERING,0,,0,0,0,0,0,0,0,1,0,0,0,0,0,0,0,0,0,0,0,0,0,0,0,0,0,0,0,26,11,15,0,0,battery?,,TIMEOUT,2391,113970,3117
E3-STATE-CLI-001,telemetry-cli-baseline,Telemetry continuity without GUI,STATE_WATCH,169662,679,0,0,0,0,0,0,,,ERROR,,,,1722,1722,0,4,0,10.082,10.5011,93,99,1308,806,686,4,4,1,OK,100,0,0,0,0,0,0,0,0,0,0,0,0,0,0,-1,0,-1,0,0,0,0,0,0,NO_DATA,0,0,0,0,0,0,0,0,0,0,0,0,0,0,0,0,0,0,0,0,0,0,0,OK,0,,0,NONE,,,RECOVERING,0,,0,0,0,0,0,0,0,1,0,0,0,0,0,0,0,0,0,0,0,0,0,0,0,0,0,0,0,26,11,15,0,0,battery?,,TIMEOUT,2391,114220,3367
E3-STATE-CLI-001,telemetry-cli-baseline,Telemetry continuity without GUI,STATE_WATCH,169912,680,0,0,0,0,0,0,,,ERROR,,,,1725,1725,0,4,0,10.0103,10.2591,44,99,1308,806,686,4,4,1,OK,100,0,0,0,0,0,0,0,0,0,0,0,0,0,0,-1,0,-1,0,0,0,0,0,0,NO_DATA,0,0,0,0,0,0,0,0,0,0,0,0,0,0,0,0,0,0,0,0,0,0,0,OK,0,,0,NONE,,,RECOVERING,0,,0,0,0,0,0,0,0,1,0,0,0,0,0,0,0,0,0,0,0,0,0,0,0,0,0,0,0,26,11,15,0,0,battery?,,TIMEOUT,2391,114470,3617
E3-STATE-CLI-001,telemetry-cli-baseline,Telemetry continuity without GUI,STATE_WATCH,170162,681,0,0,0,0,0,0,,,ERROR,,,,1727,1727,0,4,0,10.0419,10.174,94,99,1308,806,686,4,4,1,OK,100,0,0,0,0,0,0,0,0,0,0,0,0,0,0,-1,0,-1,0,0,0,0,0,0,NO_DATA,0,0,0,0,0,0,0,0,0,0,0,0,0,0,0,0,0,0,0,0,0,0,0,OK,0,,0,NONE,,,RECOVERING,0,,0,0,0,0,0,0,0,1,0,0,0,0,0,0,0,0,0,0,0,0,0,0,0,0,0,0,0,26,11,15,0,0,battery?,,TIMEOUT,2391,114720,3867
E3-STATE-CLI-001,telemetry-cli-baseline,Telemetry continuity without GUI,STATE_WATCH,170412,682,0,0,0,0,0,0,,,ERROR,,,,1730,1730,0,4,0,9.99775,10.0874,44,100,1308,806,686,4,4,1,OK,100,0,0,0,0,0,0,0,0,0,0,0,0,0,0,-1,0,-1,0,0,0,0,0,0,NO_DATA,0,0,0,0,0,0,0,0,0,0,0,0,0,0,0,0,0,0,0,0,0,0,0,OK,0,,0,NONE,,,RECOVERING,0,,0,0,0,0,0,0,0,1,0,0,0,0,0,0,0,0,0,0,0,0,0,0,0,0,0,0,0,26,11,15,0,0,battery?,,TIMEOUT,2391,114971,4117
E3-STATE-CLI-001,telemetry-cli-baseline,Telemetry continuity without GUI,STATE_WATCH,170663,683,0,0,0,0,0,0,,,ERROR,,,,1732,1732,0,4,0,10.0028,10.0582,95,99,1308,806,686,4,4,1,OK,100,0,0,0,0,0,0,0,0,0,0,0,0,0,0,-1,0,-1,0,0,0,0,0,0,NO_DATA,0,0,0,0,0,0,0,0,0,0,0,0,0,0,0,0,0,0,0,0,0,0,0,OK,0,,0,NONE,,,RECOVERING,0,,0,0,0,0,0,0,0,1,0,0,0,0,0,0,0,0,0,0,0,0,0,0,0,0,0,0,0,26,11,15,0,0,battery?,,TIMEOUT,2391,115221,4368
E3-STATE-CLI-001,telemetry-cli-baseline,Telemetry continuity without GUI,STATE_WATCH,170913,684,0,0,0,0,0,0,,,ERROR,,,,1735,1735,0,4,0,10.0199,10.0323,45,99,1308,806,686,4,4,1,OK,100,0,0,0,0,0,0,0,0,0,0,0,0,0,0,-1,0,-1,0,0,0,0,0,0,NO_DATA,0,0,0,0,0,0,0,0,0,0,0,0,0,0,0,0,0,0,0,0,0,0,0,OK,0,,0,NONE,,,RECOVERING,0,,0,0,0,0,0,0,0,1,0,0,0,0,0,0,0,0,0,0,0,0,0,0,0,0,0,0,0,26,11,15,0,0,battery?,,TIMEOUT,2391,115471,4618
E3-STATE-CLI-001,telemetry-cli-baseline,Telemetry continuity without GUI,STATE_WATCH,171163,685,0,0,0,0,0,0,,,ERROR,,,,1737,1737,0,4,0,10.0032,10.0199,95,99,1308,806,686,4,4,1,OK,100,0,0,0,0,0,0,0,0,0,0,0,0,0,0,-1,0,-1,0,0,0,0,0,0,NO_DATA,0,0,0,0,0,0,0,0,0,0,0,0,0,0,0,0,0,0,0,0,0,0,0,OK,0,,0,NONE,,,RECOVERING,0,,0,0,0,0,0,0,0,1,0,0,0,0,0,0,0,0,0,0,0,0,0,0,0,0,0,0,0,26,11,15,0,0,battery?,,TIMEOUT,2391,115721,4868
E3-STATE-CLI-001,telemetry-cli-baseline,Telemetry continuity without GUI,STATE_WATCH,171413,686,0,0,0,0,0,0,,,ERROR,,,,1740,1740,0,4,0,9.99712,10.0126,46,100,1308,806,686,4,4,1,OK,100,0,0,0,0,0,0,0,0,0,0,0,0,0,0,-1,0,-1,0,0,0,0,0,0,NO_DATA,0,0,0,0,0,0,0,0,0,0,0,0,0,0,0,0,0,0,0,0,0,0,0,OK,0,,0,NONE,,,RECOVERING,0,,0,0,0,0,0,0,0,1,0,0,0,0,0,0,0,0,0,0,0,0,0,0,0,0,0,0,0,26,11,15,0,0,battery?,,TIMEOUT,2391,115971,5118
E3-STATE-CLI-001,telemetry-cli-baseline,Telemetry continuity without GUI,STATE_WATCH,171664,687,0,0,0,0,0,0,,,ERROR,,,,1742,1742,0,4,0,10.0193,10.0141,96,99,1308,806,686,4,4,1,OK,100,0,0,0,0,0,0,0,0,0,0,0,0,0,0,-1,0,-1,0,0,0,0,0,0,NO_DATA,0,0,0,0,0,0,0,0,0,0,0,0,0,0,0,0,0,0,0,0,0,0,0,OK,0,,0,NONE,,,RECOVERING,0,,0,0,0,0,0,0,0,1,0,0,0,0,0,0,0,0,0,0,0,0,0,0,0,0,0,0,0,26,11,15,0,0,battery?,,TIMEOUT,2391,116222,5369
E3-STATE-CLI-001,telemetry-cli-baseline,Telemetry continuity without GUI,STATE_WATCH,171914,688,0,0,0,0,0,0,,,ERROR,,,,1745,1745,0,4,0,10.0045,10.0078,46,99,1308,806,686,4,4,1,OK,100,0,0,0,0,0,0,0,0,0,0,0,0,0,0,-1,0,-1,0,0,0,0,0,0,NO_DATA,0,0,0,0,0,0,0,0,0,0,0,0,0,0,0,0,0,0,0,0,0,0,0,OK,0,,0,NONE,,,RECOVERING,0,,0,0,0,0,0,0,0,1,0,0,0,0,0,0,0,0,0,0,0,0,0,0,0,0,0,0,0,26,11,15,0,0,battery?,,TIMEOUT,2391,116472,5619
E3-STATE-CLI-001,telemetry-cli-baseline,Telemetry continuity without GUI,STATE_WATCH,172164,689,0,0,0,0,0,0,,,ERROR,,,,1747,1747,0,4,0,10.0122,10.0077,97,99,1308,806,686,4,4,1,OK,100,0,0,0,0,0,0,0,0,0,0,0,0,0,0,-1,0,-1,0,0,0,0,0,0,NO_DATA,0,0,0,0,0,0,0,0,0,0,0,0,0,0,0,0,0,0,0,0,0,0,0,OK,0,,0,NONE,,,RECOVERING,0,,0,0,0,0,0,0,0,1,0,0,0,0,0,0,0,0,0,0,0,0,0,0,0,0,0,0,0,26,11,15,0,0,battery?,,TIMEOUT,2391,116722,5869
E3-STATE-CLI-001,telemetry-cli-baseline,Telemetry continuity without GUI,STATE_WATCH,172414,690,0,0,0,0,0,0,,,ERROR,,,,1750,1750,0,4,0,19.9788,12.0032,97,50,1308,806,686,4,4,1,OK,100,0,0,0,0,0,0,0,0,0,0,0,0,0,0,-1,0,-1,0,0,0,0,0,0,NO_DATA,0,0,0,0,0,0,0,0,0,0,0,0,0,0,0,0,0,0,0,0,0,0,0,OK,0,,0,NONE,,,RECOVERING,0,,0,0,0,0,0,0,0,1,0,0,0,0,0,0,0,0,0,0,0,0,0,0,0,0,0,0,0,26,11,15,0,0,battery?,,TIMEOUT,2391,116972,6119
E3-STATE-CLI-001,telemetry-cli-baseline,Telemetry continuity without GUI,STATE_WATCH,172664,691,0,0,0,0,0,0,,,ERROR,,,,1753,1753,0,4,0,10.0096,11.0301,47,99,1308,806,686,4,4,1,OK,100,0,0,0,0,0,0,0,0,0,0,0,0,0,0,-1,0,-1,0,0,0,0,0,0,NO_DATA,0,0,0,0,0,0,0,0,0,0,0,0,0,0,0,0,0,0,0,0,0,0,0,OK,0,,0,NONE,,,RECOVERING,0,,0,0,0,0,0,0,0,1,0,0,0,0,0,0,0,0,0,0,0,0,0,0,0,0,0,0,0,26,11,15,0,0,battery?,,TIMEOUT,2391,117222,6369
E3-STATE-CLI-001,telemetry-cli-baseline,Telemetry continuity without GUI,STATE_WATCH,172915,692,0,0,0,0,0,0,,,ERROR,,,,1755,1755,0,4,0,9.99111,10.6559,98,100,1308,806,686,4,4,1,OK,100,0,0,0,0,0,0,0,0,0,0,0,0,0,0,-1,0,-1,0,0,0,0,0,0,NO_DATA,0,0,0,0,0,0,0,0,0,0,0,0,0,0,0,0,0,0,0,0,0,0,0,OK,0,,0,NONE,,,RECOVERING,0,,0,0,0,0,0,0,0,1,0,0,0,0,0,0,0,0,0,0,0,0,0,0,0,0,0,0,0,26,11,15,0,0,battery?,,TIMEOUT,2391,117473,6620
E3-STATE-CLI-001,telemetry-cli-baseline,Telemetry continuity without GUI,STATE_WATCH,173165,693,0,0,0,0,0,0,,,ERROR,,,,1758,1758,0,4,0,10.0131,10.3374,48,99,1308,806,686,4,4,1,OK,100,0,0,0,0,0,0,0,0,0,0,0,0,0,0,-1,0,-1,0,0,0,0,0,0,NO_DATA,0,0,0,0,0,0,0,0,0,0,0,0,0,0,0,0,0,0,0,0,0,0,0,OK,0,,0,NONE,,,RECOVERING,0,,0,0,0,0,0,0,0,1,0,0,0,0,0,0,0,0,0,0,0,0,0,0,0,0,0,0,0,26,11,15,0,0,battery?,,TIMEOUT,2391,117723,6870
E3-STATE-CLI-001,telemetry-cli-baseline,Telemetry continuity without GUI,STATE_WATCH,173415,694,0,0,0,0,0,0,,,ERROR,,,,1760,1760,0,4,0,10.0147,10.2208,98,99,1308,806,686,4,4,1,OK,100,0,0,0,0,0,0,0,0,0,0,0,0,0,0,-1,0,-1,0,0,0,0,0,0,NO_DATA,0,0,0,0,0,0,0,0,0,0,0,0,0,0,0,0,0,0,0,0,0,0,0,OK,0,,0,NONE,,,RECOVERING,0,,0,0,0,0,0,0,0,1,0,0,0,0,0,0,0,0,0,0,0,0,0,0,0,0,0,0,0,26,11,15,0,0,battery?,,TIMEOUT,2391,117973,7120
E3-STATE-CLI-001,telemetry-cli-baseline,Telemetry continuity without GUI,STATE_WATCH,173665,695,0,0,0,0,0,0,,,ERROR,,,,1763,1763,0,4,0,10.0146,10.1176,49,99,1308,806,686,4,4,1,OK,100,0,0,0,0,0,0,0,0,0,0,0,0,0,0,-1,0,-1,0,0,0,0,0,0,NO_DATA,0,0,0,0,0,0,0,0,0,0,0,0,0,0,0,0,0,0,0,0,0,0,0,OK,0,,0,NONE,,,RECOVERING,0,,0,0,0,0,0,0,0,1,0,0,0,0,0,0,0,0,0,0,0,0,0,0,0,0,0,0,0,26,11,15,0,0,battery?,,TIMEOUT,2391,118223,7370
E3-STATE-CLI-001,telemetry-cli-baseline,Telemetry continuity without GUI,STATE_WATCH,173915,696,0,0,0,0,0,0,,,ERROR,,,,1765,1765,0,4,0,10.0068,10.0704,99,99,1308,806,686,4,4,1,OK,100,0,0,0,0,0,0,0,0,0,0,0,0,0,0,-1,0,-1,0,0,0,0,0,0,NO_DATA,0,0,0,0,0,0,0,0,0,0,0,0,0,0,0,0,0,0,0,0,0,0,0,OK,0,,0,NONE,,,RECOVERING,0,,0,0,0,0,0,0,0,1,0,0,0,0,0,0,0,0,0,0,0,0,0,0,0,0,0,0,0,27,11,16,0,0,battery?,,TIMEOUT,2391,118474,228
E3-STATE-CLI-001,telemetry-cli-baseline,Telemetry continuity without GUI,STATE_WATCH,174166,697,0,0,0,0,0,0,,,ERROR,,,,1768,1768,0,4,0,9.50939,9.94446,44,105,1308,806,686,4,4,1,OK,100,0,0,0,0,0,0,0,0,0,0,0,0,0,0,-1,0,-1,0,0,0,0,0,0,NO_DATA,0,0,0,0,0,0,0,0,0,0,0,0,0,0,0,0,0,0,0,0,0,0,0,OK,0,,0,NONE,,,RECOVERING,0,,0,0,0,0,0,0,0,1,0,0,0,0,0,0,0,0,0,0,0,0,0,0,0,0,0,0,0,27,11,16,0,0,battery?,,TIMEOUT,2391,118724,479
E3-STATE-CLI-001,telemetry-cli-baseline,Telemetry continuity without GUI,STATE_WATCH,174416,698,0,0,0,0,0,0,,,ERROR,,,,1771,1771,0,4,0,10.0067,10.0442,0,99,1308,806,686,4,4,1,OK,100,0,0,0,0,0,0,0,0,0,0,0,0,0,0,-1,0,-1,0,0,0,0,0,0,NO_DATA,0,0,0,0,0,0,0,0,0,0,0,0,0,0,0,0,0,0,0,0,0,0,0,OK,0,,0,NONE,,,RECOVERING,0,,0,0,0,0,0,0,0,1,0,0,0,0,0,0,0,0,0,0,0,0,0,0,0,0,0,0,0,27,11,16,0,0,battery?,,TIMEOUT,2391,118974,729
E3-STATE-CLI-001,telemetry-cli-baseline,Telemetry continuity without GUI,STATE_WATCH,174666,699,0,0,0,0,0,0,,,ERROR,,,,1773,1773,0,4,0,10.0265,10.0307,50,99,1308,806,686,4,4,1,OK,100,0,0,0,0,0,0,0,0,0,0,0,0,0,0,-1,0,-1,0,0,0,0,0,0,NO_DATA,0,0,0,0,0,0,0,0,0,0,0,0,0,0,0,0,0,0,0,0,0,0,0,OK,0,,0,NONE,,,RECOVERING,0,,0,0,0,0,0,0,0,1,0,0,0,0,0,0,0,0,0,0,0,0,0,0,0,0,0,0,0,27,11,16,0,0,battery?,,TIMEOUT,2391,119224,979
E3-STATE-CLI-001,telemetry-cli-baseline,Telemetry continuity without GUI,STATE_WATCH,174916,700,0,0,0,0,0,0,,,ERROR,,,,1776,1776,0,4,0,9.9904,10.0172,0,100,1308,806,686,4,4,1,OK,100,0,0,0,0,0,0,0,0,0,0,0,0,0,0,-1,0,-1,0,0,0,0,0,0,NO_DATA,0,0,0,0,0,0,0,0,0,0,0,0,0,0,0,0,0,0,0,0,0,0,0,OK,0,,0,NONE,,,RECOVERING,0,,0,0,0,0,0,0,0,1,0,0,0,0,0,0,0,0,0,0,0,0,0,0,0,0,0,0,0,27,11,16,0,0,battery?,,TIMEOUT,2391,119474,1229
E3-STATE-CLI-001,telemetry-cli-baseline,Telemetry continuity without GUI,STATE_WATCH,175166,701,0,0,0,0,0,0,,,ERROR,,,,1778,1778,0,4,0,10.0029,10.0135,51,99,1308,806,686,4,4,1,OK,100,0,0,0,0,0,0,0,0,0,0,0,0,0,0,-1,0,-1,0,0,0,0,0,0,NO_DATA,0,0,0,0,0,0,0,0,0,0,0,0,0,0,0,0,0,0,0,0,0,0,0,OK,0,,0,NONE,,,RECOVERING,0,,0,0,0,0,0,0,0,1,0,0,0,0,0,0,0,0,0,0,0,0,0,0,0,0,0,0,0,27,11,16,0,0,battery?,,TIMEOUT,2391,119724,1479
E3-STATE-CLI-001,telemetry-cli-baseline,Telemetry continuity without GUI,STATE_WATCH,175417,702,0,0,0,0,0,0,,,ERROR,,,,1781,1781,0,4,0,19.9033,11.9896,51,50,1308,806,686,4,4,1,OK,100,0,0,0,0,0,0,0,0,0,0,0,0,0,0,-1,0,-1,0,0,0,0,0,0,NO_DATA,0,0,0,0,0,0,0,0,0,0,0,0,0,0,0,0,0,0,0,0,0,0,0,OK,0,,0,NONE,,,RECOVERING,0,,0,0,0,0,0,0,0,1,0,0,0,0,0,0,0,0,0,0,0,0,0,0,0,0,0,0,0,27,11,16,0,0,battery?,,TIMEOUT,2391,119975,1730
E3-STATE-CLI-001,telemetry-cli-baseline,Telemetry continuity without GUI,STATE_WATCH,175667,703,0,0,0,0,0,0,,,ERROR,,,,1784,1784,0,4,0,10.0122,11.0244,1,99,1308,806,686,4,4,1,OK,100,0,0,0,0,0,0,0,0,0,0,0,0,0,0,-1,0,-1,0,0,0,0,0,0,NO_DATA,0,0,0,0,0,0,0,0,0,0,0,0,0,0,0,0,0,0,0,0,0,0,0,OK,0,,0,NONE,,,RECOVERING,0,,0,0,0,0,0,0,0,1,0,0,0,0,0,0,0,0,0,0,0,0,0,0,0,0,0,0,0,27,11,16,0,0,battery?,,TIMEOUT,2391,120225,1980
E3-STATE-CLI-001,telemetry-cli-baseline,Telemetry continuity without GUI,STATE_WATCH,175917,704,0,0,0,0,0,0,,,ERROR,,,,1786,1786,0,4,0,10.0143,10.6547,51,99,1308,806,686,4,4,1,OK,100,0,0,0,0,0,0,0,0,0,0,0,0,0,0,-1,0,-1,0,0,0,0,0,0,NO_DATA,0,0,0,0,0,0,0,0,0,0,0,0,0,0,0,0,0,0,0,0,0,0,0,OK,0,,0,NONE,,,RECOVERING,0,,0,0,0,0,0,0,0,1,0,0,0,0,0,0,0,0,0,0,0,0,0,0,0,0,0,0,0,27,11,16,0,0,battery?,,TIMEOUT,2391,120475,2230
E3-STATE-CLI-001,telemetry-cli-baseline,Telemetry continuity without GUI,STATE_WATCH,176167,705,0,0,0,0,0,0,,,ERROR,,,,1789,1789,0,4,0,9.97862,10.3353,2,100,1308,806,686,4,4,1,OK,100,0,0,0,0,0,0,0,0,0,0,0,0,0,0,-1,0,-1,0,0,0,0,0,0,NO_DATA,0,0,0,0,0,0,0,0,0,0,0,0,0,0,0,0,0,0,0,0,0,0,0,OK,0,,0,NONE,,,RECOVERING,0,,0,0,0,0,0,0,0,1,0,0,0,0,0,0,0,0,0,0,0,0,0,0,0,0,0,0,0,27,11,16,0,0,battery?,,TIMEOUT,2391,120725,2480
E3-STATE-CLI-001,telemetry-cli-baseline,Telemetry continuity without GUI,STATE_WATCH,176417,706,0,0,0,0,0,0,,,ERROR,,,,1791,1791,0,4,0,9.93328,10.1997,51,100,1308,806,686,4,4,1,OK,100,0,0,0,0,0,0,0,0,0,0,0,0,0,0,-1,0,-1,0,0,0,0,0,0,NO_DATA,0,0,0,0,0,0,0,0,0,0,0,0,0,0,0,0,0,0,0,0,0,0,0,OK,0,,0,NONE,,,RECOVERING,0,,0,0,0,0,0,0,0,1,0,0,0,0,0,0,0,0,0,0,0,0,0,0,0,0,0,0,0,27,11,16,0,0,battery?,,TIMEOUT,2391,120975,2730
E3-STATE-CLI-001,telemetry-cli-baseline,Telemetry continuity without GUI,STATE_WATCH,176668,707,0,0,0,0,0,0,,,ERROR,,,,1794,1794,0,4,0,10.0107,10.1208,3,99,1308,806,686,4,4,1,OK,100,0,0,0,0,0,0,0,0,0,0,0,0,0,0,-1,0,-1,0,0,0,0,0,0,NO_DATA,0,0,0,0,0,0,0,0,0,0,0,0,0,0,0,0,0,0,0,0,0,0,0,OK,0,,0,NONE,,,RECOVERING,0,,0,0,0,0,0,0,0,1,0,0,0,0,0,0,0,0,0,0,0,0,0,0,0,0,0,0,0,27,11,16,0,0,battery?,,TIMEOUT,2391,121226,2981
E3-STATE-CLI-001,telemetry-cli-baseline,Telemetry continuity without GUI,STATE_WATCH,176918,708,0,0,0,0,0,0,,,ERROR,,,,1796,1796,0,4,0,10.0272,10.0783,53,99,1308,806,686,4,4,1,OK,100,0,0,0,0,0,0,0,0,0,0,0,0,0,0,-1,0,-1,0,0,0,0,0,0,NO_DATA,0,0,0,0,0,0,0,0,0,0,0,0,0,0,0,0,0,0,0,0,0,0,0,OK,0,,0,NONE,,,RECOVERING,0,,0,0,0,0,0,0,0,1,0,0,0,0,0,0,0,0,0,0,0,0,0,0,0,0,0,0,0,27,11,16,0,0,battery?,,TIMEOUT,2391,121476,3231
E3-STATE-CLI-001,telemetry-cli-baseline,Telemetry continuity without GUI,STATE_WATCH,177168,709,0,0,0,0,0,0,,,ERROR,,,,1799,1799,0,4,0,10.0016,10.0429,3,99,1308,806,686,4,4,1,OK,100,0,0,0,0,0,0,0,0,0,0,0,0,0,0,-1,0,-1,0,0,0,0,0,0,NO_DATA,0,0,0,0,0,0,0,0,0,0,0,0,0,0,0,0,0,0,0,0,0,0,0,OK,0,,0,NONE,,,RECOVERING,0,,0,0,0,0,0,0,0,1,0,0,0,0,0,0,0,0,0,0,0,0,0,0,0,0,0,0,0,27,11,16,0,0,battery?,,TIMEOUT,2391,121726,3481
E3-STATE-CLI-001,telemetry-cli-baseline,Telemetry continuity without GUI,STATE_WATCH,177418,710,0,0,0,0,0,0,,,ERROR,,,,1801,1801,0,4,0,10.0161,10.0298,54,99,1308,806,686,4,4,1,OK,100,0,0,0,0,0,0,0,0,0,0,0,0,0,0,-1,0,-1,0,0,0,0,0,0,NO_DATA,0,0,0,0,0,0,0,0,0,0,0,0,0,0,0,0,0,0,0,0,0,0,0,OK,0,,0,NONE,,,RECOVERING,0,,0,0,0,0,0,0,0,1,0,0,0,0,0,0,0,0,0,0,0,0,0,0,0,0,0,0,0,27,11,16,0,0,battery?,,TIMEOUT,2391,121976,3731
E3-STATE-CLI-001,telemetry-cli-baseline,Telemetry continuity without GUI,STATE_WATCH,177668,711,0,0,0,0,0,0,,,ERROR,,,,1804,1804,0,4,0,9.99768,10.0161,4,100,1308,806,686,4,4,1,OK,100,0,0,0,0,0,0,0,0,0,0,0,0,0,0,-1,0,-1,0,0,0,0,0,0,NO_DATA,0,0,0,0,0,0,0,0,0,0,0,0,0,0,0,0,0,0,0,0,0,0,0,OK,0,,0,NONE,,,RECOVERING,0,,0,0,0,0,0,0,0,1,0,0,0,0,0,0,0,0,0,0,0,0,0,0,0,0,0,0,0,27,11,16,0,0,battery?,,TIMEOUT,2391,122227,3981
E3-STATE-CLI-001,telemetry-cli-baseline,Telemetry continuity without GUI,STATE_WATCH,177919,712,0,0,0,0,0,0,,,ERROR,,,,1806,1806,0,4,0,10.0075,10.0079,54,99,1308,806,686,4,4,1,OK,100,0,0,0,0,0,0,0,0,0,0,0,0,0,0,-1,0,-1,0,0,0,0,0,0,NO_DATA,0,0,0,0,0,0,0,0,0,0,0,0,0,0,0,0,0,0,0,0,0,0,0,OK,0,,0,NONE,,,RECOVERING,0,,0,0,0,0,0,0,0,1,0,0,0,0,0,0,0,0,0,0,0,0,0,0,0,0,0,0,0,27,11,16,0,0,battery?,,TIMEOUT,2391,122477,4232
E3-STATE-CLI-001,telemetry-cli-baseline,Telemetry continuity without GUI,STATE_WATCH,178169,713,0,0,0,0,0,0,,,ERROR,,,,1809,1809,0,4,0,9.96407,10.0035,4,100,1308,806,686,4,4,1,OK,100,0,0,0,0,0,0,0,0,0,0,0,0,0,0,-1,0,-1,0,0,0,0,0,0,NO_DATA,0,0,0,0,0,0,0,0,0,0,0,0,0,0,0,0,0,0,0,0,0,0,0,OK,0,,0,NONE,,,RECOVERING,0,,0,0,0,0,0,0,0,1,0,0,0,0,0,0,0,0,0,0,0,0,0,0,0,0,0,0,0,27,11,16,0,0,battery?,,TIMEOUT,2391,122727,4482
E3-STATE-CLI-001,telemetry-cli-baseline,Telemetry continuity without GUI,STATE_WATCH,178419,714,0,0,0,0,0,0,,,ERROR,,,,1811,1811,0,4,0,9.98665,10.006,55,100,1308,806,686,4,4,1,OK,100,0,0,0,0,0,0,0,0,0,0,0,0,0,0,-1,0,-1,0,0,0,0,0,0,NO_DATA,0,0,0,0,0,0,0,0,0,0,0,0,0,0,0,0,0,0,0,0,0,0,0,OK,0,,0,NONE,,,RECOVERING,0,,0,0,0,0,0,0,0,1,0,0,0,0,0,0,0,0,0,0,0,0,0,0,0,0,0,0,0,27,11,16,0,0,battery?,,TIMEOUT,2391,122977,4732
E3-STATE-CLI-001,telemetry-cli-baseline,Telemetry continuity without GUI,STATE_WATCH,178669,715,0,0,0,0,0,0,,,ERROR,,,,1814,1814,0,4,0,10.0066,10.0082,5,99,1308,806,686,4,4,1,OK,100,0,0,0,0,0,0,0,0,0,0,0,0,0,0,-1,0,-1,0,0,0,0,0,0,NO_DATA,0,0,0,0,0,0,0,0,0,0,0,0,0,0,0,0,0,0,0,0,0,0,0,OK,0,,0,NONE,,,RECOVERING,0,,0,0,0,0,0,0,0,1,0,0,0,0,0,0,0,0,0,0,0,0,0,0,0,0,0,0,0,27,11,16,0,0,battery?,,TIMEOUT,2391,123227,4982
E3-STATE-CLI-001,telemetry-cli-baseline,Telemetry continuity without GUI,STATE_WATCH,178919,716,0,0,0,0,0,0,,,ERROR,,,,1817,1817,0,4,0,10.0056,11.2774,5,99,1308,806,686,4,4,1,OK,100,0,0,0,0,0,0,0,0,0,0,0,0,0,0,-1,0,-1,0,0,0,0,0,0,NO_DATA,0,0,0,0,0,0,0,0,0,0,0,0,0,0,0,0,0,0,0,0,0,0,0,OK,0,,0,NONE,,,RECOVERING,0,,0,0,0,0,0,0,0,1,0,0,0,0,0,0,0,0,0,0,0,0,0,0,0,0,0,0,0,27,11,16,0,0,battery?,,TIMEOUT,2391,123478,5232
E3-STATE-CLI-001,telemetry-cli-baseline,Telemetry continuity without GUI,STATE_WATCH,179170,717,0,0,0,0,0,0,,,ERROR,,,,1819,1819,0,4,0,10.0047,10.8194,56,99,1308,806,686,4,4,1,OK,100,0,0,0,0,0,0,0,0,0,0,0,0,0,0,-1,0,-1,0,0,0,0,0,0,NO_DATA,0,0,0,0,0,0,0,0,0,0,0,0,0,0,0,0,0,0,0,0,0,0,0,OK,0,,0,NONE,,,RECOVERING,0,,0,0,0,0,0,0,0,1,0,0,0,0,0,0,0,0,0,0,0,0,0,0,0,0,0,0,0,27,11,16,0,0,battery?,,TIMEOUT,2391,123728,5483
E3-STATE-CLI-001,telemetry-cli-baseline,Telemetry continuity without GUI,STATE_WATCH,179420,718,0,0,0,0,0,0,,,ERROR,,,,1822,1822,0,4,0,10.0042,10.422,6,99,1308,806,686,4,4,1,OK,100,0,0,0,0,0,0,0,0,0,0,0,0,0,0,-1,0,-1,0,0,0,0,0,0,NO_DATA,0,0,0,0,0,0,0,0,0,0,0,0,0,0,0,0,0,0,0,0,0,0,0,OK,0,,0,NONE,,,RECOVERING,0,,0,0,0,0,0,0,0,1,0,0,0,0,0,0,0,0,0,0,0,0,0,0,0,0,0,0,0,27,11,16,0,0,battery?,,TIMEOUT,2391,123978,5733
E3-STATE-CLI-001,telemetry-cli-baseline,Telemetry continuity without GUI,STATE_WATCH,179670,719,0,0,0,0,0,0,,,ERROR,,,,1824,1824,0,4,0,10.0017,10.2707,56,99,1308,806,686,4,4,1,OK,100,0,0,0,0,0,0,0,0,0,0,0,0,0,0,-1,0,-1,0,0,0,0,0,0,NO_DATA,0,0,0,0,0,0,0,0,0,0,0,0,0,0,0,0,0,0,0,0,0,0,0,OK,0,,0,NONE,,,RECOVERING,0,,0,0,0,0,0,0,0,1,0,0,0,0,0,0,0,0,0,0,0,0,0,0,0,0,0,0,0,27,11,16,0,0,battery?,,TIMEOUT,2391,124228,5983
E3-STATE-CLI-001,telemetry-cli-baseline,Telemetry continuity without GUI,STATE_WATCH,179920,720,0,0,0,0,0,0,,,ERROR,,,,1827,1827,0,4,0,10.0034,10.1412,7,99,1308,806,686,4,4,1,OK,100,0,0,0,0,0,0,0,0,0,0,0,0,0,0,-1,0,-1,0,0,0,0,0,0,NO_DATA,0,0,0,0,0,0,0,0,0,0,0,0,0,0,0,0,0,0,0,0,0,0,0,OK,0,,0,NONE,,,RECOVERING,0,,0,0,0,0,0,0,0,1,0,0,0,0,0,0,0,0,0,0,0,0,0,0,0,0,0,0,0,27,11,16,0,0,battery?,,TIMEOUT,2391,124478,6233
