test_id,scenario,notes,run_mode,elapsed_ms,attempt,command_samples,command_successes,command_failures,command_latency_ms_avg,command_latency_ms_min,command_latency_ms_max,last_command,last_response,last_command_result,command_source,command_executor_last_error,command_executor_attempt_log,telemetry_packets_total,telemetry_packets_valid,telemetry_packets_invalid,telemetry_timeouts,telemetry_errors,telemetry_hz_instant,telemetry_hz_ema,telemetry_age_ms,telemetry_interarrival_ms,telemetry_max_interarrival_ms,telemetry_last_gap_ms,telemetry_last_gap_sequence,telemetry_gap_events_300ms,telemetry_gap_events_500ms,telemetry_gap_events_1000ms,telemetry_quality,telemetry_quality_score,telemetry_state_available,telemetry_h,telemetry_tof,telemetry_baro,telemetry_vgz,telemetry_bat,telemetry_templ,telemetry_temph,video_packets_total,video_bytes_total,video_timeouts,video_errors,video_pps_instant,video_pps_ema,video_age_ms,video_packet_delta,video_interarrival_ms,video_max_interarrival_ms,video_last_gap_ms,video_last_gap_sequence,video_gap_events_300ms,video_gap_events_500ms,video_gap_events_1000ms,video_quality,video_quality_score,nal_packets_in,nal_bytes_in,nal_units,nal_sps,nal_pps,nal_idr,nal_non_idr,nal_other,nal_decode_gated,nal_resyncs,nal_buffered_bytes,decoder_nals_in,decoder_packets_sent,decoder_frames_decoded,decoder_errors,decoder_fps_ema,frame_width,frame_height,keyframes,paused,overlay_enabled,recovery_attempted,recovery_result,recovery_hard,recovery_stage,recovery_command_channel_available,event,log_timestamp,log_message,connection_state,last_outage_failures,plot_metric,state_sequence_delta,state_receiver_running,rc_stream_active,rc_left_right,rc_forward_back,rc_up_down,rc_yaw,keepalive_running,auto_refresh_active,critical_command_active,pause_keepalive_ms,neutral_rc_ms,critical_command_ms,gui_vision_tick_delay_ms,gui_state_tick_delay_ms,vision_refresh_duration_ms,state_refresh_duration_ms,frame_convert_ms,frame_scale_ms,plot_paint_ms,vision_frame_mutex_wait_ms,state_history_fetch_ms,command_mutex_wait_ms,ui_frames_converted,ui_frames_dropped,ui_frames_displayed,plot_samples_displayed,keepalive_tick_total,keepalive_success_total,keepalive_failure_total,keepalive_skipped_busy_total,keepalive_skipped_uninitialized_total,keepalive_last_command,keepalive_last_response,keepalive_last_result,keepalive_last_latency_ms,keepalive_last_success_age_ms,keepalive_last_tick_age_ms
,gui,,CONTROL_PANEL,1,1,0,0,0,0,0,0,,,ERROR,,,,18,18,0,0,0,10.0259,10.0751,96,99,108,0,0,0,0,0,OK,100,1,0,10,182.08,0,70,59,61,0,0,0,0,0,0,-1,0,-1,0,0,0,0,0,0,NO_DATA,0,0,0,0,0,0,0,0,0,0,0,0,0,0,0,0,0,0,0,0,0,0,0,OK,0,,0,log,2026-07-02T14:47:32.453,recording started | gui_csv=ON | state_recording=ON,CONNECTED,0,pitch,0,1,0,0,0,0,0,1,0,0,0,0,0,125,249,0,0,0,0,0,0,0,0,0,0,0,17,0,0,0,0,0,battery?,,ERROR,0,-1,-1
,gui,,CONTROL_PANEL,1,2,0,0,0,0,0,0,,,ERROR,,,,18,18,0,0,0,10.0259,10.0751,96,99,108,0,0,0,0,0,OK,100,1,0,10,182.08,0,70,59,61,0,0,0,0,0,0,-1,0,-1,0,0,0,0,0,0,NO_DATA,0,0,0,0,0,0,0,0,0,0,0,0,0,0,0,0,0,0,0,0,0,0,0,OK,0,,0,logging:start,,,CONNECTED,0,pitch,0,1,0,0,0,0,0,1,0,0,0,0,0,125,249,0,0,0,0,0,0,0,0,0,0,0,17,0,0,0,0,0,battery?,,ERROR,0,-1,-1
,gui,,CONTROL_PANEL,1974,3,0,0,0,0,0,0,,,ERROR,,,,38,38,0,0,0,9.82631,9.92408,92,101,108,0,0,0,0,0,OK,100,1,0,10,182.09,0,70,58,61,0,0,0,0,0,0,-1,0,-1,0,0,0,0,0,0,NO_DATA,0,0,0,0,0,0,0,0,0,0,0,0,0,0,0,0,0,0,0,0,0,0,0,OK,0,,0,log,2026-07-02T14:47:34.419,panel switched to Operation,CONNECTED,0,pitch,20,1,0,0,0,0,0,1,0,0,0,0,0,125,250,0,0,0,0,0,0,0,0,0,0,0,37,0,0,0,0,0,battery?,,ERROR,0,-1,-1
,gui,,CONTROL_PANEL,8034,4,0,0,0,0,0,0,,,ERROR,,,,99,99,0,0,0,9.8285,10.252,51,101,152,0,0,0,0,0,OK,100,1,0,10,182.08,0,69,60,63,0,0,0,0,0,0,-1,0,-1,0,0,0,0,0,0,NO_DATA,0,0,0,0,0,0,0,0,0,0,0,0,0,0,0,0,0,0,0,0,0,0,0,OK,0,,0,log,2026-07-02T14:47:40.487,"streamon (vision) => OK | response=""ok"" | state=CONNECTED",CONNECTED,0,pitch,61,1,0,0,0,0,0,1,0,0,0,0,0,135,250,0,0,0,0,0,0,0,0,0,0,0,97,1,1,0,0,0,battery?,70,OK,37,4881,4881
,gui,,CONTROL_PANEL,8034,5,1,1,0,12,12,12,streamon,ok,OK,vision,,attempt=1|send=OK|raw=ok|parsed=OK,99,99,0,0,0,9.8285,10.252,51,101,152,0,0,0,0,0,OK,100,1,0,10,182.08,0,69,60,63,0,0,0,0,0,0,-1,0,-1,0,0,0,0,0,0,NO_DATA,0,0,0,0,0,0,0,0,0,0,0,0,0,0,0,0,0,0,0,0,0,0,0,OK,0,,0,command:vision,,,CONNECTED,0,pitch,0,1,0,0,0,0,0,1,0,0,0,0,0,135,250,0,0,0,0,0,0,0,0,0,0,0,97,1,1,0,0,0,battery?,70,OK,37,4881,4881
,gui,,CONTROL_PANEL,8035,6,1,1,0,12,12,12,streamon,ok,OK,vision,,attempt=1|send=OK|raw=ok|parsed=OK,99,99,0,0,0,9.8285,10.252,52,101,152,0,0,0,0,0,OK,100,1,0,10,182.08,0,69,60,63,0,0,0,0,0,0,-1,0,-1,0,0,0,0,0,0,NO_DATA,0,0,0,0,0,0,0,0,0,0,0,0,0,0,0,0,0,0,0,0,0,0,0,OK,0,,0,log,2026-07-02T14:47:40.488,vision pipeline started (FFmpeg stream backend),CONNECTED,0,pitch,0,1,0,0,0,0,0,1,0,0,0,0,0,135,250,0,0,0,0,0,0,0,0,0,0,0,97,1,1,0,0,0,battery?,70,OK,37,4882,4882
,gui,,CONTROL_PANEL,8149,7,1,1,0,12,12,12,streamon,ok,OK,vision,,attempt=1|send=OK|raw=ok|parsed=OK,100,100,0,0,0,9.49178,10.1,61,105,152,0,0,0,0,0,OK,100,1,0,10,181.89,0,69,60,63,0,0,0,0,0,0,-1,0,-1,0,0,0,0,0,0,NO_DATA,0,0,0,0,0,0,0,0,0,0,0,0,0,0,0,0,0,0,0,0,0,1,0,OK,0,,0,vision:ffmpeg_stream,,,CONNECTED,0,pitch,1,1,0,0,0,0,0,1,0,0,0,0,0,114,250,0,0,0,0,0,0,0,0,0,0,0,100,1,1,0,0,0,battery?,70,OK,37,4996,4996
,gui,,CONTROL_PANEL,9274,8,1,1,0,12,12,12,streamon,ok,OK,vision,,attempt=1|send=OK|raw=ok|parsed=OK,112,112,0,0,0,10.838,10.7792,81,92,152,0,0,0,0,0,OK,100,1,0,10,182.26,0,69,61,63,35,291839,0,0,0,34.5628,27,35,-1,0,0,0,0,0,0,OK,100,35,291839,25,0,0,0,0,0,0,0,0,0,0,25,10,34.5628,960,720,0,0,1,0,OK,0,,0,vision:ffmpeg_stream,,,CONNECTED,0,pitch,12,1,0,0,0,0,0,1,0,0,0,0,0,125,249,1,0,0,0,0,0,0,0,7,18,4,111,2,2,0,0,0,battery?,69,OK,28,1093,1093
,gui,,CONTROL_PANEL,10399,9,1,1,0,12,12,12,streamon,ok,OK,vision,,attempt=1|send=OK|raw=ok|parsed=OK,125,125,0,0,0,12.0377,12.3015,61,83,152,0,0,0,0,0,OK,100,1,0,10,182.22,0,69,61,62,73,608404,0,0,0,39.0905,11,38,-1,0,0,0,0,0,0,OK,100,73,608404,63,0,0,0,0,0,0,0,0,0,0,63,10,39.0905,960,720,0,0,1,0,OK,0,,0,vision:ffmpeg_stream,,,CONNECTED,0,pitch,13,1,0,0,0,0,0,1,0,0,0,0,0,125,250,1,0,0,0,0,0,0,0,16,47,13,125,2,2,0,0,0,battery?,69,OK,28,2218,2218
,gui,,CONTROL_PANEL,11524,10,1,1,0,12,12,12,streamon,ok,OK,vision,,attempt=1|send=OK|raw=ok|parsed=OK,137,137,0,0,0,9.32397,10.6095,65,107,152,0,0,0,0,0,OK,100,1,0,10,182.16,0,69,61,63,110,916847,0,0,0,34.2628,25,37,-1,0,0,0,0,0,0,OK,100,110,916847,100,0,0,0,0,0,0,0,0,0,0,100,10,34.2628,960,720,0,0,1,0,OK,0,,0,vision:ffmpeg_stream,,,CONNECTED,0,pitch,12,1,0,0,0,0,0,1,0,0,0,0,0,124,249,2,0,0,1,0,0,0,0,25,75,22,136,2,2,0,0,0,battery?,69,OK,28,3343,3343
,gui,,CONTROL_PANEL,12524,11,1,1,0,12,12,12,streamon,ok,OK,vision,,attempt=1|send=OK|raw=ok|parsed=OK,148,148,0,0,0,10.9267,11.0234,76,91,152,0,0,0,0,0,OK,100,1,0,10,182.17,0,69,61,63,144,1200110,0,0,0,33.9438,7,34,-1,0,0,0,0,0,0,OK,100,144,1200110,134,0,0,0,0,0,0,0,0,0,0,134,10,33.9438,960,720,0,0,1,0,OK,0,,0,vision:ffmpeg_stream,,,CONNECTED,0,pitch,11,1,0,0,0,0,0,1,0,0,0,0,0,125,249,1,0,0,1,0,0,0,0,34,100,30,147,2,2,0,0,0,battery?,69,OK,28,4343,4343
,gui,,CONTROL_PANEL,13649,12,1,1,0,12,12,12,streamon,ok,OK,vision,,attempt=1|send=OK|raw=ok|parsed=OK,160,160,0,0,0,10.0738,11.4675,94,99,152,0,0,0,0,0,OK,100,1,0,10,182.33,0,68,61,64,179,1491996,0,0,0,31.1882,26,35,-1,0,0,0,0,0,0,OK,100,179,1491996,169,0,0,0,0,0,0,0,0,0,0,169,10,31.1882,960,720,0,0,1,0,OK,0,,0,vision:ffmpeg_stream,,,CONNECTED,0,pitch,12,1,0,0,0,0,0,1,0,0,0,0,0,125,250,2,0,0,1,0,0,0,0,43,126,39,160,3,3,0,0,0,battery?,68,OK,26,441,441
,gui,,CONTROL_PANEL,14774,13,1,1,0,12,12,12,streamon,ok,OK,vision,,attempt=1|send=OK|raw=ok|parsed=OK,172,172,0,0,0,10.0664,10.1698,27,99,152,0,0,0,0,0,OK,100,1,0,10,181.94,0,68,61,64,214,1783570,0,0,0,30.9936,16,35,-1,0,0,0,0,0,0,OK,100,214,1783570,204,0,0,0,0,0,0,0,0,0,0,204,10,30.9936,960,720,0,0,1,0,OK,0,,0,vision:ffmpeg_stream,,,CONNECTED,0,pitch,12,1,0,0,0,0,0,1,0,0,0,0,0,125,249,1,0,0,0,0,0,0,0,52,152,48,170,3,3,0,0,0,battery?,68,OK,26,1566,1566
,gui,,CONTROL_PANEL,15774,14,1,1,0,12,12,12,streamon,ok,OK,vision,,attempt=1|send=OK|raw=ok|parsed=OK,182,182,0,0,0,10.0789,10.1009,36,99,152,0,0,0,0,0,OK,100,1,0,10,182.2,0,68,62,64,245,2041863,0,0,0,33.1793,11,31,-1,0,0,0,0,0,0,OK,100,245,2041863,235,0,0,0,0,0,0,0,0,0,0,235,10,33.1793,960,720,0,0,1,0,OK,0,,0,vision:ffmpeg_stream,,,CONNECTED,0,pitch,10,1,0,0,0,0,0,1,0,0,0,0,0,125,250,1,0,0,0,0,0,0,0,60,175,56,180,3,3,0,0,0,battery?,68,OK,26,2567,2567
,gui,,CONTROL_PANEL,16899,15,1,1,0,12,12,12,streamon,ok,OK,vision,,attempt=1|send=OK|raw=ok|parsed=OK,194,194,0,0,0,10.1109,11.3752,21,98,152,0,0,0,0,0,OK,100,1,0,10,182.24,0,68,62,64,280,2333359,0,0,0,47.4875,24,35,-1,0,0,0,0,0,0,OK,100,280,2333359,270,0,0,0,0,0,0,0,0,0,0,270,10,47.4875,960,720,0,0,1,0,OK,0,,0,vision:ffmpeg_stream,,,CONNECTED,0,pitch,12,1,0,0,0,0,0,1,0,0,0,0,0,125,250,1,0,0,0,0,0,0,0,69,201,64,193,3,3,0,0,0,battery?,68,OK,26,3692,3692
,gui,,CONTROL_PANEL,18024,16,1,1,0,12,12,12,streamon,ok,OK,vision,,attempt=1|send=OK|raw=ok|parsed=OK,205,205,0,0,0,7.4965,9.69563,22,133,152,0,0,0,0,0,OK,100,1,0,10,182.44,0,68,62,65,314,2616751,0,0,0,122.177,15,34,-1,0,0,0,0,0,0,OK,100,314,2616751,304,0,0,0,0,0,0,0,0,0,0,304,10,122.177,960,720,0,0,1,0,OK,0,,0,vision:ffmpeg_stream,,,CONNECTED,0,pitch,11,1,0,0,0,0,0,1,0,0,0,0,0,125,249,2,0,0,1,0,0,0,0,78,226,73,204,3,3,0,0,0,battery?,68,OK,26,4816,4816
,gui,,CONTROL_PANEL,19149,17,1,1,0,12,12,12,streamon,ok,OK,vision,,attempt=1|send=OK|raw=ok|parsed=OK,217,217,0,0,0,9.77631,10.8803,13,102,170,0,0,0,0,0,OK,100,1,0,10,181.82,0,68,62,65,349,2908501,0,0,0,32.5456,18,35,-1,0,0,0,0,0,0,OK,100,349,2908501,339,0,0,0,0,0,0,0,0,0,0,339,10,32.5456,960,720,0,0,1,0,OK,0,,0,vision:ffmpeg_stream,,,CONNECTED,0,pitch,12,1,0,0,0,0,0,1,0,0,0,0,0,125,249,2,0,0,1,0,0,0,0,87,252,82,216,4,4,0,0,0,battery?,68,OK,32,909,909
,gui,,CONTROL_PANEL,20274,18,1,1,0,12,12,12,streamon,ok,OK,vision,,attempt=1|send=OK|raw=ok|parsed=OK,228,228,0,0,0,10.0836,10.1827,53,99,170,0,0,0,0,0,OK,100,1,0,10,181.98,0,68,62,65,384,3200269,0,0,0,31.6756,9,35,-1,0,0,0,0,0,0,OK,100,384,3200269,374,0,0,0,0,0,0,0,0,0,0,374,10,31.6756,960,720,0,0,1,0,OK,0,,0,vision:ffmpeg_stream,,,CONNECTED,0,pitch,11,1,0,0,0,0,0,1,0,0,0,0,0,125,250,1,0,0,0,0,0,0,0,96,278,91,227,4,4,0,0,0,battery?,68,OK,32,2034,2034
,gui,,CONTROL_PANEL,21274,19,1,1,0,12,12,12,streamon,ok,OK,vision,,attempt=1|send=OK|raw=ok|parsed=OK,238,238,0,0,0,10.0835,10.0986,61,99,170,0,0,0,0,0,OK,100,1,0,10,182.1,0,68,63,65,415,3458596,0,0,0,32.4236,6,31,-1,0,0,0,0,0,0,OK,100,415,3458596,405,0,0,0,0,0,0,0,0,0,0,405,10,32.4236,960,720,0,0,1,0,OK,0,,0,vision:ffmpeg_stream,,,CONNECTED,0,pitch,10,1,0,0,0,0,0,1,0,0,0,0,0,125,250,1,0,0,0,0,0,0,0,104,301,99,237,4,4,0,0,0,battery?,68,OK,32,3034,3034
,gui,,CONTROL_PANEL,22274,20,1,1,0,12,12,12,streamon,ok,OK,vision,,attempt=1|send=OK|raw=ok|parsed=OK,249,249,0,0,0,10.0931,10.5033,21,99,170,0,0,0,0,0,OK,100,1,0,10,181.87,0,68,63,65,446,3716975,0,0,0,30.9435,2,31,-1,0,0,0,0,0,0,OK,100,446,3716975,436,0,0,0,0,0,0,0,0,0,0,436,10,30.9435,960,720,0,0,1,0,OK,0,,0,vision:ffmpeg_stream,,,CONNECTED,0,pitch,11,1,0,0,0,0,0,1,0,0,0,0,0,125,250,1,0,0,0,0,0,0,0,112,324,107,247,4,4,0,0,0,battery?,68,OK,32,4034,4034
,gui,,CONTROL_PANEL,23274,21,1,1,0,12,12,12,streamon,ok,OK,vision,,attempt=1|send=OK|raw=ok|parsed=OK,259,259,0,0,0,10.2019,10.1394,31,98,170,0,0,0,0,0,OK,100,1,0,10,182.22,0,68,63,66,477,3975279,0,0,0,31.3937,1,31,-1,0,0,0,0,0,0,OK,100,477,3975279,467,0,0,0,0,0,0,0,0,0,0,467,10,31.3937,960,720,0,0,1,0,OK,0,,0,vision:ffmpeg_stream,,,CONNECTED,0,pitch,10,1,0,0,0,0,0,1,0,0,0,0,0,125,249,1,0,0,0,0,0,0,0,120,347,115,257,5,5,0,0,0,battery?,68,OK,3,30,30
,gui,,CONTROL_PANEL,24274,22,1,1,0,12,12,12,streamon,ok,OK,vision,,attempt=1|send=OK|raw=ok|parsed=OK,269,269,0,0,0,10.0602,10.1038,40,99,170,0,0,0,0,0,OK,100,1,0,10,182.11,0,68,63,66,507,4225254,0,0,0,30.7381,26,30,-1,0,0,0,0,0,0,OK,100,507,4225254,497,0,0,0,0,0,0,0,0,0,0,497,10,30.7381,960,720,0,0,1,0,OK,0,,0,vision:ffmpeg_stream,,,CONNECTED,0,pitch,10,1,0,0,0,0,0,1,0,0,0,0,0,125,250,1,0,0,0,0,0,0,0,127,370,122,267,5,5,0,0,0,battery?,68,OK,3,1030,1030
,gui,,CONTROL_PANEL,25399,23,1,1,0,12,12,12,streamon,ok,OK,vision,,attempt=1|send=OK|raw=ok|parsed=OK,281,281,0,0,0,10.0726,10.7572,24,99,170,0,0,0,0,0,OK,100,1,0,10,181.84,0,68,63,65,542,4516903,0,0,0,31.1123,19,35,-1,0,0,0,0,0,0,OK,100,542,4516903,532,0,0,0,0,0,0,0,0,0,0,532,10,31.1123,960,720,0,0,1,0,OK,0,,0,vision:ffmpeg_stream,,,CONNECTED,0,pitch,12,1,0,0,0,0,0,1,0,0,0,0,0,125,249,1,0,0,0,0,0,0,0,136,396,131,280,5,5,0,0,0,battery?,68,OK,3,2156,2156
,gui,,CONTROL_PANEL,26524,24,1,1,0,12,12,12,streamon,ok,OK,vision,,attempt=1|send=OK|raw=ok|parsed=OK,292,292,0,0,0,9.43459,10.0069,50,105,170,0,0,0,0,0,OK,100,1,0,10,182.31,0,68,64,66,577,4808684,0,0,0,30.8862,8,35,-1,0,0,0,0,0,0,OK,100,577,4808684,567,0,0,0,0,0,0,0,0,0,0,567,10,30.8862,960,720,0,0,1,0,OK,0,,0,vision:ffmpeg_stream,,,CONNECTED,0,pitch,11,1,0,0,0,0,0,1,0,0,0,0,0,125,249,2,0,0,1,0,0,0,0,145,422,140,291,5,5,0,0,0,battery?,68,OK,3,3280,3280
,gui,,CONTROL_PANEL,27649,25,1,1,0,12,12,12,streamon,ok,OK,vision,,attempt=1|send=OK|raw=ok|parsed=OK,303,303,0,0,0,10.0785,10.0925,89,99,170,0,0,0,0,0,OK,100,1,0,10,181.75,0,68,64,66,612,5100766,0,0,0,43.8287,28,35,-1,0,0,0,0,0,0,OK,100,612,5100766,601,0,0,0,0,0,0,0,0,0,0,601,10,43.8287,960,720,0,0,1,0,OK,0,,0,vision:ffmpeg_stream,,,CONNECTED,0,pitch,11,1,0,0,0,0,0,1,0,0,0,0,0,125,249,2,0,0,1,0,0,0,0,154,447,149,300,5,5,0,0,0,battery?,68,OK,3,4405,4405
,gui,,CONTROL_PANEL,28649,26,1,1,0,12,12,12,streamon,ok,OK,vision,,attempt=1|send=OK|raw=ok|parsed=OK,314,314,0,0,0,10.0825,11.1162,47,99,170,0,0,0,0,0,OK,100,1,0,10,181.87,0,68,64,66,642,5350775,0,0,0,37.5622,26,30,-1,0,0,0,0,0,0,OK,100,642,5350775,632,0,0,0,0,0,0,0,0,0,0,632,10,37.5622,960,720,0,0,1,0,OK,0,,0,vision:ffmpeg_stream,,,CONNECTED,0,pitch,11,1,0,0,0,0,0,1,0,0,0,0,0,125,250,2,0,0,1,0,0,0,0,162,470,157,300,6,6,0,0,0,battery?,68,OK,11,394,394
,gui,,CONTROL_PANEL,29774,27,1,1,0,12,12,12,streamon,ok,OK,vision,,attempt=1|send=OK|raw=ok|parsed=OK,325,325,0,0,0,9.97663,10.124,77,100,170,0,0,0,0,0,OK,100,1,0,10,182.07,0,68,64,66,677,5642107,0,0,0,33.054,14,35,-1,0,0,0,0,0,0,OK,100,677,5642107,667,0,0,0,0,0,0,0,0,0,0,667,10,33.054,960,720,0,0,1,0,OK,0,,0,vision:ffmpeg_stream,,,CONNECTED,0,pitch,11,1,0,0,0,0,0,1,0,0,0,0,0,125,249,1,0,0,0,0,0,0,0,171,496,166,300,6,6,0,0,0,battery?,68,OK,11,1519,1519
,gui,,CONTROL_PANEL,30774,28,1,1,0,12,12,12,streamon,ok,OK,vision,,attempt=1|send=OK|raw=ok|parsed=OK,335,335,0,0,0,10.0369,10.0753,86,99,170,0,0,0,0,0,OK,100,1,0,10,181.79,0,67,65,66,708,5900498,0,0,0,32.4992,8,31,-1,0,0,0,0,0,0,OK,100,708,5900498,698,0,0,0,0,0,0,0,0,0,0,698,10,32.4992,960,720,0,0,1,0,OK,0,,0,vision:ffmpeg_stream,,,CONNECTED,0,pitch,10,1,0,0,0,0,0,1,0,0,0,0,0,125,249,1,0,0,0,0,0,0,0,178,520,173,300,6,6,0,0,0,battery?,68,OK,11,2519,2519
,gui,,CONTROL_PANEL,31899,29,1,1,0,12,12,12,streamon,ok,OK,vision,,attempt=1|send=OK|raw=ok|parsed=OK,347,347,0,0,0,10.032,10.6306,62,99,170,0,0,0,0,0,OK,100,1,0,10,182,0,67,65,66,742,6183735,0,0,0,31.3049,28,34,-1,0,0,0,0,0,0,OK,100,742,6183735,732,0,0,0,0,0,0,0,0,0,0,732,10,31.3049,960,720,0,0,1,0,OK,0,,0,vision:ffmpeg_stream,,,CONNECTED,0,pitch,12,1,0,0,0,0,0,1,0,0,0,0,0,125,249,1,0,0,0,0,0,0,0,187,545,182,300,6,6,0,0,0,battery?,68,OK,11,3644,3644
,gui,,CONTROL_PANEL,33024,30,1,1,0,12,12,12,streamon,ok,OK,vision,,attempt=1|send=OK|raw=ok|parsed=OK,358,358,0,0,0,9.89294,10.002,88,101,170,0,0,0,0,0,OK,100,1,0,10,181.94,0,67,65,67,777,6475500,0,0,0,30.9313,4,35,-1,0,0,0,0,0,0,OK,100,777,6475500,767,0,0,0,0,0,0,0,0,0,0,767,10,30.9313,960,720,0,0,1,0,OK,0,,0,vision:ffmpeg_stream,,,CONNECTED,0,pitch,11,1,0,0,0,0,0,1,0,0,0,0,0,125,249,1,0,0,0,0,0,0,0,196,571,191,300,6,6,0,0,0,battery?,68,OK,11,4769,4769
,gui,,CONTROL_PANEL,34149,31,1,1,0,12,12,12,streamon,ok,OK,vision,,attempt=1|send=OK|raw=ok|parsed=OK,370,370,0,0,0,9.89437,9.9124,0,101,170,0,0,0,0,0,OK,100,1,0,10,181.75,0,67,65,68,811,6758974,0,0,0,30.2199,4,34,-1,0,0,0,0,0,0,OK,100,811,6758974,801,0,0,0,0,0,0,0,0,0,0,801,10,30.2199,960,720,0,0,1,0,OK,0,,0,vision:ffmpeg_stream,,,CONNECTED,0,pitch,12,1,0,0,0,0,0,1,0,0,0,0,0,125,250,1,0,0,0,0,0,0,0,205,596,200,300,7,7,0,0,0,battery?,67,OK,37,857,857
,gui,,CONTROL_PANEL,35274,32,1,1,0,12,12,12,streamon,ok,OK,vision,,attempt=1|send=OK|raw=ok|parsed=OK,381,381,0,0,0,9.88706,10.2498,63,101,170,0,0,0,0,0,OK,100,1,0,10,181.59,0,67,65,68,845,7042230,0,0,0,30.5454,9,34,-1,0,0,0,0,0,0,OK,100,845,7042230,835,0,0,0,0,0,0,0,0,0,0,835,10,30.5454,960,720,0,0,1,0,OK,0,,0,vision:ffmpeg_stream,,,CONNECTED,0,pitch,11,1,0,0,0,0,0,1,0,0,0,0,0,125,250,1,0,0,0,0,0,0,0,214,621,208,300,7,7,0,0,0,battery?,67,OK,37,1982,1982
,gui,,CONTROL_PANEL,36399,33,1,1,0,12,12,12,streamon,ok,OK,vision,,attempt=1|send=OK|raw=ok|parsed=OK,392,392,0,0,0,9.81661,9.91021,76,101,170,0,0,0,0,0,OK,100,1,0,10,181.42,0,67,65,68,879,7325645,0,0,0,34.6418,11,34,-1,0,0,0,0,0,0,OK,100,879,7325645,869,0,0,0,0,0,0,0,0,0,0,869,10,34.6418,960,720,0,0,1,0,OK,0,,0,vision:ffmpeg_stream,,,CONNECTED,0,pitch,11,1,0,0,0,0,0,1,0,0,0,0,0,125,249,1,0,0,0,0,0,0,0,223,646,216,300,7,7,0,0,0,battery?,67,OK,37,3107,3107
,gui,,CONTROL_PANEL,37524,34,1,1,0,12,12,12,streamon,ok,OK,vision,,attempt=1|send=OK|raw=ok|parsed=OK,403,403,0,0,0,9.89839,9.9011,91,101,170,0,0,0,0,0,OK,100,1,0,10,181.59,0,67,65,68,913,7609177,0,0,0,34.1268,13,34,-1,0,0,0,0,0,0,OK,100,913,7609177,903,0,0,0,0,0,0,0,0,0,0,903,10,34.1268,960,720,0,0,1,0,OK,0,,0,vision:ffmpeg_stream,,,CONNECTED,0,pitch,11,1,0,0,0,0,0,1,0,0,0,0,0,125,249,2,0,0,1,0,0,0,0,232,671,225,300,7,7,0,0,0,battery?,67,OK,37,4232,4232
,gui,,CONTROL_PANEL,38649,35,1,1,0,12,12,12,streamon,ok,OK,vision,,attempt=1|send=OK|raw=ok|parsed=OK,415,415,0,0,0,9.90473,10.1672,54,100,170,0,0,0,0,0,OK,100,1,0,10,181.51,0,67,65,68,947,7892224,0,0,0,32.4237,15,34,-1,0,0,0,0,0,0,OK,100,947,7892224,937,0,0,0,0,0,0,0,0,0,0,937,10,32.4237,960,720,0,0,1,0,OK,0,,0,vision:ffmpeg_stream,,,CONNECTED,0,pitch,12,1,0,0,0,0,0,1,0,0,0,0,0,125,250,2,0,0,1,0,0,0,0,241,696,234,300,8,8,0,0,0,battery?,67,OK,50,306,306
,gui,,CONTROL_PANEL,39775,36,1,1,0,12,12,12,streamon,ok,OK,vision,,attempt=1|send=OK|raw=ok|parsed=OK,426,426,0,0,0,9.91005,9.91778,67,100,170,0,0,0,0,0,OK,100,1,0,10,181.31,0,67,66,68,981,8175649,0,0,0,31.2474,18,34,-1,0,0,0,0,0,0,OK,100,981,8175649,971,0,0,0,0,0,0,0,0,0,0,971,10,31.2474,960,720,0,0,1,0,OK,0,,0,vision:ffmpeg_stream,,,CONNECTED,0,pitch,11,1,0,0,0,0,0,1,0,0,0,0,0,125,249,1,0,0,0,0,0,0,0,250,721,243,300,8,8,0,0,0,battery?,67,OK,50,1432,1432
,gui,,CONTROL_PANEL,40899,37,1,1,0,12,12,12,streamon,ok,OK,vision,,attempt=1|send=OK|raw=ok|parsed=OK,438,438,0,0,0,10.7981,10.7078,47,92,170,0,0,0,0,0,OK,100,1,0,10,181.67,0,67,65,68,1017,8475698,0,0,0,33.1765,21,36,-1,0,0,0,0,0,0,OK,100,1017,8475698,1007,0,0,0,0,0,0,0,0,0,0,1007,10,33.1765,960,720,0,0,1,0,OK,0,,0,vision:ffmpeg_stream,,,CONNECTED,0,pitch,12,1,0,0,0,0,0,1,0,0,0,0,0,125,250,1,0,0,0,0,0,0,0,259,748,252,300,8,8,0,0,0,battery?,67,OK,50,2556,2556
,gui,,CONTROL_PANEL,41899,38,1,1,0,12,12,12,streamon,ok,OK,vision,,attempt=1|send=OK|raw=ok|parsed=OK,449,449,0,0,0,11.1866,11.1158,74,89,170,0,0,0,0,0,OK,100,1,0,10,181.78,0,66,65,67,1051,8759050,0,0,0,33.2469,0,34,-1,0,0,0,0,0,0,OK,100,1051,8759050,1041,0,0,0,0,0,0,0,0,0,0,1041,10,33.2469,960,720,0,0,1,0,OK,0,,0,vision:ffmpeg_stream,,,CONNECTED,0,pitch,11,1,0,0,0,0,0,1,0,0,0,0,0,125,250,1,0,0,0,0,0,0,0,268,773,260,300,8,8,0,0,0,battery?,67,OK,50,3556,3556
,gui,,CONTROL_PANEL,43024,39,1,1,0,12,12,12,streamon,ok,OK,vision,,attempt=1|send=OK|raw=ok|parsed=OK,462,462,0,0,0,10.9217,10.873,6,91,170,0,0,0,0,0,OK,100,1,0,10,181.88,0,66,67,69,1088,9067373,0,0,0,33.4685,11,37,-1,0,0,0,0,0,0,OK,100,1088,9067373,1078,0,0,0,0,0,0,0,0,0,0,1078,10,33.4685,960,720,0,0,1,0,OK,0,,0,vision:ffmpeg_stream,,,CONNECTED,0,pitch,13,1,0,0,0,0,0,1,0,0,0,0,0,125,249,1,0,0,0,0,0,0,0,277,801,269,300,8,8,0,0,0,battery?,67,OK,50,4681,4681
,gui,,CONTROL_PANEL,44024,40,1,1,0,12,12,12,streamon,ok,OK,vision,,attempt=1|send=OK|raw=ok|parsed=OK,472,472,0,0,0,10.7612,10.8307,84,92,170,0,0,0,0,0,OK,100,1,0,10,181.76,0,66,66,69,1121,9344151,0,0,0,42.3452,13,33,-1,0,0,0,0,0,0,OK,100,1121,9344151,1111,0,0,0,0,0,0,0,0,0,0,1111,10,42.3452,960,720,0,0,1,0,OK,0,,0,vision:ffmpeg_stream,,,CONNECTED,0,pitch,10,1,0,0,0,0,0,1,0,0,0,0,0,125,250,1,0,0,0,0,0,0,0,286,825,277,300,9,9,0,0,0,battery?,66,OK,45,636,636
,gui,,CONTROL_PANEL,45149,41,1,1,0,12,12,12,streamon,ok,OK,vision,,attempt=1|send=OK|raw=ok|parsed=OK,485,485,0,0,0,10.1466,10.5593,2,98,170,0,0,0,0,0,OK,100,1,0,10,181.96,0,66,66,69,1157,9642552,0,0,0,33.2112,1,36,-1,0,0,0,0,0,0,OK,100,1157,9642552,1147,0,0,0,0,0,0,0,0,0,0,1147,10,33.2112,960,720,0,0,1,0,OK,0,,0,vision:ffmpeg_stream,,,CONNECTED,0,pitch,13,1,0,0,0,0,0,1,0,0,0,0,0,125,250,1,0,0,0,0,0,0,0,295,852,286,300,9,9,0,0,0,battery?,66,OK,45,1761,1761
,gui,,CONTROL_PANEL,46149,42,1,1,0,12,12,12,streamon,ok,OK,vision,,attempt=1|send=OK|raw=ok|parsed=OK,495,495,0,0,0,10.082,10.1466,10,99,170,0,0,0,0,0,OK,100,1,0,10,181.78,0,66,66,69,1187,9892521,0,0,0,32.172,30,30,-1,0,0,0,0,0,0,OK,100,1187,9892521,1177,0,0,0,0,0,0,0,0,0,0,1177,10,32.172,960,720,0,0,1,0,OK,0,,0,vision:ffmpeg_stream,,,CONNECTED,0,pitch,10,1,0,0,0,0,0,1,0,0,0,0,0,125,250,1,0,0,0,0,0,0,0,302,875,293,300,9,9,0,0,0,battery?,66,OK,45,2761,2761
,gui,,CONTROL_PANEL,47274,43,1,1,0,12,12,12,streamon,ok,OK,vision,,attempt=1|send=OK|raw=ok|parsed=OK,506,506,0,0,0,10.071,10.0811,43,99,170,0,0,0,0,0,OK,100,1,0,10,181.8,0,66,67,70,1222,10184052,0,0,0,31.2012,17,35,-1,0,0,0,0,0,0,OK,100,1222,10184052,1212,0,0,0,0,0,0,0,0,0,0,1212,10,31.2012,960,720,0,0,1,0,OK,0,,0,vision:ffmpeg_stream,,,CONNECTED,0,pitch,11,1,0,0,0,0,0,1,0,0,0,0,0,125,249,1,0,0,0,0,0,0,0,311,901,302,300,9,9,0,0,0,battery?,66,OK,45,3886,3886
,gui,,CONTROL_PANEL,48274,44,1,1,0,12,12,12,streamon,ok,OK,vision,,attempt=1|send=OK|raw=ok|parsed=OK,517,517,0,0,0,10.0901,10.5527,1,99,170,0,0,0,0,0,OK,100,1,0,10,181.75,0,66,67,69,1253,10442537,0,0,0,31.4122,14,31,-1,0,0,0,0,0,0,OK,100,1253,10442537,1243,0,0,0,0,0,0,0,0,0,0,1243,10,31.4122,960,720,0,0,1,0,OK,0,,0,vision:ffmpeg_stream,,,CONNECTED,0,pitch,11,1,0,0,0,0,0,1,0,0,0,0,0,125,250,1,0,0,0,0,0,0,0,319,924,310,300,9,9,0,0,0,battery?,66,OK,45,4886,4886
,gui,,CONTROL_PANEL,49399,45,1,1,0,12,12,12,streamon,ok,OK,vision,,attempt=1|send=OK|raw=ok|parsed=OK,528,528,0,0,0,10.1089,10.149,37,98,170,0,0,0,0,0,OK,100,1,0,10,181.72,0,66,67,69,1288,10734138,0,0,0,31.0337,8,35,-1,0,0,0,0,0,0,OK,100,1288,10734138,1278,0,0,0,0,0,0,0,0,0,0,1278,10,31.0337,960,720,0,0,1,0,OK,0,,0,vision:ffmpeg_stream,,,CONNECTED,0,pitch,11,1,0,0,0,0,0,1,0,0,0,0,0,125,250,1,0,0,0,0,0,0,0,327,951,318,300,10,10,0,0,0,battery?,66,OK,35,975,975
,gui,,CONTROL_PANEL,50524,46,1,1,0,12,12,12,streamon,ok,OK,vision,,attempt=1|send=OK|raw=ok|parsed=OK,540,540,0,0,0,10.099,12.3352,24,99,170,0,0,0,0,0,OK,100,1,0,10,181.8,0,66,68,69,1323,11025886,0,0,0,31.6134,1,35,-1,0,0,0,0,0,0,OK,100,1323,11025886,1313,0,0,0,0,0,0,0,0,0,0,1313,10,31.6134,960,720,0,0,1,0,OK,0,,0,vision:ffmpeg_stream,,,CONNECTED,0,pitch,12,1,0,0,0,0,0,1,0,0,0,0,0,125,249,1,0,0,0,0,0,0,0,336,977,327,300,10,10,0,0,0,battery?,66,OK,35,2100,2100
,gui,,CONTROL_PANEL,51649,47,1,1,0,12,12,12,streamon,ok,OK,vision,,attempt=1|send=OK|raw=ok|parsed=OK,551,551,0,0,0,9.98279,10.271,59,100,170,0,0,0,0,0,OK,100,1,0,10,181.66,0,66,68,69,1357,11309204,0,0,0,30.916,26,34,-1,0,0,0,0,0,0,OK,100,1357,11309204,1347,0,0,0,0,0,0,0,0,0,0,1347,10,30.916,960,720,0,0,1,0,OK,0,,0,vision:ffmpeg_stream,,,CONNECTED,0,pitch,11,1,0,0,0,0,0,1,0,0,0,0,0,125,249,1,0,0,0,0,0,0,0,345,1002,336,300,10,10,0,0,0,battery?,66,OK,35,3225,3225
,gui,,CONTROL_PANEL,52774,48,1,1,0,12,12,12,streamon,ok,OK,vision,,attempt=1|send=OK|raw=ok|parsed=OK,562,562,0,0,0,10.0153,10.1021,95,99,170,0,0,0,0,0,OK,100,1,0,10,181.68,0,66,67,70,1392,11601036,0,0,0,33.2574,20,35,-1,0,0,0,0,0,0,OK,100,1392,11601036,1382,0,0,0,0,0,0,0,0,0,0,1382,10,33.2574,960,720,0,0,1,0,OK,0,,0,vision:ffmpeg_stream,,,CONNECTED,0,pitch,11,1,0,0,0,0,0,1,0,0,0,0,0,125,249,1,0,0,0,0,0,0,0,353,1029,344,300,10,10,0,0,0,battery?,66,OK,35,4350,4350
,gui,,CONTROL_PANEL,53774,49,1,1,0,12,12,12,streamon,ok,OK,vision,,attempt=1|send=OK|raw=ok|parsed=OK,573,573,0,0,0,9.89093,11.1177,53,101,170,0,0,0,0,0,OK,100,1,0,10,181.89,0,66,67,71,1423,11859492,0,0,0,36.5978,17,31,-1,0,0,0,0,0,0,OK,100,1423,11859492,1413,0,0,0,0,0,0,0,0,0,0,1413,10,36.5978,960,720,0,0,1,0,OK,0,,0,vision:ffmpeg_stream,,,CONNECTED,0,pitch,11,1,0,0,0,0,0,1,0,0,0,0,0,125,250,1,0,0,0,0,0,0,0,361,1052,352,300,11,11,0,0,0,battery?,66,OK,47,302,302
,gui,,CONTROL_PANEL,54899,50,1,1,0,12,12,12,streamon,ok,OK,vision,,attempt=1|send=OK|raw=ok|parsed=OK,584,584,0,0,0,10.1149,10.2194,91,98,170,0,0,0,0,0,OK,100,1,0,10,181.68,0,66,67,70,1458,12150893,0,0,0,32.8325,4,35,-1,0,0,0,0,0,0,OK,100,1458,12150893,1448,0,0,0,0,0,0,0,0,0,0,1448,10,32.8325,960,720,0,0,1,0,OK,0,,0,vision:ffmpeg_stream,,,CONNECTED,0,pitch,11,1,0,0,0,0,0,1,0,0,0,0,0,125,250,1,0,0,0,0,0,0,0,370,1078,361,300,11,11,0,0,0,battery?,66,OK,47,1427,1427
,gui,,CONTROL_PANEL,56024,51,1,1,0,12,12,12,streamon,ok,OK,vision,,attempt=1|send=OK|raw=ok|parsed=OK,596,596,0,0,0,10.343,10.139,27,96,170,0,0,0,0,0,OK,100,1,0,78,181.88,1,66,68,71,1493,12442446,0,0,0,33.5126,29,35,-1,0,0,0,0,0,0,OK,100,1493,12442446,1482,0,0,0,0,0,0,0,0,0,0,1482,10,33.5126,960,720,0,0,1,0,OK,0,,0,vision:ffmpeg_stream,,,CONNECTED,0,pitch,12,1,0,0,0,0,0,1,0,0,0,0,0,125,250,1,0,0,0,0,0,0,0,379,1103,370,300,11,11,0,0,0,battery?,66,OK,47,2553,2553
,gui,,CONTROL_PANEL,57149,52,1,1,0,12,12,12,streamon,ok,OK,vision,,attempt=1|send=OK|raw=ok|parsed=OK,608,608,0,0,0,10.804,10.8817,11,92,170,0,0,0,0,0,OK,100,1,0,65,181.7,4,66,69,71,1527,12725811,0,0,0,31.9056,20,34,-1,0,0,0,0,0,0,OK,100,1527,12725811,1517,0,0,0,0,0,0,0,0,0,0,1517,10,31.9056,960,720,0,0,1,0,OK,0,,0,vision:ffmpeg_stream,,,CONNECTED,0,pitch,12,1,0,0,0,0,0,1,0,0,0,0,0,125,250,1,0,0,0,0,0,0,0,388,1129,379,300,11,11,0,0,0,battery?,66,OK,47,3678,3678
,gui,,CONTROL_PANEL,58274,53,1,1,0,12,12,12,streamon,ok,OK,vision,,attempt=1|send=OK|raw=ok|parsed=OK,619,619,0,0,0,8.73911,9.91191,27,114,170,0,0,0,0,0,OK,100,1,0,10,181.77,0,66,70,71,1562,13017505,0,0,0,33.8439,8,35,-1,0,0,0,0,0,0,OK,100,1562,13017505,1552,0,0,0,0,0,0,0,0,0,0,1552,10,33.8439,960,720,0,0,1,0,OK,0,,0,vision:ffmpeg_stream,,,CONNECTED,0,pitch,11,1,0,0,0,0,0,1,0,0,0,0,0,125,249,1,0,0,0,0,0,0,0,397,1155,388,300,11,11,0,0,0,battery?,66,OK,47,4803,4803
,gui,,CONTROL_PANEL,59399,54,1,1,0,12,12,12,streamon,ok,OK,vision,,attempt=1|send=OK|raw=ok|parsed=OK,630,630,0,0,0,10.0375,10.1425,78,99,170,0,0,0,0,0,OK,100,1,0,10,181.79,0,66,69,71,1597,13307656,0,0,0,31.0646,2,35,-1,0,0,0,0,0,0,OK,100,1597,13307656,1587,0,0,0,0,0,0,0,0,0,0,1587,10,31.0646,960,720,0,0,1,0,OK,0,,0,vision:ffmpeg_stream,,,CONNECTED,0,pitch,11,1,0,0,0,0,0,1,0,0,0,0,0,125,250,1,0,0,0,0,0,0,0,406,1181,397,300,11,11,0,0,0,battery?,66,OK,47,5928,5928
,gui,,CONTROL_PANEL,60524,55,1,1,0,12,12,12,streamon,ok,OK,vision,,attempt=1|send=OK|raw=ok|parsed=OK,642,642,0,0,0,9.90494,10.6605,57,100,170,0,0,0,0,0,OK,100,1,0,10,181.54,0,66,69,72,1631,13596681,0,0,0,48.159,23,34,-1,0,0,0,0,0,0,OK,100,1631,13596681,1621,0,0,0,0,0,0,0,0,0,0,1621,10,48.159,960,720,0,0,1,0,OK,0,,0,vision:ffmpeg_stream,,,CONNECTED,0,pitch,12,1,0,0,0,0,0,1,0,0,0,0,0,125,250,1,0,0,0,0,0,0,0,415,1206,406,300,11,11,0,0,0,battery?,66,OK,47,7052,7052
,gui,,CONTROL_PANEL,61524,56,1,1,0,12,12,12,streamon,ok,OK,vision,,attempt=1|send=OK|raw=ok|parsed=OK,652,652,0,0,0,10.1948,10.1632,69,98,170,0,0,0,0,0,OK,100,1,0,10,181.36,0,66,69,71,1662,13848290,0,0,0,41.5732,25,31,-1,0,0,0,0,0,0,OK,100,1662,13848290,1652,0,0,0,0,0,0,0,0,0,0,1652,10,41.5732,960,720,0,0,1,0,OK,0,,0,vision:ffmpeg_stream,,,RECOVERING,0,pitch,10,1,0,0,0,0,0,1,0,0,0,0,0,125,249,1,0,0,0,0,0,0,0,423,1229,414,300,12,11,1,0,0,battery?,,TIMEOUT,2372,8053,680
,gui,,CONTROL_PANEL,62649,57,1,1,0,12,12,12,streamon,ok,OK,vision,,attempt=1|send=OK|raw=ok|parsed=OK,663,663,0,0,0,10.1016,10.0729,101,98,170,0,0,0,0,0,OK,100,1,0,10,181.34,0,66,69,72,1697,14142904,0,0,0,32.3818,15,35,-1,0,0,0,0,0,0,OK,100,1697,14142904,1687,0,0,0,0,0,0,0,0,0,0,1687,10,32.3818,960,720,0,0,1,0,OK,0,,0,vision:ffmpeg_stream,,,RECOVERING,0,pitch,11,1,0,0,0,0,0,1,0,0,0,0,0,125,249,1,0,0,0,0,0,0,0,432,1255,423,300,12,11,1,0,0,battery?,,TIMEOUT,2372,9178,1805
,gui,,CONTROL_PANEL,63774,58,1,1,0,12,12,12,streamon,ok,OK,vision,,attempt=1|send=OK|raw=ok|parsed=OK,675,675,0,0,0,10.0698,10.3211,84,99,170,0,0,0,0,0,OK,100,1,0,10,181.32,0,66,69,72,1732,14434747,0,0,0,31.0615,2,35,-1,0,0,0,0,0,0,OK,100,1732,14434747,1722,0,0,0,0,0,0,0,0,0,0,1722,10,31.0615,960,720,0,0,1,0,OK,0,,0,vision:ffmpeg_stream,,,RECOVERING,0,pitch,12,1,0,0,0,0,0,1,0,0,0,0,0,125,249,1,0,0,0,0,0,0,0,441,1281,432,300,12,11,1,0,0,battery?,,TIMEOUT,2372,10303,2930
,gui,,CONTROL_PANEL,64774,59,1,1,0,12,12,12,streamon,ok,OK,vision,,attempt=1|send=OK|raw=ok|parsed=OK,685,685,0,0,0,9.88277,9.97881,81,101,170,0,0,0,0,0,OK,100,1,0,10,181.64,0,66,70,72,1762,14679451,0,0,0,31.2143,19,30,-1,0,0,0,0,0,0,OK,100,1762,14679451,1752,0,0,0,0,0,0,0,0,0,0,1752,10,31.2143,960,720,0,0,1,0,OK,0,,0,vision:ffmpeg_stream,,,RECOVERING,0,pitch,10,1,0,0,0,0,0,1,0,0,0,0,0,125,249,1,0,0,0,0,0,0,0,449,1303,440,300,12,11,1,0,0,battery?,,TIMEOUT,2372,11303,3930
,gui,,CONTROL_PANEL,65899,60,1,1,0,12,12,12,streamon,ok,OK,vision,,attempt=1|send=OK|raw=ok|parsed=OK,696,696,0,0,0,9.88028,9.89043,93,101,170,0,0,0,0,0,OK,100,1,0,10,181.39,0,66,70,72,1796,14965955,0,0,0,30.087,19,34,-1,0,0,0,0,0,0,OK,100,1796,14965955,1786,0,0,0,0,0,0,0,0,0,0,1786,10,30.087,960,720,0,0,1,0,OK,0,,0,vision:ffmpeg_stream,,,RECOVERING,0,pitch,11,1,0,0,0,0,0,1,0,0,0,0,0,124,249,1,0,0,0,0,0,0,0,459,1327,449,300,12,11,1,0,0,battery?,,TIMEOUT,2372,12427,5055
,gui,,CONTROL_PANEL,67024,61,1,1,0,12,12,12,streamon,ok,OK,vision,,attempt=1|send=OK|raw=ok|parsed=OK,708,708,0,0,0,9.87112,10.259,51,101,170,0,0,0,0,0,OK,100,1,0,10,181.87,0,66,69,73,1830,15251142,0,0,0,30.3597,20,34,-1,0,0,0,0,0,0,OK,100,1830,15251142,1820,0,0,0,0,0,0,0,0,0,0,1820,10,30.3597,960,720,0,0,1,0,OK,0,,0,vision:ffmpeg_stream,,,RECOVERING,0,pitch,12,1,0,0,0,0,0,1,0,0,0,0,0,125,250,1,0,0,0,0,0,0,0,468,1352,458,300,12,11,1,0,0,battery?,,TIMEOUT,2372,13552,6180
,gui,,CONTROL_PANEL,68024,62,1,1,0,12,12,12,streamon,ok,OK,vision,,attempt=1|send=OK|raw=ok|parsed=OK,718,718,0,0,0,9.87991,9.96859,42,101,170,0,0,0,0,0,OK,100,1,0,10,181.52,0,66,69,71,1861,15505946,0,0,0,30.5436,0,31,-1,0,0,0,0,0,0,OK,100,1861,15505946,1851,0,0,0,0,0,0,0,0,0,0,1851,10,30.5436,960,720,0,0,1,0,OK,0,,0,vision:ffmpeg_stream,,,RECOVERING,0,pitch,10,1,0,0,0,0,0,1,0,0,0,0,0,125,249,1,0,0,0,0,0,0,0,476,1375,466,300,12,11,1,0,0,battery?,,TIMEOUT,2372,14552,7180
,gui,,CONTROL_PANEL,69149,63,1,1,0,12,12,12,streamon,ok,OK,vision,,attempt=1|send=OK|raw=ok|parsed=OK,729,729,0,0,0,8.9551,9.71226,44,111,170,0,0,0,0,0,OK,100,1,0,10,181.27,0,66,70,72,1895,15786230,0,0,0,36.8525,1,34,-1,0,0,0,0,0,0,OK,100,1895,15786230,1885,0,0,0,0,0,0,0,0,0,0,1885,10,36.8525,960,720,0,0,1,0,OK,0,,0,vision:ffmpeg_stream,,,RECOVERING,0,pitch,11,1,0,0,0,0,0,1,0,0,0,0,0,125,249,1,0,0,0,0,0,0,0,485,1400,475,300,13,11,2,0,0,battery?,,TIMEOUT,2391,15677,913
,gui,,CONTROL_PANEL,70274,64,1,1,0,12,12,12,streamon,ok,OK,vision,,attempt=1|send=OK|raw=ok|parsed=OK,741,741,0,0,0,10.0586,10.2123,16,99,170,0,0,0,0,0,OK,100,1,0,10,181.34,0,66,70,72,1929,16068746,0,0,0,37.3141,3,34,-1,0,0,0,0,0,0,OK,100,1929,16068746,1919,0,0,0,0,0,0,0,0,0,0,1919,10,37.3141,960,720,0,0,1,0,OK,0,,0,vision:ffmpeg_stream,,,RECOVERING,0,pitch,12,1,0,0,0,0,0,1,0,0,0,0,0,125,249,1,0,0,0,0,0,0,0,494,1425,484,300,13,11,2,0,0,battery?,,TIMEOUT,2391,16803,2038
,gui,,CONTROL_PANEL,71399,65,1,1,0,12,12,12,streamon,ok,OK,vision,,attempt=1|send=OK|raw=ok|parsed=OK,752,752,0,0,0,10.0981,10.0618,40,99,170,0,0,0,0,0,OK,100,1,0,10,181.78,0,66,70,72,1963,16359667,0,0,0,35.4095,16,34,-1,0,0,0,0,0,0,OK,100,1963,16359667,1953,0,0,0,0,0,0,0,0,0,0,1953,10,35.4095,960,720,0,0,1,0,OK,0,,0,vision:ffmpeg_stream,,,RECOVERING,0,pitch,11,1,0,0,0,0,0,1,0,0,0,0,0,124,250,1,0,0,0,0,0,0,0,503,1450,493,300,13,11,2,0,0,battery?,,TIMEOUT,2391,17927,3163
,gui,,CONTROL_PANEL,72399,66,1,1,0,12,12,12,streamon,ok,OK,vision,,attempt=1|send=OK|raw=ok|parsed=OK,763,763,0,0,0,20.2822,12.1344,1,49,170,0,0,0,0,0,OK,100,1,0,10,181.68,0,66,70,72,1994,16617043,0,0,0,33.7478,10,31,-1,0,0,0,0,0,0,OK,100,1994,16617043,1984,0,0,0,0,0,0,0,0,0,0,1984,10,33.7478,960,720,0,0,1,0,OK,0,,0,vision:ffmpeg_stream,,,RECOVERING,0,pitch,11,1,0,0,0,0,0,1,0,0,0,0,0,125,250,1,0,0,0,0,0,0,0,511,1473,501,300,13,11,2,0,0,battery?,,TIMEOUT,2391,18928,4163
,gui,,CONTROL_PANEL,73524,67,1,1,0,12,12,12,streamon,ok,OK,vision,,attempt=1|send=OK|raw=ok|parsed=OK,774,774,0,0,0,11.0506,10.4272,41,90,170,0,0,0,0,0,OK,100,1,0,10,181.8,0,66,70,72,2029,16906928,0,0,0,33.0699,10,35,-1,0,0,0,0,0,0,OK,100,2029,16906928,2019,0,0,0,0,0,0,0,0,0,0,2019,10,33.0699,960,720,0,0,1,0,OK,0,,0,vision:ffmpeg_stream,,,RECOVERING,0,pitch,11,1,0,0,0,0,0,1,0,0,0,0,0,125,249,1,0,0,0,0,0,0,0,520,1499,510,300,13,11,2,0,0,battery?,,TIMEOUT,2391,20053,5288
,gui,,CONTROL_PANEL,74649,68,1,1,0,12,12,12,streamon,ok,OK,vision,,attempt=1|send=OK|raw=ok|parsed=OK,785,785,0,0,0,9.98085,10.145,80,100,170,0,0,0,0,0,OK,100,1,0,10,181.98,0,66,70,71,2064,17196028,0,0,0,31.7835,8,35,-1,0,0,0,0,0,0,OK,100,2064,17196028,2054,0,0,0,0,0,0,0,0,0,0,2054,10,31.7835,960,720,0,0,1,0,OK,0,,0,vision:ffmpeg_stream,,,RECOVERING,0,pitch,11,1,0,0,0,0,0,1,0,0,0,0,0,125,250,1,0,0,0,0,0,0,0,530,1524,519,300,13,11,2,0,0,battery?,,TIMEOUT,2391,21177,6413
,gui,,CONTROL_PANEL,75774,69,1,1,0,12,12,12,streamon,ok,OK,vision,,attempt=1|send=OK|raw=ok|parsed=OK,797,797,0,0,0,10.1382,11.1926,72,98,170,0,0,0,0,0,OK,100,1,0,10,181.71,0,66,70,72,2099,17487091,0,0,0,31.0567,3,35,-1,0,0,0,0,0,0,OK,100,2099,17487091,2089,0,0,0,0,0,0,0,0,0,0,2089,10,31.0567,960,720,0,0,1,0,OK,0,,0,vision:ffmpeg_stream,,,RECOVERING,0,pitch,12,1,0,0,0,0,0,1,0,0,0,0,0,125,250,1,0,0,0,0,0,0,0,539,1550,527,300,14,11,3,0,0,battery?,,TIMEOUT,2391,22302,146
,gui,,CONTROL_PANEL,76774,70,1,1,0,12,12,12,streamon,ok,OK,vision,,attempt=1|send=OK|raw=ok|parsed=OK,807,807,0,0,0,10.1307,10.2553,85,98,170,0,0,0,0,0,OK,100,1,0,10,181.95,0,66,70,73,2130,17743686,0,0,0,31.2511,7,31,-1,0,0,0,0,0,0,OK,100,2130,17743686,2120,0,0,0,0,0,0,0,0,0,0,2120,10,31.2511,960,720,0,0,1,0,OK,0,,0,vision:ffmpeg_stream,,,RECOVERING,0,pitch,10,1,0,0,0,0,0,1,0,0,0,0,0,125,249,1,0,0,0,0,0,0,0,546,1574,534,300,14,11,3,0,0,battery?,,TIMEOUT,2391,23303,1146
,gui,,CONTROL_PANEL,77899,71,1,1,0,12,12,12,streamon,ok,OK,vision,,attempt=1|send=OK|raw=ok|parsed=OK,819,819,0,0,0,10.145,10.1657,26,98,170,0,0,0,0,0,OK,100,1,0,10,181.71,0,66,70,72,2165,18030996,0,0,0,31.3462,3,35,-1,0,0,0,0,0,0,OK,100,2165,18030996,2155,0,0,0,0,0,0,0,0,0,0,2155,10,31.3462,960,720,0,0,1,0,OK,0,,0,vision:ffmpeg_stream,,,RECOVERING,0,pitch,12,1,0,0,0,0,0,1,0,0,0,0,0,125,249,1,0,0,0,0,0,0,0,555,1600,543,300,14,11,3,0,0,battery?,,TIMEOUT,2391,24428,2271
,gui,,CONTROL_PANEL,79024,72,1,1,0,12,12,12,streamon,ok,OK,vision,,attempt=1|send=OK|raw=ok|parsed=OK,831,831,0,0,0,10.3538,11.8929,16,96,170,0,0,0,0,0,OK,100,1,0,10,181.72,0,66,69,72,2200,18317265,0,0,0,41.6463,20,35,-1,0,0,0,0,0,0,OK,100,2200,18317265,2190,0,0,0,0,0,0,0,0,0,0,2190,10,41.6463,960,720,0,0,1,0,OK,0,,0,vision:ffmpeg_stream,,,RECOVERING,0,pitch,12,1,0,0,0,0,0,1,0,0,0,0,0,125,250,1,0,0,0,0,0,0,0,564,1626,552,300,14,11,3,0,0,battery?,,TIMEOUT,2391,25552,3396
,gui,,CONTROL_PANEL,80024,73,1,1,0,12,12,12,streamon,ok,OK,vision,,attempt=1|send=OK|raw=ok|parsed=OK,841,841,0,0,0,10.0863,10.3131,29,99,170,0,0,0,0,0,OK,100,1,0,10,181.32,0,66,70,72,2230,18564600,0,0,0,42.1851,54,30,-1,0,0,0,0,0,0,OK,100,2230,18564600,2220,0,0,0,0,0,0,0,0,0,0,2220,10,42.1851,960,720,0,0,1,0,OK,0,,0,vision:ffmpeg_stream,,,RECOVERING,0,pitch,10,1,0,0,0,0,0,1,0,0,0,0,0,125,249,1,0,0,0,0,0,0,0,572,1648,560,300,14,11,3,0,0,battery?,,TIMEOUT,2391,26553,4396
,gui,,CONTROL_PANEL,81024,74,1,1,0,12,12,12,streamon,ok,OK,vision,,attempt=1|send=OK|raw=ok|parsed=OK,851,851,0,0,0,10.6242,10.5524,79,94,170,0,0,0,0,0,OK,100,1,0,10,181.47,0,66,70,72,2263,18845152,0,0,0,38.511,9,33,-1,0,0,0,0,0,0,OK,100,2263,18845152,2253,0,0,0,0,0,0,0,0,0,0,2253,10,38.511,960,720,0,0,1,0,OK,0,,0,vision:ffmpeg_stream,,,RECOVERING,0,pitch,10,1,0,0,0,0,0,1,0,0,0,0,0,125,249,1,0,0,0,0,0,0,0,580,1673,568,300,14,11,3,0,0,battery?,,TIMEOUT,2391,27553,5396
,gui,,CONTROL_PANEL,82149,75,1,1,0,12,12,12,streamon,ok,OK,vision,,attempt=1|send=OK|raw=ok|parsed=OK,864,864,0,0,0,10.4206,11.6627,25,95,170,0,0,0,0,0,OK,100,1,0,10,181.89,0,66,70,71,2299,19137688,0,0,0,32.999,24,36,-1,0,0,0,0,0,0,OK,100,2299,19137688,2289,0,0,0,0,0,0,0,0,0,0,2289,10,32.999,960,720,0,0,1,0,OK,0,,0,vision:ffmpeg_stream,,,RECOVERING,0,pitch,13,1,0,0,0,0,0,1,0,0,0,0,0,125,250,1,0,0,0,0,0,0,0,589,1700,577,300,14,11,3,0,0,battery?,,TIMEOUT,2391,28678,6521
,gui,,CONTROL_PANEL,83274,76,1,1,0,12,12,12,streamon,ok,OK,vision,,attempt=1|send=OK|raw=ok|parsed=OK,876,876,0,0,0,10.6229,10.7751,20,94,170,0,0,0,0,0,OK,100,1,0,10,181.4,0,66,70,72,2335,19431429,0,0,0,32.3209,41,36,-1,0,0,0,0,0,0,OK,100,2335,19431429,2325,0,0,0,0,0,0,0,0,0,0,2325,10,32.3209,960,720,0,0,1,0,OK,0,,0,vision:ffmpeg_stream,,,RECOVERING,0,pitch,12,1,0,0,0,0,0,1,0,0,0,0,0,125,250,1,0,0,0,0,0,0,0,598,1727,586,300,15,11,4,0,0,battery?,,TIMEOUT,2391,29802,254
,gui,,CONTROL_PANEL,84399,77,1,1,0,12,12,12,streamon,ok,OK,vision,,attempt=1|send=OK|raw=ok|parsed=OK,888,888,0,0,0,10.6187,10.6364,14,94,170,0,0,0,0,0,OK,100,1,0,10,181.7,0,66,70,72,2373,19739258,0,0,0,32.8339,0,38,-1,0,0,0,0,0,0,OK,100,2373,19739258,2363,0,0,0,0,0,0,0,0,0,0,2363,10,32.8339,960,720,0,0,1,0,OK,0,,0,vision:ffmpeg_stream,,,RECOVERING,0,pitch,12,1,0,0,0,0,0,1,0,0,0,0,0,125,249,1,0,0,0,0,0,0,0,608,1755,595,300,15,11,4,0,0,battery?,,TIMEOUT,2391,30927,1379
,gui,,CONTROL_PANEL,85400,78,1,1,0,12,12,12,streamon,ok,OK,vision,,attempt=1|send=OK|raw=ok|parsed=OK,898,898,0,0,0,10.1467,10.685,77,98,170,0,0,0,0,0,OK,100,1,0,10,181.38,0,66,71,72,2403,19984410,0,0,0,29.719,17,30,-1,0,0,0,0,0,0,OK,100,2403,19984410,2393,0,0,0,0,0,0,0,0,0,0,2393,10,29.719,960,720,0,0,1,0,OK,0,,0,vision:ffmpeg_stream,,,RECOVERING,0,pitch,10,1,0,0,0,0,0,1,0,0,0,0,0,125,250,1,0,0,0,0,0,0,0,616,1777,603,300,15,11,4,0,0,battery?,,TIMEOUT,2391,31928,2380
,gui,,CONTROL_PANEL,86524,79,1,1,0,12,12,12,streamon,ok,OK,vision,,attempt=1|send=OK|raw=ok|parsed=OK,910,910,0,0,0,10.3689,10.1603,10,96,170,0,0,0,0,0,OK,100,1,0,10,181.73,0,66,70,72,2438,20269318,0,0,0,31.0523,21,35,-1,0,0,0,0,0,0,OK,100,2438,20269318,2428,0,0,0,0,0,0,0,0,0,0,2428,10,31.0523,960,720,0,0,1,0,OK,0,,0,vision:ffmpeg_stream,,,RECOVERING,0,pitch,12,1,0,0,0,0,0,1,0,0,0,0,0,125,249,1,0,0,0,0,0,0,0,624,1804,611,300,15,11,4,0,0,battery?,,TIMEOUT,2391,33052,3504
,gui,,CONTROL_PANEL,87649,80,1,1,0,12,12,12,streamon,ok,OK,vision,,attempt=1|send=OK|raw=ok|parsed=OK,921,921,0,0,0,10.1558,10.1016,43,98,170,0,0,0,0,0,OK,100,1,0,10,181.36,0,66,70,73,2473,20565418,0,0,0,34.6846,8,35,-1,0,0,0,0,0,0,OK,100,2473,20565418,2463,0,0,0,0,0,0,0,0,0,0,2463,10,34.6846,960,720,0,0,1,0,OK,0,,0,vision:ffmpeg_stream,,,RECOVERING,0,pitch,11,1,0,0,0,0,0,1,0,0,0,0,0,125,249,1,0,0,0,0,0,0,0,634,1829,620,300,15,11,4,0,0,battery?,,TIMEOUT,2391,34177,4629
,gui,,CONTROL_PANEL,88774,81,1,1,0,12,12,12,streamon,ok,OK,vision,,attempt=1|send=OK|raw=ok|parsed=OK,933,933,0,0,0,10.0905,10.3606,27,99,170,0,0,0,0,0,OK,100,1,0,10,181.82,0,66,69,73,2508,20850083,0,0,0,31.9511,0,35,-1,0,0,0,0,0,0,OK,100,2508,20850083,2498,0,0,0,0,0,0,0,0,0,0,2498,10,31.9511,960,720,0,0,1,0,OK,0,,0,vision:ffmpeg_stream,,,RECOVERING,0,pitch,12,1,0,0,0,0,0,1,0,0,0,0,0,125,249,1,0,0,0,0,0,0,0,642,1856,628,300,15,11,4,0,0,battery?,,TIMEOUT,2391,35302,5754
,gui,,CONTROL_PANEL,89774,82,1,1,0,12,12,12,streamon,ok,OK,vision,,attempt=1|send=OK|raw=ok|parsed=OK,943,943,0,0,0,10.0922,10.1001,35,99,170,0,0,0,0,0,OK,100,1,0,10,181.55,0,66,70,71,2538,21095920,0,0,0,34.4725,28,30,-1,0,0,0,0,0,0,OK,100,2538,21095920,2528,0,0,0,0,0,0,0,0,0,0,2528,10,34.4725,960,720,0,0,1,0,OK,0,,0,vision:ffmpeg_stream,,,RECOVERING,0,pitch,10,1,0,0,0,0,0,1,0,0,0,0,0,125,249,1,0,0,0,0,0,0,0,650,1878,636,300,15,11,4,0,0,battery?,,TIMEOUT,2391,36302,6754
,gui,,CONTROL_PANEL,90899,83,1,1,0,12,12,12,streamon,ok,OK,vision,,attempt=1|send=OK|raw=ok|parsed=OK,954,954,0,0,0,10.0781,10.0831,69,99,170,0,0,0,0,0,OK,100,1,0,10,181.55,0,66,70,71,2573,21380225,0,0,0,31.4092,19,35,-1,0,0,0,0,0,0,OK,100,2573,21380225,2563,0,0,0,0,0,0,0,0,0,0,2563,10,31.4092,960,720,0,0,1,0,OK,0,,0,vision:ffmpeg_stream,,,RECOVERING,0,pitch,11,1,0,0,0,0,0,1,0,0,0,0,0,125,250,1,0,0,0,0,0,0,0,659,1904,645,300,16,11,5,0,0,battery?,,TIMEOUT,2391,37428,487
,gui,,CONTROL_PANEL,92024,84,1,1,0,12,12,12,streamon,ok,OK,vision,,attempt=1|send=OK|raw=ok|parsed=OK,966,966,0,0,0,10.1331,10.6733,52,98,170,0,0,0,0,0,OK,100,1,0,10,181.54,0,66,70,72,2608,21664389,0,0,0,31.1101,10,35,-1,0,0,0,0,0,0,OK,100,2608,21664389,2598,0,0,0,0,0,0,0,0,0,0,2598,10,31.1101,960,720,0,0,1,0,OK,0,,0,vision:ffmpeg_stream,,,RECOVERING,0,pitch,12,1,0,0,0,0,0,1,0,0,0,0,0,125,250,1,0,0,0,0,0,0,0,668,1930,654,300,16,11,5,0,0,battery?,,TIMEOUT,2391,38552,1612
,gui,,CONTROL_PANEL,93024,85,1,1,0,12,12,12,streamon,ok,OK,vision,,attempt=1|send=OK|raw=ok|parsed=OK,976,976,0,0,0,10.0819,10.1496,60,99,170,0,0,0,0,0,OK,100,1,0,10,181.49,0,65,70,72,2639,21917873,0,0,0,30.9588,4,31,-1,0,0,0,0,0,0,OK,100,2639,21917873,2629,0,0,0,0,0,0,0,0,0,0,2629,10,30.9588,960,720,0,0,1,0,OK,0,,0,vision:ffmpeg_stream,,,RECOVERING,0,pitch,10,1,0,0,0,0,0,1,0,0,0,0,0,125,249,1,0,0,0,0,0,0,0,676,1953,662,300,16,11,5,0,0,battery?,,TIMEOUT,2391,39552,2612
,gui,,CONTROL_PANEL,94149,86,1,1,0,12,12,12,streamon,ok,OK,vision,,attempt=1|send=OK|raw=ok|parsed=OK,987,987,0,0,0,10.0785,10.0901,94,99,170,0,0,0,0,0,OK,100,1,0,10,181.6,0,65,70,72,2673,22194815,0,0,0,31.3056,28,34,-1,0,0,0,0,0,0,OK,100,2673,22194815,2663,0,0,0,0,0,0,0,0,0,0,2663,10,31.3056,960,720,0,0,1,0,OK,0,,0,vision:ffmpeg_stream,,,RECOVERING,0,pitch,11,1,0,0,0,0,0,1,0,0,0,0,0,125,249,1,0,0,0,0,0,0,0,685,1978,671,300,16,11,5,0,0,battery?,,TIMEOUT,2391,40677,3737
,gui,,CONTROL_PANEL,95149,87,1,1,0,12,12,12,streamon,ok,OK,vision,,attempt=1|send=OK|raw=ok|parsed=OK,998,998,0,0,0,10.1197,10.5309,51,98,170,0,0,0,0,0,OK,100,1,0,10,181.5,0,65,70,72,2704,22448190,0,0,0,31.4033,18,31,-1,0,0,0,0,0,0,OK,100,2704,22448190,2694,0,0,0,0,0,0,0,0,0,0,2694,10,31.4033,960,720,0,0,1,0,OK,0,,0,vision:ffmpeg_stream,,,RECOVERING,0,pitch,11,1,0,0,0,0,0,1,0,0,0,0,0,125,250,1,0,0,0,0,0,0,0,693,2001,679,300,16,11,5,0,0,battery?,,TIMEOUT,2391,41677,4737
,gui,,CONTROL_PANEL,96149,88,1,1,0,12,12,12,streamon,ok,OK,vision,,attempt=1|send=OK|raw=ok|parsed=OK,1008,1008,0,0,0,10.1362,10.128,58,98,170,0,0,0,0,0,OK,100,1,0,10,181.54,0,65,70,72,2735,22703150,0,0,0,31.1684,16,31,-1,0,0,0,0,0,0,OK,100,2735,22703150,2725,0,0,0,0,0,0,0,0,0,0,2725,10,31.1684,960,720,0,0,1,0,OK,0,,0,vision:ffmpeg_stream,,,RECOVERING,0,pitch,10,1,0,0,0,0,0,1,0,0,0,0,0,125,250,1,0,0,0,0,0,0,0,701,2024,687,300,16,11,5,0,0,battery?,,TIMEOUT,2391,42677,5737
,gui,,CONTROL_PANEL,97274,89,1,1,0,12,12,12,streamon,ok,OK,vision,,attempt=1|send=OK|raw=ok|parsed=OK,1019,1019,0,0,0,9.87775,9.91782,72,101,170,0,0,0,0,0,OK,100,1,0,10,181.56,0,65,69,72,2770,22987720,0,0,0,37.1921,5,35,-1,0,0,0,0,0,0,OK,100,2770,22987720,2760,0,0,0,0,0,0,0,0,0,0,2760,10,37.1921,960,720,0,0,1,0,OK,0,,0,vision:ffmpeg_stream,,,RECOVERING,0,pitch,11,1,0,0,0,0,0,1,0,0,0,0,0,125,249,1,0,0,0,0,0,0,0,710,2050,696,300,16,11,5,0,0,battery?,,TIMEOUT,2391,43803,6862
,gui,,CONTROL_PANEL,98274,90,1,1,0,12,12,12,streamon,ok,OK,vision,,attempt=1|send=OK|raw=ok|parsed=OK,1030,1030,0,0,0,9.89002,10.6153,10,101,170,0,0,0,0,0,OK,100,1,0,10,181.59,0,65,69,72,2800,23232673,0,0,0,35.1424,9,30,-1,0,0,0,0,0,0,OK,100,2800,23232673,2790,0,0,0,0,0,0,0,0,0,0,2790,10,35.1424,960,720,0,0,1,0,OK,0,,0,vision:ffmpeg_stream,,,RECOVERING,0,pitch,11,1,0,0,0,0,0,1,0,0,0,0,0,125,250,1,0,0,0,0,0,0,0,718,2072,704,300,17,11,6,0,0,battery?,,TIMEOUT,2391,44803,470
,gui,,CONTROL_PANEL,99399,91,1,1,0,12,12,12,streamon,ok,OK,vision,,attempt=1|send=OK|raw=ok|parsed=OK,1041,1041,0,0,0,9.37411,9.74735,10,106,170,0,0,0,0,0,OK,100,1,0,10,181.6,0,65,70,72,2833,23512787,0,0,0,34.5206,29,33,-1,0,0,0,0,0,0,OK,100,2833,23512787,2823,0,0,0,0,0,0,0,0,0,0,2823,10,34.5206,960,720,0,0,1,0,OK,0,,0,vision:ffmpeg_stream,,,RECOVERING,0,pitch,11,1,0,0,0,0,0,1,0,0,0,0,0,125,250,1,0,0,0,0,0,0,0,727,2096,713,300,17,11,6,0,0,battery?,,TIMEOUT,2391,45928,1596
,gui,,CONTROL_PANEL,100524,92,1,1,0,12,12,12,streamon,ok,OK,vision,,attempt=1|send=OK|raw=ok|parsed=OK,1052,1052,0,0,0,9.86314,9.90099,34,101,170,0,0,0,0,0,OK,100,1,0,10,181.53,0,65,70,72,2867,23789807,0,0,0,31.35,30,34,-1,0,0,0,0,0,0,OK,100,2867,23789807,2857,0,0,0,0,0,0,0,0,0,0,2857,10,31.35,960,720,0,0,1,0,OK,0,,0,vision:ffmpeg_stream,,,RECOVERING,0,pitch,11,1,0,0,0,0,0,1,0,0,0,0,0,125,249,1,0,0,0,0,0,0,0,736,2121,722,300,17,11,6,0,0,battery?,,TIMEOUT,2391,47053,2720
,gui,,CONTROL_PANEL,101649,93,1,1,0,12,12,12,streamon,ok,OK,vision,,attempt=1|send=OK|raw=ok|parsed=OK,1063,1063,0,0,0,9.80263,10.6989,95,102,170,0,0,0,0,0,OK,100,1,0,10,181.58,0,65,69,72,2901,24069013,0,0,0,31.0439,32,34,-1,0,0,0,0,0,0,OK,100,2901,24069013,2891,0,0,0,0,0,0,0,0,0,0,2891,10,31.0439,960,720,0,0,1,0,OK,0,,0,vision:ffmpeg_stream,,,RECOVERING,0,pitch,11,1,0,0,0,0,0,1,0,0,0,0,0,125,249,1,0,0,0,0,0,0,0,745,2146,730,300,17,11,6,0,0,battery?,,TIMEOUT,2391,48177,3845
,gui,,CONTROL_PANEL,102774,94,1,1,0,12,12,12,streamon,ok,OK,vision,,attempt=1|send=OK|raw=ok|parsed=OK,1075,1075,0,0,0,10.09,10.11,18,99,170,0,0,0,0,0,OK,100,1,0,10,181.83,0,65,70,72,2936,24353333,0,0,0,31.4003,11,35,-1,0,0,0,0,0,0,OK,100,2936,24353333,2926,0,0,0,0,0,0,0,0,0,0,2926,10,31.4003,960,720,0,0,1,0,OK,0,,0,vision:ffmpeg_stream,,,RECOVERING,0,pitch,12,1,0,0,0,0,0,1,0,0,0,0,0,125,250,1,0,0,0,0,0,0,0,755,2171,739,300,17,11,6,0,0,battery?,,TIMEOUT,2391,49302,4970
,gui,,CONTROL_PANEL,103774,95,1,1,0,12,12,12,streamon,ok,OK,vision,,attempt=1|send=OK|raw=ok|parsed=OK,1085,1085,0,0,0,10.0241,10.0873,26,99,170,0,0,0,0,0,OK,100,1,0,10,181.75,0,65,69,72,2967,24606505,0,0,0,31.3693,7,31,-1,0,0,0,0,0,0,OK,100,2967,24606505,2957,0,0,0,0,0,0,0,0,0,0,2957,10,31.3693,960,720,0,0,1,0,OK,0,,0,vision:ffmpeg_stream,,,RECOVERING,0,pitch,10,1,0,0,0,0,0,1,0,0,0,0,0,125,249,1,0,0,0,0,0,0,0,763,2194,747,300,17,11,6,0,0,battery?,,TIMEOUT,2391,50302,5970
,gui,,CONTROL_PANEL,104774,96,1,1,0,12,12,12,streamon,ok,OK,vision,,attempt=1|send=OK|raw=ok|parsed=OK,1095,1095,0,0,0,10.2457,10.479,91,97,170,0,0,0,0,0,OK,100,1,0,10,181.59,0,65,70,72,2998,24859208,0,0,0,31.3129,7,31,-1,0,0,0,0,0,0,OK,100,2998,24859208,2988,0,0,0,0,0,0,0,0,0,0,2988,10,31.3129,960,720,0,0,1,0,OK,0,,0,vision:ffmpeg_stream,,,RECOVERING,0,pitch,10,1,0,0,0,0,0,1,0,0,0,0,0,125,249,1,0,0,0,0,0,0,0,771,2217,755,300,17,11,6,0,0,battery?,,TIMEOUT,2391,51302,6970
,gui,,CONTROL_PANEL,105899,97,1,1,0,12,12,12,streamon,ok,OK,vision,,attempt=1|send=OK|raw=ok|parsed=OK,1107,1107,0,0,0,10.2308,10.2651,45,97,170,0,0,0,0,0,OK,100,1,0,10,181.52,0,65,70,72,3033,25144953,0,0,0,32.1691,18,35,-1,0,0,0,0,0,0,OK,100,3033,25144953,3023,0,0,0,0,0,0,0,0,0,0,3023,10,32.1691,960,720,0,0,1,0,OK,0,,0,vision:ffmpeg_stream,,,RECOVERING,0,pitch,12,1,0,0,0,0,0,1,0,0,0,0,0,125,250,1,0,0,0,0,0,0,0,780,2243,764,300,18,11,7,0,0,battery?,,TIMEOUT,2391,52427,703
,gui,,CONTROL_PANEL,107024,98,1,1,0,12,12,12,streamon,ok,OK,vision,,attempt=1|send=OK|raw=ok|parsed=OK,1118,1118,0,0,0,9.90435,10.1784,92,100,170,0,0,0,0,0,OK,100,1,0,10,181.63,0,65,70,72,3068,25430604,0,0,0,31.3798,25,35,-1,0,0,0,0,0,0,OK,100,3068,25430604,3058,0,0,0,0,0,0,0,0,0,0,3058,10,31.3798,960,720,0,0,1,0,OK,0,,0,vision:ffmpeg_stream,,,RECOVERING,0,pitch,11,1,0,0,0,0,0,1,0,0,0,0,0,125,249,1,0,0,0,0,0,0,0,789,2269,773,300,18,11,7,0,0,battery?,,TIMEOUT,2391,53552,1828
,gui,,CONTROL_PANEL,108024,99,1,1,0,12,12,12,streamon,ok,OK,vision,,attempt=1|send=OK|raw=ok|parsed=OK,1129,1129,0,0,0,10.0899,10.5924,68,99,170,0,0,0,0,0,OK,100,1,0,10,181.41,0,65,69,72,3100,25692304,0,0,0,38.3156,23,32,-1,0,0,0,0,0,0,OK,100,3100,25692304,3090,0,0,0,0,0,0,0,0,0,0,3090,10,38.3156,960,720,0,0,1,0,OK,0,,0,vision:ffmpeg_stream,,,RECOVERING,0,pitch,11,1,0,0,0,0,0,1,0,0,0,0,0,125,250,1,0,0,0,0,0,0,0,797,2293,781,300,18,11,7,0,0,battery?,,TIMEOUT,2391,54552,2828
,gui,,CONTROL_PANEL,109149,100,1,1,0,12,12,12,streamon,ok,OK,vision,,attempt=1|send=OK|raw=ok|parsed=OK,1141,1141,0,0,0,10.2379,10.2724,23,97,170,0,0,0,0,0,OK,100,1,0,10,181.24,0,65,69,72,3135,25988888,0,0,0,34.0119,15,35,-1,0,0,0,0,0,0,OK,100,3135,25988888,3125,0,0,0,0,0,0,0,0,0,0,3125,10,34.0119,960,720,0,0,1,0,OK,0,,0,vision:ffmpeg_stream,,,RECOVERING,0,pitch,12,1,0,0,0,0,0,1,0,0,0,0,0,125,249,1,0,0,0,0,0,0,0,806,2319,790,300,18,11,7,0,0,battery?,,TIMEOUT,2391,55677,3953
,gui,,CONTROL_PANEL,110149,101,1,1,0,12,12,12,streamon,ok,OK,vision,,attempt=1|send=OK|raw=ok|parsed=OK,1151,1151,0,0,0,10.4985,10.267,47,95,170,0,0,0,0,0,OK,100,1,0,10,181.82,0,65,69,72,3166,26242099,0,0,0,32.2608,24,31,-1,0,0,0,0,0,0,OK,100,3166,26242099,3156,0,0,0,0,0,0,0,0,0,0,3156,10,32.2608,960,720,0,0,1,0,OK,0,,0,vision:ffmpeg_stream,,,RECOVERING,0,pitch,10,1,0,0,0,0,0,1,0,0,0,0,0,125,250,1,0,0,0,0,0,0,0,813,2343,797,300,18,11,7,0,0,battery?,,TIMEOUT,2391,56677,4953
,gui,,CONTROL_PANEL,111149,102,1,1,0,12,12,12,streamon,ok,OK,vision,,attempt=1|send=OK|raw=ok|parsed=OK,1162,1162,0,0,0,10.2282,10.4653,21,97,170,0,0,0,0,0,OK,100,1,0,10,181.32,0,65,69,72,3198,26503155,0,0,0,31.648,3,32,-1,0,0,0,0,0,0,OK,100,3198,26503155,3188,0,0,0,0,0,0,0,0,0,0,3188,10,31.648,960,720,0,0,1,0,OK,0,,0,vision:ffmpeg_stream,,,RECOVERING,0,pitch,11,1,0,0,0,0,0,1,0,0,0,0,0,125,250,1,0,0,0,0,0,0,0,821,2367,805,300,18,11,7,0,0,battery?,,TIMEOUT,2391,57677,5953
,gui,,CONTROL_PANEL,112274,103,1,1,0,12,12,12,streamon,ok,OK,vision,,attempt=1|send=OK|raw=ok|parsed=OK,1173,1173,0,0,0,10.2829,10.2749,71,97,170,0,0,0,0,0,OK,100,1,0,10,181.42,0,64,70,72,3233,26788270,0,0,0,31.7548,13,35,-1,0,0,0,0,0,0,OK,100,3233,26788270,3223,0,0,0,0,0,0,0,0,0,0,3223,10,31.7548,960,720,0,0,1,0,OK,0,,0,vision:ffmpeg_stream,,,RECOVERING,0,pitch,11,1,0,0,0,0,0,1,0,0,0,0,0,125,249,1,0,0,0,0,0,0,0,830,2393,814,300,18,11,7,0,0,battery?,,TIMEOUT,2391,58802,7078
,gui,,CONTROL_PANEL,113399,104,1,1,0,12,12,12,streamon,ok,OK,vision,,attempt=1|send=OK|raw=ok|parsed=OK,1185,1185,0,0,0,10.5192,11.4663,88,95,170,0,0,0,0,0,OK,100,1,0,10,181.6,0,64,70,72,3269,27081494,0,0,0,32.1213,5,36,-1,0,0,0,0,0,0,OK,100,3269,27081494,3259,0,0,0,0,0,0,0,0,0,0,3259,10,32.1213,960,720,0,0,1,0,OK,0,,0,vision:ffmpeg_stream,,,RECOVERING,0,pitch,12,1,0,0,0,0,0,1,0,0,0,0,0,125,250,1,0,0,0,0,0,0,0,840,2419,823,300,19,11,8,0,0,battery?,,TIMEOUT,2391,59927,811
,gui,,CONTROL_PANEL,114399,105,1,1,0,12,12,12,streamon,ok,OK,vision,,attempt=1|send=OK|raw=ok|parsed=OK,1196,1196,0,0,0,10.3036,10.3112,18,97,170,0,0,0,0,0,OK,100,1,0,10,181.24,0,64,70,72,3300,27335674,0,0,0,32.3631,31,31,-1,0,0,0,0,0,0,OK,100,3300,27335674,3290,0,0,0,0,0,0,0,0,0,0,3290,10,32.3631,960,720,0,0,1,0,OK,0,,0,vision:ffmpeg_stream,,,RECOVERING,0,pitch,11,1,0,0,0,0,0,1,0,0,0,0,0,125,250,1,0,0,0,0,0,0,0,847,2443,831,300,19,11,8,0,0,battery?,,TIMEOUT,2391,60928,1811
,gui,,CONTROL_PANEL,115524,106,1,1,0,12,12,12,streamon,ok,OK,vision,,attempt=1|send=OK|raw=ok|parsed=OK,1207,1207,0,0,0,10.3263,10.3688,86,96,170,0,0,0,0,0,OK,100,1,0,10,181.4,0,64,69,71,3336,27629574,0,0,0,31.9795,20,36,-1,0,0,0,0,0,0,OK,100,3336,27629574,3326,0,0,0,0,0,0,0,0,0,0,3326,10,31.9795,960,720,0,0,1,0,OK,0,,0,vision:ffmpeg_stream,,,RECOVERING,0,pitch,11,1,0,0,0,0,0,1,0,0,0,0,0,125,249,1,0,0,0,0,0,0,0,856,2470,839,300,19,11,8,0,0,battery?,,TIMEOUT,2391,62052,2936
,gui,,CONTROL_PANEL,116649,107,1,1,0,12,12,12,streamon,ok,OK,vision,,attempt=1|send=OK|raw=ok|parsed=OK,1220,1220,0,0,0,10.2374,11.1895,11,97,170,0,0,0,0,0,OK,100,1,0,10,181.76,0,64,69,71,3372,27933211,0,0,0,33.5454,14,36,-1,0,0,0,0,0,0,OK,100,3372,27933211,3362,0,0,0,0,0,0,0,0,0,0,3362,10,33.5454,960,720,0,0,1,0,OK,0,,0,vision:ffmpeg_stream,,,RECOVERING,0,pitch,13,1,0,0,0,0,0,1,0,0,0,0,0,125,249,1,0,0,0,0,0,0,0,865,2497,848,300,19,11,8,0,0,battery?,,TIMEOUT,2391,63177,4061
,gui,,CONTROL_PANEL,117774,108,1,1,0,12,12,12,streamon,ok,OK,vision,,attempt=1|send=OK|raw=ok|parsed=OK,1231,1231,0,0,0,10.0822,10.3977,76,99,170,0,0,0,0,0,OK,100,1,0,10,181.5,0,64,69,72,3408,28227709,0,0,0,32.2721,1,36,-1,0,0,0,0,0,0,OK,100,3408,28227709,3398,0,0,0,0,0,0,0,0,0,0,3398,10,32.2721,960,720,0,0,1,0,OK,0,,0,vision:ffmpeg_stream,,,RECOVERING,0,pitch,11,1,0,0,0,0,0,1,0,0,0,0,0,125,250,1,0,0,0,0,0,0,0,874,2524,857,300,19,11,8,0,0,battery?,,TIMEOUT,2391,64302,5186
,gui,,CONTROL_PANEL,118774,109,1,1,0,12,12,12,streamon,ok,OK,vision,,attempt=1|send=OK|raw=ok|parsed=OK,1241,1241,0,0,0,10.0728,10.1577,84,99,170,0,0,0,0,0,OK,100,1,0,10,181.9,0,64,69,72,3438,28474001,0,0,0,31.3024,29,30,-1,0,0,0,0,0,0,OK,100,3438,28474001,3428,0,0,0,0,0,0,0,0,0,0,3428,10,31.3024,960,720,0,0,1,0,OK,0,,0,vision:ffmpeg_stream,,,RECOVERING,0,pitch,10,1,0,0,0,0,0,1,0,0,0,0,0,125,250,1,0,0,0,0,0,0,0,882,2546,865,300,19,11,8,0,0,battery?,,TIMEOUT,2391,65303,6186
,gui,,CONTROL_PANEL,119899,110,1,1,0,12,12,12,streamon,ok,OK,vision,,attempt=1|send=OK|raw=ok|parsed=OK,1253,1253,0,0,0,10.0691,11.2958,67,99,170,0,0,0,0,0,OK,100,1,0,10,181.68,0,64,70,71,3473,28759705,0,0,0,31.8872,18,35,-1,0,0,0,0,0,0,OK,100,3473,28759705,3463,0,0,0,0,0,0,0,0,0,0,3463,10,31.8872,960,720,0,0,1,0,OK,0,,0,vision:ffmpeg_stream,,,RECOVERING,0,pitch,12,1,0,0,0,0,0,1,0,0,0,0,0,125,250,1,0,0,0,0,0,0,0,891,2572,874,300,19,11,8,0,0,battery?,,TIMEOUT,2391,66428,7311
,gui,,CONTROL_PANEL,121024,111,1,1,0,12,12,12,streamon,ok,OK,vision,,attempt=1|send=OK|raw=ok|parsed=OK,1265,1265,0,0,0,10.0803,10.1798,1,99,170,0,0,0,0,0,OK,100,1,0,10,181.53,0,64,70,71,3508,29046155,0,0,0,30.8455,5,35,-1,0,0,0,0,0,0,OK,100,3508,29046155,3498,0,0,0,0,0,0,0,0,0,0,3498,10,30.8455,960,720,0,0,1,0,OK,0,,0,vision:ffmpeg_stream,,,RECOVERING,0,pitch,12,1,0,0,0,0,0,1,0,0,0,0,0,125,250,1,0,0,0,0,0,0,0,900,2598,883,300,20,11,9,0,0,battery?,,TIMEOUT,2391,67552,1044
,gui,,CONTROL_PANEL,122024,112,1,1,0,12,12,12,streamon,ok,OK,vision,,attempt=1|send=OK|raw=ok|parsed=OK,1275,1275,0,0,0,10.2723,10.0923,8,97,170,0,0,0,0,0,OK,100,1,0,10,181.64,0,64,70,72,3539,29300531,0,0,0,31.0722,2,31,-1,0,0,0,0,0,0,OK,100,3539,29300531,3529,0,0,0,0,0,0,0,0,0,0,3529,10,31.0722,960,720,0,0,1,0,OK,0,,0,vision:ffmpeg_stream,,,RECOVERING,0,pitch,10,1,0,0,0,0,0,1,0,0,0,0,0,125,250,1,0,0,0,0,0,0,0,908,2621,891,300,20,11,9,0,0,battery?,,TIMEOUT,2391,68553,2044
,gui,,CONTROL_PANEL,123149,113,1,1,0,12,12,12,streamon,ok,OK,vision,,attempt=1|send=OK|raw=ok|parsed=OK,1286,1286,0,0,0,10.2039,10.8983,89,98,170,0,0,0,0,0,OK,100,1,0,10,182.2,0,64,69,72,3573,29578557,0,0,0,31.2376,26,34,-1,0,0,0,0,0,0,OK,100,3573,29578557,3563,0,0,0,0,0,0,0,0,0,0,3563,10,31.2376,960,720,0,0,1,0,OK,0,,0,vision:ffmpeg_stream,,,RECOVERING,0,pitch,11,1,0,0,0,0,0,1,0,0,0,0,0,124,250,1,0,0,0,0,0,0,0,917,2646,900,300,20,11,9,0,0,battery?,,TIMEOUT,2391,69677,3169
,gui,,CONTROL_PANEL,124149,114,1,1,0,12,12,12,streamon,ok,OK,vision,,attempt=1|send=OK|raw=ok|parsed=OK,1296,1296,0,0,0,10.3139,10.1968,99,96,170,0,0,0,0,0,OK,100,1,0,10,181.9,0,64,70,72,3604,29833718,0,0,0,30.456,17,31,-1,0,0,0,0,0,0,OK,100,3604,29833718,3594,0,0,0,0,0,0,0,0,0,0,3594,10,30.456,960,720,0,0,1,0,OK,0,,0,vision:ffmpeg_stream,,,RECOVERING,0,pitch,10,1,0,0,0,0,0,1,0,0,0,0,0,125,249,1,0,0,0,0,0,0,0,925,2669,907,300,20,11,9,0,0,battery?,,TIMEOUT,2391,70678,4170
,gui,,CONTROL_PANEL,125149,115,1,1,0,12,12,12,streamon,ok,OK,vision,,attempt=1|send=OK|raw=ok|parsed=OK,1307,1307,0,0,0,9.70772,10.0245,4,103,170,0,0,0,0,0,OK,100,1,0,10,181.84,0,64,69,72,3635,30088366,0,0,0,31.0859,15,31,-1,0,0,0,0,0,0,OK,100,3635,30088366,3625,0,0,0,0,0,0,0,0,0,0,3625,10,31.0859,960,720,0,0,1,0,OK,0,,0,vision:ffmpeg_stream,,,RECOVERING,0,pitch,11,1,0,0,0,0,0,1,0,0,0,0,0,125,250,1,0,0,0,0,0,0,0,933,2692,915,300,20,11,9,0,0,battery?,,TIMEOUT,2391,71678,5170
,gui,,CONTROL_PANEL,126274,116,1,1,0,12,12,12,streamon,ok,OK,vision,,attempt=1|send=OK|raw=ok|parsed=OK,1318,1318,0,0,0,6.78927,10.0265,39,147,170,0,0,0,0,0,OK,100,1,0,10,181.8,0,63,68,72,3670,30375037,0,0,0,36.8471,22,35,-1,0,0,0,0,0,0,OK,100,3670,30375037,3660,0,0,0,0,0,0,0,0,0,0,3660,10,36.8471,960,720,0,0,1,0,OK,0,,0,vision:ffmpeg_stream,,,RECOVERING,0,pitch,11,1,0,0,0,0,0,1,0,0,0,0,0,125,249,1,0,0,0,0,0,0,0,942,2718,924,300,20,11,9,0,0,battery?,,TIMEOUT,2391,72802,6294
,gui,,CONTROL_PANEL,127274,117,1,1,0,12,12,12,streamon,ok,OK,vision,,attempt=1|send=OK|raw=ok|parsed=OK,1328,1328,0,0,0,9.85677,10.2387,91,101,170,0,0,0,0,0,OK,100,1,0,10,182,0,63,69,72,3701,30638084,0,0,0,41.3184,54,31,-1,0,0,0,0,0,0,OK,100,3701,30638084,3690,0,0,0,0,0,0,0,0,0,0,3690,10,41.3184,960,720,0,0,1,0,OK,0,,0,vision:ffmpeg_stream,,,RECOVERING,0,pitch,10,1,0,0,0,0,0,1,0,0,0,0,0,125,249,1,0,0,0,0,0,0,0,950,2740,932,300,20,11,9,0,0,battery?,,TIMEOUT,2391,73803,7294
,gui,,CONTROL_PANEL,128399,118,1,1,0,12,12,12,streamon,ok,OK,vision,,attempt=1|send=OK|raw=ok|parsed=OK,1340,1340,0,0,0,10.3708,10.0692,27,96,170,0,0,0,0,0,OK,100,1,0,10,181.89,0,63,69,72,3735,30919721,0,0,0,33.3163,21,34,-1,0,0,0,0,0,0,OK,100,3735,30919721,3725,0,0,0,0,0,0,0,0,0,0,3725,10,33.3163,960,720,0,0,1,0,OK,0,,0,vision:ffmpeg_stream,,,RECOVERING,0,pitch,12,1,0,0,0,0,0,1,0,0,0,0,0,124,249,1,0,0,0,0,0,0,0,959,2766,941,300,21,11,10,0,0,battery?,,TIMEOUT,2391,74927,1027
,gui,,CONTROL_PANEL,129399,119,1,1,0,12,12,12,streamon,ok,OK,vision,,attempt=1|send=OK|raw=ok|parsed=OK,1350,1350,0,0,0,19.7877,12.489,65,50,170,0,0,0,0,0,OK,100,1,0,10,181.47,0,63,69,72,3765,31166747,0,0,0,31.9243,24,30,-1,0,0,0,0,0,0,OK,100,3765,31166747,3755,0,0,0,0,0,0,0,0,0,0,3755,10,31.9243,960,720,0,0,1,0,OK,0,,0,vision:ffmpeg_stream,,,RECOVERING,0,pitch,10,1,0,0,0,0,0,1,0,0,0,0,0,124,249,1,0,0,0,0,0,0,0,968,2787,949,300,21,11,10,0,0,battery?,,TIMEOUT,2391,75927,2027
,gui,,CONTROL_PANEL,130524,120,1,1,0,12,12,12,streamon,ok,OK,vision,,attempt=1|send=OK|raw=ok|parsed=OK,1361,1361,0,0,0,9.79922,10.1099,73,102,170,0,0,0,0,0,OK,100,1,0,10,181.79,0,63,69,72,3799,31446740,0,0,0,30.4797,23,34,-1,0,0,0,0,0,0,OK,100,3799,31446740,3789,0,0,0,0,0,0,0,0,0,0,3789,10,30.4797,960,720,0,0,1,0,OK,0,,0,vision:ffmpeg_stream,,,RECOVERING,0,pitch,11,1,0,0,0,0,0,1,0,0,0,0,0,125,250,1,0,0,0,0,0,0,0,977,2812,958,300,21,11,10,0,0,battery?,,TIMEOUT,2391,77052,3152
,gui,,CONTROL_PANEL,131524,121,1,1,0,12,12,12,streamon,ok,OK,vision,,attempt=1|send=OK|raw=ok|parsed=OK,1371,1371,0,0,0,10.1518,9.90279,60,98,170,0,0,0,0,0,OK,100,1,0,10,181.68,0,63,70,72,3830,31702163,0,0,0,31.3001,0,31,-1,0,0,0,0,0,0,OK,100,3830,31702163,3820,0,0,0,0,0,0,0,0,0,0,3820,10,31.3001,960,720,0,0,1,0,OK,0,,0,vision:ffmpeg_stream,,,RECOVERING,0,pitch,10,1,0,0,0,0,0,1,0,0,0,0,0,125,249,1,0,0,0,0,0,0,0,985,2835,966,300,21,11,10,0,0,battery?,,TIMEOUT,2391,78053,4152
,gui,,CONTROL_PANEL,132649,122,1,1,0,12,12,12,streamon,ok,OK,vision,,attempt=1|send=OK|raw=ok|parsed=OK,1383,1383,0,0,0,9.96532,11.1142,19,100,170,0,0,0,0,0,OK,100,1,0,10,181.64,0,63,69,72,3864,31981019,0,0,0,30.8207,29,34,-1,0,0,0,0,0,0,OK,100,3864,31981019,3853,0,0,0,0,0,0,0,0,0,0,3853,10,30.8207,960,720,0,0,1,0,OK,0,,0,vision:ffmpeg_stream,,,RECOVERING,0,pitch,12,1,0,0,0,0,0,1,0,0,0,0,0,125,249,1,0,0,0,0,0,0,0,994,2859,975,300,21,11,10,0,0,battery?,,TIMEOUT,2391,79178,5277
,gui,,CONTROL_PANEL,133774,123,1,1,0,12,12,12,streamon,ok,OK,vision,,attempt=1|send=OK|raw=ok|parsed=OK,1394,1394,0,0,0,10.278,10.0696,32,97,170,0,0,0,0,0,OK,100,1,0,10,181.98,0,63,69,72,3898,32261042,0,0,0,32.4103,1,34,-1,0,0,0,0,0,0,OK,100,3898,32261042,3888,0,0,0,0,0,0,0,0,0,0,3888,10,32.4103,960,720,0,0,1,0,OK,0,,0,vision:ffmpeg_stream,,,RECOVERING,0,pitch,11,1,0,0,0,0,0,1,0,0,0,0,0,125,249,1,0,0,0,0,0,0,0,1004,2884,984,300,21,11,10,0,0,battery?,,TIMEOUT,2391,80302,6402
,gui,,CONTROL_PANEL,134774,124,1,1,0,12,12,12,streamon,ok,OK,vision,,attempt=1|send=OK|raw=ok|parsed=OK,1404,1404,0,0,0,10.096,10.0745,39,99,170,0,0,0,0,0,OK,100,1,0,10,181.74,0,63,69,72,3928,32509662,0,0,0,30.5609,27,30,-1,0,0,0,0,0,0,OK,100,3928,32509662,3918,0,0,0,0,0,0,0,0,0,0,3918,10,30.5609,960,720,0,0,1,0,OK,0,,0,vision:ffmpeg_stream,,,RECOVERING,0,pitch,10,1,0,0,0,0,0,1,0,0,0,0,0,125,249,1,0,0,0,0,0,0,0,1012,2906,992,300,22,11,11,0,0,battery?,,TIMEOUT,2391,81302,10
,gui,,CONTROL_PANEL,135774,125,1,1,0,12,12,12,streamon,ok,OK,vision,,attempt=1|send=OK|raw=ok|parsed=OK,1414,1414,0,0,0,10.3056,11.7338,96,97,170,0,0,0,0,0,OK,100,1,0,10,181.8,0,63,69,72,3959,32765910,0,0,0,31.2914,24,31,-1,0,0,0,0,0,0,OK,100,3959,32765910,3949,0,0,0,0,0,0,0,0,0,0,3949,10,31.2914,960,720,0,0,1,0,OK,0,,0,vision:ffmpeg_stream,,,RECOVERING,0,pitch,10,1,0,0,0,0,0,1,0,0,0,0,0,125,250,1,0,0,0,0,0,0,0,1019,2930,999,300,22,11,11,0,0,battery?,,TIMEOUT,2391,82303,1010
,gui,,CONTROL_PANEL,136899,126,1,1,0,12,12,12,streamon,ok,OK,vision,,attempt=1|send=OK|raw=ok|parsed=OK,1426,1426,0,0,0,10.2536,10.3241,39,97,170,0,0,0,0,0,OK,100,1,0,10,182.02,0,63,69,72,3994,33055570,0,0,0,31.3937,25,35,-1,0,0,0,0,0,0,OK,100,3994,33055570,3984,0,0,0,0,0,0,0,0,0,0,3984,10,31.3937,960,720,0,0,1,0,OK,0,,0,vision:ffmpeg_stream,,,RECOVERING,0,pitch,12,1,0,0,0,0,0,1,0,0,0,0,0,124,249,1,0,0,0,0,0,0,0,1028,2956,1008,300,22,11,11,0,0,battery?,,TIMEOUT,2391,83427,2135
,gui,,CONTROL_PANEL,137899,127,1,1,0,12,12,12,streamon,ok,OK,vision,,attempt=1|send=OK|raw=ok|parsed=OK,1436,1436,0,0,0,10.2461,10.2698,63,97,170,0,0,0,0,0,OK,100,1,0,10,181.86,0,63,69,71,4026,33325473,0,0,0,31.5393,5,32,-1,0,0,0,0,0,0,OK,100,4026,33325473,4016,0,0,0,0,0,0,0,0,0,0,4016,10,31.5393,960,720,0,0,1,0,OK,0,,0,vision:ffmpeg_stream,,,RECOVERING,0,pitch,10,1,0,0,0,0,0,1,0,0,0,0,0,124,250,1,0,0,0,0,0,0,0,1036,2980,1016,300,22,11,11,0,0,battery?,,TIMEOUT,2391,84427,3135
,gui,,CONTROL_PANEL,139024,128,1,1,0,12,12,12,streamon,ok,OK,vision,,attempt=1|send=OK|raw=ok|parsed=OK,1448,1448,0,0,0,10.2378,11.0947,66,97,170,0,0,0,0,0,OK,100,1,0,10,181.86,0,63,69,72,4061,33624624,0,0,0,38.1122,17,35,-1,0,0,0,0,0,0,OK,100,4061,33624624,4051,0,0,0,0,0,0,0,0,0,0,4051,10,38.1122,960,720,0,0,1,0,OK,0,,0,vision:ffmpeg_stream,,,RECOVERING,0,pitch,12,1,0,0,0,0,0,1,0,0,0,0,0,125,250,1,0,0,0,0,0,0,0,1045,3006,1025,300,22,11,11,0,0,battery?,,TIMEOUT,2391,85552,4260
,gui,,CONTROL_PANEL,140024,129,1,1,0,12,12,12,streamon,ok,OK,vision,,attempt=1|send=OK|raw=ok|parsed=OK,1458,1458,0,0,0,10.3378,10.3543,92,96,170,0,0,0,0,0,OK,100,1,0,10,181.64,0,63,69,72,4092,33886464,0,0,0,35.129,30,31,-1,0,0,0,0,0,0,OK,100,4092,33886464,4082,0,0,0,0,0,0,0,0,0,0,4082,10,35.129,960,720,0,0,1,0,OK,0,,0,vision:ffmpeg_stream,,,RECOVERING,0,pitch,10,1,0,0,0,0,0,1,0,0,0,0,0,125,249,1,0,0,0,0,0,0,0,1053,3029,1033,300,22,11,11,0,0,battery?,,TIMEOUT,2391,86552,5260
,gui,,CONTROL_PANEL,141149,130,1,1,0,12,12,12,streamon,ok,OK,vision,,attempt=1|send=OK|raw=ok|parsed=OK,1470,1470,0,0,0,10.5083,10.289,46,95,170,0,0,0,0,0,OK,100,1,0,10,181.74,0,63,70,71,4128,34188238,0,0,0,34.0791,9,36,-1,0,0,0,0,0,0,OK,100,4128,34188238,4118,0,0,0,0,0,0,0,0,0,0,4118,10,34.0791,960,720,0,0,1,0,OK,0,,0,vision:ffmpeg_stream,,,RECOVERING,0,pitch,12,1,0,0,0,0,0,1,0,0,0,0,0,125,249,1,0,0,0,0,0,0,0,1062,3056,1042,300,22,11,11,0,0,battery?,,TIMEOUT,2391,87677,6385
,gui,,CONTROL_PANEL,142274,131,1,1,0,12,12,12,streamon,ok,OK,vision,,attempt=1|send=OK|raw=ok|parsed=OK,1482,1482,0,0,0,9.90806,11.2384,47,100,170,0,0,0,0,0,OK,100,1,0,10,181.83,0,63,69,72,4163,34480224,0,0,0,32.5466,18,35,-1,0,0,0,0,0,0,OK,100,4163,34480224,4153,0,0,0,0,0,0,0,0,0,0,4153,10,32.5466,960,720,0,0,1,0,OK,0,,0,vision:ffmpeg_stream,,,RECOVERING,0,pitch,12,1,0,0,0,0,0,1,0,0,0,0,0,125,250,1,0,0,0,0,0,0,0,1071,3082,1051,300,23,11,12,0,0,battery?,,TIMEOUT,2391,88802,118
,gui,,CONTROL_PANEL,143275,132,1,1,0,12,12,12,streamon,ok,OK,vision,,attempt=1|send=OK|raw=ok|parsed=OK,1492,1492,0,0,0,10.25,10.3861,76,97,170,0,0,0,0,0,OK,100,1,0,10,181.89,0,63,69,72,4195,34748391,0,0,0,31.2178,26,32,-1,0,0,0,0,0,0,OK,100,4195,34748391,4184,0,0,0,0,0,0,0,0,0,0,4184,10,31.2178,960,720,0,0,1,0,OK,0,,0,vision:ffmpeg_stream,,,RECOVERING,0,pitch,10,1,0,0,0,0,0,1,0,0,0,0,0,125,250,1,0,0,0,0,0,0,0,1079,3105,1059,300,23,11,12,0,0,battery?,,TIMEOUT,2391,89803,1119
,gui,,CONTROL_PANEL,144399,133,1,1,0,12,12,12,streamon,ok,OK,vision,,attempt=1|send=OK|raw=ok|parsed=OK,1504,1504,0,0,0,9.94253,10.1974,25,100,170,0,0,0,0,0,OK,100,1,0,10,181.8,0,63,69,71,4230,35040390,0,0,0,34.7643,8,35,-1,0,0,0,0,0,0,OK,100,4230,35040390,4220,0,0,0,0,0,0,0,0,0,0,4220,10,34.7643,960,720,0,0,1,0,OK,0,,0,vision:ffmpeg_stream,,,RECOVERING,0,pitch,12,1,0,0,0,0,0,1,0,0,0,0,0,125,250,0,0,0,0,0,0,0,0,1088,3132,1068,300,23,11,12,0,0,battery?,,TIMEOUT,2391,90927,2243
,gui,,CONTROL_PANEL,145524,134,1,1,0,12,12,12,streamon,ok,OK,vision,,attempt=1|send=OK|raw=ok|parsed=OK,1516,1516,0,0,0,10.4033,10.839,48,96,170,0,0,0,0,0,OK,100,1,0,10,181.96,0,63,70,72,4266,35340823,0,0,0,32.0147,3,36,-1,0,0,0,0,0,0,OK,100,4266,35340823,4256,0,0,0,0,0,0,0,0,0,0,4256,10,32.0147,960,720,0,0,1,0,OK,0,,0,vision:ffmpeg_stream,,,RECOVERING,0,pitch,12,1,0,0,0,0,0,1,0,0,0,0,0,125,249,1,0,0,0,0,0,0,0,1097,3159,1077,300,23,11,12,0,0,battery?,,TIMEOUT,2391,92053,3368
,gui,,CONTROL_PANEL,146649,135,1,1,0,12,12,12,streamon,ok,OK,vision,,attempt=1|send=OK|raw=ok|parsed=OK,1528,1528,0,0,0,10.3992,10.4308,17,96,170,0,0,0,0,0,OK,100,1,0,10,182.05,0,63,69,72,4301,35643357,0,0,0,37.3993,26,35,-1,0,0,0,0,0,0,OK,100,4301,35643357,4291,0,0,0,0,0,0,0,0,0,0,4291,10,37.3993,960,720,0,0,1,0,OK,0,,0,vision:ffmpeg_stream,,,RECOVERING,0,pitch,12,1,0,0,0,0,0,1,0,0,0,0,0,125,249,1,0,0,0,0,0,0,0,1106,3185,1086,300,23,11,12,0,0,battery?,,TIMEOUT,2391,93177,4493
,gui,,CONTROL_PANEL,147649,136,1,1,0,12,12,12,streamon,ok,OK,vision,,attempt=1|send=OK|raw=ok|parsed=OK,1538,1538,0,0,0,10.3999,10.4073,55,96,170,0,0,0,0,0,OK,100,1,0,10,181.79,0,63,69,72,4333,35913450,0,0,0,34.4676,20,32,-1,0,0,0,0,0,0,OK,100,4333,35913450,4323,0,0,0,0,0,0,0,0,0,0,4323,10,34.4676,960,720,0,0,1,0,OK,0,,0,vision:ffmpeg_stream,,,RECOVERING,0,pitch,10,1,0,0,0,0,0,1,0,0,0,0,0,124,249,1,0,0,0,0,0,0,0,1114,3209,1094,300,23,11,12,0,0,battery?,,TIMEOUT,2391,94177,5493
,gui,,CONTROL_PANEL,148774,137,1,1,0,12,12,12,streamon,ok,OK,vision,,attempt=1|send=OK|raw=ok|parsed=OK,1550,1550,0,0,0,10.6815,10.7525,73,93,170,0,0,0,0,0,OK,100,1,0,10,181.86,0,63,69,72,4369,36213781,0,0,0,33.8596,11,36,-1,0,0,0,0,0,0,OK,100,4369,36213781,4359,0,0,0,0,0,0,0,0,0,0,4359,10,33.8596,960,720,0,0,1,0,OK,0,,0,vision:ffmpeg_stream,,,RECOVERING,0,pitch,12,1,0,0,0,0,0,1,0,0,0,0,0,125,250,1,0,0,0,0,0,0,0,1123,3236,1103,300,23,11,12,0,0,battery?,,TIMEOUT,2391,95302,6618
,gui,,CONTROL_PANEL,149774,138,1,1,0,12,12,12,streamon,ok,OK,vision,,attempt=1|send=OK|raw=ok|parsed=OK,1560,1560,0,0,0,10.1344,10.2265,97,98,170,0,0,0,0,0,OK,100,1,0,10,182.14,0,63,68,72,4400,36474722,0,0,0,31.8976,24,31,-1,0,0,0,0,0,0,OK,100,4400,36474722,4390,0,0,0,0,0,0,0,0,0,0,4390,10,31.8976,960,720,0,0,1,0,OK,0,,0,vision:ffmpeg_stream,,,RECOVERING,0,pitch,10,1,0,0,0,0,0,1,0,0,0,0,0,124,250,0,0,0,0,0,0,0,0,1130,3260,1110,300,24,11,13,0,0,battery?,,TIMEOUT,2391,96302,226
,gui,,CONTROL_PANEL,150774,139,1,1,0,12,12,12,streamon,ok,OK,vision,,attempt=1|send=OK|raw=ok|parsed=OK,1571,1571,0,0,0,10.0954,10.0923,5,99,170,0,0,0,0,0,OK,100,1,0,10,181.93,0,63,69,72,4431,36734401,0,0,0,31.8051,20,31,-1,0,0,0,0,0,0,OK,100,4431,36734401,4421,0,0,0,0,0,0,0,0,0,0,4421,10,31.8051,960,720,0,0,1,0,OK,0,,0,vision:ffmpeg_stream,,,RECOVERING,0,pitch,11,1,0,0,0,0,0,1,0,0,0,0,0,125,249,1,0,0,0,0,0,0,0,1138,3283,1118,300,24,11,13,0,0,battery?,,TIMEOUT,2391,97303,1226
,gui,,CONTROL_PANEL,151774,140,1,1,0,12,12,12,streamon,ok,OK,vision,,attempt=1|send=OK|raw=ok|parsed=OK,1581,1581,0,0,0,10.0816,10.5054,63,99,170,0,0,0,0,0,OK,100,1,0,10,181.88,0,63,70,71,4462,36994599,0,0,0,31.6925,14,31,-1,0,0,0,0,0,0,OK,100,4462,36994599,4452,0,0,0,0,0,0,0,0,0,0,4452,10,31.6925,960,720,0,0,1,0,OK,0,,0,vision:ffmpeg_stream,,,RECOVERING,0,pitch,10,1,0,0,0,0,0,1,0,0,0,0,0,125,249,1,0,0,0,0,0,0,0,1146,3306,1126,300,24,11,13,0,0,battery?,,TIMEOUT,2391,98303,2226
,gui,,CONTROL_PANEL,152899,141,1,1,0,12,12,12,streamon,ok,OK,vision,,attempt=1|send=OK|raw=ok|parsed=OK,1592,1592,0,0,0,10.0805,10.1099,94,99,170,0,0,0,0,0,OK,100,1,0,10,181.94,0,63,69,71,4497,37286963,0,0,0,31.0084,2,35,-1,0,0,0,0,0,0,OK,100,4497,37286963,4487,0,0,0,0,0,0,0,0,0,0,4487,10,31.0084,960,720,0,0,1,0,OK,0,,0,vision:ffmpeg_stream,,,RECOVERING,0,pitch,11,1,0,0,0,0,0,1,0,0,0,0,0,124,249,1,0,0,0,0,0,0,0,1155,3332,1135,300,24,11,13,0,0,battery?,,TIMEOUT,2391,99427,3351
,gui,,CONTROL_PANEL,153899,142,1,1,0,12,12,12,streamon,ok,OK,vision,,attempt=1|send=OK|raw=ok|parsed=OK,1603,1603,0,0,0,9.90361,10.0513,2,100,170,0,0,0,0,0,OK,100,1,0,10,182.02,0,63,70,71,4527,37539653,0,0,0,31.222,31,30,-1,0,0,0,0,0,0,OK,100,4527,37539653,4517,0,0,0,0,0,0,0,0,0,0,4517,10,31.222,960,720,0,0,1,0,OK,0,,0,vision:ffmpeg_stream,,,RECOVERING,0,pitch,11,1,0,0,0,0,0,1,0,0,0,0,0,125,249,1,0,0,0,0,0,0,0,1163,3354,1143,300,24,11,13,0,0,battery?,,TIMEOUT,2391,100427,4351
,gui,,CONTROL_PANEL,154899,143,1,1,0,12,12,12,streamon,ok,OK,vision,,attempt=1|send=OK|raw=ok|parsed=OK,1613,1613,0,0,0,9.92813,10.377,60,100,170,0,0,0,0,0,OK,100,1,0,10,181.66,0,63,69,71,4558,37800841,0,0,0,30.8583,24,31,-1,0,0,0,0,0,0,OK,100,4558,37800841,4548,0,0,0,0,0,0,0,0,0,0,4548,10,30.8583,960,720,0,0,1,0,OK,0,,0,vision:ffmpeg_stream,,,RECOVERING,0,pitch,10,1,0,0,0,0,0,1,0,0,0,0,0,125,250,1,0,0,0,0,0,0,0,1171,3377,1151,300,24,11,13,0,0,battery?,,TIMEOUT,2391,101428,5351
,gui,,CONTROL_PANEL,155900,144,1,1,0,12,12,12,streamon,ok,OK,vision,,attempt=1|send=OK|raw=ok|parsed=OK,1623,1623,0,0,0,10.0677,10.1515,68,99,170,0,0,0,0,0,OK,100,1,0,10,182.16,0,63,69,72,4589,38061458,0,0,0,31.3303,22,31,-1,0,0,0,0,0,0,OK,100,4589,38061458,4579,0,0,0,0,0,0,0,0,0,0,4579,10,31.3303,960,720,0,0,1,0,OK,0,,0,vision:ffmpeg_stream,,,RECOVERING,0,pitch,10,1,0,0,0,0,0,1,0,0,0,0,0,125,250,1,0,0,0,0,0,0,0,1179,3400,1159,300,24,11,13,0,0,battery?,,TIMEOUT,2391,102428,6352
,gui,,CONTROL_PANEL,157024,145,1,1,0,12,12,12,streamon,ok,OK,vision,,attempt=1|send=OK|raw=ok|parsed=OK,1635,1635,0,0,0,12.3069,10.3005,1,81,170,0,0,0,0,0,OK,100,1,0,10,181.69,0,63,69,71,4624,38354443,0,0,0,31.0166,10,35,-1,0,0,0,0,0,0,OK,100,4624,38354443,4614,0,0,0,0,0,0,0,0,0,0,4614,10,31.0166,960,720,0,0,1,0,OK,0,,0,vision:ffmpeg_stream,,,RECOVERING,0,pitch,12,1,0,0,0,0,0,1,0,0,0,0,0,125,249,1,0,0,0,0,0,0,0,1188,3426,1168,300,25,11,14,0,0,battery?,,TIMEOUT,2391,103552,84
,gui,,CONTROL_PANEL,158024,146,1,1,0,12,12,12,streamon,ok,OK,vision,,attempt=1|send=OK|raw=ok|parsed=OK,1645,1645,0,0,0,10.0688,10.8921,59,99,170,0,0,0,0,0,OK,100,1,0,10,182.25,0,63,69,72,4655,38614429,0,0,0,31.1852,6,31,-1,0,0,0,0,0,0,OK,100,4655,38614429,4645,0,0,0,0,0,0,0,0,0,0,4645,10,31.1852,960,720,0,0,1,0,OK,0,,0,vision:ffmpeg_stream,,,RECOVERING,0,pitch,10,1,0,0,0,0,0,1,0,0,0,0,0,125,250,1,0,0,0,0,0,0,0,1196,3449,1176,300,25,11,14,0,0,battery?,,TIMEOUT,2391,104552,1084
,gui,,CONTROL_PANEL,159024,147,1,1,0,12,12,12,streamon,ok,OK,vision,,attempt=1|send=OK|raw=ok|parsed=OK,1655,1655,0,0,0,9.64398,10.0833,62,103,170,0,0,0,0,0,OK,100,1,0,10,181.92,0,63,69,72,4686,38874795,0,0,0,31.0935,2,31,-1,0,0,0,0,0,0,OK,100,4686,38874795,4676,0,0,0,0,0,0,0,0,0,0,4676,10,31.0935,960,720,0,0,1,0,OK,0,,0,vision:ffmpeg_stream,,,RECOVERING,0,pitch,10,1,0,0,0,0,0,1,0,0,0,0,0,125,249,1,0,0,0,0,0,0,0,1205,3471,1184,300,25,11,14,0,0,battery?,,TIMEOUT,2391,105553,2084
,gui,,CONTROL_PANEL,160149,148,1,1,0,12,12,12,streamon,ok,OK,vision,,attempt=1|send=OK|raw=ok|parsed=OK,1667,1667,0,0,0,10.1226,10.1007,1,98,170,0,0,0,0,0,OK,100,1,0,10,182.06,0,63,69,72,4720,39160238,0,0,0,37.4599,39,34,-1,0,0,0,0,0,0,OK,100,4720,39160238,4710,0,0,0,0,0,0,0,0,0,0,4710,10,37.4599,960,720,0,0,1,0,OK,0,,0,vision:ffmpeg_stream,,,RECOVERING,0,pitch,12,1,0,0,0,0,0,1,0,0,0,0,0,124,249,1,0,0,0,0,0,0,0,1214,3496,1192,300,25,11,14,0,0,battery?,,TIMEOUT,2391,106677,3209
,gui,,CONTROL_PANEL,161149,149,1,1,0,12,12,12,streamon,ok,OK,vision,,attempt=1|send=OK|raw=ok|parsed=OK,1677,1677,0,0,0,9.81375,10.359,34,101,170,0,0,0,0,0,OK,100,1,0,10,181.9,0,63,69,71,4750,39412580,0,0,0,40.4554,49,30,-1,0,0,0,0,0,0,OK,100,4750,39412580,4740,0,0,0,0,0,0,0,0,0,0,4740,10,40.4554,960,720,0,0,1,0,OK,0,,0,vision:ffmpeg_stream,,,RECOVERING,0,pitch,10,1,0,0,0,0,0,1,0,0,0,0,0,124,250,0,0,0,0,0,0,0,0,1222,3518,1199,300,25,11,14,0,0,battery?,,TIMEOUT,2391,107677,4209
,gui,,CONTROL_PANEL,162274,150,1,1,0,12,12,12,streamon,ok,OK,vision,,attempt=1|send=OK|raw=ok|parsed=OK,1688,1688,0,0,0,9.81146,9.88062,38,101,170,0,0,0,0,0,OK,100,1,0,10,181.92,0,63,70,71,4784,39708586,0,0,0,32.9431,22,34,-1,0,0,0,0,0,0,OK,100,4784,39708586,4774,0,0,0,0,0,0,0,0,0,0,4774,10,32.9431,960,720,0,0,1,0,OK,0,,0,vision:ffmpeg_stream,,,RECOVERING,0,pitch,11,1,0,0,0,0,0,1,0,0,0,0,0,125,249,1,0,0,0,0,0,0,0,1232,3542,1208,300,25,11,14,0,0,battery?,,TIMEOUT,2391,108802,5334
,gui,,CONTROL_PANEL,163274,151,1,1,0,12,12,12,streamon,ok,OK,vision,,attempt=1|send=OK|raw=ok|parsed=OK,1698,1698,0,0,0,9.78435,9.79733,18,102,170,0,0,0,0,0,OK,100,1,0,10,182.08,0,63,68,71,4814,39961752,0,0,0,33.1794,24,30,-1,0,0,0,0,0,0,OK,100,4814,39961752,4804,0,0,0,0,0,0,0,0,0,0,4804,10,33.1794,960,720,0,0,1,0,OK,0,,0,vision:ffmpeg_stream,,,RECOVERING,0,pitch,10,1,0,0,0,0,0,1,0,0,0,0,0,125,250,1,0,0,0,0,0,0,0,1241,3563,1215,300,25,11,14,0,0,battery?,,TIMEOUT,2391,109802,6334
,gui,,CONTROL_PANEL,164399,152,1,1,0,12,12,12,streamon,ok,OK,vision,,attempt=1|send=OK|raw=ok|parsed=OK,1709,1709,0,0,0,9.66744,10.2319,71,103,170,0,0,0,0,0,OK,100,1,0,10,181.67,0,63,68,71,4848,40244961,0,0,0,31.8419,16,34,-1,0,0,0,0,0,0,OK,100,4848,40244961,4838,0,0,0,0,0,0,0,0,0,0,4838,10,31.8419,960,720,0,0,1,0,OK,0,,0,vision:ffmpeg_stream,,,RECOVERING,0,pitch,11,1,0,0,0,0,0,1,0,0,0,0,0,125,249,1,0,0,0,0,0,0,0,1252,3586,1224,300,26,11,15,0,0,battery?,,TIMEOUT,2392,110928,67
,gui,,CONTROL_PANEL,165524,153,1,1,0,12,12,12,streamon,ok,OK,vision,,attempt=1|send=OK|raw=ok|parsed=OK,1720,1720,0,0,0,10.025,10.0389,96,99,170,0,0,0,0,0,OK,100,1,0,10,181.8,0,63,69,71,4883,40536150,0,0,0,31.4071,0,35,-1,0,0,0,0,0,0,OK,100,4883,40536150,4873,0,0,0,0,0,0,0,0,0,0,4873,10,31.4071,960,720,0,0,1,0,OK,0,,0,vision:ffmpeg_stream,,,RECOVERING,0,pitch,11,1,0,0,0,0,0,1,0,0,0,0,0,125,249,1,0,0,0,0,0,0,0,1261,3612,1233,300,26,11,15,0,0,battery?,,TIMEOUT,2392,112053,1192
,gui,,CONTROL_PANEL,166649,154,1,1,0,12,12,12,streamon,ok,OK,vision,,attempt=1|send=OK|raw=ok|parsed=OK,1732,1732,0,0,0,10.0853,10.0902,31,99,170,0,0,0,0,0,OK,100,1,0,10,182.01,0,63,69,71,4917,40820424,0,0,0,31.3888,22,34,-1,0,0,0,0,0,0,OK,100,4917,40820424,4907,0,0,0,0,0,0,0,0,0,0,4907,10,31.3888,960,720,0,0,1,0,OK,0,,0,vision:ffmpeg_stream,,,RECOVERING,0,pitch,12,1,0,0,0,0,0,1,0,0,0,0,0,124,249,1,0,0,0,0,0,0,0,1269,3638,1240,300,26,11,15,0,0,battery?,,TIMEOUT,2392,113177,2317
,gui,,CONTROL_PANEL,167774,155,1,1,0,12,12,12,streamon,ok,OK,vision,,attempt=1|send=OK|raw=ok|parsed=OK,1744,1744,0,0,0,10.0133,10.2798,14,99,170,0,0,0,0,0,OK,100,1,0,10,182.12,0,63,69,71,4952,41112381,0,0,0,31.7752,13,35,-1,0,0,0,0,0,0,OK,100,4952,41112381,4942,0,0,0,0,0,0,0,0,0,0,4942,10,31.7752,960,720,0,0,1,0,OK,0,,0,vision:ffmpeg_stream,,,RECOVERING,0,pitch,12,1,0,0,0,0,0,1,0,0,0,0,0,125,250,1,0,0,0,0,0,0,0,1279,3663,1248,300,26,11,15,0,0,battery?,,TIMEOUT,2392,114302,3442
,gui,,CONTROL_PANEL,168774,156,1,1,0,12,12,12,streamon,ok,OK,vision,,attempt=1|send=OK|raw=ok|parsed=OK,1748,1748,0,0,0,10.0668,10.1732,618,99,170,0,0,0,0,0,STALE,0,1,0,10,182.36,0,63,69,71,4965,41228603,0,0,0,35.8736,592,13,-1,0,0,0,0,0,0,STALE,0,4965,41228603,4955,0,0,0,0,0,0,0,0,0,0,4955,10,35.8736,960,720,0,0,1,0,OK,0,,0,vision:ffmpeg_stream,,,RECOVERING,0,pitch,4,1,0,0,0,0,0,1,0,0,0,0,0,125,250,0,0,0,0,0,0,0,0,1282,3673,1252,300,26,11,15,0,0,battery?,,TIMEOUT,2392,115302,4442
,gui,,CONTROL_PANEL,169899,157,1,1,0,12,12,12,streamon,ok,OK,vision,,attempt=1|send=OK|raw=ok|parsed=OK,1751,1751,0,0,0,1.86419,40.7943,401,536,801,536,1751,2,2,0,STALE,0,1,0,10,182.41,0,63,69,71,4992,41421194,0,0,0,272.8,348,27,-1,0,0,0,0,0,0,DEGRADED,60,4992,41421194,4982,0,0,0,0,0,0,0,0,0,0,4982,10,272.8,960,720,0,0,1,0,OK,0,,0,vision:ffmpeg_stream,,,RECOVERING,0,pitch,3,1,0,0,0,0,0,1,0,0,0,0,0,125,250,0,0,0,0,0,0,0,0,1286,3696,1256,300,26,11,15,0,0,battery?,,TIMEOUT,2392,116428,5567
,gui,,CONTROL_PANEL,171024,158,1,1,0,12,12,12,streamon,ok,OK,vision,,attempt=1|send=OK|raw=ok|parsed=OK,1755,1755,0,0,0,22.3915,778.659,943,44,801,536,1752,3,3,0,STALE,0,1,0,10,182.44,0,63,69,71,5011,41552137,0,0,0,209.702,885,19,-1,0,0,0,0,0,0,STALE,0,5011,41552137,5001,0,0,0,0,0,0,0,0,0,0,5001,10,209.702,960,720,0,0,1,0,OK,0,,0,vision:ffmpeg_stream,,,RECOVERING,0,pitch,4,1,0,0,0,0,0,1,0,0,0,0,0,125,249,0,0,0,0,0,0,0,0,1288,3713,1257,300,26,11,15,0,0,battery?,,TIMEOUT,2392,117552,6692
,gui,,CONTROL_PANEL,172149,159,1,1,0,12,12,12,streamon,ok,OK,vision,,attempt=1|send=OK|raw=ok|parsed=OK,1769,1769,0,0,0,10.3517,149.504,93,96,977,977,1756,4,4,0,OK,100,1,0,10,182.31,0,63,68,71,5069,41839488,0,0,0,91.8011,23,58,-1,0,0,0,0,0,0,OK,100,5069,41839488,5035,0,0,0,0,0,0,0,0,0,0,5035,10,91.8011,960,720,0,0,1,0,OK,0,,0,vision:ffmpeg_stream,,,RECOVERING,0,pitch,14,1,0,0,0,0,0,1,0,0,0,0,0,125,250,1,0,0,0,0,0,0,0,1292,3743,1260,300,27,11,16,0,0,battery?,,TIMEOUT,2391,118677,425
,gui,,CONTROL_PANEL,173274,160,1,1,0,12,12,12,streamon,ok,OK,vision,,attempt=1|send=OK|raw=ok|parsed=OK,1781,1781,0,0,0,10.3572,19.921,59,96,977,977,1756,4,4,0,OK,100,1,0,10,182.44,0,63,68,71,5105,41994618,0,0,0,36.7044,12,36,-1,0,0,0,0,0,0,OK,100,5105,41994618,5071,0,0,0,0,0,0,0,0,0,0,5071,10,36.7044,960,720,0,0,1,0,OK,0,,0,vision:ffmpeg_stream,,,RECOVERING,0,pitch,12,1,0,0,0,0,0,1,0,0,0,0,0,125,249,1,0,0,0,0,0,0,0,1301,3770,1269,300,27,11,16,0,0,battery?,,TIMEOUT,2391,119802,1550
,gui,,CONTROL_PANEL,174399,161,1,1,0,12,12,12,streamon,ok,OK,vision,,attempt=1|send=OK|raw=ok|parsed=OK,1793,1793,0,0,0,10.2119,12.1438,72,97,977,977,1756,4,4,0,OK,100,1,0,10,182.24,0,63,69,71,5140,42138058,0,0,0,31.5129,29,35,-1,0,0,0,0,0,0,OK,100,5140,42138058,5106,0,0,0,0,0,0,0,0,0,0,5106,10,31.5129,960,720,0,0,1,0,OK,0,,0,vision:ffmpeg_stream,,,RECOVERING,0,pitch,12,1,0,0,0,0,0,1,0,0,0,0,0,125,249,1,0,0,0,0,0,0,0,1310,3796,1278,300,27,11,16,0,0,battery?,,TIMEOUT,2391,120927,2675
,gui,,CONTROL_PANEL,175399,162,1,1,0,12,12,12,streamon,ok,OK,vision,,attempt=1|send=OK|raw=ok|parsed=OK,1803,1803,0,0,0,10.0844,10.3029,81,99,977,977,1756,4,4,0,OK,100,1,0,10,182.15,0,63,69,70,5171,42266721,0,0,0,31.1396,26,31,-1,0,0,0,0,0,0,OK,100,5171,42266721,5137,0,0,0,0,0,0,0,0,0,0,5137,10,31.1396,960,720,0,0,1,0,OK,0,,0,vision:ffmpeg_stream,,,RECOVERING,0,pitch,10,1,0,0,0,0,0,1,0,0,0,0,0,125,249,1,0,0,0,0,0,0,0,1318,3819,1286,300,27,11,16,0,0,battery?,,TIMEOUT,2391,121928,3676
,gui,,CONTROL_PANEL,176524,163,1,1,0,12,12,12,streamon,ok,OK,vision,,attempt=1|send=OK|raw=ok|parsed=OK,1815,1815,0,0,0,10.1292,10.1123,16,98,977,977,1756,4,4,0,OK,100,1,0,10,182.55,0,63,68,71,5206,42410539,0,0,0,31.3411,16,35,-1,0,0,0,0,0,0,OK,100,5206,42410539,5172,0,0,0,0,0,0,0,0,0,0,5172,10,31.3411,960,720,0,0,1,0,OK,0,,0,vision:ffmpeg_stream,,,RECOVERING,0,pitch,12,1,0,0,0,0,0,1,0,0,0,0,0,125,249,1,0,0,0,0,0,0,0,1327,3845,1295,300,27,11,16,0,0,battery?,,TIMEOUT,2391,123052,4800
,gui,,CONTROL_PANEL,177524,164,1,1,0,12,12,12,streamon,ok,OK,vision,,attempt=1|send=OK|raw=ok|parsed=OK,1825,1825,0,0,0,10.1153,10.9347,77,98,977,977,1756,4,4,0,OK,100,1,0,10,182.15,0,63,68,71,5237,42539668,0,0,0,33.6743,15,31,-1,0,0,0,0,0,0,OK,100,5237,42539668,5203,0,0,0,0,0,0,0,0,0,0,5203,10,33.6743,960,720,0,0,1,0,OK,0,,0,vision:ffmpeg_stream,,,RECOVERING,0,pitch,10,1,0,0,0,0,0,1,0,0,0,0,0,125,249,1,0,0,0,0,0,0,0,1335,3868,1303,300,27,11,16,0,0,battery?,,TIMEOUT,2391,124052,5800
,gui,,CONTROL_PANEL,178524,165,1,1,0,12,12,12,streamon,ok,OK,vision,,attempt=1|send=OK|raw=ok|parsed=OK,1835,1835,0,0,0,10.0942,10.2014,89,99,977,977,1756,4,4,0,OK,100,1,0,10,182.2,0,63,67,71,5268,42668869,0,0,0,31.0052,13,31,-1,0,0,0,0,0,0,OK,100,5268,42668869,5234,0,0,0,0,0,0,0,0,0,0,5234,10,31.0052,960,720,0,0,1,0,OK,0,,0,vision:ffmpeg_stream,,,RECOVERING,0,pitch,10,1,0,0,0,0,0,1,0,0,0,0,0,125,250,1,0,0,0,0,0,0,0,1342,3892,1310,300,27,11,16,0,0,battery?,,TIMEOUT,2391,125053,6800
,gui,,CONTROL_PANEL,179649,166,1,1,0,12,12,12,streamon,ok,OK,vision,,attempt=1|send=OK|raw=ok|parsed=OK,1847,1847,0,0,0,10.1371,10.1225,27,98,977,977,1756,4,4,0,OK,100,1,0,10,182.06,0,63,68,71,5303,42814584,0,0,0,38.0534,25,35,-1,0,0,0,0,0,0,OK,100,5303,42814584,5269,0,0,0,0,0,0,0,0,0,0,5269,10,38.0534,960,720,0,0,1,0,OK,0,,0,vision:ffmpeg_stream,,,RECOVERING,0,pitch,12,1,0,0,0,0,0,1,0,0,0,0,0,124,249,1,0,0,1,0,0,0,0,1352,3917,1318,300,28,11,17,0,0,battery?,,TIMEOUT,2391,126177,533
,gui,,CONTROL_PANEL,180774,167,1,1,0,12,12,12,streamon,ok,OK,vision,,attempt=1|send=OK|raw=ok|parsed=OK,1859,1859,0,0,0,10.2262,10.6703,15,97,977,977,1756,4,4,0,OK,100,1,0,10,182.23,0,63,68,70,5338,42968904,0,0,0,31.815,2,35,-1,0,0,0,0,0,0,OK,100,5338,42968904,5304,0,0,0,0,0,0,0,0,0,0,5304,10,31.815,960,720,0,0,1,0,OK,0,,0,vision:ffmpeg_stream,,,RECOVERING,0,pitch,12,1,0,0,0,0,0,1,0,0,0,0,0,125,250,1,0,0,0,0,0,0,0,1361,3943,1327,300,28,11,17,0,0,battery?,,TIMEOUT,2391,127302,1658
,gui,,CONTROL_PANEL,181899,168,1,1,0,12,12,12,streamon,ok,OK,vision,,attempt=1|send=OK|raw=ok|parsed=OK,1870,1870,0,0,0,9.98638,10.396,51,100,977,977,1756,4,4,0,OK,100,1,0,10,182.14,0,63,69,71,5372,43108632,0,0,0,31.4387,30,34,-1,0,0,0,0,0,0,OK,100,5372,43108632,5338,0,0,0,0,0,0,0,0,0,0,5338,10,31.4387,960,720,0,0,1,0,OK,0,,0,vision:ffmpeg_stream,,,RECOVERING,0,pitch,11,1,0,0,0,0,0,1,0,0,0,0,0,125,250,1,0,0,0,0,0,0,0,1369,3969,1335,300,28,11,17,0,0,battery?,,TIMEOUT,2391,128427,2783
,gui,,CONTROL_PANEL,183024,169,1,1,0,12,12,12,streamon,ok,OK,vision,,attempt=1|send=OK|raw=ok|parsed=OK,1881,1881,0,0,0,10.0674,10.1969,89,99,977,977,1756,4,4,0,OK,100,1,0,10,182.01,0,63,68,71,5407,43252238,0,0,0,31.4053,24,35,-1,0,0,0,0,0,0,OK,100,5407,43252238,5373,0,0,0,0,0,0,0,0,0,0,5373,10,31.4053,960,720,0,0,1,0,OK,0,,0,vision:ffmpeg_stream,,,RECOVERING,0,pitch,11,1,0,0,0,0,0,1,0,0,0,0,0,125,250,1,0,0,0,0,0,0,0,1379,3994,1343,300,28,11,17,0,0,battery?,,TIMEOUT,2391,129552,3908
,gui,,CONTROL_PANEL,184024,170,1,1,0,12,12,12,streamon,ok,OK,vision,,attempt=1|send=OK|raw=ok|parsed=OK,1892,1892,0,0,0,10.1208,10.4548,51,98,977,977,1756,4,4,0,OK,100,1,0,10,182.33,0,63,68,71,5438,43381111,0,0,0,31.1145,22,31,-1,0,0,0,0,0,0,OK,100,5438,43381111,5404,0,0,0,0,0,0,0,0,0,0,5404,10,31.1145,960,720,0,0,1,0,OK,0,,0,vision:ffmpeg_stream,,,RECOVERING,0,pitch,11,1,0,0,0,0,0,1,0,0,0,0,0,125,249,1,0,0,0,0,0,0,0,1387,4017,1351,300,28,11,17,0,0,battery?,,TIMEOUT,2391,130552,4908
,gui,,CONTROL_PANEL,185149,171,1,1,0,12,12,12,streamon,ok,OK,vision,,attempt=1|send=OK|raw=ok|parsed=OK,1903,1903,0,0,0,9.57993,10.0275,81,104,977,977,1756,4,4,0,OK,100,1,0,10,181.89,0,63,68,71,5473,43524494,0,0,0,30.9334,15,35,-1,0,0,0,0,0,0,OK,100,5473,43524494,5439,0,0,0,0,0,0,0,0,0,0,5439,10,30.9334,960,720,0,0,1,0,OK,0,,0,vision:ffmpeg_stream,,,RECOVERING,0,pitch,11,1,0,0,0,0,0,1,0,0,0,0,0,125,249,1,0,0,0,0,0,0,0,1396,4043,1360,300,28,11,17,0,0,battery?,,TIMEOUT,2391,131677,6033
,gui,,CONTROL_PANEL,186149,172,1,1,0,12,12,12,streamon,ok,OK,vision,,attempt=1|send=OK|raw=ok|parsed=OK,1913,1913,0,0,0,10.0993,10.1122,96,99,977,977,1756,4,4,0,OK,100,1,0,10,181.91,0,63,68,71,5504,43653457,0,0,0,30.9651,12,31,-1,0,0,0,0,0,0,OK,100,5504,43653457,5470,0,0,0,0,0,0,0,0,0,0,5470,10,30.9651,960,720,0,0,1,0,OK,0,,0,vision:ffmpeg_stream,,,RECOVERING,0,pitch,10,1,0,0,0,0,0,1,0,0,0,0,0,125,249,1,0,0,0,0,0,0,0,1404,4066,1368,300,28,11,17,0,0,battery?,,TIMEOUT,2391,132677,7033
,gui,,CONTROL_PANEL,187149,173,1,1,0,12,12,12,streamon,ok,OK,vision,,attempt=1|send=OK|raw=ok|parsed=OK,1924,1924,0,0,0,10.0784,10.3785,56,99,977,977,1756,4,4,0,OK,100,1,0,10,182.12,0,63,68,71,5535,43782322,0,0,0,34.1196,9,31,-1,0,0,0,0,0,0,OK,100,5535,43782322,5501,0,0,0,0,0,0,0,0,0,0,5501,10,34.1196,960,720,0,0,1,0,OK,0,,0,vision:ffmpeg_stream,,,RECOVERING,0,pitch,11,1,0,0,0,0,0,1,0,0,0,0,0,125,250,1,0,0,0,0,0,0,0,1412,4089,1375,300,29,11,18,0,0,battery?,,TIMEOUT,2391,133678,641
,gui,,CONTROL_PANEL,188149,174,1,1,0,12,12,12,streamon,ok,OK,vision,,attempt=1|send=OK|raw=ok|parsed=OK,1934,1934,0,0,0,10.7578,10.185,66,92,977,977,1756,4,4,0,OK,100,1,0,10,182.1,0,63,68,70,5566,43911472,0,0,0,31.1526,7,31,-1,0,0,0,0,0,0,OK,100,5566,43911472,5532,0,0,0,0,0,0,0,0,0,0,5532,10,31.1526,960,720,0,0,1,0,OK,0,,0,vision:ffmpeg_stream,,,RECOVERING,0,pitch,10,1,0,0,0,0,0,1,0,0,0,0,0,125,250,1,0,0,0,0,0,0,0,1420,4112,1383,300,29,11,18,0,0,battery?,,TIMEOUT,2391,134678,1641
,gui,,CONTROL_PANEL,189274,175,1,1,0,12,12,12,streamon,ok,OK,vision,,attempt=1|send=OK|raw=ok|parsed=OK,1946,1946,0,0,0,9.96309,10.0885,1,100,977,977,1756,4,4,0,OK,100,1,0,10,181.88,0,63,68,70,5600,44052394,0,0,0,31.0725,30,34,-1,0,0,0,0,0,0,OK,100,5600,44052394,5566,0,0,0,0,0,0,0,0,0,0,5566,10,31.0725,960,720,0,0,1,0,OK,0,,0,vision:ffmpeg_stream,,,RECOVERING,0,pitch,12,1,0,0,0,0,0,1,0,0,0,0,0,125,249,1,0,0,0,0,0,0,0,1428,4138,1391,300,29,11,18,0,0,battery?,,TIMEOUT,2391,135803,2766
,gui,,CONTROL_PANEL,190399,176,1,1,0,12,12,12,streamon,ok,OK,vision,,attempt=1|send=OK|raw=ok|parsed=OK,1957,1957,0,0,0,10.0151,10.6,85,99,977,977,1756,4,4,0,OK,100,1,0,10,181.95,0,63,68,71,5635,44208391,0,0,0,34.4137,25,35,-1,0,0,0,0,0,0,OK,100,5635,44208391,5601,0,0,0,0,0,0,0,0,0,0,5601,10,34.4137,960,720,0,0,1,0,OK,0,,0,vision:ffmpeg_stream,,,RECOVERING,0,pitch,11,1,0,0,0,0,0,1,0,0,0,0,0,125,249,1,0,0,0,0,0,0,0,1437,4164,1400,300,29,11,18,0,0,battery?,,TIMEOUT,2391,136927,3891
,gui,,CONTROL_PANEL,191399,177,1,1,0,12,12,12,streamon,ok,OK,vision,,attempt=1|send=OK|raw=ok|parsed=OK,1967,1967,0,0,0,9.72614,10.0849,92,102,977,977,1756,4,4,0,OK,100,1,0,10,181.76,0,63,67,71,5666,44336770,0,0,0,33.6408,21,31,-1,0,0,0,0,0,0,OK,100,5666,44336770,5632,0,0,0,0,0,0,0,0,0,0,5632,10,33.6408,960,720,0,0,1,0,OK,0,,0,vision:ffmpeg_stream,,,RECOVERING,0,pitch,10,1,0,0,0,0,0,1,0,0,0,0,0,125,249,1,0,0,0,0,0,0,0,1445,4187,1408,300,29,11,18,0,0,battery?,,TIMEOUT,2391,137927,4891
,gui,,CONTROL_PANEL,192524,178,1,1,0,12,12,12,streamon,ok,OK,vision,,attempt=1|send=OK|raw=ok|parsed=OK,1979,1979,0,0,0,10.0287,10.0845,31,99,977,977,1756,4,4,0,OK,100,1,0,10,182.12,0,63,68,71,5701,44480177,0,0,0,31.5724,9,35,-1,0,0,0,0,0,0,OK,100,5701,44480177,5667,0,0,0,0,0,0,0,0,0,0,5667,10,31.5724,960,720,0,0,1,0,OK,0,,0,vision:ffmpeg_stream,,,RECOVERING,0,pitch,12,1,0,0,0,0,0,1,0,0,0,0,0,125,249,1,0,0,0,0,0,0,0,1454,4213,1417,300,29,11,18,0,0,battery?,,TIMEOUT,2391,139052,6016
,gui,,CONTROL_PANEL,193524,179,1,1,0,12,12,12,streamon,ok,OK,vision,,attempt=1|send=OK|raw=ok|parsed=OK,1989,1989,0,0,0,9.94015,10.6504,81,100,977,977,1756,4,4,0,OK,100,1,0,10,182.01,0,63,69,71,5732,44608933,0,0,0,31.2444,1,31,-1,0,0,0,0,0,0,OK,100,5732,44608933,5698,0,0,0,0,0,0,0,0,0,0,5698,10,31.2444,960,720,0,0,1,0,OK,0,,0,vision:ffmpeg_stream,,,RECOVERING,0,pitch,10,1,0,0,0,0,0,1,0,0,0,0,0,125,249,1,0,0,0,0,0,0,0,1462,4236,1425,300,29,11,18,0,0,battery?,,TIMEOUT,2391,140053,7016
,gui,,CONTROL_PANEL,194649,180,1,1,0,12,12,12,streamon,ok,OK,vision,,attempt=1|send=OK|raw=ok|parsed=OK,2001,2001,0,0,0,10.0411,10.08,13,99,977,977,1756,4,4,0,OK,100,1,0,10,182.1,0,63,68,71,5766,44748718,0,0,0,31.2201,19,34,-1,0,0,0,0,0,0,OK,100,5766,44748718,5732,0,0,0,0,0,0,0,0,0,0,5732,10,31.2201,960,720,0,0,1,0,OK,0,,0,vision:ffmpeg_stream,,,RECOVERING,0,pitch,12,1,0,0,0,0,0,1,0,0,0,0,0,125,249,1,0,0,0,0,0,0,0,1471,4261,1434,300,30,11,19,0,0,battery?,,TIMEOUT,2391,141177,749
,gui,,CONTROL_PANEL,195649,181,1,1,0,12,12,12,streamon,ok,OK,vision,,attempt=1|send=OK|raw=ok|parsed=OK,2011,2011,0,0,0,10.0416,10.0441,17,99,977,977,1756,4,4,0,OK,100,1,0,10,181.95,0,63,68,71,5797,44877226,0,0,0,31.1311,10,31,-1,0,0,0,0,0,0,OK,100,5797,44877226,5763,0,0,0,0,0,0,0,0,0,0,5763,10,31.1311,960,720,0,0,1,0,OK,0,,0,vision:ffmpeg_stream,,,RECOVERING,0,pitch,10,1,0,0,0,0,0,1,0,0,0,0,0,125,250,1,0,0,0,0,0,0,0,1479,4284,1441,300,30,11,19,0,0,battery?,,TIMEOUT,2391,142178,1749
,gui,,CONTROL_PANEL,196774,182,1,1,0,12,12,12,streamon,ok,OK,vision,,attempt=1|send=OK|raw=ok|parsed=OK,2022,2022,0,0,0,10.9036,10.4423,96,91,977,977,1756,4,4,0,OK,100,1,0,10,182.19,0,63,68,70,5831,45017488,0,0,0,31.3519,28,34,-1,0,0,0,0,0,0,OK,100,5831,45017488,5797,0,0,0,0,0,0,0,0,0,0,5797,10,31.3519,960,720,0,0,1,0,OK,0,,0,vision:ffmpeg_stream,,,RECOVERING,0,pitch,11,1,0,0,0,0,0,1,0,0,0,0,0,125,250,1,0,0,0,0,0,0,0,1488,4309,1449,300,30,11,19,0,0,battery?,,TIMEOUT,2391,143303,2874
,gui,,CONTROL_PANEL,197899,183,1,1,0,12,12,12,streamon,ok,OK,vision,,attempt=1|send=OK|raw=ok|parsed=OK,2034,2034,0,0,0,9.66105,9.99633,21,103,977,977,1756,4,4,0,OK,100,1,0,10,181.74,0,63,68,70,5866,45161222,0,0,0,30.7616,12,35,-1,0,0,0,0,0,0,OK,100,5866,45161222,5832,0,0,0,0,0,0,0,0,0,0,5832,10,30.7616,960,720,0,0,1,0,OK,0,,0,vision:ffmpeg_stream,,,RECOVERING,0,pitch,12,1,0,0,0,0,0,1,0,0,0,0,0,124,249,1,0,0,0,0,0,0,0,1497,4335,1458,300,30,11,19,0,0,battery?,,TIMEOUT,2391,144427,3999
,gui,,CONTROL_PANEL,198899,184,1,1,0,12,12,12,streamon,ok,OK,vision,,attempt=1|send=OK|raw=ok|parsed=OK,2044,2044,0,0,0,10.0254,10.0448,28,99,977,977,1756,4,4,0,OK,100,1,0,10,181.64,0,63,68,71,5897,45290093,0,0,0,30.8828,4,31,-1,0,0,0,0,0,0,OK,100,5897,45290093,5863,0,0,0,0,0,0,0,0,0,0,5863,10,30.8828,960,720,0,0,1,0,OK,0,,0,vision:ffmpeg_stream,,,RECOVERING,0,pitch,10,1,0,0,0,0,0,1,0,0,0,0,0,125,249,1,0,0,0,0,0,0,0,1505,4358,1466,300,30,11,19,0,0,battery?,,TIMEOUT,2391,145427,4999
,gui,,CONTROL_PANEL,199899,185,1,1,0,12,12,12,streamon,ok,OK,vision,,attempt=1|send=OK|raw=ok|parsed=OK,2054,2054,0,0,0,10.0661,10.3825,83,99,977,977,1756,4,4,0,OK,100,1,0,10,182.11,0,63,67,70,5927,45415112,0,0,0,30.6213,27,30,-1,0,0,0,0,0,0,OK,100,5927,45415112,5893,0,0,0,0,0,0,0,0,0,0,5893,10,30.6213,960,720,0,0,1,0,OK,0,,0,vision:ffmpeg_stream,,,RECOVERING,0,pitch,10,1,0,0,0,0,0,1,0,0,0,0,0,125,250,1,0,0,0,0,0,0,0,1512,4381,1474,300,30,11,19,0,0,battery?,,TIMEOUT,2391,146428,5999
,gui,,CONTROL_PANEL,201024,186,1,1,0,12,12,12,streamon,ok,OK,vision,,attempt=1|send=OK|raw=ok|parsed=OK,2066,2066,0,0,0,11.0413,10.7561,69,90,977,977,1756,4,4,0,OK,100,1,0,10,182.01,0,63,67,71,5964,45579736,0,0,0,37.4756,11,37,-1,0,0,0,0,0,0,OK,100,5964,45579736,5930,0,0,0,0,0,0,0,0,0,0,5930,10,37.4756,960,720,0,0,1,0,OK,0,,0,vision:ffmpeg_stream,,,RECOVERING,0,pitch,12,1,0,0,0,0,0,1,0,0,0,0,0,125,249,1,0,0,0,0,0,0,0,1522,4408,1482,300,30,11,19,0,0,battery?,,TIMEOUT,2391,147552,7124
,gui,,CONTROL_PANEL,202149,187,1,1,0,12,12,12,streamon,ok,OK,vision,,attempt=1|send=OK|raw=ok|parsed=OK,2079,2079,0,0,0,10.8877,10.8963,1,91,977,977,1756,4,4,0,OK,100,1,0,10,182.33,0,63,67,70,6001,45730761,0,0,0,37.5019,26,37,-1,0,0,0,0,0,0,OK,100,6001,45730761,5967,0,0,0,0,0,0,0,0,0,0,5967,10,37.5019,960,720,0,0,1,0,OK,0,,0,vision:ffmpeg_stream,,,RECOVERING,0,pitch,13,1,0,0,0,0,0,1,0,0,0,0,0,125,250,1,0,0,0,0,0,0,0,1531,4436,1491,300,31,11,20,0,0,battery?,,TIMEOUT,2391,148678,857
,gui,,CONTROL_PANEL,203149,188,1,1,0,12,12,12,streamon,ok,OK,vision,,attempt=1|send=OK|raw=ok|parsed=OK,2090,2090,0,0,0,10.8076,11.3311,36,92,977,977,1756,4,4,0,OK,100,1,0,10,182.1,0,63,67,70,6035,45870218,0,0,0,33.6628,6,34,-1,0,0,0,0,0,0,OK,100,6035,45870218,6001,0,0,0,0,0,0,0,0,0,0,6001,10,33.6628,960,720,0,0,1,0,OK,0,,0,vision:ffmpeg_stream,,,RECOVERING,0,pitch,11,1,0,0,0,0,0,1,0,0,0,0,0,124,250,1,0,0,0,0,0,0,0,1539,4462,1499,300,31,11,20,0,0,battery?,,TIMEOUT,2391,149678,1857
,gui,,CONTROL_PANEL,204274,189,1,1,0,12,12,12,streamon,ok,OK,vision,,attempt=1|send=OK|raw=ok|parsed=OK,2102,2102,0,0,0,10.0748,10.2979,11,99,977,977,1756,4,4,0,OK,100,1,0,10,181.92,0,63,68,71,6071,46017116,0,0,0,30.9486,1,36,-1,0,0,0,0,0,0,OK,100,6071,46017116,6037,0,0,0,0,0,0,0,0,0,0,6037,10,30.9486,960,720,0,0,1,0,OK,0,,0,vision:ffmpeg_stream,,,RECOVERING,0,pitch,12,1,0,0,0,0,0,1,0,0,0,0,0,125,249,1,0,0,0,0,0,0,0,1548,4489,1508,300,31,11,20,0,0,battery?,,TIMEOUT,2391,150803,2982
,gui,,CONTROL_PANEL,205399,190,1,1,0,12,12,12,streamon,ok,OK,vision,,attempt=1|send=OK|raw=ok|parsed=OK,2113,2113,0,0,0,10.0939,10.0999,44,99,977,977,1756,4,4,0,OK,100,1,0,10,181.87,0,63,67,70,6105,46157130,0,0,0,31.0425,23,34,-1,0,0,0,0,0,0,OK,100,6105,46157130,6071,0,0,0,0,0,0,0,0,0,0,6071,10,31.0425,960,720,0,0,1,0,OK,0,,0,vision:ffmpeg_stream,,,RECOVERING,0,pitch,11,1,0,0,0,0,0,1,0,0,0,0,0,124,249,1,0,0,0,0,0,0,0,1557,4514,1517,300,31,11,20,0,0,battery?,,TIMEOUT,2391,151927,4107
,gui,,CONTROL_PANEL,206524,191,1,1,0,12,12,12,streamon,ok,OK,vision,,attempt=1|send=OK|raw=ok|parsed=OK,2125,2125,0,0,0,9.69994,10.4523,25,103,977,977,1756,4,4,0,OK,100,1,0,10,181.95,0,63,68,70,6140,46302740,0,0,0,32.1187,13,35,-1,0,0,0,0,0,0,OK,100,6140,46302740,6106,0,0,0,0,0,0,0,0,0,0,6106,10,32.1187,960,720,0,0,1,0,OK,0,,0,vision:ffmpeg_stream,,,RECOVERING,0,pitch,12,1,0,0,0,0,0,1,0,0,0,0,0,125,250,1,0,0,0,0,0,0,0,1566,4540,1526,300,31,11,20,0,0,battery?,,TIMEOUT,2391,153052,5232
,gui,,CONTROL_PANEL,207524,192,1,1,0,12,12,12,streamon,ok,OK,vision,,attempt=1|send=OK|raw=ok|parsed=OK,2135,2135,0,0,0,8.80029,9.89306,22,113,977,977,1756,4,4,0,OK,100,1,0,10,182.16,0,63,68,71,6171,46431948,0,0,0,30.6671,6,31,-1,0,0,0,0,0,0,OK,100,6171,46431948,6137,0,0,0,0,0,0,0,0,0,0,6137,10,30.6671,960,720,0,0,1,0,OK,0,,0,vision:ffmpeg_stream,,,RECOVERING,0,pitch,10,1,0,0,0,0,0,1,0,0,0,0,0,125,250,1,0,0,0,0,0,0,0,1574,4563,1534,300,31,11,20,0,0,battery?,,TIMEOUT,2391,154053,6232
,gui,,CONTROL_PANEL,208649,193,1,1,0,12,12,12,streamon,ok,OK,vision,,attempt=1|send=OK|raw=ok|parsed=OK,2146,2146,0,0,0,10.0717,10.1419,68,99,977,977,1756,4,4,0,OK,100,1,0,10,181.83,0,62,69,71,6206,46587327,0,0,0,33.2368,1,35,-1,0,0,0,0,0,0,OK,100,6206,46587327,6172,0,0,0,0,0,0,0,0,0,0,6172,10,33.2368,960,720,0,0,1,0,OK,0,,0,vision:ffmpeg_stream,,,RECOVERING,0,pitch,11,1,0,0,0,0,0,1,0,0,0,0,0,125,250,1,0,0,0,0,0,0,0,1583,4589,1543,300,31,11,20,0,0,battery?,,TIMEOUT,2391,155177,7357
,gui,,CONTROL_PANEL,209774,194,1,1,0,12,12,12,streamon,ok,OK,vision,,attempt=1|send=OK|raw=ok|parsed=OK,2158,2158,0,0,0,13.6233,10.9346,52,73,977,977,1756,4,4,0,OK,100,1,0,10,182.13,0,62,68,71,6240,46726843,0,0,0,134.319,25,34,-1,0,0,0,0,0,0,OK,100,6240,46726843,6206,0,0,0,0,0,0,0,0,0,0,6206,10,134.319,960,720,0,0,1,0,OK,0,,0,vision:ffmpeg_stream,,,RECOVERING,0,pitch,12,1,0,0,0,0,0,1,0,0,0,0,0,125,249,1,0,0,0,0,0,0,0,1591,4615,1551,300,32,11,21,0,0,battery?,,TIMEOUT,2391,156302,1090
,gui,,CONTROL_PANEL,210899,195,1,1,0,12,12,12,streamon,ok,OK,vision,,attempt=1|send=OK|raw=ok|parsed=OK,2169,2169,0,0,0,10.0068,12.0918,93,99,977,977,1756,4,4,0,OK,100,1,0,10,182.15,0,62,68,70,6275,46870250,0,0,0,33.3741,19,35,-1,0,0,0,0,0,0,OK,100,6275,46870250,6241,0,0,0,0,0,0,0,0,0,0,6241,10,33.3741,960,720,0,0,1,0,OK,0,,0,vision:ffmpeg_stream,,,RECOVERING,0,pitch,11,1,0,0,0,0,0,1,0,0,0,0,0,125,249,1,0,0,0,0,0,0,0,1601,4640,1560,300,32,11,21,0,0,battery?,,TIMEOUT,2391,157427,2215
,gui,,CONTROL_PANEL,211899,196,1,1,0,12,12,12,streamon,ok,OK,vision,,attempt=1|send=OK|raw=ok|parsed=OK,2180,2180,0,0,0,8.39772,12.0739,26,119,977,977,1756,4,4,0,OK,100,1,0,10,181.94,0,62,67,70,6306,46998663,0,0,0,57.9712,15,31,-1,0,0,0,0,0,0,OK,100,6306,46998663,6272,0,0,0,0,0,0,0,0,0,0,6272,10,57.9712,960,720,0,0,1,0,OK,0,,0,vision:ffmpeg_stream,,,RECOVERING,0,pitch,11,1,0,0,0,0,0,1,0,0,0,0,0,125,250,1,0,0,0,0,0,0,0,1609,4663,1567,300,32,11,21,0,0,battery?,,TIMEOUT,2391,158428,3216
,gui,,CONTROL_PANEL,213024,197,1,1,0,12,12,12,streamon,ok,OK,vision,,attempt=1|send=OK|raw=ok|parsed=OK,2191,2191,0,0,0,21.8903,16.8452,95,45,977,977,1756,4,4,0,OK,100,1,0,10,182.13,0,62,68,71,6341,47142392,0,0,0,97.6037,6,35,-1,0,0,0,0,0,0,OK,100,6341,47142392,6307,0,0,0,0,0,0,0,0,0,0,6307,10,97.6037,960,720,0,0,1,0,OK,0,,0,vision:ffmpeg_stream,,,RECOVERING,0,pitch,11,1,0,0,0,0,0,1,0,0,0,0,0,125,249,1,0,0,0,0,0,0,0,1618,4689,1576,300,32,11,21,0,0,battery?,,TIMEOUT,2391,159552,4340
,gui,,CONTROL_PANEL,214149,198,1,1,0,12,12,12,streamon,ok,OK,vision,,attempt=1|send=OK|raw=ok|parsed=OK,2203,2203,0,0,0,10.1191,11.3708,32,98,977,977,1756,4,4,0,OK,100,1,0,10,182.11,0,62,68,71,6375,47282556,0,0,0,31.2801,36,34,-1,0,0,0,0,0,0,OK,100,6375,47282556,6341,0,0,0,0,0,0,0,0,0,0,6341,10,31.2801,960,720,0,0,1,0,OK,0,,0,vision:ffmpeg_stream,,,RECOVERING,0,pitch,12,1,0,0,0,0,0,1,0,0,0,0,0,125,250,1,0,0,0,0,0,0,0,1626,4715,1585,300,32,11,21,0,0,battery?,,TIMEOUT,2391,160678,5466
,gui,,CONTROL_PANEL,215274,199,1,1,0,12,12,12,streamon,ok,OK,vision,,attempt=1|send=OK|raw=ok|parsed=OK,2215,2215,0,0,0,20.1856,12.5243,19,49,977,977,1756,4,4,0,OK,100,1,0,10,182.2,0,62,68,70,6410,47427932,0,0,0,38.5459,30,35,-1,0,0,0,0,0,0,OK,100,6410,47427932,6376,0,0,0,0,0,0,0,0,0,0,6376,10,38.5459,960,720,0,0,1,0,OK,0,,0,vision:ffmpeg_stream,,,RECOVERING,0,pitch,12,1,0,0,0,0,0,1,0,0,0,0,0,125,249,1,0,0,0,0,0,0,0,1635,4741,1593,300,32,11,21,0,0,battery?,,TIMEOUT,2391,161802,6590
,gui,,CONTROL_PANEL,216399,200,1,1,0,12,12,12,streamon,ok,OK,vision,,attempt=1|send=OK|raw=ok|parsed=OK,2226,2226,0,0,0,10.1209,10.3058,54,98,977,977,1756,4,4,0,OK,100,1,0,10,182.39,0,62,68,70,6445,47583501,0,0,0,37.004,26,35,-1,0,0,0,0,0,0,OK,100,6445,47583501,6411,0,0,0,0,0,0,0,0,0,0,6411,10,37.004,960,720,0,0,1,0,OK,0,,0,vision:ffmpeg_stream,,,RECOVERING,0,pitch,11,1,0,0,0,0,0,1,0,0,0,0,0,124,250,1,0,0,0,0,0,0,0,1644,4767,1602,300,33,11,22,0,0,battery?,,TIMEOUT,2391,162927,323
,gui,,CONTROL_PANEL,217399,201,1,1,0,12,12,12,streamon,ok,OK,vision,,attempt=1|send=OK|raw=ok|parsed=OK,2236,2236,0,0,0,10.0619,10.0978,63,99,977,977,1756,4,4,0,OK,100,1,0,10,182.02,0,62,68,71,6476,47712247,0,0,0,32.9932,18,31,-1,0,0,0,0,0,0,OK,100,6476,47712247,6442,0,0,0,0,0,0,0,0,0,0,6442,10,32.9932,960,720,0,0,1,0,OK,0,,0,vision:ffmpeg_stream,,,RECOVERING,0,pitch,10,1,0,0,0,0,0,1,0,0,0,0,0,124,249,1,0,0,0,0,0,0,0,1652,4790,1610,300,33,11,22,0,0,battery?,,TIMEOUT,2391,163927,1323
,gui,,CONTROL_PANEL,218399,202,1,1,0,12,12,12,streamon,ok,OK,vision,,attempt=1|send=OK|raw=ok|parsed=OK,2246,2246,0,0,0,8.27634,9.71388,48,120,977,977,1756,4,4,0,OK,100,1,0,10,182.23,0,62,68,71,6507,47841153,0,0,0,103.719,13,31,-1,0,0,0,0,0,0,OK,100,6507,47841153,6473,0,0,0,0,0,0,0,0,0,0,6473,10,103.719,960,720,0,0,1,0,OK,0,,0,vision:ffmpeg_stream,,,RECOVERING,0,pitch,10,1,0,0,0,0,0,1,0,0,0,0,0,125,249,1,0,0,0,0,0,0,0,1660,4813,1618,300,33,11,22,0,0,battery?,,TIMEOUT,2391,164927,2323
,gui,,CONTROL_PANEL,219399,203,1,1,0,12,12,12,streamon,ok,OK,vision,,attempt=1|send=OK|raw=ok|parsed=OK,2257,2257,0,0,0,10.0619,10.4803,27,99,977,977,1756,4,4,0,OK,100,1,0,10,182.14,0,62,68,71,6538,47969924,0,0,0,32.2745,6,31,-1,0,0,0,0,0,0,OK,100,6538,47969924,6504,0,0,0,0,0,0,0,0,0,0,6504,10,32.2745,960,720,0,0,1,0,OK,0,,0,vision:ffmpeg_stream,,,RECOVERING,0,pitch,11,1,0,0,0,0,0,1,0,0,0,0,0,125,250,1,0,0,0,0,0,0,0,1668,4836,1626,300,33,11,22,0,0,battery?,,TIMEOUT,2391,165928,3323
,gui,,CONTROL_PANEL,220524,204,1,1,0,12,12,12,streamon,ok,OK,vision,,attempt=1|send=OK|raw=ok|parsed=OK,2268,2268,0,0,0,10.0667,10.1221,58,99,977,977,1756,4,4,0,OK,100,1,0,10,182.19,0,62,68,70,6572,48109242,0,0,0,31.5384,27,34,-1,0,0,0,0,0,0,OK,100,6572,48109242,6538,0,0,0,0,0,0,0,0,0,0,6538,10,31.5384,960,720,0,0,1,0,OK,0,,0,vision:ffmpeg_stream,,,RECOVERING,0,pitch,11,1,0,0,0,0,0,1,0,0,0,0,0,125,250,1,0,0,0,0,0,0,0,1677,4861,1635,300,33,11,22,0,0,battery?,,TIMEOUT,2391,167052,4448
,gui,,CONTROL_PANEL,221524,205,1,1,0,12,12,12,streamon,ok,OK,vision,,attempt=1|send=OK|raw=ok|parsed=OK,2278,2278,0,0,0,10.0169,10.0595,64,99,977,977,1756,4,4,0,OK,100,1,0,10,182.04,0,62,67,70,6603,48237917,0,0,0,38.6888,20,31,-1,0,0,0,0,0,0,OK,100,6603,48237917,6569,0,0,0,0,0,0,0,0,0,0,6569,10,38.6888,960,720,0,0,1,0,OK,0,,0,vision:ffmpeg_stream,,,RECOVERING,0,pitch,10,1,0,0,0,0,0,1,0,0,0,0,0,125,250,1,0,0,0,0,0,0,0,1685,4884,1643,300,33,11,22,0,0,battery?,,TIMEOUT,2391,168053,5448
,gui,,CONTROL_PANEL,222649,206,1,1,0,12,12,12,streamon,ok,OK,vision,,attempt=1|send=OK|raw=ok|parsed=OK,2290,2290,0,0,0,10.0638,10.3753,47,99,977,977,1756,4,4,0,OK,100,1,0,10,182.07,0,62,67,71,6638,48381030,0,0,0,30.9109,7,35,-1,0,0,0,0,0,0,OK,100,6638,48381030,6604,0,0,0,0,0,0,0,0,0,0,6604,10,30.9109,960,720,0,0,1,0,OK,0,,0,vision:ffmpeg_stream,,,RECOVERING,0,pitch,12,1,0,0,0,0,0,1,0,0,0,0,0,124,249,1,0,0,0,0,0,0,0,1694,4910,1652,300,33,11,22,0,0,battery?,,TIMEOUT,2391,169177,6573
,gui,,CONTROL_PANEL,223649,207,1,1,0,12,12,12,streamon,ok,OK,vision,,attempt=1|send=OK|raw=ok|parsed=OK,2300,2300,0,0,0,10.0612,10.1001,54,99,977,977,1756,4,4,0,OK,100,1,0,10,182.23,0,62,68,71,6669,48509750,0,0,0,30.5087,0,31,-1,0,0,0,0,0,0,OK,100,6669,48509750,6635,0,0,0,0,0,0,0,0,0,0,6635,10,30.5087,960,720,0,0,1,0,OK,0,,0,vision:ffmpeg_stream,,,RECOVERING,0,pitch,10,1,0,0,0,0,0,1,0,0,0,0,0,125,249,1,0,0,0,0,0,0,0,1702,4933,1660,300,34,11,23,0,0,battery?,,TIMEOUT,2391,170177,181
,gui,,CONTROL_PANEL,224649,208,1,1,0,12,12,12,streamon,ok,OK,vision,,attempt=1|send=OK|raw=ok|parsed=OK,2310,2310,0,0,0,9.78706,9.94857,53,102,977,977,1756,4,4,0,OK,100,1,0,10,182.06,0,62,68,71,6699,48634608,0,0,0,30.0216,19,30,-1,0,0,0,0,0,0,OK,100,6699,48634608,6665,0,0,0,0,0,0,0,0,0,0,6665,10,30.0216,960,720,0,0,1,0,OK,0,,0,vision:ffmpeg_stream,,,RECOVERING,0,pitch,10,1,0,0,0,0,0,1,0,0,0,0,0,124,250,1,0,0,0,0,0,0,0,1710,4955,1667,300,34,11,23,0,0,battery?,,TIMEOUT,2391,171178,1181
,gui,,CONTROL_PANEL,225774,209,1,1,0,12,12,12,streamon,ok,OK,vision,,attempt=1|send=OK|raw=ok|parsed=OK,2322,2322,0,0,0,9.84477,10.2247,3,101,977,977,1756,4,4,0,OK,100,1,0,10,181.92,0,62,67,69,6733,48774934,0,0,0,30.6607,10,34,-1,0,0,0,0,0,0,OK,100,6733,48774934,6699,0,0,0,0,0,0,0,0,0,0,6699,10,30.6607,960,720,0,0,1,0,OK,0,,0,vision:ffmpeg_stream,,,RECOVERING,0,pitch,12,1,0,0,0,0,0,1,0,0,0,0,0,125,249,1,0,0,0,0,0,0,0,1721,4978,1676,300,34,11,23,0,0,battery?,,TIMEOUT,2391,172303,2306
,gui,,CONTROL_PANEL,226775,210,1,1,0,12,12,12,streamon,ok,OK,vision,,attempt=1|send=OK|raw=ok|parsed=OK,2331,2331,0,0,0,9.79315,9.84988,84,102,977,977,1756,4,4,0,OK,100,1,0,10,182.08,0,62,67,70,6763,48899931,0,0,0,29.6629,7,30,-1,0,0,0,0,0,0,OK,100,6763,48899931,6729,0,0,0,0,0,0,0,0,0,0,6729,10,29.6629,960,720,0,0,1,0,OK,0,,0,vision:ffmpeg_stream,,,RECOVERING,0,pitch,9,1,0,0,0,0,0,1,0,0,0,0,0,125,249,1,0,0,0,0,0,0,0,1730,4999,1683,300,34,11,23,0,0,battery?,,TIMEOUT,2391,173303,3307
,gui,,CONTROL_PANEL,227899,211,1,1,0,12,12,12,streamon,ok,OK,vision,,attempt=1|send=OK|raw=ok|parsed=OK,2342,2342,0,0,0,9.78873,9.79468,85,102,977,977,1756,4,4,0,OK,100,1,0,10,182.1,0,62,67,70,6797,49040736,0,0,0,30.2088,32,34,-1,0,0,0,0,0,0,OK,100,6797,49040736,6762,0,0,0,0,0,0,0,0,0,0,6762,10,30.2088,960,720,0,0,1,0,OK,0,,0,vision:ffmpeg_stream,,,RECOVERING,0,pitch,11,1,0,0,0,0,0,1,0,0,0,0,0,124,249,1,0,0,0,0,0,0,0,1740,5022,1692,300,34,11,23,0,0,battery?,,TIMEOUT,2391,174428,4431
,gui,,CONTROL_PANEL,229025,212,1,1,0,12,12,12,streamon,ok,OK,vision,,attempt=1|send=OK|raw=ok|parsed=OK,2354,2354,0,0,0,9.75035,10.1059,34,102,977,977,1756,4,4,0,OK,100,1,0,10,182.39,0,62,67,70,6830,49178190,0,0,0,30.1067,22,33,-1,0,0,0,0,0,0,OK,100,6830,49178190,6796,0,0,0,0,0,0,0,0,0,0,6796,10,30.1067,960,720,0,0,1,0,OK,0,,0,vision:ffmpeg_stream,,,RECOVERING,0,pitch,12,1,0,0,0,0,0,1,0,0,0,0,0,125,249,1,0,0,0,0,0,0,0,1751,5045,1701,300,34,11,23,0,0,battery?,,TIMEOUT,2391,175553,5557
,gui,,CONTROL_PANEL,230149,213,1,1,0,12,12,12,streamon,ok,OK,vision,,attempt=1|send=OK|raw=ok|parsed=OK,2365,2365,0,0,0,10.0811,10.0853,66,99,977,977,1756,4,4,0,OK,100,1,0,10,182.29,0,61,67,70,6865,49333981,0,0,0,35.2152,13,35,-1,0,0,0,0,0,0,OK,100,6865,49333981,6831,0,0,0,0,0,0,0,0,0,0,6831,10,35.2152,960,720,0,0,1,0,OK,0,,0,vision:ffmpeg_stream,,,RECOVERING,0,pitch,11,1,0,0,0,0,0,1,0,0,0,0,0,125,250,1,0,0,0,0,0,0,0,1759,5072,1709,300,34,11,23,0,0,battery?,,TIMEOUT,2391,176678,6681
,gui,,CONTROL_PANEL,231274,214,1,1,0,12,12,12,streamon,ok,OK,vision,,attempt=1|send=OK|raw=ok|parsed=OK,2377,2377,0,0,0,10.2225,10.0864,0,97,977,977,1756,4,4,0,OK,100,1,0,10,182.1,0,61,68,71,6900,49477329,0,0,0,56.0747,1,35,-1,0,0,0,0,0,0,OK,100,6900,49477329,6866,0,0,0,0,0,0,0,0,0,0,6866,10,56.0747,960,720,0,0,1,0,OK,0,,0,vision:ffmpeg_stream,,,RECOVERING,0,pitch,12,1,0,0,0,0,0,1,0,0,0,0,0,125,249,1,0,0,0,0,0,0,0,1769,5097,1716,300,35,11,24,0,0,battery?,,TIMEOUT,2391,177802,414
,gui,,CONTROL_PANEL,232399,215,1,1,0,12,12,12,streamon,ok,OK,vision,,attempt=1|send=OK|raw=ok|parsed=OK,2388,2388,0,0,0,10.3368,10.5322,83,96,977,977,1756,4,4,0,OK,100,1,0,10,182.16,0,61,67,70,6934,49616987,0,0,0,31.6842,26,34,-1,0,0,0,0,0,0,OK,100,6934,49616987,6900,0,0,0,0,0,0,0,0,0,0,6900,10,31.6842,960,720,0,0,1,0,OK,0,,0,vision:ffmpeg_stream,,,RECOVERING,0,pitch,11,1,0,0,0,0,0,1,0,0,0,0,0,125,249,1,0,0,0,0,0,0,0,1777,5123,1724,300,35,11,24,0,0,battery?,,TIMEOUT,2391,178927,1539
,gui,,CONTROL_PANEL,233524,216,1,1,0,12,12,12,streamon,ok,OK,vision,,attempt=1|send=OK|raw=ok|parsed=OK,2400,2400,0,0,0,10.6276,10.3447,43,94,977,977,1756,4,4,0,OK,100,1,0,10,182.16,0,61,68,71,6970,49764025,0,0,0,31.6902,8,36,-1,0,0,0,0,0,0,OK,100,6970,49764025,6936,0,0,0,0,0,0,0,0,0,0,6936,10,31.6902,960,720,0,0,1,0,OK,0,,0,vision:ffmpeg_stream,,,RECOVERING,0,pitch,12,1,0,0,0,0,0,1,0,0,0,0,0,125,249,1,0,0,0,0,0,0,0,1786,5150,1733,300,35,11,24,0,0,battery?,,TIMEOUT,2391,180053,2664
,gui,,CONTROL_PANEL,234649,217,1,1,0,12,12,12,streamon,ok,OK,vision,,attempt=1|send=OK|raw=ok|parsed=OK,2411,2411,0,0,0,10.1008,10.2771,97,99,977,977,1756,4,4,0,OK,100,1,0,10,182.24,0,61,67,70,7005,49907820,0,0,0,31.4371,22,35,-1,0,0,0,0,0,0,OK,100,7005,49907820,6971,0,0,0,0,0,0,0,0,0,0,6971,10,31.4371,960,720,0,0,1,0,OK,0,,0,vision:ffmpeg_stream,,,RECOVERING,0,pitch,11,1,0,0,0,0,0,1,0,0,0,0,0,125,249,1,0,0,0,0,0,0,0,1795,5176,1742,300,35,11,24,0,0,battery?,,TIMEOUT,2391,181177,3789
,gui,,CONTROL_PANEL,235774,218,1,1,0,12,12,12,streamon,ok,OK,vision,,attempt=1|send=OK|raw=ok|parsed=OK,2424,2424,0,0,0,10.1823,10.5409,10,98,977,977,1756,4,4,0,OK,100,1,0,10,182.21,0,61,67,70,7041,50057530,0,0,0,31.1906,4,36,-1,0,0,0,0,0,0,OK,100,7041,50057530,7007,0,0,0,0,0,0,0,0,0,0,7007,10,31.1906,960,720,0,0,1,0,OK,0,,0,vision:ffmpeg_stream,,,RECOVERING,0,pitch,13,1,0,0,0,0,0,1,0,0,0,0,0,125,249,1,0,0,0,0,0,0,0,1804,5203,1751,300,35,11,24,0,0,battery?,,TIMEOUT,2391,182302,4914
,gui,,CONTROL_PANEL,236774,219,1,1,0,12,12,12,streamon,ok,OK,vision,,attempt=1|send=OK|raw=ok|parsed=OK,2434,2434,0,0,0,10.2011,10.3279,41,98,977,977,1756,4,4,0,OK,100,1,0,10,182.38,0,61,68,70,7073,50190843,0,0,0,38.5331,9,32,-1,0,0,0,0,0,0,OK,100,7073,50190843,7039,0,0,0,0,0,0,0,0,0,0,7039,10,38.5331,960,720,0,0,1,0,OK,0,,0,vision:ffmpeg_stream,,,RECOVERING,0,pitch,10,1,0,0,0,0,0,1,0,0,0,0,0,125,250,1,0,0,0,0,0,0,0,1812,5227,1759,300,35,11,24,0,0,battery?,,TIMEOUT,2391,183302,5914
,gui,,CONTROL_PANEL,237899,220,1,1,0,12,12,12,streamon,ok,OK,vision,,attempt=1|send=OK|raw=ok|parsed=OK,2446,2446,0,0,0,20.723,12.3934,50,48,977,977,1756,4,4,0,OK,100,1,0,10,182.31,0,61,67,70,7108,50345294,0,0,0,32.853,8,35,-1,0,0,0,0,0,0,OK,100,7108,50345294,7074,0,0,0,0,0,0,0,0,0,0,7074,10,32.853,960,720,0,0,1,0,OK,0,,0,vision:ffmpeg_stream,,,RECOVERING,0,pitch,12,1,0,0,0,0,0,1,0,0,0,0,0,125,250,1,0,0,0,0,0,0,0,1821,5253,1768,300,35,11,24,0,0,battery?,,TIMEOUT,2391,184427,7039
,gui,,CONTROL_PANEL,238899,221,1,1,0,12,12,12,streamon,ok,OK,vision,,attempt=1|send=OK|raw=ok|parsed=OK,2456,2456,0,0,0,10.2421,10.5209,79,97,977,977,1756,4,4,0,OK,100,1,0,10,182.63,0,61,68,70,7139,50472279,0,0,0,32.3628,24,31,-1,0,0,0,0,0,0,OK,100,7139,50472279,7105,0,0,0,0,0,0,0,0,0,0,7105,10,32.3628,960,720,0,0,1,0,OK,0,,0,vision:ffmpeg_stream,,,RECOVERING,0,pitch,10,1,0,0,0,0,0,1,0,0,0,0,0,125,250,1,0,0,0,0,0,0,0,1828,5277,1775,300,36,11,25,0,0,battery?,,TIMEOUT,2391,185428,648
,gui,,CONTROL_PANEL,240024,222,1,1,0,12,12,12,streamon,ok,OK,vision,,attempt=1|send=OK|raw=ok|parsed=OK,2468,2468,0,0,0,10.071,10.2845,38,99,977,977,1756,4,4,0,OK,100,1,0,10,182.67,0,61,67,70,7175,50618164,0,0,0,32.3854,6,36,-1,0,0,0,0,0,0,OK,100,7175,50618164,7141,0,0,0,0,0,0,0,0,0,0,7141,10,32.3854,960,720,0,0,1,0,OK,0,,0,vision:ffmpeg_stream,,,RECOVERING,0,pitch,12,1,0,0,0,0,0,1,0,0,0,0,0,124,250,1,0,0,0,0,0,0,0,1837,5304,1784,300,36,11,25,0,0,battery?,,TIMEOUT,2391,186552,1772
,gui,,CONTROL_PANEL,241024,223,1,1,0,12,12,12,streamon,ok,OK,vision,,attempt=1|send=OK|raw=ok|parsed=OK,2478,2478,0,0,0,6.89286,10.9313,64,145,977,977,1756,4,4,0,OK,100,1,0,10,182.47,0,61,67,70,7206,50744448,0,0,0,31.8654,17,31,-1,0,0,0,0,0,0,OK,100,7206,50744448,7172,0,0,0,0,0,0,0,0,0,0,7172,10,31.8654,960,720,0,0,1,0,OK,0,,0,vision:ffmpeg_stream,,,RECOVERING,0,pitch,10,1,0,0,0,0,0,1,0,0,0,0,0,125,249,1,0,0,0,0,0,0,0,1845,5327,1792,300,36,11,25,0,0,battery?,,TIMEOUT,2391,187552,2772
,gui,,CONTROL_PANEL,242149,224,1,1,0,12,12,12,streamon,ok,OK,vision,,attempt=1|send=OK|raw=ok|parsed=OK,2490,2490,0,0,0,10.3296,10.5931,75,96,977,977,1756,4,4,0,OK,100,1,0,10,182.34,0,61,68,70,7242,50894052,0,0,0,31.807,3,36,-1,0,0,0,0,0,0,OK,100,7242,50894052,7208,0,0,0,0,0,0,0,0,0,0,7208,10,31.807,960,720,0,0,1,0,OK,0,,0,vision:ffmpeg_stream,,,RECOVERING,0,pitch,12,1,0,0,0,0,0,1,0,0,0,0,0,125,250,1,0,0,0,0,0,0,0,1855,5353,1801,300,36,11,25,0,0,battery?,,TIMEOUT,2391,188677,3897
,gui,,CONTROL_PANEL,243084,225,1,1,0,12,12,12,streamon,ok,OK,vision,,attempt=1|send=OK|raw=ok|parsed=OK,2500,2500,0,0,0,12.0089,10.4802,41,83,977,977,1756,4,4,0,OK,100,1,0,10,182.27,0,61,67,70,7242,50894052,0,0,0,31.807,3,36,-1,0,0,0,0,0,0,OK,100,7242,50894052,7208,0,0,0,0,0,0,0,0,0,0,7208,10,31.807,960,720,0,0,1,0,OK,0,,0,log,2026-07-02T14:51:43.118,panel switched to Config,RECOVERING,0,pitch,10,1,0,0,0,0,0,1,0,0,0,0,0,125,249,1,0,0,0,0,0,0,0,1862,5375,1807,300,36,11,25,0,0,battery?,,TIMEOUT,2391,189612,4832
,gui,,CONTROL_PANEL,243149,226,1,1,0,12,12,12,streamon,ok,OK,vision,,attempt=1|send=OK|raw=ok|parsed=OK,2501,2501,0,0,0,10.3228,10.4487,9,96,977,977,1756,4,4,0,OK,100,1,0,10,182.11,0,61,67,70,7273,51024071,0,0,0,37.6434,23,31,-1,0,0,0,0,0,0,OK,100,7273,51024071,7239,0,0,0,0,0,0,0,0,0,0,7239,10,37.6434,960,720,0,0,1,0,OK,0,,0,vision:ffmpeg_stream,,,RECOVERING,0,pitch,1,1,0,0,0,0,0,1,0,0,0,0,0,124,250,1,0,0,0,0,0,0,0,1862,5377,1807,300,36,11,25,0,0,battery?,,TIMEOUT,2391,189677,4897
,gui,,CONTROL_PANEL,244149,227,1,1,0,12,12,12,streamon,ok,OK,vision,,attempt=1|send=OK|raw=ok|parsed=OK,2511,2511,0,0,0,20.7987,12.434,89,48,977,977,1756,4,4,0,OK,100,1,0,10,182.42,0,61,68,71,7305,51157590,0,0,0,31.5122,10,32,-1,0,0,0,0,0,0,OK,100,7305,51157590,7271,0,0,0,0,0,0,0,0,0,0,7271,10,31.5122,960,720,0,0,1,0,OK,0,,0,vision:ffmpeg_stream,,,RECOVERING,0,pitch,10,1,0,0,0,0,0,1,0,0,0,0,0,124,250,0,0,0,0,0,0,0,0,1870,5401,1815,300,36,11,25,0,0,battery?,,TIMEOUT,2391,190677,5897
,gui,,CONTROL_PANEL,245274,228,1,1,0,12,12,12,streamon,ok,OK,vision,,attempt=1|send=OK|raw=ok|parsed=OK,2523,2523,0,0,0,10.96,10.5167,52,91,977,977,1756,4,4,0,OK,100,1,0,10,182.05,0,61,68,70,7340,51303535,0,0,0,31.6085,28,35,-1,0,0,0,0,0,0,OK,100,7340,51303535,7306,0,0,0,0,0,0,0,0,0,0,7306,10,31.6085,960,720,0,0,1,0,OK,0,,0,vision:ffmpeg_stream,,,RECOVERING,0,pitch,12,1,0,0,0,0,0,1,0,0,0,0,0,125,249,1,0,0,0,0,0,0,0,1879,5427,1824,300,36,11,25,0,0,battery?,,TIMEOUT,2391,191802,7022
,gui,,CONTROL_PANEL,245341,229,1,1,0,12,12,12,streamon,ok,OK,vision,,attempt=1|send=OK|raw=ok|parsed=OK,2524,2524,0,0,0,10.0933,10.4321,20,99,977,977,1756,4,4,0,OK,100,1,0,10,182.11,0,61,68,70,7340,51303535,0,0,0,31.6085,28,35,-1,0,0,0,0,0,0,OK,100,7340,51303535,7306,0,0,0,0,0,0,0,0,0,0,7306,10,31.6085,960,720,0,0,1,0,OK,0,,0,log,2026-07-02T14:51:45.385,recording stopped,RECOVERING,0,pitch,1,1,0,0,0,0,0,1,0,0,0,0,0,125,249,1,0,0,0,0,0,0,0,1880,5429,1825,300,36,11,25,0,0,battery?,,TIMEOUT,2391,191869,7089
,gui,,CONTROL_PANEL,245341,230,1,1,0,12,12,12,streamon,ok,OK,vision,,attempt=1|send=OK|raw=ok|parsed=OK,2524,2524,0,0,0,10.0933,10.4321,20,99,977,977,1756,4,4,0,OK,100,1,0,10,182.11,0,61,68,70,7340,51303535,0,0,0,31.6085,28,35,-1,0,0,0,0,0,0,OK,100,7340,51303535,7306,0,0,0,0,0,0,0,0,0,0,7306,10,31.6085,960,720,0,0,1,0,OK,0,,0,logging:stop,,,RECOVERING,0,pitch,0,1,0,0,0,0,0,1,0,0,0,0,0,125,249,1,0,0,0,0,0,0,0,1880,5429,1825,300,36,11,25,0,0,battery?,,TIMEOUT,2391,191869,7089
