test_id,scenario,notes,run_mode,elapsed_ms,attempt,command_samples,command_successes,command_failures,command_latency_ms_avg,command_latency_ms_min,command_latency_ms_max,last_command_latency_ms,command_attempt_count,command_retry_count,command_timeout_count,command_client_total_ms,command_ensure_sdk_ms,command_executor_total_ms,command_send_ms,command_recv_wait_ms,command_parse_ms,command_executor_recv_wait_total_ms,command_executor_internal_total_ms,command_recovery_ms,command_executor_calls,command_recovery_count,last_command,last_response,last_command_result,command_source,command_executor_last_error,command_executor_attempt_log,command_internal_attempt_log,telemetry_packets_total,telemetry_packets_valid,telemetry_packets_invalid,telemetry_timeouts,telemetry_errors,telemetry_hz_instant,telemetry_hz_ema,telemetry_age_ms,telemetry_interarrival_ms,telemetry_max_interarrival_ms,telemetry_last_gap_ms,telemetry_last_gap_sequence,telemetry_gap_events_300ms,telemetry_gap_events_500ms,telemetry_gap_events_1000ms,telemetry_quality,telemetry_quality_score,telemetry_state_available,telemetry_h,telemetry_tof,telemetry_baro,telemetry_vgz,telemetry_bat,telemetry_templ,telemetry_temph,video_packets_total,video_bytes_total,video_timeouts,video_errors,video_pps_instant,video_pps_ema,video_age_ms,video_packet_delta,video_interarrival_ms,video_max_interarrival_ms,video_last_gap_ms,video_last_gap_sequence,video_gap_events_300ms,video_gap_events_500ms,video_gap_events_1000ms,video_quality,video_quality_score,link_quality,link_quality_score,link_safe_for_nonzero_rc,link_quality_reason,link_telemetry_quality,link_video_quality,link_command_quality,link_rc_quality,rc_packet_gap_ms,rc_expected_period_ms,rc_blackout_count,rc_last_nonzero_age_ms,rc_safety_override_active,nal_packets_in,nal_bytes_in,nal_units,nal_sps,nal_pps,nal_idr,nal_non_idr,nal_other,nal_decode_gated,nal_resyncs,nal_buffered_bytes,decoder_nals_in,decoder_packets_sent,decoder_frames_decoded,decoder_errors,decoder_fps_ema,frame_width,frame_height,keyframes,paused,overlay_enabled,recovery_attempted,recovery_result,recovery_hard,recovery_stage,recovery_command_channel_available,event,log_timestamp,log_message,connection_state,last_outage_failures,plot_metric,state_sequence_delta,state_receiver_running,rc_stream_active,rc_left_right,rc_forward_back,rc_up_down,rc_yaw,keepalive_running,auto_refresh_active,critical_command_active,pause_keepalive_ms,neutral_rc_ms,critical_command_ms,gui_vision_tick_delay_ms,gui_state_tick_delay_ms,vision_refresh_duration_ms,state_refresh_duration_ms,frame_convert_ms,frame_scale_ms,plot_paint_ms,vision_frame_mutex_wait_ms,state_history_fetch_ms,command_mutex_wait_ms,ui_frames_converted,ui_frames_dropped,ui_frames_displayed,plot_samples_displayed,keepalive_tick_total,keepalive_success_total,keepalive_failure_total,keepalive_skipped_busy_total,keepalive_skipped_uninitialized_total,keepalive_last_command,keepalive_last_response,keepalive_last_result,keepalive_last_latency_ms,keepalive_last_success_age_ms,keepalive_last_tick_age_ms
,gui,,CONTROL_PANEL,0,1,0,0,0,0,0,0,0,0,0,0,0,0,0,0,0,0,0,0,0,0,0,,,ERROR,,,,,24,24,0,0,0,10.7649,10.4778,72,92,98,0,0,0,0,0,OK,100,1,0,10,165.45,0,61,71,72,0,0,0,0,0,0,-1,0,-1,0,0,0,0,0,0,NO_DATA,0,OK,100,1,telemetry=OK; command=OK,OK,NO_DATA,OK,NO_DATA,-1,50,0,-1,0,0,0,0,0,0,0,0,0,0,0,0,0,0,0,0,0,0,0,0,0,0,0,OK,0,,0,log,2026-07-04T22:13:59.589,recording started | gui_csv=ON | state_recording=ON,CONNECTED,0,pitch,0,1,0,0,0,0,0,1,0,0,0,0,0,125,249,0,0,0,0,0,0,0,0,0,0,0,23,0,0,0,0,0,battery?,,ERROR,0,-1,-1
,gui,,CONTROL_PANEL,1,2,0,0,0,0,0,0,0,0,0,0,0,0,0,0,0,0,0,0,0,0,0,,,ERROR,,,,,24,24,0,0,0,10.7649,10.4778,72,92,98,0,0,0,0,0,OK,100,1,0,10,165.45,0,61,71,72,0,0,0,0,0,0,-1,0,-1,0,0,0,0,0,0,NO_DATA,0,OK,100,1,telemetry=OK; command=OK,OK,NO_DATA,OK,NO_DATA,-1,50,0,-1,0,0,0,0,0,0,0,0,0,0,0,0,0,0,0,0,0,0,0,0,0,0,0,OK,0,,0,logging:start,,,CONNECTED,0,pitch,0,1,0,0,0,0,0,1,0,0,0,0,0,125,249,0,0,0,0,0,0,0,0,0,0,0,23,0,0,0,0,0,battery?,,ERROR,0,-1,-1
,gui,,CONTROL_PANEL,833,3,0,0,0,0,0,0,0,0,0,0,0,0,0,0,0,0,0,0,0,0,0,,,ERROR,,,,,33,33,0,0,0,10.3943,10.5691,42,96,111,0,0,0,0,0,OK,100,1,0,10,165.55,0,61,70,73,0,0,0,0,0,0,-1,0,-1,0,0,0,0,0,0,NO_DATA,0,OK,100,1,telemetry=OK; command=OK,OK,NO_DATA,OK,NO_DATA,-1,50,0,-1,0,0,0,0,0,0,0,0,0,0,0,0,0,0,0,0,0,0,0,0,0,0,0,OK,0,,0,log,2026-07-04T22:14:00.415,panel switched to Operation,CONNECTED,0,pitch,9,1,0,0,0,0,0,1,0,0,0,0,0,124,250,0,0,0,0,0,0,0,0,0,0,0,31,0,0,0,0,0,battery?,,ERROR,0,-1,-1
,gui,,CONTROL_PANEL,2304,4,0,0,0,0,0,0,0,0,0,0,0,0,0,0,0,0,0,0,0,0,0,,,ERROR,,,,,49,49,0,0,0,10.396,10.498,23,96,111,0,0,0,0,0,OK,100,1,0,10,165.2,0,61,71,73,0,0,0,0,0,0,-1,0,-1,0,0,0,0,0,0,NO_DATA,0,OK,100,1,telemetry=OK; command=OK,OK,NO_DATA,OK,NO_DATA,-1,50,0,-1,0,0,0,0,0,0,0,0,0,0,0,0,0,0,0,0,0,0,0,0,0,0,0,OK,0,,0,log,2026-07-04T22:14:01.885,panel switched to Config,CONNECTED,0,pitch,16,1,0,0,0,0,0,1,0,0,0,0,0,125,249,0,0,0,0,0,0,0,0,0,0,0,47,0,0,0,0,0,battery?,,ERROR,0,-1,-1
,gui,,CONTROL_PANEL,11446,5,0,0,0,0,0,0,0,0,0,0,0,0,0,0,0,0,0,0,0,0,0,,,ERROR,,,,,145,145,0,0,0,10.3288,10.5224,74,96,144,0,0,0,0,0,OK,100,1,0,10,165.36,0,60,73,75,0,0,0,0,0,0,-1,0,-1,0,0,0,0,0,0,NO_DATA,0,OK,100,1,telemetry=OK; command=OK,OK,NO_DATA,OK,NO_DATA,-1,50,0,-1,0,0,0,0,0,0,0,0,0,0,0,0,0,0,0,0,0,0,0,0,0,0,0,OK,0,,0,log,2026-07-04T22:14:11.035,takeoff confirmed by user,CONNECTED,0,pitch,96,1,0,0,0,0,0,1,0,0,0,0,0,125,250,0,0,0,0,0,0,0,0,0,0,0,145,2,2,0,0,0,battery?,60,OK,47,3682,3682
,gui,,CONTROL_PANEL,11446,6,0,0,0,0,0,0,0,0,0,0,0,0,0,0,0,0,0,0,0,0,0,,,ERROR,,,,,145,145,0,0,0,10.3288,10.5224,74,96,144,0,0,0,0,0,OK,100,1,0,10,165.36,0,60,73,75,0,0,0,0,0,0,-1,0,-1,0,0,0,0,0,0,NO_DATA,0,OK,100,1,telemetry=OK; command=OK,OK,NO_DATA,OK,NO_DATA,-1,50,0,-1,0,0,0,0,0,0,0,0,0,0,0,0,0,0,0,0,0,0,0,0,0,0,0,OK,0,,0,critical-command:begin:takeoff,,,CONNECTED,0,pitch,0,1,0,0,0,0,0,1,0,1,0,0,0,125,250,0,0,0,0,0,0,0,0,0,0,0,145,2,2,0,0,0,battery?,60,OK,47,3682,3682
,gui,,CONTROL_PANEL,11448,7,0,0,0,0,0,0,0,0,0,0,0,0,0,0,0,0,0,0,0,0,0,,,ERROR,,,,,145,145,0,0,0,10.3288,10.5224,76,96,144,0,0,0,0,0,OK,100,1,0,10,165.36,0,60,73,75,0,0,0,0,0,0,-1,0,-1,0,0,0,0,0,0,NO_DATA,0,OK,100,1,telemetry=OK; command=OK,OK,NO_DATA,OK,NO_DATA,-1,50,0,-1,0,0,0,0,0,0,0,0,0,0,0,0,0,0,0,0,0,0,0,0,0,0,0,OK,0,,0,log,2026-07-04T22:14:11.035,sdk keepalive remains running; cooperative loop skips ticks while command channel is busy,CONNECTED,0,pitch,0,1,0,0,0,0,0,1,0,1,0,0,0,125,250,0,0,0,0,0,0,0,0,0,0,0,145,2,2,0,0,0,battery?,60,OK,47,3683,3683
,gui,,CONTROL_PANEL,11448,8,0,0,0,0,0,0,0,0,0,0,0,0,0,0,0,0,0,0,0,0,0,,,ERROR,,,,,145,145,0,0,0,10.3288,10.5224,76,96,144,0,0,0,0,0,OK,100,1,0,10,165.36,0,60,73,75,0,0,0,0,0,0,-1,0,-1,0,0,0,0,0,0,NO_DATA,0,OK,100,1,telemetry=OK; command=OK,OK,NO_DATA,OK,NO_DATA,-1,50,0,-1,0,0,0,0,0,0,0,0,0,0,0,0,0,0,0,0,0,0,0,0,0,0,0,OK,0,,0,log,2026-07-04T22:14:11.037,rc neutral preflight skipped (takeoff): RC stream was inactive and sliders were already zero,CONNECTED,0,pitch,0,1,0,0,0,0,0,1,0,1,0,0,0,125,250,0,0,0,0,0,0,0,0,0,0,0,145,2,2,0,0,0,battery?,60,OK,47,3684,3684
,gui,,CONTROL_PANEL,11448,9,0,0,0,0,0,0,0,0,0,0,0,0,0,0,0,0,0,0,0,0,0,,,ERROR,,,,,145,145,0,0,0,10.3288,10.5224,76,96,144,0,0,0,0,0,OK,100,1,0,10,165.36,0,60,73,75,0,0,0,0,0,0,-1,0,-1,0,0,0,0,0,0,NO_DATA,0,OK,100,1,telemetry=OK; command=OK,OK,NO_DATA,OK,NO_DATA,-1,50,0,-1,0,0,0,0,0,0,0,0,0,0,0,0,0,0,0,0,0,0,0,0,0,0,0,OK,0,,0,rc-neutral:skipped:takeoff,,,CONNECTED,0,pitch,0,1,0,0,0,0,0,1,0,1,0,0,0,125,250,0,0,0,0,0,0,0,0,0,0,0,145,2,2,0,0,0,battery?,60,OK,47,3684,3684
,gui,,CONTROL_PANEL,11449,10,0,0,0,0,0,0,0,0,0,0,0,0,0,0,0,0,0,0,0,0,0,,,ERROR,,,,,145,145,0,0,0,10.3288,10.5224,77,96,144,0,0,0,0,0,OK,100,1,0,10,165.36,0,60,73,75,0,0,0,0,0,0,-1,0,-1,0,0,0,0,0,0,NO_DATA,0,OK,100,1,telemetry=OK; command=OK,OK,NO_DATA,OK,NO_DATA,-1,50,0,-1,0,0,0,0,0,0,0,0,0,0,0,0,0,0,0,0,0,0,0,0,0,0,0,OK,0,,0,log,2026-07-04T22:14:11.037,takeoff queued on command worker,CONNECTED,0,pitch,0,1,0,0,0,0,0,1,0,1,0,0,0,125,250,0,0,0,0,0,0,0,0,0,0,0,145,2,2,0,0,0,battery?,60,OK,47,3685,3685
,gui,,CONTROL_PANEL,12155,11,0,0,0,0,0,0,0,0,0,0,0,0,0,0,0,0,0,0,0,0,0,,,ERROR,,,,,153,153,0,0,0,10.3884,10.4199,14,96,144,0,0,0,0,0,OK,100,1,0,10,165.37,-1,60,73,75,0,0,0,0,0,0,-1,0,-1,0,0,0,0,0,0,NO_DATA,0,OK,100,1,telemetry=OK; command=OK,OK,NO_DATA,OK,NO_DATA,-1,50,0,-1,0,0,0,0,0,0,0,0,0,0,0,0,0,0,0,0,0,0,0,0,0,0,0,OK,0,,0,log,2026-07-04T22:14:11.743,takeoff => TIMEOUT | state=CONNECTED,CONNECTED,0,pitch,8,1,0,0,0,0,0,1,0,1,0,0,705,124,249,0,0,0,0,0,0,0,0,0,0,0,150,2,2,0,0,0,battery?,60,OK,47,4391,4391
,gui,,CONTROL_PANEL,12155,12,1,0,1,705,705,705,705,1,0,1,705,0,705,0,705,0,705,705,0,1,0,takeoff,,TIMEOUT,manual,Timeout waiting for response,attempt=1|send=OK|raw=|result=TIMEOUT,executor_call=1|command=takeoff|result=TIMEOUT|response=|elapsed_ms=705|timing_total_ms=705|recv_wait_ms=705|attempt_log=[attempt=1|send=OK|raw=|result=TIMEOUT],153,153,0,0,0,10.3884,10.4199,14,96,144,0,0,0,0,0,OK,100,1,0,10,165.37,-1,60,73,75,0,0,0,0,0,0,-1,0,-1,0,0,0,0,0,0,NO_DATA,0,STALE,0,0,telemetry=OK; command=STALE,OK,NO_DATA,STALE,NO_DATA,-1,50,0,-1,0,0,0,0,0,0,0,0,0,0,0,0,0,0,0,0,0,0,0,0,0,0,0,OK,0,,0,command:manual,,,CONNECTED,0,pitch,0,1,0,0,0,0,0,1,0,1,0,0,705,124,249,0,0,0,0,0,0,0,0,0,0,0,150,2,2,0,0,0,battery?,60,OK,47,4391,4391
,gui,,CONTROL_PANEL,12155,13,1,0,1,705,705,705,705,1,0,1,705,0,705,0,705,0,705,705,0,1,0,takeoff,,TIMEOUT,manual,Timeout waiting for response,attempt=1|send=OK|raw=|result=TIMEOUT,executor_call=1|command=takeoff|result=TIMEOUT|response=|elapsed_ms=705|timing_total_ms=705|recv_wait_ms=705|attempt_log=[attempt=1|send=OK|raw=|result=TIMEOUT],153,153,0,0,0,10.3884,10.4199,15,96,144,0,0,0,0,0,OK,100,1,0,10,165.37,-1,60,73,75,0,0,0,0,0,0,-1,0,-1,0,0,0,0,0,0,NO_DATA,0,STALE,0,0,telemetry=OK; command=STALE,OK,NO_DATA,STALE,NO_DATA,-1,50,0,-1,0,0,0,0,0,0,0,0,0,0,0,0,0,0,0,0,0,0,0,0,0,0,0,OK,0,,0,critical-command:end:takeoff,,,CONNECTED,0,pitch,0,1,0,0,0,0,0,1,0,1,0,0,705,124,249,0,0,0,0,0,0,0,0,0,0,0,150,2,2,0,0,0,battery?,60,OK,47,4391,4391
,gui,,CONTROL_PANEL,12417,14,1,0,1,705,705,705,705,1,0,1,705,0,705,0,705,0,705,705,0,1,0,takeoff,,TIMEOUT,manual,Timeout waiting for response,attempt=1|send=OK|raw=|result=TIMEOUT,executor_call=1|command=takeoff|result=TIMEOUT|response=|elapsed_ms=705|timing_total_ms=705|recv_wait_ms=705|attempt_log=[attempt=1|send=OK|raw=|result=TIMEOUT],155,155,0,0,0,10.3846,10.4097,84,96,144,0,0,0,0,0,OK,100,1,10,22,165.47,-6,60,73,75,0,0,0,0,0,0,-1,0,-1,0,0,0,0,0,0,NO_DATA,0,STALE,0,0,telemetry=OK; command=STALE,OK,NO_DATA,STALE,NO_DATA,-1,50,0,-1,0,0,0,0,0,0,0,0,0,0,0,0,0,0,0,0,0,0,0,0,0,0,0,OK,0,,0,log,2026-07-04T22:14:12.000,panel switched to Operation,CONNECTED,0,pitch,2,1,0,0,0,0,0,1,0,0,0,0,0,124,250,0,0,0,0,0,0,0,0,0,0,0,153,2,2,0,0,0,battery?,60,OK,47,4653,4653
,gui,,CONTROL_PANEL,14083,15,1,0,1,705,705,705,705,1,0,1,705,0,705,0,705,0,705,705,0,1,0,takeoff,,TIMEOUT,manual,Timeout waiting for response,attempt=1|send=OK|raw=|result=TIMEOUT,executor_call=1|command=takeoff|result=TIMEOUT|response=|elapsed_ms=705|timing_total_ms=705|recv_wait_ms=705|attempt_log=[attempt=1|send=OK|raw=|result=TIMEOUT],173,173,0,0,0,20.782,12.484,68,48,144,0,0,0,0,0,OK,100,1,60,73,166.11,0,59,73,76,0,0,0,0,0,0,-1,0,-1,0,0,0,0,0,0,NO_DATA,0,STALE,0,0,telemetry=OK; command=STALE; rc=NO_DATA,OK,NO_DATA,STALE,NO_DATA,-1,50,0,-1,0,0,0,0,0,0,0,0,0,0,0,0,0,0,0,0,0,0,0,0,0,0,0,OK,0,,0,log,2026-07-04T22:14:13.671,sdk keepalive paused while keyboard RC worker is active,CONNECTED,0,pitch,18,1,1,0,0,0,0,0,0,0,0,0,0,124,250,0,0,0,0,0,0,0,0,0,0,0,171,3,3,0,0,0,battery?,60,OK,49,1269,1269
,gui,,CONTROL_PANEL,14084,16,1,0,1,705,705,705,705,1,0,1,705,0,705,0,705,0,705,705,0,1,0,takeoff,,TIMEOUT,manual,Timeout waiting for response,attempt=1|send=OK|raw=|result=TIMEOUT,executor_call=1|command=takeoff|result=TIMEOUT|response=|elapsed_ms=705|timing_total_ms=705|recv_wait_ms=705|attempt_log=[attempt=1|send=OK|raw=|result=TIMEOUT],173,173,0,0,0,20.782,12.484,69,48,144,0,0,0,0,0,OK,100,1,60,73,166.11,0,59,73,76,0,0,0,0,0,0,-1,0,-1,0,0,0,0,0,0,NO_DATA,0,STALE,0,0,telemetry=OK; command=STALE; rc=NO_DATA,OK,NO_DATA,STALE,NO_DATA,-1,50,0,-1,0,0,0,0,0,0,0,0,0,0,0,0,0,0,0,0,0,0,0,0,0,0,0,OK,0,,0,log,2026-07-04T22:14:13.672,keyboard control ON: KeyboardTest,CONNECTED,0,pitch,0,1,1,0,0,0,0,0,0,0,0,0,0,124,250,0,0,0,0,0,0,0,0,0,0,0,171,3,3,0,0,0,battery?,60,OK,49,1270,1270
,gui,,CONTROL_PANEL,14084,17,1,0,1,705,705,705,705,1,0,1,705,0,705,0,705,0,705,705,0,1,0,takeoff,,TIMEOUT,manual,Timeout waiting for response,attempt=1|send=OK|raw=|result=TIMEOUT,executor_call=1|command=takeoff|result=TIMEOUT|response=|elapsed_ms=705|timing_total_ms=705|recv_wait_ms=705|attempt_log=[attempt=1|send=OK|raw=|result=TIMEOUT],173,173,0,0,0,20.782,12.484,69,48,144,0,0,0,0,0,OK,100,1,60,73,166.11,0,59,73,76,0,0,0,0,0,0,-1,0,-1,0,0,0,0,0,0,NO_DATA,0,STALE,0,0,telemetry=OK; command=STALE; rc=NO_DATA,OK,NO_DATA,STALE,NO_DATA,-1,50,0,-1,0,0,0,0,0,0,0,0,0,0,0,0,0,0,0,0,0,0,0,0,0,0,0,OK,0,,0,keyboard-control:on:KeyboardTest,,,CONNECTED,0,pitch,0,1,1,0,0,0,0,0,0,0,0,0,0,124,250,0,0,0,0,0,0,0,0,0,0,0,171,3,3,0,0,0,battery?,60,OK,49,1270,1270
,gui,,CONTROL_PANEL,22270,18,1,0,1,705,705,705,705,1,0,1,705,0,705,0,705,0,705,705,0,1,0,takeoff,,TIMEOUT,manual,Timeout waiting for response,attempt=1|send=OK|raw=|result=TIMEOUT,executor_call=1|command=takeoff|result=TIMEOUT|response=|elapsed_ms=705|timing_total_ms=705|recv_wait_ms=705|attempt_log=[attempt=1|send=OK|raw=|result=TIMEOUT],260,260,0,0,0,10.482,10.5365,1,95,144,0,0,0,0,0,OK,100,1,70,82,166.34,0,59,74,77,0,0,0,0,0,0,-1,0,-1,0,0,0,0,0,0,NO_DATA,0,STALE,0,0,telemetry=OK; command=STALE; rc=OK,OK,NO_DATA,STALE,OK,50,50,0,-1,0,0,0,0,0,0,0,0,0,0,0,0,0,0,0,0,0,0,0,0,0,0,0,OK,0,,0,log,2026-07-04T22:14:21.858,streamon (vision) queued on command worker,CONNECTED,0,pitch,87,1,1,0,0,0,0,0,0,0,0,0,0,124,250,0,0,0,0,0,0,0,0,0,0,0,259,3,3,0,0,0,battery?,60,OK,49,9456,9456
,gui,,CONTROL_PANEL,22271,19,1,0,1,705,705,705,705,1,0,1,705,0,705,0,705,0,705,705,0,1,0,takeoff,,TIMEOUT,manual,Timeout waiting for response,attempt=1|send=OK|raw=|result=TIMEOUT,executor_call=1|command=takeoff|result=TIMEOUT|response=|elapsed_ms=705|timing_total_ms=705|recv_wait_ms=705|attempt_log=[attempt=1|send=OK|raw=|result=TIMEOUT],260,260,0,0,0,10.482,10.5365,2,95,144,0,0,0,0,0,OK,100,1,70,82,166.34,0,59,74,77,0,0,0,0,0,0,-1,0,-1,0,0,0,0,0,0,NO_DATA,0,STALE,0,0,telemetry=OK; command=STALE; rc=OK,OK,NO_DATA,STALE,OK,50,50,0,-1,0,0,0,0,0,0,0,0,0,0,0,0,0,0,0,0,0,0,0,0,0,0,0,OK,0,,0,log,2026-07-04T22:14:21.859,"streamon (vision) => OK | response=""ok"" | state=CONNECTED",CONNECTED,0,pitch,0,1,1,0,0,0,0,0,0,0,0,0,0,124,250,0,0,0,0,0,0,0,0,0,0,0,259,3,3,0,0,0,battery?,60,OK,49,9457,9457
,gui,,CONTROL_PANEL,22271,20,2,1,1,352.5,0,705,0,1,0,0,0,0,0,0,0,0,0,0,0,1,0,streamon,ok,OK,vision,,attempt=1|send=OK|raw=ok|parsed=OK,executor_call=1|command=streamon|result=OK|response=ok|elapsed_ms=0|timing_total_ms=0|recv_wait_ms=0|attempt_log=[attempt=1|send=OK|raw=ok|parsed=OK],260,260,0,0,0,10.482,10.5365,2,95,144,0,0,0,0,0,OK,100,1,70,82,166.34,0,59,74,77,0,0,0,0,0,0,-1,0,-1,0,0,0,0,0,0,NO_DATA,0,OK,100,1,telemetry=OK; command=OK; rc=OK,OK,NO_DATA,OK,OK,50,50,0,-1,0,0,0,0,0,0,0,0,0,0,0,0,0,0,0,0,0,0,0,0,0,0,0,OK,0,,0,command:vision,,,CONNECTED,0,pitch,0,1,1,0,0,0,0,0,0,0,0,0,0,124,250,0,0,0,0,0,0,0,0,0,0,0,259,3,3,0,0,0,battery?,60,OK,49,9457,9457
,gui,,CONTROL_PANEL,22272,21,2,1,1,352.5,0,705,0,1,0,0,0,0,0,0,0,0,0,0,0,1,0,streamon,ok,OK,vision,,attempt=1|send=OK|raw=ok|parsed=OK,executor_call=1|command=streamon|result=OK|response=ok|elapsed_ms=0|timing_total_ms=0|recv_wait_ms=0|attempt_log=[attempt=1|send=OK|raw=ok|parsed=OK],260,260,0,0,0,10.482,10.5365,3,95,144,0,0,0,0,0,OK,100,1,70,82,166.34,0,59,74,77,0,0,0,0,0,0,-1,0,-1,0,0,0,0,0,0,NO_DATA,0,OK,100,1,telemetry=OK; command=OK; rc=OK,OK,NO_DATA,OK,OK,50,50,0,-1,0,0,0,0,0,0,0,0,0,0,0,0,0,0,0,0,0,0,0,0,0,0,0,OK,0,,0,log,2026-07-04T22:14:21.860,vision pipeline started (FFmpeg stream backend),CONNECTED,0,pitch,0,1,1,0,0,0,0,0,0,0,0,0,0,124,250,0,0,0,0,0,0,0,0,0,0,0,259,3,3,0,0,0,battery?,60,OK,49,9458,9458
,gui,,CONTROL_PANEL,22273,22,2,1,1,352.5,0,705,0,1,0,0,0,0,0,0,0,0,0,0,0,1,0,streamon,ok,OK,vision,,attempt=1|send=OK|raw=ok|parsed=OK,executor_call=1|command=streamon|result=OK|response=ok|elapsed_ms=0|timing_total_ms=0|recv_wait_ms=0|attempt_log=[attempt=1|send=OK|raw=ok|parsed=OK],260,260,0,0,0,10.482,10.5365,4,95,144,0,0,0,0,0,OK,100,1,70,82,166.34,0,59,74,77,0,0,0,0,0,0,-1,0,-1,0,0,0,0,0,0,NO_DATA,0,OK,100,1,telemetry=OK; command=OK; rc=OK,OK,NO_DATA,OK,OK,50,50,0,-1,0,0,0,0,0,0,0,0,0,0,0,0,0,0,0,0,0,0,0,0,0,1,0,OK,0,,0,vision:ffmpeg_stream,,,CONNECTED,0,pitch,0,1,1,0,0,0,0,0,0,0,0,0,0,124,250,0,0,0,0,0,0,0,0,0,0,0,259,3,3,0,0,0,battery?,60,OK,49,9459,9459
,gui,,CONTROL_PANEL,23273,23,2,1,1,352.5,0,705,0,1,0,0,0,0,0,0,0,0,0,0,0,1,0,streamon,ok,OK,vision,,attempt=1|send=OK|raw=ok|parsed=OK,executor_call=1|command=streamon|result=OK|response=ok|elapsed_ms=0|timing_total_ms=0|recv_wait_ms=0|attempt_log=[attempt=1|send=OK|raw=ok|parsed=OK],270,270,0,0,0,9.63996,11.4519,18,103,146,0,0,0,0,0,OK,100,1,80,85,166.55,0,59,74,77,25,358428,0,0,0,88.6446,7,25,-1,0,0,0,0,0,0,OK,100,OK,100,1,telemetry=OK; video=OK; command=OK; rc=OK,OK,OK,OK,OK,50,50,0,-1,0,25,358428,18,0,0,0,0,0,0,0,0,0,0,18,7,88.6446,960,720,0,0,1,0,OK,0,,0,vision:ffmpeg_stream,,,CONNECTED,0,pitch,10,1,1,0,0,0,0,0,0,0,0,0,0,125,249,1,0,0,1,0,0,0,0,3,15,2,269,3,3,0,0,0,battery?,60,OK,49,10459,10459
,gui,,CONTROL_PANEL,24273,24,2,1,1,352.5,0,705,0,1,0,0,0,0,0,0,0,0,0,0,0,1,0,streamon,ok,OK,vision,,attempt=1|send=OK|raw=ok|parsed=OK,executor_call=1|command=streamon|result=OK|response=ok|elapsed_ms=0|timing_total_ms=0|recv_wait_ms=0|attempt_log=[attempt=1|send=OK|raw=ok|parsed=OK],280,280,0,0,0,12.7101,11.6378,80,78,146,0,0,0,0,0,OK,100,1,70,82,166.16,0,59,74,77,60,793018,0,0,0,33.2799,1,35,-1,0,0,0,0,0,0,OK,100,OK,100,1,telemetry=OK; video=OK; command=OK; rc=OK,OK,OK,OK,OK,50,50,0,-1,0,60,793018,53,0,0,0,0,0,0,0,0,0,0,53,7,33.2799,960,720,0,0,1,0,OK,0,,0,vision:ffmpeg_stream,,,CONNECTED,0,pitch,10,1,1,0,0,0,0,0,0,0,0,0,0,124,250,0,0,0,0,0,0,0,0,12,41,10,279,3,3,0,0,0,battery?,60,OK,49,11459,11459
,gui,,CONTROL_PANEL,24954,25,2,1,1,352.5,0,705,0,1,0,0,0,0,0,0,0,0,0,0,0,1,0,streamon,ok,OK,vision,,attempt=1|send=OK|raw=ok|parsed=OK,executor_call=1|command=streamon|result=OK|response=ok|elapsed_ms=0|timing_total_ms=0|recv_wait_ms=0|attempt_log=[attempt=1|send=OK|raw=ok|parsed=OK],288,288,0,0,0,10.7084,11.3892,3,93,146,0,0,0,0,0,OK,100,1,70,78,166.39,0,59,74,77,80,1041580,0,0,0,29.0425,7,35,-1,0,0,0,0,0,0,OK,100,OK,100,1,telemetry=OK; video=OK; command=OK,OK,OK,OK,NO_DATA,50,50,0,-1,0,60,793018,53,0,0,0,0,0,0,0,0,0,0,53,7,33.2799,960,720,0,0,1,0,OK,0,,0,log,2026-07-04T22:14:24.541,sdk keepalive restart after keyboard RC => OK,CONNECTED,0,pitch,8,1,0,0,0,0,0,1,0,0,0,0,0,124,280,2,0,0,1,0,0,0,0,18,55,16,288,0,0,0,0,0,battery?,,ERROR,0,-1,-1
,gui,,CONTROL_PANEL,24955,26,2,1,1,352.5,0,705,0,1,0,0,0,0,0,0,0,0,0,0,0,1,0,streamon,ok,OK,vision,,attempt=1|send=OK|raw=ok|parsed=OK,executor_call=1|command=streamon|result=OK|response=ok|elapsed_ms=0|timing_total_ms=0|recv_wait_ms=0|attempt_log=[attempt=1|send=OK|raw=ok|parsed=OK],288,288,0,0,0,10.7084,11.3892,5,93,146,0,0,0,0,0,OK,100,1,70,78,166.39,0,59,74,77,80,1041580,0,0,0,29.0425,9,35,-1,0,0,0,0,0,0,OK,100,OK,100,1,telemetry=OK; video=OK; command=OK,OK,OK,OK,NO_DATA,50,50,0,-1,0,60,793018,53,0,0,0,0,0,0,0,0,0,0,53,7,33.2799,960,720,0,0,1,0,OK,0,,0,log,2026-07-04T22:14:24.543,keyboard control OFF,CONNECTED,0,pitch,0,1,0,0,0,0,0,1,0,0,0,0,0,124,280,2,0,0,1,0,0,0,0,18,55,16,288,0,0,0,0,0,battery?,,ERROR,0,-1,-1
,gui,,CONTROL_PANEL,24955,27,2,1,1,352.5,0,705,0,1,0,0,0,0,0,0,0,0,0,0,0,1,0,streamon,ok,OK,vision,,attempt=1|send=OK|raw=ok|parsed=OK,executor_call=1|command=streamon|result=OK|response=ok|elapsed_ms=0|timing_total_ms=0|recv_wait_ms=0|attempt_log=[attempt=1|send=OK|raw=ok|parsed=OK],288,288,0,0,0,10.7084,11.3892,5,93,146,0,0,0,0,0,OK,100,1,70,78,166.39,0,59,74,77,80,1041580,0,0,0,29.0425,9,35,-1,0,0,0,0,0,0,OK,100,OK,100,1,telemetry=OK; video=OK; command=OK,OK,OK,OK,NO_DATA,50,50,0,-1,0,60,793018,53,0,0,0,0,0,0,0,0,0,0,53,7,33.2799,960,720,0,0,1,0,OK,0,,0,keyboard-control:off,,,CONNECTED,0,pitch,0,1,0,0,0,0,0,1,0,0,0,0,0,124,280,2,0,0,1,0,0,0,0,18,55,16,288,0,0,0,0,0,battery?,,ERROR,0,-1,-1
,gui,,CONTROL_PANEL,25398,28,2,1,1,352.5,0,705,0,1,0,0,0,0,0,0,0,0,0,0,0,1,0,streamon,ok,OK,vision,,attempt=1|send=OK|raw=ok|parsed=OK,executor_call=1|command=streamon|result=OK|response=ok|elapsed_ms=0|timing_total_ms=0|recv_wait_ms=0|attempt_log=[attempt=1|send=OK|raw=ok|parsed=OK],292,292,0,0,0,11.9486,11.3302,86,83,146,0,0,0,0,0,OK,100,1,70,77,166.21,0,59,74,76,96,1241326,0,0,0,35.5827,14,36,-1,0,0,0,0,0,0,OK,100,OK,100,1,telemetry=OK; video=OK; command=OK,OK,OK,OK,NO_DATA,50,50,0,-1,0,96,1241326,89,0,0,0,0,0,0,0,0,0,0,89,7,35.5827,960,720,0,0,1,0,OK,0,,0,vision:ffmpeg_stream,,,CONNECTED,0,pitch,4,1,0,0,0,0,0,1,0,0,0,0,0,125,219,1,0,0,0,0,0,0,0,21,68,19,290,0,0,0,0,0,battery?,,ERROR,0,-1,-1
,gui,,CONTROL_PANEL,25473,29,2,1,1,352.5,0,705,0,1,0,0,0,0,0,0,0,0,0,0,0,1,0,streamon,ok,OK,vision,,attempt=1|send=OK|raw=ok|parsed=OK,executor_call=1|command=streamon|result=OK|response=ok|elapsed_ms=0|timing_total_ms=0|recv_wait_ms=0|attempt_log=[attempt=1|send=OK|raw=ok|parsed=OK],293,293,0,0,0,9.47765,10.9597,55,105,146,0,0,0,0,0,OK,100,1,70,77,166.4,0,59,74,76,98,1259016,0,0,0,34.9334,30,36,-1,0,0,0,0,0,0,OK,100,OK,100,1,telemetry=OK; video=OK; command=OK; rc=OK,OK,OK,OK,OK,50,50,0,-1,0,96,1241326,89,0,0,0,0,0,0,0,0,0,0,89,7,35.5827,960,720,0,0,1,0,OK,0,,0,log,2026-07-04T22:14:25.061,sdk keepalive paused while keyboard RC worker is active,CONNECTED,0,pitch,1,1,1,0,0,0,0,0,0,0,0,0,0,125,250,1,0,0,0,0,0,0,0,22,69,20,293,0,0,0,0,0,battery?,,ERROR,0,-1,-1
,gui,,CONTROL_PANEL,25474,30,2,1,1,352.5,0,705,0,1,0,0,0,0,0,0,0,0,0,0,0,1,0,streamon,ok,OK,vision,,attempt=1|send=OK|raw=ok|parsed=OK,executor_call=1|command=streamon|result=OK|response=ok|elapsed_ms=0|timing_total_ms=0|recv_wait_ms=0|attempt_log=[attempt=1|send=OK|raw=ok|parsed=OK],293,293,0,0,0,9.47765,10.9597,57,105,146,0,0,0,0,0,OK,100,1,70,77,166.4,0,59,74,76,99,1268547,0,0,0,34.9334,32,36,-1,0,0,0,0,0,0,OK,100,STALE,0,0,telemetry=OK; video=OK; command=OK; rc=STALE,OK,OK,OK,STALE,522,50,0,-1,0,96,1241326,89,0,0,0,0,0,0,0,0,0,0,89,7,35.5827,960,720,0,0,1,0,OK,0,,0,log,2026-07-04T22:14:25.062,keyboard control ON: KeyboardTest,CONNECTED,0,pitch,0,1,1,0,0,0,0,0,0,0,0,0,0,125,250,1,0,0,0,0,0,0,0,22,69,20,293,0,0,0,0,0,battery?,,ERROR,0,-1,-1
,gui,,CONTROL_PANEL,25474,31,2,1,1,352.5,0,705,0,1,0,0,0,0,0,0,0,0,0,0,0,1,0,streamon,ok,OK,vision,,attempt=1|send=OK|raw=ok|parsed=OK,executor_call=1|command=streamon|result=OK|response=ok|elapsed_ms=0|timing_total_ms=0|recv_wait_ms=0|attempt_log=[attempt=1|send=OK|raw=ok|parsed=OK],293,293,0,0,0,9.47765,10.9597,57,105,146,0,0,0,0,0,OK,100,1,70,77,166.4,0,59,74,76,99,1268547,0,0,0,34.9334,32,36,-1,0,0,0,0,0,0,OK,100,STALE,0,0,telemetry=OK; video=OK; command=OK; rc=STALE,OK,OK,OK,STALE,522,50,0,-1,0,96,1241326,89,0,0,0,0,0,0,0,0,0,0,89,7,35.5827,960,720,0,0,1,0,OK,0,,0,keyboard-control:on:KeyboardTest,,,CONNECTED,0,pitch,0,1,1,0,0,0,0,0,0,0,0,0,0,125,250,1,0,0,0,0,0,0,0,22,69,20,293,0,0,0,0,0,battery?,,ERROR,0,-1,-1
,gui,,CONTROL_PANEL,26398,32,2,1,1,352.5,0,705,0,1,0,0,0,0,0,0,0,0,0,0,0,1,0,streamon,ok,OK,vision,,attempt=1|send=OK|raw=ok|parsed=OK,executor_call=1|command=streamon|result=OK|response=ok|elapsed_ms=0|timing_total_ms=0|recv_wait_ms=0|attempt_log=[attempt=1|send=OK|raw=ok|parsed=OK],303,303,0,0,0,12.1693,10.9898,28,82,146,0,0,0,0,0,OK,100,1,70,78,166.03,0,59,75,77,128,1633998,0,0,0,34.1063,13,32,-1,0,0,0,0,0,0,OK,100,OK,100,1,telemetry=OK; video=OK; command=OK; rc=OK,OK,OK,OK,OK,50,50,0,-1,0,128,1633998,121,0,0,0,0,0,0,0,0,0,0,121,7,34.1063,960,720,0,0,1,0,OK,0,,0,vision:ffmpeg_stream,,,CONNECTED,0,pitch,10,1,1,0,0,0,0,0,0,0,0,0,0,125,249,1,0,0,0,0,0,0,0,30,91,27,300,0,0,0,0,0,battery?,,ERROR,0,-1,-1
,gui,,CONTROL_PANEL,27523,33,2,1,1,352.5,0,705,0,1,0,0,0,0,0,0,0,0,0,0,0,1,0,streamon,ok,OK,vision,,attempt=1|send=OK|raw=ok|parsed=OK,executor_call=1|command=streamon|result=OK|response=ok|elapsed_ms=0|timing_total_ms=0|recv_wait_ms=0|attempt_log=[attempt=1|send=OK|raw=ok|parsed=OK],314,314,0,0,0,8.82486,10.5665,127,113,146,0,0,0,0,0,OK,100,1,70,82,166.23,0,58,74,77,160,2030461,0,0,0,30.3958,116,32,-1,0,0,0,0,0,0,OK,100,OK,100,1,telemetry=OK; video=OK; command=OK; rc=OK,OK,OK,OK,OK,50,50,0,47,0,160,2030461,153,0,0,0,0,0,0,0,0,0,0,153,7,30.3958,960,720,0,0,1,0,OK,0,,0,vision:ffmpeg_stream,,,CONNECTED,0,pitch,11,1,1,0,0,25,0,0,0,0,0,0,0,125,249,0,0,0,0,0,0,0,0,38,115,36,300,0,0,0,0,0,battery?,,ERROR,0,-1,-1
,gui,,CONTROL_PANEL,28648,34,2,1,1,352.5,0,705,0,1,0,0,0,0,0,0,0,0,0,0,0,1,0,streamon,ok,OK,vision,,attempt=1|send=OK|raw=ok|parsed=OK,executor_call=1|command=streamon|result=OK|response=ok|elapsed_ms=0|timing_total_ms=0|recv_wait_ms=0|attempt_log=[attempt=1|send=OK|raw=ok|parsed=OK],323,323,0,0,0,11.5019,81.5232,349,86,362,362,315,1,0,0,DEGRADED,60,1,80,90,166.27,-1,58,74,77,174,2203141,0,0,0,29.271,251,14,-1,0,0,0,0,0,0,DEGRADED,60,DEGRADED,60,1,telemetry=DEGRADED; video=DEGRADED; command=OK; rc=OK,DEGRADED,DEGRADED,OK,OK,50,50,0,19,0,174,2203141,167,0,0,0,0,0,0,0,0,0,0,167,7,29.271,960,720,0,0,1,0,OK,0,,0,vision:ffmpeg_stream,,,CONNECTED,0,pitch,9,1,1,0,0,25,0,0,0,0,0,0,0,124,249,0,0,0,0,0,0,0,0,43,124,41,300,0,0,0,0,0,battery?,,ERROR,0,-1,-1
,gui,,CONTROL_PANEL,29773,35,2,1,1,352.5,0,705,0,1,0,0,0,0,0,0,0,0,0,0,0,1,0,streamon,ok,OK,vision,,attempt=1|send=OK|raw=ok|parsed=OK,executor_call=1|command=streamon|result=OK|response=ok|elapsed_ms=0|timing_total_ms=0|recv_wait_ms=0|attempt_log=[attempt=1|send=OK|raw=ok|parsed=OK],338,338,0,0,0,8.25938,74.0807,9,121,568,568,324,2,1,0,OK,100,1,90,102,166.32,-1,57,74,77,195,2402551,0,0,0,35.9819,20,21,-1,0,0,0,0,0,0,OK,100,OK,100,1,telemetry=OK; video=OK; command=OK; rc=OK,OK,OK,OK,OK,50,50,0,42,0,195,2402551,188,0,0,0,0,0,0,0,0,0,0,188,7,35.9819,960,720,0,0,1,0,OK,0,,0,vision:ffmpeg_stream,,,CONNECTED,0,pitch,15,1,1,0,0,25,0,0,0,0,0,0,0,125,249,0,0,0,0,0,0,0,0,50,138,46,300,0,0,0,0,0,battery?,,ERROR,0,-1,-1
,gui,,CONTROL_PANEL,30773,36,2,1,1,352.5,0,705,0,1,0,0,0,0,0,0,0,0,0,0,0,1,0,streamon,ok,OK,vision,,attempt=1|send=OK|raw=ok|parsed=OK,executor_call=1|command=streamon|result=OK|response=ok|elapsed_ms=0|timing_total_ms=0|recv_wait_ms=0|attempt_log=[attempt=1|send=OK|raw=ok|parsed=OK],349,349,0,0,0,10.7145,17.1846,50,93,568,568,324,2,1,0,OK,100,1,110,115,166.66,-1,57,74,77,240,2799784,0,0,0,33.2945,28,45,-1,0,0,0,0,0,0,OK,100,OK,100,1,telemetry=OK; video=OK; command=OK; rc=OK,OK,OK,OK,OK,50,50,0,40,0,240,2799784,233,0,0,0,0,0,0,0,0,0,0,233,7,33.2945,960,720,0,0,1,0,OK,0,,0,vision:ffmpeg_stream,,,CONNECTED,0,pitch,11,1,1,0,0,25,0,0,0,0,0,0,0,125,250,0,0,0,0,0,0,0,0,59,174,54,300,0,0,0,0,0,battery?,,ERROR,0,-1,-1
,gui,,CONTROL_PANEL,31897,37,2,1,1,352.5,0,705,0,1,0,0,0,0,0,0,0,0,0,0,0,1,0,streamon,ok,OK,vision,,attempt=1|send=OK|raw=ok|parsed=OK,executor_call=1|command=streamon|result=OK|response=ok|elapsed_ms=0|timing_total_ms=0|recv_wait_ms=0|attempt_log=[attempt=1|send=OK|raw=ok|parsed=OK],361,361,0,0,0,10.3655,10.8495,21,96,568,568,324,2,1,0,OK,100,1,120,128,166.77,0,56,75,77,276,3099726,0,0,0,32.2159,23,36,-1,0,0,0,0,0,0,OK,100,OK,100,1,telemetry=OK; video=OK; command=OK; rc=OK,OK,OK,OK,OK,50,50,0,13,0,276,3099726,269,0,0,0,0,0,0,0,0,0,0,269,7,32.2159,960,720,0,0,1,0,OK,0,,0,vision:ffmpeg_stream,,,CONNECTED,0,pitch,12,1,1,0,0,-25,0,0,0,0,0,0,0,124,249,1,0,0,1,0,0,0,0,68,201,63,300,0,0,0,0,0,battery?,,ERROR,0,-1,-1
,gui,,CONTROL_PANEL,32898,38,2,1,1,352.5,0,705,0,1,0,0,0,0,0,0,0,0,0,0,0,1,0,streamon,ok,OK,vision,,attempt=1|send=OK|raw=ok|parsed=OK,executor_call=1|command=streamon|result=OK|response=ok|elapsed_ms=0|timing_total_ms=0|recv_wait_ms=0|attempt_log=[attempt=1|send=OK|raw=ok|parsed=OK],372,372,0,0,0,10.9325,10.7443,9,91,568,568,324,2,1,0,OK,100,1,110,115,166.51,1,55,75,77,308,3365017,0,0,0,34.7191,17,32,-1,0,0,0,0,0,0,OK,100,OK,100,1,telemetry=OK; video=OK; command=OK; rc=OK,OK,OK,OK,OK,50,50,0,11,0,308,3365017,301,0,0,0,0,0,0,0,0,0,0,301,7,34.7191,960,720,0,0,1,0,OK,0,,0,vision:ffmpeg_stream,,,CONNECTED,0,pitch,11,1,1,0,0,-25,0,0,0,0,0,0,0,124,250,2,0,0,1,0,0,0,0,76,225,71,300,0,0,0,0,0,battery?,,ERROR,0,-1,-1
,gui,,CONTROL_PANEL,34022,39,2,1,1,352.5,0,705,0,1,0,0,0,0,0,0,0,0,0,0,0,1,0,streamon,ok,OK,vision,,attempt=1|send=OK|raw=ok|parsed=OK,executor_call=1|command=streamon|result=OK|response=ok|elapsed_ms=0|timing_total_ms=0|recv_wait_ms=0|attempt_log=[attempt=1|send=OK|raw=ok|parsed=OK],382,382,0,0,0,66.8538,20.9565,151,14,568,568,324,2,1,0,OK,100,1,90,100,166.48,1,55,75,77,341,3635689,0,0,0,45.5403,15,33,-1,0,0,0,0,0,0,OK,100,OK,100,1,telemetry=OK; video=OK; command=OK; rc=OK,OK,OK,OK,OK,50,50,0,34,0,341,3635689,334,0,0,0,0,0,0,0,0,0,0,334,7,45.5403,960,720,0,0,1,0,OK,0,,0,vision:ffmpeg_stream,,,CONNECTED,0,pitch,10,1,1,0,0,-25,0,0,0,0,0,0,0,124,250,1,0,0,1,0,0,0,0,85,249,80,300,0,0,0,0,0,battery?,,ERROR,0,-1,-1
,gui,,CONTROL_PANEL,35023,40,2,1,1,352.5,0,705,0,1,0,0,0,0,0,0,0,0,0,0,0,1,0,streamon,ok,OK,vision,,attempt=1|send=OK|raw=ok|parsed=OK,executor_call=1|command=streamon|result=OK|response=ok|elapsed_ms=0|timing_total_ms=0|recv_wait_ms=0|attempt_log=[attempt=1|send=OK|raw=ok|parsed=OK],394,394,0,0,0,12.1277,124.494,21,82,568,360,386,3,1,0,OK,100,1,80,88,166.22,1,54,75,78,376,3884871,0,0,0,127.451,12,35,-1,0,0,0,0,0,0,OK,100,OK,100,1,telemetry=OK; video=OK; command=OK; rc=OK,OK,OK,OK,OK,51,50,0,32,0,376,3884871,369,0,0,0,0,0,0,0,0,0,0,369,7,127.451,960,720,0,0,1,0,OK,0,,0,vision:ffmpeg_stream,,,CONNECTED,0,pitch,12,1,1,0,0,-25,0,0,0,0,0,0,0,125,250,2,0,0,1,0,0,0,0,92,277,86,300,0,0,0,0,0,battery?,,ERROR,0,-1,-1
,gui,,CONTROL_PANEL,36148,41,2,1,1,352.5,0,705,0,1,0,0,0,0,0,0,0,0,0,0,0,1,0,streamon,ok,OK,vision,,attempt=1|send=OK|raw=ok|parsed=OK,executor_call=1|command=streamon|result=OK|response=ok|elapsed_ms=0|timing_total_ms=0|recv_wait_ms=0|attempt_log=[attempt=1|send=OK|raw=ok|parsed=OK],406,406,0,0,0,10.4132,19.0195,40,96,568,360,386,3,1,0,OK,100,1,70,79,166.49,0,54,75,77,412,4110084,0,0,0,32.6393,5,36,-1,0,0,0,0,0,0,OK,100,OK,100,1,telemetry=OK; video=OK; command=OK; rc=OK,OK,OK,OK,OK,51,50,0,5,0,412,4110084,405,0,0,0,0,0,0,0,0,0,0,405,7,32.6393,960,720,0,0,1,0,OK,0,,0,vision:ffmpeg_stream,,,CONNECTED,0,pitch,12,1,1,0,0,25,0,0,0,0,0,0,0,124,249,1,0,0,0,0,0,0,0,101,304,95,300,0,0,0,0,0,battery?,,ERROR,0,-1,-1
,gui,,CONTROL_PANEL,37148,42,2,1,1,352.5,0,705,0,1,0,0,0,0,0,0,0,0,0,0,0,1,0,streamon,ok,OK,vision,,attempt=1|send=OK|raw=ok|parsed=OK,executor_call=1|command=streamon|result=OK|response=ok|elapsed_ms=0|timing_total_ms=0|recv_wait_ms=0|attempt_log=[attempt=1|send=OK|raw=ok|parsed=OK],416,416,0,0,0,10.409,11.3992,79,96,568,360,386,3,1,0,OK,100,1,90,98,166.31,-1,53,75,78,443,4308644,0,0,0,32.1695,2,31,-1,0,0,0,0,0,0,OK,100,OK,100,1,telemetry=OK; video=OK; command=OK; rc=OK,OK,OK,OK,OK,50,50,0,4,0,443,4308644,436,0,0,0,0,0,0,0,0,0,0,436,7,32.1695,960,720,0,0,1,0,OK,0,,0,vision:ffmpeg_stream,,,CONNECTED,0,pitch,10,1,1,0,0,25,0,0,0,0,0,0,0,125,250,1,0,0,0,0,0,0,0,109,327,103,300,0,0,0,0,0,battery?,,ERROR,0,-1,-1
,gui,,CONTROL_PANEL,38273,43,2,1,1,352.5,0,705,0,1,0,0,0,0,0,0,0,0,0,0,0,1,0,streamon,ok,OK,vision,,attempt=1|send=OK|raw=ok|parsed=OK,executor_call=1|command=streamon|result=OK|response=ok|elapsed_ms=0|timing_total_ms=0|recv_wait_ms=0|attempt_log=[attempt=1|send=OK|raw=ok|parsed=OK],428,428,0,0,0,10.4232,38.5591,79,95,568,360,386,3,1,0,OK,100,1,110,114,166.85,-1,53,75,77,477,4524603,0,0,0,45.0816,22,34,-1,0,0,0,0,0,0,OK,100,OK,100,1,telemetry=OK; video=OK; command=OK; rc=OK,OK,OK,OK,OK,50,50,0,27,0,477,4524603,470,0,0,0,0,0,0,0,0,0,0,470,7,45.0816,960,720,0,0,1,0,OK,0,,0,vision:ffmpeg_stream,,,CONNECTED,0,pitch,12,1,1,0,0,25,0,0,0,0,0,0,0,125,250,0,0,0,0,0,0,0,0,116,354,110,300,0,0,0,0,0,battery?,,ERROR,0,-1,-1
,gui,,CONTROL_PANEL,39273,44,2,1,1,352.5,0,705,0,1,0,0,0,0,0,0,0,0,0,0,0,1,0,streamon,ok,OK,vision,,attempt=1|send=OK|raw=ok|parsed=OK,executor_call=1|command=streamon|result=OK|response=ok|elapsed_ms=0|timing_total_ms=0|recv_wait_ms=0|attempt_log=[attempt=1|send=OK|raw=ok|parsed=OK],439,439,0,0,0,10.3832,22.4397,41,96,568,360,386,3,1,0,OK,100,1,120,124,166.91,-1,52,75,78,509,4721627,0,0,0,44.2149,21,32,-1,0,0,0,0,0,0,OK,100,OK,100,1,telemetry=OK; video=OK; command=OK; rc=OK,OK,OK,OK,OK,50,50,0,26,0,509,4721627,502,0,0,0,0,0,0,0,0,0,0,502,7,44.2149,960,720,0,0,1,0,OK,0,,0,vision:ffmpeg_stream,,,CONNECTED,0,pitch,11,1,1,0,0,25,0,0,0,0,0,0,0,125,249,0,0,0,0,0,0,0,0,123,379,117,300,0,0,0,0,0,battery?,,ERROR,0,-1,-1
,gui,,CONTROL_PANEL,40398,45,2,1,1,352.5,0,705,0,1,0,0,0,0,0,0,0,0,0,0,0,1,0,streamon,ok,OK,vision,,attempt=1|send=OK|raw=ok|parsed=OK,executor_call=1|command=streamon|result=OK|response=ok|elapsed_ms=0|timing_total_ms=0|recv_wait_ms=0|attempt_log=[attempt=1|send=OK|raw=ok|parsed=OK],451,451,0,0,0,10.4337,11.3283,12,95,568,360,386,3,1,0,OK,100,1,120,129,166.74,0,51,76,78,545,4946548,0,0,0,32.4857,13,36,-1,0,0,0,0,0,0,OK,100,OK,100,1,telemetry=OK; video=OK; command=OK; rc=OK,OK,OK,OK,OK,50,50,0,48,0,545,4946548,538,0,0,0,0,0,0,0,0,0,0,538,7,32.4857,960,720,0,0,1,0,OK,0,,0,vision:ffmpeg_stream,,,CONNECTED,0,pitch,12,1,1,0,0,-25,0,0,0,0,0,0,0,125,250,1,0,0,0,0,0,0,0,133,405,126,300,0,0,0,0,0,battery?,,ERROR,0,-1,-1
,gui,,CONTROL_PANEL,41398,46,2,1,1,352.5,0,705,0,1,0,0,0,0,0,0,0,0,0,0,0,1,0,streamon,ok,OK,vision,,attempt=1|send=OK|raw=ok|parsed=OK,executor_call=1|command=streamon|result=OK|response=ok|elapsed_ms=0|timing_total_ms=0|recv_wait_ms=0|attempt_log=[attempt=1|send=OK|raw=ok|parsed=OK],461,461,0,0,0,10.3951,10.5752,51,96,568,360,386,3,1,0,OK,100,1,110,116,166.48,1,51,75,78,578,5153058,0,0,0,31.8058,8,33,-1,0,0,0,0,0,0,OK,100,OK,100,1,telemetry=OK; video=OK; command=OK; rc=OK,OK,OK,OK,OK,50,50,0,47,0,578,5153058,570,0,0,0,0,0,0,0,0,0,0,570,7,31.8058,960,720,0,0,1,0,OK,0,,0,vision:ffmpeg_stream,,,CONNECTED,0,pitch,10,1,1,0,0,-25,0,0,0,0,0,0,0,125,250,1,0,0,0,0,0,0,0,141,429,134,300,0,0,0,0,0,battery?,,ERROR,0,-1,-1
,gui,,CONTROL_PANEL,42522,47,2,1,1,352.5,0,705,0,1,0,0,0,0,0,0,0,0,0,0,0,1,0,streamon,ok,OK,vision,,attempt=1|send=OK|raw=ok|parsed=OK,executor_call=1|command=streamon|result=OK|response=ok|elapsed_ms=0|timing_total_ms=0|recv_wait_ms=0|attempt_log=[attempt=1|send=OK|raw=ok|parsed=OK],473,473,0,0,0,10.9286,78.5357,5,91,568,360,386,3,1,0,OK,100,1,90,101,166.56,1,50,75,77,611,5356103,0,0,0,71.7136,4,33,-1,0,0,0,0,0,0,OK,100,OK,100,1,telemetry=OK; video=OK; command=OK; rc=OK,OK,OK,OK,OK,50,50,0,20,0,611,5356103,604,0,0,0,0,0,0,0,0,0,0,604,7,71.7136,960,720,0,0,1,0,OK,0,,0,vision:ffmpeg_stream,,,CONNECTED,0,pitch,12,1,1,0,0,-25,0,0,0,0,0,0,0,124,250,2,0,0,1,0,0,0,0,149,455,142,300,0,0,0,0,0,battery?,,ERROR,0,-1,-1
,gui,,CONTROL_PANEL,43523,48,2,1,1,352.5,0,705,0,1,0,0,0,0,0,0,0,0,0,0,0,1,0,streamon,ok,OK,vision,,attempt=1|send=OK|raw=ok|parsed=OK,executor_call=1|command=streamon|result=OK|response=ok|elapsed_ms=0|timing_total_ms=0|recv_wait_ms=0|attempt_log=[attempt=1|send=OK|raw=ok|parsed=OK],478,478,0,0,0,4.72039,32.6521,401,211,568,360,386,3,1,0,DEGRADED,60,1,90,95,166.09,1,50,75,77,627,5455919,0,0,0,36.1439,259,16,-1,0,0,0,0,0,0,DEGRADED,60,DEGRADED,60,1,telemetry=DEGRADED; video=DEGRADED; command=OK; rc=OK,DEGRADED,DEGRADED,OK,OK,50,50,0,18,0,627,5455919,620,0,0,0,0,0,0,0,0,0,0,620,7,36.1439,960,720,0,0,1,0,OK,0,,0,vision:ffmpeg_stream,,,CONNECTED,0,pitch,5,1,1,0,0,25,0,0,0,0,0,0,0,125,250,0,0,0,1,0,0,0,0,155,465,149,300,0,0,0,0,0,battery?,,ERROR,0,-1,-1
,gui,,CONTROL_PANEL,44647,49,2,1,1,352.5,0,705,0,1,0,0,0,0,0,0,0,0,0,0,0,1,0,streamon,ok,OK,vision,,attempt=1|send=OK|raw=ok|parsed=OK,executor_call=1|command=streamon|result=OK|response=ok|elapsed_ms=0|timing_total_ms=0|recv_wait_ms=0|attempt_log=[attempt=1|send=OK|raw=ok|parsed=OK],496,496,0,0,0,18.8327,27.632,15,53,568,471,479,4,1,0,OK,100,1,100,112,166.36,-2,50,76,78,680,5698968,0,0,0,45.9016,19,53,-1,0,0,0,0,0,0,OK,100,OK,100,1,telemetry=OK; video=OK; command=OK; rc=OK,OK,OK,OK,OK,50,50,0,41,0,680,5698968,673,0,0,0,0,0,0,0,0,0,0,673,7,45.9016,960,720,0,0,1,0,OK,0,,0,vision:ffmpeg_stream,,,CONNECTED,0,pitch,18,1,1,0,0,25,0,0,0,0,0,0,0,124,250,1,0,0,0,0,0,0,0,164,509,157,300,0,0,0,0,0,battery?,,ERROR,0,-1,-1
,gui,,CONTROL_PANEL,45648,50,2,1,1,352.5,0,705,0,1,0,0,0,0,0,0,0,0,0,0,0,1,0,streamon,ok,OK,vision,,attempt=1|send=OK|raw=ok|parsed=OK,executor_call=1|command=streamon|result=OK|response=ok|elapsed_ms=0|timing_total_ms=0|recv_wait_ms=0|attempt_log=[attempt=1|send=OK|raw=ok|parsed=OK],506,506,0,0,0,10.4307,13.1108,58,95,568,471,479,4,1,0,OK,100,1,110,113,166.6,0,49,77,78,712,5832253,0,0,0,32.123,17,32,-1,0,0,0,0,0,0,OK,100,OK,100,1,telemetry=OK; video=OK; command=OK; rc=OK,OK,OK,OK,OK,50,50,0,39,0,712,5832253,705,0,0,0,0,0,0,0,0,0,0,705,7,32.123,960,720,0,0,1,0,OK,0,,0,vision:ffmpeg_stream,,,CONNECTED,0,pitch,10,1,1,0,-25,25,0,0,0,0,0,0,0,124,250,1,0,0,0,0,0,0,0,173,532,165,300,0,0,0,0,0,battery?,,ERROR,0,-1,-1
,gui,,CONTROL_PANEL,46648,51,2,1,1,352.5,0,705,0,1,0,0,0,0,0,0,0,0,0,0,0,1,0,streamon,ok,OK,vision,,attempt=1|send=OK|raw=ok|parsed=OK,executor_call=1|command=streamon|result=OK|response=ok|elapsed_ms=0|timing_total_ms=0|recv_wait_ms=0|attempt_log=[attempt=1|send=OK|raw=ok|parsed=OK],517,517,0,0,0,10.4192,10.6593,3,95,568,471,479,4,1,0,OK,100,1,110,112,166.55,0,49,76,79,744,5965616,0,0,0,32.3145,14,32,-1,0,0,0,0,0,0,OK,100,OK,100,1,telemetry=OK; video=OK; command=OK; rc=OK,OK,OK,OK,OK,50,50,0,37,0,744,5965616,737,0,0,0,0,0,0,0,0,0,0,737,7,32.3145,960,720,0,0,1,0,OK,0,,0,vision:ffmpeg_stream,,,CONNECTED,0,pitch,11,1,1,0,0,25,0,0,0,0,0,0,0,125,250,1,0,0,0,0,0,0,0,181,556,173,300,0,0,0,0,0,battery?,,ERROR,0,-1,-1
,gui,,CONTROL_PANEL,47773,52,2,1,1,352.5,0,705,0,1,0,0,0,0,0,0,0,0,0,0,0,1,0,streamon,ok,OK,vision,,attempt=1|send=OK|raw=ok|parsed=OK,executor_call=1|command=streamon|result=OK|response=ok|elapsed_ms=0|timing_total_ms=0|recv_wait_ms=0|attempt_log=[attempt=1|send=OK|raw=ok|parsed=OK],528,528,0,0,0,10.3908,11.2433,70,96,568,471,479,4,1,0,OK,100,1,120,132,166.74,-1,48,76,78,779,6111393,0,0,0,41.3453,43,35,-1,0,0,0,0,0,0,OK,100,OK,100,1,telemetry=OK; video=OK; command=OK; rc=OK,OK,OK,OK,OK,51,50,0,10,0,779,6111393,772,0,0,0,0,0,0,0,0,0,0,772,7,41.3453,960,720,0,0,1,0,OK,0,,0,vision:ffmpeg_stream,,,CONNECTED,0,pitch,11,1,1,0,0,25,0,0,0,0,0,0,0,125,250,0,0,0,0,0,0,0,0,190,582,182,300,0,0,0,0,0,battery?,,ERROR,0,-1,-1
,gui,,CONTROL_PANEL,48773,53,2,1,1,352.5,0,705,0,1,0,0,0,0,0,0,0,0,0,0,0,1,0,streamon,ok,OK,vision,,attempt=1|send=OK|raw=ok|parsed=OK,executor_call=1|command=streamon|result=OK|response=ok|elapsed_ms=0|timing_total_ms=0|recv_wait_ms=0|attempt_log=[attempt=1|send=OK|raw=ok|parsed=OK],538,538,0,0,0,8.14733,225.415,53,122,568,458,531,5,1,0,OK,100,1,140,149,167.1,0,48,76,79,802,6208677,0,0,0,56.1629,18,23,-1,0,0,0,0,0,0,OK,100,OK,100,1,telemetry=OK; video=OK; command=OK; rc=OK,OK,OK,OK,OK,50,50,0,9,0,802,6208677,795,0,0,0,0,0,0,0,0,0,0,795,7,56.1629,960,720,0,0,1,0,OK,0,,0,vision:ffmpeg_stream,,,CONNECTED,0,pitch,10,1,1,0,0,-25,0,0,0,0,0,0,0,124,250,1,0,0,0,0,0,0,0,195,600,187,300,0,0,0,0,0,battery?,,ERROR,0,-1,-1
,gui,,CONTROL_PANEL,49898,54,2,1,1,352.5,0,705,0,1,0,0,0,0,0,0,0,0,0,0,0,1,0,streamon,ok,OK,vision,,attempt=1|send=OK|raw=ok|parsed=OK,executor_call=1|command=streamon|result=OK|response=ok|elapsed_ms=0|timing_total_ms=0|recv_wait_ms=0|attempt_log=[attempt=1|send=OK|raw=ok|parsed=OK],551,551,0,0,0,10.3686,22.9811,15,96,568,458,531,5,1,0,OK,100,1,120,131,166.7,1,47,76,79,847,6394553,0,0,0,51.1785,20,45,-1,0,0,0,0,0,0,OK,100,OK,100,1,telemetry=OK; video=OK; command=OK; rc=OK,OK,OK,OK,OK,50,50,0,32,0,847,6394553,840,0,0,0,0,0,0,0,0,0,0,840,7,51.1785,960,720,0,0,1,0,OK,0,,0,vision:ffmpeg_stream,,,CONNECTED,0,pitch,13,1,1,0,0,-25,0,0,0,0,0,0,0,125,249,1,0,0,1,0,0,0,0,205,635,196,300,0,0,0,0,0,battery?,,ERROR,0,-1,-1
,gui,,CONTROL_PANEL,51023,55,2,1,1,352.5,0,705,0,1,0,0,0,0,0,0,0,0,0,0,0,1,0,streamon,ok,OK,vision,,attempt=1|send=OK|raw=ok|parsed=OK,executor_call=1|command=streamon|result=OK|response=ok|elapsed_ms=0|timing_total_ms=0|recv_wait_ms=0|attempt_log=[attempt=1|send=OK|raw=ok|parsed=OK],563,563,0,0,0,10.4141,12.6297,36,96,568,458,531,5,1,0,OK,100,1,100,112,166.64,1,47,76,79,882,6540392,0,0,0,34.3663,30,35,-1,0,0,0,0,0,0,OK,100,OK,100,1,telemetry=OK; video=OK; command=OK; rc=OK,OK,OK,OK,OK,50,50,0,5,0,882,6540392,875,0,0,0,0,0,0,0,0,0,0,875,7,34.3663,960,720,0,0,1,0,OK,0,,0,vision:ffmpeg_stream,,,CONNECTED,0,pitch,12,1,1,0,0,-25,0,0,0,0,0,0,0,125,250,0,0,0,0,0,0,0,0,213,662,203,300,0,0,0,0,0,battery?,,ERROR,0,-1,-1
,gui,,CONTROL_PANEL,52023,56,2,1,1,352.5,0,705,0,1,0,0,0,0,0,0,0,0,0,0,0,1,0,streamon,ok,OK,vision,,attempt=1|send=OK|raw=ok|parsed=OK,executor_call=1|command=streamon|result=OK|response=ok|elapsed_ms=0|timing_total_ms=0|recv_wait_ms=0|attempt_log=[attempt=1|send=OK|raw=ok|parsed=OK],573,573,0,0,0,10.3713,10.7765,75,96,568,458,531,5,1,0,OK,100,1,90,101,166.48,1,47,77,79,914,6673720,0,0,0,34.7554,28,32,-1,0,0,0,0,0,0,OK,100,OK,100,1,telemetry=OK; video=OK; command=OK; rc=OK,OK,OK,OK,OK,50,50,0,3,0,914,6673720,907,0,0,0,0,0,0,0,0,0,0,907,7,34.7554,960,720,0,0,1,0,OK,0,,0,vision:ffmpeg_stream,,,CONNECTED,0,pitch,10,1,1,0,-25,-25,0,0,0,0,0,0,0,124,250,2,0,0,1,0,0,0,0,221,686,211,300,0,0,0,0,0,battery?,,ERROR,0,-1,-1
,gui,,CONTROL_PANEL,53023,57,2,1,1,352.5,0,705,0,1,0,0,0,0,0,0,0,0,0,0,0,1,0,streamon,ok,OK,vision,,attempt=1|send=OK|raw=ok|parsed=OK,executor_call=1|command=streamon|result=OK|response=ok|elapsed_ms=0|timing_total_ms=0|recv_wait_ms=0|attempt_log=[attempt=1|send=OK|raw=ok|parsed=OK],584,584,0,0,0,18.7194,11.5214,15,53,568,458,531,5,1,0,OK,100,1,80,89,166.47,0,46,77,78,946,6807129,0,0,0,43.2726,21,32,-1,0,0,0,0,0,0,OK,100,OK,100,1,telemetry=OK; video=OK; command=OK; rc=OK,OK,OK,OK,OK,50,50,0,1,0,946,6807129,939,0,0,0,0,0,0,0,0,0,0,939,7,43.2726,960,720,0,0,1,0,OK,0,,0,vision:ffmpeg_stream,,,CONNECTED,0,pitch,11,1,1,0,0,-25,0,0,0,0,0,0,0,125,250,1,0,0,1,0,0,0,0,229,710,219,300,0,0,0,0,0,battery?,,ERROR,0,-1,-1
,gui,,CONTROL_PANEL,54148,58,2,1,1,352.5,0,705,0,1,0,0,0,0,0,0,0,0,0,0,0,1,0,streamon,ok,OK,vision,,attempt=1|send=OK|raw=ok|parsed=OK,executor_call=1|command=streamon|result=OK|response=ok|elapsed_ms=0|timing_total_ms=0|recv_wait_ms=0|attempt_log=[attempt=1|send=OK|raw=ok|parsed=OK],596,596,0,0,0,10.421,11.9056,40,95,568,458,531,5,1,0,OK,100,1,70,70,166.29,1,46,76,79,982,6957154,0,0,0,32.6854,19,36,-1,0,0,0,0,0,0,OK,100,OK,100,1,telemetry=OK; video=OK; command=OK; rc=OK,OK,OK,OK,OK,51,50,0,325,0,982,6957154,975,0,0,0,0,0,0,0,0,0,0,975,7,32.6854,960,720,0,0,1,0,OK,0,,0,vision:ffmpeg_stream,,,CONNECTED,0,pitch,12,1,1,0,0,25,0,0,0,0,0,0,0,125,249,1,0,0,0,0,0,0,0,239,736,228,300,0,0,0,0,0,battery?,,ERROR,0,-1,-1
,gui,,CONTROL_PANEL,55273,59,2,1,1,352.5,0,705,0,1,0,0,0,0,0,0,0,0,0,0,0,1,0,streamon,ok,OK,vision,,attempt=1|send=OK|raw=ok|parsed=OK,executor_call=1|command=streamon|result=OK|response=ok|elapsed_ms=0|timing_total_ms=0|recv_wait_ms=0|attempt_log=[attempt=1|send=OK|raw=ok|parsed=OK],608,608,0,0,0,10.4896,10.5205,13,95,568,458,531,5,1,0,OK,100,1,60,73,166.01,-1,45,78,80,1018,7107185,0,0,0,31.965,13,36,-1,0,0,0,0,0,0,OK,100,OK,100,1,telemetry=OK; video=OK; command=OK; rc=OK,OK,OK,OK,OK,50,50,0,48,0,1018,7107185,1011,0,0,0,0,0,0,0,0,0,0,1011,7,31.965,960,720,0,0,1,0,OK,0,,0,vision:ffmpeg_stream,,,CONNECTED,0,pitch,12,1,1,0,0,25,0,0,0,0,0,0,0,125,249,0,0,0,0,0,0,0,0,248,763,237,300,0,0,0,0,0,battery?,,ERROR,0,-1,-1
,gui,,CONTROL_PANEL,56273,60,2,1,1,352.5,0,705,0,1,0,0,0,0,0,0,0,0,0,0,0,1,0,streamon,ok,OK,vision,,attempt=1|send=OK|raw=ok|parsed=OK,executor_call=1|command=streamon|result=OK|response=ok|elapsed_ms=0|timing_total_ms=0|recv_wait_ms=0|attempt_log=[attempt=1|send=OK|raw=ok|parsed=OK],618,618,0,0,0,10.39,10.4361,53,96,568,458,531,5,1,0,OK,100,1,90,109,166.62,-2,45,77,80,1050,7240644,0,0,0,32.5302,12,32,-1,0,0,0,0,0,0,OK,100,OK,100,1,telemetry=OK; video=OK; command=OK; rc=OK,OK,OK,OK,OK,50,50,0,46,0,1050,7240644,1043,0,0,0,0,0,0,0,0,0,0,1043,7,32.5302,960,720,0,0,1,0,OK,0,,0,vision:ffmpeg_stream,,,CONNECTED,0,pitch,10,1,1,0,0,25,0,0,0,0,0,0,0,124,249,0,0,0,0,0,0,0,0,256,787,244,300,0,0,0,0,0,battery?,,ERROR,0,-1,-1
,gui,,CONTROL_PANEL,57398,61,2,1,1,352.5,0,705,0,1,0,0,0,0,0,0,0,0,0,0,0,1,0,streamon,ok,OK,vision,,attempt=1|send=OK|raw=ok|parsed=OK,executor_call=1|command=streamon|result=OK|response=ok|elapsed_ms=0|timing_total_ms=0|recv_wait_ms=0|attempt_log=[attempt=1|send=OK|raw=ok|parsed=OK],629,629,0,0,0,10.3262,10.4378,121,96,568,458,531,5,1,0,OK,100,1,120,136,166.79,-1,44,76,79,1084,7382394,0,0,0,32.3059,69,34,-1,0,0,0,0,0,0,OK,100,OK,100,1,telemetry=OK; video=OK; command=OK; rc=OK,OK,OK,OK,OK,50,50,0,20,0,1084,7382394,1077,0,0,0,0,0,0,0,0,0,0,1077,7,32.3059,960,720,0,0,1,0,OK,0,,0,vision:ffmpeg_stream,,,CONNECTED,0,pitch,11,1,1,0,-25,25,0,0,0,0,0,0,0,125,249,1,0,0,0,0,0,0,0,264,813,252,300,0,0,0,0,0,battery?,,ERROR,0,-1,-1
,gui,,CONTROL_PANEL,58523,62,2,1,1,352.5,0,705,0,1,0,0,0,0,0,0,0,0,0,0,0,1,0,streamon,ok,OK,vision,,attempt=1|send=OK|raw=ok|parsed=OK,executor_call=1|command=streamon|result=OK|response=ok|elapsed_ms=0|timing_total_ms=0|recv_wait_ms=0|attempt_log=[attempt=1|send=OK|raw=ok|parsed=OK],642,642,0,0,0,10.853,11.6701,21,92,568,458,531,5,1,0,OK,100,1,140,147,167.16,-1,44,77,79,1122,7539414,0,0,0,33.7024,1,38,-1,0,0,0,0,0,0,OK,100,OK,100,1,telemetry=OK; video=OK; command=OK; rc=OK,OK,OK,OK,OK,50,50,0,42,0,1122,7539414,1115,0,0,0,0,0,0,0,0,0,0,1115,7,33.7024,960,720,0,0,1,0,OK,0,,0,vision:ffmpeg_stream,,,CONNECTED,0,pitch,13,1,1,-25,-25,25,0,0,0,0,0,0,0,125,249,2,0,0,1,0,0,0,0,273,842,260,300,0,0,0,0,0,battery?,,ERROR,0,-1,-1
,gui,,CONTROL_PANEL,59648,63,2,1,1,352.5,0,705,0,1,0,0,0,0,0,0,0,0,0,0,0,1,0,streamon,ok,OK,vision,,attempt=1|send=OK|raw=ok|parsed=OK,executor_call=1|command=streamon|result=OK|response=ok|elapsed_ms=0|timing_total_ms=0|recv_wait_ms=0|attempt_log=[attempt=1|send=OK|raw=ok|parsed=OK],654,654,0,0,0,20.9182,12.8823,41,47,568,458,531,5,1,0,OK,100,1,150,156,166.75,0,44,77,79,1158,7689199,0,0,0,32.8775,29,36,-1,0,0,0,0,0,0,OK,100,OK,100,1,telemetry=OK; video=OK; command=OK; rc=OK,OK,OK,OK,OK,50,50,0,15,0,1158,7689199,1150,0,0,0,0,0,0,0,0,0,0,1150,7,32.8775,960,720,0,0,1,0,OK,0,,0,vision:ffmpeg_stream,,,CONNECTED,0,pitch,12,1,1,0,0,-25,0,0,0,0,0,0,0,124,249,1,0,0,0,0,0,0,0,282,868,269,300,0,0,0,0,0,battery?,,ERROR,0,-1,-1
,gui,,CONTROL_PANEL,60773,64,2,1,1,352.5,0,705,0,1,0,0,0,0,0,0,0,0,0,0,0,1,0,streamon,ok,OK,vision,,attempt=1|send=OK|raw=ok|parsed=OK,executor_call=1|command=streamon|result=OK|response=ok|elapsed_ms=0|timing_total_ms=0|recv_wait_ms=0|attempt_log=[attempt=1|send=OK|raw=ok|parsed=OK],666,666,0,0,0,10.4185,10.5966,13,95,568,458,531,5,1,0,OK,100,1,130,141,166.73,1,43,77,79,1193,7835140,0,0,0,32.144,23,35,-1,0,0,0,0,0,0,OK,100,OK,100,1,telemetry=OK; video=OK; command=OK; rc=OK,OK,OK,OK,OK,50,50,0,38,0,1193,7835140,1186,0,0,0,0,0,0,0,0,0,0,1186,7,32.144,960,720,0,0,1,0,OK,0,,0,vision:ffmpeg_stream,,,CONNECTED,0,pitch,12,1,1,0,0,-25,0,0,0,0,0,0,0,125,250,0,0,0,0,0,0,0,0,291,895,278,300,0,0,0,0,0,battery?,,ERROR,0,-1,-1
,gui,,CONTROL_PANEL,61773,65,2,1,1,352.5,0,705,0,1,0,0,0,0,0,0,0,0,0,0,0,1,0,streamon,ok,OK,vision,,attempt=1|send=OK|raw=ok|parsed=OK,executor_call=1|command=streamon|result=OK|response=ok|elapsed_ms=0|timing_total_ms=0|recv_wait_ms=0|attempt_log=[attempt=1|send=OK|raw=ok|parsed=OK],676,676,0,0,0,10.2421,10.3656,49,97,568,458,531,5,1,0,OK,100,1,120,130,166.76,1,43,77,80,1225,7968316,0,0,0,31.7048,18,32,-1,0,0,0,0,0,0,OK,100,OK,100,1,telemetry=OK; video=OK; command=OK; rc=OK,OK,OK,OK,OK,50,50,0,36,0,1225,7968316,1218,0,0,0,0,0,0,0,0,0,0,1218,7,31.7048,960,720,0,0,1,0,OK,0,,0,vision:ffmpeg_stream,,,CONNECTED,0,pitch,10,1,1,0,0,-25,0,0,0,0,0,0,0,125,250,0,0,0,0,0,0,0,0,299,919,286,300,0,0,0,0,0,battery?,,ERROR,0,-1,-1
,gui,,CONTROL_PANEL,62898,66,2,1,1,352.5,0,705,0,1,0,0,0,0,0,0,0,0,0,0,0,1,0,streamon,ok,OK,vision,,attempt=1|send=OK|raw=ok|parsed=OK,executor_call=1|command=streamon|result=OK|response=ok|elapsed_ms=0|timing_total_ms=0|recv_wait_ms=0|attempt_log=[attempt=1|send=OK|raw=ok|parsed=OK],687,687,0,0,0,13.0878,204.559,122,76,568,521,681,6,2,0,OK,100,1,110,116,166.35,1,43,77,80,1259,8107385,0,0,0,111.899,3,34,-1,0,0,0,0,0,0,OK,100,OK,100,1,telemetry=OK; video=OK; command=OK; rc=OK,OK,OK,OK,OK,50,50,0,9,0,1259,8107385,1251,0,0,0,0,0,0,0,0,0,0,1251,7,111.899,960,720,0,0,1,0,OK,0,,0,vision:ffmpeg_stream,,,CONNECTED,0,pitch,11,1,1,0,0,-25,0,0,0,0,0,0,0,124,250,1,0,0,0,0,0,0,0,305,946,292,300,0,0,0,0,0,battery?,,ERROR,0,-1,-1
,gui,,CONTROL_PANEL,64022,67,2,1,1,352.5,0,705,0,1,0,0,0,0,0,0,0,0,0,0,0,1,0,streamon,ok,OK,vision,,attempt=1|send=OK|raw=ok|parsed=OK,executor_call=1|command=streamon|result=OK|response=ok|elapsed_ms=0|timing_total_ms=0|recv_wait_ms=0|attempt_log=[attempt=1|send=OK|raw=ok|parsed=OK],700,700,0,0,0,10.6031,31.7069,36,94,568,419,690,7,2,0,OK,100,1,90,92,166.23,1,42,77,80,1296,8262686,0,0,0,50.7321,28,37,-1,0,0,0,0,0,0,OK,100,OK,100,1,telemetry=OK; video=OK; command=OK; rc=OK,OK,OK,OK,OK,51,50,0,32,0,1296,8262686,1289,0,0,0,0,0,0,0,0,0,0,1289,7,50.7321,960,720,0,0,1,0,OK,0,,0,vision:ffmpeg_stream,,,CONNECTED,0,pitch,13,1,1,0,0,-25,0,0,0,0,0,0,0,124,249,0,0,0,0,0,0,0,0,313,976,300,300,0,0,0,0,0,battery?,,ERROR,0,-1,-1
,gui,,CONTROL_PANEL,65023,68,2,1,1,352.5,0,705,0,1,0,0,0,0,0,0,0,0,0,0,0,1,0,streamon,ok,OK,vision,,attempt=1|send=OK|raw=ok|parsed=OK,executor_call=1|command=streamon|result=OK|response=ok|elapsed_ms=0|timing_total_ms=0|recv_wait_ms=0|attempt_log=[attempt=1|send=OK|raw=ok|parsed=OK],710,710,0,0,0,10.4182,12.7023,77,95,568,419,690,7,2,0,OK,100,1,70,76,166.04,1,42,77,79,1328,8394074,0,0,0,35.2286,5,32,-1,0,0,0,0,0,0,OK,100,OK,100,1,telemetry=OK; video=OK; command=OK; rc=OK,OK,OK,OK,OK,50,50,0,31,0,1328,8394074,1321,0,0,0,0,0,0,0,0,0,0,1321,7,35.2286,960,720,0,0,1,0,OK,0,,0,vision:ffmpeg_stream,,,CONNECTED,0,pitch,10,1,1,0,0,-25,0,0,0,0,0,0,0,125,249,0,0,0,0,0,0,0,0,321,1000,308,300,0,0,0,0,0,battery?,,ERROR,0,-1,-1
,gui,,CONTROL_PANEL,66148,69,2,1,1,352.5,0,705,0,1,0,0,0,0,0,0,0,0,0,0,0,1,0,streamon,ok,OK,vision,,attempt=1|send=OK|raw=ok|parsed=OK,executor_call=1|command=streamon|result=OK|response=ok|elapsed_ms=0|timing_total_ms=0|recv_wait_ms=0|attempt_log=[attempt=1|send=OK|raw=ok|parsed=OK],723,723,0,0,0,10.4022,11.867,2,96,568,419,690,7,2,0,OK,100,1,60,69,166.17,-1,42,77,80,1364,8546135,0,0,0,33.2727,3,36,-1,0,0,0,0,0,0,OK,100,OK,100,1,telemetry=OK; video=OK; command=OK; rc=OK,OK,OK,OK,OK,50,50,0,4,0,1364,8546135,1357,0,0,0,0,0,0,0,0,0,0,1357,7,33.2727,960,720,0,0,1,0,OK,0,,0,vision:ffmpeg_stream,,,CONNECTED,0,pitch,13,1,1,0,0,25,0,0,0,0,0,0,0,125,249,1,0,0,0,0,0,0,0,330,1027,317,300,0,0,0,0,0,battery?,,ERROR,0,-1,-1
,gui,,CONTROL_PANEL,67148,70,2,1,1,352.5,0,705,0,1,0,0,0,0,0,0,0,0,0,0,0,1,0,streamon,ok,OK,vision,,attempt=1|send=OK|raw=ok|parsed=OK,executor_call=1|command=streamon|result=OK|response=ok|elapsed_ms=0|timing_total_ms=0|recv_wait_ms=0|attempt_log=[attempt=1|send=OK|raw=ok|parsed=OK],733,733,0,0,0,10.4039,10.5717,41,96,568,419,690,7,2,0,OK,100,1,80,91,166.51,-1,42,77,79,1395,8675210,0,0,0,32.4414,28,31,-1,0,0,0,0,0,0,OK,100,OK,100,1,telemetry=OK; video=OK; command=OK; rc=OK,OK,OK,OK,OK,50,50,0,2,0,1395,8675210,1388,0,0,0,0,0,0,0,0,0,0,1388,7,32.4414,960,720,0,0,1,0,OK,0,,0,vision:ffmpeg_stream,,,CONNECTED,0,pitch,10,1,1,0,0,25,0,0,0,0,0,0,0,125,249,0,0,0,0,0,0,0,0,338,1050,325,300,0,0,0,0,0,battery?,,ERROR,0,-1,-1
,gui,,CONTROL_PANEL,68148,71,2,1,1,352.5,0,705,0,1,0,0,0,0,0,0,0,0,0,0,0,1,0,streamon,ok,OK,vision,,attempt=1|send=OK|raw=ok|parsed=OK,executor_call=1|command=streamon|result=OK|response=ok|elapsed_ms=0|timing_total_ms=0|recv_wait_ms=0|attempt_log=[attempt=1|send=OK|raw=ok|parsed=OK],743,743,0,0,0,10.4144,27.7319,80,96,568,419,690,7,2,0,OK,100,1,100,113,166.39,-1,41,77,80,1426,8805815,0,0,0,36.7107,26,31,-1,0,0,0,0,0,0,OK,100,OK,100,1,telemetry=OK; video=OK; command=OK; rc=OK,OK,OK,OK,OK,50,50,0,1,0,1426,8805815,1419,0,0,0,0,0,0,0,0,0,0,1419,7,36.7107,960,720,0,0,1,0,OK,0,,0,vision:ffmpeg_stream,,,CONNECTED,0,pitch,10,1,1,0,0,25,0,0,0,0,0,0,0,125,249,1,0,0,0,0,0,0,0,345,1074,332,300,0,0,0,0,0,battery?,,ERROR,0,-1,-1
,gui,,CONTROL_PANEL,69273,72,2,1,1,352.5,0,705,0,1,0,0,0,0,0,0,0,0,0,0,0,1,0,streamon,ok,OK,vision,,attempt=1|send=OK|raw=ok|parsed=OK,executor_call=1|command=streamon|result=OK|response=ok|elapsed_ms=0|timing_total_ms=0|recv_wait_ms=0|attempt_log=[attempt=1|send=OK|raw=ok|parsed=OK],755,755,0,0,0,10.4139,11.6169,55,96,568,419,690,7,2,0,OK,100,1,120,127,166.97,0,41,77,80,1462,8955739,0,0,0,31.9694,17,36,-1,0,0,0,0,0,0,OK,100,OK,100,1,telemetry=OK; video=OK; command=OK; rc=OK,OK,OK,OK,OK,50,50,0,24,0,1462,8955739,1455,0,0,0,0,0,0,0,0,0,0,1455,7,31.9694,960,720,0,0,1,0,OK,0,,0,vision:ffmpeg_stream,,,CONNECTED,0,pitch,12,1,1,0,0,25,0,0,0,0,0,0,0,125,250,1,0,0,0,1,0,0,0,354,1101,341,300,0,0,0,0,0,battery?,,ERROR,0,-1,-1
,gui,,CONTROL_PANEL,70398,73,2,1,1,352.5,0,705,0,1,0,0,0,0,0,0,0,0,0,0,0,1,0,streamon,ok,OK,vision,,attempt=1|send=OK|raw=ok|parsed=OK,executor_call=1|command=streamon|result=OK|response=ok|elapsed_ms=0|timing_total_ms=0|recv_wait_ms=0|attempt_log=[attempt=1|send=OK|raw=ok|parsed=OK],767,767,0,0,0,10.3269,11.7967,72,96,568,419,690,7,2,0,OK,100,1,130,143,166.79,-1,40,77,80,1498,9105914,0,0,0,33.2472,15,36,-1,0,0,0,0,0,0,OK,100,OK,100,1,telemetry=OK; video=OK; command=OK; rc=OK,OK,OK,OK,OK,50,50,0,47,0,1498,9105914,1491,0,0,0,0,0,0,0,0,0,0,1491,7,33.2472,960,720,0,0,1,0,OK,0,,0,vision:ffmpeg_stream,,,CONNECTED,0,pitch,12,1,1,0,0,25,0,0,0,0,0,0,0,125,250,1,0,0,0,1,0,0,0,363,1128,350,300,0,0,0,0,0,battery?,,ERROR,0,-1,-1
,gui,,CONTROL_PANEL,71398,74,2,1,1,352.5,0,705,0,1,0,0,0,0,0,0,0,0,0,0,0,1,0,streamon,ok,OK,vision,,attempt=1|send=OK|raw=ok|parsed=OK,executor_call=1|command=streamon|result=OK|response=ok|elapsed_ms=0|timing_total_ms=0|recv_wait_ms=0|attempt_log=[attempt=1|send=OK|raw=ok|parsed=OK],778,778,0,0,0,10.3727,10.5188,15,96,568,419,690,7,2,0,OK,100,1,150,155,166.78,0,40,78,80,1529,9234798,0,0,0,31.8838,36,31,-1,0,0,0,0,0,0,OK,100,OK,100,1,telemetry=OK; video=OK; command=OK; rc=OK,OK,OK,OK,OK,50,50,0,45,0,1529,9234798,1522,0,0,0,0,0,0,0,0,0,0,1522,7,31.8838,960,720,0,0,1,0,OK,0,,0,vision:ffmpeg_stream,,,CONNECTED,0,pitch,11,1,1,0,0,-25,0,0,0,0,0,0,0,125,250,1,0,0,0,0,0,0,0,371,1151,358,300,0,0,0,0,0,battery?,,ERROR,0,-1,-1
,gui,,CONTROL_PANEL,72523,75,2,1,1,352.5,0,705,0,1,0,0,0,0,0,0,0,0,0,0,0,1,0,streamon,ok,OK,vision,,attempt=1|send=OK|raw=ok|parsed=OK,executor_call=1|command=streamon|result=OK|response=ok|elapsed_ms=0|timing_total_ms=0|recv_wait_ms=0|attempt_log=[attempt=1|send=OK|raw=ok|parsed=OK],789,789,0,0,0,10.3876,10.5244,82,96,568,419,690,7,2,0,OK,100,1,140,143,166.63,1,40,77,80,1566,9388534,0,0,0,41.2068,50,37,-1,0,0,0,0,0,0,OK,100,OK,100,1,telemetry=OK; video=OK; command=OK; rc=OK,OK,OK,OK,OK,50,50,0,18,0,1566,9388534,1558,0,0,0,0,0,0,0,0,0,0,1558,7,41.2068,960,720,0,0,1,0,OK,0,,0,vision:ffmpeg_stream,,,CONNECTED,0,pitch,11,1,1,0,0,-25,0,0,0,0,0,0,0,125,249,0,0,0,0,1,0,0,0,380,1178,366,300,0,0,0,0,0,battery?,,ERROR,0,-1,-1
,gui,,CONTROL_PANEL,73647,76,2,1,1,352.5,0,705,0,1,0,0,0,0,0,0,0,0,0,0,0,1,0,streamon,ok,OK,vision,,attempt=1|send=OK|raw=ok|parsed=OK,executor_call=1|command=streamon|result=OK|response=ok|elapsed_ms=0|timing_total_ms=0|recv_wait_ms=0|attempt_log=[attempt=1|send=OK|raw=ok|parsed=OK],801,801,0,0,0,10.6608,12.6068,46,93,568,419,690,7,2,0,OK,100,1,120,122,166.59,1,39,78,80,1601,9535122,0,0,0,33.4444,24,35,-1,0,0,0,0,0,0,OK,100,OK,100,1,telemetry=OK; video=OK; command=OK; rc=OK,OK,OK,OK,OK,50,50,0,41,0,1601,9535122,1594,0,0,0,0,0,0,0,0,0,0,1594,7,33.4444,960,720,0,0,1,0,OK,0,,0,vision:ffmpeg_stream,,,CONNECTED,0,pitch,12,1,1,0,0,-25,0,0,0,0,0,0,0,124,249,1,0,0,0,0,0,0,0,388,1206,373,300,0,0,0,0,0,battery?,,ERROR,0,-1,-1
,gui,,CONTROL_PANEL,74648,77,2,1,1,352.5,0,705,0,1,0,0,0,0,0,0,0,0,0,0,0,1,0,streamon,ok,OK,vision,,attempt=1|send=OK|raw=ok|parsed=OK,executor_call=1|command=streamon|result=OK|response=ok|elapsed_ms=0|timing_total_ms=0|recv_wait_ms=0|attempt_log=[attempt=1|send=OK|raw=ok|parsed=OK],812,812,0,0,0,21.2212,13.4419,38,47,568,419,690,7,2,0,OK,100,1,100,107,166.27,1,39,77,80,1633,9668405,0,0,0,34.3818,23,32,-1,0,0,0,0,0,0,OK,100,OK,100,1,telemetry=OK; video=OK; command=OK; rc=OK,OK,OK,OK,OK,50,50,0,40,0,1633,9668405,1626,0,0,0,0,0,0,0,0,0,0,1626,7,34.3818,960,720,0,0,1,0,OK,0,,0,vision:ffmpeg_stream,,,CONNECTED,0,pitch,11,1,1,0,0,-25,0,0,0,0,0,0,0,125,250,1,0,0,0,1,0,0,0,397,1229,381,300,0,0,0,0,0,battery?,,ERROR,0,-1,-1
,gui,,CONTROL_PANEL,75772,78,2,1,1,352.5,0,705,0,1,0,0,0,0,0,0,0,0,0,0,0,1,0,streamon,ok,OK,vision,,attempt=1|send=OK|raw=ok|parsed=OK,executor_call=1|command=streamon|result=OK|response=ok|elapsed_ms=0|timing_total_ms=0|recv_wait_ms=0|attempt_log=[attempt=1|send=OK|raw=ok|parsed=OK],824,824,0,0,0,10.3923,10.608,8,96,568,419,690,7,2,0,OK,100,1,90,94,166.15,0,38,78,80,1669,9818395,0,0,0,33.0145,16,36,-1,0,0,0,0,0,0,OK,100,OK,100,1,telemetry=OK; video=OK; command=OK; rc=OK,OK,OK,OK,OK,50,50,0,13,0,1669,9818395,1662,0,0,0,0,0,0,0,0,0,0,1662,7,33.0145,960,720,0,0,1,0,OK,0,,0,vision:ffmpeg_stream,,,CONNECTED,0,pitch,12,1,1,0,0,-25,0,0,0,0,0,0,0,125,250,0,0,0,0,1,0,0,0,406,1256,390,300,0,0,0,0,0,battery?,,ERROR,0,-1,-1
,gui,,CONTROL_PANEL,76773,79,2,1,1,352.5,0,705,0,1,0,0,0,0,0,0,0,0,0,0,0,1,0,streamon,ok,OK,vision,,attempt=1|send=OK|raw=ok|parsed=OK,executor_call=1|command=streamon|result=OK|response=ok|elapsed_ms=0|timing_total_ms=0|recv_wait_ms=0|attempt_log=[attempt=1|send=OK|raw=ok|parsed=OK],834,834,0,0,0,10.4039,10.4354,46,96,568,419,690,7,2,0,OK,100,1,70,79,166.19,1,38,78,80,1701,9951749,0,0,0,32.702,9,32,-1,0,0,0,0,0,0,OK,100,OK,100,1,telemetry=OK; video=OK; command=OK; rc=OK,OK,OK,OK,OK,50,50,0,11,0,1701,9951749,1694,0,0,0,0,0,0,0,0,0,0,1694,7,32.702,960,720,0,0,1,0,OK,0,,0,vision:ffmpeg_stream,,,CONNECTED,0,pitch,10,1,1,0,0,-25,0,0,0,0,0,0,0,124,250,1,0,0,0,1,0,0,0,414,1280,398,300,0,0,0,0,0,battery?,,ERROR,0,-1,-1
,gui,,CONTROL_PANEL,77898,80,2,1,1,352.5,0,705,0,1,0,0,0,0,0,0,0,0,0,0,0,1,0,streamon,ok,OK,vision,,attempt=1|send=OK|raw=ok|parsed=OK,executor_call=1|command=streamon|result=OK|response=ok|elapsed_ms=0|timing_total_ms=0|recv_wait_ms=0|attempt_log=[attempt=1|send=OK|raw=ok|parsed=OK],846,846,0,0,0,10.6539,11.7049,65,93,568,419,690,7,2,0,OK,100,1,70,82,165.96,-1,38,78,80,1737,10101775,0,0,0,31.9535,3,36,-1,0,0,0,0,0,0,OK,100,OK,100,1,telemetry=OK; video=OK; command=OK; rc=OK,OK,OK,OK,OK,50,50,0,35,0,1737,10101775,1730,0,0,0,0,0,0,0,0,0,0,1730,7,31.9535,960,720,0,0,1,0,OK,0,,0,vision:ffmpeg_stream,,,CONNECTED,0,pitch,12,1,1,0,0,25,0,0,0,0,0,0,0,125,250,1,0,0,0,1,0,0,0,423,1307,407,300,0,0,0,0,0,battery?,,ERROR,0,-1,-1
,gui,,CONTROL_PANEL,79023,81,2,1,1,352.5,0,705,0,1,0,0,0,0,0,0,0,0,0,0,0,1,0,streamon,ok,OK,vision,,attempt=1|send=OK|raw=ok|parsed=OK,executor_call=1|command=streamon|result=OK|response=ok|elapsed_ms=0|timing_total_ms=0|recv_wait_ms=0|attempt_log=[attempt=1|send=OK|raw=ok|parsed=OK],858,858,0,0,0,10.4813,10.7698,38,95,568,419,690,7,2,0,OK,100,1,90,105,166.35,-1,37,77,80,1772,10247636,0,0,0,32.0348,30,35,-1,0,0,0,0,0,0,OK,100,OK,100,1,telemetry=OK; video=OK; command=OK; rc=OK,OK,OK,OK,OK,51,50,0,7,0,1772,10247636,1765,0,0,0,0,0,0,0,0,0,0,1765,7,32.0348,960,720,0,0,1,0,OK,0,,0,vision:ffmpeg_stream,,,CONNECTED,0,pitch,12,1,1,0,0,25,0,0,0,0,0,0,0,124,250,1,0,0,0,1,0,0,0,432,1333,416,300,0,0,0,0,0,battery?,,ERROR,0,-1,-1
,gui,,CONTROL_PANEL,80148,82,2,1,1,352.5,0,705,0,1,0,0,0,0,0,0,0,0,0,0,0,1,0,streamon,ok,OK,vision,,attempt=1|send=OK|raw=ok|parsed=OK,executor_call=1|command=streamon|result=OK|response=ok|elapsed_ms=0|timing_total_ms=0|recv_wait_ms=0|attempt_log=[attempt=1|send=OK|raw=ok|parsed=OK],870,870,0,0,0,9.865,10.3606,6,101,568,419,690,7,2,0,OK,100,1,110,115,166.49,-1,37,78,81,1808,10397795,0,0,0,36.006,26,36,-1,0,0,0,0,0,0,OK,100,OK,100,1,telemetry=OK; video=OK; command=OK; rc=OK,OK,OK,OK,OK,50,50,0,31,0,1808,10397795,1801,0,0,0,0,0,0,0,0,0,0,1801,7,36.006,960,720,0,0,1,0,OK,0,,0,vision:ffmpeg_stream,,,CONNECTED,0,pitch,12,1,1,0,0,25,0,0,0,0,0,0,0,125,250,1,0,0,0,0,0,0,0,441,1360,425,300,0,0,0,0,0,battery?,,ERROR,0,-1,-1
,gui,,CONTROL_PANEL,81273,83,2,1,1,352.5,0,705,0,1,0,0,0,0,0,0,0,0,0,0,0,1,0,streamon,ok,OK,vision,,attempt=1|send=OK|raw=ok|parsed=OK,executor_call=1|command=streamon|result=OK|response=ok|elapsed_ms=0|timing_total_ms=0|recv_wait_ms=0|attempt_log=[attempt=1|send=OK|raw=ok|parsed=OK],881,881,0,0,0,10.0748,24.248,73,99,568,419,690,7,2,0,OK,100,1,120,123,166.75,-1,37,77,81,1843,10546325,0,0,0,46.9967,23,35,-1,0,0,0,0,0,0,OK,100,OK,100,1,telemetry=OK; video=OK; command=OK; rc=OK,OK,OK,OK,OK,50,50,0,4,0,1843,10546325,1836,0,0,0,0,0,0,0,0,0,0,1836,7,46.9967,960,720,0,0,1,0,OK,0,,0,vision:ffmpeg_stream,,,CONNECTED,0,pitch,11,1,1,0,0,25,0,0,0,0,0,0,0,125,249,0,0,0,0,0,0,0,0,449,1387,433,300,0,0,0,0,0,battery?,,ERROR,0,-1,-1
,gui,,CONTROL_PANEL,82273,84,2,1,1,352.5,0,705,0,1,0,0,0,0,0,0,0,0,0,0,0,1,0,streamon,ok,OK,vision,,attempt=1|send=OK|raw=ok|parsed=OK,executor_call=1|command=streamon|result=OK|response=ok|elapsed_ms=0|timing_total_ms=0|recv_wait_ms=0|attempt_log=[attempt=1|send=OK|raw=ok|parsed=OK],892,892,0,0,0,10.5337,11.9275,66,94,568,419,690,7,2,0,OK,100,1,130,135,166.69,-1,36,78,80,1874,10675430,0,0,0,33.2954,49,31,-1,0,0,0,0,0,0,OK,100,OK,100,1,telemetry=OK; video=OK; command=OK; rc=OK,OK,OK,OK,OK,50,50,0,2,0,1874,10675430,1867,0,0,0,0,0,0,0,0,0,0,1867,7,33.2954,960,720,0,0,1,0,OK,0,,0,vision:ffmpeg_stream,,,CONNECTED,0,pitch,11,1,1,0,0,25,0,0,0,0,0,0,0,125,250,0,0,0,0,0,0,0,0,457,1410,441,300,0,0,0,0,0,battery?,,ERROR,0,-1,-1
,gui,,CONTROL_PANEL,83398,85,2,1,1,352.5,0,705,0,1,0,0,0,0,0,0,0,0,0,0,0,1,0,streamon,ok,OK,vision,,attempt=1|send=OK|raw=ok|parsed=OK,executor_call=1|command=streamon|result=OK|response=ok|elapsed_ms=0|timing_total_ms=0|recv_wait_ms=0|attempt_log=[attempt=1|send=OK|raw=ok|parsed=OK],904,904,0,0,0,10.426,11.0949,23,95,568,419,690,7,2,0,OK,100,1,140,149,166.53,-1,36,78,81,1911,10829787,0,0,0,32.606,15,37,-1,0,0,0,0,0,0,OK,100,OK,100,1,telemetry=OK; video=OK; command=OK; rc=OK,OK,OK,OK,OK,50,50,0,126,0,1911,10829787,1904,0,0,0,0,0,0,0,0,0,0,1904,7,32.606,960,720,0,0,1,0,OK,0,,0,vision:ffmpeg_stream,,,CONNECTED,0,pitch,12,1,1,0,0,-25,0,0,0,0,0,0,0,124,249,1,0,0,0,0,0,0,0,466,1438,450,300,0,0,0,0,0,battery?,,ERROR,0,-1,-1
,gui,,CONTROL_PANEL,84398,86,2,1,1,352.5,0,705,0,1,0,0,0,0,0,0,0,0,0,0,0,1,0,streamon,ok,OK,vision,,attempt=1|send=OK|raw=ok|parsed=OK,executor_call=1|command=streamon|result=OK|response=ok|elapsed_ms=0|timing_total_ms=0|recv_wait_ms=0|attempt_log=[attempt=1|send=OK|raw=ok|parsed=OK],915,915,0,0,0,10.4368,11.3622,15,95,568,419,690,7,2,0,OK,100,1,140,144,166.89,1,36,78,81,1943,10963036,0,0,0,32.1861,13,32,-1,0,0,0,0,0,0,OK,100,OK,100,1,telemetry=OK; video=OK; command=OK; rc=OK,OK,OK,OK,OK,50,50,0,24,0,1943,10963036,1936,0,0,0,0,0,0,0,0,0,0,1936,7,32.1861,960,720,0,0,1,0,OK,0,,0,vision:ffmpeg_stream,,,CONNECTED,0,pitch,11,1,1,0,0,-25,0,0,0,0,0,0,0,125,250,1,0,0,0,0,0,0,0,474,1462,458,300,0,0,0,0,0,battery?,,ERROR,0,-1,-1
,gui,,CONTROL_PANEL,85398,87,2,1,1,352.5,0,705,0,1,0,0,0,0,0,0,0,0,0,0,0,1,0,streamon,ok,OK,vision,,attempt=1|send=OK|raw=ok|parsed=OK,executor_call=1|command=streamon|result=OK|response=ok|elapsed_ms=0|timing_total_ms=0|recv_wait_ms=0|attempt_log=[attempt=1|send=OK|raw=ok|parsed=OK],925,925,0,0,0,10.403,10.5224,56,96,568,419,690,7,2,0,OK,100,1,120,128,166.77,0,35,77,80,1975,11096308,0,0,0,32.5944,9,32,-1,0,0,0,0,0,0,OK,100,OK,100,1,telemetry=OK; video=OK; command=OK; rc=OK,OK,OK,OK,OK,51,50,0,22,0,1975,11096308,1968,0,0,0,0,0,0,0,0,0,0,1968,7,32.5944,960,720,0,0,1,0,OK,0,,0,vision:ffmpeg_stream,,,CONNECTED,0,pitch,10,1,1,0,0,-25,0,0,0,0,0,0,0,125,249,1,0,0,0,0,0,0,0,482,1486,466,300,0,0,0,0,0,battery?,,ERROR,0,-1,-1
,gui,,CONTROL_PANEL,86523,88,2,1,1,352.5,0,705,0,1,0,0,0,0,0,0,0,0,0,0,0,1,0,streamon,ok,OK,vision,,attempt=1|send=OK|raw=ok|parsed=OK,executor_call=1|command=streamon|result=OK|response=ok|elapsed_ms=0|timing_total_ms=0|recv_wait_ms=0|attempt_log=[attempt=1|send=OK|raw=ok|parsed=OK],937,937,0,0,0,10.4781,10.4647,28,95,568,419,690,7,2,0,OK,100,1,100,106,166.49,1,35,77,81,2011,11246334,0,0,0,32.5586,3,36,-1,0,0,0,0,0,0,OK,100,OK,100,1,telemetry=OK; video=OK; command=OK; rc=OK,OK,OK,OK,OK,50,50,0,46,0,2011,11246334,2004,0,0,0,0,0,0,0,0,0,0,2004,7,32.5586,960,720,0,0,1,0,OK,0,,0,vision:ffmpeg_stream,,,CONNECTED,0,pitch,12,1,1,0,0,-25,0,0,0,0,0,0,0,125,249,0,0,0,0,0,0,0,0,491,1513,475,300,0,0,0,0,0,battery?,,ERROR,0,-1,-1
,gui,,CONTROL_PANEL,87523,89,2,1,1,352.5,0,705,0,1,0,0,0,0,0,0,0,0,0,0,0,1,0,streamon,ok,OK,vision,,attempt=1|send=OK|raw=ok|parsed=OK,executor_call=1|command=streamon|result=OK|response=ok|elapsed_ms=0|timing_total_ms=0|recv_wait_ms=0|attempt_log=[attempt=1|send=OK|raw=ok|parsed=OK],947,947,0,0,0,3703.26,1168.04,44,0,568,392,944,8,2,0,OK,100,1,90,101,166.28,0,35,79,81,2034,11343667,0,0,0,86.6836,31,23,-1,0,0,0,0,0,0,OK,100,OK,100,1,telemetry=OK; video=OK; command=OK; rc=OK,OK,OK,OK,OK,50,50,0,45,0,2034,11343667,2027,0,0,0,0,0,0,0,0,0,0,2027,7,86.6836,960,720,0,0,1,0,OK,0,,0,vision:ffmpeg_stream,,,CONNECTED,0,pitch,10,1,1,0,0,-25,0,0,0,0,0,0,0,125,249,0,0,0,0,0,0,0,0,497,1530,481,300,0,0,0,0,0,battery?,,ERROR,0,-1,-1
,gui,,CONTROL_PANEL,88523,90,2,1,1,352.5,0,705,0,1,0,0,0,0,0,0,0,0,0,0,0,1,0,streamon,ok,OK,vision,,attempt=1|send=OK|raw=ok|parsed=OK,executor_call=1|command=streamon|result=OK|response=ok|elapsed_ms=0|timing_total_ms=0|recv_wait_ms=0|attempt_log=[attempt=1|send=OK|raw=ok|parsed=OK],958,958,0,0,0,10.4145,137.953,42,96,568,392,944,8,2,0,OK,100,1,80,85,165.92,1,35,79,80,2073,11504753,0,0,0,40.1793,45,39,-1,0,0,0,0,0,0,OK,100,OK,100,1,telemetry=OK; video=OK; command=OK; rc=OK,OK,OK,OK,OK,50,50,0,43,0,2073,11504753,2066,0,0,0,0,0,0,0,0,0,0,2066,7,40.1793,960,720,0,0,1,0,OK,0,,0,vision:ffmpeg_stream,,,CONNECTED,0,pitch,11,1,1,0,0,-25,0,0,0,0,0,0,0,125,249,0,0,0,0,0,0,0,0,504,1562,488,300,0,0,0,0,0,battery?,,ERROR,0,-1,-1
,gui,,CONTROL_PANEL,89648,91,2,1,1,352.5,0,705,0,1,0,0,0,0,0,0,0,0,0,0,0,1,0,streamon,ok,OK,vision,,attempt=1|send=OK|raw=ok|parsed=OK,executor_call=1|command=streamon|result=OK|response=ok|elapsed_ms=0|timing_total_ms=0|recv_wait_ms=0|attempt_log=[attempt=1|send=OK|raw=ok|parsed=OK],970,970,0,0,0,20.8035,21.254,61,48,568,392,944,8,2,0,OK,100,1,70,76,165.88,-1,34,78,81,2109,11654034,0,0,0,33.0274,22,36,-1,0,0,0,0,0,0,OK,100,OK,100,1,telemetry=OK; video=OK; command=OK; rc=OK,OK,OK,OK,OK,50,50,0,15,0,2109,11654034,2102,0,0,0,0,0,0,0,0,0,0,2102,7,33.0274,960,720,0,0,1,0,OK,0,,0,vision:ffmpeg_stream,,,CONNECTED,0,pitch,12,1,1,0,0,25,0,0,0,0,0,0,0,124,250,1,0,0,0,0,0,0,0,513,1589,497,300,0,0,0,0,0,battery?,,ERROR,0,-1,-1
,gui,,CONTROL_PANEL,90648,92,2,1,1,352.5,0,705,0,1,0,0,0,0,0,0,0,0,0,0,0,1,0,streamon,ok,OK,vision,,attempt=1|send=OK|raw=ok|parsed=OK,executor_call=1|command=streamon|result=OK|response=ok|elapsed_ms=0|timing_total_ms=0|recv_wait_ms=0|attempt_log=[attempt=1|send=OK|raw=ok|parsed=OK],981,981,0,0,0,10.3594,11.3397,4,96,568,392,944,8,2,0,OK,100,1,80,94,166.25,-1,34,78,82,2141,11787978,0,0,0,33.5583,21,32,-1,0,0,0,0,0,0,OK,100,OK,100,1,telemetry=OK; video=OK; command=OK; rc=OK,OK,OK,OK,OK,50,50,0,14,0,2141,11787978,2134,0,0,0,0,0,0,0,0,0,0,2134,7,33.5583,960,720,0,0,1,0,OK,0,,0,vision:ffmpeg_stream,,,CONNECTED,0,pitch,11,1,1,0,0,25,0,0,0,0,0,0,0,124,249,1,0,0,0,0,0,0,0,521,1613,505,300,0,0,0,0,0,battery?,,ERROR,0,-1,-1
,gui,,CONTROL_PANEL,91648,93,2,1,1,352.5,0,705,0,1,0,0,0,0,0,0,0,0,0,0,0,1,0,streamon,ok,OK,vision,,attempt=1|send=OK|raw=ok|parsed=OK,executor_call=1|command=streamon|result=OK|response=ok|elapsed_ms=0|timing_total_ms=0|recv_wait_ms=0|attempt_log=[attempt=1|send=OK|raw=ok|parsed=OK],991,991,0,0,0,10.4499,22.0462,40,95,568,392,944,8,2,0,OK,100,1,100,106,166.61,0,34,78,82,2173,11921495,0,0,0,51.0078,12,32,-1,0,0,0,0,0,0,OK,100,OK,100,1,telemetry=OK; video=OK; command=OK; rc=OK,OK,OK,OK,OK,50,50,0,13,0,2173,11921495,2166,0,0,0,0,0,0,0,0,0,0,2166,7,51.0078,960,720,0,0,1,0,OK,0,,0,vision:ffmpeg_stream,,,CONNECTED,0,pitch,10,1,1,0,0,25,0,0,0,0,0,0,0,125,249,1,0,0,0,0,0,0,0,528,1638,512,300,0,0,0,0,0,battery?,,ERROR,0,-1,-1
,gui,,CONTROL_PANEL,92773,94,2,1,1,352.5,0,705,0,1,0,0,0,0,0,0,0,0,0,0,0,1,0,streamon,ok,OK,vision,,attempt=1|send=OK|raw=ok|parsed=OK,executor_call=1|command=streamon|result=OK|response=ok|elapsed_ms=0|timing_total_ms=0|recv_wait_ms=0|attempt_log=[attempt=1|send=OK|raw=ok|parsed=OK],1003,1003,0,0,0,17.9896,12.7442,53,55,568,392,944,8,2,0,OK,100,1,110,120,166.46,-1,33,78,81,2209,12071558,0,0,0,37.9066,8,36,-1,0,0,0,0,0,0,OK,100,OK,100,1,telemetry=OK; video=OK; command=OK; rc=OK,OK,OK,OK,OK,50,50,0,35,0,2209,12071558,2202,0,0,0,0,0,0,0,0,0,0,2202,7,37.9066,960,720,0,0,1,0,OK,0,,0,vision:ffmpeg_stream,,,CONNECTED,0,pitch,12,1,1,0,0,25,0,0,0,0,0,0,0,125,249,0,0,0,0,0,0,0,0,537,1665,521,300,0,0,0,0,0,battery?,,ERROR,0,-1,-1
,gui,,CONTROL_PANEL,93898,95,2,1,1,352.5,0,705,0,1,0,0,0,0,0,0,0,0,0,0,0,1,0,streamon,ok,OK,vision,,attempt=1|send=OK|raw=ok|parsed=OK,executor_call=1|command=streamon|result=OK|response=ok|elapsed_ms=0|timing_total_ms=0|recv_wait_ms=0|attempt_log=[attempt=1|send=OK|raw=ok|parsed=OK],1015,1015,0,0,0,10.4226,11.2557,33,95,568,392,944,8,2,0,OK,100,1,120,134,166.5,-1,33,79,81,2245,12221548,0,0,0,37.2379,7,36,-1,0,0,0,0,0,0,OK,100,OK,100,1,telemetry=OK; video=OK; command=OK; rc=OK,OK,OK,OK,OK,50,50,0,8,0,2245,12221548,2238,0,0,0,0,0,0,0,0,0,0,2238,7,37.2379,960,720,0,0,1,0,OK,0,,0,vision:ffmpeg_stream,,,CONNECTED,0,pitch,12,1,1,0,0,25,0,0,0,0,0,0,0,125,250,1,0,0,0,0,0,0,0,546,1692,530,300,0,0,0,0,0,battery?,,ERROR,0,-1,-1
,gui,,CONTROL_PANEL,94898,96,2,1,1,352.5,0,705,0,1,0,0,0,0,0,0,0,0,0,0,0,1,0,streamon,ok,OK,vision,,attempt=1|send=OK|raw=ok|parsed=OK,executor_call=1|command=streamon|result=OK|response=ok|elapsed_ms=0|timing_total_ms=0|recv_wait_ms=0|attempt_log=[attempt=1|send=OK|raw=ok|parsed=OK],1025,1025,0,0,0,10.3645,10.494,72,96,568,392,944,8,2,0,OK,100,1,130,133,166.67,1,33,79,81,2277,12354840,0,0,0,32.5824,36,32,-1,0,0,0,0,0,0,OK,100,OK,100,1,telemetry=OK; video=OK; command=OK; rc=OK,OK,OK,OK,OK,50,50,0,7,0,2277,12354840,2269,0,0,0,0,0,0,0,0,0,0,2269,7,32.5824,960,720,0,0,1,0,OK,0,,0,vision:ffmpeg_stream,,,CONNECTED,0,pitch,10,1,1,0,0,-25,0,0,0,0,0,0,0,125,250,1,0,0,0,0,0,0,0,554,1715,538,300,0,0,0,0,0,battery?,,ERROR,0,-1,-1
,gui,,CONTROL_PANEL,96023,97,2,1,1,352.5,0,705,0,1,0,0,0,0,0,0,0,0,0,0,0,1,0,streamon,ok,OK,vision,,attempt=1|send=OK|raw=ok|parsed=OK,executor_call=1|command=streamon|result=OK|response=ok|elapsed_ms=0|timing_total_ms=0|recv_wait_ms=0|attempt_log=[attempt=1|send=OK|raw=ok|parsed=OK],1037,1037,0,0,0,9.87427,10.3295,32,101,568,392,944,8,2,0,OK,100,1,110,116,166.65,1,32,77,80,2313,12505120,0,0,0,42.6976,14,36,-1,0,0,0,0,0,0,OK,100,OK,100,1,telemetry=OK; video=OK; command=OK; rc=OK,OK,OK,OK,OK,50,50,0,30,0,2313,12505120,2306,0,0,0,0,0,0,0,0,0,0,2306,7,42.6976,960,720,0,0,1,0,OK,0,,0,vision:ffmpeg_stream,,,CONNECTED,0,pitch,12,1,1,0,0,-25,0,0,0,0,0,0,0,125,250,1,0,0,0,0,0,0,0,564,1742,547,300,0,0,0,0,0,battery?,,ERROR,0,-1,-1
,gui,,CONTROL_PANEL,97023,98,2,1,1,352.5,0,705,0,1,0,0,0,0,0,0,0,0,0,0,0,1,0,streamon,ok,OK,vision,,attempt=1|send=OK|raw=ok|parsed=OK,executor_call=1|command=streamon|result=OK|response=ok|elapsed_ms=0|timing_total_ms=0|recv_wait_ms=0|attempt_log=[attempt=1|send=OK|raw=ok|parsed=OK],1048,1048,0,0,0,15.7869,13.8673,9,63,568,392,944,8,2,0,OK,100,1,90,101,166.7,1,32,78,81,2343,12632033,0,0,0,44.0796,19,30,-1,0,0,0,0,0,0,OK,100,OK,100,1,telemetry=OK; video=OK; command=OK; rc=OK,OK,OK,OK,OK,50,50,0,30,0,2343,12632033,2336,0,0,0,0,0,0,0,0,0,0,2336,7,44.0796,960,720,0,0,1,0,OK,0,,0,vision:ffmpeg_stream,,,CONNECTED,0,pitch,11,1,1,0,0,-25,0,0,0,0,0,0,0,125,250,1,0,0,0,0,0,0,0,571,1765,554,300,0,0,0,0,0,battery?,,ERROR,0,-1,-1
,gui,,CONTROL_PANEL,98148,99,2,1,1,352.5,0,705,0,1,0,0,0,0,0,0,0,0,0,0,0,1,0,streamon,ok,OK,vision,,attempt=1|send=OK|raw=ok|parsed=OK,executor_call=1|command=streamon|result=OK|response=ok|elapsed_ms=0|timing_total_ms=0|recv_wait_ms=0|attempt_log=[attempt=1|send=OK|raw=ok|parsed=OK],1060,1060,0,0,0,10.3943,11.4976,30,96,568,392,944,8,2,0,OK,100,1,80,88,166.13,1,32,79,80,2379,12782633,0,0,0,33.9534,19,36,-1,0,0,0,0,0,0,OK,100,OK,100,1,telemetry=OK; video=OK; command=OK; rc=OK,OK,OK,OK,OK,50,50,0,2,0,2379,12782633,2372,0,0,0,0,0,0,0,0,0,0,2372,7,33.9534,960,720,0,0,1,0,OK,0,,0,vision:ffmpeg_stream,,,CONNECTED,0,pitch,12,1,1,0,0,-25,0,0,0,0,0,0,0,124,250,1,0,0,0,0,0,0,0,580,1792,563,300,0,0,0,0,0,battery?,,ERROR,0,-1,-1
,gui,,CONTROL_PANEL,99148,100,2,1,1,352.5,0,705,0,1,0,0,0,0,0,0,0,0,0,0,0,1,0,streamon,ok,OK,vision,,attempt=1|send=OK|raw=ok|parsed=OK,executor_call=1|command=streamon|result=OK|response=ok|elapsed_ms=0|timing_total_ms=0|recv_wait_ms=0|attempt_log=[attempt=1|send=OK|raw=ok|parsed=OK],1070,1070,0,0,0,10.4096,10.5322,70,96,568,392,944,8,2,0,OK,100,1,70,83,166,0,32,78,81,2411,12915989,0,0,0,32.367,15,32,-1,0,0,0,0,0,0,OK,100,OK,100,1,telemetry=OK; video=OK; command=OK; rc=OK,OK,OK,OK,OK,50,50,0,1,0,2411,12915989,2404,0,0,0,0,0,0,0,0,0,0,2404,7,32.367,960,720,0,0,1,0,OK,0,,0,vision:ffmpeg_stream,,,CONNECTED,0,pitch,10,1,1,0,0,25,0,0,0,0,0,0,0,125,250,1,0,0,0,0,0,0,0,588,1816,571,300,0,0,0,0,0,battery?,,ERROR,0,-1,-1
,gui,,CONTROL_PANEL,100148,101,2,1,1,352.5,0,705,0,1,0,0,0,0,0,0,0,0,0,0,0,1,0,streamon,ok,OK,vision,,attempt=1|send=OK|raw=ok|parsed=OK,executor_call=1|command=streamon|result=OK|response=ok|elapsed_ms=0|timing_total_ms=0|recv_wait_ms=0|attempt_log=[attempt=1|send=OK|raw=ok|parsed=OK],1081,1081,0,0,0,10.385,10.4336,14,96,568,392,944,8,2,0,OK,100,1,90,101,166.55,-1,31,79,82,2443,13049295,0,0,0,40.1766,12,32,-1,0,0,0,0,0,0,OK,100,OK,100,1,telemetry=OK; video=OK; command=OK; rc=OK,OK,OK,OK,OK,50,50,0,49,0,2443,13049295,2436,0,0,0,0,0,0,0,0,0,0,2436,7,40.1766,960,720,0,0,1,0,OK,0,,0,vision:ffmpeg_stream,,,CONNECTED,0,pitch,11,1,1,0,0,25,0,0,0,0,0,0,0,125,249,1,0,0,0,0,0,0,0,596,1840,579,300,0,0,0,0,0,battery?,,ERROR,0,-1,-1
,gui,,CONTROL_PANEL,101273,102,2,1,1,352.5,0,705,0,1,0,0,0,0,0,0,0,0,0,0,0,1,0,streamon,ok,OK,vision,,attempt=1|send=OK|raw=ok|parsed=OK,executor_call=1|command=streamon|result=OK|response=ok|elapsed_ms=0|timing_total_ms=0|recv_wait_ms=0|attempt_log=[attempt=1|send=OK|raw=ok|parsed=OK],1092,1092,0,0,0,23.7203,12.0982,2,42,568,392,944,8,2,0,OK,100,1,110,116,166.63,-1,31,79,81,2477,13191258,0,0,0,69.7564,4,34,-1,0,0,0,0,0,0,OK,100,OK,100,1,telemetry=OK; video=OK; command=OK; rc=OK,OK,OK,OK,OK,50,50,0,21,0,2477,13191258,2470,0,0,0,0,0,0,0,0,0,0,2470,7,69.7564,960,720,0,0,1,0,OK,0,,0,vision:ffmpeg_stream,,,CONNECTED,0,pitch,11,1,1,0,0,25,0,0,0,0,0,0,0,124,249,0,0,0,0,0,0,0,0,605,1865,588,300,0,0,0,0,0,battery?,,ERROR,0,-1,-1
,gui,,CONTROL_PANEL,102273,103,2,1,1,352.5,0,705,0,1,0,0,0,0,0,0,0,0,0,0,0,1,0,streamon,ok,OK,vision,,attempt=1|send=OK|raw=ok|parsed=OK,executor_call=1|command=streamon|result=OK|response=ok|elapsed_ms=0|timing_total_ms=0|recv_wait_ms=0|attempt_log=[attempt=1|send=OK|raw=ok|parsed=OK],1103,1103,0,0,0,10.381,11.6054,44,96,568,392,944,8,2,0,OK,100,1,120,129,166.42,-1,31,79,81,2510,13328568,0,0,0,32.3662,24,33,-1,0,0,0,0,0,0,OK,100,OK,100,1,telemetry=OK; video=OK; command=OK; rc=OK,OK,OK,OK,OK,50,50,0,20,0,2510,13328568,2503,0,0,0,0,0,0,0,0,0,0,2503,7,32.3662,960,720,0,0,1,0,OK,0,,0,vision:ffmpeg_stream,,,CONNECTED,0,pitch,11,1,1,0,0,25,0,0,0,0,0,0,0,125,249,0,0,0,0,0,0,0,0,612,1891,594,300,0,0,0,0,0,battery?,,ERROR,0,-1,-1
,gui,,CONTROL_PANEL,103397,104,2,1,1,352.5,0,705,0,1,0,0,0,0,0,0,0,0,0,0,0,1,0,streamon,ok,OK,vision,,attempt=1|send=OK|raw=ok|parsed=OK,executor_call=1|command=streamon|result=OK|response=ok|elapsed_ms=0|timing_total_ms=0|recv_wait_ms=0|attempt_log=[attempt=1|send=OK|raw=ok|parsed=OK],1115,1115,0,0,0,10.2571,11.7872,60,97,568,392,944,8,2,0,OK,100,1,130,143,166.52,0,30,78,80,2546,13478690,0,0,0,31.6938,23,36,-1,0,0,0,0,0,0,OK,100,OK,100,1,telemetry=OK; video=OK; command=OK; rc=OK,OK,OK,OK,OK,50,50,0,42,0,2546,13478690,2539,0,0,0,0,0,0,0,0,0,0,2539,7,31.6938,960,720,0,0,1,0,OK,0,,0,vision:ffmpeg_stream,,,CONNECTED,0,pitch,12,1,1,0,0,-25,0,0,0,0,0,0,0,124,250,1,0,0,0,0,0,0,0,621,1918,601,300,0,0,0,0,0,battery?,,ERROR,0,-1,-1
,gui,,CONTROL_PANEL,104398,105,2,1,1,352.5,0,705,0,1,0,0,0,0,0,0,0,0,0,0,0,1,0,streamon,ok,OK,vision,,attempt=1|send=OK|raw=ok|parsed=OK,executor_call=1|command=streamon|result=OK|response=ok|elapsed_ms=0|timing_total_ms=0|recv_wait_ms=0|attempt_log=[attempt=1|send=OK|raw=ok|parsed=OK],1126,1126,0,0,0,10.4067,10.5184,2,96,568,392,944,8,2,0,OK,100,1,120,133,166.61,1,30,78,80,2578,13610436,0,0,0,32.003,19,32,-1,0,0,0,0,0,0,OK,100,OK,100,1,telemetry=OK; video=OK; command=OK; rc=OK,OK,OK,OK,OK,50,50,0,41,0,2578,13610436,2571,0,0,0,0,0,0,0,0,0,0,2571,7,32.003,960,720,0,0,1,0,OK,0,,0,vision:ffmpeg_stream,,,CONNECTED,0,pitch,11,1,1,0,0,-25,0,0,0,0,0,0,0,125,250,1,0,0,0,0,0,0,0,629,1942,609,300,0,0,0,0,0,battery?,,ERROR,0,-1,-1
,gui,,CONTROL_PANEL,105398,106,2,1,1,352.5,0,705,0,1,0,0,0,0,0,0,0,0,0,0,0,1,0,streamon,ok,OK,vision,,attempt=1|send=OK|raw=ok|parsed=OK,executor_call=1|command=streamon|result=OK|response=ok|elapsed_ms=0|timing_total_ms=0|recv_wait_ms=0|attempt_log=[attempt=1|send=OK|raw=ok|parsed=OK],1135,1135,0,0,0,4.98704,9.13896,17,200,568,392,944,8,2,0,OK,100,1,110,120,166.44,1,30,79,80,2608,13735660,0,0,0,56.0386,3,30,-1,0,0,0,0,0,0,OK,100,OK,100,1,telemetry=OK; video=OK; command=OK; rc=OK,OK,OK,OK,OK,50,50,0,39,0,2608,13735660,2601,0,0,0,0,0,0,0,0,0,0,2601,7,56.0386,960,720,0,0,1,0,OK,0,,0,vision:ffmpeg_stream,,,CONNECTED,0,pitch,9,1,1,0,0,-25,0,0,0,0,0,0,0,125,250,0,0,0,0,0,0,0,0,637,1964,616,300,0,0,0,0,0,battery?,,ERROR,0,-1,-1
,gui,,CONTROL_PANEL,106523,107,2,1,1,352.5,0,705,0,1,0,0,0,0,0,0,0,0,0,0,0,1,0,streamon,ok,OK,vision,,attempt=1|send=OK|raw=ok|parsed=OK,executor_call=1|command=streamon|result=OK|response=ok|elapsed_ms=0|timing_total_ms=0|recv_wait_ms=0|attempt_log=[attempt=1|send=OK|raw=ok|parsed=OK],1148,1148,0,0,0,11.0563,18.4923,46,90,568,392,944,8,2,0,OK,100,1,90,100,166.06,1,30,78,81,2645,13891037,0,0,0,44.4098,6,37,-1,0,0,0,0,0,0,OK,100,OK,100,1,telemetry=OK; video=OK; command=OK; rc=OK,OK,OK,OK,OK,50,50,0,12,0,2645,13891037,2638,0,0,0,0,0,0,0,0,0,0,2638,7,44.4098,960,720,0,0,1,0,OK,0,,0,vision:ffmpeg_stream,,,CONNECTED,0,pitch,13,1,1,0,0,-25,0,0,0,0,0,0,0,124,250,1,0,0,0,0,0,0,0,646,1992,624,300,0,0,0,0,0,battery?,,ERROR,0,-1,-1
,gui,,CONTROL_PANEL,107648,108,2,1,1,352.5,0,705,0,1,0,0,0,0,0,0,0,0,0,0,0,1,0,streamon,ok,OK,vision,,attempt=1|send=OK|raw=ok|parsed=OK,executor_call=1|command=streamon|result=OK|response=ok|elapsed_ms=0|timing_total_ms=0|recv_wait_ms=0|attempt_log=[attempt=1|send=OK|raw=ok|parsed=OK],1160,1160,0,0,0,10.5192,11.2105,18,95,568,392,944,8,2,0,OK,100,1,80,84,166.08,1,30,78,80,2681,14042435,0,0,0,32.7475,2,36,-1,0,0,0,0,0,0,OK,100,OK,100,1,telemetry=OK; video=OK; command=OK; rc=OK,OK,OK,OK,OK,50,50,0,35,0,2681,14042435,2674,0,0,0,0,0,0,0,0,0,0,2674,7,32.7475,960,720,0,0,1,0,OK,0,,0,vision:ffmpeg_stream,,,CONNECTED,0,pitch,12,1,1,0,0,25,0,0,0,0,0,0,0,125,250,1,0,0,0,0,0,0,0,655,2019,633,300,0,0,0,0,0,battery?,,ERROR,0,-1,-1
,gui,,CONTROL_PANEL,108648,109,2,1,1,352.5,0,705,0,1,0,0,0,0,0,0,0,0,0,0,0,1,0,streamon,ok,OK,vision,,attempt=1|send=OK|raw=ok|parsed=OK,executor_call=1|command=streamon|result=OK|response=ok|elapsed_ms=0|timing_total_ms=0|recv_wait_ms=0|attempt_log=[attempt=1|send=OK|raw=ok|parsed=OK],1170,1170,0,0,0,10.4129,10.5052,56,96,568,392,944,8,2,0,OK,100,1,90,97,166.46,-1,29,79,81,2712,14171647,0,0,0,32.7845,29,31,-1,0,0,0,0,0,0,OK,100,OK,100,1,telemetry=OK; video=OK; command=OK; rc=OK,OK,OK,OK,OK,50,50,0,33,0,2712,14171647,2705,0,0,0,0,0,0,0,0,0,0,2705,7,32.7845,960,720,0,0,1,0,OK,0,,0,vision:ffmpeg_stream,,,CONNECTED,0,pitch,10,1,1,0,0,25,0,0,0,0,0,0,0,125,250,1,0,0,0,0,0,0,0,663,2042,641,300,0,0,0,0,0,battery?,,ERROR,0,-1,-1
,gui,,CONTROL_PANEL,109773,110,2,1,1,352.5,0,705,0,1,0,0,0,0,0,0,0,0,0,0,0,1,0,streamon,ok,OK,vision,,attempt=1|send=OK|raw=ok|parsed=OK,executor_call=1|command=streamon|result=OK|response=ok|elapsed_ms=0|timing_total_ms=0|recv_wait_ms=0|attempt_log=[attempt=1|send=OK|raw=ok|parsed=OK],1182,1182,0,0,0,10.5979,10.4455,28,94,568,392,944,8,2,0,OK,100,1,110,114,166.24,-1,29,79,81,2748,14321792,0,0,0,32.5419,26,36,-1,0,0,0,0,0,0,OK,100,OK,100,1,telemetry=OK; video=OK; command=OK; rc=OK,OK,OK,OK,OK,50,50,0,7,0,2748,14321792,2741,0,0,0,0,0,0,0,0,0,0,2741,7,32.5419,960,720,0,0,1,0,OK,0,,0,vision:ffmpeg_stream,,,CONNECTED,0,pitch,12,1,1,0,0,25,0,0,0,0,0,0,0,125,249,0,0,0,0,0,0,0,0,672,2069,650,300,0,0,0,0,0,battery?,,ERROR,0,-1,-1
,gui,,CONTROL_PANEL,110898,111,2,1,1,352.5,0,705,0,1,0,0,0,0,0,0,0,0,0,0,0,1,0,streamon,ok,OK,vision,,attempt=1|send=OK|raw=ok|parsed=OK,executor_call=1|command=streamon|result=OK|response=ok|elapsed_ms=0|timing_total_ms=0|recv_wait_ms=0|attempt_log=[attempt=1|send=OK|raw=ok|parsed=OK],1194,1194,0,0,0,10.334,10.4513,1,96,568,392,944,8,2,0,OK,100,1,120,131,166.45,-1,28,78,81,2784,14471675,0,0,0,32.6981,22,36,-1,0,0,0,0,0,0,OK,100,OK,100,1,telemetry=OK; video=OK; command=OK; rc=OK,OK,OK,OK,OK,50,50,0,30,0,2784,14471675,2777,0,0,0,0,0,0,0,0,0,0,2777,7,32.6981,960,720,0,0,1,0,OK,0,,0,vision:ffmpeg_stream,,,CONNECTED,0,pitch,12,1,1,0,0,25,0,0,0,0,0,0,0,125,250,1,0,0,0,0,0,0,0,681,2096,659,300,0,0,0,0,0,battery?,,ERROR,0,-1,-1
,gui,,CONTROL_PANEL,112023,112,2,1,1,352.5,0,705,0,1,0,0,0,0,0,0,0,0,0,0,0,1,0,streamon,ok,OK,vision,,attempt=1|send=OK|raw=ok|parsed=OK,executor_call=1|command=streamon|result=OK|response=ok|elapsed_ms=0|timing_total_ms=0|recv_wait_ms=0|attempt_log=[attempt=1|send=OK|raw=ok|parsed=OK],1206,1206,0,0,0,10.4775,20.2118,0,95,568,443,1196,9,2,0,OK,100,1,130,136,166.51,0,27,78,80,2821,14624706,0,0,0,67.2009,3,37,-1,0,0,0,0,0,0,OK,100,OK,100,1,telemetry=OK; video=OK; command=OK; rc=OK,OK,OK,OK,OK,50,50,0,3,0,2821,14624706,2814,0,0,0,0,0,0,0,0,0,0,2814,7,67.2009,960,720,0,0,1,0,OK,0,,0,vision:ffmpeg_stream,,,CONNECTED,0,pitch,12,1,1,0,0,25,0,0,0,0,0,0,0,125,250,1,0,0,0,0,0,0,0,689,2125,666,300,0,0,0,0,0,battery?,,ERROR,0,-1,-1
,gui,,CONTROL_PANEL,113148,113,2,1,1,352.5,0,705,0,1,0,0,0,0,0,0,0,0,0,0,0,1,0,streamon,ok,OK,vision,,attempt=1|send=OK|raw=ok|parsed=OK,executor_call=1|command=streamon|result=OK|response=ok|elapsed_ms=0|timing_total_ms=0|recv_wait_ms=0|attempt_log=[attempt=1|send=OK|raw=ok|parsed=OK],1218,1218,0,0,0,10.8421,12.716,21,92,568,443,1196,9,2,0,OK,100,1,140,147,166.39,-1,27,79,81,2856,14770417,0,0,0,32.8536,13,35,-1,0,0,0,0,0,0,OK,100,OK,100,1,telemetry=OK; video=OK; command=OK; rc=OK,OK,OK,OK,OK,50,50,0,26,0,2856,14770417,2849,0,0,0,0,0,0,0,0,0,0,2849,7,32.8536,960,720,0,0,1,0,OK,0,,0,vision:ffmpeg_stream,,,CONNECTED,0,pitch,12,1,1,0,0,25,0,0,0,0,0,0,0,125,249,0,0,0,0,0,0,0,0,698,2151,675,300,0,0,0,0,0,battery?,,ERROR,0,-1,-1
,gui,,CONTROL_PANEL,114148,114,2,1,1,352.5,0,705,0,1,0,0,0,0,0,0,0,0,0,0,0,1,0,streamon,ok,OK,vision,,attempt=1|send=OK|raw=ok|parsed=OK,executor_call=1|command=streamon|result=OK|response=ok|elapsed_ms=0|timing_total_ms=0|recv_wait_ms=0|attempt_log=[attempt=1|send=OK|raw=ok|parsed=OK],1228,1228,0,0,0,10.7464,16.3059,65,93,568,443,1196,9,2,0,OK,100,1,150,157,166.57,0,26,79,81,2888,14903781,0,0,0,43.3304,9,32,-1,0,0,0,0,0,0,OK,100,OK,100,1,telemetry=OK; video=OK; command=OK; rc=OK,OK,OK,OK,OK,51,50,0,25,0,2888,14903781,2881,0,0,0,0,0,0,0,0,0,0,2881,7,43.3304,960,720,0,0,1,0,OK,0,,0,vision:ffmpeg_stream,,,CONNECTED,0,pitch,10,1,1,0,0,-25,0,0,0,0,0,0,0,125,250,0,0,0,0,0,0,0,0,706,2175,682,300,0,0,0,0,0,battery?,,ERROR,0,-1,-1
,gui,,CONTROL_PANEL,115273,115,2,1,1,352.5,0,705,0,1,0,0,0,0,0,0,0,0,0,0,0,1,0,streamon,ok,OK,vision,,attempt=1|send=OK|raw=ok|parsed=OK,executor_call=1|command=streamon|result=OK|response=ok|elapsed_ms=0|timing_total_ms=0|recv_wait_ms=0|attempt_log=[attempt=1|send=OK|raw=ok|parsed=OK],1234,1234,0,0,0,5.12217,9.90303,408,195,568,443,1196,9,2,0,DEGRADED,60,1,150,153,166.59,1,26,79,81,2904,14970748,0,0,0,31.7448,437,16,-1,0,0,0,0,0,0,DEGRADED,60,DEGRADED,60,1,telemetry=DEGRADED; video=DEGRADED; command=OK; rc=OK,DEGRADED,DEGRADED,OK,OK,50,50,0,48,0,2904,14970748,2897,0,0,0,0,0,0,0,0,0,0,2897,7,31.7448,960,720,0,0,1,0,OK,0,,0,vision:ffmpeg_stream,,,CONNECTED,0,pitch,6,1,1,0,0,-25,0,0,0,0,0,0,0,125,249,0,0,0,0,0,0,0,0,710,2187,687,300,0,0,0,0,0,battery?,,ERROR,0,-1,-1
,gui,,CONTROL_PANEL,116397,116,2,1,1,352.5,0,705,0,1,0,0,0,0,0,0,0,0,0,0,0,1,0,streamon,ok,OK,vision,,attempt=1|send=OK|raw=ok|parsed=OK,executor_call=1|command=streamon|result=OK|response=ok|elapsed_ms=0|timing_total_ms=0|recv_wait_ms=0|attempt_log=[attempt=1|send=OK|raw=ok|parsed=OK],1251,1251,0,0,0,9.75267,99.2357,78,102,772,772,1235,10,3,0,OK,100,1,140,148,166.88,0,25,80,81,2941,15123908,0,0,0,95.2191,4,37,-1,0,0,0,0,0,0,OK,100,OK,100,1,telemetry=OK; video=OK; command=OK; rc=OK,OK,OK,OK,OK,50,50,0,21,0,2941,15123908,2934,0,0,0,0,0,0,0,0,0,0,2934,7,95.2191,960,720,0,0,1,0,OK,0,,0,vision:ffmpeg_stream,,,CONNECTED,0,pitch,17,1,1,0,0,-25,0,0,0,0,0,0,0,124,249,1,0,0,0,0,0,0,0,717,2217,693,300,0,0,0,0,0,battery?,,ERROR,0,-1,-1
,gui,,CONTROL_PANEL,117398,117,2,1,1,352.5,0,705,0,1,0,0,0,0,0,0,0,0,0,0,0,1,0,streamon,ok,OK,vision,,attempt=1|send=OK|raw=ok|parsed=OK,executor_call=1|command=streamon|result=OK|response=ok|elapsed_ms=0|timing_total_ms=0|recv_wait_ms=0|attempt_log=[attempt=1|send=OK|raw=ok|parsed=OK],1262,1262,0,0,0,10.2586,18.638,89,97,772,772,1235,10,3,0,OK,100,1,130,138,166.25,1,25,79,82,2990,15329089,0,0,0,32.9578,29,49,-1,0,0,0,0,0,0,OK,100,OK,100,1,telemetry=OK; video=OK; command=OK; rc=OK,OK,OK,OK,OK,50,50,0,19,0,2990,15329089,2983,0,0,0,0,0,0,0,0,0,0,2983,7,32.9578,960,720,0,0,1,0,OK,0,,0,vision:ffmpeg_stream,,,CONNECTED,0,pitch,11,1,1,0,0,-25,0,0,0,0,0,0,0,124,250,0,0,0,0,0,0,0,0,726,2257,701,300,0,0,0,0,0,battery?,,ERROR,0,-1,-1
,gui,,CONTROL_PANEL,118523,118,2,1,1,352.5,0,705,0,1,0,0,0,0,0,0,0,0,0,0,0,1,0,streamon,ok,OK,vision,,attempt=1|send=OK|raw=ok|parsed=OK,executor_call=1|command=streamon|result=OK|response=ok|elapsed_ms=0|timing_total_ms=0|recv_wait_ms=0|attempt_log=[attempt=1|send=OK|raw=ok|parsed=OK],1274,1274,0,0,0,10.4019,10.9769,63,96,772,772,1235,10,3,0,OK,100,1,110,115,166.46,1,24,79,81,3026,15479162,0,0,0,32.1424,22,36,-1,0,0,0,0,0,0,OK,100,OK,100,1,telemetry=OK; video=OK; command=OK; rc=OK,OK,OK,OK,OK,50,50,0,42,0,3026,15479162,3019,0,0,0,0,0,0,0,0,0,0,3019,7,32.1424,960,720,0,0,1,0,OK,0,,0,vision:ffmpeg_stream,,,CONNECTED,0,pitch,12,1,1,0,0,-25,0,0,0,0,0,0,0,125,250,0,0,0,0,0,0,0,0,735,2284,710,300,0,0,0,0,0,battery?,,ERROR,0,-1,-1
,gui,,CONTROL_PANEL,119523,119,2,1,1,352.5,0,705,0,1,0,0,0,0,0,0,0,0,0,0,0,1,0,streamon,ok,OK,vision,,attempt=1|send=OK|raw=ok|parsed=OK,executor_call=1|command=streamon|result=OK|response=ok|elapsed_ms=0|timing_total_ms=0|recv_wait_ms=0|attempt_log=[attempt=1|send=OK|raw=ok|parsed=OK],1284,1284,0,0,0,93.3514,26.2068,87,10,772,772,1235,10,3,0,OK,100,1,90,100,166.45,1,24,79,81,3057,15610826,0,0,0,95.096,20,31,-1,0,0,0,0,0,0,OK,100,OK,100,1,telemetry=OK; video=OK; command=OK; rc=OK,OK,OK,OK,OK,50,50,0,40,0,3057,15610826,3050,0,0,0,0,0,0,0,0,0,0,3050,7,95.096,960,720,0,0,1,0,OK,0,,0,vision:ffmpeg_stream,,,CONNECTED,0,pitch,10,1,1,0,0,-25,0,0,0,0,0,0,0,125,249,0,0,0,0,0,0,0,0,742,2308,717,300,0,0,0,0,0,battery?,,ERROR,0,-1,-1
,gui,,CONTROL_PANEL,120648,120,2,1,1,352.5,0,705,0,1,0,0,0,0,0,0,0,0,0,0,0,1,0,streamon,ok,OK,vision,,attempt=1|send=OK|raw=ok|parsed=OK,executor_call=1|command=streamon|result=OK|response=ok|elapsed_ms=0|timing_total_ms=0|recv_wait_ms=0|attempt_log=[attempt=1|send=OK|raw=ok|parsed=OK],1297,1297,0,0,0,10.4827,11.6539,26,95,772,772,1235,10,3,0,OK,100,1,80,94,166.25,0,24,79,82,3093,15760966,0,0,0,34.7923,13,36,-1,0,0,0,0,0,0,OK,100,OK,100,1,telemetry=OK; video=OK; command=OK; rc=OK,OK,OK,OK,OK,50,50,0,13,0,3093,15760966,3086,0,0,0,0,0,0,0,0,0,0,3086,7,34.7923,960,720,0,0,1,0,OK,0,,0,vision:ffmpeg_stream,,,CONNECTED,0,pitch,13,1,1,0,0,25,0,0,0,0,0,0,0,125,248,1,0,0,0,0,0,0,0,751,2335,726,300,0,0,0,0,0,battery?,,ERROR,0,-1,-1
,gui,,CONTROL_PANEL,121648,121,2,1,1,352.5,0,705,0,1,0,0,0,0,0,0,0,0,0,0,0,1,0,streamon,ok,OK,vision,,attempt=1|send=OK|raw=ok|parsed=OK,executor_call=1|command=streamon|result=OK|response=ok|elapsed_ms=0|timing_total_ms=0|recv_wait_ms=0|attempt_log=[attempt=1|send=OK|raw=ok|parsed=OK],1307,1307,0,0,0,10.0603,15.2243,2,99,772,772,1235,10,3,0,OK,100,1,100,106,166.2,-1,24,79,81,3120,15872577,0,0,0,37.9736,11,27,-1,0,0,0,0,0,0,OK,100,OK,100,1,telemetry=OK; video=OK; command=OK; rc=OK,OK,OK,OK,OK,50,50,0,13,0,3120,15872577,3113,0,0,0,0,0,0,0,0,0,0,3113,7,37.9736,960,720,0,0,1,0,OK,0,,0,vision:ffmpeg_stream,,,CONNECTED,0,pitch,10,1,1,0,0,25,0,0,0,0,0,0,0,125,250,1,0,0,0,0,0,0,0,759,2354,734,300,0,0,0,0,0,battery?,,ERROR,0,-1,-1
,gui,,CONTROL_PANEL,122773,122,2,1,1,352.5,0,705,0,1,0,0,0,0,0,0,0,0,0,0,0,1,0,streamon,ok,OK,vision,,attempt=1|send=OK|raw=ok|parsed=OK,executor_call=1|command=streamon|result=OK|response=ok|elapsed_ms=0|timing_total_ms=0|recv_wait_ms=0|attempt_log=[attempt=1|send=OK|raw=ok|parsed=OK],1319,1319,0,0,0,10.4442,12.9397,58,95,772,772,1235,10,3,0,OK,100,1,110,122,166.54,-1,23,78,82,3161,16044490,0,0,0,32.5265,6,41,-1,0,0,0,0,0,0,OK,100,OK,100,1,telemetry=OK; video=OK; command=OK; rc=OK,OK,OK,OK,OK,50,50,0,35,0,3161,16044490,3154,0,0,0,0,0,0,0,0,0,0,3154,7,32.5265,960,720,0,0,1,0,OK,0,,0,vision:ffmpeg_stream,,,CONNECTED,0,pitch,12,1,1,0,0,25,0,0,0,0,0,0,0,125,250,0,0,0,0,0,0,0,0,769,2385,742,300,0,0,0,0,0,battery?,,ERROR,0,-1,-1
,gui,,CONTROL_PANEL,123898,123,2,1,1,352.5,0,705,0,1,0,0,0,0,0,0,0,0,0,0,0,1,0,streamon,ok,OK,vision,,attempt=1|send=OK|raw=ok|parsed=OK,executor_call=1|command=streamon|result=OK|response=ok|elapsed_ms=0|timing_total_ms=0|recv_wait_ms=0|attempt_log=[attempt=1|send=OK|raw=ok|parsed=OK],1330,1330,0,0,0,11.041,10.6939,127,90,772,772,1235,10,3,0,OK,100,1,120,133,166.37,-1,23,80,81,3195,16184681,0,0,0,31.8259,59,34,-1,0,0,0,0,0,0,OK,100,OK,100,1,telemetry=OK; video=OK; command=OK; rc=OK,OK,OK,OK,OK,50,50,0,8,0,3195,16184681,3188,0,0,0,0,0,0,0,0,0,0,3188,7,31.8259,960,720,0,0,1,0,OK,0,,0,vision:ffmpeg_stream,,,CONNECTED,0,pitch,11,1,1,0,0,25,0,0,0,0,0,0,0,125,250,0,0,0,0,0,0,0,0,778,2410,751,300,0,0,0,0,0,battery?,,ERROR,0,-1,-1
,gui,,CONTROL_PANEL,124898,124,2,1,1,352.5,0,705,0,1,0,0,0,0,0,0,0,0,0,0,0,1,0,streamon,ok,OK,vision,,attempt=1|send=OK|raw=ok|parsed=OK,executor_call=1|command=streamon|result=OK|response=ok|elapsed_ms=0|timing_total_ms=0|recv_wait_ms=0|attempt_log=[attempt=1|send=OK|raw=ok|parsed=OK],1339,1339,0,0,0,415.913,118.384,198,2,772,301,1337,11,3,0,OK,100,1,130,141,166.62,-1,23,79,82,3221,16289193,0,0,0,93.5799,13,26,-1,0,0,0,0,0,0,OK,100,OK,100,1,telemetry=OK; video=OK; command=OK; rc=OK,OK,OK,OK,OK,50,50,0,6,0,3221,16289193,3214,0,0,0,0,0,0,0,0,0,0,3214,7,93.5799,960,720,0,0,1,0,OK,0,,0,vision:ffmpeg_stream,,,CONNECTED,0,pitch,9,1,1,0,0,25,0,0,0,0,0,0,0,124,249,1,0,0,0,0,0,0,0,784,2430,756,300,0,0,0,0,0,battery?,,ERROR,0,-1,-1
,gui,,CONTROL_PANEL,126023,125,2,1,1,352.5,0,705,0,1,0,0,0,0,0,0,0,0,0,0,0,1,0,streamon,ok,OK,vision,,attempt=1|send=OK|raw=ok|parsed=OK,executor_call=1|command=streamon|result=OK|response=ok|elapsed_ms=0|timing_total_ms=0|recv_wait_ms=0|attempt_log=[attempt=1|send=OK|raw=ok|parsed=OK],1353,1353,0,0,0,12.8461,33.6761,12,77,772,301,1337,11,3,0,OK,100,1,140,147,166.55,1,22,79,81,3261,16457383,0,0,0,47.8342,4,40,-1,0,0,0,0,0,0,OK,100,OK,100,1,telemetry=OK; video=OK; command=OK; rc=OK,OK,OK,OK,OK,50,50,0,29,0,3261,16457383,3254,0,0,0,0,0,0,0,0,0,0,3254,7,47.8342,960,720,0,0,1,0,OK,0,,0,vision:ffmpeg_stream,,,CONNECTED,0,pitch,14,1,1,0,0,-25,0,0,0,0,0,0,0,125,249,0,0,0,0,0,0,0,0,792,2462,764,300,0,0,0,0,0,battery?,,ERROR,0,-1,-1
,gui,,CONTROL_PANEL,127023,126,2,1,1,352.5,0,705,0,1,0,0,0,0,0,0,0,0,0,0,0,1,0,streamon,ok,OK,vision,,attempt=1|send=OK|raw=ok|parsed=OK,executor_call=1|command=streamon|result=OK|response=ok|elapsed_ms=0|timing_total_ms=0|recv_wait_ms=0|attempt_log=[attempt=1|send=OK|raw=ok|parsed=OK],1364,1364,0,0,0,22.8284,18.5024,60,43,772,301,1337,11,3,0,OK,100,1,120,131,166.6,1,22,79,82,3295,16597348,0,0,0,32.516,18,34,-1,0,0,0,0,0,0,OK,100,OK,100,1,telemetry=OK; video=OK; command=OK; rc=OK,OK,OK,OK,OK,50,50,0,28,0,3295,16597348,3288,0,0,0,0,0,0,0,0,0,0,3288,7,32.516,960,720,0,0,1,0,OK,0,,0,vision:ffmpeg_stream,,,CONNECTED,0,pitch,11,1,1,0,0,-25,0,0,0,0,0,0,0,125,249,0,0,0,0,0,0,0,0,798,2490,770,300,0,0,0,0,0,battery?,,ERROR,0,-1,-1
,gui,,CONTROL_PANEL,128148,127,2,1,1,352.5,0,705,0,1,0,0,0,0,0,0,0,0,0,0,0,1,0,streamon,ok,OK,vision,,attempt=1|send=OK|raw=ok|parsed=OK,executor_call=1|command=streamon|result=OK|response=ok|elapsed_ms=0|timing_total_ms=0|recv_wait_ms=0|attempt_log=[attempt=1|send=OK|raw=ok|parsed=OK],1376,1376,0,0,0,10.3426,10.9404,31,96,772,301,1337,11,3,0,OK,100,1,110,119,166.36,1,22,79,82,3331,16747409,0,0,0,34.0507,18,36,-1,0,0,0,0,0,0,OK,100,OK,100,1,telemetry=OK; video=OK; command=OK; rc=OK,OK,OK,OK,OK,50,50,0,2,0,3331,16747409,3324,0,0,0,0,0,0,0,0,0,0,3324,7,34.0507,960,720,0,0,1,0,OK,0,,0,vision:ffmpeg_stream,,,CONNECTED,0,pitch,12,1,1,0,0,-25,0,0,0,0,0,0,0,125,250,0,0,0,0,0,0,0,0,808,2516,779,300,0,0,0,0,0,battery?,,ERROR,0,-1,-1
,gui,,CONTROL_PANEL,129273,128,2,1,1,352.5,0,705,0,1,0,0,0,0,0,0,0,0,0,0,0,1,0,streamon,ok,OK,vision,,attempt=1|send=OK|raw=ok|parsed=OK,executor_call=1|command=streamon|result=OK|response=ok|elapsed_ms=0|timing_total_ms=0|recv_wait_ms=0|attempt_log=[attempt=1|send=OK|raw=ok|parsed=OK],1388,1388,0,0,0,10.6128,10.4756,5,94,772,301,1337,11,3,0,OK,100,1,100,104,166.49,1,22,79,81,3367,16897479,0,0,0,33.1977,13,36,-1,0,0,0,0,0,0,OK,100,OK,100,1,telemetry=OK; video=OK; command=OK; rc=OK,OK,OK,OK,OK,50,50,0,24,0,3367,16897479,3360,0,0,0,0,0,0,0,0,0,0,3360,7,33.1977,960,720,0,0,1,0,OK,0,,0,vision:ffmpeg_stream,,,CONNECTED,0,pitch,12,1,1,0,0,-25,0,0,0,0,0,0,0,125,250,1,0,0,0,0,0,0,0,817,2543,788,300,0,0,0,0,0,battery?,,ERROR,0,-1,-1
,gui,,CONTROL_PANEL,130398,129,2,1,1,352.5,0,705,0,1,0,0,0,0,0,0,0,0,0,0,0,1,0,streamon,ok,OK,vision,,attempt=1|send=OK|raw=ok|parsed=OK,executor_call=1|command=streamon|result=OK|response=ok|elapsed_ms=0|timing_total_ms=0|recv_wait_ms=0|attempt_log=[attempt=1|send=OK|raw=ok|parsed=OK],1400,1400,0,0,0,10.4375,29.3501,21,95,772,301,1337,11,3,0,OK,100,1,80,84,166.06,1,21,79,81,3402,17046026,0,0,0,34.1465,4,35,-1,0,0,0,0,0,0,OK,100,OK,100,1,telemetry=OK; video=OK; command=OK; rc=OK,OK,OK,OK,OK,51,50,0,47,0,3402,17046026,3395,0,0,0,0,0,0,0,0,0,0,3395,7,34.1465,960,720,0,0,1,0,OK,0,,0,vision:ffmpeg_stream,,,CONNECTED,0,pitch,12,1,1,0,0,25,0,0,0,0,0,0,0,124,250,1,0,0,0,0,0,0,0,825,2570,796,300,0,0,0,0,0,battery?,,ERROR,0,-1,-1
,gui,,CONTROL_PANEL,131522,130,2,1,1,352.5,0,705,0,1,0,0,0,0,0,0,0,0,0,0,0,1,0,streamon,ok,OK,vision,,attempt=1|send=OK|raw=ok|parsed=OK,executor_call=1|command=streamon|result=OK|response=ok|elapsed_ms=0|timing_total_ms=0|recv_wait_ms=0|attempt_log=[attempt=1|send=OK|raw=ok|parsed=OK],1411,1411,0,0,0,10.1906,12.0106,87,98,772,301,1337,11,3,0,OK,100,1,80,92,166.13,-1,21,79,82,3438,17195992,0,0,0,33.1904,36,36,-1,0,0,0,0,0,0,OK,100,OK,100,1,telemetry=OK; video=OK; command=OK; rc=OK,OK,OK,OK,OK,50,50,0,21,0,3438,17195992,3430,0,0,0,0,0,0,0,0,0,0,3430,7,33.1904,960,720,0,0,1,0,OK,0,,0,vision:ffmpeg_stream,,,CONNECTED,0,pitch,11,1,1,0,0,25,0,0,0,0,0,0,0,125,249,1,0,0,0,0,0,0,0,834,2596,805,300,0,0,0,0,0,battery?,,ERROR,0,-1,-1
,gui,,CONTROL_PANEL,132648,131,2,1,1,352.5,0,705,0,1,0,0,0,0,0,0,0,0,0,0,0,1,0,streamon,ok,OK,vision,,attempt=1|send=OK|raw=ok|parsed=OK,executor_call=1|command=streamon|result=OK|response=ok|elapsed_ms=0|timing_total_ms=0|recv_wait_ms=0|attempt_log=[attempt=1|send=OK|raw=ok|parsed=OK],1423,1423,0,0,0,10.2845,10.5159,61,97,772,301,1337,11,3,0,OK,100,1,100,108,166.38,-1,20,79,82,3473,17341959,0,0,0,32.4373,30,35,-1,0,0,0,0,0,0,OK,100,OK,100,1,telemetry=OK; video=OK; command=OK; rc=OK,OK,OK,OK,OK,50,50,0,44,0,3473,17341959,3466,0,0,0,0,0,0,0,0,0,0,3466,7,32.4373,960,720,0,0,1,0,OK,0,,0,vision:ffmpeg_stream,,,CONNECTED,0,pitch,12,1,1,0,0,25,0,0,0,0,0,0,0,125,250,0,0,0,0,0,0,0,0,843,2623,813,300,0,0,0,0,0,battery?,,ERROR,0,-1,-1
,gui,,CONTROL_PANEL,133773,132,2,1,1,352.5,0,705,0,1,0,0,0,0,0,0,0,0,0,0,0,1,0,streamon,ok,OK,vision,,attempt=1|send=OK|raw=ok|parsed=OK,executor_call=1|command=streamon|result=OK|response=ok|elapsed_ms=0|timing_total_ms=0|recv_wait_ms=0|attempt_log=[attempt=1|send=OK|raw=ok|parsed=OK],1435,1435,0,0,0,10.5841,11.4048,83,94,772,301,1337,11,3,0,OK,100,1,110,120,166.51,-1,20,79,82,3509,17491633,0,0,0,35.3903,25,36,-1,0,0,0,0,0,0,OK,100,OK,100,1,telemetry=OK; video=OK; command=OK; rc=OK,OK,OK,OK,OK,50,50,0,17,0,3509,17491633,3502,0,0,0,0,0,0,0,0,0,0,3502,7,35.3903,960,720,0,0,1,0,OK,0,,0,vision:ffmpeg_stream,,,CONNECTED,0,pitch,12,1,1,0,0,25,0,0,0,0,0,0,0,125,250,0,0,0,0,0,0,0,0,852,2650,821,300,0,0,0,0,0,battery?,,ERROR,0,-1,-1
,gui,,CONTROL_PANEL,134898,133,2,1,1,352.5,0,705,0,1,0,0,0,0,0,0,0,0,0,0,0,1,0,streamon,ok,OK,vision,,attempt=1|send=OK|raw=ok|parsed=OK,executor_call=1|command=streamon|result=OK|response=ok|elapsed_ms=0|timing_total_ms=0|recv_wait_ms=0|attempt_log=[attempt=1|send=OK|raw=ok|parsed=OK],1447,1447,0,0,0,10.6193,10.4913,54,94,772,301,1337,11,3,0,OK,100,1,120,130,166.19,0,20,79,82,3545,17641899,0,0,0,32.624,18,36,-1,0,0,0,0,0,0,OK,100,OK,100,1,telemetry=OK; video=OK; command=OK; rc=OK,OK,OK,OK,OK,50,50,0,41,0,3545,17641899,3538,0,0,0,0,0,0,0,0,0,0,3538,7,32.624,960,720,0,0,1,0,OK,0,,0,vision:ffmpeg_stream,,,CONNECTED,0,pitch,12,1,1,0,0,-25,0,0,0,0,0,0,0,125,250,1,0,0,0,0,0,0,0,861,2677,830,300,0,0,0,0,0,battery?,,ERROR,0,-1,-1
,gui,,CONTROL_PANEL,136023,134,2,1,1,352.5,0,705,0,1,0,0,0,0,0,0,0,0,0,0,0,1,0,streamon,ok,OK,vision,,attempt=1|send=OK|raw=ok|parsed=OK,executor_call=1|command=streamon|result=OK|response=ok|elapsed_ms=0|timing_total_ms=0|recv_wait_ms=0|attempt_log=[attempt=1|send=OK|raw=ok|parsed=OK],1459,1459,0,0,0,12.9544,12.0023,24,77,772,301,1337,11,3,0,OK,100,1,110,115,166.18,0,20,79,82,3581,17792140,0,0,0,42.6898,11,36,-1,0,0,0,0,0,0,OK,100,OK,100,1,telemetry=OK; video=OK; command=OK; rc=OK,OK,OK,OK,OK,51,50,0,13,0,3581,17792140,3574,0,0,0,0,0,0,0,0,0,0,3574,7,42.6898,960,720,0,0,1,0,OK,0,,0,vision:ffmpeg_stream,,,CONNECTED,0,pitch,12,1,1,0,0,-25,0,0,0,0,0,0,0,125,250,0,0,0,0,0,0,0,0,871,2703,839,300,0,0,0,0,0,battery?,,ERROR,0,-1,-1
,gui,,CONTROL_PANEL,137023,135,2,1,1,352.5,0,705,0,1,0,0,0,0,0,0,0,0,0,0,0,1,0,streamon,ok,OK,vision,,attempt=1|send=OK|raw=ok|parsed=OK,executor_call=1|command=streamon|result=OK|response=ok|elapsed_ms=0|timing_total_ms=0|recv_wait_ms=0|attempt_log=[attempt=1|send=OK|raw=ok|parsed=OK],1469,1469,0,0,0,11.5191,10.7449,63,86,772,301,1337,11,3,0,OK,100,1,90,92,165.98,1,19,79,82,3613,17925318,0,0,0,32.4164,5,32,-1,0,0,0,0,0,0,OK,100,OK,100,1,telemetry=OK; video=OK; command=OK; rc=OK,OK,OK,OK,OK,50,50,0,12,0,3613,17925318,3606,0,0,0,0,0,0,0,0,0,0,3606,7,32.4164,960,720,0,0,1,0,OK,0,,0,vision:ffmpeg_stream,,,CONNECTED,0,pitch,10,1,1,0,0,-25,0,0,0,0,0,0,0,125,250,0,0,0,0,0,0,0,0,879,2727,847,300,0,0,0,0,0,battery?,,ERROR,0,-1,-1
,gui,,CONTROL_PANEL,138148,136,2,1,1,352.5,0,705,0,1,0,0,0,0,0,0,0,0,0,0,0,1,0,streamon,ok,OK,vision,,attempt=1|send=OK|raw=ok|parsed=OK,executor_call=1|command=streamon|result=OK|response=ok|elapsed_ms=0|timing_total_ms=0|recv_wait_ms=0|attempt_log=[attempt=1|send=OK|raw=ok|parsed=OK],1481,1481,0,0,0,10.4229,12.5149,82,95,772,301,1337,11,3,0,OK,100,1,60,71,165.87,1,19,80,81,3649,18075371,0,0,0,32.8747,1,36,-1,0,0,0,0,0,0,OK,100,OK,100,1,telemetry=OK; video=OK; command=OK; rc=OK,OK,OK,OK,OK,50,50,0,35,0,3649,18075371,3642,0,0,0,0,0,0,0,0,0,0,3642,7,32.8747,960,720,0,0,1,0,OK,0,,0,vision:ffmpeg_stream,,,CONNECTED,0,pitch,12,1,1,0,0,-25,0,0,0,0,0,0,0,125,249,1,0,0,0,0,0,0,0,888,2754,856,300,0,0,0,0,0,battery?,,ERROR,0,-1,-1
,gui,,CONTROL_PANEL,139273,137,2,1,1,352.5,0,705,0,1,0,0,0,0,0,0,0,0,0,0,0,1,0,streamon,ok,OK,vision,,attempt=1|send=OK|raw=ok|parsed=OK,executor_call=1|command=streamon|result=OK|response=ok|elapsed_ms=0|timing_total_ms=0|recv_wait_ms=0|attempt_log=[attempt=1|send=OK|raw=ok|parsed=OK],1493,1493,0,0,0,10.3686,10.5652,53,96,772,301,1337,11,3,0,OK,100,1,60,69,165.7,0,19,79,82,3684,18221212,0,0,0,31.7484,25,35,-1,0,0,0,0,0,0,OK,100,OK,100,1,telemetry=OK; video=OK; command=OK; rc=OK,OK,OK,OK,OK,50,50,0,8,0,3684,18221212,3677,0,0,0,0,0,0,0,0,0,0,3677,7,31.7484,960,720,0,0,1,0,OK,0,,0,vision:ffmpeg_stream,,,CONNECTED,0,pitch,12,1,1,0,0,25,0,0,0,0,0,0,0,125,249,1,0,0,0,0,0,0,0,897,2780,865,300,0,0,0,0,0,battery?,,ERROR,0,-1,-1
,gui,,CONTROL_PANEL,140273,138,2,1,1,352.5,0,705,0,1,0,0,0,0,0,0,0,0,0,0,0,1,0,streamon,ok,OK,vision,,attempt=1|send=OK|raw=ok|parsed=OK,executor_call=1|command=streamon|result=OK|response=ok|elapsed_ms=0|timing_total_ms=0|recv_wait_ms=0|attempt_log=[attempt=1|send=OK|raw=ok|parsed=OK],1503,1503,0,0,0,10.3648,10.4129,92,96,772,301,1337,11,3,0,OK,100,1,70,82,165.96,-1,19,79,82,3717,18358730,0,0,0,39.2825,7,33,-1,0,0,0,0,0,0,OK,100,OK,100,1,telemetry=OK; video=OK; command=OK; rc=OK,OK,OK,OK,OK,50,50,0,6,0,3717,18358730,3710,0,0,0,0,0,0,0,0,0,0,3710,7,39.2825,960,720,0,0,1,0,OK,0,,0,vision:ffmpeg_stream,,,CONNECTED,0,pitch,10,1,1,0,0,25,0,0,0,0,0,0,0,125,249,0,0,0,0,0,0,0,0,905,2805,873,300,0,0,0,0,0,battery?,,ERROR,0,-1,-1
,gui,,CONTROL_PANEL,141273,139,2,1,1,352.5,0,705,0,1,0,0,0,0,0,0,0,0,0,0,0,1,0,streamon,ok,OK,vision,,attempt=1|send=OK|raw=ok|parsed=OK,executor_call=1|command=streamon|result=OK|response=ok|elapsed_ms=0|timing_total_ms=0|recv_wait_ms=0|attempt_log=[attempt=1|send=OK|raw=ok|parsed=OK],1514,1514,0,0,0,10.3996,10.4062,35,96,772,301,1337,11,3,0,OK,100,1,90,100,166.36,-1,18,79,82,3748,18486753,0,0,0,36.1916,16,31,-1,0,0,0,0,0,0,OK,100,OK,100,1,telemetry=OK; video=OK; command=OK; rc=OK,OK,OK,OK,OK,51,50,0,5,0,3748,18486753,3741,0,0,0,0,0,0,0,0,0,0,3741,7,36.1916,960,720,0,0,1,0,OK,0,,0,vision:ffmpeg_stream,,,CONNECTED,0,pitch,11,1,1,0,0,25,0,0,0,0,0,0,0,125,250,0,0,0,0,0,0,0,0,913,2828,881,300,0,0,0,0,0,battery?,,ERROR,0,-1,-1
,gui,,CONTROL_PANEL,142397,140,2,1,1,352.5,0,705,0,1,0,0,0,0,0,0,0,0,0,0,0,1,0,streamon,ok,OK,vision,,attempt=1|send=OK|raw=ok|parsed=OK,executor_call=1|command=streamon|result=OK|response=ok|elapsed_ms=0|timing_total_ms=0|recv_wait_ms=0|attempt_log=[attempt=1|send=OK|raw=ok|parsed=OK],1526,1526,0,0,0,9.94094,11.0487,49,100,772,301,1337,11,3,0,OK,100,1,110,121,166.22,-1,18,79,82,3784,18637964,0,0,0,33.7622,10,36,-1,0,0,0,0,0,0,OK,100,OK,100,1,telemetry=OK; video=OK; command=OK; rc=OK,OK,OK,OK,OK,50,50,0,28,0,3784,18637964,3777,0,0,0,0,0,0,0,0,0,0,3777,7,33.7622,960,720,0,0,1,0,OK,0,,0,vision:ffmpeg_stream,,,CONNECTED,0,pitch,12,1,1,0,0,25,0,0,0,0,0,0,0,124,250,1,0,0,0,0,0,0,0,922,2855,890,300,0,0,0,0,0,battery?,,ERROR,0,-1,-1
,gui,,CONTROL_PANEL,143398,141,2,1,1,352.5,0,705,0,1,0,0,0,0,0,0,0,0,0,0,0,1,0,streamon,ok,OK,vision,,attempt=1|send=OK|raw=ok|parsed=OK,executor_call=1|command=streamon|result=OK|response=ok|elapsed_ms=0|timing_total_ms=0|recv_wait_ms=0|attempt_log=[attempt=1|send=OK|raw=ok|parsed=OK],1536,1536,0,0,0,10.3996,10.5056,93,96,772,301,1337,11,3,0,OK,100,1,120,130,166.44,0,18,80,81,3816,18771357,0,0,0,33.1593,9,32,-1,0,0,0,0,0,0,OK,100,OK,100,1,telemetry=OK; video=OK; command=OK; rc=OK,OK,OK,OK,OK,50,50,0,26,0,3816,18771357,3809,0,0,0,0,0,0,0,0,0,0,3809,7,33.1593,960,720,0,0,1,0,OK,0,,0,vision:ffmpeg_stream,,,CONNECTED,0,pitch,10,1,1,0,0,-25,0,0,0,0,0,0,0,124,249,1,0,0,0,0,0,0,0,930,2879,898,300,0,0,0,0,0,battery?,,ERROR,0,-1,-1
,gui,,CONTROL_PANEL,144523,142,2,1,1,352.5,0,705,0,1,0,0,0,0,0,0,0,0,0,0,0,1,0,streamon,ok,OK,vision,,attempt=1|send=OK|raw=ok|parsed=OK,executor_call=1|command=streamon|result=OK|response=ok|elapsed_ms=0|timing_total_ms=0|recv_wait_ms=0|attempt_log=[attempt=1|send=OK|raw=ok|parsed=OK],1548,1548,0,0,0,10.4246,10.4334,67,95,772,301,1337,11,3,0,OK,100,1,110,114,166.4,1,18,80,83,3852,18921478,0,0,0,32.3162,2,36,-1,0,0,0,0,0,0,OK,100,OK,100,1,telemetry=OK; video=OK; command=OK; rc=OK,OK,OK,OK,OK,50,50,0,49,0,3852,18921478,3845,0,0,0,0,0,0,0,0,0,0,3845,7,32.3162,960,720,0,0,1,0,OK,0,,0,vision:ffmpeg_stream,,,CONNECTED,0,pitch,12,1,1,0,0,-25,0,0,0,0,0,0,0,125,250,1,0,0,0,0,0,0,0,939,2906,907,300,0,0,0,0,0,battery?,,ERROR,0,-1,-1
,gui,,CONTROL_PANEL,145523,143,2,1,1,352.5,0,705,0,1,0,0,0,0,0,0,0,0,0,0,0,1,0,streamon,ok,OK,vision,,attempt=1|send=OK|raw=ok|parsed=OK,executor_call=1|command=streamon|result=OK|response=ok|elapsed_ms=0|timing_total_ms=0|recv_wait_ms=0|attempt_log=[attempt=1|send=OK|raw=ok|parsed=OK],1559,1559,0,0,0,10.5176,11.508,60,95,772,301,1337,11,3,0,OK,100,1,90,101,166.19,1,17,79,82,3884,19054727,0,0,0,33.4598,1,32,-1,0,0,0,0,0,0,OK,100,OK,100,1,telemetry=OK; video=OK; command=OK; rc=OK,OK,OK,OK,OK,50,50,0,47,0,3884,19054727,3877,0,0,0,0,0,0,0,0,0,0,3877,7,33.4598,960,720,0,0,1,0,OK,0,,0,vision:ffmpeg_stream,,,CONNECTED,0,pitch,11,1,1,0,0,-25,0,0,0,0,0,0,0,125,250,0,0,0,0,0,0,0,0,947,2930,915,300,0,0,0,0,0,battery?,,ERROR,0,-1,-1
,gui,,CONTROL_PANEL,146523,144,2,1,1,352.5,0,705,0,1,0,0,0,0,0,0,0,0,0,0,0,1,0,streamon,ok,OK,vision,,attempt=1|send=OK|raw=ok|parsed=OK,executor_call=1|command=streamon|result=OK|response=ok|elapsed_ms=0|timing_total_ms=0|recv_wait_ms=0|attempt_log=[attempt=1|send=OK|raw=ok|parsed=OK],1570,1570,0,0,0,10.4292,10.5347,4,95,772,301,1337,11,3,0,OK,100,1,80,79,166.18,1,17,79,82,3915,19183876,0,0,0,33.8426,27,31,-1,0,0,0,0,0,0,OK,100,OK,100,1,telemetry=OK; video=OK; command=OK; rc=OK,OK,OK,OK,OK,50,50,0,46,0,3915,19183876,3908,0,0,0,0,0,0,0,0,0,0,3908,7,33.8426,960,720,0,0,1,0,OK,0,,0,vision:ffmpeg_stream,,,CONNECTED,0,pitch,11,1,1,0,0,-25,0,0,0,0,0,0,0,124,249,0,0,0,0,0,0,0,0,955,2953,923,300,0,0,0,0,0,battery?,,ERROR,0,-1,-1
,gui,,CONTROL_PANEL,147648,145,2,1,1,352.5,0,705,0,1,0,0,0,0,0,0,0,0,0,0,0,1,0,streamon,ok,OK,vision,,attempt=1|send=OK|raw=ok|parsed=OK,executor_call=1|command=streamon|result=OK|response=ok|elapsed_ms=0|timing_total_ms=0|recv_wait_ms=0|attempt_log=[attempt=1|send=OK|raw=ok|parsed=OK],1581,1581,0,0,0,10.7607,10.4703,69,92,772,301,1337,11,3,0,OK,100,1,50,60,165.8,0,17,80,82,3951,19333914,0,0,0,34.2687,23,36,-1,0,0,0,0,0,0,OK,100,OK,100,1,telemetry=OK; video=OK; command=OK; rc=OK,OK,OK,OK,OK,50,50,0,820,0,3951,19333914,3944,0,0,0,0,0,0,0,0,0,0,3944,7,34.2687,960,720,0,0,1,0,OK,0,,0,vision:ffmpeg_stream,,,CONNECTED,0,pitch,11,1,1,0,0,0,0,0,0,0,0,0,0,125,249,1,0,0,0,0,0,0,0,964,2980,932,300,0,0,0,0,0,battery?,,ERROR,0,-1,-1
,gui,,CONTROL_PANEL,148773,146,2,1,1,352.5,0,705,0,1,0,0,0,0,0,0,0,0,0,0,0,1,0,streamon,ok,OK,vision,,attempt=1|send=OK|raw=ok|parsed=OK,executor_call=1|command=streamon|result=OK|response=ok|elapsed_ms=0|timing_total_ms=0|recv_wait_ms=0|attempt_log=[attempt=1|send=OK|raw=ok|parsed=OK],1593,1593,0,0,0,10.4118,12.1015,94,96,772,301,1337,11,3,0,OK,100,1,60,70,165.83,0,17,80,81,3987,19483942,0,0,0,40.5585,38,36,-1,0,0,0,0,0,0,OK,100,OK,100,1,telemetry=OK; video=OK; command=OK; rc=OK,OK,OK,OK,OK,50,50,0,1946,0,3987,19483942,3980,0,0,0,0,0,0,0,0,0,0,3980,7,40.5585,960,720,0,0,1,0,OK,0,,0,vision:ffmpeg_stream,,,CONNECTED,0,pitch,12,1,1,0,0,0,0,0,0,0,0,0,0,125,249,0,0,0,0,0,0,0,0,973,3007,941,300,0,0,0,0,0,battery?,,ERROR,0,-1,-1
,gui,,CONTROL_PANEL,149773,147,2,1,1,352.5,0,705,0,1,0,0,0,0,0,0,0,0,0,0,0,1,0,streamon,ok,OK,vision,,attempt=1|send=OK|raw=ok|parsed=OK,executor_call=1|command=streamon|result=OK|response=ok|elapsed_ms=0|timing_total_ms=0|recv_wait_ms=0|attempt_log=[attempt=1|send=OK|raw=ok|parsed=OK],1604,1604,0,0,0,10.4148,10.578,38,96,772,301,1337,11,3,0,OK,100,1,60,73,166.13,0,16,80,82,4019,19614800,0,0,0,34.7268,15,32,-1,0,0,0,0,0,0,OK,100,OK,100,1,telemetry=OK; video=OK; command=OK; rc=OK,OK,OK,OK,OK,50,50,0,2946,0,4019,19614800,4012,0,0,0,0,0,0,0,0,0,0,4012,7,34.7268,960,720,0,0,1,0,OK,0,,0,vision:ffmpeg_stream,,,CONNECTED,0,pitch,11,1,1,0,0,0,0,0,0,0,0,0,0,125,250,1,0,0,0,0,0,0,0,981,3031,949,300,0,0,0,0,0,battery?,,ERROR,0,-1,-1
,gui,,CONTROL_PANEL,150363,148,2,1,1,352.5,0,705,0,1,0,0,0,0,0,0,0,0,0,0,0,1,0,streamon,ok,OK,vision,,attempt=1|send=OK|raw=ok|parsed=OK,executor_call=1|command=streamon|result=OK|response=ok|elapsed_ms=0|timing_total_ms=0|recv_wait_ms=0|attempt_log=[attempt=1|send=OK|raw=ok|parsed=OK],1610,1610,0,0,0,10.3906,10.4624,51,96,772,301,1337,11,3,0,OK,100,1,60,70,165.97,0,16,79,82,4038,19696516,0,0,0,60.1555,7,32,-1,0,0,0,0,0,0,OK,100,OK,100,1,telemetry=OK; video=OK; command=OK; rc=OK,OK,OK,OK,OK,50,50,0,3535,0,4019,19614800,4012,0,0,0,0,0,0,0,0,0,0,4012,7,34.7268,960,720,0,0,1,0,OK,0,,0,critical-command:begin:land,,,CONNECTED,0,pitch,6,1,1,0,0,0,0,0,0,1,0,0,0,125,249,1,0,0,0,0,0,0,0,986,3045,954,300,0,0,0,0,0,battery?,,ERROR,0,-1,-1
,gui,,CONTROL_PANEL,150363,149,2,1,1,352.5,0,705,0,1,0,0,0,0,0,0,0,0,0,0,0,1,0,streamon,ok,OK,vision,,attempt=1|send=OK|raw=ok|parsed=OK,executor_call=1|command=streamon|result=OK|response=ok|elapsed_ms=0|timing_total_ms=0|recv_wait_ms=0|attempt_log=[attempt=1|send=OK|raw=ok|parsed=OK],1610,1610,0,0,0,10.3906,10.4624,52,96,772,301,1337,11,3,0,OK,100,1,60,70,165.97,0,16,79,82,4038,19696516,0,0,0,60.1555,8,32,-1,0,0,0,0,0,0,OK,100,OK,100,1,telemetry=OK; video=OK; command=OK; rc=OK,OK,OK,OK,OK,50,50,0,3536,0,4019,19614800,4012,0,0,0,0,0,0,0,0,0,0,4012,7,34.7268,960,720,0,0,1,0,OK,0,,0,log,2026-07-04T22:16:37.937,sdk keepalive remains running; cooperative loop skips ticks while command channel is busy,CONNECTED,0,pitch,0,1,1,0,0,0,0,0,0,1,0,0,0,125,249,1,0,0,0,0,0,0,0,986,3045,954,300,0,0,0,0,0,battery?,,ERROR,0,-1,-1
,gui,,CONTROL_PANEL,150385,150,2,1,1,352.5,0,705,0,1,0,0,0,0,0,0,0,0,0,0,0,1,0,streamon,ok,OK,vision,,attempt=1|send=OK|raw=ok|parsed=OK,executor_call=1|command=streamon|result=OK|response=ok|elapsed_ms=0|timing_total_ms=0|recv_wait_ms=0|attempt_log=[attempt=1|send=OK|raw=ok|parsed=OK],1610,1610,0,0,0,10.3906,10.4624,73,96,772,301,1337,11,3,0,OK,100,1,60,70,165.97,0,16,79,82,4039,19700690,0,0,0,60.1555,29,32,-1,0,0,0,0,0,0,OK,100,OK,100,1,telemetry=OK; video=OK; command=OK,OK,OK,OK,NO_DATA,0,50,0,3557,0,4019,19614800,4012,0,0,0,0,0,0,0,0,0,0,4012,7,34.7268,960,720,0,0,1,0,OK,0,,0,log,2026-07-04T22:16:37.958,rc stream neutralized no-wait (land) => OK,CONNECTED,0,pitch,0,1,0,0,0,0,0,0,0,1,0,0,0,125,249,1,0,0,0,0,0,0,0,986,3045,954,300,0,0,0,0,0,battery?,,ERROR,0,-1,-1
,gui,,CONTROL_PANEL,150385,151,3,2,1,235,0,705,0,1,0,0,0,0,0,0,0,0,0,0,0,1,0,rc 0 0 0 0,no_wait,OK,preflight,,no_wait|send=OK,executor_call=1|command=streamon|result=OK|response=ok|elapsed_ms=0|timing_total_ms=0|recv_wait_ms=0|attempt_log=[attempt=1|send=OK|raw=ok|parsed=OK],1610,1610,0,0,0,10.3906,10.4624,73,96,772,301,1337,11,3,0,OK,100,1,60,70,165.97,0,16,79,82,4039,19700690,0,0,0,60.1555,29,32,-1,0,0,0,0,0,0,OK,100,OK,100,1,telemetry=OK; video=OK; command=OK,OK,OK,OK,NO_DATA,0,50,0,3557,0,4019,19614800,4012,0,0,0,0,0,0,0,0,0,0,4012,7,34.7268,960,720,0,0,1,0,OK,0,,0,command:preflight,,,CONNECTED,0,pitch,0,1,0,0,0,0,0,0,0,1,0,0,0,125,249,1,0,0,0,0,0,0,0,986,3045,954,300,0,0,0,0,0,battery?,,ERROR,0,-1,-1
,gui,,CONTROL_PANEL,150386,152,3,2,1,235,0,705,0,1,0,0,0,0,0,0,0,0,0,0,0,1,0,rc 0 0 0 0,no_wait,OK,preflight,,no_wait|send=OK,executor_call=1|command=streamon|result=OK|response=ok|elapsed_ms=0|timing_total_ms=0|recv_wait_ms=0|attempt_log=[attempt=1|send=OK|raw=ok|parsed=OK],1610,1610,0,0,0,10.3906,10.4624,74,96,772,301,1337,11,3,0,OK,100,1,60,70,165.97,0,16,79,82,4039,19700690,0,0,0,60.1555,30,32,-1,0,0,0,0,0,0,OK,100,OK,100,1,telemetry=OK; video=OK; command=OK,OK,OK,OK,NO_DATA,0,50,0,3558,0,4019,19614800,4012,0,0,0,0,0,0,0,0,0,0,4012,7,34.7268,960,720,0,0,1,0,OK,0,,0,log,2026-07-04T22:16:37.959,land queued on command worker,CONNECTED,0,pitch,0,1,0,0,0,0,0,0,0,1,0,0,0,125,249,1,0,0,0,0,0,0,0,986,3045,954,300,0,0,0,0,0,battery?,,ERROR,0,-1,-1
,gui,,CONTROL_PANEL,150386,153,3,2,1,235,0,705,0,1,0,0,0,0,0,0,0,0,0,0,0,1,0,rc 0 0 0 0,no_wait,OK,preflight,,no_wait|send=OK,executor_call=1|command=streamon|result=OK|response=ok|elapsed_ms=0|timing_total_ms=0|recv_wait_ms=0|attempt_log=[attempt=1|send=OK|raw=ok|parsed=OK],1610,1610,0,0,0,10.3906,10.4624,75,96,772,301,1337,11,3,0,OK,100,1,60,70,165.97,0,16,79,82,4039,19700690,0,0,0,54.6276,0,32,-1,0,0,0,0,0,0,OK,100,OK,100,1,telemetry=OK; video=OK; command=OK,OK,OK,OK,NO_DATA,0,50,0,3559,0,4019,19614800,4012,0,0,0,0,0,0,0,0,0,0,4012,7,34.7268,960,720,0,0,1,0,OK,0,,0,log,2026-07-04T22:16:37.960,"land => OK | response=""ok"" | state=CONNECTED",CONNECTED,0,pitch,0,1,0,0,0,0,0,0,0,1,0,0,0,125,249,1,0,0,0,0,0,0,0,986,3046,954,300,0,0,0,0,0,battery?,,ERROR,0,-1,-1
,gui,,CONTROL_PANEL,150386,154,4,3,1,176.25,0,705,0,1,0,0,0,0,0,0,0,0,0,0,0,1,0,land,ok,OK,manual,,attempt=1|send=OK|raw=ok|parsed=OK,executor_call=1|command=land|result=OK|response=ok|elapsed_ms=0|timing_total_ms=0|recv_wait_ms=0|attempt_log=[attempt=1|send=OK|raw=ok|parsed=OK],1610,1610,0,0,0,10.3906,10.4624,75,96,772,301,1337,11,3,0,OK,100,1,60,70,165.97,0,16,79,82,4039,19700690,0,0,0,54.6276,0,32,-1,0,0,0,0,0,0,OK,100,OK,100,1,telemetry=OK; video=OK; command=OK,OK,OK,OK,NO_DATA,0,50,0,3559,0,4019,19614800,4012,0,0,0,0,0,0,0,0,0,0,4012,7,34.7268,960,720,0,0,1,0,OK,0,,0,command:manual,,,CONNECTED,0,pitch,0,1,0,0,0,0,0,0,0,1,0,0,0,125,249,1,0,0,0,0,0,0,0,986,3046,954,300,0,0,0,0,0,battery?,,ERROR,0,-1,-1
,gui,,CONTROL_PANEL,150386,155,4,3,1,176.25,0,705,0,1,0,0,0,0,0,0,0,0,0,0,0,1,0,land,ok,OK,manual,,attempt=1|send=OK|raw=ok|parsed=OK,executor_call=1|command=land|result=OK|response=ok|elapsed_ms=0|timing_total_ms=0|recv_wait_ms=0|attempt_log=[attempt=1|send=OK|raw=ok|parsed=OK],1610,1610,0,0,0,10.3906,10.4624,75,96,772,301,1337,11,3,0,OK,100,1,60,70,165.97,0,16,79,82,4039,19700690,0,0,0,54.6276,0,32,-1,0,0,0,0,0,0,OK,100,OK,100,1,telemetry=OK; video=OK; command=OK,OK,OK,OK,NO_DATA,0,50,0,3559,0,4019,19614800,4012,0,0,0,0,0,0,0,0,0,0,4012,7,34.7268,960,720,0,0,1,0,OK,0,,0,critical-command:end:land,,,CONNECTED,0,pitch,0,1,0,0,0,0,0,0,0,1,0,0,0,125,249,1,0,0,0,0,0,0,0,986,3046,954,300,0,0,0,0,0,battery?,,ERROR,0,-1,-1
,gui,,CONTROL_PANEL,150399,156,4,3,1,176.25,0,705,0,1,0,0,0,0,0,0,0,0,0,0,0,1,0,land,ok,OK,manual,,attempt=1|send=OK|raw=ok|parsed=OK,executor_call=1|command=land|result=OK|response=ok|elapsed_ms=0|timing_total_ms=0|recv_wait_ms=0|attempt_log=[attempt=1|send=OK|raw=ok|parsed=OK],1610,1610,0,0,0,10.3906,10.4624,87,96,772,301,1337,11,3,0,OK,100,1,60,70,165.97,0,16,79,82,4039,19700690,0,0,0,54.6276,12,32,-1,0,0,0,0,0,0,OK,100,OK,100,1,telemetry=OK; video=OK; command=OK,OK,OK,OK,NO_DATA,0,50,0,3571,0,4019,19614800,4012,0,0,0,0,0,0,0,0,0,0,4012,7,34.7268,960,720,0,0,1,0,OK,0,,0,log,2026-07-04T22:16:37.972,sdk keepalive restart (vision) => OK,CONNECTED,0,pitch,0,1,0,0,0,0,0,1,0,0,0,0,0,124,249,1,0,0,0,0,0,0,0,986,3046,954,300,0,0,0,0,0,battery?,,ERROR,0,-1,-1
,gui,,CONTROL_PANEL,150898,157,4,3,1,176.25,0,705,0,1,0,0,0,0,0,0,0,0,0,0,0,1,0,land,ok,OK,manual,,attempt=1|send=OK|raw=ok|parsed=OK,executor_call=1|command=land|result=OK|response=ok|elapsed_ms=0|timing_total_ms=0|recv_wait_ms=0|attempt_log=[attempt=1|send=OK|raw=ok|parsed=OK],1616,1616,0,0,0,10.7265,10.4338,10,93,772,301,1337,11,3,0,OK,100,1,60,67,166.02,0,16,79,82,4055,19767070,0,0,0,33.9152,13,36,-1,0,0,0,0,0,0,OK,100,OK,100,1,telemetry=OK; video=OK; command=OK,OK,OK,OK,NO_DATA,0,50,0,4071,0,4055,19767070,4048,0,0,0,0,0,0,0,0,0,0,4048,7,33.9152,960,720,0,0,1,0,OK,0,,0,vision:ffmpeg_stream,,,CONNECTED,0,pitch,6,1,0,0,0,0,0,1,0,0,0,0,0,125,250,1,0,0,0,0,0,0,0,990,3058,958,300,0,0,0,0,0,battery?,,ERROR,0,-1,-1
,gui,,CONTROL_PANEL,151643,158,4,3,1,176.25,0,705,0,1,0,0,0,0,0,0,0,0,0,0,0,1,0,land,ok,OK,manual,,attempt=1|send=OK|raw=ok|parsed=OK,executor_call=1|command=land|result=OK|response=ok|elapsed_ms=0|timing_total_ms=0|recv_wait_ms=0|attempt_log=[attempt=1|send=OK|raw=ok|parsed=OK],1623,1623,0,0,0,10.2525,10.3965,83,97,772,301,1337,11,3,0,OK,100,1,40,48,165.7,4,16,80,82,4079,19865593,0,0,0,34.8688,3,36,-1,0,0,0,0,0,0,OK,100,OK,100,1,telemetry=OK; video=OK; command=OK,OK,OK,OK,NO_DATA,0,50,0,4816,0,4055,19767070,4048,0,0,0,0,0,0,0,0,0,0,4048,7,33.9152,960,720,0,0,1,0,OK,0,,0,log,2026-07-04T22:16:39.207,panel switched to Config,CONNECTED,0,pitch,7,1,0,0,0,0,0,1,0,0,0,0,0,125,250,1,0,0,0,0,0,0,0,996,3076,964,300,0,0,0,0,0,battery?,,ERROR,0,-1,-1
,gui,,CONTROL_PANEL,152023,159,4,3,1,176.25,0,705,0,1,0,0,0,0,0,0,0,0,0,0,0,1,0,land,ok,OK,manual,,attempt=1|send=OK|raw=ok|parsed=OK,executor_call=1|command=land|result=OK|response=ok|elapsed_ms=0|timing_total_ms=0|recv_wait_ms=0|attempt_log=[attempt=1|send=OK|raw=ok|parsed=OK],1627,1627,0,0,0,10.623,10.4364,79,94,772,301,1337,11,3,0,OK,100,1,20,36,165.28,4,16,80,82,4091,19917449,0,0,0,32.4326,8,36,-1,0,0,0,0,0,0,OK,100,OK,100,1,telemetry=OK; video=OK; command=OK,OK,OK,OK,NO_DATA,0,50,0,5195,0,4091,19917449,4084,0,0,0,0,0,0,0,0,0,0,4084,7,32.4326,960,720,0,0,1,0,OK,0,,0,vision:ffmpeg_stream,,,CONNECTED,0,pitch,4,1,0,0,0,0,0,1,0,0,0,0,0,124,249,0,0,0,0,0,0,0,0,999,3085,967,300,0,0,0,0,0,battery?,,ERROR,0,-1,-1
,gui,,CONTROL_PANEL,153023,160,4,3,1,176.25,0,705,0,1,0,0,0,0,0,0,0,0,0,0,0,1,0,land,ok,OK,manual,,attempt=1|send=OK|raw=ok|parsed=OK,executor_call=1|command=land|result=OK|response=ok|elapsed_ms=0|timing_total_ms=0|recv_wait_ms=0|attempt_log=[attempt=1|send=OK|raw=ok|parsed=OK],1636,1636,0,0,0,10.2387,11.4464,262,97,772,301,1337,11,3,0,DEGRADED,60,1,0,10,161.56,2,16,80,82,4116,20020343,0,0,0,26.8946,70,25,-1,0,0,0,0,0,0,OK,100,DEGRADED,60,1,telemetry=DEGRADED; video=OK; command=OK,DEGRADED,OK,OK,NO_DATA,0,50,0,6195,0,4116,20020343,4109,0,0,0,0,0,0,0,0,0,0,4109,7,26.8946,960,720,0,0,1,0,OK,0,,0,vision:ffmpeg_stream,,,CONNECTED,0,pitch,9,1,0,0,0,0,0,1,0,0,0,0,0,125,250,1,0,0,0,0,0,0,0,1007,3102,975,300,0,0,0,0,0,battery?,,ERROR,0,-1,-1
,gui,,CONTROL_PANEL,154147,161,4,3,1,176.25,0,705,0,1,0,0,0,0,0,0,0,0,0,0,0,1,0,land,ok,OK,manual,,attempt=1|send=OK|raw=ok|parsed=OK,executor_call=1|command=land|result=OK|response=ok|elapsed_ms=0|timing_total_ms=0|recv_wait_ms=0|attempt_log=[attempt=1|send=OK|raw=ok|parsed=OK],1646,1646,0,0,0,531.614,232.826,38,1,772,728,1642,13,4,0,OK,100,1,0,10,164.38,0,16,79,81,4125,20052218,0,0,0,70.5031,48,9,-1,0,0,0,0,0,0,OK,100,OK,100,1,telemetry=OK; video=OK; command=OK,OK,OK,OK,NO_DATA,0,50,0,7320,0,4125,20052218,4118,0,0,0,0,0,0,0,0,0,0,4118,7,70.5031,960,720,0,0,1,0,OK,0,,0,vision:ffmpeg_stream,,,CONNECTED,0,pitch,10,1,0,0,0,0,0,1,0,0,0,0,0,124,250,0,0,0,0,0,0,0,0,1011,3107,979,300,0,0,0,0,0,battery?,,ERROR,0,-1,-1
,gui,,CONTROL_PANEL,154474,162,4,3,1,176.25,0,705,0,1,0,0,0,0,0,0,0,0,0,0,0,1,0,land,ok,OK,manual,,attempt=1|send=OK|raw=ok|parsed=OK,executor_call=1|command=land|result=OK|response=ok|elapsed_ms=0|timing_total_ms=0|recv_wait_ms=0|attempt_log=[attempt=1|send=OK|raw=ok|parsed=OK],1652,1652,0,0,0,789.077,861.453,175,1,772,728,1642,13,4,0,OK,100,1,0,10,164.7,0,16,79,81,4141,20121612,0,0,0,150.206,71,9,-1,0,0,0,0,0,0,OK,100,OK,100,1,telemetry=OK; video=OK; command=OK,OK,OK,OK,NO_DATA,0,50,0,7646,0,4125,20052218,4118,0,0,0,0,0,0,0,0,0,0,4118,7,70.5031,960,720,0,0,1,0,OK,0,,0,log,2026-07-04T22:16:42.047,recording stopped,CONNECTED,0,pitch,6,1,0,0,0,0,0,1,0,0,0,0,0,124,250,1,0,0,0,0,0,0,0,1013,3121,981,300,0,0,0,0,0,battery?,,ERROR,0,-1,-1
,gui,,CONTROL_PANEL,154474,163,4,3,1,176.25,0,705,0,1,0,0,0,0,0,0,0,0,0,0,0,1,0,land,ok,OK,manual,,attempt=1|send=OK|raw=ok|parsed=OK,executor_call=1|command=land|result=OK|response=ok|elapsed_ms=0|timing_total_ms=0|recv_wait_ms=0|attempt_log=[attempt=1|send=OK|raw=ok|parsed=OK],1652,1652,0,0,0,789.077,861.453,175,1,772,728,1642,13,4,0,OK,100,1,0,10,164.7,0,16,79,81,4141,20121612,0,0,0,150.206,71,9,-1,0,0,0,0,0,0,OK,100,OK,100,1,telemetry=OK; video=OK; command=OK,OK,OK,OK,NO_DATA,0,50,0,7646,0,4125,20052218,4118,0,0,0,0,0,0,0,0,0,0,4118,7,70.5031,960,720,0,0,1,0,OK,0,,0,logging:stop,,,CONNECTED,0,pitch,0,1,0,0,0,0,0,1,0,0,0,0,0,124,250,1,0,0,0,0,0,0,0,1013,3121,981,300,0,0,0,0,0,battery?,,ERROR,0,-1,-1
