state_sequence,timestamp_ms,recording_elapsed_ms,steady_elapsed_ms,pitch,roll,yaw,vgx,vgy,vgz,templ,temph,tof,h,bat,baro,time,agx,agy,agz,mid,x,y,z,rc_a,rc_b,rc_c,rc_d,rc_source,rc_result,rc_timestamp_ms,rc_steady_elapsed_ms,rc_sequence
68,1783220907755,0,0,0,0,0,0,0,0,67,69,10,0,40,163.75,0,0,7,-998,-1,0,0,0,,,,,,,,,
69,1783220907850,95,95,0,0,0,0,0,0,67,69,10,0,40,163.56,0,0,7,-1000,-1,0,0,0,,,,,,,,,
70,1783220907946,191,191,0,0,0,0,0,0,67,69,10,0,40,163.82,0,-1,6,-998,-1,0,0,0,,,,,,,,,
71,1783220908045,290,290,0,0,0,0,0,0,67,69,10,0,40,163.72,0,0,7,-997,-1,0,0,0,,,,,,,,,
72,1783220908139,384,383,0,0,0,0,0,0,67,69,10,0,39,163.79,0,0,8,-1000,-1,0,0,0,,,,,,,,,
73,1783220908235,480,480,0,0,0,0,0,0,67,69,10,0,39,163.74,0,0,6,-1000,-1,0,0,0,,,,,,,,,
74,1783220908331,576,575,0,0,0,0,0,0,67,69,10,0,39,163.88,0,-1,8,-1002,-1,0,0,0,,,,,,,,,
75,1783220908429,674,674,0,0,0,0,0,0,67,69,10,0,39,164.07,0,0,6,-1001,-1,0,0,0,,,,,,,,,
76,1783220908523,768,768,0,0,0,0,0,0,67,69,10,0,39,163.82,0,0,9,-1000,-1,0,0,0,,,,,,,,,
77,1783220908619,864,864,0,0,0,0,0,0,67,69,10,0,39,163.87,0,0,6,-999,-1,0,0,0,,,,,,,,,
78,1783220908716,961,960,0,0,0,0,0,0,67,69,10,0,39,163.84,0,-1,8,-998,-1,0,0,0,,,,,,,,,
79,1783220908811,1056,1056,0,0,0,0,0,0,67,69,10,0,39,163.9,0,0,5,-998,-1,0,0,0,,,,,,,,,
80,1783220908907,1152,1152,0,0,0,0,0,0,67,69,10,0,39,163.57,0,0,8,-998,-1,0,0,0,,,,,,,,,
81,1783220909003,1248,1248,0,0,0,0,0,0,67,69,10,0,39,163.95,0,0,7,-998,-1,0,0,0,,,,,,,,,
82,1783220909099,1344,1344,0,0,0,0,0,0,67,69,10,0,39,163.59,0,-1,6,-999,-1,0,0,0,,,,,,,,,
83,1783220909196,1441,1441,0,0,0,0,0,0,67,69,10,0,39,163.59,0,0,7,-1000,-1,0,0,0,,,,,,,,,
84,1783220909291,1536,1536,0,0,0,0,0,0,67,69,10,0,39,163.9,0,0,7,-1000,-1,0,0,0,,,,,,,,,
85,1783220909387,1632,1632,0,0,0,0,0,0,67,69,10,0,39,163.46,0,-1,8,-1001,-1,0,0,0,,,,,,,,,
86,1783220909483,1728,1728,0,0,0,0,0,0,67,69,10,0,39,163.76,0,0,6,-1000,-1,0,0,0,,,,,,,,,
87,1783220909579,1824,1824,0,0,0,0,0,0,67,69,10,0,39,163.67,0,0,9,-1000,-1,0,0,0,,,,,,,,,
88,1783220909676,1921,1921,0,0,0,0,0,0,67,69,10,0,39,164.01,0,0,7,-999,-1,0,0,0,,,,,,,,,
89,1783220909772,2017,2017,0,0,0,0,0,0,67,70,10,0,39,163.94,0,0,6,-998,-1,0,0,0,,,,,,,,,
90,1783220909868,2113,2112,0,0,0,0,0,0,67,70,10,0,39,163.79,0,0,7,-998,-1,0,0,0,,,,,,,,,
91,1783220909916,2161,2161,0,0,0,0,0,0,67,70,10,0,39,163.83,0,0,7,-1000,-1,0,0,0,,,,,,,,,
92,1783220910012,2257,2256,0,0,0,0,0,0,67,70,10,0,39,163.72,0,0,7,-997,-1,0,0,0,,,,,,,,,
93,1783220910108,2353,2353,0,0,0,0,0,0,67,70,10,0,39,163.93,0,0,7,-1000,-1,0,0,0,,,,,,,,,
94,1783220910204,2449,2449,0,0,0,0,0,0,67,70,10,0,39,163.64,0,0,7,-1000,-1,0,0,0,,,,,,,,,
95,1783220910300,2545,2545,0,0,0,0,0,0,67,70,10,0,39,163.79,0,1,7,-1001,-1,0,0,0,,,,,,,,,
96,1783220910396,2641,2641,0,0,0,0,0,0,67,70,10,0,39,164.02,0,0,6,-1000,-1,0,0,0,,,,,,,,,
97,1783220910492,2737,2737,0,0,0,0,0,0,67,70,10,0,39,163.7,0,0,8,-1001,-1,0,0,0,,,,,,,,,
98,1783220910590,2835,2835,0,0,0,0,0,0,67,70,10,0,39,163.49,0,0,7,-1000,-1,0,0,0,,,,,,,,,
99,1783220910684,2929,2929,0,0,0,0,0,0,67,69,10,0,39,163.7,0,0,7,-1001,-1,0,0,0,,,,,,,,,
100,1783220910781,3026,3025,0,0,0,0,0,0,67,69,10,0,39,163.96,0,0,6,-997,-1,0,0,0,,,,,,,,,
101,1783220910877,3122,3122,0,0,0,0,0,0,67,69,10,0,39,163.62,0,-2,10,-1000,-1,0,0,0,,,,,,,,,
102,1783220910973,3218,3218,0,0,0,0,0,0,67,69,10,0,39,163.68,0,0,8,-997,-1,0,0,0,,,,,,,,,
103,1783220911069,3314,3314,0,0,0,0,0,0,67,69,10,0,39,163.58,0,0,7,-999,-1,0,0,0,,,,,,,,,
104,1783220911165,3410,3410,0,0,0,0,0,0,67,69,10,0,39,163.56,0,0,7,-1001,-1,0,0,0,,,,,,,,,
105,1783220911261,3506,3506,0,0,0,0,0,0,67,69,10,0,39,163.59,0,0,6,-1001,-1,0,0,0,,,,,,,,,
106,1783220911358,3603,3603,0,0,0,0,0,0,67,69,10,0,39,163.77,0,-2,4,-1000,-1,0,0,0,,,,,,,,,
107,1783220911454,3699,3699,0,0,0,0,0,0,67,69,10,0,39,163.77,0,2,7,-1003,-1,0,0,0,,,,,,,,,
108,1783220911551,3796,3796,0,0,0,0,0,0,67,69,10,0,39,163.77,0,0,3,-994,-1,0,0,0,,,,,,,,,
109,1783220911647,3892,3892,0,0,0,0,0,0,66,69,10,0,39,163.77,0,-15,-13,-984,-1,0,0,0,,,,,,,,,
110,1783220911743,3988,3988,0,0,0,0,0,0,66,69,10,0,39,163.77,0,27,2,-995,-1,0,0,0,,,,,,,,,
111,1783220911839,4084,4084,0,0,0,0,0,0,66,69,10,0,39,163.77,0,7,-21,-1084,-1,0,0,0,,,,,,,,,
112,1783220911935,4180,4180,2,0,0,0,0,-1,66,69,10,0,38,163.77,0,-32,2,-1165,-1,0,0,0,,,,,,,,,
113,1783220912031,4276,4276,0,0,0,0,0,-4,66,69,10,0,38,163.77,0,-13,-2,-1319,-1,0,0,0,,,,,,,,,
114,1783220912128,4373,4372,-1,0,0,0,0,-6,66,69,11,10,38,163.77,0,8,-6,-1178,-1,0,0,0,,,,,,,,,
115,1783220912224,4469,4469,-1,0,0,0,0,-7,66,69,20,10,38,163.91,0,-8,1,-997,-1,0,0,0,,,,,,,,,
116,1783220912320,4565,4565,-1,0,0,0,0,-8,66,69,28,20,38,164.15,1,-13,11,-1009,-1,0,0,0,,,,,,,,,
117,1783220912374,4619,4618,0,0,0,0,0,-8,66,69,35,30,38,164.3,1,11,-1,-1005,-1,0,0,0,,,,,,,,,
118,1783220912468,4713,4713,0,0,0,0,0,-7,66,69,43,40,38,164.48,1,-26,28,-944,-1,0,0,0,,,,,,,,,
119,1783220912566,4811,4811,0,0,0,0,0,-6,68,71,50,40,38,164.73,1,0,18,-891,-1,0,0,0,,,,,,,,,
120,1783220912660,4905,4905,0,0,0,0,0,-5,68,71,56,50,38,164.37,1,3,5,-864,-1,0,0,0,,,,,,,,,
121,1783220912775,5020,5020,0,0,0,0,0,-4,68,71,59,50,38,164.42,1,-2,26,-909,-1,0,0,0,,,,,,,,,
122,1783220912849,5094,5094,-1,0,0,0,0,-3,68,71,63,60,38,164.52,1,13,-12,-914,-1,0,0,0,,,,,,,,,
123,1783220912945,5190,5190,-1,0,0,0,0,-2,68,71,66,60,38,164.66,1,-9,2,-940,-1,0,0,0,,,,,,,,,
124,1783220913042,5287,5287,0,0,0,0,0,-1,68,71,68,60,38,164.56,1,7,-7,-940,-1,0,0,0,,,,,,,,,
125,1783220913138,5383,5383,0,0,0,0,0,0,68,71,69,60,38,164.89,1,1,-6,-960,-1,0,0,0,,,,,,,,,
126,1783220913234,5479,5479,0,0,0,0,0,0,68,71,70,60,38,164.57,2,-6,17,-994,-1,0,0,0,,,,,,,,,
127,1783220913330,5575,5575,0,0,0,0,0,0,68,71,71,60,38,164.76,2,0,5,-998,-1,0,0,0,,,,,,,,,
128,1783220913426,5671,5671,0,0,0,0,0,0,68,71,71,60,38,164.8,2,-2,6,-1004,-1,0,0,0,,,,,,,,,
129,1783220913524,5769,5769,0,0,0,0,0,0,68,70,72,70,38,164.78,2,-36,10,-970,-1,0,0,0,,,,,,,,,
130,1783220913619,5864,5864,0,0,0,0,0,0,68,70,72,70,38,164.55,2,16,-19,-1015,-1,0,0,0,,,,,,,,,
131,1783220913717,5962,5961,0,0,0,0,0,0,68,70,73,70,38,164.68,2,-7,5,-1009,-1,0,0,0,,,,,,,,,
132,1783220913812,6057,6057,0,0,0,0,0,0,68,70,74,70,38,164.72,2,12,5,-1025,-1,0,0,0,,,,,,,,,
133,1783220913910,6155,6155,0,0,0,0,0,0,68,70,75,70,38,164.71,2,1,5,-998,-1,0,0,0,,,,,,,,,
134,1783220914005,6250,6250,0,0,0,0,0,0,68,70,76,70,38,164.95,2,-9,10,-973,-1,0,0,0,,,,,,,,,
135,1783220914101,6346,6346,0,0,0,0,0,0,68,70,77,70,38,165.08,2,-10,9,-1038,-1,0,0,0,,,,,,,,,
136,1783220914196,6441,6441,0,0,0,0,0,-1,68,70,79,70,38,164.36,3,1,17,-979,-1,0,0,0,,,,,,,,,
137,1783220914293,6538,6537,0,0,0,0,0,0,68,70,80,70,38,164.83,3,-10,11,-990,-1,0,0,0,,,,,,,,,
138,1783220914389,6634,6634,0,0,0,0,0,0,68,70,81,70,38,164.82,3,14,5,-1000,-1,0,0,0,,,,,,,,,
139,1783220914485,6730,6730,0,0,0,0,0,0,67,71,81,70,38,164.79,3,18,-13,-955,-1,0,0,0,,,,,,,,,
140,1783220914581,6826,6826,0,0,0,0,0,0,67,71,83,70,38,164.85,3,-4,31,-1004,-1,0,0,0,,,,,,,,,
141,1783220914677,6922,6922,0,0,0,0,0,0,67,71,83,70,38,164.65,3,6,19,-963,-1,0,0,0,,,,,,,,,
142,1783220914726,6971,6971,0,0,0,0,0,0,67,71,84,80,38,165.1,3,12,-3,-975,-1,0,0,0,,,,,,,,,
143,1783220914823,7068,7068,0,0,0,0,0,0,67,71,84,80,38,164.51,3,42,-10,-950,-1,0,0,0,,,,,,,,,
144,1783220914918,7163,7163,0,0,0,0,0,0,67,71,84,80,38,164.75,3,-8,9,-1003,-1,0,0,0,,,,,,,,,
145,1783220915014,7259,7259,0,0,0,0,0,0,67,71,85,80,38,164.58,3,-8,16,-1005,-1,0,0,0,,,,,,,,,
146,1783220915110,7355,7355,0,0,0,0,0,0,67,71,84,80,38,164.89,4,55,-28,-994,-1,0,0,0,,,,,,,,,
147,1783220915207,7452,7452,0,0,0,0,0,0,67,71,85,80,38,164.88,4,6,-6,-962,-1,0,0,0,,,,,,,,,
148,1783220915303,7548,7548,0,0,0,0,0,0,67,71,84,80,38,164.84,4,-5,11,-964,-1,0,0,0,,,,,,,,,
149,1783220915399,7644,7644,0,0,0,0,0,0,68,70,84,80,38,164.75,4,-7,11,-998,-1,0,0,0,,,,,,,,,
150,1783220915495,7740,7740,0,0,0,0,0,0,68,70,84,80,38,164.82,4,-7,9,-1000,-1,0,0,0,,,,,,,,,
151,1783220915593,7838,7838,0,0,0,0,0,0,68,70,83,80,38,164.79,4,-30,17,-1020,-1,0,0,0,,,,,,,,,
152,1783220915688,7933,7933,0,0,0,0,0,0,68,70,83,80,38,164.69,4,2,8,-986,-1,0,0,0,,,,,,,,,
153,1783220915784,8029,8029,0,0,0,0,0,0,68,70,83,80,38,164.75,4,11,10,-998,-1,0,0,0,,,,,,,,,
154,1783220915880,8125,8125,0,0,0,0,0,0,68,70,83,80,38,164.96,4,-29,18,-993,-1,0,0,0,,,,,,,,,
155,1783220915976,8221,8221,0,0,0,0,0,0,68,70,83,80,38,164.63,4,0,12,-970,-1,0,0,0,,,,,,,,,
156,1783220916072,8317,8317,0,0,0,0,0,0,68,70,82,80,38,164.74,5,6,1,-1036,-1,0,0,0,,,,,,,,,
157,1783220916169,8414,8414,0,0,0,0,0,0,68,70,82,80,38,164.68,5,-27,24,-994,-1,0,0,0,,,,,,,,,
158,1783220916265,8510,8510,0,0,0,0,0,0,68,70,82,70,38,164.73,5,-25,28,-993,-1,0,0,0,,,,,,,,,
159,1783220916361,8606,8606,0,0,0,0,0,0,67,71,81,70,38,164.54,5,0,0,-1003,-1,0,0,0,,,,,,,,,
160,1783220916458,8703,8703,0,0,0,0,0,0,67,71,81,70,38,164.62,5,-8,1,-1001,-1,0,0,0,,,,,,,,,
161,1783220916554,8799,8798,0,0,0,0,0,0,67,71,81,70,38,164.51,5,-11,21,-998,-1,0,0,0,,,,,,,,,
162,1783220916650,8895,8895,0,0,0,0,0,0,67,71,81,70,38,164.62,5,11,-6,-1010,-1,0,0,0,,,,,,,,,
163,1783220916746,8991,8991,0,0,0,0,0,0,67,71,81,70,38,164.74,5,22,-6,-986,-1,0,0,0,,,,,,,,,
164,1783220918972,11217,9087,0,0,0,0,0,0,67,71,81,70,38,164.69,5,-3,2,-1005,-1,0,0,0,,,,,,,,,
165,1783220919068,11313,9183,0,0,0,0,0,0,67,71,81,70,38,164.51,5,-2,4,-986,-1,0,0,0,,,,,,,,,
166,1783220919166,11411,9281,0,0,0,0,0,0,67,71,81,70,38,164.66,6,0,-9,-1002,-1,0,0,0,,,,,,,,,
167,1783220919267,11512,9382,0,0,0,0,0,0,67,71,81,70,38,164.65,6,0,17,-969,-1,0,0,0,,,,,,,,,
168,1783220919364,11609,9479,0,0,0,0,0,0,67,71,81,70,38,164.67,6,11,-3,-998,-1,0,0,0,,,,,,,,,
169,1783220919459,11704,9574,0,0,0,0,0,0,68,71,81,70,38,164.57,6,23,-12,-1009,-1,0,0,0,,,,,,,,,
170,1783220919551,11796,9666,0,0,0,0,0,0,68,71,81,70,38,164.88,6,-11,3,-1043,-1,0,0,0,,,,,,,,,
171,1783220919646,11891,9761,0,0,0,0,0,0,68,71,81,70,38,164.69,6,10,6,-995,-1,0,0,0,,,,,,,,,
172,1783220919743,11988,9858,0,0,0,0,0,0,68,71,81,70,38,164.52,6,31,-8,-1005,-1,0,0,0,,,,,,,,,
173,1783220919839,12084,9954,0,0,0,0,0,0,68,71,81,70,38,164.78,6,12,-6,-1004,-1,0,0,0,,,,,,,,,
174,1783220919935,12180,10050,0,0,0,0,0,0,68,71,82,70,38,164.71,6,19,-10,-996,-1,0,0,0,,,,,,,,,
175,1783220920031,12276,10146,0,0,0,0,0,0,68,71,82,70,38,164.63,6,-7,10,-1035,-1,0,0,0,,,,,,,,,
176,1783220920128,12373,10243,0,0,0,0,0,0,68,71,82,70,38,164.84,7,6,18,-1010,-1,0,0,0,,,,,,,,,
177,1783220920183,12428,10298,0,0,0,0,0,0,68,71,83,70,38,164.63,7,9,6,-1041,-1,0,0,0,,,,,,,,,
178,1783220920274,12519,10389,0,0,0,0,0,0,68,71,83,70,38,164.81,7,22,-8,-1000,-1,0,0,0,,,,,,,,,
179,1783220920373,12618,10488,0,0,0,0,0,0,69,71,83,70,38,164.94,7,41,-7,-999,-1,0,0,0,,,,,,,,,
180,1783220920464,12709,10579,1,0,0,0,0,0,69,71,83,70,38,164.58,7,15,9,-978,-1,0,0,0,,,,,,,,,
181,1783220920560,12805,10676,0,0,0,0,0,0,69,71,83,70,38,164.75,7,-6,7,-954,-1,0,0,0,,,,,,,,,
182,1783220920657,12902,10772,0,0,0,0,0,0,69,71,83,70,38,164.8,7,12,6,-987,-1,0,0,0,,,,,,,,,
183,1783220920753,12998,10868,0,0,0,0,0,0,69,71,83,70,38,164.66,7,4,6,-1005,-1,0,0,0,,,,,,,,,
184,1783220920849,13094,10964,0,0,0,0,0,0,69,71,83,70,38,164.8,7,-12,12,-1005,-1,0,0,0,,,,,,,,,
185,1783220920944,13189,11059,0,0,0,0,0,0,69,71,83,70,38,164.77,7,1,2,-1022,-1,0,0,0,,,,,,,,,
186,1783220921040,13285,11155,0,0,0,0,0,0,69,71,82,70,38,164.59,8,43,-1,-964,-1,0,0,0,,,,,,,,,
187,1783220921136,13381,11251,0,0,0,0,0,0,69,71,83,70,38,164.56,8,18,-16,-1031,-1,0,0,0,,,,,,,,,
188,1783220921232,13477,11347,1,0,0,0,0,0,69,71,83,70,38,164.78,8,15,-6,-1012,-1,0,0,0,,,,,,,,,
189,1783220921330,13575,11445,1,0,0,0,0,0,68,71,83,70,38,164.83,8,-15,29,-1000,-1,0,0,0,,,,,,,,,
190,1783220921425,13670,11541,0,0,0,0,0,0,68,71,83,70,38,164.58,8,11,10,-975,-1,0,0,0,,,,,,,,,
191,1783220921527,13772,11642,0,0,0,0,0,0,68,71,83,70,38,164.48,8,32,11,-1003,-1,0,0,0,,,,,,,,,
192,1783220921620,13865,11735,0,0,0,0,0,0,68,71,83,70,38,164.77,8,31,-3,-998,-1,0,0,0,,,,,,,,,
193,1783220921719,13964,11834,0,0,0,0,0,0,68,71,83,70,38,164.78,8,33,-7,-993,-1,0,0,0,,,,,,,,,
194,1783220921815,14060,11930,1,0,0,0,0,0,68,71,83,70,38,165.1,8,13,36,-1024,-1,0,0,0,0,0,0,0,"keyboard-worker","OK",1783220921778,11893,0
195,1783220921909,14154,12024,1,0,0,0,0,0,68,71,83,80,38,165.15,8,0,40,-978,-1,0,0,0,0,0,0,0,"keyboard-worker","OK",1783220921878,11993,2
196,1783220922009,14254,12124,0,0,0,0,0,0,68,71,83,80,38,164.85,9,29,5,-954,-1,0,0,0,0,0,0,0,"keyboard-worker","OK",1783220921978,12093,4
197,1783220922097,14342,12212,0,0,0,0,0,0,68,71,83,80,38,164.84,9,8,4,-958,-1,0,0,0,0,0,0,0,"keyboard-worker","OK",1783220922078,12193,6
198,1783220922190,14435,12305,0,0,0,0,0,0,68,71,83,80,38,164.4,9,-35,25,-1005,-1,0,0,0,0,0,0,0,"keyboard-worker","OK",1783220922178,12294,8
199,1783220922286,14531,12401,0,0,0,0,0,0,69,71,82,80,38,164.79,9,-15,20,-1002,-1,0,0,0,0,0,0,0,"keyboard-worker","OK",1783220922279,12394,10
200,1783220922384,14629,12499,0,0,0,0,0,0,69,71,82,70,38,164.51,9,1,6,-996,-1,0,0,0,0,0,0,0,"keyboard-worker","OK",1783220922379,12494,12
201,1783220922477,14722,12592,0,0,0,0,0,0,69,71,82,70,38,165.04,9,35,20,-986,-1,0,0,0,0,0,0,0,"keyboard-worker","OK",1783220922429,12544,13
202,1783220922573,14818,12688,1,0,0,0,0,0,69,71,81,70,38,164.75,9,4,20,-978,-1,0,0,0,0,0,0,0,"keyboard-worker","OK",1783220922529,12644,15
203,1783220922668,14913,12783,1,0,0,0,0,0,69,71,81,70,38,164.83,9,14,0,-993,-1,0,0,0,0,0,0,0,"keyboard-worker","OK",1783220922629,12744,17
204,1783220922765,15010,12880,0,0,0,0,0,0,69,71,81,70,38,164.7,9,-12,27,-1008,-1,0,0,0,0,0,0,0,"keyboard-worker","OK",1783220922729,12844,19
205,1783220922860,15105,12975,0,0,0,0,0,0,69,71,81,70,38,164.91,9,-1,20,-1012,-1,0,0,0,0,0,0,0,"keyboard-worker","OK",1783220922830,12945,21
206,1783220922956,15201,13071,0,0,0,0,0,0,69,71,81,70,38,164.66,10,11,-1,-1011,-1,0,0,0,0,0,25,0,"keyboard-worker","OK",1783220922930,13045,23
207,1783220923051,15296,13166,1,0,0,0,0,0,69,71,81,70,38,164.37,10,1,12,-964,-1,0,0,0,0,0,25,0,"keyboard-worker","OK",1783220923030,13145,25
208,1783220923149,15394,13264,1,0,0,0,0,0,69,71,81,70,38,164.75,10,-7,-2,-1071,-1,0,0,0,0,0,25,0,"keyboard-worker","OK",1783220923130,13245,27
209,1783220923246,15491,13361,0,0,0,0,0,0,69,71,82,70,38,164.49,10,-14,16,-1017,-1,0,0,0,0,0,25,0,"keyboard-worker","OK",1783220923230,13345,29
210,1783220923340,15585,13456,0,0,0,0,0,0,69,71,83,70,38,164.72,10,18,0,-1041,-1,0,0,0,0,0,25,0,"keyboard-worker","OK",1783220923330,13445,31
211,1783220923436,15681,13551,0,0,0,0,0,0,69,71,84,70,38,164.8,10,1,24,-1036,-1,0,0,0,0,0,25,0,"keyboard-worker","OK",1783220923431,13546,33
212,1783220923531,15776,13646,0,0,0,0,0,-1,69,71,85,80,38,164.96,10,-4,-1,-990,-1,0,0,0,0,0,25,0,"keyboard-worker","OK",1783220923531,13646,35
213,1783220923578,15823,13693,0,0,0,0,0,-1,69,71,86,80,38,164.72,10,-15,-8,-1047,-1,0,0,0,0,0,25,0,"keyboard-worker","OK",1783220923531,13646,35
214,1783220923674,15919,13789,0,0,0,0,0,-1,69,71,87,80,38,164.85,10,34,-12,-1012,-1,0,0,0,0,0,25,0,"keyboard-worker","OK",1783220923631,13746,37
215,1783220923769,16014,13884,0,0,0,0,0,-1,69,71,89,80,38,165.1,10,0,6,-994,-1,0,0,0,0,0,25,0,"keyboard-worker","OK",1783220923731,13846,39
216,1783220923866,16111,13981,0,0,0,0,0,-1,69,71,91,80,38,164.87,11,-7,-2,-1010,-1,0,0,0,0,0,25,0,"keyboard-worker","OK",1783220923831,13946,41
217,1783220923963,16208,14078,0,0,0,0,0,-1,69,71,92,80,38,164.73,11,19,-9,-1003,-1,0,0,0,0,0,25,0,"keyboard-worker","OK",1783220923931,14046,43
218,1783220924060,16305,14175,0,0,0,0,0,-1,69,71,94,80,38,164.87,11,9,6,-1026,-1,0,0,0,0,0,25,0,"keyboard-worker","OK",1783220924031,14146,45
219,1783220924153,16398,14268,0,0,0,0,0,-1,68,72,96,90,38,165.01,11,0,5,-1007,-1,0,0,0,0,0,25,0,"keyboard-worker","OK",1783220924131,14246,47
220,1783220924252,16497,14367,0,0,0,0,0,-1,68,72,97,90,38,164.75,11,0,8,-955,-1,0,0,0,0,0,25,0,"keyboard-worker","OK",1783220924232,14347,49
221,1783220924346,16591,14461,0,0,0,0,0,-1,68,72,99,90,38,165.03,11,22,-13,-990,-1,0,0,0,0,0,25,0,"keyboard-worker","OK",1783220924332,14447,51
222,1783220924440,16685,14555,0,0,0,0,0,-1,68,72,100,90,38,164.97,11,24,-16,-988,-1,0,0,0,0,0,25,0,"keyboard-worker","OK",1783220924432,14547,53
223,1783220924551,16796,14666,0,0,0,0,0,-1,68,72,102,90,38,164.71,11,16,-12,-987,-1,0,0,0,0,0,25,0,"keyboard-worker","OK",1783220924532,14647,55
224,1783220924647,16892,14762,0,0,0,0,0,-1,68,72,103,90,38,164.93,11,24,-22,-988,-1,0,0,0,0,0,25,0,"keyboard-worker","OK",1783220924632,14747,57
225,1783220924745,16990,14860,0,0,0,0,0,-1,68,72,105,100,38,164.76,11,49,-39,-1009,-1,0,0,0,0,0,25,0,"keyboard-worker","OK",1783220924732,14847,59
226,1783220924827,17072,14942,0,1,0,0,0,-1,68,72,106,100,38,165.14,12,-33,9,-992,-1,0,0,0,0,0,25,0,"keyboard-worker","OK",1783220924782,14897,60
227,1783220924992,17237,15107,0,1,0,0,0,-1,68,72,108,100,38,164.9,12,-21,1,-1005,-1,0,0,0,0,0,25,0,"keyboard-worker","OK",1783220924983,15098,64
228,1783220925067,17312,15182,0,1,0,0,0,-1,68,72,109,100,38,165.01,12,-4,8,-1013,-1,0,0,0,0,0,25,0,"keyboard-worker","OK",1783220925033,15148,65
229,1783220925183,17428,15298,0,0,0,0,0,-1,69,72,111,100,38,164.77,12,-12,0,-1029,-1,0,0,0,0,0,25,0,"keyboard-worker","OK",1783220925183,15298,68
230,1783220925229,17474,15344,0,0,0,0,0,-1,69,72,112,100,38,164.97,12,-4,12,-962,-1,0,0,0,0,0,25,0,"keyboard-worker","OK",1783220925183,15298,68
231,1783220925327,17572,15442,0,0,0,0,0,-1,69,72,113,100,38,165.03,12,9,0,-949,-1,0,0,0,0,0,25,0,"keyboard-worker","OK",1783220925283,15398,70
232,1783220925413,17658,15528,0,0,0,0,0,-1,69,72,114,110,38,164.87,12,-16,-5,-999,-1,0,0,0,0,0,25,0,"keyboard-worker","OK",1783220925383,15498,72
233,1783220925508,17753,15623,0,0,0,0,0,-1,69,72,116,110,38,164.96,12,10,4,-1011,-1,0,0,0,0,0,25,0,"keyboard-worker","OK",1783220925483,15599,74
234,1783220925606,17851,15721,0,0,0,0,0,-1,69,72,117,110,38,165.43,12,-6,-1,-1012,-1,0,0,0,0,0,25,0,"keyboard-worker","OK",1783220925584,15699,76
235,1783220925700,17945,15815,0,0,0,0,0,-1,69,72,118,110,38,164.9,12,0,-2,-988,-1,0,0,0,0,0,25,0,"keyboard-worker","OK",1783220925684,15799,78
236,1783220925816,18061,15931,0,0,0,0,0,-1,69,72,119,110,38,165.06,13,4,0,-1012,-1,0,0,0,0,0,25,0,"keyboard-worker","OK",1783220925784,15899,80
237,1783220925847,18092,15962,0,0,0,0,0,-1,69,72,121,110,38,165.03,13,3,7,-962,-1,0,0,0,0,0,25,0,"keyboard-worker","OK",1783220925834,15949,81
238,1783220925941,18186,16056,0,0,0,0,0,-1,69,72,123,110,38,165.19,13,-8,-9,-1014,-1,0,0,0,0,0,25,0,"keyboard-worker","OK",1783220925934,16049,83
239,1783220926083,18328,16198,0,0,0,0,0,-1,69,73,124,110,38,165.01,13,-1,-13,-1018,-1,0,0,0,0,0,25,0,"keyboard-worker","OK",1783220926034,16149,85
240,1783220926212,18457,16327,0,0,0,0,0,-1,69,73,125,120,38,165.17,13,15,-15,-995,-1,0,0,0,0,0,25,0,"keyboard-worker","OK",1783220926185,16300,88
241,1783220926238,18483,16353,0,0,0,0,0,-1,69,73,127,120,38,165.05,13,-6,-18,-986,-1,0,0,0,0,0,25,0,"keyboard-worker","OK",1783220926235,16350,89
242,1783220926379,18624,16494,0,0,0,0,0,-1,69,73,128,120,38,165.04,13,8,-23,-963,-1,0,0,0,0,0,25,0,"keyboard-worker","OK",1783220926335,16450,91
243,1783220926460,18705,16575,0,1,0,0,0,-1,69,73,130,120,38,165.18,13,14,-29,-1004,-1,0,0,0,0,0,25,0,"keyboard-worker","OK",1783220926435,16550,93
244,1783220926513,18758,16628,0,1,0,0,0,-1,69,73,131,120,38,165.26,13,-6,-16,-1008,-1,0,0,0,0,0,25,0,"keyboard-worker","OK",1783220926485,16600,94
245,1783220926605,18850,16720,0,1,0,0,0,-1,69,73,132,120,38,165.04,13,22,-34,-1042,-1,0,0,0,0,0,25,0,"keyboard-worker","OK",1783220926585,16700,96
246,1783220926700,18945,16815,0,1,0,0,0,-1,69,73,134,120,38,165.11,14,-9,-2,-977,-1,0,0,0,0,0,25,0,"keyboard-worker","OK",1783220926685,16800,98
247,1783220926796,19041,16911,0,1,0,0,0,-1,69,73,136,130,38,165.31,14,-16,-13,-1019,-1,0,0,0,0,0,25,0,"keyboard-worker","OK",1783220926785,16900,100
248,1783220926892,19137,17007,0,1,0,0,0,-1,69,73,137,130,38,165.18,14,-16,-12,-1005,-1,0,0,0,0,0,25,0,"keyboard-worker","OK",1783220926886,17001,102
249,1783220926988,19233,17103,0,1,0,0,0,-1,69,71,138,130,38,164.94,14,-5,0,-1033,-1,0,0,0,0,0,0,0,"keyboard-worker","OK",1783220926986,17101,104
250,1783220927083,19328,17198,0,1,0,0,0,-1,69,71,139,130,38,165.48,14,-15,-21,-993,-1,0,0,0,0,0,0,0,"keyboard-worker","OK",1783220927036,17151,105
251,1783220927179,19424,17294,0,0,0,0,0,-1,69,71,140,130,38,165.55,14,7,-15,-990,-1,0,0,0,0,0,0,0,"keyboard-worker","OK",1783220927136,17251,107
252,1783220927279,19524,17394,0,1,0,0,0,0,69,71,141,130,38,165.14,14,-1,-23,-986,-1,0,0,0,0,0,-25,0,"keyboard-worker","OK",1783220927236,17351,109
253,1783220927381,19626,17496,0,0,0,0,0,0,69,71,142,130,38,165.34,14,-17,-6,-999,-1,0,0,0,0,0,-25,0,"keyboard-worker","OK",1783220927336,17451,111
254,1783220927468,19713,17583,0,1,0,0,0,0,69,71,142,130,38,164.97,14,-26,1,-952,-1,0,0,0,0,0,-25,0,"keyboard-worker","OK",1783220927437,17552,113
255,1783220927571,19816,17686,0,1,0,0,0,0,69,71,141,130,38,164.9,14,-21,-13,-1014,-1,0,0,0,0,0,-25,0,"keyboard-worker","OK",1783220927537,17652,115
256,1783220927664,19909,17779,0,1,0,0,0,0,69,71,141,130,38,164.97,15,4,-21,-998,-1,0,0,0,0,0,-25,0,"keyboard-worker","OK",1783220927637,17752,117
257,1783220927755,20000,17870,0,0,0,0,0,1,69,71,140,130,38,165.28,15,34,-26,-1011,-1,0,0,0,0,0,-25,0,"keyboard-worker","OK",1783220927737,17852,119
258,1783220927851,20096,17966,0,0,0,0,0,1,69,71,138,130,38,164.93,15,12,-24,-994,-1,0,0,0,0,0,-25,0,"keyboard-worker","OK",1783220927837,17952,121
259,1783220927947,20192,18062,0,0,0,0,0,1,69,72,136,130,38,165.27,15,5,-1,-963,-1,0,0,0,0,0,-25,0,"keyboard-worker","OK",1783220927937,18052,123
260,1783220928042,20287,18157,0,0,0,0,0,1,69,72,135,130,38,165.3,15,-22,-13,-1027,-1,0,0,0,0,0,-25,0,"keyboard-worker","OK",1783220928038,18153,125
261,1783220928139,20384,18254,0,0,0,0,0,1,69,72,134,130,38,165.54,15,-27,3,-977,-1,0,0,0,0,0,-25,0,"keyboard-worker","OK",1783220928138,18253,127
262,1783220928234,20479,18349,0,0,0,0,0,1,69,72,133,130,38,165.21,15,3,-17,-986,-1,0,0,0,0,0,-25,0,"keyboard-worker","OK",1783220928188,18303,128
263,1783220928330,20575,18445,0,0,0,0,0,1,69,72,131,130,38,165.25,15,-34,4,-1081,-1,0,0,0,0,0,-25,0,"keyboard-worker","OK",1783220928288,18403,130
264,1783220928425,20670,18540,0,0,0,0,0,1,69,72,129,120,38,165.2,15,-36,12,-983,-1,0,0,0,0,0,-25,0,"keyboard-worker","OK",1783220928388,18503,132
265,1783220928522,20767,18637,0,0,0,0,0,1,69,72,128,120,38,165.33,15,-12,2,-999,-1,0,0,0,0,0,-25,0,"keyboard-worker","OK",1783220928488,18603,134
266,1783220928617,20862,18732,0,0,0,0,0,1,69,72,126,120,38,165.27,16,11,-16,-959,-1,0,0,0,0,0,-25,0,"keyboard-worker","OK",1783220928588,18704,136
267,1783220928712,20957,18827,0,0,0,0,0,1,69,72,125,120,38,165.23,16,-15,-14,-1006,-1,0,0,0,0,0,-25,0,"keyboard-worker","OK",1783220928689,18804,138
268,1783220928808,21053,18923,0,0,0,0,0,1,69,72,124,120,38,164.91,16,7,-16,-999,-1,0,0,0,0,0,-25,0,"keyboard-worker","OK",1783220928789,18904,140
269,1783220928904,21149,19019,0,0,0,0,0,1,70,72,123,120,38,164.89,16,0,-18,-1003,-1,0,0,0,0,0,-25,0,"keyboard-worker","OK",1783220928889,19004,142
270,1783220929004,21249,19119,0,0,0,0,0,1,70,72,121,110,38,165.26,16,36,-19,-966,-1,0,0,0,0,0,-25,0,"keyboard-worker","OK",1783220928989,19104,144
271,1783220929098,21343,19213,0,0,0,0,0,1,70,72,120,110,38,165.02,16,-23,11,-976,-1,0,0,0,0,0,-25,0,"keyboard-worker","OK",1783220929089,19204,146
272,1783220929194,21439,19309,0,0,0,0,0,1,70,72,119,110,38,164.85,16,26,-12,-929,-1,0,0,0,0,0,-25,0,"keyboard-worker","OK",1783220929189,19304,148
273,1783220929281,21526,19396,0,0,0,0,0,1,70,72,118,110,38,165.22,16,-24,16,-1019,-1,0,0,0,0,0,-25,0,"keyboard-worker","OK",1783220929240,19355,149
274,1783220929375,21620,19490,0,0,0,0,0,1,70,72,117,110,38,164.89,16,-11,-15,-973,-1,0,0,0,0,0,-25,0,"keyboard-worker","OK",1783220929340,19455,151
275,1783220929481,21726,19596,0,0,0,0,0,1,70,72,116,110,38,165.23,16,-18,0,-995,-1,0,0,0,0,0,-25,0,"keyboard-worker","OK",1783220929440,19555,153
276,1783220929517,21762,19632,0,0,0,0,0,1,70,72,114,110,38,165.21,17,23,-19,-982,-1,0,0,0,0,0,-25,0,"keyboard-worker","OK",1783220929490,19605,154
277,1783220929614,21859,19729,0,0,0,0,0,1,70,72,113,110,38,165,17,33,-20,-974,-1,0,0,0,0,0,-25,0,"keyboard-worker","OK",1783220929590,19705,156
278,1783220929725,21970,19840,1,0,0,0,0,1,70,72,113,100,38,164.91,17,24,-7,-1016,-1,0,0,0,0,0,-25,0,"keyboard-worker","OK",1783220929690,19806,158
279,1783220929850,22095,19965,1,0,0,0,0,0,71,72,111,100,38,164.64,17,19,2,-1023,-1,0,0,0,0,0,-25,0,"keyboard-worker","OK",1783220929841,19956,161
280,1783220929945,22190,20060,1,0,0,0,0,1,71,72,110,100,38,165.02,17,8,-2,-997,-1,0,0,0,0,0,-25,0,"keyboard-worker","OK",1783220929941,20056,163
281,1783220930038,22283,20153,0,0,0,0,0,1,71,72,110,100,37,164.92,17,35,-18,-978,-1,0,0,0,0,0,-25,0,"keyboard-worker","OK",1783220929991,20106,164
282,1783220930093,22338,20208,1,0,0,0,0,1,71,72,108,100,37,164.74,17,-18,6,-985,-1,0,0,0,0,0,-25,0,"keyboard-worker","OK",1783220930091,20206,166
283,1783220930189,22434,20304,1,0,0,0,0,1,71,72,107,100,37,165.07,17,38,-36,-997,-1,0,0,0,0,0,-25,0,"keyboard-worker","OK",1783220930141,20256,167
284,1783220930276,22521,20391,0,0,0,0,0,1,71,72,106,100,37,164.93,17,35,-30,-985,-1,0,0,0,0,0,-25,0,"keyboard-worker","OK",1783220930241,20356,169
285,1783220930370,22615,20485,0,0,0,0,0,1,71,72,105,100,37,165.17,18,16,-18,-1007,-1,0,0,0,0,0,-25,0,"keyboard-worker","OK",1783220930342,20457,171
286,1783220930465,22710,20580,0,0,0,0,0,1,71,72,104,100,37,164.52,18,-5,3,-1026,-1,0,0,0,0,0,-25,0,"keyboard-worker","OK",1783220930442,20557,173
287,1783220930560,22805,20675,0,0,0,0,0,1,71,72,102,90,37,164.93,18,5,-21,-1001,-1,0,0,0,0,0,-25,0,"keyboard-worker","OK",1783220930542,20657,175
288,1783220930655,22900,20770,0,0,0,0,0,1,71,72,101,90,37,164.75,18,-24,9,-1016,-1,0,0,0,0,0,-25,0,"keyboard-worker","OK",1783220930642,20757,177
289,1783220930750,22995,20865,-1,0,0,0,0,1,70,73,100,90,37,164.93,18,-10,-18,-976,-1,0,0,0,0,0,-25,0,"keyboard-worker","OK",1783220930742,20857,179
290,1783220930851,23096,20966,0,0,0,0,0,1,70,73,98,90,37,164.72,18,19,0,-1017,-1,0,0,0,0,0,-25,0,"keyboard-worker","OK",1783220930843,20958,181
291,1783220930943,23188,21058,0,0,0,0,0,1,70,73,97,90,37,164.78,18,16,-2,-971,-1,0,0,0,0,0,-25,0,"keyboard-worker","OK",1783220930943,21058,183
292,1783220931038,23283,21153,0,0,0,0,0,1,70,73,95,90,37,164.77,18,8,-17,-987,-1,0,0,0,0,0,-25,0,"keyboard-worker","OK",1783220930993,21108,184
293,1783220931149,23394,21264,0,0,0,0,0,1,70,73,94,90,37,164.73,18,36,-15,-1039,-1,0,0,0,0,0,-25,0,"keyboard-worker","OK",1783220931143,21258,187
294,1783220931242,23487,21357,1,0,0,0,0,1,70,73,92,90,37,164.59,18,11,4,-970,-1,0,0,0,0,0,-25,0,"keyboard-worker","OK",1783220931193,21308,188
295,1783220931349,23594,21464,1,0,0,0,0,1,70,73,91,80,37,164.86,19,-23,4,-1007,-1,0,0,0,0,0,-25,0,"keyboard-worker","OK",1783220931343,21458,191
296,1783220931434,23679,21549,0,1,0,0,0,1,70,73,89,80,37,164.65,19,32,-7,-991,-1,0,0,0,0,0,-25,0,"keyboard-worker","OK",1783220931393,21508,192
297,1783220931512,23757,21627,0,1,0,0,0,1,70,73,88,80,37,164.99,19,-20,-7,-993,-1,0,0,0,0,0,-25,0,"keyboard-worker","OK",1783220931493,21609,194
298,1783220931642,23887,21757,0,0,0,0,0,1,70,73,86,80,37,165.01,19,1,-5,-973,-1,0,0,0,0,0,-25,0,"keyboard-worker","OK",1783220931594,21709,196
299,1783220931695,23940,21810,0,0,0,0,0,1,70,73,84,80,37,164.69,19,7,0,-999,-1,0,0,0,0,0,-25,0,"keyboard-worker","OK",1783220931694,21809,198
300,1783220931791,24036,21906,0,0,0,0,0,1,70,73,83,80,37,164.66,19,34,-11,-1003,-1,0,0,0,0,0,-25,0,"keyboard-worker","OK",1783220931744,21859,199
301,1783220931885,24130,22000,0,0,0,0,0,1,70,73,81,70,36,164.88,19,12,-14,-966,-1,0,0,0,0,0,-25,0,"keyboard-worker","OK",1783220931844,21959,201
302,1783220931980,24225,22096,0,0,0,0,0,1,70,73,80,70,36,164.61,19,3,8,-1063,-1,0,0,0,0,0,-25,0,"keyboard-worker","OK",1783220931944,22059,203
303,1783220932074,24319,22189,0,0,0,0,0,1,70,73,79,70,36,164.59,19,7,-25,-959,-1,0,0,0,0,0,-25,0,"keyboard-worker","OK",1783220932044,22159,205
304,1783220932171,24416,22286,0,0,0,0,0,1,70,73,78,70,36,164.67,19,-10,-6,-1010,-1,0,0,0,0,0,-25,0,"keyboard-worker","OK",1783220932144,22259,207
305,1783220932266,24511,22381,0,0,0,0,0,1,70,73,76,70,36,164.5,20,17,7,-1024,-1,0,0,0,0,0,-25,0,"keyboard-worker","OK",1783220932245,22360,209
306,1783220932360,24605,22476,0,0,0,0,0,1,70,73,75,70,36,164.58,20,11,-19,-980,-1,0,0,0,0,0,-25,0,"keyboard-worker","OK",1783220932345,22460,211
307,1783220932451,24696,22566,0,0,0,0,0,1,70,73,74,70,36,164.44,20,-17,-17,-978,-1,0,0,0,0,0,-25,0,"keyboard-worker","OK",1783220932445,22560,213
308,1783220932551,24796,22666,0,0,0,0,0,1,70,73,73,60,36,164.34,20,36,2,-965,-1,0,0,0,0,0,-25,0,"keyboard-worker","OK",1783220932545,22660,215
309,1783220932641,24886,22756,0,0,0,0,0,1,70,73,71,60,36,164.79,20,-17,-4,-986,-1,0,0,0,0,0,-25,0,"keyboard-worker","OK",1783220932595,22710,216
310,1783220932780,25025,22895,0,0,0,0,0,1,70,73,70,60,36,164.35,20,0,8,-1018,-1,0,0,0,0,0,25,0,"keyboard-worker","OK",1783220932745,22861,219
311,1783220932823,25068,22938,0,0,0,0,0,1,70,73,70,60,36,164.58,20,-29,11,-1040,-1,0,0,0,0,0,25,0,"keyboard-worker","OK",1783220932796,22911,220
312,1783220932907,25152,23022,0,0,0,0,0,0,70,73,69,60,36,164.33,20,-4,5,-1141,-1,0,0,0,0,0,25,0,"keyboard-worker","OK",1783220932896,23011,222
313,1783220933001,25246,23116,0,0,0,0,0,0,70,73,69,60,36,164.47,20,-14,-1,-1054,-1,0,0,0,0,0,25,0,"keyboard-worker","OK",1783220932996,23111,224
314,1783220933215,25460,23330,0,0,0,0,0,0,70,73,69,60,36,164.4,20,17,-14,-975,-1,0,0,0,0,0,25,0,"keyboard-worker","OK",1783220933196,23311,228
315,1783220933243,25488,23358,0,0,0,0,0,0,70,73,70,60,36,164.74,21,-4,3,-1079,-1,0,0,0,0,0,25,0,"keyboard-worker","OK",1783220933196,23311,228
316,1783220933333,25578,23448,0,0,0,0,0,0,70,73,71,60,36,164.59,21,14,-2,-1027,-1,0,0,0,0,0,25,0,"keyboard-worker","OK",1783220933296,23412,230
317,1783220933355,25600,23470,0,0,0,0,0,0,70,73,72,60,36,164.55,21,29,-20,-1006,-1,0,0,0,0,0,25,0,"keyboard-worker","OK",1783220933347,23462,231
318,1783220933455,25700,23571,0,0,0,0,0,-1,70,73,74,60,36,164.21,21,12,-7,-1011,-1,0,0,0,0,0,25,0,"keyboard-worker","OK",1783220933447,23562,233
319,1783220933549,25794,23664,1,0,0,0,0,-1,71,73,75,70,36,164.27,21,21,-6,-1027,-1,0,0,0,0,0,25,0,"keyboard-worker","OK",1783220933547,23662,235
320,1783220933644,25889,23759,0,0,0,0,0,-1,71,73,77,70,36,164.82,21,19,-20,-1005,-1,0,0,0,0,0,25,0,"keyboard-worker","OK",1783220933597,23712,236
321,1783220933734,25979,23849,0,0,0,0,0,-1,71,73,78,70,35,164.54,21,13,-27,-1017,-1,0,0,0,0,0,25,0,"keyboard-worker","OK",1783220933697,23812,238
322,1783220933829,26074,23944,0,0,0,0,0,-1,71,73,80,70,35,164.58,21,0,-7,-1016,-1,0,0,0,0,0,25,0,"keyboard-worker","OK",1783220933797,23912,240
323,1783220933923,26168,24038,0,0,0,0,0,-1,71,73,81,70,35,164.37,21,-41,-12,-979,-1,0,0,0,0,0,25,0,"keyboard-worker","OK",1783220933898,24013,242
324,1783220934017,26262,24132,0,0,0,0,0,-1,71,73,82,70,35,164.59,21,-7,-4,-982,-1,0,0,0,0,0,25,0,"keyboard-worker","OK",1783220933998,24113,244
325,1783220934112,26357,24227,0,0,0,0,0,-1,71,73,84,80,35,164.76,22,-4,-2,-972,-1,0,0,0,0,0,25,0,"keyboard-worker","OK",1783220934098,24213,246
326,1783220934338,26583,24453,-1,0,0,0,0,-1,71,73,85,80,35,164.55,22,7,-5,-979,-1,0,0,0,0,0,25,0,"keyboard-worker","OK",1783220934298,24413,250
327,1783220934341,26586,24456,0,0,0,0,0,-1,71,73,86,80,35,164.63,22,28,-12,-1020,-1,0,0,0,0,0,25,0,"keyboard-worker","OK",1783220934298,24413,250
328,1783220934521,26766,24636,0,0,0,0,0,-1,71,73,88,80,35,164.71,22,-14,-7,-1018,-1,0,0,0,0,0,25,0,"keyboard-worker","OK",1783220934499,24614,254
329,1783220934523,26768,24638,0,0,0,0,0,-1,71,73,89,80,35,164.73,22,9,-27,-998,-1,0,0,0,0,0,25,0,"keyboard-worker","OK",1783220934499,24614,254
330,1783220934881,27126,24996,0,0,0,0,0,-1,71,73,90,80,35,164.55,22,-29,24,-977,-1,0,0,0,0,0,25,0,"keyboard-worker","OK",1783220934849,24964,261
331,1783220934882,27127,24997,0,1,0,0,0,-1,71,73,92,80,35,164.93,22,-1,-26,-1004,-1,0,0,0,0,0,25,0,"keyboard-worker","OK",1783220934849,24964,261
332,1783220935050,27295,25165,0,1,0,0,0,-1,71,73,93,80,35,164.6,22,6,-9,-1022,-1,0,0,0,0,0,25,0,"keyboard-worker","OK",1783220935050,25165,265
333,1783220935053,27298,25168,0,1,0,0,0,-1,71,73,95,90,35,165.16,22,-38,-1,-1002,-1,0,0,0,0,0,25,0,"keyboard-worker","OK",1783220935050,25165,265
334,1783220935063,27308,25178,0,1,0,0,0,-1,71,73,96,90,35,164.96,22,2,-11,-971,-1,0,0,0,0,0,25,0,"keyboard-worker","OK",1783220935050,25165,265
335,1783220935064,27309,25179,0,0,0,0,0,-1,71,73,97,90,35,164.82,23,-2,-25,-971,-1,0,0,0,0,0,25,0,"keyboard-worker","OK",1783220935050,25165,265
336,1783220935240,27485,25355,0,0,0,0,0,-1,71,73,98,90,35,164.82,23,1,5,-998,-1,0,0,0,0,0,25,0,"keyboard-worker","OK",1783220935200,25315,268
337,1783220935242,27487,25357,0,0,0,0,0,-1,71,73,99,90,35,164.53,23,-7,-10,-980,-1,0,0,0,0,0,25,0,"keyboard-worker","OK",1783220935200,25315,268
338,1783220935339,27584,25454,0,0,0,0,0,0,71,73,100,90,35,164.58,23,-27,3,-1026,-1,0,0,0,0,0,25,0,"keyboard-worker","OK",1783220935300,25415,270
339,1783220935458,27703,25573,-1,0,0,0,0,-1,71,73,101,90,35,164.96,23,10,-16,-1037,-1,0,0,0,0,0,25,0,"keyboard-worker","OK",1783220935450,25565,273
340,1783220935542,27787,25657,0,0,0,0,0,0,71,73,103,90,34,164.92,23,18,-3,-1006,-1,0,0,0,0,0,25,0,"keyboard-worker","OK",1783220935500,25615,274
341,1783220935636,27881,25751,0,0,0,0,0,-1,71,73,104,100,34,164.54,23,-3,-1,-1077,-1,0,0,0,0,0,25,0,"keyboard-worker","OK",1783220935600,25716,276
342,1783220935731,27976,25846,0,0,0,0,0,-1,71,73,106,100,34,164.83,23,30,-20,-1002,-1,0,0,0,0,0,25,0,"keyboard-worker","OK",1783220935701,25816,278
343,1783220935826,28071,25941,0,0,0,0,0,-1,71,73,107,100,34,165.02,23,-3,-8,-1047,-1,0,0,0,0,0,25,0,"keyboard-worker","OK",1783220935801,25916,280
344,1783220935924,28169,26039,0,0,0,0,0,-1,71,73,109,100,34,165.11,23,3,-7,-997,-1,0,0,0,0,0,25,0,"keyboard-worker","OK",1783220935901,26016,282
345,1783220936101,28346,26217,0,0,0,0,0,-1,71,73,110,100,34,164.66,24,7,-2,-1019,-1,0,0,0,0,0,25,0,"keyboard-worker","OK",1783220936101,26216,286
346,1783220936103,28348,26218,0,0,0,0,0,-1,71,73,112,100,34,165.04,24,9,-27,-952,-1,0,0,0,0,0,25,0,"keyboard-worker","OK",1783220936101,26216,286
347,1783220936167,28412,26282,0,0,0,0,0,-1,71,73,113,100,34,165.05,24,35,-20,-1029,-1,0,0,0,0,0,25,0,"keyboard-worker","OK",1783220936151,26266,287
348,1783220936256,28501,26371,0,0,0,0,0,-1,71,73,115,110,34,164.83,24,2,-23,-1029,-1,0,0,0,0,0,25,0,"keyboard-worker","OK",1783220936252,26367,289
349,1783220936364,28609,26479,0,0,0,0,0,-1,71,73,116,110,34,164.95,24,23,-24,-944,-1,0,0,0,0,0,25,0,"keyboard-worker","OK",1783220936352,26467,291
350,1783220936448,28693,26564,0,0,0,0,0,-1,71,73,117,110,34,164.74,24,-6,19,-965,-1,0,0,0,0,0,25,0,"keyboard-worker","OK",1783220936402,26517,292
351,1783220936565,28810,26680,0,0,0,0,0,-1,71,73,118,110,34,164.96,24,-17,0,-1011,-1,0,0,0,0,0,25,0,"keyboard-worker","OK",1783220936552,26667,295
352,1783220936659,28904,26774,0,0,0,0,0,-1,71,73,120,110,34,165.02,24,-3,20,-965,-1,0,0,0,0,0,25,0,"keyboard-worker","OK",1783220936652,26767,297
353,1783220936750,28995,26865,0,0,0,0,0,-1,71,73,121,110,34,164.94,24,-20,-1,-980,-1,0,0,0,0,0,25,0,"keyboard-worker","OK",1783220936702,26817,298
354,1783220936827,29072,26942,0,0,0,0,0,-1,71,73,122,110,34,165.09,24,-9,6,-1043,-1,0,0,0,0,0,25,0,"keyboard-worker","OK",1783220936802,26917,300
355,1783220936923,29168,27038,0,0,0,0,0,-1,71,73,124,110,34,165.13,25,-2,-3,-985,-1,0,0,0,0,0,25,0,"keyboard-worker","OK",1783220936902,27018,302
356,1783220937019,29264,27134,0,0,0,0,0,-1,71,73,125,120,34,164.89,25,15,-11,-965,-1,0,0,0,0,0,25,0,"keyboard-worker","OK",1783220937003,27118,304
357,1783220937117,29362,27232,0,0,0,0,0,-1,71,73,126,120,34,165.25,25,2,-2,-1053,-1,0,0,0,0,0,25,0,"keyboard-worker","OK",1783220937103,27218,306
358,1783220937212,29457,27327,0,0,0,0,0,-1,71,73,128,120,34,165.28,25,-30,-24,-1062,-1,0,0,0,0,0,25,0,"keyboard-worker","OK",1783220937203,27318,308
359,1783220937309,29554,27424,0,1,0,0,0,-1,70,73,129,120,34,164.95,25,16,-10,-930,-1,0,0,0,0,0,25,0,"keyboard-worker","OK",1783220937303,27418,310
360,1783220937401,29646,27516,0,1,0,0,0,-1,70,73,131,120,33,165.11,25,-6,-11,-994,-1,0,0,0,0,0,25,0,"keyboard-worker","OK",1783220937353,27468,311
361,1783220937497,29742,27612,0,1,0,0,0,-1,70,73,132,120,33,164.87,25,-8,-17,-1014,-1,0,0,0,0,0,25,0,"keyboard-worker","OK",1783220937453,27568,313
362,1783220937594,29839,27709,0,1,0,0,0,0,70,73,133,120,33,165.31,25,-4,-25,-999,-1,0,0,0,0,0,25,0,"keyboard-worker","OK",1783220937553,27668,315
363,1783220937689,29934,27804,0,1,0,0,0,-1,70,73,135,130,33,165,25,-13,-6,-955,-1,0,0,0,0,0,25,0,"keyboard-worker","OK",1783220937654,27769,317
364,1783220937785,30030,27900,0,0,0,0,0,-1,70,73,136,130,33,165.16,25,-11,-15,-1091,-1,0,0,0,0,0,25,0,"keyboard-worker","OK",1783220937754,27869,319
365,1783220937881,30126,27996,-1,0,0,0,0,-1,70,73,139,130,33,165.2,26,-49,12,-1004,-1,0,0,0,0,0,25,0,"keyboard-worker","OK",1783220937854,27969,321
366,1783220938001,30246,28116,0,0,0,0,0,-1,70,73,141,130,33,165.49,26,-15,-25,-962,-1,0,0,0,0,0,25,0,"keyboard-worker","OK",1783220937954,28069,323
367,1783220938080,30325,28195,0,0,0,0,0,-1,70,73,142,130,33,165.59,26,10,-7,-1038,-1,0,0,0,0,0,25,0,"keyboard-worker","OK",1783220938054,28169,325
368,1783220938184,30429,28299,0,0,0,0,0,-1,70,73,145,130,33,165.2,26,21,-23,-988,-1,0,0,0,0,0,0,0,"keyboard-worker","OK",1783220938154,28270,327
369,1783220938280,30525,28395,0,0,0,0,0,-1,72,73,147,140,33,165.45,26,-2,-8,-976,-1,0,0,0,0,0,0,0,"keyboard-worker","OK",1783220938255,28370,329
370,1783220938364,30609,28480,0,0,0,0,0,-1,72,73,149,140,33,165.12,26,7,7,-946,-1,0,0,0,0,0,-25,0,"keyboard-worker","OK",1783220938355,28470,331
371,1783220938473,30718,28588,0,0,0,0,0,-1,72,73,151,140,33,165.29,26,-35,27,-983,-1,0,0,0,0,0,-25,0,"keyboard-worker","OK",1783220938455,28570,333
372,1783220938554,30799,28669,0,0,0,0,0,0,72,73,153,140,33,165.33,26,8,-2,-902,-1,0,0,0,0,0,-25,0,"keyboard-worker","OK",1783220938505,28620,334
373,1783220938651,30896,28766,0,0,0,0,0,0,72,73,154,140,33,165.19,26,0,-2,-976,-1,0,0,0,0,0,-25,0,"keyboard-worker","OK",1783220938605,28720,336
374,1783220938745,30990,28860,0,0,0,0,0,0,72,73,155,140,33,165.37,26,21,17,-969,-1,0,0,0,0,0,-25,0,"keyboard-worker","OK",1783220938705,28821,338
375,1783220938841,31086,28957,1,0,0,0,0,0,72,73,155,140,33,165.21,27,38,-7,-951,-1,0,0,0,0,0,-25,0,"keyboard-worker","OK",1783220938806,28921,340
376,1783220938938,31183,29053,1,0,0,0,0,0,72,73,154,140,33,165.41,27,-3,4,-990,-1,0,0,0,0,0,-25,0,"keyboard-worker","OK",1783220938906,29021,342
377,1783220939034,31279,29149,0,0,0,0,0,1,72,73,155,140,33,165.34,27,-8,-7,-922,-1,0,0,0,0,0,-25,0,"keyboard-worker","OK",1783220939006,29121,344
378,1783220939130,31375,29245,0,0,0,0,0,1,72,73,154,140,33,165.34,27,27,-13,-1018,-1,0,0,0,0,0,-25,0,"keyboard-worker","OK",1783220939106,29221,346
379,1783220939226,31471,29341,0,0,0,0,0,1,72,73,152,140,33,165.19,27,-29,-7,-1001,-1,0,0,0,0,0,-25,0,"keyboard-worker","OK",1783220939206,29321,348
380,1783220939322,31567,29437,0,0,0,0,0,1,72,73,153,140,32,165.55,27,-4,16,-1001,-1,0,0,0,0,0,-25,0,"keyboard-worker","OK",1783220939306,29422,350
381,1783220939418,31663,29533,0,0,0,0,0,1,72,73,152,140,32,165.42,27,26,3,-1016,-1,0,0,0,0,0,-25,0,"keyboard-worker","OK",1783220939407,29522,352
382,1783220939466,31711,29581,0,0,0,0,0,0,72,73,152,140,32,165.48,27,5,1,-979,-1,0,0,0,0,0,-25,0,"keyboard-worker","OK",1783220939457,29572,353
383,1783220939706,31951,29821,1,0,0,0,0,1,72,73,152,140,32,165.26,27,7,4,-946,-1,0,0,0,0,0,-25,0,"keyboard-worker","OK",1783220939657,29772,357
384,1783220939706,31951,29821,1,0,0,0,0,1,72,73,152,140,32,165.25,27,21,-11,-1027,-1,0,0,0,0,0,-25,0,"keyboard-worker","OK",1783220939657,29772,357
385,1783220939892,32137,30007,1,0,0,0,0,1,72,73,153,140,32,165.34,28,18,-12,-999,-1,0,0,0,0,0,-25,0,"keyboard-worker","OK",1783220939857,29972,361
386,1783220939895,32140,30010,1,0,0,0,0,1,72,73,151,140,32,165.3,28,7,1,-1012,-1,0,0,0,0,0,-25,0,"keyboard-worker","OK",1783220939857,29972,361
387,1783220940085,32330,30200,0,0,0,0,0,0,72,73,152,140,32,165.32,28,15,11,-975,-1,0,0,0,0,0,-25,0,"keyboard-worker","OK",1783220940058,30173,365
388,1783220940087,32332,30202,0,0,0,0,0,0,72,73,152,140,32,165.17,28,5,15,-972,-1,0,0,0,0,0,-25,0,"keyboard-worker","OK",1783220940058,30173,365
389,1783220940186,32431,30301,0,0,0,0,0,1,71,74,152,140,32,165.04,28,8,24,-1002,-1,0,0,0,0,0,-25,0,"keyboard-worker","OK",1783220940158,30273,367
390,1783220940271,32516,30386,0,0,0,0,0,1,71,74,152,140,32,165.52,28,25,16,-1043,-1,0,0,0,0,0,-25,0,"keyboard-worker","OK",1783220940258,30373,369
391,1783220940370,32615,30485,0,0,0,0,0,0,71,74,152,140,32,165.32,28,18,4,-995,-1,0,0,0,0,0,-25,0,"keyboard-worker","OK",1783220940358,30473,371
392,1783220940463,32708,30578,0,0,0,0,0,0,71,74,153,140,32,165.1,28,13,-4,-953,-1,0,0,0,0,0,-25,0,"keyboard-worker","OK",1783220940458,30574,373
393,1783220940662,32907,30777,0,0,0,0,0,0,71,74,152,140,32,165.38,28,20,0,-1035,-1,0,0,0,0,0,-25,0,"keyboard-worker","OK",1783220940659,30774,377
394,1783220940667,32912,30782,0,0,0,0,0,0,71,74,151,140,32,165.38,28,-12,-16,-941,-1,0,0,0,0,0,-25,0,"keyboard-worker","OK",1783220940659,30774,377
395,1783220940734,32979,30849,0,0,0,0,0,0,71,74,150,140,32,165.34,29,18,2,-1013,-1,0,0,0,0,0,-25,0,"keyboard-worker","OK",1783220940709,30824,378
396,1783220940809,33054,30924,0,0,0,0,0,0,71,74,150,140,32,165.23,29,12,-3,-944,-1,0,0,0,0,0,-25,0,"keyboard-worker","OK",1783220940809,30924,380
397,1783220940904,33149,31019,0,0,0,0,0,1,71,74,148,140,32,165.38,29,25,-6,-1011,-1,0,0,0,0,0,-25,0,"keyboard-worker","OK",1783220940859,30974,381
398,1783220941008,33253,31123,0,0,0,0,0,1,71,74,147,140,32,165.34,29,7,-6,-977,-1,0,0,0,0,0,-25,0,"keyboard-worker","OK",1783220940959,31074,383
399,1783220941093,33338,31208,0,0,0,0,0,1,71,74,146,140,32,165.19,29,8,10,-1080,-1,0,0,0,0,0,-25,0,"keyboard-worker","OK",1783220941060,31175,385
400,1783220941189,33434,31304,0,0,0,0,0,0,71,74,145,140,31,165.49,29,-4,-18,-963,-1,0,0,0,0,0,-25,0,"keyboard-worker","OK",1783220941160,31275,387
401,1783220941286,33531,31401,0,0,0,0,0,0,71,74,143,140,31,165.07,29,26,-1,-965,-1,0,0,0,0,0,-25,0,"keyboard-worker","OK",1783220941260,31375,389
402,1783220941382,33627,31497,0,0,0,0,0,0,71,74,142,140,31,165.25,29,19,-11,-917,-1,0,0,0,0,0,-25,0,"keyboard-worker","OK",1783220941360,31475,391
403,1783220941478,33723,31593,0,0,0,0,0,1,71,74,140,130,31,165.02,29,-18,-32,-1020,-1,0,0,0,0,0,-25,0,"keyboard-worker","OK",1783220941460,31575,393
404,1783220941574,33819,31689,0,0,0,0,0,1,71,74,138,130,31,164.85,29,-11,9,-989,-1,0,0,0,0,0,-25,0,"keyboard-worker","OK",1783220941560,31675,395
405,1783220941671,33916,31786,0,0,0,0,0,1,71,74,136,130,31,165.13,30,-18,0,-949,-1,0,0,0,0,0,-25,0,"keyboard-worker","OK",1783220941661,31776,397
406,1783220941777,34022,31892,0,0,0,0,0,1,71,74,133,130,31,164.99,30,7,-16,-1031,-1,0,0,0,0,0,-25,0,"keyboard-worker","OK",1783220941761,31876,399
407,1783220941862,34107,31977,0,0,0,0,0,1,71,74,132,130,31,165.05,30,4,0,-992,-1,0,0,0,0,0,-25,0,"keyboard-worker","OK",1783220941861,31976,401
408,1783220941959,34204,32074,0,0,0,0,0,1,71,74,130,130,31,165.07,30,-40,8,-1046,-1,0,0,0,0,0,-25,0,"keyboard-worker","OK",1783220941911,32026,402
409,1783220942057,34302,32172,0,0,0,0,0,1,71,74,129,120,31,165.1,30,-8,-7,-1045,-1,0,0,0,0,0,-25,0,"keyboard-worker","OK",1783220942011,32126,404
410,1783220942155,34400,32270,0,0,0,0,0,0,71,74,128,120,31,164.99,30,-3,0,-1069,-1,0,0,0,0,0,-25,0,"keyboard-worker","OK",1783220942111,32226,406
411,1783220942247,34492,32362,0,0,0,0,0,0,71,74,126,120,31,164.78,30,-11,-31,-930,-1,0,0,0,0,0,-25,0,"keyboard-worker","OK",1783220942212,32327,408
412,1783220942343,34588,32458,0,0,0,0,0,1,71,74,124,120,31,164.9,30,21,-27,-925,-1,0,0,0,0,0,-25,0,"keyboard-worker","OK",1783220942312,32427,410
413,1783220942440,34685,32555,0,0,0,0,0,1,71,74,122,120,31,165.19,30,19,-29,-1001,-1,0,0,0,0,0,-25,0,"keyboard-worker","OK",1783220942412,32527,412
414,1783220942535,34780,32650,0,0,0,0,0,1,71,74,120,120,31,164.98,30,12,11,-998,-1,0,0,0,0,0,-25,0,"keyboard-worker","OK",1783220942512,32627,414
415,1783220942631,34876,32746,0,0,0,0,0,1,71,74,118,110,31,164.94,31,-1,-7,-997,-1,0,0,0,0,0,-25,0,"keyboard-worker","OK",1783220942612,32727,416
416,1783220942727,34972,32842,0,0,0,0,0,1,71,74,116,110,31,165.07,31,-3,-23,-985,-1,0,0,0,0,0,-25,0,"keyboard-worker","OK",1783220942712,32827,418
417,1783220942823,35068,32938,0,0,0,0,0,1,71,74,113,110,31,164.82,31,-8,5,-1020,-1,0,0,0,0,0,-25,0,"keyboard-worker","OK",1783220942813,32928,420
418,1783220942923,35168,33038,0,0,0,0,0,1,71,74,111,110,31,164.74,31,7,-12,-1016,-1,0,0,0,0,0,-25,0,"keyboard-worker","OK",1783220942913,33028,422
419,1783220943021,35266,33136,0,0,0,0,0,1,72,75,109,100,31,164.83,31,3,-2,-1015,-1,0,0,0,0,0,-25,0,"keyboard-worker","OK",1783220943013,33128,424
420,1783220943119,35364,33234,0,0,0,0,0,1,72,75,107,100,30,165.04,31,0,-2,-998,-1,0,0,0,0,0,-25,0,"keyboard-worker","OK",1783220943113,33228,426
421,1783220943208,35453,33323,0,1,0,0,0,1,72,75,105,100,30,164.86,31,12,-9,-993,-1,0,0,0,0,0,-25,0,"keyboard-worker","OK",1783220943163,33278,427
422,1783220943304,35549,33419,0,1,0,0,0,1,72,75,104,100,30,164.84,31,22,-8,-1009,-1,0,0,0,0,0,-25,0,"keyboard-worker","OK",1783220943263,33378,429
423,1783220943400,35645,33515,0,1,0,0,0,1,72,75,102,100,30,164.89,31,-15,-1,-989,-1,0,0,0,0,0,-25,0,"keyboard-worker","OK",1783220943364,33479,431
424,1783220943496,35741,33611,0,1,0,0,0,1,72,75,100,90,30,165.11,32,-1,-42,-999,-1,0,0,0,0,0,-25,0,"keyboard-worker","OK",1783220943464,33579,433
425,1783220943592,35837,33707,0,1,0,0,0,1,72,75,98,90,30,164.74,32,-7,0,-1032,-1,0,0,0,0,0,-25,0,"keyboard-worker","OK",1783220943564,33679,435
426,1783220943694,35939,33809,0,0,0,0,0,1,72,75,96,90,30,164.77,32,1,-12,-1020,-1,0,0,0,0,0,-25,0,"keyboard-worker","OK",1783220943664,33779,437
427,1783220943736,35981,33851,0,1,0,0,0,1,72,75,95,90,30,164.89,32,1,-12,-973,-1,0,0,0,0,0,-25,0,"keyboard-worker","OK",1783220943714,33829,438
428,1783220943832,36077,33947,0,1,0,0,0,1,72,75,93,90,30,164.84,32,29,-28,-952,-1,0,0,0,0,0,-25,0,"keyboard-worker","OK",1783220943814,33929,440
429,1783220943928,36173,34043,0,1,0,0,0,1,72,74,91,90,30,164.51,32,8,-9,-1074,-1,0,0,0,0,0,-25,0,"keyboard-worker","OK",1783220943915,34030,442
430,1783220944024,36269,34140,0,1,0,0,0,1,72,74,90,80,30,164.8,32,19,-27,-952,-1,0,0,0,0,0,-25,0,"keyboard-worker","OK",1783220944015,34130,444
431,1783220944120,36365,34235,0,1,0,0,0,1,72,74,88,80,30,164.56,32,-4,9,-997,-1,0,0,0,0,0,-25,0,"keyboard-worker","OK",1783220944115,34230,446
432,1783220944216,36461,34331,0,1,0,0,0,1,72,74,87,80,30,164.58,32,-1,1,-986,-1,0,0,0,0,0,-25,0,"keyboard-worker","OK",1783220944215,34330,448
433,1783220944313,36558,34428,0,1,0,0,0,1,72,74,85,80,30,164.33,32,1,-27,-1027,-1,0,0,0,0,0,-25,0,"keyboard-worker","OK",1783220944265,34380,449
434,1783220944515,36760,34630,0,1,0,0,0,1,72,74,83,80,30,164.34,33,28,-27,-985,-1,0,0,0,0,0,-25,0,"keyboard-worker","OK",1783220944465,34581,453
435,1783220944515,36760,34631,0,0,0,0,0,1,72,74,81,80,30,164.69,33,-15,-14,-987,-1,0,0,0,0,0,-25,0,"keyboard-worker","OK",1783220944465,34581,453
436,1783220944607,36852,34722,0,0,0,0,0,1,72,74,80,70,30,164.86,33,-18,9,-988,-1,0,0,0,0,0,-25,0,"keyboard-worker","OK",1783220944566,34681,455
437,1783220944699,36944,34814,0,0,0,0,0,1,72,74,78,70,30,164.58,33,24,-35,-1007,-1,0,0,0,0,0,-25,0,"keyboard-worker","OK",1783220944666,34781,457
438,1783220944795,37040,34910,0,0,0,0,0,1,72,74,76,70,30,164.6,33,-8,6,-1045,-1,0,0,0,0,0,-25,0,"keyboard-worker","OK",1783220944766,34881,459
439,1783220944891,37136,35006,0,1,0,0,0,1,72,75,74,70,30,164.18,33,1,-18,-1009,-1,0,0,0,0,0,-25,0,"keyboard-worker","OK",1783220944866,34981,461
440,1783220944989,37234,35104,0,1,0,0,0,1,72,75,73,70,29,164.76,33,1,-29,-1012,-1,0,0,0,0,0,-25,0,"keyboard-worker","OK",1783220944966,35081,463
441,1783220945087,37332,35202,0,1,0,0,0,1,72,75,71,70,29,164.5,33,-4,-11,-1026,-1,0,0,0,0,0,-25,0,"keyboard-worker","OK",1783220945067,35182,465
442,1783220945182,37427,35297,0,1,0,0,0,1,72,75,69,60,29,164.36,33,22,-19,-1061,-1,0,0,0,0,0,-25,0,"keyboard-worker","OK",1783220945167,35282,467
443,1783220945278,37523,35393,0,1,0,0,0,1,72,75,68,60,29,164.49,33,-24,12,-1025,-1,0,0,0,0,0,-25,0,"keyboard-worker","OK",1783220945267,35382,469
444,1783220945375,37620,35490,0,1,0,0,0,1,72,75,67,60,29,164.76,34,36,-38,-1008,-1,0,0,0,0,0,-25,0,"keyboard-worker","OK",1783220945367,35482,471
445,1783220945470,37715,35585,0,0,0,0,0,1,72,75,65,60,29,164.49,34,-3,-8,-1016,-1,0,0,0,0,0,0,0,"keyboard-worker","OK",1783220945467,35582,473
446,1783220945567,37812,35682,0,1,0,0,0,1,72,75,64,60,29,164.53,34,-1,9,-998,-1,0,0,0,0,0,0,0,"keyboard-worker","OK",1783220945567,35682,475
447,1783220945662,37907,35778,0,0,0,0,0,0,72,75,63,60,29,164.26,34,-5,0,-1050,-1,0,0,0,0,0,0,0,"keyboard-worker","OK",1783220945617,35733,476
448,1783220945762,38007,35877,0,1,0,0,0,0,72,75,62,50,29,164.46,34,-18,-29,-1050,-1,0,0,0,0,0,25,0,"keyboard-worker","OK",1783220945718,35833,478
449,1783220945857,38102,35972,0,1,0,0,0,0,73,75,62,50,29,164.55,34,-12,-31,-1057,-1,0,0,0,0,0,25,0,"keyboard-worker","OK",1783220945818,35933,480
450,1783220945958,38203,36074,0,1,0,0,0,0,73,75,62,50,29,164.45,34,-29,-10,-1026,-1,0,0,0,0,0,25,0,"keyboard-worker","OK",1783220945918,36033,482
451,1783220946050,38295,36165,0,1,0,0,0,0,73,75,62,50,29,164.38,34,10,-34,-997,-1,0,0,0,0,0,25,0,"keyboard-worker","OK",1783220946018,36133,484
452,1783220946144,38389,36259,0,0,0,0,0,0,73,75,63,50,29,164.25,34,15,-24,-1024,-1,0,0,0,0,0,25,0,"keyboard-worker","OK",1783220946118,36233,486
453,1783220946240,38485,36355,0,0,0,0,0,-1,73,75,64,60,29,164.63,34,-8,-14,-1042,-1,0,0,0,0,0,25,0,"keyboard-worker","OK",1783220946218,36334,488
454,1783220946336,38581,36451,0,0,0,0,0,-1,73,75,65,60,29,164.5,35,-25,-4,-990,-1,0,0,0,0,0,25,0,"keyboard-worker","OK",1783220946319,36434,490
455,1783220946433,38678,36548,0,0,0,0,0,-1,73,75,67,60,29,164.69,35,9,-6,-990,-1,0,0,0,0,0,25,0,"keyboard-worker","OK",1783220946419,36534,492
456,1783220946529,38774,36644,0,0,0,0,0,-1,73,75,68,60,29,164.38,35,43,-19,-984,-1,0,0,0,0,0,25,0,"keyboard-worker","OK",1783220946519,36634,494
457,1783220946625,38870,36740,0,0,0,0,0,-1,73,75,69,60,29,164.54,35,-2,-8,-989,-1,0,0,0,0,0,25,0,"keyboard-worker","OK",1783220946619,36734,496
458,1783220946721,38966,36837,0,0,0,0,0,-1,73,75,71,60,29,164.49,35,-11,-13,-936,-1,0,0,0,0,0,25,0,"keyboard-worker","OK",1783220946719,36834,498
459,1783220946818,39063,36933,0,0,0,0,0,-1,72,75,72,60,29,164.22,35,2,-6,-1006,-1,0,0,0,0,0,25,0,"keyboard-worker","OK",1783220946769,36884,499
460,1783220946915,39160,37030,0,0,0,0,0,-1,72,75,73,70,28,164.67,35,13,-16,-1015,-1,0,0,0,0,0,25,0,"keyboard-worker","OK",1783220946869,36985,501
461,1783220947011,39256,37126,0,0,0,0,0,-1,72,75,74,70,28,164.77,35,3,-10,-1007,-1,0,0,0,0,0,25,0,"keyboard-worker","OK",1783220946970,37085,503
462,1783220947109,39354,37225,0,0,0,0,0,-1,72,75,75,70,28,164.35,35,41,-15,-1024,-1,0,0,0,0,0,25,0,"keyboard-worker","OK",1783220947070,37185,505
463,1783220947203,39448,37318,0,0,0,0,0,-1,72,75,76,70,28,164.43,35,8,7,-1047,-1,0,0,0,0,0,25,0,"keyboard-worker","OK",1783220947170,37285,507
464,1783220947299,39544,37414,0,0,0,0,0,-1,72,75,77,70,28,164.66,36,6,-12,-1019,-1,0,0,0,0,0,25,0,"keyboard-worker","OK",1783220947270,37385,509
465,1783220947395,39640,37510,0,0,0,0,0,-1,72,75,78,70,28,164.32,36,-1,3,-1015,-1,0,0,0,0,0,25,0,"keyboard-worker","OK",1783220947370,37485,511
466,1783220947495,39740,37610,0,0,0,0,0,-1,72,75,79,70,28,164.39,36,28,-11,-915,-1,0,0,0,0,0,25,0,"keyboard-worker","OK",1783220947471,37586,513
467,1783220947541,39786,37656,0,0,0,0,0,-1,72,75,81,70,28,164.5,36,8,-10,-963,-1,0,0,0,0,0,25,0,"keyboard-worker","OK",1783220947521,37636,514
468,1783220947638,39883,37753,0,0,0,0,0,-1,72,75,82,70,28,164.56,36,20,-17,-1011,-1,0,0,0,0,0,25,0,"keyboard-worker","OK",1783220947621,37736,516
469,1783220947734,39979,37849,0,0,0,0,0,-1,73,75,83,70,28,164.59,36,0,-16,-968,-1,0,0,0,0,0,25,0,"keyboard-worker","OK",1783220947721,37836,518
470,1783220947830,40075,37945,0,1,0,0,0,-1,73,75,85,80,28,164.67,36,11,-28,-938,-1,0,0,0,0,0,25,0,"keyboard-worker","OK",1783220947821,37936,520
471,1783220947929,40174,38044,0,1,0,0,0,-1,73,75,86,80,28,164.35,36,-15,16,-1020,-1,0,0,0,0,0,25,0,"keyboard-worker","OK",1783220947921,38036,522
472,1783220948027,40272,38142,0,0,0,0,0,-1,73,75,87,80,28,164.45,36,12,-24,-1006,-1,0,0,0,0,0,25,0,"keyboard-worker","OK",1783220948022,38137,524
473,1783220948122,40367,38238,0,0,0,0,0,-1,73,75,89,80,28,164.61,36,8,-8,-989,-1,0,0,0,0,0,25,0,"keyboard-worker","OK",1783220948122,38237,526
474,1783220948218,40463,38333,0,0,0,0,0,-1,73,75,90,80,28,164.6,37,-4,-1,-989,-1,0,0,0,0,0,25,0,"keyboard-worker","OK",1783220948172,38287,527
475,1783220948323,40568,38438,0,0,0,0,0,-1,73,75,92,80,28,164.65,37,2,-6,-945,-1,0,0,0,0,0,25,0,"keyboard-worker","OK",1783220948322,38437,530
476,1783220948421,40666,38536,0,0,0,0,0,-1,73,75,93,80,28,164.57,37,3,1,-1022,-1,0,0,0,0,0,25,0,"keyboard-worker","OK",1783220948372,38487,531
477,1783220948507,40752,38622,0,1,0,0,0,-1,73,75,94,90,28,164.74,37,1,-7,-1032,-1,0,0,0,0,0,25,0,"keyboard-worker","OK",1783220948472,38587,533
478,1783220948622,40867,38737,0,1,0,0,0,-1,73,75,96,90,28,164.65,37,5,-5,-973,-1,0,0,0,0,0,25,0,"keyboard-worker","OK",1783220948572,38688,535
479,1783220948697,40942,38812,0,1,0,0,0,-1,72,75,98,90,27,164.93,37,3,6,-966,-1,0,0,0,0,0,25,0,"keyboard-worker","OK",1783220948673,38788,537
480,1783220948953,41198,39068,0,1,0,0,0,-1,72,75,99,90,27,164.72,37,13,-22,-1010,-1,0,0,0,0,0,25,0,"keyboard-worker","OK",1783220948923,39038,542
481,1783220948967,41212,39082,0,1,0,0,0,0,72,75,101,90,27,164.73,37,4,-15,-1000,-1,0,0,0,0,0,25,0,"keyboard-worker","OK",1783220948923,39038,542
482,1783220949014,41259,39129,0,1,0,0,0,0,72,75,103,90,27,164.72,37,17,-30,-988,-1,0,0,0,0,0,25,0,"keyboard-worker","OK",1783220948973,39088,543
483,1783220949107,41352,39222,0,0,0,0,0,-1,72,75,105,90,27,165.11,37,17,-1,-973,-1,0,0,0,0,0,25,0,"keyboard-worker","OK",1783220949073,39188,545
484,1783220949197,41442,39312,0,0,0,0,0,-1,72,75,107,100,27,164.51,38,-2,-4,-1026,-1,0,0,0,0,0,25,0,"keyboard-worker","OK",1783220949173,39288,547
485,1783220949297,41542,39412,-1,0,0,0,0,-1,72,75,110,100,27,165.02,38,-26,4,-1020,-1,0,0,0,0,0,25,0,"keyboard-worker","OK",1783220949274,39389,549
486,1783220949387,41632,39502,-1,0,0,0,0,-1,72,75,113,100,27,164.93,38,7,-12,-1007,-1,0,0,0,0,0,25,0,"keyboard-worker","OK",1783220949374,39489,551
487,1783220949483,41728,39598,-1,0,0,0,0,-1,72,75,115,100,27,165.02,38,-32,-9,-1045,-1,0,0,0,0,0,25,0,"keyboard-worker","OK",1783220949474,39589,553
488,1783220949590,41835,39705,-1,0,0,0,0,-1,72,75,118,100,27,164.82,38,7,-7,-956,-1,0,0,0,0,0,25,0,"keyboard-worker","OK",1783220949574,39689,555
489,1783220949675,41920,39790,0,1,0,0,0,-1,73,75,121,110,27,164.8,38,-13,-24,-1009,-1,0,0,0,0,0,25,0,"keyboard-worker","OK",1783220949674,39789,557
490,1783220949929,42174,40044,0,1,0,0,0,-1,73,75,124,110,27,164.73,38,-25,-7,-964,-1,0,0,0,0,0,25,0,"keyboard-worker","OK",1783220949925,40040,562
491,1783220949941,42186,40056,0,0,0,0,0,-1,73,75,126,110,27,164.97,38,18,-17,-1005,-1,0,0,0,0,0,25,0,"keyboard-worker","OK",1783220949925,40040,562
492,1783220949943,42188,40058,0,0,0,0,0,-1,73,75,129,120,27,164.96,38,-3,-10,-972,-1,0,0,0,0,0,25,0,"keyboard-worker","OK",1783220949925,40040,562
493,1783220950029,42274,40144,0,0,0,0,0,-1,73,75,131,120,27,165.05,38,-21,-5,-988,-1,0,0,0,0,0,25,0,"keyboard-worker","OK",1783220950025,40140,564
494,1783220950125,42370,40240,0,0,0,0,0,-1,73,75,133,120,27,165.07,39,-3,-16,-1001,-1,0,0,0,0,0,25,0,"keyboard-worker","OK",1783220950125,40240,566
495,1783220950221,42466,40336,0,0,0,0,0,-1,73,75,134,120,27,164.94,39,18,-6,-922,-1,0,0,0,0,0,25,0,"keyboard-worker","OK",1783220950175,40290,567
496,1783220950430,42675,40545,0,0,0,0,0,-1,73,75,136,120,27,165.09,39,-6,-12,-996,-1,0,0,0,0,0,25,0,"keyboard-worker","OK",1783220950426,40541,572
497,1783220950436,42681,40551,0,0,0,0,0,-1,73,75,137,130,27,165.04,39,-7,-9,-993,-1,0,0,0,0,0,25,0,"keyboard-worker","OK",1783220950426,40541,572
498,1783220950564,42809,40679,0,0,0,0,0,-1,73,75,138,130,27,165.24,39,-19,11,-1058,-1,0,0,0,0,0,25,0,"keyboard-worker","OK",1783220950526,40641,574
499,1783220950615,42860,40731,0,0,0,0,0,-1,73,76,141,130,26,165.24,39,6,-7,-1052,-1,0,0,0,0,0,25,0,"keyboard-worker","OK",1783220950576,40691,575
500,1783220950823,43068,40938,0,0,0,0,0,-1,73,76,142,130,26,165.03,39,17,-31,-1053,-1,0,0,0,0,0,0,0,"keyboard-worker","OK",1783220950776,40891,579
501,1783220950828,43073,40943,0,0,0,0,0,-1,73,76,144,130,26,165.17,39,18,-26,-866,-1,0,0,0,0,0,-25,0,"keyboard-worker","OK",1783220950826,40942,580
502,1783220950914,43159,41029,0,0,0,0,0,-1,73,76,145,140,26,165.1,39,18,-9,-1017,-1,0,0,0,0,0,-25,0,"keyboard-worker","OK",1783220950877,40992,581
503,1783220951007,43252,41122,0,0,0,0,0,-1,73,76,146,140,26,165.15,39,0,4,-921,-1,0,0,0,0,0,-25,0,"keyboard-worker","OK",1783220950977,41092,583
504,1783220951102,43347,41217,0,0,0,0,0,0,73,76,146,140,26,165.4,40,-10,-4,-966,-1,0,0,0,0,0,-25,0,"keyboard-worker","OK",1783220951077,41192,585
505,1783220953334,45579,41318,0,0,0,0,0,0,73,76,146,140,26,165.33,40,1,-9,-949,-1,0,0,0,0,0,-25,0,"keyboard-worker","OK",1783220951177,41292,587
506,1783220953427,45672,41411,0,0,0,0,0,0,73,76,145,140,26,165.11,40,0,-14,-967,-1,0,0,0,0,0,-25,0,"keyboard-worker","OK",1783220953409,41392,589
507,1783220953474,45719,41458,0,0,0,0,0,0,73,76,143,140,26,165.32,40,7,-26,-1007,-1,0,0,0,0,0,-25,0,"keyboard-worker","OK",1783220953459,41442,590
508,1783220953571,45816,41554,0,0,0,0,0,0,73,76,142,140,26,165.32,40,-15,-6,-1032,-1,0,0,0,0,0,-25,0,"keyboard-worker","OK",1783220953559,41543,592
509,1783220953719,45964,41702,0,0,0,0,0,0,73,75,141,140,26,164.93,40,19,-17,-961,-1,0,0,0,0,0,-25,0,"keyboard-worker","OK",1783220953710,41693,595
510,1783220953814,46059,41797,0,0,0,0,0,1,73,75,139,130,26,165.32,40,20,-4,-966,-1,0,0,0,0,0,-25,0,"keyboard-worker","OK",1783220953810,41793,597
511,1783220953921,46166,41905,0,0,0,0,0,1,73,75,137,130,26,164.93,40,-20,6,-970,-1,0,0,0,0,0,-25,0,"keyboard-worker","OK",1783220953910,41893,599
512,1783220954004,46249,41987,0,0,0,0,0,1,73,75,135,130,26,164.96,40,13,-16,-1022,-1,0,0,0,0,0,-25,0,"keyboard-worker","OK",1783220953960,41943,600
513,1783220954052,46297,42035,0,0,0,0,0,1,73,75,134,130,26,165.02,40,-42,-3,-1006,-1,0,0,0,0,0,-25,0,"keyboard-worker","OK",1783220954010,41993,601
514,1783220954149,46394,42132,0,0,0,0,0,1,73,75,133,130,26,165.03,41,-5,-14,-1018,-1,0,0,0,0,0,-25,0,"keyboard-worker","OK",1783220954110,42094,603
515,1783220954245,46490,42228,0,0,0,0,0,1,73,75,132,130,26,165.37,41,1,-1,-1035,-1,0,0,0,0,0,-25,0,"keyboard-worker","OK",1783220954210,42194,605
516,1783220954343,46588,42326,0,0,0,0,0,0,73,75,132,120,26,164.97,41,-26,-8,-1002,-1,0,0,0,0,0,-25,0,"keyboard-worker","OK",1783220954311,42294,607
517,1783220954438,46683,42421,0,0,0,0,0,1,73,75,131,120,26,165.06,41,-4,-15,-1048,-1,0,0,0,0,0,-25,0,"keyboard-worker","OK",1783220954411,42394,609
518,1783220954535,46780,42518,0,1,0,0,0,0,73,75,130,120,26,164.98,41,-19,-10,-1079,-1,0,0,0,0,0,-25,0,"keyboard-worker","OK",1783220954511,42494,611
519,1783220954632,46877,42615,0,1,0,0,0,0,73,75,129,120,25,164.84,41,7,-22,-950,-1,0,0,0,0,0,-25,0,"keyboard-worker","OK",1783220954611,42594,613
520,1783220954726,46971,42709,0,0,0,0,0,1,73,75,127,120,25,164.85,41,15,-6,-980,-1,0,0,0,0,0,-25,0,"keyboard-worker","OK",1783220954711,42695,615
521,1783220954823,47068,42806,0,0,0,0,0,1,73,75,126,120,25,164.67,41,-15,-13,-1061,-1,0,0,0,0,0,-25,0,"keyboard-worker","OK",1783220954811,42795,617
522,1783220954918,47163,42902,0,0,0,0,0,1,73,75,124,120,25,164.39,41,0,-10,-995,-1,0,0,0,0,0,-25,0,"keyboard-worker","OK",1783220954912,42895,619
523,1783220955014,47259,42997,0,0,0,0,0,1,73,75,122,120,25,165.17,41,-22,-24,-1010,-1,0,0,0,0,0,-25,0,"keyboard-worker","OK",1783220955012,42995,621
524,1783220955110,47355,43094,0,0,0,0,0,1,73,75,120,120,25,164.66,42,0,-8,-927,-1,0,0,0,0,0,-25,0,"keyboard-worker","OK",1783220955062,43045,622
525,1783220955206,47451,43189,0,0,0,0,0,1,73,75,118,110,25,165.1,42,-14,-18,-964,-1,0,0,0,0,0,-25,0,"keyboard-worker","OK",1783220955162,43145,624
526,1783220955301,47546,43285,0,0,0,0,0,1,73,75,116,110,25,164.74,42,-3,-35,-1003,-1,0,0,0,0,0,-25,0,"keyboard-worker","OK",1783220955262,43246,626
527,1783220955397,47642,43380,0,0,0,0,0,1,73,75,114,110,25,164.55,42,0,-37,-995,-1,0,0,0,0,0,-25,0,"keyboard-worker","OK",1783220955363,43346,628
528,1783220955493,47738,43476,0,0,0,0,0,1,73,75,112,110,25,165.01,42,4,-26,-1067,-1,0,0,0,0,0,-25,0,"keyboard-worker","OK",1783220955463,43446,630
529,1783220955589,47834,43573,0,0,0,0,0,1,73,75,110,110,25,164.9,42,-19,3,-971,-1,0,0,0,0,0,-25,0,"keyboard-worker","OK",1783220955563,43546,632
530,1783220956058,48303,44041,0,0,0,0,0,1,73,75,106,110,25,164.71,42,-16,-11,-979,-1,0,0,0,0,0,-25,0,"keyboard-worker","OK",1783220956014,43997,641
531,1783220956081,48326,44064,0,0,0,0,0,1,73,75,104,100,25,164.87,42,15,-10,-1001,-1,0,0,0,0,0,-25,0,"keyboard-worker","OK",1783220956064,44047,642
532,1783220956128,48373,44111,0,0,0,0,0,1,73,75,101,100,25,164.61,42,21,-3,-997,-1,0,0,0,0,0,-25,0,"keyboard-worker","OK",1783220956114,44097,643
533,1783220956132,48377,44115,0,0,0,0,0,1,73,75,97,100,25,164.64,42,-5,-15,-1040,-1,0,0,0,0,0,-25,0,"keyboard-worker","OK",1783220956114,44097,643
534,1783220956133,48378,44116,0,0,0,0,0,1,73,75,95,100,25,164.68,43,-24,-1,-979,-1,0,0,0,0,0,-25,0,"keyboard-worker","OK",1783220956114,44097,643
535,1783220956195,48440,44179,0,0,0,0,0,1,73,75,92,90,25,164.56,43,-13,-12,-1021,-1,0,0,0,0,0,-25,0,"keyboard-worker","OK",1783220956164,44147,644
536,1783220956252,48497,44235,0,0,0,0,0,1,73,75,89,90,25,164.44,43,-14,-11,-1056,-1,0,0,0,0,0,-25,0,"keyboard-worker","OK",1783220956214,44197,645
537,1783220956336,48581,44319,0,0,0,0,0,1,73,75,86,90,25,164.39,43,-27,-16,-1004,-1,0,0,0,0,0,-25,0,"keyboard-worker","OK",1783220956314,44297,647
538,1783220956426,48671,44409,-1,0,0,0,0,1,73,75,84,80,25,164.44,43,-15,-1,-1016,-1,0,0,0,0,0,0,0,"keyboard-worker","OK",1783220956414,44397,649
539,1783220956527,48772,44510,-1,1,0,0,0,1,73,75,80,80,24,164.32,43,-32,8,-992,-1,0,0,0,0,0,0,0,"keyboard-worker","OK",1783220956514,44498,651
540,1783220956618,48863,44601,-1,0,0,0,0,1,73,75,77,80,24,164.4,43,-9,0,-1010,-1,0,0,0,0,0,25,0,"keyboard-worker","OK",1783220956614,44598,653
541,1783220956714,48959,44697,0,0,0,0,0,0,73,75,75,70,24,164.53,43,-9,-16,-1050,-1,0,0,0,0,0,25,0,"keyboard-worker","OK",1783220956664,44648,654
542,1783220956810,49055,44793,0,0,0,0,0,0,73,75,73,70,24,164.52,43,0,-12,-1038,-1,0,0,0,0,0,25,0,"keyboard-worker","OK",1783220956765,44748,656
543,1783220956906,49151,44889,0,0,0,0,0,0,73,75,71,70,24,164.47,44,7,-5,-1040,-1,0,0,0,0,0,25,0,"keyboard-worker","OK",1783220956865,44848,658
544,1783220957001,49246,44985,0,0,0,0,0,0,73,75,70,70,24,164.36,44,5,-16,-1031,-1,0,0,0,0,0,25,0,"keyboard-worker","OK",1783220956965,44948,660
545,1783220957098,49343,45082,0,0,0,0,0,0,73,75,69,70,24,164.56,44,-24,-6,-1083,-1,0,0,0,0,0,25,0,"keyboard-worker","OK",1783220957065,45048,662
546,1783220957210,49455,45194,0,0,0,0,0,0,73,75,69,70,24,164.44,44,1,-16,-1018,-1,0,0,0,0,0,25,0,"keyboard-worker","OK",1783220957165,45148,664
547,1783220957315,49560,45299,0,0,0,0,0,0,73,75,69,70,24,164.6,44,4,-8,-990,-1,0,0,0,0,0,25,0,"keyboard-worker","OK",1783220957315,45299,667
548,1783220957407,49652,45391,0,0,0,0,0,-1,73,75,69,70,24,164.55,44,38,1,-977,-1,0,0,0,0,0,25,0,"keyboard-worker","OK",1783220957366,45349,668
549,1783220957502,49747,45485,-1,0,0,0,0,-1,73,76,70,70,24,164.33,44,17,15,-991,-1,0,0,0,0,0,25,0,"keyboard-worker","OK",1783220957466,45449,670
550,1783220957580,49825,45564,-1,0,0,0,0,-1,73,76,72,70,24,164.28,44,-25,10,-999,-1,0,0,0,0,0,25,0,"keyboard-worker","OK",1783220957566,45549,672
551,1783220957673,49918,45657,-1,0,0,0,0,-1,73,76,73,70,24,164.35,44,-9,4,-975,-1,0,0,0,0,0,25,0,"keyboard-worker","OK",1783220957666,45649,674
552,1783220957771,50016,45754,-1,0,0,0,0,-1,73,76,74,80,24,164.83,44,-6,-2,-1024,-1,0,0,0,0,0,25,0,"keyboard-worker","OK",1783220957766,45749,676
553,1783220957863,50108,45847,-1,0,0,0,0,-1,73,76,75,80,24,164.57,45,-37,-14,-1015,-1,0,0,0,0,0,25,0,"keyboard-worker","OK",1783220957816,45800,677
554,1783220957959,50204,45943,-1,0,0,0,0,-1,73,76,76,80,24,164.76,45,-6,-25,-989,-1,0,0,0,0,0,25,0,"keyboard-worker","OK",1783220957916,45900,679
555,1783220958055,50300,46038,-1,0,0,0,0,-1,73,76,77,80,24,164.59,45,-24,-25,-960,-1,0,0,0,0,0,25,0,"keyboard-worker","OK",1783220958017,46000,681
556,1783220958151,50396,46134,-2,1,0,0,0,-1,73,76,78,80,24,164.29,45,-8,-3,-1003,-1,0,0,0,0,0,25,0,"keyboard-worker","OK",1783220958117,46100,683
557,1783220958246,50491,46230,-2,0,0,0,0,-1,73,76,80,80,24,164.16,45,-15,7,-1010,-1,0,0,0,0,0,25,0,"keyboard-worker","OK",1783220958217,46200,685
558,1783220958342,50587,46326,-1,0,0,0,0,-1,73,76,81,80,24,164.47,45,-5,15,-1001,-1,0,0,0,0,0,25,0,"keyboard-worker","OK",1783220958317,46300,687
559,1783220958438,50683,46422,-1,0,0,0,0,-1,73,76,82,80,23,164.35,45,-2,-9,-1045,-1,0,0,0,0,0,25,0,"keyboard-worker","OK",1783220958417,46400,689
560,1783220958534,50779,46517,-1,0,0,0,0,-1,73,76,83,80,23,164.59,45,-33,-22,-959,-1,0,0,0,0,0,25,0,"keyboard-worker","OK",1783220958517,46500,691
561,1783220958630,50875,46613,-1,0,0,0,0,-1,73,76,85,80,23,164.57,45,-8,-27,-956,-1,0,0,0,0,0,25,0,"keyboard-worker","OK",1783220958617,46601,693
562,1783220958742,50987,46725,-1,0,0,0,0,-1,73,76,86,90,23,164.67,45,-30,7,-1014,-1,0,0,0,0,0,25,0,"keyboard-worker","OK",1783220958717,46701,695
563,1783220958834,51079,46818,-1,0,0,0,0,-1,73,76,87,90,23,164.73,46,-9,12,-923,-1,0,0,0,0,0,25,0,"keyboard-worker","OK",1783220958818,46801,697
564,1783220958917,51162,46900,0,0,0,0,0,0,73,76,88,90,23,164.59,46,-17,-22,-1027,-1,0,0,0,0,0,25,0,"keyboard-worker","OK",1783220958868,46851,698
565,1783220959013,51258,46996,0,0,0,0,0,-1,73,76,90,90,23,164.66,46,-15,-25,-1019,-1,0,0,0,0,0,25,0,"keyboard-worker","OK",1783220958968,46951,700
566,1783220959063,51308,47047,-1,0,0,0,0,-1,73,76,92,90,23,164.45,46,2,-34,-993,-1,0,0,0,0,0,25,0,"keyboard-worker","OK",1783220959018,47001,701
567,1783220959156,51401,47139,-1,1,0,0,0,-1,73,76,94,90,23,164.42,46,-18,-33,-1028,-1,0,0,0,0,0,25,0,"keyboard-worker","OK",1783220959118,47101,703
568,1783220959252,51497,47235,-1,1,0,0,0,-1,73,76,96,90,23,164.86,46,-18,-2,-1008,-1,0,0,0,0,0,25,0,"keyboard-worker","OK",1783220959218,47202,705
569,1783220959348,51593,47331,-1,1,0,0,0,-1,73,76,98,100,23,164.65,46,-13,-18,-905,-1,0,0,0,0,0,25,0,"keyboard-worker","OK",1783220959318,47302,707
570,1783220959444,51689,47427,-1,0,0,0,0,-1,73,76,99,100,23,164.39,46,-17,-20,-1038,-1,0,0,0,0,0,25,0,"keyboard-worker","OK",1783220959418,47402,709
571,1783220959541,51786,47524,-1,0,0,0,0,-1,73,76,100,100,23,164.75,46,0,-20,-997,-1,0,0,0,0,0,25,0,"keyboard-worker","OK",1783220959519,47502,711
572,1783220959638,51883,47621,0,0,0,0,0,-1,73,76,101,100,23,164.63,46,-9,-7,-997,-1,0,0,0,0,0,25,0,"keyboard-worker","OK",1783220959619,47602,713
573,1783220959732,51977,47715,0,0,0,0,0,-1,73,76,103,100,23,164.76,47,6,-18,-1018,-1,0,0,0,0,0,25,0,"keyboard-worker","OK",1783220959719,47702,715
574,1783220959828,52073,47811,0,0,0,0,0,-1,73,76,104,100,23,164.82,47,0,-5,-979,-1,0,0,0,0,0,25,0,"keyboard-worker","OK",1783220959819,47802,717
575,1783220959923,52168,47907,0,0,0,0,0,-1,73,76,106,100,23,164.67,47,0,-20,-1019,-1,0,0,0,0,0,25,0,"keyboard-worker","OK",1783220959919,47902,719
576,1783220960019,52264,48002,0,0,0,0,0,-1,73,76,108,110,23,164.64,47,-11,-14,-1007,-1,0,0,0,0,0,25,0,"keyboard-worker","OK",1783220960019,48003,721
577,1783220960115,52360,48098,0,0,0,0,0,-1,73,76,111,110,23,164.96,47,4,-21,-1010,-1,0,0,0,0,0,25,0,"keyboard-worker","OK",1783220960069,48053,722
578,1783220960211,52456,48194,0,0,0,0,0,-1,73,76,113,110,23,164.99,47,-11,-13,-1013,-1,0,0,0,0,0,25,0,"keyboard-worker","OK",1783220960170,48153,724
579,1783220960307,52552,48291,0,0,0,0,0,-1,73,76,117,110,22,164.8,47,-13,-15,-995,-1,0,0,0,0,0,25,0,"keyboard-worker","OK",1783220960270,48253,726
580,1783220960403,52648,48386,-1,0,0,0,0,-1,73,76,120,110,22,165.15,47,9,-21,-975,-1,0,0,0,0,0,25,0,"keyboard-worker","OK",1783220960370,48353,728
581,1783220960499,52744,48483,0,0,0,0,0,-1,73,76,123,120,22,164.81,47,-10,5,-957,-1,0,0,0,0,0,25,0,"keyboard-worker","OK",1783220960470,48453,730
582,1783220960639,52884,48623,0,0,0,0,0,-1,73,76,127,120,22,164.82,47,28,-13,-975,-1,0,0,0,0,0,25,0,"keyboard-worker","OK",1783220960620,48604,733
583,1783220960690,52935,48674,0,0,0,0,0,-1,73,76,131,120,22,164.8,48,24,-17,-1006,-1,0,0,0,0,0,25,0,"keyboard-worker","OK",1783220960670,48654,734
584,1783220960786,53031,48769,0,0,0,0,0,-1,73,76,134,120,22,164.73,48,8,-6,-986,-1,0,0,0,0,0,0,0,"keyboard-worker","OK",1783220960771,48754,736
585,1783220960882,53127,48865,0,0,0,0,0,-1,73,76,137,130,22,165.15,48,-49,-25,-978,-1,0,0,0,0,0,-25,0,"keyboard-worker","OK",1783220960871,48854,738
586,1783220960978,53223,48961,0,0,0,0,0,-1,73,76,141,130,22,165.02,48,-15,-16,-935,-1,0,0,0,0,0,-25,0,"keyboard-worker","OK",1783220960971,48954,740
587,1783220961077,53322,49061,-1,0,0,0,0,-1,73,76,144,130,22,165.15,48,-15,9,-909,-1,0,0,0,0,0,-25,0,"keyboard-worker","OK",1783220961071,49054,742
588,1783220961174,53419,49157,-1,0,0,0,0,0,73,76,146,140,22,165.02,48,-19,1,-932,-1,0,0,0,0,0,-25,0,"keyboard-worker","OK",1783220961171,49155,744
589,1783220961281,53526,49265,-1,1,0,0,0,0,74,76,148,140,22,165.2,48,-14,-41,-930,-1,0,0,0,0,0,-25,0,"keyboard-worker","OK",1783220961272,49255,746
590,1783220961366,53611,49350,0,1,0,0,0,0,74,76,148,140,22,165.16,48,6,-10,-894,-1,0,0,0,0,0,-25,0,"keyboard-worker","OK",1783220961322,49305,747
591,1783220961457,53702,49440,0,1,0,0,0,0,74,76,149,140,22,165.04,48,15,-13,-949,-1,0,0,0,0,0,-25,0,"keyboard-worker","OK",1783220961422,49405,749
592,1783220961552,53797,49536,0,1,0,0,0,0,74,76,149,140,22,165.16,48,0,-21,-968,-1,0,0,0,0,0,-25,0,"keyboard-worker","OK",1783220961522,49505,751
593,1783220961648,53893,49631,0,1,0,0,0,0,74,76,149,140,22,164.96,49,6,-9,-995,-1,0,0,0,0,0,-25,0,"keyboard-worker","OK",1783220961622,49605,753
594,1783220961744,53989,49727,0,0,0,0,0,0,74,76,149,140,22,165.05,49,9,-15,-927,-1,0,0,0,0,0,-25,0,"keyboard-worker","OK",1783220961722,49705,755
595,1783220961839,54084,49823,0,0,0,0,0,0,74,76,148,140,22,165.11,49,3,-29,-1049,-1,0,0,0,0,0,-25,0,"keyboard-worker","OK",1783220961822,49806,757
596,1783220961936,54181,49919,0,0,0,0,0,0,74,76,148,140,22,164.86,49,-38,3,-1042,-1,0,0,0,0,0,-25,0,"keyboard-worker","OK",1783220961922,49906,759
597,1783220962031,54276,50014,0,0,0,0,0,0,74,76,147,140,22,165.12,49,-27,-10,-977,-1,0,0,0,0,0,-25,0,"keyboard-worker","OK",1783220962023,50006,761
598,1783220962127,54372,50110,0,0,0,0,0,0,74,76,147,140,22,164.89,49,20,-32,-981,-1,0,0,0,0,0,-25,0,"keyboard-worker","OK",1783220962123,50106,763
599,1783220962223,54468,50206,0,0,0,0,0,0,73,76,145,140,21,164.97,49,8,-11,-1019,-1,0,0,0,0,0,-25,0,"keyboard-worker","OK",1783220962223,50206,765
600,1783220962318,54563,50302,0,0,0,0,0,0,73,76,144,140,21,165.3,49,-22,-12,-1020,-1,0,0,0,0,0,-25,0,"keyboard-worker","OK",1783220962273,50257,766
601,1783220962414,54659,50398,-1,0,0,0,0,0,73,76,143,140,21,164.77,49,-46,0,-1017,-1,0,0,0,0,0,-25,0,"keyboard-worker","OK",1783220962373,50357,768
602,1783220962512,54757,50496,-1,0,0,0,0,1,73,76,142,140,21,165.01,49,-20,-16,-979,-1,0,0,0,0,0,-25,0,"keyboard-worker","OK",1783220962474,50457,770
603,1783220962607,54852,50590,-1,0,0,0,0,1,73,76,140,140,21,165.07,50,-32,-12,-1003,-1,0,0,0,0,0,-25,0,"keyboard-worker","OK",1783220962574,50557,772
604,1783220962702,54947,50686,-1,0,0,0,0,1,73,76,139,140,21,165.12,50,-24,-20,-976,-1,0,0,0,0,0,-25,0,"keyboard-worker","OK",1783220962674,50657,774
605,1783220962750,54995,50733,-1,0,0,0,0,1,73,76,137,140,21,164.93,50,-34,10,-1040,-1,0,0,0,0,0,-25,0,"keyboard-worker","OK",1783220962724,50707,775
606,1783220962846,55091,50830,-1,0,0,0,0,1,73,76,135,140,21,164.94,50,-28,-1,-1028,-1,0,0,0,0,0,-25,0,"keyboard-worker","OK",1783220962824,50808,777
607,1783220962941,55186,50924,-1,0,0,0,0,1,73,76,133,140,21,164.86,50,-23,0,-947,-1,0,0,0,0,0,-25,0,"keyboard-worker","OK",1783220962924,50908,779
608,1783220963036,55281,51019,0,0,0,0,0,1,73,76,132,130,21,164.94,50,-18,-18,-1047,-1,0,0,0,0,0,-25,0,"keyboard-worker","OK",1783220963025,51008,781
609,1783220963132,55377,51115,0,0,0,0,0,1,73,76,130,130,21,165.07,50,-30,-22,-1028,-1,0,0,0,0,0,-25,0,"keyboard-worker","OK",1783220963125,51108,783
610,1783220963224,55469,51208,0,0,0,0,0,1,73,76,130,130,21,164.91,50,5,-25,-1039,-1,0,0,0,0,0,-25,0,"keyboard-worker","OK",1783220963175,51158,784
611,1783220963319,55564,51302,-1,0,0,0,0,1,73,76,128,130,21,164.96,50,-28,-10,-1013,-1,0,0,0,0,0,-25,0,"keyboard-worker","OK",1783220963275,51258,786
612,1783220963415,55660,51398,-1,0,0,0,0,1,73,76,127,130,21,164.65,50,-32,-22,-1015,-1,0,0,0,0,0,-25,0,"keyboard-worker","OK",1783220963375,51358,788
613,1783220963508,55753,51491,-1,0,0,0,0,1,73,76,125,130,21,164.85,51,-28,-14,-1032,-1,0,0,0,0,0,-25,0,"keyboard-worker","OK",1783220963475,51458,790
614,1783220963602,55847,51585,-1,0,0,0,0,1,73,76,125,120,21,164.9,51,-23,-22,-987,-1,0,0,0,0,0,-25,0,"keyboard-worker","OK",1783220963575,51559,792
615,1783220963696,55941,51679,-1,0,0,0,0,1,73,76,124,120,21,165.02,51,-6,-6,-997,-1,0,0,0,0,0,-25,0,"keyboard-worker","OK",1783220963676,51659,794
616,1783220963791,56036,51774,0,0,0,0,0,1,73,76,122,120,21,164.93,51,-42,-7,-1006,-1,0,0,0,0,0,-25,0,"keyboard-worker","OK",1783220963776,51759,796
617,1783220963885,56130,51868,-1,0,0,0,0,1,73,76,121,120,21,164.64,51,-7,-15,-985,-1,0,0,0,0,0,-25,0,"keyboard-worker","OK",1783220963876,51859,798
618,1783220963979,56224,51962,-1,0,0,0,0,1,73,76,119,120,20,164.74,51,-45,-2,-986,-1,0,0,0,0,0,-25,0,"keyboard-worker","OK",1783220963976,51959,800
619,1783220964073,56318,52057,-1,0,0,0,0,1,74,76,118,120,20,165.04,51,-16,-4,-975,-1,0,0,0,0,0,-25,0,"keyboard-worker","OK",1783220964026,52010,801
620,1783220964170,56415,52153,-1,0,0,0,0,1,74,76,117,120,20,164.88,51,-36,-18,-1029,-1,0,0,0,0,0,-25,0,"keyboard-worker","OK",1783220964126,52110,803
621,1783220964262,56507,52245,-1,0,0,0,0,1,74,76,115,120,20,164.73,51,0,-20,-1009,-1,0,0,0,0,0,-25,0,"keyboard-worker","OK",1783220964227,52210,805
622,1783220964356,56601,52340,-1,0,0,0,0,1,74,76,113,110,20,164.76,51,-37,0,-976,-1,0,0,0,0,0,-25,0,"keyboard-worker","OK",1783220964327,52310,807
623,1783220964451,56696,52434,-1,0,0,0,0,1,74,76,112,110,20,164.88,52,-32,-10,-1014,-1,0,0,0,0,0,-25,0,"keyboard-worker","OK",1783220964427,52410,809
624,1783220964545,56790,52528,-1,0,0,0,0,1,74,76,111,110,20,165,52,-27,-3,-1034,-1,0,0,0,0,0,-25,0,"keyboard-worker","OK",1783220964527,52510,811
625,1783220964639,56884,52623,-1,0,0,0,0,1,74,76,110,110,20,165.04,52,-21,-10,-1021,-1,0,0,0,0,0,-25,0,"keyboard-worker","OK",1783220964627,52611,813
626,1783220964734,56979,52717,-1,0,0,0,0,0,74,76,109,110,20,164.68,52,-33,-12,-1026,-1,0,0,0,0,0,-25,0,"keyboard-worker","OK",1783220964728,52711,815
627,1783220964828,57073,52811,-1,0,0,0,0,0,74,76,108,110,20,164.58,52,-13,-29,-1011,-1,0,0,0,0,0,-25,0,"keyboard-worker","OK",1783220964828,52811,817
628,1783220964922,57167,52906,-1,0,0,0,0,0,74,76,106,110,20,164.73,52,-6,-34,-1003,-1,0,0,0,0,0,-25,0,"keyboard-worker","OK",1783220964878,52861,818
629,1783220965020,57265,53003,0,0,0,0,0,0,73,76,104,110,20,164.82,52,-12,20,-993,-1,0,0,0,0,0,-25,0,"keyboard-worker","OK",1783220964978,52961,820
630,1783220965219,57464,53202,0,0,0,0,0,1,73,76,102,110,20,164.78,52,-4,-10,-1043,-1,0,0,0,0,0,-25,0,"keyboard-worker","OK",1783220965178,53162,824
631,1783220965221,57466,53204,0,0,0,0,0,0,73,76,100,100,20,164.72,52,14,-16,-972,-1,0,0,0,0,0,-25,0,"keyboard-worker","OK",1783220965178,53162,824
632,1783220965309,57554,53292,0,0,0,0,0,1,73,76,97,100,20,164.55,52,9,-20,-996,-1,0,0,0,0,0,-25,0,"keyboard-worker","OK",1783220965278,53262,826
633,1783220965403,57648,53387,0,0,0,0,0,1,73,76,95,100,20,164.35,53,2,-23,-997,-1,0,0,0,0,0,-25,0,"keyboard-worker","OK",1783220965379,53362,828
634,1783220965498,57743,53481,0,0,0,0,0,1,73,76,92,100,20,164.51,53,-21,-8,-952,-1,0,0,0,0,0,-25,0,"keyboard-worker","OK",1783220965479,53462,830
635,1783220965748,57993,53731,0,0,0,0,0,1,73,76,89,90,20,164.77,53,-35,-10,-1026,-1,0,0,0,0,0,0,0,"keyboard-worker","OK",1783220965729,53712,835
636,1783220965757,58002,53740,0,0,0,0,0,1,73,76,87,90,20,164.48,53,-7,2,-1026,-1,0,0,0,0,0,0,0,"keyboard-worker","OK",1783220965729,53712,835
637,1783220965759,58004,53742,0,0,0,0,0,1,73,76,84,90,20,164.37,53,0,5,-959,-1,0,0,0,0,0,0,0,"keyboard-worker","OK",1783220965729,53712,835
638,1783220965844,58089,53827,-1,0,0,0,0,1,73,76,81,90,19,164.31,53,0,-19,-1000,-1,0,0,0,0,0,25,0,"keyboard-worker","OK",1783220965829,53813,837
639,1783220965938,58183,53921,0,0,0,0,0,1,75,76,79,80,19,164.46,53,-10,-27,-1083,-1,0,0,0,0,0,25,0,"keyboard-worker","OK",1783220965929,53913,839
640,1783220966034,58279,54018,0,0,0,0,0,0,75,76,78,80,19,164.51,53,-33,-19,-1082,-1,0,0,0,0,0,25,0,"keyboard-worker","OK",1783220966030,54013,841
641,1783220966128,58373,54111,0,0,0,0,0,0,75,76,77,80,19,164.25,53,-21,-10,-1023,-1,0,0,0,0,0,25,0,"keyboard-worker","OK",1783220966080,54063,842
642,1783220966223,58468,54207,0,0,0,0,0,0,75,76,76,80,19,164.36,53,-23,-7,-1046,-1,0,0,0,0,0,25,0,"keyboard-worker","OK",1783220966180,54163,844
643,1783220966316,58561,54300,0,0,0,0,0,0,75,76,76,80,19,164.4,54,-34,-10,-972,-1,0,0,0,0,0,25,0,"keyboard-worker","OK",1783220966280,54263,846
644,1783220966411,58656,54394,0,0,0,0,0,0,75,76,76,80,19,164.23,54,19,-26,-1045,-1,0,0,0,0,0,25,0,"keyboard-worker","OK",1783220966380,54364,848
645,1783220966505,58750,54489,-1,0,0,0,0,0,75,76,77,80,19,164.35,54,-26,-29,-1002,-1,0,0,0,0,0,25,0,"keyboard-worker","OK",1783220966480,54464,850
646,1783220966599,58844,54583,-1,0,0,0,0,-1,75,76,77,80,19,164.37,54,-19,-11,-979,-1,0,0,0,0,0,25,0,"keyboard-worker","OK",1783220966581,54564,852
647,1783220966694,58939,54677,-1,1,0,0,0,0,75,76,78,80,19,164.66,54,-50,-10,-1070,-1,0,0,0,0,0,25,0,"keyboard-worker","OK",1783220966681,54664,854
648,1783220966788,59033,54771,-1,1,0,0,0,-1,75,76,79,80,19,164.53,54,-32,-18,-1039,-1,0,0,0,0,0,25,0,"keyboard-worker","OK",1783220966781,54764,856
649,1783220966882,59127,54866,-1,0,0,0,0,-1,74,76,79,80,19,164.25,54,-41,-14,-1011,-1,0,0,0,0,0,25,0,"keyboard-worker","OK",1783220966881,54864,858
650,1783220966977,59222,54960,-2,0,0,0,0,-1,74,76,79,80,19,164.46,54,-23,-29,-963,-1,0,0,0,0,0,25,0,"keyboard-worker","OK",1783220966931,54914,859
651,1783220967071,59316,55054,-1,0,0,0,0,-1,74,76,79,80,19,164.05,54,-4,-8,-905,-1,0,0,0,0,0,25,0,"keyboard-worker","OK",1783220967031,55015,861
652,1783220967166,59411,55149,0,0,0,0,0,0,74,76,78,80,19,164.25,54,-37,-24,-1006,-1,0,0,0,0,0,25,0,"keyboard-worker","OK",1783220967131,55115,863
653,1783220967260,59505,55243,0,0,0,0,0,0,74,76,77,80,19,164.33,55,-35,3,-1047,-1,0,0,0,0,0,25,0,"keyboard-worker","OK",1783220967232,55215,865
654,1783220967354,59599,55337,0,0,0,0,0,0,74,76,77,80,19,164.8,55,-7,-7,-989,-1,0,0,0,0,0,25,0,"keyboard-worker","OK",1783220967332,55315,867
655,1783220967449,59694,55432,0,0,0,0,0,0,74,76,78,80,19,164.36,55,-10,-9,-1006,-1,0,0,0,0,0,25,0,"keyboard-worker","OK",1783220967432,55415,869
656,1783220967544,59789,55527,0,0,0,0,0,0,74,76,78,80,19,164.27,55,-20,-5,-1032,-1,0,0,0,0,0,25,0,"keyboard-worker","OK",1783220967532,55515,871
657,1783220967590,59835,55573,0,0,0,0,0,0,74,76,80,80,19,164.15,55,-23,-10,-1016,-1,0,0,0,0,0,25,0,"keyboard-worker","OK",1783220967582,55566,872
658,1783220967685,59930,55668,0,0,0,0,0,0,74,76,81,80,18,164.58,55,-35,-9,-1051,-1,0,0,0,0,0,25,0,"keyboard-worker","OK",1783220967682,55666,874
659,1783220967838,60083,55822,-1,0,0,0,0,0,73,76,83,80,18,164.35,55,-9,-5,-1002,-1,0,0,0,0,0,25,0,"keyboard-worker","OK",1783220967833,55816,877
660,1783220967922,60167,55905,-1,0,0,0,0,-1,73,76,85,80,18,164.85,55,-32,-14,-1012,-1,0,0,0,0,0,25,0,"keyboard-worker","OK",1783220967883,55866,878
661,1783220967970,60215,55953,-1,1,0,0,0,-1,73,76,87,80,18,164.54,55,-43,19,-1016,-1,0,0,0,0,0,25,0,"keyboard-worker","OK",1783220967933,55916,879
662,1783220968064,60309,56047,-1,0,0,0,0,-1,73,76,90,90,18,164.34,55,-18,4,-991,-1,0,0,0,0,0,25,0,"keyboard-worker","OK",1783220968033,56016,881
663,1783220968158,60403,56141,-1,0,0,0,0,-1,73,76,92,90,18,164.49,56,-5,-9,-1008,-1,0,0,0,0,0,25,0,"keyboard-worker","OK",1783220968133,56116,883
664,1783220968253,60498,56237,-1,0,0,0,0,-1,73,76,95,90,18,164.53,56,-41,-10,-986,-1,0,0,0,0,0,25,0,"keyboard-worker","OK",1783220968233,56217,885
665,1783220968348,60593,56332,-1,0,0,0,0,-1,73,76,97,90,18,164.53,56,-21,-5,-987,-1,0,0,0,0,0,25,0,"keyboard-worker","OK",1783220968333,56317,887
666,1783220968443,60688,56427,-1,0,0,0,0,-1,73,76,100,90,18,164.65,56,-50,2,-990,-1,0,0,0,0,0,25,0,"keyboard-worker","OK",1783220968434,56417,889
667,1783220968536,60781,56520,0,0,0,0,0,-1,73,76,102,100,18,164.67,56,-14,-21,-959,-1,0,0,0,0,0,25,0,"keyboard-worker","OK",1783220968534,56517,891
668,1783220968662,60907,56645,0,0,0,0,0,-1,73,76,104,100,18,164.83,56,-31,6,-1018,-1,0,0,0,0,0,25,0,"keyboard-worker","OK",1783220968634,56617,893
669,1783220968725,60970,56708,0,0,0,0,0,-1,73,76,106,100,18,164.75,56,-20,4,-946,-1,0,0,0,0,0,25,0,"keyboard-worker","OK",1783220968684,56667,894
670,1783220968820,61065,56803,0,0,0,0,0,-1,73,76,108,100,18,164.39,56,-42,-4,-1023,-1,0,0,0,0,0,25,0,"keyboard-worker","OK",1783220968784,56767,896
671,1783220968914,61159,56897,0,0,0,0,0,-1,73,76,110,100,18,164.57,56,-47,-9,-1039,-1,0,0,0,0,0,25,0,"keyboard-worker","OK",1783220968884,56868,898
672,1783220969008,61253,56991,0,0,0,0,0,-1,73,76,112,110,18,164.8,56,-15,-23,-1002,-1,0,0,0,0,0,25,0,"keyboard-worker","OK",1783220968984,56968,900
673,1783220969102,61347,57086,0,0,0,0,0,-1,73,76,114,110,18,164.87,57,-30,-1,-982,-1,0,0,0,0,0,25,0,"keyboard-worker","OK",1783220969085,57068,902
674,1783220969197,61442,57180,0,0,0,0,0,-1,73,76,116,110,18,164.85,57,-20,-10,-1022,-1,0,0,0,0,0,25,0,"keyboard-worker","OK",1783220969185,57168,904
675,1783220969291,61536,57274,0,0,0,0,0,-1,73,76,117,110,18,164.89,57,-4,-10,-973,-1,0,0,0,0,0,25,0,"keyboard-worker","OK",1783220969285,57268,906
676,1783220969385,61630,57369,0,0,0,0,0,-1,73,76,119,110,18,164.77,57,-29,-12,-974,-1,0,0,0,0,0,25,0,"keyboard-worker","OK",1783220969385,57368,908
677,1783220969480,61725,57463,0,0,0,0,0,-1,73,76,120,120,18,164.97,57,-7,-7,-1000,-1,0,0,0,0,0,25,0,"keyboard-worker","OK",1783220969435,57418,909
678,1783220969574,61819,57557,0,0,0,0,0,-1,73,76,122,120,17,164.98,57,1,-5,-1002,-1,0,0,0,0,0,25,0,"keyboard-worker","OK",1783220969535,57519,911
679,1783220969668,61913,57652,0,0,0,0,0,-1,74,77,124,120,17,165.02,57,-30,-17,-990,-1,0,0,0,0,0,25,0,"keyboard-worker","OK",1783220969635,57619,913
680,1783220969766,62011,57749,0,0,0,0,0,-1,74,77,125,120,17,164.98,57,-35,-26,-987,-1,0,0,0,0,0,25,0,"keyboard-worker","OK",1783220969736,57719,915
681,1783220969947,62192,57931,0,0,0,0,0,-1,74,77,127,120,17,165.13,57,0,-15,-998,-1,0,0,0,0,0,25,0,"keyboard-worker","OK",1783220969936,57919,919
682,1783220969999,62244,57982,0,0,0,0,0,-1,74,77,128,130,17,164.89,57,-6,-19,-1008,-1,0,0,0,0,0,25,0,"keyboard-worker","OK",1783220969986,57969,920
683,1783220970016,62261,58000,0,0,0,0,0,-1,74,77,130,130,17,164.68,58,-34,-3,-996,-1,0,0,0,0,0,25,0,"keyboard-worker","OK",1783220969986,57969,920
684,1783220970108,62353,58092,0,0,0,0,0,-1,74,77,131,130,17,164.78,58,-20,-7,-990,-1,0,0,0,0,0,25,0,"keyboard-worker","OK",1783220970086,58069,922
685,1783220970203,62448,58186,0,1,0,0,0,-1,74,77,133,130,17,164.6,58,-34,-13,-1076,-1,0,0,0,0,0,25,0,"keyboard-worker","OK",1783220970186,58170,924
686,1783220970297,62542,58281,0,0,0,0,0,-1,74,77,134,130,17,164.72,58,-34,-13,-985,-1,0,0,0,0,0,25,0,"keyboard-worker","OK",1783220970287,58270,926
687,1783220970392,62637,58375,-1,0,0,0,0,-1,74,77,135,130,17,164.66,58,-10,-11,-891,-1,0,0,0,0,0,25,0,"keyboard-worker","OK",1783220970387,58370,928
688,1783220970486,62731,58469,-1,0,0,0,0,-1,74,77,137,140,17,164.95,58,-24,9,-1038,-1,0,0,0,0,0,25,0,"keyboard-worker","OK",1783220970437,58420,929
689,1783220970708,62953,58692,0,0,0,0,0,-1,74,76,137,140,17,165.31,58,-8,1,-968,-1,0,0,0,0,0,0,0,"keyboard-worker","OK",1783220970687,58671,934
690,1783220970713,62958,58696,0,0,0,0,0,-1,74,76,138,140,17,165.01,58,-7,-10,-966,-1,0,0,0,0,0,0,0,"keyboard-worker","OK",1783220970687,58671,934
691,1783220970916,63161,58899,0,0,0,0,0,0,74,76,138,140,17,165.2,58,-30,-15,-1040,-1,0,0,0,0,0,-25,0,"keyboard-worker","OK",1783220970888,58871,938
692,1783220970917,63162,58900,0,0,0,0,0,-1,74,76,139,140,17,165.24,58,-15,-25,-941,-1,0,0,0,0,0,-25,0,"keyboard-worker","OK",1783220970888,58871,938
693,1783220971156,63401,59139,0,0,0,0,0,0,74,76,138,140,17,165.18,59,-59,-3,-936,-1,0,0,0,0,0,-25,0,"keyboard-worker","OK",1783220971138,59121,943
694,1783220971159,63404,59143,0,0,0,0,0,0,74,76,137,140,17,164.98,59,-1,-9,-933,-1,0,0,0,0,0,-25,0,"keyboard-worker","OK",1783220971138,59121,943
695,1783220971192,63437,59175,0,0,0,0,0,0,74,76,136,140,17,165.02,59,3,-12,-1012,-1,0,0,0,0,0,-25,0,"keyboard-worker","OK",1783220971188,59172,944
696,1783220971284,63529,59268,0,0,0,0,0,0,74,76,134,140,17,164.79,59,-24,-21,-983,-1,0,0,0,0,0,-25,0,"keyboard-worker","OK",1783220971238,59222,945
697,1783220971329,63574,59312,0,0,0,0,0,1,74,76,132,140,17,164.64,59,-50,-14,-983,-1,0,0,0,0,0,-25,0,"keyboard-worker","OK",1783220971288,59272,946
698,1783220971420,63665,59403,0,0,0,0,0,1,74,76,132,140,16,164.82,59,-21,2,-941,-1,0,0,0,0,0,-25,0,"keyboard-worker","OK",1783220971389,59372,948
699,1783220971564,63809,59547,0,0,0,0,0,1,75,76,129,130,16,165.14,59,-12,0,-984,-1,0,0,0,0,0,-25,0,"keyboard-worker","OK",1783220971539,59522,951
700,1783220971753,63998,59736,0,0,0,0,0,1,75,76,128,130,16,164.78,59,-36,-6,-1000,-1,0,0,0,0,0,-25,0,"keyboard-worker","OK",1783220971739,59722,955
701,1783220971766,64011,59750,0,0,0,0,0,1,75,76,126,130,16,164.83,59,-7,8,-1013,-1,0,0,0,0,0,-25,0,"keyboard-worker","OK",1783220971739,59722,955
702,1783220971818,64063,59802,0,0,0,0,0,1,75,76,124,130,16,164.61,60,-3,-42,-977,-1,0,0,0,0,0,-25,0,"keyboard-worker","OK",1783220971789,59772,956
703,1783220971904,64149,59888,0,0,0,0,0,1,75,76,122,120,16,164.6,60,-32,-15,-984,-1,0,0,0,0,0,-25,0,"keyboard-worker","OK",1783220971889,59873,958
704,1783220971997,64242,59980,0,0,0,0,0,1,75,76,121,120,16,164.52,60,1,-15,-1015,-1,0,0,0,0,0,-25,0,"keyboard-worker","OK",1783220971989,59973,960
705,1783220972093,64338,60077,0,0,0,0,0,1,75,76,119,120,16,164.8,60,9,5,-1018,-1,0,0,0,0,0,-25,0,"keyboard-worker","OK",1783220972090,60073,962
706,1783220972189,64434,60173,0,0,0,0,0,1,75,76,117,120,16,164.72,60,-19,1,-977,-1,0,0,0,0,0,-25,0,"keyboard-worker","OK",1783220972140,60123,963
707,1783220972285,64530,60269,0,0,0,0,0,1,75,76,116,120,16,164.51,60,13,-2,-1001,-1,0,0,0,0,0,-25,0,"keyboard-worker","OK",1783220972240,60223,965
708,1783220972381,64626,60365,0,0,0,0,0,1,75,76,114,120,16,164.66,60,-4,-13,-999,-1,0,0,0,0,0,-25,0,"keyboard-worker","OK",1783220972340,60323,967
709,1783220972499,64744,60483,0,0,0,0,0,1,74,76,112,110,16,164.48,60,-48,4,-1024,-1,0,0,0,0,0,-25,0,"keyboard-worker","OK",1783220972490,60474,970
710,1783220972574,64819,60558,0,0,0,0,0,1,74,76,110,110,16,164.46,60,-3,-13,-1000,-1,0,0,0,0,0,-25,0,"keyboard-worker","OK",1783220972540,60524,971
711,1783220972670,64915,60654,0,0,0,0,0,1,74,76,109,110,16,164.97,60,-24,8,-1004,-1,0,0,0,0,0,-25,0,"keyboard-worker","OK",1783220972641,60624,973
712,1783220972766,65011,60749,0,0,0,0,0,1,74,76,107,110,16,164.38,61,-11,-13,-1044,-1,0,0,0,0,0,-25,0,"keyboard-worker","OK",1783220972741,60724,975
713,1783220972872,65117,60856,0,0,0,0,0,1,74,76,106,110,16,164.92,61,-28,8,-1057,-1,0,0,0,0,0,-25,0,"keyboard-worker","OK",1783220972841,60824,977
714,1783220972968,65213,60951,0,0,0,0,0,1,74,76,104,110,16,164.69,61,12,-8,-1022,-1,0,0,0,0,0,-25,0,"keyboard-worker","OK",1783220972941,60924,979
715,1783220973054,65299,61037,0,0,0,0,0,1,74,76,102,100,16,164.51,61,4,-17,-1004,-1,0,0,0,0,0,-25,0,"keyboard-worker","OK",1783220973041,61025,981
716,1783220973150,65395,61133,0,0,0,0,0,1,74,76,101,100,16,164.8,61,-11,-21,-945,-1,0,0,0,0,0,-25,0,"keyboard-worker","OK",1783220973141,61125,983
717,1783220973246,65491,61230,0,0,0,0,0,1,74,76,100,100,16,164.5,61,-7,0,-1002,-1,0,0,0,0,0,-25,0,"keyboard-worker","OK",1783220973242,61225,985
718,1783220973342,65587,61326,0,0,0,0,0,1,74,76,98,100,15,164.6,61,-25,-2,-1032,-1,0,0,0,0,0,-25,0,"keyboard-worker","OK",1783220973342,61325,987
719,1783220973438,65683,61422,0,0,0,0,0,1,74,77,96,100,15,164.28,61,-30,-1,-1007,-1,0,0,0,0,0,-25,0,"keyboard-worker","OK",1783220973392,61375,988
720,1783220973535,65780,61518,0,0,0,0,0,1,74,77,95,100,15,164.63,61,-13,0,-966,-1,0,0,0,0,0,-25,0,"keyboard-worker","OK",1783220973492,61475,990
721,1783220973631,65876,61614,0,0,0,0,0,1,74,77,94,90,15,164.65,61,-45,3,-949,-1,0,0,0,0,0,-25,0,"keyboard-worker","OK",1783220973592,61576,992
722,1783220973730,65975,61713,0,0,0,0,0,1,74,77,92,90,15,164.57,62,-37,-3,-980,-1,0,0,0,0,0,-25,0,"keyboard-worker","OK",1783220973693,61676,994
723,1783220973823,66068,61806,0,0,0,0,0,1,74,77,91,90,15,164.28,62,-12,-19,-1015,-1,0,0,0,0,0,-25,0,"keyboard-worker","OK",1783220973793,61776,996
724,1783220973919,66164,61902,0,0,0,0,0,1,74,77,89,90,15,164.68,62,-11,-19,-1007,-1,0,0,0,0,0,-25,0,"keyboard-worker","OK",1783220973893,61876,998
725,1783220974018,66263,62002,0,0,0,0,0,1,74,77,88,90,15,164.54,62,-54,7,-969,-1,0,0,0,0,0,-25,0,"keyboard-worker","OK",1783220973993,61976,1000
726,1783220974113,66358,62097,0,0,0,0,0,1,74,77,87,90,15,164.49,62,-35,-11,-1009,-1,0,0,0,0,0,0,0,"keyboard-worker","OK",1783220974093,62076,1002
727,1783220974220,66465,62203,0,0,0,0,0,1,74,77,86,90,15,164.45,62,13,-17,-1010,-1,0,0,0,0,0,0,0,"keyboard-worker","OK",1783220974193,62177,1004
728,1783220974311,66556,62295,0,0,0,0,0,0,74,77,86,90,15,164.56,62,-21,-1,-1016,-1,0,0,0,0,0,0,0,"keyboard-worker","OK",1783220974294,62277,1006
729,1783220974416,66661,62399,0,0,0,0,0,0,74,77,85,80,15,164.48,62,9,-22,-1037,-1,0,0,0,0,0,0,0,"keyboard-worker","OK",1783220974394,62377,1008
730,1783220974497,66742,62480,0,0,0,0,0,0,74,77,84,80,15,164.26,62,-29,4,-1021,-1,0,0,0,0,0,0,0,"keyboard-worker","OK",1783220974494,62477,1010
731,1783220974594,66839,62577,0,0,0,0,0,0,74,77,84,80,15,164.35,62,-15,-2,-1023,-1,0,0,0,0,0,0,0,"keyboard-worker","OK",1783220974594,62577,1012
732,1783220974690,66935,62673,0,0,0,0,0,0,74,77,84,80,15,164.44,63,-10,-1,-1038,-1,0,0,0,0,0,0,0,"keyboard-worker","OK",1783220974644,62628,1013
733,1783220974792,67037,62775,0,0,0,0,0,0,74,77,84,80,15,164.5,63,-36,-9,-1013,-1,0,0,0,0,0,0,0,"keyboard-worker","OK",1783220974744,62728,1015
734,1783220974886,67131,62869,0,0,0,0,0,0,74,77,84,80,15,164.5,63,18,-28,-1003,-1,0,0,0,0,0,0,0,"keyboard-worker","OK",1783220974845,62828,1017
735,1783220974984,67229,62968,0,0,0,0,0,0,74,77,84,80,15,164.61,63,-9,13,-1024,-1,0,0,0,0,0,0,0,"keyboard-worker","OK",1783220974945,62928,1019
736,1783220975024,67269,63008,0,0,0,0,0,0,74,77,84,80,15,164.54,63,-20,-24,-1008,-1,0,0,0,0,0,0,0,"keyboard-worker","OK",1783220974995,62978,1020
737,1783220975120,67365,63103,0,0,0,0,0,0,74,77,84,80,15,164.47,63,-11,-9,-1000,-1,0,0,0,0,0,0,0,"keyboard-worker","OK",1783220975095,63079,1022
738,1783220975217,67462,63200,0,0,0,0,0,0,74,77,84,80,14,164.66,63,7,-40,-988,-1,0,0,0,0,0,0,0,"keyboard-worker","OK",1783220975195,63179,1024
739,1783220975313,67558,63296,0,0,0,0,0,0,74,77,85,80,14,164.48,63,-6,-11,-990,-1,0,0,0,0,0,0,0,"keyboard-worker","OK",1783220975296,63279,1026
740,1783220975409,67654,63392,0,0,0,0,0,0,74,77,85,80,14,164.54,63,-16,-14,-1002,-1,0,0,0,0,0,0,0,"keyboard-worker","OK",1783220975396,63379,1028
741,1783220975504,67749,63488,0,0,0,0,0,0,74,77,85,80,14,164.51,63,-11,-10,-999,-1,0,0,0,0,0,0,0,"keyboard-worker","OK",1783220975496,63480,1030
742,1783220975601,67846,63584,0,0,0,0,0,0,74,77,84,80,14,164.31,64,-34,3,-1022,-1,0,0,0,0,0,0,0,"keyboard-worker","OK",1783220975597,63580,1032
743,1783220975697,67942,63680,0,0,0,0,0,0,74,77,84,80,14,164.33,64,-5,-7,-1023,-1,0,0,0,0,0,0,0,"keyboard-worker","OK",1783220975697,63680,1034
744,1783220975794,68039,63777,0,0,0,0,0,0,74,77,84,80,14,164.46,64,-24,-11,-993,-1,0,0,0,0,0,0,0,"keyboard-worker","OK",1783220975747,63730,1035
745,1783220975889,68134,63872,0,0,0,0,0,0,74,77,85,80,14,164.59,64,-13,-17,-992,-1,0,0,0,0,0,25,0,"keyboard-worker","OK",1783220975847,63830,1037
746,1783220975985,68230,63968,0,0,0,0,0,0,74,77,85,80,14,164.55,64,-25,-25,-946,-1,0,0,0,0,0,25,0,"keyboard-worker","OK",1783220975947,63931,1039
747,1783220976081,68326,64064,0,0,0,0,0,0,74,77,85,80,14,164.41,64,-13,-25,-1076,-1,0,0,0,0,0,25,0,"keyboard-worker","OK",1783220976047,64031,1041
748,1783220976177,68422,64161,0,0,0,0,0,0,74,77,86,90,14,164.72,64,-18,-7,-983,-1,0,0,0,0,0,25,0,"keyboard-worker","OK",1783220976148,64131,1043
749,1783220976276,68521,64259,0,0,0,0,0,0,75,77,87,90,14,164.31,64,-5,-14,-1042,-1,0,0,0,0,0,25,0,"keyboard-worker","OK",1783220976248,64231,1045
750,1783220976373,68618,64357,0,0,0,0,0,-1,75,77,88,90,14,164.5,64,-9,-18,-1024,-1,0,0,0,0,0,25,0,"keyboard-worker","OK",1783220976348,64331,1047
751,1783220976466,68711,64449,0,0,0,0,0,-1,75,77,90,90,14,164.22,64,-10,-14,-992,-1,0,0,0,0,0,25,0,"keyboard-worker","OK",1783220976448,64431,1049
752,1783220976562,68807,64546,0,0,0,0,0,-1,75,77,91,90,14,164.58,65,-31,-13,-982,-1,0,0,0,0,0,25,0,"keyboard-worker","OK",1783220976548,64532,1051
753,1783220976658,68903,64642,0,0,0,0,0,-1,75,77,93,90,14,164.66,65,26,-14,-1000,-1,0,0,0,0,0,25,0,"keyboard-worker","OK",1783220976649,64632,1053
754,1783220976755,69000,64738,1,0,0,0,0,-1,75,77,94,90,14,164.66,65,0,-13,-1025,-1,0,0,0,0,0,25,0,"keyboard-worker","OK",1783220976749,64732,1055
755,1783220976851,69096,64834,0,0,0,0,0,-1,75,77,96,90,14,164.29,65,-10,-15,-983,-1,0,0,0,0,0,25,0,"keyboard-worker","OK",1783220976849,64832,1057
756,1783220976947,69192,64930,0,0,0,0,0,-1,75,77,97,100,14,164.36,65,-17,0,-984,-1,0,0,0,0,0,25,0,"keyboard-worker","OK",1783220976899,64882,1058
757,1783220977043,69288,65026,0,0,0,0,0,-1,75,77,99,100,13,164.4,65,0,-3,-1000,-1,0,0,0,0,0,25,0,"keyboard-worker","OK",1783220976999,64983,1060
758,1783220977139,69384,65122,0,0,0,0,0,-1,75,77,100,100,13,164.76,65,11,-5,-1011,-1,0,0,0,0,0,25,0,"keyboard-worker","OK",1783220977100,65083,1062
759,1783220977235,69480,65218,0,0,0,0,0,-1,73,76,102,100,13,164.25,65,-1,-6,-986,-1,0,0,0,0,0,25,0,"keyboard-worker","OK",1783220977200,65183,1064
760,1783220977331,69576,65314,0,0,0,0,0,-1,73,76,103,100,13,164.87,65,-14,10,-984,-1,0,0,0,0,0,25,0,"keyboard-worker","OK",1783220977300,65283,1066
761,1783220977427,69672,65410,0,0,0,0,0,-1,73,76,104,100,13,164.59,65,7,-13,-1035,-1,0,0,0,0,0,25,0,"keyboard-worker","OK",1783220977400,65383,1068
762,1783220977523,69768,65506,0,0,0,0,0,-1,73,76,104,100,13,164.57,66,15,0,-973,-1,0,0,0,0,0,25,0,"keyboard-worker","OK",1783220977500,65484,1070
763,1783220977619,69864,65602,1,0,0,0,0,-1,73,76,106,110,13,164.57,66,-8,-29,-1038,-1,0,0,0,0,0,25,0,"keyboard-worker","OK",1783220977600,65584,1072
764,1783220977715,69960,65699,0,0,0,0,0,-1,73,76,107,110,13,164.69,66,3,-18,-958,-1,0,0,0,0,0,25,0,"keyboard-worker","OK",1783220977701,65684,1074
765,1783220977811,70056,65795,0,0,0,0,0,-1,73,76,109,110,13,164.41,66,-16,-3,-979,-1,0,0,0,0,0,25,0,"keyboard-worker","OK",1783220977801,65784,1076
766,1783220977908,70153,65891,0,0,0,0,0,-1,73,76,110,110,13,164.57,66,-24,-16,-1013,-1,0,0,0,0,0,25,0,"keyboard-worker","OK",1783220977901,65884,1078
767,1783220978004,70249,65987,0,0,0,0,0,-1,73,76,112,110,13,164.67,66,-18,-21,-1005,-1,0,0,0,0,0,25,0,"keyboard-worker","OK",1783220978001,65985,1080
768,1783220978100,70345,66083,0,0,0,0,0,-1,73,76,113,110,13,164.83,66,-12,-16,-1039,-1,0,0,0,0,0,25,0,"keyboard-worker","OK",1783220978051,66035,1081
769,1783220978196,70441,66179,-1,0,0,0,0,-1,73,76,114,110,13,164.84,66,26,-20,-986,-1,0,0,0,0,0,25,0,"keyboard-worker","OK",1783220978152,66135,1083
770,1783220978292,70537,66276,0,0,0,0,0,-1,73,76,116,110,13,164.57,66,28,-36,-989,-1,0,0,0,0,0,0,0,"keyboard-worker","OK",1783220978252,66235,1085
771,1783220978388,70633,66371,0,0,0,0,0,-1,73,76,117,120,13,165.05,66,-11,9,-993,-1,0,0,0,0,0,0,0,"keyboard-worker","OK",1783220978352,66335,1087
772,1783220978484,70729,66467,0,0,0,0,0,0,73,76,119,120,13,164.62,67,14,-16,-913,-1,0,0,0,0,0,0,0,"keyboard-worker","OK",1783220978452,66435,1089
773,1783220978580,70825,66563,0,0,0,0,0,0,73,76,119,120,13,165.07,67,12,-20,-968,-1,0,0,0,0,0,0,0,"keyboard-worker","OK",1783220978552,66536,1091
774,1783220978676,70921,66659,0,0,0,0,0,0,73,76,119,120,13,164.72,67,-26,-18,-961,-1,0,0,0,0,0,0,0,"keyboard-worker","OK",1783220978652,66636,1093
775,1783220978725,70970,66708,0,0,0,0,0,0,73,76,120,120,13,164.8,67,-37,-6,-976,-1,0,0,0,0,0,0,0,"keyboard-worker","OK",1783220978703,66686,1094
776,1783220978821,71066,66804,0,0,0,0,0,0,73,76,120,120,13,164.78,67,-6,-4,-982,-1,0,0,0,0,0,0,0,"keyboard-worker","OK",1783220978803,66786,1096
777,1783220978916,71161,66900,0,0,0,0,0,0,73,76,120,120,12,164.69,67,-51,12,-994,-1,0,0,0,0,0,0,0,"keyboard-worker","OK",1783220978903,66886,1098
778,1783220979013,71258,66996,0,0,0,0,0,0,73,76,120,120,12,164.87,67,-9,-20,-1012,-1,0,0,0,0,0,0,0,"keyboard-worker","OK",1783220979003,66986,1100
779,1783220979157,71402,67141,0,0,0,0,0,0,74,78,121,120,12,164.82,67,-2,-17,-997,-1,0,0,0,0,0,0,0,"keyboard-worker","OK",1783220979153,67137,1103
780,1783220979254,71499,67237,0,0,0,0,0,0,74,78,121,120,12,164.97,67,34,-24,-1010,-1,0,0,0,0,0,0,0,"keyboard-worker","OK",1783220979254,67237,1105
781,1783220979350,71595,67333,0,0,0,0,0,0,74,78,120,120,12,164.65,67,18,-27,-1057,-1,0,0,0,0,0,0,0,"keyboard-worker","OK",1783220979304,67287,1106
782,1783220979398,71643,67381,0,0,0,0,0,0,74,78,120,120,12,164.86,68,-10,-28,-931,-1,0,0,0,0,0,0,0,"keyboard-worker","OK",1783220979354,67337,1107
783,1783220979495,71740,67478,0,0,0,0,0,0,74,78,120,120,12,164.55,68,12,-41,-994,-1,0,0,0,0,0,0,0,"keyboard-worker","OK",1783220979454,67437,1109
784,1783220979592,71837,67575,0,0,0,0,0,0,74,78,120,120,12,164.48,68,-19,0,-973,-1,0,0,0,0,0,0,0,"keyboard-worker","OK",1783220979554,67537,1111
785,1783220979687,71932,67670,0,0,0,0,0,0,74,78,119,120,12,164.87,68,-29,-34,-953,-1,0,0,0,0,0,0,0,"keyboard-worker","OK",1783220979654,67638,1113
786,1783220979783,72028,67767,0,0,0,0,0,0,74,78,119,120,12,164.49,68,-23,-24,-989,-1,0,0,0,0,0,0,0,"keyboard-worker","OK",1783220979754,67738,1115
787,1783220979880,72125,67863,0,0,0,0,0,0,74,78,119,120,12,164.58,68,-6,-25,-953,-1,0,0,0,0,0,0,0,"keyboard-worker","OK",1783220979855,67838,1117
788,1783220979977,72222,67960,0,0,0,0,0,0,74,78,119,120,12,164.77,68,-18,-19,-1011,-1,0,0,0,0,0,0,0,"keyboard-worker","OK",1783220979955,67938,1119
789,1783220980072,72317,68056,0,0,0,0,0,0,75,77,118,120,12,164.71,68,-2,-31,-1036,-1,0,0,0,0,0,0,0,"keyboard-worker","OK",1783220980055,68038,1121
790,1783220980171,72416,68154,0,0,0,0,0,0,75,77,118,120,12,164.7,68,18,-23,-1000,-1,0,0,0,0,0,25,0,"keyboard-worker","OK",1783220980155,68138,1123
791,1783220980265,72510,68248,0,0,0,0,0,0,75,77,119,120,12,164.98,68,-19,-8,-1026,-1,0,0,0,0,0,25,0,"keyboard-worker","OK",1783220980255,68239,1125
792,1783220980362,72607,68345,0,0,0,0,0,0,75,77,119,120,12,164.8,69,-7,4,-1033,-1,0,0,0,0,0,25,0,"keyboard-worker","OK",1783220980355,68339,1127
793,1783220980459,72704,68442,0,0,0,0,0,0,75,77,120,120,12,164.8,69,5,-24,-964,-1,0,0,0,0,0,25,0,"keyboard-worker","OK",1783220980456,68439,1129
794,1783220980555,72800,68538,0,0,0,0,0,0,75,77,121,120,12,164.86,69,-20,-1,-1040,-1,0,0,0,0,0,25,0,"keyboard-worker","OK",1783220980506,68489,1130
795,1783220980651,72896,68634,0,0,0,0,0,-1,75,77,122,120,12,164.85,69,-36,17,-1080,-1,0,0,0,0,0,25,0,"keyboard-worker","OK",1783220980606,68589,1132
796,1783220980747,72992,68730,0,0,0,0,0,-1,75,77,122,120,12,164.95,69,-25,-4,-1009,-1,0,0,0,0,0,25,0,"keyboard-worker","OK",1783220980706,68690,1134
797,1783220980843,73088,68826,0,0,0,0,0,-1,75,77,123,120,11,164.58,69,-11,2,-943,-1,0,0,0,0,0,25,0,"keyboard-worker","OK",1783220980806,68790,1136
798,1783220980940,73185,68923,0,0,0,0,0,0,75,77,124,120,11,164.86,69,-29,-6,-1015,-1,0,0,0,0,0,25,0,"keyboard-worker","OK",1783220980907,68890,1138
799,1783220981036,73281,69019,0,0,0,0,0,-1,75,77,125,120,11,164.6,69,-9,1,-1042,-1,0,0,0,0,0,25,0,"keyboard-worker","OK",1783220981007,68990,1140
800,1783220981132,73377,69115,0,0,0,0,0,-1,75,77,125,130,11,164.56,69,-18,-11,-935,-1,0,0,0,0,0,25,0,"keyboard-worker","OK",1783220981107,69090,1142
801,1783220981229,73474,69212,0,0,0,0,0,0,75,77,127,130,11,164.86,69,-22,5,-1010,-1,0,0,0,0,0,25,0,"keyboard-worker","OK",1783220981207,69190,1144
802,1783220981325,73570,69308,0,0,0,0,0,0,75,77,126,130,11,164.79,70,-26,18,-979,-1,0,0,0,0,0,25,0,"keyboard-worker","OK",1783220981307,69290,1146
803,1783220981422,73667,69405,0,0,0,0,0,-1,75,77,127,130,11,164.93,70,-16,-11,-1009,-1,0,0,0,0,0,0,0,"keyboard-worker","OK",1783220981407,69391,1148
804,1783220981518,73763,69502,0,0,0,0,0,-1,75,77,128,130,11,164.81,70,-34,-15,-940,-1,0,0,0,0,0,0,0,"keyboard-worker","OK",1783220981507,69491,1150
805,1783220981618,73863,69601,0,0,0,0,0,0,75,77,129,130,11,165.03,70,-27,-4,-955,-1,0,0,0,0,0,-25,0,"keyboard-worker","OK",1783220981608,69591,1152
806,1783220981710,73955,69694,0,0,0,0,0,0,75,77,128,130,11,164.44,70,0,-30,-965,-1,0,0,0,0,0,-25,0,"keyboard-worker","OK",1783220981708,69691,1154
807,1783220981807,74052,69790,0,0,0,0,0,0,75,77,128,130,11,164.86,70,-9,11,-952,-1,0,0,0,0,0,-25,0,"keyboard-worker","OK",1783220981758,69741,1155
808,1783220981903,74148,69887,0,0,0,0,0,0,75,77,127,130,11,164.88,70,17,-1,-966,-1,0,0,0,0,0,-25,0,"keyboard-worker","OK",1783220981858,69841,1157
809,1783220982000,74245,69984,0,0,0,0,0,0,75,77,126,130,11,164.95,70,5,-35,-940,-1,0,0,0,0,0,-25,0,"keyboard-worker","OK",1783220981958,69942,1159
810,1783220982096,74341,70079,0,0,0,0,0,1,75,77,125,130,11,164.88,70,-16,-27,-972,-1,0,0,0,0,0,-25,0,"keyboard-worker","OK",1783220982059,70042,1161
811,1783220982192,74437,70175,0,0,0,0,0,1,75,77,123,130,11,164.65,70,-24,-34,-967,-1,0,0,0,0,0,-25,0,"keyboard-worker","OK",1783220982159,70142,1163
812,1783220982289,74534,70273,0,0,0,0,0,1,75,77,121,120,11,164.84,71,-14,-8,-988,-1,0,0,0,0,0,-25,0,"keyboard-worker","OK",1783220982259,70242,1165
813,1783220982385,74630,70368,0,0,0,0,0,1,75,77,120,120,11,164.56,71,2,-4,-965,-1,0,0,0,0,0,-25,0,"keyboard-worker","OK",1783220982359,70342,1167
814,1783220982482,74727,70465,0,0,0,0,0,1,75,77,118,120,11,164.65,71,-16,-69,-975,-1,0,0,0,0,0,-25,0,"keyboard-worker","OK",1783220982459,70442,1169
815,1783220982577,74822,70561,0,0,0,0,0,1,75,77,116,120,11,164.55,71,-14,-8,-1003,-1,0,0,0,0,0,-25,0,"keyboard-worker","OK",1783220982559,70543,1171
816,1783220982674,74919,70657,0,0,0,0,0,1,75,77,115,120,11,164.84,71,-20,-18,-986,-1,0,0,0,0,0,-25,0,"keyboard-worker","OK",1783220982660,70643,1173
817,1783220982770,75015,70753,0,0,0,0,0,1,75,77,113,120,10,164.74,71,-12,-5,-1006,-1,0,0,0,0,0,-25,0,"keyboard-worker","OK",1783220982760,70743,1175
818,1783220982866,75111,70850,0,0,0,0,0,1,75,77,112,110,10,164.97,71,-10,-11,-1022,-1,0,0,0,0,0,-25,0,"keyboard-worker","OK",1783220982860,70843,1177
819,1783220982963,75208,70946,0,0,0,0,0,1,74,77,111,110,10,164.65,71,11,-7,-1031,-1,0,0,0,0,0,-25,0,"keyboard-worker","OK",1783220982960,70943,1179
820,1783220983012,75257,70995,0,0,0,0,0,1,74,77,110,110,10,164.7,71,2,-22,-938,-1,0,0,0,0,0,-25,0,"keyboard-worker","OK",1783220983010,70994,1180
821,1783220983108,75353,71091,0,0,0,0,0,1,74,77,109,110,10,164.61,71,-16,-5,-968,-1,0,0,0,0,0,-25,0,"keyboard-worker","OK",1783220983060,71044,1181
822,1783220983205,75450,71188,0,0,0,0,0,1,74,77,108,110,10,164.78,72,-1,-14,-998,-1,0,0,0,0,0,-25,0,"keyboard-worker","OK",1783220983161,71144,1183
823,1783220983301,75546,71284,0,0,0,0,0,1,74,77,108,110,10,164.63,72,-29,6,-1015,-1,0,0,0,0,0,-25,0,"keyboard-worker","OK",1783220983261,71244,1185
824,1783220983397,75642,71380,0,0,0,0,0,1,74,77,108,110,10,164.31,72,-30,-6,-1021,-1,0,0,0,0,0,-25,0,"keyboard-worker","OK",1783220983361,71344,1187
825,1783220983493,75738,71477,0,0,0,0,0,0,74,77,109,100,10,164.35,72,-67,16,-988,-1,0,0,0,0,0,-25,0,"keyboard-worker","OK",1783220983461,71444,1189
826,1783220983590,75835,71573,0,0,0,0,0,0,74,77,109,100,10,164.58,72,-5,-16,-992,-1,0,0,0,0,0,-25,0,"keyboard-worker","OK",1783220983561,71544,1191
827,1783220983686,75931,71669,-1,0,0,0,0,0,74,77,109,100,10,164.77,72,-23,-4,-1008,-1,0,0,0,0,0,-25,0,"keyboard-worker","OK",1783220983661,71645,1193
828,1783220983783,76028,71766,-1,0,0,0,0,0,74,77,110,110,10,164.74,72,-23,8,-986,-1,0,0,0,0,0,-25,0,"keyboard-worker","OK",1783220983761,71745,1195
829,1783220983883,76128,71866,-1,0,0,0,0,0,75,77,110,110,10,164.52,72,-39,13,-987,-1,0,0,0,0,0,-25,0,"keyboard-worker","OK",1783220983862,71845,1197
830,1783220983976,76221,71959,0,0,0,0,0,0,75,77,110,110,10,164.91,72,-10,-9,-991,-1,0,0,0,0,0,-25,0,"keyboard-worker","OK",1783220983962,71945,1199
831,1783220984072,76317,72055,0,0,0,0,0,0,75,77,109,110,10,164.43,73,-25,5,-996,-1,0,0,0,0,0,-25,0,"keyboard-worker","OK",1783220984062,72045,1201
832,1783220984168,76413,72151,0,0,0,0,0,0,75,77,110,110,10,164.6,73,3,-28,-992,-1,0,0,0,0,0,-25,0,"keyboard-worker","OK",1783220984162,72146,1203
833,1783220984264,76509,72248,0,0,0,0,0,0,75,77,109,110,10,164.2,73,-32,3,-920,-1,0,0,0,0,0,-25,0,"keyboard-worker","OK",1783220984262,72246,1205
834,1783220984361,76606,72345,0,0,0,0,0,1,75,77,109,100,10,164.71,73,-4,-19,-941,-1,0,0,0,0,0,-25,0,"keyboard-worker","OK",1783220984313,72296,1206
835,1783220984459,76704,72442,0,0,0,0,0,1,75,77,108,100,10,164.77,73,-11,-16,-1024,-1,0,0,0,0,0,-25,0,"keyboard-worker","OK",1783220984413,72396,1208
836,1783220984653,76898,72636,0,0,0,0,0,1,75,77,108,100,10,164.56,73,1,16,-962,-1,0,0,0,0,0,-25,0,"keyboard-worker","OK",1783220984613,72596,1212
837,1783220984662,76907,72646,0,0,0,0,0,1,75,77,107,100,10,164.82,73,-22,5,-1002,-1,0,0,0,0,0,-25,0,"keyboard-worker","OK",1783220984613,72596,1212
838,1783220984750,76995,72733,0,0,0,0,0,1,75,77,107,100,10,164.79,73,-29,-11,-1049,-1,0,0,0,0,0,-25,0,"keyboard-worker","OK",1783220984713,72696,1214
839,1783220984846,77091,72829,0,0,0,0,0,0,74,77,107,100,10,164.65,73,-24,-15,-987,-1,0,0,0,0,0,-25,0,"keyboard-worker","OK",1783220984813,72797,1216
840,1783220984957,77202,72941,0,0,0,0,0,0,74,77,106,100,10,164.96,73,3,-17,-1003,-1,0,0,0,0,0,-25,0,"keyboard-worker","OK",1783220984913,72897,1218
841,1783220985067,77312,73050,0,0,0,0,0,0,74,77,106,100,10,164.83,74,-27,-10,-970,-1,0,0,0,0,0,-25,0,"keyboard-worker","OK",1783220985064,73047,1221
842,1783220985141,77386,73124,0,0,0,0,0,0,74,77,106,100,10,165.17,74,4,-19,-967,-1,0,0,0,0,0,-25,0,"keyboard-worker","OK",1783220985114,73097,1222
843,1783220985231,77476,73215,0,0,0,0,0,0,74,77,105,100,10,164.45,74,-21,-31,-952,-1,0,0,0,0,0,-25,0,"keyboard-worker","OK",1783220985214,73197,1224
844,1783220985328,77573,73311,0,0,0,0,0,0,74,77,104,100,10,164.31,74,-1,-40,-954,-1,0,0,0,0,0,-25,0,"keyboard-worker","OK",1783220985314,73297,1226
845,1783220985424,77669,73407,0,0,0,0,0,0,74,77,103,100,10,164.34,74,-32,-31,-976,-1,0,0,0,0,0,-25,0,"keyboard-worker","OK",1783220985414,73398,1228
846,1783220985521,77766,73504,0,0,0,0,0,0,74,77,103,100,10,164.82,74,-6,-5,-1017,-1,0,0,0,0,0,-25,0,"keyboard-worker","OK",1783220985515,73498,1230
847,1783220987766,80011,73601,0,0,0,0,0,0,74,77,102,100,10,164.48,74,-34,-16,-993,-1,0,0,0,0,0,-25,0,"keyboard-worker","OK",1783220987763,73598,1232
848,1783220987861,80106,73696,0,0,0,0,0,0,74,77,101,100,10,164.41,74,-8,-21,-1022,-1,0,0,0,0,0,-25,0,"keyboard-worker","OK",1783220987813,73648,1233
849,1783220987960,80205,73795,0,0,0,0,0,1,75,77,100,100,10,164.61,74,-4,-8,-999,-1,0,0,0,0,0,-25,0,"keyboard-worker","OK",1783220987913,73748,1235
850,1783220988055,80300,73890,0,0,0,0,0,1,75,77,98,100,10,164.56,74,0,-12,-961,-1,0,0,0,0,0,-25,0,"keyboard-worker","OK",1783220988013,73848,1237
851,1783220988150,80395,73985,0,0,0,0,0,1,75,77,97,100,10,164.44,75,-21,-7,-1029,-1,0,0,0,0,0,-25,0,"keyboard-worker","OK",1783220988113,73949,1239
852,1783220988247,80492,74083,0,0,0,0,0,1,75,77,96,100,10,164.4,75,17,-28,-1014,-1,0,0,0,0,0,-25,0,"keyboard-worker","OK",1783220988214,74049,1241
853,1783220988343,80588,74178,0,0,0,0,0,0,75,77,94,90,10,164.47,75,0,-10,-997,-1,0,0,0,0,0,-25,0,"keyboard-worker","OK",1783220988314,74149,1243
854,1783220988448,80693,74283,0,0,0,0,0,0,75,77,93,90,10,164.2,75,-6,-2,-983,-1,0,0,0,0,0,-25,0,"keyboard-worker","OK",1783220988414,74249,1245
855,1783220988536,80781,74371,0,0,0,0,0,0,75,77,92,90,10,164.48,75,19,-5,-981,-1,0,0,0,0,0,-25,0,"keyboard-worker","OK",1783220988514,74349,1247
856,1783220988632,80877,74467,0,0,0,0,0,1,75,77,90,90,10,164.33,75,-42,5,-981,-1,0,0,0,0,0,-25,0,"keyboard-worker","OK",1783220988614,74449,1249
857,1783220988729,80974,74564,0,0,0,0,0,1,75,77,88,90,10,164.37,75,9,-16,-974,-1,0,0,0,0,0,-25,0,"keyboard-worker","OK",1783220988714,74550,1251
858,1783220988825,81070,74660,0,0,0,0,0,1,75,77,86,90,10,164.44,75,26,-23,-950,-1,0,0,0,0,0,-25,0,"keyboard-worker","OK",1783220988815,74650,1253
859,1783220988921,81166,74756,0,0,0,0,0,2,75,77,84,90,10,164.21,75,-1,-15,-919,-1,0,0,0,0,0,-25,0,"keyboard-worker","OK",1783220988915,74750,1255
860,1783220989017,81262,74852,0,0,0,0,0,3,75,77,82,80,10,164.34,75,-27,-5,-979,-1,0,0,0,0,0,-25,0,"keyboard-worker","OK",1783220989015,74850,1257
861,1783220989114,81359,74949,0,0,0,0,0,3,75,77,80,80,10,163.89,76,-8,-17,-961,-1,0,0,0,0,0,0,0,"keyboard-worker","OK",1783220989065,74900,1258
862,1783220989210,81455,75045,0,1,0,0,0,3,75,77,78,80,10,164.46,76,-9,-14,-1004,-1,0,0,0,0,0,0,0,"keyboard-worker","OK",1783220989165,75000,1260
863,1783220989258,81503,75094,0,1,0,0,0,3,75,77,76,70,10,164.17,76,5,-18,-1003,-1,0,0,0,0,0,0,0,"keyboard-worker","OK",1783220989215,75050,1261
864,1783220989355,81600,75190,0,1,0,0,0,3,75,77,74,70,10,164.6,76,-8,-27,-983,-1,0,0,0,0,0,25,0,"keyboard-worker","OK",1783220989316,75151,1263
865,1783220989452,81697,75287,0,1,0,0,0,3,75,77,72,70,10,164.15,76,-9,-15,-986,-1,0,0,0,0,0,25,0,"keyboard-worker","OK",1783220989416,75251,1265
866,1783220989549,81794,75384,0,1,0,0,0,3,75,77,69,70,10,164.01,76,0,-26,-951,-1,0,0,0,0,0,25,0,"keyboard-worker","OK",1783220989516,75351,1267
867,1783220989645,81890,75480,0,0,0,0,0,4,75,77,65,60,10,164.02,76,1,-21,-973,-1,0,0,0,0,0,25,0,"keyboard-worker","OK",1783220989616,75451,1269
868,1783220989745,81990,75580,0,0,0,0,0,4,75,77,62,60,10,164.39,76,-16,-8,-980,-1,0,0,0,0,0,25,0,"keyboard-worker","OK",1783220989716,75551,1271
869,1783220989839,82084,75674,0,0,0,0,0,4,75,78,58,60,10,164.08,76,15,-18,-994,-1,0,0,0,0,0,25,0,"keyboard-worker","OK",1783220989816,75652,1273
870,1783220989936,82181,75771,0,0,0,0,0,4,75,78,54,50,10,163.96,76,-1,-23,-942,-1,0,0,0,0,0,25,0,"keyboard-worker","OK",1783220989917,75752,1275
871,1783220990030,82275,75865,0,0,0,0,0,4,75,78,50,50,10,164.06,77,17,-20,-1047,-1,0,0,0,0,0,25,0,"keyboard-worker","OK",1783220990017,75852,1277
872,1783220990127,82372,75962,0,0,0,0,0,4,75,78,46,40,10,164.03,77,-4,-25,-1010,-1,0,0,0,0,0,25,0,"keyboard-worker","OK",1783220990117,75952,1279
873,1783220990223,82468,76058,0,0,0,0,0,4,75,78,43,40,10,164.24,77,13,-21,-1009,-1,0,0,0,0,0,25,0,"keyboard-worker","OK",1783220990217,76052,1281
874,1783220990321,82566,76156,0,0,0,0,0,4,75,78,39,40,10,164.17,77,2,-29,-1029,-1,0,0,0,0,0,25,0,"keyboard-worker","OK",1783220990317,76152,1283
875,1783220990416,82661,76251,0,0,0,0,0,4,75,78,40,30,10,163.86,77,10,-1,-924,-1,0,0,0,0,0,25,0,"keyboard-worker","OK",1783220990367,76202,1284
876,1783220990513,82758,76348,0,0,0,0,0,4,75,78,35,30,10,163.83,77,-14,-22,-975,-1,0,0,0,0,0,25,0,"keyboard-worker","OK",1783220990467,76303,1286
877,1783220990609,82854,76444,0,0,0,0,0,4,75,78,31,20,10,163.96,77,-18,-22,-1028,-1,0,0,0,0,0,25,0,"keyboard-worker","OK",1783220990568,76403,1288
878,1783220990706,82951,76541,0,0,0,0,0,4,75,78,26,20,10,163.74,77,9,-12,-971,-1,0,0,0,0,0,25,0,"keyboard-worker","OK",1783220990668,76503,1290
879,1783220990802,83047,76637,0,0,0,0,0,4,73,77,23,20,10,163.73,77,10,-19,-1002,-1,0,0,0,0,0,25,0,"keyboard-worker","OK",1783220990768,76603,1292
880,1783220990899,83144,76734,0,0,0,0,0,4,73,77,18,10,10,163.4,77,-25,0,-1052,-1,0,0,0,0,0,25,0,"keyboard-worker","OK",1783220990868,76703,1294
881,1783220990995,83240,76830,0,0,0,0,0,4,73,77,13,10,10,162.52,78,-3,-8,-1027,-1,0,0,0,0,0,25,0,"keyboard-worker","OK",1783220990968,76803,1296
882,1783220991091,83336,76927,0,0,0,0,0,3,73,77,10,0,10,161.83,78,-11,-19,-1035,-1,0,0,0,0,0,25,0,"keyboard-worker","OK",1783220991069,76904,1298
883,1783220991494,83739,77329,0,0,0,0,0,3,73,77,10,0,10,160.76,78,56,-19,-1062,-1,0,0,0,0,0,25,0,"keyboard-worker","OK",1783220991469,77304,1306
884,1783220991503,83748,77338,0,0,0,0,0,2,73,77,10,0,10,159.75,78,-18,-4,-1061,-1,0,0,0,0,0,25,0,"keyboard-worker","OK",1783220991469,77304,1306
885,1783220991504,83749,77339,0,1,-1,0,0,0,73,77,10,0,10,160.81,78,-38,-18,-1038,-1,0,0,0,0,0,25,0,"keyboard-worker","OK",1783220991469,77304,1306
886,1783220991506,83751,77341,-1,1,0,0,0,0,73,77,10,0,10,160.43,78,-35,31,-799,-1,0,0,0,0,0,25,0,"keyboard-worker","OK",1783220991469,77304,1306
887,1783220991702,83947,77538,0,0,0,-1,0,0,73,77,10,0,10,160.67,78,-29,16,-902,-1,0,0,0,0,0,0,0,"keyboard-worker","OK",1783220991670,77505,1310
888,1783220991704,83949,77539,0,0,0,-1,-1,1,73,77,10,0,10,161.68,78,-45,-8,-1361,-1,0,0,0,0,0,0,0,"keyboard-worker","OK",1783220991670,77505,1310
889,1783220991895,84140,77730,0,0,0,-1,-1,0,74,77,10,0,10,161.7,78,-22,50,-1041,-1,0,0,0,0,0,0,0,"keyboard-worker","OK",1783220991870,77705,1314
890,1783220991898,84143,77733,0,0,1,-1,-1,0,74,77,10,0,10,161.89,78,0,-6,-997,-1,0,0,0,0,0,0,0,"keyboard-worker","OK",1783220991870,77705,1314
891,1783220992074,84319,77909,0,0,1,-1,-1,0,74,77,10,0,10,162.54,79,1,5,-1010,-1,0,0,0,0,0,0,0,"keyboard-worker","OK",1783220992070,77905,1318
892,1783220992075,84320,77911,0,0,1,-1,-1,0,74,77,10,0,10,162.25,79,1,0,-996,-1,0,0,0,0,0,0,0,"keyboard-worker","OK",1783220992070,77905,1318
893,1783220992113,84358,77948,0,0,1,-1,-1,0,74,77,10,0,10,162.7,79,-8,3,-1004,-1,0,0,0,0,0,0,0,"keyboard-worker","OK",1783220992070,77905,1318
894,1783220992212,84457,78048,0,0,1,-1,-1,0,74,77,10,0,10,162.74,79,-2,3,-1004,-1,0,0,0,0,0,25,0,"keyboard-worker","OK",1783220992171,78006,1320
895,1783220992309,84554,78144,0,0,1,-2,-1,0,74,77,10,0,10,162.49,79,-10,1,-1000,-1,0,0,0,0,0,25,0,"keyboard-worker","OK",1783220992271,78106,1322
896,1783220992409,84654,78244,0,0,1,-2,-2,0,74,77,10,0,10,162.5,79,-9,0,-1011,-1,0,0,0,0,0,25,0,"keyboard-worker","OK",1783220992371,78206,1324
897,1783220992519,84764,78354,0,0,1,-2,-2,0,74,77,10,0,10,162.64,79,4,2,-1014,-1,0,0,0,0,0,25,0,"keyboard-worker","OK",1783220992471,78306,1326
898,1783220992608,84853,78443,0,0,1,-2,-2,0,74,77,10,0,10,162.69,79,8,-3,-1009,-1,0,0,0,0,0,0,0,"keyboard-worker","OK",1783220992571,78406,1328
899,1783220992705,84950,78540,0,0,1,-2,-2,0,74,77,10,0,10,163.26,79,-13,5,-1014,-1,0,0,0,0,0,0,0,"keyboard-worker","OK",1783220992671,78506,1330
900,1783220992787,85032,78623,0,0,1,-2,-2,1,74,77,10,0,10,163.13,79,-4,8,-1014,-1,0,0,0,0,0,0,0,"keyboard-worker","OK",1783220992772,78607,1332
901,1783220992884,85129,78719,0,0,1,-2,-2,1,74,77,10,0,10,163.39,79,-6,-3,-1006,-1,0,0,0,0,0,0,0,"keyboard-worker","OK",1783220992872,78707,1334
902,1783220992981,85226,78816,0,0,1,0,0,0,74,77,10,0,10,163.46,79,0,2,-1002,-1,0,0,0,0,0,0,0,"keyboard-worker","OK",1783220992972,78807,1336
903,1783220993077,85322,78912,0,0,1,0,0,0,74,77,10,0,10,163.3,79,-4,2,-1005,-1,0,0,0,0,0,0,0,"keyboard-worker","OK",1783220993072,78907,1338
904,1783220993174,85419,79009,0,0,1,0,0,0,74,77,10,0,10,163.31,79,-8,2,-1002,-1,0,0,0,0,0,0,0,"keyboard-worker","OK",1783220993172,79007,1340
905,1783220993270,85515,79105,0,0,1,0,0,0,74,77,10,0,10,163.19,79,-1,4,-998,-1,0,0,0,0,0,0,0,"keyboard-worker","OK",1783220993222,79058,1341
906,1783220993367,85612,79202,0,0,1,0,0,0,74,77,10,0,10,163.25,79,5,1,-990,-1,0,0,0,0,0,0,0,"keyboard-worker","OK",1783220993323,79158,1343
907,1783220993534,85779,79369,0,0,1,0,0,0,74,77,10,0,10,163.37,79,-6,-2,-999,-1,0,0,0,0,0,0,0,"keyboard-worker","OK",1783220993523,79358,1347
908,1783220993560,85805,79395,0,0,1,0,0,0,74,77,10,0,10,163.38,79,-1,2,-1002,-1,0,0,0,0,0,0,0,"keyboard-worker","OK",1783220993523,79358,1347
909,1783220993657,85902,79492,0,0,1,0,0,0,75,77,10,0,10,163.15,79,-2,4,-1003,-1,0,0,0,0,0,0,0,"keyboard-worker","OK",1783220993623,79458,1349
910,1783220993753,85998,79589,0,0,1,0,0,0,75,77,10,0,10,163.22,79,0,3,-1005,-1,0,0,0,0,0,0,0,"keyboard-worker","OK",1783220993723,79558,1351
911,1783220993850,86095,79686,0,0,1,0,0,0,75,77,10,0,10,163.49,79,-2,2,-1003,-1,0,0,0,0,0,0,0,"keyboard-worker","OK",1783220993824,79659,1353
912,1783220993950,86195,79785,0,0,1,0,0,0,75,77,10,0,10,163.37,79,-1,3,-1002,-1,0,0,0,0,0,0,0,"keyboard-worker","OK",1783220993924,79759,1355
913,1783220994045,86290,79880,0,0,1,0,0,0,75,77,10,0,10,163.24,79,0,3,-1001,-1,0,0,0,0,0,0,0,"keyboard-worker","OK",1783220994024,79859,1357
914,1783220994140,86385,79975,0,0,1,0,0,0,75,77,10,0,10,163.49,79,0,3,-1001,-1,0,0,0,0,0,0,0,"keyboard-worker","OK",1783220994124,79959,1359
915,1783220994235,86480,80070,0,0,1,0,0,0,75,77,10,0,10,163.54,79,-1,2,-1000,-1,0,0,0,0,0,0,0,"keyboard-worker","OK",1783220994224,80059,1361
916,1783220994331,86576,80166,0,0,2,0,0,0,75,77,10,0,10,163.47,79,0,2,-1001,-1,0,0,0,0,0,0,0,"keyboard-worker","OK",1783220994324,80160,1363
917,1783220994428,86673,80263,0,0,2,0,0,0,75,77,10,0,10,163.33,79,-1,4,-1002,-1,0,0,0,0,0,0,0,"keyboard-worker","OK",1783220994425,80260,1365
918,1783220994524,86769,80359,0,0,2,0,0,0,75,77,10,0,10,163.72,79,0,3,-999,-1,0,0,0,0,0,0,0,"keyboard-worker","OK",1783220994475,80310,1366
919,1783220994621,86866,80457,0,0,2,0,0,0,75,77,10,0,10,163.33,79,-1,3,-1003,-1,0,0,0,0,0,0,0,"keyboard-worker","OK",1783220994575,80410,1368
920,1783220994717,86962,80552,0,0,2,0,0,0,75,77,10,0,10,163.49,79,-1,2,-1004,-1,0,0,0,0,0,0,0,"keyboard-worker","OK",1783220994675,80510,1370
921,1783220994814,87059,80649,0,0,2,0,0,0,75,77,10,0,10,163.55,79,-2,4,-1001,-1,0,0,0,0,0,0,0,"keyboard-worker","OK",1783220994775,80610,1372
922,1783220994910,87155,80745,0,0,2,0,0,0,75,77,10,0,10,163.3,79,-2,4,-1001,-1,0,0,0,0,0,0,0,"keyboard-worker","OK",1783220994875,80711,1374
923,1783220995007,87252,80842,0,0,2,0,0,0,75,77,10,0,10,163.41,79,-1,4,-1003,-1,0,0,0,0,0,0,0,"keyboard-worker","OK",1783220994976,80811,1376
924,1783220995104,87349,80939,0,0,2,0,0,0,75,77,10,0,10,163.36,79,-2,3,-1000,-1,0,0,0,0,0,0,0,"keyboard-worker","OK",1783220995076,80911,1378
925,1783220995200,87445,81035,0,0,3,0,0,0,75,77,10,0,10,163.23,79,-2,3,-1000,-1,0,0,0,0,0,0,0,"keyboard-worker","OK",1783220995176,81011,1380
926,1783220995296,87541,81132,0,0,3,0,0,0,75,77,10,0,10,163.73,79,0,2,-1001,-1,0,0,0,0,0,0,0,"keyboard-worker","OK",1783220995276,81111,1382
927,1783220995392,87637,81228,0,0,3,0,0,0,75,77,10,0,10,163.19,79,0,3,-1000,-1,0,0,0,0,0,0,0,"keyboard-worker","OK",1783220995376,81212,1384
928,1783220995441,87686,81276,0,0,3,0,0,0,75,77,10,0,10,163.04,79,-1,2,-1003,-1,0,0,0,0,0,0,0,"keyboard-worker","OK",1783220995426,81262,1385
929,1783220995597,87842,81432,0,0,3,0,0,0,75,77,10,0,10,163.21,79,-1,3,-1001,-1,0,0,0,0,0,0,0,"keyboard-worker","OK",1783220995577,81412,1388
930,1783220995634,87879,81469,0,0,3,0,0,0,75,77,10,0,10,163.21,79,-1,3,-998,-1,0,0,0,0,0,0,0,"keyboard-worker","OK",1783220995627,81462,1389
931,1783220995744,87989,81579,0,0,3,0,0,0,75,77,10,0,10,163.25,79,-1,2,-1001,-1,0,0,0,0,0,0,0,"keyboard-worker","OK",1783220995727,81562,1391
932,1783220995830,88075,81665,0,0,3,0,0,0,75,77,10,0,10,163.18,79,-1,4,-1003,-1,0,0,0,0,0,0,0,"keyboard-worker","OK",1783220995827,81662,1393
933,1783220995923,88168,81758,0,0,3,0,0,0,75,77,10,0,10,163.26,79,0,3,-1001,-1,0,0,0,0,0,0,0,"keyboard-worker","OK",1783220995877,81713,1394
934,1783220996019,88264,81855,0,0,3,0,0,0,75,77,10,0,10,163.38,79,-1,4,-1000,-1,0,0,0,0,0,0,0,"keyboard-worker","OK",1783220995978,81813,1396
935,1783220996116,88361,81951,0,0,3,0,0,0,75,77,10,0,10,163.51,79,-1,3,-998,-1,0,0,0,0,0,0,0,"keyboard-worker","OK",1783220996078,81913,1398
936,1783220996212,88457,82048,0,0,3,0,0,0,75,77,10,0,10,163.42,79,0,3,-1001,-1,0,0,0,0,0,0,0,"keyboard-worker","OK",1783220996178,82013,1400
937,1783220996311,88556,82146,0,0,3,0,0,0,75,77,10,0,10,163.11,79,-3,2,-1001,-1,0,0,0,0,0,0,0,"keyboard-worker","OK",1783220996278,82113,1402
938,1783220996540,88785,82375,0,0,3,0,0,0,75,77,10,0,10,163.38,79,0,3,-1003,-1,0,0,0,0,0,0,0,"keyboard-worker","OK",1783220996529,82364,1407
939,1783220996548,88793,82383,0,0,4,0,0,0,75,77,10,0,10,163.38,79,-2,2,-1001,-1,0,0,0,0,0,0,0,"keyboard-worker","OK",1783220996529,82364,1407
