test_id,scenario,notes,run_mode,elapsed_ms,attempt,command_samples,command_successes,command_failures,command_latency_ms_avg,command_latency_ms_min,command_latency_ms_max,last_command_latency_ms,last_command_elapsed_ms,last_command_age_ms,command_attempt_count,command_retry_count,command_timeout_count,command_client_total_ms,command_ensure_sdk_ms,command_executor_total_ms,command_send_ms,command_recv_wait_ms,command_parse_ms,command_executor_recv_wait_total_ms,command_executor_internal_total_ms,command_recovery_ms,command_executor_calls,command_recovery_count,last_command,last_response,last_command_result,command_source,command_executor_last_error,command_executor_attempt_log,command_internal_attempt_log,telemetry_packets_total,telemetry_packets_valid,telemetry_packets_invalid,telemetry_timeouts,telemetry_errors,telemetry_hz_instant,telemetry_hz_ema,telemetry_age_ms,telemetry_interarrival_ms,telemetry_max_interarrival_ms,telemetry_last_gap_ms,telemetry_last_gap_sequence,telemetry_gap_events_300ms,telemetry_gap_events_500ms,telemetry_gap_events_1000ms,telemetry_quality,telemetry_quality_score,telemetry_state_available,telemetry_h,telemetry_tof,telemetry_baro,telemetry_vgz,telemetry_bat,telemetry_templ,telemetry_temph,video_packets_total,video_bytes_total,video_timeouts,video_errors,video_pps_instant,video_pps_ema,video_age_ms,video_packet_delta,video_interarrival_ms,video_max_interarrival_ms,video_last_gap_ms,video_last_gap_sequence,video_gap_events_300ms,video_gap_events_500ms,video_gap_events_1000ms,video_quality,video_quality_score,link_quality,link_quality_score,link_safe_for_nonzero_rc,link_quality_reason,link_telemetry_quality,link_video_quality,link_command_quality,link_rc_quality,rc_packet_gap_ms,rc_expected_period_ms,rc_blackout_count,rc_last_nonzero_age_ms,rc_safety_override_active,nal_packets_in,nal_bytes_in,nal_units,nal_sps,nal_pps,nal_idr,nal_non_idr,nal_other,nal_decode_gated,nal_resyncs,nal_buffered_bytes,decoder_nals_in,decoder_packets_sent,decoder_frames_decoded,decoder_errors,decoder_fps_ema,frame_width,frame_height,keyframes,paused,overlay_enabled,recovery_attempted,recovery_result,recovery_hard,recovery_stage,recovery_command_channel_available,event,log_timestamp,log_message,connection_state,last_outage_failures,plot_metric,state_sequence_delta,state_receiver_running,rc_stream_active,rc_left_right,rc_forward_back,rc_up_down,rc_yaw,keepalive_running,auto_refresh_active,critical_command_active,pause_keepalive_ms,neutral_rc_ms,critical_command_ms,gui_vision_tick_delay_ms,gui_state_tick_delay_ms,vision_refresh_duration_ms,state_refresh_duration_ms,frame_convert_ms,frame_scale_ms,plot_paint_ms,vision_frame_mutex_wait_ms,state_history_fetch_ms,command_mutex_wait_ms,ui_frames_converted,ui_frames_dropped,ui_frames_displayed,plot_samples_displayed,keepalive_tick_total,keepalive_success_total,keepalive_failure_total,keepalive_skipped_busy_total,keepalive_skipped_uninitialized_total,keepalive_last_command,keepalive_last_response,keepalive_last_result,keepalive_last_latency_ms,keepalive_last_success_age_ms,keepalive_last_tick_age_ms
,gui,,CONTROL_PANEL,1,1,0,0,0,0,0,0,0,-1,-1,0,0,0,0,0,0,0,0,0,0,0,0,0,0,,,ERROR,,,,,518,518,0,0,0,10.6537,10.823,35,93,784,339,245,5,2,0,OK,100,1,0,10,188.99,0,89,75,77,1475,7557944,0,0,0,33.131,12,0,-1,0,0,0,0,0,0,OK,100,OK,100,1,telemetry=OK; video=OK; command=OK,OK,OK,OK,NO_DATA,-1,50,0,-1,0,0,0,0,0,0,0,0,0,0,0,0,0,0,0,0,0,0,0,0,0,0,0,OK,0,,0,log,2026-07-09T12:14:32.046,recording started | gui_csv=ON | state_recording=ON,CONNECTED,0,tof,0,1,0,0,0,0,0,1,0,0,0,0,0,124,249,1,0,0,0,0,0,0,0,388,1029,363,300,9,9,0,0,0,battery?,89,OK,43,4258,4258
,gui,,CONTROL_PANEL,1,2,0,0,0,0,0,0,0,-1,-1,0,0,0,0,0,0,0,0,0,0,0,0,0,0,,,ERROR,,,,,518,518,0,0,0,10.6537,10.823,35,93,784,339,245,5,2,0,OK,100,1,0,10,188.99,0,89,75,77,1475,7557944,0,0,0,33.131,12,0,-1,0,0,0,0,0,0,OK,100,OK,100,1,telemetry=OK; video=OK; command=OK,OK,OK,OK,NO_DATA,-1,50,0,-1,0,0,0,0,0,0,0,0,0,0,0,0,0,0,0,0,0,0,0,0,0,0,0,OK,0,,0,logging:start,,,CONNECTED,0,tof,0,1,0,0,0,0,0,1,0,0,0,0,0,124,249,1,0,0,0,0,0,0,0,388,1029,363,300,9,9,0,0,0,battery?,89,OK,43,4258,4258
,gui,,CONTROL_PANEL,1117,3,0,0,0,0,0,0,0,-1,-1,0,0,0,0,0,0,0,0,0,0,0,0,0,0,,,ERROR,,,,,530,530,0,0,0,10.8403,10.5957,20,92,784,339,245,5,2,0,OK,100,1,0,10,188.99,0,89,75,77,1511,7707608,0,0,0,32.7054,23,1511,-1,0,0,0,0,0,0,OK,100,OK,100,1,telemetry=OK; video=OK; command=OK,OK,OK,OK,NO_DATA,-1,50,0,-1,0,1511,7707608,1453,0,0,0,0,0,0,0,0,0,0,1453,2,32.7054,960,720,0,0,1,0,OK,0,,0,vision:ffmpeg_stream,,,CONNECTED,0,tof,1,1,0,0,0,0,0,1,0,0,0,0,0,124,249,0,0,0,0,0,0,0,0,397,1056,371,300,10,10,0,0,0,battery?,89,OK,21,353,353
,gui,,CONTROL_PANEL,2242,4,0,0,0,0,0,0,0,-1,-1,0,0,0,0,0,0,0,0,0,0,0,0,0,0,,,ERROR,,,,,541,541,0,0,0,6.9114,9.72418,28,144,784,339,245,5,2,0,OK,100,1,0,10,188.81,0,89,75,77,1543,7840986,0,0,0,25.4216,53,32,-1,0,0,0,0,0,0,OK,100,OK,100,1,telemetry=OK; video=OK; command=OK,OK,OK,OK,NO_DATA,-1,50,0,-1,0,1543,7840986,1485,0,0,0,0,0,0,0,0,0,0,1485,2,25.4216,960,720,0,0,1,0,OK,0,,0,vision:ffmpeg_stream,,,CONNECTED,0,tof,1,1,0,0,0,0,0,1,0,0,0,0,0,124,249,0,0,0,0,0,0,0,0,406,1079,380,300,10,10,0,0,0,battery?,89,OK,21,1478,1478
,gui,,CONTROL_PANEL,3367,5,0,0,0,0,0,0,0,-1,-1,0,0,0,0,0,0,0,0,0,0,0,0,0,0,,,ERROR,,,,,551,551,0,0,0,4.24605,69.7955,26,235,784,350,542,6,2,0,OK,100,1,0,10,188.69,0,89,76,77,1552,7883280,0,0,0,11.4629,0,9,-1,0,0,0,0,0,0,OK,100,OK,100,1,telemetry=OK; video=OK; command=OK,OK,OK,OK,NO_DATA,-1,50,0,-1,0,1552,7883280,1494,0,0,0,0,0,0,0,0,0,0,1494,2,11.4629,960,720,0,0,1,0,OK,0,,0,vision:ffmpeg_stream,,,CONNECTED,0,tof,0,1,0,0,0,0,0,1,0,0,0,0,0,125,249,0,0,0,0,0,0,0,0,413,1080,387,300,10,10,0,0,0,battery?,89,OK,21,2603,2603
,gui,,CONTROL_PANEL,4491,6,0,0,0,0,0,0,0,-1,-1,0,0,0,0,0,0,0,0,0,0,0,0,0,0,,,ERROR,,,,,565,565,0,0,0,16.2629,41.8831,10,61,784,350,542,6,2,0,OK,100,1,0,10,189.06,0,89,76,78,1573,7968694,0,0,0,31.7247,10,21,-1,0,0,0,0,0,0,OK,100,OK,100,1,telemetry=OK; video=OK; command=OK,OK,OK,OK,NO_DATA,-1,50,0,-1,0,1573,7968694,1515,0,0,0,0,0,0,0,0,0,0,1515,2,31.7247,960,720,0,0,1,0,OK,0,,0,vision:ffmpeg_stream,,,CONNECTED,0,tof,3,1,0,0,0,0,0,1,0,0,0,0,0,124,249,1,0,0,0,0,0,0,0,423,1092,394,300,10,10,0,0,0,battery?,89,OK,21,3727,3727
,gui,,CONTROL_PANEL,4907,7,0,0,0,0,0,0,0,-1,-1,0,0,0,0,0,0,0,0,0,0,0,0,0,0,,,ERROR,,,,,569,569,0,0,0,7.28195,23.1322,30,137,784,350,542,6,2,0,OK,100,1,0,10,188.98,0,89,76,78,1612,8128287,0,0,0,142.068,173,21,-1,0,0,0,0,0,0,OK,100,OK,100,1,telemetry=OK; video=OK; command=OK,OK,OK,OK,NO_DATA,-1,50,0,-1,0,1573,7968694,1515,0,0,0,0,0,0,0,0,0,0,1515,2,31.7247,960,720,0,0,1,0,OK,0,,0,log,2026-07-09T12:14:36.938,panel switched to Operation,CONNECTED,0,tof,1,1,0,0,0,0,0,1,0,0,0,0,0,125,250,0,0,0,0,0,0,0,0,425,1116,397,300,10,10,0,0,0,battery?,89,OK,21,4143,4143
,gui,,CONTROL_PANEL,5492,8,0,0,0,0,0,0,0,-1,-1,0,0,0,0,0,0,0,0,0,0,0,0,0,0,,,ERROR,,,,,576,576,0,0,0,9.66194,15.0139,31,103,784,350,542,6,2,0,OK,100,1,0,10,188.74,0,89,76,78,1636,8229663,0,0,0,48.5967,19,63,-1,0,0,0,0,0,0,OK,100,OK,100,1,telemetry=OK; video=OK; command=OK,OK,OK,OK,NO_DATA,-1,50,0,-1,0,1636,8229663,1551,0,0,0,0,0,0,0,0,0,0,1551,2,48.5967,960,720,0,0,1,0,OK,0,,0,vision:ffmpeg_stream,,,CONNECTED,0,tof,2,1,0,0,0,0,0,1,0,0,0,0,0,125,250,1,0,0,0,0,0,0,0,428,1123,399,300,10,10,0,0,0,battery?,89,OK,21,4728,4728
,gui,,CONTROL_PANEL,6617,9,0,0,0,0,0,0,0,-1,-1,0,0,0,0,0,0,0,0,0,0,0,0,0,0,,,ERROR,,,,,587,587,0,0,0,9.7462,10.4392,64,102,784,350,542,6,2,0,OK,100,1,0,10,188.66,0,89,75,79,1671,8374274,0,0,0,31.2965,6,35,-1,0,0,0,0,0,0,OK,100,OK,100,1,telemetry=OK; video=OK; command=OK,OK,OK,OK,NO_DATA,-1,50,0,-1,0,1671,8374274,1586,0,0,0,0,0,0,0,0,0,0,1586,2,31.2965,960,720,0,0,1,0,OK,0,,0,vision:ffmpeg_stream,,,CONNECTED,0,tof,0,1,0,0,0,0,0,1,0,0,0,0,0,124,250,1,0,0,0,0,0,0,0,437,1149,408,300,11,11,0,0,0,battery?,89,OK,39,813,813
,gui,,CONTROL_PANEL,7352,10,0,0,0,0,0,0,0,-1,-1,0,0,0,0,0,0,0,0,0,0,0,0,0,0,,,ERROR,,,,,595,595,0,0,0,10.0806,10.1858,10,99,784,350,542,6,2,0,OK,100,1,0,10,188.88,0,88,76,78,1693,8469269,0,0,0,36.4636,28,35,-1,0,0,0,0,0,0,OK,100,OK,100,0,telemetry=OK; video=OK; command=OK; rc=NO_DATA,OK,OK,OK,NO_DATA,-1,50,0,-1,0,1671,8374274,1586,0,0,0,0,0,0,0,0,0,0,1586,2,31.2965,960,720,0,0,1,0,OK,0,,0,log,2026-07-09T12:14:39.397,sdk keepalive paused while keyboard RC worker is active,CONNECTED,0,tof,0,1,1,0,0,0,0,0,0,0,0,0,0,125,250,1,0,0,0,0,0,0,0,443,1165,414,300,11,11,0,0,0,battery?,89,OK,39,1548,1548
,gui,,CONTROL_PANEL,7353,11,0,0,0,0,0,0,0,-1,-1,0,0,0,0,0,0,0,0,0,0,0,0,0,0,,,ERROR,,,,,595,595,0,0,0,10.0806,10.1858,11,99,784,350,542,6,2,0,OK,100,1,0,10,188.88,0,88,76,78,1694,8473037,0,0,0,36.4636,28,35,-1,0,0,0,0,0,0,OK,100,OK,100,0,telemetry=OK; video=OK; command=OK; rc=NO_DATA,OK,OK,OK,NO_DATA,-1,50,0,-1,0,1671,8374274,1586,0,0,0,0,0,0,0,0,0,0,1586,2,31.2965,960,720,0,0,1,0,OK,0,,0,log,2026-07-09T12:14:39.398,keyboard control ON: Default,CONNECTED,0,tof,0,1,1,0,0,0,0,0,0,0,0,0,0,125,250,1,0,0,0,0,0,0,0,443,1165,414,300,11,11,0,0,0,battery?,89,OK,39,1549,1549
,gui,,CONTROL_PANEL,7353,12,0,0,0,0,0,0,0,-1,-1,0,0,0,0,0,0,0,0,0,0,0,0,0,0,,,ERROR,,,,,595,595,0,0,0,10.0806,10.1858,11,99,784,350,542,6,2,0,OK,100,1,0,10,188.88,0,88,76,78,1694,8473037,0,0,0,36.4636,28,35,-1,0,0,0,0,0,0,OK,100,OK,100,0,telemetry=OK; video=OK; command=OK; rc=NO_DATA,OK,OK,OK,NO_DATA,-1,50,0,-1,0,1671,8374274,1586,0,0,0,0,0,0,0,0,0,0,1586,2,31.2965,960,720,0,0,1,0,OK,0,,0,keyboard-control:on:Default,,,CONNECTED,0,tof,0,1,1,0,0,0,0,0,0,0,0,0,0,125,250,1,0,0,0,0,0,0,0,443,1165,414,300,11,11,0,0,0,battery?,89,OK,39,1549,1549
,gui,,CONTROL_PANEL,7742,13,0,0,0,0,0,0,0,-1,-1,0,0,0,0,0,0,0,0,0,0,0,0,0,0,,,ERROR,,,,,599,599,0,0,0,10.1248,10.1243,4,98,784,350,542,6,2,0,OK,100,1,0,10,188.71,0,88,76,78,1705,8515598,0,0,0,32.3653,29,34,-1,0,0,0,0,0,0,OK,100,OK,100,1,telemetry=OK; video=OK; command=OK; rc=OK,OK,OK,OK,OK,50,50,0,-1,0,1705,8515598,1620,0,0,0,0,0,0,0,0,0,0,1620,2,32.3653,960,720,0,0,1,0,OK,0,,0,vision:ffmpeg_stream,,,CONNECTED,0,tof,2,1,1,0,0,0,0,0,0,0,0,0,0,125,249,1,0,0,0,0,0,0,0,446,1174,417,300,11,11,0,0,0,battery?,89,OK,39,1938,1938
,gui,,CONTROL_PANEL,8742,14,0,0,0,0,0,0,0,-1,-1,0,0,0,0,0,0,0,0,0,0,0,0,0,0,,,ERROR,,,,,609,609,0,0,0,10.0874,12.4154,61,99,784,350,542,6,2,0,OK,100,1,0,10,188.9,0,88,76,78,1736,8644773,0,0,0,31.7002,23,31,-1,0,0,0,0,0,0,OK,100,OK,100,1,telemetry=OK; video=OK; command=OK; rc=OK,OK,OK,OK,OK,50,50,0,-1,0,1736,8644773,1651,0,0,0,0,0,0,0,0,0,0,1651,2,31.7002,960,720,0,0,1,0,OK,0,,0,vision:ffmpeg_stream,,,CONNECTED,0,tof,1,1,1,0,0,0,0,0,0,0,0,0,0,124,249,1,0,0,0,0,0,0,0,454,1197,425,300,11,11,0,0,0,battery?,89,OK,39,2939,2939
,gui,,CONTROL_PANEL,9742,15,0,0,0,0,0,0,0,-1,-1,0,0,0,0,0,0,0,0,0,0,0,0,0,0,,,ERROR,,,,,619,619,0,0,0,10.2574,10.3686,69,97,784,350,542,6,2,0,OK,100,1,0,10,188.92,0,88,76,78,1767,8773927,0,0,0,31.3596,21,31,-1,0,0,0,0,0,0,OK,100,OK,100,1,telemetry=OK; video=OK; command=OK; rc=OK,OK,OK,OK,OK,50,50,0,-1,0,1767,8773927,1682,0,0,0,0,0,0,0,0,0,0,1682,2,31.3596,960,720,0,0,1,0,OK,0,,0,vision:ffmpeg_stream,,,CONNECTED,0,tof,1,1,1,0,0,0,0,0,0,0,0,0,0,125,250,1,0,0,0,0,0,0,0,462,1220,433,300,11,11,0,0,0,battery?,89,OK,39,3939,3939
,gui,,CONTROL_PANEL,10742,16,0,0,0,0,0,0,0,-1,-1,0,0,0,0,0,0,0,0,0,0,0,0,0,0,,,ERROR,,,,,629,629,0,0,0,10.7077,10.1866,77,93,784,350,542,6,2,0,OK,100,1,0,10,188.6,0,88,76,79,1798,8903137,0,0,0,31.5489,16,31,-1,0,0,0,0,0,0,OK,100,OK,100,1,telemetry=OK; video=OK; command=OK; rc=OK,OK,OK,OK,OK,50,50,0,-1,0,1798,8903137,1713,0,0,0,0,0,0,0,0,0,0,1713,2,31.5489,960,720,0,0,1,0,OK,0,,0,vision:ffmpeg_stream,,,CONNECTED,0,tof,1,1,1,0,0,0,0,0,0,0,0,0,0,125,250,1,0,0,0,0,0,0,0,469,1244,440,300,11,11,0,0,0,battery?,89,OK,39,4939,4939
,gui,,CONTROL_PANEL,11867,17,0,0,0,0,0,0,0,-1,-1,0,0,0,0,0,0,0,0,0,0,0,0,0,0,,,ERROR,,,,,641,641,0,0,0,10.0048,10.0767,11,99,784,350,542,6,2,0,OK,100,1,0,10,189.07,0,88,76,79,1833,9048990,0,0,0,31.1637,4,35,-1,0,0,0,0,0,0,OK,100,OK,100,1,telemetry=OK; video=OK; command=OK; rc=OK,OK,OK,OK,OK,50,50,0,-1,0,1833,9048990,1748,0,0,0,0,0,0,0,0,0,0,1748,2,31.1637,960,720,0,0,1,0,OK,0,,0,vision:ffmpeg_stream,,,CONNECTED,0,tof,1,1,1,0,0,0,0,0,0,0,0,0,0,125,250,1,0,0,0,0,0,0,0,478,1270,449,300,11,11,0,0,0,battery?,89,OK,39,6063,6063
,gui,,CONTROL_PANEL,12867,18,0,0,0,0,0,0,0,-1,-1,0,0,0,0,0,0,0,0,0,0,0,0,0,0,,,ERROR,,,,,651,651,0,0,0,9.96906,10.2733,67,100,784,350,542,6,2,0,OK,100,1,0,10,188.82,0,88,76,79,1863,9174009,0,0,0,30.7602,29,30,-1,0,0,0,0,0,0,OK,100,OK,100,1,telemetry=OK; video=OK; command=OK; rc=OK,OK,OK,OK,OK,50,50,0,-1,0,1863,9174009,1778,0,0,0,0,0,0,0,0,0,0,1778,2,30.7602,960,720,0,0,1,0,OK,0,,0,vision:ffmpeg_stream,,,CONNECTED,0,tof,0,1,1,0,0,0,0,0,0,0,0,0,0,125,250,1,0,0,0,0,0,0,0,486,1292,457,300,11,11,0,0,0,battery?,89,OK,39,7064,7064
,gui,,CONTROL_PANEL,13052,19,0,0,0,0,0,0,0,-1,-1,0,0,0,0,0,0,0,0,0,0,0,0,0,0,,,ERROR,,,,,653,653,0,0,0,8.774,9.8166,30,113,784,350,542,6,2,0,OK,100,1,0,10,188.64,0,88,76,79,1869,9204437,0,0,0,38.1506,14,30,-1,0,0,0,0,0,0,OK,100,OK,100,1,telemetry=OK; video=OK; command=OK; rc=OK,OK,OK,OK,OK,51,50,0,-1,0,1863,9174009,1778,0,0,0,0,0,0,0,0,0,0,1778,2,30.7602,960,720,0,0,1,0,OK,0,,0,log,2026-07-09T12:14:45.096,takeoff confirmed by user,CONNECTED,0,tof,2,1,1,0,0,0,0,0,0,0,0,0,0,124,250,1,0,0,0,0,0,0,0,488,1296,458,300,11,11,0,0,0,battery?,89,OK,39,7248,7248
,gui,,CONTROL_PANEL,13052,20,0,0,0,0,0,0,0,-1,-1,0,0,0,0,0,0,0,0,0,0,0,0,0,0,,,ERROR,,,,,653,653,0,0,0,8.774,9.8166,30,113,784,350,542,6,2,0,OK,100,1,0,10,188.64,0,88,76,79,1869,9204437,0,0,0,38.1506,14,30,-1,0,0,0,0,0,0,OK,100,OK,100,1,telemetry=OK; video=OK; command=OK; rc=OK,OK,OK,OK,OK,51,50,0,-1,0,1863,9174009,1778,0,0,0,0,0,0,0,0,0,0,1778,2,30.7602,960,720,0,0,1,0,OK,0,,0,critical-command:begin:takeoff,,,CONNECTED,0,tof,0,1,1,0,0,0,0,0,0,1,0,0,0,124,250,1,0,0,0,0,0,0,0,488,1296,458,300,11,11,0,0,0,battery?,89,OK,39,7248,7248
,gui,,CONTROL_PANEL,13053,21,0,0,0,0,0,0,0,-1,-1,0,0,0,0,0,0,0,0,0,0,0,0,0,0,,,ERROR,,,,,653,653,0,0,0,8.774,9.8166,31,113,784,350,542,6,2,0,OK,100,1,0,10,188.64,0,88,76,79,1869,9204437,0,0,0,38.1506,15,30,-1,0,0,0,0,0,0,OK,100,OK,100,1,telemetry=OK; video=OK; command=OK; rc=OK,OK,OK,OK,OK,51,50,0,-1,0,1863,9174009,1778,0,0,0,0,0,0,0,0,0,0,1778,2,30.7602,960,720,0,0,1,0,OK,0,,0,log,2026-07-09T12:14:45.098,sdk keepalive remains running; cooperative loop skips ticks while command channel is busy,CONNECTED,0,tof,0,1,1,0,0,0,0,0,0,1,0,0,0,124,250,1,0,0,0,0,0,0,0,488,1296,458,300,11,11,0,0,0,battery?,89,OK,39,7249,7249
,gui,,CONTROL_PANEL,13067,22,0,0,0,0,0,0,0,-1,-1,0,0,0,0,0,0,0,0,0,0,0,0,0,0,,,ERROR,,,,,653,653,0,0,0,8.774,9.8166,45,113,784,350,542,6,2,0,OK,100,1,0,10,188.64,0,88,76,79,1870,9208160,0,0,0,37.7145,1,30,-1,0,0,0,0,0,0,OK,100,OK,100,1,telemetry=OK; video=OK; command=OK,OK,OK,OK,NO_DATA,0,50,0,-1,0,1863,9174009,1778,0,0,0,0,0,0,0,0,0,0,1778,2,30.7602,960,720,0,0,1,0,OK,0,,0,log,2026-07-09T12:14:45.112,rc stream neutralized (takeoff) => OK,CONNECTED,0,tof,0,1,0,0,0,0,0,0,0,1,0,0,0,124,250,1,0,0,0,0,0,0,0,488,1297,458,300,11,11,0,0,0,battery?,89,OK,39,7263,7263
,gui,,CONTROL_PANEL,13067,23,1,1,0,0,0,0,0,13067,0,0,0,0,0,0,0,0,0,0,0,0,0,1,0,rc 0 0 0 0,no_wait,OK,preflight,,no_wait|send=OK,no_wait|command=rc 0 0 0 0|result=OK|attempt_log=[no_wait|send=OK],653,653,0,0,0,8.774,9.8166,45,113,784,350,542,6,2,0,OK,100,1,0,10,188.64,0,88,76,79,1870,9208160,0,0,0,37.7145,1,30,-1,0,0,0,0,0,0,OK,100,OK,100,1,telemetry=OK; video=OK; command=OK,OK,OK,OK,NO_DATA,0,50,0,-1,0,1863,9174009,1778,0,0,0,0,0,0,0,0,0,0,1778,2,30.7602,960,720,0,0,1,0,OK,0,,0,command:preflight,,,CONNECTED,0,tof,0,1,0,0,0,0,0,0,0,1,0,0,0,124,250,1,0,0,0,0,0,0,0,488,1297,458,300,11,11,0,0,0,battery?,89,OK,39,7263,7263
,gui,,CONTROL_PANEL,13068,24,1,1,0,0,0,0,0,13067,1,0,0,0,0,0,0,0,0,0,0,0,0,1,0,rc 0 0 0 0,no_wait,OK,preflight,,no_wait|send=OK,no_wait|command=rc 0 0 0 0|result=OK|attempt_log=[no_wait|send=OK],653,653,0,0,0,8.774,9.8166,46,113,784,350,542,6,2,0,OK,100,1,0,10,188.64,0,88,76,79,1870,9208160,0,0,0,37.7145,2,30,-1,0,0,0,0,0,0,OK,100,OK,100,1,telemetry=OK; video=OK; command=OK,OK,OK,OK,NO_DATA,0,50,0,-1,0,1863,9174009,1778,0,0,0,0,0,0,0,0,0,0,1778,2,30.7602,960,720,0,0,1,0,OK,0,,0,log,2026-07-09T12:14:45.113,takeoff queued on command worker,CONNECTED,0,tof,0,1,0,0,0,0,0,0,0,1,0,0,0,124,250,1,0,0,0,0,0,0,0,488,1297,458,300,11,11,0,0,0,battery?,89,OK,39,7264,7264
,gui,,CONTROL_PANEL,18122,25,1,1,0,0,0,0,0,13067,5055,0,0,0,0,0,0,0,0,0,0,0,0,1,0,rc 0 0 0 0,no_wait,OK,preflight,,no_wait|send=OK,no_wait|command=rc 0 0 0 0|result=OK|attempt_log=[no_wait|send=OK],703,703,0,0,0,25.6793,71.5806,109,38,784,464,695,7,2,0,OK,100,1,100,72,190.05,-1,88,76,79,2010,9785116,0,0,0,66.6963,39,30,-1,0,0,0,0,0,0,OK,100,OK,100,1,telemetry=OK; video=OK; command=OK,OK,OK,OK,NO_DATA,0,50,0,-1,0,1863,9174009,1778,0,0,0,0,0,0,0,0,0,0,1778,2,30.7602,960,720,0,0,1,0,OK,0,,0,log,2026-07-09T12:14:50.159,takeoff => TIMEOUT | telemetry_confirmed(takeoff before_h=0 before_tof=10 after_h=100 after_tof=72 wait_ms=0) | state=CONNECTED,CONNECTED,0,tof,0,1,0,0,0,0,0,1,0,1,0,0,5043,124,5028,1,0,0,0,0,0,0,0,527,1398,458,300,0,0,0,0,0,battery?,,ERROR,0,-1,-1
,gui,,CONTROL_PANEL,18125,26,1,1,0,0,0,0,0,13067,5058,0,0,0,0,0,0,0,0,0,0,0,0,1,0,rc 0 0 0 0,no_wait,OK,preflight,,no_wait|send=OK,no_wait|command=rc 0 0 0 0|result=OK|attempt_log=[no_wait|send=OK],703,703,0,0,0,25.6793,71.5806,112,38,784,464,695,7,2,0,OK,100,1,100,72,190.05,-1,88,76,79,2010,9785116,0,0,0,66.6963,42,30,-1,0,0,0,0,0,0,OK,100,OK,100,1,telemetry=OK; video=OK; command=OK,OK,OK,OK,NO_DATA,0,50,0,-1,0,1863,9174009,1778,0,0,0,0,0,0,0,0,0,0,1778,2,30.7602,960,720,0,0,1,0,OK,0,,0,log,2026-07-09T12:14:50.168,telemetry_confirmed(takeoff before_h=0 before_tof=10 after_h=100 after_tof=72 wait_ms=0),CONNECTED,0,tof,0,1,0,0,0,0,0,1,0,1,0,0,5043,124,5028,1,0,0,0,0,0,0,0,527,1398,458,300,0,0,0,0,0,battery?,,ERROR,0,-1,-1
,gui,,CONTROL_PANEL,18125,27,2,1,1,2521.5,0,5043,5043,18125,0,1,0,1,5043,0,5043,0,5043,0,5043,5043,0,1,0,takeoff,telemetry_confirmed(takeoff before_h=0 before_tof=10 after_h=100 after_tof=72 wait_ms=0),TIMEOUT,manual,Timeout waiting for response,attempt=1|send=OK|raw=|result=TIMEOUT,executor_call=1|command=takeoff|result=TIMEOUT|response=|elapsed_ms=5043|timing_total_ms=5043|recv_wait_ms=5043|attempt_log=[attempt=1|send=OK|raw=|result=TIMEOUT],703,703,0,0,0,25.6793,71.5806,112,38,784,464,695,7,2,0,OK,100,1,100,72,190.05,-1,88,76,79,2010,9785116,0,0,0,66.6963,43,30,-1,0,0,0,0,0,0,OK,100,OK,100,1,telemetry=OK; video=OK; command=OK,OK,OK,OK,NO_DATA,0,50,0,-1,0,1863,9174009,1778,0,0,0,0,0,0,0,0,0,0,1778,2,30.7602,960,720,0,0,1,0,OK,0,,0,command:manual,,,CONNECTED,0,tof,0,1,0,0,0,0,0,1,0,1,0,0,5043,124,5028,1,0,0,0,0,0,0,0,527,1398,458,300,0,0,0,0,0,battery?,,ERROR,0,-1,-1
,gui,,CONTROL_PANEL,18125,28,2,1,1,2521.5,0,5043,5043,18125,0,1,0,1,5043,0,5043,0,5043,0,5043,5043,0,1,0,takeoff,telemetry_confirmed(takeoff before_h=0 before_tof=10 after_h=100 after_tof=72 wait_ms=0),TIMEOUT,manual,Timeout waiting for response,attempt=1|send=OK|raw=|result=TIMEOUT,executor_call=1|command=takeoff|result=TIMEOUT|response=|elapsed_ms=5043|timing_total_ms=5043|recv_wait_ms=5043|attempt_log=[attempt=1|send=OK|raw=|result=TIMEOUT],703,703,0,0,0,25.6793,71.5806,112,38,784,464,695,7,2,0,OK,100,1,100,72,190.05,-1,88,76,79,2010,9785116,0,0,0,66.6963,43,30,-1,0,0,0,0,0,0,OK,100,OK,100,1,telemetry=OK; video=OK; command=OK,OK,OK,OK,NO_DATA,0,50,0,-1,0,1863,9174009,1778,0,0,0,0,0,0,0,0,0,0,1778,2,30.7602,960,720,0,0,1,0,OK,0,,0,critical-command:end:takeoff,,,CONNECTED,0,tof,0,1,0,0,0,0,0,1,0,1,0,0,5043,124,5028,1,0,0,0,0,0,0,0,527,1398,458,300,0,0,0,0,0,battery?,,ERROR,0,-1,-1
,gui,,CONTROL_PANEL,18125,29,2,1,1,2521.5,0,5043,5043,18125,0,1,0,1,5043,0,5043,0,5043,0,5043,5043,0,1,0,takeoff,telemetry_confirmed(takeoff before_h=0 before_tof=10 after_h=100 after_tof=72 wait_ms=0),TIMEOUT,manual,Timeout waiting for response,attempt=1|send=OK|raw=|result=TIMEOUT,executor_call=1|command=takeoff|result=TIMEOUT|response=|elapsed_ms=5043|timing_total_ms=5043|recv_wait_ms=5043|attempt_log=[attempt=1|send=OK|raw=|result=TIMEOUT],703,703,0,0,0,25.6793,71.5806,112,38,784,464,695,7,2,0,OK,100,1,100,72,190.05,-1,88,76,79,2010,9785116,0,0,0,66.6963,43,30,-1,0,0,0,0,0,0,OK,100,OK,100,1,telemetry=OK; video=OK; command=OK,OK,OK,OK,NO_DATA,0,50,0,-1,0,1863,9174009,1778,0,0,0,0,0,0,0,0,0,0,1778,2,30.7602,960,720,0,0,1,0,OK,0,,0,log,2026-07-09T12:14:50.157,sdk keepalive restart (vision) => OK,CONNECTED,0,tof,0,1,0,0,0,0,0,1,0,0,0,0,0,124,5028,1,0,0,0,0,0,0,0,527,1398,458,300,0,0,0,0,0,battery?,,ERROR,0,-1,-1
,gui,,CONTROL_PANEL,18125,30,2,1,1,2521.5,0,5043,5043,18125,0,1,0,1,5043,0,5043,0,5043,0,5043,5043,0,1,0,takeoff,telemetry_confirmed(takeoff before_h=0 before_tof=10 after_h=100 after_tof=72 wait_ms=0),TIMEOUT,manual,Timeout waiting for response,attempt=1|send=OK|raw=|result=TIMEOUT,executor_call=1|command=takeoff|result=TIMEOUT|response=|elapsed_ms=5043|timing_total_ms=5043|recv_wait_ms=5043|attempt_log=[attempt=1|send=OK|raw=|result=TIMEOUT],703,703,0,0,0,25.6793,71.5806,113,38,784,464,695,7,2,0,OK,100,1,100,72,190.05,-1,88,76,79,2010,9785116,0,0,0,66.6963,43,147,-1,0,0,0,0,0,0,OK,100,OK,100,1,telemetry=OK; video=OK; command=OK,OK,OK,OK,NO_DATA,0,50,0,-1,0,2010,9785116,1925,0,0,0,0,0,0,0,0,0,0,1925,2,66.6963,960,720,0,0,1,0,OK,0,,0,vision:ffmpeg_stream,,,CONNECTED,0,tof,0,1,0,0,0,0,0,1,0,0,0,0,0,124,5028,1,0,0,0,0,0,0,0,527,1398,458,300,0,0,0,0,0,battery?,,ERROR,0,-1,-1
,gui,,CONTROL_PANEL,19242,31,2,1,1,2521.5,0,5043,5043,18125,1117,1,0,1,5043,0,5043,0,5043,0,5043,5043,0,1,0,takeoff,telemetry_confirmed(takeoff before_h=0 before_tof=10 after_h=100 after_tof=72 wait_ms=0),TIMEOUT,manual,Timeout waiting for response,attempt=1|send=OK|raw=|result=TIMEOUT,executor_call=1|command=takeoff|result=TIMEOUT|response=|elapsed_ms=5043|timing_total_ms=5043|recv_wait_ms=5043|attempt_log=[attempt=1|send=OK|raw=|result=TIMEOUT],715,715,0,0,0,8.55339,17.6321,37,116,784,464,695,7,2,0,OK,100,1,120,84,189.71,-1,88,76,79,2058,9985023,0,0,0,69.8991,4,48,-1,0,0,0,0,0,0,OK,100,OK,100,1,telemetry=OK; video=OK; command=OK,OK,OK,OK,NO_DATA,0,50,0,-1,0,2058,9985023,1973,0,0,0,0,0,0,0,0,0,0,1973,2,69.8991,960,720,0,0,1,0,OK,0,,0,vision:ffmpeg_stream,,,CONNECTED,0,tof,1,1,0,0,0,0,0,1,0,0,0,0,0,125,250,1,0,0,0,0,0,0,0,537,1436,466,300,0,0,0,0,0,battery?,,ERROR,0,-1,-1
,gui,,CONTROL_PANEL,20105,32,2,1,1,2521.5,0,5043,5043,18125,1980,1,0,1,5043,0,5043,0,5043,0,5043,5043,0,1,0,takeoff,telemetry_confirmed(takeoff before_h=0 before_tof=10 after_h=100 after_tof=72 wait_ms=0),TIMEOUT,manual,Timeout waiting for response,attempt=1|send=OK|raw=|result=TIMEOUT,executor_call=1|command=takeoff|result=TIMEOUT|response=|elapsed_ms=5043|timing_total_ms=5043|recv_wait_ms=5043|attempt_log=[attempt=1|send=OK|raw=|result=TIMEOUT],724,724,0,0,0,10.1718,11.357,46,98,784,464,695,7,2,0,OK,100,1,120,93,189.72,0,88,76,79,2084,10093473,0,0,0,32.0714,15,48,-1,0,0,0,0,0,0,OK,100,OK,100,1,telemetry=OK; video=OK; command=OK; rc=OK,OK,OK,OK,OK,0,50,0,-1,0,2058,9985023,1973,0,0,0,0,0,0,0,0,0,0,1973,2,69.8991,960,720,0,0,1,0,OK,0,,0,log,2026-07-09T12:14:52.150,sdk keepalive paused while keyboard RC worker is active,CONNECTED,0,tof,0,1,1,0,0,0,0,0,0,0,0,0,0,125,249,1,0,0,0,0,0,0,0,544,1455,473,300,0,0,0,0,0,battery?,,ERROR,0,-1,-1
,gui,,CONTROL_PANEL,20108,33,2,1,1,2521.5,0,5043,5043,18125,1983,1,0,1,5043,0,5043,0,5043,0,5043,5043,0,1,0,takeoff,telemetry_confirmed(takeoff before_h=0 before_tof=10 after_h=100 after_tof=72 wait_ms=0),TIMEOUT,manual,Timeout waiting for response,attempt=1|send=OK|raw=|result=TIMEOUT,executor_call=1|command=takeoff|result=TIMEOUT|response=|elapsed_ms=5043|timing_total_ms=5043|recv_wait_ms=5043|attempt_log=[attempt=1|send=OK|raw=|result=TIMEOUT],724,724,0,0,0,10.1718,11.357,48,98,784,464,695,7,2,0,OK,100,1,120,93,189.72,0,88,76,79,2084,10093473,0,0,0,32.0714,17,48,-1,0,0,0,0,0,0,OK,100,BLACKOUT,0,0,telemetry=OK; video=OK; command=OK; rc=BLACKOUT,OK,OK,OK,BLACKOUT,7040,50,1,-1,0,2058,9985023,1973,0,0,0,0,0,0,0,0,0,0,1973,2,69.8991,960,720,0,0,1,0,OK,0,,0,log,2026-07-09T12:14:52.151,keyboard control ON: Default,CONNECTED,0,tof,0,1,1,0,0,0,0,0,0,0,0,0,0,125,249,1,0,0,0,0,0,0,0,544,1455,473,300,0,0,0,0,0,battery?,,ERROR,0,-1,-1
,gui,,CONTROL_PANEL,20108,34,2,1,1,2521.5,0,5043,5043,18125,1983,1,0,1,5043,0,5043,0,5043,0,5043,5043,0,1,0,takeoff,telemetry_confirmed(takeoff before_h=0 before_tof=10 after_h=100 after_tof=72 wait_ms=0),TIMEOUT,manual,Timeout waiting for response,attempt=1|send=OK|raw=|result=TIMEOUT,executor_call=1|command=takeoff|result=TIMEOUT|response=|elapsed_ms=5043|timing_total_ms=5043|recv_wait_ms=5043|attempt_log=[attempt=1|send=OK|raw=|result=TIMEOUT],724,724,0,0,0,10.1718,11.357,48,98,784,464,695,7,2,0,OK,100,1,120,93,189.72,0,88,76,79,2084,10093473,0,0,0,32.0714,17,48,-1,0,0,0,0,0,0,OK,100,BLACKOUT,0,0,telemetry=OK; video=OK; command=OK; rc=BLACKOUT,OK,OK,OK,BLACKOUT,7040,50,1,-1,0,2058,9985023,1973,0,0,0,0,0,0,0,0,0,0,1973,2,69.8991,960,720,0,0,1,0,OK,0,,0,keyboard-control:on:Default,,,CONNECTED,0,tof,0,1,1,0,0,0,0,0,0,0,0,0,0,125,249,1,0,0,0,0,0,0,0,544,1455,473,300,0,0,0,0,0,battery?,,ERROR,0,-1,-1
,gui,,CONTROL_PANEL,20367,35,2,1,1,2521.5,0,5043,5043,18125,2242,1,0,1,5043,0,5043,0,5043,0,5043,5043,0,1,0,takeoff,telemetry_confirmed(takeoff before_h=0 before_tof=10 after_h=100 after_tof=72 wait_ms=0),TIMEOUT,manual,Timeout waiting for response,attempt=1|send=OK|raw=|result=TIMEOUT,executor_call=1|command=takeoff|result=TIMEOUT|response=|elapsed_ms=5043|timing_total_ms=5043|recv_wait_ms=5043|attempt_log=[attempt=1|send=OK|raw=|result=TIMEOUT],727,727,0,0,0,9.93558,10.6909,8,100,784,464,695,7,2,0,OK,100,1,130,95,190.19,0,88,76,79,2092,10126844,0,0,0,31.1362,16,34,-1,0,0,0,0,0,0,OK,100,OK,100,1,telemetry=OK; video=OK; command=OK; rc=OK,OK,OK,OK,OK,50,50,1,-1,0,2092,10126844,2007,0,0,0,0,0,0,0,0,0,0,2007,2,31.1362,960,720,0,0,1,0,OK,0,,0,vision:ffmpeg_stream,,,CONNECTED,0,tof,1,1,1,0,0,0,0,0,0,0,0,0,0,125,250,1,0,0,0,0,0,0,0,546,1461,475,300,0,0,0,0,0,battery?,,ERROR,0,-1,-1
,gui,,CONTROL_PANEL,21492,36,2,1,1,2521.5,0,5043,5043,18125,3367,1,0,1,5043,0,5043,0,5043,0,5043,5043,0,1,0,takeoff,telemetry_confirmed(takeoff before_h=0 before_tof=10 after_h=100 after_tof=72 wait_ms=0),TIMEOUT,manual,Timeout waiting for response,attempt=1|send=OK|raw=|result=TIMEOUT,executor_call=1|command=takeoff|result=TIMEOUT|response=|elapsed_ms=5043|timing_total_ms=5043|recv_wait_ms=5043|attempt_log=[attempt=1|send=OK|raw=|result=TIMEOUT],738,738,0,0,0,9.75198,10.6366,61,102,784,464,695,7,2,0,OK,100,1,130,99,189.89,0,88,77,80,2126,10268597,0,0,0,30.6322,6,34,-1,0,0,0,0,0,0,OK,100,OK,100,1,telemetry=OK; video=OK; command=OK; rc=OK,OK,OK,OK,OK,51,50,1,-1,0,2126,10268597,2041,0,0,0,0,0,0,0,0,0,0,2041,2,30.6322,960,720,0,0,1,0,OK,0,,0,vision:ffmpeg_stream,,,CONNECTED,0,tof,1,1,1,0,0,0,0,0,0,0,0,0,0,125,250,1,0,0,0,0,0,0,0,555,1486,484,300,0,0,0,0,0,battery?,,ERROR,0,-1,-1
,gui,,CONTROL_PANEL,22492,37,2,1,1,2521.5,0,5043,5043,18125,4367,1,0,1,5043,0,5043,0,5043,0,5043,5043,0,1,0,takeoff,telemetry_confirmed(takeoff before_h=0 before_tof=10 after_h=100 after_tof=72 wait_ms=0),TIMEOUT,manual,Timeout waiting for response,attempt=1|send=OK|raw=|result=TIMEOUT,executor_call=1|command=takeoff|result=TIMEOUT|response=|elapsed_ms=5043|timing_total_ms=5043|recv_wait_ms=5043|attempt_log=[attempt=1|send=OK|raw=|result=TIMEOUT],748,748,0,0,0,9.2698,9.7712,31,107,784,464,695,7,2,0,OK,100,1,130,102,189.56,0,87,77,79,2156,10393749,0,0,0,30.287,34,30,-1,0,0,0,0,0,0,OK,100,OK,100,1,telemetry=OK; video=OK; command=OK; rc=OK,OK,OK,OK,OK,50,50,1,-1,0,2156,10393749,2070,0,0,0,0,0,0,0,0,0,0,2070,2,30.287,960,720,0,0,1,0,OK,0,,0,vision:ffmpeg_stream,,,CONNECTED,0,tof,2,1,1,0,0,0,0,0,0,0,0,0,0,125,249,1,0,0,0,0,0,0,0,564,1506,492,300,0,0,0,0,0,battery?,,ERROR,0,-1,-1
,gui,,CONTROL_PANEL,23492,38,2,1,1,2521.5,0,5043,5043,18125,5367,1,0,1,5043,0,5043,0,5043,0,5043,5043,0,1,0,takeoff,telemetry_confirmed(takeoff before_h=0 before_tof=10 after_h=100 after_tof=72 wait_ms=0),TIMEOUT,manual,Timeout waiting for response,attempt=1|send=OK|raw=|result=TIMEOUT,executor_call=1|command=takeoff|result=TIMEOUT|response=|elapsed_ms=5043|timing_total_ms=5043|recv_wait_ms=5043|attempt_log=[attempt=1|send=OK|raw=|result=TIMEOUT],758,758,0,0,0,9.75743,10.1881,11,102,784,464,695,7,2,0,OK,100,1,130,98,190.28,0,87,77,79,2185,10514287,0,0,0,31.3868,30,29,-1,0,0,0,0,0,0,OK,100,OK,100,1,telemetry=OK; video=OK; command=OK; rc=OK,OK,OK,OK,OK,51,50,1,-1,0,2185,10514287,2100,0,0,0,0,0,0,0,0,0,0,2100,2,31.3868,960,720,0,0,1,0,OK,0,,0,vision:ffmpeg_stream,,,CONNECTED,0,tof,2,1,1,0,0,0,0,0,0,0,0,0,0,125,250,1,0,0,0,0,0,0,0,573,1527,500,300,0,0,0,0,0,battery?,,ERROR,0,-1,-1
,gui,,CONTROL_PANEL,24617,39,2,1,1,2521.5,0,5043,5043,18125,6492,1,0,1,5043,0,5043,0,5043,0,5043,5043,0,1,0,takeoff,telemetry_confirmed(takeoff before_h=0 before_tof=10 after_h=100 after_tof=72 wait_ms=0),TIMEOUT,manual,Timeout waiting for response,attempt=1|send=OK|raw=|result=TIMEOUT,executor_call=1|command=takeoff|result=TIMEOUT|response=|elapsed_ms=5043|timing_total_ms=5043|recv_wait_ms=5043|attempt_log=[attempt=1|send=OK|raw=|result=TIMEOUT],769,769,0,0,0,20.0359,11.8658,59,49,784,464,695,7,2,0,OK,100,1,130,92,190.07,0,86,76,79,2219,10654566,0,0,0,29.8562,13,34,-1,0,0,0,0,0,0,OK,100,OK,100,1,telemetry=OK; video=OK; command=OK; rc=OK,OK,OK,OK,OK,50,50,1,-1,0,2219,10654566,2134,0,0,0,0,0,0,0,0,0,0,2134,2,29.8562,960,720,0,0,1,0,OK,0,,0,vision:ffmpeg_stream,,,CONNECTED,0,tof,0,1,1,0,0,0,0,0,0,0,0,0,0,124,249,1,0,0,0,1,0,0,0,583,1551,509,300,0,0,0,0,0,battery?,,ERROR,0,-1,-1
,gui,,CONTROL_PANEL,25742,40,2,1,1,2521.5,0,5043,5043,18125,7617,1,0,1,5043,0,5043,0,5043,0,5043,5043,0,1,0,takeoff,telemetry_confirmed(takeoff before_h=0 before_tof=10 after_h=100 after_tof=72 wait_ms=0),TIMEOUT,manual,Timeout waiting for response,attempt=1|send=OK|raw=|result=TIMEOUT,executor_call=1|command=takeoff|result=TIMEOUT|response=|elapsed_ms=5043|timing_total_ms=5043|recv_wait_ms=5043|attempt_log=[attempt=1|send=OK|raw=|result=TIMEOUT],780,780,0,0,0,10.4908,10.4601,57,95,784,464,695,7,2,0,OK,100,1,120,92,190.07,0,85,76,79,2253,10796219,0,0,0,30.3925,3,34,-1,0,0,0,0,0,0,OK,100,OK,100,1,telemetry=OK; video=OK; command=OK; rc=OK,OK,OK,OK,OK,50,50,1,-1,0,2253,10796219,2168,0,0,0,0,0,0,0,0,0,0,2168,2,30.3925,960,720,0,0,1,0,OK,0,,0,vision:ffmpeg_stream,,,CONNECTED,0,tof,1,1,1,0,0,0,0,0,0,0,0,0,0,124,250,1,0,0,0,0,0,0,0,593,1575,518,300,0,0,0,0,0,battery?,,ERROR,0,-1,-1
,gui,,CONTROL_PANEL,26867,41,2,1,1,2521.5,0,5043,5043,18125,8742,1,0,1,5043,0,5043,0,5043,0,5043,5043,0,1,0,takeoff,telemetry_confirmed(takeoff before_h=0 before_tof=10 after_h=100 after_tof=72 wait_ms=0),TIMEOUT,manual,Timeout waiting for response,attempt=1|send=OK|raw=|result=TIMEOUT,executor_call=1|command=takeoff|result=TIMEOUT|response=|elapsed_ms=5043|timing_total_ms=5043|recv_wait_ms=5043|attempt_log=[attempt=1|send=OK|raw=|result=TIMEOUT],791,791,0,0,0,10.1878,10.0725,85,98,784,464,695,7,2,0,OK,100,1,130,98,189.98,0,85,76,78,2288,10942231,0,0,0,39.5086,14,35,-1,0,0,0,0,0,0,OK,100,OK,100,1,telemetry=OK; video=OK; command=OK; rc=OK,OK,OK,OK,OK,50,50,1,-1,0,2288,10942231,2203,0,0,0,0,0,0,0,0,0,0,2203,2,39.5086,960,720,0,0,1,0,OK,0,,0,vision:ffmpeg_stream,,,CONNECTED,0,tof,0,1,1,0,-20,0,0,0,0,0,0,0,0,125,249,1,0,0,0,1,0,0,0,602,1601,527,300,0,0,0,0,0,battery?,,ERROR,0,-1,-1
,gui,,CONTROL_PANEL,27991,42,2,1,1,2521.5,0,5043,5043,18125,9866,1,0,1,5043,0,5043,0,5043,0,5043,5043,0,1,0,takeoff,telemetry_confirmed(takeoff before_h=0 before_tof=10 after_h=100 after_tof=72 wait_ms=0),TIMEOUT,manual,Timeout waiting for response,attempt=1|send=OK|raw=|result=TIMEOUT,executor_call=1|command=takeoff|result=TIMEOUT|response=|elapsed_ms=5043|timing_total_ms=5043|recv_wait_ms=5043|attempt_log=[attempt=1|send=OK|raw=|result=TIMEOUT],801,801,0,0,0,3.39934,8.87593,29,294,784,464,695,7,2,0,OK,100,1,130,101,190.21,0,84,76,79,2316,11058997,0,0,0,22.7735,17,28,-1,0,0,0,0,0,0,OK,100,OK,100,1,telemetry=OK; video=OK; command=OK; rc=OK,OK,OK,OK,OK,50,50,1,408,0,2316,11058997,2231,0,0,0,0,0,0,0,0,0,0,2231,2,22.7735,960,720,0,0,1,0,OK,0,,0,vision:ffmpeg_stream,,,CONNECTED,0,tof,1,1,1,0,0,0,0,0,0,0,0,0,0,124,249,1,0,0,0,0,0,0,0,610,1621,535,300,0,0,0,0,0,battery?,,ERROR,0,-1,-1
,gui,,CONTROL_PANEL,28992,43,2,1,1,2521.5,0,5043,5043,18125,10867,1,0,1,5043,0,5043,0,5043,0,5043,5043,0,1,0,takeoff,telemetry_confirmed(takeoff before_h=0 before_tof=10 after_h=100 after_tof=72 wait_ms=0),TIMEOUT,manual,Timeout waiting for response,attempt=1|send=OK|raw=|result=TIMEOUT,executor_call=1|command=takeoff|result=TIMEOUT|response=|elapsed_ms=5043|timing_total_ms=5043|recv_wait_ms=5043|attempt_log=[attempt=1|send=OK|raw=|result=TIMEOUT],812,812,0,0,0,16.2739,29.2836,57,61,784,464,695,7,2,0,OK,100,1,130,99,189.85,0,84,76,79,2346,11183753,0,0,0,49.1347,33,30,-1,0,0,0,0,0,0,OK,100,OK,100,1,telemetry=OK; video=OK; command=OK; rc=OK,OK,OK,OK,OK,50,50,1,5,0,2346,11183753,2261,0,0,0,0,0,0,0,0,0,0,2261,2,49.1347,960,720,0,0,1,0,OK,0,,0,vision:ffmpeg_stream,,,CONNECTED,0,tof,2,1,1,0,-20,0,0,0,0,0,0,0,0,124,250,1,0,0,0,0,0,0,0,618,1643,543,300,0,0,0,0,0,battery?,,ERROR,0,-1,-1
,gui,,CONTROL_PANEL,29992,44,2,1,1,2521.5,0,5043,5043,18125,11867,1,0,1,5043,0,5043,0,5043,0,5043,5043,0,1,0,takeoff,telemetry_confirmed(takeoff before_h=0 before_tof=10 after_h=100 after_tof=72 wait_ms=0),TIMEOUT,manual,Timeout waiting for response,attempt=1|send=OK|raw=|result=TIMEOUT,executor_call=1|command=takeoff|result=TIMEOUT|response=|elapsed_ms=5043|timing_total_ms=5043|recv_wait_ms=5043|attempt_log=[attempt=1|send=OK|raw=|result=TIMEOUT],824,824,0,0,0,10.2637,12.1841,3,97,784,464,695,7,2,0,OK,100,1,130,93,189.93,1,83,76,78,2385,11346284,0,0,0,34.0853,31,39,-1,0,0,0,0,0,0,OK,100,OK,100,1,telemetry=OK; video=OK; command=OK; rc=OK,OK,OK,OK,OK,50,50,1,3,0,2385,11346284,2299,0,0,0,0,0,0,0,0,0,0,2299,2,34.0853,960,720,0,0,1,0,OK,0,,0,vision:ffmpeg_stream,,,CONNECTED,0,tof,2,1,1,0,0,-20,0,0,0,0,0,0,0,125,250,1,0,0,0,0,0,0,0,627,1672,551,300,0,0,0,0,0,battery?,,ERROR,0,-1,-1
,gui,,CONTROL_PANEL,31117,45,2,1,1,2521.5,0,5043,5043,18125,12992,1,0,1,5043,0,5043,0,5043,0,5043,5043,0,1,0,takeoff,telemetry_confirmed(takeoff before_h=0 before_tof=10 after_h=100 after_tof=72 wait_ms=0),TIMEOUT,manual,Timeout waiting for response,attempt=1|send=OK|raw=|result=TIMEOUT,executor_call=1|command=takeoff|result=TIMEOUT|response=|elapsed_ms=5043|timing_total_ms=5043|recv_wait_ms=5043|attempt_log=[attempt=1|send=OK|raw=|result=TIMEOUT],836,836,0,0,0,11.8389,11.5572,2,84,784,464,695,7,2,0,OK,100,1,120,84,189.98,0,83,76,79,2420,11491057,0,0,0,33.514,5,35,-1,0,0,0,0,0,0,OK,100,OK,100,1,telemetry=OK; video=OK; command=OK; rc=OK,OK,OK,OK,OK,50,50,1,25,0,2420,11491057,2335,0,0,0,0,0,0,0,0,0,0,2335,2,33.514,960,720,0,0,1,0,OK,0,,0,vision:ffmpeg_stream,,,CONNECTED,0,tof,1,1,1,0,0,-20,0,0,0,0,0,0,0,124,250,1,0,0,0,0,0,0,0,636,1699,560,300,0,0,0,0,0,battery?,,ERROR,0,-1,-1
,gui,,CONTROL_PANEL,32117,46,2,1,1,2521.5,0,5043,5043,18125,13992,1,0,1,5043,0,5043,0,5043,0,5043,5043,0,1,0,takeoff,telemetry_confirmed(takeoff before_h=0 before_tof=10 after_h=100 after_tof=72 wait_ms=0),TIMEOUT,manual,Timeout waiting for response,attempt=1|send=OK|raw=|result=TIMEOUT,executor_call=1|command=takeoff|result=TIMEOUT|response=|elapsed_ms=5043|timing_total_ms=5043|recv_wait_ms=5043|attempt_log=[attempt=1|send=OK|raw=|result=TIMEOUT],846,846,0,0,0,10.2469,11.2282,29,97,784,464,695,7,2,0,OK,100,1,110,87,189.78,0,82,76,78,2451,11621287,0,0,0,31.5306,17,31,-1,0,0,0,0,0,0,OK,100,OK,100,1,telemetry=OK; video=OK; command=OK; rc=OK,OK,OK,OK,OK,50,50,1,23,0,2451,11621287,2366,0,0,0,0,0,0,0,0,0,0,2366,2,31.5306,960,720,0,0,1,0,OK,0,,0,vision:ffmpeg_stream,,,CONNECTED,0,tof,0,1,1,-20,0,0,0,0,0,0,0,0,0,124,249,1,0,0,0,0,0,0,0,644,1722,568,300,0,0,0,0,0,battery?,,ERROR,0,-1,-1
,gui,,CONTROL_PANEL,33117,47,2,1,1,2521.5,0,5043,5043,18125,14992,1,0,1,5043,0,5043,0,5043,0,5043,5043,0,1,0,takeoff,telemetry_confirmed(takeoff before_h=0 before_tof=10 after_h=100 after_tof=72 wait_ms=0),TIMEOUT,manual,Timeout waiting for response,attempt=1|send=OK|raw=|result=TIMEOUT,executor_call=1|command=takeoff|result=TIMEOUT|response=|elapsed_ms=5043|timing_total_ms=5043|recv_wait_ms=5043|attempt_log=[attempt=1|send=OK|raw=|result=TIMEOUT],856,856,0,0,0,10.1655,10.393,52,98,784,464,695,7,2,0,OK,100,1,120,95,189.99,0,82,76,79,2483,11754808,0,0,0,31.9556,1,32,-1,0,0,0,0,0,0,OK,100,OK,100,1,telemetry=OK; video=OK; command=OK; rc=OK,OK,OK,OK,OK,50,50,1,21,0,2483,11754808,2398,0,0,0,0,0,0,0,0,0,0,2398,2,31.9556,960,720,0,0,1,0,OK,0,,0,vision:ffmpeg_stream,,,CONNECTED,0,tof,0,1,1,0,0,-20,0,0,0,0,0,0,0,124,249,1,0,0,0,1,0,0,0,653,1745,576,300,0,0,0,0,0,battery?,,ERROR,0,-1,-1
,gui,,CONTROL_PANEL,34117,48,2,1,1,2521.5,0,5043,5043,18125,15992,1,0,1,5043,0,5043,0,5043,0,5043,5043,0,1,0,takeoff,telemetry_confirmed(takeoff before_h=0 before_tof=10 after_h=100 after_tof=72 wait_ms=0),TIMEOUT,manual,Timeout waiting for response,attempt=1|send=OK|raw=|result=TIMEOUT,executor_call=1|command=takeoff|result=TIMEOUT|response=|elapsed_ms=5043|timing_total_ms=5043|recv_wait_ms=5043|attempt_log=[attempt=1|send=OK|raw=|result=TIMEOUT],866,866,0,0,0,10.7649,10.2535,74,92,784,464,695,7,2,0,OK,100,1,120,94,189.55,0,81,76,78,2513,11879936,0,0,0,29.545,24,30,-1,0,0,0,0,0,0,OK,100,OK,100,1,telemetry=OK; video=OK; command=OK; rc=OK,OK,OK,OK,OK,50,50,1,20,0,2513,11879936,2428,0,0,0,0,0,0,0,0,0,0,2428,2,29.545,960,720,0,0,1,0,OK,0,,0,vision:ffmpeg_stream,,,CONNECTED,0,tof,0,1,1,0,-20,0,0,0,0,0,0,0,0,125,250,1,0,0,0,0,0,0,0,660,1768,583,300,0,0,0,0,0,battery?,,ERROR,0,-1,-1
,gui,,CONTROL_PANEL,35242,49,2,1,1,2521.5,0,5043,5043,18125,17117,1,0,1,5043,0,5043,0,5043,0,5043,5043,0,1,0,takeoff,telemetry_confirmed(takeoff before_h=0 before_tof=10 after_h=100 after_tof=72 wait_ms=0),TIMEOUT,manual,Timeout waiting for response,attempt=1|send=OK|raw=|result=TIMEOUT,executor_call=1|command=takeoff|result=TIMEOUT|response=|elapsed_ms=5043|timing_total_ms=5043|recv_wait_ms=5043|attempt_log=[attempt=1|send=OK|raw=|result=TIMEOUT],878,878,0,0,0,10.4326,11.915,81,95,784,464,695,7,2,0,OK,100,1,120,93,189.69,0,81,76,79,2549,12029862,0,0,0,33.9113,18,36,-1,0,0,0,0,0,0,OK,100,OK,100,1,telemetry=OK; video=OK; command=OK; rc=OK,OK,OK,OK,OK,50,50,1,42,0,2549,12029862,2464,0,0,0,0,0,0,0,0,0,0,2464,2,33.9113,960,720,0,0,1,0,OK,0,,0,vision:ffmpeg_stream,,,CONNECTED,0,tof,1,1,1,0,0,-20,0,0,0,0,0,0,0,125,249,1,0,0,0,1,0,0,0,670,1794,592,300,0,0,0,0,0,battery?,,ERROR,0,-1,-1
,gui,,CONTROL_PANEL,36367,50,2,1,1,2521.5,0,5043,5043,18125,18242,1,0,1,5043,0,5043,0,5043,0,5043,5043,0,1,0,takeoff,telemetry_confirmed(takeoff before_h=0 before_tof=10 after_h=100 after_tof=72 wait_ms=0),TIMEOUT,manual,Timeout waiting for response,attempt=1|send=OK|raw=|result=TIMEOUT,executor_call=1|command=takeoff|result=TIMEOUT|response=|elapsed_ms=5043|timing_total_ms=5043|recv_wait_ms=5043|attempt_log=[attempt=1|send=OK|raw=|result=TIMEOUT],890,890,0,0,0,10.2534,10.3732,36,97,784,464,695,7,2,0,OK,100,1,110,84,189.6,0,80,77,78,2584,12174944,0,0,0,32.2948,31,35,-1,0,0,0,0,0,0,OK,100,OK,100,1,telemetry=OK; video=OK; command=OK; rc=OK,OK,OK,OK,OK,50,50,1,15,0,2584,12174944,2499,0,0,0,0,0,0,0,0,0,0,2499,2,32.2948,960,720,0,0,1,0,OK,0,,0,vision:ffmpeg_stream,,,CONNECTED,0,tof,0,1,1,-20,0,-20,0,0,0,0,0,0,0,125,250,1,0,0,0,1,0,0,0,678,1821,601,300,0,0,0,0,0,battery?,,ERROR,0,-1,-1
,gui,,CONTROL_PANEL,37367,51,2,1,1,2521.5,0,5043,5043,18125,19242,1,0,1,5043,0,5043,0,5043,0,5043,5043,0,1,0,takeoff,telemetry_confirmed(takeoff before_h=0 before_tof=10 after_h=100 after_tof=72 wait_ms=0),TIMEOUT,manual,Timeout waiting for response,attempt=1|send=OK|raw=|result=TIMEOUT,executor_call=1|command=takeoff|result=TIMEOUT|response=|elapsed_ms=5043|timing_total_ms=5043|recv_wait_ms=5043|attempt_log=[attempt=1|send=OK|raw=|result=TIMEOUT],900,900,0,0,0,10.5648,11.0002,80,94,784,464,695,7,2,0,OK,100,1,100,75,189.84,1,79,76,78,2617,12312868,0,0,0,33.1747,1,33,-1,0,0,0,0,0,0,OK,100,OK,100,1,telemetry=OK; video=OK; command=OK; rc=OK,OK,OK,OK,OK,50,50,1,13,0,2617,12312868,2532,0,0,0,0,0,0,0,0,0,0,2532,2,33.1747,960,720,0,0,1,0,OK,0,,0,vision:ffmpeg_stream,,,CONNECTED,0,tof,0,1,1,-20,0,0,0,0,0,0,0,0,0,125,250,1,0,0,0,1,0,0,0,687,1845,608,300,0,0,0,0,0,battery?,,ERROR,0,-1,-1
,gui,,CONTROL_PANEL,38491,52,2,1,1,2521.5,0,5043,5043,18125,20366,1,0,1,5043,0,5043,0,5043,0,5043,5043,0,1,0,takeoff,telemetry_confirmed(takeoff before_h=0 before_tof=10 after_h=100 after_tof=72 wait_ms=0),TIMEOUT,manual,Timeout waiting for response,attempt=1|send=OK|raw=|result=TIMEOUT,executor_call=1|command=takeoff|result=TIMEOUT|response=|elapsed_ms=5043|timing_total_ms=5043|recv_wait_ms=5043|attempt_log=[attempt=1|send=OK|raw=|result=TIMEOUT],910,910,0,0,0,9.71369,10.9045,241,102,784,464,695,7,2,0,DEGRADED,60,1,90,68,190.05,0,79,76,78,2647,12437469,0,0,0,33.8626,196,30,-1,0,0,0,0,0,0,OK,100,DEGRADED,60,1,telemetry=DEGRADED; video=OK; command=OK; rc=OK,DEGRADED,OK,OK,OK,50,50,1,34,0,2647,12437469,2562,0,0,0,0,0,0,0,0,0,0,2562,2,33.8626,960,720,0,0,1,0,OK,0,,0,vision:ffmpeg_stream,,,CONNECTED,0,tof,0,1,1,-20,0,0,0,0,0,0,0,0,0,124,249,0,0,0,0,1,0,0,0,694,1868,616,300,0,0,0,0,0,battery?,,ERROR,0,-1,-1
,gui,,CONTROL_PANEL,39492,53,2,1,1,2521.5,0,5043,5043,18125,21367,1,0,1,5043,0,5043,0,5043,0,5043,5043,0,1,0,takeoff,telemetry_confirmed(takeoff before_h=0 before_tof=10 after_h=100 after_tof=72 wait_ms=0),TIMEOUT,manual,Timeout waiting for response,attempt=1|send=OK|raw=|result=TIMEOUT,executor_call=1|command=takeoff|result=TIMEOUT|response=|elapsed_ms=5043|timing_total_ms=5043|recv_wait_ms=5043|attempt_log=[attempt=1|send=OK|raw=|result=TIMEOUT],923,923,0,0,0,11.0798,61.8069,42,90,784,605,911,8,3,0,OK,100,1,100,72,189.78,0,78,76,79,2684,12591817,0,0,0,34.4136,20,37,-1,0,0,0,0,0,0,OK,100,OK,100,1,telemetry=OK; video=OK; command=OK; rc=OK,OK,OK,OK,OK,50,50,1,32,0,2684,12591817,2571,0,0,0,0,0,0,0,0,0,0,2571,2,34.4136,960,720,0,0,1,0,OK,0,,0,vision:ffmpeg_stream,,,CONNECTED,0,tof,2,1,1,0,-20,-20,0,0,0,0,0,0,0,125,249,1,0,0,0,1,0,0,0,698,1873,619,300,0,0,0,0,0,battery?,,ERROR,0,-1,-1
,gui,,CONTROL_PANEL,40492,54,2,1,1,2521.5,0,5043,5043,18125,22367,1,0,1,5043,0,5043,0,5043,0,5043,5043,0,1,0,takeoff,telemetry_confirmed(takeoff before_h=0 before_tof=10 after_h=100 after_tof=72 wait_ms=0),TIMEOUT,manual,Timeout waiting for response,attempt=1|send=OK|raw=|result=TIMEOUT,executor_call=1|command=takeoff|result=TIMEOUT|response=|elapsed_ms=5043|timing_total_ms=5043|recv_wait_ms=5043|attempt_log=[attempt=1|send=OK|raw=|result=TIMEOUT],934,934,0,0,0,10.5835,15.5526,47,94,784,605,911,8,3,0,OK,100,1,90,66,189.87,0,78,76,79,2716,12725554,0,0,0,32.6592,29,32,-1,0,0,0,0,0,0,OK,100,OK,100,1,telemetry=OK; video=OK; command=OK; rc=OK,OK,OK,OK,OK,50,50,1,30,0,2716,12725554,2603,0,0,0,0,0,0,0,0,0,0,2603,2,32.6592,960,720,0,0,1,0,OK,0,,0,vision:ffmpeg_stream,,,CONNECTED,0,tof,2,1,1,0,-20,0,0,0,0,0,0,0,0,125,250,1,0,0,0,1,0,0,0,706,1897,627,300,0,0,0,0,0,battery?,,ERROR,0,-1,-1
,gui,,CONTROL_PANEL,41617,55,2,1,1,2521.5,0,5043,5043,18125,23492,1,0,1,5043,0,5043,0,5043,0,5043,5043,0,1,0,takeoff,telemetry_confirmed(takeoff before_h=0 before_tof=10 after_h=100 after_tof=72 wait_ms=0),TIMEOUT,manual,Timeout waiting for response,attempt=1|send=OK|raw=|result=TIMEOUT,executor_call=1|command=takeoff|result=TIMEOUT|response=|elapsed_ms=5043|timing_total_ms=5043|recv_wait_ms=5043|attempt_log=[attempt=1|send=OK|raw=|result=TIMEOUT],944,944,0,0,0,10.3314,14.7137,217,96,784,605,911,8,3,0,DEGRADED,60,1,90,75,189.78,0,77,77,80,2748,12858931,0,0,0,28.2304,18,32,-1,0,0,0,0,0,0,OK,100,DEGRADED,60,1,telemetry=DEGRADED; video=OK; command=OK; rc=OK,DEGRADED,OK,OK,OK,50,50,1,2,0,2748,12858931,2635,0,0,0,0,0,0,0,0,0,0,2635,2,28.2304,960,720,0,0,1,0,OK,0,,0,vision:ffmpeg_stream,,,CONNECTED,0,tof,0,1,1,0,-20,0,0,0,0,0,0,0,0,125,249,1,0,0,0,1,0,0,0,715,1920,636,300,0,0,0,0,0,battery?,,ERROR,0,-1,-1
,gui,,CONTROL_PANEL,42742,56,2,1,1,2521.5,0,5043,5043,18125,24617,1,0,1,5043,0,5043,0,5043,0,5043,5043,0,1,0,takeoff,telemetry_confirmed(takeoff before_h=0 before_tof=10 after_h=100 after_tof=72 wait_ms=0),TIMEOUT,manual,Timeout waiting for response,attempt=1|send=OK|raw=|result=TIMEOUT,executor_call=1|command=takeoff|result=TIMEOUT|response=|elapsed_ms=5043|timing_total_ms=5043|recv_wait_ms=5043|attempt_log=[attempt=1|send=OK|raw=|result=TIMEOUT],958,958,0,0,0,10.5538,12.3752,57,94,784,605,911,8,3,0,OK,100,1,100,77,189.66,0,76,76,79,2789,13029702,0,0,0,32.5956,20,41,-1,0,0,0,0,0,0,OK,100,OK,100,1,telemetry=OK; video=OK; command=OK; rc=OK,OK,OK,OK,OK,50,50,1,427,0,2789,13029702,2676,0,0,0,0,0,0,0,0,0,0,2676,2,32.5956,960,720,0,0,1,0,OK,0,,0,vision:ffmpeg_stream,,,CONNECTED,0,tof,1,1,1,0,0,0,0,0,0,0,0,0,0,125,249,1,0,0,0,1,0,0,0,724,1952,645,300,0,0,0,0,0,battery?,,ERROR,0,-1,-1
,gui,,CONTROL_PANEL,43866,57,2,1,1,2521.5,0,5043,5043,18125,25741,1,0,1,5043,0,5043,0,5043,0,5043,5043,0,1,0,takeoff,telemetry_confirmed(takeoff before_h=0 before_tof=10 after_h=100 after_tof=72 wait_ms=0),TIMEOUT,manual,Timeout waiting for response,attempt=1|send=OK|raw=|result=TIMEOUT,executor_call=1|command=takeoff|result=TIMEOUT|response=|elapsed_ms=5043|timing_total_ms=5043|recv_wait_ms=5043|attempt_log=[attempt=1|send=OK|raw=|result=TIMEOUT],970,970,0,0,0,10.1071,10.8021,12,98,784,605,911,8,3,0,OK,100,1,100,74,189.91,0,76,76,79,2825,13179150,0,0,0,32.5205,30,36,-1,0,0,0,0,0,0,OK,100,OK,100,1,telemetry=OK; video=OK; command=OK; rc=OK,OK,OK,OK,OK,50,50,1,1551,0,2825,13179150,2711,0,0,0,0,0,0,0,0,0,0,2711,2,32.5205,960,720,0,0,1,0,OK,0,,0,vision:ffmpeg_stream,,,CONNECTED,0,tof,1,1,1,0,0,0,0,0,0,0,0,0,0,124,250,1,0,0,0,1,0,0,0,733,1978,654,300,0,0,0,0,0,battery?,,ERROR,0,-1,-1
,gui,,CONTROL_PANEL,44867,58,2,1,1,2521.5,0,5043,5043,18125,26742,1,0,1,5043,0,5043,0,5043,0,5043,5043,0,1,0,takeoff,telemetry_confirmed(takeoff before_h=0 before_tof=10 after_h=100 after_tof=72 wait_ms=0),TIMEOUT,manual,Timeout waiting for response,attempt=1|send=OK|raw=|result=TIMEOUT,executor_call=1|command=takeoff|result=TIMEOUT|response=|elapsed_ms=5043|timing_total_ms=5043|recv_wait_ms=5043|attempt_log=[attempt=1|send=OK|raw=|result=TIMEOUT],980,980,0,0,0,10.4687,10.3559,21,95,784,605,911,8,3,0,OK,100,1,100,74,189.66,0,75,76,79,2855,13304892,0,0,0,31.0516,25,30,-1,0,0,0,0,0,0,OK,100,OK,100,1,telemetry=OK; video=OK; command=OK; rc=OK,OK,OK,OK,OK,50,50,1,2551,0,2855,13304892,2742,0,0,0,0,0,0,0,0,0,0,2742,2,31.0516,960,720,0,0,1,0,OK,0,,0,vision:ffmpeg_stream,,,CONNECTED,0,tof,1,1,1,0,0,0,0,0,0,0,0,0,0,124,250,1,0,0,0,1,0,0,0,741,2001,662,300,0,0,0,0,0,battery?,,ERROR,0,-1,-1
,gui,,CONTROL_PANEL,45867,59,2,1,1,2521.5,0,5043,5043,18125,27742,1,0,1,5043,0,5043,0,5043,0,5043,5043,0,1,0,takeoff,telemetry_confirmed(takeoff before_h=0 before_tof=10 after_h=100 after_tof=72 wait_ms=0),TIMEOUT,manual,Timeout waiting for response,attempt=1|send=OK|raw=|result=TIMEOUT,executor_call=1|command=takeoff|result=TIMEOUT|response=|elapsed_ms=5043|timing_total_ms=5043|recv_wait_ms=5043|attempt_log=[attempt=1|send=OK|raw=|result=TIMEOUT],990,990,0,0,0,6.71602,10.2403,29,148,784,605,911,8,3,0,OK,100,1,90,69,189.5,0,75,77,79,2887,13438148,0,0,0,39.3155,8,32,-1,0,0,0,0,0,0,OK,100,OK,100,1,telemetry=OK; video=OK; command=OK; rc=OK,OK,OK,OK,OK,50,50,1,3552,0,2887,13438148,2774,0,0,0,0,0,0,0,0,0,0,2774,2,39.3155,960,720,0,0,1,0,OK,0,,0,vision:ffmpeg_stream,,,CONNECTED,0,tof,0,1,1,0,0,0,0,0,0,0,0,0,0,125,250,1,0,0,0,1,0,0,0,749,2025,670,300,0,0,0,0,0,battery?,,ERROR,0,-1,-1
,gui,,CONTROL_PANEL,46991,60,2,1,1,2521.5,0,5043,5043,18125,28866,1,0,1,5043,0,5043,0,5043,0,5043,5043,0,1,0,takeoff,telemetry_confirmed(takeoff before_h=0 before_tof=10 after_h=100 after_tof=72 wait_ms=0),TIMEOUT,manual,Timeout waiting for response,attempt=1|send=OK|raw=|result=TIMEOUT,executor_call=1|command=takeoff|result=TIMEOUT|response=|elapsed_ms=5043|timing_total_ms=5043|recv_wait_ms=5043|attempt_log=[attempt=1|send=OK|raw=|result=TIMEOUT],1002,1002,0,0,0,10.1393,10.5719,8,98,784,605,911,8,3,0,OK,100,1,100,74,190.03,0,74,76,79,2921,13580291,0,0,0,34.8388,11,34,-1,0,0,0,0,0,0,OK,100,OK,100,1,telemetry=OK; video=OK; command=OK; rc=OK,OK,OK,OK,OK,50,50,1,4676,0,2921,13580291,2808,0,0,0,0,0,0,0,0,0,0,2808,2,34.8388,960,720,0,0,1,0,OK,0,,0,vision:ffmpeg_stream,,,CONNECTED,0,tof,2,1,1,0,0,0,0,0,0,0,0,0,0,124,249,1,0,0,0,1,0,0,0,758,2050,679,300,0,0,0,0,0,battery?,,ERROR,0,-1,-1
,gui,,CONTROL_PANEL,47992,61,2,1,1,2521.5,0,5043,5043,18125,29867,1,0,1,5043,0,5043,0,5043,0,5043,5043,0,1,0,takeoff,telemetry_confirmed(takeoff before_h=0 before_tof=10 after_h=100 after_tof=72 wait_ms=0),TIMEOUT,manual,Timeout waiting for response,attempt=1|send=OK|raw=|result=TIMEOUT,executor_call=1|command=takeoff|result=TIMEOUT|response=|elapsed_ms=5043|timing_total_ms=5043|recv_wait_ms=5043|attempt_log=[attempt=1|send=OK|raw=|result=TIMEOUT],1012,1012,0,0,0,10.0817,10.1445,19,99,784,605,911,8,3,0,OK,100,1,100,75,189.42,0,74,76,78,2952,13709160,0,0,0,33.6458,8,31,-1,0,0,0,0,0,0,OK,100,OK,100,1,telemetry=OK; video=OK; command=OK; rc=OK,OK,OK,OK,OK,50,50,1,5676,0,2952,13709160,2839,0,0,0,0,0,0,0,0,0,0,2839,2,33.6458,960,720,0,0,1,0,OK,0,,0,vision:ffmpeg_stream,,,CONNECTED,0,tof,2,1,1,0,0,0,0,0,0,0,0,0,0,124,249,1,0,0,0,1,0,0,0,766,2073,687,300,0,0,0,0,0,battery?,,ERROR,0,-1,-1
,gui,,CONTROL_PANEL,48992,62,2,1,1,2521.5,0,5043,5043,18125,30867,1,0,1,5043,0,5043,0,5043,0,5043,5043,0,1,0,takeoff,telemetry_confirmed(takeoff before_h=0 before_tof=10 after_h=100 after_tof=72 wait_ms=0),TIMEOUT,manual,Timeout waiting for response,attempt=1|send=OK|raw=|result=TIMEOUT,executor_call=1|command=takeoff|result=TIMEOUT|response=|elapsed_ms=5043|timing_total_ms=5043|recv_wait_ms=5043|attempt_log=[attempt=1|send=OK|raw=|result=TIMEOUT],1022,1022,0,0,0,10.0875,10.4398,26,99,784,605,911,8,3,0,OK,100,1,100,74,189.92,0,74,76,79,2983,13838278,0,0,0,33.1299,34,31,-1,0,0,0,0,0,0,OK,100,OK,100,1,telemetry=OK; video=OK; command=OK; rc=OK,OK,OK,OK,OK,50,50,1,6676,0,2983,13838278,2869,0,0,0,0,0,0,0,0,0,0,2869,2,33.1299,960,720,0,0,1,0,OK,0,,0,vision:ffmpeg_stream,,,CONNECTED,0,tof,2,1,1,0,0,0,0,0,0,0,0,0,0,125,249,1,0,0,0,1,0,0,0,774,2095,695,300,0,0,0,0,0,battery?,,ERROR,0,-1,-1
,gui,,CONTROL_PANEL,50117,63,2,1,1,2521.5,0,5043,5043,18125,31992,1,0,1,5043,0,5043,0,5043,0,5043,5043,0,1,0,takeoff,telemetry_confirmed(takeoff before_h=0 before_tof=10 after_h=100 after_tof=72 wait_ms=0),TIMEOUT,manual,Timeout waiting for response,attempt=1|send=OK|raw=|result=TIMEOUT,executor_call=1|command=takeoff|result=TIMEOUT|response=|elapsed_ms=5043|timing_total_ms=5043|recv_wait_ms=5043|attempt_log=[attempt=1|send=OK|raw=|result=TIMEOUT],1034,1034,0,0,0,10.159,11.951,10,98,784,605,911,8,3,0,OK,100,1,90,67,189.39,0,74,77,79,3017,13979975,0,0,0,31.8648,22,34,-1,0,0,0,0,0,0,OK,100,OK,100,1,telemetry=OK; video=OK; command=OK; rc=OK,OK,OK,OK,OK,50,50,1,7801,0,3017,13979975,2904,0,0,0,0,0,0,0,0,0,0,2904,2,31.8648,960,720,0,0,1,0,OK,0,,0,vision:ffmpeg_stream,,,CONNECTED,0,tof,1,1,1,0,0,0,0,0,0,0,0,0,0,125,249,1,0,0,0,1,0,0,0,783,2121,704,300,0,0,0,0,0,battery?,,ERROR,0,-1,-1
,gui,,CONTROL_PANEL,51242,64,2,1,1,2521.5,0,5043,5043,18125,33117,1,0,1,5043,0,5043,0,5043,0,5043,5043,0,1,0,takeoff,telemetry_confirmed(takeoff before_h=0 before_tof=10 after_h=100 after_tof=72 wait_ms=0),TIMEOUT,manual,Timeout waiting for response,attempt=1|send=OK|raw=|result=TIMEOUT,executor_call=1|command=takeoff|result=TIMEOUT|response=|elapsed_ms=5043|timing_total_ms=5043|recv_wait_ms=5043|attempt_log=[attempt=1|send=OK|raw=|result=TIMEOUT],1045,1045,0,0,0,9.55439,10.1228,35,104,784,605,911,8,3,0,OK,100,1,90,62,189.52,0,73,76,79,3052,14125899,0,0,0,30.5243,9,35,-1,0,0,0,0,0,0,OK,100,OK,100,1,telemetry=OK; video=OK; command=OK; rc=OK,OK,OK,OK,OK,50,50,1,8926,0,3052,14125899,2939,0,0,0,0,0,0,0,0,0,0,2939,2,30.5243,960,720,0,0,1,0,OK,0,,0,vision:ffmpeg_stream,,,CONNECTED,0,tof,2,1,1,0,0,0,0,0,0,0,0,0,0,125,250,1,0,0,0,1,0,0,0,792,2147,713,300,0,0,0,0,0,battery?,,ERROR,0,-1,-1
,gui,,CONTROL_PANEL,52367,65,2,1,1,2521.5,0,5043,5043,18125,34242,1,0,1,5043,0,5043,0,5043,0,5043,5043,0,1,0,takeoff,telemetry_confirmed(takeoff before_h=0 before_tof=10 after_h=100 after_tof=72 wait_ms=0),TIMEOUT,manual,Timeout waiting for response,attempt=1|send=OK|raw=|result=TIMEOUT,executor_call=1|command=takeoff|result=TIMEOUT|response=|elapsed_ms=5043|timing_total_ms=5043|recv_wait_ms=5043|attempt_log=[attempt=1|send=OK|raw=|result=TIMEOUT],1056,1056,0,0,0,12.408,10.3194,77,80,784,605,911,8,3,0,OK,100,1,90,62,189.52,0,73,76,79,3087,14271806,0,0,0,32.3028,2,35,-1,0,0,0,0,0,0,OK,100,OK,100,1,telemetry=OK; video=OK; command=OK; rc=OK,OK,OK,OK,OK,50,50,1,10051,0,3087,14271806,2974,0,0,0,0,0,0,0,0,0,0,2974,2,32.3028,960,720,0,0,1,0,OK,0,,0,vision:ffmpeg_stream,,,CONNECTED,0,tof,0,1,1,0,0,0,0,0,0,0,0,0,0,125,249,1,0,0,0,1,0,0,0,801,2173,722,300,0,0,0,0,0,battery?,,ERROR,0,-1,-1
,gui,,CONTROL_PANEL,53367,66,2,1,1,2521.5,0,5043,5043,18125,35242,1,0,1,5043,0,5043,0,5043,0,5043,5043,0,1,0,takeoff,telemetry_confirmed(takeoff before_h=0 before_tof=10 after_h=100 after_tof=72 wait_ms=0),TIMEOUT,manual,Timeout waiting for response,attempt=1|send=OK|raw=|result=TIMEOUT,executor_call=1|command=takeoff|result=TIMEOUT|response=|elapsed_ms=5043|timing_total_ms=5043|recv_wait_ms=5043|attempt_log=[attempt=1|send=OK|raw=|result=TIMEOUT],1066,1066,0,0,0,10.2901,9.72888,45,97,784,605,911,8,3,0,OK,100,1,90,62,189.39,0,73,76,79,3116,14392679,0,0,0,29.8179,25,29,-1,0,0,0,0,0,0,OK,100,OK,100,1,telemetry=OK; video=OK; command=OK; rc=OK,OK,OK,OK,OK,51,50,1,11052,0,3116,14392679,3003,0,0,0,0,0,0,0,0,0,0,3003,2,29.8179,960,720,0,0,1,0,OK,0,,0,vision:ffmpeg_stream,,,CONNECTED,0,tof,0,1,1,0,0,0,0,0,0,0,0,0,0,124,250,1,0,0,0,1,0,0,0,810,2193,730,300,0,0,0,0,0,battery?,,ERROR,0,-1,-1
,gui,,CONTROL_PANEL,54368,67,2,1,1,2521.5,0,5043,5043,18125,36243,1,0,1,5043,0,5043,0,5043,0,5043,5043,0,1,0,takeoff,telemetry_confirmed(takeoff before_h=0 before_tof=10 after_h=100 after_tof=72 wait_ms=0),TIMEOUT,manual,Timeout waiting for response,attempt=1|send=OK|raw=|result=TIMEOUT,executor_call=1|command=takeoff|result=TIMEOUT|response=|elapsed_ms=5043|timing_total_ms=5043|recv_wait_ms=5043|attempt_log=[attempt=1|send=OK|raw=|result=TIMEOUT],1076,1076,0,0,0,9.52566,11.1317,58,104,784,605,911,8,3,0,OK,100,1,90,57,189.56,0,73,77,79,3146,14517748,0,0,0,29.4069,2,30,-1,0,0,0,0,0,0,OK,100,OK,100,1,telemetry=OK; video=OK; command=OK; rc=OK,OK,OK,OK,OK,51,50,1,454,0,3146,14517748,3033,0,0,0,0,0,0,0,0,0,0,3033,2,29.4069,960,720,0,0,1,0,OK,0,,0,vision:ffmpeg_stream,,,CONNECTED,0,tof,0,1,1,0,0,0,0,0,0,0,0,0,0,126,249,1,0,0,0,1,0,0,0,820,2213,738,300,0,0,0,0,0,battery?,,ERROR,0,-1,-1
,gui,,CONTROL_PANEL,55492,68,2,1,1,2521.5,0,5043,5043,18125,37367,1,0,1,5043,0,5043,0,5043,0,5043,5043,0,1,0,takeoff,telemetry_confirmed(takeoff before_h=0 before_tof=10 after_h=100 after_tof=72 wait_ms=0),TIMEOUT,manual,Timeout waiting for response,attempt=1|send=OK|raw=|result=TIMEOUT,executor_call=1|command=takeoff|result=TIMEOUT|response=|elapsed_ms=5043|timing_total_ms=5043|recv_wait_ms=5043|attempt_log=[attempt=1|send=OK|raw=|result=TIMEOUT],1087,1087,0,0,0,9.57814,9.62412,28,104,784,605,911,8,3,0,OK,100,1,90,66,189.38,0,73,77,79,3179,14655549,0,0,0,29.4825,0,33,-1,0,0,0,0,0,0,OK,100,OK,100,1,telemetry=OK; video=OK; command=OK; rc=OK,OK,OK,OK,OK,51,50,1,8,0,3179,14655549,3066,0,0,0,0,0,0,0,0,0,0,3066,2,29.4825,960,720,0,0,1,0,OK,0,,0,vision:ffmpeg_stream,,,CONNECTED,0,tof,2,1,1,0,20,0,0,0,0,0,0,0,0,125,249,1,0,0,0,1,0,0,0,831,2235,747,300,0,0,0,0,0,battery?,,ERROR,0,-1,-1
,gui,,CONTROL_PANEL,56493,69,2,1,1,2521.5,0,5043,5043,18125,38368,1,0,1,5043,0,5043,0,5043,0,5043,5043,0,1,0,takeoff,telemetry_confirmed(takeoff before_h=0 before_tof=10 after_h=100 after_tof=72 wait_ms=0),TIMEOUT,manual,Timeout waiting for response,attempt=1|send=OK|raw=|result=TIMEOUT,executor_call=1|command=takeoff|result=TIMEOUT|response=|elapsed_ms=5043|timing_total_ms=5043|recv_wait_ms=5043|attempt_log=[attempt=1|send=OK|raw=|result=TIMEOUT],1096,1096,0,0,0,9.55895,9.59625,94,104,784,605,911,8,3,0,OK,100,1,100,75,189.95,0,73,76,80,3208,14774794,0,0,0,28.5465,1,29,-1,0,0,0,0,0,0,OK,100,OK,100,1,telemetry=OK; video=OK; command=OK; rc=OK,OK,OK,OK,OK,51,50,1,1,0,3208,14774794,3095,0,0,0,0,0,0,0,0,0,0,3095,2,28.5465,960,720,0,0,1,0,OK,0,,0,vision:ffmpeg_stream,,,CONNECTED,0,tof,1,1,1,0,-20,0,0,0,0,0,0,0,0,125,250,1,0,0,0,1,0,0,0,840,2255,755,300,0,0,0,0,0,battery?,,ERROR,0,-1,-1
,gui,,CONTROL_PANEL,57617,70,2,1,1,2521.5,0,5043,5043,18125,39492,1,0,1,5043,0,5043,0,5043,0,5043,5043,0,1,0,takeoff,telemetry_confirmed(takeoff before_h=0 before_tof=10 after_h=100 after_tof=72 wait_ms=0),TIMEOUT,manual,Timeout waiting for response,attempt=1|send=OK|raw=|result=TIMEOUT,executor_call=1|command=takeoff|result=TIMEOUT|response=|elapsed_ms=5043|timing_total_ms=5043|recv_wait_ms=5043|attempt_log=[attempt=1|send=OK|raw=|result=TIMEOUT],1107,1107,0,0,0,12.2126,68.1543,66,81,784,597,1098,9,4,0,OK,100,1,100,78,190.12,0,72,77,80,3240,14908747,0,0,0,70.8383,12,32,-1,0,0,0,0,0,0,OK,100,OK,100,1,telemetry=OK; video=OK; command=OK; rc=OK,OK,OK,OK,OK,50,50,1,12,0,3240,14908747,3127,0,0,0,0,0,0,0,0,0,0,3127,2,70.8383,960,720,0,0,1,0,OK,0,,0,vision:ffmpeg_stream,,,CONNECTED,0,tof,0,1,1,0,-20,0,0,0,0,0,0,0,0,125,249,1,0,0,0,1,0,0,0,845,2282,759,300,0,0,0,0,0,battery?,,ERROR,0,-1,-1
,gui,,CONTROL_PANEL,58742,71,2,1,1,2521.5,0,5043,5043,18125,40617,1,0,1,5043,0,5043,0,5043,0,5043,5043,0,1,0,takeoff,telemetry_confirmed(takeoff before_h=0 before_tof=10 after_h=100 after_tof=72 wait_ms=0),TIMEOUT,manual,Timeout waiting for response,attempt=1|send=OK|raw=|result=TIMEOUT,executor_call=1|command=takeoff|result=TIMEOUT|response=|elapsed_ms=5043|timing_total_ms=5043|recv_wait_ms=5043|attempt_log=[attempt=1|send=OK|raw=|result=TIMEOUT],1119,1119,0,0,0,10.2025,15.4917,58,98,784,597,1098,9,4,0,OK,100,1,100,72,189.79,0,72,77,79,3275,15056696,0,0,0,31.2525,1,35,-1,0,0,0,0,0,0,OK,100,OK,100,1,telemetry=OK; video=OK; command=OK; rc=OK,OK,OK,OK,OK,50,50,1,835,0,3275,15056696,3162,0,0,0,0,0,0,0,0,0,0,3162,2,31.2525,960,720,0,0,1,0,OK,0,,0,vision:ffmpeg_stream,,,CONNECTED,0,tof,1,1,1,0,0,0,0,0,0,0,0,0,0,124,250,1,0,0,0,1,0,0,0,853,2309,767,300,0,0,0,0,0,battery?,,ERROR,0,-1,-1
,gui,,CONTROL_PANEL,59742,72,2,1,1,2521.5,0,5043,5043,18125,41617,1,0,1,5043,0,5043,0,5043,0,5043,5043,0,1,0,takeoff,telemetry_confirmed(takeoff before_h=0 before_tof=10 after_h=100 after_tof=72 wait_ms=0),TIMEOUT,manual,Timeout waiting for response,attempt=1|send=OK|raw=|result=TIMEOUT,executor_call=1|command=takeoff|result=TIMEOUT|response=|elapsed_ms=5043|timing_total_ms=5043|recv_wait_ms=5043|attempt_log=[attempt=1|send=OK|raw=|result=TIMEOUT],1129,1129,0,0,0,9.62587,11.2664,67,103,784,597,1098,9,4,0,OK,100,1,100,72,190.03,0,72,77,79,3304,15177667,0,0,0,28.5966,43,29,-1,0,0,0,0,0,0,OK,100,OK,100,1,telemetry=OK; video=OK; command=OK; rc=OK,OK,OK,OK,OK,50,50,1,31,0,3304,15177667,3191,0,0,0,0,0,0,0,0,0,0,3191,2,28.5966,960,720,0,0,1,0,OK,0,,0,vision:ffmpeg_stream,,,CONNECTED,0,tof,1,1,1,0,0,-20,0,0,0,0,0,0,0,124,250,1,0,0,0,1,0,0,0,861,2330,775,300,0,0,0,0,0,battery?,,ERROR,0,-1,-1
,gui,,CONTROL_PANEL,60742,73,2,1,1,2521.5,0,5043,5043,18125,42617,1,0,1,5043,0,5043,0,5043,0,5043,5043,0,1,0,takeoff,telemetry_confirmed(takeoff before_h=0 before_tof=10 after_h=100 after_tof=72 wait_ms=0),TIMEOUT,manual,Timeout waiting for response,attempt=1|send=OK|raw=|result=TIMEOUT,executor_call=1|command=takeoff|result=TIMEOUT|response=|elapsed_ms=5043|timing_total_ms=5043|recv_wait_ms=5043|attempt_log=[attempt=1|send=OK|raw=|result=TIMEOUT],1139,1139,0,0,0,10.0817,10.2581,79,99,784,597,1098,9,4,0,OK,100,1,90,66,189.61,1,72,76,79,3336,15310663,0,0,0,38.9279,45,32,-1,0,0,0,0,0,0,OK,100,OK,100,1,telemetry=OK; video=OK; command=OK; rc=OK,OK,OK,OK,OK,50,50,1,28,0,3336,15310663,3223,0,0,0,0,0,0,0,0,0,0,3223,2,38.9279,960,720,0,0,1,0,OK,0,,0,vision:ffmpeg_stream,,,CONNECTED,0,tof,1,1,1,0,0,-20,0,0,0,0,0,0,0,125,249,1,0,0,0,1,0,0,0,869,2354,783,300,0,0,0,0,0,battery?,,ERROR,0,-1,-1
,gui,,CONTROL_PANEL,61742,74,2,1,1,2521.5,0,5043,5043,18125,43617,1,0,1,5043,0,5043,0,5043,0,5043,5043,0,1,0,takeoff,telemetry_confirmed(takeoff before_h=0 before_tof=10 after_h=100 after_tof=72 wait_ms=0),TIMEOUT,manual,Timeout waiting for response,attempt=1|send=OK|raw=|result=TIMEOUT,executor_call=1|command=takeoff|result=TIMEOUT|response=|elapsed_ms=5043|timing_total_ms=5043|recv_wait_ms=5043|attempt_log=[attempt=1|send=OK|raw=|result=TIMEOUT],1150,1150,0,0,0,10.8774,10.3229,11,91,784,597,1098,9,4,0,OK,100,1,80,58,189.83,0,71,77,79,3368,15444184,0,0,0,37.8411,17,32,-1,0,0,0,0,0,0,OK,100,OK,100,1,telemetry=OK; video=OK; command=OK; rc=OK,OK,OK,OK,OK,50,50,1,26,0,3368,15444184,3255,0,0,0,0,0,0,0,0,0,0,3255,2,37.8411,960,720,0,0,1,0,OK,0,,0,vision:ffmpeg_stream,,,CONNECTED,0,tof,2,1,1,0,0,-20,0,0,0,0,0,0,0,125,250,1,0,0,0,1,0,0,0,877,2378,791,300,0,0,0,0,0,battery?,,ERROR,0,-1,-1
,gui,,CONTROL_PANEL,62867,75,2,1,1,2521.5,0,5043,5043,18125,44742,1,0,1,5043,0,5043,0,5043,0,5043,5043,0,1,0,takeoff,telemetry_confirmed(takeoff before_h=0 before_tof=10 after_h=100 after_tof=72 wait_ms=0),TIMEOUT,manual,Timeout waiting for response,attempt=1|send=OK|raw=|result=TIMEOUT,executor_call=1|command=takeoff|result=TIMEOUT|response=|elapsed_ms=5043|timing_total_ms=5043|recv_wait_ms=5043|attempt_log=[attempt=1|send=OK|raw=|result=TIMEOUT],1162,1162,0,0,0,10.3681,12.3381,27,96,784,597,1098,9,4,0,OK,100,1,90,66,189.87,0,71,77,78,3404,15594123,0,0,0,33.1015,4,36,-1,0,0,0,0,0,0,OK,100,OK,100,1,telemetry=OK; video=OK; command=OK; rc=OK,OK,OK,OK,OK,50,50,1,450,0,3404,15594123,3291,0,0,0,0,0,0,0,0,0,0,3291,2,33.1015,960,720,0,0,1,0,OK,0,,0,vision:ffmpeg_stream,,,CONNECTED,0,tof,0,1,1,0,0,0,0,0,0,0,0,0,0,125,250,1,0,0,0,1,0,0,0,886,2405,800,300,0,0,0,0,0,battery?,,ERROR,0,-1,-1
,gui,,CONTROL_PANEL,63992,76,2,1,1,2521.5,0,5043,5043,18125,45867,1,0,1,5043,0,5043,0,5043,0,5043,5043,0,1,0,takeoff,telemetry_confirmed(takeoff before_h=0 before_tof=10 after_h=100 after_tof=72 wait_ms=0),TIMEOUT,manual,Timeout waiting for response,attempt=1|send=OK|raw=|result=TIMEOUT,executor_call=1|command=takeoff|result=TIMEOUT|response=|elapsed_ms=5043|timing_total_ms=5043|recv_wait_ms=5043|attempt_log=[attempt=1|send=OK|raw=|result=TIMEOUT],1173,1173,0,0,0,9.72839,10.4357,82,102,784,597,1098,9,4,0,OK,100,1,90,72,190.03,0,71,77,79,3439,15740073,0,0,0,32.5446,21,35,-1,0,0,0,0,0,0,OK,100,OK,100,1,telemetry=OK; video=OK; command=OK; rc=OK,OK,OK,OK,OK,51,50,1,21,0,3439,15740073,3326,0,0,0,0,0,0,0,0,0,0,3326,2,32.5446,960,720,0,0,1,0,OK,0,,0,vision:ffmpeg_stream,,,CONNECTED,0,tof,1,1,1,0,0,-20,0,0,0,0,0,0,0,125,249,1,0,0,0,1,0,0,0,895,2431,809,300,0,0,0,0,0,battery?,,ERROR,0,-1,-1
,gui,,CONTROL_PANEL,64992,77,2,1,1,2521.5,0,5043,5043,18125,46867,1,0,1,5043,0,5043,0,5043,0,5043,5043,0,1,0,takeoff,telemetry_confirmed(takeoff before_h=0 before_tof=10 after_h=100 after_tof=72 wait_ms=0),TIMEOUT,manual,Timeout waiting for response,attempt=1|send=OK|raw=|result=TIMEOUT,executor_call=1|command=takeoff|result=TIMEOUT|response=|elapsed_ms=5043|timing_total_ms=5043|recv_wait_ms=5043|attempt_log=[attempt=1|send=OK|raw=|result=TIMEOUT],1184,1184,0,0,0,10.343,10.3681,25,96,784,597,1098,9,4,0,OK,100,1,90,73,189.47,0,71,76,78,3470,15869330,0,0,0,32.3585,44,31,-1,0,0,0,0,0,0,OK,100,OK,100,1,telemetry=OK; video=OK; command=OK; rc=OK,OK,OK,OK,OK,50,50,1,19,0,3470,15869330,3357,0,0,0,0,0,0,0,0,0,0,3357,2,32.3585,960,720,0,0,1,0,OK,0,,0,vision:ffmpeg_stream,,,CONNECTED,0,tof,2,1,1,0,0,-20,0,0,0,0,0,0,0,125,249,1,0,0,0,1,0,0,0,903,2454,817,300,0,0,0,0,0,battery?,,ERROR,0,-1,-1
,gui,,CONTROL_PANEL,66117,78,2,1,1,2521.5,0,5043,5043,18125,47992,1,0,1,5043,0,5043,0,5043,0,5043,5043,0,1,0,takeoff,telemetry_confirmed(takeoff before_h=0 before_tof=10 after_h=100 after_tof=72 wait_ms=0),TIMEOUT,manual,Timeout waiting for response,attempt=1|send=OK|raw=|result=TIMEOUT,executor_call=1|command=takeoff|result=TIMEOUT|response=|elapsed_ms=5043|timing_total_ms=5043|recv_wait_ms=5043|attempt_log=[attempt=1|send=OK|raw=|result=TIMEOUT],1196,1196,0,0,0,20.6637,12.4371,37,48,784,597,1098,9,4,0,OK,100,1,80,67,189.69,0,71,76,79,3506,16019249,0,0,0,33.0368,28,36,-1,0,0,0,0,0,0,OK,100,OK,100,1,telemetry=OK; video=OK; command=OK; rc=OK,OK,OK,OK,OK,51,50,1,41,0,3506,16019249,3393,0,0,0,0,0,0,0,0,0,0,3393,2,33.0368,960,720,0,0,1,0,OK,0,,0,vision:ffmpeg_stream,,,CONNECTED,0,tof,0,1,1,0,0,-20,0,0,0,0,0,0,0,124,249,1,0,0,0,1,0,0,0,912,2481,826,300,0,0,0,0,0,battery?,,ERROR,0,-1,-1
,gui,,CONTROL_PANEL,67117,79,2,1,1,2521.5,0,5043,5043,18125,48992,1,0,1,5043,0,5043,0,5043,0,5043,5043,0,1,0,takeoff,telemetry_confirmed(takeoff before_h=0 before_tof=10 after_h=100 after_tof=72 wait_ms=0),TIMEOUT,manual,Timeout waiting for response,attempt=1|send=OK|raw=|result=TIMEOUT,executor_call=1|command=takeoff|result=TIMEOUT|response=|elapsed_ms=5043|timing_total_ms=5043|recv_wait_ms=5043|attempt_log=[attempt=1|send=OK|raw=|result=TIMEOUT],1204,1204,0,0,0,4.12937,9.95695,108,242,784,597,1098,9,4,0,OK,100,1,70,59,189.57,0,71,77,80,3531,16122132,0,0,0,25.4085,65,25,-1,0,0,0,0,0,0,OK,100,OK,100,1,telemetry=OK; video=OK; command=OK; rc=OK,OK,OK,OK,OK,50,50,1,39,0,3531,16122132,3418,0,0,0,0,0,0,0,0,0,0,3418,2,25.4085,960,720,0,0,1,0,OK,0,,0,vision:ffmpeg_stream,,,CONNECTED,0,tof,0,1,1,0,0,-20,0,0,0,0,0,0,0,124,250,0,0,0,0,1,0,0,0,919,2499,833,300,0,0,0,0,0,battery?,,ERROR,0,-1,-1
,gui,,CONTROL_PANEL,68117,80,2,1,1,2521.5,0,5043,5043,18125,49992,1,0,1,5043,0,5043,0,5043,0,5043,5043,0,1,0,takeoff,telemetry_confirmed(takeoff before_h=0 before_tof=10 after_h=100 after_tof=72 wait_ms=0),TIMEOUT,manual,Timeout waiting for response,attempt=1|send=OK|raw=|result=TIMEOUT,executor_call=1|command=takeoff|result=TIMEOUT|response=|elapsed_ms=5043|timing_total_ms=5043|recv_wait_ms=5043|attempt_log=[attempt=1|send=OK|raw=|result=TIMEOUT],1208,1208,0,0,0,1.41654,12.7916,167,705,784,705,1208,10,5,0,STALE,0,1,70,54,189.53,1,71,77,80,3539,16156795,0,0,0,21.2303,25,8,-1,0,0,0,0,0,0,OK,100,STALE,0,0,telemetry=STALE; video=OK; command=OK; rc=OK,STALE,OK,OK,OK,51,50,1,37,0,3539,16156795,3426,0,0,0,0,0,0,0,0,0,0,3426,2,21.2303,960,720,0,0,1,0,OK,0,,0,vision:ffmpeg_stream,,,CONNECTED,0,tof,0,1,1,0,0,-20,0,0,0,0,0,0,0,125,249,0,0,0,0,1,0,0,0,923,2503,837,300,0,0,0,0,0,battery?,,ERROR,0,-1,-1
,gui,,CONTROL_PANEL,69242,81,2,1,1,2521.5,0,5043,5043,18125,51117,1,0,1,5043,0,5043,0,5043,0,5043,5043,0,1,0,takeoff,telemetry_confirmed(takeoff before_h=0 before_tof=10 after_h=100 after_tof=72 wait_ms=0),TIMEOUT,manual,Timeout waiting for response,attempt=1|send=OK|raw=|result=TIMEOUT,executor_call=1|command=takeoff|result=TIMEOUT|response=|elapsed_ms=5043|timing_total_ms=5043|recv_wait_ms=5043|attempt_log=[attempt=1|send=OK|raw=|result=TIMEOUT],1227,1227,0,0,0,8.18499,90.1534,11,122,784,304,1209,11,5,0,OK,100,1,50,39,189.25,0,70,77,80,3559,16240155,0,0,0,24.4522,27,20,-1,0,0,0,0,0,0,OK,100,OK,100,1,telemetry=OK; video=OK; command=OK; rc=OK,OK,OK,OK,OK,50,50,1,9,0,3559,16240155,3446,0,0,0,0,0,0,0,0,0,0,3446,2,24.4522,960,720,0,0,1,0,OK,0,,0,vision:ffmpeg_stream,,,CONNECTED,0,tof,2,1,1,0,0,20,0,0,0,0,0,0,0,124,249,1,0,0,0,1,0,0,0,931,2515,845,300,0,0,0,0,0,battery?,,ERROR,0,-1,-1
,gui,,CONTROL_PANEL,70242,82,2,1,1,2521.5,0,5043,5043,18125,52117,1,0,1,5043,0,5043,0,5043,0,5043,5043,0,1,0,takeoff,telemetry_confirmed(takeoff before_h=0 before_tof=10 after_h=100 after_tof=72 wait_ms=0),TIMEOUT,manual,Timeout waiting for response,attempt=1|send=OK|raw=|result=TIMEOUT,executor_call=1|command=takeoff|result=TIMEOUT|response=|elapsed_ms=5043|timing_total_ms=5043|recv_wait_ms=5043|attempt_log=[attempt=1|send=OK|raw=|result=TIMEOUT],1239,1239,0,0,0,10.1577,18.0922,3,98,784,304,1209,11,5,0,OK,100,1,40,25,189.46,0,70,77,80,3609,16447214,0,0,0,22.306,127,50,-1,0,0,0,0,0,0,OK,100,OK,100,1,telemetry=OK; video=OK; command=OK; rc=OK,OK,OK,OK,OK,51,50,1,6,0,3609,16447214,3462,0,0,0,0,0,0,0,0,0,0,3462,2,22.306,960,720,0,0,1,0,OK,0,,0,vision:ffmpeg_stream,,,CONNECTED,0,tof,2,1,1,0,0,20,0,0,0,0,0,0,0,124,250,1,0,0,0,1,0,0,0,937,2525,852,300,0,0,0,0,0,battery?,,ERROR,0,-1,-1
,gui,,CONTROL_PANEL,71367,83,2,1,1,2521.5,0,5043,5043,18125,53242,1,0,1,5043,0,5043,0,5043,0,5043,5043,0,1,0,takeoff,telemetry_confirmed(takeoff before_h=0 before_tof=10 after_h=100 after_tof=72 wait_ms=0),TIMEOUT,manual,Timeout waiting for response,attempt=1|send=OK|raw=|result=TIMEOUT,executor_call=1|command=takeoff|result=TIMEOUT|response=|elapsed_ms=5043|timing_total_ms=5043|recv_wait_ms=5043|attempt_log=[attempt=1|send=OK|raw=|result=TIMEOUT],1251,1251,0,0,0,10.5651,11.9642,40,94,784,304,1209,11,5,0,OK,100,1,40,24,189.13,0,70,76,79,3656,16644969,0,0,0,41.227,44,47,-1,0,0,0,0,0,0,OK,100,OK,100,1,telemetry=OK; video=OK; command=OK; rc=OK,OK,OK,OK,OK,50,50,1,29,0,3656,16644969,3500,0,0,0,0,0,0,0,0,0,0,3500,2,41.227,960,720,0,0,1,0,OK,0,,0,vision:ffmpeg_stream,,,CONNECTED,0,tof,0,1,1,0,0,20,0,0,0,0,0,0,0,125,250,1,0,0,0,1,0,0,0,945,2555,859,300,0,0,0,0,0,battery?,,ERROR,0,-1,-1
,gui,,CONTROL_PANEL,72491,84,2,1,1,2521.5,0,5043,5043,18125,54366,1,0,1,5043,0,5043,0,5043,0,5043,5043,0,1,0,takeoff,telemetry_confirmed(takeoff before_h=0 before_tof=10 after_h=100 after_tof=72 wait_ms=0),TIMEOUT,manual,Timeout waiting for response,attempt=1|send=OK|raw=|result=TIMEOUT,executor_call=1|command=takeoff|result=TIMEOUT|response=|elapsed_ms=5043|timing_total_ms=5043|recv_wait_ms=5043|attempt_log=[attempt=1|send=OK|raw=|result=TIMEOUT],1263,1263,0,0,0,10.3894,10.5157,10,96,784,304,1209,11,5,0,OK,100,1,40,24,189.35,0,70,77,80,3693,16797142,0,0,0,32.3257,5,37,-1,0,0,0,0,0,0,OK,100,OK,100,1,telemetry=OK; video=OK; command=OK; rc=OK,OK,OK,OK,OK,51,50,1,1,0,3693,16797142,3537,0,0,0,0,0,0,0,0,0,0,3537,2,32.3257,960,720,0,0,1,0,OK,0,,0,vision:ffmpeg_stream,,,CONNECTED,0,tof,2,1,1,0,0,20,0,0,0,0,0,0,0,125,249,1,0,0,0,1,0,0,0,954,2583,867,300,0,0,0,0,0,battery?,,ERROR,0,-1,-1
,gui,,CONTROL_PANEL,73491,85,2,1,1,2521.5,0,5043,5043,18125,55366,1,0,1,5043,0,5043,0,5043,0,5043,5043,0,1,0,takeoff,telemetry_confirmed(takeoff before_h=0 before_tof=10 after_h=100 after_tof=72 wait_ms=0),TIMEOUT,manual,Timeout waiting for response,attempt=1|send=OK|raw=|result=TIMEOUT,executor_call=1|command=takeoff|result=TIMEOUT|response=|elapsed_ms=5043|timing_total_ms=5043|recv_wait_ms=5043|attempt_log=[attempt=1|send=OK|raw=|result=TIMEOUT],1273,1273,0,0,0,10.4705,10.4168,46,95,784,304,1209,11,5,0,OK,100,1,50,38,189.55,-1,70,78,80,3725,16930445,0,0,0,32.3677,31,32,-1,0,0,0,0,0,0,OK,100,OK,100,1,telemetry=OK; video=OK; command=OK; rc=OK,OK,OK,OK,OK,50,50,1,49,0,3725,16930445,3568,0,0,0,0,0,0,0,0,0,0,3568,2,32.3677,960,720,0,0,1,0,OK,0,,0,vision:ffmpeg_stream,,,CONNECTED,0,tof,2,1,1,0,0,20,0,0,0,0,0,0,0,124,250,1,0,0,0,1,0,0,0,962,2606,875,300,0,0,0,0,0,battery?,,ERROR,0,-1,-1
,gui,,CONTROL_PANEL,74492,86,2,1,1,2521.5,0,5043,5043,18125,56367,1,0,1,5043,0,5043,0,5043,0,5043,5043,0,1,0,takeoff,telemetry_confirmed(takeoff before_h=0 before_tof=10 after_h=100 after_tof=72 wait_ms=0),TIMEOUT,manual,Timeout waiting for response,attempt=1|send=OK|raw=|result=TIMEOUT,executor_call=1|command=takeoff|result=TIMEOUT|response=|elapsed_ms=5043|timing_total_ms=5043|recv_wait_ms=5043|attempt_log=[attempt=1|send=OK|raw=|result=TIMEOUT],1284,1284,0,0,0,21.0491,12.8639,37,47,784,304,1209,11,5,0,OK,100,1,60,47,189.56,0,70,77,80,3756,17059644,0,0,0,36.1179,27,31,-1,0,0,0,0,0,0,OK,100,OK,100,1,telemetry=OK; video=OK; command=OK; rc=OK,OK,OK,OK,OK,50,50,1,47,0,3756,17059644,3600,0,0,0,0,0,0,0,0,0,0,3600,2,36.1179,960,720,0,0,1,0,OK,0,,0,vision:ffmpeg_stream,,,CONNECTED,0,tof,2,1,1,0,0,20,0,0,0,0,0,0,0,125,249,1,0,0,0,1,0,0,0,971,2629,882,300,0,0,0,0,0,battery?,,ERROR,0,-1,-1
,gui,,CONTROL_PANEL,75617,87,2,1,1,2521.5,0,5043,5043,18125,57492,1,0,1,5043,0,5043,0,5043,0,5043,5043,0,1,0,takeoff,telemetry_confirmed(takeoff before_h=0 before_tof=10 after_h=100 after_tof=72 wait_ms=0),TIMEOUT,manual,Timeout waiting for response,attempt=1|send=OK|raw=|result=TIMEOUT,executor_call=1|command=takeoff|result=TIMEOUT|response=|elapsed_ms=5043|timing_total_ms=5043|recv_wait_ms=5043|attempt_log=[attempt=1|send=OK|raw=|result=TIMEOUT],1296,1296,0,0,0,10.3862,10.5713,6,96,784,304,1209,11,5,0,OK,100,1,70,48,189.39,0,70,77,79,3792,17209630,0,0,0,31.6309,16,36,-1,0,0,0,0,0,0,OK,100,OK,100,1,telemetry=OK; video=OK; command=OK; rc=OK,OK,OK,OK,OK,51,50,1,19,0,3792,17209630,3636,0,0,0,0,0,0,0,0,0,0,3636,2,31.6309,960,720,0,0,1,0,OK,0,,0,vision:ffmpeg_stream,,,CONNECTED,0,tof,1,1,1,0,0,20,0,0,0,0,0,0,0,125,250,1,0,0,0,1,0,0,0,980,2656,891,300,0,0,0,0,0,battery?,,ERROR,0,-1,-1
,gui,,CONTROL_PANEL,76617,88,2,1,1,2521.5,0,5043,5043,18125,58492,1,0,1,5043,0,5043,0,5043,0,5043,5043,0,1,0,takeoff,telemetry_confirmed(takeoff before_h=0 before_tof=10 after_h=100 after_tof=72 wait_ms=0),TIMEOUT,manual,Timeout waiting for response,attempt=1|send=OK|raw=|result=TIMEOUT,executor_call=1|command=takeoff|result=TIMEOUT|response=|elapsed_ms=5043|timing_total_ms=5043|recv_wait_ms=5043|attempt_log=[attempt=1|send=OK|raw=|result=TIMEOUT],1305,1305,0,0,0,7.06459,9.56841,80,141,784,304,1209,11,5,0,OK,100,1,70,54,189.54,0,70,77,80,3823,17338812,0,0,0,35.0953,13,31,-1,0,0,0,0,0,0,OK,100,OK,100,1,telemetry=OK; video=OK; command=OK; rc=OK,OK,OK,OK,OK,50,50,1,17,0,3823,17338812,3667,0,0,0,0,0,0,0,0,0,0,3667,2,35.0953,960,720,0,0,1,0,OK,0,,0,vision:ffmpeg_stream,,,CONNECTED,0,tof,0,1,1,0,0,20,0,0,0,0,0,0,0,125,249,1,0,0,0,1,0,0,0,988,2679,899,300,0,0,0,0,0,battery?,,ERROR,0,-1,-1
,gui,,CONTROL_PANEL,77617,89,2,1,1,2521.5,0,5043,5043,18125,59492,1,0,1,5043,0,5043,0,5043,0,5043,5043,0,1,0,takeoff,telemetry_confirmed(takeoff before_h=0 before_tof=10 after_h=100 after_tof=72 wait_ms=0),TIMEOUT,manual,Timeout waiting for response,attempt=1|send=OK|raw=|result=TIMEOUT,executor_call=1|command=takeoff|result=TIMEOUT|response=|elapsed_ms=5043|timing_total_ms=5043|recv_wait_ms=5043|attempt_log=[attempt=1|send=OK|raw=|result=TIMEOUT],1316,1316,0,0,0,9.89385,10.2067,48,101,784,304,1209,11,5,0,OK,100,1,80,62,189.72,0,70,77,79,3855,17472221,0,0,0,30.6307,2,32,-1,0,0,0,0,0,0,OK,100,OK,100,1,telemetry=OK; video=OK; command=OK; rc=OK,OK,OK,OK,OK,50,50,1,15,0,3855,17472221,3699,0,0,0,0,0,0,0,0,0,0,3699,2,30.6307,960,720,0,0,1,0,OK,0,,0,vision:ffmpeg_stream,,,CONNECTED,0,tof,0,1,1,0,0,20,0,0,0,0,0,0,0,125,249,1,0,0,0,1,0,0,0,996,2703,907,300,0,0,0,0,0,battery?,,ERROR,0,-1,-1
,gui,,CONTROL_PANEL,78742,90,2,1,1,2521.5,0,5043,5043,18125,60617,1,0,1,5043,0,5043,0,5043,0,5043,5043,0,1,0,takeoff,telemetry_confirmed(takeoff before_h=0 before_tof=10 after_h=100 after_tof=72 wait_ms=0),TIMEOUT,manual,Timeout waiting for response,attempt=1|send=OK|raw=|result=TIMEOUT,executor_call=1|command=takeoff|result=TIMEOUT|response=|elapsed_ms=5043|timing_total_ms=5043|recv_wait_ms=5043|attempt_log=[attempt=1|send=OK|raw=|result=TIMEOUT],1328,1328,0,0,0,8.21107,12.2204,4,121,784,304,1209,11,5,0,OK,100,1,90,75,189.66,0,70,77,79,3889,17614387,0,0,0,28.5142,0,34,-1,0,0,0,0,0,0,OK,100,OK,100,1,telemetry=OK; video=OK; command=OK; rc=OK,OK,OK,OK,OK,50,50,1,37,0,3889,17614387,3733,0,0,0,0,0,0,0,0,0,0,3733,2,28.5142,960,720,0,0,1,0,OK,0,,0,vision:ffmpeg_stream,,,CONNECTED,0,tof,2,1,1,0,0,20,0,0,0,0,0,0,0,125,249,1,0,0,0,1,0,0,0,1005,2728,915,300,0,0,0,0,0,battery?,,ERROR,0,-1,-1
,gui,,CONTROL_PANEL,79742,91,2,1,1,2521.5,0,5043,5043,18125,61617,1,0,1,5043,0,5043,0,5043,0,5043,5043,0,1,0,takeoff,telemetry_confirmed(takeoff before_h=0 before_tof=10 after_h=100 after_tof=72 wait_ms=0),TIMEOUT,manual,Timeout waiting for response,attempt=1|send=OK|raw=|result=TIMEOUT,executor_call=1|command=takeoff|result=TIMEOUT|response=|elapsed_ms=5043|timing_total_ms=5043|recv_wait_ms=5043|attempt_log=[attempt=1|send=OK|raw=|result=TIMEOUT],1338,1338,0,0,0,11.0694,10.4221,29,90,784,304,1209,11,5,0,OK,100,1,100,87,190.02,0,70,77,79,3920,17743200,0,0,0,42.3726,31,31,-1,0,0,0,0,0,0,OK,100,OK,100,1,telemetry=OK; video=OK; command=OK; rc=OK,OK,OK,OK,OK,50,50,1,35,0,3920,17743200,3764,0,0,0,0,0,0,0,0,0,0,3764,2,42.3726,960,720,0,0,1,0,OK,0,,0,vision:ffmpeg_stream,,,CONNECTED,0,tof,2,1,1,0,0,20,0,0,0,0,0,0,0,124,250,1,0,0,0,1,0,0,0,1013,2751,923,300,0,0,0,0,0,battery?,,ERROR,0,-1,-1
,gui,,CONTROL_PANEL,80867,92,2,1,1,2521.5,0,5043,5043,18125,62742,1,0,1,5043,0,5043,0,5043,0,5043,5043,0,1,0,takeoff,telemetry_confirmed(takeoff before_h=0 before_tof=10 after_h=100 after_tof=72 wait_ms=0),TIMEOUT,manual,Timeout waiting for response,attempt=1|send=OK|raw=|result=TIMEOUT,executor_call=1|command=takeoff|result=TIMEOUT|response=|elapsed_ms=5043|timing_total_ms=5043|recv_wait_ms=5043|attempt_log=[attempt=1|send=OK|raw=|result=TIMEOUT],1349,1349,0,0,0,9.34362,9.97531,49,107,784,304,1209,11,5,0,OK,100,1,110,95,189.96,0,70,77,79,3954,17884584,0,0,0,32.1624,25,34,-1,0,0,0,0,0,0,OK,100,OK,100,1,telemetry=OK; video=OK; command=OK; rc=OK,OK,OK,OK,OK,50,50,1,1060,0,3954,17884584,3798,0,0,0,0,0,0,0,0,0,0,3798,2,32.1624,960,720,0,0,1,0,OK,0,,0,vision:ffmpeg_stream,,,CONNECTED,0,tof,0,1,1,0,0,0,0,0,0,0,0,0,0,124,249,1,0,0,0,1,0,0,0,1022,2776,932,300,0,0,0,0,0,battery?,,ERROR,0,-1,-1
,gui,,CONTROL_PANEL,81867,93,2,1,1,2521.5,0,5043,5043,18125,63742,1,0,1,5043,0,5043,0,5043,0,5043,5043,0,1,0,takeoff,telemetry_confirmed(takeoff before_h=0 before_tof=10 after_h=100 after_tof=72 wait_ms=0),TIMEOUT,manual,Timeout waiting for response,attempt=1|send=OK|raw=|result=TIMEOUT,executor_call=1|command=takeoff|result=TIMEOUT|response=|elapsed_ms=5043|timing_total_ms=5043|recv_wait_ms=5043|attempt_log=[attempt=1|send=OK|raw=|result=TIMEOUT],1359,1359,0,0,0,20.7284,12.6396,108,48,784,304,1209,11,5,0,OK,100,1,110,94,189.9,0,70,76,80,3985,18013783,0,0,0,33.4847,2,31,-1,0,0,0,0,0,0,OK,100,OK,100,1,telemetry=OK; video=OK; command=OK; rc=OK,OK,OK,OK,OK,51,50,1,5,0,3985,18013783,3829,0,0,0,0,0,0,0,0,0,0,3829,2,33.4847,960,720,0,0,1,0,OK,0,,0,vision:ffmpeg_stream,,,CONNECTED,0,tof,0,1,1,0,0,20,0,0,0,0,0,0,0,125,249,1,0,0,0,1,0,0,0,1030,2799,940,300,0,0,0,0,0,battery?,,ERROR,0,-1,-1
,gui,,CONTROL_PANEL,82992,94,2,1,1,2521.5,0,5043,5043,18125,64867,1,0,1,5043,0,5043,0,5043,0,5043,5043,0,1,0,takeoff,telemetry_confirmed(takeoff before_h=0 before_tof=10 after_h=100 after_tof=72 wait_ms=0),TIMEOUT,manual,Timeout waiting for response,attempt=1|send=OK|raw=|result=TIMEOUT,executor_call=1|command=takeoff|result=TIMEOUT|response=|elapsed_ms=5043|timing_total_ms=5043|recv_wait_ms=5043|attempt_log=[attempt=1|send=OK|raw=|result=TIMEOUT],1371,1371,0,0,0,8.09495,10.4815,12,123,784,304,1209,11,5,0,OK,100,1,110,98,189.94,0,70,77,80,4020,18159557,0,0,0,37.6365,0,35,-1,0,0,0,0,0,0,OK,100,OK,100,1,telemetry=OK; video=OK; command=OK; rc=OK,OK,OK,OK,OK,50,50,1,27,0,4020,18159557,3864,0,0,0,0,0,0,0,0,0,0,3864,2,37.6365,960,720,0,0,1,0,OK,0,,0,vision:ffmpeg_stream,,,CONNECTED,0,tof,2,1,1,0,0,20,0,0,0,0,0,0,0,124,249,1,0,0,0,1,0,0,0,1039,2825,947,300,0,0,0,0,0,battery?,,ERROR,0,-1,-1
,gui,,CONTROL_PANEL,83992,95,2,1,1,2521.5,0,5043,5043,18125,65867,1,0,1,5043,0,5043,0,5043,0,5043,5043,0,1,0,takeoff,telemetry_confirmed(takeoff before_h=0 before_tof=10 after_h=100 after_tof=72 wait_ms=0),TIMEOUT,manual,Timeout waiting for response,attempt=1|send=OK|raw=|result=TIMEOUT,executor_call=1|command=takeoff|result=TIMEOUT|response=|elapsed_ms=5043|timing_total_ms=5043|recv_wait_ms=5043|attempt_log=[attempt=1|send=OK|raw=|result=TIMEOUT],1381,1381,0,0,0,10.0999,10.1756,41,99,784,304,1209,11,5,0,OK,100,1,120,106,190.13,0,70,77,80,4050,18284539,0,0,0,31.1207,24,30,-1,0,0,0,0,0,0,OK,100,OK,100,1,telemetry=OK; video=OK; command=OK; rc=OK,OK,OK,OK,OK,51,50,1,24,0,4050,18284539,3894,0,0,0,0,0,0,0,0,0,0,3894,2,31.1207,960,720,0,0,1,0,OK,0,,0,vision:ffmpeg_stream,,,CONNECTED,0,tof,2,1,1,0,0,20,0,0,0,0,0,0,0,125,250,1,0,0,0,1,0,0,0,1047,2847,955,300,0,0,0,0,0,battery?,,ERROR,0,-1,-1
,gui,,CONTROL_PANEL,85117,96,2,1,1,2521.5,0,5043,5043,18125,66992,1,0,1,5043,0,5043,0,5043,0,5043,5043,0,1,0,takeoff,telemetry_confirmed(takeoff before_h=0 before_tof=10 after_h=100 after_tof=72 wait_ms=0),TIMEOUT,manual,Timeout waiting for response,attempt=1|send=OK|raw=|result=TIMEOUT,executor_call=1|command=takeoff|result=TIMEOUT|response=|elapsed_ms=5043|timing_total_ms=5043|recv_wait_ms=5043|attempt_log=[attempt=1|send=OK|raw=|result=TIMEOUT],1392,1392,0,0,0,9.98235,9.95348,61,100,784,304,1209,11,5,0,OK,100,1,120,109,190.11,0,69,77,79,4085,18430438,0,0,0,30.2192,1,35,-1,0,0,0,0,0,0,OK,100,OK,100,1,telemetry=OK; video=OK; command=OK; rc=OK,OK,OK,OK,OK,50,50,1,47,0,4085,18430438,3929,0,0,0,0,0,0,0,0,0,0,3929,2,30.2192,960,720,0,0,1,0,OK,0,,0,vision:ffmpeg_stream,,,CONNECTED,0,tof,0,1,1,0,0,-20,0,0,0,0,0,0,0,124,250,1,0,0,0,1,0,0,0,1057,2872,964,300,0,0,0,0,0,battery?,,ERROR,0,-1,-1
,gui,,CONTROL_PANEL,86117,97,2,1,1,2521.5,0,5043,5043,18125,67992,1,0,1,5043,0,5043,0,5043,0,5043,5043,0,1,0,takeoff,telemetry_confirmed(takeoff before_h=0 before_tof=10 after_h=100 after_tof=72 wait_ms=0),TIMEOUT,manual,Timeout waiting for response,attempt=1|send=OK|raw=|result=TIMEOUT,executor_call=1|command=takeoff|result=TIMEOUT|response=|elapsed_ms=5043|timing_total_ms=5043|recv_wait_ms=5043|attempt_log=[attempt=1|send=OK|raw=|result=TIMEOUT],1402,1402,0,0,0,9.36474,10.4428,87,106,784,304,1209,11,5,0,OK,100,1,120,100,189.86,0,69,76,80,4115,18555483,0,0,0,30.7276,1,30,-1,0,0,0,0,0,0,OK,100,OK,100,1,telemetry=OK; video=OK; command=OK; rc=OK,OK,OK,OK,OK,50,50,1,45,0,4115,18555483,3959,0,0,0,0,0,0,0,0,0,0,3959,2,30.7276,960,720,0,0,1,0,OK,0,,0,vision:ffmpeg_stream,,,CONNECTED,0,tof,0,1,1,0,0,-20,0,0,0,0,0,0,0,124,250,1,0,0,0,1,0,0,0,1065,2894,971,300,0,0,0,0,0,battery?,,ERROR,0,-1,-1
,gui,,CONTROL_PANEL,87242,98,2,1,1,2521.5,0,5043,5043,18125,69117,1,0,1,5043,0,5043,0,5043,0,5043,5043,0,1,0,takeoff,telemetry_confirmed(takeoff before_h=0 before_tof=10 after_h=100 after_tof=72 wait_ms=0),TIMEOUT,manual,Timeout waiting for response,attempt=1|send=OK|raw=|result=TIMEOUT,executor_call=1|command=takeoff|result=TIMEOUT|response=|elapsed_ms=5043|timing_total_ms=5043|recv_wait_ms=5043|attempt_log=[attempt=1|send=OK|raw=|result=TIMEOUT],1412,1412,0,0,0,41.8925,15.3877,137,23,784,304,1209,11,5,0,OK,100,1,110,91,190.14,1,69,77,80,4146,18684742,0,0,0,46.4021,13,31,-1,0,0,0,0,0,0,OK,100,OK,100,1,telemetry=OK; video=OK; command=OK; rc=OK,OK,OK,OK,OK,50,50,1,16,0,4146,18684742,3990,0,0,0,0,0,0,0,0,0,0,3990,2,46.4021,960,720,0,0,1,0,OK,0,,0,vision:ffmpeg_stream,,,CONNECTED,0,tof,1,1,1,0,0,-20,0,0,0,0,0,0,0,124,250,1,0,0,0,1,0,0,0,1074,2916,979,300,0,0,0,0,0,battery?,,ERROR,0,-1,-1
,gui,,CONTROL_PANEL,88367,99,2,1,1,2521.5,0,5043,5043,18125,70242,1,0,1,5043,0,5043,0,5043,0,5043,5043,0,1,0,takeoff,telemetry_confirmed(takeoff before_h=0 before_tof=10 after_h=100 after_tof=72 wait_ms=0),TIMEOUT,manual,Timeout waiting for response,attempt=1|send=OK|raw=|result=TIMEOUT,executor_call=1|command=takeoff|result=TIMEOUT|response=|elapsed_ms=5043|timing_total_ms=5043|recv_wait_ms=5043|attempt_log=[attempt=1|send=OK|raw=|result=TIMEOUT],1425,1425,0,0,0,9.83055,10.7326,31,101,784,304,1209,11,5,0,OK,100,1,90,79,189.81,0,69,76,80,4182,18835032,0,0,0,30.5526,25,36,-1,0,0,0,0,0,0,OK,100,OK,100,1,telemetry=OK; video=OK; command=OK; rc=OK,OK,OK,OK,OK,51,50,1,38,0,4182,18835032,4026,0,0,0,0,0,0,0,0,0,0,4026,2,30.5526,960,720,0,0,1,0,OK,0,,0,vision:ffmpeg_stream,,,CONNECTED,0,tof,0,1,1,0,0,-20,0,0,0,0,0,0,0,125,249,1,0,0,0,1,0,0,0,1083,2943,988,300,0,0,0,0,0,battery?,,ERROR,0,-1,-1
,gui,,CONTROL_PANEL,89492,100,2,1,1,2521.5,0,5043,5043,18125,71367,1,0,1,5043,0,5043,0,5043,0,5043,5043,0,1,0,takeoff,telemetry_confirmed(takeoff before_h=0 before_tof=10 after_h=100 after_tof=72 wait_ms=0),TIMEOUT,manual,Timeout waiting for response,attempt=1|send=OK|raw=|result=TIMEOUT,executor_call=1|command=takeoff|result=TIMEOUT|response=|elapsed_ms=5043|timing_total_ms=5043|recv_wait_ms=5043|attempt_log=[attempt=1|send=OK|raw=|result=TIMEOUT],1436,1436,0,0,0,9.84299,10.6879,33,101,784,304,1209,11,5,0,OK,100,1,90,73,189.61,0,69,77,80,4216,18976742,0,0,0,32.2848,26,34,-1,0,0,0,0,0,0,OK,100,OK,100,1,telemetry=OK; video=OK; command=OK; rc=OK,OK,OK,OK,OK,51,50,1,913,0,4216,18976742,4060,0,0,0,0,0,0,0,0,0,0,4060,2,32.2848,960,720,0,0,1,0,OK,0,,0,vision:ffmpeg_stream,,,CONNECTED,0,tof,2,1,1,0,0,0,0,0,0,0,0,0,0,125,249,1,0,0,0,1,0,0,0,1093,2967,997,300,0,0,0,0,0,battery?,,ERROR,0,-1,-1
,gui,,CONTROL_PANEL,90492,101,2,1,1,2521.5,0,5043,5043,18125,72367,1,0,1,5043,0,5043,0,5043,0,5043,5043,0,1,0,takeoff,telemetry_confirmed(takeoff before_h=0 before_tof=10 after_h=100 after_tof=72 wait_ms=0),TIMEOUT,manual,Timeout waiting for response,attempt=1|send=OK|raw=|result=TIMEOUT,executor_call=1|command=takeoff|result=TIMEOUT|response=|elapsed_ms=5043|timing_total_ms=5043|recv_wait_ms=5043|attempt_log=[attempt=1|send=OK|raw=|result=TIMEOUT],1446,1446,0,0,0,9.84491,10.6845,17,101,784,304,1209,11,5,0,OK,100,1,90,76,189.78,0,69,77,80,4246,19101664,0,0,0,31.9513,27,30,-1,0,0,0,0,0,0,OK,100,OK,100,1,telemetry=OK; video=OK; command=OK; rc=OK,OK,OK,OK,OK,50,50,1,9,0,4246,19101664,4090,0,0,0,0,0,0,0,0,0,0,4090,2,31.9513,960,720,0,0,1,0,OK,0,,0,vision:ffmpeg_stream,,,CONNECTED,0,tof,2,1,1,0,0,-20,0,0,0,0,0,0,0,125,249,1,0,0,0,1,0,0,0,1101,2989,1005,300,0,0,0,0,0,battery?,,ERROR,0,-1,-1
,gui,,CONTROL_PANEL,91617,102,2,1,1,2521.5,0,5043,5043,18125,73492,1,0,1,5043,0,5043,0,5043,0,5043,5043,0,1,0,takeoff,telemetry_confirmed(takeoff before_h=0 before_tof=10 after_h=100 after_tof=72 wait_ms=0),TIMEOUT,manual,Timeout waiting for response,attempt=1|send=OK|raw=|result=TIMEOUT,executor_call=1|command=takeoff|result=TIMEOUT|response=|elapsed_ms=5043|timing_total_ms=5043|recv_wait_ms=5043|attempt_log=[attempt=1|send=OK|raw=|result=TIMEOUT],1457,1457,0,0,0,9.87867,10.5425,74,101,784,304,1209,11,5,0,OK,100,1,80,66,189.69,0,69,77,80,4280,19243346,0,0,0,50.8393,43,34,-1,0,0,0,0,0,0,OK,100,OK,100,1,telemetry=OK; video=OK; command=OK; rc=OK,OK,OK,OK,OK,50,50,1,31,0,4280,19243346,4124,0,0,0,0,0,0,0,0,0,0,4124,2,50.8393,960,720,0,0,1,0,OK,0,,0,vision:ffmpeg_stream,,,CONNECTED,0,tof,0,1,1,0,0,-20,0,0,0,0,0,0,0,125,250,1,0,0,0,1,0,0,0,1110,3014,1014,300,0,0,0,0,0,battery?,,ERROR,0,-1,-1
,gui,,CONTROL_PANEL,92617,103,2,1,1,2521.5,0,5043,5043,18125,74492,1,0,1,5043,0,5043,0,5043,0,5043,5043,0,1,0,takeoff,telemetry_confirmed(takeoff before_h=0 before_tof=10 after_h=100 after_tof=72 wait_ms=0),TIMEOUT,manual,Timeout waiting for response,attempt=1|send=OK|raw=|result=TIMEOUT,executor_call=1|command=takeoff|result=TIMEOUT|response=|elapsed_ms=5043|timing_total_ms=5043|recv_wait_ms=5043|attempt_log=[attempt=1|send=OK|raw=|result=TIMEOUT],1467,1467,0,0,0,9.68139,9.74776,46,103,784,304,1209,11,5,0,OK,100,1,70,55,189.33,1,69,78,79,4310,19368388,0,0,0,41.2755,44,30,-1,0,0,0,0,0,0,OK,100,OK,100,1,telemetry=OK; video=OK; command=OK; rc=OK,OK,OK,OK,OK,50,50,1,28,0,4310,19368388,4154,0,0,0,0,0,0,0,0,0,0,4154,2,41.2755,960,720,0,0,1,0,OK,0,,0,vision:ffmpeg_stream,,,CONNECTED,0,tof,0,1,1,0,0,-20,0,0,0,0,0,0,0,124,250,1,0,0,0,1,0,0,0,1119,3035,1022,300,0,0,0,0,0,battery?,,ERROR,0,-1,-1
,gui,,CONTROL_PANEL,93742,104,2,1,1,2521.5,0,5043,5043,18125,75617,1,0,1,5043,0,5043,0,5043,0,5043,5043,0,1,0,takeoff,telemetry_confirmed(takeoff before_h=0 before_tof=10 after_h=100 after_tof=72 wait_ms=0),TIMEOUT,manual,Timeout waiting for response,attempt=1|send=OK|raw=|result=TIMEOUT,executor_call=1|command=takeoff|result=TIMEOUT|response=|elapsed_ms=5043|timing_total_ms=5043|recv_wait_ms=5043|attempt_log=[attempt=1|send=OK|raw=|result=TIMEOUT],1477,1477,0,0,0,8.03627,114.957,60,124,784,484,1469,13,5,0,OK,100,1,60,47,189.62,0,69,77,79,4323,19422655,0,0,0,23.8342,16,13,-1,0,0,0,0,0,0,OK,100,OK,100,1,telemetry=OK; video=OK; command=OK; rc=OK,OK,OK,OK,OK,50,50,1,502,0,4323,19422655,4167,0,0,0,0,0,0,0,0,0,0,4167,2,23.8342,960,720,0,0,1,0,OK,0,,0,vision:ffmpeg_stream,,,CONNECTED,0,tof,1,1,1,0,0,0,0,0,0,0,0,0,0,125,249,1,0,0,0,1,0,0,0,1123,3044,1026,300,0,0,0,0,0,battery?,,ERROR,0,-1,-1
,gui,,CONTROL_PANEL,94867,105,2,1,1,2521.5,0,5043,5043,18125,76742,1,0,1,5043,0,5043,0,5043,0,5043,5043,0,1,0,takeoff,telemetry_confirmed(takeoff before_h=0 before_tof=10 after_h=100 after_tof=72 wait_ms=0),TIMEOUT,manual,Timeout waiting for response,attempt=1|send=OK|raw=|result=TIMEOUT,executor_call=1|command=takeoff|result=TIMEOUT|response=|elapsed_ms=5043|timing_total_ms=5043|recv_wait_ms=5043|attempt_log=[attempt=1|send=OK|raw=|result=TIMEOUT],1490,1490,0,0,0,10.0632,17.3283,51,99,784,484,1469,13,5,0,OK,100,1,50,36,189.67,0,69,77,79,4379,19654752,0,0,0,33.3416,4,56,-1,0,0,0,0,0,0,OK,100,OK,100,1,telemetry=OK; video=OK; command=OK; rc=OK,OK,OK,OK,OK,51,50,1,524,0,4379,19654752,4223,0,0,0,0,0,0,0,0,0,0,4223,2,33.3416,960,720,0,0,1,0,OK,0,,0,vision:ffmpeg_stream,,,CONNECTED,0,tof,0,1,1,0,0,0,0,0,0,0,0,0,0,124,250,1,0,0,0,1,0,0,0,1133,3090,1035,300,0,0,0,0,0,battery?,,ERROR,0,-1,-1
,gui,,CONTROL_PANEL,95992,106,2,1,1,2521.5,0,5043,5043,18125,77867,1,0,1,5043,0,5043,0,5043,0,5043,5043,0,1,0,takeoff,telemetry_confirmed(takeoff before_h=0 before_tof=10 after_h=100 after_tof=72 wait_ms=0),TIMEOUT,manual,Timeout waiting for response,attempt=1|send=OK|raw=|result=TIMEOUT,executor_call=1|command=takeoff|result=TIMEOUT|response=|elapsed_ms=5043|timing_total_ms=5043|recv_wait_ms=5043|attempt_log=[attempt=1|send=OK|raw=|result=TIMEOUT],1501,1501,0,0,0,10.0675,10.7266,85,99,784,484,1469,13,5,0,OK,100,1,60,48,189.15,0,69,77,80,4413,19796456,0,0,0,31.3993,28,34,-1,0,0,0,0,0,0,OK,100,OK,100,1,telemetry=OK; video=OK; command=OK; rc=OK,OK,OK,OK,OK,50,50,1,497,0,4413,19796456,4257,0,0,0,0,0,0,0,0,0,0,4257,2,31.3993,960,720,0,0,1,0,OK,0,,0,vision:ffmpeg_stream,,,CONNECTED,0,tof,1,1,1,0,0,0,0,0,0,0,0,0,0,125,250,1,0,0,0,1,0,0,0,1141,3116,1043,300,0,0,0,0,0,battery?,,ERROR,0,-1,-1
,gui,,CONTROL_PANEL,96992,107,2,1,1,2521.5,0,5043,5043,18125,78867,1,0,1,5043,0,5043,0,5043,0,5043,5043,0,1,0,takeoff,telemetry_confirmed(takeoff before_h=0 before_tof=10 after_h=100 after_tof=72 wait_ms=0),TIMEOUT,manual,Timeout waiting for response,attempt=1|send=OK|raw=|result=TIMEOUT,executor_call=1|command=takeoff|result=TIMEOUT|response=|elapsed_ms=5043|timing_total_ms=5043|recv_wait_ms=5043|attempt_log=[attempt=1|send=OK|raw=|result=TIMEOUT],1512,1512,0,0,0,20.1868,16.6477,42,49,784,484,1469,13,5,0,OK,100,1,60,44,189.69,0,69,77,80,4444,19924447,0,0,0,33.7604,20,31,-1,0,0,0,0,0,0,OK,100,OK,100,1,telemetry=OK; video=OK; command=OK; rc=OK,OK,OK,OK,OK,50,50,1,1498,0,4444,19924447,4288,0,0,0,0,0,0,0,0,0,0,4288,2,33.7604,960,720,0,0,1,0,OK,0,,0,vision:ffmpeg_stream,,,CONNECTED,0,tof,2,1,1,0,0,0,0,0,0,0,0,0,0,125,250,1,0,0,0,1,0,0,0,1148,3140,1048,300,0,0,0,0,0,battery?,,ERROR,0,-1,-1
,gui,,CONTROL_PANEL,98117,108,2,1,1,2521.5,0,5043,5043,18125,79992,1,0,1,5043,0,5043,0,5043,0,5043,5043,0,1,0,takeoff,telemetry_confirmed(takeoff before_h=0 before_tof=10 after_h=100 after_tof=72 wait_ms=0),TIMEOUT,manual,Timeout waiting for response,attempt=1|send=OK|raw=|result=TIMEOUT,executor_call=1|command=takeoff|result=TIMEOUT|response=|elapsed_ms=5043|timing_total_ms=5043|recv_wait_ms=5043|attempt_log=[attempt=1|send=OK|raw=|result=TIMEOUT],1523,1523,0,0,0,10.2245,10.8219,72,97,784,484,1469,13,5,0,OK,100,1,50,37,189.65,0,69,77,80,4479,20070464,0,0,0,31.4951,14,35,-1,0,0,0,0,0,0,OK,100,OK,100,1,telemetry=OK; video=OK; command=OK; rc=OK,OK,OK,OK,OK,50,50,1,17,0,4479,20070464,4323,0,0,0,0,0,0,0,0,0,0,4323,2,31.4951,960,720,0,0,1,0,OK,0,,0,vision:ffmpeg_stream,,,CONNECTED,0,tof,0,1,1,0,0,0,-20,0,0,0,0,0,0,125,249,1,0,0,0,1,0,0,0,1157,3166,1057,300,0,0,0,0,0,battery?,,ERROR,0,-1,-1
,gui,,CONTROL_PANEL,99242,109,2,1,1,2521.5,0,5043,5043,18125,81117,1,0,1,5043,0,5043,0,5043,0,5043,5043,0,1,0,takeoff,telemetry_confirmed(takeoff before_h=0 before_tof=10 after_h=100 after_tof=72 wait_ms=0),TIMEOUT,manual,Timeout waiting for response,attempt=1|send=OK|raw=|result=TIMEOUT,executor_call=1|command=takeoff|result=TIMEOUT|response=|elapsed_ms=5043|timing_total_ms=5043|recv_wait_ms=5043|attempt_log=[attempt=1|send=OK|raw=|result=TIMEOUT],1534,1534,0,0,0,10.0742,10.1486,109,99,784,484,1469,13,5,0,OK,100,1,50,38,189.34,0,69,77,80,4513,20211958,0,0,0,28.7742,16,34,-1,0,0,0,0,0,0,OK,100,OK,100,1,telemetry=OK; video=OK; command=OK; rc=OK,OK,OK,OK,OK,50,50,1,40,0,4513,20211958,4357,0,0,0,0,0,0,0,0,0,0,4357,2,28.7742,960,720,0,0,1,0,OK,0,,0,vision:ffmpeg_stream,,,CONNECTED,0,tof,1,1,1,0,0,0,-20,0,0,0,0,0,0,125,250,1,0,0,0,1,0,0,0,1166,3191,1066,300,0,0,0,0,0,battery?,,ERROR,0,-1,-1
,gui,,CONTROL_PANEL,100367,110,2,1,1,2521.5,0,5043,5043,18125,82242,1,0,1,5043,0,5043,0,5043,0,5043,5043,0,1,0,takeoff,telemetry_confirmed(takeoff before_h=0 before_tof=10 after_h=100 after_tof=72 wait_ms=0),TIMEOUT,manual,Timeout waiting for response,attempt=1|send=OK|raw=|result=TIMEOUT,executor_call=1|command=takeoff|result=TIMEOUT|response=|elapsed_ms=5043|timing_total_ms=5043|recv_wait_ms=5043|attempt_log=[attempt=1|send=OK|raw=|result=TIMEOUT],1546,1546,0,0,0,10.0835,10.1558,43,99,784,484,1469,13,5,0,OK,100,1,50,39,189.51,0,69,77,79,4549,20361984,0,0,0,42.7451,14,36,-1,0,0,0,0,0,0,OK,100,OK,100,1,telemetry=OK; video=OK; command=OK; rc=OK,OK,OK,OK,OK,50,50,1,12,0,4549,20361984,4393,0,0,0,0,0,0,0,0,0,0,4393,2,42.7451,960,720,0,0,1,0,OK,0,,0,vision:ffmpeg_stream,,,CONNECTED,0,tof,0,1,1,0,0,0,-20,0,0,0,0,0,0,124,250,1,0,0,0,1,0,0,0,1175,3218,1075,300,0,0,0,0,0,battery?,,ERROR,0,-1,-1
,gui,,CONTROL_PANEL,101367,111,2,1,1,2521.5,0,5043,5043,18125,83242,1,0,1,5043,0,5043,0,5043,0,5043,5043,0,1,0,takeoff,telemetry_confirmed(takeoff before_h=0 before_tof=10 after_h=100 after_tof=72 wait_ms=0),TIMEOUT,manual,Timeout waiting for response,attempt=1|send=OK|raw=|result=TIMEOUT,executor_call=1|command=takeoff|result=TIMEOUT|response=|elapsed_ms=5043|timing_total_ms=5043|recv_wait_ms=5043|attempt_log=[attempt=1|send=OK|raw=|result=TIMEOUT],1556,1556,0,0,0,21.2695,12.8814,30,47,784,484,1469,13,5,0,OK,100,1,50,39,189.49,0,68,78,80,4575,20470340,0,0,0,43.6275,34,26,-1,0,0,0,0,0,0,OK,100,OK,100,1,telemetry=OK; video=OK; command=OK; rc=OK,OK,OK,OK,OK,50,50,1,9,0,4575,20470340,4419,0,0,0,0,0,0,0,0,0,0,4419,2,43.6275,960,720,0,0,1,0,OK,0,,0,vision:ffmpeg_stream,,,CONNECTED,0,tof,0,1,1,0,0,0,-20,0,0,0,0,0,0,124,250,1,0,0,0,1,0,0,0,1182,3237,1082,300,0,0,0,0,0,battery?,,ERROR,0,-1,-1
,gui,,CONTROL_PANEL,102492,112,2,1,1,2521.5,0,5043,5043,18125,84367,1,0,1,5043,0,5043,0,5043,0,5043,5043,0,1,0,takeoff,telemetry_confirmed(takeoff before_h=0 before_tof=10 after_h=100 after_tof=72 wait_ms=0),TIMEOUT,manual,Timeout waiting for response,attempt=1|send=OK|raw=|result=TIMEOUT,executor_call=1|command=takeoff|result=TIMEOUT|response=|elapsed_ms=5043|timing_total_ms=5043|recv_wait_ms=5043|attempt_log=[attempt=1|send=OK|raw=|result=TIMEOUT],1566,1566,0,0,0,20.3693,12.442,17,49,784,484,1469,13,5,0,OK,100,1,60,40,189.71,0,68,77,80,4594,20549517,0,0,0,18.5837,2,19,-1,0,0,0,0,0,0,OK,100,OK,100,1,telemetry=OK; video=OK; command=OK; rc=OK,OK,OK,OK,OK,50,50,1,32,0,4594,20549517,4438,0,0,0,0,0,0,0,0,0,0,4438,2,18.5837,960,720,0,0,1,0,OK,0,,0,vision:ffmpeg_stream,,,CONNECTED,0,tof,2,1,1,0,0,0,-20,0,0,0,0,0,0,124,250,1,0,0,0,1,0,0,0,1191,3247,1090,300,0,0,0,0,0,battery?,,ERROR,0,-1,-1
,gui,,CONTROL_PANEL,103492,113,2,1,1,2521.5,0,5043,5043,18125,85367,1,0,1,5043,0,5043,0,5043,0,5043,5043,0,1,0,takeoff,telemetry_confirmed(takeoff before_h=0 before_tof=10 after_h=100 after_tof=72 wait_ms=0),TIMEOUT,manual,Timeout waiting for response,attempt=1|send=OK|raw=|result=TIMEOUT,executor_call=1|command=takeoff|result=TIMEOUT|response=|elapsed_ms=5043|timing_total_ms=5043|recv_wait_ms=5043|attempt_log=[attempt=1|send=OK|raw=|result=TIMEOUT],1577,1577,0,0,0,12.9741,13.7399,40,77,784,484,1469,13,5,0,OK,100,1,60,41,189.77,0,68,78,81,4611,20621273,0,0,0,20.6524,23,17,-1,0,0,0,0,0,0,OK,100,OK,100,1,telemetry=OK; video=OK; command=OK; rc=OK,OK,OK,OK,OK,50,50,1,29,0,4611,20621273,4455,0,0,0,0,0,0,0,0,0,0,4455,2,20.6524,960,720,0,0,1,0,OK,0,,0,vision:ffmpeg_stream,,,CONNECTED,0,tof,2,1,1,0,0,0,-20,0,0,0,0,0,0,125,250,1,0,0,0,1,0,0,0,1198,3257,1097,300,0,0,0,0,0,battery?,,ERROR,0,-1,-1
,gui,,CONTROL_PANEL,104617,114,2,1,1,2521.5,0,5043,5043,18125,86492,1,0,1,5043,0,5043,0,5043,0,5043,5043,0,1,0,takeoff,telemetry_confirmed(takeoff before_h=0 before_tof=10 after_h=100 after_tof=72 wait_ms=0),TIMEOUT,manual,Timeout waiting for response,attempt=1|send=OK|raw=|result=TIMEOUT,executor_call=1|command=takeoff|result=TIMEOUT|response=|elapsed_ms=5043|timing_total_ms=5043|recv_wait_ms=5043|attempt_log=[attempt=1|send=OK|raw=|result=TIMEOUT],1588,1588,0,0,0,13.1401,11.3599,64,76,784,484,1469,13,5,0,OK,100,1,60,40,189.57,0,68,77,80,4638,20735604,0,0,0,25.0748,4,27,-1,0,0,0,0,0,0,OK,100,OK,100,1,telemetry=OK; video=OK; command=OK; rc=OK,OK,OK,OK,OK,50,50,1,453,0,4638,20735604,4482,0,0,0,0,0,0,0,0,0,0,4482,2,25.0748,960,720,0,0,1,0,OK,0,,0,vision:ffmpeg_stream,,,CONNECTED,0,tof,0,1,1,0,0,0,0,0,0,0,0,0,0,125,250,1,0,0,0,1,0,0,0,1207,3275,1106,300,0,0,0,0,0,battery?,,ERROR,0,-1,-1
,gui,,CONTROL_PANEL,105742,115,2,1,1,2521.5,0,5043,5043,18125,87617,1,0,1,5043,0,5043,0,5043,0,5043,5043,0,1,0,takeoff,telemetry_confirmed(takeoff before_h=0 before_tof=10 after_h=100 after_tof=72 wait_ms=0),TIMEOUT,manual,Timeout waiting for response,attempt=1|send=OK|raw=|result=TIMEOUT,executor_call=1|command=takeoff|result=TIMEOUT|response=|elapsed_ms=5043|timing_total_ms=5043|recv_wait_ms=5043|attempt_log=[attempt=1|send=OK|raw=|result=TIMEOUT],1601,1601,0,0,0,10.112,11.5565,33,98,784,484,1469,13,5,0,OK,100,1,50,37,189.47,0,68,78,80,4705,21014817,0,0,0,41.7091,14,67,-1,0,0,0,0,0,0,OK,100,OK,100,1,telemetry=OK; video=OK; command=OK; rc=OK,OK,OK,OK,OK,50,50,1,1578,0,4705,21014817,4524,0,0,0,0,0,0,0,0,0,0,4524,2,41.7091,960,720,0,0,1,0,OK,0,,0,vision:ffmpeg_stream,,,CONNECTED,0,tof,2,1,1,0,0,0,0,0,0,0,0,0,0,125,250,1,0,0,0,1,0,0,0,1215,3309,1113,300,0,0,0,0,0,battery?,,ERROR,0,-1,-1
,gui,,CONTROL_PANEL,106866,116,2,1,1,2521.5,0,5043,5043,18125,88741,1,0,1,5043,0,5043,0,5043,0,5043,5043,0,1,0,takeoff,telemetry_confirmed(takeoff before_h=0 before_tof=10 after_h=100 after_tof=72 wait_ms=0),TIMEOUT,manual,Timeout waiting for response,attempt=1|send=OK|raw=|result=TIMEOUT,executor_call=1|command=takeoff|result=TIMEOUT|response=|elapsed_ms=5043|timing_total_ms=5043|recv_wait_ms=5043|attempt_log=[attempt=1|send=OK|raw=|result=TIMEOUT],1612,1612,0,0,0,10.0641,11.2671,117,99,784,484,1469,13,5,0,OK,100,1,60,42,189.51,0,68,78,80,4738,21152381,0,0,0,30.8496,44,33,-1,0,0,0,0,0,0,OK,100,OK,100,1,telemetry=OK; video=OK; command=OK; rc=OK,OK,OK,OK,OK,50,50,1,2703,0,4738,21152381,4557,0,0,0,0,0,0,0,0,0,0,4557,2,30.8496,960,720,0,0,1,0,OK,0,,0,vision:ffmpeg_stream,,,CONNECTED,0,tof,0,1,1,0,0,0,0,0,0,0,0,0,0,124,250,1,0,0,0,1,0,0,0,1224,3333,1122,300,0,0,0,0,0,battery?,,ERROR,0,-1,-1
,gui,,CONTROL_PANEL,107867,117,2,1,1,2521.5,0,5043,5043,18125,89742,1,0,1,5043,0,5043,0,5043,0,5043,5043,0,1,0,takeoff,telemetry_confirmed(takeoff before_h=0 before_tof=10 after_h=100 after_tof=72 wait_ms=0),TIMEOUT,manual,Timeout waiting for response,attempt=1|send=OK|raw=|result=TIMEOUT,executor_call=1|command=takeoff|result=TIMEOUT|response=|elapsed_ms=5043|timing_total_ms=5043|recv_wait_ms=5043|attempt_log=[attempt=1|send=OK|raw=|result=TIMEOUT],1613,1613,0,0,0,1.7641,9.36649,550,566,784,566,1613,14,6,0,STALE,0,1,60,43,189.41,0,68,78,80,4739,21156581,0,0,0,26.3685,926,1,-1,0,0,0,0,0,0,STALE,0,STALE,0,0,telemetry=STALE; video=STALE; command=OK; rc=OK,STALE,STALE,OK,OK,50,50,1,3703,0,4739,21156581,4558,0,0,0,0,0,0,0,0,0,0,4558,2,26.3685,960,720,0,0,1,0,OK,0,,0,vision:ffmpeg_stream,,,CONNECTED,0,tof,0,1,1,0,0,0,0,0,0,0,0,0,0,125,250,0,0,0,0,1,0,0,0,1225,3333,1123,300,0,0,0,0,0,battery?,,ERROR,0,-1,-1
,gui,,CONTROL_PANEL,108337,118,2,1,1,2521.5,0,5043,5043,18125,90212,1,0,1,5043,0,5043,0,5043,0,5043,5043,0,1,0,takeoff,telemetry_confirmed(takeoff before_h=0 before_tof=10 after_h=100 after_tof=72 wait_ms=0),TIMEOUT,manual,Timeout waiting for response,attempt=1|send=OK|raw=|result=TIMEOUT,executor_call=1|command=takeoff|result=TIMEOUT|response=|elapsed_ms=5043|timing_total_ms=5043|recv_wait_ms=5043|attempt_log=[attempt=1|send=OK|raw=|result=TIMEOUT],1613,1613,0,1,0,1.7641,9.36649,1020,566,784,566,1613,14,6,0,STALE,0,1,60,43,189.41,0,68,78,80,4739,21156581,0,0,0,26.3685,1396,1,-1,0,0,0,0,0,0,STALE,0,STALE,0,0,telemetry=STALE; video=STALE; command=OK; rc=OK,STALE,STALE,OK,OK,50,50,1,4173,0,4739,21156581,4558,0,0,0,0,0,0,0,0,0,0,4558,2,26.3685,960,720,0,0,1,0,OK,0,,0,log,2026-07-09T12:16:23.720,plot metric changed => yaw,CONNECTED,0,yaw,0,1,1,0,0,0,0,0,0,0,0,0,0,125,249,0,0,0,0,1,0,0,0,1225,3333,1123,300,0,0,0,0,0,battery?,,ERROR,0,-1,-1
,gui,,CONTROL_PANEL,108337,119,2,1,1,2521.5,0,5043,5043,18125,90212,1,0,1,5043,0,5043,0,5043,0,5043,5043,0,1,0,takeoff,telemetry_confirmed(takeoff before_h=0 before_tof=10 after_h=100 after_tof=72 wait_ms=0),TIMEOUT,manual,Timeout waiting for response,attempt=1|send=OK|raw=|result=TIMEOUT,executor_call=1|command=takeoff|result=TIMEOUT|response=|elapsed_ms=5043|timing_total_ms=5043|recv_wait_ms=5043|attempt_log=[attempt=1|send=OK|raw=|result=TIMEOUT],1613,1613,0,1,0,1.7641,9.36649,1020,566,784,566,1613,14,6,0,STALE,0,1,60,43,189.41,0,68,78,80,4739,21156581,0,0,0,26.3685,1396,1,-1,0,0,0,0,0,0,STALE,0,STALE,0,0,telemetry=STALE; video=STALE; command=OK; rc=OK,STALE,STALE,OK,OK,50,50,1,4173,0,4739,21156581,4558,0,0,0,0,0,0,0,0,0,0,4558,2,26.3685,960,720,0,0,1,0,OK,0,,0,plot_metric_changed:yaw,,,CONNECTED,0,yaw,0,1,1,0,0,0,0,0,0,0,0,0,0,125,249,0,0,0,0,1,0,0,0,1225,3333,1123,300,0,0,0,0,0,battery?,,ERROR,0,-1,-1
,gui,,CONTROL_PANEL,108992,120,2,1,1,2521.5,0,5043,5043,18125,90867,1,0,1,5043,0,5043,0,5043,0,5043,5043,0,1,0,takeoff,telemetry_confirmed(takeoff before_h=0 before_tof=10 after_h=100 after_tof=72 wait_ms=0),TIMEOUT,manual,Timeout waiting for response,attempt=1|send=OK|raw=|result=TIMEOUT,executor_call=1|command=takeoff|result=TIMEOUT|response=|elapsed_ms=5043|timing_total_ms=5043|recv_wait_ms=5043|attempt_log=[attempt=1|send=OK|raw=|result=TIMEOUT],1634,1634,0,1,0,11.1959,75.0264,57,89,1098,1098,1614,15,7,1,OK,100,1,60,42,189.74,0,68,78,80,4789,21362109,0,0,0,107.592,19,50,-1,0,0,0,0,0,0,OK,100,OK,100,1,telemetry=OK; video=OK; command=OK; rc=OK,OK,OK,OK,OK,51,50,1,4828,0,4789,21362109,4593,0,0,0,0,0,0,0,0,0,0,4593,2,107.592,960,720,0,0,1,0,OK,0,,0,vision:ffmpeg_stream,,,CONNECTED,0,yaw,2,1,1,0,0,0,0,0,0,0,0,0,0,125,251,0,0,0,0,0,0,0,0,1230,3363,1126,300,0,0,0,0,0,battery?,,ERROR,0,-1,-1
,gui,,CONTROL_PANEL,110117,121,2,1,1,2521.5,0,5043,5043,18125,91992,1,0,1,5043,0,5043,0,5043,0,5043,5043,0,1,0,takeoff,telemetry_confirmed(takeoff before_h=0 before_tof=10 after_h=100 after_tof=72 wait_ms=0),TIMEOUT,manual,Timeout waiting for response,attempt=1|send=OK|raw=|result=TIMEOUT,executor_call=1|command=takeoff|result=TIMEOUT|response=|elapsed_ms=5043|timing_total_ms=5043|recv_wait_ms=5043|attempt_log=[attempt=1|send=OK|raw=|result=TIMEOUT],1646,1646,0,1,0,9.88956,16.1595,39,101,1098,1098,1614,15,7,1,OK,100,1,50,33,189.37,0,68,78,80,4824,21507904,0,0,0,39.2947,33,35,-1,0,0,0,0,0,0,OK,100,OK,100,1,telemetry=OK; video=OK; command=OK; rc=OK,OK,OK,OK,OK,50,50,1,5953,0,4824,21507904,4628,0,0,0,0,0,0,0,0,0,0,4628,2,39.2947,960,720,0,0,1,0,OK,0,,0,vision:ffmpeg_stream,,,CONNECTED,0,yaw,0,1,1,0,0,0,0,0,0,0,0,0,0,125,250,1,0,0,0,0,0,0,0,1238,3390,1134,300,0,0,0,0,0,battery?,,ERROR,0,-1,-1
,gui,,CONTROL_PANEL,111117,122,2,1,1,2521.5,0,5043,5043,18125,92992,1,0,1,5043,0,5043,0,5043,0,5043,5043,0,1,0,takeoff,telemetry_confirmed(takeoff before_h=0 before_tof=10 after_h=100 after_tof=72 wait_ms=0),TIMEOUT,manual,Timeout waiting for response,attempt=1|send=OK|raw=|result=TIMEOUT,executor_call=1|command=takeoff|result=TIMEOUT|response=|elapsed_ms=5043|timing_total_ms=5043|recv_wait_ms=5043|attempt_log=[attempt=1|send=OK|raw=|result=TIMEOUT],1656,1656,0,1,0,9.98005,10.7167,47,100,1098,1098,1614,15,7,1,OK,100,1,50,35,189.09,0,67,79,80,4854,21632861,0,0,0,39.6367,64,30,-1,0,0,0,0,0,0,OK,100,OK,100,1,telemetry=OK; video=OK; command=OK; rc=OK,OK,OK,OK,OK,50,50,1,38,0,4854,21632861,4658,0,0,0,0,0,0,0,0,0,0,4658,2,39.6367,960,720,0,0,1,0,OK,0,,0,vision:ffmpeg_stream,,,CONNECTED,0,yaw,0,1,1,0,0,0,-20,0,0,0,0,0,0,125,250,1,0,0,0,0,0,0,0,1246,3412,1142,300,0,0,0,0,0,battery?,,ERROR,0,-1,-1
,gui,,CONTROL_PANEL,112117,123,2,1,1,2521.5,0,5043,5043,18125,93992,1,0,1,5043,0,5043,0,5043,0,5043,5043,0,1,0,takeoff,telemetry_confirmed(takeoff before_h=0 before_tof=10 after_h=100 after_tof=72 wait_ms=0),TIMEOUT,manual,Timeout waiting for response,attempt=1|send=OK|raw=|result=TIMEOUT,executor_call=1|command=takeoff|result=TIMEOUT|response=|elapsed_ms=5043|timing_total_ms=5043|recv_wait_ms=5043|attempt_log=[attempt=1|send=OK|raw=|result=TIMEOUT],1666,1666,0,1,0,10.0653,10.1603,56,99,1098,1098,1614,15,7,1,OK,100,1,60,44,189.66,0,67,78,80,4886,21764158,0,0,0,35.9405,5,32,-1,0,0,0,0,0,0,OK,100,OK,100,1,telemetry=OK; video=OK; command=OK; rc=OK,OK,OK,OK,OK,50,50,1,37,0,4886,21764158,4690,0,0,0,0,0,0,0,0,0,0,4690,2,35.9405,960,720,0,0,1,0,OK,0,,0,vision:ffmpeg_stream,,,CONNECTED,0,yaw,0,1,1,0,0,0,-20,0,0,0,0,0,0,125,250,1,0,0,0,0,0,0,0,1254,3436,1150,300,0,0,0,0,0,battery?,,ERROR,0,-1,-1
,gui,,CONTROL_PANEL,113242,124,2,1,1,2521.5,0,5043,5043,18125,95117,1,0,1,5043,0,5043,0,5043,0,5043,5043,0,1,0,takeoff,telemetry_confirmed(takeoff before_h=0 before_tof=10 after_h=100 after_tof=72 wait_ms=0),TIMEOUT,manual,Timeout waiting for response,attempt=1|send=OK|raw=|result=TIMEOUT,executor_call=1|command=takeoff|result=TIMEOUT|response=|elapsed_ms=5043|timing_total_ms=5043|recv_wait_ms=5043|attempt_log=[attempt=1|send=OK|raw=|result=TIMEOUT],1669,1669,0,1,0,9.99036,10.0915,881,100,1098,1098,1614,15,7,1,STALE,0,1,60,47,190,0,67,78,80,4894,21799883,0,0,0,32.5174,872,8,-1,0,0,0,0,0,0,STALE,0,STALE,0,0,telemetry=STALE; video=STALE; command=OK; rc=OK,STALE,STALE,OK,OK,50,50,1,8,0,4894,21799883,4698,0,0,0,0,0,0,0,0,0,0,4698,2,32.5174,960,720,0,0,1,0,OK,0,,0,vision:ffmpeg_stream,,,CONNECTED,0,yaw,0,1,1,0,0,0,-20,0,0,0,0,0,0,125,250,0,0,0,0,0,0,0,0,1256,3442,1153,300,0,0,0,0,0,battery?,,ERROR,0,-1,-1
,gui,,CONTROL_PANEL,114367,125,2,1,1,2521.5,0,5043,5043,18125,96242,1,0,1,5043,0,5043,0,5043,0,5043,5043,0,1,0,takeoff,telemetry_confirmed(takeoff before_h=0 before_tof=10 after_h=100 after_tof=72 wait_ms=0),TIMEOUT,manual,Timeout waiting for response,attempt=1|send=OK|raw=|result=TIMEOUT,executor_call=1|command=takeoff|result=TIMEOUT|response=|elapsed_ms=5043|timing_total_ms=5043|recv_wait_ms=5043|attempt_log=[attempt=1|send=OK|raw=|result=TIMEOUT],1689,1689,0,1,0,10.0269,37.6252,68,99,1098,948,1670,16,8,1,OK,100,1,60,50,189.59,0,67,78,80,4953,22046680,0,0,0,38.554,19,59,-1,0,0,0,0,0,0,OK,100,OK,100,1,telemetry=OK; video=OK; command=OK; rc=OK,OK,OK,OK,OK,50,50,1,31,0,4953,22046680,4757,0,0,0,0,0,0,0,0,0,0,4757,2,38.554,960,720,0,0,1,0,OK,0,,0,vision:ffmpeg_stream,,,CONNECTED,0,yaw,0,1,1,0,0,0,-20,0,0,0,0,0,0,125,250,1,0,0,0,0,0,0,0,1265,3492,1160,300,0,0,0,0,0,battery?,,ERROR,0,-1,-1
,gui,,CONTROL_PANEL,115492,126,2,1,1,2521.5,0,5043,5043,18125,97367,1,0,1,5043,0,5043,0,5043,0,5043,5043,0,1,0,takeoff,telemetry_confirmed(takeoff before_h=0 before_tof=10 after_h=100 after_tof=72 wait_ms=0),TIMEOUT,manual,Timeout waiting for response,attempt=1|send=OK|raw=|result=TIMEOUT,executor_call=1|command=takeoff|result=TIMEOUT|response=|elapsed_ms=5043|timing_total_ms=5043|recv_wait_ms=5043|attempt_log=[attempt=1|send=OK|raw=|result=TIMEOUT],1701,1701,0,1,0,10.2467,12.0819,3,97,1098,948,1670,16,8,1,OK,100,1,60,47,189.53,0,67,79,81,4988,22192461,0,0,0,31.3852,10,35,-1,0,0,0,0,0,0,OK,100,OK,100,1,telemetry=OK; video=OK; command=OK; rc=OK,OK,OK,OK,OK,50,50,1,3,0,4988,22192461,4792,0,0,0,0,0,0,0,0,0,0,4792,2,31.3852,960,720,0,0,1,0,OK,0,,0,vision:ffmpeg_stream,,,CONNECTED,0,yaw,2,1,1,0,0,0,-20,0,0,0,0,0,0,125,250,1,0,0,0,0,0,0,0,1274,3518,1168,300,0,0,0,0,0,battery?,,ERROR,0,-1,-1
,gui,,CONTROL_PANEL,116492,127,2,1,1,2521.5,0,5043,5043,18125,98367,1,0,1,5043,0,5043,0,5043,0,5043,5043,0,1,0,takeoff,telemetry_confirmed(takeoff before_h=0 before_tof=10 after_h=100 after_tof=72 wait_ms=0),TIMEOUT,manual,Timeout waiting for response,attempt=1|send=OK|raw=|result=TIMEOUT,executor_call=1|command=takeoff|result=TIMEOUT|response=|elapsed_ms=5043|timing_total_ms=5043|recv_wait_ms=5043|attempt_log=[attempt=1|send=OK|raw=|result=TIMEOUT],1711,1711,0,1,0,11.121,12.0258,11,89,1098,948,1670,16,8,1,OK,100,1,60,50,189.41,0,67,78,81,5019,22321637,0,0,0,42.1279,4,31,-1,0,0,0,0,0,0,OK,100,OK,100,1,telemetry=OK; video=OK; command=OK; rc=OK,OK,OK,OK,OK,50,50,1,1,0,5019,22321637,4823,0,0,0,0,0,0,0,0,0,0,4823,2,42.1279,960,720,0,0,1,0,OK,0,,0,vision:ffmpeg_stream,,,CONNECTED,0,yaw,3,1,1,0,0,0,-20,0,0,0,0,0,0,125,250,1,0,0,0,0,0,0,0,1282,3541,1176,300,0,0,0,0,0,battery?,,ERROR,0,-1,-1
,gui,,CONTROL_PANEL,117492,128,2,1,1,2521.5,0,5043,5043,18125,99367,1,0,1,5043,0,5043,0,5043,0,5043,5043,0,1,0,takeoff,telemetry_confirmed(takeoff before_h=0 before_tof=10 after_h=100 after_tof=72 wait_ms=0),TIMEOUT,manual,Timeout waiting for response,attempt=1|send=OK|raw=|result=TIMEOUT,executor_call=1|command=takeoff|result=TIMEOUT|response=|elapsed_ms=5043|timing_total_ms=5043|recv_wait_ms=5043|attempt_log=[attempt=1|send=OK|raw=|result=TIMEOUT],1720,1720,0,1,0,62.0585,82.0675,42,16,1098,388,1717,17,8,1,OK,100,1,60,44,189.66,0,67,78,80,5036,22395234,0,0,0,32.6093,30,17,-1,0,0,0,0,0,0,OK,100,OK,100,1,telemetry=OK; video=OK; command=OK; rc=OK,OK,OK,OK,OK,50,50,1,50,0,5036,22395234,4840,0,0,0,0,0,0,0,0,0,0,4840,2,32.6093,960,720,0,0,1,0,OK,0,,0,vision:ffmpeg_stream,,,CONNECTED,0,yaw,4,1,1,0,0,0,-20,0,0,0,0,0,0,125,249,1,0,0,0,0,0,0,0,1287,3553,1182,300,0,0,0,0,0,battery?,,ERROR,0,-1,-1
,gui,,CONTROL_PANEL,118617,129,2,1,1,2521.5,0,5043,5043,18125,100492,1,0,1,5043,0,5043,0,5043,0,5043,5043,0,1,0,takeoff,telemetry_confirmed(takeoff before_h=0 before_tof=10 after_h=100 after_tof=72 wait_ms=0),TIMEOUT,manual,Timeout waiting for response,attempt=1|send=OK|raw=|result=TIMEOUT,executor_call=1|command=takeoff|result=TIMEOUT|response=|elapsed_ms=5043|timing_total_ms=5043|recv_wait_ms=5043|attempt_log=[attempt=1|send=OK|raw=|result=TIMEOUT],1732,1732,0,1,0,9.06913,156.598,65,110,1098,508,1725,18,9,1,OK,100,1,50,28,189.42,0,67,78,81,5073,22546765,0,0,0,111.095,22,37,-1,0,0,0,0,0,0,OK,100,OK,100,1,telemetry=OK; video=OK; command=OK; rc=OK,OK,OK,OK,OK,50,50,1,22,0,5073,22546765,4877,0,0,0,0,0,0,0,0,0,0,4877,2,111.095,960,720,0,0,1,0,OK,0,,0,vision:ffmpeg_stream,,,CONNECTED,0,yaw,0,1,1,0,0,0,-20,0,0,0,0,0,0,124,249,1,0,0,0,0,0,0,0,1294,3583,1186,300,0,0,0,0,0,battery?,,ERROR,0,-1,-1
,gui,,CONTROL_PANEL,119742,130,2,1,1,2521.5,0,5043,5043,18125,101617,1,0,1,5043,0,5043,0,5043,0,5043,5043,0,1,0,takeoff,telemetry_confirmed(takeoff before_h=0 before_tof=10 after_h=100 after_tof=72 wait_ms=0),TIMEOUT,manual,Timeout waiting for response,attempt=1|send=OK|raw=|result=TIMEOUT,executor_call=1|command=takeoff|result=TIMEOUT|response=|elapsed_ms=5043|timing_total_ms=5043|recv_wait_ms=5043|attempt_log=[attempt=1|send=OK|raw=|result=TIMEOUT],1744,1744,0,1,0,10.0824,23.9311,68,99,1098,508,1725,18,9,1,OK,100,1,50,29,189.23,0,66,79,81,5118,22734218,0,0,0,31.5005,13,45,-1,0,0,0,0,0,0,OK,100,OK,100,1,telemetry=OK; video=OK; command=OK; rc=OK,OK,OK,OK,OK,50,50,1,45,0,5118,22734218,4922,0,0,0,0,0,0,0,0,0,0,4922,2,31.5005,960,720,0,0,1,0,OK,0,,0,vision:ffmpeg_stream,,,CONNECTED,0,yaw,1,1,1,0,0,0,-20,0,0,0,0,0,0,125,249,1,0,0,0,0,0,0,0,1303,3619,1195,300,0,0,0,0,0,battery?,,ERROR,0,-1,-1
,gui,,CONTROL_PANEL,120866,131,2,1,1,2521.5,0,5043,5043,18125,102741,1,0,1,5043,0,5043,0,5043,0,5043,5043,0,1,0,takeoff,telemetry_confirmed(takeoff before_h=0 before_tof=10 after_h=100 after_tof=72 wait_ms=0),TIMEOUT,manual,Timeout waiting for response,attempt=1|send=OK|raw=|result=TIMEOUT,executor_call=1|command=takeoff|result=TIMEOUT|response=|elapsed_ms=5043|timing_total_ms=5043|recv_wait_ms=5043|attempt_log=[attempt=1|send=OK|raw=|result=TIMEOUT],1756,1756,0,1,0,10.6547,12.7022,2,93,1098,508,1725,18,9,1,OK,100,1,50,34,189.74,0,66,78,81,5153,22881982,0,0,0,47.0239,6,35,-1,0,0,0,0,0,0,OK,100,OK,100,1,telemetry=OK; video=OK; command=OK; rc=OK,OK,OK,OK,OK,50,50,1,17,0,5153,22881982,4957,0,0,0,0,0,0,0,0,0,0,4957,2,47.0239,960,720,0,0,1,0,OK,0,,0,vision:ffmpeg_stream,,,CONNECTED,0,yaw,1,1,1,0,0,0,-20,0,0,0,0,0,0,124,249,1,0,0,0,0,0,0,0,1312,3645,1203,300,0,0,0,0,0,battery?,,ERROR,0,-1,-1
,gui,,CONTROL_PANEL,121992,132,2,1,1,2521.5,0,5043,5043,18125,103867,1,0,1,5043,0,5043,0,5043,0,5043,5043,0,1,0,takeoff,telemetry_confirmed(takeoff before_h=0 before_tof=10 after_h=100 after_tof=72 wait_ms=0),TIMEOUT,manual,Timeout waiting for response,attempt=1|send=OK|raw=|result=TIMEOUT,executor_call=1|command=takeoff|result=TIMEOUT|response=|elapsed_ms=5043|timing_total_ms=5043|recv_wait_ms=5043|attempt_log=[attempt=1|send=OK|raw=|result=TIMEOUT],1765,1765,0,1,0,1443.02,295.63,1,0,1098,396,1763,19,9,1,OK,100,1,50,41,189.84,0,66,79,81,5177,22977060,0,0,0,28.8182,28,24,-1,0,0,0,0,0,0,OK,100,OK,100,1,telemetry=OK; video=OK; command=OK; rc=OK,OK,OK,OK,OK,50,50,1,541,0,5177,22977060,4981,0,0,0,0,0,0,0,0,0,0,4981,2,28.8182,960,720,0,0,1,0,OK,0,,0,vision:ffmpeg_stream,,,CONNECTED,0,yaw,3,1,1,0,0,0,0,0,0,0,0,0,0,125,250,0,0,0,0,0,0,0,0,1319,3662,1209,300,0,0,0,0,0,battery?,,ERROR,0,-1,-1
,gui,,CONTROL_PANEL,123117,133,2,1,1,2521.5,0,5043,5043,18125,104992,1,0,1,5043,0,5043,0,5043,0,5043,5043,0,1,0,takeoff,telemetry_confirmed(takeoff before_h=0 before_tof=10 after_h=100 after_tof=72 wait_ms=0),TIMEOUT,manual,Timeout waiting for response,attempt=1|send=OK|raw=|result=TIMEOUT,executor_call=1|command=takeoff|result=TIMEOUT|response=|elapsed_ms=5043|timing_total_ms=5043|recv_wait_ms=5043|attempt_log=[attempt=1|send=OK|raw=|result=TIMEOUT],1777,1777,0,1,0,63.0969,97.4711,76,15,1098,330,1767,20,9,1,OK,100,1,60,46,189.8,0,66,78,81,5190,23031451,0,0,0,30.2622,12,13,-1,0,0,0,0,0,0,OK,100,OK,100,1,telemetry=OK; video=OK; command=OK; rc=OK,OK,OK,OK,OK,50,50,1,13,0,5190,23031451,4994,0,0,0,0,0,0,0,0,0,0,4994,2,30.2622,960,720,0,0,1,0,OK,0,,0,vision:ffmpeg_stream,,,CONNECTED,0,yaw,0,1,1,0,0,0,20,0,0,0,0,0,0,125,250,1,0,0,0,0,0,0,0,1326,3668,1215,300,0,0,0,0,0,battery?,,ERROR,0,-1,-1
,gui,,CONTROL_PANEL,124242,134,2,1,1,2521.5,0,5043,5043,18125,106117,1,0,1,5043,0,5043,0,5043,0,5043,5043,0,1,0,takeoff,telemetry_confirmed(takeoff before_h=0 before_tof=10 after_h=100 after_tof=72 wait_ms=0),TIMEOUT,manual,Timeout waiting for response,attempt=1|send=OK|raw=|result=TIMEOUT,executor_call=1|command=takeoff|result=TIMEOUT|response=|elapsed_ms=5043|timing_total_ms=5043|recv_wait_ms=5043|attempt_log=[attempt=1|send=OK|raw=|result=TIMEOUT],1789,1789,0,1,0,9.74267,17.0594,35,102,1098,330,1767,20,9,1,OK,100,1,60,43,189.59,0,66,80,81,5257,23309125,0,0,0,44.1746,11,67,-1,0,0,0,0,0,0,OK,100,OK,100,1,telemetry=OK; video=OK; command=OK; rc=OK,OK,OK,OK,OK,50,50,1,34,0,5257,23309125,5061,0,0,0,0,0,0,0,0,0,0,5061,2,44.1746,960,720,0,0,1,0,OK,0,,0,vision:ffmpeg_stream,,,CONNECTED,0,yaw,2,1,1,0,0,0,20,0,0,0,0,0,0,125,249,1,0,0,0,0,0,0,0,1335,3726,1224,300,0,0,0,0,0,battery?,,ERROR,0,-1,-1
,gui,,CONTROL_PANEL,125367,135,2,1,1,2521.5,0,5043,5043,18125,107242,1,0,1,5043,0,5043,0,5043,0,5043,5043,0,1,0,takeoff,telemetry_confirmed(takeoff before_h=0 before_tof=10 after_h=100 after_tof=72 wait_ms=0),TIMEOUT,manual,Timeout waiting for response,attempt=1|send=OK|raw=|result=TIMEOUT,executor_call=1|command=takeoff|result=TIMEOUT|response=|elapsed_ms=5043|timing_total_ms=5043|recv_wait_ms=5043|attempt_log=[attempt=1|send=OK|raw=|result=TIMEOUT],1800,1800,0,1,0,10.0111,10.6891,74,99,1098,330,1767,20,9,1,OK,100,1,60,43,189.54,0,66,79,81,5292,23454949,0,0,0,31.3005,32,35,-1,0,0,0,0,0,0,OK,100,OK,100,1,telemetry=OK; video=OK; command=OK; rc=OK,OK,OK,OK,OK,50,50,1,7,0,5292,23454949,5095,0,0,0,0,0,0,0,0,0,0,5095,2,31.3005,960,720,0,0,1,0,OK,0,,0,vision:ffmpeg_stream,,,CONNECTED,0,yaw,0,1,1,0,0,0,20,0,0,0,0,0,0,124,249,1,0,0,0,1,0,0,0,1344,3751,1233,300,0,0,0,0,0,battery?,,ERROR,0,-1,-1
,gui,,CONTROL_PANEL,126492,136,2,1,1,2521.5,0,5043,5043,18125,108367,1,0,1,5043,0,5043,0,5043,0,5043,5043,0,1,0,takeoff,telemetry_confirmed(takeoff before_h=0 before_tof=10 after_h=100 after_tof=72 wait_ms=0),TIMEOUT,manual,Timeout waiting for response,attempt=1|send=OK|raw=|result=TIMEOUT,executor_call=1|command=takeoff|result=TIMEOUT|response=|elapsed_ms=5043|timing_total_ms=5043|recv_wait_ms=5043|attempt_log=[attempt=1|send=OK|raw=|result=TIMEOUT],1812,1812,0,1,0,10.0914,10.6848,60,99,1098,330,1767,20,9,1,OK,100,1,60,45,189.54,0,66,79,82,5326,23596585,0,0,0,31.1458,23,34,-1,0,0,0,0,0,0,OK,100,OK,100,1,telemetry=OK; video=OK; command=OK; rc=OK,OK,OK,OK,OK,50,50,1,29,0,5326,23596585,5130,0,0,0,0,0,0,0,0,0,0,5130,2,31.1458,960,720,0,0,1,0,OK,0,,0,vision:ffmpeg_stream,,,CONNECTED,0,yaw,1,1,1,0,0,0,20,0,0,0,0,0,0,124,249,1,0,0,0,1,0,0,0,1353,3777,1242,300,0,0,0,0,0,battery?,,ERROR,0,-1,-1
,gui,,CONTROL_PANEL,127492,137,2,1,1,2521.5,0,5043,5043,18125,109367,1,0,1,5043,0,5043,0,5043,0,5043,5043,0,1,0,takeoff,telemetry_confirmed(takeoff before_h=0 before_tof=10 after_h=100 after_tof=72 wait_ms=0),TIMEOUT,manual,Timeout waiting for response,attempt=1|send=OK|raw=|result=TIMEOUT,executor_call=1|command=takeoff|result=TIMEOUT|response=|elapsed_ms=5043|timing_total_ms=5043|recv_wait_ms=5043|attempt_log=[attempt=1|send=OK|raw=|result=TIMEOUT],1820,1820,0,1,0,10.0086,10.7252,266,99,1098,330,1767,20,9,1,DEGRADED,60,1,60,46,189.65,0,66,78,81,5351,23700828,0,0,0,31.8774,211,25,-1,0,0,0,0,0,0,DEGRADED,60,DEGRADED,60,1,telemetry=DEGRADED; video=DEGRADED; command=OK; rc=OK,DEGRADED,DEGRADED,OK,OK,50,50,1,27,0,5351,23700828,5155,0,0,0,0,0,0,0,0,0,0,5155,2,31.8774,960,720,0,0,1,0,OK,0,,0,vision:ffmpeg_stream,,,CONNECTED,0,yaw,0,1,1,0,0,0,20,0,0,0,0,0,0,124,249,0,0,0,0,1,0,0,0,1359,3796,1249,300,0,0,0,0,0,battery?,,ERROR,0,-1,-1
,gui,,CONTROL_PANEL,128492,138,2,1,1,2521.5,0,5043,5043,18125,110367,1,0,1,5043,0,5043,0,5043,0,5043,5043,0,1,0,takeoff,telemetry_confirmed(takeoff before_h=0 before_tof=10 after_h=100 after_tof=72 wait_ms=0),TIMEOUT,manual,Timeout waiting for response,attempt=1|send=OK|raw=|result=TIMEOUT,executor_call=1|command=takeoff|result=TIMEOUT|response=|elapsed_ms=5043|timing_total_ms=5043|recv_wait_ms=5043|attempt_log=[attempt=1|send=OK|raw=|result=TIMEOUT],1829,1829,0,1,0,472.535,175.995,0,2,1098,986,1821,21,10,1,OK,100,1,60,46,189.41,0,66,78,80,5356,23718961,0,0,0,26.0226,2,5,-1,0,0,0,0,0,0,OK,100,OK,100,1,telemetry=OK; video=OK; command=OK; rc=OK,OK,OK,OK,OK,50,50,1,26,0,5356,23718961,5160,0,0,0,0,0,0,0,0,0,0,5160,2,26.0226,960,720,0,0,1,0,OK,0,,0,vision:ffmpeg_stream,,,CONNECTED,0,yaw,8,1,1,0,0,0,20,0,0,0,0,0,0,125,249,1,0,0,0,0,0,0,0,1361,3799,1250,300,0,0,0,0,0,battery?,,ERROR,0,-1,-1
,gui,,CONTROL_PANEL,129617,139,2,1,1,2521.5,0,5043,5043,18125,111492,1,0,1,5043,0,5043,0,5043,0,5043,5043,0,1,0,takeoff,telemetry_confirmed(takeoff before_h=0 before_tof=10 after_h=100 after_tof=72 wait_ms=0),TIMEOUT,manual,Timeout waiting for response,attempt=1|send=OK|raw=|result=TIMEOUT,executor_call=1|command=takeoff|result=TIMEOUT|response=|elapsed_ms=5043|timing_total_ms=5043|recv_wait_ms=5043|attempt_log=[attempt=1|send=OK|raw=|result=TIMEOUT],1841,1841,0,1,0,7.17009,58.1332,156,139,1098,986,1821,21,10,1,OK,100,1,60,45,189.59,0,65,78,81,5376,23802326,0,0,0,18.0466,74,20,-1,0,0,0,0,0,0,OK,100,OK,100,1,telemetry=OK; video=OK; command=OK; rc=OK,OK,OK,OK,OK,51,50,1,47,0,5376,23802326,5180,0,0,0,0,0,0,0,0,0,0,5180,2,18.0466,960,720,0,0,1,0,OK,0,,0,vision:ffmpeg_stream,,,CONNECTED,0,yaw,0,1,1,0,0,0,20,0,0,0,0,0,0,124,249,1,0,0,0,1,0,0,0,1370,3810,1259,300,0,0,0,0,0,battery?,,ERROR,0,-1,-1
,gui,,CONTROL_PANEL,130742,140,2,1,1,2521.5,0,5043,5043,18125,112617,1,0,1,5043,0,5043,0,5043,0,5043,5043,0,1,0,takeoff,telemetry_confirmed(takeoff before_h=0 before_tof=10 after_h=100 after_tof=72 wait_ms=0),TIMEOUT,manual,Timeout waiting for response,attempt=1|send=OK|raw=|result=TIMEOUT,executor_call=1|command=takeoff|result=TIMEOUT|response=|elapsed_ms=5043|timing_total_ms=5043|recv_wait_ms=5043|attempt_log=[attempt=1|send=OK|raw=|result=TIMEOUT],1854,1854,0,1,0,70.1377,28.4134,26,14,1098,986,1821,21,10,1,OK,100,1,60,43,189.34,0,65,78,81,5429,24023537,0,0,0,128.803,286,53,-1,0,0,0,0,0,0,DEGRADED,60,DEGRADED,60,1,telemetry=OK; video=DEGRADED; command=OK; rc=OK,OK,DEGRADED,OK,OK,50,50,1,20,0,5429,24023537,5216,0,0,0,0,0,0,0,0,0,0,5216,2,128.803,960,720,0,0,1,0,OK,0,,0,vision:ffmpeg_stream,,,CONNECTED,0,yaw,2,1,1,0,0,0,20,0,0,0,0,0,0,125,249,0,0,0,0,1,0,0,0,1378,3838,1267,300,0,0,0,0,0,battery?,,ERROR,0,-1,-1
,gui,,CONTROL_PANEL,131867,141,2,1,1,2521.5,0,5043,5043,18125,113742,1,0,1,5043,0,5043,0,5043,0,5043,5043,0,1,0,takeoff,telemetry_confirmed(takeoff before_h=0 before_tof=10 after_h=100 after_tof=72 wait_ms=0),TIMEOUT,manual,Timeout waiting for response,attempt=1|send=OK|raw=|result=TIMEOUT,executor_call=1|command=takeoff|result=TIMEOUT|response=|elapsed_ms=5043|timing_total_ms=5043|recv_wait_ms=5043|attempt_log=[attempt=1|send=OK|raw=|result=TIMEOUT],1862,1862,0,1,0,2.82897,12.0114,114,353,1098,353,1862,22,10,1,DEGRADED,60,1,60,44,189.5,0,65,79,81,5461,24155613,0,0,0,47.575,93,32,-1,0,0,0,0,0,0,OK,100,DEGRADED,60,1,telemetry=DEGRADED; video=OK; command=OK; rc=OK,DEGRADED,OK,OK,OK,50,50,1,43,0,5461,24155613,5247,0,0,0,0,0,0,0,0,0,0,5247,2,47.575,960,720,0,0,1,0,OK,0,,0,vision:ffmpeg_stream,,,CONNECTED,0,yaw,0,1,1,0,0,0,20,0,0,0,0,0,0,124,250,1,0,0,0,1,0,0,0,1385,3862,1273,300,0,0,0,0,0,battery?,,ERROR,0,-1,-1
,gui,,CONTROL_PANEL,132992,142,2,1,1,2521.5,0,5043,5043,18125,114867,1,0,1,5043,0,5043,0,5043,0,5043,5043,0,1,0,takeoff,telemetry_confirmed(takeoff before_h=0 before_tof=10 after_h=100 after_tof=72 wait_ms=0),TIMEOUT,manual,Timeout waiting for response,attempt=1|send=OK|raw=|result=TIMEOUT,executor_call=1|command=takeoff|result=TIMEOUT|response=|elapsed_ms=5043|timing_total_ms=5043|recv_wait_ms=5043|attempt_log=[attempt=1|send=OK|raw=|result=TIMEOUT],1875,1875,0,1,0,3.57959,745.505,17,279,1098,461,1866,23,10,1,OK,100,1,60,44,189.55,0,65,79,81,5463,24170199,0,0,0,47.575,1219,2,-1,0,0,0,0,0,0,STALE,0,STALE,0,0,telemetry=OK; video=STALE; command=OK; rc=OK,OK,STALE,OK,OK,50,50,1,15,0,5463,24170199,5247,0,0,0,0,0,0,0,0,0,0,5247,2,47.575,960,720,0,0,1,0,OK,0,,0,vision:ffmpeg_stream,,,CONNECTED,0,yaw,1,1,1,0,0,0,20,0,0,0,0,0,0,125,249,0,0,0,0,1,0,0,0,1385,3862,1273,300,0,0,0,0,0,battery?,,ERROR,0,-1,-1
,gui,,CONTROL_PANEL,134117,143,2,1,1,2521.5,0,5043,5043,18125,115992,1,0,1,5043,0,5043,0,5043,0,5043,5043,0,1,0,takeoff,telemetry_confirmed(takeoff before_h=0 before_tof=10 after_h=100 after_tof=72 wait_ms=0),TIMEOUT,manual,Timeout waiting for response,attempt=1|send=OK|raw=|result=TIMEOUT,executor_call=1|command=takeoff|result=TIMEOUT|response=|elapsed_ms=5043|timing_total_ms=5043|recv_wait_ms=5043|attempt_log=[attempt=1|send=OK|raw=|result=TIMEOUT],1889,1889,0,1,0,10.1342,64.0214,29,98,1098,461,1866,23,10,1,OK,100,1,60,42,189.53,0,65,79,81,5531,24452024,0,0,0,50.1921,5,68,-1,0,0,0,0,0,0,OK,100,OK,100,1,telemetry=OK; video=OK; command=OK; rc=OK,OK,OK,OK,OK,50,50,1,38,0,5531,24452024,5291,0,0,0,0,0,0,0,0,0,0,5291,2,50.1921,960,720,0,0,1,0,OK,0,,0,vision:ffmpeg_stream,,,CONNECTED,0,yaw,0,1,1,0,0,0,20,0,0,0,0,0,0,125,250,1,0,0,0,1,0,0,0,1391,3900,1277,300,0,0,0,0,0,battery?,,ERROR,0,-1,-1
,gui,,CONTROL_PANEL,135117,144,2,1,1,2521.5,0,5043,5043,18125,116992,1,0,1,5043,0,5043,0,5043,0,5043,5043,0,1,0,takeoff,telemetry_confirmed(takeoff before_h=0 before_tof=10 after_h=100 after_tof=72 wait_ms=0),TIMEOUT,manual,Timeout waiting for response,attempt=1|send=OK|raw=|result=TIMEOUT,executor_call=1|command=takeoff|result=TIMEOUT|response=|elapsed_ms=5043|timing_total_ms=5043|recv_wait_ms=5043|attempt_log=[attempt=1|send=OK|raw=|result=TIMEOUT],1899,1899,0,1,0,10.1106,19.117,40,98,1098,461,1866,23,10,1,OK,100,1,60,41,189.46,0,65,78,81,5562,24581195,0,0,0,48.4326,5,31,-1,0,0,0,0,0,0,OK,100,OK,100,1,telemetry=OK; video=OK; command=OK; rc=OK,OK,OK,OK,OK,50,50,1,37,0,5562,24581195,5322,0,0,0,0,0,0,0,0,0,0,5322,2,48.4326,960,720,0,0,1,0,OK,0,,0,vision:ffmpeg_stream,,,CONNECTED,0,yaw,0,1,1,0,0,0,20,0,0,0,0,0,0,125,250,1,0,0,0,1,0,0,0,1398,3924,1284,300,0,0,0,0,0,battery?,,ERROR,0,-1,-1
,gui,,CONTROL_PANEL,136241,145,2,1,1,2521.5,0,5043,5043,18125,118116,1,0,1,5043,0,5043,0,5043,0,5043,5043,0,1,0,takeoff,telemetry_confirmed(takeoff before_h=0 before_tof=10 after_h=100 after_tof=72 wait_ms=0),TIMEOUT,manual,Timeout waiting for response,attempt=1|send=OK|raw=|result=TIMEOUT,executor_call=1|command=takeoff|result=TIMEOUT|response=|elapsed_ms=5043|timing_total_ms=5043|recv_wait_ms=5043|attempt_log=[attempt=1|send=OK|raw=|result=TIMEOUT],1910,1910,0,1,0,10.344,11.5156,77,96,1098,461,1866,23,10,1,OK,100,1,60,43,189.29,0,65,79,82,5596,24722923,0,0,0,37.738,27,34,-1,0,0,0,0,0,0,OK,100,OK,100,1,telemetry=OK; video=OK; command=OK; rc=OK,OK,OK,OK,OK,50,50,1,9,0,5596,24722923,5356,0,0,0,0,0,0,0,0,0,0,5356,2,37.738,960,720,0,0,1,0,OK,0,,0,vision:ffmpeg_stream,,,CONNECTED,0,yaw,1,1,1,0,0,0,20,0,0,0,0,0,0,124,250,1,0,0,0,1,0,0,0,1407,3949,1293,300,0,0,0,0,0,battery?,,ERROR,0,-1,-1
,gui,,CONTROL_PANEL,137242,146,2,1,1,2521.5,0,5043,5043,18125,119117,1,0,1,5043,0,5043,0,5043,0,5043,5043,0,1,0,takeoff,telemetry_confirmed(takeoff before_h=0 before_tof=10 after_h=100 after_tof=72 wait_ms=0),TIMEOUT,manual,Timeout waiting for response,attempt=1|send=OK|raw=|result=TIMEOUT,executor_call=1|command=takeoff|result=TIMEOUT|response=|elapsed_ms=5043|timing_total_ms=5043|recv_wait_ms=5043|attempt_log=[attempt=1|send=OK|raw=|result=TIMEOUT],1920,1920,0,1,0,10.0079,9.39616,13,99,1098,461,1866,23,10,1,OK,100,1,60,43,189.43,0,64,79,81,5623,24835413,0,0,0,25.5402,12,27,-1,0,0,0,0,0,0,OK,100,OK,100,1,telemetry=OK; video=OK; command=OK; rc=OK,OK,OK,OK,OK,50,50,1,7,0,5623,24835413,5383,0,0,0,0,0,0,0,0,0,0,5383,2,25.5402,960,720,0,0,1,0,OK,0,,0,vision:ffmpeg_stream,,,CONNECTED,0,yaw,2,1,1,0,0,0,20,0,0,0,0,0,0,125,249,1,0,0,0,1,0,0,0,1416,3967,1300,300,0,0,0,0,0,battery?,,ERROR,0,-1,-1
,gui,,CONTROL_PANEL,138366,147,2,1,1,2521.5,0,5043,5043,18125,120241,1,0,1,5043,0,5043,0,5043,0,5043,5043,0,1,0,takeoff,telemetry_confirmed(takeoff before_h=0 before_tof=10 after_h=100 after_tof=72 wait_ms=0),TIMEOUT,manual,Timeout waiting for response,attempt=1|send=OK|raw=|result=TIMEOUT,executor_call=1|command=takeoff|result=TIMEOUT|response=|elapsed_ms=5043|timing_total_ms=5043|recv_wait_ms=5043|attempt_log=[attempt=1|send=OK|raw=|result=TIMEOUT],1932,1932,0,1,0,9.31404,12.1339,79,107,1098,461,1866,23,10,1,OK,100,1,60,40,189.45,0,64,79,80,5662,24999986,0,0,0,40.8063,21,39,-1,0,0,0,0,0,0,OK,100,OK,100,1,telemetry=OK; video=OK; command=OK; rc=OK,OK,OK,OK,OK,50,50,1,30,0,5662,24999986,5422,0,0,0,0,0,0,0,0,0,0,5422,2,40.8063,960,720,0,0,1,0,OK,0,,0,vision:ffmpeg_stream,,,CONNECTED,0,yaw,0,1,1,0,0,0,20,0,0,0,0,0,0,124,250,1,0,0,0,1,0,0,0,1425,3997,1309,300,0,0,0,0,0,battery?,,ERROR,0,-1,-1
,gui,,CONTROL_PANEL,139367,148,2,1,1,2521.5,0,5043,5043,18125,121242,1,0,1,5043,0,5043,0,5043,0,5043,5043,0,1,0,takeoff,telemetry_confirmed(takeoff before_h=0 before_tof=10 after_h=100 after_tof=72 wait_ms=0),TIMEOUT,manual,Timeout waiting for response,attempt=1|send=OK|raw=|result=TIMEOUT,executor_call=1|command=takeoff|result=TIMEOUT|response=|elapsed_ms=5043|timing_total_ms=5043|recv_wait_ms=5043|attempt_log=[attempt=1|send=OK|raw=|result=TIMEOUT],1943,1943,0,1,0,11.3931,10.4047,1,87,1098,461,1866,23,10,1,OK,100,1,60,41,189.46,0,64,79,80,5693,25127672,0,0,0,33.2362,20,31,-1,0,0,0,0,0,0,OK,100,OK,100,1,telemetry=OK; video=OK; command=OK; rc=OK,OK,OK,OK,OK,50,50,1,27,0,5693,25127672,5453,0,0,0,0,0,0,0,0,0,0,5453,2,33.2362,960,720,0,0,1,0,OK,0,,0,vision:ffmpeg_stream,,,CONNECTED,0,yaw,1,1,1,0,0,0,20,0,0,0,0,0,0,124,249,1,0,0,0,1,0,0,0,1433,4020,1316,300,0,0,0,0,0,battery?,,ERROR,0,-1,-1
,gui,,CONTROL_PANEL,140367,149,2,1,1,2521.5,0,5043,5043,18125,122242,1,0,1,5043,0,5043,0,5043,0,5043,5043,0,1,0,takeoff,telemetry_confirmed(takeoff before_h=0 before_tof=10 after_h=100 after_tof=72 wait_ms=0),TIMEOUT,manual,Timeout waiting for response,attempt=1|send=OK|raw=|result=TIMEOUT,executor_call=1|command=takeoff|result=TIMEOUT|response=|elapsed_ms=5043|timing_total_ms=5043|recv_wait_ms=5043|attempt_log=[attempt=1|send=OK|raw=|result=TIMEOUT],1953,1953,0,1,0,10.121,11.0157,12,98,1098,461,1866,23,10,1,OK,100,1,60,41,189.6,0,64,78,81,5724,25256423,0,0,0,44.8829,19,31,-1,0,0,0,0,0,0,OK,100,OK,100,1,telemetry=OK; video=OK; command=OK; rc=OK,OK,OK,OK,OK,50,50,1,25,0,5724,25256423,5484,0,0,0,0,0,0,0,0,0,0,5484,2,44.8829,960,720,0,0,1,0,OK,0,,0,vision:ffmpeg_stream,,,CONNECTED,0,yaw,1,1,1,0,0,0,20,0,0,0,0,0,0,124,249,0,0,0,0,1,0,0,0,1440,4044,1323,300,0,0,0,0,0,battery?,,ERROR,0,-1,-1
,gui,,CONTROL_PANEL,141491,150,2,1,1,2521.5,0,5043,5043,18125,123366,1,0,1,5043,0,5043,0,5043,0,5043,5043,0,1,0,takeoff,telemetry_confirmed(takeoff before_h=0 before_tof=10 after_h=100 after_tof=72 wait_ms=0),TIMEOUT,manual,Timeout waiting for response,attempt=1|send=OK|raw=|result=TIMEOUT,executor_call=1|command=takeoff|result=TIMEOUT|response=|elapsed_ms=5043|timing_total_ms=5043|recv_wait_ms=5043|attempt_log=[attempt=1|send=OK|raw=|result=TIMEOUT],1964,1964,0,1,0,15.9865,11.4611,85,62,1098,461,1866,23,10,1,OK,100,1,60,42,189.36,0,64,79,81,5759,25402187,0,0,0,32.5858,8,35,-1,0,0,0,0,0,0,OK,100,OK,100,1,telemetry=OK; video=OK; command=OK; rc=OK,OK,OK,OK,OK,50,50,1,198,0,5759,25402187,5519,0,0,0,0,0,0,0,0,0,0,5519,2,32.5858,960,720,0,0,1,0,OK,0,,0,vision:ffmpeg_stream,,,CONNECTED,0,yaw,2,1,1,0,0,0,0,0,0,0,0,0,0,124,249,1,0,0,0,1,0,0,0,1449,4070,1332,300,0,0,0,0,0,battery?,,ERROR,0,-1,-1
,gui,,CONTROL_PANEL,142617,151,2,1,1,2521.5,0,5043,5043,18125,124492,1,0,1,5043,0,5043,0,5043,0,5043,5043,0,1,0,takeoff,telemetry_confirmed(takeoff before_h=0 before_tof=10 after_h=100 after_tof=72 wait_ms=0),TIMEOUT,manual,Timeout waiting for response,attempt=1|send=OK|raw=|result=TIMEOUT,executor_call=1|command=takeoff|result=TIMEOUT|response=|elapsed_ms=5043|timing_total_ms=5043|recv_wait_ms=5043|attempt_log=[attempt=1|send=OK|raw=|result=TIMEOUT],1976,1976,0,1,0,10.399,10.2832,33,96,1098,461,1866,23,10,1,OK,100,1,60,43,189.28,0,64,79,81,5794,25548064,0,0,0,32.3898,9,35,-1,0,0,0,0,0,0,OK,100,OK,100,1,telemetry=OK; video=OK; command=OK; rc=OK,OK,OK,OK,OK,50,50,1,322,0,5794,25548064,5554,0,0,0,0,0,0,0,0,0,0,5554,2,32.3898,960,720,0,0,1,0,OK,0,,0,vision:ffmpeg_stream,,,CONNECTED,0,yaw,0,1,1,0,0,0,0,0,0,0,0,0,0,125,250,1,0,0,0,1,0,0,0,1459,4095,1340,300,0,0,0,0,0,battery?,,ERROR,0,-1,-1
,gui,,CONTROL_PANEL,143617,152,2,1,1,2521.5,0,5043,5043,18125,125492,1,0,1,5043,0,5043,0,5043,0,5043,5043,0,1,0,takeoff,telemetry_confirmed(takeoff before_h=0 before_tof=10 after_h=100 after_tof=72 wait_ms=0),TIMEOUT,manual,Timeout waiting for response,attempt=1|send=OK|raw=|result=TIMEOUT,executor_call=1|command=takeoff|result=TIMEOUT|response=|elapsed_ms=5043|timing_total_ms=5043|recv_wait_ms=5043|attempt_log=[attempt=1|send=OK|raw=|result=TIMEOUT],1986,1986,0,1,0,10.1166,10.9322,50,98,1098,461,1866,23,10,1,OK,100,1,60,43,189.57,0,64,79,82,5825,25677176,0,0,0,33.8718,10,31,-1,0,0,0,0,0,0,OK,100,OK,100,1,telemetry=OK; video=OK; command=OK; rc=OK,OK,OK,OK,OK,50,50,1,1322,0,5825,25677176,5585,0,0,0,0,0,0,0,0,0,0,5585,2,33.8718,960,720,0,0,1,0,OK,0,,0,vision:ffmpeg_stream,,,CONNECTED,0,yaw,0,1,1,0,0,0,0,0,0,0,0,0,0,125,250,1,0,0,0,1,0,0,0,1467,4118,1348,300,0,0,0,0,0,battery?,,ERROR,0,-1,-1
,gui,,CONTROL_PANEL,144617,153,2,1,1,2521.5,0,5043,5043,18125,126492,1,0,1,5043,0,5043,0,5043,0,5043,5043,0,1,0,takeoff,telemetry_confirmed(takeoff before_h=0 before_tof=10 after_h=100 after_tof=72 wait_ms=0),TIMEOUT,manual,Timeout waiting for response,attempt=1|send=OK|raw=|result=TIMEOUT,executor_call=1|command=takeoff|result=TIMEOUT|response=|elapsed_ms=5043|timing_total_ms=5043|recv_wait_ms=5043|attempt_log=[attempt=1|send=OK|raw=|result=TIMEOUT],1997,1997,0,1,0,10.1833,20.7265,12,98,1098,461,1866,23,10,1,OK,100,1,60,42,189.42,0,64,78,82,5856,25806448,0,0,0,31.8076,5,31,-1,0,0,0,0,0,0,OK,100,OK,100,1,telemetry=OK; video=OK; command=OK; rc=OK,OK,OK,OK,OK,50,50,1,2322,0,5856,25806448,5616,0,0,0,0,0,0,0,0,0,0,5616,2,31.8076,960,720,0,0,1,0,OK,0,,0,vision:ffmpeg_stream,,,CONNECTED,0,yaw,1,1,1,0,0,0,0,0,0,0,0,0,0,125,249,1,0,0,0,1,0,0,0,1475,4141,1356,300,0,0,0,0,0,battery?,,ERROR,0,-1,-1
,gui,,CONTROL_PANEL,145742,154,2,1,1,2521.5,0,5043,5043,18125,127617,1,0,1,5043,0,5043,0,5043,0,5043,5043,0,1,0,takeoff,telemetry_confirmed(takeoff before_h=0 before_tof=10 after_h=100 after_tof=72 wait_ms=0),TIMEOUT,manual,Timeout waiting for response,attempt=1|send=OK|raw=|result=TIMEOUT,executor_call=1|command=takeoff|result=TIMEOUT|response=|elapsed_ms=5043|timing_total_ms=5043|recv_wait_ms=5043|attempt_log=[attempt=1|send=OK|raw=|result=TIMEOUT],2008,2008,0,1,0,7.26312,10.7872,11,137,1098,461,1866,23,10,1,OK,100,1,60,43,189.33,0,64,79,81,5890,25948066,0,0,0,30.6873,6,34,-1,0,0,0,0,0,0,OK,100,OK,100,1,telemetry=OK; video=OK; command=OK; rc=OK,OK,OK,OK,OK,50,50,1,3447,0,5890,25948066,5650,0,0,0,0,0,0,0,0,0,0,5650,2,30.6873,960,720,0,0,1,0,OK,0,,0,vision:ffmpeg_stream,,,CONNECTED,0,yaw,2,1,1,0,0,0,0,0,0,0,0,0,0,124,249,1,0,0,0,1,0,0,0,1484,4166,1365,300,0,0,0,0,0,battery?,,ERROR,0,-1,-1
,gui,,CONTROL_PANEL,146742,155,2,1,1,2521.5,0,5043,5043,18125,128617,1,0,1,5043,0,5043,0,5043,0,5043,5043,0,1,0,takeoff,telemetry_confirmed(takeoff before_h=0 before_tof=10 after_h=100 after_tof=72 wait_ms=0),TIMEOUT,manual,Timeout waiting for response,attempt=1|send=OK|raw=|result=TIMEOUT,executor_call=1|command=takeoff|result=TIMEOUT|response=|elapsed_ms=5043|timing_total_ms=5043|recv_wait_ms=5043|attempt_log=[attempt=1|send=OK|raw=|result=TIMEOUT],2017,2017,0,1,0,23.0786,16.0694,3,43,1098,461,1866,23,10,1,OK,100,1,60,41,189.57,0,64,79,81,5906,26014769,0,0,0,21.4834,48,16,-1,0,0,0,0,0,0,OK,100,OK,100,1,telemetry=OK; video=OK; command=OK; rc=OK,OK,OK,OK,OK,50,50,1,4447,0,5906,26014769,5666,0,0,0,0,0,0,0,0,0,0,5666,2,21.4834,960,720,0,0,1,0,OK,0,,0,vision:ffmpeg_stream,,,CONNECTED,0,yaw,2,1,1,0,0,0,0,0,0,0,0,0,0,125,250,1,0,0,0,1,0,0,0,1492,4174,1373,300,0,0,0,0,0,battery?,,ERROR,0,-1,-1
,gui,,CONTROL_PANEL,147742,156,2,1,1,2521.5,0,5043,5043,18125,129617,1,0,1,5043,0,5043,0,5043,0,5043,5043,0,1,0,takeoff,telemetry_confirmed(takeoff before_h=0 before_tof=10 after_h=100 after_tof=72 wait_ms=0),TIMEOUT,manual,Timeout waiting for response,attempt=1|send=OK|raw=|result=TIMEOUT,executor_call=1|command=takeoff|result=TIMEOUT|response=|elapsed_ms=5043|timing_total_ms=5043|recv_wait_ms=5043|attempt_log=[attempt=1|send=OK|raw=|result=TIMEOUT],2027,2027,0,1,0,20.9819,15.2814,59,47,1098,461,1866,23,10,1,OK,100,1,60,41,189.53,0,64,79,82,5924,26088522,0,0,0,30.0397,20,18,-1,0,0,0,0,0,0,OK,100,OK,100,1,telemetry=OK; video=OK; command=OK; rc=OK,OK,OK,OK,OK,51,50,1,5448,0,5924,26088522,5684,0,0,0,0,0,0,0,0,0,0,5684,2,30.0397,960,720,0,0,1,0,OK,0,,0,vision:ffmpeg_stream,,,CONNECTED,0,yaw,2,1,1,0,0,0,0,0,0,0,0,0,0,125,249,0,0,0,0,1,0,0,0,1499,4185,1380,300,0,0,0,0,0,battery?,,ERROR,0,-1,-1
,gui,,CONTROL_PANEL,148718,157,2,1,1,2521.5,0,5043,5043,18125,130593,1,0,1,5043,0,5043,0,5043,0,5043,5043,0,1,0,takeoff,telemetry_confirmed(takeoff before_h=0 before_tof=10 after_h=100 after_tof=72 wait_ms=0),TIMEOUT,manual,Timeout waiting for response,attempt=1|send=OK|raw=|result=TIMEOUT,executor_call=1|command=takeoff|result=TIMEOUT|response=|elapsed_ms=5043|timing_total_ms=5043|recv_wait_ms=5043|attempt_log=[attempt=1|send=OK|raw=|result=TIMEOUT],2037,2037,0,1,0,8.32466,43.3029,105,120,1098,461,1866,23,10,1,OK,100,1,60,42,189.57,0,64,78,81,5955,26223077,0,0,0,50.0231,2,18,-1,0,0,0,0,0,0,OK,100,OK,100,1,telemetry=OK; video=OK; command=OK; rc=OK,OK,OK,OK,OK,50,50,1,6423,0,5924,26088522,5684,0,0,0,0,0,0,0,0,0,0,5684,2,30.0397,960,720,0,0,1,0,OK,0,,0,log,2026-07-09T12:17:04.907,plot metric changed => tof,CONNECTED,0,tof,1,1,1,0,0,0,0,0,0,0,0,0,0,124,250,1,0,0,0,1,0,0,0,1506,4209,1387,300,0,0,0,0,0,battery?,,ERROR,0,-1,-1
,gui,,CONTROL_PANEL,148718,158,2,1,1,2521.5,0,5043,5043,18125,130593,1,0,1,5043,0,5043,0,5043,0,5043,5043,0,1,0,takeoff,telemetry_confirmed(takeoff before_h=0 before_tof=10 after_h=100 after_tof=72 wait_ms=0),TIMEOUT,manual,Timeout waiting for response,attempt=1|send=OK|raw=|result=TIMEOUT,executor_call=1|command=takeoff|result=TIMEOUT|response=|elapsed_ms=5043|timing_total_ms=5043|recv_wait_ms=5043|attempt_log=[attempt=1|send=OK|raw=|result=TIMEOUT],2037,2037,0,1,0,8.32466,43.3029,105,120,1098,461,1866,23,10,1,OK,100,1,60,42,189.57,0,64,78,81,5955,26223077,0,0,0,50.0231,2,18,-1,0,0,0,0,0,0,OK,100,OK,100,1,telemetry=OK; video=OK; command=OK; rc=OK,OK,OK,OK,OK,50,50,1,6423,0,5924,26088522,5684,0,0,0,0,0,0,0,0,0,0,5684,2,30.0397,960,720,0,0,1,0,OK,0,,0,plot_metric_changed:tof,,,CONNECTED,0,tof,0,1,1,0,0,0,0,0,0,0,0,0,0,124,250,1,0,0,0,1,0,0,0,1506,4209,1387,300,0,0,0,0,0,battery?,,ERROR,0,-1,-1
,gui,,CONTROL_PANEL,148867,159,2,1,1,2521.5,0,5043,5043,18125,130742,1,0,1,5043,0,5043,0,5043,0,5043,5043,0,1,0,takeoff,telemetry_confirmed(takeoff before_h=0 before_tof=10 after_h=100 after_tof=72 wait_ms=0),TIMEOUT,manual,Timeout waiting for response,attempt=1|send=OK|raw=|result=TIMEOUT,executor_call=1|command=takeoff|result=TIMEOUT|response=|elapsed_ms=5043|timing_total_ms=5043|recv_wait_ms=5043|attempt_log=[attempt=1|send=OK|raw=|result=TIMEOUT],2039,2039,0,1,0,16.8876,32.1281,40,59,1098,461,1866,23,10,1,OK,100,1,60,43,189.12,0,64,78,81,5958,26235615,0,0,0,39.4501,40,34,-1,0,0,0,0,0,0,OK,100,OK,100,1,telemetry=OK; video=OK; command=OK; rc=OK,OK,OK,OK,OK,50,50,1,6572,0,5958,26235615,5718,0,0,0,0,0,0,0,0,0,0,5718,2,39.4501,960,720,0,0,1,0,OK,0,,0,vision:ffmpeg_stream,,,CONNECTED,0,tof,0,1,1,0,0,0,0,0,0,0,0,0,0,124,249,1,0,0,0,1,0,0,0,1507,4211,1388,300,0,0,0,0,0,battery?,,ERROR,0,-1,-1
,gui,,CONTROL_PANEL,149992,160,2,1,1,2521.5,0,5043,5043,18125,131867,1,0,1,5043,0,5043,0,5043,0,5043,5043,0,1,0,takeoff,telemetry_confirmed(takeoff before_h=0 before_tof=10 after_h=100 after_tof=72 wait_ms=0),TIMEOUT,manual,Timeout waiting for response,attempt=1|send=OK|raw=|result=TIMEOUT,executor_call=1|command=takeoff|result=TIMEOUT|response=|elapsed_ms=5043|timing_total_ms=5043|recv_wait_ms=5043|attempt_log=[attempt=1|send=OK|raw=|result=TIMEOUT],2045,2045,0,1,0,2.68702,15.9539,282,372,1098,372,2045,24,10,1,DEGRADED,60,1,60,43,189.23,0,64,78,81,5976,26312334,0,0,0,20.0065,171,18,-1,0,0,0,0,0,0,OK,100,DEGRADED,60,1,telemetry=DEGRADED; video=OK; command=OK; rc=OK,DEGRADED,OK,OK,OK,51,50,1,7697,0,5976,26312334,5736,0,0,0,0,0,0,0,0,0,0,5736,2,20.0065,960,720,0,0,1,0,OK,0,,0,vision:ffmpeg_stream,,,CONNECTED,0,tof,0,1,1,0,0,0,0,0,0,0,0,0,0,125,249,1,0,0,0,1,0,0,0,1514,4222,1395,300,0,0,0,0,0,battery?,,ERROR,0,-1,-1
,gui,,CONTROL_PANEL,150992,161,2,1,1,2521.5,0,5043,5043,18125,132867,1,0,1,5043,0,5043,0,5043,0,5043,5043,0,1,0,takeoff,telemetry_confirmed(takeoff before_h=0 before_tof=10 after_h=100 after_tof=72 wait_ms=0),TIMEOUT,manual,Timeout waiting for response,attempt=1|send=OK|raw=|result=TIMEOUT,executor_call=1|command=takeoff|result=TIMEOUT|response=|elapsed_ms=5043|timing_total_ms=5043|recv_wait_ms=5043|attempt_log=[attempt=1|send=OK|raw=|result=TIMEOUT],2056,2056,0,1,0,11.2132,70.5837,474,89,1098,313,2046,25,10,1,DEGRADED,60,1,60,40,189.7,0,64,78,81,6014,26469014,0,0,0,138.16,429,38,-1,0,0,0,0,0,0,DEGRADED,60,DEGRADED,60,1,telemetry=DEGRADED; video=DEGRADED; command=OK; rc=OK,DEGRADED,DEGRADED,OK,OK,50,50,1,8697,0,6014,26469014,5771,0,0,0,0,0,0,0,0,0,0,5771,2,138.16,960,720,0,0,1,0,OK,0,,0,vision:ffmpeg_stream,,,CONNECTED,0,tof,0,1,1,0,0,0,0,0,0,0,0,0,0,125,250,0,0,0,0,1,0,0,0,1519,4252,1399,300,0,0,0,0,0,battery?,,ERROR,0,-1,-1
,gui,,CONTROL_PANEL,152117,162,2,1,1,2521.5,0,5043,5043,18125,133992,1,0,1,5043,0,5043,0,5043,0,5043,5043,0,1,0,takeoff,telemetry_confirmed(takeoff before_h=0 before_tof=10 after_h=100 after_tof=72 wait_ms=0),TIMEOUT,manual,Timeout waiting for response,attempt=1|send=OK|raw=|result=TIMEOUT,executor_call=1|command=takeoff|result=TIMEOUT|response=|elapsed_ms=5043|timing_total_ms=5043|recv_wait_ms=5043|attempt_log=[attempt=1|send=OK|raw=|result=TIMEOUT],2065,2065,0,2,0,2.87672,196.06,13,347,1201,347,2065,27,11,2,DEGRADED,60,1,60,42,189.41,0,64,79,82,6017,26481693,0,0,0,138.16,1554,3,-1,0,0,0,0,0,0,STALE,0,STALE,0,0,telemetry=DEGRADED; video=STALE; command=OK; rc=OK,DEGRADED,STALE,OK,OK,50,50,1,1,0,6017,26481693,5771,0,0,0,0,0,0,0,0,0,0,5771,2,138.16,960,720,0,0,1,0,OK,0,,0,vision:ffmpeg_stream,,,CONNECTED,0,tof,1,1,1,0,0,20,0,0,0,0,0,0,0,124,249,0,0,0,0,1,0,0,0,1519,4252,1399,300,0,0,0,0,0,battery?,,ERROR,0,-1,-1
,gui,,CONTROL_PANEL,153242,163,2,1,1,2521.5,0,5043,5043,18125,135117,1,0,1,5043,0,5043,0,5043,0,5043,5043,0,1,0,takeoff,telemetry_confirmed(takeoff before_h=0 before_tof=10 after_h=100 after_tof=72 wait_ms=0),TIMEOUT,manual,Timeout waiting for response,attempt=1|send=OK|raw=|result=TIMEOUT,executor_call=1|command=takeoff|result=TIMEOUT|response=|elapsed_ms=5043|timing_total_ms=5043|recv_wait_ms=5043|attempt_log=[attempt=1|send=OK|raw=|result=TIMEOUT],2082,2082,0,2,0,10.3013,88.0548,9,97,1201,347,2065,27,11,2,OK,100,1,60,44,189.39,0,63,79,81,6030,26537214,0,0,0,138.16,2679,13,-1,0,0,0,0,0,0,STALE,0,STALE,0,0,telemetry=OK; video=STALE; command=OK; rc=OK,OK,STALE,OK,OK,50,50,1,24,0,6030,26537214,5771,0,0,0,0,0,0,0,0,0,0,5771,2,138.16,960,720,0,0,1,0,OK,0,,0,vision:ffmpeg_stream,,,CONNECTED,0,tof,2,1,1,0,0,20,0,0,0,0,0,0,0,125,250,0,0,0,0,1,0,0,0,1519,4252,1399,300,0,0,0,0,0,battery?,,ERROR,0,-1,-1
,gui,,CONTROL_PANEL,154242,164,2,1,1,2521.5,0,5043,5043,18125,136117,1,0,1,5043,0,5043,0,5043,0,5043,5043,0,1,0,takeoff,telemetry_confirmed(takeoff before_h=0 before_tof=10 after_h=100 after_tof=72 wait_ms=0),TIMEOUT,manual,Timeout waiting for response,attempt=1|send=OK|raw=|result=TIMEOUT,executor_call=1|command=takeoff|result=TIMEOUT|response=|elapsed_ms=5043|timing_total_ms=5043|recv_wait_ms=5043|attempt_log=[attempt=1|send=OK|raw=|result=TIMEOUT],2094,2094,0,2,0,12.3926,233.618,30,80,1201,347,2065,27,11,2,OK,100,1,60,43,189.49,0,63,79,82,6094,26802083,0,0,0,83.8056,24,64,-1,0,0,0,0,0,0,OK,100,OK,100,1,telemetry=OK; video=OK; command=OK; rc=OK,OK,OK,OK,OK,50,50,1,22,0,6094,26802083,5807,0,0,0,0,0,0,0,0,0,0,5807,2,83.8056,960,720,0,0,1,0,OK,0,,0,vision:ffmpeg_stream,,,CONNECTED,0,tof,2,1,1,0,0,20,0,0,0,0,0,0,0,125,250,1,0,0,0,1,0,0,0,1526,4281,1404,300,0,0,0,0,0,battery?,,ERROR,0,-1,-1
,gui,,CONTROL_PANEL,155366,165,2,1,1,2521.5,0,5043,5043,18125,137241,1,0,1,5043,0,5043,0,5043,0,5043,5043,0,1,0,takeoff,telemetry_confirmed(takeoff before_h=0 before_tof=10 after_h=100 after_tof=72 wait_ms=0),TIMEOUT,manual,Timeout waiting for response,attempt=1|send=OK|raw=|result=TIMEOUT,executor_call=1|command=takeoff|result=TIMEOUT|response=|elapsed_ms=5043|timing_total_ms=5043|recv_wait_ms=5043|attempt_log=[attempt=1|send=OK|raw=|result=TIMEOUT],2105,2105,0,2,0,10.1694,29.3779,63,98,1201,347,2065,27,11,2,OK,100,1,60,40,189.15,0,63,79,82,6129,26947981,0,0,0,30.9241,16,35,-1,0,0,0,0,0,0,OK,100,OK,100,1,telemetry=OK; video=OK; command=OK; rc=OK,OK,OK,OK,OK,50,50,1,1097,0,6129,26947981,5842,0,0,0,0,0,0,0,0,0,0,5842,2,30.9241,960,720,0,0,1,0,OK,0,,0,vision:ffmpeg_stream,,,CONNECTED,0,tof,0,1,1,0,0,0,0,0,0,0,0,0,0,124,249,1,0,0,0,1,0,0,0,1535,4307,1413,300,0,0,0,0,0,battery?,,ERROR,0,-1,-1
,gui,,CONTROL_PANEL,156367,166,2,1,1,2521.5,0,5043,5043,18125,138242,1,0,1,5043,0,5043,0,5043,0,5043,5043,0,1,0,takeoff,telemetry_confirmed(takeoff before_h=0 before_tof=10 after_h=100 after_tof=72 wait_ms=0),TIMEOUT,manual,Timeout waiting for response,attempt=1|send=OK|raw=|result=TIMEOUT,executor_call=1|command=takeoff|result=TIMEOUT|response=|elapsed_ms=5043|timing_total_ms=5043|recv_wait_ms=5043|attempt_log=[attempt=1|send=OK|raw=|result=TIMEOUT],2109,2109,0,2,0,10.093,18.0133,670,99,1201,347,2065,27,11,2,STALE,0,1,60,40,189.28,0,62,79,82,6141,26998008,0,0,0,42.794,650,12,-1,0,0,0,0,0,0,STALE,0,STALE,0,0,telemetry=STALE; video=STALE; command=OK; rc=OK,STALE,STALE,OK,OK,50,50,1,44,0,6141,26998008,5854,0,0,0,0,0,0,0,0,0,0,5854,2,42.794,960,720,0,0,1,0,OK,0,,0,vision:ffmpeg_stream,,,CONNECTED,0,tof,0,1,1,0,0,20,0,0,0,0,0,0,0,125,249,0,0,0,0,1,0,0,0,1538,4316,1417,300,0,0,0,0,0,battery?,,ERROR,0,-1,-1
,gui,,CONTROL_PANEL,157492,167,2,1,1,2521.5,0,5043,5043,18125,139367,1,0,1,5043,0,5043,0,5043,0,5043,5043,0,1,0,takeoff,telemetry_confirmed(takeoff before_h=0 before_tof=10 after_h=100 after_tof=72 wait_ms=0),TIMEOUT,manual,Timeout waiting for response,attempt=1|send=OK|raw=|result=TIMEOUT,executor_call=1|command=takeoff|result=TIMEOUT|response=|elapsed_ms=5043|timing_total_ms=5043|recv_wait_ms=5043|attempt_log=[attempt=1|send=OK|raw=|result=TIMEOUT],2125,2125,0,3,0,7.58587,112.562,116,131,1201,1080,2110,28,12,3,OK,100,1,60,43,189.38,0,62,79,81,6151,27040481,0,0,0,20.3409,31,10,-1,0,0,0,0,0,0,OK,100,OK,100,1,telemetry=OK; video=OK; command=OK; rc=OK,OK,OK,OK,OK,50,50,1,566,0,6151,27040481,5864,0,0,0,0,0,0,0,0,0,0,5864,2,20.3409,960,720,0,0,1,0,OK,0,,0,vision:ffmpeg_stream,,,CONNECTED,0,tof,1,1,1,0,0,0,0,0,0,0,0,0,0,124,250,1,0,0,0,1,0,0,0,1544,4320,1421,300,0,0,0,0,0,battery?,,ERROR,0,-1,-1
,gui,,CONTROL_PANEL,158492,168,2,1,1,2521.5,0,5043,5043,18125,140367,1,0,1,5043,0,5043,0,5043,0,5043,5043,0,1,0,takeoff,telemetry_confirmed(takeoff before_h=0 before_tof=10 after_h=100 after_tof=72 wait_ms=0),TIMEOUT,manual,Timeout waiting for response,attempt=1|send=OK|raw=|result=TIMEOUT,executor_call=1|command=takeoff|result=TIMEOUT|response=|elapsed_ms=5043|timing_total_ms=5043|recv_wait_ms=5043|attempt_log=[attempt=1|send=OK|raw=|result=TIMEOUT],2136,2136,0,3,0,9.93843,22.574,51,100,1201,1080,2110,28,12,3,OK,100,1,60,44,189.63,0,62,79,82,6170,27121249,0,0,0,22.2047,22,19,-1,0,0,0,0,0,0,OK,100,OK,100,1,telemetry=OK; video=OK; command=OK; rc=OK,OK,OK,OK,OK,50,50,1,1566,0,6170,27121249,5883,0,0,0,0,0,0,0,0,0,0,5883,2,22.2047,960,720,0,0,1,0,OK,0,,0,vision:ffmpeg_stream,,,CONNECTED,0,tof,1,1,1,0,0,0,0,0,0,0,0,0,0,124,249,1,0,0,0,1,0,0,0,1551,4332,1428,300,0,0,0,0,0,battery?,,ERROR,0,-1,-1
,gui,,CONTROL_PANEL,159492,169,2,1,1,2521.5,0,5043,5043,18125,141367,1,0,1,5043,0,5043,0,5043,0,5043,5043,0,1,0,takeoff,telemetry_confirmed(takeoff before_h=0 before_tof=10 after_h=100 after_tof=72 wait_ms=0),TIMEOUT,manual,Timeout waiting for response,attempt=1|send=OK|raw=|result=TIMEOUT,executor_call=1|command=takeoff|result=TIMEOUT|response=|elapsed_ms=5043|timing_total_ms=5043|recv_wait_ms=5043|attempt_log=[attempt=1|send=OK|raw=|result=TIMEOUT],2148,2148,0,3,0,13.1336,22.4816,5,76,1201,1080,2110,28,12,3,OK,100,1,60,40,189.55,0,62,80,82,6234,27383126,0,0,0,70.4694,306,64,-1,0,0,0,0,0,0,DEGRADED,60,DEGRADED,60,1,telemetry=OK; video=DEGRADED; command=OK; rc=OK,OK,DEGRADED,OK,OK,50,50,1,11,0,6234,27383126,5904,0,0,0,0,0,0,0,0,0,0,5904,2,70.4694,960,720,0,0,1,0,OK,0,,0,vision:ffmpeg_stream,,,CONNECTED,0,tof,3,1,1,0,0,20,0,0,0,0,0,0,0,124,249,0,0,0,0,1,0,0,0,1557,4347,1434,300,0,0,0,0,0,battery?,,ERROR,0,-1,-1
,gui,,CONTROL_PANEL,160617,170,2,1,1,2521.5,0,5043,5043,18125,142492,1,0,1,5043,0,5043,0,5043,0,5043,5043,0,1,0,takeoff,telemetry_confirmed(takeoff before_h=0 before_tof=10 after_h=100 after_tof=72 wait_ms=0),TIMEOUT,manual,Timeout waiting for response,attempt=1|send=OK|raw=|result=TIMEOUT,executor_call=1|command=takeoff|result=TIMEOUT|response=|elapsed_ms=5043|timing_total_ms=5043|recv_wait_ms=5043|attempt_log=[attempt=1|send=OK|raw=|result=TIMEOUT],2159,2159,0,3,0,9.93199,11.5673,40,100,1201,1080,2110,28,12,3,OK,100,1,60,46,189.37,0,62,79,82,6268,27524809,0,0,0,46.3671,44,34,-1,0,0,0,0,0,0,OK,100,OK,100,1,telemetry=OK; video=OK; command=OK; rc=OK,OK,OK,OK,OK,50,50,1,34,0,6268,27524809,5935,0,0,0,0,0,0,0,0,0,0,5935,2,46.3671,960,720,0,0,1,0,OK,0,,0,vision:ffmpeg_stream,,,CONNECTED,0,tof,0,1,1,0,0,20,0,0,0,0,0,0,0,125,250,1,0,0,0,1,0,0,0,1565,4370,1441,300,0,0,0,0,0,battery?,,ERROR,0,-1,-1
,gui,,CONTROL_PANEL,161741,171,2,1,1,2521.5,0,5043,5043,18125,143616,1,0,1,5043,0,5043,0,5043,0,5043,5043,0,1,0,takeoff,telemetry_confirmed(takeoff before_h=0 before_tof=10 after_h=100 after_tof=72 wait_ms=0),TIMEOUT,manual,Timeout waiting for response,attempt=1|send=OK|raw=|result=TIMEOUT,executor_call=1|command=takeoff|result=TIMEOUT|response=|elapsed_ms=5043|timing_total_ms=5043|recv_wait_ms=5043|attempt_log=[attempt=1|send=OK|raw=|result=TIMEOUT],2170,2170,0,3,0,11.4561,10.2345,66,87,1201,1080,2110,28,12,3,OK,100,1,70,56,189.63,0,62,78,82,6303,27670723,0,0,0,30.848,11,35,-1,0,0,0,0,0,0,OK,100,OK,100,1,telemetry=OK; video=OK; command=OK; rc=OK,OK,OK,OK,OK,50,50,1,6,0,6303,27670723,5970,0,0,0,0,0,0,0,0,0,0,5970,2,30.848,960,720,0,0,1,0,OK,0,,0,vision:ffmpeg_stream,,,CONNECTED,0,tof,1,1,1,0,0,20,0,0,0,0,0,0,0,124,249,1,0,0,0,1,0,0,0,1575,4395,1449,300,0,0,0,0,0,battery?,,ERROR,0,-1,-1
,gui,,CONTROL_PANEL,162742,172,2,1,1,2521.5,0,5043,5043,18125,144617,1,0,1,5043,0,5043,0,5043,0,5043,5043,0,1,0,takeoff,telemetry_confirmed(takeoff before_h=0 before_tof=10 after_h=100 after_tof=72 wait_ms=0),TIMEOUT,manual,Timeout waiting for response,attempt=1|send=OK|raw=|result=TIMEOUT,executor_call=1|command=takeoff|result=TIMEOUT|response=|elapsed_ms=5043|timing_total_ms=5043|recv_wait_ms=5043|attempt_log=[attempt=1|send=OK|raw=|result=TIMEOUT],2180,2180,0,3,0,9.80252,234.108,32,102,1201,495,2175,30,12,3,OK,100,1,80,62,189.81,0,62,79,82,6322,27751328,0,0,0,59.3142,5,19,-1,0,0,0,0,0,0,OK,100,OK,100,1,telemetry=OK; video=OK; command=OK; rc=OK,OK,OK,OK,OK,50,50,1,4,0,6322,27751328,5989,0,0,0,0,0,0,0,0,0,0,5989,2,59.3142,960,720,0,0,1,0,OK,0,,0,vision:ffmpeg_stream,,,CONNECTED,0,tof,3,1,1,0,0,20,0,0,0,0,0,0,0,124,249,1,0,0,0,1,0,0,0,1579,4410,1453,300,0,0,0,0,0,battery?,,ERROR,0,-1,-1
,gui,,CONTROL_PANEL,163742,173,2,1,1,2521.5,0,5043,5043,18125,145617,1,0,1,5043,0,5043,0,5043,0,5043,5043,0,1,0,takeoff,telemetry_confirmed(takeoff before_h=0 before_tof=10 after_h=100 after_tof=72 wait_ms=0),TIMEOUT,manual,Timeout waiting for response,attempt=1|send=OK|raw=|result=TIMEOUT,executor_call=1|command=takeoff|result=TIMEOUT|response=|elapsed_ms=5043|timing_total_ms=5043|recv_wait_ms=5043|attempt_log=[attempt=1|send=OK|raw=|result=TIMEOUT],2191,2191,0,3,0,9.62558,29.8852,37,103,1201,495,2175,30,12,3,OK,100,1,90,73,189.79,0,61,79,82,6364,27926002,0,0,0,37.1293,8,42,-1,0,0,0,0,0,0,OK,100,OK,100,1,telemetry=OK; video=OK; command=OK; rc=OK,OK,OK,OK,OK,50,50,1,2,0,6364,27926002,6031,0,0,0,0,0,0,0,0,0,0,6031,2,37.1293,960,720,0,0,1,0,OK,0,,0,vision:ffmpeg_stream,,,CONNECTED,0,tof,2,1,1,0,0,20,0,0,0,0,0,0,0,125,249,1,0,0,0,1,0,0,0,1587,4444,1461,300,0,0,0,0,0,battery?,,ERROR,0,-1,-1
,gui,,CONTROL_PANEL,164742,174,2,1,1,2521.5,0,5043,5043,18125,146617,1,0,1,5043,0,5043,0,5043,0,5043,5043,0,1,0,takeoff,telemetry_confirmed(takeoff before_h=0 before_tof=10 after_h=100 after_tof=72 wait_ms=0),TIMEOUT,manual,Timeout waiting for response,attempt=1|send=OK|raw=|result=TIMEOUT,executor_call=1|command=takeoff|result=TIMEOUT|response=|elapsed_ms=5043|timing_total_ms=5043|recv_wait_ms=5043|attempt_log=[attempt=1|send=OK|raw=|result=TIMEOUT],2201,2201,0,3,0,14.6754,12.7721,52,68,1201,495,2175,30,12,3,OK,100,1,90,78,190.1,0,61,80,81,6395,28055430,0,0,0,38.1291,2,31,-1,0,0,0,0,0,0,OK,100,OK,100,1,telemetry=OK; video=OK; command=OK; rc=OK,OK,OK,OK,OK,50,50,1,1,0,6395,28055430,6062,0,0,0,0,0,0,0,0,0,0,6062,2,38.1291,960,720,0,0,1,0,OK,0,,0,vision:ffmpeg_stream,,,CONNECTED,0,tof,2,1,1,0,0,20,0,0,0,0,0,0,0,125,250,1,0,0,0,1,0,0,0,1595,4467,1469,300,0,0,0,0,0,battery?,,ERROR,0,-1,-1
,gui,,CONTROL_PANEL,165866,175,2,1,1,2521.5,0,5043,5043,18125,147741,1,0,1,5043,0,5043,0,5043,0,5043,5043,0,1,0,takeoff,telemetry_confirmed(takeoff before_h=0 before_tof=10 after_h=100 after_tof=72 wait_ms=0),TIMEOUT,manual,Timeout waiting for response,attempt=1|send=OK|raw=|result=TIMEOUT,executor_call=1|command=takeoff|result=TIMEOUT|response=|elapsed_ms=5043|timing_total_ms=5043|recv_wait_ms=5043|attempt_log=[attempt=1|send=OK|raw=|result=TIMEOUT],2213,2213,0,3,0,10.1195,11.4666,40,98,1201,495,2175,30,12,3,OK,100,1,90,74,189.87,0,61,79,81,6429,28197226,0,0,0,32.2163,29,34,-1,0,0,0,0,0,0,OK,100,OK,100,1,telemetry=OK; video=OK; command=OK; rc=OK,OK,OK,OK,OK,50,50,1,23,0,6429,28197226,6096,0,0,0,0,0,0,0,0,0,0,6096,2,32.2163,960,720,0,0,1,0,OK,0,,0,vision:ffmpeg_stream,,,CONNECTED,0,tof,0,1,1,0,0,20,0,0,0,0,0,0,0,125,250,1,0,0,0,1,0,0,0,1604,4492,1478,300,0,0,0,0,0,battery?,,ERROR,0,-1,-1
,gui,,CONTROL_PANEL,166867,176,2,1,1,2521.5,0,5043,5043,18125,148742,1,0,1,5043,0,5043,0,5043,0,5043,5043,0,1,0,takeoff,telemetry_confirmed(takeoff before_h=0 before_tof=10 after_h=100 after_tof=72 wait_ms=0),TIMEOUT,manual,Timeout waiting for response,attempt=1|send=OK|raw=|result=TIMEOUT,executor_call=1|command=takeoff|result=TIMEOUT|response=|elapsed_ms=5043|timing_total_ms=5043|recv_wait_ms=5043|attempt_log=[attempt=1|send=OK|raw=|result=TIMEOUT],2223,2223,0,3,0,10.1978,10.4678,52,98,1201,495,2175,30,12,3,OK,100,1,90,70,189.66,0,61,79,81,6461,28330625,0,0,0,32.8513,0,32,-1,0,0,0,0,0,0,OK,100,OK,100,1,telemetry=OK; video=OK; command=OK; rc=OK,OK,OK,OK,OK,50,50,1,1023,0,6461,28330625,6128,0,0,0,0,0,0,0,0,0,0,6128,2,32.8513,960,720,0,0,1,0,OK,0,,0,vision:ffmpeg_stream,,,CONNECTED,0,tof,0,1,1,0,0,0,0,0,0,0,0,0,0,125,250,1,0,0,0,1,0,0,0,1613,4515,1486,300,0,0,0,0,0,battery?,,ERROR,0,-1,-1
,gui,,CONTROL_PANEL,167992,177,2,1,1,2521.5,0,5043,5043,18125,149867,1,0,1,5043,0,5043,0,5043,0,5043,5043,0,1,0,takeoff,telemetry_confirmed(takeoff before_h=0 before_tof=10 after_h=100 after_tof=72 wait_ms=0),TIMEOUT,manual,Timeout waiting for response,attempt=1|send=OK|raw=|result=TIMEOUT,executor_call=1|command=takeoff|result=TIMEOUT|response=|elapsed_ms=5043|timing_total_ms=5043|recv_wait_ms=5043|attempt_log=[attempt=1|send=OK|raw=|result=TIMEOUT],2234,2234,0,3,0,10.7364,10.4763,85,93,1201,495,2175,30,12,3,OK,100,1,90,75,189.71,0,61,78,82,6495,28472183,0,0,0,31.3746,17,34,-1,0,0,0,0,0,0,OK,100,OK,100,1,telemetry=OK; video=OK; command=OK; rc=OK,OK,OK,OK,OK,50,50,1,2148,0,6495,28472183,6162,0,0,0,0,0,0,0,0,0,0,6162,2,31.3746,960,720,0,0,1,0,OK,0,,0,vision:ffmpeg_stream,,,CONNECTED,0,tof,1,1,1,0,0,0,0,0,0,0,0,0,0,125,250,0,0,0,0,1,0,0,0,1622,4540,1492,300,0,0,0,0,0,battery?,,ERROR,0,-1,-1
,gui,,CONTROL_PANEL,169117,178,2,1,1,2521.5,0,5043,5043,18125,150992,1,0,1,5043,0,5043,0,5043,0,5043,5043,0,1,0,takeoff,telemetry_confirmed(takeoff before_h=0 before_tof=10 after_h=100 after_tof=72 wait_ms=0),TIMEOUT,manual,Timeout waiting for response,attempt=1|send=OK|raw=|result=TIMEOUT,executor_call=1|command=takeoff|result=TIMEOUT|response=|elapsed_ms=5043|timing_total_ms=5043|recv_wait_ms=5043|attempt_log=[attempt=1|send=OK|raw=|result=TIMEOUT],2246,2246,0,3,0,10.1282,10.688,30,98,1201,495,2175,30,12,3,OK,100,1,90,80,189.51,0,61,78,82,6530,28617936,0,0,0,32.0638,17,35,-1,0,0,0,0,0,0,OK,100,OK,100,1,telemetry=OK; video=OK; command=OK; rc=OK,OK,OK,OK,OK,51,50,1,3273,0,6530,28617936,6197,0,0,0,0,0,0,0,0,0,0,6197,2,32.0638,960,720,0,0,1,0,OK,0,,0,vision:ffmpeg_stream,,,CONNECTED,0,tof,0,1,1,0,0,0,0,0,0,0,0,0,0,125,250,1,0,0,0,1,0,0,0,1631,4566,1501,300,0,0,0,0,0,battery?,,ERROR,0,-1,-1
,gui,,CONTROL_PANEL,170117,179,2,1,1,2521.5,0,5043,5043,18125,151992,1,0,1,5043,0,5043,0,5043,0,5043,5043,0,1,0,takeoff,telemetry_confirmed(takeoff before_h=0 before_tof=10 after_h=100 after_tof=72 wait_ms=0),TIMEOUT,manual,Timeout waiting for response,attempt=1|send=OK|raw=|result=TIMEOUT,executor_call=1|command=takeoff|result=TIMEOUT|response=|elapsed_ms=5043|timing_total_ms=5043|recv_wait_ms=5043|attempt_log=[attempt=1|send=OK|raw=|result=TIMEOUT],2256,2256,0,3,0,10.1102,11.5612,92,98,1201,495,2175,30,12,3,OK,100,1,100,80,189.96,0,61,79,81,6561,28747209,0,0,0,34.4155,20,31,-1,0,0,0,0,0,0,OK,100,OK,100,1,telemetry=OK; video=OK; command=OK; rc=OK,OK,OK,OK,OK,50,50,1,4273,0,6561,28747209,6228,0,0,0,0,0,0,0,0,0,0,6228,2,34.4155,960,720,0,0,1,0,OK,0,,0,vision:ffmpeg_stream,,,CONNECTED,0,tof,0,1,1,0,0,0,0,0,0,0,0,0,0,125,250,1,0,0,0,1,0,0,0,1639,4589,1509,300,0,0,0,0,0,battery?,,ERROR,0,-1,-1
,gui,,CONTROL_PANEL,170539,180,2,1,1,2521.5,0,5043,5043,18125,152414,1,0,1,5043,0,5043,0,5043,0,5043,5043,0,1,0,takeoff,telemetry_confirmed(takeoff before_h=0 before_tof=10 after_h=100 after_tof=72 wait_ms=0),TIMEOUT,manual,Timeout waiting for response,attempt=1|send=OK|raw=|result=TIMEOUT,executor_call=1|command=takeoff|result=TIMEOUT|response=|elapsed_ms=5043|timing_total_ms=5043|recv_wait_ms=5043|attempt_log=[attempt=1|send=OK|raw=|result=TIMEOUT],2261,2261,0,3,0,10.2728,10.6246,19,97,1201,495,2175,30,12,3,OK,100,1,90,80,189.67,0,61,79,82,6574,28801299,0,0,0,32.3594,23,31,-1,0,0,0,0,0,0,OK,100,OK,100,1,telemetry=OK; video=OK; command=OK; rc=OK,OK,OK,OK,OK,50,50,1,4695,0,6561,28747209,6228,0,0,0,0,0,0,0,0,0,0,6228,2,34.4155,960,720,0,0,1,0,OK,0,,0,critical-command:begin:land,,,CONNECTED,0,tof,2,1,1,0,0,0,0,0,0,1,0,0,0,125,249,1,0,0,0,1,0,0,0,1643,4598,1513,300,0,0,0,0,0,battery?,,ERROR,0,-1,-1
,gui,,CONTROL_PANEL,170540,181,2,1,1,2521.5,0,5043,5043,18125,152415,1,0,1,5043,0,5043,0,5043,0,5043,5043,0,1,0,takeoff,telemetry_confirmed(takeoff before_h=0 before_tof=10 after_h=100 after_tof=72 wait_ms=0),TIMEOUT,manual,Timeout waiting for response,attempt=1|send=OK|raw=|result=TIMEOUT,executor_call=1|command=takeoff|result=TIMEOUT|response=|elapsed_ms=5043|timing_total_ms=5043|recv_wait_ms=5043|attempt_log=[attempt=1|send=OK|raw=|result=TIMEOUT],2261,2261,0,3,0,10.2728,10.6246,20,97,1201,495,2175,30,12,3,OK,100,1,90,80,189.67,0,61,79,82,6574,28801299,0,0,0,32.3594,24,31,-1,0,0,0,0,0,0,OK,100,OK,100,1,telemetry=OK; video=OK; command=OK; rc=OK,OK,OK,OK,OK,50,50,1,4696,0,6561,28747209,6228,0,0,0,0,0,0,0,0,0,0,6228,2,34.4155,960,720,0,0,1,0,OK,0,,0,log,2026-07-09T12:17:27.712,sdk keepalive remains running; cooperative loop skips ticks while command channel is busy,CONNECTED,0,tof,0,1,1,0,0,0,0,0,0,1,0,0,0,125,249,1,0,0,0,1,0,0,0,1643,4598,1513,300,0,0,0,0,0,battery?,,ERROR,0,-1,-1
,gui,,CONTROL_PANEL,170555,182,2,1,1,2521.5,0,5043,5043,18125,152430,1,0,1,5043,0,5043,0,5043,0,5043,5043,0,1,0,takeoff,telemetry_confirmed(takeoff before_h=0 before_tof=10 after_h=100 after_tof=72 wait_ms=0),TIMEOUT,manual,Timeout waiting for response,attempt=1|send=OK|raw=|result=TIMEOUT,executor_call=1|command=takeoff|result=TIMEOUT|response=|elapsed_ms=5043|timing_total_ms=5043|recv_wait_ms=5043|attempt_log=[attempt=1|send=OK|raw=|result=TIMEOUT],2261,2261,0,3,0,10.2728,10.6246,35,97,1201,495,2175,30,12,3,OK,100,1,90,80,189.67,0,61,79,82,6575,28805438,0,0,0,32.1998,7,31,-1,0,0,0,0,0,0,OK,100,OK,100,1,telemetry=OK; video=OK; command=OK,OK,OK,OK,NO_DATA,0,50,1,4711,0,6561,28747209,6228,0,0,0,0,0,0,0,0,0,0,6228,2,34.4155,960,720,0,0,1,0,OK,0,,0,log,2026-07-09T12:17:27.726,rc stream neutralized (land) => OK,CONNECTED,0,tof,0,1,0,0,0,0,0,0,0,1,0,0,0,125,249,1,0,0,0,1,0,0,0,1643,4599,1513,300,0,0,0,0,0,battery?,,ERROR,0,-1,-1
,gui,,CONTROL_PANEL,170555,183,3,2,1,1681,0,5043,0,170555,0,0,0,0,0,0,0,0,0,0,0,0,0,1,0,rc 0 0 0 0,no_wait,OK,preflight,,no_wait|send=OK,no_wait|command=rc 0 0 0 0|result=OK|attempt_log=[no_wait|send=OK],2261,2261,0,3,0,10.2728,10.6246,35,97,1201,495,2175,30,12,3,OK,100,1,90,80,189.67,0,61,79,82,6575,28805438,0,0,0,32.1998,7,31,-1,0,0,0,0,0,0,OK,100,OK,100,1,telemetry=OK; video=OK; command=OK,OK,OK,OK,NO_DATA,0,50,1,4711,0,6561,28747209,6228,0,0,0,0,0,0,0,0,0,0,6228,2,34.4155,960,720,0,0,1,0,OK,0,,0,command:preflight,,,CONNECTED,0,tof,0,1,0,0,0,0,0,0,0,1,0,0,0,125,249,1,0,0,0,1,0,0,0,1643,4599,1513,300,0,0,0,0,0,battery?,,ERROR,0,-1,-1
,gui,,CONTROL_PANEL,170555,184,3,2,1,1681,0,5043,0,170555,0,0,0,0,0,0,0,0,0,0,0,0,0,1,0,rc 0 0 0 0,no_wait,OK,preflight,,no_wait|send=OK,no_wait|command=rc 0 0 0 0|result=OK|attempt_log=[no_wait|send=OK],2261,2261,0,3,0,10.2728,10.6246,36,97,1201,495,2175,30,12,3,OK,100,1,90,80,189.67,0,61,79,82,6575,28805438,0,0,0,32.1998,8,31,-1,0,0,0,0,0,0,OK,100,OK,100,1,telemetry=OK; video=OK; command=OK,OK,OK,OK,NO_DATA,0,50,1,4712,0,6561,28747209,6228,0,0,0,0,0,0,0,0,0,0,6228,2,34.4155,960,720,0,0,1,0,OK,0,,0,log,2026-07-09T12:17:27.727,land queued on command worker,CONNECTED,0,tof,0,1,0,0,0,0,0,0,0,1,0,0,0,125,249,1,0,0,0,1,0,0,0,1643,4599,1513,300,0,0,0,0,0,battery?,,ERROR,0,-1,-1
,gui,,CONTROL_PANEL,175815,185,3,2,1,1681,0,5043,0,170555,5260,0,0,0,0,0,0,0,0,0,0,0,0,1,0,rc 0 0 0 0,no_wait,OK,preflight,,no_wait|send=OK,no_wait|command=rc 0 0 0 0|result=OK|attempt_log=[no_wait|send=OK],2315,2315,0,3,0,9.78705,10.1599,32,102,1201,495,2175,30,12,3,OK,100,1,0,10,188.83,0,60,79,81,6736,29479245,0,0,0,31.3013,38,31,-1,0,0,0,0,0,0,OK,100,OK,100,1,telemetry=OK; video=OK; command=OK,OK,OK,OK,NO_DATA,0,50,1,9971,0,6561,28747209,6228,0,0,0,0,0,0,0,0,0,0,6228,2,34.4155,960,720,0,0,1,0,OK,0,,0,log,2026-07-09T12:17:32.981,land => TIMEOUT | telemetry_confirmed(land before_h=90 before_tof=80 after_h=0 after_tof=10 wait_ms=0) | state=CONNECTED,CONNECTED,0,tof,0,1,0,0,0,0,0,1,0,1,0,0,5251,125,5217,1,0,0,0,1,0,0,0,1684,4719,1513,300,0,0,0,0,0,battery?,,ERROR,0,-1,-1
,gui,,CONTROL_PANEL,175818,186,3,2,1,1681,0,5043,0,170555,5263,0,0,0,0,0,0,0,0,0,0,0,0,1,0,rc 0 0 0 0,no_wait,OK,preflight,,no_wait|send=OK,no_wait|command=rc 0 0 0 0|result=OK|attempt_log=[no_wait|send=OK],2315,2315,0,3,0,9.78705,10.1599,35,102,1201,495,2175,30,12,3,OK,100,1,0,10,188.83,0,60,79,81,6736,29479245,0,0,0,31.3013,41,31,-1,0,0,0,0,0,0,OK,100,OK,100,1,telemetry=OK; video=OK; command=OK,OK,OK,OK,NO_DATA,0,50,1,9974,0,6561,28747209,6228,0,0,0,0,0,0,0,0,0,0,6228,2,34.4155,960,720,0,0,1,0,OK,0,,0,log,2026-07-09T12:17:32.988,telemetry_confirmed(land before_h=90 before_tof=80 after_h=0 after_tof=10 wait_ms=0),CONNECTED,0,tof,0,1,0,0,0,0,0,1,0,1,0,0,5251,125,5217,1,0,0,0,1,0,0,0,1684,4719,1513,300,0,0,0,0,0,battery?,,ERROR,0,-1,-1
,gui,,CONTROL_PANEL,175818,187,4,2,2,2573.5,0,5251,5251,175818,0,1,0,1,5251,0,5251,0,5251,0,5251,5251,0,1,0,land,telemetry_confirmed(land before_h=90 before_tof=80 after_h=0 after_tof=10 wait_ms=0),TIMEOUT,manual,Timeout waiting for response,attempt=1|send=OK|raw=|result=TIMEOUT,executor_call=1|command=land|result=TIMEOUT|response=|elapsed_ms=5251|timing_total_ms=5251|recv_wait_ms=5251|attempt_log=[attempt=1|send=OK|raw=|result=TIMEOUT],2315,2315,0,3,0,9.78705,10.1599,35,102,1201,495,2175,30,12,3,OK,100,1,0,10,188.83,0,60,79,81,6736,29479245,0,0,0,31.3013,41,31,-1,0,0,0,0,0,0,OK,100,OK,100,1,telemetry=OK; video=OK; command=OK,OK,OK,OK,NO_DATA,0,50,1,9974,0,6561,28747209,6228,0,0,0,0,0,0,0,0,0,0,6228,2,34.4155,960,720,0,0,1,0,OK,0,,0,command:manual,,,CONNECTED,0,tof,0,1,0,0,0,0,0,1,0,1,0,0,5251,125,5217,1,0,0,0,1,0,0,0,1684,4719,1513,300,0,0,0,0,0,battery?,,ERROR,0,-1,-1
,gui,,CONTROL_PANEL,175818,188,4,2,2,2573.5,0,5251,5251,175818,0,1,0,1,5251,0,5251,0,5251,0,5251,5251,0,1,0,land,telemetry_confirmed(land before_h=90 before_tof=80 after_h=0 after_tof=10 wait_ms=0),TIMEOUT,manual,Timeout waiting for response,attempt=1|send=OK|raw=|result=TIMEOUT,executor_call=1|command=land|result=TIMEOUT|response=|elapsed_ms=5251|timing_total_ms=5251|recv_wait_ms=5251|attempt_log=[attempt=1|send=OK|raw=|result=TIMEOUT],2315,2315,0,3,0,9.78705,10.1599,35,102,1201,495,2175,30,12,3,OK,100,1,0,10,188.83,0,60,79,81,6737,29483392,0,0,0,31.3013,41,31,-1,0,0,0,0,0,0,OK,100,OK,100,1,telemetry=OK; video=OK; command=OK,OK,OK,OK,NO_DATA,0,50,1,9974,0,6561,28747209,6228,0,0,0,0,0,0,0,0,0,0,6228,2,34.4155,960,720,0,0,1,0,OK,0,,0,critical-command:end:land,,,CONNECTED,0,tof,0,1,0,0,0,0,0,1,0,1,0,0,5251,125,5217,1,0,0,0,1,0,0,0,1684,4719,1513,300,0,0,0,0,0,battery?,,ERROR,0,-1,-1
,gui,,CONTROL_PANEL,175818,189,4,2,2,2573.5,0,5251,5251,175818,0,1,0,1,5251,0,5251,0,5251,0,5251,5251,0,1,0,land,telemetry_confirmed(land before_h=90 before_tof=80 after_h=0 after_tof=10 wait_ms=0),TIMEOUT,manual,Timeout waiting for response,attempt=1|send=OK|raw=|result=TIMEOUT,executor_call=1|command=land|result=TIMEOUT|response=|elapsed_ms=5251|timing_total_ms=5251|recv_wait_ms=5251|attempt_log=[attempt=1|send=OK|raw=|result=TIMEOUT],2315,2315,0,3,0,9.78705,10.1599,35,102,1201,495,2175,30,12,3,OK,100,1,0,10,188.83,0,60,79,81,6737,29483392,0,0,0,31.3013,41,31,-1,0,0,0,0,0,0,OK,100,OK,100,1,telemetry=OK; video=OK; command=OK,OK,OK,OK,NO_DATA,0,50,1,9974,0,6561,28747209,6228,0,0,0,0,0,0,0,0,0,0,6228,2,34.4155,960,720,0,0,1,0,OK,0,,0,log,2026-07-09T12:17:32.980,sdk keepalive restart (vision) => OK,CONNECTED,0,tof,0,1,0,0,0,0,0,1,0,0,0,0,0,125,5217,1,0,0,0,1,0,0,0,1684,4719,1513,300,0,0,0,0,0,battery?,,ERROR,0,-1,-1
,gui,,CONTROL_PANEL,175818,190,4,2,2,2573.5,0,5251,5251,175818,0,1,0,1,5251,0,5251,0,5251,0,5251,5251,0,1,0,land,telemetry_confirmed(land before_h=90 before_tof=80 after_h=0 after_tof=10 wait_ms=0),TIMEOUT,manual,Timeout waiting for response,attempt=1|send=OK|raw=|result=TIMEOUT,executor_call=1|command=land|result=TIMEOUT|response=|elapsed_ms=5251|timing_total_ms=5251|recv_wait_ms=5251|attempt_log=[attempt=1|send=OK|raw=|result=TIMEOUT],2315,2315,0,3,0,9.78705,10.1599,35,102,1201,495,2175,30,12,3,OK,100,1,0,10,188.83,0,60,79,81,6737,29483392,0,0,0,31.3013,41,176,-1,0,0,0,0,0,0,OK,100,OK,100,1,telemetry=OK; video=OK; command=OK,OK,OK,OK,NO_DATA,0,50,1,9974,0,6737,29483392,6403,0,0,0,0,0,0,0,0,0,0,6403,2,31.3013,960,720,0,0,1,0,OK,0,,0,vision:ffmpeg_stream,,,CONNECTED,0,tof,0,1,0,0,0,0,0,1,0,0,0,0,0,125,5217,1,0,0,0,1,0,0,0,1684,4719,1513,300,0,0,0,0,0,battery?,,ERROR,0,-1,-1
,gui,,CONTROL_PANEL,176942,191,4,2,2,2573.5,0,5251,5251,175818,1124,1,0,1,5251,0,5251,0,5251,0,5251,5251,0,1,0,land,telemetry_confirmed(land before_h=90 before_tof=80 after_h=0 after_tof=10 wait_ms=0),TIMEOUT,manual,Timeout waiting for response,attempt=1|send=OK|raw=|result=TIMEOUT,executor_call=1|command=land|result=TIMEOUT|response=|elapsed_ms=5251|timing_total_ms=5251|recv_wait_ms=5251|attempt_log=[attempt=1|send=OK|raw=|result=TIMEOUT],2326,2326,0,3,0,10.1344,10.9887,80,98,1201,495,2175,30,12,3,OK,100,1,0,10,188.92,0,60,79,81,6772,29629274,0,0,0,32.4369,3,35,-1,0,0,0,0,0,0,OK,100,OK,100,1,telemetry=OK; video=OK; command=OK,OK,OK,OK,NO_DATA,0,50,1,11098,0,6772,29629274,6439,0,0,0,0,0,0,0,0,0,0,6439,2,32.4369,960,720,0,0,1,0,OK,0,,0,vision:ffmpeg_stream,,,CONNECTED,0,tof,1,1,0,0,0,0,0,1,0,0,0,0,0,125,250,1,0,0,0,1,0,0,0,1693,4746,1522,300,0,0,0,0,0,battery?,,ERROR,0,-1,-1
,gui,,CONTROL_PANEL,178067,192,4,2,2,2573.5,0,5251,5251,175818,2249,1,0,1,5251,0,5251,0,5251,0,5251,5251,0,1,0,land,telemetry_confirmed(land before_h=90 before_tof=80 after_h=0 after_tof=10 wait_ms=0),TIMEOUT,manual,Timeout waiting for response,attempt=1|send=OK|raw=|result=TIMEOUT,executor_call=1|command=land|result=TIMEOUT|response=|elapsed_ms=5251|timing_total_ms=5251|recv_wait_ms=5251|attempt_log=[attempt=1|send=OK|raw=|result=TIMEOUT],2338,2338,0,3,0,26.8943,15.7062,10,37,1201,495,2175,30,12,3,OK,100,1,0,10,188.84,0,60,79,82,6807,29779618,0,0,0,78.8924,32,35,-1,0,0,0,0,0,0,OK,100,OK,100,1,telemetry=OK; video=OK; command=OK,OK,OK,OK,NO_DATA,0,50,1,12223,0,6807,29779618,6473,0,0,0,0,0,0,0,0,0,0,6473,2,78.8924,960,720,0,0,1,0,OK,0,,0,vision:ffmpeg_stream,,,CONNECTED,0,tof,3,1,0,0,0,0,0,1,0,0,0,0,0,125,249,1,0,0,0,1,0,0,0,1702,4772,1531,300,0,0,0,0,0,battery?,,ERROR,0,-1,-1
,gui,,CONTROL_PANEL,179192,193,4,2,2,2573.5,0,5251,5251,175818,3374,1,0,1,5251,0,5251,0,5251,0,5251,5251,0,1,0,land,telemetry_confirmed(land before_h=90 before_tof=80 after_h=0 after_tof=10 wait_ms=0),TIMEOUT,manual,Timeout waiting for response,attempt=1|send=OK|raw=|result=TIMEOUT,executor_call=1|command=land|result=TIMEOUT|response=|elapsed_ms=5251|timing_total_ms=5251|recv_wait_ms=5251|attempt_log=[attempt=1|send=OK|raw=|result=TIMEOUT],2349,2349,0,3,0,7.97946,10.2577,47,125,1201,495,2175,30,12,3,OK,100,1,0,10,188.37,0,60,80,81,6841,29918401,0,0,0,41.1137,29,34,-1,0,0,0,0,0,0,OK,100,OK,100,1,telemetry=OK; video=OK; command=OK,OK,OK,OK,NO_DATA,0,50,1,13348,0,6841,29918401,6508,0,0,0,0,0,0,0,0,0,0,6508,2,41.1137,960,720,0,0,1,0,OK,0,,0,vision:ffmpeg_stream,,,CONNECTED,0,tof,1,1,0,0,0,0,0,1,0,0,0,0,0,125,250,1,0,0,0,1,0,0,0,1711,4797,1540,300,0,0,0,0,0,battery?,,ERROR,0,-1,-1
,gui,,CONTROL_PANEL,180316,194,4,2,2,2573.5,0,5251,5251,175818,4498,1,0,1,5251,0,5251,0,5251,0,5251,5251,0,1,0,land,telemetry_confirmed(land before_h=90 before_tof=80 after_h=0 after_tof=10 wait_ms=0),TIMEOUT,manual,Timeout waiting for response,attempt=1|send=OK|raw=|result=TIMEOUT,executor_call=1|command=land|result=TIMEOUT|response=|elapsed_ms=5251|timing_total_ms=5251|recv_wait_ms=5251|attempt_log=[attempt=1|send=OK|raw=|result=TIMEOUT],2361,2361,0,3,0,10.1433,10.4221,63,98,1201,495,2175,30,12,3,OK,100,1,0,10,188.87,0,60,80,82,6876,30063294,0,0,0,32.2472,22,35,-1,0,0,0,0,0,0,OK,100,OK,100,1,telemetry=OK; video=OK; command=OK,OK,OK,OK,NO_DATA,0,50,1,14473,0,6876,30063294,6543,0,0,0,0,0,0,0,0,0,0,6543,2,32.2472,960,720,0,0,1,0,OK,0,,0,vision:ffmpeg_stream,,,CONNECTED,0,tof,2,1,0,0,0,0,0,1,0,0,0,0,0,125,249,1,0,0,0,1,0,0,0,1721,4822,1549,300,0,0,0,0,0,battery?,,ERROR,0,-1,-1
,gui,,CONTROL_PANEL,181317,195,4,2,2,2573.5,0,5251,5251,175818,5499,1,0,1,5251,0,5251,0,5251,0,5251,5251,0,1,0,land,telemetry_confirmed(land before_h=90 before_tof=80 after_h=0 after_tof=10 wait_ms=0),TIMEOUT,manual,Timeout waiting for response,attempt=1|send=OK|raw=|result=TIMEOUT,executor_call=1|command=land|result=TIMEOUT|response=|elapsed_ms=5251|timing_total_ms=5251|recv_wait_ms=5251|attempt_log=[attempt=1|send=OK|raw=|result=TIMEOUT],2371,2371,0,3,0,10.1404,11.2157,74,98,1201,495,2175,30,12,3,OK,100,1,0,10,188.78,0,60,80,82,6907,30192250,0,0,0,33.9346,20,31,-1,0,0,0,0,0,0,OK,100,OK,100,1,telemetry=OK; video=OK; command=OK,OK,OK,OK,NO_DATA,0,50,1,15473,0,6907,30192250,6574,0,0,0,0,0,0,0,0,0,0,6574,2,33.9346,960,720,0,0,1,0,OK,0,,0,vision:ffmpeg_stream,,,CONNECTED,0,tof,2,1,0,0,0,0,0,1,0,0,0,0,0,125,249,1,0,0,0,1,0,0,0,1729,4845,1557,300,0,0,0,0,0,battery?,,ERROR,0,-1,-1
,gui,,CONTROL_PANEL,182317,196,4,2,2,2573.5,0,5251,5251,175818,6499,1,0,1,5251,0,5251,0,5251,0,5251,5251,0,1,0,land,telemetry_confirmed(land before_h=90 before_tof=80 after_h=0 after_tof=10 wait_ms=0),TIMEOUT,manual,Timeout waiting for response,attempt=1|send=OK|raw=|result=TIMEOUT,executor_call=1|command=land|result=TIMEOUT|response=|elapsed_ms=5251|timing_total_ms=5251|recv_wait_ms=5251|attempt_log=[attempt=1|send=OK|raw=|result=TIMEOUT],2381,2381,0,3,0,9.21768,12.6903,111,108,1201,495,2175,30,12,3,OK,100,1,0,10,189.14,0,60,79,82,6937,30317263,0,0,0,38.2974,7,30,-1,0,0,0,0,0,0,OK,100,OK,100,1,telemetry=OK; video=OK; command=OK,OK,OK,OK,NO_DATA,0,50,1,16473,0,6937,30317263,6604,0,0,0,0,0,0,0,0,0,0,6604,2,38.2974,960,720,0,0,1,0,OK,0,,0,vision:ffmpeg_stream,,,CONNECTED,0,tof,2,1,0,0,0,0,0,1,0,0,0,0,0,125,249,1,0,0,0,1,0,0,0,1738,4866,1565,300,0,0,0,0,0,battery?,,ERROR,0,-1,-1
,gui,,CONTROL_PANEL,183442,197,4,2,2,2573.5,0,5251,5251,175818,7624,1,0,1,5251,0,5251,0,5251,0,5251,5251,0,1,0,land,telemetry_confirmed(land before_h=90 before_tof=80 after_h=0 after_tof=10 wait_ms=0),TIMEOUT,manual,Timeout waiting for response,attempt=1|send=OK|raw=|result=TIMEOUT,executor_call=1|command=land|result=TIMEOUT|response=|elapsed_ms=5251|timing_total_ms=5251|recv_wait_ms=5251|attempt_log=[attempt=1|send=OK|raw=|result=TIMEOUT],2393,2393,0,3,0,10.2203,12.7131,50,97,1201,495,2175,30,12,3,OK,100,1,0,10,189.06,0,60,80,82,6973,30466933,0,0,0,32.743,9,36,-1,0,0,0,0,0,0,OK,100,OK,100,1,telemetry=OK; video=OK; command=OK,OK,OK,OK,NO_DATA,0,50,1,17598,0,6973,30466933,6640,0,0,0,0,0,0,0,0,0,0,6640,2,32.743,960,720,0,0,1,0,OK,0,,0,vision:ffmpeg_stream,,,RECOVERING,0,tof,1,1,0,0,0,0,0,1,0,0,0,0,0,125,249,1,0,0,0,1,0,0,0,1747,4893,1573,300,1,0,1,0,0,battery?,,TIMEOUT,2391,-1,242
,gui,,CONTROL_PANEL,184567,198,4,2,2,2573.5,0,5251,5251,175818,8749,1,0,1,5251,0,5251,0,5251,0,5251,5251,0,1,0,land,telemetry_confirmed(land before_h=90 before_tof=80 after_h=0 after_tof=10 wait_ms=0),TIMEOUT,manual,Timeout waiting for response,attempt=1|send=OK|raw=|result=TIMEOUT,executor_call=1|command=land|result=TIMEOUT|response=|elapsed_ms=5251|timing_total_ms=5251|recv_wait_ms=5251|attempt_log=[attempt=1|send=OK|raw=|result=TIMEOUT],2405,2405,0,3,0,10.0107,11.7755,31,99,1201,495,2175,30,12,3,OK,100,1,0,10,188.9,0,60,80,82,7008,30612741,0,0,0,31.9949,1,35,-1,0,0,0,0,0,0,OK,100,OK,100,1,telemetry=OK; video=OK; command=OK,OK,OK,OK,NO_DATA,0,50,1,18724,0,7008,30612741,6675,0,0,0,0,0,0,0,0,0,0,6675,2,31.9949,960,720,0,0,1,0,OK,0,,0,vision:ffmpeg_stream,,,RECOVERING,0,tof,2,1,0,0,0,0,0,1,0,0,0,0,0,125,250,1,0,0,0,1,0,0,0,1756,4919,1581,300,1,0,1,0,0,battery?,,TIMEOUT,2391,-1,1368
,gui,,CONTROL_PANEL,185567,199,4,2,2,2573.5,0,5251,5251,175818,9749,1,0,1,5251,0,5251,0,5251,0,5251,5251,0,1,0,land,telemetry_confirmed(land before_h=90 before_tof=80 after_h=0 after_tof=10 wait_ms=0),TIMEOUT,manual,Timeout waiting for response,attempt=1|send=OK|raw=|result=TIMEOUT,executor_call=1|command=land|result=TIMEOUT|response=|elapsed_ms=5251|timing_total_ms=5251|recv_wait_ms=5251|attempt_log=[attempt=1|send=OK|raw=|result=TIMEOUT],2414,2414,0,3,0,10.0946,10.3435,144,99,1201,495,2175,30,12,3,OK,100,1,0,10,188.93,0,60,80,83,7034,30720864,0,0,0,32.043,160,26,-1,0,0,0,0,0,0,OK,100,OK,100,1,telemetry=OK; video=OK; command=OK,OK,OK,OK,NO_DATA,0,50,1,19724,0,7034,30720864,6701,0,0,0,0,0,0,0,0,0,0,6701,2,32.043,960,720,0,0,1,0,OK,0,,0,vision:ffmpeg_stream,,,RECOVERING,0,tof,1,1,0,0,0,0,0,1,0,0,0,0,0,125,249,0,0,0,0,1,0,0,0,1762,4939,1587,300,1,0,1,0,0,battery?,,TIMEOUT,2391,-1,2368
,gui,,CONTROL_PANEL,186692,200,4,2,2,2573.5,0,5251,5251,175818,10874,1,0,1,5251,0,5251,0,5251,0,5251,5251,0,1,0,land,telemetry_confirmed(land before_h=90 before_tof=80 after_h=0 after_tof=10 wait_ms=0),TIMEOUT,manual,Timeout waiting for response,attempt=1|send=OK|raw=|result=TIMEOUT,executor_call=1|command=land|result=TIMEOUT|response=|elapsed_ms=5251|timing_total_ms=5251|recv_wait_ms=5251|attempt_log=[attempt=1|send=OK|raw=|result=TIMEOUT],2415,2415,0,3,0,2.56396,8.78761,878,390,1201,390,2415,31,12,3,STALE,0,1,0,10,188.93,0,60,80,83,7036,30732053,0,0,0,34.7121,1063,2,-1,0,0,0,0,0,0,STALE,0,STALE,0,0,telemetry=STALE; video=STALE; command=DEGRADED,STALE,STALE,DEGRADED,NO_DATA,0,50,1,20848,0,7036,30732053,6703,0,0,0,0,0,0,0,0,0,0,6703,2,34.7121,960,720,0,0,1,0,OK,0,,0,vision:ffmpeg_stream,,,RECOVERING,0,tof,0,1,0,0,0,0,0,1,0,0,0,0,0,125,249,0,0,0,0,0,0,0,0,1763,4940,1588,300,1,0,1,0,0,battery?,,TIMEOUT,2391,-1,3492
,gui,,CONTROL_PANEL,187692,201,4,2,2,2573.5,0,5251,5251,175818,11874,1,0,1,5251,0,5251,0,5251,0,5251,5251,0,1,0,land,telemetry_confirmed(land before_h=90 before_tof=80 after_h=0 after_tof=10 wait_ms=0),TIMEOUT,manual,Timeout waiting for response,attempt=1|send=OK|raw=|result=TIMEOUT,executor_call=1|command=land|result=TIMEOUT|response=|elapsed_ms=5251|timing_total_ms=5251|recv_wait_ms=5251|attempt_log=[attempt=1|send=OK|raw=|result=TIMEOUT],2430,2430,0,4,0,482.406,178.485,87,2,1432,1432,2416,32,13,4,OK,100,1,0,10,188.8,0,60,80,83,7040,30748631,0,0,0,23.5441,159,4,-1,0,0,0,0,0,0,OK,100,OK,100,1,telemetry=OK; video=OK; command=OK,OK,OK,OK,NO_DATA,0,50,1,21848,0,7040,30748631,6707,0,0,0,0,0,0,0,0,0,0,6707,2,23.5441,960,720,0,0,1,0,OK,0,,0,vision:ffmpeg_stream,,,RECOVERING,0,tof,2,1,0,0,0,0,0,1,0,0,0,0,0,125,249,1,0,0,0,0,0,0,0,1765,4942,1590,300,1,0,1,0,0,battery?,,TIMEOUT,2391,-1,4492
,gui,,CONTROL_PANEL,188817,202,4,2,2,2573.5,0,5251,5251,175818,12999,1,0,1,5251,0,5251,0,5251,0,5251,5251,0,1,0,land,telemetry_confirmed(land before_h=90 before_tof=80 after_h=0 after_tof=10 wait_ms=0),TIMEOUT,manual,Timeout waiting for response,attempt=1|send=OK|raw=|result=TIMEOUT,executor_call=1|command=land|result=TIMEOUT|response=|elapsed_ms=5251|timing_total_ms=5251|recv_wait_ms=5251|attempt_log=[attempt=1|send=OK|raw=|result=TIMEOUT],2448,2448,0,4,0,10.1175,26.9714,52,98,1432,1432,2416,32,13,4,OK,100,1,0,10,188.96,0,60,81,83,7105,31019238,0,0,0,57.2182,12,65,-1,0,0,0,0,0,0,OK,100,OK,100,1,telemetry=OK; video=OK; command=OK,OK,OK,OK,NO_DATA,0,50,1,22973,0,7105,31019238,6744,0,0,0,0,0,0,0,0,0,0,6744,2,57.2182,960,720,0,0,1,0,OK,0,,0,vision:ffmpeg_stream,,,RECOVERING,0,tof,2,1,0,0,0,0,0,1,0,0,0,0,0,125,250,1,0,0,0,1,0,0,0,1772,4972,1596,300,1,0,1,0,0,battery?,,TIMEOUT,2391,-1,5617
,gui,,CONTROL_PANEL,189942,203,4,2,2,2573.5,0,5251,5251,175818,14124,1,0,1,5251,0,5251,0,5251,0,5251,5251,0,1,0,land,telemetry_confirmed(land before_h=90 before_tof=80 after_h=0 after_tof=10 wait_ms=0),TIMEOUT,manual,Timeout waiting for response,attempt=1|send=OK|raw=|result=TIMEOUT,executor_call=1|command=land|result=TIMEOUT|response=|elapsed_ms=5251|timing_total_ms=5251|recv_wait_ms=5251|attempt_log=[attempt=1|send=OK|raw=|result=TIMEOUT],2460,2460,0,4,0,9.55422,11.5282,31,104,1432,1432,2416,32,13,4,OK,100,1,0,10,188.66,0,60,81,84,7140,31162460,0,0,0,31.9067,1,35,-1,0,0,0,0,0,0,OK,100,OK,100,1,telemetry=OK; video=OK; command=OK,OK,OK,OK,NO_DATA,0,50,1,24098,0,7140,31162460,6779,0,0,0,0,0,0,0,0,0,0,6779,2,31.9067,960,720,0,0,1,0,OK,0,,0,vision:ffmpeg_stream,,,RECOVERING,0,tof,1,1,0,0,0,0,0,1,0,0,0,0,0,125,249,1,0,0,0,0,0,0,0,1781,4998,1605,300,1,0,1,0,0,battery?,,TIMEOUT,2391,-1,6742
,gui,,CONTROL_PANEL,191067,204,4,2,2,2573.5,0,5251,5251,175818,15249,1,0,1,5251,0,5251,0,5251,0,5251,5251,0,1,0,land,telemetry_confirmed(land before_h=90 before_tof=80 after_h=0 after_tof=10 wait_ms=0),TIMEOUT,manual,Timeout waiting for response,attempt=1|send=OK|raw=|result=TIMEOUT,executor_call=1|command=land|result=TIMEOUT|response=|elapsed_ms=5251|timing_total_ms=5251|recv_wait_ms=5251|attempt_log=[attempt=1|send=OK|raw=|result=TIMEOUT],2465,2465,0,4,0,10.0361,10.6162,666,99,1432,1432,2416,32,13,4,STALE,0,1,0,10,188.86,0,60,81,84,7154,31220193,0,0,0,31.2146,672,14,-1,0,0,0,0,0,0,STALE,0,STALE,0,0,telemetry=STALE; video=STALE; command=DEGRADED,STALE,STALE,DEGRADED,NO_DATA,0,50,1,25223,0,7154,31220193,6793,0,0,0,0,0,0,0,0,0,0,6793,2,31.2146,960,720,0,0,1,0,OK,0,,0,vision:ffmpeg_stream,,,RECOVERING,0,tof,0,1,0,0,0,0,0,1,0,0,0,0,0,125,250,0,0,0,0,0,0,0,0,1784,5009,1609,300,2,0,2,0,0,battery?,,TIMEOUT,2391,-1,475
,gui,,CONTROL_PANEL,192192,205,4,2,2,2573.5,0,5251,5251,175818,16374,1,0,1,5251,0,5251,0,5251,0,5251,5251,0,1,0,land,telemetry_confirmed(land before_h=90 before_tof=80 after_h=0 after_tof=10 wait_ms=0),TIMEOUT,manual,Timeout waiting for response,attempt=1|send=OK|raw=|result=TIMEOUT,executor_call=1|command=land|result=TIMEOUT|response=|elapsed_ms=5251|timing_total_ms=5251|recv_wait_ms=5251|attempt_log=[attempt=1|send=OK|raw=|result=TIMEOUT],2482,2482,0,5,0,5.67524,148.401,28,176,1432,1266,2466,33,14,5,OK,100,1,0,10,188.73,0,60,81,84,7169,31285512,0,0,0,43.5218,27,15,-1,0,0,0,0,0,0,OK,100,OK,100,1,telemetry=OK; video=OK; command=OK,OK,OK,OK,NO_DATA,0,50,1,26348,0,7169,31285512,6808,0,0,0,0,0,0,0,0,0,0,6808,2,43.5218,960,720,0,0,1,0,OK,0,,0,vision:ffmpeg_stream,,,RECOVERING,0,tof,1,1,0,0,0,0,0,1,0,0,0,0,0,125,250,1,0,0,0,0,0,0,0,1788,5020,1611,300,2,0,2,0,0,battery?,,TIMEOUT,2391,-1,1600
,gui,,CONTROL_PANEL,193192,206,4,2,2,2573.5,0,5251,5251,175818,17374,1,0,1,5251,0,5251,0,5251,0,5251,5251,0,1,0,land,telemetry_confirmed(land before_h=90 before_tof=80 after_h=0 after_tof=10 wait_ms=0),TIMEOUT,manual,Timeout waiting for response,attempt=1|send=OK|raw=|result=TIMEOUT,executor_call=1|command=land|result=TIMEOUT|response=|elapsed_ms=5251|timing_total_ms=5251|recv_wait_ms=5251|attempt_log=[attempt=1|send=OK|raw=|result=TIMEOUT],2493,2493,0,5,0,20.5415,82.825,33,48,1432,380,2486,34,14,5,OK,100,1,0,10,188.89,0,60,81,84,7197,31402742,0,0,0,59.0626,110,28,-1,0,0,0,0,0,0,OK,100,OK,100,1,telemetry=OK; video=OK; command=OK,OK,OK,OK,NO_DATA,0,50,1,27348,0,7197,31402742,6827,0,0,0,0,0,0,0,0,0,0,6827,2,59.0626,960,720,0,0,1,0,OK,0,,0,vision:ffmpeg_stream,,,RECOVERING,0,tof,2,1,0,0,0,0,0,1,0,0,0,0,0,125,250,1,0,0,0,0,0,0,0,1793,5034,1616,300,2,0,2,0,0,battery?,,TIMEOUT,2391,-1,2600
,gui,,CONTROL_PANEL,194317,207,4,2,2,2573.5,0,5251,5251,175818,18499,1,0,1,5251,0,5251,0,5251,0,5251,5251,0,1,0,land,telemetry_confirmed(land before_h=90 before_tof=80 after_h=0 after_tof=10 wait_ms=0),TIMEOUT,manual,Timeout waiting for response,attempt=1|send=OK|raw=|result=TIMEOUT,executor_call=1|command=land|result=TIMEOUT|response=|elapsed_ms=5251|timing_total_ms=5251|recv_wait_ms=5251|attempt_log=[attempt=1|send=OK|raw=|result=TIMEOUT],2504,2504,0,5,0,10.0961,16.8204,91,99,1432,380,2486,34,14,5,OK,100,1,0,10,189.13,0,60,82,84,7254,31639816,0,0,0,33.8244,5,57,-1,0,0,0,0,0,0,OK,100,OK,100,1,telemetry=OK; video=OK; command=OK,OK,OK,OK,NO_DATA,0,50,1,28473,0,7254,31639816,6852,0,0,0,0,0,0,0,0,0,0,6852,2,33.8244,960,720,0,0,1,0,OK,0,,0,vision:ffmpeg_stream,,,RECOVERING,0,tof,2,1,0,0,0,0,0,1,0,0,0,0,0,125,249,1,0,0,0,0,0,0,0,1800,5052,1622,300,2,0,2,0,0,battery?,,TIMEOUT,2391,-1,3725
,gui,,CONTROL_PANEL,195442,208,4,2,2,2573.5,0,5251,5251,175818,19624,1,0,1,5251,0,5251,0,5251,0,5251,5251,0,1,0,land,telemetry_confirmed(land before_h=90 before_tof=80 after_h=0 after_tof=10 wait_ms=0),TIMEOUT,manual,Timeout waiting for response,attempt=1|send=OK|raw=|result=TIMEOUT,executor_call=1|command=land|result=TIMEOUT|response=|elapsed_ms=5251|timing_total_ms=5251|recv_wait_ms=5251|attempt_log=[attempt=1|send=OK|raw=|result=TIMEOUT],2516,2516,0,5,0,7.79203,10.7536,48,128,1432,380,2486,34,14,5,OK,100,1,0,10,188.82,0,60,82,84,7288,31781452,0,0,0,37.1521,28,34,-1,0,0,0,0,0,0,OK,100,OK,100,1,telemetry=OK; video=OK; command=OK,OK,OK,OK,NO_DATA,0,50,1,29598,0,7288,31781452,6886,0,0,0,0,0,0,0,0,0,0,6886,2,37.1521,960,720,0,0,1,0,OK,0,,0,vision:ffmpeg_stream,,,RECOVERING,0,tof,1,1,0,0,0,0,0,1,0,0,0,0,0,125,250,1,0,0,0,0,0,0,0,1809,5077,1631,300,2,0,2,0,0,battery?,,TIMEOUT,2391,-1,4850
,gui,,CONTROL_PANEL,196567,209,4,2,2,2573.5,0,5251,5251,175818,20749,1,0,1,5251,0,5251,0,5251,0,5251,5251,0,1,0,land,telemetry_confirmed(land before_h=90 before_tof=80 after_h=0 after_tof=10 wait_ms=0),TIMEOUT,manual,Timeout waiting for response,attempt=1|send=OK|raw=|result=TIMEOUT,executor_call=1|command=land|result=TIMEOUT|response=|elapsed_ms=5251|timing_total_ms=5251|recv_wait_ms=5251|attempt_log=[attempt=1|send=OK|raw=|result=TIMEOUT],2528,2528,0,5,0,10.2908,10.2785,13,97,1432,380,2486,34,14,5,OK,100,1,0,10,188.84,0,60,82,84,7323,31931213,0,0,0,39.9999,23,35,-1,0,0,0,0,0,0,OK,100,OK,100,1,telemetry=OK; video=OK; command=OK,OK,OK,OK,NO_DATA,0,50,1,30723,0,7323,31931213,6921,0,0,0,0,0,0,0,0,0,0,6921,2,39.9999,960,720,0,0,1,0,OK,0,,0,vision:ffmpeg_stream,,,RECOVERING,0,tof,3,1,0,0,0,0,0,1,0,0,0,0,0,125,249,1,0,0,0,0,0,0,0,1818,5103,1640,300,2,0,2,0,0,battery?,,TIMEOUT,2391,-1,5975
,gui,,CONTROL_PANEL,197692,210,4,2,2,2573.5,0,5251,5251,175818,21874,1,0,1,5251,0,5251,0,5251,0,5251,5251,0,1,0,land,telemetry_confirmed(land before_h=90 before_tof=80 after_h=0 after_tof=10 wait_ms=0),TIMEOUT,manual,Timeout waiting for response,attempt=1|send=OK|raw=|result=TIMEOUT,executor_call=1|command=land|result=TIMEOUT|response=|elapsed_ms=5251|timing_total_ms=5251|recv_wait_ms=5251|attempt_log=[attempt=1|send=OK|raw=|result=TIMEOUT],2539,2539,0,5,0,10.2212,10.549,44,97,1432,380,2486,34,14,5,OK,100,1,0,10,188.93,0,60,82,84,7358,32075352,0,0,0,32.9975,18,35,-1,0,0,0,0,0,0,OK,100,OK,100,1,telemetry=OK; video=OK; command=OK,OK,OK,OK,NO_DATA,0,50,1,31849,0,7358,32075352,6956,0,0,0,0,0,0,0,0,0,0,6956,2,32.9975,960,720,0,0,1,0,OK,0,,0,vision:ffmpeg_stream,,,RECOVERING,0,tof,1,1,0,0,0,0,0,1,0,0,0,0,0,125,250,1,0,0,0,0,0,0,0,1827,5129,1649,300,2,0,2,0,0,battery?,,TIMEOUT,2391,-1,7101
,gui,,CONTROL_PANEL,198817,211,4,2,2,2573.5,0,5251,5251,175818,22999,1,0,1,5251,0,5251,0,5251,0,5251,5251,0,1,0,land,telemetry_confirmed(land before_h=90 before_tof=80 after_h=0 after_tof=10 wait_ms=0),TIMEOUT,manual,Timeout waiting for response,attempt=1|send=OK|raw=|result=TIMEOUT,executor_call=1|command=land|result=TIMEOUT|response=|elapsed_ms=5251|timing_total_ms=5251|recv_wait_ms=5251|attempt_log=[attempt=1|send=OK|raw=|result=TIMEOUT],2551,2551,0,5,0,9.8,10.4314,33,102,1432,380,2486,34,14,5,OK,100,1,0,10,189.18,0,60,82,84,7392,32215182,0,0,0,31.6855,45,34,-1,0,0,0,0,0,0,OK,100,OK,100,1,telemetry=OK; video=OK; command=OK,OK,OK,OK,NO_DATA,0,50,1,32974,0,7392,32215182,6990,0,0,0,0,0,0,0,0,0,0,6990,2,31.6855,960,720,0,0,1,0,OK,0,,0,vision:ffmpeg_stream,,,RECOVERING,0,tof,2,1,0,0,0,0,0,1,0,0,0,0,0,125,249,1,0,0,0,0,0,0,0,1836,5154,1658,300,3,0,3,0,0,battery?,,TIMEOUT,2391,-1,834
,gui,,CONTROL_PANEL,199941,212,4,2,2,2573.5,0,5251,5251,175818,24123,1,0,1,5251,0,5251,0,5251,0,5251,5251,0,1,0,land,telemetry_confirmed(land before_h=90 before_tof=80 after_h=0 after_tof=10 wait_ms=0),TIMEOUT,manual,Timeout waiting for response,attempt=1|send=OK|raw=|result=TIMEOUT,executor_call=1|command=land|result=TIMEOUT|response=|elapsed_ms=5251|timing_total_ms=5251|recv_wait_ms=5251|attempt_log=[attempt=1|send=OK|raw=|result=TIMEOUT],2562,2562,0,5,0,10.1135,10.164,77,98,1432,380,2486,34,14,5,OK,100,1,0,10,188.93,0,60,83,85,7428,32364925,0,0,0,30.8925,5,36,-1,0,0,0,0,0,0,OK,100,OK,100,1,telemetry=OK; video=OK; command=OK,OK,OK,OK,NO_DATA,0,50,1,34098,0,7428,32364925,7026,0,0,0,0,0,0,0,0,0,0,7026,2,30.8925,960,720,0,0,1,0,OK,0,,0,vision:ffmpeg_stream,,,RECOVERING,0,tof,1,1,0,0,0,0,0,1,0,0,0,0,0,124,250,1,0,0,0,0,0,0,0,1845,5181,1667,300,3,0,3,0,0,battery?,,TIMEOUT,2391,-1,1958
,gui,,CONTROL_PANEL,200942,213,4,2,2,2573.5,0,5251,5251,175818,25124,1,0,1,5251,0,5251,0,5251,0,5251,5251,0,1,0,land,telemetry_confirmed(land before_h=90 before_tof=80 after_h=0 after_tof=10 wait_ms=0),TIMEOUT,manual,Timeout waiting for response,attempt=1|send=OK|raw=|result=TIMEOUT,executor_call=1|command=land|result=TIMEOUT|response=|elapsed_ms=5251|timing_total_ms=5251|recv_wait_ms=5251|attempt_log=[attempt=1|send=OK|raw=|result=TIMEOUT],2572,2572,0,5,0,10.1483,10.1792,90,98,1432,380,2486,34,14,5,OK,100,1,0,10,189.34,0,60,82,85,7459,32494090,0,0,0,31.5216,7,31,-1,0,0,0,0,0,0,OK,100,OK,100,1,telemetry=OK; video=OK; command=OK,OK,OK,OK,NO_DATA,0,50,1,35099,0,7459,32494090,7057,0,0,0,0,0,0,0,0,0,0,7057,2,31.5216,960,720,0,0,1,0,OK,0,,0,vision:ffmpeg_stream,,,RECOVERING,0,tof,1,1,0,0,0,0,0,1,0,0,0,0,0,125,250,1,0,0,0,0,0,0,0,1853,5204,1674,300,3,0,3,0,0,battery?,,TIMEOUT,2391,-1,2959
,gui,,CONTROL_PANEL,202067,214,4,2,2,2573.5,0,5251,5251,175818,26249,1,0,1,5251,0,5251,0,5251,0,5251,5251,0,1,0,land,telemetry_confirmed(land before_h=90 before_tof=80 after_h=0 after_tof=10 wait_ms=0),TIMEOUT,manual,Timeout waiting for response,attempt=1|send=OK|raw=|result=TIMEOUT,executor_call=1|command=land|result=TIMEOUT|response=|elapsed_ms=5251|timing_total_ms=5251|recv_wait_ms=5251|attempt_log=[attempt=1|send=OK|raw=|result=TIMEOUT],2584,2584,0,5,0,10.6004,10.7036,79,94,1432,380,2486,34,14,5,OK,100,1,0,10,188.97,0,60,83,85,7494,32639968,0,0,0,31.7757,34,35,-1,0,0,0,0,0,0,OK,100,OK,100,1,telemetry=OK; video=OK; command=OK,OK,OK,OK,NO_DATA,0,50,1,36224,0,7494,32639968,7091,0,0,0,0,0,0,0,0,0,0,7091,2,31.7757,960,720,0,0,1,0,OK,0,,0,vision:ffmpeg_stream,,,RECOVERING,0,tof,2,1,0,0,0,0,0,1,0,0,0,0,0,125,249,1,0,0,0,0,0,0,0,1861,5230,1683,300,3,0,3,0,0,battery?,,TIMEOUT,2391,-1,4084
,gui,,CONTROL_PANEL,202522,215,4,2,2,2573.5,0,5251,5251,175818,26704,1,0,1,5251,0,5251,0,5251,0,5251,5251,0,1,0,land,telemetry_confirmed(land before_h=90 before_tof=80 after_h=0 after_tof=10 wait_ms=0),TIMEOUT,manual,Timeout waiting for response,attempt=1|send=OK|raw=|result=TIMEOUT,executor_call=1|command=land|result=TIMEOUT|response=|elapsed_ms=5251|timing_total_ms=5251|recv_wait_ms=5251|attempt_log=[attempt=1|send=OK|raw=|result=TIMEOUT],2589,2589,0,5,0,10.1758,10.3449,32,98,1432,380,2486,34,14,5,OK,100,1,0,10,188.98,0,60,83,85,7508,32699940,0,0,0,34.2463,5,35,-1,0,0,0,0,0,0,OK,100,OK,100,1,telemetry=OK; video=OK; command=OK,OK,OK,OK,NO_DATA,0,50,1,36679,0,7494,32639968,7091,0,0,0,0,0,0,0,0,0,0,7091,2,31.7757,960,720,0,0,1,0,OK,0,,0,log,2026-07-09T12:18:00.675,panel switched to Config,RECOVERING,0,tof,2,1,0,0,0,0,0,1,0,0,0,0,0,125,250,1,0,0,0,0,0,0,0,1865,5241,1686,300,3,0,3,0,0,battery?,,TIMEOUT,2391,-1,4539
,gui,,CONTROL_PANEL,203191,216,4,2,2,2573.5,0,5251,5251,175818,27373,1,0,1,5251,0,5251,0,5251,0,5251,5251,0,1,0,land,telemetry_confirmed(land before_h=90 before_tof=80 after_h=0 after_tof=10 wait_ms=0),TIMEOUT,manual,Timeout waiting for response,attempt=1|send=OK|raw=|result=TIMEOUT,executor_call=1|command=land|result=TIMEOUT|response=|elapsed_ms=5251|timing_total_ms=5251|recv_wait_ms=5251|attempt_log=[attempt=1|send=OK|raw=|result=TIMEOUT],2596,2596,0,5,0,10.2314,10.2654,18,97,1432,380,2486,34,14,5,OK,100,1,0,10,188.6,0,60,83,85,7528,32781631,0,0,0,31.4194,30,34,-1,0,0,0,0,0,0,OK,100,OK,100,1,telemetry=OK; video=OK; command=OK,OK,OK,OK,NO_DATA,0,50,1,37348,0,7528,32781631,7126,0,0,0,0,0,0,0,0,0,0,7126,2,31.4194,960,720,0,0,1,0,OK,0,,0,vision:ffmpeg_stream,,,RECOVERING,0,tof,1,1,0,0,0,0,0,1,0,0,0,0,0,124,250,1,0,0,0,0,0,0,0,1870,5256,1691,300,3,0,3,0,0,battery?,,TIMEOUT,2391,-1,5208
,gui,,CONTROL_PANEL,204192,217,4,2,2,2573.5,0,5251,5251,175818,28374,1,0,1,5251,0,5251,0,5251,0,5251,5251,0,1,0,land,telemetry_confirmed(land before_h=90 before_tof=80 after_h=0 after_tof=10 wait_ms=0),TIMEOUT,manual,Timeout waiting for response,attempt=1|send=OK|raw=|result=TIMEOUT,executor_call=1|command=land|result=TIMEOUT|response=|elapsed_ms=5251|timing_total_ms=5251|recv_wait_ms=5251|attempt_log=[attempt=1|send=OK|raw=|result=TIMEOUT],2606,2606,0,5,0,10.377,10.1045,26,96,1432,380,2486,34,14,5,OK,100,1,0,10,189.3,0,60,83,85,7559,32910801,0,0,0,31.5688,30,31,-1,0,0,0,0,0,0,OK,100,OK,100,1,telemetry=OK; video=OK; command=OK,OK,OK,OK,NO_DATA,0,50,1,38348,0,7559,32910801,7157,0,0,0,0,0,0,0,0,0,0,7157,2,31.5688,960,720,0,0,1,0,OK,0,,0,vision:ffmpeg_stream,,,RECOVERING,0,tof,1,1,0,0,0,0,0,1,0,0,0,0,0,125,250,0,0,0,0,0,0,0,0,1878,5279,1699,300,3,0,3,0,0,battery?,,TIMEOUT,2391,-1,6208
,gui,,CONTROL_PANEL,205317,218,4,2,2,2573.5,0,5251,5251,175818,29499,1,0,1,5251,0,5251,0,5251,0,5251,5251,0,1,0,land,telemetry_confirmed(land before_h=90 before_tof=80 after_h=0 after_tof=10 wait_ms=0),TIMEOUT,manual,Timeout waiting for response,attempt=1|send=OK|raw=|result=TIMEOUT,executor_call=1|command=land|result=TIMEOUT|response=|elapsed_ms=5251|timing_total_ms=5251|recv_wait_ms=5251|attempt_log=[attempt=1|send=OK|raw=|result=TIMEOUT],2618,2618,0,5,0,10.3772,10.6584,19,96,1432,380,2486,34,14,5,OK,100,1,0,10,189.07,0,60,84,86,7594,33059889,0,0,0,36.4881,25,35,-1,0,0,0,0,0,0,OK,100,OK,100,1,telemetry=OK; video=OK; command=OK,OK,OK,OK,NO_DATA,0,50,1,39473,0,7594,33059889,7192,0,0,0,0,0,0,0,0,0,0,7192,2,36.4881,960,720,0,0,1,0,OK,0,,0,vision:ffmpeg_stream,,,RECOVERING,0,tof,3,1,0,0,0,0,0,1,0,0,0,0,0,125,250,1,0,0,0,0,0,0,0,1887,5305,1707,300,3,0,3,0,0,battery?,,TIMEOUT,2391,-1,7333
,gui,,CONTROL_PANEL,205393,219,4,2,2,2573.5,0,5251,5251,175818,29575,1,0,1,5251,0,5251,0,5251,0,5251,5251,0,1,0,land,telemetry_confirmed(land before_h=90 before_tof=80 after_h=0 after_tof=10 wait_ms=0),TIMEOUT,manual,Timeout waiting for response,attempt=1|send=OK|raw=|result=TIMEOUT,executor_call=1|command=land|result=TIMEOUT|response=|elapsed_ms=5251|timing_total_ms=5251|recv_wait_ms=5251|attempt_log=[attempt=1|send=OK|raw=|result=TIMEOUT],2618,2618,0,5,0,10.3772,10.6584,95,96,1432,380,2486,34,14,5,OK,100,1,0,10,189.07,0,60,84,86,7597,33071197,0,0,0,34.1894,4,35,-1,0,0,0,0,0,0,OK,100,OK,100,1,telemetry=OK; video=OK; command=OK,OK,OK,OK,NO_DATA,0,50,1,39549,0,7594,33059889,7192,0,0,0,0,0,0,0,0,0,0,7192,2,36.4881,960,720,0,0,1,0,OK,0,,0,log,2026-07-09T12:18:03.567,recording stopped,RECOVERING,0,tof,0,1,0,0,0,0,0,1,0,0,0,0,0,125,250,1,0,0,0,0,0,0,0,1888,5307,1708,300,4,0,4,0,0,battery?,,TIMEOUT,2391,-1,17
,gui,,CONTROL_PANEL,205393,220,4,2,2,2573.5,0,5251,5251,175818,29575,1,0,1,5251,0,5251,0,5251,0,5251,5251,0,1,0,land,telemetry_confirmed(land before_h=90 before_tof=80 after_h=0 after_tof=10 wait_ms=0),TIMEOUT,manual,Timeout waiting for response,attempt=1|send=OK|raw=|result=TIMEOUT,executor_call=1|command=land|result=TIMEOUT|response=|elapsed_ms=5251|timing_total_ms=5251|recv_wait_ms=5251|attempt_log=[attempt=1|send=OK|raw=|result=TIMEOUT],2618,2618,0,5,0,10.3772,10.6584,95,96,1432,380,2486,34,14,5,OK,100,1,0,10,189.07,0,60,84,86,7597,33071197,0,0,0,34.1894,4,35,-1,0,0,0,0,0,0,OK,100,OK,100,1,telemetry=OK; video=OK; command=OK,OK,OK,OK,NO_DATA,0,50,1,39549,0,7594,33059889,7192,0,0,0,0,0,0,0,0,0,0,7192,2,36.4881,960,720,0,0,1,0,OK,0,,0,logging:stop,,,RECOVERING,0,tof,0,1,0,0,0,0,0,1,0,0,0,0,0,125,250,1,0,0,0,0,0,0,0,1888,5307,1708,300,4,0,4,0,0,battery?,,TIMEOUT,2391,-1,17
