state_sequence,timestamp_ms,recording_elapsed_ms,steady_elapsed_ms,pitch,roll,yaw,vgx,vgy,vgz,templ,temph,tof,h,bat,baro,time,agx,agy,agz,mid,x,y,z,rc_a,rc_b,rc_c,rc_d,rc_source,rc_result,rc_timestamp_ms,rc_steady_elapsed_ms,rc_sequence
518,1783613672105,0,0,0,0,0,0,0,0,75,77,10,0,89,188.78,0,0,0,-1000,-1,0,0,0,,,,,,,,,
519,1783613672199,94,93,0,0,0,0,0,0,75,78,10,0,89,188.98,0,0,0,-1001,-1,0,0,0,,,,,,,,,
520,1783613672293,188,187,0,0,0,0,0,0,75,78,10,0,89,188.92,0,1,1,-1000,-1,0,0,0,,,,,,,,,
521,1783613672387,282,281,0,0,0,0,0,0,75,78,10,0,89,188.89,0,0,0,-999,-1,0,0,0,,,,,,,,,
522,1783613672485,380,380,0,0,0,0,0,0,75,78,10,0,89,188.87,0,1,-1,-998,-1,0,0,0,,,,,,,,,
523,1783613672575,470,469,0,0,0,0,0,0,75,78,10,0,89,188.74,0,1,0,-1001,-1,0,0,0,,,,,,,,,
524,1783613672669,564,563,0,0,0,0,0,0,75,78,10,0,89,188.85,0,-1,1,-1001,-1,0,0,0,,,,,,,,,
525,1783613672763,658,657,0,0,0,0,0,0,75,78,10,0,89,188.7,0,0,0,-1001,-1,0,0,0,,,,,,,,,
526,1783613672856,751,751,0,0,0,0,0,0,75,78,10,0,89,188.84,0,0,-1,-999,-1,0,0,0,,,,,,,,,
527,1783613672951,846,845,0,0,0,0,0,0,75,78,10,0,89,189.24,0,1,0,-1002,-1,0,0,0,,,,,,,,,
528,1783613673051,946,945,0,0,0,0,0,0,75,78,10,0,89,188.98,0,0,0,-999,-1,0,0,0,,,,,,,,,
529,1783613673143,1038,1037,0,0,0,0,0,0,75,77,10,0,89,188.99,0,1,0,-1000,-1,0,0,0,,,,,,,,,
530,1783613673234,1129,1129,0,0,0,0,0,0,75,77,10,0,89,188.75,0,0,0,-1002,-1,0,0,0,,,,,,,,,
531,1783613673328,1223,1223,0,0,0,0,0,0,75,77,10,0,89,188.84,0,0,0,-999,-1,0,0,0,,,,,,,,,
532,1783613673421,1316,1315,0,0,0,0,0,0,75,77,10,0,89,188.94,0,1,0,-1001,-1,0,0,0,,,,,,,,,
533,1783613673515,1410,1409,0,0,0,0,0,0,75,77,10,0,89,188.85,0,2,1,-999,-1,0,0,0,,,,,,,,,
534,1783613673609,1504,1504,0,0,0,0,0,0,75,77,10,0,89,188.92,0,0,2,-1000,-1,0,0,0,,,,,,,,,
535,1783613673656,1551,1550,0,0,0,0,0,0,75,77,10,0,89,188.77,0,0,0,-999,-1,0,0,0,,,,,,,,,
536,1783613673755,1650,1650,0,0,0,0,0,0,75,77,10,0,89,189.06,0,0,0,-999,-1,0,0,0,,,,,,,,,
537,1783613673882,1777,1776,0,0,0,0,0,0,75,77,10,0,89,189.06,0,0,0,-1000,-1,0,0,0,,,,,,,,,
538,1783613673978,1873,1872,0,0,0,0,0,0,75,77,10,0,89,188.65,0,0,1,-1000,-1,0,0,0,,,,,,,,,
539,1783613674115,2010,2009,0,0,0,0,0,0,75,77,10,0,89,188.88,0,0,-1,-1000,-1,0,0,0,,,,,,,,,
540,1783613674260,2155,2154,0,0,0,0,0,0,75,77,10,0,89,188.81,0,0,0,-1000,-1,0,0,0,,,,,,,,,
541,1783613674610,2505,2504,0,0,0,0,0,0,75,77,10,0,89,188.93,0,0,0,-999,-1,0,0,0,,,,,,,,,
542,1783613674752,2647,2646,0,0,0,0,0,0,75,77,10,0,89,188.75,0,1,0,-998,-1,0,0,0,,,,,,,,,
543,1783613674753,2648,2648,0,0,0,0,0,0,75,77,10,0,89,189.18,0,0,-1,-999,-1,0,0,0,,,,,,,,,
544,1783613674843,2738,2737,0,0,0,0,0,0,75,77,10,0,89,188.77,0,0,0,-1001,-1,0,0,0,,,,,,,,,
545,1783613674847,2742,2741,0,0,0,0,0,0,75,77,10,0,89,188.85,0,0,0,-997,-1,0,0,0,,,,,,,,,
546,1783613674914,2809,2808,0,0,0,0,0,0,75,77,10,0,89,188.78,0,0,0,-999,-1,0,0,0,,,,,,,,,
547,1783613675057,2952,2951,0,0,0,0,0,0,75,77,10,0,89,189.15,0,1,3,-1001,-1,0,0,0,,,,,,,,,
548,1783613675145,3040,3039,0,0,0,0,0,0,75,77,10,0,89,188.79,0,1,0,-999,-1,0,0,0,,,,,,,,,
549,1783613675151,3046,3045,0,0,0,0,0,0,76,77,10,0,89,188.75,0,-1,0,-999,-1,0,0,0,,,,,,,,,
550,1783613675386,3281,3281,0,0,0,0,0,0,76,77,10,0,89,188.69,0,1,0,-998,-1,0,0,0,,,,,,,,,
551,1783613675649,3544,3544,0,0,0,0,0,0,76,77,10,0,89,188.65,0,0,2,-1000,-1,0,0,0,,,,,,,,,
552,1783613675697,3592,3592,0,0,0,0,0,0,76,77,10,0,89,188.98,0,0,0,-1001,-1,0,0,0,,,,,,,,,
553,1783613675725,3620,3619,0,0,0,0,0,0,76,77,10,0,89,188.98,0,2,-1,-1001,-1,0,0,0,,,,,,,,,
554,1783613675727,3622,3621,0,0,0,0,0,0,76,77,10,0,89,188.82,0,0,1,-999,-1,0,0,0,,,,,,,,,
555,1783613675729,3624,3623,0,0,0,0,0,0,76,77,10,0,89,188.88,0,0,-1,-1000,-1,0,0,0,,,,,,,,,
556,1783613675763,3658,3658,0,0,0,0,0,0,76,77,10,0,89,188.86,0,0,0,-1001,-1,0,0,0,,,,,,,,,
557,1783613676039,3934,3933,0,0,0,0,0,0,76,77,10,0,89,188.83,0,1,1,-998,-1,0,0,0,,,,,,,,,
558,1783613676055,3950,3949,0,0,0,0,0,0,76,77,10,0,89,188.75,0,0,0,-999,-1,0,0,0,,,,,,,,,
559,1783613676117,4012,4012,0,0,0,0,0,0,76,78,10,0,89,188.8,0,0,0,-999,-1,0,0,0,,,,,,,,,
560,1783613676188,4083,4082,0,0,0,0,0,0,76,78,10,0,89,188.99,0,0,0,-997,-1,0,0,0,,,,,,,,,
561,1783613676300,4195,4194,0,0,0,0,0,0,76,78,10,0,89,189.07,0,0,0,-1000,-1,0,0,0,,,,,,,,,
562,1783613676398,4293,4292,0,0,0,0,0,0,76,78,10,0,89,188.92,0,0,0,-1000,-1,0,0,0,,,,,,,,,
563,1783613676466,4361,4360,0,0,0,0,0,0,76,78,10,0,89,188.81,0,0,0,-999,-1,0,0,0,,,,,,,,,
564,1783613676527,4422,4422,0,0,0,0,0,0,76,78,10,0,89,189.06,0,0,0,-999,-1,0,0,0,,,,,,,,,
565,1783613676597,4492,4491,0,0,0,0,0,0,76,78,10,0,89,188.88,0,0,0,-1000,-1,0,0,0,,,,,,,,,
566,1783613676691,4586,4585,0,0,0,0,0,0,76,78,10,0,89,188.86,0,0,0,-1000,-1,0,0,0,,,,,,,,,
567,1783613676786,4681,4680,0,0,0,0,0,0,76,78,10,0,89,189.07,0,0,0,-998,-1,0,0,0,,,,,,,,,
568,1783613676923,4818,4817,0,0,0,0,0,0,76,78,10,0,89,188.98,0,0,0,-1002,-1,0,0,0,,,,,,,,,
569,1783613676981,4876,4875,0,0,0,0,0,0,76,78,10,0,89,188.86,0,1,0,-1000,-1,0,0,0,,,,,,,,,
570,1783613677056,4951,4950,0,0,0,0,0,0,76,78,10,0,89,188.79,0,0,0,-998,-1,0,0,0,,,,,,,,,
571,1783613677155,5050,5049,0,0,0,0,0,0,76,78,10,0,89,188.87,0,1,1,-1000,-1,0,0,0,,,,,,,,,
572,1783613677265,5160,5160,0,0,0,0,0,0,76,78,10,0,89,188.82,0,1,0,-1003,-1,0,0,0,,,,,,,,,
573,1783613677353,5248,5248,0,0,0,0,0,0,76,78,10,0,89,188.93,0,0,0,-1000,-1,0,0,0,,,,,,,,,
574,1783613677403,5298,5297,0,0,0,0,0,0,76,78,10,0,89,188.68,0,-1,0,-998,-1,0,0,0,,,,,,,,,
575,1783613677506,5401,5401,0,0,0,0,0,0,76,78,10,0,89,188.74,0,1,-1,-1000,-1,0,0,0,,,,,,,,,
576,1783613677601,5496,5496,0,0,0,0,0,0,76,78,10,0,89,188.76,0,-1,1,-1001,-1,0,0,0,,,,,,,,,
577,1783613677700,5595,5595,0,0,0,0,0,0,76,78,10,0,89,188.74,0,0,0,-998,-1,0,0,0,,,,,,,,,
578,1783613677800,5695,5694,0,0,0,0,0,0,76,78,10,0,89,188.94,0,1,2,-1002,-1,0,0,0,,,,,,,,,
579,1783613677899,5794,5793,0,0,0,0,0,0,75,79,10,0,89,188.95,0,0,0,-998,-1,0,0,0,,,,,,,,,
580,1783613677998,5893,5892,0,0,0,0,0,0,75,79,10,0,89,188.77,0,1,0,-1000,-1,0,0,0,,,,,,,,,
581,1783613678097,5992,5992,0,0,0,0,0,0,75,79,10,0,89,188.66,0,0,0,-997,-1,0,0,0,,,,,,,,,
582,1783613678197,6092,6091,0,0,0,0,0,0,75,79,10,0,89,189.23,0,0,0,-998,-1,0,0,0,,,,,,,,,
583,1783613678301,6196,6195,0,0,0,0,0,0,75,79,10,0,89,189.04,0,0,0,-1000,-1,0,0,0,,,,,,,,,
584,1783613678398,6293,6292,0,0,0,0,0,0,75,79,10,0,89,188.7,0,0,0,-999,-1,0,0,0,,,,,,,,,
585,1783613678496,6391,6390,0,0,0,0,0,0,75,79,10,0,89,188.59,0,0,-1,-1003,-1,0,0,0,,,,,,,,,
586,1783613678599,6494,6493,0,0,0,0,0,0,75,79,10,0,89,188.66,0,1,0,-999,-1,0,0,0,,,,,,,,,
587,1783613678699,6594,6594,0,0,0,0,0,0,75,79,10,0,89,188.75,0,0,0,-997,-1,0,0,0,,,,,,,,,
588,1783613678794,6689,6688,0,0,0,0,0,0,75,79,10,0,89,188.92,0,-1,1,-999,-1,0,0,0,,,,,,,,,
589,1783613678892,6787,6786,0,0,0,0,0,0,76,78,10,0,88,188.63,0,1,0,-999,-1,0,0,0,,,,,,,,,
590,1783613678994,6889,6888,0,0,0,0,0,0,76,78,10,0,88,189.24,0,1,0,-1000,-1,0,0,0,,,,,,,,,
591,1783613679089,6984,6984,0,0,0,0,0,0,76,78,10,0,88,188.9,0,0,1,-1001,-1,0,0,0,,,,,,,,,
592,1783613679189,7084,7083,0,0,0,0,0,0,76,78,10,0,88,188.6,0,1,0,-1000,-1,0,0,0,,,,,,,,,
593,1783613679288,7183,7182,0,0,0,0,0,0,76,78,10,0,88,189.17,0,1,1,-1000,-1,0,0,0,,,,,,,,,
594,1783613679387,7282,7281,0,0,0,0,0,0,76,78,10,0,88,188.88,0,1,0,-999,-1,0,0,0,,,,,,,,,
595,1783613679486,7381,7381,0,0,0,0,0,0,76,78,10,0,88,188.88,0,0,1,-999,-1,0,0,0,0,0,0,0,"keyboard-worker","OK",1783613679448,7342,1
596,1783613679585,7480,7480,0,0,0,0,0,0,76,78,10,0,88,188.89,0,0,0,-1001,-1,0,0,0,0,0,0,0,"keyboard-worker","OK",1783613679548,7443,3
597,1783613679685,7580,7579,0,0,0,0,0,0,76,78,10,0,88,188.7,0,0,0,-999,-1,0,0,0,0,0,0,0,"keyboard-worker","OK",1783613679649,7543,5
598,1783613679784,7679,7678,0,0,0,0,0,0,76,78,10,0,88,188.71,0,0,0,-1000,-1,0,0,0,0,0,0,0,"keyboard-worker","OK",1783613679749,7643,7
599,1783613679884,7779,7778,0,0,0,0,0,0,76,78,10,0,88,188.8,0,2,0,-998,-1,0,0,0,0,0,0,0,"keyboard-worker","OK",1783613679849,7743,9
600,1783613679983,7878,7878,0,0,0,0,0,0,76,78,10,0,88,188.94,0,0,0,-998,-1,0,0,0,0,0,0,0,"keyboard-worker","OK",1783613679949,7844,11
601,1783613680102,7997,7996,0,0,0,0,0,0,76,78,10,0,88,188.62,0,0,0,-1000,-1,0,0,0,0,0,0,0,"keyboard-worker","OK",1783613680100,7994,14
602,1783613680251,8146,8146,0,0,0,0,0,0,76,78,10,0,88,188.87,0,0,0,-999,-1,0,0,0,0,0,0,0,"keyboard-worker","OK",1783613680250,8144,17
603,1783613680281,8176,8175,0,0,0,0,0,0,76,78,10,0,88,188.85,0,-1,1,-1000,-1,0,0,0,0,0,0,0,"keyboard-worker","OK",1783613680250,8144,17
604,1783613680379,8274,8273,0,0,0,0,0,0,76,78,10,0,88,189.11,0,0,0,-998,-1,0,0,0,0,0,0,0,"keyboard-worker","OK",1783613680350,8245,19
605,1783613680429,8324,8323,0,0,0,0,0,0,76,78,10,0,88,189.11,0,0,0,-1002,-1,0,0,0,0,0,0,0,"keyboard-worker","OK",1783613680400,8295,20
606,1783613680528,8423,8422,0,0,0,0,0,0,76,78,10,0,88,189.18,0,0,2,-998,-1,0,0,0,0,0,0,0,"keyboard-worker","OK",1783613680501,8395,22
607,1783613680627,8522,8522,0,0,0,0,0,0,76,78,10,0,88,188.95,0,1,2,-1001,-1,0,0,0,0,0,0,0,"keyboard-worker","OK",1783613680601,8495,24
608,1783613680726,8621,8621,0,0,0,0,0,0,76,78,10,0,88,188.9,0,1,0,-999,-1,0,0,0,0,0,0,0,"keyboard-worker","OK",1783613680701,8595,26
609,1783613680834,8729,8728,0,0,0,0,0,0,76,78,10,0,88,188.82,0,0,0,-1000,-1,0,0,0,0,0,0,0,"keyboard-worker","OK",1783613680801,8696,28
610,1783613680931,8826,8826,0,0,0,0,0,0,76,78,10,0,88,188.82,0,0,0,-999,-1,0,0,0,0,0,0,0,"keyboard-worker","OK",1783613680902,8796,30
611,1783613681030,8925,8925,0,0,0,0,0,0,76,78,10,0,88,189.03,0,0,0,-999,-1,0,0,0,0,0,0,0,"keyboard-worker","OK",1783613681002,8896,32
612,1783613681128,9023,9022,0,0,0,0,0,0,76,78,10,0,88,188.78,0,0,0,-1001,-1,0,0,0,0,0,0,0,"keyboard-worker","OK",1783613681102,8996,34
613,1783613681223,9118,9117,0,0,0,0,0,0,76,78,10,0,88,188.97,0,0,1,-998,-1,0,0,0,0,0,0,0,"keyboard-worker","OK",1783613681202,9097,36
614,1783613681321,9216,9216,0,0,0,0,0,0,76,78,10,0,88,188.84,0,2,1,-1000,-1,0,0,0,0,0,0,0,"keyboard-worker","OK",1783613681303,9197,38
615,1783613681421,9316,9315,0,0,0,0,0,0,76,78,10,0,88,189.09,0,0,0,-999,-1,0,0,0,0,0,0,0,"keyboard-worker","OK",1783613681403,9297,40
616,1783613681520,9415,9414,0,0,0,0,0,0,76,78,10,0,88,188.84,0,0,0,-1001,-1,0,0,0,0,0,0,0,"keyboard-worker","OK",1783613681503,9397,42
617,1783613681621,9516,9515,0,0,0,0,0,0,76,78,10,0,88,189.1,0,0,0,-1002,-1,0,0,0,0,0,0,0,"keyboard-worker","OK",1783613681603,9498,44
618,1783613681718,9613,9613,0,0,0,0,0,0,76,78,10,0,88,188.92,0,1,0,-999,-1,0,0,0,0,0,0,0,"keyboard-worker","OK",1783613681704,9598,46
619,1783613681818,9713,9712,0,0,0,0,0,0,76,79,10,0,88,189.07,0,0,1,-1001,-1,0,0,0,0,0,0,0,"keyboard-worker","OK",1783613681804,9698,48
620,1783613681917,9812,9811,0,0,0,0,0,0,76,79,10,0,88,188.74,0,0,1,-999,-1,0,0,0,0,0,0,0,"keyboard-worker","OK",1783613681904,9798,50
621,1783613682017,9912,9912,0,0,0,0,0,0,76,79,10,0,88,189.04,0,0,2,-999,-1,0,0,0,0,0,0,0,"keyboard-worker","OK",1783613682004,9898,52
622,1783613682115,10010,10009,0,0,0,0,0,0,76,79,10,0,88,188.55,0,1,1,-1000,-1,0,0,0,0,0,0,0,"keyboard-worker","OK",1783613682104,9999,54
623,1783613682214,10109,10109,0,0,0,0,0,0,76,79,10,0,88,188.75,0,-1,0,-1000,-1,0,0,0,0,0,0,0,"keyboard-worker","OK",1783613682205,10099,56
624,1783613682314,10209,10208,0,0,0,0,0,0,76,79,10,0,88,188.58,0,1,0,-998,-1,0,0,0,0,0,0,0,"keyboard-worker","OK",1783613682305,10199,58
625,1783613682422,10317,10316,0,0,0,0,0,0,76,79,10,0,88,188.91,0,0,1,-1001,-1,0,0,0,0,0,0,0,"keyboard-worker","OK",1783613682405,10299,60
626,1783613682520,10415,10414,0,0,0,0,0,0,76,79,10,0,88,188.75,0,0,1,-998,-1,0,0,0,0,0,0,0,"keyboard-worker","OK",1783613682505,10400,62
627,1783613682618,10513,10512,0,0,0,0,0,0,76,79,10,0,88,188.74,0,0,0,-1000,-1,0,0,0,0,0,0,0,"keyboard-worker","OK",1783613682605,10500,64
628,1783613682711,10606,10605,0,0,0,0,0,0,76,79,10,0,88,188.6,0,0,0,-999,-1,0,0,0,0,0,0,0,"keyboard-worker","OK",1783613682706,10600,66
629,1783613682812,10707,10707,0,0,0,0,0,0,76,79,10,0,88,188.71,0,1,0,-1000,-1,0,0,0,0,0,0,0,"keyboard-worker","OK",1783613682806,10700,68
630,1783613682909,10804,10803,0,0,0,0,0,0,76,79,10,0,88,188.85,0,0,0,-999,-1,0,0,0,0,0,0,0,"keyboard-worker","OK",1783613682906,10801,70
631,1783613683008,10903,10903,0,0,0,0,0,0,76,79,10,0,88,188.86,0,2,0,-1001,-1,0,0,0,0,0,0,0,"keyboard-worker","OK",1783613683006,10901,72
632,1783613683108,11003,11002,0,0,0,0,0,0,76,79,10,0,88,188.61,0,1,0,-999,-1,0,0,0,0,0,0,0,"keyboard-worker","OK",1783613683107,11001,74
633,1783613683206,11101,11101,0,0,0,0,0,0,76,79,10,0,88,188.74,0,1,2,-1000,-1,0,0,0,0,0,0,0,"keyboard-worker","OK",1783613683157,11051,75
634,1783613683306,11201,11200,0,0,0,0,0,0,76,79,10,0,88,188.96,0,0,1,-1000,-1,0,0,0,0,0,0,0,"keyboard-worker","OK",1783613683257,11151,77
635,1783613683405,11300,11299,0,0,0,0,0,0,76,79,10,0,88,188.65,0,0,-1,-999,-1,0,0,0,0,0,0,0,"keyboard-worker","OK",1783613683357,11252,79
636,1783613683504,11399,11399,0,0,0,0,0,0,76,79,10,0,88,188.99,0,0,0,-1000,-1,0,0,0,0,0,0,0,"keyboard-worker","OK",1783613683458,11352,81
637,1783613683603,11498,11498,0,0,0,0,0,0,76,79,10,0,88,188.74,0,0,1,-999,-1,0,0,0,0,0,0,0,"keyboard-worker","OK",1783613683558,11452,83
638,1783613683703,11598,11597,0,0,0,0,0,0,76,79,10,0,88,188.93,0,1,0,-998,-1,0,0,0,0,0,0,0,"keyboard-worker","OK",1783613683658,11552,85
639,1783613683802,11697,11696,0,0,0,0,0,0,76,79,10,0,88,188.96,0,0,0,-998,-1,0,0,0,0,0,0,0,"keyboard-worker","OK",1783613683758,11652,87
640,1783613683902,11797,11796,0,0,0,0,0,0,76,79,10,0,88,189.07,0,0,1,-1001,-1,0,0,0,0,0,0,0,"keyboard-worker","OK",1783613683858,11753,89
641,1783613683958,11853,11852,0,0,0,0,0,0,76,79,10,0,88,188.53,0,1,1,-1001,-1,0,0,0,0,0,0,0,"keyboard-worker","OK",1783613683909,11803,90
642,1783613684050,11945,11944,0,0,0,0,0,0,76,79,10,0,88,188.75,0,0,0,-999,-1,0,0,0,0,0,0,0,"keyboard-worker","OK",1783613684009,11903,92
643,1783613684150,12045,12044,0,0,0,0,0,0,76,79,10,0,88,189.15,0,0,0,-1000,-1,0,0,0,0,0,0,0,"keyboard-worker","OK",1783613684109,12003,94
644,1783613684248,12143,12143,0,0,0,0,0,0,76,79,10,0,88,188.97,0,0,0,-998,-1,0,0,0,0,0,0,0,"keyboard-worker","OK",1783613684209,12104,96
645,1783613684348,12243,12242,0,0,0,0,0,0,76,79,10,0,88,189.12,0,0,1,-1002,-1,0,0,0,0,0,0,0,"keyboard-worker","OK",1783613684309,12204,98
646,1783613684447,12342,12341,0,0,0,0,0,0,76,79,10,0,88,188.95,0,1,0,-998,-1,0,0,0,0,0,0,0,"keyboard-worker","OK",1783613684410,12304,100
647,1783613684546,12441,12440,0,0,0,0,0,0,76,79,10,0,88,189.01,0,0,0,-1000,-1,0,0,0,0,0,0,0,"keyboard-worker","OK",1783613684510,12404,102
648,1783613684645,12540,12540,0,0,0,0,0,0,76,79,10,0,88,188.85,0,2,0,-998,-1,0,0,0,0,0,0,0,"keyboard-worker","OK",1783613684610,12504,104
649,1783613684746,12641,12640,0,0,0,0,0,0,76,79,10,0,88,188.75,0,0,1,-998,-1,0,0,0,0,0,0,0,"keyboard-worker","OK",1783613684710,12605,106
650,1783613684846,12741,12740,0,0,0,0,0,0,76,79,10,0,88,188.82,0,0,1,-999,-1,0,0,0,0,0,0,0,"keyboard-worker","OK",1783613684811,12705,108
651,1783613684954,12849,12848,0,0,0,0,0,0,76,79,10,0,88,188.89,0,1,0,-1002,-1,0,0,0,0,0,0,0,"keyboard-worker","OK",1783613684911,12805,110
652,1783613685068,12963,12962,0,0,0,0,0,0,76,79,10,0,88,188.64,0,0,0,-997,-1,0,0,0,0,0,0,0,"keyboard-worker","OK",1783613685061,12956,113
653,1783613685157,13052,13051,0,0,0,0,0,0,76,79,10,0,88,189.08,0,0,0,-998,-1,0,0,0,0,0,0,0,"rc-neutral-takeoff","OK",1783613685112,13006,115
654,1783613685262,13157,13156,0,0,0,0,0,0,76,79,10,0,88,188.81,0,-1,-2,-999,-1,0,0,0,0,0,0,0,"rc-neutral-takeoff","OK",1783613685112,13006,115
655,1783613685368,13263,13262,0,0,0,0,0,0,76,79,10,0,88,188.81,0,1,1,-994,-1,0,0,0,0,0,0,0,"rc-neutral-takeoff","OK",1783613685112,13006,115
656,1783613685453,13348,13347,0,0,0,0,0,0,76,79,10,0,88,188.81,0,-11,7,-992,-1,0,0,0,0,0,0,0,"rc-neutral-takeoff","OK",1783613685112,13006,115
657,1783613685553,13448,13448,0,0,0,0,0,0,76,79,10,0,88,188.81,0,62,9,-1018,-1,0,0,0,0,0,0,0,"rc-neutral-takeoff","OK",1783613685112,13006,115
658,1783613685657,13552,13551,0,0,0,0,0,0,76,79,10,0,88,188.81,0,-6,-3,-1000,-1,0,0,0,0,0,0,0,"rc-neutral-takeoff","OK",1783613685112,13006,115
659,1783613685752,13647,13646,0,0,0,0,0,0,77,79,10,0,88,188.81,0,-9,3,-1159,-1,0,0,0,0,0,0,0,"rc-neutral-takeoff","OK",1783613685112,13006,115
660,1783613685851,13746,13745,1,0,0,0,0,-2,77,79,10,0,88,188.81,0,23,-28,-1350,-1,0,0,0,0,0,0,0,"rc-neutral-takeoff","OK",1783613685112,13006,115
661,1783613685951,13846,13846,0,0,0,0,0,-5,77,79,14,10,88,188.81,0,-5,8,-1205,-1,0,0,0,0,0,0,0,"rc-neutral-takeoff","OK",1783613685112,13006,115
662,1783613686052,13947,13946,0,1,0,0,0,-7,77,79,23,10,88,188.87,0,13,-17,-1047,-1,0,0,0,0,0,0,0,"rc-neutral-takeoff","OK",1783613685112,13006,115
663,1783613686152,14047,14046,-1,0,0,0,0,-8,77,79,31,20,88,189.4,0,-30,3,-1046,-1,0,0,0,0,0,0,0,"rc-neutral-takeoff","OK",1783613685112,13006,115
664,1783613686252,14147,14147,0,0,0,0,0,-9,77,79,38,30,88,189.58,0,-33,13,-972,-1,0,0,0,0,0,0,0,"rc-neutral-takeoff","OK",1783613685112,13006,115
665,1783613686353,14248,14247,0,0,0,0,0,-8,77,79,45,50,88,189.66,1,1,1,-915,-1,0,0,0,0,0,0,0,"rc-neutral-takeoff","OK",1783613685112,13006,115
666,1783613686453,14348,14348,0,0,0,0,0,-8,77,79,51,50,88,189.75,1,21,-17,-891,-1,0,0,0,0,0,0,0,"rc-neutral-takeoff","OK",1783613685112,13006,115
667,1783613686559,14454,14453,0,0,0,0,0,-6,77,79,56,60,88,189.25,1,0,1,-851,-1,0,0,0,0,0,0,0,"rc-neutral-takeoff","OK",1783613685112,13006,115
668,1783613686659,14554,14553,0,0,0,0,0,-5,77,79,60,70,88,189.52,1,47,-23,-880,-1,0,0,0,0,0,0,0,"rc-neutral-takeoff","OK",1783613685112,13006,115
669,1783613686757,14652,14652,0,-1,0,0,0,-4,77,79,58,70,88,189.68,1,15,-20,-875,-1,0,0,0,0,0,0,0,"rc-neutral-takeoff","OK",1783613685112,13006,115
670,1783613686856,14751,14750,0,0,0,0,0,-3,77,79,59,80,88,189.09,1,19,-32,-921,-1,0,0,0,0,0,0,0,"rc-neutral-takeoff","OK",1783613685112,13006,115
671,1783613686957,14852,14851,0,0,0,0,0,-2,77,79,59,80,88,189.44,1,-29,12,-961,-1,0,0,0,0,0,0,0,"rc-neutral-takeoff","OK",1783613685112,13006,115
672,1783613687058,14953,14952,0,0,0,0,0,-1,77,79,58,80,88,189.55,1,-4,-10,-958,-1,0,0,0,0,0,0,0,"rc-neutral-takeoff","OK",1783613685112,13006,115
673,1783613687156,15051,15050,0,0,0,0,0,-1,77,79,58,80,88,189.4,1,-3,-11,-1023,-1,0,0,0,0,0,0,0,"rc-neutral-takeoff","OK",1783613685112,13006,115
674,1783613687257,15152,15151,0,0,0,0,0,0,77,79,57,80,88,189.66,1,-16,-27,-967,-1,0,0,0,0,0,0,0,"rc-neutral-takeoff","OK",1783613685112,13006,115
675,1783613687307,15202,15201,0,0,0,0,0,0,77,79,57,80,88,189.74,2,-16,5,-1101,-1,0,0,0,0,0,0,0,"rc-neutral-takeoff","OK",1783613685112,13006,115
676,1783613687410,15305,15305,0,0,0,0,0,-1,77,79,57,80,88,189.78,2,-9,9,-1012,-1,0,0,0,0,0,0,0,"rc-neutral-takeoff","OK",1783613685112,13006,115
677,1783613687513,15408,15407,0,0,0,0,0,-2,77,79,57,80,88,189.54,2,11,-30,-913,-1,0,0,0,0,0,0,0,"rc-neutral-takeoff","OK",1783613685112,13006,115
678,1783613687610,15505,15505,0,0,0,0,0,-1,77,79,57,80,88,189.54,2,9,-1,-1049,-1,0,0,0,0,0,0,0,"rc-neutral-takeoff","OK",1783613685112,13006,115
679,1783613687709,15604,15604,0,0,0,0,0,-1,77,79,58,80,88,189.78,2,-14,-2,-1062,-1,0,0,0,0,0,0,0,"rc-neutral-takeoff","OK",1783613685112,13006,115
680,1783613687810,15705,15704,0,0,0,0,0,-2,77,79,58,80,88,189.57,2,0,-12,-1004,-1,0,0,0,0,0,0,0,"rc-neutral-takeoff","OK",1783613685112,13006,115
681,1783613687910,15805,15804,0,0,0,0,0,-2,77,79,58,80,88,189.8,2,26,5,-1036,-1,0,0,0,0,0,0,0,"rc-neutral-takeoff","OK",1783613685112,13006,115
682,1783613688011,15906,15905,0,0,0,0,0,-1,77,79,58,80,88,189.74,2,1,1,-959,-1,0,0,0,0,0,0,0,"rc-neutral-takeoff","OK",1783613685112,13006,115
683,1783613688111,16006,16005,0,0,0,0,0,-1,77,79,58,80,88,189.31,2,-2,-8,-983,-1,0,0,0,0,0,0,0,"rc-neutral-takeoff","OK",1783613685112,13006,115
684,1783613688211,16106,16106,0,0,0,0,0,-1,77,79,59,80,88,189.47,2,15,-18,-1023,-1,0,0,0,0,0,0,0,"rc-neutral-takeoff","OK",1783613685112,13006,115
685,1783613688312,16207,16206,0,0,0,0,0,-2,77,79,60,80,88,189.59,3,-4,11,-1048,-1,0,0,0,0,0,0,0,"rc-neutral-takeoff","OK",1783613685112,13006,115
686,1783613688412,16307,16307,0,0,0,0,0,-2,77,79,61,80,88,189.43,3,-20,3,-1088,-1,0,0,0,0,0,0,0,"rc-neutral-takeoff","OK",1783613685112,13006,115
687,1783613688513,16408,16407,0,0,0,0,0,-2,77,79,63,80,88,189.72,3,-17,2,-1021,-1,0,0,0,0,0,0,0,"rc-neutral-takeoff","OK",1783613685112,13006,115
688,1783613688613,16508,16507,0,0,0,0,0,-2,77,79,64,80,88,189.48,3,0,4,-1023,-1,0,0,0,0,0,0,0,"rc-neutral-takeoff","OK",1783613685112,13006,115
689,1783613688714,16609,16608,0,0,0,0,0,-1,77,79,65,90,88,189.54,3,-11,25,-1088,-1,0,0,0,0,0,0,0,"rc-neutral-takeoff","OK",1783613685112,13006,115
690,1783613688815,16710,16709,0,0,0,0,0,-2,77,79,65,90,88,189.5,3,-23,4,-942,-1,0,0,0,0,0,0,0,"rc-neutral-takeoff","OK",1783613685112,13006,115
691,1783613688916,16811,16810,0,0,0,0,0,-1,77,79,66,90,88,189.59,3,-7,-9,-985,-1,0,0,0,0,0,0,0,"rc-neutral-takeoff","OK",1783613685112,13006,115
692,1783613689017,16912,16912,0,0,0,0,0,-1,77,79,66,90,88,189.76,3,-41,21,-1101,-1,0,0,0,0,0,0,0,"rc-neutral-takeoff","OK",1783613685112,13006,115
693,1783613689161,17056,17055,0,0,0,0,0,-2,77,79,68,90,88,189.56,3,0,-5,-993,-1,0,0,0,0,0,0,0,"rc-neutral-takeoff","OK",1783613685112,13006,115
694,1783613689625,17520,17520,0,0,0,0,0,-1,77,79,68,90,88,189.68,4,4,6,-951,-1,0,0,0,0,0,0,0,"rc-neutral-takeoff","OK",1783613685112,13006,115
695,1783613689740,17635,17634,0,0,0,0,0,-1,77,79,68,90,88,189.74,4,2,20,-1106,-1,0,0,0,0,0,0,0,"rc-neutral-takeoff","OK",1783613685112,13006,115
696,1783613689741,17636,17635,0,0,0,0,0,-1,77,79,69,90,88,189.65,4,-1,-6,-978,-1,0,0,0,0,0,0,0,"rc-neutral-takeoff","OK",1783613685112,13006,115
697,1783613689774,17669,17669,0,0,0,0,0,-1,77,79,69,90,88,189.42,4,4,2,-974,-1,0,0,0,0,0,0,0,"rc-neutral-takeoff","OK",1783613685112,13006,115
698,1783613689838,17733,17733,0,0,0,0,0,-1,77,79,70,100,88,189.72,4,-28,15,-1009,-1,0,0,0,0,0,0,0,"rc-neutral-takeoff","OK",1783613685112,13006,115
699,1783613689856,17751,17750,0,0,0,0,0,-1,76,79,70,100,88,189.75,4,-23,5,-965,-1,0,0,0,0,0,0,0,"rc-neutral-takeoff","OK",1783613685112,13006,115
700,1783613689953,17848,17847,0,0,0,0,0,-1,76,79,71,100,88,189.9,4,13,4,-988,-1,0,0,0,0,0,0,0,"rc-neutral-takeoff","OK",1783613685112,13006,115
701,1783613690019,17914,17913,0,0,0,0,0,-1,76,79,71,100,88,190,4,-36,3,-1012,-1,0,0,0,0,0,0,0,"rc-neutral-takeoff","OK",1783613685112,13006,115
702,1783613690058,17953,17952,0,0,0,0,0,-1,76,79,72,100,88,190.05,4,-12,-13,-952,-1,0,0,0,0,0,0,0,"rc-neutral-takeoff","OK",1783613685112,13006,115
703,1783613690202,18097,18097,0,0,0,0,0,-1,76,79,73,100,88,189.82,4,11,3,-1009,-1,0,0,0,0,0,0,0,"rc-neutral-takeoff","OK",1783613685112,13006,115
704,1783613690271,18166,18165,0,0,0,0,0,-1,76,79,74,110,88,189.84,5,29,10,-1038,-1,0,0,0,0,0,0,0,"rc-neutral-takeoff","OK",1783613685112,13006,115
705,1783613690489,18384,18384,0,0,0,0,0,-1,76,79,74,110,88,190.02,5,35,-26,-998,-1,0,0,0,0,0,0,0,"rc-neutral-takeoff","OK",1783613685112,13006,115
706,1783613690584,18479,18478,0,0,0,0,0,-1,76,79,76,110,88,189.68,5,17,-12,-969,-1,0,0,0,0,0,0,0,"rc-neutral-takeoff","OK",1783613685112,13006,115
707,1783613690713,18608,18607,0,0,0,0,0,-1,76,79,77,110,88,189.46,5,5,-9,-1026,-1,0,0,0,0,0,0,0,"rc-neutral-takeoff","OK",1783613685112,13006,115
708,1783613690747,18642,18642,0,0,0,0,0,-1,76,79,78,110,88,189.85,5,-17,19,-993,-1,0,0,0,0,0,0,0,"rc-neutral-takeoff","OK",1783613685112,13006,115
709,1783613690779,18674,18673,0,0,0,0,0,-1,76,79,79,110,88,189.77,5,33,-13,-1009,-1,0,0,0,0,0,0,0,"rc-neutral-takeoff","OK",1783613685112,13006,115
710,1783613690907,18802,18802,1,0,0,0,0,-1,76,79,80,110,88,189.77,5,-2,0,-1016,-1,0,0,0,0,0,0,0,"rc-neutral-takeoff","OK",1783613685112,13006,115
711,1783613690977,18872,18872,1,0,0,0,0,-1,76,79,81,110,88,189.65,5,24,-11,-990,-1,0,0,0,0,0,0,0,"rc-neutral-takeoff","OK",1783613685112,13006,115
712,1783613691028,18923,18922,1,0,0,0,0,-1,76,79,82,120,88,189.98,5,-15,14,-985,-1,0,0,0,0,0,0,0,"rc-neutral-takeoff","OK",1783613685112,13006,115
713,1783613691134,19029,19028,1,0,0,0,0,-1,76,79,83,120,88,190.04,5,6,-6,-1016,-1,0,0,0,0,0,0,0,"rc-neutral-takeoff","OK",1783613685112,13006,115
714,1783613691251,19146,19145,1,0,0,0,0,-1,76,79,84,120,88,189.71,6,23,-45,-993,-1,0,0,0,0,0,0,0,"rc-neutral-takeoff","OK",1783613685112,13006,115
715,1783613691299,19194,19194,1,0,0,0,0,-1,76,79,86,120,88,189.73,6,15,-24,-966,-1,0,0,0,0,0,0,0,"rc-neutral-takeoff","OK",1783613685112,13006,115
716,1783613691400,19295,19295,1,0,0,0,0,-1,76,79,87,120,88,189.53,6,11,-1,-988,-1,0,0,0,0,0,0,0,"rc-neutral-takeoff","OK",1783613685112,13006,115
717,1783613691500,19395,19394,1,0,0,0,0,0,76,79,88,120,88,189.79,6,28,-12,-1006,-1,0,0,0,0,0,0,0,"rc-neutral-takeoff","OK",1783613685112,13006,115
718,1783613691601,19496,19495,1,0,0,0,0,0,76,79,89,120,88,190.03,6,3,-7,-994,-1,0,0,0,0,0,0,0,"rc-neutral-takeoff","OK",1783613685112,13006,115
719,1783613691701,19596,19595,1,0,0,0,0,0,76,79,90,120,88,190.09,6,-7,0,-968,-1,0,0,0,0,0,0,0,"rc-neutral-takeoff","OK",1783613685112,13006,115
720,1783613691802,19697,19696,1,0,0,0,0,0,76,79,91,120,88,189.89,6,81,-50,-1013,-1,0,0,0,0,0,0,0,"rc-neutral-takeoff","OK",1783613685112,13006,115
721,1783613691910,19805,19804,1,0,0,0,0,0,76,79,92,120,88,189.97,6,-22,12,-979,-1,0,0,0,0,0,0,0,"rc-neutral-takeoff","OK",1783613685112,13006,115
722,1783613692007,19902,19901,1,0,0,0,0,0,76,79,92,120,88,189.88,6,-37,12,-976,-1,0,0,0,0,0,0,0,"rc-neutral-takeoff","OK",1783613685112,13006,115
723,1783613692105,20000,19999,1,0,0,0,0,0,76,79,93,120,88,189.72,6,21,-3,-995,-1,0,0,0,0,0,0,0,"rc-neutral-takeoff","OK",1783613685112,13006,115
724,1783613692204,20099,20099,1,0,0,0,0,0,76,79,94,130,88,189.86,7,22,-10,-994,-1,0,0,0,0,0,0,0,"keyboard-worker","OK",1783613692202,20096,117
725,1783613692304,20199,20199,1,0,0,0,0,0,76,79,94,130,88,190.07,7,26,-9,-987,-1,0,0,0,0,0,0,0,"keyboard-worker","OK",1783613692302,20196,119
726,1783613692405,20300,20299,1,0,0,0,0,0,76,79,95,130,88,190.19,7,23,-10,-1009,-1,0,0,0,0,0,0,0,"keyboard-worker","OK",1783613692402,20296,121
727,1783613692506,20401,20400,1,0,0,0,0,0,76,79,95,130,88,190.12,7,3,5,-1022,-1,0,0,0,0,0,0,0,"keyboard-worker","OK",1783613692502,20397,123
728,1783613692605,20500,20500,1,0,0,0,0,0,76,79,95,130,88,190.16,7,27,-9,-1001,-1,0,0,0,0,0,0,0,"keyboard-worker","OK",1783613692603,20497,125
729,1783613692707,20602,20601,1,0,0,0,0,0,77,80,96,130,88,189.81,7,21,-12,-994,-1,0,0,0,0,0,0,0,"keyboard-worker","OK",1783613692703,20597,127
730,1783613692810,20705,20704,0,0,0,0,0,0,77,80,96,130,88,190.09,7,28,-20,-1010,-1,0,0,0,0,0,0,0,"keyboard-worker","OK",1783613692803,20698,129
731,1783613692912,20807,20807,1,0,0,0,0,0,77,80,96,130,88,190.17,7,12,-43,-987,-1,0,0,0,0,0,0,0,"keyboard-worker","OK",1783613692904,20798,131
732,1783613693016,20911,20910,1,0,0,0,0,0,77,80,97,130,88,190.15,7,26,-34,-1002,-1,0,0,0,0,0,0,0,"keyboard-worker","OK",1783613693004,20898,133
733,1783613693068,20963,20962,1,0,0,0,0,0,77,80,97,130,88,190.01,7,-6,21,-993,-1,0,0,0,0,0,0,0,"keyboard-worker","OK",1783613693054,20949,134
734,1783613693168,21063,21063,1,0,0,0,0,0,77,80,98,130,88,189.85,8,40,0,-1009,-1,0,0,0,0,0,0,0,"keyboard-worker","OK",1783613693155,21049,136
735,1783613693271,21166,21165,1,0,0,0,0,0,77,80,98,130,88,189.88,8,17,4,-1019,-1,0,0,0,0,0,0,0,"keyboard-worker","OK",1783613693255,21149,138
736,1783613693374,21269,21268,1,0,0,0,0,0,77,80,98,130,88,190.05,8,61,-49,-1019,-1,0,0,0,0,0,0,0,"keyboard-worker","OK",1783613693355,21250,140
737,1783613693476,21371,21370,1,0,0,0,0,0,77,80,99,130,88,189.89,8,-55,37,-980,-1,0,0,0,0,0,0,0,"keyboard-worker","OK",1783613693456,21350,142
738,1783613693579,21474,21473,1,0,0,0,0,0,77,80,100,130,88,190.05,8,47,-31,-1014,-1,0,0,0,0,0,0,0,"keyboard-worker","OK",1783613693557,21451,144
739,1783613693681,21576,21576,1,0,0,0,0,0,77,79,100,130,87,189.95,8,13,-11,-998,-1,0,0,0,0,0,0,0,"keyboard-worker","OK",1783613693657,21551,146
740,1783613693795,21690,21689,1,0,0,0,0,0,77,79,101,130,87,190.14,8,27,-33,-994,-1,0,0,0,0,0,0,0,"keyboard-worker","OK",1783613693758,21652,148
741,1783613693887,21782,21781,1,0,0,0,0,0,77,79,101,130,87,189.49,8,7,-11,-997,-1,0,0,0,0,0,0,0,"keyboard-worker","OK",1783613693858,21752,150
742,1783613693989,21884,21883,1,0,0,0,0,0,77,79,101,130,87,190.15,8,7,-18,-981,-1,0,0,0,0,0,0,0,"keyboard-worker","OK",1783613693959,21853,152
743,1783613694091,21986,21986,1,0,0,0,0,0,77,79,102,130,87,189.84,8,50,-23,-1001,-1,0,0,0,0,0,0,0,"keyboard-worker","OK",1783613694059,21953,154
744,1783613694194,22089,22088,1,0,0,0,0,0,77,79,102,130,87,190.24,9,16,1,-1010,-1,0,0,0,0,0,0,0,"keyboard-worker","OK",1783613694159,22054,156
745,1783613694297,22192,22191,1,0,0,0,0,0,77,79,102,130,87,190.14,9,9,-7,-982,-1,0,0,0,0,0,0,0,"keyboard-worker","OK",1783613694260,22154,158
746,1783613694399,22294,22293,1,0,0,0,0,0,77,79,102,130,87,190.22,9,31,-11,-1017,-1,0,0,0,0,0,0,0,"keyboard-worker","OK",1783613694360,22255,160
747,1783613694507,22402,22401,0,0,0,0,0,0,77,79,102,130,87,189.56,9,-14,2,-960,-1,0,0,0,0,0,0,0,"keyboard-worker","OK",1783613694461,22355,162
748,1783613694608,22503,22503,0,0,0,0,0,0,77,79,102,130,87,190.07,9,-23,11,-970,-1,0,0,0,0,0,0,0,"keyboard-worker","OK",1783613694561,22456,164
749,1783613694707,22602,22601,0,0,0,0,0,0,77,79,102,130,87,190.25,9,17,-13,-976,-1,0,0,0,0,0,0,0,"keyboard-worker","OK",1783613694662,22556,166
750,1783613694809,22704,22704,0,0,0,0,0,0,77,79,103,130,87,190.05,9,16,2,-1039,-1,0,0,0,0,0,0,0,"keyboard-worker","OK",1783613694763,22657,168
751,1783613694961,22856,22855,0,0,0,0,0,0,77,79,102,130,87,190.05,9,21,-29,-927,-1,0,0,0,0,0,0,0,"keyboard-worker","OK",1783613694913,22808,171
752,1783613695014,22909,22909,1,0,0,0,0,0,77,79,102,130,87,189.77,9,-9,1,-1009,-1,0,0,0,0,0,0,0,"keyboard-worker","OK",1783613695014,22908,173
753,1783613695117,23012,23011,1,0,0,0,0,0,77,79,101,130,87,189.8,9,3,-19,-995,-1,0,0,0,0,0,0,0,"keyboard-worker","OK",1783613695114,23008,175
754,1783613695219,23114,23114,1,0,0,0,0,0,77,79,101,130,87,190.12,10,25,-21,-1007,-1,0,0,0,0,0,0,0,"keyboard-worker","OK",1783613695214,23109,177
755,1783613695322,23217,23216,1,0,0,0,0,0,77,79,99,130,87,189.94,10,-28,11,-956,-1,0,0,0,0,0,0,0,"keyboard-worker","OK",1783613695315,23209,179
756,1783613695425,23320,23319,1,0,0,0,0,0,77,79,99,130,87,189.75,10,5,-11,-1019,-1,0,0,0,0,0,0,0,"keyboard-worker","OK",1783613695415,23309,181
757,1783613695527,23422,23421,1,0,0,0,0,0,77,79,98,130,87,190.28,10,-28,4,-1053,-1,0,0,0,0,0,0,0,"keyboard-worker","OK",1783613695515,23410,183
758,1783613695630,23525,23524,1,0,0,0,0,0,77,79,97,130,86,189.76,10,-4,-11,-945,-1,0,0,0,0,0,0,0,"keyboard-worker","OK",1783613695616,23510,185
759,1783613695732,23627,23626,1,0,0,0,0,0,76,79,96,130,86,189.93,10,9,-22,-1003,-1,0,0,0,0,0,0,0,"keyboard-worker","OK",1783613695716,23610,187
760,1783613695836,23731,23730,1,0,0,0,0,0,76,79,95,130,86,189.88,10,22,-29,-974,-1,0,0,0,0,0,0,0,"keyboard-worker","OK",1783613695816,23711,189
761,1783613695947,23842,23841,1,0,0,0,0,0,76,79,94,130,86,189.96,10,28,-3,-992,-1,0,0,0,0,0,0,0,"keyboard-worker","OK",1783613695917,23811,191
762,1783613696040,23935,23934,1,0,0,0,0,0,76,79,94,130,86,189.82,10,38,-26,-1032,-1,0,0,0,0,0,0,0,"keyboard-worker","OK",1783613696017,23911,193
763,1783613696143,24038,24037,1,0,0,0,0,0,76,79,93,130,86,190.12,10,8,0,-1024,-1,0,0,0,0,0,0,0,"keyboard-worker","OK",1783613696118,24012,195
764,1783613697301,25196,24145,1,0,0,0,0,0,76,79,93,130,86,189.95,11,10,-7,-1012,-1,0,0,0,0,0,0,0,"keyboard-worker","OK",1783613697268,24112,197
765,1783613697399,25294,24243,1,0,0,0,0,0,76,79,92,130,86,190.04,11,-11,4,-1025,-1,0,0,0,0,0,0,0,"keyboard-worker","OK",1783613697368,24212,199
766,1783613697501,25396,24345,1,0,0,0,0,0,76,79,92,130,86,190.03,11,-3,-10,-1026,-1,0,0,0,0,0,0,0,"keyboard-worker","OK",1783613697469,24313,201
767,1783613697604,25499,24448,1,0,0,0,0,0,76,79,92,130,86,190.17,11,10,9,-1013,-1,0,0,0,0,0,0,0,"keyboard-worker","OK",1783613697570,24414,203
768,1783613697654,25549,24498,1,0,0,0,0,0,76,79,92,130,86,190.07,11,39,-14,-1019,-1,0,0,0,0,0,0,0,"keyboard-worker","OK",1783613697620,24464,204
769,1783613697808,25703,24652,1,0,0,0,0,0,76,78,92,130,86,190.15,11,3,-10,-988,-1,0,0,0,0,0,0,0,"keyboard-worker","OK",1783613697770,24614,207
770,1783613697910,25805,24754,1,0,0,0,0,0,76,78,91,130,86,189.86,11,8,-10,-996,-1,0,0,0,0,0,0,0,"keyboard-worker","OK",1783613697871,24715,209
771,1783613698024,25919,24868,1,0,0,0,0,0,76,78,91,120,86,190.22,11,4,18,-1008,-1,0,0,0,0,0,0,0,"keyboard-worker","OK",1783613698022,24866,212
772,1783613698069,25964,24913,1,0,0,0,0,0,76,78,91,120,86,189.87,11,20,-12,-981,-1,0,0,0,0,0,0,0,"keyboard-worker","OK",1783613698022,24866,212
773,1783613698170,26065,25014,1,0,0,0,0,0,76,78,91,120,86,189.78,11,29,-7,-1059,-1,0,0,0,0,0,0,0,"keyboard-worker","OK",1783613698122,24966,214
774,1783613698271,26166,25115,1,0,0,0,0,0,76,78,91,120,86,189.69,12,5,-5,-982,-1,0,0,0,0,0,0,0,"keyboard-worker","OK",1783613698223,25067,216
775,1783613698374,26269,25218,1,0,0,0,0,0,76,78,91,120,86,189.93,12,-7,3,-972,-1,0,0,0,0,0,0,0,"keyboard-worker","OK",1783613698374,25218,219
776,1783613698475,26370,25319,1,0,0,0,0,0,76,78,91,120,86,189.86,12,11,-24,-1006,-1,0,0,0,0,0,0,0,"keyboard-worker","OK",1783613698474,25318,221
777,1783613698578,26473,25422,1,0,0,0,0,0,76,78,91,120,86,190.3,12,16,-11,-1028,-1,0,0,0,0,0,0,0,"keyboard-worker","OK",1783613698575,25419,223
778,1783613698685,26580,25529,1,0,0,0,0,0,76,78,92,120,85,190.09,12,21,-20,-1009,-1,0,0,0,0,0,0,0,"keyboard-worker","OK",1783613698675,25519,225
779,1783613698780,26675,25624,1,0,0,0,0,0,76,79,92,120,85,190.07,12,17,1,-1070,-1,0,0,0,0,0,0,0,"keyboard-worker","OK",1783613698776,25620,227
780,1783613698880,26775,25724,1,0,0,0,0,0,76,79,92,120,85,190,12,7,3,-1031,-1,0,0,0,0,0,0,0,"keyboard-worker","OK",1783613698876,25720,229
781,1783613698979,26874,25823,1,0,0,0,0,0,76,79,93,120,85,189.84,12,-7,-3,-994,-1,0,0,0,0,0,0,0,"keyboard-worker","OK",1783613698976,25820,231
782,1783613699078,26973,25922,1,0,0,0,0,0,76,79,93,130,85,190.06,12,21,-7,-1007,-1,0,0,0,0,0,0,0,"keyboard-worker","OK",1783613699076,25920,233
783,1783613699179,27074,26023,1,0,0,0,0,0,76,79,94,130,85,189.75,12,1,3,-1005,-1,0,0,0,0,0,0,0,"keyboard-worker","OK",1783613699177,26021,235
784,1783613699276,27171,26120,1,0,0,0,0,0,76,79,95,130,85,189.94,13,23,1,-986,-1,0,0,0,0,0,0,0,"keyboard-worker","OK",1783613699227,26071,236
785,1783613699376,27271,26220,1,0,0,0,0,0,76,79,95,130,85,190,13,29,7,-1034,-1,0,0,0,0,0,0,0,"keyboard-worker","OK",1783613699327,26171,238
786,1783613699486,27381,26330,1,0,0,0,0,0,76,79,96,130,85,189.79,13,0,-5,-1001,-1,0,0,0,0,0,0,0,"keyboard-worker","OK",1783613699477,26321,241
787,1783613699574,27469,26418,1,0,0,0,0,0,76,79,96,130,85,190.1,13,-23,3,-970,-1,0,0,0,0,0,0,0,"keyboard-worker","OK",1783613699527,26371,242
788,1783613699673,27568,26517,1,0,0,0,0,0,76,79,97,130,85,190.04,13,-19,2,-971,-1,0,0,0,0,0,0,0,"keyboard-worker","OK",1783613699628,26472,244
789,1783613699780,27675,26624,1,0,0,0,0,0,76,78,98,130,85,190.08,13,19,-35,-1013,-1,0,0,0,0,0,0,0,"keyboard-worker","OK",1783613699778,26622,247
790,1783613699878,27773,26722,1,0,0,0,0,0,76,78,98,130,85,189.98,13,-15,7,-970,-1,0,0,0,0,0,0,0,"keyboard-worker","OK",1783613699878,26722,249
791,1783613699971,27866,26815,1,0,0,0,0,0,76,78,99,130,85,190.22,13,16,6,-1021,-1,0,0,0,0,0,0,0,"keyboard-worker","OK",1783613699928,26772,250
792,1783613700071,27966,26915,1,0,0,0,0,0,76,78,99,130,85,189.88,13,29,-31,-966,-1,0,0,0,0,-20,0,0,"keyboard-worker","OK",1783613700029,26873,252
793,1783613700169,28064,27013,1,0,0,0,0,0,76,78,100,130,85,190.06,13,25,-10,-993,-1,0,0,0,0,-20,0,0,"keyboard-worker","OK",1783613700129,26973,254
794,1783613700268,28163,27112,1,0,0,0,0,0,76,78,100,130,85,189.75,14,-17,-22,-949,-1,0,0,0,0,-20,0,0,"keyboard-worker","OK",1783613700229,27073,256
795,1783613700368,28263,27212,1,0,0,0,0,0,76,78,101,130,85,190.1,14,0,-1,-941,-1,0,0,0,0,-20,0,0,"keyboard-worker","OK",1783613700329,27173,258
796,1783613700486,28381,27330,1,0,0,-1,0,0,76,78,101,130,85,190.15,14,-7,20,-1010,-1,0,0,0,0,-20,0,0,"keyboard-worker","OK",1783613700480,27324,261
797,1783613700566,28461,27410,1,0,0,-1,0,0,76,78,101,130,85,189.77,14,18,-7,-1025,-1,0,0,0,0,-20,0,0,"keyboard-worker","OK",1783613700530,27374,262
798,1783613700665,28560,27509,1,0,0,-1,0,0,76,78,101,130,84,189.77,14,28,-12,-947,-1,0,0,0,0,-20,0,0,"keyboard-worker","OK",1783613700630,27474,264
799,1783613700764,28659,27608,1,0,0,-1,0,0,76,79,101,130,84,190.06,14,-23,8,-1043,-1,0,0,0,0,0,0,0,"keyboard-worker","OK",1783613700730,27574,266
800,1783613701059,28954,27903,1,0,0,-1,0,0,76,79,101,130,84,190.21,14,16,-22,-960,-1,0,0,0,0,0,0,0,"keyboard-worker","OK",1783613701031,27875,272
801,1783613701181,29076,28025,1,0,0,-1,0,0,76,79,101,130,84,190.1,14,14,-11,-980,-1,0,0,0,0,0,0,0,"keyboard-worker","OK",1783613701181,28025,275
802,1783613701242,29137,28086,0,0,0,-1,0,0,76,79,101,130,84,189.98,14,-11,31,-1004,-1,0,0,0,0,0,0,0,"keyboard-worker","OK",1783613701231,28075,276
803,1783613701244,29139,28088,0,0,0,-1,0,0,76,79,102,130,84,189.85,14,33,-16,-1017,-1,0,0,0,0,0,0,0,"keyboard-worker","OK",1783613701231,28075,276
804,1783613701428,29323,28272,0,0,0,-1,0,0,76,79,101,130,84,189.84,15,23,1,-1037,-1,0,0,0,0,-20,0,0,"keyboard-worker","OK",1783613701382,28226,279
805,1783613701447,29342,28291,0,0,0,0,0,0,76,79,101,130,84,190.35,15,-13,1,-926,-1,0,0,0,20,-20,0,0,"keyboard-worker","OK",1783613701432,28276,280
806,1783613701534,29429,28378,0,0,0,0,0,0,76,79,101,130,84,189.83,15,-7,13,-977,-1,0,0,0,20,-20,0,0,"keyboard-worker","OK",1783613701532,28376,282
807,1783613701667,29562,28511,0,0,0,0,0,0,76,79,100,130,84,189.98,15,5,7,-1006,-1,0,0,0,20,-20,0,0,"keyboard-worker","OK",1783613701632,28476,284
808,1783613701717,29612,28560,0,0,0,0,0,0,76,79,100,130,84,190.19,15,40,-17,-1015,-1,0,0,0,20,-20,0,0,"keyboard-worker","OK",1783613701683,28526,285
809,1783613701796,29691,28640,0,0,0,0,0,0,76,79,100,130,84,189.91,15,-23,10,-1013,-1,0,0,0,0,0,0,0,"keyboard-worker","OK",1783613701783,28627,287
810,1783613701969,29864,28813,0,0,0,0,0,0,76,79,99,130,84,189.73,15,2,29,-1039,-1,0,0,0,0,0,0,0,"keyboard-worker","OK",1783613701933,28777,290
811,1783613702030,29925,28874,0,0,0,0,0,0,76,79,99,130,84,189.85,15,11,-12,-1023,-1,0,0,0,0,0,0,0,"keyboard-worker","OK",1783613701983,28827,291
812,1783613702132,30027,28976,0,-1,0,0,0,0,76,79,98,130,84,189.95,15,7,3,-997,-1,0,0,0,0,-20,0,0,"keyboard-worker","OK",1783613702083,28927,293
813,1783613702206,30101,29050,1,0,0,0,0,0,76,79,98,130,84,189.84,15,11,11,-1042,-1,0,0,0,0,-20,0,0,"keyboard-worker","OK",1783613702184,29028,295
814,1783613702254,30149,29098,1,0,0,0,0,0,76,79,98,130,84,190,16,-2,0,-1033,-1,0,0,0,0,-20,0,0,"keyboard-worker","OK",1783613702234,29078,296
815,1783613702338,30233,29182,1,0,0,0,0,0,76,79,97,130,84,190.04,16,3,7,-1010,-1,0,0,0,0,-20,0,0,"keyboard-worker","OK",1783613702334,29178,298
816,1783613702402,30297,29246,1,0,0,0,0,0,76,79,97,130,84,190.26,16,22,12,-1062,-1,0,0,0,0,-20,0,0,"keyboard-worker","OK",1783613702384,29228,299
817,1783613702500,30395,29344,1,0,0,0,0,0,76,79,96,130,84,189.69,16,18,3,-970,-1,0,0,0,0,-20,-20,0,"keyboard-worker","OK",1783613702484,29328,301
818,1783613702597,30492,29441,1,0,0,0,0,0,76,79,96,130,83,189.81,16,-10,25,-1085,-1,0,0,0,0,-20,-20,0,"keyboard-worker","OK",1783613702585,29429,303
819,1783613702695,30590,29539,1,0,0,0,0,0,76,78,95,130,83,189.79,16,-6,13,-983,-1,0,0,0,0,-20,-20,0,"keyboard-worker","OK",1783613702685,29529,305
820,1783613702792,30687,29636,1,0,0,0,0,0,76,78,95,130,83,190.02,16,-17,11,-917,-1,0,0,0,0,-20,-20,0,"keyboard-worker","OK",1783613702785,29629,307
821,1783613702890,30785,29734,2,0,0,0,0,0,76,78,94,130,83,189.88,16,20,4,-963,-1,0,0,0,0,-20,-20,0,"keyboard-worker","OK",1783613702885,29729,309
822,1783613702987,30882,29831,2,0,0,0,0,1,76,78,93,130,83,190.02,16,28,0,-984,-1,0,0,0,0,0,-20,0,"keyboard-worker","OK",1783613702986,29829,311
823,1783613703085,30980,29929,2,0,0,0,0,1,76,78,93,130,83,189.93,16,0,2,-1071,-1,0,0,0,0,0,-20,0,"keyboard-worker","OK",1783613703036,29880,312
824,1783613703182,31077,30026,2,0,0,0,0,0,76,78,93,120,83,189.84,17,5,0,-1018,-1,0,0,0,0,0,-20,0,"keyboard-worker","OK",1783613703136,29980,314
825,1783613703287,31182,30131,0,0,0,-1,0,0,76,78,92,120,83,190.19,17,37,-15,-952,-1,0,0,0,0,0,-20,0,"keyboard-worker","OK",1783613703286,30130,317
826,1783613703398,31293,30242,0,0,0,0,0,0,76,78,92,120,83,189.8,17,47,-9,-996,-1,0,0,0,0,0,-20,0,"keyboard-worker","OK",1783613703386,30230,319
827,1783613703476,31371,30320,0,0,0,0,0,0,76,78,91,120,83,189.67,17,32,-11,-942,-1,0,0,0,0,0,-20,0,"keyboard-worker","OK",1783613703436,30280,320
828,1783613703573,31468,30417,1,0,0,0,0,0,76,78,90,120,83,190.29,17,22,4,-961,-1,0,0,0,0,0,-20,0,"keyboard-worker","OK",1783613703537,30381,322
829,1783613703671,31566,30515,1,0,0,0,0,1,76,79,88,120,83,189.66,17,-1,17,-941,-1,0,0,0,0,0,-20,0,"keyboard-worker","OK",1783613703637,30481,324
830,1783613703769,31664,30613,0,0,0,0,0,1,76,79,87,120,83,189.81,17,11,-1,-920,-1,0,0,0,0,0,-20,0,"keyboard-worker","OK",1783613703737,30581,326
831,1783613703867,31762,30711,0,0,0,0,0,1,76,79,86,120,83,189.71,17,5,9,-1024,-1,0,0,0,0,0,-20,0,"keyboard-worker","OK",1783613703837,30681,328
832,1783613703964,31859,30808,1,0,0,0,0,0,76,79,86,120,83,189.69,17,12,6,-1035,-1,0,0,0,0,0,-20,0,"keyboard-worker","OK",1783613703937,30781,330
833,1783613704061,31956,30905,0,0,0,0,0,1,76,79,85,120,83,189.89,17,31,-6,-1024,-1,0,0,0,0,0,-20,0,"keyboard-worker","OK",1783613704038,30882,332
834,1783613704126,32021,30970,0,0,0,0,0,0,76,79,85,120,83,189.57,18,-2,0,-1034,-1,0,0,0,0,0,-20,0,"keyboard-worker","OK",1783613704088,30932,333
835,1783613704211,32106,31055,0,0,0,0,0,0,76,79,84,120,83,189.98,18,6,-3,-976,-1,0,0,0,0,0,-20,0,"keyboard-worker","OK",1783613704188,31032,335
836,1783613704306,32201,31150,0,0,0,0,0,0,76,79,84,120,83,189.76,18,-5,13,-1021,-1,0,0,0,0,0,-20,0,"keyboard-worker","OK",1783613704288,31132,337
837,1783613704403,32298,31246,0,0,0,0,0,0,76,79,83,120,83,189.77,18,20,-4,-929,-1,0,0,0,0,0,-20,0,"keyboard-worker","OK",1783613704388,31232,339
838,1783613704500,32395,31344,1,0,0,0,0,1,76,79,83,110,82,189.82,18,3,-3,-1000,-1,0,0,0,0,0,-20,0,"keyboard-worker","OK",1783613704489,31333,341
839,1783613704646,32541,31490,1,0,0,0,0,0,76,78,83,110,82,189.68,18,31,-20,-982,-1,0,0,0,-20,0,-20,0,"keyboard-worker","OK",1783613704639,31483,344
840,1783613704751,32646,31595,1,0,0,0,0,0,76,78,83,110,82,189.77,18,8,1,-967,-1,0,0,0,-20,0,0,0,"keyboard-worker","OK",1783613704739,31583,346
841,1783613704794,32689,31638,1,0,0,0,0,0,76,78,83,110,82,189.93,18,-6,2,-1067,-1,0,0,0,-20,0,0,0,"keyboard-worker","OK",1783613704789,31633,347
842,1783613704891,32786,31735,1,-1,0,0,0,0,76,78,84,110,82,189.81,18,32,-20,-1018,-1,0,0,0,-20,0,0,0,"keyboard-worker","OK",1783613704889,31733,349
843,1783613704989,32884,31833,1,-1,0,0,0,0,76,78,85,110,82,189.78,19,21,-14,-943,-1,0,0,0,-20,0,0,0,"keyboard-worker","OK",1783613704989,31833,351
844,1783613705086,32981,31930,1,-1,0,0,0,0,76,78,86,110,82,189.77,19,19,-28,-1035,-1,0,0,0,-20,0,0,0,"keyboard-worker","OK",1783613705040,31884,352
845,1783613705184,33079,32028,1,-1,0,0,0,0,76,78,87,110,82,189.78,19,27,-20,-990,-1,0,0,0,-20,0,0,0,"keyboard-worker","OK",1783613705140,31984,354
846,1783613705281,33176,32125,1,-1,0,0,-1,0,76,78,89,120,82,189.7,19,0,-13,-1001,-1,0,0,0,-20,0,0,0,"keyboard-worker","OK",1783613705240,32084,356
847,1783613705379,33274,32223,1,-1,0,0,-1,0,76,78,90,120,82,190.11,19,-5,-9,-993,-1,0,0,0,-20,0,0,0,"keyboard-worker","OK",1783613705340,32184,358
848,1783613705477,33372,32321,0,-1,0,0,-1,0,76,78,91,120,82,189.71,19,-14,10,-985,-1,0,0,0,-20,0,0,0,"keyboard-worker","OK",1783613705440,32284,360
849,1783613705585,33480,32429,0,-1,0,0,-1,0,76,79,93,120,82,190.12,19,12,-12,-960,-1,0,0,0,-20,0,0,0,"keyboard-worker","OK",1783613705541,32385,362
850,1783613705684,33579,32528,0,-1,0,0,-1,0,76,79,94,120,82,189.98,19,8,-7,-1027,-1,0,0,0,-20,0,0,0,"keyboard-worker","OK",1783613705641,32485,364
851,1783613705773,33668,32617,0,-1,0,0,-1,0,76,79,95,120,82,189.72,19,-4,-6,-1022,-1,0,0,0,-20,0,-20,0,"keyboard-worker","OK",1783613705741,32585,366
852,1783613705868,33763,32712,0,-1,0,0,-1,0,76,79,96,120,82,189.97,19,2,-8,-859,-1,0,0,0,-20,0,-20,0,"keyboard-worker","OK",1783613705841,32685,368
853,1783613705966,33861,32810,1,-1,0,0,-1,0,76,79,96,120,82,189.75,20,3,-11,-917,-1,0,0,0,-20,0,-20,0,"keyboard-worker","OK",1783613705941,32785,370
854,1783613706063,33958,32907,1,-1,0,0,-1,0,76,79,96,120,82,189.67,20,-10,25,-1039,-1,0,0,0,0,0,-20,0,"keyboard-worker","OK",1783613706042,32886,372
855,1783613706161,34056,33005,0,-1,0,0,-1,0,76,79,95,120,82,189.99,20,8,-8,-876,-1,0,0,0,0,0,-20,0,"keyboard-worker","OK",1783613706142,32986,374
856,1783613706258,34153,33102,1,0,0,0,-1,1,76,79,94,120,82,189.66,20,28,-9,-995,-1,0,0,0,0,0,-20,0,"keyboard-worker","OK",1783613706242,33086,376
857,1783613706364,34259,33208,1,0,0,0,-1,1,76,79,93,120,82,189.92,20,20,-4,-1053,-1,0,0,0,0,0,-20,0,"keyboard-worker","OK",1783613706342,33186,378
858,1783613706453,34348,33297,1,0,0,0,-1,1,76,79,93,120,81,189.59,20,17,9,-1015,-1,0,0,0,0,0,0,0,"keyboard-worker","OK",1783613706442,33286,380
859,1783613706550,34445,33394,0,0,0,0,-1,0,76,78,93,120,81,189.75,20,-16,-1,-1034,-1,0,0,0,0,0,0,0,"keyboard-worker","OK",1783613706543,33387,382
860,1783613706648,34543,33492,0,1,0,0,-1,0,76,78,93,120,81,189.6,20,20,0,-1065,-1,0,0,0,0,-20,0,0,"keyboard-worker","OK",1783613706643,33487,384
861,1783613706745,34640,33589,0,2,0,0,0,0,76,78,93,120,81,189.87,20,4,-1,-1007,-1,0,0,0,0,-20,0,0,"keyboard-worker","OK",1783613706743,33587,386
862,1783613706843,34738,33687,1,0,0,0,0,0,76,78,93,120,81,189.89,20,19,-19,-1030,-1,0,0,0,0,-20,0,0,"keyboard-worker","OK",1783613706843,33687,388
863,1783613706941,34836,33785,1,0,0,0,0,0,76,78,93,120,81,189.94,21,-3,-12,-985,-1,0,0,0,0,-20,0,0,"keyboard-worker","OK",1783613706893,33737,389
864,1783613707047,34942,33891,2,0,0,0,0,0,76,78,94,120,81,189.7,21,31,-8,-1014,-1,0,0,0,0,-20,0,0,"keyboard-worker","OK",1783613707044,33888,392
865,1783613707139,35034,33983,2,0,0,0,0,0,76,78,94,120,81,189.55,21,7,-16,-990,-1,0,0,0,0,-20,0,0,"keyboard-worker","OK",1783613707094,33938,393
866,1783613707323,35218,34167,2,0,0,0,0,0,76,78,95,120,81,189.81,21,0,-4,-995,-1,0,0,0,0,-20,0,0,"keyboard-worker","OK",1783613707294,34138,397
867,1783613707346,35241,34190,2,0,0,0,0,0,76,78,95,120,81,189.7,21,5,0,-992,-1,0,0,0,0,-20,0,0,"keyboard-worker","OK",1783613707344,34188,398
868,1783613707428,35323,34272,2,0,0,0,0,0,76,78,95,120,81,189.88,21,27,-10,-1012,-1,0,0,0,0,-20,0,0,"keyboard-worker","OK",1783613707394,34238,399
869,1783613707527,35422,34371,2,0,0,0,0,0,76,79,96,120,81,190.06,21,11,-2,-998,-1,0,0,0,0,-20,-20,0,"keyboard-worker","OK",1783613707495,34339,401
870,1783613707623,35518,34467,2,0,0,-1,0,0,76,79,96,120,81,189.91,21,28,-11,-997,-1,0,0,0,0,-20,-20,0,"keyboard-worker","OK",1783613707595,34439,403
871,1783613707721,35616,34565,2,0,0,-1,0,0,76,79,96,120,81,189.85,21,4,10,-979,-1,0,0,0,0,-20,-20,0,"keyboard-worker","OK",1783613707695,34539,405
872,1783613707818,35713,34662,2,0,0,-1,0,0,76,79,96,120,81,189.85,21,16,0,-1000,-1,0,0,0,0,-20,-20,0,"keyboard-worker","OK",1783613707795,34639,407
873,1783613707916,35811,34760,2,0,0,-1,0,0,76,79,96,120,81,190.02,22,12,0,-1030,-1,0,0,0,0,-20,-20,0,"keyboard-worker","OK",1783613707896,34740,409
874,1783613708013,35908,34857,1,0,0,-1,0,0,76,79,96,120,81,189.79,22,35,-14,-974,-1,0,0,0,0,-20,-20,0,"keyboard-worker","OK",1783613707996,34840,411
875,1783613708087,35982,34931,1,0,0,-1,0,0,76,79,95,120,81,189.99,22,7,-4,-976,-1,0,0,0,0,-20,-20,0,"keyboard-worker","OK",1783613708046,34890,412
876,1783613708161,36056,35005,1,0,0,-1,0,0,76,79,94,120,81,189.85,22,2,-1,-1005,-1,0,0,0,0,-20,-20,0,"keyboard-worker","OK",1783613708146,34990,414
877,1783613708257,36152,35101,1,0,0,-1,0,0,76,79,93,120,81,189.69,22,8,18,-961,-1,0,0,0,0,-20,-20,0,"keyboard-worker","OK",1783613708246,35090,416
878,1783613708355,36250,35199,1,0,0,-1,0,0,76,79,92,120,80,190.09,22,40,-3,-953,-1,0,0,0,0,0,-20,0,"keyboard-worker","OK",1783613708347,35191,418
879,1783613708452,36347,35296,1,-1,0,-1,0,1,77,79,90,110,80,190.05,22,30,0,-952,-1,0,0,0,0,0,-20,0,"keyboard-worker","OK",1783613708447,35291,420
880,1783613708550,36445,35394,1,0,0,-1,0,1,77,79,89,110,80,190.11,22,26,-7,-1040,-1,0,0,0,0,0,-20,0,"keyboard-worker","OK",1783613708547,35391,422
881,1783613708648,36543,35492,0,0,0,-1,0,1,77,79,88,110,80,189.51,22,36,-4,-978,-1,0,0,0,0,0,-20,0,"keyboard-worker","OK",1783613708647,35491,424
882,1783613708745,36640,35589,1,0,0,-1,0,1,77,79,87,110,80,189.65,22,7,11,-1039,-1,0,0,0,0,-20,-20,0,"keyboard-worker","OK",1783613708697,35541,425
883,1783613708842,36737,35686,1,0,0,-1,0,1,77,79,86,110,80,189.68,23,14,4,-1039,-1,0,0,0,0,-20,-20,0,"keyboard-worker","OK",1783613708798,35642,427
884,1783613708940,36835,35784,1,0,0,-1,0,0,77,79,86,110,80,189.59,23,13,3,-962,-1,0,0,0,0,-20,-20,0,"keyboard-worker","OK",1783613708898,35742,429
885,1783613709040,36935,35884,1,0,0,-1,0,0,77,79,85,110,80,189.81,23,-10,7,-1045,-1,0,0,0,0,-20,-20,0,"keyboard-worker","OK",1783613708998,35842,431
886,1783613709135,37030,35979,1,0,0,-1,0,0,77,79,85,110,80,189.53,23,24,2,-941,-1,0,0,0,0,0,0,0,"keyboard-worker","OK",1783613709098,35942,433
887,1783613709233,37128,36077,1,0,0,-1,0,0,77,79,84,110,80,189.82,23,14,0,-1005,-1,0,0,0,-20,0,0,0,"keyboard-worker","OK",1783613709199,36043,435
888,1783613709330,37225,36174,0,0,0,-1,0,0,77,79,84,110,80,189.72,23,25,-2,-1032,-1,0,0,0,-20,0,0,0,"keyboard-worker","OK",1783613709299,36143,437
889,1783613709428,37323,36272,0,-1,0,-1,0,0,77,78,84,110,80,189.6,23,1,21,-1049,-1,0,0,0,-20,0,-20,0,"keyboard-worker","OK",1783613709399,36243,439
890,1783613709525,37420,36369,0,-2,0,-1,0,0,77,78,85,110,80,189.69,23,8,17,-1045,-1,0,0,0,-20,0,-20,0,"keyboard-worker","OK",1783613709499,36343,441
891,1783613709636,37531,36480,0,-2,0,0,0,0,77,78,85,110,80,189.76,23,-3,9,-1005,-1,0,0,0,-20,0,-20,0,"keyboard-worker","OK",1783613709600,36443,443
892,1783613709736,37631,36580,0,-2,0,0,0,0,77,78,85,110,80,189.66,23,15,16,-1046,-1,0,0,0,-20,0,-20,0,"keyboard-worker","OK",1783613709700,36544,445
893,1783613709874,37769,36718,0,-2,0,0,0,0,77,78,85,110,80,189.84,24,-13,22,-1029,-1,0,0,0,-20,0,-20,0,"keyboard-worker","OK",1783613709850,36694,448
894,1783613709948,37843,36792,0,-2,0,0,0,0,77,78,84,110,80,189.9,24,23,21,-939,-1,0,0,0,-20,0,-20,0,"keyboard-worker","OK",1783613709900,36744,449
895,1783613710016,37911,36860,0,-2,0,0,0,0,77,78,82,110,80,189.72,24,14,18,-1028,-1,0,0,0,-20,0,-20,0,"keyboard-worker","OK",1783613710000,36844,451
896,1783613710110,38005,36954,1,-2,0,0,0,0,77,78,81,110,80,189.88,24,-30,28,-1011,-1,0,0,0,-20,0,0,0,"keyboard-worker","OK",1783613710101,36945,453
897,1783613710194,38089,37038,0,-2,0,0,0,0,77,78,79,100,80,189.6,24,25,14,-955,-1,0,0,0,-20,0,0,0,"keyboard-worker","OK",1783613710151,36995,454
898,1783613710288,38183,37132,0,-2,0,0,-1,1,77,78,77,100,79,189.54,24,10,-1,-995,-1,0,0,0,-20,0,0,0,"keyboard-worker","OK",1783613710251,37095,456
899,1783613710383,38278,37227,0,-1,0,0,-1,1,76,78,75,100,79,189.84,24,5,7,-947,-1,0,0,0,-20,0,0,0,"keyboard-worker","OK",1783613710351,37195,458
900,1783613710478,38373,37322,0,-1,0,0,-1,1,76,78,73,100,79,189.57,24,16,10,-995,-1,0,0,0,-20,0,0,0,"keyboard-worker","OK",1783613710452,37295,460
901,1783613710572,38467,37416,0,-1,0,0,-1,0,76,78,72,100,79,189.86,24,22,16,-1084,-1,0,0,0,-20,0,0,0,"keyboard-worker","OK",1783613710552,37396,462
902,1783613710667,38562,37511,0,-1,0,0,-1,0,76,78,71,100,79,189.56,24,10,24,-1017,-1,0,0,0,-20,0,0,0,"keyboard-worker","OK",1783613710652,37496,464
903,1783613710801,38696,37645,0,-1,0,0,-1,0,76,78,70,100,79,189.52,25,14,25,-1037,-1,0,0,0,0,0,0,0,"keyboard-worker","OK",1783613710752,37596,466
904,1783613710857,38752,37701,0,-1,0,0,-1,0,76,78,70,90,79,189.58,25,9,21,-1024,-1,0,0,0,0,0,0,0,"keyboard-worker","OK",1783613710852,37696,468
905,1783613710981,38876,37825,0,-1,0,0,-1,0,76,78,70,90,79,189.83,25,-13,17,-1019,-1,0,0,0,-20,0,0,0,"keyboard-worker","OK",1783613710952,37796,470
906,1783613711046,38941,37890,0,0,0,0,-1,0,76,78,69,90,79,189.83,25,-18,20,-1006,-1,0,0,0,-20,0,0,0,"keyboard-worker","OK",1783613711003,37846,471
907,1783613711141,39036,37985,0,0,0,0,-1,0,76,78,68,90,79,189.49,25,-21,15,-1010,-1,0,0,0,-20,0,0,0,"keyboard-worker","OK",1783613711103,37947,473
908,1783613711244,39139,38088,0,0,0,0,-1,0,76,78,68,90,79,189.69,25,15,14,-1042,-1,0,0,0,-20,0,0,0,"keyboard-worker","OK",1783613711203,38047,475
909,1783613711347,39242,38191,0,-1,0,0,-1,0,76,78,68,90,79,190.05,25,-22,21,-1018,-1,0,0,0,-20,0,0,0,"keyboard-worker","OK",1783613711303,38147,477
910,1783613711952,39847,38796,0,-1,0,0,-1,0,76,78,68,90,79,189.93,25,-29,20,-988,-1,0,0,0,0,0,0,0,"keyboard-worker","OK",1783613711905,38749,489
911,1783613711964,39859,38808,0,-1,0,0,-1,0,76,78,68,90,79,189.71,25,-27,11,-997,-1,0,0,0,0,0,0,0,"keyboard-worker","OK",1783613711955,38799,490
912,1783613711979,39874,38823,0,-1,0,0,-1,0,76,78,69,90,79,189.86,25,-22,40,-975,-1,0,0,0,0,0,0,0,"keyboard-worker","OK",1783613711955,38799,490
913,1783613711985,39880,38829,0,-1,0,0,-1,0,76,78,69,90,79,189.57,26,19,-5,-1022,-1,0,0,0,0,0,0,0,"keyboard-worker","OK",1783613711955,38799,490
914,1783613711986,39881,38830,0,-1,0,0,-1,0,76,78,69,90,79,189.98,26,-5,2,-1032,-1,0,0,0,0,0,0,0,"keyboard-worker","OK",1783613711955,38799,490
915,1783613711990,39885,38834,0,-1,0,0,-1,0,76,78,70,90,79,189.68,26,21,-5,-959,-1,0,0,0,0,0,0,0,"keyboard-worker","OK",1783613711955,38799,490
916,1783613711995,39890,38839,0,-1,0,0,-1,0,76,78,70,90,79,189.47,26,-6,24,-978,-1,0,0,0,0,0,0,0,"keyboard-worker","OK",1783613711955,38799,490
917,1783613712098,39993,38942,0,-1,0,0,-1,0,76,78,71,90,78,189.75,26,-16,28,-1051,-1,0,0,0,0,0,0,0,"keyboard-worker","OK",1783613712055,38899,492
918,1783613712181,40076,39025,0,-1,0,0,-1,0,76,78,71,90,78,189.65,26,-7,7,-962,-1,0,0,0,-20,0,0,0,"keyboard-worker","OK",1783613712155,38999,494
919,1783613712262,40157,39106,0,-1,0,0,-1,0,76,79,72,90,78,189.72,26,-24,31,-1034,-1,0,0,0,-20,0,0,0,"keyboard-worker","OK",1783613712255,39099,496
920,1783613712356,40251,39200,0,-1,0,0,-1,0,76,79,73,90,78,189.57,26,-22,10,-981,-1,0,0,0,-20,0,0,0,"keyboard-worker","OK",1783613712356,39200,498
921,1783613712455,40350,39299,0,-1,0,0,-1,0,76,79,72,100,78,189.78,26,-6,6,-969,-1,0,0,0,-20,0,0,0,"keyboard-worker","OK",1783613712406,39250,499
922,1783613712545,40440,39389,0,-1,0,0,-1,0,76,79,72,100,78,189.78,26,-35,16,-987,-1,0,0,0,-20,0,-20,0,"keyboard-worker","OK",1783613712506,39350,501
923,1783613712640,40535,39484,0,-1,0,0,-1,0,76,79,72,100,78,189.39,27,-26,18,-1035,-1,0,0,0,0,-20,-20,0,"keyboard-worker","OK",1783613712606,39450,503
924,1783613712692,40587,39536,0,-1,0,0,-1,0,76,79,72,100,78,189.61,27,5,30,-954,-1,0,0,0,0,-20,0,0,"keyboard-worker","OK",1783613712656,39500,504
925,1783613712789,40684,39633,0,-1,0,0,-1,0,76,79,71,100,78,189.69,27,-17,24,-974,-1,0,0,0,0,-20,0,0,"keyboard-worker","OK",1783613712757,39601,506
926,1783613712878,40773,39722,1,0,0,0,-1,0,76,79,70,90,78,189.75,27,-19,40,-1032,-1,0,0,0,0,-20,0,0,"keyboard-worker","OK",1783613712857,39701,508
927,1783613712973,40868,39817,1,0,0,0,0,0,76,79,69,90,78,189.73,27,-10,24,-983,-1,0,0,0,0,-20,0,0,"keyboard-worker","OK",1783613712957,39801,510
928,1783613713067,40962,39911,1,0,0,0,0,0,76,79,69,90,78,189.85,27,23,6,-995,-1,0,0,0,0,-20,0,0,"keyboard-worker","OK",1783613713057,39901,512
929,1783613713162,41057,40006,2,0,0,0,0,0,76,79,67,90,78,189.6,27,-4,19,-1023,-1,0,0,0,0,-20,0,0,"keyboard-worker","OK",1783613713158,40002,514
930,1783613713285,41180,40129,2,0,0,0,0,0,76,79,67,90,78,189.32,27,5,20,-1034,-1,0,0,0,0,-20,0,0,"keyboard-worker","OK",1783613713258,40102,516
931,1783613713351,41246,40195,1,0,0,0,0,0,76,79,66,90,78,189.43,27,18,-7,-975,-1,0,0,0,0,-20,0,0,"keyboard-worker","OK",1783613713308,40152,517
932,1783613713446,41341,40290,1,0,0,-1,0,0,76,79,66,90,78,189.6,27,3,4,-996,-1,0,0,0,0,-20,0,0,"keyboard-worker","OK",1783613713408,40252,519
933,1783613713540,41435,40384,1,0,0,-1,0,0,76,79,66,90,78,189.87,28,22,1,-996,-1,0,0,0,0,-20,0,0,"keyboard-worker","OK",1783613713508,40352,521
934,1783613713635,41530,40479,1,0,0,-1,0,0,76,79,67,90,78,189.55,28,2,-1,-1075,-1,0,0,0,0,-20,0,0,"keyboard-worker","OK",1783613713609,40453,523
935,1783613713730,41625,40574,1,0,0,-1,0,0,76,79,67,90,78,189.66,28,-5,5,-1021,-1,0,0,0,0,-20,0,0,"keyboard-worker","OK",1783613713709,40553,525
936,1783613713825,41720,40668,1,0,0,-1,0,0,76,79,68,90,78,189.69,28,-8,1,-973,-1,0,0,0,0,-20,0,0,"keyboard-worker","OK",1783613713809,40653,527
937,1783613713919,41814,40763,1,0,0,-1,0,0,76,79,69,90,77,189.55,28,0,19,-978,-1,0,0,0,0,-20,0,0,"keyboard-worker","OK",1783613713909,40753,529
938,1783613714014,41909,40858,0,0,0,-1,0,0,76,79,70,90,77,189.66,28,26,8,-1013,-1,0,0,0,0,-20,0,0,"keyboard-worker","OK",1783613714009,40853,531
939,1783613714109,42004,40953,0,-1,0,-1,0,0,77,80,71,90,77,190.04,28,17,3,-1008,-1,0,0,0,0,-20,0,0,"keyboard-worker","OK",1783613714060,40904,532
940,1783613714275,42170,41119,0,-1,0,-1,0,0,77,80,73,90,77,189.57,28,-10,10,-981,-1,0,0,0,0,-20,0,0,"keyboard-worker","OK",1783613714260,41104,536
941,1783613714298,42193,41142,0,0,0,-1,0,0,77,80,73,90,77,189.37,28,-19,5,-976,-1,0,0,0,0,-20,0,0,"keyboard-worker","OK",1783613714260,41104,536
942,1783613714399,42294,41243,0,0,0,-1,0,0,77,80,74,90,77,189.47,28,-14,5,-986,-1,0,0,0,0,-20,0,0,"keyboard-worker","OK",1783613714360,41204,538
943,1783613714496,42391,41340,0,0,0,-1,0,0,77,80,75,90,77,189.78,29,18,1,-985,-1,0,0,0,0,-20,0,0,"keyboard-worker","OK",1783613714460,41304,540
944,1783613714738,42633,41582,0,0,0,-1,0,0,77,80,75,100,77,189.71,29,0,12,-1006,-1,0,0,0,0,-20,0,0,"keyboard-worker","OK",1783613714711,41555,545
945,1783613714784,42679,41628,1,-1,0,-1,0,0,77,80,76,100,77,189.7,29,-12,8,-984,-1,0,0,0,0,-20,0,0,"keyboard-worker","OK",1783613714761,41605,546
946,1783613714845,42740,41688,0,-1,0,-1,0,0,77,80,76,100,77,189.64,29,18,9,-1006,-1,0,0,0,0,-20,0,0,"keyboard-worker","OK",1783613714811,41655,547
947,1783613714910,42805,41754,0,-1,0,-1,0,0,77,80,77,100,77,189.75,29,-4,10,-994,-1,0,0,0,0,-20,0,0,"keyboard-worker","OK",1783613714861,41705,548
948,1783613714976,42871,41820,0,-1,0,-1,0,0,77,80,77,100,77,189.85,29,-18,4,-973,-1,0,0,0,0,-20,0,0,"keyboard-worker","OK",1783613714961,41805,550
949,1783613715070,42965,41914,0,-1,0,-1,0,0,76,79,78,100,77,189.69,29,-7,24,-983,-1,0,0,0,0,-20,0,0,"keyboard-worker","OK",1783613715062,41906,552
950,1783613715170,43065,42014,0,-1,0,-1,0,0,76,79,78,100,77,189.52,29,3,22,-982,-1,0,0,0,0,-20,0,0,"keyboard-worker","OK",1783613715162,42006,554
951,1783613715268,43163,42112,0,-1,0,-1,0,0,76,79,78,100,77,189.85,29,-18,13,-982,-1,0,0,0,0,-20,0,0,"keyboard-worker","OK",1783613715262,42106,556
952,1783613715360,43255,42204,0,-1,0,-1,0,0,76,79,78,100,77,189.56,29,-11,19,-966,-1,0,0,0,0,-20,0,0,"keyboard-worker","OK",1783613715312,42156,557
953,1783613715452,43347,42296,0,-1,0,-1,0,0,76,79,78,100,77,189.62,30,-8,11,-965,-1,0,0,0,0,-20,0,0,"keyboard-worker","OK",1783613715412,42256,559
954,1783613715497,43392,42341,1,-1,0,-1,0,0,76,79,78,100,77,189.64,30,22,7,-995,-1,0,0,0,0,0,0,0,"keyboard-worker","OK",1783613715462,42306,560
955,1783613715591,43486,42435,1,-1,0,-1,0,0,76,79,77,100,77,189.85,30,26,10,-1036,-1,0,0,0,0,0,0,0,"keyboard-worker","OK",1783613715563,42406,562
956,1783613715686,43581,42530,0,-1,0,-1,0,0,76,79,77,100,77,189.8,30,8,4,-1010,-1,0,0,0,0,0,0,0,"keyboard-worker","OK",1783613715663,42507,564
957,1783613715781,43676,42625,0,-1,0,-1,0,0,76,79,77,100,76,189.66,30,1,12,-1001,-1,0,0,0,0,0,0,0,"keyboard-worker","OK",1783613715763,42607,566
958,1783613715888,43783,42732,0,-1,0,-1,0,0,76,79,76,100,76,189.65,30,-10,24,-974,-1,0,0,0,0,0,0,0,"keyboard-worker","OK",1783613715863,42707,568
959,1783613715977,43872,42821,0,-1,0,-1,0,0,76,79,76,100,76,189.78,30,-2,9,-990,-1,0,0,0,0,0,0,0,"keyboard-worker","OK",1783613715963,42807,570
960,1783613716065,43960,42909,0,-1,0,-1,0,0,76,79,76,100,76,189.55,30,-12,17,-991,-1,0,0,0,0,0,0,0,"keyboard-worker","OK",1783613716064,42908,572
961,1783613716162,44057,43006,-1,-1,0,-1,0,0,76,79,75,100,76,189.73,30,23,13,-996,-1,0,0,0,0,0,0,0,"keyboard-worker","OK",1783613716114,42958,573
962,1783613716256,44151,43100,-2,-1,0,0,0,0,76,79,75,100,76,189.64,30,1,8,-1016,-1,0,0,0,0,0,0,0,"keyboard-worker","OK",1783613716214,43058,575
963,1783613716355,44250,43199,0,-1,0,0,0,0,76,79,75,100,76,189.88,31,-19,12,-1006,-1,0,0,0,0,0,0,0,"keyboard-worker","OK",1783613716314,43158,577
964,1783613716454,44349,43298,0,-1,0,0,0,0,76,79,75,100,76,190,31,-11,2,-993,-1,0,0,0,0,0,0,0,"keyboard-worker","OK",1783613716414,43258,579
965,1783613716594,44489,43438,0,-1,0,0,0,0,76,79,75,100,76,189.93,31,-23,14,-991,-1,0,0,0,0,0,0,0,"keyboard-worker","OK",1783613716565,43409,582
966,1783613716652,44547,43496,0,-1,0,0,0,0,76,79,74,100,76,189.55,31,-26,18,-984,-1,0,0,0,0,0,0,0,"keyboard-worker","OK",1783613716615,43459,583
967,1783613716751,44646,43595,0,-1,0,0,0,0,76,79,75,100,76,189.69,31,0,15,-972,-1,0,0,0,0,0,0,0,"keyboard-worker","OK",1783613716715,43559,585
968,1783613716851,44746,43695,0,0,0,0,0,0,76,79,74,100,76,189.63,31,-1,0,-1021,-1,0,0,0,0,0,0,0,"keyboard-worker","OK",1783613716815,43659,587
969,1783613716950,44845,43794,0,0,0,0,0,0,76,79,74,100,76,189.91,31,-11,1,-1004,-1,0,0,0,0,0,0,0,"keyboard-worker","OK",1783613716916,43760,589
970,1783613717049,44944,43893,0,0,0,0,0,0,76,79,74,100,76,189.84,31,6,5,-1009,-1,0,0,0,0,0,0,0,"keyboard-worker","OK",1783613717016,43860,591
971,1783613717148,45043,43992,0,0,0,0,0,0,76,79,74,100,76,190.03,31,0,-5,-1039,-1,0,0,0,0,0,0,0,"keyboard-worker","OK",1783613717116,43960,593
972,1783613717278,45173,44122,0,0,0,0,0,0,76,79,74,100,76,189.68,31,18,-16,-925,-1,0,0,0,0,0,0,0,"keyboard-worker","OK",1783613717266,44110,596
973,1783613717347,45242,44191,0,0,0,0,0,0,76,79,74,100,76,189.59,32,-35,23,-1046,-1,0,0,0,0,0,0,0,"keyboard-worker","OK",1783613717316,44160,597
974,1783613717448,45343,44292,0,0,0,0,0,0,76,79,74,100,76,189.84,32,-11,6,-1042,-1,0,0,0,0,0,0,0,"keyboard-worker","OK",1783613717417,44261,599
975,1783613717552,45447,44396,0,0,0,0,0,0,76,79,74,100,76,189.78,32,-8,0,-984,-1,0,0,0,0,0,0,0,"keyboard-worker","OK",1783613717517,44361,601
976,1783613717651,45546,44495,0,0,0,0,0,0,76,79,75,100,76,189.49,32,-36,0,-960,-1,0,0,0,0,0,0,0,"keyboard-worker","OK",1783613717617,44461,603
977,1783613717746,45641,44590,0,0,0,0,0,0,76,79,75,100,75,189.68,32,6,7,-1007,-1,0,0,0,0,0,0,0,"keyboard-worker","OK",1783613717717,44561,605
978,1783613717846,45741,44690,0,0,0,0,0,0,76,79,75,100,75,189.46,32,0,16,-1010,-1,0,0,0,0,0,0,0,"keyboard-worker","OK",1783613717818,44661,607
979,1783613717942,45837,44786,0,0,0,0,0,0,76,79,74,100,75,189.66,32,8,2,-963,-1,0,0,0,0,0,0,0,"keyboard-worker","OK",1783613717918,44762,609
980,1783613718041,45936,44885,0,0,0,0,0,0,76,79,73,100,75,189.66,32,19,18,-1018,-1,0,0,0,0,0,0,0,"keyboard-worker","OK",1783613718018,44862,611
981,1783613718143,46038,44987,0,-1,0,0,0,0,76,79,73,100,75,189.54,32,-29,3,-956,-1,0,0,0,0,0,0,0,"keyboard-worker","OK",1783613718118,44962,613
982,1783613718240,46135,45084,0,-1,0,0,0,0,76,79,72,100,75,189.62,32,-29,28,-1012,-1,0,0,0,0,0,0,0,"keyboard-worker","OK",1783613718219,45062,615
983,1783613718345,46240,45189,0,0,0,0,0,0,76,79,71,100,75,189.69,33,-9,8,-964,-1,0,0,0,0,0,0,0,"keyboard-worker","OK",1783613718319,45163,617
984,1783613718440,46335,45284,0,0,0,0,0,0,76,79,70,90,75,189.85,33,14,0,-980,-1,0,0,0,0,0,0,0,"keyboard-worker","OK",1783613718419,45263,619
985,1783613718493,46388,45337,0,0,0,0,0,0,76,79,70,90,75,189.92,33,-8,0,-1049,-1,0,0,0,0,0,0,0,"keyboard-worker","OK",1783613718469,45313,620
986,1783613718593,46488,45437,0,0,0,0,0,0,76,79,70,90,75,189.66,33,-11,7,-988,-1,0,0,0,0,0,0,0,"keyboard-worker","OK",1783613718569,45413,622
987,1783613718690,46585,45534,0,0,0,0,0,0,76,79,69,90,75,189.78,33,-30,23,-1029,-1,0,0,0,0,0,0,0,"keyboard-worker","OK",1783613718670,45514,624
988,1783613718785,46680,45629,0,0,0,0,0,0,76,79,69,90,75,189.79,33,7,-10,-988,-1,0,0,0,0,0,0,0,"keyboard-worker","OK",1783613718770,45614,626
989,1783613718934,46829,45778,0,0,0,0,0,0,77,79,69,90,75,189.5,33,3,10,-977,-1,0,0,0,0,0,0,0,"keyboard-worker","OK",1783613718920,45764,629
990,1783613719034,46929,45878,0,0,0,0,0,0,77,79,70,90,75,189.79,33,-33,29,-1045,-1,0,0,0,0,0,0,0,"keyboard-worker","OK",1783613719020,45864,631
991,1783613719139,47034,45983,0,-1,0,0,0,0,77,79,70,90,75,189.52,33,-17,15,-1072,-1,0,0,0,0,0,0,0,"keyboard-worker","OK",1783613719121,45965,633
992,1783613719183,47078,46027,0,-1,0,0,0,0,77,79,71,90,75,189.49,34,-1,8,-972,-1,0,0,0,0,0,0,0,"keyboard-worker","OK",1783613719171,46015,634
993,1783613719283,47178,46127,0,-1,0,0,0,0,77,79,71,90,75,189.91,34,2,3,-955,-1,0,0,0,0,0,0,0,"keyboard-worker","OK",1783613719271,46115,636
994,1783613719382,47277,46226,0,-1,0,0,0,0,77,79,72,90,75,189.36,34,2,3,-988,-1,0,0,0,0,0,0,0,"keyboard-worker","OK",1783613719371,46215,638
995,1783613719521,47416,46365,0,0,0,0,0,0,77,79,72,90,75,189.74,34,11,6,-1020,-1,0,0,0,0,0,0,0,"keyboard-worker","OK",1783613719471,46315,640
996,1783613719598,47493,46442,0,0,0,0,0,0,77,79,72,90,75,189.69,34,11,-2,-1015,-1,0,0,0,0,0,0,0,"keyboard-worker","OK",1783613719572,46416,642
997,1783613719680,47575,46524,0,0,0,0,0,0,77,79,72,90,74,189.51,34,11,11,-1004,-1,0,0,0,0,0,0,0,"keyboard-worker","OK",1783613719672,46516,644
998,1783613719779,47674,46623,0,0,0,0,0,0,77,79,73,90,74,189.78,34,-1,5,-986,-1,0,0,0,0,0,0,0,"keyboard-worker","OK",1783613719772,46616,646
999,1783613719878,47773,46722,0,0,0,0,0,0,76,79,73,90,74,189.91,34,-21,1,-978,-1,0,0,0,0,0,0,0,"keyboard-worker","OK",1783613719872,46716,648
1000,1783613719981,47876,46825,0,0,0,0,0,0,76,79,73,100,74,189.64,34,6,0,-1003,-1,0,0,0,0,0,0,0,"keyboard-worker","OK",1783613719973,46817,650
1001,1783613720080,47975,46924,0,0,0,0,0,0,76,79,74,100,74,190.03,34,-17,4,-1007,-1,0,0,0,0,0,0,0,"keyboard-worker","OK",1783613720073,46917,652
1002,1783613720178,48073,47022,0,0,0,0,0,0,76,79,74,100,74,189.71,35,2,0,-996,-1,0,0,0,0,0,0,0,"keyboard-worker","OK",1783613720173,47017,654
1003,1783613720275,48170,47119,0,0,0,0,0,0,76,79,74,100,74,189.67,35,-13,3,-991,-1,0,0,0,0,0,0,0,"keyboard-worker","OK",1783613720273,47117,656
1004,1783613720374,48269,47218,0,0,0,0,0,0,76,79,74,100,74,189.64,35,1,-11,-996,-1,0,0,0,0,0,0,0,"keyboard-worker","OK",1783613720374,47217,658
1005,1783613720473,48368,47317,0,0,0,0,0,0,76,79,74,100,74,189.59,35,-31,0,-985,-1,0,0,0,0,0,0,0,"keyboard-worker","OK",1783613720424,47268,659
1006,1783613720573,48468,47417,0,0,0,0,0,0,76,79,74,100,74,189.63,35,17,5,-1018,-1,0,0,0,0,0,0,0,"keyboard-worker","OK",1783613720524,47368,661
1007,1783613720673,48568,47517,0,0,0,0,0,0,76,79,74,100,74,189.71,35,-9,2,-988,-1,0,0,0,0,0,0,0,"keyboard-worker","OK",1783613720624,47468,663
1008,1783613720771,48666,47615,0,0,0,0,0,0,76,79,74,100,74,189.74,35,-18,-1,-989,-1,0,0,0,0,0,0,0,"keyboard-worker","OK",1783613720724,47568,665
1009,1783613720870,48765,47714,0,0,0,0,0,0,76,78,75,100,74,189.86,35,-27,6,-996,-1,0,0,0,0,0,0,0,"keyboard-worker","OK",1783613720825,47669,667
1010,1783613720970,48865,47814,0,0,0,0,0,0,76,78,75,100,74,189.9,35,-8,6,-1006,-1,0,0,0,0,0,0,0,"keyboard-worker","OK",1783613720925,47769,669
1011,1783613721069,48964,47913,0,0,0,0,0,0,76,78,75,100,74,189.42,35,-15,4,-996,-1,0,0,0,0,0,0,0,"keyboard-worker","OK",1783613721025,47869,671
1012,1783613721168,49063,48012,0,0,0,0,0,0,76,78,75,100,74,189.73,36,-15,3,-993,-1,0,0,0,0,0,0,0,"keyboard-worker","OK",1783613721125,47969,673
1013,1783613721267,49162,48111,0,0,0,0,0,0,76,78,75,100,74,189.98,36,-17,2,-1000,-1,0,0,0,0,0,0,0,"keyboard-worker","OK",1783613721226,48070,675
1014,1783613721367,49262,48210,0,0,0,0,0,0,76,78,75,100,74,189.69,36,0,3,-957,-1,0,0,0,0,0,0,0,"keyboard-worker","OK",1783613721326,48170,677
1015,1783613721508,49403,48352,0,0,0,0,0,0,76,78,75,100,74,189.94,36,-2,-2,-1020,-1,0,0,0,0,0,0,0,"keyboard-worker","OK",1783613721476,48320,680
1016,1783613721565,49460,48409,0,0,0,0,0,0,76,78,75,100,74,189.78,36,-13,1,-996,-1,0,0,0,0,0,0,0,"keyboard-worker","OK",1783613721526,48370,681
1017,1783613721668,49563,48512,0,0,0,0,0,0,76,78,75,100,74,189.73,36,8,9,-999,-1,0,0,0,0,0,0,0,"keyboard-worker","OK",1783613721627,48471,683
1018,1783613721767,49662,48611,0,0,0,0,0,0,76,78,74,100,74,189.92,36,3,3,-984,-1,0,0,0,0,0,0,0,"keyboard-worker","OK",1783613721727,48571,685
1019,1783613721865,49760,48708,0,0,0,0,0,0,76,79,74,100,74,189.84,36,1,-5,-1025,-1,0,0,0,0,0,0,0,"keyboard-worker","OK",1783613721827,48671,687
1020,1783613721962,49857,48806,0,0,0,0,0,0,76,79,74,100,74,189.95,36,3,-6,-1037,-1,0,0,0,0,0,0,0,"keyboard-worker","OK",1783613721927,48771,689
1021,1783613722061,49956,48905,0,0,0,0,0,0,76,79,74,100,74,189.92,36,-11,1,-1015,-1,0,0,0,0,0,0,0,"keyboard-worker","OK",1783613722028,48872,691
1022,1783613722161,50056,49005,0,0,0,0,0,0,76,79,73,100,74,189.67,37,-14,2,-1010,-1,0,0,0,0,0,0,0,"keyboard-worker","OK",1783613722128,48972,693
1023,1783613722260,50155,49104,0,0,0,0,0,0,76,79,73,100,74,189.78,37,13,8,-984,-1,0,0,0,0,0,0,0,"keyboard-worker","OK",1783613722228,49072,695
1024,1783613722359,50254,49203,0,0,0,0,0,0,76,79,73,100,74,189.73,37,-20,4,-1025,-1,0,0,0,0,0,0,0,"keyboard-worker","OK",1783613722328,49172,697
1025,1783613722458,50353,49302,0,0,0,0,0,0,76,79,73,100,74,189.88,37,14,3,-968,-1,0,0,0,0,0,0,0,"keyboard-worker","OK",1783613722429,49273,699
1026,1783613722595,50490,49439,0,0,0,0,0,0,76,79,73,100,74,189.55,37,-28,16,-1020,-1,0,0,0,0,0,0,0,"keyboard-worker","OK",1783613722579,49423,702
1027,1783613722657,50552,49501,0,0,0,0,0,0,76,79,73,100,74,189.76,37,-25,21,-1033,-1,0,0,0,0,0,0,0,"keyboard-worker","OK",1783613722629,49473,703
1028,1783613722708,50603,49552,0,0,0,0,0,0,76,79,73,100,74,189.67,37,11,15,-989,-1,0,0,0,0,0,0,0,"keyboard-worker","OK",1783613722679,49523,704
1029,1783613722855,50750,49699,0,-1,0,0,0,0,77,79,72,100,74,189.56,37,26,23,-1018,-1,0,0,0,0,0,0,0,"keyboard-worker","OK",1783613722830,49674,707
1030,1783613722954,50849,49798,0,-1,0,0,0,0,77,79,71,100,74,189.52,37,-12,17,-991,-1,0,0,0,0,0,0,0,"keyboard-worker","OK",1783613722930,49774,709
1031,1783613723004,50899,49848,0,0,0,0,0,0,77,79,70,100,74,189.47,37,2,11,-978,-1,0,0,0,0,0,0,0,"keyboard-worker","OK",1783613722980,49824,710
1032,1783613723104,50999,49948,0,0,0,0,0,0,77,79,68,90,74,189.59,38,-3,19,-980,-1,0,0,0,0,0,0,0,"keyboard-worker","OK",1783613723080,49924,712
1033,1783613723203,51098,50046,0,0,0,0,0,0,77,79,67,90,74,189.39,38,10,-4,-987,-1,0,0,0,0,0,0,0,"keyboard-worker","OK",1783613723180,50024,714
1034,1783613723302,51197,50146,0,0,0,0,0,0,77,79,66,90,74,189.7,38,11,7,-989,-1,0,0,0,0,0,0,0,"keyboard-worker","OK",1783613723281,50125,716
1035,1783613723401,51296,50245,0,0,0,0,0,0,77,79,65,90,74,189.63,38,-30,42,-1041,-1,0,0,0,0,0,0,0,"keyboard-worker","OK",1783613723381,50225,718
1036,1783613723511,51406,50355,0,0,0,0,0,0,77,79,65,90,74,189.77,38,-25,20,-1079,-1,0,0,0,0,0,0,0,"keyboard-worker","OK",1783613723481,50325,720
1037,1783613723599,51494,50443,0,0,0,0,0,0,77,79,65,90,73,189.48,38,15,26,-1054,-1,0,0,0,0,0,0,0,"keyboard-worker","OK",1783613723582,50426,722
1038,1783613723699,51594,50543,0,-1,0,0,0,0,77,79,65,90,73,189.8,38,-5,7,-1044,-1,0,0,0,0,0,0,0,"keyboard-worker","OK",1783613723682,50526,724
1039,1783613723798,51693,50642,0,-1,0,0,0,0,76,79,64,90,73,189.6,38,-26,13,-1005,-1,0,0,0,0,0,0,0,"keyboard-worker","OK",1783613723782,50626,726
1040,1783613723898,51793,50742,0,-1,0,0,0,0,76,79,64,90,73,189.36,38,-3,1,-965,-1,0,0,0,0,0,0,0,"keyboard-worker","OK",1783613723882,50726,728
1041,1783613723999,51894,50843,0,0,0,0,0,0,76,79,63,90,73,189.67,38,-7,8,-1025,-1,0,0,0,0,0,0,0,"keyboard-worker","OK",1783613723982,50826,730
1042,1783613724100,51995,50944,0,0,0,0,0,0,76,79,63,90,73,189.54,39,-22,15,-1030,-1,0,0,0,0,0,0,0,"keyboard-worker","OK",1783613724083,50927,732
1043,1783613724198,52093,51042,0,0,0,0,0,0,76,79,62,90,73,189.74,39,-22,26,-1031,-1,0,0,0,0,0,0,0,"keyboard-worker","OK",1783613724183,51027,734
1044,1783613724303,52198,51147,0,0,0,0,0,0,76,79,62,90,73,189.52,39,-13,29,-972,-1,0,0,0,0,0,0,0,"keyboard-worker","OK",1783613724283,51127,736
1045,1783613724400,52295,51244,0,0,0,0,0,0,76,79,61,90,73,189.62,39,-7,22,-1010,-1,0,0,0,0,0,0,0,"keyboard-worker","OK",1783613724383,51227,738
1046,1783613724495,52390,51339,0,0,0,0,0,0,76,79,61,90,73,189.65,39,0,-2,-971,-1,0,0,0,0,0,0,0,"keyboard-worker","OK",1783613724484,51328,740
1047,1783613724593,52488,51436,0,0,0,0,0,0,76,79,60,90,73,189.64,39,-20,23,-1053,-1,0,0,0,0,0,0,0,"keyboard-worker","OK",1783613724584,51428,742
1048,1783613724691,52586,51535,0,0,0,0,0,0,76,79,60,90,73,189.65,39,-1,17,-985,-1,0,0,0,0,0,0,0,"keyboard-worker","OK",1783613724684,51528,744
1049,1783613724790,52685,51634,0,0,0,0,0,0,76,79,60,90,73,189.33,39,-14,18,-1001,-1,0,0,0,0,0,0,0,"keyboard-worker","OK",1783613724784,51628,746
1050,1783613724890,52785,51734,0,0,0,0,0,0,76,79,60,90,73,189.62,39,-3,-6,-999,-1,0,0,0,0,0,0,0,"keyboard-worker","OK",1783613724885,51729,748
1051,1783613724989,52884,51833,0,0,0,0,0,0,76,79,60,90,73,189.33,39,16,-5,-984,-1,0,0,0,0,0,0,0,"keyboard-worker","OK",1783613724985,51829,750
1052,1783613725088,52983,51932,0,0,0,0,0,0,76,79,61,90,73,189.49,40,-15,1,-980,-1,0,0,0,0,0,0,0,"keyboard-worker","OK",1783613725085,51929,752
1053,1783613725187,53082,52031,0,0,0,0,0,0,76,79,61,90,73,189.61,40,21,5,-999,-1,0,0,0,0,0,0,0,"keyboard-worker","OK",1783613725185,52029,754
1054,1783613725305,53200,52149,0,0,0,0,0,0,76,79,61,90,73,189.43,40,19,12,-1034,-1,0,0,0,0,0,0,0,"keyboard-worker","OK",1783613725286,52130,756
1055,1783613725386,53281,52230,0,0,0,0,0,0,76,79,62,90,73,189.52,40,0,22,-1017,-1,0,0,0,0,0,0,0,"keyboard-worker","OK",1783613725386,52230,758
1056,1783613725485,53380,52329,0,0,0,0,0,0,76,79,62,90,73,189.53,40,-28,24,-985,-1,0,0,0,0,0,0,0,"keyboard-worker","OK",1783613725436,52280,759
1057,1783613725584,53479,52428,0,0,0,0,0,0,76,79,62,90,73,189.68,40,31,-25,-1002,-1,0,0,0,0,0,0,0,"keyboard-worker","OK",1783613725536,52380,761
1058,1783613725683,53578,52527,0,0,0,0,0,0,76,79,63,90,73,189.83,40,-12,19,-1009,-1,0,0,0,0,0,0,0,"keyboard-worker","OK",1783613725636,52480,763
1059,1783613725793,53688,52637,0,0,0,0,0,0,76,79,63,90,73,189.42,40,-5,10,-966,-1,0,0,0,0,0,0,0,"keyboard-worker","OK",1783613725787,52631,766
1060,1783613725899,53794,52743,0,0,0,0,0,0,76,79,63,90,73,189.3,40,-16,14,-1040,-1,0,0,0,0,0,0,0,"keyboard-worker","OK",1783613725890,52734,768
1061,1783613725998,53893,52842,0,0,0,0,0,0,76,79,63,90,73,189.7,40,-1,-8,-930,-1,0,0,0,0,0,0,0,"keyboard-worker","OK",1783613725992,52836,770
1062,1783613726103,53998,52947,0,0,0,0,0,0,76,79,63,90,73,189.54,41,30,-29,-1086,-1,0,0,0,0,0,0,0,"keyboard-worker","OK",1783613726093,52937,772
1063,1783613726208,54103,53052,0,0,0,0,0,0,76,79,63,90,73,189.73,41,-23,8,-1053,-1,0,0,0,0,0,0,0,"keyboard-worker","OK",1783613726196,53040,774
1064,1783613726321,54216,53165,0,0,0,0,0,-1,76,79,63,90,73,189.75,41,7,15,-913,-1,0,0,0,0,0,0,0,"keyboard-worker","OK",1783613726298,53142,776
1065,1783613726418,54313,53262,0,0,0,0,0,0,76,79,62,90,73,189.39,41,-2,-6,-1026,-1,0,0,0,0,0,0,0,"keyboard-worker","OK",1783613726399,53243,778
1066,1783613726517,54412,53361,0,0,0,0,0,0,76,79,62,90,73,189.82,41,-8,0,-1011,-1,0,0,0,0,0,0,0,"keyboard-worker","OK",1783613726501,53345,780
1067,1783613726621,54516,53465,0,0,0,0,0,0,76,79,61,90,73,189.42,41,-5,2,-961,-1,0,0,0,0,20,0,0,"keyboard-worker","OK",1783613726603,53447,782
1068,1783613726734,54629,53578,0,0,0,0,0,0,76,79,61,90,73,189.49,41,-23,10,-1001,-1,0,0,0,0,20,0,0,"keyboard-worker","OK",1783613726706,53550,784
1069,1783613726830,54725,53674,0,0,0,0,0,0,77,79,60,90,73,189.81,41,8,-3,-1014,-1,0,0,0,0,20,0,0,"keyboard-worker","OK",1783613726807,53651,786
1070,1783613726935,54830,53779,-1,0,0,0,0,0,77,79,59,90,73,189.34,41,0,9,-1021,-1,0,0,0,0,20,0,0,"keyboard-worker","OK",1783613726909,53753,788
1071,1783613727039,54934,53883,-1,0,0,0,0,0,77,79,58,90,73,189.76,41,-2,-4,-1011,-1,0,0,0,0,20,0,0,"keyboard-worker","OK",1783613727010,53854,790
1072,1783613727144,55039,53988,-1,0,0,0,0,0,77,79,58,90,73,189.43,42,-3,-6,-1006,-1,0,0,0,0,0,0,0,"keyboard-worker","OK",1783613727112,53956,792
1073,1783613727248,55143,54092,-1,0,0,0,0,0,77,79,57,90,73,189.68,42,-33,-14,-984,-1,0,0,0,0,0,0,0,"keyboard-worker","OK",1783613727215,54059,794
1074,1783613727301,55196,54145,-1,0,0,0,0,0,77,79,57,90,73,189.8,42,-34,-4,-1015,-1,0,0,0,0,0,0,0,"keyboard-worker","OK",1783613727265,54109,795
1075,1783613727406,55301,54250,0,0,0,0,0,0,77,79,57,90,73,189.56,42,-22,-2,-1035,-1,0,0,0,0,0,0,0,"keyboard-worker","OK",1783613727366,54210,797
1076,1783613727511,55406,54355,0,0,0,0,0,0,77,79,57,90,73,189.67,42,-7,3,-1021,-1,0,0,0,0,0,0,0,"keyboard-worker","OK",1783613727469,54313,799
1077,1783613727614,55509,54458,0,0,0,0,0,0,77,79,57,90,73,189.71,42,-6,1,-1002,-1,0,0,0,0,0,0,0,"keyboard-worker","OK",1783613727571,54415,801
1078,1783613727719,55614,54563,0,0,0,0,0,0,77,79,57,90,73,189.49,42,0,-4,-1011,-1,0,0,0,0,0,0,0,"keyboard-worker","OK",1783613727673,54517,803
1079,1783613727823,55718,54667,0,0,0,0,0,0,77,79,58,90,73,189.71,42,-4,-6,-1048,-1,0,0,0,0,0,0,0,"keyboard-worker","OK",1783613727774,54618,805
1080,1783613727928,55823,54772,0,0,0,0,0,0,77,79,59,90,73,190.04,42,-7,1,-1006,-1,0,0,0,0,20,0,0,"keyboard-worker","OK",1783613727925,54769,808
1081,1783613728032,55927,54876,0,0,0,0,0,0,77,79,60,90,73,189.44,42,9,-8,-1016,-1,0,0,0,0,20,0,0,"keyboard-worker","OK",1783613728026,54870,810
1082,1783613728136,56031,54980,0,0,0,0,0,0,77,79,61,90,73,189.52,43,-45,11,-987,-1,0,0,0,0,20,0,0,"keyboard-worker","OK",1783613728127,54971,812
1083,1783613728241,56136,55085,-1,0,0,0,0,0,77,79,62,90,73,189.56,43,-3,-9,-995,-1,0,0,0,0,20,0,0,"keyboard-worker","OK",1783613728228,55072,814
1084,1783613728346,56241,55190,-1,0,0,0,0,0,77,79,63,90,73,189.94,43,1,-5,-987,-1,0,0,0,0,20,0,0,"keyboard-worker","OK",1783613728329,55173,816
1085,1783613728456,56351,55300,-1,0,0,0,0,0,77,79,64,90,73,189.77,43,2,-18,-1013,-1,0,0,0,0,20,0,0,"keyboard-worker","OK",1783613728430,55274,818
1086,1783613728560,56455,55404,-1,0,0,0,0,0,77,79,66,90,73,189.38,43,-17,-6,-1054,-1,0,0,0,0,20,0,0,"keyboard-worker","OK",1783613728531,55375,820
1087,1783613728662,56557,55506,-1,0,0,0,0,-1,77,79,67,90,73,189.83,43,-36,3,-1011,-1,0,0,0,0,20,0,0,"keyboard-worker","OK",1783613728632,55476,822
1088,1783613728763,56658,55607,-1,0,0,0,0,-1,77,79,68,90,73,189.4,43,3,-12,-940,-1,0,0,0,0,0,0,0,"keyboard-worker","OK",1783613728732,55576,824
1089,1783613728868,56763,55712,-1,0,0,1,0,0,76,80,68,90,73,189.87,43,-32,5,-901,-1,0,0,0,0,0,0,0,"keyboard-worker","OK",1783613728833,55677,826
1090,1783613728973,56868,55817,0,1,0,1,0,0,76,80,69,90,73,189.57,43,-3,-5,-1022,-1,0,0,0,0,0,0,0,"keyboard-worker","OK",1783613728934,55778,828
1091,1783613729077,56972,55921,0,1,0,1,0,0,76,80,70,90,73,189.62,43,-53,26,-1037,-1,0,0,0,0,0,0,0,"keyboard-worker","OK",1783613729035,55879,830
1092,1783613729182,57077,56026,0,0,0,0,0,0,76,80,71,90,73,189.7,44,-22,-3,-891,-1,0,0,0,0,0,0,0,"keyboard-worker","OK",1783613729135,55979,832
1093,1783613729286,57181,56130,0,0,0,0,0,0,76,80,72,100,73,189.82,44,-8,2,-1041,-1,0,0,0,0,0,0,0,"keyboard-worker","OK",1783613729286,56130,835
1094,1783613729391,57286,56235,0,0,0,0,0,0,76,80,73,100,73,189.93,44,-1,-4,-1009,-1,0,0,0,0,-20,0,0,"keyboard-worker","OK",1783613729387,56231,837
1095,1783613729495,57390,56339,0,0,0,0,0,0,76,80,75,100,73,189.95,44,-29,14,-1022,-1,0,0,0,0,-20,0,0,"keyboard-worker","OK",1783613729487,56331,839
1096,1783613730803,58698,56534,1,0,0,0,0,0,76,80,76,100,72,189.76,44,-13,-14,-983,-1,0,0,0,0,-20,0,0,"keyboard-worker","OK",1783613730753,56483,842
1097,1783613731401,59296,57131,0,0,0,0,0,0,76,80,76,100,72,189.8,44,-3,-5,-958,-1,0,0,0,0,-20,0,0,"keyboard-worker","OK",1783613731364,57095,854
1098,1783613731411,59306,57142,0,0,0,0,0,0,76,80,77,100,72,189.84,44,10,-4,-976,-1,0,0,0,0,-20,0,0,"keyboard-worker","OK",1783613731364,57095,854
1099,1783613731422,59317,57153,1,0,0,0,0,0,77,80,78,100,72,189.75,44,-9,-14,-966,-1,0,0,0,0,-20,0,0,"keyboard-worker","OK",1783613731414,57145,855
1100,1783613731430,59325,57161,1,0,0,0,0,0,77,80,78,100,72,189.77,44,-5,-4,-980,-1,0,0,0,0,-20,0,0,"keyboard-worker","OK",1783613731414,57145,855
1101,1783613731435,59330,57166,1,0,0,0,0,0,77,80,79,100,72,189.99,44,4,-17,-962,-1,0,0,0,0,-20,0,0,"keyboard-worker","OK",1783613731414,57145,855
1102,1783613731439,59334,57170,1,0,0,0,0,0,77,80,79,100,72,189.94,45,-3,-5,-1006,-1,0,0,0,0,-20,0,0,"keyboard-worker","OK",1783613731414,57145,855
1103,1783613731446,59341,57176,1,0,0,0,0,0,77,80,79,100,72,189.61,45,18,-3,-983,-1,0,0,0,0,-20,0,0,"keyboard-worker","OK",1783613731414,57145,855
1104,1783613731576,59471,57306,1,0,0,-1,0,0,77,80,79,100,72,189.59,45,-12,-9,-951,-1,0,0,0,0,-20,0,0,"keyboard-worker","OK",1783613731565,57295,858
1105,1783613731679,59574,57409,1,0,0,-1,0,0,77,80,78,100,72,190.05,45,-55,13,-922,-1,0,0,0,0,-20,0,0,"keyboard-worker","OK",1783613731665,57396,860
1106,1783613731760,59655,57491,0,0,0,-1,0,0,77,80,78,100,72,190.12,45,-4,-9,-960,-1,0,0,0,0,-20,0,0,"keyboard-worker","OK",1783613731716,57446,861
1107,1783613731845,59740,57575,0,0,0,-1,0,0,77,80,78,100,72,190,45,-5,6,-1001,-1,0,0,0,0,-20,0,0,"keyboard-worker","OK",1783613731816,57546,863
1108,1783613732023,59918,57753,0,0,0,-1,0,0,77,80,77,100,72,189.91,45,-14,10,-1006,-1,0,0,0,0,-20,0,0,"keyboard-worker","OK",1783613732016,57747,867
1109,1783613732061,59956,57791,0,0,0,-1,0,0,77,79,77,100,72,189.8,45,-8,24,-1033,-1,0,0,0,0,-20,0,0,"keyboard-worker","OK",1783613732016,57747,867
1110,1783613732148,60043,57878,0,0,0,-1,0,0,77,79,76,100,72,189.53,45,17,-8,-980,-1,0,0,0,0,-20,0,0,"keyboard-worker","OK",1783613732116,57847,869
1111,1783613732247,60142,57978,0,0,0,-1,0,1,77,79,75,100,72,189.96,45,-1,13,-937,-1,0,0,0,0,0,0,0,"keyboard-worker","OK",1783613732217,57947,871
1112,1783613732343,60238,58073,0,0,0,-1,0,0,77,79,74,100,72,189.64,46,-11,20,-1026,-1,0,0,0,0,0,0,0,"keyboard-worker","OK",1783613732317,58047,873
1113,1783613732441,60336,58172,0,0,0,-1,0,0,77,79,73,100,72,189.97,46,-16,5,-981,-1,0,0,0,0,0,0,0,"keyboard-worker","OK",1783613732417,58148,875
1114,1783613732540,60435,58271,0,0,0,-1,0,0,77,79,73,100,72,189.75,46,-21,2,-974,-1,0,0,0,0,0,0,0,"keyboard-worker","OK",1783613732517,58248,877
1115,1783613732640,60535,58370,0,0,0,-1,0,0,77,79,72,100,72,189.65,46,-12,17,-1035,-1,0,0,0,0,0,0,0,"keyboard-worker","OK",1783613732618,58348,879
1116,1783613732697,60592,58427,0,0,0,-1,0,0,77,79,72,100,72,189.65,46,-12,5,-1009,-1,0,0,0,0,0,0,0,"keyboard-worker","OK",1783613732668,58398,880
1117,1783613732795,60690,58526,0,0,0,-1,0,0,77,79,72,100,72,190.13,46,25,13,-1044,-1,0,0,0,0,0,0,0,"keyboard-worker","OK",1783613732768,58498,882
1118,1783613732893,60788,58624,0,0,0,-1,0,0,77,79,72,100,72,189.79,46,9,15,-1036,-1,0,0,0,0,0,0,0,"keyboard-worker","OK",1783613732868,58599,884
1119,1783613733036,60931,58767,-2,-1,0,0,0,0,77,79,72,100,72,189.99,46,17,9,-987,-1,0,0,0,0,0,0,0,"keyboard-worker","OK",1783613733019,58749,887
1120,1783613733135,61030,58866,-1,-1,0,0,0,0,77,79,72,100,72,189.6,46,-4,22,-1022,-1,0,0,0,0,0,0,0,"keyboard-worker","OK",1783613733119,58849,889
1121,1783613733237,61132,58967,0,-1,0,0,0,0,77,79,72,100,72,189.95,47,-18,23,-1050,-1,0,0,0,0,0,0,0,"keyboard-worker","OK",1783613733219,58950,891
1122,1783613733339,61234,59069,0,-1,0,0,0,0,77,79,72,100,72,190.12,47,17,13,-988,-1,0,0,0,0,0,0,0,"keyboard-worker","OK",1783613733319,59050,893
1123,1783613733384,61279,59114,0,-1,0,0,0,0,77,79,72,100,72,189.83,47,-17,9,-977,-1,0,0,0,0,0,0,0,"keyboard-worker","OK",1783613733370,59100,894
1124,1783613733483,61378,59213,0,-1,0,0,0,0,77,79,72,100,72,190.04,47,-2,13,-1031,-1,0,0,0,0,0,0,0,"keyboard-worker","OK",1783613733470,59200,896
1125,1783613733582,61477,59312,0,0,0,0,0,0,77,79,72,100,72,190.01,47,9,12,-1000,-1,0,0,0,0,0,0,0,"keyboard-worker","OK",1783613733570,59300,898
1126,1783613733681,61576,59411,0,0,0,0,0,0,77,79,72,100,72,189.68,47,22,3,-981,-1,0,0,0,0,0,-20,0,"keyboard-worker","OK",1783613733670,59401,900
1127,1783613733780,61675,59511,0,0,0,0,0,0,77,79,72,100,72,189.91,47,17,3,-1016,-1,0,0,0,0,0,-20,0,"keyboard-worker","OK",1783613733771,59501,902
1128,1783613733884,61779,59615,0,0,0,0,0,0,77,79,72,100,72,190.03,47,-11,5,-975,-1,0,0,0,0,0,-20,0,"keyboard-worker","OK",1783613733871,59601,904
1129,1783613733989,61884,59719,0,0,0,0,0,0,76,79,71,100,72,189.97,47,-3,23,-950,-1,0,0,0,0,0,-20,0,"keyboard-worker","OK",1783613733971,59701,906
1130,1783613734078,61973,59809,0,0,0,0,0,0,76,79,71,100,72,189.81,47,23,0,-965,-1,0,0,0,0,0,-20,0,"keyboard-worker","OK",1783613734071,59802,908
1131,1783613734177,62072,59908,0,0,0,0,0,0,76,79,70,100,72,189.78,48,-14,29,-1012,-1,0,0,0,0,0,-20,0,"keyboard-worker","OK",1783613734171,59902,910
1132,1783613734282,62177,60012,0,0,0,0,0,0,76,79,70,100,72,189.96,48,10,4,-998,-1,0,0,0,0,0,-20,0,"keyboard-worker","OK",1783613734272,60002,912
1133,1783613734380,62275,60111,0,0,0,0,0,0,76,79,69,90,72,189.68,48,-9,18,-1052,-1,0,0,0,0,0,-20,0,"keyboard-worker","OK",1783613734372,60102,914
1134,1783613734482,62377,60212,0,0,0,0,0,0,76,79,69,90,72,189.63,48,-17,22,-1063,-1,0,0,0,0,0,-20,0,"keyboard-worker","OK",1783613734472,60203,916
1135,1783613734574,62469,60305,0,0,0,0,0,0,76,79,68,90,72,189.22,48,-16,18,-1004,-1,0,0,0,0,0,-20,0,"keyboard-worker","OK",1783613734573,60303,918
1136,1783613734674,62569,60405,0,0,0,0,0,0,76,79,67,90,72,189.9,48,-8,0,-984,-1,0,0,0,0,0,-20,0,"keyboard-worker","OK",1783613734673,60403,920
1137,1783613734773,62668,60504,0,0,0,0,0,0,76,79,67,90,72,189.74,48,-17,11,-977,-1,0,0,0,0,0,-20,0,"keyboard-worker","OK",1783613734773,60503,922
1138,1783613734872,62767,60603,0,0,0,0,0,1,76,79,66,90,72,189.61,48,15,3,-978,-1,0,0,0,0,0,-20,0,"keyboard-worker","OK",1783613734823,60554,923
1139,1783613734969,62864,60700,0,0,0,0,0,1,76,79,65,90,72,189.74,48,-6,16,-995,-1,0,0,0,0,0,-20,0,"keyboard-worker","OK",1783613734923,60654,925
1140,1783613735066,62961,60796,0,0,0,0,0,0,76,79,63,90,72,189.48,48,1,14,-1003,-1,0,0,0,0,0,-20,0,"keyboard-worker","OK",1783613735023,60754,927
1141,1783613735163,63058,60893,0,0,0,0,0,0,76,79,62,90,72,189.84,49,10,1,-1015,-1,0,0,0,0,0,-20,0,"keyboard-worker","OK",1783613735124,60854,929
1142,1783613735260,63155,60991,0,0,0,0,0,0,76,79,62,90,72,189.37,49,-20,19,-1028,-1,0,0,0,0,0,-20,0,"keyboard-worker","OK",1783613735224,60954,931
1143,1783613735358,63253,61088,0,0,0,0,0,0,76,79,61,90,72,189.6,49,-6,13,-973,-1,0,0,0,0,0,-20,0,"keyboard-worker","OK",1783613735324,61055,933
1144,1783613735453,63348,61183,0,0,0,0,0,0,76,79,60,90,72,189.54,49,-2,1,-994,-1,0,0,0,0,0,-20,0,"keyboard-worker","OK",1783613735424,61155,935
1145,1783613735556,63451,61286,0,0,0,0,0,0,76,79,60,90,72,189.55,49,-9,10,-938,-1,0,0,0,0,0,-20,0,"keyboard-worker","OK",1783613735525,61255,937
1146,1783613735646,63541,61377,0,0,0,0,0,0,76,79,59,90,71,189.7,49,-7,10,-1015,-1,0,0,0,0,0,-20,0,"keyboard-worker","OK",1783613735625,61355,939
1147,1783613735743,63638,61473,0,0,0,0,0,1,76,79,59,80,71,189.84,49,-8,13,-954,-1,0,0,0,0,0,-20,0,"keyboard-worker","OK",1783613735725,61455,941
1148,1783613735849,63744,61579,0,0,0,0,0,1,76,79,58,80,71,189.67,49,-5,0,-996,-1,0,0,0,0,0,-20,0,"keyboard-worker","OK",1783613735825,61556,943
1149,1783613735941,63836,61671,0,0,0,0,0,0,77,79,58,80,71,189.83,49,-8,12,-1047,-1,0,0,0,0,0,-20,0,"keyboard-worker","OK",1783613735926,61656,945
1150,1783613736040,63935,61771,0,0,0,0,0,0,77,79,58,80,71,189.68,49,9,12,-948,-1,0,0,0,0,0,-20,0,"keyboard-worker","OK",1783613736026,61756,947
1151,1783613736136,64031,61866,0,0,0,0,0,0,77,79,59,80,71,189.87,50,-35,26,-1036,-1,0,0,0,0,0,-20,0,"keyboard-worker","OK",1783613736126,61856,949
1152,1783613736228,64123,61958,0,-1,0,0,0,0,77,79,59,80,71,189.62,50,4,4,-1010,-1,0,0,0,0,0,-20,0,"keyboard-worker","OK",1783613736226,61957,951
1153,1783613736325,64220,62055,0,-1,0,0,0,0,77,79,59,80,71,189.95,50,3,-6,-959,-1,0,0,0,0,0,-20,0,"keyboard-worker","OK",1783613736276,62007,952
1154,1783613736420,64315,62150,0,0,0,0,0,0,77,79,60,80,71,189.63,50,-15,24,-999,-1,0,0,0,0,0,-20,0,"keyboard-worker","OK",1783613736376,62107,954
1155,1783613736517,64412,62247,0,0,0,0,0,0,77,79,61,80,71,189.59,50,-21,40,-1054,-1,0,0,0,0,0,-20,0,"keyboard-worker","OK",1783613736477,62207,956
1156,1783613736613,64508,62344,0,-1,0,0,0,0,77,79,62,80,71,189.59,50,-16,14,-993,-1,0,0,0,0,0,-20,0,"keyboard-worker","OK",1783613736577,62307,958
1157,1783613736710,64605,62441,-1,-1,0,0,0,0,77,79,62,80,71,189.79,50,3,-8,-908,-1,0,0,0,0,0,0,0,"keyboard-worker","OK",1783613736677,62408,960
1158,1783613736765,64660,62496,0,-1,0,0,0,0,77,79,63,80,71,189.67,50,-21,31,-1053,-1,0,0,0,0,0,0,0,"keyboard-worker","OK",1783613736727,62458,961
1159,1783613736903,64798,62634,0,-1,0,0,0,0,77,78,64,90,71,189.52,50,13,4,-940,-1,0,0,0,0,0,0,0,"keyboard-worker","OK",1783613736878,62608,964
1160,1783613736953,64848,62683,0,-1,0,0,0,0,77,78,65,90,71,189.63,50,3,13,-976,-1,0,0,0,0,0,0,0,"keyboard-worker","OK",1783613736928,62658,965
1161,1783613737049,64944,62780,0,0,0,0,0,0,77,78,66,90,71,189.87,51,-13,10,-1031,-1,0,0,0,0,0,0,0,"keyboard-worker","OK",1783613737028,62758,967
1162,1783613737146,65041,62877,0,0,0,0,0,0,77,78,67,90,71,189.71,51,-22,34,-1030,-1,0,0,0,0,0,0,0,"keyboard-worker","OK",1783613737128,62858,969
1163,1783613737243,65138,62973,0,0,0,0,0,0,77,78,69,90,71,189.75,51,21,7,-975,-1,0,0,0,0,0,0,0,"keyboard-worker","OK",1783613737228,62959,971
1164,1783613737344,65239,63074,0,0,0,0,0,0,77,78,69,90,71,190.07,51,-15,3,-972,-1,0,0,0,0,0,0,0,"keyboard-worker","OK",1783613737328,63059,973
1165,1783613737436,65331,63167,0,0,0,0,0,0,77,78,70,90,71,189.89,51,-19,16,-980,-1,0,0,0,0,0,0,0,"keyboard-worker","OK",1783613737429,63159,975
1166,1783613737546,65441,63276,0,0,0,0,0,0,77,78,70,90,71,189.68,51,-22,31,-994,-1,0,0,0,0,0,0,0,"keyboard-worker","OK",1783613737529,63259,977
1167,1783613737630,65525,63360,0,0,0,0,0,0,77,78,70,90,71,189.57,51,-32,31,-955,-1,0,0,0,0,0,0,0,"keyboard-worker","OK",1783613737629,63359,979
1168,1783613737726,65621,63457,0,0,0,0,0,0,77,78,70,90,71,189.88,51,-28,23,-1074,-1,0,0,0,0,0,-20,0,"keyboard-worker","OK",1783613737679,63410,980
1169,1783613737823,65718,63554,0,0,0,0,0,0,77,79,71,90,71,189.97,51,6,3,-918,-1,0,0,0,0,0,-20,0,"keyboard-worker","OK",1783613737779,63510,982
1170,1783613737921,65816,63651,0,-1,0,0,0,0,77,79,71,90,71,189.75,51,-2,-7,-998,-1,0,0,0,0,0,-20,0,"keyboard-worker","OK",1783613737880,63610,984
1171,1783613738017,65912,63747,0,0,0,0,0,0,77,79,71,90,71,189.83,52,-28,24,-1044,-1,0,0,0,0,0,-20,0,"keyboard-worker","OK",1783613737980,63710,986
1172,1783613738119,66014,63850,0,0,0,0,0,0,77,79,72,90,71,190.03,52,-48,15,-984,-1,0,0,0,0,0,-20,0,"keyboard-worker","OK",1783613738080,63810,988
1173,1783613738213,66108,63944,0,0,0,0,0,0,77,79,72,90,71,189.73,52,-21,16,-979,-1,0,0,0,0,0,-20,0,"keyboard-worker","OK",1783613738180,63911,990
1174,1783613738308,66203,64039,0,0,0,0,0,0,77,79,73,90,71,189.81,52,-22,4,-987,-1,0,0,0,0,0,-20,0,"keyboard-worker","OK",1783613738280,64011,992
1175,1783613738403,66298,64134,0,0,0,0,0,0,77,79,73,90,71,189.75,52,-6,7,-972,-1,0,0,0,0,0,-20,0,"keyboard-worker","OK",1783613738381,64111,994
1176,1783613738500,66395,64230,0,0,0,0,0,0,77,79,73,90,71,189.65,52,-11,8,-1023,-1,0,0,0,0,0,-20,0,"keyboard-worker","OK",1783613738481,64211,996
1177,1783613738597,66492,64327,0,0,0,0,0,0,77,79,73,90,71,189.92,52,-31,22,-1024,-1,0,0,0,0,0,-20,0,"keyboard-worker","OK",1783613738581,64311,998
1178,1783613738694,66589,64424,0,0,0,0,0,0,77,79,73,90,71,189.79,52,0,8,-936,-1,0,0,0,0,0,-20,0,"keyboard-worker","OK",1783613738681,64412,1000
1179,1783613738791,66686,64521,0,0,0,0,0,0,76,78,73,90,71,189.67,52,-31,23,-970,-1,0,0,0,0,0,-20,0,"keyboard-worker","OK",1783613738782,64512,1002
1180,1783613738887,66782,64617,0,0,0,0,0,0,76,78,73,90,71,189.7,52,-23,23,-977,-1,0,0,0,0,0,-20,0,"keyboard-worker","OK",1783613738882,64612,1004
1181,1783613738984,66879,64714,0,0,0,0,0,0,76,78,73,90,71,189.86,53,-25,14,-1007,-1,0,0,0,0,0,-20,0,"keyboard-worker","OK",1783613738982,64712,1006
1182,1783613739080,66975,64811,0,0,0,0,0,0,76,78,73,90,71,189.97,53,-27,0,-1006,-1,0,0,0,0,0,-20,0,"keyboard-worker","OK",1783613739032,64763,1007
1183,1783613739177,67072,64907,0,0,0,0,0,0,76,78,73,90,71,189.47,53,5,0,-990,-1,0,0,0,0,0,-20,0,"keyboard-worker","OK",1783613739132,64863,1009
1184,1783613739274,67169,65004,0,0,0,0,0,0,76,78,72,90,71,189.95,53,-4,5,-997,-1,0,0,0,0,0,-20,0,"keyboard-worker","OK",1783613739233,64963,1011
1185,1783613739371,67266,65101,0,0,0,0,0,0,76,78,72,80,71,189.65,53,-48,12,-972,-1,0,0,0,0,0,-20,0,"keyboard-worker","OK",1783613739333,65063,1013
1186,1783613739467,67362,65198,0,0,0,0,0,0,76,78,72,80,71,189.9,53,-34,16,-1002,-1,0,0,0,0,0,-20,0,"keyboard-worker","OK",1783613739433,65163,1015
1187,1783613739564,67459,65294,0,0,0,0,0,0,76,78,71,80,71,189.72,53,-12,9,-1018,-1,0,0,0,0,0,-20,0,"keyboard-worker","OK",1783613739533,65264,1017
1188,1783613739667,67562,65397,0,0,0,0,0,0,76,78,71,80,71,189.81,53,-6,11,-1008,-1,0,0,0,0,0,-20,0,"keyboard-worker","OK",1783613739633,65364,1019
1189,1783613739757,67652,65488,0,0,0,0,0,0,76,79,71,80,71,190,53,-31,14,-980,-1,0,0,0,0,0,-20,0,"keyboard-worker","OK",1783613739734,65464,1021
1190,1783613739856,67751,65587,0,0,0,0,0,0,76,79,70,80,71,189.63,53,-33,14,-993,-1,0,0,0,0,0,-20,0,"keyboard-worker","OK",1783613739834,65564,1023
1191,1783613739954,67849,65685,0,0,0,0,0,0,76,79,69,80,71,189.77,54,-12,14,-997,-1,0,0,0,0,0,-20,0,"keyboard-worker","OK",1783613739934,65665,1025
1192,1783613740049,67944,65779,0,0,0,0,0,0,76,79,69,80,71,189.55,54,-16,8,-996,-1,0,0,0,0,0,-20,0,"keyboard-worker","OK",1783613740034,65765,1027
1193,1783613740145,68040,65875,0,0,0,0,0,0,76,79,68,80,71,189.51,54,-12,2,-1008,-1,0,0,0,0,0,-20,0,"keyboard-worker","OK",1783613740135,65865,1029
1194,1783613740241,68136,65971,0,0,0,0,0,0,76,79,67,80,71,189.54,54,-28,0,-981,-1,0,0,0,0,0,-20,0,"keyboard-worker","OK",1783613740235,65965,1031
1195,1783613740289,68184,66020,0,0,0,0,0,0,76,79,67,80,71,189.69,54,-19,9,-995,-1,0,0,0,0,0,-20,0,"keyboard-worker","OK",1783613740285,66016,1032
1196,1783613740386,68281,66116,0,0,0,0,0,0,76,79,66,80,71,189.82,54,10,1,-972,-1,0,0,0,0,0,-20,0,"keyboard-worker","OK",1783613740385,66116,1034
1197,1783613740483,68378,66213,0,0,0,0,0,0,76,79,65,80,71,189.73,54,-5,20,-960,-1,0,0,0,0,0,-20,0,"keyboard-worker","OK",1783613740436,66166,1035
1198,1783613740587,68482,66318,0,0,0,0,0,0,76,79,64,80,71,189.38,54,-5,7,-1021,-1,0,0,0,0,0,-20,0,"keyboard-worker","OK",1783613740586,66316,1038
1199,1783613740725,68620,66455,0,0,0,0,0,0,77,80,63,80,71,189.73,54,3,2,-1025,-1,0,0,0,0,0,-20,0,"keyboard-worker","OK",1783613740686,66417,1040
1200,1783613740777,68672,66507,0,0,0,0,0,0,77,80,62,80,71,189.76,54,8,-8,-1018,-1,0,0,0,0,0,-20,0,"keyboard-worker","OK",1783613740736,66467,1041
1201,1783613740877,68772,66607,0,0,0,0,0,0,77,80,61,80,71,189.54,55,14,6,-995,-1,0,0,0,0,0,-20,0,"keyboard-worker","OK",1783613740837,66567,1043
1202,1783613740976,68871,66707,0,0,0,0,0,0,77,80,60,80,71,189.6,55,-27,2,-978,-1,0,0,0,0,0,-20,0,"keyboard-worker","OK",1783613740937,66667,1045
1203,1783613741219,69114,66949,0,0,0,0,0,0,77,80,59,70,71,189.57,55,-17,9,-1006,-1,0,0,0,0,0,-20,0,"keyboard-worker","OK",1783613741187,66918,1050
1204,1783613741378,69273,67108,0,0,0,0,0,0,77,80,58,70,71,189.75,55,-6,14,-1043,-1,0,0,0,0,0,-20,0,"keyboard-worker","OK",1783613741338,67068,1053
1205,1783613741420,69315,67151,0,0,0,0,0,1,77,80,56,70,71,189.66,55,-14,8,-999,-1,0,0,0,0,0,-20,0,"keyboard-worker","OK",1783613741388,67118,1054
1206,1783613741454,69349,67184,0,0,0,0,0,1,77,80,55,70,71,190.05,55,-5,-20,-948,-1,0,0,0,0,0,-20,0,"keyboard-worker","OK",1783613741438,67168,1055
1207,1783613742160,70055,67890,0,0,0,0,0,1,77,80,54,70,71,189.53,55,-11,-12,-1013,-1,0,0,0,0,0,-20,0,"keyboard-worker","OK",1783613742140,67870,1069
1208,1783613742464,70359,68195,0,0,0,0,0,0,77,80,53,70,71,189.45,55,-10,18,-1036,-1,0,0,0,0,0,-20,0,"keyboard-worker","OK",1783613742441,68171,1075
1209,1783613742632,70527,68363,0,0,0,0,0,0,77,80,52,70,71,189.78,55,-12,6,-998,-1,0,0,0,0,0,-20,0,"keyboard-worker","OK",1783613742591,68321,1078
1210,1783613742638,70533,68368,0,0,0,0,0,0,77,80,51,70,71,189.71,55,-20,17,-1003,-1,0,0,0,0,0,-20,0,"keyboard-worker","OK",1783613742591,68321,1078
1211,1783613742640,70535,68370,0,0,0,0,0,0,77,80,50,70,71,189.35,56,-15,22,-1008,-1,0,0,0,0,0,-20,0,"keyboard-worker","OK",1783613742591,68321,1078
1212,1783613742689,70584,68420,0,0,0,0,0,0,77,80,49,60,71,189.76,56,1,9,-995,-1,0,0,0,0,0,-20,0,"keyboard-worker","OK",1783613742641,68371,1079
1213,1783613742705,70600,68436,0,0,0,0,0,0,77,80,48,60,71,189.66,56,18,13,-968,-1,0,0,0,0,0,-20,0,"keyboard-worker","OK",1783613742691,68422,1080
1214,1783613742767,70662,68497,0,0,0,0,0,0,77,80,47,60,71,189.73,56,-12,5,-1004,-1,0,0,0,0,0,-20,0,"keyboard-worker","OK",1783613742741,68472,1081
1215,1783613742781,70676,68511,0,0,0,0,0,0,77,80,46,60,71,189.82,56,-30,-7,-977,-1,0,0,0,0,0,-20,0,"keyboard-worker","OK",1783613742741,68472,1081
1216,1783613742815,70710,68545,0,0,0,0,0,0,77,80,45,60,71,189.7,56,5,1,-962,-1,0,0,0,0,0,-20,0,"keyboard-worker","OK",1783613742791,68522,1082
1217,1783613742829,70724,68559,0,0,0,0,0,0,77,80,44,60,71,189.73,56,-15,7,-1006,-1,0,0,0,0,0,-20,0,"keyboard-worker","OK",1783613742791,68522,1082
1218,1783613742832,70727,68562,0,0,0,0,0,0,77,80,43,60,71,189.47,56,-17,16,-992,-1,0,0,0,0,0,-20,0,"keyboard-worker","OK",1783613742791,68522,1082
1219,1783613742834,70729,68564,0,0,0,0,0,0,77,80,42,60,71,189.55,56,-39,2,-1061,-1,0,0,0,0,0,-20,0,"keyboard-worker","OK",1783613742791,68522,1082
1220,1783613742839,70734,68570,0,0,0,0,0,0,77,80,41,60,71,189.53,56,-22,5,-999,-1,0,0,0,0,0,-20,0,"keyboard-worker","OK",1783613742791,68522,1082
1221,1783613742841,70736,68572,0,0,0,0,0,0,77,80,40,60,71,189.8,57,-27,-1,-1000,-1,0,0,0,0,0,0,0,"keyboard-worker","OK",1783613742841,68572,1083
1222,1783613743034,70929,68765,0,0,0,0,0,0,77,80,39,60,71,189.55,57,-25,-3,-966,-1,0,0,0,0,0,0,0,"keyboard-worker","OK",1783613742992,68722,1086
1223,1783613743141,71036,68872,0,0,0,0,0,0,77,80,38,50,71,189.84,57,-26,3,-968,-1,0,0,0,0,0,0,0,"keyboard-worker","OK",1783613743092,68822,1088
1224,1783613743196,71091,68926,0,0,0,0,0,0,77,80,37,50,71,189.29,57,-16,7,-1004,-1,0,0,0,0,0,0,0,"keyboard-worker","OK",1783613743192,68923,1090
1225,1783613743318,71213,69048,0,0,0,0,0,0,77,80,40,50,70,189.53,57,-9,11,-1040,-1,0,0,0,0,0,0,0,"keyboard-worker","OK",1783613743293,69023,1092
1226,1783613743440,71335,69171,0,0,0,0,0,0,77,80,39,50,70,189.25,57,6,4,-994,-1,0,0,0,0,0,20,0,"keyboard-worker","OK",1783613743393,69123,1094
1227,1783613743508,71403,69238,0,0,0,0,0,0,77,80,38,50,70,189.49,57,-26,0,-1005,-1,0,0,0,0,0,20,0,"keyboard-worker","OK",1783613743493,69223,1096
1228,1783613743602,71497,69333,0,0,0,0,0,0,77,80,37,50,70,189.47,57,5,4,-991,-1,0,0,0,0,0,20,0,"keyboard-worker","OK",1783613743593,69324,1098
1229,1783613743670,71565,69401,0,0,0,0,0,0,77,80,35,50,70,189.62,57,0,23,-986,-1,0,0,0,0,0,20,0,"keyboard-worker","OK",1783613743643,69374,1099
1230,1783613743806,71701,69536,0,0,0,0,0,0,77,80,34,50,70,189.57,57,9,6,-1025,-1,0,0,0,0,0,20,0,"keyboard-worker","OK",1783613743794,69524,1102
1231,1783613743847,71742,69577,0,0,0,0,0,0,77,80,33,50,70,189.6,58,-5,-8,-1016,-1,0,0,0,0,0,20,0,"keyboard-worker","OK",1783613743844,69574,1103
1232,1783613743980,71875,69710,0,0,0,0,0,0,77,80,32,50,70,189.38,58,-14,23,-995,-1,0,0,0,0,0,20,0,"keyboard-worker","OK",1783613743944,69674,1105
1233,1783613744062,71957,69792,0,0,0,0,0,0,77,80,31,50,70,189.53,58,7,12,-969,-1,0,0,0,0,0,20,0,"keyboard-worker","OK",1783613744044,69775,1107
1234,1783613744113,72008,69843,0,0,0,0,0,0,77,80,29,50,70,189.5,58,7,9,-1008,-1,0,0,0,0,0,20,0,"keyboard-worker","OK",1783613744094,69825,1108
1235,1783613744183,72078,69914,0,0,0,0,0,0,77,80,28,50,70,189.39,58,-9,11,-1019,-1,0,0,0,0,0,20,0,"keyboard-worker","OK",1783613744144,69875,1109
1236,1783613744256,72151,69987,0,0,0,0,0,0,77,80,27,40,70,189.55,58,-24,28,-1026,-1,0,0,0,0,0,20,0,"keyboard-worker","OK",1783613744245,69975,1111
1237,1783613744350,72245,70080,0,0,0,0,0,0,77,80,26,40,70,189.32,58,-7,-6,-993,-1,0,0,0,0,0,20,0,"keyboard-worker","OK",1783613744345,70075,1113
1238,1783613744448,72343,70179,0,0,0,0,0,0,77,80,25,40,70,189.46,58,10,3,-1049,-1,0,0,0,0,0,20,0,"keyboard-worker","OK",1783613744445,70176,1115
1239,1783613744591,72486,70321,0,0,0,0,0,0,77,79,25,40,70,189.11,58,-16,8,-1039,-1,0,0,0,0,0,20,0,"keyboard-worker","OK",1783613744545,70276,1117
1240,1783613744643,72538,70373,0,0,0,0,0,0,77,79,26,40,70,189.32,58,-9,0,-1011,-1,0,0,0,0,0,20,0,"keyboard-worker","OK",1783613744596,70326,1118
1241,1783613744723,72618,70453,0,0,0,0,0,0,77,79,25,40,70,189.17,59,17,-4,-956,-1,0,0,0,0,0,20,0,"keyboard-worker","OK",1783613744696,70426,1120
1242,1783613744815,72710,70545,0,0,0,0,0,0,77,79,25,40,70,189.44,59,-7,29,-1067,-1,0,0,0,0,0,20,0,"keyboard-worker","OK",1783613744796,70526,1122
1243,1783613744863,72758,70593,0,0,0,0,0,0,77,79,25,40,70,189.41,59,-3,2,-1036,-1,0,0,0,0,0,20,0,"keyboard-worker","OK",1783613744846,70576,1123
1244,1783613744959,72854,70689,0,0,0,0,0,0,77,79,25,40,70,189.24,59,14,23,-1001,-1,0,0,0,0,0,20,0,"keyboard-worker","OK",1783613744946,70677,1125
1245,1783613745056,72951,70787,0,0,0,0,0,0,77,79,25,40,70,189.59,59,4,25,-1041,-1,0,0,0,0,0,20,0,"keyboard-worker","OK",1783613745047,70777,1127
1246,1783613745180,73075,70910,0,0,0,0,0,0,77,79,24,40,70,188.99,59,-3,19,-975,-1,0,0,0,0,0,20,0,"keyboard-worker","OK",1783613745147,70877,1129
1247,1783613745283,73178,71013,0,0,0,0,0,0,77,79,24,40,70,189.76,59,21,4,-1016,-1,0,0,0,0,0,20,0,"keyboard-worker","OK",1783613745247,70977,1131
1248,1783613745352,73247,71082,0,0,0,0,0,0,77,79,24,40,70,189.21,59,-18,17,-1070,-1,0,0,0,0,0,20,0,"keyboard-worker","OK",1783613745347,71078,1133
1249,1783613745442,73337,71172,0,0,0,0,0,0,76,79,24,40,70,189.08,59,-20,17,-1064,-1,0,0,0,0,0,20,0,"keyboard-worker","OK",1783613745397,71128,1134
1250,1783613745537,73432,71267,0,0,0,0,0,0,76,79,24,40,70,189.13,59,10,5,-1073,-1,0,0,0,0,0,20,0,"keyboard-worker","OK",1783613745497,71228,1136
1251,1783613745633,73528,71363,0,0,0,0,0,-1,76,79,25,40,70,189.43,60,-1,0,-989,-1,0,0,0,0,0,20,0,"keyboard-worker","OK",1783613745598,71328,1138
1252,1783613745729,73624,71459,0,0,0,0,0,-1,76,79,24,40,70,189.24,60,-10,6,-1009,-1,0,0,0,0,0,20,0,"keyboard-worker","OK",1783613745698,71428,1140
1253,1783613745825,73720,71555,0,0,0,0,0,0,76,79,23,40,70,189.22,60,-4,11,-970,-1,0,0,0,0,0,20,0,"keyboard-worker","OK",1783613745798,71529,1142
1254,1783613745921,73816,71652,0,0,0,0,0,0,76,79,23,40,70,189.45,60,-13,11,-981,-1,0,0,0,0,0,20,0,"keyboard-worker","OK",1783613745898,71629,1144
1255,1783613746017,73912,71748,0,0,0,0,0,0,76,79,22,40,70,189.01,60,15,3,-968,-1,0,0,0,0,0,20,0,"keyboard-worker","OK",1783613745999,71729,1146
1256,1783613746115,74010,71845,0,0,0,0,0,0,76,79,21,40,70,189.11,60,-4,14,-1009,-1,0,0,0,0,0,20,0,"keyboard-worker","OK",1783613746099,71829,1148
1257,1783613746210,74105,71940,0,0,0,0,0,0,76,79,20,40,70,189.3,60,-7,-13,-941,-1,0,0,0,0,0,20,0,"keyboard-worker","OK",1783613746199,71929,1150
1258,1783613746311,74206,72041,0,0,0,0,0,0,76,79,20,40,70,189.25,60,4,23,-1034,-1,0,0,0,0,0,20,0,"keyboard-worker","OK",1783613746299,72030,1152
1259,1783613746402,74297,72133,0,0,0,0,0,0,77,80,20,40,70,189.04,60,-2,32,-1103,-1,0,0,0,0,0,20,0,"keyboard-worker","OK",1783613746400,72130,1154
1260,1783613746499,74394,72229,0,0,0,0,0,0,77,80,22,40,70,189.36,61,-8,11,-997,-1,0,0,0,0,0,20,0,"keyboard-worker","OK",1783613746450,72180,1155
1261,1783613746595,74490,72325,0,0,0,0,0,0,77,80,23,40,70,189.55,61,-32,13,-979,-1,0,0,0,0,0,20,0,"keyboard-worker","OK",1783613746550,72280,1157
1262,1783613746691,74586,72422,0,0,0,0,0,0,77,80,24,40,70,189.35,61,12,-12,-1005,-1,0,0,0,0,0,20,0,"keyboard-worker","OK",1783613746650,72380,1159
1263,1783613746787,74682,72518,0,0,0,0,0,0,77,80,26,40,70,189.36,61,0,5,-996,-1,0,0,0,0,0,20,0,"keyboard-worker","OK",1783613746750,72481,1161
1264,1783613746890,74785,72620,0,0,0,0,0,0,77,80,27,40,70,189.35,61,-1,4,-1000,-1,0,0,0,0,0,20,0,"keyboard-worker","OK",1783613746850,72581,1163
1265,1783613746983,74878,72714,0,0,0,0,0,-1,77,80,28,40,70,189.23,61,23,-30,-939,-1,0,0,0,0,0,20,0,"keyboard-worker","OK",1783613746951,72681,1165
1266,1783613747079,74974,72809,0,0,0,0,0,0,77,80,30,40,70,189.62,61,-9,19,-998,-1,0,0,0,0,0,20,0,"keyboard-worker","OK",1783613747051,72781,1167
1267,1783613747173,75068,72904,0,0,0,0,0,-1,77,80,32,40,70,189.21,61,6,7,-1005,-1,0,0,0,0,0,20,0,"keyboard-worker","OK",1783613747151,72882,1169
1268,1783613747270,75165,73000,0,0,0,0,0,-1,77,80,32,50,70,189.56,61,3,16,-1008,-1,0,0,0,0,0,20,0,"keyboard-worker","OK",1783613747252,72982,1171
1269,1783613747366,75261,73096,0,0,0,0,0,-1,78,80,35,50,70,189.37,61,33,-9,-999,-1,0,0,0,0,0,20,0,"keyboard-worker","OK",1783613747352,73082,1173
1270,1783613747462,75357,73192,0,0,0,0,0,-1,78,80,35,50,70,189.64,62,22,6,-1006,-1,0,0,0,0,0,20,0,"keyboard-worker","OK",1783613747452,73182,1175
1271,1783613747559,75454,73289,0,0,0,0,0,-1,78,80,36,50,70,189.4,62,-50,18,-961,-1,0,0,0,0,0,20,0,"keyboard-worker","OK",1783613747552,73283,1177
1272,1783613747654,75549,73385,0,0,0,0,0,-1,78,80,38,50,70,189.55,62,18,29,-992,-1,0,0,0,0,0,20,0,"keyboard-worker","OK",1783613747653,73383,1179
1273,1783613747751,75646,73481,0,0,0,0,0,0,78,80,39,50,70,189.47,62,6,-2,-977,-1,0,0,0,0,0,20,0,"keyboard-worker","OK",1783613747703,73433,1180
1274,1783613747847,75742,73577,0,0,0,0,0,0,78,80,40,50,70,189.52,62,30,-17,-993,-1,0,0,0,0,0,20,0,"keyboard-worker","OK",1783613747803,73533,1182
1275,1783613747943,75838,73673,0,0,0,0,0,0,78,80,41,50,70,189.46,62,17,-6,-960,-1,0,0,0,0,0,20,0,"keyboard-worker","OK",1783613747903,73633,1184
1276,1783613748039,75934,73770,0,0,0,0,0,0,78,80,42,60,70,189.18,62,4,2,-976,-1,0,0,0,0,0,20,0,"keyboard-worker","OK",1783613748003,73734,1186
1277,1783613748136,76031,73866,0,0,0,0,0,0,78,80,43,60,70,189.36,62,1,28,-982,-1,0,0,0,0,0,20,0,"keyboard-worker","OK",1783613748104,73834,1188
1278,1783613748238,76133,73968,0,0,0,0,0,0,78,80,44,60,70,189.56,62,19,-24,-1005,-1,0,0,0,0,0,20,0,"keyboard-worker","OK",1783613748204,73934,1190
1279,1783613748334,76229,74065,0,0,0,0,0,-1,77,80,45,60,70,189.56,62,18,-4,-999,-1,0,0,0,0,0,20,0,"keyboard-worker","OK",1783613748304,74034,1192
1280,1783613748455,76350,74186,0,0,0,0,0,0,77,80,45,60,70,189.56,63,-17,21,-977,-1,0,0,0,0,0,20,0,"keyboard-worker","OK",1783613748454,74185,1195
1281,1783613748523,76418,74253,0,0,0,0,0,0,77,80,46,60,70,189.47,63,44,-10,-1029,-1,0,0,0,0,0,20,0,"keyboard-worker","OK",1783613748504,74235,1196
1282,1783613748617,76512,74348,0,0,0,0,0,-1,77,80,46,60,70,189.5,63,45,-12,-1024,-1,0,0,0,0,0,20,0,"keyboard-worker","OK",1783613748605,74335,1198
1283,1783613748665,76560,74395,0,0,0,0,0,0,77,80,47,60,70,189.56,63,-11,-3,-929,-1,0,0,0,0,0,20,0,"keyboard-worker","OK",1783613748655,74385,1199
1284,1783613748761,76656,74491,0,0,0,0,0,0,77,80,47,60,70,189.68,63,14,-5,-987,-1,0,0,0,0,0,20,0,"keyboard-worker","OK",1783613748755,74485,1201
1285,1783613748857,76752,74588,0,0,0,0,0,0,77,80,47,60,70,189.14,63,14,12,-1012,-1,0,0,0,0,0,20,0,"keyboard-worker","OK",1783613748855,74586,1203
1286,1783613748954,76849,74684,0,0,0,0,0,0,77,80,47,60,70,189.5,63,26,0,-1020,-1,0,0,0,0,0,20,0,"keyboard-worker","OK",1783613748905,74636,1204
1287,1783613749050,76945,74780,0,0,0,0,0,0,77,80,47,60,70,189.33,63,6,-1,-943,-1,0,0,0,0,0,20,0,"keyboard-worker","OK",1783613749005,74736,1206
1288,1783613749152,77047,74882,0,0,0,0,0,0,77,80,47,60,70,189.7,63,26,12,-1028,-1,0,0,0,0,0,20,0,"keyboard-worker","OK",1783613749106,74836,1208
1289,1783613749243,77138,74974,0,0,0,0,0,0,77,79,47,60,70,189.55,63,-20,4,-988,-1,0,0,0,0,0,20,0,"keyboard-worker","OK",1783613749206,74936,1210
1290,1783613749341,77236,75071,0,0,0,0,0,0,77,79,47,60,70,189.66,64,-2,6,-981,-1,0,0,0,0,0,20,0,"keyboard-worker","OK",1783613749306,75036,1212
1291,1783613749437,77332,75167,0,0,0,0,0,0,77,79,47,60,70,189.28,64,42,-16,-1042,-1,0,0,0,0,0,20,0,"keyboard-worker","OK",1783613749406,75137,1214
1292,1783613749532,77427,75262,0,0,0,0,0,0,77,79,48,60,70,189.41,64,15,-11,-1022,-1,0,0,0,0,0,20,0,"keyboard-worker","OK",1783613749506,75237,1216
1293,1783613749628,77523,75358,0,0,0,0,0,0,77,79,48,60,70,189.33,64,6,-3,-1015,-1,0,0,0,0,0,20,0,"keyboard-worker","OK",1783613749607,75337,1218
1294,1783613749724,77619,75455,0,0,0,0,0,0,77,79,48,70,70,189.67,64,3,5,-988,-1,0,0,0,0,0,20,0,"keyboard-worker","OK",1783613749707,75437,1220
1295,1783613749821,77716,75551,0,0,0,0,0,0,77,79,48,70,70,189.39,64,2,-1,-976,-1,0,0,0,0,0,20,0,"keyboard-worker","OK",1783613749807,75538,1222
1296,1783613749917,77812,75647,0,0,0,0,0,0,77,79,49,70,70,189.38,64,34,17,-1027,-1,0,0,0,0,0,20,0,"keyboard-worker","OK",1783613749907,75638,1224
1297,1783613750014,77909,75744,0,0,0,0,0,0,77,79,49,70,70,189.63,64,-17,8,-1003,-1,0,0,0,0,0,20,0,"keyboard-worker","OK",1783613750008,75738,1226
1298,1783613750109,78004,75840,0,0,0,0,0,0,77,79,50,70,70,189.29,64,23,7,-977,-1,0,0,0,0,0,20,0,"keyboard-worker","OK",1783613750108,75838,1228
1299,1783613750206,78101,75936,0,0,0,0,0,0,77,80,50,70,70,189.3,64,-8,9,-993,-1,0,0,0,0,0,20,0,"keyboard-worker","OK",1783613750158,75888,1229
1300,1783613750302,78197,76032,0,0,0,0,0,0,77,80,51,70,70,189.15,65,-28,1,-968,-1,0,0,0,0,0,20,0,"keyboard-worker","OK",1783613750258,75989,1231
1301,1783613750405,78300,76136,0,0,0,0,0,0,77,80,52,70,70,189.47,65,2,5,-1018,-1,0,0,0,0,0,20,0,"keyboard-worker","OK",1783613750359,76089,1233
1302,1783613750495,78390,76226,0,0,0,0,0,0,77,80,52,70,70,189.69,65,12,-9,-992,-1,0,0,0,0,0,20,0,"keyboard-worker","OK",1783613750459,76189,1235
1303,1783613750605,78500,76335,0,0,0,0,0,0,77,80,53,70,70,189.59,65,-36,5,-961,-1,0,0,0,0,0,20,0,"keyboard-worker","OK",1783613750559,76289,1237
1304,1783613750746,78641,76477,0,0,0,0,0,0,77,80,54,70,70,189.54,65,-5,15,-1004,-1,0,0,0,0,0,20,0,"keyboard-worker","OK",1783613750709,76440,1240
1305,1783613750830,78725,76561,0,0,0,0,0,0,77,80,55,70,70,189.31,65,-20,13,-947,-1,0,0,0,0,0,20,0,"keyboard-worker","OK",1783613750810,76540,1242
1306,1783613750899,78794,76629,0,0,0,0,0,0,77,80,56,70,70,189.65,65,8,8,-1009,-1,0,0,0,0,0,20,0,"keyboard-worker","OK",1783613750860,76590,1243
1307,1783613750984,78879,76714,0,0,0,0,0,0,77,80,57,70,70,189.46,65,5,-3,-968,-1,0,0,0,0,0,20,0,"keyboard-worker","OK",1783613750960,76690,1245
1308,1783613751083,78978,76813,0,0,0,0,0,0,77,80,58,70,70,189.42,65,-21,18,-1021,-1,0,0,0,0,0,20,0,"keyboard-worker","OK",1783613751060,76791,1247
1309,1783613751179,79074,76910,0,0,0,0,0,0,77,79,59,70,70,189.6,65,23,7,-1078,-1,0,0,0,0,0,20,0,"keyboard-worker","OK",1783613751160,76891,1249
1310,1783613751280,79175,77010,0,0,0,0,0,0,77,79,60,70,70,189.54,66,4,13,-986,-1,0,0,0,0,0,20,0,"keyboard-worker","OK",1783613751261,76991,1251
1311,1783613751378,79273,77109,0,0,0,0,0,0,77,79,58,70,70,189.33,66,33,7,-1054,-1,0,0,0,0,0,20,0,"keyboard-worker","OK",1783613751361,77091,1253
1312,1783613751478,79373,77209,0,0,0,0,0,0,77,79,59,80,70,189.62,66,-41,36,-992,-1,0,0,0,0,0,20,0,"keyboard-worker","OK",1783613751461,77191,1255
1313,1783613751578,79473,77308,0,0,0,0,0,0,77,79,60,80,70,189.75,66,-9,-1,-935,-1,0,0,0,0,0,20,0,"keyboard-worker","OK",1783613751561,77292,1257
1314,1783613751678,79573,77408,0,0,0,0,0,0,77,79,61,80,70,189.32,66,56,-26,-992,-1,0,0,0,0,0,20,0,"keyboard-worker","OK",1783613751661,77392,1259
1315,1783613751779,79674,77509,0,0,0,0,0,0,77,79,62,80,70,189.72,66,34,3,-1053,-1,0,0,0,0,0,20,0,"keyboard-worker","OK",1783613751762,77492,1261
1316,1783613751877,79772,77608,0,0,0,0,0,0,77,79,63,80,70,189.53,66,-25,36,-986,-1,0,0,0,0,0,20,0,"keyboard-worker","OK",1783613751862,77592,1263
1317,1783613752092,79987,77822,0,0,0,0,0,0,77,79,64,80,70,189.77,66,19,14,-1029,-1,0,0,0,0,0,20,0,"keyboard-worker","OK",1783613752062,77793,1267
1318,1783613752106,80001,77837,0,0,0,0,0,0,77,79,65,80,70,189.83,66,10,-3,-996,-1,0,0,0,0,0,20,0,"keyboard-worker","OK",1783613752062,77793,1267
1319,1783613752178,80073,77909,0,0,0,0,0,0,77,79,66,80,70,189.71,66,-24,20,-1005,-1,0,0,0,0,0,20,0,"keyboard-worker","OK",1783613752163,77893,1269
1320,1783613752284,80179,78015,0,0,0,0,0,0,77,79,67,80,70,189.85,67,7,9,-999,-1,0,0,0,0,0,20,0,"keyboard-worker","OK",1783613752263,77993,1271
1321,1783613752380,80275,78110,0,0,0,0,0,0,77,79,68,80,70,189.75,67,35,-5,-1002,-1,0,0,0,0,0,20,0,"keyboard-worker","OK",1783613752363,78093,1273
1322,1783613752479,80374,78209,0,0,0,0,0,0,77,79,69,80,70,189.72,67,29,-2,-1010,-1,0,0,0,0,0,20,0,"keyboard-worker","OK",1783613752463,78194,1275
1323,1783613752526,80421,78257,0,0,0,0,0,0,77,79,70,80,70,189.56,67,-12,39,-1013,-1,0,0,0,0,0,20,0,"keyboard-worker","OK",1783613752513,78244,1276
1324,1783613752631,80526,78361,0,0,0,0,0,0,77,79,72,80,70,189.66,67,-15,-1,-973,-1,0,0,0,0,0,20,0,"keyboard-worker","OK",1783613752614,78344,1278
1325,1783613752726,80621,78456,0,0,0,0,0,0,77,79,73,90,70,189.54,67,-4,7,-1024,-1,0,0,0,0,0,20,0,"keyboard-worker","OK",1783613752714,78444,1280
1326,1783613752825,80720,78556,0,0,0,0,0,0,77,79,74,90,70,189.41,67,9,1,-1011,-1,0,0,0,0,0,20,0,"keyboard-worker","OK",1783613752814,78545,1282
1327,1783613752947,80842,78678,0,0,0,0,0,0,77,79,75,90,70,189.66,67,-14,12,-973,-1,0,0,0,0,0,20,0,"keyboard-worker","OK",1783613752914,78645,1284
1328,1783613753031,80926,78762,0,0,0,0,0,0,77,79,76,90,70,190.06,67,38,-20,-998,-1,0,0,0,0,0,20,0,"keyboard-worker","OK",1783613753015,78745,1286
1329,1783613753130,81025,78860,0,0,0,0,0,-1,77,79,78,90,70,190.37,67,-2,-20,-958,-1,0,0,0,0,0,20,0,"keyboard-worker","OK",1783613753115,78845,1288
1330,1783613753227,81122,78958,0,0,0,0,0,0,77,79,79,90,70,190.15,68,19,-5,-991,-1,0,0,0,0,0,20,0,"keyboard-worker","OK",1783613753215,78946,1290
1331,1783613753326,81221,79056,0,0,0,0,0,0,77,79,80,90,70,189.59,68,3,-16,-968,-1,0,0,0,0,0,20,0,"keyboard-worker","OK",1783613753315,79046,1292
1332,1783613753425,81320,79155,0,0,0,0,0,0,77,79,81,90,70,189.89,68,39,-11,-999,-1,0,0,0,0,0,20,0,"keyboard-worker","OK",1783613753416,79146,1294
1333,1783613753523,81418,79254,0,0,0,0,0,0,77,79,82,90,70,189.81,68,44,-29,-970,-1,0,0,0,0,0,20,0,"keyboard-worker","OK",1783613753516,79246,1296
1334,1783613753624,81519,79354,0,0,0,0,0,0,77,79,83,100,70,190,68,16,2,-1005,-1,0,0,0,0,0,20,0,"keyboard-worker","OK",1783613753616,79346,1298
1335,1783613753723,81618,79453,0,0,0,0,0,0,77,79,84,100,70,189.67,68,12,-7,-996,-1,0,0,0,0,0,20,0,"keyboard-worker","OK",1783613753716,79447,1300
1336,1783613753832,81727,79562,0,0,0,0,0,0,77,79,86,100,70,189.97,68,7,17,-980,-1,0,0,0,0,0,20,0,"keyboard-worker","OK",1783613753817,79547,1302
1337,1783613753922,81817,79653,0,0,0,0,0,0,77,79,87,100,70,190.02,68,0,12,-1001,-1,0,0,0,0,0,20,0,"keyboard-worker","OK",1783613753917,79647,1304
1338,1783613754022,81917,79752,0,0,0,0,0,0,77,79,89,100,70,190.13,68,6,7,-1004,-1,0,0,0,0,0,20,0,"keyboard-worker","OK",1783613754017,79747,1306
1339,1783613754122,82017,79853,0,0,0,0,0,0,77,79,90,100,70,189.79,68,-16,2,-1004,-1,0,0,0,0,0,0,0,"keyboard-worker","OK",1783613754117,79848,1308
1340,1783613754221,82116,79952,0,0,0,0,0,-1,77,79,91,100,70,190.05,69,-40,18,-950,-1,0,0,0,0,0,0,0,"keyboard-worker","OK",1783613754218,79948,1310
1341,1783613754321,82216,80051,0,0,0,0,0,0,77,79,92,100,70,190.17,69,8,5,-972,-1,0,0,0,0,0,0,0,"keyboard-worker","OK",1783613754318,80048,1312
1342,1783613754421,82316,80151,0,0,0,0,0,0,77,79,93,110,70,189.61,69,23,-6,-985,-1,0,0,0,0,0,0,0,"keyboard-worker","OK",1783613754418,80148,1314
1343,1783613754520,82415,80251,0,0,0,0,0,0,77,79,94,110,70,189.99,69,9,-7,-986,-1,0,0,0,0,0,0,0,"keyboard-worker","OK",1783613754518,80249,1316
1344,1783613754625,82520,80356,0,0,0,0,0,0,77,79,95,110,70,190.07,69,-22,-6,-959,-1,0,0,0,0,0,0,0,"keyboard-worker","OK",1783613754619,80349,1318
1345,1783613754720,82615,80451,0,0,0,0,0,0,77,79,95,110,70,190.29,69,-11,14,-992,-1,0,0,0,0,0,0,0,"keyboard-worker","OK",1783613754719,80449,1320
1346,1783613754828,82723,80558,0,0,0,0,0,0,77,79,95,110,70,189.86,69,-8,-2,-927,-1,0,0,0,0,0,0,0,"keyboard-worker","OK",1783613754819,80549,1322
1347,1783613754920,82815,80650,0,0,0,0,0,0,77,79,95,110,70,189.96,69,29,-1,-989,-1,0,0,0,0,0,0,0,"keyboard-worker","OK",1783613754919,80650,1324
1348,1783613755027,82922,80757,0,0,0,0,0,0,77,79,95,110,70,189.96,69,-20,0,-984,-1,0,0,0,0,0,0,0,"keyboard-worker","OK",1783613755020,80750,1326
1349,1783613755122,83017,80852,0,0,0,0,0,0,76,80,95,110,70,189.91,69,32,-18,-993,-1,0,0,0,0,0,0,0,"keyboard-worker","OK",1783613755120,80850,1328
1350,1783613755222,83117,80952,0,0,0,0,0,0,76,80,95,110,70,190.33,70,1,0,-1020,-1,0,0,0,0,0,0,0,"keyboard-worker","OK",1783613755220,80951,1330
1351,1783613755340,83235,81071,0,0,0,0,0,0,76,80,95,110,70,190.1,70,-4,5,-1012,-1,0,0,0,0,0,0,0,"keyboard-worker","OK",1783613755320,81051,1332
1352,1783613755426,83321,81156,0,0,0,0,0,0,76,80,96,110,70,189.99,70,15,-2,-1017,-1,0,0,0,0,0,0,0,"keyboard-worker","OK",1783613755421,81151,1334
1353,1783613755543,83438,81273,0,0,0,0,0,0,76,80,95,110,70,190.07,70,27,11,-987,-1,0,0,0,0,0,0,0,"keyboard-worker","OK",1783613755521,81251,1336
1354,1783613755619,83514,81349,0,0,0,0,0,0,76,80,95,110,70,190.02,70,-28,47,-975,-1,0,0,0,0,0,0,0,"keyboard-worker","OK",1783613755571,81301,1337
1355,1783613755721,83616,81452,0,0,0,0,0,0,76,80,95,110,70,190.06,70,-53,34,-996,-1,0,0,0,0,0,0,0,"keyboard-worker","OK",1783613755721,81452,1340
1356,1783613755847,83742,81578,0,0,0,0,0,0,76,80,95,110,70,190.06,70,1,-9,-988,-1,0,0,0,0,0,0,0,"keyboard-worker","OK",1783613755822,81552,1342
1357,1783613755921,83816,81651,0,0,0,0,0,0,76,80,95,110,70,190.18,70,23,-7,-981,-1,0,0,0,0,0,0,0,"keyboard-worker","OK",1783613755872,81602,1343
1358,1783613755969,83864,81699,0,0,0,0,0,0,76,80,94,110,70,189.9,70,0,12,-1004,-1,0,0,0,0,0,0,0,"keyboard-worker","OK",1783613755922,81652,1344
1359,1783613756147,84042,81878,0,0,0,0,0,0,77,80,93,110,70,190.17,70,11,-20,-941,-1,0,0,0,0,0,20,0,"keyboard-worker","OK",1783613756122,81853,1348
1360,1783613756207,84102,81938,0,0,0,0,0,0,77,80,93,110,70,189.99,71,7,-5,-981,-1,0,0,0,0,0,20,0,"keyboard-worker","OK",1783613756173,81903,1349
1361,1783613756270,84165,82000,0,0,0,0,0,0,77,80,93,110,70,189.89,71,-4,17,-1024,-1,0,0,0,0,0,20,0,"keyboard-worker","OK",1783613756223,81953,1350
1362,1783613756423,84318,82154,0,0,0,0,0,0,77,80,93,110,70,189.94,71,5,10,-1004,-1,0,0,0,0,0,20,0,"keyboard-worker","OK",1783613756423,82153,1354
1363,1783613756486,84381,82216,0,0,0,0,0,0,77,80,93,110,70,189.75,71,12,-10,-1023,-1,0,0,0,0,0,20,0,"keyboard-worker","OK",1783613756473,82204,1355
1364,1783613756601,84496,82331,0,0,0,0,0,0,77,80,93,110,70,189.83,71,17,11,-1056,-1,0,0,0,0,0,20,0,"keyboard-worker","OK",1783613756574,82304,1357
1365,1783613756666,84561,82397,0,0,0,0,0,0,77,80,94,110,70,190.12,71,0,-10,-1019,-1,0,0,0,0,0,20,0,"keyboard-worker","OK",1783613756624,82354,1358
1366,1783613756774,84669,82504,0,0,0,0,0,0,77,80,95,110,70,190.04,71,0,11,-1032,-1,0,0,0,0,0,20,0,"keyboard-worker","OK",1783613756774,82504,1361
1367,1783613756865,84760,82595,0,0,0,0,0,0,77,80,96,110,70,189.77,71,24,13,-1083,-1,0,0,0,0,0,20,0,"keyboard-worker","OK",1783613756824,82554,1362
1368,1783613756965,84860,82695,0,0,0,0,0,0,77,80,96,110,70,189.77,71,-9,23,-1024,-1,0,0,0,0,0,20,0,"keyboard-worker","OK",1783613756924,82655,1364
1369,1783613757065,84960,82796,0,0,0,0,0,0,77,80,98,110,70,189.85,71,-11,-5,-940,-1,0,0,0,0,0,20,0,"keyboard-worker","OK",1783613757025,82755,1366
1370,1783613757189,85084,82919,0,0,0,0,0,0,77,80,98,110,70,189.94,72,20,1,-995,-1,0,0,0,0,0,20,0,"keyboard-worker","OK",1783613757175,82905,1369
1371,1783613757271,85166,83001,0,0,0,0,0,0,77,80,99,110,70,189.77,72,7,13,-1021,-1,0,0,0,0,0,20,0,"keyboard-worker","OK",1783613757225,82955,1370
1372,1783613757368,85263,83099,0,-1,0,0,0,0,77,80,100,110,70,190.22,72,10,3,-993,-1,0,0,0,0,0,20,0,"keyboard-worker","OK",1783613757325,83056,1372
1373,1783613757467,85362,83198,0,-1,0,0,0,0,77,80,101,110,70,190.19,72,-18,-2,-937,-1,0,0,0,0,0,20,0,"keyboard-worker","OK",1783613757426,83156,1374
1374,1783613757565,85460,83295,0,0,0,0,0,0,77,80,102,120,70,190,72,-30,41,-1082,-1,0,0,0,0,0,20,0,"keyboard-worker","OK",1783613757526,83256,1376
1375,1783613757662,85557,83393,0,0,0,0,0,0,77,80,102,120,70,189.96,72,-2,6,-1020,-1,0,0,0,0,0,20,0,"keyboard-worker","OK",1783613757626,83356,1378
1376,1783613757762,85657,83493,0,0,0,0,0,0,77,80,103,120,70,189.9,72,32,15,-1070,-1,0,0,0,0,0,20,0,"keyboard-worker","OK",1783613757726,83457,1380
1377,1783613757862,85757,83592,0,0,0,0,0,0,77,80,104,120,70,189.98,72,1,24,-1027,-1,0,0,0,0,0,20,0,"keyboard-worker","OK",1783613757826,83557,1382
1378,1783613757962,85857,83692,0,0,0,0,0,0,77,80,105,120,70,189.99,72,20,-8,-1009,-1,0,0,0,0,0,20,0,"keyboard-worker","OK",1783613757927,83657,1384
1379,1783613758062,85957,83792,0,0,0,0,0,0,77,80,106,120,70,189.77,72,7,14,-993,-1,0,0,0,0,0,20,0,"keyboard-worker","OK",1783613758027,83757,1386
1380,1783613758161,86056,83891,0,0,0,0,0,0,77,80,106,120,70,190.13,73,22,10,-1016,-1,0,0,0,0,0,20,0,"keyboard-worker","OK",1783613758127,83857,1388
1381,1783613758265,86160,83996,0,0,0,0,0,0,77,80,107,120,70,190.19,73,-37,27,-1023,-1,0,0,0,0,0,0,0,"keyboard-worker","OK",1783613758227,83958,1390
1382,1783613758360,86255,84091,0,0,0,0,0,0,77,80,108,120,70,189.99,73,10,-9,-974,-1,0,0,0,0,0,0,0,"keyboard-worker","OK",1783613758328,84058,1392
1383,1783613758460,86355,84191,0,0,0,0,0,0,77,80,109,120,70,190.2,73,-18,21,-1009,-1,0,0,0,0,0,0,0,"keyboard-worker","OK",1783613758428,84158,1394
1384,1783613758560,86455,84290,0,0,0,0,0,0,77,80,109,120,69,190.17,73,8,5,-980,-1,0,0,0,0,0,0,0,"keyboard-worker","OK",1783613758528,84258,1396
1385,1783613758660,86555,84390,0,0,0,0,0,0,77,80,110,120,69,189.89,73,11,16,-1016,-1,0,0,0,0,0,0,0,"keyboard-worker","OK",1783613758628,84359,1398
1386,1783613758759,86654,84490,0,0,0,0,0,0,77,80,110,120,69,190.29,73,23,16,-1009,-1,0,0,0,0,0,0,0,"keyboard-worker","OK",1783613758729,84459,1400
1387,1783613758860,86755,84591,0,0,0,0,0,0,77,80,109,120,69,190.01,73,12,1,-988,-1,0,0,0,0,0,0,0,"keyboard-worker","OK",1783613758829,84559,1402
1388,1783613758962,86857,84692,0,0,0,0,0,0,77,80,110,120,69,189.98,73,0,14,-1023,-1,0,0,0,0,0,-20,0,"keyboard-worker","OK",1783613758929,84659,1404
1389,1783613759062,86957,84793,0,0,0,0,0,0,77,79,110,120,69,190.28,73,-22,10,-1003,-1,0,0,0,0,0,-20,0,"keyboard-worker","OK",1783613759029,84760,1406
1390,1783613759165,87060,84895,0,0,0,0,0,0,77,79,109,120,69,189.96,74,3,-10,-963,-1,0,0,0,0,0,-20,0,"keyboard-worker","OK",1783613759129,84860,1408
1391,1783613759265,87160,84995,0,0,0,0,0,0,77,79,109,120,69,190.11,74,-8,5,-950,-1,0,0,0,0,0,-20,0,"keyboard-worker","OK",1783613759230,84960,1410
1392,1783613759367,87262,85097,0,0,0,0,0,0,77,79,108,120,69,189.95,74,8,-5,-984,-1,0,0,0,0,0,-20,0,"keyboard-worker","OK",1783613759330,85060,1412
1393,1783613759473,87368,85203,0,0,0,0,0,0,77,79,107,120,69,189.98,74,56,-16,-1027,-1,0,0,0,0,0,-20,0,"keyboard-worker","OK",1783613759430,85161,1414
1394,1783613759580,87475,85310,0,0,0,0,0,0,77,79,107,120,69,190.11,74,25,4,-1008,-1,0,0,0,0,0,-20,0,"keyboard-worker","OK",1783613759530,85261,1416
1395,1783613759621,87516,85351,0,0,0,0,0,0,77,79,106,120,69,190.18,74,-8,24,-1054,-1,0,0,0,0,0,-20,0,"keyboard-worker","OK",1783613759581,85311,1417
1396,1783613759727,87622,85457,0,0,0,0,0,0,77,79,105,120,69,190,74,24,-8,-1028,-1,0,0,0,0,0,-20,0,"keyboard-worker","OK",1783613759681,85411,1419
1397,1783613759827,87722,85557,0,0,0,0,0,0,77,79,104,120,69,190.05,74,-11,0,-1001,-1,0,0,0,0,0,-20,0,"keyboard-worker","OK",1783613759781,85511,1421
1398,1783613759927,87822,85658,0,0,0,0,0,0,77,79,103,120,69,189.99,74,-29,25,-1038,-1,0,0,0,0,0,-20,0,"keyboard-worker","OK",1783613759881,85612,1423
1399,1783613760028,87923,85759,0,0,0,0,0,0,76,80,102,120,69,189.86,74,10,2,-1020,-1,0,0,0,0,0,-20,0,"keyboard-worker","OK",1783613759981,85712,1425
1400,1783613760132,88027,85863,0,0,0,0,0,0,76,80,101,120,69,190.01,75,11,-2,-976,-1,0,0,0,0,0,-20,0,"keyboard-worker","OK",1783613760132,85862,1428
1401,1783613760239,88134,85969,0,0,0,0,0,0,76,80,100,120,69,189.86,75,10,2,-1053,-1,0,0,0,0,0,-20,0,"keyboard-worker","OK",1783613760232,85962,1430
1402,1783613760339,88234,86069,0,0,0,0,0,0,76,80,99,110,69,190.27,75,19,4,-975,-1,0,0,0,0,0,-20,0,"keyboard-worker","OK",1783613760332,86063,1432
1403,1783613760435,88330,86165,0,0,0,0,0,0,76,80,99,110,69,190.08,75,30,-2,-1022,-1,0,0,0,0,0,-20,0,"keyboard-worker","OK",1783613760433,86163,1434
1404,1783613760536,88431,86266,0,0,0,0,0,0,76,80,97,110,69,190.31,75,-11,6,-1022,-1,0,0,0,0,0,-20,0,"keyboard-worker","OK",1783613760533,86263,1436
1405,1783613760638,88533,86368,0,0,0,0,0,0,76,80,96,110,69,189.88,75,-9,10,-1005,-1,0,0,0,0,0,-20,0,"keyboard-worker","OK",1783613760633,86364,1438
1406,1783613760739,88634,86470,0,0,0,0,0,0,76,80,95,110,69,190.24,75,-20,0,-969,-1,0,0,0,0,0,-20,0,"keyboard-worker","OK",1783613760733,86464,1440
1407,1783613760842,88737,86572,0,0,0,0,0,0,76,80,94,110,69,189.6,75,-28,10,-979,-1,0,0,0,0,0,-20,0,"keyboard-worker","OK",1783613760834,86564,1442
1408,1783613760943,88838,86673,0,0,0,0,0,0,76,80,93,110,69,190.25,75,5,20,-1074,-1,0,0,0,0,0,-20,0,"keyboard-worker","OK",1783613760934,86664,1444
1409,1783613761047,88942,86778,0,0,0,0,0,0,77,80,93,110,69,189.77,76,6,-4,-1034,-1,0,0,0,0,0,-20,0,"keyboard-worker","OK",1783613761034,86765,1446
1410,1783613761290,89185,87021,0,0,0,0,0,0,77,80,92,110,69,190.02,76,15,-4,-969,-1,0,0,0,0,0,-20,0,"keyboard-worker","OK",1783613761285,87016,1451
1411,1783613761314,89209,87045,0,0,0,0,0,1,77,80,91,110,69,190.14,76,-16,14,-1048,-1,0,0,0,0,0,-20,0,"keyboard-worker","OK",1783613761285,87016,1451
1412,1783613761476,89371,87206,0,0,0,0,0,0,77,80,90,110,69,190.19,76,-25,41,-978,-1,0,0,0,0,0,-20,0,"keyboard-worker","OK",1783613761436,87166,1454
1413,1783613761540,89435,87271,0,0,0,0,0,0,77,80,89,100,69,190.28,76,33,2,-1039,-1,0,0,0,0,0,-20,0,"keyboard-worker","OK",1783613761536,87266,1456
1414,1783613761602,89497,87332,0,0,0,0,0,0,77,80,89,100,69,189.98,76,16,-11,-996,-1,0,0,0,0,0,-20,0,"keyboard-worker","OK",1783613761586,87316,1457
1415,1783613761681,89576,87411,0,0,0,0,0,0,77,80,88,100,69,189.68,76,8,8,-978,-1,0,0,0,0,0,-20,0,"keyboard-worker","OK",1783613761636,87366,1458
1416,1783613761731,89626,87462,0,0,0,0,0,0,77,80,87,100,69,190.12,76,5,10,-970,-1,0,0,0,0,0,-20,0,"keyboard-worker","OK",1783613761686,87417,1459
1417,1783613761833,89728,87563,0,0,0,0,0,1,77,80,85,100,69,189.98,76,20,-19,-1039,-1,0,0,0,0,0,-20,0,"keyboard-worker","OK",1783613761786,87517,1461
1418,1783613761935,89830,87665,0,0,0,0,0,0,77,80,85,100,69,189.64,76,-6,9,-961,-1,0,0,0,0,0,-20,0,"keyboard-worker","OK",1783613761887,87617,1463
1419,1783613762037,89932,87767,0,0,0,0,0,0,76,80,84,100,69,189.73,77,38,11,-1022,-1,0,0,0,0,0,-20,0,"keyboard-worker","OK",1783613762037,87767,1466
1420,1783613762138,90033,87868,0,0,0,0,0,0,76,80,83,100,69,189.69,77,19,-17,-948,-1,0,0,0,0,0,-20,0,"keyboard-worker","OK",1783613762137,87868,1468
1421,1783613762240,90135,87970,0,0,0,0,0,0,76,80,82,100,69,189.54,77,47,-10,-1040,-1,0,0,0,0,0,-20,0,"keyboard-worker","OK",1783613762237,87968,1470
1422,1783613762341,90236,88072,0,0,0,0,0,0,76,80,81,100,69,189.77,77,9,-15,-938,-1,0,0,0,0,0,-20,0,"keyboard-worker","OK",1783613762338,88068,1472
1423,1783613762443,90338,88173,0,0,0,0,0,0,76,80,80,100,69,189.75,77,-3,8,-1040,-1,0,0,0,0,0,-20,0,"keyboard-worker","OK",1783613762438,88168,1474
1424,1783613762545,90440,88275,0,0,0,0,0,0,76,80,79,90,69,189.81,77,-7,9,-957,-1,0,0,0,0,0,-20,0,"keyboard-worker","OK",1783613762538,88269,1476
1425,1783613762753,90648,88483,0,0,0,0,0,0,76,80,78,90,69,189.76,77,24,-4,-1014,-1,0,0,0,0,0,-20,0,"keyboard-worker","OK",1783613762739,88469,1480
1426,1783613762780,90675,88510,0,0,0,0,0,0,76,80,78,90,69,189.81,77,4,25,-1010,-1,0,0,0,0,0,-20,0,"keyboard-worker","OK",1783613762739,88469,1480
1427,1783613764034,91929,88589,0,0,0,0,0,1,76,80,76,90,69,189.79,77,-37,-8,-901,-1,0,0,0,0,0,0,0,"keyboard-worker","OK",1783613762839,88569,1482
1428,1783613764132,92027,88687,0,0,0,0,0,1,76,80,75,90,69,189.89,77,-11,-2,-981,-1,0,0,0,0,0,0,0,"keyboard-worker","OK",1783613764115,88670,1484
1429,1783613764234,92129,88788,0,0,0,0,0,0,77,80,73,90,69,189.82,78,3,30,-1061,-1,0,0,0,0,0,0,0,"keyboard-worker","OK",1783613764215,88770,1486
1430,1783613764335,92230,88890,0,0,0,0,0,0,77,80,73,90,69,189.55,78,-5,11,-1016,-1,0,0,0,0,0,0,0,"keyboard-worker","OK",1783613764316,88870,1488
1431,1783613764440,92335,88994,0,0,0,0,0,0,77,80,72,90,69,189.62,78,9,-8,-1014,-1,0,0,0,0,0,0,0,"keyboard-worker","OK",1783613764416,88970,1490
1432,1783613764539,92434,89093,0,0,0,0,0,0,77,80,72,90,69,189.75,78,25,19,-1024,-1,0,0,0,0,0,0,0,"keyboard-worker","OK",1783613764516,89071,1492
1433,1783613764645,92540,89200,0,0,0,0,0,0,77,80,72,90,69,189.9,78,-1,-9,-944,-1,0,0,0,0,0,0,0,"keyboard-worker","OK",1783613764616,89171,1494
1434,1783613764742,92637,89297,0,0,0,0,0,0,77,80,72,90,69,189.69,78,18,20,-1083,-1,0,0,0,0,0,0,0,"keyboard-worker","OK",1783613764717,89271,1496
1435,1783613764844,92739,89399,0,0,0,0,0,0,77,80,73,90,69,189.61,78,1,4,-951,-1,0,0,0,0,0,0,0,"keyboard-worker","OK",1783613764817,89371,1498
1436,1783613764946,92841,89500,0,0,0,0,0,0,77,80,74,90,69,190.16,78,-11,7,-975,-1,0,0,0,0,0,0,0,"keyboard-worker","OK",1783613764917,89472,1500
1437,1783613765054,92949,89609,0,0,0,0,0,0,77,80,75,90,69,189.88,78,22,11,-972,-1,0,0,0,0,0,0,0,"keyboard-worker","OK",1783613765017,89572,1502
1438,1783613765153,93048,89708,0,0,0,0,0,0,77,80,75,90,69,189.59,78,-26,16,-940,-1,0,0,0,0,0,0,0,"keyboard-worker","OK",1783613765118,89672,1504
1439,1783613765256,93151,89810,0,0,0,0,0,0,77,80,76,90,69,190,79,7,9,-955,-1,0,0,0,0,0,0,0,"keyboard-worker","OK",1783613765218,89772,1506
1440,1783613765353,93248,89908,0,0,0,0,0,0,77,80,76,90,69,189.85,79,-12,6,-1008,-1,0,0,0,0,0,0,0,"keyboard-worker","OK",1783613765318,89873,1508
1441,1783613765456,93351,90010,0,0,0,0,0,0,77,80,77,90,69,190,79,12,6,-983,-1,0,0,0,0,0,-20,0,"keyboard-worker","OK",1783613765418,89973,1510
1442,1783613765602,93497,90157,0,0,0,0,0,0,77,80,77,90,69,189.66,79,-14,20,-963,-1,0,0,0,0,0,-20,0,"keyboard-worker","OK",1783613765569,90123,1513
1443,1783613765658,93553,90212,0,0,0,0,0,0,77,80,77,90,69,189.86,79,-6,-3,-976,-1,0,0,0,0,0,-20,0,"keyboard-worker","OK",1783613765619,90173,1514
1444,1783613765759,93654,90314,0,0,0,0,0,0,77,80,77,90,69,189.56,79,30,5,-974,-1,0,0,0,0,0,-20,0,"keyboard-worker","OK",1783613765719,90274,1516
1445,1783613765861,93756,90415,0,0,0,0,0,0,77,80,76,90,69,189.78,79,-11,13,-983,-1,0,0,0,0,0,-20,0,"keyboard-worker","OK",1783613765819,90374,1518
1446,1783613765962,93857,90517,0,0,0,0,0,0,77,80,75,90,69,189.74,79,0,1,-1006,-1,0,0,0,0,0,-20,0,"keyboard-worker","OK",1783613765920,90474,1520
1447,1783613766064,93959,90619,0,0,0,0,0,0,77,80,75,90,69,189.84,79,-28,38,-1035,-1,0,0,0,0,0,-20,0,"keyboard-worker","OK",1783613766020,90574,1522
1448,1783613766167,94062,90721,0,0,0,0,0,0,77,80,74,90,69,189.91,79,0,2,-939,-1,0,0,0,0,0,-20,0,"keyboard-worker","OK",1783613766120,90675,1524
1449,1783613766268,94163,90822,0,0,0,0,0,0,77,80,73,90,69,189.84,80,24,-4,-1010,-1,0,0,0,0,0,-20,0,"keyboard-worker","OK",1783613766220,90775,1526
1450,1783613766370,94265,90924,0,0,0,0,0,0,77,80,72,90,69,189.72,80,9,0,-1048,-1,0,0,0,0,0,-20,0,"keyboard-worker","OK",1783613766320,90875,1528
1451,1783613766424,94319,90978,0,0,0,0,0,0,77,80,71,90,69,189.76,80,18,2,-997,-1,0,0,0,0,0,-20,0,"keyboard-worker","OK",1783613766421,90975,1530
1452,1783613766524,94419,91078,0,0,0,0,0,0,77,80,70,90,69,189.69,80,10,-11,-937,-1,0,0,0,0,0,-20,0,"keyboard-worker","OK",1783613766521,91075,1532
1453,1783613766623,94518,91178,0,0,0,0,0,0,77,80,69,80,69,189.62,80,9,9,-1023,-1,0,0,0,0,0,-20,0,"keyboard-worker","OK",1783613766621,91176,1534
1454,1783613766731,94626,91286,0,0,0,0,0,0,77,80,68,80,69,189.58,80,-8,18,-1052,-1,0,0,0,0,0,-20,0,"keyboard-worker","OK",1783613766721,91276,1536
1455,1783613766827,94722,91382,0,0,0,0,0,0,77,80,67,80,69,189.73,80,6,1,-1006,-1,0,0,0,0,0,-20,0,"keyboard-worker","OK",1783613766821,91376,1538
1456,1783613766928,94823,91483,0,0,0,0,0,0,77,80,66,80,69,189.69,80,21,-7,-974,-1,0,0,0,0,0,-20,0,"keyboard-worker","OK",1783613766922,91476,1540
1457,1783613767030,94925,91584,0,0,0,0,0,0,77,80,65,80,69,189.54,80,-20,24,-1002,-1,0,0,0,0,0,-20,0,"keyboard-worker","OK",1783613767022,91577,1542
1458,1783613767132,95027,91686,0,0,0,0,0,0,77,80,64,80,69,189.56,80,-6,15,-950,-1,0,0,0,0,0,-20,0,"keyboard-worker","OK",1783613767122,91677,1544
1459,1783613767234,95129,91789,0,0,0,0,0,0,78,79,63,80,69,189.35,81,-1,7,-987,-1,0,0,0,0,0,-20,0,"keyboard-worker","OK",1783613767222,91777,1546
1460,1783613767336,95231,91890,0,0,0,0,0,0,78,79,62,80,69,189.39,81,-25,22,-1029,-1,0,0,0,0,0,-20,0,"keyboard-worker","OK",1783613767323,91877,1548
1461,1783613767437,95332,91991,0,0,0,0,0,0,78,79,61,80,69,189.74,81,15,-6,-985,-1,0,0,0,0,0,-20,0,"keyboard-worker","OK",1783613767423,91977,1550
1462,1783613767538,95433,92093,0,0,0,0,0,0,78,79,60,80,69,189.95,81,12,28,-1042,-1,0,0,0,0,0,-20,0,"keyboard-worker","OK",1783613767523,92078,1552
1463,1783613767640,95535,92195,0,0,0,0,0,0,78,79,59,70,69,189.44,81,-24,26,-1017,-1,0,0,0,0,0,-20,0,"keyboard-worker","OK",1783613767623,92178,1554
1464,1783613767742,95637,92297,0,0,0,0,0,0,78,79,58,70,69,189.56,81,7,23,-1011,-1,0,0,0,0,0,-20,0,"keyboard-worker","OK",1783613767724,92278,1556
1465,1783613767853,95748,92407,0,0,0,0,0,0,78,79,57,70,69,189.47,81,-13,8,-1002,-1,0,0,0,0,0,-20,0,"keyboard-worker","OK",1783613767824,92378,1558
1466,1783613767956,95851,92511,0,0,0,0,0,1,78,79,55,70,69,189.33,81,-11,12,-990,-1,0,0,0,0,0,-20,0,"keyboard-worker","OK",1783613767924,92479,1560
1467,1783613768263,96158,92818,0,0,0,0,0,1,78,79,54,70,69,189.72,81,-9,28,-1078,-1,0,0,0,0,0,-20,0,"keyboard-worker","OK",1783613768225,92779,1566
1468,1783613768748,96643,93303,0,0,0,0,0,1,78,79,54,70,69,189.53,81,-2,20,-961,-1,0,0,0,0,0,0,0,"keyboard-worker","OK",1783613768726,93281,1576
1469,1783613768788,96683,93342,0,0,0,0,0,1,77,79,52,70,69,189.8,82,8,4,-918,-1,0,0,0,0,0,0,0,"keyboard-worker","OK",1783613768776,93331,1577
1470,1783613768789,96684,93344,0,0,0,0,0,0,77,79,52,70,69,189.26,82,3,-12,-957,-1,0,0,0,0,0,0,0,"keyboard-worker","OK",1783613768776,93331,1577
1471,1783613768831,96726,93386,0,0,0,0,0,0,77,79,51,70,69,189.8,82,13,-11,-1032,-1,0,0,0,0,0,0,0,"keyboard-worker","OK",1783613768826,93381,1578
1472,1783613768842,96737,93396,0,0,0,0,0,0,77,79,50,70,69,189.66,82,2,8,-995,-1,0,0,0,0,0,0,0,"keyboard-worker","OK",1783613768826,93381,1578
1473,1783613768872,96767,93426,0,0,0,0,0,0,77,79,49,60,69,189.66,82,12,-17,-957,-1,0,0,0,0,0,0,0,"keyboard-worker","OK",1783613768826,93381,1578
1474,1783613768874,96769,93429,0,0,0,0,0,0,77,79,49,60,69,189.62,82,16,14,-1010,-1,0,0,0,0,0,0,0,"keyboard-worker","OK",1783613768826,93381,1578
1475,1783613768943,96838,93498,0,0,0,0,0,0,77,79,48,60,69,189.32,82,-6,13,-1025,-1,0,0,0,0,0,0,0,"keyboard-worker","OK",1783613768926,93481,1580
1476,1783613769068,96963,93622,0,0,0,0,0,0,77,79,47,60,69,189.62,82,26,-9,-1024,-1,0,0,0,0,0,0,0,"keyboard-worker","OK",1783613769027,93581,1582
1477,1783613769189,97084,93743,0,0,0,0,0,0,77,79,47,60,69,189.38,82,-21,10,-1014,-1,0,0,0,0,0,0,0,"keyboard-worker","OK",1783613769177,93732,1585
1478,1783613769227,97122,93782,0,0,0,0,0,0,77,79,46,60,69,189.69,82,-9,10,-1032,-1,0,0,0,0,0,0,0,"keyboard-worker","OK",1783613769227,93782,1586
1479,1783613769296,97191,93851,0,0,0,0,0,0,77,79,45,60,69,189.61,83,3,-3,-973,-1,0,0,0,0,0,0,0,"keyboard-worker","OK",1783613769277,93832,1587
1480,1783613769387,97282,93942,0,0,0,0,0,0,77,79,44,60,69,189.38,83,-7,16,-1035,-1,0,0,0,0,0,0,0,"keyboard-worker","OK",1783613769377,93932,1589
1481,1783613769436,97331,93990,0,0,0,0,0,0,77,79,43,60,69,189.68,83,-11,-10,-928,-1,0,0,0,0,0,0,0,"keyboard-worker","OK",1783613769427,93982,1590
1482,1783613769529,97424,94084,0,0,0,0,0,0,77,79,42,60,69,189.52,83,-23,29,-1084,-1,0,0,0,0,0,0,0,"keyboard-worker","OK",1783613769528,94082,1592
1483,1783613769606,97501,94161,0,0,0,0,0,0,77,79,42,60,69,189.68,83,35,0,-946,-1,0,0,0,0,0,20,0,"keyboard-worker","OK",1783613769578,94132,1593
1484,1783613769754,97649,94308,0,0,0,0,0,0,77,79,41,60,69,189.42,83,-28,6,-1006,-1,0,0,0,0,0,20,0,"keyboard-worker","OK",1783613769728,94283,1596
1485,1783613769804,97699,94359,0,0,0,0,0,0,77,79,40,60,69,189.38,83,11,19,-1010,-1,0,0,0,0,0,0,0,"keyboard-worker","OK",1783613769778,94333,1597
1486,1783613769903,97798,94457,0,0,0,0,0,0,77,79,39,50,69,189.66,83,-14,0,-1010,-1,0,0,0,0,0,0,0,"keyboard-worker","OK",1783613769878,94433,1599
1487,1783613770004,97899,94558,0,0,0,0,0,0,77,79,38,50,69,189.35,83,-11,5,-1050,-1,0,0,0,0,0,0,0,"keyboard-worker","OK",1783613769978,94533,1601
1488,1783613770101,97996,94656,0,0,0,0,0,0,77,79,37,50,69,189.47,83,19,-10,-964,-1,0,0,0,0,0,0,0,"keyboard-worker","OK",1783613770079,94633,1603
1489,1783613770201,98096,94755,0,0,0,0,0,0,77,79,36,50,69,189.67,84,17,-8,-965,-1,0,0,0,0,0,0,0,"keyboard-worker","OK",1783613770179,94733,1605
1490,1783613770300,98195,94855,0,0,0,0,0,0,77,79,40,50,69,189.4,84,19,4,-1008,-1,0,0,0,0,0,0,0,"keyboard-worker","OK",1783613770279,94834,1607
1491,1783613770399,98294,94954,0,0,0,0,0,0,77,79,40,50,69,189.36,84,-4,14,-1049,-1,0,0,0,0,0,0,0,"keyboard-worker","OK",1783613770379,94934,1609
1492,1783613770499,98394,95053,0,0,0,0,0,0,77,79,40,50,69,189.79,84,-5,19,-1005,-1,0,0,0,0,0,0,0,"keyboard-worker","OK",1783613770480,95034,1611
1493,1783613770597,98492,95152,0,0,0,0,0,0,77,79,40,50,69,189.19,84,5,11,-1095,-1,0,0,0,0,0,0,0,"keyboard-worker","OK",1783613770580,95134,1613
1494,1783613770697,98592,95251,0,0,0,0,0,0,77,79,41,50,69,189.52,84,4,-12,-998,-1,0,0,0,0,0,0,0,"keyboard-worker","OK",1783613770680,95235,1615
1495,1783613770800,98695,95355,0,0,0,0,0,0,77,79,43,50,69,189.63,84,-7,4,-995,-1,0,0,0,0,0,0,0,"keyboard-worker","OK",1783613770780,95335,1617
1496,1783613770896,98791,95451,0,0,0,0,0,0,77,79,44,50,69,189.62,84,3,4,-971,-1,0,0,0,0,0,-20,0,"keyboard-worker","OK",1783613770880,95435,1619
1497,1783613770998,98893,95553,0,0,0,0,0,0,77,79,45,60,69,189.34,84,-31,21,-953,-1,0,0,0,0,0,0,0,"keyboard-worker","OK",1783613770981,95535,1621
1498,1783613771095,98990,95649,0,0,0,0,0,0,77,79,46,60,69,189.72,84,-4,-10,-958,-1,0,0,0,0,0,0,0,"keyboard-worker","OK",1783613771081,95635,1623
1499,1783613771193,99088,95747,0,0,0,0,0,0,77,80,47,60,69,189.31,85,-7,0,-977,-1,0,0,0,0,0,0,0,"keyboard-worker","OK",1783613771181,95736,1625
1500,1783613771292,99187,95847,0,0,0,0,0,0,77,80,48,60,69,189.15,85,2,-14,-969,-1,0,0,0,0,0,0,0,"keyboard-worker","OK",1783613771281,95836,1627
1501,1783613771541,99436,96096,0,0,0,0,0,0,77,80,48,60,69,189.36,85,-4,-6,-933,-1,0,0,0,0,0,0,0,"keyboard-worker","OK",1783613771532,96086,1632
1502,1783613771685,99580,96239,0,0,0,0,0,0,77,80,48,60,69,189.3,85,-3,-11,-983,-1,0,0,0,0,0,0,0,"keyboard-worker","OK",1783613771682,96237,1635
1503,1783613771795,99690,96350,0,0,0,0,0,0,77,80,48,60,69,189.51,85,18,-12,-992,-1,0,0,0,0,0,0,0,"keyboard-worker","OK",1783613771782,96337,1637
1504,1783613771812,99707,96367,0,0,0,0,0,0,77,80,48,60,69,189.56,85,5,18,-1024,-1,0,0,0,0,0,0,0,"keyboard-worker","OK",1783613771782,96337,1637
1505,1783613771837,99732,96391,0,0,0,0,0,0,77,80,47,60,69,189.54,85,38,-23,-995,-1,0,0,0,0,0,0,0,"keyboard-worker","OK",1783613771832,96387,1638
1506,1783613771921,99816,96476,0,0,0,0,0,0,77,80,47,60,69,189.57,85,3,-3,-1002,-1,0,0,0,0,0,0,0,"keyboard-worker","OK",1783613771882,96437,1639
1507,1783613771989,99884,96543,0,0,0,0,0,0,77,80,47,60,69,189.54,85,-14,5,-990,-1,0,0,0,0,0,0,0,"keyboard-worker","OK",1783613771983,96537,1641
1508,1783613772038,99933,96593,0,0,0,0,0,0,77,80,46,60,69,189.68,85,-9,2,-997,-1,0,0,0,0,0,0,0,"keyboard-worker","OK",1783613772033,96587,1642
1509,1783613772187,100082,96742,0,0,0,0,0,0,77,80,45,60,69,189.4,86,0,16,-1033,-1,0,0,0,0,0,0,0,"keyboard-worker","OK",1783613772183,96738,1645
1510,1783613772286,100181,96841,0,0,0,0,0,0,77,80,44,60,69,189.57,86,-22,6,-979,-1,0,0,0,0,0,0,0,"keyboard-worker","OK",1783613772283,96838,1647
1511,1783613772336,100231,96890,0,0,0,0,0,0,77,80,44,60,69,189.69,86,-12,-11,-972,-1,0,0,0,0,0,0,0,"keyboard-worker","OK",1783613772333,96888,1648
1512,1783613772435,100330,96990,0,0,0,0,0,0,77,80,43,60,69,189.36,86,4,2,-978,-1,0,0,0,0,0,0,0,"keyboard-worker","OK",1783613772434,96988,1650
1513,1783613772534,100429,97089,0,0,0,0,0,0,77,80,42,60,69,189.39,86,-4,16,-1063,-1,0,0,0,0,0,0,0,"keyboard-worker","OK",1783613772534,97088,1652
1514,1783613772634,100529,97188,0,0,0,0,0,0,77,80,41,60,69,189.09,86,-18,4,-953,-1,0,0,0,0,0,0,0,"keyboard-worker","OK",1783613772634,97189,1654
1515,1783613772771,100666,97326,0,0,0,0,0,0,77,80,41,60,69,189.54,86,16,6,-1015,-1,0,0,0,0,0,0,0,"keyboard-worker","OK",1783613772734,97289,1656
1516,1783613772833,100728,97387,0,0,0,0,0,0,77,80,40,60,69,189.44,86,-8,22,-1012,-1,0,0,0,0,0,0,0,"keyboard-worker","OK",1783613772784,97339,1657
1517,1783613772931,100826,97486,0,0,0,0,0,0,77,80,39,60,69,189.67,86,-4,-16,-965,-1,0,0,0,0,0,0,0,"keyboard-worker","OK",1783613772885,97439,1659
1518,1783613773030,100925,97585,0,0,0,0,0,0,77,80,38,60,69,189.45,86,-11,15,-1013,-1,0,0,0,0,0,0,0,"keyboard-worker","OK",1783613772985,97539,1661
1519,1783613773130,101025,97684,0,0,0,0,0,0,77,80,38,50,69,189.36,87,8,21,-1030,-1,0,0,0,0,0,0,0,"keyboard-worker","OK",1783613773085,97640,1663
1520,1783613773231,101126,97785,0,0,0,0,0,0,77,80,38,50,69,189.43,87,-7,5,-999,-1,0,0,0,0,0,0,0,"keyboard-worker","OK",1783613773185,97740,1665
1521,1783613773333,101228,97887,0,0,0,0,0,0,77,80,38,50,69,189.6,87,-27,18,-999,-1,0,0,0,0,0,0,0,"keyboard-worker","OK",1783613773285,97840,1667
1522,1783613773430,101325,97985,0,0,0,0,0,0,77,80,37,50,69,189.65,87,-11,5,-1031,-1,0,0,0,0,0,0,0,"keyboard-worker","OK",1783613773386,97940,1669
1523,1783613773527,101422,98082,0,0,0,0,0,0,77,80,37,50,69,189.54,87,-25,15,-995,-1,0,0,0,0,0,0,-20,"keyboard-worker","OK",1783613773486,98040,1671
1524,1783613773626,101521,98180,0,0,-1,0,0,0,77,80,37,50,69,189.52,87,1,0,-1038,-1,0,0,0,0,0,0,-20,"keyboard-worker","OK",1783613773586,98141,1673
1525,1783613773725,101620,98279,0,0,-1,0,0,0,77,80,37,50,69,189.2,87,-10,7,-980,-1,0,0,0,0,0,0,-20,"keyboard-worker","OK",1783613773686,98241,1675
1526,1783613773824,101719,98379,0,0,-3,0,0,0,77,80,37,50,69,189.41,87,-9,-4,-962,-1,0,0,0,0,0,0,-20,"keyboard-worker","OK",1783613773786,98341,1677
1527,1783613773923,101818,98478,0,0,-4,0,0,0,77,80,37,50,69,189.48,87,6,2,-977,-1,0,0,0,0,0,0,-20,"keyboard-worker","OK",1783613773887,98441,1679
1528,1783613774023,101918,98577,0,0,-5,0,0,0,77,80,37,50,69,189.37,87,-44,37,-1000,-1,0,0,0,0,0,0,-20,"keyboard-worker","OK",1783613773987,98541,1681
1529,1783613774122,102017,98676,0,0,-6,0,0,0,77,80,36,50,69,189.42,88,-10,8,-964,-1,0,0,0,0,0,0,-20,"keyboard-worker","OK",1783613774087,98642,1683
1530,1783613774221,102116,98776,0,0,-7,0,0,0,77,80,37,50,69,189.71,88,-53,27,-1003,-1,0,0,0,0,0,0,-20,"keyboard-worker","OK",1783613774187,98742,1685
1531,1783613774320,102215,98875,0,0,-7,0,0,0,77,80,38,50,69,189.6,88,0,-9,-965,-1,0,0,0,0,0,0,-20,"keyboard-worker","OK",1783613774287,98842,1687
1532,1783613774420,102315,98974,0,0,-8,0,0,0,77,80,38,50,69,189.39,88,-19,10,-1019,-1,0,0,0,0,0,0,-20,"keyboard-worker","OK",1783613774388,98942,1689
1533,1783613774519,102414,99073,0,0,-9,0,0,0,77,80,38,50,69,189.34,88,3,-1,-998,-1,0,0,0,0,0,0,-20,"keyboard-worker","OK",1783613774488,99042,1691
1534,1783613774649,102544,99204,0,0,-10,0,0,0,77,80,38,50,69,189.26,88,-10,10,-1033,-1,0,0,0,0,0,0,-20,"keyboard-worker","OK",1783613774638,99193,1694
1535,1783613774718,102613,99273,0,0,-11,0,0,0,77,80,38,50,69,189.34,88,10,8,-1009,-1,0,0,0,0,0,0,-20,"keyboard-worker","OK",1783613774688,99243,1695
1536,1783613774821,102716,99375,0,0,-12,0,0,0,77,80,38,50,69,189.23,88,-22,13,-1004,-1,0,0,0,0,0,0,-20,"keyboard-worker","OK",1783613774789,99343,1697
1537,1783613774921,102816,99476,0,0,-13,0,0,0,77,80,38,50,69,189.26,88,10,7,-1016,-1,0,0,0,0,0,0,-20,"keyboard-worker","OK",1783613774889,99443,1699
1538,1783613775018,102913,99572,0,0,-14,0,0,0,77,80,39,50,69,189.39,88,-44,32,-999,-1,0,0,0,0,0,0,-20,"keyboard-worker","OK",1783613774989,99544,1701
1539,1783613775116,103011,99670,0,0,-15,0,0,0,77,79,39,50,69,189.42,89,1,0,-992,-1,0,0,0,0,0,0,-20,"keyboard-worker","OK",1783613775089,99644,1703
1540,1783613775213,103108,99768,0,0,-16,0,0,0,77,79,39,50,69,189.5,89,-10,24,-1037,-1,0,0,0,0,0,0,-20,"keyboard-worker","OK",1783613775189,99744,1705
1541,1783613775313,103208,99867,0,0,-17,0,0,0,77,79,40,50,69,189.1,89,3,4,-1001,-1,0,0,0,0,0,0,-20,"keyboard-worker","OK",1783613775290,99844,1707
1542,1783613775412,103307,99967,0,0,-18,0,0,0,77,79,40,50,69,189.13,89,-45,4,-945,-1,0,0,0,0,0,0,-20,"keyboard-worker","OK",1783613775390,99945,1709
1543,1783613775511,103406,100066,0,0,-19,0,0,0,77,79,39,50,69,189.72,89,19,-4,-987,-1,0,0,0,0,0,0,-20,"keyboard-worker","OK",1783613775490,100045,1711
1544,1783613775610,103505,100165,0,0,-20,0,0,0,77,79,39,50,69,189.58,89,24,10,-1030,-1,0,0,0,0,0,0,-20,"keyboard-worker","OK",1783613775590,100145,1713
1545,1783613775709,103604,100264,0,0,-21,0,0,0,77,79,39,50,69,189.51,89,6,-11,-954,-1,0,0,0,0,0,0,-20,"keyboard-worker","OK",1783613775691,100245,1715
1546,1783613775762,103657,100316,0,0,-21,0,0,0,77,79,39,50,69,189.71,89,-2,13,-1017,-1,0,0,0,0,0,0,-20,"keyboard-worker","OK",1783613775741,100295,1716
1547,1783613775862,103757,100416,0,0,-22,0,0,0,77,79,39,50,69,189.35,89,16,-5,-1016,-1,0,0,0,0,0,0,-20,"keyboard-worker","OK",1783613775841,100396,1718
1548,1783613775960,103855,100515,0,0,-23,0,0,0,77,79,39,50,69,189.55,89,-2,-8,-1024,-1,0,0,0,0,0,0,-20,"keyboard-worker","OK",1783613775941,100496,1720
1549,1783613776106,104001,100661,0,0,-25,0,0,0,78,80,38,50,69,189.53,90,-11,-7,-958,-1,0,0,0,0,0,0,-20,"keyboard-worker","OK",1783613776092,100646,1723
1550,1783613776206,104101,100760,0,0,-26,0,0,0,78,80,39,50,69,189.76,90,-5,-12,-1004,-1,0,0,0,0,0,0,-20,"keyboard-worker","OK",1783613776192,100747,1725
1551,1783613776305,104200,100860,0,0,-27,0,0,0,78,80,39,50,69,189.56,90,-2,16,-1024,-1,0,0,0,0,0,0,-20,"keyboard-worker","OK",1783613776292,100847,1727
1552,1783613776404,104299,100959,0,0,-29,0,0,0,78,80,39,50,69,189.63,90,6,17,-1020,-1,0,0,0,0,0,0,-20,"keyboard-worker","OK",1783613776392,100947,1729
1553,1783613776618,104513,101172,0,0,-30,0,0,0,78,80,39,50,68,189.44,90,1,11,-1072,-1,0,0,0,0,0,0,-20,"keyboard-worker","OK",1783613776593,101147,1733
1554,1783613776675,104570,101230,0,0,-31,0,0,0,78,80,39,50,68,189.7,90,15,20,-1085,-1,0,0,0,0,0,0,-20,"keyboard-worker","OK",1783613776643,101198,1734
1555,1783613776722,104617,101277,0,0,-32,0,0,0,78,80,39,50,68,189.49,90,6,-4,-995,-1,0,0,0,0,0,0,-20,"keyboard-worker","OK",1783613776693,101248,1735
1556,1783613776970,104865,101524,0,0,-33,0,0,0,78,80,39,50,68,189.6,90,21,-3,-1010,-1,0,0,0,0,0,0,-20,"keyboard-worker","OK",1783613776944,101498,1740
1557,1783613777078,104973,101633,0,0,-33,0,0,0,78,80,39,50,68,189.29,90,-20,1,-977,-1,0,0,0,0,0,0,-20,"keyboard-worker","OK",1783613777044,101599,1742
1558,1783613777117,105012,101672,0,0,-34,0,0,0,78,80,39,50,68,189.35,91,9,-8,-986,-1,0,0,0,0,0,0,-20,"keyboard-worker","OK",1783613777094,101649,1743
1559,1783613777204,105099,101759,0,0,-35,0,0,0,77,80,39,50,68,189.62,91,-10,-10,-1015,-1,0,0,0,0,0,0,-20,"keyboard-worker","OK",1783613777194,101749,1745
1560,1783613777334,105229,101889,0,0,-36,0,0,0,77,80,39,50,68,189.37,91,9,5,-980,-1,0,0,0,0,0,0,-20,"keyboard-worker","OK",1783613777295,101849,1747
1561,1783613777404,105299,101959,0,0,-37,0,0,0,77,80,39,50,68,189.46,91,4,1,-1037,-1,0,0,0,0,0,0,-20,"keyboard-worker","OK",1783613777395,101949,1749
1562,1783613777594,105489,102149,0,0,-38,0,0,0,77,80,39,50,68,189.65,91,-3,0,-1013,-1,0,0,0,0,0,0,-20,"keyboard-worker","OK",1783613777545,102100,1752
1563,1783613777707,105602,102262,0,0,-39,0,0,0,77,80,39,50,68,189.47,91,8,-4,-983,-1,0,0,0,0,0,0,-20,"keyboard-worker","OK",1783613777696,102250,1755
1564,1783613777811,105706,102365,0,0,-39,0,0,0,77,80,40,50,68,189.24,91,-17,0,-936,-1,0,0,0,0,0,0,-20,"keyboard-worker","OK",1783613777796,102350,1757
1565,1783613777860,105755,102414,0,0,-40,0,0,0,77,80,40,60,68,189.71,91,-55,51,-1006,-1,0,0,0,0,0,0,-20,"keyboard-worker","OK",1783613777846,102401,1758
1566,1783613777958,105853,102513,0,0,-41,0,0,0,77,80,40,60,68,189.44,91,-13,7,-959,-1,0,0,0,0,0,0,-20,"keyboard-worker","OK",1783613777946,102501,1760
1567,1783613778053,105948,102607,0,0,-42,0,0,0,77,80,40,60,68,189.51,91,-2,-12,-955,-1,0,0,0,0,0,0,-20,"keyboard-worker","OK",1783613778046,102601,1762
1568,1783613778149,106044,102704,0,0,-43,0,0,0,77,80,41,60,68,189.46,92,-45,29,-1007,-1,0,0,0,0,0,0,-20,"keyboard-worker","OK",1783613778147,102701,1764
1569,1783613778195,106090,102750,0,0,-44,0,0,0,78,81,41,60,68,189.75,92,9,-3,-985,-1,0,0,0,0,0,0,-20,"keyboard-worker","OK",1783613778147,102701,1764
1570,1783613778298,106193,102853,0,0,-45,0,0,0,78,81,41,60,68,189.19,92,-3,6,-1030,-1,0,0,0,0,0,0,-20,"keyboard-worker","OK",1783613778297,102851,1767
1571,1783613778416,106311,102970,0,0,-46,0,0,0,78,81,41,60,68,189.44,92,3,-7,-980,-1,0,0,0,0,0,0,-20,"keyboard-worker","OK",1783613778397,102952,1769
1572,1783613778496,106391,103051,0,0,-47,0,0,0,78,81,40,60,68,189.41,92,-15,6,-1013,-1,0,0,0,0,0,0,-20,"keyboard-worker","OK",1783613778447,103002,1770
1573,1783613778655,106550,103209,0,0,-48,0,0,0,78,81,41,60,68,189.15,92,7,3,-1054,-1,0,0,0,0,0,0,-20,"keyboard-worker","OK",1783613778648,103202,1774
1574,1783613778713,106608,103268,0,0,-49,0,0,0,78,81,41,60,68,189.57,92,35,-21,-1021,-1,0,0,0,0,0,0,-20,"keyboard-worker","OK",1783613778698,103252,1775
1575,1783613778760,106655,103315,0,0,-50,0,0,0,78,81,41,60,68,189.82,92,7,9,-1058,-1,0,0,0,0,0,0,-20,"keyboard-worker","OK",1783613778748,103302,1776
1576,1783613778837,106732,103392,0,0,-51,0,0,0,78,81,41,60,68,189.77,92,-14,14,-989,-1,0,0,0,0,0,0,-20,"keyboard-worker","OK",1783613778798,103353,1777
1577,1783613778930,106825,103485,0,0,-52,0,0,0,78,81,41,60,68,189.56,92,1,7,-1003,-1,0,0,0,0,0,0,-20,"keyboard-worker","OK",1783613778898,103453,1779
1578,1783613779037,106932,103591,0,0,-53,0,0,0,78,81,41,60,68,189.57,93,-5,-7,-988,-1,0,0,0,0,0,0,-20,"keyboard-worker","OK",1783613778998,103553,1781
1579,1783613779150,107045,103704,0,0,-54,0,0,0,77,80,41,60,68,189.52,93,7,-19,-962,-1,0,0,0,0,0,0,-20,"keyboard-worker","OK",1783613779149,103703,1784
1580,1783613779287,107182,103842,0,0,-55,0,0,0,77,80,41,60,68,189.45,93,-23,20,-1085,-1,0,0,0,0,0,0,-20,"keyboard-worker","OK",1783613779249,103803,1786
1581,1783613779330,107225,103885,0,0,-56,0,0,0,77,80,41,60,68,189.54,93,-7,4,-1008,-1,0,0,0,0,0,0,-20,"keyboard-worker","OK",1783613779299,103854,1787
1582,1783613779456,107351,104011,0,0,-57,0,0,0,77,80,40,60,68,189.68,93,-39,1,-969,-1,0,0,0,0,0,0,-20,"keyboard-worker","OK",1783613779449,104004,1790
1583,1783613779569,107464,104124,0,0,-58,0,0,0,77,80,41,60,68,189.56,93,4,-2,-1016,-1,0,0,0,0,0,0,-20,"keyboard-worker","OK",1783613779549,104104,1792
1584,1783613779654,107549,104209,0,0,-59,0,0,0,77,80,40,60,68,189.24,93,-37,33,-1048,-1,0,0,0,0,0,0,0,"keyboard-worker","OK",1783613779650,104204,1794
1585,1783613779766,107661,104320,0,0,-60,0,0,0,77,80,40,60,68,189.62,93,-17,32,-1022,-1,0,0,0,0,0,0,0,"keyboard-worker","OK",1783613779750,104304,1796
1586,1783613779863,107758,104417,0,0,-61,0,0,0,77,80,40,60,68,189.71,93,-18,12,-988,-1,0,0,0,0,0,0,0,"keyboard-worker","OK",1783613779850,104405,1798
1587,1783613779939,107834,104493,0,0,-62,0,0,0,77,80,40,60,68,189.57,93,-19,1,-992,-1,0,0,0,0,0,0,0,"keyboard-worker","OK",1783613779900,104455,1799
1588,1783613780028,107923,104582,0,0,-63,0,0,0,77,80,38,60,68,189.48,94,-5,-5,-953,-1,0,0,0,0,0,0,0,"keyboard-worker","OK",1783613780000,104555,1801
1589,1783613780079,107974,104633,0,0,-64,0,0,0,77,80,38,60,68,189.83,94,1,-19,-907,-1,0,0,0,0,0,0,0,"keyboard-worker","OK",1783613780051,104605,1802
1590,1783613780240,108135,104795,0,0,-65,0,0,0,77,80,37,50,68,189.66,94,13,-23,-1018,-1,0,0,0,0,0,0,0,"keyboard-worker","OK",1783613780201,104756,1805
1591,1783613780302,108197,104857,0,0,-66,0,0,0,77,80,37,50,68,189.23,94,-6,28,-1084,-1,0,0,0,0,0,0,0,"keyboard-worker","OK",1783613780301,104856,1807
1592,1783613780331,108226,104886,0,0,-67,0,0,0,77,80,36,50,68,189.34,94,5,-1,-1030,-1,0,0,0,0,0,0,0,"keyboard-worker","OK",1783613780301,104856,1807
1593,1783613780420,108315,104974,0,0,-67,0,0,0,77,80,36,50,68,189.49,94,0,13,-1034,-1,0,0,0,0,0,0,0,"keyboard-worker","OK",1783613780401,104956,1809
1594,1783613780505,108400,105059,0,0,-68,0,0,0,77,80,36,50,68,189.56,94,-26,18,-1024,-1,0,0,0,0,0,0,0,"keyboard-worker","OK",1783613780502,105056,1811
1595,1783613780618,108513,105172,0,0,-69,0,0,0,77,80,36,50,68,189.7,94,-16,6,-998,-1,0,0,0,0,0,0,0,"keyboard-worker","OK",1783613780602,105156,1813
1596,1783613780720,108615,105274,0,0,-69,0,0,0,77,80,36,50,68,189.33,94,32,3,-1017,-1,0,0,0,0,0,0,0,"keyboard-worker","OK",1783613780702,105257,1815
1597,1783613780795,108690,105350,0,0,-70,0,0,0,77,80,36,50,68,189.75,94,-10,29,-1060,-1,0,0,0,0,0,0,0,"keyboard-worker","OK",1783613780752,105307,1816
1598,1783613780895,108790,105449,0,0,-70,0,0,0,77,80,36,50,68,189.4,95,-23,10,-998,-1,0,0,0,0,0,0,0,"keyboard-worker","OK",1783613780852,105407,1818
1599,1783613780995,108890,105550,0,0,-70,0,0,0,78,80,37,50,68,189.29,95,-23,0,-978,-1,0,0,0,0,0,0,0,"keyboard-worker","OK",1783613780953,105507,1820
1600,1783613781094,108989,105648,0,0,-71,0,0,0,78,80,37,50,68,189.47,95,-25,20,-1001,-1,0,0,0,0,0,0,0,"keyboard-worker","OK",1783613781053,105607,1822
1601,1783613781192,109087,105747,0,0,-71,0,0,0,78,80,38,50,68,189.64,95,7,0,-987,-1,0,0,0,0,0,0,0,"keyboard-worker","OK",1783613781153,105708,1824
1602,1783613781291,109186,105846,0,0,-72,0,0,0,78,80,38,50,68,189.41,95,-56,24,-961,-1,0,0,0,0,0,0,0,"keyboard-worker","OK",1783613781253,105808,1826
1603,1783613781391,109286,105945,0,0,-72,0,0,0,78,80,39,50,68,189.52,95,7,6,-990,-1,0,0,0,0,0,0,0,"keyboard-worker","OK",1783613781353,105908,1828
1604,1783613781446,109341,106001,0,0,-72,0,0,0,78,80,39,50,68,189.35,95,12,4,-1014,-1,0,0,0,0,0,0,0,"keyboard-worker","OK",1783613781404,105958,1829
1605,1783613781542,109437,106096,0,0,-72,0,0,0,78,80,40,50,68,189.34,95,14,8,-1008,-1,0,0,0,0,0,0,0,"keyboard-worker","OK",1783613781504,106058,1831
1606,1783613781647,109542,106202,0,0,-72,0,0,0,78,80,40,50,68,189.48,95,-40,38,-993,-1,0,0,0,0,0,0,0,"keyboard-worker","OK",1783613781604,106159,1833
1607,1783613781746,109641,106300,0,0,-72,0,0,0,78,80,40,50,68,189.73,95,-8,-12,-993,-1,0,0,0,0,0,0,0,"keyboard-worker","OK",1783613781704,106259,1835
1608,1783613781875,109770,106429,0,0,-72,0,0,0,78,80,41,50,68,189.53,96,0,3,-977,-1,0,0,0,0,0,0,0,"keyboard-worker","OK",1783613781855,106409,1838
1609,1783613781973,109868,106528,0,0,-72,0,0,0,78,80,41,60,68,189.46,96,-9,14,-1017,-1,0,0,0,0,0,0,0,"keyboard-worker","OK",1783613781955,106509,1840
1610,1783613782035,109930,106590,0,0,-72,0,0,0,78,80,42,60,68,189.27,96,-27,12,-980,-1,0,0,0,0,0,0,0,"keyboard-worker","OK",1783613782005,106560,1841
1611,1783613782135,110030,106689,0,0,-72,0,0,0,78,80,42,60,68,189.51,96,27,-10,-1010,-1,0,0,0,0,0,0,0,"keyboard-worker","OK",1783613782105,106660,1843
1612,1783613782702,110597,107256,0,0,-72,0,0,0,78,80,43,60,68,189.41,96,-3,-2,-989,-1,0,0,0,0,0,0,0,"keyboard-worker","OK",1783613782656,107211,1854
1613,1783613783800,111695,108355,0,0,-72,0,0,0,78,80,43,60,68,189.43,96,-42,27,-1014,-1,0,0,0,0,0,0,0,"keyboard-worker","OK",1783613783759,108313,1876
1614,1783613783801,111696,108355,0,0,-72,0,0,0,78,80,43,60,68,189.67,96,-10,-17,-959,-1,0,0,0,0,0,0,0,"keyboard-worker","OK",1783613783759,108313,1876
1615,1783613783806,111701,108361,0,0,-72,0,0,0,78,80,43,60,68,189.49,96,28,-12,-1022,-1,0,0,0,0,0,0,0,"keyboard-worker","OK",1783613783759,108313,1876
1616,1783613783807,111702,108361,0,0,-72,0,0,0,78,80,43,60,68,189.84,96,-45,19,-977,-1,0,0,0,0,0,0,0,"keyboard-worker","OK",1783613783759,108313,1876
1617,1783613783823,111718,108377,0,0,-72,0,0,0,78,80,44,60,68,189.77,96,-6,-10,-984,-1,0,0,0,0,0,0,0,"keyboard-worker","OK",1783613783809,108363,1877
1618,1783613783827,111722,108382,0,0,-72,0,0,0,78,80,43,60,68,189.5,97,-17,9,-987,-1,0,0,0,0,0,0,0,"keyboard-worker","OK",1783613783809,108363,1877
1619,1783613783836,111731,108391,0,0,-72,0,0,0,78,81,44,60,68,189.57,97,25,-3,-1010,-1,0,0,0,0,0,0,0,"keyboard-worker","OK",1783613783809,108363,1877
1620,1783613783841,111736,108395,0,0,-72,0,0,0,78,81,44,60,68,189.63,97,3,0,-969,-1,0,0,0,0,0,0,0,"keyboard-worker","OK",1783613783809,108363,1877
1621,1783613783845,111740,108399,0,0,-72,0,0,0,78,81,44,60,68,189.83,97,-5,25,-1036,-1,0,0,0,0,0,0,0,"keyboard-worker","OK",1783613783809,108363,1877
1622,1783613783849,111744,108404,0,0,-72,0,0,0,78,81,43,60,68,189.77,97,-19,13,-993,-1,0,0,0,0,0,0,0,"keyboard-worker","OK",1783613783809,108363,1877
1623,1783613783854,111749,108408,0,0,-72,0,0,0,78,81,43,60,68,189.55,97,-16,19,-986,-1,0,0,0,0,0,0,0,"keyboard-worker","OK",1783613783809,108363,1877
1624,1783613783858,111753,108412,0,0,-72,0,0,0,78,81,43,60,68,189.64,97,22,13,-983,-1,0,0,0,0,0,0,0,"keyboard-worker","OK",1783613783809,108363,1877
1625,1783613783862,111757,108417,0,0,-72,0,0,0,78,81,43,60,68,189.76,97,13,-7,-1022,-1,0,0,0,0,0,0,0,"keyboard-worker","OK",1783613783859,108414,1878
1626,1783613783871,111766,108425,0,0,-72,0,0,0,78,81,43,60,68,189.54,97,35,-8,-989,-1,0,0,0,0,0,0,0,"keyboard-worker","OK",1783613783859,108414,1878
1627,1783613783875,111770,108430,0,0,-72,0,0,0,78,81,42,60,68,189.35,97,-22,-4,-899,-1,0,0,0,0,0,0,0,"keyboard-worker","OK",1783613783859,108414,1878
1628,1783613783883,111778,108438,0,0,-72,0,0,0,78,81,42,60,68,189.44,98,30,0,-983,-1,0,0,0,0,0,0,0,"keyboard-worker","OK",1783613783859,108414,1878
1629,1783613783940,111835,108494,0,0,-72,0,0,0,78,80,42,60,68,189.43,98,-16,7,-1074,-1,0,0,0,0,0,0,0,"keyboard-worker","OK",1783613783909,108464,1879
1630,1783613784043,111938,108598,0,0,-72,0,0,0,78,80,42,60,68,189.4,98,-7,9,-1042,-1,0,0,0,0,0,0,0,"keyboard-worker","OK",1783613784009,108564,1881
1631,1783613784141,112036,108696,0,0,-72,0,0,0,78,80,42,60,68,189.48,98,7,12,-992,-1,0,0,0,0,0,0,0,"keyboard-worker","OK",1783613784109,108664,1883
1632,1783613784231,112126,108785,0,0,-72,0,0,0,78,80,43,60,68,189.65,98,41,-15,-989,-1,0,0,0,0,0,0,0,"keyboard-worker","OK",1783613784210,108764,1885
1633,1783613784320,112215,108875,0,0,-72,0,0,0,78,80,42,60,68,189.74,98,-30,12,-933,-1,0,0,0,0,0,0,0,"keyboard-worker","OK",1783613784310,108864,1887
1634,1783613784426,112321,108980,0,0,-72,0,0,0,78,80,42,60,68,189.75,98,8,9,-1021,-1,0,0,0,0,0,0,0,"keyboard-worker","OK",1783613784410,108965,1889
1635,1783613784520,112415,109075,0,0,-72,0,0,0,78,80,41,60,68,189.4,98,-4,9,-1033,-1,0,0,0,0,0,0,0,"keyboard-worker","OK",1783613784510,109065,1891
1636,1783613784624,112519,109178,0,0,-72,0,0,0,78,80,41,60,68,189.92,98,13,-12,-964,-1,0,0,0,0,0,0,0,"keyboard-worker","OK",1783613784611,109165,1893
1637,1783613784718,112613,109272,0,0,-72,0,0,0,78,80,40,60,68,189.36,98,16,-2,-980,-1,0,0,0,0,0,0,0,"keyboard-worker","OK",1783613784711,109265,1895
1638,1783613784821,112716,109376,0,0,-72,0,0,0,78,80,39,60,68,189.53,99,-7,26,-1076,-1,0,0,0,0,0,0,0,"keyboard-worker","OK",1783613784811,109366,1897
1639,1783613784916,112811,109471,0,0,-72,0,0,0,78,80,38,60,68,189.69,99,-13,2,-986,-1,0,0,0,0,0,0,0,"keyboard-worker","OK",1783613784911,109466,1899
1640,1783613785016,112911,109571,0,0,-72,0,0,0,78,80,37,50,68,189.83,99,0,26,-1059,-1,0,0,0,0,0,0,0,"keyboard-worker","OK",1783613785011,109566,1901
1641,1783613785116,113011,109670,0,0,-72,0,0,0,78,80,37,50,68,189.6,99,14,12,-1010,-1,0,0,0,0,0,0,0,"keyboard-worker","OK",1783613785112,109666,1903
1642,1783613785214,113109,109769,0,0,-72,0,0,0,78,80,36,50,68,189.28,99,11,0,-1034,-1,0,0,0,0,0,0,0,"keyboard-worker","OK",1783613785212,109766,1905
1643,1783613785313,113208,109868,0,0,-72,0,0,0,78,80,35,50,68,189.36,99,-13,12,-1018,-1,0,0,0,0,0,0,0,"keyboard-worker","OK",1783613785312,109867,1907
1644,1783613785362,113257,109917,0,0,-72,0,0,0,78,80,34,50,68,189.71,99,-27,10,-1025,-1,0,0,0,0,0,0,0,"keyboard-worker","OK",1783613785362,109917,1908
1645,1783613785463,113358,110018,0,0,-72,0,0,0,78,80,33,50,68,189.37,99,26,3,-956,-1,0,0,0,0,0,0,0,"keyboard-worker","OK",1783613785462,110017,1910
1646,1783613785561,113456,110115,0,0,-72,0,0,0,78,80,33,50,68,189.57,99,8,16,-1043,-1,0,0,0,0,0,0,0,"keyboard-worker","OK",1783613785513,110067,1911
1647,1783613785660,113555,110215,0,0,-72,0,0,0,78,80,32,50,68,189.7,99,-6,15,-1012,-1,0,0,0,0,0,0,0,"keyboard-worker","OK",1783613785613,110167,1913
1648,1783613785760,113655,110315,0,0,-72,0,0,0,78,80,32,50,68,189.29,100,10,3,-1018,-1,0,0,0,0,0,0,0,"keyboard-worker","OK",1783613785713,110267,1915
1649,1783613785859,113754,110414,0,0,-72,0,0,0,79,80,32,50,68,189.39,100,-10,1,-1019,-1,0,0,0,0,0,0,0,"keyboard-worker","OK",1783613785813,110368,1917
1650,1783613785958,113853,110513,0,0,-72,0,0,0,79,80,32,50,68,189.33,100,4,9,-1058,-1,0,0,0,0,0,0,0,"keyboard-worker","OK",1783613785913,110468,1919
1651,1783613786058,113953,110612,0,0,-72,0,0,0,79,80,32,50,68,189.18,100,-6,13,-998,-1,0,0,0,0,0,0,-20,"keyboard-worker","OK",1783613786014,110568,1921
1652,1783613786157,114052,110711,0,0,-72,0,0,0,79,80,33,50,67,189.44,100,22,-8,-1017,-1,0,0,0,0,0,0,-20,"keyboard-worker","OK",1783613786114,110668,1923
1653,1783613786256,114151,110811,0,0,-73,0,0,0,79,80,33,50,67,189.33,100,-37,31,-1016,-1,0,0,0,0,0,0,-20,"keyboard-worker","OK",1783613786214,110769,1925
1654,1783613786355,114250,110910,0,0,-74,0,0,0,79,80,34,50,67,189.44,100,18,-45,-934,-1,0,0,0,0,0,0,-20,"keyboard-worker","OK",1783613786314,110869,1927
1655,1783613786455,114350,111010,0,0,-75,0,0,0,79,80,35,50,67,189.09,100,-23,30,-1060,-1,0,0,0,0,0,0,-20,"keyboard-worker","OK",1783613786414,110969,1929
1656,1783613786553,114448,111108,0,0,-76,0,0,0,79,80,36,50,67,189.56,100,6,31,-1053,-1,0,0,0,0,0,0,-20,"keyboard-worker","OK",1783613786515,111069,1931
1657,1783613786658,114553,111213,0,0,-77,0,0,0,79,80,37,50,67,189.51,100,39,-10,-1028,-1,0,0,0,0,0,0,-20,"keyboard-worker","OK",1783613786615,111169,1933
1658,1783613786754,114649,111309,0,0,-78,0,0,0,79,80,38,50,67,189.5,101,-16,6,-1025,-1,0,0,0,0,0,0,-20,"keyboard-worker","OK",1783613786715,111270,1935
1659,1783613786851,114746,111406,0,0,-79,0,0,0,78,80,39,50,67,189.56,101,-3,-9,-956,-1,0,0,0,0,0,0,-20,"keyboard-worker","OK",1783613786815,111370,1937
1660,1783613786950,114845,111505,0,0,-81,0,0,0,78,80,40,50,67,189.71,101,-21,9,-987,-1,0,0,0,0,0,0,-20,"keyboard-worker","OK",1783613786916,111470,1939
1661,1783613787050,114945,111604,0,0,-82,0,0,0,78,80,41,50,67,189.71,101,-14,15,-1009,-1,0,0,0,0,0,0,-20,"keyboard-worker","OK",1783613787016,111570,1941
1662,1783613787149,115044,111703,0,0,-83,0,0,0,78,80,42,50,67,189.62,101,16,-10,-1002,-1,0,0,0,0,0,0,-20,"keyboard-worker","OK",1783613787116,111671,1943
1663,1783613787248,115143,111802,0,0,-85,0,0,0,78,80,43,50,67,189.54,101,8,-4,-988,-1,0,0,0,0,0,0,-20,"keyboard-worker","OK",1783613787216,111771,1945
1664,1783613787347,115242,111901,0,0,-86,0,0,0,78,80,43,60,67,189.43,101,21,-12,-959,-1,0,0,0,0,0,0,-20,"keyboard-worker","OK",1783613787316,111871,1947
1665,1783613787446,115341,112001,0,0,-87,0,0,0,78,80,44,60,67,189.66,101,-6,4,-984,-1,0,0,0,0,0,0,-20,"keyboard-worker","OK",1783613787417,111971,1949
1666,1783613787545,115440,112100,0,0,-88,0,0,0,78,80,45,60,67,189.51,101,-1,-2,-1028,-1,0,0,0,0,0,0,-20,"keyboard-worker","OK",1783613787517,112071,1951
1667,1783613787645,115540,112200,0,0,-90,0,0,0,78,80,46,60,67,189.8,101,-7,-10,-1008,-1,0,0,0,0,0,0,-20,"keyboard-worker","OK",1783613787617,112172,1953
1668,1783613787745,115640,112300,0,0,-91,0,0,0,78,80,47,60,67,190,102,-11,-4,-975,-1,0,0,0,0,0,0,-20,"keyboard-worker","OK",1783613787717,112272,1955
1669,1783613788694,116589,113248,0,0,-93,0,0,0,78,80,48,60,67,189.84,102,19,-11,-999,-1,0,0,0,0,0,0,-20,"keyboard-worker","OK",1783613788670,113224,1974
1670,1783613788794,116689,113349,0,1,-94,0,0,0,78,80,48,60,67,189.43,102,-6,-13,-987,-1,0,0,0,0,0,0,-20,"keyboard-worker","OK",1783613788770,113324,1976
1671,1783613788798,116693,113353,0,0,-95,0,0,0,78,80,50,60,67,189.41,102,-15,-23,-994,-1,0,0,0,0,0,0,-20,"keyboard-worker","OK",1783613788770,113324,1976
1672,1783613788800,116695,113355,0,0,-97,0,0,0,78,80,50,60,67,189.5,102,-19,-4,-976,-1,0,0,0,0,0,0,-20,"keyboard-worker","OK",1783613788770,113324,1976
1673,1783613788802,116697,113356,0,1,-98,0,0,0,78,80,51,60,67,189.73,102,3,-3,-959,-1,0,0,0,0,0,0,-20,"keyboard-worker","OK",1783613788770,113324,1976
1674,1783613788803,116698,113357,0,0,-99,0,0,0,78,80,51,60,67,189.62,102,11,-19,-999,-1,0,0,0,0,0,0,-20,"keyboard-worker","OK",1783613788770,113324,1976
1675,1783613788815,116710,113370,0,0,-101,0,0,0,78,80,52,60,67,189.65,102,12,-12,-1005,-1,0,0,0,0,0,0,-20,"keyboard-worker","OK",1783613788770,113324,1976
1676,1783613788823,116718,113378,0,0,-102,0,0,0,78,80,52,60,67,189.76,102,-23,-4,-998,-1,0,0,0,0,0,0,-20,"keyboard-worker","OK",1783613788820,113374,1977
1677,1783613788833,116728,113388,0,0,-103,0,0,0,78,80,52,60,67,189.56,102,-8,-20,-990,-1,0,0,0,0,0,0,-20,"keyboard-worker","OK",1783613788820,113374,1977
1678,1783613788851,116746,113406,0,0,-105,0,0,0,78,80,52,60,67,189.49,103,-23,-10,-978,-1,0,0,0,0,0,0,-20,"keyboard-worker","OK",1783613788820,113374,1977
1679,1783613788859,116754,113414,0,0,-106,0,0,0,78,80,52,60,67,189.84,103,-14,-12,-968,-1,0,0,0,0,0,0,-20,"keyboard-worker","OK",1783613788820,113374,1977
1680,1783613788955,116850,113509,0,0,-107,0,0,0,78,80,52,60,67,189.46,103,18,-9,-1004,-1,0,0,0,0,0,0,-20,"keyboard-worker","OK",1783613788920,113475,1979
1681,1783613789049,116944,113604,0,0,-109,0,0,0,78,80,52,60,67,189.54,103,-31,-19,-974,-1,0,0,0,0,0,0,-20,"keyboard-worker","OK",1783613789020,113575,1981
1682,1783613789162,117057,113717,0,0,-110,0,0,0,78,80,51,60,67,189.55,103,0,0,-1022,-1,0,0,0,0,0,0,-20,"keyboard-worker","OK",1783613789121,113675,1983
1683,1783613789225,117120,113779,0,0,-111,0,0,0,78,80,51,60,67,189.69,103,-20,-17,-985,-1,0,0,0,0,0,0,-20,"keyboard-worker","OK",1783613789221,113775,1985
1684,1783613789323,117218,113877,0,0,-113,0,0,0,78,80,51,60,67,189.71,103,0,-15,-1007,-1,0,0,0,0,0,0,-20,"keyboard-worker","OK",1783613789321,113876,1987
1685,1783613789386,117281,113941,0,0,-114,0,0,0,78,80,51,60,67,189.35,103,-10,-13,-1001,-1,0,0,0,0,0,0,-20,"keyboard-worker","OK",1783613789371,113926,1988
1686,1783613789485,117380,114040,0,0,-115,0,0,0,78,80,51,60,67,189.51,103,-10,-10,-996,-1,0,0,0,0,0,0,-20,"keyboard-worker","OK",1783613789471,114026,1990
1687,1783613789584,117479,114139,0,0,-116,0,0,0,78,80,50,60,67,189.66,103,0,-7,-1002,-1,0,0,0,0,0,0,-20,"keyboard-worker","OK",1783613789572,114126,1992
1688,1783613789684,117579,114239,0,0,-117,0,0,0,78,80,50,60,67,189.59,104,5,-7,-991,-1,0,0,0,0,0,0,-20,"keyboard-worker","OK",1783613789672,114226,1994
1689,1783613789783,117678,114337,0,0,-118,0,0,0,78,80,49,60,67,189.75,104,9,-10,-1004,-1,0,0,0,0,0,0,-20,"keyboard-worker","OK",1783613789772,114327,1996
1690,1783613789882,117777,114437,0,0,-119,0,0,0,78,80,49,60,67,189.45,104,10,-9,-1006,-1,0,0,0,0,0,0,-20,"keyboard-worker","OK",1783613789872,114427,1998
1691,1783613789988,117883,114543,0,0,-120,0,0,0,78,80,48,60,67,189.94,104,-23,10,-968,-1,0,0,0,0,0,0,-20,"keyboard-worker","OK",1783613789972,114527,2000
1692,1783613790081,117976,114636,0,0,-121,0,0,0,78,80,47,60,67,189.58,104,10,-10,-1001,-1,0,0,0,0,0,0,-20,"keyboard-worker","OK",1783613790073,114627,2002
1693,1783613790181,118076,114735,0,0,-122,0,0,0,78,80,47,60,67,189.65,104,-26,-2,-1024,-1,0,0,0,0,0,0,-20,"keyboard-worker","OK",1783613790173,114727,2004
1694,1783613790280,118175,114835,0,0,-123,0,0,0,78,80,46,60,67,189.72,104,-1,-11,-988,-1,0,0,0,0,0,0,-20,"keyboard-worker","OK",1783613790273,114828,2006
1695,1783613790383,118278,114938,0,0,-124,0,0,0,78,80,46,60,67,189.5,104,-14,-8,-1027,-1,0,0,0,0,0,0,-20,"keyboard-worker","OK",1783613790373,114928,2008
1696,1783613790487,118382,115042,0,0,-124,0,0,0,78,80,45,60,67,189.48,104,-28,-8,-1033,-1,0,0,0,0,0,0,-20,"keyboard-worker","OK",1783613790473,115028,2010
1697,1783613790587,118482,115142,0,0,-125,0,0,0,78,80,45,60,67,189.77,104,19,-29,-967,-1,0,0,0,0,0,0,-20,"keyboard-worker","OK",1783613790574,115128,2012
1698,1783613790680,118575,115235,0,0,-126,0,0,0,78,80,45,60,67,189.77,105,-19,-2,-992,-1,0,0,0,0,0,0,-20,"keyboard-worker","OK",1783613790674,115228,2014
1699,1783613790776,118671,115331,0,0,-127,0,0,0,79,81,46,60,67,189.55,105,-34,-12,-987,-1,0,0,0,0,0,0,-20,"keyboard-worker","OK",1783613790774,115329,2016
1700,1783613790874,118769,115428,-1,0,-127,0,0,0,79,81,47,60,67,189.53,105,4,13,-1050,-1,0,0,0,0,0,0,-20,"keyboard-worker","OK",1783613790874,115429,2018
1701,1783613790973,118868,115527,-1,0,-128,0,0,0,79,81,48,60,67,189.59,105,0,3,-983,-1,0,0,0,0,0,0,-20,"keyboard-worker","OK",1783613790924,115479,2019
1702,1783613791072,118967,115627,0,0,-128,0,0,0,79,81,48,60,67,189.39,105,-11,-1,-985,-1,0,0,0,0,0,0,-20,"keyboard-worker","OK",1783613791025,115579,2021
1703,1783613791171,119066,115726,0,0,-129,0,0,0,79,81,49,60,67,189.56,105,-9,-12,-1001,-1,0,0,0,0,0,0,-20,"keyboard-worker","OK",1783613791125,115679,2023
1704,1783613791270,119165,115825,0,0,-129,0,0,0,79,81,50,60,67,189.7,105,-22,-21,-941,-1,0,0,0,0,0,0,-20,"keyboard-worker","OK",1783613791225,115780,2025
1705,1783613791370,119265,115924,0,0,-130,0,0,0,79,81,50,60,67,189.92,105,12,-27,-977,-1,0,0,0,0,0,0,-20,"keyboard-worker","OK",1783613791325,115880,2027
1706,1783613791469,119364,116023,0,0,-130,0,0,0,79,81,50,60,67,189.82,105,6,-22,-1015,-1,0,0,0,0,0,0,-20,"keyboard-worker","OK",1783613791425,115980,2029
1707,1783613791570,119465,116124,0,0,-131,0,0,0,79,81,51,60,67,189.85,106,-9,-10,-968,-1,0,0,0,0,0,0,-20,"keyboard-worker","OK",1783613791526,116080,2031
1708,1783613791732,119627,116287,0,0,-131,0,0,0,79,81,51,60,67,189.92,106,-14,-27,-947,-1,0,0,0,0,0,0,-20,"keyboard-worker","OK",1783613791726,116281,2035
1709,1783613791776,119671,116330,0,0,-132,0,0,0,78,81,51,60,67,189.62,106,3,-16,-952,-1,0,0,0,0,0,0,-20,"keyboard-worker","OK",1783613791776,116331,2036
1710,1783613791866,119761,116420,0,0,-133,0,0,0,78,81,50,60,67,189.41,106,24,-41,-923,-1,0,0,0,0,0,0,-20,"keyboard-worker","OK",1783613791826,116381,2037
1711,1783613791965,119860,116520,0,0,-134,0,0,0,78,81,50,60,67,189.64,106,-13,-1,-990,-1,0,0,0,0,0,0,-20,"keyboard-worker","OK",1783613791926,116481,2039
1712,1783613792127,120022,116681,0,0,-135,0,0,0,78,81,50,60,67,189.75,106,-10,-7,-1006,-1,0,0,0,0,0,0,-20,"keyboard-worker","OK",1783613792127,116681,2043
1713,1783613792150,120045,116705,0,0,-135,0,0,0,78,81,49,60,67,189.69,106,18,-15,-1015,-1,0,0,0,0,0,0,-20,"keyboard-worker","OK",1783613792127,116681,2043
1714,1783613792213,120108,116768,0,0,-136,0,0,0,78,81,49,60,67,189.59,106,-5,-23,-1033,-1,0,0,0,0,0,0,-20,"keyboard-worker","OK",1783613792177,116731,2044
1715,1783613792416,120311,116970,0,0,-137,0,0,0,78,81,48,60,67,189.49,106,8,-15,-1001,-1,0,0,0,0,0,0,-20,"keyboard-worker","OK",1783613792377,116932,2048
1716,1783613792805,120700,117359,0,0,-138,0,0,0,78,81,48,60,67,189.52,106,17,-2,-995,-1,0,0,0,0,0,0,-20,"keyboard-worker","OK",1783613792778,117333,2056
1717,1783613792817,120712,117371,0,0,-139,0,0,0,78,81,47,60,67,189.5,107,-5,-8,-1097,-1,0,0,0,0,0,0,-20,"keyboard-worker","OK",1783613792778,117333,2056
1718,1783613792820,120715,117374,0,0,-140,0,0,0,78,81,45,60,67,189.83,107,-2,-12,-969,-1,0,0,0,0,0,0,-20,"keyboard-worker","OK",1783613792778,117333,2056
1719,1783613792836,120731,117390,0,0,-141,0,0,0,78,80,44,60,67,189.66,107,-32,-19,-998,-1,0,0,0,0,0,0,-20,"keyboard-worker","OK",1783613792828,117383,2057
1720,1783613792969,120864,117524,0,0,-142,0,0,0,78,80,43,60,67,189.73,107,-29,8,-1045,-1,0,0,0,0,0,0,-20,"keyboard-worker","OK",1783613792929,117483,2059
1721,1783613793080,120975,117634,0,0,-142,0,0,0,78,80,41,60,67,189.62,107,13,-9,-898,-1,0,0,0,0,0,0,-20,"keyboard-worker","OK",1783613793079,117633,2062
1722,1783613793101,120996,117655,0,0,-143,0,0,0,78,80,39,60,67,189.69,107,-20,12,-1100,-1,0,0,0,0,0,0,-20,"keyboard-worker","OK",1783613793079,117633,2062
1723,1783613793257,121152,117812,0,0,-144,0,0,0,78,80,38,60,67,189.4,107,1,4,-998,-1,0,0,0,0,0,0,-20,"keyboard-worker","OK",1783613793229,117784,2065
1724,1783613793766,121661,118320,0,0,-145,0,0,0,78,80,36,50,67,189.59,107,-26,-19,-969,-1,0,0,0,0,0,0,-20,"keyboard-worker","OK",1783613793730,118285,2075
1725,1783613793807,121702,118361,0,0,-146,0,0,0,78,80,34,50,67,189.41,107,-33,8,-1096,-1,0,0,0,0,0,0,-20,"keyboard-worker","OK",1783613793780,118335,2076
1726,1783613793811,121706,118366,0,0,-146,0,0,0,78,80,32,50,67,189.46,107,16,-9,-891,-1,0,0,0,0,0,0,-20,"keyboard-worker","OK",1783613793780,118335,2076
1727,1783613793814,121709,118369,0,0,-147,0,0,0,78,80,31,50,67,189.57,108,9,-13,-1007,-1,0,0,0,0,0,0,-20,"keyboard-worker","OK",1783613793780,118335,2076
1728,1783613793820,121715,118375,0,0,-148,0,0,0,78,80,29,50,67,189.41,108,-20,-8,-1049,-1,0,0,0,0,0,0,-20,"keyboard-worker","OK",1783613793780,118335,2076
1729,1783613793824,121719,118379,0,0,-149,0,0,0,78,81,28,50,67,189.59,108,-13,-6,-1032,-1,0,0,0,0,0,0,-20,"keyboard-worker","OK",1783613793780,118335,2076
1730,1783613793827,121722,118382,0,1,-150,0,0,0,78,81,28,50,67,188.96,108,5,-27,-1059,-1,0,0,0,0,0,0,-20,"keyboard-worker","OK",1783613793780,118335,2076
1731,1783613793937,121832,118492,0,0,-151,0,0,0,78,81,28,50,67,189.42,108,12,-17,-1014,-1,0,0,0,0,0,0,-20,"keyboard-worker","OK",1783613793930,118485,2079
1732,1783613794054,121949,118609,0,0,-152,0,0,0,78,81,28,50,66,189.39,108,0,-13,-1049,-1,0,0,0,0,0,0,-20,"keyboard-worker","OK",1783613794031,118585,2081
1733,1783613794139,122034,118693,0,0,-153,0,0,-1,78,81,29,50,66,189.51,108,-51,20,-1003,-1,0,0,0,0,0,0,-20,"keyboard-worker","OK",1783613794131,118685,2083
1734,1783613794216,122111,118771,0,0,-154,0,0,-1,78,81,29,50,66,189.64,108,15,-16,-965,-1,0,0,0,0,0,0,-20,"keyboard-worker","OK",1783613794181,118736,2084
1735,1783613794316,122211,118870,0,0,-154,0,0,-1,78,81,29,50,66,189.4,108,28,-15,-1011,-1,0,0,0,0,0,0,-20,"keyboard-worker","OK",1783613794281,118836,2086
1736,1783613794415,122310,118970,0,0,-155,0,0,0,78,81,30,50,66,189.46,108,-2,9,-1119,-1,0,0,0,0,0,0,-20,"keyboard-worker","OK",1783613794381,118936,2088
1737,1783613794514,122409,119069,0,0,-156,0,0,-1,78,81,30,50,66,189.49,109,12,16,-946,-1,0,0,0,0,0,0,-20,"keyboard-worker","OK",1783613794482,119036,2090
1738,1783613794651,122546,119206,0,0,-157,0,0,0,78,81,30,50,66,189.33,109,-5,6,-1082,-1,0,0,0,0,0,0,-20,"keyboard-worker","OK",1783613794632,119187,2093
1739,1783613794669,122564,119224,0,0,-158,0,0,0,79,81,30,50,66,189.5,109,8,-15,-904,-1,0,0,0,0,0,0,-20,"keyboard-worker","OK",1783613794632,119187,2093
1740,1783613794762,122657,119316,0,0,-159,0,0,0,79,81,30,50,66,189.42,109,-23,19,-1037,-1,0,0,0,0,0,0,-20,"keyboard-worker","OK",1783613794732,119287,2095
1741,1783613794861,122756,119416,0,0,-160,0,0,0,79,81,30,50,66,189.17,109,-11,1,-1035,-1,0,0,0,0,0,0,-20,"keyboard-worker","OK",1783613794832,119387,2097
1742,1783613794960,122855,119515,0,0,-160,0,0,0,79,81,30,50,66,189.18,109,0,-17,-951,-1,0,0,0,0,0,0,-20,"keyboard-worker","OK",1783613794933,119487,2099
1743,1783613795059,122954,119614,0,0,-161,0,0,0,79,81,29,50,66,189.23,109,15,8,-1053,-1,0,0,0,0,0,0,-20,"keyboard-worker","OK",1783613795033,119587,2101
1744,1783613795167,123062,119721,0,0,-162,0,0,0,79,81,29,50,66,189.3,109,20,-31,-1014,-1,0,0,0,0,0,0,-20,"keyboard-worker","OK",1783613795133,119688,2103
1745,1783613795260,123155,119815,0,0,-163,0,0,0,79,81,29,50,66,189.16,109,-13,-5,-1016,-1,0,0,0,0,0,0,-20,"keyboard-worker","OK",1783613795233,119788,2105
1746,1783613795357,123252,119912,0,0,-163,0,0,0,79,81,29,50,66,189.43,109,-12,-6,-1010,-1,0,0,0,0,0,0,-20,"keyboard-worker","OK",1783613795333,119888,2107
1747,1783613795457,123352,120011,0,0,-164,0,0,0,79,81,29,50,66,189.34,110,2,-3,-1038,-1,0,0,0,0,0,0,-20,"keyboard-worker","OK",1783613795434,119988,2109
1748,1783613795555,123450,120110,0,0,-165,0,0,0,79,81,30,50,66,189.46,110,-12,3,-1090,-1,0,0,0,0,0,0,-20,"keyboard-worker","OK",1783613795534,120089,2111
1749,1783613795656,123551,120210,0,0,-165,0,0,0,78,81,30,50,66,189.41,110,19,-14,-1057,-1,0,0,0,0,0,0,-20,"keyboard-worker","OK",1783613795634,120189,2113
1750,1783613795754,123649,120308,0,0,-166,0,0,0,78,81,31,50,66,189.06,110,16,-8,-1010,-1,0,0,0,0,0,0,-20,"keyboard-worker","OK",1783613795734,120289,2115
1751,1783613795853,123748,120407,0,0,-167,0,0,0,78,81,31,50,66,189.4,110,-16,-2,-974,-1,0,0,0,0,0,0,-20,"keyboard-worker","OK",1783613795835,120389,2117
1752,1783613795953,123848,120507,0,0,-168,0,0,0,78,81,32,50,66,189.23,110,31,-30,-993,-1,0,0,0,0,0,0,-20,"keyboard-worker","OK",1783613795935,120489,2119
1753,1783613796112,124007,120666,0,0,-168,0,0,0,78,81,33,50,66,189.56,110,22,-30,-993,-1,0,0,0,0,0,0,-20,"keyboard-worker","OK",1783613796085,120640,2122
1754,1783613796155,124050,120710,0,0,-169,0,0,0,78,81,33,50,66,189.32,110,9,17,-1048,-1,0,0,0,0,0,0,-20,"keyboard-worker","OK",1783613796135,120690,2123
1755,1783613796249,124144,120804,0,0,-170,0,0,0,78,81,34,50,66,189.74,110,5,2,-998,-1,0,0,0,0,0,0,-20,"keyboard-worker","OK",1783613796235,120790,2125
1756,1783613797154,125049,120903,0,0,-171,0,0,0,78,81,35,50,66,189.56,110,-19,20,-1005,-1,0,0,0,0,0,0,-20,"keyboard-worker","OK",1783613797142,120890,2127
1757,1783613797254,125149,121002,0,0,-171,0,0,0,78,81,36,50,66,189.28,111,-7,2,-939,-1,0,0,0,0,0,0,-20,"keyboard-worker","OK",1783613797242,120990,2129
1758,1783613797353,125248,121101,0,0,-172,0,0,0,78,81,36,50,66,189.55,111,-3,3,-984,-1,0,0,0,0,0,0,-20,"keyboard-worker","OK",1783613797342,121091,2131
1759,1783613797452,125347,121201,0,0,-173,0,0,0,79,81,37,50,66,189.66,111,24,-12,-1027,-1,0,0,0,0,0,0,-20,"keyboard-worker","OK",1783613797442,121191,2133
1760,1783613797555,125450,121303,0,0,-174,0,0,0,79,81,38,50,66,189.39,111,-14,10,-1053,-1,0,0,0,0,0,0,-20,"keyboard-worker","OK",1783613797543,121291,2135
1761,1783613797654,125549,121403,0,0,-175,0,0,0,79,81,38,50,66,189.64,111,-1,5,-1050,-1,0,0,0,0,0,0,-20,"keyboard-worker","OK",1783613797643,121391,2137
1762,1783613798051,125946,121799,0,0,-176,0,0,0,79,81,39,50,66,189.51,111,17,-5,-1025,-1,0,0,0,0,0,0,0,"keyboard-worker","OK",1783613798044,121792,2145
1763,1783613798182,126077,121930,0,0,-176,0,0,0,79,81,40,50,66,189.45,111,-38,3,-1004,-1,0,0,0,0,0,0,0,"keyboard-worker","OK",1783613798144,121892,2147
1764,1783613798182,126077,121931,0,0,-176,0,0,0,79,81,41,50,66,189.84,111,-24,-6,-944,-1,0,0,0,0,0,0,0,"keyboard-worker","OK",1783613798144,121892,2147
1765,1783613798209,126104,121958,0,0,-176,0,0,0,79,81,41,60,66,189.24,111,-20,-2,-985,-1,0,0,0,0,0,0,0,"keyboard-worker","OK",1783613798194,121942,2148
1766,1783613798539,126434,122288,0,0,-176,0,0,0,79,81,42,60,66,189.39,111,-2,9,-1036,-1,0,0,0,0,0,0,0,"keyboard-worker","OK",1783613798495,122243,2154
1767,1783613798789,126684,122537,0,0,-176,0,0,0,79,81,42,60,66,189.75,112,-9,1,-972,-1,0,0,0,0,0,0,0,"keyboard-worker","OK",1783613798745,122494,2159
1768,1783613798799,126694,122547,0,0,-176,0,0,0,79,81,43,60,66,189.27,112,3,6,-1005,-1,0,0,0,0,0,0,0,"keyboard-worker","OK",1783613798795,122544,2160
1769,1783613798883,126778,122631,0,0,-176,0,0,0,78,81,43,60,66,189.62,112,32,-27,-998,-1,0,0,0,0,0,0,0,"keyboard-worker","OK",1783613798845,122594,2161
1770,1783613798914,126809,122663,0,0,-176,0,0,0,78,81,44,60,66,189.54,112,5,-5,-1001,-1,0,0,0,0,0,0,0,"keyboard-worker","OK",1783613798896,122644,2162
1771,1783613798933,126828,122681,0,0,-176,0,0,0,78,81,45,60,66,189.26,112,38,-6,-1015,-1,0,0,0,0,0,0,0,"keyboard-worker","OK",1783613798896,122644,2162
1772,1783613798949,126844,122697,0,0,-176,0,0,0,78,81,45,60,66,189.22,112,-18,9,-978,-1,0,0,0,0,0,0,0,"keyboard-worker","OK",1783613798946,122694,2163
1773,1783613798951,126846,122700,0,0,-176,0,0,0,78,81,45,60,66,189.66,112,-26,-6,-994,-1,0,0,0,0,0,0,0,"keyboard-worker","OK",1783613798946,122694,2163
1774,1783613799150,127045,122898,0,0,-176,0,0,0,78,81,46,60,66,189.37,112,-42,27,-979,-1,0,0,0,0,0,0,20,"keyboard-worker","OK",1783613799146,122895,2167
1775,1783613799216,127111,122965,0,0,-176,0,0,0,78,81,46,60,66,189.51,112,-9,16,-1069,-1,0,0,0,0,0,0,20,"keyboard-worker","OK",1783613799196,122945,2168
1776,1783613799232,127127,122981,0,0,-176,0,0,0,78,81,46,60,66,189.8,112,-25,4,-982,-1,0,0,0,0,0,0,20,"keyboard-worker","OK",1783613799196,122945,2168
1777,1783613799369,127264,123118,0,0,-176,0,0,0,78,81,46,60,66,189.7,113,-2,15,-1036,-1,0,0,0,0,0,0,20,"keyboard-worker","OK",1783613799347,123095,2171
1778,1783613799442,127337,123191,0,0,-176,0,0,0,79,81,46,60,66,189.51,113,-1,-5,-1005,-1,0,0,0,0,0,0,20,"keyboard-worker","OK",1783613799397,123145,2172
1779,1783613799581,127476,123329,0,0,-176,0,0,0,79,81,46,60,66,190.01,113,6,-6,-952,-1,0,0,0,0,0,0,20,"keyboard-worker","OK",1783613799547,123296,2175
1780,1783613799670,127565,123419,0,0,-176,0,0,0,79,81,46,60,66,189.7,113,-33,25,-1004,-1,0,0,0,0,0,0,20,"keyboard-worker","OK",1783613799647,123396,2177
1781,1783613799727,127622,123476,0,0,-176,0,0,0,79,81,46,60,66,189.41,113,-14,6,-972,-1,0,0,0,0,0,0,20,"keyboard-worker","OK",1783613799698,123446,2178
1782,1783613799832,127727,123580,0,0,-176,0,0,0,79,81,46,60,66,189.74,113,-4,7,-1024,-1,0,0,0,0,0,0,20,"keyboard-worker","OK",1783613799798,123546,2180
1783,1783613799962,127857,123711,0,0,-176,0,0,0,79,81,45,60,66,189.73,113,-19,2,-945,-1,0,0,0,0,0,0,20,"keyboard-worker","OK",1783613799948,123697,2183
1784,1783613800016,127911,123765,0,0,-176,0,0,0,79,81,45,60,66,189.4,113,5,23,-1051,-1,0,0,0,0,0,0,20,"keyboard-worker","OK",1783613799998,123747,2184
1785,1783613800095,127990,123843,0,0,-176,0,0,0,79,81,44,60,66,189.58,113,15,12,-978,-1,0,0,0,0,0,0,20,"keyboard-worker","OK",1783613800048,123797,2185
1786,1783613800194,128089,123942,0,0,-176,0,0,0,79,81,44,60,66,189.56,114,18,-24,-966,-1,0,0,0,0,0,0,20,"keyboard-worker","OK",1783613800149,123897,2187
1787,1783613800296,128191,124044,0,0,-176,0,0,0,79,81,44,60,66,189.59,114,5,-5,-1029,-1,0,0,0,0,0,0,20,"keyboard-worker","OK",1783613800249,123997,2189
1788,1783613800398,128293,124147,0,0,-175,0,0,0,80,81,43,60,66,189.59,114,13,0,-938,-1,0,0,0,0,0,0,20,"keyboard-worker","OK",1783613800349,124098,2191
1789,1783613800493,128388,124242,0,0,-175,0,0,0,80,81,43,60,66,189.75,114,27,-22,-993,-1,0,0,0,0,0,0,20,"keyboard-worker","OK",1783613800449,124198,2193
1790,1783613800591,128486,124339,0,0,-174,0,0,0,80,81,43,60,66,189.26,114,41,-36,-1013,-1,0,0,0,0,0,0,20,"keyboard-worker","OK",1783613800550,124298,2195
1791,1783613800689,128584,124438,0,0,-173,0,0,0,80,81,43,60,66,189.97,114,21,-20,-946,-1,0,0,0,0,0,0,20,"keyboard-worker","OK",1783613800650,124398,2197
1792,1783613800789,128684,124537,0,0,-172,0,0,0,80,81,42,60,66,189.7,114,-22,9,-991,-1,0,0,0,0,0,0,20,"keyboard-worker","OK",1783613800750,124498,2199
1793,1783613800888,128783,124636,0,0,-171,0,0,0,80,81,42,60,66,189.59,114,-2,-8,-984,-1,0,0,0,0,0,0,20,"keyboard-worker","OK",1783613800850,124599,2201
1794,1783613800987,128882,124736,0,0,-170,0,0,0,80,81,42,60,66,189.74,114,-20,-15,-993,-1,0,0,0,0,0,0,20,"keyboard-worker","OK",1783613800951,124699,2203
1795,1783613801087,128982,124835,0,0,-169,0,0,0,80,81,43,60,66,189.68,114,-27,28,-992,-1,0,0,0,0,0,0,20,"keyboard-worker","OK",1783613801051,124799,2205
1796,1783613801186,129081,124935,0,0,-168,0,0,0,80,81,43,60,66,189.54,115,-11,-9,-1001,-1,0,0,0,0,0,0,20,"keyboard-worker","OK",1783613801151,124899,2207
1797,1783613801285,129180,125033,0,0,-168,0,0,0,80,81,43,60,66,189.28,115,-23,-5,-1022,-1,0,0,0,0,0,0,20,"keyboard-worker","OK",1783613801251,125000,2209
1798,1783613801384,129279,125132,0,0,-167,0,0,0,79,81,43,60,66,189.55,115,-10,8,-986,-1,0,0,0,0,0,0,20,"keyboard-worker","OK",1783613801351,125100,2211
1799,1783613801484,129379,125232,0,0,-166,0,0,0,79,81,43,60,66,189.54,115,-4,-17,-907,-1,0,0,0,0,0,0,20,"keyboard-worker","OK",1783613801452,125200,2213
1800,1783613801584,129479,125333,0,0,-165,0,0,0,79,81,43,60,66,189.61,115,-37,-2,-950,-1,0,0,0,0,0,0,20,"keyboard-worker","OK",1783613801552,125300,2215
1801,1783613801681,129576,125430,0,0,-164,0,0,0,79,81,43,60,66,189.59,115,-8,-3,-1060,-1,0,0,0,0,0,0,20,"keyboard-worker","OK",1783613801652,125400,2217
1802,1783613801780,129675,125529,0,0,-163,0,0,0,79,81,43,60,66,189.42,115,0,-16,-871,-1,0,0,0,0,0,0,20,"keyboard-worker","OK",1783613801752,125501,2219
1803,1783613801887,129782,125636,0,0,-163,0,0,0,79,81,43,60,66,189.44,115,24,-12,-1052,-1,0,0,0,0,0,0,20,"keyboard-worker","OK",1783613801852,125601,2221
1804,1783613801929,129824,125677,0,0,-162,0,0,0,79,81,43,60,66,189.42,115,-22,-1,-992,-1,0,0,0,0,0,0,20,"keyboard-worker","OK",1783613801903,125651,2222
1805,1783613802029,129924,125777,0,0,-161,0,0,0,79,81,43,60,66,189.13,115,-16,-10,-982,-1,0,0,0,0,0,0,20,"keyboard-worker","OK",1783613802003,125751,2224
1806,1783613802128,130023,125876,0,0,-160,0,0,0,79,81,44,60,66,189.61,116,4,-3,-1009,-1,0,0,0,0,0,0,20,"keyboard-worker","OK",1783613802103,125852,2226
1807,1783613802227,130122,125975,0,0,-160,0,0,0,79,81,44,60,66,189.35,116,1,-8,-988,-1,0,0,0,0,0,0,20,"keyboard-worker","OK",1783613802203,125952,2228
1808,1783613802326,130221,126074,-1,0,-159,0,0,0,79,82,44,60,66,189.71,116,-8,-7,-988,-1,0,0,0,0,0,0,20,"keyboard-worker","OK",1783613802304,126052,2230
1809,1783613802425,130320,126173,0,0,-158,0,0,0,79,82,44,60,66,189.44,116,-15,12,-1017,-1,0,0,0,0,0,0,20,"keyboard-worker","OK",1783613802404,126152,2232
1810,1783613802524,130419,126273,0,0,-157,0,0,0,79,82,45,60,66,189.59,116,-10,-2,-965,-1,0,0,0,0,0,0,20,"keyboard-worker","OK",1783613802504,126252,2234
1811,1783613802623,130518,126372,0,0,-156,0,0,0,79,82,45,60,66,189.54,116,-32,-18,-919,-1,0,0,0,0,0,0,20,"keyboard-worker","OK",1783613802604,126353,2236
1812,1783613802732,130627,126480,0,0,-155,0,0,0,79,82,45,60,66,189.56,116,0,11,-1043,-1,0,0,0,0,0,0,20,"keyboard-worker","OK",1783613802704,126453,2238
1813,1783613802831,130726,126580,0,0,-154,0,0,0,79,82,45,60,66,189.84,116,9,-14,-972,-1,0,0,0,0,0,0,20,"keyboard-worker","OK",1783613802805,126553,2240
1814,1783613802931,130826,126680,0,0,-153,0,0,0,79,82,45,60,66,189.46,116,8,-4,-1028,-1,0,0,0,0,0,0,20,"keyboard-worker","OK",1783613802905,126653,2242
1815,1783613803044,130939,126793,0,0,-151,0,0,0,79,82,45,60,66,189.18,116,-39,0,-990,-1,0,0,0,0,0,0,20,"keyboard-worker","OK",1783613803005,126754,2244
1816,1783613803158,131053,126906,0,0,-150,0,0,0,79,82,46,60,66,189.76,117,-2,-3,-998,-1,0,0,0,0,0,0,20,"keyboard-worker","OK",1783613803155,126904,2247
1817,1783613803218,131113,126967,0,0,-149,0,0,0,79,82,46,60,66,189.39,117,15,-2,-1018,-1,0,0,0,0,0,0,20,"keyboard-worker","OK",1783613803206,126954,2248
1818,1783613803317,131212,127066,0,0,-148,0,0,0,78,81,46,60,66,189.61,117,-4,-7,-1015,-1,0,0,0,0,0,0,20,"keyboard-worker","OK",1783613803306,127054,2250
1819,1783613803417,131312,127166,0,0,-147,0,0,0,78,81,46,60,66,189.65,117,-27,-1,-975,-1,0,0,0,0,0,0,20,"keyboard-worker","OK",1783613803406,127154,2252
1820,1783613804404,132299,128152,0,0,-146,0,0,0,78,81,46,60,66,189.28,117,4,-15,-976,-1,0,0,0,0,0,0,20,"keyboard-worker","OK",1783613804358,128107,2271
1821,1783613804549,132444,128298,0,0,-145,0,0,0,78,81,46,60,66,189.3,117,-24,16,-1043,-1,0,0,0,0,0,0,20,"keyboard-worker","OK",1783613804509,128257,2274
1822,1783613804551,132446,128300,-1,0,-144,0,0,0,78,81,47,60,66,189.36,117,-36,0,-958,-1,0,0,0,0,0,0,20,"keyboard-worker","OK",1783613804509,128257,2274
1823,1783613804554,132449,128302,-1,0,-143,0,0,0,78,81,47,60,66,189.26,117,0,-13,-990,-1,0,0,0,0,0,0,20,"keyboard-worker","OK",1783613804509,128257,2274
1824,1783613804561,132456,128310,0,0,-142,0,0,0,78,81,46,60,66,189.56,117,12,-10,-1014,-1,0,0,0,0,0,0,20,"keyboard-worker","OK",1783613804559,128307,2275
1825,1783613804635,132530,128383,0,0,-141,0,0,0,78,81,46,60,66,189.45,117,4,-12,-1020,-1,0,0,0,0,0,0,20,"keyboard-worker","OK",1783613804609,128357,2276
1826,1783613804652,132547,128401,0,0,-140,0,0,0,78,81,47,60,66,189.51,118,10,-12,-1008,-1,0,0,0,0,0,0,20,"keyboard-worker","OK",1783613804609,128357,2276
1827,1783613804682,132577,128430,0,0,-139,0,0,0,78,81,46,60,66,189.74,118,-14,1,-997,-1,0,0,0,0,0,0,20,"keyboard-worker","OK",1783613804659,128407,2277
1828,1783613804684,132579,128432,0,0,-138,0,0,0,78,80,46,60,66,189.41,118,6,-32,-977,-1,0,0,0,0,0,0,20,"keyboard-worker","OK",1783613804659,128407,2277
1829,1783613804702,132597,128451,0,0,-136,0,0,0,78,80,46,60,66,189.49,118,-34,21,-1006,-1,0,0,0,0,0,0,20,"keyboard-worker","OK",1783613804659,128407,2277
1830,1783613804721,132616,128470,0,0,-135,0,0,0,78,80,46,60,66,189.55,118,-11,-26,-1013,-1,0,0,0,0,0,0,20,"keyboard-worker","OK",1783613804709,128457,2278
1831,1783613804723,132618,128472,0,0,-134,0,0,0,78,80,46,60,66,189.46,118,-5,-4,-984,-1,0,0,0,0,0,0,20,"keyboard-worker","OK",1783613804709,128457,2278
1832,1783613804893,132788,128642,0,0,-132,0,0,0,78,80,46,60,66,189.51,118,-24,-18,-921,-1,0,0,0,0,0,0,20,"keyboard-worker","OK",1783613804859,128608,2281
1833,1783613805000,132895,128749,0,0,-131,0,0,0,78,80,46,60,66,189.67,118,-6,-3,-1004,-1,0,0,0,0,0,0,20,"keyboard-worker","OK",1783613804959,128708,2283
1834,1783613805003,132898,128751,0,0,-130,0,0,0,78,80,46,60,66,189.37,118,15,-19,-1006,-1,0,0,0,0,0,0,20,"keyboard-worker","OK",1783613804959,128708,2283
1835,1783613805088,132983,128836,0,0,-129,0,0,0,78,80,45,60,66,189.67,118,-27,11,-986,-1,0,0,0,0,0,0,20,"keyboard-worker","OK",1783613805060,128808,2285
1836,1783613805276,133171,129024,0,0,-128,0,0,0,78,80,45,60,66,189.54,119,8,-31,-977,-1,0,0,0,0,0,0,20,"keyboard-worker","OK",1783613805260,129009,2289
1837,1783613805342,133237,129091,0,0,-127,0,0,0,78,80,45,60,66,189.3,119,-32,-1,-986,-1,0,0,0,0,0,0,20,"keyboard-worker","OK",1783613805310,129059,2290
1838,1783613805467,133362,129216,0,0,-126,0,0,0,78,81,45,60,66,189.52,119,-42,-7,-928,-1,0,0,0,0,0,0,20,"keyboard-worker","OK",1783613805460,129209,2293
1839,1783613805513,133408,129261,0,0,-125,0,0,0,78,81,45,60,66,189.48,119,-29,13,-996,-1,0,0,0,0,0,0,20,"keyboard-worker","OK",1783613805511,129259,2294
1840,1783613805652,133547,129401,0,0,-124,0,0,0,78,81,45,60,65,189.59,119,-20,26,-1013,-1,0,0,0,0,0,0,20,"keyboard-worker","OK",1783613805611,129359,2296
1841,1783613805838,133733,129587,0,0,-123,0,0,0,78,81,45,60,65,189.5,119,3,-12,-984,-1,0,0,0,0,0,0,20,"keyboard-worker","OK",1783613805811,129560,2300
1842,1783613805940,133835,129689,0,0,-122,0,0,0,78,81,44,60,65,189.57,119,-20,0,-995,-1,0,0,0,0,0,0,20,"keyboard-worker","OK",1783613805911,129660,2302
1843,1783613806011,133906,129759,0,0,-121,0,0,0,78,81,44,60,65,189.64,119,-37,21,-1050,-1,0,0,0,0,0,0,20,"keyboard-worker","OK",1783613805962,129710,2303
1844,1783613806068,133963,129816,0,0,-120,0,0,0,78,81,44,60,65,189.53,119,-10,23,-1039,-1,0,0,0,0,0,0,20,"keyboard-worker","OK",1783613806062,129810,2305
1845,1783613806140,134035,129889,0,0,-119,0,0,0,78,81,44,60,65,189.5,119,-14,0,-989,-1,0,0,0,0,0,0,20,"keyboard-worker","OK",1783613806112,129860,2306
1846,1783613806349,134244,130098,0,0,-118,0,0,0,78,81,44,60,65,189.59,120,-6,-3,-1000,-1,0,0,0,0,0,0,20,"keyboard-worker","OK",1783613806312,130061,2310
1847,1783613806418,134313,130167,0,0,-116,0,0,0,78,81,43,60,65,189.35,120,-15,16,-1038,-1,0,0,0,0,0,0,20,"keyboard-worker","OK",1783613806412,130161,2312
1848,1783613806434,134329,130183,0,0,-115,0,0,0,78,81,43,60,65,189.56,120,1,1,-1007,-1,0,0,0,0,0,0,20,"keyboard-worker","OK",1783613806412,130161,2312
1849,1783613806487,134382,130236,0,0,-114,0,0,0,78,81,43,60,65,189.52,120,-7,-2,-1004,-1,0,0,0,0,0,0,20,"keyboard-worker","OK",1783613806463,130211,2313
1850,1783613806582,134477,130330,0,0,-113,0,0,0,78,81,43,60,65,189.36,120,15,-4,-976,-1,0,0,0,0,0,0,20,"keyboard-worker","OK",1783613806563,130311,2315
1851,1783613806682,134577,130430,0,0,-111,0,0,0,78,81,43,60,65,189.41,120,-16,-5,-1000,-1,0,0,0,0,0,0,20,"keyboard-worker","OK",1783613806663,130411,2317
1852,1783613806894,134789,130642,0,0,-110,0,0,0,78,81,43,60,65,189.77,120,-27,19,-1003,-1,0,0,0,0,0,0,20,"keyboard-worker","OK",1783613806863,130612,2321
1853,1783613806908,134803,130656,0,0,-109,0,0,0,78,81,43,60,65,189.34,120,-30,2,-995,-1,0,0,0,0,0,0,20,"keyboard-worker","OK",1783613806863,130612,2321
1854,1783613806958,134853,130706,0,0,-108,0,0,0,78,81,43,60,65,189.25,121,-20,15,-1013,-1,0,0,0,0,0,0,20,"keyboard-worker","OK",1783613806913,130662,2322
1855,1783613807098,134993,130847,0,0,-107,0,0,0,78,81,43,60,65,189.19,121,-2,4,-1027,-1,0,0,0,0,0,0,20,"keyboard-worker","OK",1783613807064,130812,2325
1856,1783613807186,135081,130934,0,0,-106,0,0,0,78,81,43,60,65,189.53,121,-45,-7,-984,-1,0,0,0,0,0,0,20,"keyboard-worker","OK",1783613807164,130912,2327
1857,1783613807262,135157,131010,0,0,-105,0,0,0,79,81,43,60,65,189.54,121,-44,13,-1002,-1,0,0,0,0,0,0,20,"keyboard-worker","OK",1783613807214,130963,2328
1858,1783613807337,135232,131086,0,0,-104,0,0,0,79,81,43,60,65,189.32,121,-15,-25,-951,-1,0,0,0,0,0,0,20,"keyboard-worker","OK",1783613807314,131063,2330
1859,1783613807463,135358,131211,0,0,-103,0,0,0,79,81,44,60,65,189.6,121,-8,4,-988,-1,0,0,0,0,0,0,20,"keyboard-worker","OK",1783613807415,131163,2332
1860,1783613807590,135485,131339,0,0,-102,0,0,0,79,81,44,60,65,189.32,121,-20,7,-998,-1,0,0,0,0,0,0,20,"keyboard-worker","OK",1783613807565,131313,2335
1861,1783613807944,135839,131692,-1,0,-101,0,0,0,79,81,44,60,65,189.5,121,19,-17,-1008,-1,0,0,0,0,0,0,20,"keyboard-worker","OK",1783613807916,131664,2342
1862,1783613808144,136039,131892,0,0,-100,0,0,0,79,81,44,60,65,189.68,121,0,-5,-987,-1,0,0,0,0,0,0,20,"keyboard-worker","OK",1783613808116,131864,2346
1863,1783613808323,136218,132072,0,0,-99,0,0,0,79,81,44,60,65,189.66,121,-12,0,-991,-1,0,0,0,0,0,0,20,"keyboard-worker","OK",1783613808316,132065,2350
1864,1783613808324,136219,132073,0,0,-98,0,0,0,79,81,44,60,65,189.38,122,-34,21,-982,-1,0,0,0,0,0,0,20,"keyboard-worker","OK",1783613808316,132065,2350
1865,1783613808786,136681,132534,0,0,-97,0,0,0,79,81,44,60,65,189.82,122,-12,21,-991,-1,0,0,0,0,0,0,20,"keyboard-worker","OK",1783613808767,132516,2359
1866,1783613808793,136688,132541,0,0,-96,0,0,0,79,81,44,60,65,189.45,122,-22,-8,-996,-1,0,0,0,0,0,0,20,"keyboard-worker","OK",1783613808767,132516,2359
1867,1783613808795,136690,132543,0,0,-95,0,0,0,79,81,44,60,65,189.35,122,2,-2,-998,-1,0,0,0,0,0,0,20,"keyboard-worker","OK",1783613808767,132516,2359
1868,1783613808795,136690,132544,0,0,-94,0,0,0,79,81,44,60,65,189.28,122,4,4,-998,-1,0,0,0,0,0,0,20,"keyboard-worker","OK",1783613808767,132516,2359
1869,1783613808797,136692,132545,0,0,-93,0,0,0,79,81,44,60,65,189.51,122,-27,28,-1020,-1,0,0,0,0,0,0,20,"keyboard-worker","OK",1783613808767,132516,2359
1870,1783613808797,136692,132546,0,0,-92,0,0,0,79,81,44,60,65,189.38,122,-19,5,-1006,-1,0,0,0,0,0,0,20,"keyboard-worker","OK",1783613808767,132516,2359
1871,1783613808798,136693,132547,0,0,-90,0,0,0,79,81,44,60,65,189.56,122,0,-2,-993,-1,0,0,0,0,0,0,20,"keyboard-worker","OK",1783613808767,132516,2359
1872,1783613808887,136782,132635,0,0,-89,0,0,0,79,81,44,60,65,189.43,122,13,-23,-1011,-1,0,0,0,0,0,0,20,"keyboard-worker","OK",1783613808868,132616,2361
1873,1783613808887,136782,132636,0,0,-88,0,0,0,79,81,44,60,65,189.49,122,-6,1,-1018,-1,0,0,0,0,0,0,20,"keyboard-worker","OK",1783613808868,132616,2361
1874,1783613809167,137062,132915,0,0,-87,0,0,0,79,81,44,60,65,189.55,123,-8,4,-970,-1,0,0,0,0,0,0,20,"keyboard-worker","OK",1783613809118,132867,2366
1875,1783613809222,137117,132970,0,0,-86,0,0,0,79,81,44,60,65,189.64,123,-26,8,-973,-1,0,0,0,0,0,0,20,"keyboard-worker","OK",1783613809218,132967,2368
1876,1783613809224,137119,132972,0,0,-85,0,0,0,79,81,44,60,65,189.56,123,-6,5,-992,-1,0,0,0,0,0,0,20,"keyboard-worker","OK",1783613809218,132967,2368
1877,1783613809256,137151,133005,0,0,-84,0,0,0,77,81,44,60,65,189.62,123,2,11,-1003,-1,0,0,0,0,0,0,20,"keyboard-worker","OK",1783613809218,132967,2368
1878,1783613809419,137314,133168,0,0,-83,0,0,0,77,81,44,60,65,189.55,123,-20,13,-1022,-1,0,0,0,0,0,0,20,"keyboard-worker","OK",1783613809419,133167,2372
1879,1783613809486,137381,133235,0,0,-82,0,0,0,77,81,44,60,65,189.5,123,20,7,-1013,-1,0,0,0,0,0,0,20,"keyboard-worker","OK",1783613809469,133217,2373
1880,1783613809634,137529,133382,0,0,-81,0,0,0,77,81,44,60,65,189.54,123,8,4,-1002,-1,0,0,0,0,0,0,20,"keyboard-worker","OK",1783613809619,133368,2376
1881,1783613809637,137532,133386,0,0,-80,0,0,0,77,81,43,60,65,189.38,123,-19,-11,-965,-1,0,0,0,0,0,0,20,"keyboard-worker","OK",1783613809619,133368,2376
1882,1783613809688,137583,133437,0,0,-79,0,0,0,77,81,43,60,65,189.5,123,8,8,-1012,-1,0,0,0,0,0,0,20,"keyboard-worker","OK",1783613809669,133418,2377
1883,1783613809802,137697,133550,0,0,-78,0,0,0,77,81,43,60,65,189.46,123,-9,16,-1006,-1,0,0,0,0,0,0,20,"keyboard-worker","OK",1783613809769,133518,2379
1884,1783613809950,137845,133699,0,0,-77,0,0,0,77,81,42,60,65,189.3,124,-3,15,-999,-1,0,0,0,0,0,0,20,"keyboard-worker","OK",1783613809920,133668,2382
1885,1783613810001,137896,133749,0,0,-76,0,0,0,77,81,43,60,65,189.32,124,9,4,-1009,-1,0,0,0,0,0,0,20,"keyboard-worker","OK",1783613809970,133718,2383
1886,1783613810086,137981,133834,0,0,-76,0,0,0,77,81,42,60,65,189.39,124,-3,0,-990,-1,0,0,0,0,0,0,20,"keyboard-worker","OK",1783613810070,133818,2385
1887,1783613810181,138076,133929,0,0,-75,0,0,0,79,81,42,60,65,189.24,124,43,-21,-1003,-1,0,0,0,0,0,0,20,"keyboard-worker","OK",1783613810170,133919,2387
1888,1783613810280,138175,134028,0,0,-74,0,0,0,79,81,42,60,65,189.53,124,2,-5,-1022,-1,0,0,0,0,0,0,20,"keyboard-worker","OK",1783613810270,134019,2389
1889,1783613810379,138274,134127,0,0,-73,0,0,0,79,81,42,60,65,189.11,124,-3,19,-1005,-1,0,0,0,0,0,0,20,"keyboard-worker","OK",1783613810371,134119,2391
1890,1783613810479,138374,134227,0,0,-73,0,0,0,79,81,42,60,65,189.66,124,3,-17,-979,-1,0,0,0,0,0,0,20,"keyboard-worker","OK",1783613810471,134219,2393
1891,1783613810576,138471,134325,0,0,-72,0,0,0,79,81,41,60,65,189.19,124,-12,7,-1007,-1,0,0,0,0,0,0,20,"keyboard-worker","OK",1783613810571,134320,2395
1892,1783613810675,138570,134424,0,0,-71,0,0,0,79,81,41,60,65,189.57,124,24,-10,-1003,-1,0,0,0,0,0,0,20,"keyboard-worker","OK",1783613810671,134420,2397
1893,1783613810774,138669,134523,0,0,-71,0,0,0,79,81,41,60,65,189.42,124,9,-9,-1004,-1,0,0,0,0,0,0,20,"keyboard-worker","OK",1783613810772,134520,2399
1894,1783613810939,138834,134687,0,0,-70,0,0,0,79,81,41,60,65,189.59,125,-12,2,-1013,-1,0,0,0,0,0,0,20,"keyboard-worker","OK",1783613810922,134670,2402
1895,1783613811062,138957,134810,0,0,-69,0,0,0,79,81,41,60,65,189.44,125,37,-28,-991,-1,0,0,0,0,0,0,20,"keyboard-worker","OK",1783613811022,134770,2404
1896,1783613811137,139032,134886,0,0,-68,0,0,0,79,81,41,60,65,189.25,125,-29,22,-991,-1,0,0,0,0,0,0,20,"keyboard-worker","OK",1783613811122,134871,2406
1897,1783613811170,139065,134918,0,0,-67,0,0,0,78,81,41,60,65,189.17,125,-32,21,-1017,-1,0,0,0,0,0,0,20,"keyboard-worker","OK",1783613811122,134871,2406
1898,1783613811269,139164,135017,0,0,-66,0,0,0,78,81,41,60,65,189.46,125,0,10,-1033,-1,0,0,0,0,0,0,20,"keyboard-worker","OK",1783613811222,134971,2408
1899,1783613811372,139267,135121,0,0,-65,0,0,0,78,81,42,60,65,189.48,125,-11,-2,-1010,-1,0,0,0,0,0,0,20,"keyboard-worker","OK",1783613811323,135071,2410
1900,1783613811469,139364,135218,0,0,-64,0,0,0,78,81,42,60,65,189.13,125,-8,-2,-1000,-1,0,0,0,0,0,0,20,"keyboard-worker","OK",1783613811423,135171,2412
1901,1783613811565,139460,135314,0,0,-63,0,0,0,78,81,42,60,65,189.1,125,-2,1,-1014,-1,0,0,0,0,0,0,20,"keyboard-worker","OK",1783613811523,135271,2414
1902,1783613811664,139559,135412,0,0,-62,0,0,0,78,81,42,60,65,189.19,125,9,-10,-993,-1,0,0,0,0,0,0,20,"keyboard-worker","OK",1783613811623,135372,2416
1903,1783613811763,139658,135511,0,0,-61,0,0,0,78,81,42,60,65,189.53,125,4,-7,-985,-1,0,0,0,0,0,0,20,"keyboard-worker","OK",1783613811723,135472,2418
1904,1783613811862,139757,135610,0,0,-60,0,0,0,78,81,42,60,65,189.63,126,15,-22,-980,-1,0,0,0,0,0,0,20,"keyboard-worker","OK",1783613811824,135572,2420
1905,1783613811961,139856,135709,0,0,-60,0,0,0,78,81,42,60,65,189.45,126,-13,-2,-998,-1,0,0,0,0,0,0,20,"keyboard-worker","OK",1783613811924,135672,2422
1906,1783613812010,139905,135759,0,0,-59,0,0,0,78,81,43,60,65,189.41,126,-8,9,-1022,-1,0,0,0,0,0,0,20,"keyboard-worker","OK",1783613811974,135722,2423
1907,1783613812159,140054,135908,0,0,-57,0,0,0,79,82,43,60,65,189.38,126,-8,11,-1036,-1,0,0,0,0,0,0,20,"keyboard-worker","OK",1783613812124,135873,2426
1908,1783613812260,140155,136008,0,0,-56,0,0,0,79,82,43,60,65,189.45,126,20,-21,-1002,-1,0,0,0,0,0,0,20,"keyboard-worker","OK",1783613812224,135973,2428
1909,1783613812356,140251,136105,0,0,-56,0,0,0,79,82,43,60,65,189.29,126,-1,-9,-989,-1,0,0,0,0,0,0,20,"keyboard-worker","OK",1783613812325,136073,2430
1910,1783613812455,140350,136204,0,0,-55,0,0,0,79,82,43,60,65,189.27,126,-2,-20,-979,-1,0,0,0,0,0,0,20,"keyboard-worker","OK",1783613812425,136173,2432
1911,1783613812516,140411,136264,0,0,-54,0,0,0,79,82,43,60,65,189.52,126,-3,-10,-990,-1,0,0,0,0,0,0,20,"keyboard-worker","OK",1783613812475,136223,2433
1912,1783613812610,140505,136359,0,0,-53,0,0,0,79,82,43,60,65,189.46,126,31,9,-1039,-1,0,0,0,0,0,0,20,"keyboard-worker","OK",1783613812575,136323,2435
1913,1783613812703,140598,136451,0,0,-52,0,0,0,79,82,43,60,65,189.78,126,-22,11,-990,-1,0,0,0,0,0,0,20,"keyboard-worker","OK",1783613812675,136424,2437
1914,1783613812804,140699,136552,0,0,-51,0,0,0,79,82,43,60,65,189.39,127,-19,-8,-1002,-1,0,0,0,0,0,0,20,"keyboard-worker","OK",1783613812775,136524,2439
1915,1783613812904,140799,136653,0,0,-51,0,0,0,79,82,43,60,65,189.39,127,4,-2,-975,-1,0,0,0,0,0,0,20,"keyboard-worker","OK",1783613812876,136624,2441
1916,1783613813003,140898,136751,0,0,-50,0,0,0,79,82,43,60,65,189.62,127,23,6,-1033,-1,0,0,0,0,0,0,20,"keyboard-worker","OK",1783613812976,136724,2443
1917,1783613813163,141058,136912,0,0,-49,0,0,0,79,81,43,60,65,189.33,127,-34,6,-1004,-1,0,0,0,0,0,0,20,"keyboard-worker","OK",1783613813126,136874,2446
1918,1783613813320,141215,137069,0,0,-48,0,0,0,79,81,43,60,64,189.32,127,-3,-8,-982,-1,0,0,0,0,0,0,20,"keyboard-worker","OK",1783613813276,137025,2449
1919,1783613813420,141315,137168,0,0,-47,0,0,0,79,81,43,60,64,189.43,127,13,-10,-997,-1,0,0,0,0,0,0,20,"keyboard-worker","OK",1783613813376,137125,2451
1920,1783613813521,141416,137269,0,0,-46,0,0,0,79,81,42,60,64,189.4,127,-11,25,-1009,-1,0,0,0,0,0,0,20,"keyboard-worker","OK",1783613813477,137225,2453
1921,1783613813581,141476,137329,0,0,-45,0,0,0,79,81,42,60,64,189.63,127,-25,26,-1009,-1,0,0,0,0,0,0,20,"keyboard-worker","OK",1783613813577,137325,2455
1922,1783613813717,141612,137465,0,0,-44,0,0,0,79,81,42,60,64,189.44,127,-18,-4,-971,-1,0,0,0,0,0,0,20,"keyboard-worker","OK",1783613813677,137426,2457
1923,1783613813806,141701,137555,0,0,-43,0,0,0,79,81,41,60,64,189.14,127,7,-24,-1002,-1,0,0,0,0,0,0,20,"keyboard-worker","OK",1783613813777,137526,2459
1924,1783613813889,141784,137637,0,0,-42,0,0,0,79,81,41,60,64,189.47,128,1,-10,-994,-1,0,0,0,0,0,0,20,"keyboard-worker","OK",1783613813878,137626,2461
1925,1783613813912,141807,137661,0,0,-42,0,0,0,79,81,41,60,64,189.4,128,-10,-2,-984,-1,0,0,0,0,0,0,20,"keyboard-worker","OK",1783613813878,137626,2461
1926,1783613813975,141870,137724,0,0,-41,0,0,0,79,81,41,60,64,189.63,128,-5,2,-995,-1,0,0,0,0,0,0,20,"keyboard-worker","OK",1783613813928,137676,2462
1927,1783613814075,141970,137823,0,0,-40,0,0,0,79,80,41,60,64,189.54,128,-21,-7,-950,-1,0,0,0,0,0,0,20,"keyboard-worker","OK",1783613814028,137776,2464
1928,1783613814173,142068,137922,0,0,-39,0,0,0,79,80,40,60,64,189.53,128,1,0,-1009,-1,0,0,0,0,0,0,20,"keyboard-worker","OK",1783613814128,137877,2466
1929,1783613814272,142167,138021,0,0,-38,0,0,0,79,80,40,60,64,189.45,128,-2,-9,-1001,-1,0,0,0,0,0,0,20,"keyboard-worker","OK",1783613814228,137977,2468
1930,1783613814371,142266,138119,0,0,-37,0,0,0,79,80,40,60,64,189.32,128,-19,17,-1017,-1,0,0,0,0,0,0,20,"keyboard-worker","OK",1783613814329,138077,2470
1931,1783613814478,142373,138227,0,0,-36,0,0,0,79,80,40,60,64,189.45,128,-7,9,-1028,-1,0,0,0,0,0,0,20,"keyboard-worker","OK",1783613814429,138177,2472
1932,1783613814576,142471,138324,0,0,-36,0,0,0,79,80,40,60,64,189.48,128,-16,-18,-966,-1,0,0,0,0,0,0,20,"keyboard-worker","OK",1783613814529,138277,2474
1933,1783613814672,142567,138420,0,0,-35,0,0,0,79,80,40,60,64,189.08,128,4,-8,-1014,-1,0,0,0,0,0,0,20,"keyboard-worker","OK",1783613814629,138378,2476
1934,1783613814766,142661,138515,0,0,-34,0,0,0,79,80,40,60,64,189.45,129,-23,-8,-993,-1,0,0,0,0,0,0,20,"keyboard-worker","OK",1783613814729,138478,2478
1935,1783613814866,142761,138614,0,0,-33,0,0,0,79,80,40,60,64,189.48,129,-32,12,-1017,-1,0,0,0,0,0,0,20,"keyboard-worker","OK",1783613814830,138578,2480
1936,1783613814964,142859,138713,0,0,-32,0,0,0,79,80,40,60,64,189.4,129,-8,-7,-959,-1,0,0,0,0,0,0,20,"keyboard-worker","OK",1783613814930,138679,2482
1937,1783613815063,142958,138812,0,0,-32,0,0,0,79,80,40,60,64,189.5,129,4,-23,-981,-1,0,0,0,0,0,0,20,"keyboard-worker","OK",1783613815030,138779,2484
1938,1783613815162,143057,138910,0,0,-31,0,0,0,79,80,40,60,64,189.33,129,-19,3,-1020,-1,0,0,0,0,0,0,20,"keyboard-worker","OK",1783613815130,138879,2486
1939,1783613815261,143156,139009,0,0,-30,0,0,0,79,80,41,60,64,189.56,129,-2,4,-977,-1,0,0,0,0,0,0,20,"keyboard-worker","OK",1783613815231,138979,2488
1940,1783613815360,143255,139108,0,0,-29,0,0,0,79,80,41,60,64,189.42,129,5,-22,-997,-1,0,0,0,0,0,0,20,"keyboard-worker","OK",1783613815331,139079,2490
1941,1783613815470,143365,139218,0,0,-28,0,0,0,79,80,41,60,64,189.34,129,-7,-1,-1009,-1,0,0,0,0,0,0,20,"keyboard-worker","OK",1783613815431,139180,2492
1942,1783613815558,143453,139306,0,0,-27,0,0,0,79,80,41,60,64,189.46,129,13,-17,-991,-1,0,0,0,0,0,0,20,"keyboard-worker","OK",1783613815531,139280,2494
1943,1783613815657,143552,139406,0,0,-26,0,0,0,79,80,41,60,64,189.66,129,-8,5,-1008,-1,0,0,0,0,0,0,20,"keyboard-worker","OK",1783613815632,139380,2496
1944,1783613815756,143651,139505,0,0,-25,0,0,0,79,80,41,60,64,189.84,130,-18,0,-978,-1,0,0,0,0,0,0,20,"keyboard-worker","OK",1783613815732,139480,2498
1945,1783613815854,143749,139603,0,0,-24,0,0,0,79,80,41,60,64,189.64,130,2,21,-1006,-1,0,0,0,0,0,0,20,"keyboard-worker","OK",1783613815832,139580,2500
1946,1783613815953,143848,139702,0,0,-24,0,0,0,79,80,41,60,64,189.44,130,18,-28,-1001,-1,0,0,0,0,0,0,20,"keyboard-worker","OK",1783613815932,139681,2502
1947,1783613816052,143947,139800,0,0,-23,0,0,0,78,81,41,60,64,189.47,130,-50,10,-955,-1,0,0,0,0,0,0,20,"keyboard-worker","OK",1783613816032,139781,2504
1948,1783613816158,144053,139906,0,0,-22,0,0,0,78,81,41,60,64,189.45,130,12,17,-1051,-1,0,0,0,0,0,0,20,"keyboard-worker","OK",1783613816133,139881,2506
1949,1783613816283,144178,140032,0,0,-21,0,0,0,78,81,41,60,64,189.2,130,4,-28,-967,-1,0,0,0,0,0,0,20,"keyboard-worker","OK",1783613816283,140031,2509
1950,1783613816392,144287,140141,0,0,-20,0,0,0,78,81,41,60,64,189.21,130,4,-28,-988,-1,0,0,0,0,0,0,20,"keyboard-worker","OK",1783613816383,140132,2511
1951,1783613816448,144343,140196,0,0,-19,0,0,0,78,81,41,60,64,189.5,130,-23,18,-992,-1,0,0,0,0,0,0,20,"keyboard-worker","OK",1783613816433,140182,2512
1952,1783613816546,144441,140295,0,0,-19,0,0,0,78,81,41,60,64,189.6,130,-15,5,-998,-1,0,0,0,0,0,0,20,"keyboard-worker","OK",1783613816533,140282,2514
1953,1783613816645,144540,140394,0,0,-18,0,0,0,78,81,41,60,64,189.3,130,-7,0,-1013,-1,0,0,0,0,0,0,20,"keyboard-worker","OK",1783613816634,140382,2516
1954,1783613816744,144639,140493,0,0,-17,0,0,0,78,81,41,60,64,189.56,131,-6,2,-979,-1,0,0,0,0,0,0,20,"keyboard-worker","OK",1783613816734,140482,2518
1955,1783613816795,144690,140543,0,0,-17,0,0,0,78,81,41,60,64,189.5,131,-3,-18,-1000,-1,0,0,0,0,0,0,20,"keyboard-worker","OK",1783613816784,140532,2519
1956,1783613816896,144791,140644,0,0,-16,0,0,0,78,81,41,60,64,189.35,131,23,3,-1037,-1,0,0,0,0,0,0,20,"keyboard-worker","OK",1783613816884,140633,2521
1957,1783613817008,144903,140757,0,0,-15,0,0,0,79,81,42,60,64,189.4,131,17,-25,-947,-1,0,0,0,0,0,0,20,"keyboard-worker","OK",1783613816984,140733,2523
1958,1783613817140,145035,140888,0,0,-14,0,0,0,79,81,42,60,64,189.59,131,-3,-22,-915,-1,0,0,0,0,0,0,20,"keyboard-worker","OK",1783613817134,140883,2526
1959,1783613817238,145133,140987,0,0,-13,0,0,0,79,81,42,60,64,189.68,131,4,5,-1027,-1,0,0,0,0,0,0,20,"keyboard-worker","OK",1783613817235,140983,2528
1960,1783613817339,145234,141087,0,0,-12,0,0,0,79,81,42,60,64,189.42,131,21,0,-976,-1,0,0,0,0,0,0,20,"keyboard-worker","OK",1783613817335,141083,2530
1961,1783613817436,145331,141185,0,0,-11,0,0,0,79,81,42,60,64,189.67,131,33,-2,-1043,-1,0,0,0,0,0,0,20,"keyboard-worker","OK",1783613817435,141183,2532
1962,1783613817535,145430,141283,0,0,-10,0,0,0,79,81,42,60,64,189.35,131,6,-2,-1010,-1,0,0,0,0,0,0,0,"keyboard-worker","OK",1783613817535,141284,2534
1963,1783613817597,145492,141346,0,0,-10,0,0,0,79,81,42,60,64,189.36,132,-1,0,-947,-1,0,0,0,0,0,0,0,"keyboard-worker","OK",1783613817585,141334,2535
1964,1783613817690,145585,141438,0,0,-10,0,0,0,79,81,42,60,64,189.62,132,-47,19,-971,-1,0,0,0,0,0,0,0,"keyboard-worker","OK",1783613817685,141434,2537
1965,1783613817782,145677,141531,0,0,-10,0,0,0,79,81,43,60,64,189.48,132,-40,37,-1046,-1,0,0,0,0,0,0,0,"keyboard-worker","OK",1783613817736,141484,2538
1966,1783613817881,145776,141629,0,0,-10,0,0,0,79,81,43,60,64,189.56,132,-26,26,-972,-1,0,0,0,0,0,0,0,"keyboard-worker","OK",1783613817836,141584,2540
1967,1783613817980,145875,141728,0,0,-10,0,0,0,79,81,43,60,64,189.6,132,-2,-24,-965,-1,0,0,0,0,0,0,0,"keyboard-worker","OK",1783613817936,141684,2542
1968,1783613818079,145974,141828,0,0,-10,0,0,0,79,81,43,60,64,189.24,132,33,-20,-1016,-1,0,0,0,0,0,0,20,"keyboard-worker","OK",1783613818036,141785,2544
1969,1783613818194,146089,141942,0,0,-9,0,0,0,79,81,43,60,64,189.56,132,-15,0,-981,-1,0,0,0,0,0,0,20,"keyboard-worker","OK",1783613818186,141935,2547
1970,1783613818276,146171,142025,0,0,-8,0,0,0,79,81,43,60,64,189.43,132,7,8,-990,-1,0,0,0,0,0,0,20,"keyboard-worker","OK",1783613818236,141985,2548
1971,1783613818375,146270,142123,0,0,-8,0,0,0,79,81,43,60,64,189.83,132,-3,0,-1003,-1,0,0,0,0,0,0,20,"keyboard-worker","OK",1783613818337,142085,2550
1972,1783613818474,146369,142222,0,0,-7,0,0,0,79,81,43,60,64,189.48,132,10,2,-1035,-1,0,0,0,0,0,0,20,"keyboard-worker","OK",1783613818437,142185,2552
1973,1783613818584,146479,142333,0,0,-6,0,0,0,79,81,43,60,64,189.68,133,-10,6,-968,-1,0,0,0,0,0,0,0,"keyboard-worker","OK",1783613818537,142286,2554
1974,1783613818679,146574,142428,0,0,-5,0,0,0,79,81,43,60,64,189.31,133,-29,24,-990,-1,0,0,0,0,0,0,0,"keyboard-worker","OK",1783613818637,142386,2556
1975,1783613818775,146670,142524,0,0,-5,0,0,0,79,81,43,60,64,189.28,133,-61,26,-953,-1,0,0,0,0,0,0,0,"keyboard-worker","OK",1783613818737,142486,2558
1976,1783613818874,146769,142623,0,0,-5,0,0,0,79,81,43,60,64,189.74,133,18,-22,-980,-1,0,0,0,0,0,0,0,"keyboard-worker","OK",1783613818838,142586,2560
1977,1783613818973,146868,142722,0,0,-5,0,0,0,79,82,43,60,64,189.42,133,0,10,-1014,-1,0,0,0,0,0,0,0,"keyboard-worker","OK",1783613818938,142686,2562
1978,1783613819077,146972,142825,0,0,-5,0,0,0,79,82,43,60,64,189.71,133,-8,14,-974,-1,0,0,0,0,0,0,0,"keyboard-worker","OK",1783613819038,142787,2564
1979,1783613819196,147091,142944,0,0,-5,0,0,0,79,82,43,60,64,189.41,133,-21,6,-1006,-1,0,0,0,0,0,0,0,"keyboard-worker","OK",1783613819188,142937,2567
1980,1783613819304,147199,143053,0,0,-5,0,0,0,79,82,42,60,64,189.44,133,25,-25,-987,-1,0,0,0,0,0,0,0,"keyboard-worker","OK",1783613819288,143037,2569
1981,1783613819425,147320,143174,0,0,-5,0,0,0,79,82,43,60,64,189.68,133,26,6,-1020,-1,0,0,0,0,0,0,0,"keyboard-worker","OK",1783613819389,143137,2571
1982,1783613819498,147393,143246,0,0,-5,0,0,0,79,82,43,60,64,189.59,133,17,-20,-984,-1,0,0,0,0,0,0,0,"keyboard-worker","OK",1783613819489,143237,2573
1983,1783613819561,147456,143309,0,0,-5,0,0,0,79,82,42,60,64,189.37,134,10,28,-1037,-1,0,0,0,0,0,0,0,"keyboard-worker","OK",1783613819539,143287,2574
1984,1783613819659,147554,143408,0,0,-5,0,0,0,79,82,43,60,64,189.54,134,-10,17,-971,-1,0,0,0,0,0,0,0,"keyboard-worker","OK",1783613819639,143388,2576
1985,1783613819758,147653,143507,0,0,-5,0,0,0,79,82,43,60,64,189.57,134,0,17,-1004,-1,0,0,0,0,0,0,0,"keyboard-worker","OK",1783613819739,143488,2578
1986,1783613819857,147752,143606,0,0,-5,0,0,0,79,82,42,60,64,189.53,134,-6,14,-1005,-1,0,0,0,0,0,0,0,"keyboard-worker","OK",1783613819840,143588,2580
1987,1783613819956,147851,143704,0,0,-5,0,0,0,78,82,42,60,64,189.51,134,0,0,-999,-1,0,0,0,0,0,0,0,"keyboard-worker","OK",1783613819940,143688,2582
1988,1783613820055,147950,143803,0,0,-5,0,0,0,78,82,42,60,64,189.37,134,-15,-6,-983,-1,0,0,0,0,0,0,0,"keyboard-worker","OK",1783613820040,143788,2584
1989,1783613820157,148052,143906,0,0,-5,0,0,0,78,82,42,60,64,189.69,134,-8,11,-1013,-1,0,0,0,0,0,0,0,"keyboard-worker","OK",1783613820140,143889,2586
1990,1783613820257,148152,144005,0,0,-5,0,0,0,78,82,42,60,64,189.54,134,19,-10,-1019,-1,0,0,0,0,0,0,0,"keyboard-worker","OK",1783613820240,143989,2588
1991,1783613820352,148247,144100,0,0,-5,0,0,0,78,82,42,60,64,189.58,134,-7,9,-1002,-1,0,0,0,0,0,0,0,"keyboard-worker","OK",1783613820341,144089,2590
1992,1783613820493,148388,144242,0,0,-5,0,0,0,78,82,42,60,64,189.44,134,-17,16,-1025,-1,0,0,0,0,0,0,0,"keyboard-worker","OK",1783613820491,144239,2593
1993,1783613820502,148397,144251,0,0,-5,0,0,0,78,82,42,60,64,189.41,135,4,4,-1006,-1,0,0,0,0,0,0,0,"keyboard-worker","OK",1783613820491,144239,2593
1994,1783613820599,148494,144347,0,0,-5,0,0,0,78,82,42,60,64,189.59,135,-7,16,-1020,-1,0,0,0,0,0,0,0,"keyboard-worker","OK",1783613820591,144339,2595
1995,1783613820698,148593,144447,0,0,-5,0,0,0,78,82,42,60,64,189.54,135,-35,24,-1031,-1,0,0,0,0,0,0,0,"keyboard-worker","OK",1783613820691,144440,2597
1996,1783613820797,148692,144545,0,0,-5,0,0,0,78,82,42,60,64,189.42,135,-36,2,-1010,-1,0,0,0,0,0,0,0,"keyboard-worker","OK",1783613820791,144540,2599
1997,1783613820945,148840,144693,0,0,-5,0,0,0,79,81,42,60,64,189.48,135,-38,-11,-918,-1,0,0,0,0,0,0,0,"keyboard-worker","OK",1783613820942,144690,2602
1998,1783613821044,148939,144792,0,0,-5,0,0,0,79,81,42,60,64,189.45,135,18,-12,-1011,-1,0,0,0,0,0,0,0,"keyboard-worker","OK",1783613821042,144790,2604
1999,1783613821142,149037,144891,0,0,-5,0,0,0,79,81,42,60,64,189.31,135,-3,9,-1008,-1,0,0,0,0,0,0,0,"keyboard-worker","OK",1783613821142,144891,2606
2000,1783613821194,149089,144943,0,0,-5,0,0,0,79,81,42,60,64,189.19,135,-19,8,-1008,-1,0,0,0,0,0,0,0,"keyboard-worker","OK",1783613821192,144941,2607
2001,1783613821291,149186,145040,0,0,-5,0,0,0,79,81,42,60,64,189.37,135,16,13,-1005,-1,0,0,0,0,0,0,0,"keyboard-worker","OK",1783613821242,144991,2608
2002,1783613821390,149285,145138,0,0,-5,0,0,0,79,81,43,60,64,189.35,135,36,-5,-1005,-1,0,0,0,0,0,0,0,"keyboard-worker","OK",1783613821343,145091,2610
2003,1783613821488,149383,145237,0,0,-5,0,0,0,79,81,43,60,64,189.87,136,-49,30,-974,-1,0,0,0,0,0,0,0,"keyboard-worker","OK",1783613821443,145191,2612
2004,1783613821587,149482,145335,0,0,-5,0,0,0,79,81,43,60,64,189.22,136,-31,27,-980,-1,0,0,0,0,0,0,0,"keyboard-worker","OK",1783613821543,145292,2614
2005,1783613821686,149581,145435,0,0,-5,0,0,0,79,81,43,60,64,189.61,136,-2,0,-956,-1,0,0,0,0,0,0,0,"keyboard-worker","OK",1783613821643,145392,2616
2006,1783613821785,149680,145533,0,0,-5,0,0,0,79,81,43,60,64,189.47,136,-49,20,-988,-1,0,0,0,0,0,0,0,"keyboard-worker","OK",1783613821743,145492,2618
2007,1783613821922,149817,145671,0,0,-5,0,0,0,79,81,43,60,64,189.33,136,30,-14,-991,-1,0,0,0,0,0,0,0,"keyboard-worker","OK",1783613821894,145642,2621
2008,1783613821983,149878,145732,0,0,-5,0,0,0,79,81,43,60,64,189.53,136,-11,14,-978,-1,0,0,0,0,0,0,0,"keyboard-worker","OK",1783613821944,145692,2622
2009,1783613822119,150014,145868,0,0,-5,0,0,0,79,81,42,60,64,189.57,136,6,9,-1029,-1,0,0,0,0,0,0,0,"keyboard-worker","OK",1783613822094,145843,2625
2010,1783613822370,150265,146118,0,0,-5,0,0,0,79,81,42,60,64,189.51,136,1,8,-1006,-1,0,0,0,0,0,0,0,"keyboard-worker","OK",1783613822345,146093,2630
2011,1783613822509,150404,146257,0,0,-5,0,0,0,79,81,42,60,64,189.18,136,-2,0,-1011,-1,0,0,0,0,0,0,0,"keyboard-worker","OK",1783613822495,146244,2633
2012,1783613822610,150505,146359,0,0,-5,0,0,0,79,81,42,60,64,189.47,136,-5,-6,-989,-1,0,0,0,0,0,0,0,"keyboard-worker","OK",1783613822595,146344,2635
2013,1783613822629,150524,146378,0,0,-5,0,0,0,79,81,42,60,64,189.55,137,0,22,-994,-1,0,0,0,0,0,0,0,"keyboard-worker","OK",1783613822595,146344,2635
2014,1783613822767,150662,146515,0,0,-5,0,0,0,79,81,42,60,64,189.75,137,-6,3,-1001,-1,0,0,0,0,0,0,0,"keyboard-worker","OK",1783613822746,146494,2638
2015,1783613822887,150782,146636,0,0,-5,0,0,0,79,81,41,60,64,189.51,137,13,20,-1009,-1,0,0,0,0,0,0,0,"keyboard-worker","OK",1783613822846,146594,2640
2016,1783613822930,150825,146679,0,0,-5,0,0,0,79,81,41,60,64,189.57,137,-10,26,-1027,-1,0,0,0,0,0,0,0,"keyboard-worker","OK",1783613822896,146644,2641
2017,1783613823115,151010,146864,0,0,-5,0,0,0,79,82,41,60,64,189.45,137,-19,21,-1017,-1,0,0,0,0,0,0,0,"keyboard-worker","OK",1783613823096,146845,2645
2018,1783613823197,151092,146945,0,0,-5,0,0,0,79,82,41,60,64,189.63,137,3,-14,-969,-1,0,0,0,0,0,0,0,"keyboard-worker","OK",1783613823197,146945,2647
2019,1783613823233,151128,146982,0,0,-5,0,0,0,79,82,41,60,64,189.74,137,25,-7,-1040,-1,0,0,0,0,0,0,0,"keyboard-worker","OK",1783613823197,146945,2647
2020,1783613823281,151176,147030,0,0,-5,0,0,0,79,82,41,60,64,189.36,137,0,0,-1000,-1,0,0,0,0,0,0,0,"keyboard-worker","OK",1783613823247,146995,2648
2021,1783613823519,151414,147267,0,0,-5,0,0,0,79,82,41,60,64,189.65,137,13,18,-1004,-1,0,0,0,0,0,0,0,"keyboard-worker","OK",1783613823497,147246,2653
2022,1783613823572,151467,147320,0,0,-5,0,0,0,79,82,41,60,64,189.38,137,-10,7,-1005,-1,0,0,0,0,0,0,0,"keyboard-worker","OK",1783613823547,147296,2654
2023,1783613823659,151554,147408,0,0,-5,0,0,0,79,82,41,60,64,189.19,138,0,-2,-990,-1,0,0,0,0,0,0,0,"keyboard-worker","OK",1783613823648,147396,2656
2024,1783613823722,151617,147470,0,0,-5,0,0,0,79,82,41,60,64,189.31,138,-31,19,-986,-1,0,0,0,0,0,0,0,"keyboard-worker","OK",1783613823698,147446,2657
2025,1783613823827,151722,147576,0,0,-5,0,0,0,79,82,41,60,64,189.47,138,-9,7,-1009,-1,0,0,0,0,0,0,0,"keyboard-worker","OK",1783613823798,147546,2659
2026,1783613823875,151770,147623,0,0,-5,0,0,0,79,82,41,60,64,189.53,138,12,7,-979,-1,0,0,0,0,0,0,0,"keyboard-worker","OK",1783613823848,147596,2660
2027,1783613823969,151864,147717,0,0,-6,0,0,0,78,81,41,60,64,189.66,138,14,-19,-1014,-1,0,0,0,0,0,0,0,"keyboard-worker","OK",1783613823948,147697,2662
2028,1783613824173,152068,147921,0,0,-6,0,0,0,78,81,41,60,64,189.31,138,0,22,-974,-1,0,0,0,0,0,0,0,"keyboard-worker","OK",1783613824149,147897,2666
2029,1783613824406,152301,148154,0,0,-6,0,0,0,78,81,41,60,64,189.54,138,-5,4,-1072,-1,0,0,0,0,0,0,0,"keyboard-worker","OK",1783613824399,148148,2671
2030,1783613824408,152303,148156,0,0,-6,0,0,0,78,81,41,60,64,189.54,138,12,11,-968,-1,0,0,0,0,0,0,0,"keyboard-worker","OK",1783613824399,148148,2671
2031,1783613824443,152338,148191,0,0,-6,0,0,0,78,81,41,60,64,189.18,138,22,-22,-955,-1,0,0,0,0,0,0,0,"keyboard-worker","OK",1783613824399,148148,2671
2032,1783613824452,152347,148200,0,0,-6,0,0,0,78,81,41,60,64,189.65,138,-19,13,-1005,-1,0,0,0,0,0,0,0,"keyboard-worker","OK",1783613824449,148198,2672
2033,1783613824530,152425,148279,0,0,-5,0,0,0,78,81,42,60,64,189.39,139,-4,1,-955,-1,0,0,0,0,0,0,0,"keyboard-worker","OK",1783613824499,148248,2673
2034,1783613824594,152489,148342,0,0,-5,0,0,0,78,81,42,60,64,189.15,139,19,10,-1040,-1,0,0,0,0,0,0,0,"keyboard-worker","OK",1783613824550,148298,2674
2035,1783613824684,152579,148433,0,0,-5,0,0,0,78,81,42,60,64,189.47,139,-9,1,-995,-1,0,0,0,0,0,0,0,"keyboard-worker","OK",1783613824650,148398,2676
2036,1783613824804,152699,148553,0,0,-5,0,0,0,78,81,42,60,64,189.57,139,-14,1,-1004,-1,0,0,0,0,0,0,0,"keyboard-worker","OK",1783613824800,148549,2679
2037,1783613824959,152854,148707,0,0,-5,0,0,0,78,81,43,60,64,189.32,139,-7,-1,-992,-1,0,0,0,0,0,0,0,"keyboard-worker","OK",1783613824950,148699,2682
2038,1783613825018,152913,148766,0,0,-5,0,0,0,78,81,43,60,64,189.12,139,0,18,-993,-1,0,0,0,0,0,0,0,"keyboard-worker","OK",1783613825000,148749,2683
2039,1783613825106,153001,148855,0,0,-5,0,0,0,78,81,43,60,64,189.49,139,19,-14,-992,-1,0,0,0,0,0,0,0,"keyboard-worker","OK",1783613825101,148849,2685
2040,1783613825252,153147,149001,0,0,-5,0,0,0,78,81,43,60,64,189.3,139,-7,14,-1022,-1,0,0,0,0,0,0,0,"keyboard-worker","OK",1783613825251,148999,2688
2041,1783613825416,153311,149165,0,0,-5,0,0,0,78,81,43,60,64,189.45,139,0,5,-987,-1,0,0,0,0,0,0,0,"keyboard-worker","OK",1783613825401,149150,2691
2042,1783613825467,153362,149216,0,0,-5,0,0,0,78,81,43,60,64,189.32,139,21,-15,-1011,-1,0,0,0,0,0,0,0,"keyboard-worker","OK",1783613825451,149200,2692
2043,1783613825530,153425,149278,0,0,-5,0,0,0,78,81,43,60,64,189.42,140,-5,13,-977,-1,0,0,0,0,0,0,0,"keyboard-worker","OK",1783613825502,149250,2693
2044,1783613825902,153797,149650,0,0,-5,0,0,0,78,81,43,60,64,189.23,140,10,12,-1042,-1,0,0,0,0,0,0,0,"keyboard-worker","OK",1783613825902,149651,2701
2045,1783613826216,154111,149964,0,0,-5,0,0,0,78,81,43,60,64,189.42,140,-11,9,-1025,-1,0,0,0,0,0,0,0,"keyboard-worker","OK",1783613826203,149952,2707
2046,1783613826248,154143,149996,0,0,-5,0,0,0,78,81,43,60,64,189.45,140,-4,-18,-934,-1,0,0,0,0,0,0,0,"keyboard-worker","OK",1783613826203,149952,2707
2047,1783613826257,154152,150006,0,0,-5,0,0,0,78,81,42,60,64,189.34,140,26,-3,-1015,-1,0,0,0,0,0,0,0,"keyboard-worker","OK",1783613826253,150002,2708
2048,1783613826332,154227,150081,0,0,-5,0,0,0,78,81,42,60,64,189.51,140,-20,2,-999,-1,0,0,0,0,0,0,0,"keyboard-worker","OK",1783613826303,150052,2709
2049,1783613826349,154244,150098,0,0,-5,0,0,0,78,81,42,60,64,189.19,140,1,-1,-982,-1,0,0,0,0,0,0,0,"keyboard-worker","OK",1783613826303,150052,2709
2050,1783613826351,154246,150099,0,0,-5,0,0,0,78,81,41,60,64,189.2,140,9,-17,-999,-1,0,0,0,0,0,0,0,"keyboard-worker","OK",1783613826303,150052,2709
2051,1783613826367,154262,150115,0,0,-5,0,0,0,78,81,41,60,64,189.36,140,-9,13,-995,-1,0,0,0,0,0,0,0,"keyboard-worker","OK",1783613826353,150102,2710
2052,1783613826505,154400,150253,0,0,-5,0,0,0,78,81,41,60,64,189.26,141,-10,-10,-969,-1,0,0,0,0,0,0,0,"keyboard-worker","OK",1783613826504,150252,2713
2053,1783613826547,154442,150296,0,0,-5,0,0,0,78,81,40,60,64,189.2,141,13,-14,-966,-1,0,0,0,0,0,0,0,"keyboard-worker","OK",1783613826504,150252,2713
2054,1783613826620,154515,150369,0,0,-5,0,0,0,78,81,40,60,64,189.53,141,9,-15,-1013,-1,0,0,0,0,0,0,0,"keyboard-worker","OK",1783613826604,150353,2715
2055,1783613826709,154604,150458,0,0,-5,0,0,0,78,81,40,60,64,189.7,141,-5,-2,-1031,-1,0,0,0,0,0,0,0,"keyboard-worker","OK",1783613826704,150453,2717
2056,1783613827911,155806,151660,0,0,-5,0,0,0,79,82,40,60,64,189.14,141,8,9,-1023,-1,0,0,0,0,0,20,0,"keyboard-worker","OK",1783613827907,151655,2741
2057,1783613827915,155810,151664,0,0,-5,0,0,0,79,82,40,60,64,189.53,141,26,-7,-996,-1,0,0,0,0,0,20,0,"keyboard-worker","OK",1783613827907,151655,2741
2058,1783613827916,155811,151664,0,0,-5,0,0,0,79,82,40,60,64,188.96,141,-10,8,-1001,-1,0,0,0,0,0,20,0,"keyboard-worker","OK",1783613827907,151655,2741
2059,1783613827919,155814,151668,0,0,-5,0,0,0,79,82,41,60,64,189.5,141,-4,0,-1000,-1,0,0,0,0,0,20,0,"keyboard-worker","OK",1783613827907,151655,2741
2060,1783613827927,155822,151676,0,0,-5,0,0,0,79,82,41,60,64,189.23,141,-12,-3,-999,-1,0,0,0,0,0,20,0,"keyboard-worker","OK",1783613827907,151655,2741
2061,1783613827930,155825,151678,0,0,-5,0,0,0,79,82,41,60,64,189.61,141,-33,12,-995,-1,0,0,0,0,0,20,0,"keyboard-worker","OK",1783613827907,151655,2741
2062,1783613827937,155832,151686,0,0,-5,0,0,0,79,82,41,60,64,189.06,142,2,13,-977,-1,0,0,0,0,0,20,0,"keyboard-worker","OK",1783613827907,151655,2741
2063,1783613827947,155842,151695,0,0,-5,0,0,0,79,82,41,60,64,189.46,142,3,13,-1025,-1,0,0,0,0,0,20,0,"keyboard-worker","OK",1783613827907,151655,2741
2064,1783613828294,156189,152043,0,0,-5,0,0,0,79,82,42,60,64,189.41,142,25,9,-1060,-1,0,0,0,0,0,20,0,"keyboard-worker","OK",1783613828257,152006,2748
2065,1783613828423,156318,152171,0,0,-5,0,0,0,79,82,42,60,64,189.53,142,3,30,-1051,-1,0,0,0,0,0,20,0,"keyboard-worker","OK",1783613828408,152156,2751
2066,1783613828432,156327,152180,0,0,-5,0,0,0,79,81,42,60,63,189.22,142,8,2,-1024,-1,0,0,0,0,0,20,0,"keyboard-worker","OK",1783613828408,152156,2751
2067,1783613828614,156509,152363,0,0,-5,0,0,0,79,81,42,60,63,189.41,142,33,-15,-997,-1,0,0,0,0,0,20,0,"keyboard-worker","OK",1783613828608,152356,2755
2068,1783613828643,156538,152392,0,0,-5,0,0,0,79,81,42,60,63,189.26,142,-12,-6,-1002,-1,0,0,0,0,0,20,0,"keyboard-worker","OK",1783613828608,152356,2755
2069,1783613828663,156558,152411,0,0,-5,0,0,0,79,81,42,60,63,189.48,142,-5,-10,-964,-1,0,0,0,0,0,20,0,"keyboard-worker","OK",1783613828658,152407,2756
2070,1783613828664,156559,152412,0,0,-5,0,0,0,79,81,42,60,63,189.49,142,-7,17,-975,-1,0,0,0,0,0,20,0,"keyboard-worker","OK",1783613828658,152407,2756
2071,1783613828693,156588,152441,0,0,-5,0,0,0,79,81,42,60,63,189.21,142,2,3,-1027,-1,0,0,0,0,0,20,0,"keyboard-worker","OK",1783613828658,152407,2756
2072,1783613828709,156604,152458,0,0,-5,0,0,0,79,81,42,60,63,189.3,143,-4,4,-983,-1,0,0,0,0,0,20,0,"keyboard-worker","OK",1783613828708,152457,2757
2073,1783613828710,156605,152459,0,0,-5,0,0,0,79,81,42,60,63,189.1,143,-7,-10,-968,-1,0,0,0,0,0,20,0,"keyboard-worker","OK",1783613828708,152457,2757
2074,1783613828780,156675,152529,0,0,-5,0,0,0,79,81,42,60,63,189.38,143,1,-7,-989,-1,0,0,0,0,0,20,0,"keyboard-worker","OK",1783613828758,152507,2758
2075,1783613828812,156707,152560,0,0,-5,0,0,0,79,81,42,60,63,189.62,143,-13,-11,-995,-1,0,0,0,0,0,20,0,"keyboard-worker","OK",1783613828808,152557,2759
2076,1783613828945,156840,152694,0,0,-5,0,0,0,79,81,43,60,63,189,143,-4,23,-1053,-1,0,0,0,0,0,20,0,"keyboard-worker","OK",1783613828909,152657,2761
2077,1783613829135,157030,152883,0,0,-5,0,0,0,79,81,43,60,63,189.55,143,12,5,-1055,-1,0,0,0,0,0,20,0,"keyboard-worker","OK",1783613829109,152857,2765
2078,1783613829162,157057,152910,0,0,-5,0,0,0,79,81,43,60,63,189.09,143,-50,30,-977,-1,0,0,0,0,0,20,0,"keyboard-worker","OK",1783613829159,152907,2766
2079,1783613829280,157175,153028,0,0,-5,0,0,0,79,81,43,60,63,189.42,143,41,-17,-983,-1,0,0,0,0,0,20,0,"keyboard-worker","OK",1783613829259,153008,2768
2080,1783613829327,157222,153075,0,0,-5,0,0,0,79,81,43,60,63,189.58,143,6,2,-1015,-1,0,0,0,0,0,20,0,"keyboard-worker","OK",1783613829309,153058,2769
2081,1783613830405,158300,153173,0,0,-5,0,0,0,79,81,44,60,63,189.39,143,-24,10,-988,-1,0,0,0,0,0,20,0,"keyboard-worker","OK",1783613830390,153158,2771
2082,1783613830462,158357,153230,0,0,-5,0,0,0,79,81,44,60,63,189.34,144,-8,17,-1063,-1,0,0,0,0,0,20,0,"keyboard-worker","OK",1783613830440,153208,2772
2083,1783613830480,158375,153248,0,0,-5,0,0,0,79,81,44,60,63,189.23,144,5,3,-964,-1,0,0,0,0,0,20,0,"keyboard-worker","OK",1783613830440,153208,2772
2084,1783613830649,158544,153416,0,0,-5,0,0,0,79,81,44,60,63,189.54,144,-9,11,-1002,-1,0,0,0,0,0,20,0,"keyboard-worker","OK",1783613830641,153408,2776
2085,1783613830685,158580,153453,0,0,-5,0,0,0,79,81,44,60,63,189.72,144,-14,9,-1022,-1,0,0,0,0,0,20,0,"keyboard-worker","OK",1783613830641,153408,2776
2086,1783613830758,158653,153526,0,0,-5,0,0,0,79,82,45,60,63,189.52,144,39,-18,-980,-1,0,0,0,0,0,20,0,"keyboard-worker","OK",1783613830741,153509,2778
2087,1783613830826,158721,153594,0,0,-5,0,0,0,79,82,44,60,63,189.47,144,-7,2,-999,-1,0,0,0,0,0,20,0,"keyboard-worker","OK",1783613830791,153559,2779
2088,1783613830917,158812,153685,0,0,-5,0,0,0,79,82,45,60,63,189.38,144,-25,3,-951,-1,0,0,0,0,0,20,0,"keyboard-worker","OK",1783613830891,153659,2781
2089,1783613831019,158914,153787,0,0,-5,0,0,0,79,82,44,60,63,189.22,144,-7,15,-999,-1,0,0,0,0,0,20,0,"keyboard-worker","OK",1783613830991,153759,2783
2090,1783613831206,159101,153973,0,0,-5,0,0,0,79,82,44,60,63,189.48,144,14,11,-1029,-1,0,0,0,0,0,20,0,"keyboard-worker","OK",1783613831192,153959,2787
2091,1783613831206,159101,153974,0,0,-5,0,0,0,79,82,44,60,63,189.57,144,-27,19,-1059,-1,0,0,0,0,0,20,0,"keyboard-worker","OK",1783613831192,153959,2787
2092,1783613831303,159198,154071,0,0,-5,0,0,0,79,82,44,60,63,189.43,145,3,-9,-966,-1,0,0,0,0,0,20,0,"keyboard-worker","OK",1783613831292,154060,2789
2093,1783613831384,159279,154152,0,0,-5,0,0,0,79,82,43,60,63,189.49,145,3,0,-1001,-1,0,0,0,0,0,20,0,"keyboard-worker","OK",1783613831342,154110,2790
2094,1783613831486,159381,154254,0,0,-5,0,0,0,79,82,43,60,63,189.28,145,14,11,-981,-1,0,0,0,0,0,20,0,"keyboard-worker","OK",1783613831442,154210,2792
2095,1783613831587,159482,154355,0,0,-5,0,0,0,79,82,43,60,63,189.35,145,0,11,-1009,-1,0,0,0,0,0,0,0,"keyboard-worker","OK",1783613831542,154310,2794
2096,1783613831714,159609,154481,0,0,-5,0,0,0,79,82,42,60,63,189.52,145,22,-12,-973,-1,0,0,0,0,0,0,0,"keyboard-worker","OK",1783613831693,154461,2797
2097,1783613831786,159681,154554,0,0,-5,0,0,0,79,82,41,60,63,189.11,145,2,3,-1100,-1,0,0,0,0,0,0,0,"keyboard-worker","OK",1783613831743,154511,2798
2098,1783613831880,159775,154648,0,0,-5,0,0,0,79,82,41,60,63,189.27,145,4,23,-1043,-1,0,0,0,0,0,0,0,"keyboard-worker","OK",1783613831843,154611,2800
2099,1783613831979,159874,154747,0,0,-5,0,0,0,79,82,41,60,63,189.43,145,-19,0,-984,-1,0,0,0,0,0,0,0,"keyboard-worker","OK",1783613831943,154711,2802
2100,1783613832077,159972,154845,0,0,-5,0,0,0,79,82,40,60,63,189.4,145,33,-10,-1033,-1,0,0,0,0,0,0,0,"keyboard-worker","OK",1783613832043,154811,2804
2101,1783613832176,160071,154944,0,0,-5,0,0,0,79,82,40,60,63,189.57,146,14,-6,-1008,-1,0,0,0,0,0,0,0,"keyboard-worker","OK",1783613832144,154911,2806
2102,1783613832275,160170,155043,0,0,-5,0,0,0,79,82,40,60,63,189.39,146,0,1,-1019,-1,0,0,0,0,0,0,0,"keyboard-worker","OK",1783613832244,155012,2808
2103,1783613832377,160272,155145,0,0,-5,0,0,0,79,82,40,60,63,189.28,146,-3,3,-969,-1,0,0,0,0,0,0,0,"keyboard-worker","OK",1783613832344,155112,2810
2104,1783613832475,160370,155243,0,0,-5,0,0,0,79,82,40,60,63,189.15,146,-10,0,-1033,-1,0,0,0,0,0,0,0,"keyboard-worker","OK",1783613832444,155212,2812
2105,1783613832573,160468,155340,0,0,-5,0,0,0,79,82,40,60,63,189.4,146,-7,-3,-999,-1,0,0,0,0,0,0,0,"keyboard-worker","OK",1783613832544,155312,2814
2106,1783613832671,160566,155439,0,0,-5,0,0,0,79,82,40,60,62,189.34,146,-25,9,-1002,-1,0,0,0,0,0,0,0,"keyboard-worker","OK",1783613832645,155412,2816
2107,1783613832770,160665,155538,0,0,-5,0,0,0,79,82,40,60,62,189.34,146,34,-9,-994,-1,0,0,0,0,0,0,0,"keyboard-worker","OK",1783613832745,155513,2818
2108,1783613832869,160764,155637,0,0,-5,0,0,0,79,82,40,60,62,189.28,146,6,0,-1025,-1,0,0,0,0,0,0,0,"keyboard-worker","OK",1783613832845,155613,2820
2109,1783613833950,161845,156717,0,0,-5,0,0,0,79,82,40,60,62,189.29,146,-4,2,-1000,-1,0,0,0,0,0,20,0,"keyboard-worker","OK",1783613833948,156715,2842
2110,1783613834173,162068,156941,0,0,-5,0,0,0,79,82,40,60,62,189.31,146,-28,8,-1003,-1,0,0,0,0,0,0,0,"keyboard-worker","OK",1783613834148,156916,2846
2111,1783613834176,162071,156944,0,0,-5,0,0,0,79,82,40,60,62,189.43,147,18,-25,-943,-1,0,0,0,0,0,0,0,"keyboard-worker","OK",1783613834148,156916,2846
2112,1783613834193,162088,156961,0,0,-5,0,0,0,79,82,40,60,62,189.4,147,2,-2,-995,-1,0,0,0,0,0,0,0,"keyboard-worker","OK",1783613834148,156916,2846
2113,1783613834195,162090,156963,0,0,-5,0,0,0,79,82,41,60,62,189.33,147,0,-8,-1002,-1,0,0,0,0,0,0,0,"keyboard-worker","OK",1783613834148,156916,2846
2114,1783613834219,162114,156987,0,0,-5,0,0,0,79,82,41,60,62,189.5,147,-16,-11,-954,-1,0,0,0,0,0,0,0,"keyboard-worker","OK",1783613834198,156966,2847
2115,1783613834220,162115,156988,0,0,-5,0,0,0,79,82,41,60,62,189.51,147,29,-13,-1020,-1,0,0,0,0,0,0,0,"keyboard-worker","OK",1783613834198,156966,2847
2116,1783613834315,162210,157083,0,0,-5,0,0,0,79,81,41,60,62,189.81,147,2,0,-986,-1,0,0,0,0,0,0,0,"keyboard-worker","OK",1783613834298,157066,2849
2117,1783613834331,162226,157099,0,0,-5,0,0,0,79,81,41,60,62,189.43,147,11,-1,-1002,-1,0,0,0,0,0,0,0,"keyboard-worker","OK",1783613834298,157066,2849
2118,1783613834361,162256,157129,0,0,-5,0,0,0,79,81,41,60,62,189.54,147,-6,19,-1028,-1,0,0,0,0,0,0,0,"keyboard-worker","OK",1783613834349,157116,2850
2119,1783613834367,162262,157135,0,0,-5,0,0,0,79,81,41,60,62,189.43,147,-34,20,-1002,-1,0,0,0,0,0,0,0,"keyboard-worker","OK",1783613834349,157116,2850
2120,1783613834369,162264,157137,0,0,-5,0,0,0,79,81,42,60,62,189.24,147,-30,29,-1011,-1,0,0,0,0,0,0,0,"keyboard-worker","OK",1783613834349,157116,2850
2121,1783613834385,162280,157153,0,0,-5,0,0,0,79,81,42,60,62,189.53,148,16,20,-1013,-1,0,0,0,0,0,0,0,"keyboard-worker","OK",1783613834349,157116,2850
2122,1783613834400,162295,157168,0,0,-5,0,0,0,79,81,42,60,62,189.26,148,27,1,-1048,-1,0,0,0,0,0,0,0,"keyboard-worker","OK",1783613834399,157166,2851
2123,1783613834416,162311,157184,0,0,-5,0,0,0,79,81,43,60,62,189.47,148,8,1,-1001,-1,0,0,0,0,0,0,0,"keyboard-worker","OK",1783613834399,157166,2851
2124,1783613834548,162443,157316,0,0,-5,0,0,0,79,81,43,60,62,189.38,148,4,-2,-1002,-1,0,0,0,0,0,0,0,"keyboard-worker","OK",1783613834499,157267,2853
2125,1783613834678,162573,157446,0,0,-5,0,0,0,79,81,43,60,62,189.39,148,-21,1,-984,-1,0,0,0,0,0,0,0,"keyboard-worker","OK",1783613834649,157417,2856
2126,1783613834817,162712,157585,0,0,-5,0,0,0,79,82,44,60,62,189.67,148,-35,5,-968,-1,0,0,0,0,0,0,0,"keyboard-worker","OK",1783613834800,157567,2859
2127,1783613834895,162790,157662,0,0,-5,0,0,0,79,82,44,60,62,189.27,148,5,2,-985,-1,0,0,0,0,0,0,0,"keyboard-worker","OK",1783613834850,157617,2860
2128,1783613834959,162854,157727,0,0,-5,0,0,0,79,82,44,60,62,189.33,148,-33,-2,-976,-1,0,0,0,0,0,0,0,"keyboard-worker","OK",1783613834950,157718,2862
2129,1783613835141,163036,157908,0,0,-5,0,0,0,79,82,45,60,62,189.29,148,48,-27,-1010,-1,0,0,0,0,0,0,0,"keyboard-worker","OK",1783613835100,157868,2865
2130,1783613835236,163131,158004,0,0,-5,0,0,0,79,82,45,60,62,189.44,148,-9,23,-1035,-1,0,0,0,0,0,0,0,"keyboard-worker","OK",1783613835200,157968,2867
2131,1783613835341,163236,158109,0,0,-5,0,0,0,79,82,45,60,62,189.09,149,-14,1,-956,-1,0,0,0,0,0,0,0,"keyboard-worker","OK",1783613835301,158069,2869
2132,1783613835369,163264,158137,0,0,-5,0,0,0,79,82,45,60,62,189.52,149,-9,-1,-982,-1,0,0,0,0,0,0,0,"keyboard-worker","OK",1783613835351,158119,2870
2133,1783613835440,163335,158208,0,0,-5,0,0,0,79,82,45,60,62,189.38,149,0,10,-1036,-1,0,0,0,0,0,0,0,"keyboard-worker","OK",1783613835401,158169,2871
2134,1783613835512,163407,158280,0,0,-5,0,0,0,79,82,44,60,62,189.63,149,50,-29,-1019,-1,0,0,0,0,0,0,0,"keyboard-worker","OK",1783613835501,158269,2873
2135,1783613835612,163507,158380,0,0,-5,0,0,0,79,82,44,60,62,189.63,149,-7,5,-1011,-1,0,0,0,0,0,0,0,"keyboard-worker","OK",1783613835601,158369,2875
2136,1783613835736,163631,158504,0,0,-5,0,0,0,79,81,43,60,62,189.41,149,7,30,-1050,-1,0,0,0,0,0,0,0,"keyboard-worker","OK",1783613835702,158469,2877
2137,1783613835854,163749,158622,0,0,-5,0,0,0,79,81,43,60,62,189.8,149,18,10,-1006,-1,0,0,0,0,0,20,0,"keyboard-worker","OK",1783613835852,158620,2880
2138,1783613835923,163818,158691,0,0,-5,0,0,0,79,81,43,60,62,189.62,149,-4,4,-1004,-1,0,0,0,0,0,20,0,"keyboard-worker","OK",1783613835902,158670,2881
2139,1783613836022,163917,158790,0,0,-5,0,0,0,79,81,42,60,62,189.38,149,-8,7,-969,-1,0,0,0,0,0,20,0,"keyboard-worker","OK",1783613836002,158770,2883
2140,1783613836064,163959,158832,0,0,-5,0,0,0,79,81,42,60,62,189.5,149,-18,5,-1015,-1,0,0,0,0,0,20,0,"keyboard-worker","OK",1783613836052,158820,2884
2141,1783613836164,164059,158932,0,0,-5,0,0,0,79,81,41,60,62,189.42,150,1,1,-1005,-1,0,0,0,0,0,20,0,"keyboard-worker","OK",1783613836153,158920,2886
2142,1783613836210,164105,158978,0,0,-5,0,0,0,79,81,41,60,62,189.38,150,23,-4,-994,-1,0,0,0,0,0,20,0,"keyboard-worker","OK",1783613836203,158970,2887
2143,1783613836309,164204,159077,0,0,-5,0,0,0,79,81,41,60,62,189.67,150,0,-2,-1002,-1,0,0,0,0,0,20,0,"keyboard-worker","OK",1783613836303,159071,2889
2144,1783613836504,164399,159272,0,0,-5,0,0,0,79,81,41,60,62,189.34,150,-27,40,-1011,-1,0,0,0,0,0,20,0,"keyboard-worker","OK",1783613836503,159271,2893
2145,1783613836516,164411,159284,0,0,-5,0,0,0,79,81,41,60,62,189.4,150,3,9,-989,-1,0,0,0,0,0,20,0,"keyboard-worker","OK",1783613836503,159271,2893
2146,1783613836582,164477,159350,0,0,-5,0,0,0,80,82,40,60,62,189.25,150,-23,23,-991,-1,0,0,0,0,0,20,0,"keyboard-worker","OK",1783613836553,159321,2894
2147,1783613836658,164553,159426,0,0,-5,0,0,0,80,82,40,60,62,189.55,150,13,23,-1060,-1,0,0,0,0,0,20,0,"keyboard-worker","OK",1783613836654,159421,2896
2148,1783613836758,164653,159526,0,0,-5,0,0,0,80,82,40,60,62,189.32,150,-16,0,-1015,-1,0,0,0,0,0,20,0,"keyboard-worker","OK",1783613836754,159522,2898
2149,1783613836861,164756,159628,0,0,-5,0,0,0,80,82,41,60,62,189.74,150,-23,20,-989,-1,0,0,0,0,0,20,0,"keyboard-worker","OK",1783613836854,159622,2900
2150,1783613836960,164855,159728,0,0,-5,0,0,0,80,82,41,60,62,189.33,150,3,-6,-977,-1,0,0,0,0,0,20,0,"keyboard-worker","OK",1783613836954,159722,2902
2151,1783613837107,165002,159875,0,0,-5,0,0,0,80,82,41,60,62,189.38,151,-32,17,-1030,-1,0,0,0,0,0,20,0,"keyboard-worker","OK",1783613837105,159872,2905
2152,1783613837154,165049,159922,0,0,-5,0,0,0,80,82,41,60,62,189.46,151,1,-3,-1033,-1,0,0,0,0,0,20,0,"keyboard-worker","OK",1783613837105,159872,2905
2153,1783613837253,165148,160021,0,0,-5,0,0,0,80,82,42,60,62,189.72,151,30,-20,-1011,-1,0,0,0,0,0,20,0,"keyboard-worker","OK",1783613837205,159973,2907
2154,1783613837351,165246,160119,0,0,-5,0,0,0,80,82,43,60,62,189.33,151,33,-20,-1019,-1,0,0,0,0,0,20,0,"keyboard-worker","OK",1783613837305,160073,2909
2155,1783613837451,165346,160218,0,0,-5,0,0,0,80,82,44,60,62,189.92,151,-28,4,-1015,-1,0,0,0,0,0,20,0,"keyboard-worker","OK",1783613837405,160173,2911
2156,1783613837550,165445,160317,0,0,-5,0,0,0,79,82,44,60,62,189.72,151,4,-24,-990,-1,0,0,0,0,0,20,0,"keyboard-worker","OK",1783613837505,160273,2913
2157,1783613837649,165544,160417,0,0,-5,0,0,0,79,82,45,60,62,189.51,151,-19,-2,-987,-1,0,0,0,0,0,20,0,"keyboard-worker","OK",1783613837606,160373,2915
2158,1783613837749,165644,160517,0,0,-5,0,0,0,79,82,46,60,62,189.37,151,-25,6,-995,-1,0,0,0,0,0,20,0,"keyboard-worker","OK",1783613837706,160474,2917
2159,1783613837847,165742,160615,0,0,-5,0,0,0,79,82,47,60,62,189.61,151,-3,5,-1012,-1,0,0,0,0,0,20,0,"keyboard-worker","OK",1783613837806,160574,2919
2160,1783613837946,165841,160714,0,0,-5,0,0,0,79,82,48,60,62,189.34,151,-1,-2,-995,-1,0,0,0,0,0,20,0,"keyboard-worker","OK",1783613837906,160674,2921
2161,1783613838045,165940,160813,0,0,-5,0,0,0,79,82,49,60,62,189.51,152,-23,7,-1012,-1,0,0,0,0,0,20,0,"keyboard-worker","OK",1783613838006,160774,2923
2162,1783613838145,166040,160913,0,0,-5,0,0,0,79,82,49,60,62,189.43,152,-7,-15,-972,-1,0,0,0,0,0,20,0,"keyboard-worker","OK",1783613838107,160875,2925
2163,1783613838245,166140,161013,0,0,-5,0,0,0,79,82,51,60,62,189.64,152,-4,16,-1014,-1,0,0,0,0,0,20,0,"keyboard-worker","OK",1783613838207,160975,2927
2164,1783613838344,166239,161111,0,0,-5,0,0,0,79,82,52,70,62,189.39,152,-2,11,-1044,-1,0,0,0,0,0,20,0,"keyboard-worker","OK",1783613838307,161075,2929
2165,1783613838442,166337,161209,0,0,-5,0,0,0,79,82,53,70,62,189.57,152,-6,-1,-986,-1,0,0,0,0,0,20,0,"keyboard-worker","OK",1783613838407,161175,2931
2166,1783613838548,166443,161315,0,0,-5,0,0,0,78,82,53,70,62,189.37,152,-30,21,-1009,-1,0,0,0,0,0,20,0,"keyboard-worker","OK",1783613838508,161275,2933
2167,1783613838643,166538,161411,0,0,-5,0,0,0,78,82,55,70,62,189.47,152,-7,-7,-1020,-1,0,0,0,0,0,20,0,"keyboard-worker","OK",1783613838608,161376,2935
2168,1783613838760,166655,161528,0,0,-5,0,0,0,78,82,55,70,62,189.5,152,-42,-6,-917,-1,0,0,0,0,0,20,0,"keyboard-worker","OK",1783613838758,161526,2938
2169,1783613838847,166742,161615,0,0,-5,0,0,0,78,82,56,70,62,189.63,152,-39,12,-985,-1,0,0,0,0,0,20,0,"keyboard-worker","OK",1783613838808,161576,2939
2170,1783613839202,167097,161970,0,0,-5,0,0,0,78,82,57,70,62,189.32,152,-61,42,-1006,-1,0,0,0,0,0,20,0,"keyboard-worker","OK",1783613839159,161927,2946
2171,1783613839220,167115,161988,0,0,-5,0,0,0,78,82,58,70,62,189.38,153,-17,28,-1030,-1,0,0,0,0,0,20,0,"keyboard-worker","OK",1783613839209,161977,2947
2172,1783613839243,167138,162010,0,0,-5,0,0,0,78,82,56,70,62,189.67,153,1,4,-1024,-1,0,0,0,0,0,20,0,"keyboard-worker","OK",1783613839209,161977,2947
2173,1783613839248,167143,162016,0,0,-5,0,0,0,78,82,57,70,62,189.81,153,6,5,-1003,-1,0,0,0,0,0,20,0,"keyboard-worker","OK",1783613839209,161977,2947
2174,1783613839743,167638,162511,0,0,-5,0,0,0,78,82,58,70,62,189.6,153,10,-8,-992,-1,0,0,0,0,0,20,0,"keyboard-worker","OK",1783613839710,162478,2957
2175,1783613839744,167639,162512,0,0,-5,0,0,0,78,82,59,70,62,189.66,153,-19,5,-1017,-1,0,0,0,0,0,20,0,"keyboard-worker","OK",1783613839710,162478,2957
2176,1783613839758,167653,162526,0,0,-5,0,0,0,79,82,59,70,62,189.67,153,22,14,-1061,-1,0,0,0,0,0,20,0,"keyboard-worker","OK",1783613839710,162478,2957
2177,1783613839766,167661,162534,0,0,-5,0,0,0,79,82,61,80,62,189.66,153,2,5,-1014,-1,0,0,0,0,0,20,0,"keyboard-worker","OK",1783613839760,162528,2958
2178,1783613839780,167675,162548,0,0,-5,0,0,0,79,82,61,80,62,189.49,153,-6,23,-1018,-1,0,0,0,0,0,20,0,"keyboard-worker","OK",1783613839760,162528,2958
2179,1783613839882,167777,162650,0,0,-5,0,0,0,79,82,62,80,62,189.81,153,-14,28,-983,-1,0,0,0,0,0,20,0,"keyboard-worker","OK",1783613839860,162628,2960
2180,1783613839916,167811,162684,0,0,-5,0,0,0,79,82,63,80,62,189.72,153,-8,21,-1015,-1,0,0,0,0,0,20,0,"keyboard-worker","OK",1783613839910,162678,2961
2181,1783613840002,167897,162770,0,0,-5,0,0,0,79,82,64,80,62,189.56,154,2,6,-1006,-1,0,0,0,0,0,20,0,"keyboard-worker","OK",1783613839961,162728,2962
2182,1783613840079,167974,162847,0,0,-5,0,0,0,79,82,65,80,62,189.48,154,29,-16,-1009,-1,0,0,0,0,0,20,0,"keyboard-worker","OK",1783613840061,162829,2964
2183,1783613840179,168074,162947,0,0,-5,0,0,0,79,82,67,80,62,189.66,154,26,-32,-944,-1,0,0,0,0,0,20,0,"keyboard-worker","OK",1783613840161,162929,2966
2184,1783613840277,168172,163045,0,0,-5,0,0,0,79,82,68,80,62,189.74,154,15,0,-951,-1,0,0,0,0,0,20,0,"keyboard-worker","OK",1783613840261,163029,2968
2185,1783613840376,168271,163144,0,0,-5,0,0,-1,79,82,69,80,61,190.12,154,20,-5,-1022,-1,0,0,0,0,0,20,0,"keyboard-worker","OK",1783613840361,163129,2970
2186,1783613840476,168371,163243,0,0,-5,0,0,0,79,82,70,80,61,190.07,154,-1,7,-1005,-1,0,0,0,0,0,20,0,"keyboard-worker","OK",1783613840462,163229,2972
2187,1783613840575,168470,163342,0,0,-6,0,0,0,79,82,71,80,61,189.62,154,19,-19,-997,-1,0,0,0,0,0,20,0,"keyboard-worker","OK",1783613840562,163330,2974
2188,1783613840686,168581,163454,0,0,-6,0,0,0,79,82,71,90,61,189.68,154,-11,4,-984,-1,0,0,0,0,0,20,0,"keyboard-worker","OK",1783613840662,163430,2976
2189,1783613840773,168668,163541,0,0,-6,0,0,0,79,82,72,90,61,189.72,154,-37,31,-1031,-1,0,0,0,0,0,20,0,"keyboard-worker","OK",1783613840762,163530,2978
2190,1783613840877,168772,163645,0,0,-6,0,0,0,79,82,73,90,61,189.79,154,-16,8,-971,-1,0,0,0,0,0,20,0,"keyboard-worker","OK",1783613840863,163630,2980
2191,1783613840975,168870,163743,0,0,-6,0,0,0,79,82,73,90,61,189.82,155,-5,22,-1021,-1,0,0,0,0,0,20,0,"keyboard-worker","OK",1783613840963,163731,2982
2192,1783613841073,168968,163840,0,0,-6,0,0,0,79,82,74,90,61,189.59,155,-18,19,-1063,-1,0,0,0,0,0,20,0,"keyboard-worker","OK",1783613841063,163831,2984
2193,1783613841171,169066,163939,0,0,-6,0,0,-1,79,82,75,90,61,189.84,155,-17,12,-965,-1,0,0,0,0,0,20,0,"keyboard-worker","OK",1783613841163,163931,2986
2194,1783613841268,169163,164036,0,0,-6,0,0,0,79,82,76,90,61,189.65,155,-34,33,-1112,-1,0,0,0,0,0,20,0,"keyboard-worker","OK",1783613841263,164031,2988
2195,1783613841367,169262,164135,0,0,-6,0,0,-1,79,82,76,90,61,189.75,155,-27,5,-971,-1,0,0,0,0,0,20,0,"keyboard-worker","OK",1783613841364,164131,2990
2196,1783613841466,169361,164234,0,0,-6,0,0,0,80,81,77,90,61,190,155,-14,-7,-1017,-1,0,0,0,0,0,20,0,"keyboard-worker","OK",1783613841464,164232,2992
2197,1783613841566,169461,164333,0,0,-6,0,0,0,80,81,78,90,61,189.79,155,-11,24,-1020,-1,0,0,0,0,0,20,0,"keyboard-worker","OK",1783613841564,164332,2994
2198,1783613841665,169560,164432,0,0,-6,0,0,-1,80,81,78,90,61,189.68,155,33,8,-957,-1,0,0,0,0,0,20,0,"keyboard-worker","OK",1783613841664,164432,2996
2199,1783613841795,169690,164562,0,0,-6,0,0,0,80,81,78,90,61,189.8,155,7,2,-994,-1,0,0,0,0,0,20,0,"keyboard-worker","OK",1783613841764,164532,2998
2200,1783613841863,169758,164630,0,0,-6,0,0,0,80,81,78,90,61,190.1,155,-15,24,-1088,-1,0,0,0,0,0,0,0,"keyboard-worker","OK",1783613841814,164582,2999
2201,1783613841962,169857,164730,0,0,-6,0,0,0,80,81,78,100,61,190.06,156,-11,12,-952,-1,0,0,0,0,0,20,0,"keyboard-worker","OK",1783613841915,164682,3001
2202,1783613842060,169955,164828,0,0,-6,0,0,0,80,81,78,100,61,189.86,156,9,-18,-960,-1,0,0,0,0,0,20,0,"keyboard-worker","OK",1783613842015,164783,3003
2203,1783613842161,170056,164929,0,0,-6,0,0,0,80,81,77,100,61,189.47,156,-8,16,-1071,-1,0,0,0,0,0,20,0,"keyboard-worker","OK",1783613842115,164883,3005
2204,1783613842258,170153,165026,0,0,-6,0,0,0,80,81,77,90,61,189.63,156,2,2,-981,-1,0,0,0,0,0,20,0,"keyboard-worker","OK",1783613842215,164983,3007
2205,1783613842357,170252,165125,0,0,-6,0,0,0,80,81,76,90,61,190.01,156,2,-4,-993,-1,0,0,0,0,0,20,0,"keyboard-worker","OK",1783613842315,165083,3009
2206,1783613842462,170357,165230,0,0,-6,0,0,0,79,81,76,90,61,190.08,156,-27,19,-1063,-1,0,0,0,0,0,20,0,"keyboard-worker","OK",1783613842415,165183,3011
2207,1783613842554,170449,165322,0,0,-6,0,0,0,79,81,77,90,61,190.05,156,-1,25,-1042,-1,0,0,0,0,0,20,0,"keyboard-worker","OK",1783613842516,165283,3013
2208,1783613842604,170499,165372,0,0,-5,0,0,0,79,81,77,90,61,189.75,156,-23,23,-1057,-1,0,0,0,0,0,20,0,"keyboard-worker","OK",1783613842566,165333,3014
2209,1783613842732,170627,165500,0,0,-5,0,0,0,79,81,76,90,61,189.77,156,-7,18,-1054,-1,0,0,0,0,0,20,0,"keyboard-worker","OK",1783613842716,165484,3017
2210,1783613842801,170696,165569,0,0,-5,0,0,0,79,81,76,90,61,189.63,156,-12,13,-996,-1,0,0,0,0,0,20,0,"keyboard-worker","OK",1783613842766,165534,3018
2211,1783613842900,170795,165668,0,0,-5,0,0,0,79,81,75,90,61,189.55,157,-5,7,-1001,-1,0,0,0,0,0,20,0,"keyboard-worker","OK",1783613842866,165634,3020
2212,1783613842999,170894,165767,0,0,-5,0,0,0,79,81,74,90,61,189.87,157,21,-10,-973,-1,0,0,0,0,0,20,0,"keyboard-worker","OK",1783613842966,165734,3022
2213,1783613843098,170993,165866,0,0,-5,0,0,0,79,81,73,90,61,189.78,157,-28,18,-1055,-1,0,0,0,0,0,0,0,"keyboard-worker","OK",1783613843067,165834,3024
2214,1783613843197,171092,165964,0,0,-5,0,0,0,79,81,73,90,61,189.83,157,15,9,-997,-1,0,0,0,0,0,0,0,"keyboard-worker","OK",1783613843167,165935,3026
2215,1783613843296,171191,166064,0,0,-5,0,0,0,79,81,72,90,61,189.96,157,-1,12,-971,-1,0,0,0,0,0,0,0,"keyboard-worker","OK",1783613843267,166035,3028
2216,1783613843394,171289,166162,0,0,-5,0,0,0,79,81,72,90,61,189.76,157,4,8,-1005,-1,0,0,0,0,0,0,0,"keyboard-worker","OK",1783613843367,166135,3030
2217,1783613843498,171393,166266,0,0,-5,0,0,0,79,81,71,90,61,189.55,157,12,2,-1003,-1,0,0,0,0,0,0,0,"keyboard-worker","OK",1783613843467,166235,3032
2218,1783613843591,171486,166359,0,0,-5,0,0,0,79,81,71,90,61,189.71,157,-13,4,-1061,-1,0,0,0,0,0,0,0,"keyboard-worker","OK",1783613843568,166335,3034
2219,1783613843712,171607,166480,0,0,-5,0,0,0,79,81,71,90,61,189.62,157,-11,17,-1069,-1,0,0,0,0,0,0,0,"keyboard-worker","OK",1783613843668,166436,3036
2220,1783613843789,171684,166557,0,0,-5,0,0,0,79,81,71,90,61,189.46,157,16,2,-986,-1,0,0,0,0,0,0,0,"keyboard-worker","OK",1783613843768,166536,3038
2221,1783613843888,171783,166656,0,0,-5,0,0,0,79,81,70,90,61,189.6,158,-8,9,-1001,-1,0,0,0,0,0,0,0,"keyboard-worker","OK",1783613843868,166636,3040
2222,1783613843987,171882,166754,0,0,-5,0,0,0,79,81,70,90,61,189.66,158,-21,15,-1020,-1,0,0,0,0,0,0,0,"keyboard-worker","OK",1783613843968,166736,3042
2223,1783613844086,171981,166854,0,0,-5,0,0,0,79,81,70,90,61,189.83,158,-2,2,-1006,-1,0,0,0,0,0,0,0,"keyboard-worker","OK",1783613844068,166836,3044
2224,1783613844185,172080,166953,0,0,-5,0,0,0,79,81,71,90,61,189.74,158,17,-11,-980,-1,0,0,0,0,0,0,0,"keyboard-worker","OK",1783613844169,166936,3046
2225,1783613844284,172179,167052,0,0,-5,0,0,0,79,81,71,90,61,189.91,158,-4,18,-1039,-1,0,0,0,0,0,0,0,"keyboard-worker","OK",1783613844269,167037,3048
2226,1783613844382,172277,167150,0,0,-5,0,0,0,78,82,71,90,61,189.77,158,-11,24,-1019,-1,0,0,0,0,0,0,0,"keyboard-worker","OK",1783613844369,167137,3050
2227,1783613844481,172376,167249,0,0,-5,0,0,0,78,82,72,90,61,189.64,158,19,-10,-973,-1,0,0,0,0,0,0,0,"keyboard-worker","OK",1783613844469,167237,3052
2228,1783613844580,172475,167348,0,0,-5,0,0,0,78,82,72,90,61,189.82,158,0,-6,-1004,-1,0,0,0,0,0,0,0,"keyboard-worker","OK",1783613844569,167337,3054
2229,1783613844714,172609,167482,0,0,-5,0,0,0,78,82,73,90,61,190.11,158,-7,16,-1007,-1,0,0,0,0,0,0,0,"keyboard-worker","OK",1783613844670,167437,3056
2230,1783613844778,172673,167546,0,0,-5,0,0,0,78,82,73,90,61,189.54,158,3,14,-990,-1,0,0,0,0,0,0,0,"keyboard-worker","OK",1783613844770,167538,3058
2231,1783613844877,172772,167645,0,0,-5,0,0,0,78,82,73,90,61,189.76,159,-4,14,-1027,-1,0,0,0,0,0,0,0,"keyboard-worker","OK",1783613844870,167638,3060
2232,1783613844985,172880,167753,0,0,-5,0,0,0,78,82,74,90,61,189.62,159,-18,7,-1027,-1,0,0,0,0,0,0,0,"keyboard-worker","OK",1783613844970,167738,3062
2233,1783613845078,172973,167846,0,0,-5,0,0,0,78,82,75,90,61,189.71,159,15,-10,-898,-1,0,0,0,0,0,0,0,"keyboard-worker","OK",1783613845070,167838,3064
2234,1783613845188,173083,167955,0,0,-5,0,0,0,78,82,75,90,61,189.87,159,-4,11,-1061,-1,0,0,0,0,0,0,0,"keyboard-worker","OK",1783613845171,167938,3066
2235,1783613845272,173167,168040,0,0,-5,0,0,0,78,82,76,90,61,189.73,159,24,-8,-988,-1,0,0,0,0,0,0,0,"keyboard-worker","OK",1783613845271,168039,3068
2236,1783613845370,173265,168138,0,0,-5,0,0,0,78,82,76,90,61,189.88,159,-2,9,-1024,-1,0,0,0,0,0,0,0,"keyboard-worker","OK",1783613845321,168089,3069
2237,1783613845469,173364,168236,0,0,-5,0,0,0,78,82,77,90,61,189.66,159,-14,38,-958,-1,0,0,0,0,0,0,0,"keyboard-worker","OK",1783613845421,168189,3071
2238,1783613845568,173463,168336,0,0,-5,0,0,0,78,82,77,90,61,190.05,159,41,-14,-970,-1,0,0,0,0,0,0,0,"keyboard-worker","OK",1783613845521,168289,3073
2239,1783613845666,173561,168434,0,0,-5,0,0,0,78,82,78,90,61,189.9,159,18,3,-1042,-1,0,0,0,0,0,0,0,"keyboard-worker","OK",1783613845621,168389,3075
2240,1783613845765,173660,168533,0,0,-5,0,0,0,78,82,78,90,61,189.68,160,11,-20,-948,-1,0,0,0,0,0,0,0,"keyboard-worker","OK",1783613845722,168489,3077
2241,1783613845906,173801,168673,0,0,-5,0,0,0,78,82,79,90,61,189.93,160,27,24,-975,-1,0,0,0,0,0,0,0,"keyboard-worker","OK",1783613845872,168640,3080
2242,1783613845962,173857,168730,0,0,-5,0,0,0,78,82,79,90,61,189.78,160,9,10,-1038,-1,0,0,0,0,0,0,0,"keyboard-worker","OK",1783613845922,168690,3081
2243,1783613846061,173956,168829,0,0,-5,0,0,0,78,82,79,90,61,189.8,160,-11,2,-1014,-1,0,0,0,0,0,0,0,"keyboard-worker","OK",1783613846022,168790,3083
2244,1783613846160,174055,168928,0,0,-5,0,0,0,78,82,80,90,61,189.82,160,-4,25,-969,-1,0,0,0,0,0,0,0,"keyboard-worker","OK",1783613846122,168890,3085
2245,1783613846259,174154,169027,0,0,-5,0,0,0,78,82,80,90,61,189.51,160,38,-17,-1023,-1,0,0,0,0,0,0,0,"keyboard-worker","OK",1783613846223,168990,3087
2246,1783613846358,174253,169125,0,0,-5,0,0,0,79,81,80,90,61,189.97,160,20,-10,-975,-1,0,0,0,0,0,0,0,"keyboard-worker","OK",1783613846323,169091,3089
2247,1783613846456,174351,169224,0,0,-5,0,0,0,79,81,80,90,61,189.61,160,0,19,-1024,-1,0,0,0,0,0,0,0,"keyboard-worker","OK",1783613846423,169191,3091
2248,1783613846561,174456,169329,0,0,-5,0,0,0,79,81,80,90,61,190.04,160,1,19,-1067,-1,0,0,0,0,0,0,0,"keyboard-worker","OK",1783613846523,169291,3093
2249,1783613846661,174556,169429,0,0,-5,0,0,0,79,81,81,90,61,189.73,160,23,9,-1011,-1,0,0,0,0,0,0,0,"keyboard-worker","OK",1783613846623,169391,3095
2250,1783613846704,174599,169471,0,0,-5,0,0,0,79,81,81,90,61,189.95,161,-24,10,-960,-1,0,0,0,0,0,0,0,"keyboard-worker","OK",1783613846673,169441,3096
2251,1783613846802,174697,169570,0,0,-5,0,0,0,79,81,81,90,61,189.82,161,4,-4,-988,-1,0,0,0,0,0,0,0,"keyboard-worker","OK",1783613846774,169542,3098
2252,1783613846940,174835,169708,0,0,-5,0,0,0,79,81,81,90,61,190.14,161,-20,6,-938,-1,0,0,0,0,0,0,0,"keyboard-worker","OK",1783613846924,169692,3101
2253,1783613847000,174895,169768,0,0,-5,0,0,0,79,81,81,100,61,190.15,161,-27,2,-1028,-1,0,0,0,0,0,0,0,"keyboard-worker","OK",1783613846974,169742,3102
2254,1783613847098,174993,169866,0,0,-5,0,0,0,79,81,81,100,61,190.04,161,-18,7,-1011,-1,0,0,0,0,0,0,0,"keyboard-worker","OK",1783613847074,169842,3104
2255,1783613847197,175092,169965,0,0,-5,0,0,0,79,81,80,100,61,189.96,161,-18,5,-960,-1,0,0,0,0,0,0,0,"keyboard-worker","OK",1783613847174,169942,3106
2256,1783613847296,175191,170064,0,0,-5,0,0,0,79,82,80,90,61,189.72,161,-27,1,-1049,-1,0,0,0,0,0,0,0,"keyboard-worker","OK",1783613847275,170043,3108
2257,1783613847400,175295,170168,0,0,-5,0,0,0,79,82,80,90,61,189.55,161,-38,10,-935,-1,0,0,0,0,0,0,0,"keyboard-worker","OK",1783613847375,170143,3110
2258,1783613847498,175393,170266,0,0,-5,0,0,0,79,82,80,90,61,189.93,161,-23,10,-1056,-1,0,0,0,0,0,0,0,"keyboard-worker","OK",1783613847475,170243,3112
2259,1783613847595,175490,170362,0,0,-5,0,0,0,79,82,80,90,61,189.82,161,8,20,-955,-1,0,0,0,0,0,0,0,"keyboard-worker","OK",1783613847575,170343,3114
2260,1783613847692,175587,170460,0,0,-5,0,0,0,79,82,80,90,61,189.67,162,8,1,-984,-1,0,0,0,0,0,0,0,"keyboard-worker","OK",1783613847676,170443,3116
2261,1783613847824,175719,170592,0,0,-5,0,0,0,79,82,80,90,61,189.54,162,-15,-8,-1021,-1,0,0,0,0,0,0,0,"rc-neutral-land","OK",1783613847726,170494,3118
2262,1783613847889,175784,170656,0,0,-5,0,0,0,79,82,79,90,61,189.99,162,-3,0,-1093,-1,0,0,0,0,0,0,0,"rc-neutral-land","OK",1783613847726,170494,3118
2263,1783613847987,175882,170755,0,0,-5,0,0,0,79,82,80,90,61,190.07,162,-3,10,-1000,-1,0,0,0,0,0,0,0,"rc-neutral-land","OK",1783613847726,170494,3118
2264,1783613848086,175981,170854,0,0,-5,0,0,0,79,82,81,90,61,189.56,162,15,3,-902,-1,0,0,0,0,0,0,0,"rc-neutral-land","OK",1783613847726,170494,3118
2265,1783613848185,176080,170953,0,0,-5,0,0,0,79,82,81,90,61,189.56,162,15,-2,-972,-1,0,0,0,0,0,0,0,"rc-neutral-land","OK",1783613847726,170494,3118
2266,1783613848284,176179,171051,0,0,-5,0,0,0,79,82,81,90,61,189.72,162,-21,2,-842,-1,0,0,0,0,0,0,0,"rc-neutral-land","OK",1783613847726,170494,3118
2267,1783613848382,176277,171150,0,0,-5,0,0,1,79,82,80,90,61,189.96,162,2,-18,-886,-1,0,0,0,0,0,0,0,"rc-neutral-land","OK",1783613847726,170494,3118
2268,1783613848481,176376,171249,0,0,-5,0,0,1,79,82,78,90,61,189.81,162,19,-11,-925,-1,0,0,0,0,0,0,0,"rc-neutral-land","OK",1783613847726,170494,3118
2269,1783613848580,176475,171348,0,0,-5,0,0,2,79,82,75,90,61,189.94,162,15,-13,-896,-1,0,0,0,0,0,0,0,"rc-neutral-land","OK",1783613847726,170494,3118
2270,1783613848679,176574,171447,0,0,-5,0,0,3,79,82,72,90,61,189.7,163,17,-16,-940,-1,0,0,0,0,0,0,0,"rc-neutral-land","OK",1783613847726,170494,3118
2271,1783613848777,176672,171545,0,0,-5,0,0,4,79,82,68,80,61,189.67,163,-42,12,-959,-1,0,0,0,0,0,0,0,"rc-neutral-land","OK",1783613847726,170494,3118
2272,1783613849027,176922,171795,0,0,-5,0,0,4,79,82,64,80,61,189.52,163,-16,6,-955,-1,0,0,0,0,0,0,0,"rc-neutral-land","OK",1783613847726,170494,3118
2273,1783613849056,176951,171824,0,0,-5,0,0,4,79,82,60,80,61,189.96,163,11,1,-995,-1,0,0,0,0,0,0,0,"rc-neutral-land","OK",1783613847726,170494,3118
2274,1783613849108,177003,171876,0,0,-5,0,0,4,79,82,55,70,61,189.38,163,1,33,-1046,-1,0,0,0,0,0,0,0,"rc-neutral-land","OK",1783613847726,170494,3118
2275,1783613849173,177068,171940,0,0,-5,0,0,4,79,82,50,70,60,189.42,163,0,7,-1019,-1,0,0,0,0,0,0,0,"rc-neutral-land","OK",1783613847726,170494,3118
2276,1783613849278,177173,172046,0,0,-5,0,0,5,80,82,45,60,60,189.6,163,28,2,-1043,-1,0,0,0,0,0,0,0,"rc-neutral-land","OK",1783613847726,170494,3118
2277,1783613849376,177271,172144,0,0,-5,0,0,4,80,82,40,60,60,189.66,163,-26,-7,-929,-1,0,0,0,0,0,0,0,"rc-neutral-land","OK",1783613847726,170494,3118
2278,1783613849517,177412,172285,0,0,-5,0,0,4,80,82,40,50,60,189.57,163,-27,7,-1078,-1,0,0,0,0,0,0,0,"rc-neutral-land","OK",1783613847726,170494,3118
2279,1783613849571,177466,172339,0,0,-6,0,0,4,80,82,35,50,60,189.2,163,27,-27,-947,-1,0,0,0,0,0,0,0,"rc-neutral-land","OK",1783613847726,170494,3118
2280,1783613849676,177571,172444,0,0,-5,0,0,4,80,82,29,40,60,189.4,164,23,5,-1002,-1,0,0,0,0,0,0,0,"rc-neutral-land","OK",1783613847726,170494,3118
2281,1783613849944,177839,172712,0,0,-6,0,0,4,80,82,26,40,60,189.34,164,-8,-2,-999,-1,0,0,0,0,0,0,0,"rc-neutral-land","OK",1783613847726,170494,3118
2282,1783613849976,177871,172744,0,0,-5,0,0,4,80,82,20,40,60,188.75,164,-16,19,-1081,-1,0,0,0,0,0,0,0,"rc-neutral-land","OK",1783613847726,170494,3118
2283,1783613850029,177924,172797,0,0,-5,0,0,4,80,82,13,30,60,188.16,164,3,-21,-1008,-1,0,0,0,0,0,0,0,"rc-neutral-land","OK",1783613847726,170494,3118
2284,1783613850077,177972,172845,0,0,-5,0,0,4,80,82,10,30,60,187.02,164,-18,10,-1121,-1,0,0,0,0,0,0,0,"rc-neutral-land","OK",1783613847726,170494,3118
2285,1783613850135,178030,172903,0,0,-5,0,0,3,80,82,10,20,60,184.63,164,15,-14,-1143,-1,0,0,0,0,0,0,0,"rc-neutral-land","OK",1783613847726,170494,3118
2286,1783613850235,178130,173003,0,2,-4,0,0,-1,80,82,10,0,60,187.12,164,-3,-13,-665,-1,0,0,0,0,0,0,0,"rc-neutral-land","OK",1783613847726,170494,3118
2287,1783613850331,178226,173099,0,0,-3,0,0,0,80,82,10,0,60,188.05,164,104,271,-1028,-1,0,0,0,0,0,0,0,"rc-neutral-land","OK",1783613847726,170494,3118
2288,1783613850433,178328,173201,0,0,-3,0,0,0,80,82,10,0,60,188.16,164,10,32,-1013,-1,0,0,0,0,0,0,0,"rc-neutral-land","OK",1783613847726,170494,3118
2289,1783613850533,178428,173301,0,0,-3,0,0,0,80,82,10,0,60,188.56,164,4,10,-996,-1,0,0,0,0,0,0,0,"rc-neutral-land","OK",1783613847726,170494,3118
2290,1783613850631,178526,173399,0,0,-3,0,0,0,80,82,10,0,60,188.56,164,-3,5,-993,-1,0,0,0,0,0,0,0,"rc-neutral-land","OK",1783613847726,170494,3118
2291,1783613850727,178622,173495,0,0,-3,0,0,0,80,82,10,0,60,188.66,164,-4,6,-996,-1,0,0,0,0,0,0,0,"rc-neutral-land","OK",1783613847726,170494,3118
2292,1783613850825,178720,173593,0,0,-3,0,0,0,80,82,10,0,60,188.8,164,-1,2,-996,-1,0,0,0,0,0,0,0,"rc-neutral-land","OK",1783613847726,170494,3118
2293,1783613850924,178819,173692,0,0,-3,0,0,0,80,82,10,0,60,188.84,164,1,1,-991,-1,0,0,0,0,0,0,0,"rc-neutral-land","OK",1783613847726,170494,3118
2294,1783613851022,178917,173790,0,0,-3,0,0,0,80,82,10,0,60,188.92,164,-2,5,-992,-1,0,0,0,0,0,0,0,"rc-neutral-land","OK",1783613847726,170494,3118
2295,1783613851121,179016,173889,0,0,-3,0,0,1,80,82,10,0,60,188.96,164,-4,4,-997,-1,0,0,0,0,0,0,0,"rc-neutral-land","OK",1783613847726,170494,3118
2296,1783613851220,179115,173988,0,0,-3,0,0,1,79,81,10,0,60,188.92,164,-2,4,-994,-1,0,0,0,0,0,0,0,"rc-neutral-land","OK",1783613847726,170494,3118
2297,1783613851319,179214,174086,0,0,-3,0,0,1,79,81,10,0,60,188.74,164,-1,2,-996,-1,0,0,0,0,0,0,0,"rc-neutral-land","OK",1783613847726,170494,3118
2298,1783613851421,179316,174189,0,0,-3,0,0,0,79,81,10,0,60,188.75,164,-2,2,-995,-1,0,0,0,0,0,0,0,"rc-neutral-land","OK",1783613847726,170494,3118
2299,1783613851516,179411,174284,0,0,-3,0,0,0,79,81,10,0,60,188.88,164,-2,4,-994,-1,0,0,0,0,0,0,0,"rc-neutral-land","OK",1783613847726,170494,3118
2300,1783613851615,179510,174383,0,0,-3,0,0,0,79,81,10,0,60,189,164,-1,3,-993,-1,0,0,0,0,0,0,0,"rc-neutral-land","OK",1783613847726,170494,3118
2301,1783613851714,179609,174482,0,0,-3,0,0,0,79,81,10,0,60,188.84,164,-1,3,-996,-1,0,0,0,0,0,0,0,"rc-neutral-land","OK",1783613847726,170494,3118
2302,1783613851763,179658,174531,0,0,-3,0,0,0,79,81,10,0,60,189.1,164,-3,4,-994,-1,0,0,0,0,0,0,0,"rc-neutral-land","OK",1783613847726,170494,3118
2303,1783613851863,179758,174630,0,0,-3,0,0,0,79,81,10,0,60,188.99,164,-1,2,-995,-1,0,0,0,0,0,0,0,"rc-neutral-land","OK",1783613847726,170494,3118
2304,1783613851961,179856,174729,0,0,-2,0,0,0,79,81,10,0,60,188.93,164,-2,2,-997,-1,0,0,0,0,0,0,0,"rc-neutral-land","OK",1783613847726,170494,3118
2305,1783613852059,179954,174827,0,0,-2,0,0,0,79,81,10,0,60,188.66,164,-2,3,-992,-1,0,0,0,0,0,0,0,"rc-neutral-land","OK",1783613847726,170494,3118
2306,1783613852158,180053,174926,0,0,-2,0,0,0,79,81,10,0,60,188.84,164,-2,2,-996,-1,0,0,0,0,0,0,0,"rc-neutral-land","OK",1783613847726,170494,3118
2307,1783613852261,180156,175028,0,0,-2,0,0,0,79,81,10,0,60,188.78,164,-3,3,-994,-1,0,0,0,0,0,0,0,"rc-neutral-land","OK",1783613847726,170494,3118
2308,1783613852356,180251,175124,0,0,-2,0,0,0,79,81,10,0,60,189.17,164,-2,3,-995,-1,0,0,0,0,0,0,0,"rc-neutral-land","OK",1783613847726,170494,3118
2309,1783613852454,180349,175222,0,0,-2,0,0,0,79,81,10,0,60,188.97,164,-1,3,-993,-1,0,0,0,0,0,0,0,"rc-neutral-land","OK",1783613847726,170494,3118
2310,1783613852553,180448,175321,0,0,-2,0,0,0,79,81,10,0,60,188.7,164,-3,4,-996,-1,0,0,0,0,0,0,0,"rc-neutral-land","OK",1783613847726,170494,3118
2311,1783613852652,180547,175420,0,0,-2,0,0,0,79,81,10,0,60,188.9,164,-3,4,-995,-1,0,0,0,0,0,0,0,"rc-neutral-land","OK",1783613847726,170494,3118
2312,1783613852751,180646,175519,0,0,-2,0,0,0,79,81,10,0,60,188.69,164,-2,3,-995,-1,0,0,0,0,0,0,0,"rc-neutral-land","OK",1783613847726,170494,3118
2313,1783613852853,180748,175621,0,0,-2,0,0,0,79,81,10,0,60,188.56,164,-1,3,-998,-1,0,0,0,0,0,0,0,"rc-neutral-land","OK",1783613847726,170494,3118
2314,1783613852955,180850,175723,0,0,-2,0,0,0,79,81,10,0,60,188.83,164,-2,2,-997,-1,0,0,0,0,0,0,0,"rc-neutral-land","OK",1783613847726,170494,3118
2315,1783613853058,180953,175826,0,0,-1,0,0,0,79,81,10,0,60,188.75,164,-3,3,-996,-1,0,0,0,0,0,0,0,"rc-neutral-land","OK",1783613847726,170494,3118
2316,1783613853216,181111,175984,0,0,-1,0,0,0,79,81,10,0,60,188.94,164,-2,3,-996,-1,0,0,0,0,0,0,0,"rc-neutral-land","OK",1783613847726,170494,3118
2317,1783613853261,181156,176029,0,0,-1,0,0,0,79,81,10,0,60,188.64,164,-1,2,-997,-1,0,0,0,0,0,0,0,"rc-neutral-land","OK",1783613847726,170494,3118
2318,1783613853344,181239,176112,0,0,-1,0,0,0,79,81,10,0,60,188.61,164,0,3,-995,-1,0,0,0,0,0,0,0,"rc-neutral-land","OK",1783613847726,170494,3118
2319,1783613853447,181342,176214,0,0,-1,0,0,0,79,81,10,0,60,188.85,164,-2,3,-994,-1,0,0,0,0,0,0,0,"rc-neutral-land","OK",1783613847726,170494,3118
2320,1783613853551,181446,176319,0,0,-1,0,0,0,79,81,10,0,60,188.71,164,-1,4,-997,-1,0,0,0,0,0,0,0,"rc-neutral-land","OK",1783613847726,170494,3118
2321,1783613853681,181576,176449,0,0,-1,0,0,0,79,81,10,0,60,188.79,164,-2,4,-999,-1,0,0,0,0,0,0,0,"rc-neutral-land","OK",1783613847726,170494,3118
2322,1783613853738,181633,176506,0,0,-1,0,0,0,79,81,10,0,60,188.75,164,-1,2,-996,-1,0,0,0,0,0,0,0,"rc-neutral-land","OK",1783613847726,170494,3118
2323,1783613853837,181732,176605,0,0,-1,0,0,0,79,81,10,0,60,188.85,164,-1,2,-998,-1,0,0,0,0,0,0,0,"rc-neutral-land","OK",1783613847726,170494,3118
2324,1783613853936,181831,176704,0,0,-1,0,0,0,79,81,10,0,60,188.92,164,-2,4,-998,-1,0,0,0,0,0,0,0,"rc-neutral-land","OK",1783613847726,170494,3118
2325,1783613854035,181930,176802,0,0,-1,0,0,0,79,81,10,0,60,188.92,164,-1,2,-995,-1,0,0,0,0,0,0,0,"rc-neutral-land","OK",1783613847726,170494,3118
2326,1783613854134,182029,176902,0,0,-1,0,0,0,79,81,10,0,60,188.93,164,-1,4,-996,-1,0,0,0,0,0,0,0,"rc-neutral-land","OK",1783613847726,170494,3118
2327,1783613854305,182200,177073,0,0,-1,0,0,0,79,81,10,0,60,188.67,164,-1,1,-1001,-1,0,0,0,0,0,0,0,"rc-neutral-land","OK",1783613847726,170494,3118
2328,1783613854359,182254,177127,0,0,-1,0,0,0,79,81,10,0,60,188.81,164,-3,4,-999,-1,0,0,0,0,0,0,0,"rc-neutral-land","OK",1783613847726,170494,3118
2329,1783613854452,182347,177220,0,0,-1,0,0,0,79,81,10,0,60,188.78,164,0,3,-998,-1,0,0,0,0,0,0,0,"rc-neutral-land","OK",1783613847726,170494,3118
2330,1783613854594,182489,177362,0,0,-1,0,0,0,79,81,10,0,60,188.77,164,-1,2,-1000,-1,0,0,0,0,0,0,0,"rc-neutral-land","OK",1783613847726,170494,3118
2331,1783613854644,182539,177411,0,0,-1,0,0,0,79,81,10,0,60,188.96,164,-1,4,-999,-1,0,0,0,0,0,0,0,"rc-neutral-land","OK",1783613847726,170494,3118
2332,1783613854794,182689,177562,0,0,-1,0,0,0,79,81,10,0,60,188.73,164,-2,3,-994,-1,0,0,0,0,0,0,0,"rc-neutral-land","OK",1783613847726,170494,3118
2333,1783613854916,182811,177683,0,0,-1,0,0,0,79,81,10,0,60,189.07,164,-2,2,-1000,-1,0,0,0,0,0,0,0,"rc-neutral-land","OK",1783613847726,170494,3118
2334,1783613854990,182885,177758,0,0,0,0,0,0,79,81,10,0,60,188.93,164,-1,3,-997,-1,0,0,0,0,0,0,0,"rc-neutral-land","OK",1783613847726,170494,3118
2335,1783613855149,183044,177917,0,0,0,0,0,0,79,81,10,0,60,188.68,164,0,4,-997,-1,0,0,0,0,0,0,0,"rc-neutral-land","OK",1783613847726,170494,3118
2336,1783613855192,183087,177959,0,0,0,0,0,0,79,82,10,0,60,188.69,164,-1,3,-999,-1,0,0,0,0,0,0,0,"rc-neutral-land","OK",1783613847726,170494,3118
2337,1783613855229,183124,177997,0,0,0,0,0,0,79,82,10,0,60,188.84,164,-1,4,-997,-1,0,0,0,0,0,0,0,"rc-neutral-land","OK",1783613847726,170494,3118
2338,1783613855307,183202,178075,0,0,0,0,0,0,79,82,10,0,60,188.96,164,-1,3,-997,-1,0,0,0,0,0,0,0,"rc-neutral-land","OK",1783613847726,170494,3118
2339,1783613855408,183303,178176,0,0,0,0,0,0,79,82,10,0,60,188.82,164,-2,4,-999,-1,0,0,0,0,0,0,0,"rc-neutral-land","OK",1783613847726,170494,3118
2340,1783613855504,183399,178272,0,0,0,0,0,0,79,82,10,0,60,188.95,164,-2,3,-997,-1,0,0,0,0,0,0,0,"rc-neutral-land","OK",1783613847726,170494,3118
2341,1783613855601,183496,178369,0,0,0,0,0,0,79,82,10,0,60,188.95,164,-1,4,-1002,-1,0,0,0,0,0,0,0,"rc-neutral-land","OK",1783613847726,170494,3118
2342,1783613855698,183593,178466,0,0,0,0,0,0,79,82,10,0,60,188.74,164,-2,2,-1000,-1,0,0,0,0,0,0,0,"rc-neutral-land","OK",1783613847726,170494,3118
2343,1783613855797,183692,178564,0,0,0,0,0,0,79,82,10,0,60,188.88,164,-1,4,-997,-1,0,0,0,0,0,0,0,"rc-neutral-land","OK",1783613847726,170494,3118
2344,1783613855895,183790,178663,0,0,0,0,0,0,79,82,10,0,60,188.93,164,-3,3,-996,-1,0,0,0,0,0,0,0,"rc-neutral-land","OK",1783613847726,170494,3118
2345,1783613855994,183889,178762,0,0,0,0,0,0,79,82,10,0,60,188.94,164,-2,2,-998,-1,0,0,0,0,0,0,0,"rc-neutral-land","OK",1783613847726,170494,3118
2346,1783613856093,183988,178861,0,0,0,0,0,0,80,81,10,0,60,188.84,164,-3,3,-997,-1,0,0,0,0,0,0,0,"rc-neutral-land","OK",1783613847726,170494,3118
2347,1783613856191,184086,178959,0,0,0,0,0,0,80,81,10,0,60,188.89,164,-2,2,-998,-1,0,0,0,0,0,0,0,"rc-neutral-land","OK",1783613847726,170494,3118
2348,1783613856317,184212,179085,0,0,0,0,0,0,80,81,10,0,60,188.37,164,-1,4,-1000,-1,0,0,0,0,0,0,0,"rc-neutral-land","OK",1783613847726,170494,3118
2349,1783613856389,184284,179157,0,0,0,0,0,0,80,81,10,0,60,189.14,164,-3,2,-1000,-1,0,0,0,0,0,0,0,"rc-neutral-land","OK",1783613847726,170494,3118
2350,1783613856438,184333,179206,0,0,0,0,0,0,80,81,10,0,60,188.56,164,-3,2,-998,-1,0,0,0,0,0,0,0,"rc-neutral-land","OK",1783613847726,170494,3118
2351,1783613856537,184432,179305,0,0,0,0,0,0,80,81,10,0,60,188.71,164,-1,3,-997,-1,0,0,0,0,0,0,0,"rc-neutral-land","OK",1783613847726,170494,3118
2352,1783613856636,184531,179403,0,0,0,0,0,0,80,81,10,0,60,188.59,164,-3,3,-1000,-1,0,0,0,0,0,0,0,"rc-neutral-land","OK",1783613847726,170494,3118
2353,1783613856734,184629,179502,0,0,0,0,0,0,80,81,10,0,60,188.91,164,-2,3,-1000,-1,0,0,0,0,0,0,0,"rc-neutral-land","OK",1783613847726,170494,3118
2354,1783613856833,184728,179601,0,0,0,0,0,0,80,81,10,0,60,188.58,164,-4,2,-998,-1,0,0,0,0,0,0,0,"rc-neutral-land","OK",1783613847726,170494,3118
2355,1783613856932,184827,179700,0,0,0,0,0,0,80,81,10,0,60,189.34,164,-3,2,-995,-1,0,0,0,0,0,0,0,"rc-neutral-land","OK",1783613847726,170494,3118
2356,1783613857031,184926,179798,0,0,0,0,0,0,80,82,10,0,60,188.77,164,-3,3,-999,-1,0,0,0,0,0,0,0,"rc-neutral-land","OK",1783613847726,170494,3118
2357,1783613857130,185025,179898,0,0,0,0,0,0,80,82,10,0,60,188.66,164,-1,3,-999,-1,0,0,0,0,0,0,0,"rc-neutral-land","OK",1783613847726,170494,3118
2358,1783613857228,185123,179996,0,0,0,0,0,0,80,82,10,0,60,188.71,164,0,3,-998,-1,0,0,0,0,0,0,0,"rc-neutral-land","OK",1783613847726,170494,3118
2359,1783613857327,185222,180095,0,0,0,0,0,0,80,82,10,0,60,189.02,164,-2,3,-997,-1,0,0,0,0,0,0,0,"rc-neutral-land","OK",1783613847726,170494,3118
2360,1783613857426,185321,180193,0,0,0,0,0,0,80,82,10,0,60,188.87,164,0,3,-997,-1,0,0,0,0,0,0,0,"rc-neutral-land","OK",1783613847726,170494,3118
2361,1783613857524,185419,180292,0,0,0,0,0,0,80,82,10,0,60,188.99,164,-1,4,-998,-1,0,0,0,0,0,0,0,"rc-neutral-land","OK",1783613847726,170494,3118
2362,1783613857623,185518,180391,0,0,0,0,0,0,80,82,10,0,60,188.7,164,0,3,-1000,-1,0,0,0,0,0,0,0,"rc-neutral-land","OK",1783613847726,170494,3118
2363,1783613857735,185630,180503,0,0,0,0,0,0,80,82,10,0,60,188.79,164,-2,2,-997,-1,0,0,0,0,0,0,0,"rc-neutral-land","OK",1783613847726,170494,3118
2364,1783613857834,185729,180602,0,0,0,0,0,0,80,82,10,0,60,189.22,164,-2,3,-998,-1,0,0,0,0,0,0,0,"rc-neutral-land","OK",1783613847726,170494,3118
2365,1783613857938,185833,180706,0,0,0,0,0,0,80,82,10,0,60,188.84,164,-3,5,-995,-1,0,0,0,0,0,0,0,"rc-neutral-land","OK",1783613847726,170494,3118
2366,1783613858031,185926,180798,0,0,0,0,0,0,80,82,10,0,60,189.03,164,-3,4,-999,-1,0,0,0,0,0,0,0,"rc-neutral-land","OK",1783613847726,170494,3118
2367,1783613858169,186064,180937,0,0,0,0,0,0,80,82,10,0,60,189.02,164,-2,3,-998,-1,0,0,0,0,0,0,0,"rc-neutral-land","OK",1783613847726,170494,3118
2368,1783613858217,186112,180985,0,0,0,0,0,0,80,82,10,0,60,189,164,-1,2,-999,-1,0,0,0,0,0,0,0,"rc-neutral-land","OK",1783613847726,170494,3118
2369,1783613858316,186211,181084,0,0,0,0,0,0,80,82,10,0,60,189.23,164,-1,3,-998,-1,0,0,0,0,0,0,0,"rc-neutral-land","OK",1783613847726,170494,3118
2370,1783613858415,186310,181183,0,0,0,0,0,0,80,82,10,0,60,188.78,164,-2,3,-995,-1,0,0,0,0,0,0,0,"rc-neutral-land","OK",1783613847726,170494,3118
2371,1783613858514,186409,181282,0,0,0,0,0,0,80,82,10,0,60,188.98,164,-1,4,-1000,-1,0,0,0,0,0,0,0,"rc-neutral-land","OK",1783613847726,170494,3118
2372,1783613858667,186562,181435,0,0,0,0,0,0,80,82,10,0,60,189.01,164,-1,3,-999,-1,0,0,0,0,0,0,0,"rc-neutral-land","OK",1783613847726,170494,3118
2373,1783613858784,186679,181552,0,0,0,0,0,0,80,82,10,0,60,189.04,164,-2,3,-999,-1,0,0,0,0,0,0,0,"rc-neutral-land","OK",1783613847726,170494,3118
2374,1783613858855,186750,181623,0,0,0,0,0,0,80,82,10,0,60,189.3,164,-1,2,-998,-1,0,0,0,0,0,0,0,"rc-neutral-land","OK",1783613847726,170494,3118
2375,1783613858978,186873,181746,0,0,0,0,0,0,80,82,10,0,60,188.76,164,-2,3,-1000,-1,0,0,0,0,0,0,0,"rc-neutral-land","OK",1783613847726,170494,3118
2376,1783613859030,186925,181798,0,0,0,0,0,0,79,82,10,0,60,188.84,164,0,2,-998,-1,0,0,0,0,0,0,0,"rc-neutral-land","OK",1783613847726,170494,3118
2377,1783613859158,187053,181925,0,0,0,0,0,0,79,82,10,0,60,189.07,164,-3,4,-996,-1,0,0,0,0,0,0,0,"rc-neutral-land","OK",1783613847726,170494,3118
2378,1783613859213,187108,181981,0,0,0,0,0,0,79,82,10,0,60,188.76,164,-2,4,-997,-1,0,0,0,0,0,0,0,"rc-neutral-land","OK",1783613847726,170494,3118
2379,1783613859269,187164,182037,0,0,0,0,0,0,79,82,10,0,60,188.97,164,-3,4,-998,-1,0,0,0,0,0,0,0,"rc-neutral-land","OK",1783613847726,170494,3118
2380,1783613859378,187273,182146,0,0,0,0,0,0,79,82,10,0,60,189.14,164,-2,3,-999,-1,0,0,0,0,0,0,0,"rc-neutral-land","OK",1783613847726,170494,3118
2381,1783613859496,187391,182264,0,0,0,0,0,0,79,82,10,0,60,188.95,164,-2,5,-999,-1,0,0,0,0,0,0,0,"rc-neutral-land","OK",1783613847726,170494,3118
2382,1783613859573,187468,182341,0,0,0,0,0,0,79,82,10,0,60,188.62,164,-1,3,-997,-1,0,0,0,0,0,0,0,"rc-neutral-land","OK",1783613847726,170494,3118
2383,1783613859796,187691,182564,0,0,0,0,0,0,79,82,10,0,60,189.03,164,-2,3,-999,-1,0,0,0,0,0,0,0,"rc-neutral-land","OK",1783613847726,170494,3118
2384,1783613859815,187710,182583,0,0,0,0,0,0,79,82,10,0,60,188.95,164,-2,3,-998,-1,0,0,0,0,0,0,0,"rc-neutral-land","OK",1783613847726,170494,3118
2385,1783613859897,187792,182665,0,0,0,0,0,0,79,82,10,0,60,188.74,164,-3,5,-999,-1,0,0,0,0,0,0,0,"rc-neutral-land","OK",1783613847726,170494,3118
2386,1783613860049,187944,182817,0,0,0,0,0,0,80,82,10,0,60,188.65,164,-2,4,-1000,-1,0,0,0,0,0,0,0,"rc-neutral-land","OK",1783613847726,170494,3118
2387,1783613860124,188019,182892,0,0,0,0,0,0,80,82,10,0,60,188.85,164,-3,1,-997,-1,0,0,0,0,0,0,0,"rc-neutral-land","OK",1783613847726,170494,3118
2388,1783613860168,188063,182936,0,0,0,0,0,0,80,82,10,0,60,188.83,164,-3,4,-1000,-1,0,0,0,0,0,0,0,"rc-neutral-land","OK",1783613847726,170494,3118
2389,1783613860267,188162,183035,0,0,0,0,0,0,80,82,10,0,60,188.82,164,-1,4,-1001,-1,0,0,0,0,0,0,0,"rc-neutral-land","OK",1783613847726,170494,3118
2390,1783613860366,188261,183134,0,0,0,0,0,0,80,82,10,0,60,188.79,164,-2,3,-1000,-1,0,0,0,0,0,0,0,"rc-neutral-land","OK",1783613847726,170494,3118
2391,1783613860466,188361,183234,0,0,0,0,0,0,80,82,10,0,60,188.5,164,-1,2,-1001,-1,0,0,0,0,0,0,0,"rc-neutral-land","OK",1783613847726,170494,3118
2392,1783613860564,188459,183332,0,0,0,0,0,0,80,82,10,0,60,189.06,164,-1,3,-1000,-1,0,0,0,0,0,0,0,"rc-neutral-land","OK",1783613847726,170494,3118
2393,1783613860663,188558,183431,0,0,0,0,0,0,80,82,10,0,60,188.79,164,-2,5,-998,-1,0,0,0,0,0,0,0,"rc-neutral-land","OK",1783613847726,170494,3118
2394,1783613860764,188659,183532,0,0,0,0,0,0,80,82,10,0,60,188.9,164,-1,2,-994,-1,0,0,0,0,0,0,0,"rc-neutral-land","OK",1783613847726,170494,3118
2395,1783613860867,188762,183635,0,0,0,0,0,0,80,82,10,0,60,188.95,164,-2,3,-1004,-1,0,0,0,0,0,0,0,"rc-neutral-land","OK",1783613847726,170494,3118
2396,1783613860967,188862,183734,0,0,0,0,0,0,80,82,10,0,60,188.74,164,-2,4,-1001,-1,0,0,0,0,0,0,0,"rc-neutral-land","OK",1783613847726,170494,3118
2397,1783613861060,188955,183828,0,0,0,0,0,0,80,82,10,0,60,188.88,164,-3,3,-1000,-1,0,0,0,0,0,0,0,"rc-neutral-land","OK",1783613847726,170494,3118
2398,1783613861159,189054,183927,0,0,0,0,0,0,80,82,10,0,60,188.62,164,-3,5,-997,-1,0,0,0,0,0,0,0,"rc-neutral-land","OK",1783613847726,170494,3118
2399,1783613861305,189200,184073,0,0,0,0,0,0,80,82,10,0,60,189,164,-2,4,-1000,-1,0,0,0,0,0,0,0,"rc-neutral-land","OK",1783613847726,170494,3118
2400,1783613861357,189252,184125,0,0,0,0,0,0,80,82,10,0,60,188.79,164,-2,5,-1001,-1,0,0,0,0,0,0,0,"rc-neutral-land","OK",1783613847726,170494,3118
2401,1783613861407,189302,184175,0,0,0,0,0,0,80,82,10,0,60,188.78,164,-1,4,-998,-1,0,0,0,0,0,0,0,"rc-neutral-land","OK",1783613847726,170494,3118
2402,1783613861506,189401,184274,0,0,0,0,0,0,80,82,10,0,60,189,164,-4,3,-998,-1,0,0,0,0,0,0,0,"rc-neutral-land","OK",1783613847726,170494,3118
2403,1783613861609,189504,184376,0,0,0,0,0,0,80,82,10,0,60,188.73,164,-2,5,-1004,-1,0,0,0,0,0,0,0,"rc-neutral-land","OK",1783613847726,170494,3118
2404,1783613861708,189603,184476,0,0,0,0,0,0,80,82,10,0,60,188.9,164,0,3,-998,-1,0,0,0,0,0,0,0,"rc-neutral-land","OK",1783613847726,170494,3118
2405,1783613861807,189702,184575,0,0,0,0,0,0,80,82,10,0,60,188.75,164,-2,4,-1006,-1,0,0,0,0,0,0,0,"rc-neutral-land","OK",1783613847726,170494,3118
2406,1783613861903,189798,184670,0,0,0,0,0,0,80,83,10,0,60,188.72,164,-2,3,-997,-1,0,0,0,0,0,0,0,"rc-neutral-land","OK",1783613847726,170494,3118
2407,1783613862001,189896,184769,0,0,0,0,0,0,80,83,10,0,60,189.04,164,-2,3,-1006,-1,0,0,0,0,0,0,0,"rc-neutral-land","OK",1783613847726,170494,3118
2408,1783613862102,189997,184870,0,0,0,0,0,0,80,83,10,0,60,188.9,164,-1,4,-1004,-1,0,0,0,0,0,0,0,"rc-neutral-land","OK",1783613847726,170494,3118
2409,1783613862199,190094,184967,0,0,0,0,0,0,80,83,10,0,60,189.07,164,-1,2,-993,-1,0,0,0,0,0,0,0,"rc-neutral-land","OK",1783613847726,170494,3118
2410,1783613862299,190194,185066,0,0,0,0,0,0,80,83,10,0,60,189.07,164,-3,4,-999,-1,0,0,0,0,0,0,0,"rc-neutral-land","OK",1783613847726,170494,3118
2411,1783613862397,190292,185165,0,0,0,0,0,0,80,83,10,0,60,188.94,164,-3,3,-1004,-1,0,0,0,0,0,0,0,"rc-neutral-land","OK",1783613847726,170494,3118
2412,1783613862497,190392,185264,0,0,0,0,0,0,80,83,10,0,60,188.83,164,-1,3,-997,-1,0,0,0,0,0,0,0,"rc-neutral-land","OK",1783613847726,170494,3118
2413,1783613863599,191494,185363,0,0,0,0,0,0,80,83,10,0,60,188.93,164,-3,4,-994,-1,0,0,0,0,0,0,0,"rc-neutral-land","OK",1783613847726,170494,3118
2414,1783613863989,191884,185754,0,0,0,0,0,0,80,83,10,0,60,188.93,164,-1,3,-1001,-1,0,0,0,0,0,0,0,"rc-neutral-land","OK",1783613847726,170494,3118
2415,1783613865422,193317,187186,0,0,0,0,0,0,80,83,10,0,60,188.78,164,-1,4,-997,-1,0,0,0,0,0,0,0,"rc-neutral-land","OK",1783613847726,170494,3118
2416,1783613865527,193422,187291,0,0,0,0,0,0,80,82,10,0,60,188.84,164,0,4,-1002,-1,0,0,0,0,0,0,0,"rc-neutral-land","OK",1783613847726,170494,3118
2417,1783613865575,193470,187340,0,0,0,0,0,0,80,82,10,0,60,188.98,164,-3,4,-1000,-1,0,0,0,0,0,0,0,"rc-neutral-land","OK",1783613847726,170494,3118
2418,1783613865579,193474,187344,0,0,0,0,0,0,80,82,10,0,60,188.56,164,-2,5,-999,-1,0,0,0,0,0,0,0,"rc-neutral-land","OK",1783613847726,170494,3118
2419,1783613865603,193498,187368,0,0,0,0,0,0,80,82,10,0,60,188.9,164,-2,3,-1000,-1,0,0,0,0,0,0,0,"rc-neutral-land","OK",1783613847726,170494,3118
2420,1783613865619,193514,187384,0,0,0,0,0,0,80,82,10,0,60,189.09,164,-2,2,-998,-1,0,0,0,0,0,0,0,"rc-neutral-land","OK",1783613847726,170494,3118
2421,1783613865650,193545,187414,0,0,0,0,0,0,80,82,10,0,60,188.72,164,-3,3,-997,-1,0,0,0,0,0,0,0,"rc-neutral-land","OK",1783613847726,170494,3118
2422,1783613865652,193547,187416,0,0,0,0,0,0,80,82,10,0,60,188.78,164,-1,3,-1001,-1,0,0,0,0,0,0,0,"rc-neutral-land","OK",1783613847726,170494,3118
2423,1783613865676,193571,187441,0,0,0,0,0,0,80,82,10,0,60,189.08,164,-2,2,-1000,-1,0,0,0,0,0,0,0,"rc-neutral-land","OK",1783613847726,170494,3118
2424,1783613865678,193573,187443,0,0,0,0,0,0,80,82,10,0,60,189.02,164,-1,3,-1000,-1,0,0,0,0,0,0,0,"rc-neutral-land","OK",1783613847726,170494,3118
2425,1783613865693,193588,187457,0,0,0,0,0,0,80,82,10,0,60,188.7,164,-1,5,-1000,-1,0,0,0,0,0,0,0,"rc-neutral-land","OK",1783613847726,170494,3118
2426,1783613865709,193604,187473,0,0,0,0,0,0,80,83,10,0,60,189.03,164,-3,2,-1001,-1,0,0,0,0,0,0,0,"rc-neutral-land","OK",1783613847726,170494,3118
2427,1783613865740,193635,187505,0,0,0,0,0,0,80,83,10,0,60,189.01,164,-1,4,-1000,-1,0,0,0,0,0,0,0,"rc-neutral-land","OK",1783613847726,170494,3118
2428,1783613865778,193673,187543,0,0,0,0,0,0,80,83,10,0,60,189.09,164,0,2,-1002,-1,0,0,0,0,0,0,0,"rc-neutral-land","OK",1783613847726,170494,3118
2429,1783613865780,193675,187545,0,0,0,0,0,0,80,83,10,0,60,188.8,164,-1,2,-999,-1,0,0,0,0,0,0,0,"rc-neutral-land","OK",1783613847726,170494,3118
2430,1783613865880,193775,187644,0,0,0,0,0,0,80,83,10,0,60,189.08,164,-1,3,-1001,-1,0,0,0,0,0,0,0,"rc-neutral-land","OK",1783613847726,170494,3118
2431,1783613865896,193791,187660,0,0,0,0,0,0,80,83,10,0,60,188.93,164,-1,3,-1003,-1,0,0,0,0,0,0,0,"rc-neutral-land","OK",1783613847726,170494,3118
2432,1783613865935,193830,187700,0,0,0,0,0,0,80,83,10,0,60,188.98,164,-1,4,-1000,-1,0,0,0,0,0,0,0,"rc-neutral-land","OK",1783613847726,170494,3118
2433,1783613865998,193893,187763,0,0,0,0,0,0,80,83,10,0,60,188.88,164,-3,4,-999,-1,0,0,0,0,0,0,0,"rc-neutral-land","OK",1783613847726,170494,3118
2434,1783613866015,193910,187780,0,0,0,0,0,0,80,83,10,0,60,188.72,164,-1,4,-999,-1,0,0,0,0,0,0,0,"rc-neutral-land","OK",1783613847726,170494,3118
2435,1783613866017,193912,187781,0,0,0,0,0,0,80,83,10,0,60,189.09,164,-2,3,-1004,-1,0,0,0,0,0,0,0,"rc-neutral-land","OK",1783613847726,170494,3118
2436,1783613866032,193927,187797,0,0,0,0,0,0,81,83,10,0,60,188.98,164,-2,4,-996,-1,0,0,0,0,0,0,0,"rc-neutral-land","OK",1783613847726,170494,3118
2437,1783613866101,193996,187866,0,0,0,0,0,0,81,83,10,0,60,188.79,164,-2,3,-999,-1,0,0,0,0,0,0,0,"rc-neutral-land","OK",1783613847726,170494,3118
2438,1783613866162,194057,187927,0,0,0,0,0,0,81,83,10,0,60,188.64,164,0,3,-997,-1,0,0,0,0,0,0,0,"rc-neutral-land","OK",1783613847726,170494,3118
2439,1783613866198,194093,187962,0,0,0,0,0,0,81,83,10,0,60,188.74,164,-1,2,-999,-1,0,0,0,0,0,0,0,"rc-neutral-land","OK",1783613847726,170494,3118
2440,1783613866294,194189,188059,0,0,0,0,0,0,81,83,10,0,60,189.06,164,0,3,-994,-1,0,0,0,0,0,0,0,"rc-neutral-land","OK",1783613847726,170494,3118
2441,1783613866352,194247,188117,0,0,0,0,0,0,81,83,10,0,60,188.74,164,-2,3,-1004,-1,0,0,0,0,0,0,0,"rc-neutral-land","OK",1783613847726,170494,3118
2442,1783613866446,194341,188211,0,0,0,0,0,0,81,83,10,0,60,188.87,164,-1,3,-998,-1,0,0,0,0,0,0,0,"rc-neutral-land","OK",1783613847726,170494,3118
2443,1783613866590,194485,188354,0,0,0,0,0,0,81,83,10,0,60,188.76,164,-1,4,-1003,-1,0,0,0,0,0,0,0,"rc-neutral-land","OK",1783613847726,170494,3118
2444,1783613866643,194538,188407,0,0,0,0,0,0,81,83,10,0,60,188.88,164,0,2,-1000,-1,0,0,0,0,0,0,0,"rc-neutral-land","OK",1783613847726,170494,3118
2445,1783613866742,194637,188507,0,0,0,0,0,0,81,83,10,0,60,188.85,164,-1,3,-997,-1,0,0,0,0,0,0,0,"rc-neutral-land","OK",1783613847726,170494,3118
2446,1783613866841,194736,188606,0,0,0,0,0,0,81,83,10,0,60,188.75,164,-3,3,-1002,-1,0,0,0,0,0,0,0,"rc-neutral-land","OK",1783613847726,170494,3118
2447,1783613866940,194835,188704,0,0,0,0,0,0,81,83,10,0,60,188.96,164,-2,3,-1002,-1,0,0,0,0,0,0,0,"rc-neutral-land","OK",1783613847726,170494,3118
2448,1783613867044,194939,188808,0,0,0,0,0,0,81,83,10,0,60,188.8,164,-4,3,-997,-1,0,0,0,0,0,0,0,"rc-neutral-land","OK",1783613847726,170494,3118
2449,1783613867138,195033,188903,0,0,0,0,0,0,81,83,10,0,60,189.23,164,-3,3,-999,-1,0,0,0,0,0,0,0,"rc-neutral-land","OK",1783613847726,170494,3118
2450,1783613867241,195136,189006,0,0,0,0,0,0,81,83,10,0,60,188.94,164,-2,3,-998,-1,0,0,0,0,0,0,0,"rc-neutral-land","OK",1783613847726,170494,3118
2451,1783613867288,195183,189052,0,0,0,0,0,0,81,83,10,0,60,188.79,164,-2,2,-999,-1,0,0,0,0,0,0,0,"rc-neutral-land","OK",1783613847726,170494,3118
2452,1783613867387,195282,189151,0,0,0,0,0,0,81,83,10,0,60,189.11,164,0,4,-1000,-1,0,0,0,0,0,0,0,"rc-neutral-land","OK",1783613847726,170494,3118
2453,1783613867486,195381,189250,0,0,0,0,0,0,81,83,10,0,60,188.95,164,-3,3,-1002,-1,0,0,0,0,0,0,0,"rc-neutral-land","OK",1783613847726,170494,3118
2454,1783613867585,195480,189349,0,0,0,0,0,0,81,83,10,0,60,188.86,164,-2,4,-1001,-1,0,0,0,0,0,0,0,"rc-neutral-land","OK",1783613847726,170494,3118
2455,1783613867684,195579,189448,0,0,0,0,0,0,81,83,10,0,60,188.96,164,-3,3,-1001,-1,0,0,0,0,0,0,0,"rc-neutral-land","OK",1783613847726,170494,3118
2456,1783613867783,195678,189548,0,0,0,0,0,0,81,84,10,0,60,188.9,164,0,3,-1003,-1,0,0,0,0,0,0,0,"rc-neutral-land","OK",1783613847726,170494,3118
2457,1783613867883,195778,189647,0,0,0,0,0,0,81,84,10,0,60,188.57,164,-1,3,-1004,-1,0,0,0,0,0,0,0,"rc-neutral-land","OK",1783613847726,170494,3118
2458,1783613867981,195876,189746,0,0,0,0,0,0,81,84,10,0,60,189.08,164,0,3,-1000,-1,0,0,0,0,0,0,0,"rc-neutral-land","OK",1783613847726,170494,3118
2459,1783613868086,195981,189850,0,0,0,0,0,0,81,84,10,0,60,188.66,164,-3,3,-1000,-1,0,0,0,0,0,0,0,"rc-neutral-land","OK",1783613847726,170494,3118
2460,1783613868183,196078,189948,0,0,0,0,0,0,81,84,10,0,60,188.84,164,-1,4,-997,-1,0,0,0,0,0,0,0,"rc-neutral-land","OK",1783613847726,170494,3118
2461,1783613868281,196176,190046,0,0,0,0,0,0,81,84,10,0,60,188.65,164,-2,3,-997,-1,0,0,0,0,0,0,0,"rc-neutral-land","OK",1783613847726,170494,3118
2462,1783613868377,196272,190142,0,0,0,0,0,0,81,84,10,0,60,188.51,164,-1,2,-1003,-1,0,0,0,0,0,0,0,"rc-neutral-land","OK",1783613847726,170494,3118
2463,1783613868476,196371,190241,0,0,0,0,0,0,81,84,10,0,60,189.14,164,-3,4,-1006,-1,0,0,0,0,0,0,0,"rc-neutral-land","OK",1783613847726,170494,3118
2464,1783613868576,196471,190341,0,0,0,0,0,0,81,84,10,0,60,188.86,164,0,2,-1023,-1,0,0,0,0,0,0,0,"rc-neutral-land","OK",1783613847726,170494,3118
2465,1783613869843,197738,191607,0,0,0,0,0,0,81,84,10,0,60,188.88,164,-2,2,-1004,-1,0,0,0,0,0,0,0,"rc-neutral-land","OK",1783613847726,170494,3118
2466,1783613869953,197848,191717,0,0,0,0,0,0,81,84,10,0,60,188.62,164,-2,3,-994,-1,0,0,0,0,0,0,0,"rc-neutral-land","OK",1783613847726,170494,3118
2467,1783613869957,197852,191722,0,0,0,0,0,0,81,84,10,0,60,189.19,164,-1,3,-999,-1,0,0,0,0,0,0,0,"rc-neutral-land","OK",1783613847726,170494,3118
2468,1783613869962,197857,191727,0,0,0,0,0,0,81,84,10,0,60,189.17,164,-1,5,-1000,-1,0,0,0,0,0,0,0,"rc-neutral-land","OK",1783613847726,170494,3118
2469,1783613869968,197863,191732,0,0,0,0,0,0,81,84,10,0,60,189.08,164,-2,4,-996,-1,0,0,0,0,0,0,0,"rc-neutral-land","OK",1783613847726,170494,3118
2470,1783613869974,197869,191738,0,0,0,0,0,0,81,84,10,0,60,189.11,164,-2,3,-998,-1,0,0,0,0,0,0,0,"rc-neutral-land","OK",1783613847726,170494,3118
2471,1783613869974,197869,191739,0,0,0,0,0,0,81,84,10,0,60,188.9,164,-1,2,-998,-1,0,0,0,0,0,0,0,"rc-neutral-land","OK",1783613847726,170494,3118
2472,1783613869979,197874,191744,0,0,0,0,0,0,81,84,10,0,60,188.81,164,-1,2,-995,-1,0,0,0,0,0,0,0,"rc-neutral-land","OK",1783613847726,170494,3118
2473,1783613870040,197935,191805,0,0,0,0,0,0,81,84,10,0,60,188.91,164,-1,2,-998,-1,0,0,0,0,0,0,0,"rc-neutral-land","OK",1783613847726,170494,3118
2474,1783613870042,197937,191807,0,0,0,0,0,0,81,84,10,0,60,189.27,164,-2,3,-1001,-1,0,0,0,0,0,0,0,"rc-neutral-land","OK",1783613847726,170494,3118
2475,1783613870045,197940,191810,0,0,0,0,0,0,81,84,10,0,60,189.2,164,-1,3,-1001,-1,0,0,0,0,0,0,0,"rc-neutral-land","OK",1783613847726,170494,3118
2476,1783613870078,197973,191843,0,0,0,0,0,0,81,84,10,0,60,189.13,164,0,4,-1001,-1,0,0,0,0,0,0,0,"rc-neutral-land","OK",1783613847726,170494,3118
2477,1783613870140,198035,191905,0,0,0,0,0,0,81,84,10,0,60,189.29,164,-1,2,-998,-1,0,0,0,0,0,0,0,"rc-neutral-land","OK",1783613847726,170494,3118
2478,1783613870144,198039,191908,0,0,0,0,0,0,81,84,10,0,60,189.12,164,-1,2,-1001,-1,0,0,0,0,0,0,0,"rc-neutral-land","OK",1783613847726,170494,3118
2479,1783613870151,198046,191916,0,0,0,0,0,0,81,84,10,0,60,188.77,164,0,3,-996,-1,0,0,0,0,0,0,0,"rc-neutral-land","OK",1783613847726,170494,3118
2480,1783613870163,198058,191927,0,0,0,0,0,0,81,84,10,0,60,188.89,164,-1,4,-998,-1,0,0,0,0,0,0,0,"rc-neutral-land","OK",1783613847726,170494,3118
2481,1783613870339,198234,192104,0,0,0,0,0,0,81,84,10,0,60,188.73,164,-1,4,-1000,-1,0,0,0,0,0,0,0,"rc-neutral-land","OK",1783613847726,170494,3118
2482,1783613870465,198360,192230,0,0,0,0,0,0,81,84,10,0,60,189.15,164,-3,3,-997,-1,0,0,0,0,0,0,0,"rc-neutral-land","OK",1783613847726,170494,3118
2483,1783613870613,198508,192378,0,0,0,0,0,0,81,84,10,0,60,189.04,164,0,3,-1000,-1,0,0,0,0,0,0,0,"rc-neutral-land","OK",1783613847726,170494,3118
2484,1783613870707,198602,192472,0,0,0,0,0,0,81,84,10,0,60,188.84,164,-3,5,-996,-1,0,0,0,0,0,0,0,"rc-neutral-land","OK",1783613847726,170494,3118
2485,1783613871087,198982,192852,0,0,0,0,0,0,81,84,10,0,60,189.18,164,-1,3,-999,-1,0,0,0,0,0,0,0,"rc-neutral-land","OK",1783613847726,170494,3118
2486,1783613871105,199000,192870,0,0,0,0,0,0,81,84,10,0,60,188.76,164,-1,5,-1006,-1,0,0,0,0,0,0,0,"rc-neutral-land","OK",1783613847726,170494,3118
2487,1783613871109,199004,192874,0,0,0,0,0,0,81,84,10,0,60,189.19,164,-2,4,-1001,-1,0,0,0,0,0,0,0,"rc-neutral-land","OK",1783613847726,170494,3118
2488,1783613871114,199009,192878,0,0,0,0,0,0,81,84,10,0,60,189.04,164,-1,4,-993,-1,0,0,0,0,0,0,0,"rc-neutral-land","OK",1783613847726,170494,3118
2489,1783613871118,199013,192883,0,0,0,0,0,0,81,84,10,0,60,189.24,164,-1,3,-999,-1,0,0,0,0,0,0,0,"rc-neutral-land","OK",1783613847726,170494,3118
2490,1783613871207,199102,192971,0,0,0,0,0,0,81,84,10,0,60,189.21,164,0,3,-1003,-1,0,0,0,0,0,0,0,"rc-neutral-land","OK",1783613847726,170494,3118
2491,1783613871285,199180,193050,0,0,0,0,0,0,81,84,10,0,60,188.84,164,-3,3,-1003,-1,0,0,0,0,0,0,0,"rc-neutral-land","OK",1783613847726,170494,3118
2492,1783613871334,199229,193099,0,0,0,0,0,0,81,84,10,0,60,188.89,164,-3,3,-994,-1,0,0,0,0,0,0,0,"rc-neutral-land","OK",1783613847726,170494,3118
2493,1783613871440,199335,193205,0,0,0,0,0,0,81,84,10,0,60,189.02,164,0,3,-1006,-1,0,0,0,0,0,0,0,"rc-neutral-land","OK",1783613847726,170494,3118
2494,1783613871587,199482,193352,0,0,0,0,0,0,81,84,10,0,60,188.76,164,-2,3,-995,-1,0,0,0,0,0,0,0,"rc-neutral-land","OK",1783613847726,170494,3118
2495,1783613871634,199529,193398,0,0,0,0,0,0,81,84,10,0,60,189.07,164,-1,4,-1005,-1,0,0,0,0,0,0,0,"rc-neutral-land","OK",1783613847726,170494,3118
2496,1783613871736,199631,193500,0,0,0,0,0,0,82,84,10,0,60,188.86,164,-2,4,-996,-1,0,0,0,0,0,0,0,"rc-neutral-land","OK",1783613847726,170494,3118
2497,1783613871827,199722,193591,0,0,0,0,0,0,82,84,10,0,60,189.02,164,-2,2,-1001,-1,0,0,0,0,0,0,0,"rc-neutral-land","OK",1783613847726,170494,3118
2498,1783613871907,199802,193672,0,0,0,0,0,0,82,84,10,0,60,188.91,164,-1,3,-997,-1,0,0,0,0,0,0,0,"rc-neutral-land","OK",1783613847726,170494,3118
2499,1783613872005,199900,193769,0,0,0,0,0,0,82,84,10,0,60,189.25,164,-1,3,-995,-1,0,0,0,0,0,0,0,"rc-neutral-land","OK",1783613847726,170494,3118
2500,1783613872104,199999,193868,0,0,0,0,0,0,82,84,10,0,60,189.05,164,-3,4,-1000,-1,0,0,0,0,0,0,0,"rc-neutral-land","OK",1783613847726,170494,3118
2501,1783613872203,200098,193968,0,0,0,0,0,0,82,84,10,0,60,188.78,164,0,4,-1006,-1,0,0,0,0,0,0,0,"rc-neutral-land","OK",1783613847726,170494,3118
2502,1783613872302,200197,194067,0,0,0,0,0,0,82,84,10,0,60,189.08,164,-2,3,-1002,-1,0,0,0,0,0,0,0,"rc-neutral-land","OK",1783613847726,170494,3118
2503,1783613872401,200296,194166,0,0,0,0,0,0,82,84,10,0,60,189.13,164,-1,3,-1000,-1,0,0,0,0,0,0,0,"rc-neutral-land","OK",1783613847726,170494,3118
2504,1783613872500,200395,194265,0,0,0,0,0,0,82,84,10,0,60,188.65,164,-2,3,-1002,-1,0,0,0,0,0,0,0,"rc-neutral-land","OK",1783613847726,170494,3118
2505,1783613872599,200494,194364,0,0,0,0,0,0,82,84,10,0,60,188.85,164,-1,3,-998,-1,0,0,0,0,0,0,0,"rc-neutral-land","OK",1783613847726,170494,3118
2506,1783613872698,200593,194463,0,0,0,0,0,0,82,84,10,0,60,188.9,164,-1,3,-998,-1,0,0,0,0,0,0,0,"rc-neutral-land","OK",1783613847726,170494,3118
2507,1783613872798,200693,194562,0,0,0,0,0,0,82,84,10,0,60,189.17,164,-2,4,-999,-1,0,0,0,0,0,0,0,"rc-neutral-land","OK",1783613847726,170494,3118
2508,1783613872896,200791,194661,0,0,0,0,0,0,82,84,10,0,60,188.95,164,-4,3,-997,-1,0,0,0,0,0,0,0,"rc-neutral-land","OK",1783613847726,170494,3118
2509,1783613872996,200891,194760,0,0,0,0,0,0,82,84,10,0,60,188.8,164,-1,4,-999,-1,0,0,0,0,0,0,0,"rc-neutral-land","OK",1783613847726,170494,3118
2510,1783613873045,200940,194810,0,0,0,0,0,0,82,84,10,0,60,188.98,164,-2,2,-1004,-1,0,0,0,0,0,0,0,"rc-neutral-land","OK",1783613847726,170494,3118
2511,1783613873144,201039,194909,0,0,0,0,0,0,82,84,10,0,60,188.73,164,-3,4,-1004,-1,0,0,0,0,0,0,0,"rc-neutral-land","OK",1783613847726,170494,3118
2512,1783613873243,201138,195008,0,0,0,0,0,0,82,84,10,0,60,188.98,164,-1,5,-999,-1,0,0,0,0,0,0,0,"rc-neutral-land","OK",1783613847726,170494,3118
2513,1783613873343,201238,195107,0,0,0,0,0,0,82,84,10,0,60,189.03,164,-1,5,-1003,-1,0,0,0,0,0,0,0,"rc-neutral-land","OK",1783613847726,170494,3118
2514,1783613873442,201337,195206,0,0,0,0,0,0,82,84,10,0,60,189.16,164,-1,3,-998,-1,0,0,0,0,0,0,0,"rc-neutral-land","OK",1783613847726,170494,3118
2515,1783613873570,201465,195334,0,0,0,0,0,0,82,84,10,0,60,188.82,164,-1,3,-1002,-1,0,0,0,0,0,0,0,"rc-neutral-land","OK",1783613847726,170494,3118
2516,1783613873643,201538,195407,0,0,0,0,0,0,82,85,10,0,60,188.63,164,-2,4,-997,-1,0,0,0,0,0,0,0,"rc-neutral-land","OK",1783613847726,170494,3118
2517,1783613873739,201634,195503,0,0,0,0,0,0,82,85,10,0,60,189.21,164,-1,2,-1007,-1,0,0,0,0,0,0,0,"rc-neutral-land","OK",1783613847726,170494,3118
2518,1783613873838,201733,195602,0,0,0,0,0,0,82,85,10,0,60,188.77,164,-3,5,-996,-1,0,0,0,0,0,0,0,"rc-neutral-land","OK",1783613847726,170494,3118
2519,1783613873938,201833,195702,0,0,0,0,0,0,82,85,10,0,60,189.2,164,-3,4,-1000,-1,0,0,0,0,0,0,0,"rc-neutral-land","OK",1783613847726,170494,3118
2520,1783613874036,201931,195801,0,0,0,0,0,0,82,85,10,0,60,189.01,164,-1,4,-1003,-1,0,0,0,0,0,0,0,"rc-neutral-land","OK",1783613847726,170494,3118
2521,1783613874147,202042,195912,0,0,0,0,0,0,82,85,10,0,60,188.95,164,-4,4,-999,-1,0,0,0,0,0,0,0,"rc-neutral-land","OK",1783613847726,170494,3118
2522,1783613874238,202133,196002,0,0,0,0,0,0,82,85,10,0,60,188.9,164,-1,3,-1002,-1,0,0,0,0,0,0,0,"rc-neutral-land","OK",1783613847726,170494,3118
2523,1783613874340,202235,196104,0,0,0,0,0,0,82,85,10,0,60,188.77,164,-3,5,-1000,-1,0,0,0,0,0,0,0,"rc-neutral-land","OK",1783613847726,170494,3118
2524,1783613874435,202330,196200,0,0,0,0,0,0,82,85,10,0,60,188.7,164,0,3,-1000,-1,0,0,0,0,0,0,0,"rc-neutral-land","OK",1783613847726,170494,3118
2525,1783613874532,202427,196296,0,0,0,0,0,0,82,85,10,0,60,189.3,164,-3,4,-996,-1,0,0,0,0,0,0,0,"rc-neutral-land","OK",1783613847726,170494,3118
2526,1783613874632,202527,196397,0,0,0,0,0,0,82,84,10,0,60,189.15,164,-1,3,-999,-1,0,0,0,0,0,0,0,"rc-neutral-land","OK",1783613847726,170494,3118
2527,1783613874730,202625,196494,0,0,0,0,0,0,82,84,10,0,60,188.84,164,-1,4,-998,-1,0,0,0,0,0,0,0,"rc-neutral-land","OK",1783613847726,170494,3118
2528,1783613874829,202724,196593,0,0,0,0,0,0,82,84,10,0,60,189.02,164,0,4,-999,-1,0,0,0,0,0,0,0,"rc-neutral-land","OK",1783613847726,170494,3118
2529,1783613874928,202823,196692,0,0,0,0,0,0,82,84,10,0,60,189.09,164,-1,3,-996,-1,0,0,0,0,0,0,0,"rc-neutral-land","OK",1783613847726,170494,3118
2530,1783613875027,202922,196791,0,0,0,0,0,0,82,84,10,0,60,188.84,164,-2,4,-998,-1,0,0,0,0,0,0,0,"rc-neutral-land","OK",1783613847726,170494,3118
2531,1783613875126,203021,196891,0,0,0,0,0,0,82,84,10,0,60,188.95,164,-3,3,-1000,-1,0,0,0,0,0,0,0,"rc-neutral-land","OK",1783613847726,170494,3118
2532,1783613875225,203120,196989,0,0,0,0,0,0,82,84,10,0,60,188.73,164,-3,4,-999,-1,0,0,0,0,0,0,0,"rc-neutral-land","OK",1783613847726,170494,3118
2533,1783613875324,203219,197088,0,0,0,0,0,0,82,84,10,0,60,189.02,164,-3,6,-1002,-1,0,0,0,0,0,0,0,"rc-neutral-land","OK",1783613847726,170494,3118
2534,1783613875422,203317,197187,0,0,0,0,0,0,82,84,10,0,60,188.8,164,-2,4,-1002,-1,0,0,0,0,0,0,0,"rc-neutral-land","OK",1783613847726,170494,3118
2535,1783613875536,203431,197300,0,0,0,0,0,0,82,84,10,0,60,188.9,164,-2,4,-999,-1,0,0,0,0,0,0,0,"rc-neutral-land","OK",1783613847726,170494,3118
2536,1783613875660,203555,197424,0,0,0,0,0,0,82,84,10,0,60,188.95,164,-1,4,-997,-1,0,0,0,0,0,0,0,"rc-neutral-land","OK",1783613847726,170494,3118
2537,1783613875726,203621,197491,0,0,0,0,0,0,82,84,10,0,60,188.91,164,-2,3,-999,-1,0,0,0,0,0,0,0,"rc-neutral-land","OK",1783613847726,170494,3118
2538,1783613875824,203719,197588,0,0,0,0,0,0,82,84,10,0,60,188.93,164,-1,3,-1001,-1,0,0,0,0,0,0,0,"rc-neutral-land","OK",1783613847726,170494,3118
2539,1783613875921,203816,197686,0,0,0,0,0,0,82,84,10,0,60,188.82,164,-3,1,-999,-1,0,0,0,0,0,0,0,"rc-neutral-land","OK",1783613847726,170494,3118
2540,1783613876018,203913,197782,0,0,0,0,0,0,82,84,10,0,60,188.99,164,-1,4,-1000,-1,0,0,0,0,0,0,0,"rc-neutral-land","OK",1783613847726,170494,3118
2541,1783613876114,204009,197879,0,0,0,0,0,0,82,84,10,0,60,189.24,164,-2,3,-1001,-1,0,0,0,0,0,0,0,"rc-neutral-land","OK",1783613847726,170494,3118
2542,1783613876164,204059,197928,0,0,0,0,0,0,82,84,10,0,60,188.92,164,-2,3,-1000,-1,0,0,0,0,0,0,0,"rc-neutral-land","OK",1783613847726,170494,3118
2543,1783613876262,204157,198027,0,0,0,0,0,0,82,84,10,0,60,188.83,164,-2,4,-1000,-1,0,0,0,0,0,0,0,"rc-neutral-land","OK",1783613847726,170494,3118
2544,1783613876361,204256,198126,0,0,0,0,0,0,82,84,10,0,60,188.92,164,-3,4,-999,-1,0,0,0,0,0,0,0,"rc-neutral-land","OK",1783613847726,170494,3118
2545,1783613876460,204355,198224,0,0,0,0,0,0,82,84,10,0,60,189.11,164,-3,5,-999,-1,0,0,0,0,0,0,0,"rc-neutral-land","OK",1783613847726,170494,3118
2546,1783613876565,204460,198330,0,0,0,0,0,0,82,84,10,0,60,189.06,164,-1,2,-1000,-1,0,0,0,0,0,0,0,"rc-neutral-land","OK",1783613847726,170494,3118
2547,1783613876662,204557,198426,0,0,0,0,0,0,82,84,10,0,60,189.31,164,-3,4,-998,-1,0,0,0,0,0,0,0,"rc-neutral-land","OK",1783613847726,170494,3118
2548,1783613876757,204652,198522,0,0,0,0,0,0,82,84,10,0,60,188.92,164,-2,5,-999,-1,0,0,0,0,0,0,0,"rc-neutral-land","OK",1783613847726,170494,3118
2549,1783613876858,204753,198622,0,0,0,0,0,0,82,84,10,0,60,188.95,164,-2,3,-1001,-1,0,0,0,0,0,0,0,"rc-neutral-land","OK",1783613847726,170494,3118
2550,1783613876960,204855,198724,0,0,0,0,0,0,82,84,10,0,60,189.18,164,-3,4,-1000,-1,0,0,0,0,0,0,0,"rc-neutral-land","OK",1783613847726,170494,3118
2551,1783613877052,204947,198817,0,0,0,0,0,0,82,84,10,0,60,188.99,164,-1,5,-999,-1,0,0,0,0,0,0,0,"rc-neutral-land","OK",1783613847726,170494,3118
2552,1783613877151,205046,198916,0,0,0,0,0,0,82,84,10,0,60,189.01,164,-2,2,-999,-1,0,0,0,0,0,0,0,"rc-neutral-land","OK",1783613847726,170494,3118
2553,1783613877250,205145,199015,0,0,0,0,0,0,82,84,10,0,60,188.92,164,-2,3,-1000,-1,0,0,0,0,0,0,0,"rc-neutral-land","OK",1783613847726,170494,3118
2554,1783613877349,205244,199113,0,0,0,0,0,0,82,84,10,0,60,188.94,164,-2,2,-1002,-1,0,0,0,0,0,0,0,"rc-neutral-land","OK",1783613847726,170494,3118
2555,1783613877447,205342,199212,0,0,0,0,0,0,82,84,10,0,60,188.75,164,-2,5,-1000,-1,0,0,0,0,0,0,0,"rc-neutral-land","OK",1783613847726,170494,3118
2556,1783613877546,205441,199311,0,0,0,0,0,0,83,85,10,0,60,188.93,164,-2,3,-999,-1,0,0,0,0,0,0,0,"rc-neutral-land","OK",1783613847726,170494,3118
2557,1783613877645,205540,199410,0,0,0,0,0,0,83,85,10,0,60,189.1,164,-2,5,-1002,-1,0,0,0,0,0,0,0,"rc-neutral-land","OK",1783613847726,170494,3118
2558,1783613877744,205639,199508,0,0,0,0,0,0,83,85,10,0,60,189.01,164,-4,3,-1000,-1,0,0,0,0,0,0,0,"rc-neutral-land","OK",1783613847726,170494,3118
2559,1783613877842,205737,199607,0,0,0,0,0,0,83,85,10,0,60,188.91,164,-4,4,-1000,-1,0,0,0,0,0,0,0,"rc-neutral-land","OK",1783613847726,170494,3118
2560,1783613877941,205836,199706,0,0,0,0,0,0,83,85,10,0,60,189.34,164,-2,3,-1000,-1,0,0,0,0,0,0,0,"rc-neutral-land","OK",1783613847726,170494,3118
2561,1783613878040,205935,199805,0,0,0,0,0,0,83,85,10,0,60,188.93,164,-2,5,-1000,-1,0,0,0,0,0,0,0,"rc-neutral-land","OK",1783613847726,170494,3118
2562,1783613878147,206042,199911,0,0,0,0,0,0,83,85,10,0,60,188.81,164,0,4,-998,-1,0,0,0,0,0,0,0,"rc-neutral-land","OK",1783613847726,170494,3118
2563,1783613878244,206139,200009,0,0,0,0,0,0,83,85,10,0,60,188.75,164,-2,4,-999,-1,0,0,0,0,0,0,0,"rc-neutral-land","OK",1783613847726,170494,3118
2564,1783613878339,206234,200104,0,0,0,0,0,0,83,85,10,0,60,188.99,164,-2,2,-999,-1,0,0,0,0,0,0,0,"rc-neutral-land","OK",1783613847726,170494,3118
2565,1783613878436,206331,200201,0,0,0,0,0,0,83,85,10,0,60,188.86,164,-2,3,-999,-1,0,0,0,0,0,0,0,"rc-neutral-land","OK",1783613847726,170494,3118
2566,1783613878544,206439,200309,0,0,0,0,0,0,82,85,10,0,60,188.86,164,-2,2,-999,-1,0,0,0,0,0,0,0,"rc-neutral-land","OK",1783613847726,170494,3118
2567,1783613878634,206529,200399,0,0,0,0,0,0,82,85,10,0,60,189.09,164,-2,4,-999,-1,0,0,0,0,0,0,0,"rc-neutral-land","OK",1783613847726,170494,3118
2568,1783613878731,206626,200496,0,0,0,0,0,0,82,85,10,0,60,188.96,164,-3,5,-1002,-1,0,0,0,0,0,0,0,"rc-neutral-land","OK",1783613847726,170494,3118
2569,1783613878830,206725,200595,0,0,0,0,0,0,82,85,10,0,60,188.98,164,-1,3,-1000,-1,0,0,0,0,0,0,0,"rc-neutral-land","OK",1783613847726,170494,3118
2570,1783613878929,206824,200694,0,0,0,0,0,0,82,85,10,0,60,188.89,164,-3,3,-999,-1,0,0,0,0,0,0,0,"rc-neutral-land","OK",1783613847726,170494,3118
2571,1783613879028,206923,200792,0,0,0,0,0,0,82,85,10,0,60,189.34,164,-2,4,-1002,-1,0,0,0,0,0,0,0,"rc-neutral-land","OK",1783613847726,170494,3118
2572,1783613879127,207022,200891,0,0,0,0,0,0,82,85,10,0,60,188.89,164,-2,4,-1000,-1,0,0,0,0,0,0,0,"rc-neutral-land","OK",1783613847726,170494,3118
2573,1783613879225,207120,200990,0,0,0,0,0,0,82,85,10,0,60,188.94,164,-2,3,-1001,-1,0,0,0,0,0,0,0,"rc-neutral-land","OK",1783613847726,170494,3118
2574,1783613879324,207219,201089,0,0,0,0,0,0,82,85,10,0,60,188.88,164,-2,3,-1002,-1,0,0,0,0,0,0,0,"rc-neutral-land","OK",1783613847726,170494,3118
2575,1783613879424,207319,201188,0,0,0,0,0,0,82,85,10,0,60,189,164,-2,4,-1000,-1,0,0,0,0,0,0,0,"rc-neutral-land","OK",1783613847726,170494,3118
2576,1783613879522,207417,201286,0,0,0,0,0,0,83,85,10,0,60,188.9,164,-1,4,-1001,-1,0,0,0,0,0,0,0,"rc-neutral-land","OK",1783613847726,170494,3118
2577,1783613879621,207516,201385,0,0,0,0,0,0,83,85,10,0,60,188.75,164,-1,3,-1001,-1,0,0,0,0,0,0,0,"rc-neutral-land","OK",1783613847726,170494,3118
2578,1783613879678,207573,201443,0,0,0,0,0,0,83,85,10,0,60,189.03,164,-1,4,-999,-1,0,0,0,0,0,0,0,"rc-neutral-land","OK",1783613847726,170494,3118
2579,1783613879769,207664,201534,0,0,0,0,0,0,83,85,10,0,60,189.19,164,-1,4,-1001,-1,0,0,0,0,0,0,0,"rc-neutral-land","OK",1783613847726,170494,3118
2580,1783613879867,207762,201632,0,0,0,0,0,0,83,85,10,0,60,188.87,164,-1,2,-1001,-1,0,0,0,0,0,0,0,"rc-neutral-land","OK",1783613847726,170494,3118
2581,1783613879966,207861,201731,0,0,0,0,0,0,83,85,10,0,60,189.02,164,-2,3,-998,-1,0,0,0,0,0,0,0,"rc-neutral-land","OK",1783613847726,170494,3118
2582,1783613880070,207965,201834,0,0,0,0,0,0,83,85,10,0,60,189.16,164,-1,4,-997,-1,0,0,0,0,0,0,0,"rc-neutral-land","OK",1783613847726,170494,3118
2583,1783613880164,208059,201928,0,0,0,0,0,0,83,85,10,0,60,188.97,164,-3,4,-1000,-1,0,0,0,0,0,0,0,"rc-neutral-land","OK",1783613847726,170494,3118
2584,1783613880262,208157,202027,0,0,0,0,0,0,83,85,10,0,60,188.68,164,-1,3,-1001,-1,0,0,0,0,0,0,0,"rc-neutral-land","OK",1783613847726,170494,3118
2585,1783613880361,208256,202126,0,0,0,0,0,0,83,85,10,0,60,189.14,164,-1,3,-1001,-1,0,0,0,0,0,0,0,"rc-neutral-land","OK",1783613847726,170494,3118
2586,1783613880482,208377,202247,0,0,0,0,0,0,83,85,10,0,60,189.16,164,-2,4,-999,-1,0,0,0,0,0,0,0,"rc-neutral-land","OK",1783613847726,170494,3118
2587,1783613880568,208463,202332,0,0,0,0,0,0,83,85,10,0,60,189.11,164,-1,3,-1001,-1,0,0,0,0,0,0,0,"rc-neutral-land","OK",1783613847726,170494,3118
2588,1783613880666,208561,202430,0,0,0,0,0,0,83,85,10,0,60,188.98,164,-1,4,-1000,-1,0,0,0,0,0,0,0,"rc-neutral-land","OK",1783613847726,170494,3118
2589,1783613880768,208663,202532,0,0,0,0,0,0,83,85,10,0,60,189.19,164,-1,3,-999,-1,0,0,0,0,0,0,0,"rc-neutral-land","OK",1783613847726,170494,3118
2590,1783613880860,208755,202624,0,0,0,0,0,0,83,85,10,0,60,188.74,164,-3,3,-1000,-1,0,0,0,0,0,0,0,"rc-neutral-land","OK",1783613847726,170494,3118
2591,1783613880957,208852,202722,0,0,0,0,0,0,83,85,10,0,60,189.03,164,-3,5,-1000,-1,0,0,0,0,0,0,0,"rc-neutral-land","OK",1783613847726,170494,3118
2592,1783613881053,208948,202818,0,0,0,0,0,0,83,85,10,0,60,189.12,164,-1,3,-1000,-1,0,0,0,0,0,0,0,"rc-neutral-land","OK",1783613847726,170494,3118
2593,1783613881152,209047,202917,0,0,0,0,0,0,83,85,10,0,60,188.81,164,-2,3,-999,-1,0,0,0,0,0,0,0,"rc-neutral-land","OK",1783613847726,170494,3118
2594,1783613881251,209146,203015,0,0,0,0,0,0,83,85,10,0,60,188.78,164,-3,2,-996,-1,0,0,0,0,0,0,0,"rc-neutral-land","OK",1783613847726,170494,3118
2595,1783613881349,209244,203113,0,0,0,0,0,0,83,85,10,0,60,188.6,164,-3,5,-998,-1,0,0,0,0,0,0,0,"rc-neutral-land","OK",1783613847726,170494,3118
2596,1783613881449,209344,203213,0,0,0,0,0,0,83,85,10,0,60,188.89,164,-2,3,-997,-1,0,0,0,0,0,0,0,"rc-neutral-land","OK",1783613847726,170494,3118
2597,1783613881548,209443,203312,0,0,0,0,0,0,83,85,10,0,60,188.74,164,-2,5,-1000,-1,0,0,0,0,0,0,0,"rc-neutral-land","OK",1783613847726,170494,3118
2598,1783613881647,209542,203412,0,0,0,0,0,0,83,85,10,0,60,189.19,164,-2,6,-997,-1,0,0,0,0,0,0,0,"rc-neutral-land","OK",1783613847726,170494,3118
2599,1783613881744,209639,203508,0,0,0,0,0,0,83,85,10,0,60,189.27,164,-2,5,-998,-1,0,0,0,0,0,0,0,"rc-neutral-land","OK",1783613847726,170494,3118
2600,1783613881850,209745,203615,0,0,0,0,0,0,83,85,10,0,60,188.73,164,-1,3,-1002,-1,0,0,0,0,0,0,0,"rc-neutral-land","OK",1783613847726,170494,3118
2601,1783613881941,209836,203706,0,0,0,0,0,0,83,85,10,0,60,189.21,164,-1,3,-998,-1,0,0,0,0,0,0,0,"rc-neutral-land","OK",1783613847726,170494,3118
2602,1783613882040,209935,203805,0,0,0,0,0,0,83,85,10,0,60,189.15,164,-2,4,-1000,-1,0,0,0,0,0,0,0,"rc-neutral-land","OK",1783613847726,170494,3118
2603,1783613882139,210034,203904,0,0,0,0,0,0,83,85,10,0,60,189.1,164,-3,3,-999,-1,0,0,0,0,0,0,0,"rc-neutral-land","OK",1783613847726,170494,3118
2604,1783613882245,210140,204010,0,0,0,0,0,0,83,85,10,0,60,188.76,164,-1,5,-1000,-1,0,0,0,0,0,0,0,"rc-neutral-land","OK",1783613847726,170494,3118
2605,1783613882341,210236,204106,0,0,0,0,0,0,83,85,10,0,60,189.3,164,0,4,-998,-1,0,0,0,0,0,0,0,"rc-neutral-land","OK",1783613847726,170494,3118
2606,1783613882436,210331,204200,0,0,0,0,0,0,83,85,10,0,60,189,164,-1,3,-1000,-1,0,0,0,0,0,0,0,"rc-neutral-land","OK",1783613847726,170494,3118
2607,1783613882534,210429,204299,0,0,0,0,0,0,83,85,10,0,60,189.09,164,-2,5,-998,-1,0,0,0,0,0,0,0,"rc-neutral-land","OK",1783613847726,170494,3118
2608,1783613882633,210528,204398,0,0,0,0,0,0,83,85,10,0,60,189.13,164,-3,3,-998,-1,0,0,0,0,0,0,0,"rc-neutral-land","OK",1783613847726,170494,3118
2609,1783613882731,210626,204496,0,0,0,0,0,0,83,85,10,0,60,188.74,164,-1,2,-999,-1,0,0,0,0,0,0,0,"rc-neutral-land","OK",1783613847726,170494,3118
2610,1783613882830,210725,204595,0,0,0,0,0,0,83,85,10,0,60,188.93,164,-3,3,-999,-1,0,0,0,0,0,0,0,"rc-neutral-land","OK",1783613847726,170494,3118
2611,1783613882883,210778,204648,0,0,0,0,0,0,83,85,10,0,60,189.27,164,-2,3,-1000,-1,0,0,0,0,0,0,0,"rc-neutral-land","OK",1783613847726,170494,3118
2612,1783613882984,210879,204748,0,0,0,0,0,0,83,85,10,0,60,188.84,164,-1,2,-999,-1,0,0,0,0,0,0,0,"rc-neutral-land","OK",1783613847726,170494,3118
2613,1783613883080,210975,204845,0,0,0,0,0,0,83,85,10,0,60,188.93,164,-2,3,-999,-1,0,0,0,0,0,0,0,"rc-neutral-land","OK",1783613847726,170494,3118
2614,1783613883182,211077,204946,0,0,0,0,0,0,83,85,10,0,60,189.07,164,-1,4,-1002,-1,0,0,0,0,0,0,0,"rc-neutral-land","OK",1783613847726,170494,3118
2615,1783613883278,211173,205042,0,0,0,0,0,0,83,85,10,0,60,189.1,164,-3,4,-999,-1,0,0,0,0,0,0,0,"rc-neutral-land","OK",1783613847726,170494,3118
2616,1783613883377,211272,205141,0,0,0,0,0,0,84,86,10,0,60,189.02,164,-2,3,-1001,-1,0,0,0,0,0,0,0,"rc-neutral-land","OK",1783613847726,170494,3118
2617,1783613883473,211368,205238,0,0,0,0,0,0,84,86,10,0,60,189.07,164,-2,4,-999,-1,0,0,0,0,0,0,0,"rc-neutral-land","OK",1783613847726,170494,3118
