state_sequence,timestamp_ms,recording_elapsed_ms,steady_elapsed_ms,pitch,roll,yaw,vgx,vgy,vgz,templ,temph,tof,h,bat,baro,time,agx,agy,agz,mid,x,y,z,rc_a,rc_b,rc_c,rc_d,rc_source,rc_result,rc_timestamp_ms,rc_steady_elapsed_ms,rc_sequence
18,1783018052456,0,0,0,1,0,0,0,0,59,61,10,0,70,181.95,0,-7,-23,-999,-1,0,0,0,,,,,,,,,
19,1783018052556,100,99,0,1,0,0,0,0,59,61,10,0,70,182.06,0,-7,-24,-1000,-1,0,0,0,,,,,,,,,
20,1783018052657,201,201,0,1,0,0,0,0,59,61,10,0,70,182.1,0,-5,-21,-999,-1,0,0,0,,,,,,,,,
21,1783018052759,303,302,0,1,0,0,0,0,59,61,10,0,70,182,0,-7,-20,-1002,-1,0,0,0,,,,,,,,,
22,1783018052860,404,404,0,1,0,0,0,0,59,61,10,0,70,182.41,0,-7,-24,-1000,-1,0,0,0,,,,,,,,,
23,1783018052911,455,454,0,1,0,0,0,0,59,61,10,0,70,182.14,0,-6,-23,-998,-1,0,0,0,,,,,,,,,
24,1783018053013,557,556,0,1,0,0,0,0,59,61,10,0,70,182.29,0,-8,-23,-1001,-1,0,0,0,,,,,,,,,
25,1783018053115,659,658,0,1,0,0,0,0,59,61,10,0,70,182.17,0,-5,-21,-999,-1,0,0,0,,,,,,,,,
26,1783018053216,760,760,0,1,0,0,0,0,59,61,10,0,70,182.56,0,-5,-18,-1000,-1,0,0,0,,,,,,,,,
27,1783018053318,862,861,0,1,0,0,0,0,58,60,10,0,70,182.1,0,-3,-23,-998,-1,0,0,0,,,,,,,,,
28,1783018053420,964,963,0,1,0,0,0,0,58,60,10,0,70,181.91,0,-6,-25,-997,-1,0,0,0,,,,,,,,,
29,1783018053521,1065,1065,0,1,0,0,0,0,58,60,10,0,70,182.08,0,-6,-23,-999,-1,0,0,0,,,,,,,,,
30,1783018053623,1167,1166,0,1,0,0,0,0,58,60,10,0,70,182.26,0,-4,-22,-999,-1,0,0,0,,,,,,,,,
31,1783018053725,1269,1268,0,1,0,0,0,0,58,60,10,0,70,182.23,0,-5,-21,-999,-1,0,0,0,,,,,,,,,
32,1783018053826,1370,1370,0,1,0,0,0,0,58,60,10,0,70,182.11,0,-7,-22,-1000,-1,0,0,0,,,,,,,,,
33,1783018053928,1472,1471,0,1,0,0,0,0,58,60,10,0,70,182.38,0,-9,-24,-1000,-1,0,0,0,,,,,,,,,
34,1783018054030,1574,1573,0,1,0,0,0,0,58,60,10,0,70,182.02,0,-5,-22,-997,-1,0,0,0,,,,,,,,,
35,1783018054132,1676,1675,0,1,0,0,0,0,58,60,10,0,70,182.09,0,-6,-22,-1001,-1,0,0,0,,,,,,,,,
36,1783018054233,1777,1776,0,1,0,0,0,0,58,60,10,0,70,182.22,0,-5,-20,-1000,-1,0,0,0,,,,,,,,,
37,1783018054335,1879,1878,0,1,0,0,0,0,58,61,10,0,70,182.09,0,-7,-22,-999,-1,0,0,0,,,,,,,,,
38,1783018054437,1981,1980,0,1,0,0,0,0,58,61,10,0,70,182.19,0,-8,-24,-998,-1,0,0,0,,,,,,,,,
39,1783018054538,2082,2082,0,1,0,0,0,0,58,61,10,0,70,182.06,0,-6,-22,-998,-1,0,0,0,,,,,,,,,
40,1783018054640,2184,2183,0,1,0,0,0,0,58,61,10,0,70,182.22,0,-7,-21,-999,-1,0,0,0,,,,,,,,,
41,1783018054742,2286,2285,0,1,0,0,0,0,58,61,10,0,70,182.22,0,-7,-23,-999,-1,0,0,0,,,,,,,,,
42,1783018054843,2387,2387,0,1,0,0,0,0,58,61,10,0,70,181.86,0,-7,-23,-1000,-1,0,0,0,,,,,,,,,
43,1783018054945,2489,2488,0,1,0,0,0,0,58,61,10,0,70,182.31,0,-6,-23,-1000,-1,0,0,0,,,,,,,,,
44,1783018055047,2591,2590,0,1,0,0,0,0,58,61,10,0,70,181.98,0,-5,-23,-1001,-1,0,0,0,,,,,,,,,
45,1783018055149,2693,2692,0,1,0,0,0,0,58,61,10,0,70,182.3,0,-8,-19,-1000,-1,0,0,0,,,,,,,,,
46,1783018055250,2794,2793,0,1,0,0,0,0,58,61,10,0,70,182.02,0,-9,-22,-997,-1,0,0,0,,,,,,,,,
47,1783018055352,2896,2895,0,1,0,0,0,0,59,61,10,0,70,181.87,0,-5,-25,-998,-1,0,0,0,,,,,,,,,
48,1783018055454,2998,2997,0,1,0,0,0,0,59,61,10,0,70,182.18,0,-7,-25,-1002,-1,0,0,0,,,,,,,,,
49,1783018055558,3102,3102,0,1,0,0,0,0,59,61,10,0,70,182.22,0,-7,-24,-999,-1,0,0,0,,,,,,,,,
50,1783018055657,3201,3200,0,1,0,0,0,0,59,61,10,0,70,182.1,0,-3,-23,-1002,-1,0,0,0,,,,,,,,,
51,1783018055758,3302,3302,0,1,0,0,0,0,59,61,10,0,70,182.35,0,-4,-22,-999,-1,0,0,0,,,,,,,,,
52,1783018055860,3404,3403,0,1,0,0,0,0,59,61,10,0,70,181.9,0,-5,-22,-998,-1,0,0,0,,,,,,,,,
53,1783018055962,3506,3505,0,1,0,0,0,0,59,61,10,0,70,182.27,0,-8,-22,-999,-1,0,0,0,,,,,,,,,
54,1783018056064,3608,3607,0,1,0,0,0,0,59,61,10,0,70,182.17,0,-7,-22,-1001,-1,0,0,0,,,,,,,,,
55,1783018056165,3709,3709,0,1,0,0,0,0,59,61,10,0,70,181.84,0,-5,-24,-1001,-1,0,0,0,,,,,,,,,
56,1783018056216,3760,3759,0,1,0,0,0,0,59,61,10,0,70,182.22,0,-8,-24,-999,-1,0,0,0,,,,,,,,,
57,1783018056369,3913,3912,0,1,0,0,0,0,59,62,10,0,70,182.36,0,-4,-23,-1002,-1,0,0,0,,,,,,,,,
58,1783018056420,3964,3963,0,1,0,0,0,0,59,62,10,0,70,182.15,0,-4,-23,-998,-1,0,0,0,,,,,,,,,
59,1783018056521,4065,4064,0,1,0,0,0,0,59,62,10,0,70,182.18,0,-8,-27,-1000,-1,0,0,0,,,,,,,,,
60,1783018056625,4169,4168,0,1,0,0,0,0,59,62,10,0,70,182.21,0,-9,-26,-1000,-1,0,0,0,,,,,,,,,
61,1783018056725,4269,4268,0,1,0,0,0,0,59,62,10,0,69,182.17,0,-9,-21,-997,-1,0,0,0,,,,,,,,,
62,1783018056826,4370,4370,0,1,0,0,0,0,59,62,10,0,69,182.26,0,-5,-18,-997,-1,0,0,0,,,,,,,,,
63,1783018056928,4472,4471,0,1,0,0,0,0,59,62,10,0,69,182.06,0,-8,-19,-1000,-1,0,0,0,,,,,,,,,
64,1783018057030,4574,4573,0,1,0,0,0,0,59,62,10,0,69,182.49,0,-8,-21,-999,-1,0,0,0,,,,,,,,,
65,1783018057131,4675,4675,0,1,0,0,0,0,59,62,10,0,69,181.92,0,-6,-25,-998,-1,0,0,0,,,,,,,,,
66,1783018057233,4777,4776,0,1,0,0,0,0,59,62,10,0,69,182.28,0,-4,-21,-1001,-1,0,0,0,,,,,,,,,
67,1783018057335,4879,4879,0,1,0,0,0,0,60,62,10,0,69,182.02,0,-8,-21,-1000,-1,0,0,0,,,,,,,,,
68,1783018057436,4980,4980,0,1,0,0,0,0,60,62,10,0,69,181.97,0,-6,-22,-1000,-1,0,0,0,,,,,,,,,
69,1783018057539,5083,5082,0,1,0,0,0,0,60,62,10,0,69,182.1,0,-5,-24,-998,-1,0,0,0,,,,,,,,,
70,1783018057640,5184,5183,0,1,0,0,0,0,60,62,10,0,69,181.73,0,-6,-20,-999,-1,0,0,0,,,,,,,,,
71,1783018057742,5286,5285,0,1,0,0,0,0,60,62,10,0,69,181.85,0,-6,-22,-999,-1,0,0,0,,,,,,,,,
72,1783018057843,5387,5386,0,1,0,0,0,0,60,62,10,0,69,182,0,-7,-22,-999,-1,0,0,0,,,,,,,,,
73,1783018057945,5489,5488,0,1,0,0,0,0,60,62,10,0,69,182.39,0,-7,-20,-998,-1,0,0,0,,,,,,,,,
74,1783018058046,5590,5590,0,1,0,0,0,0,60,62,10,0,69,182,0,-7,-20,-1000,-1,0,0,0,,,,,,,,,
75,1783018058148,5692,5691,0,1,0,0,0,0,60,62,10,0,69,181.86,0,-8,-21,-1000,-1,0,0,0,,,,,,,,,
76,1783018058250,5794,5793,0,1,0,0,0,0,60,62,10,0,69,182.03,0,-6,-25,-996,-1,0,0,0,,,,,,,,,
77,1783018058351,5895,5895,0,1,0,0,0,0,59,62,10,0,69,181.93,0,-6,-24,-1004,-1,0,0,0,,,,,,,,,
78,1783018058453,5997,5996,0,1,0,0,0,0,59,62,10,0,69,182.13,0,-7,-22,-1000,-1,0,0,0,,,,,,,,,
79,1783018058555,6099,6098,0,1,0,0,0,0,59,62,10,0,69,182.02,0,-7,-22,-999,-1,0,0,0,,,,,,,,,
80,1783018058657,6201,6201,0,1,0,0,0,0,59,62,10,0,69,182.44,0,-5,-20,-1001,-1,0,0,0,,,,,,,,,
81,1783018058758,6302,6301,0,1,0,0,0,0,59,62,10,0,69,182.54,0,-6,-24,-999,-1,0,0,0,,,,,,,,,
82,1783018058860,6404,6403,0,1,0,0,0,0,59,62,10,0,69,182.22,0,-6,-23,-1001,-1,0,0,0,,,,,,,,,
83,1783018058962,6506,6505,0,1,0,0,0,0,59,62,10,0,69,182.03,0,-7,-24,-999,-1,0,0,0,,,,,,,,,
84,1783018059063,6607,6607,0,1,0,0,0,0,59,62,10,0,69,182.02,0,-6,-23,-1001,-1,0,0,0,,,,,,,,,
85,1783018059165,6709,6708,0,1,0,0,0,0,59,62,10,0,69,182.09,0,-6,-22,-1000,-1,0,0,0,,,,,,,,,
86,1783018059267,6811,6810,0,1,0,0,0,0,59,62,10,0,69,182.29,0,-6,-22,-1002,-1,0,0,0,,,,,,,,,
87,1783018059368,6912,6912,0,1,0,0,0,0,59,63,10,0,69,181.79,0,-6,-24,-1002,-1,0,0,0,,,,,,,,,
88,1783018059470,7014,7013,0,1,0,0,0,0,59,63,10,0,69,182.26,0,-8,-23,-1001,-1,0,0,0,,,,,,,,,
89,1783018059574,7118,7118,0,1,0,0,0,0,59,63,10,0,69,182.03,0,-6,-23,-999,-1,0,0,0,,,,,,,,,
90,1783018059673,7217,7217,0,1,0,0,0,0,59,63,10,0,69,182.26,0,-5,-24,-1005,-1,0,0,0,,,,,,,,,
91,1783018059725,7269,7268,0,1,0,0,0,0,59,63,10,0,69,182.34,0,-7,-23,-999,-1,0,0,0,,,,,,,,,
92,1783018059828,7372,7371,0,1,0,0,0,0,59,63,10,0,69,182.15,0,-6,-22,-1000,-1,0,0,0,,,,,,,,,
93,1783018059929,7473,7472,0,1,0,0,0,0,59,63,10,0,69,182.1,0,-6,-20,-999,-1,0,0,0,,,,,,,,,
94,1783018060030,7574,7574,0,1,0,0,0,0,59,63,10,0,69,182.23,0,-7,-21,-1001,-1,0,0,0,,,,,,,,,
95,1783018060131,7675,7674,0,1,0,0,0,0,59,63,10,0,69,181.94,0,-6,-23,-1001,-1,0,0,0,,,,,,,,,
96,1783018060233,7777,7776,0,1,0,0,0,0,59,63,10,0,69,182.15,0,-7,-24,-998,-1,0,0,0,,,,,,,,,
97,1783018060334,7878,7878,0,1,0,0,0,0,60,63,10,0,69,182.13,0,-7,-23,-1000,-1,0,0,0,,,,,,,,,
98,1783018060436,7980,7979,0,1,0,0,0,0,60,63,10,0,69,182.08,0,-6,-22,-1000,-1,0,0,0,,,,,,,,,
99,1783018060541,8085,8085,0,1,0,0,0,0,60,63,10,0,69,181.89,0,-5,-24,-1000,-1,0,0,0,,,,,,,,,
100,1783018060634,8178,8177,0,1,0,0,0,0,60,63,10,0,69,182.11,0,-6,-24,-1000,-1,0,0,0,,,,,,,,,
101,1783018060725,8269,8268,0,1,0,0,0,0,60,63,10,0,69,182.32,0,-7,-22,-999,-1,0,0,0,,,,,,,,,
102,1783018060816,8360,8359,0,1,0,0,0,0,60,63,10,0,69,182.02,0,-7,-23,-999,-1,0,0,0,,,,,,,,,
103,1783018060908,8452,8451,0,1,0,0,0,0,60,63,10,0,69,182.13,0,-6,-25,-1000,-1,0,0,0,,,,,,,,,
104,1783018061000,8544,8543,0,1,0,0,0,0,60,63,10,0,69,182.18,0,-8,-22,-1002,-1,0,0,0,,,,,,,,,
105,1783018061092,8636,8635,0,1,0,0,0,0,60,63,10,0,69,181.97,0,-7,-23,-999,-1,0,0,0,,,,,,,,,
106,1783018061183,8727,8726,0,1,0,0,0,0,60,63,10,0,69,182.03,0,-3,-22,-1000,-1,0,0,0,,,,,,,,,
107,1783018061276,8820,8820,0,1,0,0,0,0,61,63,10,0,69,182,0,-7,-23,-1002,-1,0,0,0,,,,,,,,,
108,1783018061368,8912,8911,0,1,0,0,0,0,61,63,10,0,69,182,0,-8,-23,-1000,-1,0,0,0,,,,,,,,,
109,1783018061462,9006,9005,0,1,0,0,0,0,61,63,10,0,69,182.23,0,-7,-22,-998,-1,0,0,0,,,,,,,,,
110,1783018061554,9098,9097,0,1,0,0,0,0,61,63,10,0,69,182.19,0,-7,-21,-999,-1,0,0,0,,,,,,,,,
111,1783018061646,9190,9190,0,1,0,0,0,0,61,63,10,0,69,182.26,0,-5,-22,-1002,-1,0,0,0,,,,,,,,,
112,1783018061739,9283,9282,0,1,0,0,0,0,61,63,10,0,69,182.06,0,-5,-21,-999,-1,0,0,0,,,,,,,,,
113,1783018061830,9374,9373,0,1,0,0,0,0,61,63,10,0,69,181.77,0,-7,-21,-999,-1,0,0,0,,,,,,,,,
114,1783018061919,9463,9462,0,1,0,0,0,0,61,63,10,0,69,182.25,0,-7,-20,-999,-1,0,0,0,,,,,,,,,
115,1783018062010,9554,9553,0,1,0,0,0,0,61,63,10,0,69,182.18,0,-7,-21,-1001,-1,0,0,0,,,,,,,,,
116,1783018062102,9646,9645,0,1,0,0,0,0,61,63,10,0,69,182.35,0,-7,-22,-996,-1,0,0,0,,,,,,,,,
117,1783018062194,9738,9737,0,1,0,0,0,0,61,62,10,0,69,182.16,0,-7,-22,-999,-1,0,0,0,,,,,,,,,
118,1783018062285,9829,9829,0,1,0,0,0,0,61,62,10,0,69,182.48,0,-6,-25,-1000,-1,0,0,0,,,,,,,,,
119,1783018062377,9921,9920,0,1,0,0,0,0,61,62,10,0,69,182.16,0,-6,-23,-998,-1,0,0,0,,,,,,,,,
120,1783018062469,10013,10012,0,1,0,0,0,0,61,62,10,0,69,182.05,0,-5,-23,-1000,-1,0,0,0,,,,,,,,,
121,1783018062561,10105,10104,0,1,0,0,0,0,61,62,10,0,69,181.94,0,-5,-23,-997,-1,0,0,0,,,,,,,,,
122,1783018062653,10197,10196,0,1,0,0,0,0,61,62,10,0,69,182.14,0,-11,-19,-996,-1,0,0,0,,,,,,,,,
123,1783018062707,10251,10251,0,1,0,0,0,0,61,62,10,0,69,182.31,0,-9,-24,-1000,-1,0,0,0,,,,,,,,,
124,1783018062790,10334,10334,0,1,0,0,0,0,61,62,10,0,69,182.22,0,-6,-22,-998,-1,0,0,0,,,,,,,,,
125,1783018062882,10426,10425,0,1,0,0,0,0,61,62,10,0,69,181.99,0,-5,-19,-996,-1,0,0,0,,,,,,,,,
126,1783018062976,10520,10519,0,1,0,0,0,0,61,62,10,0,69,182.12,0,-9,-19,-996,-1,0,0,0,,,,,,,,,
127,1783018063066,10610,10609,0,1,0,0,0,0,61,63,10,0,69,182.03,0,-7,-23,-999,-1,0,0,0,,,,,,,,,
128,1783018063157,10701,10701,0,1,0,0,0,0,61,63,10,0,69,182.34,0,-8,-22,-1001,-1,0,0,0,,,,,,,,,
129,1783018063249,10793,10792,0,1,0,0,0,0,61,63,10,0,69,182.31,0,-5,-24,-1000,-1,0,0,0,,,,,,,,,
130,1783018063341,10885,10884,0,1,0,0,0,0,61,63,10,0,69,182.29,0,-6,-23,-999,-1,0,0,0,,,,,,,,,
131,1783018063433,10977,10976,0,1,0,0,0,0,61,63,10,0,69,182.45,0,-9,-24,-998,-1,0,0,0,,,,,,,,,
132,1783018063525,11069,11068,0,1,0,0,0,0,61,63,10,0,69,182.43,0,-6,-21,-998,-1,0,0,0,,,,,,,,,
133,1783018063617,11161,11160,0,1,0,0,0,0,61,63,10,0,69,182.3,0,-5,-22,-998,-1,0,0,0,,,,,,,,,
134,1783018063709,11253,11253,0,1,0,0,0,0,61,63,10,0,69,182.23,0,-3,-20,-998,-1,0,0,0,,,,,,,,,
135,1783018063804,11348,11347,0,1,0,0,0,0,61,63,10,0,69,182.2,0,-6,-22,-999,-1,0,0,0,,,,,,,,,
136,1783018063911,11455,11454,0,1,0,0,0,0,61,63,10,0,69,182.16,0,-10,-24,-999,-1,0,0,0,,,,,,,,,
137,1783018063999,11543,11542,0,1,0,0,0,0,61,62,10,0,69,182,0,-8,-23,-999,-1,0,0,0,,,,,,,,,
138,1783018064089,11633,11632,0,1,0,0,0,0,61,62,10,0,69,182.33,0,-5,-23,-995,-1,0,0,0,,,,,,,,,
139,1783018064168,11712,11711,0,1,0,0,0,0,61,62,10,0,69,182.21,0,-5,-23,-1000,-1,0,0,0,,,,,,,,,
140,1783018064261,11805,11804,0,1,0,0,0,0,61,62,10,0,69,182.16,0,-6,-23,-999,-1,0,0,0,,,,,,,,,
141,1783018064353,11897,11896,0,1,0,0,0,0,61,62,10,0,69,182.25,0,-7,-23,-999,-1,0,0,0,,,,,,,,,
142,1783018064446,11990,11989,0,1,0,0,0,0,61,62,10,0,69,182.69,0,-5,-22,-999,-1,0,0,0,,,,,,,,,
143,1783018064540,12084,12083,0,1,0,0,0,0,61,62,10,0,69,182.16,0,-6,-22,-999,-1,0,0,0,,,,,,,,,
144,1783018064632,12176,12175,0,1,0,0,0,0,61,62,10,0,69,182.35,0,-6,-22,-998,-1,0,0,0,,,,,,,,,
145,1783018064723,12267,12266,0,1,0,0,0,0,61,62,10,0,69,182.2,0,-6,-23,-998,-1,0,0,0,,,,,,,,,
146,1783018064810,12354,12353,0,1,0,0,0,0,61,62,10,0,69,182.46,0,-7,-23,-998,-1,0,0,0,,,,,,,,,
147,1783018064901,12445,12445,0,1,0,0,0,0,61,63,10,0,69,182.17,0,-7,-22,-998,-1,0,0,0,,,,,,,,,
148,1783018064993,12537,12537,0,1,0,0,0,0,61,63,10,0,69,182.12,0,-6,-25,-999,-1,0,0,0,,,,,,,,,
149,1783018065085,12629,12628,0,1,0,0,0,0,61,63,10,0,69,182.4,0,-5,-24,-1001,-1,0,0,0,,,,,,,,,
150,1783018065178,12722,12721,0,1,0,0,0,0,61,63,10,0,68,182.23,0,-5,-25,-1000,-1,0,0,0,,,,,,,,,
151,1783018065270,12814,12813,0,1,0,0,0,0,61,63,10,0,68,182.27,0,-7,-23,-997,-1,0,0,0,,,,,,,,,
152,1783018065379,12923,12922,0,1,0,0,0,0,61,63,10,0,68,182.3,0,-6,-23,-998,-1,0,0,0,,,,,,,,,
153,1783018065462,13006,13005,0,1,0,0,0,0,61,63,10,0,68,182.29,0,-4,-21,-997,-1,0,0,0,,,,,,,,,
154,1783018065571,13115,13114,0,1,0,0,0,0,61,63,10,0,68,182.3,0,-7,-21,-998,-1,0,0,0,,,,,,,,,
155,1783018065611,13155,13154,0,1,0,0,0,0,61,63,10,0,68,182.28,0,-3,-23,-1001,-1,0,0,0,,,,,,,,,
156,1783018065710,13254,13253,0,1,0,0,0,0,61,63,10,0,68,182.2,0,-4,-22,-998,-1,0,0,0,,,,,,,,,
157,1783018065809,13353,13352,0,1,0,0,0,0,61,64,10,0,68,182.02,0,-5,-23,-999,-1,0,0,0,,,,,,,,,
158,1783018065908,13452,13452,0,1,0,0,0,0,61,64,10,0,68,182.42,0,-5,-22,-998,-1,0,0,0,,,,,,,,,
159,1783018066008,13552,13551,0,1,0,0,0,0,61,64,10,0,68,182.33,0,-5,-25,-1000,-1,0,0,0,,,,,,,,,
160,1783018066109,13653,13652,0,1,0,0,0,0,61,64,10,0,68,182.41,0,-5,-22,-999,-1,0,0,0,,,,,,,,,
161,1783018066208,13752,13751,0,1,0,0,0,0,61,64,10,0,68,182.03,0,-6,-23,-999,-1,0,0,0,,,,,,,,,
162,1783018066306,13850,13850,0,1,0,0,0,0,61,64,10,0,68,182.41,0,-7,-23,-999,-1,0,0,0,,,,,,,,,
163,1783018066405,13949,13949,0,1,0,0,0,0,61,64,10,0,68,182.22,0,-5,-24,-998,-1,0,0,0,,,,,,,,,
164,1783018066505,14049,14048,0,1,0,0,0,0,61,64,10,0,68,182.06,0,-6,-21,-997,-1,0,0,0,,,,,,,,,
165,1783018066604,14148,14147,0,1,0,0,0,0,61,64,10,0,68,182.23,0,-2,-22,-1001,-1,0,0,0,,,,,,,,,
166,1783018066703,14247,14246,0,1,0,0,0,0,61,64,10,0,68,182.1,0,-7,-23,-1000,-1,0,0,0,,,,,,,,,
167,1783018066802,14346,14345,0,1,0,0,0,0,61,64,10,0,68,181.98,0,-7,-23,-998,-1,0,0,0,,,,,,,,,
168,1783018066901,14445,14445,0,1,0,0,0,0,61,64,10,0,68,182.29,0,-5,-25,-999,-1,0,0,0,,,,,,,,,
169,1783018067001,14545,14544,0,1,0,0,0,0,61,64,10,0,68,182.46,0,-4,-22,-1000,-1,0,0,0,,,,,,,,,
170,1783018067100,14644,14643,0,1,0,0,0,0,61,64,10,0,68,182.1,0,-7,-22,-999,-1,0,0,0,,,,,,,,,
171,1783018067199,14743,14742,0,1,0,0,0,0,61,64,10,0,68,181.94,0,-6,-24,-999,-1,0,0,0,,,,,,,,,
172,1783018067298,14842,14842,0,1,0,0,0,0,61,64,10,0,68,181.95,0,-4,-22,-1000,-1,0,0,0,,,,,,,,,
173,1783018067402,14946,14945,0,1,0,0,0,0,61,64,10,0,68,182.42,0,-7,-25,-1000,-1,0,0,0,,,,,,,,,
174,1783018067499,15043,15043,0,1,0,0,0,0,61,64,10,0,68,182.15,0,-6,-21,-997,-1,0,0,0,,,,,,,,,
175,1783018067596,15140,15139,0,1,0,0,0,0,61,64,10,0,68,181.88,0,-8,-19,-1003,-1,0,0,0,,,,,,,,,
176,1783018067695,15239,15239,0,1,0,0,0,0,61,64,10,0,68,182.48,0,-7,-24,-1002,-1,0,0,0,,,,,,,,,
177,1783018067795,15339,15338,0,1,0,0,0,0,62,64,10,0,68,182.05,0,-9,-26,-1001,-1,0,0,0,,,,,,,,,
178,1783018067894,15438,15438,0,1,0,0,0,0,62,64,10,0,68,182.08,0,-21,-16,-976,-1,0,0,0,,,,,,,,,
179,1783018067993,15537,15536,0,1,0,0,0,0,62,64,10,0,68,182.08,0,0,-16,-996,-1,0,0,0,,,,,,,,,
180,1783018068092,15636,15635,0,1,0,0,0,0,62,64,10,0,68,182.03,0,10,-20,-1009,-1,0,0,0,,,,,,,,,
181,1783018068191,15735,15734,0,1,0,0,0,0,62,64,10,0,68,182.2,0,-3,-20,-999,-1,0,0,0,,,,,,,,,
182,1783018068290,15834,15834,0,1,0,0,0,0,62,64,10,0,68,181.97,0,-15,-17,-992,-1,0,0,0,,,,,,,,,
183,1783018068391,15935,15934,0,1,0,0,0,0,62,64,10,0,68,182.07,0,-8,-21,-996,-1,0,0,0,,,,,,,,,
184,1783018068489,16033,16032,0,1,0,0,0,0,62,64,10,0,68,182.19,0,3,-22,-1003,-1,0,0,0,,,,,,,,,
185,1783018068588,16132,16131,0,1,0,0,0,0,62,64,10,0,68,181.97,0,6,-20,-1004,-1,0,0,0,,,,,,,,,
186,1783018068687,16231,16230,0,1,0,0,0,0,62,64,10,0,68,182.06,0,-10,-17,-997,-1,0,0,0,,,,,,,,,
187,1783018068786,16330,16329,0,1,0,0,0,0,62,64,10,0,68,182.21,0,-14,-24,-997,-1,0,0,0,,,,,,,,,
188,1783018068885,16429,16428,0,1,0,0,0,0,62,64,10,0,68,182.13,0,-4,-22,-999,-1,0,0,0,,,,,,,,,
189,1783018068984,16528,16527,0,1,0,0,0,0,62,64,10,0,68,182.33,0,2,-17,-1001,-1,0,0,0,,,,,,,,,
190,1783018069083,16627,16627,0,1,0,0,0,0,62,64,10,0,68,182.03,0,-2,-16,-999,-1,0,0,0,,,,,,,,,
191,1783018069133,16677,16676,0,1,0,0,0,0,62,64,10,0,68,182.07,0,-9,-20,-998,-1,0,0,0,,,,,,,,,
192,1783018069232,16776,16775,0,1,0,0,0,0,62,64,10,0,68,182.04,0,-12,-23,-997,-1,0,0,0,,,,,,,,,
193,1783018069331,16875,16874,0,1,0,0,0,0,62,64,10,0,68,182.24,0,-3,-20,-999,-1,0,0,0,,,,,,,,,
194,1783018069430,16974,16973,0,1,0,0,0,0,62,64,10,0,68,182.26,0,0,-18,-998,-1,0,0,0,,,,,,,,,
195,1783018069529,17073,17072,0,1,0,0,0,0,62,64,10,0,68,182.1,0,-3,-20,-999,-1,0,0,0,,,,,,,,,
196,1783018069628,17172,17171,0,1,0,0,0,0,62,64,10,0,68,181.83,0,-8,-24,-1001,-1,0,0,0,,,,,,,,,
197,1783018069727,17271,17270,0,1,0,0,0,0,62,65,10,0,68,181.8,0,-4,-23,-998,-1,0,0,0,,,,,,,,,
198,1783018069826,17370,17369,0,1,0,0,0,0,62,65,10,0,68,182.28,0,-1,-23,-1001,-1,0,0,0,,,,,,,,,
199,1783018069929,17473,17472,0,1,0,0,0,0,62,65,10,0,68,182.36,0,-3,-18,-998,-1,0,0,0,,,,,,,,,
200,1783018070024,17568,17567,0,1,0,0,0,0,62,65,10,0,68,182.2,0,-4,-18,-997,-1,0,0,0,,,,,,,,,
201,1783018070124,17668,17667,0,1,0,0,0,0,62,65,10,0,68,181.8,0,-7,-18,-998,-1,0,0,0,,,,,,,,,
202,1783018070222,17766,17766,0,1,0,0,0,0,62,65,10,0,68,182.12,0,-4,-22,-995,-1,0,0,0,,,,,,,,,
203,1783018070321,17865,17865,0,1,0,0,0,0,62,65,10,0,68,182.13,0,1,-20,-999,-1,0,0,0,,,,,,,,,
204,1783018070455,17999,17998,0,1,0,0,0,0,62,65,10,0,68,182.44,0,-3,-20,-998,-1,0,0,0,,,,,,,,,
205,1783018070545,18089,18088,0,1,0,0,0,0,62,65,10,0,68,182.19,0,-4,-27,-1000,-1,0,0,0,,,,,,,,,
206,1783018070593,18137,18137,0,1,0,0,0,0,62,65,10,0,68,182.05,0,-1,-26,-1000,-1,0,0,0,,,,,,,,,
207,1783018070764,18308,18307,0,1,0,0,0,0,62,65,10,0,68,182.13,0,-1,-16,-1000,-1,0,0,0,,,,,,,,,
208,1783018070863,18407,18406,0,1,0,0,0,0,62,65,10,0,68,182.33,0,4,-48,-988,-1,0,0,0,,,,,,,,,
209,1783018070946,18490,18489,0,1,0,0,0,0,62,65,10,0,68,181.77,0,-5,-18,-993,-1,0,0,0,,,,,,,,,
210,1783018070990,18534,18533,0,1,0,0,0,0,62,65,10,0,68,182.35,0,-8,-14,-999,-1,0,0,0,,,,,,,,,
211,1783018071089,18633,18632,0,1,0,0,0,0,62,65,10,0,68,182.33,0,-6,-8,-994,-1,0,0,0,,,,,,,,,
212,1783018071188,18732,18731,0,1,0,0,0,0,62,65,10,0,68,182.08,0,-2,-20,-999,-1,0,0,0,,,,,,,,,
213,1783018071288,18832,18831,0,1,0,0,0,0,62,65,10,0,68,182.07,0,-5,-19,-999,-1,0,0,0,,,,,,,,,
214,1783018071386,18930,18930,0,1,0,0,0,0,62,65,10,0,68,182.07,0,-6,-19,-999,-1,0,0,0,,,,,,,,,
215,1783018071486,19030,19029,0,1,0,0,0,0,62,65,10,0,68,181.97,0,-3,-19,-1000,-1,0,0,0,,,,,,,,,
216,1783018071589,19133,19132,0,1,0,0,0,0,62,65,10,0,68,181.82,0,-1,-24,-1000,-1,0,0,0,,,,,,,,,
217,1783018071684,19228,19227,0,1,0,0,0,0,62,65,10,0,68,182.04,0,-2,-24,-1001,-1,0,0,0,,,,,,,,,
218,1783018071782,19326,19325,0,1,0,0,0,0,62,65,10,0,68,182.36,0,-3,-24,-997,-1,0,0,0,,,,,,,,,
219,1783018071881,19425,19425,0,1,0,0,0,0,62,65,10,0,68,182.06,0,-2,-22,-995,-1,0,0,0,,,,,,,,,
220,1783018071980,19524,19523,0,1,0,0,0,0,62,65,10,0,68,181.71,0,-2,-24,-1003,-1,0,0,0,,,,,,,,,
221,1783018072082,19626,19625,0,1,0,0,0,0,62,65,10,0,68,182.09,0,-4,-27,-1001,-1,0,0,0,,,,,,,,,
222,1783018072181,19725,19724,0,1,0,0,0,0,62,65,10,0,68,182.06,0,0,-24,-998,-1,0,0,0,,,,,,,,,
223,1783018072277,19821,19820,0,1,0,0,0,0,62,65,10,0,68,181.98,0,-1,-19,-998,-1,0,0,0,,,,,,,,,
224,1783018072376,19920,19920,0,1,0,0,0,0,62,65,10,0,68,182.27,0,-4,-19,-997,-1,0,0,0,,,,,,,,,
225,1783018072475,20019,20019,0,1,0,0,0,0,62,65,10,0,68,182.04,0,11,-38,-1001,-1,0,0,0,,,,,,,,,
226,1783018072574,20118,20118,0,1,0,0,0,0,62,65,10,0,68,182.07,0,1,-42,-1004,-1,0,0,0,,,,,,,,,
227,1783018072674,20218,20217,0,1,0,0,0,0,62,65,10,0,68,181.98,0,-4,-30,-1002,-1,0,0,0,,,,,,,,,
228,1783018072773,20317,20316,0,1,0,0,0,0,62,65,10,0,68,181.95,0,0,-6,-992,-1,0,0,0,,,,,,,,,
229,1783018072872,20416,20415,0,1,0,0,0,0,62,65,10,0,68,181.82,0,-1,-15,-1000,-1,0,0,0,,,,,,,,,
230,1783018072971,20515,20514,0,1,0,0,0,0,62,65,10,0,68,181.96,0,-6,-21,-997,-1,0,0,0,,,,,,,,,
231,1783018073070,20614,20613,0,1,0,0,0,0,62,65,10,0,68,181.78,0,-5,-28,-1003,-1,0,0,0,,,,,,,,,
232,1783018073171,20715,20714,0,1,0,0,0,0,62,65,10,0,68,182.18,0,-7,-9,-997,-1,0,0,0,,,,,,,,,
233,1783018073269,20813,20812,0,1,0,0,0,0,62,65,10,0,68,181.98,0,-2,-15,-999,-1,0,0,0,,,,,,,,,
234,1783018073368,20912,20911,0,1,0,0,0,0,62,65,10,0,68,182.1,0,-18,11,-1008,-1,0,0,0,,,,,,,,,
235,1783018073467,21011,21010,0,1,0,0,0,0,62,65,10,0,68,182.02,0,-13,20,-992,-1,0,0,0,,,,,,,,,
236,1783018073566,21110,21109,0,1,0,0,0,0,62,65,10,0,68,182.09,0,-10,3,-997,-1,0,0,0,,,,,,,,,
237,1783018073665,21209,21208,0,1,0,0,0,0,63,65,10,0,68,182.1,0,-11,-34,-998,-1,0,0,0,,,,,,,,,
238,1783018073764,21308,21307,0,1,0,0,0,0,63,65,10,0,68,182.06,0,-10,-13,-993,-1,0,0,0,,,,,,,,,
239,1783018073863,21407,21406,0,1,0,0,0,0,63,65,10,0,68,182.42,0,-3,-6,-998,-1,0,0,0,,,,,,,,,
240,1783018073962,21506,21505,0,1,0,0,0,0,63,65,10,0,68,182.12,0,-3,-11,-994,-1,0,0,0,,,,,,,,,
241,1783018074013,21557,21557,0,1,0,0,0,0,63,65,10,0,68,181.96,0,-2,-35,-1001,-1,0,0,0,,,,,,,,,
242,1783018074112,21656,21655,0,1,0,0,0,0,63,65,10,0,68,182.27,0,-2,-31,-1001,-1,0,0,0,,,,,,,,,
243,1783018074210,21754,21753,0,1,0,0,0,0,63,65,10,0,68,181.82,0,1,-55,-1013,-1,0,0,0,,,,,,,,,
244,1783018074309,21853,21852,0,1,0,0,0,0,63,65,10,0,68,182.08,0,-12,-21,-997,-1,0,0,0,,,,,,,,,
245,1783018074408,21952,21951,0,1,0,0,0,0,63,65,10,0,68,182.15,0,-6,-1,-995,-1,0,0,0,,,,,,,,,
246,1783018074507,22051,22050,0,1,0,0,0,0,63,65,10,0,68,182.16,0,-4,0,-993,-1,0,0,0,,,,,,,,,
247,1783018074606,22150,22149,0,1,0,0,0,0,63,65,10,0,68,181.97,0,-4,-33,-1002,-1,0,0,0,,,,,,,,,
248,1783018074705,22249,22248,0,1,0,0,0,0,63,65,10,0,68,181.87,0,-1,-24,-1001,-1,0,0,0,,,,,,,,,
249,1783018074804,22348,22347,0,1,0,0,0,0,63,65,10,0,68,182.16,0,0,-11,-984,-1,0,0,0,,,,,,,,,
250,1783018074903,22447,22446,0,1,0,0,0,0,63,65,10,0,68,182.21,0,-6,-14,-1002,-1,0,0,0,,,,,,,,,
251,1783018075002,22546,22545,0,1,0,0,0,0,63,65,10,0,68,182.22,0,-7,-16,-1001,-1,0,0,0,,,,,,,,,
252,1783018075101,22645,22645,0,1,0,0,0,0,63,65,10,0,68,182.01,0,-4,-23,-1000,-1,0,0,0,,,,,,,,,
253,1783018075200,22744,22744,0,1,0,0,0,0,63,65,10,0,68,181.93,0,-1,-23,-997,-1,0,0,0,,,,,,,,,
254,1783018075299,22843,22843,0,1,0,0,0,0,63,65,10,0,68,182,0,-3,-21,-1001,-1,0,0,0,,,,,,,,,
255,1783018075399,22943,22942,0,1,0,0,0,0,63,65,10,0,68,181.98,0,-1,-19,-1001,-1,0,0,0,,,,,,,,,
256,1783018075499,23043,23042,0,1,0,0,0,0,63,65,10,0,68,181.99,0,-3,-23,-1000,-1,0,0,0,,,,,,,,,
257,1783018075598,23142,23141,0,1,0,0,0,0,63,66,10,0,68,182.34,0,-3,-20,-1000,-1,0,0,0,,,,,,,,,
258,1783018075696,23240,23239,0,1,0,0,0,0,63,66,10,0,68,182.22,0,-2,-23,-1000,-1,0,0,0,,,,,,,,,
259,1783018075795,23339,23338,0,1,0,0,0,0,63,66,10,0,68,182.1,0,-3,-19,-999,-1,0,0,0,,,,,,,,,
260,1783018075899,23443,23443,0,1,0,0,0,0,63,66,10,0,68,181.91,0,-4,-19,-999,-1,0,0,0,,,,,,,,,
261,1783018075994,23538,23537,0,1,0,0,0,0,63,66,10,0,68,182.05,0,-5,-19,-999,-1,0,0,0,,,,,,,,,
262,1783018076092,23636,23635,0,1,0,0,0,0,63,66,10,0,68,182.08,0,-5,-17,-997,-1,0,0,0,,,,,,,,,
263,1783018076191,23735,23735,0,1,0,0,0,0,63,66,10,0,68,181.98,0,-4,-18,-1001,-1,0,0,0,,,,,,,,,
264,1783018076290,23834,23833,0,1,0,0,0,0,63,66,10,0,68,182.03,0,-4,-18,-996,-1,0,0,0,,,,,,,,,
265,1783018076389,23933,23932,0,1,0,0,0,0,63,66,10,0,68,182.48,0,-3,-19,-1002,-1,0,0,0,,,,,,,,,
266,1783018076488,24032,24031,0,1,0,0,0,0,63,66,10,0,68,181.87,0,-5,-19,-999,-1,0,0,0,,,,,,,,,
267,1783018076587,24131,24130,0,1,0,0,0,0,63,66,10,0,68,181.88,0,-5,-18,-1000,-1,0,0,0,,,,,,,,,
268,1783018076686,24230,24230,0,1,0,0,0,0,63,66,10,0,68,182.11,0,-4,-19,-1001,-1,0,0,0,,,,,,,,,
269,1783018076787,24331,24330,0,1,0,0,0,0,63,66,10,0,68,182.13,0,-3,-20,-998,-1,0,0,0,,,,,,,,,
270,1783018076885,24429,24428,0,1,0,0,0,0,63,66,10,0,68,181.9,0,-5,-20,-1000,-1,0,0,0,,,,,,,,,
271,1783018076984,24528,24527,0,1,0,0,0,0,63,66,10,0,68,182.47,0,-4,-20,-998,-1,0,0,0,,,,,,,,,
272,1783018077086,24630,24629,0,1,0,0,0,0,63,66,10,0,68,181.92,0,-3,-18,-1001,-1,0,0,0,,,,,,,,,
273,1783018077185,24729,24728,0,1,0,0,0,0,63,66,10,0,68,182.23,0,-5,-21,-1000,-1,0,0,0,,,,,,,,,
274,1783018077283,24827,24826,0,1,0,0,0,0,63,66,10,0,68,182.03,0,-4,-20,-1001,-1,0,0,0,,,,,,,,,
275,1783018077332,24876,24875,0,1,0,0,0,0,63,66,10,0,68,182.1,0,-5,-20,-1001,-1,0,0,0,,,,,,,,,
276,1783018077431,24975,24974,0,1,0,0,0,0,63,66,10,0,68,182.03,0,-4,-20,-997,-1,0,0,0,,,,,,,,,
277,1783018077530,25074,25074,0,1,0,0,0,0,63,65,10,0,68,182.44,0,-4,-19,-999,-1,0,0,0,,,,,,,,,
278,1783018077630,25174,25173,0,1,0,0,0,0,63,65,10,0,68,182.02,0,-4,-20,-999,-1,0,0,0,,,,,,,,,
279,1783018077729,25273,25272,0,1,0,0,0,0,63,65,10,0,68,182.19,0,-4,-20,-998,-1,0,0,0,,,,,,,,,
280,1783018077828,25372,25371,0,1,0,0,0,0,63,65,10,0,68,181.84,0,-4,-18,-999,-1,0,0,0,,,,,,,,,
281,1783018077927,25471,25471,0,1,0,0,0,0,63,65,10,0,68,181.97,0,-2,-20,-1000,-1,0,0,0,,,,,,,,,
282,1783018078027,25571,25571,0,1,0,0,0,0,63,65,10,0,68,181.96,0,-4,-20,-999,-1,0,0,0,,,,,,,,,
283,1783018078128,25672,25671,0,1,0,0,0,0,63,65,10,0,68,182.11,0,-4,-20,-999,-1,0,0,0,,,,,,,,,
284,1783018078225,25769,25768,0,1,0,0,0,0,63,65,10,0,68,182.28,0,-4,-20,-998,-1,0,0,0,,,,,,,,,
285,1783018078325,25869,25868,0,1,0,0,0,0,63,65,10,0,68,182,0,-4,-19,-998,-1,0,0,0,,,,,,,,,
286,1783018078424,25968,25967,0,1,0,0,0,0,63,65,10,0,68,181.79,0,-3,-21,-999,-1,0,0,0,,,,,,,,,
287,1783018078523,26067,26066,0,1,0,0,0,0,64,66,10,0,68,182.11,0,-3,-19,-998,-1,0,0,0,,,,,,,,,
288,1783018078622,26166,26166,0,1,0,0,0,0,64,66,10,0,68,182.17,0,-4,-19,-997,-1,0,0,0,,,,,,,,,
289,1783018078722,26266,26265,0,1,0,0,0,0,64,66,10,0,68,182.22,0,-3,-18,-1001,-1,0,0,0,,,,,,,,,
290,1783018078821,26365,26364,0,1,0,0,0,0,64,66,10,0,68,182.29,0,-4,-20,-996,-1,0,0,0,,,,,,,,,
291,1783018078927,26471,26470,0,1,0,0,0,0,64,66,10,0,68,182.31,0,-2,-21,-998,-1,0,0,0,,,,,,,,,
292,1783018079022,26566,26565,0,1,0,0,0,0,64,66,10,0,68,182.07,0,-4,-19,-997,-1,0,0,0,,,,,,,,,
293,1783018079121,26665,26664,0,1,0,0,0,0,64,66,10,0,68,182.03,0,-4,-20,-997,-1,0,0,0,,,,,,,,,
294,1783018079218,26762,26761,0,1,0,0,0,0,64,66,10,0,68,182.11,0,-4,-20,-996,-1,0,0,0,,,,,,,,,
295,1783018079317,26861,26861,0,1,0,0,0,0,64,66,10,0,68,182.12,0,-3,-19,-1000,-1,0,0,0,,,,,,,,,
296,1783018079417,26961,26960,0,1,0,0,0,0,64,66,10,0,68,182.09,0,-3,-18,-1000,-1,0,0,0,,,,,,,,,
297,1783018079516,27060,27059,0,1,0,0,0,0,64,66,10,0,68,182.02,0,-4,-19,-997,-1,0,0,0,,,,,,,,,
298,1783018079616,27160,27159,0,1,0,0,0,0,64,66,10,0,68,182.18,0,-3,-20,-996,-1,0,0,0,,,,,,,,,
299,1783018079715,27259,27258,0,1,0,0,0,0,64,66,10,0,68,182.05,0,-3,-20,-997,-1,0,0,0,,,,,,,,,
300,1783018079815,27359,27358,0,1,0,0,0,0,64,66,10,0,68,181.89,0,-4,-19,-1000,-1,0,0,0,,,,,,,,,
301,1783018079913,27457,27456,0,1,0,0,0,0,64,66,10,0,68,181.99,0,-1,-21,-997,-1,0,0,0,,,,,,,,,
302,1783018080012,27556,27555,0,1,0,0,0,0,64,66,10,0,68,181.75,0,-3,-18,-998,-1,0,0,0,,,,,,,,,
303,1783018080112,27656,27655,0,1,0,0,0,0,64,66,10,0,68,182.25,0,-3,-19,-999,-1,0,0,0,,,,,,,,,
304,1783018080211,27755,27754,0,1,0,0,0,0,64,66,10,0,68,182.35,0,-5,-19,-996,-1,0,0,0,,,,,,,,,
305,1783018080317,27861,27860,0,1,0,0,0,0,64,66,10,0,68,182.21,0,-4,-18,-998,-1,0,0,0,,,,,,,,,
306,1783018080414,27958,27958,0,1,0,0,0,0,64,66,10,0,68,182.17,0,-4,-19,-1001,-1,0,0,0,,,,,,,,,
307,1783018080509,28053,28052,0,1,0,0,0,0,64,66,10,0,68,182.17,0,-3,-19,-1000,-1,0,0,0,,,,,,,,,
308,1783018080608,28152,28151,0,1,0,0,0,0,64,66,10,0,68,181.83,0,-3,-20,-1000,-1,0,0,0,,,,,,,,,
309,1783018080707,28251,28250,0,1,0,0,0,0,64,66,10,0,68,181.88,0,-3,-20,-997,-1,0,0,0,,,,,,,,,
310,1783018080757,28301,28300,0,1,0,0,0,0,64,66,10,0,68,182.04,0,-3,-19,-1002,-1,0,0,0,,,,,,,,,
311,1783018080856,28400,28399,0,1,0,0,0,0,64,66,10,0,68,181.8,0,-2,-19,-996,-1,0,0,0,,,,,,,,,
312,1783018080956,28500,28499,0,1,0,0,0,0,64,66,10,0,68,181.95,0,-3,-20,-998,-1,0,0,0,,,,,,,,,
313,1783018081055,28599,28598,0,1,0,0,0,0,64,66,10,0,68,181.87,0,-3,-20,-997,-1,0,0,0,,,,,,,,,
314,1783018081154,28698,28697,0,1,0,0,0,0,64,66,10,0,68,182,0,-3,-20,-998,-1,0,0,0,,,,,,,,,
315,1783018081253,28797,28797,0,1,0,0,0,0,64,66,10,0,68,181.79,0,-2,-20,-1001,-1,0,0,0,,,,,,,,,
316,1783018081353,28897,28896,0,1,0,0,0,0,64,66,10,0,68,182.1,0,-2,-21,-997,-1,0,0,0,,,,,,,,,
317,1783018081452,28996,28995,0,1,0,0,0,0,64,66,10,0,68,182.13,0,-5,-19,-997,-1,0,0,0,,,,,,,,,
318,1783018081551,29095,29094,0,1,0,0,0,0,64,66,10,0,68,181.98,0,-3,-20,-998,-1,0,0,0,,,,,,,,,
319,1783018081650,29194,29194,0,1,0,0,0,0,64,66,10,0,68,181.96,0,-5,-21,-1001,-1,0,0,0,,,,,,,,,
320,1783018081750,29294,29293,0,1,0,0,0,0,64,66,10,0,68,182,0,-3,-21,-998,-1,0,0,0,,,,,,,,,
321,1783018081849,29393,29392,0,1,0,0,0,0,64,66,10,0,68,182.07,0,-3,-20,-997,-1,0,0,0,,,,,,,,,
322,1783018081948,29492,29491,0,1,0,0,0,0,64,66,10,0,68,182.13,0,-3,-19,-998,-1,0,0,0,,,,,,,,,
323,1783018082049,29593,29592,0,1,0,0,0,0,64,66,10,0,68,182.04,0,-3,-20,-998,-1,0,0,0,,,,,,,,,
324,1783018082149,29693,29692,0,1,0,0,0,0,64,66,10,0,68,182.07,0,-3,-19,-1002,-1,0,0,0,,,,,,,,,
325,1783018082248,29792,29791,0,1,0,0,0,0,64,66,10,0,68,181.94,0,-4,-20,-995,-1,0,0,0,,,,,,,,,
326,1783018082348,29892,29891,0,1,0,0,0,0,64,66,10,0,68,182.06,0,-3,-20,-1002,-1,0,0,0,,,,,,,,,
327,1783018082446,29990,29989,0,1,0,0,0,0,65,66,10,0,68,182.25,0,-2,-18,-998,-1,0,0,0,,,,,,,,,
328,1783018082545,30089,30088,0,1,0,0,0,0,65,66,10,0,68,181.84,0,-2,-21,-999,-1,0,0,0,,,,,,,,,
329,1783018082644,30188,30187,0,1,0,0,0,0,65,66,10,0,68,181.84,0,-4,-19,-999,-1,0,0,0,,,,,,,,,
330,1783018082744,30288,30287,0,1,0,0,0,0,65,66,10,0,67,181.76,0,-3,-19,-998,-1,0,0,0,,,,,,,,,
331,1783018082843,30387,30386,0,1,0,0,0,0,65,66,10,0,67,181.89,0,-4,-19,-998,-1,0,0,0,,,,,,,,,
332,1783018082942,30486,30485,0,1,0,0,0,0,65,66,10,0,67,182.08,0,-1,-20,-997,-1,0,0,0,,,,,,,,,
333,1783018083041,30585,30585,0,1,0,0,0,0,65,66,10,0,67,181.63,0,-2,-20,-998,-1,0,0,0,,,,,,,,,
334,1783018083141,30685,30684,0,1,0,0,0,0,65,66,10,0,67,181.79,0,-3,-19,-1000,-1,0,0,0,,,,,,,,,
335,1783018083241,30785,30784,0,1,0,0,0,0,65,66,10,0,67,181.84,0,-4,-18,-998,-1,0,0,0,,,,,,,,,
336,1783018083339,30883,30882,0,1,0,0,0,0,65,66,10,0,67,182,0,-2,-18,-999,-1,0,0,0,,,,,,,,,
337,1783018083438,30982,30982,0,1,0,0,0,0,65,66,10,0,67,182.02,0,-5,-18,-999,-1,0,0,0,,,,,,,,,
338,1783018083538,31082,31081,0,1,0,0,0,0,65,66,10,0,67,182.19,0,-4,-18,-998,-1,0,0,0,,,,,,,,,
339,1783018083637,31181,31180,0,1,0,0,0,0,65,66,10,0,67,181.83,0,-3,-18,-999,-1,0,0,0,,,,,,,,,
340,1783018083737,31281,31280,0,1,0,0,0,0,65,66,10,0,67,182.17,0,-3,-18,-996,-1,0,0,0,,,,,,,,,
341,1783018083788,31332,31331,0,1,0,0,0,0,65,66,10,0,67,181.88,0,-2,-20,-1001,-1,0,0,0,,,,,,,,,
342,1783018083889,31433,31432,0,1,0,0,0,0,65,66,10,0,67,181.83,0,-4,-19,-1000,-1,0,0,0,,,,,,,,,
343,1783018083992,31536,31535,0,1,0,0,0,0,65,66,10,0,67,181.88,0,-3,-25,-996,-1,0,0,0,,,,,,,,,
344,1783018084089,31633,31632,0,1,0,0,0,0,65,66,10,0,67,181.97,0,-1,-21,-1000,-1,0,0,0,,,,,,,,,
345,1783018084190,31734,31734,0,1,0,0,0,0,65,66,10,0,67,181.65,0,-4,-21,-1000,-1,0,0,0,,,,,,,,,
346,1783018084290,31834,31833,0,1,0,0,0,0,65,66,10,0,67,182,0,-5,-19,-1000,-1,0,0,0,,,,,,,,,
347,1783018084383,31927,31926,0,1,0,0,0,0,65,67,10,0,67,182.21,0,-2,-17,-1001,-1,0,0,0,,,,,,,,,
348,1783018084482,32026,32026,0,1,0,0,0,0,65,67,10,0,67,181.9,0,-2,-20,-996,-1,0,0,0,,,,,,,,,
349,1783018085697,33241,32132,0,1,0,0,0,0,65,67,10,0,67,181.82,0,-2,-21,-998,-1,0,0,0,,,,,,,,,
350,1783018085790,33334,32226,0,1,0,0,0,0,65,67,10,0,67,181.87,0,-3,-20,-999,-1,0,0,0,,,,,,,,,
351,1783018085891,33435,32326,0,1,0,0,0,0,65,67,10,0,67,181.84,0,-3,-20,-1001,-1,0,0,0,,,,,,,,,
352,1783018085992,33536,32427,0,1,0,0,0,0,65,67,10,0,67,181.54,0,-2,-21,-995,-1,0,0,0,,,,,,,,,
353,1783018086093,33637,32528,0,1,0,0,0,0,65,67,10,0,67,181.86,0,-2,-23,-999,-1,0,0,0,,,,,,,,,
354,1783018086194,33738,32629,0,1,0,0,0,0,65,67,10,0,67,181.73,0,-2,-21,-1001,-1,0,0,0,,,,,,,,,
355,1783018086295,33839,32731,0,1,0,0,0,0,65,67,10,0,67,182.1,0,-4,-21,-998,-1,0,0,0,,,,,,,,,
356,1783018086396,33940,32831,0,1,0,0,0,0,65,67,10,0,67,181.59,0,-3,-21,-1001,-1,0,0,0,,,,,,,,,
357,1783018086497,34041,32933,0,1,0,0,0,0,65,67,10,0,67,181.94,0,-2,-21,-999,-1,0,0,0,,,,,,,,,
358,1783018086598,34142,33034,0,1,0,0,0,0,65,67,10,0,67,182,0,0,-20,-999,-1,0,0,0,,,,,,,,,
359,1783018086699,34243,33135,0,1,0,0,0,0,65,67,10,0,67,181.59,0,-3,-18,-1000,-1,0,0,0,,,,,,,,,
360,1783018086800,34344,33236,0,1,0,0,0,0,65,67,10,0,67,181.66,0,-3,-18,-1000,-1,0,0,0,,,,,,,,,
361,1783018086901,34445,33337,0,1,0,0,0,0,65,67,10,0,67,181.83,0,-3,-20,-999,-1,0,0,0,,,,,,,,,
362,1783018087002,34546,33438,0,1,0,0,0,0,65,67,10,0,67,181.8,0,-1,-19,-1000,-1,0,0,0,,,,,,,,,
363,1783018087103,34647,33539,0,1,0,0,0,0,65,67,10,0,67,181.62,0,-1,-19,-996,-1,0,0,0,,,,,,,,,
364,1783018087204,34748,33640,0,1,0,0,0,0,65,67,10,0,67,181.71,0,-2,-17,-1001,-1,0,0,0,,,,,,,,,
365,1783018087307,34851,33743,0,1,0,0,0,0,65,67,10,0,67,181.92,0,-2,-21,-1000,-1,0,0,0,,,,,,,,,
366,1783018087407,34951,33843,0,1,0,0,0,0,65,67,10,0,67,181.82,0,-2,-20,-1000,-1,0,0,0,,,,,,,,,
367,1783018087507,35051,33943,0,1,0,0,0,0,65,68,10,0,67,181.69,0,-4,-19,-998,-1,0,0,0,,,,,,,,,
368,1783018087608,35152,34044,0,1,0,0,0,0,65,68,10,0,67,181.86,0,-4,-17,-1001,-1,0,0,0,,,,,,,,,
369,1783018087709,35253,34145,0,1,0,0,0,0,65,68,10,0,67,181.75,0,-2,-19,-998,-1,0,0,0,,,,,,,,,
370,1783018087810,35354,34246,0,1,0,0,0,0,65,68,10,0,67,181.68,0,-1,-20,-1000,-1,0,0,0,,,,,,,,,
371,1783018087911,35455,34347,0,1,0,0,0,0,65,68,10,0,67,182.03,0,-1,-20,-996,-1,0,0,0,,,,,,,,,
372,1783018087962,35506,34397,0,1,0,0,0,0,65,68,10,0,67,181.74,0,-2,-20,-996,-1,0,0,0,,,,,,,,,
373,1783018088065,35609,34500,0,1,0,0,0,0,65,68,10,0,67,181.8,0,-2,-19,-997,-1,0,0,0,,,,,,,,,
374,1783018088167,35711,34603,0,1,0,0,0,0,65,68,10,0,67,181.71,0,-2,-21,-999,-1,0,0,0,,,,,,,,,
375,1783018088267,35811,34703,0,1,0,0,0,0,65,68,10,0,67,181.72,0,-2,-20,-1004,-1,0,0,0,,,,,,,,,
376,1783018088373,35917,34809,0,1,0,0,0,0,65,68,10,0,67,181.73,0,-2,-20,-1000,-1,0,0,0,,,,,,,,,
377,1783018088468,36012,34904,0,1,0,0,0,0,65,68,10,0,67,182.08,0,-4,-21,-998,-1,0,0,0,,,,,,,,,
378,1783018088569,36113,35005,0,1,0,0,0,0,65,68,10,0,67,181.89,0,-2,-19,-1002,-1,0,0,0,,,,,,,,,
379,1783018088670,36214,35106,0,1,0,0,0,0,65,68,10,0,67,181.64,0,-2,-18,-998,-1,0,0,0,,,,,,,,,
380,1783018088771,36315,35207,0,1,0,0,0,0,65,68,10,0,67,181.59,0,0,-20,-998,-1,0,0,0,,,,,,,,,
381,1783018088872,36416,35308,0,1,0,0,0,0,65,68,10,0,67,182,0,-1,-21,-998,-1,0,0,0,,,,,,,,,
382,1783018088973,36517,35409,0,1,0,0,0,0,65,68,10,0,67,181.66,0,-2,-22,-1002,-1,0,0,0,,,,,,,,,
383,1783018089074,36618,35510,0,1,0,0,0,0,65,68,10,0,67,181.86,0,-2,-21,-1001,-1,0,0,0,,,,,,,,,
384,1783018089175,36719,35611,0,1,0,0,0,0,65,68,10,0,67,181.96,0,4,-21,-993,-1,0,0,0,,,,,,,,,
385,1783018089276,36820,35712,0,1,0,0,0,0,65,68,10,0,67,181.56,0,-1,-22,-1001,-1,0,0,0,,,,,,,,,
386,1783018089377,36921,35813,0,1,0,0,0,0,65,68,10,0,67,181.62,0,-7,-23,-1005,-1,0,0,0,,,,,,,,,
387,1783018089479,37023,35914,0,1,0,0,0,0,65,68,10,0,67,181.68,0,-6,-21,-1001,-1,0,0,0,,,,,,,,,
388,1783018089579,37123,36015,0,1,0,0,0,0,65,68,10,0,67,181.56,0,-1,-13,-998,-1,0,0,0,,,,,,,,,
389,1783018089681,37225,36116,0,1,0,0,0,0,65,68,10,0,67,181.67,0,-16,9,-949,-1,0,0,0,,,,,,,,,
390,1783018089782,37326,36217,0,1,0,0,0,0,65,68,10,0,67,181.82,0,-16,-3,-968,-1,0,0,0,,,,,,,,,
391,1783018089883,37427,36319,0,1,0,0,0,0,65,68,10,0,67,181.42,0,-7,-12,-1002,-1,0,0,0,,,,,,,,,
392,1783018089983,37527,36419,0,1,0,0,0,0,65,68,10,0,67,181.56,0,-2,-17,-1002,-1,0,0,0,,,,,,,,,
393,1783018090084,37628,36520,0,1,0,0,0,0,65,68,10,0,67,181.68,0,-2,-24,-1000,-1,0,0,0,,,,,,,,,
394,1783018090186,37730,36621,0,1,0,0,0,0,65,68,10,0,67,181.66,0,3,-41,-1003,-1,0,0,0,,,,,,,,,
395,1783018090287,37831,36722,0,1,0,0,0,0,65,68,10,0,67,181.62,0,48,-45,-1021,-1,0,0,0,,,,,,,,,
396,1783018090388,37932,36823,0,1,0,0,0,0,65,68,10,0,67,181.51,0,52,-66,-1002,-1,0,0,0,,,,,,,,,
397,1783018090489,38033,36924,0,1,0,0,0,0,65,68,10,0,67,181.82,0,13,-74,-1012,-1,0,0,0,,,,,,,,,
398,1783018090590,38134,37025,0,1,0,0,0,0,65,68,10,0,67,181.65,0,-1,-63,-1013,-1,0,0,0,,,,,,,,,
399,1783018090691,38235,37126,0,1,0,0,0,0,65,68,10,0,67,181.83,0,2,-21,-1002,-1,0,0,0,,,,,,,,,
400,1783018090792,38336,37227,0,1,0,0,0,0,65,68,10,0,67,181.93,0,-4,12,-990,-1,0,0,0,,,,,,,,,
401,1783018090893,38437,37328,0,1,0,0,0,0,65,68,10,0,67,181.76,0,-8,-13,-968,-1,0,0,0,,,,,,,,,
402,1783018090994,38538,37429,0,1,0,0,0,0,65,68,10,0,67,181.59,0,-10,-11,-994,-1,0,0,0,,,,,,,,,
403,1783018091095,38639,37531,0,1,0,0,0,0,65,68,10,0,67,181.53,0,-8,-9,-1000,-1,0,0,0,,,,,,,,,
404,1783018091196,38740,37632,0,1,0,0,0,0,65,68,10,0,67,181.6,0,-1,-30,-1003,-1,0,0,0,,,,,,,,,
405,1783018091246,38790,37682,0,1,0,0,0,0,65,68,10,0,67,181.86,0,6,-46,-1007,-1,0,0,0,,,,,,,,,
406,1783018091347,38891,37783,0,1,0,0,0,0,65,68,10,0,67,181.74,0,10,-39,-1002,-1,0,0,0,,,,,,,,,
407,1783018091448,38992,37884,0,1,0,0,0,0,65,68,10,0,67,181.8,0,8,-34,-1004,-1,0,0,0,,,,,,,,,
408,1783018091550,39094,37985,0,1,0,0,0,0,65,68,10,0,67,181.43,0,-2,-26,-996,-1,0,0,0,,,,,,,,,
409,1783018091650,39194,38086,0,1,0,0,0,0,65,68,10,0,67,181.67,0,-3,-26,-999,-1,0,0,0,,,,,,,,,
410,1783018091752,39296,38187,0,1,0,0,0,0,65,68,10,0,67,181.79,0,-3,-17,-998,-1,0,0,0,,,,,,,,,
411,1783018091853,39397,38288,0,1,0,0,0,0,65,68,10,0,67,181.64,0,-2,-11,-997,-1,0,0,0,,,,,,,,,
412,1783018091954,39498,38390,0,1,0,0,0,0,65,68,10,0,67,181.43,0,-8,-8,-996,-1,0,0,0,,,,,,,,,
413,1783018092055,39599,38490,0,1,0,0,0,0,65,68,10,0,67,181.76,0,-9,-11,-992,-1,0,0,0,,,,,,,,,
414,1783018092156,39700,38591,0,1,0,0,0,0,65,68,10,0,67,181.51,0,-7,-12,-998,-1,0,0,0,,,,,,,,,
415,1783018092257,39801,38693,0,1,0,0,0,0,65,68,10,0,67,181.86,0,-5,-10,-996,-1,0,0,0,,,,,,,,,
416,1783018092359,39903,38795,0,1,0,0,0,0,65,68,10,0,67,181.5,0,-3,-14,-998,-1,0,0,0,,,,,,,,,
417,1783018092460,40004,38896,0,1,0,0,0,0,66,68,10,0,67,181.84,0,0,-22,-998,-1,0,0,0,,,,,,,,,
418,1783018092560,40104,38995,0,1,0,0,0,0,66,68,10,0,67,181.42,0,4,-2,-983,-1,0,0,0,,,,,,,,,
419,1783018092661,40205,39097,0,1,0,0,0,0,66,68,10,0,67,181.5,0,22,-37,-1008,-1,0,0,0,,,,,,,,,
420,1783018092762,40306,39198,0,1,0,0,0,0,66,68,10,0,67,181.59,0,15,-53,-1008,-1,0,0,0,,,,,,,,,
421,1783018092863,40407,39299,0,1,0,0,0,0,66,68,10,0,67,181.64,0,11,-75,-1014,-1,0,0,0,,,,,,,,,
422,1783018092964,40508,39400,0,1,0,0,0,0,66,68,10,0,67,181.28,0,13,-47,-1008,-1,0,0,0,,,,,,,,,
423,1783018093066,40610,39501,0,1,0,0,0,0,66,68,10,0,67,181.57,0,13,-36,-1007,-1,0,0,0,,,,,,,,,
424,1783018093167,40711,39602,0,1,0,0,0,0,66,68,10,0,67,181.87,0,42,-44,-1008,-1,0,0,0,,,,,,,,,
425,1783018093268,40812,39703,0,1,0,0,0,0,66,68,10,0,67,181.31,0,20,-71,-1026,-1,0,0,0,,,,,,,,,
426,1783018093368,40912,39804,0,1,0,0,0,0,66,68,10,0,67,181.86,0,-6,-57,-1000,-1,0,0,0,,,,,,,,,
427,1783018093471,41015,39906,0,1,0,0,0,0,65,68,10,0,67,181.74,0,-12,4,-987,-1,0,0,0,,,,,,,,,
428,1783018093570,41114,40006,0,1,0,0,0,0,65,68,10,0,67,182.07,0,-12,16,-990,-1,0,0,0,,,,,,,,,
429,1783018093671,41215,40107,0,0,0,0,0,0,65,68,10,0,67,181.73,0,-20,28,-981,-1,0,0,0,,,,,,,,,
430,1783018093766,41310,40202,0,1,0,0,0,0,65,68,10,0,67,181.77,0,-33,27,-981,-1,0,0,0,,,,,,,,,
431,1783018093858,41402,40294,0,0,0,0,0,0,65,68,10,0,67,181.71,0,-4,-19,-1005,-1,0,0,0,,,,,,,,,
432,1783018093951,41495,40387,0,0,0,0,0,0,65,68,10,0,67,181.62,0,12,-51,-1007,-1,0,0,0,,,,,,,,,
433,1783018094044,41588,40480,0,0,0,0,0,0,65,68,10,0,67,181.69,0,15,-66,-1007,-1,0,0,0,,,,,,,,,
434,1783018094137,41681,40573,0,0,0,0,0,0,65,68,10,0,67,181.91,0,21,-59,-1011,-1,0,0,0,,,,,,,,,
435,1783018094232,41776,40668,0,0,0,0,0,0,65,68,10,0,67,181.65,0,36,-65,-1027,-1,0,0,0,,,,,,,,,
436,1783018094319,41863,40755,0,0,0,0,0,0,65,68,10,0,67,181.54,0,36,-57,-1006,-1,0,0,0,,,,,,,,,
437,1783018094412,41956,40848,0,0,0,1,0,0,65,68,10,0,67,181.67,0,2,-48,-1002,-1,0,0,0,,,,,,,,,
438,1783018094504,42048,40940,0,0,0,1,0,0,65,68,10,0,67,181.63,0,-13,-22,-997,-1,0,0,0,,,,,,,,,
439,1783018094596,42140,41031,0,0,0,0,0,0,65,68,10,0,66,181.65,0,-12,2,-994,-1,0,0,0,,,,,,,,,
440,1783018094642,42186,41077,0,0,0,0,0,0,65,68,10,0,66,181.96,0,-12,18,-988,-1,0,0,0,,,,,,,,,
441,1783018094734,42278,41170,0,0,0,0,0,0,65,68,10,0,66,182.01,0,-22,18,-981,-1,0,0,0,,,,,,,,,
442,1783018094826,42370,41262,0,0,0,0,0,0,65,68,10,0,66,181.64,0,-22,6,-990,-1,0,0,0,,,,,,,,,
443,1783018094919,42463,41354,0,0,0,0,0,0,65,68,10,0,66,181.74,0,-9,-5,-996,-1,0,0,0,,,,,,,,,
444,1783018095012,42556,41447,0,0,0,0,0,0,65,68,10,0,66,181.77,0,0,-15,-998,-1,0,0,0,,,,,,,,,
445,1783018095103,42647,41538,0,0,0,0,0,0,65,68,10,0,66,181.68,0,4,-32,-1004,-1,0,0,0,,,,,,,,,
446,1783018095195,42739,41631,0,0,0,0,0,0,65,68,10,0,66,181.84,0,6,-43,-1007,-1,0,0,0,,,,,,,,,
447,1783018095296,42840,41732,0,0,0,0,0,0,65,67,10,0,66,181.72,0,6,-41,-1010,-1,0,0,0,,,,,,,,,
448,1783018095386,42930,41821,0,0,0,0,0,0,65,67,10,0,66,181.78,0,9,-38,-1006,-1,0,0,0,,,,,,,,,
449,1783018095474,43018,41910,0,0,0,0,0,0,65,67,10,0,66,181.63,0,6,-32,-1006,-1,0,0,0,,,,,,,,,
450,1783018095563,43107,41999,0,0,0,0,0,0,65,67,10,0,66,181.6,0,0,-24,-1003,-1,0,0,0,,,,,,,,,
451,1783018095656,43200,42091,0,0,0,0,0,0,65,67,10,0,66,181.67,0,-6,-18,-997,-1,0,0,0,,,,,,,,,
452,1783018095748,43292,42184,0,0,0,0,0,0,65,67,10,0,66,181.7,0,-9,-10,-994,-1,0,0,0,,,,,,,,,
453,1783018095841,43385,42276,0,0,0,0,0,0,65,67,10,0,66,181.82,0,-8,-8,-994,-1,0,0,0,,,,,,,,,
454,1783018095932,43476,42368,0,0,0,0,0,0,65,67,10,0,66,181.52,0,-5,-7,-996,-1,0,0,0,,,,,,,,,
455,1783018096024,43568,42460,0,0,0,0,0,0,65,67,10,0,66,181.78,0,-8,-10,-996,-1,0,0,0,,,,,,,,,
456,1783018096117,43661,42552,0,0,0,0,0,0,65,67,10,0,66,181.69,0,-6,-13,-996,-1,0,0,0,,,,,,,,,
457,1783018096209,43753,42645,0,0,0,0,0,0,67,69,10,0,66,182.16,0,2,-28,-1002,-1,0,0,0,,,,,,,,,
458,1783018096303,43847,42739,0,0,0,0,0,0,67,69,10,0,66,181.71,0,0,-24,-999,-1,0,0,0,,,,,,,,,
459,1783018096394,43938,42829,0,0,0,0,0,0,67,69,10,0,66,181.8,0,-6,-14,-999,-1,0,0,0,,,,,,,,,
460,1783018096487,44031,42922,0,0,0,0,0,0,67,69,10,0,66,181.78,0,-6,-12,-996,-1,0,0,0,,,,,,,,,
461,1783018096578,44122,43014,0,0,0,0,0,0,67,69,10,0,66,181.88,0,-5,-14,-996,-1,0,0,0,,,,,,,,,
462,1783018096672,44216,43108,0,0,0,0,0,0,67,69,10,0,66,181.6,0,-5,-15,-997,-1,0,0,0,,,,,,,,,
463,1783018096762,44306,43197,0,0,0,0,0,0,67,69,10,0,66,181.9,0,-2,-18,-999,-1,0,0,0,,,,,,,,,
464,1783018096854,44398,43290,0,0,0,0,0,0,67,69,10,0,66,181.73,0,-2,-19,-1001,-1,0,0,0,,,,,,,,,
465,1783018096948,44492,43384,0,0,0,0,0,0,67,69,10,0,66,181.65,0,-2,-21,-998,-1,0,0,0,,,,,,,,,
466,1783018097038,44582,43474,0,0,0,0,0,0,67,69,10,0,66,181.73,0,0,-22,-999,-1,0,0,0,,,,,,,,,
467,1783018097131,44675,43567,0,0,0,0,0,0,66,69,10,0,66,181.49,0,0,-24,-999,-1,0,0,0,,,,,,,,,
468,1783018097223,44767,43659,0,0,0,0,0,0,66,69,10,0,66,181.87,0,-2,-23,-1001,-1,0,0,0,,,,,,,,,
469,1783018097315,44859,43751,0,0,0,0,0,0,66,69,10,0,66,181.79,0,-1,-23,-1001,-1,0,0,0,,,,,,,,,
470,1783018097408,44952,43844,0,0,0,0,0,0,66,69,10,0,66,181.64,0,-1,-20,-998,-1,0,0,0,,,,,,,,,
471,1783018097501,45045,43936,0,0,0,0,0,0,66,69,10,0,66,181.76,0,-1,-22,-998,-1,0,0,0,,,,,,,,,
472,1783018097595,45139,44031,0,0,0,0,0,0,66,69,10,0,66,181.66,0,-2,-21,-999,-1,0,0,0,,,,,,,,,
473,1783018097683,45227,44119,0,0,0,0,0,0,66,69,10,0,66,182.13,0,-4,-21,-997,-1,0,0,0,,,,,,,,,
474,1783018097780,45324,44216,0,0,0,0,0,0,66,69,10,0,66,181.71,0,-4,-19,-997,-1,0,0,0,,,,,,,,,
475,1783018097822,45366,44257,0,0,0,0,0,0,66,69,10,0,66,181.92,0,-1,-17,-997,-1,0,0,0,,,,,,,,,
476,1783018097914,45458,44350,0,0,0,0,0,0,66,69,10,0,66,182,0,0,-19,-998,-1,0,0,0,,,,,,,,,
477,1783018098012,45556,44448,0,0,0,0,0,0,66,69,10,0,66,182.04,0,-5,-20,-1000,-1,0,0,0,,,,,,,,,
478,1783018098112,45656,44547,0,0,0,0,0,0,66,69,10,0,66,181.81,0,-3,-20,-999,-1,0,0,0,,,,,,,,,
479,1783018098211,45755,44647,0,0,0,0,0,0,66,69,10,0,66,181.94,0,-3,-18,-999,-1,0,0,0,,,,,,,,,
480,1783018098313,45857,44749,0,0,0,0,0,0,66,69,10,0,66,181.89,0,0,-18,-1001,-1,0,0,0,,,,,,,,,
481,1783018098409,45953,44845,0,0,0,0,0,0,66,69,10,0,66,181.84,0,0,-20,-999,-1,0,0,0,,,,,,,,,
482,1783018098509,46053,44945,0,0,0,0,0,0,66,69,10,0,66,181.75,0,-2,-20,-1000,-1,0,0,0,,,,,,,,,
483,1783018098609,46153,45045,0,0,0,0,0,0,66,69,10,0,66,181.86,0,-1,-20,-1000,-1,0,0,0,,,,,,,,,
484,1783018098708,46252,45143,0,0,0,0,0,0,66,69,10,0,66,181.96,0,0,-21,-999,-1,0,0,0,,,,,,,,,
485,1783018098809,46353,45245,0,0,0,0,0,0,66,69,10,0,66,181.74,0,-2,-21,-1000,-1,0,0,0,,,,,,,,,
486,1783018098905,46449,45341,0,0,0,0,0,0,66,69,10,0,66,181.65,0,-2,-20,-999,-1,0,0,0,,,,,,,,,
487,1783018099005,46549,45441,0,0,0,0,0,0,66,69,10,0,66,181.72,0,-2,-19,-1000,-1,0,0,0,,,,,,,,,
488,1783018099104,46648,45540,0,0,0,0,0,0,66,69,10,0,66,181.73,0,-1,-19,-996,-1,0,0,0,,,,,,,,,
489,1783018099203,46747,45639,0,0,0,0,0,0,66,69,10,0,66,181.56,0,-1,-19,-999,-1,0,0,0,,,,,,,,,
490,1783018099302,46846,45738,0,0,0,0,0,0,66,69,10,0,66,181.86,0,-2,-20,-999,-1,0,0,0,,,,,,,,,
491,1783018099401,46945,45837,0,0,0,0,0,0,66,69,10,0,66,181.77,0,-3,-21,-997,-1,0,0,0,,,,,,,,,
492,1783018099503,47047,45938,0,0,0,0,0,0,66,69,10,0,66,181.99,0,-3,-20,-1000,-1,0,0,0,,,,,,,,,
493,1783018099600,47144,46035,0,0,0,0,0,0,66,69,10,0,66,181.77,0,-2,-19,-1000,-1,0,0,0,,,,,,,,,
494,1783018099699,47243,46135,0,0,0,0,0,0,66,69,10,0,66,181.78,0,-2,-19,-997,-1,0,0,0,,,,,,,,,
495,1783018099798,47342,46234,0,0,0,0,0,0,66,69,10,0,66,181.83,0,-1,-17,-998,-1,0,0,0,,,,,,,,,
496,1783018099897,47441,46333,0,0,0,0,0,0,66,69,10,0,66,181.86,0,-2,-20,-998,-1,0,0,0,,,,,,,,,
497,1783018099997,47541,46432,0,0,0,0,0,0,67,70,10,0,66,181.66,0,0,-19,-1001,-1,0,0,0,,,,,,,,,
498,1783018100096,47640,46532,0,0,0,0,0,0,67,70,10,0,66,181.77,0,-2,-20,-998,-1,0,0,0,,,,,,,,,
499,1783018100197,47741,46632,0,0,0,0,0,0,67,70,10,0,66,181.75,0,0,-21,-999,-1,0,0,0,,,,,,,,,
500,1783018100296,47840,46731,0,0,0,0,0,0,67,70,10,0,66,181.63,0,-1,-19,-1000,-1,0,0,0,,,,,,,,,
501,1783018100394,47938,46830,0,0,0,0,0,0,67,70,10,0,66,181.74,0,-3,-21,-1000,-1,0,0,0,,,,,,,,,
502,1783018100494,48038,46929,0,0,0,0,0,0,67,70,10,0,66,181.56,0,-1,-21,-997,-1,0,0,0,,,,,,,,,
503,1783018100593,48137,47028,0,0,0,0,0,0,67,70,10,0,66,181.79,0,0,-21,-999,-1,0,0,0,,,,,,,,,
504,1783018100692,48236,47128,0,0,0,0,0,0,67,70,10,0,66,181.73,0,-3,-19,-998,-1,0,0,0,,,,,,,,,
505,1783018100791,48335,47227,0,0,0,0,0,0,67,70,10,0,66,181.8,0,-2,-19,-1002,-1,0,0,0,,,,,,,,,
506,1783018100841,48385,47276,0,0,0,0,0,0,67,70,10,0,66,181.77,0,-1,-21,-1000,-1,0,0,0,,,,,,,,,
507,1783018100990,48534,47426,0,0,0,0,0,0,67,69,10,0,66,181.84,0,-3,-20,-1000,-1,0,0,0,,,,,,,,,
508,1783018101039,48583,47475,0,0,0,0,0,0,67,69,10,0,66,181.94,0,-2,-19,-999,-1,0,0,0,,,,,,,,,
509,1783018101140,48684,47576,0,0,0,0,0,0,67,69,10,0,66,181.44,0,-1,-20,-998,-1,0,0,0,,,,,,,,,
510,1783018101241,48785,47676,0,0,0,0,0,0,67,69,10,0,66,181.76,0,-1,-20,-999,-1,0,0,0,,,,,,,,,
511,1783018101338,48882,47774,0,0,0,0,0,0,67,69,10,0,66,181.54,0,-2,-19,-1000,-1,0,0,0,,,,,,,,,
512,1783018101437,48981,47873,0,0,0,0,0,0,67,69,10,0,66,181.94,0,-3,-22,-999,-1,0,0,0,,,,,,,,,
513,1783018101536,49080,47972,0,0,0,0,0,0,67,69,10,0,66,181.69,0,-1,-19,-999,-1,0,0,0,,,,,,,,,
514,1783018101635,49179,48071,0,0,0,0,0,0,67,69,10,0,66,181.69,0,0,-18,-999,-1,0,0,0,,,,,,,,,
515,1783018101735,49279,48170,0,0,0,0,0,0,67,69,10,0,66,181.57,0,-4,-20,-1000,-1,0,0,0,,,,,,,,,
516,1783018101834,49378,48269,0,0,0,0,0,0,67,69,10,0,66,181.75,0,-2,-20,-999,-1,0,0,0,,,,,,,,,
517,1783018101933,49477,48368,0,0,0,0,0,0,68,69,10,0,66,181.84,0,-2,-19,-998,-1,0,0,0,,,,,,,,,
518,1783018102032,49576,48467,0,0,0,0,0,0,68,69,10,0,66,182.09,0,0,-20,-998,-1,0,0,0,,,,,,,,,
519,1783018102130,49674,48566,0,0,0,0,0,0,68,69,10,0,66,181.68,0,-2,-20,-1001,-1,0,0,0,,,,,,,,,
520,1783018102229,49773,48665,0,0,0,0,0,0,68,69,10,0,66,181.94,0,-1,-17,-1001,-1,0,0,0,,,,,,,,,
521,1783018102329,49873,48764,0,0,0,0,0,0,68,69,10,0,66,182.01,0,-1,-21,-1001,-1,0,0,0,,,,,,,,,
522,1783018102427,49971,48863,0,0,0,0,0,0,68,69,10,0,66,181.92,0,-1,-21,-1000,-1,0,0,0,,,,,,,,,
523,1783018102526,50070,48962,0,0,0,0,0,0,68,69,10,0,66,181.83,0,-1,-21,-999,-1,0,0,0,,,,,,,,,
524,1783018102625,50169,49061,0,0,0,0,0,0,68,69,10,0,66,181.66,0,-4,-19,-998,-1,0,0,0,,,,,,,,,
525,1783018102726,50270,49162,0,0,0,0,0,0,68,69,10,0,66,181.95,0,-3,-20,-998,-1,0,0,0,,,,,,,,,
526,1783018102823,50367,49259,0,0,0,0,0,0,68,69,10,0,66,181.89,0,-2,-21,-997,-1,0,0,0,,,,,,,,,
527,1783018102922,50466,49358,0,0,0,0,0,0,67,69,10,0,66,181.72,0,-1,-20,-1001,-1,0,0,0,,,,,,,,,
528,1783018103021,50565,49457,0,0,0,0,0,0,67,69,10,0,66,181.92,0,-2,-19,-999,-1,0,0,0,,,,,,,,,
529,1783018103121,50665,49556,0,0,0,0,0,0,67,69,10,0,66,182.02,0,-2,-19,-999,-1,0,0,0,,,,,,,,,
530,1783018103219,50763,49655,0,0,0,0,0,0,67,69,10,0,66,181.87,0,0,-19,-1000,-1,0,0,0,,,,,,,,,
531,1783018103318,50862,49754,0,0,0,0,0,0,67,69,10,0,66,181.76,0,-1,-20,-1001,-1,0,0,0,,,,,,,,,
532,1783018103417,50961,49853,0,0,0,0,0,0,67,69,10,0,66,181.92,0,-3,-21,-999,-1,0,0,0,,,,,,,,,
533,1783018103516,51060,49952,0,0,0,0,0,0,67,69,10,0,66,181.65,0,0,-20,-996,-1,0,0,0,,,,,,,,,
534,1783018103615,51159,50051,0,1,0,0,0,0,67,69,10,0,66,181.66,0,-2,-19,-998,-1,0,0,0,,,,,,,,,
535,1783018103714,51258,50150,0,1,0,0,0,0,67,69,10,0,66,181.89,0,-2,-19,-998,-1,0,0,0,,,,,,,,,
536,1783018103763,51307,50199,0,1,0,0,0,0,67,69,10,0,66,181.55,0,-3,-21,-1000,-1,0,0,0,,,,,,,,,
537,1783018103912,51456,50347,0,1,0,0,0,0,68,69,10,0,66,181.96,0,-2,-18,-998,-1,0,0,0,,,,,,,,,
538,1783018103961,51505,50397,0,1,0,0,0,0,68,69,10,0,66,181.84,0,0,-19,-998,-1,0,0,0,,,,,,,,,
539,1783018104060,51604,50496,0,1,0,0,0,0,68,69,10,0,66,181.8,0,0,-18,-998,-1,0,0,0,,,,,,,,,
540,1783018104159,51703,50595,0,1,0,0,0,0,68,69,10,0,66,181.8,0,-2,-19,-996,-1,0,0,0,,,,,,,,,
541,1783018104258,51802,50694,0,1,0,0,0,0,68,69,10,0,66,181.92,0,-2,-20,-999,-1,0,0,0,,,,,,,,,
542,1783018104357,51901,50793,0,1,0,0,0,0,68,69,10,0,66,181.66,0,-3,-16,-999,-1,0,0,0,,,,,,,,,
543,1783018104456,52000,50892,0,1,0,0,0,0,68,69,10,0,66,181.89,0,0,-18,-996,-1,0,0,0,,,,,,,,,
544,1783018104555,52099,50991,0,1,0,0,0,0,68,69,10,0,66,181.67,0,-1,-19,-1000,-1,0,0,0,,,,,,,,,
545,1783018104654,52198,51090,0,1,0,0,0,0,68,69,10,0,66,181.56,0,-1,-22,-996,-1,0,0,0,,,,,,,,,
546,1783018104753,52297,51189,0,1,0,0,0,0,68,69,10,0,66,181.87,0,0,-21,-999,-1,0,0,0,,,,,,,,,
547,1783018104852,52396,51288,0,1,0,0,0,0,68,69,10,0,66,181.54,0,0,-19,-997,-1,0,0,0,,,,,,,,,
548,1783018104951,52495,51387,0,1,0,0,0,0,68,69,10,0,66,181.55,0,-2,-19,-999,-1,0,0,0,,,,,,,,,
549,1783018105050,52594,51486,0,1,0,0,0,0,68,69,10,0,66,182.09,0,-3,-21,-1001,-1,0,0,0,,,,,,,,,
550,1783018105150,52694,51586,0,1,0,0,0,0,68,69,10,0,66,181.66,0,-1,-20,-998,-1,0,0,0,,,,,,,,,
551,1783018105249,52793,51685,0,1,0,0,0,0,68,69,10,0,66,182.08,0,-2,-20,-1002,-1,0,0,0,,,,,,,,,
552,1783018105348,52892,51783,0,1,0,0,0,0,68,69,10,0,66,181.65,0,-2,-16,-1000,-1,0,0,0,,,,,,,,,
553,1783018105447,52991,51882,0,1,0,0,0,0,68,69,10,0,66,181.78,0,-2,-20,-995,-1,0,0,0,,,,,,,,,
554,1783018105546,53090,51981,0,1,0,0,0,0,68,69,10,0,66,181.81,0,-2,-20,-997,-1,0,0,0,,,,,,,,,
555,1783018105645,53189,52080,0,1,0,0,0,0,68,69,10,0,66,181.71,0,-2,-18,-999,-1,0,0,0,,,,,,,,,
556,1783018105744,53288,52179,0,1,0,0,0,0,68,69,10,0,66,181.87,0,-1,-19,-999,-1,0,0,0,,,,,,,,,
557,1783018105842,53386,52278,0,1,0,0,0,0,67,70,10,0,66,181.89,0,1,-29,-1006,-1,0,0,0,,,,,,,,,
558,1783018105941,53485,52377,0,1,0,0,0,0,67,70,10,0,66,181.71,0,-4,-17,-998,-1,0,0,0,,,,,,,,,
559,1783018106040,53584,52476,0,1,0,0,0,0,67,70,10,0,66,181.92,0,-4,-20,-992,-1,0,0,0,,,,,,,,,
560,1783018106139,53683,52575,0,1,0,0,0,0,67,70,10,0,66,181.6,0,-5,-12,-999,-1,0,0,0,,,,,,,,,
561,1783018106239,53783,52675,0,1,0,0,0,0,67,70,10,0,66,181.68,0,-1,-14,-997,-1,0,0,0,,,,,,,,,
562,1783018106338,53882,52774,0,1,0,0,0,0,67,70,10,0,66,182.03,0,-8,-4,-972,-1,0,0,0,,,,,,,,,
563,1783018106437,53981,52873,0,1,0,0,0,0,67,70,10,0,66,181.84,0,2,-6,-1011,-1,0,0,0,,,,,,,,,
564,1783018106536,54080,52972,0,1,0,0,0,0,67,70,10,0,66,181.89,0,4,-36,-1006,-1,0,0,0,,,,,,,,,
565,1783018106635,54179,53071,0,1,0,0,0,0,67,70,10,0,66,181.84,0,4,-49,-1004,-1,0,0,0,,,,,,,,,
566,1783018106736,54280,53172,0,1,0,0,0,0,67,70,10,0,66,181.83,0,0,-25,-999,-1,0,0,0,,,,,,,,,
567,1783018106834,54378,53270,0,1,0,0,0,0,67,71,10,0,66,182.1,0,-3,-9,-996,-1,0,0,0,,,,,,,,,
568,1783018106933,54477,53369,0,1,0,0,0,0,67,71,10,0,66,181.49,0,-2,8,-993,-1,0,0,0,,,,,,,,,
569,1783018106982,54526,53418,0,1,0,0,0,0,67,71,10,0,66,182.01,0,-42,4,-1050,-1,0,0,0,,,,,,,,,
570,1783018107086,54630,53522,0,1,0,0,0,0,67,71,10,0,66,181.8,0,-53,84,-985,-1,0,0,0,,,,,,,,,
571,1783018107180,54724,53616,0,1,0,0,0,0,67,71,10,0,66,181.96,0,-13,50,-975,-1,0,0,0,,,,,,,,,
572,1783018107281,54825,53717,0,1,0,0,0,0,67,71,10,0,66,181.89,0,4,-13,-999,-1,0,0,0,,,,,,,,,
573,1783018107378,54922,53814,0,1,0,0,0,0,67,71,10,0,66,181.73,0,-4,-16,-996,-1,0,0,0,,,,,,,,,
574,1783018107479,55023,53915,0,0,0,0,0,0,67,71,10,0,66,181.48,0,-4,-33,-1002,-1,0,0,0,,,,,,,,,
575,1783018107578,55122,54014,0,0,0,0,0,0,67,71,10,0,66,181.9,0,31,-20,-1037,-1,0,0,0,,,,,,,,,
576,1783018107678,55222,54113,0,0,0,0,0,0,67,71,10,0,66,181.69,0,17,-68,-1028,-1,0,0,0,,,,,,,,,
577,1783018107780,55324,54215,0,0,0,0,0,0,67,70,10,0,66,181.7,0,0,4,-992,-1,0,0,0,,,,,,,,,
578,1783018107873,55417,54309,0,0,0,0,0,0,67,70,10,0,66,181.47,0,2,-3,-976,-1,0,0,0,,,,,,,,,
579,1783018107978,55522,54413,0,0,0,0,0,0,67,70,10,0,66,182.05,0,4,-24,-997,-1,0,0,0,,,,,,,,,
580,1783018108072,55616,54508,0,0,0,1,0,0,67,70,10,0,66,181.45,0,-8,-28,-1019,-1,0,0,0,,,,,,,,,
581,1783018108171,55715,54607,0,0,0,1,0,0,67,70,10,0,66,181.79,0,-5,-34,-1002,-1,0,0,0,,,,,,,,,
582,1783018108270,55814,54706,0,0,0,1,0,0,67,70,10,0,66,181.53,0,-6,-15,-1005,-1,0,0,0,,,,,,,,,
583,1783018108369,55913,54805,0,0,0,1,0,0,67,70,10,0,66,181.68,0,205,-36,-1005,-1,0,0,0,,,,,,,,,
584,1783018108468,56012,54903,2,-1,-15,1,0,0,67,70,10,0,66,181.55,0,-32,179,-1003,-1,0,0,0,,,,,,,,,
585,1783018108567,56111,55003,5,1,-22,0,2,0,67,70,10,0,66,181.73,0,-135,226,-971,-1,0,0,0,,,,,,,,,
586,1783018108666,56210,55101,2,1,-25,0,4,0,67,70,10,0,66,182.03,0,-223,266,-883,-1,0,0,0,,,,,,,,,
587,1783018108765,56309,55201,0,-4,-26,-1,7,0,68,71,86,0,66,181.61,0,-171,183,-827,-1,0,0,0,,,,,,,,,
588,1783018108864,56408,55299,0,-4,-25,-2,9,1,68,71,85,0,66,181.79,0,-54,284,-849,-1,0,0,0,,,,,,,,,
589,1783018108963,56507,55398,-1,-8,-23,-2,11,2,68,71,82,0,66,181.77,0,-12,252,-1030,-1,0,0,0,,,,,,,,,
590,1783018109062,56606,55497,-3,-12,-21,0,0,2,68,71,76,0,66,181.62,0,54,58,-944,-1,0,0,0,,,,,,,,,
591,1783018109161,56705,55596,-5,-15,-16,-2,10,3,68,71,81,0,66,181.73,0,114,141,-1021,-1,0,0,0,,,,,,,,,
592,1783018109261,56805,55697,-8,-16,-13,-1,8,3,68,71,79,0,66,181.64,0,-78,256,-1020,-1,0,0,0,,,,,,,,,
593,1783018109365,56909,55800,-8,-18,-9,-1,7,3,68,71,77,0,66,181.91,0,27,277,-1099,-1,0,0,0,,,,,,,,,
594,1783018109461,57005,55896,-8,-20,-5,0,5,1,68,71,78,0,66,181.96,0,-29,248,-1056,-1,0,0,0,,,,,,,,,
595,1783018109557,57101,55993,-9,-21,-4,0,4,1,68,71,78,0,66,181.88,0,-149,174,-898,-1,0,0,0,,,,,,,,,
596,1783018109656,57200,56092,-10,-22,0,0,3,1,68,71,79,0,66,181.63,0,-174,415,-1019,-1,0,0,0,,,,,,,,,
597,1783018109755,57299,56191,-10,-21,2,0,2,0,69,71,78,0,66,181.59,0,-167,390,-1054,-1,0,0,0,,,,,,,,,
598,1783018109855,57399,56290,-11,-25,6,0,1,0,69,71,82,0,66,181.72,0,-166,133,-878,-1,0,0,0,,,,,,,,,
599,1783018109954,57498,56389,-11,-26,10,0,0,0,69,71,84,0,66,181.88,0,-154,264,-863,-1,0,0,0,,,,,,,,,
600,1783018110053,57597,56489,-12,-24,14,0,-1,1,69,71,82,0,66,181.66,0,-92,465,-952,-1,0,0,0,,,,,,,,,
601,1783018110152,57696,56588,-11,-22,15,1,-1,1,69,71,79,0,66,181.66,0,-206,448,-822,-1,0,0,0,,,,,,,,,
602,1783018110203,57747,56638,-10,-21,18,0,0,1,69,71,78,0,66,181.6,0,-164,419,-887,-1,0,0,0,,,,,,,,,
603,1783018110306,57850,56742,-8,-21,20,0,0,1,69,71,77,0,66,181.71,0,-91,318,-938,-1,0,0,0,,,,,,,,,
604,1783018110414,57958,56849,-7,-20,22,0,0,1,69,71,75,0,66,181.55,0,-81,348,-933,-1,0,0,0,,,,,,,,,
605,1783018110515,58059,56951,-5,-19,25,0,0,1,69,71,73,0,66,181.66,0,-107,162,-860,-1,0,0,0,,,,,,,,,
606,1783018110606,58150,57041,-5,-16,27,0,0,2,69,71,70,0,66,181.79,0,-11,205,-794,-1,0,0,0,,,,,,,,,
607,1783018110698,58242,57134,-5,-14,30,0,0,4,69,71,65,0,66,181.7,0,-27,279,-1071,-1,0,0,0,,,,,,,,,
608,1783018110797,58341,57233,-5,-11,31,0,0,3,69,71,61,0,66,181.63,0,32,246,-1054,-1,0,0,0,,,,,,,,,
609,1783018110897,58441,57332,-6,-9,31,1,0,3,69,71,57,0,66,181.74,0,-63,199,-1041,-1,0,0,0,,,,,,,,,
610,1783018110996,58540,57431,-5,-8,31,2,1,2,69,71,55,0,66,181.7,0,-138,148,-1002,-1,0,0,0,,,,,,,,,
611,1783018111096,58640,57531,-6,-8,29,1,1,1,69,71,54,0,66,181.29,0,-92,102,-1010,-1,0,0,0,,,,,,,,,
612,1783018111213,58757,57649,-6,-8,29,1,1,1,69,71,53,0,66,181.66,0,-237,114,-1030,-1,0,0,0,,,,,,,,,
613,1783018111293,58837,57729,-6,-7,28,0,0,0,69,71,52,0,66,181.49,0,-286,190,-1047,-1,0,0,0,,,,,,,,,
614,1783018111393,58937,57829,-8,-10,23,0,0,0,69,71,53,0,66,181.58,0,-255,256,-968,-1,0,0,0,,,,,,,,,
615,1783018111493,59037,57928,-11,-12,16,0,0,0,69,71,54,0,66,181.83,0,-498,449,-1050,-1,0,0,0,,,,,,,,,
616,1783018111592,59136,58028,-15,-12,13,-2,0,-1,69,71,52,0,66,181.48,0,-258,176,-879,-1,0,0,0,,,,,,,,,
617,1783018111693,59237,58129,-16,-15,15,-2,0,0,70,71,10,0,66,181.54,0,-80,204,-801,-1,0,0,0,,,,,,,,,
618,1783018111807,59351,58243,-13,-17,17,-1,0,0,70,71,10,0,66,181.77,0,-135,225,-915,-1,0,0,0,,,,,,,,,
619,1783018111906,59450,58342,-14,-13,16,0,0,0,70,71,10,0,66,181.63,0,-162,161,-913,-1,0,0,0,,,,,,,,,
620,1783018112009,59553,58445,-8,-12,15,1,0,0,70,71,10,0,66,181.77,0,-153,351,-1049,-1,0,0,0,,,,,,,,,
621,1783018112094,59638,58529,-8,-9,11,1,1,0,70,71,10,0,66,181.33,0,-110,228,-948,-1,0,0,0,,,,,,,,,
622,1783018112192,59736,58628,-5,-13,7,1,1,0,70,71,10,0,66,181.59,0,-23,169,-969,-1,0,0,0,,,,,,,,,
623,1783018112286,59830,58721,-6,-12,7,1,1,0,70,71,10,0,66,181.77,0,-131,207,-1013,-1,0,0,0,,,,,,,,,
624,1783018112385,59929,58821,-2,-7,6,1,1,0,70,71,10,0,66,181.65,0,13,-30,-919,-1,0,0,0,,,,,,,,,
625,1783018112484,60028,58920,0,-1,4,1,0,0,70,71,10,0,66,181.36,0,-15,142,-982,-1,0,0,0,,,,,,,,,
626,1783018112583,60127,59019,0,-1,2,1,0,0,70,71,10,0,66,181.29,0,21,-25,-1011,-1,0,0,0,,,,,,,,,
627,1783018112683,60227,59118,0,-1,0,1,0,0,69,71,10,0,66,181.55,0,1,-8,-1001,-1,0,0,0,,,,,,,,,
628,1783018112782,60326,59217,1,-1,0,1,0,0,69,71,10,0,66,181.62,0,48,22,-990,-1,0,0,0,,,,,,,,,
629,1783018112881,60425,59317,1,-1,0,1,0,0,69,71,10,0,66,181.79,0,36,25,-996,-1,0,0,0,,,,,,,,,
630,1783018112981,60525,59416,1,-1,0,1,0,0,69,71,10,0,66,181.59,0,21,39,-991,-1,0,0,0,,,,,,,,,
631,1783018113080,60624,59515,1,-1,0,1,0,0,69,71,10,0,66,181.4,0,55,30,-986,-1,0,0,0,,,,,,,,,
632,1783018113179,60723,59614,1,-1,0,1,0,0,69,71,10,0,66,181.38,0,36,22,-997,-1,0,0,0,,,,,,,,,
633,1783018113278,60822,59714,1,-1,0,1,0,0,69,71,10,0,66,181.34,0,18,24,-1003,-1,0,0,0,,,,,,,,,
634,1783018113377,60921,59813,1,-1,0,1,0,0,69,71,10,0,66,181.45,0,21,37,-1002,-1,0,0,0,,,,,,,,,
635,1783018113476,61020,59912,1,-1,0,2,0,0,69,71,10,0,66,181.62,0,34,13,-985,-1,0,0,0,,,,,,,,,
636,1783018113526,61070,59962,1,-1,0,2,0,0,69,71,10,0,66,181.61,0,62,-74,-992,-1,0,0,0,,,,,,,,,
637,1783018113625,61169,60061,1,-1,0,2,0,0,69,72,10,0,66,181.48,0,28,3,-996,-1,0,0,0,,,,,,,,,
638,1783018113725,61269,60161,1,-1,0,2,0,0,69,72,10,0,66,181.4,0,41,15,-999,-1,0,0,0,,,,,,,,,
639,1783018113824,61368,60259,1,-1,0,2,0,0,69,72,10,0,66,181.45,0,41,31,-1018,-1,0,0,0,,,,,,,,,
640,1783018113926,61470,60362,1,-1,0,0,0,0,69,72,10,0,66,181.39,0,15,48,-997,-1,0,0,0,,,,,,,,,
641,1783018114027,61571,60463,1,-1,0,0,0,0,69,72,10,0,66,181.54,0,27,36,-1004,-1,0,0,0,,,,,,,,,
642,1783018114124,61668,60560,1,-1,0,0,0,0,69,72,10,0,66,181.62,0,49,-335,-1241,-1,0,0,0,,,,,,,,,
643,1783018114223,61767,60659,0,0,-3,0,0,0,69,72,10,0,66,181.29,0,31,65,-1016,-1,0,0,0,,,,,,,,,
644,1783018114323,61867,60759,-1,0,-5,0,0,0,69,72,10,0,66,181.69,0,-154,46,-1015,-1,0,0,0,,,,,,,,,
645,1783018114421,61965,60856,-3,2,-6,0,0,0,69,72,10,0,66,181.45,0,-42,-39,-1019,-1,0,0,0,,,,,,,,,
646,1783018114519,62063,60955,-5,4,-6,0,0,0,69,72,10,0,66,181.54,0,-90,-73,-970,-1,0,0,0,,,,,,,,,
647,1783018114618,62162,61054,-1,0,-6,0,0,0,69,71,10,0,66,181.68,0,40,88,-1409,-1,0,0,0,,,,,,,,,
648,1783018114718,62262,61153,0,-1,-6,0,0,0,69,71,10,0,66,181.71,0,3,15,-981,-1,0,0,0,,,,,,,,,
649,1783018114817,62361,61253,0,0,-7,0,0,0,69,71,10,0,66,181.65,0,17,-39,-1011,-1,0,0,0,,,,,,,,,
650,1783018114917,62461,61353,0,-1,-9,0,0,0,69,71,10,0,66,181.44,0,-95,38,-956,-1,0,0,0,,,,,,,,,
651,1783018115015,62559,61451,0,0,-12,0,0,0,69,71,10,0,66,181.36,0,-10,6,-967,-1,0,0,0,,,,,,,,,
652,1783018115115,62659,61550,0,-1,-12,0,0,0,69,71,10,0,66,181.38,0,-8,12,-988,-1,0,0,0,,,,,,,,,
653,1783018115217,62761,61652,0,-1,-12,0,0,0,69,71,10,0,66,181.41,0,20,35,-999,-1,0,0,0,,,,,,,,,
654,1783018115313,62857,61749,0,-1,-12,0,0,0,69,71,10,0,66,181.37,0,24,33,-996,-1,0,0,0,,,,,,,,,
655,1783018115413,62957,61849,0,-1,-12,0,0,0,69,71,10,0,66,181.5,0,21,35,-996,-1,0,0,0,,,,,,,,,
656,1783018115512,63056,61947,0,-1,-12,0,0,0,69,71,10,0,66,181.54,0,21,35,-1000,-1,0,0,0,,,,,,,,,
657,1783018115612,63156,62047,0,-1,-12,0,0,0,69,72,10,0,66,181.17,0,22,36,-998,-1,0,0,0,,,,,,,,,
658,1783018115713,63257,62149,0,-1,-12,0,0,0,69,72,10,0,66,181.43,0,22,32,-1001,-1,0,0,0,,,,,,,,,
659,1783018115809,63353,62245,0,-1,-12,0,0,0,69,72,10,0,66,181.68,0,24,35,-999,-1,0,0,0,,,,,,,,,
660,1783018115910,63454,62346,0,-1,-12,0,0,0,69,72,10,0,66,181.43,0,19,36,-1001,-1,0,0,0,,,,,,,,,
661,1783018116010,63554,62446,0,-1,-12,0,0,0,69,72,10,0,66,181.8,0,23,33,-997,-1,0,0,0,,,,,,,,,
662,1783018116109,63653,62545,0,-1,-12,4,2,0,69,72,10,0,66,181.34,0,24,30,-999,-1,0,0,0,,,,,,,,,
663,1783018116212,63756,62648,0,-1,-12,0,0,0,69,72,10,0,66,181.27,0,24,31,-999,-1,0,0,0,,,,,,,,,
664,1783018116258,63802,62693,0,-1,-12,0,0,0,69,72,10,0,66,181.23,0,19,34,-1001,-1,0,0,0,,,,,,,,,
665,1783018116359,63903,62795,0,-1,-12,0,0,0,69,72,10,0,66,181.27,0,19,34,-1002,-1,0,0,0,,,,,,,,,
666,1783018116457,64001,62893,0,-1,-12,0,0,0,69,72,10,0,66,181.67,0,28,36,-1000,-1,0,0,0,,,,,,,,,
667,1783018116556,64100,62992,0,-1,-12,0,0,0,69,72,10,0,66,181.55,0,21,31,-997,-1,0,0,0,,,,,,,,,
668,1783018116656,64200,63091,0,-1,-12,0,0,0,69,72,10,0,66,181.28,0,21,36,-999,-1,0,0,0,,,,,,,,,
669,1783018116755,64299,63191,0,-1,-12,0,0,0,69,72,10,0,66,181.57,0,20,34,-999,-1,0,0,0,,,,,,,,,
670,1783018116854,64398,63290,0,-1,-12,0,0,0,69,72,10,0,66,181.38,0,20,36,-999,-1,0,0,0,,,,,,,,,
671,1783018116953,64497,63389,0,-1,-12,0,0,0,69,72,10,0,66,181.46,0,20,32,-998,-1,0,0,0,,,,,,,,,
672,1783018117053,64597,63488,0,-1,-12,0,0,0,69,72,10,0,66,181.42,0,24,32,-997,-1,0,0,0,,,,,,,,,
673,1783018117152,64696,63587,0,-1,-12,0,0,0,69,72,10,0,66,181.43,0,22,33,-1000,-1,0,0,0,,,,,,,,,
674,1783018117251,64795,63687,0,-1,-12,0,0,0,69,72,10,0,66,181.32,0,23,34,-999,-1,0,0,0,,,,,,,,,
675,1783018117350,64894,63786,0,-1,-12,0,0,0,69,72,10,0,66,181.64,0,-160,-230,-1082,-1,0,0,0,,,,,,,,,
676,1783018117450,64994,63885,-4,2,-12,0,0,0,69,72,10,0,66,181.74,0,-176,-153,-900,-1,0,0,0,,,,,,,,,
677,1783018117549,65093,63984,0,-1,-13,0,0,0,70,72,10,0,66,181.55,0,-10,5,-1013,-1,0,0,0,,,,,,,,,
678,1783018117648,65192,64084,0,-1,-13,0,0,0,70,72,10,0,66,181.46,0,-90,-118,-918,-1,0,0,0,,,,,,,,,
679,1783018117748,65292,64183,0,-1,-14,0,0,0,70,72,10,0,66,181.59,0,-65,98,-997,-1,0,0,0,,,,,,,,,
680,1783018117849,65393,64285,0,-1,-14,0,0,0,70,72,10,0,66,181.53,0,103,87,-1000,-1,0,0,0,,,,,,,,,
681,1783018119052,66596,64386,0,-1,-14,0,0,0,70,72,10,0,66,181.33,0,165,208,-1001,-1,0,0,0,,,,,,,,,
682,1783018119153,66697,64487,0,-1,-14,0,0,0,70,72,10,0,66,181.57,0,18,43,-999,-1,0,0,0,,,,,,,,,
683,1783018119253,66797,64588,0,-1,-14,0,0,0,70,72,10,0,66,181.83,0,19,39,-1000,-1,0,0,0,,,,,,,,,
684,1783018119354,66898,64689,0,-1,-14,0,0,0,70,72,10,0,66,181.64,0,23,34,-998,-1,0,0,0,,,,,,,,,
685,1783018119455,66999,64790,0,-1,-14,0,0,0,70,72,10,0,66,181.78,0,22,36,-998,-1,0,0,0,,,,,,,,,
686,1783018119557,67101,64891,0,-1,-14,0,0,0,70,72,10,0,66,181.57,0,21,36,-1000,-1,0,0,0,,,,,,,,,
687,1783018119658,67202,64992,0,-1,-14,0,0,0,70,72,10,0,66,181.41,0,23,38,-998,-1,0,0,0,,,,,,,,,
688,1783018119759,67303,65093,0,-1,-14,0,0,0,70,72,10,0,66,181.36,0,22,35,-997,-1,0,0,0,,,,,,,,,
689,1783018119860,67404,65194,0,-1,-14,0,0,0,70,72,10,0,66,181.07,0,21,38,-1002,-1,0,0,0,,,,,,,,,
690,1783018119962,67506,65297,0,-1,-14,0,0,0,70,72,10,0,66,181.46,0,15,42,-1005,-1,0,0,0,,,,,,,,,
691,1783018120063,67607,65398,0,-1,-14,0,0,0,70,72,10,0,66,181.34,0,21,40,-999,-1,0,0,0,,,,,,,,,
692,1783018120164,67708,65499,0,-1,-14,0,0,0,70,72,10,0,66,181.5,0,19,40,-1000,-1,0,0,0,,,,,,,,,
693,1783018120265,67809,65600,0,-1,-14,0,0,0,70,72,10,0,66,181.39,0,19,14,-1002,-1,0,0,0,,,,,,,,,
694,1783018120366,67910,65701,0,-1,-14,0,0,0,70,72,10,0,66,181.45,0,16,35,-1002,-1,0,0,0,,,,,,,,,
695,1783018120468,68012,65802,0,-1,-14,0,0,0,70,72,10,0,66,181.39,0,18,35,-1001,-1,0,0,0,,,,,,,,,
696,1783018120569,68113,65903,0,-1,-14,0,0,0,70,72,10,0,66,181.5,0,22,33,-1000,-1,0,0,0,,,,,,,,,
697,1783018120670,68214,66004,0,-1,-14,0,0,0,70,72,10,0,66,181.56,0,29,29,-997,-1,0,0,0,,,,,,,,,
698,1783018120777,68321,66111,0,-1,-14,0,0,0,70,72,10,0,66,181.5,0,26,20,-999,-1,0,0,0,,,,,,,,,
699,1783018120822,68366,66157,0,-1,-14,0,0,0,70,72,10,0,66,181.33,0,23,41,-1000,-1,0,0,0,,,,,,,,,
700,1783018120924,68468,66259,0,-1,-14,0,0,0,70,72,10,0,66,181.17,0,25,25,-993,-1,0,0,0,,,,,,,,,
701,1783018121026,68570,66360,0,-1,-14,0,0,0,70,72,10,0,66,181.11,0,20,43,-1001,-1,0,0,0,,,,,,,,,
702,1783018121127,68671,66461,0,-1,-14,0,0,0,70,72,10,0,66,181.69,0,17,41,-1001,-1,0,0,0,,,,,,,,,
703,1783018121228,68772,66562,0,-1,-14,0,0,0,70,72,10,0,66,181.25,0,17,40,-998,-1,0,0,0,,,,,,,,,
704,1783018121331,68875,66665,0,-1,-14,0,0,0,70,72,10,0,66,181.43,0,19,39,-998,-1,0,0,0,,,,,,,,,
705,1783018121432,68976,66766,0,-1,-14,0,0,0,70,72,10,0,66,181.75,0,20,34,-994,-1,0,0,0,,,,,,,,,
706,1783018121533,69077,66867,0,-1,-14,0,0,0,70,72,10,0,66,181.43,0,22,33,-1000,-1,0,0,0,,,,,,,,,
707,1783018121634,69178,66969,0,-1,-14,0,0,0,69,73,10,0,66,181.87,0,19,35,-1001,-1,0,0,0,,,,,,,,,
708,1783018121736,69280,67071,0,-1,-14,0,0,0,69,73,10,0,66,181.93,0,20,36,-996,-1,0,0,0,,,,,,,,,
709,1783018121835,69379,67169,0,-1,-14,0,0,0,69,73,10,0,66,181.85,0,23,26,-992,-1,0,0,0,,,,,,,,,
710,1783018121936,69480,67270,0,-1,-14,0,0,0,69,73,10,0,66,181.5,0,26,32,-997,-1,0,0,0,,,,,,,,,
711,1783018122041,69585,67375,0,-1,-14,0,0,0,69,73,10,0,66,181.72,0,27,34,-998,-1,0,0,0,,,,,,,,,
712,1783018122138,69682,67472,0,-1,-14,0,0,0,69,73,10,0,66,181.68,0,22,47,-1002,-1,0,0,0,,,,,,,,,
713,1783018122239,69783,67573,0,-1,-14,0,0,0,69,73,10,0,66,181.53,0,78,41,-989,-1,0,0,0,,,,,,,,,
714,1783018122340,69884,67674,0,-1,-13,0,0,0,69,73,10,0,66,181.57,0,45,32,-991,-1,0,0,0,,,,,,,,,
715,1783018122447,69991,67781,0,-1,-13,0,0,0,69,73,10,0,66,181.74,0,23,26,-993,-1,0,0,0,,,,,,,,,
716,1783018122542,70086,67877,0,-1,-13,0,0,0,69,73,10,0,66,181.53,0,20,33,-997,-1,0,0,0,,,,,,,,,
717,1783018122643,70187,67978,0,-1,-13,0,0,0,69,71,10,0,66,181.52,0,21,32,-996,-1,0,0,0,,,,,,,,,
718,1783018122745,70289,68079,0,-1,-13,0,0,0,69,71,10,0,66,181.72,0,23,30,-993,-1,0,0,0,,,,,,,,,
719,1783018122846,70390,68180,0,-1,-13,0,0,0,69,71,10,0,66,181.66,0,24,7,-965,-1,0,0,0,,,,,,,,,
720,1783018122947,70491,68281,0,-1,-13,0,0,0,69,71,10,0,66,181.43,0,13,26,-999,-1,0,0,0,,,,,,,,,
721,1783018123049,70593,68383,0,-1,-13,0,0,0,69,71,10,0,66,181.52,0,12,46,-1003,-1,0,0,0,,,,,,,,,
722,1783018123150,70694,68484,0,-1,-13,0,0,0,69,71,10,0,66,181.72,0,15,32,-1007,-1,0,0,0,,,,,,,,,
723,1783018123250,70794,68584,0,-1,-13,0,0,0,69,71,10,0,66,181.55,0,22,37,-999,-1,0,0,0,,,,,,,,,
724,1783018123351,70895,68685,1,-1,-13,0,0,0,69,71,10,0,66,181.44,0,14,18,-1009,-1,0,0,0,,,,,,,,,
725,1783018123452,70996,68787,1,-1,-13,0,0,0,69,71,10,0,66,181.63,0,16,38,-997,-1,0,0,0,,,,,,,,,
726,1783018123553,71097,68888,1,-1,-13,0,0,0,69,71,10,0,66,181.44,0,19,29,-997,-1,0,0,0,,,,,,,,,
727,1783018123654,71198,68989,1,-1,-13,0,0,0,70,72,10,0,66,182,0,24,38,-996,-1,0,0,0,,,,,,,,,
728,1783018123766,71310,69100,1,-1,-13,0,0,0,70,72,10,0,66,181.27,0,25,29,-1000,-1,0,0,0,,,,,,,,,
729,1783018123867,71411,69202,1,-1,-13,0,0,0,70,72,10,0,66,181.56,0,23,33,-1002,-1,0,0,0,,,,,,,,,
730,1783018123962,71506,69296,1,-1,-13,0,0,0,70,72,10,0,66,181.69,0,17,36,-1004,-1,0,0,0,,,,,,,,,
731,1783018124009,71553,69344,1,-1,-13,0,0,0,70,72,10,0,66,181.8,0,11,33,-991,-1,0,0,0,,,,,,,,,
732,1783018124111,71655,69445,1,-1,-13,0,0,0,70,72,10,0,66,181.68,0,17,40,-1003,-1,0,0,0,,,,,,,,,
733,1783018124212,71756,69546,1,-1,-13,0,0,0,70,72,10,0,66,181.78,0,18,35,-1002,-1,0,0,0,,,,,,,,,
734,1783018124317,71861,69651,1,-1,-13,0,0,0,70,72,10,0,66,181.52,0,21,38,-993,-1,0,0,0,,,,,,,,,
735,1783018124414,71958,69748,1,-1,-13,0,0,0,70,72,10,0,66,181.38,0,26,39,-1014,-1,0,0,0,,,,,,,,,
736,1783018124515,72059,69850,1,-1,-13,0,0,0,70,72,10,0,66,181.79,0,29,38,-1017,-1,0,0,0,,,,,,,,,
737,1783018124617,72161,69952,1,-1,-13,0,0,0,70,72,10,0,66,181.37,0,24,28,-1000,-1,0,0,0,,,,,,,,,
738,1783018124721,72265,70055,1,-1,-13,0,0,0,70,72,10,0,66,181.47,0,21,36,-993,-1,0,0,0,,,,,,,,,
739,1783018124821,72365,70155,1,-1,-13,0,0,0,70,72,10,0,66,181.75,0,21,31,-998,-1,0,0,0,,,,,,,,,
740,1783018124920,72464,70255,1,-1,-13,0,0,0,70,72,10,0,66,181.34,0,22,34,-1000,-1,0,0,0,,,,,,,,,
741,1783018125020,72564,70355,1,-1,-13,0,0,0,70,72,10,0,66,181.34,0,22,33,-999,-1,0,0,0,,,,,,,,,
742,1783018125121,72665,70456,1,-1,-13,0,0,0,70,72,10,0,66,181.77,0,21,34,-995,-1,0,0,0,,,,,,,,,
743,1783018125223,72767,70557,1,-1,-13,0,0,0,70,72,10,0,66,181.63,0,21,37,-1000,-1,0,0,0,,,,,,,,,
744,1783018125324,72868,70658,1,-1,-13,0,0,0,70,72,10,0,66,181.57,0,22,35,-1001,-1,0,0,0,,,,,,,,,
745,1783018125425,72969,70759,1,-1,-13,0,0,0,70,72,10,0,66,181.71,0,20,34,-1000,-1,0,0,0,,,,,,,,,
746,1783018125525,73069,70859,1,-1,-13,0,0,0,70,72,10,0,66,181.44,0,22,32,-1001,-1,0,0,0,,,,,,,,,
747,1783018125623,73167,70958,1,-1,-13,0,0,0,70,72,10,0,66,181.63,0,23,32,-1002,-1,0,0,0,,,,,,,,,
748,1783018125722,73266,71057,1,-1,-13,0,0,0,70,72,10,0,66,181.87,0,22,33,-1002,-1,0,0,0,,,,,,,,,
749,1783018125822,73366,71156,1,-1,-13,0,0,0,70,72,10,0,66,181.45,0,21,32,-1000,-1,0,0,0,,,,,,,,,
750,1783018125921,73465,71255,1,-1,-13,0,0,0,70,72,10,0,66,181.68,0,22,33,-1000,-1,0,0,0,,,,,,,,,
751,1783018126020,73564,71354,1,-1,-13,0,0,0,70,72,10,0,66,181.78,0,23,31,-999,-1,0,0,0,,,,,,,,,
752,1783018126119,73663,71453,1,-1,-13,0,0,0,70,72,10,0,66,181.7,0,23,34,-1001,-1,0,0,0,,,,,,,,,
753,1783018126218,73762,71553,1,-1,-13,0,0,0,70,72,10,0,66,181.43,0,22,32,-997,-1,0,0,0,,,,,,,,,
754,1783018126318,73862,71652,1,-1,-13,0,0,0,70,72,10,0,66,182.09,0,22,32,-998,-1,0,0,0,,,,,,,,,
755,1783018126417,73961,71751,1,-1,-13,0,0,0,70,72,10,0,66,181.48,0,22,34,-999,-1,0,0,0,,,,,,,,,
756,1783018126516,74060,71850,1,-1,-13,0,0,0,70,72,10,0,66,182.06,0,21,34,-998,-1,0,0,0,,,,,,,,,
757,1783018126615,74159,71950,1,-1,-13,0,0,0,70,72,10,0,66,181.65,0,22,31,-1000,-1,0,0,0,,,,,,,,,
758,1783018126714,74258,72049,1,-1,-13,0,0,0,70,72,10,0,66,181.6,0,25,33,-1002,-1,0,0,0,,,,,,,,,
759,1783018126814,74358,72148,1,-1,-13,0,0,0,70,72,10,0,66,181.9,0,24,31,-1001,-1,0,0,0,,,,,,,,,
760,1783018126912,74456,72247,1,-1,-13,0,0,0,70,72,10,0,66,181.48,0,22,34,-998,-1,0,0,0,,,,,,,,,
761,1783018127011,74555,72345,1,-1,-13,0,0,0,70,72,10,0,66,181.78,0,20,32,-998,-1,0,0,0,,,,,,,,,
762,1783018127060,74604,72395,1,-1,-13,0,0,0,70,72,10,0,66,181.68,0,22,33,-997,-1,0,0,0,,,,,,,,,
763,1783018127159,74703,72494,1,-1,-13,0,0,0,70,72,10,0,66,181.58,0,21,35,-1000,-1,0,0,0,,,,,,,,,
764,1783018127259,74803,72594,1,-1,-13,0,0,0,70,72,10,0,66,181.99,0,22,33,-1002,-1,0,0,0,,,,,,,,,
765,1783018127358,74902,72692,1,-1,-13,0,0,0,70,72,10,0,66,181.61,0,22,33,-999,-1,0,0,0,,,,,,,,,
766,1783018127457,75001,72791,1,-1,-13,0,0,0,70,72,10,0,66,181.64,0,22,31,-1000,-1,0,0,0,,,,,,,,,
767,1783018127560,75104,72894,1,-1,-13,0,0,0,70,72,10,0,66,181.46,0,22,34,-998,-1,0,0,0,,,,,,,,,
768,1783018127656,75200,72990,1,-1,-13,0,0,0,70,72,10,0,66,181.57,0,22,34,-1002,-1,0,0,0,,,,,,,,,
769,1783018127759,75303,73094,1,-1,-13,0,0,0,70,72,10,0,66,181.77,0,24,33,-1002,-1,0,0,0,,,,,,,,,
770,1783018127854,75398,73188,1,-1,-13,0,0,0,70,72,10,0,66,181.55,0,23,32,-999,-1,0,0,0,,,,,,,,,
771,1783018127948,75492,73282,1,-1,-13,0,0,0,70,72,10,0,66,181.6,0,22,33,-996,-1,0,0,0,,,,,,,,,
772,1783018128055,75599,73389,1,-1,-13,0,0,0,70,72,10,0,66,181.75,0,21,34,-998,-1,0,0,0,,,,,,,,,
773,1783018128145,75689,73480,1,-1,-13,0,0,0,70,72,10,0,66,181.8,0,20,34,-998,-1,0,0,0,,,,,,,,,
774,1783018128243,75787,73578,1,-1,-13,0,0,0,70,72,10,0,66,181.86,0,21,32,-1002,-1,0,0,0,,,,,,,,,
775,1783018128342,75886,73677,1,-1,-13,0,0,0,70,72,10,0,66,181.74,0,24,33,-995,-1,0,0,0,,,,,,,,,
776,1783018128441,75985,73775,1,-1,-13,0,0,0,70,72,10,0,66,181.71,0,23,35,-1001,-1,0,0,0,,,,,,,,,
777,1783018128539,76083,73874,1,-1,-13,0,0,0,70,71,10,0,66,181.85,0,22,34,-1000,-1,0,0,0,,,,,,,,,
778,1783018128638,76182,73972,1,-1,-13,0,0,0,70,71,10,0,66,181.5,0,21,33,-997,-1,0,0,0,,,,,,,,,
779,1783018128736,76280,74071,1,-1,-13,0,0,0,70,71,10,0,66,181.73,0,23,32,-1001,-1,0,0,0,,,,,,,,,
780,1783018128838,76382,74173,1,-1,-13,0,0,0,70,71,10,0,66,181.94,0,24,31,-999,-1,0,0,0,,,,,,,,,
781,1783018128934,76478,74268,1,-1,-13,0,0,0,70,71,10,0,66,181.47,0,23,31,-1000,-1,0,0,0,,,,,,,,,
782,1783018129032,76576,74367,1,-1,-13,0,0,0,70,71,10,0,66,181.82,0,22,33,-1000,-1,0,0,0,,,,,,,,,
783,1783018129131,76675,74465,1,-1,-13,0,0,0,70,71,10,0,66,181.8,0,22,33,-1000,-1,0,0,0,,,,,,,,,
784,1783018129231,76775,74565,1,-1,-13,0,0,0,70,71,10,0,66,181.98,0,21,35,-1000,-1,0,0,0,,,,,,,,,
785,1783018129328,76872,74662,1,-1,-13,0,0,0,70,71,10,0,66,181.44,0,21,33,-997,-1,0,0,0,,,,,,,,,
786,1783018129427,76971,74761,1,-1,-13,0,0,0,70,71,10,0,66,181.41,0,24,35,-1000,-1,0,0,0,,,,,,,,,
787,1783018129525,77069,74860,1,-1,-13,0,0,0,70,72,10,0,66,181.72,0,23,33,-1000,-1,0,0,0,,,,,,,,,
788,1783018129624,77168,74958,1,-1,-13,0,0,0,70,72,10,0,66,181.9,0,23,31,-996,-1,0,0,0,,,,,,,,,
789,1783018129722,77266,75057,1,-1,-13,0,0,0,70,72,10,0,66,181.46,0,22,36,-998,-1,0,0,0,,,,,,,,,
790,1783018129826,77370,75160,1,-1,-13,0,0,0,70,72,10,0,66,181.65,0,21,32,-1000,-1,0,0,0,,,,,,,,,
791,1783018129920,77464,75254,1,-1,-13,0,0,0,70,72,10,0,66,181.32,0,22,32,-1000,-1,0,0,0,,,,,,,,,
792,1783018130018,77562,75353,1,-1,-13,0,0,0,70,72,10,0,66,181.6,0,23,33,-1000,-1,0,0,0,,,,,,,,,
793,1783018130068,77612,75402,1,-1,-13,0,0,0,70,72,10,0,66,182.03,0,23,31,-998,-1,0,0,0,,,,,,,,,
794,1783018130166,77710,75501,1,-1,-13,0,0,0,70,72,10,0,66,181.58,0,23,34,-998,-1,0,0,0,,,,,,,,,
795,1783018130265,77809,75599,1,-1,-13,0,0,0,70,72,10,0,66,181.79,0,22,32,-999,-1,0,0,0,,,,,,,,,
796,1783018130363,77907,75698,1,-1,-13,0,0,0,70,72,10,0,66,181.71,0,21,35,-996,-1,0,0,0,,,,,,,,,
797,1783018130462,78006,75796,1,-1,-13,0,0,0,70,73,10,0,66,181.62,0,23,32,-1001,-1,0,0,0,,,,,,,,,
798,1783018130565,78109,75900,1,-1,-13,0,0,0,70,73,10,0,66,181.82,0,22,34,-998,-1,0,0,0,,,,,,,,,
799,1783018130660,78204,75994,1,-1,-13,0,0,0,70,73,10,0,66,181.61,0,22,34,-994,-1,0,0,0,,,,,,,,,
800,1783018130759,78303,76093,1,-1,-13,0,0,0,70,73,10,0,66,181.89,0,20,33,-1000,-1,0,0,0,,,,,,,,,
801,1783018130857,78401,76192,1,-1,-13,0,0,0,70,73,10,0,66,181.8,0,23,32,-1002,-1,0,0,0,,,,,,,,,
802,1783018130956,78500,76290,1,-1,-13,0,0,0,70,73,10,0,66,181.73,0,23,33,-998,-1,0,0,0,,,,,,,,,
803,1783018131055,78599,76389,1,-1,-13,0,0,0,70,73,10,0,66,181.79,0,23,34,-999,-1,0,0,0,,,,,,,,,
804,1783018131153,78697,76487,1,-1,-13,0,0,0,70,73,10,0,66,181.75,0,23,34,-999,-1,0,0,0,,,,,,,,,
805,1783018131252,78796,76586,1,-1,-13,0,0,0,70,73,10,0,66,181.68,0,22,36,-998,-1,0,0,0,,,,,,,,,
806,1783018131350,78894,76685,1,-1,-13,0,0,0,70,73,10,0,66,181.95,0,22,33,-999,-1,0,0,0,,,,,,,,,
807,1783018131449,78993,76784,1,-1,-13,0,0,0,70,72,10,0,66,181.84,0,22,33,-997,-1,0,0,0,,,,,,,,,
808,1783018131552,79096,76886,1,-1,-13,0,0,0,70,72,10,0,66,181.65,0,21,32,-998,-1,0,0,0,,,,,,,,,
809,1783018131646,79190,76981,1,-1,-13,0,0,0,70,72,10,0,66,181.93,0,23,33,-998,-1,0,0,0,,,,,,,,,
810,1783018131745,79289,77079,1,-1,-13,0,0,0,70,72,10,0,66,181.43,0,23,33,-1000,-1,0,0,0,,,,,,,,,
811,1783018131848,79392,77182,1,-1,-13,0,0,0,70,72,10,0,66,181.58,0,22,33,-1000,-1,0,0,0,,,,,,,,,
812,1783018131942,79486,77276,1,-1,-13,0,0,0,70,72,10,0,66,181.77,0,23,32,-1000,-1,0,0,0,,,,,,,,,
813,1783018132042,79586,77376,1,-1,-13,0,0,0,70,72,10,0,66,181.82,0,21,34,-997,-1,0,0,0,,,,,,,,,
814,1783018132144,79688,77478,1,-1,-13,0,0,0,70,72,10,0,66,181.96,0,22,34,-995,-1,0,0,0,,,,,,,,,
815,1783018132239,79783,77573,1,-1,-13,0,0,0,70,72,10,0,66,181.7,0,22,34,-1000,-1,0,0,0,,,,,,,,,
816,1783018132337,79881,77672,1,-1,-13,0,0,0,70,72,10,0,66,181.76,0,22,33,-1001,-1,0,0,0,,,,,,,,,
817,1783018132436,79980,77770,1,-1,-13,0,0,0,70,72,10,0,66,181.59,0,22,33,-996,-1,0,0,0,,,,,,,,,
818,1783018132534,80078,77869,1,-1,-13,0,0,0,70,72,10,0,66,181.71,0,23,34,-997,-1,0,0,0,,,,,,,,,
819,1783018132637,80181,77971,1,-1,-13,0,0,0,70,72,10,0,66,181.43,0,21,34,-998,-1,0,0,0,,,,,,,,,
820,1783018132732,80276,78066,1,-1,-13,0,0,0,70,72,10,0,66,181.58,0,19,35,-1000,-1,0,0,0,,,,,,,,,
821,1783018132830,80374,78165,1,-1,-13,0,0,0,70,72,10,0,66,181.78,0,23,34,-998,-1,0,0,0,,,,,,,,,
822,1783018132929,80473,78263,1,-1,-13,0,0,0,70,72,10,0,66,181.67,0,24,32,-1001,-1,0,0,0,,,,,,,,,
823,1783018133027,80571,78362,1,-1,-13,0,0,0,70,72,10,0,66,181.99,0,22,33,-999,-1,0,0,0,,,,,,,,,
824,1783018133126,80670,78460,1,-1,-13,0,0,0,70,72,10,0,66,181.44,0,22,33,-997,-1,0,0,0,,,,,,,,,
825,1783018133227,80771,78561,1,-1,-13,0,0,0,70,72,10,0,66,181.96,0,22,33,-997,-1,0,0,0,,,,,,,,,
826,1783018133276,80820,78610,1,-1,-13,0,0,0,70,72,10,0,66,181.89,0,22,34,-1000,-1,0,0,0,,,,,,,,,
827,1783018133422,80966,78756,1,-1,-13,0,0,0,69,72,10,0,66,181.55,0,22,35,-1000,-1,0,0,0,,,,,,,,,
828,1783018133472,81016,78807,1,-1,-13,0,0,0,69,72,10,0,66,181.72,0,23,34,-1001,-1,0,0,0,,,,,,,,,
829,1783018133573,81117,78907,1,-1,-13,0,0,0,69,72,10,0,66,181.79,0,21,33,-1000,-1,0,0,0,,,,,,,,,
830,1783018133669,81213,79004,1,-1,-13,0,0,0,69,72,10,0,66,181.72,0,22,35,-994,-1,0,0,0,,,,,,,,,
831,1783018133767,81311,79101,1,-1,-13,0,0,0,69,72,10,0,66,181.6,0,21,32,-995,-1,0,0,0,,,,,,,,,
832,1783018133866,81410,79200,1,-1,-13,0,0,0,69,72,10,0,66,181.76,0,21,33,-1000,-1,0,0,0,,,,,,,,,
833,1783018133964,81508,79298,1,-1,-13,0,0,0,69,72,10,0,66,181.87,0,22,32,-1003,-1,0,0,0,,,,,,,,,
834,1783018134065,81609,79400,1,-1,-13,0,0,0,69,72,10,0,66,181.46,0,24,34,-999,-1,0,0,0,,,,,,,,,
835,1783018134161,81705,79496,1,-1,-13,0,0,0,69,72,10,0,66,181.5,0,21,33,-998,-1,0,0,0,,,,,,,,,
836,1783018134260,81804,79594,1,-1,-13,0,0,0,69,72,10,0,66,181.86,0,20,34,-1000,-1,0,0,0,,,,,,,,,
837,1783018134359,81903,79694,1,-1,-13,0,0,0,70,72,10,0,66,181.84,0,22,34,-999,-1,0,0,0,,,,,,,,,
838,1783018134461,82005,79795,1,-1,-13,0,0,0,70,72,10,0,66,181.58,0,21,33,-998,-1,0,0,0,,,,,,,,,
839,1783018134557,82101,79892,1,-1,-13,0,0,0,70,72,10,0,66,181.6,0,23,33,-999,-1,0,0,0,,,,,,,,,
840,1783018134657,82201,79991,1,-1,-13,0,0,0,70,72,10,0,66,181.32,0,23,32,-998,-1,0,0,0,,,,,,,,,
841,1783018134757,82301,80091,1,-1,-13,0,0,0,70,72,10,0,66,181.8,0,22,32,-997,-1,0,0,0,,,,,,,,,
842,1783018134853,82397,80187,1,-1,-13,0,0,0,70,72,10,0,66,181.61,0,21,33,-997,-1,0,0,0,,,,,,,,,
843,1783018134947,82491,80281,1,-1,-13,0,0,0,70,72,10,0,66,181.47,0,20,35,-1000,-1,0,0,0,,,,,,,,,
844,1783018135041,82585,80376,1,-1,-13,0,0,0,70,72,10,0,66,181.62,0,20,34,-999,-1,0,0,0,,,,,,,,,
845,1783018135135,82679,80470,1,-1,-13,0,0,0,70,72,10,0,66,181.61,0,22,33,-1001,-1,0,0,0,,,,,,,,,
846,1783018135229,82773,80564,1,-1,-13,0,0,0,70,72,10,0,66,181.45,0,22,32,-1000,-1,0,0,0,,,,,,,,,
847,1783018135324,82868,80659,1,-1,-13,0,0,0,70,72,10,0,66,181.57,0,23,34,-998,-1,0,0,0,,,,,,,,,
848,1783018135419,82963,80753,1,-1,-13,0,0,0,70,72,10,0,66,181.45,0,23,34,-996,-1,0,0,0,,,,,,,,,
849,1783018135513,83057,80847,1,-1,-13,0,0,0,70,72,10,0,66,181.75,0,22,34,-1002,-1,0,0,0,,,,,,,,,
850,1783018135607,83151,80941,1,-1,-13,0,0,0,70,72,10,0,66,181.47,0,22,33,-1002,-1,0,0,0,,,,,,,,,
851,1783018135701,83245,81036,1,-1,-13,0,0,0,70,72,10,0,66,181.55,0,22,33,-998,-1,0,0,0,,,,,,,,,
852,1783018135795,83339,81130,1,-1,-13,0,0,0,70,72,10,0,66,181.55,0,23,35,-999,-1,0,0,0,,,,,,,,,
853,1783018135892,83436,81227,1,-1,-13,0,0,0,70,72,10,0,66,181.77,0,21,34,-999,-1,0,0,0,,,,,,,,,
854,1783018135984,83528,81319,1,-1,-13,0,0,0,70,72,10,0,66,181.53,0,22,34,-998,-1,0,0,0,,,,,,,,,
855,1783018136078,83622,81412,1,-1,-13,0,0,0,70,72,10,0,66,181.38,0,23,33,-997,-1,0,0,0,,,,,,,,,
856,1783018136172,83716,81506,1,-1,-13,0,0,0,70,72,10,0,66,181.38,0,24,35,-999,-1,0,0,0,,,,,,,,,
857,1783018136266,83810,81601,1,-1,-13,0,0,0,70,71,10,0,66,181.78,0,22,33,-1001,-1,0,0,0,,,,,,,,,
858,1783018136361,83905,81695,1,-1,-13,0,0,0,70,71,10,0,66,181.5,0,23,33,-1000,-1,0,0,0,,,,,,,,,
859,1783018136455,83999,81789,1,-1,-13,0,0,0,70,71,10,0,66,181.7,0,21,32,-995,-1,0,0,0,,,,,,,,,
860,1783018136502,84046,81836,1,-1,-13,0,0,0,70,71,10,0,66,181.29,0,21,33,-999,-1,0,0,0,,,,,,,,,
861,1783018136596,84140,81930,1,-1,-13,0,0,0,70,71,10,0,66,181.67,0,24,33,-1000,-1,0,0,0,,,,,,,,,
862,1783018136690,84234,82024,1,-1,-13,0,0,0,70,71,10,0,66,181.26,0,23,34,-1001,-1,0,0,0,,,,,,,,,
863,1783018136786,84330,82120,1,-1,-13,0,0,0,70,71,10,0,66,181.89,0,22,36,-998,-1,0,0,0,,,,,,,,,
864,1783018136880,84424,82214,1,-1,-13,0,0,0,70,71,10,0,66,181.51,0,22,34,-995,-1,0,0,0,,,,,,,,,
865,1783018136974,84518,82308,1,-1,-13,0,0,0,70,71,10,0,66,181.57,0,21,31,-998,-1,0,0,0,,,,,,,,,
866,1783018137071,84615,82405,1,-1,-13,0,0,0,70,71,10,0,66,181.3,0,25,35,-1002,-1,0,0,0,,,,,,,,,
867,1783018137176,84720,82510,1,-1,-13,0,0,0,70,72,10,0,66,181.31,0,22,32,-998,-1,0,0,0,,,,,,,,,
868,1783018137256,84800,82590,1,-1,-13,0,0,0,70,72,10,0,66,181.22,0,23,33,-997,-1,0,0,0,,,,,,,,,
869,1783018137350,84894,82684,1,-1,-13,0,0,0,70,72,10,0,66,181.75,0,21,34,-998,-1,0,0,0,,,,,,,,,
870,1783018137447,84991,82782,1,-1,-13,0,0,0,70,72,10,0,66,181.63,0,21,32,-998,-1,0,0,0,,,,,,,,,
871,1783018137550,85094,82884,1,-1,-13,0,0,0,70,72,10,0,66,181.51,0,22,32,-1002,-1,0,0,0,,,,,,,,,
872,1783018137633,85177,82968,1,-1,-13,0,0,0,70,72,10,0,66,181.43,0,23,34,-1000,-1,0,0,0,,,,,,,,,
873,1783018137729,85273,83063,1,-1,-13,0,0,0,70,72,10,0,66,181.58,0,23,33,-998,-1,0,0,0,,,,,,,,,
874,1783018137822,85366,83156,1,-1,-13,0,0,0,70,72,10,0,66,181.49,0,24,32,-998,-1,0,0,0,,,,,,,,,
875,1783018137916,85460,83250,1,-1,-13,0,0,0,70,72,10,0,66,181.4,0,21,33,-999,-1,0,0,0,,,,,,,,,
876,1783018138010,85554,83344,1,-1,-13,0,0,0,70,72,10,0,66,181.44,0,22,35,-998,-1,0,0,0,,,,,,,,,
877,1783018138104,85648,83439,1,-1,-13,0,0,0,69,72,10,0,66,181.69,0,22,32,-999,-1,0,0,0,,,,,,,,,
878,1783018138198,85742,83533,1,-1,-13,0,0,0,69,72,10,0,66,181.6,0,23,34,-999,-1,0,0,0,,,,,,,,,
879,1783018138294,85838,83629,1,-1,-13,0,0,0,69,72,10,0,66,181.15,0,21,32,-999,-1,0,0,0,,,,,,,,,
880,1783018138388,85932,83722,1,-1,-13,0,0,0,69,72,10,0,66,181.54,0,22,33,-998,-1,0,0,0,,,,,,,,,
881,1783018138482,86026,83816,1,-1,-13,0,0,0,69,72,10,0,66,181.58,0,21,34,-997,-1,0,0,0,,,,,,,,,
882,1783018138576,86120,83910,1,-1,-13,0,0,0,69,72,10,0,66,181.46,0,21,33,-997,-1,0,0,0,,,,,,,,,
883,1783018138670,86214,84004,1,-1,-13,0,0,0,69,72,10,0,66,181.64,0,22,36,-1000,-1,0,0,0,,,,,,,,,
884,1783018138764,86308,84099,1,-1,-13,0,0,0,69,72,10,0,66,181.74,0,24,32,-1001,-1,0,0,0,,,,,,,,,
885,1783018138860,86404,84194,1,-1,-13,0,0,0,69,72,10,0,66,181.58,0,22,33,-997,-1,0,0,0,,,,,,,,,
886,1783018138952,86496,84287,1,-1,-13,0,0,0,69,72,10,0,66,181.52,0,22,33,-998,-1,0,0,0,,,,,,,,,
887,1783018139047,86591,84381,1,-1,-13,0,0,0,70,72,10,0,66,181.7,0,19,36,-1000,-1,0,0,0,,,,,,,,,
888,1783018139141,86685,84475,1,-1,-13,0,0,0,70,72,10,0,66,181.45,0,24,33,-1003,-1,0,0,0,,,,,,,,,
889,1783018139240,86784,84574,1,-1,-13,0,0,0,70,72,10,0,66,181.44,0,23,34,-1000,-1,0,0,0,,,,,,,,,
890,1783018139339,86883,84673,1,-1,-13,0,0,0,70,72,10,0,66,181.48,0,20,33,-998,-1,0,0,0,,,,,,,,,
891,1783018139389,86933,84723,1,-1,-13,0,0,0,70,72,10,0,66,181.67,0,22,33,-996,-1,0,0,0,,,,,,,,,
892,1783018139488,87032,84822,1,-1,-13,0,0,0,70,72,10,0,66,181.28,0,23,32,-1000,-1,0,0,0,,,,,,,,,
893,1783018139587,87131,84921,1,-1,-13,0,0,0,70,72,10,0,66,181.63,0,22,33,-1000,-1,0,0,0,,,,,,,,,
894,1783018139686,87230,85021,1,-1,-13,0,0,0,70,72,10,0,66,181.55,0,22,34,-1002,-1,0,0,0,,,,,,,,,
895,1783018139785,87329,85120,1,-1,-13,0,0,0,70,72,10,0,66,181.76,0,22,33,-1000,-1,0,0,0,,,,,,,,,
896,1783018139885,87429,85220,1,-1,-13,0,0,0,70,72,10,0,66,181.4,0,22,35,-998,-1,0,0,0,,,,,,,,,
897,1783018139984,87528,85318,1,-1,-13,0,0,0,71,72,10,0,66,181.38,0,23,33,-1003,-1,0,0,0,,,,,,,,,
898,1783018140083,87627,85417,1,-1,-13,0,0,0,71,72,10,0,66,181.75,0,23,34,-999,-1,0,0,0,,,,,,,,,
899,1783018140182,87726,85517,1,-1,-13,0,0,0,71,72,10,0,66,181.51,0,23,32,-997,-1,0,0,0,,,,,,,,,
900,1783018140283,87827,85617,1,-1,-13,0,0,0,71,72,10,0,66,181.66,0,23,33,-998,-1,0,0,0,,,,,,,,,
901,1783018140382,87926,85716,1,-1,-13,0,0,0,71,72,10,0,66,181.65,0,19,33,-997,-1,0,0,0,,,,,,,,,
902,1783018140483,88027,85817,1,-1,-13,0,0,0,71,72,10,0,66,181.74,0,22,34,-999,-1,0,0,0,,,,,,,,,
903,1783018140582,88126,85917,1,-1,-13,0,0,0,71,72,10,0,66,181.66,0,22,33,-998,-1,0,0,0,,,,,,,,,
904,1783018140681,88225,86015,1,-1,-13,0,0,0,71,72,10,0,66,181.9,0,21,33,-1002,-1,0,0,0,,,,,,,,,
905,1783018140779,88323,86113,1,-1,-13,0,0,0,71,72,10,0,66,181.41,0,21,32,-995,-1,0,0,0,,,,,,,,,
906,1783018140883,88427,86217,1,-1,-13,0,0,0,71,72,10,0,66,181.39,0,21,32,-993,-1,0,0,0,,,,,,,,,
907,1783018140977,88521,86311,1,-1,-13,0,0,0,70,72,10,0,66,181.42,0,22,32,-997,-1,0,0,0,,,,,,,,,
908,1783018141079,88623,86413,1,-1,-13,0,0,0,70,72,10,0,66,181.65,0,23,33,-1001,-1,0,0,0,,,,,,,,,
909,1783018141175,88719,86510,1,-1,-13,0,0,0,70,72,10,0,66,181.73,0,20,33,-1000,-1,0,0,0,,,,,,,,,
910,1783018141275,88819,86609,1,-1,-13,0,0,0,70,72,10,0,66,181.57,0,23,31,-998,-1,0,0,0,,,,,,,,,
911,1783018141374,88918,86708,1,-1,-13,0,0,0,70,72,10,0,66,181.45,0,21,32,-997,-1,0,0,0,,,,,,,,,
912,1783018141478,89022,86813,1,-1,-13,0,0,0,70,72,10,0,66,181.67,0,23,33,-996,-1,0,0,0,,,,,,,,,
913,1783018141573,89117,86907,1,-1,-13,0,0,0,70,72,10,0,66,181.5,0,22,33,-1003,-1,0,0,0,,,,,,,,,
914,1783018141672,89216,87007,1,-1,-13,0,0,0,70,72,10,0,66,181.7,0,23,33,-1001,-1,0,0,0,,,,,,,,,
915,1783018141771,89315,87105,1,-1,-13,0,0,0,70,72,10,0,66,181.46,0,23,32,-1000,-1,0,0,0,,,,,,,,,
916,1783018141872,89416,87207,1,-1,-13,0,0,0,70,72,10,0,66,181.63,0,22,33,-997,-1,0,0,0,,,,,,,,,
917,1783018141969,89513,87303,1,-1,-13,0,0,0,70,73,10,0,66,181.37,0,22,34,-998,-1,0,0,0,,,,,,,,,
918,1783018142069,89613,87404,1,-1,-13,0,0,0,70,73,10,0,66,181.23,0,21,33,-997,-1,0,0,0,,,,,,,,,
919,1783018142169,89713,87503,1,-1,-13,0,0,0,70,73,10,0,66,181.52,0,22,33,-997,-1,0,0,0,,,,,,,,,
920,1783018142267,89811,87601,1,-1,-13,0,0,0,70,73,10,0,66,181.36,0,22,34,-998,-1,0,0,0,,,,,,,,,
921,1783018142368,89912,87703,1,-1,-13,0,0,0,70,73,10,0,66,181.7,0,21,32,-999,-1,0,0,0,,,,,,,,,
922,1783018142465,90009,87800,1,-1,-13,0,0,0,70,73,10,0,66,181.55,0,21,33,-998,-1,0,0,0,,,,,,,,,
923,1783018142515,90059,87849,1,-1,-13,0,0,0,70,73,10,0,66,181.65,0,21,32,-998,-1,0,0,0,,,,,,,,,
924,1783018142614,90158,87948,1,-1,-13,0,0,0,70,73,10,0,66,181.71,0,22,32,-997,-1,0,0,0,,,,,,,,,
925,1783018142714,90258,88048,1,-1,-13,0,0,0,70,73,10,0,66,181.51,0,22,35,-1002,-1,0,0,0,,,,,,,,,
926,1783018142812,90356,88147,1,-1,-13,0,0,0,70,73,10,0,66,181.37,0,21,33,-1001,-1,0,0,0,,,,,,,,,
927,1783018142912,90456,88246,1,-1,-13,0,0,0,69,73,10,0,66,181.52,0,22,33,-1000,-1,0,0,0,,,,,,,,,
928,1783018143013,90557,88347,1,-1,-13,0,0,0,69,73,10,0,66,181.34,0,22,34,-996,-1,0,0,0,,,,,,,,,
929,1783018143110,90654,88445,1,-1,-13,0,0,0,69,73,10,0,66,181.31,0,22,33,-997,-1,0,0,0,,,,,,,,,
930,1783018143209,90753,88544,1,-1,-13,0,0,0,69,73,10,0,66,181.49,0,20,33,-999,-1,0,0,0,,,,,,,,,
931,1783018143309,90853,88643,1,-1,-13,0,0,0,69,73,10,0,66,181.42,0,23,33,-999,-1,0,0,0,,,,,,,,,
932,1783018143408,90952,88742,1,-1,-13,0,0,0,69,73,10,0,66,181.82,0,24,32,-1002,-1,0,0,0,,,,,,,,,
933,1783018143507,91051,88841,1,-1,-13,0,0,0,69,73,10,0,66,181.84,0,22,34,-999,-1,0,0,0,,,,,,,,,
934,1783018143606,91150,88941,1,-1,-13,0,0,0,69,73,10,0,66,181.66,0,21,34,-998,-1,0,0,0,,,,,,,,,
935,1783018143705,91249,89040,1,-1,-13,0,0,0,69,73,10,0,66,181.52,0,19,33,-1001,-1,0,0,0,,,,,,,,,
936,1783018143805,91349,89139,1,-1,-13,0,0,0,69,73,10,0,66,181.57,0,21,34,-999,-1,0,0,0,,,,,,,,,
937,1783018143904,91448,89239,1,-1,-13,0,0,0,70,71,10,0,66,181.3,0,21,34,-1000,-1,0,0,0,,,,,,,,,
938,1783018144003,91547,89337,1,-1,-13,0,0,0,70,71,10,0,66,181.66,0,23,34,-1000,-1,0,0,0,,,,,,,,,
939,1783018144103,91647,89437,1,-1,-13,0,0,0,70,71,10,0,66,181.71,0,23,35,-995,-1,0,0,0,,,,,,,,,
940,1783018144203,91747,89537,1,-1,-13,0,0,0,70,71,10,0,66,181.39,0,21,33,-997,-1,0,0,0,,,,,,,,,
941,1783018144302,91846,89636,1,-1,-13,0,0,0,70,71,10,0,66,181.51,0,22,34,-998,-1,0,0,0,,,,,,,,,
942,1783018144401,91945,89735,1,-2,-13,0,0,0,70,71,10,0,66,181.55,0,21,33,-1002,-1,0,0,0,,,,,,,,,
943,1783018144500,92044,89834,1,-2,-13,0,0,0,70,71,10,0,66,181.68,0,21,34,-1002,-1,0,0,0,,,,,,,,,
944,1783018144601,92145,89935,1,-2,-13,0,0,0,70,71,10,0,66,181.87,0,21,32,-998,-1,0,0,0,,,,,,,,,
945,1783018144699,92243,90033,1,-2,-13,0,0,0,70,71,10,0,66,181.72,0,22,34,-996,-1,0,0,0,,,,,,,,,
946,1783018144798,92342,90132,1,-2,-13,0,0,0,70,71,10,0,66,181.37,0,22,33,-998,-1,0,0,0,,,,,,,,,
947,1783018144897,92441,90231,1,-2,-13,0,0,0,70,71,10,0,66,181.8,0,21,33,-999,-1,0,0,0,,,,,,,,,
948,1783018144996,92540,90331,1,-1,-13,0,0,0,70,71,10,0,66,181.29,0,23,33,-1000,-1,0,0,0,,,,,,,,,
949,1783018145095,92639,90430,1,-2,-13,0,0,0,70,71,10,0,66,181.39,0,23,35,-997,-1,0,0,0,,,,,,,,,
950,1783018145195,92739,90529,1,-2,-13,0,0,0,70,71,10,0,66,181.57,0,22,34,-996,-1,0,0,0,,,,,,,,,
951,1783018145294,92838,90628,1,-2,-13,0,0,0,70,71,10,0,66,181.55,0,21,34,-998,-1,0,0,0,,,,,,,,,
952,1783018145393,92937,90727,1,-2,-13,0,0,0,70,71,10,0,66,181.44,0,22,34,-997,-1,0,0,0,,,,,,,,,
953,1783018145492,93036,90827,1,-2,-13,0,0,0,70,71,10,0,66,181.55,0,23,32,-997,-1,0,0,0,,,,,,,,,
954,1783018145591,93135,90926,1,-1,-13,0,0,0,70,71,10,0,66,181.29,0,22,33,-1001,-1,0,0,0,,,,,,,,,
955,1783018145691,93235,91025,1,-2,-13,0,0,0,70,71,10,0,66,181.5,0,22,34,-999,-1,0,0,0,,,,,,,,,
956,1783018145740,93284,91075,1,-2,-13,0,0,0,70,71,10,0,66,181.51,0,21,33,-999,-1,0,0,0,,,,,,,,,
957,1783018145889,93433,91223,1,-2,-13,0,0,0,70,72,10,0,66,181.49,0,22,34,-997,-1,0,0,0,,,,,,,,,
958,1783018145939,93483,91273,1,-2,-13,0,0,0,70,72,10,0,66,181.22,0,22,35,-1001,-1,0,0,0,,,,,,,,,
959,1783018146042,93586,91376,1,-2,-13,0,0,0,70,72,10,0,66,181.73,0,21,33,-1001,-1,0,0,0,,,,,,,,,
960,1783018146137,93681,91472,1,-2,-13,0,0,0,70,72,10,0,66,181.8,0,22,33,-1000,-1,0,0,0,,,,,,,,,
961,1783018146236,93780,91571,1,-2,-13,0,0,0,70,72,10,0,66,181.55,0,20,34,-999,-1,0,0,0,,,,,,,,,
962,1783018146335,93879,91670,1,-2,-13,0,0,0,70,72,10,0,66,181.52,0,21,34,-997,-1,0,0,0,,,,,,,,,
963,1783018146436,93980,91770,1,-2,-13,0,0,0,70,72,10,0,66,181.3,0,23,34,-996,-1,0,0,0,,,,,,,,,
964,1783018146534,94078,91869,1,-1,-13,0,0,0,70,72,10,0,66,181.54,0,22,35,-997,-1,0,0,0,,,,,,,,,
965,1783018146633,94177,91967,1,-1,-13,0,0,0,70,72,10,0,66,181.54,0,22,32,-1002,-1,0,0,0,,,,,,,,,
966,1783018146732,94276,92067,1,-1,-13,0,0,0,70,72,10,0,66,181.21,0,24,34,-995,-1,0,0,0,,,,,,,,,
967,1783018146832,94376,92166,1,-2,-13,0,0,0,70,72,10,0,65,181.59,0,22,34,-998,-1,0,0,0,,,,,,,,,
968,1783018146931,94475,92265,1,-1,-13,0,0,0,70,72,10,0,65,181.75,0,23,34,-999,-1,0,0,0,,,,,,,,,
969,1783018147032,94576,92366,1,-2,-13,0,0,0,70,72,10,0,65,181.4,0,21,33,-999,-1,0,0,0,,,,,,,,,
970,1783018147131,94675,92465,1,-2,-13,0,0,0,70,72,10,0,65,181.57,0,23,33,-1001,-1,0,0,0,,,,,,,,,
971,1783018147229,94773,92563,1,-2,-13,0,0,0,70,72,10,0,65,181.37,0,23,32,-999,-1,0,0,0,,,,,,,,,
972,1783018147328,94872,92662,1,-2,-13,0,0,0,70,72,10,0,65,181.34,0,23,33,-1000,-1,0,0,0,,,,,,,,,
973,1783018147427,94971,92761,1,-2,-13,0,0,0,70,72,10,0,65,181.42,0,23,33,-1000,-1,0,0,0,,,,,,,,,
974,1783018147526,95070,92860,1,-2,-13,0,0,0,70,72,10,0,65,181.45,0,21,34,-997,-1,0,0,0,,,,,,,,,
975,1783018147625,95169,92960,1,-2,-13,0,0,0,70,72,10,0,65,181.49,0,22,32,-1000,-1,0,0,0,,,,,,,,,
976,1783018147725,95269,93059,1,-2,-13,0,0,0,70,72,10,0,65,181.62,0,21,33,-1001,-1,0,0,0,,,,,,,,,
977,1783018147824,95368,93158,1,-2,-13,0,0,0,70,72,10,0,65,181.56,0,20,34,-1001,-1,0,0,0,,,,,,,,,
978,1783018147923,95467,93257,1,-2,-13,0,0,0,70,72,10,0,65,181.71,0,22,33,-1000,-1,0,0,0,,,,,,,,,
979,1783018148022,95566,93356,1,-2,-13,0,0,0,70,72,10,0,65,181.64,0,21,33,-995,-1,0,0,0,,,,,,,,,
980,1783018148121,95665,93456,1,-1,-13,0,0,0,70,72,10,0,65,181.47,0,22,35,-997,-1,0,0,0,,,,,,,,,
981,1783018148223,95767,93558,1,-1,-13,0,0,0,70,72,10,0,65,181.51,0,22,34,-1002,-1,0,0,0,,,,,,,,,
982,1783018148320,95864,93654,1,-1,-13,0,0,0,70,72,10,0,65,181.82,0,21,33,-1000,-1,0,0,0,,,,,,,,,
983,1783018148419,95963,93753,1,-2,-13,0,0,0,70,72,10,0,65,181.47,0,23,31,-1001,-1,0,0,0,,,,,,,,,
984,1783018148518,96062,93853,1,-2,-13,0,0,0,70,72,10,0,65,181.37,0,22,33,-996,-1,0,0,0,,,,,,,,,
985,1783018148617,96161,93952,1,-2,-13,0,0,0,70,72,10,0,65,181.74,0,21,35,-997,-1,0,0,0,,,,,,,,,
986,1783018148717,96261,94051,1,-2,-13,0,0,0,70,72,10,0,65,181.6,0,21,35,-999,-1,0,0,0,,,,,,,,,
987,1783018148817,96361,94152,1,-2,-13,0,0,0,70,72,10,0,65,181.14,0,23,32,-997,-1,0,0,0,,,,,,,,,
988,1783018148919,96463,94253,1,-2,-13,0,0,0,70,72,10,0,65,181.45,0,23,33,-999,-1,0,0,0,,,,,,,,,
989,1783018149017,96561,94351,1,-2,-13,0,0,0,70,72,10,0,65,181.47,0,23,31,-999,-1,0,0,0,,,,,,,,,
990,1783018149065,96609,94400,1,-2,-13,0,0,0,70,72,10,0,65,181.59,0,23,32,-998,-1,0,0,0,,,,,,,,,
991,1783018149164,96708,94498,1,-2,-13,0,0,0,70,72,10,0,65,181.32,0,22,34,-999,-1,0,0,0,,,,,,,,,
992,1783018149263,96807,94598,1,-1,-13,0,0,0,70,72,10,0,65,181.39,0,22,32,-1000,-1,0,0,0,,,,,,,,,
993,1783018149363,96907,94697,1,-2,-13,0,0,0,70,72,10,0,65,181.41,0,23,34,-1000,-1,0,0,0,,,,,,,,,
994,1783018149463,97007,94797,1,-1,-13,0,0,0,70,72,10,0,65,181.69,0,21,32,-1001,-1,0,0,0,,,,,,,,,
995,1783018149562,97106,94896,1,-1,-13,0,0,0,70,72,10,0,65,181.47,0,23,33,-997,-1,0,0,0,,,,,,,,,
996,1783018149661,97205,94995,1,-1,-13,0,0,0,70,72,10,0,65,181.5,0,22,32,-996,-1,0,0,0,,,,,,,,,
997,1783018149759,97303,95094,1,-1,-13,0,0,0,70,72,10,0,65,181.5,0,23,34,-997,-1,0,0,0,,,,,,,,,
998,1783018149859,97403,95193,1,-1,-13,0,0,0,70,72,10,0,65,181.5,0,23,34,-1000,-1,0,0,0,,,,,,,,,
999,1783018149958,97502,95292,1,-1,-13,0,0,0,70,72,10,0,65,181.54,0,22,32,-999,-1,0,0,0,,,,,,,,,
1000,1783018150059,97603,95393,1,-1,-13,0,0,0,70,72,10,0,65,181.52,0,20,34,-997,-1,0,0,0,,,,,,,,,
1001,1783018150157,97701,95492,1,-1,-13,0,0,0,70,72,10,0,65,181.92,0,22,34,-997,-1,0,0,0,,,,,,,,,
1002,1783018150256,97800,95591,1,-1,-13,0,0,0,70,72,10,0,65,181.95,0,21,34,-1000,-1,0,0,0,,,,,,,,,
1003,1783018150356,97900,95690,1,-2,-13,0,0,0,70,72,10,0,65,181.6,0,22,35,-998,-1,0,0,0,,,,,,,,,
1004,1783018150455,97999,95789,1,-1,-13,0,0,0,70,72,10,0,65,181.62,0,22,32,-1001,-1,0,0,0,,,,,,,,,
1005,1783018150554,98098,95889,1,-1,-13,0,0,0,70,72,10,0,65,181.78,0,22,34,-998,-1,0,0,0,,,,,,,,,
1006,1783018150654,98198,95988,1,-2,-13,0,0,0,70,72,10,0,65,181.43,0,20,33,-997,-1,0,0,0,,,,,,,,,
1007,1783018150752,98296,96087,1,-2,-13,0,0,0,70,72,10,0,65,181.54,0,23,32,-1001,-1,0,0,0,,,,,,,,,
1008,1783018150852,98396,96186,1,-2,-13,0,0,0,70,72,10,0,65,181.63,0,23,33,-997,-1,0,0,0,,,,,,,,,
1009,1783018150953,98497,96287,1,-2,-13,0,0,0,70,72,10,0,65,181.43,0,22,33,-997,-1,0,0,0,,,,,,,,,
1010,1783018151058,98602,96392,1,-2,-13,0,0,0,70,72,10,0,65,181.51,0,22,33,-998,-1,0,0,0,,,,,,,,,
1011,1783018151157,98701,96491,1,-1,-13,0,0,0,70,72,10,0,65,181.43,0,23,32,-1001,-1,0,0,0,,,,,,,,,
1012,1783018152322,99866,96592,1,-1,-13,0,0,0,70,72,10,0,65,181.6,0,24,33,-1000,-1,0,0,0,,,,,,,,,
1013,1783018152423,99967,96693,1,-1,-13,0,0,0,70,72,10,0,65,181.49,0,25,32,-1000,-1,0,0,0,,,,,,,,,
1014,1783018152523,100067,96793,1,-1,-13,0,0,0,70,72,10,0,65,181.66,0,23,32,-1000,-1,0,0,0,,,,,,,,,
1015,1783018152625,100169,96894,1,-1,-13,0,0,0,70,72,10,0,65,181.52,0,22,33,-999,-1,0,0,0,,,,,,,,,
1016,1783018152726,100270,96995,1,-1,-13,0,0,0,70,72,10,0,65,181.33,0,22,33,-998,-1,0,0,0,,,,,,,,,
1017,1783018152827,100371,97096,1,-1,-13,0,0,0,69,72,10,0,65,181.68,0,22,33,-1000,-1,0,0,0,,,,,,,,,
1018,1783018152928,100472,97198,1,-1,-13,0,0,0,69,72,10,0,65,181.56,0,23,33,-1001,-1,0,0,0,,,,,,,,,
1019,1783018153029,100573,97299,1,-2,-13,0,0,0,69,72,10,0,65,181.72,0,23,33,-999,-1,0,0,0,,,,,,,,,
1020,1783018153130,100674,97400,1,-2,-13,0,0,0,69,72,10,0,65,181.52,0,22,33,-1000,-1,0,0,0,,,,,,,,,
1021,1783018153232,100776,97501,1,-2,-13,0,0,0,69,72,10,0,65,181.51,0,22,33,-996,-1,0,0,0,,,,,,,,,
1022,1783018153333,100877,97602,1,-2,-13,0,0,0,69,72,10,0,65,181.54,0,22,34,-1000,-1,0,0,0,,,,,,,,,
1023,1783018153435,100979,97704,1,-2,-13,0,0,0,69,72,10,0,65,181.59,0,22,34,-1000,-1,0,0,0,,,,,,,,,
1024,1783018153484,101028,97754,1,-2,-13,0,0,0,69,72,10,0,65,181.51,0,23,32,-1000,-1,0,0,0,,,,,,,,,
1025,1783018153599,101143,97868,1,-2,-13,0,0,0,69,72,10,0,65,181.77,0,22,33,-1001,-1,0,0,0,,,,,,,,,
1026,1783018153687,101231,97956,1,-1,-13,0,0,0,69,72,10,0,65,181.27,0,22,33,-996,-1,0,0,0,,,,,,,,,
1027,1783018153788,101332,98057,1,-1,-13,0,0,0,69,72,10,0,65,181.46,0,22,35,-996,-1,0,0,0,,,,,,,,,
1028,1783018153889,101433,98159,1,-1,-13,0,0,0,69,72,10,0,65,181.44,0,21,33,-1001,-1,0,0,0,,,,,,,,,
1029,1783018153990,101534,98260,1,-1,-13,0,0,0,69,72,10,0,65,181.59,0,22,34,-1000,-1,0,0,0,,,,,,,,,
1030,1783018154091,101635,98361,1,-1,-13,0,0,0,69,72,10,0,65,181.72,0,23,32,-1000,-1,0,0,0,,,,,,,,,
1031,1783018154193,101737,98462,1,-1,-13,0,0,0,69,72,10,0,65,181.55,0,23,32,-997,-1,0,0,0,,,,,,,,,
1032,1783018154294,101838,98563,1,-1,-13,0,0,0,69,72,10,0,65,181.65,0,22,33,-996,-1,0,0,0,,,,,,,,,
1033,1783018154395,101939,98664,1,-1,-13,0,0,0,69,72,10,0,65,181.56,0,22,33,-999,-1,0,0,0,,,,,,,,,
1034,1783018154496,102040,98766,1,-1,-13,0,0,0,69,72,10,0,65,181.66,0,23,33,-998,-1,0,0,0,,,,,,,,,
1035,1783018154597,102141,98867,1,-1,-13,0,0,0,69,72,10,0,65,181.39,0,23,34,-999,-1,0,0,0,,,,,,,,,
1036,1783018154698,102242,98968,1,-1,-13,0,0,0,69,72,10,0,65,181.4,0,22,33,-1000,-1,0,0,0,,,,,,,,,
1037,1783018154801,102345,99071,1,-1,-13,0,0,0,70,72,10,0,65,181.7,0,22,35,-999,-1,0,0,0,,,,,,,,,
1038,1783018154903,102447,99173,1,-1,-13,0,0,0,70,72,10,0,65,181.47,0,20,34,-995,-1,0,0,0,,,,,,,,,
1039,1783018155009,102553,99279,1,-1,-13,0,0,0,70,72,10,0,65,181.71,0,22,34,-997,-1,0,0,0,,,,,,,,,
1040,1783018155116,102660,99385,1,-1,-13,0,0,0,70,72,10,0,65,181.6,0,22,34,-1000,-1,0,0,0,,,,,,,,,
1041,1783018155205,102749,99475,1,-1,-13,0,0,0,70,72,10,0,65,181.21,0,22,33,-1000,-1,0,0,0,,,,,,,,,
1042,1783018155306,102850,99576,1,-1,-13,0,0,0,70,72,10,0,65,181.78,0,21,34,-997,-1,0,0,0,,,,,,,,,
1043,1783018155407,102951,99677,1,-1,-13,0,0,0,70,72,10,0,65,181.89,0,23,33,-998,-1,0,0,0,,,,,,,,,
1044,1783018155509,103053,99778,1,-1,-13,0,0,0,70,72,10,0,65,181.75,0,22,34,-997,-1,0,0,0,,,,,,,,,
1045,1783018155610,103154,99879,1,-1,-13,0,0,0,70,72,10,0,65,181.35,0,23,34,-1000,-1,0,0,0,,,,,,,,,
1046,1783018155711,103255,99981,1,-1,-13,0,0,0,70,72,10,0,65,181.56,0,21,33,-1000,-1,0,0,0,,,,,,,,,
1047,1783018155812,103356,100082,1,-1,-13,0,0,0,70,72,10,0,65,181.4,0,23,33,-1000,-1,0,0,0,,,,,,,,,
1048,1783018155913,103457,100183,1,-1,-13,0,0,0,70,72,10,0,65,181.79,0,21,33,-999,-1,0,0,0,,,,,,,,,
1049,1783018156016,103560,100286,1,-1,-13,0,0,0,70,72,10,0,65,181.46,0,21,34,-998,-1,0,0,0,,,,,,,,,
1050,1783018156116,103660,100385,1,-1,-13,0,0,0,70,72,10,0,65,181.49,0,21,33,-999,-1,0,0,0,,,,,,,,,
1051,1783018156217,103761,100487,1,-1,-13,0,0,0,70,72,10,0,65,181.53,0,20,33,-1000,-1,0,0,0,,,,,,,,,
1052,1783018156321,103865,100591,1,-1,-13,0,0,0,70,72,10,0,65,181.63,0,21,31,-1003,-1,0,0,0,,,,,,,,,
1053,1783018156442,103986,100711,1,-1,-13,0,0,0,70,72,10,0,65,181.76,0,23,32,-1001,-1,0,0,0,,,,,,,,,
1054,1783018156470,104014,100739,1,-1,-13,0,0,0,70,72,10,0,65,181.54,0,21,34,-1000,-1,0,0,0,,,,,,,,,
1055,1783018156571,104115,100840,1,-1,-13,0,0,0,70,72,10,0,65,181.7,0,22,33,-996,-1,0,0,0,,,,,,,,,
1056,1783018156672,104216,100942,1,-1,-13,0,0,0,70,72,10,0,65,181.88,0,24,32,-998,-1,0,0,0,,,,,,,,,
1057,1783018156773,104317,101043,1,-1,-13,0,0,0,69,72,10,0,65,181.59,0,23,32,-1001,-1,0,0,0,,,,,,,,,
1058,1783018156875,104419,101145,1,-1,-13,0,0,0,69,72,10,0,65,181.66,0,24,33,-1001,-1,0,0,0,,,,,,,,,
1059,1783018156975,104519,101245,1,-1,-13,0,0,0,69,72,10,0,65,181.45,0,22,33,-998,-1,0,0,0,,,,,,,,,
1060,1783018157077,104621,101346,1,-1,-13,0,0,0,69,72,10,0,65,181.9,0,21,34,-993,-1,0,0,0,,,,,,,,,
1061,1783018157178,104722,101447,1,-1,-13,0,0,0,69,72,10,0,65,181.88,0,21,34,-999,-1,0,0,0,,,,,,,,,
1062,1783018157280,104824,101549,1,-1,-13,0,0,0,69,72,10,0,65,181.58,0,22,35,-1002,-1,0,0,0,,,,,,,,,
1063,1783018157382,104926,101652,1,-1,-13,0,0,0,69,72,10,0,65,181.59,0,22,33,-1002,-1,0,0,0,,,,,,,,,
1064,1783018157485,105029,101754,1,-1,-13,0,0,0,69,72,10,0,65,181.54,0,24,33,-998,-1,0,0,0,,,,,,,,,
1065,1783018157584,105128,101853,1,-1,-13,0,0,0,69,72,10,0,65,181.57,0,23,33,-996,-1,0,0,0,,,,,,,,,
1066,1783018157685,105229,101954,1,-1,-13,0,0,0,69,72,10,0,65,181.52,0,21,34,-999,-1,0,0,0,,,,,,,,,
1067,1783018157791,105335,102061,1,-1,-13,0,0,0,70,72,10,0,65,181.56,0,21,35,-998,-1,0,0,0,,,,,,,,,
1068,1783018157889,105433,102159,1,-1,-13,0,0,0,70,72,10,0,65,181.78,0,23,32,-999,-1,0,0,0,,,,,,,,,
1069,1783018157989,105533,102259,1,-1,-13,0,0,0,70,72,10,0,65,181.7,0,22,32,-1000,-1,0,0,0,,,,,,,,,
1070,1783018158085,105629,102354,1,-1,-13,0,0,0,70,72,10,0,65,181.63,0,23,34,-1000,-1,0,0,0,,,,,,,,,
1071,1783018158184,105728,102454,1,-1,-13,0,0,0,70,72,10,0,65,181.7,0,21,33,-998,-1,0,0,0,,,,,,,,,
1072,1783018158283,105827,102553,1,-1,-13,0,0,0,70,72,10,0,65,181.57,0,23,33,-997,-1,0,0,0,,,,,,,,,
1073,1783018158382,105926,102652,1,-1,-13,0,0,0,70,72,10,0,65,181.7,0,22,33,-996,-1,0,0,0,,,,,,,,,
1074,1783018158482,106026,102751,1,-1,-13,0,0,0,70,72,10,0,65,181.83,0,23,34,-1001,-1,0,0,0,,,,,,,,,
1075,1783018158586,106130,102856,1,-1,-13,0,0,0,70,72,10,0,65,181.65,0,23,34,-998,-1,0,0,0,,,,,,,,,
1076,1783018158680,106224,102950,1,-1,-13,0,0,0,70,72,10,0,65,181.72,0,23,33,-996,-1,0,0,0,,,,,,,,,
1077,1783018158780,106324,103050,1,-1,-13,0,0,0,69,72,10,0,65,181.66,0,22,34,-996,-1,0,0,0,,,,,,,,,
1078,1783018158880,106424,103149,1,-1,-13,0,0,0,69,72,10,0,65,181.71,0,21,35,-997,-1,0,0,0,,,,,,,,,
1079,1783018158979,106523,103248,1,-1,-13,0,0,0,69,72,10,0,65,181.52,0,24,34,-997,-1,0,0,0,,,,,,,,,
1080,1783018159079,106623,103348,1,-1,-13,0,0,0,69,72,10,0,65,181.97,0,23,35,-1002,-1,0,0,0,,,,,,,,,
1081,1783018159177,106721,103446,1,-1,-13,0,0,0,69,72,10,0,65,181.58,0,22,31,-999,-1,0,0,0,,,,,,,,,
1082,1783018159275,106819,103545,1,-1,-13,0,0,0,69,72,10,0,65,181.86,0,21,35,-996,-1,0,0,0,,,,,,,,,
1083,1783018159375,106919,103644,1,-1,-13,0,0,0,69,72,10,0,65,181.77,0,20,34,-998,-1,0,0,0,,,,,,,,,
1084,1783018159474,107018,103744,1,-1,-13,0,0,0,69,72,10,0,65,181.75,0,21,36,-1000,-1,0,0,0,,,,,,,,,
1085,1783018159523,107067,103793,1,-1,-13,0,0,0,69,72,10,0,65,181.52,0,22,33,-1000,-1,0,0,0,,,,,,,,,
1086,1783018159623,107167,103893,1,-1,-13,0,0,0,69,72,10,0,65,181.84,0,23,32,-1001,-1,0,0,0,,,,,,,,,
1087,1783018159727,107271,103997,1,-1,-13,0,0,0,70,72,10,0,65,181.67,0,22,35,-1001,-1,0,0,0,,,,,,,,,
1088,1783018159823,107367,104092,1,-1,-13,0,0,0,70,72,10,0,65,181.59,0,20,33,-1003,-1,0,0,0,,,,,,,,,
1089,1783018159924,107468,104194,1,-1,-13,0,0,0,70,72,10,0,65,181.91,0,21,35,-995,-1,0,0,0,,,,,,,,,
1090,1783018160019,107563,104288,1,-1,-13,0,0,0,70,72,10,0,65,181.6,0,21,32,-1001,-1,0,0,0,,,,,,,,,
1091,1783018160116,107660,104386,1,-1,-13,0,0,0,70,72,10,0,65,181.7,0,23,34,-1002,-1,0,0,0,,,,,,,,,
1092,1783018160214,107758,104484,1,-1,-13,0,0,0,70,72,10,0,65,181.94,0,23,32,-999,-1,0,0,0,,,,,,,,,
1093,1783018160312,107856,104581,1,-1,-13,0,0,0,70,72,10,0,65,181.64,0,21,34,-997,-1,0,0,0,,,,,,,,,
1094,1783018160409,107953,104679,1,-1,-13,0,0,0,70,72,10,0,65,181.59,0,21,34,-996,-1,0,0,0,,,,,,,,,
1095,1783018160507,108051,104777,1,-1,-13,0,0,0,70,72,10,0,65,181.86,0,22,33,-998,-1,0,0,0,,,,,,,,,
1096,1783018160605,108149,104874,1,-1,-13,0,0,0,70,72,10,0,65,181.57,0,22,34,-1000,-1,0,0,0,,,,,,,,,
1097,1783018160702,108246,104972,1,-1,-13,0,0,0,70,72,10,0,65,181.78,0,22,35,-999,-1,0,0,0,,,,,,,,,
1098,1783018160800,108344,105069,1,-1,-13,0,0,0,70,72,10,0,65,181.68,0,22,33,-1001,-1,0,0,0,,,,,,,,,
1099,1783018160900,108444,105169,1,-1,-13,0,0,0,70,72,10,0,65,181.6,0,20,34,-999,-1,0,0,0,,,,,,,,,
1100,1783018160995,108539,105265,1,-1,-13,0,0,0,70,72,10,0,65,181.82,0,22,34,-997,-1,0,0,0,,,,,,,,,
1101,1783018161093,108637,105362,1,-1,-13,0,0,0,70,72,10,0,65,181.94,0,21,36,-998,-1,0,0,0,,,,,,,,,
1102,1783018161191,108735,105460,1,-1,-13,0,0,0,70,72,10,0,65,181.57,0,22,33,-1002,-1,0,0,0,,,,,,,,,
1103,1783018161289,108833,105558,1,-1,-13,0,0,0,70,72,10,0,65,181.54,0,23,32,-997,-1,0,0,0,,,,,,,,,
1104,1783018161385,108929,105655,1,-1,-13,0,0,0,70,72,10,0,65,181.65,0,23,33,-998,-1,0,0,0,,,,,,,,,
1105,1783018161483,109027,105753,1,-1,-13,0,0,0,70,72,10,0,65,181.78,0,22,35,-1000,-1,0,0,0,,,,,,,,,
1106,1783018161581,109125,105850,1,-1,-13,0,0,0,70,72,10,0,65,181.52,0,21,35,-999,-1,0,0,0,,,,,,,,,
1107,1783018161678,109222,105948,1,-1,-13,0,0,0,69,72,10,0,65,181.94,0,22,34,-999,-1,0,0,0,,,,,,,,,
1108,1783018161776,109320,106045,1,-1,-13,0,0,0,69,72,10,0,65,181.57,0,23,33,-1000,-1,0,0,0,,,,,,,,,
1109,1783018161874,109418,106143,1,-1,-13,0,0,0,69,72,10,0,65,181.63,0,21,34,-994,-1,0,0,0,,,,,,,,,
1110,1783018161971,109515,106241,1,-1,-13,0,0,0,69,72,10,0,65,181.91,0,23,34,-997,-1,0,0,0,,,,,,,,,
1111,1783018162069,109613,106338,1,-1,-13,0,0,0,69,72,10,0,65,181.61,0,21,33,-998,-1,0,0,0,,,,,,,,,
1112,1783018162166,109710,106436,1,-1,-13,0,0,0,69,72,10,0,65,181.57,0,22,34,-1001,-1,0,0,0,,,,,,,,,
1113,1783018162264,109808,106534,1,-1,-13,0,0,0,69,72,10,0,65,181.58,0,21,31,-998,-1,0,0,0,,,,,,,,,
1114,1783018162362,109906,106631,1,-1,-13,0,0,0,69,72,10,0,65,181.83,0,23,34,-997,-1,0,0,0,,,,,,,,,
1115,1783018162459,110003,106729,1,-1,-13,0,0,0,69,72,10,0,65,181.56,0,21,34,-997,-1,0,0,0,,,,,,,,,
1116,1783018162557,110101,106826,1,-1,-13,0,0,0,69,72,10,0,65,181.61,0,22,34,-1000,-1,0,0,0,,,,,,,,,
1117,1783018162658,110202,106927,1,-1,-13,0,0,0,70,72,10,0,65,181.63,0,22,33,-1001,-1,0,0,0,,,,,,,,,
1118,1783018162753,110297,107022,1,-1,-13,0,0,0,70,72,10,0,65,181.7,0,22,33,-997,-1,0,0,0,,,,,,,,,
1119,1783018162852,110396,107121,1,-1,-13,0,0,0,70,72,10,0,65,181.54,0,22,34,-995,-1,0,0,0,,,,,,,,,
1120,1783018162899,110443,107169,1,-1,-13,0,0,0,70,72,10,0,65,181.63,0,21,32,-998,-1,0,0,0,,,,,,,,,
1121,1783018163002,110546,107272,1,-1,-13,0,0,0,70,72,10,0,65,181.61,0,21,34,-1001,-1,0,0,0,,,,,,,,,
1122,1783018163095,110639,107364,1,-1,-13,0,0,0,70,72,10,0,65,181.9,0,21,34,-1002,-1,0,0,0,,,,,,,,,
1123,1783018163193,110737,107462,1,-1,-13,0,0,0,70,72,10,0,65,181.67,0,24,32,-997,-1,0,0,0,,,,,,,,,
1124,1783018163293,110837,107563,1,-1,-13,0,0,0,70,72,10,0,65,181.71,0,21,32,-998,-1,0,0,0,,,,,,,,,
1125,1783018163391,110935,107660,1,-1,-13,0,0,0,70,72,10,0,65,181.55,0,23,35,-998,-1,0,0,0,,,,,,,,,
1126,1783018163485,111029,107755,1,-1,-13,0,0,0,70,72,10,0,65,181.86,0,22,32,-1000,-1,0,0,0,,,,,,,,,
1127,1783018163583,111127,107852,1,-1,-13,0,0,0,69,72,10,0,65,181.57,0,23,33,-1002,-1,0,0,0,,,,,,,,,
1128,1783018163682,111226,107952,1,-1,-13,0,0,0,69,72,10,0,65,181.41,0,22,33,-998,-1,0,0,0,,,,,,,,,
1129,1783018163780,111324,108049,1,-1,-13,0,0,0,69,72,10,0,65,181.69,0,23,33,-999,-1,0,0,0,,,,,,,,,
1130,1783018163876,111420,108145,1,-1,-13,0,0,0,69,72,10,0,65,181.57,0,21,33,-995,-1,0,0,0,,,,,,,,,
1131,1783018163973,111517,108243,1,-1,-13,0,0,0,69,72,10,0,65,181.7,0,22,34,-999,-1,0,0,0,,,,,,,,,
1132,1783018164071,111615,108340,1,-1,-13,0,0,0,69,72,10,0,65,181.66,0,23,35,-1000,-1,0,0,0,,,,,,,,,
1133,1783018164168,111712,108438,1,-1,-13,0,0,0,69,72,10,0,65,181.41,0,22,33,-999,-1,0,0,0,,,,,,,,,
1134,1783018164266,111810,108536,1,-1,-13,0,0,0,69,72,10,0,65,181.43,0,21,35,-996,-1,0,0,0,,,,,,,,,
1135,1783018164364,111908,108633,1,-1,-13,0,0,0,69,72,10,0,65,181.39,0,20,33,-998,-1,0,0,0,,,,,,,,,
1136,1783018164461,112005,108731,1,-1,-13,0,0,0,69,72,10,0,65,181.95,0,22,32,-998,-1,0,0,0,,,,,,,,,
1137,1783018164559,112103,108828,1,-1,-13,0,0,0,69,72,10,0,65,181.73,0,20,36,-995,-1,0,0,0,,,,,,,,,
1138,1783018164657,112201,108926,1,-1,-13,0,0,0,69,72,10,0,65,181.47,0,25,34,-1000,-1,0,0,0,,,,,,,,,
1139,1783018164754,112298,109024,1,-1,-13,0,0,0,69,72,10,0,65,181.52,0,22,34,-1000,-1,0,0,0,,,,,,,,,
1140,1783018164852,112396,109121,1,-1,-13,0,0,0,69,72,10,0,65,181.24,0,23,32,-999,-1,0,0,0,,,,,,,,,
1141,1783018164949,112493,109219,1,-1,-13,0,0,0,69,72,10,0,65,181.74,0,21,33,-995,-1,0,0,0,,,,,,,,,
1142,1783018165048,112592,109317,1,-1,-13,0,0,0,69,72,10,0,65,181.48,0,20,34,-1000,-1,0,0,0,,,,,,,,,
1143,1783018165145,112689,109414,1,-1,-13,0,0,0,69,72,10,0,65,181.38,0,22,35,-998,-1,0,0,0,,,,,,,,,
1144,1783018165244,112788,109513,1,-1,-13,0,0,0,69,72,10,0,65,181.92,0,22,33,-1002,-1,0,0,0,,,,,,,,,
1145,1783018165341,112885,109610,1,-1,-13,0,0,0,69,72,10,0,65,181.63,0,25,33,-999,-1,0,0,0,,,,,,,,,
1146,1783018165437,112981,109707,1,-1,-13,0,0,0,69,72,10,0,65,181.53,0,23,32,-999,-1,0,0,0,,,,,,,,,
1147,1783018165535,113079,109805,1,-1,-13,0,0,0,69,72,10,0,65,181.63,0,22,35,-995,-1,0,0,0,,,,,,,,,
1148,1783018165634,113178,109903,1,-1,-13,0,0,0,69,72,10,0,65,181.6,0,22,35,-999,-1,0,0,0,,,,,,,,,
1149,1783018165733,113277,110002,1,-1,-13,0,0,0,69,72,10,0,65,181.55,0,22,33,-997,-1,0,0,0,,,,,,,,,
1150,1783018165828,113372,110097,1,-1,-13,0,0,0,69,72,10,0,65,181.82,0,22,34,-1000,-1,0,0,0,,,,,,,,,
1151,1783018165877,113421,110146,1,-1,-13,0,0,0,69,72,10,0,65,181.61,0,22,33,-998,-1,0,0,0,,,,,,,,,
1152,1783018165976,113520,110245,1,-1,-13,0,0,0,69,72,10,0,65,181.94,0,21,33,-998,-1,0,0,0,,,,,,,,,
1153,1783018166076,113620,110345,1,-1,-13,0,0,0,69,72,10,0,65,181.32,0,23,34,-998,-1,0,0,0,,,,,,,,,
1154,1783018166172,113716,110441,1,-1,-13,0,0,0,69,72,10,0,65,181.67,0,23,35,-1000,-1,0,0,0,,,,,,,,,
1155,1783018166268,113812,110538,1,-1,-13,0,0,0,69,72,10,0,65,181.44,0,22,33,-997,-1,0,0,0,,,,,,,,,
1156,1783018166366,113910,110636,1,-1,-13,0,0,0,69,72,10,0,65,181.5,0,22,34,-998,-1,0,0,0,,,,,,,,,
1157,1783018166463,114007,110733,1,-1,-13,0,0,0,69,72,10,0,65,181.52,0,23,35,-998,-1,0,0,0,,,,,,,,,
1158,1783018166561,114105,110831,1,-1,-13,0,0,0,69,72,10,0,65,181.55,0,21,34,-998,-1,0,0,0,,,,,,,,,
1159,1783018166659,114203,110928,1,-1,-13,0,0,0,69,72,10,0,65,181.84,0,21,33,-999,-1,0,0,0,,,,,,,,,
1160,1783018166756,114300,111026,1,-1,-13,0,0,0,69,72,10,0,65,181.68,0,21,34,-999,-1,0,0,0,,,,,,,,,
1161,1783018166854,114398,111124,1,-1,-13,0,0,0,69,72,10,0,65,181.32,0,21,33,-998,-1,0,0,0,,,,,,,,,
1162,1783018166951,114495,111221,1,-1,-13,0,0,0,69,72,10,0,65,181.55,0,21,33,-1000,-1,0,0,0,,,,,,,,,
1163,1783018167049,114593,111319,1,-1,-13,0,0,0,69,72,10,0,65,181.7,0,22,34,-998,-1,0,0,0,,,,,,,,,
1164,1783018167148,114692,111418,1,-1,-13,0,0,0,69,72,10,0,65,181.4,0,21,34,-999,-1,0,0,0,,,,,,,,,
1165,1783018167244,114788,111514,1,-1,-13,0,0,0,69,72,10,0,65,181.93,0,22,35,-999,-1,0,0,0,,,,,,,,,
1166,1783018167342,114886,111612,1,-1,-13,0,0,0,69,72,10,0,64,181.53,0,21,34,-1001,-1,0,0,0,,,,,,,,,
1167,1783018167440,114984,111709,1,-1,-13,0,0,0,70,72,10,0,64,181.65,0,21,34,-1001,-1,0,0,0,,,,,,,,,
1168,1783018167537,115081,111807,1,-1,-13,0,0,0,70,72,10,0,64,181.41,0,22,33,-996,-1,0,0,0,,,,,,,,,
1169,1783018167643,115187,111912,1,-1,-13,0,0,0,70,72,10,0,64,181.73,0,21,34,-998,-1,0,0,0,,,,,,,,,
1170,1783018167734,115278,112004,1,-1,-13,0,0,0,70,72,10,0,64,181.37,0,21,35,-996,-1,0,0,0,,,,,,,,,
1171,1783018167832,115376,112102,1,-1,-13,0,0,0,70,72,10,0,64,181.5,0,21,33,-996,-1,0,0,0,,,,,,,,,
1172,1783018167930,115474,112199,1,-1,-13,0,0,0,70,72,10,0,64,181.42,0,24,34,-996,-1,0,0,0,,,,,,,,,
1173,1783018168027,115571,112296,1,-1,-13,0,0,0,70,72,10,0,64,181.89,0,22,32,-999,-1,0,0,0,,,,,,,,,
1174,1783018168123,115667,112393,1,-1,-13,0,0,0,70,72,10,0,64,181.78,0,22,33,-998,-1,0,0,0,,,,,,,,,
1175,1783018168222,115766,112491,1,-1,-13,0,0,0,70,72,10,0,64,181.68,0,22,35,-998,-1,0,0,0,,,,,,,,,
1176,1783018168316,115860,112585,1,-1,-13,0,0,0,70,72,10,0,64,181.58,0,21,32,-999,-1,0,0,0,,,,,,,,,
1177,1783018168411,115955,112681,1,-1,-13,0,0,0,70,72,10,0,64,181.32,0,24,34,-1000,-1,0,0,0,,,,,,,,,
1178,1783018168508,116052,112777,1,-1,-13,0,0,0,70,72,10,0,64,181.33,0,22,33,-1000,-1,0,0,0,,,,,,,,,
1179,1783018168604,116148,112873,1,-1,-13,0,0,0,70,72,10,0,64,181.59,0,22,36,-999,-1,0,0,0,,,,,,,,,
1180,1783018168702,116246,112971,1,-1,-13,0,0,0,70,72,10,0,64,181.49,0,21,33,-998,-1,0,0,0,,,,,,,,,
1181,1783018168796,116340,113066,1,-1,-13,0,0,0,70,72,10,0,64,181.43,0,21,33,-996,-1,0,0,0,,,,,,,,,
1182,1783018168854,116398,113123,1,-1,-13,0,0,0,70,72,10,0,64,181.63,0,23,34,-1001,-1,0,0,0,,,,,,,,,
1183,1783018168942,116486,113212,1,-1,-13,0,0,0,70,72,10,0,64,181.42,0,24,33,-1001,-1,0,0,0,,,,,,,,,
1184,1783018169037,116581,113307,1,-1,-13,0,0,0,70,72,10,0,64,181.6,0,22,33,-1000,-1,0,0,0,,,,,,,,,
1185,1783018169134,116678,113403,1,-1,-13,0,0,0,70,72,10,0,64,181.58,0,21,33,-1000,-1,0,0,0,,,,,,,,,
1186,1783018169230,116774,113500,1,-1,-13,0,0,0,70,72,10,0,64,181.59,0,23,34,-998,-1,0,0,0,,,,,,,,,
1187,1783018169326,116870,113596,1,-1,-13,0,0,0,70,72,10,0,64,181.68,0,22,34,-1001,-1,0,0,0,,,,,,,,,
1188,1783018169426,116970,113695,1,-1,-13,0,0,0,70,72,10,0,64,181.63,0,23,33,-1000,-1,0,0,0,,,,,,,,,
1189,1783018169519,117063,113789,1,-1,-13,0,0,0,70,72,10,0,64,181.46,0,22,32,-998,-1,0,0,0,,,,,,,,,
1190,1783018169615,117159,113885,1,-1,-13,0,0,0,70,72,10,0,64,181.66,0,22,32,-1000,-1,0,0,0,,,,,,,,,
1191,1783018169712,117256,113982,1,-1,-13,0,0,0,70,72,10,0,64,181.52,0,21,36,-999,-1,0,0,0,,,,,,,,,
1192,1783018169809,117353,114079,1,-1,-13,0,0,0,70,72,10,0,64,181.64,0,20,34,-996,-1,0,0,0,,,,,,,,,
1193,1783018169908,117452,114178,1,-1,-13,0,0,0,70,72,10,0,64,181.71,0,21,33,-998,-1,0,0,0,,,,,,,,,
1194,1783018170011,117555,114280,1,-1,-13,0,0,0,70,72,10,0,64,181.59,0,24,32,-1001,-1,0,0,0,,,,,,,,,
1195,1783018170108,117652,114378,1,-1,-13,0,0,0,70,72,10,0,64,181.24,0,23,34,-999,-1,0,0,0,,,,,,,,,
1196,1783018170214,117758,114484,1,-1,-13,0,0,0,70,72,10,0,64,181.78,0,20,34,-998,-1,0,0,0,,,,,,,,,
1197,1783018170291,117835,114560,1,-1,-13,0,0,0,69,71,10,0,64,181.37,0,21,31,-993,-1,0,0,0,,,,,,,,,
1198,1783018170389,117933,114658,1,-1,-13,0,0,0,69,71,10,0,64,181.6,0,22,35,-997,-1,0,0,0,,,,,,,,,
1199,1783018170489,118033,114758,1,-1,-13,0,0,0,69,71,10,0,64,181.82,0,23,33,-1001,-1,0,0,0,,,,,,,,,
1200,1783018170582,118126,114852,1,-1,-13,0,0,0,69,71,10,0,64,181.36,0,22,33,-1002,-1,0,0,0,,,,,,,,,
1201,1783018170681,118225,114951,1,-1,-13,0,0,0,69,71,10,0,64,181.5,0,24,33,-1000,-1,0,0,0,,,,,,,,,
1202,1783018170776,118320,115045,1,-1,-13,0,0,0,69,71,10,0,64,181.6,0,22,32,-998,-1,0,0,0,,,,,,,,,
1203,1783018170872,118416,115142,1,-1,-13,0,0,0,69,71,10,0,64,181.55,0,21,34,-993,-1,0,0,0,,,,,,,,,
1204,1783018170971,118515,115240,1,-1,-13,0,0,0,69,71,10,0,64,181.6,0,19,34,-1000,-1,0,0,0,,,,,,,,,
1205,1783018171068,118612,115337,1,-1,-13,0,0,0,69,71,10,0,64,181.85,0,23,34,-998,-1,0,0,0,,,,,,,,,
1206,1783018171164,118708,115434,1,-1,-13,0,0,0,69,71,10,0,64,181.4,0,24,31,-997,-1,0,0,0,,,,,,,,,
1207,1783018171254,118798,115523,1,-1,-13,0,0,0,69,72,10,0,64,181.63,0,23,32,-998,-1,0,0,0,,,,,,,,,
1208,1783018171350,118894,115619,1,-1,-13,0,0,0,69,72,10,0,64,181.47,0,22,34,-997,-1,0,0,0,,,,,,,,,
1209,1783018171446,118990,115716,1,-1,-13,0,0,0,69,72,10,0,64,181.21,0,22,35,-997,-1,0,0,0,,,,,,,,,
1210,1783018171563,119107,115832,1,-1,-13,0,0,0,69,72,10,0,64,181.63,0,20,34,-999,-1,0,0,0,,,,,,,,,
1211,1783018171639,119183,115909,1,-1,-13,0,0,0,69,72,10,0,64,181.48,0,24,35,-998,-1,0,0,0,,,,,,,,,
1212,1783018171737,119281,116006,1,-1,-13,0,0,0,69,72,10,0,64,181.91,0,23,35,-1002,-1,0,0,0,,,,,,,,,
1213,1783018171831,119375,116101,1,-1,-13,0,0,0,69,72,10,0,64,181.87,0,22,33,-998,-1,0,0,0,,,,,,,,,
1214,1783018171928,119472,116197,1,-1,-13,0,0,0,69,72,10,0,64,181.43,0,21,34,-997,-1,0,0,0,,,,,,,,,
1215,1783018171978,119522,116247,1,-1,-13,0,0,0,69,72,10,0,64,181.63,0,21,33,-998,-1,0,0,0,,,,,,,,,
1216,1783018172073,119617,116343,1,-1,-13,0,0,0,69,72,10,0,64,181.41,0,22,35,-998,-1,0,0,0,,,,,,,,,
1217,1783018172169,119713,116438,1,-1,-13,0,0,0,69,71,10,0,64,181.79,0,22,34,-998,-1,0,0,0,,,,,,,,,
1218,1783018172267,119811,116536,1,-1,-13,0,0,0,69,71,10,0,64,181.68,0,20,34,-997,-1,0,0,0,,,,,,,,,
1219,1783018172365,119909,116634,1,-1,-13,0,0,0,69,71,10,0,64,181.76,0,22,32,-999,-1,0,0,0,,,,,,,,,
1220,1783018172459,120003,116728,1,-1,-13,0,0,0,69,71,10,0,64,181.78,0,21,34,-997,-1,0,0,0,,,,,,,,,
1221,1783018172556,120100,116825,1,-1,-13,0,0,0,69,71,10,0,64,181.59,0,21,33,-999,-1,0,0,0,,,,,,,,,
1222,1783018172651,120195,116921,1,-1,-13,0,0,0,69,71,10,0,64,181.69,0,23,34,-999,-1,0,0,0,,,,,,,,,
1223,1783018172748,120292,117017,1,-1,-13,0,0,0,69,71,10,0,64,181.28,0,22,32,-998,-1,0,0,0,,,,,,,,,
1224,1783018172844,120388,117113,1,-1,-13,0,0,0,69,71,10,0,64,181.17,0,21,34,-996,-1,0,0,0,,,,,,,,,
1225,1783018172940,120484,117210,1,-1,-13,0,0,0,69,71,10,0,64,181.54,0,20,33,-1002,-1,0,0,0,,,,,,,,,
1226,1783018173036,120580,117306,1,-1,-13,0,0,0,69,71,10,0,64,181.67,0,21,34,-998,-1,0,0,0,,,,,,,,,
1227,1783018173133,120677,117402,1,-1,-13,0,0,0,69,72,10,0,64,181.69,0,22,32,-999,-1,0,0,0,,,,,,,,,
1228,1783018173229,120773,117499,1,-1,-13,0,0,0,69,72,10,0,64,181.51,0,20,34,-998,-1,0,0,0,,,,,,,,,
1229,1783018173325,120869,117595,1,-1,-13,0,0,0,69,72,10,0,64,181.56,0,21,33,-1000,-1,0,0,0,,,,,,,,,
1230,1783018173425,120969,117694,1,-1,-13,0,0,0,69,72,10,0,64,181.5,0,20,34,-999,-1,0,0,0,,,,,,,,,
1231,1783018173524,121068,117793,1,-1,-13,0,0,0,69,72,10,0,64,181.59,0,21,34,-998,-1,0,0,0,,,,,,,,,
1232,1783018173624,121168,117894,1,-1,-13,0,0,0,69,72,10,0,64,181.46,0,24,35,-999,-1,0,0,0,,,,,,,,,
1233,1783018173722,121266,117992,1,-1,-13,0,0,0,69,72,10,0,64,181.49,0,23,33,-998,-1,0,0,0,,,,,,,,,
1234,1783018173821,121365,118091,1,-1,-13,0,0,0,69,72,10,0,64,181.56,0,20,33,-998,-1,0,0,0,,,,,,,,,
1235,1783018173921,121465,118190,1,-1,-13,0,0,0,69,72,10,0,64,181.67,0,24,34,-998,-1,0,0,0,,,,,,,,,
1236,1783018174021,121565,118290,1,-1,-13,0,0,0,69,72,10,0,64,181.42,0,22,33,-1001,-1,0,0,0,,,,,,,,,
1237,1783018174121,121665,118391,1,-1,-13,0,0,0,69,72,10,0,64,181.72,0,23,34,-999,-1,0,0,0,,,,,,,,,
1238,1783018174226,121770,118495,1,-1,-13,0,0,0,69,72,10,0,64,181.74,0,21,34,-999,-1,0,0,0,,,,,,,,,
1239,1783018174317,121861,118587,1,-1,-13,0,0,0,69,72,10,0,64,181.57,0,22,33,-999,-1,0,0,0,,,,,,,,,
1240,1783018174417,121961,118686,1,-1,-13,0,0,0,69,72,10,0,64,181.9,0,20,34,-998,-1,0,0,0,,,,,,,,,
1241,1783018174516,122060,118785,1,-1,-13,0,0,0,69,72,10,0,64,181.84,0,22,32,-998,-1,0,0,0,,,,,,,,,
1242,1783018174615,122159,118885,1,-1,-13,0,0,0,69,72,10,0,64,181.79,0,22,34,-999,-1,0,0,0,,,,,,,,,
1243,1783018174714,122258,118984,1,-1,-13,0,0,0,69,72,10,0,64,181.69,0,21,35,-1003,-1,0,0,0,,,,,,,,,
1244,1783018174814,122358,119084,1,-1,-13,0,0,0,69,72,10,0,64,181.36,0,20,35,-998,-1,0,0,0,,,,,,,,,
1245,1783018174915,122459,119184,1,-1,-13,0,0,0,69,72,10,0,64,181.89,0,23,34,-999,-1,0,0,0,,,,,,,,,
1246,1783018175012,122556,119282,1,-1,-13,0,0,0,69,72,10,0,64,181.93,0,20,36,-998,-1,0,0,0,,,,,,,,,
1247,1783018175113,122657,119383,1,-1,-13,0,0,0,70,71,10,0,64,181.68,0,23,34,-1002,-1,0,0,0,,,,,,,,,
1248,1783018175216,122760,119486,1,-1,-13,0,0,0,70,71,10,0,64,181.96,0,23,33,-999,-1,0,0,0,,,,,,,,,
1249,1783018175261,122805,119530,1,-1,-13,0,0,0,70,71,10,0,64,181.54,0,22,34,-997,-1,0,0,0,,,,,,,,,
1250,1783018175360,122904,119630,1,-1,-13,0,0,0,70,71,10,0,64,181.43,0,20,34,-997,-1,0,0,0,,,,,,,,,
1251,1783018175459,123003,119729,1,-1,-13,0,0,0,70,71,10,0,64,182.04,0,22,34,-997,-1,0,0,0,,,,,,,,,
1252,1783018175559,123103,119828,1,-1,-13,0,0,0,70,71,10,0,64,181.68,0,22,34,-998,-1,0,0,0,,,,,,,,,
1253,1783018175658,123202,119927,1,-1,-13,0,0,0,70,71,10,0,64,181.7,0,23,33,-997,-1,0,0,0,,,,,,,,,
1254,1783018175757,123301,120027,1,-1,-13,0,0,0,70,71,10,0,64,181.61,0,23,34,-1001,-1,0,0,0,,,,,,,,,
1255,1783018175856,123400,120126,1,-1,-13,0,0,0,70,71,10,0,64,181.63,0,21,34,-997,-1,0,0,0,,,,,,,,,
1256,1783018175955,123499,120225,1,-1,-13,0,0,0,70,71,10,0,64,181.8,0,21,34,-998,-1,0,0,0,,,,,,,,,
1257,1783018176055,123599,120324,1,-1,-13,0,0,0,70,71,10,0,64,181.32,0,21,33,-997,-1,0,0,0,,,,,,,,,
1258,1783018176157,123701,120426,1,-1,-13,0,0,0,70,71,10,0,64,181.62,0,24,33,-1000,-1,0,0,0,,,,,,,,,
1259,1783018176253,123797,120523,1,-1,-13,0,0,0,70,71,10,0,64,181.67,0,23,33,-1000,-1,0,0,0,,,,,,,,,
1260,1783018176354,123898,120623,1,-1,-13,0,0,0,70,71,10,0,64,181.55,0,22,33,-999,-1,0,0,0,,,,,,,,,
1261,1783018176453,123997,120723,1,-1,-13,0,0,0,70,71,10,0,64,181.66,0,20,34,-995,-1,0,0,0,,,,,,,,,
1262,1783018176552,124096,120821,1,-1,-13,0,0,0,70,71,10,0,64,181.59,0,20,36,-1001,-1,0,0,0,,,,,,,,,
1263,1783018176650,124194,120919,1,-1,-13,0,0,0,70,71,10,0,64,181.75,0,22,35,-999,-1,0,0,0,,,,,,,,,
1264,1783018176749,124293,121019,1,-1,-13,0,0,0,70,71,10,0,64,181.53,0,23,34,-999,-1,0,0,0,,,,,,,,,
1265,1783018176848,124392,121118,1,-1,-13,0,0,0,70,71,10,0,64,181.72,0,21,33,-998,-1,0,0,0,,,,,,,,,
1266,1783018176948,124492,121217,1,-1,-13,0,0,0,70,71,10,0,64,181.84,0,22,33,-996,-1,0,0,0,,,,,,,,,
1267,1783018177047,124591,121316,1,-1,-13,0,0,0,70,72,10,0,64,181.59,0,22,34,-998,-1,0,0,0,,,,,,,,,
1268,1783018177146,124690,121416,1,-1,-13,0,0,0,70,72,10,0,64,181.77,0,22,34,-1000,-1,0,0,0,,,,,,,,,
1269,1783018177245,124789,121515,1,-1,-13,0,0,0,70,72,10,0,64,181.74,0,21,34,-999,-1,0,0,0,,,,,,,,,
1270,1783018177346,124890,121615,1,-1,-13,0,0,0,70,72,10,0,64,181.56,0,23,32,-1000,-1,0,0,0,,,,,,,,,
1271,1783018177445,124989,121714,1,-1,-13,0,0,0,70,72,10,0,64,181.98,0,22,34,-999,-1,0,0,0,,,,,,,,,
1272,1783018177544,125088,121813,1,-1,-13,0,0,0,70,72,10,0,64,181.92,0,23,33,-999,-1,0,0,0,,,,,,,,,
1273,1783018177645,125189,121914,1,-1,-13,0,0,0,70,72,10,0,64,181.54,0,21,33,-997,-1,0,0,0,,,,,,,,,
1274,1783018177742,125286,122012,1,-1,-13,0,0,0,70,72,10,0,64,181.64,0,21,34,-997,-1,0,0,0,,,,,,,,,
1275,1783018177842,125386,122111,1,-1,-13,0,0,0,70,72,10,0,64,181.83,0,21,34,-999,-1,0,0,0,,,,,,,,,
1276,1783018177943,125487,122212,1,-1,-13,0,0,0,70,72,10,0,64,181.59,0,24,36,-999,-1,0,0,0,,,,,,,,,
1277,1783018178040,125584,122310,1,-1,-13,0,0,0,69,72,10,0,64,181.84,0,22,35,-998,-1,0,0,0,,,,,,,,,
1278,1783018178141,125685,122411,1,-1,-13,0,0,0,69,72,10,0,64,181.72,0,23,33,-998,-1,0,0,0,,,,,,,,,
1279,1783018178239,125783,122509,1,-1,-13,0,0,0,69,72,10,0,64,181.59,0,22,33,-999,-1,0,0,0,,,,,,,,,
1280,1783018178339,125883,122608,1,-1,-13,0,0,0,69,72,10,0,64,181.88,0,23,35,-998,-1,0,0,0,,,,,,,,,
1281,1783018178388,125932,122658,1,-1,-13,0,0,0,69,72,10,0,64,181.99,0,22,33,-1001,-1,0,0,0,,,,,,,,,
1282,1783018178487,126031,122757,1,-1,-13,0,0,0,69,72,10,0,64,182.14,0,24,33,-999,-1,0,0,0,,,,,,,,,
1283,1783018178587,126131,122856,1,-1,-13,0,0,0,69,72,10,0,64,181.58,0,21,35,-995,-1,0,0,0,,,,,,,,,
1284,1783018178687,126231,122957,1,-1,-13,0,0,0,69,72,10,0,64,181.7,0,21,34,-995,-1,0,0,0,,,,,,,,,
1285,1783018178785,126329,123055,1,-1,-13,0,0,0,69,72,10,0,64,182.2,0,21,34,-998,-1,0,0,0,,,,,,,,,
1286,1783018178886,126430,123155,1,-1,-13,0,0,0,69,72,10,0,64,182.02,0,22,33,-998,-1,0,0,0,,,,,,,,,
1287,1783018178987,126531,123256,1,-1,-13,0,0,0,70,72,10,0,64,181.62,0,24,34,-999,-1,0,0,0,,,,,,,,,
1288,1783018179090,126634,123360,1,-1,-13,0,0,0,70,72,10,0,64,181.81,0,22,33,-998,-1,0,0,0,,,,,,,,,
1289,1783018179182,126726,123451,1,-1,-13,0,0,0,70,72,10,0,64,182.07,0,22,34,-998,-1,0,0,0,,,,,,,,,
1290,1783018179281,126825,123551,1,-1,-13,0,0,0,70,72,10,0,64,181.94,0,21,32,-998,-1,0,0,0,,,,,,,,,
1291,1783018179380,126924,123650,1,-1,-13,0,0,0,70,72,10,0,64,181.81,0,22,35,-994,-1,0,0,0,,,,,,,,,
1292,1783018179480,127024,123749,1,-1,-13,0,0,0,70,72,10,0,64,182.05,0,22,34,-999,-1,0,0,0,,,,,,,,,
1293,1783018179579,127123,123848,1,-1,-13,0,0,0,70,72,10,0,64,182.05,0,23,35,-999,-1,0,0,0,,,,,,,,,
1294,1783018179680,127224,123950,1,-1,-13,0,0,0,70,72,10,0,64,181.9,0,23,33,-1000,-1,0,0,0,,,,,,,,,
1295,1783018179777,127321,124047,1,-1,-13,0,0,0,70,72,10,0,64,181.9,0,20,32,-993,-1,0,0,0,,,,,,,,,
1296,1783018179877,127421,124146,1,-1,-13,0,0,0,70,72,10,0,64,181.94,0,21,34,-998,-1,0,0,0,,,,,,,,,
1297,1783018179975,127519,124245,1,-1,-13,0,0,0,69,72,10,0,64,181.83,0,21,34,-1002,-1,0,0,0,,,,,,,,,
1298,1783018180078,127622,124348,1,-1,-13,0,0,0,69,72,10,0,64,181.71,0,22,34,-999,-1,0,0,0,,,,,,,,,
1299,1783018180174,127718,124443,1,-1,-13,0,0,0,69,72,10,0,64,181.75,0,22,32,-997,-1,0,0,0,,,,,,,,,
1300,1783018180274,127818,124544,1,-1,-13,0,0,0,69,72,10,0,64,182.02,0,22,33,-995,-1,0,0,0,,,,,,,,,
1301,1783018180375,127919,124644,1,-1,-13,0,0,0,69,72,10,0,64,181.7,0,19,33,-998,-1,0,0,0,,,,,,,,,
1302,1783018180472,128016,124741,1,-1,-13,0,0,0,69,72,10,0,64,181.85,0,23,34,-1001,-1,0,0,0,,,,,,,,,
1303,1783018180571,128115,124840,1,-1,-13,0,0,0,69,72,10,0,64,181.69,0,24,33,-1001,-1,0,0,0,,,,,,,,,
1304,1783018180670,128214,124939,1,-1,-13,0,0,0,69,72,10,0,64,181.77,0,22,33,-999,-1,0,0,0,,,,,,,,,
1305,1783018180769,128313,125039,1,-1,-13,0,0,0,69,72,10,0,64,181.68,0,22,32,-999,-1,0,0,0,,,,,,,,,
1306,1783018180872,128416,125142,1,-1,-13,0,0,0,69,72,10,0,64,181.84,0,21,34,-996,-1,0,0,0,,,,,,,,,
1307,1783018180968,128512,125237,1,-1,-13,0,0,0,70,72,10,0,64,181.89,0,20,35,-999,-1,0,0,0,,,,,,,,,
1308,1783018181075,128619,125345,1,-1,-13,0,0,0,70,72,10,0,64,181.75,0,21,33,-998,-1,0,0,0,,,,,,,,,
1309,1783018181166,128710,125436,1,-1,-13,0,0,0,70,72,10,0,64,181.59,0,23,34,-998,-1,0,0,0,,,,,,,,,
1310,1783018181265,128809,125535,1,-1,-13,0,0,0,70,72,10,0,64,181.88,0,23,32,-1001,-1,0,0,0,,,,,,,,,
1311,1783018181364,128908,125634,1,-1,-13,0,0,0,70,72,10,0,64,181.7,0,21,32,-1000,-1,0,0,0,,,,,,,,,
1312,1783018181415,128959,125685,1,-1,-13,0,0,0,70,72,10,0,64,181.83,0,22,38,-997,-1,0,0,0,,,,,,,,,
1313,1783018181513,129057,125783,1,-1,-13,0,0,0,70,72,10,0,64,181.87,0,22,34,-998,-1,0,0,0,,,,,,,,,
1314,1783018181613,129157,125882,1,-1,-13,0,0,0,70,72,10,0,64,181.82,0,20,32,-999,-1,0,0,0,,,,,,,,,
1315,1783018181712,129256,125981,1,-1,-13,0,0,0,70,72,10,0,63,181.8,0,22,36,-1001,-1,0,0,0,,,,,,,,,
1316,1783018181814,129358,126084,1,-1,-13,0,0,0,70,72,10,0,63,182.16,0,22,32,-1001,-1,0,0,0,,,,,,,,,
1317,1783018181962,129506,126231,1,-1,-13,0,0,0,68,72,10,0,63,181.8,0,20,35,-995,-1,0,0,0,,,,,,,,,
1318,1783018182012,129556,126282,1,-1,-13,0,0,0,68,72,10,0,63,181.96,0,21,31,-999,-1,0,0,0,,,,,,,,,
1319,1783018182110,129654,126379,1,-1,-13,0,0,0,68,72,10,0,63,181.86,0,23,34,-998,-1,0,0,0,,,,,,,,,
1320,1783018182210,129754,126479,1,-1,-13,0,0,0,68,72,10,0,63,181.75,0,22,35,-998,-1,0,0,0,,,,,,,,,
1321,1783018182309,129853,126578,1,-1,-13,0,0,0,68,72,10,0,63,181.92,0,21,35,-997,-1,0,0,0,,,,,,,,,
1322,1783018182408,129952,126678,1,-1,-13,0,0,0,68,72,10,0,63,181.89,0,22,35,-997,-1,0,0,0,,,,,,,,,
1323,1783018182506,130050,126776,1,-1,-13,0,0,0,68,72,10,0,63,181.7,0,21,33,-998,-1,0,0,0,,,,,,,,,
1324,1783018182606,130150,126876,1,-1,-13,0,0,0,68,72,10,0,63,182.02,0,22,34,-997,-1,0,0,0,,,,,,,,,
1325,1783018182705,130249,126974,1,-1,-13,0,0,0,68,72,10,0,63,181.8,0,22,31,-996,-1,0,0,0,,,,,,,,,
1326,1783018182808,130352,127078,1,-1,-13,0,0,0,68,72,10,0,63,181.97,0,20,35,-995,-1,0,0,0,,,,,,,,,
1327,1783018182910,130454,127179,1,-1,-13,0,0,0,69,72,10,0,63,182,0,21,34,-996,-1,0,0,0,,,,,,,,,
1328,1783018183004,130548,127274,1,-1,-13,0,0,0,69,72,10,0,63,181.8,0,21,34,-1001,-1,0,0,0,,,,,,,,,
1329,1783018183102,130646,127372,1,-1,-13,0,0,0,69,72,10,0,63,182.03,0,24,35,-999,-1,0,0,0,,,,,,,,,
1330,1783018183203,130747,127472,1,-1,-13,0,0,0,69,72,10,0,63,181.83,0,22,34,-995,-1,0,0,0,,,,,,,,,
1331,1783018183301,130845,127571,1,-1,-13,0,0,0,69,72,10,0,63,181.94,0,22,35,-995,-1,0,0,0,,,,,,,,,
1332,1783018183400,130944,127670,1,-1,-13,0,0,0,69,72,10,0,63,181.56,0,21,34,-996,-1,0,0,0,,,,,,,,,
1333,1783018183499,131043,127769,1,-1,-13,0,0,0,69,72,10,0,63,181.99,0,21,34,-999,-1,0,0,0,,,,,,,,,
1334,1783018183599,131143,127868,1,-1,-13,0,0,0,69,72,10,0,63,181.66,0,21,34,-999,-1,0,0,0,,,,,,,,,
1335,1783018183698,131242,127967,1,-1,-13,0,0,0,69,72,10,0,63,181.97,0,21,34,-998,-1,0,0,0,,,,,,,,,
1336,1783018183797,131341,128067,1,-1,-13,0,0,0,69,72,10,0,63,182.04,0,22,33,-997,-1,0,0,0,,,,,,,,,
1337,1783018183897,131441,128167,1,-1,-13,0,0,0,69,72,10,0,63,181.85,0,20,34,-998,-1,0,0,0,,,,,,,,,
1338,1783018184002,131546,128271,1,-1,-13,0,0,0,69,72,10,0,63,181.79,0,21,33,-997,-1,0,0,0,,,,,,,,,
1339,1783018184098,131642,128367,1,-1,-13,0,0,0,69,72,10,0,63,181.89,0,22,35,-998,-1,0,0,0,,,,,,,,,
1340,1783018184199,131743,128469,1,-1,-13,0,0,0,69,72,10,0,63,181.65,0,21,34,-999,-1,0,0,0,,,,,,,,,
1341,1783018184302,131846,128572,1,-1,-13,0,0,0,69,72,10,0,63,181.95,0,23,35,-998,-1,0,0,0,,,,,,,,,
1342,1783018184405,131949,128674,1,-1,-13,0,0,0,69,72,10,0,63,181.58,0,22,34,-997,-1,0,0,0,,,,,,,,,
1343,1783018184505,132049,128775,1,-1,-13,0,0,0,69,72,10,0,63,181.51,0,22,34,-997,-1,0,0,0,,,,,,,,,
1344,1783018185688,133232,128877,1,-1,-13,0,0,0,69,72,10,0,63,181.6,0,22,34,-998,-1,0,0,0,,,,,,,,,
1345,1783018185787,133331,128976,1,-1,-13,0,0,0,69,72,10,0,63,181.78,0,22,34,-999,-1,0,0,0,,,,,,,,,
1346,1783018185837,133381,129026,1,-1,-13,0,0,0,69,72,10,0,63,181.59,0,21,34,-999,-1,0,0,0,,,,,,,,,
1347,1783018185989,133533,129178,1,-1,-13,0,0,0,69,72,10,0,63,181.61,0,22,35,-997,-1,0,0,0,,,,,,,,,
1348,1783018186091,133635,129279,1,-1,-13,0,0,0,69,72,10,0,63,181.74,0,21,33,-998,-1,0,0,0,,,,,,,,,
1349,1783018186141,133685,129330,1,-1,-13,0,0,0,69,72,10,0,63,181.47,0,20,35,-999,-1,0,0,0,,,,,,,,,
1350,1783018186242,133786,129431,1,-1,-13,0,0,0,69,72,10,0,63,181.75,0,22,34,-999,-1,0,0,0,,,,,,,,,
1351,1783018186363,133907,129552,1,-1,-13,0,0,0,69,72,10,0,63,181.59,0,21,32,-1000,-1,0,0,0,,,,,,,,,
1352,1783018186446,133990,129635,1,-1,-13,0,0,0,69,72,10,0,63,181.69,0,22,33,-1001,-1,0,0,0,,,,,,,,,
1353,1783018186547,134091,129736,1,-1,-13,0,0,0,69,72,10,0,63,181.54,0,20,33,-1000,-1,0,0,0,,,,,,,,,
1354,1783018186649,134193,129838,1,-1,-13,0,0,0,69,72,10,0,63,181.82,0,22,34,-999,-1,0,0,0,,,,,,,,,
1355,1783018186750,134294,129939,1,-1,-13,0,0,0,69,72,10,0,63,181.7,0,21,33,-999,-1,0,0,0,,,,,,,,,
1356,1783018186851,134395,130040,1,-1,-13,0,0,0,69,72,10,0,63,181.49,0,24,32,-999,-1,0,0,0,,,,,,,,,
1357,1783018186953,134497,130142,1,-1,-13,0,0,0,69,72,10,0,63,181.77,0,21,33,-1001,-1,0,0,0,,,,,,,,,
1358,1783018187054,134598,130243,1,-1,-13,0,0,0,69,72,10,0,63,181.66,0,22,34,-1000,-1,0,0,0,,,,,,,,,
1359,1783018187155,134699,130344,1,-1,-13,0,0,0,69,72,10,0,63,181.68,0,21,34,-1000,-1,0,0,0,,,,,,,,,
1360,1783018187258,134802,130447,1,-1,-13,0,0,0,69,72,10,0,63,181.79,0,23,34,-997,-1,0,0,0,,,,,,,,,
1361,1783018187359,134903,130548,1,-1,-13,0,0,0,69,72,10,0,63,181.52,0,23,34,-998,-1,0,0,0,,,,,,,,,
1362,1783018187460,135004,130648,1,-1,-13,0,0,0,69,72,10,0,63,181.74,0,23,33,-1001,-1,0,0,0,,,,,,,,,
1363,1783018187561,135105,130750,1,-1,-13,0,0,0,69,72,10,0,63,181.71,0,22,32,-1001,-1,0,0,0,,,,,,,,,
1364,1783018187662,135206,130851,1,-1,-13,0,0,0,69,72,10,0,63,181.76,0,21,34,-999,-1,0,0,0,,,,,,,,,
1365,1783018187763,135307,130952,1,-1,-13,0,0,0,69,72,10,0,63,181.49,0,22,34,-997,-1,0,0,0,,,,,,,,,
1366,1783018187865,135409,131054,1,-1,-13,0,0,0,69,72,10,0,63,181.61,0,22,33,-996,-1,0,0,0,,,,,,,,,
1367,1783018187968,135512,131157,1,-1,-13,0,0,0,70,72,10,0,63,181.62,0,22,34,-1001,-1,0,0,0,,,,,,,,,
1368,1783018188068,135612,131257,1,-1,-13,0,0,0,70,72,10,0,63,181.63,0,23,32,-1000,-1,0,0,0,,,,,,,,,
1369,1783018188173,135717,131362,1,-1,-13,0,0,0,70,72,10,0,63,181.54,0,24,31,-1000,-1,0,0,0,,,,,,,,,
1370,1783018188271,135815,131460,1,-1,-13,0,0,0,70,72,10,0,63,181.68,0,21,34,-1000,-1,0,0,0,,,,,,,,,
1371,1783018188372,135916,131561,1,-1,-13,0,0,0,70,72,10,0,63,181.61,0,23,33,-998,-1,0,0,0,,,,,,,,,
1372,1783018188474,136018,131663,1,-1,-13,0,0,0,70,72,10,0,63,181.61,0,21,34,-999,-1,0,0,0,,,,,,,,,
1373,1783018188575,136119,131764,1,-1,-13,0,0,0,70,72,10,0,63,181.73,0,22,34,-997,-1,0,0,0,,,,,,,,,
1374,1783018188677,136221,131865,1,-1,-13,0,0,0,70,72,10,0,63,181.59,0,21,33,-999,-1,0,0,0,,,,,,,,,
1375,1783018188781,136325,131970,1,-1,-13,0,0,0,70,72,10,0,63,181.82,0,22,34,-998,-1,0,0,0,,,,,,,,,
1376,1783018188879,136423,132068,1,-1,-13,0,0,0,70,72,10,0,63,181.89,0,21,35,-998,-1,0,0,0,,,,,,,,,
1377,1783018188980,136524,132169,1,-1,-13,0,0,0,69,72,10,0,63,181.4,0,23,32,-998,-1,0,0,0,,,,,,,,,
1378,1783018189082,136626,132271,1,-1,-13,0,0,0,69,72,10,0,63,181.4,0,21,35,-998,-1,0,0,0,,,,,,,,,
1379,1783018189184,136728,132373,1,-1,-13,0,0,0,69,72,10,0,63,181.71,0,21,32,-1001,-1,0,0,0,,,,,,,,,
1380,1783018189235,136779,132424,1,-1,-13,0,0,0,69,72,10,0,63,181.82,0,22,34,-1000,-1,0,0,0,,,,,,,,,
1381,1783018189337,136881,132526,1,-1,-13,0,0,0,69,72,10,0,63,181.68,0,22,34,-998,-1,0,0,0,,,,,,,,,
1382,1783018189438,136982,132627,1,-1,-13,0,0,0,69,72,10,0,63,181.64,0,21,33,-998,-1,0,0,0,,,,,,,,,
1383,1783018189539,137083,132728,1,-1,-13,0,0,0,69,72,10,0,63,181.55,0,19,35,-997,-1,0,0,0,,,,,,,,,
1384,1783018189640,137184,132829,1,-1,-13,0,0,0,69,72,10,0,63,181.35,0,22,36,-1002,-1,0,0,0,,,,,,,,,
1385,1783018189742,137286,132931,1,-1,-13,0,0,0,69,72,10,0,63,181.84,0,21,34,-997,-1,0,0,0,,,,,,,,,
1386,1783018189843,137387,133032,1,-1,-13,0,0,0,69,72,10,0,63,181.78,0,20,34,-1000,-1,0,0,0,,,,,,,,,
1387,1783018189945,137489,133134,1,-1,-13,0,0,0,69,72,10,0,63,181.61,0,22,35,-996,-1,0,0,0,,,,,,,,,
1388,1783018190047,137591,133236,1,-1,-13,0,0,0,69,72,10,0,63,181.75,0,19,34,-1001,-1,0,0,0,,,,,,,,,
1389,1783018190148,137692,133337,1,-1,-13,0,0,0,69,72,10,0,63,181.55,0,21,34,-998,-1,0,0,0,,,,,,,,,
1390,1783018190250,137794,133439,1,-1,-13,0,0,0,69,72,10,0,63,181.66,0,22,35,-1000,-1,0,0,0,,,,,,,,,
1391,1783018190352,137896,133541,1,-1,-13,0,0,0,69,72,10,0,63,181.62,0,22,34,-999,-1,0,0,0,,,,,,,,,
1392,1783018190451,137995,133640,1,-1,-13,0,0,0,69,72,10,0,63,181.74,0,22,33,-998,-1,0,0,0,,,,,,,,,
1393,1783018190548,138092,133737,1,-1,-13,0,0,0,69,72,10,0,63,181.98,0,20,34,-999,-1,0,0,0,,,,,,,,,
1394,1783018190648,138192,133837,1,-1,-13,0,0,0,69,72,10,0,63,181.96,0,23,35,-999,-1,0,0,0,,,,,,,,,
1395,1783018190747,138291,133936,1,-1,-13,0,0,0,69,72,10,0,63,181.71,0,22,34,-999,-1,0,0,0,,,,,,,,,
1396,1783018190846,138390,134035,1,-1,-13,0,0,0,69,72,10,0,63,181.65,0,20,34,-999,-1,0,0,0,,,,,,,,,
1397,1783018190946,138490,134134,1,-1,-13,0,0,0,69,72,10,0,63,182.05,0,23,32,-1001,-1,0,0,0,,,,,,,,,
1398,1783018191045,138589,134234,1,-1,-13,0,0,0,69,72,10,0,63,181.66,0,22,32,-997,-1,0,0,0,,,,,,,,,
1399,1783018191145,138689,134334,1,-1,-13,0,0,0,69,72,10,0,63,181.78,0,24,33,-998,-1,0,0,0,,,,,,,,,
1400,1783018191245,138789,134434,1,-1,-13,0,0,0,69,72,10,0,63,181.7,0,21,34,-1000,-1,0,0,0,,,,,,,,,
1401,1783018191343,138887,134532,1,-1,-13,0,0,0,69,72,10,0,63,182.01,0,22,36,-998,-1,0,0,0,,,,,,,,,
1402,1783018191443,138987,134632,1,-1,-13,0,0,0,69,72,10,0,63,181.62,0,22,35,-1000,-1,0,0,0,,,,,,,,,
1403,1783018191542,139086,134731,1,-1,-13,0,0,0,69,72,10,0,63,181.74,0,22,31,-997,-1,0,0,0,,,,,,,,,
1404,1783018191643,139187,134832,1,-1,-13,0,0,0,69,72,10,0,63,181.81,0,22,32,-997,-1,0,0,0,,,,,,,,,
1405,1783018191741,139285,134930,1,-1,-13,0,0,0,69,72,10,0,63,182.03,0,21,35,-1000,-1,0,0,0,,,,,,,,,
1406,1783018191839,139383,135028,1,-1,-13,0,0,0,69,72,10,0,63,181.82,0,21,33,-1001,-1,0,0,0,,,,,,,,,
1407,1783018191940,139484,135129,1,-1,-13,0,0,0,69,72,10,0,63,182.05,0,23,35,-999,-1,0,0,0,,,,,,,,,
1408,1783018192041,139585,135230,1,-1,-13,0,0,0,69,72,10,0,63,181.79,0,21,33,-998,-1,0,0,0,,,,,,,,,
1409,1783018192149,139693,135338,1,-1,-13,0,0,0,69,72,10,0,63,182.11,0,22,34,-1000,-1,0,0,0,,,,,,,,,
1410,1783018192241,139785,135430,1,-1,-13,0,0,0,69,72,10,0,63,181.92,0,21,35,-999,-1,0,0,0,,,,,,,,,
1411,1783018192338,139882,135527,1,-1,-13,0,0,0,69,72,10,0,63,181.74,0,21,34,-1000,-1,0,0,0,,,,,,,,,
1412,1783018192388,139932,135577,1,-1,-13,0,0,0,69,72,10,0,63,181.93,0,23,33,-997,-1,0,0,0,,,,,,,,,
1413,1783018192485,140029,135674,1,-1,-13,0,0,0,69,72,10,0,63,181.8,0,22,35,-997,-1,0,0,0,,,,,,,,,
1414,1783018192588,140132,135777,1,-1,-13,0,0,0,69,72,10,0,63,181.8,0,23,33,-999,-1,0,0,0,,,,,,,,,
1415,1783018192684,140228,135873,1,-1,-13,0,0,0,69,72,10,0,63,181.65,0,24,35,-999,-1,0,0,0,,,,,,,,,
1416,1783018192784,140328,135973,1,-1,-13,0,0,0,69,72,10,0,63,181.77,0,19,35,-998,-1,0,0,0,,,,,,,,,
1417,1783018192883,140427,136072,1,-1,-13,0,0,0,69,72,10,0,63,181.88,0,21,32,-998,-1,0,0,0,,,,,,,,,
1418,1783018192982,140526,136171,1,-1,-13,0,0,0,69,72,10,0,63,181.57,0,23,32,-1000,-1,0,0,0,,,,,,,,,
1419,1783018193081,140625,136270,1,-1,-13,0,0,0,69,72,10,0,63,181.95,0,22,34,-1000,-1,0,0,0,,,,,,,,,
1420,1783018193179,140723,136368,1,-1,-13,0,0,0,69,72,10,0,63,181.47,0,21,32,-999,-1,0,0,0,,,,,,,,,
1421,1783018193276,140820,136465,1,-1,-13,0,0,0,69,72,10,0,63,181.75,0,22,35,-997,-1,0,0,0,,,,,,,,,
1422,1783018193374,140918,136563,1,-1,-13,0,0,0,69,72,10,0,63,181.84,0,22,33,-997,-1,0,0,0,,,,,,,,,
1423,1783018193471,141015,136660,1,-1,-13,0,0,0,69,72,10,0,63,181.9,0,24,35,-1000,-1,0,0,0,,,,,,,,,
1424,1783018193569,141113,136758,1,-1,-13,0,0,0,69,72,10,0,63,182,0,22,33,-1001,-1,0,0,0,,,,,,,,,
1425,1783018193666,141210,136855,1,-1,-13,0,0,0,69,72,10,0,63,182.02,0,22,34,-996,-1,0,0,0,,,,,,,,,
1426,1783018193765,141309,136954,1,-1,-13,0,0,0,69,72,10,0,63,181.58,0,23,32,-997,-1,0,0,0,,,,,,,,,
1427,1783018193862,141406,137051,1,-1,-13,0,0,0,69,71,10,0,63,181.68,0,23,35,-999,-1,0,0,0,,,,,,,,,
1428,1783018193959,141503,137148,1,-1,-13,0,0,0,69,71,10,0,63,181.75,0,22,32,-1000,-1,0,0,0,,,,,,,,,
1429,1783018194057,141601,137246,1,-1,-13,0,0,0,69,71,10,0,63,181.91,0,23,34,-996,-1,0,0,0,,,,,,,,,
1430,1783018194154,141698,137343,1,-1,-13,0,0,0,69,71,10,0,63,182.11,0,22,34,-998,-1,0,0,0,,,,,,,,,
1431,1783018194252,141796,137441,1,-1,-13,0,0,0,69,71,10,0,63,181.86,0,19,35,-998,-1,0,0,0,,,,,,,,,
1432,1783018194353,141897,137542,1,-1,-13,0,0,0,69,71,10,0,63,181.98,0,22,33,-1001,-1,0,0,0,,,,,,,,,
1433,1783018194447,141991,137636,1,-1,-13,0,0,0,69,71,10,0,63,181.66,0,21,33,-1001,-1,0,0,0,,,,,,,,,
1434,1783018194545,142089,137734,1,-1,-13,0,0,0,69,71,10,0,63,181.6,0,21,34,-997,-1,0,0,0,,,,,,,,,
1435,1783018194642,142186,137831,1,-1,-13,0,0,0,69,71,10,0,63,181.86,0,20,35,-1000,-1,0,0,0,,,,,,,,,
1436,1783018194740,142284,137929,1,-1,-13,0,0,0,69,71,10,0,63,181.96,0,20,32,-999,-1,0,0,0,,,,,,,,,
1437,1783018194837,142381,138026,1,-1,-13,0,0,0,70,72,10,0,63,182.06,0,23,33,-998,-1,0,0,0,,,,,,,,,
1438,1783018194935,142479,138123,1,-1,-13,0,0,0,70,72,10,0,63,181.86,0,22,33,-1001,-1,0,0,0,,,,,,,,,
1439,1783018195034,142578,138223,1,-1,-13,0,0,0,70,72,10,0,63,182,0,23,35,-998,-1,0,0,0,,,,,,,,,
1440,1783018195130,142674,138319,1,-1,-13,0,0,0,70,72,10,0,63,181.95,0,22,33,-996,-1,0,0,0,,,,,,,,,
1441,1783018195228,142772,138417,1,-1,-13,0,0,0,70,72,10,0,63,181.86,0,22,34,-995,-1,0,0,0,,,,,,,,,
1442,1783018195325,142869,138514,1,-1,-13,0,0,0,70,72,10,0,63,181.98,0,21,34,-998,-1,0,0,0,,,,,,,,,
1443,1783018195374,142918,138563,1,-1,-13,0,0,0,70,72,10,0,63,181.71,0,22,33,-1000,-1,0,0,0,,,,,,,,,
1444,1783018195472,143016,138661,1,-1,-13,0,0,0,70,72,10,0,63,181.79,0,23,35,-1002,-1,0,0,0,,,,,,,,,
1445,1783018195569,143113,138758,1,-1,-13,0,0,0,70,72,10,0,63,181.99,0,22,32,-997,-1,0,0,0,,,,,,,,,
1446,1783018195667,143211,138856,1,-1,-13,0,0,0,70,72,10,0,63,182.07,0,22,33,-997,-1,0,0,0,,,,,,,,,
1447,1783018195764,143308,138953,1,-1,-13,0,0,0,69,72,10,0,63,181.86,0,22,35,-995,-1,0,0,0,,,,,,,,,
1448,1783018195863,143407,139052,1,-1,-13,0,0,0,69,72,10,0,63,181.96,0,22,33,-1000,-1,0,0,0,,,,,,,,,
1449,1783018195960,143504,139149,1,-1,-13,0,0,0,69,72,10,0,63,182.24,0,23,33,-1002,-1,0,0,0,,,,,,,,,
1450,1783018196056,143600,139245,1,-1,-13,0,0,0,69,72,10,0,63,181.86,0,22,33,-1001,-1,0,0,0,,,,,,,,,
1451,1783018196154,143698,139343,1,-1,-13,0,0,0,69,72,10,0,63,181.79,0,22,34,-999,-1,0,0,0,,,,,,,,,
1452,1783018196251,143795,139440,1,-1,-13,0,0,0,69,72,10,0,63,181.74,0,21,33,-998,-1,0,0,0,,,,,,,,,
1453,1783018196349,143893,139538,1,-1,-13,0,0,0,69,72,10,0,63,181.96,0,20,34,-997,-1,0,0,0,,,,,,,,,
1454,1783018196446,143990,139635,1,-1,-13,0,0,0,69,72,10,0,63,181.98,0,23,33,-997,-1,0,0,0,,,,,,,,,
1455,1783018196544,144088,139733,1,-1,-13,0,0,0,69,72,10,0,63,182.13,0,23,34,-998,-1,0,0,0,,,,,,,,,
1456,1783018196642,144186,139831,1,-1,-13,0,0,0,69,72,10,0,63,181.97,0,20,32,-998,-1,0,0,0,,,,,,,,,
1457,1783018196739,144283,139928,1,-1,-13,0,0,0,69,72,10,0,63,181.64,0,22,37,-997,-1,0,0,0,,,,,,,,,
1458,1783018196839,144383,140028,1,-1,-13,0,0,0,69,72,10,0,63,181.87,0,19,32,-996,-1,0,0,0,,,,,,,,,
1459,1783018196934,144478,140123,1,-1,-13,0,0,0,69,72,10,0,63,181.91,0,22,35,-997,-1,0,0,0,,,,,,,,,
1460,1783018197031,144575,140220,1,-1,-13,0,0,0,69,72,10,0,63,182,0,23,33,-1001,-1,0,0,0,,,,,,,,,
1461,1783018197129,144673,140318,1,-1,-13,0,0,0,69,72,10,0,63,182.12,0,24,35,-1000,-1,0,0,0,,,,,,,,,
1462,1783018197226,144770,140415,1,-1,-13,0,0,0,69,72,10,0,63,181.63,0,22,33,-997,-1,0,0,0,,,,,,,,,
1463,1783018197328,144872,140517,1,-1,-13,0,0,0,69,72,10,0,63,181.88,0,20,34,-997,-1,0,0,0,,,,,,,,,
1464,1783018197421,144965,140610,1,-1,-13,0,0,0,69,72,10,0,63,181.74,0,21,34,-996,-1,0,0,0,,,,,,,,,
1465,1783018197523,145067,140712,1,-1,-13,0,0,0,69,72,10,0,63,181.94,0,21,33,-1000,-1,0,0,0,,,,,,,,,
1466,1783018197617,145161,140806,1,-1,-13,0,0,0,69,72,10,0,63,182.14,0,21,35,-1001,-1,0,0,0,,,,,,,,,
1467,1783018197714,145258,140903,1,-1,-13,0,0,0,70,71,10,0,63,182.07,0,24,32,-999,-1,0,0,0,,,,,,,,,
1468,1783018197814,145358,141003,1,-1,-13,0,0,0,70,71,10,0,63,182.12,0,22,33,-996,-1,0,0,0,,,,,,,,,
1469,1783018197909,145453,141098,1,-1,-13,0,0,0,70,71,10,0,63,181.74,0,22,34,-996,-1,0,0,0,,,,,,,,,
1470,1783018198007,145551,141196,1,-1,-13,0,0,0,70,71,10,0,63,181.94,0,23,33,-999,-1,0,0,0,,,,,,,,,
1471,1783018198105,145649,141294,1,-1,-13,0,0,0,70,71,10,0,63,181.97,0,21,32,-999,-1,0,0,0,,,,,,,,,
1472,1783018198202,145746,141391,1,-1,-13,0,0,0,70,71,10,0,63,181.72,0,22,34,-1000,-1,0,0,0,,,,,,,,,
1473,1783018198300,145844,141489,1,-1,-13,0,0,0,70,71,10,0,63,181.88,0,23,35,-997,-1,0,0,0,,,,,,,,,
1474,1783018198397,145941,141586,1,-1,-13,0,0,0,70,71,10,0,63,181.88,0,22,36,-995,-1,0,0,0,,,,,,,,,
1475,1783018198495,146039,141684,1,-1,-13,0,0,0,70,71,10,0,63,182.06,0,20,34,-997,-1,0,0,0,,,,,,,,,
1476,1783018198593,146137,141782,1,-1,-13,0,0,0,70,71,10,0,63,181.86,0,24,34,-998,-1,0,0,0,,,,,,,,,
1477,1783018198689,146233,141878,1,-1,-13,0,0,0,69,72,10,0,63,181.84,0,22,33,-1000,-1,0,0,0,,,,,,,,,
1478,1783018198738,146282,141927,1,-1,-13,0,0,0,69,72,10,0,63,182.21,0,23,34,-1000,-1,0,0,0,,,,,,,,,
1479,1783018198836,146380,142025,1,-1,-13,0,0,0,69,72,10,0,63,182.03,0,21,33,-999,-1,0,0,0,,,,,,,,,
1480,1783018198933,146477,142122,1,-1,-13,0,0,0,69,72,10,0,63,182.14,0,24,34,-998,-1,0,0,0,,,,,,,,,
1481,1783018199034,146578,142223,1,-1,-13,0,0,0,69,72,10,0,63,181.83,0,21,35,-997,-1,0,0,0,,,,,,,,,
1482,1783018199131,146675,142320,1,-1,-13,0,0,0,69,72,10,0,63,181.57,0,25,36,-1000,-1,0,0,0,,,,,,,,,
1483,1783018199228,146772,142417,1,-1,-13,0,0,0,69,72,10,0,63,181.8,0,22,35,-1002,-1,0,0,0,,,,,,,,,
1484,1783018199323,146867,142512,1,-1,-13,0,0,0,69,72,10,0,63,181.97,0,21,32,-998,-1,0,0,0,,,,,,,,,
1485,1783018199420,146964,142609,1,-1,-13,0,0,0,69,72,10,0,63,181.96,0,21,34,-997,-1,0,0,0,,,,,,,,,
1486,1783018199518,147062,142707,1,-1,-13,0,0,0,69,72,10,0,63,181.82,0,19,33,-1000,-1,0,0,0,,,,,,,,,
1487,1783018199618,147162,142807,1,-1,-13,0,0,0,69,72,10,0,63,181.88,0,23,34,-1001,-1,0,0,0,,,,,,,,,
1488,1783018199714,147258,142903,1,-1,-13,0,0,0,69,72,10,0,63,181.97,0,22,33,-1000,-1,0,0,0,,,,,,,,,
1489,1783018199810,147354,142999,1,-1,-13,0,0,0,69,72,10,0,63,182.03,0,22,33,-997,-1,0,0,0,,,,,,,,,
1490,1783018199908,147452,143097,1,-1,-13,0,0,0,69,72,10,0,63,181.92,0,22,33,-1000,-1,0,0,0,,,,,,,,,
1491,1783018200005,147549,143194,1,-1,-13,0,0,0,69,72,10,0,63,181.89,0,20,35,-997,-1,0,0,0,,,,,,,,,
1492,1783018200103,147647,143292,1,-1,-13,0,0,0,69,72,10,0,63,181.91,0,22,35,-999,-1,0,0,0,,,,,,,,,
1493,1783018200202,147746,143391,1,-1,-13,0,0,0,69,72,10,0,63,181.73,0,22,34,-998,-1,0,0,0,,,,,,,,,
1494,1783018200298,147842,143487,1,-1,-13,0,0,0,69,72,10,0,63,181.86,0,23,32,-1000,-1,0,0,0,,,,,,,,,
1495,1783018200396,147940,143585,1,-1,-13,0,0,0,69,72,10,0,63,182.11,0,23,34,-998,-1,0,0,0,,,,,,,,,
1496,1783018200493,148037,143682,1,-1,-13,0,0,0,69,72,10,0,63,181.9,0,21,32,-998,-1,0,0,0,,,,,,,,,
1497,1783018200593,148137,143782,1,-1,-13,0,0,0,69,71,10,0,63,181.74,0,22,33,-996,-1,0,0,0,,,,,,,,,
1498,1783018200690,148234,143879,1,-1,-13,0,0,0,69,71,10,0,63,182.02,0,21,33,-998,-1,0,0,0,,,,,,,,,
1499,1783018200789,148333,143978,1,-1,-13,0,0,0,69,71,10,0,63,181.69,0,21,34,-997,-1,0,0,0,,,,,,,,,
1500,1783018200888,148432,144077,1,-1,-13,0,0,0,69,71,10,0,63,181.97,0,23,34,-998,-1,0,0,0,,,,,,,,,
1501,1783018200983,148527,144172,1,-1,-13,0,0,0,69,71,10,0,63,182,0,24,33,-999,-1,0,0,0,,,,,,,,,
1502,1783018201081,148625,144270,1,-1,-13,0,0,0,69,71,10,0,63,182.38,0,24,34,-998,-1,0,0,0,,,,,,,,,
1503,1783018201181,148725,144370,1,-1,-13,0,0,0,69,71,10,0,63,181.8,0,21,33,-994,-1,0,0,0,,,,,,,,,
1504,1783018201273,148817,144462,1,-1,-13,0,0,0,69,71,10,0,63,182.02,0,22,35,-998,-1,0,0,0,,,,,,,,,
1505,1783018201369,148913,144558,1,-1,-13,0,0,0,69,71,10,0,63,181.75,0,21,33,-999,-1,0,0,0,,,,,,,,,
1506,1783018201465,149009,144654,1,-1,-13,0,0,0,69,71,10,0,63,181.92,0,23,32,-1001,-1,0,0,0,,,,,,,,,
1507,1783018201561,149105,144750,1,-1,-13,0,0,0,70,72,10,0,63,181.92,0,22,34,-996,-1,0,0,0,,,,,,,,,
1508,1783018201609,149153,144798,1,-1,-13,0,0,0,70,72,10,0,63,181.94,0,22,34,-998,-1,0,0,0,,,,,,,,,
1509,1783018201713,149257,144902,1,-1,-13,0,0,0,70,72,10,0,63,182.11,0,22,33,-996,-1,0,0,0,,,,,,,,,
1510,1783018201803,149347,144992,1,-1,-13,0,0,0,70,72,10,0,63,182.02,0,22,32,-1002,-1,0,0,0,,,,,,,,,
1511,1783018201899,149443,145088,1,-1,-13,0,0,0,70,72,10,0,63,182.06,0,23,33,-997,-1,0,0,0,,,,,,,,,
1512,1783018201995,149539,145184,1,-1,-13,0,0,0,70,72,10,0,63,181.86,0,22,34,-998,-1,0,0,0,,,,,,,,,
1513,1783018202091,149635,145280,1,-1,-13,0,0,0,70,72,10,0,63,181.81,0,23,34,-998,-1,0,0,0,,,,,,,,,
1514,1783018202187,149731,145376,1,-1,-13,0,0,0,70,72,10,0,63,181.95,0,20,34,-997,-1,0,0,0,,,,,,,,,
1515,1783018202284,149828,145473,1,-1,-13,0,0,0,70,72,10,0,63,181.96,0,20,36,-1000,-1,0,0,0,,,,,,,,,
1516,1783018202380,149924,145569,1,-1,-13,0,0,0,70,72,10,0,63,182.11,0,21,34,-1001,-1,0,0,0,,,,,,,,,
1517,1783018202477,150021,145666,1,-1,-13,0,0,0,69,72,10,0,63,182.08,0,23,34,-997,-1,0,0,0,,,,,,,,,
1518,1783018202573,150117,145762,1,-1,-13,0,0,0,69,72,10,0,63,181.92,0,23,34,-999,-1,0,0,0,,,,,,,,,
1519,1783018202669,150213,145858,1,-1,-13,0,0,0,69,72,10,0,63,182.11,0,22,33,-1001,-1,0,0,0,,,,,,,,,
1520,1783018202766,150310,145954,1,-1,-13,0,0,0,69,72,10,0,63,181.86,0,23,33,-998,-1,0,0,0,,,,,,,,,
1521,1783018202862,150406,146051,1,-1,-13,0,0,0,69,72,10,0,63,181.61,0,19,35,-998,-1,0,0,0,,,,,,,,,
1522,1783018202959,150503,146148,1,-1,-13,0,0,0,69,72,10,0,63,182.02,0,20,34,-998,-1,0,0,0,,,,,,,,,
1523,1783018203054,150598,146243,1,-1,-13,0,0,0,69,72,10,0,63,182.08,0,20,36,-999,-1,0,0,0,,,,,,,,,
1524,1783018203150,150694,146339,1,-1,-13,0,0,0,69,72,10,0,63,181.87,0,21,33,-1000,-1,0,0,0,,,,,,,,,
1525,1783018203246,150790,146435,1,-1,-13,0,0,0,69,72,10,0,63,182.1,0,21,35,-1001,-1,0,0,0,,,,,,,,,
1526,1783018203342,150886,146531,1,-1,-13,0,0,0,69,72,10,0,63,181.94,0,21,35,-995,-1,0,0,0,,,,,,,,,
1527,1783018203439,150983,146628,1,-1,-13,0,0,0,69,72,10,0,63,182.05,0,21,34,-1000,-1,0,0,0,,,,,,,,,
1528,1783018203535,151079,146724,1,-1,-13,0,0,0,69,72,10,0,63,181.89,0,22,34,-993,-1,0,0,0,,,,,,,,,
1529,1783018203631,151175,146820,1,-1,-13,0,0,0,69,72,10,0,63,182.14,0,23,34,-1000,-1,0,0,0,,,,,,,,,
1530,1783018203727,151271,146916,1,-1,-13,0,0,0,69,72,10,0,63,181.9,0,21,35,-1000,-1,0,0,0,,,,,,,,,
1531,1783018203823,151367,147012,1,-1,-13,0,0,0,69,72,10,0,63,182.14,0,22,34,-999,-1,0,0,0,,,,,,,,,
1532,1783018203922,151466,147111,1,-1,-13,0,0,0,69,72,10,0,63,181.6,0,21,33,-995,-1,0,0,0,,,,,,,,,
1533,1783018204016,151560,147205,1,-1,-13,0,0,0,69,72,10,0,63,181.96,0,23,34,-998,-1,0,0,0,,,,,,,,,
1534,1783018204112,151656,147301,1,-1,-13,0,0,0,69,72,10,0,63,182.21,0,20,36,-997,-1,0,0,0,,,,,,,,,
1535,1783018204208,151752,147397,1,-1,-13,0,0,0,69,72,10,0,63,182.24,0,23,35,-1000,-1,0,0,0,,,,,,,,,
1536,1783018204304,151848,147493,1,-1,-13,0,0,0,69,72,10,0,63,181.92,0,23,32,-1000,-1,0,0,0,,,,,,,,,
1537,1783018204400,151944,147589,1,-1,-13,0,0,0,69,72,10,0,63,181.79,0,22,35,-1000,-1,0,0,0,,,,,,,,,
1538,1783018204499,152043,147688,1,-1,-13,0,0,0,69,72,10,0,63,181.53,0,22,33,-998,-1,0,0,0,,,,,,,,,
1539,1783018204593,152137,147782,1,-1,-13,0,0,0,69,72,10,0,63,181.99,0,20,34,-998,-1,0,0,0,,,,,,,,,
1540,1783018204689,152233,147878,1,-1,-13,0,0,0,69,72,10,0,63,181.8,0,21,33,-998,-1,0,0,0,,,,,,,,,
1541,1783018204737,152281,147926,1,-1,-13,0,0,0,69,72,10,0,63,181.95,0,22,32,-1000,-1,0,0,0,,,,,,,,,
1542,1783018204833,152377,148022,1,-1,-13,0,0,0,69,72,10,0,63,181.86,0,22,33,-1001,-1,0,0,0,,,,,,,,,
1543,1783018204929,152473,148118,1,-1,-13,0,0,0,69,72,10,0,63,181.87,0,22,34,-1000,-1,0,0,0,,,,,,,,,
1544,1783018205025,152569,148214,1,-1,-13,0,0,0,69,72,10,0,63,182.05,0,21,35,-997,-1,0,0,0,,,,,,,,,
1545,1783018205122,152666,148311,1,-1,-13,0,0,0,69,72,10,0,63,182.06,0,21,32,-998,-1,0,0,0,,,,,,,,,
1546,1783018205218,152762,148407,1,-1,-13,0,0,0,69,72,10,0,63,181.86,0,21,34,-999,-1,0,0,0,,,,,,,,,
1547,1783018205315,152859,148504,1,-1,-13,0,0,0,69,72,10,0,63,182.05,0,21,34,-1000,-1,0,0,0,,,,,,,,,
1548,1783018205414,152958,148603,1,-1,-13,0,0,0,69,72,10,0,63,182,0,22,34,-998,-1,0,0,0,,,,,,,,,
1549,1783018205507,153051,148696,1,-1,-13,0,0,0,69,72,10,0,63,181.86,0,22,34,-997,-1,0,0,0,,,,,,,,,
1550,1783018205603,153147,148792,1,-1,-13,0,0,0,69,72,10,0,63,181.75,0,22,32,-996,-1,0,0,0,,,,,,,,,
1551,1783018205700,153244,148889,1,-1,-13,0,0,0,69,72,10,0,63,181.97,0,22,35,-999,-1,0,0,0,,,,,,,,,
1552,1783018205796,153340,148985,1,-1,-13,0,0,0,69,72,10,0,63,181.75,0,20,34,-998,-1,0,0,0,,,,,,,,,
1553,1783018205892,153436,149081,1,-1,-13,0,0,0,69,72,10,0,63,182.06,0,20,35,-999,-1,0,0,0,,,,,,,,,
1554,1783018205989,153533,149178,1,-1,-13,0,0,0,69,72,10,0,63,181.62,0,24,33,-998,-1,0,0,0,,,,,,,,,
1555,1783018206086,153630,149275,1,-1,-13,0,0,0,69,72,10,0,63,181.63,0,22,35,-1000,-1,0,0,0,,,,,,,,,
1556,1783018206185,153729,149374,1,-1,-13,0,0,0,69,72,10,0,63,181.6,0,21,33,-999,-1,0,0,0,,,,,,,,,
1557,1783018206286,153830,149475,1,-1,-13,0,0,0,68,72,10,0,63,181.94,0,22,35,-999,-1,0,0,0,,,,,,,,,
1558,1783018206385,153929,149574,1,-1,-13,0,0,0,68,72,10,0,63,181.99,0,23,33,-1002,-1,0,0,0,,,,,,,,,
1559,1783018206484,154028,149673,1,-1,-13,0,0,0,68,72,10,0,63,182.14,0,24,33,-1001,-1,0,0,0,,,,,,,,,
1560,1783018206583,154127,149772,1,-1,-13,0,0,0,68,72,10,0,63,181.68,0,22,35,-999,-1,0,0,0,,,,,,,,,
1561,1783018206682,154226,149871,1,-1,-13,0,0,0,68,72,10,0,63,182.06,0,21,35,-998,-1,0,0,0,,,,,,,,,
1562,1783018206783,154327,149972,1,-1,-13,0,0,0,68,72,10,0,63,181.96,0,23,35,-997,-1,0,0,0,,,,,,,,,
1563,1783018206883,154427,150071,1,-1,-13,0,0,0,68,72,10,0,63,181.76,0,24,33,-999,-1,0,0,0,,,,,,,,,
1564,1783018206981,154525,150170,1,-1,-13,0,0,0,68,72,10,0,63,181.89,0,22,33,-999,-1,0,0,0,,,,,,,,,
1565,1783018207081,154625,150270,1,-1,-13,0,0,0,68,72,10,0,63,181.82,0,22,34,-1002,-1,0,0,0,,,,,,,,,
1566,1783018207179,154723,150368,1,-1,-13,0,0,0,68,72,10,0,63,181.84,0,22,34,-997,-1,0,0,0,,,,,,,,,
1567,1783018207279,154823,150468,1,-1,-13,0,0,0,69,72,10,0,63,181.77,0,20,33,-996,-1,0,0,0,,,,,,,,,
1568,1783018207378,154922,150567,1,-1,-13,0,0,0,69,72,10,0,63,181.88,0,21,34,-1000,-1,0,0,0,,,,,,,,,
1569,1783018207477,155021,150666,1,-1,-13,0,0,0,69,72,10,0,63,182.29,0,23,35,-1002,-1,0,0,0,,,,,,,,,
1570,1783018207576,155120,150765,1,-1,-13,0,0,0,69,72,10,0,63,181.93,0,22,33,-1001,-1,0,0,0,,,,,,,,,
1571,1783018207675,155219,150864,1,-1,-13,0,0,0,69,72,10,0,63,181.87,0,22,34,-996,-1,0,0,0,,,,,,,,,
1572,1783018207775,155319,150964,1,-1,-13,0,0,0,69,72,10,0,63,181.71,0,22,35,-998,-1,0,0,0,,,,,,,,,
1573,1783018207824,155368,151013,1,-1,-13,0,0,0,69,72,10,0,63,181.74,0,21,34,-997,-1,0,0,0,,,,,,,,,
1574,1783018207923,155467,151112,1,-1,-13,0,0,0,69,72,10,0,63,181.87,0,22,35,-1002,-1,0,0,0,,,,,,,,,
1575,1783018208023,155567,151212,1,-1,-13,0,0,0,69,72,10,0,63,181.99,0,22,33,-1000,-1,0,0,0,,,,,,,,,
1576,1783018208122,155666,151311,1,-1,-13,0,0,0,69,72,10,0,63,181.78,0,21,33,-996,-1,0,0,0,,,,,,,,,
1577,1783018208221,155765,151410,1,-1,-13,0,0,0,70,71,10,0,63,181.8,0,21,33,-999,-1,0,0,0,,,,,,,,,
1578,1783018208320,155864,151509,1,-1,-13,0,0,0,70,71,10,0,63,181.71,0,22,34,-996,-1,0,0,0,,,,,,,,,
1579,1783018208420,155964,151608,1,-1,-13,0,0,0,70,71,10,0,63,181.98,0,21,34,-999,-1,0,0,0,,,,,,,,,
1580,1783018208519,156063,151708,1,-1,-13,0,0,0,70,71,10,0,63,181.88,0,22,33,-998,-1,0,0,0,,,,,,,,,
1581,1783018208618,156162,151807,1,-1,-13,0,0,0,70,71,10,0,63,181.65,0,21,34,-1002,-1,0,0,0,,,,,,,,,
1582,1783018208717,156261,151906,1,-1,-13,0,0,0,70,71,10,0,63,182.03,0,22,32,-999,-1,0,0,0,,,,,,,,,
1583,1783018208816,156360,152005,1,-1,-13,0,0,0,70,71,10,0,63,181.75,0,22,35,-996,-1,0,0,0,,,,,,,,,
1584,1783018208916,156460,152105,1,-1,-13,0,0,0,70,71,10,0,63,181.6,0,20,33,-997,-1,0,0,0,,,,,,,,,
1585,1783018209015,156559,152204,1,-1,-13,0,0,0,70,71,10,0,63,181.92,0,21,34,-1000,-1,0,0,0,,,,,,,,,
1586,1783018209114,156658,152303,1,-1,-13,0,0,0,70,71,10,0,63,182.08,0,21,34,-999,-1,0,0,0,,,,,,,,,
1587,1783018209215,156759,152404,1,-1,-13,0,0,0,69,71,10,0,63,181.82,0,22,33,-998,-1,0,0,0,,,,,,,,,
1588,1783018209313,156857,152502,1,-1,-13,0,0,0,69,71,10,0,63,181.91,0,23,35,-1000,-1,0,0,0,,,,,,,,,
1589,1783018209413,156957,152602,1,-1,-13,0,0,0,69,71,10,0,63,181.98,0,22,32,-999,-1,0,0,0,,,,,,,,,
1590,1783018209512,157056,152701,1,-1,-13,0,0,0,69,71,10,0,63,181.79,0,22,33,-997,-1,0,0,0,,,,,,,,,
1591,1783018209611,157155,152800,1,-1,-13,0,0,0,69,71,10,0,63,181.94,0,22,32,-998,-1,0,0,0,,,,,,,,,
1592,1783018209710,157254,152899,1,-1,-13,0,0,0,69,71,10,0,63,181.97,0,22,34,-1001,-1,0,0,0,,,,,,,,,
1593,1783018209809,157353,152998,1,-1,-13,0,0,0,69,71,10,0,63,181.84,0,21,34,-998,-1,0,0,0,,,,,,,,,
1594,1783018209909,157453,153098,1,-1,-13,0,0,0,69,71,10,0,63,181.83,0,22,33,-996,-1,0,0,0,,,,,,,,,
1595,1783018210008,157552,153197,1,-1,-13,0,0,0,69,71,10,0,63,181.8,0,21,36,-998,-1,0,0,0,,,,,,,,,
1596,1783018210110,157654,153299,1,-1,-13,0,0,0,69,71,10,0,63,181.99,0,22,35,-997,-1,0,0,0,,,,,,,,,
1597,1783018210206,157750,153395,1,-1,-13,0,0,0,70,71,10,0,63,181.68,0,21,33,-999,-1,0,0,0,,,,,,,,,
1598,1783018210306,157850,153495,1,-1,-13,0,0,0,70,71,10,0,63,181.99,0,22,32,-998,-1,0,0,0,,,,,,,,,
1599,1783018210405,157949,153594,1,-1,-13,0,0,0,70,71,10,0,63,181.8,0,22,34,-999,-1,0,0,0,,,,,,,,,
1600,1783018210504,158048,153693,1,-1,-13,0,0,0,70,71,10,0,63,181.74,0,22,35,-997,-1,0,0,0,,,,,,,,,
1601,1783018210603,158147,153792,1,-1,-13,0,0,0,70,71,10,0,63,181.83,0,23,32,-998,-1,0,0,0,,,,,,,,,
1602,1783018210704,158248,153893,1,-1,-13,0,0,0,70,71,10,0,63,182.02,0,23,34,-998,-1,0,0,0,,,,,,,,,
1603,1783018210802,158346,153991,1,-1,-13,0,0,0,70,71,10,0,63,181.74,0,20,35,-1001,-1,0,0,0,,,,,,,,,
1604,1783018210854,158398,154043,1,-1,-13,0,0,0,70,71,10,0,63,181.84,0,20,34,-1000,-1,0,0,0,,,,,,,,,
1605,1783018210951,158495,154140,1,-1,-13,0,0,0,70,71,10,0,63,181.83,0,22,34,-999,-1,0,0,0,,,,,,,,,
1606,1783018211053,158597,154242,1,-1,-13,0,0,0,70,71,10,0,63,182.04,0,20,34,-997,-1,0,0,0,,,,,,,,,
1607,1783018211149,158693,154338,1,-1,-13,0,0,0,69,71,10,0,63,182.08,0,21,32,-997,-1,0,0,0,,,,,,,,,
1608,1783018211248,158792,154437,1,-1,-13,0,0,0,69,71,10,0,63,181.94,0,22,34,-999,-1,0,0,0,,,,,,,,,
1609,1783018211347,158891,154536,1,-1,-13,0,0,0,69,71,10,0,63,181.93,0,23,35,-1001,-1,0,0,0,,,,,,,,,
1610,1783018211447,158991,154636,1,-1,-13,0,0,0,69,71,10,0,63,181.83,0,24,33,-1001,-1,0,0,0,,,,,,,,,
1611,1783018211546,159090,154735,1,-1,-13,0,0,0,69,71,10,0,63,182.04,0,20,32,-997,-1,0,0,0,,,,,,,,,
1612,1783018211646,159190,154835,1,-1,-13,0,0,0,69,71,10,0,63,181.66,0,21,35,-998,-1,0,0,0,,,,,,,,,
1613,1783018211746,159290,154935,1,-1,-13,0,0,0,69,71,10,0,63,181.68,0,21,34,-997,-1,0,0,0,,,,,,,,,
1614,1783018211845,159389,155034,1,-1,-13,0,0,0,69,71,10,0,63,181.82,0,22,35,-999,-1,0,0,0,,,,,,,,,
1615,1783018211944,159488,155133,1,-1,-13,0,0,0,69,71,10,0,63,182.05,0,22,35,-1000,-1,0,0,0,,,,,,,,,
1616,1783018212043,159587,155232,1,-1,-13,0,0,0,69,71,10,0,63,181.68,0,22,34,-996,-1,0,0,0,,,,,,,,,
1617,1783018212142,159686,155331,1,-1,-13,0,0,0,69,72,10,0,63,181.96,0,21,35,-998,-1,0,0,0,,,,,,,,,
1618,1783018212249,159793,155438,1,-1,-13,0,0,0,69,72,10,0,63,181.98,0,21,33,-997,-1,0,0,0,,,,,,,,,
1619,1783018212340,159884,155529,1,-1,-13,0,0,0,69,72,10,0,63,181.84,0,22,34,-999,-1,0,0,0,,,,,,,,,
1620,1783018212443,159987,155632,1,-1,-13,0,0,0,69,72,10,0,63,181.88,0,23,34,-1000,-1,0,0,0,,,,,,,,,
1621,1783018212539,160083,155728,1,-1,-13,0,0,0,69,72,10,0,63,181.59,0,21,33,-1001,-1,0,0,0,,,,,,,,,
1622,1783018212638,160182,155827,1,-1,-13,0,0,0,69,72,10,0,63,182.16,0,20,34,-998,-1,0,0,0,,,,,,,,,
1623,1783018212737,160281,155926,1,-1,-13,0,0,0,69,72,10,0,63,181.62,0,19,34,-995,-1,0,0,0,,,,,,,,,
1624,1783018212836,160380,156025,1,-1,-13,0,0,0,69,72,10,0,63,181.8,0,20,34,-997,-1,0,0,0,,,,,,,,,
1625,1783018212936,160480,156125,1,-1,-13,0,0,0,69,72,10,0,63,181.94,0,22,34,-1002,-1,0,0,0,,,,,,,,,
1626,1783018213035,160579,156224,1,-1,-13,0,0,0,69,72,10,0,63,181.75,0,22,35,-997,-1,0,0,0,,,,,,,,,
1627,1783018213134,160678,156323,1,-1,-13,0,0,0,69,71,10,0,63,181.97,0,24,34,-997,-1,0,0,0,,,,,,,,,
1628,1783018213241,160785,156430,1,-1,-13,0,0,0,69,71,10,0,63,181.97,0,22,35,-1001,-1,0,0,0,,,,,,,,,
1629,1783018213333,160877,156522,1,-1,-13,0,0,0,69,71,10,0,63,181.87,0,22,35,-998,-1,0,0,0,,,,,,,,,
1630,1783018213434,160978,156623,1,-1,-13,0,0,0,69,71,10,0,63,181.69,0,23,33,-999,-1,0,0,0,,,,,,,,,
1631,1783018213533,161077,156722,1,-1,-13,0,0,0,69,71,10,0,63,181.86,0,22,32,-1001,-1,0,0,0,,,,,,,,,
1632,1783018213631,161175,156820,1,-1,-13,0,0,0,69,71,10,0,63,182.13,0,21,33,-999,-1,0,0,0,,,,,,,,,
1633,1783018213748,161292,156937,1,-1,-13,0,0,0,69,71,10,0,63,182.12,0,20,35,-998,-1,0,0,0,,,,,,,,,
1634,1783018213830,161374,157019,1,-1,-13,0,0,0,69,71,10,0,63,181.69,0,20,34,-998,-1,0,0,0,,,,,,,,,
1635,1783018213879,161423,157068,1,-1,-13,0,0,0,69,71,10,0,63,181.8,0,22,34,-1001,-1,0,0,0,,,,,,,,,
1636,1783018213979,161523,157168,1,-1,-13,0,0,0,69,71,10,0,63,182,0,23,33,-1000,-1,0,0,0,,,,,,,,,
1637,1783018214127,161671,157316,1,-1,-13,0,0,0,69,72,10,0,63,181.91,0,19,34,-994,-1,0,0,0,,,,,,,,,
1638,1783018214226,161770,157415,1,-1,-13,0,0,0,69,72,10,0,63,181.91,0,20,34,-1001,-1,0,0,0,,,,,,,,,
1639,1783018214276,161820,157465,1,-1,-13,0,0,0,69,72,10,0,63,181.77,0,23,32,-1002,-1,0,0,0,,,,,,,,,
1640,1783018214375,161919,157564,1,-1,-13,0,0,0,69,72,10,0,63,181.58,0,22,35,-998,-1,0,0,0,,,,,,,,,
1641,1783018214474,162018,157663,1,-1,-13,0,0,0,69,72,10,0,63,181.66,0,21,34,-997,-1,0,0,0,,,,,,,,,
1642,1783018214574,162118,157763,1,-1,-13,0,0,0,69,72,10,0,63,182.09,0,21,34,-998,-1,0,0,0,,,,,,,,,
1643,1783018214673,162217,157862,1,-1,-13,0,0,0,69,72,10,0,63,182.24,0,20,33,-998,-1,0,0,0,,,,,,,,,
1644,1783018214772,162316,157961,1,-1,-13,0,0,0,69,72,10,0,63,182.25,0,20,35,-999,-1,0,0,0,,,,,,,,,
1645,1783018214871,162415,158060,1,-1,-13,0,0,0,69,72,10,0,63,181.82,0,23,33,-998,-1,0,0,0,,,,,,,,,
1646,1783018214971,162515,158160,1,-1,-13,0,0,0,69,72,10,0,63,181.71,0,23,34,-999,-1,0,0,0,,,,,,,,,
1647,1783018215070,162614,158259,1,-1,-13,0,0,0,69,72,10,0,63,182,0,22,34,-998,-1,0,0,0,,,,,,,,,
1648,1783018215169,162713,158358,1,-1,-13,0,0,0,69,72,10,0,63,181.98,0,23,34,-999,-1,0,0,0,,,,,,,,,
1649,1783018215269,162813,158458,1,-1,-13,0,0,0,69,72,10,0,63,181.91,0,21,34,-998,-1,0,0,0,,,,,,,,,
1650,1783018215368,162912,158557,1,-1,-13,0,0,0,69,72,10,0,63,181.98,0,23,35,-997,-1,0,0,0,,,,,,,,,
1651,1783018215467,163011,158656,1,-1,-13,0,0,0,69,72,10,0,63,182.15,0,23,32,-999,-1,0,0,0,,,,,,,,,
1652,1783018215566,163110,158755,1,-1,-13,0,0,0,69,72,10,0,63,182.22,0,23,33,-998,-1,0,0,0,,,,,,,,,
1653,1783018215665,163209,158854,1,-1,-13,0,0,0,69,72,10,0,63,182.14,0,21,34,-999,-1,0,0,0,,,,,,,,,
1654,1783018215769,163313,158958,1,-1,-13,0,0,0,69,72,10,0,63,181.92,0,19,33,-997,-1,0,0,0,,,,,,,,,
1655,1783018215864,163408,159053,1,-1,-13,0,0,0,69,72,10,0,63,181.94,0,22,34,-998,-1,0,0,0,,,,,,,,,
1656,1783018215968,163512,159157,1,-1,-13,0,0,0,69,72,10,0,63,181.69,0,20,35,-1001,-1,0,0,0,,,,,,,,,
1657,1783018216065,163609,159254,1,-1,-13,0,0,0,69,72,10,0,63,182.03,0,22,34,-998,-1,0,0,0,,,,,,,,,
1658,1783018216162,163706,159351,1,-1,-13,0,0,0,69,72,10,0,63,182.11,0,21,34,-997,-1,0,0,0,,,,,,,,,
1659,1783018216260,163804,159449,1,-1,-13,0,0,0,69,72,10,0,63,181.93,0,23,33,-999,-1,0,0,0,,,,,,,,,
1660,1783018216362,163906,159551,1,-1,-13,0,0,0,69,72,10,0,63,182.15,0,21,35,-995,-1,0,0,0,,,,,,,,,
1661,1783018216459,164003,159648,1,-1,-13,0,0,0,69,72,10,0,63,181.77,0,23,35,-1000,-1,0,0,0,,,,,,,,,
1662,1783018216558,164102,159747,1,-1,-13,0,0,0,69,72,10,0,63,181.87,0,22,33,-999,-1,0,0,0,,,,,,,,,
1663,1783018216658,164202,159847,1,-1,-13,0,0,0,69,72,10,0,63,181.96,0,20,34,-997,-1,0,0,0,,,,,,,,,
1664,1783018216757,164301,159946,1,-1,-13,0,0,0,69,72,10,0,63,182.05,0,21,34,-996,-1,0,0,0,,,,,,,,,
1665,1783018216856,164400,160045,1,-1,-13,0,0,0,69,72,10,0,63,181.91,0,22,36,-999,-1,0,0,0,,,,,,,,,
1666,1783018216955,164499,160144,1,-1,-13,0,0,0,69,72,10,0,63,182.06,0,21,34,-998,-1,0,0,0,,,,,,,,,
1667,1783018217055,164599,160244,1,-1,-13,0,0,0,69,71,10,0,63,181.73,0,23,34,-1000,-1,0,0,0,,,,,,,,,
1668,1783018217156,164700,160345,1,-1,-13,0,0,0,69,71,10,0,63,182.07,0,23,33,-1002,-1,0,0,0,,,,,,,,,
1669,1783018217259,164803,160448,1,-1,-13,0,0,0,69,71,10,0,63,182,0,21,34,-1001,-1,0,0,0,,,,,,,,,
1670,1783018217311,164855,160500,1,-1,-13,0,0,0,69,71,10,0,63,181.92,0,21,35,-996,-1,0,0,0,,,,,,,,,
1671,1783018217413,164957,160602,1,-1,-13,0,0,0,69,71,10,0,63,181.97,0,21,34,-999,-1,0,0,0,,,,,,,,,
1672,1783018217514,165058,160703,1,-1,-13,0,0,0,69,71,10,0,63,181.85,0,23,35,-997,-1,0,0,0,,,,,,,,,
1673,1783018217616,165160,160805,1,-1,-13,0,0,0,69,71,10,0,63,181.77,0,22,34,-999,-1,0,0,0,,,,,,,,,
1674,1783018217718,165262,160907,1,-1,-13,0,0,0,69,71,10,0,63,182.05,0,21,34,-1002,-1,0,0,0,,,,,,,,,
1675,1783018217820,165364,161009,1,-1,-13,0,0,0,69,71,10,0,63,182.13,0,22,34,-999,-1,0,0,0,,,,,,,,,
1676,1783018219010,166554,161111,1,-1,-13,0,0,0,69,71,10,0,63,181.9,0,21,34,-996,-1,0,0,0,,,,,,,,,
1677,1783018219112,166656,161213,1,-1,-13,0,0,0,69,71,10,0,63,181.89,0,21,34,-997,-1,0,0,0,,,,,,,,,
1678,1783018219214,166758,161314,1,-1,-13,0,0,0,69,71,10,0,63,182.16,0,21,35,-1003,-1,0,0,0,,,,,,,,,
1679,1783018219316,166860,161417,1,-1,-13,0,0,0,69,71,10,0,63,181.97,0,22,31,-1002,-1,0,0,0,,,,,,,,,
1680,1783018219418,166962,161518,1,-1,-13,0,0,0,69,71,10,0,63,182,0,21,34,-996,-1,0,0,0,,,,,,,,,
1681,1783018219521,167065,161622,1,-1,-13,0,0,0,69,71,10,0,63,182.03,0,22,33,-996,-1,0,0,0,,,,,,,,,
1682,1783018219621,167165,161722,1,-1,-13,0,0,0,69,71,10,0,63,181.76,0,22,33,-997,-1,0,0,0,,,,,,,,,
1683,1783018219723,167267,161824,1,-1,-13,0,0,0,69,71,10,0,63,181.9,0,21,35,-1000,-1,0,0,0,,,,,,,,,
1684,1783018219829,167373,161930,1,-1,-13,0,0,0,69,71,10,0,63,181.87,0,22,34,-999,-1,0,0,0,,,,,,,,,
1685,1783018219927,167471,162028,1,-1,-13,0,0,0,69,71,10,0,63,181.97,0,21,35,-998,-1,0,0,0,,,,,,,,,
1686,1783018220028,167572,162129,1,-1,-13,0,0,0,69,71,10,0,63,181.98,0,21,33,-998,-1,0,0,0,,,,,,,,,
1687,1783018220130,167674,162231,1,-1,-13,0,0,0,70,71,10,0,63,181.92,0,20,35,-997,-1,0,0,0,,,,,,,,,
1688,1783018220232,167776,162333,1,-1,-13,0,0,0,70,71,10,0,63,181.92,0,19,33,-999,-1,0,0,0,,,,,,,,,
1689,1783018220334,167878,162435,1,-1,-13,0,0,0,70,71,10,0,63,181.88,0,22,33,-1001,-1,0,0,0,,,,,,,,,
1690,1783018220436,167980,162537,1,-1,-13,0,0,0,70,71,10,0,63,182.17,0,23,34,-999,-1,0,0,0,,,,,,,,,
1691,1783018220538,168082,162639,1,-1,-13,0,0,0,70,71,10,0,63,182.06,0,23,33,-998,-1,0,0,0,,,,,,,,,
1692,1783018220640,168184,162741,1,-1,-13,0,0,0,70,71,10,0,63,181.77,0,22,34,-999,-1,0,0,0,,,,,,,,,
1693,1783018220742,168286,162842,1,-1,-13,0,0,0,70,71,10,0,63,182.12,0,20,33,-997,-1,0,0,0,,,,,,,,,
1694,1783018220843,168387,162944,1,-1,-13,0,0,0,70,71,10,0,63,182.09,0,22,35,-995,-1,0,0,0,,,,,,,,,
1695,1783018220947,168491,163048,1,-1,-13,0,0,0,70,71,10,0,63,182.1,0,21,35,-1002,-1,0,0,0,,,,,,,,,
1696,1783018221049,168593,163150,1,-1,-13,0,0,0,70,71,10,0,63,181.96,0,22,34,-1000,-1,0,0,0,,,,,,,,,
1697,1783018221151,168695,163252,1,-1,-13,0,0,0,68,71,10,0,63,182.08,0,22,32,-997,-1,0,0,0,,,,,,,,,
1698,1783018221253,168797,163354,1,-1,-13,0,0,0,68,71,10,0,63,182.17,0,21,35,-997,-1,0,0,0,,,,,,,,,
1699,1783018221355,168899,163456,1,-1,-13,0,0,0,68,71,10,0,63,182.01,0,20,33,-1000,-1,0,0,0,,,,,,,,,
1700,1783018221457,169001,163557,1,-1,-13,0,0,0,68,71,10,0,63,181.91,0,21,36,-998,-1,0,0,0,,,,,,,,,
1701,1783018221508,169052,163609,1,-1,-13,0,0,0,68,71,10,0,63,181.93,0,20,35,-999,-1,0,0,0,,,,,,,,,
1702,1783018221609,169153,163710,1,-1,-13,0,0,0,68,71,10,0,63,182.15,0,22,35,-1000,-1,0,0,0,,,,,,,,,
1703,1783018221712,169256,163813,1,-1,-13,0,0,0,68,71,10,0,63,182.21,0,22,33,-995,-1,0,0,0,,,,,,,,,
1704,1783018221817,169361,163917,1,-1,-13,0,0,0,68,71,10,0,63,181.89,0,22,35,-1001,-1,0,0,0,,,,,,,,,
1705,1783018221919,169463,164020,1,-1,-13,0,0,0,68,71,10,0,63,182.03,0,21,34,-1000,-1,0,0,0,,,,,,,,,
1706,1783018222024,169568,164125,1,-1,-13,0,0,0,68,71,10,0,63,181.86,0,23,33,-1000,-1,0,0,0,,,,,,,,,
1707,1783018222120,169664,164220,1,-1,-13,0,0,0,68,71,10,0,63,181.93,0,23,35,-1002,-1,0,0,0,,,,,,,,,
1708,1783018222223,169767,164324,1,-1,-13,0,0,0,68,71,10,0,63,181.67,0,22,33,-999,-1,0,0,0,,,,,,,,,
1709,1783018222324,169868,164425,1,-1,-13,0,0,0,68,71,10,0,63,181.87,0,21,32,-1000,-1,0,0,0,,,,,,,,,
1710,1783018222425,169969,164526,1,-1,-13,0,0,0,68,71,10,0,63,181.99,0,21,32,-998,-1,0,0,0,,,,,,,,,
1711,1783018222527,170071,164628,1,-1,-13,0,0,0,68,71,10,0,63,182,0,22,32,-1000,-1,0,0,0,,,,,,,,,
1712,1783018222626,170170,164727,1,-1,-13,0,0,0,68,71,10,0,63,182.04,0,25,33,-998,-1,0,0,0,,,,,,,,,
1713,1783018222727,170271,164828,1,-1,-13,0,0,0,68,71,10,0,63,182.09,0,23,34,-1001,-1,0,0,0,,,,,,,,,
1714,1783018222825,170369,164926,1,-1,-13,0,0,0,68,71,10,0,63,181.9,0,21,33,-999,-1,0,0,0,,,,,,,,,
1715,1783018222924,170468,165025,1,-1,-13,0,0,0,68,71,10,0,63,182.16,0,20,33,-995,-1,0,0,0,,,,,,,,,
1716,1783018223024,170568,165125,1,-1,-13,0,0,0,68,71,10,0,63,182.19,0,21,33,-997,-1,0,0,0,,,,,,,,,
1717,1783018223124,170668,165224,1,-1,-13,0,0,0,69,71,10,0,63,181.96,0,22,33,-1001,-1,0,0,0,,,,,,,,,
1718,1783018223224,170768,165325,1,-1,-13,0,0,0,69,71,10,0,63,181.95,0,22,35,-1004,-1,0,0,0,,,,,,,,,
1719,1783018223323,170867,165424,1,-1,-13,0,0,0,69,71,10,0,63,181.8,0,22,33,-997,-1,0,0,0,,,,,,,,,
1720,1783018223422,170966,165522,1,-1,-13,0,0,0,69,71,10,0,63,181.92,0,22,33,-995,-1,0,0,0,,,,,,,,,
1721,1783018223520,171064,165621,1,-1,-13,0,0,0,69,71,10,0,63,182.32,0,20,34,-998,-1,0,0,0,,,,,,,,,
1722,1783018223620,171164,165720,1,-1,-13,0,0,0,69,71,10,0,63,182.13,0,21,36,-1001,-1,0,0,0,,,,,,,,,
1723,1783018223719,171263,165820,1,-1,-13,0,0,0,69,71,10,0,63,181.85,0,23,32,-997,-1,0,0,0,,,,,,,,,
1724,1783018223824,171368,165925,1,-1,-13,0,0,0,69,71,10,0,63,182.16,0,23,35,-999,-1,0,0,0,,,,,,,,,
1725,1783018223917,171461,166018,1,-1,-13,0,0,0,69,71,10,0,63,182.61,0,22,32,-1000,-1,0,0,0,,,,,,,,,
1726,1783018224016,171560,166117,1,-1,-13,0,0,0,69,71,10,0,63,181.85,0,22,34,-995,-1,0,0,0,,,,,,,,,
1727,1783018224116,171660,166216,1,-1,-13,0,0,0,69,71,10,0,63,182.09,0,22,34,-998,-1,0,0,0,,,,,,,,,
1728,1783018224215,171759,166316,1,-1,-13,0,0,0,69,71,10,0,63,182.2,0,23,34,-1001,-1,0,0,0,,,,,,,,,
1729,1783018224314,171858,166415,1,-1,-13,0,0,0,69,71,10,0,63,182.19,0,20,33,-1000,-1,0,0,0,,,,,,,,,
1730,1783018224413,171957,166514,1,-1,-13,0,0,0,69,71,10,0,63,181.88,0,22,33,-998,-1,0,0,0,,,,,,,,,
1731,1783018224512,172056,166613,1,-1,-13,0,0,0,69,71,10,0,63,182.01,0,22,32,-998,-1,0,0,0,,,,,,,,,
1732,1783018224612,172156,166713,1,-1,-13,0,0,0,69,71,10,0,63,182.24,0,21,34,-1000,-1,0,0,0,,,,,,,,,
1733,1783018224661,172205,166762,1,-1,-13,0,0,0,69,71,10,0,63,182.3,0,20,33,-998,-1,0,0,0,,,,,,,,,
1734,1783018224760,172304,166861,1,-1,-13,0,0,0,69,71,10,0,63,182.28,0,22,33,-999,-1,0,0,0,,,,,,,,,
1735,1783018224860,172404,166960,1,-1,-13,0,0,0,69,71,10,0,63,182.08,0,21,33,-1000,-1,0,0,0,,,,,,,,,
1736,1783018224960,172504,167061,1,-1,-13,0,0,0,69,71,10,0,63,182.07,0,20,32,-998,-1,0,0,0,,,,,,,,,
1737,1783018225059,172603,167160,1,-1,-13,0,0,0,69,71,10,0,63,181.89,0,22,33,-997,-1,0,0,0,,,,,,,,,
1738,1783018225158,172702,167259,1,-1,-13,0,0,0,69,71,10,0,63,182.02,0,22,33,-1001,-1,0,0,0,,,,,,,,,
1739,1783018225258,172802,167358,1,-1,-13,0,0,0,69,71,10,0,63,182.23,0,21,34,-999,-1,0,0,0,,,,,,,,,
1740,1783018225357,172901,167458,1,-1,-13,0,0,0,69,71,10,0,63,182.14,0,21,33,-1000,-1,0,0,0,,,,,,,,,
1741,1783018225456,173000,167557,1,-1,-13,0,0,0,69,71,10,0,63,182.17,0,20,33,-996,-1,0,0,0,,,,,,,,,
1742,1783018225555,173099,167656,1,-1,-13,0,0,0,69,71,10,0,63,182.1,0,22,33,-999,-1,0,0,0,,,,,,,,,
1743,1783018225655,173199,167756,1,-1,-13,0,0,0,69,71,10,0,63,182.12,0,22,34,-998,-1,0,0,0,,,,,,,,,
1744,1783018225756,173300,167856,1,-1,-13,0,0,0,69,71,10,0,63,181.93,0,21,35,-996,-1,0,0,0,,,,,,,,,
1745,1783018225853,173397,167954,1,-1,-13,0,0,0,69,71,10,0,63,182,0,22,33,-997,-1,0,0,0,,,,,,,,,
1746,1783018225952,173496,168053,1,-1,-13,0,0,0,69,71,10,0,63,182.15,0,21,35,-996,-1,0,0,0,,,,,,,,,
1747,1783018226051,173595,168152,1,-1,-13,0,0,0,69,71,10,0,63,182.36,0,21,33,-997,-1,0,0,0,,,,,,,,,
1748,1783018226853,174397,168953,1,-1,-13,0,0,0,69,71,10,0,63,182.08,0,22,34,-1002,-1,0,0,0,,,,,,,,,
1749,1783018226857,174401,168958,1,-1,-13,0,0,0,69,71,10,0,63,182.22,0,22,34,-999,-1,0,0,0,,,,,,,,,
1750,1783018227394,174938,169494,1,-1,-13,0,0,0,69,71,10,0,63,182.41,0,23,31,-999,-1,0,0,0,,,,,,,,,
1751,1783018227930,175474,170031,1,-1,-13,0,0,0,69,71,10,0,63,182.32,0,21,33,-996,-1,0,0,0,,,,,,,,,
1752,1783018227931,175475,170032,1,-1,-13,0,0,0,69,71,10,0,63,182.38,0,22,31,-998,-1,0,0,0,,,,,,,,,
1753,1783018227931,175475,170032,1,-1,-13,0,0,0,69,71,10,0,63,182.29,0,20,35,-1000,-1,0,0,0,,,,,,,,,
1754,1783018227976,175520,170077,1,-1,-13,0,0,0,69,71,10,0,63,182.44,0,22,32,-996,-1,0,0,0,,,,,,,,,
1755,1783018228954,176498,171055,1,-1,-13,0,0,0,69,71,10,0,63,182.53,0,22,33,-998,-1,0,0,0,,,,,,,,,
1756,1783018228954,176498,171055,1,-1,-13,0,0,0,69,71,10,0,63,182.12,0,20,35,-999,-1,0,0,0,,,,,,,,,
1757,1783018228954,176498,171055,1,-1,-13,0,0,0,69,71,10,0,63,182.34,0,21,35,-997,-1,0,0,0,,,,,,,,,
1758,1783018228994,176538,171095,1,-1,-13,0,0,0,69,71,10,0,63,182.19,0,23,33,-997,-1,0,0,0,,,,,,,,,
1759,1783018229082,176626,171183,1,-1,-13,0,0,0,69,71,10,0,63,182.52,0,23,33,-997,-1,0,0,0,,,,,,,,,
1760,1783018229179,176723,171279,1,-1,-13,0,0,0,69,71,10,0,63,182.49,0,21,34,-995,-1,0,0,0,,,,,,,,,
1761,1783018229275,176819,171376,1,-1,-13,0,0,0,69,71,10,0,63,182.35,0,20,34,-1000,-1,0,0,0,,,,,,,,,
1762,1783018229372,176916,171473,1,-1,-13,0,0,0,69,71,10,0,63,182.17,0,22,35,-1000,-1,0,0,0,,,,,,,,,
1763,1783018229468,177012,171569,1,-1,-13,0,0,0,69,71,10,0,63,182.25,0,23,34,-1000,-1,0,0,0,,,,,,,,,
1764,1783018229565,177109,171666,1,-1,-13,0,0,0,69,71,10,0,63,182.46,0,23,34,-997,-1,0,0,0,,,,,,,,,
1765,1783018229661,177205,171762,1,-1,-13,0,0,0,69,71,10,0,63,182.1,0,20,34,-998,-1,0,0,0,,,,,,,,,
1766,1783018229758,177302,171859,1,-1,-13,0,0,0,69,71,10,0,63,182.76,0,22,35,-996,-1,0,0,0,,,,,,,,,
1767,1783018229854,177398,171955,1,-1,-13,0,0,0,68,71,10,0,63,182.59,0,22,34,-998,-1,0,0,0,,,,,,,,,
1768,1783018229951,177495,172052,1,-1,-13,0,0,0,68,71,10,0,63,182.31,0,22,33,-1000,-1,0,0,0,,,,,,,,,
1769,1783018230048,177592,172148,1,-1,-13,0,0,0,68,71,10,0,63,182.22,0,21,32,-1000,-1,0,0,0,,,,,,,,,
1770,1783018230144,177688,172245,1,-1,-13,0,0,0,68,71,10,0,63,181.95,0,23,35,-995,-1,0,0,0,,,,,,,,,
1771,1783018230241,177785,172341,1,-1,-13,0,0,0,68,71,10,0,63,182.22,0,22,35,-998,-1,0,0,0,,,,,,,,,
1772,1783018230338,177882,172438,1,-1,-13,0,0,0,68,71,10,0,63,182.31,0,22,34,-997,-1,0,0,0,,,,,,,,,
1773,1783018230434,177978,172535,1,-1,-13,0,0,0,68,71,10,0,63,182.56,0,22,33,-1000,-1,0,0,0,,,,,,,,,
1774,1783018230530,178074,172631,1,-1,-13,0,0,0,68,71,10,0,63,182.36,0,22,33,-998,-1,0,0,0,,,,,,,,,
1775,1783018230627,178171,172728,1,-1,-13,0,0,0,68,71,10,0,63,182.22,0,23,33,-999,-1,0,0,0,,,,,,,,,
1776,1783018230724,178268,172825,1,-1,-13,0,0,0,68,71,10,0,63,182.07,0,20,33,-997,-1,0,0,0,,,,,,,,,
1777,1783018230820,178364,172921,1,-1,-13,0,0,0,68,71,10,0,63,182.4,0,20,33,-995,-1,0,0,0,,,,,,,,,
1778,1783018230917,178461,173017,1,-1,-13,0,0,0,68,71,10,0,63,182.37,0,22,36,-998,-1,0,0,0,,,,,,,,,
1779,1783018231013,178557,173114,1,-1,-13,0,0,0,68,71,10,0,63,182.3,0,23,33,-1000,-1,0,0,0,,,,,,,,,
1780,1783018231110,178654,173210,1,-1,-13,0,0,0,68,71,10,0,63,182.44,0,20,33,-998,-1,0,0,0,,,,,,,,,
1781,1783018231206,178750,173307,1,-1,-13,0,0,0,68,71,10,0,63,182.13,0,21,32,-996,-1,0,0,0,,,,,,,,,
1782,1783018231303,178847,173404,1,-1,-13,0,0,0,68,71,10,0,63,182.29,0,22,32,-997,-1,0,0,0,,,,,,,,,
1783,1783018231399,178943,173500,1,-1,-13,0,0,0,68,71,10,0,63,182.29,0,22,34,-998,-1,0,0,0,,,,,,,,,
1784,1783018231496,179040,173597,1,-1,-13,0,0,0,68,71,10,0,63,182.41,0,22,33,-1000,-1,0,0,0,,,,,,,,,
1785,1783018231592,179136,173693,1,-1,-13,0,0,0,68,71,10,0,63,182.28,0,22,34,-997,-1,0,0,0,,,,,,,,,
1786,1783018231641,179185,173741,1,-1,-13,0,0,0,68,71,10,0,63,182.38,0,22,33,-997,-1,0,0,0,,,,,,,,,
1787,1783018231786,179330,173887,1,-1,-13,0,0,0,69,71,10,0,63,182.43,0,21,32,-1001,-1,0,0,0,,,,,,,,,
1788,1783018231834,179378,173935,1,-1,-13,0,0,0,69,71,10,0,63,182.39,0,22,34,-996,-1,0,0,0,,,,,,,,,
1789,1783018231931,179475,174032,1,-1,-13,0,0,0,69,71,10,0,63,182.29,0,20,34,-998,-1,0,0,0,,,,,,,,,
1790,1783018232027,179571,174128,1,-1,-13,0,0,0,69,71,10,0,63,182.53,0,21,33,-998,-1,0,0,0,,,,,,,,,
1791,1783018232123,179667,174224,1,-1,-13,0,0,0,69,71,10,0,63,182.32,0,22,34,-997,-1,0,0,0,,,,,,,,,
1792,1783018232221,179765,174322,1,-1,-13,0,0,0,69,71,10,0,63,182.24,0,22,33,-1000,-1,0,0,0,,,,,,,,,
1793,1783018232321,179865,174422,1,-1,-13,0,0,0,69,71,10,0,63,182.14,0,21,34,-996,-1,0,0,0,,,,,,,,,
1794,1783018232420,179964,174521,1,-1,-13,0,0,0,69,71,10,0,63,182.38,0,23,34,-997,-1,0,0,0,,,,,,,,,
1795,1783018232519,180063,174620,1,-1,-13,0,0,0,69,71,10,0,63,181.98,0,21,35,-999,-1,0,0,0,,,,,,,,,
1796,1783018232618,180162,174719,1,-1,-13,0,0,0,69,71,10,0,63,182.22,0,23,32,-1000,-1,0,0,0,,,,,,,,,
1797,1783018232717,180261,174818,1,-1,-13,0,0,0,69,70,10,0,63,182.37,0,24,33,-998,-1,0,0,0,,,,,,,,,
1798,1783018232817,180361,174918,1,-1,-13,0,0,0,69,70,10,0,63,182.34,0,23,33,-998,-1,0,0,0,,,,,,,,,
1799,1783018232916,180460,175017,1,-1,-13,0,0,0,69,70,10,0,63,182.43,0,21,34,-997,-1,0,0,0,,,,,,,,,
1800,1783018233015,180559,175116,1,-1,-13,0,0,0,69,70,10,0,63,182.26,0,21,33,-995,-1,0,0,0,,,,,,,,,
1801,1783018233114,180658,175215,1,-1,-13,0,0,0,69,70,10,0,63,182.52,0,21,35,-1001,-1,0,0,0,,,,,,,,,
1802,1783018233213,180757,175314,1,-1,-13,0,0,0,69,70,10,0,63,182.15,0,21,33,-1001,-1,0,0,0,,,,,,,,,
1803,1783018233313,180857,175414,1,-1,-13,0,0,0,69,70,10,0,63,182.57,0,22,32,-998,-1,0,0,0,,,,,,,,,
1804,1783018233412,180956,175513,1,-1,-13,0,0,0,69,70,10,0,63,182.04,0,21,33,-995,-1,0,0,0,,,,,,,,,
1805,1783018233511,181055,175612,1,-1,-13,0,0,0,69,70,10,0,63,182.04,0,19,34,-996,-1,0,0,0,,,,,,,,,
1806,1783018233610,181154,175711,1,-1,-13,0,0,0,69,70,10,0,63,182.32,0,24,34,-998,-1,0,0,0,,,,,,,,,
1807,1783018233709,181253,175810,1,-1,-13,0,0,0,68,71,10,0,63,182.58,0,22,33,-1001,-1,0,0,0,,,,,,,,,
1808,1783018233809,181353,175910,1,-1,-13,0,0,0,68,71,10,0,63,182.33,0,21,34,-999,-1,0,0,0,,,,,,,,,
1809,1783018233908,181452,176009,1,-1,-13,0,0,0,68,71,10,0,63,182.33,0,23,32,-998,-1,0,0,0,,,,,,,,,
1810,1783018234007,181551,176108,1,-1,-13,0,0,0,68,71,10,0,63,182.25,0,22,35,-997,-1,0,0,0,,,,,,,,,
1811,1783018234106,181650,176207,1,-1,-13,0,0,0,68,71,10,0,63,182.13,0,20,34,-1001,-1,0,0,0,,,,,,,,,
1812,1783018234205,181749,176306,1,-1,-13,0,0,0,68,71,10,0,63,182.41,0,22,34,-998,-1,0,0,0,,,,,,,,,
1813,1783018234304,181848,176405,1,-1,-13,0,0,0,68,71,10,0,63,182.39,0,23,34,-1000,-1,0,0,0,,,,,,,,,
1814,1783018234403,181947,176504,1,-1,-13,0,0,0,68,71,10,0,63,182.55,0,24,33,-1002,-1,0,0,0,,,,,,,,,
1815,1783018234502,182046,176603,1,-1,-13,0,0,0,68,71,10,0,63,182.29,0,21,33,-995,-1,0,0,0,,,,,,,,,
1816,1783018234601,182145,176702,1,-1,-13,0,0,0,68,71,10,0,63,182.2,0,20,33,-997,-1,0,0,0,,,,,,,,,
1817,1783018234700,182244,176800,1,-1,-13,0,0,0,68,71,10,0,63,182.37,0,21,33,-1001,-1,0,0,0,,,,,,,,,
1818,1783018234799,182343,176899,1,-1,-13,0,0,0,68,71,10,0,63,182.3,0,21,34,-999,-1,0,0,0,,,,,,,,,
1819,1783018234897,182441,176998,1,-1,-13,0,0,0,68,71,10,0,63,182.47,0,23,36,-1000,-1,0,0,0,,,,,,,,,
1820,1783018234947,182491,177048,1,-1,-13,0,0,0,68,71,10,0,63,182.36,0,22,32,-997,-1,0,0,0,,,,,,,,,
1821,1783018235046,182590,177146,1,-1,-13,0,0,0,68,71,10,0,63,181.92,0,21,33,-995,-1,0,0,0,,,,,,,,,
1822,1783018235145,182689,177246,1,-1,-13,0,0,0,68,71,10,0,63,182.19,0,21,34,-998,-1,0,0,0,,,,,,,,,
1823,1783018235243,182787,177344,1,-1,-13,0,0,0,68,71,10,0,63,182.47,0,22,34,-1002,-1,0,0,0,,,,,,,,,
1824,1783018235342,182886,177443,1,-1,-13,0,0,0,68,71,10,0,63,182.15,0,21,34,-1000,-1,0,0,0,,,,,,,,,
1825,1783018235441,182985,177542,1,-1,-13,0,0,0,68,71,10,0,63,182.37,0,21,34,-999,-1,0,0,0,,,,,,,,,
1826,1783018235540,183084,177640,1,-1,-13,0,0,0,68,71,10,0,63,182.22,0,23,32,-997,-1,0,0,0,,,,,,,,,
1827,1783018235639,183183,177739,1,-1,-13,0,0,0,67,71,10,0,63,182.06,0,21,33,-998,-1,0,0,0,,,,,,,,,
1828,1783018235737,183281,177838,1,-1,-13,0,0,0,67,71,10,0,63,182.18,0,21,35,-1000,-1,0,0,0,,,,,,,,,
1829,1783018235836,183380,177937,1,-1,-13,0,0,0,67,71,10,0,63,182.27,0,20,33,-1000,-1,0,0,0,,,,,,,,,
1830,1783018235935,183479,178036,1,-1,-13,0,0,0,67,71,10,0,63,182.55,0,23,34,-997,-1,0,0,0,,,,,,,,,
1831,1783018236034,183578,178135,1,-1,-13,0,0,0,67,71,10,0,63,182.21,0,21,32,-997,-1,0,0,0,,,,,,,,,
1832,1783018236133,183677,178233,1,-1,-13,0,0,0,67,71,10,0,63,181.93,0,21,37,-999,-1,0,0,0,,,,,,,,,
1833,1783018236231,183775,178332,1,-1,-13,0,0,0,67,71,10,0,63,181.86,0,22,36,-999,-1,0,0,0,,,,,,,,,
1834,1783018236331,183875,178431,1,-1,-13,0,0,0,67,71,10,0,63,182.2,0,23,34,-999,-1,0,0,0,,,,,,,,,
1835,1783018236429,183973,178530,1,-1,-13,0,0,0,67,71,10,0,63,182.41,0,22,33,-1000,-1,0,0,0,,,,,,,,,
1836,1783018236528,184072,178629,1,-1,-13,0,0,0,67,71,10,0,63,182.44,0,23,32,-996,-1,0,0,0,,,,,,,,,
1837,1783018236627,184171,178728,1,-1,-13,0,0,0,68,71,10,0,63,182.34,0,21,33,-999,-1,0,0,0,,,,,,,,,
1838,1783018236726,184270,178827,1,-1,-13,0,0,0,68,71,10,0,63,182.3,0,23,30,-1001,-1,0,0,0,,,,,,,,,
1839,1783018236826,184370,178927,1,-1,-13,0,0,0,68,71,10,0,63,182.22,0,23,34,-998,-1,0,0,0,,,,,,,,,
1840,1783018236924,184468,179025,1,-1,-13,0,0,0,68,71,10,0,63,182.29,0,22,34,-996,-1,0,0,0,,,,,,,,,
1841,1783018237023,184567,179124,1,-1,-13,0,0,0,68,71,10,0,63,182.31,0,22,35,-997,-1,0,0,0,,,,,,,,,
1842,1783018237122,184666,179223,1,-1,-13,0,0,0,68,71,10,0,63,182.34,0,21,33,-998,-1,0,0,0,,,,,,,,,
1843,1783018237221,184765,179322,1,-1,-13,0,0,0,68,71,10,0,63,182.3,0,22,34,-998,-1,0,0,0,,,,,,,,,
1844,1783018237320,184864,179420,1,-1,-13,0,0,0,68,71,10,0,63,182.17,0,21,33,-1002,-1,0,0,0,,,,,,,,,
1845,1783018237419,184963,179519,1,-1,-13,0,0,0,68,71,10,0,63,182.44,0,23,34,-998,-1,0,0,0,,,,,,,,,
1846,1783018237517,185061,179618,1,-1,-13,0,0,0,68,71,10,0,63,182.06,0,22,33,-995,-1,0,0,0,,,,,,,,,
1847,1783018237616,185160,179717,1,-1,-13,0,0,0,69,71,10,0,63,181.98,0,21,34,-999,-1,0,0,0,,,,,,,,,
1848,1783018237715,185259,179816,1,-1,-13,0,0,0,69,71,10,0,63,182.17,0,20,33,-1001,-1,0,0,0,,,,,,,,,
1849,1783018237816,185360,179917,1,-1,-13,0,0,0,69,71,10,0,63,182.04,0,23,36,-999,-1,0,0,0,,,,,,,,,
1850,1783018237913,185457,180013,1,-1,-13,0,0,0,69,71,10,0,63,182.27,0,21,35,-999,-1,0,0,0,,,,,,,,,
1851,1783018238011,185555,180112,1,-1,-13,0,0,0,69,71,10,0,63,182.26,0,19,32,-997,-1,0,0,0,,,,,,,,,
1852,1783018238061,185605,180162,1,-1,-13,0,0,0,69,71,10,0,63,182.12,0,20,34,-996,-1,0,0,0,,,,,,,,,
1853,1783018238160,185704,180260,1,-1,-13,0,0,0,69,71,10,0,63,182.37,0,21,33,-1001,-1,0,0,0,,,,,,,,,
1854,1783018238258,185802,180359,1,-1,-13,0,0,0,69,71,10,0,63,182.25,0,22,35,-999,-1,0,0,0,,,,,,,,,
1855,1783018238361,185905,180462,1,-1,-13,0,0,0,69,71,10,0,63,182,0,21,33,-1000,-1,0,0,0,,,,,,,,,
1856,1783018238457,186001,180558,1,-1,-13,0,0,0,69,71,10,0,63,182.14,0,21,32,-998,-1,0,0,0,,,,,,,,,
1857,1783018238556,186100,180657,1,-1,-13,0,0,0,68,70,10,0,63,182.23,0,21,35,-998,-1,0,0,0,,,,,,,,,
1858,1783018238654,186198,180755,1,-1,-13,0,0,0,68,70,10,0,63,182.23,0,21,34,-999,-1,0,0,0,,,,,,,,,
1859,1783018238754,186298,180855,1,-1,-13,0,0,0,68,70,10,0,63,182.05,0,21,34,-1000,-1,0,0,0,,,,,,,,,
1860,1783018238852,186396,180953,1,-1,-13,0,0,0,68,70,10,0,63,182.21,0,21,33,-999,-1,0,0,0,,,,,,,,,
1861,1783018238954,186498,181055,1,-1,-13,0,0,0,68,70,10,0,63,182.47,0,22,35,-998,-1,0,0,0,,,,,,,,,
1862,1783018239050,186594,181151,1,-1,-13,0,0,0,68,70,10,0,63,182.32,0,21,34,-998,-1,0,0,0,,,,,,,,,
1863,1783018239176,186720,181277,1,-1,-13,0,0,0,68,70,10,0,63,182.2,0,21,33,-997,-1,0,0,0,,,,,,,,,
1864,1783018239248,186792,181349,1,-1,-13,0,0,0,68,70,10,0,63,182.28,0,20,33,-997,-1,0,0,0,,,,,,,,,
1865,1783018239348,186892,181448,1,-1,-13,0,0,0,68,70,10,0,63,182.15,0,19,35,-1001,-1,0,0,0,,,,,,,,,
1866,1783018239463,187007,181564,1,-1,-13,0,0,0,68,70,10,0,63,182.11,0,21,33,-1000,-1,0,0,0,,,,,,,,,
1867,1783018239544,187088,181645,1,-1,-13,0,0,0,69,71,10,0,63,182.3,0,23,32,-1000,-1,0,0,0,,,,,,,,,
1868,1783018239643,187187,181744,1,-1,-13,0,0,0,69,71,10,0,63,182.05,0,20,33,-997,-1,0,0,0,,,,,,,,,
1869,1783018239743,187287,181844,1,-1,-13,0,0,0,69,71,10,0,63,182.14,0,21,33,-998,-1,0,0,0,,,,,,,,,
1870,1783018239841,187385,181942,1,-1,-13,0,0,0,69,71,10,0,63,182.4,0,21,35,-1002,-1,0,0,0,,,,,,,,,
1871,1783018239940,187484,182041,1,-1,-13,0,0,0,69,71,10,0,63,182.15,0,21,36,-1001,-1,0,0,0,,,,,,,,,
1872,1783018240041,187585,182141,1,-1,-13,0,0,0,69,71,10,0,63,182,0,21,33,-1000,-1,0,0,0,,,,,,,,,
1873,1783018240139,187683,182240,1,-1,-13,0,0,0,69,71,10,0,63,182.27,0,22,33,-995,-1,0,0,0,,,,,,,,,
1874,1783018240238,187782,182339,1,-1,-13,0,0,0,69,71,10,0,63,182.07,0,21,34,-998,-1,0,0,0,,,,,,,,,
1875,1783018240337,187881,182438,1,-1,-13,0,0,0,69,71,10,0,63,182.01,0,21,35,-999,-1,0,0,0,,,,,,,,,
1876,1783018240438,187982,182539,1,-1,-13,0,0,0,69,71,10,0,63,182.09,0,22,34,-1001,-1,0,0,0,,,,,,,,,
1877,1783018240539,188083,182640,1,-1,-13,0,0,0,68,71,10,0,63,182.06,0,22,32,-1001,-1,0,0,0,,,,,,,,,
1878,1783018240638,188182,182739,1,-1,-13,0,0,0,68,71,10,0,63,182.03,0,23,32,-997,-1,0,0,0,,,,,,,,,
1879,1783018240730,188274,182831,1,-1,-13,0,0,0,68,71,10,0,63,182.25,0,21,35,-996,-1,0,0,0,,,,,,,,,
1880,1783018240830,188374,182931,1,-1,-13,0,0,0,68,71,10,0,63,182.01,0,19,33,-997,-1,0,0,0,,,,,,,,,
1881,1783018240928,188472,183029,1,-1,-13,0,0,0,68,71,10,0,63,182.44,0,21,34,-1001,-1,0,0,0,,,,,,,,,
1882,1783018241028,188572,183129,1,-1,-13,0,0,0,68,71,10,0,63,182.06,0,22,33,-1000,-1,0,0,0,,,,,,,,,
1883,1783018241079,188623,183180,1,-1,-13,0,0,0,68,71,10,0,63,182.25,0,23,35,-1000,-1,0,0,0,,,,,,,,,
1884,1783018241175,188719,183276,1,-1,-13,0,0,0,68,71,10,0,63,182.04,0,22,33,-997,-1,0,0,0,,,,,,,,,
1885,1783018241277,188821,183378,1,-1,-13,0,0,0,68,71,10,0,63,182.38,0,21,34,-996,-1,0,0,0,,,,,,,,,
1886,1783018241373,188917,183474,1,-1,-13,0,0,0,68,71,10,0,63,181.91,0,21,34,-998,-1,0,0,0,,,,,,,,,
1887,1783018241471,189015,183572,1,-1,-13,0,0,0,68,71,10,0,63,182.35,0,20,34,-1000,-1,0,0,0,,,,,,,,,
1888,1783018241571,189115,183672,1,-1,-13,0,0,0,68,71,10,0,63,182.09,0,23,35,-999,-1,0,0,0,,,,,,,,,
1889,1783018241672,189216,183772,1,-1,-13,0,0,0,68,71,10,0,63,182.14,0,23,33,-1001,-1,0,0,0,,,,,,,,,
1890,1783018241769,189313,183870,1,-1,-13,0,0,0,68,71,10,0,63,182.14,0,20,34,-997,-1,0,0,0,,,,,,,,,
1891,1783018241868,189412,183969,1,-1,-13,0,0,0,68,71,10,0,63,182.33,0,22,32,-996,-1,0,0,0,,,,,,,,,
1892,1783018241967,189511,184067,1,-1,-13,0,0,0,68,71,10,0,63,182.24,0,21,34,-998,-1,0,0,0,,,,,,,,,
1893,1783018242066,189610,184166,1,-1,-13,0,0,0,68,71,10,0,63,182.12,0,21,35,-999,-1,0,0,0,,,,,,,,,
1894,1783018242164,189708,184265,1,-1,-13,0,0,0,68,71,10,0,63,181.99,0,20,33,-1001,-1,0,0,0,,,,,,,,,
1895,1783018242263,189807,184364,1,-1,-13,0,0,0,68,71,10,0,63,182.06,0,21,33,-996,-1,0,0,0,,,,,,,,,
1896,1783018242363,189907,184464,1,-1,-13,0,0,0,68,71,10,0,63,182.13,0,23,33,-999,-1,0,0,0,,,,,,,,,
1897,1783018242462,190006,184563,1,-1,-13,0,0,0,68,71,10,0,63,181.99,0,21,33,-999,-1,0,0,0,,,,,,,,,
1898,1783018242561,190105,184662,1,-1,-13,0,0,0,68,71,10,0,63,182.17,0,22,34,-1000,-1,0,0,0,,,,,,,,,
1899,1783018242663,190207,184764,1,-1,-13,0,0,0,68,71,10,0,63,182.16,0,22,34,-1000,-1,0,0,0,,,,,,,,,
1900,1783018242759,190303,184860,1,-1,-13,0,0,0,68,71,10,0,63,182.16,0,22,34,-1001,-1,0,0,0,,,,,,,,,
1901,1783018242859,190403,184959,1,-1,-13,0,0,0,68,71,10,0,63,182.21,0,22,34,-1001,-1,0,0,0,,,,,,,,,
1902,1783018242963,190507,185064,1,-1,-13,0,0,0,68,71,10,0,63,181.89,0,21,33,-999,-1,0,0,0,,,,,,,,,
1903,1783018243057,190601,185158,1,-1,-13,0,0,0,68,71,10,0,63,182.3,0,21,35,-999,-1,0,0,0,,,,,,,,,
1904,1783018243156,190700,185257,1,-1,-13,0,0,0,68,71,10,0,63,182.07,0,21,32,-1000,-1,0,0,0,,,,,,,,,
1905,1783018243256,190800,185357,1,-1,-13,0,0,0,68,71,10,0,63,182.21,0,23,35,-1000,-1,0,0,0,,,,,,,,,
1906,1783018243356,190900,185457,1,-1,-13,0,0,0,68,71,10,0,63,182.03,0,22,34,-1001,-1,0,0,0,,,,,,,,,
1907,1783018243453,190997,185554,1,-1,-13,0,0,0,68,71,10,0,63,182.4,0,22,34,-999,-1,0,0,0,,,,,,,,,
1908,1783018243552,191096,185653,1,-1,-13,0,0,0,68,71,10,0,63,181.91,0,21,34,-997,-1,0,0,0,,,,,,,,,
1909,1783018243651,191195,185752,1,-1,-13,0,0,0,68,71,10,0,63,182.13,0,20,34,-1000,-1,0,0,0,,,,,,,,,
1910,1783018243751,191295,185852,1,-1,-13,0,0,0,68,71,10,0,63,182.17,0,22,34,-1000,-1,0,0,0,,,,,,,,,
1911,1783018243849,191393,185950,1,-1,-13,0,0,0,68,71,10,0,63,182.45,0,21,32,-1001,-1,0,0,0,,,,,,,,,
1912,1783018243948,191492,186049,1,-1,-13,0,0,0,68,71,10,0,63,181.91,0,22,33,-1000,-1,0,0,0,,,,,,,,,
1913,1783018244047,191591,186148,1,-1,-13,0,0,0,68,71,10,0,63,182.18,0,21,34,-994,-1,0,0,0,,,,,,,,,
1914,1783018244097,191641,186197,1,-1,-13,0,0,0,68,71,10,0,63,181.86,0,21,34,-1000,-1,0,0,0,,,,,,,,,
1915,1783018244196,191740,186297,1,-1,-13,0,0,0,68,71,10,0,63,182.49,0,21,36,-999,-1,0,0,0,,,,,,,,,
1916,1783018244295,191839,186396,1,-1,-13,0,0,0,68,71,10,0,63,182.44,0,23,33,-1002,-1,0,0,0,,,,,,,,,
1917,1783018244394,191938,186495,1,-1,-13,0,0,0,68,71,10,0,63,182.17,0,23,34,-999,-1,0,0,0,,,,,,,,,
1918,1783018244496,192040,186597,1,-1,-13,0,0,0,68,71,10,0,63,182.33,0,22,33,-1000,-1,0,0,0,,,,,,,,,
1919,1783018244594,192138,186695,1,-1,-13,0,0,0,68,71,10,0,63,182.17,0,22,35,-998,-1,0,0,0,,,,,,,,,
1920,1783018244691,192235,186792,1,-1,-13,0,0,0,68,71,10,0,63,182.17,0,21,32,-1000,-1,0,0,0,,,,,,,,,
1921,1783018244790,192334,186891,1,-1,-13,0,0,0,68,71,10,0,63,182.35,0,24,33,-997,-1,0,0,0,,,,,,,,,
1922,1783018244889,192433,186990,1,-1,-13,0,0,0,68,71,10,0,63,182.06,0,24,33,-998,-1,0,0,0,,,,,,,,,
1923,1783018244988,192532,187089,1,-1,-13,0,0,0,68,71,10,0,63,182.12,0,22,33,-996,-1,0,0,0,,,,,,,,,
1924,1783018245087,192631,187188,1,-1,-13,0,0,0,68,71,10,0,63,182.02,0,21,35,-999,-1,0,0,0,,,,,,,,,
1925,1783018245186,192730,187287,1,-1,-13,0,0,0,68,71,10,0,63,182.1,0,21,34,-997,-1,0,0,0,,,,,,,,,
1926,1783018245285,192829,187386,1,-1,-13,0,0,0,68,71,10,0,63,182.25,0,21,34,-997,-1,0,0,0,,,,,,,,,
1927,1783018245384,192928,187485,1,-1,-13,0,0,0,68,70,10,0,63,181.84,0,22,33,-997,-1,0,0,0,,,,,,,,,
1928,1783018245483,193027,187584,1,-1,-13,0,0,0,68,70,10,0,63,182.12,0,21,33,-999,-1,0,0,0,,,,,,,,,
1929,1783018245582,193126,187683,1,-1,-13,0,0,0,68,70,10,0,63,182.24,0,21,35,-998,-1,0,0,0,,,,,,,,,
1930,1783018245686,193230,187787,1,-1,-13,0,0,0,68,70,10,0,63,182.3,0,20,35,-999,-1,0,0,0,,,,,,,,,
1931,1783018245780,193324,187881,1,-1,-13,0,0,0,68,70,10,0,63,182.34,0,20,34,-1002,-1,0,0,0,,,,,,,,,
1932,1783018245885,193429,187986,1,-1,-13,0,0,0,68,70,10,0,63,182.15,0,22,33,-996,-1,0,0,0,,,,,,,,,
1933,1783018245978,193522,188079,1,-1,-13,0,0,0,68,70,10,0,63,182.1,0,25,33,-998,-1,0,0,0,,,,,,,,,
1934,1783018246078,193622,188178,1,-1,-13,0,0,0,68,70,10,0,63,182.26,0,20,35,-998,-1,0,0,0,,,,,,,,,
1935,1783018246177,193721,188278,1,-1,-13,0,0,0,68,70,10,0,63,182.2,0,21,34,-996,-1,0,0,0,,,,,,,,,
1936,1783018246281,193825,188382,1,-1,-13,0,0,0,68,70,10,0,63,182.1,0,20,34,-995,-1,0,0,0,,,,,,,,,
1937,1783018246375,193919,188475,1,-1,-13,0,0,0,68,70,10,0,63,182.08,0,20,34,-1000,-1,0,0,0,,,,,,,,,
1938,1783018246476,194020,188577,1,-1,-13,0,0,0,68,70,10,0,63,182.24,0,21,34,-995,-1,0,0,0,,,,,,,,,
1939,1783018246573,194117,188674,1,-1,-13,0,0,0,68,70,10,0,63,182.3,0,22,32,-1000,-1,0,0,0,,,,,,,,,
1940,1783018246673,194217,188774,1,-1,-13,0,0,0,68,70,10,0,63,181.97,0,22,34,-999,-1,0,0,0,,,,,,,,,
1941,1783018246771,194315,188872,1,-1,-13,0,0,0,68,70,10,0,63,182.18,0,23,34,-1002,-1,0,0,0,,,,,,,,,
1942,1783018246870,194414,188971,1,-1,-13,0,0,0,68,70,10,0,63,182.05,0,21,32,-999,-1,0,0,0,,,,,,,,,
1943,1783018246969,194513,189070,1,-1,-13,0,0,0,68,70,10,0,63,181.97,0,21,33,-1000,-1,0,0,0,,,,,,,,,
1944,1783018247068,194612,189169,1,-1,-13,0,0,0,68,70,10,0,63,182.06,0,21,34,-995,-1,0,0,0,,,,,,,,,
1945,1783018247168,194712,189269,1,-1,-13,0,0,0,68,70,10,0,63,181.88,0,22,35,-999,-1,0,0,0,,,,,,,,,
1946,1783018247266,194810,189367,1,-1,-13,0,0,0,68,70,10,0,63,182.19,0,21,34,-1000,-1,0,0,0,,,,,,,,,
1947,1783018247366,194910,189466,1,-1,-13,0,0,0,68,71,10,0,63,182.15,0,23,32,-1000,-1,0,0,0,,,,,,,,,
1948,1783018247464,195008,189565,1,-1,-13,0,0,0,68,71,10,0,63,182.24,0,20,34,-1000,-1,0,0,0,,,,,,,,,
1949,1783018247563,195107,189664,1,-1,-13,0,0,0,68,71,10,0,63,182.09,0,22,33,-999,-1,0,0,0,,,,,,,,,
1950,1783018247613,195157,189714,1,-1,-13,0,0,0,68,71,10,0,63,181.94,0,22,34,-998,-1,0,0,0,,,,,,,,,
1951,1783018247712,195256,189813,1,-1,-13,0,0,0,68,71,10,0,63,181.99,0,23,33,-1000,-1,0,0,0,,,,,,,,,
1952,1783018247811,195355,189912,1,-1,-13,0,0,0,68,71,10,0,63,182.08,0,21,34,-996,-1,0,0,0,,,,,,,,,
1953,1783018247910,195454,190011,1,-1,-13,0,0,0,68,71,10,0,63,182,0,23,34,-999,-1,0,0,0,,,,,,,,,
1954,1783018248009,195553,190110,1,-1,-13,0,0,0,68,71,10,0,63,182.22,0,23,35,-998,-1,0,0,0,,,,,,,,,
1955,1783018248109,195653,190210,1,-1,-13,0,0,0,68,71,10,0,63,182.17,0,22,34,-998,-1,0,0,0,,,,,,,,,
1956,1783018248209,195753,190309,1,-1,-13,0,0,0,68,71,10,0,63,181.95,0,21,35,-997,-1,0,0,0,,,,,,,,,
1957,1783018248307,195851,190408,1,-1,-13,0,0,0,67,71,10,0,63,181.78,0,20,36,-997,-1,0,0,0,,,,,,,,,
1958,1783018248406,195950,190507,1,-1,-13,0,0,0,67,71,10,0,63,182.07,0,22,35,-1002,-1,0,0,0,,,,,,,,,
1959,1783018248507,196051,190608,1,-1,-13,0,0,0,67,71,10,0,63,181.98,0,21,33,-1002,-1,0,0,0,,,,,,,,,
1960,1783018248604,196148,190705,1,-1,-13,0,0,0,67,71,10,0,63,182.33,0,21,33,-997,-1,0,0,0,,,,,,,,,
1961,1783018248703,196247,190804,1,-1,-13,0,0,0,67,71,10,0,63,182.28,0,21,35,-997,-1,0,0,0,,,,,,,,,
1962,1783018248802,196346,190903,1,-1,-13,0,0,0,67,71,10,0,63,182.12,0,21,33,-1000,-1,0,0,0,,,,,,,,,
1963,1783018248901,196445,191002,1,-1,-13,0,0,0,67,71,10,0,63,182.04,0,22,34,-998,-1,0,0,0,,,,,,,,,
1964,1783018249001,196545,191102,1,-1,-13,0,0,0,67,71,10,0,63,182.22,0,20,33,-999,-1,0,0,0,,,,,,,,,
1965,1783018249099,196643,191200,1,-1,-13,0,0,0,67,71,10,0,63,182.04,0,22,31,-997,-1,0,0,0,,,,,,,,,
1966,1783018249202,196746,191303,1,-1,-13,0,0,0,67,71,10,0,63,181.76,0,21,34,-997,-1,0,0,0,,,,,,,,,
1967,1783018249297,196841,191398,1,-1,-13,0,0,0,68,71,10,0,63,182.15,0,21,33,-999,-1,0,0,0,,,,,,,,,
1968,1783018249399,196943,191499,1,-1,-13,0,0,0,68,71,10,0,63,182.05,0,23,34,-1000,-1,0,0,0,,,,,,,,,
1969,1783018249495,197039,191596,1,-1,-13,0,0,0,68,71,10,0,63,182.39,0,21,32,-1001,-1,0,0,0,,,,,,,,,
1970,1783018249595,197139,191695,1,-1,-13,0,0,0,68,71,10,0,63,182.09,0,23,34,-998,-1,0,0,0,,,,,,,,,
1971,1783018249694,197238,191795,1,-1,-13,0,0,0,68,71,10,0,63,182.07,0,22,34,-998,-1,0,0,0,,,,,,,,,
1972,1783018249793,197337,191894,1,-1,-13,0,0,0,68,71,10,0,63,182.36,0,22,35,-998,-1,0,0,0,,,,,,,,,
1973,1783018249893,197437,191994,1,-1,-13,0,0,0,68,71,10,0,63,181.96,0,20,34,-998,-1,0,0,0,,,,,,,,,
1974,1783018249991,197535,192092,1,-1,-13,0,0,0,68,71,10,0,63,182.05,0,21,34,-1001,-1,0,0,0,,,,,,,,,
1975,1783018250090,197634,192191,1,-1,-13,0,0,0,68,71,10,0,63,182.18,0,22,35,-1002,-1,0,0,0,,,,,,,,,
1976,1783018250189,197733,192290,1,-1,-13,0,0,0,68,71,10,0,63,182.18,0,22,34,-999,-1,0,0,0,,,,,,,,,
1977,1783018250288,197832,192389,1,-1,-13,0,0,0,68,71,10,0,63,182.02,0,21,32,-996,-1,0,0,0,,,,,,,,,
1978,1783018250388,197932,192489,1,-1,-13,0,0,0,68,71,10,0,63,182.12,0,20,34,-994,-1,0,0,0,,,,,,,,,
1979,1783018250488,198032,192589,1,-1,-13,0,0,0,68,71,10,0,63,182.51,0,21,34,-999,-1,0,0,0,,,,,,,,,
1980,1783018250592,198136,192693,1,-1,-13,0,0,0,68,71,10,0,63,181.86,0,23,32,-997,-1,0,0,0,,,,,,,,,
1981,1783018250687,198231,192788,1,-1,-13,0,0,0,68,71,10,0,63,182.19,0,21,34,-1001,-1,0,0,0,,,,,,,,,
1982,1783018250787,198331,192887,1,-1,-13,0,0,0,68,71,10,0,63,182.07,0,22,34,-999,-1,0,0,0,,,,,,,,,
1983,1783018250836,198380,192937,1,-1,-13,0,0,0,68,71,10,0,63,182.29,0,21,35,-997,-1,0,0,0,,,,,,,,,
1984,1783018250936,198480,193037,1,-1,-13,0,0,0,68,71,10,0,63,182.02,0,22,34,-997,-1,0,0,0,,,,,,,,,
1985,1783018251037,198581,193138,1,-1,-13,0,0,0,68,71,10,0,63,181.89,0,20,34,-1002,-1,0,0,0,,,,,,,,,
1986,1783018251135,198679,193236,1,-1,-13,0,0,0,68,71,10,0,63,181.83,0,22,34,-997,-1,0,0,0,,,,,,,,,
1987,1783018252259,199803,193338,1,-1,-13,0,0,0,69,71,10,0,63,182.09,0,20,35,-1000,-1,0,0,0,,,,,,,,,
1988,1783018252360,199904,193439,1,-1,-13,0,0,0,69,71,10,0,63,182.01,0,20,34,-996,-1,0,0,0,,,,,,,,,
1989,1783018252460,200004,193539,1,-1,-13,0,0,0,69,71,10,0,63,181.86,0,21,34,-996,-1,0,0,0,,,,,,,,,
1990,1783018252555,200099,193634,1,-1,-13,0,0,0,69,71,10,0,63,182.05,0,21,34,-998,-1,0,0,0,,,,,,,,,
1991,1783018252655,200199,193734,1,-1,-13,0,0,0,69,71,10,0,63,182.24,0,23,34,-1000,-1,0,0,0,,,,,,,,,
1992,1783018252755,200299,193834,1,-1,-13,0,0,0,69,71,10,0,63,182.01,0,22,32,-1001,-1,0,0,0,,,,,,,,,
1993,1783018252854,200398,193933,1,-1,-13,0,0,0,69,71,10,0,63,181.95,0,21,34,-1000,-1,0,0,0,,,,,,,,,
1994,1783018252954,200498,194033,1,-1,-13,0,0,0,69,71,10,0,63,182.18,0,22,33,-997,-1,0,0,0,,,,,,,,,
1995,1783018253054,200598,194133,1,-1,-13,0,0,0,69,71,10,0,63,181.9,0,22,34,-998,-1,0,0,0,,,,,,,,,
1996,1783018253154,200698,194233,1,-1,-13,0,0,0,69,71,10,0,63,182.2,0,23,33,-1000,-1,0,0,0,,,,,,,,,
1997,1783018253254,200798,194333,1,-1,-13,0,0,0,68,71,10,0,63,182.37,0,21,34,-1001,-1,0,0,0,,,,,,,,,
1998,1783018253354,200898,194433,1,-1,-13,0,0,0,68,71,10,0,63,181.89,0,22,33,-1000,-1,0,0,0,,,,,,,,,
1999,1783018253453,200997,194532,1,-1,-13,0,0,0,68,71,10,0,63,181.88,0,22,34,-999,-1,0,0,0,,,,,,,,,
2000,1783018253553,201097,194632,1,-1,-13,0,0,0,68,71,10,0,63,182.1,0,21,33,-999,-1,0,0,0,,,,,,,,,
2001,1783018253652,201196,194731,1,-1,-13,0,0,0,68,71,10,0,63,181.97,0,22,33,-997,-1,0,0,0,,,,,,,,,
2002,1783018253752,201296,194831,1,-1,-13,0,0,0,68,71,10,0,63,181.66,0,22,33,-1001,-1,0,0,0,,,,,,,,,
2003,1783018253851,201395,194930,1,-1,-13,0,0,0,68,71,10,0,63,182.16,0,23,34,-1001,-1,0,0,0,,,,,,,,,
2004,1783018253951,201495,195030,1,-1,-13,0,0,0,68,71,10,0,63,181.94,0,23,33,-996,-1,0,0,0,,,,,,,,,
2005,1783018254051,201595,195130,1,-1,-13,0,0,0,68,71,10,0,63,182.19,0,21,34,-997,-1,0,0,0,,,,,,,,,
2006,1783018254150,201694,195229,1,-1,-13,0,0,0,68,71,10,0,63,181.87,0,21,34,-997,-1,0,0,0,,,,,,,,,
2007,1783018254250,201794,195329,1,-1,-13,0,0,0,68,71,10,0,63,182.31,0,23,33,-1000,-1,0,0,0,,,,,,,,,
2008,1783018254350,201894,195429,1,-1,-13,0,0,0,68,71,10,0,63,181.86,0,22,34,-1000,-1,0,0,0,,,,,,,,,
2009,1783018254449,201993,195528,1,-1,-13,0,0,0,68,71,10,0,63,182.16,0,23,32,-998,-1,0,0,0,,,,,,,,,
2010,1783018254549,202093,195628,1,-1,-13,0,0,0,68,71,10,0,63,181.95,0,22,33,-998,-1,0,0,0,,,,,,,,,
2011,1783018254649,202193,195728,1,-1,-13,0,0,0,68,71,10,0,63,181.94,0,23,35,-994,-1,0,0,0,,,,,,,,,
2012,1783018254749,202293,195828,1,-1,-13,0,0,0,68,71,10,0,63,181.83,0,23,34,-997,-1,0,0,0,,,,,,,,,
2013,1783018254800,202344,195879,1,-1,-13,0,0,0,68,71,10,0,63,182.14,0,23,34,-999,-1,0,0,0,,,,,,,,,
2014,1783018254902,202446,195981,1,-1,-13,0,0,0,68,71,10,0,63,181.85,0,23,34,-998,-1,0,0,0,,,,,,,,,
2015,1783018255005,202549,196084,1,-1,-13,0,0,0,68,71,10,0,63,181.75,0,22,34,-999,-1,0,0,0,,,,,,,,,
2016,1783018255097,202641,196176,1,-1,-13,0,0,0,68,71,10,0,63,181.82,0,22,34,-995,-1,0,0,0,,,,,,,,,
2017,1783018255196,202740,196275,1,-1,-13,0,0,0,68,70,10,0,63,182.01,0,21,32,-997,-1,0,0,0,,,,,,,,,
2018,1783018255296,202840,196375,1,-1,-13,0,0,0,68,70,10,0,63,182.3,0,22,33,-999,-1,0,0,0,,,,,,,,,
2019,1783018255396,202940,196475,1,-1,-13,0,0,0,68,70,10,0,63,181.96,0,24,34,-1003,-1,0,0,0,,,,,,,,,
2020,1783018255503,203047,196582,1,-1,-13,0,0,0,68,70,10,0,63,181.93,0,24,34,-999,-1,0,0,0,,,,,,,,,
2021,1783018255595,203139,196674,1,-1,-13,0,0,0,68,70,10,0,63,182.19,0,21,34,-1000,-1,0,0,0,,,,,,,,,
2022,1783018255695,203239,196774,1,-1,-13,0,0,0,68,70,10,0,63,181.94,0,23,34,-999,-1,0,0,0,,,,,,,,,
2023,1783018255795,203339,196874,1,-1,-13,0,0,0,68,70,10,0,63,181.79,0,21,33,-1000,-1,0,0,0,,,,,,,,,
2024,1783018255895,203439,196974,1,-1,-13,0,0,0,68,70,10,0,63,181.86,0,21,34,-1002,-1,0,0,0,,,,,,,,,
2025,1783018255994,203538,197073,1,-1,-13,0,0,0,68,70,10,0,63,181.92,0,24,34,-1000,-1,0,0,0,,,,,,,,,
2026,1783018256094,203638,197173,1,-1,-13,0,0,0,68,70,10,0,63,182.11,0,24,34,-1001,-1,0,0,0,,,,,,,,,
2027,1783018256194,203738,197273,1,-1,-13,0,0,0,68,70,10,0,63,182.03,0,22,33,-998,-1,0,0,0,,,,,,,,,
2028,1783018256293,203837,197372,1,-1,-13,0,0,0,68,70,10,0,63,181.83,0,21,33,-1000,-1,0,0,0,,,,,,,,,
2029,1783018256393,203937,197472,1,-1,-13,0,0,0,68,70,10,0,63,182.13,0,22,34,-997,-1,0,0,0,,,,,,,,,
2030,1783018256494,204038,197573,1,-1,-13,0,0,0,68,70,10,0,63,181.87,0,24,34,-998,-1,0,0,0,,,,,,,,,
2031,1783018256592,204136,197671,1,-1,-13,0,0,0,68,70,10,0,63,181.67,0,24,31,-1001,-1,0,0,0,,,,,,,,,
2032,1783018256691,204235,197770,1,-1,-13,0,0,0,68,70,10,0,63,182.02,0,24,33,-1000,-1,0,0,0,,,,,,,,,
2033,1783018256795,204339,197874,1,-1,-13,0,0,0,68,70,10,0,63,181.74,0,21,32,-998,-1,0,0,0,,,,,,,,,
2034,1783018256891,204435,197970,1,-1,-13,0,0,0,68,70,10,0,63,181.8,0,21,35,-996,-1,0,0,0,,,,,,,,,
2035,1783018256990,204534,198069,1,-1,-13,0,0,0,68,70,10,0,63,181.84,0,21,35,-1000,-1,0,0,0,,,,,,,,,
2036,1783018257090,204634,198169,1,-1,-13,0,0,0,68,70,10,0,63,181.84,0,21,35,-1003,-1,0,0,0,,,,,,,,,
2037,1783018257190,204734,198269,1,-1,-13,0,0,0,68,71,10,0,63,181.8,0,22,34,-1002,-1,0,0,0,,,,,,,,,
2038,1783018257290,204834,198369,1,-1,-13,0,0,0,68,71,10,0,63,181.83,0,21,33,-998,-1,0,0,0,,,,,,,,,
2039,1783018257389,204933,198468,1,-1,-13,0,0,0,68,71,10,0,63,181.57,0,21,34,-997,-1,0,0,0,,,,,,,,,
2040,1783018257489,205033,198568,1,-1,-13,0,0,0,68,71,10,0,63,182.02,0,21,33,-996,-1,0,0,0,,,,,,,,,
2041,1783018257588,205132,198667,1,-1,-13,0,0,0,68,71,10,0,63,182.17,0,22,35,-1000,-1,0,0,0,,,,,,,,,
2042,1783018257688,205232,198767,1,-1,-13,0,0,0,68,71,10,0,63,181.75,0,21,35,-1001,-1,0,0,0,,,,,,,,,
2043,1783018257787,205331,198866,1,-1,-13,0,0,0,68,71,10,0,63,181.64,0,23,32,-999,-1,0,0,0,,,,,,,,,
2044,1783018257887,205431,198966,1,-1,-13,0,0,0,68,71,10,0,63,182.1,0,23,32,-998,-1,0,0,0,,,,,,,,,
2045,1783018257937,205481,199016,1,-1,-13,0,0,0,68,71,10,0,63,181.66,0,21,35,-998,-1,0,0,0,,,,,,,,,
2046,1783018258037,205581,199116,1,-1,-13,0,0,0,68,71,10,0,63,181.95,0,22,35,-1001,-1,0,0,0,,,,,,,,,
2047,1783018258136,205680,199215,1,-1,-13,0,0,0,67,70,10,0,63,182.05,0,22,33,-999,-1,0,0,0,,,,,,,,,
2048,1783018258236,205780,199315,1,-1,-13,0,0,0,67,70,10,0,63,182.04,0,21,33,-998,-1,0,0,0,,,,,,,,,
2049,1783018258335,205879,199414,1,-1,-13,0,0,0,67,70,10,0,63,181.57,0,22,35,-995,-1,0,0,0,,,,,,,,,
2050,1783018258435,205979,199514,1,-1,-13,0,0,0,67,70,10,0,63,181.89,0,23,34,-995,-1,0,0,0,,,,,,,,,
2051,1783018258534,206078,199613,1,-1,-13,0,0,0,67,70,10,0,63,182.15,0,21,35,-997,-1,0,0,0,,,,,,,,,
2052,1783018258634,206178,199713,1,-1,-13,0,0,0,67,70,10,0,63,182.01,0,23,34,-1000,-1,0,0,0,,,,,,,,,
2053,1783018258734,206278,199813,1,-1,-13,0,0,0,67,70,10,0,63,182.11,0,21,33,-997,-1,0,0,0,,,,,,,,,
2054,1783018258833,206377,199912,1,-1,-13,0,0,0,67,70,10,0,63,182.05,0,22,35,-998,-1,0,0,0,,,,,,,,,
2055,1783018258933,206477,200012,1,-1,-13,0,0,0,67,70,10,0,63,181.55,0,22,32,-998,-1,0,0,0,,,,,,,,,
2056,1783018259033,206577,200112,1,-1,-13,0,0,0,67,70,10,0,63,182.27,0,22,35,-999,-1,0,0,0,,,,,,,,,
2057,1783018259132,206676,200211,1,-1,-13,0,0,0,67,71,10,0,63,182.06,0,23,33,-997,-1,0,0,0,,,,,,,,,
2058,1783018259230,206774,200309,1,-1,-13,0,0,0,67,71,10,0,63,182.29,0,21,34,-999,-1,0,0,0,,,,,,,,,
2059,1783018259321,206865,200400,1,-1,-13,0,0,0,67,71,10,0,63,181.73,0,23,32,-997,-1,0,0,0,,,,,,,,,
2060,1783018259413,206957,200492,1,-1,-13,0,0,0,67,71,10,0,63,181.62,0,22,35,-995,-1,0,0,0,,,,,,,,,
2061,1783018259505,207049,200584,1,-1,-13,0,0,0,67,71,10,0,63,182.08,0,21,33,-1000,-1,0,0,0,,,,,,,,,
2062,1783018259597,207141,200676,1,-1,-13,0,0,0,67,71,10,0,63,181.92,0,23,35,-1000,-1,0,0,0,,,,,,,,,
2063,1783018259689,207233,200768,1,-1,-13,0,0,0,67,71,10,0,63,181.8,0,22,33,-1000,-1,0,0,0,,,,,,,,,
2064,1783018259782,207326,200861,1,-1,-13,0,0,0,67,71,10,0,63,181.66,0,21,33,-994,-1,0,0,0,,,,,,,,,
2065,1783018259872,207416,200951,1,-1,-13,0,0,0,67,71,10,0,63,182.01,0,22,33,-998,-1,0,0,0,,,,,,,,,
2066,1783018259964,207508,201043,1,-1,-13,0,0,0,67,71,10,0,63,181.88,0,22,35,-1002,-1,0,0,0,,,,,,,,,
2067,1783018260056,207600,201135,1,-1,-13,0,0,0,68,71,10,0,63,182.14,0,23,33,-1003,-1,0,0,0,,,,,,,,,
2068,1783018260148,207692,201227,1,-1,-13,0,0,0,68,71,10,0,63,182.29,0,23,31,-1000,-1,0,0,0,,,,,,,,,
2069,1783018260239,207783,201318,1,-1,-13,0,0,0,68,71,10,0,63,181.83,0,21,32,-996,-1,0,0,0,,,,,,,,,
2070,1783018260331,207875,201410,1,-1,-13,0,0,0,68,71,10,0,63,182.24,0,21,34,-999,-1,0,0,0,,,,,,,,,
2071,1783018260423,207967,201502,1,-1,-13,0,0,0,68,71,10,0,63,182.05,0,23,34,-1000,-1,0,0,0,,,,,,,,,
2072,1783018260515,208059,201594,1,-1,-13,0,0,0,68,71,10,0,63,182,0,22,33,-1001,-1,0,0,0,,,,,,,,,
2073,1783018260609,208153,201688,1,-1,-13,0,0,0,68,71,10,0,63,182.23,0,22,33,-999,-1,0,0,0,,,,,,,,,
2074,1783018260700,208244,201779,1,-1,-13,0,0,0,68,71,10,0,63,182.42,0,23,31,-999,-1,0,0,0,,,,,,,,,
2075,1783018260790,208334,201869,1,-1,-13,0,0,0,68,71,10,0,63,181.99,0,23,34,-1000,-1,0,0,0,,,,,,,,,
2076,1783018260882,208426,201961,1,-1,-13,0,0,0,68,71,10,0,63,182.01,0,21,35,-996,-1,0,0,0,,,,,,,,,
2077,1783018260974,208518,202053,1,-1,-13,0,0,0,67,70,10,0,63,181.74,0,22,35,-1000,-1,0,0,0,,,,,,,,,
2078,1783018261065,208609,202144,1,-1,-13,0,0,0,67,70,10,0,63,182.33,0,22,34,-1000,-1,0,0,0,,,,,,,,,
2079,1783018261157,208701,202236,1,-1,-13,0,0,0,67,70,10,0,63,182.14,0,24,34,-999,-1,0,0,0,,,,,,,,,
2080,1783018261250,208794,202329,1,-1,-13,0,0,0,67,70,10,0,63,181.86,0,21,34,-999,-1,0,0,0,,,,,,,,,
2081,1783018261341,208885,202420,1,-1,-13,0,0,0,67,70,10,0,63,182.08,0,21,34,-998,-1,0,0,0,,,,,,,,,
2082,1783018261387,208931,202466,1,-1,-13,0,0,0,67,70,10,0,63,182.16,0,21,35,-994,-1,0,0,0,,,,,,,,,
2083,1783018261478,209022,202557,1,-1,-13,0,0,0,67,70,10,0,63,181.91,0,21,34,-997,-1,0,0,0,,,,,,,,,
2084,1783018261570,209114,202649,1,-1,-13,0,0,0,67,70,10,0,63,182.1,0,23,34,-998,-1,0,0,0,,,,,,,,,
2085,1783018261662,209206,202741,1,-1,-13,0,0,0,67,70,10,0,63,182.09,0,23,34,-1001,-1,0,0,0,,,,,,,,,
2086,1783018261754,209298,202833,1,-1,-13,0,0,0,67,70,10,0,63,181.86,0,22,33,-998,-1,0,0,0,,,,,,,,,
2087,1783018261846,209390,202925,1,-1,-13,0,0,0,67,70,10,0,63,182.14,0,21,34,-996,-1,0,0,0,,,,,,,,,
2088,1783018261938,209482,203017,1,-1,-13,0,0,0,67,70,10,0,63,181.77,0,22,34,-1000,-1,0,0,0,,,,,,,,,
2089,1783018262030,209574,203109,1,-1,-13,0,0,0,67,70,10,0,63,182.1,0,20,34,-1002,-1,0,0,0,,,,,,,,,
2090,1783018262122,209666,203201,1,-1,-13,0,0,0,67,70,10,0,63,182.12,0,21,33,-1002,-1,0,0,0,,,,,,,,,
2091,1783018262213,209757,203292,1,-1,-13,0,0,0,67,70,10,0,63,182.22,0,22,33,-997,-1,0,0,0,,,,,,,,,
2092,1783018262305,209849,203384,1,-1,-13,0,0,0,67,70,10,0,63,181.82,0,22,35,-996,-1,0,0,0,,,,,,,,,
2093,1783018262396,209940,203475,1,-1,-13,0,0,0,67,70,10,0,63,182.19,0,20,33,-999,-1,0,0,0,,,,,,,,,
2094,1783018262488,210032,203567,1,-1,-13,0,0,0,67,70,10,0,63,182.36,0,22,36,-998,-1,0,0,0,,,,,,,,,
2095,1783018262585,210129,203664,1,-1,-13,0,0,0,67,70,10,0,63,182.2,0,22,33,-999,-1,0,0,0,,,,,,,,,
2096,1783018262684,210228,203763,1,-1,-13,0,0,0,67,70,10,0,63,181.79,0,24,33,-998,-1,0,0,0,,,,,,,,,
2097,1783018262783,210327,203862,1,-1,-13,0,0,0,68,71,10,0,63,181.94,0,22,34,-999,-1,0,0,0,,,,,,,,,
2098,1783018262882,210426,203961,1,-1,-13,0,0,0,68,71,10,0,63,182.15,0,22,33,-999,-1,0,0,0,,,,,,,,,
2099,1783018262981,210525,204060,1,-1,-13,0,0,0,68,71,10,0,63,181.87,0,22,33,-999,-1,0,0,0,,,,,,,,,
2100,1783018263081,210625,204160,1,-1,-13,0,0,0,68,71,10,0,63,182,0,20,33,-999,-1,0,0,0,,,,,,,,,
2101,1783018263180,210724,204259,1,-1,-13,0,0,0,68,71,10,0,63,181.92,0,22,33,-1000,-1,0,0,0,,,,,,,,,
2102,1783018263279,210823,204358,1,-1,-13,0,0,0,68,71,10,0,63,181.99,0,23,34,-999,-1,0,0,0,,,,,,,,,
2103,1783018263378,210922,204457,1,-1,-13,0,0,0,68,71,10,0,63,181.92,0,21,34,-997,-1,0,0,0,,,,,,,,,
2104,1783018263477,211021,204556,1,-1,-13,0,0,0,68,71,10,0,63,181.74,0,22,33,-997,-1,0,0,0,,,,,,,,,
2105,1783018263577,211121,204656,1,-1,-13,0,0,0,68,71,10,0,63,181.98,0,22,36,-997,-1,0,0,0,,,,,,,,,
2106,1783018263677,211221,204756,1,-1,-13,0,0,0,68,71,10,0,63,181.89,0,23,33,-998,-1,0,0,0,,,,,,,,,
2107,1783018263775,211319,204854,1,-1,-13,0,0,0,67,70,10,0,63,181.97,0,23,33,-1002,-1,0,0,0,,,,,,,,,
2108,1783018263874,211418,204953,1,-1,-13,0,0,0,67,70,10,0,63,182.02,0,22,34,-995,-1,0,0,0,,,,,,,,,
2109,1783018263974,211518,205053,1,-1,-13,0,0,0,67,70,10,0,63,182.06,0,23,33,-997,-1,0,0,0,,,,,,,,,
2110,1783018264073,211617,205152,1,-1,-13,0,0,0,67,70,10,0,63,181.83,0,22,35,-998,-1,0,0,0,,,,,,,,,
2111,1783018264172,211716,205251,1,-1,-13,0,0,0,67,70,10,0,63,182,0,21,35,-999,-1,0,0,0,,,,,,,,,
2112,1783018264271,211815,205350,1,-1,-13,0,0,0,67,70,10,0,63,181.87,0,22,33,-998,-1,0,0,0,,,,,,,,,
2113,1783018264370,211914,205449,1,-1,-13,0,0,0,67,70,10,0,63,182.01,0,22,33,-999,-1,0,0,0,,,,,,,,,
2114,1783018264472,212016,205551,1,-1,-13,0,0,0,67,70,10,0,63,182,0,20,36,-999,-1,0,0,0,,,,,,,,,
2115,1783018264519,212063,205598,1,-1,-13,0,0,0,67,70,10,0,63,182.2,0,21,34,-999,-1,0,0,0,,,,,,,,,
2116,1783018264618,212162,205697,1,-1,-13,0,0,0,67,70,10,0,63,181.84,0,22,32,-996,-1,0,0,0,,,,,,,,,
2117,1783018264718,212262,205797,1,-1,-13,0,0,0,68,70,10,0,63,182.1,0,23,34,-999,-1,0,0,0,,,,,,,,,
2118,1783018264841,212385,205920,1,-1,-13,0,0,0,68,70,10,0,63,181.94,0,23,33,-1005,-1,0,0,0,,,,,,,,,
2119,1783018264935,212479,206014,1,-1,-13,0,0,0,68,70,10,0,63,181.84,0,22,33,-997,-1,0,0,0,,,,,,,,,
2120,1783018265023,212567,206102,1,-1,-13,0,0,0,68,70,10,0,63,181.92,0,22,34,-995,-1,0,0,0,,,,,,,,,
2121,1783018265123,212667,206202,1,-1,-13,0,0,0,68,70,10,0,63,182,0,21,33,-997,-1,0,0,0,,,,,,,,,
2122,1783018265214,212758,206293,1,-1,-13,0,0,0,68,70,10,0,63,182.03,0,21,37,-997,-1,0,0,0,,,,,,,,,
2123,1783018265313,212857,206392,1,-1,-13,0,0,0,68,70,10,0,63,181.77,0,24,33,-1000,-1,0,0,0,,,,,,,,,
2124,1783018265416,212960,206495,1,-1,-13,0,0,0,68,70,10,0,63,181.95,0,24,35,-998,-1,0,0,0,,,,,,,,,
2125,1783018265512,213056,206591,1,-1,-13,0,0,0,68,70,10,0,63,182.14,0,23,35,-998,-1,0,0,0,,,,,,,,,
2126,1783018265610,213154,206689,1,-1,-13,0,0,0,68,70,10,0,63,181.99,0,22,34,-997,-1,0,0,0,,,,,,,,,
2127,1783018265710,213254,206789,1,-1,-13,0,0,0,68,71,10,0,63,181.71,0,21,35,-998,-1,0,0,0,,,,,,,,,
2128,1783018265810,213354,206889,1,-1,-13,0,0,0,68,71,10,0,63,182.02,0,21,34,-999,-1,0,0,0,,,,,,,,,
2129,1783018265908,213452,206987,1,-1,-13,0,0,0,68,71,10,0,63,182.45,0,23,32,-1001,-1,0,0,0,,,,,,,,,
2130,1783018266007,213551,207086,1,-1,-13,0,0,0,68,71,10,0,63,181.83,0,22,35,-997,-1,0,0,0,,,,,,,,,
2131,1783018266113,213657,207192,1,-1,-13,0,0,0,68,71,10,0,63,182.11,0,19,32,-994,-1,0,0,0,,,,,,,,,
2132,1783018266208,213752,207287,1,-1,-13,0,0,0,68,71,10,0,63,181.69,0,23,34,-998,-1,0,0,0,,,,,,,,,
2133,1783018266306,213850,207385,1,-1,-13,0,0,0,68,71,10,0,63,182.14,0,21,34,-1002,-1,0,0,0,,,,,,,,,
2134,1783018266420,213964,207499,1,-1,-13,0,0,0,68,71,10,0,63,182.16,0,24,34,-999,-1,0,0,0,,,,,,,,,
2135,1783018266529,214073,207608,1,-1,-13,0,0,0,68,71,10,0,63,181.76,0,24,32,-1001,-1,0,0,0,,,,,,,,,
2136,1783018266604,214148,207683,1,-1,-13,0,0,0,68,71,10,0,63,181.98,0,22,34,-998,-1,0,0,0,,,,,,,,,
2137,1783018266706,214250,207785,1,-1,-13,0,0,0,69,71,10,0,63,181.99,0,21,33,-1000,-1,0,0,0,,,,,,,,,
2138,1783018266802,214346,207881,1,-1,-13,0,0,0,69,71,10,0,63,181.82,0,23,34,-999,-1,0,0,0,,,,,,,,,
2139,1783018266902,214446,207981,1,-1,-13,0,0,0,69,71,10,0,63,181.8,0,21,33,-1001,-1,0,0,0,,,,,,,,,
2140,1783018267001,214545,208080,1,-1,-13,0,0,0,69,71,10,0,63,182.21,0,23,36,-998,-1,0,0,0,,,,,,,,,
2141,1783018267102,214646,208181,1,-1,-13,0,0,0,69,71,10,0,62,181.56,0,23,33,-998,-1,0,0,0,,,,,,,,,
2142,1783018267203,214747,208282,1,-1,-13,0,0,0,69,71,10,0,62,181.96,0,20,36,-1000,-1,0,0,0,,,,,,,,,
2143,1783018267299,214843,208378,1,-1,-13,0,0,0,69,71,10,0,62,182.08,0,22,33,-999,-1,0,0,0,,,,,,,,,
2144,1783018267398,214942,208477,1,-1,-13,0,0,0,69,71,10,0,62,181.66,0,21,35,-999,-1,0,0,0,,,,,,,,,
2145,1783018267498,215042,208577,1,-1,-13,0,0,0,69,71,10,0,62,181.83,0,23,33,-997,-1,0,0,0,,,,,,,,,
2146,1783018267598,215142,208677,1,-1,-13,0,0,0,69,71,10,0,62,181.66,0,23,34,-997,-1,0,0,0,,,,,,,,,
2147,1783018267697,215241,208776,1,-1,-13,0,0,0,67,70,10,0,62,182.03,0,25,33,-997,-1,0,0,0,,,,,,,,,
2148,1783018267797,215341,208876,1,-1,-13,0,0,0,67,70,10,0,62,181.86,0,22,32,-999,-1,0,0,0,,,,,,,,,
2149,1783018267896,215440,208975,1,-1,-13,0,0,0,67,70,10,0,62,182.11,0,23,34,-1001,-1,0,0,0,,,,,,,,,
2150,1783018267941,215485,209020,1,-1,-13,0,0,0,67,70,10,0,62,181.92,0,21,32,-999,-1,0,0,0,,,,,,,,,
2151,1783018268041,215585,209120,1,-1,-13,0,0,0,67,70,10,0,62,181.89,0,24,35,-997,-1,0,0,0,,,,,,,,,
2152,1783018268139,215683,209218,1,-1,-13,0,0,0,67,70,10,0,62,182.07,0,22,34,-997,-1,0,0,0,,,,,,,,,
2153,1783018268237,215781,209316,1,-1,-13,0,0,0,67,70,10,0,62,181.76,0,21,33,-999,-1,0,0,0,,,,,,,,,
2154,1783018268337,215881,209416,1,-1,-13,0,0,0,67,70,10,0,62,181.91,0,22,35,-1001,-1,0,0,0,,,,,,,,,
2155,1783018268436,215980,209515,1,-1,-13,0,0,0,67,70,10,0,62,182.05,0,23,34,-999,-1,0,0,0,,,,,,,,,
2156,1783018268565,216109,209644,1,-1,-13,0,0,0,67,70,10,0,62,181.79,0,22,33,-998,-1,0,0,0,,,,,,,,,
2157,1783018268639,216183,209718,1,-1,-13,0,0,0,68,71,10,0,62,182.13,0,23,33,-997,-1,0,0,0,,,,,,,,,
2158,1783018268785,216329,209864,1,-1,-13,0,0,0,68,71,10,0,62,182.08,0,23,34,-1001,-1,0,0,0,,,,,,,,,
2159,1783018268917,216461,209996,1,-1,-13,0,0,0,68,71,10,0,62,182.09,0,21,35,-1004,-1,0,0,0,,,,,,,,,
2160,1783018268932,216476,210011,1,-1,-13,0,0,0,68,71,10,0,62,181.93,0,23,32,-996,-1,0,0,0,,,,,,,,,
2161,1783018269033,216577,210112,1,-1,-13,0,0,0,68,71,10,0,62,182.08,0,21,34,-998,-1,0,0,0,,,,,,,,,
2162,1783018269151,216695,210230,1,-1,-13,0,0,0,68,71,10,0,62,181.84,0,20,33,-996,-1,0,0,0,,,,,,,,,
2163,1783018269228,216772,210307,1,-1,-13,0,0,0,68,71,10,0,62,181.98,0,20,34,-1001,-1,0,0,0,,,,,,,,,
2164,1783018269326,216870,210405,1,-1,-13,0,0,0,68,71,10,0,62,182.42,0,22,35,-1000,-1,0,0,0,,,,,,,,,
2165,1783018269425,216969,210504,1,-1,-13,0,0,0,68,71,10,0,62,182.31,0,22,32,-1000,-1,0,0,0,,,,,,,,,
2166,1783018269524,217068,210603,1,-1,-13,0,0,0,68,71,10,0,62,181.69,0,22,33,-1000,-1,0,0,0,,,,,,,,,
2167,1783018269623,217167,210702,1,-1,-13,0,0,0,68,70,10,0,62,182.33,0,23,34,-998,-1,0,0,0,,,,,,,,,
2168,1783018269723,217267,210802,1,-1,-13,0,0,0,68,70,10,0,62,182.15,0,23,32,-996,-1,0,0,0,,,,,,,,,
2169,1783018269821,217365,210900,1,-1,-13,0,0,0,68,70,10,0,62,181.94,0,21,34,-997,-1,0,0,0,,,,,,,,,
2170,1783018269925,217469,211004,1,-1,-13,0,0,0,68,70,10,0,62,182.21,0,24,33,-999,-1,0,0,0,,,,,,,,,
2171,1783018270019,217563,211098,1,-1,-13,0,0,0,68,70,10,0,62,181.99,0,22,33,-1002,-1,0,0,0,,,,,,,,,
2172,1783018270118,217662,211197,1,-1,-13,0,0,0,68,70,10,0,62,182.19,0,21,33,-1000,-1,0,0,0,,,,,,,,,
2173,1783018270217,217761,211296,1,-1,-13,0,0,0,68,70,10,0,62,181.73,0,20,35,-998,-1,0,0,0,,,,,,,,,
2174,1783018270336,217880,211415,1,-1,-13,0,0,0,68,70,10,0,62,181.76,0,22,33,-997,-1,0,0,0,,,,,,,,,
2175,1783018270447,217991,211526,1,-1,-13,0,0,0,68,70,10,0,62,182.24,0,22,34,-997,-1,0,0,0,,,,,,,,,
2176,1783018270505,218049,211584,1,-1,-13,0,0,0,68,70,10,0,62,182.09,0,22,33,-1002,-1,0,0,0,,,,,,,,,
2177,1783018270624,218168,211703,1,-1,-13,0,0,0,67,70,10,0,62,182.23,0,24,32,-1002,-1,0,0,0,,,,,,,,,
2178,1783018270671,218215,211750,1,-1,-13,0,0,0,67,70,10,0,62,182.08,0,22,34,-1000,-1,0,0,0,,,,,,,,,
2179,1783018270790,218334,211869,1,-1,-13,0,0,0,67,70,10,0,62,181.94,0,22,33,-997,-1,0,0,0,,,,,,,,,
2180,1783018270939,218483,212018,1,-1,-13,0,0,0,67,70,10,0,62,181.9,0,21,35,-1000,-1,0,0,0,,,,,,,,,
2181,1783018270996,218540,212075,1,-1,-13,0,0,0,67,70,10,0,62,181.99,0,22,35,-998,-1,0,0,0,,,,,,,,,
2182,1783018271106,218650,212185,1,-1,-13,0,0,0,67,70,10,0,62,181.94,0,23,36,-1000,-1,0,0,0,,,,,,,,,
2183,1783018271252,218796,212331,1,-1,-13,0,0,0,67,70,10,0,62,181.99,0,23,32,-998,-1,0,0,0,,,,,,,,,
2184,1783018271264,218808,212343,1,-1,-13,0,0,0,67,70,10,0,62,181.9,0,22,33,-995,-1,0,0,0,,,,,,,,,
2185,1783018271407,218951,212486,1,-1,-13,0,0,0,67,70,10,0,62,182.2,0,21,34,-997,-1,0,0,0,,,,,,,,,
2186,1783018271453,218997,212532,1,-1,-13,0,0,0,67,70,10,0,62,181.77,0,21,35,-1001,-1,0,0,0,,,,,,,,,
2187,1783018271550,219094,212629,1,-1,-13,0,0,0,68,71,10,0,62,182.09,0,22,34,-999,-1,0,0,0,,,,,,,,,
2188,1783018271694,219238,212773,1,-1,-13,0,0,0,68,71,10,0,62,182.05,0,22,34,-999,-1,0,0,0,,,,,,,,,
2189,1783018271801,219345,212880,1,-1,-13,0,0,0,68,71,10,0,62,181.92,0,23,34,-999,-1,0,0,0,,,,,,,,,
2190,1783018271846,219390,212925,1,-1,-13,0,0,0,68,71,10,0,62,182.13,0,22,33,-997,-1,0,0,0,,,,,,,,,
2191,1783018271945,219489,213024,1,-1,-13,0,0,0,68,71,10,0,62,182.12,0,21,33,-1002,-1,0,0,0,,,,,,,,,
2192,1783018272120,219664,213199,1,-1,-13,0,0,0,68,71,10,0,62,182.27,0,24,33,-998,-1,0,0,0,,,,,,,,,
2193,1783018272143,219687,213222,1,-1,-13,0,0,0,68,71,10,0,62,182.12,0,21,33,-1001,-1,0,0,0,,,,,,,,,
2194,1783018272242,219786,213321,1,-1,-13,0,0,0,68,71,10,0,62,182.16,0,22,32,-999,-1,0,0,0,,,,,,,,,
2195,1783018272341,219885,213420,1,-1,-13,0,0,0,68,71,10,0,62,182.32,0,22,35,-997,-1,0,0,0,,,,,,,,,
2196,1783018272440,219984,213519,1,-1,-13,0,0,0,68,71,10,0,62,182.01,0,22,34,-999,-1,0,0,0,,,,,,,,,
2197,1783018272539,220083,213618,1,-1,-13,0,0,0,68,71,10,0,62,181.98,0,21,36,-999,-1,0,0,0,,,,,,,,,
2198,1783018272638,220182,213717,1,-1,-13,0,0,0,68,71,10,0,62,182.15,0,22,32,-1000,-1,0,0,0,,,,,,,,,
2199,1783018272737,220281,213816,1,-1,-13,0,0,0,68,71,10,0,62,182.14,0,23,33,-997,-1,0,0,0,,,,,,,,,
2200,1783018272836,220380,213915,1,-1,-13,0,0,0,68,71,10,0,62,182.11,0,23,32,-1002,-1,0,0,0,,,,,,,,,
2201,1783018272935,220479,214014,1,-1,-13,0,0,0,68,71,10,0,62,182.34,0,20,33,-996,-1,0,0,0,,,,,,,,,
2202,1783018273034,220578,214113,1,-1,-13,0,0,0,68,71,10,0,62,182.11,0,21,33,-997,-1,0,0,0,,,,,,,,,
2203,1783018273142,220686,214221,1,-1,-13,0,0,0,68,71,10,0,62,182.25,0,22,33,-999,-1,0,0,0,,,,,,,,,
2204,1783018273288,220832,214367,1,-1,-13,0,0,0,68,71,10,0,62,181.96,0,21,35,-997,-1,0,0,0,,,,,,,,,
2205,1783018273331,220875,214410,1,-1,-13,0,0,0,68,71,10,0,62,181.98,0,21,34,-999,-1,0,0,0,,,,,,,,,
2206,1783018273440,220984,214519,1,-1,-13,0,0,0,68,71,10,0,62,182.01,0,22,34,-998,-1,0,0,0,,,,,,,,,
2207,1783018273529,221073,214608,1,-1,-13,0,0,0,68,70,10,0,62,182.21,0,21,33,-999,-1,0,0,0,,,,,,,,,
2208,1783018273635,221179,214714,1,-1,-13,0,0,0,68,70,10,0,62,182.16,0,21,33,-998,-1,0,0,0,,,,,,,,,
2209,1783018273734,221278,214813,1,-1,-13,0,0,0,68,70,10,0,62,182.06,0,24,34,-1001,-1,0,0,0,,,,,,,,,
2210,1783018273826,221370,214905,1,-1,-13,0,0,0,68,70,10,0,62,181.98,0,23,33,-998,-1,0,0,0,,,,,,,,,
2211,1783018273924,221468,215003,1,-1,-13,0,0,0,68,70,10,0,62,182.19,0,23,33,-996,-1,0,0,0,,,,,,,,,
2212,1783018274023,221567,215102,1,-1,-13,0,0,0,68,70,10,0,62,182.16,0,20,34,-995,-1,0,0,0,,,,,,,,,
2213,1783018274122,221666,215201,1,-1,-13,0,0,0,68,70,10,0,62,182.2,0,22,35,-1000,-1,0,0,0,,,,,,,,,
2214,1783018274172,221716,215251,1,-1,-13,0,0,0,68,70,10,0,62,182.2,0,20,36,-999,-1,0,0,0,,,,,,,,,
2215,1783018274271,221815,215350,1,-1,-13,0,0,0,68,70,10,0,62,182.32,0,23,33,-1000,-1,0,0,0,,,,,,,,,
2216,1783018274369,221913,215448,1,-1,-13,0,0,0,68,70,10,0,62,181.98,0,23,34,-999,-1,0,0,0,,,,,,,,,
2217,1783018274468,222012,215547,1,-1,-13,0,0,0,68,70,10,0,62,182.29,0,21,34,-998,-1,0,0,0,,,,,,,,,
2218,1783018274568,222112,215647,1,-1,-13,0,0,0,68,70,10,0,62,182.14,0,22,35,-999,-1,0,0,0,,,,,,,,,
2219,1783018274666,222210,215745,1,-1,-13,0,0,0,68,70,10,0,62,182.2,0,21,33,-998,-1,0,0,0,,,,,,,,,
2220,1783018274765,222309,215844,1,-1,-13,0,0,0,68,70,10,0,62,181.94,0,23,35,-1002,-1,0,0,0,,,,,,,,,
2221,1783018274864,222408,215943,1,-1,-13,0,0,0,68,70,10,0,62,182.14,0,22,31,-999,-1,0,0,0,,,,,,,,,
2222,1783018274963,222507,216042,1,-1,-13,0,0,0,68,70,10,0,62,181.86,0,22,37,-998,-1,0,0,0,,,,,,,,,
2223,1783018275064,222608,216143,1,-1,-13,0,0,0,68,70,10,0,62,182.37,0,19,32,-999,-1,0,0,0,,,,,,,,,
2224,1783018275162,222706,216241,1,-1,-13,0,0,0,68,70,10,0,62,182.26,0,22,33,-999,-1,0,0,0,,,,,,,,,
2225,1783018275261,222805,216340,1,-1,-13,0,0,0,68,70,10,0,62,182.39,0,21,34,-998,-1,0,0,0,,,,,,,,,
2226,1783018275360,222904,216439,1,-1,-13,0,0,0,68,70,10,0,62,182.32,0,22,35,-997,-1,0,0,0,,,,,,,,,
2227,1783018275458,223002,216537,1,-1,-13,0,0,0,68,71,10,0,62,182.01,0,21,33,-1002,-1,0,0,0,,,,,,,,,
2228,1783018275558,223102,216637,1,-1,-13,0,0,0,68,71,10,0,62,182.34,0,23,32,-997,-1,0,0,0,,,,,,,,,
2229,1783018275657,223201,216736,1,-1,-13,0,0,0,68,71,10,0,62,182.29,0,21,34,-996,-1,0,0,0,,,,,,,,,
2230,1783018275756,223300,216835,1,-1,-13,0,0,0,68,71,10,0,62,182.25,0,19,35,-996,-1,0,0,0,,,,,,,,,
2231,1783018275856,223400,216935,1,-1,-13,0,0,0,68,71,10,0,62,182.02,0,21,33,-1002,-1,0,0,0,,,,,,,,,
2232,1783018275955,223499,217034,1,-1,-13,0,0,0,68,71,10,0,62,182.42,0,23,34,-1002,-1,0,0,0,,,,,,,,,
2233,1783018276055,223599,217134,1,-1,-13,0,0,0,68,71,10,0,62,181.97,0,22,34,-999,-1,0,0,0,,,,,,,,,
2234,1783018276154,223698,217233,1,-1,-13,0,0,0,68,71,10,0,62,182.06,0,21,32,-995,-1,0,0,0,,,,,,,,,
2235,1783018276253,223797,217332,1,-1,-13,0,0,0,68,71,10,0,62,182.02,0,20,34,-996,-1,0,0,0,,,,,,,,,
2236,1783018276352,223896,217431,1,-1,-13,0,0,0,68,71,10,0,62,182.29,0,20,35,-998,-1,0,0,0,,,,,,,,,
2237,1783018276452,223996,217531,1,-1,-13,0,0,0,68,71,10,0,62,182.36,0,21,33,-999,-1,0,0,0,,,,,,,,,
2238,1783018276551,224095,217630,1,-1,-13,0,0,0,68,71,10,0,62,182.25,0,21,34,-999,-1,0,0,0,,,,,,,,,
2239,1783018276650,224194,217729,1,-1,-13,0,0,0,68,71,10,0,62,182,0,21,34,-998,-1,0,0,0,,,,,,,,,
2240,1783018276750,224294,217829,1,-1,-13,0,0,0,68,71,10,0,62,181.97,0,22,34,-998,-1,0,0,0,,,,,,,,,
2241,1783018276850,224394,217929,1,-1,-13,0,0,0,68,71,10,0,62,182.03,0,19,35,-1000,-1,0,0,0,,,,,,,,,
2242,1783018276948,224492,218027,1,-1,-13,0,0,0,68,71,10,0,62,181.94,0,23,34,-1001,-1,0,0,0,,,,,,,,,
2243,1783018277048,224592,218127,1,-1,-13,0,0,0,68,71,10,0,62,182.32,0,22,33,-999,-1,0,0,0,,,,,,,,,
2244,1783018277147,224691,218226,1,-1,-13,0,0,0,68,71,10,0,62,181.93,0,22,32,-1001,-1,0,0,0,,,,,,,,,
2245,1783018277268,224812,218347,1,-1,-13,0,0,0,68,71,10,0,62,182.23,0,21,34,-1001,-1,0,0,0,,,,,,,,,
2246,1783018277346,224890,218425,1,-1,-13,0,0,0,68,71,10,0,62,181.87,0,21,34,-997,-1,0,0,0,,,,,,,,,
2247,1783018277449,224993,218528,1,-1,-13,0,0,0,68,71,10,0,62,182,0,19,34,-999,-1,0,0,0,,,,,,,,,
2248,1783018277495,225039,218574,1,-1,-13,0,0,0,68,71,10,0,62,182.04,0,22,32,-1001,-1,0,0,0,,,,,,,,,
2249,1783018277594,225138,218673,1,-1,-13,0,0,0,68,71,10,0,62,182.08,0,23,34,-996,-1,0,0,0,,,,,,,,,
2250,1783018277694,225238,218773,1,-1,-13,0,0,0,68,71,10,0,62,182.2,0,21,34,-995,-1,0,0,0,,,,,,,,,
2251,1783018277793,225337,218872,1,-1,-13,0,0,0,68,71,10,0,62,181.93,0,21,34,-998,-1,0,0,0,,,,,,,,,
2252,1783018277892,225436,218971,1,-1,-13,0,0,0,68,71,10,0,62,182.17,0,21,35,-999,-1,0,0,0,,,,,,,,,
2253,1783018277992,225536,219071,1,-1,-13,0,0,0,68,71,10,0,62,182.2,0,21,35,-1001,-1,0,0,0,,,,,,,,,
2254,1783018278091,225635,219170,1,-1,-13,0,0,0,68,71,10,0,62,182.12,0,21,35,-1000,-1,0,0,0,,,,,,,,,
2255,1783018278190,225734,219269,1,-1,-13,0,0,0,68,71,10,0,62,182.11,0,22,34,-995,-1,0,0,0,,,,,,,,,
2256,1783018278290,225834,219369,1,-1,-13,0,0,0,68,71,10,0,62,182.14,0,22,34,-996,-1,0,0,0,,,,,,,,,
2257,1783018278389,225933,219468,1,-1,-13,0,0,0,68,71,10,0,62,182.38,0,22,33,-1001,-1,0,0,0,,,,,,,,,
2258,1783018278488,226032,219567,1,-1,-13,0,0,0,68,71,10,0,62,182.21,0,22,33,-1001,-1,0,0,0,,,,,,,,,
2259,1783018278588,226132,219667,1,-1,-13,0,0,0,68,71,10,0,62,182.01,0,21,35,-999,-1,0,0,0,,,,,,,,,
2260,1783018278688,226232,219767,1,-1,-13,0,0,0,68,71,10,0,62,182.4,0,20,35,-998,-1,0,0,0,,,,,,,,,
2261,1783018278786,226330,219865,1,-1,-13,0,0,0,68,71,10,0,62,182.02,0,22,35,-998,-1,0,0,0,,,,,,,,,
2262,1783018278885,226429,219964,1,-1,-13,0,0,0,68,71,10,0,62,182.26,0,21,34,-1001,-1,0,0,0,,,,,,,,,
2263,1783018278985,226529,220064,1,-1,-13,0,0,0,68,71,10,0,62,182.16,0,24,33,-1003,-1,0,0,0,,,,,,,,,
2264,1783018279084,226628,220163,1,-1,-13,0,0,0,68,71,10,0,62,182.08,0,21,34,-996,-1,0,0,0,,,,,,,,,
2265,1783018279190,226734,220269,1,-1,-13,0,0,0,68,71,10,0,62,182.14,0,21,34,-994,-1,0,0,0,,,,,,,,,
2266,1783018279284,226828,220363,1,-1,-13,0,0,0,68,71,10,0,62,182.42,0,22,35,-997,-1,0,0,0,,,,,,,,,
2267,1783018279383,226927,220462,1,-1,-13,0,0,0,68,70,10,0,62,182.19,0,21,34,-1002,-1,0,0,0,,,,,,,,,
2268,1783018279482,227026,220561,1,-1,-13,0,0,0,68,70,10,0,62,182.21,0,21,33,-1000,-1,0,0,0,,,,,,,,,
2269,1783018279582,227126,220661,1,-1,-13,0,0,0,68,70,10,0,62,182.2,0,20,32,-999,-1,0,0,0,,,,,,,,,
2270,1783018279681,227225,220760,1,-1,-13,0,0,0,68,70,10,0,62,182.3,0,22,34,-1000,-1,0,0,0,,,,,,,,,
2271,1783018279780,227324,220859,1,-1,-13,0,0,0,68,70,10,0,62,182.38,0,21,34,-998,-1,0,0,0,,,,,,,,,
2272,1783018279880,227424,220959,1,-1,-13,0,0,0,68,70,10,0,62,182.37,0,20,35,-997,-1,0,0,0,,,,,,,,,
2273,1783018279981,227525,221060,1,-1,-13,0,0,0,68,70,10,0,62,182.42,0,20,33,-1001,-1,0,0,0,,,,,,,,,
2274,1783018280078,227622,221157,1,-1,-13,0,0,0,68,70,10,0,62,181.97,0,22,34,-999,-1,0,0,0,,,,,,,,,
2275,1783018280178,227722,221257,1,-1,-13,0,0,0,68,70,10,0,62,182.19,0,21,34,-1000,-1,0,0,0,,,,,,,,,
2276,1783018280278,227822,221357,1,-1,-13,0,0,0,68,70,10,0,62,182.15,0,21,33,-997,-1,0,0,0,,,,,,,,,
2277,1783018280377,227921,221456,1,-1,-13,0,0,0,67,70,10,0,62,182.04,0,19,34,-997,-1,0,0,0,,,,,,,,,
2278,1783018280476,228020,221555,1,-1,-13,0,0,0,67,70,10,0,62,181.88,0,20,33,-997,-1,0,0,0,,,,,,,,,
2279,1783018280575,228119,221654,1,-1,-13,0,0,0,67,70,10,0,62,182.11,0,22,34,-998,-1,0,0,0,,,,,,,,,
2280,1783018280674,228218,221753,1,-1,-13,0,0,0,67,70,10,0,62,182.42,0,21,33,-1004,-1,0,0,0,,,,,,,,,
2281,1783018280728,228272,221807,1,-1,-13,0,0,0,67,70,10,0,62,182.25,0,21,34,-1002,-1,0,0,0,,,,,,,,,
2282,1783018280824,228368,221903,1,-1,-13,0,0,0,67,70,10,0,62,182.47,0,21,34,-999,-1,0,0,0,,,,,,,,,
2283,1783018280923,228467,222002,1,-1,-13,0,0,0,67,70,10,0,62,182.55,0,23,33,-998,-1,0,0,0,,,,,,,,,
2284,1783018281022,228566,222101,1,-1,-13,0,0,0,67,70,10,0,62,182.42,0,20,34,-1001,-1,0,0,0,,,,,,,,,
2285,1783018281122,228666,222201,1,-1,-13,0,0,0,67,70,10,0,62,182.57,0,21,34,-1000,-1,0,0,0,,,,,,,,,
2286,1783018281221,228765,222300,1,-1,-13,0,0,0,67,70,10,0,62,182.09,0,22,33,-996,-1,0,0,0,,,,,,,,,
2287,1783018281320,228864,222399,1,-1,-13,0,0,0,67,71,10,0,62,182.1,0,20,35,-997,-1,0,0,0,,,,,,,,,
2288,1783018281419,228963,222498,1,-1,-13,0,0,0,67,71,10,0,62,182.11,0,22,35,-996,-1,0,0,0,,,,,,,,,
2289,1783018281519,229063,222598,1,-1,-13,0,0,0,67,71,10,0,62,182.07,0,20,34,-999,-1,0,0,0,,,,,,,,,
2290,1783018281618,229162,222697,1,-1,-13,0,0,0,67,71,10,0,62,182.03,0,22,34,-1001,-1,0,0,0,,,,,,,,,
2291,1783018281718,229262,222797,1,-1,-13,0,0,0,67,71,10,0,62,182.01,0,22,35,-1000,-1,0,0,0,,,,,,,,,
2292,1783018281817,229361,222896,1,-1,-13,0,0,0,67,71,10,0,62,181.94,0,20,33,-997,-1,0,0,0,,,,,,,,,
2293,1783018281916,229460,222995,1,-1,-13,0,0,0,67,71,10,0,62,182.37,0,20,35,-999,-1,0,0,0,,,,,,,,,
2294,1783018282016,229560,223095,1,-1,-13,0,0,0,67,71,10,0,62,182.15,0,21,35,-999,-1,0,0,0,,,,,,,,,
2295,1783018282115,229659,223194,1,-1,-13,0,0,0,67,71,10,0,62,182.06,0,20,33,-998,-1,0,0,0,,,,,,,,,
2296,1783018282214,229758,223293,1,-1,-13,0,0,0,67,71,10,0,62,182.1,0,22,33,-1000,-1,0,0,0,,,,,,,,,
2297,1783018282314,229858,223393,1,-1,-13,0,0,0,68,71,10,0,62,182.12,0,22,34,-999,-1,0,0,0,,,,,,,,,
2298,1783018282413,229957,223492,1,-1,-13,0,0,0,68,71,10,0,62,182.13,0,24,34,-997,-1,0,0,0,,,,,,,,,
2299,1783018282512,230056,223591,1,-1,-13,0,0,0,68,71,10,0,62,182.23,0,21,34,-999,-1,0,0,0,,,,,,,,,
2300,1783018282611,230155,223690,1,-1,-13,0,0,0,68,71,10,0,62,182.12,0,22,34,-994,-1,0,0,0,,,,,,,,,
2301,1783018282711,230255,223790,1,-1,-13,0,0,0,68,71,10,0,62,182.28,0,21,34,-999,-1,0,0,0,,,,,,,,,
2302,1783018282814,230358,223893,1,-1,-13,0,0,0,68,71,10,0,62,182.17,0,20,35,-1000,-1,0,0,0,,,,,,,,,
2303,1783018282910,230454,223989,1,-1,-13,0,0,0,68,71,10,0,62,181.94,0,23,34,-999,-1,0,0,0,,,,,,,,,
2304,1783018283009,230553,224088,1,-1,-13,0,0,0,68,71,10,0,62,181.94,0,21,33,-995,-1,0,0,0,,,,,,,,,
2305,1783018283108,230652,224187,1,-1,-13,0,0,0,68,71,10,0,62,182.11,0,21,35,-998,-1,0,0,0,,,,,,,,,
2306,1783018283208,230752,224287,1,-1,-13,0,0,0,68,71,10,0,62,181.88,0,20,35,-997,-1,0,0,0,,,,,,,,,
2307,1783018283309,230853,224388,1,-1,-13,0,0,0,68,71,10,0,62,182.02,0,22,34,-1003,-1,0,0,0,,,,,,,,,
2308,1783018283411,230955,224490,1,-1,-13,0,0,0,68,71,10,0,62,182.37,0,21,33,-1000,-1,0,0,0,,,,,,,,,
2309,1783018283513,231057,224592,1,-1,-13,0,0,0,68,71,10,0,62,182.06,0,24,35,-1000,-1,0,0,0,,,,,,,,,
2310,1783018283615,231159,224694,1,-1,-13,0,0,0,68,71,10,0,62,181.96,0,22,33,-997,-1,0,0,0,,,,,,,,,
2311,1783018283718,231262,224797,1,-1,-13,0,0,0,68,71,10,0,62,182.07,0,21,34,-998,-1,0,0,0,,,,,,,,,
2312,1783018283820,231364,224899,1,-1,-13,0,0,0,68,71,10,0,62,182.08,0,21,34,-1000,-1,0,0,0,,,,,,,,,
2313,1783018283922,231466,225001,1,-1,-13,0,0,0,68,71,10,0,62,182.13,0,22,33,-1001,-1,0,0,0,,,,,,,,,
2314,1783018283973,231517,225052,1,-1,-13,0,0,0,68,71,10,0,62,182.19,0,23,32,-997,-1,0,0,0,,,,,,,,,
2315,1783018284075,231619,225154,1,-1,-13,0,0,0,68,71,10,0,62,182.05,0,22,35,-997,-1,0,0,0,,,,,,,,,
2316,1783018284177,231721,225256,1,-1,-13,0,0,0,68,71,10,0,62,181.98,0,21,36,-1001,-1,0,0,0,,,,,,,,,
2317,1783018284280,231824,225359,1,-1,-13,0,0,0,67,69,10,0,62,182.33,0,20,35,-1000,-1,0,0,0,,,,,,,,,
2318,1783018284381,231925,225460,1,-1,-13,0,0,0,67,69,10,0,62,182.18,0,22,31,-1000,-1,0,0,0,,,,,,,,,
2319,1783018284486,232030,225565,1,-1,-13,0,0,0,67,69,10,0,62,182.14,0,25,34,-1002,-1,0,0,0,,,,,,,,,
2320,1783018285714,233258,225665,1,-1,-13,0,0,0,67,69,10,0,62,182.24,0,21,33,-1002,-1,0,0,0,,,,,,,,,
2321,1783018285816,233360,225767,1,-1,-13,0,0,0,67,69,10,0,62,181.92,0,21,33,-997,-1,0,0,0,,,,,,,,,
2322,1783018285918,233462,225869,1,-1,-13,0,0,0,67,69,10,0,62,182.19,0,21,33,-997,-1,0,0,0,,,,,,,,,
2323,1783018286022,233566,225973,1,-1,-13,0,0,0,67,69,10,0,62,181.96,0,22,34,-999,-1,0,0,0,,,,,,,,,
2324,1783018286122,233666,226073,1,-1,-13,0,0,0,67,69,10,0,62,182.25,0,22,34,-1001,-1,0,0,0,,,,,,,,,
2325,1783018286225,233769,226176,1,-1,-13,0,0,0,67,69,10,0,62,181.94,0,22,34,-999,-1,0,0,0,,,,,,,,,
2326,1783018286327,233871,226278,1,-1,-13,0,0,0,67,69,10,0,62,182.34,0,21,33,-999,-1,0,0,0,,,,,,,,,
2327,1783018286429,233973,226380,1,-1,-13,0,0,0,67,70,10,0,62,182.14,0,21,33,-997,-1,0,0,0,,,,,,,,,
2328,1783018286531,234075,226482,1,-1,-13,0,0,0,67,70,10,0,62,182,0,21,34,-998,-1,0,0,0,,,,,,,,,
2329,1783018286633,234177,226584,1,-1,-13,0,0,0,67,70,10,0,62,181.98,0,22,36,-1001,-1,0,0,0,,,,,,,,,
2330,1783018286735,234279,226686,1,-1,-13,0,0,0,67,70,10,0,62,182.08,0,19,34,-1003,-1,0,0,0,,,,,,,,,
2331,1783018286838,234382,226789,1,-1,-13,0,0,0,67,70,10,0,62,181.86,0,21,35,-998,-1,0,0,0,,,,,,,,,
2332,1783018286940,234484,226891,1,-1,-13,0,0,0,67,70,10,0,62,182.14,0,21,31,-998,-1,0,0,0,,,,,,,,,
2333,1783018287042,234586,226993,1,-1,-13,0,0,0,67,70,10,0,62,182.15,0,20,33,-998,-1,0,0,0,,,,,,,,,
2334,1783018287144,234688,227095,1,-1,-13,0,0,0,67,70,10,0,62,182.27,0,22,35,-1000,-1,0,0,0,,,,,,,,,
2335,1783018287246,234790,227197,1,-1,-13,0,0,0,67,70,10,0,62,182.06,0,22,35,-1001,-1,0,0,0,,,,,,,,,
2336,1783018287348,234892,227299,1,-1,-13,0,0,0,67,70,10,0,62,182,0,21,33,-999,-1,0,0,0,,,,,,,,,
2337,1783018287450,234994,227401,1,-1,-13,0,0,0,67,70,10,0,62,182.19,0,22,34,-999,-1,0,0,0,,,,,,,,,
2338,1783018287553,235097,227504,1,-1,-13,0,0,0,67,70,10,0,62,182.07,0,23,33,-997,-1,0,0,0,,,,,,,,,
2339,1783018287655,235199,227606,1,-1,-13,0,0,0,67,70,10,0,62,181.95,0,21,33,-1000,-1,0,0,0,,,,,,,,,
2340,1783018287757,235301,227708,1,-1,-13,0,0,0,67,70,10,0,62,182.23,0,22,34,-997,-1,0,0,0,,,,,,,,,
2341,1783018287859,235403,227810,1,-1,-13,0,0,0,67,70,10,0,62,182.1,0,22,34,-999,-1,0,0,0,,,,,,,,,
2342,1783018287967,235511,227918,1,-1,-13,0,0,0,67,70,10,0,62,181.91,0,23,32,-999,-1,0,0,0,,,,,,,,,
2343,1783018288063,235607,228014,1,-1,-13,0,0,0,67,70,10,0,62,182.13,0,18,35,-998,-1,0,0,0,,,,,,,,,
2344,1783018288166,235710,228117,1,-1,-13,0,0,0,67,70,10,0,62,182.26,0,19,34,-996,-1,0,0,0,,,,,,,,,
2345,1783018288217,235761,228168,1,-1,-13,0,0,0,67,70,10,0,62,182.35,0,22,34,-999,-1,0,0,0,,,,,,,,,
2346,1783018288319,235863,228270,1,-1,-13,0,0,0,67,70,10,0,62,182.02,0,20,36,-998,-1,0,0,0,,,,,,,,,
2347,1783018288421,235965,228372,1,-1,-13,0,0,0,67,70,10,0,62,182.03,0,22,34,-1001,-1,0,0,0,,,,,,,,,
2348,1783018288524,236068,228475,1,-1,-13,0,0,0,67,70,10,0,62,182.17,0,22,33,-997,-1,0,0,0,,,,,,,,,
2349,1783018288626,236170,228577,1,-1,-13,0,0,0,67,70,10,0,62,181.88,0,21,33,-998,-1,0,0,0,,,,,,,,,
2350,1783018288728,236272,228679,1,-1,-13,0,0,0,67,70,10,0,62,182.02,0,20,33,-998,-1,0,0,0,,,,,,,,,
2351,1783018288831,236375,228781,1,-1,-13,0,0,0,67,70,10,0,62,181.99,0,22,34,-1000,-1,0,0,0,,,,,,,,,
2352,1783018288933,236477,228884,1,-1,-13,0,0,0,67,70,10,0,62,182.31,0,23,33,-1001,-1,0,0,0,,,,,,,,,
2353,1783018289035,236579,228986,1,-1,-13,0,0,0,67,70,10,0,62,182.39,0,19,33,-999,-1,0,0,0,,,,,,,,,
2354,1783018289137,236681,229088,1,-1,-13,0,0,0,67,70,10,0,62,182.18,0,22,35,-999,-1,0,0,0,,,,,,,,,
2355,1783018289235,236779,229186,1,-1,-13,0,0,0,67,70,10,0,62,182.01,0,22,34,-998,-1,0,0,0,,,,,,,,,
2356,1783018289335,236879,229286,1,-1,-13,0,0,0,67,70,10,0,62,181.82,0,20,34,-998,-1,0,0,0,,,,,,,,,
2357,1783018289434,236978,229385,1,-1,-13,0,0,0,67,70,10,0,62,182.3,0,22,32,-997,-1,0,0,0,,,,,,,,,
2358,1783018289534,237078,229485,1,-1,-13,0,0,0,67,70,10,0,62,182.21,0,22,35,-997,-1,0,0,0,,,,,,,,,
2359,1783018289632,237176,229583,1,-1,-13,0,0,0,67,70,10,0,62,182.34,0,20,33,-1000,-1,0,0,0,,,,,,,,,
2360,1783018289733,237277,229684,1,-1,-13,0,0,0,67,70,10,0,61,182.3,0,22,35,-1002,-1,0,0,0,,,,,,,,,
2361,1783018289831,237375,229782,1,-1,-13,0,0,0,67,70,10,0,61,182.09,0,23,34,-998,-1,0,0,0,,,,,,,,,
2362,1783018289930,237474,229881,1,-1,-13,0,0,0,67,70,10,0,61,182.13,0,22,33,-998,-1,0,0,0,,,,,,,,,
2363,1783018290029,237573,229980,1,-1,-13,0,0,0,67,70,10,0,61,182.42,0,21,34,-997,-1,0,0,0,,,,,,,,,
2364,1783018290128,237672,230079,1,-1,-13,0,0,0,67,70,10,0,61,182.29,0,19,35,-1001,-1,0,0,0,,,,,,,,,
2365,1783018290227,237771,230178,1,-1,-13,0,0,0,67,70,10,0,61,182.36,0,22,34,-1003,-1,0,0,0,,,,,,,,,
2366,1783018290327,237871,230278,1,-1,-13,0,0,0,67,70,10,0,61,182.11,0,21,34,-998,-1,0,0,0,,,,,,,,,
2367,1783018290426,237970,230377,1,-1,-13,0,0,0,68,71,10,0,61,182.56,0,24,33,-997,-1,0,0,0,,,,,,,,,
2368,1783018290525,238069,230476,1,-1,-13,0,0,0,68,71,10,0,61,182.24,0,22,36,-999,-1,0,0,0,,,,,,,,,
2369,1783018290624,238168,230575,1,-1,-13,0,0,0,68,71,10,0,61,182.41,0,20,34,-1000,-1,0,0,0,,,,,,,,,
2370,1783018290723,238267,230674,1,-1,-13,0,0,0,68,71,10,0,61,182.38,0,22,36,-999,-1,0,0,0,,,,,,,,,
2371,1783018290823,238367,230774,1,-1,-13,0,0,0,68,71,10,0,61,182.35,0,22,33,-1001,-1,0,0,0,,,,,,,,,
2372,1783018290922,238466,230873,1,-1,-13,0,0,0,68,71,10,0,61,182.58,0,24,35,-999,-1,0,0,0,,,,,,,,,
2373,1783018291021,238565,230972,1,-1,-13,0,0,0,68,71,10,0,61,182.21,0,23,33,-999,-1,0,0,0,,,,,,,,,
2374,1783018291120,238664,231071,1,-1,-13,0,0,0,68,71,10,0,61,182.03,0,21,34,-995,-1,0,0,0,,,,,,,,,
2375,1783018291221,238765,231172,1,-1,-13,0,0,0,68,71,10,0,61,182.19,0,24,35,-999,-1,0,0,0,,,,,,,,,
2376,1783018291319,238863,231270,1,-1,-13,0,0,0,68,71,10,0,61,182.1,0,22,34,-1000,-1,0,0,0,,,,,,,,,
2377,1783018291418,238962,231369,1,-1,-13,0,0,0,67,70,10,0,61,182.3,0,23,34,-999,-1,0,0,0,,,,,,,,,
2378,1783018291517,239061,231468,1,-1,-13,0,0,0,67,70,10,0,61,182.23,0,23,33,-998,-1,0,0,0,,,,,,,,,
2379,1783018291617,239161,231568,1,-1,-13,0,0,0,67,70,10,0,61,182.14,0,24,33,-999,-1,0,0,0,,,,,,,,,
2380,1783018291666,239210,231617,1,-1,-13,0,0,0,67,70,10,0,61,182.17,0,22,33,-996,-1,0,0,0,,,,,,,,,
2381,1783018291765,239309,231716,1,-1,-13,0,0,0,67,70,10,0,61,181.9,0,23,35,-999,-1,0,0,0,,,,,,,,,
2382,1783018291865,239409,231816,1,-1,-13,0,0,0,67,70,10,0,61,182.11,0,21,33,-1003,-1,0,0,0,,,,,,,,,
2383,1783018291964,239508,231915,1,-1,-13,0,0,0,67,70,10,0,61,181.94,0,24,34,-998,-1,0,0,0,,,,,,,,,
2384,1783018292068,239612,232019,1,-1,-13,0,0,0,67,70,10,0,61,182.1,0,21,34,-997,-1,0,0,0,,,,,,,,,
2385,1783018292162,239706,232113,1,-1,-13,0,0,0,67,70,10,0,61,182.42,0,20,34,-1000,-1,0,0,0,,,,,,,,,
2386,1783018292264,239808,232215,1,-1,-13,0,0,0,67,70,10,0,61,182.13,0,22,34,-995,-1,0,0,0,,,,,,,,,
2387,1783018292361,239905,232312,1,-1,-13,0,0,0,67,70,10,0,61,182.16,0,21,34,-999,-1,0,0,0,,,,,,,,,
2388,1783018292458,240002,232409,1,-1,-13,0,0,0,67,70,10,0,61,182.22,0,21,33,-1000,-1,0,0,0,,,,,,,,,
2389,1783018292555,240099,232506,1,-1,-13,0,0,0,67,70,10,0,61,182.11,0,24,34,-1004,-1,0,0,0,,,,,,,,,
2390,1783018292655,240199,232606,1,-1,-13,0,0,0,67,70,10,0,61,181.99,0,21,33,-998,-1,0,0,0,,,,,,,,,
2391,1783018292749,240293,232700,1,-1,-13,0,0,0,67,70,10,0,61,182.1,0,21,34,-995,-1,0,0,0,,,,,,,,,
2392,1783018292846,240390,232797,1,-1,-13,0,0,0,67,70,10,0,61,182.44,0,22,35,-1001,-1,0,0,0,,,,,,,,,
2393,1783018292946,240490,232897,1,-1,-13,0,0,0,67,70,10,0,61,182.53,0,22,36,-998,-1,0,0,0,,,,,,,,,
2394,1783018293043,240587,232994,1,-1,-13,0,0,0,67,70,10,0,61,182.25,0,22,33,-998,-1,0,0,0,,,,,,,,,
2395,1783018293138,240682,233089,1,-1,-13,0,0,0,67,70,10,0,61,182.09,0,22,33,-1000,-1,0,0,0,,,,,,,,,
2396,1783018293235,240779,233186,1,-1,-13,0,0,0,67,70,10,0,61,182.51,0,22,35,-999,-1,0,0,0,,,,,,,,,
2397,1783018293332,240876,233283,1,-1,-13,0,0,0,68,71,10,0,61,182.1,0,21,32,-996,-1,0,0,0,,,,,,,,,
2398,1783018293432,240976,233383,1,-1,-13,0,0,0,68,71,10,0,61,182.15,0,21,36,-997,-1,0,0,0,,,,,,,,,
2399,1783018293526,241070,233477,1,-1,-13,0,0,0,68,71,10,0,61,182.16,0,22,34,-1002,-1,0,0,0,,,,,,,,,
2400,1783018293623,241167,233574,1,-1,-13,0,0,0,68,71,10,0,61,181.77,0,21,32,-1001,-1,0,0,0,,,,,,,,,
2401,1783018293720,241264,233671,1,-1,-13,0,0,0,68,71,10,0,61,182.3,0,23,34,-996,-1,0,0,0,,,,,,,,,
2402,1783018293818,241362,233769,1,-1,-13,0,0,0,68,71,10,0,61,182.18,0,22,34,-998,-1,0,0,0,,,,,,,,,
2403,1783018293926,241470,233877,1,-1,-13,0,0,0,68,71,10,0,61,182.13,0,21,36,-998,-1,0,0,0,,,,,,,,,
2404,1783018294013,241557,233964,1,-1,-13,0,0,0,68,71,10,0,61,182.11,0,20,33,-998,-1,0,0,0,,,,,,,,,
2405,1783018294108,241652,234059,1,-1,-13,0,0,0,68,71,10,0,61,182.22,0,22,34,-999,-1,0,0,0,,,,,,,,,
2406,1783018294206,241750,234157,1,-1,-13,0,0,0,68,71,10,0,61,181.78,0,23,31,-999,-1,0,0,0,,,,,,,,,
2407,1783018294303,241847,234254,1,-1,-13,0,0,0,67,70,10,0,61,182.33,0,23,35,-997,-1,0,0,0,,,,,,,,,
2408,1783018294401,241945,234352,1,-1,-13,0,0,0,67,70,10,0,61,181.82,0,22,34,-997,-1,0,0,0,,,,,,,,,
2409,1783018294498,242042,234449,1,-1,-13,0,0,0,67,70,10,0,61,182.12,0,21,34,-997,-1,0,0,0,,,,,,,,,
2410,1783018294597,242141,234548,1,-1,-13,0,0,0,67,70,10,0,61,182.24,0,22,33,-998,-1,0,0,0,,,,,,,,,
2411,1783018294694,242238,234645,1,-1,-13,0,0,0,67,70,10,0,61,182.2,0,22,34,-1001,-1,0,0,0,,,,,,,,,
2412,1783018294793,242337,234744,1,-1,-13,0,0,0,67,70,10,0,61,182.41,0,22,33,-998,-1,0,0,0,,,,,,,,,
2413,1783018294838,242382,234789,1,-1,-13,0,0,0,67,70,10,0,61,182.24,0,22,34,-995,-1,0,0,0,,,,,,,,,
2414,1783018294936,242480,234887,1,-1,-13,0,0,0,67,70,10,0,61,182.01,0,19,33,-997,-1,0,0,0,,,,,,,,,
2415,1783018295031,242575,234982,1,-1,-13,0,0,0,67,70,10,0,61,182.17,0,22,35,-998,-1,0,0,0,,,,,,,,,
2416,1783018295128,242672,235079,1,-1,-13,0,0,0,67,70,10,0,61,182.1,0,22,33,-1001,-1,0,0,0,,,,,,,,,
2417,1783018295225,242769,235176,1,-1,-13,0,0,0,67,70,10,0,61,181.89,0,22,33,-1000,-1,0,0,0,,,,,,,,,
2418,1783018295322,242866,235273,1,-1,-13,0,0,0,67,70,10,0,61,182.04,0,22,31,-999,-1,0,0,0,,,,,,,,,
2419,1783018295419,242963,235370,1,-1,-13,0,0,0,67,70,10,0,61,182.35,0,22,33,-999,-1,0,0,0,,,,,,,,,
2420,1783018295516,243060,235467,1,-1,-13,0,0,0,67,70,10,0,61,182.2,0,21,35,-998,-1,0,0,0,,,,,,,,,
2421,1783018295613,243157,235564,1,-1,-13,0,0,0,67,70,10,0,61,182.07,0,21,35,-999,-1,0,0,0,,,,,,,,,
2422,1783018295710,243254,235661,1,-1,-13,0,0,0,67,70,10,0,61,182.02,0,22,34,-1001,-1,0,0,0,,,,,,,,,
2423,1783018295808,243352,235759,1,-1,-13,0,0,0,67,70,10,0,61,182.21,0,23,36,-998,-1,0,0,0,,,,,,,,,
2424,1783018295907,243451,235858,1,-1,-13,0,0,0,67,70,10,0,61,182.19,0,23,33,-997,-1,0,0,0,,,,,,,,,
2425,1783018296004,243548,235955,1,-1,-13,0,0,0,67,70,10,0,61,182.02,0,22,33,-997,-1,0,0,0,,,,,,,,,
2426,1783018296099,243643,236050,1,-1,-13,0,0,0,67,70,10,0,61,182.28,0,23,34,-998,-1,0,0,0,,,,,,,,,
2427,1783018296195,243739,236146,1,-1,-13,0,0,0,68,70,10,0,61,182.21,0,22,33,-1000,-1,0,0,0,,,,,,,,,
2428,1783018296292,243836,236243,1,-1,-13,0,0,0,68,70,10,0,61,182.42,0,23,35,-998,-1,0,0,0,,,,,,,,,
2429,1783018296389,243933,236340,1,-1,-13,0,0,0,68,70,10,0,61,182.13,0,23,35,-998,-1,0,0,0,,,,,,,,,
2430,1783018296486,244030,236437,1,-1,-13,0,0,0,68,70,10,0,61,182.14,0,20,34,-998,-1,0,0,0,,,,,,,,,
2431,1783018296585,244129,236536,1,-1,-13,0,0,0,68,70,10,0,61,182.16,0,18,38,-997,-1,0,0,0,,,,,,,,,
2432,1783018296680,244224,236631,1,-1,-13,0,0,0,68,70,10,0,61,182.42,0,20,35,-996,-1,0,0,0,,,,,,,,,
2433,1783018296778,244322,236729,1,-1,-13,0,0,0,68,70,10,0,61,182.38,0,22,34,-1001,-1,0,0,0,,,,,,,,,
2434,1783018296875,244419,236826,1,-1,-13,0,0,0,68,70,10,0,61,182.43,0,24,32,-1003,-1,0,0,0,,,,,,,,,
2435,1783018296972,244516,236923,1,-1,-13,0,0,0,68,70,10,0,61,182.71,0,21,26,-983,-1,0,0,0,,,,,,,,,
2436,1783018297071,244615,237022,1,-1,-13,0,0,0,68,70,10,0,61,182.14,0,17,42,-987,-1,0,0,0,,,,,,,,,
2437,1783018297167,244711,237118,1,-1,-13,0,0,0,67,70,10,0,61,182.4,0,14,34,-1007,-1,0,0,0,,,,,,,,,
2438,1783018297264,244808,237214,1,-1,-13,0,0,0,67,70,10,0,61,182.38,0,16,41,-997,-1,0,0,0,,,,,,,,,
2439,1783018297361,244905,237312,1,-1,-13,0,0,0,67,70,10,0,61,182.41,0,19,34,-999,-1,0,0,0,,,,,,,,,
2440,1783018297458,245002,237409,1,-1,-13,0,0,0,67,70,10,0,61,182.34,0,23,31,-1001,-1,0,0,0,,,,,,,,,
2441,1783018297555,245099,237506,1,-1,-13,0,0,0,67,70,10,0,61,182.39,0,7,52,-989,-1,0,0,0,,,,,,,,,
2442,1783018297652,245196,237603,1,-1,-13,0,0,0,67,70,10,0,61,182.52,0,4,34,-1009,-1,0,0,0,,,,,,,,,
2443,1783018297749,245293,237700,1,-1,-13,0,0,0,67,70,10,0,61,182.33,0,15,45,-994,-1,0,0,0,,,,,,,,,
2444,1783018297846,245390,237797,1,-1,-13,0,0,0,67,70,10,0,61,182.56,0,19,33,-1003,-1,0,0,0,,,,,,,,,
2445,1783018297894,245438,237845,1,-1,-13,0,0,0,67,70,10,0,61,182.31,0,24,33,-1006,-1,0,0,0,,,,,,,,,
2446,1783018297991,245535,237942,1,-1,-13,0,0,0,67,70,10,0,61,182.38,0,16,68,-971,-1,0,0,0,,,,,,,,,
2447,1783018298088,245632,238039,1,-1,-13,0,0,0,68,70,10,0,61,182.38,0,21,43,-1024,-1,0,0,0,,,,,,,,,
2448,1783018298185,245729,238136,1,-1,-13,0,0,0,68,70,10,0,61,182.38,0,20,33,-1004,-1,0,0,0,,,,,,,,,
2449,1783018298282,245826,238233,1,-1,-13,0,0,0,68,70,10,0,61,182.46,0,18,40,-989,-1,0,0,0,,,,,,,,,
2450,1783018298380,245924,238331,1,-1,-13,0,0,0,68,70,10,0,61,182.33,0,18,35,-999,-1,0,0,0,,,,,,,,,
2451,1783018298477,246021,238428,1,-1,-13,0,0,0,68,70,10,0,61,182.41,0,20,37,-999,-1,0,0,0,,,,,,,,,
2452,1783018298573,246117,238524,1,-1,-13,0,0,0,68,70,10,0,61,182.54,0,-8,76,-965,-1,0,0,0,,,,,,,,,
2453,1783018298670,246214,238621,1,-1,-13,0,0,0,68,70,10,0,61,182.63,0,11,44,-997,-1,0,0,0,,,,,,,,,
2454,1783018298767,246311,238718,1,-1,-13,0,0,0,68,70,10,0,61,182.45,0,22,41,-1003,-1,0,0,0,,,,,,,,,
2455,1783018298865,246409,238816,1,-1,-13,0,0,0,68,70,10,0,61,182.63,0,19,34,-1009,-1,0,0,0,,,,,,,,,
2456,1783018298961,246505,238912,1,-1,-13,0,0,0,68,70,10,0,61,182.71,0,23,28,-991,-1,0,0,0,,,,,,,,,
2457,1783018299058,246602,239009,1,-1,-13,0,0,0,68,71,10,0,61,182.45,0,-4,12,-969,-1,0,0,0,,,,,,,,,
2458,1783018299155,246699,239106,1,-1,-13,0,0,0,68,71,10,0,61,182.15,0,25,107,-1038,-1,0,0,0,,,,,,,,,
2459,1783018299253,246797,239204,1,-1,-13,0,0,0,68,71,10,0,61,182.42,0,66,14,-1018,-1,0,0,0,,,,,,,,,
2460,1783018299353,246897,239304,1,-1,-13,0,0,0,68,71,10,0,61,182.79,0,52,28,-983,-1,0,0,0,,,,,,,,,
2461,1783018299447,246991,239398,1,-1,-13,0,0,0,68,71,10,0,61,182.35,0,39,27,-990,-1,0,0,0,,,,,,,,,
2462,1783018299544,247088,239495,1,-1,-13,0,0,0,68,71,10,0,61,182.66,0,29,30,-996,-1,0,0,0,,,,,,,,,
2463,1783018299641,247185,239592,1,-1,-13,0,0,0,68,71,10,0,61,182.54,0,20,35,-999,-1,0,0,0,,,,,,,,,
2464,1783018299738,247282,239689,1,-1,-13,0,0,0,68,71,10,0,61,182.36,0,19,29,-997,-1,0,0,0,,,,,,,,,
2465,1783018299836,247380,239787,1,-1,-13,0,0,0,68,71,10,0,61,182.82,0,27,40,-997,-1,0,0,0,,,,,,,,,
2466,1783018299932,247476,239883,1,-1,-13,0,0,0,68,71,10,0,61,182.46,0,26,30,-1007,-1,0,0,0,,,,,,,,,
2467,1783018300031,247575,239982,1,-1,-13,0,0,0,67,70,10,0,61,182.67,0,21,38,-1001,-1,0,0,0,,,,,,,,,
2468,1783018300128,247672,240079,1,-1,-13,0,0,0,67,70,10,0,61,182.44,0,16,29,-990,-1,0,0,0,,,,,,,,,
2469,1783018300226,247770,240177,1,-1,-13,0,0,0,67,70,10,0,61,182.35,0,28,35,-987,-1,0,0,0,,,,,,,,,
2470,1783018300325,247869,240276,1,-1,-13,0,0,0,67,70,10,0,61,182.41,0,31,37,-1003,-1,0,0,0,,,,,,,,,
2471,1783018300423,247967,240374,1,-1,-13,0,0,0,67,70,10,0,61,182.68,0,25,31,-1007,-1,0,0,0,,,,,,,,,
2472,1783018300520,248064,240471,1,-1,-13,0,0,0,67,70,10,0,61,182.76,0,15,28,-1002,-1,0,0,0,,,,,,,,,
2473,1783018300617,248161,240568,1,-1,-13,0,0,0,67,70,10,0,61,182.81,0,16,38,-998,-1,0,0,0,,,,,,,,,
2474,1783018300714,248258,240665,1,-1,-13,0,0,0,67,70,10,0,61,182.49,0,16,32,-1002,-1,0,0,0,,,,,,,,,
2475,1783018300762,248306,240713,1,-1,-13,0,0,0,67,70,10,0,61,182.3,0,23,36,-996,-1,0,0,0,,,,,,,,,
2476,1783018300859,248403,240810,1,-1,-13,0,0,0,67,70,10,0,61,182.33,0,24,33,-994,-1,0,0,0,,,,,,,,,
2477,1783018301004,248548,240955,1,-1,-13,0,0,0,67,70,10,0,61,182.47,0,20,34,-998,-1,0,0,0,,,,,,,,,
2478,1783018301102,248646,241053,1,-1,-13,0,0,0,67,70,10,0,61,182.81,0,22,34,-1000,-1,0,0,0,,,,,,,,,
2479,1783018301150,248694,241101,1,-1,-13,0,0,0,67,70,10,0,61,182.4,0,22,35,-999,-1,0,0,0,,,,,,,,,
2480,1783018301247,248791,241198,1,-1,-13,0,0,0,67,70,10,0,61,182.32,0,22,34,-1001,-1,0,0,0,,,,,,,,,
2481,1783018301343,248887,241294,1,-1,-13,0,0,0,67,70,10,0,61,182.62,0,20,35,-1004,-1,0,0,0,,,,,,,,,
2482,1783018301440,248984,241391,1,-1,-13,0,0,0,67,70,10,0,61,182.62,0,22,34,-1001,-1,0,0,0,,,,,,,,,
2483,1783018301537,249081,241488,1,-1,-13,0,0,0,67,70,10,0,61,182.63,0,21,34,-997,-1,0,0,0,,,,,,,,,
2484,1783018301634,249178,241585,1,-1,-13,0,0,0,67,70,10,0,61,182.47,0,22,35,-997,-1,0,0,0,,,,,,,,,
2485,1783018301731,249275,241682,1,-1,-13,0,0,0,67,70,10,0,61,182.43,0,21,34,-1001,-1,0,0,0,,,,,,,,,
2486,1783018301828,249372,241779,1,-1,-13,0,0,0,67,70,10,0,61,182.4,0,22,34,-1003,-1,0,0,0,,,,,,,,,
2487,1783018301924,249468,241875,1,-1,-13,0,0,0,68,70,10,0,61,182.43,0,21,34,-998,-1,0,0,0,,,,,,,,,
2488,1783018302021,249565,241972,1,-1,-13,0,0,0,68,70,10,0,61,182.47,0,22,34,-999,-1,0,0,0,,,,,,,,,
2489,1783018302118,249662,242069,1,-1,-13,0,0,0,68,70,10,0,61,182.34,0,20,34,-1002,-1,0,0,0,,,,,,,,,
2490,1783018302215,249759,242166,1,-1,-13,0,0,0,68,70,10,0,61,182.29,0,21,35,-1000,-1,0,0,0,,,,,,,,,
2491,1783018302312,249856,242263,1,-1,-13,0,0,0,68,70,10,0,61,182.42,0,22,36,-1000,-1,0,0,0,,,,,,,,,
2492,1783018302409,249953,242360,1,-1,-13,0,0,0,68,70,10,0,61,182.02,0,23,34,-997,-1,0,0,0,,,,,,,,,
2493,1783018302506,250050,242457,1,-1,-13,0,0,0,68,70,10,0,61,182.16,0,22,33,-1000,-1,0,0,0,,,,,,,,,
2494,1783018302602,250146,242553,1,-1,-13,0,0,0,68,70,10,0,61,182.32,0,21,34,-997,-1,0,0,0,,,,,,,,,
2495,1783018302699,250243,242650,1,-1,-13,0,0,0,68,70,10,0,61,182.09,0,22,35,-997,-1,0,0,0,,,,,,,,,
2496,1783018302796,250340,242747,1,-1,-13,0,0,0,68,70,10,0,61,182.45,0,21,34,-997,-1,0,0,0,,,,,,,,,
2497,1783018302893,250437,242844,1,-1,-13,0,0,0,67,70,10,0,61,182.59,0,21,34,-1001,-1,0,0,0,,,,,,,,,
2498,1783018303004,250548,242955,1,-1,-13,0,0,0,67,70,10,0,61,182.34,0,23,34,-1000,-1,0,0,0,,,,,,,,,
2499,1783018303087,250631,243038,1,-1,-13,0,0,0,67,70,10,0,61,182.27,0,21,34,-999,-1,0,0,0,,,,,,,,,
2500,1783018303184,250728,243135,1,-1,-13,0,0,0,67,70,10,0,61,182.11,0,20,35,-998,-1,0,0,0,,,,,,,,,
2501,1783018303281,250825,243232,1,-1,-13,0,0,0,67,70,10,0,61,182.48,0,21,34,-1001,-1,0,0,0,,,,,,,,,
2502,1783018303380,250924,243331,1,-1,-13,0,0,0,67,70,10,0,61,182.33,0,21,35,-1002,-1,0,0,0,,,,,,,,,
2503,1783018303475,251019,243426,1,-1,-13,0,0,0,67,70,10,0,61,182.41,0,22,35,-1003,-1,0,0,0,,,,,,,,,
2504,1783018303571,251115,243522,1,-1,-13,0,0,0,67,70,10,0,61,182.28,0,23,34,-995,-1,0,0,0,,,,,,,,,
2505,1783018303668,251212,243619,1,-1,-13,0,0,0,67,70,10,0,61,182.01,0,22,33,-998,-1,0,0,0,,,,,,,,,
2506,1783018303766,251310,243717,1,-1,-13,0,0,0,67,70,10,0,61,182.29,0,22,34,-997,-1,0,0,0,,,,,,,,,
2507,1783018303865,251409,243816,1,-1,-13,0,0,0,68,71,10,0,61,182.29,0,19,37,-1000,-1,0,0,0,,,,,,,,,
2508,1783018303960,251504,243910,1,-1,-13,0,0,0,68,71,10,0,61,182.67,0,20,34,-998,-1,0,0,0,,,,,,,,,
2509,1783018304057,251601,244008,1,-1,-13,0,0,0,68,71,10,0,61,181.86,0,23,34,-997,-1,0,0,0,,,,,,,,,
2510,1783018304105,251649,244056,1,-1,-13,0,0,0,68,71,10,0,61,182.42,0,22,36,-998,-1,0,0,0,,,,,,,,,
2511,1783018304202,251746,244153,1,-1,-13,0,0,0,68,71,10,0,61,182.07,0,20,35,-999,-1,0,0,0,,,,,,,,,
2512,1783018304298,251842,244249,1,-1,-13,0,0,0,68,71,10,0,61,181.88,0,20,35,-999,-1,0,0,0,,,,,,,,,
2513,1783018304395,251939,244346,1,-1,-13,0,0,0,68,71,10,0,61,182.39,0,21,31,-1000,-1,0,0,0,,,,,,,,,
2514,1783018304492,252036,244443,1,-1,-13,0,0,0,68,71,10,0,61,182.16,0,22,33,-999,-1,0,0,0,,,,,,,,,
2515,1783018304588,252132,244539,1,-1,-13,0,0,0,68,71,10,0,61,182.34,0,22,32,-1000,-1,0,0,0,,,,,,,,,
2516,1783018304686,252230,244637,1,-1,-13,0,0,0,68,71,10,0,61,182.22,0,21,34,-998,-1,0,0,0,,,,,,,,,
2517,1783018304783,252327,244734,1,-1,-13,0,0,0,68,70,10,0,61,182.12,0,19,34,-1000,-1,0,0,0,,,,,,,,,
2518,1783018304881,252425,244832,1,-1,-13,0,0,0,68,70,10,0,61,182.33,0,20,33,-1000,-1,0,0,0,,,,,,,,,
2519,1783018304977,252521,244928,1,-1,-13,0,0,0,68,70,10,0,61,182.15,0,21,35,-1000,-1,0,0,0,,,,,,,,,
2520,1783018305073,252617,245024,1,-1,-13,0,0,0,68,70,10,0,61,181.96,0,23,35,-1003,-1,0,0,0,,,,,,,,,
2521,1783018305175,252719,245126,1,-1,-13,0,0,0,68,70,10,0,61,182.1,0,22,33,-995,-1,0,0,0,,,,,,,,,
2522,1783018305266,252810,245217,1,-1,-13,0,0,0,68,70,10,0,61,182.05,0,22,34,-995,-1,0,0,0,,,,,,,,,
2523,1783018305365,252909,245316,1,-1,-13,0,0,0,68,70,10,0,61,182.11,0,20,34,-998,-1,0,0,0,,,,,,,,,
