state_sequence,timestamp_ms,recording_elapsed_ms,steady_elapsed_ms,pitch,roll,yaw,vgx,vgy,vgz,templ,temph,tof,h,bat,baro,time,agx,agy,agz,mid,x,y,z,rc_a,rc_b,rc_c,rc_d,rc_source,rc_result,rc_timestamp_ms,rc_steady_elapsed_ms,rc_sequence
0,1783193252343,0,0,0,0,0,0,0,0,54,56,10,0,88,177.35,0,-4,6,-998,-1,0,0,0,,,,,,,,,
1,1783193252444,101,101,0,0,0,0,0,0,54,56,10,0,88,177.46,0,-2,4,-1000,-1,0,0,0,,,,,,,,,
2,1783193252546,203,202,0,0,0,0,0,0,54,56,10,0,88,177.46,0,-3,3,-998,-1,0,0,0,,,,,,,,,
3,1783193252647,304,304,0,0,0,0,0,0,54,56,10,0,88,177.68,0,-3,4,-998,-1,0,0,0,,,,,,,,,
4,1783193252749,406,405,0,0,0,0,0,0,54,56,10,0,88,177.4,0,-4,5,-1001,-1,0,0,0,,,,,,,,,
5,1783193252851,508,507,0,0,0,0,0,0,54,56,10,0,88,177.38,0,-1,5,-1000,-1,0,0,0,,,,,,,,,
6,1783193252953,610,609,0,0,0,0,0,0,54,57,10,0,88,177.54,0,-2,6,-999,-1,0,0,0,,,,,,,,,
7,1783193253003,660,660,0,0,0,0,0,0,54,57,10,0,88,177.48,0,-5,6,-998,-1,0,0,0,,,,,,,,,
8,1783193253105,762,761,0,0,0,0,0,0,54,57,10,0,88,177.72,0,-3,5,-998,-1,0,0,0,,,,,,,,,
9,1783193253207,864,864,0,0,0,0,0,0,54,57,10,0,88,177.42,0,-3,3,-997,-1,0,0,0,,,,,,,,,
10,1783193253309,966,966,0,0,0,0,0,0,54,57,10,0,88,177.76,0,-3,5,-999,-1,0,0,0,,,,,,,,,
11,1783193253411,1068,1068,0,0,0,0,0,0,54,57,10,0,88,177.52,0,-4,4,-1000,-1,0,0,0,,,,,,,,,
12,1783193253513,1170,1169,0,0,0,0,0,0,54,57,10,0,88,177.38,0,-2,5,-999,-1,0,0,0,,,,,,,,,
13,1783193253616,1273,1272,0,0,0,0,0,0,54,57,10,0,88,177.69,0,-3,4,-1000,-1,0,0,0,,,,,,,,,
14,1783193253716,1373,1372,0,0,0,0,0,0,54,57,10,0,88,177.56,0,-4,5,-997,-1,0,0,0,,,,,,,,,
15,1783193253818,1475,1474,0,0,0,0,0,0,54,57,10,0,88,177.61,0,-4,6,-998,-1,0,0,0,,,,,,,,,
16,1783193253920,1577,1576,0,0,0,0,0,0,54,56,10,0,88,177.66,0,-4,3,-1000,-1,0,0,0,,,,,,,,,
17,1783193254022,1679,1678,0,0,0,0,0,0,54,56,10,0,88,177.34,0,-4,6,-997,-1,0,0,0,,,,,,,,,
18,1783193254124,1781,1780,0,0,0,0,0,0,54,56,10,0,88,177.23,0,-3,4,-1000,-1,0,0,0,,,,,,,,,
19,1783193254225,1882,1881,0,0,0,0,0,0,54,56,10,0,88,177.52,0,-4,4,-999,-1,0,0,0,,,,,,,,,
20,1783193254326,1983,1982,0,0,0,0,0,0,54,56,10,0,88,177.39,0,-4,5,-1000,-1,0,0,0,,,,,,,,,
21,1783193254428,2085,2084,0,0,0,0,0,0,54,56,10,0,88,177.32,0,-4,4,-998,-1,0,0,0,,,,,,,,,
22,1783193254530,2187,2186,0,0,0,0,0,0,54,56,10,0,88,177.51,0,-5,5,-999,-1,0,0,0,,,,,,,,,
23,1783193254631,2288,2287,0,0,0,0,0,0,54,56,10,0,88,177.8,0,-3,5,-999,-1,0,0,0,,,,,,,,,
24,1783193254733,2390,2389,0,0,0,0,0,0,54,56,10,0,88,177.66,0,-2,5,-996,-1,0,0,0,,,,,,,,,
25,1783193254835,2492,2491,0,0,0,0,0,0,54,56,10,0,88,177.3,0,-3,4,-1001,-1,0,0,0,,,,,,,,,
26,1783193254937,2594,2593,0,0,0,0,0,0,54,57,10,0,88,177.82,0,-3,4,-997,-1,0,0,0,,,,,,,,,
27,1783193255038,2695,2694,0,0,0,0,0,0,54,57,10,0,88,177.74,0,-4,5,-1001,-1,0,0,0,,,,,,,,,
28,1783193255140,2797,2796,0,0,0,0,0,0,54,57,10,0,88,177.41,0,-3,3,-1000,-1,0,0,0,,,,,,,,,
29,1783193255241,2898,2897,0,0,0,0,0,0,54,57,10,0,88,177.49,0,-4,4,-998,-1,0,0,0,,,,,,,,,
30,1783193255343,3000,2999,0,0,0,0,0,0,54,57,10,0,88,177.37,0,-4,4,-999,-1,0,0,0,,,,,,,,,
31,1783193255445,3102,3101,0,0,0,0,0,0,54,57,10,0,88,177.47,0,-3,5,-998,-1,0,0,0,,,,,,,,,
32,1783193255546,3203,3202,0,0,0,0,0,0,54,57,10,0,88,177.48,0,-4,6,-1001,-1,0,0,0,,,,,,,,,
33,1783193255648,3305,3304,0,0,0,0,0,0,54,57,10,0,88,177.59,0,-4,5,-1001,-1,0,0,0,,,,,,,,,
34,1783193255699,3356,3355,0,0,0,0,0,0,54,57,10,0,88,177.53,0,-3,4,-1001,-1,0,0,0,,,,,,,,,
35,1783193255801,3458,3457,0,0,0,0,0,0,54,57,10,0,88,177.27,0,-3,5,-1000,-1,0,0,0,,,,,,,,,
36,1783193255902,3559,3558,0,0,0,0,0,0,55,57,10,0,88,177.39,0,-5,5,-999,-1,0,0,0,,,,,,,,,
37,1783193256004,3661,3660,0,0,0,0,0,0,55,57,10,0,88,177.6,0,-3,5,-1001,-1,0,0,0,,,,,,,,,
38,1783193256105,3762,3761,0,0,0,0,0,0,55,57,10,0,88,177.38,0,-3,4,-998,-1,0,0,0,,,,,,,,,
39,1783193256208,3865,3864,0,0,0,0,0,0,55,57,10,0,88,177.33,0,-3,6,-1000,-1,0,0,0,,,,,,,,,
40,1783193256309,3966,3965,0,0,0,0,0,0,55,57,10,0,88,177.12,0,-2,4,-999,-1,0,0,0,,,,,,,,,
41,1783193256410,4067,4067,0,0,0,0,0,0,55,57,10,0,88,177.78,0,-2,6,-1000,-1,0,0,0,,,,,,,,,
42,1783193256512,4169,4168,0,0,0,0,0,0,55,57,10,0,88,177.48,0,-4,4,-999,-1,0,0,0,,,,,,,,,
43,1783193256614,4271,4270,0,0,0,0,0,0,55,57,10,0,88,177.57,0,-4,4,-1001,-1,0,0,0,,,,,,,,,
44,1783193256717,4374,4373,0,0,0,0,0,0,55,57,10,0,88,177.48,0,-1,5,-998,-1,0,0,0,,,,,,,,,
45,1783193256818,4475,4474,0,0,0,0,0,0,55,57,10,0,88,177.24,0,-1,4,-1002,-1,0,0,0,,,,,,,,,
46,1783193256920,4577,4576,0,0,0,0,0,0,54,58,10,0,88,177.42,0,-4,5,-999,-1,0,0,0,,,,,,,,,
47,1783193257021,4678,4678,0,0,0,0,0,0,54,58,10,0,88,177.49,0,-4,5,-1000,-1,0,0,0,,,,,,,,,
48,1783193257122,4779,4778,0,0,0,0,0,0,54,58,10,0,88,177.51,0,-3,3,-1000,-1,0,0,0,,,,,,,,,
49,1783193257224,4881,4880,0,0,0,0,0,0,54,58,10,0,88,177.53,0,-2,5,-1000,-1,0,0,0,,,,,,,,,
50,1783193257329,4986,4985,0,0,0,0,0,0,54,58,10,0,88,177.61,0,-3,4,-1001,-1,0,0,0,,,,,,,,,
51,1783193257427,5084,5083,0,0,0,0,0,0,54,58,10,0,88,177.35,0,-2,7,-1000,-1,0,0,0,,,,,,,,,
52,1783193257529,5186,5185,0,0,0,0,0,0,54,58,10,0,88,177.33,0,-3,4,-1000,-1,0,0,0,,,,,,,,,
53,1783193257630,5287,5286,0,0,0,0,0,0,54,58,10,0,88,177.44,0,-4,5,-1001,-1,0,0,0,,,,,,,,,
54,1783193257732,5389,5389,0,0,0,0,0,0,54,58,10,0,88,177.3,0,-2,4,-999,-1,0,0,0,,,,,,,,,
55,1783193257834,5491,5491,0,0,0,0,0,0,54,58,10,0,88,177.34,0,-3,5,-999,-1,0,0,0,,,,,,,,,
56,1783193257935,5592,5591,0,0,0,0,0,0,55,57,10,0,88,177.27,0,-3,5,-1000,-1,0,0,0,,,,,,,,,
57,1783193258037,5694,5693,0,0,0,0,0,0,55,57,10,0,88,177.26,0,-5,5,-1001,-1,0,0,0,,,,,,,,,
58,1783193258139,5796,5795,0,0,0,0,0,0,55,57,10,0,87,177.63,0,-3,5,-998,-1,0,0,0,,,,,,,,,
59,1783193258241,5898,5897,0,0,0,0,0,0,55,57,10,0,87,177.4,0,-4,5,-1000,-1,0,0,0,,,,,,,,,
60,1783193258291,5948,5947,0,0,0,0,0,0,55,57,10,0,87,177.47,0,-4,5,-999,-1,0,0,0,,,,,,,,,
61,1783193258393,6050,6049,0,0,0,0,0,0,55,57,10,0,87,177.26,0,-3,5,-998,-1,0,0,0,,,,,,,,,
62,1783193258495,6152,6151,0,0,0,0,0,0,55,57,10,0,87,177.49,0,-3,4,-999,-1,0,0,0,,,,,,,,,
63,1783193258596,6253,6252,0,0,0,0,0,0,55,57,10,0,87,177.26,0,-4,3,-1000,-1,0,0,0,,,,,,,,,
64,1783193258698,6355,6354,0,0,0,0,0,0,55,57,10,0,87,177.42,0,-4,4,-1000,-1,0,0,0,,,,,,,,,
65,1783193258799,6456,6455,0,0,0,0,0,0,55,57,10,0,87,177.62,0,-3,5,-1000,-1,0,0,0,,,,,,,,,
66,1783193258901,6558,6557,0,0,0,0,0,0,55,58,10,0,87,177.3,0,-5,3,-998,-1,0,0,0,,,,,,,,,
67,1783193259003,6660,6659,0,0,0,0,0,0,55,58,10,0,87,177.45,0,-4,4,-997,-1,0,0,0,,,,,,,,,
68,1783193259105,6762,6761,0,0,0,0,0,0,55,58,10,0,87,177.42,0,-3,5,-998,-1,0,0,0,,,,,,,,,
69,1783193259206,6863,6862,0,0,0,0,0,0,55,58,10,0,87,177.29,0,-3,4,-1000,-1,0,0,0,,,,,,,,,
70,1783193259308,6965,6964,0,0,0,0,0,0,55,58,10,0,87,177.6,0,-4,4,-998,-1,0,0,0,,,,,,,,,
71,1783193259409,7066,7066,0,0,0,0,0,0,55,58,10,0,87,177.15,0,-3,4,-999,-1,0,0,0,,,,,,,,,
72,1783193259512,7169,7168,0,0,0,0,0,0,55,58,10,0,87,177.3,0,-2,5,-997,-1,0,0,0,,,,,,,,,
73,1783193259613,7270,7269,0,0,0,0,0,0,55,58,10,0,87,177.32,0,-3,5,-1000,-1,0,0,0,,,,,,,,,
74,1783193259714,7371,7371,0,0,0,0,0,0,55,58,10,0,87,177.56,0,-3,3,-998,-1,0,0,0,,,,,,,,,
75,1783193259816,7473,7472,0,0,0,0,0,0,55,58,10,0,87,177.33,0,-5,4,-1000,-1,0,0,0,,,,,,,,,
76,1783193259918,7575,7574,0,0,0,0,0,0,55,58,10,0,87,177.24,0,-1,3,-1000,-1,0,0,0,,,,,,,,,
77,1783193260020,7677,7676,0,0,0,0,0,0,55,58,10,0,87,177.04,0,-3,5,-999,-1,0,0,0,,,,,,,,,
78,1783193260121,7778,7777,0,0,0,0,0,0,55,58,10,0,87,177.43,0,-2,4,-1000,-1,0,0,0,,,,,,,,,
79,1783193260223,7880,7879,0,0,0,0,0,0,55,58,10,0,87,177.57,0,-1,3,-998,-1,0,0,0,,,,,,,,,
80,1783193260324,7981,7981,0,0,0,0,0,0,55,58,10,0,87,176.86,0,-3,3,-998,-1,0,0,0,,,,,,,,,
81,1783193260426,8083,8082,0,0,0,0,0,0,55,58,10,0,87,177.33,0,-2,4,-1002,-1,0,0,0,,,,,,,,,
82,1783193260528,8185,8184,0,0,0,0,0,0,55,58,10,0,87,177.3,0,-3,3,-1001,-1,0,0,0,,,,,,,,,
83,1783193260629,8286,8286,0,0,0,0,0,0,55,58,10,0,87,177.32,0,-3,3,-1001,-1,0,0,0,,,,,,,,,
84,1783193260731,8388,8387,0,0,0,0,0,0,55,58,10,0,87,177.58,0,-3,4,-998,-1,0,0,0,,,,,,,,,
85,1783193260833,8490,8489,0,0,0,0,0,0,55,58,10,0,87,177.17,0,-2,4,-1001,-1,0,0,0,,,,,,,,,
86,1783193260934,8591,8591,0,0,0,0,0,0,56,58,10,0,87,177.19,0,-5,2,-996,-1,0,0,0,,,,,,,,,
87,1783193261036,8693,8693,0,0,0,0,0,0,56,58,10,0,87,177.09,0,-3,4,-997,-1,0,0,0,,,,,,,,,
88,1783193261093,8750,8750,0,0,0,0,0,0,56,58,10,0,87,177.24,0,-3,4,-1000,-1,0,0,0,,,,,,,,,
89,1783193261189,8846,8845,0,0,0,0,0,0,56,58,10,0,87,177.2,0,-2,4,-1001,-1,0,0,0,,,,,,,,,
90,1783193261291,8948,8947,0,0,0,0,0,0,56,58,10,0,87,177.23,0,-2,5,-1002,-1,0,0,0,,,,,,,,,
91,1783193261392,9049,9048,0,0,0,0,0,0,56,58,10,0,87,177.24,0,-2,4,-999,-1,0,0,0,,,,,,,,,
92,1783193261493,9150,9150,0,0,0,0,0,0,56,58,10,0,87,177.23,0,-1,5,-1000,-1,0,0,0,,,,,,,,,
93,1783193261595,9252,9251,0,0,0,0,0,0,56,58,10,0,87,177.14,0,-1,5,-1000,-1,0,0,0,,,,,,,,,
94,1783193261697,9354,9353,0,0,0,0,0,0,56,58,10,0,87,177.29,0,-3,5,-1000,-1,0,0,0,,,,,,,,,
95,1783193261799,9456,9455,0,0,0,0,0,0,56,58,10,0,87,177.33,0,-3,4,-999,-1,0,0,0,,,,,,,,,
96,1783193261901,9558,9557,0,0,0,0,0,0,56,58,10,0,87,177.02,0,-4,3,-999,-1,0,0,0,,,,,,,,,
97,1783193262002,9659,9658,0,0,0,0,0,0,56,58,10,0,87,177.11,0,-2,5,-999,-1,0,0,0,,,,,,,,,
98,1783193262104,9761,9760,0,0,0,0,0,0,56,58,10,0,87,177.11,0,-3,4,-998,-1,0,0,0,,,,,,,,,
99,1783193262206,9863,9862,0,0,0,0,0,0,56,58,10,0,87,176.98,0,-3,6,-1000,-1,0,0,0,,,,,,,,,
100,1783193262307,9964,9964,0,0,0,0,0,0,56,58,10,0,87,177.08,0,-4,3,-999,-1,0,0,0,,,,,,,,,
101,1783193262411,10068,10067,0,0,0,0,0,0,56,58,10,0,87,176.96,0,-3,5,-998,-1,0,0,0,,,,,,,,,
102,1783193262510,10167,10166,0,0,0,0,0,0,56,58,10,0,87,177.18,0,-3,3,-1000,-1,0,0,0,,,,,,,,,
103,1783193262612,10269,10268,0,0,0,0,0,0,56,58,10,0,87,177,0,-4,4,-999,-1,0,0,0,,,,,,,,,
104,1783193262714,10371,10370,0,0,0,0,0,0,56,58,10,0,87,177.09,0,-2,4,-1000,-1,0,0,0,,,,,,,,,
105,1783193262816,10473,10472,0,0,0,0,0,0,56,58,10,0,87,176.78,0,-3,5,-999,-1,0,0,0,,,,,,,,,
106,1783193262918,10575,10574,0,0,0,0,0,0,55,58,10,0,87,177.19,0,-4,3,-999,-1,0,0,0,,,,,,,,,
107,1783193263020,10677,10676,0,0,0,0,0,0,55,58,10,0,87,177.14,0,-4,4,-1003,-1,0,0,0,,,,,,,,,
108,1783193263124,10781,10780,0,0,0,0,0,0,55,58,10,0,87,177.19,0,-4,4,-999,-1,0,0,0,,,,,,,,,
109,1783193263230,10887,10886,0,0,0,0,0,0,55,58,10,0,87,177.13,0,-3,5,-1000,-1,0,0,0,,,,,,,,,
110,1783193263333,10990,10989,0,0,0,0,0,0,55,58,10,0,87,177.02,0,-4,4,-999,-1,0,0,0,,,,,,,,,
111,1783193263438,11095,11094,0,0,0,0,0,0,55,58,10,0,87,176.81,0,-5,5,-998,-1,0,0,0,,,,,,,,,
112,1783193263539,11196,11195,0,0,0,0,0,0,55,58,10,0,87,177.1,0,-3,4,-999,-1,0,0,0,,,,,,,,,
113,1783193263642,11299,11299,0,0,0,0,0,0,55,58,10,0,87,176.68,0,-3,4,-1000,-1,0,0,0,,,,,,,,,
114,1783193263749,11406,11405,0,0,0,0,0,0,55,58,10,0,87,177.12,0,-2,4,-1001,-1,0,0,0,,,,,,,,,
115,1783193263844,11501,11500,0,0,0,0,0,0,55,58,10,0,87,176.95,0,-4,4,-998,-1,0,0,0,,,,,,,,,
116,1783193263954,11611,11610,0,0,0,0,0,0,55,58,10,0,87,177.09,0,-4,5,-999,-1,0,0,0,,,,,,,,,
117,1783193264050,11707,11706,0,0,0,0,0,0,55,58,10,0,87,176.94,0,-3,6,-1000,-1,0,0,0,,,,,,,,,
118,1783193264101,11758,11757,0,0,0,0,0,0,55,58,10,0,87,176.89,0,-2,4,-1000,-1,0,0,0,,,,,,,,,
119,1783193264205,11862,11861,0,0,0,0,0,0,55,58,10,0,87,177.26,0,-3,3,-1001,-1,0,0,0,,,,,,,,,
120,1783193264307,11964,11963,0,0,0,0,0,0,55,58,10,0,87,177.02,0,-3,4,-999,-1,0,0,0,0,0,0,0,"keyboard-worker","OK",1783193264306,11963,1
121,1783193264410,12067,12066,0,0,0,0,0,0,55,58,10,0,87,177.21,0,-3,4,-1000,-1,0,0,0,0,0,0,0,"keyboard-worker","OK",1783193264407,12063,3
122,1783193264513,12170,12169,0,0,0,0,0,0,55,58,10,0,87,177.17,0,-3,4,-1001,-1,0,0,0,0,0,0,0,"keyboard-worker","OK",1783193264507,12163,5
123,1783193264616,12273,12272,0,0,0,0,0,0,55,58,10,0,87,177.36,0,-4,5,-1000,-1,0,0,0,0,0,0,0,"keyboard-worker","OK",1783193264608,12264,7
124,1783193264719,12376,12376,0,0,0,0,0,0,55,58,10,0,87,177.02,0,-4,4,-1003,-1,0,0,0,0,0,0,0,"keyboard-worker","OK",1783193264708,12364,9
125,1783193264822,12479,12478,0,0,0,0,0,0,55,58,10,0,87,177.09,0,-5,5,-999,-1,0,0,0,0,0,0,0,"keyboard-worker","OK",1783193264809,12465,11
126,1783193264925,12582,12581,0,0,0,0,0,0,56,59,10,0,87,177.04,0,-3,5,-1001,-1,0,0,0,0,0,0,0,"keyboard-worker","OK",1783193264909,12565,13
127,1783193265027,12684,12684,0,0,0,0,0,0,56,59,10,0,87,177.08,0,-2,6,-1000,-1,0,0,0,0,0,0,0,"keyboard-worker","OK",1783193265010,12666,15
128,1783193265130,12787,12787,0,0,0,0,0,0,56,59,10,0,87,176.94,0,-4,4,-1001,-1,0,0,0,0,0,0,0,"keyboard-worker","OK",1783193265111,12767,17
129,1783193265234,12891,12890,0,0,0,0,0,0,56,59,10,0,87,177.01,0,-4,5,-1001,-1,0,0,0,0,0,0,0,"keyboard-worker","OK",1783193265211,12867,19
130,1783193265336,12993,12992,0,0,0,0,0,0,56,59,10,0,87,177.02,0,-3,4,-1001,-1,0,0,0,0,0,0,0,"keyboard-worker","OK",1783193265311,12968,21
131,1783193265438,13095,13095,0,0,0,0,0,0,56,59,10,0,87,177.07,0,-4,5,-999,-1,0,0,0,0,0,0,0,"keyboard-worker","OK",1783193265412,13068,23
132,1783193265541,13198,13197,0,0,0,0,0,0,56,59,10,0,87,177.4,0,-2,4,-999,-1,0,0,0,0,0,0,0,"keyboard-worker","OK",1783193265512,13168,25
133,1783193265645,13302,13301,0,0,0,0,0,0,56,59,10,0,87,177.11,0,-2,3,-1000,-1,0,0,0,0,0,0,0,"keyboard-worker","OK",1783193265613,13269,27
134,1783193265748,13405,13404,0,0,0,0,0,0,56,59,10,0,87,177.15,0,-2,5,-999,-1,0,0,0,0,0,0,0,"keyboard-worker","OK",1783193265713,13370,29
135,1783193265850,13507,13506,0,0,0,0,0,0,56,59,10,0,87,177.3,0,-3,4,-1000,-1,0,0,0,0,0,0,0,"keyboard-worker","OK",1783193265814,13470,31
136,1783193265952,13609,13608,0,0,0,0,0,0,57,60,10,0,87,177.23,0,-3,6,-1001,-1,0,0,0,0,0,0,0,"keyboard-worker","OK",1783193265915,13571,33
137,1783193266055,13712,13711,0,0,0,0,0,0,57,60,10,0,87,177.01,0,-3,5,-1000,-1,0,0,0,0,0,0,0,"keyboard-worker","OK",1783193266015,13672,35
138,1783193266158,13815,13814,0,0,0,0,0,0,57,60,10,0,87,177.18,0,-3,4,-1002,-1,0,0,0,0,0,0,0,"keyboard-worker","OK",1783193266116,13772,37
139,1783193266264,13921,13921,0,0,0,0,0,0,57,60,10,0,87,177.02,0,-3,5,-999,-1,0,0,0,0,0,0,0,"keyboard-worker","OK",1783193266216,13872,39
140,1783193266364,14021,14020,0,0,0,0,0,0,57,60,10,0,87,176.95,0,-2,5,-1001,-1,0,0,0,0,0,0,0,"keyboard-worker","OK",1783193266317,13973,41
141,1783193266466,14123,14122,0,0,0,0,0,0,57,60,10,0,87,177.25,0,-3,5,-999,-1,0,0,0,0,0,0,0,"keyboard-worker","OK",1783193266417,14073,43
142,1783193266568,14225,14224,0,0,0,0,0,0,57,60,10,0,87,176.97,0,-2,5,-1000,-1,0,0,0,0,0,0,0,"keyboard-worker","OK",1783193266568,14224,46
143,1783193266671,14328,14327,0,0,0,0,0,0,57,60,10,0,87,176.86,0,-3,5,-1000,-1,0,0,0,0,0,0,0,"keyboard-worker","OK",1783193266668,14325,48
144,1783193266774,14431,14430,0,0,0,0,0,0,57,60,10,0,87,176.77,0,-3,5,-1000,-1,0,0,0,0,0,0,0,"keyboard-worker","OK",1783193266769,14425,50
145,1783193266876,14533,14532,0,0,0,0,0,0,57,60,10,0,87,177.11,0,-3,5,-1000,-1,0,0,0,0,0,0,0,"keyboard-worker","OK",1783193266869,14525,52
146,1783193266978,14635,14635,0,0,0,0,0,0,57,60,10,0,87,177.17,0,-4,4,-1000,-1,0,0,0,0,0,0,0,"keyboard-worker","OK",1783193266969,14626,54
147,1783193267081,14738,14737,0,0,0,0,0,0,57,60,10,0,87,177.08,0,-2,5,-1000,-1,0,0,0,0,0,0,0,"keyboard-worker","OK",1783193267070,14726,56
148,1783193267184,14841,14840,0,0,0,0,0,0,57,60,10,0,87,177.18,0,-3,6,-1001,-1,0,0,0,0,0,0,0,"keyboard-worker","OK",1783193267170,14826,58
149,1783193267287,14944,14943,0,0,0,0,0,0,57,60,10,0,87,177.09,0,-3,6,-1000,-1,0,0,0,0,0,0,0,"keyboard-worker","OK",1783193267270,14927,60
150,1783193267389,15046,15045,0,0,0,0,0,0,57,60,10,0,87,177.13,0,-3,5,-1000,-1,0,0,0,0,0,0,0,"keyboard-worker","OK",1783193267371,15027,62
151,1783193267491,15148,15147,0,0,0,0,0,0,57,60,10,0,87,177.26,0,-3,4,-1000,-1,0,0,0,0,0,0,0,"keyboard-worker","OK",1783193267471,15128,64
152,1783193267594,15251,15250,0,0,0,0,0,0,57,60,10,0,87,177.27,0,-2,5,-1001,-1,0,0,0,0,0,0,0,"rc-neutral-takeoff","OK",1783193267572,15228,67
153,1783193267697,15354,15353,0,0,0,0,0,0,57,60,10,0,87,177.25,0,-2,5,-998,-1,0,0,0,0,0,0,0,"rc-neutral-takeoff","OK",1783193267572,15228,67
154,1783193267799,15456,15456,0,0,0,0,0,0,57,60,10,0,87,177.25,0,0,8,-1007,-1,0,0,0,0,0,0,0,"rc-neutral-takeoff","OK",1783193267572,15228,67
155,1783193267902,15559,15559,0,0,0,0,0,0,57,60,10,0,87,177.25,0,-1,4,-997,-1,0,0,0,0,0,0,0,"rc-neutral-takeoff","OK",1783193267572,15228,67
156,1783193268004,15661,15660,0,0,0,0,0,0,57,59,10,0,87,177.25,0,-60,25,-1004,-1,0,0,0,0,0,0,0,"rc-neutral-takeoff","OK",1783193267572,15228,67
157,1783193268106,15763,15762,0,0,0,0,0,0,57,59,10,0,87,177.25,0,-22,-10,-1019,-1,0,0,0,0,0,0,0,"rc-neutral-takeoff","OK",1783193267572,15228,67
158,1783193268209,15866,15865,1,0,0,0,0,-1,57,59,10,0,87,177.25,0,16,4,-1150,-1,0,0,0,0,0,0,0,"rc-neutral-takeoff","OK",1783193267572,15228,67
159,1783193268312,15969,15968,1,0,-1,0,0,-3,57,59,10,0,87,177.25,0,-13,-15,-1347,-1,0,0,0,0,0,0,0,"rc-neutral-takeoff","OK",1783193267572,15228,67
160,1783193268362,16019,16018,0,0,-1,0,0,-6,57,59,11,10,87,177.25,0,-8,-12,-1243,-1,0,0,0,0,0,0,0,"rc-neutral-takeoff","OK",1783193267572,15228,67
161,1783193268465,16122,16122,-1,0,-1,0,0,-8,57,59,19,20,87,177.36,0,-27,7,-1070,-1,0,0,0,0,0,0,0,"rc-neutral-takeoff","OK",1783193267572,15228,67
162,1783193268568,16225,16224,-1,0,-1,0,0,-8,57,59,27,30,87,177.59,0,-5,-18,-1000,-1,0,0,0,0,0,0,0,"rc-neutral-takeoff","OK",1783193267572,15228,67
163,1783193268671,16328,16327,-1,0,-1,0,0,-8,57,59,34,40,87,177.64,1,-52,6,-934,-1,0,0,0,0,0,0,0,"rc-neutral-takeoff","OK",1783193267572,15228,67
164,1783193268774,16431,16430,-1,0,-1,0,0,-8,57,59,40,50,87,177.76,1,53,-31,-905,-1,0,0,0,0,0,0,0,"rc-neutral-takeoff","OK",1783193267572,15228,67
165,1783193268875,16532,16531,-1,0,-1,0,0,-7,57,59,46,60,87,178,1,33,-31,-890,-1,0,0,0,0,0,0,0,"rc-neutral-takeoff","OK",1783193267572,15228,67
166,1783193268978,16635,16634,0,0,-1,0,0,-6,57,59,50,60,87,178.19,1,3,-19,-867,-1,0,0,0,0,0,0,0,"rc-neutral-takeoff","OK",1783193267572,15228,67
167,1783193269080,16737,16736,0,0,-1,0,0,-4,57,59,53,70,87,178.13,1,-19,2,-877,-1,0,0,0,0,0,0,0,"rc-neutral-takeoff","OK",1783193267572,15228,67
168,1783193269183,16840,16839,-1,1,-1,0,0,-3,57,59,55,70,87,178.06,1,-6,-9,-894,-1,0,0,0,0,0,0,0,"rc-neutral-takeoff","OK",1783193267572,15228,67
169,1783193269287,16944,16943,0,1,-1,0,0,-2,57,59,56,80,87,178.04,1,-12,5,-917,-1,0,0,0,0,0,0,0,"rc-neutral-takeoff","OK",1783193267572,15228,67
170,1783193269387,17044,17043,-1,1,-1,0,0,-2,57,59,56,80,87,177.87,1,8,-1,-944,-1,0,0,0,0,0,0,0,"rc-neutral-takeoff","OK",1783193267572,15228,67
171,1783193269489,17146,17145,0,0,-1,0,0,-1,57,59,57,80,87,178.16,1,5,0,-988,-1,0,0,0,0,0,0,0,"rc-neutral-takeoff","OK",1783193267572,15228,67
172,1783193269591,17248,17248,0,0,-1,0,0,-1,57,59,57,80,87,178.12,1,-29,13,-987,-1,0,0,0,0,0,0,0,"rc-neutral-takeoff","OK",1783193267572,15228,67
173,1783193269694,17351,17350,0,0,-1,0,0,-1,57,59,56,80,87,178.37,2,-9,11,-1030,-1,0,0,0,0,0,0,0,"rc-neutral-takeoff","OK",1783193267572,15228,67
174,1783193269797,17454,17453,0,0,-1,0,0,-1,57,59,56,80,87,178.08,2,16,1,-1060,-1,0,0,0,0,0,0,0,"rc-neutral-takeoff","OK",1783193267572,15228,67
175,1783193269898,17555,17555,0,1,-1,0,0,-1,57,59,57,80,87,177.91,2,-13,13,-1040,-1,0,0,0,0,0,0,0,"rc-neutral-takeoff","OK",1783193267572,15228,67
176,1783193270001,17658,17657,0,0,-1,0,0,-1,57,60,58,80,87,177.86,2,30,-38,-1025,-1,0,0,0,0,0,0,0,"rc-neutral-takeoff","OK",1783193267572,15228,67
177,1783193270105,17762,17761,0,0,-1,0,0,-2,57,60,58,80,87,177.98,2,-3,2,-997,-1,0,0,0,0,0,0,0,"rc-neutral-takeoff","OK",1783193267572,15228,67
178,1783193270206,17863,17862,0,1,-1,0,0,-2,57,60,60,80,87,178.24,2,-17,-5,-992,-1,0,0,0,0,0,0,0,"rc-neutral-takeoff","OK",1783193267572,15228,67
179,1783193270308,17965,17964,0,0,-1,0,0,-2,57,60,61,80,87,178.39,2,-23,0,-999,-1,0,0,0,0,0,0,0,"rc-neutral-takeoff","OK",1783193267572,15228,67
180,1783193270411,18068,18067,0,0,-1,0,0,-2,57,60,63,80,87,178.06,2,16,-20,-990,-1,0,0,0,0,0,0,0,"rc-neutral-takeoff","OK",1783193267572,15228,67
181,1783193270512,18169,18168,0,0,-1,0,0,-2,57,60,65,80,87,178.2,2,10,-15,-1039,-1,0,0,0,0,0,0,0,"rc-neutral-takeoff","OK",1783193267572,15228,67
182,1783193270614,18271,18270,0,0,-1,0,0,-2,57,60,67,90,87,178.24,2,-42,11,-992,-1,0,0,0,0,0,0,0,"rc-neutral-takeoff","OK",1783193267572,15228,67
183,1783193270717,18374,18373,0,0,-1,0,0,-2,57,60,69,90,87,178.14,3,-12,3,-998,-1,0,0,0,0,0,0,0,"rc-neutral-takeoff","OK",1783193267572,15228,67
184,1783193270819,18476,18476,0,0,0,0,0,-2,57,60,71,90,87,177.88,3,19,3,-1028,-1,0,0,0,0,0,0,0,"rc-neutral-takeoff","OK",1783193267572,15228,67
185,1783193270921,18578,18577,0,0,-1,0,0,-1,57,60,72,90,87,178.03,3,-30,23,-980,-1,0,0,0,0,0,0,0,"rc-neutral-takeoff","OK",1783193267572,15228,67
186,1783193271023,18680,18679,0,0,-1,0,0,-1,58,60,74,90,87,178.19,3,1,15,-978,-1,0,0,0,0,0,0,0,"rc-neutral-takeoff","OK",1783193267572,15228,67
187,1783193271125,18782,18781,0,0,-1,0,0,-1,58,60,75,90,87,178.17,3,0,0,-987,-1,0,0,0,0,0,0,0,"rc-neutral-takeoff","OK",1783193267572,15228,67
188,1783193271227,18884,18883,0,0,-1,0,0,-1,58,60,76,90,87,178.29,3,11,-15,-990,-1,0,0,0,0,0,0,0,"rc-neutral-takeoff","OK",1783193267572,15228,67
189,1783193271329,18986,18986,0,0,-1,0,0,-1,58,60,77,90,87,178.38,3,-22,7,-994,-1,0,0,0,0,0,0,0,"rc-neutral-takeoff","OK",1783193267572,15228,67
190,1783193271433,19090,19089,0,0,-1,0,0,-1,58,60,79,90,87,178.36,3,17,-15,-1012,-1,0,0,0,0,0,0,0,"rc-neutral-takeoff","OK",1783193267572,15228,67
191,1783193271534,19191,19190,0,0,-1,0,0,-1,58,60,80,100,87,178.52,3,-25,6,-1002,-1,0,0,0,0,0,0,0,"rc-neutral-takeoff","OK",1783193267572,15228,67
192,1783193271636,19293,19292,0,0,-1,0,0,-1,58,60,81,100,87,178.51,3,-21,12,-976,-1,0,0,0,0,0,0,0,"rc-neutral-takeoff","OK",1783193267572,15228,67
193,1783193271738,19395,19394,0,0,0,0,0,-1,58,60,82,100,87,178.44,4,2,5,-973,-1,0,0,0,0,0,0,0,"rc-neutral-takeoff","OK",1783193267572,15228,67
194,1783193271841,19498,19497,0,0,0,0,0,0,58,60,83,100,87,178.38,4,-28,7,-992,-1,0,0,0,0,0,0,0,"rc-neutral-takeoff","OK",1783193267572,15228,67
195,1783193271944,19601,19600,0,0,0,0,0,0,58,60,84,100,87,178.17,4,-12,-8,-1003,-1,0,0,0,0,0,0,0,"rc-neutral-takeoff","OK",1783193267572,15228,67
196,1783193272044,19701,19701,0,0,0,0,0,0,58,61,86,100,87,178.31,4,-34,25,-991,-1,0,0,0,0,0,0,0,"rc-neutral-takeoff","OK",1783193267572,15228,67
197,1783193272147,19804,19803,0,0,0,0,0,0,58,61,87,100,86,178.2,4,3,5,-986,-1,0,0,0,0,0,0,0,"rc-neutral-takeoff","OK",1783193267572,15228,67
198,1783193272198,19855,19854,0,0,0,0,0,0,58,61,88,100,86,178.32,4,-31,16,-1005,-1,0,0,0,0,0,0,0,"rc-neutral-takeoff","OK",1783193267572,15228,67
199,1783193272300,19957,19956,0,0,0,0,0,0,58,61,90,100,86,178.51,4,-4,4,-983,-1,0,0,0,0,0,0,0,"rc-neutral-takeoff","OK",1783193267572,15228,67
200,1783193272402,20059,20058,0,0,0,0,0,0,58,61,91,100,86,178.3,4,-13,0,-1019,-1,0,0,0,0,0,0,0,"rc-neutral-takeoff","OK",1783193267572,15228,67
201,1783193272504,20161,20161,0,0,0,0,0,0,58,61,93,100,86,178.76,4,12,-3,-969,-1,0,0,0,0,0,0,0,"rc-neutral-takeoff","OK",1783193267572,15228,67
202,1783193272607,20264,20263,0,0,0,0,0,0,58,61,95,100,86,178.4,4,-23,8,-958,-1,0,0,0,0,0,0,0,"rc-neutral-takeoff","OK",1783193267572,15228,67
203,1783193272708,20365,20364,0,0,0,0,0,0,58,61,96,110,86,178.5,5,1,7,-975,-1,0,0,0,0,0,0,0,"rc-neutral-takeoff","OK",1783193267572,15228,67
204,1783193272810,20467,20466,0,0,0,0,0,0,58,61,97,110,86,178.6,5,-15,10,-976,-1,0,0,0,0,0,0,0,"rc-neutral-takeoff","OK",1783193267572,15228,67
205,1783193272912,20569,20569,0,0,0,0,0,0,58,61,98,110,86,178.41,5,-14,0,-987,-1,0,0,0,0,0,0,0,"rc-neutral-takeoff","OK",1783193267572,15228,67
206,1783193273014,20671,20671,0,0,0,0,0,0,59,61,98,110,86,178.63,5,-12,7,-969,-1,0,0,0,0,0,0,0,"rc-neutral-takeoff","OK",1783193267572,15228,67
207,1783193273117,20774,20773,0,0,0,0,0,0,59,61,99,110,86,178.37,5,-1,1,-994,-1,0,0,0,0,0,0,0,"rc-neutral-takeoff","OK",1783193267572,15228,67
208,1783193273219,20876,20875,0,0,0,0,0,0,59,61,99,110,86,178.58,5,-19,2,-955,-1,0,0,0,0,0,0,0,"rc-neutral-takeoff","OK",1783193267572,15228,67
209,1783193273320,20977,20977,0,0,0,0,0,0,59,61,100,110,86,178.37,5,7,-7,-991,-1,0,0,0,0,0,0,0,"rc-neutral-takeoff","OK",1783193267572,15228,67
210,1783193273423,21080,21079,0,0,0,0,0,0,59,61,100,110,86,178.56,5,37,-20,-976,-1,0,0,0,0,0,0,0,"rc-neutral-takeoff","OK",1783193267572,15228,67
211,1783193273525,21182,21181,0,0,0,0,0,0,59,61,99,110,86,178.36,5,2,-6,-982,-1,0,0,0,0,0,0,0,"rc-neutral-takeoff","OK",1783193267572,15228,67
212,1783193273628,21285,21284,0,0,0,0,0,0,59,61,99,110,86,178.74,5,1,4,-990,-1,0,0,0,0,0,0,0,"rc-neutral-takeoff","OK",1783193267572,15228,67
213,1783193273729,21386,21385,0,0,0,0,0,0,59,61,98,110,86,178.46,6,13,-9,-1003,-1,0,0,0,0,0,0,0,"rc-neutral-takeoff","OK",1783193267572,15228,67
214,1783193273831,21488,21487,0,0,0,0,0,0,59,61,97,110,86,178.8,6,-1,21,-988,-1,0,0,0,0,0,0,0,"rc-neutral-takeoff","OK",1783193267572,15228,67
215,1783193273933,21590,21589,0,0,0,0,0,1,59,61,96,110,86,178.25,6,-11,9,-1012,-1,0,0,0,0,0,0,0,"rc-neutral-takeoff","OK",1783193267572,15228,67
216,1783193274035,21692,21691,0,0,-1,0,0,1,58,61,96,110,86,178.43,6,-18,21,-987,-1,0,0,0,0,0,0,0,"rc-neutral-takeoff","OK",1783193267572,15228,67
217,1783193274139,21796,21795,0,0,-1,0,0,1,58,61,95,110,85,178.39,6,-29,0,-968,-1,0,0,0,0,0,0,0,"rc-neutral-takeoff","OK",1783193267572,15228,67
218,1783193274239,21896,21895,0,0,-1,0,0,1,58,61,94,110,85,178.13,6,9,1,-1007,-1,0,0,0,0,0,0,0,"rc-neutral-takeoff","OK",1783193267572,15228,67
219,1783193274341,21998,21997,0,0,-1,0,0,1,58,61,93,110,85,178.34,6,-7,-7,-997,-1,0,0,0,0,0,0,0,"rc-neutral-takeoff","OK",1783193267572,15228,67
220,1783193274443,22100,22099,0,0,-1,0,0,1,58,61,92,110,85,178.36,6,-1,5,-998,-1,0,0,0,0,0,0,0,"rc-neutral-takeoff","OK",1783193267572,15228,67
221,1783193274546,22203,22202,0,0,-1,0,0,0,58,61,91,110,85,178.47,6,8,-14,-1005,-1,0,0,0,0,0,0,0,"rc-neutral-takeoff","OK",1783193267572,15228,67
222,1783193274648,22305,22304,0,0,0,0,0,0,58,61,90,100,85,178.48,6,-15,-2,-976,-1,0,0,0,0,0,0,0,"rc-neutral-takeoff","OK",1783193267572,15228,67
223,1783193274750,22407,22406,0,0,0,0,0,0,58,61,90,100,85,178.28,7,-11,-1,-1002,-1,0,0,0,0,0,0,0,"keyboard-worker","OK",1783193274725,22381,68
224,1783193274853,22510,22509,0,0,0,0,0,0,58,61,88,100,85,178.19,7,-55,23,-980,-1,0,0,0,0,0,0,0,"keyboard-worker","OK",1783193274825,22482,70
225,1783193274954,22611,22610,0,0,0,0,0,0,58,61,87,100,85,178.16,7,2,-3,-1006,-1,0,0,0,0,0,0,0,"keyboard-worker","OK",1783193274926,22582,72
226,1783193275056,22713,22712,0,0,0,0,0,0,60,61,86,100,85,178.11,7,1,-6,-1013,-1,0,0,0,0,0,0,0,"keyboard-worker","OK",1783193275026,22682,74
227,1783193275158,22815,22814,0,0,0,0,0,0,60,61,85,100,85,178.03,7,-5,2,-1007,-1,0,0,0,0,0,0,0,"keyboard-worker","OK",1783193275126,22782,76
228,1783193275259,22916,22916,0,0,0,0,0,0,60,61,84,100,85,178.42,7,6,-8,-1008,-1,0,0,0,0,0,0,0,"keyboard-worker","OK",1783193275226,22882,78
229,1783193275363,23020,23019,0,0,0,0,0,0,60,61,84,100,85,178.14,7,-28,19,-1038,-1,0,0,0,0,0,0,0,"keyboard-worker","OK",1783193275326,22983,80
230,1783193275463,23120,23120,0,0,0,0,0,0,60,61,83,100,85,178.3,7,0,1,-1008,-1,0,0,0,0,0,0,0,"keyboard-worker","OK",1783193275427,23083,82
231,1783193275565,23222,23222,0,0,0,0,0,0,60,61,83,100,85,178.28,7,-8,-3,-973,-1,0,0,0,0,0,0,0,"keyboard-worker","OK",1783193275527,23183,84
232,1783193275669,23326,23326,0,0,0,0,0,0,60,61,83,100,85,178.32,7,11,-17,-984,-1,0,0,0,0,0,0,0,"keyboard-worker","OK",1783193275627,23283,86
233,1783193275718,23375,23374,0,0,-1,0,0,0,60,61,83,100,85,178.24,8,-15,0,-1000,-1,0,0,0,0,0,0,0,"keyboard-worker","OK",1783193275677,23333,87
234,1783193275820,23477,23476,0,0,-1,0,0,0,60,61,83,100,85,177.96,8,0,-16,-984,-1,0,0,0,0,0,0,0,"keyboard-worker","OK",1783193275777,23433,89
235,1783193275922,23579,23578,0,0,-1,0,0,0,60,61,83,100,85,178.09,8,-16,-5,-980,-1,0,0,0,0,0,0,0,"keyboard-worker","OK",1783193275877,23534,91
236,1783193276075,23732,23731,0,0,-1,0,0,0,59,62,83,100,85,178.37,8,5,16,-999,-1,0,0,0,0,0,0,0,"keyboard-worker","OK",1783193276028,23684,94
237,1783193276177,23834,23833,0,0,-1,0,0,0,59,62,83,100,84,178.11,8,-23,5,-1038,-1,0,0,0,0,0,0,0,"keyboard-worker","OK",1783193276128,23784,96
238,1783193276228,23885,23884,0,0,-1,0,0,0,59,62,84,100,84,177.92,8,-16,8,-997,-1,0,0,0,0,0,0,0,"keyboard-worker","OK",1783193276228,23884,98
239,1783193276330,23987,23986,0,0,-1,0,0,0,59,62,84,100,84,177.98,8,-8,9,-1002,-1,0,0,0,0,0,0,0,"keyboard-worker","OK",1783193276328,23984,100
240,1783193276431,24088,24088,0,0,-1,0,0,0,59,62,83,100,84,178.05,8,-35,16,-1039,-1,0,0,0,0,0,0,0,"keyboard-worker","OK",1783193276428,24085,102
241,1783193276533,24190,24189,0,0,0,0,0,0,59,62,83,100,84,178.25,8,-14,3,-998,-1,0,0,0,0,0,0,0,"keyboard-worker","OK",1783193276528,24185,104
242,1783193276636,24293,24292,0,0,0,0,0,0,59,62,83,100,84,178.06,8,-35,9,-1004,-1,0,0,0,0,0,0,0,"keyboard-worker","OK",1783193276629,24285,106
243,1783193276737,24394,24393,0,0,0,0,0,0,59,62,83,100,84,178.09,9,0,-10,-1001,-1,0,0,0,0,0,0,0,"keyboard-worker","OK",1783193276729,24385,108
244,1783193276839,24496,24495,0,0,0,0,0,0,59,62,83,100,84,178.23,9,-13,10,-1009,-1,0,0,0,0,0,0,0,"keyboard-worker","OK",1783193276829,24485,110
245,1783193276941,24598,24597,0,0,0,0,0,0,59,62,84,100,84,178.16,9,-29,8,-1002,-1,0,0,0,0,0,0,0,"keyboard-worker","OK",1783193276929,24586,112
246,1783193277043,24700,24699,0,0,0,0,0,0,59,62,84,100,84,178.08,9,-42,17,-989,-1,0,0,0,0,0,0,0,"keyboard-worker","OK",1783193277029,24686,114
247,1783193277145,24802,24801,0,0,0,0,0,0,59,62,84,100,84,178.03,9,-12,2,-1014,-1,0,0,0,0,0,0,0,"keyboard-worker","OK",1783193277130,24786,116
248,1783193277246,24903,24903,0,0,-1,0,0,0,59,62,84,100,84,178.08,9,-6,-9,-990,-1,0,0,0,0,0,0,0,"keyboard-worker","OK",1783193277230,24886,118
249,1783193277348,25005,25005,0,0,-1,0,0,0,59,62,83,100,84,178.16,9,-16,11,-999,-1,0,0,0,0,0,0,0,"keyboard-worker","OK",1783193277330,24986,120
250,1783193277450,25107,25106,0,0,-1,0,0,0,59,62,84,100,84,177.98,9,18,-1,-1005,-1,0,0,0,0,0,0,0,"keyboard-worker","OK",1783193277430,25086,122
251,1783193277552,25209,25208,0,0,-1,0,0,0,59,62,84,100,84,178.39,9,-28,-2,-1032,-1,0,0,0,0,0,0,0,"keyboard-worker","OK",1783193277530,25186,124
252,1783193277655,25312,25311,0,0,-1,0,0,0,59,62,84,100,84,178.57,9,-19,0,-998,-1,0,0,0,0,0,0,0,"keyboard-worker","OK",1783193277630,25287,126
253,1783193277756,25413,25412,0,0,-1,0,0,0,59,62,84,100,84,177.76,10,-10,-12,-1032,-1,0,0,0,0,0,0,0,"keyboard-worker","OK",1783193277731,25387,128
254,1783193277858,25515,25514,0,0,-1,0,0,0,59,62,85,100,84,178.06,10,-7,-12,-963,-1,0,0,0,0,0,0,0,"keyboard-worker","OK",1783193277831,25487,130
255,1783193277959,25616,25616,0,0,-1,0,0,0,59,62,85,100,84,178.2,10,-1,-15,-1026,-1,0,0,0,0,0,0,0,"keyboard-worker","OK",1783193277931,25587,132
256,1783193278061,25718,25717,0,0,-1,0,0,0,59,62,85,100,84,178.18,10,0,-16,-1023,-1,0,0,0,0,0,0,0,"keyboard-worker","OK",1783193278031,25687,134
257,1783193278164,25821,25820,0,1,-1,0,0,0,59,62,85,100,83,178.32,10,-15,-14,-982,-1,0,0,0,0,0,0,0,"keyboard-worker","OK",1783193278131,25787,136
258,1783193278265,25922,25921,0,1,-1,0,0,0,59,62,86,100,83,178.22,10,-15,-22,-1002,-1,0,0,0,0,0,0,0,"keyboard-worker","OK",1783193278231,25888,138
259,1783193278367,26024,26023,0,1,-1,0,0,0,59,62,86,100,83,178.07,10,-5,-15,-1007,-1,0,0,0,0,0,0,0,"keyboard-worker","OK",1783193278332,25988,140
260,1783193278469,26126,26125,-1,1,-1,0,0,0,59,62,86,100,83,178.15,10,-16,-8,-1020,-1,0,0,0,0,0,25,0,"keyboard-worker","OK",1783193278432,26088,142
261,1783193278570,26227,26226,-1,1,-1,0,0,0,59,62,86,100,83,177.71,10,-12,-16,-993,-1,0,0,0,0,0,25,0,"keyboard-worker","OK",1783193278532,26188,144
262,1783193278673,26330,26329,-1,1,-1,0,0,0,59,62,86,100,83,178.18,10,-11,-11,-1008,-1,0,0,0,0,0,25,0,"keyboard-worker","OK",1783193278632,26289,146
263,1783193278774,26431,26430,0,1,-1,0,0,0,59,62,86,100,83,178.47,11,-14,-1,-1026,-1,0,0,0,0,0,25,0,"keyboard-worker","OK",1783193278733,26389,148
264,1783193278876,26533,26532,0,1,-1,0,0,0,59,62,87,100,83,178.13,11,4,-3,-1025,-1,0,0,0,0,0,25,0,"keyboard-worker","OK",1783193278833,26489,150
265,1783193278978,26635,26634,0,1,-1,0,0,0,59,62,87,100,83,178.07,11,-32,-5,-1013,-1,0,0,0,0,0,25,0,"keyboard-worker","OK",1783193278933,26589,152
266,1783193279080,26737,26736,-1,1,-1,0,0,0,60,62,89,100,83,178.01,11,-13,-21,-999,-1,0,0,0,0,0,25,0,"keyboard-worker","OK",1783193279033,26689,154
267,1783193279182,26839,26838,-1,1,-1,0,0,0,60,62,89,100,83,178.31,11,-2,-10,-1004,-1,0,0,0,0,0,25,0,"keyboard-worker","OK",1783193279133,26790,156
268,1783193279283,26940,26939,0,1,-1,0,0,-1,60,62,91,100,83,178.35,11,-11,-15,-1020,-1,0,0,0,0,0,25,0,"keyboard-worker","OK",1783193279234,26890,158
269,1783193279385,27042,27041,0,1,-1,0,0,-1,60,62,92,110,83,178.07,11,-14,4,-1007,-1,0,0,0,0,0,25,0,"keyboard-worker","OK",1783193279384,27040,161
270,1783193279486,27143,27143,0,1,-1,0,0,-1,60,62,94,110,83,178.23,11,-9,-3,-996,-1,0,0,0,0,0,25,0,"keyboard-worker","OK",1783193279484,27140,163
271,1783193279588,27245,27245,0,1,-1,0,0,-1,60,62,95,110,83,177.85,11,-6,-18,-994,-1,0,0,0,0,0,25,0,"keyboard-worker","OK",1783193279584,27240,165
272,1783193279691,27348,27347,0,1,-1,0,0,-1,60,62,97,110,83,178.43,12,-12,-20,-995,-1,0,0,0,0,0,25,0,"keyboard-worker","OK",1783193279684,27341,167
273,1783193279792,27449,27448,0,1,-1,0,0,-1,60,62,98,110,83,178.18,12,-11,-3,-1009,-1,0,0,0,0,0,25,0,"keyboard-worker","OK",1783193279785,27441,169
274,1783193279894,27551,27550,-1,1,-1,0,0,-1,60,62,100,110,83,178.28,12,-6,-8,-1008,-1,0,0,0,0,0,25,0,"keyboard-worker","OK",1783193279885,27541,171
275,1783193279995,27652,27652,0,1,-1,0,0,-1,60,62,102,110,83,178.12,12,-7,1,-959,-1,0,0,0,0,0,25,0,"keyboard-worker","OK",1783193279985,27641,173
276,1783193280098,27755,27754,0,1,-1,0,0,-1,60,62,105,120,83,178.16,12,-25,-4,-1037,-1,0,0,0,0,0,25,0,"keyboard-worker","OK",1783193280085,27742,175
277,1783193280199,27856,27855,0,1,0,0,0,-1,60,62,106,120,82,178.11,12,-22,13,-996,-1,0,0,0,0,0,25,0,"keyboard-worker","OK",1783193280185,27842,177
278,1783193280302,27959,27958,0,0,-1,0,0,-1,60,62,108,120,82,178.17,12,-26,4,-994,-1,0,0,0,0,0,25,0,"keyboard-worker","OK",1783193280286,27942,179
279,1783193280403,28060,28059,0,0,0,0,0,-1,60,62,109,120,82,178.09,12,-6,-17,-1012,-1,0,0,0,0,0,25,0,"keyboard-worker","OK",1783193280386,28042,181
280,1783193280504,28161,28161,0,0,0,0,0,-1,60,62,110,120,82,178.12,12,2,-14,-940,-1,0,0,0,0,0,25,0,"keyboard-worker","OK",1783193280486,28142,183
281,1783193280606,28263,28262,0,0,0,0,0,-1,60,62,112,120,82,178.15,12,7,1,-995,-1,0,0,0,0,0,25,0,"keyboard-worker","OK",1783193280586,28243,185
282,1783193280708,28365,28364,0,1,0,0,0,-1,60,62,113,130,82,178.43,13,-20,-6,-1000,-1,0,0,0,0,0,25,0,"keyboard-worker","OK",1783193280687,28343,187
283,1783193280811,28468,28468,0,0,0,0,0,-1,60,62,115,130,82,178.35,13,16,-18,-949,-1,0,0,0,0,0,25,0,"keyboard-worker","OK",1783193280787,28443,189
284,1783193280861,28518,28517,0,1,0,0,0,-1,60,62,116,130,82,178.34,13,-10,11,-987,-1,0,0,0,0,0,25,0,"keyboard-worker","OK",1783193280837,28493,190
285,1783193280964,28621,28620,0,0,0,0,0,-1,60,62,117,130,82,178.36,13,-5,-2,-979,-1,0,0,0,0,0,25,0,"keyboard-worker","OK",1783193280937,28593,192
286,1783193281064,28721,28720,0,0,0,0,0,-1,60,63,119,130,82,178.24,13,-30,21,-1028,-1,0,0,0,0,0,25,0,"keyboard-worker","OK",1783193281037,28694,194
287,1783193281166,28823,28822,0,0,0,0,0,-1,60,63,120,130,82,178.35,13,-10,3,-989,-1,0,0,0,0,0,25,0,"keyboard-worker","OK",1783193281138,28794,196
288,1783193281270,28927,28926,0,0,0,0,0,-1,60,63,122,130,82,178.46,13,-10,0,-993,-1,0,0,0,0,0,25,0,"keyboard-worker","OK",1783193281238,28894,198
289,1783193281374,29031,29030,0,0,0,0,0,-1,60,63,123,140,82,178.2,13,1,4,-971,-1,0,0,0,0,0,25,0,"keyboard-worker","OK",1783193281338,28994,200
290,1783193281581,29238,29237,0,0,0,0,0,-1,60,63,126,140,82,178.43,13,-6,-14,-989,-1,0,0,0,0,0,25,0,"keyboard-worker","OK",1783193281538,29195,204
291,1783193281675,29332,29331,0,0,0,0,0,-1,60,63,127,140,82,178.38,14,6,-11,-985,-1,0,0,0,0,0,25,0,"keyboard-worker","OK",1783193281639,29295,206
292,1783193281776,29433,29433,0,0,0,0,0,-1,60,63,128,140,82,178.39,14,-18,23,-999,-1,0,0,0,0,0,25,0,"keyboard-worker","OK",1783193281739,29395,208
293,1783193281878,29535,29535,0,0,0,0,0,-1,60,63,130,140,82,178.66,14,2,12,-1017,-1,0,0,0,0,0,25,0,"keyboard-worker","OK",1783193281839,29495,210
294,1783193281984,29641,29640,0,0,0,0,0,-1,60,63,131,140,82,178.29,14,-3,-15,-998,-1,0,0,0,0,0,25,0,"keyboard-worker","OK",1783193281939,29596,212
295,1783193282082,29739,29738,0,0,0,0,0,-1,60,63,132,150,82,178.64,14,-4,13,-982,-1,0,0,0,0,0,25,0,"keyboard-worker","OK",1783193282040,29696,214
296,1783193282183,29840,29840,0,0,0,0,0,-1,60,63,134,150,81,178.46,14,23,-8,-1004,-1,0,0,0,0,0,25,0,"keyboard-worker","OK",1783193282140,29796,216
297,1783193282288,29945,29944,0,0,0,0,0,-1,60,63,135,150,81,178.58,14,8,-14,-969,-1,0,0,0,0,0,25,0,"keyboard-worker","OK",1783193282240,29896,218
298,1783193282388,30045,30044,0,0,0,0,0,-1,60,63,136,150,81,178.44,14,22,-25,-968,-1,0,0,0,0,0,25,0,"keyboard-worker","OK",1783193282340,29997,220
299,1783193282490,30147,30146,0,0,0,0,0,-1,60,63,137,150,81,178.54,14,-4,1,-1001,-1,0,0,0,0,0,25,0,"keyboard-worker","OK",1783193282440,30097,222
300,1783193282592,30249,30248,0,0,0,0,0,-1,60,63,139,150,81,178.46,14,-8,2,-979,-1,0,0,0,0,0,25,0,"keyboard-worker","OK",1783193282591,30247,225
301,1783193282694,30351,30350,0,0,0,0,0,-1,60,63,140,150,81,178.58,15,-1,2,-965,-1,0,0,0,0,0,25,0,"keyboard-worker","OK",1783193282691,30347,227
302,1783193282795,30452,30451,0,0,0,0,0,-1,60,63,142,160,81,178.45,15,-5,10,-999,-1,0,0,0,0,0,25,0,"keyboard-worker","OK",1783193282791,30447,229
303,1783193282897,30554,30553,0,0,0,0,0,-1,60,63,143,160,81,178.73,15,5,10,-1049,-1,0,0,0,0,0,25,0,"keyboard-worker","OK",1783193282891,30548,231
304,1783193282998,30655,30655,0,0,0,0,0,-1,60,63,144,160,81,178.7,15,6,-7,-998,-1,0,0,0,0,0,0,0,"keyboard-worker","OK",1783193282992,30648,233
305,1783193283100,30757,30756,0,0,0,0,0,-1,61,63,145,160,81,178.46,15,-6,-2,-1011,-1,0,0,0,0,0,0,0,"keyboard-worker","OK",1783193283092,30748,235
306,1783193283203,30860,30859,0,0,0,0,0,-1,61,63,146,160,81,178.34,15,-11,15,-968,-1,0,0,0,0,0,0,0,"keyboard-worker","OK",1783193283192,30848,237
307,1783193283304,30961,30960,0,0,0,0,0,0,61,63,148,160,81,178.45,15,-1,-6,-956,-1,0,0,0,0,0,0,0,"keyboard-worker","OK",1783193283292,30949,239
308,1783193283405,31062,31061,0,0,-1,0,0,0,61,63,148,160,81,178.72,15,2,7,-989,-1,0,0,0,0,0,0,0,"keyboard-worker","OK",1783193283393,31049,241
309,1783193283507,31164,31163,0,0,-1,0,0,0,61,63,149,160,81,178.32,15,-16,0,-981,-1,0,0,0,0,0,0,0,"keyboard-worker","OK",1783193283493,31149,243
310,1783193283609,31266,31265,0,0,-1,0,0,0,61,63,149,160,81,178.33,15,1,12,-982,-1,0,0,0,0,0,0,0,"keyboard-worker","OK",1783193283593,31249,245
311,1783193283711,31368,31367,0,0,-1,0,0,0,61,63,149,160,81,178.62,16,-30,-1,-987,-1,0,0,0,0,0,0,0,"keyboard-worker","OK",1783193283693,31350,247
312,1783193283812,31469,31468,0,0,-1,0,0,0,61,63,149,160,81,178.59,16,-20,-1,-985,-1,0,0,0,0,0,0,0,"keyboard-worker","OK",1783193283794,31450,249
313,1783193283914,31571,31570,0,0,-1,0,0,0,61,63,148,160,81,178.51,16,-2,2,-1022,-1,0,0,0,0,0,0,0,"keyboard-worker","OK",1783193283894,31550,251
314,1783193284015,31672,31672,0,0,-1,0,0,0,61,63,149,160,81,178.59,16,-8,12,-1010,-1,0,0,0,0,0,0,0,"keyboard-worker","OK",1783193283994,31650,253
315,1783193284117,31774,31773,0,0,-1,0,0,0,62,63,148,160,80,178.48,16,-12,-9,-981,-1,0,0,0,0,0,-25,0,"keyboard-worker","OK",1783193284094,31751,255
316,1783193284219,31876,31876,0,0,-1,0,0,0,62,63,148,160,80,178.54,16,-11,4,-976,-1,0,0,0,0,0,-25,0,"keyboard-worker","OK",1783193284195,31851,257
317,1783193284320,31977,31977,0,0,-1,0,0,0,62,63,147,160,80,178.38,16,10,3,-963,-1,0,0,0,0,0,-25,0,"keyboard-worker","OK",1783193284295,31951,259
318,1783193284422,32079,32078,0,0,-1,0,0,0,62,63,147,160,80,178.52,16,1,5,-958,-1,0,0,0,0,0,-25,0,"keyboard-worker","OK",1783193284395,32052,261
319,1783193284474,32131,32130,0,0,-1,0,0,0,62,63,145,160,80,178.53,16,-1,10,-973,-1,0,0,0,0,0,-25,0,"keyboard-worker","OK",1783193284445,32102,262
320,1783193284576,32233,32232,0,0,-1,0,0,1,62,63,144,160,80,178.62,16,-15,19,-1008,-1,0,0,0,0,0,-25,0,"keyboard-worker","OK",1783193284546,32202,264
321,1783193284676,32333,32333,0,0,-1,0,0,1,62,63,143,160,80,178.58,17,-9,11,-987,-1,0,0,0,0,0,-25,0,"keyboard-worker","OK",1783193284646,32302,266
322,1783193284778,32435,32434,0,0,-1,0,0,1,62,63,142,160,80,178.3,17,-5,-5,-1001,-1,0,0,0,0,0,-25,0,"keyboard-worker","OK",1783193284746,32402,268
323,1783193284880,32537,32536,0,0,-1,0,0,1,62,63,141,160,80,178.36,17,-3,-12,-1020,-1,0,0,0,0,0,-25,0,"keyboard-worker","OK",1783193284846,32503,270
324,1783193284982,32639,32638,0,0,-1,0,0,1,62,63,139,150,80,178.5,17,0,-8,-980,-1,0,0,0,0,0,-25,0,"keyboard-worker","OK",1783193284947,32603,272
325,1783193285083,32740,32739,0,0,-1,0,0,1,62,64,139,150,80,178.3,17,-5,-15,-1003,-1,0,0,0,0,0,-25,0,"keyboard-worker","OK",1783193285047,32703,274
326,1783193285185,32842,32841,0,1,-1,0,0,1,62,64,138,150,80,178.34,17,3,-23,-1010,-1,0,0,0,0,0,-25,0,"keyboard-worker","OK",1783193285147,32803,276
327,1783193285287,32944,32943,0,1,-1,0,0,1,62,64,137,150,80,178.45,17,7,-11,-1005,-1,0,0,0,0,0,-25,0,"keyboard-worker","OK",1783193285247,32903,278
328,1783193285388,33045,33044,0,1,-1,0,0,1,62,64,135,150,80,178.32,17,-23,-13,-1006,-1,0,0,0,0,0,-25,0,"keyboard-worker","OK",1783193285347,33004,280
329,1783193285490,33147,33146,0,1,-1,0,0,1,62,64,134,150,80,178.29,17,24,-17,-968,-1,0,0,0,0,0,-25,0,"keyboard-worker","OK",1783193285448,33104,282
330,1783193285592,33249,33248,0,1,-1,0,0,1,62,64,133,150,80,178.37,17,0,-2,-982,-1,0,0,0,0,0,-25,0,"keyboard-worker","OK",1783193285548,33204,284
331,1783193285693,33350,33349,0,1,-1,0,0,1,62,64,133,150,80,178.5,18,-35,-8,-999,-1,0,0,0,0,0,-25,0,"keyboard-worker","OK",1783193285648,33304,286
332,1783193285795,33452,33451,0,1,-1,0,0,1,62,64,131,150,80,178.21,18,28,-4,-982,-1,0,0,0,0,0,-25,0,"keyboard-worker","OK",1783193285748,33404,288
333,1783193285896,33553,33553,0,1,-1,0,0,1,62,64,129,140,80,178.48,18,-9,-8,-1016,-1,0,0,0,0,0,-25,0,"keyboard-worker","OK",1783193285848,33504,290
334,1783193285999,33656,33655,0,1,-1,0,0,1,62,64,128,140,80,178.42,18,-10,-24,-978,-1,0,0,0,0,0,-25,0,"keyboard-worker","OK",1783193285999,33655,293
335,1783193286100,33757,33756,0,1,-1,0,0,1,62,65,127,140,79,178.43,18,-6,-2,-1013,-1,0,0,0,0,0,-25,0,"keyboard-worker","OK",1783193286099,33755,295
336,1783193286202,33859,33858,0,1,-1,0,0,1,62,65,125,140,79,178.39,18,-3,0,-1009,-1,0,0,0,0,0,-25,0,"keyboard-worker","OK",1783193286199,33855,297
337,1783193286303,33960,33960,0,1,-1,0,0,1,62,65,124,140,79,178.09,18,-4,-11,-998,-1,0,0,0,0,0,-25,0,"keyboard-worker","OK",1783193286299,33955,299
338,1783193286405,34062,34061,0,1,-1,0,0,1,62,65,122,140,79,178.28,18,7,-23,-1001,-1,0,0,0,0,0,-25,0,"keyboard-worker","OK",1783193286399,34056,301
339,1783193286507,34164,34163,0,1,-1,0,0,1,62,65,121,140,79,178.2,18,3,-9,-983,-1,0,0,0,0,0,-25,0,"keyboard-worker","OK",1783193286500,34156,303
340,1783193286608,34265,34264,0,1,-1,0,0,1,62,65,119,130,79,178.24,18,-6,1,-1012,-1,0,0,0,0,0,-25,0,"keyboard-worker","OK",1783193286600,34256,305
341,1783193286710,34367,34366,0,1,-1,0,0,1,62,65,118,130,79,178.26,19,-5,-3,-996,-1,0,0,0,0,0,-25,0,"keyboard-worker","OK",1783193286700,34356,307
342,1783193286812,34469,34468,0,1,-1,0,0,1,62,65,117,130,79,178.13,19,6,-10,-1016,-1,0,0,0,0,0,-25,0,"keyboard-worker","OK",1783193286800,34456,309
343,1783193286916,34573,34572,0,1,0,0,0,1,62,65,116,130,79,178.28,19,-10,1,-994,-1,0,0,0,0,0,-25,0,"keyboard-worker","OK",1783193286900,34557,311
344,1783193287017,34674,34673,0,0,0,0,0,1,62,65,114,130,79,178.22,19,-10,-2,-1000,-1,0,0,0,0,0,-25,0,"keyboard-worker","OK",1783193287001,34657,313
345,1783193287117,34774,34773,0,0,-1,0,0,1,61,65,114,130,79,178.05,19,-8,0,-1008,-1,0,0,0,0,0,-25,0,"keyboard-worker","OK",1783193287101,34757,315
346,1783193287221,34878,34877,0,0,0,0,0,1,61,65,112,130,79,178.3,19,-17,-7,-1013,-1,0,0,0,0,0,-25,0,"keyboard-worker","OK",1783193287201,34857,317
347,1783193287321,34978,34977,0,1,0,0,0,1,61,65,111,130,79,178.36,19,-7,-17,-1020,-1,0,0,0,0,0,-25,0,"keyboard-worker","OK",1783193287301,34957,319
348,1783193287422,35079,35078,0,1,-1,0,0,1,61,65,110,120,79,178.28,19,-13,-3,-979,-1,0,0,0,0,0,-25,0,"keyboard-worker","OK",1783193287401,35057,321
349,1783193287524,35181,35180,0,1,-1,0,0,1,61,65,109,120,79,178.37,19,-31,-10,-985,-1,0,0,0,0,0,-25,0,"keyboard-worker","OK",1783193287501,35158,323
350,1783193287625,35282,35281,0,1,-1,0,0,1,61,65,108,120,79,177.8,19,0,-29,-990,-1,0,0,0,0,0,-25,0,"keyboard-worker","OK",1783193287602,35258,325
351,1783193287726,35383,35383,0,1,-1,0,0,1,61,65,106,120,79,178.33,20,-24,-25,-1025,-1,0,0,0,0,0,-25,0,"keyboard-worker","OK",1783193287702,35358,327
352,1783193287828,35485,35485,0,1,-1,0,0,1,61,65,106,120,79,177.88,20,-12,-3,-993,-1,0,0,0,0,0,-25,0,"keyboard-worker","OK",1783193287802,35458,329
353,1783193287930,35587,35586,0,1,-1,0,0,1,61,65,104,120,79,178,20,-36,-6,-997,-1,0,0,0,0,0,-25,0,"keyboard-worker","OK",1783193287902,35558,331
354,1783193288032,35689,35688,0,1,-1,0,0,1,61,65,103,120,79,177.96,20,10,0,-1015,-1,0,0,0,0,0,-25,0,"keyboard-worker","OK",1783193288002,35658,333
355,1783193288133,35790,35789,0,1,-1,0,0,1,62,65,102,120,78,178.05,20,-22,-16,-1013,-1,0,0,0,0,0,-25,0,"keyboard-worker","OK",1783193288102,35759,335
356,1783193288235,35892,35891,0,1,-1,0,0,0,62,65,101,120,78,178.45,20,-29,-9,-995,-1,0,0,0,0,0,-25,0,"keyboard-worker","OK",1783193288203,35859,337
357,1783193288339,35996,35995,0,1,-1,0,0,0,62,65,100,110,78,178.34,20,-8,-36,-970,-1,0,0,0,0,0,-25,0,"keyboard-worker","OK",1783193288303,35959,339
358,1783193288388,36045,36045,0,1,-1,0,0,1,62,65,99,110,78,178.37,20,-5,-43,-957,-1,0,0,0,0,0,-25,0,"keyboard-worker","OK",1783193288353,36009,340
359,1783193288491,36148,36147,0,1,-1,0,0,1,62,65,98,110,78,178.03,20,-21,-10,-1013,-1,0,0,0,0,0,0,0,"keyboard-worker","OK",1783193288453,36109,342
360,1783193288591,36248,36247,0,1,-1,0,0,1,62,65,97,110,78,178.09,20,-11,-1,-1048,-1,0,0,0,0,0,0,0,"keyboard-worker","OK",1783193288553,36209,344
361,1783193288692,36349,36349,0,1,-1,0,0,0,62,65,96,110,78,178.24,21,-39,5,-1057,-1,0,0,0,0,0,0,0,"keyboard-worker","OK",1783193288653,36310,346
362,1783193288797,36454,36453,0,1,-1,0,0,0,62,65,95,110,78,178.19,21,-12,-34,-972,-1,0,0,0,0,0,0,0,"keyboard-worker","OK",1783193288754,36410,348
363,1783193288895,36552,36552,0,1,-1,0,0,0,62,65,95,110,78,178.04,21,-27,-8,-1044,-1,0,0,0,0,0,0,0,"keyboard-worker","OK",1783193288854,36510,350
364,1783193288997,36654,36653,0,1,-1,0,0,0,62,65,94,110,78,177.97,21,1,-51,-1014,-1,0,0,0,0,0,0,0,"keyboard-worker","OK",1783193288954,36610,352
365,1783193289099,36756,36755,0,1,-1,0,0,0,63,65,95,110,78,177.99,21,-15,-45,-997,-1,0,0,0,0,0,0,0,"keyboard-worker","OK",1783193289054,36711,354
366,1783193289200,36857,36857,0,1,-1,0,0,0,63,65,94,110,78,178.03,21,-15,-10,-1009,-1,0,0,0,0,0,0,0,"keyboard-worker","OK",1783193289155,36811,356
367,1783193289303,36960,36959,0,1,-1,0,0,0,63,65,94,110,78,178.08,21,-36,-2,-995,-1,0,0,0,0,0,0,0,"keyboard-worker","OK",1783193289255,36911,358
368,1783193289404,37061,37060,0,1,-1,0,0,0,63,65,94,110,78,178.08,21,-19,-19,-994,-1,0,0,0,0,0,0,0,"keyboard-worker","OK",1783193289355,37011,360
369,1783193289505,37162,37162,0,1,-1,0,0,0,63,65,94,110,78,177.96,21,-2,-26,-1019,-1,0,0,0,0,0,0,0,"keyboard-worker","OK",1783193289505,37162,363
370,1783193289607,37264,37263,0,1,-1,0,0,0,63,65,94,110,78,178.03,21,-10,-9,-1028,-1,0,0,0,0,0,0,0,"keyboard-worker","OK",1783193289606,37262,365
371,1783193289709,37366,37365,0,1,-1,0,0,0,63,65,95,110,78,178.11,22,-22,-17,-988,-1,0,0,0,0,0,25,0,"keyboard-worker","OK",1783193289706,37362,367
372,1783193289811,37468,37467,0,1,0,0,0,0,63,65,94,110,78,178.3,22,-6,-20,-1017,-1,0,0,0,0,0,25,0,"keyboard-worker","OK",1783193289806,37462,369
373,1783193289912,37569,37568,0,1,0,0,0,0,63,65,94,110,78,178.25,22,-7,-35,-1029,-1,0,0,0,0,0,25,0,"keyboard-worker","OK",1783193289906,37562,371
374,1783193290015,37672,37671,0,1,0,0,0,0,63,65,95,110,78,178.58,22,-23,-25,-1035,-1,0,0,0,0,0,25,0,"keyboard-worker","OK",1783193290006,37663,373
375,1783193290115,37772,37772,0,1,0,0,0,0,63,65,96,110,77,178.29,22,-45,-11,-1013,-1,0,0,0,0,0,25,0,"keyboard-worker","OK",1783193290107,37763,375
376,1783193290217,37874,37873,0,1,0,0,0,-1,63,65,97,110,77,178.13,22,-48,-3,-1063,-1,0,0,0,0,0,25,0,"keyboard-worker","OK",1783193290207,37863,377
377,1783193290328,37985,37984,-1,1,0,0,0,-1,63,65,98,110,77,178.33,22,-14,-17,-999,-1,0,0,0,0,0,25,0,"keyboard-worker","OK",1783193290307,37963,379
378,1783193290420,38077,38076,-1,1,0,0,0,-1,63,65,99,110,77,178.16,22,-17,-12,-1052,-1,0,0,0,0,0,25,0,"keyboard-worker","OK",1783193290407,38064,381
379,1783193290522,38179,38178,-1,1,0,0,0,-1,63,65,101,110,77,178.1,22,-3,-34,-991,-1,0,0,0,0,0,25,0,"keyboard-worker","OK",1783193290507,38164,383
380,1783193290623,38280,38280,-1,1,0,0,0,-1,63,65,102,120,77,178.09,22,-20,-17,-1000,-1,0,0,0,0,0,25,0,"keyboard-worker","OK",1783193290608,38264,385
381,1783193290725,38382,38381,-1,1,0,0,0,-1,63,65,103,120,77,178.26,23,-12,-42,-957,-1,0,0,0,0,0,25,0,"keyboard-worker","OK",1783193290708,38364,387
382,1783193290827,38484,38483,-1,1,0,0,0,-1,63,65,105,120,77,178.37,23,11,-35,-1012,-1,0,0,0,0,0,25,0,"keyboard-worker","OK",1783193290808,38464,389
383,1783193290928,38585,38585,-1,1,0,0,0,-1,63,65,106,120,77,178.26,23,-30,17,-994,-1,0,0,0,0,0,25,0,"keyboard-worker","OK",1783193290908,38565,391
384,1783193291030,38687,38686,-1,1,0,0,0,-1,63,65,107,120,77,178.01,23,-34,11,-999,-1,0,0,0,0,0,25,0,"keyboard-worker","OK",1783193291009,38665,393
385,1783193291132,38789,38788,-1,1,0,0,0,-1,63,66,109,120,77,178.27,23,-29,3,-999,-1,0,0,0,0,0,25,0,"keyboard-worker","OK",1783193291109,38765,395
386,1783193291233,38890,38890,-1,1,0,0,0,-1,63,66,110,120,77,178.18,23,-18,-7,-1014,-1,0,0,0,0,0,25,0,"keyboard-worker","OK",1783193291209,38865,397
387,1783193291335,38992,38991,-1,1,0,0,0,-1,63,66,111,120,77,178.27,23,-19,0,-999,-1,0,0,0,0,0,25,0,"keyboard-worker","OK",1783193291309,38965,399
388,1783193291437,39094,39093,0,1,0,0,0,-1,63,66,113,130,77,178.27,23,-13,-3,-1019,-1,0,0,0,0,0,25,0,"keyboard-worker","OK",1783193291409,39066,401
389,1783193291542,39199,39198,0,1,0,0,0,-1,63,66,114,130,77,178.25,23,-30,2,-991,-1,0,0,0,0,0,25,0,"keyboard-worker","OK",1783193291510,39166,403
390,1783193291641,39298,39297,0,0,0,0,0,-1,63,66,115,130,77,178.52,23,8,-21,-980,-1,0,0,0,0,0,25,0,"keyboard-worker","OK",1783193291610,39266,405
391,1783193291694,39351,39350,0,1,0,0,0,-1,63,66,117,130,77,178.52,24,-4,-5,-998,-1,0,0,0,0,0,25,0,"keyboard-worker","OK",1783193291660,39316,406
392,1783193291793,39450,39449,0,1,0,0,0,-1,63,66,118,130,77,178.31,24,-21,-5,-999,-1,0,0,0,0,0,25,0,"keyboard-worker","OK",1783193291760,39416,408
393,1783193291894,39551,39550,0,0,0,0,0,-1,63,66,120,130,77,178.18,24,7,-11,-988,-1,0,0,0,0,0,25,0,"keyboard-worker","OK",1783193291860,39516,410
394,1783193291996,39653,39652,0,0,0,0,0,-1,63,66,121,130,77,178.41,24,5,-10,-989,-1,0,0,0,0,0,25,0,"keyboard-worker","OK",1783193291960,39616,412
395,1783193292098,39755,39754,0,0,0,0,0,-1,63,65,122,140,76,178.48,24,-9,-5,-1008,-1,0,0,0,0,0,25,0,"keyboard-worker","OK",1783193292060,39717,414
396,1783193292199,39856,39856,0,0,0,0,0,-1,63,65,123,140,76,178.65,24,15,-24,-1015,-1,0,0,0,0,0,25,0,"keyboard-worker","OK",1783193292161,39817,416
397,1783193292301,39958,39957,0,0,0,0,0,-1,63,65,125,140,76,178.42,24,-6,-15,-1007,-1,0,0,0,0,0,25,0,"keyboard-worker","OK",1783193292261,39917,418
398,1783193292407,40064,40063,0,0,0,0,0,-1,63,65,127,140,76,178.24,24,7,-15,-1007,-1,0,0,0,0,0,25,0,"keyboard-worker","OK",1783193292361,40017,420
399,1783193292646,40303,40302,0,0,0,0,0,-1,63,65,129,140,76,178.37,24,-23,-1,-1027,-1,0,0,0,0,0,25,0,"keyboard-worker","OK",1783193292611,40267,425
400,1783193292712,40369,40368,0,0,0,0,0,-1,63,65,130,140,76,178.41,25,-15,5,-1025,-1,0,0,0,0,0,0,0,"keyboard-worker","OK",1783193292711,40368,427
401,1783193292814,40471,40471,0,0,0,0,0,-1,63,65,132,140,76,178.54,25,-35,29,-983,-1,0,0,0,0,0,0,0,"keyboard-worker","OK",1783193292812,40468,429
402,1783193292917,40574,40573,0,0,0,0,0,-1,63,65,133,150,76,178.58,25,13,-20,-970,-1,0,0,0,0,0,0,0,"keyboard-worker","OK",1783193292912,40568,431
403,1783193293022,40679,40678,0,0,0,0,0,0,63,65,134,150,76,178.65,25,5,5,-953,-1,0,0,0,0,0,0,0,"keyboard-worker","OK",1783193293012,40668,433
404,1783193293119,40776,40775,0,0,0,0,0,0,63,66,134,150,76,178.41,25,-24,3,-999,-1,0,0,0,0,0,0,0,"keyboard-worker","OK",1783193293112,40769,435
405,1783193293222,40879,40879,0,0,0,0,0,0,63,66,134,150,76,178.46,25,-13,4,-998,-1,0,0,0,0,0,0,0,"keyboard-worker","OK",1783193293212,40869,437
406,1783193293336,40993,40992,0,0,0,0,0,0,63,66,134,150,76,178.6,25,-5,6,-970,-1,0,0,0,0,0,0,0,"keyboard-worker","OK",1783193293313,40969,439
407,1783193293428,41085,41085,0,0,0,0,0,0,63,66,134,150,76,178.4,25,6,-13,-1023,-1,0,0,0,0,0,0,0,"keyboard-worker","OK",1783193293413,41069,441
408,1783193293526,41183,41182,0,0,-1,0,0,0,63,66,134,150,76,178.55,25,-2,3,-956,-1,0,0,0,0,0,0,0,"keyboard-worker","OK",1783193293513,41169,443
409,1783193293629,41286,41285,0,0,0,0,0,0,63,66,134,150,76,178.37,26,-4,5,-1032,-1,0,0,0,0,0,0,0,"keyboard-worker","OK",1783193293613,41270,445
410,1783193293724,41381,41381,0,0,-1,0,0,0,63,66,133,150,76,178.05,26,-40,19,-1020,-1,0,0,0,0,0,0,0,"keyboard-worker","OK",1783193293713,41370,447
411,1783193293828,41485,41484,0,0,-1,0,0,0,63,66,133,150,76,178.53,26,-8,-6,-994,-1,0,0,0,0,0,0,0,"keyboard-worker","OK",1783193293814,41470,449
412,1783193293929,41586,41585,0,0,-1,0,0,0,63,66,133,150,76,178.36,26,-9,1,-995,-1,0,0,0,0,0,0,0,"keyboard-worker","OK",1783193293914,41570,451
413,1783193294029,41686,41686,0,0,-1,0,0,0,63,66,133,150,76,178.4,26,3,-21,-1006,-1,0,0,0,0,0,0,0,"keyboard-worker","OK",1783193294014,41670,453
414,1783193294131,41788,41788,0,0,-1,0,0,0,64,67,133,150,75,178.17,26,-18,7,-1006,-1,0,0,0,0,0,0,0,"keyboard-worker","OK",1783193294114,41771,455
415,1783193294233,41890,41889,0,0,-1,0,0,0,64,67,132,150,75,178.56,26,-7,-6,-1005,-1,0,0,0,0,0,-25,0,"keyboard-worker","OK",1783193294215,41871,457
416,1783193294334,41991,41991,0,0,-1,0,0,0,64,67,131,150,75,178.61,26,-19,5,-990,-1,0,0,0,0,0,-25,0,"keyboard-worker","OK",1783193294315,41971,459
417,1783193294436,42093,42092,0,0,-1,0,0,0,64,67,131,150,75,178.64,26,-11,-4,-970,-1,0,0,0,0,0,-25,0,"keyboard-worker","OK",1783193294415,42071,461
418,1783193294538,42195,42194,0,0,-1,0,0,0,64,67,130,150,75,178.61,26,-17,-5,-977,-1,0,0,0,0,0,-25,0,"keyboard-worker","OK",1783193294515,42172,463
419,1783193294640,42297,42296,0,0,-1,0,0,1,64,67,129,140,75,178.3,27,-13,5,-953,-1,0,0,0,0,0,-25,0,"keyboard-worker","OK",1783193294616,42272,465
420,1783193294741,42398,42397,0,0,-1,0,0,1,64,67,128,140,75,178.68,27,-5,-8,-1000,-1,0,0,0,0,0,-25,0,"keyboard-worker","OK",1783193294716,42372,467
421,1783193294843,42500,42499,0,0,-1,0,0,1,64,67,127,140,75,178.58,27,-15,-9,-1016,-1,0,0,0,0,0,-25,0,"keyboard-worker","OK",1783193294816,42472,469
422,1783193294944,42601,42601,0,0,-1,0,0,1,64,67,125,140,75,178.31,27,-5,-8,-1004,-1,0,0,0,0,0,-25,0,"keyboard-worker","OK",1783193294916,42572,471
423,1783193295047,42704,42703,0,0,-1,0,0,1,64,67,124,140,75,178.58,27,-7,-2,-994,-1,0,0,0,0,0,-25,0,"keyboard-worker","OK",1783193295016,42673,473
424,1783193295150,42807,42806,0,0,-1,0,0,1,64,67,123,140,75,178.28,27,-21,-2,-1001,-1,0,0,0,0,0,-25,0,"keyboard-worker","OK",1783193295117,42773,475
425,1783193295253,42910,42909,0,0,-1,0,0,1,64,67,122,140,75,178.29,27,-7,-5,-997,-1,0,0,0,0,0,-25,0,"keyboard-worker","OK",1783193295217,42873,477
426,1783193295356,43013,43012,0,0,-1,0,0,1,64,67,120,130,75,178.05,27,-23,-9,-999,-1,0,0,0,0,0,-25,0,"keyboard-worker","OK",1783193295317,42973,479
427,1783193295459,43116,43116,0,0,-1,0,0,1,64,67,119,130,75,178.48,27,-16,3,-1003,-1,0,0,0,0,0,-25,0,"keyboard-worker","OK",1783193295417,43074,481
428,1783193295511,43168,43167,0,0,-1,0,0,1,64,67,118,130,75,178.59,27,-2,-10,-992,-1,0,0,0,0,0,-25,0,"keyboard-worker","OK",1783193295468,43124,482
429,1783193295614,43271,43270,0,0,-1,0,0,1,64,67,116,130,75,178.4,28,-18,-5,-999,-1,0,0,0,0,0,-25,0,"keyboard-worker","OK",1783193295568,43224,484
430,1783193295717,43374,43373,0,0,-1,0,0,1,64,67,115,130,75,178.15,28,-3,-27,-996,-1,0,0,0,0,0,-25,0,"keyboard-worker","OK",1783193295668,43324,486
431,1783193295820,43477,43477,0,0,-1,0,0,1,64,67,114,130,75,178.26,28,-25,3,-1018,-1,0,0,0,0,0,-25,0,"keyboard-worker","OK",1783193295820,43476,489
432,1783193295924,43581,43580,0,0,-1,0,0,1,64,67,113,130,75,178.27,28,-2,-2,-972,-1,0,0,0,0,0,-25,0,"keyboard-worker","OK",1783193295920,43577,491
433,1783193296027,43684,43683,0,0,-1,0,0,1,64,67,112,130,75,177.9,28,8,-40,-959,-1,0,0,0,0,0,-25,0,"keyboard-worker","OK",1783193296022,43678,493
434,1783193296130,43787,43786,0,0,-1,0,0,1,65,67,110,120,74,178.55,28,-8,-30,-989,-1,0,0,0,0,0,-25,0,"keyboard-worker","OK",1783193296123,43779,495
435,1783193296233,43890,43889,0,1,-1,0,0,1,65,67,109,120,74,178.2,28,-30,-5,-1015,-1,0,0,0,0,0,-25,0,"keyboard-worker","OK",1783193296224,43880,497
436,1783193296336,43993,43992,0,1,-1,0,0,1,65,67,108,120,74,178.32,28,3,-22,-1016,-1,0,0,0,0,0,-25,0,"keyboard-worker","OK",1783193296325,43981,499
437,1783193296440,44097,44096,0,1,-1,0,0,1,65,67,107,120,74,178.57,28,8,-13,-986,-1,0,0,0,0,0,-25,0,"keyboard-worker","OK",1783193296426,44082,501
438,1783193296542,44199,44198,0,1,-1,0,0,1,65,67,105,120,74,178.43,28,-12,-18,-1053,-1,0,0,0,0,0,-25,0,"keyboard-worker","OK",1783193296527,44183,503
439,1783193296645,44302,44301,0,1,-1,0,0,1,65,67,104,120,74,178.38,29,-11,-15,-981,-1,0,0,0,0,0,-25,0,"keyboard-worker","OK",1783193296628,44285,505
440,1783193296748,44405,44404,0,1,-1,0,0,1,65,67,103,120,74,178.14,29,-3,-25,-995,-1,0,0,0,0,0,-25,0,"keyboard-worker","OK",1783193296730,44386,507
441,1783193296851,44508,44507,0,1,-1,0,0,1,65,67,101,120,74,178.01,29,-19,-27,-961,-1,0,0,0,0,0,-25,0,"keyboard-worker","OK",1783193296831,44487,509
442,1783193296954,44611,44610,0,1,-1,0,0,1,65,67,100,110,74,178.45,29,-13,-22,-1012,-1,0,0,0,0,0,-25,0,"keyboard-worker","OK",1783193296931,44587,511
443,1783193297056,44713,44713,0,1,-1,0,0,1,65,67,98,110,74,178.22,29,22,-8,-996,-1,0,0,0,0,0,-25,0,"keyboard-worker","OK",1783193297031,44688,513
444,1783193297159,44816,44815,0,1,-1,0,0,1,64,67,98,110,74,178.19,29,-5,-27,-987,-1,0,0,0,0,0,-25,0,"keyboard-worker","OK",1783193297132,44788,515
445,1783193297262,44919,44918,0,1,-1,0,0,1,64,67,97,110,74,178.07,29,-10,-14,-999,-1,0,0,0,0,0,-25,0,"keyboard-worker","OK",1783193297232,44888,517
446,1783193297365,45022,45021,0,1,-1,0,0,1,64,67,95,110,74,178.33,29,-14,10,-1010,-1,0,0,0,0,0,-25,0,"keyboard-worker","OK",1783193297332,44989,519
447,1783193297468,45125,45124,0,1,0,0,0,1,64,67,94,110,74,177.85,29,-17,2,-993,-1,0,0,0,0,0,-25,0,"keyboard-worker","OK",1783193297433,45089,521
448,1783193297570,45227,45227,0,1,0,0,0,1,64,67,93,110,74,177.99,29,-8,-12,-1008,-1,0,0,0,0,0,-25,0,"keyboard-worker","OK",1783193297533,45189,523
449,1783193297673,45330,45329,0,1,0,0,0,1,64,67,92,110,74,178.22,30,0,5,-1013,-1,0,0,0,0,0,-25,0,"keyboard-worker","OK",1783193297633,45290,525
450,1783193297777,45434,45433,0,1,0,0,0,1,64,67,91,110,74,178.11,30,-8,-12,-997,-1,0,0,0,0,0,-25,0,"keyboard-worker","OK",1783193297734,45390,527
451,1783193297879,45536,45535,0,1,0,0,0,1,64,67,90,100,74,177.82,30,3,-15,-993,-1,0,0,0,0,0,-25,0,"keyboard-worker","OK",1783193297834,45490,529
452,1783193297982,45639,45638,0,1,-1,0,0,1,64,67,89,100,74,177.98,30,-26,-15,-1008,-1,0,0,0,0,0,-25,0,"keyboard-worker","OK",1783193297934,45591,531
453,1783193298084,45741,45741,0,1,-1,0,0,1,64,67,88,100,74,177.98,30,13,-23,-979,-1,0,0,0,0,0,-25,0,"keyboard-worker","OK",1783193298035,45691,533
454,1783193298187,45844,45843,0,1,-1,0,0,1,64,67,86,100,73,177.81,30,-1,-26,-998,-1,0,0,0,0,0,-25,0,"keyboard-worker","OK",1783193298185,45841,536
455,1783193298290,45947,45946,0,1,-1,0,0,1,64,67,85,100,73,178.03,30,12,-15,-1016,-1,0,0,0,0,0,0,0,"keyboard-worker","OK",1783193298286,45942,538
456,1783193298392,46049,46049,0,1,-1,0,0,1,64,67,83,100,73,178.22,30,-12,7,-1057,-1,0,0,0,0,0,0,0,"keyboard-worker","OK",1783193298386,46042,540
457,1783193298495,46152,46152,0,1,-1,0,0,1,64,67,82,100,73,177.83,30,3,-26,-1030,-1,0,0,0,0,0,0,0,"keyboard-worker","OK",1783193298486,46143,542
458,1783193298598,46255,46254,0,1,-1,0,0,0,64,67,82,100,73,178.05,30,10,-17,-990,-1,0,0,0,0,0,0,0,"keyboard-worker","OK",1783193298587,46243,544
459,1783193298700,46357,46357,0,1,-1,0,0,0,64,67,81,100,73,177.91,31,14,-48,-1014,-1,0,0,0,0,0,0,0,"keyboard-worker","OK",1783193298687,46343,546
460,1783193298803,46460,46459,0,1,-1,0,0,0,64,67,81,100,73,178.05,31,-15,20,-1037,-1,0,0,0,0,0,0,0,"keyboard-worker","OK",1783193298788,46444,548
461,1783193298906,46563,46562,0,0,-1,0,0,0,64,67,81,90,73,177.83,31,-13,24,-1002,-1,0,0,0,0,0,0,0,"keyboard-worker","OK",1783193298888,46544,550
462,1783193299009,46666,46665,0,1,-1,0,0,0,64,67,81,90,73,177.97,31,7,-34,-974,-1,0,0,0,0,0,0,0,"keyboard-worker","OK",1783193298988,46644,552
463,1783193299111,46768,46767,0,1,-1,0,0,0,64,67,81,90,73,178.14,31,24,0,-987,-1,0,0,0,0,0,0,0,"keyboard-worker","OK",1783193299089,46745,554
464,1783193299214,46871,46870,0,1,-1,0,0,0,65,67,81,90,73,177.77,31,22,-4,-994,-1,0,0,0,0,0,0,0,"keyboard-worker","OK",1783193299189,46845,556
465,1783193299316,46973,46972,0,1,-1,0,0,0,65,67,81,100,73,178.12,31,-9,-32,-1003,-1,0,0,0,0,0,0,0,"keyboard-worker","OK",1783193299289,46946,558
466,1783193299418,47075,47075,0,1,-1,0,0,0,65,67,82,100,73,177.81,31,1,-33,-999,-1,0,0,0,0,0,0,0,"keyboard-worker","OK",1783193299390,47046,560
467,1783193299521,47178,47178,0,0,-1,0,0,0,65,67,82,100,73,178.05,31,-12,19,-978,-1,0,0,0,0,0,0,0,"keyboard-worker","OK",1783193299490,47146,562
468,1783193299624,47281,47280,0,0,-1,0,0,0,65,67,82,100,73,177.78,31,10,-23,-968,-1,0,0,0,0,0,0,0,"keyboard-worker","OK",1783193299590,47247,564
469,1783193299675,47332,47331,0,0,0,0,0,0,65,67,83,100,73,177.81,32,-9,-3,-977,-1,0,0,0,0,0,0,0,"keyboard-worker","OK",1783193299641,47297,565
470,1783193299778,47435,47434,0,1,0,0,0,0,65,67,83,100,73,177.93,32,7,4,-973,-1,0,0,0,0,0,25,0,"keyboard-worker","OK",1783193299741,47397,567
471,1783193299880,47537,47536,0,0,-1,0,0,0,65,67,83,100,73,178.31,32,-14,-30,-1033,-1,0,0,0,0,0,25,0,"keyboard-worker","OK",1783193299841,47498,569
472,1783193299982,47639,47639,0,0,0,0,0,0,65,67,84,100,73,177.92,32,9,-28,-1015,-1,0,0,0,0,0,25,0,"keyboard-worker","OK",1783193299942,47598,571
473,1783193300085,47742,47741,0,1,0,0,0,0,65,67,84,100,72,178.04,32,4,-4,-1041,-1,0,0,0,0,0,25,0,"keyboard-worker","OK",1783193300042,47698,573
474,1783193300187,47844,47844,0,1,0,0,0,0,66,67,85,100,72,178.09,32,-1,-3,-1042,-1,0,0,0,0,0,25,0,"keyboard-worker","OK",1783193300143,47799,575
475,1783193300290,47947,47947,0,1,0,0,0,-1,66,67,87,100,72,178.25,32,3,-4,-1051,-1,0,0,0,0,0,25,0,"keyboard-worker","OK",1783193300243,47899,577
476,1783193300392,48049,48048,0,1,0,0,0,-1,66,67,88,100,72,178.11,32,0,-21,-980,-1,0,0,0,0,0,25,0,"keyboard-worker","OK",1783193300343,48000,579
477,1783193300495,48152,48151,0,1,0,0,0,-1,66,67,89,100,72,178.14,32,-9,-22,-996,-1,0,0,0,0,0,25,0,"keyboard-worker","OK",1783193300494,48150,582
478,1783193300597,48254,48253,0,1,0,0,0,-1,66,67,90,100,72,177.95,32,-3,-17,-972,-1,0,0,0,0,0,25,0,"keyboard-worker","OK",1783193300594,48250,584
479,1783193300700,48357,48356,0,1,0,0,0,-1,66,67,92,110,72,178.14,33,17,-18,-1008,-1,0,0,0,0,0,25,0,"keyboard-worker","OK",1783193300695,48351,586
480,1783193300803,48460,48459,0,1,0,0,0,-1,66,67,93,110,72,177.99,33,0,-18,-1006,-1,0,0,0,0,0,25,0,"keyboard-worker","OK",1783193300795,48451,588
481,1783193300904,48561,48561,0,1,0,0,0,-1,66,67,95,110,72,178.05,33,-2,-25,-1005,-1,0,0,0,0,0,25,0,"keyboard-worker","OK",1783193300895,48551,590
482,1783193301007,48664,48663,0,1,0,0,0,-1,66,67,97,110,72,178.27,33,-11,-21,-1019,-1,0,0,0,0,0,25,0,"keyboard-worker","OK",1783193300995,48652,592
483,1783193301109,48766,48765,0,1,0,0,0,-1,66,67,99,110,72,177.99,33,-7,-12,-1007,-1,0,0,0,0,0,25,0,"keyboard-worker","OK",1783193301096,48752,594
484,1783193301211,48868,48868,0,1,0,0,0,-1,65,67,100,110,72,178.04,33,-9,-12,-986,-1,0,0,0,0,0,25,0,"keyboard-worker","OK",1783193301196,48852,596
485,1783193301314,48971,48970,0,1,0,0,0,-1,65,67,102,110,72,178.31,33,-13,-6,-985,-1,0,0,0,0,0,25,0,"keyboard-worker","OK",1783193301296,48953,598
486,1783193301417,49074,49073,0,1,0,0,0,-1,65,67,103,120,72,178.15,33,-20,-21,-997,-1,0,0,0,0,0,25,0,"keyboard-worker","OK",1783193301397,49053,600
487,1783193301519,49176,49175,0,1,0,0,0,-1,65,67,105,120,72,178.1,33,-3,-7,-991,-1,0,0,0,0,0,25,0,"keyboard-worker","OK",1783193301497,49153,602
488,1783193301621,49278,49277,0,1,0,0,0,-1,65,67,106,120,72,178.25,33,-5,-20,-1011,-1,0,0,0,0,0,25,0,"keyboard-worker","OK",1783193301597,49254,604
489,1783193301723,49380,49379,0,1,0,0,0,-1,65,67,108,120,72,178.24,34,-3,-9,-992,-1,0,0,0,0,0,25,0,"keyboard-worker","OK",1783193301698,49354,606
490,1783193301826,49483,49482,0,1,0,0,0,-1,65,67,109,120,72,178.31,34,-9,-8,-985,-1,0,0,0,0,0,25,0,"keyboard-worker","OK",1783193301798,49454,608
491,1783193301928,49585,49584,0,1,0,0,0,-1,65,67,110,120,72,177.96,34,0,-11,-1001,-1,0,0,0,0,0,25,0,"keyboard-worker","OK",1783193301898,49554,610
492,1783193302030,49687,49687,0,1,0,0,0,-1,65,67,111,120,72,178.15,34,3,-10,-988,-1,0,0,0,0,0,25,0,"keyboard-worker","OK",1783193301998,49655,612
493,1783193302132,49789,49789,0,1,0,0,0,-1,65,67,112,130,71,178.07,34,-8,-8,-987,-1,0,0,0,0,0,25,0,"keyboard-worker","OK",1783193302099,49755,614
494,1783193302235,49892,49891,0,1,0,0,0,-1,66,68,114,130,71,178.24,34,-11,4,-1010,-1,0,0,0,0,0,25,0,"keyboard-worker","OK",1783193302199,49855,616
495,1783193302337,49994,49993,0,0,0,0,0,-1,66,68,115,130,71,178.24,34,1,-8,-1004,-1,0,0,0,0,0,25,0,"keyboard-worker","OK",1783193302299,49955,618
496,1783193302440,50097,50096,0,0,0,0,0,-1,66,68,116,130,71,178.29,34,-5,-11,-1010,-1,0,0,0,0,0,25,0,"keyboard-worker","OK",1783193302400,50056,620
497,1783193302541,50198,50198,0,0,0,0,0,-1,66,68,118,130,71,178.59,34,0,-18,-1014,-1,0,0,0,0,0,25,0,"keyboard-worker","OK",1783193302500,50156,622
498,1783193302644,50301,50300,0,0,0,0,0,-1,66,68,119,130,71,178.41,34,-4,-10,-1005,-1,0,0,0,0,0,25,0,"keyboard-worker","OK",1783193302600,50256,624
499,1783193302746,50403,50402,0,0,0,0,0,-1,66,68,121,130,71,178.27,35,-3,1,-990,-1,0,0,0,0,0,25,0,"keyboard-worker","OK",1783193302700,50357,626
500,1783193302848,50505,50505,0,1,0,0,0,-1,66,68,123,130,71,178.38,35,8,-24,-1007,-1,0,0,0,0,0,25,0,"keyboard-worker","OK",1783193302801,50457,628
501,1783193302952,50609,50608,0,1,0,0,0,-1,66,68,124,140,71,178.35,35,-8,-4,-1006,-1,0,0,0,0,0,25,0,"keyboard-worker","OK",1783193302951,50607,631
502,1783193303053,50710,50709,0,1,0,0,0,-1,66,68,125,140,71,178.23,35,-1,-3,-993,-1,0,0,0,0,0,25,0,"keyboard-worker","OK",1783193303051,50707,633
503,1783193303161,50818,50818,0,1,0,0,0,-1,66,68,127,140,71,178.28,35,9,-8,-991,-1,0,0,0,0,0,0,0,"keyboard-worker","OK",1783193303152,50808,635
504,1783193303257,50914,50914,0,0,0,0,0,-1,66,69,128,140,71,178.29,35,-3,-2,-1004,-1,0,0,0,0,0,0,0,"keyboard-worker","OK",1783193303252,50908,637
505,1783193303360,51017,51016,0,1,0,0,0,-1,66,69,130,140,71,178.34,35,-1,-16,-966,-1,0,0,0,0,0,0,0,"keyboard-worker","OK",1783193303352,51009,639
506,1783193303462,51119,51119,0,1,0,0,0,0,66,69,131,140,71,178.33,35,-5,-6,-963,-1,0,0,0,0,0,0,0,"keyboard-worker","OK",1783193303453,51109,641
507,1783193303512,51169,51169,0,1,0,0,0,0,66,69,132,140,71,178.51,35,-8,-17,-969,-1,0,0,0,0,0,0,0,"keyboard-worker","OK",1783193303503,51159,642
508,1783193303615,51272,51271,0,1,0,0,0,0,66,69,132,150,71,178.5,35,9,-11,-971,-1,0,0,0,0,0,0,0,"keyboard-worker","OK",1783193303603,51259,644
509,1783193303718,51375,51374,0,1,0,0,0,0,66,69,132,150,71,178.46,36,-4,-4,-971,-1,0,0,0,0,0,0,0,"keyboard-worker","OK",1783193303703,51360,646
510,1783193303819,51476,51475,0,1,0,0,0,0,66,69,132,150,71,178.58,36,-14,-14,-999,-1,0,0,0,0,0,0,0,"keyboard-worker","OK",1783193303804,51460,648
511,1783193303921,51578,51577,0,1,-1,0,0,0,66,69,132,150,71,178.48,36,-13,-14,-979,-1,0,0,0,0,0,0,0,"keyboard-worker","OK",1783193303904,51560,650
512,1783193304023,51680,51680,0,1,-1,0,0,0,66,69,132,150,71,178.29,36,-7,-15,-1005,-1,0,0,0,0,0,0,0,"keyboard-worker","OK",1783193304004,51661,652
513,1783193304126,51783,51782,0,1,0,0,0,0,66,69,132,150,70,178.51,36,-5,-18,-995,-1,0,0,0,0,0,0,0,"keyboard-worker","OK",1783193304105,51761,654
514,1783193304228,51885,51884,0,1,0,0,0,0,66,69,132,150,70,178.34,36,2,-9,-996,-1,0,0,0,0,0,0,0,"keyboard-worker","OK",1783193304205,51861,656
515,1783193304330,51987,51986,0,1,0,0,0,0,66,69,132,150,70,178.34,36,-2,-22,-999,-1,0,0,0,0,0,0,0,"keyboard-worker","OK",1783193304305,51962,658
516,1783193304432,52089,52088,0,1,0,0,0,0,66,69,132,150,70,178.41,36,6,-13,-991,-1,0,0,0,0,0,0,0,"keyboard-worker","OK",1783193304406,52062,660
517,1783193304534,52191,52190,0,1,0,0,0,0,66,69,133,150,70,178.59,36,-14,-10,-1013,-1,0,0,0,0,0,0,0,"keyboard-worker","OK",1783193304506,52162,662
518,1783193304636,52293,52293,0,1,0,0,0,0,66,69,133,150,70,178.21,36,9,-31,-1011,-1,0,0,0,0,0,0,0,"keyboard-worker","OK",1783193304606,52263,664
519,1783193304738,52395,52394,0,1,0,0,0,0,66,69,133,150,70,178.43,37,14,-12,-996,-1,0,0,0,0,0,0,0,"keyboard-worker","OK",1783193304707,52363,666
520,1783193304840,52497,52497,0,1,0,0,0,0,66,69,133,150,70,178.34,37,2,-2,-977,-1,0,0,0,0,0,0,0,"keyboard-worker","OK",1783193304807,52463,668
521,1783193304942,52599,52599,0,1,0,0,0,0,66,69,133,150,70,178.55,37,-5,-16,-987,-1,0,0,0,0,0,0,0,"keyboard-worker","OK",1783193304907,52564,670
522,1783193305044,52701,52701,0,1,0,0,0,0,66,69,133,150,70,178.37,37,-4,-16,-992,-1,0,0,0,0,0,0,0,"keyboard-worker","OK",1783193305008,52664,672
523,1783193305150,52807,52806,0,1,0,0,0,0,66,69,133,150,70,178.59,37,-13,-14,-993,-1,0,0,0,0,0,0,0,"keyboard-worker","OK",1783193305108,52764,674
524,1783193305249,52906,52905,0,1,0,0,0,0,66,69,133,150,70,178.25,37,-6,-1,-1004,-1,0,0,0,0,0,0,0,"keyboard-worker","OK",1783193305208,52865,676
525,1783193305351,53008,53007,0,1,0,0,0,0,66,69,132,150,70,178.7,37,0,-12,-1013,-1,0,0,0,0,0,0,0,"keyboard-worker","OK",1783193305309,52965,678
526,1783193305453,53110,53109,0,1,0,0,0,0,66,69,132,150,70,178.55,37,-16,-2,-998,-1,0,0,0,0,0,0,0,"keyboard-worker","OK",1783193305409,53065,680
527,1783193305555,53212,53211,0,1,0,0,0,0,66,69,132,150,70,178.58,37,5,-4,-1009,-1,0,0,0,0,0,0,0,"keyboard-worker","OK",1783193305509,53165,682
528,1783193305657,53314,53313,0,1,0,0,0,0,66,69,133,150,70,178.47,37,3,-18,-995,-1,0,0,0,0,0,0,0,"keyboard-worker","OK",1783193305610,53266,684
529,1783193305759,53416,53415,0,1,0,0,0,0,66,69,132,150,70,178.4,38,-17,-14,-993,-1,0,0,0,0,0,0,0,"keyboard-worker","OK",1783193305710,53366,686
530,1783193305861,53518,53517,0,1,-1,0,0,0,66,69,132,150,70,178.65,38,0,-17,-1015,-1,0,0,0,0,0,0,0,"keyboard-worker","OK",1783193305860,53517,689
531,1783193305993,53650,53649,0,1,0,0,0,0,66,69,132,150,70,178.39,38,0,-20,-993,-1,0,0,0,0,0,0,0,"keyboard-worker","OK",1783193305961,53617,691
532,1783193306075,53732,53731,0,1,0,0,0,0,66,69,132,150,70,178.25,38,13,0,-1008,-1,0,0,0,0,0,0,0,"keyboard-worker","OK",1783193306061,53717,693
533,1783193306189,53846,53845,0,1,0,0,0,0,66,69,132,150,69,178.27,38,-1,-11,-990,-1,0,0,0,0,0,0,0,"keyboard-worker","OK",1783193306161,53817,695
534,1783193306290,53947,53946,0,1,-1,0,0,0,66,69,133,150,69,178.23,38,-1,-19,-1009,-1,0,0,0,0,0,0,0,"keyboard-worker","OK",1783193306261,53918,697
535,1783193306379,54036,54035,0,1,-1,0,0,0,66,69,132,150,69,178.44,38,-7,-20,-1001,-1,0,0,0,0,0,0,0,"keyboard-worker","OK",1783193306362,54018,699
536,1783193306475,54132,54131,0,1,-1,0,0,0,66,69,132,150,69,178.63,38,3,-12,-997,-1,0,0,0,0,0,0,0,"keyboard-worker","OK",1783193306462,54118,701
537,1783193306598,54255,54254,0,1,-1,0,0,0,66,69,132,150,69,178.36,38,14,-13,-976,-1,0,0,0,0,0,0,0,"keyboard-worker","OK",1783193306562,54218,703
538,1783193306686,54343,54342,0,1,-1,0,0,0,66,69,132,150,69,178.42,38,14,-22,-1019,-1,0,0,0,0,0,0,0,"keyboard-worker","OK",1783193306662,54319,705
539,1783193306786,54443,54442,0,1,-1,0,0,0,66,69,133,150,69,178.45,39,-4,-21,-1002,-1,0,0,0,0,0,0,0,"keyboard-worker","OK",1783193306763,54419,707
540,1783193306883,54540,54539,0,1,0,0,0,0,66,69,133,150,69,178.66,39,1,-32,-985,-1,0,0,0,0,0,0,0,"keyboard-worker","OK",1783193306863,54519,709
541,1783193306950,54607,54606,0,1,0,0,0,0,66,69,133,150,69,178.79,39,-3,-9,-1016,-1,0,0,0,0,0,0,0,"keyboard-worker","OK",1783193306913,54569,710
542,1783193307058,54715,54715,0,1,0,0,0,0,66,69,133,150,69,178.52,39,-20,-13,-983,-1,0,0,0,0,0,0,0,"keyboard-worker","OK",1783193307013,54669,712
543,1783193307171,54828,54827,0,1,0,0,0,0,66,69,133,150,69,178.46,39,3,-18,-1005,-1,0,0,0,0,0,0,0,"keyboard-worker","OK",1783193307164,54820,715
544,1783193307258,54915,54915,0,1,0,0,0,0,66,69,133,150,69,178.24,39,0,-21,-1010,-1,0,0,0,0,0,0,0,"keyboard-worker","OK",1783193307214,54870,716
545,1783193307359,55016,55015,0,1,0,0,0,0,66,69,132,150,69,178.41,39,-2,-17,-995,-1,0,0,0,0,0,0,0,"keyboard-worker","OK",1783193307314,54970,718
546,1783193307465,55122,55121,0,1,0,0,0,0,66,69,133,150,69,178.48,39,-1,-20,-1009,-1,0,0,0,0,0,0,0,"keyboard-worker","OK",1783193307464,55120,721
547,1783193307556,55213,55212,0,1,0,0,0,0,66,69,133,150,69,178.42,39,-3,-18,-996,-1,0,0,0,0,0,0,0,"keyboard-worker","OK",1783193307514,55170,722
548,1783193307663,55320,55319,0,1,0,0,0,0,66,69,133,150,69,178.22,39,14,-18,-997,-1,0,0,0,0,0,0,0,"keyboard-worker","OK",1783193307614,55271,724
549,1783193307752,55409,55409,0,1,0,0,0,0,66,69,133,150,69,178.62,40,-13,-5,-1018,-1,0,0,0,0,0,0,0,"keyboard-worker","OK",1783193307715,55371,726
550,1783193307882,55539,55538,0,1,0,0,0,0,66,69,134,150,69,178.14,40,16,-20,-995,-1,0,0,0,0,0,0,0,"keyboard-worker","OK",1783193307865,55521,729
551,1783193307972,55629,55628,0,0,0,0,0,0,66,69,134,150,69,178.27,40,11,-14,-991,-1,0,0,0,0,0,0,0,"keyboard-worker","OK",1783193307965,55621,731
552,1783193308088,55745,55744,0,1,0,0,0,0,66,69,135,150,69,178.23,40,-13,4,-1005,-1,0,0,0,0,0,-25,0,"keyboard-worker","OK",1783193308065,55722,733
553,1783193308180,55837,55836,0,0,0,0,0,0,66,69,134,150,68,178.33,40,-1,4,-986,-1,0,0,0,0,0,-25,0,"keyboard-worker","OK",1783193308166,55822,735
554,1783193308289,55946,55946,0,0,0,0,0,0,66,69,135,150,68,178.22,40,-18,-8,-1006,-1,0,0,0,0,0,-25,0,"keyboard-worker","OK",1783193308266,55922,737
555,1783193308394,56051,56050,0,0,-1,0,0,0,66,69,134,150,68,178.07,40,5,-20,-1009,-1,0,0,0,0,0,-25,0,"keyboard-worker","OK",1783193308366,56022,739
556,1783193308482,56139,56139,0,0,-1,0,0,0,66,69,134,150,68,178.18,40,-12,-14,-985,-1,0,0,0,0,0,-25,0,"keyboard-worker","OK",1783193308466,56122,741
557,1783193308592,56249,56248,0,0,-1,0,0,0,66,69,134,150,68,178.13,40,7,-17,-988,-1,0,0,0,0,0,-25,0,"keyboard-worker","OK",1783193308566,56223,743
558,1783193308708,56365,56364,0,0,-1,0,0,0,66,69,133,150,68,178.09,41,-2,-2,-984,-1,0,0,0,0,0,-25,0,"keyboard-worker","OK",1783193308667,56323,745
559,1783193308812,56469,56468,0,0,-1,0,0,0,66,69,132,140,68,178.13,41,-11,-16,-988,-1,0,0,0,0,0,-25,0,"keyboard-worker","OK",1783193308767,56423,747
560,1783193308919,56576,56576,0,0,-1,0,0,1,66,69,131,140,68,178.23,41,2,-9,-994,-1,0,0,0,0,0,-25,0,"keyboard-worker","OK",1783193308917,56573,750
561,1783193309011,56668,56668,0,0,-1,0,0,1,66,69,130,140,68,178.1,41,14,-16,-988,-1,0,0,0,0,0,-25,0,"keyboard-worker","OK",1783193308967,56624,751
562,1783193309049,56706,56705,0,0,-1,0,0,1,66,69,129,140,68,178.05,41,16,-19,-981,-1,0,0,0,0,0,-25,0,"keyboard-worker","OK",1783193309017,56674,752
563,1783193309152,56809,56808,0,1,-1,0,0,1,66,69,128,140,68,178.03,41,0,-8,-1008,-1,0,0,0,0,0,-25,0,"keyboard-worker","OK",1783193309118,56774,754
564,1783193309320,56977,56977,0,1,-1,0,0,1,67,69,127,140,68,178.21,41,2,-12,-1005,-1,0,0,0,0,0,-25,0,"keyboard-worker","OK",1783193309318,56974,758
565,1783193309356,57013,57012,0,0,-1,0,0,1,67,69,126,140,68,178.18,41,-7,-11,-1005,-1,0,0,0,0,0,-25,0,"keyboard-worker","OK",1783193309318,56974,758
566,1783193309476,57133,57133,0,0,-1,0,0,1,67,69,124,140,68,178.09,41,1,-4,-1001,-1,0,0,0,0,0,-25,0,"keyboard-worker","OK",1783193309468,57124,761
567,1783193309593,57250,57249,0,0,-1,0,0,1,67,69,123,140,68,178.37,41,-5,0,-984,-1,0,0,0,0,0,-25,0,"keyboard-worker","OK",1783193309568,57225,763
568,1783193309706,57363,57362,0,0,-1,0,0,1,67,69,122,130,68,178.04,42,7,1,-1000,-1,0,0,0,0,0,-25,0,"keyboard-worker","OK",1783193309669,57325,765
569,1783193309806,57463,57462,0,0,-1,0,0,1,67,69,120,130,68,178.18,42,9,-5,-972,-1,0,0,0,0,0,-25,0,"keyboard-worker","OK",1783193309769,57425,767
570,1783193309927,57584,57583,0,0,-1,0,0,1,67,69,119,130,68,178.13,42,-2,-6,-994,-1,0,0,0,0,0,-25,0,"keyboard-worker","OK",1783193309919,57575,770
571,1783193310027,57684,57683,0,0,-1,0,0,1,67,69,118,130,68,178.07,42,0,-17,-1006,-1,0,0,0,0,0,-25,0,"keyboard-worker","OK",1783193310019,57675,772
572,1783193310122,57779,57779,0,0,-1,0,0,1,67,69,116,130,68,178.25,42,10,-20,-988,-1,0,0,0,0,0,-25,0,"keyboard-worker","OK",1783193310119,57776,774
573,1783193310233,57890,57889,0,1,-1,0,0,1,67,69,115,130,67,177.98,42,2,-30,-991,-1,0,0,0,0,0,-25,0,"keyboard-worker","OK",1783193310220,57876,776
574,1783193310331,57988,57987,0,1,-1,0,0,1,67,70,113,130,67,177.93,42,0,-6,-988,-1,0,0,0,0,0,-25,0,"keyboard-worker","OK",1783193310320,57976,778
575,1783193310415,58072,58071,0,1,-1,0,0,1,67,70,112,130,67,178.07,42,15,-16,-989,-1,0,0,0,0,0,-25,0,"keyboard-worker","OK",1783193310370,58026,779
576,1783193310529,58186,58185,0,1,-1,0,0,1,67,70,111,130,67,178.16,42,1,-28,-993,-1,0,0,0,0,0,-25,0,"keyboard-worker","OK",1783193310520,58177,782
577,1783193310591,58248,58247,0,1,-1,0,0,1,67,70,110,120,67,178.05,42,-14,-2,-1004,-1,0,0,0,0,0,-25,0,"keyboard-worker","OK",1783193310570,58227,783
578,1783193310701,58358,58358,0,1,-1,0,0,1,67,70,108,120,67,178.01,43,5,-14,-990,-1,0,0,0,0,0,-25,0,"keyboard-worker","OK",1783193310671,58327,785
579,1783193310800,58457,58456,0,1,-1,0,0,1,67,70,107,120,67,178.02,43,-23,-11,-1010,-1,0,0,0,0,0,-25,0,"keyboard-worker","OK",1783193310771,58427,787
580,1783193310915,58572,58572,0,1,-1,0,0,1,67,70,106,120,67,178.14,43,-5,-5,-1011,-1,0,0,0,0,0,-25,0,"keyboard-worker","OK",1783193310871,58527,789
581,1783193311018,58675,58674,0,1,-1,0,0,1,67,70,105,120,67,177.94,43,4,-47,-993,-1,0,0,0,0,0,-25,0,"keyboard-worker","OK",1783193310971,58627,791
582,1783193311119,58776,58775,0,1,-1,0,0,1,67,70,103,120,67,178.13,43,10,-66,-984,-1,0,0,0,0,0,-25,0,"keyboard-worker","OK",1783193311071,58727,793
583,1783193311221,58878,58877,0,1,-1,0,0,1,67,70,102,120,67,177.89,43,-7,14,-1015,-1,0,0,0,0,0,-25,0,"keyboard-worker","OK",1783193311221,58878,796
584,1783193311319,58976,58975,0,1,-1,0,0,1,67,70,99,110,67,177.94,43,-4,-9,-995,-1,0,0,0,0,0,-25,0,"keyboard-worker","OK",1783193311272,58928,797
585,1783193311411,59068,59067,0,1,-1,0,0,1,67,70,98,110,67,178.16,43,-9,-4,-976,-1,0,0,0,0,0,-25,0,"keyboard-worker","OK",1783193311372,59028,799
586,1783193311508,59165,59165,0,1,-1,0,0,1,67,70,97,110,67,177.97,43,-20,40,-1026,-1,0,0,0,0,0,-25,0,"keyboard-worker","OK",1783193311472,59128,801
587,1783193311615,59272,59272,0,1,-1,0,0,1,67,70,95,110,67,177.77,43,-9,-35,-988,-1,0,0,0,0,0,0,0,"keyboard-worker","OK",1783193311572,59228,803
588,1783193311712,59369,59368,0,1,-1,0,0,1,67,70,94,110,67,177.81,44,-11,-2,-1016,-1,0,0,0,0,0,0,0,"keyboard-worker","OK",1783193311672,59329,805
589,1783193311815,59472,59471,0,1,-1,0,0,1,67,70,93,110,67,178.04,44,3,-2,-1031,-1,0,0,0,0,0,0,0,"keyboard-worker","OK",1783193311773,59429,807
590,1783193311867,59524,59523,0,1,-1,0,0,0,67,70,92,110,67,178.07,44,-3,-31,-1003,-1,0,0,0,0,0,0,0,"keyboard-worker","OK",1783193311823,59479,808
591,1783193311970,59627,59626,0,1,-1,0,0,0,67,70,91,110,67,178.01,44,-14,-4,-1063,-1,0,0,0,0,0,0,0,"keyboard-worker","OK",1783193311923,59579,810
592,1783193312072,59729,59728,0,1,-1,0,0,0,67,70,91,110,67,177.79,44,0,-30,-1001,-1,0,0,0,0,0,0,0,"keyboard-worker","OK",1783193312023,59679,812
593,1783193312170,59827,59826,0,1,-1,0,0,0,67,70,91,110,66,177.91,44,9,-43,-1002,-1,0,0,0,0,0,0,0,"keyboard-worker","OK",1783193312123,59780,814
594,1783193312273,59930,59929,0,1,0,0,0,0,67,70,91,110,66,177.77,44,6,-48,-1000,-1,0,0,0,0,0,0,0,"keyboard-worker","OK",1783193312224,59880,816
595,1783193312374,60031,60030,0,1,0,0,0,0,67,70,91,110,66,178,44,7,-48,-976,-1,0,0,0,0,0,0,0,"keyboard-worker","OK",1783193312374,60030,819
596,1783193312476,60133,60133,0,1,0,0,0,0,67,70,91,110,66,177.99,44,-8,14,-1037,-1,0,0,0,0,0,0,0,"keyboard-worker","OK",1783193312474,60130,821
597,1783193312579,60236,60235,0,1,0,0,0,0,67,70,91,110,66,177.88,44,7,10,-1009,-1,0,0,0,0,0,0,0,"keyboard-worker","OK",1783193312574,60231,823
598,1783193312681,60338,60337,0,1,0,0,0,0,67,70,91,110,66,177.95,45,12,-47,-988,-1,0,0,0,0,0,0,0,"keyboard-worker","OK",1783193312674,60331,825
599,1783193312787,60444,60443,0,1,0,0,0,0,67,70,92,110,66,177.75,45,-16,3,-1009,-1,0,0,0,0,0,25,0,"keyboard-worker","OK",1783193312775,60431,827
600,1783193312892,60549,60548,0,1,0,0,0,0,67,70,92,110,66,177.86,45,-10,-30,-1012,-1,0,0,0,0,0,25,0,"keyboard-worker","OK",1783193312875,60531,829
601,1783193312997,60654,60653,0,1,0,0,0,0,67,70,92,110,66,177.84,45,-23,-63,-1034,-1,0,0,0,0,0,25,0,"keyboard-worker","OK",1783193312975,60631,831
602,1783193313097,60754,60753,-1,1,0,0,0,0,67,70,93,110,66,178,45,-10,2,-1030,-1,0,0,0,0,0,25,0,"keyboard-worker","OK",1783193313075,60732,833
603,1783193313196,60853,60852,-1,1,0,0,0,-1,67,70,94,110,66,178.05,45,-24,-25,-1017,-1,0,0,0,0,0,25,0,"keyboard-worker","OK",1783193313175,60832,835
604,1783193313296,60953,60952,-1,1,0,0,0,-1,67,71,96,110,66,177.92,45,-2,-14,-1006,-1,0,0,0,0,0,25,0,"keyboard-worker","OK",1783193313276,60932,837
605,1783193313394,61051,61050,0,1,0,0,0,-1,67,71,98,110,66,177.94,45,-12,-6,-1008,-1,0,0,0,0,0,25,0,"keyboard-worker","OK",1783193313376,61032,839
606,1783193313498,61155,61154,0,0,0,0,0,-1,67,71,99,110,66,177.69,45,-26,-20,-989,-1,0,0,0,0,0,25,0,"keyboard-worker","OK",1783193313476,61132,841
607,1783193313608,61265,61264,0,0,0,0,0,-1,67,71,101,110,66,177.78,45,-8,-18,-971,-1,0,0,0,0,0,25,0,"keyboard-worker","OK",1783193313576,61233,843
608,1783193313720,61377,61377,-1,1,-1,0,0,-1,67,71,102,120,66,178.09,46,-28,-13,-1008,-1,0,0,0,0,0,25,0,"keyboard-worker","OK",1783193313676,61333,845
609,1783193313819,61476,61476,-1,1,-1,0,0,-1,67,71,103,120,66,177.93,46,-17,-18,-976,-1,0,0,0,0,0,25,0,"keyboard-worker","OK",1783193313777,61433,847
610,1783193313915,61572,61572,-1,1,-1,0,0,-1,67,71,105,120,66,178.08,46,-23,-6,-1005,-1,0,0,0,0,0,25,0,"keyboard-worker","OK",1783193313877,61533,849
611,1783193314004,61661,61660,-1,1,-1,0,0,-1,67,71,105,120,66,178.2,46,-13,-11,-971,-1,0,0,0,0,0,25,0,"keyboard-worker","OK",1783193313977,61633,851
612,1783193314105,61762,61761,-1,1,-1,0,0,-1,67,71,106,120,66,177.76,46,-16,-14,-981,-1,0,0,0,0,0,25,0,"keyboard-worker","OK",1783193314077,61733,853
613,1783193314209,61866,61866,-1,1,-1,0,0,-1,67,71,107,120,65,177.98,46,-4,-14,-993,-1,0,0,0,0,0,25,0,"keyboard-worker","OK",1783193314177,61834,855
614,1783193314308,61965,61964,0,1,-1,0,0,-1,68,70,109,120,65,177.7,46,-19,0,-1030,-1,0,0,0,0,0,25,0,"keyboard-worker","OK",1783193314278,61934,857
615,1783193314413,62070,62069,0,1,-1,0,0,-1,68,70,110,120,65,178.45,46,0,-27,-992,-1,0,0,0,0,0,25,0,"keyboard-worker","OK",1783193314378,62034,859
616,1783193314529,62186,62185,0,1,-1,0,0,-1,68,70,110,120,65,177.8,46,-13,-20,-1031,-1,0,0,0,0,0,25,0,"keyboard-worker","OK",1783193314528,62184,862
617,1783193314617,62274,62274,0,1,0,0,0,-1,68,70,112,130,65,178.01,46,-10,-22,-1007,-1,0,0,0,0,0,25,0,"keyboard-worker","OK",1783193314578,62234,863
618,1783193314739,62396,62395,0,1,0,0,0,-1,68,70,113,130,65,177.98,47,-25,-29,-986,-1,0,0,0,0,0,25,0,"keyboard-worker","OK",1783193314728,62385,866
619,1783193314841,62498,62497,0,1,0,0,0,-1,68,70,114,130,65,177.79,47,7,-21,-994,-1,0,0,0,0,0,25,0,"keyboard-worker","OK",1783193314829,62485,868
620,1783193314945,62602,62602,0,1,0,0,0,-1,68,70,115,130,65,177.97,47,2,-7,-1003,-1,0,0,0,0,0,25,0,"keyboard-worker","OK",1783193314929,62585,870
621,1783193315032,62689,62688,0,1,0,0,0,-1,68,70,117,130,65,177.7,47,-14,-10,-1018,-1,0,0,0,0,0,25,0,"keyboard-worker","OK",1783193315029,62685,872
622,1783193315147,62804,62804,0,1,0,0,0,-1,68,70,118,130,65,178.24,47,-22,-5,-1005,-1,0,0,0,0,0,25,0,"keyboard-worker","OK",1783193315129,62785,874
623,1783193315234,62891,62890,0,1,0,0,0,-1,68,70,119,130,65,177.98,47,0,-12,-996,-1,0,0,0,0,0,25,0,"keyboard-worker","OK",1783193315229,62886,876
624,1783193315346,63003,63002,0,1,0,0,0,-1,69,71,121,130,65,178.31,47,-8,-14,-988,-1,0,0,0,0,0,25,0,"keyboard-worker","OK",1783193315330,62986,878
625,1783193315450,63107,63106,0,1,0,0,0,-1,69,71,122,140,65,178.01,47,-7,-13,-973,-1,0,0,0,0,0,25,0,"keyboard-worker","OK",1783193315430,63086,880
626,1783193315501,63158,63157,0,1,0,0,0,-1,69,71,124,140,65,177.88,47,-9,-7,-990,-1,0,0,0,0,0,25,0,"keyboard-worker","OK",1783193315480,63136,881
627,1783193315617,63274,63273,0,1,0,0,0,-1,69,71,125,140,65,178.42,47,6,-10,-973,-1,0,0,0,0,0,25,0,"keyboard-worker","OK",1783193315580,63236,883
628,1783193315717,63374,63373,0,1,0,0,0,-1,69,71,126,140,65,178.25,48,-4,-16,-991,-1,0,0,0,0,0,25,0,"keyboard-worker","OK",1783193315681,63337,885
629,1783193315808,63465,63464,0,0,-1,0,0,-1,69,71,128,140,65,177.99,48,-8,-9,-990,-1,0,0,0,0,0,25,0,"keyboard-worker","OK",1783193315781,63437,887
630,1783193316082,63739,63739,0,1,-1,0,0,-1,69,71,129,140,65,178.27,48,-9,-13,-1016,-1,0,0,0,0,0,25,0,"keyboard-worker","OK",1783193316081,63738,893
631,1783193316108,63765,63764,0,0,0,0,0,-1,69,71,130,140,65,177.93,48,-4,-12,-996,-1,0,0,0,0,0,25,0,"keyboard-worker","OK",1783193316081,63738,893
632,1783193316128,63785,63785,0,0,0,0,0,-1,69,71,131,150,64,178.14,48,-11,-6,-1009,-1,0,0,0,0,0,25,0,"keyboard-worker","OK",1783193316081,63738,893
633,1783193316249,63906,63905,0,1,0,0,0,-1,69,71,133,150,64,178.19,48,8,-12,-991,-1,0,0,0,0,0,25,0,"keyboard-worker","OK",1783193316232,63888,896
634,1783193316354,64011,64010,0,1,0,0,0,-1,68,71,135,150,64,178.13,48,6,-13,-1007,-1,0,0,0,0,0,25,0,"keyboard-worker","OK",1783193316332,63988,898
635,1783193316472,64129,64128,0,1,0,0,0,-1,68,71,136,150,64,178.13,48,-12,-8,-1001,-1,0,0,0,0,0,0,0,"keyboard-worker","OK",1783193316432,64088,900
636,1783193316516,64173,64172,0,1,0,0,0,-1,68,71,137,150,64,178.43,48,-12,-17,-958,-1,0,0,0,0,0,0,0,"keyboard-worker","OK",1783193316482,64139,901
637,1783193316638,64295,64294,0,1,0,0,0,-1,68,71,139,150,64,178.45,48,-32,7,-962,-1,0,0,0,0,0,0,0,"keyboard-worker","OK",1783193316633,64289,904
638,1783193316715,64372,64371,0,0,0,0,0,0,68,71,139,150,64,177.9,49,10,-13,-973,-1,0,0,0,0,0,0,0,"keyboard-worker","OK",1783193316683,64339,905
639,1783193316842,64499,64498,0,0,0,0,0,0,68,71,140,150,64,177.97,49,-12,-14,-976,-1,0,0,0,0,0,0,0,"keyboard-worker","OK",1783193316833,64489,908
640,1783193316960,64617,64616,0,0,0,0,0,0,68,71,141,150,64,177.89,49,-6,-22,-1001,-1,0,0,0,0,0,0,0,"keyboard-worker","OK",1783193316933,64589,910
641,1783193317039,64696,64696,0,0,0,0,0,0,68,71,142,150,64,178.21,49,-10,-8,-987,-1,0,0,0,0,0,0,0,"keyboard-worker","OK",1783193317033,64690,912
642,1783193317129,64786,64785,0,1,0,0,0,0,68,71,141,150,64,177.76,49,-7,0,-1003,-1,0,0,0,0,0,0,0,"keyboard-worker","OK",1783193317084,64740,913
643,1783193317316,64973,64972,0,1,0,0,0,0,68,71,141,160,64,178.15,49,-23,-7,-1002,-1,0,0,0,0,0,-25,0,"keyboard-worker","OK",1783193317284,64940,917
644,1783193317340,64997,64996,0,1,0,0,0,0,67,71,142,160,64,178.4,49,2,-7,-987,-1,0,0,0,0,0,-25,0,"keyboard-worker","OK",1783193317334,64990,918
645,1783193317442,65099,65098,0,1,0,0,0,0,67,71,141,160,64,177.87,49,0,-19,-980,-1,0,0,0,0,0,-25,0,"keyboard-worker","OK",1783193317434,65091,920
646,1783193317540,65197,65197,0,0,0,0,0,0,67,71,141,150,64,178.17,49,-21,-5,-974,-1,0,0,0,0,0,-25,0,"keyboard-worker","OK",1783193317534,65191,922
647,1783193317649,65306,65305,0,0,0,0,0,0,67,71,141,150,64,178.21,49,6,-4,-976,-1,0,0,0,0,0,-25,0,"keyboard-worker","OK",1783193317635,65291,924
648,1783193317758,65415,65415,0,0,0,0,0,0,67,71,139,150,64,177.92,50,1,-6,-982,-1,0,0,0,0,0,-25,0,"keyboard-worker","OK",1783193317735,65391,926
649,1783193317854,65511,65510,0,0,0,0,0,1,67,71,139,150,64,177.92,50,2,-10,-992,-1,0,0,0,0,0,-25,0,"keyboard-worker","OK",1783193317835,65491,928
650,1783193317976,65633,65633,0,0,-1,0,0,1,67,71,138,150,64,177.88,50,10,-8,-981,-1,0,0,0,0,0,-25,0,"keyboard-worker","OK",1783193317935,65592,930
651,1783193318035,65692,65691,0,0,-1,0,0,1,67,71,137,150,64,178.06,50,14,-6,-991,-1,0,0,0,0,0,-25,0,"keyboard-worker","OK",1783193317985,65642,931
652,1783193318135,65792,65791,0,0,-1,0,0,1,67,71,135,150,63,178.15,50,-10,-7,-994,-1,0,0,0,0,0,-25,0,"keyboard-worker","OK",1783193318086,65742,933
653,1783193318250,65907,65906,0,0,-1,0,0,1,67,71,133,150,63,177.79,50,2,-11,-1009,-1,0,0,0,0,0,-25,0,"keyboard-worker","OK",1783193318236,65892,936
654,1783193318350,66007,66006,0,0,-1,0,0,1,69,71,132,150,63,177.72,50,-10,-17,-1000,-1,0,0,0,0,0,-25,0,"keyboard-worker","OK",1783193318336,65992,938
655,1783193318440,66097,66096,0,0,-1,0,0,1,69,71,131,150,63,177.81,50,-3,-3,-999,-1,0,0,0,0,0,-25,0,"keyboard-worker","OK",1783193318436,66093,940
656,1783193318563,66220,66219,0,0,-1,0,0,1,69,71,129,140,63,177.82,50,-16,-26,-1015,-1,0,0,0,0,0,-25,0,"keyboard-worker","OK",1783193318537,66193,942
657,1783193318640,66297,66296,0,0,-1,0,0,1,69,71,128,140,63,177.71,50,-3,-42,-973,-1,0,0,0,0,0,-25,0,"keyboard-worker","OK",1783193318637,66293,944
658,1783193318739,66396,66395,0,0,-1,0,0,1,69,71,127,140,63,178.06,51,-6,17,-1016,-1,0,0,0,0,0,-25,0,"keyboard-worker","OK",1783193318737,66393,946
659,1783193318837,66494,66493,0,0,-1,0,0,1,69,71,125,140,63,177.88,51,-1,61,-1009,-1,0,0,0,0,0,-25,0,"keyboard-worker","OK",1783193318837,66493,948
660,1783193318949,66606,66605,0,0,-1,0,0,1,69,71,124,140,63,177.95,51,0,-26,-1001,-1,0,0,0,0,0,-25,0,"keyboard-worker","OK",1783193318937,66594,950
661,1783193319040,66697,66697,0,0,-1,0,0,1,69,71,123,140,63,177.8,51,-6,7,-1018,-1,0,0,0,0,0,-25,0,"keyboard-worker","OK",1783193319038,66694,952
662,1783193319142,66799,66798,0,0,-1,0,0,1,69,71,122,140,63,177.72,51,0,9,-1011,-1,0,0,0,0,0,-25,0,"keyboard-worker","OK",1783193319138,66794,954
663,1783193319244,66901,66900,0,0,-1,0,0,1,69,71,121,130,63,177.77,51,-7,-50,-991,-1,0,0,0,0,0,-25,0,"keyboard-worker","OK",1783193319238,66894,956
664,1783193319346,67003,67002,0,0,-1,0,0,1,69,71,120,130,63,178.04,51,-13,14,-1035,-1,0,0,0,0,0,-25,0,"keyboard-worker","OK",1783193319338,66995,958
665,1783193319448,67105,67104,0,0,-1,0,0,1,69,71,119,130,63,178.11,51,13,-49,-976,-1,0,0,0,0,0,-25,0,"keyboard-worker","OK",1783193319439,67095,960
666,1783193319551,67208,67207,0,0,-1,0,0,1,69,71,118,130,63,177.93,51,7,-29,-987,-1,0,0,0,0,0,-25,0,"keyboard-worker","OK",1783193319539,67195,962
667,1783193319652,67309,67308,0,0,-1,0,0,1,69,71,117,130,63,177.65,51,-9,-15,-972,-1,0,0,0,0,0,-25,0,"keyboard-worker","OK",1783193319639,67295,964
668,1783193319704,67361,67360,0,0,-1,0,0,1,69,71,116,130,63,177.84,52,12,-14,-1025,-1,0,0,0,0,0,-25,0,"keyboard-worker","OK",1783193319689,67346,965
669,1783193319804,67461,67460,0,0,-1,0,0,1,69,71,115,130,63,177.92,52,10,-48,-1005,-1,0,0,0,0,0,-25,0,"keyboard-worker","OK",1783193319790,67446,967
670,1783193319908,67565,67564,0,0,-1,0,0,1,69,71,113,130,63,178.06,52,-2,-28,-989,-1,0,0,0,0,0,-25,0,"keyboard-worker","OK",1783193319890,67546,969
671,1783193320008,67665,67664,0,0,-1,0,0,1,69,71,112,130,63,177.78,52,19,-2,-973,-1,0,0,0,0,0,-25,0,"keyboard-worker","OK",1783193319990,67646,971
672,1783193320109,67766,67765,0,0,-1,0,0,1,69,71,110,130,62,177.71,52,11,-14,-1006,-1,0,0,0,0,0,-25,0,"keyboard-worker","OK",1783193320090,67746,973
673,1783193320211,67868,67867,0,1,-1,0,0,1,69,71,109,120,62,177.88,52,-16,-4,-989,-1,0,0,0,0,0,0,0,"keyboard-worker","OK",1783193320190,67847,975
674,1783193320312,67969,67969,0,1,-1,0,0,1,69,72,107,120,62,177.7,52,15,-32,-1013,-1,0,0,0,0,0,0,0,"keyboard-worker","OK",1783193320290,67947,977
675,1783193320420,68077,68077,0,0,-1,0,0,0,69,72,107,120,62,177.62,52,-6,-6,-1016,-1,0,0,0,0,0,0,0,"keyboard-worker","OK",1783193320391,68047,979
676,1783193320516,68173,68172,0,0,-1,0,0,0,69,72,106,120,62,177.52,52,8,-14,-1060,-1,0,0,0,0,0,0,0,"keyboard-worker","OK",1783193320491,68147,981
677,1783193320618,68275,68275,0,0,-1,0,0,0,69,72,106,120,62,177.52,52,0,8,-1033,-1,0,0,0,0,0,0,0,"keyboard-worker","OK",1783193320591,68247,983
678,1783193320719,68376,68375,0,0,-1,0,0,0,69,72,106,120,62,177.43,53,-3,10,-1018,-1,0,0,0,0,0,0,0,"keyboard-worker","OK",1783193320691,68348,985
679,1783193320824,68481,68480,0,0,-1,0,0,0,69,72,106,120,62,177.56,53,-16,4,-1017,-1,0,0,0,0,0,0,0,"keyboard-worker","OK",1783193320792,68448,987
680,1783193320928,68585,68584,0,0,-1,0,0,0,69,72,106,120,62,177.63,53,-25,31,-1003,-1,0,0,0,0,0,0,0,"keyboard-worker","OK",1783193320892,68548,989
681,1783193321028,68685,68684,0,0,-1,0,0,0,69,72,106,120,62,177.43,53,27,-34,-988,-1,0,0,0,0,0,0,0,"keyboard-worker","OK",1783193320992,68648,991
682,1783193321129,68786,68785,0,0,-1,0,0,0,69,72,106,120,62,177.47,53,4,-44,-989,-1,0,0,0,0,0,0,0,"keyboard-worker","OK",1783193321092,68749,993
683,1783193321230,68887,68887,0,0,-1,0,0,0,69,72,106,120,62,177.49,53,15,1,-1020,-1,0,0,0,0,0,25,0,"keyboard-worker","OK",1783193321193,68849,995
684,1783193321330,68987,68986,0,0,-1,0,0,0,69,71,106,120,62,177.74,53,-3,42,-1006,-1,0,0,0,0,0,25,0,"keyboard-worker","OK",1783193321293,68949,997
685,1783193321433,69090,69089,0,0,-1,0,0,0,69,71,106,120,62,177.58,53,9,-13,-1015,-1,0,0,0,0,0,25,0,"keyboard-worker","OK",1783193321393,69049,999
686,1783193321533,69190,69190,0,0,-1,0,0,0,69,71,107,120,62,177.62,53,-11,-31,-1016,-1,0,0,0,0,0,25,0,"keyboard-worker","OK",1783193321493,69149,1001
687,1783193321636,69293,69292,0,0,-1,0,0,0,69,71,107,120,62,177.64,53,9,-32,-1017,-1,0,0,0,0,0,25,0,"keyboard-worker","OK",1783193321593,69250,1003
688,1783193321739,69396,69395,0,0,-1,0,0,0,69,71,108,120,62,177.64,54,6,18,-989,-1,0,0,0,0,0,25,0,"keyboard-worker","OK",1783193321694,69350,1005
689,1783193321838,69495,69494,0,0,0,0,0,0,69,71,109,120,62,177.88,54,19,46,-1027,-1,0,0,0,0,0,25,0,"keyboard-worker","OK",1783193321794,69450,1007
690,1783193321943,69600,69599,0,0,0,0,0,-1,69,71,110,120,62,177.7,54,15,-50,-983,-1,0,0,0,0,0,25,0,"keyboard-worker","OK",1783193321894,69550,1009
691,1783193322045,69702,69701,0,0,0,0,0,-1,69,71,112,120,62,177.99,54,7,7,-1014,-1,0,0,0,0,0,25,0,"keyboard-worker","OK",1783193322044,69701,1012
692,1783193322143,69800,69799,0,0,0,0,0,-1,69,71,113,130,61,177.86,54,-4,12,-1010,-1,0,0,0,0,0,25,0,"keyboard-worker","OK",1783193322095,69751,1013
693,1783193322245,69902,69901,0,0,0,0,0,-1,69,71,114,130,61,177.68,54,-7,47,-1033,-1,0,0,0,0,0,25,0,"keyboard-worker","OK",1783193322245,69901,1016
694,1783193322347,70004,70003,0,0,0,0,0,-1,69,72,116,130,61,177.69,54,11,-24,-985,-1,0,0,0,0,0,25,0,"keyboard-worker","OK",1783193322345,70001,1018
695,1783193322448,70105,70105,0,0,0,0,0,-1,69,72,117,130,61,177.86,54,-3,-5,-971,-1,0,0,0,0,0,25,0,"keyboard-worker","OK",1783193322445,70102,1020
696,1783193322551,70208,70208,0,0,0,0,0,-1,69,72,118,130,61,177.89,54,-18,-17,-1018,-1,0,0,0,0,0,25,0,"keyboard-worker","OK",1783193322545,70202,1022
697,1783193322660,70317,70316,0,0,0,0,0,-1,69,72,120,130,61,177.58,55,-17,-7,-995,-1,0,0,0,0,0,25,0,"keyboard-worker","OK",1783193322646,70302,1024
698,1783193322760,70417,70416,0,0,0,0,0,-1,69,72,122,130,61,177.76,55,5,-7,-973,-1,0,0,0,0,0,25,0,"keyboard-worker","OK",1783193322746,70402,1026
699,1783193322858,70515,70514,0,1,0,0,0,-1,69,72,123,140,61,177.96,55,-12,-5,-999,-1,0,0,0,0,0,25,0,"keyboard-worker","OK",1783193322846,70502,1028
700,1783193322957,70614,70614,0,0,0,0,0,-1,69,72,125,140,61,178.01,55,-17,-8,-1011,-1,0,0,0,0,0,25,0,"keyboard-worker","OK",1783193322946,70603,1030
701,1783193323059,70716,70715,0,0,0,0,0,-1,69,72,127,140,61,177.82,55,-9,-16,-997,-1,0,0,0,0,0,25,0,"keyboard-worker","OK",1783193323047,70703,1032
702,1783193323161,70818,70817,0,0,0,0,0,-1,69,72,128,140,61,178.04,55,-11,-5,-1000,-1,0,0,0,0,0,25,0,"keyboard-worker","OK",1783193323147,70803,1034
703,1783193323212,70869,70868,0,0,0,0,0,-1,69,72,130,140,61,178.02,55,-16,-3,-1012,-1,0,0,0,0,0,25,0,"keyboard-worker","OK",1783193323197,70853,1035
704,1783193323384,71041,71041,0,0,0,0,0,-1,70,72,132,140,61,178.19,55,-28,-6,-986,-1,0,0,0,0,0,25,0,"keyboard-worker","OK",1783193323347,71003,1038
705,1783193323511,71168,71167,0,1,0,0,0,-1,70,72,134,150,61,178.15,55,-19,8,-980,-1,0,0,0,0,0,25,0,"keyboard-worker","OK",1783193323497,71154,1041
706,1783193323535,71192,71191,0,0,0,0,0,-1,70,72,135,150,61,178.15,55,5,2,-994,-1,0,0,0,0,0,25,0,"keyboard-worker","OK",1783193323497,71154,1041
707,1783193323624,71281,71281,0,0,0,0,0,-1,70,72,136,150,61,177.91,56,-30,-7,-998,-1,0,0,0,0,0,25,0,"keyboard-worker","OK",1783193323598,71254,1043
708,1783193323725,71382,71381,0,1,0,0,0,-1,70,72,137,150,61,178.2,56,17,-14,-1005,-1,0,0,0,0,0,25,0,"keyboard-worker","OK",1783193323698,71354,1045
709,1783193323827,71484,71483,0,1,0,0,0,-1,70,72,139,150,61,177.93,56,-8,-7,-994,-1,0,0,0,0,0,25,0,"keyboard-worker","OK",1783193323798,71454,1047
710,1783193323928,71585,71584,0,1,0,0,0,-1,70,72,140,150,61,178.07,56,14,-12,-1003,-1,0,0,0,0,0,25,0,"keyboard-worker","OK",1783193323898,71554,1049
711,1783193324030,71687,71686,0,1,0,0,0,-1,70,72,141,150,61,178.2,56,-14,0,-994,-1,0,0,0,0,0,25,0,"keyboard-worker","OK",1783193323998,71655,1051
712,1783193324132,71789,71788,0,0,0,0,0,-1,70,72,142,160,60,178.21,56,-16,-12,-1003,-1,0,0,0,0,0,25,0,"keyboard-worker","OK",1783193324099,71755,1053
713,1783193324233,71890,71890,0,0,0,0,0,-1,70,72,144,160,60,178.04,56,-22,-1,-1008,-1,0,0,0,0,0,25,0,"keyboard-worker","OK",1783193324199,71855,1055
714,1783193324335,71992,71991,0,1,0,0,0,-1,70,73,145,160,60,178.33,56,17,-16,-1008,-1,0,0,0,0,0,25,0,"keyboard-worker","OK",1783193324299,71955,1057
715,1783193324438,72095,72094,0,0,0,0,0,-1,70,73,147,160,60,178.44,56,-9,-1,-992,-1,0,0,0,0,0,25,0,"keyboard-worker","OK",1783193324399,72055,1059
716,1783193324539,72196,72196,0,0,0,0,0,-1,70,73,149,160,60,178.04,56,-19,-7,-1004,-1,0,0,0,0,0,25,0,"keyboard-worker","OK",1783193324499,72156,1061
717,1783193324641,72298,72297,0,0,0,0,0,-1,70,73,149,160,60,177.87,57,1,-11,-1015,-1,0,0,0,0,0,25,0,"keyboard-worker","OK",1783193324600,72256,1063
718,1783193324743,72400,72399,0,0,0,0,0,-1,70,73,151,160,60,178.15,57,3,-7,-996,-1,0,0,0,0,0,25,0,"keyboard-worker","OK",1783193324700,72356,1065
719,1783193324848,72505,72504,0,0,0,0,0,-1,70,73,152,160,60,177.97,57,11,-16,-982,-1,0,0,0,0,0,25,0,"keyboard-worker","OK",1783193324800,72456,1067
720,1783193324949,72606,72605,0,0,0,0,0,-1,70,73,153,170,60,178.12,57,4,-2,-986,-1,0,0,0,0,0,0,0,"keyboard-worker","OK",1783193324900,72556,1069
721,1783193325049,72706,72705,0,0,0,0,0,-1,70,73,155,170,60,178.06,57,5,-11,-943,-1,0,0,0,0,0,0,0,"keyboard-worker","OK",1783193325000,72657,1071
722,1783193325149,72806,72805,0,0,0,0,0,0,70,73,156,170,60,178.3,57,-10,2,-1018,-1,0,0,0,0,0,0,0,"keyboard-worker","OK",1783193325101,72757,1073
723,1783193325251,72908,72907,0,0,0,0,0,0,70,73,156,170,60,178.17,57,11,-5,-945,-1,0,0,0,0,0,0,0,"keyboard-worker","OK",1783193325251,72907,1076
724,1783193325353,73010,73009,0,0,0,0,0,0,70,72,157,170,60,178.12,57,-5,-18,-1001,-1,0,0,0,0,0,0,0,"keyboard-worker","OK",1783193325351,73008,1078
725,1783193325454,73111,73110,0,0,0,0,0,0,70,72,155,170,60,178.07,57,1,-16,-964,-1,0,0,0,0,0,0,0,"keyboard-worker","OK",1783193325452,73108,1080
726,1783193325556,73213,73212,0,0,0,0,0,0,70,72,155,170,60,178.33,57,10,-11,-957,-1,0,0,0,0,0,-25,0,"keyboard-worker","OK",1783193325552,73208,1082
727,1783193325658,73315,73314,0,0,0,0,0,0,70,72,156,170,60,178.3,58,21,-5,-952,-1,0,0,0,0,0,-25,0,"keyboard-worker","OK",1783193325652,73308,1084
728,1783193325760,73417,73416,0,0,0,0,0,0,70,72,155,170,60,178.52,58,16,-18,-945,-1,0,0,0,0,0,-25,0,"keyboard-worker","OK",1783193325752,73408,1086
729,1783193325861,73518,73517,0,0,0,0,0,0,70,72,153,170,60,178.24,58,-12,-12,-990,-1,0,0,0,0,0,-25,0,"keyboard-worker","OK",1783193325852,73509,1088
730,1783193325963,73620,73619,0,0,0,0,0,0,70,72,153,170,60,178.01,58,-18,1,-955,-1,0,0,0,0,0,-25,0,"keyboard-worker","OK",1783193325953,73609,1090
731,1783193326065,73722,73721,0,0,0,0,0,1,70,72,152,170,60,178.2,58,-9,-8,-980,-1,0,0,0,0,0,-25,0,"keyboard-worker","OK",1783193326053,73709,1092
732,1783193326166,73823,73822,0,0,0,0,0,1,70,72,150,170,60,178.41,58,9,-9,-1002,-1,0,0,0,0,0,-25,0,"keyboard-worker","OK",1783193326153,73809,1094
733,1783193326267,73924,73924,0,0,-1,0,0,1,70,72,149,160,60,178.39,58,-9,-4,-984,-1,0,0,0,0,0,-25,0,"keyboard-worker","OK",1783193326253,73909,1096
734,1783193326371,74028,74027,0,1,-1,0,0,1,70,73,148,160,60,177.84,58,11,-12,-996,-1,0,0,0,0,0,-25,0,"keyboard-worker","OK",1783193326353,74010,1098
735,1783193326477,74134,74133,0,1,-1,0,0,1,70,73,146,160,60,178.2,58,-17,-7,-1001,-1,0,0,0,0,0,-25,0,"keyboard-worker","OK",1783193326454,74110,1100
736,1783193326525,74182,74181,0,1,-1,0,0,1,70,73,145,160,60,178.09,58,-20,0,-1005,-1,0,0,0,0,0,-25,0,"keyboard-worker","OK",1783193326504,74160,1101
737,1783193326627,74284,74283,0,0,-1,0,0,1,70,73,143,160,60,178.06,59,-1,-5,-1005,-1,0,0,0,0,0,-25,0,"keyboard-worker","OK",1783193326604,74260,1103
738,1783193326729,74386,74385,0,0,-1,0,0,1,70,73,142,160,60,178.27,59,15,-7,-997,-1,0,0,0,0,0,-25,0,"keyboard-worker","OK",1783193326704,74360,1105
739,1783193326831,74488,74487,0,0,-1,0,0,1,70,73,141,160,60,178.07,59,8,-13,-991,-1,0,0,0,0,0,-25,0,"keyboard-worker","OK",1783193326804,74461,1107
740,1783193326932,74589,74588,0,1,-1,0,0,1,70,73,140,150,60,177.92,59,4,-2,-997,-1,0,0,0,0,0,-25,0,"keyboard-worker","OK",1783193326905,74561,1109
741,1783193327034,74691,74690,0,0,-1,0,0,1,70,73,138,150,60,178.08,59,-13,-10,-1016,-1,0,0,0,0,0,-25,0,"keyboard-worker","OK",1783193327005,74661,1111
742,1783193327149,74806,74805,0,0,-1,0,0,1,70,73,137,150,60,178.02,59,-27,-21,-1003,-1,0,0,0,0,0,-25,0,"keyboard-worker","OK",1783193327105,74761,1113
743,1783193327246,74903,74902,0,1,-1,0,0,1,70,73,135,150,60,177.91,59,14,-9,-974,-1,0,0,0,0,0,-25,0,"keyboard-worker","OK",1783193327206,74863,1115
744,1783193327348,75005,75004,0,1,-1,0,0,1,70,73,134,150,60,177.76,59,-15,-12,-1012,-1,0,0,0,0,0,-25,0,"keyboard-worker","OK",1783193327307,74964,1117
745,1783193327446,75103,75103,0,0,-1,0,0,1,70,73,133,150,60,177.96,59,-3,-13,-979,-1,0,0,0,0,0,-25,0,"keyboard-worker","OK",1783193327408,75065,1119
746,1783193327552,75209,75208,0,1,-1,0,0,1,70,73,132,150,60,177.92,59,-9,8,-1002,-1,0,0,0,0,0,-25,0,"keyboard-worker","OK",1783193327509,75165,1121
747,1783193327656,75313,75312,0,1,-1,0,0,1,70,73,130,140,60,177.64,60,-4,-54,-980,-1,0,0,0,0,0,-25,0,"keyboard-worker","OK",1783193327610,75266,1123
748,1783193327768,75425,75425,0,1,-1,0,0,1,70,73,130,140,60,177.8,60,-14,16,-1027,-1,0,0,0,0,0,-25,0,"keyboard-worker","OK",1783193327761,75417,1126
749,1783193327872,75529,75528,0,1,-1,0,0,1,70,73,128,140,60,178.03,60,-13,11,-1034,-1,0,0,0,0,0,-25,0,"keyboard-worker","OK",1783193327861,75518,1128
750,1783193327962,75619,75618,0,1,-1,0,0,1,70,73,127,140,60,178.09,60,26,2,-967,-1,0,0,0,0,0,-25,0,"keyboard-worker","OK",1783193327962,75618,1130
751,1783193328065,75722,75721,0,1,-1,0,0,1,70,73,126,140,60,177.85,60,-28,-19,-1010,-1,0,0,0,0,0,-25,0,"keyboard-worker","OK",1783193328063,75719,1132
752,1783193328167,75824,75824,0,1,-1,0,0,1,70,73,125,140,60,177.84,60,-15,-27,-1012,-1,0,0,0,0,0,-25,0,"keyboard-worker","OK",1783193328164,75820,1134
753,1783193328270,75927,75927,0,1,-1,0,0,1,70,73,123,140,60,177.67,60,-4,-16,-959,-1,0,0,0,0,0,-25,0,"keyboard-worker","OK",1783193328265,75921,1136
754,1783193328373,76030,76030,0,1,-1,0,0,1,71,73,122,140,60,177.96,60,-32,-23,-1010,-1,0,0,0,0,0,-25,0,"keyboard-worker","OK",1783193328365,76022,1138
755,1783193328478,76135,76134,0,0,-1,0,0,1,71,73,121,140,60,177.94,60,-9,-24,-1011,-1,0,0,0,0,0,-25,0,"keyboard-worker","OK",1783193328467,76123,1140
756,1783193328580,76237,76237,0,0,-1,0,0,1,71,73,120,130,60,177.6,60,-33,18,-1010,-1,0,0,0,0,0,-25,0,"keyboard-worker","OK",1783193328568,76224,1142
757,1783193328686,76343,76342,0,0,-1,0,0,1,71,73,118,130,60,177.49,61,-46,-1,-1029,-1,0,0,0,0,0,-25,0,"keyboard-worker","OK",1783193328668,76325,1144
758,1783193328792,76449,76448,0,0,-1,0,0,1,71,73,117,130,60,177.85,61,21,-36,-974,-1,0,0,0,0,0,-25,0,"keyboard-worker","OK",1783193328770,76426,1146
759,1783193328894,76551,76551,0,1,-1,0,0,1,71,73,116,130,60,177.7,61,-5,-32,-1044,-1,0,0,0,0,0,-25,0,"keyboard-worker","OK",1783193328870,76527,1148
760,1783193328996,76653,76653,0,1,-1,0,0,1,71,73,114,130,60,177.44,61,-14,36,-998,-1,0,0,0,0,0,-25,0,"keyboard-worker","OK",1783193328972,76628,1150
761,1783193329103,76760,76759,0,1,-1,0,0,1,71,73,112,130,60,177.84,61,17,-19,-987,-1,0,0,0,0,0,-25,0,"keyboard-worker","OK",1783193329073,76729,1152
762,1783193329200,76857,76856,0,1,-1,0,0,1,71,73,111,130,60,177.88,61,1,-28,-997,-1,0,0,0,0,0,-25,0,"keyboard-worker","OK",1783193329173,76830,1154
763,1783193329308,76965,76964,0,1,-1,0,0,1,71,73,110,120,60,177.84,61,-13,1,-997,-1,0,0,0,0,0,-25,0,"keyboard-worker","OK",1783193329274,76931,1156
764,1783193329405,77062,77061,0,1,-1,0,0,1,70,73,108,120,60,177.59,61,-2,-44,-1018,-1,0,0,0,0,0,0,0,"keyboard-worker","OK",1783193329375,77031,1158
765,1783193329518,77175,77174,0,1,-1,0,0,1,70,73,107,120,60,177.56,61,-10,-5,-1051,-1,0,0,0,0,0,0,0,"keyboard-worker","OK",1783193329476,77132,1160
766,1783193329611,77268,77267,0,1,-1,0,0,1,70,73,105,120,60,177.69,61,-24,-50,-1024,-1,0,0,0,0,0,0,0,"keyboard-worker","OK",1783193329577,77233,1162
767,1783193329714,77371,77370,0,1,-1,0,0,0,70,73,105,120,60,177.61,62,-16,-41,-1043,-1,0,0,0,0,0,0,0,"keyboard-worker","OK",1783193329677,77334,1164
768,1783193329816,77473,77473,0,1,-1,0,0,0,70,73,104,120,60,177.87,62,12,-47,-990,-1,0,0,0,0,0,0,0,"keyboard-worker","OK",1783193329778,77434,1166
769,1783193329920,77577,77576,0,1,-1,0,0,0,70,73,103,120,60,177.5,62,-2,5,-1026,-1,0,0,0,0,0,0,0,"keyboard-worker","OK",1783193329878,77534,1168
770,1783193330022,77679,77678,0,1,-1,0,0,0,70,73,103,120,60,177.57,62,27,0,-992,-1,0,0,0,0,0,0,0,"keyboard-worker","OK",1783193329978,77634,1170
771,1783193330073,77730,77730,0,1,-1,0,0,0,70,73,103,120,60,177.81,62,-5,-44,-999,-1,0,0,0,0,0,0,0,"keyboard-worker","OK",1783193330028,77684,1171
772,1783193330176,77833,77832,0,1,-1,0,0,0,70,73,103,120,60,177.45,62,-52,2,-1021,-1,0,0,0,0,0,0,0,"keyboard-worker","OK",1783193330128,77785,1173
773,1783193330278,77935,77935,0,1,-1,0,0,0,70,73,103,120,60,177.64,62,-9,-20,-986,-1,0,0,0,0,0,0,0,"keyboard-worker","OK",1783193330229,77885,1175
774,1783193330433,78090,78090,0,1,-1,0,0,0,71,74,103,120,60,177.55,62,-10,-3,-987,-1,0,0,0,0,0,25,0,"keyboard-worker","OK",1783193330429,78085,1179
775,1783193330546,78203,78202,0,1,-1,0,0,0,71,74,103,120,60,177.49,62,-4,-4,-957,-1,0,0,0,0,0,25,0,"keyboard-worker","OK",1783193330530,78186,1181
776,1783193330650,78307,78307,0,1,-1,0,0,0,71,74,103,120,60,177.61,62,42,-21,-983,-1,0,0,0,0,0,25,0,"keyboard-worker","OK",1783193330630,78286,1183
777,1783193330761,78418,78417,0,1,0,0,0,0,71,74,104,120,60,177.5,63,-10,-8,-1000,-1,0,0,0,0,0,25,0,"keyboard-worker","OK",1783193330731,78387,1185
778,1783193330852,78509,78508,0,1,0,0,0,0,71,74,105,120,60,177.66,63,-16,-13,-1017,-1,0,0,0,0,0,25,0,"keyboard-worker","OK",1783193330831,78488,1187
779,1783193330894,78551,78551,0,1,0,0,0,0,71,74,106,120,60,177.6,63,-17,21,-1000,-1,0,0,0,0,0,25,0,"keyboard-worker","OK",1783193330882,78538,1188
780,1783193330997,78654,78653,0,1,0,0,0,-1,71,74,107,120,60,177.66,63,-21,-11,-1000,-1,0,0,0,0,0,25,0,"keyboard-worker","OK",1783193330982,78638,1190
781,1783193331100,78757,78756,0,0,0,0,0,-1,71,74,108,120,59,177.69,63,-22,-19,-1036,-1,0,0,0,0,0,25,0,"keyboard-worker","OK",1783193331082,78739,1192
782,1783193331204,78861,78860,0,0,0,0,0,-1,71,74,109,120,59,177.89,63,14,2,-1000,-1,0,0,0,0,0,25,0,"keyboard-worker","OK",1783193331183,78839,1194
783,1783193331306,78963,78962,0,0,0,0,0,-1,71,74,111,120,59,177.59,63,-33,-38,-980,-1,0,0,0,0,0,25,0,"keyboard-worker","OK",1783193331283,78939,1196
784,1783193331414,79071,79070,0,0,0,0,0,-1,71,74,113,130,59,177.81,63,6,-2,-978,-1,0,0,0,0,0,25,0,"keyboard-worker","OK",1783193331383,79040,1198
785,1783193331514,79171,79170,0,0,0,0,0,-1,71,74,115,130,59,177.86,63,16,-20,-1008,-1,0,0,0,0,0,25,0,"keyboard-worker","OK",1783193331484,79140,1200
786,1783193331615,79272,79272,0,0,0,0,0,-1,71,74,116,130,59,178.02,63,-1,-6,-1015,-1,0,0,0,0,0,25,0,"keyboard-worker","OK",1783193331584,79240,1202
787,1783193331716,79373,79372,0,1,0,0,0,-1,71,74,117,130,59,177.64,64,-16,-18,-996,-1,0,0,0,0,0,25,0,"keyboard-worker","OK",1783193331684,79341,1204
788,1783193331818,79475,79474,0,1,0,0,0,-1,71,74,119,130,59,177.41,64,-18,-8,-992,-1,0,0,0,0,0,25,0,"keyboard-worker","OK",1783193331785,79441,1206
789,1783193331921,79578,79577,0,1,0,0,0,-1,71,74,120,130,59,177.46,64,-10,-26,-965,-1,0,0,0,0,0,25,0,"keyboard-worker","OK",1783193331885,79542,1208
790,1783193332023,79680,79679,0,1,0,0,0,-1,71,74,121,130,59,177.87,64,-20,-14,-991,-1,0,0,0,0,0,25,0,"keyboard-worker","OK",1783193331986,79642,1210
791,1783193332126,79783,79782,0,1,0,0,0,-1,71,74,123,130,59,177.72,64,-24,-3,-1027,-1,0,0,0,0,0,25,0,"keyboard-worker","OK",1783193332087,79743,1212
792,1783193332228,79885,79884,0,1,0,0,0,-1,71,74,124,140,59,177.59,64,12,-9,-989,-1,0,0,0,0,0,25,0,"keyboard-worker","OK",1783193332187,79843,1214
793,1783193332330,79987,79987,0,1,0,0,0,-1,71,74,126,140,59,177.71,64,-25,-5,-1022,-1,0,0,0,0,0,25,0,"keyboard-worker","OK",1783193332287,79943,1216
794,1783193332436,80093,80092,0,0,0,0,0,-1,72,74,127,140,59,177.45,64,2,-11,-993,-1,0,0,0,0,0,25,0,"keyboard-worker","OK",1783193332387,80044,1218
795,1783193332535,80192,80192,0,0,0,0,0,-1,72,74,128,140,59,178.16,64,7,3,-995,-1,0,0,0,0,0,25,0,"keyboard-worker","OK",1783193332488,80144,1220
796,1783193332639,80296,80295,0,0,0,0,0,-1,72,74,130,140,59,177.75,64,-7,-8,-1001,-1,0,0,0,0,0,25,0,"keyboard-worker","OK",1783193332638,80295,1223
797,1783193332740,80397,80396,0,0,0,0,0,-1,72,74,132,140,59,177.8,65,-14,-12,-994,-1,0,0,0,0,0,25,0,"keyboard-worker","OK",1783193332739,80395,1225
798,1783193332844,80501,80500,0,0,0,0,0,-1,72,74,133,140,59,177.51,65,-19,-2,-976,-1,0,0,0,0,0,25,0,"keyboard-worker","OK",1783193332840,80496,1227
799,1783193332949,80606,80605,0,0,0,0,0,-1,72,74,135,150,59,177.6,65,0,-7,-1012,-1,0,0,0,0,0,25,0,"keyboard-worker","OK",1783193332940,80597,1229
800,1783193333052,80709,80708,0,1,0,0,0,-1,72,74,136,150,59,177.86,65,17,-14,-1004,-1,0,0,0,0,0,25,0,"keyboard-worker","OK",1783193333041,80697,1231
801,1783193333156,80813,80812,0,1,0,0,0,-1,72,74,137,150,59,177.93,65,-18,-1,-1001,-1,0,0,0,0,0,25,0,"keyboard-worker","OK",1783193333141,80798,1233
802,1783193333258,80915,80914,0,0,0,0,0,-1,72,74,139,150,59,177.79,65,-11,0,-962,-1,0,0,0,0,0,25,0,"keyboard-worker","OK",1783193333242,80898,1235
803,1783193333357,81014,81013,0,0,0,0,0,-1,72,74,141,150,59,178.05,65,8,-14,-1002,-1,0,0,0,0,0,25,0,"keyboard-worker","OK",1783193333342,80999,1237
804,1783193333457,81114,81113,0,0,0,0,0,-1,71,73,141,150,59,177.8,65,-7,-9,-1012,-1,0,0,0,0,0,25,0,"keyboard-worker","OK",1783193333443,81099,1239
805,1783193333559,81216,81215,0,0,0,0,0,-1,71,73,143,150,59,178.1,65,-13,-18,-1014,-1,0,0,0,0,0,25,0,"keyboard-worker","OK",1783193333543,81200,1241
806,1783193333661,81318,81318,0,0,0,0,0,-1,71,73,145,160,59,177.98,65,12,0,-993,-1,0,0,0,0,0,25,0,"keyboard-worker","OK",1783193333644,81300,1243
807,1783193333764,81421,81420,0,0,0,0,0,-1,71,73,146,160,59,177.7,66,-6,-12,-1004,-1,0,0,0,0,0,25,0,"keyboard-worker","OK",1783193333745,81401,1245
808,1783193333866,81523,81522,0,0,0,0,0,-1,71,73,147,160,59,177.81,66,-33,5,-1009,-1,0,0,0,0,0,25,0,"keyboard-worker","OK",1783193333845,81501,1247
809,1783193333968,81625,81624,0,0,0,0,0,-1,71,73,149,160,59,177.88,66,13,-5,-954,-1,0,0,0,0,0,25,0,"keyboard-worker","OK",1783193333945,81602,1249
810,1783193334070,81727,81727,0,0,0,0,0,-1,71,73,150,160,59,177.89,66,-20,1,-1017,-1,0,0,0,0,0,25,0,"keyboard-worker","OK",1783193334046,81702,1251
811,1783193334173,81830,81829,0,0,0,0,0,-1,71,73,151,160,59,177.61,66,-4,-17,-981,-1,0,0,0,0,0,0,0,"keyboard-worker","OK",1783193334146,81802,1253
812,1783193334275,81932,81931,0,0,0,0,0,-1,71,73,153,160,59,177.78,66,2,-16,-997,-1,0,0,0,0,0,0,0,"keyboard-worker","OK",1783193334246,81902,1255
813,1783193334377,82034,82033,0,0,0,0,0,-1,71,73,154,170,59,178.24,66,13,-14,-906,-1,0,0,0,0,0,0,0,"keyboard-worker","OK",1783193334346,82003,1257
814,1783193334481,82138,82137,0,0,0,0,0,0,71,73,155,170,59,178.16,66,-4,-14,-1040,-1,0,0,0,0,0,0,0,"keyboard-worker","OK",1783193334447,82103,1259
815,1783193334587,82244,82243,0,0,0,0,0,0,71,73,155,170,59,177.95,66,0,0,-957,-1,0,0,0,0,0,0,0,"keyboard-worker","OK",1783193334547,82203,1261
816,1783193334635,82292,82291,0,0,0,0,0,0,71,73,157,170,59,177.72,66,-24,-13,-1033,-1,0,0,0,0,0,0,0,"keyboard-worker","OK",1783193334597,82253,1262
817,1783193334738,82395,82394,0,0,0,0,0,0,71,73,159,170,59,177.78,67,19,-30,-969,-1,0,0,0,0,0,0,0,"keyboard-worker","OK",1783193334697,82354,1264
818,1783193334839,82496,82496,0,0,0,0,0,0,71,73,158,170,59,178,67,12,0,-970,-1,0,0,0,0,0,0,0,"keyboard-worker","OK",1783193334798,82454,1266
819,1783193334942,82599,82598,0,0,0,0,0,0,71,73,161,170,59,178.2,67,-15,-5,-1024,-1,0,0,0,0,0,0,0,"keyboard-worker","OK",1783193334898,82554,1268
820,1783193335044,82701,82700,0,0,0,0,0,0,71,73,160,170,59,178.11,67,-9,2,-997,-1,0,0,0,0,0,-25,0,"keyboard-worker","OK",1783193334998,82655,1270
821,1783193335146,82803,82802,0,0,0,0,0,0,71,73,162,170,59,178.31,67,-20,-8,-996,-1,0,0,0,0,0,-25,0,"keyboard-worker","OK",1783193335099,82755,1272
822,1783193335251,82908,82908,0,0,0,0,0,0,71,73,162,170,59,178.03,67,-18,1,-1040,-1,0,0,0,0,0,-25,0,"keyboard-worker","OK",1783193335249,82905,1275
823,1783193335356,83013,83012,0,0,0,0,0,0,71,73,163,170,59,178.11,67,8,-9,-872,-1,0,0,0,0,0,-25,0,"keyboard-worker","OK",1783193335349,83006,1277
824,1783193335453,83110,83110,0,0,0,0,0,0,72,74,161,170,59,178.11,67,-21,-14,-1008,-1,0,0,0,0,0,-25,0,"keyboard-worker","OK",1783193335450,83106,1279
825,1783193335560,83217,83216,0,0,-1,0,0,0,72,74,160,170,59,178.32,67,-1,-8,-960,-1,0,0,0,0,0,-25,0,"keyboard-worker","OK",1783193335550,83206,1281
826,1783193335662,83319,83318,0,0,-1,0,0,1,72,74,158,170,59,178.26,68,-6,-11,-965,-1,0,0,0,0,0,-25,0,"keyboard-worker","OK",1783193335651,83307,1283
827,1783193335760,83417,83416,0,0,-1,0,0,1,72,74,155,170,59,177.93,68,-14,-17,-995,-1,0,0,0,0,0,-25,0,"keyboard-worker","OK",1783193335751,83407,1285
828,1783193335864,83521,83520,0,0,-1,0,0,1,72,74,153,170,59,178.14,68,-21,-5,-1010,-1,0,0,0,0,0,-25,0,"keyboard-worker","OK",1783193335851,83507,1287
829,1783193335964,83621,83620,0,0,-1,0,0,1,72,74,150,160,59,177.92,68,-8,9,-1012,-1,0,0,0,0,0,-25,0,"keyboard-worker","OK",1783193335951,83608,1289
830,1783193336066,83723,83723,0,0,-1,0,0,2,72,74,148,160,59,178.16,68,-41,10,-1063,-1,0,0,0,0,0,-25,0,"keyboard-worker","OK",1783193336052,83708,1291
831,1783193336168,83825,83824,0,0,-1,0,0,2,72,74,145,160,59,177.99,68,-6,23,-1032,-1,0,0,0,0,0,-25,0,"keyboard-worker","OK",1783193336152,83808,1293
832,1783193336270,83927,83926,0,0,-1,0,0,2,72,74,143,160,59,178.11,68,-2,13,-1035,-1,0,0,0,0,0,-25,0,"keyboard-worker","OK",1783193336252,83908,1295
833,1783193336373,84030,84029,0,0,-1,0,0,1,72,74,141,160,59,178.15,68,-26,-24,-1043,-1,0,0,0,0,0,-25,0,"keyboard-worker","OK",1783193336352,84009,1297
834,1783193336475,84132,84131,0,0,-1,0,0,1,71,75,139,150,59,177.71,68,-6,11,-1016,-1,0,0,0,0,0,-25,0,"keyboard-worker","OK",1783193336453,84109,1299
835,1783193336577,84234,84233,0,0,-1,0,0,1,71,75,138,150,59,178.08,68,-10,-37,-1034,-1,0,0,0,0,0,-25,0,"keyboard-worker","OK",1783193336553,84209,1301
836,1783193336679,84336,84335,0,0,-1,0,0,1,71,75,136,150,59,177.72,69,-9,13,-1012,-1,0,0,0,0,0,-25,0,"keyboard-worker","OK",1783193336653,84309,1303
837,1783193336781,84438,84437,0,0,-1,0,0,1,71,75,134,150,59,177.71,69,13,-24,-1026,-1,0,0,0,0,0,-25,0,"keyboard-worker","OK",1783193336753,84410,1305
838,1783193336883,84540,84539,0,0,-1,0,0,1,71,75,133,150,59,178.09,69,-24,7,-1007,-1,0,0,0,0,0,-25,0,"keyboard-worker","OK",1783193336854,84510,1307
839,1783193336985,84642,84641,0,0,-1,0,0,1,71,75,131,150,59,177.92,69,4,-9,-1029,-1,0,0,0,0,0,-25,0,"keyboard-worker","OK",1783193336954,84610,1309
840,1783193337090,84747,84746,0,0,-1,0,0,1,71,75,130,140,59,178.06,69,-18,18,-944,-1,0,0,0,0,0,-25,0,"keyboard-worker","OK",1783193337054,84710,1311
841,1783193337193,84850,84850,0,0,-1,0,0,1,71,75,129,140,59,178.05,69,-2,-3,-1024,-1,0,0,0,0,0,-25,0,"keyboard-worker","OK",1783193337154,84810,1313
842,1783193337294,84951,84950,0,0,-1,0,0,1,71,75,127,140,59,177.91,69,-49,11,-1023,-1,0,0,0,0,0,-25,0,"keyboard-worker","OK",1783193337254,84911,1315
843,1783193337394,85051,85050,0,0,-1,0,0,1,71,75,126,140,59,177.95,69,-9,-4,-957,-1,0,0,0,0,0,-25,0,"keyboard-worker","OK",1783193337355,85011,1317
844,1783193337495,85152,85151,0,0,-1,0,0,1,73,75,125,140,59,177.75,69,-46,-7,-1006,-1,0,0,0,0,0,-25,0,"keyboard-worker","OK",1783193337455,85111,1319
845,1783193337597,85254,85254,0,0,-1,0,0,1,73,75,123,140,59,178.05,69,15,8,-964,-1,0,0,0,0,0,-25,0,"keyboard-worker","OK",1783193337555,85211,1321
846,1783193337699,85356,85355,0,0,-1,0,0,1,73,75,121,140,59,178.07,70,4,-13,-985,-1,0,0,0,0,0,-25,0,"keyboard-worker","OK",1783193337656,85312,1323
847,1783193337801,85458,85457,0,0,-1,0,0,1,73,75,121,130,59,178.05,70,22,3,-960,-1,0,0,0,0,0,-25,0,"keyboard-worker","OK",1783193337756,85412,1325
848,1783193337903,85560,85560,0,0,-1,0,0,1,73,75,120,130,59,177.83,70,4,0,-970,-1,0,0,0,0,0,-25,0,"keyboard-worker","OK",1783193337856,85512,1327
849,1783193338005,85662,85662,0,0,-1,0,0,0,73,75,118,130,59,177.81,70,-33,-5,-1007,-1,0,0,0,0,0,-25,0,"keyboard-worker","OK",1783193337956,85613,1329
850,1783193338108,85765,85764,0,0,-1,0,0,0,73,75,117,130,59,178.07,70,22,-2,-998,-1,0,0,0,0,0,-25,0,"keyboard-worker","OK",1783193338107,85763,1332
851,1783193338209,85866,85866,0,0,-1,0,0,0,73,75,115,130,59,177.79,70,0,2,-985,-1,0,0,0,0,0,-25,0,"keyboard-worker","OK",1783193338207,85863,1334
852,1783193338311,85968,85968,0,0,-1,0,0,1,73,75,114,130,59,177.94,70,-24,-19,-924,-1,0,0,0,0,0,-25,0,"keyboard-worker","OK",1783193338307,85963,1336
853,1783193338413,86070,86070,0,0,-1,0,0,1,73,75,112,130,59,177.91,70,-11,-14,-985,-1,0,0,0,0,0,-25,0,"keyboard-worker","OK",1783193338407,86064,1338
854,1783193338516,86173,86172,0,0,-1,0,0,1,72,75,110,130,59,177.63,70,-10,-4,-1021,-1,0,0,0,0,0,-25,0,"keyboard-worker","OK",1783193338508,86164,1340
855,1783193338617,86274,86274,0,0,-1,0,0,1,72,75,109,120,59,177.83,70,-11,15,-1056,-1,0,0,0,0,0,-25,0,"keyboard-worker","OK",1783193338608,86264,1342
856,1783193338722,86379,86378,0,0,-1,0,0,1,72,75,107,120,59,177.77,71,-50,-39,-1002,-1,0,0,0,0,0,-25,0,"keyboard-worker","OK",1783193338708,86364,1344
857,1783193338831,86488,86487,0,0,-1,0,0,1,72,75,106,120,59,177.59,71,-6,4,-999,-1,0,0,0,0,0,-25,0,"keyboard-worker","OK",1783193338809,86465,1346
858,1783193338873,86530,86529,0,0,-1,0,0,1,72,75,104,120,59,177.74,71,21,-11,-976,-1,0,0,0,0,0,-25,0,"keyboard-worker","OK",1783193338859,86515,1347
859,1783193338975,86632,86632,0,0,-1,0,0,1,72,75,103,120,59,177.58,71,11,20,-1027,-1,0,0,0,0,0,-25,0,"keyboard-worker","OK",1783193338959,86615,1349
860,1783193339076,86733,86733,0,0,-1,0,0,1,72,75,101,120,59,177.22,71,-7,0,-1007,-1,0,0,0,0,0,0,0,"keyboard-worker","OK",1783193339059,86715,1351
861,1783193339183,86840,86839,0,0,-1,0,0,1,72,75,100,120,59,177.37,71,-29,-4,-1050,-1,0,0,0,0,0,0,0,"keyboard-worker","OK",1783193339159,86816,1353
862,1783193339280,86937,86936,0,0,-1,0,0,0,72,75,100,110,59,177.27,71,-10,-13,-997,-1,0,0,0,0,0,0,0,"keyboard-worker","OK",1783193339260,86916,1355
863,1783193339382,87039,87038,0,0,-1,0,0,0,72,75,99,110,59,177.74,71,4,-36,-1038,-1,0,0,0,0,0,0,0,"keyboard-worker","OK",1783193339360,87016,1357
864,1783193339484,87141,87140,0,0,-1,0,0,0,72,75,99,110,59,177.39,71,12,31,-1007,-1,0,0,0,0,0,0,0,"keyboard-worker","OK",1783193339460,87116,1359
865,1783193339592,87249,87248,0,0,-1,0,0,0,72,75,99,110,59,177.33,71,49,22,-933,-1,0,0,0,0,0,0,0,"keyboard-worker","OK",1783193339560,87217,1361
866,1783193339698,87355,87354,0,0,0,0,0,0,72,75,99,110,59,177.62,72,-17,8,-996,-1,0,0,0,0,0,25,0,"keyboard-worker","OK",1783193339661,87317,1363
867,1783193339794,87451,87451,0,0,0,0,0,0,72,75,99,110,59,177.76,72,8,4,-1038,-1,0,0,0,0,0,25,0,"keyboard-worker","OK",1783193339761,87417,1365
868,1783193339893,87550,87549,0,0,0,0,0,0,72,75,100,110,59,177.57,72,-13,4,-1010,-1,0,0,0,0,0,25,0,"keyboard-worker","OK",1783193339861,87517,1367
869,1783193339995,87652,87651,0,0,0,0,0,0,72,75,101,110,59,177.87,72,-15,25,-1052,-1,0,0,0,0,0,25,0,"keyboard-worker","OK",1783193339961,87618,1369
870,1783193340096,87753,87753,0,0,0,0,0,-1,72,75,103,120,59,177.75,72,-4,6,-1052,-1,0,0,0,0,0,25,0,"keyboard-worker","OK",1783193340062,87718,1371
871,1783193340198,87855,87855,0,0,0,0,0,-1,72,75,104,120,59,178,72,-44,31,-1117,-1,0,0,0,0,0,25,0,"keyboard-worker","OK",1783193340162,87818,1373
872,1783193340300,87957,87956,0,0,0,0,0,-1,72,75,106,120,59,177.63,72,6,12,-1008,-1,0,0,0,0,0,25,0,"keyboard-worker","OK",1783193340262,87918,1375
873,1783193340402,88059,88058,0,0,0,0,0,-1,72,75,107,120,59,177.79,72,-27,-5,-1006,-1,0,0,0,0,0,25,0,"keyboard-worker","OK",1783193340362,88018,1377
874,1783193340504,88161,88160,0,0,0,0,0,-1,72,75,109,120,59,177.9,72,-1,19,-1007,-1,0,0,0,0,0,25,0,"keyboard-worker","OK",1783193340462,88119,1379
875,1783193340606,88263,88262,0,0,0,0,0,-1,72,75,111,120,59,177.68,72,21,11,-1008,-1,0,0,0,0,0,25,0,"keyboard-worker","OK",1783193340562,88219,1381
876,1783193340708,88365,88364,0,0,0,0,0,-1,72,75,112,130,59,177.9,73,4,5,-989,-1,0,0,0,0,0,25,0,"keyboard-worker","OK",1783193340663,88319,1383
877,1783193340810,88467,88466,0,0,0,0,0,-1,72,75,113,130,59,177.49,73,26,6,-997,-1,0,0,0,0,0,25,0,"keyboard-worker","OK",1783193340763,88419,1385
878,1783193340912,88569,88568,0,0,0,0,0,-1,72,75,115,130,59,177.93,73,28,4,-951,-1,0,0,0,0,0,25,0,"keyboard-worker","OK",1783193340863,88519,1387
879,1783193341013,88670,88670,0,0,0,0,0,-1,72,75,116,130,59,177.78,73,-10,1,-979,-1,0,0,0,0,0,25,0,"keyboard-worker","OK",1783193341013,88670,1390
880,1783193341117,88774,88773,0,0,0,0,0,-1,72,75,118,130,59,177.68,73,-14,14,-1023,-1,0,0,0,0,0,25,0,"keyboard-worker","OK",1783193341114,88770,1392
881,1783193341222,88879,88878,0,0,0,0,0,-1,72,75,119,130,59,177.76,73,-3,-6,-1012,-1,0,0,0,0,0,25,0,"keyboard-worker","OK",1783193341214,88870,1394
882,1783193341329,88986,88985,0,0,0,0,0,-1,72,75,121,130,59,177.7,73,0,-3,-1004,-1,0,0,0,0,0,25,0,"keyboard-worker","OK",1783193341314,88970,1396
883,1783193341425,89082,89082,0,0,0,0,0,-1,72,75,123,130,59,177.78,73,-14,0,-987,-1,0,0,0,0,0,25,0,"keyboard-worker","OK",1783193341414,89071,1398
884,1783193341526,89183,89182,0,0,0,0,0,-1,73,75,124,140,59,177.89,73,10,1,-995,-1,0,0,0,0,0,25,0,"keyboard-worker","OK",1783193341515,89171,1400
885,1783193341626,89283,89282,0,0,0,0,0,-1,73,75,125,140,59,177.77,73,13,-12,-1003,-1,0,0,0,0,0,25,0,"keyboard-worker","OK",1783193341615,89271,1402
886,1783193341727,89384,89384,0,0,0,0,0,-1,73,75,128,140,59,178.05,74,7,1,-987,-1,0,0,0,0,0,25,0,"keyboard-worker","OK",1783193341715,89371,1404
887,1783193341829,89486,89485,0,0,0,0,0,-1,73,75,128,140,59,178.37,74,2,-1,-992,-1,0,0,0,0,0,25,0,"keyboard-worker","OK",1783193341815,89472,1406
888,1783193341949,89606,89606,0,0,0,0,0,-1,73,75,131,140,59,177.83,74,0,1,-1003,-1,0,0,0,0,0,0,0,"keyboard-worker","OK",1783193341916,89572,1408
889,1783193342033,89690,89689,0,0,0,0,0,-1,73,75,132,140,59,178.02,74,17,-18,-1000,-1,0,0,0,0,0,0,0,"keyboard-worker","OK",1783193342016,89672,1410
890,1783193342135,89792,89791,0,0,0,0,0,-1,73,75,133,150,58,177.77,74,-10,-5,-985,-1,0,0,0,0,0,0,0,"keyboard-worker","OK",1783193342116,89772,1412
891,1783193342241,89898,89897,0,0,0,0,0,-1,73,75,134,150,58,177.6,74,-16,-6,-963,-1,0,0,0,0,0,0,0,"keyboard-worker","OK",1783193342216,89872,1414
892,1783193342290,89947,89946,0,0,0,0,0,0,73,75,134,150,58,177.92,74,-23,-9,-993,-1,0,0,0,0,0,0,0,"keyboard-worker","OK",1783193342266,89923,1415
893,1783193342389,90046,90046,0,0,0,0,0,0,73,75,134,150,58,178.16,74,-1,-10,-910,-1,0,0,0,0,0,0,0,"keyboard-worker","OK",1783193342367,90023,1417
894,1783193342544,90201,90200,0,0,0,0,0,0,73,76,133,150,58,177.96,74,-15,-7,-1000,-1,0,0,0,0,0,0,0,"keyboard-worker","OK",1783193342517,90173,1420
895,1783193342594,90251,90250,0,0,0,0,0,0,73,76,133,150,58,177.8,74,-2,-4,-998,-1,0,0,0,0,0,0,0,"keyboard-worker","OK",1783193342567,90223,1421
896,1783193342696,90353,90352,0,0,0,0,0,0,73,76,133,150,58,177.8,75,-42,-6,-1003,-1,0,0,0,0,0,0,0,"keyboard-worker","OK",1783193342667,90323,1423
897,1783193342798,90455,90455,0,0,0,0,0,0,73,76,133,150,58,178.09,75,19,-9,-1003,-1,0,0,0,0,0,0,0,"keyboard-worker","OK",1783193342767,90424,1425
898,1783193342900,90557,90556,0,0,0,0,0,0,73,76,133,150,58,177.64,75,-20,-5,-1001,-1,0,0,0,0,0,0,0,"keyboard-worker","OK",1783193342868,90524,1427
899,1783193343001,90658,90658,0,0,0,0,0,0,73,76,132,150,58,177.98,75,-44,-12,-1004,-1,0,0,0,0,0,-25,0,"keyboard-worker","OK",1783193342968,90624,1429
900,1783193343103,90760,90760,0,0,0,0,0,0,73,76,132,150,58,177.94,75,-10,0,-960,-1,0,0,0,0,0,-25,0,"keyboard-worker","OK",1783193343068,90724,1431
901,1783193343205,90862,90861,0,0,0,0,0,0,73,76,132,150,58,177.93,75,-24,-7,-970,-1,0,0,0,0,0,-25,0,"keyboard-worker","OK",1783193343168,90825,1433
902,1783193343307,90964,90963,0,0,-1,0,0,0,73,76,131,150,58,177.9,75,-8,-15,-980,-1,0,0,0,0,0,-25,0,"keyboard-worker","OK",1783193343269,90925,1435
903,1783193343409,91066,91065,0,0,-1,0,0,0,73,76,131,140,58,177.96,75,17,-10,-971,-1,0,0,0,0,0,-25,0,"keyboard-worker","OK",1783193343369,91025,1437
904,1783193343512,91169,91169,0,0,-1,0,0,1,73,75,129,140,58,178.09,75,15,2,-960,-1,0,0,0,0,0,-25,0,"keyboard-worker","OK",1783193343469,91125,1439
905,1783193343614,91271,91270,0,0,-1,0,0,1,73,75,128,140,58,177.9,75,-14,-5,-974,-1,0,0,0,0,0,-25,0,"keyboard-worker","OK",1783193343569,91226,1441
906,1783193343720,91377,91376,0,0,-1,0,0,1,73,75,127,140,58,177.92,76,2,-17,-1013,-1,0,0,0,0,0,-25,0,"keyboard-worker","OK",1783193343720,91376,1444
907,1783193343819,91476,91475,0,0,-1,0,0,1,73,75,126,140,58,177.9,76,3,-27,-970,-1,0,0,0,0,0,-25,0,"keyboard-worker","OK",1783193343770,91426,1445
908,1783193343919,91576,91575,0,0,-1,0,0,1,73,75,125,140,58,178.04,76,4,-21,-981,-1,0,0,0,0,0,-25,0,"keyboard-worker","OK",1783193343870,91526,1447
909,1783193344020,91677,91677,0,0,-1,0,0,1,73,75,123,140,58,178.06,76,-10,-23,-1036,-1,0,0,0,0,0,-25,0,"keyboard-worker","OK",1783193344020,91677,1450
910,1783193344122,91779,91778,0,0,-1,0,0,1,73,75,122,140,58,178.01,76,-44,24,-1038,-1,0,0,0,0,0,-25,0,"keyboard-worker","OK",1783193344121,91777,1452
911,1783193344224,91881,91880,-1,0,-1,0,0,1,73,75,121,130,58,177.84,76,-2,-11,-1010,-1,0,0,0,0,0,-25,0,"keyboard-worker","OK",1783193344221,91877,1454
912,1783193344326,91983,91982,-1,0,-1,0,0,1,73,75,119,130,58,178.08,76,-36,-33,-1037,-1,0,0,0,0,0,-25,0,"keyboard-worker","OK",1783193344321,91977,1456
913,1783193344427,92084,92084,0,0,-1,0,0,1,73,75,118,130,58,178.03,76,-25,-7,-997,-1,0,0,0,0,0,-25,0,"keyboard-worker","OK",1783193344421,92077,1458
914,1783193344531,92188,92187,0,0,-1,0,0,1,72,76,117,130,58,177.95,76,-22,-10,-1011,-1,0,0,0,0,0,-25,0,"keyboard-worker","OK",1783193344521,92178,1460
915,1783193344632,92289,92289,0,0,-1,0,0,1,72,76,116,130,58,177.73,76,3,11,-977,-1,0,0,0,0,0,0,0,"keyboard-worker","OK",1783193344622,92278,1462
916,1783193344734,92391,92390,0,0,-1,0,0,1,72,76,115,130,58,177.85,77,-30,-26,-1014,-1,0,0,0,0,0,0,0,"keyboard-worker","OK",1783193344722,92378,1464
917,1783193344836,92493,92492,0,0,-1,0,0,1,72,76,114,130,58,178,77,-33,-18,-1025,-1,0,0,0,0,0,0,0,"keyboard-worker","OK",1783193344822,92478,1466
918,1783193344938,92595,92595,0,0,-1,0,0,0,72,76,112,130,58,177.63,77,8,-15,-1010,-1,0,0,0,0,0,0,0,"keyboard-worker","OK",1783193344922,92579,1468
919,1783193345040,92697,92696,0,0,-1,0,0,0,72,76,111,130,58,177.99,77,-19,26,-1016,-1,0,0,0,0,0,0,0,"keyboard-worker","OK",1783193345022,92679,1470
920,1783193345143,92800,92800,0,0,-1,0,0,0,72,76,111,130,58,177.69,77,-14,17,-1030,-1,0,0,0,0,0,0,0,"keyboard-worker","OK",1783193345123,92779,1472
921,1783193345249,92906,92905,0,0,-1,0,0,0,72,76,110,120,58,178.04,77,5,27,-985,-1,0,0,0,0,0,0,0,"keyboard-worker","OK",1783193345223,92879,1474
922,1783193345351,93008,93008,0,0,-1,0,0,0,72,76,109,120,58,177.91,77,19,19,-978,-1,0,0,0,0,0,0,0,"keyboard-worker","OK",1783193345323,92979,1476
923,1783193345448,93105,93104,0,0,-1,0,0,0,72,76,108,120,58,177.82,77,6,-3,-1033,-1,0,0,0,0,0,0,0,"keyboard-worker","OK",1783193345423,93080,1478
924,1783193345552,93209,93208,0,0,-1,0,0,0,73,76,109,120,58,178.04,77,-14,14,-1021,-1,0,0,0,0,0,0,0,"keyboard-worker","OK",1783193345524,93180,1480
925,1783193345651,93308,93307,0,0,-1,0,0,0,73,76,108,120,58,177.65,77,-17,-39,-1039,-1,0,0,0,0,0,0,0,"keyboard-worker","OK",1783193345624,93280,1482
926,1783193345752,93409,93409,0,0,-1,0,0,0,73,76,108,120,58,178.07,78,-6,-45,-1007,-1,0,0,0,0,0,0,0,"keyboard-worker","OK",1783193345724,93380,1484
927,1783193345854,93511,93510,-1,0,-1,0,0,0,73,76,108,120,58,178.06,78,-8,-4,-1002,-1,0,0,0,0,0,0,0,"keyboard-worker","OK",1783193345824,93480,1486
928,1783193345956,93613,93612,-1,0,-1,0,0,0,73,76,108,120,58,177.72,78,-1,-47,-1015,-1,0,0,0,0,0,0,0,"keyboard-worker","OK",1783193345924,93580,1488
929,1783193346058,93715,93714,-1,0,-1,0,0,0,73,76,108,120,58,177.79,78,0,10,-986,-1,0,0,0,0,0,0,0,"keyboard-worker","OK",1783193346024,93681,1490
930,1783193346122,93779,93778,0,0,-1,0,0,0,73,76,108,120,58,177.8,78,-12,33,-993,-1,0,0,0,0,0,0,0,"keyboard-worker","OK",1783193346074,93731,1491
931,1783193346220,93877,93876,0,0,-1,0,0,0,73,76,108,120,58,177.81,78,-18,13,-1024,-1,0,0,0,0,0,0,0,"keyboard-worker","OK",1783193346175,93831,1493
932,1783193346326,93983,93982,0,0,-1,0,0,0,73,76,108,120,58,177.61,78,-11,-11,-1016,-1,0,0,0,25,0,0,0,"keyboard-worker","OK",1783193346325,93981,1496
933,1783193346421,94078,94078,0,0,0,0,0,0,73,76,108,120,58,177.71,78,-34,16,-1015,-1,0,0,0,25,0,0,0,"keyboard-worker","OK",1783193346375,94031,1497
934,1783193346517,94174,94174,0,1,0,0,0,0,73,76,109,120,58,177.84,78,-11,4,-994,-1,0,0,0,25,0,0,0,"keyboard-worker","OK",1783193346475,94131,1499
935,1783193346619,94276,94275,0,2,-1,0,0,0,73,76,109,120,58,178.16,78,14,-32,-994,-1,0,0,0,25,0,0,0,"keyboard-worker","OK",1783193346575,94232,1501
936,1783193346722,94379,94378,0,3,-1,0,0,0,73,76,109,120,58,177.79,79,-3,-29,-993,-1,0,0,0,25,0,0,0,"keyboard-worker","OK",1783193346676,94332,1503
937,1783193346826,94483,94482,0,2,-1,0,0,0,73,76,109,120,58,177.85,79,-11,-49,-1015,-1,0,0,0,25,0,0,0,"keyboard-worker","OK",1783193346826,94482,1506
938,1783193346926,94583,94582,0,2,-1,0,1,0,73,76,109,120,58,177.85,79,9,-23,-948,-1,0,0,0,25,0,0,0,"keyboard-worker","OK",1783193346926,94582,1508
939,1783193347028,94685,94684,0,2,-1,0,1,0,73,76,109,120,58,177.56,79,-34,-37,-982,-1,0,0,0,25,0,0,0,"keyboard-worker","OK",1783193347026,94683,1510
940,1783193347132,94789,94788,0,2,-1,0,1,0,73,76,109,120,58,177.93,79,8,-16,-999,-1,0,0,0,25,0,0,0,"keyboard-worker","OK",1783193347127,94783,1512
941,1783193347235,94892,94891,0,2,0,0,1,0,73,76,109,120,58,177.8,79,36,-40,-1015,-1,0,0,0,25,0,0,0,"keyboard-worker","OK",1783193347227,94883,1514
942,1783193347331,94988,94987,0,2,0,0,1,0,73,76,109,120,58,177.9,79,-23,-22,-997,-1,0,0,0,25,0,0,0,"keyboard-worker","OK",1783193347327,94983,1516
943,1783193347432,95089,95088,0,2,0,0,2,0,73,76,109,120,58,177.61,79,35,0,-944,-1,0,0,0,25,0,0,0,"keyboard-worker","OK",1783193347427,95083,1518
944,1783193347534,95191,95190,0,2,0,0,2,0,73,75,109,120,58,177.87,79,-2,-31,-1000,-1,0,0,0,0,0,0,0,"keyboard-worker","OK",1783193347527,95184,1520
945,1783193347643,95300,95299,0,2,0,0,2,0,73,75,108,120,58,177.73,79,7,-44,-984,-1,0,0,0,0,0,0,0,"keyboard-worker","OK",1783193347628,95284,1522
946,1783193347757,95414,95413,0,2,0,0,2,0,73,75,108,120,58,177.65,80,1,-41,-1039,-1,0,0,0,0,0,0,0,"keyboard-worker","OK",1783193347728,95384,1524
947,1783193347849,95506,95505,0,1,0,0,2,0,73,75,108,120,58,177.62,80,31,-10,-1015,-1,0,0,0,0,0,0,0,"keyboard-worker","OK",1783193347828,95484,1526
948,1783193347959,95616,95615,0,0,0,0,2,0,73,75,108,120,58,177.62,80,-4,-4,-1032,-1,0,0,0,0,0,0,0,"keyboard-worker","OK",1783193347928,95584,1528
949,1783193348054,95711,95710,0,0,0,0,2,0,73,75,109,120,58,177.73,80,52,-23,-1005,-1,0,0,0,0,0,0,0,"keyboard-worker","OK",1783193348028,95685,1530
950,1783193348145,95802,95801,1,0,0,0,1,0,73,75,109,120,57,177.92,80,26,-16,-1000,-1,0,0,0,0,0,0,0,"keyboard-worker","OK",1783193348129,95785,1532
951,1783193348247,95904,95903,1,0,0,0,1,0,73,75,110,120,57,177.81,80,5,-7,-995,-1,0,0,0,0,0,0,0,"keyboard-worker","OK",1783193348229,95885,1534
952,1783193348348,96005,96005,1,-3,0,0,1,0,73,75,110,130,57,177.79,80,-9,-26,-991,-1,0,0,0,0,0,0,0,"keyboard-worker","OK",1783193348329,95985,1536
953,1783193348450,96107,96106,1,-2,0,0,0,0,73,75,110,130,57,177.63,80,15,-22,-1003,-1,0,0,0,0,0,0,0,"keyboard-worker","OK",1783193348429,96086,1538
954,1783193348554,96211,96210,0,-1,0,0,0,0,73,76,110,130,57,178.08,80,-11,-2,-1021,-1,0,0,0,0,0,0,0,"keyboard-worker","OK",1783193348530,96186,1540
955,1783193348656,96313,96312,0,0,0,0,0,0,73,76,110,130,57,177.68,80,4,-3,-969,-1,0,0,0,0,0,0,0,"keyboard-worker","OK",1783193348630,96286,1542
956,1783193348757,96414,96414,0,0,0,0,0,0,73,76,110,130,57,177.71,81,-6,5,-959,-1,0,0,0,0,0,0,0,"keyboard-worker","OK",1783193348730,96386,1544
957,1783193348859,96516,96515,1,0,0,0,0,0,73,76,110,130,57,177.76,81,41,-19,-984,-1,0,0,0,0,0,0,0,"keyboard-worker","OK",1783193348830,96486,1546
958,1783193348961,96618,96617,1,0,0,0,0,0,73,76,110,130,57,177.81,81,5,-5,-999,-1,0,0,0,0,0,0,0,"keyboard-worker","OK",1783193348930,96587,1548
959,1783193349062,96719,96719,1,0,0,0,0,0,73,76,109,130,57,177.85,81,5,-2,-1005,-1,0,0,0,0,0,0,0,"keyboard-worker","OK",1783193349031,96687,1550
960,1783193349165,96822,96821,1,0,0,0,0,0,73,76,109,120,57,177.84,81,3,-2,-1001,-1,0,0,0,0,0,0,0,"keyboard-worker","OK",1783193349131,96787,1552
961,1783193349270,96927,96926,0,0,0,0,0,0,73,76,109,120,57,177.86,81,16,-15,-1005,-1,0,0,0,-25,0,0,0,"keyboard-worker","OK",1783193349231,96887,1554
962,1783193349317,96974,96974,0,1,0,0,0,0,73,76,109,120,57,177.69,81,24,0,-1023,-1,0,0,0,-25,0,0,0,"keyboard-worker","OK",1783193349281,96937,1555
963,1783193349423,97080,97079,0,1,0,0,0,0,73,76,109,120,57,177.83,81,31,-11,-990,-1,0,0,0,-25,0,0,0,"keyboard-worker","OK",1783193349381,97038,1557
964,1783193349573,97230,97229,0,0,0,0,0,0,73,75,109,120,57,178.11,81,0,-11,-1015,-1,0,0,0,-25,0,0,0,"keyboard-worker","OK",1783193349532,97188,1560
965,1783193349674,97331,97331,0,-1,-1,0,0,0,73,75,109,120,57,177.9,82,10,0,-1001,-1,0,0,0,-25,0,0,0,"keyboard-worker","OK",1783193349632,97288,1562
966,1783193349776,97433,97432,0,-1,-1,0,-1,0,73,75,110,120,57,177.95,82,6,-11,-1008,-1,0,0,0,-25,0,0,0,"keyboard-worker","OK",1783193349732,97388,1564
967,1783193349878,97535,97534,0,0,-1,0,-1,0,73,75,110,120,57,177.59,82,-4,-6,-963,-1,0,0,0,-25,0,0,0,"keyboard-worker","OK",1783193349832,97489,1566
968,1783193349979,97636,97636,0,0,-1,0,-1,0,73,75,110,120,57,177.52,82,-31,43,-1031,-1,0,0,0,-25,0,0,0,"keyboard-worker","OK",1783193349933,97589,1568
969,1783193350081,97738,97738,0,-1,-1,0,-1,0,73,75,110,120,57,177.88,82,4,12,-985,-1,0,0,0,-25,0,0,0,"keyboard-worker","OK",1783193350033,97689,1570
970,1783193350151,97808,97808,0,-1,-1,0,-1,0,73,75,111,120,57,177.91,82,-8,49,-996,-1,0,0,0,-25,0,0,0,"keyboard-worker","OK",1783193350133,97789,1572
971,1783193350238,97895,97894,0,0,-1,0,-2,0,73,75,111,120,57,177.77,82,-10,7,-997,-1,0,0,0,-25,0,0,0,"keyboard-worker","OK",1783193350233,97889,1574
972,1783193350338,97995,97994,0,0,-1,0,-2,0,73,75,111,130,57,177.72,82,-12,15,-1025,-1,0,0,0,-25,0,0,0,"keyboard-worker","OK",1783193350333,97990,1576
973,1783193350438,98095,98094,-1,-1,0,0,-2,0,73,75,111,130,57,177.54,82,4,9,-1009,-1,0,0,0,-25,0,0,0,"keyboard-worker","OK",1783193350433,98090,1578
974,1783193350539,98196,98196,-1,-1,0,0,-2,0,73,76,111,130,57,177.95,82,-33,0,-1027,-1,0,0,0,-25,0,0,0,"keyboard-worker","OK",1783193350534,98190,1580
975,1783193350641,98298,98298,-1,-1,0,0,-2,0,73,76,112,130,57,177.76,83,-16,10,-1006,-1,0,0,0,0,0,0,0,"keyboard-worker","OK",1783193350634,98290,1582
976,1783193350743,98400,98399,-1,0,0,0,-2,0,73,76,112,130,57,177.77,83,-32,5,-1012,-1,0,0,0,0,0,0,0,"keyboard-worker","OK",1783193350734,98390,1584
977,1783193350845,98502,98501,-1,0,0,0,-2,0,73,76,112,130,57,177.61,83,-20,16,-984,-1,0,0,0,0,0,0,0,"keyboard-worker","OK",1783193350834,98490,1586
978,1783193350946,98603,98603,-1,0,0,0,-2,0,73,76,112,130,57,177.61,83,-43,13,-975,-1,0,0,0,0,0,0,0,"keyboard-worker","OK",1783193350934,98591,1588
979,1783193351049,98706,98705,-1,0,0,0,-2,0,73,76,112,130,57,177.84,83,-1,1,-961,-1,0,0,0,0,0,0,0,"keyboard-worker","OK",1783193351035,98691,1590
980,1783193351150,98807,98806,-1,1,0,0,-2,0,73,76,112,130,57,177.94,83,-51,6,-983,-1,0,0,0,0,0,0,0,"keyboard-worker","OK",1783193351135,98791,1592
981,1783193351253,98910,98909,-1,1,-1,0,-1,0,73,76,112,130,57,177.8,83,-18,5,-993,-1,0,0,0,0,0,0,0,"keyboard-worker","OK",1783193351235,98891,1594
982,1783193351354,99011,99010,-2,4,-1,0,-1,0,73,76,112,130,57,177.97,83,-28,18,-1013,-1,0,0,0,0,0,0,0,"keyboard-worker","OK",1783193351335,98991,1596
983,1783193351455,99112,99111,-2,4,-1,0,0,0,73,76,112,130,57,177.96,83,-40,4,-1004,-1,0,0,0,0,0,0,0,"keyboard-worker","OK",1783193351435,99092,1598
984,1783193351558,99215,99215,-2,2,0,0,0,0,74,76,112,130,57,177.6,83,-40,6,-1021,-1,0,0,0,0,0,0,0,"keyboard-worker","OK",1783193351536,99192,1600
985,1783193351661,99318,99318,-2,1,0,0,0,0,74,76,112,130,57,177.7,84,-22,-4,-997,-1,0,0,0,0,0,0,0,"keyboard-worker","OK",1783193351636,99292,1602
986,1783193351766,99423,99423,-2,1,0,0,0,0,74,76,112,130,57,177.75,84,-4,-5,-992,-1,0,0,0,0,0,0,0,"keyboard-worker","OK",1783193351736,99392,1604
987,1783193351864,99521,99521,-2,0,0,0,0,0,74,76,112,130,57,177.69,84,-17,1,-1001,-1,0,0,0,0,0,0,0,"keyboard-worker","OK",1783193351836,99493,1606
988,1783193351968,99625,99624,-2,0,0,0,0,0,74,76,111,130,57,177.91,84,-16,0,-1001,-1,0,0,0,0,0,0,0,"keyboard-worker","OK",1783193351937,99593,1608
989,1783193352067,99724,99723,-2,0,0,0,0,0,74,76,112,130,57,177.94,84,-31,1,-1008,-1,0,0,0,0,0,0,0,"keyboard-worker","OK",1783193352037,99693,1610
990,1783193352168,99825,99824,-2,0,0,0,0,0,74,76,111,130,57,177.85,84,-55,-6,-992,-1,0,0,0,25,0,0,0,"keyboard-worker","OK",1783193352137,99793,1612
991,1783193352269,99926,99925,-2,0,0,0,0,0,74,76,111,130,57,177.81,84,-23,-11,-1002,-1,0,0,0,25,0,0,0,"keyboard-worker","OK",1783193352237,99894,1614
992,1783193352371,100028,100027,-1,0,0,0,0,0,74,76,111,130,57,177.93,84,-7,-12,-989,-1,0,0,0,25,0,0,0,"keyboard-worker","OK",1783193352337,99994,1616
993,1783193352472,100129,100129,-1,1,-1,0,0,0,74,76,111,130,57,177.52,84,0,-10,-1005,-1,0,0,0,25,0,0,0,"keyboard-worker","OK",1783193352438,100094,1618
994,1783193352574,100231,100230,-1,1,-1,0,1,0,73,76,110,130,57,177.99,84,-29,-2,-1011,-1,0,0,0,25,0,0,0,"keyboard-worker","OK",1783193352538,100194,1620
995,1783193352676,100333,100332,-1,1,-1,0,1,0,73,76,110,120,57,177.52,85,-3,-5,-983,-1,0,0,0,25,0,0,0,"keyboard-worker","OK",1783193352638,100294,1622
996,1783193352777,100434,100434,-1,1,-1,0,1,0,73,76,110,120,57,178.19,85,13,8,-1002,-1,0,0,0,0,0,0,0,"keyboard-worker","OK",1783193352738,100395,1624
997,1783193352879,100536,100535,-1,1,-1,0,1,0,73,76,110,120,57,177.58,85,-33,32,-1053,-1,0,0,0,0,0,0,0,"keyboard-worker","OK",1783193352839,100495,1626
998,1783193352981,100638,100637,0,0,-1,0,2,0,73,76,109,120,57,177.74,85,-18,19,-1063,-1,0,0,0,0,0,0,0,"keyboard-worker","OK",1783193352939,100595,1628
999,1783193353082,100739,100739,0,0,-1,0,2,0,73,76,109,120,57,177.97,85,7,-4,-1023,-1,0,0,0,0,0,0,0,"keyboard-worker","OK",1783193353039,100695,1630
1000,1783193353184,100841,100840,0,0,-1,0,1,0,73,76,109,120,57,178.05,85,-10,-37,-1007,-1,0,0,0,0,0,0,0,"keyboard-worker","OK",1783193353139,100796,1632
1001,1783193353288,100945,100944,0,0,-1,0,1,0,73,76,109,120,57,178.2,85,-60,-2,-1030,-1,0,0,0,0,0,0,0,"keyboard-worker","OK",1783193353240,100896,1634
1002,1783193353395,101052,101051,0,0,-1,0,1,0,73,76,110,120,57,178.02,85,0,-22,-1012,-1,0,0,0,0,0,0,0,"keyboard-worker","OK",1783193353390,101046,1637
1003,1783193353493,101150,101150,0,-1,-1,0,1,0,73,76,110,120,57,177.95,85,4,23,-986,-1,0,0,0,0,0,0,0,"keyboard-worker","OK",1783193353490,101146,1639
1004,1783193353596,101253,101252,0,-3,-1,0,0,0,75,76,110,120,57,178.25,85,-3,-10,-1006,-1,0,0,0,0,0,0,0,"keyboard-worker","OK",1783193353590,101247,1641
1005,1783193353693,101350,101349,0,-1,-1,0,0,0,75,76,110,120,57,178.06,86,-9,-9,-997,-1,0,0,0,0,0,0,0,"keyboard-worker","OK",1783193353690,101347,1643
1006,1783193353794,101451,101450,0,0,-1,0,0,0,75,76,111,120,57,177.94,86,-22,14,-1013,-1,0,0,0,0,0,0,0,"keyboard-worker","OK",1783193353791,101447,1645
1007,1783193353895,101552,101552,0,0,-1,0,0,0,75,76,111,130,57,177.99,86,-4,-14,-998,-1,0,0,0,0,25,0,0,"keyboard-worker","OK",1783193353891,101547,1647
1008,1783193353997,101654,101653,0,0,-1,0,0,0,75,76,111,130,57,178.02,86,-2,-2,-1012,-1,0,0,0,0,25,0,0,"keyboard-worker","OK",1783193353991,101647,1649
1009,1783193354099,101756,101755,-1,0,-1,0,0,0,75,76,111,130,57,177.62,86,24,-4,-990,-1,0,0,0,0,25,0,0,"keyboard-worker","OK",1783193354091,101748,1651
1010,1783193354200,101857,101857,-2,0,-1,0,0,0,75,76,111,130,57,177.9,86,-22,10,-1017,-1,0,0,0,0,25,0,0,"keyboard-worker","OK",1783193354192,101848,1653
1011,1783193354302,101959,101958,-2,0,-1,0,0,0,75,76,110,130,57,177.73,86,23,-26,-978,-1,0,0,0,0,25,0,0,"keyboard-worker","OK",1783193354292,101948,1655
1012,1783193354356,102013,102012,-2,0,-1,0,0,0,75,76,110,130,57,177.94,86,-28,-2,-1032,-1,0,0,0,0,25,0,0,"keyboard-worker","OK",1783193354342,101998,1656
1013,1783193354455,102112,102111,-2,0,-1,1,0,0,75,76,110,130,57,177.71,86,-16,6,-1005,-1,0,0,0,0,25,0,0,"keyboard-worker","OK",1783193354442,102099,1658
1014,1783193354556,102213,102212,-2,0,-1,1,0,0,75,76,110,120,57,178,86,-25,26,-1030,-1,0,0,0,0,25,0,0,"keyboard-worker","OK",1783193354542,102199,1660
1015,1783193354658,102315,102314,-2,0,-1,1,0,0,75,76,110,120,57,177.69,87,-15,4,-978,-1,0,0,0,0,25,0,0,"keyboard-worker","OK",1783193354643,102299,1662
1016,1783193354759,102416,102416,-2,0,-1,1,0,0,75,76,110,120,57,177.69,87,-31,-1,-990,-1,0,0,0,0,25,0,0,"keyboard-worker","OK",1783193354743,102399,1664
1017,1783193354861,102518,102517,-2,0,-1,1,0,0,75,76,110,120,57,177.44,87,-27,-39,-974,-1,0,0,0,0,25,0,0,"keyboard-worker","OK",1783193354843,102499,1666
1018,1783193354963,102620,102619,-2,0,-1,2,0,0,75,76,110,120,57,177.69,87,-16,-6,-1002,-1,0,0,0,0,25,0,0,"keyboard-worker","OK",1783193354943,102600,1668
1019,1783193355064,102721,102721,-2,0,-1,2,0,0,75,76,110,120,57,177.82,87,-21,-17,-996,-1,0,0,0,0,25,0,0,"keyboard-worker","OK",1783193355044,102700,1670
1020,1783193355166,102823,102822,-2,0,0,2,0,0,75,76,111,120,57,177.73,87,-7,-36,-943,-1,0,0,0,0,25,0,0,"keyboard-worker","OK",1783193355144,102800,1672
1021,1783193355268,102925,102924,-2,1,0,2,0,0,75,76,111,120,57,177.77,87,-23,-34,-989,-1,0,0,0,0,0,0,0,"keyboard-worker","OK",1783193355244,102900,1674
1022,1783193355370,103027,103026,-2,1,0,2,0,0,75,76,111,120,57,177.48,87,-31,-55,-978,-1,0,0,0,0,0,0,0,"keyboard-worker","OK",1783193355344,103001,1676
1023,1783193355471,103128,103127,-1,1,0,2,0,0,75,76,111,130,57,177.81,87,-14,-26,-996,-1,0,0,0,0,0,0,0,"keyboard-worker","OK",1783193355444,103101,1678
1024,1783193355573,103230,103229,0,1,0,2,0,0,74,77,111,130,57,177.91,87,-25,-14,-994,-1,0,0,0,0,0,0,0,"keyboard-worker","OK",1783193355545,103201,1680
1025,1783193355675,103332,103331,0,1,0,1,0,0,74,77,112,130,57,177.67,88,-9,-14,-984,-1,0,0,0,0,0,0,0,"keyboard-worker","OK",1783193355645,103301,1682
1026,1783193355780,103437,103436,0,1,0,1,0,0,74,77,112,130,57,177.92,88,-53,-15,-996,-1,0,0,0,0,0,0,0,"keyboard-worker","OK",1783193355745,103401,1684
1027,1783193355881,103538,103538,0,1,0,1,0,0,74,77,112,130,57,177.78,88,-24,-25,-972,-1,0,0,0,0,0,0,0,"keyboard-worker","OK",1783193355845,103502,1686
1028,1783193355982,103639,103638,2,1,0,1,0,0,74,77,113,130,57,177.7,88,6,-27,-1009,-1,0,0,0,0,0,0,0,"keyboard-worker","OK",1783193355946,103602,1688
1029,1783193356083,103740,103739,1,1,0,0,0,0,74,77,113,130,57,177.68,88,-28,-12,-979,-1,0,0,0,0,0,0,0,"keyboard-worker","OK",1783193356046,103702,1690
1030,1783193356184,103841,103840,0,1,0,0,0,0,74,77,113,130,57,177.81,88,-38,-12,-985,-1,0,0,0,0,0,0,0,"keyboard-worker","OK",1783193356146,103802,1692
1031,1783193356286,103943,103942,0,1,0,0,0,0,74,77,112,130,57,177.86,88,4,-25,-993,-1,0,0,0,0,0,0,0,"keyboard-worker","OK",1783193356246,103903,1694
1032,1783193356387,104044,104043,0,1,0,0,0,0,74,77,112,130,57,177.84,88,-7,-20,-1009,-1,0,0,0,0,0,0,0,"keyboard-worker","OK",1783193356347,104003,1696
1033,1783193356489,104146,104145,0,1,0,0,0,0,74,77,112,130,57,177.68,88,8,-21,-997,-1,0,0,0,0,0,0,0,"keyboard-worker","OK",1783193356447,104103,1698
1034,1783193356591,104248,104247,0,1,0,0,0,0,74,78,112,130,57,177.94,88,-12,-25,-1009,-1,0,0,0,0,0,0,0,"keyboard-worker","OK",1783193356547,104203,1700
1035,1783193356692,104349,104348,0,0,0,0,0,0,74,78,111,130,57,177.87,89,-23,-21,-996,-1,0,0,0,0,0,0,0,"keyboard-worker","OK",1783193356647,104303,1702
1036,1783193356794,104451,104450,0,1,0,0,0,0,74,78,111,130,57,177.7,89,-18,-23,-1014,-1,0,0,0,0,-25,0,0,"keyboard-worker","OK",1783193356747,104404,1704
1037,1783193356895,104552,104552,0,0,-1,0,0,0,74,78,111,120,57,177.94,89,24,-37,-956,-1,0,0,0,0,-25,0,0,"keyboard-worker","OK",1783193356847,104504,1706
1038,1783193356997,104654,104653,0,0,-1,0,0,0,74,78,110,120,57,177.64,89,-3,-3,-1015,-1,0,0,0,0,-25,0,0,"keyboard-worker","OK",1783193356948,104604,1708
1039,1783193357099,104756,104755,1,0,-1,0,0,0,74,78,110,120,57,177.49,89,-23,-53,-972,-1,0,0,0,0,-25,0,0,"keyboard-worker","OK",1783193357098,104754,1711
1040,1783193357201,104858,104857,1,0,-1,0,0,0,74,78,110,120,57,178.14,89,24,4,-1014,-1,0,0,0,0,-25,0,0,"keyboard-worker","OK",1783193357198,104855,1713
1041,1783193357302,104959,104958,1,0,-1,-1,0,0,74,78,110,120,57,177.62,89,2,-14,-1000,-1,0,0,0,0,0,0,0,"keyboard-worker","OK",1783193357298,104955,1715
1042,1783193357404,105061,105060,1,0,-1,-1,0,0,74,78,110,120,57,178.01,89,9,-9,-995,-1,0,0,0,0,0,0,0,"keyboard-worker","OK",1783193357399,105055,1717
1043,1783193357508,105165,105164,0,0,-1,-1,0,0,74,78,109,120,57,178.2,89,58,-16,-961,-1,0,0,0,0,0,0,0,"keyboard-worker","OK",1783193357499,105155,1719
1044,1783193357612,105269,105269,0,0,-1,-1,0,0,74,77,110,120,57,177.7,89,-4,-4,-1007,-1,0,0,0,0,0,0,0,"keyboard-worker","OK",1783193357599,105255,1721
1045,1783193357712,105369,105369,0,0,-1,-1,0,0,74,77,109,120,57,178.02,90,-12,-1,-990,-1,0,0,0,0,0,0,0,"keyboard-worker","OK",1783193357699,105356,1723
1046,1783193357811,105468,105467,0,0,-1,-1,0,0,74,77,109,120,57,177.73,90,9,-4,-1048,-1,0,0,0,0,0,0,0,"keyboard-worker","OK",1783193357800,105456,1725
1047,1783193357912,105569,105568,-1,0,-1,-1,0,0,74,77,109,120,57,177.69,90,35,24,-981,-1,0,0,0,0,0,0,0,"keyboard-worker","OK",1783193357900,105556,1727
1048,1783193358014,105671,105670,-2,0,-1,-1,0,0,74,77,109,120,57,177.83,90,33,-18,-1031,-1,0,0,0,0,0,0,0,"keyboard-worker","OK",1783193358000,105656,1729
1049,1783193358064,105721,105721,-3,0,-1,0,0,0,74,77,109,120,57,177.91,90,33,4,-1017,-1,0,0,0,0,0,0,0,"keyboard-worker","OK",1783193358050,105706,1730
1050,1783193358166,105823,105822,-2,0,-1,0,0,0,74,77,108,120,57,177.77,90,23,4,-993,-1,0,0,0,0,0,0,0,"keyboard-worker","OK",1783193358150,105807,1732
1051,1783193358269,105926,105925,-1,-1,-1,0,0,0,74,77,109,120,57,177.78,90,-7,6,-1014,-1,0,0,0,0,0,0,0,"keyboard-worker","OK",1783193358251,105907,1734
1052,1783193358373,106030,106029,-1,-1,-1,0,0,0,74,77,109,120,57,177.55,90,10,23,-958,-1,0,0,0,0,0,0,0,"keyboard-worker","OK",1783193358351,106007,1736
1053,1783193358477,106134,106134,-1,-1,-1,0,0,0,74,77,109,120,57,177.79,90,-6,10,-1017,-1,0,0,0,0,0,0,0,"keyboard-worker","OK",1783193358451,106107,1738
1054,1783193358578,106235,106234,0,-1,-1,0,0,0,75,77,109,120,57,177.97,90,-7,-15,-977,-1,0,0,0,0,25,0,0,"keyboard-worker","OK",1783193358551,106208,1740
1055,1783193358677,106334,106333,0,-1,-1,0,0,0,75,77,109,120,57,177.84,91,-9,44,-1038,-1,0,0,0,0,25,0,0,"keyboard-worker","OK",1783193358652,106308,1742
1056,1783193358777,106434,106433,-1,0,-1,0,0,0,75,77,110,120,57,178.01,91,-4,-26,-997,-1,0,0,0,0,25,0,0,"keyboard-worker","OK",1783193358752,106408,1744
1057,1783193358879,106536,106535,-1,0,-1,0,0,0,75,77,110,120,57,177.83,91,0,-25,-984,-1,0,0,0,0,25,0,0,"keyboard-worker","OK",1783193358852,106508,1746
1058,1783193358981,106638,106637,-2,0,-1,0,0,0,75,77,111,120,57,177.86,91,-8,22,-1011,-1,0,0,0,0,25,0,0,"keyboard-worker","OK",1783193358952,106608,1748
1059,1783193359091,106748,106748,-2,0,-1,0,0,0,75,77,111,120,57,177.73,91,-24,0,-1004,-1,0,0,0,0,25,0,0,"keyboard-worker","OK",1783193359053,106709,1750
1060,1783193359186,106843,106842,-2,0,-1,1,0,0,75,77,111,120,57,177.96,91,-16,-14,-1002,-1,0,0,0,0,25,0,0,"keyboard-worker","OK",1783193359153,106809,1752
1061,1783193359289,106946,106945,-2,0,-1,1,0,0,75,77,111,130,57,178.17,91,-5,-6,-986,-1,0,0,0,0,25,0,0,"keyboard-worker","OK",1783193359254,106910,1754
1062,1783193359397,107054,107053,-2,0,-1,1,0,0,75,77,111,130,57,177.86,91,-20,12,-1002,-1,0,0,0,0,25,0,0,"keyboard-worker","OK",1783193359354,107011,1756
1063,1783193359497,107154,107153,-2,0,-1,1,0,0,75,77,111,130,57,178.01,91,16,-37,-964,-1,0,0,0,0,25,0,0,"keyboard-worker","OK",1783193359456,107112,1758
1064,1783193359607,107264,107263,-2,0,-1,2,0,0,75,78,112,130,57,177.8,91,-9,17,-1010,-1,0,0,0,0,25,0,0,"keyboard-worker","OK",1783193359607,107263,1761
1065,1783193359703,107360,107359,-2,0,-1,2,0,0,75,78,111,130,57,177.97,92,4,-22,-1031,-1,0,0,0,0,25,0,0,"keyboard-worker","OK",1783193359658,107314,1762
1066,1783193359806,107463,107462,-2,0,-1,2,0,0,75,78,112,130,57,177.66,92,-26,-26,-1000,-1,0,0,0,0,25,0,0,"keyboard-worker","OK",1783193359759,107415,1764
1067,1783193359909,107566,107565,-2,0,-1,2,0,0,75,78,112,130,57,177.81,92,-48,-29,-991,-1,0,0,0,0,25,0,0,"keyboard-worker","OK",1783193359860,107516,1766
1068,1783193360019,107676,107675,-2,0,-1,2,0,0,75,78,112,130,57,177.69,92,-18,7,-989,-1,0,0,0,0,25,0,0,"keyboard-worker","OK",1783193360011,107668,1769
1069,1783193360120,107777,107777,-2,0,0,2,0,0,75,78,112,130,57,177.98,92,-42,-33,-1047,-1,0,0,0,0,25,0,0,"keyboard-worker","OK",1783193360112,107768,1771
1070,1783193360231,107888,107888,-2,0,0,2,0,0,75,78,112,130,57,177.6,92,19,-22,-997,-1,0,0,0,0,25,0,0,"keyboard-worker","OK",1783193360213,107870,1773
1071,1783193360326,107983,107982,-2,0,0,2,0,0,75,78,113,130,57,177.78,92,-15,-22,-984,-1,0,0,0,0,25,0,0,"keyboard-worker","OK",1783193360314,107970,1775
1072,1783193360425,108082,108081,-1,0,0,2,0,0,75,78,113,130,57,177.82,92,-15,-30,-988,-1,0,0,0,0,0,0,0,"keyboard-worker","OK",1783193360415,108071,1777
1073,1783193360532,108189,108188,-1,1,0,2,0,0,75,78,112,130,57,177.66,92,-36,-26,-1018,-1,0,0,0,0,0,0,0,"keyboard-worker","OK",1783193360516,108172,1779
1074,1783193360632,108289,108288,0,1,0,2,0,0,75,78,113,130,57,177.56,92,-50,-66,-1004,-1,0,0,0,0,0,0,0,"keyboard-worker","OK",1783193360616,108273,1781
1075,1783193360746,108403,108402,0,1,0,2,0,0,75,78,113,130,57,178.06,93,-11,-55,-971,-1,0,0,0,0,0,0,0,"keyboard-worker","OK",1783193360718,108374,1783
1076,1783193360837,108494,108493,0,1,0,2,0,0,75,78,114,130,57,177.76,93,-5,-42,-993,-1,0,0,0,0,0,0,0,"keyboard-worker","OK",1783193360818,108474,1785
1077,1783193360940,108597,108596,0,1,0,2,0,0,75,78,114,130,57,177.78,93,-5,-45,-981,-1,0,0,0,0,0,0,0,"keyboard-worker","OK",1783193360919,108575,1787
1078,1783193361042,108699,108699,0,1,0,2,0,0,75,78,114,130,57,177.68,93,-33,-19,-1002,-1,0,0,0,0,0,0,0,"keyboard-worker","OK",1783193361020,108676,1789
1079,1783193361145,108802,108801,1,1,0,1,0,0,75,78,114,130,57,177.76,93,-18,-35,-991,-1,0,0,0,0,0,0,0,"keyboard-worker","OK",1783193361121,108777,1791
1080,1783193361248,108905,108904,4,1,0,1,0,0,75,78,114,130,57,177.73,93,-33,-23,-992,-1,0,0,0,0,0,0,0,"keyboard-worker","OK",1783193361222,108878,1793
1081,1783193361351,109008,109007,2,1,0,0,0,0,75,78,114,130,57,177.88,93,19,-34,-990,-1,0,0,0,0,0,0,0,"keyboard-worker","OK",1783193361322,108978,1795
1082,1783193361404,109061,109060,1,1,0,0,0,0,75,78,114,130,57,177.55,93,-6,-44,-993,-1,0,0,0,0,0,0,0,"keyboard-worker","OK",1783193361373,109029,1796
1083,1783193361506,109163,109162,0,1,0,0,0,0,75,78,113,130,57,177.87,93,10,-28,-997,-1,0,0,0,0,0,0,0,"keyboard-worker","OK",1783193361474,109130,1798
1084,1783193361608,109265,109264,0,1,0,0,0,0,75,77,113,130,57,177.8,93,28,-35,-981,-1,0,0,0,0,0,0,0,"keyboard-worker","OK",1783193361574,109231,1800
1085,1783193361711,109368,109367,0,1,0,0,0,0,75,77,113,130,57,178.22,94,24,-27,-999,-1,0,0,0,0,0,0,0,"keyboard-worker","OK",1783193361675,109331,1802
1086,1783193361813,109470,109470,0,1,-1,0,0,0,75,77,112,130,57,177.99,94,8,0,-1016,-1,0,0,0,0,0,0,0,"keyboard-worker","OK",1783193361775,109432,1804
1087,1783193361916,109573,109572,0,1,-1,0,0,0,75,77,112,130,57,178.03,94,-14,-49,-1005,-1,0,0,0,0,-25,0,0,"keyboard-worker","OK",1783193361876,109532,1806
1088,1783193362019,109676,109675,0,1,-1,0,0,0,75,77,111,130,57,177.9,94,23,-23,-982,-1,0,0,0,0,-25,0,0,"keyboard-worker","OK",1783193361977,109633,1808
1089,1783193362121,109778,109778,0,1,-1,0,0,0,75,77,111,130,57,177.99,94,0,-27,-991,-1,0,0,0,0,-25,0,0,"keyboard-worker","OK",1783193362077,109734,1810
1090,1783193362224,109881,109880,1,1,-1,0,0,0,75,77,110,130,57,177.75,94,5,0,-1011,-1,0,0,0,0,-25,0,0,"keyboard-worker","OK",1783193362178,109834,1812
1091,1783193362327,109984,109983,1,1,-1,0,0,0,75,77,110,120,57,177.76,94,-18,-32,-995,-1,0,0,0,0,-25,0,0,"keyboard-worker","OK",1783193362279,109935,1814
1092,1783193362429,110086,110085,1,1,-1,0,0,0,75,77,110,120,57,177.76,94,-37,-36,-1059,-1,0,0,0,0,-25,0,0,"keyboard-worker","OK",1783193362380,110036,1816
1093,1783193362536,110193,110193,1,1,-1,-1,0,0,75,77,109,120,57,177.76,94,-7,8,-1030,-1,0,0,0,0,-25,0,0,"keyboard-worker","OK",1783193362530,110187,1819
1094,1783193362640,110297,110296,1,0,-1,-1,0,0,75,77,108,120,57,177.71,95,22,23,-1011,-1,0,0,0,0,-25,0,0,"keyboard-worker","OK",1783193362631,110287,1821
1095,1783193362742,110399,110399,1,0,-1,-1,0,0,75,77,108,120,57,177.81,95,18,-11,-1018,-1,0,0,0,0,-25,0,0,"keyboard-worker","OK",1783193362731,110388,1823
1096,1783193362855,110512,110512,1,0,-1,-1,0,0,75,77,108,120,57,177.9,95,25,-22,-1003,-1,0,0,0,0,0,0,0,"keyboard-worker","OK",1783193362832,110488,1825
1097,1783193362943,110600,110599,1,0,-1,-2,0,0,75,77,108,120,57,178.08,95,15,17,-1028,-1,0,0,0,0,0,0,0,"keyboard-worker","OK",1783193362932,110589,1827
1098,1783193363046,110703,110703,0,0,-1,-2,0,0,75,77,108,120,57,177.79,95,34,13,-1025,-1,0,0,0,0,0,0,0,"keyboard-worker","OK",1783193363033,110689,1829
1099,1783193363155,110812,110811,0,0,0,-1,0,0,75,77,109,120,57,177.68,95,40,-30,-992,-1,0,0,0,0,0,0,0,"keyboard-worker","OK",1783193363133,110789,1831
1100,1783193363251,110908,110907,0,0,0,-1,0,0,75,77,109,120,57,177.93,95,38,35,-1002,-1,0,0,0,0,0,0,0,"keyboard-worker","OK",1783193363233,110890,1833
1101,1783193363354,111011,111010,0,0,0,-1,0,0,75,77,110,120,57,177.81,95,72,24,-982,-1,0,0,0,0,0,0,0,"keyboard-worker","OK",1783193363334,110990,1835
1102,1783193363456,111113,111112,0,0,0,-1,0,0,75,77,111,120,57,178.02,95,32,3,-1015,-1,0,0,0,0,0,0,0,"keyboard-worker","OK",1783193363434,111090,1837
1103,1783193363558,111215,111215,-3,-1,0,-1,0,0,75,77,111,130,57,177.65,95,26,13,-1011,-1,0,0,0,0,0,0,0,"keyboard-worker","OK",1783193363534,111190,1839
1104,1783193363662,111319,111318,-2,-1,0,0,0,0,76,78,112,130,57,177.97,96,18,12,-1001,-1,0,0,0,0,0,0,0,"keyboard-worker","OK",1783193363634,111291,1841
1105,1783193363764,111421,111421,-1,-1,0,0,0,0,76,78,112,130,57,177.86,96,27,-2,-1008,-1,0,0,0,0,0,0,0,"keyboard-worker","OK",1783193363735,111391,1843
1106,1783193363867,111524,111523,0,-1,0,0,0,0,76,78,113,130,57,177.82,96,25,11,-936,-1,0,0,0,0,0,0,0,"keyboard-worker","OK",1783193363835,111491,1845
1107,1783193363969,111626,111626,0,-1,0,0,0,0,76,78,114,130,57,177.66,96,14,8,-998,-1,0,0,0,0,0,0,0,"keyboard-worker","OK",1783193363935,111592,1847
1108,1783193364073,111730,111729,0,-1,0,0,0,0,76,78,114,130,57,177.66,96,-4,16,-1023,-1,0,0,0,0,0,0,0,"keyboard-worker","OK",1783193364036,111692,1849
1109,1783193364182,111839,111838,0,-1,0,0,0,0,76,78,114,130,57,177.72,96,35,13,-976,-1,0,0,0,0,25,0,0,"keyboard-worker","OK",1783193364136,111792,1851
1110,1783193364280,111937,111936,0,-1,0,0,0,0,76,78,115,130,57,177.91,96,8,7,-989,-1,0,0,0,0,25,0,0,"keyboard-worker","OK",1783193364236,111893,1853
1111,1783193364382,112039,112038,0,-1,0,0,0,0,76,78,116,130,57,177.77,96,18,4,-1004,-1,0,0,0,0,25,0,0,"keyboard-worker","OK",1783193364337,111993,1855
1112,1783193364486,112143,112143,-1,0,0,0,0,0,76,78,117,130,57,177.95,96,-2,10,-989,-1,0,0,0,0,25,0,0,"keyboard-worker","OK",1783193364437,112093,1857
1113,1783193364585,112242,112241,-2,0,0,0,0,0,76,78,118,130,57,177.55,96,16,6,-993,-1,0,0,0,0,25,0,0,"keyboard-worker","OK",1783193364537,112193,1859
1114,1783193364687,112344,112343,-2,0,0,1,0,0,76,78,118,130,57,178.06,97,11,18,-941,-1,0,0,0,0,25,0,0,"keyboard-worker","OK",1783193364687,112344,1862
1115,1783193364790,112447,112446,-2,0,0,1,0,0,76,78,117,130,57,178,97,-14,5,-1004,-1,0,0,0,0,25,0,0,"keyboard-worker","OK",1783193364788,112444,1864
1116,1783193364892,112549,112548,-2,0,0,1,0,0,76,78,118,130,57,177.98,97,-6,0,-1010,-1,0,0,0,0,25,0,0,"keyboard-worker","OK",1783193364889,112545,1866
1117,1783193364994,112651,112651,-1,0,0,1,0,0,76,78,118,130,57,177.64,97,15,7,-996,-1,0,0,0,0,25,0,0,"keyboard-worker","OK",1783193364989,112645,1868
1118,1783193365097,112754,112753,-1,0,-1,2,0,0,76,78,118,130,57,178.19,97,-3,18,-1005,-1,0,0,0,0,25,0,0,"keyboard-worker","OK",1783193365090,112746,1870
1119,1783193365199,112856,112856,-1,0,-1,2,0,0,76,78,117,130,56,177.52,97,-46,7,-1042,-1,0,0,0,0,25,0,0,"keyboard-worker","OK",1783193365190,112846,1872
1120,1783193365301,112958,112958,-1,0,-1,2,0,0,76,78,117,130,56,178.04,97,22,24,-988,-1,0,0,0,0,25,0,0,"keyboard-worker","OK",1783193365290,112947,1874
1121,1783193365404,113061,113060,-1,0,-1,2,0,0,76,78,117,130,56,177.8,97,37,-10,-937,-1,0,0,0,0,25,0,0,"keyboard-worker","OK",1783193365391,113047,1876
1122,1783193365506,113163,113162,-1,0,-1,2,0,0,76,78,116,130,56,177.96,97,1,29,-1024,-1,0,0,0,0,0,0,0,"keyboard-worker","OK",1783193365491,113148,1878
1123,1783193365611,113268,113267,0,0,-1,2,0,0,76,78,116,130,56,177.89,97,24,-26,-1003,-1,0,0,0,0,0,0,0,"keyboard-worker","OK",1783193365592,113248,1880
1124,1783193365717,113374,113373,0,0,-1,2,0,0,75,78,116,130,56,177.91,98,-21,-13,-1011,-1,0,0,0,0,0,0,0,"keyboard-worker","OK",1783193365692,113349,1882
1125,1783193365820,113477,113476,0,0,-1,2,0,0,75,78,115,130,56,177.91,98,-12,-7,-1044,-1,0,0,0,0,0,0,0,"keyboard-worker","OK",1783193365793,113449,1884
1126,1783193365866,113523,113522,0,0,-1,2,0,0,75,78,115,130,56,177.88,98,-5,-11,-1059,-1,0,0,0,0,0,0,0,"keyboard-worker","OK",1783193365843,113499,1885
1127,1783193365968,113625,113625,0,1,-1,1,0,0,75,78,114,130,56,177.99,98,15,-29,-1002,-1,0,0,0,0,0,0,0,"keyboard-worker","OK",1783193365943,113600,1887
1128,1783193366071,113728,113727,0,1,-1,1,0,0,75,78,113,130,56,177.73,98,-22,-62,-995,-1,0,0,0,0,0,0,0,"keyboard-worker","OK",1783193366044,113700,1889
1129,1783193366173,113830,113829,4,1,0,1,0,0,75,78,113,130,56,178.05,98,-36,-32,-1078,-1,0,0,0,0,0,0,0,"keyboard-worker","OK",1783193366144,113801,1891
1130,1783193366275,113932,113931,2,1,-1,0,0,0,75,78,113,130,56,177.93,98,18,-39,-981,-1,0,0,0,0,0,0,0,"keyboard-worker","OK",1783193366245,113901,1893
1131,1783193366383,114040,114040,1,1,-1,0,0,0,75,78,112,130,56,177.92,98,-11,-28,-1014,-1,0,0,0,0,0,0,0,"keyboard-worker","OK",1783193366345,114001,1895
1132,1783193366481,114138,114137,0,1,-1,0,0,0,75,78,112,120,56,177.97,98,-5,-22,-989,-1,0,0,0,0,0,0,0,"keyboard-worker","OK",1783193366445,114102,1897
1133,1783193366586,114243,114243,0,1,-1,0,0,0,75,78,111,120,56,178.38,98,12,-40,-1031,-1,0,0,0,0,0,0,0,"keyboard-worker","OK",1783193366546,114202,1899
1134,1783193366693,114350,114349,0,1,-1,0,0,0,75,78,112,120,56,177.65,99,-9,-5,-1001,-1,0,0,0,0,0,0,0,"keyboard-worker","OK",1783193366646,114303,1901
1135,1783193366787,114444,114444,0,1,-1,0,0,0,75,78,111,120,56,177.7,99,-8,-35,-982,-1,0,0,0,0,0,0,0,"keyboard-worker","OK",1783193366747,114403,1903
1136,1783193366889,114546,114546,0,1,-1,0,0,0,75,78,111,120,56,178.14,99,20,-48,-1013,-1,0,0,0,0,0,0,0,"keyboard-worker","OK",1783193366847,114503,1905
1137,1783193366992,114649,114648,0,1,-1,0,0,0,75,78,111,120,56,177.7,99,-4,-34,-996,-1,0,0,0,-25,0,0,0,"keyboard-worker","OK",1783193366947,114604,1907
1138,1783193367094,114751,114750,0,0,-1,0,0,0,75,78,110,120,56,177.69,99,-1,-3,-937,-1,0,0,0,-25,0,0,0,"keyboard-worker","OK",1783193367048,114704,1909
1139,1783193367196,114853,114852,0,0,-1,0,0,0,75,78,110,120,56,177.97,99,25,-7,-1003,-1,0,0,0,0,0,0,0,"keyboard-worker","OK",1783193367148,114804,1911
1140,1783193367298,114955,114954,0,-1,-1,0,0,0,75,78,110,120,56,177.8,99,18,-34,-1004,-1,0,0,0,0,0,0,0,"keyboard-worker","OK",1783193367248,114905,1913
1141,1783193367400,115057,115057,0,0,-1,0,0,0,75,78,110,120,56,177.96,99,17,-25,-1020,-1,0,0,0,0,0,0,0,"keyboard-worker","OK",1783193367399,115055,1916
1142,1783193367502,115159,115159,0,0,-1,0,0,0,75,78,109,120,56,177.49,99,2,10,-1000,-1,0,0,0,0,0,0,0,"keyboard-worker","OK",1783193367499,115156,1918
1143,1783193367605,115262,115262,0,0,-1,0,0,0,75,78,110,120,56,177.7,99,6,9,-989,-1,0,0,0,0,0,0,0,"keyboard-worker","OK",1783193367600,115256,1920
1144,1783193367708,115365,115364,0,0,-1,0,0,0,75,78,109,120,56,177.9,100,24,-13,-984,-1,0,0,0,-25,0,0,0,"keyboard-worker","OK",1783193367700,115356,1922
1145,1783193367810,115467,115466,0,0,-1,0,0,0,75,78,110,120,56,177.67,100,30,-17,-989,-1,0,0,0,-25,0,0,0,"keyboard-worker","OK",1783193367801,115457,1924
1146,1783193367914,115571,115570,0,0,-1,0,0,0,75,78,109,120,56,177.89,100,-15,-20,-969,-1,0,0,0,-25,0,0,0,"keyboard-worker","OK",1783193367901,115557,1926
1147,1783193368016,115673,115672,0,-1,-1,0,0,0,75,78,109,120,56,177.85,100,25,1,-974,-1,0,0,0,-25,0,0,0,"keyboard-worker","OK",1783193368001,115658,1928
1148,1783193368119,115776,115775,0,-2,-1,0,0,0,75,78,109,120,56,177.88,100,46,-3,-996,-1,0,0,0,-25,0,0,0,"keyboard-worker","OK",1783193368102,115758,1930
1149,1783193368222,115879,115878,0,-2,-1,0,0,0,75,78,109,120,56,177.87,100,28,-3,-992,-1,0,0,0,-25,0,0,0,"keyboard-worker","OK",1783193368202,115858,1932
1150,1783193368325,115982,115981,0,-2,-1,0,-1,0,75,78,109,120,56,177.93,100,5,11,-1003,-1,0,0,0,-25,0,0,0,"keyboard-worker","OK",1783193368302,115959,1934
1151,1783193368428,116085,116084,0,-2,-1,0,-1,0,75,78,109,120,56,177.9,100,6,-6,-987,-1,0,0,0,-25,0,0,0,"keyboard-worker","OK",1783193368403,116059,1936
1152,1783193368529,116186,116185,0,-2,-1,0,-1,0,75,78,109,120,56,178.02,100,6,-6,-1006,-1,0,0,0,-25,0,0,0,"keyboard-worker","OK",1783193368503,116159,1938
1153,1783193368628,116285,116284,0,-2,-1,0,-1,0,75,78,109,120,56,177.78,100,-7,3,-981,-1,0,0,0,-25,0,0,0,"keyboard-worker","OK",1783193368603,116260,1940
1154,1783193368730,116387,116386,0,-1,-1,0,-1,0,76,78,108,120,56,177.86,101,8,-10,-1018,-1,0,0,0,-25,0,0,0,"keyboard-worker","OK",1783193368704,116360,1942
1155,1783193368832,116489,116488,0,-1,-1,0,-2,0,76,78,108,120,56,177.83,101,-34,33,-987,-1,0,0,0,-25,0,0,0,"keyboard-worker","OK",1783193368804,116460,1944
1156,1783193368934,116591,116591,-1,-1,0,0,-2,0,76,78,108,120,56,177.69,101,-3,-11,-999,-1,0,0,0,-25,0,0,0,"keyboard-worker","OK",1783193368904,116561,1946
1157,1783193369036,116693,116693,0,-1,0,0,-2,0,76,78,108,120,56,177.87,101,-17,48,-1019,-1,0,0,0,-25,0,0,0,"keyboard-worker","OK",1783193369005,116661,1948
1158,1783193369138,116795,116794,0,-1,0,0,-2,0,76,78,108,120,56,177.67,101,-56,27,-1075,-1,0,0,0,-25,0,0,0,"keyboard-worker","OK",1783193369105,116761,1950
1159,1783193369240,116897,116896,0,-2,0,0,-2,0,76,78,108,120,56,177.67,101,-28,20,-1007,-1,0,0,0,-25,0,0,0,"keyboard-worker","OK",1783193369205,116861,1952
1160,1783193369343,117000,116999,-1,-2,0,0,-2,0,76,78,108,120,56,177.92,101,-5,31,-997,-1,0,0,0,-25,0,0,0,"keyboard-worker","OK",1783193369305,116962,1954
1161,1783193369394,117051,117050,-1,-2,0,0,-2,0,76,78,109,120,56,177.71,101,-26,25,-1034,-1,0,0,0,-25,0,0,0,"keyboard-worker","OK",1783193369356,117012,1955
1162,1783193369495,117152,117151,-1,-2,0,0,-2,0,76,78,110,120,56,177.55,101,-3,18,-902,-1,0,0,0,-25,0,0,0,"keyboard-worker","OK",1783193369456,117112,1957
1163,1783193369597,117254,117254,-1,-2,0,0,-2,0,76,78,110,130,56,177.7,101,1,2,-934,-1,0,0,0,-25,0,0,0,"keyboard-worker","OK",1783193369556,117212,1959
1164,1783193369700,117357,117356,-1,-2,0,0,-2,0,75,79,110,130,56,177.7,102,-19,20,-988,-1,0,0,0,-25,0,0,0,"keyboard-worker","OK",1783193369656,117313,1961
1165,1783193369802,117459,117459,-1,-1,0,0,-2,0,75,79,110,130,56,177.87,102,21,11,-990,-1,0,0,0,-25,0,0,0,"keyboard-worker","OK",1783193369757,117413,1963
1166,1783193369904,117561,117561,-1,-1,0,0,-2,0,75,79,110,130,56,177.83,102,-10,28,-974,-1,0,0,0,-25,0,0,0,"keyboard-worker","OK",1783193369857,117513,1965
1167,1783193370007,117664,117663,-1,-1,0,0,-2,0,75,79,110,130,56,177.59,102,-4,38,-1022,-1,0,0,0,-25,0,0,0,"keyboard-worker","OK",1783193370007,117663,1968
1168,1783193370109,117766,117765,-1,-2,0,0,-2,0,75,79,111,130,56,177.73,102,-1,12,-1008,-1,0,0,0,-25,0,0,0,"keyboard-worker","OK",1783193370107,117764,1970
1169,1783193370210,117867,117867,-1,-2,0,0,-2,0,75,79,111,130,56,177.77,102,-17,44,-1012,-1,0,0,0,-25,0,0,0,"keyboard-worker","OK",1783193370208,117864,1972
1170,1783193370312,117969,117969,-1,-2,0,0,-2,0,75,79,110,130,56,177.85,102,-4,36,-1007,-1,0,0,0,0,0,0,0,"keyboard-worker","OK",1783193370308,117964,1974
1171,1783193370416,118073,118072,-1,-1,0,0,-2,0,75,79,111,130,56,177.89,102,37,18,-1044,-1,0,0,0,0,0,0,0,"keyboard-worker","OK",1783193370408,118064,1976
1172,1783193370519,118176,118175,0,-1,0,0,-2,0,75,79,111,130,56,177.79,102,-25,25,-1013,-1,0,0,0,0,0,0,0,"keyboard-worker","OK",1783193370508,118165,1978
1173,1783193370624,118281,118280,0,0,0,0,-2,0,75,79,111,130,56,177.75,102,-14,31,-1027,-1,0,0,0,0,0,0,0,"keyboard-worker","OK",1783193370609,118265,1980
1174,1783193370725,118382,118381,0,0,0,0,-2,0,76,78,110,130,56,177.68,103,32,1,-993,-1,0,0,0,0,0,0,0,"keyboard-worker","OK",1783193370709,118365,1982
1175,1783193370827,118484,118483,-1,0,0,0,-2,0,76,78,111,130,56,177.74,103,-17,18,-1016,-1,0,0,0,0,0,0,0,"keyboard-worker","OK",1783193370809,118465,1984
1176,1783193370926,118583,118582,0,0,0,0,-1,0,76,78,110,130,56,177.73,103,14,8,-983,-1,0,0,0,0,0,0,0,"keyboard-worker","OK",1783193370909,118566,1986
1177,1783193371028,118685,118684,-1,0,0,0,-1,0,76,78,111,130,56,177.59,103,-14,25,-978,-1,0,0,0,0,0,0,0,"keyboard-worker","OK",1783193371010,118666,1988
1178,1783193371128,118785,118784,-1,3,0,0,-1,0,76,78,111,130,56,177.55,103,-10,19,-999,-1,0,0,0,0,0,0,0,"keyboard-worker","OK",1783193371110,118766,1990
1179,1783193371230,118887,118886,-1,1,0,0,0,0,76,78,111,130,56,177.64,103,-19,18,-955,-1,0,0,0,0,0,0,0,"keyboard-worker","OK",1783193371210,118866,1992
1180,1783193371332,118989,118988,-1,0,0,0,0,0,76,78,111,130,56,177.94,103,-52,30,-1068,-1,0,0,0,0,0,0,0,"keyboard-worker","OK",1783193371310,118967,1994
1181,1783193371434,119091,119091,-1,0,0,0,0,0,76,78,110,130,56,177.82,103,-15,-8,-1011,-1,0,0,0,0,0,0,0,"keyboard-worker","OK",1783193371411,119067,1996
1182,1783193371537,119194,119193,-1,0,0,0,0,0,76,78,110,130,56,177.88,103,-10,8,-985,-1,0,0,0,0,0,0,0,"keyboard-worker","OK",1783193371511,119167,1998
1183,1783193371643,119300,119299,-1,0,0,0,0,0,76,78,109,130,56,177.5,103,-12,18,-945,-1,0,0,0,0,0,0,0,"keyboard-worker","OK",1783193371611,119267,2000
1184,1783193371740,119397,119396,-1,0,0,0,0,0,76,78,109,120,56,177.68,104,-34,12,-1024,-1,0,0,0,0,0,0,0,"keyboard-worker","OK",1783193371711,119367,2002
1185,1783193371842,119499,119498,-1,0,0,0,0,0,76,78,108,120,56,177.5,104,12,1,-1038,-1,0,0,0,25,0,0,0,"keyboard-worker","OK",1783193371811,119468,2004
1186,1783193371944,119601,119600,-1,0,0,0,0,0,76,78,108,120,56,177.74,104,-24,-10,-1020,-1,0,0,0,25,0,0,0,"keyboard-worker","OK",1783193371912,119568,2006
1187,1783193372045,119702,119702,-1,0,-1,0,0,0,76,78,108,120,56,177.48,104,-9,3,-1013,-1,0,0,0,25,0,0,0,"keyboard-worker","OK",1783193372012,119668,2008
1188,1783193372153,119810,119809,-1,1,-1,0,0,0,76,78,108,120,56,178.05,104,-7,4,-1026,-1,0,0,0,25,0,0,0,"keyboard-worker","OK",1783193372112,119768,2010
1189,1783193372255,119912,119911,0,2,-1,0,0,0,76,78,109,120,56,177.86,104,-26,0,-984,-1,0,0,0,25,0,0,0,"keyboard-worker","OK",1783193372212,119868,2012
1190,1783193372357,120014,120013,0,2,-1,0,0,0,76,78,109,120,56,177.9,104,-4,2,-1019,-1,0,0,0,25,0,0,0,"keyboard-worker","OK",1783193372312,119969,2014
1191,1783193372473,120130,120129,0,1,-1,0,1,0,76,78,109,120,56,177.61,104,10,-1,-978,-1,0,0,0,25,0,0,0,"keyboard-worker","OK",1783193372463,120119,2017
1192,1783193372561,120218,120218,0,1,-1,0,1,0,76,78,109,120,56,177.92,104,-1,-19,-1025,-1,0,0,0,25,0,0,0,"keyboard-worker","OK",1783193372513,120169,2018
1193,1783193372657,120314,120314,0,1,0,0,1,0,76,78,109,120,56,178.01,104,-9,-10,-939,-1,0,0,0,25,0,0,0,"keyboard-worker","OK",1783193372613,120269,2020
1194,1783193372763,120420,120419,0,1,-1,0,1,0,76,78,110,120,56,177.74,105,29,-20,-1018,-1,0,0,0,25,0,0,0,"keyboard-worker","OK",1783193372763,120420,2023
1195,1783193372860,120517,120517,-1,1,-1,0,2,0,76,78,110,120,56,178.01,105,-28,-8,-997,-1,0,0,0,25,0,0,0,"keyboard-worker","OK",1783193372813,120470,2024
1196,1783193372962,120619,120619,0,1,-1,0,2,0,76,78,110,120,56,177.93,105,-18,-4,-1010,-1,0,0,0,25,0,0,0,"keyboard-worker","OK",1783193372914,120570,2026
1197,1783193373064,120721,120720,0,1,-1,0,2,0,76,78,110,120,56,177.72,105,22,-12,-966,-1,0,0,0,25,0,0,0,"keyboard-worker","OK",1783193373064,120720,2029
1198,1783193373121,120778,120777,-1,1,-1,0,2,0,76,78,111,120,56,177.66,105,-28,-8,-1028,-1,0,0,0,25,0,0,0,"keyboard-worker","OK",1783193373114,120770,2030
1199,1783193373224,120881,120881,0,0,-1,0,2,0,76,78,111,130,56,177.57,105,0,-11,-966,-1,0,0,0,0,0,0,0,"keyboard-worker","OK",1783193373214,120871,2032
1200,1783193373326,120983,120982,-1,0,-1,0,2,0,76,78,111,130,56,177.93,105,20,-20,-1015,-1,0,0,0,0,0,0,0,"keyboard-worker","OK",1783193373315,120971,2034
1201,1783193373423,121080,121079,-1,0,-1,0,2,0,76,78,111,130,56,177.82,105,7,-24,-1016,-1,0,0,0,0,0,0,0,"keyboard-worker","OK",1783193373415,121071,2036
1202,1783193373529,121186,121185,0,0,-1,0,2,0,76,78,111,130,56,177.82,105,-14,-16,-973,-1,0,0,0,0,0,0,0,"keyboard-worker","OK",1783193373515,121171,2038
1203,1783193373626,121283,121282,0,-1,-1,0,2,0,76,78,111,130,56,177.85,105,-12,-4,-1005,-1,0,0,0,0,0,0,0,"keyboard-worker","OK",1783193373615,121271,2040
1204,1783193373728,121385,121385,0,0,0,0,2,0,76,78,111,130,56,177.74,106,7,1,-966,-1,0,0,0,0,0,0,0,"keyboard-worker","OK",1783193373715,121372,2042
1205,1783193373830,121487,121486,0,-1,0,0,2,0,76,78,111,130,56,177.66,106,-1,1,-1021,-1,0,0,0,0,0,0,0,"keyboard-worker","OK",1783193373816,121472,2044
1206,1783193373932,121589,121588,0,-1,0,0,2,0,76,78,111,130,56,177.76,106,23,-6,-978,-1,0,0,0,0,0,0,0,"keyboard-worker","OK",1783193373916,121572,2046
1207,1783193374034,121691,121690,0,-5,0,0,1,0,76,78,111,130,56,177.63,106,17,3,-1037,-1,0,0,0,0,0,0,0,"keyboard-worker","OK",1783193374016,121672,2048
1208,1783193374136,121793,121792,0,-3,0,0,0,0,76,78,111,130,56,177.94,106,-15,16,-1029,-1,0,0,0,0,0,0,0,"keyboard-worker","OK",1783193374117,121773,2050
1209,1783193374238,121895,121894,0,-2,0,0,0,0,76,78,111,130,56,177.78,106,-17,20,-1015,-1,0,0,0,0,0,0,0,"keyboard-worker","OK",1783193374217,121873,2052
1210,1783193374340,121997,121996,0,-2,0,0,0,0,76,78,112,130,56,177.77,106,-12,-5,-962,-1,0,0,0,0,0,0,0,"keyboard-worker","OK",1783193374317,121973,2054
1211,1783193374442,122099,122099,-1,-2,0,0,0,0,76,78,112,130,56,177.7,106,25,2,-961,-1,0,0,0,0,0,0,0,"keyboard-worker","OK",1783193374417,122073,2056
1212,1783193374543,122200,122199,0,-2,0,0,0,0,76,78,112,130,56,177.77,106,-27,38,-1024,-1,0,0,0,0,0,0,0,"keyboard-worker","OK",1783193374517,122174,2058
1213,1783193374650,122307,122306,0,-1,0,0,0,0,76,78,111,130,56,177.93,106,-20,1,-1016,-1,0,0,0,0,0,0,0,"keyboard-worker","OK",1783193374618,122274,2060
1214,1783193374750,122407,122406,0,-1,0,0,0,0,76,78,111,130,56,177.78,107,32,6,-951,-1,0,0,0,0,0,0,0,"keyboard-worker","OK",1783193374718,122374,2062
1215,1783193374852,122509,122508,0,-1,0,0,0,0,76,78,111,130,56,177.57,107,9,8,-979,-1,0,0,0,0,0,0,0,"keyboard-worker","OK",1783193374818,122474,2064
1216,1783193374953,122610,122610,0,-1,0,0,0,0,76,78,111,130,56,177.61,107,-11,22,-1030,-1,0,0,0,0,0,0,0,"keyboard-worker","OK",1783193374918,122574,2066
1217,1783193375053,122710,122709,0,-1,0,0,0,0,76,78,111,130,56,177.63,107,8,12,-971,-1,0,0,0,-25,0,0,0,"keyboard-worker","OK",1783193375018,122675,2068
1218,1783193375155,122812,122811,0,-1,0,0,0,0,76,78,111,130,56,177.42,107,-15,30,-1047,-1,0,0,0,-25,0,0,0,"keyboard-worker","OK",1783193375119,122775,2070
1219,1783193375257,122914,122913,0,-1,0,0,0,0,76,78,111,120,56,177.45,107,-20,11,-1022,-1,0,0,0,-25,0,0,0,"keyboard-worker","OK",1783193375219,122875,2072
1220,1783193375359,123016,123015,0,-2,0,0,0,0,76,78,111,130,56,177.56,107,-2,14,-954,-1,0,0,0,-25,0,0,0,"keyboard-worker","OK",1783193375319,122975,2074
1221,1783193375460,123117,123116,0,-2,0,0,0,0,76,78,111,130,56,177.82,107,-9,25,-988,-1,0,0,0,-25,0,0,0,"keyboard-worker","OK",1783193375419,123075,2076
1222,1783193375562,123219,123218,0,-2,0,0,-1,0,76,78,110,130,56,177.77,107,-17,25,-1023,-1,0,0,0,-25,0,0,0,"keyboard-worker","OK",1783193375519,123176,2078
1223,1783193375665,123322,123321,0,-2,0,0,-1,0,76,78,111,130,56,177.76,107,0,25,-980,-1,0,0,0,-25,0,0,0,"keyboard-worker","OK",1783193375620,123276,2080
1224,1783193375767,123424,123423,0,-2,0,0,-1,0,76,78,110,130,56,177.63,108,8,28,-1016,-1,0,0,0,-25,0,0,0,"keyboard-worker","OK",1783193375720,123376,2082
1225,1783193375869,123526,123525,0,-2,0,0,-1,0,76,78,109,120,56,177.49,108,-2,18,-964,-1,0,0,0,-25,0,0,0,"keyboard-worker","OK",1783193375820,123476,2084
1226,1783193375970,123627,123626,0,-2,0,0,-2,0,76,78,109,120,56,177.55,108,-8,2,-1054,-1,0,0,0,-25,0,0,0,"keyboard-worker","OK",1783193375970,123627,2087
1227,1783193376072,123729,123728,0,-2,0,0,-2,0,76,78,108,120,56,177.6,108,-32,33,-1036,-1,0,0,0,-25,0,0,0,"keyboard-worker","OK",1783193376071,123727,2089
1228,1783193376174,123831,123830,-1,-2,0,0,-2,0,76,78,108,120,56,177.7,108,0,0,-1023,-1,0,0,0,-25,0,0,0,"keyboard-worker","OK",1783193376171,123827,2091
1229,1783193376277,123934,123933,-1,-2,0,0,-2,0,76,78,108,120,56,178.06,108,9,42,-943,-1,0,0,0,-25,0,0,0,"keyboard-worker","OK",1783193376271,123927,2093
1230,1783193376382,124039,124039,0,-2,0,0,-2,0,76,78,107,120,56,177.69,108,-3,7,-1041,-1,0,0,0,-25,0,0,0,"keyboard-worker","OK",1783193376371,124027,2095
1231,1783193376485,124142,124141,0,-1,0,0,-2,0,76,78,107,120,56,177.9,108,-22,16,-1074,-1,0,0,0,-25,0,0,0,"keyboard-worker","OK",1783193376471,124128,2097
1232,1783193376586,124243,124242,0,-1,0,0,-2,0,76,78,108,120,56,177.82,108,-19,11,-978,-1,0,0,0,-25,0,0,0,"keyboard-worker","OK",1783193376571,124228,2099
1233,1783193376684,124341,124340,0,-1,0,0,-2,0,76,78,108,120,56,177.86,109,26,15,-1022,-1,0,0,0,-25,0,0,0,"keyboard-worker","OK",1783193376672,124328,2101
1234,1783193376785,124442,124442,-1,-1,0,0,-2,0,76,79,108,120,56,177.77,109,-11,33,-998,-1,0,0,0,-25,0,0,0,"keyboard-worker","OK",1783193376772,124428,2103
1235,1783193376887,124544,124543,-1,-1,0,0,-2,0,76,79,109,120,56,177.42,109,0,45,-1028,-1,0,0,0,0,0,0,0,"keyboard-worker","OK",1783193376872,124528,2105
1236,1783193376989,124646,124646,-1,-1,0,0,-2,0,76,79,109,120,56,177.47,109,-5,27,-1062,-1,0,0,0,0,0,0,0,"keyboard-worker","OK",1783193376972,124629,2107
1237,1783193377091,124748,124747,0,0,0,0,-2,0,76,79,109,120,56,177.65,109,-12,48,-967,-1,0,0,0,0,0,0,0,"keyboard-worker","OK",1783193377073,124729,2109
1238,1783193377145,124802,124801,0,0,0,0,-2,0,76,79,109,120,56,177.64,109,34,9,-980,-1,0,0,0,0,0,0,0,"keyboard-worker","OK",1783193377123,124779,2110
1239,1783193377249,124906,124905,0,0,0,0,-2,0,76,79,110,120,56,177.69,109,-11,22,-1064,-1,0,0,0,0,0,0,0,"keyboard-worker","OK",1783193377223,124879,2112
1240,1783193377351,125008,125007,0,0,0,0,-2,0,76,79,110,120,56,177.58,109,-38,38,-1025,-1,0,0,0,0,0,0,0,"keyboard-worker","OK",1783193377323,124979,2114
1241,1783193377447,125104,125103,-1,0,0,0,-2,0,76,79,111,130,56,177.68,109,20,0,-938,-1,0,0,0,0,0,0,0,"keyboard-worker","OK",1783193377423,125079,2116
1242,1783193377553,125210,125209,0,2,-1,0,-1,0,76,79,110,130,56,177.64,109,-25,23,-1041,-1,0,0,0,0,0,0,0,"keyboard-worker","OK",1783193377523,125180,2118
1243,1783193377651,125308,125307,-1,3,-1,0,-1,0,76,79,110,130,56,177.5,110,13,22,-980,-1,0,0,0,0,0,0,0,"keyboard-worker","OK",1783193377624,125280,2120
1244,1783193377756,125413,125412,-1,1,-1,0,0,0,76,79,110,120,56,177.41,110,-3,2,-1013,-1,0,0,0,0,0,0,0,"keyboard-worker","OK",1783193377724,125380,2122
1245,1783193377855,125512,125511,0,0,0,0,0,0,76,79,110,120,56,177.74,110,-15,-3,-1087,-1,0,0,0,0,25,0,0,"keyboard-worker","OK",1783193377824,125480,2124
1246,1783193377957,125614,125613,-1,0,0,0,0,0,76,79,110,120,56,177.57,110,26,3,-902,-1,0,0,0,0,25,0,0,"keyboard-worker","OK",1783193377924,125580,2126
1247,1783193378058,125715,125715,-2,0,0,0,0,0,76,79,110,120,56,177.67,110,10,0,-998,-1,0,0,0,0,25,0,0,"keyboard-worker","OK",1783193378024,125681,2128
1248,1783193378160,125817,125816,-3,0,0,0,0,0,76,79,110,120,56,177.56,110,-17,2,-1001,-1,0,0,0,0,25,0,0,"keyboard-worker","OK",1783193378124,125781,2130
1249,1783193378262,125919,125918,-3,0,0,0,0,0,76,79,110,120,56,177.58,110,4,-6,-983,-1,0,0,0,0,25,0,0,"keyboard-worker","OK",1783193378225,125881,2132
1250,1783193378364,126021,126020,-3,0,0,0,0,0,76,79,109,120,56,177.46,110,-9,11,-1065,-1,0,0,0,0,25,0,0,"keyboard-worker","OK",1783193378325,125981,2134
1251,1783193378466,126123,126122,-3,0,0,1,0,0,76,79,108,120,56,177.69,110,-18,-3,-934,-1,0,0,0,0,25,0,0,"keyboard-worker","OK",1783193378425,126081,2136
1252,1783193378567,126224,126223,-2,0,0,1,0,0,76,79,108,120,56,177.6,110,-24,10,-1076,-1,0,0,0,0,25,0,0,"keyboard-worker","OK",1783193378525,126182,2138
1253,1783193378674,126331,126330,-3,0,0,1,0,0,76,79,107,120,56,177.71,111,-28,5,-958,-1,0,0,0,0,25,0,0,"keyboard-worker","OK",1783193378625,126282,2140
1254,1783193378780,126437,126436,-2,0,0,1,0,0,76,79,107,120,56,177.79,111,-25,7,-1004,-1,0,0,0,0,25,0,0,"keyboard-worker","OK",1783193378776,126432,2143
1255,1783193378894,126551,126551,-2,0,0,2,0,0,76,79,107,120,56,177.65,111,-31,13,-1031,-1,0,0,0,0,25,0,0,"keyboard-worker","OK",1783193378876,126532,2145
1256,1783193378978,126635,126634,-2,0,0,2,0,0,76,79,107,120,56,177.75,111,-6,3,-975,-1,0,0,0,0,25,0,0,"keyboard-worker","OK",1783193378976,126632,2147
1257,1783193379090,126747,126746,-1,0,0,2,0,0,76,79,107,120,56,177.41,111,-22,-2,-1024,-1,0,0,0,0,25,0,0,"keyboard-worker","OK",1783193379076,126732,2149
1258,1783193379198,126855,126855,-1,0,0,2,0,0,76,79,109,120,56,177.67,111,-35,1,-1048,-1,0,0,0,0,25,0,0,"keyboard-worker","OK",1783193379176,126833,2151
1259,1783193379282,126939,126938,-2,0,0,2,0,0,76,79,110,120,56,177.74,111,-18,-3,-944,-1,0,0,0,0,25,0,0,"keyboard-worker","OK",1783193379277,126933,2153
1260,1783193379384,127041,127040,-2,0,0,2,0,0,76,79,112,120,56,177.88,111,-6,-2,-1045,-1,0,0,0,0,25,0,0,"keyboard-worker","OK",1783193379377,127033,2155
1261,1783193379486,127143,127143,-2,0,0,2,0,0,76,79,113,120,56,177.56,111,-6,-14,-938,-1,0,0,0,0,25,0,0,"keyboard-worker","OK",1783193379477,127133,2157
1262,1783193379589,127246,127245,-2,0,0,2,0,0,76,79,115,120,56,177.63,111,-26,-1,-967,-1,0,0,0,0,25,0,0,"keyboard-worker","OK",1783193379577,127233,2159
1263,1783193379690,127347,127347,-2,0,0,2,0,0,76,79,117,130,56,177.46,112,-38,-1,-1010,-1,0,0,0,0,25,0,0,"keyboard-worker","OK",1783193379677,127334,2161
1264,1783193379798,127455,127454,-2,0,0,2,0,0,76,78,118,130,56,177.56,112,-27,-6,-978,-1,0,0,0,0,25,0,0,"keyboard-worker","OK",1783193379777,127434,2163
1265,1783193379897,127554,127553,-2,0,0,2,0,0,76,78,119,130,56,177.38,112,-30,2,-984,-1,0,0,0,0,25,0,0,"keyboard-worker","OK",1783193379878,127534,2165
1266,1783193379999,127656,127656,-2,0,0,2,0,0,76,78,120,130,56,177.88,112,-33,-12,-944,-1,0,0,0,0,25,0,0,"keyboard-worker","OK",1783193379978,127634,2167
1267,1783193380102,127759,127758,-2,0,0,2,0,0,76,78,120,130,56,177.57,112,-50,20,-964,-1,0,0,0,0,25,0,0,"keyboard-worker","OK",1783193380078,127734,2169
1268,1783193380218,127875,127874,-2,0,0,2,0,0,76,78,121,130,56,177.78,112,-28,-21,-991,-1,0,0,0,0,25,0,0,"keyboard-worker","OK",1783193380178,127834,2171
1269,1783193380309,127966,127965,-2,0,0,2,0,0,76,78,120,130,56,177.66,112,-26,-27,-963,-1,0,0,0,0,25,0,0,"keyboard-worker","OK",1783193380278,127935,2173
1270,1783193380411,128068,128067,-2,0,0,2,0,0,76,78,120,130,56,177.8,112,-26,-17,-1001,-1,0,0,0,0,25,0,0,"keyboard-worker","OK",1783193380379,128035,2175
1271,1783193380453,128110,128109,-2,0,0,2,0,0,76,78,120,130,56,177.86,112,-39,-21,-999,-1,0,0,0,0,25,0,0,"keyboard-worker","OK",1783193380429,128085,2176
1272,1783193380554,128211,128211,-2,0,-1,2,0,0,76,78,119,130,56,177.52,112,-48,-17,-1051,-1,0,0,0,0,25,0,0,"keyboard-worker","OK",1783193380529,128185,2178
1273,1783193380656,128313,128313,-2,0,-1,2,0,0,76,78,118,130,56,177.98,113,-23,-53,-964,-1,0,0,0,0,25,0,0,"keyboard-worker","OK",1783193380629,128285,2180
1274,1783193380758,128415,128414,-2,0,-1,2,0,0,76,78,118,130,56,177.97,113,-51,-30,-1063,-1,0,0,0,0,0,0,0,"keyboard-worker","OK",1783193380729,128386,2182
1275,1783193380860,128517,128516,-1,0,-1,2,0,0,76,78,117,130,56,177.78,113,-12,-16,-948,-1,0,0,0,0,0,0,0,"keyboard-worker","OK",1783193380830,128486,2184
1276,1783193380962,128619,128618,0,0,-1,3,0,0,76,78,115,130,56,177.59,113,4,-16,-956,-1,0,0,0,0,0,0,0,"keyboard-worker","OK",1783193380930,128586,2186
1277,1783193381066,128723,128722,0,0,0,2,0,0,76,78,115,130,56,177.67,113,10,-34,-981,-1,0,0,0,0,0,0,0,"keyboard-worker","OK",1783193381030,128686,2188
1278,1783193381169,128826,128825,0,1,0,2,0,1,76,78,114,130,56,177.89,113,-36,-40,-1026,-1,0,0,0,0,0,0,0,"keyboard-worker","OK",1783193381130,128786,2190
1279,1783193381272,128929,128928,0,1,0,2,0,0,76,78,114,130,56,177.87,113,-54,-16,-1095,-1,0,0,0,0,0,0,0,"keyboard-worker","OK",1783193381230,128887,2192
1280,1783193381370,129027,129027,0,1,0,1,0,0,76,78,115,130,56,177.77,113,-10,-34,-1020,-1,0,0,0,0,0,0,0,"keyboard-worker","OK",1783193381331,128987,2194
1281,1783193381472,129129,129128,0,1,0,1,0,0,76,78,114,130,56,177.82,113,-15,-19,-989,-1,0,0,0,0,0,0,0,"keyboard-worker","OK",1783193381431,129087,2196
1282,1783193381572,129229,129228,0,0,0,1,0,0,76,78,114,130,56,177.85,113,-49,17,-999,-1,0,0,0,0,0,0,0,"keyboard-worker","OK",1783193381531,129187,2198
1283,1783193381674,129331,129330,0,0,0,1,0,0,76,78,115,130,56,177.59,114,14,-15,-989,-1,0,0,0,0,0,0,0,"keyboard-worker","OK",1783193381631,129287,2200
1284,1783193381776,129433,129432,1,0,0,0,0,0,76,79,114,130,56,177.56,114,-21,-38,-962,-1,0,0,0,0,0,0,0,"keyboard-worker","OK",1783193381731,129388,2202
1285,1783193381878,129535,129534,0,0,0,0,0,0,76,79,114,130,56,177.59,114,-6,-5,-1054,-1,0,0,0,0,0,0,0,"keyboard-worker","OK",1783193381832,129488,2204
1286,1783193381980,129637,129636,0,0,0,0,0,0,76,79,115,130,56,177.59,114,14,-40,-950,-1,0,0,0,0,0,0,0,"keyboard-worker","OK",1783193381932,129588,2206
1287,1783193382081,129738,129737,0,0,0,0,0,0,76,79,114,130,56,177.5,114,-35,9,-991,-1,0,0,0,0,0,0,0,"keyboard-worker","OK",1783193382032,129688,2208
1288,1783193382182,129839,129839,0,0,0,0,0,0,76,79,114,130,56,177.57,114,6,-30,-1024,-1,0,0,0,0,0,0,0,"keyboard-worker","OK",1783193382182,129839,2211
1289,1783193382284,129941,129940,0,0,0,0,0,0,76,79,114,130,56,177.85,114,-18,-20,-981,-1,0,0,0,0,0,0,0,"keyboard-worker","OK",1783193382283,129939,2213
1290,1783193382386,130043,130042,0,0,0,0,0,0,76,79,113,130,56,177.46,114,-41,3,-998,-1,0,0,0,0,-25,0,0,"keyboard-worker","OK",1783193382383,130039,2215
1291,1783193382488,130145,130144,0,0,0,0,0,0,76,79,113,130,56,177.7,114,-35,15,-1004,-1,0,0,0,0,-25,0,0,"keyboard-worker","OK",1783193382483,130139,2217
1292,1783193382590,130247,130246,0,0,0,0,0,0,76,79,113,130,56,177.91,114,-28,15,-1030,-1,0,0,0,0,-25,0,0,"keyboard-worker","OK",1783193382583,130240,2219
1293,1783193382695,130352,130351,0,0,0,0,0,0,76,79,112,130,56,177.69,115,0,3,-1010,-1,0,0,0,0,-25,0,0,"keyboard-worker","OK",1783193382683,130340,2221
1294,1783193382798,130455,130454,1,0,0,0,0,0,76,79,112,130,56,177.76,115,-15,-13,-989,-1,0,0,0,0,-25,0,0,"keyboard-worker","OK",1783193382784,130440,2223
1295,1783193382899,130556,130555,1,0,0,0,0,0,76,79,112,130,56,177.74,115,-28,-18,-988,-1,0,0,0,0,-25,0,0,"keyboard-worker","OK",1783193382884,130540,2225
1296,1783193382997,130654,130654,1,0,0,-1,0,0,76,79,111,120,56,177.64,115,5,-23,-998,-1,0,0,0,0,-25,0,0,"keyboard-worker","OK",1783193382984,130640,2227
1297,1783193383098,130755,130754,1,0,0,-1,0,0,76,79,111,120,56,177.82,115,-18,-20,-1024,-1,0,0,0,0,-25,0,0,"keyboard-worker","OK",1783193383084,130741,2229
1298,1783193383199,130856,130855,1,0,-1,-1,0,0,76,79,111,120,56,177.53,115,16,-25,-1026,-1,0,0,0,0,-25,0,0,"keyboard-worker","OK",1783193383185,130841,2231
1299,1783193383301,130958,130957,1,0,-1,-1,0,0,76,79,111,120,56,177.65,115,3,-24,-1036,-1,0,0,0,0,-25,0,0,"keyboard-worker","OK",1783193383285,130941,2233
1300,1783193383402,131059,131059,1,0,-1,-1,0,0,76,79,112,120,56,177.53,115,-22,4,-1000,-1,0,0,0,0,-25,0,0,"keyboard-worker","OK",1783193383385,131041,2235
1301,1783193383504,131161,131160,1,0,-1,-2,0,0,76,79,111,120,56,177.95,115,25,-50,-1023,-1,0,0,0,0,-25,0,0,"keyboard-worker","OK",1783193383485,131141,2237
1302,1783193383606,131263,131262,1,0,-1,-2,0,0,76,79,111,120,56,177.35,115,-20,0,-1076,-1,0,0,0,0,-25,0,0,"keyboard-worker","OK",1783193383585,131242,2239
1303,1783193383709,131366,131365,0,0,-1,-2,0,0,76,79,111,120,56,177.87,116,-22,-14,-962,-1,0,0,0,0,-25,0,0,"keyboard-worker","OK",1783193383686,131342,2241
1304,1783193383810,131467,131466,0,0,-1,-2,0,0,75,79,110,120,56,177.6,116,13,-15,-1028,-1,0,0,0,0,-25,0,0,"keyboard-worker","OK",1783193383786,131442,2243
1305,1783193383912,131569,131568,0,0,-1,-2,0,0,75,79,111,120,56,177.45,116,29,-6,-946,-1,0,0,0,0,-25,0,0,"keyboard-worker","OK",1783193383886,131542,2245
1306,1783193384014,131671,131670,0,0,-1,-2,0,0,75,79,111,120,56,177.76,116,2,-16,-1007,-1,0,0,0,0,-25,0,0,"keyboard-worker","OK",1783193383986,131642,2247
1307,1783193384116,131773,131772,0,0,-1,-2,0,0,75,79,111,120,56,177.68,116,17,-13,-1005,-1,0,0,0,0,-25,0,0,"keyboard-worker","OK",1783193384086,131743,2249
1308,1783193384166,131823,131822,0,0,-1,-2,0,0,75,79,110,120,56,177.35,116,16,-4,-1014,-1,0,0,0,0,-25,0,0,"keyboard-worker","OK",1783193384137,131793,2250
1309,1783193384267,131924,131924,0,0,-1,-2,0,0,75,79,111,120,56,177.61,116,24,-10,-1001,-1,0,0,0,0,-25,0,0,"keyboard-worker","OK",1783193384237,131893,2252
1310,1783193384369,132026,132025,0,0,-1,-2,0,0,75,79,111,120,56,177.67,116,21,-3,-996,-1,0,0,0,0,-25,0,0,"keyboard-worker","OK",1783193384337,131993,2254
1311,1783193384471,132128,132127,0,0,-1,-2,0,0,75,79,111,120,56,177.3,116,8,-4,-1000,-1,0,0,0,0,0,0,0,"keyboard-worker","OK",1783193384437,132093,2256
1312,1783193384573,132230,132229,0,0,-1,-2,0,0,75,79,111,120,56,177.66,116,18,13,-997,-1,0,0,0,0,0,0,0,"keyboard-worker","OK",1783193384537,132194,2258
1313,1783193384674,132331,132330,0,0,-1,-2,0,0,75,79,111,120,56,177.61,117,6,1,-1020,-1,0,0,0,0,0,0,0,"keyboard-worker","OK",1783193384638,132294,2260
1314,1783193384779,132436,132436,-1,0,-1,-2,0,0,76,79,111,130,56,177.66,117,5,9,-991,-1,0,0,0,0,0,0,0,"keyboard-worker","OK",1783193384738,132394,2262
1315,1783193384878,132535,132534,-1,0,-1,-2,0,0,76,79,111,130,56,177.37,117,13,20,-1020,-1,0,0,0,0,0,0,0,"keyboard-worker","OK",1783193384838,132494,2264
1316,1783193384979,132636,132636,-1,-1,-1,-1,0,0,76,79,110,130,56,177.17,117,1,-1,-972,-1,0,0,0,0,0,0,0,"keyboard-worker","OK",1783193384938,132595,2266
1317,1783193385081,132738,132738,-1,0,-1,-1,0,0,76,79,110,130,56,177.41,117,-18,7,-1055,-1,0,0,0,0,0,0,0,"keyboard-worker","OK",1783193385039,132695,2268
1318,1783193385188,132845,132844,-5,0,-1,-1,0,0,76,79,109,130,56,177.56,117,-9,14,-942,-1,0,0,0,0,0,0,0,"keyboard-worker","OK",1783193385139,132795,2270
1319,1783193385286,132943,132942,-3,0,-1,0,0,0,76,79,109,120,56,177.4,117,-16,-5,-1014,-1,0,0,0,0,0,0,0,"keyboard-worker","OK",1783193385239,132896,2272
1320,1783193385393,133050,133049,-2,0,-1,0,0,0,76,79,108,120,56,177.69,117,-29,0,-1041,-1,0,0,0,0,0,0,0,"keyboard-worker","OK",1783193385390,133046,2275
1321,1783193385490,133147,133146,-1,0,-1,0,0,0,76,79,107,120,56,177.22,117,-5,12,-1032,-1,0,0,0,0,0,0,0,"keyboard-worker","OK",1783193385490,133146,2277
1322,1783193385591,133248,133247,-1,0,-1,0,0,0,76,79,106,120,56,177.23,117,-3,0,-937,-1,0,0,0,0,25,0,0,"keyboard-worker","OK",1783193385590,133246,2279
1323,1783193385692,133349,133348,-1,-1,-1,0,0,0,76,79,105,120,56,177.04,118,0,3,-1023,-1,0,0,0,0,25,0,0,"keyboard-worker","OK",1783193385690,133347,2281
1324,1783193385793,133450,133450,0,-1,-1,0,0,0,76,79,104,120,56,177.57,118,-12,12,-1042,-1,0,0,0,0,25,0,0,"keyboard-worker","OK",1783193385791,133447,2283
1325,1783193385895,133552,133551,0,0,-1,0,0,0,76,79,104,120,56,177.54,118,-7,0,-1035,-1,0,0,0,0,25,0,0,"keyboard-worker","OK",1783193385891,133547,2285
1326,1783193385997,133654,133653,-1,0,-1,0,0,0,76,79,104,120,56,177.55,118,9,6,-999,-1,0,0,0,0,25,0,0,"keyboard-worker","OK",1783193385991,133647,2287
1327,1783193386098,133755,133754,-2,0,-1,0,0,0,76,79,104,120,56,177.19,118,-13,-6,-1035,-1,0,0,0,0,25,0,0,"keyboard-worker","OK",1783193386091,133748,2289
1328,1783193386200,133857,133856,-2,0,-1,1,0,0,76,79,104,120,56,177.32,118,-7,-9,-1025,-1,0,0,0,0,25,0,0,"keyboard-worker","OK",1783193386192,133848,2291
1329,1783193386302,133959,133958,-2,0,-1,1,0,0,76,79,105,120,56,177.52,118,-4,4,-1010,-1,0,0,0,0,25,0,0,"keyboard-worker","OK",1783193386292,133948,2293
1330,1783193386406,134063,134062,-2,0,-1,1,0,0,76,79,106,120,56,177.46,118,-30,0,-1016,-1,0,0,0,0,25,0,0,"keyboard-worker","OK",1783193386392,134048,2295
1331,1783193386505,134162,134161,-2,0,0,1,0,0,76,79,107,120,56,177.43,118,-44,6,-1016,-1,0,0,0,0,25,0,0,"keyboard-worker","OK",1783193386492,134149,2297
1332,1783193386609,134266,134265,-2,0,0,1,0,0,76,79,108,120,56,177.66,118,-49,7,-994,-1,0,0,0,0,25,0,0,"keyboard-worker","OK",1783193386593,134249,2299
1333,1783193386708,134365,134364,-2,0,0,2,0,0,76,79,109,120,56,177.42,119,-46,2,-991,-1,0,0,0,0,25,0,0,"keyboard-worker","OK",1783193386693,134349,2301
1334,1783193386812,134469,134469,-2,0,0,2,0,0,76,78,110,120,56,177.45,119,-44,2,-986,-1,0,0,0,0,25,0,0,"keyboard-worker","OK",1783193386793,134449,2303
1335,1783193386918,134575,134574,-3,0,0,2,0,0,76,78,111,120,56,177.45,119,-19,-8,-963,-1,0,0,0,0,25,0,0,"keyboard-worker","OK",1783193386893,134550,2305
1336,1783193387017,134674,134674,-2,0,0,2,0,0,76,78,111,130,56,177.41,119,-23,-13,-977,-1,0,0,0,0,25,0,0,"keyboard-worker","OK",1783193386994,134650,2307
1337,1783193387117,134774,134773,-1,0,0,2,0,0,76,78,111,130,56,177.38,119,-62,0,-1011,-1,0,0,0,0,25,0,0,"keyboard-worker","OK",1783193387094,134750,2309
1338,1783193387217,134874,134874,-1,0,0,2,0,0,76,78,111,130,56,177.48,119,-12,-7,-944,-1,0,0,0,0,25,0,0,"keyboard-worker","OK",1783193387194,134850,2311
1339,1783193387319,134976,134975,-2,0,-1,2,0,0,76,78,111,130,56,177.17,119,-30,-18,-983,-1,0,0,0,0,25,0,0,"keyboard-worker","OK",1783193387294,134951,2313
1340,1783193387421,135078,135077,-1,0,-1,3,0,0,76,78,111,120,56,177.47,119,-7,-22,-1045,-1,0,0,0,0,25,0,0,"keyboard-worker","OK",1783193387395,135051,2315
1341,1783193387522,135179,135179,-1,0,-1,3,0,0,76,78,111,120,56,177.53,119,-38,-12,-1030,-1,0,0,0,0,25,0,0,"keyboard-worker","OK",1783193387495,135151,2317
1342,1783193387624,135281,135280,-1,0,-1,2,0,0,76,78,112,120,56,177.2,119,-6,-36,-1024,-1,0,0,0,0,0,0,0,"keyboard-worker","OK",1783193387595,135251,2319
1343,1783193387681,135338,135337,-1,0,-1,2,0,0,76,78,113,120,56,177.27,120,0,-13,-951,-1,0,0,0,0,0,0,0,"keyboard-worker","OK",1783193387645,135301,2320
1344,1783193387828,135485,135485,-1,1,-1,3,0,0,76,79,113,130,56,177.39,120,-18,-13,-950,-1,0,0,0,0,0,0,0,"keyboard-worker","OK",1783193387795,135452,2323
1345,1783193387930,135587,135586,0,0,-1,3,0,0,76,79,114,130,56,176.92,120,6,-32,-1012,-1,0,0,0,0,0,0,0,"keyboard-worker","OK",1783193387896,135552,2325
1346,1783193388032,135689,135688,0,0,-1,2,0,0,76,79,115,130,56,177.46,120,-11,-23,-1010,-1,0,0,0,0,0,0,0,"keyboard-worker","OK",1783193387996,135652,2327
1347,1783193388083,135740,135739,0,0,0,2,0,0,76,79,116,130,56,177.43,120,-42,-2,-940,-1,0,0,0,0,0,0,0,"keyboard-worker","OK",1783193388046,135702,2328
1348,1783193388185,135842,135841,0,1,0,2,0,0,76,79,117,130,56,177.57,120,-5,-41,-1066,-1,0,0,0,0,0,0,0,"keyboard-worker","OK",1783193388146,135803,2330
1349,1783193388287,135944,135943,0,1,0,1,0,0,76,79,119,130,56,177.6,120,-30,-39,-939,-1,0,0,0,0,0,0,0,"keyboard-worker","OK",1783193388246,135903,2332
1350,1783193388387,136044,136044,0,1,0,1,0,0,76,79,119,130,56,177.2,120,-31,-37,-995,-1,0,0,0,0,0,0,0,"keyboard-worker","OK",1783193388347,136003,2334
1351,1783193388489,136146,136146,1,1,0,1,0,0,76,79,120,130,56,177.62,120,-54,-26,-1023,-1,0,0,0,0,0,0,0,"keyboard-worker","OK",1783193388447,136103,2336
1352,1783193388591,136248,136247,2,1,0,0,0,0,76,79,121,130,56,177.53,120,4,-29,-962,-1,0,0,0,0,0,0,0,"keyboard-worker","OK",1783193388547,136203,2338
1353,1783193388692,136349,136349,0,1,0,0,0,0,76,79,121,130,56,177.63,121,20,-23,-934,-1,0,0,0,0,0,0,0,"keyboard-worker","OK",1783193388647,136304,2340
1354,1783193388795,136452,136452,0,0,0,0,0,0,77,79,121,130,56,177.6,121,0,-25,-949,-1,0,0,0,0,0,0,0,"keyboard-worker","OK",1783193388748,136404,2342
1355,1783193388896,136553,136552,0,0,0,0,0,0,77,79,120,130,56,177.66,121,-33,-7,-982,-1,0,0,0,0,0,0,0,"keyboard-worker","OK",1783193388848,136504,2344
1356,1783193388998,136655,136654,0,0,0,0,0,0,77,79,120,130,56,177.52,121,17,-12,-964,-1,0,0,0,0,-25,0,0,"keyboard-worker","OK",1783193388998,136654,2347
1357,1783193389099,136756,136756,0,0,-1,0,0,0,77,79,120,130,56,177.76,121,-4,-7,-968,-1,0,0,0,0,-25,0,0,"keyboard-worker","OK",1783193389098,136754,2349
1358,1783193389204,136861,136860,0,0,-1,0,0,0,77,79,120,130,56,177.71,121,-19,-35,-1054,-1,0,0,0,0,-25,0,0,"keyboard-worker","OK",1783193389198,136855,2351
1359,1783193389308,136965,136964,1,0,-1,0,0,0,77,79,119,130,56,177.58,121,3,-28,-964,-1,0,0,0,0,-25,0,0,"keyboard-worker","OK",1783193389299,136955,2353
1360,1783193389406,137063,137062,1,0,-1,0,0,0,77,79,119,130,56,177.83,121,-11,-15,-1035,-1,0,0,0,0,-25,0,0,"keyboard-worker","OK",1783193389399,137055,2355
1361,1783193389509,137166,137165,1,0,-1,0,0,0,77,79,120,130,56,177.22,121,-2,-25,-1045,-1,0,0,0,0,-25,0,0,"keyboard-worker","OK",1783193389499,137155,2357
1362,1783193389609,137266,137266,1,1,-1,-1,0,0,77,79,120,130,56,177.74,121,21,-18,-948,-1,0,0,0,0,-25,0,0,"keyboard-worker","OK",1783193389599,137256,2359
1363,1783193389711,137368,137367,1,1,-1,-1,0,0,77,79,120,130,56,177.26,122,3,-11,-991,-1,0,0,0,0,-25,0,0,"keyboard-worker","OK",1783193389700,137356,2361
1364,1783193389813,137470,137469,1,0,-1,-1,0,0,76,79,120,130,56,177.71,122,13,-27,-1024,-1,0,0,0,0,-25,0,0,"keyboard-worker","OK",1783193389800,137456,2363
1365,1783193389914,137571,137571,1,0,-1,-1,0,0,76,79,120,130,56,177.52,122,-15,-23,-1014,-1,0,0,0,0,-25,0,0,"keyboard-worker","OK",1783193389900,137556,2365
1366,1783193390016,137673,137672,1,0,-1,-2,0,0,76,79,120,130,56,177.52,122,11,-21,-974,-1,0,0,0,0,-25,0,0,"keyboard-worker","OK",1783193390000,137656,2367
1367,1783193390118,137775,137774,1,0,-1,-2,0,0,76,79,121,130,56,177.23,122,23,-18,-977,-1,0,0,0,0,-25,0,0,"keyboard-worker","OK",1783193390100,137757,2369
1368,1783193390219,137876,137876,0,0,-1,-2,0,0,76,79,120,130,56,177.59,122,29,-8,-987,-1,0,0,0,0,-25,0,0,"keyboard-worker","OK",1783193390201,137857,2371
1369,1783193390321,137978,137977,0,0,-1,-2,0,0,76,79,119,130,56,177.54,122,-7,-12,-991,-1,0,0,0,0,-25,0,0,"keyboard-worker","OK",1783193390301,137957,2373
1370,1783193390423,138080,138079,1,0,-1,-2,0,0,76,79,119,130,56,177.39,122,25,-16,-990,-1,0,0,0,0,-25,0,0,"keyboard-worker","OK",1783193390401,138057,2375
1371,1783193390524,138181,138181,0,0,-1,-2,0,0,76,79,118,130,56,177.54,122,20,-18,-1006,-1,0,0,0,0,-25,0,0,"keyboard-worker","OK",1783193390501,138158,2377
1372,1783193390626,138283,138282,1,0,-1,-2,0,0,76,79,117,130,56,177.38,122,61,13,-982,-1,0,0,0,0,-25,0,0,"keyboard-worker","OK",1783193390601,138258,2379
1373,1783193390729,138386,138386,1,0,-1,-2,0,0,76,79,116,130,56,177.57,123,3,-43,-995,-1,0,0,0,0,0,0,0,"keyboard-worker","OK",1783193390702,138358,2381
1374,1783193390832,138489,138488,1,0,-1,-2,0,0,76,79,115,130,56,177.41,123,18,25,-1010,-1,0,0,0,0,0,0,0,"keyboard-worker","OK",1783193390802,138458,2383
1375,1783193390937,138594,138593,0,0,-1,-2,0,0,76,79,113,130,56,177.61,123,10,32,-1011,-1,0,0,0,0,0,0,0,"keyboard-worker","OK",1783193390902,138558,2385
1376,1783193391038,138695,138694,0,0,-1,-2,0,0,76,79,113,130,56,177.38,123,9,-47,-994,-1,0,0,0,0,0,0,0,"keyboard-worker","OK",1783193391002,138659,2387
1377,1783193391138,138795,138795,0,0,-1,-2,0,0,76,79,112,120,56,177.54,123,-4,52,-1067,-1,0,0,0,0,0,0,0,"keyboard-worker","OK",1783193391103,138759,2389
1378,1783193391239,138896,138895,0,0,-1,-2,0,0,76,79,110,120,56,177.4,123,-23,-15,-1028,-1,0,0,0,0,0,0,0,"keyboard-worker","OK",1783193391203,138859,2391
1379,1783193391340,138997,138996,0,0,-1,-1,0,0,76,79,110,120,56,177.35,123,1,20,-1020,-1,0,0,0,0,0,0,0,"keyboard-worker","OK",1783193391303,138959,2393
1380,1783193391441,139098,139097,-4,0,-1,-1,0,0,76,79,109,120,56,177.66,123,18,5,-1021,-1,0,0,0,0,0,0,0,"keyboard-worker","OK",1783193391403,139059,2395
1381,1783193391542,139199,139199,-4,-1,-1,0,0,0,76,79,109,120,56,177.09,123,-17,6,-1010,-1,0,0,0,0,0,0,0,"keyboard-worker","OK",1783193391503,139160,2397
1382,1783193391644,139301,139301,-2,-1,-1,0,0,0,76,79,108,120,56,177.47,124,-6,-29,-993,-1,0,0,0,0,0,0,0,"keyboard-worker","OK",1783193391604,139260,2399
1383,1783193391745,139402,139401,0,-1,-1,0,0,0,76,79,107,120,56,177.49,124,14,-35,-1017,-1,0,0,0,0,0,0,0,"keyboard-worker","OK",1783193391704,139360,2401
1384,1783193391847,139504,139503,0,-1,-1,0,0,0,76,80,107,120,56,177.34,124,21,-23,-1027,-1,0,0,0,0,0,0,0,"keyboard-worker","OK",1783193391804,139460,2403
1385,1783193391948,139605,139604,0,-1,-1,0,0,0,76,80,107,120,56,177.37,124,-25,-14,-1045,-1,0,0,0,0,25,0,0,"keyboard-worker","OK",1783193391904,139561,2405
1386,1783193392002,139659,139658,0,0,-1,0,0,0,76,80,107,120,56,176.96,124,-31,11,-1023,-1,0,0,0,0,25,0,0,"keyboard-worker","OK",1783193391955,139611,2406
1387,1783193392102,139759,139758,0,0,-1,0,0,0,76,80,107,120,56,177.09,124,25,-19,-1001,-1,0,0,0,0,25,0,0,"keyboard-worker","OK",1783193392055,139711,2408
1388,1783193392205,139862,139862,-1,0,-1,0,0,0,76,80,107,120,56,177.47,124,0,-27,-990,-1,0,0,0,0,25,0,0,"keyboard-worker","OK",1783193392156,139812,2410
1389,1783193392309,139966,139965,-2,0,-1,1,0,0,76,80,107,120,56,177.41,124,-27,30,-1003,-1,0,0,0,0,25,0,0,"keyboard-worker","OK",1783193392308,139964,2413
1390,1783193392412,140069,140068,-1,0,-1,1,0,0,76,80,108,120,56,177.24,124,-17,10,-969,-1,0,0,0,0,25,0,0,"keyboard-worker","OK",1783193392409,140065,2415
1391,1783193392515,140172,140171,-1,0,-1,1,0,0,76,80,108,120,56,177.29,124,15,-29,-1000,-1,0,0,0,0,25,0,0,"keyboard-worker","OK",1783193392510,140166,2417
1392,1783193392618,140275,140274,-1,0,-1,1,0,0,76,80,108,120,56,177.4,125,41,-9,-1011,-1,0,0,0,0,25,0,0,"keyboard-worker","OK",1783193392610,140266,2419
1393,1783193392722,140379,140378,-1,0,-1,2,0,0,76,80,107,120,56,177.33,125,-2,5,-978,-1,0,0,0,0,25,0,0,"keyboard-worker","OK",1783193392711,140368,2421
1394,1783193392825,140482,140481,-1,0,-1,2,0,0,77,79,107,120,56,177.36,125,-14,-24,-999,-1,0,0,0,0,25,0,0,"keyboard-worker","OK",1783193392813,140469,2423
1395,1783193392928,140585,140585,-1,0,-1,2,0,0,77,79,108,120,56,177.12,125,5,-8,-1002,-1,0,0,0,0,25,0,0,"keyboard-worker","OK",1783193392914,140570,2425
1396,1783193393031,140688,140688,-1,0,-1,2,0,0,77,79,108,120,56,177.32,125,11,-43,-1014,-1,0,0,0,0,25,0,0,"keyboard-worker","OK",1783193393015,140671,2427
1397,1783193393134,140791,140791,-1,0,0,2,0,0,77,79,108,120,56,177.3,125,2,-13,-1015,-1,0,0,0,0,25,0,0,"keyboard-worker","OK",1783193393116,140772,2429
1398,1783193393238,140895,140894,-1,1,0,2,0,0,77,79,109,120,56,177.39,125,-18,-14,-1032,-1,0,0,0,0,25,0,0,"keyboard-worker","OK",1783193393217,140873,2431
1399,1783193393341,140998,140997,-1,1,0,2,0,0,77,79,109,120,56,177.24,125,-10,-35,-1024,-1,0,0,0,0,25,0,0,"keyboard-worker","OK",1783193393318,140974,2433
1400,1783193393443,141100,141100,-1,1,0,2,0,0,77,79,110,120,56,177.66,125,-13,-12,-1010,-1,0,0,0,0,25,0,0,"keyboard-worker","OK",1783193393418,141075,2435
1401,1783193393551,141208,141207,-1,1,0,2,0,0,77,79,110,120,56,177.42,125,-11,-17,-1007,-1,0,0,0,0,0,0,0,"keyboard-worker","OK",1783193393519,141175,2437
1402,1783193393658,141315,141314,-1,1,0,2,0,0,77,79,111,120,56,177.33,126,-28,-29,-981,-1,0,0,0,0,0,0,0,"keyboard-worker","OK",1783193393620,141276,2439
1403,1783193393755,141412,141411,0,1,0,2,0,0,77,79,111,130,56,177.15,126,-29,-28,-993,-1,0,0,0,0,0,0,0,"keyboard-worker","OK",1783193393721,141377,2441
1404,1783193393857,141514,141514,0,1,0,2,0,0,76,79,111,130,56,177.41,126,6,-30,-959,-1,0,0,0,0,0,0,0,"keyboard-worker","OK",1783193393822,141478,2443
1405,1783193393961,141618,141617,0,1,0,2,0,0,76,79,111,130,56,177.42,126,-19,-13,-955,-1,0,0,0,0,0,0,0,"keyboard-worker","OK",1783193393923,141579,2445
1406,1783193394062,141719,141718,0,1,0,2,0,0,76,79,111,130,56,177.23,126,-16,-34,-993,-1,0,0,0,0,0,0,0,"keyboard-worker","OK",1783193394024,141680,2447
1407,1783193394165,141822,141821,0,1,0,2,0,0,76,79,110,130,56,177.24,126,-28,-36,-1027,-1,0,0,0,0,0,0,0,"keyboard-worker","OK",1783193394125,141781,2449
1408,1783193394269,141926,141925,3,1,0,1,0,0,76,79,110,130,56,177.11,126,9,-51,-967,-1,0,0,0,0,0,0,0,"keyboard-worker","OK",1783193394226,141882,2451
1409,1783193394372,142029,142028,3,1,0,1,0,0,76,79,109,130,56,177.34,126,17,-29,-1018,-1,0,0,0,0,0,0,0,"keyboard-worker","OK",1783193394327,141983,2453
1410,1783193394473,142130,142129,2,1,0,0,0,0,76,79,108,120,56,177.21,126,-1,-28,-1074,-1,0,0,0,0,0,0,0,"keyboard-worker","OK",1783193394428,142084,2455
1411,1783193394578,142235,142235,1,1,0,0,0,0,76,79,108,120,56,177,126,-3,-44,-1043,-1,0,0,0,0,0,0,0,"keyboard-worker","OK",1783193394528,142185,2457
1412,1783193394679,142336,142335,1,1,0,0,0,0,76,79,108,120,56,177.34,127,4,-15,-1020,-1,0,0,0,0,0,0,0,"keyboard-worker","OK",1783193394629,142286,2459
1413,1783193394782,142439,142438,0,1,0,0,0,0,76,79,108,120,56,177.22,127,15,-36,-985,-1,0,0,0,0,0,0,0,"keyboard-worker","OK",1783193394780,142437,2462
1414,1783193394884,142541,142540,0,1,0,0,0,0,76,79,108,120,56,176.9,127,0,-20,-1014,-1,0,0,0,0,0,0,0,"keyboard-worker","OK",1783193394881,142538,2464
1415,1783193394990,142647,142647,0,0,0,0,0,0,76,79,108,120,56,176.99,127,-10,-14,-1008,-1,0,0,0,0,0,0,0,"keyboard-worker","OK",1783193394982,142638,2466
1416,1783193395096,142753,142752,0,0,0,0,0,0,76,79,108,120,56,177.18,127,-5,-21,-1009,-1,0,0,0,0,0,0,-25,"keyboard-worker","OK",1783193395083,142739,2468
1417,1783193395197,142854,142853,0,1,0,0,0,0,76,79,108,120,56,177.08,127,-39,-5,-1011,-1,0,0,0,0,0,0,-25,"keyboard-worker","OK",1783193395184,142840,2470
1418,1783193395297,142954,142953,0,1,-1,0,0,0,76,79,108,120,56,177.33,127,3,9,-1030,-1,0,0,0,0,0,0,-25,"keyboard-worker","OK",1783193395284,142940,2472
1419,1783193395399,143056,143055,0,1,-1,0,0,0,76,79,108,120,56,177.72,127,-10,-2,-984,-1,0,0,0,0,0,0,-25,"keyboard-worker","OK",1783193395385,143041,2474
1420,1783193395451,143108,143107,0,0,-2,0,0,0,76,79,108,120,56,177.29,127,-28,-9,-996,-1,0,0,0,0,0,0,-25,"keyboard-worker","OK",1783193395435,143092,2475
1421,1783193395554,143211,143210,0,0,-3,0,0,0,76,79,108,120,56,177.15,127,8,-21,-976,-1,0,0,0,0,0,0,-25,"keyboard-worker","OK",1783193395536,143192,2477
1422,1783193395658,143315,143314,0,0,-3,0,0,0,76,79,108,120,56,177.22,128,-28,-2,-1061,-1,0,0,0,0,0,0,-25,"keyboard-worker","OK",1783193395636,143292,2479
1423,1783193395762,143419,143418,0,0,-4,0,0,0,76,79,108,120,56,177.14,128,10,-30,-1008,-1,0,0,0,0,0,0,-25,"keyboard-worker","OK",1783193395736,143392,2481
1424,1783193395911,143568,143567,0,0,-5,0,0,0,76,79,108,120,56,176.88,128,9,-28,-995,-1,0,0,0,0,0,0,-25,"keyboard-worker","OK",1783193395887,143543,2484
1425,1783193396013,143670,143670,0,1,-6,0,0,0,76,79,109,120,56,177.27,128,20,-5,-1021,-1,0,0,0,0,0,0,-25,"keyboard-worker","OK",1783193395987,143643,2486
1426,1783193396076,143733,143732,0,1,-7,0,0,0,76,79,109,120,56,177.33,128,12,-37,-1004,-1,0,0,0,0,0,0,-25,"keyboard-worker","OK",1783193396037,143693,2487
1427,1783193396175,143832,143831,0,1,-8,0,0,0,76,79,108,120,56,177.3,128,-1,-27,-1003,-1,0,0,0,0,0,0,-25,"keyboard-worker","OK",1783193396137,143793,2489
1428,1783193396277,143934,143934,0,1,-9,0,0,0,76,79,109,120,56,177.5,128,15,-6,-1010,-1,0,0,0,0,0,0,-25,"keyboard-worker","OK",1783193396237,143894,2491
1429,1783193396373,144030,144030,0,1,-10,0,0,0,76,79,109,120,56,176.95,128,37,-31,-985,-1,0,0,0,0,0,0,-25,"keyboard-worker","OK",1783193396338,143994,2493
1430,1783193396476,144133,144133,0,0,-11,0,0,0,76,79,109,120,56,177.14,128,7,-24,-900,-1,0,0,0,0,0,0,-25,"keyboard-worker","OK",1783193396438,144094,2495
1431,1783193396578,144235,144234,0,0,-13,0,0,0,76,79,109,120,56,177.35,128,-22,-37,-974,-1,0,0,0,0,0,0,-25,"keyboard-worker","OK",1783193396538,144195,2497
1432,1783193396680,144337,144336,0,0,-14,0,0,0,76,79,110,120,56,177.15,129,-22,-6,-1080,-1,0,0,0,0,0,0,-25,"keyboard-worker","OK",1783193396639,144295,2499
1433,1783193396782,144439,144439,0,0,-15,0,0,0,76,79,110,120,56,177.41,129,21,-20,-937,-1,0,0,0,0,0,0,-25,"keyboard-worker","OK",1783193396739,144395,2501
1434,1783193396885,144542,144541,0,0,-16,0,0,0,77,79,110,120,56,177.37,129,-34,-17,-992,-1,0,0,0,0,0,0,-25,"keyboard-worker","OK",1783193396839,144495,2503
1435,1783193396988,144645,144644,0,0,-17,0,0,0,77,79,110,120,56,176.91,129,35,-8,-995,-1,0,0,0,0,0,0,-25,"keyboard-worker","OK",1783193396939,144596,2505
1436,1783193397090,144747,144746,0,1,-18,0,0,0,77,79,110,120,56,177.4,129,-8,-41,-981,-1,0,0,0,0,0,0,-25,"keyboard-worker","OK",1783193397090,144746,2508
1437,1783193397192,144849,144849,0,1,-19,0,0,0,77,79,110,120,56,177.25,129,-13,-19,-956,-1,0,0,0,0,0,0,-25,"keyboard-worker","OK",1783193397190,144846,2510
1438,1783193397295,144952,144951,0,1,-21,0,0,0,77,79,110,120,56,177.33,129,29,-12,-997,-1,0,0,0,0,0,0,-25,"keyboard-worker","OK",1783193397290,144946,2512
1439,1783193397398,145055,145054,0,0,-22,0,0,0,77,79,109,120,56,177.17,129,-12,-9,-1007,-1,0,0,0,0,0,0,-25,"keyboard-worker","OK",1783193397391,145047,2514
1440,1783193397500,145157,145156,0,0,-23,0,0,0,77,79,110,120,56,177.14,129,7,-8,-994,-1,0,0,0,0,0,0,-25,"keyboard-worker","OK",1783193397491,145147,2516
1441,1783193397602,145259,145259,0,0,-25,0,0,0,77,79,110,120,56,176.86,129,-10,9,-996,-1,0,0,0,0,0,0,-25,"keyboard-worker","OK",1783193397591,145248,2518
1442,1783193397710,145367,145366,0,0,-26,0,0,0,77,79,110,120,56,176.95,130,18,-25,-1024,-1,0,0,0,0,0,0,-25,"keyboard-worker","OK",1783193397692,145348,2520
1443,1783193397811,145468,145467,0,0,-28,0,0,0,77,79,110,120,56,177.36,130,9,-14,-966,-1,0,0,0,0,0,0,-25,"keyboard-worker","OK",1783193397792,145449,2522
1444,1783193397910,145567,145566,0,0,-29,0,0,0,77,80,110,120,56,177.33,130,23,-36,-1062,-1,0,0,0,0,0,0,-25,"keyboard-worker","OK",1783193397893,145549,2524
1445,1783193398012,145669,145668,0,1,-30,0,0,0,77,80,111,120,56,177.48,130,34,-22,-941,-1,0,0,0,0,0,0,-25,"keyboard-worker","OK",1783193397994,145650,2526
1446,1783193398114,145771,145770,0,1,-32,0,0,0,77,80,110,120,56,176.92,130,12,-8,-1049,-1,0,0,0,0,0,0,-25,"keyboard-worker","OK",1783193398094,145750,2528
1447,1783193398216,145873,145873,0,1,-33,0,0,0,77,80,111,130,56,177.12,130,21,-20,-925,-1,0,0,0,0,0,0,-25,"keyboard-worker","OK",1783193398195,145851,2530
1448,1783193398319,145976,145975,1,1,-35,0,0,0,77,80,110,130,56,177.59,130,4,-6,-1014,-1,0,0,0,0,0,0,-25,"keyboard-worker","OK",1783193398295,145951,2532
1449,1783193398421,146078,146077,0,0,-36,0,0,0,77,80,110,130,56,177.22,130,19,-11,-943,-1,0,0,0,0,0,0,-25,"keyboard-worker","OK",1783193398395,146052,2534
1450,1783193398523,146180,146180,0,0,-38,0,0,0,77,80,110,120,56,177.46,130,53,-41,-990,-1,0,0,0,0,0,0,-25,"keyboard-worker","OK",1783193398496,146152,2536
1451,1783193398626,146283,146282,1,1,-39,0,0,0,77,80,110,120,56,177.03,130,41,-29,-1032,-1,0,0,0,0,0,0,-25,"keyboard-worker","OK",1783193398596,146253,2538
1452,1783193398728,146385,146384,1,1,-41,0,0,0,77,80,111,120,56,177.36,131,10,-25,-1019,-1,0,0,0,0,0,0,-25,"keyboard-worker","OK",1783193398697,146353,2540
1453,1783193398830,146487,146487,1,1,-42,0,0,0,77,80,111,120,56,177.36,131,31,-22,-983,-1,0,0,0,0,0,0,-25,"keyboard-worker","OK",1783193398797,146453,2542
1454,1783193398933,146590,146589,0,1,-43,0,0,0,77,80,112,120,56,177.35,131,15,3,-1016,-1,0,0,0,0,0,0,-25,"keyboard-worker","OK",1783193398897,146554,2544
1455,1783193399035,146692,146691,0,1,-45,0,0,0,77,80,112,130,56,177.01,131,27,9,-1003,-1,0,0,0,0,0,0,-25,"keyboard-worker","OK",1783193398998,146654,2546
1456,1783193399137,146794,146794,0,0,-46,0,0,0,77,80,113,130,56,177.3,131,2,-12,-1008,-1,0,0,0,0,0,0,-25,"keyboard-worker","OK",1783193399098,146754,2548
1457,1783193399243,146900,146899,1,0,-48,0,0,0,77,80,113,130,56,176.93,131,25,-15,-1025,-1,0,0,0,0,0,0,0,"keyboard-worker","OK",1783193399198,146854,2550
1458,1783193399346,147003,147002,0,0,-49,0,0,0,77,80,113,130,56,177.56,131,4,-7,-964,-1,0,0,0,0,0,0,0,"keyboard-worker","OK",1783193399299,146955,2552
1459,1783193399445,147102,147101,0,0,-49,0,0,0,77,80,113,130,56,177.27,131,12,-18,-1014,-1,0,0,0,0,0,0,0,"keyboard-worker","OK",1783193399399,147055,2554
1460,1783193399550,147207,147206,0,0,-49,0,0,0,77,80,112,130,56,177.2,131,-10,-10,-1027,-1,0,0,0,0,0,0,0,"keyboard-worker","OK",1783193399549,147206,2557
1461,1783193399598,147255,147255,0,0,-50,0,0,0,77,80,112,130,56,177.4,131,3,-7,-959,-1,0,0,0,0,0,0,0,"keyboard-worker","OK",1783193399549,147206,2557
1462,1783193399701,147358,147357,0,0,-50,0,0,0,77,80,111,130,56,177.29,132,51,-26,-918,-1,0,0,0,0,0,0,0,"keyboard-worker","OK",1783193399700,147356,2560
1463,1783193399803,147460,147459,0,0,-50,0,0,0,77,80,109,130,56,177.2,132,-11,2,-1024,-1,0,0,0,0,0,0,25,"keyboard-worker","OK",1783193399800,147456,2562
1464,1783193399905,147562,147561,1,0,-51,0,0,0,76,80,108,120,56,177.22,132,11,1,-1022,-1,0,0,0,0,0,0,25,"keyboard-worker","OK",1783193399900,147557,2564
1465,1783193400012,147669,147668,1,0,-50,0,0,0,76,80,106,120,56,177.12,132,0,-15,-1009,-1,0,0,0,0,0,0,25,"keyboard-worker","OK",1783193400001,147657,2566
1466,1783193400114,147771,147770,1,0,-50,0,0,0,76,80,106,120,56,177.05,132,33,-10,-1036,-1,0,0,0,0,0,0,25,"keyboard-worker","OK",1783193400101,147757,2568
1467,1783193400215,147872,147871,1,0,-49,0,0,0,76,80,105,120,56,177.16,132,-1,-8,-1018,-1,0,0,0,0,0,0,25,"keyboard-worker","OK",1783193400201,147858,2570
1468,1783193400314,147971,147970,1,1,-48,0,0,0,76,80,105,120,56,177.2,132,33,-13,-1045,-1,0,0,0,0,0,0,25,"keyboard-worker","OK",1783193400302,147958,2572
1469,1783193400420,148077,148076,0,0,-47,0,0,0,76,80,105,120,56,176.83,132,-1,-23,-1007,-1,0,0,0,0,0,0,25,"keyboard-worker","OK",1783193400402,148058,2574
1470,1783193400520,148177,148176,0,0,-46,0,0,0,76,80,105,120,56,177.25,132,41,-14,-1024,-1,0,0,0,0,0,0,25,"keyboard-worker","OK",1783193400502,148159,2576
1471,1783193400624,148281,148280,0,1,-44,0,0,0,76,80,105,120,56,177.38,132,28,-9,-1024,-1,0,0,0,0,0,0,25,"keyboard-worker","OK",1783193400603,148259,2578
1472,1783193400726,148383,148382,0,1,-43,0,0,0,76,80,106,120,56,177.33,133,46,-20,-1001,-1,0,0,0,0,0,0,25,"keyboard-worker","OK",1783193400703,148359,2580
1473,1783193400826,148483,148482,0,1,-42,0,0,0,76,80,106,120,56,177.33,133,23,-16,-1003,-1,0,0,0,0,0,0,25,"keyboard-worker","OK",1783193400803,148460,2582
1474,1783193400929,148586,148586,0,1,-41,0,0,0,77,80,107,120,56,177.36,133,30,-20,-989,-1,0,0,0,0,0,0,25,"keyboard-worker","OK",1783193400904,148560,2584
1475,1783193401030,148687,148686,0,1,-40,0,0,0,77,80,108,120,56,177.34,133,-1,-14,-1008,-1,0,0,0,0,0,0,25,"keyboard-worker","OK",1783193401004,148660,2586
1476,1783193401132,148789,148788,0,1,-38,0,0,0,77,80,109,120,56,177.56,133,44,-22,-975,-1,0,0,0,0,0,0,25,"keyboard-worker","OK",1783193401104,148761,2588
1477,1783193401235,148892,148891,0,1,-37,0,0,0,77,80,109,120,56,177.11,133,20,-20,-987,-1,0,0,0,0,0,0,25,"keyboard-worker","OK",1783193401205,148861,2590
1478,1783193401336,148993,148992,1,1,-36,0,0,0,77,80,109,120,56,177.25,133,36,-26,-1015,-1,0,0,0,0,0,0,25,"keyboard-worker","OK",1783193401305,148961,2592
1479,1783193401438,149095,149095,0,0,-34,0,0,0,77,80,110,120,56,177.49,133,6,-9,-1021,-1,0,0,0,0,0,0,25,"keyboard-worker","OK",1783193401405,149062,2594
1480,1783193401540,149197,149197,1,1,-33,0,0,0,77,80,111,120,56,177.44,133,6,-25,-1014,-1,0,0,0,0,0,0,25,"keyboard-worker","OK",1783193401506,149162,2596
1481,1783193401642,149299,149299,0,0,-32,0,0,0,77,80,112,120,56,177.27,133,36,-32,-946,-1,0,0,0,0,0,0,25,"keyboard-worker","OK",1783193401606,149262,2598
1482,1783193401745,149402,149401,0,1,-30,0,0,0,77,80,112,120,56,177.11,134,26,-26,-976,-1,0,0,0,0,0,0,25,"keyboard-worker","OK",1783193401706,149363,2600
1483,1783193401852,149509,149508,0,1,-29,0,0,0,77,80,113,130,56,177.31,134,36,-16,-968,-1,0,0,0,0,0,0,25,"keyboard-worker","OK",1783193401807,149463,2602
1484,1783193401953,149610,149610,1,1,-27,0,0,0,77,80,114,130,56,177,134,0,-23,-1053,-1,0,0,0,0,0,0,25,"keyboard-worker","OK",1783193401907,149563,2604
1485,1783193402057,149714,149713,0,1,-26,0,0,0,77,80,114,130,56,177.44,134,13,-35,-979,-1,0,0,0,0,0,0,25,"keyboard-worker","OK",1783193402057,149713,2607
1486,1783193402153,149810,149810,0,1,-24,0,0,0,77,80,116,130,56,177.25,134,19,0,-1000,-1,0,0,0,0,0,0,25,"keyboard-worker","OK",1783193402107,149764,2608
1487,1783193402255,149912,149911,0,1,-23,0,0,0,77,80,115,130,56,177.14,134,-16,-39,-978,-1,0,0,0,0,0,0,25,"keyboard-worker","OK",1783193402208,149864,2610
1488,1783193402357,150014,150013,0,0,-22,0,0,0,77,80,116,130,56,177.47,134,17,-13,-987,-1,0,0,0,0,0,0,25,"keyboard-worker","OK",1783193402308,149964,2612
1489,1783193402459,150116,150115,0,0,-20,0,0,0,77,80,115,130,56,177.26,134,23,-2,-909,-1,0,0,0,0,0,0,25,"keyboard-worker","OK",1783193402458,150115,2615
1490,1783193402561,150218,150217,0,0,-19,0,0,0,77,80,115,130,56,177.5,134,12,-37,-1007,-1,0,0,0,0,0,0,25,"keyboard-worker","OK",1783193402559,150215,2617
1491,1783193402663,150320,150319,1,0,-18,0,0,0,77,80,113,130,56,177.43,134,-3,-18,-1003,-1,0,0,0,0,0,0,25,"keyboard-worker","OK",1783193402659,150315,2619
1492,1783193402765,150422,150421,1,1,-17,0,0,0,77,80,113,130,56,177.21,135,33,-33,-1027,-1,0,0,0,0,0,0,25,"keyboard-worker","OK",1783193402759,150415,2621
1493,1783193402868,150525,150524,0,1,-15,0,0,0,77,80,112,130,56,177.48,135,0,-13,-1014,-1,0,0,0,0,0,0,25,"keyboard-worker","OK",1783193402859,150516,2623
1494,1783193402972,150629,150628,0,2,-14,0,0,0,78,80,112,130,56,177.18,135,11,-33,-1007,-1,0,0,0,0,0,0,25,"keyboard-worker","OK",1783193402960,150616,2625
1495,1783193403071,150728,150727,0,2,-13,0,0,0,78,80,111,130,56,177.34,135,24,-20,-1004,-1,0,0,0,0,0,0,25,"keyboard-worker","OK",1783193403060,150716,2627
1496,1783193403173,150830,150829,0,1,-12,0,0,0,78,80,111,120,56,177.46,135,-4,-30,-993,-1,0,0,0,0,0,0,25,"keyboard-worker","OK",1783193403160,150816,2629
1497,1783193403275,150932,150932,0,1,-11,0,0,0,78,80,111,120,56,177.4,135,13,-30,-1006,-1,0,0,0,0,0,0,25,"keyboard-worker","OK",1783193403260,150917,2631
1498,1783193403326,150983,150982,0,1,-10,0,0,0,78,80,111,120,56,177.58,135,-13,-27,-1013,-1,0,0,0,0,0,0,25,"keyboard-worker","OK",1783193403311,150967,2632
1499,1783193403428,151085,151084,0,1,-9,0,0,0,78,80,112,120,56,177.03,135,0,-38,-1014,-1,0,0,0,0,0,0,25,"keyboard-worker","OK",1783193403411,151067,2634
1500,1783193403530,151187,151186,0,1,-7,0,0,0,78,80,112,120,56,177.44,135,16,-40,-991,-1,0,0,0,0,0,0,25,"keyboard-worker","OK",1783193403511,151167,2636
1501,1783193403632,151289,151288,0,1,-6,0,0,0,78,80,112,130,56,177.07,135,-13,-25,-1007,-1,0,0,0,0,0,0,25,"keyboard-worker","OK",1783193403611,151268,2638
1502,1783193403734,151391,151391,0,1,-5,0,0,0,78,80,112,130,56,176.99,136,-9,-20,-975,-1,0,0,0,0,0,0,25,"keyboard-worker","OK",1783193403712,151368,2640
1503,1783193403836,151493,151492,0,1,-4,0,0,0,78,80,113,130,56,177.14,136,-25,-25,-1012,-1,0,0,0,0,0,0,25,"keyboard-worker","OK",1783193403812,151468,2642
1504,1783193403938,151595,151594,0,1,-2,0,0,0,77,80,113,130,56,177.43,136,-13,-10,-965,-1,0,0,0,0,0,0,25,"keyboard-worker","OK",1783193403912,151568,2644
1505,1783193404040,151697,151696,0,1,-1,0,0,0,77,80,113,130,56,177.29,136,36,-20,-988,-1,0,0,0,0,0,0,25,"keyboard-worker","OK",1783193404012,151669,2646
1506,1783193404142,151799,151798,0,1,0,0,0,0,77,80,113,130,56,177.21,136,-13,-33,-1011,-1,0,0,0,0,0,0,25,"keyboard-worker","OK",1783193404112,151769,2648
1507,1783193404244,151901,151900,0,1,1,0,0,0,77,80,113,130,56,177.14,136,-8,-17,-975,-1,0,0,0,0,0,0,25,"keyboard-worker","OK",1783193404213,151869,2650
1508,1783193404350,152007,152006,0,1,2,0,0,0,77,80,112,130,56,177.49,136,16,-34,-1002,-1,0,0,0,0,0,0,25,"keyboard-worker","OK",1783193404313,151969,2652
1509,1783193404448,152105,152104,0,1,3,0,0,0,77,80,113,130,56,177.07,136,-36,-30,-1009,-1,0,0,0,0,0,0,25,"keyboard-worker","OK",1783193404413,152069,2654
1510,1783193404553,152210,152209,0,1,5,0,0,0,77,80,112,130,56,177.1,136,-23,-8,-970,-1,0,0,0,0,0,0,0,"keyboard-worker","OK",1783193404513,152170,2656
1511,1783193404655,152312,152311,0,1,6,0,0,0,77,80,112,130,56,177.45,136,20,-27,-1001,-1,0,0,0,0,0,0,0,"keyboard-worker","OK",1783193404614,152270,2658
1512,1783193404754,152411,152410,0,1,6,0,0,0,77,80,113,130,56,177.27,137,-5,-19,-964,-1,0,0,0,0,0,0,0,"keyboard-worker","OK",1783193404714,152370,2660
1513,1783193404855,152512,152512,0,1,6,0,0,0,77,80,113,130,56,177.41,137,-2,-21,-1062,-1,0,0,0,0,0,0,0,"keyboard-worker","OK",1783193404814,152470,2662
1514,1783193404957,152614,152613,0,1,6,0,0,0,77,80,113,130,56,177.43,137,27,-26,-1024,-1,0,0,0,0,0,0,0,"keyboard-worker","OK",1783193404914,152570,2664
1515,1783193405059,152716,152715,0,1,6,0,0,0,77,80,114,130,56,177.38,137,1,-16,-1006,-1,0,0,0,0,0,0,0,"keyboard-worker","OK",1783193405014,152671,2666
1516,1783193405161,152818,152817,0,1,6,0,0,0,77,80,115,130,55,177.44,137,28,-27,-1006,-1,0,0,0,0,0,0,0,"keyboard-worker","OK",1783193405115,152771,2668
1517,1783193405263,152920,152919,0,1,7,0,0,0,77,80,116,130,55,177.05,137,-10,-18,-993,-1,0,0,0,0,0,0,0,"keyboard-worker","OK",1783193405215,152871,2670
1518,1783193405365,153022,153022,0,1,7,0,0,0,77,80,117,130,55,177.17,137,0,-36,-993,-1,0,0,0,0,0,0,0,"keyboard-worker","OK",1783193405365,153021,2673
1519,1783193405467,153124,153123,0,1,7,0,0,0,77,80,117,130,55,177.5,137,16,-32,-990,-1,0,0,0,0,0,0,-25,"keyboard-worker","OK",1783193405465,153121,2675
1520,1783193405569,153226,153225,0,1,6,0,0,0,77,80,117,130,55,177.14,137,-9,-14,-969,-1,0,0,0,0,0,0,-25,"keyboard-worker","OK",1783193405565,153222,2677
1521,1783193405671,153328,153327,0,1,5,0,0,0,77,80,117,130,55,177.45,138,-2,-26,-1076,-1,0,0,0,0,0,0,-25,"keyboard-worker","OK",1783193405666,153322,2679
1522,1783193405772,153429,153429,0,1,4,0,0,0,77,80,116,130,55,177.45,138,13,-21,-964,-1,0,0,0,0,0,0,-25,"keyboard-worker","OK",1783193405766,153422,2681
1523,1783193405874,153531,153531,0,0,3,0,0,0,77,80,115,130,55,177.46,138,24,-36,-927,-1,0,0,0,0,0,0,-25,"keyboard-worker","OK",1783193405866,153522,2683
1524,1783193405979,153636,153635,0,0,1,0,0,1,78,80,115,130,55,177.4,138,-5,-33,-1011,-1,0,0,0,0,0,0,-25,"keyboard-worker","OK",1783193405966,153622,2685
1525,1783193406083,153740,153740,0,0,0,0,0,0,78,80,114,130,55,177.25,138,26,-31,-1003,-1,0,0,0,0,0,0,-25,"keyboard-worker","OK",1783193406066,153723,2687
1526,1783193406185,153842,153841,0,1,-1,0,0,0,78,80,113,130,55,177.14,138,-6,-18,-1013,-1,0,0,0,0,0,0,-25,"keyboard-worker","OK",1783193406167,153823,2689
1527,1783193406286,153943,153942,0,1,-2,0,0,0,78,80,112,130,55,177.07,138,35,-24,-1033,-1,0,0,0,0,0,0,-25,"keyboard-worker","OK",1783193406267,153923,2691
1528,1783193406385,154042,154041,0,1,-3,0,0,0,78,80,112,120,55,177.32,138,0,-36,-998,-1,0,0,0,0,0,0,-25,"keyboard-worker","OK",1783193406367,154023,2693
1529,1783193406487,154144,154143,0,1,-4,0,0,0,78,80,112,120,55,177.19,138,3,-19,-1002,-1,0,0,0,0,0,0,-25,"keyboard-worker","OK",1783193406467,154123,2695
1530,1783193406588,154245,154245,0,1,-5,0,0,0,78,80,112,120,55,177.26,138,-4,-16,-1028,-1,0,0,0,0,0,0,-25,"keyboard-worker","OK",1783193406567,154224,2697
1531,1783193406690,154347,154346,1,1,-6,0,0,0,78,80,112,130,55,177.27,139,5,-19,-1002,-1,0,0,0,0,0,0,-25,"keyboard-worker","OK",1783193406667,154324,2699
1532,1783193406792,154449,154448,0,0,-7,0,0,0,78,80,113,130,55,177.35,139,34,-24,-988,-1,0,0,0,0,0,0,-25,"keyboard-worker","OK",1783193406768,154424,2701
1533,1783193406845,154502,154501,0,0,-8,0,0,0,78,80,113,130,55,177.03,139,5,-23,-1008,-1,0,0,0,0,0,0,-25,"keyboard-worker","OK",1783193406818,154474,2702
1534,1783193406997,154654,154653,0,0,-9,0,0,0,77,80,113,130,55,177.37,139,28,-22,-885,-1,0,0,0,0,0,0,-25,"keyboard-worker","OK",1783193406968,154624,2705
1535,1783193407051,154708,154708,0,1,-10,0,0,0,77,80,113,130,55,177.13,139,13,-6,-987,-1,0,0,0,0,0,0,-25,"keyboard-worker","OK",1783193407018,154674,2706
1536,1783193407153,154810,154809,0,1,-11,0,0,0,77,80,114,130,55,177.57,139,18,-27,-1052,-1,0,0,0,0,0,0,-25,"keyboard-worker","OK",1783193407118,154774,2708
1537,1783193407254,154911,154910,1,1,-12,0,0,0,77,80,114,130,55,177.22,139,22,-22,-963,-1,0,0,0,0,0,0,-25,"keyboard-worker","OK",1783193407218,154874,2710
1538,1783193407353,155010,155009,1,1,-13,0,0,0,77,80,114,130,55,177.23,139,24,-22,-957,-1,0,0,0,0,0,0,-25,"keyboard-worker","OK",1783193407318,154975,2712
1539,1783193407455,155112,155111,0,1,-14,0,0,0,77,80,113,130,55,177.25,139,1,-11,-993,-1,0,0,0,0,0,0,-25,"keyboard-worker","OK",1783193407419,155075,2714
1540,1783193407557,155214,155213,0,0,-15,0,0,0,77,80,113,130,55,177.28,139,-8,-8,-989,-1,0,0,0,0,0,0,-25,"keyboard-worker","OK",1783193407519,155175,2716
1541,1783193407659,155316,155315,0,0,-17,0,0,0,77,80,113,130,55,177.34,140,30,-29,-994,-1,0,0,0,0,0,0,-25,"keyboard-worker","OK",1783193407619,155275,2718
1542,1783193407761,155418,155418,0,0,-18,0,0,0,77,80,113,130,55,177.11,140,-5,-7,-1005,-1,0,0,0,0,0,0,-25,"keyboard-worker","OK",1783193407719,155375,2720
1543,1783193407862,155519,155519,0,0,-19,0,0,0,77,80,112,130,55,177.1,140,27,-19,-951,-1,0,0,0,0,0,0,-25,"keyboard-worker","OK",1783193407819,155475,2722
1544,1783193407964,155621,155621,0,0,-20,0,0,0,77,81,112,130,55,177.34,140,41,-36,-1061,-1,0,0,0,0,0,0,-25,"keyboard-worker","OK",1783193407919,155576,2724
1545,1783193408066,155723,155722,1,0,-21,0,0,0,77,81,112,130,55,177.05,140,3,-1,-1055,-1,0,0,0,0,0,0,-25,"keyboard-worker","OK",1783193408020,155676,2726
1546,1783193408168,155825,155824,1,1,-23,0,0,0,77,81,112,130,55,177.14,140,32,-21,-912,-1,0,0,0,0,0,0,-25,"keyboard-worker","OK",1783193408120,155776,2728
1547,1783193408270,155927,155926,1,0,-24,0,0,0,77,81,111,130,55,177.46,140,40,-23,-994,-1,0,0,0,0,0,0,-25,"keyboard-worker","OK",1783193408270,155926,2731
1548,1783193408373,156030,156029,1,0,-25,0,0,0,77,81,111,130,55,177.19,140,18,3,-967,-1,0,0,0,0,0,0,-25,"keyboard-worker","OK",1783193408370,156026,2733
1549,1783193408474,156131,156130,1,0,-26,0,0,0,77,81,110,130,55,176.96,140,16,-27,-1062,-1,0,0,0,0,0,0,-25,"keyboard-worker","OK",1783193408470,156127,2735
1550,1783193408578,156235,156234,1,0,-28,0,0,0,77,81,110,120,55,176.96,140,28,-19,-1004,-1,0,0,0,0,0,0,-25,"keyboard-worker","OK",1783193408571,156227,2737
1551,1783193408690,156347,156346,1,0,-29,0,0,0,77,81,109,120,55,177.3,141,-20,8,-983,-1,0,0,0,0,0,0,-25,"keyboard-worker","OK",1783193408671,156327,2739
1552,1783193408787,156444,156444,0,0,-31,0,0,0,77,81,108,120,55,177.56,141,-1,-23,-1028,-1,0,0,0,0,0,0,-25,"keyboard-worker","OK",1783193408771,156427,2741
1553,1783193408894,156551,156550,0,0,-32,0,0,0,77,81,108,120,55,177.08,141,29,-11,-970,-1,0,0,0,0,0,0,-25,"keyboard-worker","OK",1783193408871,156527,2743
1554,1783193408994,156651,156651,0,0,-34,0,0,0,77,80,107,120,55,177.05,141,33,0,-1005,-1,0,0,0,0,0,0,-25,"keyboard-worker","OK",1783193408971,156628,2745
1555,1783193409088,156745,156744,0,0,-36,0,0,0,77,80,106,120,55,177.1,141,43,-8,-1018,-1,0,0,0,0,0,0,-25,"keyboard-worker","OK",1783193409072,156728,2747
1556,1783193409187,156844,156844,1,0,-37,0,0,0,77,80,105,120,55,177.19,141,32,14,-1033,-1,0,0,0,0,0,0,-25,"keyboard-worker","OK",1783193409172,156828,2749
1557,1783193409289,156946,156945,1,0,-39,0,0,0,77,80,105,120,55,177.1,141,32,-9,-1024,-1,0,0,0,0,0,0,0,"keyboard-worker","OK",1783193409272,156928,2751
1558,1783193409391,157048,157047,1,0,-41,0,0,0,77,80,105,120,55,176.83,141,3,-14,-1069,-1,0,0,0,0,0,0,0,"keyboard-worker","OK",1783193409372,157029,2753
1559,1783193409494,157151,157150,1,0,-41,0,0,0,77,80,105,120,55,177.01,141,27,-24,-1030,-1,0,0,0,0,0,0,0,"keyboard-worker","OK",1783193409472,157129,2755
1560,1783193409599,157256,157255,1,0,-41,0,0,0,77,80,106,120,55,177.1,141,6,-1,-1030,-1,0,0,0,0,0,0,0,"keyboard-worker","OK",1783193409573,157229,2757
1561,1783193409698,157355,157354,1,0,-41,0,0,0,77,80,106,120,55,177.13,142,31,-13,-976,-1,0,0,0,0,0,0,0,"keyboard-worker","OK",1783193409673,157329,2759
1562,1783193409800,157457,157456,1,0,-41,0,0,0,77,80,107,120,55,176.99,142,18,-19,-1054,-1,0,0,0,0,0,0,0,"keyboard-worker","OK",1783193409773,157429,2761
1563,1783193409904,157561,157560,1,0,-41,0,0,0,77,80,108,120,55,177.26,142,11,20,-977,-1,0,0,0,0,0,0,0,"keyboard-worker","OK",1783193409873,157530,2763
1564,1783193410005,157662,157662,1,0,-41,0,0,0,77,80,108,120,55,177.18,142,22,-14,-972,-1,0,0,0,0,0,0,0,"keyboard-worker","OK",1783193409973,157630,2765
1565,1783193410125,157782,157782,0,0,-41,0,0,0,77,80,108,120,55,177.03,142,40,6,-953,-1,0,0,0,0,0,0,0,"keyboard-worker","OK",1783193410124,157780,2768
1566,1783193410216,157873,157872,1,0,-41,0,0,0,77,80,109,120,55,176.92,142,27,-1,-1020,-1,0,0,0,0,0,0,25,"keyboard-worker","OK",1783193410174,157830,2769
1567,1783193410317,157974,157974,1,0,-41,0,0,0,77,80,110,120,55,177.04,142,5,9,-1037,-1,0,0,0,0,0,0,25,"keyboard-worker","OK",1783193410274,157930,2771
1568,1783193410410,158067,158066,1,0,-39,0,0,0,77,80,110,120,55,176.97,142,8,-16,-1022,-1,0,0,0,0,0,0,25,"keyboard-worker","OK",1783193410374,158030,2773
1569,1783193410519,158176,158175,1,0,-38,0,0,0,77,80,110,120,55,176.99,142,-1,14,-990,-1,0,0,0,0,0,0,25,"keyboard-worker","OK",1783193410474,158131,2775
1570,1783193410563,158220,158219,1,0,-36,0,0,0,77,80,110,120,55,177.06,142,13,-16,-1022,-1,0,0,0,0,0,0,25,"keyboard-worker","OK",1783193410524,158181,2776
1571,1783193410664,158321,158320,1,0,-34,0,0,0,77,80,109,120,55,176.92,143,35,-17,-974,-1,0,0,0,0,0,0,25,"keyboard-worker","OK",1783193410625,158281,2778
1572,1783193410766,158423,158422,0,0,-33,0,0,0,77,80,110,120,55,177.15,143,35,-28,-1005,-1,0,0,0,0,0,0,25,"keyboard-worker","OK",1783193410725,158381,2780
1573,1783193410871,158528,158527,1,0,-32,0,0,0,77,80,109,120,55,177.01,143,0,8,-977,-1,0,0,0,0,0,0,25,"keyboard-worker","OK",1783193410825,158481,2782
1574,1783193411021,158678,158677,1,0,-30,0,0,0,78,80,108,120,55,177.13,143,-10,5,-1086,-1,0,0,0,0,0,0,25,"keyboard-worker","OK",1783193410975,158632,2785
1575,1783193411075,158732,158731,0,0,-29,0,0,0,78,80,108,120,55,177.01,143,16,-12,-1006,-1,0,0,0,0,0,0,25,"keyboard-worker","OK",1783193411025,158682,2786
1576,1783193411175,158832,158832,0,0,-28,0,0,0,78,80,108,120,55,177.06,143,28,-2,-981,-1,0,0,0,0,0,0,25,"keyboard-worker","OK",1783193411126,158782,2788
1577,1783193411276,158933,158932,0,0,-27,0,0,0,78,80,108,120,55,177.46,143,-6,-2,-1042,-1,0,0,0,0,0,0,25,"keyboard-worker","OK",1783193411276,158932,2791
1578,1783193411377,159034,159033,0,0,-25,0,0,0,78,80,107,120,55,177.26,143,16,6,-977,-1,0,0,0,0,0,0,25,"keyboard-worker","OK",1783193411376,159032,2793
1579,1783193411478,159135,159135,1,0,-24,0,0,0,78,80,106,120,55,177.07,143,1,-1,-995,-1,0,0,0,0,0,0,25,"keyboard-worker","OK",1783193411476,159133,2795
1580,1783193411580,159237,159236,1,0,-23,0,0,0,78,80,105,120,55,177.02,143,13,-13,-962,-1,0,0,0,0,0,0,25,"keyboard-worker","OK",1783193411576,159233,2797
1581,1783193411682,159339,159338,0,0,-23,0,0,0,78,80,104,120,55,177.02,144,2,9,-1001,-1,0,0,0,0,0,0,25,"keyboard-worker","OK",1783193411677,159333,2799
1582,1783193411785,159442,159441,0,0,-22,0,0,0,78,80,103,120,55,176.93,144,-2,-27,-1025,-1,0,0,0,0,0,0,25,"keyboard-worker","OK",1783193411777,159433,2801
1583,1783193411886,159543,159543,0,1,-22,0,0,0,78,80,102,120,55,177.01,144,-11,-8,-1038,-1,0,0,0,0,0,0,25,"keyboard-worker","OK",1783193411877,159533,2803
1584,1783193411988,159645,159645,0,1,-21,0,0,0,78,80,101,120,55,177.3,144,39,-15,-1002,-1,0,0,0,0,0,0,25,"keyboard-worker","OK",1783193411977,159633,2805
1585,1783193412090,159747,159746,0,0,-21,0,0,0,78,80,101,120,55,177.04,144,33,4,-995,-1,0,0,0,0,0,0,25,"keyboard-worker","OK",1783193412077,159734,2807
1586,1783193412192,159849,159848,0,0,-20,0,0,0,78,80,101,120,55,177,144,34,-8,-1024,-1,0,0,0,0,0,0,25,"keyboard-worker","OK",1783193412178,159834,2809
1587,1783193412293,159950,159949,0,0,-20,0,0,0,78,80,101,120,55,177.24,144,13,-7,-1015,-1,0,0,0,0,0,0,25,"keyboard-worker","OK",1783193412278,159934,2811
1588,1783193412396,160053,160052,0,0,-19,0,0,0,78,80,102,120,55,177.43,144,11,4,-1050,-1,0,0,0,0,0,0,25,"keyboard-worker","OK",1783193412378,160034,2813
1589,1783193412498,160155,160155,0,0,-18,0,0,0,78,80,103,120,55,177.05,144,-14,1,-1053,-1,0,0,0,0,0,0,25,"keyboard-worker","OK",1783193412478,160134,2815
1590,1783193412605,160262,160261,0,0,-17,0,0,0,78,80,104,120,55,176.95,144,24,-26,-1004,-1,0,0,0,0,0,0,25,"keyboard-worker","OK",1783193412578,160234,2817
1591,1783193412706,160363,160362,0,0,-16,0,0,-1,78,80,105,120,55,177.08,145,22,-20,-1006,-1,0,0,0,0,0,0,25,"keyboard-worker","OK",1783193412678,160335,2819
1592,1783193412804,160461,160460,1,0,-14,0,0,-1,78,80,107,120,55,177.15,145,30,-31,-1002,-1,0,0,0,0,0,0,25,"keyboard-worker","OK",1783193412779,160435,2821
1593,1783193412905,160562,160562,1,0,-13,0,0,-1,78,80,109,120,55,177.06,145,23,-6,-963,-1,0,0,0,0,0,0,25,"keyboard-worker","OK",1783193412879,160535,2823
1594,1783193413007,160664,160664,1,0,-11,0,0,-1,77,81,110,120,55,177.17,145,0,-19,-1019,-1,0,0,0,0,0,0,25,"keyboard-worker","OK",1783193412979,160635,2825
1595,1783193413109,160766,160765,1,0,-10,0,0,-1,77,81,112,120,55,177.02,145,44,-9,-954,-1,0,0,0,0,0,0,0,"keyboard-worker","OK",1783193413079,160735,2827
1596,1783193413211,160868,160867,0,0,-8,0,0,-1,77,81,112,130,55,177.11,145,-2,-15,-944,-1,0,0,0,0,0,0,0,"keyboard-worker","OK",1783193413179,160836,2829
1597,1783193413315,160972,160971,0,0,-8,0,0,0,77,81,113,130,55,177.29,145,3,-8,-1010,-1,0,0,0,0,0,0,0,"keyboard-worker","OK",1783193413280,160936,2831
1598,1783193413417,161074,161073,1,0,-7,0,0,0,77,81,113,130,55,177.18,145,40,-10,-993,-1,0,0,0,0,0,0,0,"keyboard-worker","OK",1783193413380,161036,2833
1599,1783193413516,161173,161172,1,0,-7,0,0,0,77,81,112,130,55,177.31,145,34,-38,-997,-1,0,0,0,0,0,0,0,"keyboard-worker","OK",1783193413480,161136,2835
1600,1783193413618,161275,161274,1,0,-7,0,0,0,77,81,112,130,55,177.25,145,9,-21,-961,-1,0,0,0,0,0,0,0,"keyboard-worker","OK",1783193413580,161236,2837
1601,1783193413719,161376,161375,1,1,-7,0,0,0,77,81,111,130,55,177.37,146,25,-23,-987,-1,0,0,0,0,0,0,0,"keyboard-worker","OK",1783193413680,161337,2839
1602,1783193413821,161478,161477,1,1,-7,0,0,0,77,81,111,130,55,177.18,146,35,-27,-1021,-1,0,0,0,0,0,0,0,"keyboard-worker","OK",1783193413781,161437,2841
1603,1783193413872,161529,161528,0,1,-7,0,0,0,77,81,110,120,55,176.79,146,25,8,-1030,-1,0,0,0,0,0,0,0,"keyboard-worker","OK",1783193413831,161487,2842
1604,1783193414028,161685,161684,0,1,-7,0,0,0,77,80,110,120,55,177.25,146,28,10,-1008,-1,0,0,0,0,0,0,-25,"keyboard-worker","OK",1783193413981,161637,2845
1605,1783193414131,161788,161787,0,1,-7,0,0,0,77,80,109,120,55,177.08,146,17,-1,-1034,-1,0,0,0,0,0,0,-25,"keyboard-worker","OK",1783193414131,161788,2848
1606,1783193414231,161888,161887,0,1,-8,0,0,0,77,80,109,120,55,176.97,146,-6,0,-1033,-1,0,0,0,0,0,0,-25,"keyboard-worker","OK",1783193414181,161838,2849
1607,1783193414279,161936,161936,0,1,-9,0,0,0,77,80,110,120,55,177.16,146,-9,-10,-1020,-1,0,0,0,0,0,0,-25,"keyboard-worker","OK",1783193414232,161888,2850
1608,1783193414381,162038,162037,0,1,-11,0,0,0,77,80,109,120,55,177.27,146,35,-30,-995,-1,0,0,0,0,0,0,-25,"keyboard-worker","OK",1783193414332,161988,2852
1609,1783193414483,162140,162140,0,1,-12,0,0,0,77,80,110,120,55,177.37,146,26,-4,-990,-1,0,0,0,0,0,0,-25,"keyboard-worker","OK",1783193414482,162138,2855
1610,1783193414585,162242,162241,1,1,-13,0,0,0,77,80,110,120,55,177.13,146,18,-14,-972,-1,0,0,0,0,0,0,-25,"keyboard-worker","OK",1783193414582,162238,2857
1611,1783193414686,162343,162342,0,1,-14,0,0,0,77,80,111,120,55,177.51,147,-10,-5,-1010,-1,0,0,0,0,0,0,-25,"keyboard-worker","OK",1783193414682,162339,2859
1612,1783193414789,162446,162445,0,1,-16,0,0,0,77,80,112,130,55,177.06,147,43,-31,-1012,-1,0,0,0,0,0,0,-25,"keyboard-worker","OK",1783193414783,162439,2861
1613,1783193414895,162552,162551,0,0,-17,0,0,0,77,80,113,130,55,177.18,147,15,-17,-1011,-1,0,0,0,0,0,0,-25,"keyboard-worker","OK",1783193414883,162539,2863
1614,1783193414997,162654,162653,1,0,-18,0,0,0,77,80,113,130,55,177.19,147,25,-14,-916,-1,0,0,0,0,0,0,-25,"keyboard-worker","OK",1783193414983,162639,2865
1615,1783193415097,162754,162754,1,0,-19,0,0,0,77,80,114,130,55,177.02,147,26,-19,-1003,-1,0,0,0,0,0,0,-25,"keyboard-worker","OK",1783193415083,162739,2867
1616,1783193415195,162852,162852,1,0,-20,0,0,0,77,80,114,130,55,177.26,147,11,-26,-999,-1,0,0,0,0,0,0,-25,"keyboard-worker","OK",1783193415183,162839,2869
1617,1783193415296,162953,162952,1,0,-21,0,0,0,77,80,114,130,55,177.24,147,17,-8,-999,-1,0,0,0,0,0,0,-25,"keyboard-worker","OK",1783193415283,162940,2871
1618,1783193415398,163055,163054,0,1,-23,0,0,0,77,80,115,130,55,177.52,147,43,-20,-1011,-1,0,0,0,0,0,0,-25,"keyboard-worker","OK",1783193415384,163040,2873
1619,1783193415500,163157,163156,1,1,-24,0,0,0,77,80,116,130,55,177.23,147,45,-25,-950,-1,0,0,0,0,0,0,-25,"keyboard-worker","OK",1783193415484,163140,2875
1620,1783193415601,163258,163258,1,0,-25,0,0,0,77,80,116,130,55,177.23,147,34,-3,-982,-1,0,0,0,0,0,0,-25,"keyboard-worker","OK",1783193415584,163240,2877
1621,1783193415703,163360,163359,1,0,-27,0,0,0,77,80,117,130,55,177.4,148,7,0,-1015,-1,0,0,0,0,0,0,-25,"keyboard-worker","OK",1783193415684,163340,2879
1622,1783193415805,163462,163461,1,0,-28,0,0,0,77,80,118,130,55,177.29,148,8,11,-1048,-1,0,0,0,0,0,0,-25,"keyboard-worker","OK",1783193415784,163441,2881
1623,1783193415906,163563,163563,1,0,-29,0,0,0,77,80,119,130,55,177.3,148,15,4,-925,-1,0,0,0,0,0,0,-25,"keyboard-worker","OK",1783193415884,163541,2883
1624,1783193416008,163665,163664,0,0,-30,0,0,0,77,80,120,130,55,177.42,148,27,-27,-955,-1,0,0,0,0,0,0,-25,"keyboard-worker","OK",1783193415985,163641,2885
1625,1783193416110,163767,163766,0,0,-31,0,0,0,77,80,121,130,54,177.25,148,17,-8,-986,-1,0,0,0,0,0,0,-25,"keyboard-worker","OK",1783193416085,163741,2887
1626,1783193416211,163868,163868,0,0,-31,0,0,0,77,80,121,130,54,177.5,148,60,-25,-931,-1,0,0,0,0,0,0,-25,"keyboard-worker","OK",1783193416185,163841,2889
1627,1783193416313,163970,163969,0,0,-32,0,0,0,77,80,122,130,54,177.2,148,-7,40,-950,-1,0,0,0,0,0,0,-25,"keyboard-worker","OK",1783193416285,163942,2891
1628,1783193416415,164072,164071,0,0,-33,0,0,0,77,80,122,130,54,177.47,148,0,14,-972,-1,0,0,0,0,0,0,-25,"keyboard-worker","OK",1783193416386,164042,2893
1629,1783193416519,164176,164175,0,0,-34,0,0,0,77,80,122,130,54,177.05,148,-13,11,-971,-1,0,0,0,0,0,0,-25,"keyboard-worker","OK",1783193416486,164142,2895
1630,1783193416623,164280,164279,1,0,-35,0,0,0,77,80,122,130,54,177.15,148,17,8,-1014,-1,0,0,0,0,0,0,-25,"keyboard-worker","OK",1783193416586,164242,2897
1631,1783193416724,164381,164380,1,0,-35,0,0,0,77,80,121,130,54,177.03,149,13,6,-980,-1,0,0,0,0,0,0,-25,"keyboard-worker","OK",1783193416686,164342,2899
1632,1783193416823,164480,164480,0,0,-36,0,0,0,77,80,121,130,54,177.29,149,19,7,-1000,-1,0,0,0,0,0,0,-25,"keyboard-worker","OK",1783193416786,164443,2901
1633,1783193416925,164582,164581,0,0,-37,0,0,0,77,80,119,130,54,177.5,149,20,-8,-983,-1,0,0,0,0,0,0,-25,"keyboard-worker","OK",1783193416887,164543,2903
1634,1783193417027,164684,164683,0,0,-38,0,0,0,78,80,119,130,54,177.47,149,30,2,-1001,-1,0,0,0,0,0,0,-25,"keyboard-worker","OK",1783193416987,164643,2905
1635,1783193417128,164785,164785,0,0,-39,0,0,0,78,80,118,130,54,177.2,149,23,-1,-914,-1,0,0,0,0,0,0,-25,"keyboard-worker","OK",1783193417087,164743,2907
1636,1783193417230,164887,164886,0,0,-40,0,0,0,78,80,117,130,54,177.37,149,18,-4,-1004,-1,0,0,0,0,0,0,-25,"keyboard-worker","OK",1783193417187,164843,2909
1637,1783193417332,164989,164988,0,0,-41,0,0,0,78,80,116,130,54,177.48,149,7,23,-1031,-1,0,0,0,0,0,0,-25,"keyboard-worker","OK",1783193417287,164944,2911
1638,1783193417433,165090,165090,1,0,-42,0,0,0,78,80,115,130,54,177.59,149,2,18,-1015,-1,0,0,0,0,0,0,-25,"keyboard-worker","OK",1783193417387,165044,2913
1639,1783193417535,165192,165191,1,0,-44,0,0,0,78,80,114,130,54,177.41,149,-10,6,-1076,-1,0,0,0,0,0,0,-25,"keyboard-worker","OK",1783193417488,165144,2915
1640,1783193417637,165294,165293,1,0,-45,0,0,0,78,80,113,130,54,177.24,149,-14,12,-1030,-1,0,0,0,0,0,0,-25,"keyboard-worker","OK",1783193417588,165244,2917
1641,1783193417739,165396,165395,1,0,-47,0,0,0,78,80,112,130,54,177.09,150,21,-14,-1028,-1,0,0,0,0,0,0,-25,"keyboard-worker","OK",1783193417738,165394,2920
1642,1783193417789,165446,165445,1,0,-48,0,0,0,78,80,111,130,54,177.43,150,10,8,-1037,-1,0,0,0,0,0,0,-25,"keyboard-worker","OK",1783193417788,165445,2921
1643,1783193417891,165548,165548,1,0,-50,0,0,0,78,80,110,120,54,177.52,150,17,10,-992,-1,0,0,0,0,0,0,-25,"keyboard-worker","OK",1783193417889,165545,2923
1644,1783193418043,165700,165700,0,0,-51,0,0,0,77,80,109,120,54,177.42,150,0,3,-1024,-1,0,0,0,0,0,0,0,"keyboard-worker","OK",1783193418039,165695,2926
1645,1783193418094,165751,165750,0,0,-53,0,0,0,77,80,109,120,54,177.07,150,21,15,-1002,-1,0,0,0,0,0,0,0,"keyboard-worker","OK",1783193418089,165745,2927
1646,1783193418196,165853,165852,0,0,-55,0,0,0,77,80,108,120,54,177.32,150,24,2,-984,-1,0,0,0,0,0,0,0,"keyboard-worker","OK",1783193418189,165845,2929
1647,1783193418297,165954,165954,0,0,-55,0,0,0,77,80,108,120,54,177.31,150,-6,2,-1033,-1,0,0,0,0,0,0,0,"keyboard-worker","OK",1783193418289,165946,2931
1648,1783193418403,166060,166059,0,0,-56,0,0,0,77,80,107,120,54,177.43,150,28,2,-1005,-1,0,0,0,0,0,0,0,"keyboard-worker","OK",1783193418390,166046,2933
1649,1783193418501,166158,166158,0,0,-57,0,0,0,77,80,107,120,54,177.11,150,16,5,-1018,-1,0,0,0,0,0,0,0,"keyboard-worker","OK",1783193418490,166146,2935
1650,1783193418604,166261,166260,0,0,-58,0,0,0,77,80,107,120,54,177.35,150,21,3,-1016,-1,0,0,0,0,0,0,0,"keyboard-worker","OK",1783193418590,166246,2937
1651,1783193418706,166363,166362,0,0,-58,0,0,0,77,80,107,120,54,177.38,151,19,18,-1036,-1,0,0,0,0,0,0,0,"keyboard-worker","OK",1783193418690,166347,2939
1652,1783193418806,166463,166462,1,0,-58,0,0,0,77,80,108,120,54,176.85,151,7,-3,-1044,-1,0,0,0,0,0,0,0,"keyboard-worker","OK",1783193418791,166447,2941
1653,1783193418910,166567,166566,1,0,-58,0,0,0,77,80,108,120,54,177.26,151,8,-3,-1024,-1,0,0,0,0,0,0,25,"keyboard-worker","OK",1783193418891,166547,2943
1654,1783193419015,166672,166671,1,0,-58,0,0,0,77,81,108,120,54,177.26,151,18,-1,-1005,-1,0,0,0,0,0,0,25,"keyboard-worker","OK",1783193418991,166647,2945
1655,1783193419118,166775,166774,1,0,-57,0,0,0,77,81,109,120,54,177.51,151,15,16,-964,-1,0,0,0,0,0,0,25,"keyboard-worker","OK",1783193419091,166747,2947
1656,1783193419223,166880,166879,0,0,-56,0,0,0,77,81,109,120,54,177.23,151,18,4,-984,-1,0,0,0,0,0,0,25,"keyboard-worker","OK",1783193419191,166848,2949
1657,1783193419316,166973,166972,1,0,-54,0,0,0,77,81,110,120,54,177.18,151,22,-12,-1008,-1,0,0,0,0,0,0,25,"keyboard-worker","OK",1783193419292,166948,2951
1658,1783193419418,167075,167074,1,0,-53,0,0,0,77,81,112,120,54,177.2,151,-7,18,-1042,-1,0,0,0,0,0,0,25,"keyboard-worker","OK",1783193419392,167048,2953
1659,1783193419519,167176,167175,0,0,-51,0,0,0,77,81,112,120,54,177.1,151,-2,9,-1009,-1,0,0,0,0,0,0,25,"keyboard-worker","OK",1783193419492,167148,2955
1660,1783193419619,167276,167275,0,0,-50,0,0,0,77,81,113,120,54,177.51,151,36,2,-980,-1,0,0,0,0,0,0,25,"keyboard-worker","OK",1783193419592,167249,2957
1661,1783193419721,167378,167377,0,0,-48,0,0,0,77,81,114,130,54,177.48,152,12,13,-960,-1,0,0,0,0,0,0,25,"keyboard-worker","OK",1783193419693,167349,2959
1662,1783193419822,167479,167479,0,0,-46,0,0,0,77,81,114,130,54,177.2,152,-2,13,-1011,-1,0,0,0,0,0,0,25,"keyboard-worker","OK",1783193419793,167449,2961
1663,1783193419924,167581,167580,0,0,-45,0,0,0,77,81,114,130,54,177.15,152,39,-15,-1015,-1,0,0,0,0,0,0,25,"keyboard-worker","OK",1783193419893,167549,2963
1664,1783193420033,167690,167689,0,0,-42,0,0,0,78,80,114,130,54,177.1,152,-3,3,-990,-1,0,0,0,0,0,0,25,"keyboard-worker","OK",1783193419993,167650,2965
1665,1783193420128,167785,167784,1,0,-41,0,0,0,78,80,113,130,54,177.1,152,17,5,-965,-1,0,0,0,0,0,0,25,"keyboard-worker","OK",1783193420093,167750,2967
1666,1783193420229,167886,167886,1,0,-40,0,0,0,78,80,112,130,54,177.36,152,-4,11,-1018,-1,0,0,0,0,0,0,25,"keyboard-worker","OK",1783193420194,167850,2969
1667,1783193420331,167988,167987,1,0,-38,0,0,0,78,80,112,130,54,177.22,152,3,-3,-1016,-1,0,0,0,0,0,0,25,"keyboard-worker","OK",1783193420294,167950,2971
1668,1783193420433,168090,168089,1,0,-37,0,0,0,78,80,111,130,54,177.27,152,39,-3,-978,-1,0,0,0,0,0,0,25,"keyboard-worker","OK",1783193420394,168050,2973
1669,1783193420534,168191,168191,1,0,-36,0,0,0,78,80,110,130,54,177.35,152,-1,-9,-1053,-1,0,0,0,0,0,0,25,"keyboard-worker","OK",1783193420494,168151,2975
1670,1783193420636,168293,168292,1,0,-35,0,0,0,78,80,110,120,54,176.97,153,28,-7,-972,-1,0,0,0,0,0,0,25,"keyboard-worker","OK",1783193420595,168251,2977
1671,1783193420741,168398,168397,0,0,-34,0,0,0,78,80,109,120,54,177.36,153,8,-11,-1030,-1,0,0,0,0,0,0,25,"keyboard-worker","OK",1783193420695,168351,2979
1672,1783193420843,168500,168499,0,0,-34,0,0,0,78,80,109,120,54,177.48,153,18,-5,-1021,-1,0,0,0,0,0,0,25,"keyboard-worker","OK",1783193420795,168451,2981
1673,1783193420944,168601,168601,0,0,-33,0,0,0,78,80,109,120,54,177.43,153,-14,-15,-1011,-1,0,0,0,0,0,0,25,"keyboard-worker","OK",1783193420895,168552,2983
1674,1783193421045,168702,168701,0,0,-32,0,0,0,78,81,108,120,54,177.46,153,33,2,-993,-1,0,0,0,0,0,0,25,"keyboard-worker","OK",1783193420996,168652,2985
1675,1783193421145,168802,168801,0,0,-31,0,0,0,78,81,109,120,54,177.34,153,-11,-5,-1009,-1,0,0,0,0,0,0,25,"keyboard-worker","OK",1783193421096,168752,2987
1676,1783193421247,168904,168903,0,0,-31,0,0,0,78,81,108,120,54,177.26,153,16,-10,-1017,-1,0,0,0,0,0,0,25,"keyboard-worker","OK",1783193421246,168902,2990
1677,1783193421348,169005,169004,0,0,-30,0,0,0,78,81,109,120,54,177.45,153,8,-21,-948,-1,0,0,0,0,0,0,25,"keyboard-worker","OK",1783193421346,169003,2992
1678,1783193421450,169107,169106,0,0,-29,0,0,0,78,81,109,120,54,177.46,153,-5,0,-1007,-1,0,0,0,0,0,0,25,"keyboard-worker","OK",1783193421447,169103,2994
1679,1783193421552,169209,169208,0,0,-28,0,0,0,78,81,109,120,54,177.39,153,3,-2,-1025,-1,0,0,0,0,0,0,25,"keyboard-worker","OK",1783193421547,169203,2996
1680,1783193421653,169310,169309,0,0,-27,0,0,0,78,81,110,120,54,177.53,154,24,-19,-994,-1,0,0,0,0,0,0,25,"keyboard-worker","OK",1783193421647,169303,2998
1681,1783193421755,169412,169411,0,0,-26,0,0,0,78,81,110,120,54,177.4,154,30,8,-987,-1,0,0,0,0,0,0,25,"keyboard-worker","OK",1783193421747,169404,3000
1682,1783193421857,169514,169513,0,0,-25,0,0,0,78,81,110,120,54,177.17,154,36,0,-997,-1,0,0,0,0,0,0,25,"keyboard-worker","OK",1783193421848,169504,3002
1683,1783193421958,169615,169614,0,0,-24,0,0,0,78,81,111,120,54,177.44,154,-5,-8,-995,-1,0,0,0,0,0,0,25,"keyboard-worker","OK",1783193421948,169604,3004
1684,1783193422060,169717,169716,0,0,-23,0,0,0,77,80,111,120,54,177.23,154,32,-9,-994,-1,0,0,0,0,0,0,25,"keyboard-worker","OK",1783193422048,169704,3006
1685,1783193422162,169819,169818,0,0,-22,0,0,0,77,80,112,130,54,177.46,154,25,-10,-1001,-1,0,0,0,0,0,0,25,"keyboard-worker","OK",1783193422148,169805,3008
1686,1783193422263,169920,169919,0,0,-20,0,0,0,77,80,112,130,54,177.45,154,17,-7,-1003,-1,0,0,0,0,0,0,25,"keyboard-worker","OK",1783193422249,169905,3010
1687,1783193422370,170027,170027,0,0,-19,0,0,0,77,80,112,130,54,177.47,154,6,-2,-1009,-1,0,0,0,0,0,0,25,"keyboard-worker","OK",1783193422349,170005,3012
1688,1783193422470,170127,170126,0,0,-18,0,0,0,77,80,112,130,54,177.63,154,-16,-3,-977,-1,0,0,0,0,0,0,25,"keyboard-worker","OK",1783193422449,170105,3014
1689,1783193422518,170175,170175,0,0,-16,0,0,0,77,80,112,130,54,177.65,154,19,-6,-988,-1,0,0,0,0,0,0,25,"keyboard-worker","OK",1783193422499,170155,3015
1690,1783193422620,170277,170276,0,0,-15,0,0,0,77,80,112,130,54,177.59,155,7,-10,-991,-1,0,0,0,0,0,0,25,"keyboard-worker","OK",1783193422599,170256,3017
1691,1783193422722,170379,170378,0,0,-14,0,0,0,77,80,112,130,54,177.54,155,0,0,-1007,-1,0,0,0,0,0,0,25,"keyboard-worker","OK",1783193422700,170356,3019
1692,1783193422823,170480,170479,0,0,-12,0,0,0,77,80,112,130,54,177.47,155,11,7,-965,-1,0,0,0,0,0,0,0,"keyboard-worker","OK",1783193422800,170456,3021
1693,1783193422925,170582,170581,0,0,-11,0,0,0,77,80,112,130,54,177.41,155,-9,-1,-1033,-1,0,0,0,0,0,0,0,"keyboard-worker","OK",1783193422900,170556,3023
1694,1783193423027,170684,170683,0,0,-11,0,0,0,77,81,111,130,54,177.79,155,21,-17,-1006,-1,0,0,0,0,0,0,-25,"keyboard-worker","OK",1783193423000,170656,3025
1695,1783193423132,170789,170789,0,1,-11,0,0,0,77,81,112,130,53,177.71,155,26,-7,-969,-1,0,0,0,0,0,0,-25,"keyboard-worker","OK",1783193423100,170757,3027
1696,1783193423235,170892,170892,1,0,-12,0,0,0,77,81,112,130,53,177.28,155,-11,3,-1015,-1,0,0,0,0,0,0,-25,"keyboard-worker","OK",1783193423201,170857,3029
1697,1783193423337,170994,170993,0,0,-13,0,0,0,77,81,112,120,53,177.39,155,17,1,-1017,-1,0,0,0,0,0,0,-25,"keyboard-worker","OK",1783193423301,170957,3031
1698,1783193423437,171094,171094,0,0,-15,0,0,0,77,81,113,120,53,177.52,155,16,-11,-1016,-1,0,0,0,0,0,0,-25,"keyboard-worker","OK",1783193423401,171057,3033
1699,1783193423536,171193,171193,0,0,-16,0,0,0,77,81,114,130,53,177.59,155,-7,-5,-993,-1,0,0,0,0,0,0,-25,"keyboard-worker","OK",1783193423501,171157,3035
1700,1783193423636,171293,171293,0,0,-17,0,0,0,77,81,115,130,53,177.27,156,28,-13,-962,-1,0,0,0,0,0,0,-25,"keyboard-worker","OK",1783193423601,171258,3037
1701,1783193423739,171396,171395,0,0,-18,0,0,0,77,81,116,130,53,177.24,156,0,-1,-971,-1,0,0,0,0,0,0,-25,"keyboard-worker","OK",1783193423702,171358,3039
1702,1783193423840,171497,171496,0,0,-20,0,0,0,77,81,117,130,53,177.32,156,-21,0,-1014,-1,0,0,0,0,0,0,-25,"keyboard-worker","OK",1783193423802,171458,3041
1703,1783193423944,171601,171600,0,0,-21,0,0,0,77,81,117,130,53,177.51,156,1,-17,-1003,-1,0,0,0,0,0,0,-25,"keyboard-worker","OK",1783193423902,171558,3043
1704,1783193424044,171701,171700,0,0,-22,0,0,0,77,81,117,130,53,177.2,156,14,-13,-981,-1,0,0,0,0,0,0,-25,"keyboard-worker","OK",1783193424002,171659,3045
1705,1783193424147,171804,171803,0,0,-23,0,0,0,77,81,118,130,53,177.61,156,-14,-17,-985,-1,0,0,0,0,0,0,-25,"keyboard-worker","OK",1783193424103,171759,3047
1706,1783193424250,171907,171906,0,0,-25,0,0,0,77,81,117,130,53,177.3,156,7,-16,-982,-1,0,0,0,0,0,0,-25,"keyboard-worker","OK",1783193424204,171861,3049
1707,1783193424353,172010,172010,0,0,-26,0,0,0,77,81,117,130,53,177.62,156,3,-9,-977,-1,0,0,0,0,0,0,-25,"keyboard-worker","OK",1783193424305,171961,3051
1708,1783193424456,172113,172113,0,0,-27,0,0,0,77,81,116,130,53,177.33,156,-12,-12,-996,-1,0,0,0,0,0,0,-25,"keyboard-worker","OK",1783193424456,172112,3054
1709,1783193424559,172216,172216,0,0,-29,0,0,0,77,81,115,130,53,177.35,156,3,4,-964,-1,0,0,0,0,0,0,-25,"keyboard-worker","OK",1783193424557,172213,3056
1710,1783193424663,172320,172319,0,0,-30,0,0,0,77,81,114,130,53,177.63,157,-6,-9,-1045,-1,0,0,0,0,0,0,-25,"keyboard-worker","OK",1783193424658,172314,3058
1711,1783193424766,172423,172422,0,0,-31,0,0,0,77,81,113,130,53,177.31,157,-5,4,-994,-1,0,0,0,0,0,0,-25,"keyboard-worker","OK",1783193424759,172415,3060
1712,1783193424872,172529,172529,0,0,-33,0,0,0,77,81,112,130,53,177.32,157,21,7,-1045,-1,0,0,0,0,0,0,-25,"keyboard-worker","OK",1783193424860,172516,3062
1713,1783193424978,172635,172634,0,0,-35,0,0,0,77,81,112,130,53,177.75,157,24,0,-1046,-1,0,0,0,0,0,0,-25,"keyboard-worker","OK",1783193424961,172617,3064
1714,1783193425081,172738,172737,0,0,-36,0,0,0,78,80,112,120,53,177.75,157,0,5,-1003,-1,0,0,0,0,0,0,-25,"keyboard-worker","OK",1783193425062,172718,3066
1715,1783193425182,172839,172839,0,0,-38,0,0,0,78,80,111,120,53,177.34,157,6,0,-990,-1,0,0,0,0,0,0,-25,"keyboard-worker","OK",1783193425162,172819,3068
1716,1783193425281,172938,172938,0,0,-40,0,0,0,78,80,111,120,53,177.38,157,18,6,-1002,-1,0,0,0,0,0,0,-25,"keyboard-worker","OK",1783193425263,172919,3070
1717,1783193425384,173041,173040,0,0,-41,0,0,0,78,80,111,120,53,177.63,157,17,0,-1011,-1,0,0,0,0,0,0,-25,"keyboard-worker","OK",1783193425364,173020,3072
1718,1783193425487,173144,173143,1,0,-43,0,0,0,78,80,111,120,53,177.13,157,4,-9,-987,-1,0,0,0,0,0,0,-25,"keyboard-worker","OK",1783193425465,173121,3074
1719,1783193425590,173247,173246,1,0,-45,0,0,0,78,80,111,120,53,177.29,157,-4,-10,-1035,-1,0,0,0,0,0,0,-25,"keyboard-worker","OK",1783193425566,173222,3076
1720,1783193425693,173350,173349,1,0,-46,0,0,0,78,80,111,120,53,177.5,158,41,16,-969,-1,0,0,0,0,0,0,-25,"keyboard-worker","OK",1783193425666,173323,3078
1721,1783193425796,173453,173452,0,0,-48,0,0,0,78,80,111,120,53,177.36,158,32,-8,-969,-1,0,0,0,0,0,0,-25,"keyboard-worker","OK",1783193425767,173423,3080
1722,1783193425899,173556,173555,0,0,-50,0,0,0,78,80,112,120,53,177.35,158,5,2,-1005,-1,0,0,0,0,0,0,-25,"keyboard-worker","OK",1783193425868,173524,3082
1723,1783193426002,173659,173658,0,0,-51,0,0,0,78,80,112,130,53,177.42,158,15,-6,-1001,-1,0,0,0,0,0,0,-25,"keyboard-worker","OK",1783193425969,173625,3084
1724,1783193426104,173761,173761,0,0,-53,0,0,0,78,81,112,130,53,177.29,158,-3,-4,-990,-1,0,0,0,0,0,0,-25,"keyboard-worker","OK",1783193426070,173726,3086
1725,1783193426207,173864,173863,0,0,-55,0,0,0,78,81,112,130,53,177.19,158,-6,-12,-999,-1,0,0,0,0,0,0,-25,"keyboard-worker","OK",1783193426171,173827,3088
1726,1783193426316,173973,173972,0,0,-56,0,0,0,78,81,113,130,53,177.51,158,13,-4,-1007,-1,0,0,0,0,0,0,0,"keyboard-worker","OK",1783193426271,173928,3090
1727,1783193426361,174018,174018,0,0,-58,0,0,0,78,81,113,130,53,177.65,158,18,-3,-975,-1,0,0,0,0,0,0,0,"keyboard-worker","OK",1783193426321,173978,3091
1728,1783193426464,174121,174120,0,0,-59,0,0,0,78,81,112,130,53,177.76,158,3,16,-964,-1,0,0,0,0,0,0,0,"keyboard-worker","OK",1783193426422,174078,3093
1729,1783193426567,174224,174223,0,0,-59,0,0,0,78,81,112,130,53,177.57,158,29,-23,-1013,-1,0,0,0,0,0,0,0,"keyboard-worker","OK",1783193426523,174179,3095
1730,1783193426670,174327,174326,0,0,-59,0,0,0,78,81,112,130,53,177.42,159,20,-9,-978,-1,0,0,0,0,0,0,25,"keyboard-worker","OK",1783193426624,174280,3097
1731,1783193426773,174430,174429,0,0,-59,0,0,0,78,81,113,130,53,177.55,159,9,-45,-984,-1,0,0,0,0,0,0,25,"keyboard-worker","OK",1783193426724,174381,3099
1732,1783193426875,174532,174532,0,0,-58,0,0,0,78,81,112,130,53,178.03,159,-26,-47,-1035,-1,0,0,0,0,0,0,25,"keyboard-worker","OK",1783193426875,174531,3102
1733,1783193426978,174635,174634,0,0,-57,0,0,0,78,81,113,130,53,177.04,159,5,-24,-998,-1,0,0,0,0,0,0,25,"keyboard-worker","OK",1783193426976,174632,3104
1734,1783193427081,174738,174737,0,0,-56,0,0,0,78,81,113,130,53,177.75,159,-3,-7,-1021,-1,0,0,0,0,0,0,25,"keyboard-worker","OK",1783193427077,174733,3106
1735,1783193427184,174841,174840,0,0,-55,0,0,0,78,81,113,130,53,177.46,159,-18,-17,-1033,-1,0,0,0,0,0,0,25,"keyboard-worker","OK",1783193427177,174834,3108
1736,1783193427286,174943,174942,0,0,-54,0,0,0,78,81,113,130,53,177.53,159,-1,-16,-1023,-1,0,0,0,0,0,0,25,"keyboard-worker","OK",1783193427278,174934,3110
1737,1783193427402,175059,175059,0,0,-53,0,0,0,78,81,113,130,53,177.58,159,8,59,-976,-1,0,0,0,0,0,0,25,"keyboard-worker","OK",1783193427378,175034,3112
1738,1783193427497,175154,175153,0,0,-52,0,0,0,78,81,114,130,53,177.24,159,-19,-39,-964,-1,0,0,0,0,0,0,25,"keyboard-worker","OK",1783193427479,175135,3114
1739,1783193427621,175278,175278,0,0,-51,0,0,0,78,81,113,130,53,177.36,159,6,-8,-1003,-1,0,0,0,0,0,0,25,"keyboard-worker","OK",1783193427580,175236,3116
1740,1783193427730,175387,175387,0,0,-50,0,0,0,78,81,113,130,53,177.39,160,-17,-28,-1001,-1,0,0,0,0,0,0,25,"keyboard-worker","OK",1783193427680,175337,3118
1741,1783193427844,175501,175500,0,0,-49,0,0,0,78,81,113,130,53,177.49,160,10,19,-1003,-1,0,0,0,0,0,0,25,"keyboard-worker","OK",1783193427831,175488,3121
1742,1783193427924,175581,175580,0,0,-47,0,0,0,78,81,113,130,53,177.66,160,-3,-15,-939,-1,0,0,0,0,0,0,25,"keyboard-worker","OK",1783193427881,175538,3122
1743,1783193428008,175665,175664,0,0,-46,0,0,0,78,81,113,130,53,177.54,160,-29,-5,-1003,-1,0,0,0,0,0,0,25,"keyboard-worker","OK",1783193427982,175638,3124
1744,1783193428111,175768,175767,0,0,-45,0,0,0,77,81,113,130,53,177.67,160,-9,-7,-997,-1,0,0,0,0,0,0,25,"keyboard-worker","OK",1783193428083,175739,3126
1745,1783193428210,175867,175866,0,0,-43,0,0,0,77,81,114,130,53,177.32,160,18,8,-993,-1,0,0,0,0,0,0,25,"keyboard-worker","OK",1783193428183,175840,3128
1746,1783193428312,175969,175969,0,0,-42,0,0,0,77,81,113,130,53,177.57,160,-44,-1,-1009,-1,0,0,0,0,0,0,25,"keyboard-worker","OK",1783193428284,175940,3130
1747,1783193428415,176072,176071,0,0,-40,0,0,0,77,81,113,130,53,177.53,160,7,0,-980,-1,0,0,0,0,0,0,25,"keyboard-worker","OK",1783193428384,176041,3132
1748,1783193428518,176175,176174,0,0,-39,0,0,0,77,81,113,130,53,177.73,160,12,11,-971,-1,0,0,0,0,0,0,25,"keyboard-worker","OK",1783193428485,176141,3134
1749,1783193428620,176277,176276,0,0,-38,0,0,0,77,81,113,130,53,177.49,160,-32,-8,-1010,-1,0,0,0,0,0,0,25,"keyboard-worker","OK",1783193428585,176242,3136
1750,1783193428723,176380,176379,0,0,-36,0,0,0,77,81,113,130,53,177.44,161,41,-2,-986,-1,0,0,0,0,0,0,25,"keyboard-worker","OK",1783193428686,176342,3138
1751,1783193428826,176483,176482,0,0,-35,0,0,0,77,81,113,130,53,177.45,161,-27,-21,-1003,-1,0,0,0,0,0,0,25,"keyboard-worker","OK",1783193428786,176443,3140
1752,1783193428928,176585,176584,0,0,-33,0,0,0,77,81,112,130,53,177.36,161,10,9,-1008,-1,0,0,0,0,0,0,25,"keyboard-worker","OK",1783193428887,176543,3142
1753,1783193429030,176687,176686,0,0,-32,0,0,0,77,81,112,130,53,177.43,161,-10,-8,-1009,-1,0,0,0,0,0,0,25,"keyboard-worker","OK",1783193428988,176644,3144
1754,1783193429133,176790,176789,0,0,-31,0,0,0,79,81,112,130,52,177.39,161,9,7,-1000,-1,0,0,0,0,0,0,25,"keyboard-worker","OK",1783193429088,176745,3146
1755,1783193429239,176896,176895,0,0,-29,0,0,0,79,81,111,130,52,177.2,161,38,2,-990,-1,0,0,0,0,0,0,25,"keyboard-worker","OK",1783193429239,176895,3149
1756,1783193429343,177000,176999,0,0,-28,0,0,0,79,81,111,130,52,177.41,161,13,-10,-952,-1,0,0,0,0,0,0,25,"keyboard-worker","OK",1783193429340,176996,3151
1757,1783193429440,177097,177096,0,0,-27,0,0,0,79,81,111,130,52,177.62,161,16,14,-1039,-1,0,0,0,0,0,0,25,"keyboard-worker","OK",1783193429440,177097,3153
1758,1783193429548,177205,177205,0,0,-25,0,0,0,79,81,110,120,52,177.33,161,26,-12,-1004,-1,0,0,0,0,0,0,25,"keyboard-worker","OK",1783193429541,177197,3155
1759,1783193429645,177302,177301,0,0,-24,0,0,0,79,81,110,120,52,177.57,161,4,-4,-982,-1,0,0,0,0,0,0,25,"keyboard-worker","OK",1783193429642,177298,3157
1760,1783193429747,177404,177403,0,0,-22,0,0,0,79,81,110,120,52,177.43,162,31,1,-1005,-1,0,0,0,0,0,0,25,"keyboard-worker","OK",1783193429742,177398,3159
1761,1783193429850,177507,177506,0,0,-21,0,0,0,79,81,110,120,52,177.36,162,-9,-10,-1006,-1,0,0,0,0,0,0,25,"keyboard-worker","OK",1783193429843,177499,3161
1762,1783193429952,177609,177608,0,0,-19,0,0,0,79,81,110,120,52,177.14,162,9,-20,-984,-1,0,0,0,0,0,0,25,"keyboard-worker","OK",1783193429943,177600,3163
1763,1783193430054,177711,177710,0,0,-18,0,0,0,79,81,110,120,52,177.47,162,22,-11,-992,-1,0,0,0,0,0,0,25,"keyboard-worker","OK",1783193430044,177700,3165
1764,1783193430157,177814,177813,0,0,-16,0,0,0,78,81,110,120,52,177.58,162,6,-13,-1005,-1,0,0,0,0,0,0,0,"keyboard-worker","OK",1783193430145,177801,3167
1765,1783193430259,177916,177915,0,0,-15,0,0,0,78,81,110,120,52,177.47,162,-2,3,-1006,-1,0,0,0,0,0,0,0,"keyboard-worker","OK",1783193430245,177901,3169
1766,1783193430361,178018,178018,0,0,-13,0,0,0,78,81,110,120,52,177.8,162,-21,-21,-1041,-1,0,0,0,0,0,0,0,"keyboard-worker","OK",1783193430346,178002,3171
1767,1783193430464,178121,178120,0,0,-12,0,0,0,78,81,111,120,52,177.52,162,-11,-22,-1017,-1,0,0,0,0,0,0,0,"keyboard-worker","OK",1783193430446,178102,3173
1768,1783193430566,178223,178222,0,1,-12,0,0,0,78,81,110,120,52,177.25,162,-3,-1,-985,-1,0,0,0,0,0,0,0,"keyboard-worker","OK",1783193430546,178203,3175
1769,1783193430617,178274,178273,0,1,-11,0,0,0,78,81,110,130,52,177.66,162,36,-4,-911,-1,0,0,0,0,0,0,0,"keyboard-worker","OK",1783193430597,178253,3176
1770,1783193430719,178376,178375,0,0,-10,0,0,0,78,81,110,130,52,177.35,163,-32,-6,-1061,-1,0,0,0,0,0,0,-25,"keyboard-worker","OK",1783193430697,178354,3178
1771,1783193430822,178479,178478,0,0,-10,0,0,0,78,81,110,130,52,177.3,163,35,-5,-983,-1,0,0,0,0,0,0,-25,"keyboard-worker","OK",1783193430798,178454,3180
1772,1783193430924,178581,178580,0,0,-10,0,0,0,78,81,109,130,52,177.32,163,-18,-11,-1012,-1,0,0,0,0,0,0,-25,"keyboard-worker","OK",1783193430898,178555,3182
1773,1783193431026,178683,178682,0,0,-11,0,0,0,78,81,109,130,52,177.47,163,-17,-6,-979,-1,0,0,0,0,0,0,-25,"keyboard-worker","OK",1783193430999,178655,3184
1774,1783193431129,178786,178785,0,0,-11,0,0,0,78,80,108,120,52,177.43,163,15,-3,-1004,-1,0,0,0,0,0,0,-25,"keyboard-worker","OK",1783193431099,178756,3186
1775,1783193431231,178888,178887,0,0,-12,0,0,0,78,80,108,120,52,177.42,163,-15,1,-1039,-1,0,0,0,0,0,0,-25,"keyboard-worker","OK",1783193431200,178856,3188
1776,1783193431333,178990,178990,0,0,-13,0,0,0,78,80,107,120,52,177.53,163,0,-13,-994,-1,0,0,0,0,0,0,-25,"keyboard-worker","OK",1783193431300,178956,3190
1777,1783193431435,179092,179091,0,0,-13,0,0,0,78,80,106,120,52,177.51,163,-38,-4,-1113,-1,0,0,0,0,0,0,-25,"keyboard-worker","OK",1783193431400,179056,3192
1778,1783193431537,179194,179194,0,0,-14,0,0,0,78,80,106,120,52,177.31,163,-10,5,-1020,-1,0,0,0,0,0,0,-25,"keyboard-worker","OK",1783193431501,179157,3194
1779,1783193431642,179299,179298,0,0,-15,0,0,0,78,80,106,120,52,177.76,163,-38,15,-1072,-1,0,0,0,0,0,0,-25,"keyboard-worker","OK",1783193431601,179257,3196
1780,1783193431751,179408,179407,0,0,-16,0,0,0,78,80,107,120,52,177.74,164,9,-15,-969,-1,0,0,0,0,0,0,-25,"keyboard-worker","OK",1783193431751,179408,3199
1781,1783193431850,179507,179506,0,0,-17,0,0,0,78,80,107,120,52,177.74,164,-6,-10,-1076,-1,0,0,0,0,0,0,-25,"keyboard-worker","OK",1783193431802,179458,3200
1782,1783193431951,179608,179607,0,0,-18,0,0,0,78,80,107,120,52,177.61,164,-8,12,-997,-1,0,0,0,0,0,0,-25,"keyboard-worker","OK",1783193431902,179558,3202
1783,1783193432055,179712,179711,0,0,-19,0,0,0,78,80,108,120,52,177.36,164,4,6,-966,-1,0,0,0,0,0,0,-25,"keyboard-worker","OK",1783193432053,179709,3205
1784,1783193432155,179812,179812,0,0,-21,0,0,0,79,81,108,120,52,177.45,164,12,-2,-1007,-1,0,0,0,0,0,0,-25,"keyboard-worker","OK",1783193432153,179809,3207
1785,1783193432255,179912,179911,0,0,-22,0,0,0,79,81,109,120,52,177.4,164,7,0,-1000,-1,0,0,0,0,0,0,-25,"keyboard-worker","OK",1783193432253,179910,3209
1786,1783193432357,180014,180014,0,0,-23,0,0,0,79,81,110,120,52,177.51,164,22,-7,-962,-1,0,0,0,0,0,0,-25,"keyboard-worker","OK",1783193432354,180010,3211
1787,1783193432458,180115,180115,0,0,-24,0,0,0,79,81,111,120,52,177.39,164,-5,-5,-997,-1,0,0,0,0,0,0,-25,"keyboard-worker","OK",1783193432454,180110,3213
1788,1783193432561,180218,180217,0,0,-25,0,0,0,79,81,112,120,52,177.28,164,-31,-2,-1047,-1,0,0,0,0,0,0,-25,"keyboard-worker","OK",1783193432555,180211,3215
1789,1783193432663,180320,180319,0,0,-26,0,0,0,79,81,114,120,52,177.44,164,-17,-9,-1018,-1,0,0,0,0,0,0,-25,"keyboard-worker","OK",1783193432655,180311,3217
1790,1783193432765,180422,180421,0,0,-27,0,0,0,79,81,114,130,52,177.44,165,1,-4,-937,-1,0,0,0,0,0,0,-25,"keyboard-worker","OK",1783193432755,180411,3219
1791,1783193432867,180524,180524,0,0,-29,0,0,0,79,81,115,130,52,177.44,165,11,0,-924,-1,0,0,0,0,0,0,-25,"keyboard-worker","OK",1783193432856,180512,3221
1792,1783193432969,180626,180625,0,0,-30,0,0,0,79,81,116,130,52,177.61,165,-11,-5,-1021,-1,0,0,0,0,0,0,-25,"keyboard-worker","OK",1783193432956,180612,3223
1793,1783193433071,180728,180728,0,0,-31,0,0,0,79,81,117,130,52,177.58,165,-24,-14,-1020,-1,0,0,0,0,0,0,-25,"keyboard-worker","OK",1783193433056,180713,3225
1794,1783193433173,180830,180830,0,0,-33,0,0,0,78,81,118,130,52,177.33,165,-10,-4,-997,-1,0,0,0,0,0,0,-25,"keyboard-worker","OK",1783193433157,180813,3227
1795,1783193433278,180935,180935,0,0,-34,0,0,0,78,81,119,130,52,177.21,165,10,2,-969,-1,0,0,0,0,0,0,-25,"keyboard-worker","OK",1783193433257,180913,3229
1796,1783193433383,181040,181039,0,0,-35,0,0,0,78,81,120,130,52,177.48,165,10,24,-1015,-1,0,0,0,0,0,0,-25,"keyboard-worker","OK",1783193433357,181013,3231
1797,1783193433482,181139,181139,0,0,-36,0,0,0,78,81,120,130,52,177.49,165,28,-4,-993,-1,0,0,0,0,0,0,-25,"keyboard-worker","OK",1783193433458,181114,3233
1798,1783193433586,181243,181242,0,0,-37,0,0,0,78,81,120,130,52,177.42,165,13,-6,-940,-1,0,0,0,0,0,0,-25,"keyboard-worker","OK",1783193433558,181214,3235
1799,1783193433686,181343,181342,0,0,-39,0,0,0,78,81,120,130,52,177.71,166,16,-19,-989,-1,0,0,0,0,0,0,-25,"keyboard-worker","OK",1783193433658,181315,3237
1800,1783193433787,181444,181443,0,0,-40,0,0,0,78,81,120,130,52,177.86,166,4,-5,-984,-1,0,0,0,0,0,0,0,"keyboard-worker","OK",1783193433759,181415,3239
1801,1783193433889,181546,181545,0,0,-41,0,0,0,78,81,118,130,52,177.49,166,-12,-6,-981,-1,0,0,0,0,0,0,0,"keyboard-worker","OK",1783193433859,181515,3241
1802,1783193433991,181648,181647,0,0,-41,0,0,0,78,81,118,130,52,177.82,166,-19,1,-1009,-1,0,0,0,0,0,0,0,"keyboard-worker","OK",1783193433959,181616,3243
1803,1783193434093,181750,181749,0,0,-42,0,0,0,78,81,117,130,52,177.57,166,-4,-15,-1010,-1,0,0,0,0,-25,0,0,"keyboard-worker","OK",1783193434060,181716,3245
1804,1783193434198,181855,181854,0,0,-42,0,0,0,78,81,116,130,51,177.52,166,5,-2,-1027,-1,0,0,0,0,-25,0,0,"keyboard-worker","OK",1783193434160,181816,3247
1805,1783193434298,181955,181954,0,0,-43,0,0,0,78,81,115,130,51,177.55,166,13,9,-1004,-1,0,0,0,0,-25,0,0,"keyboard-worker","OK",1783193434260,181916,3249
1806,1783193434463,182120,182119,1,0,-43,0,0,0,78,81,114,130,51,177.57,166,0,10,-1006,-1,0,0,0,0,-25,0,0,"keyboard-worker","OK",1783193434461,182117,3253
1807,1783193434506,182163,182162,1,0,-43,0,0,0,78,81,113,130,51,177.38,166,17,-9,-1005,-1,0,0,0,0,-25,0,0,"keyboard-worker","OK",1783193434461,182117,3253
1808,1783193434606,182263,182263,2,0,-43,0,0,0,78,81,113,130,51,177.59,166,-10,9,-1028,-1,0,0,0,0,-25,0,0,"keyboard-worker","OK",1783193434561,182217,3255
1809,1783193434668,182325,182324,2,0,-43,0,1,0,78,81,113,130,51,177.75,167,0,-3,-1030,-1,0,0,0,0,-25,0,0,"keyboard-worker","OK",1783193434661,182317,3257
1810,1783193434768,182425,182424,1,0,-43,-1,1,0,78,81,112,130,51,177.6,167,-8,12,-1037,-1,0,0,0,0,-25,0,0,"keyboard-worker","OK",1783193434762,182418,3259
1811,1783193434865,182522,182522,1,0,-43,-1,1,0,78,81,112,130,51,177.6,167,29,0,-931,-1,0,0,0,0,-25,0,0,"keyboard-worker","OK",1783193434862,182518,3261
1812,1783193434959,182616,182615,1,0,-43,-1,1,0,78,81,111,130,51,177.51,167,-6,-10,-999,-1,0,0,0,0,-25,0,0,"keyboard-worker","OK",1783193434912,182568,3262
1813,1783193435060,182717,182716,1,0,-43,-1,1,0,78,81,111,130,51,177.35,167,-7,-3,-1053,-1,0,0,0,0,-25,0,0,"keyboard-worker","OK",1783193435012,182668,3264
1814,1783193435166,182823,182822,1,0,-43,-1,1,0,79,82,110,130,51,177.56,167,5,9,-1070,-1,0,0,0,0,0,0,0,"keyboard-worker","OK",1783193435163,182819,3267
1815,1783193435263,182920,182920,1,0,-43,-1,1,0,79,82,109,130,51,177.25,167,29,15,-999,-1,0,0,0,0,0,0,0,"keyboard-worker","OK",1783193435263,182919,3269
1816,1783193435366,183023,183022,0,0,-43,-1,1,0,79,82,108,120,51,177.43,167,-6,23,-1004,-1,0,0,0,0,0,0,0,"keyboard-worker","OK",1783193435363,183019,3271
1817,1783193435467,183124,183124,0,0,-43,-1,1,0,79,82,107,120,51,177.37,167,16,-12,-1041,-1,0,0,0,0,0,0,0,"keyboard-worker","OK",1783193435463,183120,3273
1818,1783193435570,183227,183226,0,0,-43,-1,1,0,79,82,106,120,51,177.47,167,17,3,-982,-1,0,0,0,0,0,0,0,"keyboard-worker","OK",1783193435564,183220,3275
1819,1783193435672,183329,183328,0,0,-43,-1,1,0,79,82,105,120,51,177.58,168,20,20,-1001,-1,0,0,0,0,0,0,0,"keyboard-worker","OK",1783193435664,183320,3277
1820,1783193435773,183430,183429,0,0,-43,-1,1,0,79,82,105,120,51,177.12,168,-35,22,-1069,-1,0,0,0,0,0,0,0,"keyboard-worker","OK",1783193435764,183420,3279
1821,1783193435878,183535,183534,-3,0,-43,0,0,0,79,82,104,120,51,176.96,168,19,19,-1016,-1,0,0,0,0,0,0,0,"keyboard-worker","OK",1783193435864,183521,3281
1822,1783193435987,183644,183644,-2,0,-43,0,0,0,79,82,105,120,51,177.26,168,22,18,-988,-1,0,0,0,0,0,0,0,"keyboard-worker","OK",1783193435965,183621,3283
1823,1783193436085,183742,183741,0,0,-43,0,0,0,79,82,105,120,51,177.4,168,17,4,-1045,-1,0,0,0,0,0,0,0,"keyboard-worker","OK",1783193436065,183721,3285
1824,1783193436183,183840,183840,0,0,-43,0,0,0,78,80,106,120,51,177.29,168,15,20,-1033,-1,0,0,0,0,0,0,0,"keyboard-worker","OK",1783193436165,183821,3287
1825,1783193436294,183951,183950,0,0,-43,0,0,0,78,80,106,120,51,177.55,168,13,2,-997,-1,0,0,0,0,0,0,0,"keyboard-worker","OK",1783193436265,183921,3289
1826,1783193436386,184043,184042,0,0,-43,0,0,0,78,80,107,120,51,177.45,168,1,32,-947,-1,0,0,0,0,25,0,0,"keyboard-worker","OK",1783193436365,184022,3291
1827,1783193436487,184144,184143,0,0,-43,0,0,0,78,80,107,120,51,177.5,168,2,18,-1043,-1,0,0,0,0,25,0,0,"keyboard-worker","OK",1783193436466,184122,3293
1828,1783193436591,184248,184247,0,0,-43,0,0,0,78,80,108,120,51,177.41,168,-8,13,-1002,-1,0,0,0,0,25,0,0,"keyboard-worker","OK",1783193436566,184222,3295
1829,1783193436691,184348,184348,-1,0,-43,0,0,0,78,80,109,120,51,177.58,169,18,32,-1029,-1,0,0,0,0,25,0,0,"keyboard-worker","OK",1783193436666,184322,3297
1830,1783193436793,184450,184449,-1,0,-43,0,0,0,78,80,109,120,51,177.56,169,7,-5,-957,-1,0,0,0,0,25,0,0,"keyboard-worker","OK",1783193436766,184422,3299
1831,1783193436895,184552,184551,-1,0,-43,0,0,0,78,80,109,120,51,177.14,169,-21,10,-972,-1,0,0,0,0,0,0,0,"keyboard-worker","OK",1783193436866,184523,3301
1832,1783193436997,184654,184653,0,0,-43,1,0,0,78,80,110,120,51,177.39,169,23,21,-1025,-1,0,0,0,0,0,0,0,"keyboard-worker","OK",1783193436967,184623,3303
1833,1783193437100,184757,184756,0,0,-43,1,0,0,78,80,110,120,51,177.34,169,17,-17,-985,-1,0,0,0,0,0,0,0,"keyboard-worker","OK",1783193437067,184723,3305
1834,1783193437200,184857,184857,0,0,-43,1,0,0,78,80,111,130,51,177.52,169,-24,30,-985,-1,0,0,0,0,0,0,0,"keyboard-worker","OK",1783193437167,184823,3307
1835,1783193437302,184959,184958,0,0,-43,1,0,0,78,80,111,130,51,177.66,169,0,-1,-954,-1,0,0,0,0,0,0,0,"keyboard-worker","OK",1783193437267,184923,3309
1836,1783193437404,185061,185060,0,0,-43,1,0,0,78,80,111,130,51,177.55,169,-22,-2,-1031,-1,0,0,0,0,0,0,0,"keyboard-worker","OK",1783193437367,185024,3311
1837,1783193437506,185163,185162,0,0,-43,0,0,0,78,80,112,130,51,177.8,169,-5,1,-1021,-1,0,0,0,0,0,0,0,"keyboard-worker","OK",1783193437468,185124,3313
1838,1783193437610,185267,185266,3,0,-43,0,0,0,78,80,112,130,51,177.51,169,3,9,-902,-1,0,0,0,0,0,0,0,"keyboard-worker","OK",1783193437568,185224,3315
1839,1783193437713,185370,185369,2,0,-43,0,0,0,78,80,112,130,51,177.8,170,-2,9,-971,-1,0,0,0,0,0,0,0,"keyboard-worker","OK",1783193437668,185324,3317
1840,1783193437816,185473,185472,1,0,-43,0,0,0,78,80,112,130,51,177.57,170,36,-8,-981,-1,0,0,0,0,0,0,0,"keyboard-worker","OK",1783193437768,185424,3319
1841,1783193437918,185575,185574,1,0,-43,0,0,0,78,80,112,130,51,177.13,170,28,11,-995,-1,0,0,0,0,0,0,0,"keyboard-worker","OK",1783193437918,185575,3322
1842,1783193438018,185675,185674,0,0,-43,0,0,0,78,80,113,130,51,177.5,170,25,-2,-1018,-1,0,0,0,0,0,0,0,"keyboard-worker","OK",1783193438018,185675,3324
1843,1783193438117,185774,185773,1,0,-43,0,0,0,78,80,113,130,51,177.56,170,21,-2,-1028,-1,0,0,0,0,0,0,0,"keyboard-worker","OK",1783193438069,185725,3325
1844,1783193438220,185877,185877,1,0,-43,0,0,0,79,80,113,130,51,177.58,170,24,7,-948,-1,0,0,0,0,0,0,0,"keyboard-worker","OK",1783193438219,185875,3328
1845,1783193438321,185978,185977,0,0,-43,0,0,0,79,80,114,130,51,177.65,170,-16,10,-986,-1,0,0,0,0,0,0,0,"keyboard-worker","OK",1783193438319,185975,3330
1846,1783193438423,186080,186079,0,0,-43,0,0,0,79,80,113,130,51,177.59,170,31,1,-1014,-1,0,0,0,0,0,0,0,"keyboard-worker","OK",1783193438419,186075,3332
1847,1783193438525,186182,186181,0,0,-43,0,0,0,79,80,113,130,51,177.33,170,38,-11,-993,-1,0,0,0,0,0,0,0,"keyboard-worker","OK",1783193438519,186176,3334
1848,1783193438627,186284,186283,0,0,-43,0,0,0,79,80,113,130,51,177.89,170,15,18,-976,-1,0,0,0,0,0,0,0,"keyboard-worker","OK",1783193438619,186276,3336
1849,1783193438735,186392,186391,0,0,-43,0,0,0,79,80,113,130,51,177.78,171,-3,32,-990,-1,0,0,0,0,0,0,0,"keyboard-worker","OK",1783193438720,186376,3338
1850,1783193438830,186487,186487,0,0,-43,0,0,0,79,80,113,130,51,177.47,171,37,-6,-1003,-1,0,0,0,0,0,0,0,"keyboard-worker","OK",1783193438820,186476,3340
1851,1783193438882,186539,186538,0,0,-43,0,0,0,79,80,113,130,51,177.28,171,15,-3,-994,-1,0,0,0,0,0,0,0,"keyboard-worker","OK",1783193438870,186526,3341
1852,1783193438983,186640,186639,0,0,-43,0,0,0,79,80,112,130,51,177.43,171,14,-11,-967,-1,0,0,0,0,0,0,0,"keyboard-worker","OK",1783193438970,186626,3343
1853,1783193439085,186742,186741,1,0,-43,0,0,0,79,80,113,130,51,177.51,171,23,8,-992,-1,0,0,0,0,0,0,0,"keyboard-worker","OK",1783193439070,186727,3345
1854,1783193439187,186844,186843,1,0,-43,0,0,0,79,81,112,130,51,177.59,171,25,19,-983,-1,0,0,0,0,0,0,0,"keyboard-worker","OK",1783193439171,186827,3347
1855,1783193439289,186946,186945,1,0,-43,0,0,0,79,81,112,130,51,177.62,171,2,11,-1064,-1,0,0,0,0,0,0,0,"keyboard-worker","OK",1783193439271,186927,3349
1856,1783193439391,187048,187047,1,0,-43,0,0,0,79,81,112,130,51,177.6,171,24,-17,-1003,-1,0,0,0,0,0,0,0,"rc-neutral-land","OK",1783193439321,186977,3351
1857,1783193439493,187150,187149,1,0,-43,0,0,0,79,81,112,130,51,177.6,171,17,-4,-972,-1,0,0,0,0,0,0,0,"rc-neutral-land","OK",1783193439321,186977,3351
1858,1783193439594,187251,187251,1,0,-43,0,0,0,79,81,111,130,51,177.48,171,40,-16,-963,-1,0,0,0,0,0,0,0,"rc-neutral-land","OK",1783193439321,186977,3351
1859,1783193439696,187353,187352,1,0,-43,0,0,0,79,81,111,130,51,177.15,172,55,-8,-952,-1,0,0,0,0,0,0,0,"rc-neutral-land","OK",1783193439321,186977,3351
1860,1783193439798,187455,187454,1,0,-43,0,0,0,79,81,111,120,51,177.54,172,9,21,-989,-1,0,0,0,0,0,0,0,"rc-neutral-land","OK",1783193439321,186977,3351
1861,1783193439900,187557,187556,1,0,-43,0,0,0,79,81,110,120,51,177.66,172,-7,8,-960,-1,0,0,0,0,0,0,0,"rc-neutral-land","OK",1783193439321,186977,3351
1862,1783193440003,187660,187659,1,0,-43,0,0,1,79,81,110,120,51,177.41,172,18,-8,-955,-1,0,0,0,0,0,0,0,"rc-neutral-land","OK",1783193439321,186977,3351
1863,1783193440107,187764,187763,1,0,-43,0,0,1,79,81,109,120,51,177.67,172,33,-6,-867,-1,0,0,0,0,0,0,0,"rc-neutral-land","OK",1783193439321,186977,3351
1864,1783193440208,187865,187865,0,0,-43,0,0,2,78,80,107,120,51,177.41,172,-24,-9,-972,-1,0,0,0,0,0,0,0,"rc-neutral-land","OK",1783193439321,186977,3351
1865,1783193440312,187969,187968,0,0,-43,0,0,2,78,80,105,120,51,177.52,172,11,17,-937,-1,0,0,0,0,0,0,0,"rc-neutral-land","OK",1783193439321,186977,3351
1866,1783193440422,188079,188078,0,0,-43,0,0,3,78,80,101,120,51,177.24,172,7,18,-844,-1,0,0,0,0,0,0,0,"rc-neutral-land","OK",1783193439321,186977,3351
1867,1783193440514,188171,188170,0,0,-44,0,0,5,78,80,96,110,51,177.12,172,33,-16,-950,-1,0,0,0,0,0,0,0,"rc-neutral-land","OK",1783193439321,186977,3351
1868,1783193440618,188275,188274,0,0,-44,0,0,5,78,80,91,110,51,177.13,172,37,0,-967,-1,0,0,0,0,0,0,0,"rc-neutral-land","OK",1783193439321,186977,3351
1869,1783193440716,188373,188372,0,0,-44,0,0,6,78,80,85,100,51,176.83,173,-13,48,-1026,-1,0,0,0,0,0,0,0,"rc-neutral-land","OK",1783193439321,186977,3351
1870,1783193440818,188475,188474,0,0,-44,0,0,6,78,80,79,90,51,176.86,173,12,-39,-1006,-1,0,0,0,0,0,0,0,"rc-neutral-land","OK",1783193439321,186977,3351
1871,1783193440920,188577,188576,0,0,-44,0,0,5,78,80,74,90,51,177.12,173,-25,-8,-1006,-1,0,0,0,0,0,0,0,"rc-neutral-land","OK",1783193439321,186977,3351
1872,1783193441021,188678,188678,0,0,-44,0,0,5,78,80,68,80,51,177.42,173,4,6,-1058,-1,0,0,0,0,0,0,0,"rc-neutral-land","OK",1783193439321,186977,3351
1873,1783193441123,188780,188779,0,0,-44,0,0,5,78,80,62,80,51,177.11,173,-10,-37,-1016,-1,0,0,0,0,0,0,0,"rc-neutral-land","OK",1783193439321,186977,3351
1874,1783193441225,188882,188881,0,0,-44,0,0,5,78,81,56,70,51,177.17,173,20,-18,-1019,-1,0,0,0,0,0,0,0,"rc-neutral-land","OK",1783193439321,186977,3351
1875,1783193441327,188984,188983,0,0,-44,0,0,5,78,81,51,70,51,177.11,173,28,15,-1007,-1,0,0,0,0,0,0,0,"rc-neutral-land","OK",1783193439321,186977,3351
1876,1783193441431,189088,189087,0,0,-44,0,0,4,78,81,46,60,51,177.21,173,11,-9,-1005,-1,0,0,0,0,0,0,0,"rc-neutral-land","OK",1783193439321,186977,3351
1877,1783193441531,189188,189187,0,0,-44,0,0,4,78,81,41,60,51,176.83,173,30,8,-998,-1,0,0,0,0,0,0,0,"rc-neutral-land","OK",1783193439321,186977,3351
1878,1783193441632,189289,189288,0,0,-44,0,0,4,78,81,37,50,51,176.94,173,18,2,-1046,-1,0,0,0,0,0,0,0,"rc-neutral-land","OK",1783193439321,186977,3351
1879,1783193441734,189391,189390,0,0,-44,0,0,4,78,81,36,50,51,176.83,174,12,26,-1055,-1,0,0,0,0,0,0,0,"rc-neutral-land","OK",1783193439321,186977,3351
1880,1783193441836,189493,189492,1,0,-44,0,0,4,78,81,31,40,51,177.02,174,20,8,-1007,-1,0,0,0,0,0,0,0,"rc-neutral-land","OK",1783193439321,186977,3351
1881,1783193441937,189594,189594,0,0,-44,0,0,4,78,81,26,40,51,176.57,174,14,-34,-984,-1,0,0,0,0,0,0,0,"rc-neutral-land","OK",1783193439321,186977,3351
1882,1783193442045,189702,189701,0,0,-43,0,0,4,78,81,21,30,51,176.44,174,11,0,-1040,-1,0,0,0,0,0,0,0,"rc-neutral-land","OK",1783193439321,186977,3351
1883,1783193442145,189802,189802,1,0,-43,0,0,4,78,81,16,30,51,176.13,174,15,-14,-1050,-1,0,0,0,0,0,0,0,"rc-neutral-land","OK",1783193439321,186977,3351
1884,1783193442245,189902,189901,0,0,-43,0,0,4,78,81,10,20,51,175.24,174,-26,-44,-1030,-1,0,0,0,0,0,0,0,"rc-neutral-land","OK",1783193439321,186977,3351
1885,1783193442346,190003,190002,0,1,-43,0,0,3,78,81,10,20,51,173.22,174,11,8,-1116,-1,0,0,0,0,0,0,0,"rc-neutral-land","OK",1783193439321,186977,3351
1886,1783193442446,190103,190103,0,-1,-43,0,0,2,78,81,10,20,51,173.81,174,7,-23,-1154,-1,0,0,0,0,0,0,0,"rc-neutral-land","OK",1783193439321,186977,3351
1887,1783193442548,190205,190204,-2,4,-44,0,0,-1,78,81,10,20,51,174.69,174,10,-10,-745,-1,0,0,0,0,0,0,0,"rc-neutral-land","OK",1783193439321,186977,3351
1888,1783193442650,190307,190306,0,0,-43,0,0,0,78,81,10,20,51,173.6,174,35,59,-775,-1,0,0,0,0,0,0,0,"rc-neutral-land","OK",1783193439321,186977,3351
1889,1783193442705,190362,190361,0,1,-41,0,0,0,78,81,10,20,51,174.06,175,-101,-59,-1393,-1,0,0,0,0,0,0,0,"rc-neutral-land","OK",1783193439321,186977,3351
1890,1783193442809,190466,190465,0,0,-40,0,0,0,78,81,10,20,51,174.35,175,-12,-4,-971,-1,0,0,0,0,0,0,0,"rc-neutral-land","OK",1783193439321,186977,3351
1891,1783193442906,190563,190562,0,0,-40,0,0,0,78,81,10,20,51,175.37,175,0,4,-995,-1,0,0,0,0,0,0,0,"rc-neutral-land","OK",1783193439321,186977,3351
1892,1783193443007,190664,190663,0,0,-40,0,0,0,78,81,10,20,51,175.92,175,2,-3,-1000,-1,0,0,0,0,0,0,0,"rc-neutral-land","OK",1783193439321,186977,3351
1893,1783193443109,190766,190765,0,0,-40,0,0,0,78,81,10,20,51,175.57,175,11,0,-1000,-1,0,0,0,0,0,0,0,"rc-neutral-land","OK",1783193439321,186977,3351
1894,1783193443210,190867,190867,0,0,-40,-1,0,0,79,81,10,20,51,176.03,175,-7,9,-996,-1,0,0,0,0,0,0,0,"rc-neutral-land","OK",1783193439321,186977,3351
1895,1783193443312,190969,190968,0,0,-40,-1,0,0,79,81,10,20,51,175.68,175,-5,7,-1000,-1,0,0,0,0,0,0,0,"rc-neutral-land","OK",1783193439321,186977,3351
1896,1783193443414,191071,191070,0,0,-40,-1,0,0,79,81,10,20,51,175.68,175,7,13,-1000,-1,0,0,0,0,0,0,0,"rc-neutral-land","OK",1783193439321,186977,3351
1897,1783193443516,191173,191172,0,0,-40,-1,0,0,79,81,10,20,51,175.32,175,0,4,-1003,-1,0,0,0,0,0,0,0,"rc-neutral-land","OK",1783193439321,186977,3351
1898,1783193443617,191274,191273,0,0,-40,-1,0,0,79,81,10,20,51,176.04,175,6,5,-996,-1,0,0,0,0,0,0,0,"rc-neutral-land","OK",1783193439321,186977,3351
1899,1783193443719,191376,191375,0,0,-40,-1,0,0,79,81,10,20,51,175.74,176,6,1,-1000,-1,0,0,0,0,0,0,0,"rc-neutral-land","OK",1783193439321,186977,3351
1900,1783193443821,191478,191477,0,0,-40,-1,0,0,79,81,10,20,51,175.99,176,2,7,-994,-1,0,0,0,0,0,0,0,"rc-neutral-land","OK",1783193439321,186977,3351
1901,1783193443922,191579,191579,0,0,-41,-1,0,0,79,81,10,20,51,175.85,176,-5,8,-997,-1,0,0,0,0,0,0,0,"rc-neutral-land","OK",1783193439321,186977,3351
1902,1783193444031,191688,191687,0,0,-41,-1,0,0,79,81,10,20,51,175.82,176,-7,1,-1001,-1,0,0,0,0,0,0,0,"rc-neutral-land","OK",1783193439321,186977,3351
1903,1783193444126,191783,191782,0,0,-41,-1,0,0,79,81,10,30,50,175.72,176,11,-2,-1002,-1,0,0,0,0,0,0,0,"rc-neutral-land","OK",1783193439321,186977,3351
1904,1783193444232,191889,191888,0,0,-41,-1,0,0,78,81,10,30,50,176.28,176,-13,10,-1003,-1,0,0,0,0,0,0,0,"rc-neutral-land","OK",1783193439321,186977,3351
1905,1783193444335,191992,191991,0,0,-41,0,0,0,78,81,10,20,50,175.64,176,-23,5,-992,-1,0,0,0,0,0,0,0,"rc-neutral-land","OK",1783193439321,186977,3351
1906,1783193444431,192088,192087,0,0,-41,0,0,0,78,81,10,20,50,175.49,176,0,0,-1000,-1,0,0,0,0,0,0,0,"rc-neutral-land","OK",1783193439321,186977,3351
1907,1783193444537,192194,192194,0,0,-41,0,0,1,78,81,10,0,50,176.1,176,-2,10,-999,-1,0,0,0,0,0,0,0,"rc-neutral-land","OK",1783193439321,186977,3351
1908,1783193444638,192295,192294,0,0,-41,0,0,3,78,81,10,0,50,176.02,176,2,11,-998,-1,0,0,0,0,0,0,0,"rc-neutral-land","OK",1783193439321,186977,3351
1909,1783193444736,192393,192392,0,0,-41,0,0,3,78,81,10,0,50,176.42,176,3,7,-986,-1,0,0,0,0,0,0,0,"rc-neutral-land","OK",1783193439321,186977,3351
1910,1783193444838,192495,192494,0,0,-41,0,0,3,78,81,10,0,50,176.11,176,2,7,-992,-1,0,0,0,0,0,0,0,"rc-neutral-land","OK",1783193439321,186977,3351
1911,1783193444939,192596,192596,0,0,-41,0,0,3,78,81,10,0,50,176.57,176,2,6,-991,-1,0,0,0,0,0,0,0,"rc-neutral-land","OK",1783193439321,186977,3351
1912,1783193445043,192700,192699,0,0,-41,0,0,0,78,81,10,0,50,176.45,176,0,8,-993,-1,0,0,0,0,0,0,0,"rc-neutral-land","OK",1783193439321,186977,3351
1913,1783193445143,192800,192799,0,0,-41,0,0,0,78,81,10,0,50,176.45,176,9,13,-993,-1,0,0,0,0,0,0,0,"rc-neutral-land","OK",1783193439321,186977,3351
1914,1783193445245,192902,192901,0,0,-41,0,0,0,78,81,10,0,50,176.04,176,2,7,-993,-1,0,0,0,0,0,0,0,"rc-neutral-land","OK",1783193439321,186977,3351
1915,1783193445347,193004,193003,0,0,-41,0,0,0,78,81,10,0,50,176.35,176,2,6,-991,-1,0,0,0,0,0,0,0,"rc-neutral-land","OK",1783193439321,186977,3351
1916,1783193445449,193106,193105,0,0,-41,0,0,0,78,81,10,0,50,176.44,176,1,11,-997,-1,0,0,0,0,0,0,0,"rc-neutral-land","OK",1783193439321,186977,3351
1917,1783193445551,193208,193207,0,0,-41,0,0,0,78,81,10,0,50,176.12,176,2,8,-995,-1,0,0,0,0,0,0,0,"rc-neutral-land","OK",1783193439321,186977,3351
1918,1783193445656,193313,193312,0,0,-40,0,0,0,78,81,10,0,50,176.39,176,2,8,-994,-1,0,0,0,0,0,0,0,"rc-neutral-land","OK",1783193439321,186977,3351
1919,1783193445753,193410,193409,0,0,-40,0,0,0,78,81,10,0,50,176.6,176,3,10,-995,-1,0,0,0,0,0,0,0,"rc-neutral-land","OK",1783193439321,186977,3351
1920,1783193445859,193516,193515,0,0,-40,0,0,0,78,81,10,0,50,176.35,176,5,9,-994,-1,0,0,0,0,0,0,0,"rc-neutral-land","OK",1783193439321,186977,3351
1921,1783193445962,193619,193618,0,0,-40,0,0,0,78,81,10,0,50,176.28,176,2,8,-995,-1,0,0,0,0,0,0,0,"rc-neutral-land","OK",1783193439321,186977,3351
1922,1783193446009,193666,193665,0,0,-39,0,0,0,78,81,10,0,50,176.52,176,4,10,-994,-1,0,0,0,0,0,0,0,"rc-neutral-land","OK",1783193439321,186977,3351
1923,1783193446110,193767,193766,0,0,-39,0,0,0,78,81,10,0,50,176.72,176,3,9,-995,-1,0,0,0,0,0,0,0,"rc-neutral-land","OK",1783193439321,186977,3351
1924,1783193446212,193869,193868,0,0,-39,0,0,0,78,81,10,0,50,176.31,176,3,10,-996,-1,0,0,0,0,0,0,0,"rc-neutral-land","OK",1783193439321,186977,3351
1925,1783193446313,193970,193970,0,0,-39,0,0,0,78,81,10,0,50,176.31,176,1,9,-995,-1,0,0,0,0,0,0,0,"rc-neutral-land","OK",1783193439321,186977,3351
1926,1783193446416,194073,194072,0,0,-38,0,0,0,78,81,10,0,50,176.3,176,2,10,-995,-1,0,0,0,0,0,0,0,"rc-neutral-land","OK",1783193439321,186977,3351
1927,1783193446517,194174,194173,0,0,-38,0,0,0,78,81,10,0,50,176.27,176,1,9,-995,-1,0,0,0,0,0,0,0,"rc-neutral-land","OK",1783193439321,186977,3351
1928,1783193446620,194277,194277,0,0,-38,0,0,0,78,81,10,0,50,176.28,176,3,10,-995,-1,0,0,0,0,0,0,0,"rc-neutral-land","OK",1783193439321,186977,3351
1929,1783193446724,194381,194380,0,0,-37,0,0,0,78,81,10,0,50,176.25,176,3,10,-993,-1,0,0,0,0,0,0,0,"rc-neutral-land","OK",1783193439321,186977,3351
1930,1783193446826,194483,194482,0,0,-37,0,0,0,78,81,10,0,50,176.36,176,3,8,-996,-1,0,0,0,0,0,0,0,"rc-neutral-land","OK",1783193439321,186977,3351
1931,1783193446928,194585,194584,0,0,-37,0,0,0,78,81,10,0,50,176.2,176,2,10,-997,-1,0,0,0,0,0,0,0,"rc-neutral-land","OK",1783193439321,186977,3351
1932,1783193447026,194683,194683,0,0,-37,0,0,0,78,81,10,0,50,176.09,176,3,11,-995,-1,0,0,0,0,0,0,0,"rc-neutral-land","OK",1783193439321,186977,3351
1933,1783193447127,194784,194783,0,0,-36,0,0,0,78,81,10,0,50,176.56,176,3,8,-994,-1,0,0,0,0,0,0,0,"rc-neutral-land","OK",1783193439321,186977,3351
1934,1783193447228,194885,194885,0,0,-36,0,0,0,79,81,10,0,50,176.18,176,4,9,-995,-1,0,0,0,0,0,0,0,"rc-neutral-land","OK",1783193439321,186977,3351
1935,1783193447330,194987,194986,0,0,-36,0,0,0,79,81,10,0,50,176.34,176,3,9,-997,-1,0,0,0,0,0,0,0,"rc-neutral-land","OK",1783193439321,186977,3351
1936,1783193447435,195092,195091,0,0,-36,0,0,0,79,81,10,0,50,176.03,176,3,10,-996,-1,0,0,0,0,0,0,0,"rc-neutral-land","OK",1783193439321,186977,3351
1937,1783193447533,195190,195190,0,0,-35,0,0,0,79,81,10,0,50,176.26,176,2,11,-996,-1,0,0,0,0,0,0,0,"rc-neutral-land","OK",1783193439321,186977,3351
1938,1783193447635,195292,195291,0,0,-35,0,0,0,79,81,10,0,50,176.2,176,3,10,-995,-1,0,0,0,0,0,0,0,"rc-neutral-land","OK",1783193439321,186977,3351
1939,1783193447737,195394,195393,0,0,-35,0,0,0,79,81,10,0,50,176.09,176,4,9,-996,-1,0,0,0,0,0,0,0,"rc-neutral-land","OK",1783193439321,186977,3351
1940,1783193447839,195496,195495,0,0,-35,0,0,0,79,81,10,0,50,176.41,176,2,11,-995,-1,0,0,0,0,0,0,0,"rc-neutral-land","OK",1783193439321,186977,3351
1941,1783193447940,195597,195596,0,0,-35,0,0,0,79,81,10,0,50,176.55,176,3,9,-999,-1,0,0,0,0,0,0,0,"rc-neutral-land","OK",1783193439321,186977,3351
1942,1783193448042,195699,195698,0,0,-34,0,0,0,79,81,10,0,50,176.09,176,3,8,-994,-1,0,0,0,0,0,0,0,"rc-neutral-land","OK",1783193439321,186977,3351
1943,1783193448143,195800,195800,0,0,-34,0,0,0,79,81,10,0,50,176.17,176,4,11,-994,-1,0,0,0,0,0,0,0,"rc-neutral-land","OK",1783193439321,186977,3351
1944,1783193448245,195902,195901,0,0,-34,0,0,0,79,82,10,0,50,176.54,176,4,10,-998,-1,0,0,0,0,0,0,0,"rc-neutral-land","OK",1783193439321,186977,3351
1945,1783193448350,196007,196007,0,0,-34,0,0,0,79,82,10,0,50,176.35,176,4,11,-997,-1,0,0,0,0,0,0,0,"rc-neutral-land","OK",1783193439321,186977,3351
1946,1783193448451,196108,196108,0,0,-34,0,0,0,79,82,10,0,50,176.25,176,3,10,-997,-1,0,0,0,0,0,0,0,"rc-neutral-land","OK",1783193439321,186977,3351
