test_id,scenario,notes,run_mode,elapsed_ms,attempt,command_samples,command_successes,command_failures,command_latency_ms_avg,command_latency_ms_min,command_latency_ms_max,last_command_latency_ms,last_command_elapsed_ms,last_command_age_ms,command_attempt_count,command_retry_count,command_timeout_count,command_client_total_ms,command_ensure_sdk_ms,command_executor_total_ms,command_send_ms,command_recv_wait_ms,command_parse_ms,command_executor_recv_wait_total_ms,command_executor_internal_total_ms,command_recovery_ms,command_executor_calls,command_recovery_count,last_command,last_response,last_command_result,command_source,command_executor_last_error,command_executor_attempt_log,command_internal_attempt_log,telemetry_packets_total,telemetry_packets_valid,telemetry_packets_invalid,telemetry_timeouts,telemetry_errors,telemetry_hz_instant,telemetry_hz_ema,telemetry_age_ms,telemetry_interarrival_ms,telemetry_max_interarrival_ms,telemetry_last_gap_ms,telemetry_last_gap_sequence,telemetry_gap_events_300ms,telemetry_gap_events_500ms,telemetry_gap_events_1000ms,telemetry_quality,telemetry_quality_score,telemetry_state_available,telemetry_h,telemetry_tof,telemetry_baro,telemetry_vgz,telemetry_bat,telemetry_templ,telemetry_temph,video_packets_total,video_bytes_total,video_timeouts,video_errors,video_pps_instant,video_pps_ema,video_age_ms,video_packet_delta,video_interarrival_ms,video_max_interarrival_ms,video_last_gap_ms,video_last_gap_sequence,video_gap_events_300ms,video_gap_events_500ms,video_gap_events_1000ms,video_quality,video_quality_score,link_quality,link_quality_score,link_safe_for_nonzero_rc,link_quality_reason,link_telemetry_quality,link_video_quality,link_command_quality,link_rc_quality,rc_packet_gap_ms,rc_expected_period_ms,rc_blackout_count,rc_last_nonzero_age_ms,rc_safety_override_active,nal_packets_in,nal_bytes_in,nal_units,nal_sps,nal_pps,nal_idr,nal_non_idr,nal_other,nal_decode_gated,nal_resyncs,nal_buffered_bytes,decoder_nals_in,decoder_packets_sent,decoder_frames_decoded,decoder_errors,decoder_fps_ema,frame_width,frame_height,keyframes,paused,overlay_enabled,recovery_attempted,recovery_result,recovery_hard,recovery_stage,recovery_command_channel_available,event,log_timestamp,log_message,connection_state,last_outage_failures,plot_metric,state_sequence_delta,state_receiver_running,rc_stream_active,rc_left_right,rc_forward_back,rc_up_down,rc_yaw,keepalive_running,auto_refresh_active,critical_command_active,pause_keepalive_ms,neutral_rc_ms,critical_command_ms,gui_vision_tick_delay_ms,gui_state_tick_delay_ms,vision_refresh_duration_ms,state_refresh_duration_ms,frame_convert_ms,frame_scale_ms,plot_paint_ms,vision_frame_mutex_wait_ms,state_history_fetch_ms,command_mutex_wait_ms,ui_frames_converted,ui_frames_dropped,ui_frames_displayed,plot_samples_displayed,keepalive_tick_total,keepalive_success_total,keepalive_failure_total,keepalive_skipped_busy_total,keepalive_skipped_uninitialized_total,keepalive_last_command,keepalive_last_response,keepalive_last_result,keepalive_last_latency_ms,keepalive_last_success_age_ms,keepalive_last_tick_age_ms
,gui,,CONTROL_PANEL,0,1,0,0,0,0,0,0,0,-1,-1,0,0,0,0,0,0,0,0,0,0,0,0,0,0,,,ERROR,,,,,35,35,0,0,0,9.72677,9.94093,2,102,104,0,0,0,0,0,OK,100,1,0,10,109.17,0,75,63,66,0,0,0,0,0,0,-1,0,-1,0,0,0,0,0,0,NO_DATA,0,OK,100,1,telemetry=OK; command=OK,OK,NO_DATA,OK,NO_DATA,-1,50,0,-1,0,0,0,0,0,0,0,0,0,0,0,0,0,0,0,0,0,0,0,0,0,0,0,OK,0,,0,log,2026-07-06T19:02:32.658,recording started | gui_csv=ON | state_recording=ON,CONNECTED,0,pitch,0,1,0,0,0,0,0,1,0,0,0,0,0,124,249,0,0,0,0,0,0,0,0,0,0,0,34,0,0,0,0,0,battery?,,ERROR,0,-1,-1
,gui,,CONTROL_PANEL,0,2,0,0,0,0,0,0,0,-1,-1,0,0,0,0,0,0,0,0,0,0,0,0,0,0,,,ERROR,,,,,35,35,0,0,0,9.72677,9.94093,2,102,104,0,0,0,0,0,OK,100,1,0,10,109.17,0,75,63,66,0,0,0,0,0,0,-1,0,-1,0,0,0,0,0,0,NO_DATA,0,OK,100,1,telemetry=OK; command=OK,OK,NO_DATA,OK,NO_DATA,-1,50,0,-1,0,0,0,0,0,0,0,0,0,0,0,0,0,0,0,0,0,0,0,0,0,0,0,OK,0,,0,logging:start,,,CONNECTED,0,pitch,0,1,0,0,0,0,0,1,0,0,0,0,0,124,249,0,0,0,0,0,0,0,0,0,0,0,34,0,0,0,0,0,battery?,,ERROR,0,-1,-1
,gui,,CONTROL_PANEL,482,3,0,0,0,0,0,0,0,-1,-1,0,0,0,0,0,0,0,0,0,0,0,0,0,0,,,ERROR,,,,,39,39,0,0,0,9.75033,9.81701,73,102,104,0,0,0,0,0,OK,100,1,0,10,109.19,0,75,63,66,0,0,0,0,0,0,-1,0,-1,0,0,0,0,0,0,NO_DATA,0,OK,100,1,telemetry=OK; command=OK,OK,NO_DATA,OK,NO_DATA,-1,50,0,-1,0,0,0,0,0,0,0,0,0,0,0,0,0,0,0,0,0,0,0,0,0,0,0,OK,0,,0,log,2026-07-06T19:02:33.133,panel switched to Operation,CONNECTED,0,pitch,0,1,0,0,0,0,0,1,0,0,0,0,0,124,250,0,0,0,0,0,0,0,0,0,0,0,39,0,0,0,0,0,battery?,,ERROR,0,-1,-1
,gui,,CONTROL_PANEL,3524,4,0,0,0,0,0,0,0,-1,-1,0,0,0,0,0,0,0,0,0,0,0,0,0,0,,,ERROR,,,,,69,69,0,0,0,9.79403,9.85695,93,102,106,0,0,0,0,0,OK,100,1,0,10,109.02,0,75,65,66,0,0,0,0,0,0,-1,0,-1,0,0,0,0,0,0,NO_DATA,0,OK,100,1,telemetry=OK; command=OK,OK,NO_DATA,OK,NO_DATA,-1,50,0,-1,0,0,0,0,0,0,0,0,0,0,0,0,0,0,0,0,0,0,0,0,0,0,0,OK,0,,0,log,2026-07-06T19:02:36.182,streamon (vision) queued on command worker,CONNECTED,0,pitch,1,1,0,0,0,0,0,1,0,0,0,0,0,124,249,0,0,0,0,0,0,0,0,0,0,0,68,1,1,0,0,0,battery?,75,OK,4,2037,2037
,gui,,CONTROL_PANEL,3536,5,0,0,0,0,0,0,0,-1,-1,0,0,0,0,0,0,0,0,0,0,0,0,0,0,,,ERROR,,,,,70,70,0,0,0,9.58217,9.802,1,104,106,0,0,0,0,0,OK,100,1,0,10,109.4,0,75,64,67,0,0,0,0,0,0,-1,0,-1,0,0,0,0,0,0,NO_DATA,0,OK,100,1,telemetry=OK; command=OK,OK,NO_DATA,OK,NO_DATA,-1,50,0,-1,0,0,0,0,0,0,0,0,0,0,0,0,0,0,0,0,0,0,0,0,0,0,0,OK,0,,0,log,2026-07-06T19:02:36.193,"streamon (vision) => OK | response=""ok"" | state=CONNECTED",CONNECTED,0,pitch,1,1,0,0,0,0,0,1,0,0,0,0,0,124,249,0,0,0,0,0,0,0,0,0,0,0,68,1,1,0,0,0,battery?,75,OK,4,2049,2049
,gui,,CONTROL_PANEL,3536,6,1,1,0,11,11,11,11,3536,0,1,0,0,11,0,11,0,11,0,11,11,0,1,0,streamon,ok,OK,vision,,attempt=1|send=OK|raw=ok|parsed=OK,executor_call=1|command=streamon|result=OK|response=ok|elapsed_ms=11|timing_total_ms=11|recv_wait_ms=11|attempt_log=[attempt=1|send=OK|raw=ok|parsed=OK],70,70,0,0,0,9.58217,9.802,1,104,106,0,0,0,0,0,OK,100,1,0,10,109.4,0,75,64,67,0,0,0,0,0,0,-1,0,-1,0,0,0,0,0,0,NO_DATA,0,OK,100,1,telemetry=OK; command=OK,OK,NO_DATA,OK,NO_DATA,-1,50,0,-1,0,0,0,0,0,0,0,0,0,0,0,0,0,0,0,0,0,0,0,0,0,0,0,OK,0,,0,command:vision,,,CONNECTED,0,pitch,0,1,0,0,0,0,0,1,0,0,0,0,0,124,249,0,0,0,0,0,0,0,0,0,0,0,68,1,1,0,0,0,battery?,75,OK,4,2049,2049
,gui,,CONTROL_PANEL,3538,7,1,1,0,11,11,11,11,3536,2,1,0,0,11,0,11,0,11,0,11,11,0,1,0,streamon,ok,OK,vision,,attempt=1|send=OK|raw=ok|parsed=OK,executor_call=1|command=streamon|result=OK|response=ok|elapsed_ms=11|timing_total_ms=11|recv_wait_ms=11|attempt_log=[attempt=1|send=OK|raw=ok|parsed=OK],70,70,0,0,0,9.58217,9.802,3,104,106,0,0,0,0,0,OK,100,1,0,10,109.4,0,75,64,67,0,0,0,0,0,0,-1,0,-1,0,0,0,0,0,0,NO_DATA,0,OK,100,1,telemetry=OK; command=OK,OK,NO_DATA,OK,NO_DATA,-1,50,0,-1,0,0,0,0,0,0,0,0,0,0,0,0,0,0,0,0,0,0,0,0,0,0,0,OK,0,,0,log,2026-07-06T19:02:36.194,vision pipeline started (FFmpeg stream backend),CONNECTED,0,pitch,0,1,0,0,0,0,0,1,0,0,0,0,0,124,249,0,0,0,0,0,0,0,0,0,0,0,68,1,1,0,0,0,battery?,75,OK,4,2051,2051
,gui,,CONTROL_PANEL,3646,8,1,1,0,11,11,11,11,3536,110,1,0,0,11,0,11,0,11,0,11,11,0,1,0,streamon,ok,OK,vision,,attempt=1|send=OK|raw=ok|parsed=OK,executor_call=1|command=streamon|result=OK|response=ok|elapsed_ms=11|timing_total_ms=11|recv_wait_ms=11|attempt_log=[attempt=1|send=OK|raw=ok|parsed=OK],70,70,0,0,0,9.58217,9.802,111,104,106,0,0,0,0,0,OK,100,1,0,10,109.4,0,75,64,67,0,0,0,0,0,0,-1,0,-1,0,0,0,0,0,0,NO_DATA,0,OK,100,1,telemetry=OK; command=OK,OK,NO_DATA,OK,NO_DATA,-1,50,0,-1,0,0,0,0,0,0,0,0,0,0,0,0,0,0,0,0,0,0,0,0,0,1,0,OK,0,,0,vision:ffmpeg_stream,,,CONNECTED,0,pitch,0,1,0,0,0,0,0,1,0,0,0,0,0,124,249,0,0,0,0,0,0,0,0,0,0,0,68,1,1,0,0,0,battery?,75,OK,4,2159,2159
,gui,,CONTROL_PANEL,4647,9,1,1,0,11,11,11,11,3536,1111,1,0,0,11,0,11,0,11,0,11,11,0,1,0,streamon,ok,OK,vision,,attempt=1|send=OK|raw=ok|parsed=OK,executor_call=1|command=streamon|result=OK|response=ok|elapsed_ms=11|timing_total_ms=11|recv_wait_ms=11|attempt_log=[attempt=1|send=OK|raw=ok|parsed=OK],81,81,0,0,0,9.65981,10.6663,17,103,170,0,0,0,0,0,OK,100,1,0,10,109.33,0,75,65,66,29,302032,0,0,0,98.1886,8,29,-1,0,0,0,0,0,0,OK,100,OK,100,1,telemetry=OK; video=OK; command=OK,OK,OK,OK,NO_DATA,-1,50,0,-1,0,29,302032,14,0,0,0,0,0,0,0,0,0,0,14,15,98.1886,960,720,0,0,1,0,OK,0,,0,vision:ffmpeg_stream,,,CONNECTED,0,pitch,3,1,0,0,0,0,0,1,0,0,0,0,0,125,250,2,0,0,1,0,0,0,0,3,11,2,78,1,1,0,0,0,battery?,75,OK,4,3160,3160
,gui,,CONTROL_PANEL,5771,10,1,1,0,11,11,11,11,3536,2235,1,0,0,11,0,11,0,11,0,11,11,0,1,0,streamon,ok,OK,vision,,attempt=1|send=OK|raw=ok|parsed=OK,executor_call=1|command=streamon|result=OK|response=ok|elapsed_ms=11|timing_total_ms=11|recv_wait_ms=11|attempt_log=[attempt=1|send=OK|raw=ok|parsed=OK],92,92,0,0,0,9.67582,9.86412,7,103,170,0,0,0,0,0,OK,100,1,0,10,109.36,0,75,64,67,63,654833,0,0,0,30.3051,0,34,-1,0,0,0,0,0,0,OK,100,OK,100,1,telemetry=OK; video=OK; command=OK,OK,OK,OK,NO_DATA,-1,50,0,-1,0,63,654833,48,0,0,0,0,0,0,0,0,0,0,48,15,30.3051,960,720,0,0,1,0,OK,0,,0,vision:ffmpeg_stream,,,CONNECTED,0,pitch,1,1,0,0,0,0,0,1,0,0,0,0,0,124,249,1,0,0,1,0,0,0,0,13,35,11,91,1,1,0,0,0,battery?,75,OK,4,4284,4284
,gui,,CONTROL_PANEL,6896,11,1,1,0,11,11,11,11,3536,3360,1,0,0,11,0,11,0,11,0,11,11,0,1,0,streamon,ok,OK,vision,,attempt=1|send=OK|raw=ok|parsed=OK,executor_call=1|command=streamon|result=OK|response=ok|elapsed_ms=11|timing_total_ms=11|recv_wait_ms=11|attempt_log=[attempt=1|send=OK|raw=ok|parsed=OK],103,103,0,0,0,10.3861,10.3821,47,96,170,0,0,0,0,0,OK,100,1,0,10,109.42,0,74,64,67,96,998591,0,0,0,30.5212,28,33,-1,0,0,0,0,0,0,OK,100,OK,100,1,telemetry=OK; video=OK; command=OK,OK,OK,OK,NO_DATA,-1,50,0,-1,0,96,998591,81,0,0,0,0,0,0,0,0,0,0,81,15,30.5212,960,720,0,0,1,0,OK,0,,0,vision:ffmpeg_stream,,,CONNECTED,0,pitch,2,1,0,0,0,0,0,1,0,0,0,0,0,125,250,1,0,0,0,0,0,0,0,22,59,20,101,2,2,0,0,0,battery?,75,OK,3,406,406
,gui,,CONTROL_PANEL,7896,12,1,1,0,11,11,11,11,3536,4360,1,0,0,11,0,11,0,11,0,11,11,0,1,0,streamon,ok,OK,vision,,attempt=1|send=OK|raw=ok|parsed=OK,executor_call=1|command=streamon|result=OK|response=ok|elapsed_ms=11|timing_total_ms=11|recv_wait_ms=11|attempt_log=[attempt=1|send=OK|raw=ok|parsed=OK],113,113,0,0,0,10.1566,11.1399,17,98,198,0,0,0,0,0,OK,100,1,0,10,109.5,0,74,65,68,126,1311150,0,0,0,31.5703,31,30,-1,0,0,0,0,0,0,OK,100,OK,100,1,telemetry=OK; video=OK; command=OK,OK,OK,OK,NO_DATA,-1,50,0,-1,0,126,1311150,111,0,0,0,0,0,0,0,0,0,0,111,15,31.5703,960,720,0,0,1,0,OK,0,,0,vision:ffmpeg_stream,,,CONNECTED,0,pitch,3,1,0,0,0,0,0,1,0,0,0,0,0,125,250,1,0,0,0,0,0,0,0,31,80,28,110,2,2,0,0,0,battery?,75,OK,3,1406,1406
,gui,,CONTROL_PANEL,8896,13,1,1,0,11,11,11,11,3536,5360,1,0,0,11,0,11,0,11,0,11,11,0,1,0,streamon,ok,OK,vision,,attempt=1|send=OK|raw=ok|parsed=OK,executor_call=1|command=streamon|result=OK|response=ok|elapsed_ms=11|timing_total_ms=11|recv_wait_ms=11|attempt_log=[attempt=1|send=OK|raw=ok|parsed=OK],123,123,0,0,0,10.0223,11.0016,54,99,198,0,0,0,0,0,OK,100,1,0,10,109.23,0,74,65,68,157,1634017,0,0,0,32.7926,2,31,-1,0,0,0,0,0,0,OK,100,OK,100,1,telemetry=OK; video=OK; command=OK,OK,OK,OK,NO_DATA,-1,50,0,-1,0,157,1634017,142,0,0,0,0,0,0,0,0,0,0,142,15,32.7926,960,720,0,0,1,0,OK,0,,0,vision:ffmpeg_stream,,,CONNECTED,0,pitch,2,1,0,0,0,0,0,1,0,0,0,0,0,124,249,1,0,0,0,0,0,0,0,40,102,35,121,2,2,0,0,0,battery?,75,OK,3,2406,2406
,gui,,CONTROL_PANEL,9897,14,1,1,0,11,11,11,11,3536,6361,1,0,0,11,0,11,0,11,0,11,11,0,1,0,streamon,ok,OK,vision,,attempt=1|send=OK|raw=ok|parsed=OK,executor_call=1|command=streamon|result=OK|response=ok|elapsed_ms=11|timing_total_ms=11|recv_wait_ms=11|attempt_log=[attempt=1|send=OK|raw=ok|parsed=OK],133,133,0,0,0,14.4792,10.5475,24,69,198,0,0,0,0,0,OK,100,1,0,10,109.48,0,74,66,68,187,1946573,0,0,0,35.2391,6,30,-1,0,0,0,0,0,0,OK,100,OK,100,1,telemetry=OK; video=OK; command=OK,OK,OK,OK,NO_DATA,-1,50,0,-1,0,187,1946573,172,0,0,0,0,0,0,0,0,0,0,172,15,35.2391,960,720,0,0,1,0,OK,0,,0,vision:ffmpeg_stream,,,CONNECTED,0,pitch,3,1,0,0,0,0,0,1,0,0,0,0,0,125,250,2,0,0,1,0,0,0,0,48,124,41,130,2,2,0,0,0,battery?,75,OK,3,3407,3407
,gui,,CONTROL_PANEL,11021,15,1,1,0,11,11,11,11,3536,7485,1,0,0,11,0,11,0,11,0,11,11,0,1,0,streamon,ok,OK,vision,,attempt=1|send=OK|raw=ok|parsed=OK,executor_call=1|command=streamon|result=OK|response=ok|elapsed_ms=11|timing_total_ms=11|recv_wait_ms=11|attempt_log=[attempt=1|send=OK|raw=ok|parsed=OK],144,144,0,0,0,16.0168,11.2822,82,62,198,0,0,0,0,0,OK,100,1,0,10,109.52,0,74,67,68,221,2300792,0,0,0,30.6575,5,34,-1,0,0,0,0,0,0,OK,100,OK,100,1,telemetry=OK; video=OK; command=OK,OK,OK,OK,NO_DATA,-1,50,0,-1,0,221,2300792,206,0,0,0,0,0,0,0,0,0,0,206,15,30.6575,960,720,0,0,1,0,OK,0,,0,vision:ffmpeg_stream,,,CONNECTED,0,pitch,1,1,0,0,0,0,0,1,0,0,0,0,0,125,249,1,0,0,0,0,0,0,0,57,149,50,143,2,2,0,0,0,battery?,75,OK,3,4531,4531
,gui,,CONTROL_PANEL,11754,16,1,1,0,11,11,11,11,3536,8218,1,0,0,11,0,11,0,11,0,11,11,0,1,0,streamon,ok,OK,vision,,attempt=1|send=OK|raw=ok|parsed=OK,executor_call=1|command=streamon|result=OK|response=ok|elapsed_ms=11|timing_total_ms=11|recv_wait_ms=11|attempt_log=[attempt=1|send=OK|raw=ok|parsed=OK],152,152,0,0,0,9.86333,10.1738,15,101,198,0,0,0,0,0,OK,100,1,0,10,109.37,0,74,66,68,243,2529942,0,0,0,30.3298,8,34,-1,0,0,0,0,0,0,OK,100,OK,100,1,telemetry=OK; video=OK; command=OK,OK,OK,OK,NO_DATA,-1,50,0,-1,0,221,2300792,206,0,0,0,0,0,0,0,0,0,0,206,15,30.6575,960,720,0,0,1,0,OK,0,,0,log,2026-07-06T19:02:44.411,takeoff confirmed by user,CONNECTED,0,pitch,1,1,0,0,0,0,0,1,0,0,0,0,0,124,250,1,0,0,0,0,0,0,0,63,165,56,151,3,3,0,0,0,battery?,74,OK,46,218,218
,gui,,CONTROL_PANEL,11754,17,1,1,0,11,11,11,11,3536,8218,1,0,0,11,0,11,0,11,0,11,11,0,1,0,streamon,ok,OK,vision,,attempt=1|send=OK|raw=ok|parsed=OK,executor_call=1|command=streamon|result=OK|response=ok|elapsed_ms=11|timing_total_ms=11|recv_wait_ms=11|attempt_log=[attempt=1|send=OK|raw=ok|parsed=OK],152,152,0,0,0,9.86333,10.1738,15,101,198,0,0,0,0,0,OK,100,1,0,10,109.37,0,74,66,68,243,2529942,0,0,0,30.3298,8,34,-1,0,0,0,0,0,0,OK,100,OK,100,1,telemetry=OK; video=OK; command=OK,OK,OK,OK,NO_DATA,-1,50,0,-1,0,221,2300792,206,0,0,0,0,0,0,0,0,0,0,206,15,30.6575,960,720,0,0,1,0,OK,0,,0,critical-command:begin:takeoff,,,CONNECTED,0,pitch,0,1,0,0,0,0,0,1,0,1,0,0,0,124,250,1,0,0,0,0,0,0,0,63,165,56,151,3,3,0,0,0,battery?,74,OK,46,218,218
,gui,,CONTROL_PANEL,11755,18,1,1,0,11,11,11,11,3536,8219,1,0,0,11,0,11,0,11,0,11,11,0,1,0,streamon,ok,OK,vision,,attempt=1|send=OK|raw=ok|parsed=OK,executor_call=1|command=streamon|result=OK|response=ok|elapsed_ms=11|timing_total_ms=11|recv_wait_ms=11|attempt_log=[attempt=1|send=OK|raw=ok|parsed=OK],152,152,0,0,0,9.86333,10.1738,16,101,198,0,0,0,0,0,OK,100,1,0,10,109.37,0,74,66,68,243,2529942,0,0,0,30.3298,9,34,-1,0,0,0,0,0,0,OK,100,OK,100,1,telemetry=OK; video=OK; command=OK,OK,OK,OK,NO_DATA,-1,50,0,-1,0,221,2300792,206,0,0,0,0,0,0,0,0,0,0,206,15,30.6575,960,720,0,0,1,0,OK,0,,0,log,2026-07-06T19:02:44.412,sdk keepalive remains running; cooperative loop skips ticks while command channel is busy,CONNECTED,0,pitch,0,1,0,0,0,0,0,1,0,1,0,0,0,124,250,1,0,0,0,0,0,0,0,63,165,56,151,3,3,0,0,0,battery?,74,OK,46,219,219
,gui,,CONTROL_PANEL,11756,19,1,1,0,11,11,11,11,3536,8220,1,0,0,11,0,11,0,11,0,11,11,0,1,0,streamon,ok,OK,vision,,attempt=1|send=OK|raw=ok|parsed=OK,executor_call=1|command=streamon|result=OK|response=ok|elapsed_ms=11|timing_total_ms=11|recv_wait_ms=11|attempt_log=[attempt=1|send=OK|raw=ok|parsed=OK],152,152,0,0,0,9.86333,10.1738,17,101,198,0,0,0,0,0,OK,100,1,0,10,109.37,0,74,66,68,243,2529942,0,0,0,30.3298,9,34,-1,0,0,0,0,0,0,OK,100,OK,100,1,telemetry=OK; video=OK; command=OK,OK,OK,OK,NO_DATA,-1,50,0,-1,0,221,2300792,206,0,0,0,0,0,0,0,0,0,0,206,15,30.6575,960,720,0,0,1,0,OK,0,,0,log,2026-07-06T19:02:44.413,rc neutral preflight skipped (takeoff): RC stream was inactive and sliders were already zero,CONNECTED,0,pitch,0,1,0,0,0,0,0,1,0,1,0,0,0,124,250,1,0,0,0,0,0,0,0,63,165,56,151,3,3,0,0,0,battery?,74,OK,46,219,219
,gui,,CONTROL_PANEL,11756,20,1,1,0,11,11,11,11,3536,8220,1,0,0,11,0,11,0,11,0,11,11,0,1,0,streamon,ok,OK,vision,,attempt=1|send=OK|raw=ok|parsed=OK,executor_call=1|command=streamon|result=OK|response=ok|elapsed_ms=11|timing_total_ms=11|recv_wait_ms=11|attempt_log=[attempt=1|send=OK|raw=ok|parsed=OK],152,152,0,0,0,9.86333,10.1738,17,101,198,0,0,0,0,0,OK,100,1,0,10,109.37,0,74,66,68,243,2529942,0,0,0,30.3298,9,34,-1,0,0,0,0,0,0,OK,100,OK,100,1,telemetry=OK; video=OK; command=OK,OK,OK,OK,NO_DATA,-1,50,0,-1,0,221,2300792,206,0,0,0,0,0,0,0,0,0,0,206,15,30.6575,960,720,0,0,1,0,OK,0,,0,rc-neutral:skipped:takeoff,,,CONNECTED,0,pitch,0,1,0,0,0,0,0,1,0,1,0,0,0,124,250,1,0,0,0,0,0,0,0,63,165,56,151,3,3,0,0,0,battery?,74,OK,46,220,220
,gui,,CONTROL_PANEL,11756,21,1,1,0,11,11,11,11,3536,8220,1,0,0,11,0,11,0,11,0,11,11,0,1,0,streamon,ok,OK,vision,,attempt=1|send=OK|raw=ok|parsed=OK,executor_call=1|command=streamon|result=OK|response=ok|elapsed_ms=11|timing_total_ms=11|recv_wait_ms=11|attempt_log=[attempt=1|send=OK|raw=ok|parsed=OK],152,152,0,0,0,9.86333,10.1738,17,101,198,0,0,0,0,0,OK,100,1,0,10,109.37,0,74,66,68,243,2529942,0,0,0,30.3298,10,34,-1,0,0,0,0,0,0,OK,100,OK,100,1,telemetry=OK; video=OK; command=OK,OK,OK,OK,NO_DATA,-1,50,0,-1,0,221,2300792,206,0,0,0,0,0,0,0,0,0,0,206,15,30.6575,960,720,0,0,1,0,OK,0,,0,log,2026-07-06T19:02:44.414,takeoff queued on command worker,CONNECTED,0,pitch,0,1,0,0,0,0,0,1,0,1,0,0,0,124,250,1,0,0,0,0,0,0,0,63,165,56,151,3,3,0,0,0,battery?,74,OK,46,220,220
,gui,,CONTROL_PANEL,12022,22,1,1,0,11,11,11,11,3536,8486,1,0,0,11,0,11,0,11,0,11,11,0,1,0,streamon,ok,OK,vision,,attempt=1|send=OK|raw=ok|parsed=OK,executor_call=1|command=streamon|result=OK|response=ok|elapsed_ms=11|timing_total_ms=11|recv_wait_ms=11|attempt_log=[attempt=1|send=OK|raw=ok|parsed=OK],154,154,0,0,0,9.89305,10.0626,80,101,198,0,0,0,0,0,OK,100,1,0,10,109.27,0,74,66,68,251,2613337,0,0,0,30.6069,9,30,-1,0,0,0,0,0,0,OK,100,OK,100,1,telemetry=OK; video=OK; command=OK,OK,OK,OK,NO_DATA,-1,50,0,-1,0,251,2613337,236,0,0,0,0,0,0,0,0,0,0,236,15,30.6069,960,720,0,0,1,0,OK,0,,0,vision:ffmpeg_stream,,,CONNECTED,0,pitch,1,1,0,0,0,0,0,1,0,1,0,0,0,125,249,1,0,0,0,0,0,0,0,65,171,58,153,3,3,0,0,0,battery?,74,OK,46,486,486
,gui,,CONTROL_PANEL,13147,23,1,1,0,11,11,11,11,3536,9611,1,0,0,11,0,11,0,11,0,11,11,0,1,0,streamon,ok,OK,vision,,attempt=1|send=OK|raw=ok|parsed=OK,executor_call=1|command=streamon|result=OK|response=ok|elapsed_ms=11|timing_total_ms=11|recv_wait_ms=11|attempt_log=[attempt=1|send=OK|raw=ok|parsed=OK],165,165,0,0,0,9.78061,10.2061,79,102,198,0,0,0,0,0,OK,100,1,30,49,110.03,-7,74,66,69,285,2967769,0,0,0,35.0017,21,34,-1,0,0,0,0,0,0,OK,100,OK,100,1,telemetry=OK; video=OK; command=OK,OK,OK,OK,NO_DATA,-1,50,0,-1,0,285,2967769,270,0,0,0,0,0,0,0,0,0,0,270,15,35.0017,960,720,0,0,1,0,OK,0,,0,vision:ffmpeg_stream,,,CONNECTED,0,pitch,2,1,0,0,0,0,0,1,0,1,0,0,0,125,249,1,0,0,0,0,0,0,0,75,195,66,163,3,3,0,0,0,battery?,74,OK,46,1610,1610
,gui,,CONTROL_PANEL,14271,24,1,1,0,11,11,11,11,3536,10735,1,0,0,11,0,11,0,11,0,11,11,0,1,0,streamon,ok,OK,vision,,attempt=1|send=OK|raw=ok|parsed=OK,executor_call=1|command=streamon|result=OK|response=ok|elapsed_ms=11|timing_total_ms=11|recv_wait_ms=11|attempt_log=[attempt=1|send=OK|raw=ok|parsed=OK],177,177,0,0,0,9.93926,12.35,18,100,198,0,0,0,0,0,OK,100,1,60,76,110,0,74,66,70,319,3317257,0,0,0,32.0424,7,34,-1,0,0,0,0,0,0,OK,100,OK,100,1,telemetry=OK; video=OK; command=OK,OK,OK,OK,NO_DATA,-1,50,0,-1,0,319,3317257,304,0,0,0,0,0,0,0,0,0,0,304,15,32.0424,960,720,0,0,1,0,OK,0,,0,vision:ffmpeg_stream,,,CONNECTED,0,pitch,1,1,0,0,0,0,0,1,0,1,0,0,0,125,250,1,0,0,0,0,0,0,0,84,220,75,176,3,3,0,0,0,battery?,74,OK,46,2735,2735
,gui,,CONTROL_PANEL,15396,25,1,1,0,11,11,11,11,3536,11860,1,0,0,11,0,11,0,11,0,11,11,0,1,0,streamon,ok,OK,vision,,attempt=1|send=OK|raw=ok|parsed=OK,executor_call=1|command=streamon|result=OK|response=ok|elapsed_ms=11|timing_total_ms=11|recv_wait_ms=11|attempt_log=[attempt=1|send=OK|raw=ok|parsed=OK],188,188,0,0,0,9.87921,11.5062,24,101,198,0,0,0,0,0,OK,100,1,70,81,110.16,0,74,68,69,353,3675643,0,0,0,32.6814,9,34,-1,0,0,0,0,0,0,OK,100,OK,100,1,telemetry=OK; video=OK; command=OK,OK,OK,OK,NO_DATA,-1,50,0,-1,0,353,3675643,338,0,0,0,0,0,0,0,0,0,0,338,15,32.6814,960,720,0,0,1,0,OK,0,,0,vision:ffmpeg_stream,,,CONNECTED,0,pitch,3,1,0,0,0,0,0,1,0,1,0,0,0,124,249,1,0,0,0,0,0,0,0,93,245,84,185,3,3,0,0,0,battery?,74,OK,46,3860,3860
,gui,,CONTROL_PANEL,15869,26,1,1,0,11,11,11,11,3536,12333,1,0,0,11,0,11,0,11,0,11,11,0,1,0,streamon,ok,OK,vision,,attempt=1|send=OK|raw=ok|parsed=OK,executor_call=1|command=streamon|result=OK|response=ok|elapsed_ms=11|timing_total_ms=11|recv_wait_ms=11|attempt_log=[attempt=1|send=OK|raw=ok|parsed=OK],193,193,0,0,0,10.7992,21.2731,37,92,202,0,0,0,0,0,OK,100,1,70,82,110.37,0,74,67,71,367,3821562,0,0,0,35.5652,18,34,-1,0,0,0,0,0,0,OK,100,OK,100,0,telemetry=OK; video=OK; command=OK; rc=NO_DATA,OK,OK,OK,NO_DATA,-1,50,0,-1,0,353,3675643,338,0,0,0,0,0,0,0,0,0,0,338,15,32.6814,960,720,0,0,1,0,OK,0,,0,log,2026-07-06T19:02:48.526,sdk keepalive paused while keyboard RC worker is active,CONNECTED,0,pitch,2,1,1,0,0,0,0,0,0,1,0,0,0,124,250,1,0,0,0,0,0,0,0,97,255,88,191,3,3,0,0,0,battery?,74,OK,46,4333,4333
,gui,,CONTROL_PANEL,15870,27,1,1,0,11,11,11,11,3536,12334,1,0,0,11,0,11,0,11,0,11,11,0,1,0,streamon,ok,OK,vision,,attempt=1|send=OK|raw=ok|parsed=OK,executor_call=1|command=streamon|result=OK|response=ok|elapsed_ms=11|timing_total_ms=11|recv_wait_ms=11|attempt_log=[attempt=1|send=OK|raw=ok|parsed=OK],193,193,0,0,0,10.7992,21.2731,37,92,202,0,0,0,0,0,OK,100,1,70,82,110.37,0,74,67,71,367,3821562,0,0,0,35.5652,19,34,-1,0,0,0,0,0,0,OK,100,OK,100,0,telemetry=OK; video=OK; command=OK; rc=NO_DATA,OK,OK,OK,NO_DATA,-1,50,0,-1,0,353,3675643,338,0,0,0,0,0,0,0,0,0,0,338,15,32.6814,960,720,0,0,1,0,OK,0,,0,log,2026-07-06T19:02:48.527,keyboard control ON: KeyboardTest,CONNECTED,0,pitch,0,1,1,0,0,0,0,0,0,1,0,0,0,124,250,1,0,0,0,0,0,0,-1,97,255,88,191,3,3,0,0,0,battery?,74,OK,46,4334,4334
,gui,,CONTROL_PANEL,15870,28,1,1,0,11,11,11,11,3536,12334,1,0,0,11,0,11,0,11,0,11,11,0,1,0,streamon,ok,OK,vision,,attempt=1|send=OK|raw=ok|parsed=OK,executor_call=1|command=streamon|result=OK|response=ok|elapsed_ms=11|timing_total_ms=11|recv_wait_ms=11|attempt_log=[attempt=1|send=OK|raw=ok|parsed=OK],193,193,0,0,0,10.7992,21.2731,37,92,202,0,0,0,0,0,OK,100,1,70,82,110.37,0,74,67,71,367,3821562,0,0,0,35.5652,19,34,-1,0,0,0,0,0,0,OK,100,OK,100,0,telemetry=OK; video=OK; command=OK; rc=NO_DATA,OK,OK,OK,NO_DATA,-1,50,0,-1,0,353,3675643,338,0,0,0,0,0,0,0,0,0,0,338,15,32.6814,960,720,0,0,1,0,OK,0,,0,keyboard-control:on:KeyboardTest,,,CONNECTED,0,pitch,0,1,1,0,0,0,0,0,0,1,0,0,0,124,250,1,0,0,0,0,0,0,-1,97,255,88,191,3,3,0,0,0,battery?,74,OK,46,4334,4334
,gui,,CONTROL_PANEL,16137,29,1,1,0,11,11,11,11,3536,12601,1,0,0,11,0,11,0,11,0,11,11,0,1,0,streamon,ok,OK,vision,,attempt=1|send=OK|raw=ok|parsed=OK,executor_call=1|command=streamon|result=OK|response=ok|elapsed_ms=11|timing_total_ms=11|recv_wait_ms=11|attempt_log=[attempt=1|send=OK|raw=ok|parsed=OK],196,196,0,0,0,9.76162,15.6813,0,102,202,0,0,0,0,0,OK,100,1,70,82,110.22,0,74,67,71,375,3904767,0,0,0,37.7781,40,34,-1,0,0,0,0,0,0,OK,100,OK,100,1,telemetry=OK; video=OK; command=OK; rc=OK,OK,OK,OK,OK,50,50,0,-1,0,353,3675643,338,0,0,0,0,0,0,0,0,0,0,338,15,32.6814,960,720,0,0,1,0,OK,0,,0,log,2026-07-06T19:02:48.794,"takeoff => OK | response=""ok"" | state=CONNECTED",CONNECTED,0,pitch,3,1,1,0,0,0,0,0,0,1,0,0,4380,124,249,1,0,0,0,0,0,0,-1,99,261,90,193,3,3,0,0,0,battery?,74,OK,46,4601,4601
,gui,,CONTROL_PANEL,16138,30,2,2,0,2195.5,11,4380,4380,16138,0,1,0,0,4380,0,4380,0,4379,0,4379,4380,0,1,0,takeoff,ok,OK,manual,,attempt=1|send=OK|raw=ok|parsed=OK,executor_call=1|command=takeoff|result=OK|response=ok|elapsed_ms=4380|timing_total_ms=4380|recv_wait_ms=4379|attempt_log=[attempt=1|send=OK|raw=ok|parsed=OK],196,196,0,0,0,9.76162,15.6813,0,102,202,0,0,0,0,0,OK,100,1,70,82,110.22,0,74,67,71,375,3904767,0,0,0,37.7781,40,34,-1,0,0,0,0,0,0,OK,100,OK,100,1,telemetry=OK; video=OK; command=OK; rc=OK,OK,OK,OK,OK,50,50,0,-1,0,353,3675643,338,0,0,0,0,0,0,0,0,0,0,338,15,32.6814,960,720,0,0,1,0,OK,0,,0,command:manual,,,CONNECTED,0,pitch,0,1,1,0,0,0,0,0,0,1,0,0,4380,124,249,1,0,0,0,0,0,0,-1,99,261,90,193,3,3,0,0,0,battery?,74,OK,46,4601,4601
,gui,,CONTROL_PANEL,16138,31,2,2,0,2195.5,11,4380,4380,16138,0,1,0,0,4380,0,4380,0,4379,0,4379,4380,0,1,0,takeoff,ok,OK,manual,,attempt=1|send=OK|raw=ok|parsed=OK,executor_call=1|command=takeoff|result=OK|response=ok|elapsed_ms=4380|timing_total_ms=4380|recv_wait_ms=4379|attempt_log=[attempt=1|send=OK|raw=ok|parsed=OK],196,196,0,0,0,9.76162,15.6813,0,102,202,0,0,0,0,0,OK,100,1,70,82,110.22,0,74,67,71,375,3904767,0,0,0,37.7781,40,34,-1,0,0,0,0,0,0,OK,100,OK,100,1,telemetry=OK; video=OK; command=OK; rc=OK,OK,OK,OK,OK,50,50,0,-1,0,353,3675643,338,0,0,0,0,0,0,0,0,0,0,338,15,32.6814,960,720,0,0,1,0,OK,0,,0,critical-command:end:takeoff,,,CONNECTED,0,pitch,0,1,1,0,0,0,0,0,0,1,0,0,4380,124,249,1,0,0,0,0,0,0,-1,99,261,90,193,3,3,0,0,0,battery?,74,OK,46,4601,4601
,gui,,CONTROL_PANEL,16522,32,2,2,0,2195.5,11,4380,4380,16138,384,1,0,0,4380,0,4380,0,4379,0,4379,4380,0,1,0,takeoff,ok,OK,manual,,attempt=1|send=OK|raw=ok|parsed=OK,executor_call=1|command=takeoff|result=OK|response=ok|elapsed_ms=4380|timing_total_ms=4380|recv_wait_ms=4379|attempt_log=[attempt=1|send=OK|raw=ok|parsed=OK],199,199,0,0,0,16.924,19.396,69,59,234,0,0,0,0,0,OK,100,1,70,82,110.11,0,74,67,71,386,4019414,0,0,0,44.295,17,33,-1,0,0,0,0,0,0,OK,100,OK,100,1,telemetry=OK; video=OK; command=OK; rc=OK,OK,OK,OK,OK,50,50,0,-1,0,386,4019414,370,0,0,0,0,0,0,0,0,0,0,370,15,44.295,960,720,0,0,1,0,OK,0,,0,vision:ffmpeg_stream,,,CONNECTED,0,pitch,1,1,1,0,0,0,0,0,0,0,0,0,0,125,250,1,0,0,0,0,0,0,0,102,268,93,198,3,3,0,0,0,battery?,74,OK,46,4986,4986
,gui,,CONTROL_PANEL,17646,33,2,2,0,2195.5,11,4380,4380,16138,1508,1,0,0,4380,0,4380,0,4379,0,4379,4380,0,1,0,takeoff,ok,OK,manual,,attempt=1|send=OK|raw=ok|parsed=OK,executor_call=1|command=takeoff|result=OK|response=ok|elapsed_ms=4380|timing_total_ms=4380|recv_wait_ms=4379|attempt_log=[attempt=1|send=OK|raw=ok|parsed=OK],210,210,0,0,0,9.74022,11.1486,91,102,234,0,0,0,0,0,OK,100,1,70,79,109.95,0,74,67,71,421,4384177,0,0,0,30.2815,8,35,-1,0,0,0,0,0,0,OK,100,OK,100,1,telemetry=OK; video=OK; command=OK; rc=OK,OK,OK,OK,OK,50,50,0,-1,0,421,4384177,406,0,0,0,0,0,0,0,0,0,0,406,15,30.2815,960,720,0,0,1,0,OK,0,,0,vision:ffmpeg_stream,,,CONNECTED,0,pitch,2,1,1,0,0,0,0,0,0,0,0,0,0,124,250,2,0,0,1,0,0,0,0,111,295,102,208,3,3,0,0,0,battery?,74,OK,46,6110,6110
,gui,,CONTROL_PANEL,18647,34,2,2,0,2195.5,11,4380,4380,16138,2509,1,0,0,4380,0,4380,0,4379,0,4379,4380,0,1,0,takeoff,ok,OK,manual,,attempt=1|send=OK|raw=ok|parsed=OK,executor_call=1|command=takeoff|result=OK|response=ok|elapsed_ms=4380|timing_total_ms=4380|recv_wait_ms=4379|attempt_log=[attempt=1|send=OK|raw=ok|parsed=OK],221,221,0,0,0,10.2705,10.737,3,97,234,0,0,0,0,0,OK,100,1,70,83,110.39,0,74,67,71,450,4695236,0,0,0,30.4442,19,29,-1,0,0,0,0,0,0,OK,100,OK,100,1,telemetry=OK; video=OK; command=OK; rc=OK,OK,OK,OK,OK,51,50,0,-1,0,450,4695236,435,0,0,0,0,0,0,0,0,0,0,435,15,30.4442,960,720,0,0,1,0,OK,0,,0,vision:ffmpeg_stream,,,CONNECTED,0,pitch,3,1,1,0,0,0,0,0,0,0,0,0,0,125,249,2,0,0,1,0,0,0,0,119,316,110,218,3,3,0,0,0,battery?,74,OK,46,7111,7111
,gui,,CONTROL_PANEL,19771,35,2,2,0,2195.5,11,4380,4380,16138,3633,1,0,0,4380,0,4380,0,4379,0,4379,4380,0,1,0,takeoff,ok,OK,manual,,attempt=1|send=OK|raw=ok|parsed=OK,executor_call=1|command=takeoff|result=OK|response=ok|elapsed_ms=4380|timing_total_ms=4380|recv_wait_ms=4379|attempt_log=[attempt=1|send=OK|raw=ok|parsed=OK],232,232,0,0,0,11.1901,10.1016,7,89,234,0,0,0,0,0,OK,100,1,70,84,110.15,0,74,68,71,484,5049251,0,0,0,30.9266,21,34,-1,0,0,0,0,0,0,OK,100,OK,100,1,telemetry=OK; video=OK; command=OK; rc=OK,OK,OK,OK,OK,50,50,0,-1,0,484,5049251,469,0,0,0,0,0,0,0,0,0,0,469,15,30.9266,960,720,0,0,1,0,OK,0,,0,vision:ffmpeg_stream,,,CONNECTED,0,pitch,2,1,1,0,0,0,0,0,0,0,0,0,0,124,250,2,0,0,1,0,0,0,0,128,341,119,230,3,3,0,0,0,battery?,74,OK,46,8235,8235
,gui,,CONTROL_PANEL,20896,36,2,2,0,2195.5,11,4380,4380,16138,4758,1,0,0,4380,0,4380,0,4379,0,4379,4380,0,1,0,takeoff,ok,OK,manual,,attempt=1|send=OK|raw=ok|parsed=OK,executor_call=1|command=takeoff|result=OK|response=ok|elapsed_ms=4380|timing_total_ms=4380|recv_wait_ms=4379|attempt_log=[attempt=1|send=OK|raw=ok|parsed=OK],243,243,0,0,0,16.947,11.3667,69,59,234,0,0,0,0,0,OK,100,1,70,81,110.11,0,74,69,70,518,5403552,0,0,0,30.0677,16,34,-1,0,0,0,0,0,0,OK,100,OK,100,1,telemetry=OK; video=OK; command=OK; rc=OK,OK,OK,OK,OK,50,50,0,-1,0,518,5403552,503,0,0,0,0,0,0,0,0,0,0,503,15,30.0677,960,720,0,0,1,0,OK,0,,0,vision:ffmpeg_stream,,,CONNECTED,0,pitch,2,1,1,0,0,0,0,0,0,0,0,0,0,125,250,2,0,0,1,0,0,0,0,138,365,127,241,3,3,0,0,0,battery?,74,OK,46,9360,9360
,gui,,CONTROL_PANEL,22021,37,2,2,0,2195.5,11,4380,4380,16138,5883,1,0,0,4380,0,4380,0,4379,0,4379,4380,0,1,0,takeoff,ok,OK,manual,,attempt=1|send=OK|raw=ok|parsed=OK,executor_call=1|command=takeoff|result=OK|response=ok|elapsed_ms=4380|timing_total_ms=4380|recv_wait_ms=4379|attempt_log=[attempt=1|send=OK|raw=ok|parsed=OK],254,254,0,0,0,9.19398,9.70373,66,108,234,0,0,0,0,0,OK,100,1,70,80,110.21,0,74,69,71,552,5757814,0,0,0,38.5238,22,34,-1,0,0,0,0,0,0,OK,100,OK,100,1,telemetry=OK; video=OK; command=OK; rc=OK,OK,OK,OK,OK,50,50,0,-1,0,552,5757814,537,0,0,0,0,0,0,0,0,0,0,537,15,38.5238,960,720,0,0,1,0,OK,0,,0,vision:ffmpeg_stream,,,CONNECTED,0,pitch,1,1,1,0,0,0,0,0,0,0,0,0,0,125,250,2,0,0,1,0,0,0,0,147,390,136,253,3,3,0,0,0,battery?,74,OK,46,10485,10485
,gui,,CONTROL_PANEL,23021,38,2,2,0,2195.5,11,4380,4380,16138,6883,1,0,0,4380,0,4380,0,4379,0,4379,4380,0,1,0,takeoff,ok,OK,manual,,attempt=1|send=OK|raw=ok|parsed=OK,executor_call=1|command=takeoff|result=OK|response=ok|elapsed_ms=4380|timing_total_ms=4380|recv_wait_ms=4379|attempt_log=[attempt=1|send=OK|raw=ok|parsed=OK],264,264,0,0,0,15.1301,10.5731,65,66,234,0,0,0,0,0,OK,100,1,70,82,110.01,0,74,69,71,583,6080629,0,0,0,36.1878,30,31,-1,0,0,0,0,0,0,OK,100,OK,100,1,telemetry=OK; video=OK; command=OK; rc=OK,OK,OK,OK,OK,50,50,0,-1,0,583,6080629,567,0,0,0,0,0,0,0,0,0,0,567,15,36.1878,960,720,0,0,1,0,OK,0,,0,vision:ffmpeg_stream,,,CONNECTED,0,pitch,1,1,1,0,0,0,0,0,0,0,0,0,0,125,249,1,0,0,0,0,0,0,0,155,412,143,263,3,3,0,0,0,battery?,74,OK,46,11485,11485
,gui,,CONTROL_PANEL,24022,39,2,2,0,2195.5,11,4380,4380,16138,7884,1,0,0,4380,0,4380,0,4379,0,4379,4380,0,1,0,takeoff,ok,OK,manual,,attempt=1|send=OK|raw=ok|parsed=OK,executor_call=1|command=takeoff|result=OK|response=ok|elapsed_ms=4380|timing_total_ms=4380|recv_wait_ms=4379|attempt_log=[attempt=1|send=OK|raw=ok|parsed=OK],274,274,0,0,0,9.97174,14.6503,92,100,234,0,0,0,0,0,OK,100,1,70,82,110.01,0,74,69,71,613,6393091,0,0,0,31.8905,8,30,-1,0,0,0,0,0,0,OK,100,OK,100,1,telemetry=OK; video=OK; command=OK; rc=OK,OK,OK,OK,OK,50,50,0,-1,0,613,6393091,598,0,0,0,0,0,0,0,0,0,0,598,15,31.8905,960,720,0,0,1,0,OK,0,,0,vision:ffmpeg_stream,,,CONNECTED,0,pitch,1,1,1,0,0,0,0,0,0,0,0,0,0,125,250,1,0,0,0,0,0,0,0,165,433,151,273,3,3,0,0,0,battery?,74,OK,46,12486,12486
,gui,,CONTROL_PANEL,25147,40,2,2,0,2195.5,11,4380,4380,16138,9009,1,0,0,4380,0,4380,0,4379,0,4379,4380,0,1,0,takeoff,ok,OK,manual,,attempt=1|send=OK|raw=ok|parsed=OK,executor_call=1|command=takeoff|result=OK|response=ok|elapsed_ms=4380|timing_total_ms=4380|recv_wait_ms=4379|attempt_log=[attempt=1|send=OK|raw=ok|parsed=OK],286,286,0,0,0,11.3551,15.7123,2,88,234,0,0,0,0,0,OK,100,1,70,81,110.04,0,73,69,72,647,6742491,0,0,0,49.2161,0,34,-1,0,0,0,0,0,0,OK,100,OK,100,1,telemetry=OK; video=OK; command=OK; rc=OK,OK,OK,OK,OK,50,50,0,-1,0,647,6742491,632,0,0,0,0,0,0,0,0,0,0,632,15,49.2161,960,720,0,0,1,0,OK,0,,0,vision:ffmpeg_stream,,,CONNECTED,0,pitch,3,1,1,0,0,0,0,0,0,0,0,0,0,125,250,2,0,0,1,0,0,0,0,174,458,158,283,3,3,0,0,0,battery?,74,OK,46,13611,13611
,gui,,CONTROL_PANEL,26147,41,2,2,0,2195.5,11,4380,4380,16138,10009,1,0,0,4380,0,4380,0,4379,0,4379,4380,0,1,0,takeoff,ok,OK,manual,,attempt=1|send=OK|raw=ok|parsed=OK,executor_call=1|command=takeoff|result=OK|response=ok|elapsed_ms=4380|timing_total_ms=4380|recv_wait_ms=4379|attempt_log=[attempt=1|send=OK|raw=ok|parsed=OK],295,295,0,0,0,11.3705,12.4062,104,87,234,0,0,0,0,0,OK,100,1,70,81,110.3,0,73,70,72,676,7044135,0,0,0,32.6177,13,29,-1,0,0,0,0,0,0,OK,100,OK,100,1,telemetry=OK; video=OK; command=OK; rc=OK,OK,OK,OK,OK,51,50,0,-1,0,676,7044135,661,0,0,0,0,0,0,0,0,0,0,661,15,32.6177,960,720,0,0,1,0,OK,0,,0,vision:ffmpeg_stream,,,CONNECTED,0,pitch,2,1,1,0,0,0,0,0,0,0,0,0,0,125,249,1,0,0,0,1,0,0,0,182,479,165,293,3,3,0,0,0,battery?,74,OK,46,14611,14611
,gui,,CONTROL_PANEL,27271,42,2,2,0,2195.5,11,4380,4380,16138,11133,1,0,0,4380,0,4380,0,4379,0,4379,4380,0,1,0,takeoff,ok,OK,manual,,attempt=1|send=OK|raw=ok|parsed=OK,executor_call=1|command=takeoff|result=OK|response=ok|elapsed_ms=4380|timing_total_ms=4380|recv_wait_ms=4379|attempt_log=[attempt=1|send=OK|raw=ok|parsed=OK],306,306,0,0,0,8.88028,10.3259,60,112,234,0,0,0,0,0,OK,100,1,70,80,110.05,0,72,69,72,709,7390268,0,0,0,31.1613,8,33,-1,0,0,0,0,0,0,OK,100,OK,100,1,telemetry=OK; video=OK; command=OK; rc=OK,OK,OK,OK,OK,52,50,0,-1,0,709,7390268,694,0,0,0,0,0,0,0,0,0,0,694,15,31.1613,960,720,0,0,1,0,OK,0,,0,vision:ffmpeg_stream,,,CONNECTED,0,pitch,1,1,1,0,0,0,0,0,0,0,0,0,0,124,250,1,0,0,0,1,0,0,0,193,501,174,300,3,3,0,0,0,battery?,74,OK,46,15735,15735
,gui,,CONTROL_PANEL,28272,43,2,2,0,2195.5,11,4380,4380,16138,12134,1,0,0,4380,0,4380,0,4379,0,4379,4380,0,1,0,takeoff,ok,OK,manual,,attempt=1|send=OK|raw=ok|parsed=OK,executor_call=1|command=takeoff|result=OK|response=ok|elapsed_ms=4380|timing_total_ms=4380|recv_wait_ms=4379|attempt_log=[attempt=1|send=OK|raw=ok|parsed=OK],316,316,0,0,0,9.16956,10.6997,1,109,234,0,0,0,0,0,OK,100,1,70,81,110.47,0,72,70,72,738,7691323,0,0,0,31.4883,16,29,-1,0,0,0,0,0,0,OK,100,OK,100,1,telemetry=OK; video=OK; command=OK; rc=OK,OK,OK,OK,OK,52,50,0,-1,0,738,7691323,723,0,0,0,0,0,0,0,0,0,0,723,15,31.4883,960,720,0,0,1,0,OK,0,,0,vision:ffmpeg_stream,,,CONNECTED,0,pitch,1,1,1,0,0,0,0,0,0,0,0,0,0,125,249,1,0,0,0,1,0,0,0,202,521,182,300,3,3,0,0,0,battery?,74,OK,46,16736,16736
,gui,,CONTROL_PANEL,29396,44,2,2,0,2195.5,11,4380,4380,16138,13258,1,0,0,4380,0,4380,0,4379,0,4379,4380,0,1,0,takeoff,ok,OK,manual,,attempt=1|send=OK|raw=ok|parsed=OK,executor_call=1|command=takeoff|result=OK|response=ok|elapsed_ms=4380|timing_total_ms=4380|recv_wait_ms=4379|attempt_log=[attempt=1|send=OK|raw=ok|parsed=OK],327,327,0,0,0,9.83205,12.009,35,101,234,0,0,0,0,0,OK,100,1,70,81,110.3,0,71,70,73,771,8039150,0,0,0,32.3989,17,33,-1,0,0,0,0,0,0,OK,100,OK,100,1,telemetry=OK; video=OK; command=OK; rc=OK,OK,OK,OK,OK,51,50,0,-1,0,771,8039150,756,0,0,0,0,0,0,0,0,0,0,756,15,32.3989,960,720,0,0,1,0,OK,0,,0,vision:ffmpeg_stream,,,CONNECTED,0,pitch,2,1,1,0,0,0,0,0,0,0,0,0,0,123,249,1,0,0,0,1,0,0,0,211,545,191,300,3,3,0,0,0,battery?,74,OK,46,17860,17860
,gui,,CONTROL_PANEL,30397,45,2,2,0,2195.5,11,4380,4380,16138,14259,1,0,0,4380,0,4380,0,4379,0,4379,4380,0,1,0,takeoff,ok,OK,manual,,attempt=1|send=OK|raw=ok|parsed=OK,executor_call=1|command=takeoff|result=OK|response=ok|elapsed_ms=4380|timing_total_ms=4380|recv_wait_ms=4379|attempt_log=[attempt=1|send=OK|raw=ok|parsed=OK],336,336,0,0,0,16.2731,10.6236,77,61,234,0,0,0,0,0,OK,100,1,70,81,110.01,0,71,71,73,801,8350559,0,0,0,36.5242,1,30,-1,0,0,0,0,0,0,OK,100,OK,100,1,telemetry=OK; video=OK; command=OK; rc=OK,OK,OK,OK,OK,50,50,0,-1,0,801,8350559,786,0,0,0,0,0,0,0,0,0,0,786,15,36.5242,960,720,0,0,1,0,OK,0,,0,vision:ffmpeg_stream,,,CONNECTED,0,pitch,2,1,1,0,0,0,0,0,0,0,0,0,0,124,250,1,0,0,0,1,0,0,0,220,566,199,300,3,3,0,0,0,battery?,74,OK,46,18861,18861
,gui,,CONTROL_PANEL,31522,46,2,2,0,2195.5,11,4380,4380,16138,15384,1,0,0,4380,0,4380,0,4379,0,4379,4380,0,1,0,takeoff,ok,OK,manual,,attempt=1|send=OK|raw=ok|parsed=OK,executor_call=1|command=takeoff|result=OK|response=ok|elapsed_ms=4380|timing_total_ms=4380|recv_wait_ms=4379|attempt_log=[attempt=1|send=OK|raw=ok|parsed=OK],347,347,0,0,0,9.37229,10.2955,98,106,234,0,0,0,0,0,OK,100,1,70,82,110.33,0,70,71,73,834,8695450,0,0,0,30.0634,13,33,-1,0,0,0,0,0,0,OK,100,OK,100,1,telemetry=OK; video=OK; command=OK; rc=OK,OK,OK,OK,OK,50,50,0,-1,0,834,8695450,819,0,0,0,0,0,0,0,0,0,0,819,15,30.0634,960,720,0,0,1,0,OK,0,,0,vision:ffmpeg_stream,,,CONNECTED,0,pitch,1,1,1,0,0,0,0,0,0,0,0,0,0,125,250,1,0,0,0,1,0,0,0,230,589,208,300,3,3,0,0,0,battery?,74,OK,46,19986,19986
,gui,,CONTROL_PANEL,32522,47,2,2,0,2195.5,11,4380,4380,16138,16384,1,0,0,4380,0,4380,0,4379,0,4379,4380,0,1,0,takeoff,ok,OK,manual,,attempt=1|send=OK|raw=ok|parsed=OK,executor_call=1|command=takeoff|result=OK|response=ok|elapsed_ms=4380|timing_total_ms=4380|recv_wait_ms=4379|attempt_log=[attempt=1|send=OK|raw=ok|parsed=OK],357,357,0,0,0,9.14551,10.5634,67,109,234,0,0,0,0,0,OK,100,1,70,82,109.95,0,70,70,74,864,9008002,0,0,0,30.872,3,30,-1,0,0,0,0,0,0,OK,100,OK,100,1,telemetry=OK; video=OK; command=OK; rc=OK,OK,OK,OK,OK,50,50,0,-1,0,864,9008002,849,0,0,0,0,0,0,0,0,0,0,849,15,30.872,960,720,0,0,1,0,OK,0,,0,vision:ffmpeg_stream,,,CONNECTED,0,pitch,1,1,1,0,0,0,0,0,0,0,0,0,0,125,249,1,0,0,0,1,0,0,0,239,610,216,300,3,3,0,0,0,battery?,74,OK,46,20986,20986
,gui,,CONTROL_PANEL,33646,48,2,2,0,2195.5,11,4380,4380,16138,17508,1,0,0,4380,0,4380,0,4379,0,4379,4380,0,1,0,takeoff,ok,OK,manual,,attempt=1|send=OK|raw=ok|parsed=OK,executor_call=1|command=takeoff|result=OK|response=ok|elapsed_ms=4380|timing_total_ms=4380|recv_wait_ms=4379|attempt_log=[attempt=1|send=OK|raw=ok|parsed=OK],368,368,0,0,0,13.1545,12.5022,85,76,234,0,0,0,0,0,OK,100,1,70,82,110.22,0,69,71,74,897,9351765,0,0,0,42.899,18,33,-1,0,0,0,0,0,0,OK,100,OK,100,1,telemetry=OK; video=OK; command=OK; rc=OK,OK,OK,OK,OK,50,50,0,-1,0,897,9351765,882,0,0,0,0,0,0,0,0,0,0,882,15,42.899,960,720,0,0,1,0,OK,0,,0,vision:ffmpeg_stream,,,CONNECTED,0,pitch,2,1,1,0,0,0,0,0,0,0,0,0,0,125,250,1,0,0,0,1,0,0,0,249,633,225,300,3,3,0,0,0,battery?,74,OK,46,22110,22110
,gui,,CONTROL_PANEL,34647,49,2,2,0,2195.5,11,4380,4380,16138,18509,1,0,0,4380,0,4380,0,4379,0,4379,4380,0,1,0,takeoff,ok,OK,manual,,attempt=1|send=OK|raw=ok|parsed=OK,executor_call=1|command=takeoff|result=OK|response=ok|elapsed_ms=4380|timing_total_ms=4380|recv_wait_ms=4379|attempt_log=[attempt=1|send=OK|raw=ok|parsed=OK],378,378,0,0,0,9.7619,10.6917,96,102,234,0,0,0,0,0,OK,100,1,70,81,110.11,0,69,71,74,927,9664285,0,0,0,30.4886,14,30,-1,0,0,0,0,0,0,OK,100,OK,100,1,telemetry=OK; video=OK; command=OK; rc=OK,OK,OK,OK,OK,50,50,0,-1,0,927,9664285,912,0,0,0,0,0,0,0,0,0,0,912,15,30.4886,960,720,0,0,1,0,OK,0,,0,vision:ffmpeg_stream,,,CONNECTED,0,pitch,2,1,1,0,0,0,0,0,0,0,0,0,0,124,249,1,0,0,0,1,0,0,0,258,654,233,300,3,3,0,0,0,battery?,74,OK,46,23111,23111
,gui,,CONTROL_PANEL,35772,50,2,2,0,2195.5,11,4380,4380,16138,19634,1,0,0,4380,0,4380,0,4379,0,4379,4380,0,1,0,takeoff,ok,OK,manual,,attempt=1|send=OK|raw=ok|parsed=OK,executor_call=1|command=takeoff|result=OK|response=ok|elapsed_ms=4380|timing_total_ms=4380|recv_wait_ms=4379|attempt_log=[attempt=1|send=OK|raw=ok|parsed=OK],389,389,0,0,0,9.92881,9.94177,85,100,234,0,0,0,0,0,OK,100,1,70,80,110.17,0,68,72,74,961,10018408,0,0,0,29.9344,1,34,-1,0,0,0,0,0,0,OK,100,OK,100,1,telemetry=OK; video=OK; command=OK; rc=OK,OK,OK,OK,OK,50,50,0,-1,0,961,10018408,946,0,0,0,0,0,0,0,0,0,0,946,15,29.9344,960,720,0,0,1,0,OK,0,,0,vision:ffmpeg_stream,,,CONNECTED,0,pitch,1,1,1,0,0,0,0,0,0,0,0,0,0,125,250,1,0,0,0,1,0,0,0,268,678,242,300,3,3,0,0,0,battery?,74,OK,46,24236,24236
,gui,,CONTROL_PANEL,36772,51,2,2,0,2195.5,11,4380,4380,16138,20634,1,0,0,4380,0,4380,0,4379,0,4379,4380,0,1,0,takeoff,ok,OK,manual,,attempt=1|send=OK|raw=ok|parsed=OK,executor_call=1|command=takeoff|result=OK|response=ok|elapsed_ms=4380|timing_total_ms=4380|recv_wait_ms=4379|attempt_log=[attempt=1|send=OK|raw=ok|parsed=OK],399,399,0,0,0,10.0575,11.279,117,99,234,0,0,0,0,0,OK,100,1,70,81,110.24,0,68,71,74,991,10330953,0,0,0,30.2306,0,30,-1,0,0,0,0,0,0,OK,100,OK,100,1,telemetry=OK; video=OK; command=OK; rc=OK,OK,OK,OK,OK,50,50,0,-1,0,991,10330953,976,0,0,0,0,0,0,0,0,0,0,976,15,30.2306,960,720,0,0,1,0,OK,0,,0,vision:ffmpeg_stream,,,CONNECTED,0,pitch,0,1,1,0,0,0,0,0,0,0,0,0,0,125,249,1,0,0,0,1,0,0,0,277,699,250,300,3,3,0,0,0,battery?,74,OK,46,25236,25236
,gui,,CONTROL_PANEL,37897,52,2,2,0,2195.5,11,4380,4380,16138,21759,1,0,0,4380,0,4380,0,4379,0,4379,4380,0,1,0,takeoff,ok,OK,manual,,attempt=1|send=OK|raw=ok|parsed=OK,executor_call=1|command=takeoff|result=OK|response=ok|elapsed_ms=4380|timing_total_ms=4380|recv_wait_ms=4379|attempt_log=[attempt=1|send=OK|raw=ok|parsed=OK],410,410,0,0,0,7.25179,11.7098,44,137,234,0,0,0,0,0,OK,100,1,70,84,110.18,0,67,71,75,1023,10662853,0,0,0,30.3484,16,32,-1,0,0,0,0,0,0,OK,100,OK,100,1,telemetry=OK; video=OK; command=OK; rc=OK,OK,OK,OK,OK,50,50,0,-1,0,1023,10662853,1008,0,0,0,0,0,0,0,0,0,0,1008,15,30.3484,960,720,0,0,1,0,OK,0,,0,vision:ffmpeg_stream,,,CONNECTED,0,pitch,2,1,1,0,0,0,0,0,0,0,0,0,0,125,250,1,0,0,0,1,0,0,0,286,722,258,300,3,3,0,0,0,battery?,74,OK,46,26361,26361
,gui,,CONTROL_PANEL,39022,53,2,2,0,2195.5,11,4380,4380,16138,22884,1,0,0,4380,0,4380,0,4379,0,4379,4380,0,1,0,takeoff,ok,OK,manual,,attempt=1|send=OK|raw=ok|parsed=OK,executor_call=1|command=takeoff|result=OK|response=ok|elapsed_ms=4380|timing_total_ms=4380|recv_wait_ms=4379|attempt_log=[attempt=1|send=OK|raw=ok|parsed=OK],421,421,0,0,0,10.165,10.6269,137,98,234,0,0,0,0,0,OK,100,1,70,83,110.1,0,66,72,75,1057,11017040,0,0,0,28.0277,34,34,-1,0,0,0,0,0,0,OK,100,OK,100,1,telemetry=OK; video=OK; command=OK; rc=OK,OK,OK,OK,OK,50,50,0,-1,0,1057,11017040,1042,0,0,0,0,0,0,0,0,0,0,1042,15,28.0277,960,720,0,0,1,0,OK,0,,0,vision:ffmpeg_stream,,,CONNECTED,0,pitch,0,1,1,0,0,0,0,0,0,0,0,0,0,125,250,1,0,0,0,1,0,0,0,295,747,267,300,3,3,0,0,0,battery?,74,OK,46,27486,27486
,gui,,CONTROL_PANEL,40146,54,2,2,0,2195.5,11,4380,4380,16138,24008,1,0,0,4380,0,4380,0,4379,0,4379,4380,0,1,0,takeoff,ok,OK,manual,,attempt=1|send=OK|raw=ok|parsed=OK,executor_call=1|command=takeoff|result=OK|response=ok|elapsed_ms=4380|timing_total_ms=4380|recv_wait_ms=4379|attempt_log=[attempt=1|send=OK|raw=ok|parsed=OK],433,433,0,0,0,10.3813,10.0202,29,96,234,0,0,0,0,0,OK,100,1,70,83,109.99,0,66,73,75,1092,11381686,0,0,0,30.4326,11,35,-1,0,0,0,0,0,0,OK,100,OK,100,1,telemetry=OK; video=OK; command=OK; rc=OK,OK,OK,OK,OK,51,50,0,-1,0,1092,11381686,1077,0,0,0,0,0,0,0,0,0,0,1077,15,30.4326,960,720,0,0,1,0,OK,0,,0,vision:ffmpeg_stream,,,CONNECTED,0,pitch,2,1,1,0,0,0,0,0,0,0,0,0,0,124,249,1,0,0,0,1,0,0,0,305,772,276,300,3,3,0,0,0,battery?,74,OK,46,28610,28610
,gui,,CONTROL_PANEL,41147,55,2,2,0,2195.5,11,4380,4380,16138,25009,1,0,0,4380,0,4380,0,4379,0,4379,4380,0,1,0,takeoff,ok,OK,manual,,attempt=1|send=OK|raw=ok|parsed=OK,executor_call=1|command=takeoff|result=OK|response=ok|elapsed_ms=4380|timing_total_ms=4380|recv_wait_ms=4379|attempt_log=[attempt=1|send=OK|raw=ok|parsed=OK],443,443,0,0,0,9.81096,15.241,36,101,234,0,0,0,0,0,OK,100,1,70,81,110.05,0,66,72,75,1122,11694155,0,0,0,37.6489,15,30,-1,0,0,0,0,0,0,OK,100,OK,100,1,telemetry=OK; video=OK; command=OK; rc=OK,OK,OK,OK,OK,50,50,0,-1,0,1122,11694155,1107,0,0,0,0,0,0,0,0,0,0,1107,15,37.6489,960,720,0,0,1,0,OK,0,,0,vision:ffmpeg_stream,,,CONNECTED,0,pitch,2,1,1,0,0,0,0,0,0,0,0,0,0,125,250,1,0,0,0,1,0,0,0,313,794,283,300,3,3,0,0,0,battery?,74,OK,46,29611,29611
,gui,,CONTROL_PANEL,42147,56,2,2,0,2195.5,11,4380,4380,16138,26009,1,0,0,4380,0,4380,0,4379,0,4379,4380,0,1,0,takeoff,ok,OK,manual,,attempt=1|send=OK|raw=ok|parsed=OK,executor_call=1|command=takeoff|result=OK|response=ok|elapsed_ms=4380|timing_total_ms=4380|recv_wait_ms=4379|attempt_log=[attempt=1|send=OK|raw=ok|parsed=OK],452,452,0,0,0,9.79843,10.7551,133,102,234,0,0,0,0,0,OK,100,1,70,81,110.09,0,65,72,75,1151,11996370,0,0,0,28.1731,34,29,-1,0,0,0,0,0,0,OK,100,OK,100,1,telemetry=OK; video=OK; command=OK; rc=OK,OK,OK,OK,OK,50,50,0,-1,0,1151,11996370,1136,0,0,0,0,0,0,0,0,0,0,1136,15,28.1731,960,720,0,0,1,0,OK,0,,0,vision:ffmpeg_stream,,,CONNECTED,0,pitch,1,1,1,0,0,0,0,0,0,0,0,0,0,125,249,1,0,0,0,1,0,0,0,321,815,291,300,3,3,0,0,0,battery?,74,OK,46,30611,30611
,gui,,CONTROL_PANEL,43272,57,2,2,0,2195.5,11,4380,4380,16138,27134,1,0,0,4380,0,4380,0,4379,0,4379,4380,0,1,0,takeoff,ok,OK,manual,,attempt=1|send=OK|raw=ok|parsed=OK,executor_call=1|command=takeoff|result=OK|response=ok|elapsed_ms=4380|timing_total_ms=4380|recv_wait_ms=4379|attempt_log=[attempt=1|send=OK|raw=ok|parsed=OK],464,464,0,0,0,11.0698,12.1705,78,90,234,0,0,0,0,0,OK,100,1,70,82,109.93,0,65,73,76,1186,12358421,0,0,0,32.8363,15,35,-1,0,0,0,0,0,0,OK,100,OK,100,1,telemetry=OK; video=OK; command=OK; rc=OK,OK,OK,OK,OK,51,50,0,-1,0,1186,12358421,1171,0,0,0,0,0,0,0,0,0,0,1171,15,32.8363,960,720,0,0,1,0,OK,0,,0,vision:ffmpeg_stream,,,CONNECTED,0,pitch,1,1,1,0,0,0,0,0,0,0,0,0,0,125,250,1,0,0,0,1,0,0,0,331,840,299,300,3,3,0,0,0,battery?,74,OK,46,31736,31736
,gui,,CONTROL_PANEL,44397,58,2,2,0,2195.5,11,4380,4380,16138,28259,1,0,0,4380,0,4380,0,4379,0,4379,4380,0,1,0,takeoff,ok,OK,manual,,attempt=1|send=OK|raw=ok|parsed=OK,executor_call=1|command=takeoff|result=OK|response=ok|elapsed_ms=4380|timing_total_ms=4380|recv_wait_ms=4379|attempt_log=[attempt=1|send=OK|raw=ok|parsed=OK],475,475,0,0,0,10.7616,10.5161,87,92,234,0,0,0,0,0,OK,100,1,70,81,109.81,0,64,73,76,1220,12713084,0,0,0,33.9099,14,34,-1,0,0,0,0,0,0,OK,100,OK,100,1,telemetry=OK; video=OK; command=OK; rc=OK,OK,OK,OK,OK,50,50,0,-1,0,1220,12713084,1205,0,0,0,0,0,0,0,0,0,0,1205,15,33.9099,960,720,0,0,1,0,OK,0,,0,vision:ffmpeg_stream,,,CONNECTED,0,pitch,2,1,1,0,0,0,0,0,0,0,0,0,0,125,249,1,0,0,0,2,0,0,0,341,864,308,300,3,3,0,0,0,battery?,74,OK,46,32861,32861
,gui,,CONTROL_PANEL,45521,59,2,2,0,2195.5,11,4380,4380,16138,29383,1,0,0,4380,0,4380,0,4379,0,4379,4380,0,1,0,takeoff,ok,OK,manual,,attempt=1|send=OK|raw=ok|parsed=OK,executor_call=1|command=takeoff|result=OK|response=ok|elapsed_ms=4380|timing_total_ms=4380|recv_wait_ms=4379|attempt_log=[attempt=1|send=OK|raw=ok|parsed=OK],486,486,0,0,0,9.87364,10.5556,93,101,234,0,0,0,0,0,OK,100,1,70,80,110.08,0,64,74,76,1254,13069405,0,0,0,31.2779,12,34,-1,0,0,0,0,0,0,OK,100,OK,100,1,telemetry=OK; video=OK; command=OK; rc=OK,OK,OK,OK,OK,50,50,0,-1,0,1254,13069405,1239,0,0,0,0,0,0,0,0,0,0,1239,15,31.2779,960,720,0,0,1,0,OK,0,,0,vision:ffmpeg_stream,,,CONNECTED,0,pitch,1,1,1,0,0,0,0,0,0,0,0,0,0,124,249,1,0,0,0,1,0,0,0,350,889,317,300,3,3,0,0,0,battery?,74,OK,46,33985,33985
,gui,,CONTROL_PANEL,46522,60,2,2,0,2195.5,11,4380,4380,16138,30384,1,0,0,4380,0,4380,0,4379,0,4379,4380,0,1,0,takeoff,ok,OK,manual,,attempt=1|send=OK|raw=ok|parsed=OK,executor_call=1|command=takeoff|result=OK|response=ok|elapsed_ms=4380|timing_total_ms=4380|recv_wait_ms=4379|attempt_log=[attempt=1|send=OK|raw=ok|parsed=OK],497,497,0,0,0,9.60933,15.4582,26,104,234,0,0,0,0,0,OK,100,1,70,81,110.19,0,64,74,77,1284,13380347,0,0,0,33.1485,18,30,-1,0,0,0,0,0,0,OK,100,OK,100,1,telemetry=OK; video=OK; command=OK; rc=OK,OK,OK,OK,OK,50,50,0,-1,0,1284,13380347,1269,0,0,0,0,0,0,0,0,0,0,1269,15,33.1485,960,720,0,0,1,0,OK,0,,0,vision:ffmpeg_stream,,,CONNECTED,0,pitch,1,1,1,0,0,0,0,0,0,0,0,0,0,125,250,0,0,0,1,1,0,0,0,358,911,323,300,3,3,0,0,0,battery?,74,OK,46,34986,34986
,gui,,CONTROL_PANEL,47646,61,2,2,0,2195.5,11,4380,4380,16138,31508,1,0,0,4380,0,4380,0,4379,0,4379,4380,0,1,0,takeoff,ok,OK,manual,,attempt=1|send=OK|raw=ok|parsed=OK,executor_call=1|command=takeoff|result=OK|response=ok|elapsed_ms=4380|timing_total_ms=4380|recv_wait_ms=4379|attempt_log=[attempt=1|send=OK|raw=ok|parsed=OK],508,508,0,0,0,15.9334,11.1814,29,62,234,0,0,0,0,0,OK,100,1,60,74,110.07,0,63,73,77,1318,13734515,0,0,0,40.642,22,34,-1,0,0,0,0,0,0,OK,100,OK,100,1,telemetry=OK; video=OK; command=OK; rc=OK,OK,OK,OK,OK,50,50,0,-1,0,1318,13734515,1303,0,0,0,0,0,0,0,0,0,0,1303,15,40.642,960,720,0,0,1,0,OK,0,,0,vision:ffmpeg_stream,,,CONNECTED,0,pitch,3,1,1,0,0,0,0,0,0,0,0,0,0,125,249,2,0,0,1,2,0,0,0,366,937,330,300,3,3,0,0,0,battery?,74,OK,46,36110,36110
,gui,,CONTROL_PANEL,48771,62,2,2,0,2195.5,11,4380,4380,16138,32633,1,0,0,4380,0,4380,0,4379,0,4379,4380,0,1,0,takeoff,ok,OK,manual,,attempt=1|send=OK|raw=ok|parsed=OK,executor_call=1|command=takeoff|result=OK|response=ok|elapsed_ms=4380|timing_total_ms=4380|recv_wait_ms=4379|attempt_log=[attempt=1|send=OK|raw=ok|parsed=OK],519,519,0,0,0,11.1971,11.2012,88,89,234,0,0,0,0,0,OK,100,1,70,83,109.9,0,63,74,76,1352,14088649,0,0,0,33.9248,23,34,-1,0,0,0,0,0,0,OK,100,OK,100,1,telemetry=OK; video=OK; command=OK; rc=OK,OK,OK,OK,OK,50,50,0,-1,0,1352,14088649,1337,0,0,0,0,0,0,0,0,0,0,1337,15,33.9248,960,720,0,0,1,0,OK,0,,0,vision:ffmpeg_stream,,,CONNECTED,0,pitch,1,1,1,0,0,0,0,0,0,0,0,0,0,125,250,1,0,0,0,2,0,0,0,376,961,339,300,3,3,0,0,0,battery?,74,OK,46,37235,37235
,gui,,CONTROL_PANEL,49896,63,2,2,0,2195.5,11,4380,4380,16138,33758,1,0,0,4380,0,4380,0,4379,0,4379,4380,0,1,0,takeoff,ok,OK,manual,,attempt=1|send=OK|raw=ok|parsed=OK,executor_call=1|command=takeoff|result=OK|response=ok|elapsed_ms=4380|timing_total_ms=4380|recv_wait_ms=4379|attempt_log=[attempt=1|send=OK|raw=ok|parsed=OK],531,531,0,0,0,17.0896,14.7961,8,58,243,0,0,0,0,0,OK,100,1,70,85,110.08,0,62,75,76,1386,14440025,0,0,0,30.6403,24,34,-1,0,0,0,0,0,0,OK,100,OK,100,1,telemetry=OK; video=OK; command=OK; rc=OK,OK,OK,OK,OK,50,50,0,-1,0,1386,14440025,1371,0,0,0,0,0,0,0,0,0,0,1371,15,30.6403,960,720,0,0,1,0,OK,0,,0,vision:ffmpeg_stream,,,CONNECTED,0,pitch,3,1,1,0,0,0,0,0,0,0,0,0,0,125,250,1,0,0,0,1,0,0,0,385,986,347,300,3,3,0,0,0,battery?,74,OK,46,38360,38360
,gui,,CONTROL_PANEL,51021,64,2,2,0,2195.5,11,4380,4380,16138,34883,1,0,0,4380,0,4380,0,4379,0,4379,4380,0,1,0,takeoff,ok,OK,manual,,attempt=1|send=OK|raw=ok|parsed=OK,executor_call=1|command=takeoff|result=OK|response=ok|elapsed_ms=4380|timing_total_ms=4380|recv_wait_ms=4379|attempt_log=[attempt=1|send=OK|raw=ok|parsed=OK],542,542,0,0,0,9.44757,10.4825,26,105,243,0,0,0,0,0,OK,100,1,70,82,110.08,0,62,74,76,1420,14794188,0,0,0,30.5607,27,34,-1,0,0,0,0,0,0,OK,100,OK,100,1,telemetry=OK; video=OK; command=OK; rc=OK,OK,OK,OK,OK,50,50,0,-1,0,1420,14794188,1405,0,0,0,0,0,0,0,0,0,0,1405,15,30.5607,960,720,0,0,1,0,OK,0,,0,vision:ffmpeg_stream,,,CONNECTED,0,pitch,1,1,1,0,0,0,0,0,0,0,0,0,0,125,249,1,0,0,0,1,0,0,0,394,1011,356,300,3,3,0,0,0,battery?,74,OK,46,39485,39485
,gui,,CONTROL_PANEL,52147,65,2,2,0,2195.5,11,4380,4380,16138,36009,1,0,0,4380,0,4380,0,4379,0,4379,4380,0,1,0,takeoff,ok,OK,manual,,attempt=1|send=OK|raw=ok|parsed=OK,executor_call=1|command=takeoff|result=OK|response=ok|elapsed_ms=4380|timing_total_ms=4380|recv_wait_ms=4379|attempt_log=[attempt=1|send=OK|raw=ok|parsed=OK],553,553,0,0,0,9.99818,10.4601,45,100,243,0,0,0,0,0,OK,100,1,60,74,109.92,0,61,75,76,1454,15148323,0,0,0,35.3035,44,34,-1,0,0,0,0,0,0,OK,100,OK,100,1,telemetry=OK; video=OK; command=OK; rc=OK,OK,OK,OK,OK,50,50,0,-1,0,1454,15148323,1439,0,0,0,0,0,0,0,0,0,0,1439,15,35.3035,960,720,0,0,1,0,OK,0,,0,vision:ffmpeg_stream,,,CONNECTED,0,pitch,2,1,1,0,0,0,0,0,0,0,0,0,0,125,250,1,0,0,0,1,0,0,0,403,1036,365,300,3,3,0,0,0,battery?,74,OK,46,40611,40611
,gui,,CONTROL_PANEL,53272,66,2,2,0,2195.5,11,4380,4380,16138,37134,1,0,0,4380,0,4380,0,4379,0,4379,4380,0,1,0,takeoff,ok,OK,manual,,attempt=1|send=OK|raw=ok|parsed=OK,executor_call=1|command=takeoff|result=OK|response=ok|elapsed_ms=4380|timing_total_ms=4380|recv_wait_ms=4379|attempt_log=[attempt=1|send=OK|raw=ok|parsed=OK],563,563,0,0,0,10.0527,11.8793,178,99,243,0,0,0,0,0,OK,100,1,70,79,109.92,0,61,74,78,1486,15476242,0,0,0,29.9579,74,32,-1,0,0,0,0,0,0,OK,100,OK,100,1,telemetry=OK; video=OK; command=OK; rc=OK,OK,OK,OK,OK,50,50,0,-1,0,1486,15476242,1471,0,0,0,0,0,0,0,0,0,0,1471,15,29.9579,960,720,0,0,1,0,OK,0,,0,vision:ffmpeg_stream,,,CONNECTED,0,pitch,0,1,1,0,0,0,0,0,0,0,0,0,0,125,250,1,0,0,0,1,0,0,0,412,1059,374,300,3,3,0,0,0,battery?,74,OK,46,41735,41735
,gui,,CONTROL_PANEL,54272,67,2,2,0,2195.5,11,4380,4380,16138,38134,1,0,0,4380,0,4380,0,4379,0,4379,4380,0,1,0,takeoff,ok,OK,manual,,attempt=1|send=OK|raw=ok|parsed=OK,executor_call=1|command=takeoff|result=OK|response=ok|elapsed_ms=4380|timing_total_ms=4380|recv_wait_ms=4379|attempt_log=[attempt=1|send=OK|raw=ok|parsed=OK],574,574,0,0,0,7.32409,10.2647,33,136,243,0,0,0,0,0,OK,100,1,70,83,110.21,0,61,75,77,1518,15810448,0,0,0,31.6389,17,32,-1,0,0,0,0,0,0,OK,100,OK,100,1,telemetry=OK; video=OK; command=OK; rc=OK,OK,OK,OK,OK,50,50,0,-1,0,1518,15810448,1503,0,0,0,0,0,0,0,0,0,0,1503,15,31.6389,960,720,0,0,1,0,OK,0,,0,vision:ffmpeg_stream,,,CONNECTED,0,pitch,1,1,1,0,0,0,0,0,0,0,0,0,0,125,249,1,0,0,0,1,0,0,0,420,1083,382,300,3,3,0,0,0,battery?,74,OK,46,42736,42736
,gui,,CONTROL_PANEL,55396,68,2,2,0,2195.5,11,4380,4380,16138,39258,1,0,0,4380,0,4380,0,4379,0,4379,4380,0,1,0,takeoff,ok,OK,manual,,attempt=1|send=OK|raw=ok|parsed=OK,executor_call=1|command=takeoff|result=OK|response=ok|elapsed_ms=4380|timing_total_ms=4380|recv_wait_ms=4379|attempt_log=[attempt=1|send=OK|raw=ok|parsed=OK],586,586,0,0,0,22.3117,12.5711,25,44,243,0,0,0,0,0,OK,100,1,70,78,110.16,0,60,75,77,1553,16179404,0,0,0,34.3853,7,35,-1,0,0,0,0,0,0,OK,100,OK,100,1,telemetry=OK; video=OK; command=OK; rc=OK,OK,OK,OK,OK,50,50,0,-1,0,1553,16179404,1538,0,0,0,0,0,0,0,0,0,0,1538,15,34.3853,960,720,0,0,1,0,OK,0,,0,vision:ffmpeg_stream,,,CONNECTED,0,pitch,3,1,1,0,0,0,0,0,0,0,0,0,0,124,249,3,0,0,2,1,0,0,0,429,1109,391,300,3,3,0,0,0,battery?,74,OK,46,43860,43860
,gui,,CONTROL_PANEL,56397,69,2,2,0,2195.5,11,4380,4380,16138,40259,1,0,0,4380,0,4380,0,4379,0,4379,4380,0,1,0,takeoff,ok,OK,manual,,attempt=1|send=OK|raw=ok|parsed=OK,executor_call=1|command=takeoff|result=OK|response=ok|elapsed_ms=4380|timing_total_ms=4380|recv_wait_ms=4379|attempt_log=[attempt=1|send=OK|raw=ok|parsed=OK],596,596,0,0,0,10.7362,10.1754,1,93,243,0,0,0,0,0,OK,100,1,70,81,110.21,0,60,75,77,1583,16492235,0,0,0,35.417,16,30,-1,0,0,0,0,0,0,OK,100,OK,100,1,telemetry=OK; video=OK; command=OK; rc=OK,OK,OK,OK,OK,51,50,0,-1,0,1583,16492235,1568,0,0,0,0,0,0,0,0,0,0,1568,15,35.417,960,720,0,0,1,0,OK,0,,0,vision:ffmpeg_stream,,,CONNECTED,0,pitch,3,1,1,0,0,0,0,0,0,0,0,0,0,125,249,2,0,0,1,1,0,0,0,437,1131,399,300,3,3,0,0,0,battery?,74,OK,46,44861,44861
,gui,,CONTROL_PANEL,57398,70,2,2,0,2195.5,11,4380,4380,16138,41260,1,0,0,4380,0,4380,0,4379,0,4379,4380,0,1,0,takeoff,ok,OK,manual,,attempt=1|send=OK|raw=ok|parsed=OK,executor_call=1|command=takeoff|result=OK|response=ok|elapsed_ms=4380|timing_total_ms=4380|recv_wait_ms=4379|attempt_log=[attempt=1|send=OK|raw=ok|parsed=OK],605,605,0,0,0,13.0075,10.2879,100,76,243,0,0,0,0,0,OK,100,1,70,85,110.1,0,60,75,78,1613,16803877,0,0,0,35.4849,25,30,-1,0,0,0,0,0,0,OK,100,OK,100,1,telemetry=OK; video=OK; command=OK; rc=OK,OK,OK,OK,OK,51,50,0,-1,0,1613,16803877,1598,0,0,0,0,0,0,0,0,0,0,1598,15,35.4849,960,720,0,0,1,0,OK,0,,0,vision:ffmpeg_stream,,,CONNECTED,0,pitch,2,1,1,0,0,0,0,0,0,0,0,0,0,125,250,2,0,0,1,1,0,0,0,446,1152,407,300,3,3,0,0,0,battery?,74,OK,46,45862,45862
,gui,,CONTROL_PANEL,58523,71,2,2,0,2195.5,11,4380,4380,16138,42385,1,0,0,4380,0,4380,0,4379,0,4379,4380,0,1,0,takeoff,ok,OK,manual,,attempt=1|send=OK|raw=ok|parsed=OK,executor_call=1|command=takeoff|result=OK|response=ok|elapsed_ms=4380|timing_total_ms=4380|recv_wait_ms=4379|attempt_log=[attempt=1|send=OK|raw=ok|parsed=OK],617,617,0,0,0,11.81,12.4121,4,84,243,0,0,0,0,0,OK,100,1,70,84,110.04,0,60,75,78,1646,17148467,0,0,0,37.577,18,33,-1,0,0,0,0,0,0,OK,100,OK,100,1,telemetry=OK; video=OK; command=OK; rc=OK,OK,OK,OK,OK,51,50,0,-1,0,1646,17148467,1631,0,0,0,0,0,0,0,0,0,0,1631,15,37.577,960,720,0,0,1,0,OK,0,,0,vision:ffmpeg_stream,,,CONNECTED,0,pitch,2,1,1,0,0,0,0,0,0,0,0,0,0,126,249,2,0,0,1,0,0,0,0,455,1176,415,300,3,3,0,0,0,battery?,74,OK,46,46987,46987
,gui,,CONTROL_PANEL,59647,72,2,2,0,2195.5,11,4380,4380,16138,43509,1,0,0,4380,0,4380,0,4379,0,4379,4380,0,1,0,takeoff,ok,OK,manual,,attempt=1|send=OK|raw=ok|parsed=OK,executor_call=1|command=takeoff|result=OK|response=ok|elapsed_ms=4380|timing_total_ms=4380|recv_wait_ms=4379|attempt_log=[attempt=1|send=OK|raw=ok|parsed=OK],627,627,0,0,0,9.36579,10.2316,85,106,243,0,0,0,0,0,OK,100,1,70,81,110.04,0,59,76,78,1679,17492316,0,0,0,29.6309,15,33,-1,0,0,0,0,0,0,OK,100,OK,100,1,telemetry=OK; video=OK; command=OK; rc=OK,OK,OK,OK,OK,51,50,0,-1,0,1679,17492316,1664,0,0,0,0,0,0,0,0,0,0,1664,15,29.6309,960,720,0,0,1,0,OK,0,,0,vision:ffmpeg_stream,,,CONNECTED,0,pitch,2,1,1,0,0,0,0,0,0,0,0,0,0,124,249,1,0,0,0,0,0,0,0,465,1199,422,300,3,3,0,0,0,battery?,74,OK,46,48111,48111
,gui,,CONTROL_PANEL,60647,73,2,2,0,2195.5,11,4380,4380,16138,44509,1,0,0,4380,0,4380,0,4379,0,4379,4380,0,1,0,takeoff,ok,OK,manual,,attempt=1|send=OK|raw=ok|parsed=OK,executor_call=1|command=takeoff|result=OK|response=ok|elapsed_ms=4380|timing_total_ms=4380|recv_wait_ms=4379|attempt_log=[attempt=1|send=OK|raw=ok|parsed=OK],637,637,0,0,0,9.64145,15.9516,35,103,243,0,0,0,0,0,OK,100,1,70,80,109.93,0,59,76,79,1708,17794432,0,0,0,31.4025,29,29,-1,0,0,0,0,0,0,OK,100,OK,100,1,telemetry=OK; video=OK; command=OK; rc=OK,OK,OK,OK,OK,50,50,0,-1,0,1708,17794432,1693,0,0,0,0,0,0,0,0,0,0,1693,15,31.4025,960,720,0,0,1,0,OK,0,,0,vision:ffmpeg_stream,,,CONNECTED,0,pitch,2,1,1,0,0,0,0,0,0,0,0,0,0,125,249,2,0,0,2,0,0,0,0,473,1220,429,300,3,3,0,0,0,battery?,74,OK,46,49111,49111
,gui,,CONTROL_PANEL,61771,74,2,2,0,2195.5,11,4380,4380,16138,45633,1,0,0,4380,0,4380,0,4379,0,4379,4380,0,1,0,takeoff,ok,OK,manual,,attempt=1|send=OK|raw=ok|parsed=OK,executor_call=1|command=takeoff|result=OK|response=ok|elapsed_ms=4380|timing_total_ms=4380|recv_wait_ms=4379|attempt_log=[attempt=1|send=OK|raw=ok|parsed=OK],648,648,0,0,0,9.66498,12.7737,50,103,243,0,0,0,0,0,OK,100,1,70,81,110.02,0,59,76,79,1741,18138161,0,0,0,29.9239,35,33,-1,0,0,0,0,0,0,OK,100,OK,100,1,telemetry=OK; video=OK; command=OK; rc=OK,OK,OK,OK,OK,50,50,0,-1,0,1741,18138161,1726,0,0,0,0,0,0,0,0,0,0,1726,15,29.9239,960,720,0,0,1,0,OK,0,,0,vision:ffmpeg_stream,,,CONNECTED,0,pitch,1,1,1,0,0,0,0,0,0,0,0,0,0,124,249,1,0,0,0,0,0,0,0,484,1242,438,300,3,3,0,0,0,battery?,74,OK,46,50235,50235
,gui,,CONTROL_PANEL,62772,75,2,2,0,2195.5,11,4380,4380,16138,46634,1,0,0,4380,0,4380,0,4379,0,4379,4380,0,1,0,takeoff,ok,OK,manual,,attempt=1|send=OK|raw=ok|parsed=OK,executor_call=1|command=takeoff|result=OK|response=ok|elapsed_ms=4380|timing_total_ms=4380|recv_wait_ms=4379|attempt_log=[attempt=1|send=OK|raw=ok|parsed=OK],658,658,0,0,0,9.9346,10.2418,8,100,243,0,0,0,0,0,OK,100,1,70,77,109.99,0,59,75,78,1771,18450795,0,0,0,30.0695,23,30,-1,0,0,0,0,0,0,OK,100,OK,100,1,telemetry=OK; video=OK; command=OK; rc=OK,OK,OK,OK,OK,51,50,0,-1,0,1771,18450795,1756,0,0,0,0,0,0,0,0,0,0,1756,15,30.0695,960,720,0,0,1,0,OK,0,,0,vision:ffmpeg_stream,,,CONNECTED,0,pitch,1,1,1,0,0,0,0,0,0,0,0,0,0,124,250,1,0,0,0,0,0,0,0,492,1264,446,300,3,3,0,0,0,battery?,74,OK,46,51236,51236
,gui,,CONTROL_PANEL,63772,76,2,2,0,2195.5,11,4380,4380,16138,47634,1,0,0,4380,0,4380,0,4379,0,4379,4380,0,1,0,takeoff,ok,OK,manual,,attempt=1|send=OK|raw=ok|parsed=OK,executor_call=1|command=takeoff|result=OK|response=ok|elapsed_ms=4380|timing_total_ms=4380|recv_wait_ms=4379|attempt_log=[attempt=1|send=OK|raw=ok|parsed=OK],668,668,0,0,0,10.0847,10.3513,24,99,243,0,0,0,0,0,OK,100,1,70,81,109.95,0,59,76,78,1801,18763207,0,0,0,30.0305,12,30,-1,0,0,0,0,0,0,OK,100,OK,100,1,telemetry=OK; video=OK; command=OK; rc=OK,OK,OK,OK,OK,51,50,0,-1,0,1801,18763207,1786,0,0,0,0,0,0,0,0,0,0,1786,15,30.0305,960,720,0,0,1,0,OK,0,,0,vision:ffmpeg_stream,,,CONNECTED,0,pitch,1,1,1,0,0,0,0,0,0,0,0,0,0,125,249,1,0,0,0,0,0,0,0,502,1284,454,300,3,3,0,0,0,battery?,74,OK,46,52236,52236
,gui,,CONTROL_PANEL,64896,77,2,2,0,2195.5,11,4380,4380,16138,48758,1,0,0,4380,0,4380,0,4379,0,4379,4380,0,1,0,takeoff,ok,OK,manual,,attempt=1|send=OK|raw=ok|parsed=OK,executor_call=1|command=takeoff|result=OK|response=ok|elapsed_ms=4380|timing_total_ms=4380|recv_wait_ms=4379|attempt_log=[attempt=1|send=OK|raw=ok|parsed=OK],679,679,0,0,0,9.91093,10.5412,11,100,243,0,0,0,0,0,OK,100,1,70,79,110.2,0,58,76,77,1834,19107026,0,0,0,35.2962,29,33,-1,0,0,0,0,0,0,OK,100,OK,100,1,telemetry=OK; video=OK; command=OK; rc=OK,OK,OK,OK,OK,50,50,0,-1,0,1834,19107026,1819,0,0,0,0,0,0,0,0,0,0,1819,15,35.2962,960,720,0,0,1,0,OK,0,,0,vision:ffmpeg_stream,,,CONNECTED,0,pitch,3,1,1,0,0,0,0,0,0,0,0,0,0,124,249,1,0,0,0,0,0,0,0,512,1307,463,300,3,3,0,0,0,battery?,74,OK,46,53360,53360
,gui,,CONTROL_PANEL,65897,78,2,2,0,2195.5,11,4380,4380,16138,49759,1,0,0,4380,0,4380,0,4379,0,4379,4380,0,1,0,takeoff,ok,OK,manual,,attempt=1|send=OK|raw=ok|parsed=OK,executor_call=1|command=takeoff|result=OK|response=ok|elapsed_ms=4380|timing_total_ms=4380|recv_wait_ms=4379|attempt_log=[attempt=1|send=OK|raw=ok|parsed=OK],689,689,0,0,0,9.74397,11.3767,39,102,243,0,0,0,0,0,OK,100,1,70,77,109.64,0,58,76,78,1864,19419535,0,0,0,30.5329,23,30,-1,0,0,0,0,0,0,OK,100,OK,100,1,telemetry=OK; video=OK; command=OK; rc=OK,OK,OK,OK,OK,51,50,0,-1,0,1864,19419535,1849,0,0,0,0,0,0,0,0,0,0,1849,15,30.5329,960,720,0,0,1,0,OK,0,,0,vision:ffmpeg_stream,,,CONNECTED,0,pitch,2,1,1,0,0,0,0,0,0,0,0,0,0,125,249,1,0,0,0,0,0,0,0,521,1328,471,300,3,3,0,0,0,battery?,74,OK,46,54360,54360
,gui,,CONTROL_PANEL,67022,79,2,2,0,2195.5,11,4380,4380,16138,50884,1,0,0,4380,0,4380,0,4379,0,4379,4380,0,1,0,takeoff,ok,OK,manual,,attempt=1|send=OK|raw=ok|parsed=OK,executor_call=1|command=takeoff|result=OK|response=ok|elapsed_ms=4380|timing_total_ms=4380|recv_wait_ms=4379|attempt_log=[attempt=1|send=OK|raw=ok|parsed=OK],699,699,0,0,0,9.75951,11.505,116,102,243,0,0,0,0,0,OK,100,1,70,79,109.84,0,58,76,80,1897,19763213,0,0,0,30.4219,45,33,-1,0,0,0,0,0,0,OK,100,OK,100,1,telemetry=OK; video=OK; command=OK; rc=OK,OK,OK,OK,OK,51,50,0,-1,0,1897,19763213,1882,0,0,0,0,0,0,0,0,0,0,1882,15,30.4219,960,720,0,0,1,0,OK,0,,0,vision:ffmpeg_stream,,,CONNECTED,0,pitch,0,1,1,0,0,0,0,0,0,0,0,0,0,125,250,2,0,0,1,0,0,0,0,531,1351,479,300,3,3,0,0,0,battery?,74,OK,46,55486,55486
,gui,,CONTROL_PANEL,68146,80,2,2,0,2195.5,11,4380,4380,16138,52008,1,0,0,4380,0,4380,0,4379,0,4379,4380,0,1,0,takeoff,ok,OK,manual,,attempt=1|send=OK|raw=ok|parsed=OK,executor_call=1|command=takeoff|result=OK|response=ok|elapsed_ms=4380|timing_total_ms=4380|recv_wait_ms=4379|attempt_log=[attempt=1|send=OK|raw=ok|parsed=OK],711,711,0,0,0,9.68725,13.7233,49,103,243,0,0,0,0,0,OK,100,1,70,85,109.74,0,57,77,79,1932,20127840,0,0,0,33.3107,0,35,-1,0,0,0,0,0,0,OK,100,OK,100,1,telemetry=OK; video=OK; command=OK; rc=OK,OK,OK,OK,OK,50,50,0,-1,0,1932,20127840,1917,0,0,0,0,0,0,0,0,0,0,1917,15,33.3107,960,720,0,0,1,0,OK,0,,0,vision:ffmpeg_stream,,,CONNECTED,0,pitch,2,1,1,0,0,0,0,0,0,0,0,0,0,125,249,1,0,0,0,0,0,0,0,541,1376,487,300,3,3,0,0,0,battery?,74,OK,46,56610,56610
,gui,,CONTROL_PANEL,69147,81,2,2,0,2195.5,11,4380,4380,16138,53009,1,0,0,4380,0,4380,0,4379,0,4379,4380,0,1,0,takeoff,ok,OK,manual,,attempt=1|send=OK|raw=ok|parsed=OK,executor_call=1|command=takeoff|result=OK|response=ok|elapsed_ms=4380|timing_total_ms=4380|recv_wait_ms=4379|attempt_log=[attempt=1|send=OK|raw=ok|parsed=OK],721,721,0,0,0,10.335,10.7855,17,96,243,0,0,0,0,0,OK,100,1,70,88,109.86,0,57,77,79,1962,20440330,0,0,0,33.7016,0,30,-1,0,0,0,0,0,0,OK,100,OK,100,1,telemetry=OK; video=OK; command=OK; rc=OK,OK,OK,OK,OK,50,50,0,-1,0,1962,20440330,1947,0,0,0,0,0,0,0,0,0,0,1947,15,33.7016,960,720,0,0,1,0,OK,0,,0,vision:ffmpeg_stream,,,CONNECTED,0,pitch,3,1,1,0,0,0,0,0,0,0,0,0,0,125,250,1,0,0,0,0,0,0,0,550,1397,495,300,3,3,0,0,0,battery?,74,OK,46,57611,57611
,gui,,CONTROL_PANEL,70271,82,2,2,0,2195.5,11,4380,4380,16138,54133,1,0,0,4380,0,4380,0,4379,0,4379,4380,0,1,0,takeoff,ok,OK,manual,,attempt=1|send=OK|raw=ok|parsed=OK,executor_call=1|command=takeoff|result=OK|response=ok|elapsed_ms=4380|timing_total_ms=4380|recv_wait_ms=4379|attempt_log=[attempt=1|send=OK|raw=ok|parsed=OK],732,732,0,0,0,24.4869,12.4047,47,40,243,0,0,0,0,0,OK,100,1,70,82,109.88,0,57,76,79,1995,20778881,0,0,0,42.3721,30,33,-1,0,0,0,0,0,0,OK,100,OK,100,1,telemetry=OK; video=OK; command=OK; rc=OK,OK,OK,OK,OK,50,50,0,-1,0,1995,20778881,1980,0,0,0,0,0,0,0,0,0,0,1980,15,42.3721,960,720,0,0,1,0,OK,0,,0,vision:ffmpeg_stream,,,CONNECTED,0,pitch,2,1,1,0,0,0,0,0,0,0,0,0,0,125,249,1,0,0,0,0,0,0,0,559,1421,504,300,3,3,0,0,0,battery?,74,OK,46,58735,58735
,gui,,CONTROL_PANEL,71271,83,2,2,0,2195.5,11,4380,4380,16138,55133,1,0,0,4380,0,4380,0,4379,0,4379,4380,0,1,0,takeoff,ok,OK,manual,,attempt=1|send=OK|raw=ok|parsed=OK,executor_call=1|command=takeoff|result=OK|response=ok|elapsed_ms=4380|timing_total_ms=4380|recv_wait_ms=4379|attempt_log=[attempt=1|send=OK|raw=ok|parsed=OK],742,742,0,0,0,10.5291,10.341,46,94,243,0,0,0,0,0,OK,100,1,60,72,109.84,0,57,77,80,2025,21092434,0,0,0,31.7977,30,30,-1,0,0,0,0,0,0,OK,100,OK,100,1,telemetry=OK; video=OK; command=OK; rc=OK,OK,OK,OK,OK,50,50,0,-1,0,2025,21092434,2010,0,0,0,0,0,0,0,0,0,0,2010,15,31.7977,960,720,0,0,1,0,OK,0,,0,vision:ffmpeg_stream,,,CONNECTED,0,pitch,1,1,1,0,0,0,0,0,0,0,0,0,0,125,249,1,0,0,0,1,0,0,0,568,1442,512,300,3,3,0,0,0,battery?,74,OK,46,59735,59735
,gui,,CONTROL_PANEL,72272,84,2,2,0,2195.5,11,4380,4380,16138,56134,1,0,0,4380,0,4380,0,4379,0,4379,4380,0,1,0,takeoff,ok,OK,manual,,attempt=1|send=OK|raw=ok|parsed=OK,executor_call=1|command=takeoff|result=OK|response=ok|elapsed_ms=4380|timing_total_ms=4380|recv_wait_ms=4379|attempt_log=[attempt=1|send=OK|raw=ok|parsed=OK],752,752,0,0,0,9.61257,9.7665,19,104,243,0,0,0,0,0,OK,100,1,60,72,109.85,0,57,76,80,2055,21404927,0,0,0,32.8146,35,30,-1,0,0,0,0,0,0,OK,100,OK,100,1,telemetry=OK; video=OK; command=OK; rc=OK,OK,OK,OK,OK,50,50,0,-1,0,2055,21404927,2040,0,0,0,0,0,0,0,0,0,0,2040,15,32.8146,960,720,0,0,1,0,OK,0,,0,vision:ffmpeg_stream,,,CONNECTED,0,pitch,1,1,1,0,0,0,0,0,0,0,0,0,0,125,249,1,0,0,0,1,0,0,0,576,1464,520,300,3,3,0,0,0,battery?,74,OK,46,60736,60736
,gui,,CONTROL_PANEL,73396,85,2,2,0,2195.5,11,4380,4380,16138,57258,1,0,0,4380,0,4380,0,4379,0,4379,4380,0,1,0,takeoff,ok,OK,manual,,attempt=1|send=OK|raw=ok|parsed=OK,executor_call=1|command=takeoff|result=OK|response=ok|elapsed_ms=4380|timing_total_ms=4380|recv_wait_ms=4379|attempt_log=[attempt=1|send=OK|raw=ok|parsed=OK],762,762,0,0,0,19.8013,12.6699,195,50,243,0,0,0,0,0,OK,100,1,60,76,110.04,0,56,77,79,2086,21728398,0,0,0,32.7369,132,31,-1,0,0,0,0,0,0,OK,100,OK,100,1,telemetry=OK; video=OK; command=OK; rc=OK,OK,OK,OK,OK,50,50,0,-1,0,2086,21728398,2071,0,0,0,0,0,0,0,0,0,0,2071,15,32.7369,960,720,0,0,1,0,OK,0,,0,vision:ffmpeg_stream,,,CONNECTED,0,pitch,1,1,1,0,0,0,0,0,0,0,0,0,0,124,249,1,0,0,0,1,0,0,0,584,1487,529,300,3,3,0,0,0,battery?,74,OK,46,61860,61860
,gui,,CONTROL_PANEL,74397,86,2,2,0,2195.5,11,4380,4380,16138,58259,1,0,0,4380,0,4380,0,4379,0,4379,4380,0,1,0,takeoff,ok,OK,manual,,attempt=1|send=OK|raw=ok|parsed=OK,executor_call=1|command=takeoff|result=OK|response=ok|elapsed_ms=4380|timing_total_ms=4380|recv_wait_ms=4379|attempt_log=[attempt=1|send=OK|raw=ok|parsed=OK],773,773,0,0,0,9.90436,11.0353,83,100,243,0,0,0,0,0,OK,100,1,70,80,109.78,0,56,78,79,2120,22084199,0,0,0,32.2714,3,34,-1,0,0,0,0,0,0,OK,100,OK,100,1,telemetry=OK; video=OK; command=OK; rc=OK,OK,OK,OK,OK,50,50,0,-1,0,2120,22084199,2105,0,0,0,0,0,0,0,0,0,0,2105,15,32.2714,960,720,0,0,1,0,OK,0,,0,vision:ffmpeg_stream,,,CONNECTED,0,pitch,2,1,1,0,0,0,0,0,0,0,0,0,0,125,249,1,0,0,0,1,0,0,0,593,1512,536,300,3,3,0,0,0,battery?,74,OK,46,62860,62860
,gui,,CONTROL_PANEL,75522,87,2,2,0,2195.5,11,4380,4380,16138,59384,1,0,0,4380,0,4380,0,4379,0,4379,4380,0,1,0,takeoff,ok,OK,manual,,attempt=1|send=OK|raw=ok|parsed=OK,executor_call=1|command=takeoff|result=OK|response=ok|elapsed_ms=4380|timing_total_ms=4380|recv_wait_ms=4379|attempt_log=[attempt=1|send=OK|raw=ok|parsed=OK],784,784,0,0,0,10.0389,10.0861,86,99,243,0,0,0,0,0,OK,100,1,70,82,109.68,0,56,77,80,2154,22440529,0,0,0,30.9519,5,34,-1,0,0,0,0,0,0,OK,100,OK,100,1,telemetry=OK; video=OK; command=OK; rc=OK,OK,OK,OK,OK,50,50,0,-1,0,2154,22440529,2139,0,0,0,0,0,0,0,0,0,0,2139,15,30.9519,960,720,0,0,1,0,OK,0,,0,vision:ffmpeg_stream,,,CONNECTED,0,pitch,1,1,1,0,0,0,0,0,0,0,0,0,0,125,249,1,0,0,0,1,0,0,0,602,1537,545,300,3,3,0,0,0,battery?,74,OK,46,63986,63986
,gui,,CONTROL_PANEL,76646,88,2,2,0,2195.5,11,4380,4380,16138,60508,1,0,0,4380,0,4380,0,4379,0,4379,4380,0,1,0,takeoff,ok,OK,manual,,attempt=1|send=OK|raw=ok|parsed=OK,executor_call=1|command=takeoff|result=OK|response=ok|elapsed_ms=4380|timing_total_ms=4380|recv_wait_ms=4379|attempt_log=[attempt=1|send=OK|raw=ok|parsed=OK],795,795,0,0,0,9.28209,11.9355,78,107,243,0,0,0,0,0,OK,100,1,70,82,110.07,0,55,77,81,2188,22791733,0,0,0,31.5649,3,34,-1,0,0,0,0,0,0,OK,100,OK,100,1,telemetry=OK; video=OK; command=OK; rc=OK,OK,OK,OK,OK,50,50,0,-1,0,2188,22791733,2173,0,0,0,0,0,0,0,0,0,0,2173,15,31.5649,960,720,0,0,1,0,OK,0,,0,vision:ffmpeg_stream,,,CONNECTED,0,pitch,2,1,1,0,0,0,0,0,0,0,0,0,0,125,250,1,0,0,0,1,0,0,0,612,1561,554,300,3,3,0,0,0,battery?,74,OK,46,65110,65110
,gui,,CONTROL_PANEL,77772,89,2,2,0,2195.5,11,4380,4380,16138,61634,1,0,0,4380,0,4380,0,4379,0,4379,4380,0,1,0,takeoff,ok,OK,manual,,attempt=1|send=OK|raw=ok|parsed=OK,executor_call=1|command=takeoff|result=OK|response=ok|elapsed_ms=4380|timing_total_ms=4380|recv_wait_ms=4379|attempt_log=[attempt=1|send=OK|raw=ok|parsed=OK],807,807,0,0,0,9.9907,10.5459,57,100,243,0,0,0,0,0,OK,100,1,70,87,110.32,0,55,78,80,2222,23145833,0,0,0,30.0242,3,34,-1,0,0,0,0,0,0,OK,100,OK,100,1,telemetry=OK; video=OK; command=OK; rc=OK,OK,OK,OK,OK,50,50,0,-1,0,2222,23145833,2207,0,0,0,0,0,0,0,0,0,0,2207,15,30.0242,960,720,0,0,1,0,OK,0,,0,vision:ffmpeg_stream,,,CONNECTED,0,pitch,1,1,1,0,0,0,0,0,0,0,0,0,0,125,249,1,0,0,0,1,0,0,0,621,1586,562,300,3,3,0,0,0,battery?,74,OK,46,66236,66236
,gui,,CONTROL_PANEL,78897,90,2,2,0,2195.5,11,4380,4380,16138,62759,1,0,0,4380,0,4380,0,4379,0,4379,4380,0,1,0,takeoff,ok,OK,manual,,attempt=1|send=OK|raw=ok|parsed=OK,executor_call=1|command=takeoff|result=OK|response=ok|elapsed_ms=4380|timing_total_ms=4380|recv_wait_ms=4379|attempt_log=[attempt=1|send=OK|raw=ok|parsed=OK],818,818,0,0,0,9.29307,9.86959,61,107,243,0,0,0,0,0,OK,100,1,70,86,109.92,0,55,79,81,2256,23500138,0,0,0,31.9852,4,34,-1,0,0,0,0,0,0,OK,100,OK,100,1,telemetry=OK; video=OK; command=OK; rc=OK,OK,OK,OK,OK,50,50,0,-1,0,2256,23500138,2241,0,0,0,0,0,0,0,0,0,0,2241,15,31.9852,960,720,0,0,1,0,OK,0,,0,vision:ffmpeg_stream,,,CONNECTED,0,pitch,2,1,1,0,0,0,0,0,0,0,0,0,0,125,250,1,0,0,0,2,0,0,0,630,1611,571,300,3,3,0,0,0,battery?,74,OK,46,67361,67361
,gui,,CONTROL_PANEL,80022,91,2,2,0,2195.5,11,4380,4380,16138,63884,1,0,0,4380,0,4380,0,4379,0,4379,4380,0,1,0,takeoff,ok,OK,manual,,attempt=1|send=OK|raw=ok|parsed=OK,executor_call=1|command=takeoff|result=OK|response=ok|elapsed_ms=4380|timing_total_ms=4380|recv_wait_ms=4379|attempt_log=[attempt=1|send=OK|raw=ok|parsed=OK],829,829,0,0,0,9.07914,10.459,96,110,243,0,0,0,0,0,OK,100,1,70,87,109.91,1,55,78,80,2289,23843864,0,0,0,30.2172,43,33,-1,0,0,0,0,0,0,OK,100,OK,100,1,telemetry=OK; video=OK; command=OK; rc=OK,OK,OK,OK,OK,50,50,0,-1,0,2289,23843864,2274,0,0,0,0,0,0,0,0,0,0,2274,15,30.2172,960,720,0,0,1,0,OK,0,,0,vision:ffmpeg_stream,,,CONNECTED,0,pitch,1,1,1,0,0,0,0,0,0,0,0,0,0,125,249,1,0,0,0,2,0,0,0,639,1635,580,300,3,3,0,0,0,battery?,74,OK,46,68486,68486
,gui,,CONTROL_PANEL,81147,92,2,2,0,2195.5,11,4380,4380,16138,65009,1,0,0,4380,0,4380,0,4379,0,4379,4380,0,1,0,takeoff,ok,OK,manual,,attempt=1|send=OK|raw=ok|parsed=OK,executor_call=1|command=takeoff|result=OK|response=ok|elapsed_ms=4380|timing_total_ms=4380|recv_wait_ms=4379|attempt_log=[attempt=1|send=OK|raw=ok|parsed=OK],841,841,0,0,0,11.5689,11.2059,11,86,243,0,0,0,0,0,OK,100,1,60,76,109.69,0,54,77,81,2324,24207166,0,0,0,38.4028,29,35,-1,0,0,0,0,0,0,OK,100,OK,100,1,telemetry=OK; video=OK; command=OK; rc=OK,OK,OK,OK,OK,50,50,0,-1,0,2324,24207166,2309,0,0,0,0,0,0,0,0,0,0,2309,15,38.4028,960,720,0,0,1,0,OK,0,,0,vision:ffmpeg_stream,,,CONNECTED,0,pitch,2,1,1,0,0,0,0,0,0,0,0,0,0,125,250,1,0,0,0,2,0,0,0,648,1661,589,300,3,3,0,0,0,battery?,74,OK,46,69611,69611
,gui,,CONTROL_PANEL,82271,93,2,2,0,2195.5,11,4380,4380,16138,66133,1,0,0,4380,0,4380,0,4379,0,4379,4380,0,1,0,takeoff,ok,OK,manual,,attempt=1|send=OK|raw=ok|parsed=OK,executor_call=1|command=takeoff|result=OK|response=ok|elapsed_ms=4380|timing_total_ms=4380|recv_wait_ms=4379|attempt_log=[attempt=1|send=OK|raw=ok|parsed=OK],852,852,0,0,0,9.20556,11.1366,32,108,243,0,0,0,0,0,OK,100,1,70,77,109.72,0,54,78,81,2358,24557798,0,0,0,31.9383,17,34,-1,0,0,0,0,0,0,OK,100,OK,100,1,telemetry=OK; video=OK; command=OK; rc=OK,OK,OK,OK,OK,51,50,0,-1,0,2358,24557798,2343,0,0,0,0,0,0,0,0,0,0,2343,15,31.9383,960,720,0,0,1,0,OK,0,,0,vision:ffmpeg_stream,,,CONNECTED,0,pitch,1,1,1,0,0,0,0,0,0,0,0,0,0,124,250,1,0,0,0,2,0,0,0,657,1686,598,300,3,3,0,0,0,battery?,74,OK,46,70735,70735
,gui,,CONTROL_PANEL,83272,94,2,2,0,2195.5,11,4380,4380,16138,67134,1,0,0,4380,0,4380,0,4379,0,4379,4380,0,1,0,takeoff,ok,OK,manual,,attempt=1|send=OK|raw=ok|parsed=OK,executor_call=1|command=takeoff|result=OK|response=ok|elapsed_ms=4380|timing_total_ms=4380|recv_wait_ms=4379|attempt_log=[attempt=1|send=OK|raw=ok|parsed=OK],862,862,0,0,0,8.17204,9.62914,3,122,243,0,0,0,0,0,OK,100,1,70,78,109.92,0,54,78,80,2388,24869538,0,0,0,32.5298,4,30,-1,0,0,0,0,0,0,OK,100,OK,100,1,telemetry=OK; video=OK; command=OK; rc=OK,OK,OK,OK,OK,50,50,0,-1,0,2388,24869538,2373,0,0,0,0,0,0,0,0,0,0,2373,15,32.5298,960,720,0,0,1,0,OK,0,,0,vision:ffmpeg_stream,,,CONNECTED,0,pitch,1,1,1,0,0,0,0,0,0,0,0,0,0,125,250,0,0,0,0,2,0,0,0,666,1707,605,300,3,3,0,0,0,battery?,74,OK,46,71736,71736
,gui,,CONTROL_PANEL,84396,95,2,2,0,2195.5,11,4380,4380,16138,68258,1,0,0,4380,0,4380,0,4379,0,4379,4380,0,1,0,takeoff,ok,OK,manual,,attempt=1|send=OK|raw=ok|parsed=OK,executor_call=1|command=takeoff|result=OK|response=ok|elapsed_ms=4380|timing_total_ms=4380|recv_wait_ms=4379|attempt_log=[attempt=1|send=OK|raw=ok|parsed=OK],873,873,0,0,0,6.8007,9.65718,35,147,243,0,0,0,0,0,OK,100,1,70,80,110.09,0,53,78,80,2422,25226552,0,0,0,36.4969,0,34,-1,0,0,0,0,0,0,OK,100,OK,100,1,telemetry=OK; video=OK; command=OK; rc=OK,OK,OK,OK,OK,50,50,0,-1,0,2422,25226552,2407,0,0,0,0,0,0,0,0,0,0,2407,15,36.4969,960,720,0,0,1,0,OK,0,,0,vision:ffmpeg_stream,,,CONNECTED,0,pitch,2,1,1,0,0,0,0,0,0,0,0,0,0,125,250,0,0,0,0,2,0,0,0,674,1733,612,300,3,3,0,0,0,battery?,74,OK,46,72860,72860
,gui,,CONTROL_PANEL,85397,96,2,2,0,2195.5,11,4380,4380,16138,69259,1,0,0,4380,0,4380,0,4379,0,4379,4380,0,1,0,takeoff,ok,OK,manual,,attempt=1|send=OK|raw=ok|parsed=OK,executor_call=1|command=takeoff|result=OK|response=ok|elapsed_ms=4380|timing_total_ms=4380|recv_wait_ms=4379|attempt_log=[attempt=1|send=OK|raw=ok|parsed=OK],883,883,0,0,0,10.1689,11.5083,61,98,243,0,0,0,0,0,OK,100,1,70,77,109.97,0,53,78,81,2453,25549371,0,0,0,30.8498,11,31,-1,0,0,0,0,0,0,OK,100,OK,100,1,telemetry=OK; video=OK; command=OK; rc=OK,OK,OK,OK,OK,50,50,0,-1,0,2453,25549371,2438,0,0,0,0,0,0,0,0,0,0,2438,15,30.8498,960,720,0,0,1,0,OK,0,,0,vision:ffmpeg_stream,,,CONNECTED,0,pitch,2,1,1,0,0,0,0,0,0,0,0,0,0,125,249,1,0,0,0,2,0,0,0,682,1756,620,300,3,3,0,0,0,battery?,74,OK,46,73860,73860
,gui,,CONTROL_PANEL,86521,97,2,2,0,2195.5,11,4380,4380,16138,70383,1,0,0,4380,0,4380,0,4379,0,4379,4380,0,1,0,takeoff,ok,OK,manual,,attempt=1|send=OK|raw=ok|parsed=OK,executor_call=1|command=takeoff|result=OK|response=ok|elapsed_ms=4380|timing_total_ms=4380|recv_wait_ms=4379|attempt_log=[attempt=1|send=OK|raw=ok|parsed=OK],894,894,0,0,0,10.0205,12.4989,97,99,243,0,0,0,0,0,OK,100,1,60,77,109.73,0,53,79,81,2487,25903670,0,0,0,31.4601,11,34,-1,0,0,0,0,0,0,OK,100,OK,100,1,telemetry=OK; video=OK; command=OK; rc=OK,OK,OK,OK,OK,50,50,0,-1,0,2487,25903670,2472,0,0,0,0,0,0,0,0,0,0,2472,15,31.4601,960,720,0,0,1,0,OK,0,,0,vision:ffmpeg_stream,,,CONNECTED,0,pitch,1,1,1,0,0,0,0,0,0,0,0,0,0,125,250,1,0,0,0,2,0,0,0,692,1780,628,300,3,3,0,0,0,battery?,74,OK,46,74985,74985
,gui,,CONTROL_PANEL,87647,98,2,2,0,2195.5,11,4380,4380,16138,71509,1,0,0,4380,0,4380,0,4379,0,4379,4380,0,1,0,takeoff,ok,OK,manual,,attempt=1|send=OK|raw=ok|parsed=OK,executor_call=1|command=takeoff|result=OK|response=ok|elapsed_ms=4380|timing_total_ms=4380|recv_wait_ms=4379|attempt_log=[attempt=1|send=OK|raw=ok|parsed=OK],906,906,0,0,0,9.85779,15.2887,56,101,243,0,0,0,0,0,OK,100,1,70,80,109.58,0,53,78,81,2521,26257730,0,0,0,34.0543,16,34,-1,0,0,0,0,0,0,OK,100,OK,100,1,telemetry=OK; video=OK; command=OK; rc=OK,OK,OK,OK,OK,50,50,0,-1,0,2521,26257730,2506,0,0,0,0,0,0,0,0,0,0,2506,15,34.0543,960,720,0,0,1,0,OK,0,,0,vision:ffmpeg_stream,,,CONNECTED,0,pitch,2,1,1,0,0,0,0,0,0,0,0,0,0,125,250,1,0,0,0,2,0,0,0,701,1805,636,300,3,3,0,0,0,battery?,74,OK,46,76111,76111
,gui,,CONTROL_PANEL,88771,99,2,2,0,2195.5,11,4380,4380,16138,72633,1,0,0,4380,0,4380,0,4379,0,4379,4380,0,1,0,takeoff,ok,OK,manual,,attempt=1|send=OK|raw=ok|parsed=OK,executor_call=1|command=takeoff|result=OK|response=ok|elapsed_ms=4380|timing_total_ms=4380|recv_wait_ms=4379|attempt_log=[attempt=1|send=OK|raw=ok|parsed=OK],917,917,0,0,0,12.0597,11.8607,63,82,243,0,0,0,0,0,OK,100,1,70,80,109.99,0,53,78,81,2555,26611990,0,0,0,37.4741,16,34,-1,0,0,0,0,0,0,OK,100,OK,100,1,telemetry=OK; video=OK; command=OK; rc=OK,OK,OK,OK,OK,50,50,0,-1,0,2555,26611990,2540,0,0,0,0,0,0,0,0,0,0,2540,15,37.4741,960,720,0,0,1,0,OK,0,,0,vision:ffmpeg_stream,,,CONNECTED,0,pitch,1,1,1,0,0,0,0,0,0,0,0,0,0,124,249,1,0,0,0,2,0,0,0,710,1830,645,300,3,3,0,0,0,battery?,74,OK,46,77235,77235
,gui,,CONTROL_PANEL,89773,100,2,2,0,2195.5,11,4380,4380,16138,73635,1,0,0,4380,0,4380,0,4379,0,4379,4380,0,1,0,takeoff,ok,OK,manual,,attempt=1|send=OK|raw=ok|parsed=OK,executor_call=1|command=takeoff|result=OK|response=ok|elapsed_ms=4380|timing_total_ms=4380|recv_wait_ms=4379|attempt_log=[attempt=1|send=OK|raw=ok|parsed=OK],927,927,0,0,0,24.5466,12.9967,90,40,243,0,0,0,0,0,OK,100,1,70,80,110.19,0,53,78,81,2585,26924542,0,0,0,29.2984,10,30,-1,0,0,0,0,0,0,OK,100,OK,100,1,telemetry=OK; video=OK; command=OK; rc=OK,OK,OK,OK,OK,52,50,0,-1,0,2585,26924542,2570,0,0,0,0,0,0,0,0,0,0,2570,15,29.2984,960,720,0,0,1,0,OK,0,,0,vision:ffmpeg_stream,,,CONNECTED,0,pitch,1,1,1,0,0,0,0,0,0,0,0,0,0,125,250,1,0,0,0,2,0,0,0,719,1851,652,300,3,3,0,0,0,battery?,74,OK,46,78237,78237
,gui,,CONTROL_PANEL,90897,101,2,2,0,2195.5,11,4380,4380,16138,74759,1,0,0,4380,0,4380,0,4379,0,4379,4380,0,1,0,takeoff,ok,OK,manual,,attempt=1|send=OK|raw=ok|parsed=OK,executor_call=1|command=takeoff|result=OK|response=ok|elapsed_ms=4380|timing_total_ms=4380|recv_wait_ms=4379|attempt_log=[attempt=1|send=OK|raw=ok|parsed=OK],938,938,0,0,0,9.53205,10.2394,49,104,243,0,0,0,0,0,OK,100,1,70,80,110.19,0,52,79,81,2618,27268471,0,0,0,29.5169,2,33,-1,0,0,0,0,0,0,OK,100,OK,100,1,telemetry=OK; video=OK; command=OK; rc=OK,OK,OK,OK,OK,50,50,0,-1,0,2618,27268471,2603,0,0,0,0,0,0,0,0,0,0,2603,15,29.5169,960,720,0,0,1,0,OK,0,,0,vision:ffmpeg_stream,,,CONNECTED,0,pitch,2,1,1,0,0,0,0,0,0,0,0,0,0,125,250,1,0,0,0,2,0,0,0,730,1873,660,300,3,3,0,0,0,battery?,74,OK,46,79361,79361
,gui,,CONTROL_PANEL,92022,102,2,2,0,2195.5,11,4380,4380,16138,75884,1,0,0,4380,0,4380,0,4379,0,4379,4380,0,1,0,takeoff,ok,OK,manual,,attempt=1|send=OK|raw=ok|parsed=OK,executor_call=1|command=takeoff|result=OK|response=ok|elapsed_ms=4380|timing_total_ms=4380|recv_wait_ms=4379|attempt_log=[attempt=1|send=OK|raw=ok|parsed=OK],949,949,0,0,0,9.59722,11.4778,18,104,246,0,0,0,0,0,OK,100,1,70,79,110.09,0,52,79,81,2650,27601790,0,0,0,31.3051,32,32,-1,0,0,0,0,0,0,OK,100,OK,100,1,telemetry=OK; video=OK; command=OK; rc=OK,OK,OK,OK,OK,50,50,0,-1,0,2650,27601790,2635,0,0,0,0,0,0,0,0,0,0,2635,15,31.3051,960,720,0,0,1,0,OK,0,,0,vision:ffmpeg_stream,,,CONNECTED,0,pitch,1,1,1,0,0,0,0,0,0,0,0,0,0,125,249,1,0,0,0,2,0,0,0,739,1896,668,300,3,3,0,0,0,battery?,74,OK,46,80486,80486
,gui,,CONTROL_PANEL,93147,103,2,2,0,2195.5,11,4380,4380,16138,77009,1,0,0,4380,0,4380,0,4379,0,4379,4380,0,1,0,takeoff,ok,OK,manual,,attempt=1|send=OK|raw=ok|parsed=OK,executor_call=1|command=takeoff|result=OK|response=ok|elapsed_ms=4380|timing_total_ms=4380|recv_wait_ms=4379|attempt_log=[attempt=1|send=OK|raw=ok|parsed=OK],960,960,0,0,0,10.5142,11.355,2,95,246,0,0,0,0,0,OK,100,1,60,76,109.97,0,52,78,82,2684,27955851,0,0,0,41.2146,16,34,-1,0,0,0,0,0,0,OK,100,OK,100,1,telemetry=OK; video=OK; command=OK; rc=OK,OK,OK,OK,OK,50,50,0,-1,0,2684,27955851,2669,0,0,0,0,0,0,0,0,0,0,2669,15,41.2146,960,720,0,0,1,0,OK,0,,0,vision:ffmpeg_stream,,,CONNECTED,0,pitch,3,1,1,0,0,0,0,0,0,0,0,0,0,125,249,1,0,0,0,2,0,0,0,749,1920,676,300,3,3,0,0,0,battery?,74,OK,46,81611,81611
,gui,,CONTROL_PANEL,94272,104,2,2,0,2195.5,11,4380,4380,16138,78134,1,0,0,4380,0,4380,0,4379,0,4379,4380,0,1,0,takeoff,ok,OK,manual,,attempt=1|send=OK|raw=ok|parsed=OK,executor_call=1|command=takeoff|result=OK|response=ok|elapsed_ms=4380|timing_total_ms=4380|recv_wait_ms=4379|attempt_log=[attempt=1|send=OK|raw=ok|parsed=OK],971,971,0,0,0,9.54956,18.5088,20,104,246,0,0,0,0,0,OK,100,1,60,75,109.81,0,52,79,82,2717,28296813,0,0,0,32.2947,4,33,-1,0,0,0,0,0,0,OK,100,OK,100,1,telemetry=OK; video=OK; command=OK; rc=OK,OK,OK,OK,OK,51,50,0,-1,0,2717,28296813,2702,0,0,0,0,0,0,0,0,0,0,2702,15,32.2947,960,720,0,0,1,0,OK,0,,0,vision:ffmpeg_stream,,,CONNECTED,0,pitch,1,1,1,0,0,0,0,0,0,0,0,0,0,125,249,1,0,0,0,2,0,0,0,759,1943,685,300,3,3,0,0,0,battery?,74,OK,46,82736,82736
,gui,,CONTROL_PANEL,95396,105,2,2,0,2195.5,11,4380,4380,16138,79258,1,0,0,4380,0,4380,0,4379,0,4379,4380,0,1,0,takeoff,ok,OK,manual,,attempt=1|send=OK|raw=ok|parsed=OK,executor_call=1|command=takeoff|result=OK|response=ok|elapsed_ms=4380|timing_total_ms=4380|recv_wait_ms=4379|attempt_log=[attempt=1|send=OK|raw=ok|parsed=OK],981,981,0,0,0,8.65614,10.6676,97,115,246,0,0,0,0,0,OK,100,1,70,82,109.89,0,51,80,82,2750,28641972,0,0,0,30.439,16,33,-1,0,0,0,0,0,0,OK,100,OK,100,1,telemetry=OK; video=OK; command=OK; rc=OK,OK,OK,OK,OK,50,50,0,-1,0,2750,28641972,2735,0,0,0,0,0,0,0,0,0,0,2735,15,30.439,960,720,0,0,1,0,OK,0,,0,vision:ffmpeg_stream,,,CONNECTED,0,pitch,2,1,1,0,0,0,0,0,0,0,0,0,0,124,249,1,0,0,0,2,0,0,0,769,1966,694,300,3,3,0,0,0,battery?,74,OK,46,83860,83860
,gui,,CONTROL_PANEL,96397,106,2,2,0,2195.5,11,4380,4380,16138,80259,1,0,0,4380,0,4380,0,4379,0,4379,4380,0,1,0,takeoff,ok,OK,manual,,attempt=1|send=OK|raw=ok|parsed=OK,executor_call=1|command=takeoff|result=OK|response=ok|elapsed_ms=4380|timing_total_ms=4380|recv_wait_ms=4379|attempt_log=[attempt=1|send=OK|raw=ok|parsed=OK],991,991,0,0,0,9.73668,9.92971,80,102,246,0,0,0,0,0,OK,100,1,70,78,109.81,0,51,79,82,2780,28954968,0,0,0,30.6636,8,30,-1,0,0,0,0,0,0,OK,100,OK,100,1,telemetry=OK; video=OK; command=OK; rc=OK,OK,OK,OK,OK,50,50,0,-1,0,2780,28954968,2765,0,0,0,0,0,0,0,0,0,0,2765,15,30.6636,960,720,0,0,1,0,OK,0,,0,vision:ffmpeg_stream,,,CONNECTED,0,pitch,2,1,1,0,0,0,0,0,0,0,0,0,0,124,250,1,0,0,0,2,0,0,0,778,1987,702,300,3,3,0,0,0,battery?,74,OK,46,84861,84861
,gui,,CONTROL_PANEL,97521,107,2,2,0,2195.5,11,4380,4380,16138,81383,1,0,0,4380,0,4380,0,4379,0,4379,4380,0,1,0,takeoff,ok,OK,manual,,attempt=1|send=OK|raw=ok|parsed=OK,executor_call=1|command=takeoff|result=OK|response=ok|elapsed_ms=4380|timing_total_ms=4380|recv_wait_ms=4379|attempt_log=[attempt=1|send=OK|raw=ok|parsed=OK],1003,1003,0,0,0,10.1747,9.96381,6,98,246,0,0,0,0,0,OK,100,1,70,79,109.74,0,51,79,82,2813,29299684,0,0,0,30.5445,24,33,-1,0,0,0,0,0,0,OK,100,OK,100,1,telemetry=OK; video=OK; command=OK; rc=OK,OK,OK,OK,OK,51,50,0,-1,0,2813,29299684,2798,0,0,0,0,0,0,0,0,0,0,2798,15,30.5445,960,720,0,0,1,0,OK,0,,0,vision:ffmpeg_stream,,,CONNECTED,0,pitch,1,1,1,0,0,0,0,0,0,0,0,0,0,125,250,1,0,0,0,2,0,0,0,788,2010,711,300,3,3,0,0,0,battery?,74,OK,46,85985,85985
,gui,,CONTROL_PANEL,98522,108,2,2,0,2195.5,11,4380,4380,16138,82384,1,0,0,4380,0,4380,0,4379,0,4379,4380,0,1,0,takeoff,ok,OK,manual,,attempt=1|send=OK|raw=ok|parsed=OK,executor_call=1|command=takeoff|result=OK|response=ok|elapsed_ms=4380|timing_total_ms=4380|recv_wait_ms=4379|attempt_log=[attempt=1|send=OK|raw=ok|parsed=OK],1012,1012,0,0,0,9.78493,10.0632,99,102,246,0,0,0,0,0,OK,100,1,70,81,109.87,0,51,79,81,2843,29612075,0,0,0,30.569,20,30,-1,0,0,0,0,0,0,OK,100,OK,100,1,telemetry=OK; video=OK; command=OK; rc=OK,OK,OK,OK,OK,50,50,0,-1,0,2843,29612075,2828,0,0,0,0,0,0,0,0,0,0,2828,15,30.569,960,720,0,0,1,0,OK,0,,0,vision:ffmpeg_stream,,,CONNECTED,0,pitch,1,1,1,0,0,0,0,0,0,0,0,0,0,125,249,1,0,0,0,2,0,0,0,797,2031,719,300,3,3,0,0,0,battery?,74,OK,46,86986,86986
,gui,,CONTROL_PANEL,99647,109,2,2,0,2195.5,11,4380,4380,16138,83509,1,0,0,4380,0,4380,0,4379,0,4379,4380,0,1,0,takeoff,ok,OK,manual,,attempt=1|send=OK|raw=ok|parsed=OK,executor_call=1|command=takeoff|result=OK|response=ok|elapsed_ms=4380|timing_total_ms=4380|recv_wait_ms=4379|attempt_log=[attempt=1|send=OK|raw=ok|parsed=OK],1023,1023,0,0,0,9.90413,9.89777,93,100,246,0,0,0,0,0,OK,100,1,70,82,109.97,0,51,80,82,2877,29966479,0,0,0,29.9346,8,34,-1,0,0,0,0,0,0,OK,100,OK,100,1,telemetry=OK; video=OK; command=OK; rc=OK,OK,OK,OK,OK,50,50,0,-1,0,2877,29966479,2862,0,0,0,0,0,0,0,0,0,0,2862,15,29.9346,960,720,0,0,1,0,OK,0,,0,vision:ffmpeg_stream,,,CONNECTED,0,pitch,2,1,1,0,0,0,0,0,0,0,0,0,0,125,250,1,0,0,0,2,0,0,0,807,2055,727,300,3,3,0,0,0,battery?,74,OK,46,88111,88111
,gui,,CONTROL_PANEL,100771,110,2,2,0,2195.5,11,4380,4380,16138,84633,1,0,0,4380,0,4380,0,4379,0,4379,4380,0,1,0,takeoff,ok,OK,manual,,attempt=1|send=OK|raw=ok|parsed=OK,executor_call=1|command=takeoff|result=OK|response=ok|elapsed_ms=4380|timing_total_ms=4380|recv_wait_ms=4379|attempt_log=[attempt=1|send=OK|raw=ok|parsed=OK],1035,1035,0,0,0,12.3025,10.872,16,81,246,0,0,0,0,0,OK,100,1,70,82,109.6,0,50,80,82,2911,30320673,0,0,0,39.4562,0,34,-1,0,0,0,0,0,0,OK,100,OK,100,1,telemetry=OK; video=OK; command=OK; rc=OK,OK,OK,OK,OK,50,50,0,-1,0,2911,30320673,2896,0,0,0,0,0,0,0,0,0,0,2896,15,39.4562,960,720,0,0,1,0,OK,0,,0,vision:ffmpeg_stream,,,CONNECTED,0,pitch,2,1,1,0,0,0,0,0,0,0,0,0,0,125,249,1,0,0,0,1,0,0,0,817,2079,736,300,3,3,0,0,0,battery?,74,OK,46,89235,89235
,gui,,CONTROL_PANEL,101772,111,2,2,0,2195.5,11,4380,4380,16138,85634,1,0,0,4380,0,4380,0,4379,0,4379,4380,0,1,0,takeoff,ok,OK,manual,,attempt=1|send=OK|raw=ok|parsed=OK,executor_call=1|command=takeoff|result=OK|response=ok|elapsed_ms=4380|timing_total_ms=4380|recv_wait_ms=4379|attempt_log=[attempt=1|send=OK|raw=ok|parsed=OK],1045,1045,0,0,0,11.7329,13.1031,41,85,246,0,0,0,0,0,OK,100,1,70,83,109.86,0,50,79,82,2941,30633120,0,0,0,34.3301,2,30,-1,0,0,0,0,0,0,OK,100,OK,100,1,telemetry=OK; video=OK; command=OK; rc=OK,OK,OK,OK,OK,50,50,0,-1,0,2941,30633120,2926,0,0,0,0,0,0,0,0,0,0,2926,15,34.3301,960,720,0,0,1,0,OK,0,,0,vision:ffmpeg_stream,,,CONNECTED,0,pitch,1,1,1,0,0,0,0,0,0,0,0,0,0,125,249,1,0,0,0,2,0,0,0,826,2100,744,300,3,3,0,0,0,battery?,74,OK,46,90236,90236
,gui,,CONTROL_PANEL,102896,112,2,2,0,2195.5,11,4380,4380,16138,86758,1,0,0,4380,0,4380,0,4379,0,4379,4380,0,1,0,takeoff,ok,OK,manual,,attempt=1|send=OK|raw=ok|parsed=OK,executor_call=1|command=takeoff|result=OK|response=ok|elapsed_ms=4380|timing_total_ms=4380|recv_wait_ms=4379|attempt_log=[attempt=1|send=OK|raw=ok|parsed=OK],1056,1056,0,0,0,9.82686,12.0127,69,101,246,0,0,0,0,0,OK,100,1,70,83,109.84,0,50,80,82,2974,30976888,0,0,0,30.7703,26,33,-1,0,0,0,0,0,0,OK,100,OK,100,1,telemetry=OK; video=OK; command=OK; rc=OK,OK,OK,OK,OK,50,50,0,-1,0,2974,30976888,2959,0,0,0,0,0,0,0,0,0,0,2959,15,30.7703,960,720,0,0,1,0,OK,0,,0,vision:ffmpeg_stream,,,CONNECTED,0,pitch,2,1,1,0,0,0,0,0,0,0,0,0,0,124,249,1,0,0,0,1,0,0,0,836,2123,753,300,3,3,0,0,0,battery?,74,OK,46,91360,91360
,gui,,CONTROL_PANEL,104021,113,2,2,0,2195.5,11,4380,4380,16138,87883,1,0,0,4380,0,4380,0,4379,0,4379,4380,0,1,0,takeoff,ok,OK,manual,,attempt=1|send=OK|raw=ok|parsed=OK,executor_call=1|command=takeoff|result=OK|response=ok|elapsed_ms=4380|timing_total_ms=4380|recv_wait_ms=4379|attempt_log=[attempt=1|send=OK|raw=ok|parsed=OK],1067,1067,0,0,0,9.81244,34.5474,67,101,246,0,0,0,0,0,OK,100,1,70,91,110.23,0,50,80,82,3008,31330992,0,0,0,33.9163,21,34,-1,0,0,0,0,0,0,OK,100,OK,100,1,telemetry=OK; video=OK; command=OK; rc=OK,OK,OK,OK,OK,50,50,0,-1,0,3008,31330992,2993,0,0,0,0,0,0,0,0,0,0,2993,15,33.9163,960,720,0,0,1,0,OK,0,,0,vision:ffmpeg_stream,,,CONNECTED,0,pitch,1,1,1,0,0,0,0,0,0,0,0,0,0,125,249,1,0,0,0,1,0,0,0,845,2148,762,300,3,3,0,0,0,battery?,74,OK,46,92485,92485
,gui,,CONTROL_PANEL,105021,114,2,2,0,2195.5,11,4380,4380,16138,88883,1,0,0,4380,0,4380,0,4379,0,4379,4380,0,1,0,takeoff,ok,OK,manual,,attempt=1|send=OK|raw=ok|parsed=OK,executor_call=1|command=takeoff|result=OK|response=ok|elapsed_ms=4380|timing_total_ms=4380|recv_wait_ms=4379|attempt_log=[attempt=1|send=OK|raw=ok|parsed=OK],1077,1077,0,0,0,9.10798,12.6785,34,109,246,0,0,0,0,0,OK,100,1,70,85,109.75,0,49,80,82,3038,31643484,0,0,0,30.6709,26,30,-1,0,0,0,0,0,0,OK,100,OK,100,1,telemetry=OK; video=OK; command=OK; rc=OK,OK,OK,OK,OK,50,50,0,-1,0,3038,31643484,3023,0,0,0,0,0,0,0,0,0,0,3023,15,30.6709,960,720,0,0,1,0,OK,0,,0,vision:ffmpeg_stream,,,CONNECTED,0,pitch,1,1,1,0,0,0,0,0,0,0,0,0,0,125,250,1,0,0,0,1,0,0,0,853,2170,770,300,3,3,0,0,0,battery?,74,OK,46,93485,93485
,gui,,CONTROL_PANEL,106146,115,2,2,0,2195.5,11,4380,4380,16138,90008,1,0,0,4380,0,4380,0,4379,0,4379,4380,0,1,0,takeoff,ok,OK,manual,,attempt=1|send=OK|raw=ok|parsed=OK,executor_call=1|command=takeoff|result=OK|response=ok|elapsed_ms=4380|timing_total_ms=4380|recv_wait_ms=4379|attempt_log=[attempt=1|send=OK|raw=ok|parsed=OK],1088,1088,0,0,0,9.99523,10.6981,74,100,246,0,0,0,0,0,OK,100,1,70,78,109.76,0,49,80,82,3072,31997760,0,0,0,30.638,22,34,-1,0,0,0,0,0,0,OK,100,OK,100,1,telemetry=OK; video=OK; command=OK; rc=OK,OK,OK,OK,OK,50,50,0,-1,0,3072,31997760,3057,0,0,0,0,0,0,0,0,0,0,3057,15,30.638,960,720,0,0,1,0,OK,0,,0,vision:ffmpeg_stream,,,CONNECTED,0,pitch,2,1,1,0,0,0,0,0,0,0,0,0,0,125,250,0,0,0,0,1,0,0,0,862,2195,778,300,3,3,0,0,0,battery?,74,OK,46,94610,94610
,gui,,CONTROL_PANEL,107272,116,2,2,0,2195.5,11,4380,4380,16138,91134,1,0,0,4380,0,4380,0,4379,0,4379,4380,0,1,0,takeoff,ok,OK,manual,,attempt=1|send=OK|raw=ok|parsed=OK,executor_call=1|command=takeoff|result=OK|response=ok|elapsed_ms=4380|timing_total_ms=4380|recv_wait_ms=4379|attempt_log=[attempt=1|send=OK|raw=ok|parsed=OK],1099,1099,0,0,0,17.272,11.5519,137,57,246,0,0,0,0,0,OK,100,1,60,75,109.66,0,49,80,82,3106,32348530,0,0,0,32.5762,24,34,-1,0,0,0,0,0,0,OK,100,OK,100,1,telemetry=OK; video=OK; command=OK; rc=OK,OK,OK,OK,OK,50,50,0,-1,0,3106,32348530,3091,0,0,0,0,0,0,0,0,0,0,3091,15,32.5762,960,720,0,0,1,0,OK,0,,0,vision:ffmpeg_stream,,,CONNECTED,0,pitch,0,1,1,0,0,0,0,0,0,0,0,0,0,125,249,1,0,0,0,1,0,0,0,872,2219,787,300,3,3,0,0,0,battery?,74,OK,46,95736,95736
,gui,,CONTROL_PANEL,108396,117,2,2,0,2195.5,11,4380,4380,16138,92258,1,0,0,4380,0,4380,0,4379,0,4379,4380,0,1,0,takeoff,ok,OK,manual,,attempt=1|send=OK|raw=ok|parsed=OK,executor_call=1|command=takeoff|result=OK|response=ok|elapsed_ms=4380|timing_total_ms=4380|recv_wait_ms=4379|attempt_log=[attempt=1|send=OK|raw=ok|parsed=OK],1111,1111,0,0,0,10.0504,10.8581,39,99,246,0,0,0,0,0,OK,100,1,60,76,109.76,0,49,80,83,3140,32705510,0,0,0,30.9562,20,34,-1,0,0,0,0,0,0,OK,100,OK,100,1,telemetry=OK; video=OK; command=OK; rc=OK,OK,OK,OK,OK,50,50,0,-1,0,3140,32705510,3125,0,0,0,0,0,0,0,0,0,0,3125,15,30.9562,960,720,0,0,1,0,OK,0,,0,vision:ffmpeg_stream,,,CONNECTED,0,pitch,2,1,1,0,0,0,0,0,0,0,0,0,0,124,249,1,0,0,0,1,0,0,0,881,2244,796,300,3,3,0,0,0,battery?,74,OK,46,96860,96860
,gui,,CONTROL_PANEL,109521,118,2,2,0,2195.5,11,4380,4380,16138,93383,1,0,0,4380,0,4380,0,4379,0,4379,4380,0,1,0,takeoff,ok,OK,manual,,attempt=1|send=OK|raw=ok|parsed=OK,executor_call=1|command=takeoff|result=OK|response=ok|elapsed_ms=4380|timing_total_ms=4380|recv_wait_ms=4379|attempt_log=[attempt=1|send=OK|raw=ok|parsed=OK],1122,1122,0,0,0,17.6794,11.4297,50,56,246,0,0,0,0,0,OK,100,1,70,79,110.18,0,49,80,82,3174,33060542,0,0,0,40.4766,23,34,-1,0,0,0,0,0,0,OK,100,OK,100,1,telemetry=OK; video=OK; command=OK; rc=OK,OK,OK,OK,OK,50,50,0,-1,0,3174,33060542,3159,0,0,0,0,0,0,0,0,0,0,3159,15,40.4766,960,720,0,0,1,0,OK,0,,0,vision:ffmpeg_stream,,,CONNECTED,0,pitch,1,1,1,0,0,0,0,0,0,0,0,0,0,125,249,1,0,0,0,1,0,0,0,890,2269,805,300,3,3,0,0,0,battery?,74,OK,46,97985,97985
,gui,,CONTROL_PANEL,110522,119,2,2,0,2195.5,11,4380,4380,16138,94384,1,0,0,4380,0,4380,0,4379,0,4379,4380,0,1,0,takeoff,ok,OK,manual,,attempt=1|send=OK|raw=ok|parsed=OK,executor_call=1|command=takeoff|result=OK|response=ok|elapsed_ms=4380|timing_total_ms=4380|recv_wait_ms=4379|attempt_log=[attempt=1|send=OK|raw=ok|parsed=OK],1132,1132,0,0,0,10.9453,10.3142,63,91,246,0,0,0,0,0,OK,100,1,70,79,109.96,0,49,80,84,3205,33383376,0,0,0,31.6357,16,31,-1,0,0,0,0,0,0,OK,100,OK,100,1,telemetry=OK; video=OK; command=OK; rc=OK,OK,OK,OK,OK,50,50,0,-1,0,3205,33383376,3190,0,0,0,0,0,0,0,0,0,0,3190,15,31.6357,960,720,0,0,1,0,OK,0,,0,vision:ffmpeg_stream,,,CONNECTED,0,pitch,1,1,1,0,0,0,0,0,0,0,0,0,0,125,250,1,0,0,0,0,0,0,0,898,2292,813,300,3,3,0,0,0,battery?,74,OK,46,98986,98986
,gui,,CONTROL_PANEL,111646,120,2,2,0,2195.5,11,4380,4380,16138,95508,1,0,0,4380,0,4380,0,4379,0,4379,4380,0,1,0,takeoff,ok,OK,manual,,attempt=1|send=OK|raw=ok|parsed=OK,executor_call=1|command=takeoff|result=OK|response=ok|elapsed_ms=4380|timing_total_ms=4380|recv_wait_ms=4379|attempt_log=[attempt=1|send=OK|raw=ok|parsed=OK],1144,1144,0,0,0,9.52355,11.1741,28,105,246,0,0,0,0,0,OK,100,1,70,79,110.11,0,49,80,83,3239,33737628,0,0,0,30.4961,23,34,-1,0,0,0,0,0,0,OK,100,OK,100,1,telemetry=OK; video=OK; command=OK; rc=OK,OK,OK,OK,OK,50,50,0,-1,0,3239,33737628,3224,0,0,0,0,0,0,0,0,0,0,3224,15,30.4961,960,720,0,0,1,0,OK,0,,0,vision:ffmpeg_stream,,,CONNECTED,0,pitch,2,1,1,0,0,0,0,0,0,0,0,0,0,125,250,1,0,0,0,0,0,0,0,907,2317,822,300,3,3,0,0,0,battery?,74,OK,46,100110,100110
,gui,,CONTROL_PANEL,112772,121,2,2,0,2195.5,11,4380,4380,16138,96634,1,0,0,4380,0,4380,0,4379,0,4379,4380,0,1,0,takeoff,ok,OK,manual,,attempt=1|send=OK|raw=ok|parsed=OK,executor_call=1|command=takeoff|result=OK|response=ok|elapsed_ms=4380|timing_total_ms=4380|recv_wait_ms=4379|attempt_log=[attempt=1|send=OK|raw=ok|parsed=OK],1155,1155,0,0,0,10.0278,12.235,85,99,246,0,0,0,0,0,OK,100,1,60,74,109.82,0,48,80,82,3274,34102120,0,0,0,31.15,11,35,-1,0,0,0,0,0,0,OK,100,OK,100,1,telemetry=OK; video=OK; command=OK; rc=OK,OK,OK,OK,OK,50,50,0,-1,0,3274,34102120,3259,0,0,0,0,0,0,0,0,0,0,3259,15,31.15,960,720,0,0,1,0,OK,0,,0,vision:ffmpeg_stream,,,CONNECTED,0,pitch,1,1,1,0,0,0,0,0,0,0,0,0,0,125,249,1,0,0,0,0,0,0,0,916,2343,831,300,3,3,0,0,0,battery?,74,OK,46,101236,101236
,gui,,CONTROL_PANEL,113897,122,2,2,0,2195.5,11,4380,4380,16138,97759,1,0,0,4380,0,4380,0,4379,0,4379,4380,0,1,0,takeoff,ok,OK,manual,,attempt=1|send=OK|raw=ok|parsed=OK,executor_call=1|command=takeoff|result=OK|response=ok|elapsed_ms=4380|timing_total_ms=4380|recv_wait_ms=4379|attempt_log=[attempt=1|send=OK|raw=ok|parsed=OK],1166,1166,0,0,0,9.87589,11.0831,87,101,246,0,0,0,0,0,OK,100,1,60,76,109.46,0,48,80,82,3308,34456295,0,0,0,32.4013,13,34,-1,0,0,0,0,0,0,OK,100,OK,100,1,telemetry=OK; video=OK; command=OK; rc=OK,OK,OK,OK,OK,50,50,0,-1,0,3308,34456295,3293,0,0,0,0,0,0,0,0,0,0,3293,15,32.4013,960,720,0,0,1,0,OK,0,,0,vision:ffmpeg_stream,,,CONNECTED,0,pitch,2,1,1,0,0,0,0,0,0,0,0,0,0,125,250,1,0,0,0,0,0,0,0,925,2368,840,300,3,3,0,0,0,battery?,74,OK,46,102360,102360
,gui,,CONTROL_PANEL,115021,123,2,2,0,2195.5,11,4380,4380,16138,98883,1,0,0,4380,0,4380,0,4379,0,4379,4380,0,1,0,takeoff,ok,OK,manual,,attempt=1|send=OK|raw=ok|parsed=OK,executor_call=1|command=takeoff|result=OK|response=ok|elapsed_ms=4380|timing_total_ms=4380|recv_wait_ms=4379|attempt_log=[attempt=1|send=OK|raw=ok|parsed=OK],1177,1177,0,0,0,8.98698,10.1185,104,111,246,0,0,0,0,0,OK,100,1,70,82,109.89,0,48,81,82,3341,34800065,0,0,0,30.2985,46,33,-1,0,0,0,0,0,0,OK,100,OK,100,1,telemetry=OK; video=OK; command=OK; rc=OK,OK,OK,OK,OK,50,50,0,-1,0,3341,34800065,3326,0,0,0,0,0,0,0,0,0,0,3326,15,30.2985,960,720,0,0,1,0,OK,0,,0,vision:ffmpeg_stream,,,CONNECTED,0,pitch,0,1,1,0,0,0,0,0,0,0,0,0,0,124,250,1,0,0,0,0,0,0,0,934,2392,849,300,3,3,0,0,0,battery?,74,OK,46,103485,103485
,gui,,CONTROL_PANEL,116147,124,2,2,0,2195.5,11,4380,4380,16138,100009,1,0,0,4380,0,4380,0,4379,0,4379,4380,0,1,0,takeoff,ok,OK,manual,,attempt=1|send=OK|raw=ok|parsed=OK,executor_call=1|command=takeoff|result=OK|response=ok|elapsed_ms=4380|timing_total_ms=4380|recv_wait_ms=4379|attempt_log=[attempt=1|send=OK|raw=ok|parsed=OK],1188,1188,0,0,0,11.0298,11.4724,121,90,246,0,0,0,0,0,OK,100,1,70,83,109.91,0,47,81,82,3375,35148350,0,0,0,35.1834,31,34,-1,0,0,0,0,0,0,OK,100,OK,100,1,telemetry=OK; video=OK; command=OK; rc=OK,OK,OK,OK,OK,50,50,0,-1,0,3375,35148350,3360,0,0,0,0,0,0,0,0,0,0,3360,15,35.1834,960,720,0,0,1,0,OK,0,,0,vision:ffmpeg_stream,,,CONNECTED,0,pitch,2,1,1,0,0,0,0,0,0,0,0,0,0,125,250,1,0,0,0,0,0,0,0,943,2417,858,300,3,3,0,0,0,battery?,74,OK,46,104611,104611
,gui,,CONTROL_PANEL,117272,125,2,2,0,2195.5,11,4380,4380,16138,101134,1,0,0,4380,0,4380,0,4379,0,4379,4380,0,1,0,takeoff,ok,OK,manual,,attempt=1|send=OK|raw=ok|parsed=OK,executor_call=1|command=takeoff|result=OK|response=ok|elapsed_ms=4380|timing_total_ms=4380|recv_wait_ms=4379|attempt_log=[attempt=1|send=OK|raw=ok|parsed=OK],1200,1200,0,0,0,10.2452,11.2809,36,97,246,0,0,0,0,0,OK,100,1,70,83,110.06,0,47,80,83,3410,35517290,0,0,0,31.7921,17,35,-1,0,0,0,0,0,0,OK,100,OK,100,1,telemetry=OK; video=OK; command=OK; rc=OK,OK,OK,OK,OK,50,50,0,-1,0,3410,35517290,3395,0,0,0,0,0,0,0,0,0,0,3395,15,31.7921,960,720,0,0,1,0,OK,0,,0,vision:ffmpeg_stream,,,CONNECTED,0,pitch,1,1,1,0,0,0,0,0,0,0,0,0,0,124,250,1,0,0,0,0,0,0,0,952,2443,867,300,3,3,0,0,0,battery?,74,OK,46,105736,105736
,gui,,CONTROL_PANEL,118272,126,2,2,0,2195.5,11,4380,4380,16138,102134,1,0,0,4380,0,4380,0,4379,0,4379,4380,0,1,0,takeoff,ok,OK,manual,,attempt=1|send=OK|raw=ok|parsed=OK,executor_call=1|command=takeoff|result=OK|response=ok|elapsed_ms=4380|timing_total_ms=4380|recv_wait_ms=4379|attempt_log=[attempt=1|send=OK|raw=ok|parsed=OK],1210,1210,0,0,0,6.22649,9.86036,15,160,246,0,0,0,0,0,OK,100,1,70,80,109.88,0,47,81,82,3439,35815912,0,0,0,31.2379,10,29,-1,0,0,0,0,0,0,OK,100,OK,100,1,telemetry=OK; video=OK; command=OK; rc=OK,OK,OK,OK,OK,50,50,0,-1,0,3439,35815912,3424,0,0,0,0,0,0,0,0,0,0,3424,15,31.2379,960,720,0,0,1,0,OK,0,,0,vision:ffmpeg_stream,,,CONNECTED,0,pitch,1,1,1,0,0,0,0,0,0,0,0,0,0,125,250,1,0,0,0,0,0,0,0,961,2463,875,300,3,3,0,0,0,battery?,74,OK,46,106736,106736
,gui,,CONTROL_PANEL,119396,127,2,2,0,2195.5,11,4380,4380,16138,103258,1,0,0,4380,0,4380,0,4379,0,4379,4380,0,1,0,takeoff,ok,OK,manual,,attempt=1|send=OK|raw=ok|parsed=OK,executor_call=1|command=takeoff|result=OK|response=ok|elapsed_ms=4380|timing_total_ms=4380|recv_wait_ms=4379|attempt_log=[attempt=1|send=OK|raw=ok|parsed=OK],1221,1221,0,0,0,7.57658,9.88868,42,131,246,0,0,0,0,0,OK,100,1,70,78,109.82,0,47,80,83,3474,36184305,0,0,0,34.8327,10,35,-1,0,0,0,0,0,0,OK,100,OK,100,1,telemetry=OK; video=OK; command=OK; rc=OK,OK,OK,OK,OK,50,50,0,-1,0,3474,36184305,3459,0,0,0,0,0,0,0,0,0,0,3459,15,34.8327,960,720,0,0,1,0,OK,0,,0,vision:ffmpeg_stream,,,CONNECTED,0,pitch,2,1,1,0,0,0,0,0,0,0,0,0,0,124,250,1,0,0,0,0,0,0,0,970,2489,884,300,3,3,0,0,0,battery?,74,OK,46,107860,107860
,gui,,CONTROL_PANEL,120396,128,2,2,0,2195.5,11,4380,4380,16138,104258,1,0,0,4380,0,4380,0,4379,0,4379,4380,0,1,0,takeoff,ok,OK,manual,,attempt=1|send=OK|raw=ok|parsed=OK,executor_call=1|command=takeoff|result=OK|response=ok|elapsed_ms=4380|timing_total_ms=4380|recv_wait_ms=4379|attempt_log=[attempt=1|send=OK|raw=ok|parsed=OK],1231,1231,0,0,0,9.1896,10.0837,97,108,246,0,0,0,0,0,OK,100,1,70,81,110.05,0,47,80,82,3505,36507100,0,0,0,30.9392,4,31,-1,0,0,0,0,0,0,OK,100,OK,100,1,telemetry=OK; video=OK; command=OK; rc=OK,OK,OK,OK,OK,50,50,0,-1,0,3505,36507100,3490,0,0,0,0,0,0,0,0,0,0,3490,15,30.9392,960,720,0,0,1,0,OK,0,,0,vision:ffmpeg_stream,,,CONNECTED,0,pitch,2,1,1,0,0,0,0,0,0,0,0,0,0,124,249,1,0,0,0,0,0,0,0,979,2511,892,300,3,3,0,0,0,battery?,74,OK,46,108860,108860
,gui,,CONTROL_PANEL,121396,129,2,2,0,2195.5,11,4380,4380,16138,105258,1,0,0,4380,0,4380,0,4379,0,4379,4380,0,1,0,takeoff,ok,OK,manual,,attempt=1|send=OK|raw=ok|parsed=OK,executor_call=1|command=takeoff|result=OK|response=ok|elapsed_ms=4380|timing_total_ms=4380|recv_wait_ms=4379|attempt_log=[attempt=1|send=OK|raw=ok|parsed=OK],1241,1241,0,0,0,9.87158,10.0276,93,101,246,0,0,0,0,0,OK,100,1,70,83,109.79,0,47,80,82,3535,36819658,0,0,0,31.2057,13,30,-1,0,0,0,0,0,0,OK,100,OK,100,1,telemetry=OK; video=OK; command=OK; rc=OK,OK,OK,OK,OK,50,50,0,-1,0,3535,36819658,3520,0,0,0,0,0,0,0,0,0,0,3520,15,31.2057,960,720,0,0,1,0,OK,0,,0,vision:ffmpeg_stream,,,CONNECTED,0,pitch,2,1,1,0,0,0,0,0,0,0,0,0,0,124,250,1,0,0,0,0,0,0,0,987,2533,900,300,3,3,0,0,0,battery?,74,OK,46,109860,109860
,gui,,CONTROL_PANEL,122397,130,2,2,0,2195.5,11,4380,4380,16138,106259,1,0,0,4380,0,4380,0,4379,0,4379,4380,0,1,0,takeoff,ok,OK,manual,,attempt=1|send=OK|raw=ok|parsed=OK,executor_call=1|command=takeoff|result=OK|response=ok|elapsed_ms=4380|timing_total_ms=4380|recv_wait_ms=4379|attempt_log=[attempt=1|send=OK|raw=ok|parsed=OK],1251,1251,0,0,0,10.3818,10.0986,74,96,246,0,0,0,0,0,OK,100,1,70,85,109.63,0,46,79,83,3565,37132229,0,0,0,28.6155,3,30,-1,0,0,0,0,0,0,OK,100,OK,100,1,telemetry=OK; video=OK; command=OK; rc=OK,OK,OK,OK,OK,51,50,0,-1,0,3565,37132229,3550,0,0,0,0,0,0,0,0,0,0,3550,15,28.6155,960,720,0,0,1,0,OK,0,,0,vision:ffmpeg_stream,,,CONNECTED,0,pitch,2,1,1,0,0,0,0,0,0,0,0,0,0,125,250,1,0,0,0,0,0,0,0,995,2555,908,300,3,3,0,0,0,battery?,74,OK,46,110861,110861
,gui,,CONTROL_PANEL,123397,131,2,2,0,2195.5,11,4380,4380,16138,107259,1,0,0,4380,0,4380,0,4379,0,4379,4380,0,1,0,takeoff,ok,OK,manual,,attempt=1|send=OK|raw=ok|parsed=OK,executor_call=1|command=takeoff|result=OK|response=ok|elapsed_ms=4380|timing_total_ms=4380|recv_wait_ms=4379|attempt_log=[attempt=1|send=OK|raw=ok|parsed=OK],1261,1261,0,0,0,9.07363,13.01,51,110,246,0,0,0,0,0,OK,100,1,70,84,110,0,46,81,82,3594,37434329,0,0,0,29.4625,17,29,-1,0,0,0,0,0,0,OK,100,OK,100,1,telemetry=OK; video=OK; command=OK; rc=OK,OK,OK,OK,OK,52,50,0,-1,0,3594,37434329,3579,0,0,0,0,0,0,0,0,0,0,3579,15,29.4625,960,720,0,0,1,0,OK,0,,0,vision:ffmpeg_stream,,,CONNECTED,0,pitch,2,1,1,0,0,0,0,0,0,0,0,0,0,125,249,1,0,0,0,0,0,0,0,1004,2575,915,300,3,3,0,0,0,battery?,74,OK,46,111861,111861
,gui,,CONTROL_PANEL,124521,132,2,2,0,2195.5,11,4380,4380,16138,108383,1,0,0,4380,0,4380,0,4379,0,4379,4380,0,1,0,takeoff,ok,OK,manual,,attempt=1|send=OK|raw=ok|parsed=OK,executor_call=1|command=takeoff|result=OK|response=ok|elapsed_ms=4380|timing_total_ms=4380|recv_wait_ms=4379|attempt_log=[attempt=1|send=OK|raw=ok|parsed=OK],1271,1271,0,0,0,9.79635,10.2092,126,102,246,0,0,0,0,0,OK,100,1,70,74,109.61,0,46,80,83,3626,37767779,0,0,0,26.8311,9,32,-1,0,0,0,0,0,0,OK,100,OK,100,1,telemetry=OK; video=OK; command=OK; rc=OK,OK,OK,OK,OK,51,50,0,-1,0,3626,37767779,3611,0,0,0,0,0,0,0,0,0,0,3611,15,26.8311,960,720,0,0,1,0,OK,0,,0,vision:ffmpeg_stream,,,CONNECTED,0,pitch,0,1,1,0,0,0,0,0,0,0,0,0,0,124,249,1,0,0,0,0,0,0,0,1014,2597,924,300,3,3,0,0,0,battery?,74,OK,46,112985,112985
,gui,,CONTROL_PANEL,125522,133,2,2,0,2195.5,11,4380,4380,16138,109384,1,0,0,4380,0,4380,0,4379,0,4379,4380,0,1,0,takeoff,ok,OK,manual,,attempt=1|send=OK|raw=ok|parsed=OK,executor_call=1|command=takeoff|result=OK|response=ok|elapsed_ms=4380|timing_total_ms=4380|recv_wait_ms=4379|attempt_log=[attempt=1|send=OK|raw=ok|parsed=OK],1282,1282,0,0,0,8.79614,9.8958,16,113,246,0,0,0,0,0,OK,100,1,60,73,109.64,0,45,80,83,3655,38069779,0,0,0,29.4427,50,29,-1,0,0,0,0,0,0,OK,100,OK,100,1,telemetry=OK; video=OK; command=OK; rc=OK,OK,OK,OK,OK,51,50,0,-1,0,3655,38069779,3640,0,0,0,0,0,0,0,0,0,0,3640,15,29.4427,960,720,0,0,1,0,OK,0,,0,vision:ffmpeg_stream,,,CONNECTED,0,pitch,1,1,1,0,0,0,0,0,0,0,0,0,0,125,249,1,0,0,0,0,0,0,0,1023,2617,932,300,3,3,0,0,0,battery?,74,OK,46,113986,113986
,gui,,CONTROL_PANEL,126522,134,2,2,0,2195.5,11,4380,4380,16138,110384,1,0,0,4380,0,4380,0,4379,0,4379,4380,0,1,0,takeoff,ok,OK,manual,,attempt=1|send=OK|raw=ok|parsed=OK,executor_call=1|command=takeoff|result=OK|response=ok|elapsed_ms=4380|timing_total_ms=4380|recv_wait_ms=4379|attempt_log=[attempt=1|send=OK|raw=ok|parsed=OK],1291,1291,0,0,0,10.2908,9.76623,79,97,246,0,0,0,0,0,OK,100,1,60,77,109.94,0,45,81,83,3685,38382198,0,0,0,29.8766,31,30,-1,0,0,0,0,0,0,OK,100,OK,100,1,telemetry=OK; video=OK; command=OK; rc=OK,OK,OK,OK,OK,50,50,0,-1,0,3685,38382198,3670,0,0,0,0,0,0,0,0,0,0,3670,15,29.8766,960,720,0,0,1,0,OK,0,,0,vision:ffmpeg_stream,,,CONNECTED,0,pitch,1,1,1,0,0,0,0,0,0,0,0,0,0,125,250,1,0,0,0,0,0,0,0,1033,2637,940,300,3,3,0,0,0,battery?,74,OK,46,114986,114986
,gui,,CONTROL_PANEL,127522,135,2,2,0,2195.5,11,4380,4380,16138,111384,1,0,0,4380,0,4380,0,4379,0,4379,4380,0,1,0,takeoff,ok,OK,manual,,attempt=1|send=OK|raw=ok|parsed=OK,executor_call=1|command=takeoff|result=OK|response=ok|elapsed_ms=4380|timing_total_ms=4380|recv_wait_ms=4379|attempt_log=[attempt=1|send=OK|raw=ok|parsed=OK],1301,1301,0,0,0,8.01584,9.44592,28,124,246,0,0,0,0,0,OK,100,1,70,80,109.94,0,45,81,83,3715,38694827,0,0,0,30.0183,14,30,-1,0,0,0,0,0,0,OK,100,OK,100,1,telemetry=OK; video=OK; command=OK; rc=OK,OK,OK,OK,OK,50,50,0,-1,0,3715,38694827,3700,0,0,0,0,0,0,0,0,0,0,3700,15,30.0183,960,720,0,0,1,0,OK,0,,0,vision:ffmpeg_stream,,,CONNECTED,0,pitch,1,1,1,0,0,0,0,0,0,0,0,0,0,125,250,1,0,0,0,0,0,0,0,1042,2658,948,300,3,3,0,0,0,battery?,74,OK,46,115986,115986
,gui,,CONTROL_PANEL,128646,136,2,2,0,2195.5,11,4380,4380,16138,112508,1,0,0,4380,0,4380,0,4379,0,4379,4380,0,1,0,takeoff,ok,OK,manual,,attempt=1|send=OK|raw=ok|parsed=OK,executor_call=1|command=takeoff|result=OK|response=ok|elapsed_ms=4380|timing_total_ms=4380|recv_wait_ms=4379|attempt_log=[attempt=1|send=OK|raw=ok|parsed=OK],1312,1312,0,0,0,9.93761,11.1333,75,100,246,0,0,0,0,0,OK,100,1,70,83,109.93,0,45,81,83,3748,39038499,0,0,0,30.4237,22,33,-1,0,0,0,0,0,0,OK,100,OK,100,1,telemetry=OK; video=OK; command=OK; rc=OK,OK,OK,OK,OK,50,50,0,-1,0,3748,39038499,3733,0,0,0,0,0,0,0,0,0,0,3733,15,30.4237,960,720,0,0,1,0,OK,0,,0,vision:ffmpeg_stream,,,CONNECTED,0,pitch,2,1,1,0,0,0,0,0,0,0,0,0,0,124,250,1,0,0,0,0,0,0,0,1052,2681,957,300,3,3,0,0,0,battery?,74,OK,46,117110,117110
,gui,,CONTROL_PANEL,129646,137,2,2,0,2195.5,11,4380,4380,16138,113508,1,0,0,4380,0,4380,0,4379,0,4379,4380,0,1,0,takeoff,ok,OK,manual,,attempt=1|send=OK|raw=ok|parsed=OK,executor_call=1|command=takeoff|result=OK|response=ok|elapsed_ms=4380|timing_total_ms=4380|recv_wait_ms=4379|attempt_log=[attempt=1|send=OK|raw=ok|parsed=OK],1322,1322,0,0,0,9.0023,11.0464,12,111,246,0,0,0,0,0,OK,100,1,70,86,109.65,0,45,81,83,3777,39340597,0,0,0,30.0278,44,29,-1,0,0,0,0,0,0,OK,100,OK,100,1,telemetry=OK; video=OK; command=OK; rc=OK,OK,OK,OK,OK,51,50,0,-1,0,3777,39340597,3762,0,0,0,0,0,0,0,0,0,0,3762,15,30.0278,960,720,0,0,1,0,OK,0,,0,vision:ffmpeg_stream,,,CONNECTED,0,pitch,2,1,1,0,0,0,0,0,0,0,0,0,0,124,250,1,0,0,0,0,0,0,0,1060,2702,964,300,3,3,0,0,0,battery?,74,OK,46,118110,118110
,gui,,CONTROL_PANEL,130647,138,2,2,0,2195.5,11,4380,4380,16138,114509,1,0,0,4380,0,4380,0,4379,0,4379,4380,0,1,0,takeoff,ok,OK,manual,,attempt=1|send=OK|raw=ok|parsed=OK,executor_call=1|command=takeoff|result=OK|response=ok|elapsed_ms=4380|timing_total_ms=4380|recv_wait_ms=4379|attempt_log=[attempt=1|send=OK|raw=ok|parsed=OK],1332,1332,0,0,0,9.74051,10.8258,41,102,246,0,0,0,0,0,OK,100,1,70,84,109.76,0,44,80,83,3807,39653208,0,0,0,30.1156,36,30,-1,0,0,0,0,0,0,OK,100,OK,100,1,telemetry=OK; video=OK; command=OK; rc=OK,OK,OK,OK,OK,50,50,0,-1,0,3807,39653208,3792,0,0,0,0,0,0,0,0,0,0,3792,15,30.1156,960,720,0,0,1,0,OK,0,,0,vision:ffmpeg_stream,,,CONNECTED,0,pitch,2,1,1,0,0,0,0,0,0,0,0,0,0,125,250,1,0,0,0,0,0,0,0,1069,2723,972,300,3,3,0,0,0,battery?,74,OK,46,119110,119110
,gui,,CONTROL_PANEL,131647,139,2,2,0,2195.5,11,4380,4380,16138,115509,1,0,0,4380,0,4380,0,4379,0,4379,4380,0,1,0,takeoff,ok,OK,manual,,attempt=1|send=OK|raw=ok|parsed=OK,executor_call=1|command=takeoff|result=OK|response=ok|elapsed_ms=4380|timing_total_ms=4380|recv_wait_ms=4379|attempt_log=[attempt=1|send=OK|raw=ok|parsed=OK],1341,1341,0,0,0,10.3179,10.0466,114,96,246,0,0,0,0,0,OK,100,1,70,86,109.94,0,44,80,83,3836,39955153,0,0,0,30.7352,99,29,-1,0,0,0,0,0,0,OK,100,OK,100,1,telemetry=OK; video=OK; command=OK; rc=OK,OK,OK,OK,OK,50,50,0,-1,0,3836,39955153,3820,0,0,0,0,0,0,0,0,0,0,3820,15,30.7352,960,720,0,0,1,0,OK,0,,0,vision:ffmpeg_stream,,,CONNECTED,0,pitch,2,1,1,0,0,0,0,0,0,0,0,0,0,124,250,1,0,0,0,0,0,0,0,1078,2742,980,300,3,3,0,0,0,battery?,74,OK,46,120111,120111
,gui,,CONTROL_PANEL,132772,140,2,2,0,2195.5,11,4380,4380,16138,116634,1,0,0,4380,0,4380,0,4379,0,4379,4380,0,1,0,takeoff,ok,OK,manual,,attempt=1|send=OK|raw=ok|parsed=OK,executor_call=1|command=takeoff|result=OK|response=ok|elapsed_ms=4380|timing_total_ms=4380|recv_wait_ms=4379|attempt_log=[attempt=1|send=OK|raw=ok|parsed=OK],1353,1353,0,0,0,9.77827,9.92422,0,102,246,0,0,0,0,0,OK,100,1,70,82,110.07,0,44,81,83,3871,40318474,0,0,0,30.5173,16,35,-1,0,0,0,0,0,0,OK,100,OK,100,1,telemetry=OK; video=OK; command=OK; rc=OK,OK,OK,OK,OK,50,50,0,-1,0,3871,40318474,3856,0,0,0,0,0,0,0,0,0,0,3856,15,30.5173,960,720,0,0,1,0,OK,0,,0,vision:ffmpeg_stream,,,CONNECTED,0,pitch,1,1,1,0,0,0,0,0,0,0,0,0,0,125,249,1,0,0,0,0,0,0,0,1088,2768,989,300,3,3,0,0,0,battery?,74,OK,46,121236,121236
,gui,,CONTROL_PANEL,133897,141,2,2,0,2195.5,11,4380,4380,16138,117759,1,0,0,4380,0,4380,0,4379,0,4379,4380,0,1,0,takeoff,ok,OK,manual,,attempt=1|send=OK|raw=ok|parsed=OK,executor_call=1|command=takeoff|result=OK|response=ok|elapsed_ms=4380|timing_total_ms=4380|recv_wait_ms=4379|attempt_log=[attempt=1|send=OK|raw=ok|parsed=OK],1364,1364,0,0,0,9.94225,10.0518,52,100,246,0,0,0,0,0,OK,100,1,70,80,109.5,0,43,81,83,3905,40672722,0,0,0,30.1932,9,34,-1,0,0,0,0,0,0,OK,100,OK,100,1,telemetry=OK; video=OK; command=OK; rc=OK,OK,OK,OK,OK,51,50,0,-1,0,3905,40672722,3890,0,0,0,0,0,0,0,0,0,0,3890,15,30.1932,960,720,0,0,1,0,OK,0,,0,vision:ffmpeg_stream,,,CONNECTED,0,pitch,2,1,1,0,0,0,0,0,0,0,0,0,0,125,249,1,0,0,0,0,0,0,0,1098,2792,997,300,3,3,0,0,0,battery?,74,OK,46,122361,122361
,gui,,CONTROL_PANEL,135021,142,2,2,0,2195.5,11,4380,4380,16138,118883,1,0,0,4380,0,4380,0,4379,0,4379,4380,0,1,0,takeoff,ok,OK,manual,,attempt=1|send=OK|raw=ok|parsed=OK,executor_call=1|command=takeoff|result=OK|response=ok|elapsed_ms=4380|timing_total_ms=4380|recv_wait_ms=4379|attempt_log=[attempt=1|send=OK|raw=ok|parsed=OK],1375,1375,0,0,0,27.0703,13.4464,78,36,246,0,0,0,0,0,OK,100,1,70,79,109.7,0,43,80,83,3939,41025390,0,0,0,30.2042,0,34,-1,0,0,0,0,0,0,OK,100,OK,100,1,telemetry=OK; video=OK; command=OK; rc=OK,OK,OK,OK,OK,50,50,0,-1,0,3939,41025390,3924,0,0,0,0,0,0,0,0,0,0,3924,15,30.2042,960,720,0,0,1,0,OK,0,,0,vision:ffmpeg_stream,,,CONNECTED,0,pitch,1,1,1,0,0,0,0,0,0,0,0,0,0,125,249,1,0,0,0,0,0,0,0,1108,2816,1006,300,3,3,0,0,0,battery?,74,OK,46,123485,123485
,gui,,CONTROL_PANEL,136021,143,2,2,0,2195.5,11,4380,4380,16138,119883,1,0,0,4380,0,4380,0,4379,0,4379,4380,0,1,0,takeoff,ok,OK,manual,,attempt=1|send=OK|raw=ok|parsed=OK,executor_call=1|command=takeoff|result=OK|response=ok|elapsed_ms=4380|timing_total_ms=4380|recv_wait_ms=4379|attempt_log=[attempt=1|send=OK|raw=ok|parsed=OK],1385,1385,0,0,0,9.98862,11.4253,55,100,246,0,0,0,0,0,OK,100,1,70,79,109.62,0,43,80,83,3969,41337771,0,0,0,31.0344,4,30,-1,0,0,0,0,0,0,OK,100,OK,100,1,telemetry=OK; video=OK; command=OK; rc=OK,OK,OK,OK,OK,50,50,0,-1,0,3969,41337771,3954,0,0,0,0,0,0,0,0,0,0,3954,15,31.0344,960,720,0,0,1,0,OK,0,,0,vision:ffmpeg_stream,,,CONNECTED,0,pitch,1,1,1,0,0,0,0,0,0,0,0,0,0,124,250,1,0,0,0,0,0,0,0,1115,2839,1012,300,3,3,0,0,0,battery?,74,OK,46,124485,124485
,gui,,CONTROL_PANEL,137147,144,2,2,0,2195.5,11,4380,4380,16138,121009,1,0,0,4380,0,4380,0,4379,0,4379,4380,0,1,0,takeoff,ok,OK,manual,,attempt=1|send=OK|raw=ok|parsed=OK,executor_call=1|command=takeoff|result=OK|response=ok|elapsed_ms=4380|timing_total_ms=4380|recv_wait_ms=4379|attempt_log=[attempt=1|send=OK|raw=ok|parsed=OK],1395,1395,0,0,0,9.72336,10.2059,151,102,246,0,0,0,0,0,OK,100,1,70,81,109.86,0,42,80,83,4000,41659315,0,0,0,30.8463,99,31,-1,0,0,0,0,0,0,OK,100,OK,100,1,telemetry=OK; video=OK; command=OK; rc=OK,OK,OK,OK,OK,50,50,0,-1,0,4000,41659315,3985,0,0,0,0,0,0,0,0,0,0,3985,15,30.8463,960,720,0,0,1,0,OK,0,,0,vision:ffmpeg_stream,,,CONNECTED,0,pitch,1,1,1,0,0,0,0,0,0,0,0,0,0,125,249,1,0,0,0,0,0,0,0,1124,2861,1021,300,3,3,0,0,0,battery?,74,OK,46,125611,125611
,gui,,CONTROL_PANEL,138271,145,2,2,0,2195.5,11,4380,4380,16138,122133,1,0,0,4380,0,4380,0,4379,0,4379,4380,0,1,0,takeoff,ok,OK,manual,,attempt=1|send=OK|raw=ok|parsed=OK,executor_call=1|command=takeoff|result=OK|response=ok|elapsed_ms=4380|timing_total_ms=4380|recv_wait_ms=4379|attempt_log=[attempt=1|send=OK|raw=ok|parsed=OK],1407,1407,0,0,0,6.01836,14.5916,13,166,246,0,0,0,0,0,OK,100,1,70,75,109.79,0,42,81,84,4034,42013594,0,0,0,31.3224,10,34,-1,0,0,0,0,0,0,OK,100,OK,100,1,telemetry=OK; video=OK; command=OK; rc=OK,OK,OK,OK,OK,50,50,0,-1,0,4034,42013594,4019,0,0,0,0,0,0,0,0,0,0,4019,15,31.3224,960,720,0,0,1,0,OK,0,,0,vision:ffmpeg_stream,,,CONNECTED,0,pitch,1,1,1,0,0,0,0,0,0,0,0,0,0,124,249,1,0,0,0,0,0,0,0,1134,2885,1029,300,3,3,0,0,0,battery?,74,OK,46,126735,126735
,gui,,CONTROL_PANEL,139272,146,2,2,0,2195.5,11,4380,4380,16138,123134,1,0,0,4380,0,4380,0,4379,0,4379,4380,0,1,0,takeoff,ok,OK,manual,,attempt=1|send=OK|raw=ok|parsed=OK,executor_call=1|command=takeoff|result=OK|response=ok|elapsed_ms=4380|timing_total_ms=4380|recv_wait_ms=4379|attempt_log=[attempt=1|send=OK|raw=ok|parsed=OK],1418,1418,0,0,0,10.907,13.2872,12,91,246,0,0,0,0,0,OK,100,1,60,73,109.56,0,42,81,84,4067,42350223,0,0,0,33.9049,0,33,-1,0,0,0,0,0,0,OK,100,OK,100,1,telemetry=OK; video=OK; command=OK; rc=OK,OK,OK,OK,OK,51,50,0,-1,0,4067,42350223,4052,0,0,0,0,0,0,0,0,0,0,4052,15,33.9049,960,720,0,0,1,0,OK,0,,0,vision:ffmpeg_stream,,,CONNECTED,0,pitch,1,1,1,0,0,0,0,0,0,0,0,0,0,125,250,1,0,0,0,0,0,0,0,1142,2910,1037,300,3,3,0,0,0,battery?,74,OK,46,127735,127735
,gui,,CONTROL_PANEL,140397,147,2,2,0,2195.5,11,4380,4380,16138,124259,1,0,0,4380,0,4380,0,4379,0,4379,4380,0,1,0,takeoff,ok,OK,manual,,attempt=1|send=OK|raw=ok|parsed=OK,executor_call=1|command=takeoff|result=OK|response=ok|elapsed_ms=4380|timing_total_ms=4380|recv_wait_ms=4379|attempt_log=[attempt=1|send=OK|raw=ok|parsed=OK],1429,1429,0,0,0,10.039,10.3646,16,99,246,0,0,0,0,0,OK,100,1,60,77,110.03,0,42,81,83,4101,42708744,0,0,0,31.4614,32,34,-1,0,0,0,0,0,0,OK,100,OK,100,1,telemetry=OK; video=OK; command=OK; rc=OK,OK,OK,OK,OK,50,50,0,-1,0,4101,42708744,4085,0,0,0,0,0,0,0,0,0,0,4085,15,31.4614,960,720,0,0,1,0,OK,0,,0,vision:ffmpeg_stream,,,CONNECTED,0,pitch,3,1,1,0,0,0,0,0,0,0,0,0,0,125,249,1,0,0,0,0,0,0,0,1152,2933,1046,300,3,3,0,0,0,battery?,74,OK,46,128861,128861
,gui,,CONTROL_PANEL,141521,148,2,2,0,2195.5,11,4380,4380,16138,125383,1,0,0,4380,0,4380,0,4379,0,4379,4380,0,1,0,takeoff,ok,OK,manual,,attempt=1|send=OK|raw=ok|parsed=OK,executor_call=1|command=takeoff|result=OK|response=ok|elapsed_ms=4380|timing_total_ms=4380|recv_wait_ms=4379|attempt_log=[attempt=1|send=OK|raw=ok|parsed=OK],1440,1440,0,0,0,10.2276,9.88556,15,97,246,0,0,0,0,0,OK,100,1,60,74,109.8,0,42,81,84,4135,43065622,0,0,0,32.3439,1,34,-1,0,0,0,0,0,0,OK,100,OK,100,1,telemetry=OK; video=OK; command=OK; rc=OK,OK,OK,OK,OK,50,50,0,-1,0,4135,43065622,4120,0,0,0,0,0,0,0,0,0,0,4120,15,32.3439,960,720,0,0,1,0,OK,0,,0,vision:ffmpeg_stream,,,CONNECTED,0,pitch,1,1,1,0,0,0,0,0,0,0,0,0,0,124,250,1,0,0,0,0,0,0,0,1161,2959,1055,300,3,3,0,0,0,battery?,74,OK,46,129985,129985
,gui,,CONTROL_PANEL,142647,149,2,2,0,2195.5,11,4380,4380,16138,126509,1,0,0,4380,0,4380,0,4379,0,4379,4380,0,1,0,takeoff,ok,OK,manual,,attempt=1|send=OK|raw=ok|parsed=OK,executor_call=1|command=takeoff|result=OK|response=ok|elapsed_ms=4380|timing_total_ms=4380|recv_wait_ms=4379|attempt_log=[attempt=1|send=OK|raw=ok|parsed=OK],1451,1451,0,0,0,9.90476,11.742,83,100,246,0,0,0,0,0,OK,100,1,60,75,110.01,0,42,82,84,4167,43399127,0,0,0,28.8432,51,32,-1,0,0,0,0,0,0,OK,100,OK,100,1,telemetry=OK; video=OK; command=OK; rc=OK,OK,OK,OK,OK,50,50,0,-1,0,4167,43399127,4152,0,0,0,0,0,0,0,0,0,0,4152,15,28.8432,960,720,0,0,1,0,OK,0,,0,vision:ffmpeg_stream,,,CONNECTED,0,pitch,2,1,1,0,0,0,0,0,0,0,0,0,0,125,250,1,0,0,0,0,0,0,0,1170,2982,1064,300,3,3,0,0,0,battery?,74,OK,46,131111,131111
,gui,,CONTROL_PANEL,143771,150,2,2,0,2195.5,11,4380,4380,16138,127633,1,0,0,4380,0,4380,0,4379,0,4379,4380,0,1,0,takeoff,ok,OK,manual,,attempt=1|send=OK|raw=ok|parsed=OK,executor_call=1|command=takeoff|result=OK|response=ok|elapsed_ms=4380|timing_total_ms=4380|recv_wait_ms=4379|attempt_log=[attempt=1|send=OK|raw=ok|parsed=OK],1462,1462,0,0,0,9.42744,11.5285,95,106,246,0,0,0,0,0,OK,100,1,70,84,109.85,0,41,81,84,4203,43772586,0,0,0,31.4488,10,36,-1,0,0,0,0,0,0,OK,100,OK,100,1,telemetry=OK; video=OK; command=OK; rc=OK,OK,OK,OK,OK,50,50,0,-1,0,4203,43772586,4188,0,0,0,0,0,0,0,0,0,0,4188,15,31.4488,960,720,0,0,1,0,OK,0,,0,vision:ffmpeg_stream,,,CONNECTED,0,pitch,1,1,1,0,0,0,0,0,0,0,0,0,0,125,249,1,0,0,0,0,0,0,0,1180,3008,1073,300,3,3,0,0,0,battery?,74,OK,46,132235,132235
,gui,,CONTROL_PANEL,144771,151,2,2,0,2195.5,11,4380,4380,16138,128633,1,0,0,4380,0,4380,0,4379,0,4379,4380,0,1,0,takeoff,ok,OK,manual,,attempt=1|send=OK|raw=ok|parsed=OK,executor_call=1|command=takeoff|result=OK|response=ok|elapsed_ms=4380|timing_total_ms=4380|recv_wait_ms=4379|attempt_log=[attempt=1|send=OK|raw=ok|parsed=OK],1473,1473,0,0,0,9.91823,10.8315,0,100,246,0,0,0,0,0,OK,100,1,70,85,110.01,0,41,80,83,4233,44085144,0,0,0,33.1531,23,30,-1,0,0,0,0,0,0,OK,100,OK,100,1,telemetry=OK; video=OK; command=OK; rc=OK,OK,OK,OK,OK,50,50,0,-1,0,4233,44085144,4218,0,0,0,0,0,0,0,0,0,0,4218,15,33.1531,960,720,0,0,1,0,OK,0,,0,vision:ffmpeg_stream,,,CONNECTED,0,pitch,1,1,1,0,0,0,0,0,0,0,0,0,0,125,250,1,0,0,0,0,0,0,0,1187,3031,1080,300,3,3,0,0,0,battery?,74,OK,46,133235,133235
,gui,,CONTROL_PANEL,145772,152,2,2,0,2195.5,11,4380,4380,16138,129634,1,0,0,4380,0,4380,0,4379,0,4379,4380,0,1,0,takeoff,ok,OK,manual,,attempt=1|send=OK|raw=ok|parsed=OK,executor_call=1|command=takeoff|result=OK|response=ok|elapsed_ms=4380|timing_total_ms=4380|recv_wait_ms=4379|attempt_log=[attempt=1|send=OK|raw=ok|parsed=OK],1482,1482,0,0,0,10.1849,10.5756,84,98,246,0,0,0,0,0,OK,100,1,70,83,109.7,0,41,82,83,4264,44406681,0,0,0,32.1125,2,31,-1,0,0,0,0,0,0,OK,100,OK,100,1,telemetry=OK; video=OK; command=OK; rc=OK,OK,OK,OK,OK,50,50,0,-1,0,4264,44406681,4249,0,0,0,0,0,0,0,0,0,0,4249,15,32.1125,960,720,0,0,1,0,OK,0,,0,vision:ffmpeg_stream,,,CONNECTED,0,pitch,1,1,1,0,0,0,0,0,0,0,0,0,0,125,250,1,0,0,0,0,0,0,0,1195,3054,1088,300,3,3,0,0,0,battery?,74,OK,46,134236,134236
,gui,,CONTROL_PANEL,146772,153,2,2,0,2195.5,11,4380,4380,16138,130634,1,0,0,4380,0,4380,0,4379,0,4379,4380,0,1,0,takeoff,ok,OK,manual,,attempt=1|send=OK|raw=ok|parsed=OK,executor_call=1|command=takeoff|result=OK|response=ok|elapsed_ms=4380|timing_total_ms=4380|recv_wait_ms=4379|attempt_log=[attempt=1|send=OK|raw=ok|parsed=OK],1493,1493,0,0,0,10.1781,11.4182,32,98,246,0,0,0,0,0,OK,100,1,70,82,109.85,0,40,81,84,4294,44719120,0,0,0,30.4873,13,30,-1,0,0,0,0,0,0,OK,100,OK,100,1,telemetry=OK; video=OK; command=OK; rc=OK,OK,OK,OK,OK,50,50,0,-1,0,4294,44719120,4279,0,0,0,0,0,0,0,0,0,0,4279,15,30.4873,960,720,0,0,1,0,OK,0,,0,vision:ffmpeg_stream,,,CONNECTED,0,pitch,1,1,1,0,0,0,0,0,0,0,0,0,0,125,249,1,0,0,0,0,0,0,0,1204,3075,1096,300,3,3,0,0,0,battery?,74,OK,46,135236,135236
,gui,,CONTROL_PANEL,147896,154,2,2,0,2195.5,11,4380,4380,16138,131758,1,0,0,4380,0,4380,0,4379,0,4379,4380,0,1,0,takeoff,ok,OK,manual,,attempt=1|send=OK|raw=ok|parsed=OK,executor_call=1|command=takeoff|result=OK|response=ok|elapsed_ms=4380|timing_total_ms=4380|recv_wait_ms=4379|attempt_log=[attempt=1|send=OK|raw=ok|parsed=OK],1504,1504,0,0,0,11.6137,10.4343,20,86,246,0,0,0,0,0,OK,100,1,70,84,109.77,0,40,82,83,4328,45073427,0,0,0,33.9492,15,34,-1,0,0,0,0,0,0,OK,100,OK,100,1,telemetry=OK; video=OK; command=OK; rc=OK,OK,OK,OK,OK,50,50,0,-1,0,4328,45073427,4313,0,0,0,0,0,0,0,0,0,0,4313,15,33.9492,960,720,0,0,1,0,OK,0,,0,vision:ffmpeg_stream,,,CONNECTED,0,pitch,3,1,1,0,0,0,0,0,0,0,0,0,0,124,250,1,0,0,0,0,0,0,0,1212,3101,1103,300,3,3,0,0,0,battery?,74,OK,46,136360,136360
,gui,,CONTROL_PANEL,148896,155,2,2,0,2195.5,11,4380,4380,16138,132758,1,0,0,4380,0,4380,0,4379,0,4379,4380,0,1,0,takeoff,ok,OK,manual,,attempt=1|send=OK|raw=ok|parsed=OK,executor_call=1|command=takeoff|result=OK|response=ok|elapsed_ms=4380|timing_total_ms=4380|recv_wait_ms=4379|attempt_log=[attempt=1|send=OK|raw=ok|parsed=OK],1514,1514,0,0,0,9.65114,10.2907,31,103,246,0,0,0,0,0,OK,100,1,70,83,110,0,40,81,83,4358,45385980,0,0,0,30.5832,29,30,-1,0,0,0,0,0,0,OK,100,OK,100,1,telemetry=OK; video=OK; command=OK; rc=OK,OK,OK,OK,OK,50,50,0,-1,0,4358,45385980,4343,0,0,0,0,0,0,0,0,0,0,4343,15,30.5832,960,720,0,0,1,0,OK,0,,0,vision:ffmpeg_stream,,,CONNECTED,0,pitch,2,1,1,0,0,0,0,0,0,0,0,0,0,124,250,1,0,0,0,0,0,0,0,1221,3122,1110,300,3,3,0,0,0,battery?,74,OK,46,137360,137360
,gui,,CONTROL_PANEL,149896,156,2,2,0,2195.5,11,4380,4380,16138,133758,1,0,0,4380,0,4380,0,4379,0,4379,4380,0,1,0,takeoff,ok,OK,manual,,attempt=1|send=OK|raw=ok|parsed=OK,executor_call=1|command=takeoff|result=OK|response=ok|elapsed_ms=4380|timing_total_ms=4380|recv_wait_ms=4379|attempt_log=[attempt=1|send=OK|raw=ok|parsed=OK],1524,1524,0,0,0,10.3229,13.1845,54,96,246,0,0,0,0,0,OK,100,1,70,81,110.03,0,40,81,84,4389,45708867,0,0,0,31.0566,2,31,-1,0,0,0,0,0,0,OK,100,OK,100,1,telemetry=OK; video=OK; command=OK; rc=OK,OK,OK,OK,OK,50,50,0,-1,0,4389,45708867,4374,0,0,0,0,0,0,0,0,0,0,4374,15,31.0566,960,720,0,0,1,0,OK,0,,0,vision:ffmpeg_stream,,,CONNECTED,0,pitch,2,1,1,0,0,0,0,0,0,0,0,0,0,124,250,1,0,0,0,0,0,0,0,1229,3145,1118,300,3,3,0,0,0,battery?,74,OK,46,138360,138360
,gui,,CONTROL_PANEL,150896,157,2,2,0,2195.5,11,4380,4380,16138,134758,1,0,0,4380,0,4380,0,4379,0,4379,4380,0,1,0,takeoff,ok,OK,manual,,attempt=1|send=OK|raw=ok|parsed=OK,executor_call=1|command=takeoff|result=OK|response=ok|elapsed_ms=4380|timing_total_ms=4380|recv_wait_ms=4379|attempt_log=[attempt=1|send=OK|raw=ok|parsed=OK],1534,1534,0,0,0,9.89274,10.3327,55,101,246,0,0,0,0,0,OK,100,1,70,81,110.16,0,40,82,84,4419,46021266,0,0,0,30.1584,14,30,-1,0,0,0,0,0,0,OK,100,OK,100,1,telemetry=OK; video=OK; command=OK; rc=OK,OK,OK,OK,OK,50,50,0,-1,0,4419,46021266,4404,0,0,0,0,0,0,0,0,0,0,4404,15,30.1584,960,720,0,0,1,0,OK,0,,0,vision:ffmpeg_stream,,,CONNECTED,0,pitch,2,1,1,0,0,0,0,0,0,0,0,0,0,125,249,1,0,0,0,0,0,0,0,1237,3167,1126,300,3,3,0,0,0,battery?,74,OK,46,139360,139360
,gui,,CONTROL_PANEL,152021,158,2,2,0,2195.5,11,4380,4380,16138,135883,1,0,0,4380,0,4380,0,4379,0,4379,4380,0,1,0,takeoff,ok,OK,manual,,attempt=1|send=OK|raw=ok|parsed=OK,executor_call=1|command=takeoff|result=OK|response=ok|elapsed_ms=4380|timing_total_ms=4380|recv_wait_ms=4379|attempt_log=[attempt=1|send=OK|raw=ok|parsed=OK],1545,1545,0,0,0,9.55896,10.5028,59,104,246,0,0,0,0,0,OK,100,1,70,84,109.95,0,39,82,84,4454,46385869,0,0,0,30.9477,16,35,-1,0,0,0,0,0,0,OK,100,OK,100,1,telemetry=OK; video=OK; command=OK; rc=OK,OK,OK,OK,OK,50,50,0,-1,0,4454,46385869,4438,0,0,0,0,0,0,0,0,0,0,4438,15,30.9477,960,720,0,0,1,0,OK,0,,0,vision:ffmpeg_stream,,,CONNECTED,0,pitch,1,1,1,0,0,0,0,0,0,0,0,0,0,125,249,1,0,0,0,0,0,0,0,1246,3192,1135,300,3,3,0,0,0,battery?,74,OK,46,140485,140485
,gui,,CONTROL_PANEL,153147,159,2,2,0,2195.5,11,4380,4380,16138,137009,1,0,0,4380,0,4380,0,4379,0,4379,4380,0,1,0,takeoff,ok,OK,manual,,attempt=1|send=OK|raw=ok|parsed=OK,executor_call=1|command=takeoff|result=OK|response=ok|elapsed_ms=4380|timing_total_ms=4380|recv_wait_ms=4379|attempt_log=[attempt=1|send=OK|raw=ok|parsed=OK],1557,1557,0,0,0,8.42084,10.7489,1,118,246,0,0,0,0,0,OK,100,1,70,95,110.07,0,39,82,84,4487,46724895,0,0,0,32.0621,17,33,-1,0,0,0,0,0,0,OK,100,OK,100,1,telemetry=OK; video=OK; command=OK; rc=OK,OK,OK,OK,OK,50,50,0,-1,0,4487,46724895,4472,0,0,0,0,0,0,0,0,0,0,4472,15,32.0621,960,720,0,0,1,0,OK,0,,0,vision:ffmpeg_stream,,,CONNECTED,0,pitch,3,1,1,0,0,0,0,0,0,0,0,0,0,125,249,1,0,0,0,0,0,0,0,1256,3216,1143,300,3,3,0,0,0,battery?,74,OK,46,141610,141610
,gui,,CONTROL_PANEL,154272,160,2,2,0,2195.5,11,4380,4380,16138,138134,1,0,0,4380,0,4380,0,4379,0,4379,4380,0,1,0,takeoff,ok,OK,manual,,attempt=1|send=OK|raw=ok|parsed=OK,executor_call=1|command=takeoff|result=OK|response=ok|elapsed_ms=4380|timing_total_ms=4380|recv_wait_ms=4379|attempt_log=[attempt=1|send=OK|raw=ok|parsed=OK],1568,1568,0,0,0,9.73949,10.073,29,102,246,0,0,0,0,0,OK,100,1,80,94,110.1,1,38,82,83,4521,47082135,0,0,0,31.1716,22,34,-1,0,0,0,0,0,0,OK,100,OK,100,1,telemetry=OK; video=OK; command=OK; rc=OK,OK,OK,OK,OK,50,50,0,-1,0,4521,47082135,4506,0,0,0,0,0,0,0,0,0,0,4506,15,31.1716,960,720,0,0,1,0,OK,0,,0,vision:ffmpeg_stream,,,CONNECTED,0,pitch,1,1,1,0,0,0,0,0,0,0,0,0,0,125,249,1,0,0,0,0,0,0,0,1265,3241,1152,300,3,3,0,0,0,battery?,74,OK,46,142736,142736
,gui,,CONTROL_PANEL,155273,161,2,2,0,2195.5,11,4380,4380,16138,139135,1,0,0,4380,0,4380,0,4379,0,4379,4380,0,1,0,takeoff,ok,OK,manual,,attempt=1|send=OK|raw=ok|parsed=OK,executor_call=1|command=takeoff|result=OK|response=ok|elapsed_ms=4380|timing_total_ms=4380|recv_wait_ms=4379|attempt_log=[attempt=1|send=OK|raw=ok|parsed=OK],1577,1577,0,0,0,7.98987,9.34966,58,125,246,0,0,0,0,0,OK,100,1,70,80,109.94,0,38,82,84,4550,47384952,0,0,0,34.4392,22,29,-1,0,0,0,0,0,0,OK,100,OK,100,1,telemetry=OK; video=OK; command=OK; rc=OK,OK,OK,OK,OK,52,50,0,-1,0,4550,47384952,4535,0,0,0,0,0,0,0,0,0,0,4535,15,34.4392,960,720,0,0,1,0,OK,0,,0,vision:ffmpeg_stream,,,CONNECTED,0,pitch,1,1,1,0,0,0,0,0,0,0,0,0,0,126,249,1,0,0,0,0,0,0,0,1274,3261,1160,300,3,3,0,0,0,battery?,74,OK,46,143737,143737
,gui,,CONTROL_PANEL,156397,162,2,2,0,2195.5,11,4380,4380,16138,140259,1,0,0,4380,0,4380,0,4379,0,4379,4380,0,1,0,takeoff,ok,OK,manual,,attempt=1|send=OK|raw=ok|parsed=OK,executor_call=1|command=takeoff|result=OK|response=ok|elapsed_ms=4380|timing_total_ms=4380|recv_wait_ms=4379|attempt_log=[attempt=1|send=OK|raw=ok|parsed=OK],1588,1588,0,0,0,8.27962,9.50675,66,120,246,0,0,0,0,0,OK,100,1,60,72,109.94,0,38,82,83,4582,47717615,0,0,0,31.1801,16,32,-1,0,0,0,0,0,0,OK,100,OK,100,1,telemetry=OK; video=OK; command=OK; rc=OK,OK,OK,OK,OK,50,50,0,-1,0,4582,47717615,4567,0,0,0,0,0,0,0,0,0,0,4567,15,31.1801,960,720,0,0,1,0,OK,0,,0,vision:ffmpeg_stream,,,CONNECTED,0,pitch,2,1,1,0,0,0,0,0,0,0,0,0,0,124,249,1,0,0,0,0,0,0,0,1284,3283,1169,300,3,3,0,0,0,battery?,74,OK,46,144861,144861
,gui,,CONTROL_PANEL,157522,163,2,2,0,2195.5,11,4380,4380,16138,141384,1,0,0,4380,0,4380,0,4379,0,4379,4380,0,1,0,takeoff,ok,OK,manual,,attempt=1|send=OK|raw=ok|parsed=OK,executor_call=1|command=takeoff|result=OK|response=ok|elapsed_ms=4380|timing_total_ms=4380|recv_wait_ms=4379|attempt_log=[attempt=1|send=OK|raw=ok|parsed=OK],1599,1599,0,0,0,11.1948,10.3722,63,89,246,0,0,0,0,0,OK,100,1,60,76,109.83,0,38,82,84,4616,48071719,0,0,0,31.3947,13,34,-1,0,0,0,0,0,0,OK,100,OK,100,1,telemetry=OK; video=OK; command=OK; rc=OK,OK,OK,OK,OK,50,50,0,-1,0,4616,48071719,4601,0,0,0,0,0,0,0,0,0,0,4601,15,31.3947,960,720,0,0,1,0,OK,0,,0,vision:ffmpeg_stream,,,CONNECTED,0,pitch,1,1,1,0,0,0,0,0,0,0,0,0,0,125,249,1,0,0,0,0,0,0,0,1294,3307,1178,300,3,3,0,0,0,battery?,74,OK,46,145985,145985
,gui,,CONTROL_PANEL,158522,164,2,2,0,2195.5,11,4380,4380,16138,142384,1,0,0,4380,0,4380,0,4379,0,4379,4380,0,1,0,takeoff,ok,OK,manual,,attempt=1|send=OK|raw=ok|parsed=OK,executor_call=1|command=takeoff|result=OK|response=ok|elapsed_ms=4380|timing_total_ms=4380|recv_wait_ms=4379|attempt_log=[attempt=1|send=OK|raw=ok|parsed=OK],1609,1609,0,0,0,9.51833,9.93777,8,105,246,0,0,0,0,0,OK,100,1,70,82,109.75,0,38,81,84,4645,48374182,0,0,0,30.569,30,29,-1,0,0,0,0,0,0,OK,100,OK,100,1,telemetry=OK; video=OK; command=OK; rc=OK,OK,OK,OK,OK,51,50,0,-1,0,4645,48374182,4630,0,0,0,0,0,0,0,0,0,0,4630,15,30.569,960,720,0,0,1,0,OK,0,,0,vision:ffmpeg_stream,,,CONNECTED,0,pitch,1,1,1,0,0,0,0,0,0,0,0,0,0,125,249,1,0,0,0,0,0,0,0,1303,3327,1186,300,3,3,0,0,0,battery?,74,OK,46,146986,146986
,gui,,CONTROL_PANEL,159647,165,2,2,0,2195.5,11,4380,4380,16138,143509,1,0,0,4380,0,4380,0,4379,0,4379,4380,0,1,0,takeoff,ok,OK,manual,,attempt=1|send=OK|raw=ok|parsed=OK,executor_call=1|command=takeoff|result=OK|response=ok|elapsed_ms=4380|timing_total_ms=4380|recv_wait_ms=4379|attempt_log=[attempt=1|send=OK|raw=ok|parsed=OK],1620,1620,0,0,0,9.74123,10.6181,53,102,246,0,0,0,0,0,OK,100,1,60,74,109.66,0,38,81,84,4679,48728362,0,0,0,30.4874,35,34,-1,0,0,0,0,0,0,OK,100,OK,100,1,telemetry=OK; video=OK; command=OK; rc=OK,OK,OK,OK,OK,51,50,0,-1,0,4679,48728362,4663,0,0,0,0,0,0,0,0,0,0,4663,15,30.4874,960,720,0,0,1,0,OK,0,,0,vision:ffmpeg_stream,,,CONNECTED,0,pitch,2,1,1,0,0,0,0,0,0,0,0,0,0,125,249,1,0,0,0,0,0,0,0,1313,3350,1195,300,3,3,0,0,0,battery?,74,OK,46,148111,148111
,gui,,CONTROL_PANEL,160772,166,2,2,0,2195.5,11,4380,4380,16138,144634,1,0,0,4380,0,4380,0,4379,0,4379,4380,0,1,0,takeoff,ok,OK,manual,,attempt=1|send=OK|raw=ok|parsed=OK,executor_call=1|command=takeoff|result=OK|response=ok|elapsed_ms=4380|timing_total_ms=4380|recv_wait_ms=4379|attempt_log=[attempt=1|send=OK|raw=ok|parsed=OK],1631,1631,0,0,0,9.52237,9.80919,28,105,246,0,0,0,0,0,OK,100,1,60,67,109.53,0,38,82,84,4712,49072132,0,0,0,30.1828,11,33,-1,0,0,0,0,0,0,OK,100,OK,100,1,telemetry=OK; video=OK; command=OK; rc=OK,OK,OK,OK,OK,50,50,0,-1,0,4712,49072132,4697,0,0,0,0,0,0,0,0,0,0,4697,15,30.1828,960,720,0,0,1,0,OK,0,,0,vision:ffmpeg_stream,,,CONNECTED,0,pitch,1,1,1,0,0,0,0,0,0,0,0,0,0,125,250,1,0,0,0,0,0,0,0,1323,3374,1203,300,3,3,0,0,0,battery?,74,OK,46,149236,149236
,gui,,CONTROL_PANEL,161897,167,2,2,0,2195.5,11,4380,4380,16138,145759,1,0,0,4380,0,4380,0,4379,0,4379,4380,0,1,0,takeoff,ok,OK,manual,,attempt=1|send=OK|raw=ok|parsed=OK,executor_call=1|command=takeoff|result=OK|response=ok|elapsed_ms=4380|timing_total_ms=4380|recv_wait_ms=4379|attempt_log=[attempt=1|send=OK|raw=ok|parsed=OK],1642,1642,0,0,0,9.71424,9.94429,32,102,246,0,0,0,0,0,OK,100,1,60,57,109.59,0,37,81,84,4745,49416009,0,0,0,29.9763,26,33,-1,0,0,0,0,0,0,OK,100,OK,100,1,telemetry=OK; video=OK; command=OK; rc=OK,OK,OK,OK,OK,50,50,0,-1,0,4745,49416009,4730,0,0,0,0,0,0,0,0,0,0,4730,15,29.9763,960,720,0,0,1,0,OK,0,,0,vision:ffmpeg_stream,,,CONNECTED,0,pitch,2,1,1,0,0,0,0,0,0,0,0,0,0,124,249,1,0,0,0,0,0,0,0,1333,3397,1212,300,3,3,0,0,0,battery?,74,OK,46,150361,150361
,gui,,CONTROL_PANEL,162897,168,2,2,0,2195.5,11,4380,4380,16138,146759,1,0,0,4380,0,4380,0,4379,0,4379,4380,0,1,0,takeoff,ok,OK,manual,,attempt=1|send=OK|raw=ok|parsed=OK,executor_call=1|command=takeoff|result=OK|response=ok|elapsed_ms=4380|timing_total_ms=4380|recv_wait_ms=4379|attempt_log=[attempt=1|send=OK|raw=ok|parsed=OK],1652,1652,0,0,0,9.89043,10.4304,28,101,246,0,0,0,0,0,OK,100,1,60,61,109.51,-1,37,82,84,4775,49728512,0,0,0,33.7829,20,30,-1,0,0,0,0,0,0,OK,100,OK,100,1,telemetry=OK; video=OK; command=OK; rc=OK,OK,OK,OK,OK,50,50,0,-1,0,4775,49728512,4760,0,0,0,0,0,0,0,0,0,0,4760,15,33.7829,960,720,0,0,1,0,OK,0,,0,vision:ffmpeg_stream,,,CONNECTED,0,pitch,3,1,1,0,0,0,0,0,0,0,0,0,0,125,250,1,0,0,0,0,0,0,0,1342,3418,1219,300,3,3,0,0,0,battery?,74,OK,46,151361,151361
,gui,,CONTROL_PANEL,164022,169,2,2,0,2195.5,11,4380,4380,16138,147884,1,0,0,4380,0,4380,0,4379,0,4379,4380,0,1,0,takeoff,ok,OK,manual,,attempt=1|send=OK|raw=ok|parsed=OK,executor_call=1|command=takeoff|result=OK|response=ok|elapsed_ms=4380|timing_total_ms=4380|recv_wait_ms=4379|attempt_log=[attempt=1|send=OK|raw=ok|parsed=OK],1663,1663,0,0,0,9.87384,13.0382,56,101,246,0,0,0,0,0,OK,100,1,60,65,109.43,0,36,81,84,4809,50081150,0,0,0,31.0644,6,34,-1,0,0,0,0,0,0,OK,100,OK,100,1,telemetry=OK; video=OK; command=OK; rc=OK,OK,OK,OK,OK,50,50,0,-1,0,4809,50081150,4794,0,0,0,0,0,0,0,0,0,0,4794,15,31.0644,960,720,0,0,1,0,OK,0,,0,vision:ffmpeg_stream,,,CONNECTED,0,pitch,1,1,1,0,0,0,0,0,0,0,0,0,0,125,250,1,0,0,0,0,0,0,0,1352,3442,1228,300,3,3,0,0,0,battery?,74,OK,46,152486,152486
,gui,,CONTROL_PANEL,165147,170,2,2,0,2195.5,11,4380,4380,16138,149009,1,0,0,4380,0,4380,0,4379,0,4379,4380,0,1,0,takeoff,ok,OK,manual,,attempt=1|send=OK|raw=ok|parsed=OK,executor_call=1|command=takeoff|result=OK|response=ok|elapsed_ms=4380|timing_total_ms=4380|recv_wait_ms=4379|attempt_log=[attempt=1|send=OK|raw=ok|parsed=OK],1674,1674,0,0,0,10.1548,10.2031,47,98,246,0,0,0,0,0,OK,100,1,70,71,109.91,0,36,82,84,4843,50435275,0,0,0,29.9184,28,34,-1,0,0,0,0,0,0,OK,100,OK,100,1,telemetry=OK; video=OK; command=OK; rc=OK,OK,OK,OK,OK,50,50,0,-1,0,4843,50435275,4827,0,0,0,0,0,0,0,0,0,0,4827,15,29.9184,960,720,0,0,1,0,OK,0,,0,vision:ffmpeg_stream,,,CONNECTED,0,pitch,2,1,1,0,0,0,0,0,0,0,0,0,0,125,250,1,0,0,0,0,0,0,0,1361,3466,1237,300,3,3,0,0,0,battery?,74,OK,46,153611,153611
,gui,,CONTROL_PANEL,166272,171,2,2,0,2195.5,11,4380,4380,16138,150134,1,0,0,4380,0,4380,0,4379,0,4379,4380,0,1,0,takeoff,ok,OK,manual,,attempt=1|send=OK|raw=ok|parsed=OK,executor_call=1|command=takeoff|result=OK|response=ok|elapsed_ms=4380|timing_total_ms=4380|recv_wait_ms=4379|attempt_log=[attempt=1|send=OK|raw=ok|parsed=OK],1685,1685,0,0,0,9.83168,10.4887,64,101,246,0,0,0,0,0,OK,100,1,70,76,109.67,0,36,82,84,4876,50772231,0,0,0,30.0887,20,33,-1,0,0,0,0,0,0,OK,100,OK,100,1,telemetry=OK; video=OK; command=OK; rc=OK,OK,OK,OK,OK,50,50,0,-1,0,4876,50772231,4861,0,0,0,0,0,0,0,0,0,0,4861,15,30.0887,960,720,0,0,1,0,OK,0,,0,vision:ffmpeg_stream,,,CONNECTED,0,pitch,1,1,1,0,0,0,0,0,0,0,0,0,0,125,249,1,0,0,0,0,0,0,0,1371,3490,1246,300,3,3,0,0,0,battery?,74,OK,46,154735,154735
,gui,,CONTROL_PANEL,167397,172,2,2,0,2195.5,11,4380,4380,16138,151259,1,0,0,4380,0,4380,0,4379,0,4379,4380,0,1,0,takeoff,ok,OK,manual,,attempt=1|send=OK|raw=ok|parsed=OK,executor_call=1|command=takeoff|result=OK|response=ok|elapsed_ms=4380|timing_total_ms=4380|recv_wait_ms=4379|attempt_log=[attempt=1|send=OK|raw=ok|parsed=OK],1697,1697,0,0,0,8.6524,10.5525,3,115,246,0,0,0,0,0,OK,100,1,70,72,109.92,0,35,82,84,4910,51129047,0,0,0,30.6395,14,34,-1,0,0,0,0,0,0,OK,100,OK,100,1,telemetry=OK; video=OK; command=OK; rc=OK,OK,OK,OK,OK,50,50,0,-1,0,4910,51129047,4895,0,0,0,0,0,0,0,0,0,0,4895,15,30.6395,960,720,0,0,1,0,OK,0,,0,vision:ffmpeg_stream,,,CONNECTED,0,pitch,3,1,1,0,0,0,0,0,0,0,0,0,0,125,249,1,0,0,0,0,0,0,0,1381,3514,1255,300,3,3,0,0,0,battery?,74,OK,46,155861,155861
,gui,,CONTROL_PANEL,168397,173,2,2,0,2195.5,11,4380,4380,16138,152259,1,0,0,4380,0,4380,0,4379,0,4379,4380,0,1,0,takeoff,ok,OK,manual,,attempt=1|send=OK|raw=ok|parsed=OK,executor_call=1|command=takeoff|result=OK|response=ok|elapsed_ms=4380|timing_total_ms=4380|recv_wait_ms=4379|attempt_log=[attempt=1|send=OK|raw=ok|parsed=OK],1706,1706,0,0,0,9.09669,9.87312,90,109,246,0,0,0,0,0,OK,100,1,70,73,109.84,0,35,82,83,4940,51441880,0,0,0,33.5158,18,30,-1,0,0,0,0,0,0,OK,100,OK,100,1,telemetry=OK; video=OK; command=OK; rc=OK,OK,OK,OK,OK,51,50,0,-1,0,4940,51441880,4925,0,0,0,0,0,0,0,0,0,0,4925,15,33.5158,960,720,0,0,1,0,OK,0,,0,vision:ffmpeg_stream,,,CONNECTED,0,pitch,2,1,1,0,0,0,0,0,0,0,0,0,0,124,250,1,0,0,0,0,0,0,0,1389,3536,1263,300,3,3,0,0,0,battery?,74,OK,46,156861,156861
,gui,,CONTROL_PANEL,169521,174,2,2,0,2195.5,11,4380,4380,16138,153383,1,0,0,4380,0,4380,0,4379,0,4379,4380,0,1,0,takeoff,ok,OK,manual,,attempt=1|send=OK|raw=ok|parsed=OK,executor_call=1|command=takeoff|result=OK|response=ok|elapsed_ms=4380|timing_total_ms=4380|recv_wait_ms=4379|attempt_log=[attempt=1|send=OK|raw=ok|parsed=OK],1717,1717,0,0,0,10.1213,9.99205,98,98,246,0,0,0,0,0,OK,100,1,70,75,109.74,0,35,82,84,4973,51787340,0,0,0,28.0839,29,33,-1,0,0,0,0,0,0,OK,100,OK,100,1,telemetry=OK; video=OK; command=OK; rc=OK,OK,OK,OK,OK,50,50,0,-1,0,4973,51787340,4958,0,0,0,0,0,0,0,0,0,0,4958,15,28.0839,960,720,0,0,1,0,OK,0,,0,vision:ffmpeg_stream,,,CONNECTED,0,pitch,1,1,1,0,0,0,0,0,0,0,0,0,0,125,250,1,0,0,0,0,0,0,0,1399,3559,1271,300,3,3,0,0,0,battery?,74,OK,46,157985,157985
,gui,,CONTROL_PANEL,170522,175,2,2,0,2195.5,11,4380,4380,16138,154384,1,0,0,4380,0,4380,0,4379,0,4379,4380,0,1,0,takeoff,ok,OK,manual,,attempt=1|send=OK|raw=ok|parsed=OK,executor_call=1|command=takeoff|result=OK|response=ok|elapsed_ms=4380|timing_total_ms=4380|recv_wait_ms=4379|attempt_log=[attempt=1|send=OK|raw=ok|parsed=OK],1728,1728,0,0,0,10.5338,10.225,3,94,246,0,0,0,0,0,OK,100,1,70,73,109.56,0,34,82,84,5004,52110818,0,0,0,31.0516,19,31,-1,0,0,0,0,0,0,OK,100,OK,100,1,telemetry=OK; video=OK; command=OK; rc=OK,OK,OK,OK,OK,50,50,0,-1,0,5004,52110818,4989,0,0,0,0,0,0,0,0,0,0,4989,15,31.0516,960,720,0,0,1,0,OK,0,,0,vision:ffmpeg_stream,,,CONNECTED,0,pitch,2,1,1,0,0,0,0,0,0,0,0,0,0,125,249,1,0,0,0,1,0,0,0,1407,3582,1279,300,3,3,0,0,0,battery?,74,OK,46,158986,158986
,gui,,CONTROL_PANEL,171646,176,2,2,0,2195.5,11,4380,4380,16138,155508,1,0,0,4380,0,4380,0,4379,0,4379,4380,0,1,0,takeoff,ok,OK,manual,,attempt=1|send=OK|raw=ok|parsed=OK,executor_call=1|command=takeoff|result=OK|response=ok|elapsed_ms=4380|timing_total_ms=4380|recv_wait_ms=4379|attempt_log=[attempt=1|send=OK|raw=ok|parsed=OK],1739,1739,0,0,0,9.96131,10.5066,37,100,246,0,0,0,0,0,OK,100,1,70,71,109.54,0,34,81,84,5038,52464806,0,0,0,30.6267,19,34,-1,0,0,0,0,0,0,OK,100,OK,100,1,telemetry=OK; video=OK; command=OK; rc=OK,OK,OK,OK,OK,50,50,0,-1,0,5038,52464806,5023,0,0,0,0,0,0,0,0,0,0,5023,15,30.6267,960,720,0,0,1,0,OK,0,,0,vision:ffmpeg_stream,,,CONNECTED,0,pitch,2,1,1,0,0,0,0,0,0,0,0,0,0,125,249,1,0,0,0,1,0,0,0,1417,3606,1287,300,3,3,0,0,0,battery?,74,OK,46,160110,160110
,gui,,CONTROL_PANEL,172647,177,2,2,0,2195.5,11,4380,4380,16138,156509,1,0,0,4380,0,4380,0,4379,0,4379,4380,0,1,0,takeoff,ok,OK,manual,,attempt=1|send=OK|raw=ok|parsed=OK,executor_call=1|command=takeoff|result=OK|response=ok|elapsed_ms=4380|timing_total_ms=4380|recv_wait_ms=4379|attempt_log=[attempt=1|send=OK|raw=ok|parsed=OK],1749,1749,0,0,0,9.93462,10.7668,34,100,246,0,0,0,0,0,OK,100,1,70,68,109.99,0,34,81,84,5068,52777307,0,0,0,33.1193,27,30,-1,0,0,0,0,0,0,OK,100,OK,100,1,telemetry=OK; video=OK; command=OK; rc=OK,OK,OK,OK,OK,50,50,0,-1,0,5068,52777307,5053,0,0,0,0,0,0,0,0,0,0,5053,15,33.1193,960,720,0,0,1,0,OK,0,,0,vision:ffmpeg_stream,,,CONNECTED,0,pitch,3,1,1,0,0,0,0,0,0,0,0,0,0,124,250,1,0,0,0,1,0,0,0,1425,3628,1295,300,3,3,0,0,0,battery?,74,OK,46,161111,161111
,gui,,CONTROL_PANEL,173772,178,2,2,0,2195.5,11,4380,4380,16138,157634,1,0,0,4380,0,4380,0,4379,0,4379,4380,0,1,0,takeoff,ok,OK,manual,,attempt=1|send=OK|raw=ok|parsed=OK,executor_call=1|command=takeoff|result=OK|response=ok|elapsed_ms=4380|timing_total_ms=4380|recv_wait_ms=4379|attempt_log=[attempt=1|send=OK|raw=ok|parsed=OK],1760,1760,0,0,0,10.0808,12.2645,78,99,246,0,0,0,0,0,OK,100,1,70,69,109.75,0,33,82,84,5101,53121366,0,0,0,29.051,44,33,-1,0,0,0,0,0,0,OK,100,OK,100,1,telemetry=OK; video=OK; command=OK; rc=OK,OK,OK,OK,OK,50,50,0,-1,0,5101,53121366,5086,0,0,0,0,0,0,0,0,0,0,5086,15,29.051,960,720,0,0,1,0,OK,0,,0,vision:ffmpeg_stream,,,CONNECTED,0,pitch,1,1,1,0,0,0,0,0,0,0,0,0,0,125,250,1,0,0,0,1,0,0,0,1434,3652,1304,300,3,3,0,0,0,battery?,74,OK,46,162236,162236
,gui,,CONTROL_PANEL,174897,179,2,2,0,2195.5,11,4380,4380,16138,158759,1,0,0,4380,0,4380,0,4379,0,4379,4380,0,1,0,takeoff,ok,OK,manual,,attempt=1|send=OK|raw=ok|parsed=OK,executor_call=1|command=takeoff|result=OK|response=ok|elapsed_ms=4380|timing_total_ms=4380|recv_wait_ms=4379|attempt_log=[attempt=1|send=OK|raw=ok|parsed=OK],1772,1772,0,0,0,9.75568,10.5535,10,102,246,0,0,0,0,0,OK,100,1,70,70,109.5,0,33,82,84,5137,53496529,0,0,0,30.1833,32,36,-1,0,0,0,0,0,0,OK,100,OK,100,1,telemetry=OK; video=OK; command=OK; rc=OK,OK,OK,OK,OK,50,50,0,-1,0,5137,53496529,5121,0,0,0,0,0,0,0,0,0,0,5121,15,30.1833,960,720,0,0,1,0,OK,0,,0,vision:ffmpeg_stream,,,CONNECTED,0,pitch,3,1,1,0,0,0,0,0,0,0,0,0,0,125,250,1,0,0,0,1,0,0,0,1443,3678,1313,300,3,3,0,0,0,battery?,74,OK,46,163361,163361
,gui,,CONTROL_PANEL,175897,180,2,2,0,2195.5,11,4380,4380,16138,159759,1,0,0,4380,0,4380,0,4379,0,4379,4380,0,1,0,takeoff,ok,OK,manual,,attempt=1|send=OK|raw=ok|parsed=OK,executor_call=1|command=takeoff|result=OK|response=ok|elapsed_ms=4380|timing_total_ms=4380|recv_wait_ms=4379|attempt_log=[attempt=1|send=OK|raw=ok|parsed=OK],1781,1781,0,0,0,11.0547,11.3105,75,90,246,0,0,0,0,0,OK,100,1,70,66,109.7,0,33,82,84,5167,53809185,0,0,0,40.5532,14,30,-1,0,0,0,0,0,0,OK,100,OK,100,1,telemetry=OK; video=OK; command=OK; rc=OK,OK,OK,OK,OK,50,50,0,-1,0,5167,53809185,5152,0,0,0,0,0,0,0,0,0,0,5152,15,40.5532,960,720,0,0,1,0,OK,0,,0,vision:ffmpeg_stream,,,CONNECTED,0,pitch,3,1,1,0,0,0,0,0,0,0,0,0,0,125,249,1,0,0,0,1,0,0,0,1452,3700,1321,300,3,3,0,0,0,battery?,74,OK,46,164361,164361
,gui,,CONTROL_PANEL,176430,181,2,2,0,2195.5,11,4380,4380,16138,160292,1,0,0,4380,0,4380,0,4379,0,4379,4380,0,1,0,takeoff,ok,OK,manual,,attempt=1|send=OK|raw=ok|parsed=OK,executor_call=1|command=takeoff|result=OK|response=ok|elapsed_ms=4380|timing_total_ms=4380|recv_wait_ms=4379|attempt_log=[attempt=1|send=OK|raw=ok|parsed=OK],1787,1787,0,0,0,9.92184,10.4868,25,100,246,0,0,0,0,0,OK,100,1,70,67,109.78,0,33,82,84,5183,53975873,0,0,0,31.0376,18,30,-1,0,0,0,0,0,0,OK,100,OK,100,1,telemetry=OK; video=OK; command=OK; rc=OK,OK,OK,OK,OK,51,50,0,-1,0,5167,53809185,5152,0,0,0,0,0,0,0,0,0,0,5152,15,40.5532,960,720,0,0,1,0,OK,0,,0,critical-command:begin:land,,,CONNECTED,0,pitch,0,1,1,0,0,0,0,0,0,1,0,0,0,125,249,1,0,0,0,1,0,0,0,1456,3712,1326,300,3,3,0,0,0,battery?,74,OK,46,164894,164894
,gui,,CONTROL_PANEL,176431,182,2,2,0,2195.5,11,4380,4380,16138,160293,1,0,0,4380,0,4380,0,4379,0,4379,4380,0,1,0,takeoff,ok,OK,manual,,attempt=1|send=OK|raw=ok|parsed=OK,executor_call=1|command=takeoff|result=OK|response=ok|elapsed_ms=4380|timing_total_ms=4380|recv_wait_ms=4379|attempt_log=[attempt=1|send=OK|raw=ok|parsed=OK],1787,1787,0,0,0,9.92184,10.4868,26,100,246,0,0,0,0,0,OK,100,1,70,67,109.78,0,33,82,84,5183,53975873,0,0,0,31.0376,19,30,-1,0,0,0,0,0,0,OK,100,OK,100,1,telemetry=OK; video=OK; command=OK; rc=OK,OK,OK,OK,OK,51,50,0,-1,0,5167,53809185,5152,0,0,0,0,0,0,0,0,0,0,5152,15,40.5532,960,720,0,0,1,0,OK,0,,0,log,2026-07-06T19:05:29.088,sdk keepalive remains running; cooperative loop skips ticks while command channel is busy,CONNECTED,0,pitch,0,1,1,0,0,0,0,0,0,1,0,0,0,125,249,1,0,0,0,1,0,0,0,1456,3712,1326,300,3,3,0,0,0,battery?,74,OK,46,164895,164895
,gui,,CONTROL_PANEL,176474,183,2,2,0,2195.5,11,4380,4380,16138,160336,1,0,0,4380,0,4380,0,4379,0,4379,4380,0,1,0,takeoff,ok,OK,manual,,attempt=1|send=OK|raw=ok|parsed=OK,executor_call=1|command=takeoff|result=OK|response=ok|elapsed_ms=4380|timing_total_ms=4380|recv_wait_ms=4379|attempt_log=[attempt=1|send=OK|raw=ok|parsed=OK],1787,1787,0,0,0,9.92184,10.4868,70,100,246,0,0,0,0,0,OK,100,1,70,67,109.78,0,33,82,84,5184,53986259,0,0,0,30.8941,30,30,-1,0,0,0,0,0,0,OK,100,OK,100,1,telemetry=OK; video=OK; command=OK,OK,OK,OK,NO_DATA,0,50,0,-1,0,5167,53809185,5152,0,0,0,0,0,0,0,0,0,0,5152,15,40.5532,960,720,0,0,1,0,OK,0,,0,log,2026-07-06T19:05:29.131,rc stream neutralized no-wait (land) => OK,CONNECTED,0,pitch,0,1,0,0,0,0,0,0,0,1,0,0,0,125,249,1,0,0,0,1,0,0,0,1457,3712,1326,300,3,3,0,0,0,battery?,74,OK,46,164938,164938
,gui,,CONTROL_PANEL,176474,184,3,3,0,1463.67,0,4380,0,176474,0,0,0,0,0,0,0,0,0,0,0,0,0,1,0,rc 0 0 0 0,no_wait,OK,preflight,,no_wait|send=OK,no_wait|command=rc 0 0 0 0|result=OK|attempt_log=[no_wait|send=OK],1787,1787,0,0,0,9.92184,10.4868,70,100,246,0,0,0,0,0,OK,100,1,70,67,109.78,0,33,82,84,5184,53986259,0,0,0,30.8941,30,30,-1,0,0,0,0,0,0,OK,100,OK,100,1,telemetry=OK; video=OK; command=OK,OK,OK,OK,NO_DATA,0,50,0,-1,0,5167,53809185,5152,0,0,0,0,0,0,0,0,0,0,5152,15,40.5532,960,720,0,0,1,0,OK,0,,0,command:preflight,,,CONNECTED,0,pitch,0,1,0,0,0,0,0,0,0,1,0,0,0,125,249,1,0,0,0,1,0,0,0,1457,3712,1326,300,3,3,0,0,0,battery?,74,OK,46,164938,164938
,gui,,CONTROL_PANEL,176475,185,3,3,0,1463.67,0,4380,0,176474,1,0,0,0,0,0,0,0,0,0,0,0,0,1,0,rc 0 0 0 0,no_wait,OK,preflight,,no_wait|send=OK,no_wait|command=rc 0 0 0 0|result=OK|attempt_log=[no_wait|send=OK],1787,1787,0,0,0,9.92184,10.4868,70,100,246,0,0,0,0,0,OK,100,1,70,67,109.78,0,33,82,84,5185,53996666,0,0,0,30.8941,30,30,-1,0,0,0,0,0,0,OK,100,OK,100,1,telemetry=OK; video=OK; command=OK,OK,OK,OK,NO_DATA,0,50,0,-1,0,5167,53809185,5152,0,0,0,0,0,0,0,0,0,0,5152,15,40.5532,960,720,0,0,1,0,OK,0,,0,log,2026-07-06T19:05:29.132,land queued on command worker,CONNECTED,0,pitch,0,1,0,0,0,0,0,0,0,1,0,0,0,125,249,1,0,0,0,1,0,0,0,1457,3712,1326,300,3,3,0,0,0,battery?,74,OK,46,164939,164939
,gui,,CONTROL_PANEL,181646,186,3,3,0,1463.67,0,4380,0,176474,5172,0,0,0,0,0,0,0,0,0,0,0,0,1,0,rc 0 0 0 0,no_wait,OK,preflight,,no_wait|send=OK,no_wait|command=rc 0 0 0 0|result=OK|attempt_log=[no_wait|send=OK],1839,1839,0,0,0,10.0491,11.2969,78,99,246,0,0,0,0,0,OK,100,1,0,10,108.83,0,32,82,84,5342,55630661,0,0,0,30.6096,33,30,-1,0,0,0,0,0,0,OK,100,OK,100,1,telemetry=OK; video=OK; command=OK,OK,OK,OK,NO_DATA,0,50,0,-1,0,5167,53809185,5152,0,0,0,0,0,0,0,0,0,0,5152,15,40.5532,960,720,0,0,1,0,OK,0,,0,log,2026-07-06T19:05:34.300,land => TIMEOUT | telemetry_confirmed(land before_h=70 before_tof=67 after_h=0 after_tof=10 wait_ms=0) | state=CONNECTED,CONNECTED,0,pitch,0,1,0,0,0,0,0,1,0,1,0,0,5166,124,5224,1,0,0,0,1,0,0,0,1499,3827,1326,300,0,0,0,0,0,battery?,,ERROR,0,-1,-1
,gui,,CONTROL_PANEL,181648,187,3,3,0,1463.67,0,4380,0,176474,5174,0,0,0,0,0,0,0,0,0,0,0,0,1,0,rc 0 0 0 0,no_wait,OK,preflight,,no_wait|send=OK,no_wait|command=rc 0 0 0 0|result=OK|attempt_log=[no_wait|send=OK],1839,1839,0,0,0,10.0491,11.2969,80,99,246,0,0,0,0,0,OK,100,1,0,10,108.83,0,32,82,84,5342,55630661,0,0,0,30.3807,1,30,-1,0,0,0,0,0,0,OK,100,OK,100,1,telemetry=OK; video=OK; command=OK,OK,OK,OK,NO_DATA,0,50,0,-1,0,5167,53809185,5152,0,0,0,0,0,0,0,0,0,0,5152,15,40.5532,960,720,0,0,1,0,OK,0,,0,log,2026-07-06T19:05:34.305,telemetry_confirmed(land before_h=70 before_tof=67 after_h=0 after_tof=10 wait_ms=0),CONNECTED,0,pitch,0,1,0,0,0,0,0,1,0,1,0,0,5166,124,5224,1,0,0,0,0,0,0,0,1499,3828,1326,300,0,0,0,0,0,battery?,,ERROR,0,-1,-1
,gui,,CONTROL_PANEL,181649,188,4,3,1,2389.25,0,5166,5166,181649,0,1,0,1,5166,0,5166,0,5166,0,5166,5166,0,1,0,land,telemetry_confirmed(land before_h=70 before_tof=67 after_h=0 after_tof=10 wait_ms=0),TIMEOUT,manual,Timeout waiting for response,attempt=1|send=OK|raw=|result=TIMEOUT,executor_call=1|command=land|result=TIMEOUT|response=|elapsed_ms=5166|timing_total_ms=5166|recv_wait_ms=5166|attempt_log=[attempt=1|send=OK|raw=|result=TIMEOUT],1839,1839,0,0,0,10.0491,11.2969,80,99,246,0,0,0,0,0,OK,100,1,0,10,108.83,0,32,82,84,5342,55630661,0,0,0,30.3807,1,30,-1,0,0,0,0,0,0,OK,100,OK,100,1,telemetry=OK; video=OK; command=OK,OK,OK,OK,NO_DATA,0,50,0,-1,0,5167,53809185,5152,0,0,0,0,0,0,0,0,0,0,5152,15,40.5532,960,720,0,0,1,0,OK,0,,0,command:manual,,,CONNECTED,0,pitch,0,1,0,0,0,0,0,1,0,1,0,0,5166,124,5224,1,0,0,0,0,0,0,0,1499,3828,1326,300,0,0,0,0,0,battery?,,ERROR,0,-1,-1
,gui,,CONTROL_PANEL,181649,189,4,3,1,2389.25,0,5166,5166,181649,0,1,0,1,5166,0,5166,0,5166,0,5166,5166,0,1,0,land,telemetry_confirmed(land before_h=70 before_tof=67 after_h=0 after_tof=10 wait_ms=0),TIMEOUT,manual,Timeout waiting for response,attempt=1|send=OK|raw=|result=TIMEOUT,executor_call=1|command=land|result=TIMEOUT|response=|elapsed_ms=5166|timing_total_ms=5166|recv_wait_ms=5166|attempt_log=[attempt=1|send=OK|raw=|result=TIMEOUT],1839,1839,0,0,0,10.0491,11.2969,80,99,246,0,0,0,0,0,OK,100,1,0,10,108.83,0,32,82,84,5342,55630661,0,0,0,30.3807,1,30,-1,0,0,0,0,0,0,OK,100,OK,100,1,telemetry=OK; video=OK; command=OK,OK,OK,OK,NO_DATA,0,50,0,-1,0,5167,53809185,5152,0,0,0,0,0,0,0,0,0,0,5152,15,40.5532,960,720,0,0,1,0,OK,0,,0,critical-command:end:land,,,CONNECTED,0,pitch,0,1,0,0,0,0,0,1,0,1,0,0,5166,124,5224,1,0,0,0,0,0,0,0,1499,3828,1326,300,0,0,0,0,0,battery?,,ERROR,0,-1,-1
,gui,,CONTROL_PANEL,181649,190,4,3,1,2389.25,0,5166,5166,181649,0,1,0,1,5166,0,5166,0,5166,0,5166,5166,0,1,0,land,telemetry_confirmed(land before_h=70 before_tof=67 after_h=0 after_tof=10 wait_ms=0),TIMEOUT,manual,Timeout waiting for response,attempt=1|send=OK|raw=|result=TIMEOUT,executor_call=1|command=land|result=TIMEOUT|response=|elapsed_ms=5166|timing_total_ms=5166|recv_wait_ms=5166|attempt_log=[attempt=1|send=OK|raw=|result=TIMEOUT],1839,1839,0,0,0,10.0491,11.2969,80,99,246,0,0,0,0,0,OK,100,1,0,10,108.83,0,32,82,84,5342,55630661,0,0,0,30.3807,1,30,-1,0,0,0,0,0,0,OK,100,OK,100,1,telemetry=OK; video=OK; command=OK,OK,OK,OK,NO_DATA,0,50,0,-1,0,5167,53809185,5152,0,0,0,0,0,0,0,0,0,0,5152,15,40.5532,960,720,0,0,1,0,OK,0,,0,log,2026-07-06T19:05:34.299,sdk keepalive restart (vision) => OK,CONNECTED,0,pitch,0,1,0,0,0,0,0,1,0,0,0,0,0,124,5224,1,0,0,0,0,0,0,0,1499,3828,1326,300,0,0,0,0,0,battery?,,ERROR,0,-1,-1
,gui,,CONTROL_PANEL,181649,191,4,3,1,2389.25,0,5166,5166,181649,0,1,0,1,5166,0,5166,0,5166,0,5166,5166,0,1,0,land,telemetry_confirmed(land before_h=70 before_tof=67 after_h=0 after_tof=10 wait_ms=0),TIMEOUT,manual,Timeout waiting for response,attempt=1|send=OK|raw=|result=TIMEOUT,executor_call=1|command=land|result=TIMEOUT|response=|elapsed_ms=5166|timing_total_ms=5166|recv_wait_ms=5166|attempt_log=[attempt=1|send=OK|raw=|result=TIMEOUT],1839,1839,0,0,0,10.0491,11.2969,80,99,246,0,0,0,0,0,OK,100,1,0,10,108.83,0,32,82,84,5342,55630661,0,0,0,30.3807,1,175,-1,0,0,0,0,0,0,OK,100,OK,100,1,telemetry=OK; video=OK; command=OK,OK,OK,OK,NO_DATA,0,50,0,-1,0,5342,55630661,5327,0,0,0,0,0,0,0,0,0,0,5327,15,30.3807,960,720,0,0,1,0,OK,0,,0,vision:ffmpeg_stream,,,CONNECTED,0,pitch,0,1,0,0,0,0,0,1,0,0,0,0,0,124,5224,1,0,0,0,0,0,0,0,1499,3828,1326,300,0,0,0,0,0,battery?,,ERROR,0,-1,-1
,gui,,CONTROL_PANEL,181663,192,4,3,1,2389.25,0,5166,5166,181649,14,1,0,1,5166,0,5166,0,5166,0,5166,5166,0,1,0,land,telemetry_confirmed(land before_h=70 before_tof=67 after_h=0 after_tof=10 wait_ms=0),TIMEOUT,manual,Timeout waiting for response,attempt=1|send=OK|raw=|result=TIMEOUT,executor_call=1|command=land|result=TIMEOUT|response=|elapsed_ms=5166|timing_total_ms=5166|recv_wait_ms=5166|attempt_log=[attempt=1|send=OK|raw=|result=TIMEOUT],1839,1839,0,0,0,10.0491,11.2969,95,99,246,0,0,0,0,0,OK,100,1,0,10,108.83,0,32,82,84,5342,55630661,0,0,0,30.3807,16,175,-1,0,0,0,0,0,0,OK,100,OK,100,1,telemetry=OK; video=OK; command=OK,OK,OK,OK,NO_DATA,0,50,0,-1,0,5342,55630661,5327,0,0,0,0,0,0,0,0,0,0,5327,15,30.3807,960,720,0,0,1,0,OK,0,,0,log,2026-07-06T19:05:34.311,panel switched to Config,CONNECTED,0,pitch,0,1,0,0,0,0,0,1,0,0,0,0,0,124,5224,5128,0,0,0,0,0,0,0,1499,3828,1327,300,0,0,0,0,0,battery?,,ERROR,0,-1,-1
,gui,,CONTROL_PANEL,182771,193,4,3,1,2389.25,0,5166,5166,181649,1122,1,0,1,5166,0,5166,0,5166,0,5166,5166,0,1,0,land,telemetry_confirmed(land before_h=70 before_tof=67 after_h=0 after_tof=10 wait_ms=0),TIMEOUT,manual,Timeout waiting for response,attempt=1|send=OK|raw=|result=TIMEOUT,executor_call=1|command=land|result=TIMEOUT|response=|elapsed_ms=5166|timing_total_ms=5166|recv_wait_ms=5166|attempt_log=[attempt=1|send=OK|raw=|result=TIMEOUT],1851,1851,0,0,0,9.11536,11.6371,29,109,246,0,0,0,0,0,OK,100,1,0,10,108.92,0,32,82,84,5376,55983406,0,0,0,33.2084,1,34,-1,0,0,0,0,0,0,OK,100,OK,100,1,telemetry=OK; video=OK; command=OK,OK,OK,OK,NO_DATA,0,50,0,-1,0,5376,55983406,5361,0,0,0,0,0,0,0,0,0,0,5361,15,33.2084,960,720,0,0,1,0,OK,0,,0,vision:ffmpeg_stream,,,CONNECTED,0,pitch,1,1,0,0,0,0,0,1,0,0,0,0,0,125,250,1,0,0,0,0,0,0,0,1509,3852,1335,300,0,0,0,0,0,battery?,,ERROR,0,-1,-1
,gui,,CONTROL_PANEL,183896,194,4,3,1,2389.25,0,5166,5166,181649,2247,1,0,1,5166,0,5166,0,5166,0,5166,5166,0,1,0,land,telemetry_confirmed(land before_h=70 before_tof=67 after_h=0 after_tof=10 wait_ms=0),TIMEOUT,manual,Timeout waiting for response,attempt=1|send=OK|raw=|result=TIMEOUT,executor_call=1|command=land|result=TIMEOUT|response=|elapsed_ms=5166|timing_total_ms=5166|recv_wait_ms=5166|attempt_log=[attempt=1|send=OK|raw=|result=TIMEOUT],1862,1862,0,0,0,9.89905,10.2969,51,101,246,0,0,0,0,0,OK,100,1,0,10,108.76,0,32,83,84,5410,56337711,0,0,0,31.2273,4,34,-1,0,0,0,0,0,0,OK,100,OK,100,1,telemetry=OK; video=OK; command=OK,OK,OK,OK,NO_DATA,0,50,0,-1,0,5410,56337711,5395,0,0,0,0,0,0,0,0,0,0,5395,15,31.2273,960,720,0,0,1,0,OK,0,,0,vision:ffmpeg_stream,,,CONNECTED,0,pitch,2,1,0,0,0,0,0,1,0,0,0,0,0,124,250,1,0,0,0,0,0,0,0,1519,3876,1344,300,0,0,0,0,0,battery?,,ERROR,0,-1,-1
,gui,,CONTROL_PANEL,184774,195,4,3,1,2389.25,0,5166,5166,181649,3125,1,0,1,5166,0,5166,0,5166,0,5166,5166,0,1,0,land,telemetry_confirmed(land before_h=70 before_tof=67 after_h=0 after_tof=10 wait_ms=0),TIMEOUT,manual,Timeout waiting for response,attempt=1|send=OK|raw=|result=TIMEOUT,executor_call=1|command=land|result=TIMEOUT|response=|elapsed_ms=5166|timing_total_ms=5166|recv_wait_ms=5166|attempt_log=[attempt=1|send=OK|raw=|result=TIMEOUT],1871,1871,0,0,0,9.7886,10.3874,9,102,246,0,0,0,0,0,OK,100,1,0,10,108.52,0,32,82,84,5436,56607025,0,0,0,31.3334,24,34,-1,0,0,0,0,0,0,OK,100,OK,100,1,telemetry=OK; video=OK; command=OK,OK,OK,OK,NO_DATA,0,50,0,-1,0,5410,56337711,5395,0,0,0,0,0,0,0,0,0,0,5395,15,31.2273,960,720,0,0,1,0,OK,0,,0,log,2026-07-06T19:05:37.431,recording stopped,CONNECTED,0,pitch,1,1,0,0,0,0,0,1,0,0,0,0,0,124,249,1,0,0,0,0,0,0,0,1526,3895,1352,300,0,0,0,0,0,battery?,,ERROR,0,-1,-1
,gui,,CONTROL_PANEL,184774,196,4,3,1,2389.25,0,5166,5166,181649,3125,1,0,1,5166,0,5166,0,5166,0,5166,5166,0,1,0,land,telemetry_confirmed(land before_h=70 before_tof=67 after_h=0 after_tof=10 wait_ms=0),TIMEOUT,manual,Timeout waiting for response,attempt=1|send=OK|raw=|result=TIMEOUT,executor_call=1|command=land|result=TIMEOUT|response=|elapsed_ms=5166|timing_total_ms=5166|recv_wait_ms=5166|attempt_log=[attempt=1|send=OK|raw=|result=TIMEOUT],1871,1871,0,0,0,9.7886,10.3874,9,102,246,0,0,0,0,0,OK,100,1,0,10,108.52,0,32,82,84,5436,56607025,0,0,0,31.3334,24,34,-1,0,0,0,0,0,0,OK,100,OK,100,1,telemetry=OK; video=OK; command=OK,OK,OK,OK,NO_DATA,0,50,0,-1,0,5410,56337711,5395,0,0,0,0,0,0,0,0,0,0,5395,15,31.2273,960,720,0,0,1,0,OK,0,,0,logging:stop,,,CONNECTED,0,pitch,0,1,0,0,0,0,0,1,0,0,0,0,0,124,249,1,0,0,0,0,0,0,0,1526,3895,1352,300,0,0,0,0,0,battery?,,ERROR,0,-1,-1
