state_sequence,timestamp_ms,recording_elapsed_ms,steady_elapsed_ms,pitch,roll,yaw,vgx,vgy,vgz,templ,temph,tof,h,bat,baro,time,agx,agy,agz,mid,x,y,z,rc_a,rc_b,rc_c,rc_d,rc_source,rc_result,rc_timestamp_ms,rc_steady_elapsed_ms,rc_sequence
0,1783377987518,0,0,-1,1,0,0,0,0,50,52,10,0,92,112.3,0,-17,-22,-1000,-1,0,0,0,,,,,,,,,
1,1783377987569,51,51,-1,1,0,0,0,0,50,52,10,0,92,112,0,-17,-23,-1001,-1,0,0,0,,,,,,,,,
2,1783377987670,152,151,-1,1,0,0,0,0,50,52,10,0,92,112.1,0,-15,-23,-998,-1,0,0,0,,,,,,,,,
3,1783377987771,253,252,-1,1,0,0,0,0,50,52,10,0,92,112.15,0,-18,-23,-998,-1,0,0,0,,,,,,,,,
4,1783377987872,354,353,-1,1,0,0,0,0,50,52,10,0,92,112.03,0,-17,-22,-1000,-1,0,0,0,,,,,,,,,
5,1783377987973,455,454,-1,1,0,0,0,0,50,52,10,0,92,112.19,0,-19,-21,-997,-1,0,0,0,,,,,,,,,
6,1783377988073,555,555,-1,1,0,0,0,0,50,52,10,0,92,111.95,0,-16,-22,-998,-1,0,0,0,,,,,,,,,
7,1783377988175,657,656,-1,1,0,0,0,0,50,52,10,0,92,112.27,0,-16,-21,-998,-1,0,0,0,,,,,,,,,
8,1783377988275,757,756,-1,1,0,0,0,0,50,52,10,0,92,112.08,0,-18,-22,-999,-1,0,0,0,,,,,,,,,
9,1783377988377,859,858,-1,1,0,0,0,0,50,52,10,0,92,112.12,0,-19,-23,-997,-1,0,0,0,,,,,,,,,
10,1783377988478,960,959,-1,1,0,0,0,0,50,52,10,0,92,112.06,0,-18,-23,-999,-1,0,0,0,,,,,,,,,
11,1783377988588,1070,1069,-1,1,0,0,0,0,50,52,10,0,92,112.26,0,-18,-23,-999,-1,0,0,0,,,,,,,,,
12,1783377988680,1162,1161,-1,1,0,0,0,0,50,52,10,0,92,111.94,0,-17,-22,-1000,-1,0,0,0,,,,,,,,,
13,1783377988776,1258,1257,-1,1,0,0,0,0,50,52,10,0,92,111.83,0,-17,-23,-1002,-1,0,0,0,,,,,,,,,
14,1783377988877,1359,1358,-1,1,0,0,0,0,50,52,10,0,92,112.27,0,-18,-21,-999,-1,0,0,0,,,,,,,,,
15,1783377988978,1460,1459,-1,1,0,0,0,0,50,53,10,0,92,112.06,0,-16,-24,-998,-1,0,0,0,,,,,,,,,
16,1783377989078,1560,1560,-1,1,0,0,0,0,50,53,10,0,92,112.07,0,-18,-21,-997,-1,0,0,0,,,,,,,,,
17,1783377989179,1661,1661,-1,1,0,0,0,0,50,53,10,0,92,112.07,0,-17,-23,-998,-1,0,0,0,,,,,,,,,
18,1783377989280,1762,1761,-1,1,0,0,0,0,50,53,10,0,92,112.03,0,-16,-22,-1000,-1,0,0,0,,,,,,,,,
19,1783377989381,1863,1862,-1,1,0,0,0,0,50,53,10,0,92,112.06,0,-18,-24,-1001,-1,0,0,0,,,,,,,,,
20,1783377989482,1964,1963,-1,1,0,0,0,0,50,53,10,0,92,111.96,0,-20,-24,-996,-1,0,0,0,,,,,,,,,
21,1783377989583,2065,2064,-1,1,0,0,0,0,50,53,10,0,92,112.1,0,-18,-21,-1000,-1,0,0,0,,,,,,,,,
22,1783377989684,2166,2165,-1,1,0,0,0,0,50,53,10,0,92,112.16,0,-17,-24,-998,-1,0,0,0,,,,,,,,,
23,1783377989785,2267,2266,-1,1,0,0,0,0,50,53,10,0,92,112.06,0,-15,-22,-996,-1,0,0,0,,,,,,,,,
24,1783377989886,2368,2367,-1,1,0,0,0,0,50,53,10,0,92,112.24,0,-17,-22,-1001,-1,0,0,0,,,,,,,,,
25,1783377989986,2468,2468,-1,1,0,0,0,0,51,52,10,0,92,112.05,0,-17,-20,-998,-1,0,0,0,,,,,,,,,
26,1783377990037,2519,2518,-1,1,0,0,0,0,51,52,10,0,92,112.37,0,-18,-22,-998,-1,0,0,0,,,,,,,,,
27,1783377990138,2620,2619,-1,1,0,0,0,0,51,52,10,0,92,111.9,0,-18,-22,-999,-1,0,0,0,,,,,,,,,
28,1783377990239,2721,2720,-1,1,0,0,0,0,51,52,10,0,92,111.87,0,-17,-23,-998,-1,0,0,0,,,,,,,,,
29,1783377990339,2821,2821,-1,1,0,0,0,0,51,52,10,0,92,111.99,0,-18,-21,-1001,-1,0,0,0,,,,,,,,,
30,1783377990440,2922,2921,-1,1,0,0,0,0,51,52,10,0,92,111.96,0,-17,-22,-999,-1,0,0,0,,,,,,,,,
31,1783377990542,3024,3023,-1,1,0,0,0,0,51,52,10,0,92,112.17,0,-19,-22,-1001,-1,0,0,0,,,,,,,,,
32,1783377990642,3124,3123,-1,1,0,0,0,0,51,52,10,0,92,112.11,0,-16,-24,-998,-1,0,0,0,,,,,,,,,
33,1783377990743,3225,3224,-1,1,0,0,0,0,51,52,10,0,92,112.3,0,-18,-23,-999,-1,0,0,0,,,,,,,,,
34,1783377990844,3326,3325,-1,1,0,0,0,0,51,52,10,0,92,111.93,0,-17,-21,-998,-1,0,0,0,,,,,,,,,
35,1783377990945,3427,3426,-1,1,0,0,0,0,50,53,10,0,92,111.93,0,-17,-22,-999,-1,0,0,0,,,,,,,,,
36,1783377991051,3533,3532,-1,1,0,0,0,0,50,53,10,0,92,112.22,0,-18,-21,-1000,-1,0,0,0,,,,,,,,,
37,1783377991152,3634,3634,-1,1,0,0,0,0,50,53,10,0,92,112.26,0,-16,-21,-999,-1,0,0,0,,,,,,,,,
38,1783377991248,3730,3729,-1,1,0,0,0,0,50,53,10,0,92,112.03,0,-16,-19,-999,-1,0,0,0,,,,,,,,,
39,1783377991348,3830,3829,-1,1,0,0,0,0,50,53,10,0,92,112.2,0,-16,-22,-1002,-1,0,0,0,,,,,,,,,
40,1783377991449,3931,3930,-1,1,0,0,0,0,50,53,10,0,92,111.91,0,-19,-21,-1000,-1,0,0,0,,,,,,,,,
41,1783377991550,4032,4031,-1,1,0,0,0,0,50,53,10,0,92,112.17,0,-17,-22,-1002,-1,0,0,0,,,,,,,,,
42,1783377991651,4133,4132,-1,1,0,0,0,0,50,53,10,0,92,111.93,0,-19,-24,-1003,-1,0,0,0,,,,,,,,,
43,1783377991752,4234,4233,-1,1,0,0,0,0,50,53,10,0,92,112.15,0,-13,-16,-1000,-1,0,0,0,,,,,,,,,
44,1783377991852,4334,4334,-1,1,0,0,0,0,50,53,10,0,92,112.22,0,-14,-19,-995,-1,0,0,0,,,,,,,,,
45,1783377991953,4435,4434,-1,1,0,0,0,0,51,53,10,0,92,111.78,0,-17,-22,-997,-1,0,0,0,,,,,,,,,
46,1783377992054,4536,4535,-1,1,0,0,0,0,51,53,10,0,92,112.18,0,-14,-19,-999,-1,0,0,0,,,,,,,,,
47,1783377992155,4637,4636,-1,1,0,0,0,0,51,53,10,0,92,112.03,0,-18,-22,-996,-1,0,0,0,,,,,,,,,
48,1783377992256,4738,4737,-1,1,0,0,0,0,51,53,10,0,92,111.95,0,-17,-21,-1001,-1,0,0,0,,,,,,,,,
49,1783377992357,4839,4838,-1,1,0,0,0,0,51,53,10,0,92,112.41,0,-17,-22,-999,-1,0,0,0,,,,,,,,,
50,1783377992457,4939,4939,-1,1,0,0,0,0,51,53,10,0,92,111.83,0,-19,-22,-998,-1,0,0,0,,,,,,,,,
51,1783377992558,5040,5039,-1,1,0,0,0,0,51,53,10,0,92,111.85,0,-18,-22,-1002,-1,0,0,0,,,,,,,,,
52,1783377992609,5091,5090,-1,1,0,0,0,0,51,53,10,0,92,112.24,0,-19,-22,-998,-1,0,0,0,,,,,,,,,
53,1783377992710,5192,5191,-1,1,0,0,0,0,51,53,10,0,92,112.05,0,-17,-22,-1001,-1,0,0,0,,,,,,,,,
54,1783377992810,5292,5291,-1,1,0,0,0,0,51,53,10,0,92,112.13,0,-17,-22,-997,-1,0,0,0,,,,,,,,,
55,1783377992911,5393,5392,-1,1,0,0,0,0,51,54,10,0,92,111.78,0,-18,-24,-1000,-1,0,0,0,,,,,,,,,
56,1783377993012,5494,5493,-1,1,0,0,0,0,51,54,10,0,92,112.24,0,-19,-22,-998,-1,0,0,0,,,,,,,,,
57,1783377993113,5595,5595,-1,1,0,0,0,0,51,54,10,0,92,111.88,0,-17,-21,-999,-1,0,0,0,,,,,,,,,
58,1783377993214,5696,5695,-1,1,0,0,0,0,51,54,10,0,92,112.2,0,-16,-22,-998,-1,0,0,0,,,,,,,,,
59,1783377993315,5797,5796,-1,1,0,0,0,0,51,54,10,0,92,111.89,0,-16,-21,-1000,-1,0,0,0,,,,,,,,,
60,1783377993415,5897,5896,-1,1,0,0,0,0,51,54,10,0,92,111.79,0,-17,-21,-1000,-1,0,0,0,,,,,,,,,
61,1783377993516,5998,5997,-1,1,0,0,0,0,51,54,10,0,92,112.09,0,-19,-21,-998,-1,0,0,0,,,,,,,,,
62,1783377993617,6099,6098,-1,1,0,0,0,0,51,54,10,0,92,112.12,0,-17,-22,-999,-1,0,0,0,,,,,,,,,
63,1783377993718,6200,6199,-1,1,0,0,0,0,51,54,10,0,92,112.07,0,-19,-24,-1000,-1,0,0,0,,,,,,,,,
64,1783377993819,6301,6300,-1,1,0,0,0,0,51,54,10,0,92,111.93,0,-17,-23,-1000,-1,0,0,0,,,,,,,,,
65,1783377993920,6402,6401,-1,1,0,0,0,0,52,54,10,0,92,111.83,0,-18,-23,-1000,-1,0,0,0,,,,,,,,,
66,1783377994020,6502,6502,-1,1,0,0,0,0,52,54,10,0,92,112.07,0,-18,-22,-998,-1,0,0,0,,,,,,,,,
67,1783377994121,6603,6603,-1,1,0,0,0,0,52,54,10,0,92,112.17,0,-19,-23,-997,-1,0,0,0,,,,,,,,,
68,1783377994222,6704,6703,-1,1,0,0,0,0,52,54,10,0,92,112.02,0,-16,-21,-999,-1,0,0,0,,,,,,,,,
69,1783377994323,6805,6805,-1,1,0,0,0,0,52,54,10,0,92,112.04,0,-19,-22,-1000,-1,0,0,0,,,,,,,,,
70,1783377994424,6906,6905,-1,1,0,0,0,0,52,54,10,0,92,111.89,0,-18,-21,-999,-1,0,0,0,,,,,,,,,
71,1783377994525,7007,7006,-1,1,0,0,0,0,52,54,10,0,92,112.07,0,-15,-21,-998,-1,0,0,0,,,,,,,,,
72,1783377994639,7121,7120,-1,1,0,0,0,0,52,54,10,0,92,111.88,0,-17,-20,-996,-1,0,0,0,,,,,,,,,
73,1783377994769,7251,7251,-1,1,0,0,0,0,52,54,10,0,92,112.07,0,-19,-20,-998,-1,0,0,0,,,,,,,,,
74,1783377994817,7299,7298,-1,1,0,0,0,0,52,54,10,0,92,112.14,0,-19,-22,-997,-1,0,0,0,,,,,,,,,
75,1783377994900,7382,7381,-1,1,0,0,0,0,51,54,10,0,92,112.26,0,-16,-22,-1000,-1,0,0,0,,,,,,,,,
76,1783377994998,7480,7480,-1,1,0,0,0,0,51,54,10,0,92,111.96,0,-17,-23,-998,-1,0,0,0,,,,,,,,,
77,1783377995101,7583,7582,-1,1,0,0,0,0,51,54,10,0,92,112.16,0,-18,-23,-1000,-1,0,0,0,,,,,,,,,
78,1783377995203,7685,7685,-1,1,0,0,0,0,51,54,10,0,92,112.05,0,-20,-22,-997,-1,0,0,0,,,,,,,,,
79,1783377995370,7852,7851,0,1,0,0,0,0,51,54,10,0,92,112.2,0,-17,-21,-997,-1,0,0,0,,,,,,,,,
80,1783377995444,7926,7926,-1,1,0,0,0,0,51,54,10,0,92,112.2,0,-18,-21,-998,-1,0,0,0,,,,,,,,,
81,1783377995522,8004,8004,-1,1,0,0,0,0,51,54,10,0,92,111.98,0,-19,-21,-1000,-1,0,0,0,,,,,,,,,
82,1783377995631,8113,8113,-1,1,0,0,0,0,51,54,10,0,92,111.89,0,-18,-23,-999,-1,0,0,0,,,,,,,,,
83,1783377995749,8231,8231,-1,1,0,0,0,0,51,54,10,0,92,112.04,0,-17,-22,-999,-1,0,0,0,,,,,,,,,
84,1783377995854,8336,8335,-1,1,0,0,0,0,51,54,10,0,92,111.96,0,-17,-22,-1000,-1,0,0,0,,,,,,,,,
85,1783377996025,8507,8507,-1,1,0,0,0,0,53,54,10,0,92,112.2,0,-17,-22,-1000,-1,0,0,0,,,,,,,,,
86,1783377996040,8522,8522,-1,1,0,0,0,0,53,54,10,0,92,112.04,0,-16,-22,-999,-1,0,0,0,,,,,,,,,
87,1783377996149,8631,8631,-1,1,0,0,0,0,53,54,10,0,92,111.89,0,-17,-23,-997,-1,0,0,0,,,,,,,,,
88,1783377996233,8715,8714,-1,1,0,0,0,0,53,54,10,0,92,112.02,0,-19,-23,-1000,-1,0,0,0,,,,,,,,,
89,1783377996337,8819,8819,-1,1,0,0,0,0,53,54,10,0,92,112.39,0,-17,-22,-999,-1,0,0,0,,,,,,,,,
90,1783377996439,8921,8920,-1,1,0,0,0,0,53,54,10,0,92,111.95,0,-17,-22,-999,-1,0,0,0,,,,,,,,,
91,1783377996553,9035,9034,-1,1,0,0,0,0,53,54,10,0,92,112.1,0,-17,-22,-1000,-1,0,0,0,,,,,,,,,
92,1783377996647,9129,9129,-1,1,0,0,0,0,53,54,10,0,92,112.21,0,-18,-21,-1000,-1,0,0,0,,,,,,,,,
93,1783377996752,9234,9233,-1,1,0,0,0,0,53,54,10,0,92,112.07,0,-17,-23,-999,-1,0,0,0,,,,,,,,,
94,1783377996865,9347,9347,-1,1,0,0,0,0,53,54,10,0,92,112,0,-19,-22,-1002,-1,0,0,0,,,,,,,,,
95,1783377996964,9446,9445,-1,1,0,0,0,0,52,54,10,0,92,112.08,0,-18,-22,-998,-1,0,0,0,,,,,,,,,
96,1783377997084,9566,9566,-1,1,0,0,0,0,52,54,10,0,92,112.17,0,-18,-22,-997,-1,0,0,0,,,,,,,,,
97,1783377997187,9669,9668,-1,1,0,0,0,0,52,54,10,0,92,112.21,0,-17,-21,-999,-1,0,0,0,,,,,,,,,
98,1783377997385,9867,9866,-1,1,0,0,0,0,52,54,10,0,92,112.15,0,-17,-21,-999,-1,0,0,0,,,,,,,,,
99,1783377997394,9876,9875,-1,1,0,0,0,0,52,54,10,0,92,112.08,0,-18,-23,-1000,-1,0,0,0,,,,,,,,,
100,1783377997497,9979,9978,-1,1,0,0,0,0,52,54,10,0,92,112.08,0,-18,-24,-1000,-1,0,0,0,,,,,,,,,
101,1783377997574,10056,10055,-1,1,0,0,0,0,52,54,10,0,92,111.89,0,-18,-23,-997,-1,0,0,0,,,,,,,,,
102,1783377997681,10163,10163,-1,1,0,0,0,0,52,54,10,0,92,111.99,0,-19,-23,-998,-1,0,0,0,,,,,,,,,
103,1783377997801,10283,10282,-1,1,0,0,0,0,52,54,10,0,92,112.04,0,-17,-23,-999,-1,0,0,0,,,,,,,,,
104,1783377997941,10423,10422,-1,1,0,0,0,0,52,54,10,0,92,112.08,0,-18,-22,-999,-1,0,0,0,,,,,,,,,
105,1783377998014,10496,10495,-1,1,0,0,0,0,53,56,10,0,92,111.99,0,-17,-23,-1000,-1,0,0,0,,,,,,,,,
106,1783377998105,10587,10586,-1,1,0,0,0,0,53,56,10,0,92,112.19,0,-18,-23,-1002,-1,0,0,0,,,,,,,,,
107,1783377998206,10688,10687,-1,1,0,0,0,0,53,56,10,0,92,111.97,0,-16,-23,-1000,-1,0,0,0,,,,,,,,,
108,1783377998308,10790,10790,-1,1,0,0,0,0,53,56,10,0,91,112.12,0,-18,-23,-1001,-1,0,0,0,,,,,,,,,
109,1783377998409,10891,10890,-1,1,0,0,0,0,53,56,10,0,91,112.08,0,-15,-23,-1001,-1,0,0,0,,,,,,,,,
110,1783377998510,10992,10991,-1,1,0,0,0,0,53,56,10,0,91,112.11,0,-17,-21,-1003,-1,0,0,0,,,,,,,,,
111,1783377998568,11050,11049,-1,1,0,0,0,0,53,56,10,0,91,112.29,0,-17,-21,-997,-1,0,0,0,,,,,,,,,
112,1783377998681,11163,11162,-1,1,0,0,0,0,53,56,10,0,91,112.1,0,-17,-20,-1000,-1,0,0,0,,,,,,,,,
113,1783377998783,11265,11264,-1,1,0,0,0,0,53,56,10,0,91,111.99,0,-18,-22,-999,-1,0,0,0,,,,,,,,,
114,1783377998881,11363,11363,-1,1,0,0,0,0,53,56,10,0,91,111.88,0,-18,-22,-1000,-1,0,0,0,,,,,,,,,
115,1783377999000,11482,11481,-1,1,0,0,0,0,53,55,10,0,91,111.86,0,-18,-22,-1001,-1,0,0,0,,,,,,,,,
116,1783377999087,11569,11569,0,1,0,0,0,0,53,55,10,0,91,111.88,0,-17,-22,-1001,-1,0,0,0,,,,,,,,,
117,1783377999186,11668,11667,0,1,0,0,0,0,53,55,10,0,91,112.11,0,-18,-22,-999,-1,0,0,0,,,,,,,,,
118,1783377999288,11770,11770,0,1,0,0,0,0,53,55,10,0,91,112.1,0,-17,-20,-998,-1,0,0,0,,,,,,,,,
119,1783377999391,11873,11872,0,1,0,0,0,0,53,55,10,0,91,112.05,0,-16,-22,-1001,-1,0,0,0,0,0,0,0,"keyboard-worker","OK",1783377999353,11835,0
120,1783377999493,11975,11974,0,1,0,0,0,0,53,55,10,0,91,112.12,0,-18,-22,-1000,-1,0,0,0,0,0,0,0,"keyboard-worker","OK",1783377999454,11935,2
121,1783377999596,12078,12078,0,1,0,0,0,0,53,55,10,0,91,111.99,0,-17,-23,-999,-1,0,0,0,0,0,0,0,"keyboard-worker","OK",1783377999555,12036,4
122,1783377999700,12182,12181,0,1,0,0,0,0,53,55,10,0,91,112.17,0,-17,-22,-1000,-1,0,0,0,0,0,0,0,"keyboard-worker","OK",1783377999656,12137,6
123,1783377999803,12285,12285,0,1,0,0,0,0,53,55,10,0,91,111.82,0,-17,-24,-1000,-1,0,0,0,0,0,0,0,"keyboard-worker","OK",1783377999758,12239,8
124,1783377999906,12388,12388,0,1,0,0,0,0,53,55,10,0,91,111.8,0,-18,-22,-998,-1,0,0,0,0,0,0,0,"keyboard-worker","OK",1783377999859,12340,10
125,1783378000040,12522,12521,-1,1,0,0,0,0,53,55,10,0,91,111.73,0,-16,-24,-997,-1,0,0,0,0,0,0,0,"keyboard-worker","OK",1783378000011,12492,13
126,1783378000141,12623,12622,0,1,0,0,0,0,53,55,10,0,91,111.9,0,-17,-21,-998,-1,0,0,0,0,0,0,0,"keyboard-worker","OK",1783378000112,12593,15
127,1783378000235,12717,12716,0,1,0,0,0,0,53,55,10,0,91,111.98,0,-19,-24,-998,-1,0,0,0,0,0,0,0,"keyboard-worker","OK",1783378000213,12694,17
128,1783378000365,12847,12846,-1,1,0,0,0,0,53,55,10,0,91,111.97,0,-18,-24,-998,-1,0,0,0,0,0,0,0,"keyboard-worker","OK",1783378000365,12846,20
129,1783378000426,12908,12907,-1,1,0,0,0,0,53,55,10,0,91,112.06,0,-18,-22,-998,-1,0,0,0,0,0,0,0,"keyboard-worker","OK",1783378000415,12896,21
130,1783378000510,12992,12992,0,1,0,0,0,0,53,55,10,0,91,112.05,0,-16,-23,-999,-1,0,0,0,0,0,0,0,"keyboard-worker","OK",1783378000466,12947,22
131,1783378000626,13108,13107,0,1,0,0,0,0,53,55,10,0,91,111.76,0,-16,-22,-1000,-1,0,0,0,0,0,0,0,"keyboard-worker","OK",1783378000618,13099,25
132,1783378000712,13194,13194,0,1,0,0,0,0,53,55,10,0,91,111.74,0,-17,-23,-999,-1,0,0,0,0,0,0,0,"keyboard-worker","OK",1783378000668,13149,26
133,1783378000816,13298,13297,0,1,0,0,0,0,53,55,10,0,91,111.94,0,-17,-23,-1000,-1,0,0,0,0,0,0,0,"keyboard-worker","OK",1783378000769,13250,28
134,1783378000919,13401,13400,0,1,0,0,0,0,53,55,10,0,91,112.04,0,-18,-23,-999,-1,0,0,0,0,0,0,0,"keyboard-worker","OK",1783378000870,13351,30
135,1783378001036,13518,13517,0,1,0,0,0,0,53,55,10,0,91,111.7,0,-16,-20,-1000,-1,0,0,0,0,0,0,0,"keyboard-worker","OK",1783378001022,13503,33
136,1783378001143,13625,13624,-1,1,0,0,0,0,53,55,10,0,91,112.07,0,-17,-23,-998,-1,0,0,0,0,0,0,0,"keyboard-worker","OK",1783378001123,13604,35
137,1783378001275,13757,13757,-1,1,0,0,0,0,53,55,10,0,91,111.78,0,-17,-20,-996,-1,0,0,0,0,0,0,0,"keyboard-worker","OK",1783378001274,13755,38
138,1783378001362,13844,13843,-1,1,0,0,0,0,53,55,10,0,91,111.85,0,-18,-24,-1001,-1,0,0,0,0,0,0,0,"keyboard-worker","OK",1783378001324,13806,39
139,1783378001449,13931,13930,-1,1,0,0,0,0,53,55,10,0,91,111.86,0,-17,-23,-999,-1,0,0,0,0,0,0,0,"keyboard-worker","OK",1783378001425,13906,41
140,1783378001550,14032,14031,-1,1,0,0,0,0,53,55,10,0,91,112,0,-17,-21,-1001,-1,0,0,0,0,0,0,0,"keyboard-worker","OK",1783378001526,14007,43
141,1783378001654,14136,14135,-1,1,0,0,0,0,53,55,10,0,91,111.9,0,-17,-22,-997,-1,0,0,0,0,0,0,0,"keyboard-worker","OK",1783378001627,14108,45
142,1783378001710,14192,14191,-1,1,0,0,0,0,53,55,10,0,91,112.09,0,-18,-19,-999,-1,0,0,0,0,0,0,0,"keyboard-worker","OK",1783378001678,14159,46
143,1783378001816,14298,14298,-1,1,0,0,0,0,53,55,10,0,91,111.96,0,-17,-24,-999,-1,0,0,0,0,0,0,0,"keyboard-worker","OK",1783378001778,14260,48
144,1783378001916,14398,14398,-1,1,0,0,0,0,53,55,10,0,91,112.07,0,-16,-23,-1000,-1,0,0,0,0,0,0,0,"keyboard-worker","OK",1783378001879,14361,50
145,1783378002016,14498,14497,-1,1,0,0,0,0,53,56,10,0,91,111.9,0,-17,-22,-1001,-1,0,0,0,0,0,0,0,"keyboard-worker","OK",1783378001980,14462,52
146,1783378002117,14599,14598,-1,1,0,0,0,0,53,56,10,0,91,112.18,0,-19,-23,-999,-1,0,0,0,0,0,0,0,"keyboard-worker","OK",1783378002081,14562,54
147,1783378002218,14700,14699,-1,1,0,0,0,0,53,56,10,0,91,111.73,0,-17,-21,-1000,-1,0,0,0,0,0,0,0,"keyboard-worker","OK",1783378002182,14663,56
148,1783378002406,14888,14887,-1,1,0,0,0,0,53,56,10,0,91,111.89,0,-18,-23,-999,-1,0,0,0,0,0,0,0,"keyboard-worker","OK",1783378002383,14865,60
149,1783378002470,14952,14952,-1,1,0,0,0,0,53,56,10,0,91,111.68,0,-15,-21,-999,-1,0,0,0,0,0,0,0,"keyboard-worker","OK",1783378002434,14915,61
150,1783378002578,15060,15060,-1,1,0,0,0,0,53,56,10,0,91,112.04,0,-18,-20,-1000,-1,0,0,0,0,0,0,0,"keyboard-worker","OK",1783378002534,15016,63
151,1783378002627,15109,15108,-1,1,0,0,0,0,53,56,10,0,91,111.82,0,-17,-23,-1000,-1,0,0,0,0,0,0,0,"keyboard-worker","OK",1783378002585,15066,64
152,1783378002725,15207,15206,-1,1,0,0,0,0,53,56,10,0,91,112.23,0,-15,-21,-1000,-1,0,0,0,0,0,0,0,"keyboard-worker","OK",1783378002686,15167,66
153,1783378002827,15309,15308,-1,1,0,0,0,0,53,56,10,0,91,111.75,0,-17,-19,-996,-1,0,0,0,0,0,0,0,"keyboard-worker","OK",1783378002786,15267,68
154,1783378002923,15405,15404,-1,1,0,0,0,0,53,56,10,0,91,112.09,0,-19,-20,-996,-1,0,0,0,0,0,0,0,"keyboard-worker","OK",1783378002887,15368,70
155,1783378003023,15505,15504,-1,1,0,0,0,0,54,57,10,0,91,111.77,0,-20,-23,-998,-1,0,0,0,0,0,0,0,"keyboard-worker","OK",1783378002987,15469,72
156,1783378003124,15606,15605,-1,1,0,0,0,0,54,57,10,0,91,112.07,0,-16,-22,-997,-1,0,0,0,0,0,0,0,"keyboard-worker","OK",1783378003088,15569,74
157,1783378003225,15707,15706,-1,1,0,0,0,0,54,57,10,0,91,111.84,0,-14,-22,-1000,-1,0,0,0,0,0,0,0,"keyboard-worker","OK",1783378003189,15670,76
158,1783378003356,15838,15838,-1,1,0,0,0,0,54,57,10,0,91,112.11,0,-18,-23,-998,-1,0,0,0,0,0,0,0,"keyboard-worker","OK",1783378003340,15821,79
159,1783378003433,15915,15914,-1,1,0,0,0,0,54,57,10,0,91,112.04,0,-19,-20,-1000,-1,0,0,0,0,0,0,0,"keyboard-worker","OK",1783378003390,15871,80
160,1783378003535,16017,16017,-1,1,0,0,0,0,54,57,10,0,91,111.84,0,-17,-22,-1002,-1,0,0,0,0,0,0,0,"keyboard-worker","OK",1783378003491,15972,82
161,1783378003638,16120,16119,-1,1,0,0,0,0,54,57,10,0,91,111.92,0,-18,-24,-1002,-1,0,0,0,0,0,0,0,"keyboard-worker","OK",1783378003591,16072,84
162,1783378003807,16289,16289,-1,1,0,0,0,0,54,57,10,0,91,111.97,0,-20,-23,-1000,-1,0,0,0,0,0,0,0,"keyboard-worker","OK",1783378003792,16273,88
163,1783378003868,16350,16349,-1,1,0,0,0,0,54,57,10,0,91,111.87,0,-19,-22,-1000,-1,0,0,0,0,0,0,0,"keyboard-worker","OK",1783378003843,16324,89
164,1783378003963,16445,16445,-1,1,0,0,0,0,54,57,10,0,91,111.87,0,-15,-22,-998,-1,0,0,0,0,0,0,0,"keyboard-worker","OK",1783378003943,16424,91
165,1783378004066,16548,16547,-1,1,0,0,0,0,54,57,10,0,91,111.87,0,-17,-21,-999,-1,0,0,0,0,0,0,0,"keyboard-worker","OK",1783378004044,16525,93
166,1783378004168,16650,16649,-1,1,0,0,0,0,54,57,10,0,91,111.87,0,-17,-20,-1001,-1,0,0,0,0,0,0,0,"keyboard-worker","OK",1783378004144,16625,95
167,1783378004264,16746,16745,-1,1,0,0,0,0,54,57,10,0,91,111.72,0,-16,-22,-998,-1,0,0,0,0,0,0,0,"keyboard-worker","OK",1783378004245,16726,97
168,1783378004428,16910,16910,-1,1,0,0,0,0,54,57,10,0,91,112.01,0,-16,-20,-1000,-1,0,0,0,0,0,0,0,"keyboard-worker","OK",1783378004395,16877,100
169,1783378004492,16974,16973,-1,1,0,0,0,0,54,57,10,0,91,111.92,0,-17,-22,-997,-1,0,0,0,0,0,0,0,"keyboard-worker","OK",1783378004446,16927,101
170,1783378004551,17033,17032,-1,1,0,0,0,0,54,57,10,0,91,112.05,0,-22,-23,-998,-1,0,0,0,0,0,0,0,"keyboard-worker","OK",1783378004546,17027,103
171,1783378004628,17110,17109,-1,1,0,0,0,0,54,57,10,0,91,111.7,0,-21,-23,-998,-1,0,0,0,0,0,0,0,"keyboard-worker","OK",1783378004596,17078,104
172,1783378004736,17218,17218,-1,1,0,0,0,0,54,57,10,0,91,112.06,0,-26,-23,-1003,-1,0,0,0,0,0,0,0,"keyboard-worker","OK",1783378004697,17178,106
173,1783378004836,17318,17317,-1,1,0,0,0,0,54,57,10,0,91,111.72,0,-12,-29,-1003,-1,0,0,0,0,0,0,0,"keyboard-worker","OK",1783378004797,17278,108
174,1783378004936,17418,17417,-1,1,0,0,0,0,54,57,10,0,91,111.81,0,-5,-24,-1008,-1,0,0,0,0,0,0,0,"keyboard-worker","OK",1783378004898,17379,110
175,1783378005036,17518,17517,-1,1,0,0,0,0,54,58,10,0,91,112.23,0,-17,-15,-993,-1,0,0,0,0,0,0,0,"keyboard-worker","OK",1783378004998,17479,112
176,1783378005139,17621,17620,-1,1,0,0,0,0,54,58,10,0,91,111.89,0,-27,-17,-990,-1,0,0,0,0,0,0,0,"keyboard-worker","OK",1783378005099,17580,114
177,1783378005240,17722,17721,-1,1,0,0,0,0,54,58,10,0,91,111.9,0,-25,-21,-996,-1,0,0,0,0,0,0,0,"keyboard-worker","OK",1783378005199,17680,116
178,1783378005369,17851,17851,-1,1,0,0,0,0,54,58,10,0,91,111.72,0,-14,-26,-1000,-1,0,0,0,0,0,0,0,"keyboard-worker","OK",1783378005349,17831,119
179,1783378005474,17956,17956,-1,1,0,0,0,0,54,58,10,0,91,111.78,0,-13,-25,-1001,-1,0,0,0,0,0,0,0,"keyboard-worker","OK",1783378005450,17931,121
180,1783378005567,18049,18048,-1,1,0,0,0,0,54,58,10,0,91,111.7,0,-20,-19,-999,-1,0,0,0,0,0,0,0,"keyboard-worker","OK",1783378005550,18031,123
181,1783378005669,18151,18151,-1,1,0,0,0,0,54,58,10,0,91,111.82,0,-21,-21,-997,-1,0,0,0,0,0,0,0,"keyboard-worker","OK",1783378005650,18132,125
182,1783378005774,18256,18255,-1,1,0,0,0,0,54,58,10,0,91,111.8,0,-16,-20,-998,-1,0,0,0,0,0,0,0,"keyboard-worker","OK",1783378005751,18232,127
183,1783378005906,18388,18387,-1,1,0,0,0,0,54,58,10,0,91,111.67,0,-16,-21,-997,-1,0,0,0,0,0,0,0,"keyboard-worker","OK",1783378005901,18383,130
184,1783378005963,18445,18444,-1,1,0,0,0,0,54,58,10,0,91,112.22,0,-16,-21,-1000,-1,0,0,0,0,0,0,0,"keyboard-worker","OK",1783378005952,18433,131
185,1783378006048,18530,18529,-1,1,0,0,0,0,54,57,10,0,91,112.06,0,-20,-20,-996,-1,0,0,0,0,0,0,0,"keyboard-worker","OK",1783378006002,18483,132
186,1783378006140,18622,18621,-1,1,0,0,0,0,54,57,10,0,91,111.84,0,-22,-21,-999,-1,0,0,0,0,0,0,0,"keyboard-worker","OK",1783378006102,18583,134
187,1783378006242,18724,18723,-1,1,0,0,0,0,54,57,10,0,91,111.94,0,-16,-21,-997,-1,0,0,0,0,0,0,0,"keyboard-worker","OK",1783378006202,18683,136
188,1783378006351,18833,18833,-1,1,0,0,0,0,54,57,10,0,90,111.89,0,-12,-21,-1000,-1,0,0,0,0,0,0,0,"keyboard-worker","OK",1783378006302,18784,138
189,1783378006572,19054,19053,-1,1,0,0,0,0,54,57,10,0,90,111.74,0,-15,-20,-1000,-1,0,0,0,0,0,0,0,"keyboard-worker","OK",1783378006553,19034,143
190,1783378006595,19077,19076,-1,1,0,0,0,0,54,57,10,0,90,112.02,0,-18,-21,-997,-1,0,0,0,0,0,0,0,"keyboard-worker","OK",1783378006553,19034,143
191,1783378006656,19138,19137,-1,1,0,0,0,0,54,57,10,0,90,111.9,0,-19,-20,-998,-1,0,0,0,0,0,0,0,"keyboard-worker","OK",1783378006653,19135,145
192,1783378006747,19229,19228,-1,1,0,0,0,0,54,57,10,0,90,111.75,0,-18,-23,-996,-1,0,0,0,0,0,0,0,"keyboard-worker","OK",1783378006704,19185,146
193,1783378006840,19322,19321,-1,1,0,0,0,0,54,57,10,0,90,111.88,0,-17,-22,-999,-1,0,0,0,0,0,0,0,"keyboard-worker","OK",1783378006804,19285,148
194,1783378006939,19421,19421,-1,1,0,0,0,0,54,57,10,0,90,111.85,0,-16,-21,-997,-1,0,0,0,0,0,0,0,"keyboard-worker","OK",1783378006904,19385,150
195,1783378007041,19523,19523,-1,1,0,0,0,0,54,58,10,0,90,112.05,0,-19,-23,-999,-1,0,0,0,0,0,0,0,"keyboard-worker","OK",1783378007004,19485,152
196,1783378007143,19625,19624,-1,1,0,0,0,0,54,58,10,0,90,111.78,0,-19,-21,-996,-1,0,0,0,0,0,0,0,"keyboard-worker","OK",1783378007104,19586,154
197,1783378007254,19736,19735,-1,1,0,0,0,0,54,58,10,0,90,111.79,0,-17,-28,-1002,-1,0,0,0,0,0,25,0,"keyboard-worker","OK",1783378007205,19686,156
198,1783378007358,19840,19839,-1,1,0,0,0,0,54,58,10,0,90,111.99,0,-27,-31,-999,-1,0,0,0,0,0,25,0,"keyboard-worker","OK",1783378007355,19836,159
199,1783378007478,19960,19959,-1,1,0,0,0,0,54,58,10,0,90,111.73,0,-22,-28,-1005,-1,0,0,0,0,0,25,0,"keyboard-worker","OK",1783378007455,19936,161
200,1783378007579,20061,20061,-1,1,0,0,0,0,54,58,10,0,90,111.9,0,-15,-27,-1003,-1,0,0,0,0,0,25,0,"keyboard-worker","OK",1783378007555,20037,163
201,1783378007666,20148,20147,-1,1,0,0,0,0,54,58,10,0,90,111.96,0,-15,-25,-997,-1,0,0,0,0,0,0,0,"keyboard-worker","OK",1783378007656,20137,165
202,1783378007766,20248,20247,-1,1,0,0,0,0,54,58,10,0,90,111.5,0,-16,-22,-1000,-1,0,0,0,0,0,0,0,"keyboard-worker","OK",1783378007756,20237,167
203,1783378007942,20424,20424,-1,1,0,0,0,0,54,58,10,0,90,111.71,0,-19,-22,-997,-1,0,0,0,0,0,0,0,"keyboard-worker","OK",1783378007906,20387,170
204,1783378007978,20460,20459,-1,1,0,0,0,0,54,58,10,0,90,111.82,0,-20,-23,-998,-1,0,0,0,0,0,0,0,"keyboard-worker","OK",1783378007956,20437,171
205,1783378008085,20567,20566,-1,1,0,0,0,0,55,58,10,0,90,111.81,0,-18,-21,-999,-1,0,0,0,0,0,0,0,"keyboard-worker","OK",1783378008056,20538,173
206,1783378008180,20662,20661,-1,1,0,0,0,0,55,58,10,0,90,111.76,0,-22,-25,-993,-1,0,0,0,0,0,25,0,"keyboard-worker","OK",1783378008157,20638,175
207,1783378008264,20746,20745,-1,1,0,0,0,0,55,58,10,0,90,112.02,0,-20,-25,-1005,-1,0,0,0,0,0,25,0,"keyboard-worker","OK",1783378008257,20738,177
208,1783378008366,20848,20847,-1,1,0,0,0,0,55,58,10,0,90,111.79,0,-14,-20,-998,-1,0,0,0,0,0,25,0,"keyboard-worker","OK",1783378008357,20838,179
209,1783378008496,20978,20977,-1,1,0,0,0,0,55,58,10,0,90,112.07,0,-16,-22,-996,-1,0,0,0,0,0,25,0,"keyboard-worker","OK",1783378008457,20938,181
210,1783378008605,21087,21086,-1,1,0,0,0,0,55,58,10,0,90,111.75,0,-18,-21,-997,-1,0,0,0,0,0,0,0,"keyboard-worker","OK",1783378008557,21039,183
211,1783378008696,21178,21177,-1,1,0,0,0,0,55,58,10,0,90,111.68,0,-19,-24,-997,-1,0,0,0,0,0,0,0,"keyboard-worker","OK",1783378008658,21139,185
212,1783378008811,21293,21292,-1,1,0,0,0,0,55,58,10,0,90,111.72,0,-18,-22,-1000,-1,0,0,0,0,0,0,0,"keyboard-worker","OK",1783378008808,21289,188
213,1783378008903,21385,21384,-1,1,0,0,0,0,55,58,10,0,90,111.75,0,-14,-20,-998,-1,0,0,0,0,0,-25,0,"keyboard-worker","OK",1783378008858,21339,189
214,1783378008997,21479,21478,-1,1,0,0,0,0,55,58,10,0,90,111.81,0,-14,-23,-999,-1,0,0,0,0,0,-25,0,"keyboard-worker","OK",1783378008958,21439,191
215,1783378009095,21577,21576,-1,1,0,0,0,0,55,58,10,0,90,111.74,0,-18,-23,-998,-1,0,0,0,0,0,-25,0,"keyboard-worker","OK",1783378009058,21540,193
216,1783378009195,21677,21676,-1,1,0,0,0,0,55,58,10,0,90,111.75,0,-21,-25,-1000,-1,0,0,0,0,0,-25,0,"keyboard-worker","OK",1783378009159,21640,195
217,1783378009244,21726,21726,-1,1,0,0,0,0,55,58,10,0,90,112.06,0,-20,-22,-1002,-1,0,0,0,0,0,0,0,"keyboard-worker","OK",1783378009209,21690,196
218,1783378009339,21821,21820,-1,1,0,0,0,0,55,58,10,0,90,111.73,0,-14,-24,-1001,-1,0,0,0,0,0,0,0,"keyboard-worker","OK",1783378009309,21790,198
219,1783378009449,21931,21930,-1,1,0,0,0,0,55,58,10,0,90,111.84,0,-16,-25,-1000,-1,0,0,0,0,0,0,0,"keyboard-worker","OK",1783378009409,21890,200
220,1783378009569,22051,22050,-1,1,0,0,0,0,55,58,10,0,90,111.83,0,-12,-20,-999,-1,0,0,0,0,0,25,0,"keyboard-worker","OK",1783378009559,22041,203
221,1783378009656,22138,22137,-1,1,0,0,0,0,55,58,10,0,90,111.97,0,-18,-21,-996,-1,0,0,0,0,0,25,0,"keyboard-worker","OK",1783378009609,22091,204
222,1783378009763,22245,22244,-1,1,0,0,0,0,55,58,10,0,90,111.92,0,-21,-23,-993,-1,0,0,0,0,0,25,0,"keyboard-worker","OK",1783378009760,22241,207
223,1783378009863,22345,22344,-1,1,0,0,0,0,55,58,10,0,90,111.68,0,-21,-24,-1003,-1,0,0,0,0,0,0,0,"keyboard-worker","OK",1783378009860,22341,209
224,1783378009966,22448,22447,-1,1,0,0,0,0,55,58,10,0,90,112.02,0,-10,-24,-1000,-1,0,0,0,0,0,-25,0,"keyboard-worker","OK",1783378009960,22441,211
225,1783378010064,22546,22545,-1,1,0,0,0,0,56,58,10,0,90,111.92,0,-17,-30,-1002,-1,0,0,0,0,0,-25,0,"keyboard-worker","OK",1783378010060,22542,213
226,1783378010163,22645,22644,-1,1,0,0,0,0,56,58,10,0,90,111.89,0,-23,-25,-997,-1,0,0,0,0,0,0,0,"keyboard-worker","OK",1783378010161,22642,215
227,1783378010263,22745,22745,-1,1,0,0,0,0,56,58,10,0,90,111.61,0,-19,-24,-996,-1,0,0,0,0,0,25,0,"keyboard-worker","OK",1783378010261,22742,217
228,1783378010361,22843,22843,-1,1,0,0,0,0,56,58,10,0,90,111.83,0,-13,-16,-1000,-1,0,0,0,0,0,0,0,"keyboard-worker","OK",1783378010361,22842,219
229,1783378010506,22988,22987,-1,1,0,0,0,0,56,58,10,0,90,111.71,0,-8,-11,-1000,-1,0,0,0,0,0,-25,0,"keyboard-worker","OK",1783378010461,22942,221
230,1783378010578,23060,23059,-1,1,0,0,0,0,56,58,10,0,90,111.46,0,-20,-13,-994,-1,0,0,0,0,0,0,0,"keyboard-worker","OK",1783378010561,23043,223
231,1783378010664,23146,23145,-1,1,0,0,0,0,56,58,10,0,90,111.8,0,-20,-12,-993,-1,0,0,0,0,0,0,0,"keyboard-worker","OK",1783378010662,23143,225
232,1783378010768,23250,23250,-1,1,0,0,0,0,56,58,10,0,90,111.67,0,-15,-18,-1000,-1,0,0,0,0,0,0,0,"keyboard-worker","OK",1783378010762,23243,227
233,1783378010868,23350,23350,-1,1,0,0,0,0,56,58,10,0,90,111.86,0,-16,-13,-993,-1,0,0,0,0,0,0,0,"keyboard-worker","OK",1783378010862,23343,229
234,1783378010967,23449,23448,-1,1,0,0,0,0,56,58,10,0,90,111.86,0,-26,-27,-994,-1,0,0,0,0,0,0,0,"keyboard-worker","OK",1783378010962,23443,231
235,1783378011069,23551,23550,-1,1,0,0,0,0,56,58,10,0,90,111.47,0,-14,-25,-996,-1,0,0,0,0,0,0,0,"keyboard-worker","OK",1783378011062,23543,233
236,1783378011183,23665,23664,-1,1,0,0,0,0,56,58,10,0,90,111.77,0,-22,-33,-999,-1,0,0,0,0,0,0,0,"keyboard-worker","OK",1783378011162,23644,235
237,1783378011289,23771,23770,-1,1,0,0,0,0,56,58,10,0,90,112.16,0,-9,-27,-1001,-1,0,0,0,0,0,0,0,"keyboard-worker","OK",1783378011263,23744,237
238,1783378011448,23930,23929,-1,1,0,0,0,0,56,58,10,0,90,111.84,0,-19,-25,-1001,-1,0,0,0,0,0,0,0,"keyboard-worker","OK",1783378011413,23894,240
239,1783378011514,23996,23995,-1,1,0,0,0,0,56,58,10,0,90,111.69,0,-19,-25,-999,-1,0,0,0,0,0,0,0,"keyboard-worker","OK",1783378011513,23994,242
240,1783378011567,24049,24049,-1,1,0,0,0,0,56,58,10,0,90,111.73,0,-10,-12,-1003,-1,0,0,0,0,0,0,0,"keyboard-worker","OK",1783378011563,24044,243
241,1783378011658,24140,24139,-1,1,0,0,0,0,56,58,10,0,90,111.8,0,-14,-13,-992,-1,0,0,0,0,0,0,0,"keyboard-worker","OK",1783378011613,24095,244
242,1783378011755,24237,24236,-1,1,0,0,0,0,56,58,10,0,90,111.78,0,-18,-31,-1003,-1,0,0,0,0,0,0,0,"keyboard-worker","OK",1783378011714,24195,246
243,1783378011853,24335,24334,-1,1,0,0,0,0,56,58,10,0,90,111.64,0,-18,-30,-1002,-1,0,0,0,0,0,0,0,"keyboard-worker","OK",1783378011814,24295,248
244,1783378011978,24460,24459,-1,1,0,0,0,0,56,58,10,0,90,111.8,0,-18,-28,-1000,-1,0,0,0,0,0,0,0,"keyboard-worker","OK",1783378011964,24445,251
245,1783378012064,24546,24545,-1,1,0,0,0,0,57,59,10,0,90,111.72,0,-14,-16,-999,-1,0,0,0,0,0,0,0,"keyboard-worker","OK",1783378012064,24546,253
246,1783378012156,24638,24637,-1,1,0,0,0,0,57,59,10,0,90,111.79,0,-18,-17,-997,-1,0,0,0,0,0,0,0,"keyboard-worker","OK",1783378012114,24596,254
247,1783378012257,24739,24739,-1,1,0,0,0,0,57,59,10,0,90,111.92,0,-18,-20,-995,-1,0,0,0,0,0,0,0,"keyboard-worker","OK",1783378012215,24696,256
248,1783378012359,24841,24840,-1,1,0,0,0,0,57,59,10,0,90,111.5,0,-16,-22,-997,-1,0,0,0,0,0,0,0,"keyboard-worker","OK",1783378012315,24796,258
249,1783378012471,24953,24953,-1,1,0,0,0,0,57,59,10,0,90,111.86,0,-20,-27,-1000,-1,0,0,0,0,0,0,0,"keyboard-worker","OK",1783378012465,24946,261
250,1783378012607,25089,25088,-1,1,0,0,0,0,57,59,10,0,90,111.56,0,-17,-24,-1001,-1,0,0,0,0,0,0,0,"keyboard-worker","OK",1783378012565,25047,263
251,1783378012697,25179,25178,-1,1,0,0,0,0,57,59,10,0,90,111.48,0,-17,-26,-1001,-1,0,0,0,0,0,0,0,"keyboard-worker","OK",1783378012666,25147,265
252,1783378012785,25267,25266,-1,1,0,0,0,0,57,59,10,0,90,111.59,0,-16,-20,-995,-1,0,0,0,0,0,0,0,"keyboard-worker","OK",1783378012766,25247,267
253,1783378012880,25362,25361,-1,1,0,0,0,0,57,59,10,0,90,111.32,0,-19,-21,-995,-1,0,0,0,0,0,0,0,"keyboard-worker","OK",1783378012866,25347,269
254,1783378012980,25462,25462,-1,1,0,0,0,0,57,59,10,0,90,111.7,0,-19,-23,-999,-1,0,0,0,0,0,0,0,"keyboard-worker","OK",1783378012966,25448,271
255,1783378013078,25560,25559,-1,1,0,0,0,0,57,59,10,0,90,111.75,0,-19,-24,-998,-1,0,0,0,0,0,0,0,"keyboard-worker","OK",1783378013067,25548,273
256,1783378013177,25659,25658,-1,1,0,0,0,0,57,59,10,0,90,111.74,0,-17,-22,-996,-1,0,0,0,0,0,0,0,"keyboard-worker","OK",1783378013167,25648,275
257,1783378013279,25761,25760,-1,1,0,0,0,0,57,59,10,0,90,111.62,0,-16,-25,-1001,-1,0,0,0,0,0,0,0,"keyboard-worker","OK",1783378013267,25748,277
258,1783378013379,25861,25860,-1,1,0,0,0,0,57,59,10,0,90,111.79,0,-19,-23,-999,-1,0,0,0,0,0,0,0,"keyboard-worker","OK",1783378013367,25848,279
259,1783378013480,25962,25961,-1,1,0,0,0,0,57,59,10,0,90,111.76,0,-18,-24,-998,-1,0,0,0,0,0,0,0,"keyboard-worker","OK",1783378013467,25949,281
260,1783378013613,26095,26094,-1,1,0,0,0,0,57,59,10,0,90,111.65,0,-16,-24,-998,-1,0,0,0,0,0,0,0,"keyboard-worker","OK",1783378013568,26049,283
261,1783378013659,26141,26140,-1,1,0,0,0,0,57,59,10,0,90,111.86,0,-19,-23,-1000,-1,0,0,0,0,0,0,0,"keyboard-worker","OK",1783378013618,26099,284
262,1783378013753,26235,26234,-1,1,0,0,0,0,57,59,10,0,90,111.65,0,-16,-23,-998,-1,0,0,0,0,0,0,0,"keyboard-worker","OK",1783378013718,26199,286
263,1783378013839,26321,26320,-1,1,0,0,0,0,57,59,10,0,90,111.66,0,-16,-22,-998,-1,0,0,0,0,0,0,0,"keyboard-worker","OK",1783378013818,26299,288
264,1783378013939,26421,26421,-1,1,0,0,0,0,57,59,10,0,90,111.62,0,-18,-22,-999,-1,0,0,0,0,0,0,0,"keyboard-worker","OK",1783378013918,26400,290
265,1783378014041,26523,26522,-1,1,0,0,0,0,56,59,10,0,90,111.9,0,-18,-20,-1000,-1,0,0,0,0,0,0,0,"keyboard-worker","OK",1783378014019,26500,292
266,1783378014142,26624,26623,-1,1,0,0,0,0,56,59,10,0,90,111.82,0,-19,-23,-998,-1,0,0,0,0,0,0,0,"keyboard-worker","OK",1783378014119,26600,294
267,1783378014243,26725,26724,-1,1,0,0,0,0,56,59,10,0,90,111.44,0,-16,-22,-995,-1,0,0,0,0,0,0,0,"keyboard-worker","OK",1783378014219,26700,296
268,1783378014344,26826,26825,-1,1,0,0,0,0,56,59,10,0,90,111.48,0,-19,-23,-1002,-1,0,0,0,0,0,0,0,"keyboard-worker","OK",1783378014319,26801,298
269,1783378014497,26979,26978,-1,1,0,0,0,0,56,59,10,0,90,111.5,0,-19,-20,-1002,-1,0,0,0,0,0,0,0,"keyboard-worker","OK",1783378014470,26951,301
270,1783378014574,27056,27056,-1,1,0,0,0,0,56,59,10,0,90,111.89,0,-20,-21,-995,-1,0,0,0,0,0,0,0,"keyboard-worker","OK",1783378014570,27051,303
271,1783378014667,27149,27149,-1,1,0,0,0,0,56,59,10,0,90,111.64,0,-13,-22,-996,-1,0,0,0,0,0,0,0,"keyboard-worker","OK",1783378014620,27101,304
272,1783378014766,27248,27247,-1,1,0,0,0,0,56,59,10,0,90,111.43,0,-18,-23,-997,-1,0,0,0,0,0,0,0,"keyboard-worker","OK",1783378014720,27202,306
273,1783378014863,27345,27344,-1,1,0,0,0,0,56,59,10,0,90,111.78,0,-18,-21,-999,-1,0,0,0,0,0,0,0,"keyboard-worker","OK",1783378014821,27302,308
274,1783378015004,27486,27486,-1,1,0,0,0,0,56,59,10,0,90,111.37,0,-18,-22,-1000,-1,0,0,0,0,0,0,0,"keyboard-worker","OK",1783378014971,27452,311
275,1783378015076,27558,27557,-1,1,0,0,0,0,57,60,10,0,90,111.79,0,-19,-22,-1001,-1,0,0,0,0,0,0,0,"keyboard-worker","OK",1783378015071,27552,313
276,1783378015160,27642,27641,-1,1,0,0,0,0,57,60,10,0,90,111.58,0,-16,-23,-1000,-1,0,0,0,0,0,0,0,"keyboard-worker","OK",1783378015121,27602,314
277,1783378015260,27742,27741,-1,1,0,0,0,0,57,60,10,0,90,111.82,0,-19,-22,-1000,-1,0,0,0,0,0,0,0,"keyboard-worker","OK",1783378015221,27703,316
278,1783378015364,27846,27845,-1,1,0,0,0,0,57,60,10,0,90,111.64,0,-18,-23,-998,-1,0,0,0,0,0,0,0,"keyboard-worker","OK",1783378015322,27803,318
279,1783378015461,27943,27943,-1,1,0,0,0,0,57,60,10,0,90,111.6,0,-18,-21,-1000,-1,0,0,0,0,0,0,0,"keyboard-worker","OK",1783378015422,27903,320
280,1783378015575,28057,28056,-1,1,0,0,0,0,57,60,10,0,90,111.69,0,-19,-20,-999,-1,0,0,0,0,0,0,0,"keyboard-worker","OK",1783378015572,28053,323
281,1783378015698,28180,28179,-1,1,0,0,0,0,57,60,10,0,90,111.53,0,-18,-23,-999,-1,0,0,0,0,0,0,0,"keyboard-worker","OK",1783378015672,28154,325
282,1783378015749,28231,28231,-1,1,0,0,0,0,57,60,10,0,90,111.79,0,-18,-22,-1000,-1,0,0,0,0,0,0,0,"keyboard-worker","OK",1783378015723,28204,326
283,1783378015827,28309,28309,-1,1,0,0,0,0,57,60,10,0,90,111.53,0,-19,-21,-998,-1,0,0,0,0,0,0,0,"keyboard-worker","OK",1783378015823,28304,328
284,1783378015929,28411,28410,-1,1,0,0,0,0,57,60,10,0,90,111.59,0,-19,-23,-999,-1,0,0,0,0,0,0,0,"keyboard-worker","OK",1783378015923,28404,330
285,1783378016030,28512,28511,-1,1,0,0,0,0,57,60,10,0,90,111.62,0,-18,-22,-1000,-1,0,0,0,0,0,0,0,"keyboard-worker","OK",1783378016023,28504,332
286,1783378016188,28670,28669,-1,1,0,0,0,0,57,60,10,0,90,111.6,0,-16,-22,-999,-1,0,0,0,0,0,0,0,"keyboard-worker","OK",1783378016174,28655,335
287,1783378016287,28769,28769,-1,1,0,0,0,0,57,60,10,0,90,111.98,0,-18,-22,-1000,-1,0,0,0,0,0,0,0,"keyboard-worker","OK",1783378016274,28755,337
288,1783378016361,28843,28842,-1,1,0,0,0,0,57,60,10,0,90,111.72,0,-18,-22,-998,-1,0,0,0,0,0,0,0,"keyboard-worker","OK",1783378016324,28805,338
289,1783378016455,28937,28936,-1,1,0,0,0,0,57,60,10,0,90,111.5,0,-18,-23,-1002,-1,0,0,0,0,0,0,0,"keyboard-worker","OK",1783378016424,28905,340
290,1783378016555,29037,29036,-1,1,0,0,0,0,57,60,10,0,90,111.72,0,-18,-23,-999,-1,0,0,0,0,0,0,0,"keyboard-worker","OK",1783378016524,29006,342
291,1783378016654,29136,29135,-1,1,0,0,0,0,57,60,10,0,90,111.53,0,-16,-22,-1000,-1,0,0,0,0,0,0,0,"keyboard-worker","OK",1783378016625,29106,344
292,1783378016752,29234,29233,-1,1,0,0,0,0,57,60,10,0,90,111.78,0,-15,-23,-999,-1,0,0,0,0,0,0,0,"keyboard-worker","OK",1783378016725,29206,346
293,1783378016850,29332,29331,-1,1,0,0,0,0,57,60,10,0,90,111.56,0,-17,-21,-999,-1,0,0,0,0,0,0,0,"keyboard-worker","OK",1783378016825,29306,348
294,1783378017002,29484,29483,-1,1,0,0,0,0,57,60,10,0,90,111.64,0,-17,-22,-1000,-1,0,0,0,0,0,0,0,"keyboard-worker","OK",1783378016975,29457,351
295,1783378017081,29563,29563,-1,1,0,0,0,0,58,60,10,0,90,111.58,0,-17,-22,-997,-1,0,0,0,0,0,0,0,"keyboard-worker","OK",1783378017076,29557,353
296,1783378017185,29667,29666,-1,1,0,0,0,0,58,60,10,0,90,111.51,0,-18,-23,-1001,-1,0,0,0,0,0,0,0,"keyboard-worker","OK",1783378017176,29657,355
297,1783378017280,29762,29761,-1,1,0,0,0,0,58,60,10,0,89,111.69,0,-18,-21,-999,-1,0,0,0,0,0,0,0,"keyboard-worker","OK",1783378017276,29757,357
298,1783378017379,29861,29860,-1,1,0,0,0,0,58,60,10,0,89,111.92,0,-18,-22,-999,-1,0,0,0,0,0,0,0,"keyboard-worker","OK",1783378017376,29858,359
299,1783378017480,29962,29961,-1,1,0,0,0,0,58,60,10,0,89,111.5,0,-15,-20,-1001,-1,0,0,0,0,0,0,0,"keyboard-worker","OK",1783378017477,29958,361
300,1783378017569,30051,30050,-1,1,0,0,0,0,58,60,10,0,89,112.07,0,-16,-21,-999,-1,0,0,0,0,0,0,0,"keyboard-worker","OK",1783378017527,30008,362
301,1783378017678,30160,30159,-1,1,0,0,0,0,58,60,10,0,89,111.82,0,-19,-20,-1001,-1,0,0,0,0,0,0,0,"keyboard-worker","OK",1783378017677,30158,365
302,1783378017839,30321,30320,-1,1,0,0,0,0,58,60,10,0,89,111.69,0,-19,-21,-997,-1,0,0,0,0,0,0,0,"keyboard-worker","OK",1783378017827,30308,368
303,1783378017854,30336,30335,-1,1,0,0,0,0,58,60,10,0,89,111.48,0,-17,-22,-996,-1,0,0,0,0,0,0,0,"keyboard-worker","OK",1783378017827,30308,368
304,1783378017953,30435,30434,-1,1,0,0,0,0,58,60,10,0,89,111.87,0,-17,-21,-1000,-1,0,0,0,0,0,0,0,"keyboard-worker","OK",1783378017928,30409,370
305,1783378018040,30522,30521,-1,1,0,0,0,0,58,60,10,0,89,111.51,0,-17,-23,-1000,-1,0,0,0,0,0,0,0,"keyboard-worker","OK",1783378018028,30509,372
306,1783378018135,30617,30617,-1,1,0,0,0,0,58,60,10,0,89,111.8,0,-19,-22,-1001,-1,0,0,0,0,0,0,0,"keyboard-worker","OK",1783378018128,30609,374
307,1783378018316,30798,30797,-1,1,0,0,0,0,58,60,10,0,89,111.6,0,-18,-23,-999,-1,0,0,0,0,0,0,0,"keyboard-worker","OK",1783378018278,30760,377
308,1783378018386,30868,30868,-1,1,0,0,0,0,58,60,10,0,89,111.54,0,-18,-22,-1000,-1,0,0,0,0,0,0,0,"keyboard-worker","OK",1783378018379,30860,379
309,1783378018490,30972,30971,-1,1,0,0,0,0,58,60,10,0,89,111.35,0,-18,-24,-1000,-1,0,0,0,0,0,0,0,"keyboard-worker","OK",1783378018479,30960,381
310,1783378018567,31049,31048,-1,1,0,0,0,0,58,60,10,0,89,111.63,0,-17,-24,-998,-1,0,0,0,0,0,0,0,"keyboard-worker","OK",1783378018529,31010,382
311,1783378018634,31116,31115,-1,1,0,0,0,0,58,60,10,0,89,111.4,0,-19,-23,-999,-1,0,0,0,0,0,0,0,"keyboard-worker","OK",1783378018629,31110,384
312,1783378018732,31214,31213,-1,1,0,0,0,0,58,60,10,0,89,111.84,0,-17,-19,-999,-1,0,0,0,0,0,0,0,"keyboard-worker","OK",1783378018730,31211,386
313,1783378018875,31357,31357,-1,1,0,0,0,0,58,60,10,0,89,111.77,0,-16,-20,-997,-1,0,0,0,0,0,0,0,"keyboard-worker","OK",1783378018830,31311,388
314,1783378018978,31460,31459,-1,1,0,0,0,0,58,60,10,0,89,111.81,0,-18,-23,-998,-1,0,0,0,0,0,0,0,"keyboard-worker","OK",1783378018930,31411,390
315,1783378019066,31548,31548,-1,1,0,0,0,0,58,60,10,0,89,111.45,0,-18,-23,-998,-1,0,0,0,0,0,0,0,"keyboard-worker","OK",1783378019030,31511,392
316,1783378019161,31643,31643,-1,1,0,0,0,0,58,60,10,0,89,111.69,0,-18,-22,-1001,-1,0,0,0,0,0,0,0,"keyboard-worker","OK",1783378019130,31612,394
317,1783378019260,31742,31741,-1,1,0,0,0,0,58,60,10,0,89,111.8,0,-19,-22,-1000,-1,0,0,0,0,0,0,0,"keyboard-worker","OK",1783378019231,31712,396
318,1783378019362,31844,31843,-1,1,0,0,0,0,58,60,10,0,89,111.65,0,-16,-21,-998,-1,0,0,0,0,0,0,0,"keyboard-worker","OK",1783378019331,31812,398
319,1783378019459,31941,31940,-1,1,0,0,0,0,58,60,10,0,89,111.64,0,-17,-20,-1000,-1,0,0,0,0,0,0,0,"keyboard-worker","OK",1783378019431,31912,400
320,1783378019560,32042,32042,-1,1,0,0,0,0,58,60,10,0,89,111.57,0,-16,-21,-1001,-1,0,0,0,0,0,0,0,"keyboard-worker","OK",1783378019531,32013,402
321,1783378019661,32143,32143,-1,1,0,0,0,0,58,60,10,0,89,111.71,0,-17,-19,-999,-1,0,0,0,0,0,0,0,"keyboard-worker","OK",1783378019632,32113,404
322,1783378019815,32297,32296,-1,1,0,0,0,0,58,60,10,0,89,111.61,0,-16,-21,-998,-1,0,0,0,0,0,0,0,"keyboard-worker","OK",1783378019782,32263,407
323,1783378019837,32319,32318,-1,1,0,0,0,0,58,60,10,0,89,111.75,0,-18,-21,-999,-1,0,0,0,0,0,0,0,"keyboard-worker","OK",1783378019832,32313,408
324,1783378019931,32413,32412,-1,1,0,0,0,0,58,60,10,0,89,111.44,0,-17,-21,-1000,-1,0,0,0,0,0,0,0,"keyboard-worker","OK",1783378019882,32363,409
325,1783378020024,32506,32506,-1,1,0,0,0,0,58,61,10,0,89,111.51,0,-18,-22,-1000,-1,0,0,0,0,0,0,0,"keyboard-worker","OK",1783378019982,32464,411
326,1783378020120,32602,32602,-1,1,0,0,0,0,58,61,10,0,89,111.51,0,-16,-23,-1000,-1,0,0,0,0,0,0,0,"keyboard-worker","OK",1783378020083,32564,413
327,1783378020221,32703,32702,-1,1,0,0,0,0,58,61,10,0,89,111.7,0,-16,-22,-1001,-1,0,0,0,0,0,0,0,"keyboard-worker","OK",1783378020183,32664,415
328,1783378020322,32804,32803,-1,1,0,0,0,0,58,61,10,0,89,111.59,0,-18,-22,-999,-1,0,0,0,0,0,0,0,"keyboard-worker","OK",1783378020283,32764,417
329,1783378020423,32905,32904,-1,1,0,0,0,0,58,61,10,0,89,111.9,0,-18,-24,-1000,-1,0,0,0,0,0,0,0,"keyboard-worker","OK",1783378020383,32864,419
330,1783378020533,33015,33014,-1,1,0,0,0,0,58,61,10,0,89,111.38,0,-18,-23,-1000,-1,0,0,0,0,0,0,0,"keyboard-worker","OK",1783378020533,33015,422
331,1783378020625,33107,33107,-1,1,0,0,0,0,58,61,10,0,89,111.24,0,-18,-23,-997,-1,0,0,0,0,0,0,0,"keyboard-worker","OK",1783378020584,33065,423
332,1783378020729,33211,33210,-1,1,0,0,0,0,58,61,10,0,89,111.41,0,-18,-23,-997,-1,0,0,0,0,0,0,0,"keyboard-worker","OK",1783378020684,33165,425
333,1783378020856,33338,33337,-1,1,0,0,0,0,58,61,10,0,89,111.47,0,-18,-23,-1001,-1,0,0,0,0,0,0,0,"keyboard-worker","OK",1783378020834,33315,428
334,1783378020947,33429,33429,-1,1,0,0,0,0,58,61,10,0,89,111.38,0,-18,-23,-999,-1,0,0,0,0,0,0,0,"keyboard-worker","OK",1783378020934,33416,430
335,1783378021045,33527,33526,-1,1,0,0,0,0,58,60,10,0,89,111.42,0,-16,-23,-1000,-1,0,0,0,0,0,0,0,"keyboard-worker","OK",1783378021035,33516,432
336,1783378021147,33629,33628,-1,1,0,0,0,0,58,60,10,0,89,111.39,0,-19,-23,-998,-1,0,0,0,0,0,0,0,"keyboard-worker","OK",1783378021135,33616,434
337,1783378021247,33729,33728,-1,1,0,0,0,0,58,60,10,0,89,111.59,0,-17,-22,-1000,-1,0,0,0,0,0,0,0,"keyboard-worker","OK",1783378021235,33716,436
338,1783378021346,33828,33827,-1,1,0,0,0,0,58,60,10,0,89,111.48,0,-17,-22,-999,-1,0,0,0,0,0,0,0,"keyboard-worker","OK",1783378021335,33816,438
339,1783378021444,33926,33925,-1,1,0,0,0,0,58,60,10,0,89,111.54,0,-19,-23,-996,-1,0,0,0,0,0,0,0,"keyboard-worker","OK",1783378021435,33917,440
340,1783378021541,34023,34022,-1,1,0,0,0,0,58,60,10,0,89,111.45,0,-17,-23,-1000,-1,0,0,0,0,0,0,0,"keyboard-worker","OK",1783378021536,34017,442
341,1783378021647,34129,34128,-1,1,0,0,0,0,58,60,10,0,89,111.65,0,-18,-22,-998,-1,0,0,0,0,0,0,0,"keyboard-worker","OK",1783378021636,34117,444
342,1783378021744,34226,34226,-1,1,0,0,0,0,58,60,10,0,89,111.65,0,-18,-22,-997,-1,0,0,0,0,0,0,0,"keyboard-worker","OK",1783378021736,34217,446
343,1783378021878,34360,34359,-1,1,0,0,0,0,58,60,10,0,89,111.41,0,-18,-21,-1000,-1,0,0,0,0,0,0,0,"keyboard-worker","OK",1783378021836,34318,448
344,1783378021970,34452,34451,-1,1,0,0,0,0,58,60,10,0,89,111.79,0,-18,-22,-999,-1,0,0,0,0,0,0,0,"keyboard-worker","OK",1783378021937,34418,450
345,1783378022068,34550,34549,-1,1,0,0,0,0,59,61,10,0,89,111.79,0,-18,-24,-998,-1,0,0,0,0,0,0,0,"keyboard-worker","OK",1783378022037,34518,452
346,1783378022167,34649,34648,-1,1,0,0,0,0,59,61,10,0,89,111.65,0,-17,-24,-999,-1,0,0,0,0,0,0,0,"keyboard-worker","OK",1783378022137,34618,454
347,1783378022208,34690,34690,-1,1,0,0,0,0,59,61,10,0,89,111.32,0,-16,-23,-998,-1,0,0,0,0,0,0,0,"keyboard-worker","OK",1783378022187,34668,455
348,1783378022310,34792,34791,-1,1,0,0,0,0,59,61,10,0,89,111.59,0,-17,-23,-1000,-1,0,0,0,0,0,0,0,"keyboard-worker","OK",1783378022287,34769,457
349,1783378022410,34892,34892,-1,1,0,0,0,0,59,61,10,0,89,111.92,0,-14,-21,-999,-1,0,0,0,0,0,0,0,"keyboard-worker","OK",1783378022388,34869,459
350,1783378022516,34998,34998,-1,1,0,0,0,0,59,61,10,0,89,111.48,0,-18,-22,-999,-1,0,0,0,0,0,0,0,"keyboard-worker","OK",1783378022488,34969,461
351,1783378022622,35104,35103,-1,1,0,0,0,0,59,61,10,0,89,111.66,0,-18,-24,-998,-1,0,0,0,0,0,0,0,"keyboard-worker","OK",1783378022588,35069,463
352,1783378022736,35218,35217,-1,1,0,0,0,0,59,61,10,0,89,111.47,0,-15,-22,-999,-1,0,0,0,0,0,0,0,"keyboard-worker","OK",1783378022688,35169,465
353,1783378022851,35333,35333,-1,1,0,0,0,0,59,61,10,0,89,111.68,0,-16,-21,-1000,-1,0,0,0,0,0,0,0,"keyboard-worker","OK",1783378022839,35320,468
354,1783378022942,35424,35424,-1,1,0,0,0,0,59,61,10,0,89,111.55,0,-17,-23,-999,-1,0,0,0,0,0,0,0,"keyboard-worker","OK",1783378022939,35420,470
355,1783378023037,35519,35518,-1,1,0,0,0,0,59,61,10,0,89,111.7,0,-17,-22,-998,-1,0,0,0,0,0,0,0,"keyboard-worker","OK",1783378022989,35470,471
356,1783378023127,35609,35608,-1,1,0,0,0,0,59,61,10,0,89,111.61,0,-18,-22,-998,-1,0,0,0,0,0,0,0,"keyboard-worker","OK",1783378023089,35570,473
357,1783378023228,35710,35709,-1,1,0,0,0,0,59,61,10,0,89,111.3,0,-16,-22,-998,-1,0,0,0,0,0,0,0,"keyboard-worker","OK",1783378023189,35671,475
358,1783378023326,35808,35807,-1,1,0,0,0,0,59,61,10,0,89,111.74,0,-16,-22,-998,-1,0,0,0,0,0,0,0,"keyboard-worker","OK",1783378023290,35771,477
359,1783378023424,35906,35905,-1,1,0,0,0,0,59,61,10,0,89,111.61,0,-17,-20,-998,-1,0,0,0,0,0,0,0,"keyboard-worker","OK",1783378023390,35871,479
360,1783378023525,36007,36006,-1,1,0,0,0,0,59,61,10,0,89,111.55,0,-18,-21,-999,-1,0,0,0,0,0,0,0,"keyboard-worker","OK",1783378023490,35971,481
361,1783378023627,36109,36108,-1,1,0,0,0,0,59,61,10,0,89,111.58,0,-16,-21,-997,-1,0,0,0,0,0,0,0,"keyboard-worker","OK",1783378023590,36072,483
362,1783378023727,36209,36208,-1,1,0,0,0,0,59,61,10,0,89,111.46,0,-17,-22,-997,-1,0,0,0,0,0,0,0,"keyboard-worker","OK",1783378023691,36172,485
363,1783378023828,36310,36309,-1,1,0,0,0,0,59,61,10,0,89,111.49,0,-17,-22,-997,-1,0,0,0,0,0,0,0,"keyboard-worker","OK",1783378023791,36272,487
364,1783378023935,36417,36417,-1,1,0,0,0,0,59,61,10,0,89,111.76,0,-17,-22,-1002,-1,0,0,0,0,0,0,0,"keyboard-worker","OK",1783378023891,36372,489
365,1783378024059,36541,36540,-1,1,0,0,0,0,59,62,10,0,89,111.54,0,-18,-22,-998,-1,0,0,0,0,0,0,0,"keyboard-worker","OK",1783378024041,36522,492
366,1783378024181,36663,36662,-1,1,0,0,0,0,59,62,10,0,89,111.73,0,-18,-22,-1000,-1,0,0,0,0,0,0,0,"keyboard-worker","OK",1783378024141,36623,494
367,1783378024252,36734,36733,-1,1,0,0,0,0,59,62,10,0,89,111.67,0,-15,-21,-996,-1,0,0,0,0,0,0,0,"keyboard-worker","OK",1783378024242,36723,496
368,1783378024355,36837,36836,-1,1,0,0,0,0,59,62,10,0,89,111.75,0,-17,-23,-999,-1,0,0,0,0,0,0,0,"keyboard-worker","OK",1783378024342,36823,498
369,1783378024459,36941,36940,-1,1,0,0,0,0,59,62,10,0,89,111.63,0,-15,-24,-996,-1,0,0,0,0,0,0,0,"keyboard-worker","OK",1783378024442,36923,500
370,1783378024549,37031,37030,-1,1,0,0,0,0,59,62,10,0,89,111.26,0,-19,-23,-999,-1,0,0,0,0,0,0,0,"keyboard-worker","OK",1783378024542,37024,502
371,1783378024651,37133,37132,-1,1,0,0,0,0,59,62,10,0,89,111.63,0,-19,-23,-998,-1,0,0,0,0,0,0,0,"keyboard-worker","OK",1783378024643,37124,504
372,1783378024750,37232,37231,-1,1,0,0,0,0,59,62,10,0,89,111.34,0,-17,-23,-997,-1,0,0,0,0,0,0,0,"keyboard-worker","OK",1783378024743,37224,506
373,1783378024849,37331,37330,-1,1,0,0,0,0,59,62,10,0,89,111.72,0,-18,-23,-997,-1,0,0,0,0,0,0,0,"keyboard-worker","OK",1783378024843,37324,508
374,1783378024954,37436,37435,-1,1,0,0,0,0,59,62,10,0,89,111.55,0,-16,-24,-999,-1,0,0,0,0,0,0,0,"keyboard-worker","OK",1783378024943,37424,510
375,1783378025090,37572,37572,-1,1,0,0,0,0,59,62,10,0,89,111.34,0,-16,-23,-998,-1,0,0,0,0,0,0,0,"keyboard-worker","OK",1783378025043,37525,512
376,1783378025131,37613,37613,-1,1,0,0,0,0,59,62,10,0,89,111.67,0,-18,-22,-999,-1,0,0,0,0,0,0,0,"keyboard-worker","OK",1783378025094,37575,513
377,1783378025214,37696,37695,-1,1,0,0,0,0,59,62,10,0,89,111.66,0,-16,-22,-997,-1,0,0,0,0,0,0,0,"keyboard-worker","OK",1783378025194,37675,515
378,1783378025312,37794,37794,-1,1,0,0,0,0,59,62,10,0,89,111.65,0,-16,-24,-998,-1,0,0,0,0,0,0,0,"keyboard-worker","OK",1783378025294,37775,517
379,1783378025409,37891,37890,-1,1,0,0,0,0,59,62,10,0,89,111.79,0,-16,-22,-997,-1,0,0,0,0,0,0,0,"keyboard-worker","OK",1783378025394,37875,519
380,1783378025510,37992,37991,-1,1,0,0,0,0,59,62,10,0,89,111.55,0,-18,-22,-998,-1,0,0,0,0,0,0,0,"keyboard-worker","OK",1783378025494,37976,521
381,1783378025635,38117,38117,-1,1,0,0,0,0,59,62,10,0,89,111.57,0,-16,-21,-999,-1,0,0,0,0,0,0,0,"keyboard-worker","OK",1783378025595,38076,523
382,1783378025717,38199,38199,-1,1,0,0,0,0,59,62,10,0,89,111.61,0,-16,-22,-998,-1,0,0,0,0,0,0,0,"keyboard-worker","OK",1783378025695,38176,525
383,1783378025827,38309,38308,-1,1,0,0,0,0,59,62,10,0,89,111.18,0,-17,-22,-999,-1,0,0,0,0,0,0,0,"keyboard-worker","OK",1783378025795,38276,527
384,1783378025933,38415,38415,-1,1,0,0,0,0,59,62,10,0,89,111.41,0,-18,-21,-998,-1,0,0,0,0,0,0,0,"keyboard-worker","OK",1783378025895,38377,529
385,1783378026035,38517,38517,-1,1,0,0,0,0,60,62,10,0,89,111.54,0,-17,-23,-1000,-1,0,0,0,0,0,0,0,"keyboard-worker","OK",1783378025996,38477,531
386,1783378026135,38617,38616,-1,1,0,0,0,0,60,62,10,0,89,111.68,0,-17,-21,-1003,-1,0,0,0,0,0,0,0,"keyboard-worker","OK",1783378026096,38577,533
387,1783378026258,38740,38739,-1,1,0,0,0,0,60,62,10,0,89,111.49,0,-18,-22,-995,-1,0,0,0,0,0,0,0,"keyboard-worker","OK",1783378026246,38727,536
388,1783378026347,38829,38828,-1,1,0,0,0,0,60,62,10,0,89,111.54,0,-16,-23,-999,-1,0,0,0,0,0,0,0,"keyboard-worker","OK",1783378026346,38828,538
389,1783378026431,38913,38912,-1,1,0,0,0,0,60,62,10,0,89,111.44,0,-18,-23,-1000,-1,0,0,0,0,0,0,0,"keyboard-worker","OK",1783378026396,38878,539
390,1783378026599,39081,39081,-1,1,0,0,0,0,60,62,10,0,89,111.47,0,-17,-21,-997,-1,0,0,0,0,0,0,0,"keyboard-worker","OK",1783378026597,39078,543
391,1783378026635,39117,39116,-1,1,0,0,0,0,60,62,10,0,89,111.7,0,-17,-23,-1001,-1,0,0,0,0,0,0,0,"keyboard-worker","OK",1783378026597,39078,543
392,1783378026743,39225,39224,-1,1,0,0,0,0,60,62,10,0,89,111.23,0,-16,-23,-1000,-1,0,0,0,0,0,0,0,"keyboard-worker","OK",1783378026697,39178,545
393,1783378026846,39328,39327,-1,1,0,0,0,0,60,62,10,0,89,111.66,0,-17,-23,-998,-1,0,0,0,0,0,0,0,"keyboard-worker","OK",1783378026797,39278,547
394,1783378026928,39410,39410,-1,1,0,0,0,0,60,62,10,0,89,111.33,0,-15,-21,-999,-1,0,0,0,0,0,0,0,"keyboard-worker","OK",1783378026897,39379,549
395,1783378027035,39517,39516,-1,1,0,0,0,0,59,62,10,0,89,111.39,0,-20,-30,-999,-1,0,0,0,0,0,0,0,"keyboard-worker","OK",1783378026998,39479,551
396,1783378027190,39672,39672,-1,1,0,0,0,0,59,62,10,0,89,111.39,0,-18,-35,-997,-1,0,0,0,0,0,0,0,"keyboard-worker","OK",1783378027151,39632,554
397,1783378027264,39746,39745,-1,1,0,0,0,0,59,62,10,0,89,111.83,0,-9,-11,-1006,-1,0,0,0,0,0,0,0,"keyboard-worker","OK",1783378027254,39735,556
398,1783378027345,39827,39826,-1,1,0,0,0,0,59,62,10,0,89,111.63,0,-22,-5,-998,-1,0,0,0,0,0,0,0,"keyboard-worker","OK",1783378027305,39786,557
399,1783378027455,39937,39936,-1,1,0,0,0,0,59,62,10,0,89,111.57,0,-14,-3,-995,-1,0,0,0,0,0,0,0,"keyboard-worker","OK",1783378027405,39886,559
400,1783378027571,40053,40052,-1,1,0,0,0,0,59,62,10,0,89,111.62,0,-10,-10,-1001,-1,0,0,0,0,0,0,0,"keyboard-worker","OK",1783378027558,40039,562
401,1783378027679,40161,40160,-1,1,0,0,0,0,59,62,10,0,89,111.35,0,-11,-15,-1000,-1,0,0,0,0,0,0,0,"keyboard-worker","OK",1783378027660,40141,564
402,1783378027782,40264,40263,-1,1,0,0,0,0,59,62,10,0,89,111.55,0,-19,-21,-994,-1,0,0,0,0,0,0,0,"keyboard-worker","OK",1783378027763,40244,566
403,1783378027883,40365,40365,-1,1,0,0,0,0,59,62,10,0,89,111.38,0,-22,-24,-998,-1,0,0,0,0,0,0,0,"keyboard-worker","OK",1783378027865,40347,568
404,1783378027987,40469,40468,-1,1,0,0,0,0,59,62,10,0,89,111.64,0,-18,-20,-1000,-1,0,0,0,0,0,0,0,"keyboard-worker","OK",1783378027967,40449,570
405,1783378028088,40570,40569,-1,1,0,0,0,0,59,62,10,0,89,111.35,0,-16,-23,-1000,-1,0,0,0,0,0,0,0,"keyboard-worker","OK",1783378028070,40551,572
406,1783378028132,40614,40613,-1,1,0,0,0,0,59,62,10,0,89,111.27,0,-17,-25,-999,-1,0,0,0,0,0,0,0,"keyboard-worker","OK",1783378028121,40603,573
407,1783378028307,40789,40788,-1,1,0,0,0,0,59,62,10,0,89,111.58,0,-17,-23,-998,-1,0,0,0,0,0,0,0,"keyboard-worker","OK",1783378028275,40756,576
408,1783378028373,40855,40854,-1,1,0,0,0,0,59,62,10,0,89,111.38,0,-18,-23,-998,-1,0,0,0,0,0,0,0,"keyboard-worker","OK",1783378028326,40807,577
409,1783378028475,40957,40957,-1,1,0,0,0,0,59,62,10,0,89,111.79,0,-18,-21,-997,-1,0,0,0,0,0,0,0,"keyboard-worker","OK",1783378028427,40908,579
410,1783378028571,41053,41052,-1,1,0,0,0,0,59,62,10,0,89,111.39,0,-17,-22,-998,-1,0,0,0,0,0,0,0,"keyboard-worker","OK",1783378028529,41010,581
411,1783378028673,41155,41155,-1,1,0,0,0,0,59,62,10,0,89,111.37,0,-17,-22,-999,-1,0,0,0,0,0,0,0,"keyboard-worker","OK",1783378028631,41112,583
412,1783378028773,41255,41254,-1,1,0,0,0,0,59,62,10,0,89,111.41,0,-16,-21,-1000,-1,0,0,0,0,0,0,0,"keyboard-worker","OK",1783378028733,41214,585
413,1783378028881,41363,41362,-1,1,0,0,0,0,59,62,10,0,89,111.56,0,-17,-22,-1000,-1,0,0,0,0,0,0,0,"keyboard-worker","OK",1783378028835,41316,587
414,1783378028978,41460,41459,-1,1,0,0,0,0,59,62,10,0,89,111.34,0,-16,-21,-996,-1,0,0,0,0,0,0,0,"keyboard-worker","OK",1783378028937,41418,589
415,1783378029089,41571,41570,-1,1,0,0,0,0,59,63,10,0,89,111.49,0,-15,-18,-998,-1,0,0,0,0,0,0,0,"keyboard-worker","OK",1783378029089,41570,592
416,1783378029188,41670,41669,-1,1,0,0,0,0,59,63,10,0,88,111.68,0,-17,-19,-997,-1,0,0,0,0,0,0,0,"keyboard-worker","OK",1783378029140,41621,593
417,1783378029289,41771,41770,-1,1,0,0,0,0,59,63,10,0,88,111.47,0,-16,-18,-997,-1,0,0,0,0,0,0,0,"keyboard-worker","OK",1783378029242,41723,595
418,1783378029400,41882,41881,-1,1,0,0,0,0,59,63,10,0,88,111.45,0,-14,-21,-996,-1,0,0,0,0,0,0,0,"keyboard-worker","OK",1783378029394,41876,598
419,1783378029498,41980,41979,-1,1,0,0,0,0,59,63,10,0,88,111.4,0,-16,-21,-998,-1,0,0,0,0,0,0,0,"keyboard-worker","OK",1783378029497,41978,600
420,1783378029680,42162,42161,-1,1,0,0,0,0,59,63,10,0,88,111.51,0,-23,-21,-998,-1,0,0,0,0,0,0,0,"keyboard-worker","OK",1783378029649,42131,603
421,1783378029735,42217,42216,-1,1,0,0,0,0,59,63,10,0,88,111.33,0,-18,-22,-997,-1,0,0,0,0,0,0,0,"keyboard-worker","OK",1783378029700,42182,604
422,1783378029839,42321,42320,-1,1,0,0,0,0,59,63,10,0,88,111.67,0,-15,-22,-1000,-1,0,0,0,0,0,0,0,"keyboard-worker","OK",1783378029802,42283,606
423,1783378029943,42425,42425,-1,1,0,0,0,0,59,63,10,0,88,111.28,0,-14,-23,-1000,-1,0,0,0,0,0,0,0,"keyboard-worker","OK",1783378029903,42385,608
424,1783378030035,42517,42517,-1,1,0,0,0,0,59,63,10,0,88,111.4,0,-16,-21,-1000,-1,0,0,0,0,0,0,0,"keyboard-worker","OK",1783378030004,42485,610
425,1783378030136,42618,42617,-1,1,0,0,0,0,60,63,10,0,88,111.47,0,-17,-24,-996,-1,0,0,0,0,0,0,0,"keyboard-worker","OK",1783378030104,42585,612
426,1783378030235,42717,42716,-1,1,0,0,0,0,60,63,10,0,88,111.31,0,-20,-22,-998,-1,0,0,0,0,0,0,0,"keyboard-worker","OK",1783378030205,42686,614
427,1783378030298,42780,42779,-1,1,0,0,0,0,60,63,10,0,88,111.52,0,-16,-23,-995,-1,0,0,0,0,0,0,0,"keyboard-worker","OK",1783378030255,42736,615
428,1783378030496,42978,42977,-1,1,0,0,0,0,60,63,10,0,88,111.37,0,-14,-23,-998,-1,0,0,0,0,0,0,0,"keyboard-worker","OK",1783378030456,42937,619
429,1783378030536,43018,43018,-1,1,0,0,0,0,60,63,10,0,88,111.58,0,-17,-23,-997,-1,0,0,0,0,0,0,0,"keyboard-worker","OK",1783378030507,42988,620
430,1783378030645,43127,43126,-1,1,0,0,0,0,60,63,10,0,88,111.65,0,-17,-22,-1000,-1,0,0,0,0,0,0,0,"keyboard-worker","OK",1783378030609,43090,622
431,1783378030742,43224,43223,-1,1,0,0,0,0,60,63,10,0,88,111.5,0,-15,-20,-998,-1,0,0,0,0,0,0,0,"keyboard-worker","OK",1783378030710,43191,624
432,1783378030848,43330,43329,-1,1,0,0,0,0,60,63,10,0,88,111.37,0,-19,-23,-997,-1,0,0,0,0,0,0,0,"keyboard-worker","OK",1783378030812,43293,626
433,1783378030949,43431,43430,-1,1,0,0,0,0,60,63,10,0,88,111.57,0,-15,-23,-998,-1,0,0,0,0,0,0,0,"keyboard-worker","OK",1783378030912,43393,628
434,1783378031049,43531,43530,-1,1,0,0,0,0,60,63,10,0,88,111.7,0,-16,-21,-996,-1,0,0,0,0,0,0,0,"keyboard-worker","OK",1783378031013,43494,630
435,1783378031150,43632,43631,-1,1,0,0,0,0,61,63,10,0,88,111.58,0,-12,-21,-999,-1,0,0,0,0,0,0,0,"keyboard-worker","OK",1783378031114,43595,632
436,1783378031251,43733,43733,-1,1,0,0,0,0,61,63,10,0,88,111.41,0,-15,-21,-1001,-1,0,0,0,0,0,0,0,"keyboard-worker","OK",1783378031215,43696,634
437,1783378031352,43834,43833,-1,1,0,0,0,0,61,63,10,0,88,111.51,0,-17,-22,-999,-1,0,0,0,0,0,0,0,"keyboard-worker","OK",1783378031316,43797,636
438,1783378031453,43935,43935,-1,1,0,0,0,0,61,63,10,0,88,111.61,0,-16,-22,-999,-1,0,0,0,0,0,0,0,"keyboard-worker","OK",1783378031417,43898,638
439,1783378031599,44081,44080,-1,1,0,0,0,0,61,63,10,0,88,111.14,0,-14,-20,-998,-1,0,0,0,0,0,0,0,"keyboard-worker","OK",1783378031569,44050,641
440,1783378031641,44123,44122,-1,1,0,0,0,0,61,63,10,0,88,111.54,0,-14,-17,-996,-1,0,0,0,0,0,0,0,"keyboard-worker","OK",1783378031619,44101,642
441,1783378031737,44219,44218,-1,1,0,0,0,0,61,63,10,0,88,111.6,0,-14,-20,-994,-1,0,0,0,0,0,0,0,"keyboard-worker","OK",1783378031720,44201,644
442,1783378031830,44312,44311,-1,1,0,0,0,0,61,63,10,0,88,111.78,0,-17,-19,-998,-1,0,0,0,0,0,0,0,"keyboard-worker","OK",1783378031821,44302,646
443,1783378031933,44415,44414,-1,1,0,0,0,0,61,63,10,0,88,111.48,0,-19,-22,-998,-1,0,0,0,0,0,0,0,"keyboard-worker","OK",1783378031922,44403,648
444,1783378032035,44517,44516,-1,1,0,0,0,0,61,63,10,0,88,111.37,0,-16,-22,-1002,-1,0,0,0,0,0,0,0,"keyboard-worker","OK",1783378032024,44505,650
445,1783378032138,44620,44620,-1,1,0,0,0,0,61,63,10,0,88,111.79,0,-17,-22,-997,-1,0,0,0,0,0,0,0,"keyboard-worker","OK",1783378032124,44605,652
446,1783378032242,44724,44723,-1,1,0,0,0,0,61,63,10,0,88,111.45,0,-18,-25,-1000,-1,0,0,0,0,0,0,0,"keyboard-worker","OK",1783378032225,44706,654
447,1783378032354,44836,44835,-1,1,0,0,0,0,61,63,10,0,88,111.39,0,-15,-22,-1000,-1,0,0,0,0,0,0,0,"keyboard-worker","OK",1783378032325,44807,656
448,1783378032466,44948,44947,-1,1,0,0,0,0,61,63,10,0,88,111.47,0,-17,-22,-997,-1,0,0,0,0,0,0,0,"keyboard-worker","OK",1783378032426,44907,658
449,1783378032591,45073,45072,-1,1,0,0,0,0,61,63,10,0,88,111.44,0,-18,-21,-997,-1,0,0,0,0,0,0,0,"keyboard-worker","OK",1783378032578,45059,661
450,1783378032676,45158,45157,-1,1,0,0,0,0,61,63,10,0,88,111.38,0,-19,-19,-996,-1,0,0,0,0,0,0,0,"keyboard-worker","OK",1783378032629,45110,662
451,1783378032777,45259,45258,-1,1,0,0,0,0,61,63,10,0,88,111.45,0,-16,-22,-998,-1,0,0,0,0,0,0,0,"keyboard-worker","OK",1783378032730,45211,664
452,1783378032874,45356,45355,-1,1,0,0,0,0,61,63,10,0,88,111.39,0,-15,-20,-1000,-1,0,0,0,0,0,0,0,"keyboard-worker","OK",1783378032830,45311,666
453,1783378032975,45457,45457,-1,1,0,0,0,0,61,63,10,0,88,111.36,0,-15,-24,-998,-1,0,0,0,0,0,0,0,"keyboard-worker","OK",1783378032931,45412,668
454,1783378033078,45560,45559,-1,1,0,0,0,0,61,63,10,0,88,111.56,0,-17,-20,-998,-1,0,0,0,0,0,0,0,"keyboard-worker","OK",1783378033032,45513,670
455,1783378033177,45659,45659,-1,1,0,0,0,0,61,64,10,0,88,111.27,0,-17,-23,-998,-1,0,0,0,0,0,0,0,"keyboard-worker","OK",1783378033133,45614,672
456,1783378033279,45761,45760,-1,1,0,0,0,0,61,64,10,0,88,111.42,0,-17,-19,-1001,-1,0,0,0,0,0,0,0,"keyboard-worker","OK",1783378033233,45714,674
457,1783378033382,45864,45863,-1,1,0,0,0,0,61,64,10,0,88,111.39,0,-16,-19,-998,-1,0,0,0,0,0,25,0,"keyboard-worker","OK",1783378033333,45815,676
458,1783378033485,45967,45966,-1,1,0,0,0,0,61,64,10,0,88,111.5,0,-16,-20,-997,-1,0,0,0,0,0,25,0,"keyboard-worker","OK",1783378033484,45965,679
459,1783378033660,46142,46141,-1,1,0,0,0,0,61,64,10,0,88,111.41,0,-17,-22,-995,-1,0,0,0,0,0,25,0,"keyboard-worker","OK",1783378033634,46116,682
460,1783378033677,46159,46159,-1,1,0,0,0,0,61,64,10,0,88,111.35,0,-16,-22,-1000,-1,0,0,0,0,0,25,0,"keyboard-worker","OK",1783378033634,46116,682
461,1783378033789,46271,46270,-1,1,0,0,0,0,61,64,10,0,88,111.34,0,-17,-22,-999,-1,0,0,0,0,0,25,0,"keyboard-worker","OK",1783378033785,46266,685
462,1783378033917,46399,46398,-1,1,0,0,0,0,61,64,10,0,88,111.7,0,-15,-22,-999,-1,0,0,0,0,0,25,0,"keyboard-worker","OK",1783378033886,46367,687
463,1783378033994,46476,46476,-1,1,0,0,0,0,61,64,10,0,88,111.56,0,-17,-22,-997,-1,0,0,0,0,0,25,0,"keyboard-worker","OK",1783378033987,46468,689
464,1783378034085,46567,46566,-1,1,0,0,0,0,61,64,10,0,88,111.57,0,-17,-22,-998,-1,0,0,0,0,0,0,0,"keyboard-worker","OK",1783378034037,46518,690
465,1783378034223,46705,46704,-1,1,0,0,0,0,61,64,10,0,88,111.49,0,-16,-23,-999,-1,0,0,0,0,0,0,0,"keyboard-worker","OK",1783378034188,46670,693
466,1783378034309,46791,46790,-1,1,0,0,0,0,61,64,10,0,88,111.47,0,-18,-24,-1000,-1,0,0,0,0,0,0,0,"keyboard-worker","OK",1783378034289,46770,695
467,1783378034354,46836,46835,-1,1,0,0,0,0,61,64,10,0,88,111.28,0,-16,-24,-995,-1,0,0,0,0,0,0,0,"keyboard-worker","OK",1783378034339,46821,696
468,1783378034453,46935,46935,-1,1,0,0,0,0,61,64,10,0,88,111.48,0,-15,-26,-1002,-1,0,0,0,0,0,25,0,"keyboard-worker","OK",1783378034440,46921,698
469,1783378034556,47038,47037,-1,1,0,0,0,0,61,64,10,0,88,111.33,0,-16,-23,-1001,-1,0,0,0,0,0,25,0,"keyboard-worker","OK",1783378034540,47022,700
470,1783378034659,47141,47140,-1,1,0,0,0,0,61,64,10,0,88,111.24,0,-17,-25,-998,-1,0,0,0,0,0,25,0,"keyboard-worker","OK",1783378034641,47122,702
471,1783378034811,47293,47292,-1,1,0,0,0,0,61,64,10,0,88,111.56,0,-16,-23,-998,-1,0,0,0,0,0,25,0,"keyboard-worker","OK",1783378034792,47273,705
472,1783378034886,47368,47367,-1,1,0,0,0,0,61,64,10,0,88,111.29,0,-16,-23,-998,-1,0,0,0,0,0,25,0,"keyboard-worker","OK",1783378034842,47323,706
473,1783378034979,47461,47460,-1,1,0,0,0,0,61,64,10,0,88,111.71,0,-14,-23,-998,-1,0,0,0,0,0,25,0,"keyboard-worker","OK",1783378034943,47424,708
474,1783378035085,47567,47567,-1,1,0,0,0,0,61,64,10,0,88,111.15,0,-18,-23,-998,-1,0,0,0,0,0,25,0,"keyboard-worker","OK",1783378035043,47524,710
475,1783378035190,47672,47672,-1,1,0,0,0,0,62,64,10,0,88,111.29,0,-18,-22,-998,-1,0,0,0,0,0,25,0,"keyboard-worker","OK",1783378035144,47625,712
476,1783378035291,47773,47772,-1,1,0,0,0,0,62,64,10,0,88,111.13,0,-15,-23,-999,-1,0,0,0,0,0,25,0,"keyboard-worker","OK",1783378035244,47725,714
477,1783378035391,47873,47872,-1,1,0,0,0,0,62,64,10,0,88,111.36,0,-16,-28,-998,-1,0,0,0,0,0,0,0,"keyboard-worker","OK",1783378035344,47826,716
478,1783378035492,47974,47973,-1,1,0,0,0,0,62,64,10,0,88,111.4,0,-16,-28,-1000,-1,0,0,0,0,0,0,0,"keyboard-worker","OK",1783378035445,47926,718
479,1783378035593,48075,48074,-1,1,0,0,0,0,62,64,10,0,88,111.41,0,-17,-27,-1002,-1,0,0,0,0,0,0,0,"keyboard-worker","OK",1783378035546,48027,720
480,1783378035695,48177,48176,-1,1,0,0,0,0,62,64,10,0,88,111.56,0,-13,-22,-1000,-1,0,0,0,0,0,0,0,"keyboard-worker","OK",1783378035646,48127,722
481,1783378035850,48332,48331,-1,1,0,0,0,0,62,64,10,0,88,111.11,0,-15,-21,-999,-1,0,0,0,0,0,0,0,"keyboard-worker","OK",1783378035847,48328,726
482,1783378035899,48381,48380,-1,1,0,0,0,0,62,64,10,0,88,111.56,0,-14,-19,-996,-1,0,0,0,0,0,0,0,"keyboard-worker","OK",1783378035898,48379,727
483,1783378036004,48486,48485,-1,1,0,0,0,0,62,64,10,0,88,111.19,0,-15,-18,-999,-1,0,0,0,0,0,0,0,"keyboard-worker","OK",1783378035998,48479,729
484,1783378036095,48577,48576,-1,1,0,0,0,0,62,64,10,0,88,111.37,0,-15,-29,-1001,-1,0,0,0,0,0,0,0,"keyboard-worker","OK",1783378036048,48529,730
485,1783378036210,48692,48691,-1,1,0,0,0,0,62,64,10,0,88,111.33,0,-9,-20,-1005,-1,0,0,0,0,0,0,0,"keyboard-worker","OK",1783378036199,48680,733
486,1783378036300,48782,48782,-1,1,0,0,0,0,62,64,10,0,88,111.48,0,-14,-23,-998,-1,0,0,0,0,0,0,0,"keyboard-worker","OK",1783378036299,48780,735
487,1783378036398,48880,48879,-1,1,0,0,0,0,62,64,10,0,88,111.39,0,-20,-23,-1000,-1,0,0,0,0,0,0,0,"keyboard-worker","OK",1783378036349,48830,736
488,1783378036495,48977,48977,-1,1,0,0,0,0,62,64,10,0,88,111.29,0,-19,-24,-999,-1,0,0,0,0,0,0,0,"keyboard-worker","OK",1783378036449,48931,738
489,1783378036598,49080,49079,-1,1,0,0,0,0,62,64,10,0,88,110.92,0,-18,-31,-1001,-1,0,0,0,0,0,0,0,"keyboard-worker","OK",1783378036550,49031,740
490,1783378036698,49180,49179,-1,1,0,0,0,0,62,64,10,0,88,111.51,0,-16,-26,-996,-1,0,0,0,0,0,0,0,"keyboard-worker","OK",1783378036650,49131,742
491,1783378036921,49403,49402,-1,1,0,0,0,0,62,64,10,0,88,111.19,0,-14,-26,-999,-1,0,0,0,0,0,0,0,"keyboard-worker","OK",1783378036901,49382,747
492,1783378036943,49425,49424,0,1,0,0,0,0,62,64,10,0,88,111.53,0,-15,-23,-996,-1,0,0,0,0,0,0,0,"keyboard-worker","OK",1783378036901,49382,747
493,1783378037001,49483,49482,0,1,0,0,0,0,62,64,10,0,88,111.44,0,-14,-18,-994,-1,0,0,0,0,0,0,0,"keyboard-worker","OK",1783378037001,49483,749
494,1783378037109,49591,49590,0,1,0,0,0,0,62,64,10,0,88,111.56,0,-19,-23,-997,-1,0,0,0,0,0,0,0,"keyboard-worker","OK",1783378037102,49583,751
495,1783378037218,49700,49699,0,1,0,0,0,0,61,65,10,0,88,111.39,0,-19,-18,-1000,-1,0,0,0,0,0,0,0,"keyboard-worker","OK",1783378037202,49683,753
496,1783378037322,49804,49804,0,1,0,0,0,0,61,65,10,0,88,111.49,0,-10,-10,-996,-1,0,0,0,0,0,0,0,"keyboard-worker","OK",1783378037302,49783,755
497,1783378037402,49884,49883,0,1,0,0,0,0,61,65,10,0,88,111.37,0,-8,-13,-998,-1,0,0,0,0,0,0,0,"keyboard-worker","OK",1783378037402,49884,757
498,1783378037501,49983,49983,0,1,0,0,0,0,61,65,10,0,88,111.52,0,-16,-16,-996,-1,0,0,0,0,0,0,0,"keyboard-worker","OK",1783378037453,49934,758
499,1783378037602,50084,50083,0,1,0,0,0,0,61,65,10,0,88,111.36,0,-21,-19,-998,-1,0,0,0,0,0,0,0,"keyboard-worker","OK",1783378037553,50034,760
500,1783378037708,50190,50189,-1,1,0,0,0,0,61,65,10,0,88,111.16,0,-18,-20,-998,-1,0,0,0,0,0,0,0,"keyboard-worker","OK",1783378037703,50184,763
501,1783378037818,50300,50299,-1,1,0,0,0,0,61,65,10,0,88,111.66,0,-15,-16,-1000,-1,0,0,0,0,0,0,0,"keyboard-worker","OK",1783378037803,50285,765
502,1783378037911,50393,50392,-1,1,0,0,0,0,61,65,10,0,88,111.38,0,-12,-18,-999,-1,0,0,0,0,0,0,0,"keyboard-worker","OK",1783378037904,50385,767
503,1783378038005,50487,50486,-1,1,0,0,0,0,61,65,10,0,88,111.41,0,-14,-20,-998,-1,0,0,0,0,0,0,0,"keyboard-worker","OK",1783378038004,50485,769
504,1783378038107,50589,50588,-1,1,0,0,0,0,61,65,10,0,88,111.33,0,-20,-22,-998,-1,0,0,0,0,0,0,0,"keyboard-worker","OK",1783378038104,50585,771
505,1783378038210,50692,50691,-1,1,0,0,0,0,62,64,10,0,88,111.57,0,-18,-25,-997,-1,0,0,0,0,0,0,0,"keyboard-worker","OK",1783378038204,50686,773
506,1783378038316,50798,50797,-1,1,0,0,0,0,62,64,10,0,88,111.44,0,-19,-22,-1000,-1,0,0,0,0,0,0,0,"keyboard-worker","OK",1783378038305,50786,775
507,1783378038444,50926,50925,-1,1,0,0,0,0,62,64,10,0,88,111.24,0,-16,-24,-997,-1,0,0,0,0,0,0,0,"keyboard-worker","OK",1783378038405,50886,777
508,1783378038544,51026,51025,0,1,0,0,0,0,62,64,10,0,88,111.29,0,-13,-24,-999,-1,0,0,0,0,0,0,0,"keyboard-worker","OK",1783378038505,50986,779
509,1783378038624,51106,51105,0,1,0,0,0,0,62,64,10,0,88,111.45,0,-16,-23,-1000,-1,0,0,0,0,0,0,0,"keyboard-worker","OK",1783378038605,51087,781
510,1783378038740,51222,51222,0,1,0,0,0,0,62,64,10,0,88,111.42,0,-18,-21,-997,-1,0,0,0,0,0,0,0,"keyboard-worker","OK",1783378038706,51187,783
511,1783378038846,51328,51327,0,1,0,0,0,0,62,64,10,0,88,111.35,0,-17,-21,-998,-1,0,0,0,0,0,0,0,"keyboard-worker","OK",1783378038806,51287,785
512,1783378038935,51417,51417,0,1,0,0,0,0,62,64,10,0,88,111.08,0,-16,-24,-999,-1,0,0,0,0,0,0,0,"keyboard-worker","OK",1783378038906,51387,787
513,1783378039083,51565,51564,0,1,0,0,0,0,62,64,10,0,88,111.54,0,-16,-21,-998,-1,0,0,0,0,0,0,0,"keyboard-worker","OK",1783378039056,51538,790
514,1783378039136,51618,51617,0,1,0,0,0,0,62,64,10,0,88,111.27,0,-16,-22,-1000,-1,0,0,0,0,0,0,0,"keyboard-worker","OK",1783378039107,51588,791
515,1783378039239,51721,51720,0,1,0,0,0,0,63,65,10,0,88,111.33,0,-15,-21,-996,-1,0,0,0,0,0,0,0,"keyboard-worker","OK",1783378039207,51688,793
516,1783378039321,51803,51802,0,1,0,0,0,0,63,65,10,0,88,111.28,0,-18,-21,-998,-1,0,0,0,0,0,0,0,"keyboard-worker","OK",1783378039307,51788,795
517,1783378039430,51912,51911,0,1,0,0,0,0,63,65,10,0,88,111.1,0,-13,-20,-1001,-1,0,0,0,0,0,0,0,"keyboard-worker","OK",1783378039407,51888,797
518,1783378039545,52027,52026,0,1,0,0,0,0,63,65,10,0,88,111.49,0,-14,-22,-996,-1,0,0,0,0,0,0,0,"keyboard-worker","OK",1783378039507,51989,799
519,1783378039618,52100,52099,0,1,0,0,0,0,63,65,10,0,88,111.36,0,-15,-21,-997,-1,0,0,0,0,0,0,0,"keyboard-worker","OK",1783378039608,52089,801
520,1783378039736,52218,52217,0,1,0,0,0,0,63,65,10,0,88,111.21,0,-18,-22,-999,-1,0,0,0,0,0,0,0,"keyboard-worker","OK",1783378039708,52189,803
521,1783378039837,52319,52318,0,1,0,0,0,0,63,65,10,0,88,111.43,0,-17,-22,-998,-1,0,0,0,0,0,0,0,"keyboard-worker","OK",1783378039808,52289,805
522,1783378039962,52444,52443,0,1,0,0,0,0,63,65,10,0,88,111.19,0,-17,-23,-996,-1,0,0,0,0,0,0,0,"keyboard-worker","OK",1783378039959,52440,808
523,1783378040042,52524,52524,0,1,0,0,0,0,63,65,10,0,88,111.31,0,-16,-22,-1000,-1,0,0,0,0,0,0,0,"keyboard-worker","OK",1783378040009,52490,809
524,1783378040100,52582,52581,0,1,0,0,0,0,63,65,10,0,88,111.38,0,-16,-21,-998,-1,0,0,0,0,0,0,0,"keyboard-worker","OK",1783378040059,52540,810
525,1783378040240,52722,52722,0,1,0,0,0,0,62,65,10,0,88,111.07,0,-16,-23,-1000,-1,0,0,0,0,0,0,0,"keyboard-worker","OK",1783378040209,52690,813
526,1783378040300,52782,52782,0,1,0,0,0,0,62,65,10,0,88,111.27,0,-16,-24,-999,-1,0,0,0,0,0,0,0,"keyboard-worker","OK",1783378040259,52740,814
527,1783378040398,52880,52879,0,1,0,0,0,0,62,65,10,0,88,111.41,0,-14,-22,-996,-1,0,0,0,0,0,0,0,"keyboard-worker","OK",1783378040359,52841,816
528,1783378040497,52979,52978,0,1,0,0,0,0,62,65,10,0,88,111.2,0,-14,-21,-1000,-1,0,0,0,0,0,0,0,"keyboard-worker","OK",1783378040460,52941,818
529,1783378040599,53081,53080,0,1,0,0,0,0,62,65,10,0,88,111.27,0,-16,-22,-997,-1,0,0,0,0,0,0,0,"keyboard-worker","OK",1783378040560,53041,820
530,1783378040701,53183,53182,0,1,0,0,0,0,62,65,10,0,88,111.46,0,-18,-23,-998,-1,0,0,0,0,0,0,0,"keyboard-worker","OK",1783378040660,53141,822
531,1783378040801,53283,53283,0,1,0,0,0,0,62,65,10,0,88,111.43,0,-15,-21,-1000,-1,0,0,0,0,0,0,0,"keyboard-worker","OK",1783378040760,53242,824
532,1783378040951,53433,53432,0,1,0,0,0,0,62,65,10,0,88,111.3,0,-16,-22,-997,-1,0,0,0,0,0,0,0,"keyboard-worker","OK",1783378040911,53392,827
533,1783378041031,53513,53512,0,1,0,0,0,0,62,65,10,0,88,111,0,-15,-22,-1002,-1,0,0,0,0,0,0,0,"keyboard-worker","OK",1783378041011,53492,829
534,1783378041113,53595,53594,0,1,0,0,0,0,62,65,10,0,88,111.33,0,-15,-21,-1002,-1,0,0,0,0,0,0,0,"keyboard-worker","OK",1783378041111,53592,831
535,1783378041230,53712,53712,0,1,0,0,0,0,62,65,10,0,88,111.24,0,-18,-22,-999,-1,0,0,0,0,0,0,0,"keyboard-worker","OK",1783378041211,53692,833
536,1783378041326,53808,53807,0,1,0,0,0,0,62,65,10,0,88,111.25,0,-16,-24,-1000,-1,0,0,0,0,0,0,0,"keyboard-worker","OK",1783378041311,53793,835
537,1783378041430,53912,53911,0,1,0,0,0,0,62,65,10,0,88,111.24,0,-13,-22,-999,-1,0,0,0,0,0,0,0,"keyboard-worker","OK",1783378041412,53893,837
538,1783378041529,54011,54011,0,1,0,0,0,0,62,65,10,0,88,111.2,0,-15,-21,-995,-1,0,0,0,0,0,0,0,"keyboard-worker","OK",1783378041512,53993,839
539,1783378041619,54101,54100,0,1,0,0,0,0,62,65,10,0,88,111.15,0,-15,-26,-1000,-1,0,0,0,0,0,0,0,"keyboard-worker","OK",1783378041612,54093,841
540,1783378041732,54214,54213,0,1,0,0,0,0,62,65,10,0,88,111.22,0,2,-25,-979,-1,0,0,0,0,0,0,0,"keyboard-worker","OK",1783378041712,54194,843
541,1783378041832,54314,54314,0,1,0,0,0,0,62,65,10,0,88,111.33,0,-1,-29,-1007,-1,0,0,0,0,0,0,0,"keyboard-worker","OK",1783378041813,54294,845
542,1783378041929,54411,54410,0,1,0,0,0,0,62,65,10,0,88,110.85,0,-16,-31,-1002,-1,0,0,0,0,0,0,0,"keyboard-worker","OK",1783378041913,54394,847
543,1783378042140,54622,54621,0,1,0,0,0,0,62,65,10,0,88,111.32,0,-25,-29,-998,-1,0,0,0,0,0,0,0,"keyboard-worker","OK",1783378042113,54594,851
544,1783378042148,54630,54629,0,1,0,0,0,0,62,65,10,0,88,111.44,0,-14,-24,-999,-1,0,0,0,0,0,0,0,"keyboard-worker","OK",1783378042113,54594,851
545,1783378042265,54747,54746,0,1,0,0,0,0,63,65,10,0,88,111.31,0,-7,-14,-995,-1,0,0,0,0,0,0,0,"keyboard-worker","OK",1783378042263,54745,854
546,1783378042359,54841,54840,0,1,0,0,0,0,63,65,10,0,88,111.24,0,-17,-17,-998,-1,0,0,0,0,0,0,0,"keyboard-worker","OK",1783378042313,54795,855
547,1783378042465,54947,54947,0,1,0,0,0,0,63,65,10,0,88,111.27,0,-20,-11,-999,-1,0,0,0,0,0,0,0,"keyboard-worker","OK",1783378042464,54945,858
548,1783378042567,55049,55048,0,1,0,0,0,0,63,65,10,0,88,111.28,0,-16,-19,-1001,-1,0,0,0,0,0,0,0,"keyboard-worker","OK",1783378042564,55045,860
549,1783378042656,55138,55137,0,1,0,0,0,0,63,65,10,0,88,110.98,0,-7,-19,-999,-1,0,0,0,0,0,0,0,"keyboard-worker","OK",1783378042614,55095,861
550,1783378042697,55179,55178,0,1,0,0,0,0,63,65,10,0,88,111.36,0,-9,-23,-997,-1,0,0,0,0,0,0,0,"keyboard-worker","OK",1783378042664,55145,862
551,1783378042800,55282,55281,0,1,0,0,0,0,63,65,10,0,88,111.61,0,-17,-22,-999,-1,0,0,0,0,0,0,0,"keyboard-worker","OK",1783378042764,55245,864
552,1783378042900,55382,55381,0,1,0,0,0,0,63,65,10,0,88,111.62,0,-17,-23,-1000,-1,0,0,0,0,0,0,0,"keyboard-worker","OK",1783378042864,55346,866
553,1783378043001,55483,55482,0,1,0,0,0,0,63,65,10,0,88,111.2,0,-12,-27,-1000,-1,0,0,0,0,0,0,0,"keyboard-worker","OK",1783378042965,55446,868
554,1783378043103,55585,55584,0,1,0,0,0,0,63,65,10,0,88,111.46,0,-10,-23,-1001,-1,0,0,0,0,0,0,0,"keyboard-worker","OK",1783378043065,55546,870
555,1783378043217,55699,55698,0,1,0,0,0,0,63,66,10,0,88,111.14,0,-17,-23,-998,-1,0,0,0,0,0,0,0,"keyboard-worker","OK",1783378043215,55696,873
556,1783378043341,55823,55822,0,1,0,0,0,0,63,66,10,0,88,111.41,0,-14,-24,-1002,-1,0,0,0,0,0,0,0,"keyboard-worker","OK",1783378043315,55796,875
557,1783378043429,55911,55911,0,1,0,0,0,0,63,66,10,0,88,111.11,0,-11,-23,-999,-1,0,0,0,0,0,0,0,"keyboard-worker","OK",1783378043415,55896,877
558,1783378043527,56009,56008,0,1,0,0,0,0,63,66,10,0,88,111.34,0,-12,-22,-997,-1,0,0,0,0,0,0,0,"keyboard-worker","OK",1783378043515,55997,879
559,1783378043610,56092,56091,0,1,0,0,0,0,63,66,10,0,88,111.3,0,-16,-18,-995,-1,0,0,0,0,0,0,0,"keyboard-worker","OK",1783378043566,56047,880
560,1783378043730,56212,56211,0,1,0,0,0,0,63,66,10,0,88,111.45,0,-14,-17,-995,-1,0,0,0,0,0,0,0,"keyboard-worker","OK",1783378043716,56197,883
561,1783378043827,56309,56308,0,1,0,0,0,0,63,66,10,0,88,111.48,0,-12,-15,-998,-1,0,0,0,0,0,0,0,"keyboard-worker","OK",1783378043816,56297,885
562,1783378043925,56407,56406,0,1,0,0,0,0,63,66,10,0,88,111.27,0,-12,-18,-998,-1,0,0,0,0,0,0,0,"keyboard-worker","OK",1783378043916,56397,887
563,1783378044081,56563,56562,0,1,0,0,0,0,63,66,10,0,88,111.14,0,-13,-17,-998,-1,0,0,0,0,0,0,0,"keyboard-worker","OK",1783378044066,56548,890
564,1783378044148,56630,56629,0,1,0,0,0,0,63,66,10,0,88,111.32,0,-13,-16,-996,-1,0,0,0,0,0,0,0,"keyboard-worker","OK",1783378044117,56598,891
565,1783378044223,56705,56704,0,1,0,0,0,0,63,65,10,0,88,111.15,0,-14,-16,-998,-1,0,0,0,0,0,0,0,"keyboard-worker","OK",1783378044217,56698,893
566,1783378044325,56807,56806,0,1,0,0,0,0,63,65,10,0,88,111.37,0,-14,-16,-996,-1,0,0,0,0,0,0,0,"keyboard-worker","OK",1783378044317,56798,895
567,1783378044426,56908,56907,0,1,0,0,0,0,63,65,10,0,88,111.18,0,-11,-20,-998,-1,0,0,0,0,0,0,0,"keyboard-worker","OK",1783378044417,56899,897
568,1783378044528,57010,57009,0,1,0,0,0,0,63,65,10,0,88,111.02,0,-14,-18,-998,-1,0,0,0,0,0,0,0,"keyboard-worker","OK",1783378044518,56999,899
569,1783378044629,57111,57111,0,1,0,0,0,0,63,65,10,0,88,111.27,0,-13,-19,-998,-1,0,0,0,0,0,0,0,"keyboard-worker","OK",1783378044618,57099,901
570,1783378044734,57216,57215,0,1,0,0,0,0,63,65,10,0,88,111.6,0,-12,-22,-997,-1,0,0,0,0,0,0,0,"keyboard-worker","OK",1783378044718,57199,903
571,1783378044852,57334,57333,0,1,0,0,0,0,63,65,10,0,88,111.34,0,-10,-20,-998,-1,0,0,0,0,0,0,0,"keyboard-worker","OK",1783378044818,57299,905
572,1783378044949,57431,57431,0,1,0,0,0,0,63,65,10,0,88,111.16,0,-12,-25,-1000,-1,0,0,0,0,0,0,0,"keyboard-worker","OK",1783378044918,57400,907
573,1783378045048,57530,57529,0,1,0,0,0,0,63,65,10,0,88,111.44,0,-12,-22,-1002,-1,0,0,0,0,0,0,0,"keyboard-worker","OK",1783378045019,57500,909
574,1783378045247,57729,57729,0,1,0,0,0,0,63,65,10,0,88,111.24,0,-14,-26,-1000,-1,0,0,0,0,0,0,0,"keyboard-worker","OK",1783378045219,57700,913
575,1783378045279,57761,57760,0,1,0,0,0,0,63,66,10,0,88,111.2,0,-13,-21,-998,-1,0,0,0,0,0,0,0,"keyboard-worker","OK",1783378045269,57750,914
576,1783378045321,57803,57802,0,1,0,0,0,0,63,66,10,0,88,111.19,0,-12,-21,-998,-1,0,0,0,0,0,0,0,"keyboard-worker","OK",1783378045319,57800,915
577,1783378045425,57907,57906,0,1,0,0,0,0,63,66,10,0,88,111.33,0,-11,-22,-998,-1,0,0,0,0,0,0,0,"keyboard-worker","OK",1783378045419,57901,917
578,1783378045614,58096,58095,0,1,0,0,0,0,63,66,10,0,88,111.4,0,-15,-20,-999,-1,0,0,0,0,0,0,0,"keyboard-worker","OK",1783378045570,58051,920
579,1783378045717,58199,58198,0,1,0,0,0,0,63,66,10,0,88,111.28,0,-14,-18,-996,-1,0,0,0,0,0,0,0,"keyboard-worker","OK",1783378045670,58151,922
580,1783378045816,58298,58297,0,1,0,0,0,0,63,66,10,0,88,111.38,0,-11,-23,-1001,-1,0,0,0,0,0,0,0,"keyboard-worker","OK",1783378045770,58251,924
581,1783378045917,58399,58399,0,1,0,0,0,0,63,66,10,0,88,111.18,0,-14,-21,-997,-1,0,0,0,0,0,0,0,"keyboard-worker","OK",1783378045870,58352,926
582,1783378046019,58501,58500,0,1,0,0,0,0,63,66,10,0,88,111.22,0,-15,-19,-993,-1,0,0,0,0,0,0,0,"keyboard-worker","OK",1783378045971,58452,928
583,1783378046129,58611,58610,0,1,0,0,0,0,63,66,10,0,88,111.33,0,-15,-21,-999,-1,0,0,0,0,0,0,0,"keyboard-worker","OK",1783378046121,58602,931
584,1783378046263,58745,58744,0,1,0,0,0,0,63,66,10,0,88,111.54,0,-12,-17,-996,-1,0,0,0,0,0,0,0,"keyboard-worker","OK",1783378046221,58702,933
585,1783378046363,58845,58844,0,1,0,0,0,0,63,66,10,0,88,111.21,0,-17,-21,-987,-1,0,0,0,0,0,0,0,"keyboard-worker","OK",1783378046321,58803,935
586,1783378046439,58921,58920,0,1,0,0,0,0,63,66,10,0,88,111.09,0,-11,-17,-1000,-1,0,0,0,0,0,0,0,"keyboard-worker","OK",1783378046422,58903,937
587,1783378046540,59022,59021,0,1,0,0,0,0,63,66,10,0,88,111.14,0,-13,-19,-996,-1,0,0,0,0,0,0,0,"keyboard-worker","OK",1783378046522,59003,939
588,1783378046641,59123,59123,0,1,0,0,0,0,63,66,10,0,88,111.1,0,-13,-23,-995,-1,0,0,0,0,0,0,0,"keyboard-worker","OK",1783378046622,59103,941
589,1783378046706,59188,59188,0,1,0,0,0,0,63,66,10,0,88,111.2,0,-10,-19,-996,-1,0,0,0,0,0,0,0,"keyboard-worker","OK",1783378046672,59153,942
590,1783378046809,59291,59290,0,1,0,0,0,0,63,66,10,0,88,111.23,0,-11,-22,-999,-1,0,0,0,0,0,0,0,"keyboard-worker","OK",1783378046772,59253,944
591,1783378046905,59387,59386,0,1,0,0,0,0,63,66,10,0,88,111.32,0,-13,-21,-997,-1,0,0,0,0,0,0,0,"keyboard-worker","OK",1783378046872,59354,946
592,1783378047003,59485,59485,0,1,0,0,0,0,63,66,10,0,88,110.97,0,-13,-26,-999,-1,0,0,0,0,0,0,0,"keyboard-worker","OK",1783378046973,59454,948
593,1783378047104,59586,59586,0,1,0,0,0,0,63,66,10,0,88,111.12,0,-16,-25,-997,-1,0,0,0,0,0,0,0,"keyboard-worker","OK",1783378047073,59554,950
594,1783378047225,59707,59706,0,1,0,0,0,0,64,66,10,0,88,111.18,0,-12,-25,-999,-1,0,0,0,0,0,0,0,"keyboard-worker","OK",1783378047223,59704,953
595,1783378047302,59784,59784,0,1,0,0,0,0,64,66,10,0,88,111.04,0,-10,-22,-998,-1,0,0,0,0,0,0,0,"keyboard-worker","OK",1783378047273,59755,954
596,1783378047404,59886,59885,0,1,0,0,0,0,64,66,10,0,88,111.49,0,-13,-21,-996,-1,0,0,0,0,0,0,0,"keyboard-worker","OK",1783378047374,59855,956
597,1783378047505,59987,59986,0,1,0,0,0,0,64,66,10,0,88,111.29,0,-12,-24,-999,-1,0,0,0,0,0,0,0,"keyboard-worker","OK",1783378047474,59955,958
598,1783378047606,60088,60087,0,1,0,0,0,0,64,66,10,0,88,111.14,0,-13,-24,-997,-1,0,0,0,0,0,0,0,"keyboard-worker","OK",1783378047574,60055,960
599,1783378047736,60218,60217,0,1,0,0,0,0,64,66,10,0,88,110.99,0,-12,-24,-997,-1,0,0,0,0,0,0,0,"keyboard-worker","OK",1783378047724,60206,963
600,1783378047830,60312,60311,0,1,0,0,0,0,64,66,10,0,88,111.17,0,-11,-22,-997,-1,0,0,0,0,0,0,0,"keyboard-worker","OK",1783378047825,60306,965
601,1783378047933,60415,60414,0,1,0,0,0,0,64,66,10,0,88,111.2,0,-10,-22,-999,-1,0,0,0,0,0,0,0,"keyboard-worker","OK",1783378047925,60406,967
602,1783378048036,60518,60517,0,1,0,0,0,0,64,66,10,0,88,111.26,0,-12,-22,-999,-1,0,0,0,0,0,0,0,"keyboard-worker","OK",1783378048025,60506,969
603,1783378048126,60608,60607,0,1,0,0,0,0,64,66,10,0,88,111.08,0,-13,-21,-999,-1,0,0,0,0,0,0,0,"keyboard-worker","OK",1783378048125,60606,971
604,1783378048229,60711,60710,0,1,0,0,0,0,64,67,10,0,88,111.18,0,-12,-17,-997,-1,0,0,0,0,0,0,0,"keyboard-worker","OK",1783378048225,60707,973
605,1783378048327,60809,60808,0,1,0,0,0,0,64,67,10,0,88,110.91,0,-12,-19,-997,-1,0,0,0,0,0,0,0,"keyboard-worker","OK",1783378048326,60807,975
606,1783378048425,60907,60906,0,1,0,0,0,0,64,67,10,0,88,111.31,0,-11,-21,-998,-1,0,0,0,0,0,0,0,"keyboard-worker","OK",1783378048376,60857,976
607,1783378048527,61009,61009,0,1,0,0,0,0,64,67,10,0,88,111.07,0,-13,-21,-999,-1,0,0,0,0,0,0,0,"keyboard-worker","OK",1783378048526,61007,979
608,1783378048690,61172,61171,0,1,0,0,0,0,64,67,10,0,88,111.02,0,-13,-18,-1000,-1,0,0,0,0,0,0,0,"keyboard-worker","OK",1783378048676,61158,982
609,1783378048750,61232,61232,0,1,0,0,0,0,64,67,10,0,88,111.3,0,-13,-18,-995,-1,0,0,0,0,0,0,0,"keyboard-worker","OK",1783378048727,61208,983
610,1783378048856,61338,61338,0,1,0,0,0,0,64,67,10,0,88,111.14,0,-11,-19,-999,-1,0,0,0,0,0,0,0,"keyboard-worker","OK",1783378048827,61308,985
611,1783378048969,61451,61450,0,1,0,0,0,0,64,67,10,0,88,111.19,0,-10,-20,-996,-1,0,0,0,0,0,0,0,"keyboard-worker","OK",1783378048927,61408,987
612,1783378049020,61502,61501,0,1,0,0,0,0,64,67,10,0,88,111.24,0,-12,-20,-999,-1,0,0,0,0,0,0,0,"keyboard-worker","OK",1783378048977,61458,988
613,1783378049104,61586,61586,0,1,0,0,0,0,64,67,10,0,88,111.06,0,-14,-19,-998,-1,0,0,0,0,0,0,0,"keyboard-worker","OK",1783378049077,61559,990
614,1783378049191,61673,61672,0,1,0,0,0,0,64,67,10,0,88,110.99,0,-10,-24,-1002,-1,0,0,0,0,0,0,0,"keyboard-worker","OK",1783378049178,61659,992
615,1783378049291,61773,61772,0,1,0,0,0,0,64,67,10,0,88,111.29,0,-12,-24,-1001,-1,0,0,0,0,0,0,0,"keyboard-worker","OK",1783378049278,61759,994
616,1783378049392,61874,61874,0,1,0,0,0,0,64,67,10,0,88,111.17,0,-15,-25,-999,-1,0,0,0,0,0,0,0,"keyboard-worker","OK",1783378049378,61859,996
617,1783378049501,61983,61982,0,1,0,0,0,0,64,67,10,0,88,110.77,0,-14,-23,-1001,-1,0,0,0,0,0,0,0,"keyboard-worker","OK",1783378049478,61959,998
618,1783378049616,62098,62098,0,1,0,0,0,0,64,67,10,0,88,111.34,0,-11,-17,-995,-1,0,0,0,0,0,0,0,"keyboard-worker","OK",1783378049578,62060,1000
619,1783378049714,62196,62195,0,1,0,0,0,0,64,67,10,0,88,111.17,0,-11,-18,-997,-1,0,0,0,0,0,0,0,"keyboard-worker","OK",1783378049679,62160,1002
620,1783378049816,62298,62297,0,1,0,0,0,0,64,67,10,0,88,111.17,0,-11,-18,-996,-1,0,0,0,0,0,0,0,"keyboard-worker","OK",1783378049779,62260,1004
621,1783378049912,62394,62394,0,1,0,0,0,0,64,67,10,0,88,111.05,0,-12,-18,-1000,-1,0,0,0,0,0,0,0,"keyboard-worker","OK",1783378049879,62360,1006
622,1783378050011,62493,62492,0,1,0,0,0,0,64,67,10,0,88,111.17,0,-31,12,-1035,-1,0,0,0,0,0,0,0,"keyboard-worker","OK",1783378049979,62460,1008
623,1783378050111,62593,62592,0,1,0,0,0,0,64,67,10,0,88,111.31,0,-16,34,-982,-1,0,0,0,0,0,0,0,"keyboard-worker","OK",1783378050079,62561,1010
624,1783378050210,62692,62691,0,1,0,0,0,0,64,66,10,0,88,110.91,0,-27,-2,-979,-1,0,0,0,0,0,0,0,"keyboard-worker","OK",1783378050180,62661,1012
625,1783378050309,62791,62790,0,1,0,0,0,0,64,66,10,0,88,110.95,0,-10,-22,-1005,-1,0,0,0,0,0,0,0,"keyboard-worker","OK",1783378050280,62761,1014
626,1783378050409,62891,62890,0,1,0,0,0,0,64,66,10,0,88,111.24,0,0,-6,-1016,-1,0,0,0,0,0,0,0,"keyboard-worker","OK",1783378050380,62861,1016
627,1783378050507,62989,62988,0,1,0,0,0,0,64,66,10,0,88,111.04,0,-17,-12,-984,-1,0,0,0,0,0,0,0,"keyboard-worker","OK",1783378050480,62962,1018
628,1783378050608,63090,63090,0,1,0,0,0,0,64,66,10,0,88,111.28,0,-24,-14,-990,-1,0,0,0,0,0,0,0,"keyboard-worker","OK",1783378050581,63062,1020
629,1783378050709,63191,63191,0,1,0,0,0,0,64,66,10,0,88,111.01,0,-19,-22,-993,-1,0,0,0,0,0,0,0,"keyboard-worker","OK",1783378050681,63162,1022
630,1783378050811,63293,63292,0,1,0,0,0,0,64,66,10,0,88,111.35,0,-10,-28,-998,-1,0,0,0,0,0,0,0,"keyboard-worker","OK",1783378050781,63262,1024
631,1783378050992,63474,63473,0,1,0,0,0,0,64,66,10,0,88,111,0,-13,-24,-999,-1,0,0,0,0,0,0,0,"keyboard-worker","OK",1783378050981,63463,1028
632,1783378051017,63499,63498,0,1,0,0,0,0,64,66,10,0,88,111.48,0,-17,-24,-997,-1,0,0,0,0,0,0,0,"keyboard-worker","OK",1783378050981,63463,1028
633,1783378051124,63606,63605,0,1,0,0,0,0,64,66,10,0,88,111.06,0,-17,-26,-1001,-1,0,0,0,0,0,0,0,"keyboard-worker","OK",1783378051082,63563,1030
634,1783378051223,63705,63704,0,1,0,0,0,0,65,67,10,0,88,111.47,0,-20,-25,-1000,-1,0,0,0,0,0,0,0,"keyboard-worker","OK",1783378051182,63663,1032
635,1783378051302,63784,63783,0,1,0,0,0,0,65,67,10,0,88,111.04,0,-13,-22,-1000,-1,0,0,0,0,0,0,0,"keyboard-worker","OK",1783378051282,63763,1034
636,1783378051402,63884,63884,0,1,0,0,0,0,65,67,10,0,88,111.06,0,-11,-23,-999,-1,0,0,0,0,0,0,0,"keyboard-worker","OK",1783378051382,63863,1036
637,1783378051504,63986,63985,0,1,0,0,0,0,65,67,10,0,88,111.11,0,-11,-23,-998,-1,0,0,0,0,0,0,0,"keyboard-worker","OK",1783378051482,63964,1038
638,1783378051651,64133,64133,0,1,0,0,0,0,65,67,10,0,88,111.16,0,-16,-23,-997,-1,0,0,0,0,0,0,0,"keyboard-worker","OK",1783378051633,64114,1041
639,1783378051725,64207,64207,0,1,0,0,0,0,65,67,10,0,88,111.17,0,-15,-21,-996,-1,0,0,0,0,0,0,0,"keyboard-worker","OK",1783378051683,64164,1042
640,1783378051819,64301,64300,0,1,0,0,0,0,65,67,10,0,88,111.24,0,-14,-21,-999,-1,0,0,0,0,0,0,0,"keyboard-worker","OK",1783378051783,64264,1044
641,1783378051927,64409,64408,0,1,0,0,0,0,65,67,10,0,88,111.22,0,-14,-20,-1001,-1,0,0,0,0,0,0,0,"keyboard-worker","OK",1783378051883,64364,1046
642,1783378052027,64509,64508,0,1,0,0,0,0,65,67,10,0,88,111.1,0,-13,-19,-1000,-1,0,0,0,0,0,0,0,"keyboard-worker","OK",1783378051983,64465,1048
643,1783378052127,64609,64608,0,1,0,0,0,0,65,67,10,0,88,111.31,0,-14,-21,-998,-1,0,0,0,0,0,0,0,"keyboard-worker","OK",1783378052084,64565,1050
644,1783378052224,64706,64705,0,1,0,0,0,0,65,67,10,0,88,110.98,0,-13,-22,-998,-1,0,0,0,0,0,0,0,"keyboard-worker","OK",1783378052184,64665,1052
645,1783378052324,64806,64805,0,1,0,0,0,0,65,67,10,0,88,111.32,0,-13,-22,-998,-1,0,0,0,0,0,0,0,"keyboard-worker","OK",1783378052284,64765,1054
646,1783378052423,64905,64904,0,1,0,0,0,0,65,67,10,0,88,111.06,0,-14,-21,-998,-1,0,0,0,0,0,0,0,"keyboard-worker","OK",1783378052384,64866,1056
647,1783378052523,65005,65004,0,1,0,0,0,0,65,67,10,0,88,111.08,0,-16,-23,-997,-1,0,0,0,0,0,0,0,"keyboard-worker","OK",1783378052485,64966,1058
648,1783378052623,65105,65104,0,1,0,0,0,0,65,67,10,0,88,111.23,0,-16,-23,-996,-1,0,0,0,0,0,0,0,"keyboard-worker","OK",1783378052585,65066,1060
649,1783378052737,65219,65218,0,1,0,0,0,0,65,67,10,0,88,111.25,0,-14,-22,-999,-1,0,0,0,0,0,0,0,"keyboard-worker","OK",1783378052735,65216,1063
650,1783378052801,65283,65283,0,1,0,0,0,0,65,67,10,0,88,111.17,0,-15,-22,-1000,-1,0,0,0,0,0,0,0,"keyboard-worker","OK",1783378052785,65266,1064
651,1783378052909,65391,65390,0,1,0,0,0,0,65,67,10,0,88,111.17,0,-15,-21,-1000,-1,0,0,0,0,0,0,0,"keyboard-worker","OK",1783378052885,65367,1066
652,1783378053006,65488,65487,0,1,0,0,0,0,65,67,10,0,88,111.04,0,-15,-20,-999,-1,0,0,0,0,0,0,0,"keyboard-worker","OK",1783378052986,65467,1068
653,1783378053088,65570,65569,0,1,0,0,0,0,65,67,10,0,88,111.26,0,-13,-23,-998,-1,0,0,0,0,0,0,0,"keyboard-worker","OK",1783378053086,65567,1070
654,1783378053190,65672,65671,0,1,0,0,0,0,65,68,10,0,88,111.11,0,-14,-22,-999,-1,0,0,0,0,0,0,0,"keyboard-worker","OK",1783378053186,65667,1072
655,1783378053287,65769,65769,0,1,0,0,0,0,65,68,10,0,88,111.25,0,-14,-21,-999,-1,0,0,0,0,0,0,0,"keyboard-worker","OK",1783378053286,65767,1074
656,1783378053387,65869,65868,0,1,0,0,0,0,65,68,10,0,88,111.2,0,-13,-22,-999,-1,0,0,0,0,0,0,0,"keyboard-worker","OK",1783378053386,65868,1076
657,1783378053488,65970,65969,0,1,0,0,0,0,65,68,10,0,88,111.09,0,-12,-19,-997,-1,0,0,0,0,0,0,0,"keyboard-worker","OK",1783378053487,65968,1078
658,1783378053628,66110,66109,0,1,0,0,0,0,65,68,10,0,88,111.1,0,-13,-20,-998,-1,0,0,0,0,0,0,0,"keyboard-worker","OK",1783378053587,66068,1080
659,1783378053710,66192,66191,0,1,0,0,0,0,65,68,10,0,88,111.39,0,-17,-21,-998,-1,0,0,0,0,0,0,0,"keyboard-worker","OK",1783378053687,66168,1082
660,1783378053810,66292,66291,0,1,0,0,0,0,65,68,10,0,88,111.29,0,-20,-25,-998,-1,0,0,0,0,0,0,0,"keyboard-worker","OK",1783378053787,66269,1084
661,1783378053904,66386,66385,0,1,0,0,0,0,65,68,10,0,88,111.18,0,-15,-26,-998,-1,0,0,0,0,0,0,0,"keyboard-worker","OK",1783378053888,66369,1086
662,1783378054013,66495,66494,0,1,0,0,0,0,65,68,10,0,88,110.96,0,-8,-21,-1000,-1,0,0,0,0,0,0,0,"keyboard-worker","OK",1783378053988,66469,1088
663,1783378054114,66596,66595,0,1,0,0,0,0,65,68,10,0,88,111.36,0,-9,-16,-1000,-1,0,0,0,0,0,0,0,"keyboard-worker","OK",1783378054088,66569,1090
664,1783378054212,66694,66693,0,1,0,0,0,0,65,67,10,0,88,111.23,0,-13,-28,-1003,-1,0,0,0,0,0,0,0,"keyboard-worker","OK",1783378054188,66670,1092
665,1783378054312,66794,66793,0,1,0,0,0,0,65,67,10,0,88,111.15,0,-15,-22,-995,-1,0,0,0,0,0,0,0,"keyboard-worker","OK",1783378054289,66770,1094
666,1783378054415,66897,66896,0,1,0,0,0,0,65,67,10,0,88,110.84,0,-14,-18,-997,-1,0,0,0,0,0,0,0,"keyboard-worker","OK",1783378054389,66870,1096
667,1783378054518,67000,66999,0,1,0,0,0,0,65,67,10,0,88,111.35,0,-12,-16,-998,-1,0,0,0,0,0,0,0,"keyboard-worker","OK",1783378054489,66970,1098
668,1783378054610,67092,67091,0,1,0,0,0,0,65,67,10,0,88,110.9,0,-13,-13,-998,-1,0,0,0,0,0,0,0,"keyboard-worker","OK",1783378054589,67070,1100
669,1783378054714,67196,67195,0,1,0,0,0,0,65,67,10,0,88,110.76,0,-15,-13,-997,-1,0,0,0,0,0,0,0,"keyboard-worker","OK",1783378054689,67171,1102
670,1783378054911,67393,67392,0,1,0,0,0,0,65,67,10,0,88,110.88,0,-19,-55,-1004,-1,0,0,0,0,0,0,0,"keyboard-worker","OK",1783378054890,67371,1106
671,1783378054932,67414,67413,0,1,0,0,0,0,65,67,10,0,88,111.01,0,-13,-54,-1015,-1,0,0,0,0,0,0,0,"keyboard-worker","OK",1783378054890,67371,1106
672,1783378055038,67520,67519,0,1,0,0,0,0,65,67,10,0,88,110.9,0,-21,-45,-1005,-1,0,0,0,0,0,0,0,"keyboard-worker","OK",1783378054990,67471,1108
673,1783378055098,67580,67579,0,1,0,0,0,0,65,67,10,0,88,111.25,0,-14,-35,-1002,-1,0,0,0,0,0,0,0,"keyboard-worker","OK",1783378055090,67572,1110
674,1783378055188,67670,67669,0,1,0,0,0,0,65,69,10,0,88,111.47,0,-1,-25,-993,-1,0,0,0,0,0,0,0,"keyboard-worker","OK",1783378055140,67622,1111
675,1783378055292,67774,67773,0,1,0,0,0,0,65,69,10,0,88,111,0,-25,-32,-996,-1,0,0,0,0,0,0,0,"keyboard-worker","OK",1783378055291,67772,1114
676,1783378055374,67856,67855,0,1,0,0,0,0,65,69,10,0,88,110.9,0,-17,-18,-998,-1,0,0,0,0,0,0,0,"keyboard-worker","OK",1783378055341,67822,1115
677,1783378055475,67957,67956,0,1,0,0,0,0,65,69,10,0,88,111.07,0,-14,-17,-996,-1,0,0,0,0,0,0,0,"keyboard-worker","OK",1783378055441,67922,1117
678,1783378055582,68064,68063,0,1,0,0,0,0,65,69,10,0,88,111.1,0,0,-15,-1004,-1,0,0,0,0,0,0,0,"keyboard-worker","OK",1783378055541,68023,1119
679,1783378055693,68175,68174,0,1,0,0,0,0,65,69,10,0,88,110.96,0,-6,-21,-992,-1,0,0,0,0,0,0,0,"keyboard-worker","OK",1783378055692,68173,1122
680,1783378055841,68323,68322,0,1,0,0,0,0,65,69,10,0,88,111.21,0,-19,-24,-996,-1,0,0,0,0,0,0,0,"keyboard-worker","OK",1783378055792,68273,1124
681,1783378055912,68394,68394,0,1,0,0,0,0,65,69,10,0,88,111.14,0,-22,-24,-996,-1,0,0,0,0,0,0,0,"keyboard-worker","OK",1783378055892,68373,1126
682,1783378055993,68475,68474,0,1,0,0,0,0,65,69,10,0,88,111.05,0,-12,-31,-996,-1,0,0,0,0,0,0,0,"keyboard-worker","OK",1783378055992,68474,1128
683,1783378056091,68573,68572,0,1,0,0,0,0,65,69,10,0,88,111.29,0,-16,-32,-1000,-1,0,0,0,0,0,0,0,"keyboard-worker","OK",1783378056043,68524,1129
684,1783378056190,68672,68671,0,1,0,0,0,0,65,68,10,0,87,111.2,0,-24,-21,-1006,-1,0,0,0,0,0,0,0,"keyboard-worker","OK",1783378056143,68624,1131
685,1783378056290,68772,68771,0,1,0,0,0,0,65,68,10,0,87,111.19,0,-24,-14,-989,-1,0,0,0,0,0,0,0,"keyboard-worker","OK",1783378056243,68724,1133
686,1783378056391,68873,68872,0,1,0,0,0,0,65,68,10,0,87,111.11,0,-16,-17,-991,-1,0,0,0,0,0,0,0,"keyboard-worker","OK",1783378056343,68824,1135
687,1783378056494,68976,68975,0,1,0,0,0,0,65,68,10,0,87,111.11,0,0,-16,-993,-1,0,0,0,0,0,0,0,"keyboard-worker","OK",1783378056493,68975,1138
688,1783378056592,69074,69073,0,1,0,0,0,0,65,68,10,0,87,110.97,0,0,-21,-1007,-1,0,0,0,0,0,0,0,"keyboard-worker","OK",1783378056544,69025,1139
689,1783378056695,69177,69176,0,1,0,0,0,0,65,68,10,0,87,111.16,0,-19,-28,-1001,-1,0,0,0,0,0,0,0,"keyboard-worker","OK",1783378056694,69175,1142
690,1783378056793,69275,69274,0,1,0,0,0,0,65,68,10,0,87,111.04,0,-26,-26,-995,-1,0,0,0,0,0,0,0,"keyboard-worker","OK",1783378056744,69225,1143
691,1783378056901,69383,69383,0,1,0,0,0,0,65,68,10,0,87,111,0,-21,-21,-999,-1,0,0,0,0,0,0,0,"keyboard-worker","OK",1783378056894,69376,1146
692,1783378057003,69485,69484,0,1,0,0,0,0,65,68,10,0,87,110.97,0,-14,-26,-995,-1,0,0,0,0,0,0,0,"keyboard-worker","OK",1783378056995,69476,1148
693,1783378057115,69597,69596,0,1,0,0,0,0,65,68,10,0,87,111.19,0,-9,-29,-1002,-1,0,0,0,0,0,0,0,"keyboard-worker","OK",1783378057095,69576,1150
694,1783378057283,69765,69764,0,1,0,0,0,0,65,69,10,0,87,111.13,0,-5,-26,-1002,-1,0,0,0,0,0,0,0,"keyboard-worker","OK",1783378057245,69726,1153
695,1783378057283,69765,69765,0,1,0,0,0,0,65,69,10,0,87,111.1,0,-11,-20,-999,-1,0,0,0,0,0,0,0,"keyboard-worker","OK",1783378057245,69726,1153
696,1783378057391,69873,69872,0,1,0,0,0,0,65,69,10,0,87,111.15,0,-30,-16,-995,-1,0,0,0,0,0,0,0,"keyboard-worker","OK",1783378057345,69826,1155
697,1783378057499,69981,69980,0,1,0,0,0,0,65,69,10,0,87,111.36,0,-21,-19,-995,-1,0,0,0,0,0,0,0,"keyboard-worker","OK",1783378057496,69977,1158
698,1783378057746,70228,70227,0,1,0,0,0,0,65,69,10,0,87,110.78,0,-7,-22,-999,-1,0,0,0,0,0,0,0,"keyboard-worker","OK",1783378057746,70227,1163
699,1783378057756,70238,70238,0,1,0,0,0,0,65,69,10,0,87,111.15,0,-11,-24,-1005,-1,0,0,0,0,0,0,0,"keyboard-worker","OK",1783378057746,70227,1163
700,1783378057820,70302,70301,0,1,0,0,0,0,65,69,10,0,87,110.93,0,-14,-25,-1001,-1,0,0,0,0,0,0,0,"keyboard-worker","OK",1783378057796,70277,1164
701,1783378057880,70362,70361,0,1,0,0,0,0,65,69,10,0,87,110.92,0,-13,-23,-997,-1,0,0,0,0,0,0,0,"keyboard-worker","OK",1783378057846,70328,1165
702,1783378057984,70466,70465,0,1,0,0,0,0,65,69,10,0,87,110.82,0,-17,-23,-998,-1,0,0,0,0,0,0,0,"keyboard-worker","OK",1783378057947,70428,1167
703,1783378058093,70575,70575,0,1,0,0,0,0,65,69,10,0,87,111.26,0,-18,-12,-996,-1,0,0,0,0,0,0,0,"keyboard-worker","OK",1783378058047,70528,1169
704,1783378058168,70650,70650,0,1,0,0,0,0,65,69,10,0,87,111.08,0,-17,-19,-994,-1,0,0,0,0,0,0,0,"keyboard-worker","OK",1783378058147,70628,1171
705,1783378058269,70751,70750,0,1,0,0,0,0,65,69,10,0,87,111.16,0,-16,-27,-1001,-1,0,0,0,0,0,0,0,"keyboard-worker","OK",1783378058247,70728,1173
706,1783378058380,70862,70861,0,1,0,0,0,0,65,69,10,0,87,111.15,0,-6,-44,-1009,-1,0,0,0,0,0,0,0,"keyboard-worker","OK",1783378058347,70829,1175
707,1783378058483,70965,70964,0,1,0,0,0,0,65,69,10,0,87,111.08,0,-6,-39,-1002,-1,0,0,0,0,0,0,0,"keyboard-worker","OK",1783378058448,70929,1177
708,1783378058572,71054,71053,0,1,0,0,0,0,65,69,10,0,87,110.84,0,-13,-28,-999,-1,0,0,0,0,0,0,0,"keyboard-worker","OK",1783378058548,71029,1179
709,1783378058674,71156,71155,0,1,0,0,0,0,65,69,10,0,87,110.78,0,-20,-23,-996,-1,0,0,0,0,0,0,0,"keyboard-worker","OK",1783378058648,71129,1181
710,1783378058774,71256,71256,0,1,0,0,0,0,65,69,10,0,87,111.29,0,-17,-19,-993,-1,0,0,0,0,0,0,0,"keyboard-worker","OK",1783378058748,71230,1183
711,1783378058883,71365,71364,0,1,0,0,0,0,65,69,10,0,87,111.07,0,-17,-21,-996,-1,0,0,0,0,0,0,0,"keyboard-worker","OK",1783378058849,71330,1185
712,1783378058992,71474,71473,0,1,0,0,0,0,65,69,10,0,87,111.25,0,-9,-17,-997,-1,0,0,0,0,0,0,0,"keyboard-worker","OK",1783378058949,71430,1187
713,1783378059095,71577,71577,0,1,0,0,0,0,65,69,10,0,87,110.79,0,-9,-17,-1008,-1,0,0,0,0,0,0,0,"keyboard-worker","OK",1783378059050,71531,1189
714,1783378059197,71679,71678,0,1,0,0,0,0,66,69,10,0,87,111.12,0,-18,-32,-1002,-1,0,0,0,0,0,0,0,"keyboard-worker","OK",1783378059150,71632,1191
715,1783378059302,71784,71783,0,1,0,0,0,0,66,69,10,0,87,111.25,0,-16,-9,-991,-1,0,0,0,0,0,0,0,"keyboard-worker","OK",1783378059301,71782,1194
716,1783378059439,71921,71920,0,1,0,0,0,0,66,69,10,0,87,111.53,0,-13,-14,-989,-1,0,0,0,0,0,0,0,"keyboard-worker","OK",1783378059401,71882,1196
717,1783378059501,71983,71982,0,1,0,0,0,0,66,69,10,0,87,111.23,0,-15,-21,-996,-1,0,0,0,0,0,0,0,"keyboard-worker","OK",1783378059501,71983,1198
718,1783378059614,72096,72095,0,1,0,0,0,0,66,69,10,0,87,110.87,0,-15,-30,-995,-1,0,0,0,0,0,0,0,"keyboard-worker","OK",1783378059602,72083,1200
719,1783378059787,72269,72268,0,1,0,0,0,0,66,69,10,0,87,111.21,0,0,-22,-1002,-1,0,0,0,0,0,0,0,"keyboard-worker","OK",1783378059754,72235,1203
720,1783378059839,72321,72320,0,1,0,0,0,0,66,69,10,0,87,111.17,0,-12,-24,-998,-1,0,0,0,0,0,0,0,"keyboard-worker","OK",1783378059805,72286,1204
721,1783378059921,72403,72402,0,1,0,0,0,0,66,69,10,0,87,111.08,0,-22,-20,-993,-1,0,0,0,0,0,0,0,"keyboard-worker","OK",1783378059907,72388,1206
722,1783378060025,72507,72507,0,1,0,0,0,0,66,69,10,0,87,111.06,0,-19,-19,-997,-1,0,0,0,0,0,0,0,"keyboard-worker","OK",1783378060009,72491,1208
723,1783378060087,72569,72569,0,1,0,0,0,0,66,69,10,0,87,110.97,0,-14,-16,-995,-1,0,0,0,0,0,0,0,"keyboard-worker","OK",1783378060060,72542,1209
724,1783378060189,72671,72670,0,1,0,0,0,0,66,68,10,0,87,111,0,-12,-14,-1000,-1,0,0,0,0,0,0,0,"keyboard-worker","OK",1783378060162,72643,1211
725,1783378060291,72773,72772,0,1,0,0,0,0,66,68,10,0,87,111.08,0,-15,-20,-993,-1,0,0,0,0,0,0,0,"keyboard-worker","OK",1783378060264,72745,1213
726,1783378060422,72904,72903,0,1,0,0,0,0,66,68,10,0,87,110.85,0,-17,-19,-994,-1,0,0,0,0,0,0,0,"keyboard-worker","OK",1783378060415,72896,1216
727,1783378060502,72984,72984,0,1,0,0,0,0,66,68,10,0,87,111.05,0,-14,-24,-996,-1,0,0,0,0,0,0,0,"keyboard-worker","OK",1783378060466,72947,1217
728,1783378060607,73089,73088,0,1,0,0,0,0,66,68,10,0,87,110.66,0,-18,-24,-1000,-1,0,0,0,0,0,0,0,"keyboard-worker","OK",1783378060567,73048,1219
729,1783378060711,73193,73193,0,1,0,0,0,0,66,68,10,0,87,111.02,0,-20,-25,-996,-1,0,0,0,0,0,0,0,"keyboard-worker","OK",1783378060669,73150,1221
730,1783378060816,73298,73297,0,1,0,0,0,0,66,68,10,0,87,110.93,0,-14,-27,-1003,-1,0,0,0,0,0,0,0,"keyboard-worker","OK",1783378060771,73252,1223
731,1783378060925,73407,73406,0,1,0,0,0,0,66,68,10,0,87,111.01,0,-15,-25,-998,-1,0,0,0,0,0,0,0,"keyboard-worker","OK",1783378060924,73405,1226
732,1783378061029,73511,73510,0,1,0,0,0,0,66,68,10,0,87,111.08,0,-15,-24,-998,-1,0,0,0,0,0,0,0,"keyboard-worker","OK",1783378061025,73506,1228
733,1783378061145,73627,73626,0,1,0,0,0,0,66,68,10,0,87,111.11,0,-15,-20,-1000,-1,0,0,0,0,0,0,0,"keyboard-worker","OK",1783378061127,73608,1230
734,1783378061246,73728,73727,0,1,0,0,0,0,66,69,10,0,87,111.21,0,-16,-16,-999,-1,0,0,0,0,0,0,0,"keyboard-worker","OK",1783378061227,73708,1232
735,1783378061350,73832,73831,0,1,0,0,0,0,66,69,10,0,87,110.97,0,-16,-16,-999,-1,0,0,0,0,0,0,0,"keyboard-worker","OK",1783378061328,73810,1234
736,1783378061450,73932,73931,0,1,0,0,0,0,66,69,10,0,87,110.9,0,-15,-17,-1000,-1,0,0,0,0,0,0,0,"keyboard-worker","OK",1783378061429,73911,1236
737,1783378061571,74053,74052,0,1,0,0,0,0,66,69,10,0,87,111.14,0,-12,-20,-998,-1,0,0,0,0,0,0,0,"keyboard-worker","OK",1783378061530,74012,1238
738,1783378061668,74150,74149,0,1,0,0,0,0,66,69,10,0,87,111.14,0,-18,-27,-999,-1,0,0,0,0,0,0,0,"keyboard-worker","OK",1783378061632,74113,1240
739,1783378061763,74245,74244,0,1,0,0,0,0,66,69,10,0,87,110.97,0,-13,-26,-1001,-1,0,0,0,0,0,0,0,"keyboard-worker","OK",1783378061734,74215,1242
740,1783378061867,74349,74348,0,1,0,0,0,0,66,69,10,0,87,110.96,0,-16,-30,-995,-1,0,0,0,0,0,0,0,"keyboard-worker","OK",1783378061835,74316,1244
741,1783378061971,74453,74452,0,1,0,0,0,0,66,69,10,0,87,111.23,0,-21,-24,-996,-1,0,0,0,0,0,0,0,"keyboard-worker","OK",1783378061936,74418,1246
742,1783378062075,74557,74557,0,1,0,0,0,0,66,69,10,0,87,111.11,0,-17,-26,-1003,-1,0,0,0,0,0,0,0,"keyboard-worker","OK",1783378062037,74518,1248
743,1783378062131,74613,74612,0,1,0,0,0,0,66,69,10,0,87,110.97,0,-7,-28,-1000,-1,0,0,0,0,0,0,0,"keyboard-worker","OK",1783378062088,74569,1249
744,1783378062282,74764,74763,0,1,0,0,0,0,66,69,10,0,87,111.07,0,-9,-22,-1000,-1,0,0,0,0,0,0,0,"keyboard-worker","OK",1783378062240,74721,1252
745,1783378062336,74818,74817,0,1,0,0,0,0,66,69,10,0,87,110.76,0,-13,-18,-1000,-1,0,0,0,0,0,0,0,"keyboard-worker","OK",1783378062290,74771,1253
746,1783378062441,74923,74922,0,1,0,0,0,0,66,69,10,0,87,110.97,0,-19,-25,-997,-1,0,0,0,0,0,0,0,"keyboard-worker","OK",1783378062441,74923,1256
747,1783378062632,75114,75114,0,1,0,0,0,0,66,69,10,0,87,110.86,0,-16,-23,-999,-1,0,0,0,0,0,0,0,"keyboard-worker","OK",1783378062593,75074,1259
748,1783378062707,75189,75188,0,1,0,0,0,0,66,69,10,0,87,110.96,0,-19,-22,-996,-1,0,0,0,0,0,0,0,"keyboard-worker","OK",1783378062694,75176,1261
749,1783378062783,75265,75264,0,1,0,0,0,0,66,69,10,0,87,111.14,0,-16,-23,-1000,-1,0,0,0,0,0,0,0,"keyboard-worker","OK",1783378062745,75227,1262
750,1783378062887,75369,75368,0,1,0,0,0,0,66,69,10,0,87,110.68,0,-11,-21,-999,-1,0,0,0,0,0,0,0,"keyboard-worker","OK",1783378062847,75328,1264
751,1783378062990,75472,75472,0,1,0,0,0,0,66,69,10,0,87,111.23,0,-12,-22,-1003,-1,0,0,0,0,0,0,0,"keyboard-worker","OK",1783378062949,75430,1266
752,1783378063104,75586,75585,0,1,0,0,0,0,66,69,10,0,87,111.05,0,-18,-22,-997,-1,0,0,0,0,0,0,0,"keyboard-worker","OK",1783378063100,75581,1269
753,1783378063146,75628,75628,0,1,0,0,0,0,66,69,10,0,87,110.96,0,-19,-22,-999,-1,0,0,0,0,0,0,0,"keyboard-worker","OK",1783378063100,75581,1269
754,1783378063315,75797,75796,0,1,0,0,0,0,66,70,10,0,87,111.16,0,-9,-25,-999,-1,0,0,0,0,0,0,0,"keyboard-worker","OK",1783378063301,75783,1273
755,1783378063417,75899,75898,0,1,0,0,0,0,66,70,10,0,87,111.16,0,-11,-24,-1002,-1,0,0,0,0,0,0,0,"keyboard-worker","OK",1783378063402,75884,1275
756,1783378063517,75999,75999,0,1,0,0,0,0,66,70,10,0,87,110.95,0,-15,-18,-997,-1,0,0,0,0,0,0,0,"keyboard-worker","OK",1783378063503,75985,1277
757,1783378063568,76050,76050,0,1,0,0,0,0,66,70,10,0,87,110.78,0,-17,-23,-995,-1,0,0,0,0,0,0,0,"keyboard-worker","OK",1783378063554,76035,1278
758,1783378063725,76207,76206,0,1,0,0,0,0,66,70,10,0,87,110.92,0,-18,-29,-999,-1,0,0,0,0,0,0,0,"keyboard-worker","OK",1783378063705,76186,1281
759,1783378063803,76285,76284,0,1,0,0,0,0,66,70,10,0,87,111,0,-16,-26,-1001,-1,0,0,0,0,0,0,0,"keyboard-worker","OK",1783378063756,76237,1282
760,1783378063897,76379,76378,0,1,0,0,0,0,66,70,10,0,87,111.04,0,-16,-23,-998,-1,0,0,0,0,0,0,0,"keyboard-worker","OK",1783378063857,76338,1284
761,1783378063994,76476,76476,0,1,0,0,0,0,66,70,10,0,87,110.86,0,2,-11,-1007,-1,0,0,0,0,0,0,0,"keyboard-worker","OK",1783378063958,76439,1286
762,1783378064094,76576,76575,0,1,0,0,0,0,66,70,10,0,87,110.94,0,-12,-22,-999,-1,0,0,0,0,0,0,0,"keyboard-worker","OK",1783378064059,76540,1288
763,1783378064195,76677,76676,0,1,0,0,0,0,66,70,10,0,87,111.08,0,-22,-19,-995,-1,0,0,0,0,0,0,0,"keyboard-worker","OK",1783378064160,76641,1290
764,1783378064299,76781,76780,0,1,0,0,0,0,67,69,10,0,87,111.03,0,-5,-10,-1007,-1,0,0,0,0,0,0,0,"keyboard-worker","OK",1783378064261,76742,1292
765,1783378064399,76881,76880,0,1,0,0,0,0,67,69,10,0,87,111.28,0,-6,-16,-1000,-1,0,0,0,0,0,0,0,"keyboard-worker","OK",1783378064362,76843,1294
766,1783378064503,76985,76984,0,1,0,0,0,0,67,69,10,0,87,111.07,0,-15,-17,-1000,-1,0,0,0,0,0,0,0,"keyboard-worker","OK",1783378064462,76944,1296
767,1783378064611,77093,77092,0,1,0,0,0,0,67,69,10,0,87,111.08,0,-19,-18,-997,-1,0,0,0,0,0,0,0,"keyboard-worker","OK",1783378064564,77045,1298
768,1783378064708,77190,77189,0,1,0,0,0,0,67,69,10,0,87,111,0,-8,-17,-1003,-1,0,0,0,0,0,0,0,"keyboard-worker","OK",1783378064665,77146,1300
769,1783378064811,77293,77292,0,1,0,0,0,0,67,69,10,0,87,110.87,0,-10,-22,-996,-1,0,0,0,0,0,0,0,"keyboard-worker","OK",1783378064766,77247,1302
770,1783378064917,77399,77398,0,1,0,0,0,0,67,69,10,0,87,111.22,0,-14,-24,-997,-1,0,0,0,0,0,0,0,"keyboard-worker","OK",1783378064917,77398,1305
771,1783378065026,77508,77507,0,1,0,0,0,0,67,69,10,0,87,111.21,0,-16,-23,-996,-1,0,0,0,0,0,0,0,"keyboard-worker","OK",1783378065018,77499,1307
772,1783378065148,77630,77629,0,1,0,0,0,0,67,69,10,0,87,110.83,0,-16,-27,-999,-1,0,0,0,0,0,0,0,"keyboard-worker","OK",1783378065119,77600,1309
773,1783378065237,77719,77719,0,1,0,0,0,0,67,69,10,0,87,111.03,0,-14,-24,-1000,-1,0,0,0,0,0,0,0,"keyboard-worker","OK",1783378065219,77701,1311
774,1783378065344,77826,77825,0,1,0,0,0,0,67,70,10,0,87,110.94,0,-13,-22,-998,-1,0,0,0,0,0,0,0,"keyboard-worker","OK",1783378065320,77801,1313
775,1783378065442,77924,77923,0,1,0,0,0,0,67,70,10,0,87,111.12,0,-13,-23,-1000,-1,0,0,0,0,0,0,0,"keyboard-worker","OK",1783378065421,77902,1315
776,1783378065542,78024,78023,0,1,0,0,0,0,67,70,10,0,87,111.09,0,-14,-21,-1000,-1,0,0,0,0,0,0,0,"keyboard-worker","OK",1783378065522,78003,1317
777,1783378065690,78172,78171,0,1,0,0,0,0,67,70,10,0,87,111.18,0,-15,-22,-998,-1,0,0,0,0,0,0,0,"keyboard-worker","OK",1783378065673,78154,1320
778,1783378065719,78201,78200,0,1,0,0,0,0,67,70,10,0,87,110.96,0,-15,-20,-994,-1,0,0,0,0,0,0,0,"keyboard-worker","OK",1783378065673,78154,1320
779,1783378065809,78291,78291,0,1,0,0,0,0,67,70,10,0,87,111.05,0,-13,-20,-1004,-1,0,0,0,0,0,0,0,"keyboard-worker","OK",1783378065774,78255,1322
780,1783378065908,78390,78389,0,1,0,0,0,0,67,70,10,0,87,111.08,0,-11,-25,-1001,-1,0,0,0,0,0,0,0,"keyboard-worker","OK",1783378065875,78356,1324
781,1783378066009,78491,78490,0,1,0,0,0,0,67,70,10,0,87,111.13,0,-11,-24,-1002,-1,0,0,0,0,0,0,0,"keyboard-worker","OK",1783378065976,78457,1326
782,1783378066109,78591,78590,0,1,0,0,0,0,67,70,10,0,87,111.12,0,-15,-24,-1000,-1,0,0,0,0,0,0,0,"keyboard-worker","OK",1783378066077,78558,1328
783,1783378066210,78692,78691,0,1,0,0,0,0,67,70,10,0,87,111.05,0,-16,-22,-997,-1,0,0,0,0,0,0,0,"keyboard-worker","OK",1783378066177,78658,1330
784,1783378066311,78793,78792,0,1,0,0,0,0,67,70,10,0,87,110.8,0,-13,-24,-996,-1,0,0,0,0,0,0,0,"keyboard-worker","OK",1783378066277,78759,1332
785,1783378066411,78893,78892,0,1,0,0,0,0,67,70,10,0,87,110.88,0,-9,-11,-998,-1,0,0,0,0,0,0,0,"keyboard-worker","OK",1783378066378,78859,1334
786,1783378066514,78996,78995,0,1,0,0,0,0,67,70,10,0,87,110.9,0,-9,-10,-1002,-1,0,0,0,0,0,0,0,"keyboard-worker","OK",1783378066479,78960,1336
787,1783378066617,79099,79099,0,1,0,0,0,0,67,70,10,0,87,110.92,0,-17,-11,-996,-1,0,0,0,0,0,0,0,"keyboard-worker","OK",1783378066579,79060,1338
788,1783378066720,79202,79201,0,1,0,0,0,0,67,70,10,0,87,111.07,0,-13,-9,-1002,-1,0,0,0,0,0,0,0,"keyboard-worker","OK",1783378066680,79161,1340
789,1783378066886,79368,79367,0,1,0,0,0,0,67,70,10,0,87,111.11,0,-9,-15,-1002,-1,0,0,0,0,0,0,0,"keyboard-worker","OK",1783378066882,79363,1344
790,1783378066955,79437,79436,0,1,0,0,0,0,67,70,10,0,87,111.03,0,-10,-21,-1000,-1,0,0,0,0,0,0,0,"keyboard-worker","OK",1783378066932,79413,1345
791,1783378067050,79532,79531,0,1,0,0,0,0,67,70,10,0,87,110.96,0,-17,-23,-996,-1,0,0,0,0,0,0,0,"keyboard-worker","OK",1783378067033,79514,1347
792,1783378067149,79631,79630,0,1,0,0,0,0,67,70,10,0,87,110.91,0,-19,-18,-998,-1,0,0,0,0,0,0,0,"keyboard-worker","OK",1783378067133,79614,1349
793,1783378067252,79734,79733,0,1,0,0,0,0,67,70,10,0,87,110.94,0,-25,-25,-998,-1,0,0,0,0,0,0,0,"keyboard-worker","OK",1783378067234,79715,1351
794,1783378067350,79832,79831,0,1,0,0,0,0,68,70,10,0,87,110.91,0,-15,-24,-998,-1,0,0,0,0,0,0,0,"keyboard-worker","OK",1783378067334,79815,1353
795,1783378067451,79933,79933,0,1,0,0,0,0,68,70,10,0,87,111.06,0,-8,-24,-999,-1,0,0,0,0,0,0,0,"keyboard-worker","OK",1783378067435,79916,1355
796,1783378067553,80035,80034,0,1,0,0,0,0,68,70,10,0,87,111.15,0,-11,-22,-998,-1,0,0,0,0,0,0,0,"keyboard-worker","OK",1783378067535,80016,1357
797,1783378067649,80131,80131,0,1,0,0,0,0,68,70,10,0,87,111.07,0,-18,-19,-994,-1,0,0,0,0,0,0,0,"keyboard-worker","OK",1783378067636,80117,1359
798,1783378067753,80235,80235,0,1,0,0,0,0,68,70,10,0,87,111.04,0,-15,-19,-995,-1,0,0,0,0,0,0,0,"keyboard-worker","OK",1783378067736,80217,1361
799,1783378067930,80412,80411,0,1,0,0,0,0,68,70,10,0,87,111.19,0,-10,-17,-1001,-1,0,0,0,0,0,0,0,"keyboard-worker","OK",1783378067887,80368,1364
800,1783378067981,80463,80462,0,1,0,0,0,0,68,70,10,0,87,111.12,0,-12,-14,-998,-1,0,0,0,0,0,0,0,"keyboard-worker","OK",1783378067937,80419,1365
801,1783378068060,80542,80541,0,1,0,0,0,0,68,70,10,0,87,111.17,0,-11,-21,-999,-1,0,0,0,0,0,0,0,"keyboard-worker","OK",1783378068038,80519,1367
802,1783378068162,80644,80644,0,1,0,0,0,0,68,70,10,0,87,111.09,0,-21,-24,-994,-1,0,0,0,0,0,0,0,"keyboard-worker","OK",1783378068138,80620,1369
803,1783378068265,80747,80746,0,1,0,0,0,0,68,70,10,0,87,110.87,0,-20,-24,-1000,-1,0,0,0,0,0,0,0,"keyboard-worker","OK",1783378068239,80720,1371
804,1783378068367,80849,80848,0,1,0,0,0,0,67,70,10,0,87,110.85,0,-11,-21,-996,-1,0,0,0,0,0,0,0,"keyboard-worker","OK",1783378068339,80820,1373
805,1783378068472,80954,80953,0,1,0,0,0,0,67,70,10,0,87,110.81,0,-9,-22,-1001,-1,0,0,0,0,0,0,0,"keyboard-worker","OK",1783378068440,80921,1375
806,1783378068525,81007,81006,0,1,0,0,0,0,67,70,10,0,87,110.98,0,-14,-23,-998,-1,0,0,0,0,0,0,0,"keyboard-worker","OK",1783378068490,80971,1376
807,1783378068624,81106,81105,0,1,0,0,0,0,67,70,10,0,87,110.76,0,-13,-24,-996,-1,0,0,0,0,0,0,0,"keyboard-worker","OK",1783378068590,81071,1378
808,1783378068780,81262,81262,0,1,0,0,0,0,67,70,10,0,87,110.57,0,-17,-26,-1000,-1,0,0,0,0,0,0,0,"keyboard-worker","OK",1783378068740,81222,1381
809,1783378068847,81329,81328,0,1,0,0,0,0,67,70,10,0,87,111.02,0,-14,-23,-1001,-1,0,0,0,0,0,0,0,"keyboard-worker","OK",1783378068841,81322,1383
810,1783378068931,81413,81412,0,1,0,0,0,0,67,70,10,0,87,111,0,-14,-26,-997,-1,0,0,0,0,0,0,0,"keyboard-worker","OK",1783378068891,81372,1384
811,1783378069033,81515,81514,0,1,0,0,0,0,67,70,10,0,87,110.93,0,-12,-28,-999,-1,0,0,0,0,0,0,0,"keyboard-worker","OK",1783378068991,81472,1386
812,1783378069135,81617,81616,0,1,0,0,0,0,67,70,10,0,87,111.22,0,-14,-24,-999,-1,0,0,0,0,0,0,0,"keyboard-worker","OK",1783378069091,81573,1388
813,1783378069237,81719,81718,0,1,0,0,0,0,67,70,10,0,87,110.95,0,-13,-21,-998,-1,0,0,0,0,0,0,0,"keyboard-worker","OK",1783378069192,81673,1390
814,1783378069354,81836,81835,0,1,0,0,0,0,68,70,10,0,87,110.92,0,-14,-22,-997,-1,0,0,0,0,0,0,0,"keyboard-worker","OK",1783378069342,81823,1393
815,1783378069467,81949,81948,0,1,0,0,0,0,68,70,10,0,87,110.97,0,-13,-20,-997,-1,0,0,0,0,0,0,0,"keyboard-worker","OK",1783378069442,81923,1395
816,1783378069561,82043,82042,0,1,0,0,0,0,68,70,10,0,87,111,0,-12,-21,-1002,-1,0,0,0,0,0,0,0,"keyboard-worker","OK",1783378069542,82024,1397
817,1783378069665,82147,82146,0,1,0,0,0,0,68,70,10,0,87,110.75,0,-13,-19,-1002,-1,0,0,0,0,0,0,0,"keyboard-worker","OK",1783378069643,82124,1399
818,1783378069760,82242,82241,0,1,0,0,0,0,68,70,10,0,87,111.05,0,-14,-20,-998,-1,0,0,0,0,0,0,0,"keyboard-worker","OK",1783378069743,82224,1401
819,1783378069862,82344,82343,0,1,0,0,0,0,68,70,10,0,87,110.79,0,-13,-21,-1001,-1,0,0,0,0,0,0,0,"keyboard-worker","OK",1783378069843,82324,1403
820,1783378069960,82442,82441,0,1,0,0,0,0,68,70,10,0,87,111.08,0,-13,-19,-994,-1,0,0,0,0,0,0,0,"keyboard-worker","OK",1783378069943,82425,1405
821,1783378070062,82544,82543,0,1,0,0,0,0,68,70,10,0,87,111,0,-1,-7,-1005,-1,0,0,0,0,0,0,0,"keyboard-worker","OK",1783378070044,82525,1407
822,1783378070161,82643,82642,0,1,0,0,0,0,68,70,10,0,87,110.84,0,-8,-23,-1006,-1,0,0,0,0,0,0,0,"keyboard-worker","OK",1783378070144,82625,1409
823,1783378070354,82836,82835,0,1,0,0,0,0,68,70,10,0,87,110.99,0,-14,-22,-996,-1,0,0,0,0,0,0,0,"keyboard-worker","OK",1783378070345,82826,1413
824,1783378070391,82873,82872,0,1,0,0,0,0,67,70,10,0,87,110.77,0,-17,-21,-997,-1,0,0,0,0,0,0,0,"keyboard-worker","OK",1783378070345,82826,1413
825,1783378070478,82960,82959,0,1,0,0,0,0,67,70,10,0,87,111.09,0,-13,-17,-996,-1,0,0,0,0,0,0,0,"keyboard-worker","OK",1783378070445,82926,1415
826,1783378070571,83053,83053,0,1,0,0,0,0,67,70,10,0,87,111.13,0,-10,-19,-1000,-1,0,0,0,0,0,0,0,"keyboard-worker","OK",1783378070545,83026,1417
827,1783378070676,83158,83158,0,1,0,0,0,0,67,70,10,0,87,110.68,0,-11,-20,-1000,-1,0,0,0,0,0,0,0,"keyboard-worker","OK",1783378070645,83126,1419
828,1783378070792,83274,83273,0,1,0,0,0,0,67,70,10,0,87,110.93,0,-15,-21,-998,-1,0,0,0,0,0,0,0,"keyboard-worker","OK",1783378070746,83227,1421
829,1783378070927,83409,83408,0,1,0,0,0,0,67,70,10,0,87,110.89,0,-12,-16,-998,-1,0,0,0,0,0,0,0,"keyboard-worker","OK",1783378070896,83377,1424
830,1783378070957,83439,83438,0,1,0,0,0,0,67,70,10,0,87,110.88,0,-6,-20,-1000,-1,0,0,0,0,0,0,0,"keyboard-worker","OK",1783378070946,83427,1425
831,1783378071037,83519,83518,0,1,0,0,0,0,67,70,10,0,87,110.66,0,-8,-17,-996,-1,0,0,0,0,0,0,0,"keyboard-worker","OK",1783378070996,83477,1426
832,1783378071148,83630,83629,0,1,0,0,0,0,67,70,10,0,87,111.17,0,-14,-19,-998,-1,0,0,0,0,0,0,0,"keyboard-worker","OK",1783378071147,83628,1429
833,1783378071258,83740,83739,0,1,0,0,0,0,67,70,10,0,87,111.29,0,-15,-20,-999,-1,0,0,0,0,0,0,0,"keyboard-worker","OK",1783378071247,83728,1431
834,1783378071358,83840,83839,0,1,0,0,0,0,67,70,10,0,87,111.05,0,-15,-18,-997,-1,0,0,0,0,0,0,0,"keyboard-worker","OK",1783378071347,83828,1433
835,1783378071459,83941,83940,0,1,0,0,0,0,67,70,10,0,87,111.06,0,-14,-21,-998,-1,0,0,0,0,0,0,0,"keyboard-worker","OK",1783378071447,83928,1435
836,1783378071559,84041,84041,0,1,0,0,0,0,67,70,10,0,87,111.07,0,-12,-21,-998,-1,0,0,0,0,0,0,0,"keyboard-worker","OK",1783378071548,84029,1437
837,1783378071661,84143,84142,0,1,0,0,0,0,67,70,10,0,87,110.89,0,-10,-24,-999,-1,0,0,0,0,0,0,0,"keyboard-worker","OK",1783378071648,84129,1439
838,1783378071759,84241,84241,0,1,0,0,0,0,67,70,10,0,87,110.97,0,-12,-22,-1000,-1,0,0,0,0,0,0,0,"keyboard-worker","OK",1783378071748,84229,1441
839,1783378071929,84411,84411,0,1,0,0,0,0,67,70,10,0,87,110.94,0,-13,-22,-997,-1,0,0,0,0,0,0,0,"keyboard-worker","OK",1783378071898,84380,1444
840,1783378071984,84466,84465,0,1,0,0,0,0,67,70,10,0,87,110.98,0,-16,-26,-1000,-1,0,0,0,0,0,0,0,"keyboard-worker","OK",1783378071948,84430,1445
841,1783378072061,84543,84542,0,1,0,0,0,0,67,70,10,0,87,110.98,0,-14,-23,-998,-1,0,0,0,0,0,0,0,"keyboard-worker","OK",1783378072049,84530,1447
842,1783378072163,84645,84644,0,1,0,0,0,0,67,70,10,0,87,111.01,0,-12,-22,-1002,-1,0,0,0,0,0,0,0,"keyboard-worker","OK",1783378072149,84630,1449
843,1783378072265,84747,84746,0,1,0,0,0,0,67,70,10,0,87,110.67,0,-14,-21,-996,-1,0,0,0,0,0,0,0,"keyboard-worker","OK",1783378072249,84730,1451
844,1783378072367,84849,84848,0,1,0,0,0,0,67,70,10,0,87,110.93,0,-10,-22,-998,-1,0,0,0,0,0,0,0,"keyboard-worker","OK",1783378072349,84830,1453
845,1783378072468,84950,84950,0,1,0,0,0,0,67,70,10,0,87,111.03,0,-14,-17,-997,-1,0,0,0,0,0,0,0,"keyboard-worker","OK",1783378072449,84931,1455
846,1783378072577,85059,85058,0,1,0,0,0,0,67,70,10,0,87,110.9,0,-11,-18,-994,-1,0,0,0,0,0,0,0,"keyboard-worker","OK",1783378072550,85031,1457
847,1783378072689,85171,85170,0,1,0,0,0,0,67,70,10,0,87,111.11,0,-8,-23,-1001,-1,0,0,0,0,0,0,0,"keyboard-worker","OK",1783378072650,85131,1459
848,1783378072790,85272,85271,0,1,0,0,0,0,67,70,10,0,87,111,0,-13,-23,-998,-1,0,0,0,0,0,0,0,"keyboard-worker","OK",1783378072750,85231,1461
849,1783378072887,85369,85368,0,1,0,0,0,0,67,70,10,0,87,111.25,0,-15,-24,-997,-1,0,0,0,0,0,0,0,"keyboard-worker","OK",1783378072850,85331,1463
850,1783378072998,85480,85480,0,1,0,0,0,0,67,70,10,0,87,111.12,0,-12,-24,-998,-1,0,0,0,0,0,0,0,"keyboard-worker","OK",1783378072950,85432,1465
851,1783378073087,85569,85569,0,1,0,0,0,0,67,70,10,0,87,110.93,0,-13,-30,-1003,-1,0,0,0,0,0,0,0,"keyboard-worker","OK",1783378073051,85532,1467
852,1783378073186,85668,85668,0,1,0,0,0,0,67,70,10,0,87,110.85,0,-9,-21,-1000,-1,0,0,0,0,0,0,0,"keyboard-worker","OK",1783378073151,85632,1469
853,1783378073294,85776,85775,0,1,0,0,0,0,67,70,10,0,87,111.11,0,-15,-15,-999,-1,0,0,0,0,0,0,0,"keyboard-worker","OK",1783378073251,85732,1471
854,1783378073389,85871,85870,0,1,0,0,0,0,69,70,10,0,87,111.07,0,-19,-42,-953,-1,0,0,0,0,0,0,0,"keyboard-worker","OK",1783378073351,85832,1473
855,1783378073489,85971,85970,0,1,0,0,0,0,69,70,10,0,87,111.09,0,-30,-85,-1030,-1,0,0,0,0,0,0,0,"keyboard-worker","OK",1783378073451,85933,1475
856,1783378073589,86071,86070,0,1,0,0,0,0,69,70,10,0,87,110.74,0,-25,-55,-1009,-1,0,0,0,0,0,0,0,"keyboard-worker","OK",1783378073552,86033,1477
857,1783378073653,86135,86134,0,1,0,0,0,0,69,70,10,0,87,110.98,0,-13,-31,-1003,-1,0,0,0,0,0,0,0,"keyboard-worker","OK",1783378073652,86133,1479
858,1783378073759,86241,86240,0,1,0,0,0,0,69,70,10,0,87,111.16,0,-15,-16,-991,-1,0,0,0,0,0,0,0,"keyboard-worker","OK",1783378073752,86233,1481
859,1783378073860,86342,86342,0,1,0,0,0,0,69,70,10,0,87,110.9,0,-12,-19,-1001,-1,0,0,0,0,0,0,0,"keyboard-worker","OK",1783378073852,86333,1483
860,1783378074044,86526,86525,0,1,0,0,0,0,69,70,10,0,87,111.04,0,-3,-15,-1006,-1,0,0,0,0,0,0,0,"keyboard-worker","OK",1783378074002,86484,1486
861,1783378074073,86555,86555,0,1,0,0,0,0,69,70,10,0,87,110.94,0,-17,-18,-1001,-1,0,0,0,0,0,0,0,"keyboard-worker","OK",1783378074053,86534,1487
862,1783378074171,86653,86652,0,1,0,0,0,0,69,70,10,0,87,110.8,0,-18,-20,-994,-1,0,0,0,0,0,0,0,"keyboard-worker","OK",1783378074153,86634,1489
863,1783378074265,86747,86746,0,1,0,0,0,0,69,70,10,0,87,111.1,0,-19,-18,-989,-1,0,0,0,0,0,0,0,"keyboard-worker","OK",1783378074253,86734,1491
864,1783378074356,86838,86837,0,1,0,0,0,0,69,70,10,0,87,110.78,0,-9,-17,-998,-1,0,0,0,0,0,0,0,"keyboard-worker","OK",1783378074353,86834,1493
865,1783378074458,86940,86939,0,1,0,0,0,0,69,70,10,0,87,110.81,0,-13,-30,-998,-1,0,0,0,0,0,0,0,"keyboard-worker","OK",1783378074453,86934,1495
866,1783378074559,87041,87040,0,1,0,0,0,0,69,70,10,0,87,110.81,0,-13,-39,-1001,-1,0,0,0,0,0,0,0,"keyboard-worker","OK",1783378074553,87035,1497
867,1783378074661,87143,87143,0,1,0,0,0,0,69,70,10,0,87,110.93,0,-25,-31,-998,-1,0,0,0,0,0,0,0,"keyboard-worker","OK",1783378074654,87135,1499
868,1783378074762,87244,87244,0,1,0,0,0,0,69,70,10,0,87,111.01,0,-18,-22,-999,-1,0,0,0,0,0,0,0,"keyboard-worker","OK",1783378074754,87235,1501
869,1783378074867,87349,87348,0,1,0,0,0,0,69,70,10,0,87,110.75,0,-14,-22,-994,-1,0,0,0,0,0,0,0,"keyboard-worker","OK",1783378074854,87335,1503
870,1783378074978,87460,87459,0,1,0,0,0,0,69,70,10,0,87,110.63,0,-11,-21,-993,-1,0,0,0,0,0,0,0,"keyboard-worker","OK",1783378074954,87436,1505
871,1783378075122,87604,87603,0,1,0,0,0,0,69,70,10,0,87,110.58,0,-7,-26,-1002,-1,0,0,0,0,0,0,0,"keyboard-worker","OK",1783378075105,87586,1508
872,1783378075175,87657,87656,0,1,0,0,0,0,69,70,10,0,87,110.79,0,-17,-24,-997,-1,0,0,0,0,0,0,0,"keyboard-worker","OK",1783378075155,87636,1509
873,1783378075252,87734,87733,0,1,0,0,0,0,69,70,10,0,87,110.91,0,-17,-24,-996,-1,0,0,0,0,0,0,0,"keyboard-worker","OK",1783378075205,87686,1510
874,1783378075353,87835,87834,0,1,0,0,0,0,68,71,10,0,87,110.84,0,-13,-23,-1001,-1,0,0,0,0,0,0,0,"keyboard-worker","OK",1783378075305,87786,1512
875,1783378075454,87936,87936,0,1,0,0,0,0,68,71,10,0,87,110.82,0,-21,-36,-997,-1,0,0,0,0,0,0,0,"keyboard-worker","OK",1783378075405,87886,1514
876,1783378075556,88038,88037,0,1,0,0,0,0,68,71,10,0,87,110.86,0,-23,-23,-997,-1,0,0,0,0,0,0,0,"keyboard-worker","OK",1783378075556,88037,1517
877,1783378075658,88140,88139,0,1,0,0,0,0,68,71,10,0,87,110.92,0,-19,-22,-998,-1,0,0,0,0,0,0,0,"keyboard-worker","OK",1783378075656,88137,1519
878,1783378075760,88242,88241,0,1,0,0,0,0,68,71,10,0,87,111.11,0,-8,-25,-1001,-1,0,0,0,0,0,0,0,"keyboard-worker","OK",1783378075756,88237,1521
879,1783378075874,88356,88355,0,1,0,0,0,0,68,71,10,0,87,110.8,0,-12,-31,-1001,-1,0,0,0,0,0,0,0,"keyboard-worker","OK",1783378075856,88337,1523
880,1783378075975,88457,88456,0,1,0,0,0,0,68,71,10,0,87,111.06,0,-19,-18,-998,-1,0,0,0,0,0,0,0,"keyboard-worker","OK",1783378075956,88438,1525
881,1783378076100,88582,88581,0,1,0,0,0,0,68,71,10,0,87,111.24,0,-20,-15,-994,-1,0,0,0,0,0,0,0,"keyboard-worker","OK",1783378076057,88538,1527
882,1783378076189,88671,88670,0,1,0,0,0,0,68,71,10,0,87,111.02,0,-13,-10,-988,-1,0,0,0,0,0,0,0,"keyboard-worker","OK",1783378076157,88638,1529
883,1783378076279,88761,88760,0,1,0,0,0,0,68,71,10,0,87,110.97,0,-2,-11,-999,-1,0,0,0,0,0,0,0,"keyboard-worker","OK",1783378076257,88738,1531
884,1783378076377,88859,88859,0,1,0,0,0,0,68,70,10,0,87,110.77,0,-15,-24,-997,-1,0,0,0,0,0,0,0,"keyboard-worker","OK",1783378076357,88838,1533
885,1783378076479,88961,88960,0,1,0,0,0,0,68,70,10,0,87,110.8,0,-16,-24,-999,-1,0,0,0,0,0,0,0,"keyboard-worker","OK",1783378076457,88939,1535
886,1783378076592,89074,89073,0,1,0,0,0,0,68,70,10,0,87,110.8,0,-17,-19,-998,-1,0,0,0,0,0,0,0,"keyboard-worker","OK",1783378076558,89039,1537
887,1783378076681,89163,89163,0,1,0,0,0,0,68,70,10,0,87,110.97,0,-27,-20,-992,-1,0,0,0,0,0,0,0,"keyboard-worker","OK",1783378076658,89139,1539
888,1783378076783,89265,89264,0,1,0,0,0,0,68,70,10,0,87,111.01,0,-11,-23,-1002,-1,0,0,0,0,0,0,0,"keyboard-worker","OK",1783378076758,89239,1541
889,1783378076884,89366,89365,0,1,0,0,0,0,68,70,10,0,87,110.97,0,-10,-33,-1000,-1,0,0,0,0,0,0,0,"keyboard-worker","OK",1783378076858,89339,1543
890,1783378077037,89519,89518,0,1,0,0,0,0,68,70,10,0,87,110.92,0,-6,-30,-1005,-1,0,0,0,0,0,0,0,"keyboard-worker","OK",1783378077009,89490,1546
891,1783378077082,89564,89563,0,1,0,0,0,0,68,70,10,0,87,110.94,0,-12,-29,-998,-1,0,0,0,0,0,0,0,"keyboard-worker","OK",1783378077059,89540,1547
892,1783378077168,89650,89649,0,1,0,0,0,0,68,70,10,0,87,110.89,0,-15,-29,-999,-1,0,0,0,0,0,0,0,"keyboard-worker","OK",1783378077159,89640,1549
893,1783378077270,89752,89751,0,1,0,0,0,0,68,70,10,0,87,110.99,0,-14,-26,-997,-1,0,0,0,0,0,0,0,"keyboard-worker","OK",1783378077259,89740,1551
894,1783378077368,89850,89850,0,1,0,0,0,0,69,72,10,0,87,111.13,0,-19,-25,-1003,-1,0,0,0,0,0,0,0,"keyboard-worker","OK",1783378077360,89841,1553
895,1783378077470,89952,89951,0,1,0,0,0,0,69,72,10,0,87,111.03,0,9,-12,-1004,-1,0,0,0,0,0,0,0,"keyboard-worker","OK",1783378077460,89941,1555
896,1783378077571,90053,90052,0,1,0,0,0,0,69,72,10,0,87,110.86,0,-6,-16,-995,-1,0,0,0,0,0,0,0,"keyboard-worker","OK",1783378077560,90041,1557
897,1783378077672,90154,90154,0,1,0,0,0,0,69,72,10,0,87,111.09,0,-19,-16,-994,-1,0,0,0,0,0,0,0,"keyboard-worker","OK",1783378077660,90141,1559
898,1783378077773,90255,90255,0,1,0,0,0,0,69,72,10,0,87,110.79,0,-26,-20,-995,-1,0,0,0,0,0,0,0,"keyboard-worker","OK",1783378077760,90242,1561
899,1783378077875,90357,90356,0,1,0,0,0,0,69,72,10,0,87,110.67,0,-16,-20,-991,-1,0,0,0,0,0,0,0,"keyboard-worker","OK",1783378077861,90342,1563
900,1783378077976,90458,90457,0,1,0,0,0,0,69,72,10,0,87,110.75,0,1,-20,-1007,-1,0,0,0,0,0,0,0,"keyboard-worker","OK",1783378077961,90442,1565
901,1783378078164,90646,90645,0,1,0,0,0,0,69,72,10,0,87,111.04,0,-3,-24,-1000,-1,0,0,0,0,0,0,0,"keyboard-worker","OK",1783378078161,90642,1569
902,1783378078170,90652,90652,0,1,0,0,0,0,69,72,10,0,87,110.95,0,-14,-26,-995,-1,0,0,0,0,0,0,0,"keyboard-worker","OK",1783378078161,90642,1569
903,1783378078277,90759,90758,0,1,0,0,0,0,69,72,10,0,87,111.01,0,-18,-29,-996,-1,0,0,0,0,0,0,0,"keyboard-worker","OK",1783378078261,90742,1571
904,1783378078358,90840,90840,0,1,0,0,0,0,69,71,10,0,87,110.9,0,-17,-23,-1000,-1,0,0,0,0,0,0,0,"keyboard-worker","OK",1783378078311,90793,1572
905,1783378078458,90940,90939,0,1,0,0,0,0,69,71,10,0,87,110.82,0,-13,-24,-999,-1,0,0,0,0,0,0,0,"keyboard-worker","OK",1783378078412,90893,1574
906,1783378078560,91042,91041,0,1,0,0,0,0,69,71,10,0,87,110.78,0,-10,-25,-996,-1,0,0,0,0,0,0,0,"keyboard-worker","OK",1783378078512,90993,1576
907,1783378078661,91143,91142,0,1,0,0,0,0,69,71,10,0,87,110.9,0,-9,-19,-998,-1,0,0,0,0,0,0,0,"keyboard-worker","OK",1783378078612,91093,1578
908,1783378078761,91243,91242,0,1,0,0,0,0,69,71,10,0,87,110.88,0,-14,-20,-992,-1,0,0,0,0,0,0,0,"keyboard-worker","OK",1783378078712,91193,1580
909,1783378078862,91344,91343,0,1,0,0,0,0,69,71,10,0,87,110.98,0,-13,-22,-996,-1,0,0,0,0,0,0,0,"keyboard-worker","OK",1783378078862,91344,1583
910,1783378078963,91445,91445,0,1,0,0,0,0,69,71,10,0,87,110.83,0,-14,-21,-997,-1,0,0,0,0,0,0,0,"keyboard-worker","OK",1783378078963,91444,1585
911,1783378079154,91636,91635,0,1,0,0,0,0,69,71,10,0,87,111,0,-17,-19,-996,-1,0,0,0,0,0,0,0,"keyboard-worker","OK",1783378079113,91594,1588
912,1783378079192,91674,91673,0,1,0,0,0,0,69,71,10,0,87,111.1,0,-15,-21,-996,-1,0,0,0,0,0,0,0,"keyboard-worker","OK",1783378079163,91644,1589
913,1783378079296,91778,91777,0,1,0,0,0,0,69,71,10,0,87,110.85,0,-9,-18,-997,-1,0,0,0,0,0,0,0,"keyboard-worker","OK",1783378079263,91745,1591
914,1783378079384,91866,91866,0,1,0,0,0,0,69,72,10,0,87,110.94,0,-13,-20,-999,-1,0,0,0,0,0,0,0,"keyboard-worker","OK",1783378079364,91845,1593
915,1783378079484,91966,91965,0,1,0,0,0,0,69,72,10,0,87,111.01,0,-15,-24,-1001,-1,0,0,0,0,0,0,0,"keyboard-worker","OK",1783378079464,91945,1595
916,1783378079577,92059,92058,0,1,0,0,0,0,69,72,10,0,87,111.17,0,-18,-21,-997,-1,0,0,0,0,0,0,0,"keyboard-worker","OK",1783378079564,92045,1597
917,1783378079687,92169,92169,0,1,0,0,0,0,69,72,10,0,87,110.65,0,-15,-25,-1000,-1,0,0,0,0,0,0,0,"keyboard-worker","OK",1783378079664,92145,1599
918,1783378079729,92211,92210,0,1,0,0,0,0,69,72,10,0,87,110.91,0,-11,-24,-999,-1,0,0,0,0,0,0,0,"keyboard-worker","OK",1783378079714,92196,1600
919,1783378079850,92332,92331,0,1,0,0,0,0,69,72,10,0,87,110.95,0,-12,-25,-998,-1,0,0,0,0,0,0,0,"keyboard-worker","OK",1783378079815,92296,1602
920,1783378079949,92431,92430,0,1,0,0,0,0,69,72,10,0,87,110.67,0,-15,-22,-999,-1,0,0,0,0,0,0,0,"keyboard-worker","OK",1783378079915,92396,1604
921,1783378080050,92532,92532,0,1,0,0,0,0,69,72,10,0,87,110.61,0,-17,-24,-999,-1,0,0,0,0,0,0,0,"keyboard-worker","OK",1783378080015,92496,1606
922,1783378080154,92636,92636,0,1,0,0,0,0,69,72,10,0,87,111.05,0,-14,-22,-1000,-1,0,0,0,0,0,0,0,"keyboard-worker","OK",1783378080115,92596,1608
923,1783378080268,92750,92750,0,1,0,0,0,0,69,72,10,0,87,111.07,0,-14,-27,-999,-1,0,0,0,0,0,0,0,"keyboard-worker","OK",1783378080266,92747,1611
924,1783378080376,92858,92858,0,1,0,0,0,0,69,71,10,0,87,110.82,0,-13,-26,-1002,-1,0,0,0,0,0,0,0,"keyboard-worker","OK",1783378080366,92847,1613
925,1783378080457,92939,92939,0,1,0,0,0,0,69,71,10,0,87,110.99,0,-12,-21,-998,-1,0,0,0,0,0,0,0,"keyboard-worker","OK",1783378080416,92897,1614
926,1783378080562,93044,93043,0,1,0,0,0,0,69,71,10,0,87,110.82,0,-13,-21,-1001,-1,0,0,0,0,0,0,0,"keyboard-worker","OK",1783378080516,92997,1616
927,1783378080659,93141,93140,0,1,0,0,0,0,69,71,10,0,87,110.87,0,-14,-16,-996,-1,0,0,0,0,0,0,0,"keyboard-worker","OK",1783378080616,93098,1618
928,1783378080776,93258,93258,0,1,0,0,0,0,69,71,10,0,87,111.1,0,-12,-19,-994,-1,0,0,0,0,0,0,0,"keyboard-worker","OK",1783378080767,93248,1621
929,1783378080878,93360,93359,0,1,0,0,0,0,69,71,10,0,87,110.64,0,-13,-21,-1000,-1,0,0,0,0,0,0,0,"keyboard-worker","OK",1783378080867,93348,1623
930,1783378080975,93457,93456,0,1,0,0,0,0,69,71,10,0,87,110.95,0,-17,-23,-1001,-1,0,0,0,0,0,0,0,"keyboard-worker","OK",1783378080967,93448,1625
931,1783378081074,93556,93555,0,1,0,0,0,0,69,71,10,0,87,110.62,0,-16,-24,-994,-1,0,0,0,0,0,0,0,"keyboard-worker","OK",1783378081067,93549,1627
932,1783378081209,93691,93691,0,1,0,0,0,0,69,71,10,0,87,110.48,0,-12,-28,-1000,-1,0,0,0,0,0,0,0,"keyboard-worker","OK",1783378081168,93649,1629
933,1783378081275,93757,93756,0,1,0,0,0,0,69,71,10,0,87,110.73,0,-11,-30,-1000,-1,0,0,0,0,0,0,0,"keyboard-worker","OK",1783378081268,93749,1631
934,1783378081371,93853,93852,0,1,0,0,0,0,69,71,10,0,87,110.53,0,-11,-31,-1003,-1,0,0,0,0,0,0,0,"keyboard-worker","OK",1783378081368,93849,1633
935,1783378081561,94043,94042,0,1,0,0,0,0,69,71,10,0,87,110.79,0,-12,-17,-1005,-1,0,0,0,0,0,0,0,"keyboard-worker","OK",1783378081518,94000,1636
936,1783378081594,94076,94075,0,1,0,0,0,0,69,71,10,0,87,110.72,0,-19,-4,-1005,-1,0,0,0,0,0,0,0,"keyboard-worker","OK",1783378081568,94050,1637
937,1783378081677,94159,94158,0,1,0,0,0,0,69,71,10,0,87,110.93,0,-19,-4,-984,-1,0,0,0,0,0,0,0,"keyboard-worker","OK",1783378081669,94150,1639
938,1783378081733,94215,94215,0,1,0,0,0,0,69,71,10,0,87,111.01,0,-7,16,-1003,-1,0,0,0,0,0,0,0,"keyboard-worker","OK",1783378081719,94200,1640
939,1783378081831,94313,94312,0,1,0,0,0,0,69,71,10,0,87,110.43,0,-10,3,-1004,-1,0,0,0,0,0,0,0,"keyboard-worker","OK",1783378081819,94300,1642
940,1783378081931,94413,94413,0,1,0,0,0,0,69,71,10,0,87,110.57,0,-13,-4,-996,-1,0,0,0,0,0,0,0,"keyboard-worker","OK",1783378081919,94400,1644
941,1783378082030,94512,94511,0,1,0,0,0,0,69,71,10,0,87,110.85,0,-11,-14,-993,-1,0,0,0,0,0,0,0,"keyboard-worker","OK",1783378082019,94501,1646
942,1783378082131,94613,94613,0,1,0,0,0,0,69,71,10,0,87,110.79,0,-12,-15,-994,-1,0,0,0,0,0,0,0,"keyboard-worker","OK",1783378082120,94601,1648
943,1783378082282,94764,94763,0,1,0,0,0,0,69,71,10,0,87,110.84,0,-17,-24,-999,-1,0,0,0,0,0,0,0,"keyboard-worker","OK",1783378082270,94751,1651
944,1783378082367,94849,94848,0,1,0,0,0,0,70,72,10,0,87,111.09,0,-16,-29,-1002,-1,0,0,0,0,0,0,0,"keyboard-worker","OK",1783378082320,94801,1652
945,1783378082459,94941,94940,0,1,0,0,0,0,70,72,10,0,87,110.94,0,-11,-26,-998,-1,0,0,0,0,0,0,0,"keyboard-worker","OK",1783378082420,94902,1654
946,1783378082626,95108,95108,0,1,0,0,0,0,70,72,10,0,87,111.03,0,-13,-28,-999,-1,0,0,0,0,0,0,0,"keyboard-worker","OK",1783378082621,95102,1658
947,1783378082704,95186,95185,0,1,0,0,0,0,70,72,10,0,87,110.9,0,-10,-32,-998,-1,0,0,0,0,0,0,0,"keyboard-worker","OK",1783378082671,95152,1659
948,1783378082750,95232,95231,0,1,0,0,0,0,70,72,10,0,87,110.78,0,-15,-14,-994,-1,0,0,0,0,0,0,0,"keyboard-worker","OK",1783378082721,95202,1660
949,1783378082829,95311,95310,0,1,0,0,0,0,70,72,10,0,87,110.97,0,-17,-14,-998,-1,0,0,0,0,0,0,0,"keyboard-worker","OK",1783378082821,95302,1662
950,1783378082929,95411,95410,0,1,0,0,0,0,70,72,10,0,87,110.6,0,-4,-13,-999,-1,0,0,0,0,0,0,0,"keyboard-worker","OK",1783378082922,95403,1664
951,1783378083030,95512,95512,0,1,0,0,0,0,70,72,10,0,87,110.96,0,-16,-21,-1001,-1,0,0,0,0,0,0,0,"keyboard-worker","OK",1783378083022,95503,1666
952,1783378083132,95614,95613,0,1,0,0,0,0,70,72,10,0,87,110.68,0,-18,-19,-990,-1,0,0,0,0,0,0,0,"keyboard-worker","OK",1783378083122,95603,1668
953,1783378083279,95761,95760,0,1,0,0,0,0,70,72,10,0,87,110.87,0,-19,-28,-1001,-1,0,0,0,0,0,0,0,"keyboard-worker","OK",1783378083272,95754,1671
954,1783378083351,95833,95832,0,1,0,0,0,0,70,72,10,0,87,110.54,0,-15,-23,-997,-1,0,0,0,0,0,0,0,"keyboard-worker","OK",1783378083322,95804,1672
955,1783378083451,95933,95932,0,1,0,0,0,0,70,72,10,0,87,110.86,0,-4,-13,-999,-1,0,0,0,0,0,0,0,"keyboard-worker","OK",1783378083423,95904,1674
956,1783378083537,96019,96018,0,1,0,0,0,0,70,72,10,0,87,110.8,0,-5,-19,-993,-1,0,0,0,0,0,0,0,"keyboard-worker","OK",1783378083523,96004,1676
957,1783378083650,96132,96131,0,1,0,0,0,0,70,72,10,0,87,110.9,0,-20,-24,-995,-1,0,0,0,0,0,0,0,"keyboard-worker","OK",1783378083623,96104,1678
958,1783378083821,96303,96302,0,1,0,0,0,0,70,72,10,0,87,110.72,0,-19,-26,-1001,-1,0,0,0,0,0,0,0,"keyboard-worker","OK",1783378083773,96255,1681
959,1783378083867,96349,96348,0,1,0,0,0,0,70,72,10,0,87,110.73,0,-17,-26,-998,-1,0,0,0,0,0,0,0,"keyboard-worker","OK",1783378083824,96305,1682
960,1783378083948,96430,96429,0,1,0,0,0,0,70,72,10,0,87,110.77,0,-9,-21,-1001,-1,0,0,0,0,0,0,0,"keyboard-worker","OK",1783378083924,96405,1684
961,1783378084048,96530,96529,0,1,0,0,0,0,70,72,10,0,87,110.73,0,-14,-22,-995,-1,0,0,0,0,0,0,0,"keyboard-worker","OK",1783378084024,96505,1686
962,1783378084149,96631,96630,0,1,0,0,0,0,70,72,10,0,87,110.93,0,-19,-19,-998,-1,0,0,0,0,0,0,0,"keyboard-worker","OK",1783378084124,96605,1688
963,1783378084250,96732,96731,0,1,0,0,0,0,70,72,10,0,87,111.14,0,-14,-25,-995,-1,0,0,0,0,0,0,0,"keyboard-worker","OK",1783378084224,96706,1690
964,1783378084354,96836,96836,0,1,0,0,0,0,70,72,10,0,87,110.81,0,-10,-21,-998,-1,0,0,0,0,0,0,0,"keyboard-worker","OK",1783378084325,96806,1692
965,1783378084486,96968,96967,0,1,0,0,0,0,70,72,10,0,87,110.61,0,-16,-16,-996,-1,0,0,0,0,0,0,0,"keyboard-worker","OK",1783378084475,96956,1695
966,1783378084572,97054,97053,0,1,0,0,0,0,70,72,10,0,87,110.6,0,-16,-19,-996,-1,0,0,0,0,0,0,0,"keyboard-worker","OK",1783378084525,97006,1696
967,1783378084615,97097,97097,0,1,0,0,0,0,70,72,10,0,87,110.54,0,-10,-23,-996,-1,0,0,0,0,0,0,0,"keyboard-worker","OK",1783378084575,97056,1697
968,1783378084718,97200,97199,0,1,0,0,0,0,70,72,10,0,87,110.86,0,-9,-30,-1003,-1,0,0,0,0,0,0,0,"keyboard-worker","OK",1783378084675,97157,1699
969,1783378084819,97301,97301,0,1,0,0,0,0,70,72,10,0,87,110.97,0,-14,-27,-1000,-1,0,0,0,0,0,0,0,"keyboard-worker","OK",1783378084776,97257,1701
970,1783378084920,97402,97401,0,1,0,0,0,0,70,72,10,0,87,110.83,0,-21,-22,-994,-1,0,0,0,0,0,0,0,"keyboard-worker","OK",1783378084876,97357,1703
971,1783378085037,97519,97518,0,1,0,0,0,0,70,72,10,0,87,111.1,0,-10,-24,-998,-1,0,0,0,0,0,0,0,"keyboard-worker","OK",1783378085026,97507,1706
972,1783378085135,97617,97617,0,1,0,0,0,0,70,72,10,0,87,110.84,0,-6,-26,-1006,-1,0,0,0,0,0,0,0,"keyboard-worker","OK",1783378085126,97608,1708
973,1783378085236,97718,97718,0,1,0,0,0,0,70,72,10,0,87,110.76,0,-13,-23,-998,-1,0,0,0,0,0,0,0,"keyboard-worker","OK",1783378085227,97708,1710
974,1783378085479,97961,97960,0,1,0,0,0,0,70,72,10,0,87,110.49,0,-11,-27,-999,-1,0,0,0,0,0,0,0,"keyboard-worker","OK",1783378085477,97958,1715
975,1783378085500,97982,97981,0,1,0,0,0,0,70,72,10,0,87,110.91,0,-11,-24,-1000,-1,0,0,0,0,0,0,0,"keyboard-worker","OK",1783378085477,97958,1715
976,1783378085574,98056,98055,0,1,0,0,0,0,70,72,10,0,87,111.1,0,-15,-26,-998,-1,0,0,0,0,0,0,0,"keyboard-worker","OK",1783378085527,98008,1716
977,1783378085679,98161,98161,0,1,0,0,0,0,70,72,10,0,87,110.45,0,-17,-22,-1000,-1,0,0,0,0,0,0,0,"keyboard-worker","OK",1783378085678,98159,1719
978,1783378085765,98247,98247,0,1,0,0,0,0,70,72,10,0,87,110.97,0,-17,-20,-996,-1,0,0,0,0,0,0,0,"keyboard-worker","OK",1783378085728,98209,1720
979,1783378085863,98345,98344,0,1,0,0,0,0,70,72,10,0,87,110.76,0,-15,-21,-1002,-1,0,0,0,0,0,0,0,"keyboard-worker","OK",1783378085828,98309,1722
980,1783378085961,98443,98442,0,1,0,0,0,0,70,72,10,0,87,110.82,0,-16,-19,-998,-1,0,0,0,0,0,0,0,"keyboard-worker","OK",1783378085928,98409,1724
981,1783378086021,98503,98502,0,1,0,0,0,0,70,72,10,0,87,110.88,0,-17,-21,-995,-1,0,0,0,0,0,0,0,"keyboard-worker","OK",1783378085978,98459,1725
982,1783378086125,98607,98606,0,1,0,0,0,0,70,72,10,0,87,110.84,0,-12,-19,-1003,-1,0,0,0,0,0,0,0,"keyboard-worker","OK",1783378086078,98560,1727
983,1783378086228,98710,98709,0,1,0,0,0,0,70,72,10,0,87,111.05,0,-14,-21,-1001,-1,0,0,0,0,0,0,0,"keyboard-worker","OK",1783378086179,98660,1729
984,1783378086326,98808,98807,0,1,0,0,0,0,71,73,10,0,87,110.76,0,-14,-26,-999,-1,0,0,0,0,0,0,0,"keyboard-worker","OK",1783378086279,98760,1731
985,1783378086434,98916,98916,0,1,0,0,0,0,71,73,10,0,87,110.77,0,-15,-25,-999,-1,0,0,0,0,0,0,0,"keyboard-worker","OK",1783378086429,98910,1734
986,1783378086516,98998,98997,0,1,0,0,0,0,71,73,10,0,87,110.75,0,-17,-25,-999,-1,0,0,0,0,0,0,0,"keyboard-worker","OK",1783378086479,98960,1735
987,1783378086626,99108,99107,0,1,0,0,0,0,71,73,10,0,87,110.88,0,-14,-21,-998,-1,0,0,0,0,0,0,0,"keyboard-worker","OK",1783378086579,99061,1737
988,1783378086724,99206,99205,0,1,0,0,0,0,71,73,10,0,87,110.67,0,-11,-24,-1002,-1,0,0,0,0,0,0,0,"keyboard-worker","OK",1783378086680,99161,1739
989,1783378086821,99303,99302,0,1,0,0,0,0,71,73,10,0,87,110.53,0,-13,-23,-999,-1,0,0,0,0,0,0,0,"keyboard-worker","OK",1783378086780,99261,1741
990,1783378086920,99402,99401,0,1,0,0,0,0,71,73,10,0,87,110.72,0,-16,-23,-1002,-1,0,0,0,0,0,0,0,"keyboard-worker","OK",1783378086880,99361,1743
991,1783378087021,99503,99502,0,1,0,0,0,0,71,73,10,0,87,110.9,0,-16,-24,-1000,-1,0,0,0,0,0,0,0,"keyboard-worker","OK",1783378086980,99461,1745
992,1783378087122,99604,99603,0,1,0,0,0,0,71,73,10,0,87,110.58,0,-16,-20,-999,-1,0,0,0,0,0,0,0,"keyboard-worker","OK",1783378087080,99561,1747
993,1783378087223,99705,99704,0,1,0,0,0,0,71,73,10,0,87,110.75,0,-14,-18,-1000,-1,0,0,0,0,0,0,0,"keyboard-worker","OK",1783378087180,99661,1749
994,1783378087324,99806,99805,0,1,0,0,0,0,70,73,10,0,87,110.77,0,-13,-18,-1000,-1,0,0,0,0,0,0,0,"keyboard-worker","OK",1783378087280,99762,1751
995,1783378087456,99938,99937,0,1,0,0,0,0,70,73,10,0,87,110.56,0,-14,-21,-1001,-1,0,0,0,0,0,0,0,"keyboard-worker","OK",1783378087431,99912,1754
996,1783378087549,100031,100030,0,1,0,0,0,0,70,73,10,0,87,110.79,0,-14,-20,-1001,-1,0,0,0,0,0,0,0,"keyboard-worker","OK",1783378087531,100012,1756
997,1783378087649,100131,100131,0,1,0,0,0,0,70,73,10,0,87,110.66,0,-15,-23,-1000,-1,0,0,0,0,0,0,0,"keyboard-worker","OK",1783378087631,100112,1758
998,1783378087749,100231,100230,0,1,0,0,0,0,70,73,10,0,87,110.67,0,-13,-25,-1002,-1,0,0,0,0,0,0,0,"keyboard-worker","OK",1783378087731,100212,1760
999,1783378087846,100328,100327,0,1,0,0,0,0,70,73,10,0,87,110.79,0,-15,-23,-999,-1,0,0,0,0,0,0,0,"keyboard-worker","OK",1783378087831,100313,1762
1000,1783378087945,100427,100426,0,1,0,0,0,0,70,73,10,0,87,111.04,0,-19,-19,-996,-1,0,0,0,0,0,0,0,"keyboard-worker","OK",1783378087932,100413,1764
1001,1783378088044,100526,100525,0,1,0,0,0,0,70,73,10,0,87,110.58,0,-17,-19,-1002,-1,0,0,0,0,0,0,0,"keyboard-worker","OK",1783378088032,100513,1766
1002,1783378088142,100624,100623,0,1,0,0,0,0,70,73,10,0,87,111.14,0,-12,-20,-1001,-1,0,0,0,0,0,0,0,"keyboard-worker","OK",1783378088132,100613,1768
1003,1783378088242,100724,100723,0,1,0,0,0,0,70,73,10,0,87,110.87,0,-10,-23,-1000,-1,0,0,0,0,0,0,0,"keyboard-worker","OK",1783378088232,100713,1770
1004,1783378088344,100826,100825,0,1,0,0,0,0,70,73,10,0,87,110.61,0,-20,-21,-998,-1,0,0,0,0,0,0,0,"keyboard-worker","OK",1783378088332,100814,1772
1005,1783378088473,100955,100954,0,1,0,0,0,0,70,73,10,0,87,110.61,0,-18,-23,-998,-1,0,0,0,0,0,0,0,"keyboard-worker","OK",1783378088433,100914,1774
1006,1783378088548,101030,101029,0,1,0,0,0,0,70,73,10,0,87,110.85,0,-15,-22,-1000,-1,0,0,0,0,0,0,0,"keyboard-worker","OK",1783378088533,101014,1776
1007,1783378088649,101131,101130,0,1,0,0,0,0,70,73,10,0,87,110.88,0,-15,-20,-1002,-1,0,0,0,0,0,0,0,"keyboard-worker","OK",1783378088633,101114,1778
1008,1783378088706,101188,101187,0,1,0,0,0,0,70,73,10,0,87,110.68,0,-15,-21,-1001,-1,0,0,0,0,0,0,0,"keyboard-worker","OK",1783378088683,101164,1779
1009,1783378088804,101286,101285,0,1,0,0,0,0,70,73,10,0,87,110.85,0,-16,-22,-1001,-1,0,0,0,0,0,0,0,"keyboard-worker","OK",1783378088783,101264,1781
1010,1783378088903,101385,101384,0,1,0,0,0,0,70,73,10,0,87,110.91,0,-12,-19,-1000,-1,0,0,0,0,0,0,0,"keyboard-worker","OK",1783378088883,101365,1783
1011,1783378089003,101485,101484,0,1,0,0,0,0,70,73,10,0,87,110.91,0,-14,-19,-999,-1,0,0,0,0,0,0,0,"keyboard-worker","OK",1783378088984,101465,1785
1012,1783378089104,101586,101585,0,1,0,0,0,0,70,73,10,0,87,110.77,0,-16,-21,-1001,-1,0,0,0,0,0,0,0,"keyboard-worker","OK",1783378089084,101565,1787
1013,1783378089208,101690,101689,0,1,0,0,0,0,70,73,10,0,87,111,0,-12,-22,-1000,-1,0,0,0,0,0,0,0,"keyboard-worker","OK",1783378089184,101665,1789
1014,1783378089306,101788,101787,0,1,0,0,0,0,71,73,10,0,87,111.01,0,-12,-27,-1002,-1,0,0,0,0,0,0,0,"keyboard-worker","OK",1783378089285,101766,1791
1015,1783378089407,101889,101888,0,1,0,0,0,0,71,73,10,0,87,110.95,0,-15,-24,-998,-1,0,0,0,0,0,0,0,"keyboard-worker","OK",1783378089385,101866,1793
1016,1783378089557,102039,102038,0,1,0,0,0,0,71,73,10,0,87,110.87,0,-17,-25,-998,-1,0,0,0,0,0,0,0,"keyboard-worker","OK",1783378089535,102016,1796
1017,1783378089635,102117,102117,0,1,0,0,0,0,71,73,10,0,87,110.92,0,-16,-23,-999,-1,0,0,0,0,0,0,0,"keyboard-worker","OK",1783378089635,102116,1798
1018,1783378089729,102211,102211,0,1,0,0,0,0,71,73,10,0,87,110.67,0,-10,-25,-1002,-1,0,0,0,0,0,0,0,"keyboard-worker","OK",1783378089685,102167,1799
1019,1783378089825,102307,102307,0,1,0,0,0,0,71,73,10,0,87,110.78,0,-12,-26,-1004,-1,0,0,0,0,0,0,0,"keyboard-worker","OK",1783378089786,102267,1801
1020,1783378089925,102407,102407,0,1,0,0,0,0,71,73,10,0,87,110.84,0,-13,-25,-996,-1,0,0,0,0,0,0,0,"keyboard-worker","OK",1783378089886,102367,1803
1021,1783378090024,102506,102505,0,1,0,0,0,0,71,73,10,0,87,110.72,0,-20,-22,-997,-1,0,0,0,0,0,0,0,"keyboard-worker","OK",1783378089986,102467,1805
1022,1783378090124,102606,102605,0,1,0,0,0,0,71,73,10,0,87,110.74,0,-23,-7,-991,-1,0,0,0,0,0,0,0,"keyboard-worker","OK",1783378090086,102567,1807
1023,1783378090230,102712,102711,0,1,0,0,0,0,71,73,10,0,87,110.82,0,-8,-11,-1006,-1,0,0,0,0,0,0,0,"keyboard-worker","OK",1783378090187,102668,1809
1024,1783378090324,102806,102805,0,1,0,0,0,0,71,73,10,0,87,110.72,0,-2,-7,-1004,-1,0,0,0,0,0,0,0,"keyboard-worker","OK",1783378090287,102768,1811
1025,1783378090424,102906,102905,0,1,0,0,0,0,71,73,10,0,87,110.6,0,-17,-20,-996,-1,0,0,0,0,0,0,0,"keyboard-worker","OK",1783378090387,102868,1813
1026,1783378090537,103019,103018,0,1,0,0,0,0,71,73,10,0,87,110.92,0,-12,-15,-1001,-1,0,0,0,0,0,0,0,"keyboard-worker","OK",1783378090537,103018,1816
1027,1783378090625,103107,103106,0,1,0,0,0,0,71,73,10,0,87,110.99,0,-14,-13,-999,-1,0,0,0,0,0,0,0,"keyboard-worker","OK",1783378090587,103069,1817
1028,1783378090726,103208,103207,0,1,0,0,0,0,71,73,10,0,87,110.81,0,-9,-13,-998,-1,0,0,0,0,0,0,0,"keyboard-worker","OK",1783378090688,103169,1819
1029,1783378090827,103309,103308,0,1,0,0,0,0,71,73,10,0,87,110.59,0,-13,-19,-1003,-1,0,0,0,0,0,0,0,"keyboard-worker","OK",1783378090788,103269,1821
1030,1783378090933,103415,103414,0,1,0,0,0,0,71,73,10,0,87,110.52,0,-16,-18,-995,-1,0,0,0,0,0,0,0,"keyboard-worker","OK",1783378090888,103369,1823
1031,1783378091034,103516,103516,0,1,0,0,0,0,71,73,10,0,87,110.78,0,-16,-25,-1000,-1,0,0,0,0,0,0,0,"keyboard-worker","OK",1783378090988,103469,1825
1032,1783378091146,103628,103628,0,1,0,0,0,0,71,73,10,0,87,110.97,0,-13,-20,-1000,-1,0,0,0,0,0,0,0,"keyboard-worker","OK",1783378091139,103620,1828
1033,1783378091247,103729,103728,0,1,0,0,0,0,71,73,10,0,87,110.88,0,-12,-25,-999,-1,0,0,0,0,0,0,0,"keyboard-worker","OK",1783378091239,103720,1830
1034,1783378091345,103827,103826,0,1,0,0,0,0,71,73,10,0,87,110.92,0,-10,-26,-1001,-1,0,0,0,0,0,0,0,"keyboard-worker","OK",1783378091339,103820,1832
1035,1783378091444,103926,103926,0,1,0,0,0,0,71,73,10,0,87,110.77,0,-10,-24,-1001,-1,0,0,0,0,0,0,0,"keyboard-worker","OK",1783378091439,103920,1834
1036,1783378091593,104075,104075,0,1,0,0,0,0,71,73,10,0,87,110.23,0,-16,-27,-999,-1,0,0,0,0,0,0,0,"keyboard-worker","OK",1783378091590,104071,1837
1037,1783378091618,104100,104100,0,1,0,0,0,0,71,73,10,0,87,111.26,0,-14,-22,-999,-1,0,0,0,0,0,0,0,"keyboard-worker","OK",1783378091590,104071,1837
1038,1783378091719,104201,104200,0,1,0,0,0,0,71,73,10,0,87,111,0,-12,-21,-1001,-1,0,0,0,0,0,0,0,"keyboard-worker","OK",1783378091690,104171,1839
1039,1783378091810,104292,104291,0,1,0,0,0,0,71,73,10,0,87,110.56,0,-10,-20,-1000,-1,0,0,0,0,0,0,0,"keyboard-worker","OK",1783378091790,104271,1841
1040,1783378091912,104394,104393,0,1,0,0,0,0,71,73,10,0,87,110.79,0,-12,-20,-998,-1,0,0,0,0,0,0,0,"keyboard-worker","OK",1783378091890,104372,1843
1041,1783378092010,104492,104492,0,1,0,0,0,0,71,73,10,0,87,110.67,0,-14,-21,-1000,-1,0,0,0,0,0,0,0,"keyboard-worker","OK",1783378091991,104472,1845
1042,1783378092112,104594,104593,0,1,0,0,0,0,71,73,10,0,87,111.01,0,-15,-20,-1000,-1,0,0,0,0,0,0,0,"keyboard-worker","OK",1783378092092,104573,1847
1043,1783378092216,104698,104698,0,1,0,0,0,0,71,73,10,0,87,110.96,0,-12,-21,-997,-1,0,0,0,0,0,0,0,"keyboard-worker","OK",1783378092193,104674,1849
1044,1783378092319,104801,104800,0,1,0,0,0,0,71,73,10,0,87,110.66,0,-13,-20,-999,-1,0,0,0,0,0,0,0,"keyboard-worker","OK",1783378092293,104774,1851
1045,1783378092418,104900,104900,0,1,0,0,0,0,71,73,10,0,87,110.67,0,-16,-21,-998,-1,0,0,0,0,0,0,0,"keyboard-worker","OK",1783378092394,104875,1853
1046,1783378092523,105005,105005,0,1,0,0,0,0,71,73,10,0,87,110.6,0,-12,-21,-998,-1,0,0,0,0,0,0,0,"keyboard-worker","OK",1783378092495,104976,1855
1047,1783378092630,105112,105111,0,1,0,0,0,0,71,73,10,0,87,110.92,0,-12,-18,-1001,-1,0,0,0,0,0,0,0,"keyboard-worker","OK",1783378092595,105076,1857
1048,1783378092772,105254,105254,0,1,0,0,0,0,71,73,10,0,87,110.73,0,-12,-19,-1001,-1,0,0,0,0,0,0,0,"keyboard-worker","OK",1783378092745,105227,1860
1049,1783378092843,105325,105324,0,1,0,0,0,0,71,73,10,0,87,110.75,0,-15,-22,-1001,-1,0,0,0,0,0,0,0,"keyboard-worker","OK",1783378092796,105277,1861
1050,1783378092980,105462,105461,0,1,0,0,0,0,71,73,10,0,87,110.6,0,-14,-22,-998,-1,0,0,0,0,0,0,0,"keyboard-worker","OK",1783378092948,105429,1864
1051,1783378093086,105568,105567,0,1,0,0,0,0,71,73,10,0,87,110.87,0,-14,-22,-1001,-1,0,0,0,0,0,0,0,"keyboard-worker","OK",1783378093049,105530,1866
1052,1783378093176,105658,105657,0,1,0,0,0,0,71,73,10,0,87,110.86,0,-11,-18,-997,-1,0,0,0,0,0,0,0,"keyboard-worker","OK",1783378093149,105631,1868
1053,1783378093277,105759,105758,0,1,0,0,0,0,71,73,10,0,87,110.34,0,-14,-17,-1000,-1,0,0,0,0,0,0,0,"keyboard-worker","OK",1783378093250,105732,1870
1054,1783378093380,105862,105861,0,1,0,0,0,0,71,73,10,0,87,110.84,0,-13,-21,-998,-1,0,0,0,0,0,0,0,"keyboard-worker","OK",1783378093352,105833,1872
1055,1783378093481,105963,105963,0,1,0,0,0,0,71,73,10,0,87,110.8,0,-13,-21,-1001,-1,0,0,0,0,0,0,0,"keyboard-worker","OK",1783378093452,105934,1874
1056,1783378093584,106066,106065,0,1,0,0,0,0,71,73,10,0,87,110.79,0,-13,-21,-1000,-1,0,0,0,0,0,0,0,"keyboard-worker","OK",1783378093553,106035,1876
1057,1783378093692,106174,106173,0,1,0,0,0,0,71,73,10,0,87,110.77,0,-13,-22,-1000,-1,0,0,0,0,0,0,0,"keyboard-worker","OK",1783378093654,106135,1878
1058,1783378093891,106373,106372,0,1,0,0,0,0,71,73,10,0,87,110.78,0,-10,-20,-1002,-1,0,0,0,0,0,0,0,"keyboard-worker","OK",1783378093857,106338,1882
1059,1783378093920,106402,106401,0,1,0,0,0,0,71,73,10,0,87,111,0,-12,-18,-1001,-1,0,0,0,0,0,0,0,"keyboard-worker","OK",1783378093907,106388,1883
1060,1783378094038,106520,106520,0,1,0,0,0,0,71,73,10,0,87,110.77,0,-12,-22,-1001,-1,0,0,0,0,0,0,0,"keyboard-worker","OK",1783378094007,106488,1885
1061,1783378094077,106559,106558,0,1,0,0,0,0,71,73,10,0,87,110.69,0,-14,-24,-999,-1,0,0,0,0,0,0,0,"keyboard-worker","OK",1783378094057,106539,1886
1062,1783378094174,106656,106655,0,1,0,0,0,0,71,73,10,0,87,110.82,0,-16,-24,-999,-1,0,0,0,0,0,0,0,"keyboard-worker","OK",1783378094158,106639,1888
1063,1783378094266,106748,106747,0,1,0,0,0,0,71,73,10,0,87,110.48,0,-12,-19,-999,-1,0,0,0,0,0,0,0,"keyboard-worker","OK",1783378094259,106740,1890
1064,1783378094368,106850,106850,0,1,0,0,0,0,71,73,10,0,87,110.62,0,-14,-25,-1000,-1,0,0,0,0,0,0,0,"keyboard-worker","OK",1783378094359,106840,1892
1065,1783378094470,106952,106951,0,1,0,0,0,0,71,73,10,0,87,110.86,0,-11,-22,-999,-1,0,0,0,0,0,0,0,"keyboard-worker","OK",1783378094460,106941,1894
1066,1783378094574,107056,107055,0,1,0,0,0,0,71,73,10,0,87,110.62,0,-15,-22,-1001,-1,0,0,0,0,0,0,0,"keyboard-worker","OK",1783378094561,107042,1896
1067,1783378094730,107212,107211,0,1,0,0,0,0,71,73,10,0,87,111.11,0,-12,-24,-1000,-1,0,0,0,0,0,0,0,"keyboard-worker","OK",1783378094713,107194,1899
1068,1783378094797,107279,107278,0,1,0,0,0,0,71,73,10,0,87,110.63,0,-7,-23,-999,-1,0,0,0,0,0,0,0,"keyboard-worker","OK",1783378094764,107245,1900
1069,1783378094886,107368,107367,0,1,0,0,0,0,71,73,10,0,87,110.85,0,-5,-19,-1000,-1,0,0,0,0,0,0,0,"keyboard-worker","OK",1783378094864,107345,1902
1070,1783378094990,107472,107472,0,1,0,0,0,0,71,73,10,0,87,110.77,0,4,5,-1017,-1,0,0,0,0,0,0,0,"keyboard-worker","OK",1783378094965,107446,1904
1071,1783378095096,107578,107577,0,1,0,0,0,0,71,73,10,0,87,110.73,0,-19,-4,-979,-1,0,0,0,0,0,0,0,"keyboard-worker","OK",1783378095065,107547,1906
1072,1783378095214,107696,107695,0,1,0,0,0,0,71,73,10,0,86,110.8,0,-26,-13,-992,-1,0,0,0,0,0,0,0,"keyboard-worker","OK",1783378095166,107647,1908
1073,1783378095316,107798,107797,0,1,0,0,0,0,71,73,10,0,86,110.68,0,-16,-14,-999,-1,0,0,0,0,0,0,0,"keyboard-worker","OK",1783378095267,107748,1910
1074,1783378095418,107900,107899,0,1,0,0,0,0,72,74,10,0,86,110.84,0,-11,-21,-998,-1,0,0,0,0,0,0,0,"keyboard-worker","OK",1783378095368,107850,1912
1075,1783378095519,108001,108000,0,1,0,0,0,0,72,74,10,0,86,110.73,0,-17,-24,-998,-1,0,0,0,0,0,0,0,"keyboard-worker","OK",1783378095519,108000,1915
1076,1783378095623,108105,108104,0,1,0,0,0,0,72,74,10,0,86,110.41,0,-15,-23,-1001,-1,0,0,0,0,0,0,0,"keyboard-worker","OK",1783378095620,108102,1917
1077,1783378095727,108209,108208,0,1,0,0,0,0,72,74,10,0,86,110.49,0,-13,-22,-1000,-1,0,0,0,0,0,0,0,"keyboard-worker","OK",1783378095721,108202,1919
1078,1783378095912,108394,108393,-1,1,0,0,0,0,72,74,10,0,86,110.43,0,-13,-22,-998,-1,0,0,0,0,0,0,0,"keyboard-worker","OK",1783378095873,108354,1922
1079,1783378095963,108445,108445,-1,1,0,0,0,0,72,74,10,0,86,110.72,0,-8,-23,-1000,-1,0,0,0,0,0,0,0,"keyboard-worker","OK",1783378095923,108404,1923
1080,1783378096045,108527,108527,-1,1,0,0,0,0,72,74,10,0,86,110.69,0,-13,-20,-1000,-1,0,0,0,0,0,0,0,"keyboard-worker","OK",1783378096024,108505,1925
1081,1783378096170,108652,108651,-1,1,0,0,0,0,72,74,10,0,86,110.79,0,-13,-22,-1000,-1,0,0,0,0,0,0,0,"keyboard-worker","OK",1783378096124,108606,1927
1082,1783378096227,108709,108708,-1,1,0,0,0,0,72,74,10,0,86,110.77,0,-12,-26,-999,-1,0,0,0,0,0,0,0,"keyboard-worker","OK",1783378096225,108706,1929
1083,1783378096303,108785,108784,-1,1,0,0,0,0,72,74,10,0,86,110.59,0,-12,-24,-1002,-1,0,0,0,0,0,0,0,"keyboard-worker","OK",1783378096275,108756,1930
1084,1783378096407,108889,108888,-1,1,0,0,0,0,71,75,10,0,86,110.57,0,-14,-24,-997,-1,0,0,0,0,0,0,0,"keyboard-worker","OK",1783378096375,108856,1932
1085,1783378096510,108992,108992,-1,1,0,0,0,0,71,75,10,0,86,110.68,0,-13,-21,-997,-1,0,0,0,0,0,0,0,"keyboard-worker","OK",1783378096476,108957,1934
1086,1783378096613,109095,109095,-1,1,0,0,0,0,71,75,10,0,86,110.94,0,-14,-18,-998,-1,0,0,0,0,0,0,0,"keyboard-worker","OK",1783378096576,109057,1936
1087,1783378096718,109200,109199,-1,1,0,0,0,0,71,75,10,0,86,110.57,0,-11,-20,-1000,-1,0,0,0,0,0,0,0,"keyboard-worker","OK",1783378096676,109158,1938
1088,1783378096864,109346,109346,-1,1,0,0,0,0,71,75,10,0,86,110.69,0,-13,-20,-996,-1,0,0,0,0,0,0,0,"keyboard-worker","OK",1783378096827,109308,1941
1089,1783378096942,109424,109423,-1,1,0,0,0,0,71,75,10,0,86,110.72,0,-13,-21,-999,-1,0,0,0,0,0,0,0,"keyboard-worker","OK",1783378096928,109409,1943
1090,1783378097045,109527,109526,-1,1,0,0,0,0,71,75,10,0,86,110.37,0,-14,-22,-996,-1,0,0,0,0,0,0,0,"keyboard-worker","OK",1783378097028,109510,1945
1091,1783378097145,109627,109626,-1,1,0,0,0,0,71,75,10,0,86,110.53,0,-14,-22,-997,-1,0,0,0,0,0,0,0,"keyboard-worker","OK",1783378097129,109610,1947
1092,1783378097246,109728,109727,-1,1,0,0,0,0,71,75,10,0,86,110.77,0,-13,-20,-1000,-1,0,0,0,0,0,0,0,"keyboard-worker","OK",1783378097229,109710,1949
1093,1783378097345,109827,109826,-1,1,0,0,0,0,71,75,10,0,86,110.49,0,-13,-21,-999,-1,0,0,0,0,0,0,0,"keyboard-worker","OK",1783378097330,109811,1951
1094,1783378097446,109928,109927,-1,1,0,0,0,0,72,74,10,0,86,110.35,0,-10,-22,-1000,-1,0,0,0,0,0,0,0,"keyboard-worker","OK",1783378097430,109912,1953
1095,1783378097548,110030,110030,-1,1,0,0,0,0,72,74,10,0,86,110.46,0,-14,-19,-1000,-1,0,0,0,0,0,0,0,"keyboard-worker","OK",1783378097531,110012,1955
1096,1783378097650,110132,110131,-1,1,0,0,0,0,72,74,10,0,86,110.66,0,-15,-20,-1000,-1,0,0,0,0,0,0,0,"keyboard-worker","OK",1783378097631,110112,1957
1097,1783378097752,110234,110233,-1,1,0,0,0,0,72,74,10,0,86,110.77,0,-12,-18,-999,-1,0,0,0,0,0,0,0,"keyboard-worker","OK",1783378097732,110213,1959
1098,1783378097853,110335,110335,-1,1,0,0,0,0,72,74,10,0,86,110.5,0,-12,-21,-999,-1,0,0,0,0,0,0,0,"keyboard-worker","OK",1783378097832,110314,1961
1099,1783378098034,110516,110515,-1,1,0,0,0,0,72,74,10,0,86,110.7,0,-14,-21,-998,-1,0,0,0,0,0,0,0,"keyboard-worker","OK",1783378098033,110514,1965
1100,1783378098090,110572,110571,-1,1,0,0,0,0,72,74,10,0,86,110.25,0,-11,-20,-1000,-1,0,0,0,0,0,0,0,"keyboard-worker","OK",1783378098084,110565,1966
1101,1783378098168,110650,110650,-1,1,0,0,0,0,72,74,10,0,86,110.7,0,-16,-24,-999,-1,0,0,0,0,0,0,0,"keyboard-worker","OK",1783378098134,110615,1967
1102,1783378098294,110776,110775,-1,1,0,0,0,0,72,74,10,0,86,110.64,0,-13,-18,-999,-1,0,0,0,0,0,0,0,"keyboard-worker","OK",1783378098285,110766,1970
1103,1783378098393,110875,110874,-1,1,0,0,0,0,72,74,10,0,86,110.54,0,-17,-20,-999,-1,0,0,0,0,0,0,0,"keyboard-worker","OK",1783378098385,110866,1972
1104,1783378098495,110977,110976,-1,1,0,0,0,0,72,74,10,0,86,110.66,0,-10,-20,-999,-1,0,0,0,0,0,0,0,"keyboard-worker","OK",1783378098485,110967,1974
1105,1783378098579,111061,111060,-1,1,0,0,0,0,72,74,10,0,86,110.85,0,-12,-23,-998,-1,0,0,0,0,0,0,0,"keyboard-worker","OK",1783378098536,111017,1975
1106,1783378098698,111180,111179,-1,1,0,0,0,0,72,74,10,0,86,110.9,0,-11,-20,-999,-1,0,0,0,0,0,0,0,"keyboard-worker","OK",1783378098687,111168,1978
1107,1783378098794,111276,111275,-1,1,0,0,0,0,72,74,10,0,86,110.73,0,-15,-22,-998,-1,0,0,0,0,0,0,0,"keyboard-worker","OK",1783378098788,111269,1980
1108,1783378098835,111317,111316,-1,1,0,0,0,0,72,74,10,0,86,110.82,0,-12,-22,-1000,-1,0,0,0,0,0,0,0,"keyboard-worker","OK",1783378098788,111269,1980
1109,1783378098999,111481,111481,-1,1,0,0,0,0,72,74,10,0,86,110.62,0,-13,-19,-998,-1,0,0,0,0,0,0,0,"keyboard-worker","OK",1783378098990,111471,1984
1110,1783378099065,111547,111546,-1,1,0,0,0,0,72,74,10,0,86,110.67,0,-14,-21,-1001,-1,0,0,0,0,0,0,0,"keyboard-worker","OK",1783378099040,111521,1985
1111,1783378099160,111642,111641,-1,1,0,0,0,0,72,74,10,0,86,110.4,0,-14,-22,-1000,-1,0,0,0,0,0,0,0,"keyboard-worker","OK",1783378099141,111622,1987
1112,1783378099260,111742,111741,-1,1,0,0,0,0,72,74,10,0,86,110.5,0,-12,-21,-1000,-1,0,0,0,0,0,0,0,"keyboard-worker","OK",1783378099241,111722,1989
1113,1783378099362,111844,111843,-1,1,0,0,0,0,72,74,10,0,86,110.59,0,-11,-19,-1000,-1,0,0,0,0,0,0,0,"keyboard-worker","OK",1783378099341,111823,1991
1114,1783378099474,111956,111956,-1,1,0,0,0,0,72,75,10,0,86,110.58,0,-17,-21,-999,-1,0,0,0,0,0,0,0,"keyboard-worker","OK",1783378099442,111923,1993
1115,1783378099580,112062,112061,-1,1,0,0,0,0,72,75,10,0,86,110.63,0,-13,-18,-999,-1,0,0,0,0,0,0,0,"keyboard-worker","OK",1783378099542,112023,1995
1116,1783378099665,112147,112146,-1,1,0,0,0,0,72,75,10,0,86,110.74,0,-12,-19,-998,-1,0,0,0,0,0,0,0,"keyboard-worker","OK",1783378099642,112124,1997
1117,1783378099766,112248,112247,-1,1,0,0,0,0,72,75,10,0,86,110.74,0,-12,-19,-1000,-1,0,0,0,0,0,0,0,"keyboard-worker","OK",1783378099743,112224,1999
1118,1783378099866,112348,112348,-1,1,0,0,0,0,72,75,10,0,86,110.76,0,-14,-22,-1002,-1,0,0,0,0,0,0,0,"keyboard-worker","OK",1783378099843,112325,2001
1119,1783378099982,112464,112464,-1,1,0,0,0,0,72,75,10,0,86,110.6,0,-14,-22,-1000,-1,0,0,0,0,0,0,0,"keyboard-worker","OK",1783378099944,112425,2003
1120,1783378100154,112636,112635,-1,1,0,0,0,0,72,75,10,0,86,111.04,0,-14,-23,-999,-1,0,0,0,0,0,0,0,"keyboard-worker","OK",1783378100145,112626,2007
1121,1783378100199,112681,112680,-1,1,0,0,0,0,72,75,10,0,86,110.83,0,-14,-22,-996,-1,0,0,0,0,0,0,0,"keyboard-worker","OK",1783378100195,112677,2008
1122,1783378100279,112761,112761,-1,1,0,0,0,0,72,75,10,0,86,110.41,0,-12,-22,-998,-1,0,0,0,0,0,0,0,"keyboard-worker","OK",1783378100246,112727,2009
1123,1783378100384,112866,112865,-1,1,0,0,0,0,72,75,10,0,86,110.8,0,-12,-19,-997,-1,0,0,0,0,0,0,0,"keyboard-worker","OK",1783378100346,112827,2011
1124,1783378100500,112982,112981,-1,1,0,0,0,0,73,75,10,0,86,110.64,0,-10,-22,-998,-1,0,0,0,0,0,0,0,"keyboard-worker","OK",1783378100496,112977,2014
1125,1783378100587,113069,113069,-1,1,0,0,0,0,73,75,10,0,86,110.83,0,-13,-21,-999,-1,0,0,0,0,0,0,0,"keyboard-worker","OK",1783378100546,113028,2015
1126,1783378100705,113187,113186,-1,1,0,0,0,0,73,75,10,0,86,110.66,0,-13,-22,-999,-1,0,0,0,0,0,0,0,"keyboard-worker","OK",1783378100697,113178,2018
1127,1783378100802,113284,113284,-1,1,0,0,0,0,73,75,10,0,86,110.94,0,-14,-21,-1001,-1,0,0,0,0,0,0,0,"keyboard-worker","OK",1783378100798,113279,2020
1128,1783378100902,113384,113384,-1,1,0,0,0,0,73,75,10,0,86,110.81,0,-12,-21,-999,-1,0,0,0,0,0,0,0,"keyboard-worker","OK",1783378100898,113379,2022
1129,1783378101004,113486,113485,-1,1,0,0,0,0,73,75,10,0,86,110.96,0,-10,-22,-998,-1,0,0,0,0,0,0,0,"keyboard-worker","OK",1783378100998,113479,2024
1130,1783378101103,113585,113585,-1,1,0,0,0,0,73,75,10,0,86,110.83,0,-12,-21,-999,-1,0,0,0,0,0,0,0,"keyboard-worker","OK",1783378101098,113580,2026
1131,1783378101227,113709,113708,-1,1,0,0,0,0,73,75,10,0,86,110.88,0,-13,-21,-997,-1,0,0,0,0,0,0,0,"keyboard-worker","OK",1783378101199,113680,2028
1132,1783378101307,113789,113788,-1,1,0,0,0,0,73,75,10,0,86,110.58,0,-14,-19,-999,-1,0,0,0,0,0,0,0,"keyboard-worker","OK",1783378101299,113780,2030
1133,1783378101409,113891,113890,-1,1,0,0,0,0,73,75,10,0,86,111.04,0,-12,-20,-999,-1,0,0,0,0,0,0,0,"keyboard-worker","OK",1783378101399,113880,2032
1134,1783378101511,113993,113993,-1,1,0,0,0,0,72,74,10,0,86,110.48,0,-12,-21,-998,-1,0,0,0,0,0,0,0,"keyboard-worker","OK",1783378101499,113981,2034
1135,1783378101614,114096,114095,-1,1,0,0,0,0,72,74,10,0,86,110.6,0,-15,-21,-999,-1,0,0,0,0,0,0,0,"keyboard-worker","OK",1783378101600,114081,2036
1136,1783378101716,114198,114197,-1,1,0,0,0,0,72,74,10,0,86,110.63,0,-12,-23,-1001,-1,0,0,0,0,0,0,0,"keyboard-worker","OK",1783378101700,114181,2038
1137,1783378101810,114292,114291,-1,1,0,0,0,0,72,74,10,0,86,110.71,0,-10,-20,-1004,-1,0,0,0,0,0,0,0,"keyboard-worker","OK",1783378101800,114281,2040
1138,1783378101872,114354,114353,-1,1,0,0,0,0,72,74,10,0,86,110.55,0,-14,-22,-1000,-1,0,0,0,0,0,0,0,"keyboard-worker","OK",1783378101850,114331,2041
1139,1783378101973,114455,114454,-1,1,0,0,0,0,72,74,10,0,86,110.53,0,-13,-20,-1001,-1,0,0,0,0,0,0,0,"keyboard-worker","OK",1783378101951,114432,2043
1140,1783378102101,114583,114582,-1,1,0,0,0,0,72,74,10,0,86,110.82,0,-13,-21,-1002,-1,0,0,0,0,0,0,0,"keyboard-worker","OK",1783378102101,114582,2046
1141,1783378102201,114683,114682,-1,1,0,0,0,0,72,74,10,0,86,110.75,0,-11,-24,-998,-1,0,0,0,0,0,0,0,"keyboard-worker","OK",1783378102201,114682,2048
1142,1783378102278,114760,114759,-1,1,0,0,0,0,72,74,10,0,86,110.57,0,-13,-21,-998,-1,0,0,0,0,0,0,0,"keyboard-worker","OK",1783378102251,114733,2049
1143,1783378102380,114862,114861,-1,1,0,0,0,0,72,74,10,0,86,110.46,0,-13,-22,-1001,-1,0,0,0,0,0,0,0,"keyboard-worker","OK",1783378102352,114833,2051
1144,1783378102483,114965,114964,-1,1,0,0,0,0,72,74,10,0,86,110.82,0,-13,-21,-999,-1,0,0,0,0,0,0,0,"keyboard-worker","OK",1783378102452,114933,2053
1145,1783378102594,115076,115075,-1,1,0,0,0,0,72,74,10,0,86,110.61,0,-11,-23,-1000,-1,0,0,0,0,0,0,0,"keyboard-worker","OK",1783378102552,115033,2055
1146,1783378102755,115237,115236,-1,1,0,0,0,0,72,74,10,0,86,110.71,0,-12,-22,-999,-1,0,0,0,0,0,0,0,"keyboard-worker","OK",1783378102753,115234,2059
1147,1783378102820,115302,115301,-1,1,0,0,0,0,72,74,10,0,86,110.66,0,-13,-23,-997,-1,0,0,0,0,0,0,0,"keyboard-worker","OK",1783378102803,115284,2060
1148,1783378102911,115393,115392,-1,1,0,0,0,0,72,74,10,0,86,110.6,0,-13,-21,-999,-1,0,0,0,0,0,0,0,"keyboard-worker","OK",1783378102903,115384,2062
1149,1783378103007,115489,115489,-1,1,0,0,0,0,72,74,10,0,86,110.61,0,-13,-19,-1000,-1,0,0,0,0,0,0,0,"keyboard-worker","OK",1783378103003,115484,2064
1150,1783378103109,115591,115590,-1,1,0,0,0,0,72,74,10,0,86,111.01,0,-13,-21,-998,-1,0,0,0,0,0,0,0,"keyboard-worker","OK",1783378103103,115585,2066
1151,1783378103208,115690,115689,-1,1,0,0,0,0,72,74,10,0,86,110.81,0,-12,-20,-1000,-1,0,0,0,0,0,0,0,"keyboard-worker","OK",1783378103204,115685,2068
1152,1783378103307,115789,115788,-1,1,0,0,0,0,72,74,10,0,86,110.78,0,-13,-21,-1000,-1,0,0,0,0,0,0,0,"keyboard-worker","OK",1783378103304,115785,2070
1153,1783378103407,115889,115889,-1,1,0,0,0,0,72,74,10,0,86,110.8,0,-12,-20,-997,-1,0,0,0,0,0,0,0,"keyboard-worker","OK",1783378103404,115885,2072
1154,1783378103509,115991,115990,-1,1,0,0,0,0,72,75,10,0,86,110.79,0,-14,-21,-998,-1,0,0,0,0,0,0,0,"keyboard-worker","OK",1783378103504,115986,2074
1155,1783378103608,116090,116089,-1,1,0,0,0,0,72,75,10,0,86,110.76,0,-11,-20,-1001,-1,0,0,0,0,0,0,0,"keyboard-worker","OK",1783378103605,116086,2076
1156,1783378103711,116193,116192,-1,1,0,0,0,0,72,75,10,0,86,110.95,0,-13,-21,-1002,-1,0,0,0,0,0,0,0,"keyboard-worker","OK",1783378103705,116186,2078
1157,1783378103817,116299,116298,-1,1,0,0,0,0,72,75,10,0,86,110.63,0,-11,-21,-1000,-1,0,0,0,0,0,0,0,"keyboard-worker","OK",1783378103805,116286,2080
1158,1783378103953,116435,116434,-1,1,0,0,0,0,72,75,10,0,86,110.52,0,-13,-21,-1000,-1,0,0,0,0,0,0,0,"keyboard-worker","OK",1783378103905,116387,2082
1159,1783378104004,116486,116485,-1,1,0,0,0,0,72,75,10,0,86,110.67,0,-12,-20,-1001,-1,0,0,0,0,0,0,0,"keyboard-worker","OK",1783378103955,116437,2083
1160,1783378104083,116565,116564,-1,1,0,0,0,0,72,75,10,0,86,110.71,0,-14,-21,-999,-1,0,0,0,0,0,0,0,"keyboard-worker","OK",1783378104056,116537,2085
1161,1783378104245,116727,116726,-1,1,0,0,0,0,72,75,10,0,86,110.67,0,-11,-21,-997,-1,0,0,0,0,0,0,0,"keyboard-worker","OK",1783378104206,116687,2088
1162,1783378104302,116784,116783,-1,1,0,0,0,0,72,75,10,0,86,110.56,0,-11,-20,-1000,-1,0,0,0,0,0,0,0,"keyboard-worker","OK",1783378104256,116737,2089
1163,1783378104395,116877,116876,-1,1,0,0,0,0,72,75,10,0,86,110.47,0,-12,-21,-1001,-1,0,0,0,0,0,0,0,"keyboard-worker","OK",1783378104356,116838,2091
1164,1783378104505,116987,116986,-1,1,0,0,0,0,73,76,10,0,86,110.73,0,-12,-23,-1000,-1,0,0,0,0,0,0,0,"keyboard-worker","OK",1783378104457,116938,2093
1165,1783378104592,117074,117073,-1,1,0,0,0,0,73,76,10,0,86,110.48,0,-12,-20,-1002,-1,0,0,0,0,0,0,0,"keyboard-worker","OK",1783378104557,117038,2095
1166,1783378104707,117189,117188,-1,1,0,0,0,0,73,76,10,0,86,110.84,0,-11,-22,-1001,-1,0,0,0,0,0,0,0,"keyboard-worker","OK",1783378104707,117188,2098
1167,1783378104805,117287,117286,-1,1,0,0,0,0,73,76,10,0,86,110.71,0,-13,-23,-1001,-1,0,0,0,0,0,0,0,"keyboard-worker","OK",1783378104757,117238,2099
1168,1783378104988,117470,117469,-1,1,0,0,0,0,73,76,10,0,86,110.69,0,-12,-21,-995,-1,0,0,0,0,0,0,0,"keyboard-worker","OK",1783378104958,117439,2103
1169,1783378105034,117516,117515,-1,1,0,0,0,0,73,76,10,0,86,110.88,0,-12,-20,-1000,-1,0,0,0,0,0,0,0,"keyboard-worker","OK",1783378105008,117489,2104
1170,1783378105132,117614,117613,-1,1,0,0,0,0,73,76,10,0,86,110.33,0,-12,-19,-1002,-1,0,0,0,0,0,0,0,"keyboard-worker","OK",1783378105108,117589,2106
1171,1783378105214,117696,117695,-1,1,0,0,0,0,73,76,10,0,86,110.44,0,-13,-21,-999,-1,0,0,0,0,0,0,0,"keyboard-worker","OK",1783378105208,117690,2108
1172,1783378105316,117798,117797,-1,1,0,0,0,0,73,76,10,0,86,110.56,0,-13,-19,-1000,-1,0,0,0,0,0,0,0,"keyboard-worker","OK",1783378105309,117790,2110
1173,1783378105418,117900,117899,-1,1,0,0,0,0,73,76,10,0,86,110.46,0,-14,-21,-999,-1,0,0,0,0,0,0,0,"keyboard-worker","OK",1783378105409,117890,2112
1174,1783378105526,118008,118007,-1,1,0,0,0,0,73,75,10,0,86,110.63,0,-12,-20,-997,-1,0,0,0,0,0,0,0,"keyboard-worker","OK",1783378105509,117990,2114
1175,1783378105632,118114,118113,-1,1,0,0,0,0,73,75,10,0,86,110.88,0,-10,-21,-999,-1,0,0,0,0,0,0,0,"keyboard-worker","OK",1783378105609,118090,2116
1176,1783378105739,118221,118220,-1,1,0,0,0,0,73,75,10,0,86,110.73,0,-12,-21,-999,-1,0,0,0,0,0,0,0,"keyboard-worker","OK",1783378105710,118191,2118
1177,1783378105837,118319,118318,-1,1,0,0,0,0,73,75,10,0,86,110.26,0,-12,-20,-1000,-1,0,0,0,0,0,0,0,"keyboard-worker","OK",1783378105810,118291,2120
1178,1783378105959,118441,118440,0,1,0,0,0,0,73,75,10,0,86,110.24,0,-4,-24,-998,-1,0,0,0,0,0,0,0,"keyboard-worker","OK",1783378105910,118391,2122
1179,1783378106036,118518,118518,0,1,0,0,0,0,73,75,10,0,86,110.56,0,-12,-16,-998,-1,0,0,0,0,0,0,0,"keyboard-worker","OK",1783378106010,118491,2124
1180,1783378106135,118617,118617,0,1,0,0,0,0,73,75,10,0,86,110.59,0,-9,-19,-997,-1,0,0,0,0,0,0,0,"keyboard-worker","OK",1783378106110,118592,2126
1181,1783378106236,118718,118717,0,1,0,0,0,0,73,75,10,0,86,110.76,0,-9,-19,-1001,-1,0,0,0,0,0,0,0,"keyboard-worker","OK",1783378106211,118692,2128
1182,1783378106304,118786,118785,0,1,0,0,0,0,73,75,10,0,86,110.77,0,-10,-19,-996,-1,0,0,0,0,0,0,0,"keyboard-worker","OK",1783378106261,118742,2129
1183,1783378106440,118922,118921,0,1,0,0,0,0,73,75,10,0,86,110.87,0,-10,-20,-996,-1,0,0,0,0,0,0,0,"keyboard-worker","OK",1783378106411,118892,2132
1184,1783378106506,118988,118987,0,1,0,0,0,0,73,76,10,0,86,110.48,0,-9,-16,-997,-1,0,0,0,0,0,0,0,"keyboard-worker","OK",1783378106461,118942,2133
1185,1783378106596,119078,119077,0,1,0,0,0,0,73,76,10,0,86,110.48,0,-10,-22,-1000,-1,0,0,0,0,0,0,0,"keyboard-worker","OK",1783378106561,119043,2135
1186,1783378106782,119264,119263,0,1,0,0,0,0,73,76,10,0,86,110.64,0,-12,-18,-998,-1,0,0,0,0,0,0,0,"keyboard-worker","OK",1783378106762,119243,2139
1187,1783378106851,119333,119332,-1,1,0,0,0,0,73,76,10,0,86,110.95,0,-12,-21,-1002,-1,0,0,0,0,0,0,0,"keyboard-worker","OK",1783378106812,119293,2140
1188,1783378106933,119415,119415,-1,1,0,0,0,0,73,76,10,0,86,110.68,0,-11,-18,-998,-1,0,0,0,0,0,0,0,"keyboard-worker","OK",1783378106912,119393,2142
1189,1783378107033,119515,119514,-1,1,0,0,0,0,73,76,10,0,86,110.55,0,-10,-21,-997,-1,0,0,0,0,0,0,0,"keyboard-worker","OK",1783378107012,119493,2144
1190,1783378107141,119623,119622,0,1,0,0,0,0,73,76,10,0,86,110.46,0,-10,-20,-1001,-1,0,0,0,0,0,0,0,"keyboard-worker","OK",1783378107112,119594,2146
1191,1783378107232,119714,119714,0,1,0,0,0,0,73,76,10,0,86,110.43,0,-9,-18,-1000,-1,0,0,0,0,0,0,0,"keyboard-worker","OK",1783378107213,119694,2148
1192,1783378107335,119817,119816,0,1,0,0,0,0,73,76,10,0,86,110.47,0,-11,-22,-1001,-1,0,0,0,0,0,0,0,"keyboard-worker","OK",1783378107313,119794,2150
1193,1783378107399,119881,119880,0,1,0,0,0,0,73,76,10,0,86,110.6,0,-14,-19,-1005,-1,0,0,0,0,0,0,0,"keyboard-worker","OK",1783378107363,119844,2151
1194,1783378107537,120019,120018,0,1,0,0,0,0,73,75,10,0,86,110.47,0,-11,-20,-1002,-1,0,0,0,0,0,0,0,"keyboard-worker","OK",1783378107513,119995,2154
1195,1783378107639,120121,120120,0,1,0,0,0,0,73,75,10,0,86,110.59,0,-11,-19,-1002,-1,0,0,0,0,0,0,0,"keyboard-worker","OK",1783378107614,120095,2156
