state_sequence,timestamp_ms,recording_elapsed_ms,steady_elapsed_ms,pitch,roll,yaw,vgx,vgy,vgz,templ,temph,tof,h,bat,baro,time,agx,agy,agz,mid,x,y,z,rc_a,rc_b,rc_c,rc_d,rc_source,rc_result,rc_timestamp_ms,rc_steady_elapsed_ms,rc_sequence
0,1783378545604,0,0,0,0,0,0,0,0,61,63,10,0,88,110.4,0,0,7,-999,-1,0,0,0,,,,,,,,,
1,1783378545703,99,99,0,0,0,0,0,0,61,63,10,0,88,110.35,0,0,8,-998,-1,0,0,0,,,,,,,,,
2,1783378545804,200,200,0,0,0,0,0,0,61,63,10,0,88,110.04,0,1,7,-999,-1,0,0,0,,,,,,,,,
3,1783378545905,301,301,0,0,0,0,0,0,61,63,10,0,88,110.5,0,0,9,-999,-1,0,0,0,,,,,,,,,
4,1783378546010,406,405,0,0,0,0,0,0,61,63,10,0,88,110.36,0,0,7,-998,-1,0,0,0,,,,,,,,,
5,1783378546109,505,504,0,0,0,0,0,0,61,64,10,0,88,110.6,0,0,7,-998,-1,0,0,0,,,,,,,,,
6,1783378546210,606,605,0,0,0,0,0,0,61,64,10,0,88,110.46,0,0,8,-996,-1,0,0,0,,,,,,,,,
7,1783378546311,707,706,0,0,0,0,0,0,61,64,10,0,88,110.26,0,-1,8,-998,-1,0,0,0,,,,,,,,,
8,1783378546412,808,808,0,0,0,0,0,0,61,64,10,0,88,110.39,0,0,7,-1001,-1,0,0,0,,,,,,,,,
9,1783378546514,910,910,0,0,0,0,0,0,61,64,10,0,88,110.09,0,0,8,-1000,-1,0,0,0,,,,,,,,,
10,1783378546614,1010,1010,0,0,0,0,0,0,61,64,10,0,88,110.49,0,0,9,-1000,-1,0,0,0,,,,,,,,,
11,1783378546716,1112,1112,0,0,0,0,0,0,61,64,10,0,88,110.38,0,0,7,-1000,-1,0,0,0,,,,,,,,,
12,1783378546766,1162,1162,0,0,0,0,0,0,61,64,10,0,88,110.15,0,0,8,-1000,-1,0,0,0,,,,,,,,,
13,1783378546867,1263,1263,0,0,0,0,0,0,61,64,10,0,88,110.53,0,0,7,-1000,-1,0,0,0,,,,,,,,,
14,1783378546969,1365,1365,0,0,0,0,0,0,61,64,10,0,88,110.25,0,0,7,-998,-1,0,0,0,,,,,,,,,
15,1783378547070,1466,1466,0,0,0,0,0,0,60,63,10,0,88,110.26,0,0,7,-1000,-1,0,0,0,,,,,,,,,
16,1783378547172,1568,1567,0,0,0,0,0,0,60,63,10,0,88,110.43,0,0,9,-997,-1,0,0,0,,,,,,,,,
17,1783378547273,1669,1669,0,0,0,0,0,0,60,63,10,0,88,110.52,0,0,8,-997,-1,0,0,0,,,,,,,,,
18,1783378547374,1770,1769,0,0,0,0,0,0,60,63,10,0,88,110.48,0,0,8,-1001,-1,0,0,0,,,,,,,,,
19,1783378547475,1871,1871,0,0,0,0,0,0,60,63,10,0,88,110.4,0,0,8,-998,-1,0,0,0,,,,,,,,,
20,1783378547577,1973,1972,0,0,0,0,0,0,60,63,10,0,88,110.47,0,0,9,-1000,-1,0,0,0,,,,,,,,,
21,1783378547678,2074,2074,0,0,0,0,0,0,60,63,10,0,88,110.59,0,1,9,-998,-1,0,0,0,,,,,,,,,
22,1783378547779,2175,2175,0,0,0,0,0,0,60,63,10,0,88,110.41,0,0,7,-1002,-1,0,0,0,,,,,,,,,
23,1783378547883,2279,2278,0,0,0,0,0,0,60,63,10,0,88,110.36,0,1,8,-998,-1,0,0,0,,,,,,,,,
24,1783378547982,2378,2377,0,0,0,0,0,0,60,63,10,0,88,110.49,0,2,8,-999,-1,0,0,0,,,,,,,,,
25,1783378548084,2480,2479,0,0,0,0,0,0,62,64,10,0,88,110.29,0,0,7,-1000,-1,0,0,0,,,,,,,,,
26,1783378548185,2581,2580,0,0,0,0,0,0,62,64,10,0,88,110.65,0,0,8,-997,-1,0,0,0,,,,,,,,,
27,1783378548288,2684,2683,0,0,0,0,0,0,62,64,10,0,88,110.22,0,0,9,-998,-1,0,0,0,,,,,,,,,
28,1783378548389,2785,2784,0,0,0,0,0,0,62,64,10,0,88,110.6,0,0,7,-1000,-1,0,0,0,,,,,,,,,
29,1783378548488,2884,2884,0,0,0,0,0,0,62,64,10,0,88,110.34,0,0,8,-999,-1,0,0,0,,,,,,,,,
30,1783378548590,2986,2986,0,0,0,0,0,0,62,64,10,0,88,110.69,0,1,8,-1000,-1,0,0,0,,,,,,,,,
31,1783378548690,3086,3086,0,0,0,0,0,0,62,64,10,0,88,110.64,0,0,8,-999,-1,0,0,0,,,,,,,,,
32,1783378548792,3188,3187,0,0,0,0,0,0,62,64,10,0,88,110.27,0,0,6,-996,-1,0,0,0,,,,,,,,,
33,1783378548893,3289,3289,0,0,0,0,0,0,62,64,10,0,88,110.14,0,0,8,-999,-1,0,0,0,,,,,,,,,
34,1783378548994,3390,3390,0,0,0,0,0,0,62,64,10,0,88,110.8,0,0,8,-1000,-1,0,0,0,,,,,,,,,
35,1783378549098,3494,3493,0,0,0,0,0,0,62,64,10,0,88,110.15,0,0,8,-1001,-1,0,0,0,,,,,,,,,
36,1783378549198,3594,3593,0,0,0,0,0,0,62,64,10,0,88,110.31,0,0,7,-999,-1,0,0,0,,,,,,,,,
37,1783378549298,3694,3694,0,0,0,0,0,0,62,64,10,0,88,110.34,0,1,8,-999,-1,0,0,0,,,,,,,,,
38,1783378549349,3745,3744,0,0,0,0,0,0,62,64,10,0,88,110.33,0,0,8,-998,-1,0,0,0,,,,,,,,,
39,1783378549450,3846,3846,0,0,0,0,0,0,62,64,10,0,88,110.27,0,0,8,-1000,-1,0,0,0,,,,,,,,,
40,1783378549553,3949,3949,0,0,0,0,0,0,62,64,10,0,88,110.43,0,0,9,-999,-1,0,0,0,,,,,,,,,
41,1783378549652,4048,4048,0,0,0,0,0,0,62,64,10,0,88,110.27,0,0,7,-998,-1,0,0,0,,,,,,,,,
42,1783378549754,4150,4149,0,0,0,0,0,0,62,64,10,0,88,110.19,0,1,7,-998,-1,0,0,0,,,,,,,,,
43,1783378549855,4251,4250,0,0,0,0,0,0,62,64,10,0,88,110.38,0,1,7,-997,-1,0,0,0,,,,,,,,,
44,1783378549956,4352,4352,0,0,0,0,0,0,62,64,10,0,88,110.27,0,0,9,-999,-1,0,0,0,,,,,,,,,
45,1783378550057,4453,4452,0,0,0,0,0,0,62,64,10,0,88,110.53,0,0,8,-1000,-1,0,0,0,,,,,,,,,
46,1783378550158,4554,4554,0,0,0,0,0,0,62,64,10,0,88,110.46,0,0,8,-1000,-1,0,0,0,,,,,,,,,
47,1783378550259,4655,4655,0,0,0,0,0,0,62,64,10,0,88,110.46,0,0,9,-1001,-1,0,0,0,,,,,,,,,
48,1783378550361,4757,4756,0,0,0,0,0,0,62,64,10,0,88,110.15,0,0,6,-998,-1,0,0,0,,,,,,,,,
49,1783378550463,4859,4858,0,0,0,0,0,0,62,64,10,0,88,110.19,0,0,7,-1001,-1,0,0,0,,,,,,,,,
50,1783378550564,4960,4959,0,0,0,0,0,0,62,64,10,0,88,110.1,0,0,8,-999,-1,0,0,0,,,,,,,,,
51,1783378550664,5060,5060,0,0,0,0,0,0,62,64,10,0,88,110.46,0,0,7,-1001,-1,0,0,0,,,,,,,,,
52,1783378550766,5162,5162,0,0,0,0,0,0,62,64,10,0,88,110.3,0,0,9,-1002,-1,0,0,0,,,,,,,,,
53,1783378550866,5262,5262,0,0,0,0,0,0,62,64,10,0,88,110.37,0,1,9,-1000,-1,0,0,0,,,,,,,,,
54,1783378550968,5364,5364,0,0,0,0,0,0,62,64,10,0,88,110.52,0,1,7,-998,-1,0,0,0,,,,,,,,,
55,1783378551069,5465,5465,0,0,0,0,0,0,62,63,10,0,88,110.17,0,0,8,-999,-1,0,0,0,,,,,,,,,
56,1783378551170,5566,5566,0,0,0,0,0,0,62,63,10,0,88,109.98,0,0,7,-999,-1,0,0,0,,,,,,,,,
57,1783378551271,5667,5667,0,0,0,0,0,0,62,63,10,0,88,110.15,0,2,9,-998,-1,0,0,0,,,,,,,,,
58,1783378551372,5768,5768,0,0,0,0,0,0,62,63,10,0,88,110.25,0,0,6,-1001,-1,0,0,0,,,,,,,,,
59,1783378551474,5870,5869,0,0,0,0,0,0,62,63,10,0,88,110.42,0,0,8,-999,-1,0,0,0,,,,,,,,,
60,1783378551575,5971,5970,0,0,0,0,0,0,62,63,10,0,88,110.22,0,4,8,-1000,-1,0,0,0,,,,,,,,,
61,1783378551676,6072,6072,0,0,0,0,0,0,62,63,10,0,88,110.5,0,0,8,-998,-1,0,0,0,,,,,,,,,
62,1783378551778,6174,6173,0,0,0,0,0,0,62,63,10,0,88,110.27,0,1,9,-1001,-1,0,0,0,,,,,,,,,
63,1783378551879,6275,6274,0,0,0,0,0,0,62,63,10,0,88,110.37,0,0,7,-998,-1,0,0,0,,,,,,,,,
64,1783378551929,6325,6325,0,0,0,0,0,0,62,63,10,0,88,110.3,0,0,7,-999,-1,0,0,0,,,,,,,,,
65,1783378552030,6426,6426,0,0,0,0,0,0,62,65,10,0,88,110.37,0,0,7,-1001,-1,0,0,0,,,,,,,,,
66,1783378552132,6528,6527,0,0,0,0,0,0,62,65,10,0,88,110.2,0,0,8,-1000,-1,0,0,0,,,,,,,,,
67,1783378552233,6629,6628,0,0,0,0,0,0,62,65,10,0,88,110.17,0,0,8,-997,-1,0,0,0,,,,,,,,,
68,1783378552334,6730,6729,0,0,0,0,0,0,62,65,10,0,88,110.64,0,1,9,-999,-1,0,0,0,,,,,,,,,
69,1783378552437,6833,6832,0,0,0,0,0,0,62,65,10,0,88,110.28,0,0,7,-998,-1,0,0,0,,,,,,,,,
70,1783378552536,6932,6932,0,0,0,0,0,0,62,65,10,0,88,110.42,0,1,9,-1001,-1,0,0,0,,,,,,,,,
71,1783378552637,7033,7033,0,0,0,0,0,0,62,65,10,0,88,110.36,0,1,7,-998,-1,0,0,0,,,,,,,,,
72,1783378552739,7135,7134,0,0,0,0,0,0,62,65,10,0,88,110.08,0,0,8,-999,-1,0,0,0,,,,,,,,,
73,1783378552840,7236,7235,0,0,0,0,0,0,62,65,10,0,88,110.13,0,1,7,-998,-1,0,0,0,,,,,,,,,
74,1783378552941,7337,7337,0,0,0,0,0,0,62,65,10,0,88,110.31,0,0,7,-999,-1,0,0,0,,,,,,,,,
75,1783378553042,7438,7438,0,0,0,0,0,0,62,65,10,0,88,110.35,0,0,9,-1000,-1,0,0,0,,,,,,,,,
76,1783378553143,7539,7539,0,0,0,0,0,0,62,65,10,0,88,110.54,0,0,7,-1000,-1,0,0,0,,,,,,,,,
77,1783378553244,7640,7640,0,0,0,0,0,0,62,65,10,0,88,110.46,0,1,8,-999,-1,0,0,0,,,,,,,,,
78,1783378553345,7741,7741,0,0,0,0,0,0,62,65,10,0,88,110.3,0,0,8,-996,-1,0,0,0,,,,,,,,,
79,1783378553446,7842,7842,0,0,0,0,0,0,62,65,10,0,88,110.3,0,1,6,-1000,-1,0,0,0,,,,,,,,,
80,1783378553548,7944,7943,0,0,0,0,0,0,62,65,10,0,88,110.04,0,0,9,-1000,-1,0,0,0,,,,,,,,,
81,1783378553649,8045,8045,0,0,0,0,0,0,62,65,10,0,88,110.16,0,0,7,-1000,-1,0,0,0,,,,,,,,,
82,1783378553750,8146,8146,0,0,0,0,0,0,62,65,10,0,88,110.32,0,0,8,-998,-1,0,0,0,,,,,,,,,
83,1783378553851,8247,8247,0,0,0,0,0,0,62,65,10,0,88,110.41,0,2,7,-999,-1,0,0,0,,,,,,,,,
84,1783378553952,8348,8348,0,0,0,0,0,0,62,65,10,0,88,110.54,0,0,7,-997,-1,0,0,0,,,,,,,,,
85,1783378554053,8449,8449,0,0,0,0,0,0,62,64,10,0,88,110.06,0,0,8,-999,-1,0,0,0,,,,,,,,,
86,1783378554155,8551,8550,0,0,0,0,0,0,62,64,10,0,88,110.67,0,0,7,-1000,-1,0,0,0,,,,,,,,,
87,1783378554257,8653,8653,0,0,0,0,0,0,62,64,10,0,88,110.09,0,2,7,-999,-1,0,0,0,,,,,,,,,
88,1783378554357,8753,8752,0,0,0,0,0,0,62,64,10,0,88,110.46,0,0,8,-997,-1,0,0,0,,,,,,,,,
89,1783378554458,8854,8853,0,0,0,0,0,0,62,64,10,0,88,110.34,0,1,8,-997,-1,0,0,0,,,,,,,,,
90,1783378554559,8955,8955,0,0,0,0,0,0,62,64,10,0,88,110.52,0,1,9,-1000,-1,0,0,0,,,,,,,,,
91,1783378554660,9056,9056,0,0,0,0,0,0,62,64,10,0,88,110.18,0,1,8,-997,-1,0,0,0,,,,,,,,,
92,1783378554761,9157,9157,0,0,0,0,0,0,62,64,10,0,88,110.22,0,0,6,-997,-1,0,0,0,,,,,,,,,
93,1783378554862,9258,9258,0,0,0,0,0,0,62,64,10,0,88,110.26,0,1,7,-1002,-1,0,0,0,,,,,,,,,
94,1783378554913,9309,9308,0,0,0,0,0,0,62,64,10,0,88,110.1,0,2,8,-997,-1,0,0,0,,,,,,,,,
95,1783378555065,9461,9460,0,0,0,0,0,0,63,64,10,0,88,110.51,0,0,9,-997,-1,0,0,0,,,,,,,,,
96,1783378555166,9562,9561,0,0,0,0,0,0,63,64,10,0,88,110.19,0,0,7,-998,-1,0,0,0,,,,,,,,,
97,1783378555216,9612,9612,0,0,0,0,0,0,63,64,10,0,88,110.23,0,0,8,-999,-1,0,0,0,,,,,,,,,
98,1783378555318,9714,9713,0,0,0,0,0,0,63,64,10,0,88,110.25,0,0,6,-999,-1,0,0,0,,,,,,,,,
99,1783378555418,9814,9814,0,0,0,0,0,0,63,64,10,0,88,110.37,0,1,8,-1001,-1,0,0,0,,,,,,,,,
100,1783378555520,9916,9916,0,0,0,0,0,0,63,64,10,0,88,110.25,0,0,7,-998,-1,0,0,0,,,,,,,,,
101,1783378555625,10021,10020,0,0,0,0,0,0,63,64,10,0,88,110.09,0,1,8,-1000,-1,0,0,0,,,,,,,,,
102,1783378555722,10118,10117,0,0,0,0,0,0,63,64,10,0,88,110.27,0,2,9,-998,-1,0,0,0,,,,,,,,,
103,1783378555823,10219,10219,0,0,0,0,0,0,63,64,10,0,88,110.22,0,1,6,-998,-1,0,0,0,,,,,,,,,
104,1783378555924,10320,10319,0,0,0,0,0,0,63,64,10,0,88,110.46,0,0,7,-996,-1,0,0,0,,,,,,,,,
105,1783378556026,10422,10421,0,0,0,0,0,0,63,66,10,0,88,110.13,0,0,9,-1001,-1,0,0,0,,,,,,,,,
106,1783378556127,10523,10523,0,0,0,0,0,0,63,66,10,0,88,110.19,0,1,8,-998,-1,0,0,0,,,,,,,,,
107,1783378556228,10624,10623,0,0,0,0,0,0,63,66,10,0,88,110.39,0,2,8,-998,-1,0,0,0,,,,,,,,,
108,1783378556329,10725,10725,0,0,0,0,0,0,63,66,10,0,88,110.04,0,2,8,-999,-1,0,0,0,,,,,,,,,
109,1783378556430,10826,10825,0,0,0,0,0,0,63,66,10,0,88,110.41,0,0,7,-999,-1,0,0,0,,,,,,,,,
110,1783378556531,10927,10927,0,0,0,0,0,0,63,66,10,0,88,109.97,0,0,10,-1000,-1,0,0,0,,,,,,,,,
111,1783378556634,11030,11030,0,0,0,0,0,0,63,66,10,0,88,110.48,0,2,8,-998,-1,0,0,0,,,,,,,,,
112,1783378556733,11129,11129,0,0,0,0,0,0,63,66,10,0,88,110.34,0,1,6,-997,-1,0,0,0,,,,,,,,,
113,1783378556834,11230,11230,0,0,0,0,0,0,63,66,10,0,88,110.25,0,0,6,-1000,-1,0,0,0,,,,,,,,,
114,1783378556935,11331,11331,0,0,0,0,0,0,63,66,10,0,88,110.37,0,0,7,-998,-1,0,0,0,,,,,,,,,
115,1783378557036,11432,11432,0,0,0,0,0,0,63,65,10,0,88,110.21,0,0,6,-1000,-1,0,0,0,,,,,,,,,
116,1783378557137,11533,11533,0,0,0,0,0,0,63,65,10,0,88,110.77,0,2,7,-999,-1,0,0,0,,,,,,,,,
117,1783378557239,11635,11634,0,0,0,0,0,0,63,65,10,0,88,110.26,0,2,7,-999,-1,0,0,0,,,,,,,,,
118,1783378557340,11736,11736,0,0,0,0,0,0,63,65,10,0,88,110,0,2,8,-1000,-1,0,0,0,,,,,,,,,
119,1783378557442,11838,11838,0,0,0,0,0,0,63,65,10,0,88,110.42,0,2,9,-1001,-1,0,0,0,,,,,,,,,
120,1783378557543,11939,11939,0,0,0,0,0,0,63,65,10,0,88,110.47,0,1,8,-997,-1,0,0,0,,,,,,,,,
121,1783378557868,12264,12264,0,0,0,0,0,0,63,65,10,0,88,110.59,0,0,8,-999,-1,0,0,0,,,,,,,,,
122,1783378557968,12364,12363,0,0,0,0,0,0,63,65,10,0,88,110.55,0,2,8,-999,-1,0,0,0,,,,,,,,,
123,1783378558011,12407,12407,0,0,0,0,0,0,63,65,10,0,88,110.41,0,2,9,-1001,-1,0,0,0,,,,,,,,,
124,1783378558088,12484,12484,0,0,0,0,0,0,63,65,10,0,88,110.26,0,2,8,-999,-1,0,0,0,,,,,,,,,
125,1783378558208,12604,12603,0,0,0,0,0,0,63,65,10,0,88,110.31,0,0,7,-1000,-1,0,0,0,,,,,,,,,
126,1783378558331,12727,12727,0,0,0,0,0,0,63,65,10,0,88,110.55,0,0,9,-1000,-1,0,0,0,,,,,,,,,
127,1783378558388,12784,12784,0,0,0,0,0,0,63,65,10,0,88,110.27,0,0,7,-1002,-1,0,0,0,,,,,,,,,
128,1783378558511,12907,12907,0,0,0,0,0,0,63,65,10,0,88,110.38,0,1,8,-1001,-1,0,0,0,,,,,,,,,
129,1783378558602,12998,12998,0,0,0,0,0,0,63,65,10,0,88,110.21,0,0,8,-999,-1,0,0,0,,,,,,,,,
130,1783378558759,13155,13155,0,0,0,0,0,0,63,65,10,0,88,110.24,0,2,7,-999,-1,0,0,0,,,,,,,,,
131,1783378558962,13358,13358,0,0,0,0,0,0,63,65,10,0,88,110.4,0,2,8,-1001,-1,0,0,0,,,,,,,,,
132,1783378558967,13363,13362,0,0,0,0,0,0,63,65,10,0,88,110.31,0,3,7,-998,-1,0,0,0,,,,,,,,,
133,1783378558990,13386,13385,0,0,0,0,0,0,63,65,10,0,88,110.21,0,0,6,-998,-1,0,0,0,,,,,,,,,
134,1783378559103,13499,13498,0,0,0,0,0,0,63,65,10,0,88,110.48,0,2,7,-1002,-1,0,0,0,,,,,,,,,
135,1783378559299,13695,13694,0,0,0,0,0,0,63,66,10,0,88,110.33,0,2,7,-998,-1,0,0,0,,,,,,,,,
136,1783378559305,13701,13701,0,0,0,0,0,0,63,66,10,0,88,110.33,0,2,8,-1001,-1,0,0,0,,,,,,,,,
137,1783378559409,13805,13805,0,0,0,0,0,0,63,66,10,0,88,109.99,0,2,8,-1000,-1,0,0,0,,,,,,,,,
138,1783378559553,13949,13949,0,0,0,0,0,0,63,66,10,0,88,110.44,0,1,8,-998,-1,0,0,0,,,,,,,,,
139,1783378559629,14025,14024,0,0,0,0,0,0,63,66,10,0,88,110.42,0,1,8,-1000,-1,0,0,0,,,,,,,,,
140,1783378559745,14141,14140,0,0,0,0,0,0,63,66,10,0,88,110.44,0,1,8,-1001,-1,0,0,0,,,,,,,,,
141,1783378559829,14225,14225,0,0,0,0,0,0,63,66,10,0,88,110.34,0,2,9,-1003,-1,0,0,0,,,,,,,,,
142,1783378559872,14268,14267,0,0,0,0,0,0,63,66,10,0,88,110.28,0,0,8,-1001,-1,0,0,0,,,,,,,,,
143,1783378560039,14435,14435,0,0,0,0,0,0,63,66,10,0,88,110.37,0,1,8,-997,-1,0,0,0,,,,,,,,,
144,1783378560224,14620,14620,0,0,0,0,0,0,63,66,10,0,88,110.24,0,2,9,-1000,-1,0,0,0,,,,,,,,,
145,1783378560230,14626,14625,0,0,0,0,0,0,63,66,10,0,88,110.45,0,1,8,-999,-1,0,0,0,,,,,,,,,
146,1783378560336,14732,14732,0,0,0,0,0,0,63,66,10,0,88,110.56,0,1,8,-999,-1,0,0,0,,,,,,,,,
147,1783378560488,14884,14884,0,0,0,0,0,0,63,66,10,0,88,110.15,0,1,8,-1000,-1,0,0,0,,,,,,,,,
148,1783378560493,14889,14888,0,0,0,0,0,0,63,66,10,0,87,110.46,0,2,7,-996,-1,0,0,0,,,,,,,,,
149,1783378560629,15025,15024,0,0,0,0,0,0,63,66,10,0,87,110.44,0,2,8,-998,-1,0,0,0,,,,,,,,,
150,1783378560836,15232,15232,0,0,0,0,0,0,63,66,10,0,87,110.09,0,1,8,-1002,-1,0,0,0,,,,,,,,,
151,1783378560842,15238,15237,0,0,0,0,0,0,63,66,10,0,87,110.19,0,2,8,-999,-1,0,0,0,,,,,,,,,
152,1783378560988,15384,15383,0,0,0,0,0,0,63,66,10,0,87,110.43,0,0,8,-1000,-1,0,0,0,,,,,,,,,
153,1783378561053,15449,15448,0,0,0,0,0,0,63,66,10,0,87,110.16,0,2,8,-996,-1,0,0,0,,,,,,,,,
154,1783378561178,15574,15573,0,0,0,0,0,0,63,66,10,0,87,110.36,0,0,9,-1000,-1,0,0,0,,,,,,,,,
155,1783378561255,15651,15650,0,0,0,0,0,0,63,65,10,0,87,110.44,0,0,9,-1000,-1,0,0,0,,,,,,,,,
156,1783378561471,15867,15867,0,0,0,0,0,0,63,65,10,0,87,110.47,0,2,8,-998,-1,0,0,0,,,,,,,,,
157,1783378561476,15872,15872,0,0,0,0,0,0,63,65,10,0,87,110.15,0,0,8,-998,-1,0,0,0,,,,,,,,,
158,1783378561538,15934,15934,0,0,0,0,0,0,63,65,10,0,87,110.42,0,2,8,-999,-1,0,0,0,,,,,,,,,
159,1783378561665,16061,16060,0,0,0,0,0,0,63,65,10,0,87,110.18,0,0,7,-999,-1,0,0,0,,,,,,,,,
160,1783378561844,16240,16239,0,0,0,0,0,0,63,65,10,0,87,110.57,0,2,9,-998,-1,0,0,0,,,,,,,,,
161,1783378561852,16248,16248,0,0,0,0,0,0,63,65,10,0,87,110.59,0,3,6,-999,-1,0,0,0,,,,,,,,,
162,1783378561962,16358,16358,0,0,0,0,0,0,63,65,10,0,87,110.49,0,1,8,-1001,-1,0,0,0,,,,,,,,,
163,1783378562141,16537,16537,0,0,0,0,0,0,63,65,10,0,87,110.23,0,1,8,-999,-1,0,0,0,,,,,,,,,
164,1783378562270,16666,16666,0,0,0,0,0,0,63,65,10,0,87,110.23,0,0,7,-999,-1,0,0,0,,,,,,,,,
165,1783378562275,16671,16671,0,0,0,0,0,0,64,67,10,0,87,110.33,0,2,8,-998,-1,0,0,0,,,,,,,,,
166,1783378562385,16781,16781,0,0,0,0,0,0,64,67,10,0,87,110.25,0,1,9,-999,-1,0,0,0,,,,,,,,,
167,1783378562532,16928,16928,0,0,0,0,0,0,64,67,10,0,87,110.04,0,0,8,-999,-1,0,0,0,,,,,,,,,
168,1783378562558,16954,16954,0,0,0,0,0,0,64,67,10,0,87,110.41,0,1,8,-996,-1,0,0,0,,,,,,,,,
169,1783378562621,17017,17017,0,0,0,0,0,0,64,67,10,0,87,110.29,0,2,8,-999,-1,0,0,0,,,,,,,,,
170,1783378562786,17182,17182,0,0,0,0,0,0,64,67,10,0,87,110.27,0,1,8,-1001,-1,0,0,0,,,,,,,,,
171,1783378562922,17318,17317,0,0,0,0,0,0,64,67,10,0,87,110.31,0,0,7,-998,-1,0,0,0,,,,,,,,,
172,1783378562982,17378,17377,0,0,0,0,0,0,64,67,10,0,87,110.23,0,1,7,-1001,-1,0,0,0,,,,,,,,,
173,1783378563161,17557,17557,0,0,0,0,0,0,64,67,10,0,87,110.2,0,1,8,-999,-1,0,0,0,,,,,,,,,
174,1783378563221,17617,17616,0,0,0,0,0,0,64,67,10,0,87,110.4,0,0,8,-1000,-1,0,0,0,,,,,,,,,
175,1783378563316,17712,17712,0,0,0,0,0,0,64,66,10,0,87,110.33,0,1,8,-997,-1,0,0,0,,,,,,,,,
176,1783378563372,17768,17768,0,0,0,0,0,0,64,66,10,0,87,110.23,0,1,8,-999,-1,0,0,0,,,,,,,,,
177,1783378563502,17898,17897,0,0,0,0,0,0,64,66,10,0,87,110.23,0,2,10,-998,-1,0,0,0,,,,,,,,,
178,1783378563587,17983,17983,0,0,0,0,0,0,64,66,10,0,87,110.23,0,-2,9,-993,-1,0,0,0,,,,,,,,,
179,1783378563738,18134,18134,0,0,0,0,0,0,64,66,10,0,87,110.23,0,71,-21,-1002,-1,0,0,0,,,,,,,,,
180,1783378563898,18294,18294,0,0,0,0,0,0,64,66,10,0,87,110.23,0,0,1,-971,-1,0,0,0,,,,,,,,,
181,1783378563973,18369,18369,1,0,0,0,0,0,64,66,10,0,87,110.23,0,-6,10,-1172,-1,0,0,0,,,,,,,,,
182,1783378563981,18377,18377,1,0,0,0,0,-2,64,66,10,0,87,110.23,0,-22,15,-1431,-1,0,0,0,,,,,,,,,
183,1783378564105,18501,18500,0,0,0,0,0,-6,64,66,13,0,87,110.23,0,3,3,-1219,-1,0,0,0,,,,,,,,,
184,1783378564234,18630,18629,-1,0,0,0,0,-7,64,66,22,10,87,110.68,0,2,-1,-1107,-1,0,0,0,,,,,,,,,
185,1783378564308,18704,18703,-1,0,0,0,0,-8,65,67,30,20,87,110.88,0,20,1,-1000,-1,0,0,0,,,,,,,,,
186,1783378564457,18853,18853,0,0,0,0,0,-8,65,67,37,30,87,110.67,1,-9,6,-956,-1,0,0,0,,,,,,,,,
187,1783378564533,18929,18928,0,0,0,0,0,-7,65,67,43,40,87,110.95,1,-2,-1,-925,-1,0,0,0,,,,,,,,,
188,1783378567028,21424,21423,0,0,0,0,0,-6,65,67,50,50,87,110.95,1,-15,6,-883,-1,0,0,0,,,,,,,,,
189,1783378567181,21577,21577,0,0,0,0,0,0,65,67,84,80,87,111.21,3,24,-7,-1004,-1,0,0,0,0,0,0,0,"keyboard-worker","TIMEOUT",1783378567173,21569,1
190,1783378567267,21663,21663,0,0,0,0,0,0,65,67,85,80,87,111.26,3,10,-12,-986,-1,0,0,0,0,0,0,0,"keyboard-worker","TIMEOUT",1783378567223,21619,2
191,1783378567446,21842,21841,0,0,0,0,0,0,65,68,85,80,87,110.99,3,-26,10,-958,-1,0,0,0,0,0,0,0,"keyboard-worker","TIMEOUT",1783378567424,21820,6
192,1783378567450,21846,21846,0,0,0,0,0,0,65,68,85,80,87,111.29,4,12,0,-987,-1,0,0,0,0,0,0,0,"keyboard-worker","TIMEOUT",1783378567424,21820,6
193,1783378567564,21960,21960,0,0,0,0,0,0,65,68,86,80,87,111.29,4,-14,10,-976,-1,0,0,0,0,0,0,0,"keyboard-worker","TIMEOUT",1783378567525,21920,8
194,1783378567750,22146,22146,0,0,0,0,0,0,65,68,86,80,87,111.21,4,1,4,-974,-1,0,0,0,0,0,0,0,"keyboard-worker","TIMEOUT",1783378567725,22121,12
195,1783378567797,22193,22192,-1,0,0,0,0,0,65,68,86,80,87,111.07,4,7,0,-1000,-1,0,0,0,0,0,0,0,"keyboard-worker","TIMEOUT",1783378567775,22171,13
196,1783378567903,22299,22299,-1,0,0,0,0,0,65,68,86,80,87,111.51,4,-47,34,-1022,-1,0,0,0,0,0,0,0,"keyboard-worker","TIMEOUT",1783378567875,22271,15
197,1783378567950,22346,22346,-1,0,0,0,0,0,65,68,86,80,87,111.3,4,14,-3,-1008,-1,0,0,0,0,0,0,0,"keyboard-worker","TIMEOUT",1783378567926,22321,16
198,1783378568011,22407,22407,-1,0,0,0,0,0,65,68,86,80,87,110.91,4,-20,4,-976,-1,0,0,0,0,0,0,0,"keyboard-worker","TIMEOUT",1783378567976,22371,17
199,1783378568212,22608,22608,-1,0,0,0,0,0,65,68,86,80,87,111.18,4,4,-16,-1009,-1,0,0,0,0,0,0,0,"keyboard-worker","TIMEOUT",1783378568176,22572,21
200,1783378568326,22722,22722,-1,0,0,0,0,0,65,68,85,80,87,111.39,4,16,-25,-984,-1,0,0,0,0,0,0,0,"keyboard-worker","TIMEOUT",1783378568326,22722,24
201,1783378568407,22803,22803,0,0,0,0,0,0,65,68,85,80,87,111.25,4,2,5,-1003,-1,0,0,0,0,0,0,0,"keyboard-worker","TIMEOUT",1783378568377,22772,25
202,1783378568518,22914,22914,0,0,0,0,0,0,65,68,85,80,87,111.36,5,-14,8,-1030,-1,0,0,0,0,0,0,0,"keyboard-worker","TIMEOUT",1783378568477,22873,27
203,1783378568595,22991,22991,0,0,0,0,0,0,65,68,85,80,86,111.48,5,27,-5,-1004,-1,0,0,0,0,0,0,0,"keyboard-worker","OK",1783378568577,22973,29
204,1783378568735,23131,23131,0,0,0,0,0,0,65,68,85,80,86,111.16,5,25,-13,-1012,-1,0,0,0,0,0,0,0,"keyboard-worker","OK",1783378568728,23124,32
205,1783378568817,23213,23212,0,0,0,0,0,0,65,68,85,80,86,111.04,5,14,-4,-1001,-1,0,0,0,0,0,0,0,"keyboard-worker","OK",1783378568778,23174,33
206,1783378568881,23277,23276,0,0,0,0,0,0,65,68,85,80,86,111.08,5,-6,11,-999,-1,0,0,0,0,0,0,0,"keyboard-worker","OK",1783378568879,23274,35
207,1783378569032,23428,23427,0,0,0,0,0,0,65,68,84,80,86,111.18,5,-17,4,-970,-1,0,0,0,0,0,0,0,"keyboard-worker","OK",1783378569029,23425,38
208,1783378569091,23487,23486,0,0,0,0,0,0,65,68,84,80,86,111.24,5,-6,6,-1006,-1,0,0,0,0,0,0,0,"keyboard-worker","OK",1783378569080,23475,39
209,1783378569215,23611,23610,0,0,0,0,0,0,65,68,84,80,86,111.39,5,0,1,-1001,-1,0,0,0,0,0,0,0,"keyboard-worker","OK",1783378569180,23576,41
210,1783378569315,23711,23711,0,0,0,0,0,0,65,68,84,80,86,111.43,5,-2,4,-994,-1,0,0,0,0,0,0,0,"keyboard-worker","OK",1783378569280,23676,43
211,1783378569412,23808,23808,0,0,0,0,0,0,65,67,83,80,86,111.37,5,8,8,-1008,-1,0,0,0,0,0,0,0,"keyboard-worker","OK",1783378569381,23776,45
212,1783378569460,23856,23856,0,0,0,0,0,0,65,67,83,80,86,111.34,6,6,2,-1003,-1,0,0,0,0,0,0,0,"keyboard-worker","OK",1783378569431,23826,46
213,1783378569624,24020,24019,-1,0,0,0,0,0,65,67,83,80,86,111.07,6,44,-10,-1013,-1,0,0,0,0,0,0,0,"keyboard-worker","OK",1783378569581,23977,49
214,1783378569823,24219,24219,-1,0,0,0,0,0,65,67,83,80,86,111.31,6,33,2,-1036,-1,0,0,0,0,0,0,0,"keyboard-worker","OK",1783378569782,24177,53
215,1783378569875,24271,24271,-1,0,0,0,0,0,65,67,83,80,86,111.35,6,16,29,-1027,-1,0,0,0,0,0,0,0,"keyboard-worker","OK",1783378569832,24228,54
216,1783378569897,24293,24293,0,0,0,0,0,0,65,67,83,80,86,111.43,6,1,20,-998,-1,0,0,0,0,0,0,0,"keyboard-worker","OK",1783378569882,24278,55
217,1783378569966,24362,24361,0,0,0,0,0,0,65,67,84,80,86,111.14,6,16,-2,-1003,-1,0,0,0,0,0,0,0,"keyboard-worker","OK",1783378569932,24328,56
218,1783378570122,24518,24518,0,0,0,0,0,0,65,67,84,80,86,111.41,6,23,0,-1004,-1,0,0,0,0,0,0,0,"keyboard-worker","OK",1783378570083,24478,59
219,1783378570201,24597,24596,-1,0,0,0,0,0,65,67,84,80,86,111.37,6,-37,5,-950,-1,0,0,0,0,0,0,0,"keyboard-worker","OK",1783378570183,24579,61
220,1783378570315,24711,24711,-1,0,0,0,0,0,65,67,83,80,86,111.29,6,6,26,-1058,-1,0,0,0,0,0,0,0,"keyboard-worker","OK",1783378570283,24679,63
221,1783378570499,24895,24895,-1,0,0,0,0,0,66,68,83,80,86,111.26,6,10,10,-999,-1,0,0,0,0,0,0,0,"keyboard-worker","OK",1783378570484,24879,67
222,1783378570506,24902,24902,-1,0,0,0,0,0,66,68,83,80,86,111.34,7,1,2,-972,-1,0,0,0,0,0,0,0,"keyboard-worker","OK",1783378570484,24879,67
223,1783378570747,25143,25142,-1,0,0,0,0,0,66,68,83,80,85,111.14,7,-3,32,-1050,-1,0,0,0,0,0,0,0,"keyboard-worker","OK",1783378570734,25130,72
224,1783378570752,25148,25148,-1,0,0,0,0,0,66,68,83,80,85,111.14,7,-21,23,-1006,-1,0,0,0,0,0,0,0,"keyboard-worker","OK",1783378570734,25130,72
225,1783378570798,25194,25193,-1,0,0,0,0,0,66,68,83,80,85,111.6,7,-5,4,-1005,-1,0,0,0,0,0,0,0,"keyboard-worker","OK",1783378570784,25180,73
226,1783378570903,25299,25299,-1,0,0,0,0,0,66,68,83,80,85,111.15,7,20,11,-1026,-1,0,0,0,0,0,0,0,"keyboard-worker","OK",1783378570884,25280,75
227,1783378570984,25380,25380,-1,0,0,0,0,0,66,68,82,80,85,111.06,7,0,7,-993,-1,0,0,0,0,0,0,0,"keyboard-worker","OK",1783378570935,25330,76
228,1783378571171,25567,25566,-1,0,0,0,0,0,66,68,82,80,85,111.17,7,-11,29,-1005,-1,0,0,0,0,0,0,0,"keyboard-worker","OK",1783378571135,25531,80
229,1783378571275,25671,25671,-1,0,0,0,0,0,66,68,82,80,85,111.38,7,1,18,-1019,-1,0,0,0,0,0,0,0,"keyboard-worker","OK",1783378571235,25631,82
230,1783378571319,25715,25714,-1,0,0,0,0,0,66,68,82,80,85,111,7,-4,4,-995,-1,0,0,0,0,0,0,0,"keyboard-worker","OK",1783378571285,25681,83
231,1783378571493,25889,25888,-1,0,0,0,0,0,65,68,83,80,85,111.21,7,-21,24,-1005,-1,0,0,0,0,0,0,0,"keyboard-worker","OK",1783378571485,25881,87
232,1783378571550,25946,25945,-1,0,0,0,0,0,65,68,83,80,85,111.29,8,-7,18,-1035,-1,0,0,0,0,0,0,0,"keyboard-worker","OK",1783378571536,25931,88
233,1783378571636,26032,26032,-1,0,0,0,0,0,65,68,83,80,85,111.41,8,-18,29,-1043,-1,0,0,0,0,0,0,0,"keyboard-worker","OK",1783378571636,26031,90
234,1783378571710,26106,26105,-1,0,0,0,0,0,65,68,83,80,85,111.02,8,13,-10,-966,-1,0,0,0,0,0,0,0,"keyboard-worker","OK",1783378571686,26081,91
235,1783378571850,26246,26246,-1,0,0,0,0,0,65,68,83,80,85,111.34,8,-7,14,-996,-1,0,0,0,0,0,0,0,"keyboard-worker","OK",1783378571836,26232,94
236,1783378571936,26332,26332,-1,0,0,0,0,0,65,68,83,80,85,111.31,8,-1,0,-970,-1,0,0,0,0,0,0,0,"keyboard-worker","OK",1783378571936,26332,96
237,1783378571976,26372,26371,-1,0,0,0,0,0,65,68,83,80,85,111.25,8,-7,6,-981,-1,0,0,0,0,0,0,0,"keyboard-worker","OK",1783378571936,26332,96
238,1783378572100,26496,26496,-1,0,0,0,0,0,65,68,83,80,85,110.94,8,13,5,-985,-1,0,0,0,0,0,0,0,"keyboard-worker","OK",1783378572087,26482,99
239,1783378572223,26619,26618,-1,0,0,0,0,0,65,68,84,80,85,111.07,8,-12,2,-974,-1,0,0,0,0,0,0,0,"keyboard-worker","OK",1783378572187,26582,101
240,1783378572372,26768,26768,-1,0,0,0,0,0,65,68,84,80,85,111.42,8,14,-17,-977,-1,0,0,0,0,0,0,0,"keyboard-worker","OK",1783378572337,26733,104
241,1783378572471,26867,26867,-1,0,0,0,0,0,66,69,83,80,85,111.35,9,26,15,-1004,-1,0,0,0,0,0,0,0,"keyboard-worker","OK",1783378572437,26833,106
242,1783378572599,26995,26994,-1,0,0,0,0,0,66,69,83,80,85,111.37,9,-6,9,-1007,-1,0,0,0,0,0,0,0,"keyboard-worker","OK",1783378572588,26983,109
243,1783378574190,28586,28585,-1,0,0,0,0,0,66,69,83,80,84,111.34,9,22,-9,-976,-1,0,0,0,0,0,0,0,"keyboard-worker","OK",1783378574141,28537,140
244,1783378574476,28872,28871,-1,0,0,0,0,0,66,68,82,80,84,111.45,10,25,-17,-993,-1,0,0,0,0,0,0,0,"keyboard-worker","OK",1783378574442,28838,146
245,1783378574507,28903,28903,0,0,0,0,0,0,67,70,83,80,84,111.35,11,16,-2,-975,-1,0,0,0,0,0,0,0,"keyboard-worker","OK",1783378574492,28888,147
246,1783378574529,28925,28925,0,0,0,0,0,0,67,70,82,80,84,111.05,11,23,-13,-955,-1,0,0,0,0,0,0,0,"keyboard-worker","OK",1783378574492,28888,147
247,1783378574618,29014,29013,0,0,0,0,0,0,67,70,82,80,83,111.34,11,13,-5,-1011,-1,0,0,0,0,0,0,0,"keyboard-worker","OK",1783378574592,28988,149
248,1783378574779,29175,29174,0,0,0,0,0,0,67,70,82,80,83,111.06,11,7,3,-991,-1,0,0,0,0,0,0,0,"keyboard-worker","OK",1783378574743,29138,152
249,1783378574892,29288,29288,0,0,0,0,0,0,67,70,82,80,83,111.11,11,-3,-14,-967,-1,0,0,0,0,0,0,0,"keyboard-worker","OK",1783378574843,29239,154
250,1783378574915,29311,29310,0,0,0,0,0,0,67,70,83,80,83,111.19,11,-11,5,-982,-1,0,0,0,0,0,0,0,"keyboard-worker","OK",1783378574893,29289,155
251,1783378575105,29501,29501,0,0,0,0,0,0,67,70,83,80,83,111.27,11,-11,17,-1001,-1,0,0,0,0,0,0,0,"keyboard-worker","OK",1783378575094,29489,159
252,1783378575110,29506,29505,0,0,0,0,0,0,67,70,83,80,83,111.26,11,-2,-2,-1002,-1,0,0,0,0,0,0,0,"keyboard-worker","OK",1783378575094,29489,159
253,1783378575245,29641,29640,0,0,0,0,0,0,67,70,83,80,83,111.04,11,-6,12,-991,-1,0,0,0,0,0,0,0,"keyboard-worker","OK",1783378575244,29640,162
254,1783378575401,29797,29797,0,0,0,0,0,0,67,70,83,80,83,110.94,11,18,0,-974,-1,0,0,0,0,0,0,0,"keyboard-worker","OK",1783378575394,29790,165
255,1783378575409,29805,29804,0,0,0,0,0,0,66,70,83,80,83,111.24,12,4,-8,-973,-1,0,0,0,0,0,0,0,"keyboard-worker","OK",1783378575394,29790,165
256,1783378575514,29910,29909,0,0,0,0,0,0,66,70,82,80,83,111.15,12,12,0,-963,-1,0,0,0,0,0,0,0,"keyboard-worker","OK",1783378575494,29890,167
257,1783378575865,30261,30260,0,0,0,0,0,0,66,70,83,80,83,110.98,12,13,-14,-1010,-1,0,0,0,0,0,0,0,"keyboard-worker","OK",1783378575845,30241,174
258,1783378575870,30266,30265,0,0,0,0,0,0,66,70,83,80,83,111.14,12,-12,5,-1000,-1,0,0,0,0,0,0,0,"keyboard-worker","OK",1783378575845,30241,174
259,1783378575980,30376,30376,0,0,0,0,0,0,66,70,84,80,83,111.18,12,20,-18,-1035,-1,0,0,0,0,0,0,0,"keyboard-worker","OK",1783378575946,30341,176
260,1783378576028,30424,30424,0,0,0,0,0,0,66,70,84,80,83,111.4,12,1,0,-1027,-1,0,0,0,0,0,0,0,"keyboard-worker","OK",1783378575996,30391,177
261,1783378576145,30541,30540,0,0,0,0,0,0,66,70,84,80,83,111.01,12,-21,-3,-995,-1,0,0,0,0,0,0,0,"keyboard-worker","OK",1783378576096,30492,179
262,1783378576204,30600,30600,0,0,0,0,0,0,66,70,85,80,83,110.8,12,-1,-1,-1025,-1,0,0,0,0,0,0,0,"keyboard-worker","OK",1783378576196,30592,181
263,1783378576398,30794,30793,0,0,0,0,0,0,66,70,85,80,83,111.41,12,11,13,-995,-1,0,0,0,0,0,0,0,"keyboard-worker","OK",1783378576396,30792,185
264,1783378576443,30839,30839,0,0,0,0,0,0,67,70,86,80,83,111.02,13,15,0,-1014,-1,0,0,0,0,0,0,0,"keyboard-worker","OK",1783378576396,30792,185
265,1783378576505,30901,30901,-1,0,0,0,0,0,67,70,86,80,82,110.87,13,24,1,-987,-1,0,0,0,0,0,0,0,"keyboard-worker","OK",1783378576497,30892,187
266,1783378576726,31122,31122,-1,0,0,0,0,0,67,70,86,80,82,111.03,13,20,-18,-990,-1,0,0,0,0,0,0,0,"keyboard-worker","OK",1783378576697,31093,191
267,1783378576737,31133,31132,0,0,0,0,0,0,67,70,86,80,82,111,13,6,3,-996,-1,0,0,0,0,0,0,0,"keyboard-worker","OK",1783378576697,31093,191
268,1783378576833,31229,31229,0,0,0,0,0,0,67,70,86,80,82,111.34,13,10,-17,-980,-1,0,0,0,0,0,0,0,"keyboard-worker","OK",1783378576797,31193,193
269,1783378576928,31324,31324,0,0,0,0,0,0,67,70,85,80,82,110.6,13,45,-20,-1008,-1,0,0,0,0,0,0,0,"keyboard-worker","OK",1783378576898,31293,195
270,1783378577041,31437,31436,0,0,0,0,0,0,67,70,85,80,82,111.07,13,18,4,-947,-1,0,0,0,0,0,0,0,"keyboard-worker","OK",1783378576998,31393,197
271,1783378577153,31549,31548,0,0,0,0,0,0,67,70,85,80,82,111.35,13,-23,0,-994,-1,0,0,0,0,0,0,0,"keyboard-worker","OK",1783378577148,31544,200
272,1783378577211,31607,31607,0,0,0,0,0,0,67,70,85,80,82,111.07,13,11,-17,-964,-1,0,0,0,0,0,0,0,"keyboard-worker","OK",1783378577198,31594,201
273,1783378577398,31794,31794,0,0,0,0,0,0,67,70,85,80,82,111.17,13,0,-2,-999,-1,0,0,0,0,0,0,0,"keyboard-worker","OK",1783378577349,31744,204
274,1783378577441,31837,31837,0,0,0,0,0,0,67,70,85,80,82,111.2,14,-11,15,-930,-1,0,0,0,0,0,0,0,"keyboard-worker","OK",1783378577399,31794,205
275,1783378577526,31922,31922,0,0,0,0,0,0,67,70,84,80,82,111.08,14,20,7,-1010,-1,0,0,0,0,0,0,0,"keyboard-worker","OK",1783378577499,31895,207
276,1783378577575,31971,31971,0,0,0,0,0,0,67,70,84,80,82,111.52,14,14,-6,-1035,-1,0,0,0,0,0,0,0,"keyboard-worker","OK",1783378577549,31945,208
277,1783378577731,32127,32126,0,0,0,0,0,0,67,70,84,80,82,111.45,14,26,-7,-1002,-1,0,0,0,0,0,0,0,"keyboard-worker","OK",1783378577699,32095,211
278,1783378577791,32187,32187,-1,0,0,0,0,0,67,70,84,80,82,111.22,14,-26,18,-994,-1,0,0,0,0,0,0,0,"keyboard-worker","OK",1783378577749,32145,212
279,1783378577978,32374,32373,0,0,0,0,0,0,67,70,84,80,82,111.51,14,-9,-5,-959,-1,0,0,0,0,0,0,0,"keyboard-worker","OK",1783378577950,32346,216
280,1783378578019,32415,32415,-1,0,0,0,0,0,67,70,84,80,82,111.16,14,-27,25,-993,-1,0,0,0,0,0,0,0,"keyboard-worker","OK",1783378578000,32396,217
281,1783378578134,32530,32530,-1,0,0,0,0,0,67,70,84,80,82,111.22,14,8,15,-1018,-1,0,0,0,0,0,0,0,"keyboard-worker","OK",1783378578100,32496,219
282,1783378578208,32604,32604,-1,0,0,0,0,0,67,70,84,80,82,111.2,14,14,-6,-991,-1,0,0,0,0,0,0,0,"keyboard-worker","OK",1783378578200,32596,221
283,1783378578325,32721,32720,-1,0,0,0,0,0,67,70,84,80,82,111.16,14,-3,6,-993,-1,0,0,0,0,0,0,0,"keyboard-worker","OK",1783378578301,32696,223
284,1783378578435,32831,32831,-1,0,0,0,0,0,67,70,83,80,82,111.3,15,20,-7,-993,-1,0,0,0,0,0,0,0,"keyboard-worker","OK",1783378578401,32796,225
285,1783378578548,32944,32944,-1,0,0,0,0,0,67,70,84,80,81,111.28,15,2,8,-1013,-1,0,0,0,0,0,0,0,"keyboard-worker","OK",1783378578501,32897,227
286,1783378578638,33034,33034,0,0,0,0,0,0,67,70,83,80,81,111.13,15,-29,1,-956,-1,0,0,0,0,0,0,0,"keyboard-worker","OK",1783378578601,32997,229
287,1783378578781,33177,33177,0,0,0,0,0,0,67,70,83,80,81,111.13,15,-9,3,-996,-1,0,0,0,0,0,0,0,"keyboard-worker","OK",1783378578751,33147,232
288,1783378578846,33242,33241,0,0,0,0,0,0,67,70,83,80,81,111.11,15,5,3,-991,-1,0,0,0,0,0,0,0,"keyboard-worker","OK",1783378578802,33197,233
289,1783378578984,33380,33379,0,0,0,0,0,0,67,70,83,80,81,110.97,15,-27,11,-970,-1,0,0,0,0,0,0,0,"keyboard-worker","OK",1783378578952,33348,236
290,1783378579044,33440,33440,0,0,0,0,0,0,67,70,83,80,81,111.36,15,-13,-11,-1008,-1,0,0,0,0,0,0,0,"keyboard-worker","OK",1783378579002,33398,237
291,1783378579197,33593,33592,0,0,0,0,0,0,67,70,83,80,81,111.05,15,35,-15,-1030,-1,0,0,0,0,0,0,0,"keyboard-worker","OK",1783378579152,33548,240
292,1783378579307,33703,33703,0,0,0,0,0,0,67,70,82,80,81,111.22,15,-9,-7,-1035,-1,0,0,0,0,0,0,0,"keyboard-worker","OK",1783378579303,33698,243
293,1783378579330,33726,33726,-1,0,0,0,0,0,67,70,82,80,81,111.15,15,0,5,-991,-1,0,0,0,0,0,0,0,"keyboard-worker","OK",1783378579303,33698,243
294,1783378579452,33848,33848,0,0,0,0,0,0,67,70,82,80,81,111.34,16,5,6,-981,-1,0,0,0,0,0,0,0,"keyboard-worker","OK",1783378579403,33799,245
295,1783378579531,33927,33926,0,0,0,0,0,0,67,70,82,80,81,111.34,16,47,-5,-1029,-1,0,0,0,0,0,0,0,"keyboard-worker","OK",1783378579503,33899,247
296,1783378579682,34078,34078,0,0,0,0,0,0,67,70,82,80,81,111.28,16,-13,11,-943,-1,0,0,0,0,0,0,0,"keyboard-worker","OK",1783378579653,34049,250
297,1783378579730,34126,34126,0,0,0,0,0,0,67,70,82,80,81,111.02,16,-19,21,-1029,-1,0,0,0,0,0,0,0,"keyboard-worker","OK",1783378579704,34099,251
298,1783378579820,34216,34215,-1,0,0,0,0,0,67,70,82,80,81,111.37,16,18,-15,-955,-1,0,0,0,0,0,0,0,"keyboard-worker","OK",1783378579804,34199,253
299,1783378579903,34299,34298,-1,0,0,0,0,0,67,70,82,80,81,110.92,16,-21,21,-1022,-1,0,0,0,0,0,0,0,"keyboard-worker","OK",1783378579854,34250,254
300,1783378580017,34413,34413,-1,0,0,0,0,0,67,70,82,80,81,111.03,16,-20,8,-1013,-1,0,0,0,0,0,0,0,"keyboard-worker","OK",1783378580004,34400,257
301,1783378580165,34561,34560,-1,0,0,0,0,0,67,70,81,80,81,111.07,16,-16,12,-1030,-1,0,0,0,0,0,0,0,"keyboard-worker","OK",1783378580155,34550,260
302,1783378580225,34621,34621,-1,0,0,0,0,0,67,70,82,80,81,111.11,16,-19,6,-1008,-1,0,0,0,0,0,0,0,"keyboard-worker","OK",1783378580205,34600,261
303,1783378580326,34722,34722,-1,0,0,0,0,0,67,70,82,80,81,111.11,16,6,-15,-956,-1,0,0,0,0,0,0,0,"keyboard-worker","OK",1783378580305,34701,263
304,1783378580445,34841,34840,-1,0,0,0,0,0,68,70,82,80,81,111.24,17,-21,-3,-979,-1,0,0,0,0,0,0,0,"keyboard-worker","OK",1783378580405,34801,265
305,1783378580589,34985,34985,0,0,0,0,0,0,68,70,82,80,80,111.33,17,55,-27,-986,-1,0,0,0,0,0,0,0,"keyboard-worker","OK",1783378580556,34951,268
306,1783378580649,35045,35045,0,0,0,0,0,0,68,70,83,80,80,110.93,17,-18,34,-992,-1,0,0,0,0,0,0,0,"keyboard-worker","OK",1783378580606,35001,269
307,1783378580773,35169,35168,0,0,0,0,0,0,68,70,83,80,80,110.98,17,15,-4,-978,-1,0,0,0,0,0,0,0,"keyboard-worker","OK",1783378580756,35152,272
308,1783378580868,35264,35263,0,0,0,0,0,0,68,70,83,80,80,111.26,17,9,3,-977,-1,0,0,0,0,0,0,0,"keyboard-worker","OK",1783378580856,35252,274
309,1783378580964,35360,35360,0,0,0,0,0,0,68,70,83,80,80,111.06,17,0,23,-1045,-1,0,0,0,0,0,0,0,"keyboard-worker","OK",1783378580956,35352,276
310,1783378581002,35398,35398,0,0,0,0,0,0,68,70,83,80,80,111.03,17,-30,48,-1006,-1,0,0,0,0,0,0,0,"keyboard-worker","OK",1783378580956,35352,276
311,1783378581121,35517,35517,0,0,0,0,0,0,68,70,83,80,80,111.2,17,4,1,-937,-1,0,0,0,0,0,0,0,"keyboard-worker","OK",1783378581107,35502,279
312,1783378581277,35673,35673,0,0,0,0,0,0,68,70,83,80,80,111,17,-37,5,-933,-1,0,0,0,0,0,0,0,"keyboard-worker","OK",1783378581257,35653,282
313,1783378581337,35733,35732,0,0,0,0,0,0,68,70,84,80,80,111.43,17,20,-2,-973,-1,0,0,0,0,0,0,0,"keyboard-worker","OK",1783378581307,35703,283
314,1783378581442,35838,35838,0,0,0,0,0,0,68,71,84,80,80,111.22,18,-5,13,-986,-1,0,0,0,0,0,0,0,"keyboard-worker","OK",1783378581407,35803,285
315,1783378581634,36030,36029,0,0,0,0,0,0,68,71,84,80,80,111.36,18,20,-14,-1029,-1,0,0,0,0,0,0,0,"keyboard-worker","OK",1783378581608,36004,289
316,1783378581642,36038,36038,0,0,0,0,0,0,68,71,84,80,80,111.27,18,-4,-13,-966,-1,0,0,0,0,0,0,0,"keyboard-worker","OK",1783378581608,36004,289
317,1783378581795,36191,36190,0,0,0,0,0,0,68,71,84,80,80,111.27,18,7,0,-988,-1,0,0,0,0,0,0,0,"keyboard-worker","OK",1783378581758,36154,292
318,1783378581850,36246,36246,0,0,0,0,0,0,68,71,85,80,80,110.93,18,-1,-18,-973,-1,0,0,0,0,0,0,0,"keyboard-worker","OK",1783378581808,36204,293
319,1783378581986,36382,36382,0,0,0,0,0,0,68,71,85,80,80,111.21,18,-3,-3,-947,-1,0,0,0,0,0,0,0,"keyboard-worker","OK",1783378581959,36354,296
320,1783378582042,36438,36438,0,0,0,0,0,0,68,71,85,80,80,111.1,18,-1,8,-984,-1,0,0,0,0,0,0,0,"keyboard-worker","OK",1783378582009,36405,297
321,1783378582190,36586,36586,0,0,0,0,0,0,68,71,86,80,80,111.17,18,-10,9,-991,-1,0,0,0,0,0,0,0,"keyboard-worker","OK",1783378582159,36555,300
322,1783378582274,36670,36670,0,0,0,0,0,0,68,71,86,80,80,111.23,18,-4,-16,-943,-1,0,0,0,0,0,0,0,"keyboard-worker","OK",1783378582259,36655,302
323,1783378582369,36765,36764,0,0,0,0,0,0,68,71,86,80,80,111.08,18,-6,14,-975,-1,0,0,0,0,0,0,0,"keyboard-worker","OK",1783378582360,36755,304
324,1783378582411,36807,36807,0,0,0,0,0,0,69,71,86,80,80,111.2,19,18,-11,-959,-1,0,0,0,0,0,0,0,"keyboard-worker","OK",1783378582410,36805,305
325,1783378582533,36929,36929,-1,0,0,0,0,0,69,71,86,80,79,110.95,19,-2,-27,-1009,-1,0,0,0,0,0,0,0,"keyboard-worker","OK",1783378582510,36906,307
326,1783378582659,37055,37054,-1,0,0,0,0,0,69,71,86,80,79,111.19,19,-16,5,-976,-1,0,0,0,0,0,0,0,"keyboard-worker","OK",1783378582610,37006,309
327,1783378582766,37162,37162,0,0,0,0,0,0,69,71,86,80,79,110.99,19,-25,34,-1009,-1,0,0,0,0,0,0,0,"keyboard-worker","OK",1783378582760,37156,312
328,1783378582833,37229,37228,-1,0,0,0,0,0,69,71,86,80,79,111.33,19,-13,15,-997,-1,0,0,0,0,0,0,0,"keyboard-worker","OK",1783378582810,37206,313
329,1783378582941,37337,37336,-1,0,0,0,0,0,69,71,85,80,79,111.26,19,28,-10,-1026,-1,0,0,0,0,0,0,0,"keyboard-worker","OK",1783378582911,37306,315
330,1783378583149,37545,37545,-1,0,0,0,0,0,69,71,85,80,79,111.09,19,-16,9,-1008,-1,0,0,0,0,0,0,0,"keyboard-worker","OK",1783378583111,37507,319
331,1783378583155,37551,37551,0,0,0,0,0,0,69,71,85,80,79,111.02,19,-8,29,-1060,-1,0,0,0,0,0,0,0,"keyboard-worker","OK",1783378583111,37507,319
332,1783378583252,37648,37647,0,0,0,0,0,0,69,71,85,80,79,111.22,19,-19,11,-986,-1,0,0,0,0,0,0,0,"keyboard-worker","OK",1783378583211,37607,321
333,1783378583313,37709,37709,-1,0,0,0,0,0,69,71,85,80,79,111.35,19,-8,-4,-975,-1,0,0,0,0,0,0,0,"keyboard-worker","OK",1783378583311,37707,323
334,1783378583603,37999,37999,0,0,0,0,0,0,68,70,85,80,79,111.31,20,0,25,-937,-1,0,0,0,0,0,0,0,"keyboard-worker","OK",1783378583562,37957,328
335,1783378583610,38006,38006,0,0,0,0,0,0,68,70,84,80,79,110.98,20,-3,13,-1027,-1,0,0,0,0,0,0,0,"keyboard-worker","OK",1783378583562,37957,328
336,1783378583746,38142,38142,0,0,0,0,0,0,68,70,83,80,79,110.84,20,-40,7,-970,-1,0,0,0,0,0,0,0,"keyboard-worker","OK",1783378583712,38108,331
337,1783378583804,38200,38200,0,0,0,0,0,0,68,70,83,80,79,111.19,20,27,-17,-1024,-1,0,0,0,0,0,0,0,"keyboard-worker","OK",1783378583762,38158,332
338,1783378583944,38340,38340,-1,0,0,0,0,0,68,70,83,80,79,111.33,20,4,-1,-994,-1,0,0,0,0,0,0,0,"keyboard-worker","OK",1783378583912,38308,335
339,1783378584033,38429,38428,0,0,0,0,0,0,68,70,82,80,79,111.02,20,25,10,-945,-1,0,0,0,0,0,0,0,"keyboard-worker","OK",1783378584013,38408,337
340,1783378584125,38521,38521,0,0,0,0,0,0,68,70,83,80,79,111.2,20,-17,13,-1052,-1,0,0,0,0,0,0,0,"keyboard-worker","OK",1783378584113,38509,339
341,1783378584228,38624,38623,0,0,0,0,0,0,68,70,83,80,79,111.21,20,-22,10,-1007,-1,0,0,0,0,0,0,0,"keyboard-worker","OK",1783378584213,38609,341
342,1783378584433,38829,38829,0,0,0,0,0,0,68,70,82,80,79,111.07,20,-18,7,-1077,-1,0,0,0,0,0,0,0,"keyboard-worker","OK",1783378584414,38809,345
343,1783378584439,38835,38834,0,0,0,0,0,0,68,71,83,80,79,110.99,21,7,17,-985,-1,0,0,0,0,0,0,0,"keyboard-worker","OK",1783378584414,38809,345
344,1783378584555,38951,38951,0,0,0,0,0,0,68,71,83,80,78,111.07,21,-14,-3,-1048,-1,0,0,0,0,0,0,0,"keyboard-worker","OK",1783378584514,38909,347
345,1783378586398,40794,40794,0,0,0,0,0,0,69,71,83,80,78,110.87,23,26,-3,-963,-1,0,0,0,0,0,0,0,"keyboard-worker","OK",1783378586368,40764,384
346,1783378586452,40848,40847,0,0,0,0,0,0,69,72,83,80,78,111.24,23,-8,1,-1011,-1,0,0,0,0,0,0,0,"keyboard-worker","OK",1783378586418,40814,385
347,1783378586577,40973,40973,0,0,0,0,0,0,69,72,83,80,77,111.12,23,14,-9,-995,-1,0,0,0,0,0,0,0,"keyboard-worker","OK",1783378586569,40964,388
348,1783378586638,41034,41033,0,0,0,0,0,0,69,72,83,80,77,111.22,23,5,0,-984,-1,0,0,0,0,0,0,0,"keyboard-worker","OK",1783378586619,41014,389
349,1783378586765,41161,41161,0,0,0,0,0,0,69,72,83,80,77,111.12,23,-16,5,-1035,-1,0,0,0,0,0,0,0,"keyboard-worker","OK",1783378586719,41115,391
350,1783378586863,41259,41259,0,0,0,0,0,0,69,72,83,80,77,111.14,23,29,-8,-983,-1,0,0,0,0,0,0,0,"keyboard-worker","OK",1783378586819,41215,393
351,1783378586936,41332,41332,0,0,0,0,0,0,69,72,83,80,77,111.24,23,17,0,-991,-1,0,0,0,0,0,0,0,"keyboard-worker","OK",1783378586919,41315,395
352,1783378587061,41457,41457,0,0,0,0,0,0,69,72,83,80,77,111.03,23,9,-5,-1027,-1,0,0,0,0,0,0,0,"keyboard-worker","OK",1783378587020,41415,397
353,1783378587166,41562,41562,0,0,0,0,0,0,69,72,82,80,77,111.08,23,16,-9,-1011,-1,0,0,0,0,0,0,0,"keyboard-worker","OK",1783378587120,41515,399
354,1783378587222,41618,41618,0,0,0,0,0,0,69,72,82,80,77,111.09,23,5,-2,-1003,-1,0,0,0,0,0,0,0,"keyboard-worker","OK",1783378587220,41616,401
355,1783378587379,41775,41775,0,0,0,0,0,0,69,72,82,80,77,111.08,24,37,-30,-973,-1,0,0,0,0,0,0,0,"keyboard-worker","OK",1783378587370,41766,404
356,1783378587437,41833,41833,0,0,0,0,0,0,70,72,82,80,77,111.44,24,32,-14,-1003,-1,0,0,0,0,0,0,0,"keyboard-worker","OK",1783378587420,41816,405
357,1783378587573,41969,41969,0,0,0,0,0,0,70,72,82,80,77,111.04,24,-1,-9,-975,-1,0,0,0,0,0,0,0,"keyboard-worker","OK",1783378587571,41966,408
358,1783378587632,42028,42028,0,0,0,0,0,0,70,72,82,80,77,111.12,24,34,-23,-1006,-1,0,0,0,0,0,0,0,"keyboard-worker","OK",1783378587621,42017,409
359,1783378587714,42110,42109,0,0,0,0,0,0,70,72,82,80,77,111,24,63,-10,-998,-1,0,0,0,0,0,0,0,"keyboard-worker","OK",1783378587671,42067,410
360,1783378587846,42242,42241,0,0,0,0,0,0,70,72,82,80,77,111.25,24,-40,0,-982,-1,0,0,0,0,0,0,0,"keyboard-worker","OK",1783378587821,42217,413
361,1783378587924,42320,42320,0,0,0,0,0,0,70,72,82,80,77,111.16,24,4,1,-993,-1,0,0,0,0,0,0,0,"keyboard-worker","OK",1783378587922,42317,415
362,1783378588075,42471,42471,0,0,0,0,0,0,70,72,82,80,77,111.05,24,5,-27,-988,-1,0,0,0,0,0,0,0,"keyboard-worker","OK",1783378588072,42468,418
363,1783378588132,42528,42527,0,0,0,0,0,0,70,72,82,80,77,111.16,24,-24,-29,-938,-1,0,0,0,0,0,0,0,"keyboard-worker","OK",1783378588122,42518,419
364,1783378588273,42669,42669,0,0,0,0,0,0,70,72,82,80,77,111.04,24,-5,-10,-977,-1,0,0,0,0,0,0,0,"keyboard-worker","OK",1783378588272,42668,422
365,1783378588377,42773,42772,0,0,0,0,0,0,70,72,83,80,77,111.19,25,7,-1,-995,-1,0,0,0,0,0,0,0,"keyboard-worker","OK",1783378588373,42768,424
366,1783378588417,42813,42813,0,0,0,0,0,0,70,72,83,80,76,111.29,25,-3,-11,-998,-1,0,0,0,0,0,0,0,"keyboard-worker","OK",1783378588373,42768,424
367,1783378588574,42970,42970,0,0,0,0,0,0,70,72,83,80,76,111.19,25,14,-7,-944,-1,0,0,0,0,0,0,0,"keyboard-worker","OK",1783378588573,42969,428
368,1783378588633,43029,43029,0,0,0,0,0,0,70,72,83,80,76,111.28,25,-22,-15,-996,-1,0,0,0,0,0,0,0,"keyboard-worker","OK",1783378588623,43019,429
369,1783378588756,43152,43152,0,0,0,0,0,0,70,72,83,80,76,111.19,25,7,-14,-986,-1,0,0,0,0,0,0,0,"keyboard-worker","OK",1783378588723,43119,431
370,1783378588868,43264,43264,0,0,0,0,0,0,70,72,83,80,76,111.25,25,16,-12,-1064,-1,0,0,0,0,0,0,0,"keyboard-worker","OK",1783378588824,43219,433
371,1783378588923,43319,43319,0,0,0,0,0,0,70,72,83,80,76,111.03,25,5,-10,-950,-1,0,0,0,0,0,0,0,"keyboard-worker","OK",1783378588874,43269,434
372,1783378589065,43461,43460,0,0,0,0,0,0,70,72,82,80,76,111.18,25,-24,23,-1030,-1,0,0,0,0,0,0,0,"keyboard-worker","OK",1783378589024,43420,437
373,1783378589178,43574,43574,0,0,0,0,0,0,70,72,82,80,76,111.26,25,-21,10,-1013,-1,0,0,0,0,0,0,0,"keyboard-worker","OK",1783378589174,43570,440
374,1783378589296,43692,43692,0,0,0,0,0,0,70,72,82,80,76,111.02,25,-5,-13,-1011,-1,0,0,0,0,0,0,0,"keyboard-worker","OK",1783378589275,43670,442
375,1783378589381,43777,43777,0,0,0,0,0,0,70,72,82,80,76,110.84,26,14,-7,-918,-1,0,0,0,0,0,0,0,"keyboard-worker","OK",1783378589375,43771,444
376,1783378589536,43932,43932,0,0,0,0,0,0,70,72,81,80,76,110.99,26,6,9,-975,-1,0,0,0,0,0,0,0,"keyboard-worker","OK",1783378589525,43921,447
377,1783378589587,43983,43982,0,0,0,0,0,0,70,72,81,80,76,110.86,26,-16,17,-1035,-1,0,0,0,0,0,0,0,"keyboard-worker","OK",1783378589575,43971,448
378,1783378589686,44082,44081,0,0,0,0,0,0,70,72,81,80,76,111.14,26,23,1,-937,-1,0,0,0,0,0,0,0,"keyboard-worker","OK",1783378589676,44071,450
379,1783378589755,44151,44151,0,0,0,0,0,0,70,72,81,80,76,110.76,26,0,8,-987,-1,0,0,0,0,0,0,0,"keyboard-worker","OK",1783378589726,44121,451
380,1783378589851,44247,44247,0,0,0,0,0,0,70,72,81,80,76,111.06,26,20,-10,-1007,-1,0,0,0,0,0,0,0,"keyboard-worker","OK",1783378589826,44222,453
381,1783378589939,44335,44335,0,0,0,0,0,0,70,72,82,80,76,111.05,26,-7,21,-974,-1,0,0,0,0,0,0,0,"keyboard-worker","OK",1783378589926,44322,455
382,1783378590076,44472,44472,0,0,0,0,0,0,70,72,82,80,76,111.17,26,-32,24,-995,-1,0,0,0,0,0,0,0,"keyboard-worker","OK",1783378590026,44422,457
383,1783378590182,44578,44578,0,0,0,0,0,0,70,72,82,80,76,111.06,26,-12,13,-922,-1,0,0,0,0,0,0,0,"keyboard-worker","OK",1783378590177,44572,460
384,1783378590298,44694,44693,0,0,0,0,0,0,70,72,83,80,76,111.06,26,-2,-13,-900,-1,0,0,0,0,0,0,0,"keyboard-worker","OK",1783378590277,44673,462
385,1783378590345,44741,44740,0,0,0,0,0,0,70,72,83,80,76,111.04,27,-19,-10,-941,-1,0,0,0,0,0,0,0,"keyboard-worker","OK",1783378590327,44723,463
386,1783378590561,44957,44957,0,0,0,0,0,0,70,73,83,80,75,111.3,27,8,-4,-953,-1,0,0,0,0,0,0,0,"keyboard-worker","OK",1783378590527,44923,467
387,1783378590624,45020,45020,0,0,0,0,0,0,70,73,83,80,75,111.13,27,8,-11,-985,-1,0,0,0,0,0,0,0,"keyboard-worker","OK",1783378590578,44973,468
388,1783378590669,45065,45065,0,0,0,0,0,0,70,73,83,80,75,111.02,27,9,-7,-932,-1,0,0,0,0,0,0,0,"keyboard-worker","OK",1783378590628,45023,469
389,1783378590700,45096,45096,0,0,0,0,0,0,70,73,83,80,75,111.11,27,-3,27,-1009,-1,0,0,0,0,0,0,0,"keyboard-worker","OK",1783378590678,45074,470
390,1783378590825,45221,45220,0,0,0,0,0,0,70,73,83,80,75,110.86,27,-19,27,-1015,-1,0,0,0,0,0,0,0,"keyboard-worker","OK",1783378590778,45174,472
391,1783378590932,45328,45327,0,0,0,0,0,0,70,73,83,80,75,111.22,27,-4,21,-1004,-1,0,0,0,0,0,0,0,"keyboard-worker","OK",1783378590928,45324,475
392,1783378591035,45431,45431,0,0,0,0,0,0,70,73,83,80,75,111.48,27,11,10,-947,-1,0,0,0,0,0,0,0,"keyboard-worker","OK",1783378591029,45425,477
393,1783378591166,45562,45562,0,0,0,0,0,0,70,73,82,80,75,110.94,27,36,-24,-992,-1,0,0,0,0,0,0,0,"keyboard-worker","OK",1783378591132,45528,479
394,1783378591267,45663,45663,0,0,0,0,0,0,70,73,82,80,75,111.09,27,-27,13,-1011,-1,0,0,0,0,0,0,0,"keyboard-worker","OK",1783378591235,45631,481
395,1783378591404,45800,45800,0,0,0,0,0,0,70,73,83,80,75,111.09,28,-23,21,-1091,-1,0,0,0,0,0,0,0,"keyboard-worker","OK",1783378591387,45782,484
396,1783378591450,45846,45846,0,0,0,0,0,0,70,72,82,80,75,111.14,28,46,-14,-958,-1,0,0,0,0,0,0,0,"keyboard-worker","OK",1783378591437,45833,485
397,1783378591571,45967,45967,0,0,0,0,0,0,70,72,82,80,75,111.15,28,-10,13,-994,-1,0,0,0,0,0,0,0,"keyboard-worker","OK",1783378591540,45935,487
398,1783378591766,46162,46162,1,0,0,0,0,0,70,72,82,80,75,111.2,28,20,19,-1021,-1,0,0,0,0,0,0,0,"keyboard-worker","OK",1783378591744,46140,491
399,1783378591780,46176,46176,1,0,0,0,0,0,70,72,83,80,75,111.25,28,-37,37,-1073,-1,0,0,0,0,0,0,0,"keyboard-worker","OK",1783378591744,46140,491
400,1783378591838,46234,46233,1,0,0,0,0,0,70,72,83,80,75,110.79,28,13,6,-942,-1,0,0,0,0,0,0,0,"keyboard-worker","OK",1783378591795,46190,492
401,1783378591948,46344,46343,0,0,0,0,0,0,70,72,82,80,75,110.96,28,-5,11,-1042,-1,0,0,0,0,0,0,0,"keyboard-worker","OK",1783378591948,46344,495
402,1783378592074,46470,46470,0,0,0,0,0,0,70,72,83,80,75,111.06,28,32,-5,-994,-1,0,0,0,0,0,0,0,"keyboard-worker","OK",1783378592051,46446,497
403,1783378592270,46666,46665,1,0,0,0,0,0,70,72,82,80,75,111.23,28,6,0,-1026,-1,0,0,0,0,0,0,0,"keyboard-worker","OK",1783378592254,46650,501
404,1783378592335,46731,46731,1,0,0,0,0,0,70,72,82,80,75,110.92,28,17,9,-1018,-1,0,0,0,0,0,0,0,"keyboard-worker","OK",1783378592305,46701,502
405,1783378592395,46791,46791,1,0,0,0,0,0,70,72,82,80,75,111.23,29,-10,-12,-982,-1,0,0,0,0,0,0,0,"keyboard-worker","OK",1783378592355,46751,503
406,1783378592492,46888,46887,1,0,0,0,0,0,71,73,82,80,74,110.93,29,-1,10,-989,-1,0,0,0,0,0,0,0,"keyboard-worker","OK",1783378592457,46852,505
407,1783378592554,46950,46949,1,0,0,0,0,0,71,73,82,80,74,110.92,29,0,-5,-1045,-1,0,0,0,0,0,0,0,"keyboard-worker","OK",1783378592508,46904,506
408,1783378592711,47107,47106,1,0,0,0,0,0,71,73,82,80,74,111.17,29,3,12,-1007,-1,0,0,0,0,0,0,0,"keyboard-worker","OK",1783378592662,47057,509
409,1783378592785,47181,47180,1,0,0,0,0,0,71,73,82,80,74,111.04,29,17,-13,-977,-1,0,0,0,0,0,0,0,"keyboard-worker","OK",1783378592763,47159,511
410,1783378592943,47339,47339,0,0,0,0,0,0,71,73,82,80,74,110.82,29,-1,-15,-919,-1,0,0,0,0,0,0,0,"keyboard-worker","OK",1783378592917,47313,514
411,1783378593129,47525,47525,0,0,0,0,0,0,71,73,82,80,74,110.88,29,-11,0,-967,-1,0,0,0,0,0,0,0,"keyboard-worker","OK",1783378593120,47515,518
412,1783378593134,47530,47530,0,0,0,0,0,0,71,73,83,80,74,110.92,29,4,-15,-1002,-1,0,0,0,0,0,0,0,"keyboard-worker","OK",1783378593120,47515,518
413,1783378593196,47592,47591,0,0,0,0,0,0,71,73,83,80,74,110.94,29,14,5,-933,-1,0,0,0,0,0,0,0,"keyboard-worker","OK",1783378593171,47567,519
414,1783378593331,47727,47727,0,0,0,0,0,0,71,73,83,80,74,111.02,29,-6,-12,-969,-1,0,0,0,0,0,0,0,"keyboard-worker","OK",1783378593323,47719,522
415,1783378593408,47804,47804,0,0,0,0,0,0,71,73,83,80,74,111.01,30,2,0,-990,-1,0,0,0,0,0,0,0,"keyboard-worker","OK",1783378593374,47770,523
416,1783378593525,47921,47920,0,0,0,0,0,0,71,73,83,80,74,110.91,30,14,-22,-970,-1,0,0,0,0,0,0,0,"keyboard-worker","OK",1783378593476,47871,525
417,1783378593701,48097,48097,0,0,0,0,0,0,71,73,83,80,74,111.37,30,5,-23,-956,-1,0,0,0,0,0,0,0,"keyboard-worker","OK",1783378593680,48076,529
418,1783378593823,48219,48218,0,1,0,0,0,0,71,73,83,80,74,110.89,30,-34,-2,-1090,-1,0,0,0,0,0,0,0,"keyboard-worker","OK",1783378593782,48177,531
419,1783378593833,48229,48229,0,1,0,0,0,0,71,73,82,80,74,110.86,30,0,-11,-1016,-1,0,0,0,0,0,0,0,"keyboard-worker","OK",1783378593833,48228,532
420,1783378593895,48291,48291,0,0,0,0,0,0,71,73,82,80,74,111.15,30,15,-20,-952,-1,0,0,0,0,0,0,0,"keyboard-worker","OK",1783378593884,48279,533
421,1783378594093,48489,48489,0,1,0,0,0,0,71,73,82,80,74,111.11,30,-37,7,-1015,-1,0,0,0,0,0,0,0,"keyboard-worker","OK",1783378594088,48483,537
422,1783378594137,48533,48532,0,0,0,0,0,0,71,73,82,80,74,111.21,30,12,-19,-1060,-1,0,0,0,0,0,0,0,"keyboard-worker","OK",1783378594088,48483,537
423,1783378594252,48648,48647,0,0,0,0,0,0,71,73,82,80,74,111.09,30,3,-27,-926,-1,0,0,0,0,0,0,0,"keyboard-worker","OK",1783378594240,48636,540
424,1783378594329,48725,48724,0,0,0,0,0,0,71,73,82,80,74,110.93,30,6,-9,-929,-1,0,0,0,0,0,0,0,"keyboard-worker","OK",1783378594291,48686,541
425,1783378594529,48925,48925,0,1,0,0,0,0,71,73,82,80,74,111.17,31,29,-1,-946,-1,0,0,0,0,0,0,0,"keyboard-worker","OK",1783378594493,48889,545
426,1783378594574,48970,48970,0,0,0,0,0,0,71,73,82,80,73,111.11,31,-12,-24,-972,-1,0,0,0,0,0,0,0,"keyboard-worker","OK",1783378594544,48940,546
427,1783378594714,49110,49109,0,0,0,0,0,0,71,73,82,80,73,111.1,31,10,-13,-1028,-1,0,0,0,0,0,0,0,"keyboard-worker","OK",1783378594696,49092,549
428,1783378594724,49120,49119,0,0,0,0,0,0,71,73,83,80,73,111.22,31,29,-33,-986,-1,0,0,0,0,0,0,0,"keyboard-worker","OK",1783378594696,49092,549
429,1783378594867,49263,49263,0,0,0,0,0,0,71,73,83,80,73,110.82,31,-10,-1,-1043,-1,0,0,0,0,0,0,0,"keyboard-worker","OK",1783378594849,49245,552
430,1783378594954,49350,49350,0,0,0,0,0,0,71,73,83,80,73,110.97,31,-6,-11,-970,-1,0,0,0,0,0,0,0,"keyboard-worker","OK",1783378594951,49347,554
431,1783378595079,49475,49475,0,0,0,0,0,0,71,73,84,80,73,111.12,31,-11,2,-991,-1,0,0,0,0,0,0,0,"keyboard-worker","OK",1783378595052,49448,556
432,1783378595188,49584,49584,0,0,0,0,0,0,71,73,84,80,73,111.01,31,-20,-7,-1066,-1,0,0,0,0,0,0,0,"keyboard-worker","OK",1783378595153,49548,558
433,1783378595292,49688,49687,0,0,0,0,0,0,71,73,84,80,73,110.98,31,-37,2,-1010,-1,0,0,0,0,0,0,0,"keyboard-worker","OK",1783378595254,49649,560
434,1783378595399,49795,49794,0,0,0,0,0,0,71,73,85,80,73,110.95,31,-1,-9,-1025,-1,0,0,0,0,0,0,0,"keyboard-worker","OK",1783378595354,49750,562
435,1783378595510,49906,49906,0,0,0,0,0,0,71,73,86,80,73,111.41,32,1,-6,-1050,-1,0,0,0,0,0,0,0,"keyboard-worker","OK",1783378595505,49901,565
436,1783378595555,49951,49951,0,0,0,0,0,0,70,73,86,80,73,111.18,32,-34,-29,-1007,-1,0,0,0,0,0,0,0,"keyboard-worker","OK",1783378595505,49901,565
437,1783378595672,50068,50067,0,0,0,0,0,0,70,73,86,80,73,111.06,32,-12,-7,-928,-1,0,0,0,0,0,0,0,"keyboard-worker","OK",1783378595656,50052,568
438,1783378595773,50169,50169,0,0,0,0,0,0,70,73,87,80,73,110.84,32,-17,3,-1044,-1,0,0,0,0,0,0,0,"keyboard-worker","OK",1783378595757,50153,570
439,1783378595858,50254,50254,0,0,0,0,0,0,70,73,87,80,73,110.93,32,-21,-23,-996,-1,0,0,0,0,0,0,0,"keyboard-worker","OK",1783378595858,50254,572
440,1783378595961,50357,50357,0,1,0,0,0,0,70,73,86,80,73,110.82,32,8,-29,-1012,-1,0,0,0,0,0,0,0,"keyboard-worker","OK",1783378595959,50354,574
441,1783378596097,50493,50493,0,1,0,0,0,0,70,73,86,80,73,111.03,32,-37,-15,-1029,-1,0,0,0,0,0,0,0,"keyboard-worker","OK",1783378596060,50455,576
442,1783378596224,50620,50620,0,1,0,0,0,0,70,73,86,80,73,111.05,32,-18,-2,-1010,-1,0,0,0,0,0,0,0,"keyboard-worker","OK",1783378596210,50606,579
443,1783378596357,50753,50753,0,0,0,0,0,0,70,73,86,80,73,111.26,32,21,-30,-919,-1,0,0,0,0,0,0,0,"keyboard-worker","OK",1783378596311,50706,581
444,1783378596421,50817,50816,0,0,0,0,0,0,70,73,86,80,73,111.01,33,-42,-14,-1049,-1,0,0,0,0,0,0,0,"keyboard-worker","OK",1783378596411,50807,583
445,1783378596469,50865,50865,0,0,0,0,0,0,70,73,85,80,73,111.09,33,-7,-6,-960,-1,0,0,0,0,0,0,0,"keyboard-worker","OK",1783378596461,50857,584
446,1783378596579,50975,50975,0,0,0,0,0,0,71,73,85,80,72,111.06,33,9,-32,-991,-1,0,0,0,0,0,0,0,"keyboard-worker","OK",1783378596561,50957,586
447,1783378596710,51106,51105,0,0,0,0,0,0,71,73,85,80,72,110.99,33,-36,-8,-1033,-1,0,0,0,0,0,0,0,"keyboard-worker","OK",1783378596662,51058,588
448,1783378596838,51234,51233,0,0,0,0,0,0,71,73,85,80,72,111.03,33,-5,-23,-1025,-1,0,0,0,0,0,0,0,"keyboard-worker","OK",1783378596813,51209,591
449,1783378596894,51290,51289,0,0,0,0,0,0,71,73,85,80,72,111.22,33,-11,-8,-999,-1,0,0,0,0,0,0,0,"keyboard-worker","OK",1783378596864,51259,592
450,1783378596991,51387,51386,0,0,0,0,0,0,71,73,84,80,72,111.1,33,6,-8,-1006,-1,0,0,0,0,0,0,0,"keyboard-worker","OK",1783378596964,51360,594
451,1783378597256,51652,51651,0,0,0,0,0,0,71,73,84,80,72,110.97,33,-14,-15,-982,-1,0,0,0,0,0,0,0,"keyboard-worker","OK",1783378597215,51611,599
452,1783378597262,51658,51657,0,0,0,0,0,0,71,73,84,80,72,111.01,33,-16,-8,-1007,-1,0,0,0,0,0,0,0,"keyboard-worker","OK",1783378597215,51611,599
453,1783378597325,51721,51721,0,0,0,0,0,0,71,73,83,80,72,110.87,33,15,-14,-1013,-1,0,0,0,0,0,0,0,"keyboard-worker","OK",1783378597316,51712,601
454,1783378597389,51785,51785,0,0,0,0,0,0,71,73,83,80,72,110.84,34,-14,0,-995,-1,0,0,0,0,0,0,0,"keyboard-worker","OK",1783378597366,51762,602
455,1783378597593,51989,51989,0,0,0,0,0,0,71,73,83,80,72,110.96,34,-11,-14,-1006,-1,0,0,0,0,0,0,0,"keyboard-worker","OK",1783378597567,51963,606
456,1783378597598,51994,51994,0,0,0,0,0,0,71,74,83,80,72,110.75,34,-6,-5,-994,-1,0,0,0,0,0,0,0,"keyboard-worker","OK",1783378597567,51963,606
457,1783378597697,52093,52093,0,0,0,0,0,0,71,74,83,80,72,111.09,34,-20,-6,-999,-1,0,0,0,0,0,0,0,"keyboard-worker","OK",1783378597668,52063,608
458,1783378597848,52244,52244,0,0,0,0,0,0,71,74,83,80,72,111.02,34,-22,-9,-984,-1,0,0,0,0,0,0,0,"keyboard-worker","OK",1783378597819,52214,611
459,1783378597925,52321,52321,0,0,0,0,0,0,71,74,83,80,72,110.85,34,-32,-3,-997,-1,0,0,0,0,0,0,0,"keyboard-worker","OK",1783378597919,52315,613
460,1783378597967,52363,52363,0,0,0,0,0,0,71,74,83,80,72,110.99,34,0,-16,-1008,-1,0,0,0,0,0,0,0,"keyboard-worker","OK",1783378597919,52315,613
461,1783378598107,52503,52502,0,0,0,0,0,0,71,74,83,80,72,111.11,34,-14,-13,-998,-1,0,0,0,0,0,0,0,"keyboard-worker","OK",1783378598071,52466,616
462,1783378598223,52619,52619,0,1,0,0,0,0,71,74,83,80,72,110.78,34,3,-23,-1005,-1,0,0,0,0,0,0,0,"keyboard-worker","OK",1783378598221,52617,619
463,1783378598338,52734,52733,0,1,0,0,0,0,71,74,83,80,72,111.11,34,8,-11,-985,-1,0,0,0,0,0,0,0,"keyboard-worker","OK",1783378598322,52718,621
464,1783378598423,52819,52818,0,0,0,0,0,0,71,74,83,80,72,110.97,35,23,-1,-1003,-1,0,0,0,0,0,0,0,"keyboard-worker","OK",1783378598423,52818,623
465,1783378598611,53007,53007,0,0,0,0,0,0,71,74,83,80,72,111.17,35,0,-15,-1014,-1,0,0,0,0,0,0,0,"keyboard-worker","OK",1783378598574,52969,626
466,1783378598790,53186,53185,0,0,0,0,0,0,71,74,82,80,72,110.71,35,2,-20,-1005,-1,0,0,0,0,0,0,0,"keyboard-worker","OK",1783378598775,53170,630
467,1783378598907,53303,53303,0,0,0,0,0,0,71,74,82,80,72,110.95,35,-4,-19,-1016,-1,0,0,0,0,0,0,0,"keyboard-worker","OK",1783378598875,53271,632
468,1783378599009,53405,53404,1,0,0,0,0,0,71,74,82,80,72,110.96,35,28,-6,-981,-1,0,0,0,0,0,0,0,"keyboard-worker","OK",1783378598976,53372,634
469,1783378599072,53468,53468,1,0,0,0,0,0,71,74,82,80,72,111.05,35,-4,0,-1043,-1,0,0,0,0,0,0,0,"keyboard-worker","OK",1783378599026,53422,635
470,1783378599260,53656,53655,1,0,0,0,0,0,71,74,83,80,72,110.96,35,13,-26,-888,-1,0,0,0,0,0,0,0,"keyboard-worker","OK",1783378599227,53623,639
471,1783378599284,53680,53680,0,0,0,0,0,0,71,74,83,80,72,111.1,35,6,-4,-1127,-1,0,0,0,0,0,0,0,"keyboard-worker","OK",1783378599277,53673,640
472,1783378599306,53702,53702,0,1,0,0,0,0,71,74,83,80,72,111.03,35,-1,5,-1008,-1,0,0,0,0,0,0,0,"keyboard-worker","OK",1783378599277,53673,640
473,1783378599311,53707,53707,0,0,0,0,0,0,71,74,83,80,72,110.87,35,23,-19,-996,-1,0,0,0,0,0,0,0,"keyboard-worker","OK",1783378599277,53673,640
474,1783378599413,53809,53809,0,0,0,0,0,0,71,74,82,80,72,110.77,36,2,3,-1030,-1,0,0,0,0,0,0,0,"keyboard-worker","OK",1783378599378,53773,642
475,1783378599549,53945,53945,1,0,0,0,0,0,71,74,82,80,72,111.06,36,-4,-1,-943,-1,0,0,0,0,0,0,0,"keyboard-worker","OK",1783378599529,53924,645
476,1783378599721,54117,54117,1,0,0,0,0,0,72,74,82,80,71,111.2,36,-1,-27,-950,-1,0,0,0,0,0,0,0,"keyboard-worker","OK",1783378599679,54075,648
477,1783378599731,54127,54127,1,0,0,0,0,0,72,74,81,80,71,111.24,36,3,13,-1028,-1,0,0,0,0,0,0,0,"keyboard-worker","OK",1783378599730,54126,649
478,1783378599869,54265,54265,1,1,0,0,0,0,72,74,81,80,71,111.12,36,22,-42,-977,-1,0,0,0,0,0,0,0,"keyboard-worker","OK",1783378599831,54226,651
479,1783378599878,54274,54273,1,1,0,0,0,0,72,74,81,80,71,110.66,36,21,2,-1060,-1,0,0,0,0,0,0,0,"keyboard-worker","OK",1783378599831,54226,651
480,1783378600045,54441,54441,1,1,0,0,0,0,72,74,81,80,71,110.94,36,12,-2,-1029,-1,0,0,0,0,0,0,0,"keyboard-worker","OK",1783378600032,54427,655
481,1783378600160,54556,54556,1,0,0,0,0,0,72,74,81,80,71,111.01,36,-13,16,-1009,-1,0,0,0,0,0,0,0,"keyboard-worker","OK",1783378600132,54528,657
482,1783378600204,54600,54599,1,0,0,0,0,0,72,74,82,80,71,111.31,36,2,14,-1003,-1,0,0,0,0,0,0,0,"keyboard-worker","OK",1783378600182,54578,658
483,1783378600328,54724,54723,1,0,0,0,0,0,72,74,82,80,71,111.26,36,12,7,-1008,-1,0,0,0,0,0,0,0,"keyboard-worker","OK",1783378600282,54678,660
484,1783378600468,54864,54864,1,0,0,0,0,0,72,74,82,80,71,110.7,37,41,-22,-989,-1,0,0,0,0,0,0,0,"keyboard-worker","OK",1783378600433,54828,663
485,1783378600528,54924,54924,1,0,0,0,0,0,72,74,83,80,71,110.94,37,42,-14,-1012,-1,0,0,0,0,0,0,0,"keyboard-worker","OK",1783378600483,54878,664
486,1783378600626,55022,55022,0,0,0,0,0,0,72,74,84,80,71,111,37,29,-8,-1007,-1,0,0,0,0,0,0,0,"keyboard-worker","OK",1783378600583,54979,666
487,1783378600765,55161,55161,0,0,0,0,0,0,72,74,85,80,71,110.94,37,-11,38,-1006,-1,0,0,0,0,0,0,0,"keyboard-worker","OK",1783378600733,55129,669
488,1783378600852,55248,55247,0,0,0,0,0,0,72,74,86,80,71,111.08,37,12,0,-1036,-1,0,0,0,0,0,0,0,"keyboard-worker","OK",1783378600834,55229,671
489,1783378600879,55275,55275,0,0,0,0,0,0,72,74,88,80,71,110.82,37,2,12,-981,-1,0,0,0,0,0,0,0,"keyboard-worker","OK",1783378600834,55229,671
490,1783378601050,55446,55446,0,0,0,0,0,0,72,74,89,80,71,111.3,37,-13,7,-952,-1,0,0,0,0,0,0,0,"keyboard-worker","OK",1783378601034,55430,675
491,1783378601197,55593,55593,0,0,0,0,0,0,72,74,91,80,71,110.73,37,19,19,-1029,-1,0,0,0,0,0,0,0,"keyboard-worker","OK",1783378601184,55580,678
492,1783378601292,55688,55688,0,0,0,0,0,0,72,74,91,80,71,111.05,37,14,-11,-970,-1,0,0,0,0,0,0,0,"keyboard-worker","OK",1783378601285,55680,680
493,1783378601529,55925,55924,0,0,0,0,0,0,72,74,92,90,71,110.95,37,37,-1,-961,-1,0,0,0,0,0,0,0,"keyboard-worker","OK",1783378601485,55881,684
494,1783378601534,55930,55929,1,0,0,0,0,0,72,74,92,90,71,110.9,38,20,-4,-895,-1,0,0,0,0,0,0,0,"keyboard-worker","OK",1783378601485,55881,684
495,1783378601558,55954,55953,1,0,0,0,0,0,72,74,91,90,71,111.14,38,-6,9,-1017,-1,0,0,0,0,0,0,0,"keyboard-worker","OK",1783378601535,55931,685
496,1783378601671,56067,56067,0,0,0,0,0,0,73,74,91,90,71,110.95,38,0,27,-1038,-1,0,0,0,0,0,0,0,"keyboard-worker","OK",1783378601636,56031,687
497,1783378601745,56141,56140,0,0,0,0,0,0,73,74,89,90,71,111.07,38,20,-5,-977,-1,0,0,0,0,0,0,0,"keyboard-worker","OK",1783378601736,56132,689
498,1783378601917,56313,56313,0,0,0,0,0,0,73,74,88,90,71,110.94,38,-27,-7,-1033,-1,0,0,0,0,0,0,0,"keyboard-worker","OK",1783378601886,56282,692
499,1783378601927,56323,56322,0,0,0,0,0,0,73,74,87,80,71,110.96,38,-5,-1,-990,-1,0,0,0,0,0,0,0,"keyboard-worker","OK",1783378601886,56282,692
500,1783378602065,56461,56460,0,0,0,0,0,0,73,74,85,80,71,110.88,38,3,2,-1067,-1,0,0,0,0,0,0,0,"keyboard-worker","OK",1783378602037,56432,695
501,1783378602204,56600,56599,0,0,0,0,0,0,73,74,83,80,71,110.85,38,-17,4,-995,-1,0,0,0,0,0,0,0,"keyboard-worker","OK",1783378602187,56583,698
502,1783378602270,56666,56666,0,0,0,0,0,0,73,74,81,80,71,111.16,38,15,9,-977,-1,0,0,0,0,0,0,0,"keyboard-worker","OK",1783378602237,56633,699
503,1783378602368,56764,56764,0,0,0,0,0,1,73,74,79,80,71,110.78,38,-4,15,-1035,-1,0,0,0,0,0,0,0,"keyboard-worker","OK",1783378602337,56733,701
504,1783378602437,56833,56833,0,0,0,0,0,0,73,74,76,80,71,110.91,39,24,-10,-1019,-1,0,0,0,0,0,0,0,"keyboard-worker","OK",1783378602388,56783,702
505,1783378602645,57041,57041,0,0,0,0,0,1,73,74,75,80,71,110.85,39,1,9,-1042,-1,0,0,0,0,0,0,0,"keyboard-worker","OK",1783378602638,57034,707
506,1783378602700,57096,57096,0,0,0,0,0,0,73,74,73,70,71,111.01,39,7,19,-1007,-1,0,0,0,0,0,0,0,"keyboard-worker","OK",1783378602688,57084,708
507,1783378602759,57155,57155,0,0,0,0,0,0,73,74,72,70,71,110.79,39,15,0,-1068,-1,0,0,0,0,0,0,0,"keyboard-worker","OK",1783378602738,57134,709
508,1783378604720,59116,59115,0,0,0,0,0,0,73,74,71,70,71,110.67,39,38,-17,-1036,-1,0,0,0,0,0,0,0,"keyboard-worker","OK",1783378604692,59088,748
509,1783378604725,59121,59120,0,0,0,0,0,0,73,74,71,70,71,110.98,39,20,-3,-991,-1,0,0,0,0,0,0,0,"keyboard-worker","OK",1783378604692,59088,748
510,1783378604869,59265,59265,0,0,0,0,0,0,72,75,84,80,70,110.89,41,-2,-17,-980,-1,0,0,0,0,0,0,0,"keyboard-worker","OK",1783378604842,59238,751
511,1783378604956,59352,59351,0,0,0,0,0,0,72,75,85,80,70,111.14,41,9,4,-984,-1,0,0,0,0,0,0,0,"keyboard-worker","OK",1783378604943,59338,753
512,1783378605109,59505,59505,0,0,0,0,0,0,72,75,85,80,70,110.93,41,0,15,-949,-1,0,0,0,0,0,0,0,"keyboard-worker","OK",1783378605093,59489,756
513,1783378605168,59564,59563,0,0,0,0,0,0,72,75,85,80,70,110.89,41,0,0,-994,-1,0,0,0,0,0,0,0,"keyboard-worker","OK",1783378605143,59539,757
514,1783378605265,59661,59660,0,0,0,0,0,0,72,75,85,80,70,110.78,41,-8,-18,-1004,-1,0,0,0,0,0,0,0,"keyboard-worker","OK",1783378605243,59639,759
515,1783378605465,59861,59861,0,0,0,0,0,0,72,75,85,80,70,110.91,41,-24,-11,-1074,-1,0,0,0,0,0,0,0,"keyboard-worker","OK",1783378605444,59839,763
516,1783378605497,59893,59893,-1,0,0,0,0,0,72,75,85,80,70,110.98,42,-1,-10,-938,-1,0,0,0,0,0,0,0,"keyboard-worker","OK",1783378605494,59890,764
517,1783378605629,60025,60025,-1,0,0,0,0,0,72,75,84,80,70,110.85,42,3,-17,-986,-1,0,0,0,0,0,0,0,"keyboard-worker","OK",1783378605594,59990,766
518,1783378605715,60111,60111,-1,0,0,0,0,0,72,77,82,80,70,111.09,42,11,-19,-1006,-1,0,0,0,0,0,0,0,"keyboard-worker","OK",1783378605694,60090,768
519,1783378605883,60279,60278,0,0,0,0,0,0,72,77,80,80,70,110.66,42,1,-10,-1042,-1,0,0,0,0,0,0,0,"keyboard-worker","OK",1783378605845,60240,771
520,1783378605969,60365,60364,0,0,0,0,0,0,72,77,79,80,70,110.76,42,-10,-25,-1041,-1,0,0,0,0,0,0,0,"keyboard-worker","OK",1783378605945,60340,773
521,1783378606097,60493,60493,0,0,0,0,0,0,72,77,78,80,70,110.85,42,-15,-9,-1010,-1,0,0,0,0,0,0,0,"keyboard-worker","OK",1783378606095,60491,776
522,1783378606194,60590,60589,-1,0,0,0,0,0,72,77,78,80,70,110.55,42,-23,-1,-1008,-1,0,0,0,0,0,0,0,"keyboard-worker","OK",1783378606145,60541,777
523,1783378606418,60814,60813,-1,0,0,0,0,0,72,77,78,80,70,110.95,42,-21,0,-982,-1,0,0,0,0,0,0,0,"keyboard-worker","OK",1783378606395,60791,782
524,1783378606440,60836,60836,-1,0,0,0,0,0,72,77,79,80,70,110.63,42,-26,0,-1034,-1,0,0,0,0,0,0,0,"keyboard-worker","OK",1783378606395,60791,782
525,1783378606484,60880,60879,-1,1,0,0,0,0,72,77,79,80,70,110.9,43,-23,-4,-972,-1,0,0,0,0,0,0,0,"keyboard-worker","OK",1783378606445,60841,783
526,1783378606598,60994,60993,-1,1,0,0,0,0,72,77,79,80,70,111.12,43,-45,3,-1082,-1,0,0,0,0,0,0,0,"keyboard-worker","OK",1783378606596,60991,786
527,1783378606659,61055,61055,-1,1,0,0,0,0,73,76,79,80,70,110.75,43,-14,5,-998,-1,0,0,0,0,0,0,0,"keyboard-worker","OK",1783378606646,61041,787
528,1783378606826,61222,61222,-1,0,0,0,0,-1,73,76,79,80,70,111.15,43,-2,-19,-927,-1,0,0,0,0,0,0,0,"keyboard-worker","OK",1783378606796,61192,790
529,1783378606839,61235,61235,-1,0,0,0,0,0,73,76,79,80,70,111.02,43,5,-8,-883,-1,0,0,0,0,0,0,0,"keyboard-worker","OK",1783378606796,61192,790
530,1783378606951,61347,61346,-1,0,0,0,0,0,73,76,78,80,70,111.06,43,-24,2,-1028,-1,0,0,0,0,0,0,0,"keyboard-worker","OK",1783378606946,61342,793
531,1783378607079,61475,61474,-1,0,0,0,0,0,73,76,77,80,70,110.78,43,23,-36,-996,-1,0,0,0,0,0,0,0,"keyboard-worker","OK",1783378607046,61442,795
532,1783378607214,61610,61610,-1,1,0,0,0,0,73,76,76,80,70,110.66,43,-22,-11,-989,-1,0,0,0,0,0,0,0,"keyboard-worker","OK",1783378607197,61592,798
533,1783378607272,61668,61668,-1,1,0,0,0,0,73,76,75,80,70,110.63,43,-6,3,-1022,-1,0,0,0,0,0,0,0,"keyboard-worker","OK",1783378607247,61643,799
534,1783378607412,61808,61808,-1,1,0,0,0,0,73,76,75,80,70,110.8,43,-53,5,-1004,-1,0,0,0,0,0,0,0,"keyboard-worker","OK",1783378607397,61793,802
535,1783378607514,61910,61910,-1,1,0,0,0,0,73,76,74,70,70,110.72,44,6,-10,-953,-1,0,0,0,0,0,0,0,"keyboard-worker","OK",1783378607498,61893,804
536,1783378607625,62021,62020,-2,1,0,0,0,0,73,76,74,70,70,110.94,44,-9,6,-977,-1,0,0,0,0,0,0,0,"keyboard-worker","OK",1783378607598,61994,806
537,1783378607718,62114,62113,-1,1,0,0,0,0,73,75,74,70,70,110.95,44,-3,3,-1010,-1,0,0,0,0,0,0,0,"keyboard-worker","OK",1783378607698,62094,808
538,1783378607759,62155,62154,-1,1,0,0,0,0,73,75,74,70,70,110.6,44,-27,-2,-1122,-1,0,0,0,0,0,0,0,"keyboard-worker","OK",1783378607748,62144,809
539,1783378607825,62221,62221,-1,1,0,0,0,0,73,75,75,70,70,110.76,44,-9,24,-995,-1,0,0,0,0,0,0,0,"keyboard-worker","OK",1783378607798,62194,810
540,1783378607983,62379,62379,-1,1,0,0,0,0,73,75,75,70,70,110.67,44,-11,9,-1007,-1,0,0,0,0,0,0,0,"keyboard-worker","OK",1783378607949,62344,813
541,1783378608117,62513,62513,-1,0,0,0,0,0,73,75,75,70,70,110.88,44,-50,-4,-1072,-1,0,0,0,0,0,0,0,"keyboard-worker","OK",1783378608099,62495,816
542,1783378608180,62576,62576,-1,0,0,0,0,0,73,75,76,70,70,110.79,44,24,14,-927,-1,0,0,0,0,0,0,0,"keyboard-worker","OK",1783378608149,62545,817
543,1783378608293,62689,62689,-1,0,0,0,0,0,73,75,76,70,70,110.84,44,3,-6,-1010,-1,0,0,0,0,0,0,0,"keyboard-worker","OK",1783378608249,62645,819
544,1783378608408,62804,62803,-1,0,0,0,0,0,73,75,77,70,70,111.03,44,11,-7,-978,-1,0,0,0,0,0,0,0,"keyboard-worker","OK",1783378608400,62795,822
545,1783378608546,62942,62942,0,0,0,0,0,0,73,75,78,80,70,110.82,45,-11,15,-1046,-1,0,0,0,0,0,0,0,"keyboard-worker","OK",1783378608500,62896,824
546,1783378608588,62984,62984,0,0,0,0,0,0,73,75,79,80,70,110.89,45,22,-12,-975,-1,0,0,0,0,0,0,0,"keyboard-worker","OK",1783378608550,62946,825
547,1783378608716,63112,63111,0,0,0,0,0,0,73,75,80,80,70,110.88,45,12,-4,-1018,-1,0,0,0,0,0,0,0,"keyboard-worker","OK",1783378608700,63096,828
548,1783378608791,63187,63186,0,0,0,0,0,0,73,75,81,80,70,110.93,45,20,-6,-995,-1,0,0,0,0,0,0,0,"keyboard-worker","OK",1783378608751,63146,829
549,1783378608847,63243,63242,0,0,0,1,0,0,73,75,83,80,70,110.84,45,-22,11,-1041,-1,0,0,0,0,0,0,0,"keyboard-worker","OK",1783378608801,63196,830
550,1783378609014,63410,63410,0,0,0,0,0,0,73,75,84,80,70,110.81,45,14,15,-995,-1,0,0,0,0,0,0,0,"keyboard-worker","OK",1783378609001,63397,834
551,1783378609076,63472,63471,0,0,0,0,0,0,73,75,86,80,70,110.73,45,-4,19,-1018,-1,0,0,0,0,0,0,0,"keyboard-worker","OK",1783378609051,63447,835
552,1783378609168,63564,63563,0,0,0,0,0,0,73,75,87,80,70,111.15,45,-7,30,-972,-1,0,0,0,0,0,0,0,"keyboard-worker","OK",1783378609152,63547,837
553,1783378609305,63701,63700,0,0,0,0,0,0,73,75,88,80,70,110.95,45,-16,2,-917,-1,0,0,0,0,0,0,0,"keyboard-worker","OK",1783378609302,63698,840
554,1783378609367,63763,63763,0,0,0,0,0,0,73,75,89,80,70,111.22,45,-9,31,-958,-1,0,0,0,0,0,0,0,"keyboard-worker","OK",1783378609352,63748,841
555,1783378609477,63873,63873,0,0,0,0,0,0,73,75,90,80,70,110.78,46,13,-17,-959,-1,0,0,0,0,0,0,0,"keyboard-worker","OK",1783378609452,63848,843
556,1783378609592,63988,63988,0,0,0,0,0,0,73,75,90,80,69,111.02,46,26,-14,-972,-1,0,0,0,0,0,0,0,"keyboard-worker","OK",1783378609552,63948,845
557,1783378609684,64080,64079,0,0,0,0,0,0,73,76,90,90,69,111.02,46,-5,32,-984,-1,0,0,0,0,0,0,0,"keyboard-worker","OK",1783378609653,64048,847
558,1783378609769,64165,64165,0,0,0,0,0,0,73,76,90,90,69,111.03,46,-18,11,-971,-1,0,0,0,0,0,0,0,"keyboard-worker","OK",1783378609753,64148,849
559,1783378609838,64234,64234,0,0,0,0,0,0,73,76,90,90,69,110.96,46,24,-12,-970,-1,0,0,0,0,0,0,0,"keyboard-worker","OK",1783378609803,64199,850
560,1783378609954,64350,64350,0,0,0,0,0,0,73,76,90,90,69,111.1,46,0,23,-984,-1,0,0,0,0,0,0,0,"keyboard-worker","OK",1783378609953,64349,853
561,1783378610144,64540,64540,0,0,0,0,0,0,73,76,90,80,69,111.02,46,-37,29,-999,-1,0,0,0,0,0,0,0,"keyboard-worker","OK",1783378610104,64499,856
562,1783378610199,64595,64594,0,0,0,0,0,0,73,76,89,80,69,111.1,46,0,-2,-998,-1,0,0,0,0,0,0,0,"keyboard-worker","OK",1783378610154,64549,857
563,1783378610290,64686,64686,0,0,0,0,0,0,73,76,89,80,69,110.87,46,2,0,-1007,-1,0,0,0,0,0,0,0,"keyboard-worker","OK",1783378610254,64649,859
564,1783378610341,64737,64737,0,0,0,0,0,0,73,76,89,80,69,111.18,46,3,1,-993,-1,0,0,0,0,0,0,0,"keyboard-worker","OK",1783378610304,64700,860
565,1783378610453,64849,64848,0,0,0,0,0,0,73,76,89,80,69,111.28,47,-10,19,-1021,-1,0,0,0,0,0,0,0,"keyboard-worker","OK",1783378610404,64800,862
566,1783378610589,64985,64985,0,0,0,0,0,0,73,76,89,80,69,111.08,47,-14,35,-973,-1,0,0,0,0,0,0,0,"keyboard-worker","OK",1783378610554,64950,865
567,1783378610709,65105,65105,0,0,0,0,0,0,72,75,89,80,69,110.97,47,-14,29,-1002,-1,0,0,0,0,0,0,0,"keyboard-worker","OK",1783378610705,65100,868
568,1783378610811,65207,65206,0,0,0,0,0,0,72,75,88,80,69,110.97,47,29,-18,-971,-1,0,0,0,0,0,0,0,"keyboard-worker","OK",1783378610805,65201,870
569,1783378610888,65284,65284,1,0,0,0,0,0,72,75,88,80,69,111.03,47,24,-9,-1036,-1,0,0,0,0,0,0,0,"keyboard-worker","OK",1783378610855,65251,871
570,1783378610919,65315,65315,0,0,0,0,0,0,72,75,88,80,69,111,47,7,-7,-1007,-1,0,0,0,0,0,0,0,"keyboard-worker","OK",1783378610905,65301,872
571,1783378611056,65452,65452,0,0,0,0,0,0,72,75,88,80,69,111.21,47,9,-9,-989,-1,0,0,0,0,0,0,0,"keyboard-worker","OK",1783378611056,65451,875
572,1783378611208,65604,65604,0,0,0,0,0,0,72,75,87,80,69,111.22,47,42,-32,-998,-1,0,0,0,0,0,0,0,"keyboard-worker","OK",1783378611206,65602,878
573,1783378611266,65662,65661,0,0,0,0,0,0,72,75,87,80,69,111.06,47,55,-38,-1033,-1,0,0,0,0,0,0,0,"keyboard-worker","OK",1783378611256,65652,879
574,1783378611361,65757,65757,0,0,0,0,0,0,72,75,86,80,69,111.07,48,19,-28,-992,-1,0,0,0,0,0,0,0,"keyboard-worker","OK",1783378611356,65752,881
575,1783378611493,65889,65889,0,0,0,0,0,0,72,75,86,80,69,111.16,48,15,-9,-1003,-1,0,0,0,0,0,0,0,"keyboard-worker","OK",1783378611456,65852,883
576,1783378611603,65999,65998,0,0,0,0,0,0,72,75,86,80,69,110.96,48,44,-15,-1026,-1,0,0,0,0,0,0,0,"keyboard-worker","OK",1783378611557,65952,885
577,1783378611647,66043,66042,0,0,0,0,0,0,74,76,85,80,69,110.98,48,29,-4,-1012,-1,0,0,0,0,0,0,0,"keyboard-worker","OK",1783378611607,66002,886
578,1783378611727,66123,66122,0,0,0,0,0,0,74,76,85,80,69,111,48,33,2,-1002,-1,0,0,0,0,0,0,0,"keyboard-worker","OK",1783378611707,66103,888
579,1783378611875,66271,66271,0,0,0,0,0,0,74,76,85,80,69,110.8,48,45,11,-1032,-1,0,0,0,0,0,0,0,"keyboard-worker","OK",1783378611857,66253,891
580,1783378612053,66449,66449,0,0,0,0,0,0,74,76,85,80,69,111.09,48,41,-7,-1007,-1,0,0,0,0,0,0,0,"keyboard-worker","OK",1783378612008,66403,894
581,1783378612236,66632,66631,0,0,0,0,0,0,74,76,84,80,69,111.14,48,-1,-25,-970,-1,0,0,0,0,0,0,0,"keyboard-worker","OK",1783378612208,66604,898
582,1783378612240,66636,66636,0,0,0,0,0,0,74,76,84,80,69,110.7,48,12,-4,-1019,-1,0,0,0,0,0,0,0,"keyboard-worker","OK",1783378612208,66604,898
583,1783378612314,66710,66710,0,0,0,0,0,0,74,76,84,80,69,110.79,48,20,5,-1002,-1,0,0,0,0,0,0,0,"keyboard-worker","OK",1783378612308,66704,900
584,1783378612377,66773,66773,0,0,0,0,0,0,74,76,83,80,69,111.11,49,1,5,-985,-1,0,0,0,0,0,0,0,"keyboard-worker","OK",1783378612358,66754,901
585,1783378612481,66877,66877,0,0,0,0,0,0,74,76,83,80,69,110.77,49,5,2,-993,-1,0,0,0,0,0,0,0,"keyboard-worker","OK",1783378612458,66854,903
586,1783378612648,67044,67043,0,0,0,0,0,0,74,76,82,80,69,110.83,49,20,-4,-981,-1,0,0,0,0,0,0,0,"keyboard-worker","OK",1783378612609,67004,906
587,1783378612752,67148,67148,0,0,0,0,0,0,74,77,82,80,69,110.9,49,-15,-2,-1028,-1,0,0,0,0,0,0,0,"keyboard-worker","OK",1783378612709,67105,908
588,1783378612775,67171,67171,0,0,0,0,0,0,74,77,82,80,69,110.92,49,0,0,-1003,-1,0,0,0,0,0,0,0,"keyboard-worker","OK",1783378612759,67155,909
589,1783378612878,67274,67273,0,0,0,0,0,0,74,77,82,80,69,110.79,49,34,-14,-944,-1,0,0,0,0,0,0,0,"keyboard-worker","OK",1783378612859,67255,911
590,1783378612955,67351,67350,0,0,0,0,0,0,74,77,82,80,69,110.81,49,3,-7,-1071,-1,0,0,0,0,0,0,0,"keyboard-worker","OK",1783378612909,67305,912
591,1783378613080,67476,67476,0,1,0,0,0,0,74,77,82,80,69,111.13,49,30,-13,-1024,-1,0,0,0,0,0,0,0,"keyboard-worker","OK",1783378613060,67455,915
592,1783378613201,67597,67597,0,1,0,0,0,0,74,77,82,80,69,110.96,49,5,-1,-1006,-1,0,0,0,0,0,0,0,"keyboard-worker","OK",1783378613160,67556,917
593,1783378613366,67762,67762,0,0,0,0,0,0,74,77,83,80,69,110.96,49,11,-17,-999,-1,0,0,0,0,0,0,0,"keyboard-worker","OK",1783378613360,67756,921
594,1783378613374,67770,67770,0,0,0,0,0,0,74,77,83,80,69,111.01,50,30,11,-1042,-1,0,0,0,0,0,0,0,"keyboard-worker","OK",1783378613360,67756,921
595,1783378613469,67865,67864,0,0,0,0,0,0,74,77,84,80,69,110.94,50,-41,37,-977,-1,0,0,0,0,0,0,0,"keyboard-worker","OK",1783378613460,67856,923
596,1783378613602,67998,67998,0,0,0,0,0,0,74,77,84,80,69,110.71,50,2,-1,-991,-1,0,0,0,0,0,0,0,"keyboard-worker","OK",1783378613561,67956,925
597,1783378613677,68073,68073,0,0,0,0,0,0,73,77,84,80,69,111.18,50,46,-22,-992,-1,0,0,0,0,0,0,0,"keyboard-worker","OK",1783378613661,68057,927
598,1783378613755,68151,68150,0,0,0,0,0,0,73,77,85,80,69,110.86,50,31,-21,-968,-1,0,0,0,0,0,0,0,"keyboard-worker","OK",1783378613711,68107,928
599,1783378613865,68261,68261,0,0,0,0,0,0,73,77,85,80,69,111.18,50,62,-22,-1006,-1,0,0,0,0,0,0,0,"keyboard-worker","OK",1783378613861,68257,931
600,1783378613970,68366,68366,0,0,0,0,0,0,73,77,84,80,69,110.99,50,-18,5,-984,-1,0,0,0,0,0,0,0,"keyboard-worker","OK",1783378613962,68357,933
601,1783378614115,68511,68511,0,0,0,0,0,0,73,77,85,80,69,111.08,50,8,-9,-1018,-1,0,0,0,0,0,0,0,"keyboard-worker","OK",1783378614112,68508,936
602,1783378614176,68572,68571,0,0,0,0,0,0,73,77,84,80,69,110.97,50,29,-35,-985,-1,0,0,0,0,0,0,0,"keyboard-worker","OK",1783378614162,68558,937
603,1783378614274,68670,68669,0,0,0,0,0,0,73,77,84,80,69,110.71,50,-8,7,-1050,-1,0,0,0,0,0,0,0,"keyboard-worker","OK",1783378614262,68658,939
604,1783378614401,68797,68797,0,0,0,0,0,0,73,77,84,80,69,110.82,51,-1,-12,-983,-1,0,0,0,0,0,0,0,"keyboard-worker","OK",1783378614362,68758,941
605,1783378614469,68865,68864,0,0,0,0,0,0,73,77,84,80,69,110.99,51,1,-1,-946,-1,0,0,0,0,0,0,0,"keyboard-worker","OK",1783378614463,68858,943
606,1783378614583,68979,68978,0,0,0,0,0,0,73,77,84,80,69,111.04,51,-25,0,-1038,-1,0,0,0,0,0,0,0,"keyboard-worker","OK",1783378614563,68959,945
607,1783378614677,69073,69073,0,0,0,0,0,0,73,76,84,80,69,110.85,51,-7,8,-975,-1,0,0,0,0,0,0,0,"keyboard-worker","OK",1783378614663,69059,947
608,1783378614874,69270,69270,0,0,0,0,0,0,73,76,84,80,69,110.8,51,14,4,-1095,-1,0,0,0,0,0,0,0,"keyboard-worker","OK",1783378614864,69259,951
609,1783378614921,69317,69317,0,0,0,0,0,0,73,76,84,80,69,110.8,51,4,23,-993,-1,0,0,0,0,0,0,0,"keyboard-worker","OK",1783378614914,69309,952
610,1783378615022,69418,69417,0,0,0,0,0,0,73,76,84,80,69,110.98,51,18,1,-1022,-1,0,0,0,0,0,0,0,"keyboard-worker","OK",1783378615014,69410,954
611,1783378615131,69527,69527,0,0,0,0,0,0,73,76,84,80,69,110.72,51,-9,8,-1067,-1,0,0,0,0,0,0,0,"keyboard-worker","OK",1783378615114,69510,956
612,1783378615298,69694,69694,0,0,0,0,0,0,73,76,84,80,69,110.81,51,12,-10,-1028,-1,0,0,0,0,0,0,0,"keyboard-worker","OK",1783378615265,69660,959
613,1783378615388,69784,69784,0,0,0,0,0,0,73,76,84,80,69,110.52,51,18,2,-942,-1,0,0,0,0,0,0,0,"keyboard-worker","OK",1783378615365,69760,961
614,1783378615411,69807,69807,0,0,0,0,0,0,73,76,84,80,69,110.95,52,3,5,-1031,-1,0,0,0,0,0,0,0,"keyboard-worker","OK",1783378615365,69760,961
615,1783378615581,69977,69977,0,0,0,0,0,0,73,76,83,80,69,111.1,52,52,-4,-934,-1,0,0,0,0,0,0,0,"keyboard-worker","OK",1783378615565,69961,965
616,1783378615586,69982,69982,0,0,0,0,0,0,73,76,82,80,69,110.93,52,-3,0,-1040,-1,0,0,0,0,0,0,0,"keyboard-worker","OK",1783378615565,69961,965
617,1783378615674,70070,70069,0,0,0,0,0,0,75,76,82,80,69,110.8,52,14,10,-1038,-1,0,0,0,0,0,0,0,"keyboard-worker","OK",1783378615665,70061,967
618,1783378615792,70188,70188,0,0,0,0,0,0,75,76,81,80,69,110.87,52,-11,11,-1030,-1,0,0,0,0,0,0,0,"keyboard-worker","OK",1783378615765,70161,969
619,1783378615945,70341,70340,0,0,0,0,0,0,75,76,80,80,69,110.8,52,2,1,-950,-1,0,0,0,0,0,0,0,"keyboard-worker","OK",1783378615916,70311,972
620,1783378616004,70400,70400,0,0,0,0,0,0,75,76,79,80,69,111.11,52,35,0,-945,-1,0,0,0,0,0,0,0,"keyboard-worker","OK",1783378615966,70362,973
621,1783378616043,70439,70439,0,0,0,0,0,0,75,76,79,80,69,110.77,52,13,-14,-1076,-1,0,0,0,0,0,0,0,"keyboard-worker","OK",1783378616016,70412,974
622,1783378616154,70550,70550,0,0,0,0,0,0,75,76,78,80,69,111.01,52,-2,4,-1089,-1,0,0,0,0,0,0,0,"keyboard-worker","OK",1783378616116,70512,976
623,1783378616290,70686,70685,0,0,0,0,0,0,75,76,78,80,69,110.79,52,-7,2,-939,-1,0,0,0,0,0,0,0,"keyboard-worker","OK",1783378616267,70662,979
624,1783378616401,70797,70797,0,0,0,0,0,0,75,76,77,80,69,111.03,53,1,4,-1001,-1,0,0,0,0,0,0,0,"keyboard-worker","OK",1783378616367,70763,981
625,1783378616440,70836,70836,0,0,0,0,0,0,75,76,77,80,69,110.8,53,-6,-7,-1003,-1,0,0,0,0,0,0,0,"keyboard-worker","OK",1783378616417,70813,982
626,1783378616557,70953,70953,0,0,0,0,0,0,75,76,77,80,69,110.96,53,18,-6,-1029,-1,0,0,0,0,0,0,0,"keyboard-worker","OK",1783378616517,70913,984
627,1783378616697,71093,71092,0,0,0,0,0,0,74,77,77,80,69,110.99,53,-1,-7,-1029,-1,0,0,0,0,0,0,0,"keyboard-worker","OK",1783378616668,71063,987
628,1783378616819,71215,71215,0,0,0,0,0,0,74,77,77,80,69,111.12,53,9,3,-990,-1,0,0,0,0,0,0,0,"keyboard-worker","OK",1783378616818,71214,990
629,1783378616907,71303,71302,0,0,0,0,0,0,74,77,77,80,69,110.86,53,10,-20,-1051,-1,0,0,0,0,0,0,0,"keyboard-worker","OK",1783378616868,71264,991
630,1783378616949,71345,71345,0,0,0,0,0,0,74,77,78,80,69,110.89,53,21,-10,-968,-1,0,0,0,0,0,0,0,"keyboard-worker","OK",1783378616918,71314,992
631,1783378617070,71466,71465,0,0,0,0,0,0,74,77,78,80,69,110.56,53,6,-4,-1008,-1,0,0,0,0,0,0,0,"keyboard-worker","OK",1783378617069,71464,995
632,1783378617203,71599,71598,0,0,0,0,0,0,74,77,78,80,69,110.67,53,-12,6,-973,-1,0,0,0,0,0,0,0,"keyboard-worker","OK",1783378617169,71564,997
633,1783378617328,71724,71723,0,0,0,0,0,0,74,77,79,80,69,110.79,53,-7,-6,-1046,-1,0,0,0,0,0,0,0,"keyboard-worker","OK",1783378617319,71715,1000
634,1783378617643,72039,72039,0,0,0,0,0,0,74,77,79,80,69,110.8,54,6,-4,-1014,-1,0,0,0,0,0,0,0,"keyboard-worker","OK",1783378617620,72016,1006
635,1783378617670,72066,72066,0,0,0,0,0,0,74,77,79,80,68,111.2,54,5,0,-989,-1,0,0,0,0,0,0,0,"keyboard-worker","OK",1783378617670,72066,1007
636,1783378617704,72100,72100,0,0,0,0,0,0,74,77,80,80,68,110.86,54,21,1,-1042,-1,0,0,0,0,0,0,0,"keyboard-worker","OK",1783378617670,72066,1007
637,1783378617751,72147,72146,0,0,0,0,0,0,74,76,80,80,68,111.05,54,1,-7,-1060,-1,0,0,0,0,0,0,0,"keyboard-worker","OK",1783378617720,72116,1008
638,1783378617794,72190,72190,0,0,0,0,0,0,74,76,80,80,68,111.02,54,20,-12,-963,-1,0,0,0,0,0,0,0,"keyboard-worker","OK",1783378617770,72166,1009
639,1783378617903,72299,72299,0,0,0,0,0,0,74,76,81,80,68,110.85,54,8,6,-1091,-1,0,0,0,0,0,0,0,"keyboard-worker","OK",1783378617870,72266,1011
640,1783378617908,72304,72304,0,0,0,0,0,0,74,76,82,80,68,110.82,54,12,-6,-990,-1,0,0,0,0,0,0,0,"keyboard-worker","OK",1783378617870,72266,1011
641,1783378618074,72470,72470,0,0,0,0,0,0,74,76,83,80,68,110.69,54,6,0,-964,-1,0,0,0,0,0,0,0,"keyboard-worker","OK",1783378618071,72467,1015
642,1783378618185,72581,72581,0,0,0,0,0,0,74,76,83,80,68,110.65,54,12,-12,-916,-1,0,0,0,0,0,0,0,"keyboard-worker","OK",1783378618171,72567,1017
643,1783378618246,72642,72641,0,0,0,0,0,0,74,76,84,80,68,111.31,54,32,3,-922,-1,0,0,0,0,0,0,0,"keyboard-worker","OK",1783378618221,72617,1018
644,1783378618377,72773,72773,0,0,0,0,0,0,74,76,84,80,68,110.77,55,-16,18,-974,-1,0,0,0,0,0,0,0,"keyboard-worker","OK",1783378618372,72767,1021
645,1783378618492,72888,72888,0,0,0,0,0,0,74,76,85,80,68,110.99,55,-13,10,-930,-1,0,0,0,0,0,0,0,"keyboard-worker","OK",1783378618472,72867,1023
646,1783378618566,72962,72961,0,0,0,0,0,0,74,76,85,80,68,110.82,55,22,14,-962,-1,0,0,0,0,0,0,0,"keyboard-worker","OK",1783378618522,72918,1024
647,1783378618770,73166,73165,0,0,0,0,0,0,75,78,84,80,68,110.75,55,11,10,-1006,-1,0,0,0,0,0,0,0,"keyboard-worker","OK",1783378618722,73118,1028
648,1783378618774,73170,73170,0,0,0,0,0,0,75,78,84,80,68,111.15,55,5,-3,-908,-1,0,0,0,0,0,0,0,"keyboard-worker","OK",1783378618773,73168,1029
649,1783378618833,73229,73228,0,0,0,0,0,0,75,78,84,80,68,110.77,55,-10,-6,-964,-1,0,0,0,0,0,0,0,"keyboard-worker","OK",1783378618823,73218,1030
650,1783378619129,73525,73525,0,0,0,0,0,0,75,78,84,80,68,111.04,55,7,2,-993,-1,0,0,0,0,0,0,0,"keyboard-worker","OK",1783378619123,73519,1036
651,1783378619134,73530,73529,0,0,0,0,0,0,75,78,83,80,68,110.93,55,-12,0,-989,-1,0,0,0,0,0,0,0,"keyboard-worker","OK",1783378619123,73519,1036
652,1783378619233,73629,73629,0,0,0,0,0,0,75,78,83,80,68,111.09,55,19,-12,-1005,-1,0,0,0,0,0,0,0,"keyboard-worker","OK",1783378619224,73619,1038
653,1783378619238,73634,73634,0,0,0,0,0,0,75,78,82,80,68,111.03,55,-13,-20,-1089,-1,0,0,0,0,0,0,0,"keyboard-worker","OK",1783378619224,73619,1038
654,1783378619439,73835,73835,0,0,0,0,0,0,75,78,82,80,68,110.9,56,8,-4,-895,-1,0,0,0,0,0,0,0,"keyboard-worker","OK",1783378619424,73820,1042
655,1783378619524,73920,73920,0,0,0,0,0,0,75,78,82,80,68,111.07,56,0,-14,-978,-1,0,0,0,0,0,0,0,"keyboard-worker","OK",1783378619524,73920,1044
656,1783378619585,73981,73981,0,0,0,0,0,0,75,78,81,80,68,110.78,56,-1,-10,-985,-1,0,0,0,0,0,0,0,"keyboard-worker","OK",1783378619574,73970,1045
657,1783378619672,74068,74068,0,0,0,0,0,0,75,78,81,80,68,111.06,56,22,-2,-929,-1,0,0,0,0,0,0,0,"keyboard-worker","OK",1783378619625,74020,1046
658,1783378619797,74193,74192,0,0,0,0,0,0,75,78,80,80,68,110.85,56,13,-24,-991,-1,0,0,0,0,0,0,0,"keyboard-worker","OK",1783378619775,74171,1049
659,1783378619978,74374,74374,0,0,0,0,0,0,75,78,80,80,68,110.82,56,-3,-13,-1066,-1,0,0,0,0,0,0,0,"keyboard-worker","OK",1783378619975,74371,1053
660,1783378620018,74414,74414,0,0,0,0,0,0,75,78,79,80,68,110.66,56,3,3,-1028,-1,0,0,0,0,0,0,0,"keyboard-worker","OK",1783378619975,74371,1053
661,1783378620086,74482,74482,0,0,0,0,0,0,75,78,79,80,68,110.65,56,19,-2,-1035,-1,0,0,0,0,0,0,0,"keyboard-worker","OK",1783378620076,74471,1055
662,1783378620129,74525,74524,0,0,0,0,0,0,75,78,79,80,68,110.86,56,11,-13,-1032,-1,0,0,0,0,0,0,0,"keyboard-worker","OK",1783378620126,74521,1056
663,1783378620315,74711,74710,0,0,0,0,0,0,75,78,78,80,68,111.01,56,-4,3,-1034,-1,0,0,0,0,0,0,0,"keyboard-worker","OK",1783378620276,74672,1059
664,1783378620418,74814,74813,0,0,0,0,0,0,75,78,78,80,68,110.9,57,-11,10,-1000,-1,0,0,0,0,0,0,0,"keyboard-worker","OK",1783378620376,74772,1061
665,1783378620456,74852,74851,0,0,0,0,0,0,75,78,78,80,68,110.7,57,-26,-2,-1094,-1,0,0,0,0,0,0,0,"keyboard-worker","OK",1783378620426,74822,1062
666,1783378620589,74985,74985,0,0,0,0,0,0,75,78,78,80,68,110.73,57,18,-20,-897,-1,0,0,0,0,0,0,0,"keyboard-worker","OK",1783378620577,74973,1065
667,1783378620690,75086,75085,0,0,0,0,0,0,76,77,79,80,68,110.74,57,34,-11,-988,-1,0,0,0,0,0,0,0,"keyboard-worker","OK",1783378620677,75073,1067
668,1783378620765,75161,75161,0,0,0,0,0,0,76,77,79,80,68,110.94,57,7,1,-1003,-1,0,0,0,0,0,0,0,"keyboard-worker","OK",1783378620727,75123,1068
669,1783378620823,75219,75218,0,0,0,0,0,0,76,77,80,80,68,111.12,57,5,-13,-1045,-1,0,0,0,0,0,0,0,"keyboard-worker","OK",1783378620777,75173,1069
670,1783378621035,75431,75431,0,0,0,0,0,0,76,77,81,80,68,111,57,-1,-5,-999,-1,0,0,0,0,0,0,0,"keyboard-worker","OK",1783378621028,75424,1074
671,1783378621100,75496,75496,0,0,0,0,0,0,76,77,82,80,68,110.92,57,24,-16,-1012,-1,0,0,0,0,0,0,0,"keyboard-worker","OK",1783378621078,75474,1075
672,1783378621177,75573,75573,0,0,0,0,0,0,76,77,83,80,68,110.82,57,-2,3,-992,-1,0,0,0,0,0,0,0,"keyboard-worker","OK",1783378621128,75524,1076
673,1783378621314,75710,75710,0,0,0,0,0,0,76,77,84,80,68,110.81,57,8,-2,-952,-1,0,0,0,0,0,0,0,"keyboard-worker","OK",1783378621279,75674,1079
674,1783378621427,75823,75823,0,0,0,0,0,0,76,77,85,80,68,110.8,58,-21,9,-1018,-1,0,0,0,0,0,0,0,"keyboard-worker","OK",1783378621379,75774,1081
675,1783378621468,75864,75864,0,0,0,0,0,0,76,77,87,80,68,110.92,58,2,-2,-986,-1,0,0,0,0,0,0,0,"keyboard-worker","OK",1783378621429,75825,1082
676,1783378621529,75925,75924,0,0,0,0,0,-1,76,77,87,80,68,110.88,58,7,9,-882,-1,0,0,0,0,0,0,0,"keyboard-worker","OK",1783378621529,75925,1084
677,1783378621665,76061,76060,0,0,0,0,0,0,75,77,88,80,68,111.04,58,5,4,-992,-1,0,0,0,0,0,0,0,"keyboard-worker","OK",1783378621629,76025,1086
678,1783378621766,76162,76162,0,0,0,0,0,0,75,77,87,80,68,110.86,58,-11,-8,-1063,-1,0,0,0,0,0,0,0,"keyboard-worker","OK",1783378621730,76125,1088
679,1783378621885,76281,76280,0,0,0,0,0,0,75,77,87,80,68,111.16,58,9,-17,-949,-1,0,0,0,0,0,0,0,"keyboard-worker","OK",1783378621880,76276,1091
680,1783378621964,76360,76359,0,0,0,0,0,0,75,77,86,80,68,111,58,23,-13,-911,-1,0,0,0,0,0,0,0,"keyboard-worker","OK",1783378621930,76326,1092
681,1783378622084,76480,76480,0,0,0,0,0,0,75,77,85,80,68,111.08,58,18,6,-1014,-1,0,0,0,0,0,0,0,"keyboard-worker","OK",1783378622080,76476,1095
682,1783378622256,76652,76652,0,0,0,0,0,0,75,77,85,80,68,110.81,58,-18,19,-1030,-1,0,0,0,0,0,0,0,"keyboard-worker","OK",1783378622231,76626,1098
683,1783378622281,76677,76677,0,0,0,0,0,0,75,77,85,80,68,110.94,58,19,-6,-988,-1,0,0,0,0,0,0,0,"keyboard-worker","OK",1783378622281,76676,1099
684,1783378622381,76777,76776,0,0,0,0,0,0,75,77,84,80,68,111.09,59,-8,1,-1117,-1,0,0,0,0,0,0,0,"keyboard-worker","OK",1783378622381,76777,1101
685,1783378622441,76837,76837,0,0,0,0,0,0,75,77,84,80,68,110.87,59,-11,2,-997,-1,0,0,0,0,0,0,0,"keyboard-worker","OK",1783378622431,76827,1102
686,1783378622566,76962,76962,0,0,0,0,0,0,75,77,84,80,68,110.92,59,5,0,-1049,-1,0,0,0,0,0,0,0,"keyboard-worker","OK",1783378622531,76927,1104
687,1783378622649,77045,77044,0,0,0,0,0,0,75,78,84,80,68,110.88,59,28,-5,-993,-1,0,0,0,0,0,0,0,"keyboard-worker","OK",1783378622632,77027,1106
688,1783378622747,77143,77142,0,0,0,0,0,0,75,78,84,80,68,110.8,59,15,-9,-936,-1,0,0,0,0,0,0,0,"keyboard-worker","OK",1783378622732,77127,1108
689,1783378622864,77260,77260,0,0,0,0,0,0,75,78,84,80,68,111.26,59,-11,-20,-1034,-1,0,0,0,0,0,0,0,"keyboard-worker","OK",1783378622832,77228,1110
690,1783378623018,77414,77414,0,0,0,0,0,0,75,78,84,80,68,110.75,59,-22,14,-1005,-1,0,0,0,0,0,0,0,"keyboard-worker","OK",1783378622982,77378,1113
691,1783378623079,77475,77474,0,0,0,0,0,0,75,78,84,80,68,110.86,59,-3,-19,-968,-1,0,0,0,0,0,0,0,"keyboard-worker","OK",1783378623033,77429,1114
692,1783378623307,77703,77702,0,0,0,0,0,0,75,78,84,80,68,111.17,59,4,0,-1041,-1,0,0,0,0,0,0,0,"keyboard-worker","OK",1783378623290,77686,1119
693,1783378623365,77761,77761,0,0,0,0,0,0,75,78,84,80,68,110.62,59,1,-6,-980,-1,0,0,0,0,0,0,0,"keyboard-worker","OK",1783378623340,77736,1120
694,1783378623391,77787,77786,0,0,0,0,0,0,75,78,84,80,68,110.76,60,18,-5,-1001,-1,0,0,0,0,0,0,0,"keyboard-worker","OK",1783378623391,77786,1121
695,1783378623458,77854,77854,0,0,0,0,0,0,75,78,84,80,68,110.61,60,8,-4,-973,-1,0,0,0,0,0,0,0,"keyboard-worker","OK",1783378623441,77837,1122
696,1783378623593,77989,77989,0,0,0,0,0,0,75,78,85,80,68,110.85,60,-9,9,-1018,-1,0,0,0,0,0,0,0,"keyboard-worker","OK",1783378623592,77987,1125
697,1783378623754,78150,78150,0,0,0,0,0,0,75,78,85,80,68,110.78,60,19,0,-1000,-1,0,0,0,0,0,0,0,"keyboard-worker","OK",1783378623742,78138,1128
698,1783378623763,78159,78159,0,0,0,0,0,0,75,78,86,80,68,111.11,60,-1,-1,-1034,-1,0,0,0,0,0,0,0,"keyboard-worker","OK",1783378623742,78138,1128
699,1783378623848,78244,78244,0,0,0,0,0,0,75,78,86,80,68,111.17,60,35,-6,-956,-1,0,0,0,0,0,0,0,"keyboard-worker","OK",1783378623843,78238,1130
700,1783378624018,78414,78413,0,0,0,0,0,0,75,78,87,80,68,110.82,60,-1,3,-1005,-1,0,0,0,0,0,0,0,"keyboard-worker","OK",1783378623993,78389,1133
701,1783378624076,78472,78472,0,0,0,0,0,0,75,78,87,80,68,110.55,60,26,-10,-1031,-1,0,0,0,0,0,0,0,"keyboard-worker","OK",1783378624044,78439,1134
702,1783378624175,78571,78571,0,0,0,0,0,0,75,78,88,80,68,110.83,60,27,-18,-991,-1,0,0,0,0,0,0,0,"keyboard-worker","OK",1783378624144,78540,1136
703,1783378624326,78722,78722,0,0,0,0,0,0,75,78,89,80,68,110.65,60,0,-2,-1020,-1,0,0,0,0,0,0,0,"keyboard-worker","OK",1783378624295,78691,1139
704,1783378624523,78919,78919,0,0,0,0,0,0,75,78,89,80,68,110.75,61,-3,-13,-1049,-1,0,0,0,0,0,0,0,"keyboard-worker","OK",1783378624496,78892,1143
705,1783378624569,78965,78965,0,0,0,0,0,0,75,78,90,80,67,110.96,61,8,1,-828,-1,0,0,0,0,0,0,0,"keyboard-worker","OK",1783378624546,78942,1144
706,1783378624608,79004,79004,0,0,0,0,0,0,75,78,90,80,67,110.92,61,-24,12,-941,-1,0,0,0,0,0,0,0,"keyboard-worker","OK",1783378624596,78992,1145
707,1783378624730,79126,79126,0,0,0,0,0,0,75,78,89,80,67,110.77,61,41,4,-971,-1,0,0,0,0,0,0,0,"keyboard-worker","OK",1783378624697,79092,1147
708,1783378624853,79249,79249,0,0,0,0,0,0,75,78,89,80,67,110.68,61,55,-15,-979,-1,0,0,0,0,0,0,0,"keyboard-worker","OK",1783378624847,79243,1150
709,1783378624916,79312,79312,0,0,0,0,0,0,75,78,88,80,67,110.85,61,46,2,-949,-1,0,0,0,0,0,0,0,"keyboard-worker","OK",1783378624897,79293,1151
710,1783378625054,79450,79450,0,0,0,0,0,0,75,78,87,80,67,110.76,61,9,18,-967,-1,0,0,0,0,0,0,0,"keyboard-worker","OK",1783378625048,79444,1154
711,1783378625130,79526,79526,0,0,0,0,0,0,75,78,86,80,67,111.09,61,1,-3,-1043,-1,0,0,0,0,0,0,0,"keyboard-worker","OK",1783378625099,79494,1155
712,1783378625246,79642,79642,0,0,0,0,0,0,75,78,86,80,67,110.93,61,27,20,-945,-1,0,0,0,0,0,0,0,"keyboard-worker","OK",1783378625199,79595,1157
713,1783378625343,79739,79739,0,0,0,0,0,0,75,78,85,80,67,110.92,62,7,-7,-1059,-1,0,0,0,0,0,0,0,"keyboard-worker","OK",1783378625299,79695,1159
714,1783378625426,79822,79822,0,0,0,0,0,0,75,78,85,80,67,110.79,62,2,1,-1027,-1,0,0,0,0,0,0,0,"keyboard-worker","OK",1783378625400,79795,1161
715,1783378625544,79940,79940,0,0,0,0,0,0,75,78,84,80,67,110.9,62,22,3,-946,-1,0,0,0,0,0,0,0,"keyboard-worker","OK",1783378625500,79896,1163
716,1783378625656,80052,80052,0,0,0,0,0,0,75,78,84,80,67,110.65,62,46,-7,-947,-1,0,0,0,0,0,0,0,"keyboard-worker","OK",1783378625651,80046,1166
717,1783378625791,80187,80186,0,0,0,0,0,0,75,77,84,80,67,110.88,62,-12,6,-1088,-1,0,0,0,0,0,0,0,"keyboard-worker","OK",1783378625751,80147,1168
718,1783378625888,80284,80283,0,0,0,0,0,0,75,77,83,80,67,110.95,62,2,0,-1026,-1,0,0,0,0,0,0,0,"keyboard-worker","OK",1783378625852,80247,1170
719,1783378626169,80565,80564,0,0,0,0,0,0,75,77,83,80,67,110.73,62,9,-6,-992,-1,0,0,0,0,0,0,0,"keyboard-worker","OK",1783378626153,80548,1176
720,1783378626173,80569,80569,0,0,0,0,0,0,75,77,83,80,67,110.82,62,-14,-12,-960,-1,0,0,0,0,0,0,0,"keyboard-worker","OK",1783378626153,80548,1176
721,1783378626199,80595,80594,0,0,0,0,0,0,75,77,82,80,67,110.7,62,27,7,-941,-1,0,0,0,0,0,0,0,"keyboard-worker","OK",1783378626153,80548,1176
722,1783378626274,80670,80669,0,0,0,0,0,0,75,77,82,80,67,111.19,62,1,-11,-1084,-1,0,0,0,0,0,0,0,"keyboard-worker","OK",1783378626254,80649,1178
723,1783378626315,80711,80711,0,0,0,0,0,0,75,77,82,80,67,110.98,63,27,-6,-978,-1,0,0,0,0,0,0,0,"keyboard-worker","OK",1783378626305,80700,1179
724,1783378626475,80871,80870,0,0,0,0,0,0,75,77,81,80,67,110.75,63,19,-7,-959,-1,0,0,0,0,0,0,0,"keyboard-worker","OK",1783378626457,80853,1182
725,1783378626607,81003,81002,0,0,0,0,0,0,75,77,81,80,67,110.8,63,-3,-22,-1001,-1,0,0,0,0,0,0,0,"keyboard-worker","OK",1783378626558,80954,1184
726,1783378626727,81123,81122,0,0,0,0,0,0,75,77,81,80,67,111.1,63,26,-4,-976,-1,0,0,0,0,0,0,0,"keyboard-worker","OK",1783378626711,81107,1187
727,1783378626771,81167,81167,0,0,0,0,0,0,75,78,80,80,67,110.95,63,7,-1,-981,-1,0,0,0,0,0,0,0,"keyboard-worker","OK",1783378626761,81157,1188
728,1783378626950,81346,81346,0,0,0,0,0,0,75,78,79,80,67,110.85,63,-4,-7,-928,-1,0,0,0,0,0,0,0,"keyboard-worker","OK",1783378626913,81309,1191
729,1783378626955,81351,81351,0,0,0,0,0,0,75,78,79,80,67,110.77,63,8,-24,-1045,-1,0,0,0,0,0,0,0,"keyboard-worker","OK",1783378626913,81309,1191
730,1783378627053,81449,81448,0,0,0,0,0,0,75,78,78,80,67,110.77,63,2,-21,-1092,-1,0,0,0,0,0,0,0,"keyboard-worker","OK",1783378627015,81410,1193
731,1783378627185,81581,81581,0,0,0,0,0,0,75,78,78,80,67,111.26,63,24,0,-1082,-1,0,0,0,0,0,0,0,"keyboard-worker","OK",1783378627167,81563,1196
732,1783378627372,81768,81768,0,0,0,0,0,0,75,78,78,80,67,110.82,63,21,-22,-993,-1,0,0,0,0,0,0,0,"keyboard-worker","OK",1783378627369,81765,1200
733,1783378627378,81774,81773,0,0,0,0,0,0,75,78,78,80,67,110.6,64,29,-17,-971,-1,0,0,0,0,0,0,0,"keyboard-worker","OK",1783378627369,81765,1200
734,1783378627492,81888,81888,0,0,0,0,0,0,75,78,78,80,67,110.71,64,29,-9,-990,-1,0,0,0,0,0,0,0,"keyboard-worker","OK",1783378627470,81866,1202
735,1783378627571,81967,81967,0,0,0,0,0,0,75,78,78,80,67,111.18,64,18,-15,-1000,-1,0,0,0,0,0,0,0,"keyboard-worker","OK",1783378627521,81917,1203
736,1783378627707,82103,82103,0,0,0,0,0,0,75,78,78,80,67,110.98,64,-17,-11,-947,-1,0,0,0,0,0,0,0,"keyboard-worker","OK",1783378627673,82069,1206
737,1783378627794,82190,82189,0,0,0,0,0,0,75,78,79,80,67,111.19,64,5,-1,-995,-1,0,0,0,0,0,0,0,"keyboard-worker","OK",1783378627774,82170,1208
738,1783378627841,82237,82237,0,0,0,0,0,0,75,78,79,80,67,111.17,64,12,25,-1044,-1,0,0,0,0,0,0,0,"keyboard-worker","OK",1783378627825,82221,1209
739,1783378627979,82375,82375,0,0,0,0,0,0,75,78,79,80,67,110.96,64,11,4,-988,-1,0,0,0,0,0,0,0,"keyboard-worker","OK",1783378627977,82372,1212
740,1783378628130,82526,82526,0,0,0,0,0,0,75,78,79,80,67,110.7,64,-44,23,-990,-1,0,0,0,0,0,0,0,"keyboard-worker","OK",1783378628128,82524,1215
741,1783378628309,82705,82705,0,0,0,0,0,0,75,78,79,80,67,110.58,64,-26,13,-1035,-1,0,0,0,0,0,0,0,"keyboard-worker","OK",1783378628279,82675,1218
742,1783378628410,82806,82806,0,0,0,0,0,0,75,78,79,80,67,111.05,64,5,-6,-961,-1,0,0,0,0,0,0,0,"keyboard-worker","OK",1783378628380,82775,1220
743,1783378628433,82829,82828,0,0,0,0,0,0,75,78,79,80,67,110.93,65,-49,23,-1008,-1,0,0,0,0,0,0,0,"keyboard-worker","OK",1783378628430,82826,1221
744,1783378628546,82942,82942,0,0,0,0,0,0,75,78,79,80,67,110.72,65,-1,9,-983,-1,0,0,0,0,0,0,0,"keyboard-worker","OK",1783378628532,82927,1223
745,1783378628600,82996,82995,0,0,0,0,0,0,75,78,79,80,67,110.96,65,-6,-8,-979,-1,0,0,0,0,0,0,0,"keyboard-worker","OK",1783378628582,82978,1224
746,1783378628711,83107,83106,0,0,0,0,0,0,75,78,79,80,67,111.01,65,10,-1,-1097,-1,0,0,0,0,0,0,0,"keyboard-worker","OK",1783378628683,83079,1226
747,1783378628825,83221,83221,0,0,0,0,0,0,75,77,79,80,67,111.02,65,2,-4,-994,-1,0,0,0,0,0,0,0,"keyboard-worker","OK",1783378628784,83179,1228
748,1783378628917,83313,83312,0,0,0,0,0,0,75,77,79,80,67,110.9,65,-22,-3,-1064,-1,0,0,0,0,0,0,0,"keyboard-worker","OK",1783378628885,83281,1230
749,1783378629020,83416,83415,0,0,0,0,0,0,75,77,79,80,67,110.86,65,-37,-13,-930,-1,0,0,0,0,0,0,0,"keyboard-worker","OK",1783378628986,83382,1232
750,1783378629269,83665,83664,0,0,0,0,0,0,75,77,79,80,67,110.87,65,37,-13,-978,-1,0,0,0,0,0,0,0,"keyboard-worker","OK",1783378629238,83633,1237
751,1783378629274,83670,83669,0,0,0,0,0,0,75,77,79,80,67,110.66,65,-17,11,-981,-1,0,0,0,0,0,0,0,"keyboard-worker","OK",1783378629238,83633,1237
752,1783378629350,83746,83746,0,0,0,0,0,0,75,77,79,80,67,110.97,65,4,-7,-1026,-1,0,0,0,0,0,0,0,"keyboard-worker","OK",1783378629338,83734,1239
753,1783378629447,83843,83842,-1,0,0,0,0,0,75,77,79,80,67,110.89,66,-14,-6,-1023,-1,0,0,0,0,0,0,0,"keyboard-worker","OK",1783378629439,83835,1241
754,1783378629530,83926,83926,-1,0,0,0,0,0,75,77,80,80,67,110.67,66,-5,12,-1026,-1,0,0,0,0,0,0,0,"keyboard-worker","OK",1783378629490,83886,1242
755,1783378629699,84095,84095,-1,0,0,0,0,0,75,77,80,80,67,110.99,66,6,-2,-951,-1,0,0,0,0,0,0,0,"keyboard-worker","OK",1783378629692,84087,1246
756,1783378629764,84160,84159,-1,0,0,0,0,0,75,77,81,80,67,111.03,66,-25,4,-1048,-1,0,0,0,0,0,0,0,"keyboard-worker","OK",1783378629742,84138,1247
757,1783378629840,84236,84235,-1,0,0,0,0,0,76,79,81,80,67,110.74,66,-4,2,-972,-1,0,0,0,0,0,0,0,"keyboard-worker","OK",1783378629793,84188,1248
758,1783378629928,84324,84324,-1,0,0,0,0,0,76,79,82,80,67,110.72,66,-24,0,-1014,-1,0,0,0,0,0,0,0,"keyboard-worker","OK",1783378629894,84289,1250
759,1783378629989,84385,84384,-1,0,0,0,0,0,76,79,83,80,67,110.71,66,5,-9,-983,-1,0,0,0,0,0,0,0,"keyboard-worker","OK",1783378629944,84340,1251
760,1783378630136,84532,84532,-1,0,0,0,0,0,76,79,83,80,67,110.92,66,7,-3,-964,-1,0,0,0,0,0,0,0,"keyboard-worker","OK",1783378630095,84491,1254
761,1783378630237,84633,84633,0,0,0,0,0,0,76,79,84,80,67,111.03,66,-21,13,-1021,-1,0,0,0,0,0,0,0,"keyboard-worker","OK",1783378630196,84591,1256
762,1783378630397,84793,84793,0,0,0,0,0,0,76,79,84,80,67,110.81,66,0,-7,-972,-1,0,0,0,0,0,0,0,"keyboard-worker","OK",1783378630396,84792,1260
763,1783378630544,84940,84940,0,0,0,0,0,0,76,79,85,80,67,111,67,-7,-1,-1035,-1,0,0,0,0,0,0,0,"keyboard-worker","OK",1783378630497,84893,1262
764,1783378630550,84946,84945,0,0,0,0,0,0,76,79,85,80,67,110.74,67,42,-19,-918,-1,0,0,0,0,0,0,0,"keyboard-worker","OK",1783378630548,84943,1263
765,1783378630630,85026,85026,0,0,0,0,0,0,76,79,85,80,67,110.78,67,-5,11,-996,-1,0,0,0,0,0,0,0,"keyboard-worker","OK",1783378630598,84994,1264
766,1783378630797,85193,85193,0,0,0,0,0,0,76,79,85,80,67,110.64,67,-2,13,-1044,-1,0,0,0,0,0,0,0,"keyboard-worker","OK",1783378630749,85145,1267
767,1783378631011,85407,85407,0,0,0,0,0,0,76,78,85,80,67,110.93,67,21,-4,-986,-1,0,0,0,0,0,0,0,"keyboard-worker","OK",1783378631001,85396,1272
768,1783378631020,85416,85416,0,0,0,0,0,0,76,78,85,80,67,111.17,67,-1,18,-1044,-1,0,0,0,0,0,0,0,"keyboard-worker","OK",1783378631001,85396,1272
769,1783378631113,85509,85509,0,0,0,0,0,0,76,78,85,80,67,110.91,67,30,-1,-929,-1,0,0,0,0,0,0,0,"keyboard-worker","OK",1783378631101,85497,1274
770,1783378631118,85514,85514,0,0,0,0,0,0,76,78,84,80,67,110.98,67,16,-3,-989,-1,0,0,0,0,0,0,0,"keyboard-worker","OK",1783378631101,85497,1274
771,1783378631248,85644,85643,0,0,0,0,0,0,76,78,84,80,67,110.76,67,-10,2,-1047,-1,0,0,0,0,0,0,0,"keyboard-worker","OK",1783378631202,85598,1276
772,1783378631392,85788,85788,0,0,0,0,0,0,76,78,84,80,67,110.84,67,-35,28,-1029,-1,0,0,0,0,0,0,0,"keyboard-worker","OK",1783378631353,85749,1279
773,1783378631457,85853,85853,0,0,0,0,0,0,76,78,85,80,67,110.79,68,-2,-9,-1047,-1,0,0,0,0,0,0,0,"keyboard-worker","OK",1783378631453,85849,1281
774,1783378631634,86030,86030,0,0,0,0,0,0,76,78,85,80,66,111.26,68,-2,-7,-1015,-1,0,0,0,0,0,0,0,"keyboard-worker","OK",1783378631604,86000,1284
775,1783378631641,86037,86037,0,0,0,0,0,0,76,78,86,80,66,110.76,68,21,11,-914,-1,0,0,0,0,0,0,0,"keyboard-worker","OK",1783378631604,86000,1284
776,1783378631737,86133,86133,0,0,0,0,0,0,76,78,86,80,66,111.03,68,22,-12,-1000,-1,0,0,0,0,0,0,0,"keyboard-worker","OK",1783378631705,86100,1286
777,1783378631847,86243,86242,0,0,0,0,0,0,76,79,86,80,66,110.69,68,-2,0,-1017,-1,0,0,0,0,0,0,0,"keyboard-worker","OK",1783378631805,86201,1288
778,1783378631922,86318,86318,0,0,0,0,0,0,76,79,86,80,66,110.76,68,13,0,-979,-1,0,0,0,0,0,0,0,"keyboard-worker","OK",1783378631906,86301,1290
779,1783378632094,86490,86490,0,0,0,0,0,0,76,79,87,80,66,110.93,68,-43,14,-1042,-1,0,0,0,0,0,0,0,"keyboard-worker","OK",1783378632057,86452,1293
780,1783378632173,86569,86569,0,0,0,0,0,0,76,79,87,80,66,110.84,68,10,-21,-1041,-1,0,0,0,0,0,0,0,"keyboard-worker","OK",1783378632157,86553,1295
781,1783378632332,86728,86727,0,0,0,0,0,0,76,79,88,80,66,110.92,68,4,0,-988,-1,0,0,0,0,0,0,0,"keyboard-worker","OK",1783378632308,86703,1298
782,1783378632338,86734,86734,-1,0,0,0,0,0,76,79,89,80,66,110.8,68,1,1,-1048,-1,0,0,0,0,0,0,0,"keyboard-worker","OK",1783378632308,86703,1298
783,1783378632456,86852,86852,0,0,0,0,0,0,76,79,89,80,66,110.79,69,0,-3,-989,-1,0,0,0,0,0,0,0,"keyboard-worker","OK",1783378632408,86803,1300
784,1783378632589,86985,86985,0,0,0,0,0,0,76,79,90,80,66,110.69,69,-24,4,-992,-1,0,0,0,0,0,0,0,"keyboard-worker","OK",1783378632559,86954,1303
785,1783378632771,87167,87166,0,0,0,0,0,0,76,79,91,80,66,111.05,69,-30,15,-1005,-1,0,0,0,0,0,0,0,"keyboard-worker","OK",1783378632759,87155,1307
786,1783378632775,87171,87171,0,0,0,0,0,0,76,79,91,90,66,111.29,69,-3,-15,-974,-1,0,0,0,0,0,0,0,"keyboard-worker","OK",1783378632759,87155,1307
787,1783378632919,87315,87315,0,0,0,0,0,0,75,79,91,90,66,110.85,69,-6,-24,-943,-1,0,0,0,0,0,0,0,"keyboard-worker","OK",1783378632910,87306,1310
788,1783378632930,87326,87326,0,0,0,0,0,0,75,79,91,90,66,110.71,69,-11,-9,-994,-1,0,0,0,0,0,0,0,"keyboard-worker","OK",1783378632910,87306,1310
789,1783378633061,87457,87456,0,0,0,0,0,0,75,79,91,90,66,110.94,69,9,-12,-954,-1,0,0,0,0,0,0,0,"keyboard-worker","OK",1783378633061,87456,1313
790,1783378633257,87653,87653,-1,0,0,0,0,0,75,79,90,90,66,110.85,69,1,-13,-994,-1,0,0,0,0,0,0,0,"keyboard-worker","OK",1783378633211,87607,1316
791,1783378633299,87695,87694,0,0,0,0,0,0,75,79,89,80,66,110.95,69,-2,-5,-1026,-1,0,0,0,0,0,0,0,"keyboard-worker","OK",1783378633261,87657,1317
792,1783378633483,87879,87879,-1,0,0,0,0,0,75,79,89,80,66,110.58,69,-8,-3,-967,-1,0,0,0,0,0,0,0,"keyboard-worker","OK",1783378633462,87857,1321
793,1783378633488,87884,87884,-1,0,0,0,0,0,75,79,88,80,66,110.97,70,-1,-9,-988,-1,0,0,0,0,0,0,0,"keyboard-worker","OK",1783378633462,87857,1321
794,1783378633584,87980,87980,-1,0,0,0,0,0,75,79,87,80,66,110.69,70,-31,1,-1006,-1,0,0,0,0,0,0,0,"keyboard-worker","OK",1783378633562,87958,1323
795,1783378633628,88024,88024,-1,0,0,0,0,0,75,79,86,80,66,110.81,70,-27,-24,-997,-1,0,0,0,0,0,0,0,"keyboard-worker","OK",1783378633612,88008,1324
796,1783378633781,88177,88177,-1,0,0,0,0,0,75,79,86,80,66,110.67,70,-32,16,-994,-1,0,0,0,0,0,0,0,"keyboard-worker","OK",1783378633763,88158,1327
797,1783378634059,88455,88454,0,0,0,0,0,0,75,79,84,80,66,110.93,70,31,-12,-1017,-1,0,0,0,0,0,0,0,"keyboard-worker","OK",1783378634014,88409,1332
798,1783378634097,88493,88492,-1,0,0,0,0,0,75,79,84,80,66,110.62,70,13,-34,-921,-1,0,0,0,0,0,0,0,"keyboard-worker","OK",1783378634064,88459,1333
799,1783378634224,88620,88619,0,0,0,0,0,0,75,79,84,80,66,110.62,70,-22,-21,-1007,-1,0,0,0,0,0,0,0,"keyboard-worker","OK",1783378634214,88610,1336
800,1783378634327,88723,88723,0,0,0,0,0,0,75,79,83,80,66,110.6,70,-36,7,-967,-1,0,0,0,0,0,0,0,"keyboard-worker","OK",1783378634314,88710,1338
801,1783378634377,88773,88773,0,0,0,0,0,0,75,79,82,80,66,110.73,70,-9,2,-1050,-1,0,0,0,0,0,0,0,"keyboard-worker","OK",1783378634364,88760,1339
802,1783378634504,88900,88900,0,0,0,0,0,0,75,79,81,80,66,111.04,71,3,3,-1028,-1,0,0,0,0,0,0,0,"keyboard-worker","OK",1783378634465,88860,1341
803,1783378634543,88939,88939,0,0,0,0,0,0,75,79,81,80,66,110.68,71,3,-18,-989,-1,0,0,0,0,0,0,0,"keyboard-worker","OK",1783378634515,88910,1342
804,1783378634647,89043,89042,0,0,0,0,0,0,75,79,81,80,66,110.72,71,1,-2,-1014,-1,0,0,0,0,0,0,0,"keyboard-worker","OK",1783378634615,89010,1344
805,1783378634777,89173,89172,0,0,0,0,0,0,75,79,80,80,66,111.04,71,-9,-11,-1039,-1,0,0,0,0,0,0,0,"keyboard-worker","OK",1783378634765,89161,1347
806,1783378634881,89277,89276,-1,0,0,0,0,0,76,79,80,80,66,110.57,71,-23,28,-1046,-1,0,0,0,0,0,0,0,"keyboard-worker","OK",1783378634865,89261,1349
807,1783378635020,89416,89416,-1,0,0,0,0,0,76,79,79,80,66,110.8,71,-20,7,-1016,-1,0,0,0,0,0,0,0,"keyboard-worker","OK",1783378635016,89411,1352
808,1783378635095,89491,89491,-1,0,0,0,0,0,76,79,79,80,66,110.55,71,-46,8,-995,-1,0,0,0,0,0,0,0,"keyboard-worker","OK",1783378635066,89461,1353
809,1783378635159,89555,89555,-1,0,0,0,0,0,76,79,79,80,66,110.65,71,-13,-3,-987,-1,0,0,0,0,0,0,0,"keyboard-worker","OK",1783378635116,89512,1354
810,1783378635277,89673,89673,-1,0,0,0,0,0,76,79,79,80,66,110.82,71,-7,-16,-1026,-1,0,0,0,0,0,0,0,"keyboard-worker","OK",1783378635266,89662,1357
811,1783378635399,89795,89794,0,0,0,0,0,0,76,79,79,80,66,110.59,71,12,-10,-986,-1,0,0,0,0,0,0,0,"keyboard-worker","OK",1783378635366,89762,1359
812,1783378635497,89893,89893,0,0,0,0,0,0,76,79,79,80,66,110.87,72,-20,16,-991,-1,0,0,0,0,0,0,0,"keyboard-worker","OK",1783378635467,89862,1361
813,1783378635609,90005,90005,0,0,0,0,0,0,76,79,79,80,66,110.71,72,-25,15,-1000,-1,0,0,0,0,0,0,0,"keyboard-worker","OK",1783378635567,89963,1363
814,1783378635667,90063,90062,0,0,0,0,0,0,76,79,79,80,66,110.85,72,4,4,-1023,-1,0,0,0,0,0,0,0,"keyboard-worker","OK",1783378635667,90063,1365
815,1783378635890,90286,90285,0,0,0,0,0,0,76,79,79,80,66,110.74,72,8,0,-1014,-1,0,0,0,0,0,0,0,"keyboard-worker","OK",1783378635868,90263,1369
816,1783378635940,90336,90335,0,0,0,0,0,0,77,79,79,80,66,110.95,72,-19,-19,-979,-1,0,0,0,0,0,0,0,"keyboard-worker","OK",1783378635918,90313,1370
817,1783378636172,90568,90567,0,0,0,0,0,0,77,79,79,80,66,110.91,72,-2,9,-979,-1,0,0,0,0,0,0,0,"keyboard-worker","OK",1783378636168,90564,1375
818,1783378636263,90659,90659,0,0,0,0,0,0,77,79,79,80,66,110.66,72,-21,-3,-987,-1,0,0,0,0,0,0,0,"keyboard-worker","OK",1783378636218,90614,1376
819,1783378636345,90741,90740,0,0,0,0,0,0,77,79,79,80,66,110.86,72,37,-28,-950,-1,0,0,0,0,0,0,0,"keyboard-worker","OK",1783378636319,90714,1378
820,1783378636350,90746,90746,0,0,0,0,0,0,77,79,80,80,66,110.61,72,0,14,-1085,-1,0,0,0,0,0,0,0,"keyboard-worker","OK",1783378636319,90714,1378
821,1783378636433,90829,90829,0,0,0,0,0,0,77,79,80,80,66,110.75,72,23,-17,-993,-1,0,0,0,0,0,0,0,"keyboard-worker","OK",1783378636419,90815,1380
822,1783378636497,90893,90892,0,0,0,0,0,0,77,79,80,80,66,110.79,73,-16,7,-1061,-1,0,0,0,0,0,0,0,"keyboard-worker","OK",1783378636469,90865,1381
823,1783378636573,90969,90969,0,0,0,0,0,0,77,79,80,80,66,110.63,73,12,11,-1024,-1,0,0,0,0,0,0,0,"keyboard-worker","OK",1783378636569,90965,1383
824,1783378636707,91103,91102,0,0,0,0,0,0,77,79,80,80,66,110.52,73,18,-3,-993,-1,0,0,0,0,0,0,0,"keyboard-worker","OK",1783378636669,91065,1385
825,1783378636766,91162,91162,0,0,0,0,0,0,77,79,80,80,66,110.96,73,37,-7,-1023,-1,0,0,0,0,0,0,0,"keyboard-worker","OK",1783378636720,91115,1386
826,1783378636862,91258,91257,0,0,0,0,0,0,77,80,79,80,66,110.66,73,37,1,-957,-1,0,0,0,0,0,0,0,"keyboard-worker","OK",1783378636820,91215,1388
827,1783378636998,91394,91394,0,0,0,0,0,0,77,80,79,80,66,110.71,73,7,10,-975,-1,0,0,0,0,0,0,0,"keyboard-worker","OK",1783378636970,91366,1391
828,1783378638560,92956,92956,0,0,0,0,0,0,77,80,78,80,66,110.79,73,26,-25,-1052,-1,0,0,0,0,0,0,0,"keyboard-worker","OK",1783378638524,92919,1422
829,1783378638692,93088,93087,0,0,0,0,0,0,76,79,76,70,66,110.89,75,-13,2,-1020,-1,0,0,0,0,0,0,0,"keyboard-worker","OK",1783378638674,93070,1425
830,1783378638840,93236,93236,0,0,0,0,0,0,76,79,76,70,66,110.68,75,6,-7,-1044,-1,0,0,0,0,0,0,0,"keyboard-worker","OK",1783378638824,93220,1428
831,1783378638911,93307,93306,0,0,0,0,0,0,76,80,77,70,66,110.82,75,25,-16,-939,-1,0,0,0,0,0,0,0,"keyboard-worker","OK",1783378638875,93270,1429
832,1783378638983,93379,93378,0,0,0,0,0,0,76,80,77,80,66,110.78,75,12,-23,-967,-1,0,0,0,0,0,0,0,"keyboard-worker","OK",1783378638975,93370,1431
833,1783378639172,93568,93567,1,0,0,0,0,0,76,80,77,80,66,110.93,75,13,-18,-1052,-1,0,0,0,0,0,0,0,"keyboard-worker","OK",1783378639125,93521,1434
834,1783378639236,93632,93632,1,0,0,0,0,0,76,80,78,80,66,110.51,75,7,-6,-977,-1,0,0,0,0,0,0,0,"keyboard-worker","OK",1783378639225,93621,1436
835,1783378639301,93697,93697,0,0,0,0,0,0,76,80,80,80,66,110.9,75,0,-10,-1036,-1,0,0,0,0,0,0,0,"keyboard-worker","OK",1783378639275,93671,1437
836,1783378639357,93753,93753,0,0,0,0,0,0,76,80,81,80,66,110.64,76,32,-15,-991,-1,0,0,0,0,0,0,0,"keyboard-worker","OK",1783378639326,93721,1438
837,1783378639508,93904,93904,0,0,0,0,0,0,76,80,83,80,66,110.58,76,15,-21,-965,-1,0,0,0,0,0,0,0,"keyboard-worker","OK",1783378639476,93872,1441
838,1783378639630,94026,94026,0,0,0,0,0,0,76,80,85,80,66,110.89,76,-27,-4,-1052,-1,0,0,0,0,0,0,0,"keyboard-worker","OK",1783378639626,94022,1444
839,1783378639675,94071,94071,0,0,0,0,0,-1,76,80,87,80,66,110.59,76,18,-20,-1006,-1,0,0,0,0,0,0,0,"keyboard-worker","OK",1783378639626,94022,1444
840,1783378639782,94178,94177,0,0,0,0,0,-1,76,80,89,80,66,110.72,76,40,-20,-984,-1,0,0,0,0,0,0,0,"keyboard-worker","OK",1783378639777,94172,1447
841,1783378640065,94461,94460,0,0,0,0,0,0,76,80,91,90,66,110.88,76,-9,-10,-964,-1,0,0,0,0,0,0,0,"keyboard-worker","OK",1783378640027,94423,1452
842,1783378640145,94541,94541,0,0,0,0,0,0,76,80,91,90,66,110.91,76,4,11,-1002,-1,0,0,0,0,0,0,0,"keyboard-worker","OK",1783378640128,94523,1454
843,1783378640203,94599,94599,0,0,0,0,0,0,76,80,91,90,66,110.73,76,51,-19,-1028,-1,0,0,0,0,0,0,0,"keyboard-worker","OK",1783378640178,94573,1455
844,1783378640286,94682,94681,0,0,0,0,0,0,76,80,91,90,66,110.87,76,22,7,-954,-1,0,0,0,0,0,0,0,"keyboard-worker","OK",1783378640278,94674,1457
845,1783378640422,94818,94818,0,0,0,0,0,0,76,80,90,90,66,110.85,77,11,-9,-1015,-1,0,0,0,0,0,0,0,"keyboard-worker","OK",1783378640378,94774,1459
846,1783378640567,94963,94963,0,0,0,0,0,0,76,80,89,90,66,110.86,77,14,-11,-982,-1,0,0,0,0,0,0,0,"keyboard-worker","OK",1783378640528,94924,1462
847,1783378640572,94968,94968,0,0,0,0,0,0,76,80,89,80,66,111.07,77,19,1,-922,-1,0,0,0,0,0,0,0,"keyboard-worker","OK",1783378640528,94924,1462
848,1783378640684,95080,95079,0,0,0,0,0,1,76,80,89,80,66,110.98,77,13,-8,-985,-1,0,0,0,0,0,0,0,"keyboard-worker","OK",1783378640679,95074,1465
849,1783378640764,95160,95160,0,0,0,0,0,1,76,80,88,80,66,110.97,77,-13,-3,-1033,-1,0,0,0,0,0,0,0,"keyboard-worker","OK",1783378640729,95125,1466
850,1783378640887,95283,95282,0,0,0,0,0,0,77,80,87,80,66,110.72,77,-10,-6,-1027,-1,0,0,0,0,0,0,0,"keyboard-worker","OK",1783378640879,95275,1469
851,1783378640972,95368,95368,0,0,0,0,0,0,77,80,87,80,66,110.61,77,23,-7,-1034,-1,0,0,0,0,0,0,0,"keyboard-worker","OK",1783378640929,95325,1470
852,1783378641111,95507,95507,0,0,0,0,0,0,77,80,88,80,66,110.65,77,10,0,-1008,-1,0,0,0,0,0,0,0,"keyboard-worker","OK",1783378641080,95475,1473
853,1783378641226,95622,95622,0,0,0,0,0,0,77,80,88,80,66,110.97,77,9,-3,-995,-1,0,0,0,0,0,0,0,"keyboard-worker","OK",1783378641180,95575,1475
854,1783378641269,95665,95665,0,0,0,0,0,0,77,80,88,80,66,110.77,77,1,-10,-1005,-1,0,0,0,0,0,0,0,"keyboard-worker","OK",1783378641230,95626,1476
855,1783378641406,95802,95801,0,0,0,0,0,0,77,80,88,80,66,110.81,78,16,-10,-988,-1,0,0,0,0,0,0,0,"keyboard-worker","OK",1783378641380,95776,1479
856,1783378641527,95923,95923,0,0,0,0,0,0,77,80,88,80,66,110.58,78,-8,2,-1008,-1,0,0,0,0,0,0,0,"keyboard-worker","OK",1783378641480,95876,1481
857,1783378641566,95962,95962,0,0,0,0,0,0,77,80,88,80,65,110.76,78,-3,-5,-1027,-1,0,0,0,0,0,0,0,"keyboard-worker","OK",1783378641530,95926,1482
858,1783378641680,96076,96076,0,0,0,0,0,0,77,80,88,80,65,110.85,78,12,0,-1002,-1,0,0,0,0,0,0,0,"keyboard-worker","OK",1783378641631,96026,1484
859,1783378641782,96178,96178,0,0,0,0,0,0,77,80,88,80,65,110.98,78,-16,2,-1016,-1,0,0,0,0,0,0,0,"keyboard-worker","OK",1783378641781,96177,1487
860,1783378642008,96404,96403,0,0,0,0,0,0,77,80,87,80,65,110.99,78,-13,6,-984,-1,0,0,0,0,0,0,0,"keyboard-worker","OK",1783378641981,96377,1491
861,1783378642020,96416,96416,0,0,0,0,0,0,77,80,87,80,65,110.73,78,19,2,-1015,-1,0,0,0,0,0,0,0,"keyboard-worker","OK",1783378641981,96377,1491
862,1783378642221,96617,96616,0,0,0,0,0,0,77,80,86,80,65,110.58,78,11,-6,-1040,-1,0,0,0,0,0,0,0,"keyboard-worker","OK",1783378642182,96577,1495
863,1783378642225,96621,96621,0,0,0,0,0,0,77,80,85,80,65,110.87,78,-4,-2,-1004,-1,0,0,0,0,0,0,0,"keyboard-worker","OK",1783378642182,96577,1495
864,1783378642333,96729,96728,0,0,0,0,0,0,77,80,84,80,65,111.04,78,-11,-1,-1103,-1,0,0,0,0,0,0,0,"keyboard-worker","OK",1783378642332,96728,1498
865,1783378642426,96822,96822,0,0,0,0,0,0,77,80,83,80,65,110.77,79,-18,0,-997,-1,0,0,0,0,0,0,0,"keyboard-worker","OK",1783378642382,96778,1499
866,1783378642481,96877,96877,0,0,0,0,0,0,77,80,82,80,65,110.8,79,-3,14,-1035,-1,0,0,0,0,0,0,0,"keyboard-worker","OK",1783378642432,96828,1500
867,1783378642648,97044,97044,0,0,0,0,0,0,77,80,81,80,65,110.7,79,0,6,-993,-1,0,0,0,0,0,0,0,"keyboard-worker","OK",1783378642633,97028,1504
868,1783378642690,97086,97085,0,0,0,0,0,0,77,80,80,80,65,110.98,79,0,-7,-985,-1,0,0,0,0,0,0,0,"keyboard-worker","OK",1783378642683,97078,1505
869,1783378642757,97153,97153,0,0,0,0,0,0,77,80,80,80,65,110.89,79,-8,-2,-959,-1,0,0,0,0,0,0,0,"keyboard-worker","OK",1783378642733,97128,1506
870,1783378642933,97329,97329,0,0,0,0,0,0,77,80,79,80,65,110.5,79,-17,-30,-941,-1,0,0,0,0,0,0,0,"keyboard-worker","OK",1783378642933,97329,1510
871,1783378642992,97388,97388,0,0,0,0,0,0,77,80,79,80,65,110.83,79,23,-23,-977,-1,0,0,0,0,0,0,0,"keyboard-worker","OK",1783378642983,97379,1511
872,1783378643098,97494,97493,0,0,0,0,0,0,77,80,79,80,65,110.63,79,-24,1,-1031,-1,0,0,0,0,0,0,0,"keyboard-worker","OK",1783378643083,97479,1513
873,1783378643258,97654,97653,0,0,0,0,0,0,77,80,79,80,65,110.57,79,27,-4,-950,-1,0,0,0,0,0,0,0,"keyboard-worker","OK",1783378643234,97629,1516
874,1783378643479,97875,97875,0,0,0,0,0,0,77,80,78,80,65,110.65,79,-14,-10,-1003,-1,0,0,0,0,0,0,0,"keyboard-worker","OK",1783378643434,97830,1520
875,1783378643484,97880,97880,0,0,0,0,0,0,77,80,78,80,65,110.76,80,9,-13,-1037,-1,0,0,0,0,0,0,0,"keyboard-worker","OK",1783378643484,97880,1521
876,1783378643489,97885,97885,0,0,0,0,0,0,77,80,78,80,65,110.8,80,-10,9,-1070,-1,0,0,0,0,0,0,0,"keyboard-worker","OK",1783378643484,97880,1521
877,1783378643590,97986,97986,0,0,0,0,0,0,77,80,78,80,65,110.64,80,15,-11,-910,-1,0,0,0,0,0,0,0,"keyboard-worker","OK",1783378643584,97980,1523
878,1783378643749,98145,98144,0,0,0,0,0,0,77,80,78,80,65,110.77,80,-9,-1,-968,-1,0,0,0,0,0,0,0,"keyboard-worker","OK",1783378643735,98130,1526
879,1783378643805,98201,98201,0,0,0,0,0,0,77,80,78,80,65,110.85,80,-20,-1,-1068,-1,0,0,0,0,0,0,0,"keyboard-worker","OK",1783378643785,98180,1527
880,1783378643885,98281,98281,0,0,0,0,0,0,77,80,78,80,65,110.57,80,-2,4,-973,-1,0,0,0,0,0,0,0,"keyboard-worker","OK",1783378643885,98281,1529
881,1783378643965,98361,98361,0,0,0,0,0,0,77,80,77,80,65,110.68,80,6,17,-1055,-1,0,0,0,0,0,0,0,"keyboard-worker","OK",1783378643935,98331,1530
882,1783378644093,98489,98489,0,0,0,0,0,0,77,80,77,80,65,110.82,80,-9,1,-976,-1,0,0,0,0,0,0,0,"rc-neutral-land","OK",1783378644085,98481,1534
883,1783378644208,98604,98604,0,0,0,0,0,0,77,80,77,80,65,110.71,80,-6,-16,-1047,-1,0,0,0,0,0,0,0,"rc-neutral-land","OK",1783378644085,98481,1534
884,1783378644320,98716,98715,0,0,0,0,0,0,77,80,76,80,65,110.51,80,3,-23,-942,-1,0,0,0,0,0,0,0,"rc-neutral-land","OK",1783378644085,98481,1534
885,1783378644393,98789,98789,0,0,0,0,0,0,77,80,76,80,65,110.72,81,0,-14,-983,-1,0,0,0,0,0,0,0,"rc-neutral-land","OK",1783378644085,98481,1534
886,1783378644500,98896,98896,0,0,0,0,0,0,77,80,76,70,65,110.69,81,-17,-10,-998,-1,0,0,0,0,0,0,0,"rc-neutral-land","OK",1783378644085,98481,1534
887,1783378644617,99013,99013,0,0,0,0,0,0,77,80,77,70,65,110.89,81,0,6,-993,-1,0,0,0,0,0,0,0,"rc-neutral-land","OK",1783378644085,98481,1534
888,1783378644681,99077,99077,0,0,0,0,0,0,77,80,77,80,65,110.64,81,3,-5,-1017,-1,0,0,0,0,0,0,0,"rc-neutral-land","OK",1783378644085,98481,1534
889,1783378644764,99160,99160,0,0,0,0,0,0,77,80,78,80,65,110.81,81,19,-7,-964,-1,0,0,0,0,0,0,0,"rc-neutral-land","OK",1783378644085,98481,1534
890,1783378644890,99286,99286,0,0,0,0,0,0,77,80,78,80,65,110.57,81,-27,-13,-942,-1,0,0,0,0,0,0,0,"rc-neutral-land","OK",1783378644085,98481,1534
891,1783378645019,99415,99415,0,0,0,0,0,0,77,80,79,80,65,110.81,81,-35,7,-1003,-1,0,0,0,0,0,0,0,"rc-neutral-land","OK",1783378644085,98481,1534
892,1783378645088,99484,99483,0,0,0,0,0,0,77,80,80,80,65,110.69,81,-47,25,-989,-1,0,0,0,0,0,0,0,"rc-neutral-land","OK",1783378644085,98481,1534
893,1783378645217,99613,99612,0,0,0,0,0,0,77,80,80,80,65,110.77,81,-4,-1,-996,-1,0,0,0,0,0,0,0,"rc-neutral-land","OK",1783378644085,98481,1534
894,1783378645325,99721,99720,0,0,0,0,0,0,77,80,81,80,65,110.85,81,-21,18,-970,-1,0,0,0,0,0,0,0,"rc-neutral-land","OK",1783378644085,98481,1534
895,1783378645443,99839,99839,0,0,0,0,0,0,77,80,81,80,65,110.57,82,-21,6,-993,-1,0,0,0,0,0,0,0,"rc-neutral-land","OK",1783378644085,98481,1534
896,1783378645466,99862,99861,0,0,0,0,0,0,77,80,82,80,65,110.53,82,19,-12,-1003,-1,0,0,0,0,0,0,0,"rc-neutral-land","OK",1783378644085,98481,1534
897,1783378645691,100087,100087,0,0,0,0,0,0,77,80,82,80,65,110.6,82,5,-14,-977,-1,0,0,0,0,0,0,0,"rc-neutral-land","OK",1783378644085,98481,1534
898,1783378645780,100176,100176,0,0,0,0,0,0,77,80,83,80,65,110.8,82,4,-15,-979,-1,0,0,0,0,0,0,0,"rc-neutral-land","OK",1783378644085,98481,1534
899,1783378645816,100212,100211,0,0,0,0,0,0,77,80,83,80,65,110.81,82,-35,24,-1006,-1,0,0,0,0,0,0,0,"rc-neutral-land","OK",1783378644085,98481,1534
900,1783378645917,100313,100313,0,0,0,0,0,0,77,80,83,80,65,110.73,82,8,-17,-1016,-1,0,0,0,0,0,0,0,"rc-neutral-land","OK",1783378644085,98481,1534
901,1783378646021,100417,100417,0,0,0,0,0,0,77,80,83,80,65,110.46,82,-26,-10,-1008,-1,0,0,0,0,0,0,0,"rc-neutral-land","OK",1783378644085,98481,1534
902,1783378646086,100482,100482,0,0,0,0,0,0,77,80,83,80,65,110.66,82,2,-16,-1063,-1,0,0,0,0,0,0,0,"rc-neutral-land","OK",1783378644085,98481,1534
903,1783378646224,100620,100620,0,0,0,0,0,0,77,80,83,80,65,110.81,82,0,-30,-1012,-1,0,0,0,0,0,0,0,"rc-neutral-land","OK",1783378644085,98481,1534
904,1783378646342,100738,100738,0,0,0,0,0,0,77,80,83,80,65,110.65,82,49,-38,-982,-1,0,0,0,0,0,0,0,"rc-neutral-land","OK",1783378644085,98481,1534
905,1783378646383,100779,100779,0,0,0,0,0,0,77,80,83,80,65,110.88,83,-28,-15,-978,-1,0,0,0,0,0,0,0,"rc-neutral-land","OK",1783378644085,98481,1534
906,1783378646613,101009,101008,0,0,0,0,0,0,77,80,83,80,65,110.64,83,20,-21,-1011,-1,0,0,0,0,0,0,0,"rc-neutral-land","OK",1783378644085,98481,1534
907,1783378646634,101030,101030,0,0,0,0,0,0,77,80,83,80,65,110.65,83,1,-15,-997,-1,0,0,0,0,0,0,0,"rc-neutral-land","OK",1783378644085,98481,1534
908,1783378646678,101074,101074,0,0,0,0,0,0,77,80,83,80,65,110.96,83,25,-22,-1004,-1,0,0,0,0,0,0,0,"rc-neutral-land","OK",1783378644085,98481,1534
909,1783378646760,101156,101156,0,0,0,0,0,0,77,80,83,80,65,110.75,83,37,-39,-1004,-1,0,0,0,0,0,0,0,"rc-neutral-land","OK",1783378644085,98481,1534
910,1783378646951,101347,101347,0,0,0,0,0,0,77,79,83,80,65,111.04,83,4,1,-1021,-1,0,0,0,0,0,0,0,"rc-neutral-land","OK",1783378644085,98481,1534
911,1783378646993,101389,101389,0,0,0,0,0,0,77,79,83,80,65,110.79,83,16,-15,-996,-1,0,0,0,0,0,0,0,"rc-neutral-land","OK",1783378644085,98481,1534
912,1783378647073,101469,101469,0,0,0,0,0,0,77,79,83,80,65,110.66,83,-33,24,-981,-1,0,0,0,0,0,0,0,"rc-neutral-land","OK",1783378644085,98481,1534
913,1783378647284,101680,101680,0,0,0,0,0,0,77,79,83,80,65,110.69,83,-38,25,-1001,-1,0,0,0,0,0,0,0,"rc-neutral-land","OK",1783378644085,98481,1534
914,1783378647360,101756,101755,0,0,0,0,0,0,77,79,83,80,65,110.61,83,-27,2,-986,-1,0,0,0,0,0,0,0,"rc-neutral-land","OK",1783378644085,98481,1534
915,1783378647456,101852,101851,0,0,0,0,0,0,77,79,83,80,65,110.82,84,-22,-11,-965,-1,0,0,0,0,0,0,0,"rc-neutral-land","OK",1783378644085,98481,1534
916,1783378647590,101986,101985,0,0,0,0,0,0,77,79,83,80,65,110.73,84,-5,0,-970,-1,0,0,0,0,0,0,0,"rc-neutral-land","OK",1783378644085,98481,1534
917,1783378647594,101990,101990,0,0,0,0,0,0,77,79,83,80,65,110.34,84,14,-3,-990,-1,0,0,0,0,0,0,0,"rc-neutral-land","OK",1783378644085,98481,1534
918,1783378647722,102118,102117,0,0,0,0,0,0,77,79,83,80,65,110.52,84,-2,-2,-976,-1,0,0,0,0,0,0,0,"rc-neutral-land","OK",1783378644085,98481,1534
919,1783378647832,102228,102228,0,0,0,0,0,0,77,79,83,80,65,110.69,84,12,-18,-1022,-1,0,0,0,0,0,0,0,"rc-neutral-land","OK",1783378644085,98481,1534
920,1783378647909,102305,102305,0,0,0,0,0,0,77,80,83,80,65,110.75,84,14,1,-1014,-1,0,0,0,0,0,0,0,"rc-neutral-land","OK",1783378644085,98481,1534
921,1783378647982,102378,102377,0,1,0,0,0,0,77,80,84,80,65,111.06,84,33,-12,-956,-1,0,0,0,0,0,0,0,"rc-neutral-land","OK",1783378644085,98481,1534
922,1783378648083,102479,102479,0,0,0,0,0,0,77,80,83,80,65,110.23,84,-23,28,-996,-1,0,0,0,0,0,0,0,"rc-neutral-land","OK",1783378644085,98481,1534
923,1783378648194,102590,102590,0,0,0,0,0,0,77,80,84,80,65,110.7,84,-10,3,-979,-1,0,0,0,0,0,0,0,"rc-neutral-land","OK",1783378644085,98481,1534
924,1783378648361,102757,102756,0,0,0,0,0,0,77,80,83,80,65,110.64,84,14,-22,-989,-1,0,0,0,0,0,0,0,"rc-neutral-land","OK",1783378644085,98481,1534
925,1783378648422,102818,102818,0,0,0,0,0,0,77,80,83,80,65,110.58,85,30,9,-1052,-1,0,0,0,0,0,0,0,"rc-neutral-land","OK",1783378644085,98481,1534
926,1783378648480,102876,102875,0,0,0,0,0,0,77,80,83,80,65,110.77,85,6,21,-1042,-1,0,0,0,0,0,0,0,"rc-neutral-land","OK",1783378644085,98481,1534
927,1783378648619,103015,103014,0,0,0,0,0,0,77,80,82,80,65,110.77,85,-5,-15,-1033,-1,0,0,0,0,0,0,0,"rc-neutral-land","OK",1783378644085,98481,1534
928,1783378648682,103078,103077,0,0,0,0,0,0,77,80,82,80,65,110.47,85,10,0,-985,-1,0,0,0,0,0,0,0,"rc-neutral-land","OK",1783378644085,98481,1534
929,1783378648776,103172,103172,0,0,0,0,0,0,77,80,82,80,65,110.85,85,24,-26,-989,-1,0,0,0,0,0,0,0,"rc-neutral-land","OK",1783378644085,98481,1534
930,1783378648911,103307,103307,0,0,0,0,0,0,77,80,82,80,65,110.85,85,-7,-16,-992,-1,0,0,0,0,0,0,0,"rc-neutral-land","OK",1783378644085,98481,1534
931,1783378649091,103487,103486,0,0,0,0,0,0,77,80,82,80,65,110.73,85,40,-3,-1031,-1,0,0,0,0,0,0,0,"rc-neutral-land","OK",1783378644085,98481,1534
932,1783378649113,103509,103508,0,0,0,0,0,0,77,80,82,80,65,110.59,85,13,-10,-1019,-1,0,0,0,0,0,0,0,"rc-neutral-land","OK",1783378644085,98481,1534
933,1783378649187,103583,103583,0,0,0,0,0,0,77,80,83,80,65,110.73,85,-1,1,-1031,-1,0,0,0,0,0,0,0,"rc-neutral-land","OK",1783378644085,98481,1534
934,1783378649363,103759,103758,0,0,0,0,0,0,77,80,83,80,65,110.46,85,37,-11,-960,-1,0,0,0,0,0,0,0,"rc-neutral-land","OK",1783378644085,98481,1534
935,1783378649427,103823,103822,0,0,0,0,0,0,77,80,83,80,65,110.62,86,30,-22,-989,-1,0,0,0,0,0,0,0,"rc-neutral-land","OK",1783378644085,98481,1534
936,1783378649540,103936,103936,0,0,0,0,0,0,77,80,83,80,65,110.68,86,11,-16,-996,-1,0,0,0,0,0,0,0,"rc-neutral-land","OK",1783378644085,98481,1534
937,1783378649594,103990,103990,0,0,0,0,0,0,77,80,83,80,65,110.56,86,0,8,-1057,-1,0,0,0,0,0,0,0,"rc-neutral-land","OK",1783378644085,98481,1534
938,1783378649680,104076,104076,0,0,0,0,0,0,77,80,83,80,65,110.52,86,-16,30,-1065,-1,0,0,0,0,0,0,0,"rc-neutral-land","OK",1783378644085,98481,1534
939,1783378649762,104158,104158,0,0,0,0,0,0,77,80,84,80,65,110.84,86,27,-24,-1115,-1,0,0,0,0,0,0,0,"rc-neutral-land","OK",1783378644085,98481,1534
940,1783378649899,104295,104295,0,0,0,0,0,0,77,80,84,80,65,110.68,86,-16,-4,-980,-1,0,0,0,0,0,0,0,"rc-neutral-land","OK",1783378644085,98481,1534
941,1783378650002,104398,104397,0,0,0,0,0,0,77,80,84,80,65,110.69,86,0,-1,-997,-1,0,0,0,0,0,0,0,"rc-neutral-land","OK",1783378644085,98481,1534
942,1783378650110,104506,104506,0,0,0,0,0,0,77,80,84,80,65,110.64,86,11,-12,-950,-1,0,0,0,0,0,0,0,"rc-neutral-land","OK",1783378644085,98481,1534
943,1783378650229,104625,104625,0,0,0,0,0,0,77,80,85,80,65,110.89,86,-13,8,-993,-1,0,0,0,0,0,0,0,"rc-neutral-land","OK",1783378644085,98481,1534
944,1783378650291,104687,104687,0,0,0,0,0,0,77,80,85,80,65,110.76,86,6,11,-985,-1,0,0,0,0,0,0,0,"rc-neutral-land","OK",1783378644085,98481,1534
945,1783378650395,104791,104791,0,0,0,0,0,0,77,80,84,80,65,110.58,87,14,-16,-1031,-1,0,0,0,0,0,0,0,"rc-neutral-land","OK",1783378644085,98481,1534
946,1783378650531,104927,104927,0,0,0,0,0,0,77,80,84,80,65,110.68,87,-29,12,-985,-1,0,0,0,0,0,0,0,"rc-neutral-land","OK",1783378644085,98481,1534
947,1783378650669,105065,105064,0,0,0,0,0,0,77,80,84,80,65,110.77,87,-28,-4,-1048,-1,0,0,0,0,0,0,0,"rc-neutral-land","OK",1783378644085,98481,1534
948,1783378650688,105084,105084,0,0,0,0,0,0,77,80,84,80,65,110.65,87,12,-19,-941,-1,0,0,0,0,0,0,0,"rc-neutral-land","OK",1783378644085,98481,1534
949,1783378650804,105200,105200,0,0,0,0,0,0,77,80,83,80,65,110.85,87,7,-15,-972,-1,0,0,0,0,0,0,0,"rc-neutral-land","OK",1783378644085,98481,1534
950,1783378650928,105324,105324,0,0,0,0,0,0,78,80,83,80,65,110.57,87,-1,-10,-906,-1,0,0,0,0,0,0,0,"rc-neutral-land","OK",1783378644085,98481,1534
951,1783378651018,105414,105414,0,0,0,0,0,0,78,80,82,80,65,110.7,87,-34,7,-982,-1,0,0,0,0,0,0,0,"rc-neutral-land","OK",1783378644085,98481,1534
952,1783378651110,105506,105505,0,0,0,0,0,0,78,80,82,80,65,110.8,87,6,-8,-997,-1,0,0,0,0,0,0,0,"rc-neutral-land","OK",1783378644085,98481,1534
953,1783378651169,105565,105564,0,0,0,0,0,0,78,80,82,80,65,110.71,87,-9,-10,-1057,-1,0,0,0,0,0,0,0,"rc-neutral-land","OK",1783378644085,98481,1534
954,1783378651292,105688,105687,0,0,0,0,0,0,78,80,81,80,65,110.64,87,-3,0,-1033,-1,0,0,0,0,0,0,0,"rc-neutral-land","OK",1783378644085,98481,1534
955,1783378651404,105800,105800,0,0,0,0,0,0,78,80,81,80,65,110.63,88,19,-17,-1010,-1,0,0,0,0,0,0,0,"rc-neutral-land","OK",1783378644085,98481,1534
956,1783378651511,105907,105907,0,0,0,0,0,0,78,80,81,80,65,110.88,88,0,-2,-944,-1,0,0,0,0,0,0,0,"rc-neutral-land","OK",1783378644085,98481,1534
957,1783378651555,105951,105950,0,0,0,0,0,0,78,80,81,80,65,111.03,88,-7,-10,-1012,-1,0,0,0,0,0,0,0,"rc-neutral-land","OK",1783378644085,98481,1534
958,1783378651643,106039,106039,0,0,0,0,0,0,78,80,81,80,65,110.56,88,-41,35,-1031,-1,0,0,0,0,0,0,0,"rc-neutral-land","OK",1783378644085,98481,1534
959,1783378651837,106233,106233,0,0,0,0,0,0,78,80,82,80,65,110.73,88,11,2,-922,-1,0,0,0,0,0,0,0,"rc-neutral-land","OK",1783378644085,98481,1534
960,1783378651949,106345,106345,0,0,0,0,0,0,77,80,82,80,65,110.59,88,-23,16,-1002,-1,0,0,0,0,0,0,0,"rc-neutral-land","OK",1783378644085,98481,1534
961,1783378651954,106350,106349,0,0,0,0,0,0,77,80,82,80,65,110.56,88,5,8,-1019,-1,0,0,0,0,0,0,0,"rc-neutral-land","OK",1783378644085,98481,1534
962,1783378652067,106463,106462,0,0,0,0,0,0,77,80,82,80,65,110.5,88,3,-4,-1009,-1,0,0,0,0,0,0,0,"rc-neutral-land","OK",1783378644085,98481,1534
963,1783378652220,106616,106616,0,0,0,0,0,0,77,80,83,80,65,110.68,88,-33,14,-1007,-1,0,0,0,0,0,0,0,"rc-neutral-land","OK",1783378644085,98481,1534
964,1783378652316,106712,106711,0,0,0,0,0,0,77,80,83,80,65,110.22,88,5,9,-1052,-1,0,0,0,0,0,0,0,"rc-neutral-land","OK",1783378644085,98481,1534
965,1783378652396,106792,106791,0,0,0,0,0,0,77,80,83,80,65,110.88,89,-9,8,-1074,-1,0,0,0,0,0,0,0,"rc-neutral-land","OK",1783378644085,98481,1534
966,1783378652522,106918,106917,0,0,0,0,0,0,77,80,83,80,64,110.84,89,-11,-1,-930,-1,0,0,0,0,0,0,0,"rc-neutral-land","OK",1783378644085,98481,1534
967,1783378652566,106962,106961,0,0,0,0,0,0,77,80,83,80,64,110.61,89,-4,12,-1024,-1,0,0,0,0,0,0,0,"rc-neutral-land","OK",1783378644085,98481,1534
968,1783378652657,107053,107053,0,0,0,0,0,0,77,80,82,80,64,111,89,20,22,-941,-1,0,0,0,0,0,0,0,"rc-neutral-land","OK",1783378644085,98481,1534
969,1783378652817,107213,107213,0,0,0,0,0,0,77,80,82,80,64,110.7,89,7,-15,-1110,-1,0,0,0,0,0,0,0,"rc-neutral-land","OK",1783378644085,98481,1534
970,1783378652878,107274,107274,0,0,0,0,0,0,78,80,82,80,64,110.79,89,3,8,-947,-1,0,0,0,0,0,0,0,"rc-neutral-land","OK",1783378644085,98481,1534
971,1783378653028,107424,107423,0,0,0,0,0,0,78,80,82,80,64,110.59,89,11,-13,-1021,-1,0,0,0,0,0,0,0,"rc-neutral-land","OK",1783378644085,98481,1534
972,1783378653102,107498,107498,0,0,0,0,0,0,78,80,81,80,64,110.78,89,0,13,-1016,-1,0,0,0,0,0,0,0,"rc-neutral-land","OK",1783378644085,98481,1534
973,1783378653215,107611,107611,0,0,0,0,0,0,78,80,81,80,64,110.75,89,-8,21,-1012,-1,0,0,0,0,0,0,0,"rc-neutral-land","OK",1783378644085,98481,1534
974,1783378653271,107667,107666,0,0,0,0,0,0,78,80,81,80,64,110.58,89,13,-8,-1019,-1,0,0,0,0,0,0,0,"rc-neutral-land","OK",1783378644085,98481,1534
975,1783378653384,107780,107780,0,0,0,0,0,0,78,80,81,80,64,110.93,90,11,-14,-1002,-1,0,0,0,0,0,0,0,"rc-neutral-land","OK",1783378644085,98481,1534
976,1783378653530,107926,107925,0,0,0,0,0,0,78,80,81,80,64,110.79,90,10,-4,-1018,-1,0,0,0,0,0,0,0,"rc-neutral-land","OK",1783378644085,98481,1534
977,1783378653586,107982,107981,0,0,0,0,0,0,78,80,82,80,64,110.63,90,-23,3,-981,-1,0,0,0,0,0,0,0,"rc-neutral-land","OK",1783378644085,98481,1534
978,1783378653662,108058,108058,0,0,0,0,0,0,78,80,82,80,64,110.79,90,26,-16,-1004,-1,0,0,0,0,0,0,0,"rc-neutral-land","OK",1783378644085,98481,1534
979,1783378653799,108195,108194,0,0,0,0,0,0,78,80,82,80,64,110.76,90,-2,-13,-953,-1,0,0,0,0,0,0,0,"rc-neutral-land","OK",1783378644085,98481,1534
980,1783378653881,108277,108276,0,0,0,0,0,0,77,80,82,80,64,110.72,90,-30,16,-995,-1,0,0,0,0,0,0,0,"rc-neutral-land","OK",1783378644085,98481,1534
981,1783378653980,108376,108376,0,0,0,0,0,0,77,80,83,80,64,110.73,90,32,-11,-977,-1,0,0,0,0,0,0,0,"rc-neutral-land","OK",1783378644085,98481,1534
982,1783378654100,108496,108496,0,0,0,0,0,0,77,80,83,80,64,110.37,90,18,-20,-1030,-1,0,0,0,0,0,0,0,"rc-neutral-land","OK",1783378644085,98481,1534
983,1783378654212,108608,108608,0,0,0,0,0,0,77,80,82,80,64,110.71,90,2,-19,-967,-1,0,0,0,0,0,0,0,"rc-neutral-land","OK",1783378644085,98481,1534
984,1783378654250,108646,108645,0,0,0,0,0,0,77,80,82,80,64,110.69,91,28,1,-990,-1,0,0,0,0,0,0,0,"rc-neutral-land","OK",1783378644085,98481,1534
985,1783378654362,108758,108758,0,0,0,0,0,0,77,80,81,80,64,110.74,91,27,-28,-961,-1,0,0,0,0,0,0,0,"rc-neutral-land","OK",1783378644085,98481,1534
986,1783378654590,108986,108986,0,0,0,0,0,0,77,80,82,80,64,110.92,91,10,-1,-989,-1,0,0,0,0,0,0,0,"rc-neutral-land","OK",1783378644085,98481,1534
987,1783378654595,108991,108991,0,0,0,0,0,0,77,80,82,80,64,110.68,91,5,-13,-1007,-1,0,0,0,0,0,0,0,"rc-neutral-land","OK",1783378644085,98481,1534
988,1783378654746,109142,109142,0,0,0,0,0,0,77,80,82,80,64,110.58,91,7,-27,-1006,-1,0,0,0,0,0,0,0,"rc-neutral-land","OK",1783378644085,98481,1534
989,1783378654843,109239,109239,0,0,0,0,0,0,77,80,82,80,64,110.52,91,0,-19,-1000,-1,0,0,0,0,0,0,0,"rc-neutral-land","OK",1783378644085,98481,1534
990,1783378654852,109248,109248,0,0,0,0,0,0,78,80,82,80,64,110.82,91,3,-11,-994,-1,0,0,0,0,0,0,0,"rc-neutral-land","OK",1783378644085,98481,1534
991,1783378654965,109361,109361,0,0,0,0,0,0,78,80,83,80,64,110.69,91,14,-11,-999,-1,0,0,0,0,0,0,0,"rc-neutral-land","OK",1783378644085,98481,1534
992,1783378655106,109502,109502,0,0,0,0,0,0,78,80,83,80,64,110.82,91,5,-9,-1014,-1,0,0,0,0,0,0,0,"rc-neutral-land","OK",1783378644085,98481,1534
993,1783378655279,109675,109675,0,0,0,0,0,0,78,80,83,80,64,110.57,91,-2,5,-972,-1,0,0,0,0,0,0,0,"rc-neutral-land","OK",1783378644085,98481,1534
994,1783378655359,109755,109755,0,0,0,0,0,0,78,80,84,80,64,110.45,92,11,-11,-1044,-1,0,0,0,0,0,0,0,"rc-neutral-land","OK",1783378644085,98481,1534
995,1783378655457,109853,109853,0,0,0,0,0,0,78,80,84,80,64,110.74,92,0,-1,-991,-1,0,0,0,0,0,0,0,"rc-neutral-land","OK",1783378644085,98481,1534
996,1783378655497,109893,109893,0,0,0,0,0,0,78,80,84,80,64,110.56,92,0,-9,-981,-1,0,0,0,0,0,0,0,"rc-neutral-land","OK",1783378644085,98481,1534
997,1783378655617,110013,110013,0,0,0,0,0,0,78,80,85,80,64,110.68,92,0,6,-988,-1,0,0,0,0,0,0,0,"rc-neutral-land","OK",1783378644085,98481,1534
998,1783378655684,110080,110079,0,0,0,0,0,0,78,80,85,80,64,110.74,92,-19,9,-980,-1,0,0,0,0,0,0,0,"rc-neutral-land","OK",1783378644085,98481,1534
999,1783378655844,110240,110239,0,0,0,0,0,0,78,80,85,80,64,110.5,92,-21,-7,-976,-1,0,0,0,0,0,0,0,"rc-neutral-land","OK",1783378644085,98481,1534
1000,1783378655938,110334,110334,0,0,0,0,0,0,78,81,85,80,64,110.79,92,26,-8,-990,-1,0,0,0,0,0,0,0,"rc-neutral-land","OK",1783378644085,98481,1534
1001,1783378655980,110376,110376,0,0,0,0,0,0,78,81,85,80,64,110.66,92,-4,-5,-987,-1,0,0,0,0,0,0,0,"rc-neutral-land","OK",1783378644085,98481,1534
1002,1783378656133,110529,110529,0,0,0,0,0,0,78,81,85,80,64,110.77,92,39,-16,-1003,-1,0,0,0,0,0,0,0,"rc-neutral-land","OK",1783378644085,98481,1534
1003,1783378656272,110668,110668,0,0,0,0,0,0,78,81,85,80,64,110.69,92,8,-13,-990,-1,0,0,0,0,0,0,0,"rc-neutral-land","OK",1783378644085,98481,1534
1004,1783378656346,110742,110741,0,0,0,0,0,0,78,81,85,80,64,110.67,93,19,-15,-984,-1,0,0,0,0,0,0,0,"rc-neutral-land","OK",1783378644085,98481,1534
1005,1783378656450,110846,110846,0,0,0,0,0,0,78,81,85,80,64,110.61,93,15,-9,-982,-1,0,0,0,0,0,0,0,"rc-neutral-land","OK",1783378644085,98481,1534
1006,1783378656572,110968,110968,0,0,0,0,0,0,78,81,85,80,64,110.84,93,-4,4,-1020,-1,0,0,0,0,0,0,0,"rc-neutral-land","OK",1783378644085,98481,1534
1007,1783378656620,111016,111015,0,0,0,0,0,0,78,81,84,80,64,110.81,93,10,-18,-983,-1,0,0,0,0,0,0,0,"rc-neutral-land","OK",1783378644085,98481,1534
1008,1783378656720,111116,111115,0,0,0,0,0,0,78,81,84,80,64,110.65,93,-5,-15,-981,-1,0,0,0,0,0,0,0,"rc-neutral-land","OK",1783378644085,98481,1534
1009,1783378656882,111278,111278,0,0,0,0,0,0,78,81,84,80,64,110.64,93,48,-34,-911,-1,0,0,0,0,0,0,0,"rc-neutral-land","OK",1783378644085,98481,1534
1010,1783378656976,111372,111372,0,0,0,0,0,0,78,81,84,80,64,110.44,93,1,-34,-1033,-1,0,0,0,0,0,0,0,"rc-neutral-land","OK",1783378644085,98481,1534
1011,1783378657079,111475,111475,0,0,0,0,0,0,78,81,84,80,64,110.45,93,-5,-18,-999,-1,0,0,0,0,0,0,0,"rc-neutral-land","OK",1783378644085,98481,1534
1012,1783378657126,111522,111522,0,1,0,0,0,0,78,81,84,80,64,110.74,93,4,-13,-1005,-1,0,0,0,0,0,0,0,"rc-neutral-land","OK",1783378644085,98481,1534
1013,1783378657339,111735,111735,0,1,0,0,0,0,78,81,84,80,64,110.71,93,1,2,-1032,-1,0,0,0,0,0,0,0,"rc-neutral-land","OK",1783378644085,98481,1534
1014,1783378657408,111804,111804,0,0,0,0,0,0,78,81,84,80,64,110.98,94,0,-3,-1048,-1,0,0,0,0,0,0,0,"rc-neutral-land","OK",1783378644085,98481,1534
1015,1783378657450,111846,111846,0,0,0,0,0,0,78,81,84,80,64,110.71,94,-4,-4,-1094,-1,0,0,0,0,0,0,0,"rc-neutral-land","OK",1783378644085,98481,1534
1016,1783378657583,111979,111978,0,0,0,0,0,0,78,81,84,80,64,110.48,94,11,-5,-1079,-1,0,0,0,0,0,0,0,"rc-neutral-land","OK",1783378644085,98481,1534
1017,1783378657660,112056,112055,0,0,0,0,0,0,78,81,85,80,64,110.46,94,-13,-10,-1033,-1,0,0,0,0,0,0,0,"rc-neutral-land","OK",1783378644085,98481,1534
1018,1783378657839,112235,112235,0,0,0,0,0,0,78,81,85,80,64,110.8,94,31,-2,-1016,-1,0,0,0,0,0,0,0,"rc-neutral-land","OK",1783378644085,98481,1534
1019,1783378657848,112244,112244,0,0,0,0,0,0,78,81,86,80,64,110.56,94,-35,8,-1010,-1,0,0,0,0,0,0,0,"rc-neutral-land","OK",1783378644085,98481,1534
1020,1783378657996,112392,112391,0,0,0,0,0,0,78,80,86,80,64,110.7,94,-17,-23,-988,-1,0,0,0,0,0,0,0,"rc-neutral-land","OK",1783378644085,98481,1534
1021,1783378658073,112469,112469,0,0,0,0,0,0,78,80,86,80,64,110.72,94,27,-16,-946,-1,0,0,0,0,0,0,0,"rc-neutral-land","OK",1783378644085,98481,1534
1022,1783378658200,112596,112595,0,0,0,0,0,0,78,80,86,80,64,110.72,94,14,-6,-1036,-1,0,0,0,0,0,0,0,"rc-neutral-land","OK",1783378644085,98481,1534
1023,1783378658316,112712,112711,0,0,0,0,0,0,78,80,85,80,64,110.77,94,-7,-6,-1003,-1,0,0,0,0,0,0,0,"rc-neutral-land","OK",1783378644085,98481,1534
1024,1783378658443,112839,112839,0,0,0,0,0,0,78,80,85,80,64,110.55,95,-12,-1,-981,-1,0,0,0,0,0,0,0,"rc-neutral-land","OK",1783378644085,98481,1534
1025,1783378658487,112883,112882,0,0,0,0,0,0,78,80,83,80,64,110.73,95,5,-20,-1008,-1,0,0,0,0,0,0,0,"rc-neutral-land","OK",1783378644085,98481,1534
1026,1783378658598,112994,112994,0,0,0,0,0,0,78,80,83,80,64,110.58,95,16,-18,-968,-1,0,0,0,0,0,0,0,"rc-neutral-land","OK",1783378644085,98481,1534
1027,1783378658674,113070,113070,0,0,0,0,0,1,78,80,81,80,64,110.45,95,-8,2,-921,-1,0,0,0,0,0,0,0,"rc-neutral-land","OK",1783378644085,98481,1534
1028,1783378658779,113175,113175,0,0,0,0,0,2,78,80,80,80,64,110.93,95,-11,10,-916,-1,0,0,0,0,0,0,0,"rc-neutral-land","OK",1783378644085,98481,1534
1029,1783378658907,113303,113303,0,0,0,0,0,2,78,80,76,70,64,110.76,95,28,-44,-909,-1,0,0,0,0,0,0,0,"rc-neutral-land","OK",1783378644085,98481,1534
1030,1783378659062,113458,113458,0,0,0,0,0,3,79,81,73,70,64,110.53,95,-17,14,-992,-1,0,0,0,0,0,0,0,"rc-neutral-land","OK",1783378644085,98481,1534
1031,1783378659177,113573,113573,0,0,0,0,0,4,79,81,69,70,64,110.73,95,-27,-14,-957,-1,0,0,0,0,0,0,0,"rc-neutral-land","OK",1783378644085,98481,1534
1032,1783378659189,113585,113584,0,0,0,0,0,4,79,81,64,60,64,110.51,95,13,-17,-1018,-1,0,0,0,0,0,0,0,"rc-neutral-land","OK",1783378644085,98481,1534
1033,1783378659301,113697,113697,0,0,0,0,0,5,79,81,59,60,64,110.62,95,12,-31,-996,-1,0,0,0,0,0,0,0,"rc-neutral-land","OK",1783378644085,98481,1534
1034,1783378659431,113827,113827,0,0,0,0,0,4,79,81,54,50,64,110.4,96,-4,-15,-1059,-1,0,0,0,0,0,0,0,"rc-neutral-land","OK",1783378644085,98481,1534
1035,1783378659542,113938,113938,0,0,0,0,0,4,79,81,50,50,64,110.69,96,0,-7,-992,-1,0,0,0,0,0,0,0,"rc-neutral-land","OK",1783378644085,98481,1534
1036,1783378659582,113978,113978,0,0,0,0,0,4,79,81,45,40,64,110.35,96,14,-16,-945,-1,0,0,0,0,0,0,0,"rc-neutral-land","OK",1783378644085,98481,1534
1037,1783378659697,114093,114092,0,0,0,0,0,4,79,81,40,40,64,110.24,96,-12,0,-980,-1,0,0,0,0,0,0,0,"rc-neutral-land","OK",1783378644085,98481,1534
1038,1783378659816,114212,114212,0,0,0,0,0,4,79,81,40,30,64,110.44,96,15,-1,-998,-1,0,0,0,0,0,0,0,"rc-neutral-land","OK",1783378644085,98481,1534
1039,1783378659914,114310,114309,0,0,0,0,0,4,79,81,34,30,64,110.03,96,19,-19,-1014,-1,0,0,0,0,0,0,0,"rc-neutral-land","OK",1783378644085,98481,1534
1040,1783378660030,114426,114426,0,0,0,0,0,4,78,80,29,20,64,110.01,96,-5,0,-1023,-1,0,0,0,0,0,0,0,"rc-neutral-land","OK",1783378644085,98481,1534
1041,1783378660092,114488,114488,0,0,0,0,0,4,78,80,26,20,64,110.05,96,9,-5,-1038,-1,0,0,0,0,0,0,0,"rc-neutral-land","OK",1783378644085,98481,1534
1042,1783378660235,114631,114631,0,0,0,0,0,4,78,80,19,20,64,109.69,96,14,-10,-972,-1,0,0,0,0,0,0,0,"rc-neutral-land","OK",1783378644085,98481,1534
1043,1783378660444,114840,114840,0,0,0,0,0,4,78,80,13,10,64,109.14,96,-27,-14,-1141,-1,0,0,0,0,0,0,0,"rc-neutral-land","OK",1783378644085,98481,1534
1044,1783378660452,114848,114848,0,0,0,0,0,3,78,80,10,10,64,106.92,97,-37,-3,-1019,-1,0,0,0,0,0,0,0,"rc-neutral-land","OK",1783378644085,98481,1534
1045,1783378660555,114951,114951,0,0,0,0,0,3,78,80,10,0,64,105.89,97,15,-31,-1180,-1,0,0,0,0,0,0,0,"rc-neutral-land","OK",1783378644085,98481,1534
1046,1783378660619,115015,115014,-2,2,0,0,0,0,78,80,10,0,64,108.05,97,-17,-1,-640,-1,0,0,0,0,0,0,0,"rc-neutral-land","OK",1783378644085,98481,1534
1047,1783378660746,115142,115142,0,0,1,0,0,0,78,80,10,0,64,108.83,97,5,45,-195,-1,0,0,0,0,0,0,0,"rc-neutral-land","OK",1783378644085,98481,1534
1048,1783378660838,115234,115234,0,0,1,0,0,0,78,80,10,0,64,109.24,97,-17,-4,-989,-1,0,0,0,0,0,0,0,"rc-neutral-land","OK",1783378644085,98481,1534
1049,1783378660944,115340,115340,0,0,1,0,0,0,78,80,10,0,64,109.36,97,-1,3,-1001,-1,0,0,0,0,0,0,0,"rc-neutral-land","OK",1783378644085,98481,1534
1050,1783378661026,115422,115422,0,0,1,0,0,0,79,80,10,0,64,109.61,97,-3,6,-1002,-1,0,0,0,0,0,0,0,"rc-neutral-land","OK",1783378644085,98481,1534
1051,1783378661094,115490,115489,0,0,1,0,0,0,79,80,10,0,64,109.45,97,-2,5,-1001,-1,0,0,0,0,0,0,0,"rc-neutral-land","OK",1783378644085,98481,1534
1052,1783378661350,115746,115745,0,0,1,0,0,0,79,80,10,0,64,109.4,97,1,6,-1003,-1,0,0,0,0,0,0,0,"rc-neutral-land","OK",1783378644085,98481,1534
1053,1783378661359,115755,115755,0,0,1,0,0,0,79,80,10,0,64,109.38,97,-3,8,-999,-1,0,0,0,0,0,0,0,"rc-neutral-land","OK",1783378644085,98481,1534
1054,1783378661418,115814,115814,0,0,1,0,0,1,79,80,10,0,64,109.68,97,0,2,-996,-1,0,0,0,0,0,0,0,"rc-neutral-land","OK",1783378644085,98481,1534
1055,1783378661548,115944,115944,0,0,1,0,0,1,79,80,10,0,63,109.63,97,-3,5,-996,-1,0,0,0,0,0,0,0,"rc-neutral-land","OK",1783378644085,98481,1534
1056,1783378661638,116034,116034,0,0,1,0,0,1,79,80,10,0,63,109.63,97,-3,5,-997,-1,0,0,0,0,0,0,0,"rc-neutral-land","OK",1783378644085,98481,1534
1057,1783378661695,116091,116091,0,0,1,0,0,0,79,80,10,0,63,109.69,97,-1,4,-996,-1,0,0,0,0,0,0,0,"rc-neutral-land","OK",1783378644085,98481,1534
1058,1783378661810,116206,116206,0,0,1,0,0,0,79,80,10,0,63,109.65,97,-3,3,-995,-1,0,0,0,0,0,0,0,"rc-neutral-land","OK",1783378644085,98481,1534
1059,1783378662063,116459,116458,0,0,1,0,0,0,78,81,10,0,63,109.62,97,-2,4,-996,-1,0,0,0,0,0,0,0,"rc-neutral-land","OK",1783378644085,98481,1534
1060,1783378662169,116565,116565,0,0,1,0,0,0,78,81,10,0,63,109.67,97,-1,6,-997,-1,0,0,0,0,0,0,0,"rc-neutral-land","OK",1783378644085,98481,1534
1061,1783378662312,116708,116707,0,0,2,0,0,0,78,81,10,0,63,109.6,97,-3,5,-995,-1,0,0,0,0,0,0,0,"rc-neutral-land","OK",1783378644085,98481,1534
1062,1783378662395,116791,116791,0,0,2,0,0,0,78,81,10,0,63,109.97,97,-1,3,-996,-1,0,0,0,0,0,0,0,"rc-neutral-land","OK",1783378644085,98481,1534
1063,1783378662458,116854,116853,0,0,2,0,0,0,78,81,10,0,63,109.89,97,-2,5,-998,-1,0,0,0,0,0,0,0,"rc-neutral-land","OK",1783378644085,98481,1534
1064,1783378662573,116969,116969,0,0,2,0,0,0,78,81,10,0,63,109.66,97,-1,5,-998,-1,0,0,0,0,0,0,0,"rc-neutral-land","OK",1783378644085,98481,1534
1065,1783378662621,117017,117017,0,0,2,0,0,0,78,81,10,0,63,109.5,97,-1,5,-998,-1,0,0,0,0,0,0,0,"rc-neutral-land","OK",1783378644085,98481,1534
1066,1783378662744,117140,117139,0,0,3,0,0,0,78,81,10,0,63,109.91,97,-1,5,-997,-1,0,0,0,0,0,0,0,"rc-neutral-land","OK",1783378644085,98481,1534
1067,1783378662828,117224,117224,0,0,3,0,0,0,78,81,10,0,63,109.87,97,-1,6,-998,-1,0,0,0,0,0,0,0,"rc-neutral-land","OK",1783378644085,98481,1534
1068,1783378662940,117336,117336,0,0,3,0,0,0,78,81,10,0,63,109.6,97,-1,5,-995,-1,0,0,0,0,0,0,0,"rc-neutral-land","OK",1783378644085,98481,1534
1069,1783378663080,117476,117476,0,0,3,0,0,0,78,80,10,0,63,109.83,97,-3,5,-999,-1,0,0,0,0,0,0,0,"rc-neutral-land","OK",1783378644085,98481,1534
1070,1783378663138,117534,117533,0,0,3,0,0,0,78,80,10,0,63,109.71,97,-2,4,-999,-1,0,0,0,0,0,0,0,"rc-neutral-land","OK",1783378644085,98481,1534
1071,1783378663262,117658,117658,0,0,4,0,0,0,78,80,10,0,63,109.71,97,0,6,-996,-1,0,0,0,0,0,0,0,"rc-neutral-land","OK",1783378644085,98481,1534
1072,1783378663376,117772,117772,0,0,4,0,0,0,78,80,10,0,63,109.75,97,-2,4,-996,-1,0,0,0,0,0,0,0,"rc-neutral-land","OK",1783378644085,98481,1534
