state_sequence,timestamp_ms,recording_elapsed_ms,steady_elapsed_ms,pitch,roll,yaw,vgx,vgy,vgz,templ,temph,tof,h,bat,baro,time,agx,agy,agz,mid,x,y,z,rc_a,rc_b,rc_c,rc_d,rc_source,rc_result,rc_timestamp_ms,rc_steady_elapsed_ms,rc_sequence
123,1783218796383,0,0,0,0,0,0,0,0,56,58,10,0,100,166.14,0,-5,7,-999,-1,0,0,0,,,,,,,,,
124,1783218796474,91,91,0,0,0,0,0,0,56,58,10,0,100,165.99,0,-4,7,-999,-1,0,0,0,,,,,,,,,
125,1783218796566,183,183,0,0,0,0,0,0,56,58,10,0,100,166.04,0,-5,8,-999,-1,0,0,0,,,,,,,,,
126,1783218796658,275,275,0,0,0,0,0,0,56,58,10,0,100,166.31,0,-5,8,-1000,-1,0,0,0,,,,,,,,,
127,1783218796750,367,367,0,0,0,0,0,0,56,58,10,0,100,166.13,0,-4,9,-1000,-1,0,0,0,,,,,,,,,
128,1783218796842,459,458,0,0,0,0,0,0,56,58,10,0,100,166.18,0,-4,8,-1000,-1,0,0,0,,,,,,,,,
129,1783218796933,550,550,0,0,0,0,0,0,56,58,10,0,100,166.18,0,-3,7,-999,-1,0,0,0,,,,,,,,,
130,1783218797025,642,642,0,0,0,0,0,0,56,58,10,0,100,166.18,0,-4,8,-999,-1,0,0,0,,,,,,,,,
131,1783218797117,734,734,0,0,0,0,0,0,56,59,10,0,100,166.15,0,-2,8,-1000,-1,0,0,0,,,,,,,,,
132,1783218797209,826,826,0,0,0,0,0,0,56,59,10,0,100,166.3,0,-4,9,-999,-1,0,0,0,,,,,,,,,
133,1783218797301,918,917,0,0,0,0,0,0,56,59,10,0,100,166.21,0,-5,8,-999,-1,0,0,0,,,,,,,,,
134,1783218797392,1009,1009,0,0,0,0,0,0,56,59,10,0,100,166.11,0,-5,9,-997,-1,0,0,0,,,,,,,,,
135,1783218797484,1101,1101,0,0,0,0,0,0,56,59,10,0,100,165.96,0,-5,8,-1000,-1,0,0,0,,,,,,,,,
136,1783218797576,1193,1193,0,0,0,0,0,0,56,59,10,0,100,166.36,0,-4,6,-1000,-1,0,0,0,,,,,,,,,
137,1783218797668,1285,1284,0,0,0,0,0,0,56,59,10,0,100,166,0,-5,9,-1001,-1,0,0,0,,,,,,,,,
138,1783218797760,1377,1376,0,0,0,0,0,0,56,59,10,0,100,166.17,0,-3,7,-999,-1,0,0,0,,,,,,,,,
139,1783218797851,1468,1468,0,0,0,0,0,0,56,59,10,0,100,166.03,0,-4,7,-998,-1,0,0,0,,,,,,,,,
140,1783218797943,1560,1560,0,0,0,0,0,0,56,59,10,0,100,166.11,0,-5,9,-1000,-1,0,0,0,,,,,,,,,
141,1783218798035,1652,1652,0,0,0,0,0,0,56,59,10,0,100,165.77,0,-3,7,-999,-1,0,0,0,,,,,,,,,
142,1783218798128,1745,1744,0,0,0,0,0,0,56,59,10,0,100,166.2,0,-3,7,-1000,-1,0,0,0,,,,,,,,,
143,1783218798219,1836,1835,0,0,0,0,0,0,56,59,10,0,100,166.03,0,-3,8,-998,-1,0,0,0,,,,,,,,,
144,1783218798310,1927,1927,0,0,0,0,0,0,56,59,10,0,100,166.2,0,-3,8,-998,-1,0,0,0,,,,,,,,,
145,1783218798402,2019,2019,0,0,0,0,0,0,56,59,10,0,100,166.52,0,-5,7,-998,-1,0,0,0,,,,,,,,,
146,1783218798494,2111,2111,0,0,0,0,0,0,56,59,10,0,100,166.06,0,-4,9,-1001,-1,0,0,0,,,,,,,,,
147,1783218798540,2157,2156,0,0,0,0,0,0,56,59,10,0,100,166.06,0,-4,8,-1001,-1,0,0,0,,,,,,,,,
148,1783218798632,2249,2248,0,0,0,0,0,0,56,59,10,0,100,166.04,0,-4,8,-998,-1,0,0,0,,,,,,,,,
149,1783218798723,2340,2340,0,0,0,0,0,0,56,59,10,0,100,166.07,0,-4,9,-1002,-1,0,0,0,,,,,,,,,
150,1783218798815,2432,2432,0,0,0,0,0,0,56,59,10,0,100,166.12,0,-2,9,-1001,-1,0,0,0,,,,,,,,,
151,1783218798907,2524,2524,0,0,0,0,0,0,57,58,10,0,100,166.05,0,-4,8,-999,-1,0,0,0,,,,,,,,,
152,1783218798999,2616,2616,0,0,0,0,0,0,57,58,10,0,100,166.13,0,-3,7,-1001,-1,0,0,0,,,,,,,,,
153,1783218799091,2708,2707,0,0,0,0,0,0,57,58,10,0,100,166.39,0,-4,7,-999,-1,0,0,0,,,,,,,,,
154,1783218799182,2799,2799,0,0,0,0,0,0,57,58,10,0,100,166.04,0,-4,8,-1000,-1,0,0,0,,,,,,,,,
155,1783218799274,2891,2891,0,0,0,0,0,0,57,58,10,0,100,165.87,0,-4,7,-998,-1,0,0,0,,,,,,,,,
156,1783218799366,2983,2983,0,0,0,0,0,0,57,58,10,0,100,166.05,0,-4,7,-1001,-1,0,0,0,,,,,,,,,
157,1783218799459,3076,3076,0,0,0,0,0,0,57,58,10,0,100,166.09,0,-4,8,-1001,-1,0,0,0,,,,,,,,,
158,1783218799550,3167,3167,0,0,0,0,0,0,57,58,10,0,100,166.33,0,-4,7,-1002,-1,0,0,0,,,,,,,,,
159,1783218799642,3259,3259,0,0,0,0,0,0,57,58,10,0,100,165.96,0,-2,9,-1009,-1,0,0,0,,,,,,,,,
160,1783218799734,3351,3351,0,0,0,0,0,0,57,58,10,0,100,165.96,0,-1,12,-994,-1,0,0,0,,,,,,,,,
161,1783218799826,3443,3443,0,0,0,0,0,0,57,59,10,0,100,165.96,0,-7,21,-1007,-1,0,0,0,,,,,,,,,
162,1783218799918,3535,3535,0,0,0,0,0,0,57,59,10,0,100,165.96,0,24,14,-1005,-1,0,0,0,,,,,,,,,
163,1783218800009,3626,3626,0,0,0,0,0,0,57,59,10,0,100,165.96,0,-12,8,-1139,-1,0,0,0,,,,,,,,,
164,1783218800101,3718,3718,1,0,0,0,0,-2,57,59,10,0,100,165.96,0,-5,0,-1300,-1,0,0,0,,,,,,,,,
165,1783218800193,3810,3810,0,0,0,0,0,-5,57,59,10,10,100,165.96,0,-22,3,-1284,-1,0,0,0,,,,,,,,,
166,1783218800285,3902,3901,-1,0,0,0,0,-8,57,59,18,10,100,166.06,0,-5,2,-1113,-1,0,0,0,,,,,,,,,
167,1783218800377,3994,3994,-1,0,0,0,0,-8,57,59,26,20,100,166.7,0,7,-5,-1010,-1,0,0,0,,,,,,,,,
168,1783218800468,4085,4085,0,0,0,0,0,-8,57,59,34,30,100,166.5,0,8,-4,-966,-1,0,0,0,,,,,,,,,
169,1783218800560,4177,4177,0,0,0,0,0,-8,57,59,41,40,100,166.8,1,0,1,-910,-1,0,0,0,,,,,,,,,
170,1783218800652,4269,4269,0,0,0,0,0,-7,57,59,47,50,100,166.8,1,0,4,-885,-1,0,0,0,,,,,,,,,
171,1783218800748,4365,4364,0,0,0,0,0,-6,57,60,53,60,100,166.76,1,-31,16,-858,-1,0,0,0,,,,,,,,,
172,1783218800845,4462,4461,0,0,0,0,0,-4,57,60,57,60,100,166.85,1,-6,15,-862,-1,0,0,0,,,,,,,,,
173,1783218800941,4558,4558,0,0,0,0,0,-3,57,60,59,70,100,166.64,1,-10,-2,-902,-1,0,0,0,,,,,,,,,
174,1783218801037,4654,4654,0,1,0,0,0,-2,57,60,62,70,100,166.99,1,-1,10,-912,-1,0,0,0,,,,,,,,,
175,1783218801134,4751,4751,0,0,0,0,0,-1,57,60,63,70,100,166.74,1,-5,-13,-941,-1,0,0,0,,,,,,,,,
176,1783218801231,4848,4847,0,1,0,0,0,-1,57,60,63,70,100,167.21,1,14,-8,-964,-1,0,0,0,,,,,,,,,
177,1783218801328,4945,4945,0,1,0,0,0,-1,57,60,64,70,100,166.84,1,5,-8,-984,-1,0,0,0,,,,,,,,,
178,1783218801427,5044,5044,0,1,0,0,0,-1,57,60,64,70,100,166.97,1,9,-31,-1007,-1,0,0,0,,,,,,,,,
179,1783218801522,5139,5139,0,1,0,0,0,-1,57,60,64,70,100,166.76,2,18,-12,-992,-1,0,0,0,,,,,,,,,
180,1783218801569,5186,5186,0,1,0,0,0,-1,57,60,65,70,100,167.02,2,-3,-2,-1003,-1,0,0,0,,,,,,,,,
181,1783218801711,5328,5328,0,1,0,0,0,-1,58,60,65,70,100,166.79,2,17,-13,-1028,-1,0,0,0,,,,,,,,,
182,1783218801805,5422,5422,0,1,0,0,0,-1,58,60,66,80,100,166.84,2,-8,2,-1019,-1,0,0,0,,,,,,,,,
183,1783218801899,5516,5516,0,1,0,0,0,-1,58,60,67,80,100,167.09,2,-42,23,-1000,-1,0,0,0,,,,,,,,,
184,1783218801994,5611,5611,0,0,0,0,0,-1,58,60,68,80,100,166.83,2,0,-3,-1018,-1,0,0,0,,,,,,,,,
185,1783218802040,5657,5656,0,0,0,0,0,-1,58,60,69,80,100,166.87,2,3,-7,-1046,-1,0,0,0,,,,,,,,,
186,1783218802134,5751,5750,0,1,0,0,0,-1,58,60,70,80,100,167.23,2,6,-8,-1011,-1,0,0,0,,,,,,,,,
187,1783218802228,5845,5844,0,1,0,0,0,-1,58,60,72,80,100,167.1,2,-26,2,-988,-1,0,0,0,,,,,,,,,
188,1783218802324,5941,5941,0,0,0,0,0,-1,58,60,72,80,100,166.9,2,-34,21,-1016,-1,0,0,0,,,,,,,,,
189,1783218802416,6033,6032,-1,0,0,0,0,-1,58,60,74,80,100,167.13,3,-6,-1,-992,-1,0,0,0,,,,,,,,,
190,1783218802510,6127,6127,-1,0,0,0,0,-1,58,60,75,80,100,166.94,3,3,-11,-986,-1,0,0,0,,,,,,,,,
191,1783218802604,6221,6220,-1,0,0,0,0,-1,58,61,76,80,100,166.84,3,-19,14,-986,-1,0,0,0,,,,,,,,,
192,1783218802697,6314,6314,0,0,0,0,0,-1,58,61,77,80,100,167.34,3,4,-6,-960,-1,0,0,0,,,,,,,,,
193,1783218802791,6408,6408,0,1,0,0,0,0,58,61,77,80,100,167.2,3,46,-34,-1001,-1,0,0,0,,,,,,,,,
194,1783218802885,6502,6502,0,1,0,0,0,0,58,61,79,90,100,166.93,3,-16,12,-986,-1,0,0,0,,,,,,,,,
195,1783218802980,6597,6597,0,1,0,0,0,0,58,61,79,90,100,166.98,3,0,-19,-965,-1,0,0,0,,,,,,,,,
196,1783218803073,6690,6690,0,1,0,0,0,0,58,61,80,90,100,167.03,3,-30,16,-990,-1,0,0,0,,,,,,,,,
197,1783218803167,6784,6784,0,0,0,0,0,0,58,61,81,90,100,167.03,3,15,-20,-1002,-1,0,0,0,,,,,,,,,
198,1783218803261,6878,6878,0,0,0,0,0,0,58,61,81,90,100,167.05,3,9,-3,-1009,-1,0,0,0,,,,,,,,,
199,1783218803355,6972,6972,0,0,0,0,0,0,58,61,82,90,100,167.12,4,-15,7,-983,-1,0,0,0,,,,,,,,,
200,1783218803449,7066,7066,0,0,0,0,0,0,58,61,82,90,100,167.14,4,-10,-5,-968,-1,0,0,0,0,0,0,0,"keyboard-worker","OK",1783218803446,7063,1
201,1783218803543,7160,7160,0,1,0,0,0,0,58,60,83,90,100,166.9,4,53,-35,-968,-1,0,0,0,0,0,0,0,"keyboard-worker","OK",1783218803496,7113,2
202,1783218803637,7254,7254,0,1,0,0,0,0,58,60,83,90,100,167.05,4,26,-17,-988,-1,0,0,0,0,0,0,0,"keyboard-worker","OK",1783218803597,7213,4
203,1783218803731,7348,7348,0,0,0,0,0,0,58,60,83,90,100,167.07,4,-21,3,-990,-1,0,0,0,0,0,0,0,"keyboard-worker","OK",1783218803697,7314,6
204,1783218803825,7442,7442,-1,0,0,0,0,0,58,60,83,90,100,167.04,4,-25,16,-990,-1,0,0,0,0,0,0,0,"keyboard-worker","OK",1783218803797,7414,8
205,1783218803919,7536,7536,0,0,0,0,0,0,58,60,82,90,100,167.07,4,36,-17,-993,-1,0,0,0,0,0,0,0,"keyboard-worker","OK",1783218803897,7514,10
206,1783218804013,7630,7630,0,1,0,0,0,0,58,60,82,90,100,167.09,4,4,-11,-1008,-1,0,0,0,0,0,0,0,"keyboard-worker","OK",1783218803997,7614,12
207,1783218804107,7724,7724,0,1,0,0,0,0,58,60,82,90,100,166.93,4,25,-27,-979,-1,0,0,0,0,0,0,0,"keyboard-worker","OK",1783218804097,7714,14
208,1783218804201,7818,7818,0,1,0,0,0,0,58,60,82,90,100,167.24,4,8,-1,-1020,-1,0,0,0,0,0,0,0,"keyboard-worker","OK",1783218804198,7814,16
209,1783218804295,7912,7912,0,1,0,0,0,0,58,60,82,90,100,167.2,5,24,-21,-1019,-1,0,0,0,0,0,0,0,"keyboard-worker","OK",1783218804248,7864,17
210,1783218804389,8006,8006,0,1,0,0,0,0,58,60,83,90,100,167.1,5,-37,25,-1010,-1,0,0,0,0,0,0,0,"keyboard-worker","OK",1783218804348,7965,19
211,1783218804483,8100,8100,0,1,0,0,0,0,58,61,83,90,100,167.15,5,-17,0,-1009,-1,0,0,0,0,0,0,0,"keyboard-worker","OK",1783218804448,8065,21
212,1783218804577,8194,8194,0,1,0,0,0,0,58,61,83,90,100,166.9,5,-19,-3,-1014,-1,0,0,0,0,0,0,0,"keyboard-worker","OK",1783218804548,8165,23
213,1783218804671,8288,8288,0,1,0,0,0,0,58,61,83,90,100,167.23,5,-20,1,-982,-1,0,0,0,0,0,0,0,"keyboard-worker","OK",1783218804648,8265,25
214,1783218804765,8382,8381,0,1,0,0,0,0,58,61,84,90,100,167.06,5,-7,2,-965,-1,0,0,0,0,0,0,0,"keyboard-worker","OK",1783218804748,8365,27
215,1783218804859,8476,8475,0,0,0,0,0,0,58,61,84,90,100,167.03,5,0,3,-1026,-1,0,0,0,0,0,0,0,"keyboard-worker","OK",1783218804849,8465,29
216,1783218804953,8570,8569,0,1,0,0,0,0,58,61,85,90,100,167.07,5,-7,-12,-1007,-1,0,0,0,0,0,0,0,"keyboard-worker","OK",1783218804949,8566,31
217,1783218805048,8665,8664,0,1,0,0,0,0,58,61,85,90,100,167.1,5,-14,-3,-1009,-1,0,0,0,0,0,0,0,"keyboard-worker","OK",1783218804999,8616,32
218,1783218805142,8759,8758,0,1,0,0,0,0,58,61,85,90,100,166.96,5,-17,-1,-1006,-1,0,0,0,0,0,0,0,"keyboard-worker","OK",1783218805099,8716,34
219,1783218805235,8852,8852,0,1,0,0,0,0,58,61,86,90,100,167.36,6,-2,3,-1012,-1,0,0,0,0,0,0,0,"keyboard-worker","OK",1783218805199,8816,36
220,1783218805329,8946,8946,0,0,0,0,0,0,58,61,86,90,100,167.22,6,-40,37,-1014,-1,0,0,0,0,0,0,0,"keyboard-worker","OK",1783218805299,8916,38
221,1783218805423,9040,9040,0,1,0,0,0,0,58,61,86,90,100,167.12,6,14,-10,-1011,-1,0,0,0,0,0,0,0,"keyboard-worker","OK",1783218805400,9016,40
222,1783218805517,9134,9134,0,1,0,0,0,0,58,61,86,90,100,167.03,6,14,-22,-990,-1,0,0,0,0,0,0,0,"keyboard-worker","OK",1783218805500,9116,42
223,1783218805564,9181,9181,0,0,0,0,0,0,58,61,86,90,100,166.91,6,20,-28,-980,-1,0,0,0,0,0,0,0,"keyboard-worker","OK",1783218805550,9167,43
224,1783218805658,9275,9275,0,1,0,0,0,0,58,61,86,90,100,167.08,6,-12,8,-1002,-1,0,0,0,0,0,0,0,"keyboard-worker","OK",1783218805650,9267,45
225,1783218805752,9369,9369,0,1,0,0,0,0,58,61,87,90,100,167.05,6,10,-6,-999,-1,0,0,0,0,0,0,0,"keyboard-worker","OK",1783218805750,9367,47
226,1783218805846,9463,9463,0,1,0,0,0,0,58,61,86,90,100,166.82,6,0,-8,-1014,-1,0,0,0,0,0,0,0,"keyboard-worker","OK",1783218805800,9417,48
227,1783218805940,9557,9557,0,1,0,0,0,0,58,61,86,90,100,167.08,6,-33,26,-990,-1,0,0,0,0,0,0,0,"keyboard-worker","OK",1783218805900,9517,50
228,1783218806034,9651,9651,0,1,0,0,0,0,58,61,86,90,100,167.11,6,2,-5,-1012,-1,0,0,0,0,0,0,0,"keyboard-worker","OK",1783218806000,9617,52
229,1783218806128,9745,9745,0,1,0,0,0,0,58,61,86,90,100,167.13,7,-31,13,-1026,-1,0,0,0,0,0,0,0,"keyboard-worker","OK",1783218806101,9717,54
230,1783218806222,9839,9839,0,1,0,0,0,0,58,61,86,90,100,167.22,7,11,-16,-977,-1,0,0,0,0,0,0,0,"keyboard-worker","OK",1783218806201,9817,56
231,1783218806316,9933,9933,0,1,0,0,0,0,59,62,86,90,100,167.22,7,-15,4,-936,-1,0,0,0,0,0,0,0,"keyboard-worker","OK",1783218806301,9918,58
232,1783218806410,10027,10027,0,1,0,0,0,0,59,62,86,90,100,167.23,7,-16,2,-1001,-1,0,0,0,0,0,0,0,"keyboard-worker","OK",1783218806401,10018,60
233,1783218806504,10121,10121,0,1,0,0,0,0,59,62,86,90,100,167.19,7,8,-9,-1007,-1,0,0,0,0,0,0,0,"keyboard-worker","OK",1783218806501,10118,62
234,1783218806599,10216,10216,0,1,0,0,0,0,59,62,85,90,100,167.13,7,-10,-11,-1006,-1,0,0,0,0,0,0,0,"keyboard-worker","OK",1783218806551,10168,63
235,1783218806693,10310,10310,0,1,0,0,0,0,59,62,85,90,100,167.1,7,-1,-1,-998,-1,0,0,0,0,0,0,0,"keyboard-worker","OK",1783218806651,10268,65
236,1783218806787,10404,10404,0,1,0,0,0,0,59,62,85,90,100,167.3,7,-17,1,-989,-1,0,0,0,0,0,0,0,"keyboard-worker","OK",1783218806752,10368,67
237,1783218806881,10498,10498,0,1,0,0,0,0,59,62,85,90,100,167.11,7,-7,6,-1026,-1,0,0,0,0,0,0,0,"keyboard-worker","OK",1783218806852,10468,69
238,1783218806976,10593,10592,0,1,0,0,0,0,59,62,84,90,100,167.12,7,-1,-19,-998,-1,0,0,0,0,0,0,0,"keyboard-worker","OK",1783218806952,10569,71
239,1783218807070,10687,10686,0,1,0,0,0,0,59,62,84,90,100,166.99,8,7,-11,-982,-1,0,0,0,0,0,0,0,"keyboard-worker","OK",1783218807052,10669,73
240,1783218807163,10780,10780,0,1,0,0,0,0,59,62,83,90,100,166.86,8,0,-6,-1006,-1,0,0,0,0,0,0,0,"keyboard-worker","OK",1783218807152,10769,75
241,1783218807257,10874,10874,0,1,0,0,0,0,59,62,83,90,100,166.89,8,-15,2,-1003,-1,0,0,0,0,0,0,0,"keyboard-worker","OK",1783218807252,10869,77
242,1783218807351,10968,10968,0,1,0,0,0,0,59,62,83,90,100,166.81,8,-28,2,-1007,-1,0,0,0,0,0,0,0,"keyboard-worker","OK",1783218807302,10919,78
243,1783218807445,11062,11061,0,1,0,0,0,0,59,62,82,90,100,167.02,8,-2,-14,-967,-1,0,0,0,0,0,0,0,"keyboard-worker","OK",1783218807403,11019,80
244,1783218807539,11156,11156,0,1,0,0,0,0,59,62,82,90,100,167.04,8,9,-17,-996,-1,0,0,0,0,0,0,0,"keyboard-worker","OK",1783218807503,11120,82
245,1783218807633,11250,11249,0,1,0,0,0,0,59,62,82,90,100,166.93,8,14,-12,-1027,-1,0,0,0,0,0,0,0,"keyboard-worker","OK",1783218807603,11220,84
246,1783218807726,11343,11343,0,1,0,0,0,0,59,62,82,90,100,167.05,8,-33,4,-997,-1,0,0,0,0,0,0,0,"keyboard-worker","OK",1783218807703,11320,86
247,1783218807821,11438,11437,0,1,0,0,0,0,59,62,82,90,100,167.1,8,-12,-1,-1013,-1,0,0,0,0,0,0,0,"keyboard-worker","OK",1783218807803,11420,88
248,1783218807916,11533,11533,0,1,0,0,0,0,59,62,82,90,100,166.95,8,-13,-4,-973,-1,0,0,0,0,0,0,0,"keyboard-worker","OK",1783218807904,11520,90
249,1783218808008,11625,11625,0,0,0,0,0,0,59,62,82,90,100,166.87,9,0,4,-1008,-1,0,0,0,0,0,0,0,"keyboard-worker","OK",1783218808004,11620,92
250,1783218808103,11720,11720,0,0,0,0,0,0,59,62,81,90,100,166.97,9,18,-9,-1022,-1,0,0,0,0,0,0,0,"keyboard-worker","OK",1783218808054,11671,93
251,1783218808197,11814,11814,0,1,0,0,0,0,60,62,81,90,100,167.03,9,-21,-3,-1011,-1,0,0,0,0,0,0,0,"keyboard-worker","OK",1783218808154,11771,95
252,1783218808292,11909,11908,0,1,0,0,0,0,60,62,81,90,100,167.04,9,-15,-2,-1003,-1,0,0,0,0,0,0,0,"keyboard-worker","OK",1783218808254,11871,97
253,1783218808384,12001,12001,0,1,0,0,0,0,60,62,81,90,99,167.09,9,19,-18,-1006,-1,0,0,0,0,0,0,0,"keyboard-worker","OK",1783218808354,11971,99
254,1783218808479,12096,12095,0,1,0,0,0,0,60,62,81,90,99,167.24,9,-9,-1,-1004,-1,0,0,0,0,0,0,0,"keyboard-worker","OK",1783218808454,12071,101
255,1783218808573,12190,12190,0,1,0,0,0,0,60,62,80,90,99,166.94,9,-13,11,-1014,-1,0,0,0,0,0,0,0,"keyboard-worker","OK",1783218808554,12171,103
256,1783218808668,12285,12284,0,1,0,0,0,0,60,62,80,90,99,166.89,9,-25,1,-1042,-1,0,0,0,0,0,0,0,"keyboard-worker","OK",1783218808655,12271,105
257,1783218808761,12378,12378,0,1,0,0,0,0,60,62,80,90,99,166.85,9,3,2,-1030,-1,0,0,0,0,0,0,0,"keyboard-worker","OK",1783218808755,12371,107
258,1783218808856,12473,12473,0,1,0,0,0,0,60,62,80,90,99,167.17,9,16,-19,-1027,-1,0,0,0,0,0,0,0,"keyboard-worker","OK",1783218808855,12472,109
259,1783218808903,12520,12520,0,1,0,0,0,0,60,62,80,90,99,166.91,10,17,-16,-999,-1,0,0,0,0,0,0,0,"keyboard-worker","OK",1783218808855,12472,109
260,1783218808997,12614,12613,0,1,0,0,0,0,60,62,80,90,99,166.89,10,-10,11,-1001,-1,0,0,0,0,0,0,0,"keyboard-worker","OK",1783218808955,12572,111
261,1783218809090,12707,12707,0,1,0,0,0,0,60,63,80,90,99,166.78,10,-26,4,-974,-1,0,0,0,0,0,0,0,"keyboard-worker","OK",1783218809055,12672,113
262,1783218809187,12804,12803,0,1,0,0,0,0,60,63,80,90,99,167.01,10,-8,-7,-1019,-1,0,0,0,0,0,25,0,"keyboard-worker","OK",1783218809155,12772,115
263,1783218809279,12896,12896,0,1,0,0,0,0,60,63,80,90,99,167.15,10,3,7,-1000,-1,0,0,0,0,0,25,0,"keyboard-worker","OK",1783218809256,12872,117
264,1783218809374,12991,12990,0,1,0,0,0,0,60,63,80,90,99,167.02,10,-10,4,-1048,-1,0,0,0,0,0,25,0,"keyboard-worker","OK",1783218809356,12972,119
265,1783218809466,13083,13083,0,1,0,0,0,0,60,63,81,90,99,167.25,10,-23,-4,-1050,-1,0,0,0,0,0,25,0,"keyboard-worker","OK",1783218809456,13073,121
266,1783218809560,13177,13177,0,1,0,0,0,0,60,63,82,90,99,167.03,10,-3,10,-1066,-1,0,0,0,0,0,25,0,"keyboard-worker","OK",1783218809556,13173,123
267,1783218809656,13273,13272,0,1,0,0,0,-1,60,63,83,90,99,166.91,10,21,-11,-992,-1,0,0,0,0,0,25,0,"keyboard-worker","OK",1783218809656,13273,125
268,1783218809753,13370,13370,0,1,0,0,0,-1,60,63,84,90,99,167.24,10,15,-13,-989,-1,0,0,0,0,0,25,0,"keyboard-worker","OK",1783218809706,13323,126
269,1783218809949,13566,13565,0,1,0,0,0,-1,60,63,85,90,99,167.11,11,-23,14,-1002,-1,0,0,0,0,0,25,0,"keyboard-worker","OK",1783218809907,13523,130
270,1783218810044,13661,13661,0,1,0,0,0,-1,60,62,86,90,99,166.91,11,-15,-8,-960,-1,0,0,0,0,0,25,0,"keyboard-worker","OK",1783218810007,13624,132
271,1783218810141,13758,13758,0,1,0,0,0,-1,60,62,87,90,99,167.08,11,-8,-7,-1007,-1,0,0,0,0,0,25,0,"keyboard-worker","OK",1783218810107,13724,134
272,1783218810238,13855,13855,0,1,0,0,0,-1,60,62,88,90,98,167.12,11,-19,-17,-1001,-1,0,0,0,0,0,25,0,"keyboard-worker","OK",1783218810207,13824,136
273,1783218810336,13953,13953,0,1,0,0,0,-1,60,62,89,100,98,167.14,11,-24,-9,-980,-1,0,0,0,0,0,25,0,"keyboard-worker","OK",1783218810307,13924,138
274,1783218810432,14049,14048,0,1,0,0,0,-1,60,62,91,100,98,167.27,11,-8,-3,-1021,-1,0,0,0,0,0,25,0,"keyboard-worker","OK",1783218810408,14024,140
275,1783218810534,14151,14151,0,0,0,0,0,-1,60,62,92,100,98,167.19,11,4,0,-1027,-1,0,0,0,0,0,25,0,"keyboard-worker","OK",1783218810508,14124,142
276,1783218810626,14243,14243,0,0,0,0,0,-1,60,62,93,100,98,167.13,11,16,1,-997,-1,0,0,0,0,0,25,0,"keyboard-worker","OK",1783218810608,14225,144
277,1783218810723,14340,14340,0,0,0,0,0,-1,60,62,94,100,98,167.05,12,-3,-5,-989,-1,0,0,0,0,0,25,0,"keyboard-worker","OK",1783218810708,14325,146
278,1783218810820,14437,14437,0,1,0,0,0,0,60,62,95,100,98,167.15,12,-33,23,-995,-1,0,0,0,0,0,25,0,"keyboard-worker","OK",1783218810808,14425,148
279,1783218810917,14534,14534,0,1,0,0,0,-1,60,62,97,100,98,167.03,12,-18,0,-1020,-1,0,0,0,0,0,25,0,"keyboard-worker","OK",1783218810908,14525,150
280,1783218811014,14631,14631,0,1,0,0,0,-1,60,63,98,100,98,167.25,12,-3,1,-1012,-1,0,0,0,0,0,25,0,"keyboard-worker","OK",1783218811009,14625,152
281,1783218811111,14728,14728,0,1,0,0,0,-1,60,63,100,100,98,166.92,12,5,-11,-996,-1,0,0,0,0,0,25,0,"keyboard-worker","OK",1783218811109,14726,154
282,1783218811208,14825,14825,0,1,0,0,0,-1,60,63,101,110,98,167.28,12,9,-2,-986,-1,0,0,0,0,0,25,0,"keyboard-worker","OK",1783218811159,14776,155
283,1783218811305,14922,14922,0,1,0,0,0,-1,60,63,103,110,98,167.14,12,-1,-10,-1001,-1,0,0,0,0,0,25,0,"keyboard-worker","OK",1783218811259,14876,157
284,1783218811402,15019,15019,0,1,0,0,0,-1,60,63,105,110,98,167.54,12,-24,-7,-1015,-1,0,0,0,0,0,25,0,"keyboard-worker","OK",1783218811359,14976,159
285,1783218811499,15116,15116,0,1,0,0,0,-1,60,63,106,110,98,167.45,12,10,-8,-1001,-1,0,0,0,0,0,25,0,"keyboard-worker","OK",1783218811459,15076,161
286,1783218811596,15213,15213,0,1,0,0,0,-1,60,63,108,110,98,167.31,12,4,-5,-984,-1,0,0,0,0,0,25,0,"keyboard-worker","OK",1783218811560,15176,163
287,1783218811693,15310,15310,0,1,0,0,0,-1,60,63,109,110,98,167.21,13,-32,23,-980,-1,0,0,0,0,0,25,0,"keyboard-worker","OK",1783218811660,15277,165
288,1783218811790,15407,15407,0,1,0,0,0,-1,60,63,111,120,98,167.35,13,-4,27,-1062,-1,0,0,0,0,0,25,0,"keyboard-worker","OK",1783218811760,15377,167
289,1783218811887,15504,15504,0,1,0,0,0,-1,60,63,112,120,98,167.29,13,-25,26,-972,-1,0,0,0,0,0,25,0,"keyboard-worker","OK",1783218811860,15477,169
290,1783218811984,15601,15601,0,1,0,0,0,-1,60,63,114,120,98,167.19,13,24,-11,-985,-1,0,0,0,0,0,0,0,"keyboard-worker","OK",1783218811960,15577,171
291,1783218812081,15698,15698,0,0,0,0,0,-1,60,63,115,120,98,167.03,13,-16,4,-1021,-1,0,0,0,0,0,0,0,"keyboard-worker","OK",1783218812060,15677,173
292,1783218812178,15795,15795,0,0,0,0,0,0,60,63,116,120,97,167.51,13,7,-13,-959,-1,0,0,0,0,0,-25,0,"keyboard-worker","OK",1783218812161,15777,175
293,1783218812276,15893,15892,0,0,0,0,0,0,60,63,117,120,97,167.15,13,28,-15,-943,-1,0,0,0,0,0,-25,0,"keyboard-worker","OK",1783218812261,15878,177
294,1783218812373,15990,15990,0,0,0,0,0,0,60,63,117,120,97,167.35,13,22,-16,-948,-1,0,0,0,0,0,-25,0,"keyboard-worker","OK",1783218812361,15978,179
295,1783218812494,16111,16111,0,0,0,0,0,0,60,63,117,120,97,167.39,13,1,-14,-967,-1,0,0,0,0,0,-25,0,"keyboard-worker","OK",1783218812461,16078,181
296,1783218812569,16186,16186,0,0,0,0,0,0,60,63,117,120,97,167.35,13,3,-4,-961,-1,0,0,0,0,0,-25,0,"keyboard-worker","OK",1783218812561,16178,183
297,1783218812616,16233,16233,0,1,0,0,0,0,60,63,116,120,97,167.31,14,11,-4,-967,-1,0,0,0,0,0,-25,0,"keyboard-worker","OK",1783218812611,16228,184
298,1783218812882,16499,16499,0,1,0,0,0,1,60,63,113,120,97,167.14,14,-14,5,-981,-1,0,0,0,0,0,-25,0,"keyboard-worker","OK",1783218812862,16479,189
299,1783218812908,16525,16524,0,1,0,0,0,1,60,63,112,120,97,167.57,14,4,-10,-1001,-1,0,0,0,0,0,-25,0,"keyboard-worker","OK",1783218812862,16479,189
300,1783218813003,16620,16620,0,1,0,0,0,1,60,63,110,120,97,167.2,14,18,-28,-995,-1,0,0,0,0,0,-25,0,"keyboard-worker","OK",1783218812962,16579,191
301,1783218813102,16719,16718,0,1,0,0,0,1,60,63,109,120,97,167.04,14,-2,-6,-1014,-1,0,0,0,0,0,-25,0,"keyboard-worker","OK",1783218813062,16679,193
302,1783218813198,16815,16814,0,1,0,0,0,1,60,63,108,110,97,167.45,14,15,-16,-1016,-1,0,0,0,0,0,-25,0,"keyboard-worker","OK",1783218813162,16779,195
303,1783218813297,16914,16914,0,1,0,0,0,1,60,63,107,110,97,167.21,14,-16,20,-986,-1,0,0,0,0,0,-25,0,"keyboard-worker","OK",1783218813263,16879,197
304,1783218813391,17008,17008,0,1,0,0,0,1,60,63,105,110,97,167.19,14,15,-32,-990,-1,0,0,0,0,0,-25,0,"keyboard-worker","OK",1783218813363,16980,199
305,1783218813488,17105,17105,0,1,0,0,0,1,60,63,104,110,97,166.86,14,15,-13,-1041,-1,0,0,0,0,0,-25,0,"keyboard-worker","OK",1783218813463,17080,201
306,1783218813586,17203,17202,0,1,0,0,0,1,60,63,102,110,97,167.01,15,38,-33,-1015,-1,0,0,0,0,0,-25,0,"keyboard-worker","OK",1783218813563,17180,203
307,1783218813683,17300,17299,0,1,0,0,0,1,60,63,101,110,97,166.99,15,-2,-4,-1007,-1,0,0,0,0,0,-25,0,"keyboard-worker","OK",1783218813663,17280,205
308,1783218813780,17397,17396,0,1,0,0,0,1,60,63,99,110,97,167.21,15,5,-11,-1026,-1,0,0,0,0,0,-25,0,"keyboard-worker","OK",1783218813763,17380,207
309,1783218813877,17494,17493,0,1,0,0,0,1,61,64,98,100,97,167.01,15,-8,6,-1034,-1,0,0,0,0,0,-25,0,"keyboard-worker","OK",1783218813864,17480,209
310,1783218813974,17591,17590,0,1,0,0,0,1,61,64,96,100,97,166.94,15,22,-28,-998,-1,0,0,0,0,0,-25,0,"keyboard-worker","OK",1783218813964,17581,211
311,1783218814071,17688,17688,0,1,0,0,0,1,61,64,95,100,96,166.94,15,14,-22,-985,-1,0,0,0,0,0,-25,0,"keyboard-worker","OK",1783218814064,17681,213
312,1783218814168,17785,17785,0,1,0,0,0,1,61,64,94,100,96,167.17,15,5,-19,-991,-1,0,0,0,0,0,-25,0,"keyboard-worker","OK",1783218814164,17781,215
313,1783218814265,17882,17882,0,1,0,0,0,1,61,64,93,100,96,166.86,15,27,-10,-994,-1,0,0,0,0,0,-25,0,"keyboard-worker","OK",1783218814264,17881,217
314,1783218814362,17979,17979,0,1,0,0,0,1,61,64,91,100,96,167.07,15,-3,-16,-988,-1,0,0,0,0,0,-25,0,"keyboard-worker","OK",1783218814315,17931,218
315,1783218814459,18076,18076,0,1,0,0,0,1,61,64,90,100,96,167.17,15,20,-24,-1001,-1,0,0,0,0,0,-25,0,"keyboard-worker","OK",1783218814415,18031,220
316,1783218814556,18173,18173,0,1,0,0,0,1,61,64,89,100,96,166.84,16,-17,-7,-992,-1,0,0,0,0,0,-25,0,"keyboard-worker","OK",1783218814515,18132,222
317,1783218814653,18270,18270,0,1,0,0,0,1,61,64,88,90,96,166.77,16,-7,-2,-1015,-1,0,0,0,0,0,-25,0,"keyboard-worker","OK",1783218814615,18232,224
318,1783218814751,18368,18367,0,1,0,0,0,1,61,64,87,90,96,166.77,16,16,-7,-949,-1,0,0,0,0,0,-25,0,"keyboard-worker","OK",1783218814715,18332,226
319,1783218814847,18464,18464,0,1,0,0,0,1,61,64,85,90,96,166.82,16,0,-16,-1019,-1,0,0,0,0,0,-25,0,"keyboard-worker","OK",1783218814815,18432,228
320,1783218814946,18563,18563,0,1,0,0,0,1,61,64,84,90,96,166.85,16,3,-4,-1036,-1,0,0,0,0,0,-25,0,"keyboard-worker","OK",1783218814916,18532,230
321,1783218815041,18658,18658,0,1,0,0,0,1,61,64,83,90,96,167.06,16,15,-31,-954,-1,0,0,0,0,0,-25,0,"keyboard-worker","OK",1783218815016,18633,232
322,1783218815138,18755,18755,0,1,0,0,0,1,61,64,82,90,96,166.8,16,-8,-7,-1000,-1,0,0,0,0,0,-25,0,"keyboard-worker","OK",1783218815116,18733,234
323,1783218815236,18853,18852,0,1,0,0,0,1,61,64,81,90,96,167.03,16,0,-3,-1011,-1,0,0,0,0,0,-25,0,"keyboard-worker","OK",1783218815216,18833,236
324,1783218815332,18949,18949,0,1,0,0,0,1,61,64,79,90,96,166.75,16,-2,-4,-987,-1,0,0,0,0,0,-25,0,"keyboard-worker","OK",1783218815316,18933,238
325,1783218815429,19046,19046,0,1,0,0,0,1,61,64,78,80,96,166.88,16,-6,-3,-991,-1,0,0,0,0,0,-25,0,"keyboard-worker","OK",1783218815416,19033,240
326,1783218815526,19143,19143,0,1,0,0,0,1,61,64,76,80,96,166.81,17,0,0,-994,-1,0,0,0,0,0,-25,0,"keyboard-worker","OK",1783218815517,19133,242
327,1783218815625,19242,19242,0,1,0,0,0,1,61,64,73,80,96,167.4,17,20,-25,-995,-1,0,0,0,0,0,-25,0,"keyboard-worker","OK",1783218815617,19234,244
328,1783218815721,19338,19338,0,1,0,0,0,1,61,64,72,80,96,166.51,17,-4,-6,-1009,-1,0,0,0,0,0,-25,0,"keyboard-worker","OK",1783218815717,19334,246
329,1783218815821,19438,19437,0,1,0,0,0,1,62,64,71,80,96,166.75,17,10,-12,-1032,-1,0,0,0,0,0,0,0,"keyboard-worker","OK",1783218815817,19434,248
330,1783218815915,19532,19531,0,1,0,0,0,1,62,64,69,80,95,166.81,17,3,-8,-997,-1,0,0,0,0,0,0,0,"keyboard-worker","OK",1783218815867,19484,249
331,1783218816012,19629,19629,0,1,0,0,0,1,62,64,68,80,95,166.79,17,15,-8,-1035,-1,0,0,0,0,0,25,0,"keyboard-worker","OK",1783218815967,19584,251
332,1783218816109,19726,19725,0,1,0,0,0,0,62,64,67,70,95,166.74,17,-4,-8,-1064,-1,0,0,0,0,0,25,0,"keyboard-worker","OK",1783218816068,19684,253
333,1783218816206,19823,19822,0,1,0,0,0,0,62,64,67,70,95,166.96,17,-2,-8,-1081,-1,0,0,0,0,0,25,0,"keyboard-worker","OK",1783218816168,19784,255
334,1783218816303,19920,19919,0,1,0,0,0,0,62,64,67,70,95,166.73,17,-9,-14,-1033,-1,0,0,0,0,0,25,0,"keyboard-worker","OK",1783218816268,19885,257
335,1783218816400,20017,20017,0,1,0,0,0,0,62,64,68,70,95,166.71,17,-6,-9,-1031,-1,0,0,0,0,0,25,0,"keyboard-worker","OK",1783218816368,19985,259
336,1783218816448,20065,20065,0,1,0,0,0,0,62,64,69,70,95,166.53,18,11,-16,-1025,-1,0,0,0,0,0,25,0,"keyboard-worker","OK",1783218816418,20035,260
337,1783218816545,20162,20162,0,1,0,0,0,-1,62,64,71,70,95,166.85,18,-4,-4,-999,-1,0,0,0,0,0,25,0,"keyboard-worker","OK",1783218816518,20135,262
338,1783218816642,20259,20259,0,1,0,0,0,-1,62,64,72,80,95,166.74,18,12,-14,-1044,-1,0,0,0,0,0,25,0,"keyboard-worker","OK",1783218816618,20235,264
339,1783218816740,20357,20357,0,1,0,0,0,-1,62,65,74,80,95,166.73,18,0,-3,-997,-1,0,0,0,0,0,25,0,"keyboard-worker","OK",1783218816719,20335,266
340,1783218816836,20453,20453,0,1,0,0,0,-1,62,65,75,80,95,166.79,18,-2,-8,-1022,-1,0,0,0,0,0,25,0,"keyboard-worker","OK",1783218816819,20436,268
341,1783218816933,20550,20550,0,1,0,0,0,-1,62,65,76,80,95,166.59,18,0,-17,-1021,-1,0,0,0,0,0,25,0,"keyboard-worker","OK",1783218816919,20536,270
342,1783218817031,20648,20648,0,1,0,0,0,-1,62,65,78,80,95,166.88,18,1,-19,-1013,-1,0,0,0,0,0,25,0,"keyboard-worker","OK",1783218817019,20636,272
343,1783218817129,20746,20746,0,1,0,0,0,-1,62,65,79,80,95,166.66,18,6,-15,-988,-1,0,0,0,0,0,25,0,"keyboard-worker","OK",1783218817119,20736,274
344,1783218817225,20842,20841,0,1,0,0,0,-1,62,65,80,90,95,166.75,18,0,-6,-932,-1,0,0,0,0,0,25,0,"keyboard-worker","OK",1783218817220,20836,276
345,1783218817322,20939,20938,0,1,0,0,0,-1,62,65,82,90,95,167.04,18,16,-19,-1016,-1,0,0,0,0,0,25,0,"keyboard-worker","OK",1783218817320,20937,278
346,1783218817419,21036,21036,0,1,0,0,0,-1,62,65,83,90,95,167.03,19,-20,7,-1074,-1,0,0,0,0,0,25,0,"keyboard-worker","OK",1783218817370,20987,279
347,1783218817516,21133,21133,0,1,0,0,0,-1,62,65,84,90,95,167.01,19,-4,1,-1021,-1,0,0,0,0,0,25,0,"keyboard-worker","OK",1783218817470,21087,281
348,1783218817613,21230,21230,0,1,0,0,0,-1,62,65,85,90,95,167.11,19,-22,-3,-987,-1,0,0,0,0,0,25,0,"keyboard-worker","OK",1783218817570,21187,283
349,1783218817716,21333,21332,0,1,0,0,0,-1,62,65,86,90,95,167.02,19,-16,2,-999,-1,0,0,0,0,0,25,0,"keyboard-worker","OK",1783218817671,21288,285
350,1783218817819,21436,21436,0,1,0,0,0,-1,62,65,88,90,94,166.92,19,11,-8,-976,-1,0,0,0,0,0,25,0,"keyboard-worker","OK",1783218817771,21388,287
351,1783218817921,21538,21538,0,1,0,0,0,-1,62,65,89,90,94,166.92,19,13,6,-1005,-1,0,0,0,0,0,25,0,"keyboard-worker","OK",1783218817872,21489,289
352,1783218818024,21641,21641,0,1,0,0,0,-1,62,65,90,100,94,167.22,19,-24,-6,-974,-1,0,0,0,0,0,25,0,"keyboard-worker","OK",1783218818023,21640,292
353,1783218818127,21744,21743,0,1,0,0,0,-1,62,65,92,100,94,167,19,15,-16,-1006,-1,0,0,0,0,0,25,0,"keyboard-worker","OK",1783218818123,21740,294
354,1783218818231,21848,21848,0,1,0,0,0,-1,62,65,93,100,94,167.39,19,10,-11,-978,-1,0,0,0,0,0,25,0,"keyboard-worker","OK",1783218818224,21841,296
355,1783218818332,21949,21949,0,1,0,0,0,-1,62,65,94,100,94,167.28,19,11,2,-981,-1,0,0,0,0,0,25,0,"keyboard-worker","OK",1783218818325,21942,298
356,1783218818435,22052,22052,0,1,0,0,0,-1,62,65,96,100,94,166.83,20,24,-2,-1039,-1,0,0,0,0,0,25,0,"keyboard-worker","OK",1783218818426,22043,300
357,1783218820709,24326,22154,0,1,0,0,0,-1,62,65,97,100,94,167.13,20,-26,-1,-1010,-1,0,0,0,0,0,25,0,"keyboard-worker","OK",1783218820698,22143,302
358,1783218820812,24429,22257,0,1,0,0,0,-1,62,65,99,100,94,166.9,20,-19,5,-990,-1,0,0,0,0,0,25,0,"keyboard-worker","OK",1783218820799,22244,304
359,1783218820915,24532,22360,0,1,0,0,0,-1,63,65,100,100,94,167.03,20,-3,-2,-1012,-1,0,0,0,0,0,25,0,"keyboard-worker","OK",1783218820899,22345,306
360,1783218821018,24635,22463,0,1,0,0,0,-1,63,65,101,110,94,167.31,20,-7,1,-1034,-1,0,0,0,0,0,25,0,"keyboard-worker","OK",1783218821000,22445,308
361,1783218821121,24738,22566,0,1,0,0,0,-1,63,65,102,110,94,167.12,20,-11,14,-1011,-1,0,0,0,0,0,25,0,"keyboard-worker","OK",1783218821101,22546,310
362,1783218821224,24841,22669,0,1,0,0,0,-1,63,65,104,110,94,167.01,20,14,-19,-1005,-1,0,0,0,0,0,25,0,"keyboard-worker","OK",1783218821201,22646,312
363,1783218821326,24943,22771,0,1,0,0,0,-1,63,65,106,110,94,167.25,20,-18,2,-1074,-1,0,0,0,0,0,25,0,"keyboard-worker","OK",1783218821302,22747,314
364,1783218821429,25046,22874,0,1,0,0,0,-1,63,65,107,110,94,166.75,20,1,-14,-963,-1,0,0,0,0,0,25,0,"keyboard-worker","OK",1783218821402,22847,316
365,1783218821531,25148,22976,0,1,0,0,0,-1,63,65,108,110,94,167.27,20,5,-4,-1007,-1,0,0,0,0,0,25,0,"keyboard-worker","OK",1783218821502,22948,318
366,1783218821635,25252,23080,0,1,0,0,0,-1,63,65,110,110,94,167.21,21,-4,1,-993,-1,0,0,0,0,0,25,0,"keyboard-worker","OK",1783218821603,23048,320
367,1783218821739,25356,23184,0,1,0,0,0,-1,63,65,111,120,94,166.81,21,-16,-8,-964,-1,0,0,0,0,0,25,0,"keyboard-worker","OK",1783218821704,23149,322
368,1783218821840,25457,23285,0,1,0,0,0,-1,63,65,112,120,94,167.05,21,34,-10,-1050,-1,0,0,0,0,0,25,0,"keyboard-worker","OK",1783218821805,23250,324
369,1783218821945,25562,23390,0,1,0,0,0,-1,63,66,114,120,94,167.29,21,17,-28,-993,-1,0,0,0,0,0,25,0,"keyboard-worker","OK",1783218821906,23351,326
370,1783218822045,25662,23490,0,1,0,0,0,-1,63,66,115,120,93,166.82,21,0,2,-1020,-1,0,0,0,0,0,25,0,"keyboard-worker","OK",1783218822007,23452,328
371,1783218822148,25765,23593,0,1,0,0,0,-1,63,66,117,120,93,167.12,21,-4,-14,-977,-1,0,0,0,0,0,25,0,"keyboard-worker","OK",1783218822108,23553,330
372,1783218822252,25869,23697,0,1,0,0,0,-1,63,66,118,120,93,167.21,21,2,-9,-981,-1,0,0,0,0,0,25,0,"keyboard-worker","OK",1783218822208,23653,332
373,1783218822354,25971,23799,0,1,0,0,0,-1,63,66,119,120,93,167.4,21,-7,-5,-998,-1,0,0,0,0,0,25,0,"keyboard-worker","OK",1783218822309,23754,334
374,1783218822406,26023,23851,0,0,0,0,0,-1,63,66,121,130,93,167.37,21,-11,3,-1034,-1,0,0,0,0,0,25,0,"keyboard-worker","OK",1783218822359,23804,335
375,1783218822510,26127,23955,0,1,0,0,0,-1,63,66,122,130,93,167.13,21,-21,8,-1008,-1,0,0,0,0,0,25,0,"keyboard-worker","OK",1783218822510,23955,338
376,1783218822613,26230,24058,0,1,0,0,0,-1,63,66,123,130,93,167.44,22,14,-29,-997,-1,0,0,0,0,0,25,0,"keyboard-worker","OK",1783218822611,24056,340
377,1783218822716,26333,24161,0,0,0,0,0,-1,63,66,124,130,93,167.12,22,-17,0,-998,-1,0,0,0,0,0,25,0,"keyboard-worker","OK",1783218822712,24157,342
378,1783218822819,26436,24264,0,1,0,0,0,-1,63,66,126,130,93,167.31,22,6,-9,-996,-1,0,0,0,0,0,25,0,"keyboard-worker","OK",1783218822813,24258,344
379,1783218822971,26588,24416,0,0,0,0,0,-1,63,66,127,130,93,167.45,22,-6,-5,-1006,-1,0,0,0,0,0,25,0,"keyboard-worker","OK",1783218822964,24409,347
380,1783218823028,26645,24473,0,0,0,0,0,-1,63,66,128,130,93,167.15,22,7,-18,-989,-1,0,0,0,0,0,25,0,"keyboard-worker","OK",1783218823014,24459,348
381,1783218823131,26748,24576,0,0,0,0,0,-1,63,66,130,130,93,167.28,22,-8,-6,-964,-1,0,0,0,0,0,0,0,"keyboard-worker","OK",1783218823115,24560,350
382,1783218823227,26844,24672,0,1,0,0,0,-1,63,66,130,140,93,167.38,22,0,-18,-957,-1,0,0,0,0,0,-25,0,"keyboard-worker","OK",1783218823216,24661,352
383,1783218823563,27180,25008,0,1,0,0,0,0,63,66,131,140,93,167.41,22,-3,-13,-969,-1,0,0,0,0,0,-25,0,"keyboard-worker","OK",1783218823516,24961,358
384,1783218823615,27232,25060,0,1,0,0,0,0,63,66,131,140,93,167.28,23,6,0,-992,-1,0,0,0,0,0,-25,0,"keyboard-worker","OK",1783218823566,25011,359
385,1783218823712,27329,25157,0,1,0,0,0,0,63,66,130,140,93,167.4,23,-6,5,-981,-1,0,0,0,0,0,-25,0,"keyboard-worker","OK",1783218823666,25111,361
386,1783218823809,27426,25254,0,1,0,0,0,0,63,66,129,140,93,167.57,23,-18,-9,-968,-1,0,0,0,0,0,-25,0,"keyboard-worker","OK",1783218823766,25211,363
387,1783218823905,27522,25350,0,1,0,0,0,1,63,65,128,130,93,167.46,23,-1,-5,-980,-1,0,0,0,0,0,-25,0,"keyboard-worker","OK",1783218823866,25311,365
388,1783218824002,27619,25447,0,1,0,0,0,1,63,65,127,130,92,167.15,23,-3,-8,-980,-1,0,0,0,0,0,-25,0,"keyboard-worker","OK",1783218823967,25412,367
389,1783218824098,27715,25544,0,1,0,0,0,1,63,65,126,130,92,167.14,23,2,-12,-966,-1,0,0,0,0,0,-25,0,"keyboard-worker","OK",1783218824067,25512,369
390,1783218824195,27812,25640,0,1,0,0,0,1,63,65,125,130,92,167.12,23,-3,-2,-1011,-1,0,0,0,0,0,-25,0,"keyboard-worker","OK",1783218824167,25612,371
391,1783218824292,27909,25737,0,1,0,0,0,1,63,65,123,130,92,167.08,23,-9,-16,-1023,-1,0,0,0,0,0,-25,0,"keyboard-worker","OK",1783218824267,25712,373
392,1783218824388,28005,25834,0,1,0,0,0,1,63,65,122,130,92,167.37,23,-10,-18,-1047,-1,0,0,0,0,0,-25,0,"keyboard-worker","OK",1783218824367,25812,375
393,1783218824485,28102,25930,0,1,0,0,0,1,63,65,121,130,92,167.26,23,-7,0,-1022,-1,0,0,0,0,0,-25,0,"keyboard-worker","OK",1783218824467,25912,377
394,1783218824582,28199,26027,0,1,0,0,0,1,63,65,119,130,92,167.3,24,-13,3,-990,-1,0,0,0,0,0,-25,0,"keyboard-worker","OK",1783218824568,26013,379
395,1783218824678,28295,26123,0,1,0,0,0,1,63,65,118,120,92,167.33,24,25,-18,-914,-1,0,0,0,0,0,-25,0,"keyboard-worker","OK",1783218824668,26113,381
396,1783218824775,28392,26220,0,1,0,0,0,1,63,65,116,120,92,167.09,24,5,-14,-1000,-1,0,0,0,0,0,-25,0,"keyboard-worker","OK",1783218824768,26213,383
397,1783218824871,28488,26317,0,1,0,0,0,1,64,66,116,120,92,167.04,24,7,-7,-1033,-1,0,0,0,0,0,-25,0,"keyboard-worker","OK",1783218824868,26313,385
398,1783218824968,28585,26413,0,1,0,0,0,1,64,66,114,120,92,167.27,24,10,7,-969,-1,0,0,0,0,0,-25,0,"keyboard-worker","OK",1783218824968,26413,387
399,1783218825065,28682,26510,0,1,0,0,0,1,64,66,113,120,92,167.27,24,-2,0,-984,-1,0,0,0,0,0,-25,0,"keyboard-worker","OK",1783218825018,26463,388
400,1783218825161,28778,26606,0,0,0,0,0,1,64,66,112,120,92,167.16,24,10,-4,-999,-1,0,0,0,0,0,-25,0,"keyboard-worker","OK",1783218825118,26563,390
401,1783218825258,28875,26703,0,1,0,0,0,1,64,66,111,120,92,167.21,24,-22,0,-1026,-1,0,0,0,0,0,-25,0,"keyboard-worker","OK",1783218825218,26663,392
402,1783218825355,28972,26800,0,1,0,0,0,1,64,66,110,120,92,167.16,24,18,-18,-980,-1,0,0,0,0,0,-25,0,"keyboard-worker","OK",1783218825319,26764,394
403,1783218825451,29068,26896,0,1,0,0,0,1,64,66,109,110,92,166.92,25,-7,9,-1027,-1,0,0,0,0,0,-25,0,"keyboard-worker","OK",1783218825419,26864,396
404,1783218825548,29165,26993,0,1,0,0,0,1,64,66,108,110,92,167.23,25,-2,-6,-999,-1,0,0,0,0,0,-25,0,"keyboard-worker","OK",1783218825519,26964,398
405,1783218825645,29262,27090,0,1,0,0,0,1,64,66,107,110,92,167.14,25,4,-8,-969,-1,0,0,0,0,0,-25,0,"keyboard-worker","OK",1783218825619,27064,400
406,1783218825741,29358,27186,0,1,0,0,0,1,64,66,106,110,92,167.02,25,-7,5,-1017,-1,0,0,0,0,0,-25,0,"keyboard-worker","OK",1783218825719,27164,402
407,1783218825838,29455,27283,0,1,0,0,0,1,64,67,105,110,92,166.89,25,-32,6,-994,-1,0,0,0,0,0,-25,0,"keyboard-worker","OK",1783218825819,27264,404
408,1783218825935,29552,27380,0,1,0,0,0,1,64,67,103,110,91,166.95,25,-8,-4,-991,-1,0,0,0,0,0,-25,0,"keyboard-worker","OK",1783218825919,27364,406
409,1783218826031,29648,27476,0,1,0,0,0,1,64,67,102,110,91,166.95,25,1,-12,-992,-1,0,0,0,0,0,-25,0,"keyboard-worker","OK",1783218826020,27465,408
410,1783218826128,29745,27573,0,1,0,0,0,1,64,67,101,110,91,167.03,25,10,-18,-999,-1,0,0,0,0,0,-25,0,"keyboard-worker","OK",1783218826120,27565,410
411,1783218826224,29841,27669,0,1,0,0,0,1,64,67,100,110,91,167.09,25,-8,0,-999,-1,0,0,0,0,0,-25,0,"keyboard-worker","OK",1783218826220,27665,412
412,1783218826321,29938,27766,0,0,0,0,0,1,64,67,98,100,91,167.08,25,-21,-12,-1017,-1,0,0,0,0,0,-25,0,"keyboard-worker","OK",1783218826320,27765,414
413,1783218826419,30036,27864,0,0,0,0,0,1,64,67,97,100,91,167.17,26,14,-17,-988,-1,0,0,0,0,0,-25,0,"keyboard-worker","OK",1783218826370,27815,415
414,1783218826514,30131,27959,0,0,0,0,0,1,64,67,96,100,91,167.04,26,18,-25,-988,-1,0,0,0,0,0,-25,0,"keyboard-worker","OK",1783218826470,27915,417
415,1783218826563,30180,28008,0,0,0,0,0,1,64,67,95,100,91,166.97,26,-27,8,-999,-1,0,0,0,0,0,-25,0,"keyboard-worker","OK",1783218826520,27965,418
416,1783218826660,30277,28105,0,0,0,0,0,1,64,67,94,100,91,167.02,26,2,-8,-1015,-1,0,0,0,0,0,-25,0,"keyboard-worker","OK",1783218826620,28065,420
417,1783218826756,30373,28201,0,1,0,0,0,1,65,67,93,100,91,167.08,26,9,-3,-988,-1,0,0,0,0,0,-25,0,"keyboard-worker","OK",1783218826721,28166,422
418,1783218826852,30469,28297,0,0,0,0,0,1,65,67,91,100,91,167.19,26,-6,-5,-974,-1,0,0,0,0,0,-25,0,"keyboard-worker","OK",1783218826821,28266,424
419,1783218826949,30566,28394,0,0,0,0,0,1,65,67,90,100,91,167.09,26,-8,-7,-982,-1,0,0,0,0,0,-25,0,"keyboard-worker","OK",1783218826921,28366,426
420,1783218827046,30663,28491,0,0,0,0,0,1,65,67,90,90,91,166.89,26,3,-9,-1028,-1,0,0,0,0,0,-25,0,"keyboard-worker","OK",1783218827021,28466,428
421,1783218827143,30760,28588,0,0,0,0,0,1,65,67,89,90,91,167.09,26,29,-37,-994,-1,0,0,0,0,0,-25,0,"keyboard-worker","OK",1783218827121,28566,430
422,1783218827239,30856,28684,0,0,0,0,0,1,65,67,88,90,91,166.95,26,5,-9,-984,-1,0,0,0,0,0,-25,0,"keyboard-worker","OK",1783218827221,28666,432
423,1783218827336,30953,28781,0,1,0,0,0,1,65,67,87,90,91,167.09,27,18,-26,-988,-1,0,0,0,0,0,-25,0,"keyboard-worker","OK",1783218827321,28766,434
424,1783218827432,31049,28877,0,1,0,0,0,1,65,67,86,90,91,166.84,27,-22,-6,-990,-1,0,0,0,0,0,-25,0,"keyboard-worker","OK",1783218827422,28867,436
425,1783218827529,31146,28974,0,0,0,0,0,1,65,67,85,90,91,167.01,27,-20,18,-993,-1,0,0,0,0,0,-25,0,"keyboard-worker","OK",1783218827522,28967,438
426,1783218827626,31243,29071,0,1,0,0,0,1,65,67,83,90,91,166.48,27,-9,3,-974,-1,0,0,0,0,0,-25,0,"keyboard-worker","OK",1783218827622,29067,440
427,1783218827722,31339,29168,0,1,0,0,0,1,65,67,82,90,91,166.82,27,-19,5,-995,-1,0,0,0,0,0,-25,0,"keyboard-worker","OK",1783218827722,29167,442
428,1783218827818,31435,29263,0,1,0,0,0,1,65,67,81,90,90,166.85,27,-2,-7,-987,-1,0,0,0,0,0,-25,0,"keyboard-worker","OK",1783218827772,29217,443
429,1783218827911,31528,29356,0,1,0,0,0,1,65,67,80,80,90,166.68,27,8,-8,-977,-1,0,0,0,0,0,-25,0,"keyboard-worker","OK",1783218827872,29317,445
430,1783218828003,31620,29448,0,1,0,0,0,1,65,67,78,80,90,166.89,27,12,-5,-990,-1,0,0,0,0,0,-25,0,"keyboard-worker","OK",1783218827972,29417,447
431,1783218828096,31713,29541,0,1,0,0,0,1,65,67,77,80,90,166.81,27,15,-22,-998,-1,0,0,0,0,0,0,0,"keyboard-worker","OK",1783218828073,29518,449
432,1783218828188,31805,29633,0,1,0,0,0,1,65,67,76,80,90,166.66,27,12,-7,-1042,-1,0,0,0,0,0,25,0,"keyboard-worker","OK",1783218828173,29618,451
433,1783218828280,31897,29725,0,1,0,0,0,0,65,67,76,80,90,166.94,28,20,-2,-1024,-1,0,0,0,0,0,25,0,"keyboard-worker","OK",1783218828273,29718,453
434,1783218828373,31990,29818,0,1,0,0,0,0,65,67,76,80,90,166.81,28,-30,2,-1046,-1,0,0,0,0,0,25,0,"keyboard-worker","OK",1783218828373,29818,455
435,1783218828465,32082,29910,0,0,0,0,0,0,65,67,76,80,90,167,28,-13,11,-1045,-1,0,0,0,0,0,25,0,"keyboard-worker","OK",1783218828423,29868,456
436,1783218828558,32175,30003,0,0,0,0,0,0,65,67,77,80,90,166.98,28,16,-4,-1037,-1,0,0,0,0,0,25,0,"keyboard-worker","OK",1783218828523,29968,458
437,1783218828650,32267,30095,0,0,0,0,0,-1,65,67,78,80,90,166.81,28,-6,-1,-1005,-1,0,0,0,0,0,25,0,"keyboard-worker","OK",1783218828623,30068,460
438,1783218828743,32360,30188,0,0,0,0,0,-1,65,67,79,80,90,166.82,28,-5,-5,-1041,-1,0,0,0,0,0,25,0,"keyboard-worker","OK",1783218828723,30168,462
439,1783218828835,32452,30280,0,0,0,0,0,-1,65,67,80,90,90,166.63,28,-28,-5,-988,-1,0,0,0,0,0,25,0,"keyboard-worker","OK",1783218828823,30269,464
440,1783218828927,32544,30373,0,0,0,0,0,-1,65,67,82,90,90,166.78,28,-8,-5,-1016,-1,0,0,0,0,0,25,0,"keyboard-worker","OK",1783218828924,30369,466
441,1783218829020,32637,30465,0,0,0,0,0,-1,65,67,84,90,90,166.56,28,25,-19,-975,-1,0,0,0,0,0,25,0,"keyboard-worker","OK",1783218828974,30419,467
442,1783218829112,32729,30557,0,1,0,0,0,-1,65,67,85,90,90,166.78,28,22,-22,-1004,-1,0,0,0,0,0,25,0,"keyboard-worker","OK",1783218829074,30519,469
443,1783218829205,32822,30650,0,0,0,0,0,-1,65,67,87,90,90,167.16,29,-4,14,-1031,-1,0,0,0,0,0,25,0,"keyboard-worker","OK",1783218829174,30619,471
444,1783218829298,32915,30743,1,0,0,0,0,-1,65,67,88,90,90,166.62,29,1,4,-994,-1,0,0,0,0,0,25,0,"keyboard-worker","OK",1783218829274,30719,473
445,1783218829390,33007,30835,0,0,0,0,0,-1,65,67,90,90,90,166.94,29,-1,-8,-994,-1,0,0,0,0,0,25,0,"keyboard-worker","OK",1783218829374,30819,475
446,1783218829482,33099,30927,1,0,0,0,0,-1,65,67,91,100,90,166.86,29,18,-5,-993,-1,0,0,0,0,0,25,0,"keyboard-worker","OK",1783218829474,30919,477
447,1783218829575,33192,31020,0,0,0,0,0,-1,65,67,93,100,90,166.8,29,12,-7,-992,-1,0,0,0,0,0,25,0,"keyboard-worker","OK",1783218829575,31020,479
448,1783218829667,33284,31112,0,0,0,0,0,-1,65,67,94,100,89,166.86,29,-16,1,-989,-1,0,0,0,0,0,25,0,"keyboard-worker","OK",1783218829625,31070,480
449,1783218829760,33377,31205,0,0,0,0,0,-1,65,67,95,100,89,166.82,29,15,-13,-1008,-1,0,0,0,0,0,25,0,"keyboard-worker","OK",1783218829725,31170,482
450,1783218829852,33469,31297,0,0,0,0,0,-1,65,67,97,100,89,166.97,29,-11,8,-1003,-1,0,0,0,0,0,25,0,"keyboard-worker","OK",1783218829825,31270,484
451,1783218829945,33562,31390,0,1,0,0,0,-1,65,67,98,100,89,166.96,29,-11,10,-1000,-1,0,0,0,0,0,25,0,"keyboard-worker","OK",1783218829925,31370,486
452,1783218830037,33654,31482,0,0,0,0,0,-1,65,67,99,100,89,166.91,29,10,-14,-1002,-1,0,0,0,0,0,25,0,"keyboard-worker","OK",1783218830025,31470,488
453,1783218830083,33700,31528,0,1,0,0,0,-1,65,67,100,110,89,166.96,30,6,-2,-982,-1,0,0,0,0,0,25,0,"keyboard-worker","OK",1783218830075,31520,489
454,1783218830176,33793,31621,0,1,0,0,0,-1,65,67,102,110,89,166.96,30,14,-18,-988,-1,0,0,0,0,0,25,0,"keyboard-worker","OK",1783218830175,31620,491
455,1783218830268,33885,31713,0,1,0,0,0,-1,65,67,104,110,89,166.93,30,-9,-7,-1016,-1,0,0,0,0,0,25,0,"keyboard-worker","OK",1783218830225,31670,492
456,1783218830362,33979,31807,1,1,0,0,0,-1,65,67,105,110,89,166.84,30,-9,19,-1025,-1,0,0,0,0,0,25,0,"keyboard-worker","OK",1783218830326,31771,494
457,1783218830453,34070,31898,0,1,0,0,0,-1,65,68,106,110,89,167.04,30,13,-20,-998,-1,0,0,0,0,0,25,0,"keyboard-worker","OK",1783218830426,31871,496
458,1783218830545,34162,31990,0,0,0,0,0,-1,65,68,107,110,89,166.92,30,8,-15,-991,-1,0,0,0,0,0,25,0,"keyboard-worker","OK",1783218830526,31971,498
459,1783218830639,34256,32084,0,0,0,0,0,-1,65,68,108,110,89,166.81,30,39,-28,-986,-1,0,0,0,0,0,25,0,"keyboard-worker","OK",1783218830626,32071,500
460,1783218830730,34347,32175,0,0,0,0,0,-1,65,68,109,110,89,167,30,1,-10,-992,-1,0,0,0,0,0,25,0,"keyboard-worker","OK",1783218830726,32171,502
461,1783218830823,34440,32268,0,0,0,0,0,-1,65,68,111,120,89,167.19,30,6,-16,-990,-1,0,0,0,0,0,25,0,"keyboard-worker","OK",1783218830776,32221,503
462,1783218830915,34532,32360,0,0,0,0,0,-1,65,68,112,120,89,166.96,30,3,0,-1007,-1,0,0,0,0,0,25,0,"keyboard-worker","OK",1783218830876,32321,505
463,1783218831106,34723,32551,0,0,0,0,0,-1,65,68,114,120,89,167.13,31,15,-5,-1006,-1,0,0,0,0,0,25,0,"keyboard-worker","OK",1783218831076,32522,509
464,1783218831193,34810,32638,0,0,0,0,0,-1,65,68,115,120,89,166.92,31,11,-19,-975,-1,0,0,0,0,0,25,0,"keyboard-worker","OK",1783218831177,32622,511
465,1783218831285,34902,32730,0,0,0,0,0,-1,65,68,117,120,89,166.95,31,-3,-3,-1004,-1,0,0,0,0,0,25,0,"keyboard-worker","OK",1783218831277,32722,513
466,1783218831377,34994,32822,0,0,0,0,0,-1,66,68,118,120,88,167.16,31,-1,5,-976,-1,0,0,0,0,0,25,0,"keyboard-worker","OK",1783218831377,32822,515
467,1783218831470,35087,32915,0,0,0,0,0,-1,66,68,119,120,88,167.02,31,25,-35,-1008,-1,0,0,0,0,0,25,0,"keyboard-worker","OK",1783218831427,32872,516
468,1783218831625,35242,33071,0,0,0,0,0,-1,66,68,121,130,88,167.15,31,-31,18,-998,-1,0,0,0,0,0,25,0,"keyboard-worker","OK",1783218831577,33022,519
469,1783218831655,35272,33100,0,0,0,0,0,-1,66,68,122,130,88,167.04,31,20,-17,-1002,-1,0,0,0,0,0,25,0,"keyboard-worker","OK",1783218831627,33072,520
470,1783218831747,35364,33192,0,0,0,0,0,-1,66,68,124,130,88,167.15,31,-6,10,-971,-1,0,0,0,0,0,25,0,"keyboard-worker","OK",1783218831727,33172,522
471,1783218831840,35457,33285,0,0,0,0,0,-1,66,68,125,130,88,167.32,31,-21,4,-969,-1,0,0,0,0,0,25,0,"keyboard-worker","OK",1783218831827,33272,524
472,1783218831932,35549,33377,0,0,0,0,0,-1,66,68,127,130,88,167.15,32,24,-25,-1005,-1,0,0,0,0,0,25,0,"keyboard-worker","OK",1783218831928,33373,526
473,1783218832026,35643,33471,0,0,0,0,0,-1,66,68,128,130,88,167.27,32,13,-20,-999,-1,0,0,0,0,0,25,0,"keyboard-worker","OK",1783218831978,33423,527
474,1783218832137,35754,33582,0,0,0,0,0,-1,66,68,130,130,88,166.82,32,1,20,-1046,-1,0,0,0,0,0,25,0,"keyboard-worker","OK",1783218832128,33573,530
475,1783218832210,35827,33655,0,0,0,0,0,-1,66,68,132,140,88,167.05,32,11,-8,-990,-1,0,0,0,0,0,25,0,"keyboard-worker","OK",1783218832178,33623,531
476,1783218832305,35922,33750,1,0,0,0,0,-1,65,67,133,140,88,167.23,32,43,-34,-1009,-1,0,0,0,0,0,25,0,"keyboard-worker","OK",1783218832278,33723,533
477,1783218832397,36014,33842,0,0,0,0,0,-1,65,67,135,140,88,167.11,32,-15,16,-1034,-1,0,0,0,0,0,25,0,"keyboard-worker","OK",1783218832378,33823,535
478,1783218832487,36104,33932,1,0,0,0,0,-1,65,67,137,140,88,167.27,32,-5,20,-984,-1,0,0,0,0,0,25,0,"keyboard-worker","OK",1783218832478,33923,537
479,1783218832693,36310,34138,0,0,0,0,0,-1,65,67,140,140,88,167.25,32,5,1,-996,-1,0,0,0,0,0,25,0,"keyboard-worker","OK",1783218832678,34123,541
480,1783218832764,36381,34209,1,0,0,0,0,-1,65,67,142,150,88,167.39,32,-4,0,-980,-1,0,0,0,0,0,25,0,"keyboard-worker","OK",1783218832728,34174,542
481,1783218832857,36474,34302,0,0,0,0,0,-1,65,67,143,150,88,167.42,33,10,-16,-978,-1,0,0,0,0,0,25,0,"keyboard-worker","OK",1783218832829,34274,544
482,1783218832949,36566,34394,0,0,0,0,0,-1,65,67,145,150,88,167.02,33,28,-12,-981,-1,0,0,0,0,0,25,0,"keyboard-worker","OK",1783218832929,34374,546
483,1783218833043,36660,34488,0,0,0,0,0,-1,65,67,147,150,88,167.22,33,23,-2,-1003,-1,0,0,0,0,0,25,0,"keyboard-worker","OK",1783218833029,34474,548
484,1783218833134,36751,34579,0,0,0,0,0,-1,65,67,148,150,88,167.39,33,-4,21,-1002,-1,0,0,0,0,0,25,0,"keyboard-worker","OK",1783218833129,34574,550
485,1783218833226,36843,34672,0,0,0,0,0,-1,66,68,149,150,87,167.61,33,-4,4,-993,-1,0,0,0,0,0,25,0,"keyboard-worker","OK",1783218833179,34624,551
486,1783218833319,36936,34764,0,0,0,0,0,-1,66,68,152,150,87,167.43,33,-17,10,-975,-1,0,0,0,0,0,25,0,"keyboard-worker","OK",1783218833279,34724,553
487,1783218833412,37029,34857,0,0,0,0,0,-1,66,68,153,160,87,167.45,33,14,8,-1012,-1,0,0,0,0,0,0,0,"keyboard-worker","OK",1783218833379,34824,555
488,1783218833504,37121,34949,0,0,0,0,0,-1,66,68,155,160,87,167.57,33,16,-7,-966,-1,0,0,0,0,0,0,0,"keyboard-worker","OK",1783218833479,34924,557
489,1783218833597,37214,35042,0,0,0,0,0,-1,66,68,157,160,87,167.55,33,-1,-11,-938,-1,0,0,0,0,0,-25,0,"keyboard-worker","OK",1783218833580,35025,559
490,1783218833689,37306,35134,0,0,0,0,0,0,66,68,158,160,87,167.47,33,-14,1,-956,-1,0,0,0,0,0,-25,0,"keyboard-worker","OK",1783218833680,35125,561
491,1783218833782,37399,35227,1,0,0,0,0,0,66,68,160,160,87,167.07,34,7,-12,-938,-1,0,0,0,0,0,-25,0,"keyboard-worker","OK",1783218833780,35225,563
492,1783218833874,37491,35319,1,0,0,0,0,0,66,68,160,160,87,167.58,34,12,-15,-955,-1,0,0,0,0,0,-25,0,"keyboard-worker","OK",1783218833830,35275,564
493,1783218833920,37537,35365,0,0,0,0,0,0,66,68,160,160,87,167.5,34,-5,-8,-921,-1,0,0,0,0,0,-25,0,"keyboard-worker","OK",1783218833880,35325,565
494,1783218834014,37631,35459,0,0,0,0,0,0,66,68,159,160,87,167.36,34,24,-2,-962,-1,0,0,0,0,0,-25,0,"keyboard-worker","OK",1783218833980,35425,567
495,1783218834105,37722,35550,0,0,0,0,0,1,65,69,158,160,87,167.49,34,-31,28,-982,-1,0,0,0,0,0,-25,0,"keyboard-worker","OK",1783218834080,35525,569
496,1783218834198,37815,35643,0,0,0,0,0,1,65,69,158,160,87,167.4,34,0,-2,-981,-1,0,0,0,0,0,-25,0,"keyboard-worker","OK",1783218834180,35625,571
497,1783218834291,37908,35736,0,0,0,0,0,1,65,69,157,160,87,167.24,34,-16,17,-1003,-1,0,0,0,0,0,-25,0,"keyboard-worker","OK",1783218834280,35726,573
498,1783218834383,38000,35828,0,0,0,0,0,1,65,69,156,160,87,167.34,34,-1,12,-991,-1,0,0,0,0,0,-25,0,"keyboard-worker","OK",1783218834381,35826,575
499,1783218834476,38093,35921,0,0,0,0,0,1,65,69,155,160,87,167.53,34,-7,6,-1016,-1,0,0,0,0,0,-25,0,"keyboard-worker","OK",1783218834431,35876,576
500,1783218834571,38188,36016,0,0,0,0,0,1,65,69,154,160,87,167.26,34,0,2,-982,-1,0,0,0,0,0,-25,0,"keyboard-worker","OK",1783218834531,35976,578
501,1783218834666,38283,36111,0,0,0,0,0,1,65,69,152,160,87,167.68,35,-16,8,-992,-1,0,0,0,0,0,-25,0,"keyboard-worker","OK",1783218834631,36076,580
502,1783218834756,38373,36201,0,0,0,0,0,1,65,69,152,160,87,167.38,35,13,12,-1015,-1,0,0,0,0,0,-25,0,"keyboard-worker","OK",1783218834731,36176,582
503,1783218834851,38468,36296,0,0,0,0,0,1,65,69,151,160,87,167.33,35,-9,26,-1034,-1,0,0,0,0,0,-25,0,"keyboard-worker","OK",1783218834831,36276,584
504,1783218834937,38554,36382,0,0,0,0,0,1,65,69,149,160,87,167.26,35,16,6,-985,-1,0,0,0,0,0,-25,0,"keyboard-worker","OK",1783218834931,36376,586
505,1783218835029,38646,36474,0,0,0,0,0,1,66,69,148,150,86,167.36,35,-2,12,-986,-1,0,0,0,0,0,-25,0,"keyboard-worker","OK",1783218834981,36426,587
506,1783218835122,38739,36567,0,0,0,0,0,1,66,69,147,150,86,167.31,35,18,-1,-979,-1,0,0,0,0,0,-25,0,"keyboard-worker","OK",1783218835082,36527,589
507,1783218835214,38831,36659,1,0,0,0,0,1,66,69,145,150,86,167.3,35,-4,8,-1033,-1,0,0,0,0,0,-25,0,"keyboard-worker","OK",1783218835182,36627,591
508,1783218835307,38924,36752,1,0,0,0,0,1,66,69,144,150,86,167.46,35,-2,6,-1044,-1,0,0,0,0,0,-25,0,"keyboard-worker","OK",1783218835282,36727,593
509,1783218835399,39016,36844,0,0,0,0,0,1,66,69,143,150,86,167.05,35,20,-7,-976,-1,0,0,0,0,0,-25,0,"keyboard-worker","OK",1783218835382,36827,595
510,1783218835495,39112,36940,0,0,0,0,0,1,66,69,142,150,86,167.46,35,-6,7,-993,-1,0,0,0,0,0,-25,0,"keyboard-worker","OK",1783218835482,36927,597
511,1783218835590,39207,37035,0,0,0,0,0,1,66,69,141,150,86,167.23,36,13,2,-1012,-1,0,0,0,0,0,-25,0,"keyboard-worker","OK",1783218835582,37027,599
512,1783218835686,39303,37131,0,0,0,0,0,1,66,69,140,150,86,167.24,36,11,6,-976,-1,0,0,0,0,0,-25,0,"keyboard-worker","OK",1783218835682,37128,601
513,1783218835783,39400,37228,0,0,0,0,0,1,66,69,139,150,86,167.24,36,2,5,-1003,-1,0,0,0,0,0,-25,0,"keyboard-worker","OK",1783218835783,37228,603
514,1783218835877,39494,37322,0,0,0,0,0,1,66,69,138,140,86,167.27,36,8,8,-1015,-1,0,0,0,0,0,-25,0,"keyboard-worker","OK",1783218835833,37278,604
515,1783218835974,39591,37419,0,0,0,0,0,1,67,68,136,140,86,167.22,36,12,-7,-956,-1,0,0,0,0,0,-25,0,"keyboard-worker","OK",1783218835933,37378,606
516,1783218836067,39684,37512,0,0,0,0,0,1,67,68,135,140,86,167.21,36,2,13,-1046,-1,0,0,0,0,0,-25,0,"keyboard-worker","OK",1783218836033,37478,608
517,1783218836158,39775,37603,0,0,0,0,0,1,67,68,135,140,86,167.36,36,14,-13,-1006,-1,0,0,0,0,0,-25,0,"keyboard-worker","OK",1783218836133,37578,610
518,1783218836252,39869,37697,0,0,0,0,0,1,67,68,133,140,86,167.12,36,-4,21,-1007,-1,0,0,0,0,0,-25,0,"keyboard-worker","OK",1783218836233,37678,612
519,1783218836345,39962,37790,0,0,0,0,0,1,67,68,132,140,86,167.16,36,12,-1,-999,-1,0,0,0,0,0,-25,0,"keyboard-worker","OK",1783218836333,37779,614
520,1783218836440,40057,37885,0,0,0,0,0,1,67,68,132,140,86,167.17,36,26,-2,-968,-1,0,0,0,0,0,-25,0,"keyboard-worker","OK",1783218836434,37879,616
521,1783218836533,40150,37978,0,0,0,0,0,1,67,68,130,140,86,167.46,37,13,0,-944,-1,0,0,0,0,0,-25,0,"keyboard-worker","OK",1783218836484,37929,617
522,1783218836626,40243,38071,0,0,0,0,0,1,67,68,129,140,86,167.32,37,12,7,-999,-1,0,0,0,0,0,-25,0,"keyboard-worker","OK",1783218836584,38029,619
523,1783218836720,40337,38165,0,0,0,0,0,1,67,68,128,130,86,166.89,37,-1,12,-976,-1,0,0,0,0,0,-25,0,"keyboard-worker","OK",1783218836684,38129,621
524,1783218836814,40431,38259,0,0,0,0,0,1,67,68,127,130,86,166.97,37,-3,6,-994,-1,0,0,0,0,0,-25,0,"keyboard-worker","OK",1783218836784,38229,623
525,1783218836908,40525,38353,0,0,0,0,0,1,66,69,127,130,85,167.33,37,8,4,-975,-1,0,0,0,0,0,-25,0,"keyboard-worker","OK",1783218836884,38330,625
526,1783218837001,40618,38446,0,0,0,0,0,1,66,69,125,130,85,167.19,37,14,0,-964,-1,0,0,0,0,0,-25,0,"keyboard-worker","OK",1783218836985,38430,627
527,1783218837095,40712,38540,0,0,0,0,0,1,66,69,124,130,85,166.8,37,-8,9,-1032,-1,0,0,0,0,0,-25,0,"keyboard-worker","OK",1783218837085,38530,629
528,1783218837203,40820,38648,0,0,0,0,0,1,66,69,122,130,85,167.22,37,4,33,-1001,-1,0,0,0,0,0,-25,0,"keyboard-worker","OK",1783218837185,38630,631
529,1783218837283,40900,38728,0,0,0,0,0,1,66,69,122,130,85,166.96,37,-6,2,-1030,-1,0,0,0,0,0,-25,0,"keyboard-worker","OK",1783218837235,38680,632
530,1783218837330,40947,38775,0,0,0,0,0,1,66,69,120,130,85,166.99,37,30,-21,-974,-1,0,0,0,0,0,-25,0,"keyboard-worker","OK",1783218837285,38730,633
531,1783218837423,41040,38868,0,0,0,0,0,1,66,69,119,130,85,167.11,38,16,1,-981,-1,0,0,0,0,0,-25,0,"keyboard-worker","OK",1783218837385,38830,635
532,1783218837517,41134,38962,0,0,0,0,0,1,66,69,117,120,85,167.32,38,-16,21,-1042,-1,0,0,0,0,0,-25,0,"keyboard-worker","OK",1783218837485,38930,637
533,1783218837611,41228,39056,0,0,0,0,0,1,66,69,116,120,85,166.88,38,-14,11,-1011,-1,0,0,0,0,0,-25,0,"keyboard-worker","OK",1783218837586,39031,639
534,1783218837704,41321,39149,0,0,0,0,0,1,66,69,114,120,85,166.94,38,5,4,-991,-1,0,0,0,0,0,-25,0,"keyboard-worker","OK",1783218837686,39131,641
535,1783218837845,41462,39290,0,0,0,0,0,1,66,70,113,120,85,166.94,38,-5,21,-981,-1,0,0,0,0,0,-25,0,"keyboard-worker","OK",1783218837836,39281,644
536,1783218837891,41508,39337,0,0,0,0,0,1,66,70,112,120,85,167.15,38,26,-11,-958,-1,0,0,0,0,0,-25,0,"keyboard-worker","OK",1783218837886,39331,645
537,1783218837995,41612,39440,0,0,0,0,0,1,66,70,111,120,85,166.94,38,-13,26,-1024,-1,0,0,0,0,0,-25,0,"keyboard-worker","OK",1783218837986,39431,647
538,1783218838080,41697,39525,0,0,0,0,0,1,66,70,110,120,85,167.22,38,7,12,-988,-1,0,0,0,0,0,-25,0,"keyboard-worker","OK",1783218838036,39481,648
539,1783218838173,41790,39618,0,0,0,0,0,1,66,70,108,110,85,166.73,38,-10,24,-1034,-1,0,0,0,0,0,-25,0,"keyboard-worker","OK",1783218838137,39582,650
540,1783218838267,41884,39712,0,0,0,0,0,1,66,70,107,110,85,166.87,39,-27,33,-1008,-1,0,0,0,0,0,-25,0,"keyboard-worker","OK",1783218838237,39682,652
541,1783218838395,42012,39840,0,0,0,0,0,1,66,70,106,110,85,167,39,14,1,-980,-1,0,0,0,0,0,-25,0,"keyboard-worker","OK",1783218838387,39832,655
542,1783218838454,42071,39899,0,0,0,0,0,1,66,70,104,110,85,167.25,39,6,7,-1011,-1,0,0,0,0,0,-25,0,"keyboard-worker","OK",1783218838437,39882,656
543,1783218838548,42165,39993,0,0,0,0,0,1,66,70,103,110,85,166.81,39,-2,11,-1027,-1,0,0,0,0,0,-25,0,"keyboard-worker","OK",1783218838537,39982,658
544,1783218838642,42259,40087,0,0,0,0,0,1,66,70,102,110,85,167,39,19,-19,-1017,-1,0,0,0,0,0,-25,0,"keyboard-worker","OK",1783218838637,40082,660
545,1783218838735,42352,40180,0,0,0,0,0,1,67,70,100,110,84,167.1,39,-36,12,-1007,-1,0,0,0,0,0,-25,0,"keyboard-worker","OK",1783218838687,40132,661
546,1783218838829,42446,40274,0,0,0,0,0,1,67,70,99,110,84,167.11,39,57,-37,-980,-1,0,0,0,0,0,-25,0,"keyboard-worker","OK",1783218838788,40233,663
547,1783218838923,42540,40368,0,0,0,0,0,1,67,70,98,100,84,166.74,39,-23,35,-992,-1,0,0,0,0,0,-25,0,"keyboard-worker","OK",1783218838888,40333,665
548,1783218839018,42635,40463,0,0,0,0,0,1,67,70,96,100,84,166.84,39,24,-4,-1019,-1,0,0,0,0,0,-25,0,"keyboard-worker","OK",1783218838988,40433,667
549,1783218839110,42727,40555,0,0,0,0,0,1,67,70,94,100,84,166.76,39,15,-3,-1012,-1,0,0,0,0,0,-25,0,"keyboard-worker","OK",1783218839088,40533,669
550,1783218839203,42820,40649,0,0,0,0,0,1,67,70,93,100,84,166.95,40,7,0,-1006,-1,0,0,0,0,0,-25,0,"keyboard-worker","OK",1783218839188,40633,671
551,1783218839297,42914,40742,0,0,0,0,0,1,67,70,92,100,84,166.74,40,-20,13,-1023,-1,0,0,0,0,0,-25,0,"keyboard-worker","OK",1783218839288,40733,673
552,1783218839391,43008,40836,0,0,0,0,0,1,67,70,90,100,84,166.97,40,-19,11,-1007,-1,0,0,0,0,0,-25,0,"keyboard-worker","OK",1783218839389,40834,675
553,1783218839484,43101,40930,0,0,0,0,0,1,67,70,89,90,84,167.09,40,-2,2,-1006,-1,0,0,0,0,0,-25,0,"keyboard-worker","OK",1783218839439,40884,676
554,1783218839578,43195,41023,0,0,0,0,0,1,67,70,88,90,84,166.95,40,20,2,-1013,-1,0,0,0,0,0,-25,0,"keyboard-worker","OK",1783218839539,40984,678
555,1783218839672,43289,41117,0,0,0,0,0,1,68,69,85,90,84,166.77,40,21,1,-1012,-1,0,0,0,0,0,-25,0,"keyboard-worker","OK",1783218839639,41084,680
556,1783218839765,43382,41210,0,0,0,0,0,1,68,69,85,90,84,166.86,40,0,2,-993,-1,0,0,0,0,0,-25,0,"keyboard-worker","OK",1783218839739,41184,682
557,1783218839860,43477,41305,0,0,0,0,0,1,68,69,84,90,84,166.72,40,23,-8,-1008,-1,0,0,0,0,0,-25,0,"keyboard-worker","OK",1783218839839,41284,684
558,1783218839953,43570,41398,0,0,0,0,0,1,68,69,82,90,84,166.73,40,17,-10,-978,-1,0,0,0,0,0,-25,0,"keyboard-worker","OK",1783218839939,41384,686
559,1783218840046,43663,41491,0,0,0,0,0,1,68,69,82,90,84,166.58,40,17,-15,-985,-1,0,0,0,0,0,-25,0,"keyboard-worker","OK",1783218840040,41485,688
560,1783218840140,43757,41585,0,0,0,0,0,1,68,69,80,90,84,166.8,41,15,2,-996,-1,0,0,0,0,0,-25,0,"keyboard-worker","OK",1783218840140,41585,690
561,1783218840234,43851,41679,0,0,0,0,0,1,68,69,80,90,84,166.59,41,24,-14,-1004,-1,0,0,0,0,0,-25,0,"keyboard-worker","OK",1783218840190,41635,691
562,1783218840328,43945,41773,0,0,0,0,0,1,68,69,79,80,84,166.56,41,22,-9,-997,-1,0,0,0,0,0,-25,0,"keyboard-worker","OK",1783218840290,41735,693
563,1783218840421,44038,41866,0,0,0,0,0,1,68,69,78,80,84,166.39,41,-2,12,-984,-1,0,0,0,0,0,-25,0,"keyboard-worker","OK",1783218840390,41835,695
564,1783218840515,44132,41960,0,0,0,0,0,1,68,69,76,80,84,166.8,41,2,-8,-994,-1,0,0,0,0,0,-25,0,"keyboard-worker","OK",1783218840490,41935,697
565,1783218840610,44227,42055,0,0,0,0,0,1,67,71,76,80,83,166.41,41,24,-19,-1000,-1,0,0,0,0,0,-25,0,"keyboard-worker","OK",1783218840590,42035,699
566,1783218840702,44319,42147,0,0,0,0,0,1,67,71,75,80,83,166.4,41,-24,18,-1032,-1,0,0,0,0,0,-25,0,"keyboard-worker","OK",1783218840690,42136,701
567,1783218840796,44413,42241,0,1,0,0,0,1,67,71,74,80,83,166.72,41,0,11,-1006,-1,0,0,0,0,0,-25,0,"keyboard-worker","OK",1783218840791,42236,703
568,1783218840889,44506,42334,0,0,0,0,0,1,67,71,72,80,83,166.37,41,-17,1,-1004,-1,0,0,0,0,0,-25,0,"keyboard-worker","OK",1783218840841,42286,704
569,1783218840983,44600,42428,0,0,0,0,0,1,67,71,71,80,83,166.61,41,-6,-11,-986,-1,0,0,0,0,0,-25,0,"keyboard-worker","OK",1783218840941,42386,706
570,1783218841076,44693,42522,0,0,0,0,0,1,67,71,70,80,83,166.53,42,16,-9,-1000,-1,0,0,0,0,0,-25,0,"keyboard-worker","OK",1783218841041,42486,708
571,1783218841170,44787,42615,0,0,0,0,0,1,67,71,69,70,83,166.54,42,-3,12,-999,-1,0,0,0,0,0,0,0,"keyboard-worker","OK",1783218841141,42586,710
572,1783218841264,44881,42709,0,0,0,0,0,1,67,71,68,70,83,166.43,42,-4,-7,-1054,-1,0,0,0,0,0,25,0,"keyboard-worker","OK",1783218841241,42686,712
573,1783218841311,44928,42756,0,0,0,0,0,0,67,71,67,70,83,166.53,42,0,0,-1014,-1,0,0,0,0,0,25,0,"keyboard-worker","OK",1783218841291,42736,713
574,1783218841404,45021,42849,0,0,0,0,0,0,67,71,67,70,83,166.48,42,-14,18,-1055,-1,0,0,0,0,0,25,0,"keyboard-worker","OK",1783218841392,42837,715
575,1783218841545,45162,42990,0,0,0,0,0,0,67,70,67,70,83,166.47,42,9,-12,-1043,-1,0,0,0,0,0,25,0,"keyboard-worker","OK",1783218841542,42987,718
576,1783218841591,45208,43037,0,0,0,0,0,0,67,70,67,70,83,166.33,42,-10,0,-1059,-1,0,0,0,0,0,25,0,"keyboard-worker","OK",1783218841542,42987,718
577,1783218841685,45302,43130,0,0,0,0,0,0,67,70,68,70,83,166.42,42,-7,3,-993,-1,0,0,0,0,0,25,0,"keyboard-worker","OK",1783218841642,43087,720
578,1783218841779,45396,43224,0,1,0,0,0,-1,67,70,68,70,83,166.62,42,-10,8,-1044,-1,0,0,0,0,0,25,0,"keyboard-worker","OK",1783218841742,43187,722
579,1783218841872,45489,43318,0,0,0,0,0,-1,67,70,69,70,83,166.64,42,-4,-2,-1008,-1,0,0,0,0,0,25,0,"keyboard-worker","OK",1783218841842,43287,724
580,1783218841967,45584,43412,0,0,0,0,0,-1,67,70,71,80,83,166.71,43,-5,-18,-988,-1,0,0,0,0,0,25,0,"keyboard-worker","OK",1783218841942,43387,726
581,1783218842061,45678,43506,0,0,0,0,0,-1,67,70,71,80,83,166.66,43,12,-3,-1027,-1,0,0,0,25,0,25,0,"keyboard-worker","OK",1783218842043,43488,728
582,1783218842153,45770,43598,0,0,0,0,0,-1,67,70,73,80,83,166.42,43,-16,0,-996,-1,0,0,0,25,0,25,0,"keyboard-worker","OK",1783218842143,43588,730
583,1783218842247,45864,43692,0,1,0,0,0,-1,67,70,74,80,83,166.29,43,7,-11,-1008,-1,0,0,0,25,0,25,0,"keyboard-worker","OK",1783218842243,43688,732
584,1783218842341,45958,43786,0,1,0,0,0,-1,67,70,75,80,83,166.46,43,-14,18,-1016,-1,0,0,0,25,0,25,0,"keyboard-worker","OK",1783218842293,43738,733
585,1783218842434,46051,43879,0,1,0,0,0,-1,67,70,76,80,82,166.4,43,-20,-1,-975,-1,0,0,0,25,0,25,0,"keyboard-worker","OK",1783218842393,43838,735
586,1783218842531,46148,43976,0,2,0,0,0,-1,67,70,78,80,82,166.69,43,-18,-4,-986,-1,0,0,0,25,0,25,0,"keyboard-worker","OK",1783218842493,43938,737
587,1783218842622,46239,44067,0,2,0,0,1,-1,67,70,79,80,82,166.75,43,-20,-8,-983,-1,0,0,0,0,0,25,0,"keyboard-worker","OK",1783218842593,44038,739
588,1783218842715,46332,44160,0,1,0,0,1,-1,67,70,80,90,82,166.55,43,-17,-2,-1019,-1,0,0,0,0,0,25,0,"keyboard-worker","OK",1783218842694,44139,741
589,1783218842809,46426,44254,0,0,0,0,1,-1,67,70,81,90,82,166.99,43,-34,8,-996,-1,0,0,0,0,0,25,0,"keyboard-worker","OK",1783218842794,44239,743
590,1783218842903,46520,44348,0,0,0,0,1,-1,67,70,83,90,82,166.48,44,-44,39,-1046,-1,0,0,0,0,0,25,0,"keyboard-worker","OK",1783218842894,44339,745
591,1783218842996,46613,44441,0,0,0,0,1,-1,67,70,85,90,82,166.51,44,1,7,-1026,-1,0,0,0,0,0,25,0,"keyboard-worker","OK",1783218842994,44439,747
592,1783218843090,46707,44535,0,0,0,0,1,-1,67,70,86,90,82,166.5,44,-7,0,-999,-1,0,0,0,0,0,25,0,"keyboard-worker","OK",1783218843044,44489,748
593,1783218843183,46800,44629,0,0,0,0,0,-1,67,70,87,90,82,166.65,44,-6,6,-968,-1,0,0,0,0,0,25,0,"keyboard-worker","OK",1783218843144,44589,750
594,1783218843279,46896,44724,0,-2,0,0,0,-1,67,70,89,90,82,166.62,44,-17,18,-1015,-1,0,0,0,0,0,25,0,"keyboard-worker","OK",1783218843245,44690,752
595,1783218843375,46992,44820,0,0,0,0,0,-1,68,70,91,90,82,166.55,44,4,-1,-998,-1,0,0,0,0,0,25,0,"keyboard-worker","OK",1783218843345,44790,754
596,1783218843472,47089,44917,0,0,0,0,0,-1,68,70,92,100,82,166.96,44,-30,31,-982,-1,0,0,0,0,0,25,0,"keyboard-worker","OK",1783218843445,44890,756
597,1783218843569,47186,45014,0,0,0,0,0,-1,68,70,94,100,82,166.67,44,-18,2,-990,-1,0,0,0,0,0,25,0,"keyboard-worker","OK",1783218843545,44990,758
598,1783218843665,47282,45110,0,0,0,0,0,-1,68,70,95,100,82,166.89,44,12,-13,-1000,-1,0,0,0,0,0,25,0,"keyboard-worker","OK",1783218843645,45090,760
599,1783218843762,47379,45207,0,0,0,0,0,-1,68,70,96,100,82,166.65,44,-52,28,-998,-1,0,0,0,0,0,25,0,"keyboard-worker","OK",1783218843745,45190,762
600,1783218843859,47476,45304,0,0,0,0,0,-1,68,70,98,100,82,167.17,45,13,-11,-980,-1,0,0,0,0,0,25,0,"keyboard-worker","OK",1783218843845,45290,764
601,1783218843956,47573,45401,0,0,0,0,0,-1,68,70,99,100,82,166.79,45,-2,3,-977,-1,0,0,0,0,0,25,0,"keyboard-worker","OK",1783218843945,45390,766
602,1783218844053,47670,45498,0,0,0,0,0,-1,68,70,100,110,82,166.88,45,-25,23,-1025,-1,0,0,0,0,0,25,0,"keyboard-worker","OK",1783218844046,45491,768
603,1783218844150,47767,45595,0,0,0,0,0,-1,68,70,102,110,82,166.61,45,-3,-14,-994,-1,0,0,0,0,0,25,0,"keyboard-worker","OK",1783218844146,45591,770
604,1783218844247,47864,45692,0,0,0,0,0,-1,68,70,103,110,81,167.06,45,-2,-12,-977,-1,0,0,0,0,0,25,0,"keyboard-worker","OK",1783218844246,45691,772
605,1783218844344,47961,45789,0,0,0,0,0,-1,67,70,104,110,81,167.07,45,12,-3,-962,-1,0,0,0,0,0,25,0,"keyboard-worker","OK",1783218844296,45741,773
606,1783218844441,48058,45886,0,0,0,0,0,-1,67,70,105,110,81,166.68,45,23,-18,-1003,-1,0,0,0,0,0,25,0,"keyboard-worker","OK",1783218844396,45841,775
607,1783218844538,48155,45983,0,0,0,0,0,-1,67,70,106,110,81,166.84,45,9,-17,-961,-1,0,0,0,0,0,25,0,"keyboard-worker","OK",1783218844496,45941,777
608,1783218844635,48252,46080,0,0,0,0,0,-1,67,70,107,110,81,166.57,45,24,-13,-993,-1,0,0,0,0,0,25,0,"keyboard-worker","OK",1783218844596,46041,779
609,1783218844732,48349,46177,0,0,0,0,0,-1,67,70,109,110,81,166.59,45,46,-26,-998,-1,0,0,0,0,0,25,0,"keyboard-worker","OK",1783218844696,46141,781
610,1783218844830,48447,46275,0,0,0,0,0,-1,67,70,110,110,81,166.79,46,-17,1,-982,-1,0,0,0,0,0,25,0,"keyboard-worker","OK",1783218844797,46242,783
611,1783218844926,48543,46371,0,0,0,0,0,-1,67,70,110,120,81,167.04,46,-1,10,-994,-1,0,0,0,0,0,25,0,"keyboard-worker","OK",1783218844897,46342,785
612,1783218844975,48592,46420,0,0,0,0,0,-1,67,70,112,120,81,166.78,46,-15,-17,-950,-1,0,0,0,0,0,25,0,"keyboard-worker","OK",1783218844947,46392,786
613,1783218845072,48689,46517,0,0,0,0,0,-1,67,70,113,120,81,167,46,-24,17,-991,-1,0,0,0,0,0,25,0,"keyboard-worker","OK",1783218845047,46492,788
614,1783218845169,48786,46614,0,0,0,0,0,-1,67,70,114,120,81,166.81,46,22,-10,-998,-1,0,0,0,0,0,25,0,"keyboard-worker","OK",1783218845147,46592,790
615,1783218845315,48932,46760,0,0,0,0,0,-1,68,70,116,120,81,166.79,46,-26,6,-1020,-1,0,0,0,0,0,25,0,"keyboard-worker","OK",1783218845297,46742,793
616,1783218845412,49029,46857,0,0,0,0,0,-1,68,70,117,120,81,167.08,46,-51,23,-998,-1,0,0,0,0,0,25,0,"keyboard-worker","OK",1783218845397,46842,795
617,1783218845460,49077,46905,0,0,0,0,0,-1,68,70,118,120,81,166.99,46,-33,16,-1025,-1,0,0,0,0,0,25,0,"keyboard-worker","OK",1783218845447,46892,796
618,1783218845559,49176,47004,0,0,0,0,0,-1,68,70,120,120,81,167.03,46,-14,-4,-984,-1,0,0,0,0,0,25,0,"keyboard-worker","OK",1783218845547,46992,798
619,1783218845654,49271,47099,0,0,0,0,0,-1,68,70,121,130,81,166.98,46,22,-2,-998,-1,0,0,0,0,0,25,0,"keyboard-worker","OK",1783218845648,47093,800
620,1783218845751,49368,47197,0,0,0,0,0,-1,68,70,122,130,81,166.99,47,1,9,-1034,-1,0,0,0,0,0,25,0,"keyboard-worker","OK",1783218845748,47193,802
621,1783218845849,49466,47294,0,0,0,0,0,-1,68,70,123,130,81,166.89,47,29,-12,-1005,-1,0,0,0,0,0,25,0,"keyboard-worker","OK",1783218845848,47293,804
622,1783218845946,49563,47391,0,0,0,0,0,-1,68,70,125,130,81,166.75,47,-5,1,-995,-1,0,0,0,0,0,25,0,"keyboard-worker","OK",1783218845898,47343,805
623,1783218846043,49660,47488,0,0,0,0,0,-1,68,70,126,130,81,166.99,47,-4,-1,-978,-1,0,0,0,0,0,25,0,"keyboard-worker","OK",1783218845998,47443,807
624,1783218846140,49757,47585,0,0,0,0,0,-1,68,70,127,130,80,167.13,47,-6,-5,-1002,-1,0,0,0,0,0,25,0,"keyboard-worker","OK",1783218846098,47543,809
625,1783218846238,49855,47683,0,0,0,0,0,-1,67,71,128,130,80,167.11,47,-7,9,-992,-1,0,0,0,0,0,25,0,"keyboard-worker","OK",1783218846198,47643,811
626,1783218846334,49951,47779,0,0,0,0,0,-1,67,71,129,130,80,167.05,47,-1,-16,-1000,-1,0,0,0,0,0,25,0,"keyboard-worker","OK",1783218846298,47744,813
627,1783218846431,50048,47876,0,0,0,0,0,-1,67,71,130,140,80,166.96,47,-23,12,-964,-1,0,0,0,0,0,25,0,"keyboard-worker","OK",1783218846399,47844,815
628,1783218846529,50146,47974,0,0,0,0,0,-1,67,71,131,140,80,167.02,47,-12,2,-1015,-1,0,0,0,0,0,25,0,"keyboard-worker","OK",1783218846499,47944,817
629,1783218846631,50248,48076,0,0,0,0,0,-1,67,71,132,140,80,167.1,47,-16,16,-1019,-1,0,0,0,0,0,25,0,"keyboard-worker","OK",1783218846599,48044,819
630,1783218846725,50342,48170,0,0,0,0,0,-1,67,71,134,140,80,167.25,48,-28,16,-1051,-1,0,0,0,0,0,25,0,"keyboard-worker","OK",1783218846699,48144,821
631,1783218846821,50438,48266,0,0,0,0,0,-1,67,71,135,140,80,167.01,48,-21,20,-998,-1,0,0,0,0,0,25,0,"keyboard-worker","OK",1783218846799,48244,823
632,1783218846920,50537,48365,0,0,0,0,0,-1,67,71,137,140,80,166.84,48,-31,22,-1007,-1,0,0,0,0,0,25,0,"keyboard-worker","OK",1783218846899,48344,825
633,1783218847018,50635,48463,0,0,0,0,0,-1,67,71,138,140,80,167.3,48,0,15,-1020,-1,0,0,0,0,0,25,0,"keyboard-worker","OK",1783218846999,48444,827
634,1783218847115,50732,48560,0,0,0,0,0,-1,67,71,139,140,80,166.97,48,4,13,-1009,-1,0,0,0,0,0,25,0,"keyboard-worker","OK",1783218847099,48544,829
635,1783218847207,50824,48653,0,0,0,0,0,-1,69,71,140,150,80,167.1,48,-10,14,-978,-1,0,0,0,0,0,25,0,"keyboard-worker","OK",1783218847200,48645,831
636,1783218847310,50927,48755,-1,0,0,0,0,-1,69,71,142,150,80,167.19,48,27,-14,-998,-1,0,0,0,0,0,25,0,"keyboard-worker","OK",1783218847300,48745,833
637,1783218847402,51019,48847,-1,0,0,0,0,-1,69,71,143,150,80,167.41,48,-55,28,-993,-1,0,0,0,0,0,25,0,"keyboard-worker","OK",1783218847400,48845,835
638,1783218847499,51116,48944,0,0,0,0,0,-1,69,71,143,150,80,167.55,48,-5,14,-986,-1,0,0,0,0,0,25,0,"keyboard-worker","OK",1783218847450,48895,836
639,1783218847596,51213,49041,0,0,0,0,0,-1,69,71,144,150,80,166.96,48,12,-20,-1008,-1,0,0,0,0,0,25,0,"keyboard-worker","OK",1783218847550,48995,838
640,1783218847693,51310,49138,0,0,0,0,0,-1,69,71,146,150,80,167.41,49,21,0,-1045,-1,0,0,0,0,0,25,0,"keyboard-worker","OK",1783218847650,49095,840
641,1783218847798,51415,49243,0,1,0,0,0,-1,69,71,146,150,80,167.33,49,-22,9,-1024,-1,0,0,0,0,0,25,0,"keyboard-worker","OK",1783218847750,49195,842
642,1783218847887,51504,49332,0,1,0,0,0,-1,69,71,148,150,80,167.26,49,30,-7,-1007,-1,0,0,0,0,0,25,0,"keyboard-worker","OK",1783218847850,49295,844
643,1783218847984,51601,49429,0,1,0,0,0,-1,69,71,147,150,80,167.21,49,-12,6,-1000,-1,0,0,0,0,0,25,0,"keyboard-worker","OK",1783218847950,49395,846
644,1783218848081,51698,49526,0,1,0,0,0,-1,69,71,151,150,80,167.14,49,-14,-20,-933,-1,0,0,0,0,0,25,0,"keyboard-worker","OK",1783218848050,49495,848
645,1783218848179,51796,49624,0,1,0,0,0,-1,69,70,151,160,80,167.32,49,4,-9,-1023,-1,0,0,0,0,0,25,0,"keyboard-worker","OK",1783218848151,49596,850
646,1783218848275,51892,49720,0,1,0,0,0,-1,69,70,151,160,80,167.03,49,-20,14,-998,-1,0,0,0,0,0,25,0,"keyboard-worker","OK",1783218848251,49696,852
647,1783218848372,51989,49817,0,1,0,0,0,-1,69,70,153,160,80,167.25,49,10,-10,-988,-1,0,0,0,0,0,25,0,"keyboard-worker","OK",1783218848351,49796,854
648,1783218848469,52086,49914,0,0,0,0,0,-1,69,70,154,160,80,167,49,-36,12,-992,-1,0,0,0,0,0,25,0,"keyboard-worker","OK",1783218848451,49896,856
649,1783218848567,52184,50012,0,0,0,0,0,-1,69,70,155,160,80,167.32,49,-20,12,-990,-1,0,0,0,0,0,25,0,"keyboard-worker","OK",1783218848551,49996,858
650,1783218848664,52281,50109,0,0,0,0,0,-1,69,70,157,160,80,167.35,50,-26,-9,-1001,-1,0,0,0,0,0,25,0,"keyboard-worker","OK",1783218848651,50097,860
651,1783218848761,52378,50206,0,0,0,0,0,-1,69,70,158,160,80,167.51,50,-1,-11,-985,-1,0,0,0,0,0,0,0,"keyboard-worker","OK",1783218848752,50197,862
652,1783218848858,52475,50303,0,0,0,0,0,-1,69,70,160,160,80,167.22,50,-22,12,-1012,-1,0,0,0,0,0,-25,0,"keyboard-worker","OK",1783218848852,50297,864
653,1783218848955,52572,50400,0,0,0,0,0,-1,69,70,161,170,80,166.98,50,-13,24,-974,-1,0,0,0,0,0,-25,0,"keyboard-worker","OK",1783218848952,50397,866
654,1783218849003,52620,50448,0,0,0,0,0,0,69,70,162,170,79,167.35,50,1,-38,-910,-1,0,0,0,0,0,-25,0,"keyboard-worker","OK",1783218849002,50447,867
655,1783218849100,52717,50545,0,0,0,0,0,0,68,71,163,170,79,167.36,50,-21,12,-948,-1,0,0,0,0,0,-25,0,"keyboard-worker","OK",1783218849052,50497,868
656,1783218849197,52814,50642,0,0,0,0,0,0,68,71,163,170,79,167.28,50,-25,1,-973,-1,0,0,0,0,0,-25,0,"keyboard-worker","OK",1783218849152,50597,870
657,1783218849294,52911,50740,0,0,0,0,0,0,68,71,162,170,79,167.21,50,-12,3,-950,-1,0,0,0,0,0,-25,0,"keyboard-worker","OK",1783218849252,50697,872
658,1783218849391,53008,50836,0,0,0,0,0,0,68,71,163,170,79,167.36,50,-45,23,-973,-1,0,0,0,25,0,-25,0,"keyboard-worker","OK",1783218849353,50798,874
659,1783218849489,53106,50934,0,0,0,0,0,0,68,71,162,170,79,167.21,50,8,-18,-987,-1,0,0,0,25,0,-25,0,"keyboard-worker","OK",1783218849453,50898,876
660,1783218849586,53203,51031,0,1,0,0,0,0,68,71,161,170,79,167,51,-62,45,-992,-1,0,0,0,25,0,-25,0,"keyboard-worker","OK",1783218849553,50998,878
661,1783218849683,53300,51128,0,2,0,0,0,0,68,71,161,170,79,167.19,51,7,-17,-962,-1,0,0,0,0,0,-25,0,"keyboard-worker","OK",1783218849653,51098,880
662,1783218849780,53397,51225,0,2,0,0,1,1,68,71,160,160,79,167.18,51,-20,10,-984,-1,0,0,0,0,0,-25,0,"keyboard-worker","OK",1783218849753,51198,882
663,1783218849877,53494,51322,0,2,0,0,1,1,68,71,159,160,79,167.44,51,-25,-3,-986,-1,0,0,0,0,0,-25,0,"keyboard-worker","OK",1783218849853,51298,884
664,1783218849974,53591,51419,0,0,0,0,1,1,68,71,159,160,79,167.22,51,-28,-4,-1026,-1,0,0,0,0,0,-25,0,"keyboard-worker","OK",1783218849954,51399,886
665,1783218850071,53688,51516,0,0,0,0,1,1,69,71,158,160,79,167.04,51,-28,-9,-987,-1,0,0,0,0,0,-25,0,"keyboard-worker","OK",1783218850054,51499,888
666,1783218850168,53785,51613,0,0,0,0,1,1,69,71,157,160,79,167.42,51,-52,16,-1053,-1,0,0,0,0,0,-25,0,"keyboard-worker","OK",1783218850154,51599,890
667,1783218850265,53882,51710,0,0,0,0,1,1,69,71,157,160,79,167.26,51,18,-33,-1000,-1,0,0,0,0,0,-25,0,"keyboard-worker","OK",1783218850254,51699,892
668,1783218850362,53979,51807,0,0,0,0,0,1,69,71,155,160,79,167.21,51,0,5,-1040,-1,0,0,0,0,0,-25,0,"keyboard-worker","OK",1783218850354,51799,894
669,1783218850459,54076,51904,0,-2,0,0,0,1,69,71,154,160,79,167.2,51,-22,5,-991,-1,0,0,0,0,0,-25,0,"keyboard-worker","OK",1783218850454,51899,896
670,1783218850556,54173,52001,0,0,0,0,0,1,69,71,154,160,79,166.84,52,-25,6,-972,-1,0,0,0,0,0,-25,0,"keyboard-worker","OK",1783218850555,52000,898
671,1783218850654,54271,52099,0,0,0,0,0,1,69,71,153,160,79,167.07,52,-59,34,-1001,-1,0,0,0,0,0,-25,0,"keyboard-worker","OK",1783218850605,52050,899
672,1783218850751,54368,52196,0,0,0,0,0,1,69,71,152,160,79,167.25,52,-13,-10,-984,-1,0,0,0,0,0,-25,0,"keyboard-worker","OK",1783218850705,52150,901
673,1783218850847,54464,52292,0,0,0,0,0,1,69,71,151,160,79,167.24,52,8,-11,-997,-1,0,0,0,0,0,-25,0,"keyboard-worker","OK",1783218850805,52250,903
674,1783218850944,54561,52389,0,0,0,0,0,1,69,71,149,150,79,167.22,52,6,-3,-1018,-1,0,0,0,0,0,-25,0,"keyboard-worker","OK",1783218850905,52350,905
675,1783218851042,54659,52487,0,0,0,0,0,1,68,71,148,150,79,166.78,52,-24,6,-987,-1,0,0,0,0,0,-25,0,"keyboard-worker","OK",1783218851005,52450,907
676,1783218851139,54756,52584,0,0,0,0,0,1,68,71,147,150,79,167.01,52,-8,-9,-1001,-1,0,0,0,0,0,-25,0,"keyboard-worker","OK",1783218851106,52551,909
677,1783218851236,54853,52681,0,0,0,0,0,1,68,71,145,150,79,167.08,52,-9,-2,-1002,-1,0,0,0,0,0,-25,0,"keyboard-worker","OK",1783218851206,52651,911
678,1783218851333,54950,52778,0,0,0,0,0,1,68,71,144,150,79,167.15,52,-47,24,-1028,-1,0,0,0,0,0,-25,0,"keyboard-worker","OK",1783218851306,52751,913
679,1783218851430,55047,52875,0,0,0,0,0,1,68,71,143,150,79,167.21,52,4,3,-1019,-1,0,0,0,0,0,-25,0,"keyboard-worker","OK",1783218851406,52851,915
680,1783218851578,55195,53023,0,0,0,0,0,1,68,71,142,150,79,167.04,53,44,-25,-996,-1,0,0,0,0,0,-25,0,"keyboard-worker","OK",1783218851556,53001,918
681,1783218851624,55241,53069,0,0,0,0,0,1,68,71,141,150,79,167.34,53,29,-26,-980,-1,0,0,0,0,0,-25,0,"keyboard-worker","OK",1783218851606,53051,919
682,1783218851721,55338,53166,0,1,0,0,0,1,68,71,139,150,79,167.15,53,-20,-8,-958,-1,0,0,0,0,0,-25,0,"keyboard-worker","OK",1783218851706,53151,921
683,1783218851770,55387,53215,0,1,0,0,0,1,68,71,138,140,79,166.92,53,-32,13,-1007,-1,0,0,0,0,0,-25,0,"keyboard-worker","OK",1783218851756,53201,922
684,1783218851869,55486,53314,0,1,0,0,0,1,68,71,137,140,79,167.25,53,7,-5,-996,-1,0,0,0,0,0,-25,0,"keyboard-worker","OK",1783218851857,53302,924
685,1783218852023,55640,53468,0,0,0,0,0,1,68,71,136,140,79,166.97,53,-10,3,-996,-1,0,0,0,0,0,-25,0,"keyboard-worker","OK",1783218852008,53453,927
686,1783218852127,55744,53572,0,0,0,0,0,1,68,71,134,140,79,167.18,53,0,-12,-993,-1,0,0,0,25,0,-25,0,"keyboard-worker","OK",1783218852108,53553,929
687,1783218852228,55845,53673,0,0,0,0,0,1,68,71,133,140,79,167.11,53,10,-27,-1020,-1,0,0,0,0,0,-25,0,"keyboard-worker","OK",1783218852209,53654,931
688,1783218852279,55896,53724,0,1,0,0,0,1,68,71,132,140,79,167.04,53,4,6,-1059,-1,0,0,0,0,0,-25,0,"keyboard-worker","OK",1783218852259,53704,932
689,1783218852381,55998,53826,0,1,0,0,0,1,68,71,131,140,79,167.08,54,10,-19,-939,-1,0,0,0,0,0,-25,0,"keyboard-worker","OK",1783218852359,53804,934
690,1783218852484,56101,53929,0,0,0,0,0,1,68,71,129,130,79,167.07,54,-54,30,-994,-1,0,0,0,0,0,-25,0,"keyboard-worker","OK",1783218852459,53904,936
691,1783218852586,56203,54031,0,0,0,0,0,1,68,71,128,130,79,167.19,54,-2,-44,-952,-1,0,0,0,0,0,-25,0,"keyboard-worker","OK",1783218852560,54005,938
692,1783218852689,56306,54134,0,0,0,0,0,1,68,71,127,130,79,166.97,54,12,-4,-999,-1,0,0,0,0,0,-25,0,"keyboard-worker","OK",1783218852660,54105,940
693,1783218852791,56408,54236,0,0,0,0,0,1,68,71,125,130,79,167.25,54,-33,17,-1013,-1,0,0,0,0,0,-25,0,"keyboard-worker","OK",1783218852761,54206,942
694,1783218855030,58647,54339,0,0,0,0,0,1,68,71,124,130,79,166.92,54,-29,22,-986,-1,0,0,0,0,0,-25,0,"keyboard-worker","OK",1783218854998,54306,944
695,1783218855132,58749,54441,0,0,0,0,0,1,69,71,123,130,79,166.63,54,-3,20,-1044,-1,0,0,0,0,0,-25,0,"keyboard-worker","OK",1783218855098,54407,946
696,1783218855235,58852,54544,0,0,0,0,0,1,69,71,122,130,79,166.53,54,-1,-12,-1005,-1,0,0,0,0,0,-25,0,"keyboard-worker","OK",1783218855199,54507,948
697,1783218855337,58954,54646,0,0,0,0,0,1,69,71,121,130,79,166.78,54,38,-18,-973,-1,0,0,0,25,0,-25,0,"keyboard-worker","OK",1783218855299,54608,950
698,1783218855440,59057,54748,0,1,0,0,0,1,69,71,120,130,79,166.56,54,18,-13,-987,-1,0,0,0,25,0,-25,0,"keyboard-worker","OK",1783218855399,54708,952
699,1783218855542,59159,54851,0,2,0,0,0,1,69,71,119,120,79,166.81,55,45,-38,-957,-1,0,0,0,25,0,-25,0,"keyboard-worker","OK",1783218855500,54809,954
700,1783218855648,59265,54957,0,2,0,0,0,1,69,71,118,120,79,166.89,55,14,-10,-1027,-1,0,0,0,0,0,-25,0,"keyboard-worker","OK",1783218855600,54909,956
701,1783218855747,59364,55056,0,2,0,0,0,1,69,71,117,120,79,166.79,55,2,6,-995,-1,0,0,0,0,0,-25,0,"keyboard-worker","OK",1783218855701,55010,958
702,1783218855893,59510,55202,0,1,0,0,0,1,69,71,115,120,79,167.03,55,-6,3,-993,-1,0,0,0,0,0,-25,0,"keyboard-worker","OK",1783218855852,55160,961
703,1783218855952,59569,55261,0,0,0,0,0,1,69,71,115,120,79,166.84,55,0,9,-1071,-1,0,0,0,0,0,-25,0,"keyboard-worker","OK",1783218855952,55261,963
704,1783218856055,59672,55364,0,0,0,0,0,1,69,71,113,120,79,166.93,55,50,-50,-1024,-1,0,0,0,0,0,-25,0,"keyboard-worker","OK",1783218856053,55361,965
705,1783218856157,59774,55466,0,0,0,0,0,1,70,71,112,120,79,167,55,-9,2,-992,-1,0,0,0,0,0,-25,0,"keyboard-worker","OK",1783218856153,55462,967
706,1783218856261,59878,55570,0,0,0,0,0,1,70,71,111,120,79,166.56,55,-13,18,-1006,-1,0,0,0,0,0,-25,0,"keyboard-worker","OK",1783218856254,55563,969
707,1783218856363,59980,55671,0,-1,0,0,0,1,70,71,110,110,79,166.84,55,27,-31,-1007,-1,0,0,0,0,0,-25,0,"keyboard-worker","OK",1783218856355,55663,971
708,1783218856467,60084,55775,0,0,0,0,0,1,70,71,108,110,79,166.67,55,16,-15,-998,-1,0,0,0,0,0,-25,0,"keyboard-worker","OK",1783218856455,55764,973
709,1783218856567,60184,55876,0,0,0,0,0,1,70,71,108,110,79,166.83,56,-47,20,-960,-1,0,0,0,0,0,-25,0,"keyboard-worker","OK",1783218856555,55864,975
710,1783218856672,60289,55980,0,0,0,0,0,1,70,71,106,110,79,166.82,56,26,-27,-1013,-1,0,0,0,25,0,-25,0,"keyboard-worker","OK",1783218856656,55964,977
711,1783218856771,60388,56080,0,0,0,0,0,1,70,71,105,110,79,166.73,56,24,-26,-1018,-1,0,0,0,25,0,-25,0,"keyboard-worker","OK",1783218856756,56065,979
712,1783218856874,60491,56183,0,1,0,0,0,1,70,71,103,110,79,166.61,56,2,-9,-959,-1,0,0,0,25,0,-25,0,"keyboard-worker","OK",1783218856856,56165,981
713,1783218856976,60593,56285,0,2,0,0,0,1,70,71,103,110,79,166.6,56,15,-14,-1019,-1,0,0,0,25,0,-25,0,"keyboard-worker","OK",1783218856957,56265,983
714,1783218857079,60696,56388,0,2,0,0,0,1,70,71,102,110,78,166.91,56,27,-11,-971,-1,0,0,0,0,0,-25,0,"keyboard-worker","OK",1783218857057,56366,985
715,1783218857182,60799,56491,0,2,0,0,0,1,69,72,100,110,78,166.39,56,21,-27,-948,-1,0,0,0,0,0,-25,0,"keyboard-worker","OK",1783218857158,56466,987
716,1783218857284,60901,56592,0,1,0,0,0,1,69,72,99,100,78,166.6,56,15,-33,-989,-1,0,0,0,0,0,-25,0,"keyboard-worker","OK",1783218857258,56567,989
717,1783218857388,61005,56697,0,0,0,0,0,1,69,72,98,100,78,166.79,56,11,-26,-1003,-1,0,0,0,0,0,-25,0,"keyboard-worker","OK",1783218857358,56667,991
718,1783218857491,61108,56800,0,0,0,0,0,1,69,72,97,100,78,166.57,56,-10,2,-1047,-1,0,0,0,0,0,-25,0,"keyboard-worker","OK",1783218857458,56767,993
719,1783218857591,61208,56900,0,0,0,0,0,1,69,72,96,100,78,166.54,57,45,-14,-1074,-1,0,0,0,0,0,-25,0,"keyboard-worker","OK",1783218857559,56868,995
720,1783218857692,61309,57001,0,0,0,0,0,1,69,72,95,100,78,166.6,57,32,-9,-988,-1,0,0,0,0,0,-25,0,"keyboard-worker","OK",1783218857659,56968,997
721,1783218857789,61406,57098,0,0,0,0,0,1,69,72,94,100,78,166.74,57,-42,16,-1027,-1,0,0,0,0,0,-25,0,"keyboard-worker","OK",1783218857759,57068,999
722,1783218857838,61455,57146,0,0,0,0,0,1,69,72,93,100,78,166.59,57,38,-30,-972,-1,0,0,0,0,0,-25,0,"keyboard-worker","OK",1783218857809,57118,1000
723,1783218857934,61551,57243,0,0,0,0,0,1,69,72,92,100,78,166.74,57,-17,0,-1028,-1,0,0,0,0,0,-25,0,"keyboard-worker","OK",1783218857910,57218,1002
724,1783218858030,61647,57339,0,0,0,0,0,1,69,72,91,100,78,166.44,57,-1,-2,-1001,-1,0,0,0,25,0,-25,0,"keyboard-worker","OK",1783218858010,57318,1004
725,1783218858175,61792,57484,0,1,0,0,0,1,69,72,89,90,78,166.76,57,-9,-16,-987,-1,0,0,0,25,0,-25,0,"keyboard-worker","OK",1783218858160,57469,1007
726,1783218858224,61841,57532,0,1,0,0,0,1,69,72,88,90,78,166.54,57,6,0,-1000,-1,0,0,0,25,0,-25,0,"keyboard-worker","OK",1783218858210,57519,1008
727,1783218858321,61938,57630,0,2,0,0,0,1,69,72,87,90,78,167,57,3,-37,-964,-1,0,0,0,0,0,-25,0,"keyboard-worker","OK",1783218858310,57619,1010
728,1783218858418,62035,57727,0,2,0,0,0,1,69,72,86,90,78,166.67,57,-17,2,-1044,-1,0,0,0,0,0,-25,0,"keyboard-worker","OK",1783218858410,57719,1012
729,1783218858515,62132,57824,0,1,0,0,0,1,69,72,85,90,78,166.22,58,37,-52,-998,-1,0,0,0,0,0,-25,0,"keyboard-worker","OK",1783218858511,57819,1014
730,1783218858611,62228,57920,0,0,0,0,0,1,69,72,84,90,78,166.35,58,5,-9,-974,-1,0,0,0,0,0,-25,0,"keyboard-worker","OK",1783218858611,57919,1016
731,1783218858708,62325,58017,0,1,0,0,0,1,69,72,83,90,78,166.28,58,-14,-20,-975,-1,0,0,0,0,0,-25,0,"keyboard-worker","OK",1783218858661,57969,1017
732,1783218858806,62423,58115,0,0,0,0,0,1,69,72,81,90,78,166.42,58,41,-44,-1003,-1,0,0,0,0,0,-25,0,"keyboard-worker","OK",1783218858761,58070,1019
733,1783218858901,62518,58210,0,0,0,0,0,1,69,72,81,90,78,166.42,58,-3,10,-1017,-1,0,0,0,0,0,-25,0,"keyboard-worker","OK",1783218858861,58170,1021
734,1783218858998,62615,58307,0,0,0,0,0,1,69,72,79,80,78,166.52,58,18,-16,-999,-1,0,0,0,0,0,-25,0,"keyboard-worker","OK",1783218858961,58270,1023
735,1783218859095,62712,58403,0,0,0,0,0,1,69,72,78,80,78,166.56,58,-14,-7,-977,-1,0,0,0,0,0,-25,0,"keyboard-worker","OK",1783218859061,58370,1025
736,1783218859191,62808,58500,0,0,0,0,0,1,69,72,77,80,78,166.47,58,26,-14,-999,-1,0,0,0,0,0,-25,0,"keyboard-worker","OK",1783218859162,58470,1027
737,1783218859288,62905,58596,0,0,0,0,0,1,69,72,76,80,78,166.49,58,11,-9,-1034,-1,0,0,0,0,0,-25,0,"keyboard-worker","OK",1783218859262,58570,1029
738,1783218859384,63001,58693,0,0,0,0,0,1,69,72,75,80,78,166.3,58,4,5,-914,-1,0,0,0,25,0,-25,0,"keyboard-worker","OK",1783218859362,58671,1031
739,1783218859481,63098,58790,0,0,0,0,0,1,69,72,73,80,78,166.37,59,-4,-1,-1036,-1,0,0,0,25,0,-25,0,"keyboard-worker","OK",1783218859462,58771,1033
740,1783218859578,63195,58886,0,1,0,0,0,1,69,72,72,80,78,166.67,59,6,-1,-1020,-1,0,0,0,25,0,-25,0,"keyboard-worker","OK",1783218859562,58871,1035
741,1783218859674,63291,58983,0,2,0,0,0,1,69,72,71,80,78,166.52,59,4,-19,-998,-1,0,0,0,25,0,-25,0,"keyboard-worker","OK",1783218859662,58971,1037
742,1783218859771,63388,59080,0,2,0,0,0,1,69,72,70,80,78,166.32,59,0,-14,-1040,-1,0,0,0,0,0,-25,0,"keyboard-worker","OK",1783218859763,59071,1039
743,1783218859867,63484,59176,0,2,0,0,0,1,69,72,68,70,78,166.14,59,13,-7,-999,-1,0,0,0,0,0,-25,0,"keyboard-worker","OK",1783218859863,59171,1041
744,1783218859964,63581,59273,0,1,0,0,0,1,69,72,67,70,78,166.57,59,9,-1,-980,-1,0,0,0,0,0,-25,0,"keyboard-worker","OK",1783218859963,59272,1043
745,1783218860061,63678,59369,0,1,0,0,0,1,70,72,66,70,78,166.65,59,4,0,-999,-1,0,0,0,0,0,-25,0,"keyboard-worker","OK",1783218860013,59322,1044
746,1783218860158,63775,59467,0,1,0,0,0,0,70,72,65,70,78,166.41,59,4,-25,-1026,-1,0,0,0,0,0,0,0,"keyboard-worker","OK",1783218860113,59422,1046
747,1783218860254,63871,59563,0,0,0,0,0,0,70,72,64,70,78,166.41,59,24,-15,-1049,-1,0,0,0,0,0,0,0,"keyboard-worker","OK",1783218860213,59522,1048
748,1783218860351,63968,59660,0,0,0,0,0,0,70,72,64,70,78,166.46,59,16,-21,-1030,-1,0,0,0,0,0,25,0,"keyboard-worker","OK",1783218860314,59622,1050
749,1783218860447,64064,59756,0,0,0,0,0,0,70,72,63,70,78,166.45,60,-5,-16,-992,-1,0,0,0,0,0,25,0,"keyboard-worker","OK",1783218860414,59722,1052
750,1783218860544,64161,59853,0,0,0,0,0,0,70,72,63,70,78,166.71,60,25,-9,-1067,-1,0,0,0,0,0,25,0,"keyboard-worker","OK",1783218860514,59823,1054
751,1783218860641,64258,59949,0,0,0,0,0,0,70,72,64,70,78,166.19,60,16,-25,-1045,-1,0,0,0,0,0,25,0,"keyboard-worker","OK",1783218860614,59923,1056
752,1783218860737,64354,60046,0,0,0,0,0,0,70,72,65,70,78,166.18,60,13,-23,-1081,-1,0,0,0,0,0,25,0,"keyboard-worker","OK",1783218860714,60023,1058
753,1783218860834,64451,60143,0,0,0,0,0,-1,70,72,66,70,78,166.45,60,21,2,-988,-1,0,0,0,0,0,25,0,"keyboard-worker","OK",1783218860814,60123,1060
754,1783218860930,64547,60239,0,1,0,0,0,-1,70,72,67,70,78,166.44,60,-25,19,-1038,-1,0,0,0,0,0,25,0,"keyboard-worker","OK",1783218860914,60223,1062
755,1783218861027,64644,60336,0,0,0,0,0,-1,70,72,68,70,78,166.09,60,-5,-3,-1039,-1,0,0,0,0,0,25,0,"keyboard-worker","OK",1783218861015,60323,1064
756,1783218861126,64743,60435,0,0,0,0,0,-1,70,72,70,70,78,166.49,60,-13,-2,-1073,-1,0,0,0,0,0,25,0,"keyboard-worker","OK",1783218861115,60423,1066
757,1783218861221,64838,60530,0,0,0,0,0,-1,70,72,71,80,78,166.16,60,23,-6,-969,-1,0,0,0,0,0,25,0,"keyboard-worker","OK",1783218861215,60524,1068
758,1783218861319,64936,60628,0,0,0,0,0,-1,70,72,72,80,78,166.23,60,19,-17,-1015,-1,0,0,0,0,0,25,0,"keyboard-worker","OK",1783218861315,60624,1070
759,1783218861414,65031,60723,0,0,0,0,0,-1,70,72,73,80,78,166.66,61,28,-10,-1003,-1,0,0,0,0,0,25,0,"keyboard-worker","OK",1783218861365,60674,1071
760,1783218861462,65079,60771,0,0,0,0,0,-1,70,72,74,80,78,166.37,61,5,-21,-916,-1,0,0,0,0,0,25,0,"keyboard-worker","OK",1783218861415,60724,1072
761,1783218861559,65176,60867,0,1,0,0,0,-1,70,72,75,80,78,166.54,61,12,-22,-981,-1,0,0,0,0,0,25,0,"keyboard-worker","OK",1783218861515,60824,1074
762,1783218861656,65273,60964,0,1,0,0,0,-1,70,72,76,80,78,166.48,61,-5,8,-1042,-1,0,0,0,0,0,25,0,"keyboard-worker","OK",1783218861616,60924,1076
763,1783218861752,65369,61060,0,0,0,0,0,-1,70,72,77,80,78,166.74,61,24,-29,-888,-1,0,0,0,0,0,25,0,"keyboard-worker","OK",1783218861716,61024,1078
764,1783218861848,65465,61157,0,1,0,0,0,-1,70,72,78,80,78,166.66,61,14,-10,-1044,-1,0,0,0,0,0,25,0,"keyboard-worker","OK",1783218861816,61125,1080
765,1783218861945,65562,61254,0,0,0,0,0,-1,70,72,79,80,78,166.61,61,35,-22,-997,-1,0,0,0,0,0,25,0,"keyboard-worker","OK",1783218861916,61225,1082
766,1783218862038,65655,61347,0,0,0,0,0,-1,70,72,80,90,78,166.63,61,5,-6,-998,-1,0,0,0,0,0,25,0,"keyboard-worker","OK",1783218862016,61325,1084
767,1783218862130,65747,61439,0,0,0,0,0,-1,70,72,81,90,78,166.53,61,-5,10,-992,-1,0,0,0,0,0,25,0,"keyboard-worker","OK",1783218862116,61425,1086
768,1783218862222,65839,61531,0,1,0,0,0,-1,70,72,83,90,78,166.6,61,4,-13,-960,-1,0,0,0,0,0,25,0,"keyboard-worker","OK",1783218862216,61525,1088
769,1783218862315,65932,61623,0,1,0,0,0,-1,70,72,84,90,78,166.41,62,-7,13,-1101,-1,0,0,0,0,0,25,0,"keyboard-worker","OK",1783218862267,61575,1089
770,1783218862405,66022,61714,0,0,0,0,0,-1,70,72,85,90,78,166.66,62,-19,-12,-1053,-1,0,0,0,0,0,25,0,"keyboard-worker","OK",1783218862367,61675,1091
771,1783218862497,66114,61806,0,0,0,0,0,-1,70,72,87,90,78,166.41,62,13,1,-972,-1,0,0,0,0,0,25,0,"keyboard-worker","OK",1783218862467,61776,1093
772,1783218862589,66206,61898,0,0,0,0,0,-1,70,72,88,90,78,166.49,62,33,-13,-913,-1,0,0,0,0,0,25,0,"keyboard-worker","OK",1783218862567,61876,1095
773,1783218862680,66297,61989,0,0,0,0,0,-1,70,72,89,90,77,166.5,62,9,0,-970,-1,0,0,0,0,0,25,0,"keyboard-worker","OK",1783218862667,61976,1097
774,1783218862772,66389,62081,0,0,0,0,0,-1,70,72,90,100,77,166.58,62,-22,1,-982,-1,0,0,0,0,0,25,0,"keyboard-worker","OK",1783218862767,62076,1099
775,1783218862864,66481,62173,0,0,0,0,0,-1,70,72,92,100,77,166.33,62,-9,0,-984,-1,0,0,0,25,0,25,0,"keyboard-worker","OK",1783218862817,62126,1100
776,1783218862956,66573,62265,0,1,0,0,0,-1,70,72,93,100,77,166.61,62,10,-13,-910,-1,0,0,0,25,0,25,0,"keyboard-worker","OK",1783218862917,62226,1102
777,1783218863048,66665,62357,0,1,0,0,0,-1,70,72,94,100,77,166.6,62,-20,-10,-976,-1,0,0,0,25,0,25,0,"keyboard-worker","OK",1783218863018,62326,1104
778,1783218863140,66757,62449,0,2,0,0,0,-1,70,72,96,100,77,166.39,62,24,-33,-967,-1,0,0,0,25,0,25,0,"keyboard-worker","OK",1783218863118,62426,1106
779,1783218863231,66848,62540,0,2,0,0,0,-1,70,72,97,100,77,166.81,63,11,-1,-1047,-1,0,0,0,25,0,25,0,"keyboard-worker","OK",1783218863218,62527,1108
780,1783218863323,66940,62632,0,2,0,0,1,-1,70,72,98,100,77,166.59,63,17,-11,-942,-1,0,0,0,25,0,25,0,"keyboard-worker","OK",1783218863318,62627,1110
781,1783218863415,67032,62724,0,2,0,0,1,-1,70,72,99,100,77,166.6,63,3,0,-968,-1,0,0,0,25,0,25,0,"keyboard-worker","OK",1783218863368,62677,1111
782,1783218863507,67124,62816,0,2,0,0,1,-1,70,72,99,110,77,166.56,63,22,-32,-936,-1,0,0,0,0,0,25,0,"keyboard-worker","OK",1783218863468,62777,1113
783,1783218863598,67215,62907,0,1,0,0,1,0,70,72,99,110,77,166.62,63,34,-24,-999,-1,0,0,0,0,0,25,0,"keyboard-worker","OK",1783218863568,62877,1115
784,1783218863690,67307,62999,0,1,0,0,1,0,70,72,100,110,77,166.4,63,-8,1,-1004,-1,0,0,0,0,0,25,0,"keyboard-worker","OK",1783218863668,62977,1117
785,1783218863782,67399,63091,1,0,0,0,1,0,70,74,101,110,77,166.58,63,42,-34,-1030,-1,0,0,0,0,0,25,0,"keyboard-worker","OK",1783218863769,63077,1119
786,1783218863874,67491,63183,0,0,0,0,1,-1,70,74,102,110,77,166.72,63,-11,-19,-962,-1,0,0,0,0,0,25,0,"keyboard-worker","OK",1783218863869,63177,1121
787,1783218863966,67583,63275,1,0,0,0,1,-1,70,74,104,110,77,166.74,63,-2,4,-1019,-1,0,0,0,0,0,25,0,"keyboard-worker","OK",1783218863919,63227,1122
788,1783218864058,67675,63367,0,0,0,0,1,-1,70,74,105,110,77,166.85,63,12,-6,-989,-1,0,0,0,0,0,25,0,"keyboard-worker","OK",1783218864019,63328,1124
789,1783218864150,67767,63459,0,-1,0,0,0,-1,70,74,106,110,77,166.49,64,-27,-1,-1034,-1,0,0,0,0,0,25,0,"keyboard-worker","OK",1783218864119,63428,1126
790,1783218864242,67859,63551,0,-1,0,0,0,-1,70,74,108,110,77,166.52,64,-21,-19,-954,-1,0,0,0,0,0,25,0,"keyboard-worker","OK",1783218864219,63528,1128
791,1783218864334,67951,63642,0,0,0,0,0,-1,70,74,110,110,77,166.71,64,34,-16,-995,-1,0,0,0,0,0,25,0,"keyboard-worker","OK",1783218864319,63628,1130
792,1783218864428,68045,63737,0,0,0,0,0,-1,70,74,112,120,77,166.94,64,4,-8,-988,-1,0,0,0,0,0,25,0,"keyboard-worker","OK",1783218864419,63728,1132
793,1783218864517,68134,63826,0,0,0,0,0,-1,70,74,114,120,77,166.61,64,25,-3,-979,-1,0,0,0,0,0,25,0,"keyboard-worker","OK",1783218864469,63778,1133
794,1783218864609,68226,63918,0,0,0,0,0,-1,70,74,117,120,77,166.86,64,23,-27,-996,-1,0,0,0,0,0,25,0,"keyboard-worker","OK",1783218864570,63878,1135
795,1783218864701,68318,64010,0,0,0,0,0,-1,71,73,122,120,77,166.92,64,23,-30,-1034,-1,0,0,0,0,0,25,0,"keyboard-worker","OK",1783218864670,63978,1137
796,1783218864747,68364,64056,0,0,0,0,0,-1,71,73,123,120,77,166.92,64,-31,0,-1011,-1,0,0,0,25,0,25,0,"keyboard-worker","OK",1783218864720,64028,1138
797,1783218864839,68456,64147,0,0,0,0,0,-1,71,73,126,130,77,166.95,64,-44,21,-1005,-1,0,0,0,25,0,25,0,"keyboard-worker","OK",1783218864820,64129,1140
798,1783218864931,68548,64239,0,1,0,0,0,-1,71,73,129,130,77,167.18,64,25,-36,-929,-1,0,0,0,0,0,25,0,"keyboard-worker","OK",1783218864920,64229,1142
799,1783218865022,68639,64331,0,1,0,0,0,-1,71,73,132,130,77,166.97,65,-21,0,-1008,-1,0,0,0,0,0,25,0,"keyboard-worker","OK",1783218865020,64329,1144
800,1783218865115,68732,64424,0,1,0,0,0,-1,71,73,135,130,77,166.89,65,-14,-10,-1004,-1,0,0,0,0,0,25,0,"keyboard-worker","OK",1783218865070,64379,1145
801,1783218865207,68824,64516,0,0,0,0,0,-1,71,73,138,140,77,166.89,65,-33,0,-994,-1,0,0,0,0,0,25,0,"keyboard-worker","OK",1783218865170,64479,1147
802,1783218865297,68914,64606,0,0,0,0,0,-1,71,73,143,140,77,167.12,65,12,-28,-971,-1,0,0,0,0,0,25,0,"keyboard-worker","OK",1783218865270,64579,1149
803,1783218865389,69006,64698,0,0,0,0,0,-1,71,73,146,140,77,166.91,65,-1,-16,-1033,-1,0,0,0,0,0,0,0,"keyboard-worker","OK",1783218865371,64679,1151
804,1783218865481,69098,64790,0,0,0,0,0,-2,71,73,149,150,77,167.11,65,17,0,-927,-1,0,0,0,0,0,0,0,"keyboard-worker","OK",1783218865471,64779,1153
805,1783218865573,69190,64881,0,0,0,0,0,-1,71,74,150,150,77,166.94,65,4,-11,-906,-1,0,0,0,0,0,0,0,"keyboard-worker","OK",1783218865571,64880,1155
806,1783218865665,69282,64974,0,0,0,0,0,-1,71,74,151,150,77,166.93,65,29,-16,-917,-1,0,0,0,0,0,0,0,"keyboard-worker","OK",1783218865621,64930,1156
807,1783218865757,69374,65065,0,0,0,0,0,0,71,74,153,150,77,167.08,65,1,-17,-1029,-1,0,0,0,0,0,0,0,"keyboard-worker","OK",1783218865721,65030,1158
808,1783218865848,69465,65157,0,0,0,0,0,0,71,74,152,150,77,167.28,65,-15,0,-954,-1,0,0,0,0,0,25,0,"keyboard-worker","OK",1783218865821,65130,1160
809,1783218865940,69557,65249,0,0,0,0,0,0,71,74,153,160,77,167.23,66,1,-28,-970,-1,0,0,0,0,0,25,0,"keyboard-worker","OK",1783218865921,65230,1162
810,1783218866032,69649,65341,0,0,0,0,0,0,71,74,154,160,77,167.22,66,-26,15,-1024,-1,0,0,0,0,0,25,0,"keyboard-worker","OK",1783218866021,65330,1164
811,1783218866124,69741,65432,0,0,0,0,0,0,71,74,154,160,77,167.21,66,10,0,-1027,-1,0,0,0,0,0,25,0,"keyboard-worker","OK",1783218866121,65430,1166
812,1783218866216,69833,65524,0,0,0,0,0,-1,71,74,156,160,77,167.14,66,15,-12,-971,-1,0,0,0,0,0,25,0,"keyboard-worker","OK",1783218866172,65480,1167
813,1783218866307,69924,65616,0,0,0,0,0,-1,71,74,157,160,77,167.11,66,-23,-4,-1022,-1,0,0,0,0,0,25,0,"keyboard-worker","OK",1783218866272,65580,1169
814,1783218866399,70016,65708,0,0,0,0,0,-1,71,74,157,160,77,166.9,66,1,16,-1049,-1,0,0,0,0,0,25,0,"keyboard-worker","OK",1783218866372,65680,1171
815,1783218866491,70108,65800,0,0,0,0,0,-1,71,73,158,160,77,167.28,66,18,-18,-996,-1,0,0,0,0,0,25,0,"keyboard-worker","OK",1783218866472,65781,1173
816,1783218866583,70200,65891,0,0,0,0,0,-1,71,73,159,160,77,167.16,66,-7,3,-1059,-1,0,0,0,0,0,25,0,"keyboard-worker","OK",1783218866572,65881,1175
817,1783218866675,70292,65983,0,0,0,0,0,-1,71,73,159,170,77,167.37,66,14,-17,-953,-1,0,0,0,0,0,25,0,"keyboard-worker","OK",1783218866672,65981,1177
818,1783218866771,70388,66079,0,0,0,0,0,-1,71,73,158,170,77,167.26,66,37,-4,-965,-1,0,0,0,0,0,25,0,"keyboard-worker","OK",1783218866722,66031,1178
819,1783218866858,70475,66167,0,0,0,0,0,0,71,73,159,170,77,167.16,67,4,-15,-1045,-1,0,0,0,0,0,25,0,"keyboard-worker","OK",1783218866822,66131,1180
820,1783218866950,70567,66258,0,0,0,0,0,0,71,73,158,170,77,167.21,67,33,-19,-993,-1,0,0,0,0,0,25,0,"keyboard-worker","OK",1783218866923,66231,1182
821,1783218867042,70659,66350,0,1,0,0,0,0,71,73,160,170,77,166.91,67,39,-24,-991,-1,0,0,0,0,0,25,0,"keyboard-worker","OK",1783218867023,66331,1184
822,1783218867134,70751,66442,0,1,0,0,0,0,71,73,161,170,77,167.14,67,1,18,-1059,-1,0,0,0,0,0,25,0,"keyboard-worker","OK",1783218867123,66431,1186
823,1783218867225,70842,66534,0,1,0,0,0,-1,71,73,161,170,77,167.11,67,-8,4,-1020,-1,0,0,0,0,0,25,0,"keyboard-worker","OK",1783218867223,66532,1188
824,1783218867317,70934,66626,0,0,0,0,0,-1,71,73,162,170,77,167.26,67,15,-9,-971,-1,0,0,0,0,0,25,0,"keyboard-worker","OK",1783218867273,66582,1189
825,1783218867409,71026,66717,0,0,0,0,0,-1,71,73,163,170,77,167.48,67,-6,-3,-1071,-1,0,0,0,0,0,25,0,"keyboard-worker","OK",1783218867373,66682,1191
826,1783218867500,71117,66809,0,0,0,0,0,-1,71,73,164,170,77,167.08,67,14,-19,-988,-1,0,0,0,0,0,25,0,"keyboard-worker","OK",1783218867473,66782,1193
827,1783218867593,71210,66901,0,0,0,0,0,-1,71,73,166,170,77,167.13,67,-11,-16,-1011,-1,0,0,0,0,0,25,0,"keyboard-worker","OK",1783218867573,66882,1195
828,1783218867685,71302,66994,0,0,0,0,0,-1,71,73,166,170,77,167.17,67,26,-11,-993,-1,0,0,0,0,0,25,0,"keyboard-worker","OK",1783218867673,66982,1197
829,1783218867776,71393,67085,0,0,0,0,0,-1,71,73,167,170,77,167.03,68,0,-22,-912,-1,0,0,0,0,0,25,0,"keyboard-worker","OK",1783218867773,67082,1199
830,1783218867868,71485,67176,0,0,0,0,0,0,71,73,168,170,77,167.33,68,-16,-15,-1018,-1,0,0,0,0,0,25,0,"keyboard-worker","OK",1783218867823,67132,1200
831,1783218867959,71576,67268,0,0,0,0,0,0,71,73,170,170,77,167.46,68,-19,-4,-1007,-1,0,0,0,0,0,25,0,"keyboard-worker","OK",1783218867924,67232,1202
832,1783218868006,71623,67315,-1,0,0,0,0,-1,71,73,170,180,77,167.31,68,-25,-1,-940,-1,0,0,0,0,0,25,0,"keyboard-worker","OK",1783218867974,67282,1203
833,1783218868097,71714,67406,-1,0,0,0,0,0,71,73,171,180,77,166.99,68,-10,-19,-1064,-1,0,0,0,0,0,25,0,"keyboard-worker","OK",1783218868074,67382,1205
834,1783218868189,71806,67498,0,0,0,0,0,-1,71,73,173,180,77,167.43,68,6,-21,-907,-1,0,0,0,0,0,0,0,"keyboard-worker","OK",1783218868174,67483,1207
835,1783218868327,71944,67636,0,0,0,0,0,-1,71,73,175,180,77,167.39,68,0,-11,-1007,-1,0,0,0,0,0,-25,0,"keyboard-worker","OK",1783218868324,67633,1210
836,1783218868418,72035,67727,0,0,0,0,0,0,71,73,177,180,77,167.31,68,-25,-14,-917,-1,0,0,0,0,0,-25,0,"keyboard-worker","OK",1783218868374,67683,1211
837,1783218868464,72081,67773,0,0,0,0,0,0,71,73,178,180,77,167.21,68,-15,1,-958,-1,0,0,0,0,0,-25,0,"keyboard-worker","OK",1783218868424,67733,1212
838,1783218868556,72173,67865,0,0,0,0,0,0,71,73,179,180,77,167.35,69,-1,-10,-943,-1,0,0,0,0,0,-25,0,"keyboard-worker","OK",1783218868524,67833,1214
839,1783218868648,72265,67957,0,0,0,0,0,0,71,73,179,180,77,167.37,69,14,0,-930,-1,0,0,0,0,0,-25,0,"keyboard-worker","OK",1783218868624,67933,1216
840,1783218868740,72357,68048,0,0,0,0,0,0,71,73,179,180,77,167.47,69,36,-23,-975,-1,0,0,0,0,0,-25,0,"keyboard-worker","OK",1783218868725,68033,1218
841,1783218868831,72448,68140,0,0,0,0,0,1,71,73,178,180,77,167.17,69,-19,3,-969,-1,0,0,0,0,0,-25,0,"keyboard-worker","OK",1783218868825,68133,1220
842,1783218868924,72541,68233,0,0,0,0,0,1,71,73,177,180,77,167.29,69,-36,6,-1030,-1,0,0,0,0,0,-25,0,"keyboard-worker","OK",1783218868875,68183,1221
843,1783218869015,72632,68324,0,0,0,0,0,0,71,73,177,180,76,167.09,69,-33,0,-1027,-1,0,0,0,0,0,-25,0,"keyboard-worker","OK",1783218868975,68284,1223
844,1783218869108,72725,68416,0,0,0,0,0,0,71,73,176,180,76,167.33,69,-4,-13,-1033,-1,0,0,0,0,0,-25,0,"keyboard-worker","OK",1783218869075,68384,1225
845,1783218869199,72816,68507,-1,0,0,0,0,1,71,73,175,180,76,166.86,69,-4,-9,-894,-1,0,0,0,0,0,-25,0,"keyboard-worker","OK",1783218869175,68484,1227
846,1783218869291,72908,68600,0,0,0,0,0,1,71,73,175,180,76,167.07,69,-3,-6,-1009,-1,0,0,0,25,0,-25,0,"keyboard-worker","OK",1783218869275,68584,1229
847,1783218869382,72999,68691,0,1,0,0,0,1,71,73,172,180,76,167.36,69,-33,-5,-1020,-1,0,0,0,0,0,-25,0,"keyboard-worker","OK",1783218869375,68684,1231
848,1783218869478,73095,68786,0,2,0,0,0,1,71,73,171,180,76,167.28,70,-16,10,-956,-1,0,0,0,0,0,-25,0,"keyboard-worker","OK",1783218869476,68784,1233
849,1783218869574,73191,68883,0,1,0,0,0,1,71,73,170,170,76,166.86,70,4,-16,-1028,-1,0,0,0,0,0,-25,0,"keyboard-worker","OK",1783218869526,68834,1234
850,1783218869671,73288,68980,0,0,0,0,0,1,71,73,167,170,76,167.13,70,-19,-6,-991,-1,0,0,0,0,0,-25,0,"keyboard-worker","OK",1783218869626,68934,1236
851,1783218869768,73385,69076,0,0,0,0,0,1,71,73,166,170,76,166.97,70,-24,-4,-1006,-1,0,0,0,0,0,-25,0,"keyboard-worker","OK",1783218869726,69035,1238
852,1783218869864,73481,69173,0,0,0,0,0,1,71,73,164,170,76,167.08,70,5,-16,-991,-1,0,0,0,0,0,-25,0,"keyboard-worker","OK",1783218869826,69135,1240
853,1783218869961,73578,69270,0,0,0,0,0,1,71,73,163,170,76,167.38,70,-35,2,-1002,-1,0,0,0,0,0,-25,0,"keyboard-worker","OK",1783218869926,69235,1242
854,1783218870055,73672,69364,0,0,0,0,0,1,71,73,161,170,76,167.01,70,0,-12,-1027,-1,0,0,0,0,0,-25,0,"keyboard-worker","OK",1783218870026,69335,1244
855,1783218870149,73766,69458,0,0,0,0,0,1,72,74,159,170,76,167.45,70,-12,1,-1003,-1,0,0,0,0,0,-25,0,"keyboard-worker","OK",1783218870127,69435,1246
856,1783218870243,73860,69552,0,0,0,0,0,1,72,74,157,160,76,167.25,70,-39,13,-1035,-1,0,0,0,0,0,-25,0,"keyboard-worker","OK",1783218870227,69535,1248
857,1783218870337,73954,69645,0,0,0,0,0,1,72,74,156,160,76,167.04,70,5,-17,-1023,-1,0,0,0,0,0,-25,0,"keyboard-worker","OK",1783218870327,69636,1250
858,1783218870431,74048,69739,-1,0,0,0,0,0,72,74,155,160,76,167.04,71,-3,7,-1010,-1,0,0,0,0,0,-25,0,"keyboard-worker","OK",1783218870427,69736,1252
859,1783218870525,74142,69833,-1,0,0,0,0,1,72,74,153,160,76,167.32,71,-12,-5,-927,-1,0,0,0,0,0,-25,0,"keyboard-worker","OK",1783218870477,69786,1253
860,1783218870619,74236,69927,0,0,0,0,0,1,72,74,151,160,76,167.07,71,-25,11,-1024,-1,0,0,0,0,0,-25,0,"keyboard-worker","OK",1783218870577,69886,1255
861,1783218870713,74330,70022,0,0,0,0,0,1,72,74,150,160,76,167.21,71,-5,0,-1018,-1,0,0,0,0,0,-25,0,"keyboard-worker","OK",1783218870677,69986,1257
862,1783218870818,74435,70127,0,0,0,0,0,1,72,74,148,160,76,167.16,71,18,-28,-976,-1,0,0,0,0,0,-25,0,"keyboard-worker","OK",1783218870778,70086,1259
863,1783218870900,74517,70209,0,0,0,0,0,1,72,74,146,150,76,167.26,71,-5,-3,-1011,-1,0,0,0,0,0,-25,0,"keyboard-worker","OK",1783218870878,70186,1261
864,1783218870994,74611,70303,0,0,0,0,0,1,72,74,145,150,76,166.83,71,-6,-4,-979,-1,0,0,0,0,0,-25,0,"keyboard-worker","OK",1783218870978,70287,1263
865,1783218871088,74705,70397,0,0,0,0,0,1,71,73,143,150,76,166.97,71,11,-1,-947,-1,0,0,0,0,0,-25,0,"keyboard-worker","OK",1783218871078,70387,1265
866,1783218871183,74800,70491,0,0,0,0,0,1,71,73,140,150,76,166.99,71,-14,-13,-1022,-1,0,0,0,0,0,-25,0,"keyboard-worker","OK",1783218871178,70487,1267
867,1783218871276,74893,70584,0,0,0,0,0,1,71,73,139,150,76,166.75,71,-27,-8,-1002,-1,0,0,0,0,0,-25,0,"keyboard-worker","OK",1783218871228,70537,1268
868,1783218871847,75464,71155,0,0,0,0,0,1,71,73,133,140,76,166.77,72,-19,-4,-996,-1,0,0,0,0,0,-25,0,"keyboard-worker","OK",1783218871829,71138,1280
869,1783218871909,75526,71218,0,0,0,0,0,1,71,73,131,140,76,166.51,72,-22,0,-991,-1,0,0,0,0,0,-25,0,"keyboard-worker","OK",1783218871879,71188,1281
870,1783218872027,75644,71336,0,0,0,0,0,1,71,74,130,140,76,166.75,72,-24,-1,-982,-1,0,0,0,0,0,-25,0,"keyboard-worker","OK",1783218871979,71288,1283
871,1783218872122,75739,71430,0,0,0,0,0,1,71,74,129,140,76,166.97,72,-16,-4,-993,-1,0,0,0,0,0,-25,0,"keyboard-worker","OK",1783218872080,71388,1285
872,1783218872168,75785,71476,0,0,0,0,0,1,71,74,127,130,76,166.75,72,11,-4,-1010,-1,0,0,0,0,0,-25,0,"keyboard-worker","OK",1783218872130,71438,1286
873,1783218872262,75879,71571,0,0,0,0,0,1,71,74,127,130,76,166.92,73,15,6,-1042,-1,0,0,0,0,0,-25,0,"keyboard-worker","OK",1783218872230,71538,1288
874,1783218872356,75973,71665,0,0,0,0,0,1,71,74,125,130,76,167.02,73,-25,-8,-1013,-1,0,0,0,0,0,-25,0,"keyboard-worker","OK",1783218872330,71639,1290
875,1783218872450,76067,71758,0,0,0,0,0,1,71,74,124,130,76,166.91,73,-17,-2,-1001,-1,0,0,0,0,0,-25,0,"keyboard-worker","OK",1783218872430,71739,1292
876,1783218872544,76161,71852,0,0,0,0,0,1,71,74,123,130,76,167.06,73,-20,3,-1012,-1,0,0,0,0,0,-25,0,"keyboard-worker","OK",1783218872530,71839,1294
877,1783218872638,76255,71946,0,0,0,0,0,1,71,74,121,130,76,166.87,73,-2,-9,-1003,-1,0,0,0,0,0,-25,0,"keyboard-worker","OK",1783218872631,71939,1296
878,1783218872731,76348,72040,0,0,0,0,0,1,71,74,120,130,76,166.7,73,10,3,-1009,-1,0,0,0,0,0,-25,0,"keyboard-worker","OK",1783218872731,72039,1298
879,1783218872825,76442,72134,0,0,0,0,0,1,71,74,119,130,76,166.98,73,-19,0,-1009,-1,0,0,0,0,0,-25,0,"keyboard-worker","OK",1783218872781,72090,1299
880,1783218872919,76536,72228,0,0,0,0,0,1,72,74,117,120,76,166.61,73,-14,-2,-1030,-1,0,0,0,0,0,-25,0,"keyboard-worker","OK",1783218872881,72190,1301
881,1783218873014,76631,72323,0,0,0,0,0,1,72,74,116,120,76,166.64,73,16,-8,-986,-1,0,0,0,0,0,-25,0,"keyboard-worker","OK",1783218872981,72290,1303
882,1783218873107,76724,72415,0,0,0,0,0,1,72,74,115,120,76,167.03,73,-12,0,-1006,-1,0,0,0,0,0,-25,0,"keyboard-worker","OK",1783218873081,72390,1305
883,1783218873201,76818,72509,0,0,0,0,0,1,72,74,114,120,76,166.6,74,0,-11,-1005,-1,0,0,0,0,0,-25,0,"keyboard-worker","OK",1783218873182,72490,1307
884,1783218873294,76911,72603,0,0,0,0,0,1,72,74,112,120,76,166.87,74,10,0,-1006,-1,0,0,0,0,0,-25,0,"keyboard-worker","OK",1783218873282,72590,1309
885,1783218873388,77005,72697,0,0,0,0,0,1,72,74,111,120,76,166.8,74,0,14,-986,-1,0,0,0,0,0,-25,0,"keyboard-worker","OK",1783218873382,72691,1311
886,1783218873482,77099,72791,0,0,0,0,0,1,72,74,110,120,76,166.66,74,-21,7,-1000,-1,0,0,0,0,0,-25,0,"keyboard-worker","OK",1783218873482,72791,1313
887,1783218873576,77193,72885,0,0,0,0,0,1,72,74,109,120,76,166.86,74,-21,-15,-1007,-1,0,0,0,0,0,-25,0,"keyboard-worker","OK",1783218873532,72841,1314
888,1783218873671,77288,72980,0,0,0,0,0,1,72,74,107,110,76,166.4,74,8,-4,-973,-1,0,0,0,0,0,-25,0,"keyboard-worker","OK",1783218873632,72941,1316
889,1783218873764,77381,73073,0,0,0,0,0,1,72,74,107,110,76,166.5,74,0,-5,-999,-1,0,0,0,0,0,-25,0,"keyboard-worker","OK",1783218873732,73041,1318
890,1783218873858,77475,73167,0,0,0,0,0,1,72,75,105,110,76,166.86,74,-1,-7,-1019,-1,0,0,0,0,0,-25,0,"keyboard-worker","OK",1783218873833,73141,1320
891,1783218873952,77569,73260,0,0,0,0,0,1,72,75,104,110,76,166.88,74,-20,-6,-1000,-1,0,0,0,0,0,-25,0,"keyboard-worker","OK",1783218873933,73242,1322
892,1783218874046,77663,73355,0,0,0,0,0,1,72,75,103,110,76,166.74,74,4,7,-936,-1,0,0,0,0,0,-25,0,"keyboard-worker","OK",1783218874033,73342,1324
893,1783218874140,77757,73449,0,0,0,0,0,1,72,75,102,110,76,166.67,75,-24,2,-1016,-1,0,0,0,0,0,-25,0,"keyboard-worker","OK",1783218874133,73442,1326
894,1783218874234,77851,73543,0,0,0,0,0,1,72,75,100,110,76,166.78,75,11,-13,-970,-1,0,0,0,0,0,-25,0,"keyboard-worker","OK",1783218874233,73542,1328
895,1783218874327,77944,73636,0,0,0,0,0,1,72,75,99,110,76,166.61,75,20,-6,-972,-1,0,0,0,0,0,-25,0,"keyboard-worker","OK",1783218874283,73592,1329
896,1783218874421,78038,73730,0,0,0,0,0,1,72,75,98,100,76,166.64,75,-1,-6,-1016,-1,0,0,0,0,0,-25,0,"keyboard-worker","OK",1783218874384,73692,1331
897,1783218874515,78132,73824,0,0,0,0,0,1,72,75,97,100,76,166.36,75,-9,-2,-1053,-1,0,0,0,0,0,-25,0,"keyboard-worker","OK",1783218874484,73793,1333
898,1783218874609,78226,73918,0,0,0,0,0,0,72,75,97,100,76,166.85,75,-24,1,-1040,-1,0,0,0,0,0,-25,0,"keyboard-worker","OK",1783218874584,73893,1335
899,1783218874703,78320,74012,0,0,0,0,0,0,72,75,96,100,76,166.49,75,8,-21,-959,-1,0,0,0,0,0,-25,0,"keyboard-worker","OK",1783218874684,73993,1337
900,1783218874797,78414,74106,0,0,0,0,0,0,72,74,95,100,76,166.43,75,2,8,-978,-1,0,0,0,0,0,-25,0,"keyboard-worker","OK",1783218874784,74093,1339
901,1783218874891,78508,74199,0,0,0,0,0,1,72,74,94,100,76,166.55,75,7,12,-999,-1,0,0,0,0,0,-25,0,"keyboard-worker","OK",1783218874884,74193,1341
902,1783218874985,78602,74293,0,0,0,0,0,1,72,74,93,100,76,166.74,75,4,-19,-1022,-1,0,0,0,0,0,-25,0,"keyboard-worker","OK",1783218874985,74293,1343
903,1783218875079,78696,74387,0,0,0,0,0,1,72,74,92,100,76,166.39,76,8,0,-985,-1,0,0,0,0,0,-25,0,"keyboard-worker","OK",1783218875035,74343,1344
904,1783218875172,78789,74481,0,0,0,0,0,1,72,74,91,100,76,166.68,76,-22,18,-1056,-1,0,0,0,0,0,-25,0,"keyboard-worker","OK",1783218875135,74444,1346
905,1783218875266,78883,74575,0,0,0,0,0,1,72,74,90,100,76,166.72,76,-6,-15,-987,-1,0,0,0,0,0,-25,0,"keyboard-worker","OK",1783218875235,74544,1348
906,1783218875360,78977,74669,0,0,0,0,0,1,72,74,89,90,76,166.68,76,0,-7,-972,-1,0,0,0,0,0,-25,0,"keyboard-worker","OK",1783218875335,74644,1350
907,1783218875454,79071,74763,0,0,0,0,0,1,72,74,88,90,76,166.48,76,-2,7,-1002,-1,0,0,0,0,0,-25,0,"keyboard-worker","OK",1783218875435,74744,1352
908,1783218875548,79165,74857,0,0,0,0,0,1,72,74,87,90,76,166.47,76,-10,6,-1046,-1,0,0,0,0,0,-25,0,"keyboard-worker","OK",1783218875536,74844,1354
909,1783218875595,79212,74904,0,0,0,0,0,1,72,74,86,90,76,166.65,76,-18,-11,-998,-1,0,0,0,-25,0,-25,0,"keyboard-worker","OK",1783218875586,74894,1355
910,1783218875736,79353,75045,0,0,0,0,0,1,72,75,85,90,76,165.96,76,-11,18,-1028,-1,0,0,0,-25,0,-25,0,"keyboard-worker","OK",1783218875736,75045,1358
911,1783218875830,79447,75138,0,0,0,0,0,1,72,75,84,90,76,166.33,76,-24,14,-991,-1,0,0,0,0,0,-25,0,"keyboard-worker","OK",1783218875786,75095,1359
912,1783218875924,79541,75232,0,-1,0,0,0,1,72,75,83,90,76,166.42,76,1,23,-1042,-1,0,0,0,0,0,-25,0,"keyboard-worker","OK",1783218875886,75195,1361
913,1783218876018,79635,75327,0,-1,0,0,0,0,72,75,82,90,76,166.33,77,-1,18,-995,-1,0,0,0,0,0,-25,0,"keyboard-worker","OK",1783218875986,75295,1363
914,1783218876112,79729,75421,0,0,0,0,0,0,72,75,80,90,76,166.04,77,13,0,-980,-1,0,0,0,0,0,-25,0,"keyboard-worker","OK",1783218876087,75395,1365
915,1783218876158,79775,75467,0,0,0,0,0,1,72,75,79,90,76,166.24,77,-22,20,-964,-1,0,0,0,0,0,-25,0,"keyboard-worker","OK",1783218876137,75445,1366
916,1783218876252,79869,75561,0,0,0,0,0,1,72,75,77,80,76,165.97,77,12,-9,-972,-1,0,0,0,0,0,-25,0,"keyboard-worker","OK",1783218876237,75545,1368
917,1783218876347,79964,75656,0,0,0,0,0,1,72,75,75,80,75,166.54,77,-11,-4,-979,-1,0,0,0,0,0,-25,0,"keyboard-worker","OK",1783218876337,75646,1370
918,1783218876440,80057,75749,0,0,0,0,0,1,72,75,74,80,75,166.33,77,-38,16,-1047,-1,0,0,0,0,0,-25,0,"keyboard-worker","OK",1783218876437,75746,1372
919,1783218876534,80151,75843,0,1,0,0,0,1,72,75,73,80,75,166.31,77,-6,-10,-996,-1,0,0,0,0,0,-25,0,"keyboard-worker","OK",1783218876487,75796,1373
920,1783218876628,80245,75937,0,0,0,0,0,0,72,76,71,80,75,166.38,77,23,0,-911,-1,0,0,0,0,0,-25,0,"keyboard-worker","OK",1783218876587,75896,1375
921,1783218876722,80339,76030,0,0,0,0,0,1,72,76,69,80,75,166.01,77,6,14,-1031,-1,0,0,0,0,0,-25,0,"keyboard-worker","OK",1783218876687,75996,1377
922,1783218876816,80433,76125,0,0,0,0,0,1,72,76,67,80,75,166.19,77,2,-13,-933,-1,0,0,0,0,0,-25,0,"keyboard-worker","OK",1783218876788,76096,1379
923,1783218876910,80527,76218,0,0,0,0,0,1,72,76,65,70,75,166.13,78,-35,20,-1080,-1,0,0,0,0,0,-25,0,"keyboard-worker","OK",1783218876888,76196,1381
924,1783218877003,80620,76312,0,0,0,0,0,1,72,76,63,70,75,166.29,78,9,-10,-959,-1,0,0,0,0,0,-25,0,"keyboard-worker","OK",1783218876988,76297,1383
925,1783218877097,80714,76406,0,0,0,0,0,1,72,76,61,70,75,166.12,78,-12,1,-1013,-1,0,0,0,0,0,-25,0,"keyboard-worker","OK",1783218877088,76397,1385
926,1783218877191,80808,76500,0,0,0,0,0,1,72,76,59,70,75,166.22,78,-3,13,-1002,-1,0,0,0,0,0,0,0,"keyboard-worker","OK",1783218877188,76497,1387
927,1783218877287,80904,76595,0,0,0,0,0,1,72,76,56,70,75,165.95,78,15,2,-1024,-1,0,0,0,0,0,0,0,"keyboard-worker","OK",1783218877238,76547,1388
928,1783218877379,80996,76688,0,0,0,0,0,1,72,76,54,60,75,166.37,78,-13,11,-1056,-1,0,0,0,0,0,25,0,"keyboard-worker","OK",1783218877338,76647,1390
929,1783218877473,81090,76782,0,0,0,0,0,0,72,76,53,60,75,166.26,78,-1,12,-1022,-1,0,0,0,0,0,25,0,"keyboard-worker","OK",1783218877439,76747,1392
930,1783218877568,81185,76876,0,0,0,0,0,0,72,74,52,60,75,166.25,78,34,-14,-1020,-1,0,0,0,0,0,25,0,"keyboard-worker","OK",1783218877539,76847,1394
931,1783218877663,81280,76972,0,0,0,0,0,0,72,74,51,60,75,166.21,78,4,-13,-1068,-1,0,0,0,0,0,25,0,"keyboard-worker","OK",1783218877639,76948,1396
932,1783218877759,81376,77068,0,0,0,0,0,0,72,74,52,60,75,165.88,78,10,9,-989,-1,0,0,0,0,0,25,-25,"keyboard-worker","OK",1783218877739,77048,1398
933,1783218877852,81469,77161,0,0,0,0,0,0,72,74,52,60,75,166.19,79,-10,23,-1017,-1,0,0,0,0,0,25,-25,"keyboard-worker","OK",1783218877839,77148,1400
934,1783218877949,81566,77257,0,0,-1,0,0,0,72,74,54,60,75,166.21,79,-19,-2,-1111,-1,0,0,0,0,0,25,-25,"keyboard-worker","OK",1783218877939,77248,1402
935,1783218878048,81665,77357,0,0,-2,0,0,-1,72,74,56,60,75,166.03,79,-10,12,-998,-1,0,0,0,0,0,25,0,"keyboard-worker","OK",1783218878040,77348,1404
936,1783218878143,81760,77451,0,0,-3,0,0,-1,72,74,58,60,75,166.21,79,8,0,-978,-1,0,0,0,0,0,25,0,"keyboard-worker","OK",1783218878140,77449,1406
937,1783218878240,81857,77549,0,0,-3,0,0,0,72,74,61,60,75,166.29,79,0,-12,-992,-1,0,0,0,0,0,25,0,"keyboard-worker","OK",1783218878240,77549,1408
938,1783218878337,81954,77646,0,0,-3,0,0,-1,72,74,63,60,75,166.11,79,4,-6,-1057,-1,0,0,0,0,0,25,0,"keyboard-worker","OK",1783218878290,77599,1409
939,1783218878434,82051,77743,0,0,-3,0,0,-1,72,74,66,70,75,166.17,79,10,-9,-1016,-1,0,0,0,0,0,25,-25,"keyboard-worker","OK",1783218878390,77699,1411
940,1783218878531,82148,77840,0,0,-3,0,0,-1,73,75,68,70,75,166.5,79,-46,-3,-1047,-1,0,0,0,0,0,25,-25,"keyboard-worker","OK",1783218878491,77799,1413
941,1783218878628,82245,77937,0,0,-4,0,0,-1,73,75,71,70,75,166.18,79,-15,-13,-971,-1,0,0,0,0,0,25,-25,"keyboard-worker","OK",1783218878591,77899,1415
942,1783218878726,82343,78034,0,0,-5,0,0,-1,73,75,74,70,75,166.1,79,-28,12,-979,-1,0,0,0,0,0,25,0,"keyboard-worker","OK",1783218878691,78000,1417
943,1783218878823,82440,78131,0,0,-6,0,0,-1,73,75,76,80,75,166.33,80,5,-20,-964,-1,0,0,0,0,0,25,0,"keyboard-worker","OK",1783218878791,78100,1419
944,1783218878920,82537,78229,0,0,-6,0,0,-1,73,75,78,80,75,166.13,80,-4,-6,-1048,-1,0,0,0,0,0,25,0,"keyboard-worker","OK",1783218878891,78200,1421
945,1783218879017,82634,78326,0,0,-6,0,0,-2,73,75,81,80,75,166.1,80,-22,7,-969,-1,0,0,0,0,0,25,-25,"keyboard-worker","OK",1783218878991,78300,1423
946,1783218879114,82731,78423,0,0,-6,0,0,-1,73,75,83,80,75,166.16,80,-5,1,-972,-1,0,0,0,0,0,25,-25,"keyboard-worker","OK",1783218879091,78400,1425
947,1783218879211,82828,78520,0,0,-6,0,0,-1,73,75,85,80,75,166.41,80,-10,9,-1030,-1,0,0,0,0,0,25,0,"keyboard-worker","OK",1783218879192,78500,1427
948,1783218879308,82925,78617,0,0,-7,0,0,-1,73,75,86,90,75,166.52,80,6,-16,-946,-1,0,0,0,0,0,25,0,"keyboard-worker","OK",1783218879292,78601,1429
949,1783218879406,83023,78714,0,0,-7,0,0,-1,73,75,87,90,75,166.21,80,10,-5,-954,-1,0,0,0,0,0,25,0,"keyboard-worker","OK",1783218879392,78701,1431
950,1783218879503,83120,78811,0,0,-7,0,0,-1,71,75,89,90,75,166.23,80,4,-12,-1022,-1,0,0,0,0,0,25,0,"keyboard-worker","OK",1783218879492,78801,1433
951,1783218879600,83217,78908,0,0,-7,0,0,-1,71,75,90,90,75,166.37,80,-31,5,-1061,-1,0,0,0,0,0,25,0,"keyboard-worker","OK",1783218879592,78901,1435
952,1783218879698,83315,79007,0,0,-7,0,0,-1,71,75,91,90,75,166.38,80,28,-15,-981,-1,0,0,0,0,0,25,0,"keyboard-worker","OK",1783218879692,79001,1437
953,1783218879794,83411,79103,0,0,-7,0,0,-1,71,75,92,100,75,166.7,81,4,-8,-1009,-1,0,0,0,0,0,25,0,"keyboard-worker","OK",1783218879793,79101,1439
954,1783218879843,83460,79151,0,0,-7,0,0,-1,71,75,94,100,75,166.58,81,17,-2,-924,-1,0,0,0,0,0,25,0,"keyboard-worker","OK",1783218879843,79151,1440
955,1783218879940,83557,79249,0,0,-7,0,0,0,71,75,94,100,75,166.68,81,33,-11,-1001,-1,0,0,0,0,0,25,0,"keyboard-worker","OK",1783218879893,79202,1441
956,1783218880037,83654,79346,1,0,-7,0,0,0,71,75,95,100,75,166.46,81,19,-15,-1068,-1,0,0,0,0,0,25,0,"keyboard-worker","OK",1783218879993,79302,1443
957,1783218880134,83751,79443,0,0,-7,0,0,-1,71,75,96,100,75,166.53,81,20,-5,-961,-1,0,0,0,0,0,25,0,"keyboard-worker","OK",1783218880093,79402,1445
958,1783218880231,83848,79540,0,0,-7,0,0,0,71,75,97,100,75,166.71,81,-10,-4,-1024,-1,0,0,0,0,0,25,0,"keyboard-worker","OK",1783218880193,79502,1447
959,1783218880328,83945,79637,0,0,-7,0,0,-1,71,75,99,100,75,166.23,81,27,-17,-1054,-1,0,0,0,0,0,25,0,"keyboard-worker","OK",1783218880294,79602,1449
960,1783218880429,84046,79737,0,0,-7,0,0,-1,72,76,101,100,75,166.51,81,-12,10,-1036,-1,0,0,0,0,0,25,0,"keyboard-worker","OK",1783218880394,79702,1451
961,1783218880523,84140,79831,0,0,-7,0,0,-1,72,76,102,110,75,166.48,81,11,-19,-837,-1,0,0,0,0,0,25,0,"keyboard-worker","OK",1783218880494,79803,1453
962,1783218880620,84237,79928,0,0,-7,0,0,-1,72,76,103,110,75,166.61,81,-41,19,-1058,-1,0,0,0,0,0,25,0,"keyboard-worker","OK",1783218880594,79903,1455
963,1783218880717,84334,80026,0,0,-7,0,0,-1,72,76,105,110,75,166.58,82,-6,-9,-963,-1,0,0,0,0,0,25,0,"keyboard-worker","OK",1783218880694,80003,1457
964,1783218880814,84431,80123,0,0,-7,0,0,-1,72,76,106,110,75,166.59,82,16,-16,-978,-1,0,0,0,0,0,25,0,"keyboard-worker","OK",1783218880794,80103,1459
965,1783218880912,84529,80220,0,0,-7,0,0,-1,72,76,107,110,75,166.69,82,-12,6,-965,-1,0,0,0,0,0,25,0,"keyboard-worker","OK",1783218880895,80203,1461
966,1783218881008,84625,80317,0,0,-7,0,0,-1,72,76,108,110,75,166.61,82,-2,-6,-962,-1,0,0,0,0,0,25,0,"keyboard-worker","OK",1783218880995,80303,1463
967,1783218881105,84722,80414,0,0,-7,0,0,-1,72,76,109,120,75,166.6,82,-4,6,-1032,-1,0,0,0,0,0,25,0,"keyboard-worker","OK",1783218881095,80404,1465
968,1783218881203,84820,80511,0,0,-7,0,0,-1,72,76,110,120,75,166.7,82,4,-10,-1039,-1,0,0,0,0,0,25,0,"keyboard-worker","OK",1783218881195,80504,1467
969,1783218881300,84917,80608,0,0,-7,0,0,0,72,76,111,120,75,166.75,82,8,-22,-938,-1,0,0,0,0,0,25,0,"keyboard-worker","OK",1783218881295,80604,1469
970,1783218881397,85014,80706,0,0,-7,0,0,0,73,75,112,120,75,166.8,82,-1,8,-1024,-1,0,0,0,0,0,25,0,"keyboard-worker","OK",1783218881395,80704,1471
971,1783218881495,85112,80804,0,0,-7,0,0,-1,73,75,112,120,75,166.57,82,19,-20,-922,-1,0,0,0,0,0,25,0,"keyboard-worker","OK",1783218881445,80754,1472
972,1783218881593,85210,80901,0,0,-7,0,0,-1,73,75,113,120,75,166.54,83,9,-4,-1033,-1,0,0,0,0,0,25,0,"keyboard-worker","OK",1783218881546,80854,1474
973,1783218881689,85306,80998,0,0,-7,0,0,-1,73,75,115,120,75,166.69,83,-12,0,-1029,-1,0,0,0,0,0,25,0,"keyboard-worker","OK",1783218881646,80955,1476
974,1783218881786,85403,81095,0,0,-7,0,0,0,73,75,115,120,75,166.52,83,21,-4,-988,-1,0,0,0,0,0,25,0,"keyboard-worker","OK",1783218881746,81055,1478
975,1783218881886,85503,81194,0,0,-7,0,0,-1,73,75,116,120,75,166.65,83,29,-14,-983,-1,0,0,0,0,0,25,0,"keyboard-worker","OK",1783218881846,81155,1480
976,1783218881981,85598,81289,0,0,-7,0,0,-1,73,75,117,120,75,166.57,83,-2,-4,-996,-1,0,0,0,0,0,25,0,"keyboard-worker","OK",1783218881946,81255,1482
977,1783218882079,85696,81388,0,0,-7,0,0,-1,73,75,118,120,75,166.53,83,3,-9,-1002,-1,0,0,0,0,0,25,0,"keyboard-worker","OK",1783218882046,81355,1484
978,1783218882175,85792,81484,0,0,-7,0,0,-1,73,75,119,130,75,166.4,83,24,-12,-997,-1,0,0,0,0,0,25,0,"keyboard-worker","OK",1783218882147,81455,1486
979,1783218882272,85889,81581,0,0,-7,0,0,-1,73,75,120,130,75,166.35,83,24,-4,-1015,-1,0,0,0,0,0,25,0,"keyboard-worker","OK",1783218882247,81555,1488
980,1783218882372,85989,81680,0,0,-7,0,0,-1,73,75,121,130,75,166.61,83,8,-10,-1005,-1,0,0,0,0,0,25,0,"keyboard-worker","OK",1783218882347,81656,1490
981,1783218882469,86086,81778,0,0,-7,0,0,-1,73,75,122,130,75,166.76,83,-24,-8,-981,-1,0,0,0,0,0,25,0,"keyboard-worker","OK",1783218882447,81756,1492
982,1783218882564,86181,81873,0,0,-7,0,0,-1,73,75,124,130,75,166.79,84,10,12,-980,-1,0,0,0,0,0,25,0,"keyboard-worker","OK",1783218882547,81856,1494
983,1783218882661,86278,81970,0,0,-7,0,0,-1,73,75,124,130,75,166.81,84,35,-11,-1023,-1,0,0,0,0,0,25,0,"keyboard-worker","OK",1783218882648,81956,1496
984,1783218882759,86376,82068,0,0,-7,0,0,-1,73,75,125,130,75,166.9,84,-5,0,-985,-1,0,0,0,0,0,25,0,"keyboard-worker","OK",1783218882748,82057,1498
985,1783218882855,86472,82164,0,0,-7,0,0,-1,73,75,126,130,75,166.94,84,29,-11,-1013,-1,0,0,0,0,0,25,0,"keyboard-worker","OK",1783218882848,82157,1500
986,1783218882952,86569,82261,0,0,-7,0,0,-1,73,75,127,130,75,166.58,84,10,-11,-1015,-1,0,0,0,0,0,25,0,"keyboard-worker","OK",1783218882948,82257,1502
987,1783218883050,86667,82359,0,0,-7,0,0,-1,73,75,128,130,75,166.81,84,-6,-1,-979,-1,0,0,0,0,0,25,0,"keyboard-worker","OK",1783218883048,82357,1504
988,1783218883098,86715,82406,0,0,-7,0,0,-1,73,75,129,140,75,166.6,84,17,-10,-1025,-1,0,0,0,0,0,25,0,"keyboard-worker","OK",1783218883048,82357,1504
989,1783218883195,86812,82504,0,0,-7,0,0,-1,73,75,130,140,75,166.67,84,-2,0,-972,-1,0,0,0,0,0,25,0,"keyboard-worker","OK",1783218883149,82457,1506
990,1783218883293,86910,82602,0,0,-7,0,0,-1,73,75,130,140,75,166.96,84,-8,-12,-1034,-1,0,0,0,0,0,25,0,"keyboard-worker","OK",1783218883249,82557,1508
991,1783218883389,87006,82698,0,0,-7,0,0,-1,73,75,131,140,75,166.58,84,30,-9,-989,-1,0,0,0,0,0,25,0,"keyboard-worker","OK",1783218883349,82658,1510
992,1783218883488,87105,82797,0,0,-7,0,0,0,73,75,133,140,75,167.09,85,13,0,-986,-1,0,0,0,0,0,25,0,"keyboard-worker","OK",1783218883449,82758,1512
993,1783218883583,87200,82892,0,0,-7,0,0,-1,73,75,133,140,75,166.63,85,-3,-6,-1051,-1,0,0,0,0,0,25,0,"keyboard-worker","OK",1783218883549,82858,1514
994,1783218883681,87298,82989,0,0,-7,0,0,-1,73,75,134,140,75,166.56,85,6,-13,-1004,-1,0,0,0,0,0,25,0,"keyboard-worker","OK",1783218883649,82958,1516
995,1783218883778,87395,83086,0,0,-7,0,0,-1,73,75,135,140,75,167.07,85,-6,9,-988,-1,0,0,0,0,0,25,0,"keyboard-worker","OK",1783218883750,83058,1518
996,1783218883875,87492,83184,0,0,-7,0,0,-1,73,75,137,140,75,166.89,85,23,-7,-964,-1,0,0,0,0,0,25,0,"keyboard-worker","OK",1783218883850,83159,1520
997,1783218883973,87590,83282,0,0,-7,0,0,-1,73,75,138,140,74,166.96,85,14,-6,-994,-1,0,0,0,0,0,25,0,"keyboard-worker","OK",1783218883950,83259,1522
998,1783218884069,87686,83378,0,0,-7,0,0,-1,73,75,139,150,74,166.63,85,-15,18,-1046,-1,0,0,0,0,0,25,0,"keyboard-worker","OK",1783218884050,83359,1524
999,1783218884166,87783,83475,0,0,-7,0,0,-1,73,75,139,150,74,166.98,85,17,3,-1004,-1,0,0,0,0,0,25,0,"keyboard-worker","OK",1783218884150,83459,1526
1000,1783218884264,87881,83573,0,0,-7,0,0,-1,73,75,140,150,74,167.02,85,6,12,-973,-1,0,0,0,0,0,25,0,"keyboard-worker","OK",1783218884250,83559,1528
1001,1783218884362,87979,83670,0,0,-7,0,0,-1,73,75,140,150,74,166.79,85,-5,0,-1064,-1,0,0,0,0,0,25,0,"keyboard-worker","OK",1783218884351,83659,1530
1002,1783218884459,88076,83767,0,0,-7,0,0,-1,73,75,141,150,74,166.96,86,24,-19,-979,-1,0,0,0,0,0,25,0,"keyboard-worker","OK",1783218884451,83759,1532
1003,1783218884556,88173,83865,0,0,-7,0,0,-1,73,75,140,150,74,166.94,86,8,-4,-945,-1,0,0,0,0,0,25,0,"keyboard-worker","OK",1783218884551,83860,1534
1004,1783218884653,88270,83962,0,0,-7,0,0,0,73,75,141,150,74,166.75,86,31,-4,-916,-1,0,0,0,0,0,25,0,"keyboard-worker","OK",1783218884651,83960,1536
1005,1783218884750,88367,84059,1,0,-7,0,0,0,73,75,141,150,74,167.04,86,29,-23,-1045,-1,0,0,0,0,0,25,0,"keyboard-worker","OK",1783218884701,84010,1537
1006,1783218884847,88464,84156,1,0,-7,0,0,0,73,75,140,150,74,166.84,86,25,-10,-969,-1,0,0,0,0,0,25,0,"keyboard-worker","OK",1783218884801,84110,1539
1007,1783218884944,88561,84253,1,0,-7,0,0,0,73,75,141,150,74,167.08,86,-6,5,-1027,-1,0,0,0,0,0,25,0,"keyboard-worker","OK",1783218884902,84210,1541
1008,1783218885042,88659,84350,0,1,-7,0,0,-1,73,75,141,150,74,166.86,86,16,-2,-1040,-1,0,0,0,0,0,25,0,"keyboard-worker","OK",1783218885002,84310,1543
1009,1783218885139,88756,84447,0,0,-7,0,0,0,73,75,141,150,74,166.79,86,1,-13,-950,-1,0,0,0,0,0,25,0,"keyboard-worker","OK",1783218885102,84411,1545
1010,1783218885236,88853,84545,0,0,-7,0,0,0,73,75,142,150,74,166.82,86,38,-10,-992,-1,0,0,0,0,0,25,0,"keyboard-worker","OK",1783218885202,84511,1547
1011,1783218885333,88950,84642,0,0,-7,0,0,0,73,75,142,150,74,166.76,86,40,-22,-1013,-1,0,0,0,0,0,25,0,"keyboard-worker","OK",1783218885302,84611,1549
1012,1783218885431,89048,84740,1,0,-7,0,0,0,73,75,143,150,74,167.22,87,10,-7,-1024,-1,0,0,0,0,0,25,0,"keyboard-worker","OK",1783218885403,84711,1551
1013,1783218885528,89145,84837,1,0,-7,0,0,0,73,75,145,150,74,166.59,87,5,-2,-1037,-1,0,0,0,0,0,25,0,"keyboard-worker","OK",1783218885503,84811,1553
1014,1783218885624,89241,84933,1,0,-7,0,0,0,73,75,146,150,74,167.05,87,43,-31,-1001,-1,0,0,0,0,0,25,0,"keyboard-worker","OK",1783218885603,84912,1555
1015,1783218885722,89339,85030,1,0,-7,0,0,0,73,75,148,150,74,166.91,87,18,-14,-1022,-1,0,0,0,0,0,25,0,"keyboard-worker","OK",1783218885703,85012,1557
1016,1783218885819,89436,85127,1,0,-7,0,0,-1,73,75,151,150,74,167.2,87,-13,0,-1061,-1,0,0,0,0,0,25,0,"keyboard-worker","OK",1783218885803,85112,1559
1017,1783218885916,89533,85225,0,0,-7,0,0,-1,73,75,153,160,74,166.57,87,46,-3,-991,-1,0,0,0,0,0,25,0,"keyboard-worker","OK",1783218885904,85212,1561
1018,1783218886014,89631,85323,0,0,-7,0,0,-1,73,75,157,160,74,166.91,87,27,-24,-939,-1,0,0,0,0,0,25,0,"keyboard-worker","OK",1783218886004,85313,1563
1019,1783218886118,89735,85427,0,0,-7,0,0,-1,73,75,159,160,74,166.87,87,0,6,-1010,-1,0,0,0,0,0,0,0,"keyboard-worker","OK",1783218886104,85413,1565
1020,1783218886219,89836,85528,0,0,-7,0,0,-1,73,75,161,160,74,167.16,87,-11,5,-972,-1,0,0,0,0,0,0,0,"keyboard-worker","OK",1783218886205,85513,1567
1021,1783218886321,89938,85630,0,0,-7,0,0,-1,73,75,163,160,74,167.1,87,39,-20,-995,-1,0,0,0,0,0,-25,0,"keyboard-worker","OK",1783218886305,85614,1569
1022,1783218886424,90041,85732,0,0,-7,0,0,0,73,75,165,170,74,167.09,88,16,-15,-886,-1,0,0,0,0,0,-25,0,"keyboard-worker","OK",1783218886406,85714,1571
1023,1783218886526,90143,85834,0,0,-7,0,0,0,73,75,166,170,74,166.79,88,-16,-5,-906,-1,0,0,0,0,0,-25,0,"keyboard-worker","OK",1783218886506,85815,1573
1024,1783218886628,90245,85937,0,0,-7,0,0,0,73,75,166,170,74,167,88,-1,-5,-985,-1,0,0,0,0,0,-25,0,"keyboard-worker","OK",1783218886606,85915,1575
1025,1783218886730,90347,86039,0,0,-7,0,0,0,73,75,167,170,74,166.98,88,-9,-2,-940,-1,0,0,0,0,0,-25,0,"keyboard-worker","OK",1783218886707,86016,1577
1026,1783218886781,90398,86090,0,0,-7,0,0,0,73,75,166,170,74,166.96,88,35,-20,-901,-1,0,0,0,0,0,-25,0,"keyboard-worker","OK",1783218886757,86066,1578
1027,1783218886884,90501,86192,0,0,-7,0,0,0,73,75,165,170,74,167.01,88,37,-16,-967,-1,0,0,0,0,0,-25,0,"keyboard-worker","OK",1783218886858,86166,1580
1028,1783218886986,90603,86294,0,0,-7,0,0,0,73,75,165,170,74,166.95,88,9,-17,-1002,-1,0,0,0,0,0,-25,0,"keyboard-worker","OK",1783218886958,86267,1582
1029,1783218887088,90705,86397,0,0,-7,0,0,1,73,75,163,170,74,167.27,88,5,-14,-1013,-1,0,0,0,0,0,-25,0,"keyboard-worker","OK",1783218887058,86367,1584
1030,1783218887242,90859,86550,0,0,-7,0,0,0,73,75,163,170,74,167.07,88,16,-5,-1004,-1,0,0,0,0,0,-25,0,"keyboard-worker","OK",1783218887209,86518,1587
1031,1783218889456,93073,86601,0,0,-7,0,0,0,73,75,162,170,74,167.06,88,23,-16,-910,-1,0,0,0,0,0,-25,0,"keyboard-worker","OK",1783218889423,86568,1588
1032,1783218889559,93176,86704,0,0,-7,0,0,1,73,75,160,170,74,166.85,89,12,-18,-990,-1,0,0,0,0,0,-25,0,"keyboard-worker","OK",1783218889524,86669,1590
1033,1783218889661,93278,86806,0,0,-7,0,0,0,73,75,159,160,74,166.92,89,2,4,-1040,-1,0,0,0,0,0,-25,0,"keyboard-worker","OK",1783218889624,86769,1592
1034,1783218889763,93380,86908,0,0,-7,0,0,0,73,75,158,160,74,166.97,89,29,5,-985,-1,0,0,0,0,0,-25,0,"keyboard-worker","OK",1783218889725,86870,1594
1035,1783218889865,93482,87010,0,0,-7,0,0,1,73,75,155,160,74,166.69,89,15,4,-994,-1,0,0,0,0,0,-25,0,"keyboard-worker","OK",1783218889825,86970,1596
1036,1783218889968,93585,87113,0,0,-7,0,0,1,73,75,153,160,74,166.78,89,4,-15,-950,-1,0,0,0,0,0,-25,0,"keyboard-worker","OK",1783218889925,87070,1598
1037,1783218890070,93687,87215,0,0,-7,0,0,1,73,75,151,160,74,166.9,89,-10,2,-1045,-1,0,0,0,0,0,-25,0,"keyboard-worker","OK",1783218890026,87170,1600
1038,1783218890173,93790,87317,0,0,-7,0,0,1,73,75,150,160,74,166.71,89,23,0,-979,-1,0,0,0,0,0,-25,0,"keyboard-worker","OK",1783218890126,87271,1602
1039,1783218890275,93892,87419,0,0,-7,0,0,1,73,75,148,160,74,166.55,89,21,-21,-1010,-1,0,0,0,0,0,-25,0,"keyboard-worker","OK",1783218890226,87371,1604
1040,1783218890378,93995,87523,0,0,-7,0,0,1,73,75,145,150,74,166.93,89,-1,4,-1009,-1,0,0,0,0,0,-25,0,"keyboard-worker","OK",1783218890376,87521,1607
1041,1783218890479,94096,87624,0,0,-7,0,0,1,73,75,144,150,74,166.78,89,14,-8,-941,-1,0,0,0,0,0,-25,0,"keyboard-worker","OK",1783218890477,87622,1609
1042,1783218890582,94199,87727,0,0,-7,0,0,1,73,75,141,150,74,167.01,90,9,-13,-1010,-1,0,0,0,0,0,-25,0,"keyboard-worker","OK",1783218890577,87722,1611
1043,1783218890684,94301,87828,0,0,-7,0,0,1,73,75,140,150,74,166.79,90,26,-18,-1003,-1,0,0,0,0,0,-25,0,"keyboard-worker","OK",1783218890677,87822,1613
1044,1783218890786,94403,87931,0,0,-7,0,0,1,73,75,137,150,74,166.71,90,-3,5,-998,-1,0,0,0,0,0,-25,0,"keyboard-worker","OK",1783218890778,87923,1615
1045,1783218890889,94506,88034,0,0,-7,0,0,1,73,75,135,140,74,166.83,90,8,10,-1016,-1,0,0,0,0,0,-25,0,"keyboard-worker","OK",1783218890878,88023,1617
1046,1783218890990,94607,88135,0,0,-7,0,0,1,73,75,133,140,74,166.78,90,0,-1,-984,-1,0,0,0,0,0,-25,0,"keyboard-worker","OK",1783218890978,88123,1619
1047,1783218891093,94710,88237,0,0,-7,0,0,1,73,75,132,140,74,166.73,90,17,1,-1029,-1,0,0,0,0,0,-25,0,"keyboard-worker","OK",1783218891078,88223,1621
1048,1783218891195,94812,88340,0,0,-7,0,0,1,73,75,130,140,74,166.79,90,4,-6,-1009,-1,0,0,0,0,0,-25,0,"keyboard-worker","OK",1783218891179,88324,1623
1049,1783218891297,94914,88442,0,0,-7,0,0,1,73,75,128,140,74,166.6,90,-7,-15,-987,-1,0,0,0,0,0,-25,0,"keyboard-worker","OK",1783218891279,88424,1625
1050,1783218891400,95017,88545,0,0,-7,0,0,1,73,76,127,130,74,166.71,90,23,-3,-1010,-1,0,0,0,0,0,-25,0,"keyboard-worker","OK",1783218891379,88524,1627
1051,1783218891502,95119,88647,0,0,-7,0,0,1,73,76,125,130,74,166.66,90,33,1,-1032,-1,0,0,0,0,0,-25,0,"keyboard-worker","OK",1783218891479,88624,1629
1052,1783218891604,95221,88749,0,0,-7,0,0,1,73,76,123,130,74,166.47,91,-11,0,-995,-1,0,0,0,0,0,-25,0,"keyboard-worker","OK",1783218891579,88724,1631
1053,1783218891707,95324,88852,0,0,-7,0,0,1,73,76,123,130,74,166.71,91,19,-14,-998,-1,0,0,0,0,0,-25,0,"keyboard-worker","OK",1783218891680,88825,1633
1054,1783218891808,95425,88953,0,0,-7,0,0,1,73,76,121,130,74,166.66,91,-19,-5,-1041,-1,0,0,0,0,0,-25,0,"keyboard-worker","OK",1783218891780,88925,1635
1055,1783218891911,95528,89056,0,0,-7,0,0,1,73,76,119,130,74,166.62,91,32,-4,-1020,-1,0,0,0,0,0,-25,0,"keyboard-worker","OK",1783218891880,89025,1637
1056,1783218892013,95630,89158,0,0,-7,0,0,1,73,76,118,120,74,166.59,91,-12,3,-997,-1,0,0,0,0,0,-25,0,"keyboard-worker","OK",1783218891980,89125,1639
1057,1783218892115,95732,89260,0,0,-7,0,0,1,73,76,117,120,74,166.42,91,13,-4,-1023,-1,0,0,0,0,0,-25,0,"keyboard-worker","OK",1783218892081,89226,1641
1058,1783218892217,95834,89362,0,0,-7,0,0,1,73,76,115,120,74,166.62,91,5,-7,-1011,-1,0,0,0,0,0,-25,0,"keyboard-worker","OK",1783218892181,89326,1643
1059,1783218892320,95937,89465,0,0,-7,0,0,1,73,76,115,120,74,166.4,91,2,3,-1005,-1,0,0,0,0,0,-25,0,"keyboard-worker","OK",1783218892281,89426,1645
1060,1783218892422,96039,89567,0,0,-7,0,0,1,73,76,114,120,74,166.56,91,27,1,-1011,-1,0,0,0,0,0,-25,0,"keyboard-worker","OK",1783218892381,89526,1647
1061,1783218892525,96142,89670,0,0,-7,0,0,1,73,76,113,120,74,166.34,91,1,-7,-994,-1,0,0,0,0,0,-25,0,"keyboard-worker","OK",1783218892482,89626,1649
1062,1783218892622,96239,89767,0,0,-7,0,0,1,73,76,112,120,74,166.32,92,-12,-9,-988,-1,0,0,0,0,0,-25,0,"keyboard-worker","OK",1783218892582,89727,1651
1063,1783218892719,96336,89864,0,0,-7,0,0,1,73,76,110,120,74,166.38,92,13,0,-1052,-1,0,0,0,0,0,-25,0,"keyboard-worker","OK",1783218892682,89827,1653
1064,1783218892816,96433,89961,0,0,-7,0,0,1,73,76,109,110,74,166.48,92,13,-4,-1011,-1,0,0,0,0,0,-25,0,"keyboard-worker","OK",1783218892782,89927,1655
1065,1783218892912,96529,90057,0,0,-7,0,0,1,73,76,108,110,74,166.31,92,-15,10,-1000,-1,0,0,0,0,0,-25,0,"keyboard-worker","OK",1783218892882,90027,1657
1066,1783218892960,96577,90105,0,0,-7,0,0,1,73,76,107,110,74,166.52,92,-2,-2,-967,-1,0,0,0,0,0,-25,0,"keyboard-worker","OK",1783218892932,90077,1658
1067,1783218893057,96674,90202,0,0,-7,0,0,1,73,76,106,110,74,166.42,92,-17,4,-1001,-1,0,0,0,0,0,-25,0,"keyboard-worker","OK",1783218893032,90177,1660
1068,1783218893154,96771,90299,0,0,-7,0,0,1,73,76,105,110,74,166.45,92,8,4,-987,-1,0,0,0,0,0,-25,0,"keyboard-worker","OK",1783218893133,90278,1662
1069,1783218893251,96868,90396,0,0,-7,0,0,1,73,76,104,110,74,166.65,92,38,0,-970,-1,0,0,0,0,0,-25,0,"keyboard-worker","OK",1783218893233,90378,1664
1070,1783218893347,96964,90492,0,0,-7,0,0,1,74,77,103,110,74,166.14,92,-16,-3,-943,-1,0,0,0,0,0,-25,0,"keyboard-worker","OK",1783218893333,90478,1666
1071,1783218893443,97060,90588,0,0,-7,0,0,1,74,77,101,110,74,166.33,92,0,10,-1029,-1,0,0,0,0,0,-25,0,"keyboard-worker","OK",1783218893433,90578,1668
1072,1783218893540,97157,90685,0,0,-7,0,0,1,74,77,100,110,74,166.48,93,31,2,-1010,-1,0,0,0,0,0,-25,0,"keyboard-worker","OK",1783218893533,90678,1670
1073,1783218893637,97254,90782,0,0,-7,0,0,1,74,77,99,100,74,166.66,93,1,0,-1009,-1,0,0,0,0,0,-25,0,"keyboard-worker","OK",1783218893634,90779,1672
1074,1783218893733,97350,90878,0,0,-7,0,0,1,74,77,98,100,74,166.3,93,8,3,-1000,-1,0,0,0,0,0,-25,0,"keyboard-worker","OK",1783218893684,90829,1673
1075,1783218893830,97447,90975,0,0,-7,0,0,1,74,77,97,100,74,166.56,93,1,-3,-984,-1,0,0,0,0,0,-25,0,"keyboard-worker","OK",1783218893784,90929,1675
1076,1783218893927,97544,91071,0,0,-7,0,0,1,74,77,95,100,74,166.38,93,4,-1,-986,-1,0,0,0,0,0,-25,0,"keyboard-worker","OK",1783218893884,91029,1677
1077,1783218894023,97640,91168,0,0,-7,0,0,1,74,77,94,100,74,166.52,93,11,-2,-989,-1,0,0,0,0,0,-25,0,"keyboard-worker","OK",1783218893984,91129,1679
1078,1783218894120,97737,91265,0,0,-7,0,0,1,74,77,93,100,74,166.24,93,-1,3,-985,-1,0,0,0,0,0,-25,0,"keyboard-worker","OK",1783218894084,91229,1681
1079,1783218894216,97833,91361,0,0,-7,0,0,1,74,77,92,100,74,166.31,93,19,9,-966,-1,0,0,0,0,0,-25,0,"keyboard-worker","OK",1783218894185,91329,1683
1080,1783218894315,97932,91460,0,0,-7,0,0,1,74,76,90,100,74,166.1,93,-1,5,-994,-1,0,0,0,0,0,-25,0,"keyboard-worker","OK",1783218894285,91430,1685
1081,1783218894410,98027,91555,0,0,-7,0,0,1,74,76,88,100,74,166.5,93,-1,-5,-993,-1,0,0,0,0,0,-25,0,"keyboard-worker","OK",1783218894385,91530,1687
1082,1783218894506,98123,91651,0,0,-7,0,0,1,74,76,87,90,74,166.42,94,1,-4,-1013,-1,0,0,0,0,0,-25,0,"keyboard-worker","OK",1783218894485,91630,1689
1083,1783218894603,98220,91748,0,0,-7,0,0,1,74,76,86,90,74,166.45,94,-5,0,-1003,-1,0,0,0,0,0,-25,0,"keyboard-worker","OK",1783218894585,91730,1691
1084,1783218894701,98318,91846,0,0,-7,0,0,1,74,76,84,90,74,166.23,94,-11,-7,-993,-1,0,0,0,0,25,-25,0,"keyboard-worker","OK",1783218894685,91830,1693
1085,1783218894797,98414,91942,0,0,-7,0,0,1,74,76,83,90,74,166.39,94,-22,-1,-986,-1,0,0,0,0,25,-25,0,"keyboard-worker","OK",1783218894786,91931,1695
1086,1783218894896,98513,92041,0,0,-7,0,0,1,74,76,82,90,74,166.38,94,10,13,-995,-1,0,0,0,0,25,-25,0,"keyboard-worker","OK",1783218894886,92031,1697
1087,1783218894989,98606,92134,0,0,-7,0,0,1,74,76,80,90,74,166.06,94,10,2,-1020,-1,0,0,0,0,25,-25,0,"keyboard-worker","OK",1783218894986,92131,1699
1088,1783218895086,98703,92231,-1,0,-7,0,0,1,74,76,79,90,74,166.13,94,4,0,-1032,-1,0,0,0,0,0,-25,0,"keyboard-worker","OK",1783218895086,92231,1701
1089,1783218895183,98800,92328,-1,0,-7,0,0,1,74,76,78,90,74,166.19,94,-27,0,-973,-1,0,0,0,0,0,-25,0,"keyboard-worker","OK",1783218895136,92281,1702
1090,1783218895279,98896,92424,-1,0,-7,0,0,1,74,76,76,80,74,165.83,94,0,5,-997,-1,0,0,0,0,0,-25,0,"keyboard-worker","OK",1783218895236,92381,1704
1091,1783218895376,98993,92521,0,0,-7,0,0,1,74,76,75,80,74,166.23,94,1,11,-1043,-1,0,0,0,0,0,-25,0,"keyboard-worker","OK",1783218895337,92482,1706
1092,1783218895473,99090,92618,0,0,-7,0,0,1,74,76,73,80,74,166.24,95,-13,0,-976,-1,0,0,0,0,0,-25,0,"keyboard-worker","OK",1783218895437,92582,1708
1093,1783218895569,99186,92714,0,0,-7,0,0,1,74,76,72,80,74,166.06,95,-21,10,-1023,-1,0,0,0,0,0,-25,0,"keyboard-worker","OK",1783218895537,92682,1710
1094,1783218895666,99283,92811,0,0,-7,0,0,1,74,76,70,80,74,166.16,95,23,-2,-1015,-1,0,0,0,0,0,-25,0,"keyboard-worker","OK",1783218895637,92782,1712
1095,1783218895763,99380,92907,0,0,-7,0,0,1,74,76,69,80,74,166.07,95,-1,6,-965,-1,0,0,0,0,0,-25,0,"keyboard-worker","OK",1783218895737,92882,1714
1096,1783218895859,99476,93004,1,0,-7,0,0,1,74,76,67,80,74,166.18,95,-10,5,-1003,-1,0,0,0,0,0,-25,0,"keyboard-worker","OK",1783218895837,92982,1716
1097,1783218895956,99573,93101,1,0,-7,0,0,1,74,76,66,70,74,166.18,95,0,0,-995,-1,0,0,0,0,0,-25,0,"keyboard-worker","OK",1783218895938,93082,1718
1098,1783218896053,99670,93197,0,0,-7,0,0,1,74,76,64,70,74,165.8,95,-13,-8,-966,-1,0,0,0,0,0,-25,0,"keyboard-worker","OK",1783218896038,93183,1720
1099,1783218896149,99766,93294,0,0,-7,0,0,1,74,76,62,70,74,165.75,95,-22,-7,-994,-1,0,0,0,0,25,-25,0,"keyboard-worker","OK",1783218896138,93283,1722
1100,1783218896243,99860,93388,0,0,-7,0,0,1,73,76,60,70,74,166.02,95,-15,6,-1027,-1,0,0,0,0,25,-25,0,"keyboard-worker","OK",1783218896238,93383,1724
1101,1783218896616,100233,93761,-1,0,-7,0,0,1,73,76,55,60,74,166.16,96,5,8,-1020,-1,0,0,0,0,0,0,0,"keyboard-worker","OK",1783218896589,93734,1731
1102,1783218896666,100283,93811,-1,0,-7,0,0,1,73,76,53,60,74,166.12,96,-12,-5,-1046,-1,0,0,0,0,0,0,0,"keyboard-worker","OK",1783218896639,93784,1732
1103,1783218896757,100374,93902,-1,0,-7,0,0,0,73,76,53,60,73,166.07,96,-12,-5,-1043,-1,0,0,0,0,0,25,0,"keyboard-worker","OK",1783218896739,93884,1734
1104,1783218896849,100466,93994,0,0,-7,1,0,0,73,76,52,60,73,166.05,96,-8,0,-1067,-1,0,0,0,0,0,25,0,"keyboard-worker","OK",1783218896839,93984,1736
1105,1783218896942,100559,94087,0,0,-7,0,0,0,73,76,52,60,73,166.05,96,23,16,-1045,-1,0,0,0,0,0,25,0,"keyboard-worker","OK",1783218896939,94084,1738
1106,1783218897035,100652,94180,0,0,-7,0,0,0,73,76,52,60,73,165.76,96,-5,3,-1027,-1,0,0,0,0,0,25,0,"keyboard-worker","OK",1783218896989,94134,1739
1107,1783218897129,100746,94274,0,0,-7,0,0,0,74,76,53,60,73,166.08,96,17,-1,-1001,-1,0,0,0,0,0,25,0,"keyboard-worker","OK",1783218897089,94234,1741
1108,1783218897223,100840,94368,0,0,-7,0,0,0,74,76,54,60,73,166.11,96,24,1,-977,-1,0,0,0,0,0,25,0,"keyboard-worker","OK",1783218897190,94334,1743
1109,1783218897316,100933,94461,1,0,-7,0,0,-1,74,76,55,60,73,165.89,97,-15,-8,-1010,-1,0,0,0,0,0,25,0,"keyboard-worker","OK",1783218897290,94435,1745
1110,1783218897410,101027,94555,1,0,-7,0,0,-1,74,76,56,60,73,166.05,97,8,16,-1028,-1,0,0,0,0,0,25,0,"keyboard-worker","OK",1783218897390,94535,1747
1111,1783218897502,101119,94647,0,0,-7,0,0,-1,74,76,57,60,73,165.87,97,31,16,-947,-1,0,0,0,0,0,25,0,"keyboard-worker","OK",1783218897490,94635,1749
1112,1783218897596,101213,94741,0,0,-7,0,0,-1,74,76,58,60,73,165.88,97,13,1,-999,-1,0,0,0,0,0,25,0,"keyboard-worker","OK",1783218897590,94735,1751
1113,1783218897689,101306,94834,0,0,-7,0,0,-1,74,76,58,60,73,166.07,97,-21,12,-969,-1,0,0,0,0,25,25,0,"keyboard-worker","OK",1783218897640,94785,1752
1114,1783218897782,101399,94927,0,0,-7,0,0,-1,74,76,60,60,73,165.97,97,-10,3,-973,-1,0,0,0,0,25,25,0,"keyboard-worker","OK",1783218897740,94885,1754
1115,1783218897883,101500,95028,0,0,-7,0,0,-1,74,76,61,70,73,166.15,97,1,0,-967,-1,0,0,0,0,25,25,0,"keyboard-worker","OK",1783218897840,94985,1756
1116,1783218897969,101586,95114,-1,0,-7,0,0,-1,74,76,62,70,73,166.21,97,7,15,-982,-1,0,0,0,0,25,25,0,"keyboard-worker","OK",1783218897941,95085,1758
1117,1783218898062,101679,95207,-1,0,-7,0,0,-1,74,77,62,70,73,166.2,97,-20,0,-985,-1,0,0,0,0,25,25,0,"keyboard-worker","OK",1783218898041,95186,1760
1118,1783218898155,101772,95300,-1,0,-7,0,0,-1,74,77,63,70,73,166.15,98,-1,-2,-1003,-1,0,0,0,0,0,25,0,"keyboard-worker","OK",1783218898141,95286,1762
1119,1783218898248,101865,95393,-1,0,-7,0,0,-1,74,77,65,70,73,166.24,98,-16,6,-1006,-1,0,0,0,0,0,25,0,"keyboard-worker","OK",1783218898241,95386,1764
1120,1783218898342,101959,95487,-1,0,-7,0,0,-1,74,77,66,70,73,166.27,98,-13,7,-988,-1,0,0,0,0,0,25,0,"keyboard-worker","OK",1783218898341,95486,1766
1121,1783218898435,102052,95580,0,0,-7,0,0,-1,74,77,67,70,73,166.2,98,-5,5,-1000,-1,0,0,0,0,0,25,0,"keyboard-worker","OK",1783218898391,95536,1767
1122,1783218898528,102145,95673,0,0,-7,0,0,-1,74,77,68,70,73,166.04,98,-12,3,-991,-1,0,0,0,0,0,25,0,"keyboard-worker","OK",1783218898491,95636,1769
1123,1783218898623,102240,95768,0,0,-7,0,0,-1,74,77,70,80,73,166.25,98,-14,0,-996,-1,0,0,0,0,0,25,0,"keyboard-worker","OK",1783218898592,95737,1771
1124,1783218898715,102332,95860,0,0,-7,0,0,0,74,77,71,80,73,166.19,98,-18,-1,-996,-1,0,0,0,0,0,25,0,"keyboard-worker","OK",1783218898692,95837,1773
1125,1783218898809,102426,95954,1,0,-7,0,0,-1,74,77,72,80,73,166.12,98,0,0,-981,-1,0,0,0,0,0,25,0,"keyboard-worker","OK",1783218898792,95937,1775
1126,1783218898901,102518,96046,1,0,-7,0,0,-1,74,77,73,80,73,166.51,98,0,0,-989,-1,0,0,0,0,0,25,0,"keyboard-worker","OK",1783218898892,96037,1777
1127,1783218898997,102614,96142,0,0,-7,0,0,-1,75,77,74,80,73,166.41,98,-6,15,-1043,-1,0,0,0,0,0,25,0,"keyboard-worker","OK",1783218898992,96137,1779
1128,1783218899088,102705,96233,0,0,-7,0,0,-1,75,77,75,80,73,165.97,99,17,11,-1027,-1,0,0,0,0,0,25,0,"keyboard-worker","OK",1783218899042,96187,1780
1129,1783218899181,102798,96326,0,0,-7,0,0,-1,75,77,76,80,73,166.1,99,-14,11,-1015,-1,0,0,0,0,0,25,0,"keyboard-worker","OK",1783218899142,96287,1782
1130,1783218899274,102891,96419,0,0,-7,0,0,-1,75,77,78,80,73,166.37,99,-9,3,-999,-1,0,0,0,0,0,25,0,"keyboard-worker","OK",1783218899243,96388,1784
1131,1783218899367,102984,96512,0,0,-7,0,0,-1,75,77,79,80,73,166.06,99,2,0,-1009,-1,0,0,0,0,0,25,0,"keyboard-worker","OK",1783218899343,96488,1786
1132,1783218899461,103078,96606,0,0,-7,0,0,-1,75,77,80,90,73,166.11,99,-1,2,-1011,-1,0,0,0,0,0,25,0,"keyboard-worker","OK",1783218899443,96588,1788
1133,1783218899554,103171,96699,0,0,-7,0,0,-1,75,77,82,90,73,166.47,99,-1,11,-931,-1,0,0,0,0,0,25,0,"keyboard-worker","OK",1783218899543,96688,1790
1134,1783218899647,103264,96792,0,0,-7,0,0,-1,75,77,84,90,73,165.99,99,7,-4,-1039,-1,0,0,0,0,0,25,0,"keyboard-worker","OK",1783218899643,96788,1792
1135,1783218899741,103358,96886,0,0,-7,0,0,-1,75,77,85,90,73,166.25,99,-3,4,-998,-1,0,0,0,0,0,25,0,"keyboard-worker","OK",1783218899693,96838,1793
1136,1783218899834,103451,96979,0,0,-7,0,0,-1,75,77,87,90,73,166.29,99,1,7,-1016,-1,0,0,0,0,0,25,0,"keyboard-worker","OK",1783218899793,96938,1795
1137,1783218899927,103544,97072,0,0,-7,0,0,-1,74,77,89,90,73,166.41,99,15,5,-987,-1,0,0,0,0,0,25,0,"keyboard-worker","OK",1783218899894,97039,1797
1138,1783218900021,103638,97166,0,0,-7,0,0,-1,74,77,90,100,73,166.14,100,17,-3,-1029,-1,0,0,0,0,0,25,0,"keyboard-worker","OK",1783218899994,97139,1799
1139,1783218900113,103730,97258,0,0,-7,0,0,-1,74,77,91,100,73,166.18,100,6,-16,-951,-1,0,0,0,0,0,25,0,"keyboard-worker","OK",1783218900094,97239,1801
1140,1783218900207,103824,97352,0,0,-7,0,0,-1,74,77,92,100,73,166.29,100,2,0,-972,-1,0,0,0,0,0,25,0,"keyboard-worker","OK",1783218900194,97339,1803
1141,1783218900300,103917,97445,0,0,-7,0,0,-1,74,77,93,100,73,166.24,100,16,6,-997,-1,0,0,0,0,0,25,0,"keyboard-worker","OK",1783218900294,97439,1805
1142,1783218900393,104010,97538,0,0,-7,0,0,-1,74,77,94,100,73,166.37,100,20,1,-1022,-1,0,0,0,0,0,25,0,"keyboard-worker","OK",1783218900344,97489,1806
1143,1783218900442,104059,97587,0,0,-7,0,0,-1,74,77,95,100,73,166.07,100,0,0,-1091,-1,0,0,0,0,0,25,0,"keyboard-worker","OK",1783218900394,97539,1807
1144,1783218900534,104151,97679,0,0,-7,0,0,-1,74,77,96,100,73,166.54,100,-5,-1,-939,-1,0,0,0,0,0,25,0,"keyboard-worker","OK",1783218900494,97639,1809
1145,1783218900627,104244,97772,0,0,-7,0,0,0,74,77,96,100,73,166.35,100,25,-15,-962,-1,0,0,0,0,0,25,0,"keyboard-worker","OK",1783218900595,97740,1811
1146,1783218900721,104338,97866,0,0,-7,0,0,0,74,77,97,100,73,166.35,100,29,-15,-995,-1,0,0,0,0,0,0,0,"keyboard-worker","OK",1783218900695,97840,1813
1147,1783218900817,104434,97962,0,1,-7,0,0,0,75,77,99,100,73,166.07,100,43,-27,-1009,-1,0,0,0,0,0,0,0,"keyboard-worker","OK",1783218900795,97940,1815
1148,1783218900910,104527,98055,0,1,-7,0,0,0,75,77,100,100,73,166.53,101,4,-9,-1006,-1,0,0,0,0,0,-25,0,"keyboard-worker","OK",1783218900895,98040,1817
1149,1783218901001,104618,98146,0,1,-7,0,0,0,75,77,101,110,73,166.38,101,4,-11,-961,-1,0,0,0,0,0,-25,0,"keyboard-worker","OK",1783218900995,98140,1819
1150,1783218901097,104714,98242,0,0,-7,0,0,0,75,77,102,110,73,166.29,101,6,-15,-850,-1,0,0,0,0,0,-25,0,"keyboard-worker","OK",1783218901095,98240,1821
1151,1783218901190,104807,98335,0,0,-7,0,0,0,75,77,102,110,73,166.51,101,-12,-13,-965,-1,0,0,0,0,0,-25,0,"keyboard-worker","OK",1783218901146,98290,1822
1152,1783218901282,104899,98427,0,0,-7,0,0,0,75,77,103,110,73,166.04,101,6,6,-965,-1,0,0,0,0,0,-25,0,"keyboard-worker","OK",1783218901246,98391,1824
1153,1783218901377,104994,98522,0,0,-7,0,0,0,75,77,103,110,73,166.23,101,36,-28,-927,-1,0,0,0,0,0,-25,0,"keyboard-worker","OK",1783218901346,98491,1826
1154,1783218901466,105083,98611,0,0,-7,0,0,0,75,77,103,110,73,166.57,101,8,-22,-908,-1,0,0,0,0,0,-25,0,"keyboard-worker","OK",1783218901446,98591,1828
1155,1783218901563,105180,98708,0,0,-7,0,0,0,75,77,103,110,73,166.43,101,-8,-7,-990,-1,0,0,0,0,0,-25,0,"keyboard-worker","OK",1783218901546,98691,1830
1156,1783218901658,105275,98803,0,0,-7,0,0,0,75,77,102,100,73,166.21,101,0,3,-1010,-1,0,0,0,0,0,-25,0,"keyboard-worker","OK",1783218901646,98791,1832
1157,1783218901745,105362,98890,0,0,-7,0,0,1,75,78,101,100,73,166.51,101,34,-23,-995,-1,0,0,0,0,0,-25,0,"keyboard-worker","OK",1783218901696,98841,1833
1158,1783218901839,105456,98984,0,0,-7,0,0,1,75,78,100,100,73,166.3,102,38,-3,-971,-1,0,0,0,0,25,-25,0,"keyboard-worker","OK",1783218901796,98941,1835
1159,1783218901932,105549,99077,0,0,-7,0,0,1,75,78,99,100,73,166.39,102,21,-11,-1003,-1,0,0,0,0,25,-25,0,"keyboard-worker","OK",1783218901897,99041,1837
1160,1783218902025,105642,99170,-1,0,-7,0,0,1,75,78,99,100,73,166.28,102,9,-10,-1003,-1,0,0,0,0,25,-25,0,"keyboard-worker","OK",1783218901997,99142,1839
1161,1783218902118,105735,99263,-1,0,-7,0,0,1,75,78,97,100,73,166.33,102,7,-21,-957,-1,0,0,0,0,25,-25,0,"keyboard-worker","OK",1783218902097,99242,1841
1162,1783218902212,105829,99356,-1,0,-7,1,0,1,75,78,96,100,73,166.45,102,0,-16,-898,-1,0,0,0,0,25,-25,0,"keyboard-worker","OK",1783218902197,99342,1843
1163,1783218902305,105922,99450,-1,0,-7,1,0,1,75,78,96,100,72,166.36,102,-14,-11,-956,-1,0,0,0,0,25,-25,0,"keyboard-worker","OK",1783218902297,99442,1845
1164,1783218902399,106016,99544,-1,0,-7,1,0,1,75,78,94,100,72,166.24,102,5,-22,-981,-1,0,0,0,0,0,-25,0,"keyboard-worker","OK",1783218902397,99542,1847
1165,1783218902491,106108,99636,-1,0,-7,1,0,1,75,78,94,100,72,166.44,102,2,-8,-1020,-1,0,0,0,0,0,-25,0,"keyboard-worker","OK",1783218902447,99592,1848
1166,1783218902585,106202,99729,0,0,-7,1,0,0,75,78,93,100,72,166.39,102,9,0,-1073,-1,0,0,0,0,0,-25,0,"keyboard-worker","OK",1783218902547,99692,1850
1167,1783218902678,106295,99823,0,0,-7,1,0,0,75,78,91,100,72,166.34,102,-10,-24,-978,-1,0,0,0,0,0,-25,0,"keyboard-worker","OK",1783218902648,99793,1852
1168,1783218902771,106388,99916,0,0,-7,1,0,1,75,78,90,100,72,166.33,103,12,-6,-1057,-1,0,0,0,0,0,-25,0,"keyboard-worker","OK",1783218902748,99893,1854
1169,1783218902864,106481,100009,0,0,-7,1,0,1,75,78,89,90,72,166.37,103,25,-31,-952,-1,0,0,0,0,0,-25,0,"keyboard-worker","OK",1783218902848,99993,1856
1170,1783218902957,106574,100102,0,0,-7,1,0,1,75,78,88,90,72,166.34,103,-20,0,-991,-1,0,0,0,0,0,-25,0,"keyboard-worker","OK",1783218902948,100093,1858
1171,1783218903051,106668,100196,1,0,-7,1,0,1,75,78,86,90,72,166.33,103,3,-11,-963,-1,0,0,0,0,0,-25,0,"keyboard-worker","OK",1783218903048,100193,1860
1172,1783218903144,106761,100289,2,0,-7,0,0,1,75,78,85,90,72,166.17,103,13,-15,-1013,-1,0,0,0,0,0,-25,0,"keyboard-worker","OK",1783218903098,100243,1861
1173,1783218903237,106854,100382,1,0,-7,0,0,1,75,78,83,90,72,166.01,103,9,2,-982,-1,0,0,0,0,0,-25,0,"keyboard-worker","OK",1783218903198,100343,1863
1174,1783218903330,106947,100475,0,0,-7,0,0,1,75,78,82,90,72,166.16,103,-22,10,-1106,-1,0,0,0,0,0,-25,0,"keyboard-worker","OK",1783218903299,100444,1865
1175,1783218903424,107041,100569,0,0,-7,0,0,0,75,78,80,90,72,165.94,103,11,-19,-973,-1,0,0,0,0,0,-25,0,"keyboard-worker","OK",1783218903399,100544,1867
1176,1783218903517,107134,100662,0,0,-7,0,0,1,75,78,79,90,72,166,103,7,-7,-926,-1,0,0,0,0,0,-25,0,"keyboard-worker","OK",1783218903499,100644,1869
1177,1783218903610,107227,100755,0,0,-7,0,0,1,75,77,78,80,72,166.22,103,-16,6,-1030,-1,0,0,0,0,0,-25,0,"keyboard-worker","OK",1783218903599,100744,1871
1178,1783218903704,107321,100849,0,0,-7,0,0,1,75,77,76,80,72,166.08,104,6,1,-974,-1,0,0,0,0,0,-25,0,"keyboard-worker","OK",1783218903699,100844,1873
1179,1783218903797,107414,100942,0,0,-7,0,0,1,75,77,75,80,72,165.98,104,39,-11,-946,-1,0,0,0,0,0,-25,0,"keyboard-worker","OK",1783218903749,100894,1874
1180,1783218903890,107507,101035,0,0,-7,0,0,1,75,77,74,80,72,166.17,104,15,-23,-1029,-1,0,0,0,0,0,-25,0,"keyboard-worker","OK",1783218903849,100994,1876
1181,1783218903983,107600,101128,0,0,-7,0,0,1,75,77,73,80,72,166.11,104,-13,-1,-1011,-1,0,0,0,0,0,-25,0,"keyboard-worker","OK",1783218903950,101095,1878
1182,1783218904030,107647,101175,0,0,-7,0,0,1,75,77,73,80,72,166.21,104,24,-14,-991,-1,0,0,0,0,0,-25,0,"keyboard-worker","OK",1783218904000,101145,1879
1183,1783218904123,107740,101268,0,1,-7,0,0,1,75,77,72,80,72,166.2,104,3,-16,-993,-1,0,0,0,0,0,-25,0,"keyboard-worker","OK",1783218904100,101245,1881
1184,1783218904215,107832,101360,0,1,-7,0,0,1,75,77,71,80,72,166.05,104,24,-2,-962,-1,0,0,0,0,0,-25,0,"keyboard-worker","OK",1783218904200,101345,1883
1185,1783218904307,107924,101452,0,0,-7,0,0,1,75,77,71,70,72,165.93,104,-3,-8,-1027,-1,0,0,0,0,0,-25,0,"keyboard-worker","OK",1783218904300,101445,1885
1186,1783218904399,108016,101544,0,0,-7,0,0,1,75,77,71,70,72,165.98,104,12,-9,-999,-1,0,0,0,0,0,-25,0,"keyboard-worker","OK",1783218904350,101495,1886
1187,1783218904491,108108,101636,0,0,-7,0,0,1,75,77,71,70,72,166.25,104,39,-14,-998,-1,0,0,0,0,0,-25,0,"keyboard-worker","OK",1783218904450,101595,1888
1188,1783218904583,108200,101728,0,0,-7,0,0,0,75,77,71,70,72,165.88,105,25,-7,-963,-1,0,0,0,0,0,-25,0,"keyboard-worker","OK",1783218904550,101695,1890
1189,1783218904674,108291,101819,-1,0,-7,0,0,0,75,77,71,70,72,165.99,105,-15,-11,-1039,-1,0,0,0,0,0,-25,0,"keyboard-worker","OK",1783218904651,101796,1892
1190,1783218904766,108383,101911,-1,0,-7,0,0,0,75,77,70,70,72,165.97,105,-21,-1,-1024,-1,0,0,0,0,0,-25,0,"keyboard-worker","OK",1783218904751,101896,1894
1191,1783218904858,108475,102003,-1,0,-7,0,0,0,75,77,70,70,72,166.16,105,-13,-4,-1005,-1,0,0,0,0,0,-25,0,"keyboard-worker","OK",1783218904851,101996,1896
1192,1783218904950,108567,102095,-1,0,-7,0,0,0,75,77,70,70,72,166.2,105,3,-19,-997,-1,0,0,0,0,0,-25,0,"keyboard-worker","OK",1783218904901,102046,1897
1193,1783218905042,108659,102187,0,0,-7,0,0,1,75,77,69,70,72,166.17,105,28,-19,-986,-1,0,0,0,0,0,-25,0,"keyboard-worker","OK",1783218905001,102146,1899
1194,1783218905133,108750,102278,0,0,-7,0,0,1,75,77,69,70,72,166.1,105,22,-9,-983,-1,0,0,0,0,0,-25,0,"keyboard-worker","OK",1783218905101,102246,1901
1195,1783218905225,108842,102370,0,0,-7,0,0,0,75,77,68,70,72,166.09,105,-25,1,-992,-1,0,0,0,0,0,-25,0,"keyboard-worker","OK",1783218905201,102346,1903
1196,1783218905317,108934,102462,0,0,-7,0,0,0,75,77,68,70,72,165.92,105,12,5,-969,-1,0,0,0,0,0,-25,0,"keyboard-worker","OK",1783218905301,102446,1905
1197,1783218905409,109026,102554,-1,0,-7,0,0,0,75,77,67,70,72,165.84,105,-6,-9,-994,-1,0,0,0,0,0,-25,0,"keyboard-worker","OK",1783218905401,102546,1907
1198,1783218905501,109118,102645,0,0,-7,0,0,1,75,77,67,70,72,166.16,106,13,-4,-1001,-1,0,0,0,0,0,-25,0,"keyboard-worker","OK",1783218905452,102596,1908
1199,1783218905592,109209,102737,0,0,-7,0,0,1,75,77,66,70,72,166.17,106,19,-7,-1007,-1,0,0,0,0,0,-25,0,"keyboard-worker","OK",1783218905552,102697,1910
1200,1783218905684,109301,102829,0,0,-7,0,0,0,75,77,65,70,72,165.83,106,-14,-1,-980,-1,0,0,0,0,0,-25,0,"keyboard-worker","OK",1783218905652,102797,1912
1201,1783218905776,109393,102921,0,0,-7,0,0,1,75,77,64,70,72,165.99,106,-16,-1,-990,-1,0,0,0,0,0,-25,0,"keyboard-worker","OK",1783218905752,102897,1914
1202,1783218905868,109485,103013,0,0,-7,0,0,1,75,77,63,70,72,165.91,106,24,-9,-1019,-1,0,0,0,0,0,-25,0,"keyboard-worker","OK",1783218905852,102997,1916
1203,1783218905959,109576,103104,0,0,-7,0,0,1,75,77,62,70,72,166.12,106,18,-13,-1004,-1,0,0,0,0,0,-25,0,"keyboard-worker","OK",1783218905952,103097,1918
1204,1783218906051,109668,103196,0,0,-7,0,0,1,75,77,61,70,72,166.03,106,-22,-4,-975,-1,0,0,0,0,0,-25,0,"keyboard-worker","OK",1783218906002,103147,1919
1205,1783218906143,109760,103288,0,0,-7,0,0,1,75,77,59,70,72,166.09,106,-13,-7,-999,-1,0,0,0,0,0,-25,0,"keyboard-worker","OK",1783218906102,103247,1921
1206,1783218906235,109852,103380,0,0,-7,0,0,1,75,77,58,60,72,165.94,106,-21,-6,-998,-1,0,0,0,0,0,-25,0,"keyboard-worker","OK",1783218906202,103347,1923
1207,1783218906327,109944,103472,0,0,-7,0,0,1,75,77,56,60,72,165.86,106,0,-9,-978,-1,0,0,0,0,0,-25,0,"keyboard-worker","OK",1783218906303,103448,1925
1208,1783218906418,110035,103563,0,0,-7,0,0,1,75,77,55,60,72,166.13,107,6,3,-1022,-1,0,0,0,0,0,-25,0,"keyboard-worker","OK",1783218906403,103548,1927
1209,1783218906510,110127,103655,0,0,-7,0,0,1,75,77,53,60,72,166.08,107,-14,-1,-985,-1,0,0,0,0,0,0,0,"keyboard-worker","OK",1783218906503,103648,1929
1210,1783218906602,110219,103747,0,0,-7,0,0,1,75,77,52,60,72,165.9,107,11,-3,-1005,-1,0,0,0,0,0,0,0,"keyboard-worker","OK",1783218906553,103698,1930
1211,1783218906694,110311,103839,0,0,-7,0,0,1,75,77,50,60,72,166.13,107,27,-7,-989,-1,0,0,0,0,0,25,0,"keyboard-worker","OK",1783218906653,103798,1932
1212,1783218906786,110403,103931,0,0,-7,0,0,0,75,77,48,60,72,165.79,107,19,6,-1094,-1,0,0,0,0,0,25,0,"keyboard-worker","OK",1783218906753,103898,1934
1213,1783218906877,110494,104022,0,0,-7,0,0,0,75,77,47,50,72,166.06,107,10,8,-1066,-1,0,0,0,0,0,25,0,"keyboard-worker","OK",1783218906853,103998,1936
1214,1783218906969,110586,104114,0,0,-7,0,0,0,75,77,47,50,72,165.65,107,9,2,-1066,-1,0,0,0,0,0,25,0,"keyboard-worker","OK",1783218906953,104098,1938
1215,1783218907061,110678,104206,0,0,-7,0,0,0,75,77,46,50,72,165.79,107,1,-9,-994,-1,0,0,0,0,0,25,0,"keyboard-worker","OK",1783218907053,104198,1940
1216,1783218907154,110771,104299,0,0,-7,0,0,0,75,77,47,50,72,165.84,107,19,-3,-1046,-1,0,0,0,0,0,25,0,"keyboard-worker","OK",1783218907154,104299,1942
1217,1783218907245,110862,104390,0,0,-7,0,0,0,76,78,48,50,72,165.38,107,-2,-3,-1017,-1,0,0,0,0,0,25,0,"keyboard-worker","OK",1783218907204,104349,1943
1218,1783218907336,110953,104481,0,0,-7,0,0,-1,76,78,48,60,72,165.88,108,11,4,-1015,-1,0,0,0,0,0,25,0,"keyboard-worker","OK",1783218907304,104449,1945
1219,1783218907428,111045,104573,0,0,-7,0,0,-1,76,78,49,60,72,165.85,108,-6,-9,-1020,-1,0,0,0,0,0,25,0,"keyboard-worker","OK",1783218907404,104549,1947
1220,1783218907474,111091,104619,0,0,-7,0,0,-1,76,78,50,60,72,165.98,108,8,2,-1009,-1,0,0,0,0,0,25,0,"keyboard-worker","OK",1783218907454,104599,1948
1221,1783218907566,111183,104711,0,0,-7,0,0,-1,76,78,51,60,72,165.85,108,5,1,-946,-1,0,0,0,0,0,25,0,"keyboard-worker","OK",1783218907554,104699,1950
1222,1783218907658,111275,104803,0,0,-7,0,0,-1,76,78,51,60,72,165.98,108,-5,-13,-1016,-1,0,0,0,0,0,25,0,"keyboard-worker","OK",1783218907654,104799,1952
1223,1783218907749,111366,104894,0,0,-7,0,0,-1,76,78,52,60,72,165.83,108,18,-8,-960,-1,0,0,0,0,0,25,0,"keyboard-worker","OK",1783218907704,104849,1953
1224,1783218907842,111459,104987,0,0,-7,0,0,-1,76,78,52,60,72,165.89,108,-4,-7,-924,-1,0,0,0,0,0,25,0,"keyboard-worker","OK",1783218907804,104949,1955
1225,1783218907934,111551,105079,0,0,-7,0,0,-1,76,78,53,60,72,165.79,108,53,-5,-989,-1,0,0,0,0,0,25,0,"keyboard-worker","OK",1783218907905,105049,1957
1226,1783218908027,111644,105172,0,0,-7,0,0,-1,76,78,53,60,72,166.15,108,9,-2,-1039,-1,0,0,0,0,0,25,0,"keyboard-worker","OK",1783218908005,105150,1959
1227,1783218908119,111736,105263,0,0,-7,0,0,-1,75,77,54,60,72,166.2,108,-1,12,-1015,-1,0,0,0,0,0,25,0,"keyboard-worker","OK",1783218908105,105250,1961
1228,1783218908210,111827,105355,0,0,-7,0,0,0,75,77,54,60,72,165.87,109,-17,6,-1017,-1,0,0,0,0,0,25,0,"keyboard-worker","OK",1783218908205,105350,1963
1229,1783218908303,111920,105448,0,0,-7,0,0,-1,75,77,55,60,72,165.73,109,24,-20,-940,-1,0,0,0,0,0,25,0,"keyboard-worker","OK",1783218908255,105400,1964
1230,1783218908393,112010,105538,0,0,-7,0,0,0,75,77,56,60,72,165.94,109,7,3,-987,-1,0,0,0,0,0,25,0,"keyboard-worker","OK",1783218908355,105500,1966
1231,1783218908484,112101,105629,0,0,-7,0,0,-1,75,77,56,60,72,165.68,109,-4,24,-1113,-1,0,0,0,0,0,25,0,"keyboard-worker","OK",1783218908455,105600,1968
1232,1783218908576,112193,105721,0,0,-7,0,0,-1,75,77,57,60,72,165.83,109,37,-13,-987,-1,0,0,0,0,0,25,0,"keyboard-worker","OK",1783218908555,105700,1970
1233,1783218908668,112285,105813,0,0,-7,0,0,-1,75,77,58,60,72,166.17,109,-25,15,-1061,-1,0,0,0,0,0,25,0,"keyboard-worker","OK",1783218908656,105801,1972
1234,1783218908759,112376,105904,0,0,-7,0,0,-1,75,77,59,70,72,165.56,109,10,-21,-1019,-1,0,0,0,0,0,25,0,"keyboard-worker","OK",1783218908756,105901,1974
1235,1783218908852,112469,105997,0,0,-7,0,0,-1,75,77,60,70,72,166.12,109,23,12,-1058,-1,0,0,0,0,0,25,0,"keyboard-worker","OK",1783218908806,105951,1975
1236,1783218908945,112562,106090,0,0,-7,0,0,0,75,77,60,70,72,165.99,109,-6,2,-1035,-1,0,0,0,0,0,25,0,"keyboard-worker","OK",1783218908906,106051,1977
1237,1783218909035,112652,106180,0,0,-7,0,0,-1,75,77,61,70,72,165.76,109,14,11,-1059,-1,0,0,0,0,0,25,0,"keyboard-worker","OK",1783218909006,106151,1979
1238,1783218909127,112744,106272,0,0,-7,0,0,-1,75,77,63,70,72,165.87,110,19,-17,-997,-1,0,0,0,0,0,25,0,"keyboard-worker","OK",1783218909106,106251,1981
1239,1783218909218,112835,106363,0,0,-7,0,0,-1,75,77,64,70,72,165.93,110,-14,33,-1089,-1,0,0,0,0,0,25,0,"keyboard-worker","OK",1783218909206,106351,1983
1240,1783218909310,112927,106455,0,0,-7,0,0,-1,75,77,65,70,72,166.26,110,9,-1,-948,-1,0,0,0,0,0,25,-25,"keyboard-worker","OK",1783218909306,106451,1985
1241,1783218909402,113019,106547,0,0,-7,0,0,-1,75,77,66,70,72,166.1,110,-7,-13,-950,-1,0,0,0,0,0,25,-25,"keyboard-worker","OK",1783218909356,106501,1986
1242,1783218909493,113110,106638,0,0,-7,0,0,-1,75,77,67,70,72,166,110,11,5,-979,-1,0,0,0,0,0,25,0,"keyboard-worker","OK",1783218909457,106602,1988
1243,1783218909585,113202,106730,0,0,-8,0,0,-1,75,77,68,70,72,166.08,110,-23,-10,-946,-1,0,0,0,0,0,25,0,"keyboard-worker","OK",1783218909557,106702,1990
1244,1783218909677,113294,106822,0,0,-8,0,0,0,75,77,70,70,72,166.19,110,20,-15,-1022,-1,0,0,0,0,0,25,0,"keyboard-worker","OK",1783218909657,106802,1992
1245,1783218909769,113386,106914,-1,0,-8,0,0,-1,75,77,71,70,72,165.93,110,18,-25,-891,-1,0,0,0,0,0,25,0,"keyboard-worker","OK",1783218909757,106902,1994
1246,1783218909861,113478,107006,-1,0,-8,0,0,-1,75,77,72,80,72,166.03,110,-29,5,-982,-1,0,0,0,0,0,25,-25,"keyboard-worker","OK",1783218909857,107002,1996
1247,1783218909952,113569,107097,0,0,-8,0,0,-1,75,78,74,80,72,166.29,110,-3,3,-992,-1,0,0,0,0,0,25,-25,"keyboard-worker","OK",1783218909907,107052,1997
1248,1783218910044,113661,107189,0,0,-10,0,0,-1,75,78,75,80,72,166.16,111,9,-12,-1035,-1,0,0,0,0,0,25,-25,"keyboard-worker","OK",1783218910007,107152,1999
1249,1783218910136,113753,107281,0,0,-11,0,0,-1,75,78,77,80,72,166.01,111,1,2,-999,-1,0,0,0,0,0,25,0,"keyboard-worker","OK",1783218910107,107252,2001
1250,1783218910228,113845,107373,0,0,-11,0,0,-1,75,78,79,80,72,166.2,111,4,-19,-1011,-1,0,0,0,0,0,25,0,"keyboard-worker","OK",1783218910208,107352,2003
1251,1783218910320,113937,107465,0,0,-11,0,0,-1,75,78,80,80,72,165.9,111,27,-7,-1051,-1,0,0,0,0,0,25,0,"keyboard-worker","OK",1783218910308,107453,2005
1252,1783218910412,114029,107556,0,0,-11,0,0,-1,75,78,82,90,72,166.58,111,-27,16,-1020,-1,0,0,0,0,0,25,0,"keyboard-worker","OK",1783218910408,107553,2007
1253,1783218910503,114120,107648,0,0,-11,0,0,-1,75,78,84,90,72,166.07,111,-6,12,-1031,-1,0,0,0,0,0,25,0,"keyboard-worker","OK",1783218910458,107603,2008
1254,1783218910595,114212,107740,0,0,-11,0,0,-1,75,78,86,90,72,166.3,111,-7,8,-1065,-1,0,0,0,0,0,25,0,"keyboard-worker","OK",1783218910558,107703,2010
1255,1783218910687,114304,107832,0,0,-11,0,0,-1,75,78,87,90,72,165.96,111,-30,-3,-961,-1,0,0,0,0,0,25,0,"keyboard-worker","OK",1783218910658,107803,2012
1256,1783218910782,114399,107927,0,0,-11,0,0,-1,75,78,89,90,72,166.1,111,-2,13,-1006,-1,0,0,0,0,0,25,-25,"keyboard-worker","OK",1783218910758,107903,2014
1257,1783218910878,114495,108023,0,0,-12,0,0,-1,76,78,91,90,72,166.39,112,2,-4,-988,-1,0,0,0,0,0,25,0,"keyboard-worker","OK",1783218910859,108004,2016
1258,1783218910975,114592,108119,0,0,-12,0,0,-1,76,78,92,100,72,166.24,112,-3,5,-1068,-1,0,0,0,0,0,25,0,"keyboard-worker","OK",1783218910959,108104,2018
1259,1783218911071,114688,108216,0,0,-12,0,0,-1,76,78,93,100,72,166.34,112,15,-3,-997,-1,0,0,0,0,0,25,-25,"keyboard-worker","OK",1783218911059,108204,2020
1260,1783218911168,114785,108313,0,0,-13,0,0,-1,76,78,95,100,72,166.16,112,19,0,-960,-1,0,0,0,0,0,25,-25,"keyboard-worker","OK",1783218911159,108304,2022
1261,1783218911216,114833,108361,0,0,-14,0,0,-1,76,78,96,100,72,166.22,112,-38,15,-997,-1,0,0,0,0,0,25,-25,"keyboard-worker","OK",1783218911209,108354,2023
1262,1783218911313,114930,108458,0,0,-15,0,0,-1,76,78,97,100,71,166.38,112,-8,1,-1076,-1,0,0,0,0,0,25,0,"keyboard-worker","OK",1783218911309,108454,2025
1263,1783218911409,115026,108554,0,0,-16,0,0,-1,76,78,99,100,71,166.31,112,17,-5,-1068,-1,0,0,0,0,0,25,0,"keyboard-worker","OK",1783218911360,108504,2026
1264,1783218911506,115123,108651,0,0,-16,0,0,-1,76,78,100,110,71,166.23,112,-6,20,-1069,-1,0,0,0,0,0,25,0,"keyboard-worker","OK",1783218911460,108605,2028
1265,1783218911603,115220,108748,0,0,-16,0,0,-1,76,78,101,110,71,166.34,112,3,-16,-968,-1,0,0,0,0,0,25,0,"keyboard-worker","OK",1783218911560,108705,2030
1266,1783218911699,115316,108844,0,0,-16,0,0,0,76,78,102,110,71,166.34,112,10,-10,-989,-1,0,0,0,0,0,25,0,"keyboard-worker","OK",1783218911660,108805,2032
1267,1783218911796,115413,108941,0,0,-16,0,0,0,76,78,104,110,71,166.4,113,22,-20,-1040,-1,0,0,0,0,0,25,0,"keyboard-worker","OK",1783218911760,108905,2034
1268,1783218911893,115510,109037,0,0,-16,0,0,-1,76,78,107,110,71,166.31,113,0,-10,-1035,-1,0,0,0,0,0,25,0,"keyboard-worker","OK",1783218911860,109005,2036
1269,1783218911991,115608,109136,0,0,-16,0,0,-1,76,78,108,110,71,166.03,113,0,0,-961,-1,0,0,0,0,0,25,0,"keyboard-worker","OK",1783218911961,109106,2038
1270,1783218912086,115703,109231,0,0,-16,0,0,-1,76,78,111,110,71,166.53,113,15,-3,-1079,-1,0,0,0,0,0,25,0,"keyboard-worker","OK",1783218912061,109206,2040
1271,1783218912182,115799,109327,0,0,-16,0,0,-1,76,78,113,120,71,166.42,113,-1,-10,-960,-1,0,0,0,0,0,25,0,"keyboard-worker","OK",1783218912161,109306,2042
1272,1783218912280,115897,109425,0,0,-16,0,0,-1,76,78,116,120,71,166.37,113,-16,0,-1023,-1,0,0,0,0,0,25,0,"keyboard-worker","OK",1783218912261,109406,2044
1273,1783218912378,115995,109523,0,0,-16,0,0,-1,76,78,118,120,71,166.54,113,0,-1,-1074,-1,0,0,0,0,0,25,0,"keyboard-worker","OK",1783218912361,109506,2046
1274,1783218912476,116093,109621,0,0,-16,0,0,-1,76,78,121,120,71,166.45,113,15,0,-1064,-1,0,0,0,0,0,25,0,"keyboard-worker","OK",1783218912461,109606,2048
1275,1783218912574,116191,109719,0,0,-16,0,0,-1,76,78,122,120,71,166.52,113,3,-1,-1020,-1,0,0,0,0,0,25,0,"keyboard-worker","OK",1783218912562,109707,2050
1276,1783218912668,116285,109813,0,0,-16,0,0,-1,76,78,124,130,71,166.33,113,22,-17,-985,-1,0,0,0,0,0,25,0,"keyboard-worker","OK",1783218912662,109807,2052
1277,1783218912765,116382,109910,0,0,-16,0,0,-1,75,78,126,130,71,166.35,114,21,-19,-923,-1,0,0,0,0,0,25,0,"keyboard-worker","OK",1783218912762,109907,2054
1278,1783218912863,116480,110008,0,0,-16,0,0,-1,75,78,128,130,71,166.34,114,-17,-12,-1023,-1,0,0,0,0,0,25,0,"keyboard-worker","OK",1783218912862,110007,2056
1279,1783218912960,116577,110105,0,0,-16,0,0,-1,75,78,128,130,71,166.12,114,0,4,-996,-1,0,0,0,0,0,25,0,"keyboard-worker","OK",1783218912912,110057,2057
1280,1783218913052,116669,110197,0,0,-16,0,0,-1,75,78,129,130,71,166.5,114,32,-14,-998,-1,0,0,0,0,0,25,0,"keyboard-worker","OK",1783218913013,110158,2059
1281,1783218913149,116766,110294,0,0,-16,0,0,-1,75,78,130,140,71,166.69,114,8,-19,-996,-1,0,0,0,0,0,25,0,"keyboard-worker","OK",1783218913113,110258,2061
1282,1783218913245,116862,110390,0,0,-16,0,0,-1,75,78,131,140,71,166.69,114,16,-28,-960,-1,0,0,0,0,0,25,0,"keyboard-worker","OK",1783218913213,110358,2063
1283,1783218913342,116959,110487,0,0,-16,0,0,-1,75,78,133,140,71,166.37,114,31,-26,-893,-1,0,0,0,0,0,25,0,"keyboard-worker","OK",1783218913313,110458,2065
1284,1783218913439,117056,110584,0,0,-16,0,0,-1,75,78,133,140,71,166.63,114,-11,-6,-965,-1,0,0,0,0,0,25,0,"keyboard-worker","OK",1783218913413,110558,2067
1285,1783218913535,117152,110680,0,0,-16,0,0,-1,75,78,134,140,71,166.57,114,31,-33,-1025,-1,0,0,0,0,0,25,0,"keyboard-worker","OK",1783218913514,110658,2069
1286,1783218913632,117249,110777,0,0,-16,0,0,-1,75,78,135,140,71,166.67,114,-4,-17,-930,-1,0,0,0,0,0,25,0,"keyboard-worker","OK",1783218913614,110759,2071
1287,1783218913729,117346,110874,0,0,-16,0,0,-1,75,77,134,140,71,166.69,115,3,-40,-926,-1,0,0,0,0,0,25,0,"keyboard-worker","OK",1783218913714,110859,2073
1288,1783218913825,117442,110970,0,0,-16,0,0,-1,75,77,135,140,71,166.28,115,5,-13,-961,-1,0,0,0,0,0,25,0,"keyboard-worker","OK",1783218913814,110959,2075
1289,1783218913923,117540,111068,0,0,-16,0,0,-1,75,77,136,140,71,166.46,115,0,-8,-1054,-1,0,0,0,0,0,0,0,"keyboard-worker","OK",1783218913914,111059,2077
1290,1783218914019,117636,111163,0,0,-16,0,0,0,75,77,136,140,71,166.81,115,-6,7,-1028,-1,0,0,0,0,0,0,0,"keyboard-worker","OK",1783218914014,111159,2079
1291,1783218914115,117732,111260,0,0,-16,0,0,0,75,77,136,140,71,166.54,115,30,-20,-900,-1,0,0,0,0,0,-25,0,"keyboard-worker","OK",1783218914115,111260,2081
1292,1783218914212,117829,111357,0,0,-16,0,0,0,75,77,136,140,71,166.69,115,0,0,-1009,-1,0,0,0,0,0,-25,0,"keyboard-worker","OK",1783218914165,111310,2082
1293,1783218914308,117925,111453,0,0,-16,0,0,0,75,77,136,140,71,166.36,115,-5,10,-998,-1,0,0,0,0,0,-25,0,"keyboard-worker","OK",1783218914265,111410,2084
1294,1783218914405,118022,111550,0,0,-16,0,0,0,75,77,135,140,71,166.49,115,30,-14,-1005,-1,0,0,0,0,0,-25,0,"keyboard-worker","OK",1783218914365,111510,2086
1295,1783218914502,118119,111647,0,0,-16,0,0,0,75,77,133,140,71,166.59,115,-2,-13,-971,-1,0,0,0,0,0,-25,0,"keyboard-worker","OK",1783218914465,111610,2088
1296,1783218914550,118167,111695,0,0,-16,0,0,1,75,77,132,140,71,166.58,115,-44,17,-992,-1,0,0,0,0,0,-25,0,"keyboard-worker","OK",1783218914515,111660,2089
1297,1783218914695,118312,111840,0,0,-16,0,0,1,75,78,130,140,71,166.87,116,-14,15,-998,-1,0,0,0,0,0,-25,0,"keyboard-worker","OK",1783218914666,111810,2092
1298,1783218914792,118409,111937,0,0,-16,0,0,1,75,78,128,140,71,166.58,116,6,-4,-977,-1,0,0,0,0,0,-25,0,"keyboard-worker","OK",1783218914766,111911,2094
1299,1783218914890,118507,112035,0,0,-16,0,0,1,75,78,127,140,71,166.31,116,-6,-3,-1085,-1,0,0,0,0,0,-25,0,"keyboard-worker","OK",1783218914866,112011,2096
1300,1783218914936,118553,112081,0,0,-16,0,0,1,75,78,124,130,71,166.26,116,-9,-8,-907,-1,0,0,0,0,-25,-25,0,"keyboard-worker","OK",1783218914916,112061,2097
1301,1783218915034,118651,112179,0,0,-16,0,0,1,75,78,122,130,71,166.25,116,-12,-15,-1051,-1,0,0,0,0,0,-25,0,"keyboard-worker","OK",1783218915016,112161,2099
1302,1783218915130,118747,112275,0,0,-16,0,0,1,75,78,121,130,71,166.71,116,4,-2,-1015,-1,0,0,0,0,0,-25,0,"keyboard-worker","OK",1783218915116,112261,2101
1303,1783218915227,118844,112372,0,0,-16,0,0,1,75,78,118,130,71,166.18,116,-2,-2,-1037,-1,0,0,0,0,25,-25,0,"keyboard-worker","OK",1783218915216,112361,2103
1304,1783218915327,118944,112472,0,0,-17,0,0,1,75,78,116,130,71,166.39,116,-17,8,-996,-1,0,0,0,0,25,-25,0,"keyboard-worker","OK",1783218915317,112462,2105
1305,1783218915420,119037,112565,-1,0,-17,0,0,1,75,78,114,120,71,166.37,116,8,-11,-1048,-1,0,0,0,0,25,-25,0,"keyboard-worker","OK",1783218915417,112562,2107
1306,1783218915517,119134,112661,-2,0,-17,0,0,1,75,78,112,120,71,166.39,116,-14,0,-990,-1,0,0,0,0,25,-25,0,"keyboard-worker","OK",1783218915517,112662,2109
1307,1783218915613,119230,112758,-2,0,-17,0,0,1,76,77,109,120,71,166.28,117,6,-3,-1017,-1,0,0,0,0,25,-25,0,"keyboard-worker","OK",1783218915567,112712,2110
1308,1783218915710,119327,112855,-2,0,-17,0,0,1,76,77,108,120,71,166.44,117,15,-2,-1013,-1,0,0,0,0,25,-25,0,"keyboard-worker","OK",1783218915667,112812,2112
1309,1783218915806,119423,112951,-2,0,-17,1,0,1,76,77,106,110,71,166.3,117,3,-3,-1029,-1,0,0,0,0,25,-25,0,"keyboard-worker","OK",1783218915767,112912,2114
1310,1783218915903,119520,113048,-2,0,-17,1,0,1,76,77,103,110,71,166.06,117,-19,-8,-996,-1,0,0,0,0,25,-25,0,"keyboard-worker","OK",1783218915868,113013,2116
1311,1783218916000,119617,113145,-2,0,-17,1,0,1,76,77,102,110,71,166.33,117,-22,-3,-1002,-1,0,0,0,0,25,-25,0,"keyboard-worker","OK",1783218915968,113113,2118
1312,1783218916096,119713,113241,-2,0,-17,1,0,1,76,77,100,110,71,166.22,117,5,-12,-1008,-1,0,0,0,0,25,-25,0,"keyboard-worker","OK",1783218916068,113213,2120
1313,1783218916194,119811,113338,-2,0,-17,1,0,1,76,77,98,110,71,166.49,117,-14,-5,-1016,-1,0,0,0,0,25,-25,0,"keyboard-worker","OK",1783218916168,113313,2122
1314,1783218916289,119906,113434,-1,0,-17,2,0,1,76,77,96,100,71,166.08,117,18,-14,-996,-1,0,0,0,0,25,-25,0,"keyboard-worker","OK",1783218916268,113413,2124
1315,1783218916386,120003,113531,-1,0,-17,2,0,1,76,77,94,100,71,166.24,117,-15,-21,-986,-1,0,0,0,0,0,-25,0,"keyboard-worker","OK",1783218916369,113513,2126
1316,1783218916483,120100,113628,-1,0,-17,2,0,1,76,77,92,100,71,166.38,117,-11,-3,-1015,-1,0,0,0,0,0,-25,0,"keyboard-worker","OK",1783218916469,113614,2128
1317,1783218916579,120196,113724,0,0,-17,2,0,1,76,79,91,100,71,166.22,118,4,-5,-1011,-1,0,0,0,0,0,-25,0,"keyboard-worker","OK",1783218916569,113714,2130
1318,1783218916676,120293,113821,0,0,-16,2,0,1,76,79,89,100,71,166.12,118,-8,-14,-992,-1,0,0,0,0,0,-25,0,"keyboard-worker","OK",1783218916669,113814,2132
1319,1783218916773,120390,113917,0,0,-16,1,0,1,76,79,88,100,71,166.09,118,0,-17,-1005,-1,0,0,0,0,0,-25,0,"keyboard-worker","OK",1783218916769,113914,2134
1320,1783218916869,120486,114014,0,0,-16,1,0,1,76,79,87,90,71,165.88,118,14,-10,-999,-1,0,0,0,0,0,-25,0,"keyboard-worker","OK",1783218916869,114014,2136
1321,1783218916967,120584,114112,0,0,-16,1,0,1,76,79,85,90,71,166.26,118,-17,-10,-986,-1,0,0,0,0,0,-25,0,"keyboard-worker","OK",1783218916919,114064,2137
1322,1783218917063,120680,114208,1,0,-16,1,0,1,76,79,84,90,71,166.24,118,18,-4,-1012,-1,0,0,0,0,0,-25,0,"keyboard-worker","OK",1783218917020,114165,2139
1323,1783218917159,120776,114304,3,0,-16,0,0,1,76,79,82,90,71,166.14,118,17,-19,-1018,-1,0,0,0,0,0,-25,0,"keyboard-worker","OK",1783218917120,114265,2141
1324,1783218917256,120873,114401,1,0,-16,0,0,1,76,79,81,90,71,165.95,118,-13,-10,-987,-1,0,0,0,0,0,-25,0,"keyboard-worker","OK",1783218917220,114365,2143
1325,1783218917353,120970,114498,0,0,-16,0,0,1,76,79,80,90,71,165.78,118,21,-19,-1003,-1,0,0,0,0,0,-25,0,"keyboard-worker","OK",1783218917320,114465,2145
1326,1783218917449,121066,114594,0,0,-16,0,0,1,76,79,78,90,71,165.69,118,17,-11,-988,-1,0,0,0,0,0,-25,0,"keyboard-worker","OK",1783218917420,114565,2147
1327,1783218917546,121163,114691,0,0,-16,0,0,1,76,78,77,80,71,165.9,119,3,-10,-994,-1,0,0,0,0,0,-25,0,"keyboard-worker","OK",1783218917521,114665,2149
1328,1783218917642,121259,114787,0,0,-16,0,0,1,76,78,76,80,71,166.05,119,12,-7,-1018,-1,0,0,0,0,25,-25,0,"keyboard-worker","OK",1783218917621,114766,2151
1329,1783218917739,121356,114884,0,0,-16,0,0,1,76,78,74,80,71,165.69,119,37,-2,-1003,-1,0,0,0,0,25,-25,0,"keyboard-worker","OK",1783218917721,114866,2153
1330,1783218917836,121453,114981,0,0,-16,0,0,1,76,78,73,80,71,166.02,119,7,-11,-1002,-1,0,0,0,0,25,-25,0,"keyboard-worker","OK",1783218917821,114966,2155
1331,1783218917932,121549,115077,-1,0,-16,0,0,1,76,78,72,80,71,165.91,119,19,-7,-985,-1,0,0,0,0,25,-25,0,"keyboard-worker","OK",1783218917921,115066,2157
1332,1783218918029,121646,115174,-1,0,-16,0,0,1,76,78,71,80,71,165.48,119,-11,-8,-979,-1,0,0,0,0,25,-25,0,"keyboard-worker","OK",1783218918021,115166,2159
1333,1783218918125,121742,115270,-1,0,-16,0,0,1,76,78,69,80,71,165.67,119,24,-13,-999,-1,0,0,0,0,25,-25,0,"keyboard-worker","OK",1783218918122,115267,2161
1334,1783218918222,121839,115367,-1,0,-16,0,0,1,76,78,68,70,71,165.87,119,-11,0,-1000,-1,0,0,0,0,25,-25,0,"keyboard-worker","OK",1783218918222,115367,2163
1335,1783218918319,121936,115464,-1,0,-16,1,0,1,76,78,67,70,71,165.82,119,18,-17,-984,-1,0,0,0,0,25,-25,0,"keyboard-worker","OK",1783218918272,115417,2164
1336,1783218918367,121984,115512,-1,0,-16,1,0,1,76,78,66,70,71,165.84,119,-7,-9,-1016,-1,0,0,0,0,25,-25,0,"keyboard-worker","OK",1783218918322,115467,2165
1337,1783218918464,122081,115609,-1,0,-16,1,0,1,76,78,65,70,71,165.88,120,14,-12,-975,-1,0,0,0,0,25,-25,0,"keyboard-worker","OK",1783218918422,115567,2167
1338,1783218918609,122226,115754,-1,0,-16,1,0,1,76,78,64,70,71,165.77,120,-3,-16,-1005,-1,0,0,0,0,25,-25,0,"keyboard-worker","OK",1783218918572,115717,2170
1339,1783218918705,122322,115850,-1,0,-16,1,0,1,76,78,63,70,71,165.87,120,0,-17,-1008,-1,0,0,0,0,25,-25,0,"keyboard-worker","OK",1783218918672,115817,2172
1340,1783218918754,122371,115899,-1,0,-16,1,0,1,76,78,62,70,71,165.8,120,-24,-5,-955,-1,0,0,0,0,25,-25,0,"keyboard-worker","OK",1783218918723,115867,2173
1341,1783218918850,122467,115995,-1,0,-16,1,0,1,76,78,61,70,71,165.83,120,4,-4,-1023,-1,0,0,0,0,0,-25,0,"keyboard-worker","OK",1783218918823,115968,2175
1342,1783218918947,122564,116092,-1,0,-16,1,0,1,76,78,60,70,71,165.77,120,1,-16,-998,-1,0,0,0,0,0,-25,0,"keyboard-worker","OK",1783218918923,116068,2177
1343,1783218919043,122660,116188,0,0,-16,1,0,1,76,78,59,60,71,166.03,120,6,-15,-976,-1,0,0,0,0,0,-25,0,"keyboard-worker","OK",1783218919023,116168,2179
1344,1783218919141,122758,116285,0,0,-16,1,0,1,76,78,58,60,71,165.7,120,7,-26,-1014,-1,0,0,0,0,0,-25,0,"keyboard-worker","OK",1783218919123,116268,2181
1345,1783218919237,122854,116382,0,0,-16,1,0,1,76,78,57,60,71,165.74,120,-7,-17,-989,-1,0,0,0,0,0,-25,0,"keyboard-worker","OK",1783218919223,116368,2183
1346,1783218919334,122951,116479,0,0,-16,1,0,1,76,78,56,60,71,166.01,120,10,-33,-1049,-1,0,0,0,0,0,-25,0,"keyboard-worker","OK",1783218919324,116468,2185
1347,1783218919430,123047,116575,0,0,-16,1,0,0,75,78,55,60,71,165.76,121,-15,-7,-966,-1,0,0,0,0,0,-25,0,"keyboard-worker","OK",1783218919424,116569,2187
1348,1783218919527,123144,116671,1,0,-16,1,0,0,75,78,55,60,71,166.1,121,-7,-19,-1008,-1,0,0,0,0,0,-25,0,"keyboard-worker","OK",1783218919524,116669,2189
1349,1783218919624,123241,116769,2,0,-16,0,0,1,75,78,54,60,71,165.63,121,44,-21,-961,-1,0,0,0,0,0,-25,0,"keyboard-worker","OK",1783218919624,116769,2191
1350,1783218919720,123337,116865,0,0,-16,0,0,0,75,78,53,60,71,165.87,121,5,-20,-1036,-1,0,0,0,0,0,-25,0,"keyboard-worker","OK",1783218919674,116819,2192
1351,1783218919818,123435,116963,0,0,-16,0,0,1,75,78,52,60,71,166.03,121,-17,7,-980,-1,0,0,0,0,0,-25,0,"keyboard-worker","OK",1783218919774,116919,2194
1352,1783218919913,123530,117058,0,0,-16,0,0,1,75,78,51,60,71,165.52,121,19,-25,-975,-1,0,0,0,0,0,-25,0,"keyboard-worker","OK",1783218919874,117019,2196
1353,1783218920012,123629,117157,0,0,-16,0,0,1,75,78,49,60,71,165.59,121,14,-16,-970,-1,0,0,0,0,0,-25,0,"keyboard-worker","OK",1783218919975,117120,2198
1354,1783218920106,123723,117251,0,0,-16,0,0,1,75,78,48,50,71,165.49,121,25,-17,-975,-1,0,0,0,0,0,0,0,"keyboard-worker","OK",1783218920075,117220,2200
1355,1783218920204,123821,117349,0,0,-16,0,0,1,75,78,47,50,71,165.68,121,8,-21,-1020,-1,0,0,0,0,0,0,0,"keyboard-worker","OK",1783218920175,117320,2202
1356,1783218920307,123924,117452,0,0,-16,0,0,0,75,78,46,50,71,165.6,121,36,-14,-1043,-1,0,0,0,0,0,0,0,"keyboard-worker","OK",1783218920275,117420,2204
1357,1783218920412,124029,117557,0,0,-16,0,0,0,76,79,45,50,71,165.74,122,20,-31,-989,-1,0,0,0,0,0,0,0,"keyboard-worker","OK",1783218920376,117521,2206
1358,1783218920512,124129,117657,0,0,-16,0,0,0,76,79,44,50,71,165.84,122,53,-36,-1006,-1,0,0,0,0,0,0,0,"keyboard-worker","OK",1783218920477,117621,2208
1359,1783218920617,124234,117762,0,0,-16,0,0,0,76,79,44,50,71,165.53,122,12,-11,-970,-1,0,0,0,0,0,0,0,"keyboard-worker","OK",1783218920577,117722,2210
1360,1783218920718,124335,117863,0,0,-16,0,0,0,76,79,44,50,71,165.72,122,18,-24,-972,-1,0,0,0,0,0,0,0,"keyboard-worker","OK",1783218920677,117822,2212
1361,1783218920821,124438,117966,0,0,-16,0,0,0,76,79,44,50,71,166.06,122,11,-16,-1019,-1,0,0,0,0,0,0,0,"keyboard-worker","OK",1783218920778,117923,2214
1362,1783218920922,124539,118067,0,0,-16,0,0,0,76,79,44,50,71,165.77,122,3,-8,-1010,-1,0,0,0,0,0,0,0,"keyboard-worker","OK",1783218920879,118024,2216
1363,1783218921025,124642,118170,0,0,-16,0,0,0,76,79,44,50,71,165.7,122,-55,5,-1028,-1,0,0,0,0,0,0,0,"keyboard-worker","OK",1783218920979,118124,2218
1364,1783218921128,124745,118273,0,0,-16,0,0,0,76,79,44,50,71,165.62,122,1,-28,-902,-1,0,0,0,0,0,0,0,"keyboard-worker","OK",1783218921080,118225,2220
1365,1783218921231,124848,118376,-1,0,-16,0,0,0,76,79,44,50,71,165.78,122,17,4,-1043,-1,0,0,0,0,0,0,0,"keyboard-worker","OK",1783218921231,118376,2223
1366,1783218921332,124949,118477,0,0,-16,0,0,0,76,79,44,50,71,165.73,122,5,2,-1085,-1,0,0,0,0,0,0,0,"keyboard-worker","OK",1783218921331,118476,2225
1367,1783218921435,125052,118580,0,0,-16,0,0,0,76,79,45,50,71,165.73,123,-21,-6,-984,-1,0,0,0,0,0,0,0,"keyboard-worker","OK",1783218921431,118576,2227
1368,1783218921538,125155,118683,0,0,-16,0,0,0,76,79,45,50,71,165.57,123,16,-29,-983,-1,0,0,0,0,0,0,0,"keyboard-worker","OK",1783218921531,118676,2229
1369,1783218921641,125258,118786,-1,0,-16,0,0,0,76,79,45,50,71,165.7,123,10,-16,-1006,-1,0,0,0,0,0,0,0,"keyboard-worker","OK",1783218921632,118777,2231
1370,1783218923929,127546,118887,0,0,-16,0,0,0,76,79,46,50,71,165.9,123,10,-17,-1010,-1,0,0,0,0,0,0,0,"keyboard-worker","OK",1783218923919,118877,2233
1371,1783218924032,127649,118990,0,0,-16,0,0,0,76,79,45,50,70,165.75,123,0,-10,-964,-1,0,0,0,0,0,0,0,"keyboard-worker","OK",1783218924020,118977,2235
1372,1783218924137,127754,119095,0,0,-16,0,0,0,76,79,45,50,70,165.7,123,-10,-3,-1059,-1,0,0,0,0,0,0,0,"keyboard-worker","OK",1783218924120,119078,2237
1373,1783218924238,127855,119195,0,0,-16,0,0,0,76,79,46,50,70,165.81,123,19,-13,-883,-1,0,0,0,0,0,0,0,"keyboard-worker","OK",1783218924220,119178,2239
1374,1783218924340,127957,119298,0,0,-16,0,0,0,76,79,46,50,70,165.64,123,22,-27,-1053,-1,0,0,0,0,0,0,0,"keyboard-worker","OK",1783218924320,119278,2241
1375,1783218924445,128062,119403,0,0,-16,0,0,0,76,79,46,50,70,165.78,123,-22,3,-1019,-1,0,0,0,0,0,0,0,"keyboard-worker","OK",1783218924421,119378,2243
1376,1783218924494,128111,119451,0,0,-16,0,0,0,76,79,47,50,70,165.85,123,-17,18,-1067,-1,0,0,0,0,0,0,0,"keyboard-worker","OK",1783218924471,119428,2244
1377,1783218924648,128265,119605,0,0,-16,0,0,0,76,78,48,50,70,165.92,124,26,-25,-942,-1,0,0,0,0,0,0,0,"keyboard-worker","OK",1783218924621,119579,2247
1378,1783218924699,128316,119656,0,0,-16,0,0,0,76,78,49,50,70,165.5,124,-3,-9,-1083,-1,0,0,0,0,0,0,0,"keyboard-worker","OK",1783218924672,119630,2248
1379,1783218924801,128418,119759,0,0,-16,0,0,0,76,78,51,50,70,165.81,124,17,-13,-971,-1,0,0,0,0,0,0,0,"keyboard-worker","OK",1783218924772,119730,2250
1380,1783218924906,128523,119864,0,0,-16,0,0,0,76,78,52,50,70,165.9,124,8,-11,-971,-1,0,0,0,0,0,0,0,"keyboard-worker","OK",1783218924873,119830,2252
1381,1783218925006,128623,119964,0,0,-16,0,0,0,76,78,53,50,70,165.89,124,13,0,-895,-1,0,0,0,0,0,0,0,"keyboard-worker","OK",1783218924973,119931,2254
1382,1783218925112,128729,120070,0,0,-16,0,0,0,76,78,54,50,70,166.02,124,36,-21,-953,-1,0,0,0,0,0,0,0,"keyboard-worker","OK",1783218925073,120031,2256
1383,1783218925211,128828,120169,-1,0,-16,0,0,0,76,78,54,60,70,165.92,124,-6,-15,-990,-1,0,0,0,0,0,0,0,"keyboard-worker","OK",1783218925173,120131,2258
1384,1783218925314,128931,120272,-1,0,-16,0,0,0,76,78,54,60,70,166.08,124,21,-7,-1005,-1,0,0,0,0,0,0,0,"keyboard-worker","OK",1783218925274,120231,2260
1385,1783218925418,129035,120375,-1,0,-16,0,0,0,76,78,55,60,70,165.69,124,9,-7,-989,-1,0,0,0,0,0,0,0,"keyboard-worker","OK",1783218925374,120332,2262
1386,1783218925519,129136,120477,-1,0,-16,0,0,0,76,78,54,60,70,165.68,124,-18,-11,-1017,-1,0,0,0,0,0,0,0,"keyboard-worker","OK",1783218925474,120432,2264
1387,1783218925622,129239,120580,0,0,-16,0,0,0,75,79,54,60,70,165.73,125,-26,2,-975,-1,0,0,0,0,0,0,0,"keyboard-worker","OK",1783218925574,120532,2266
1388,1783218925724,129341,120682,0,0,-16,0,0,0,75,79,54,60,70,165.96,125,-1,4,-973,-1,0,0,0,0,0,0,0,"keyboard-worker","OK",1783218925674,120632,2268
1389,1783218925826,129443,120784,-1,0,-16,0,0,0,75,79,54,60,70,165.59,125,10,-23,-1002,-1,0,0,0,0,0,0,0,"keyboard-worker","OK",1783218925825,120783,2271
1390,1783218925929,129546,120887,0,0,-16,0,0,0,75,79,53,60,70,165.61,125,26,-17,-923,-1,0,0,0,0,0,0,0,"keyboard-worker","OK",1783218925925,120883,2273
1391,1783218926032,129649,120989,0,0,-16,0,0,0,75,79,53,60,70,165.88,125,-11,-19,-1046,-1,0,0,0,0,0,0,0,"keyboard-worker","OK",1783218926026,120984,2275
1392,1783218926134,129751,121092,0,0,-16,0,0,0,75,79,52,60,70,165.99,125,-16,-5,-946,-1,0,0,0,0,0,0,0,"keyboard-worker","OK",1783218926126,121084,2277
1393,1783218926237,129854,121194,0,0,-16,0,0,0,75,79,52,60,70,165.6,125,-14,2,-1006,-1,0,0,0,0,0,0,0,"keyboard-worker","OK",1783218926227,121184,2279
1394,1783218926339,129956,121297,0,0,-16,0,0,0,75,79,52,60,70,165.95,125,-47,23,-1120,-1,0,0,0,0,0,0,0,"keyboard-worker","OK",1783218926327,121285,2281
1395,1783218926445,130062,121403,0,0,-16,0,0,0,75,79,51,60,70,165.68,125,28,-15,-1007,-1,0,0,0,0,0,0,0,"keyboard-worker","OK",1783218926427,121385,2283
1396,1783218926544,130161,121502,0,0,-16,0,0,0,75,79,50,60,70,165.81,125,-21,17,-1033,-1,0,0,0,0,0,0,0,"keyboard-worker","OK",1783218926527,121485,2285
1397,1783218926644,130261,121602,0,0,-16,0,0,0,76,79,50,60,70,165.81,126,17,-21,-941,-1,0,0,0,0,0,0,0,"keyboard-worker","OK",1783218926628,121585,2287
1398,1783218926740,130357,121698,0,0,-16,0,0,0,76,79,49,60,70,165.57,126,-33,4,-983,-1,0,0,0,0,0,0,0,"keyboard-worker","OK",1783218926728,121686,2289
1399,1783218926837,130454,121795,0,0,-16,0,0,0,76,79,48,50,70,165.8,126,10,-4,-974,-1,0,0,0,0,0,0,0,"keyboard-worker","OK",1783218926828,121786,2291
1400,1783218926934,130551,121892,0,0,-16,0,0,0,76,79,47,50,70,165.9,126,-6,-6,-956,-1,0,0,0,0,0,0,0,"keyboard-worker","OK",1783218926928,121886,2293
1401,1783218927031,130648,121989,0,0,-16,0,0,0,76,79,47,50,70,165.71,126,-9,13,-992,-1,0,0,0,0,0,0,0,"keyboard-worker","OK",1783218927028,121986,2295
1402,1783218927128,130745,122086,0,0,-16,0,0,0,76,79,46,50,70,165.62,126,-11,-17,-981,-1,0,0,0,0,0,0,0,"keyboard-worker","OK",1783218927078,122036,2296
1403,1783218927226,130843,122183,0,0,-16,0,0,0,76,79,45,50,70,165.67,126,0,-21,-991,-1,0,0,0,0,0,0,0,"keyboard-worker","OK",1783218927179,122136,2298
1404,1783218927322,130939,122280,0,0,-16,0,0,0,76,79,44,50,70,165.7,126,0,-7,-988,-1,0,0,0,0,0,0,0,"keyboard-worker","OK",1783218927279,122237,2300
1405,1783218927422,131039,122379,0,0,-16,0,0,0,76,79,44,50,70,165.6,126,2,-12,-964,-1,0,0,0,0,0,0,0,"keyboard-worker","OK",1783218927379,122337,2302
1406,1783218927518,131135,122476,0,0,-16,0,0,0,76,79,43,50,70,166.02,126,20,-12,-1012,-1,0,0,0,0,0,0,0,"keyboard-worker","OK",1783218927479,122437,2304
1407,1783218927615,131232,122573,0,0,-16,0,0,0,76,79,43,50,70,165.53,127,-13,2,-1097,-1,0,0,0,0,0,0,0,"keyboard-worker","OK",1783218927579,122537,2306
1408,1783218927707,131324,122665,0,0,-16,0,0,0,76,79,42,50,70,165.46,127,-13,-4,-987,-1,0,0,0,0,0,0,0,"keyboard-worker","OK",1783218927680,122637,2308
1409,1783218927803,131420,122761,0,0,-16,0,0,0,76,79,42,50,70,165.73,127,4,-13,-1022,-1,0,0,0,0,0,0,0,"keyboard-worker","OK",1783218927780,122737,2310
1410,1783218927901,131518,122859,0,0,-16,0,0,0,76,79,41,50,70,165.61,127,13,-23,-985,-1,0,0,0,0,0,0,0,"keyboard-worker","OK",1783218927880,122838,2312
1411,1783218928009,131626,122967,0,0,-16,0,0,0,76,79,41,50,70,165.58,127,-13,-3,-1042,-1,0,0,0,0,0,0,0,"keyboard-worker","OK",1783218927980,122938,2314
1412,1783218928045,131662,123003,0,0,-16,0,0,0,76,79,41,50,70,165.63,127,6,-17,-1048,-1,0,0,0,0,0,0,0,"keyboard-worker","OK",1783218928030,122988,2315
1413,1783218928146,131763,123104,0,0,-16,0,0,0,76,79,41,50,70,165.6,127,-15,-13,-1003,-1,0,0,0,0,0,0,0,"keyboard-worker","OK",1783218928130,123088,2317
1414,1783218928239,131856,123196,0,0,-16,0,0,0,76,79,41,50,70,165.85,127,15,-3,-981,-1,0,0,0,0,0,0,0,"keyboard-worker","OK",1783218928231,123188,2319
1415,1783218928336,131953,123293,0,0,-16,0,0,0,76,79,41,50,70,165.75,127,-26,0,-1119,-1,0,0,0,0,0,0,0,"keyboard-worker","OK",1783218928331,123288,2321
1416,1783218928433,132050,123390,0,0,-16,0,0,0,76,79,41,50,70,165.77,128,19,-38,-947,-1,0,0,0,0,0,0,0,"rc-neutral-land","OK",1783218928431,123389,2324
1417,1783218928528,132145,123486,0,0,-16,0,0,0,77,80,41,50,70,165.61,128,8,-34,-973,-1,0,0,0,0,0,0,0,"rc-neutral-land","OK",1783218928431,123389,2324
1418,1783218928631,132248,123589,0,0,-16,0,0,0,77,80,41,50,70,165.64,128,16,-18,-899,-1,0,0,0,0,0,0,0,"rc-neutral-land","OK",1783218928431,123389,2324
1419,1783218928722,132339,123679,0,0,-16,0,0,0,77,80,41,50,70,165.72,128,-6,4,-1084,-1,0,0,0,0,0,0,0,"rc-neutral-land","OK",1783218928431,123389,2324
1420,1783218928819,132436,123777,0,0,-16,0,0,0,77,80,40,50,70,165.62,128,16,-7,-1052,-1,0,0,0,0,0,0,0,"rc-neutral-land","OK",1783218928431,123389,2324
1421,1783218928915,132532,123873,0,0,-16,0,0,0,77,80,40,50,70,165.53,128,7,-12,-999,-1,0,0,0,0,0,0,0,"rc-neutral-land","OK",1783218928431,123389,2324
1422,1783218929012,132629,123969,0,0,-16,0,0,0,77,80,39,50,70,165.65,128,3,-5,-1023,-1,0,0,0,0,0,0,0,"rc-neutral-land","OK",1783218928431,123389,2324
1423,1783218929108,132725,124066,0,0,-16,0,0,1,77,80,38,50,70,165.64,128,38,-22,-888,-1,0,0,0,0,0,0,0,"rc-neutral-land","OK",1783218928431,123389,2324
1424,1783218929205,132822,124163,0,0,-16,0,0,1,77,80,39,40,70,165.69,128,-23,-7,-946,-1,0,0,0,0,0,0,0,"rc-neutral-land","OK",1783218928431,123389,2324
1425,1783218929303,132920,124261,0,0,-16,0,0,2,77,80,36,40,70,165.31,128,3,-12,-919,-1,0,0,0,0,0,0,0,"rc-neutral-land","OK",1783218928431,123389,2324
1426,1783218929398,133015,124356,0,0,-16,0,0,3,77,80,32,40,70,165.77,129,15,-25,-939,-1,0,0,0,0,0,0,0,"rc-neutral-land","OK",1783218928431,123389,2324
1427,1783218929495,133112,124452,0,0,-16,0,0,3,77,79,27,30,70,165.59,129,-24,-10,-953,-1,0,0,0,0,0,0,0,"rc-neutral-land","OK",1783218928431,123389,2324
1428,1783218929591,133208,124549,0,0,-16,0,0,4,77,79,22,30,70,164.94,129,9,-25,-974,-1,0,0,0,0,0,0,0,"rc-neutral-land","OK",1783218928431,123389,2324
1429,1783218929688,133305,124646,0,0,-16,0,0,4,77,79,16,20,70,164.47,129,-9,-3,-1042,-1,0,0,0,0,0,0,0,"rc-neutral-land","OK",1783218928431,123389,2324
1430,1783218929790,133407,124747,-1,0,-16,0,0,3,77,79,10,20,70,163.61,129,13,0,-1056,-1,0,0,0,0,0,0,0,"rc-neutral-land","OK",1783218928431,123389,2324
1431,1783218929881,133498,124839,0,0,-16,0,0,3,77,79,10,10,70,161.57,129,13,-18,-1106,-1,0,0,0,0,0,0,0,"rc-neutral-land","OK",1783218928431,123389,2324
1432,1783218929978,133595,124936,-1,5,-16,0,0,-1,77,79,10,0,70,163.6,129,-2,0,-656,-1,0,0,0,0,0,0,0,"rc-neutral-land","OK",1783218928431,123389,2324
1433,1783218930074,133691,125032,0,0,-16,0,-1,1,77,79,10,0,70,164.18,129,-31,59,-3866,-1,0,0,0,0,0,0,0,"rc-neutral-land","OK",1783218928431,123389,2324
1434,1783218930171,133788,125129,0,0,-16,0,-1,0,77,79,10,0,70,164.6,129,-39,-13,-1006,-1,0,0,0,0,0,0,0,"rc-neutral-land","OK",1783218928431,123389,2324
1435,1783218930268,133885,125226,0,0,-16,0,-1,0,77,79,10,0,70,164.38,129,-10,-1,-1005,-1,0,0,0,0,0,0,0,"rc-neutral-land","OK",1783218928431,123389,2324
1436,1783218930364,133981,125322,0,0,-16,0,-1,0,77,79,10,0,70,164.54,129,2,5,-998,-1,0,0,0,0,0,0,0,"rc-neutral-land","OK",1783218928431,123389,2324
1437,1783218930457,134074,125415,0,0,-16,0,-1,0,77,79,10,0,70,164.88,129,3,9,-1001,-1,0,0,0,0,0,0,0,"rc-neutral-land","OK",1783218928431,123389,2324
1438,1783218930549,134166,125507,0,0,-16,0,-1,0,77,79,10,0,70,164.74,129,8,1,-1003,-1,0,0,0,0,0,0,0,"rc-neutral-land","OK",1783218928431,123389,2324
1439,1783218930641,134258,125599,0,0,-16,0,-1,1,77,79,10,0,70,164.69,129,7,8,-994,-1,0,0,0,0,0,0,0,"rc-neutral-land","OK",1783218928431,123389,2324
1440,1783218930733,134350,125691,0,0,-16,0,-1,1,77,79,10,0,70,164.79,129,7,10,-996,-1,0,0,0,0,0,0,0,"rc-neutral-land","OK",1783218928431,123389,2324
1441,1783218930825,134442,125783,0,0,-16,0,-2,1,77,79,10,0,70,165.17,129,2,5,-999,-1,0,0,0,0,0,0,0,"rc-neutral-land","OK",1783218928431,123389,2324
1442,1783218930917,134534,125875,0,0,-16,1,-2,1,77,79,10,0,70,165.03,129,0,6,-997,-1,0,0,0,0,0,0,0,"rc-neutral-land","OK",1783218928431,123389,2324
1443,1783218931009,134626,125967,0,0,-16,1,-2,1,77,79,10,0,70,165.36,129,4,9,-995,-1,0,0,0,0,0,0,0,"rc-neutral-land","OK",1783218928431,123389,2324
1444,1783218931101,134718,126059,0,0,-16,1,-2,1,77,79,10,0,70,165.05,129,4,7,-1000,-1,0,0,0,0,0,0,0,"rc-neutral-land","OK",1783218928431,123389,2324
1445,1783218931193,134810,126151,0,0,-16,0,0,0,77,79,10,0,70,165.1,129,3,8,-997,-1,0,0,0,0,0,0,0,"rc-neutral-land","OK",1783218928431,123389,2324
1446,1783218931285,134902,126243,0,0,-16,0,0,0,77,79,10,0,70,164.75,129,3,6,-998,-1,0,0,0,0,0,0,0,"rc-neutral-land","OK",1783218928431,123389,2324
1447,1783218931377,134994,126335,0,0,-16,0,0,0,76,79,10,0,70,164.84,129,4,5,-998,-1,0,0,0,0,0,0,0,"rc-neutral-land","OK",1783218928431,123389,2324
1448,1783218931469,135086,126427,0,0,-16,0,0,0,76,79,10,0,70,165.11,129,4,7,-995,-1,0,0,0,0,0,0,0,"rc-neutral-land","OK",1783218928431,123389,2324
1449,1783218931561,135178,126519,0,0,-15,0,0,0,76,79,10,0,70,165.21,129,5,7,-998,-1,0,0,0,0,0,0,0,"rc-neutral-land","OK",1783218928431,123389,2324
1450,1783218931607,135224,126565,0,0,-15,0,0,0,76,79,10,0,70,165,129,5,6,-997,-1,0,0,0,0,0,0,0,"rc-neutral-land","OK",1783218928431,123389,2324
1451,1783218931702,135319,126660,0,0,-15,0,0,0,76,79,10,0,70,165.17,129,4,6,-997,-1,0,0,0,0,0,0,0,"rc-neutral-land","OK",1783218928431,123389,2324
1452,1783218931791,135408,126749,0,0,-15,0,0,0,76,79,10,0,70,164.69,129,3,7,-998,-1,0,0,0,0,0,0,0,"rc-neutral-land","OK",1783218928431,123389,2324
1453,1783218931883,135500,126841,0,0,-14,0,0,0,76,79,10,0,70,165.16,129,4,6,-999,-1,0,0,0,0,0,0,0,"rc-neutral-land","OK",1783218928431,123389,2324
1454,1783218931976,135593,126934,0,0,-14,0,0,0,76,79,10,0,70,165.16,129,5,8,-1000,-1,0,0,0,0,0,0,0,"rc-neutral-land","OK",1783218928431,123389,2324
1455,1783218932067,135684,127025,0,0,-14,0,0,0,76,79,10,0,70,164.99,129,4,7,-999,-1,0,0,0,0,0,0,0,"rc-neutral-land","OK",1783218928431,123389,2324
1456,1783218932159,135776,127117,0,0,-14,0,0,0,76,79,10,0,70,165.02,129,4,7,-997,-1,0,0,0,0,0,0,0,"rc-neutral-land","OK",1783218928431,123389,2324
1457,1783218932251,135868,127209,0,0,-13,0,0,0,76,79,10,0,70,165.01,129,4,7,-997,-1,0,0,0,0,0,0,0,"rc-neutral-land","OK",1783218928431,123389,2324
1458,1783218932344,135961,127302,0,0,-13,0,0,0,76,79,10,0,70,165.14,129,4,7,-999,-1,0,0,0,0,0,0,0,"rc-neutral-land","OK",1783218928431,123389,2324
1459,1783218932435,136052,127393,0,0,-13,0,0,0,76,79,10,0,70,165.17,129,3,6,-997,-1,0,0,0,0,0,0,0,"rc-neutral-land","OK",1783218928431,123389,2324
1460,1783218932527,136144,127485,0,0,-13,0,0,0,76,79,10,0,70,165.11,129,3,7,-1001,-1,0,0,0,0,0,0,0,"rc-neutral-land","OK",1783218928431,123389,2324
1461,1783218932619,136236,127577,0,0,-13,0,0,0,76,79,10,0,70,165.16,129,4,7,-997,-1,0,0,0,0,0,0,0,"rc-neutral-land","OK",1783218928431,123389,2324
1462,1783218932711,136328,127669,0,0,-12,0,0,0,76,79,10,0,70,165.01,129,4,8,-999,-1,0,0,0,0,0,0,0,"rc-neutral-land","OK",1783218928431,123389,2324
1463,1783218932804,136421,127762,0,0,-12,0,0,0,76,79,10,0,70,165.43,129,4,7,-1002,-1,0,0,0,0,0,0,0,"rc-neutral-land","OK",1783218928431,123389,2324
1464,1783218932895,136512,127853,0,0,-12,0,0,0,76,79,10,0,70,165.02,129,6,8,-1000,-1,0,0,0,0,0,0,0,"rc-neutral-land","OK",1783218928431,123389,2324
1465,1783218932987,136604,127945,0,0,-12,0,0,0,76,79,10,0,70,165.24,129,4,7,-999,-1,0,0,0,0,0,0,0,"rc-neutral-land","OK",1783218928431,123389,2324
1466,1783218933080,136697,128038,0,0,-12,0,0,0,76,79,10,0,70,164.76,129,3,7,-1001,-1,0,0,0,0,0,0,0,"rc-neutral-land","OK",1783218928431,123389,2324
1467,1783218933172,136789,128130,0,0,-11,0,0,0,77,79,10,0,70,165.18,129,4,9,-999,-1,0,0,0,0,0,0,0,"rc-neutral-land","OK",1783218928431,123389,2324
1468,1783218933264,136881,128222,0,0,-11,0,0,0,77,79,10,0,70,165.02,129,5,7,-1000,-1,0,0,0,0,0,0,0,"rc-neutral-land","OK",1783218928431,123389,2324
1469,1783218933356,136973,128314,0,0,-11,0,0,0,77,79,10,0,70,164.97,129,4,8,-998,-1,0,0,0,0,0,0,0,"rc-neutral-land","OK",1783218928431,123389,2324
1470,1783218933449,137066,128406,0,0,-11,0,0,0,77,79,10,0,70,165.3,129,4,7,-997,-1,0,0,0,0,0,0,0,"rc-neutral-land","OK",1783218928431,123389,2324
1471,1783218933540,137157,128498,0,0,-11,0,0,0,77,79,10,0,70,164.79,129,5,8,-998,-1,0,0,0,0,0,0,0,"rc-neutral-land","OK",1783218928431,123389,2324
1472,1783218933632,137249,128590,0,0,-11,0,0,0,77,79,10,0,70,164.84,129,3,7,-999,-1,0,0,0,0,0,0,0,"rc-neutral-land","OK",1783218928431,123389,2324
1473,1783218933724,137341,128682,0,0,-11,0,0,0,77,79,10,0,70,165.03,129,5,8,-1000,-1,0,0,0,0,0,0,0,"rc-neutral-land","OK",1783218928431,123389,2324
1474,1783218933816,137433,128774,0,0,-10,0,0,0,77,79,10,0,70,165.12,129,3,7,-999,-1,0,0,0,0,0,0,0,"rc-neutral-land","OK",1783218928431,123389,2324
1475,1783218933908,137525,128866,0,0,-10,0,0,0,77,79,10,0,70,164.87,129,3,7,-999,-1,0,0,0,0,0,0,0,"rc-neutral-land","OK",1783218928431,123389,2324
1476,1783218934000,137617,128958,0,0,-10,0,0,0,77,79,10,0,70,165.15,129,2,7,-1000,-1,0,0,0,0,0,0,0,"rc-neutral-land","OK",1783218928431,123389,2324
1477,1783218934092,137709,129050,0,0,-10,0,0,0,77,79,10,0,70,164.88,129,3,9,-1001,-1,0,0,0,0,0,0,0,"rc-neutral-land","OK",1783218928431,123389,2324
1478,1783218934184,137801,129142,0,0,-10,0,0,0,77,79,10,0,70,165.22,129,3,7,-998,-1,0,0,0,0,0,0,0,"rc-neutral-land","OK",1783218928431,123389,2324
1479,1783218934276,137893,129234,0,0,-10,0,0,0,77,79,10,0,70,165.07,129,3,8,-1001,-1,0,0,0,0,0,0,0,"rc-neutral-land","OK",1783218928431,123389,2324
1480,1783218934369,137986,129327,0,0,-10,0,0,0,77,79,10,0,70,165.04,129,4,7,-995,-1,0,0,0,0,0,0,0,"rc-neutral-land","OK",1783218928431,123389,2324
1481,1783218934460,138077,129418,0,0,-10,0,0,0,77,79,10,0,70,165.03,129,6,5,-1000,-1,0,0,0,0,0,0,0,"rc-neutral-land","OK",1783218928431,123389,2324
1482,1783218934506,138123,129464,0,0,-10,0,0,0,77,79,10,0,70,164.9,129,5,8,-999,-1,0,0,0,0,0,0,0,"rc-neutral-land","OK",1783218928431,123389,2324
1483,1783218934598,138215,129556,0,0,-10,0,0,0,77,79,10,0,70,165.01,129,2,6,-999,-1,0,0,0,0,0,0,0,"rc-neutral-land","OK",1783218928431,123389,2324
1484,1783218934690,138307,129648,0,0,-9,0,0,0,77,79,10,0,70,164.84,129,4,7,-1001,-1,0,0,0,0,0,0,0,"rc-neutral-land","OK",1783218928431,123389,2324
1485,1783218934782,138399,129740,0,0,-9,0,0,0,77,79,10,0,70,164.84,129,3,7,-1000,-1,0,0,0,0,0,0,0,"rc-neutral-land","OK",1783218928431,123389,2324
1486,1783218934874,138491,129832,0,0,-9,0,0,0,77,79,10,0,70,164.94,129,3,7,-999,-1,0,0,0,0,0,0,0,"rc-neutral-land","OK",1783218928431,123389,2324
1487,1783218934966,138583,129924,0,0,-9,0,0,0,77,79,10,0,70,165.09,129,3,8,-1002,-1,0,0,0,0,0,0,0,"rc-neutral-land","OK",1783218928431,123389,2324
1488,1783218935059,138676,130017,0,0,-9,0,0,0,77,79,10,0,70,165.18,129,3,6,-1000,-1,0,0,0,0,0,0,0,"rc-neutral-land","OK",1783218928431,123389,2324
1489,1783218935150,138767,130108,0,0,-9,0,0,0,77,79,10,0,70,165.26,129,5,8,-998,-1,0,0,0,0,0,0,0,"rc-neutral-land","OK",1783218928431,123389,2324
1490,1783218935242,138859,130200,0,0,-9,0,0,0,77,79,10,0,70,165.25,129,4,7,-1001,-1,0,0,0,0,0,0,0,"rc-neutral-land","OK",1783218928431,123389,2324
1491,1783218935334,138951,130292,0,0,-9,0,0,0,77,79,10,0,70,165.28,129,5,8,-1000,-1,0,0,0,0,0,0,0,"rc-neutral-land","OK",1783218928431,123389,2324
1492,1783218935426,139043,130384,0,0,-9,0,0,0,77,79,10,0,70,164.94,129,2,7,-998,-1,0,0,0,0,0,0,0,"rc-neutral-land","OK",1783218928431,123389,2324
1493,1783218935518,139135,130476,0,0,-9,0,0,0,77,79,10,0,70,164.97,129,4,7,-998,-1,0,0,0,0,0,0,0,"rc-neutral-land","OK",1783218928431,123389,2324
1494,1783218935610,139227,130568,0,0,-9,0,0,0,77,79,10,0,70,165.15,129,2,7,-1001,-1,0,0,0,0,0,0,0,"rc-neutral-land","OK",1783218928431,123389,2324
1495,1783218935702,139319,130660,0,0,-9,0,0,0,77,79,10,0,70,165.11,129,4,9,-999,-1,0,0,0,0,0,0,0,"rc-neutral-land","OK",1783218928431,123389,2324
1496,1783218935794,139411,130752,0,0,-9,0,0,0,77,79,10,0,70,164.91,129,3,8,-1002,-1,0,0,0,0,0,0,0,"rc-neutral-land","OK",1783218928431,123389,2324
1497,1783218935886,139503,130844,0,0,-9,0,0,0,76,79,10,0,70,165.13,129,3,6,-996,-1,0,0,0,0,0,0,0,"rc-neutral-land","OK",1783218928431,123389,2324
