test_id,scenario,notes,run_mode,elapsed_ms,attempt,command_samples,command_successes,command_failures,command_latency_ms_avg,command_latency_ms_min,command_latency_ms_max,last_command_latency_ms,last_command_elapsed_ms,last_command_age_ms,command_attempt_count,command_retry_count,command_timeout_count,command_client_total_ms,command_ensure_sdk_ms,command_executor_total_ms,command_send_ms,command_recv_wait_ms,command_parse_ms,command_executor_recv_wait_total_ms,command_executor_internal_total_ms,command_recovery_ms,command_executor_calls,command_recovery_count,last_command,last_response,last_command_result,command_source,command_executor_last_error,command_executor_attempt_log,command_internal_attempt_log,telemetry_packets_total,telemetry_packets_valid,telemetry_packets_invalid,telemetry_timeouts,telemetry_errors,telemetry_hz_instant,telemetry_hz_ema,telemetry_age_ms,telemetry_interarrival_ms,telemetry_max_interarrival_ms,telemetry_last_gap_ms,telemetry_last_gap_sequence,telemetry_gap_events_300ms,telemetry_gap_events_500ms,telemetry_gap_events_1000ms,telemetry_quality,telemetry_quality_score,telemetry_state_available,telemetry_h,telemetry_tof,telemetry_baro,telemetry_vgz,telemetry_bat,telemetry_templ,telemetry_temph,video_packets_total,video_bytes_total,video_timeouts,video_errors,video_pps_instant,video_pps_ema,video_age_ms,video_packet_delta,video_interarrival_ms,video_max_interarrival_ms,video_last_gap_ms,video_last_gap_sequence,video_gap_events_300ms,video_gap_events_500ms,video_gap_events_1000ms,video_quality,video_quality_score,link_quality,link_quality_score,link_safe_for_nonzero_rc,link_quality_reason,link_telemetry_quality,link_video_quality,link_command_quality,link_rc_quality,rc_packet_gap_ms,rc_expected_period_ms,rc_blackout_count,rc_last_nonzero_age_ms,rc_safety_override_active,nal_packets_in,nal_bytes_in,nal_units,nal_sps,nal_pps,nal_idr,nal_non_idr,nal_other,nal_decode_gated,nal_resyncs,nal_buffered_bytes,decoder_nals_in,decoder_packets_sent,decoder_frames_decoded,decoder_errors,decoder_fps_ema,frame_width,frame_height,keyframes,paused,overlay_enabled,recovery_attempted,recovery_result,recovery_hard,recovery_stage,recovery_command_channel_available,event,log_timestamp,log_message,connection_state,last_outage_failures,plot_metric,state_sequence_delta,state_receiver_running,rc_stream_active,rc_left_right,rc_forward_back,rc_up_down,rc_yaw,keepalive_running,auto_refresh_active,critical_command_active,pause_keepalive_ms,neutral_rc_ms,critical_command_ms,gui_vision_tick_delay_ms,gui_state_tick_delay_ms,vision_refresh_duration_ms,state_refresh_duration_ms,frame_convert_ms,frame_scale_ms,plot_paint_ms,vision_frame_mutex_wait_ms,state_history_fetch_ms,command_mutex_wait_ms,ui_frames_converted,ui_frames_dropped,ui_frames_displayed,plot_samples_displayed,keepalive_tick_total,keepalive_success_total,keepalive_failure_total,keepalive_skipped_busy_total,keepalive_skipped_uninitialized_total,keepalive_last_command,keepalive_last_response,keepalive_last_result,keepalive_last_latency_ms,keepalive_last_success_age_ms,keepalive_last_tick_age_ms
,gui,,CONTROL_PANEL,0,1,0,0,0,0,0,0,0,-1,-1,0,0,0,0,0,0,0,0,0,0,0,0,0,0,,,ERROR,,,,,0,0,0,0,0,0,0,-1,-1,0,0,0,0,0,0,NO_DATA,0,0,0,0,0,0,0,0,0,0,0,0,0,0,0,-1,0,-1,0,0,0,0,0,0,NO_DATA,0,NO_DATA,0,0,"no telemetry, video, command, or active RC samples",NO_DATA,NO_DATA,NO_DATA,NO_DATA,-1,50,0,-1,0,0,0,0,0,0,0,0,0,0,0,0,0,0,0,0,0,0,0,0,0,0,0,OK,0,,0,log,2026-07-06T18:55:41.859,recording started | gui_csv=ON | state_recording=ON,DISCONNECTED,0,pitch,0,0,0,0,0,0,0,0,0,0,0,0,0,124,249,0,0,0,0,0,0,0,0,0,0,0,0,0,0,0,0,0,,,ERROR,0,-1,-1
,gui,,CONTROL_PANEL,1,2,0,0,0,0,0,0,0,-1,-1,0,0,0,0,0,0,0,0,0,0,0,0,0,0,,,ERROR,,,,,0,0,0,0,0,0,0,-1,-1,0,0,0,0,0,0,NO_DATA,0,0,0,0,0,0,0,0,0,0,0,0,0,0,0,-1,0,-1,0,0,0,0,0,0,NO_DATA,0,NO_DATA,0,0,"no telemetry, video, command, or active RC samples",NO_DATA,NO_DATA,NO_DATA,NO_DATA,-1,50,0,-1,0,0,0,0,0,0,0,0,0,0,0,0,0,0,0,0,0,0,0,0,0,0,0,OK,0,,0,logging:start,,,DISCONNECTED,0,pitch,0,0,0,0,0,0,0,0,0,0,0,0,0,124,249,0,0,0,0,0,0,0,0,0,0,0,0,0,0,0,0,0,,,ERROR,0,-1,-1
,gui,,CONTROL_PANEL,2680,3,0,0,0,0,0,0,0,-1,-1,0,0,0,0,0,0,0,0,0,0,0,0,0,0,,,ERROR,,,,,0,0,0,0,0,0,0,-1,-1,0,0,0,0,0,0,NO_DATA,0,0,0,0,0,0,0,0,0,0,0,0,0,0,0,-1,0,-1,0,0,0,0,0,0,NO_DATA,0,NO_DATA,0,0,"no telemetry, video, command, or active RC samples",NO_DATA,NO_DATA,NO_DATA,NO_DATA,-1,50,0,-1,0,0,0,0,0,0,0,0,0,0,0,0,0,0,0,0,0,0,0,0,0,0,0,OK,0,,0,log,2026-07-06T18:55:44.538,initialize(attempt=1): OK,DISCONNECTED,0,pitch,0,0,0,0,0,0,0,0,0,0,0,0,0,130,255,0,0,0,0,0,0,0,0,0,0,0,0,0,0,0,0,0,,,ERROR,0,-1,-1
,gui,,CONTROL_PANEL,3639,4,0,0,0,0,0,0,0,-1,-1,0,0,0,0,0,0,0,0,0,0,0,0,0,0,,,ERROR,,,,,0,0,0,0,0,0,0,-1,-1,0,0,0,0,0,0,NO_DATA,0,0,0,0,0,0,0,0,0,0,0,0,0,0,0,-1,0,-1,0,0,0,0,0,0,NO_DATA,0,NO_DATA,0,0,"no telemetry, video, command, or active RC samples",NO_DATA,NO_DATA,NO_DATA,NO_DATA,-1,50,0,-1,0,0,0,0,0,0,0,0,0,0,0,0,0,0,0,0,0,0,0,0,0,0,0,OK,0,,0,log,2026-07-06T18:55:45.498,"command (enterSdkMode, attempt=1, probe=1): OK",CONNECTED,0,pitch,0,0,0,0,0,0,0,0,0,0,0,0,0,142,252,0,0,0,0,0,0,0,0,0,0,0,0,0,0,0,0,0,,,ERROR,0,-1,-1
,gui,,CONTROL_PANEL,3642,5,0,0,0,0,0,0,0,-1,-1,0,0,0,0,0,0,0,0,0,0,0,0,0,0,,,ERROR,,,,,0,0,0,0,0,0,0,-1,-1,0,0,0,0,0,0,NO_DATA,0,0,0,0,0,0,0,0,0,0,0,0,0,0,0,-1,0,-1,0,0,0,0,0,0,NO_DATA,0,NO_DATA,0,0,"no telemetry, video, command, or active RC samples",NO_DATA,NO_DATA,NO_DATA,NO_DATA,-1,50,0,-1,0,0,0,0,0,0,0,0,0,0,0,0,0,0,0,0,0,0,0,0,0,0,0,OK,0,,0,log,2026-07-06T18:55:45.501,state receiver start => OK,CONNECTED,0,pitch,0,1,0,0,0,0,0,0,0,0,0,0,0,142,252,0,0,0,0,0,0,0,0,0,0,0,0,0,0,0,0,0,,,ERROR,0,-1,-1
,gui,,CONTROL_PANEL,3642,6,0,0,0,0,0,0,0,-1,-1,0,0,0,0,0,0,0,0,0,0,0,0,0,0,,,ERROR,,,,,0,0,0,0,0,0,0,-1,-1,0,0,0,0,0,0,NO_DATA,0,0,0,0,0,0,0,0,0,0,0,0,0,0,0,-1,0,-1,0,0,0,0,0,0,NO_DATA,0,OK,100,0,command=OK,NO_DATA,NO_DATA,OK,NO_DATA,-1,50,0,-1,0,0,0,0,0,0,0,0,0,0,0,0,0,0,0,0,0,0,0,0,0,0,0,OK,0,,0,log,2026-07-06T18:55:45.501,sdk keepalive start => OK,CONNECTED,0,pitch,0,1,0,0,0,0,0,1,0,0,0,0,0,142,252,0,0,0,0,0,0,0,0,0,0,0,0,0,0,0,0,0,battery?,,ERROR,0,-1,-1
,gui,,CONTROL_PANEL,13345,7,0,0,0,0,0,0,0,-1,-1,0,0,0,0,0,0,0,0,0,0,0,0,0,0,,,ERROR,,,,,97,97,0,0,0,9.88507,10.6389,38,101,152,0,0,0,0,0,OK,100,1,0,10,110.19,0,88,63,64,0,0,0,0,0,0,-1,0,-1,0,0,0,0,0,0,NO_DATA,0,OK,100,1,telemetry=OK; command=OK,OK,NO_DATA,OK,NO_DATA,-1,50,0,-1,0,0,0,0,0,0,0,0,0,0,0,0,0,0,0,0,0,0,0,0,0,0,0,OK,0,,0,log,2026-07-06T18:55:55.197,panel switched to Operation,CONNECTED,0,pitch,1,1,0,0,0,0,0,1,0,0,0,0,0,125,250,0,0,0,0,0,0,0,0,0,0,0,96,1,1,0,0,0,battery?,88,OK,9,4692,4692
,gui,,CONTROL_PANEL,15674,8,0,0,0,0,0,0,0,-1,-1,0,0,0,0,0,0,0,0,0,0,0,0,0,0,,,ERROR,,,,,120,120,0,0,0,9.81063,9.89172,92,101,152,0,0,0,0,0,OK,100,1,0,10,110.42,0,88,63,65,0,0,0,0,0,0,-1,0,-1,0,0,0,0,0,0,NO_DATA,0,OK,100,1,telemetry=OK; command=OK,OK,NO_DATA,OK,NO_DATA,-1,50,0,-1,0,0,0,0,0,0,0,0,0,0,0,0,0,0,0,0,0,0,0,0,0,0,0,OK,0,,0,log,2026-07-06T18:55:57.533,streamon (vision) queued on command worker,CONNECTED,0,pitch,2,1,0,0,0,0,0,1,0,0,0,0,0,124,250,0,0,0,0,0,0,0,0,0,0,0,118,2,2,0,0,0,battery?,88,OK,12,2010,2010
,gui,,CONTROL_PANEL,15688,9,0,0,0,0,0,0,0,-1,-1,0,0,0,0,0,0,0,0,0,0,0,0,0,0,,,ERROR,,,,,121,121,0,0,0,9.89907,9.89319,4,101,152,0,0,0,0,0,OK,100,1,0,10,110.47,0,88,63,65,0,0,0,0,0,0,-1,0,-1,0,0,0,0,0,0,NO_DATA,0,OK,100,1,telemetry=OK; command=OK,OK,NO_DATA,OK,NO_DATA,-1,50,0,-1,0,0,0,0,0,0,0,0,0,0,0,0,0,0,0,0,0,0,0,0,0,0,0,OK,0,,0,log,2026-07-06T18:55:57.547,"streamon (vision) => OK | response=""ok"" | state=CONNECTED",CONNECTED,0,pitch,1,1,0,0,0,0,0,1,0,0,0,0,0,124,250,0,0,0,0,0,0,0,0,0,0,0,118,2,2,0,0,0,battery?,88,OK,12,2024,2024
,gui,,CONTROL_PANEL,15688,10,1,1,0,12,12,12,12,15688,0,1,0,0,12,0,12,0,12,0,12,12,0,1,0,streamon,ok,OK,vision,,attempt=1|send=OK|raw=ok|parsed=OK,executor_call=1|command=streamon|result=OK|response=ok|elapsed_ms=12|timing_total_ms=12|recv_wait_ms=12|attempt_log=[attempt=1|send=OK|raw=ok|parsed=OK],121,121,0,0,0,9.89907,9.89319,4,101,152,0,0,0,0,0,OK,100,1,0,10,110.47,0,88,63,65,0,0,0,0,0,0,-1,0,-1,0,0,0,0,0,0,NO_DATA,0,OK,100,1,telemetry=OK; command=OK,OK,NO_DATA,OK,NO_DATA,-1,50,0,-1,0,0,0,0,0,0,0,0,0,0,0,0,0,0,0,0,0,0,0,0,0,0,0,OK,0,,0,command:vision,,,CONNECTED,0,pitch,0,1,0,0,0,0,0,1,0,0,0,0,0,124,250,0,0,0,0,0,0,0,0,0,0,0,118,2,2,0,0,0,battery?,88,OK,12,2024,2024
,gui,,CONTROL_PANEL,15690,11,1,1,0,12,12,12,12,15688,2,1,0,0,12,0,12,0,12,0,12,12,0,1,0,streamon,ok,OK,vision,,attempt=1|send=OK|raw=ok|parsed=OK,executor_call=1|command=streamon|result=OK|response=ok|elapsed_ms=12|timing_total_ms=12|recv_wait_ms=12|attempt_log=[attempt=1|send=OK|raw=ok|parsed=OK],121,121,0,0,0,9.89907,9.89319,6,101,152,0,0,0,0,0,OK,100,1,0,10,110.47,0,88,63,65,0,0,0,0,0,0,-1,0,-1,0,0,0,0,0,0,NO_DATA,0,OK,100,1,telemetry=OK; command=OK,OK,NO_DATA,OK,NO_DATA,-1,50,0,-1,0,0,0,0,0,0,0,0,0,0,0,0,0,0,0,0,0,0,0,0,0,0,0,OK,0,,0,log,2026-07-06T18:55:57.548,vision pipeline started (FFmpeg stream backend),CONNECTED,0,pitch,0,1,0,0,0,0,0,1,0,0,0,0,0,124,250,0,0,0,0,0,0,0,0,0,0,0,118,2,2,0,0,0,battery?,88,OK,12,2025,2025
,gui,,CONTROL_PANEL,15745,12,1,1,0,12,12,12,12,15688,57,1,0,0,12,0,12,0,12,0,12,12,0,1,0,streamon,ok,OK,vision,,attempt=1|send=OK|raw=ok|parsed=OK,executor_call=1|command=streamon|result=OK|response=ok|elapsed_ms=12|timing_total_ms=12|recv_wait_ms=12|attempt_log=[attempt=1|send=OK|raw=ok|parsed=OK],121,121,0,0,0,9.89907,9.89319,62,101,152,0,0,0,0,0,OK,100,1,0,10,110.47,0,88,63,65,0,0,0,0,0,0,-1,0,-1,0,0,0,0,0,0,NO_DATA,0,OK,100,1,telemetry=OK; command=OK,OK,NO_DATA,OK,NO_DATA,-1,50,0,-1,0,0,0,0,0,0,0,0,0,0,0,0,0,0,0,0,0,0,0,0,0,1,0,OK,0,,0,vision:ffmpeg_stream,,,CONNECTED,0,pitch,0,1,0,0,0,0,0,1,0,0,0,0,0,125,250,0,0,0,0,0,0,0,0,0,0,0,121,2,2,0,0,0,battery?,88,OK,12,2081,2081
,gui,,CONTROL_PANEL,16871,13,1,1,0,12,12,12,12,15688,1183,1,0,0,12,0,12,0,12,0,12,12,0,1,0,streamon,ok,OK,vision,,attempt=1|send=OK|raw=ok|parsed=OK,executor_call=1|command=streamon|result=OK|response=ok|elapsed_ms=12|timing_total_ms=12|recv_wait_ms=12|attempt_log=[attempt=1|send=OK|raw=ok|parsed=OK],130,130,0,0,0,11.0063,11.1729,128,90,325,325,122,1,0,0,OK,100,1,0,10,110.21,0,88,63,65,2,27227,0,0,0,0,-1,2,-1,0,0,0,0,0,0,NO_DATA,0,OK,100,1,telemetry=OK; video=NO_DATA; command=OK,OK,NO_DATA,OK,NO_DATA,-1,50,0,-1,0,2,27227,0,0,0,0,0,0,0,0,0,0,0,0,0,0,0,0,0,0,1,0,OK,0,,0,vision:ffmpeg_stream,,,CONNECTED,0,pitch,1,1,0,0,0,0,0,1,0,0,0,0,0,125,250,0,0,0,0,0,0,0,0,0,0,0,129,2,2,0,0,0,battery?,88,OK,12,3206,3206
,gui,,CONTROL_PANEL,17872,14,1,1,0,12,12,12,12,15688,2184,1,0,0,12,0,12,0,12,0,12,12,0,1,0,streamon,ok,OK,vision,,attempt=1|send=OK|raw=ok|parsed=OK,executor_call=1|command=streamon|result=OK|response=ok|elapsed_ms=12|timing_total_ms=12|recv_wait_ms=12|attempt_log=[attempt=1|send=OK|raw=ok|parsed=OK],140,140,0,0,0,13.3033,35.2854,103,75,325,325,122,1,0,0,OK,100,1,0,10,110.42,0,88,63,66,8,101109,0,0,0,0,-1,6,-1,0,0,0,0,0,0,NO_DATA,0,OK,100,1,telemetry=OK; video=NO_DATA; command=OK,OK,NO_DATA,OK,NO_DATA,-1,50,0,-1,0,8,101109,0,0,0,0,0,0,0,0,0,0,0,0,0,0,0,0,0,0,1,0,OK,0,,0,vision:ffmpeg_stream,,,CONNECTED,0,pitch,1,1,0,0,0,0,0,1,0,0,0,0,0,126,249,0,0,0,0,0,0,0,0,0,0,0,139,2,2,0,0,0,battery?,88,OK,12,4207,4207
,gui,,CONTROL_PANEL,18873,15,1,1,0,12,12,12,12,15688,3185,1,0,0,12,0,12,0,12,0,12,12,0,1,0,streamon,ok,OK,vision,,attempt=1|send=OK|raw=ok|parsed=OK,executor_call=1|command=streamon|result=OK|response=ok|elapsed_ms=12|timing_total_ms=12|recv_wait_ms=12|attempt_log=[attempt=1|send=OK|raw=ok|parsed=OK],150,150,0,0,0,7.34986,57.3714,103,136,325,325,122,1,0,0,OK,100,1,0,10,110.44,0,87,63,66,15,170326,0,0,0,0,124,7,-1,0,0,0,0,0,0,OK,100,OK,100,1,telemetry=OK; video=OK; command=OK,OK,OK,OK,NO_DATA,-1,50,0,-1,0,15,170326,1,0,0,0,0,0,0,0,0,0,0,1,0,0,960,720,0,0,1,0,OK,0,,0,vision:ffmpeg_stream,,,CONNECTED,0,pitch,1,1,0,0,0,0,0,1,0,0,0,0,0,128,249,0,0,0,0,0,0,0,0,1,0,0,149,2,2,0,0,0,battery?,88,OK,12,5209,5209
,gui,,CONTROL_PANEL,19995,16,1,1,0,12,12,12,12,15688,4307,1,0,0,12,0,12,0,12,0,12,12,0,1,0,streamon,ok,OK,vision,,attempt=1|send=OK|raw=ok|parsed=OK,executor_call=1|command=streamon|result=OK|response=ok|elapsed_ms=12|timing_total_ms=12|recv_wait_ms=12|attempt_log=[attempt=1|send=OK|raw=ok|parsed=OK],162,162,0,0,0,115.658,53.6083,2,8,325,325,122,1,0,0,OK,100,1,0,10,110.59,0,87,63,65,23,253317,0,0,0,7.12717,395,8,-1,0,0,0,0,0,0,DEGRADED,60,DEGRADED,60,1,telemetry=OK; video=DEGRADED; command=OK,OK,DEGRADED,OK,NO_DATA,-1,50,0,-1,0,23,253317,7,0,0,0,0,0,0,0,0,0,0,7,0,7.12717,960,720,0,0,1,0,OK,0,,0,vision:ffmpeg_stream,,,CONNECTED,0,pitch,2,1,0,0,0,0,0,1,0,0,0,0,0,122,250,0,0,0,0,0,0,0,0,7,0,7,160,3,3,0,0,0,battery?,87,OK,308,1022,1022
,gui,,CONTROL_PANEL,20996,17,1,1,0,12,12,12,12,15688,5308,1,0,0,12,0,12,0,12,0,12,12,0,1,0,streamon,ok,OK,vision,,attempt=1|send=OK|raw=ok|parsed=OK,executor_call=1|command=streamon|result=OK|response=ok|elapsed_ms=12|timing_total_ms=12|recv_wait_ms=12|attempt_log=[attempt=1|send=OK|raw=ok|parsed=OK],171,171,0,0,0,6.07247,30.4292,69,164,325,325,122,1,0,0,OK,100,1,0,10,110.27,0,87,64,67,32,328540,0,0,0,5.88483,304,9,-1,0,0,0,0,0,0,DEGRADED,60,DEGRADED,60,1,telemetry=OK; video=DEGRADED; command=OK,OK,DEGRADED,OK,NO_DATA,-1,50,0,-1,0,32,328540,8,0,0,0,0,0,0,0,0,0,0,8,0,5.88483,960,720,0,0,1,0,OK,0,,0,vision:ffmpeg_stream,,,CONNECTED,0,pitch,0,1,0,0,0,0,0,1,0,0,0,0,0,125,250,0,0,0,1,0,0,0,0,8,0,8,171,3,3,0,0,0,battery?,87,OK,308,2023,2023
,gui,,CONTROL_PANEL,21245,18,1,1,0,12,12,12,12,15688,5557,1,0,0,12,0,12,0,12,0,12,12,0,1,0,streamon,ok,OK,vision,,attempt=1|send=OK|raw=ok|parsed=OK,executor_call=1|command=streamon|result=OK|response=ok|elapsed_ms=12|timing_total_ms=12|recv_wait_ms=12|attempt_log=[attempt=1|send=OK|raw=ok|parsed=OK],173,173,0,0,0,16.6866,23.9913,122,59,325,325,122,1,0,0,OK,100,1,0,10,110.23,0,87,64,67,34,345284,0,0,0,5.88483,553,9,-1,0,0,0,0,0,0,STALE,0,STALE,0,0,telemetry=OK; video=STALE; command=OK,OK,STALE,OK,NO_DATA,-1,50,0,-1,0,32,328540,8,0,0,0,0,0,0,0,0,0,0,8,0,5.88483,960,720,0,0,1,0,OK,0,,0,log,2026-07-06T18:56:03.103,takeoff confirmed by user,CONNECTED,0,pitch,0,1,0,0,0,0,0,1,0,0,0,0,0,122,250,0,0,0,1,0,0,0,0,8,0,8,173,3,3,0,0,0,battery?,87,OK,308,2272,2272
,gui,,CONTROL_PANEL,21245,19,1,1,0,12,12,12,12,15688,5557,1,0,0,12,0,12,0,12,0,12,12,0,1,0,streamon,ok,OK,vision,,attempt=1|send=OK|raw=ok|parsed=OK,executor_call=1|command=streamon|result=OK|response=ok|elapsed_ms=12|timing_total_ms=12|recv_wait_ms=12|attempt_log=[attempt=1|send=OK|raw=ok|parsed=OK],173,173,0,0,0,16.6866,23.9913,122,59,325,325,122,1,0,0,OK,100,1,0,10,110.23,0,87,64,67,34,345284,0,0,0,5.88483,553,9,-1,0,0,0,0,0,0,STALE,0,STALE,0,0,telemetry=OK; video=STALE; command=OK,OK,STALE,OK,NO_DATA,-1,50,0,-1,0,32,328540,8,0,0,0,0,0,0,0,0,0,0,8,0,5.88483,960,720,0,0,1,0,OK,0,,0,critical-command:begin:takeoff,,,CONNECTED,0,pitch,0,1,0,0,0,0,0,1,0,1,0,0,0,122,250,0,0,0,1,0,0,0,0,8,0,8,173,3,3,0,0,0,battery?,87,OK,308,2272,2272
,gui,,CONTROL_PANEL,21245,20,1,1,0,12,12,12,12,15688,5557,1,0,0,12,0,12,0,12,0,12,12,0,1,0,streamon,ok,OK,vision,,attempt=1|send=OK|raw=ok|parsed=OK,executor_call=1|command=streamon|result=OK|response=ok|elapsed_ms=12|timing_total_ms=12|recv_wait_ms=12|attempt_log=[attempt=1|send=OK|raw=ok|parsed=OK],173,173,0,0,0,16.6866,23.9913,123,59,325,325,122,1,0,0,OK,100,1,0,10,110.23,0,87,64,67,34,345284,0,0,0,5.88483,554,9,-1,0,0,0,0,0,0,STALE,0,STALE,0,0,telemetry=OK; video=STALE; command=OK,OK,STALE,OK,NO_DATA,-1,50,0,-1,0,32,328540,8,0,0,0,0,0,0,0,0,0,0,8,0,5.88483,960,720,0,0,1,0,OK,0,,0,log,2026-07-06T18:56:03.104,sdk keepalive remains running; cooperative loop skips ticks while command channel is busy,CONNECTED,0,pitch,0,1,0,0,0,0,0,1,0,1,0,0,0,122,250,0,0,0,1,0,0,0,0,8,0,8,173,3,3,0,0,0,battery?,87,OK,308,2273,2273
,gui,,CONTROL_PANEL,21246,21,1,1,0,12,12,12,12,15688,5558,1,0,0,12,0,12,0,12,0,12,12,0,1,0,streamon,ok,OK,vision,,attempt=1|send=OK|raw=ok|parsed=OK,executor_call=1|command=streamon|result=OK|response=ok|elapsed_ms=12|timing_total_ms=12|recv_wait_ms=12|attempt_log=[attempt=1|send=OK|raw=ok|parsed=OK],173,173,0,0,0,16.6866,23.9913,124,59,325,325,122,1,0,0,OK,100,1,0,10,110.23,0,87,64,67,34,345284,0,0,0,5.88483,554,9,-1,0,0,0,0,0,0,STALE,0,STALE,0,0,telemetry=OK; video=STALE; command=OK,OK,STALE,OK,NO_DATA,-1,50,0,-1,0,32,328540,8,0,0,0,0,0,0,0,0,0,0,8,0,5.88483,960,720,0,0,1,0,OK,0,,0,log,2026-07-06T18:56:03.105,rc neutral preflight skipped (takeoff): RC stream was inactive and sliders were already zero,CONNECTED,0,pitch,0,1,0,0,0,0,0,1,0,1,0,0,0,122,250,0,0,0,1,0,0,0,0,8,0,8,173,3,3,0,0,0,battery?,87,OK,308,2273,2273
,gui,,CONTROL_PANEL,21246,22,1,1,0,12,12,12,12,15688,5558,1,0,0,12,0,12,0,12,0,12,12,0,1,0,streamon,ok,OK,vision,,attempt=1|send=OK|raw=ok|parsed=OK,executor_call=1|command=streamon|result=OK|response=ok|elapsed_ms=12|timing_total_ms=12|recv_wait_ms=12|attempt_log=[attempt=1|send=OK|raw=ok|parsed=OK],173,173,0,0,0,16.6866,23.9913,124,59,325,325,122,1,0,0,OK,100,1,0,10,110.23,0,87,64,67,34,345284,0,0,0,5.88483,554,9,-1,0,0,0,0,0,0,STALE,0,STALE,0,0,telemetry=OK; video=STALE; command=OK,OK,STALE,OK,NO_DATA,-1,50,0,-1,0,32,328540,8,0,0,0,0,0,0,0,0,0,0,8,0,5.88483,960,720,0,0,1,0,OK,0,,0,rc-neutral:skipped:takeoff,,,CONNECTED,0,pitch,0,1,0,0,0,0,0,1,0,1,0,0,0,122,250,0,0,0,1,0,0,0,0,8,0,8,173,3,3,0,0,0,battery?,87,OK,308,2273,2273
,gui,,CONTROL_PANEL,21247,23,1,1,0,12,12,12,12,15688,5559,1,0,0,12,0,12,0,12,0,12,12,0,1,0,streamon,ok,OK,vision,,attempt=1|send=OK|raw=ok|parsed=OK,executor_call=1|command=streamon|result=OK|response=ok|elapsed_ms=12|timing_total_ms=12|recv_wait_ms=12|attempt_log=[attempt=1|send=OK|raw=ok|parsed=OK],173,173,0,0,0,16.6866,23.9913,125,59,325,325,122,1,0,0,OK,100,1,0,10,110.23,0,87,64,67,34,345284,0,0,0,5.88483,555,9,-1,0,0,0,0,0,0,STALE,0,STALE,0,0,telemetry=OK; video=STALE; command=OK,OK,STALE,OK,NO_DATA,-1,50,0,-1,0,32,328540,8,0,0,0,0,0,0,0,0,0,0,8,0,5.88483,960,720,0,0,1,0,OK,0,,0,log,2026-07-06T18:56:03.106,takeoff queued on command worker,CONNECTED,0,pitch,0,1,0,0,0,0,0,1,0,1,0,0,0,122,250,0,0,0,1,0,0,0,0,8,0,8,173,3,3,0,0,0,battery?,87,OK,308,2274,2274
,gui,,CONTROL_PANEL,22121,24,1,1,0,12,12,12,12,15688,6433,1,0,0,12,0,12,0,12,0,12,12,0,1,0,streamon,ok,OK,vision,,attempt=1|send=OK|raw=ok|parsed=OK,executor_call=1|command=streamon|result=OK|response=ok|elapsed_ms=12|timing_total_ms=12|recv_wait_ms=12|attempt_log=[attempt=1|send=OK|raw=ok|parsed=OK],182,182,0,0,0,13.3688,12.1826,7,74,325,325,122,1,0,0,OK,100,1,0,10,110.23,0,87,64,66,42,412013,0,0,0,5.88483,1429,10,-1,0,0,0,0,0,0,STALE,0,STALE,0,0,telemetry=OK; video=STALE; command=OK,OK,STALE,OK,NO_DATA,-1,50,0,-1,0,42,412013,8,0,0,0,0,0,0,0,0,0,0,8,0,5.88483,960,720,0,0,1,0,OK,0,,0,vision:ffmpeg_stream,,,CONNECTED,0,pitch,2,1,0,0,0,0,0,1,0,1,0,0,0,125,250,0,0,0,1,0,0,0,0,8,0,8,180,3,3,0,0,0,battery?,87,OK,308,3148,3148
,gui,,CONTROL_PANEL,23245,25,1,1,0,12,12,12,12,15688,7557,1,0,0,12,0,12,0,12,0,12,12,0,1,0,streamon,ok,OK,vision,,attempt=1|send=OK|raw=ok|parsed=OK,executor_call=1|command=streamon|result=OK|response=ok|elapsed_ms=12|timing_total_ms=12|recv_wait_ms=12|attempt_log=[attempt=1|send=OK|raw=ok|parsed=OK],188,188,0,0,0,13.2552,17.7676,571,75,325,325,122,1,0,0,STALE,0,1,40,43,110.95,-7,87,65,67,48,449522,0,0,0,5.88483,2553,6,-1,0,0,0,0,0,0,STALE,0,STALE,0,0,telemetry=STALE; video=STALE; command=OK,STALE,STALE,OK,NO_DATA,-1,50,0,-1,0,48,449522,8,0,0,0,0,0,0,0,0,0,0,8,0,5.88483,960,720,0,0,1,0,OK,0,,0,vision:ffmpeg_stream,,,CONNECTED,0,pitch,0,1,0,0,0,0,0,1,0,1,0,0,0,124,249,0,0,0,1,0,0,0,0,8,0,8,188,3,3,0,0,0,battery?,87,OK,308,4272,4272
,gui,,CONTROL_PANEL,23746,26,1,1,0,12,12,12,12,15688,8058,1,0,0,12,0,12,0,12,0,12,12,0,1,0,streamon,ok,OK,vision,,attempt=1|send=OK|raw=ok|parsed=OK,executor_call=1|command=streamon|result=OK|response=ok|elapsed_ms=12|timing_total_ms=12|recv_wait_ms=12|attempt_log=[attempt=1|send=OK|raw=ok|parsed=OK],188,188,0,1,0,13.2552,17.7676,1072,75,325,325,122,1,0,0,STALE,0,1,40,43,110.95,-7,87,65,67,48,449522,0,0,0,5.88483,3054,6,-1,0,0,0,0,0,0,STALE,0,STALE,0,0,telemetry=STALE; video=STALE; command=OK,STALE,STALE,OK,NO_DATA,-1,50,0,-1,0,48,449522,8,0,0,0,0,0,0,0,0,0,0,8,0,5.88483,960,720,0,0,1,0,OK,0,,0,log,2026-07-06T18:56:05.604,vision recovery queued | last_frame_age_ms=3053,CONNECTED,0,pitch,0,1,0,0,0,0,0,1,0,1,0,0,0,124,249,0,0,0,1,0,0,0,0,8,0,8,188,3,3,0,0,0,battery?,87,OK,308,4773,4773
,gui,,CONTROL_PANEL,24245,27,1,1,0,12,12,12,12,15688,8557,1,0,0,12,0,12,0,12,0,12,12,0,1,0,streamon,ok,OK,vision,,attempt=1|send=OK|raw=ok|parsed=OK,executor_call=1|command=streamon|result=OK|response=ok|elapsed_ms=12|timing_total_ms=12|recv_wait_ms=12|attempt_log=[attempt=1|send=OK|raw=ok|parsed=OK],188,188,0,1,0,13.2552,17.7676,1571,75,325,325,122,1,0,0,STALE,0,1,40,43,110.95,-7,87,65,67,48,449522,0,0,0,5.88483,3553,0,-1,0,0,0,0,0,0,STALE,0,STALE,0,0,telemetry=STALE; video=STALE; command=OK,STALE,STALE,OK,NO_DATA,-1,50,0,-1,0,48,449522,8,0,0,0,0,0,0,0,0,0,0,8,0,5.88483,960,720,0,0,1,0,OK,0,,0,vision:ffmpeg_stream,,,CONNECTED,0,pitch,0,1,0,0,0,0,0,1,0,1,0,0,0,124,250,0,0,0,1,0,0,0,0,8,0,8,188,3,3,0,1,0,battery?,87,OK,308,5272,5272
,gui,,CONTROL_PANEL,25245,28,1,1,0,12,12,12,12,15688,9557,1,0,0,12,0,12,0,12,0,12,12,0,1,0,streamon,ok,OK,vision,,attempt=1|send=OK|raw=ok|parsed=OK,executor_call=1|command=streamon|result=OK|response=ok|elapsed_ms=12|timing_total_ms=12|recv_wait_ms=12|attempt_log=[attempt=1|send=OK|raw=ok|parsed=OK],189,189,0,2,0,0.400833,14.2943,77,2494,2494,2494,189,2,1,1,STALE,0,1,50,50,110.95,-6,87,65,67,49,455777,0,0,0,5.88483,4553,1,-1,0,0,0,0,0,0,STALE,0,STALE,0,0,telemetry=STALE; video=STALE; command=OK,STALE,STALE,OK,NO_DATA,-1,50,0,-1,0,49,455777,8,0,0,0,0,0,0,0,0,0,0,8,0,5.88483,960,720,0,0,1,0,OK,0,,0,vision:ffmpeg_stream,,,CONNECTED,0,pitch,0,1,0,0,0,0,0,1,0,1,0,0,0,125,249,0,0,0,1,0,0,0,0,8,0,8,189,3,3,0,1,0,battery?,87,OK,308,6272,6272
,gui,,CONTROL_PANEL,25263,29,1,1,0,12,12,12,12,15688,9575,1,0,0,12,0,12,0,12,0,12,12,0,1,0,streamon,ok,OK,vision,,attempt=1|send=OK|raw=ok|parsed=OK,executor_call=1|command=streamon|result=OK|response=ok|elapsed_ms=12|timing_total_ms=12|recv_wait_ms=12|attempt_log=[attempt=1|send=OK|raw=ok|parsed=OK],189,189,0,2,0,0.400833,14.2943,95,2494,2494,2494,189,2,1,1,STALE,0,1,50,50,110.95,-6,87,65,67,49,455777,0,0,0,5.88483,4571,1,-1,0,0,0,0,0,0,STALE,0,STALE,0,0,telemetry=STALE; video=STALE; command=OK; rc=NO_DATA,STALE,STALE,OK,NO_DATA,-1,50,0,-1,0,49,455777,8,0,0,0,0,0,0,0,0,0,0,8,0,5.88483,960,720,0,0,1,0,OK,0,,0,log,2026-07-06T18:56:07.122,sdk keepalive paused while keyboard RC worker is active,CONNECTED,0,pitch,0,1,1,0,0,0,0,0,0,1,0,0,0,125,249,0,0,0,1,0,0,0,0,8,0,8,189,3,3,0,1,0,battery?,87,OK,308,6290,6290
,gui,,CONTROL_PANEL,25264,30,1,1,0,12,12,12,12,15688,9576,1,0,0,12,0,12,0,12,0,12,12,0,1,0,streamon,ok,OK,vision,,attempt=1|send=OK|raw=ok|parsed=OK,executor_call=1|command=streamon|result=OK|response=ok|elapsed_ms=12|timing_total_ms=12|recv_wait_ms=12|attempt_log=[attempt=1|send=OK|raw=ok|parsed=OK],189,189,0,2,0,0.400833,14.2943,96,2494,2494,2494,189,2,1,1,STALE,0,1,50,50,110.95,-6,87,65,67,49,455777,0,0,0,5.88483,4572,1,-1,0,0,0,0,0,0,STALE,0,STALE,0,0,telemetry=STALE; video=STALE; command=OK; rc=NO_DATA,STALE,STALE,OK,NO_DATA,-1,50,0,-1,0,49,455777,8,0,0,0,0,0,0,0,0,0,0,8,0,5.88483,960,720,0,0,1,0,OK,0,,0,log,2026-07-06T18:56:07.123,keyboard control ON: KeyboardTest,CONNECTED,0,pitch,0,1,1,0,0,0,0,0,0,1,0,0,0,125,249,0,0,0,1,0,0,0,-1,8,0,8,189,3,3,0,1,0,battery?,87,OK,308,6291,6291
,gui,,CONTROL_PANEL,25264,31,1,1,0,12,12,12,12,15688,9576,1,0,0,12,0,12,0,12,0,12,12,0,1,0,streamon,ok,OK,vision,,attempt=1|send=OK|raw=ok|parsed=OK,executor_call=1|command=streamon|result=OK|response=ok|elapsed_ms=12|timing_total_ms=12|recv_wait_ms=12|attempt_log=[attempt=1|send=OK|raw=ok|parsed=OK],189,189,0,2,0,0.400833,14.2943,96,2494,2494,2494,189,2,1,1,STALE,0,1,50,50,110.95,-6,87,65,67,49,455777,0,0,0,5.88483,4572,1,-1,0,0,0,0,0,0,STALE,0,STALE,0,0,telemetry=STALE; video=STALE; command=OK; rc=NO_DATA,STALE,STALE,OK,NO_DATA,-1,50,0,-1,0,49,455777,8,0,0,0,0,0,0,0,0,0,0,8,0,5.88483,960,720,0,0,1,0,OK,0,,0,keyboard-control:on:KeyboardTest,,,CONNECTED,0,pitch,0,1,1,0,0,0,0,0,0,1,0,0,0,125,249,0,0,0,1,0,0,0,-1,8,0,8,189,3,3,0,1,0,battery?,87,OK,308,6291,6291
,gui,,CONTROL_PANEL,26370,32,1,1,0,12,12,12,12,15688,10682,1,0,0,12,0,12,0,12,0,12,12,0,1,0,streamon,ok,OK,vision,,attempt=1|send=OK|raw=ok|parsed=OK,executor_call=1|command=streamon|result=OK|response=ok|elapsed_ms=12|timing_total_ms=12|recv_wait_ms=12|attempt_log=[attempt=1|send=OK|raw=ok|parsed=OK],200,200,0,2,0,4.96383,21.2004,17,201,2494,2494,189,2,1,1,OK,100,1,80,86,111.18,0,87,65,68,61,534963,0,0,0,5.88483,5679,12,-1,0,0,0,0,0,0,STALE,0,STALE,0,0,telemetry=OK; video=STALE; command=OK; rc=OK,OK,STALE,OK,OK,50,50,0,-1,0,61,534963,8,0,0,0,0,0,0,0,0,0,0,8,0,5.88483,960,720,0,0,1,0,OK,0,,0,vision:ffmpeg_stream,,,CONNECTED,0,pitch,1,1,1,0,0,0,0,0,0,1,0,0,0,125,250,0,0,0,1,0,0,0,-1,8,0,8,199,3,3,0,1,0,battery?,87,OK,308,7398,7398
,gui,,CONTROL_PANEL,26425,33,1,1,0,12,12,12,12,15688,10737,1,0,0,12,0,12,0,12,0,12,12,0,1,0,streamon,ok,OK,vision,,attempt=1|send=OK|raw=ok|parsed=OK,executor_call=1|command=streamon|result=OK|response=ok|elapsed_ms=12|timing_total_ms=12|recv_wait_ms=12|attempt_log=[attempt=1|send=OK|raw=ok|parsed=OK],200,200,0,2,0,4.96383,21.2004,71,201,2494,2494,189,2,1,1,OK,100,1,80,86,111.18,0,87,65,68,62,541228,0,0,0,5.88483,5733,12,-1,0,0,0,0,0,0,STALE,0,STALE,0,0,telemetry=OK; video=STALE; command=OK; rc=OK,OK,STALE,OK,OK,50,50,0,-1,0,61,534963,8,0,0,0,0,0,0,0,0,0,0,8,0,5.88483,960,720,0,0,1,0,OK,0,,0,log,2026-07-06T18:56:08.283,takeoff => TIMEOUT | telemetry_confirmed(takeoff before_h=0 before_tof=10 after_h=80 after_tof=86 wait_ms=0) | state=CONNECTED,CONNECTED,0,pitch,0,1,1,0,0,0,0,0,0,1,0,0,5176,125,250,0,0,0,1,0,0,0,-1,8,0,8,199,3,3,0,1,0,battery?,87,OK,308,7452,7452
,gui,,CONTROL_PANEL,26426,34,1,1,0,12,12,12,12,15688,10738,1,0,0,12,0,12,0,12,0,12,12,0,1,0,streamon,ok,OK,vision,,attempt=1|send=OK|raw=ok|parsed=OK,executor_call=1|command=streamon|result=OK|response=ok|elapsed_ms=12|timing_total_ms=12|recv_wait_ms=12|attempt_log=[attempt=1|send=OK|raw=ok|parsed=OK],200,200,0,2,0,4.96383,21.2004,72,201,2494,2494,189,2,1,1,OK,100,1,80,86,111.18,0,87,65,68,62,541228,0,0,0,5.88483,5734,12,-1,0,0,0,0,0,0,STALE,0,STALE,0,0,telemetry=OK; video=STALE; command=OK; rc=OK,OK,STALE,OK,OK,50,50,0,-1,0,61,534963,8,0,0,0,0,0,0,0,0,0,0,8,0,5.88483,960,720,0,0,1,0,OK,0,,0,log,2026-07-06T18:56:08.284,telemetry_confirmed(takeoff before_h=0 before_tof=10 after_h=80 after_tof=86 wait_ms=0),CONNECTED,0,pitch,0,1,1,0,0,0,0,0,0,1,0,0,5176,125,250,0,0,0,1,0,0,0,-1,8,0,8,199,3,3,0,1,0,battery?,87,OK,308,7453,7453
,gui,,CONTROL_PANEL,26426,35,2,1,1,2594,12,5176,5176,26426,0,1,0,1,0,0,5176,0,238,0,5176,5176,0,1,0,takeoff,telemetry_confirmed(takeoff before_h=0 before_tof=10 after_h=80 after_tof=86 wait_ms=0),TIMEOUT,manual,,attempt=1|send=OK|raw=ok|parsed=OK,executor_call=1|command=takeoff|result=TIMEOUT|response=|elapsed_ms=5176|timing_total_ms=5176|recv_wait_ms=5176|attempt_log=[attempt=1|send=OK|raw=|result=TIMEOUT],200,200,0,2,0,4.96383,21.2004,72,201,2494,2494,189,2,1,1,OK,100,1,80,86,111.18,0,87,65,68,62,541228,0,0,0,5.88483,5734,12,-1,0,0,0,0,0,0,STALE,0,STALE,0,0,telemetry=OK; video=STALE; command=OK; rc=OK,OK,STALE,OK,OK,50,50,0,-1,0,61,534963,8,0,0,0,0,0,0,0,0,0,0,8,0,5.88483,960,720,0,0,1,0,OK,0,,0,command:manual,,,CONNECTED,0,pitch,0,1,1,0,0,0,0,0,0,1,0,0,5176,125,250,0,0,0,1,0,0,0,-1,8,0,8,199,3,3,0,1,0,battery?,87,OK,308,7453,7453
,gui,,CONTROL_PANEL,26662,36,2,1,1,2594,12,5176,5176,26426,236,1,0,1,0,0,5176,0,238,0,5176,5176,0,1,0,takeoff,telemetry_confirmed(takeoff before_h=0 before_tof=10 after_h=80 after_tof=86 wait_ms=0),TIMEOUT,manual,,attempt=1|send=OK|raw=ok|parsed=OK,executor_call=1|command=takeoff|result=TIMEOUT|response=|elapsed_ms=5176|timing_total_ms=5176|recv_wait_ms=5176|attempt_log=[attempt=1|send=OK|raw=|result=TIMEOUT],203,203,0,2,0,9.03414,15.7619,3,110,2494,2494,189,2,1,1,OK,100,1,80,85,111.36,0,87,65,68,66,560172,0,0,0,5.88483,5970,12,-1,0,0,0,0,0,0,STALE,0,STALE,0,0,telemetry=OK; video=STALE; command=OK; rc=OK,OK,STALE,OK,OK,50,50,0,-1,0,61,534963,8,0,0,0,0,0,0,0,0,0,0,8,0,5.88483,960,720,0,0,1,0,OK,0,,0,critical-command:end:takeoff,,,CONNECTED,0,pitch,3,1,1,0,0,0,0,0,0,1,0,0,5176,125,250,0,0,0,1,0,0,0,-1,8,0,8,199,3,3,0,1,0,battery?,87,OK,308,7689,7689
,gui,,CONTROL_PANEL,26664,37,2,1,1,2594,12,5176,5176,26426,238,1,0,1,0,0,5176,0,238,0,5176,5176,0,1,0,takeoff,telemetry_confirmed(takeoff before_h=0 before_tof=10 after_h=80 after_tof=86 wait_ms=0),TIMEOUT,manual,,attempt=1|send=OK|raw=ok|parsed=OK,executor_call=1|command=takeoff|result=TIMEOUT|response=|elapsed_ms=5176|timing_total_ms=5176|recv_wait_ms=5176|attempt_log=[attempt=1|send=OK|raw=|result=TIMEOUT],203,203,0,2,0,9.03414,15.7619,5,110,2494,2494,189,2,1,1,OK,100,1,80,85,111.36,0,87,65,68,66,560172,0,0,0,5.88483,5972,12,-1,0,0,0,0,0,0,STALE,0,STALE,0,0,telemetry=OK; video=STALE; command=OK; rc=OK,OK,STALE,OK,OK,50,50,0,-1,0,61,534963,8,0,0,0,0,0,0,0,0,0,0,8,0,5.88483,960,720,0,0,1,0,OK,0,,0,log,2026-07-06T18:56:08.522,vision recovery => OK | stage=streamon | command_channel=available | hard=no | video_restart=no,CONNECTED,0,pitch,0,1,1,0,0,0,0,0,0,0,0,0,0,293,443,0,0,0,1,0,0,0,-1,8,0,8,203,3,3,0,1,0,battery?,87,OK,308,7691,7691
,gui,,CONTROL_PANEL,26664,38,2,1,1,2594,12,5176,5176,26426,238,1,0,1,0,0,5176,0,238,0,5176,5176,0,1,0,takeoff,telemetry_confirmed(takeoff before_h=0 before_tof=10 after_h=80 after_tof=86 wait_ms=0),TIMEOUT,manual,,attempt=1|send=OK|raw=ok|parsed=OK,executor_call=1|command=takeoff|result=TIMEOUT|response=|elapsed_ms=5176|timing_total_ms=5176|recv_wait_ms=5176|attempt_log=[attempt=1|send=OK|raw=|result=TIMEOUT],203,203,0,2,0,9.03414,15.7619,5,110,2494,2494,189,2,1,1,OK,100,1,80,85,111.36,0,87,65,68,66,560172,0,0,0,5.88483,5972,0,-1,0,0,0,0,0,0,STALE,0,STALE,0,0,telemetry=OK; video=STALE; command=OK; rc=OK,OK,STALE,OK,OK,50,50,0,-1,0,66,560172,8,0,0,0,0,0,0,0,0,0,0,8,0,5.88483,960,720,0,0,1,1,OK,0,streamon,1,vision_recovery,,,CONNECTED,0,pitch,0,1,1,0,0,0,0,0,0,0,0,0,0,293,443,0,0,0,1,0,0,0,-1,8,0,8,203,3,3,0,1,0,battery?,87,OK,308,7691,7691
,gui,,CONTROL_PANEL,26791,39,2,1,1,2594,12,5176,5176,26426,365,1,0,1,0,0,5176,0,238,0,5176,5176,0,1,0,takeoff,telemetry_confirmed(takeoff before_h=0 before_tof=10 after_h=80 after_tof=86 wait_ms=0),TIMEOUT,manual,,attempt=1|send=OK|raw=ok|parsed=OK,executor_call=1|command=takeoff|result=TIMEOUT|response=|elapsed_ms=5176|timing_total_ms=5176|recv_wait_ms=5176|attempt_log=[attempt=1|send=OK|raw=|result=TIMEOUT],204,204,0,2,0,12.9425,15.198,55,77,2494,2494,189,2,1,1,OK,100,1,80,85,111.48,0,86,65,68,68,568536,0,0,0,5.88483,6099,0,-1,0,0,0,0,0,0,STALE,0,STALE,0,0,telemetry=OK; video=STALE; command=OK; rc=OK,OK,STALE,OK,OK,50,50,0,-1,0,66,560172,8,0,0,0,0,0,0,0,0,0,0,8,0,5.88483,960,720,0,0,1,1,OK,0,streamon,1,log,2026-07-06T18:56:08.650,vision recovery queued | last_frame_age_ms=6098,CONNECTED,0,pitch,1,1,1,0,0,0,0,0,0,0,0,0,0,126,56,0,0,0,1,0,0,0,0,8,0,8,203,3,3,0,1,0,battery?,87,OK,308,7818,7818
,gui,,CONTROL_PANEL,27420,40,2,1,1,2594,12,5176,5176,26426,994,1,0,1,0,0,5176,0,238,0,5176,5176,0,1,0,takeoff,telemetry_confirmed(takeoff before_h=0 before_tof=10 after_h=80 after_tof=86 wait_ms=0),TIMEOUT,manual,,attempt=1|send=OK|raw=ok|parsed=OK,executor_call=1|command=takeoff|result=TIMEOUT|response=|elapsed_ms=5176|timing_total_ms=5176|recv_wait_ms=5176|attempt_log=[attempt=1|send=OK|raw=|result=TIMEOUT],210,210,0,2,0,8.06942,12.2319,64,123,2494,2494,189,2,1,1,OK,100,1,80,84,111.39,0,86,65,68,78,609240,0,0,0,5.88483,6728,17,-1,0,0,0,0,0,0,STALE,0,STALE,0,0,telemetry=OK; video=STALE; command=OK; rc=OK,OK,STALE,OK,OK,50,50,0,-1,0,78,609240,8,0,0,0,0,0,0,0,0,0,0,8,0,5.88483,960,720,0,0,1,1,OK,0,streamon,1,vision:ffmpeg_stream,,,CONNECTED,0,pitch,2,1,1,0,0,0,0,0,0,0,0,0,0,125,249,0,0,0,1,0,0,0,0,8,0,8,208,3,3,0,1,0,battery?,87,OK,308,8447,8447
,gui,,CONTROL_PANEL,28545,41,2,1,1,2594,12,5176,5176,26426,2119,1,0,1,0,0,5176,0,238,0,5176,5176,0,1,0,takeoff,telemetry_confirmed(takeoff before_h=0 before_tof=10 after_h=80 after_tof=86 wait_ms=0),TIMEOUT,manual,,attempt=1|send=OK|raw=ok|parsed=OK,executor_call=1|command=takeoff|result=TIMEOUT|response=|elapsed_ms=5176|timing_total_ms=5176|recv_wait_ms=5176|attempt_log=[attempt=1|send=OK|raw=|result=TIMEOUT],221,221,0,2,0,8.72821,13.8307,89,114,2494,2494,189,2,1,1,OK,100,1,80,83,111.29,0,86,65,67,96,684654,0,0,0,4.73557,634,18,-1,0,0,0,0,0,0,STALE,0,STALE,0,0,telemetry=OK; video=STALE; command=OK; rc=OK,OK,STALE,OK,OK,50,50,0,-1,0,96,684654,9,0,0,0,0,0,0,0,0,0,0,9,0,4.73557,960,720,0,0,1,1,OK,0,streamon,1,vision:ffmpeg_stream,,,CONNECTED,0,pitch,0,1,1,0,0,0,0,0,0,0,0,0,0,125,249,0,0,0,0,0,0,0,0,9,0,9,221,3,3,0,1,0,battery?,87,OK,308,9572,9572
,gui,,CONTROL_PANEL,29545,42,2,1,1,2594,12,5176,5176,26426,3119,1,0,1,0,0,5176,0,238,0,5176,5176,0,1,0,takeoff,telemetry_confirmed(takeoff before_h=0 before_tof=10 after_h=80 after_tof=86 wait_ms=0),TIMEOUT,manual,,attempt=1|send=OK|raw=ok|parsed=OK,executor_call=1|command=takeoff|result=TIMEOUT|response=|elapsed_ms=5176|timing_total_ms=5176|recv_wait_ms=5176|attempt_log=[attempt=1|send=OK|raw=|result=TIMEOUT],231,231,0,2,0,23.0627,26.6447,85,43,2494,2494,189,2,1,1,OK,100,1,80,82,111,0,85,66,68,113,754905,0,0,0,3.97529,563,17,-1,0,0,0,0,0,0,STALE,0,STALE,0,0,telemetry=OK; video=STALE; command=OK; rc=OK,OK,STALE,OK,OK,50,50,0,-1,0,113,754905,10,0,0,0,0,0,0,0,0,0,0,10,0,3.97529,960,720,0,0,1,1,OK,0,streamon,1,vision:ffmpeg_stream,,,CONNECTED,0,pitch,0,1,1,0,0,0,0,0,0,0,0,0,0,125,249,0,0,0,0,0,0,0,0,10,0,10,231,3,3,0,1,0,battery?,87,OK,308,10572,10572
,gui,,CONTROL_PANEL,30545,43,2,1,1,2594,12,5176,5176,26426,4119,1,0,1,0,0,5176,0,238,0,5176,5176,0,1,0,takeoff,telemetry_confirmed(takeoff before_h=0 before_tof=10 after_h=80 after_tof=86 wait_ms=0),TIMEOUT,manual,,attempt=1|send=OK|raw=ok|parsed=OK,executor_call=1|command=takeoff|result=TIMEOUT|response=|elapsed_ms=5176|timing_total_ms=5176|recv_wait_ms=5176|attempt_log=[attempt=1|send=OK|raw=|result=TIMEOUT],241,241,0,2,0,6.67727,12.4883,32,149,2494,2494,189,2,1,1,OK,100,1,80,84,111.42,0,85,65,68,128,817240,0,0,0,3.97529,1564,15,-1,0,0,0,0,0,0,STALE,0,STALE,0,0,telemetry=OK; video=STALE; command=OK; rc=OK,OK,STALE,OK,OK,50,50,0,-1,0,128,817240,10,0,0,0,0,0,0,0,0,0,0,10,0,3.97529,960,720,0,0,1,1,OK,0,streamon,1,vision:ffmpeg_stream,,,CONNECTED,0,pitch,1,1,1,0,0,0,0,0,0,0,0,0,0,125,249,0,0,0,0,0,0,0,0,10,0,10,240,3,3,0,1,0,battery?,87,OK,308,11572,11572
,gui,,CONTROL_PANEL,31670,44,2,1,1,2594,12,5176,5176,26426,5244,1,0,1,0,0,5176,0,238,0,5176,5176,0,1,0,takeoff,telemetry_confirmed(takeoff before_h=0 before_tof=10 after_h=80 after_tof=86 wait_ms=0),TIMEOUT,manual,,attempt=1|send=OK|raw=ok|parsed=OK,executor_call=1|command=takeoff|result=TIMEOUT|response=|elapsed_ms=5176|timing_total_ms=5176|recv_wait_ms=5176|attempt_log=[attempt=1|send=OK|raw=|result=TIMEOUT],243,243,0,2,0,7.8583,11.1801,931,127,2494,2494,189,2,1,1,STALE,0,1,80,83,111.37,0,85,66,69,131,829706,0,0,0,3.97529,2689,3,-1,0,0,0,0,0,0,STALE,0,STALE,0,0,telemetry=STALE; video=STALE; command=OK; rc=OK,STALE,STALE,OK,OK,50,50,0,-1,0,131,829706,10,0,0,0,0,0,0,0,0,0,0,10,0,3.97529,960,720,0,0,1,1,OK,0,streamon,1,vision:ffmpeg_stream,,,CONNECTED,0,pitch,0,1,1,0,0,0,0,0,0,0,0,0,0,125,250,0,0,0,0,0,0,0,0,10,0,10,243,3,3,0,1,0,battery?,87,OK,308,12697,12697
,gui,,CONTROL_PANEL,32046,45,2,1,1,2594,12,5176,5176,26426,5620,1,0,1,0,0,5176,0,238,0,5176,5176,0,1,0,takeoff,telemetry_confirmed(takeoff before_h=0 before_tof=10 after_h=80 after_tof=86 wait_ms=0),TIMEOUT,manual,,attempt=1|send=OK|raw=ok|parsed=OK,executor_call=1|command=takeoff|result=TIMEOUT|response=|elapsed_ms=5176|timing_total_ms=5176|recv_wait_ms=5176|attempt_log=[attempt=1|send=OK|raw=|result=TIMEOUT],243,243,0,3,0,7.8583,11.1801,1307,127,2494,2494,189,2,1,1,STALE,0,1,80,83,111.37,0,85,66,69,131,829706,0,0,0,3.97529,3065,3,-1,0,0,0,0,0,0,STALE,0,STALE,0,0,telemetry=STALE; video=STALE; command=OK; rc=OK,STALE,STALE,OK,OK,50,50,0,-1,0,131,829706,10,0,0,0,0,0,0,0,0,0,0,10,0,3.97529,960,720,0,0,1,1,OK,0,streamon,1,log,2026-07-06T18:56:13.905,vision recovery queued | last_frame_age_ms=3064,CONNECTED,0,pitch,0,1,1,0,0,0,0,0,0,0,0,0,0,125,250,0,0,0,0,0,0,0,0,10,0,10,243,3,3,0,1,0,battery?,87,OK,308,13073,13073
,gui,,CONTROL_PANEL,32048,46,2,1,1,2594,12,5176,5176,26426,5622,1,0,1,0,0,5176,0,238,0,5176,5176,0,1,0,takeoff,telemetry_confirmed(takeoff before_h=0 before_tof=10 after_h=80 after_tof=86 wait_ms=0),TIMEOUT,manual,,attempt=1|send=OK|raw=ok|parsed=OK,executor_call=1|command=takeoff|result=TIMEOUT|response=|elapsed_ms=5176|timing_total_ms=5176|recv_wait_ms=5176|attempt_log=[attempt=1|send=OK|raw=|result=TIMEOUT],243,243,0,3,0,7.8583,11.1801,1308,127,2494,2494,189,2,1,1,STALE,0,1,80,83,111.37,0,85,66,69,131,829706,0,0,0,3.97529,3066,3,-1,0,0,0,0,0,0,STALE,0,STALE,0,0,telemetry=STALE; video=STALE; command=OK; rc=OK,STALE,STALE,OK,OK,50,50,0,-1,0,131,829706,10,0,0,0,0,0,0,0,0,0,0,10,0,3.97529,960,720,0,0,1,1,OK,0,streamon,1,log,2026-07-06T18:56:13.906,vision recovery => OK | stage=streamon | command_channel=available | hard=no | video_restart=no,CONNECTED,0,pitch,0,1,1,0,0,0,0,0,0,0,0,0,0,125,250,1,0,0,0,0,0,0,0,10,0,10,243,3,3,0,1,0,battery?,87,OK,308,13075,13075
,gui,,CONTROL_PANEL,32048,47,2,1,1,2594,12,5176,5176,26426,5622,1,0,1,0,0,5176,0,238,0,5176,5176,0,1,0,takeoff,telemetry_confirmed(takeoff before_h=0 before_tof=10 after_h=80 after_tof=86 wait_ms=0),TIMEOUT,manual,,attempt=1|send=OK|raw=ok|parsed=OK,executor_call=1|command=takeoff|result=TIMEOUT|response=|elapsed_ms=5176|timing_total_ms=5176|recv_wait_ms=5176|attempt_log=[attempt=1|send=OK|raw=|result=TIMEOUT],243,243,0,3,0,7.8583,11.1801,1308,127,2494,2494,189,2,1,1,STALE,0,1,80,83,111.37,0,85,66,69,131,829706,0,0,0,3.97529,3066,0,-1,0,0,0,0,0,0,STALE,0,STALE,0,0,telemetry=STALE; video=STALE; command=OK; rc=OK,STALE,STALE,OK,OK,50,50,0,-1,0,131,829706,10,0,0,0,0,0,0,0,0,0,0,10,0,3.97529,960,720,0,0,1,1,OK,0,streamon,1,vision_recovery,,,CONNECTED,0,pitch,0,1,1,0,0,0,0,0,0,0,0,0,0,125,250,1,0,0,0,0,0,0,0,10,0,10,243,3,3,0,1,0,battery?,87,OK,308,13075,13075
,gui,,CONTROL_PANEL,32670,48,2,1,1,2594,12,5176,5176,26426,6244,1,0,1,0,0,5176,0,238,0,5176,5176,0,1,0,takeoff,telemetry_confirmed(takeoff before_h=0 before_tof=10 after_h=80 after_tof=86 wait_ms=0),TIMEOUT,manual,,attempt=1|send=OK|raw=ok|parsed=OK,executor_call=1|command=takeoff|result=TIMEOUT|response=|elapsed_ms=5176|timing_total_ms=5176|recv_wait_ms=5176|attempt_log=[attempt=1|send=OK|raw=|result=TIMEOUT],247,247,0,3,0,45.7384,19.2468,0,21,2494,1591,244,3,2,2,OK,100,1,80,82,111.05,0,84,67,70,135,847581,0,0,0,3.97529,3689,4,-1,0,0,0,0,0,0,STALE,0,STALE,0,0,telemetry=OK; video=STALE; command=OK; rc=OK,OK,STALE,OK,OK,50,50,0,-1,0,135,847581,10,0,0,0,0,0,0,0,0,0,0,10,0,3.97529,960,720,0,0,1,1,OK,0,streamon,1,vision:ffmpeg_stream,,,CONNECTED,0,pitch,3,1,1,0,0,0,0,0,0,0,0,0,0,125,249,0,0,0,0,0,0,0,0,10,0,10,244,3,3,0,1,0,battery?,87,OK,308,13697,13697
,gui,,CONTROL_PANEL,33670,49,2,1,1,2594,12,5176,5176,26426,7244,1,0,1,0,0,5176,0,238,0,5176,5176,0,1,0,takeoff,telemetry_confirmed(takeoff before_h=0 before_tof=10 after_h=80 after_tof=86 wait_ms=0),TIMEOUT,manual,,attempt=1|send=OK|raw=ok|parsed=OK,executor_call=1|command=takeoff|result=TIMEOUT|response=|elapsed_ms=5176|timing_total_ms=5176|recv_wait_ms=5176|attempt_log=[attempt=1|send=OK|raw=|result=TIMEOUT],257,257,0,3,0,9.54434,46.9568,16,104,2494,1591,244,3,2,2,OK,100,1,80,82,111.15,0,83,66,70,151,913938,0,0,0,3.97529,4689,16,-1,0,0,0,0,0,0,STALE,0,STALE,0,0,telemetry=OK; video=STALE; command=OK; rc=OK,OK,STALE,OK,OK,50,50,0,-1,0,151,913938,10,0,0,0,0,0,0,0,0,0,0,10,0,3.97529,960,720,0,0,1,1,OK,0,streamon,1,vision:ffmpeg_stream,,,CONNECTED,0,pitch,3,1,1,0,0,0,0,0,0,0,0,0,0,125,249,0,0,0,0,0,0,0,0,10,0,10,254,3,3,0,1,0,battery?,87,OK,308,14697,14697
,gui,,CONTROL_PANEL,34670,50,2,1,1,2594,12,5176,5176,26426,8244,1,0,1,0,0,5176,0,238,0,5176,5176,0,1,0,takeoff,telemetry_confirmed(takeoff before_h=0 before_tof=10 after_h=80 after_tof=86 wait_ms=0),TIMEOUT,manual,,attempt=1|send=OK|raw=ok|parsed=OK,executor_call=1|command=takeoff|result=TIMEOUT|response=|elapsed_ms=5176|timing_total_ms=5176|recv_wait_ms=5176|attempt_log=[attempt=1|send=OK|raw=|result=TIMEOUT],266,266,0,3,0,16.1625,26.341,25,61,2494,351,258,4,2,2,OK,100,1,80,86,110.87,0,82,67,70,167,980396,0,0,0,3.2225,957,16,-1,0,0,0,0,0,0,STALE,0,STALE,0,0,telemetry=OK; video=STALE; command=OK; rc=OK,OK,STALE,OK,OK,50,50,0,-1,0,167,980396,11,0,0,0,0,0,0,0,0,0,0,11,0,3.2225,960,720,0,0,1,1,OK,0,streamon,1,vision:ffmpeg_stream,,,CONNECTED,0,pitch,3,1,1,0,0,0,0,0,0,0,0,0,0,125,249,0,0,0,0,0,0,0,0,11,0,11,263,3,3,0,1,0,battery?,87,OK,308,15697,15697
,gui,,CONTROL_PANEL,35795,51,2,1,1,2594,12,5176,5176,26426,9369,1,0,1,0,0,5176,0,238,0,5176,5176,0,1,0,takeoff,telemetry_confirmed(takeoff before_h=0 before_tof=10 after_h=80 after_tof=86 wait_ms=0),TIMEOUT,manual,,attempt=1|send=OK|raw=ok|parsed=OK,executor_call=1|command=takeoff|result=TIMEOUT|response=|elapsed_ms=5176|timing_total_ms=5176|recv_wait_ms=5176|attempt_log=[attempt=1|send=OK|raw=|result=TIMEOUT],277,277,0,3,0,20.1931,17.5904,79,49,2494,351,258,4,2,2,OK,100,1,80,84,111.52,0,82,67,70,186,1059099,0,0,0,2.73013,767,19,-1,0,0,0,0,0,0,STALE,0,STALE,0,0,telemetry=OK; video=STALE; command=OK; rc=OK,OK,STALE,OK,OK,50,50,0,-1,0,186,1059099,12,0,0,0,0,0,0,0,0,0,0,12,0,2.73013,960,720,0,0,1,1,OK,0,streamon,1,vision:ffmpeg_stream,,,CONNECTED,0,pitch,0,1,1,0,0,0,0,0,0,0,0,0,0,125,249,0,0,0,0,0,0,0,0,12,0,12,277,3,3,0,1,0,battery?,87,OK,308,16822,16822
,gui,,CONTROL_PANEL,36920,52,2,1,1,2594,12,5176,5176,26426,10494,1,0,1,0,0,5176,0,238,0,5176,5176,0,1,0,takeoff,telemetry_confirmed(takeoff before_h=0 before_tof=10 after_h=80 after_tof=86 wait_ms=0),TIMEOUT,manual,,attempt=1|send=OK|raw=ok|parsed=OK,executor_call=1|command=takeoff|result=TIMEOUT|response=|elapsed_ms=5176|timing_total_ms=5176|recv_wait_ms=5176|attempt_log=[attempt=1|send=OK|raw=|result=TIMEOUT],287,287,0,3,0,11.1057,11.453,141,90,2494,351,258,4,2,2,OK,100,1,80,83,111.13,0,81,67,70,205,1136869,0,0,0,2.40611,991,19,-1,0,0,0,0,0,0,STALE,0,STALE,0,0,telemetry=OK; video=STALE; command=OK; rc=OK,OK,STALE,OK,OK,50,50,0,-1,0,205,1136869,13,0,0,0,0,0,0,0,0,0,0,13,0,2.40611,960,720,0,0,1,1,OK,0,streamon,1,vision:ffmpeg_stream,,,CONNECTED,0,pitch,1,1,1,0,0,0,0,0,0,0,0,0,0,124,249,0,0,0,1,0,0,0,0,13,0,13,286,3,3,0,1,0,battery?,87,OK,308,17947,17947
,gui,,CONTROL_PANEL,37920,53,2,1,1,2594,12,5176,5176,26426,11494,1,0,1,0,0,5176,0,238,0,5176,5176,0,1,0,takeoff,telemetry_confirmed(takeoff before_h=0 before_tof=10 after_h=80 after_tof=86 wait_ms=0),TIMEOUT,manual,,attempt=1|send=OK|raw=ok|parsed=OK,executor_call=1|command=takeoff|result=TIMEOUT|response=|elapsed_ms=5176|timing_total_ms=5176|recv_wait_ms=5176|attempt_log=[attempt=1|send=OK|raw=|result=TIMEOUT],298,298,0,3,0,20.784,14.715,49,48,2494,351,258,4,2,2,OK,100,1,80,82,111.02,0,81,67,70,221,1203667,0,0,0,2.02901,71,16,-1,0,0,0,0,0,0,OK,100,OK,100,1,telemetry=OK; video=OK; command=OK; rc=OK,OK,OK,OK,OK,50,50,0,-1,0,221,1203667,14,0,0,0,0,0,0,0,0,0,0,14,0,2.02901,960,720,0,0,1,1,OK,0,streamon,1,vision:ffmpeg_stream,,,CONNECTED,0,pitch,2,1,1,0,0,0,0,0,0,0,0,0,0,124,249,0,0,0,1,0,0,0,0,14,0,13,296,3,3,0,1,0,battery?,87,OK,308,18947,18947
,gui,,CONTROL_PANEL,39045,54,2,1,1,2594,12,5176,5176,26426,12619,1,0,1,0,0,5176,0,238,0,5176,5176,0,1,0,takeoff,telemetry_confirmed(takeoff before_h=0 before_tof=10 after_h=80 after_tof=86 wait_ms=0),TIMEOUT,manual,,attempt=1|send=OK|raw=ok|parsed=OK,executor_call=1|command=takeoff|result=TIMEOUT|response=|elapsed_ms=5176|timing_total_ms=5176|recv_wait_ms=5176|attempt_log=[attempt=1|send=OK|raw=|result=TIMEOUT],309,309,0,3,0,10.5328,10.8581,36,94,2494,351,258,4,2,2,OK,100,1,80,83,111.26,0,80,68,70,241,1286881,0,0,0,1.8163,160,20,-1,0,0,0,0,0,0,OK,100,OK,100,1,telemetry=OK; video=OK; command=OK; rc=OK,OK,OK,OK,OK,50,50,0,-1,0,241,1286881,15,0,0,0,0,0,0,0,0,0,0,15,0,1.8163,960,720,0,0,1,1,OK,0,streamon,1,vision:ffmpeg_stream,,,CONNECTED,0,pitch,1,1,1,0,0,0,0,0,0,0,0,0,0,124,250,3,0,0,1,0,0,0,0,15,0,15,300,3,3,0,1,0,battery?,87,OK,308,20072,20072
,gui,,CONTROL_PANEL,40045,55,2,1,1,2594,12,5176,5176,26426,13619,1,0,1,0,0,5176,0,238,0,5176,5176,0,1,0,takeoff,telemetry_confirmed(takeoff before_h=0 before_tof=10 after_h=80 after_tof=86 wait_ms=0),TIMEOUT,manual,,attempt=1|send=OK|raw=ok|parsed=OK,executor_call=1|command=takeoff|result=TIMEOUT|response=|elapsed_ms=5176|timing_total_ms=5176|recv_wait_ms=5176|attempt_log=[attempt=1|send=OK|raw=|result=TIMEOUT],319,319,0,3,0,18.0973,25.9263,54,55,2494,351,258,4,2,2,OK,100,1,80,85,110.93,0,80,68,71,257,1352870,0,0,0,1.65331,161,16,-1,0,0,0,0,0,0,OK,100,OK,100,1,telemetry=OK; video=OK; command=OK; rc=OK,OK,OK,OK,OK,50,50,0,-1,0,257,1352870,16,0,0,0,0,0,0,0,0,0,0,16,0,1.65331,960,720,0,0,1,1,OK,0,streamon,1,vision:ffmpeg_stream,,,CONNECTED,0,pitch,1,1,1,0,0,0,0,0,0,0,0,0,0,125,249,1,0,0,0,0,0,0,0,16,0,16,300,3,3,0,1,0,battery?,87,OK,308,21072,21072
,gui,,CONTROL_PANEL,41170,56,2,1,1,2594,12,5176,5176,26426,14744,1,0,1,0,0,5176,0,238,0,5176,5176,0,1,0,takeoff,telemetry_confirmed(takeoff before_h=0 before_tof=10 after_h=80 after_tof=86 wait_ms=0),TIMEOUT,manual,,attempt=1|send=OK|raw=ok|parsed=OK,executor_call=1|command=takeoff|result=TIMEOUT|response=|elapsed_ms=5176|timing_total_ms=5176|recv_wait_ms=5176|attempt_log=[attempt=1|send=OK|raw=|result=TIMEOUT],330,330,0,3,0,9.26778,12.6124,89,107,2494,351,258,4,2,2,OK,100,1,80,85,111.26,0,79,69,71,276,1431775,0,0,0,1.65331,1286,19,-1,0,0,0,0,0,0,STALE,0,STALE,0,0,telemetry=OK; video=STALE; command=OK; rc=OK,OK,STALE,OK,OK,50,50,0,-1,0,276,1431775,16,0,0,0,0,0,0,0,0,0,0,16,0,1.65331,960,720,0,0,1,1,OK,0,streamon,1,vision:ffmpeg_stream,,,CONNECTED,0,pitch,2,1,1,0,0,0,0,0,0,0,0,0,0,125,249,0,0,0,0,0,0,0,0,16,0,16,300,3,3,0,1,0,battery?,87,OK,308,22197,22197
,gui,,CONTROL_PANEL,42170,57,2,1,1,2594,12,5176,5176,26426,15744,1,0,1,0,0,5176,0,238,0,5176,5176,0,1,0,takeoff,telemetry_confirmed(takeoff before_h=0 before_tof=10 after_h=80 after_tof=86 wait_ms=0),TIMEOUT,manual,,attempt=1|send=OK|raw=ok|parsed=OK,executor_call=1|command=takeoff|result=TIMEOUT|response=|elapsed_ms=5176|timing_total_ms=5176|recv_wait_ms=5176|attempt_log=[attempt=1|send=OK|raw=|result=TIMEOUT],339,339,0,3,0,7.11899,29.7731,85,140,2494,351,258,4,2,2,OK,100,1,80,83,111.33,0,79,68,70,292,1498182,0,0,0,1.65331,2286,16,-1,0,0,0,0,0,0,STALE,0,STALE,0,0,telemetry=OK; video=STALE; command=OK; rc=OK,OK,STALE,OK,OK,50,50,0,-1,0,292,1498182,16,0,0,0,0,0,0,0,0,0,0,16,0,1.65331,960,720,0,0,1,1,OK,0,streamon,1,vision:ffmpeg_stream,,,CONNECTED,0,pitch,1,1,1,0,0,0,0,0,0,0,0,0,0,125,250,0,0,0,0,0,0,0,0,16,0,16,300,3,3,0,1,0,battery?,87,OK,308,23197,23197
,gui,,CONTROL_PANEL,42922,58,2,1,1,2594,12,5176,5176,26426,16496,1,0,1,0,0,5176,0,238,0,5176,5176,0,1,0,takeoff,telemetry_confirmed(takeoff before_h=0 before_tof=10 after_h=80 after_tof=86 wait_ms=0),TIMEOUT,manual,,attempt=1|send=OK|raw=ok|parsed=OK,executor_call=1|command=takeoff|result=TIMEOUT|response=|elapsed_ms=5176|timing_total_ms=5176|recv_wait_ms=5176|attempt_log=[attempt=1|send=OK|raw=|result=TIMEOUT],345,345,0,3,0,8.57218,41.8832,225,116,2494,351,258,4,2,2,DEGRADED,60,1,80,83,111.07,0,78,68,71,302,1539430,0,0,0,1.65331,3038,16,-1,0,0,0,0,0,0,STALE,0,STALE,0,0,telemetry=DEGRADED; video=STALE; command=OK; rc=OK,DEGRADED,STALE,OK,OK,50,50,0,-1,0,292,1498182,16,0,0,0,0,0,0,0,0,0,0,16,0,1.65331,960,720,0,0,1,1,OK,0,streamon,1,log,2026-07-06T18:56:24.780,vision recovery queued | last_frame_age_ms=3037,CONNECTED,0,pitch,0,1,1,0,0,0,0,0,0,0,0,0,0,125,249,0,0,0,0,0,0,0,0,16,0,16,300,3,3,0,1,0,battery?,87,OK,308,23949,23949
,gui,,CONTROL_PANEL,42923,59,2,1,1,2594,12,5176,5176,26426,16497,1,0,1,0,0,5176,0,238,0,5176,5176,0,1,0,takeoff,telemetry_confirmed(takeoff before_h=0 before_tof=10 after_h=80 after_tof=86 wait_ms=0),TIMEOUT,manual,,attempt=1|send=OK|raw=ok|parsed=OK,executor_call=1|command=takeoff|result=TIMEOUT|response=|elapsed_ms=5176|timing_total_ms=5176|recv_wait_ms=5176|attempt_log=[attempt=1|send=OK|raw=|result=TIMEOUT],345,345,0,3,0,8.57218,41.8832,226,116,2494,351,258,4,2,2,DEGRADED,60,1,80,83,111.07,0,78,68,71,302,1539430,0,0,0,1.65331,3039,16,-1,0,0,0,0,0,0,STALE,0,STALE,0,0,telemetry=DEGRADED; video=STALE; command=OK; rc=OK,DEGRADED,STALE,OK,OK,50,50,0,-1,0,292,1498182,16,0,0,0,0,0,0,0,0,0,0,16,0,1.65331,960,720,0,0,1,1,OK,0,streamon,1,log,2026-07-06T18:56:24.781,vision recovery => OK | stage=streamon | command_channel=available | hard=no | video_restart=no,CONNECTED,0,pitch,0,1,1,0,0,0,0,0,0,0,0,0,0,125,249,1,0,0,0,0,0,0,0,16,0,16,300,3,3,0,1,0,battery?,87,OK,308,23950,23950
,gui,,CONTROL_PANEL,42923,60,2,1,1,2594,12,5176,5176,26426,16497,1,0,1,0,0,5176,0,238,0,5176,5176,0,1,0,takeoff,telemetry_confirmed(takeoff before_h=0 before_tof=10 after_h=80 after_tof=86 wait_ms=0),TIMEOUT,manual,,attempt=1|send=OK|raw=ok|parsed=OK,executor_call=1|command=takeoff|result=TIMEOUT|response=|elapsed_ms=5176|timing_total_ms=5176|recv_wait_ms=5176|attempt_log=[attempt=1|send=OK|raw=|result=TIMEOUT],345,345,0,3,0,8.57218,41.8832,226,116,2494,351,258,4,2,2,DEGRADED,60,1,80,83,111.07,0,78,68,71,302,1539430,0,0,0,1.65331,3039,0,-1,0,0,0,0,0,0,STALE,0,STALE,0,0,telemetry=DEGRADED; video=STALE; command=OK; rc=OK,DEGRADED,STALE,OK,OK,50,50,0,-1,0,302,1539430,16,0,0,0,0,0,0,0,0,0,0,16,0,1.65331,960,720,0,0,1,1,OK,0,streamon,1,vision_recovery,,,CONNECTED,0,pitch,0,1,1,0,0,0,0,0,0,0,0,0,0,125,249,1,0,0,0,0,0,0,0,16,0,16,300,3,3,0,1,0,battery?,87,OK,308,23950,23950
,gui,,CONTROL_PANEL,43295,61,2,1,1,2594,12,5176,5176,26426,16869,1,0,1,0,0,5176,0,238,0,5176,5176,0,1,0,takeoff,telemetry_confirmed(takeoff before_h=0 before_tof=10 after_h=80 after_tof=86 wait_ms=0),TIMEOUT,manual,,attempt=1|send=OK|raw=ok|parsed=OK,executor_call=1|command=takeoff|result=TIMEOUT|response=|elapsed_ms=5176|timing_total_ms=5176|recv_wait_ms=5176|attempt_log=[attempt=1|send=OK|raw=|result=TIMEOUT],345,345,0,3,0,8.57218,41.8832,599,116,2494,351,258,4,2,2,STALE,0,1,80,83,111.07,0,78,68,71,302,1539430,0,0,0,1.65331,3411,10,-1,0,0,0,0,0,0,STALE,0,STALE,0,0,telemetry=STALE; video=STALE; command=OK; rc=OK,STALE,STALE,OK,OK,50,50,0,-1,0,302,1539430,16,0,0,0,0,0,0,0,0,0,0,16,0,1.65331,960,720,0,0,1,1,OK,0,streamon,1,vision:ffmpeg_stream,,,CONNECTED,0,pitch,0,1,1,0,0,0,0,0,0,0,0,0,0,125,249,0,0,0,0,0,0,0,0,16,0,16,300,3,3,0,1,0,battery?,87,OK,308,24322,24322
,gui,,CONTROL_PANEL,44295,62,2,1,1,2594,12,5176,5176,26426,17869,1,0,1,0,0,5176,0,238,0,5176,5176,0,1,0,takeoff,telemetry_confirmed(takeoff before_h=0 before_tof=10 after_h=80 after_tof=86 wait_ms=0),TIMEOUT,manual,,attempt=1|send=OK|raw=ok|parsed=OK,executor_call=1|command=takeoff|result=TIMEOUT|response=|elapsed_ms=5176|timing_total_ms=5176|recv_wait_ms=5176|attempt_log=[attempt=1|send=OK|raw=|result=TIMEOUT],345,345,0,4,0,8.57218,41.8832,1599,116,2494,351,258,4,2,2,STALE,0,1,80,83,111.07,0,78,68,71,303,1542350,0,0,0,1.65331,4412,1,-1,0,0,0,0,0,0,STALE,0,STALE,0,0,telemetry=STALE; video=STALE; command=OK; rc=OK,STALE,STALE,OK,OK,50,50,0,-1,0,303,1542350,16,0,0,0,0,0,0,0,0,0,0,16,0,1.65331,960,720,0,0,1,1,OK,0,streamon,1,vision:ffmpeg_stream,,,CONNECTED,0,pitch,0,1,1,0,0,0,0,0,0,0,0,0,0,125,249,0,0,0,0,1,0,0,0,16,0,16,300,3,3,0,1,0,battery?,87,OK,308,25322,25322
,gui,,CONTROL_PANEL,45420,63,2,1,1,2594,12,5176,5176,26426,18994,1,0,1,0,0,5176,0,238,0,5176,5176,0,1,0,takeoff,telemetry_confirmed(takeoff before_h=0 before_tof=10 after_h=80 after_tof=86 wait_ms=0),TIMEOUT,manual,,attempt=1|send=OK|raw=ok|parsed=OK,executor_call=1|command=takeoff|result=TIMEOUT|response=|elapsed_ms=5176|timing_total_ms=5176|recv_wait_ms=5176|attempt_log=[attempt=1|send=OK|raw=|result=TIMEOUT],355,355,0,4,0,17.813,15.198,56,56,2494,1842,346,5,3,3,OK,100,1,80,82,111.09,0,77,69,72,321,1615284,0,0,0,1.36786,1112,18,-1,0,0,0,0,0,0,STALE,0,STALE,0,0,telemetry=OK; video=STALE; command=OK; rc=OK,OK,STALE,OK,OK,50,50,0,-1,0,321,1615284,17,0,0,0,0,0,0,0,0,0,0,17,0,1.36786,960,720,0,0,1,1,OK,0,streamon,1,vision:ffmpeg_stream,,,CONNECTED,0,pitch,2,1,1,0,0,0,0,0,0,0,0,0,0,124,250,0,0,0,0,0,0,0,0,17,0,17,300,3,3,0,1,0,battery?,87,OK,308,26447,26447
,gui,,CONTROL_PANEL,46420,64,2,1,1,2594,12,5176,5176,26426,19994,1,0,1,0,0,5176,0,238,0,5176,5176,0,1,0,takeoff,telemetry_confirmed(takeoff before_h=0 before_tof=10 after_h=80 after_tof=86 wait_ms=0),TIMEOUT,manual,,attempt=1|send=OK|raw=ok|parsed=OK,executor_call=1|command=takeoff|result=TIMEOUT|response=|elapsed_ms=5176|timing_total_ms=5176|recv_wait_ms=5176|attempt_log=[attempt=1|send=OK|raw=|result=TIMEOUT],365,365,0,4,0,7.07452,11.4027,6,141,2494,1842,346,5,3,3,OK,100,1,80,82,111.04,0,77,70,72,337,1682667,0,0,0,1.19119,48,16,-1,0,0,0,0,0,0,OK,100,OK,100,1,telemetry=OK; video=OK; command=OK; rc=OK,OK,OK,OK,OK,50,50,0,-1,0,337,1682667,18,0,0,0,0,0,0,0,0,0,0,18,0,1.19119,960,720,0,0,1,1,OK,0,streamon,1,vision:ffmpeg_stream,,,CONNECTED,0,pitch,2,1,1,0,0,0,0,0,0,0,0,0,0,124,250,0,0,0,0,0,0,0,0,18,0,17,300,3,3,0,1,0,battery?,87,OK,308,27447,27447
,gui,,CONTROL_PANEL,47420,65,2,1,1,2594,12,5176,5176,26426,20994,1,0,1,0,0,5176,0,238,0,5176,5176,0,1,0,takeoff,telemetry_confirmed(takeoff before_h=0 before_tof=10 after_h=80 after_tof=86 wait_ms=0),TIMEOUT,manual,,attempt=1|send=OK|raw=ok|parsed=OK,executor_call=1|command=takeoff|result=TIMEOUT|response=|elapsed_ms=5176|timing_total_ms=5176|recv_wait_ms=5176|attempt_log=[attempt=1|send=OK|raw=|result=TIMEOUT],374,374,0,4,0,8.82434,11.1334,101,113,2494,1842,346,5,3,3,OK,100,1,80,82,111.26,0,76,70,72,354,1753497,0,0,0,14.533,638,17,-1,0,0,0,0,0,0,STALE,0,STALE,0,0,telemetry=OK; video=STALE; command=OK; rc=OK,OK,STALE,OK,OK,50,50,0,-1,0,354,1753497,25,0,0,0,0,0,0,0,0,0,0,25,0,14.533,960,720,0,0,1,1,OK,0,streamon,1,vision:ffmpeg_stream,,,CONNECTED,0,pitch,1,1,1,0,0,0,0,0,0,0,0,0,0,125,249,0,0,0,0,0,0,0,0,21,4,21,300,3,3,0,1,0,battery?,87,OK,308,28447,28447
,gui,,CONTROL_PANEL,48545,66,2,1,1,2594,12,5176,5176,26426,22119,1,0,1,0,0,5176,0,238,0,5176,5176,0,1,0,takeoff,telemetry_confirmed(takeoff before_h=0 before_tof=10 after_h=80 after_tof=86 wait_ms=0),TIMEOUT,manual,,attempt=1|send=OK|raw=ok|parsed=OK,executor_call=1|command=takeoff|result=TIMEOUT|response=|elapsed_ms=5176|timing_total_ms=5176|recv_wait_ms=5176|attempt_log=[attempt=1|send=OK|raw=|result=TIMEOUT],386,386,0,4,0,21.2939,12.3982,59,46,2494,1842,346,5,3,3,OK,100,1,80,83,111.04,0,76,70,72,370,1819571,0,0,0,11.8052,644,16,-1,0,0,0,0,0,0,STALE,0,STALE,0,0,telemetry=OK; video=STALE; command=OK; rc=OK,OK,STALE,OK,OK,50,50,0,-1,0,370,1819571,26,0,0,0,0,0,0,0,0,0,0,26,0,11.8052,960,720,0,0,1,1,OK,0,streamon,1,vision:ffmpeg_stream,,,CONNECTED,0,pitch,1,1,1,0,0,0,0,0,0,0,0,0,0,124,249,0,0,0,0,0,0,0,0,22,4,22,300,3,3,0,1,0,battery?,87,OK,308,29572,29572
,gui,,CONTROL_PANEL,49545,67,2,1,1,2594,12,5176,5176,26426,23119,1,0,1,0,0,5176,0,238,0,5176,5176,0,1,0,takeoff,telemetry_confirmed(takeoff before_h=0 before_tof=10 after_h=80 after_tof=86 wait_ms=0),TIMEOUT,manual,,attempt=1|send=OK|raw=ok|parsed=OK,executor_call=1|command=takeoff|result=TIMEOUT|response=|elapsed_ms=5176|timing_total_ms=5176|recv_wait_ms=5176|attempt_log=[attempt=1|send=OK|raw=|result=TIMEOUT],396,396,0,4,0,7.30502,10.918,0,136,2494,1842,346,5,3,3,OK,100,1,80,83,111.09,0,75,70,73,385,1881428,0,0,0,11.8052,1644,15,-1,0,0,0,0,0,0,STALE,0,STALE,0,0,telemetry=OK; video=STALE; command=OK; rc=OK,OK,STALE,OK,OK,51,50,0,-1,0,385,1881428,26,0,0,0,0,0,0,0,0,0,0,26,0,11.8052,960,720,0,0,1,1,OK,0,streamon,1,vision:ffmpeg_stream,,,CONNECTED,0,pitch,1,1,1,0,0,0,0,0,0,0,0,0,0,124,249,0,0,0,0,0,0,0,0,22,4,22,300,3,3,0,1,0,battery?,87,OK,308,30572,30572
,gui,,CONTROL_PANEL,50545,68,2,1,1,2594,12,5176,5176,26426,24119,1,0,1,0,0,5176,0,238,0,5176,5176,0,1,0,takeoff,telemetry_confirmed(takeoff before_h=0 before_tof=10 after_h=80 after_tof=86 wait_ms=0),TIMEOUT,manual,,attempt=1|send=OK|raw=ok|parsed=OK,executor_call=1|command=takeoff|result=TIMEOUT|response=|elapsed_ms=5176|timing_total_ms=5176|recv_wait_ms=5176|attempt_log=[attempt=1|send=OK|raw=|result=TIMEOUT],406,406,0,4,0,16.7859,15.2427,9,59,2494,1842,346,5,3,3,OK,100,1,80,82,111.23,0,75,70,72,400,1943903,0,0,0,9.53739,500,15,-1,0,0,0,0,0,0,DEGRADED,60,DEGRADED,60,1,telemetry=OK; video=DEGRADED; command=OK; rc=OK,OK,DEGRADED,OK,OK,50,50,0,-1,0,400,1943903,27,0,0,0,0,0,0,0,0,0,0,27,0,9.53739,960,720,0,0,1,1,OK,0,streamon,1,vision:ffmpeg_stream,,,CONNECTED,0,pitch,2,1,1,0,0,0,0,0,0,0,0,0,0,125,250,0,0,0,0,0,0,0,0,23,4,23,300,3,3,0,1,0,battery?,87,OK,308,31572,31572
,gui,,CONTROL_PANEL,51670,69,2,1,1,2594,12,5176,5176,26426,25244,1,0,1,0,0,5176,0,238,0,5176,5176,0,1,0,takeoff,telemetry_confirmed(takeoff before_h=0 before_tof=10 after_h=80 after_tof=86 wait_ms=0),TIMEOUT,manual,,attempt=1|send=OK|raw=ok|parsed=OK,executor_call=1|command=takeoff|result=TIMEOUT|response=|elapsed_ms=5176|timing_total_ms=5176|recv_wait_ms=5176|attempt_log=[attempt=1|send=OK|raw=|result=TIMEOUT],417,417,0,4,0,8.58329,26.2572,4,116,2494,1842,346,5,3,3,OK,100,1,80,83,110.91,0,74,71,73,419,2022450,0,0,0,9.53739,1624,19,-1,0,0,0,0,0,0,STALE,0,STALE,0,0,telemetry=OK; video=STALE; command=OK; rc=OK,OK,STALE,OK,OK,51,50,0,-1,0,419,2022450,27,0,0,0,0,0,0,0,0,0,0,27,0,9.53739,960,720,0,0,1,1,OK,0,streamon,1,vision:ffmpeg_stream,,,CONNECTED,0,pitch,3,1,1,0,0,0,0,0,0,0,0,0,0,124,250,0,0,0,0,1,0,0,0,23,4,23,300,3,3,0,1,0,battery?,87,OK,308,32697,32697
,gui,,CONTROL_PANEL,52795,70,2,1,1,2594,12,5176,5176,26426,26369,1,0,1,0,0,5176,0,238,0,5176,5176,0,1,0,takeoff,telemetry_confirmed(takeoff before_h=0 before_tof=10 after_h=80 after_tof=86 wait_ms=0),TIMEOUT,manual,,attempt=1|send=OK|raw=ok|parsed=OK,executor_call=1|command=takeoff|result=TIMEOUT|response=|elapsed_ms=5176|timing_total_ms=5176|recv_wait_ms=5176|attempt_log=[attempt=1|send=OK|raw=|result=TIMEOUT],427,427,0,4,0,22.4095,18.2558,80,44,2494,1842,346,5,3,3,OK,100,1,80,82,111.11,0,73,71,73,438,2100100,0,0,0,7.70367,37,19,-1,0,0,0,0,0,0,OK,100,OK,100,1,telemetry=OK; video=OK; command=OK; rc=OK,OK,OK,OK,OK,51,50,0,-1,0,438,2100100,28,0,0,0,0,0,0,0,0,0,0,28,0,7.70367,960,720,0,0,1,1,OK,0,streamon,1,vision:ffmpeg_stream,,,CONNECTED,0,pitch,0,1,1,0,0,0,0,0,0,0,0,0,0,124,249,0,0,0,0,0,0,0,0,24,4,23,300,3,3,0,1,0,battery?,87,OK,308,33822,33822
,gui,,CONTROL_PANEL,53795,71,2,1,1,2594,12,5176,5176,26426,27369,1,0,1,0,0,5176,0,238,0,5176,5176,0,1,0,takeoff,telemetry_confirmed(takeoff before_h=0 before_tof=10 after_h=80 after_tof=86 wait_ms=0),TIMEOUT,manual,,attempt=1|send=OK|raw=ok|parsed=OK,executor_call=1|command=takeoff|result=TIMEOUT|response=|elapsed_ms=5176|timing_total_ms=5176|recv_wait_ms=5176|attempt_log=[attempt=1|send=OK|raw=|result=TIMEOUT],437,437,0,4,0,22.0827,15.7713,98,45,2494,1842,346,5,3,3,OK,100,1,80,86,111.18,0,73,70,73,454,2166224,0,0,0,7.70367,1038,16,-1,0,0,0,0,0,0,STALE,0,STALE,0,0,telemetry=OK; video=STALE; command=OK; rc=OK,OK,STALE,OK,OK,51,50,0,-1,0,454,2166224,28,0,0,0,0,0,0,0,0,0,0,28,0,7.70367,960,720,0,0,1,1,OK,0,streamon,1,vision:ffmpeg_stream,,,CONNECTED,0,pitch,0,1,1,0,0,0,0,0,0,0,0,0,0,124,249,0,0,0,0,1,0,0,0,24,4,24,300,3,3,0,1,0,battery?,87,OK,308,34822,34822
,gui,,CONTROL_PANEL,54795,72,2,1,1,2594,12,5176,5176,26426,28369,1,0,1,0,0,5176,0,238,0,5176,5176,0,1,0,takeoff,telemetry_confirmed(takeoff before_h=0 before_tof=10 after_h=80 after_tof=86 wait_ms=0),TIMEOUT,manual,,attempt=1|send=OK|raw=ok|parsed=OK,executor_call=1|command=takeoff|result=TIMEOUT|response=|elapsed_ms=5176|timing_total_ms=5176|recv_wait_ms=5176|attempt_log=[attempt=1|send=OK|raw=|result=TIMEOUT],447,447,0,4,0,9.1181,12.2844,75,109,2494,1842,346,5,3,3,OK,100,1,80,85,111.06,0,72,71,73,470,2232940,0,0,0,6.34166,919,16,-1,0,0,0,0,0,0,STALE,0,STALE,0,0,telemetry=OK; video=STALE; command=OK; rc=OK,OK,STALE,OK,OK,50,50,0,-1,0,470,2232940,29,0,0,0,0,0,0,0,0,0,0,29,0,6.34166,960,720,0,0,1,1,OK,0,streamon,1,vision:ffmpeg_stream,,,CONNECTED,0,pitch,0,1,1,0,0,0,0,0,0,0,0,0,0,125,250,0,0,0,0,0,0,0,0,25,4,25,300,3,3,0,1,0,battery?,87,OK,308,35822,35822
,gui,,CONTROL_PANEL,55921,73,2,1,1,2594,12,5176,5176,26426,29495,1,0,1,0,0,5176,0,238,0,5176,5176,0,1,0,takeoff,telemetry_confirmed(takeoff before_h=0 before_tof=10 after_h=80 after_tof=86 wait_ms=0),TIMEOUT,manual,,attempt=1|send=OK|raw=ok|parsed=OK,executor_call=1|command=takeoff|result=TIMEOUT|response=|elapsed_ms=5176|timing_total_ms=5176|recv_wait_ms=5176|attempt_log=[attempt=1|send=OK|raw=|result=TIMEOUT],458,458,0,4,0,10.1334,50.992,83,98,2494,1842,346,5,3,3,OK,100,1,80,83,111.09,0,72,71,74,488,2308175,0,0,0,6.34166,2044,18,-1,0,0,0,0,0,0,STALE,0,STALE,0,0,telemetry=OK; video=STALE; command=OK; rc=OK,OK,STALE,OK,OK,50,50,0,-1,0,488,2308175,29,0,0,0,0,0,0,0,0,0,0,29,0,6.34166,960,720,0,0,1,1,OK,0,streamon,1,vision:ffmpeg_stream,,,CONNECTED,0,pitch,3,1,1,0,0,0,0,0,0,0,0,0,0,125,249,0,0,0,0,1,0,0,0,25,4,25,300,3,3,0,1,0,battery?,87,OK,308,36948,36948
,gui,,CONTROL_PANEL,56921,74,2,1,1,2594,12,5176,5176,26426,30495,1,0,1,0,0,5176,0,238,0,5176,5176,0,1,0,takeoff,telemetry_confirmed(takeoff before_h=0 before_tof=10 after_h=80 after_tof=86 wait_ms=0),TIMEOUT,manual,,attempt=1|send=OK|raw=ok|parsed=OK,executor_call=1|command=takeoff|result=TIMEOUT|response=|elapsed_ms=5176|timing_total_ms=5176|recv_wait_ms=5176|attempt_log=[attempt=1|send=OK|raw=|result=TIMEOUT],466,466,0,4,0,5.29822,16.5912,169,188,2494,1842,346,5,3,3,OK,100,1,80,83,111.17,0,72,71,74,504,2374029,0,0,0,6.34166,3045,18,-1,0,0,0,0,0,0,STALE,0,STALE,0,0,telemetry=OK; video=STALE; command=OK; rc=OK,OK,STALE,OK,OK,50,50,0,-1,0,488,2308175,29,0,0,0,0,0,0,0,0,0,0,29,0,6.34166,960,720,0,0,1,1,OK,0,streamon,1,log,2026-07-06T18:56:38.779,vision recovery queued | last_frame_age_ms=3044,CONNECTED,0,pitch,1,1,1,0,0,0,0,0,0,0,0,0,0,124,249,0,0,0,0,0,0,0,0,25,4,25,300,3,3,0,1,0,battery?,87,OK,308,37948,37948
,gui,,CONTROL_PANEL,56922,75,2,1,1,2594,12,5176,5176,26426,30496,1,0,1,0,0,5176,0,238,0,5176,5176,0,1,0,takeoff,telemetry_confirmed(takeoff before_h=0 before_tof=10 after_h=80 after_tof=86 wait_ms=0),TIMEOUT,manual,,attempt=1|send=OK|raw=ok|parsed=OK,executor_call=1|command=takeoff|result=TIMEOUT|response=|elapsed_ms=5176|timing_total_ms=5176|recv_wait_ms=5176|attempt_log=[attempt=1|send=OK|raw=|result=TIMEOUT],466,466,0,4,0,5.29822,16.5912,170,188,2494,1842,346,5,3,3,OK,100,1,80,83,111.17,0,72,71,74,504,2374029,0,0,0,6.34166,3046,18,-1,0,0,0,0,0,0,STALE,0,STALE,0,0,telemetry=OK; video=STALE; command=OK; rc=OK,OK,STALE,OK,OK,50,50,0,-1,0,488,2308175,29,0,0,0,0,0,0,0,0,0,0,29,0,6.34166,960,720,0,0,1,1,OK,0,streamon,1,log,2026-07-06T18:56:38.781,vision recovery => OK | stage=streamon | command_channel=available | hard=no | video_restart=no,CONNECTED,0,pitch,0,1,1,0,0,0,0,0,0,0,0,0,0,124,249,1,0,0,0,0,0,0,0,25,4,25,300,3,3,0,1,0,battery?,87,OK,308,37949,37949
,gui,,CONTROL_PANEL,56922,76,2,1,1,2594,12,5176,5176,26426,30496,1,0,1,0,0,5176,0,238,0,5176,5176,0,1,0,takeoff,telemetry_confirmed(takeoff before_h=0 before_tof=10 after_h=80 after_tof=86 wait_ms=0),TIMEOUT,manual,,attempt=1|send=OK|raw=ok|parsed=OK,executor_call=1|command=takeoff|result=TIMEOUT|response=|elapsed_ms=5176|timing_total_ms=5176|recv_wait_ms=5176|attempt_log=[attempt=1|send=OK|raw=|result=TIMEOUT],466,466,0,4,0,5.29822,16.5912,170,188,2494,1842,346,5,3,3,OK,100,1,80,83,111.17,0,72,71,74,504,2374029,0,0,0,6.34166,3046,0,-1,0,0,0,0,0,0,STALE,0,STALE,0,0,telemetry=OK; video=STALE; command=OK; rc=OK,OK,STALE,OK,OK,50,50,0,-1,0,504,2374029,29,0,0,0,0,0,0,0,0,0,0,29,0,6.34166,960,720,0,0,1,1,OK,0,streamon,1,vision_recovery,,,CONNECTED,0,pitch,0,1,1,0,0,0,0,0,0,0,0,0,0,124,249,1,0,0,0,0,0,0,0,25,4,25,300,3,3,0,1,0,battery?,87,OK,308,37949,37949
,gui,,CONTROL_PANEL,57045,77,2,1,1,2594,12,5176,5176,26426,30619,1,0,1,0,0,5176,0,238,0,5176,5176,0,1,0,takeoff,telemetry_confirmed(takeoff before_h=0 before_tof=10 after_h=80 after_tof=86 wait_ms=0),TIMEOUT,manual,,attempt=1|send=OK|raw=ok|parsed=OK,executor_call=1|command=takeoff|result=TIMEOUT|response=|elapsed_ms=5176|timing_total_ms=5176|recv_wait_ms=5176|attempt_log=[attempt=1|send=OK|raw=|result=TIMEOUT],467,467,0,4,0,5.61397,14.3958,115,178,2494,1842,346,5,3,3,OK,100,1,80,82,110.71,0,72,71,74,506,2382041,0,0,0,6.34166,3169,18,-1,0,0,0,0,0,0,STALE,0,STALE,0,0,telemetry=OK; video=STALE; command=OK; rc=OK,OK,STALE,OK,OK,50,50,0,-1,0,506,2382041,29,0,0,0,0,0,0,0,0,0,0,29,0,6.34166,960,720,0,0,1,1,OK,0,streamon,1,vision:ffmpeg_stream,,,CONNECTED,0,pitch,0,1,1,0,0,0,0,0,0,0,0,0,0,125,249,1,0,0,0,0,0,0,0,25,4,25,300,3,3,0,1,0,battery?,87,OK,308,38072,38072
,gui,,CONTROL_PANEL,58045,78,2,1,1,2594,12,5176,5176,26426,31619,1,0,1,0,0,5176,0,238,0,5176,5176,0,1,0,takeoff,telemetry_confirmed(takeoff before_h=0 before_tof=10 after_h=80 after_tof=86 wait_ms=0),TIMEOUT,manual,,attempt=1|send=OK|raw=ok|parsed=OK,executor_call=1|command=takeoff|result=TIMEOUT|response=|elapsed_ms=5176|timing_total_ms=5176|recv_wait_ms=5176|attempt_log=[attempt=1|send=OK|raw=|result=TIMEOUT],480,480,0,4,0,119.347,55.0975,26,8,2494,1842,346,5,3,3,OK,100,1,80,81,110.66,0,71,72,74,522,2449006,0,0,0,5.12179,42,16,-1,0,0,0,0,0,0,OK,100,OK,100,1,telemetry=OK; video=OK; command=OK; rc=OK,OK,OK,OK,OK,50,50,0,-1,0,522,2449006,30,0,0,0,0,0,0,0,0,0,0,30,0,5.12179,960,720,0,0,1,1,OK,0,streamon,1,vision:ffmpeg_stream,,,CONNECTED,0,pitch,2,1,1,0,0,0,0,0,0,0,0,0,0,124,250,0,0,0,0,1,0,0,0,26,4,25,300,3,3,0,1,0,battery?,87,OK,308,39072,39072
,gui,,CONTROL_PANEL,59045,79,2,1,1,2594,12,5176,5176,26426,32619,1,0,1,0,0,5176,0,238,0,5176,5176,0,1,0,takeoff,telemetry_confirmed(takeoff before_h=0 before_tof=10 after_h=80 after_tof=86 wait_ms=0),TIMEOUT,manual,,attempt=1|send=OK|raw=ok|parsed=OK,executor_call=1|command=takeoff|result=TIMEOUT|response=|elapsed_ms=5176|timing_total_ms=5176|recv_wait_ms=5176|attempt_log=[attempt=1|send=OK|raw=|result=TIMEOUT],490,490,0,4,0,36.2736,20.6633,25,27,2494,1842,346,5,3,3,OK,100,1,80,88,110.82,0,71,72,74,538,2515728,0,0,0,4.30081,59,16,-1,0,0,0,0,0,0,OK,100,OK,100,1,telemetry=OK; video=OK; command=OK; rc=OK,OK,OK,OK,OK,50,50,0,-1,0,538,2515728,31,0,0,0,0,0,0,0,0,0,0,31,0,4.30081,960,720,0,0,1,1,OK,0,streamon,1,vision:ffmpeg_stream,,,CONNECTED,0,pitch,2,1,1,0,0,0,0,0,0,0,0,0,0,124,249,0,0,0,0,1,0,0,0,27,4,26,300,3,3,0,1,0,battery?,87,OK,308,40072,40072
,gui,,CONTROL_PANEL,60045,80,2,1,1,2594,12,5176,5176,26426,33619,1,0,1,0,0,5176,0,238,0,5176,5176,0,1,0,takeoff,telemetry_confirmed(takeoff before_h=0 before_tof=10 after_h=80 after_tof=86 wait_ms=0),TIMEOUT,manual,,attempt=1|send=OK|raw=ok|parsed=OK,executor_call=1|command=takeoff|result=TIMEOUT|response=|elapsed_ms=5176|timing_total_ms=5176|recv_wait_ms=5176|attempt_log=[attempt=1|send=OK|raw=|result=TIMEOUT],498,498,0,4,0,13.6097,35.3556,160,73,2494,1842,346,5,3,3,OK,100,1,90,89,111.07,0,71,73,74,555,2586167,0,0,0,4.30081,1059,17,-1,0,0,0,0,0,0,STALE,0,STALE,0,0,telemetry=OK; video=STALE; command=OK; rc=OK,OK,STALE,OK,OK,50,50,0,-1,0,555,2586167,31,0,0,0,0,0,0,0,0,0,0,31,0,4.30081,960,720,0,0,1,1,OK,0,streamon,1,vision:ffmpeg_stream,,,CONNECTED,0,pitch,0,1,1,0,0,0,0,0,0,0,0,0,0,125,250,0,0,0,0,1,0,0,0,27,4,27,300,3,3,0,1,0,battery?,87,OK,308,41072,41072
,gui,,CONTROL_PANEL,61170,81,2,1,1,2594,12,5176,5176,26426,34744,1,0,1,0,0,5176,0,238,0,5176,5176,0,1,0,takeoff,telemetry_confirmed(takeoff before_h=0 before_tof=10 after_h=80 after_tof=86 wait_ms=0),TIMEOUT,manual,,attempt=1|send=OK|raw=ok|parsed=OK,executor_call=1|command=takeoff|result=TIMEOUT|response=|elapsed_ms=5176|timing_total_ms=5176|recv_wait_ms=5176|attempt_log=[attempt=1|send=OK|raw=|result=TIMEOUT],508,508,0,4,0,16.959,18.4054,270,58,2494,1842,346,5,3,3,DEGRADED,60,1,70,72,110.79,0,71,73,74,570,2646965,0,0,0,3.54299,229,15,-1,0,0,0,0,0,0,DEGRADED,60,DEGRADED,60,1,telemetry=DEGRADED; video=DEGRADED; command=OK; rc=OK,DEGRADED,DEGRADED,OK,OK,50,50,0,-1,0,570,2646965,32,0,0,0,0,0,0,0,0,0,0,32,0,3.54299,960,720,0,0,1,1,OK,0,streamon,1,vision:ffmpeg_stream,,,CONNECTED,0,pitch,0,1,1,0,0,0,0,0,0,0,0,0,0,124,249,1,0,0,0,1,0,0,0,28,4,28,300,3,3,0,1,0,battery?,87,OK,308,42197,42197
,gui,,CONTROL_PANEL,62295,82,2,1,1,2594,12,5176,5176,26426,35869,1,0,1,0,0,5176,0,238,0,5176,5176,0,1,0,takeoff,telemetry_confirmed(takeoff before_h=0 before_tof=10 after_h=80 after_tof=86 wait_ms=0),TIMEOUT,manual,,attempt=1|send=OK|raw=ok|parsed=OK,executor_call=1|command=takeoff|result=TIMEOUT|response=|elapsed_ms=5176|timing_total_ms=5176|recv_wait_ms=5176|attempt_log=[attempt=1|send=OK|raw=|result=TIMEOUT],508,508,0,5,0,16.959,18.4054,1395,58,2494,1842,346,5,3,3,STALE,0,1,70,72,110.79,0,71,73,74,570,2646965,0,0,0,3.54299,1354,0,-1,0,0,0,0,0,0,STALE,0,STALE,0,0,telemetry=STALE; video=STALE; command=OK; rc=OK,STALE,STALE,OK,OK,50,50,0,-1,0,570,2646965,32,0,0,0,0,0,0,0,0,0,0,32,0,3.54299,960,720,0,0,1,1,OK,0,streamon,1,vision:ffmpeg_stream,,,CONNECTED,0,pitch,0,1,1,0,0,0,0,0,0,0,0,0,0,125,250,0,0,0,0,1,0,0,0,28,4,28,300,3,3,0,1,0,battery?,87,OK,308,43322,43322
,gui,,CONTROL_PANEL,63420,83,2,1,1,2594,12,5176,5176,26426,36994,1,0,1,0,0,5176,0,238,0,5176,5176,0,1,0,takeoff,telemetry_confirmed(takeoff before_h=0 before_tof=10 after_h=80 after_tof=86 wait_ms=0),TIMEOUT,manual,,attempt=1|send=OK|raw=ok|parsed=OK,executor_call=1|command=takeoff|result=TIMEOUT|response=|elapsed_ms=5176|timing_total_ms=5176|recv_wait_ms=5176|attempt_log=[attempt=1|send=OK|raw=|result=TIMEOUT],515,515,0,5,0,10.3005,24.196,14,97,2494,1960,509,6,4,4,OK,100,1,80,85,110.78,0,70,72,75,579,2688697,0,0,0,3.54299,2479,9,-1,0,0,0,0,0,0,STALE,0,STALE,0,0,telemetry=OK; video=STALE; command=OK; rc=OK,OK,STALE,OK,OK,50,50,0,-1,0,579,2688697,32,0,0,0,0,0,0,0,0,0,0,32,0,3.54299,960,720,0,0,1,1,OK,0,streamon,1,vision:ffmpeg_stream,,,CONNECTED,0,pitch,3,1,1,0,0,0,0,0,0,0,0,0,0,124,250,0,0,0,0,0,0,0,0,28,4,28,300,3,3,0,1,0,battery?,87,OK,308,44447,44447
,gui,,CONTROL_PANEL,64420,84,2,1,1,2594,12,5176,5176,26426,37994,1,0,1,0,0,5176,0,238,0,5176,5176,0,1,0,takeoff,telemetry_confirmed(takeoff before_h=0 before_tof=10 after_h=80 after_tof=86 wait_ms=0),TIMEOUT,manual,,attempt=1|send=OK|raw=ok|parsed=OK,executor_call=1|command=takeoff|result=TIMEOUT|response=|elapsed_ms=5176|timing_total_ms=5176|recv_wait_ms=5176|attempt_log=[attempt=1|send=OK|raw=|result=TIMEOUT],523,523,0,5,0,10.4005,12.7673,86,96,2494,1960,509,6,4,4,OK,100,1,80,78,110.55,0,70,72,77,595,2755479,0,0,0,2.90621,694,16,-1,0,0,0,0,0,0,STALE,0,STALE,0,0,telemetry=OK; video=STALE; command=OK; rc=OK,OK,STALE,OK,OK,50,50,0,-1,0,595,2755479,33,0,0,0,0,0,0,0,0,0,0,33,0,2.90621,960,720,0,0,1,1,OK,0,streamon,1,vision:ffmpeg_stream,,,CONNECTED,0,pitch,2,1,1,0,0,0,0,0,0,0,0,0,0,125,249,0,0,0,0,0,0,0,0,29,4,29,300,3,3,0,1,0,battery?,87,OK,308,45447,45447
,gui,,CONTROL_PANEL,65545,85,2,1,1,2594,12,5176,5176,26426,39119,1,0,1,0,0,5176,0,238,0,5176,5176,0,1,0,takeoff,telemetry_confirmed(takeoff before_h=0 before_tof=10 after_h=80 after_tof=86 wait_ms=0),TIMEOUT,manual,,attempt=1|send=OK|raw=ok|parsed=OK,executor_call=1|command=takeoff|result=TIMEOUT|response=|elapsed_ms=5176|timing_total_ms=5176|recv_wait_ms=5176|attempt_log=[attempt=1|send=OK|raw=|result=TIMEOUT],534,534,0,5,0,17.2057,17.6189,132,58,2494,1960,509,6,4,4,OK,100,1,80,75,110.63,0,70,73,76,613,2830196,0,0,0,3.01914,617,18,-1,0,0,0,0,0,0,STALE,0,STALE,0,0,telemetry=OK; video=STALE; command=OK; rc=OK,OK,STALE,OK,OK,50,50,0,-1,0,613,2830196,35,0,0,0,0,0,0,0,0,0,0,35,0,3.01914,960,720,0,0,1,1,OK,0,streamon,1,vision:ffmpeg_stream,,,CONNECTED,0,pitch,0,1,1,0,0,0,0,0,0,0,0,0,0,124,250,0,0,0,0,1,0,0,0,31,4,31,300,3,3,0,1,0,battery?,87,OK,308,46572,46572
,gui,,CONTROL_PANEL,66545,86,2,1,1,2594,12,5176,5176,26426,40119,1,0,1,0,0,5176,0,238,0,5176,5176,0,1,0,takeoff,telemetry_confirmed(takeoff before_h=0 before_tof=10 after_h=80 after_tof=86 wait_ms=0),TIMEOUT,manual,,attempt=1|send=OK|raw=ok|parsed=OK,executor_call=1|command=takeoff|result=TIMEOUT|response=|elapsed_ms=5176|timing_total_ms=5176|recv_wait_ms=5176|attempt_log=[attempt=1|send=OK|raw=|result=TIMEOUT],544,544,0,5,0,8.84637,12.1183,111,113,2494,1960,509,6,4,4,OK,100,1,70,76,110.84,0,70,73,75,630,2900609,0,0,0,2.60968,589,17,-1,0,0,0,0,0,0,STALE,0,STALE,0,0,telemetry=OK; video=STALE; command=OK; rc=OK,OK,STALE,OK,OK,50,50,0,-1,0,630,2900609,36,0,0,0,0,0,0,0,0,0,0,36,0,2.60968,960,720,0,0,1,1,OK,0,streamon,1,vision:ffmpeg_stream,,,CONNECTED,0,pitch,0,1,1,0,0,0,0,0,0,0,0,0,0,125,250,0,0,0,0,0,0,0,0,32,4,32,300,3,3,0,1,0,battery?,87,OK,308,47572,47572
,gui,,CONTROL_PANEL,67669,87,2,1,1,2594,12,5176,5176,26426,41243,1,0,1,0,0,5176,0,238,0,5176,5176,0,1,0,takeoff,telemetry_confirmed(takeoff before_h=0 before_tof=10 after_h=80 after_tof=86 wait_ms=0),TIMEOUT,manual,,attempt=1|send=OK|raw=ok|parsed=OK,executor_call=1|command=takeoff|result=TIMEOUT|response=|elapsed_ms=5176|timing_total_ms=5176|recv_wait_ms=5176|attempt_log=[attempt=1|send=OK|raw=|result=TIMEOUT],556,556,0,5,0,9.11872,11.682,51,109,2494,1960,509,6,4,4,OK,100,1,80,90,110.78,0,70,73,75,648,2975440,0,0,0,2.60968,1713,18,-1,0,0,0,0,0,0,STALE,0,STALE,0,0,telemetry=OK; video=STALE; command=OK; rc=OK,OK,STALE,OK,OK,50,50,0,-1,0,648,2975440,36,0,0,0,0,0,0,0,0,0,0,36,0,2.60968,960,720,0,0,1,1,OK,0,streamon,1,vision:ffmpeg_stream,,,CONNECTED,0,pitch,2,1,1,0,0,0,0,0,0,0,0,0,0,124,249,0,0,0,0,0,0,0,0,32,4,32,300,3,3,0,1,0,battery?,87,OK,308,48697,48697
,gui,,CONTROL_PANEL,68670,88,2,1,1,2594,12,5176,5176,26426,42244,1,0,1,0,0,5176,0,238,0,5176,5176,0,1,0,takeoff,telemetry_confirmed(takeoff before_h=0 before_tof=10 after_h=80 after_tof=86 wait_ms=0),TIMEOUT,manual,,attempt=1|send=OK|raw=ok|parsed=OK,executor_call=1|command=takeoff|result=TIMEOUT|response=|elapsed_ms=5176|timing_total_ms=5176|recv_wait_ms=5176|attempt_log=[attempt=1|send=OK|raw=|result=TIMEOUT],566,566,0,5,0,8.94201,12.33,76,111,2494,1960,509,6,4,4,OK,100,1,80,89,111.28,0,69,73,76,665,3046391,0,0,0,2.19145,785,17,-1,0,0,0,0,0,0,STALE,0,STALE,0,0,telemetry=OK; video=STALE; command=OK; rc=OK,OK,STALE,OK,OK,50,50,0,-1,0,665,3046391,37,0,0,0,0,0,0,0,0,0,0,37,0,2.19145,960,720,0,0,1,1,OK,0,streamon,1,vision:ffmpeg_stream,,,CONNECTED,0,pitch,2,1,1,0,0,0,0,0,0,0,0,0,0,125,249,0,0,0,0,0,0,0,0,33,4,33,300,3,3,0,1,0,battery?,87,OK,308,49697,49697
,gui,,CONTROL_PANEL,69670,89,2,1,1,2594,12,5176,5176,26426,43244,1,0,1,0,0,5176,0,238,0,5176,5176,0,1,0,takeoff,telemetry_confirmed(takeoff before_h=0 before_tof=10 after_h=80 after_tof=86 wait_ms=0),TIMEOUT,manual,,attempt=1|send=OK|raw=ok|parsed=OK,executor_call=1|command=takeoff|result=TIMEOUT|response=|elapsed_ms=5176|timing_total_ms=5176|recv_wait_ms=5176|attempt_log=[attempt=1|send=OK|raw=|result=TIMEOUT],576,576,0,5,0,7.58269,11.6542,35,131,2494,1960,509,6,4,4,OK,100,1,80,86,111.16,0,69,72,75,682,3118056,0,0,0,2.19145,1785,17,-1,0,0,0,0,0,0,STALE,0,STALE,0,0,telemetry=OK; video=STALE; command=OK; rc=OK,OK,STALE,OK,OK,50,50,0,-1,0,682,3118056,37,0,0,0,0,0,0,0,0,0,0,37,0,2.19145,960,720,0,0,1,1,OK,0,streamon,1,vision:ffmpeg_stream,,,CONNECTED,0,pitch,2,1,1,0,0,0,0,0,0,0,0,0,0,124,249,0,0,0,0,0,0,0,0,33,4,33,300,3,3,0,1,0,battery?,87,OK,308,50697,50697
,gui,,CONTROL_PANEL,70795,90,2,1,1,2594,12,5176,5176,26426,44369,1,0,1,0,0,5176,0,238,0,5176,5176,0,1,0,takeoff,telemetry_confirmed(takeoff before_h=0 before_tof=10 after_h=80 after_tof=86 wait_ms=0),TIMEOUT,manual,,attempt=1|send=OK|raw=ok|parsed=OK,executor_call=1|command=takeoff|result=TIMEOUT|response=|elapsed_ms=5176|timing_total_ms=5176|recv_wait_ms=5176|attempt_log=[attempt=1|send=OK|raw=|result=TIMEOUT],587,587,0,5,0,5.99193,27.9549,7,166,2494,1960,509,6,4,4,OK,100,1,80,82,110.83,0,69,74,76,701,3196893,0,0,0,2.19145,2911,19,-1,0,0,0,0,0,0,STALE,0,STALE,0,0,telemetry=OK; video=STALE; command=OK; rc=OK,OK,STALE,OK,OK,50,50,0,-1,0,701,3196893,37,0,0,0,0,0,0,0,0,0,0,37,0,2.19145,960,720,0,0,1,1,OK,0,streamon,1,vision:ffmpeg_stream,,,CONNECTED,0,pitch,1,1,1,0,0,0,0,0,0,0,0,0,0,125,250,0,0,0,0,0,0,0,0,33,4,33,300,3,3,0,1,0,battery?,87,OK,308,51822,51822
,gui,,CONTROL_PANEL,71920,91,2,1,1,2594,12,5176,5176,26426,45494,1,0,1,0,0,5176,0,238,0,5176,5176,0,1,0,takeoff,telemetry_confirmed(takeoff before_h=0 before_tof=10 after_h=80 after_tof=86 wait_ms=0),TIMEOUT,manual,,attempt=1|send=OK|raw=ok|parsed=OK,executor_call=1|command=takeoff|result=TIMEOUT|response=|elapsed_ms=5176|timing_total_ms=5176|recv_wait_ms=5176|attempt_log=[attempt=1|send=OK|raw=|result=TIMEOUT],599,599,0,5,0,12.8519,21.7482,24,77,2494,1960,509,6,4,4,OK,100,1,80,85,110.86,0,69,73,77,719,3270323,0,0,0,1.64602,27,18,-1,0,0,0,0,0,0,OK,100,OK,100,1,telemetry=OK; video=OK; command=OK; rc=OK,OK,OK,OK,OK,50,50,0,-1,0,719,3270323,39,0,0,0,0,0,0,0,0,0,0,39,0,1.64602,960,720,0,0,1,1,OK,0,streamon,1,vision:ffmpeg_stream,,,CONNECTED,0,pitch,3,1,1,0,0,0,0,0,0,0,0,0,0,124,249,0,0,0,0,0,0,0,0,35,4,34,300,3,3,0,1,0,battery?,87,OK,308,52947,52947
,gui,,CONTROL_PANEL,72920,92,2,1,1,2594,12,5176,5176,26426,46494,1,0,1,0,0,5176,0,238,0,5176,5176,0,1,0,takeoff,telemetry_confirmed(takeoff before_h=0 before_tof=10 after_h=80 after_tof=86 wait_ms=0),TIMEOUT,manual,,attempt=1|send=OK|raw=ok|parsed=OK,executor_call=1|command=takeoff|result=TIMEOUT|response=|elapsed_ms=5176|timing_total_ms=5176|recv_wait_ms=5176|attempt_log=[attempt=1|send=OK|raw=|result=TIMEOUT],608,608,0,5,0,10.5493,12.1205,101,94,2494,1960,509,6,4,4,OK,100,1,80,84,110.85,0,69,73,76,736,3341646,0,0,0,16.8025,82,17,-1,0,0,0,0,0,0,OK,100,OK,100,1,telemetry=OK; video=OK; command=OK; rc=OK,OK,OK,OK,OK,50,50,0,-1,0,736,3341646,55,0,0,0,0,0,0,0,0,0,0,55,0,16.8025,960,720,0,0,1,1,OK,0,streamon,1,vision:ffmpeg_stream,,,CONNECTED,0,pitch,2,1,1,0,0,0,0,0,0,0,0,0,0,124,250,1,0,0,0,0,0,0,0,43,12,42,300,3,3,0,1,0,battery?,87,OK,308,53947,53947
,gui,,CONTROL_PANEL,74045,93,2,1,1,2594,12,5176,5176,26426,47619,1,0,1,0,0,5176,0,238,0,5176,5176,0,1,0,takeoff,telemetry_confirmed(takeoff before_h=0 before_tof=10 after_h=80 after_tof=86 wait_ms=0),TIMEOUT,manual,,attempt=1|send=OK|raw=ok|parsed=OK,executor_call=1|command=takeoff|result=TIMEOUT|response=|elapsed_ms=5176|timing_total_ms=5176|recv_wait_ms=5176|attempt_log=[attempt=1|send=OK|raw=|result=TIMEOUT],619,619,0,5,0,8.43596,35.9715,112,118,2494,1960,509,6,4,4,OK,100,1,80,81,110.87,0,69,75,76,755,3419432,0,0,0,16.8025,1207,19,-1,0,0,0,0,0,0,STALE,0,STALE,0,0,telemetry=OK; video=STALE; command=OK; rc=OK,OK,STALE,OK,OK,50,50,0,-1,0,755,3419432,55,0,0,0,0,0,0,0,0,0,0,55,0,16.8025,960,720,0,0,1,1,OK,0,streamon,1,vision:ffmpeg_stream,,,CONNECTED,0,pitch,0,1,1,0,0,0,0,0,0,0,0,0,0,124,250,0,0,0,0,0,0,0,0,43,12,43,300,3,3,0,1,0,battery?,87,OK,308,55072,55072
,gui,,CONTROL_PANEL,75169,94,2,1,1,2594,12,5176,5176,26426,48743,1,0,1,0,0,5176,0,238,0,5176,5176,0,1,0,takeoff,telemetry_confirmed(takeoff before_h=0 before_tof=10 after_h=80 after_tof=86 wait_ms=0),TIMEOUT,manual,,attempt=1|send=OK|raw=ok|parsed=OK,executor_call=1|command=takeoff|result=TIMEOUT|response=|elapsed_ms=5176|timing_total_ms=5176|recv_wait_ms=5176|attempt_log=[attempt=1|send=OK|raw=|result=TIMEOUT],631,631,0,5,0,23.5511,15.4213,79,42,2494,1960,509,6,4,4,OK,100,1,80,78,110.89,0,69,74,77,774,3498205,0,0,0,13.5443,378,19,-1,0,0,0,0,0,0,DEGRADED,60,DEGRADED,60,1,telemetry=OK; video=DEGRADED; command=OK; rc=OK,OK,DEGRADED,OK,OK,50,50,0,-1,0,774,3498205,56,0,0,0,0,0,0,0,0,0,0,56,0,13.5443,960,720,0,0,1,1,OK,0,streamon,1,vision:ffmpeg_stream,,,CONNECTED,0,pitch,2,1,1,0,0,0,0,0,0,0,0,0,0,124,250,0,0,0,0,0,0,0,0,44,12,44,300,3,3,0,1,0,battery?,87,OK,308,56197,56197
,gui,,CONTROL_PANEL,76170,95,2,1,1,2594,12,5176,5176,26426,49744,1,0,1,0,0,5176,0,238,0,5176,5176,0,1,0,takeoff,telemetry_confirmed(takeoff before_h=0 before_tof=10 after_h=80 after_tof=86 wait_ms=0),TIMEOUT,manual,,attempt=1|send=OK|raw=ok|parsed=OK,executor_call=1|command=takeoff|result=TIMEOUT|response=|elapsed_ms=5176|timing_total_ms=5176|recv_wait_ms=5176|attempt_log=[attempt=1|send=OK|raw=|result=TIMEOUT],641,641,0,5,0,206.458,55.3652,121,4,2494,315,635,7,4,4,OK,100,1,80,82,110.82,0,68,74,76,789,3560579,0,0,0,11.0066,210,15,-1,0,0,0,0,0,0,DEGRADED,60,DEGRADED,60,1,telemetry=OK; video=DEGRADED; command=OK; rc=OK,OK,DEGRADED,OK,OK,50,50,0,-1,0,789,3560579,57,0,0,0,0,0,0,0,0,0,0,57,0,11.0066,960,720,0,0,1,1,OK,0,streamon,1,vision:ffmpeg_stream,,,CONNECTED,0,pitch,2,1,1,0,0,0,0,0,0,0,0,0,0,125,250,1,0,0,0,0,0,0,0,45,12,45,300,3,3,0,1,0,battery?,87,OK,308,57197,57197
,gui,,CONTROL_PANEL,77295,96,2,1,1,2594,12,5176,5176,26426,50869,1,0,1,0,0,5176,0,238,0,5176,5176,0,1,0,takeoff,telemetry_confirmed(takeoff before_h=0 before_tof=10 after_h=80 after_tof=86 wait_ms=0),TIMEOUT,manual,,attempt=1|send=OK|raw=ok|parsed=OK,executor_call=1|command=takeoff|result=TIMEOUT|response=|elapsed_ms=5176|timing_total_ms=5176|recv_wait_ms=5176|attempt_log=[attempt=1|send=OK|raw=|result=TIMEOUT],652,652,0,5,0,213.198,74.9152,21,4,2494,315,635,7,4,4,OK,100,1,80,83,110.93,0,68,75,78,809,3642109,0,0,0,9.01288,371,20,-1,0,0,0,0,0,0,DEGRADED,60,DEGRADED,60,1,telemetry=OK; video=DEGRADED; command=OK; rc=OK,OK,DEGRADED,OK,OK,50,50,0,-1,0,809,3642109,58,0,0,0,0,0,0,0,0,0,0,58,0,9.01288,960,720,0,0,1,1,OK,0,streamon,1,vision:ffmpeg_stream,,,CONNECTED,0,pitch,2,1,1,0,0,0,0,0,0,0,0,0,0,125,250,0,0,0,0,0,0,0,0,46,12,46,300,3,3,0,1,0,battery?,87,OK,308,58322,58322
,gui,,CONTROL_PANEL,78420,97,2,1,1,2594,12,5176,5176,26426,51994,1,0,1,0,0,5176,0,238,0,5176,5176,0,1,0,takeoff,telemetry_confirmed(takeoff before_h=0 before_tof=10 after_h=80 after_tof=86 wait_ms=0),TIMEOUT,manual,,attempt=1|send=OK|raw=ok|parsed=OK,executor_call=1|command=takeoff|result=TIMEOUT|response=|elapsed_ms=5176|timing_total_ms=5176|recv_wait_ms=5176|attempt_log=[attempt=1|send=OK|raw=|result=TIMEOUT],663,663,0,5,0,23.3944,25.5309,150,42,2494,315,635,7,4,4,OK,100,1,80,79,110.86,0,68,75,78,827,3716789,0,0,0,9.01288,1496,18,-1,0,0,0,0,0,0,STALE,0,STALE,0,0,telemetry=OK; video=STALE; command=OK; rc=OK,OK,STALE,OK,OK,50,50,0,-1,0,827,3716789,58,0,0,0,0,0,0,0,0,0,0,58,0,9.01288,960,720,0,0,1,1,OK,0,streamon,1,vision:ffmpeg_stream,,,CONNECTED,0,pitch,2,1,1,0,0,0,0,0,0,0,0,0,0,125,249,0,0,0,0,0,0,0,0,46,12,46,300,3,3,0,1,0,battery?,87,OK,308,59447,59447
,gui,,CONTROL_PANEL,79420,98,2,1,1,2594,12,5176,5176,26426,52994,1,0,1,0,0,5176,0,238,0,5176,5176,0,1,0,takeoff,telemetry_confirmed(takeoff before_h=0 before_tof=10 after_h=80 after_tof=86 wait_ms=0),TIMEOUT,manual,,attempt=1|send=OK|raw=ok|parsed=OK,executor_call=1|command=takeoff|result=TIMEOUT|response=|elapsed_ms=5176|timing_total_ms=5176|recv_wait_ms=5176|attempt_log=[attempt=1|send=OK|raw=|result=TIMEOUT],673,673,0,5,0,12.9975,13.8985,102,76,2494,315,635,7,4,4,OK,100,1,80,83,110.82,0,68,76,77,843,3783211,0,0,0,7.31472,581,16,-1,0,0,0,0,0,0,STALE,0,STALE,0,0,telemetry=OK; video=STALE; command=OK; rc=OK,OK,STALE,OK,OK,50,50,0,-1,0,843,3783211,59,0,0,0,0,0,0,0,0,0,0,59,0,7.31472,960,720,0,0,1,1,OK,0,streamon,1,vision:ffmpeg_stream,,,CONNECTED,0,pitch,2,1,1,0,0,0,0,0,0,0,0,0,0,124,250,0,0,0,0,0,0,0,0,47,12,47,300,3,3,0,1,0,battery?,87,OK,308,60447,60447
,gui,,CONTROL_PANEL,80420,99,2,1,1,2594,12,5176,5176,26426,53994,1,0,1,0,0,5176,0,238,0,5176,5176,0,1,0,takeoff,telemetry_confirmed(takeoff before_h=0 before_tof=10 after_h=80 after_tof=86 wait_ms=0),TIMEOUT,manual,,attempt=1|send=OK|raw=ok|parsed=OK,executor_call=1|command=takeoff|result=TIMEOUT|response=|elapsed_ms=5176|timing_total_ms=5176|recv_wait_ms=5176|attempt_log=[attempt=1|send=OK|raw=|result=TIMEOUT],683,683,0,5,0,5.81482,10.1363,24,171,2494,315,635,7,4,4,OK,100,1,80,85,110.81,0,68,75,77,859,3849940,0,0,0,6.0461,552,16,-1,0,0,0,0,0,0,STALE,0,STALE,0,0,telemetry=OK; video=STALE; command=OK; rc=OK,OK,STALE,OK,OK,50,50,0,-1,0,859,3849940,60,0,0,0,0,0,0,0,0,0,0,60,0,6.0461,960,720,0,0,1,1,OK,0,streamon,1,vision:ffmpeg_stream,,,CONNECTED,0,pitch,2,1,1,0,0,0,0,0,0,0,0,0,0,125,250,0,0,0,0,0,0,0,0,48,12,48,300,3,3,0,1,0,battery?,87,OK,308,61448,61448
,gui,,CONTROL_PANEL,81546,100,2,1,1,2594,12,5176,5176,26426,55120,1,0,1,0,0,5176,0,238,0,5176,5176,0,1,0,takeoff,telemetry_confirmed(takeoff before_h=0 before_tof=10 after_h=80 after_tof=86 wait_ms=0),TIMEOUT,manual,,attempt=1|send=OK|raw=ok|parsed=OK,executor_call=1|command=takeoff|result=TIMEOUT|response=|elapsed_ms=5176|timing_total_ms=5176|recv_wait_ms=5176|attempt_log=[attempt=1|send=OK|raw=|result=TIMEOUT],695,695,0,5,0,39.8996,17.3897,14,25,2494,315,635,7,4,4,OK,100,1,80,84,110.76,0,68,75,78,878,3928827,0,0,0,6.0461,1677,19,-1,0,0,0,0,0,0,STALE,0,STALE,0,0,telemetry=OK; video=STALE; command=OK; rc=OK,OK,STALE,OK,OK,50,50,0,-1,0,878,3928827,60,0,0,0,0,0,0,0,0,0,0,60,0,6.0461,960,720,0,0,1,1,OK,0,streamon,1,vision:ffmpeg_stream,,,CONNECTED,0,pitch,2,1,1,0,0,0,0,0,0,0,0,0,0,125,250,0,0,0,0,0,0,0,0,48,12,48,300,3,3,0,1,0,battery?,87,OK,308,62573,62573
,gui,,CONTROL_PANEL,82670,101,2,1,1,2594,12,5176,5176,26426,56244,1,0,1,0,0,5176,0,238,0,5176,5176,0,1,0,takeoff,telemetry_confirmed(takeoff before_h=0 before_tof=10 after_h=80 after_tof=86 wait_ms=0),TIMEOUT,manual,,attempt=1|send=OK|raw=ok|parsed=OK,executor_call=1|command=takeoff|result=TIMEOUT|response=|elapsed_ms=5176|timing_total_ms=5176|recv_wait_ms=5176|attempt_log=[attempt=1|send=OK|raw=|result=TIMEOUT],705,705,0,5,0,5.09088,15.0894,6,196,2494,315,635,7,4,4,OK,100,1,80,89,110.75,0,68,75,78,897,4008213,0,0,0,4.94072,875,19,-1,0,0,0,0,0,0,STALE,0,STALE,0,0,telemetry=OK; video=STALE; command=OK; rc=OK,OK,STALE,OK,OK,51,50,0,-1,0,897,4008213,61,0,0,0,0,0,0,0,0,0,0,61,0,4.94072,960,720,0,0,1,1,OK,0,streamon,1,vision:ffmpeg_stream,,,CONNECTED,0,pitch,1,1,1,0,0,0,0,0,0,0,0,0,0,124,249,0,0,0,0,0,0,0,0,49,12,49,300,3,3,0,1,0,battery?,87,OK,308,63697,63697
,gui,,CONTROL_PANEL,83670,102,2,1,1,2594,12,5176,5176,26426,57244,1,0,1,0,0,5176,0,238,0,5176,5176,0,1,0,takeoff,telemetry_confirmed(takeoff before_h=0 before_tof=10 after_h=80 after_tof=86 wait_ms=0),TIMEOUT,manual,,attempt=1|send=OK|raw=ok|parsed=OK,executor_call=1|command=takeoff|result=TIMEOUT|response=|elapsed_ms=5176|timing_total_ms=5176|recv_wait_ms=5176|attempt_log=[attempt=1|send=OK|raw=|result=TIMEOUT],715,715,0,5,0,12.0282,11.9664,103,83,2494,315,635,7,4,4,OK,100,1,80,85,110.79,0,67,75,78,913,4075330,0,0,0,4.16102,916,16,-1,0,0,0,0,0,0,STALE,0,STALE,0,0,telemetry=OK; video=STALE; command=OK; rc=OK,OK,STALE,OK,OK,51,50,0,-1,0,913,4075330,62,0,0,0,0,0,0,0,0,0,0,62,0,4.16102,960,720,0,0,1,1,OK,0,streamon,1,vision:ffmpeg_stream,,,CONNECTED,0,pitch,2,1,1,0,0,0,0,0,0,0,0,0,0,125,250,0,0,0,0,0,0,0,0,50,12,50,300,3,3,0,1,0,battery?,87,OK,308,64697,64697
,gui,,CONTROL_PANEL,84670,103,2,1,1,2594,12,5176,5176,26426,58244,1,0,1,0,0,5176,0,238,0,5176,5176,0,1,0,takeoff,telemetry_confirmed(takeoff before_h=0 before_tof=10 after_h=80 after_tof=86 wait_ms=0),TIMEOUT,manual,,attempt=1|send=OK|raw=ok|parsed=OK,executor_call=1|command=takeoff|result=TIMEOUT|response=|elapsed_ms=5176|timing_total_ms=5176|recv_wait_ms=5176|attempt_log=[attempt=1|send=OK|raw=|result=TIMEOUT],725,725,0,5,0,6.25944,31.3211,55,159,2494,315,635,7,4,4,OK,100,1,80,81,110.75,0,67,75,77,928,4140246,0,0,0,4.16102,1916,15,-1,0,0,0,0,0,0,STALE,0,STALE,0,0,telemetry=OK; video=STALE; command=OK; rc=OK,OK,STALE,OK,OK,51,50,0,-1,0,928,4140246,62,0,0,0,0,0,0,0,0,0,0,62,0,4.16102,960,720,0,0,1,1,OK,0,streamon,1,vision:ffmpeg_stream,,,CONNECTED,0,pitch,1,1,1,0,0,0,0,0,0,0,0,0,0,125,249,0,0,0,0,0,0,0,0,50,12,50,300,3,3,0,1,0,battery?,87,OK,308,65697,65697
,gui,,CONTROL_PANEL,85795,104,2,1,1,2594,12,5176,5176,26426,59369,1,0,1,0,0,5176,0,238,0,5176,5176,0,1,0,takeoff,telemetry_confirmed(takeoff before_h=0 before_tof=10 after_h=80 after_tof=86 wait_ms=0),TIMEOUT,manual,,attempt=1|send=OK|raw=ok|parsed=OK,executor_call=1|command=takeoff|result=TIMEOUT|response=|elapsed_ms=5176|timing_total_ms=5176|recv_wait_ms=5176|attempt_log=[attempt=1|send=OK|raw=|result=TIMEOUT],736,736,0,5,0,12.6891,43.8292,83,78,2494,315,635,7,4,4,OK,100,1,80,78,111.18,0,67,75,78,946,4215399,0,0,0,3.42167,887,18,-1,0,0,0,0,0,0,STALE,0,STALE,0,0,telemetry=OK; video=STALE; command=OK; rc=OK,OK,STALE,OK,OK,50,50,0,-1,0,946,4215399,63,0,0,0,0,0,0,0,0,0,0,63,0,3.42167,960,720,0,0,1,1,OK,0,streamon,1,vision:ffmpeg_stream,,,CONNECTED,0,pitch,0,1,1,0,0,0,0,0,0,0,0,0,0,125,249,0,0,0,0,0,0,0,0,51,12,51,300,3,3,0,1,0,battery?,87,OK,308,66822,66822
,gui,,CONTROL_PANEL,86795,105,2,1,1,2594,12,5176,5176,26426,60369,1,0,1,0,0,5176,0,238,0,5176,5176,0,1,0,takeoff,telemetry_confirmed(takeoff before_h=0 before_tof=10 after_h=80 after_tof=86 wait_ms=0),TIMEOUT,manual,,attempt=1|send=OK|raw=ok|parsed=OK,executor_call=1|command=takeoff|result=TIMEOUT|response=|elapsed_ms=5176|timing_total_ms=5176|recv_wait_ms=5176|attempt_log=[attempt=1|send=OK|raw=|result=TIMEOUT],746,746,0,5,0,18.7692,19.3194,55,53,2494,315,635,7,4,4,OK,100,1,80,79,110.96,0,67,75,78,962,4282113,0,0,0,2.9376,889,16,-1,0,0,0,0,0,0,STALE,0,STALE,0,0,telemetry=OK; video=STALE; command=OK; rc=OK,OK,STALE,OK,OK,50,50,0,-1,0,962,4282113,64,0,0,0,0,0,0,0,0,0,0,64,0,2.9376,960,720,0,0,1,1,OK,0,streamon,1,vision:ffmpeg_stream,,,CONNECTED,0,pitch,1,1,1,0,0,0,0,0,0,0,0,0,0,125,249,0,0,0,0,0,0,0,0,52,12,52,300,3,3,0,1,0,battery?,87,OK,308,67823,67823
,gui,,CONTROL_PANEL,87921,106,2,1,1,2594,12,5176,5176,26426,61495,1,0,1,0,0,5176,0,238,0,5176,5176,0,1,0,takeoff,telemetry_confirmed(takeoff before_h=0 before_tof=10 after_h=80 after_tof=86 wait_ms=0),TIMEOUT,manual,,attempt=1|send=OK|raw=ok|parsed=OK,executor_call=1|command=takeoff|result=TIMEOUT|response=|elapsed_ms=5176|timing_total_ms=5176|recv_wait_ms=5176|attempt_log=[attempt=1|send=OK|raw=|result=TIMEOUT],757,757,0,5,0,15.5955,23.6601,16,64,2494,315,635,7,4,4,OK,100,1,80,81,111.03,0,67,75,77,979,4352605,0,0,0,2.9376,2014,17,-1,0,0,0,0,0,0,STALE,0,STALE,0,0,telemetry=OK; video=STALE; command=OK; rc=OK,OK,STALE,OK,OK,51,50,0,-1,0,979,4352605,64,0,0,0,0,0,0,0,0,0,0,64,0,2.9376,960,720,0,0,1,1,OK,0,streamon,1,vision:ffmpeg_stream,,,CONNECTED,0,pitch,2,1,1,0,0,0,0,0,0,0,0,0,0,125,250,0,0,0,0,0,0,0,0,52,12,52,300,3,3,0,1,0,battery?,87,OK,308,68948,68948
,gui,,CONTROL_PANEL,89045,107,2,1,1,2594,12,5176,5176,26426,62619,1,0,1,0,0,5176,0,238,0,5176,5176,0,1,0,takeoff,telemetry_confirmed(takeoff before_h=0 before_tof=10 after_h=80 after_tof=86 wait_ms=0),TIMEOUT,manual,,attempt=1|send=OK|raw=ok|parsed=OK,executor_call=1|command=takeoff|result=TIMEOUT|response=|elapsed_ms=5176|timing_total_ms=5176|recv_wait_ms=5176|attempt_log=[attempt=1|send=OK|raw=|result=TIMEOUT],767,767,0,5,0,6.00067,33.3119,107,166,2494,315,635,7,4,4,OK,100,1,80,85,110.64,0,67,76,79,998,4431908,0,0,0,2.44394,1007,19,-1,0,0,0,0,0,0,STALE,0,STALE,0,0,telemetry=OK; video=STALE; command=OK; rc=OK,OK,STALE,OK,OK,51,50,0,-1,0,998,4431908,65,0,0,0,0,0,0,0,0,0,0,65,0,2.44394,960,720,0,0,1,1,OK,0,streamon,1,vision:ffmpeg_stream,,,CONNECTED,0,pitch,0,1,1,0,0,0,0,0,0,0,0,0,0,124,249,0,0,0,0,0,0,0,0,53,12,53,300,3,3,0,1,0,battery?,87,OK,308,70072,70072
,gui,,CONTROL_PANEL,90045,108,2,1,1,2594,12,5176,5176,26426,63619,1,0,1,0,0,5176,0,238,0,5176,5176,0,1,0,takeoff,telemetry_confirmed(takeoff before_h=0 before_tof=10 after_h=80 after_tof=86 wait_ms=0),TIMEOUT,manual,,attempt=1|send=OK|raw=ok|parsed=OK,executor_call=1|command=takeoff|result=TIMEOUT|response=|elapsed_ms=5176|timing_total_ms=5176|recv_wait_ms=5176|attempt_log=[attempt=1|send=OK|raw=|result=TIMEOUT],778,778,0,5,0,9.14168,40.4483,57,109,2494,315,635,7,4,4,OK,100,1,80,86,110.69,0,66,76,79,1015,4500986,0,0,0,2.15158,989,17,-1,0,0,0,0,0,0,STALE,0,STALE,0,0,telemetry=OK; video=STALE; command=OK; rc=OK,OK,STALE,OK,OK,50,50,0,-1,0,1015,4500986,66,0,0,0,0,0,0,0,0,0,0,66,0,2.15158,960,720,0,0,1,1,OK,0,streamon,1,vision:ffmpeg_stream,,,CONNECTED,0,pitch,1,1,1,0,0,0,0,0,0,0,0,0,0,124,249,0,0,0,0,0,0,0,0,54,12,54,300,3,3,0,1,0,battery?,87,OK,308,71072,71072
,gui,,CONTROL_PANEL,91045,109,2,1,1,2594,12,5176,5176,26426,64619,1,0,1,0,0,5176,0,238,0,5176,5176,0,1,0,takeoff,telemetry_confirmed(takeoff before_h=0 before_tof=10 after_h=80 after_tof=86 wait_ms=0),TIMEOUT,manual,,attempt=1|send=OK|raw=ok|parsed=OK,executor_call=1|command=takeoff|result=TIMEOUT|response=|elapsed_ms=5176|timing_total_ms=5176|recv_wait_ms=5176|attempt_log=[attempt=1|send=OK|raw=|result=TIMEOUT],787,787,0,5,0,221.957,66.8017,129,4,2494,315,635,7,4,4,OK,100,1,90,91,111.29,0,66,76,79,1031,4567637,0,0,0,2.15158,1990,16,-1,0,0,0,0,0,0,STALE,0,STALE,0,0,telemetry=OK; video=STALE; command=OK; rc=OK,OK,STALE,OK,OK,50,50,0,-1,0,1031,4567637,66,0,0,0,0,0,0,0,0,0,0,66,0,2.15158,960,720,0,0,1,1,OK,0,streamon,1,vision:ffmpeg_stream,,,CONNECTED,0,pitch,0,1,1,0,0,0,0,0,0,0,0,0,0,125,249,0,0,0,0,0,0,0,0,54,12,54,300,3,3,0,1,0,battery?,87,OK,308,72073,72073
,gui,,CONTROL_PANEL,92170,110,2,1,1,2594,12,5176,5176,26426,65744,1,0,1,0,0,5176,0,238,0,5176,5176,0,1,0,takeoff,telemetry_confirmed(takeoff before_h=0 before_tof=10 after_h=80 after_tof=86 wait_ms=0),TIMEOUT,manual,,attempt=1|send=OK|raw=ok|parsed=OK,executor_call=1|command=takeoff|result=TIMEOUT|response=|elapsed_ms=5176|timing_total_ms=5176|recv_wait_ms=5176|attempt_log=[attempt=1|send=OK|raw=|result=TIMEOUT],797,797,0,5,0,6.5418,39.2384,249,152,2494,315,635,7,4,4,DEGRADED,60,1,80,86,110.67,0,66,75,79,1049,4642831,0,0,0,1.79244,305,18,-1,0,0,0,0,0,0,DEGRADED,60,DEGRADED,60,1,telemetry=DEGRADED; video=DEGRADED; command=OK; rc=OK,DEGRADED,DEGRADED,OK,OK,50,50,0,-1,0,1049,4642831,67,0,0,0,0,0,0,0,0,0,0,67,0,1.79244,960,720,0,0,1,1,OK,0,streamon,1,vision:ffmpeg_stream,,,CONNECTED,0,pitch,0,1,1,0,0,0,0,0,0,0,0,0,0,125,250,0,0,0,0,0,0,0,0,55,12,55,300,3,3,0,1,0,battery?,87,OK,308,73197,73197
,gui,,CONTROL_PANEL,93295,111,2,1,1,2594,12,5176,5176,26426,66869,1,0,1,0,0,5176,0,238,0,5176,5176,0,1,0,takeoff,telemetry_confirmed(takeoff before_h=0 before_tof=10 after_h=80 after_tof=86 wait_ms=0),TIMEOUT,manual,,attempt=1|send=OK|raw=ok|parsed=OK,executor_call=1|command=takeoff|result=TIMEOUT|response=|elapsed_ms=5176|timing_total_ms=5176|recv_wait_ms=5176|attempt_log=[attempt=1|send=OK|raw=|result=TIMEOUT],809,809,0,5,0,13.4268,13.4273,59,74,2494,315,635,7,4,4,OK,100,1,80,79,110.55,0,66,76,79,1066,4713686,0,0,0,1.60054,228,17,-1,0,0,0,0,0,0,DEGRADED,60,DEGRADED,60,1,telemetry=OK; video=DEGRADED; command=OK; rc=OK,OK,DEGRADED,OK,OK,51,50,0,-1,0,1066,4713686,68,0,0,0,0,0,0,0,0,0,0,68,0,1.60054,960,720,0,0,1,1,OK,0,streamon,1,vision:ffmpeg_stream,,,CONNECTED,0,pitch,1,1,1,0,0,0,0,0,0,0,0,0,0,124,250,1,0,0,0,0,0,0,0,56,12,56,300,3,3,0,1,0,battery?,87,OK,308,74322,74322
,gui,,CONTROL_PANEL,94295,112,2,1,1,2594,12,5176,5176,26426,67869,1,0,1,0,0,5176,0,238,0,5176,5176,0,1,0,takeoff,telemetry_confirmed(takeoff before_h=0 before_tof=10 after_h=80 after_tof=86 wait_ms=0),TIMEOUT,manual,,attempt=1|send=OK|raw=ok|parsed=OK,executor_call=1|command=takeoff|result=TIMEOUT|response=|elapsed_ms=5176|timing_total_ms=5176|recv_wait_ms=5176|attempt_log=[attempt=1|send=OK|raw=|result=TIMEOUT],817,817,0,5,0,19.9774,12.5821,214,50,2494,315,635,7,4,4,DEGRADED,60,1,80,79,110.95,0,66,77,79,1081,4776265,0,0,0,1.60054,1229,15,-1,0,0,0,0,0,0,STALE,0,STALE,0,0,telemetry=DEGRADED; video=STALE; command=OK; rc=OK,DEGRADED,STALE,OK,OK,50,50,0,-1,0,1081,4776265,68,0,0,0,0,0,0,0,0,0,0,68,0,1.60054,960,720,0,0,1,1,OK,0,streamon,1,vision:ffmpeg_stream,,,CONNECTED,0,pitch,0,1,1,0,0,0,0,0,0,0,0,0,0,124,249,0,0,0,0,0,0,0,0,56,12,56,300,3,3,0,1,0,battery?,87,OK,308,75322,75322
,gui,,CONTROL_PANEL,95295,113,2,1,1,2594,12,5176,5176,26426,68869,1,0,1,0,0,5176,0,238,0,5176,5176,0,1,0,takeoff,telemetry_confirmed(takeoff before_h=0 before_tof=10 after_h=80 after_tof=86 wait_ms=0),TIMEOUT,manual,,attempt=1|send=OK|raw=ok|parsed=OK,executor_call=1|command=takeoff|result=TIMEOUT|response=|elapsed_ms=5176|timing_total_ms=5176|recv_wait_ms=5176|attempt_log=[attempt=1|send=OK|raw=|result=TIMEOUT],828,828,0,5,0,7.34023,18.1088,156,136,2494,315,635,7,4,4,OK,100,1,80,79,110.71,0,66,77,80,1095,4834284,0,0,0,1.38258,271,14,-1,0,0,0,0,0,0,DEGRADED,60,DEGRADED,60,1,telemetry=OK; video=DEGRADED; command=OK; rc=OK,OK,DEGRADED,OK,OK,50,50,0,-1,0,1095,4834284,69,0,0,0,0,0,0,0,0,0,0,69,0,1.38258,960,720,0,0,1,1,OK,0,streamon,1,vision:ffmpeg_stream,,,CONNECTED,0,pitch,0,1,1,0,0,0,0,0,0,0,0,0,0,124,249,0,0,0,0,0,0,0,0,57,12,57,300,3,3,0,1,0,battery?,87,OK,308,76322,76322
,gui,,CONTROL_PANEL,96295,114,2,1,1,2594,12,5176,5176,26426,69869,1,0,1,0,0,5176,0,238,0,5176,5176,0,1,0,takeoff,telemetry_confirmed(takeoff before_h=0 before_tof=10 after_h=80 after_tof=86 wait_ms=0),TIMEOUT,manual,,attempt=1|send=OK|raw=ok|parsed=OK,executor_call=1|command=takeoff|result=TIMEOUT|response=|elapsed_ms=5176|timing_total_ms=5176|recv_wait_ms=5176|attempt_log=[attempt=1|send=OK|raw=|result=TIMEOUT],828,828,0,6,0,7.34023,18.1088,1156,136,2494,315,635,7,4,4,STALE,0,1,80,79,110.71,0,66,77,80,1095,4834284,0,0,0,1.38258,1271,0,-1,0,0,0,0,0,0,STALE,0,STALE,0,0,telemetry=STALE; video=STALE; command=OK; rc=OK,STALE,STALE,OK,OK,50,50,0,-1,0,1095,4834284,69,0,0,0,0,0,0,0,0,0,0,69,0,1.38258,960,720,0,0,1,1,OK,0,streamon,1,vision:ffmpeg_stream,,,CONNECTED,0,pitch,0,1,1,0,0,0,0,0,0,0,0,0,0,125,250,0,0,0,0,0,0,0,0,57,12,57,300,3,3,0,1,0,battery?,87,OK,308,77322,77322
,gui,,CONTROL_PANEL,97420,115,2,1,1,2594,12,5176,5176,26426,70994,1,0,1,0,0,5176,0,238,0,5176,5176,0,1,0,takeoff,telemetry_confirmed(takeoff before_h=0 before_tof=10 after_h=80 after_tof=86 wait_ms=0),TIMEOUT,manual,,attempt=1|send=OK|raw=ok|parsed=OK,executor_call=1|command=takeoff|result=TIMEOUT|response=|elapsed_ms=5176|timing_total_ms=5176|recv_wait_ms=5176|attempt_log=[attempt=1|send=OK|raw=|result=TIMEOUT],835,835,0,6,0,15.5367,12.0662,43,64,2494,1562,829,8,5,5,OK,100,1,80,78,110.51,0,66,76,80,1107,4888106,0,0,0,1.38258,2396,12,-1,0,0,0,0,0,0,STALE,0,STALE,0,0,telemetry=OK; video=STALE; command=OK; rc=OK,OK,STALE,OK,OK,50,50,0,-1,0,1107,4888106,69,0,0,0,0,0,0,0,0,0,0,69,0,1.38258,960,720,0,0,1,1,OK,0,streamon,1,vision:ffmpeg_stream,,,CONNECTED,0,pitch,2,1,1,0,0,0,0,0,0,0,0,0,0,124,250,0,0,0,0,0,0,0,0,57,12,57,300,3,3,0,1,0,battery?,87,OK,308,78447,78447
,gui,,CONTROL_PANEL,98046,116,2,1,1,2594,12,5176,5176,26426,71620,1,0,1,0,0,5176,0,238,0,5176,5176,0,1,0,takeoff,telemetry_confirmed(takeoff before_h=0 before_tof=10 after_h=80 after_tof=86 wait_ms=0),TIMEOUT,manual,,attempt=1|send=OK|raw=ok|parsed=OK,executor_call=1|command=takeoff|result=TIMEOUT|response=|elapsed_ms=5176|timing_total_ms=5176|recv_wait_ms=5176|attempt_log=[attempt=1|send=OK|raw=|result=TIMEOUT],841,841,0,6,0,9.40328,12.8098,124,106,2494,1562,829,8,5,5,OK,100,1,80,89,110.72,-1,66,76,80,1117,4929545,0,0,0,1.38258,3022,12,-1,0,0,0,0,0,0,STALE,0,STALE,0,0,telemetry=OK; video=STALE; command=OK; rc=OK,OK,STALE,OK,OK,50,50,0,-1,0,1107,4888106,69,0,0,0,0,0,0,0,0,0,0,69,0,1.38258,960,720,0,0,1,1,OK,0,streamon,1,log,2026-07-06T18:57:19.905,vision recovery queued | last_frame_age_ms=3021,CONNECTED,0,pitch,0,1,1,0,0,0,0,0,0,0,0,0,0,124,249,0,0,0,0,0,0,0,0,57,12,57,300,3,3,0,1,0,battery?,87,OK,308,79073,79073
,gui,,CONTROL_PANEL,98047,117,2,1,1,2594,12,5176,5176,26426,71621,1,0,1,0,0,5176,0,238,0,5176,5176,0,1,0,takeoff,telemetry_confirmed(takeoff before_h=0 before_tof=10 after_h=80 after_tof=86 wait_ms=0),TIMEOUT,manual,,attempt=1|send=OK|raw=ok|parsed=OK,executor_call=1|command=takeoff|result=TIMEOUT|response=|elapsed_ms=5176|timing_total_ms=5176|recv_wait_ms=5176|attempt_log=[attempt=1|send=OK|raw=|result=TIMEOUT],841,841,0,6,0,9.40328,12.8098,125,106,2494,1562,829,8,5,5,OK,100,1,80,89,110.72,-1,66,76,80,1117,4929545,0,0,0,1.38258,3023,12,-1,0,0,0,0,0,0,STALE,0,STALE,0,0,telemetry=OK; video=STALE; command=OK; rc=OK,OK,STALE,OK,OK,50,50,0,-1,0,1107,4888106,69,0,0,0,0,0,0,0,0,0,0,69,0,1.38258,960,720,0,0,1,1,OK,0,streamon,1,log,2026-07-06T18:57:19.906,vision recovery => OK | stage=streamon | command_channel=available | hard=no | video_restart=no,CONNECTED,0,pitch,0,1,1,0,0,0,0,0,0,0,0,0,0,124,249,1,0,0,0,0,0,0,0,57,12,57,300,3,3,0,1,0,battery?,87,OK,308,79074,79074
,gui,,CONTROL_PANEL,98047,118,2,1,1,2594,12,5176,5176,26426,71621,1,0,1,0,0,5176,0,238,0,5176,5176,0,1,0,takeoff,telemetry_confirmed(takeoff before_h=0 before_tof=10 after_h=80 after_tof=86 wait_ms=0),TIMEOUT,manual,,attempt=1|send=OK|raw=ok|parsed=OK,executor_call=1|command=takeoff|result=TIMEOUT|response=|elapsed_ms=5176|timing_total_ms=5176|recv_wait_ms=5176|attempt_log=[attempt=1|send=OK|raw=|result=TIMEOUT],841,841,0,6,0,9.40328,12.8098,125,106,2494,1562,829,8,5,5,OK,100,1,80,89,110.72,-1,66,76,80,1117,4929545,0,0,0,1.38258,3023,0,-1,0,0,0,0,0,0,STALE,0,STALE,0,0,telemetry=OK; video=STALE; command=OK; rc=OK,OK,STALE,OK,OK,50,50,0,-1,0,1117,4929545,69,0,0,0,0,0,0,0,0,0,0,69,0,1.38258,960,720,0,0,1,1,OK,0,streamon,1,vision_recovery,,,CONNECTED,0,pitch,0,1,1,0,0,0,0,0,0,0,0,0,0,124,249,1,0,0,0,0,0,0,0,57,12,57,300,3,3,0,1,0,battery?,87,OK,308,79074,79074
,gui,,CONTROL_PANEL,98420,119,2,1,1,2594,12,5176,5176,26426,71994,1,0,1,0,0,5176,0,238,0,5176,5176,0,1,0,takeoff,telemetry_confirmed(takeoff before_h=0 before_tof=10 after_h=80 after_tof=86 wait_ms=0),TIMEOUT,manual,,attempt=1|send=OK|raw=ok|parsed=OK,executor_call=1|command=takeoff|result=TIMEOUT|response=|elapsed_ms=5176|timing_total_ms=5176|recv_wait_ms=5176|attempt_log=[attempt=1|send=OK|raw=|result=TIMEOUT],844,844,0,6,0,17.1831,12.4419,76,58,2494,1562,829,8,5,5,OK,100,1,90,91,110.73,0,66,76,80,1123,4954428,0,0,0,1.16497,1,16,-1,0,0,0,0,0,0,OK,100,OK,100,1,telemetry=OK; video=OK; command=OK; rc=OK,OK,OK,OK,OK,51,50,0,-1,0,1123,4954428,70,0,0,0,0,0,0,0,0,0,0,70,0,1.16497,960,720,0,0,1,1,OK,0,streamon,1,vision:ffmpeg_stream,,,CONNECTED,0,pitch,2,1,1,0,0,0,0,0,0,0,0,0,0,125,249,0,0,0,0,0,0,0,0,58,12,57,300,3,3,0,1,0,battery?,87,OK,308,79447,79447
,gui,,CONTROL_PANEL,99545,120,2,1,1,2594,12,5176,5176,26426,73119,1,0,1,0,0,5176,0,238,0,5176,5176,0,1,0,takeoff,telemetry_confirmed(takeoff before_h=0 before_tof=10 after_h=80 after_tof=86 wait_ms=0),TIMEOUT,manual,,attempt=1|send=OK|raw=ok|parsed=OK,executor_call=1|command=takeoff|result=TIMEOUT|response=|elapsed_ms=5176|timing_total_ms=5176|recv_wait_ms=5176|attempt_log=[attempt=1|send=OK|raw=|result=TIMEOUT],855,855,0,6,0,22.9758,20.6653,135,43,2494,1562,829,8,5,5,OK,100,1,80,88,110.77,0,66,77,80,1141,5029756,0,0,0,1.16497,1125,18,-1,0,0,0,0,0,0,STALE,0,STALE,0,0,telemetry=OK; video=STALE; command=OK; rc=OK,OK,STALE,OK,OK,50,50,0,-1,0,1141,5029756,70,0,0,0,0,0,0,0,0,0,0,70,0,1.16497,960,720,0,0,1,1,OK,0,streamon,1,vision:ffmpeg_stream,,,CONNECTED,0,pitch,0,1,1,0,0,0,0,0,0,0,0,0,0,125,249,0,0,0,0,0,0,0,0,58,12,58,300,3,3,0,1,0,battery?,87,OK,308,80572,80572
,gui,,CONTROL_PANEL,100162,121,2,1,1,2594,12,5176,5176,26426,73736,1,0,1,0,0,5176,0,238,0,5176,5176,0,1,0,takeoff,telemetry_confirmed(takeoff before_h=0 before_tof=10 after_h=80 after_tof=86 wait_ms=0),TIMEOUT,manual,,attempt=1|send=OK|raw=ok|parsed=OK,executor_call=1|command=takeoff|result=TIMEOUT|response=|elapsed_ms=5176|timing_total_ms=5176|recv_wait_ms=5176|attempt_log=[attempt=1|send=OK|raw=|result=TIMEOUT],862,862,0,6,0,77.2738,25.6536,0,12,2494,1562,829,8,5,5,OK,100,1,80,87,110.73,0,65,77,80,1151,5071673,0,0,0,1.06583,248,18,-1,0,0,0,0,0,0,DEGRADED,60,DEGRADED,60,1,telemetry=OK; video=DEGRADED; command=OK; rc=OK,OK,DEGRADED,OK,OK,50,50,0,-1,0,1141,5029756,70,0,0,0,0,0,0,0,0,0,0,70,0,1.16497,960,720,0,0,1,1,OK,0,streamon,1,log,2026-07-06T18:57:22.011,panel switched to Config,CONNECTED,0,pitch,2,1,1,0,0,0,0,0,0,0,0,0,0,125,249,0,0,0,0,0,0,0,0,59,12,59,300,3,3,0,1,0,battery?,87,OK,308,81189,81189
,gui,,CONTROL_PANEL,100670,122,2,1,1,2594,12,5176,5176,26426,74244,1,0,1,0,0,5176,0,238,0,5176,5176,0,1,0,takeoff,telemetry_confirmed(takeoff before_h=0 before_tof=10 after_h=80 after_tof=86 wait_ms=0),TIMEOUT,manual,,attempt=1|send=OK|raw=ok|parsed=OK,executor_call=1|command=takeoff|result=TIMEOUT|response=|elapsed_ms=5176|timing_total_ms=5176|recv_wait_ms=5176|attempt_log=[attempt=1|send=OK|raw=|result=TIMEOUT],867,867,0,6,0,18.184,38.6745,48,54,2494,1562,829,8,5,5,OK,100,1,80,82,110.8,0,65,77,80,1160,5109086,0,0,0,1.06583,756,19,-1,0,0,0,0,0,0,STALE,0,STALE,0,0,telemetry=OK; video=STALE; command=OK; rc=OK,OK,STALE,OK,OK,50,50,0,-1,0,1160,5109086,71,0,0,0,0,0,0,0,0,0,0,71,0,1.06583,960,720,0,0,1,1,OK,0,streamon,1,vision:ffmpeg_stream,,,CONNECTED,0,pitch,3,1,1,0,0,0,0,0,0,0,0,0,0,125,250,0,0,0,0,0,0,0,0,59,12,59,300,3,3,0,1,0,battery?,87,OK,308,81697,81697
,gui,,CONTROL_PANEL,101670,123,2,1,1,2594,12,5176,5176,26426,75244,1,0,1,0,0,5176,0,238,0,5176,5176,0,1,0,takeoff,telemetry_confirmed(takeoff before_h=0 before_tof=10 after_h=80 after_tof=86 wait_ms=0),TIMEOUT,manual,,attempt=1|send=OK|raw=ok|parsed=OK,executor_call=1|command=takeoff|result=TIMEOUT|response=|elapsed_ms=5176|timing_total_ms=5176|recv_wait_ms=5176|attempt_log=[attempt=1|send=OK|raw=|result=TIMEOUT],877,877,0,6,0,202.863,82.3707,41,4,2494,1562,829,8,5,5,OK,100,1,80,78,110.8,0,65,77,80,1176,5175432,0,0,0,1.07147,843,16,-1,0,0,0,0,0,0,STALE,0,STALE,0,0,telemetry=OK; video=STALE; command=OK; rc=OK,OK,STALE,OK,OK,50,50,0,-1,0,1176,5175432,72,0,0,0,0,0,0,0,0,0,0,72,0,1.07147,960,720,0,0,1,1,OK,0,streamon,1,vision:ffmpeg_stream,,,CONNECTED,0,pitch,3,1,1,0,0,0,0,0,0,0,0,0,0,125,249,0,0,0,0,0,0,0,0,60,12,60,300,3,3,0,1,0,battery?,87,OK,308,82697,82697
,gui,,CONTROL_PANEL,102200,124,2,1,1,2594,12,5176,5176,26426,75774,1,0,1,0,0,5176,0,238,0,5176,5176,0,1,0,takeoff,telemetry_confirmed(takeoff before_h=0 before_tof=10 after_h=80 after_tof=86 wait_ms=0),TIMEOUT,manual,,attempt=1|send=OK|raw=ok|parsed=OK,executor_call=1|command=takeoff|result=TIMEOUT|response=|elapsed_ms=5176|timing_total_ms=5176|recv_wait_ms=5176|attempt_log=[attempt=1|send=OK|raw=|result=TIMEOUT],882,882,0,6,0,12.4811,35.208,94,80,2494,1562,829,8,5,5,OK,100,1,80,77,110.68,0,65,77,80,1184,5208907,0,0,0,1.04211,291,16,-1,0,0,0,0,0,0,DEGRADED,60,DEGRADED,60,1,telemetry=OK; video=DEGRADED; command=OK; rc=OK,OK,DEGRADED,OK,OK,50,50,0,-1,0,1176,5175432,72,0,0,0,0,0,0,0,0,0,0,72,0,1.07147,960,720,0,0,1,1,OK,0,streamon,1,critical-command:begin:land,,,CONNECTED,0,pitch,2,1,1,0,0,0,0,0,0,1,0,0,0,125,250,0,0,0,0,0,0,0,0,61,12,61,300,3,3,0,1,0,battery?,87,OK,308,83227,83227
,gui,,CONTROL_PANEL,102201,125,2,1,1,2594,12,5176,5176,26426,75775,1,0,1,0,0,5176,0,238,0,5176,5176,0,1,0,takeoff,telemetry_confirmed(takeoff before_h=0 before_tof=10 after_h=80 after_tof=86 wait_ms=0),TIMEOUT,manual,,attempt=1|send=OK|raw=ok|parsed=OK,executor_call=1|command=takeoff|result=TIMEOUT|response=|elapsed_ms=5176|timing_total_ms=5176|recv_wait_ms=5176|attempt_log=[attempt=1|send=OK|raw=|result=TIMEOUT],882,882,0,6,0,12.4811,35.208,95,80,2494,1562,829,8,5,5,OK,100,1,80,77,110.68,0,65,77,80,1184,5208907,0,0,0,1.04211,292,16,-1,0,0,0,0,0,0,DEGRADED,60,DEGRADED,60,1,telemetry=OK; video=DEGRADED; command=OK; rc=OK,OK,DEGRADED,OK,OK,50,50,0,-1,0,1176,5175432,72,0,0,0,0,0,0,0,0,0,0,72,0,1.07147,960,720,0,0,1,1,OK,0,streamon,1,log,2026-07-06T18:57:24.060,sdk keepalive remains running; cooperative loop skips ticks while command channel is busy,CONNECTED,0,pitch,0,1,1,0,0,0,0,0,0,1,0,0,0,125,250,0,0,0,0,0,0,0,0,61,12,61,300,3,3,0,1,0,battery?,87,OK,308,83228,83228
,gui,,CONTROL_PANEL,102227,126,2,1,1,2594,12,5176,5176,26426,75801,1,0,1,0,0,5176,0,238,0,5176,5176,0,1,0,takeoff,telemetry_confirmed(takeoff before_h=0 before_tof=10 after_h=80 after_tof=86 wait_ms=0),TIMEOUT,manual,,attempt=1|send=OK|raw=ok|parsed=OK,executor_call=1|command=takeoff|result=TIMEOUT|response=|elapsed_ms=5176|timing_total_ms=5176|recv_wait_ms=5176|attempt_log=[attempt=1|send=OK|raw=|result=TIMEOUT],882,882,0,6,0,12.4811,35.208,121,80,2494,1562,829,8,5,5,OK,100,1,80,77,110.68,0,65,77,80,1185,5213133,0,0,0,1.04211,318,16,-1,0,0,0,0,0,0,DEGRADED,60,DEGRADED,60,1,telemetry=OK; video=DEGRADED; command=OK,OK,DEGRADED,OK,NO_DATA,0,50,0,-1,0,1176,5175432,72,0,0,0,0,0,0,0,0,0,0,72,0,1.07147,960,720,0,0,1,1,OK,0,streamon,1,log,2026-07-06T18:57:24.085,rc stream neutralized no-wait (land) => OK,CONNECTED,0,pitch,0,1,0,0,0,0,0,0,0,1,0,0,0,125,257,0,0,0,0,0,0,0,0,61,12,61,300,3,3,0,1,0,battery?,87,OK,308,83254,83254
,gui,,CONTROL_PANEL,102227,127,3,2,1,1729.33,0,5176,0,102227,0,0,0,0,0,0,0,0,0,0,0,0,0,1,0,rc 0 0 0 0,no_wait,OK,preflight,,no_wait|send=OK,no_wait|command=rc 0 0 0 0|result=OK|attempt_log=[no_wait|send=OK],882,882,0,6,0,12.4811,35.208,121,80,2494,1562,829,8,5,5,OK,100,1,80,77,110.68,0,65,77,80,1185,5213133,0,0,0,1.04211,318,16,-1,0,0,0,0,0,0,DEGRADED,60,DEGRADED,60,1,telemetry=OK; video=DEGRADED; command=OK,OK,DEGRADED,OK,NO_DATA,0,50,0,-1,0,1176,5175432,72,0,0,0,0,0,0,0,0,0,0,72,0,1.07147,960,720,0,0,1,1,OK,0,streamon,1,command:preflight,,,CONNECTED,0,pitch,0,1,0,0,0,0,0,0,0,1,0,0,0,125,257,0,0,0,0,0,0,0,0,61,12,61,300,3,3,0,1,0,battery?,87,OK,308,83254,83254
,gui,,CONTROL_PANEL,102228,128,3,2,1,1729.33,0,5176,0,102227,1,0,0,0,0,0,0,0,0,0,0,0,0,1,0,rc 0 0 0 0,no_wait,OK,preflight,,no_wait|send=OK,no_wait|command=rc 0 0 0 0|result=OK|attempt_log=[no_wait|send=OK],882,882,0,6,0,12.4811,35.208,122,80,2494,1562,829,8,5,5,OK,100,1,80,77,110.68,0,65,77,80,1185,5213133,0,0,0,1.04211,319,16,-1,0,0,0,0,0,0,DEGRADED,60,DEGRADED,60,1,telemetry=OK; video=DEGRADED; command=OK,OK,DEGRADED,OK,NO_DATA,0,50,0,-1,0,1176,5175432,72,0,0,0,0,0,0,0,0,0,0,72,0,1.07147,960,720,0,0,1,1,OK,0,streamon,1,log,2026-07-06T18:57:24.087,land queued on command worker,CONNECTED,0,pitch,0,1,0,0,0,0,0,0,0,1,0,0,0,125,257,0,0,0,0,0,0,0,0,61,12,61,300,3,3,0,1,0,battery?,87,OK,308,83255,83255
,gui,,CONTROL_PANEL,107325,129,3,2,1,1729.33,0,5176,0,102227,5098,0,0,0,0,0,0,0,0,0,0,0,0,1,0,rc 0 0 0 0,no_wait,OK,preflight,,no_wait|send=OK,no_wait|command=rc 0 0 0 0|result=OK|attempt_log=[no_wait|send=OK],933,933,0,6,0,45.5015,18.4968,71,21,2494,1562,829,8,5,5,OK,100,1,80,82,110.59,0,65,77,80,1268,5557082,0,0,0,0.899074,2357,16,-1,0,0,0,0,0,0,STALE,0,STALE,0,0,telemetry=OK; video=STALE; command=OK,OK,STALE,OK,NO_DATA,0,50,0,-1,0,1176,5175432,72,0,0,0,0,0,0,0,0,0,0,72,0,1.07147,960,720,0,0,1,1,OK,0,streamon,1,log,2026-07-06T18:57:29.179,sdk keepalive restart (vision) => OK,CONNECTED,0,pitch,0,1,0,0,0,0,0,1,0,1,0,0,0,124,5093,0,0,0,0,0,0,0,0,62,12,61,300,0,0,0,0,0,battery?,,ERROR,0,-1,-1
,gui,,CONTROL_PANEL,107325,130,3,2,1,1729.33,0,5176,0,102227,5098,0,0,0,0,0,0,0,0,0,0,0,0,1,0,rc 0 0 0 0,no_wait,OK,preflight,,no_wait|send=OK,no_wait|command=rc 0 0 0 0|result=OK|attempt_log=[no_wait|send=OK],933,933,0,6,0,45.5015,18.4968,71,21,2494,1562,829,8,5,5,OK,100,1,80,82,110.59,0,65,77,80,1268,5557082,0,0,0,0.899074,2357,92,-1,0,0,0,0,0,0,STALE,0,STALE,0,0,telemetry=OK; video=STALE; command=OK,OK,STALE,OK,NO_DATA,0,50,0,-1,0,1268,5557082,74,0,0,0,0,0,0,0,0,0,0,74,0,0.899074,960,720,0,0,1,1,OK,0,streamon,1,vision:ffmpeg_stream,,,CONNECTED,0,pitch,0,1,0,0,0,0,0,1,0,1,0,0,0,124,5093,0,0,0,0,0,0,0,0,62,12,61,300,0,0,0,0,0,battery?,,ERROR,0,-1,-1
,gui,,CONTROL_PANEL,107337,131,3,2,1,1729.33,0,5176,0,102227,5110,0,0,0,0,0,0,0,0,0,0,0,0,1,0,rc 0 0 0 0,no_wait,OK,preflight,,no_wait|send=OK,no_wait|command=rc 0 0 0 0|result=OK|attempt_log=[no_wait|send=OK],934,934,0,6,0,13.372,17.4719,9,74,2494,1562,829,8,5,5,OK,100,1,80,83,110.73,0,65,77,80,1268,5557082,0,0,0,0.899074,2369,92,-1,0,0,0,0,0,0,STALE,0,STALE,0,0,telemetry=OK; video=STALE; command=OK,OK,STALE,OK,NO_DATA,0,50,0,-1,0,1268,5557082,74,0,0,0,0,0,0,0,0,0,0,74,0,0.899074,960,720,0,0,1,1,OK,0,streamon,1,log,2026-07-06T18:57:29.188,panel switched to Operation,CONNECTED,0,pitch,1,1,0,0,0,0,0,1,0,1,0,0,0,124,5093,5030,0,0,0,0,0,0,0,62,12,62,300,0,0,0,0,0,battery?,,ERROR,0,-1,-1
,gui,,CONTROL_PANEL,108445,132,3,2,1,1729.33,0,5176,0,102227,6218,0,0,0,0,0,0,0,0,0,0,0,0,1,0,rc 0 0 0 0,no_wait,OK,preflight,,no_wait|send=OK,no_wait|command=rc 0 0 0 0|result=OK|attempt_log=[no_wait|send=OK],945,945,0,6,0,16.0526,11.856,13,62,2494,1562,829,8,5,5,OK,100,1,80,85,110.76,0,65,77,80,1287,5636004,0,0,0,0.789516,631,19,-1,0,0,0,0,0,0,STALE,0,STALE,0,0,telemetry=OK; video=STALE; command=OK,OK,STALE,OK,NO_DATA,0,50,0,-1,0,1287,5636004,75,0,0,0,0,0,0,0,0,0,0,75,0,0.789516,960,720,0,0,1,1,OK,0,streamon,1,vision:ffmpeg_stream,,,CONNECTED,0,pitch,2,1,0,0,0,0,0,1,0,1,0,0,0,124,238,0,0,0,0,0,0,0,0,63,12,63,300,0,0,0,0,0,battery?,,ERROR,0,-1,-1
,gui,,CONTROL_PANEL,109570,133,3,2,1,1729.33,0,5176,0,102227,7343,0,0,0,0,0,0,0,0,0,0,0,0,1,0,rc 0 0 0 0,no_wait,OK,preflight,,no_wait|send=OK,no_wait|command=rc 0 0 0 0|result=OK|attempt_log=[no_wait|send=OK],956,956,0,6,0,8.90142,12.0697,25,112,2494,1562,829,8,5,5,OK,100,1,80,81,110.63,0,65,78,80,1307,5717765,0,0,0,0.827724,736,20,-1,0,0,0,0,0,0,STALE,0,STALE,0,0,telemetry=OK; video=STALE; command=OK,OK,STALE,OK,NO_DATA,0,50,0,-1,0,1307,5717765,76,0,0,0,0,0,0,0,0,0,0,76,0,0.827724,960,720,0,0,1,1,OK,0,streamon,1,vision:ffmpeg_stream,,,CONNECTED,0,pitch,1,1,0,0,0,0,0,1,0,1,0,0,0,124,245,0,0,0,0,0,0,0,0,64,12,64,300,0,0,0,0,0,battery?,,ERROR,0,-1,-1
,gui,,CONTROL_PANEL,110323,134,3,2,1,1729.33,0,5176,0,102227,8096,0,0,0,0,0,0,0,0,0,0,0,0,1,0,rc 0 0 0 0,no_wait,OK,preflight,,no_wait|send=OK,no_wait|command=rc 0 0 0 0|result=OK|attempt_log=[no_wait|send=OK],963,963,0,6,0,8.83196,42.6923,115,113,2494,1562,829,8,5,5,OK,100,1,80,82,110.5,0,65,77,80,1319,5766398,0,0,0,0.827724,1488,20,-1,0,0,0,0,0,0,STALE,0,STALE,0,0,telemetry=OK; video=STALE; command=OK,OK,STALE,OK,NO_DATA,0,50,0,-1,0,1307,5717765,76,0,0,0,0,0,0,0,0,0,0,76,0,0.827724,960,720,0,0,1,1,OK,0,streamon,1,log,2026-07-06T18:57:32.181,land => TIMEOUT | state=CONNECTED,CONNECTED,0,pitch,0,1,0,0,0,0,0,1,0,1,0,0,5091,125,251,0,0,0,0,0,0,0,0,64,12,64,300,0,0,0,0,0,battery?,,ERROR,0,-1,-1
,gui,,CONTROL_PANEL,110324,135,3,2,1,1729.33,0,5176,0,102227,8097,0,0,0,0,0,0,0,0,0,0,0,0,1,0,rc 0 0 0 0,no_wait,OK,preflight,,no_wait|send=OK,no_wait|command=rc 0 0 0 0|result=OK|attempt_log=[no_wait|send=OK],963,963,0,6,0,8.83196,42.6923,116,113,2494,1562,829,8,5,5,OK,100,1,80,82,110.5,0,65,77,80,1319,5766398,0,0,0,0.827724,1490,20,-1,0,0,0,0,0,0,STALE,0,STALE,0,0,telemetry=OK; video=STALE; command=OK,OK,STALE,OK,NO_DATA,0,50,0,-1,0,1307,5717765,76,0,0,0,0,0,0,0,0,0,0,76,0,0.827724,960,720,0,0,1,1,OK,0,streamon,1,log,2026-07-06T18:57:32.182,telemetry_unconfirmed(land wait_ms=3002),CONNECTED,0,pitch,0,1,0,0,0,0,0,1,0,1,0,0,5091,125,251,0,0,0,0,0,0,0,0,64,12,64,300,0,0,0,0,0,battery?,,ERROR,0,-1,-1
,gui,,CONTROL_PANEL,110324,136,4,2,2,2569.75,0,5176,5091,110324,0,1,0,1,5091,0,5091,0,5091,0,5091,5091,0,1,0,land,,TIMEOUT,manual,Timeout waiting for response,attempt=1|send=OK|raw=|result=TIMEOUT,executor_call=1|command=land|result=TIMEOUT|response=|elapsed_ms=5091|timing_total_ms=5091|recv_wait_ms=5091|attempt_log=[attempt=1|send=OK|raw=|result=TIMEOUT],963,963,0,6,0,8.83196,42.6923,116,113,2494,1562,829,8,5,5,OK,100,1,80,82,110.5,0,65,77,80,1319,5766398,0,0,0,0.827724,1490,20,-1,0,0,0,0,0,0,STALE,0,STALE,0,0,telemetry=OK; video=STALE; command=DEGRADED,OK,STALE,DEGRADED,NO_DATA,0,50,0,-1,0,1307,5717765,76,0,0,0,0,0,0,0,0,0,0,76,0,0.827724,960,720,0,0,1,1,OK,0,streamon,1,command:manual,,,CONNECTED,0,pitch,0,1,0,0,0,0,0,1,0,1,0,0,5091,125,251,0,0,0,0,0,0,0,0,64,12,64,300,0,0,0,0,0,battery?,,ERROR,0,-1,-1
,gui,,CONTROL_PANEL,110324,137,4,2,2,2569.75,0,5176,5091,110324,0,1,0,1,5091,0,5091,0,5091,0,5091,5091,0,1,0,land,,TIMEOUT,manual,Timeout waiting for response,attempt=1|send=OK|raw=|result=TIMEOUT,executor_call=1|command=land|result=TIMEOUT|response=|elapsed_ms=5091|timing_total_ms=5091|recv_wait_ms=5091|attempt_log=[attempt=1|send=OK|raw=|result=TIMEOUT],963,963,0,6,0,8.83196,42.6923,116,113,2494,1562,829,8,5,5,OK,100,1,80,82,110.5,0,65,77,80,1319,5766398,0,0,0,0.827724,1490,20,-1,0,0,0,0,0,0,STALE,0,STALE,0,0,telemetry=OK; video=STALE; command=DEGRADED,OK,STALE,DEGRADED,NO_DATA,0,50,0,-1,0,1307,5717765,76,0,0,0,0,0,0,0,0,0,0,76,0,0.827724,960,720,0,0,1,1,OK,0,streamon,1,critical-command:end:land,,,CONNECTED,0,pitch,0,1,0,0,0,0,0,1,0,1,0,0,5091,125,251,0,0,0,0,0,0,0,0,64,12,64,300,0,0,0,0,0,battery?,,ERROR,0,-1,-1
,gui,,CONTROL_PANEL,110695,138,4,2,2,2569.75,0,5176,5091,110324,371,1,0,1,5091,0,5091,0,5091,0,5091,5091,0,1,0,land,,TIMEOUT,manual,Timeout waiting for response,attempt=1|send=OK|raw=|result=TIMEOUT,executor_call=1|command=land|result=TIMEOUT|response=|elapsed_ms=5091|timing_total_ms=5091|recv_wait_ms=5091|attempt_log=[attempt=1|send=OK|raw=|result=TIMEOUT],967,967,0,6,0,7.93341,23.0862,32,126,2494,1562,829,8,5,5,OK,100,1,80,83,110.84,0,64,77,80,1325,5791463,0,0,0,0.827724,1860,18,-1,0,0,0,0,0,0,STALE,0,STALE,0,0,telemetry=OK; video=STALE; command=DEGRADED,OK,STALE,DEGRADED,NO_DATA,0,50,0,-1,0,1325,5791463,76,0,0,0,0,0,0,0,0,0,0,76,0,0.827724,960,720,0,0,1,1,OK,0,streamon,1,vision:ffmpeg_stream,,,CONNECTED,0,pitch,2,1,0,0,0,0,0,1,0,0,0,0,0,125,249,0,0,0,0,0,0,0,0,64,12,64,300,0,0,0,0,0,battery?,,ERROR,0,-1,-1
,gui,,CONTROL_PANEL,111695,139,4,2,2,2569.75,0,5176,5091,110324,1371,1,0,1,5091,0,5091,0,5091,0,5091,5091,0,1,0,land,,TIMEOUT,manual,Timeout waiting for response,attempt=1|send=OK|raw=|result=TIMEOUT,executor_call=1|command=land|result=TIMEOUT|response=|elapsed_ms=5091|timing_total_ms=5091|recv_wait_ms=5091|attempt_log=[attempt=1|send=OK|raw=|result=TIMEOUT],977,977,0,6,0,6.85857,12.1122,24,145,2494,1562,829,8,5,5,OK,100,1,80,81,110.79,0,64,78,80,1342,5864813,0,0,0,0.766324,940,17,-1,0,0,0,0,0,0,STALE,0,STALE,0,0,telemetry=OK; video=STALE; command=DEGRADED,OK,STALE,DEGRADED,NO_DATA,0,50,0,-1,0,1342,5864813,77,0,0,0,0,0,0,0,0,0,0,77,0,0.766324,960,720,0,0,1,1,OK,0,streamon,1,vision:ffmpeg_stream,,,CONNECTED,0,pitch,2,1,0,0,0,0,0,1,0,0,0,0,0,125,250,0,0,0,0,0,0,0,0,65,12,65,300,0,0,0,0,0,battery?,,ERROR,0,-1,-1
,gui,,CONTROL_PANEL,112695,140,4,2,2,2569.75,0,5176,5091,110324,2371,1,0,1,5091,0,5091,0,5091,0,5091,5091,0,1,0,land,,TIMEOUT,manual,Timeout waiting for response,attempt=1|send=OK|raw=|result=TIMEOUT,executor_call=1|command=land|result=TIMEOUT|response=|elapsed_ms=5091|timing_total_ms=5091|recv_wait_ms=5091|attempt_log=[attempt=1|send=OK|raw=|result=TIMEOUT],986,986,0,6,0,8.89464,12.7991,192,112,2494,1562,829,8,5,5,OK,100,1,80,81,110.74,0,64,77,80,1359,5935299,0,0,0,0.805118,899,17,-1,0,0,0,0,0,0,STALE,0,STALE,0,0,telemetry=OK; video=STALE; command=DEGRADED,OK,STALE,DEGRADED,NO_DATA,0,50,0,-1,0,1359,5935299,78,0,0,0,0,0,0,0,0,0,0,78,0,0.805118,960,720,0,0,1,1,OK,0,streamon,1,vision:ffmpeg_stream,,,CONNECTED,0,pitch,1,1,0,0,0,0,0,1,0,0,0,0,0,124,249,0,0,0,0,0,0,0,0,66,12,66,300,0,0,0,0,0,battery?,,ERROR,0,-1,-1
,gui,,CONTROL_PANEL,112876,141,4,2,2,2569.75,0,5176,5091,110324,2552,1,0,1,5091,0,5091,0,5091,0,5091,5091,0,1,0,land,,TIMEOUT,manual,Timeout waiting for response,attempt=1|send=OK|raw=|result=TIMEOUT,executor_call=1|command=land|result=TIMEOUT|response=|elapsed_ms=5091|timing_total_ms=5091|recv_wait_ms=5091|attempt_log=[attempt=1|send=OK|raw=|result=TIMEOUT],988,988,0,6,0,190.634,47.0202,140,5,2494,1562,829,8,5,5,OK,100,1,80,82,110.68,0,64,77,80,1362,5947763,0,0,0,0.859672,152,17,-1,0,0,0,0,0,0,OK,100,DEGRADED,60,1,telemetry=OK; video=OK; command=DEGRADED,OK,OK,DEGRADED,NO_DATA,0,50,0,-1,0,1359,5935299,78,0,0,0,0,0,0,0,0,0,0,78,0,0.805118,960,720,0,0,1,1,OK,0,streamon,1,log,2026-07-06T18:57:34.726,panel switched to Config,CONNECTED,0,pitch,2,1,0,0,0,0,0,1,0,0,0,0,0,124,249,1,0,0,0,0,0,0,0,67,12,67,300,0,0,0,0,0,battery?,,ERROR,0,-1,-1
,gui,,CONTROL_PANEL,113821,142,4,2,2,2569.75,0,5176,5091,110324,3497,1,0,1,5091,0,5091,0,5091,0,5091,5091,0,1,0,land,,TIMEOUT,manual,Timeout waiting for response,attempt=1|send=OK|raw=|result=TIMEOUT,executor_call=1|command=land|result=TIMEOUT|response=|elapsed_ms=5091|timing_total_ms=5091|recv_wait_ms=5091|attempt_log=[attempt=1|send=OK|raw=|result=TIMEOUT],998,998,0,6,0,8.36057,19.9231,63,119,2494,1562,829,8,5,5,OK,100,1,80,85,110.68,0,64,78,80,1377,6010099,0,0,0,0.873126,18,18,-1,0,0,0,0,0,0,OK,100,DEGRADED,60,1,telemetry=OK; video=OK; command=DEGRADED,OK,OK,DEGRADED,NO_DATA,0,50,0,-1,0,1377,6010099,80,0,0,0,0,0,0,0,0,0,0,80,0,0.873126,960,720,0,0,1,1,OK,0,streamon,1,vision:ffmpeg_stream,,,CONNECTED,0,pitch,1,1,0,0,0,0,0,1,0,0,0,0,0,125,250,0,0,0,0,0,0,0,0,68,12,67,300,0,0,0,0,0,battery?,,ERROR,0,-1,-1
,gui,,CONTROL_PANEL,114945,143,4,2,2,2569.75,0,5176,5091,110324,4621,1,0,1,5091,0,5091,0,5091,0,5091,5091,0,1,0,land,,TIMEOUT,manual,Timeout waiting for response,attempt=1|send=OK|raw=|result=TIMEOUT,executor_call=1|command=land|result=TIMEOUT|response=|elapsed_ms=5091|timing_total_ms=5091|recv_wait_ms=5091|attempt_log=[attempt=1|send=OK|raw=|result=TIMEOUT],1009,1009,0,6,0,10.0031,12.8553,85,99,2494,1562,829,8,5,5,OK,100,1,80,84,110.65,0,64,78,81,1394,6081205,0,0,0,0.873126,1143,17,-1,0,0,0,0,0,0,STALE,0,STALE,0,0,telemetry=OK; video=STALE; command=DEGRADED,OK,STALE,DEGRADED,NO_DATA,0,50,0,-1,0,1394,6081205,80,0,0,0,0,0,0,0,0,0,0,80,0,0.873126,960,720,0,0,1,1,OK,0,streamon,1,vision:ffmpeg_stream,,,RECOVERING,0,pitch,2,1,0,0,0,0,0,1,0,0,0,0,0,125,249,0,0,0,0,0,0,0,0,68,12,68,300,1,0,1,0,0,battery?,,TIMEOUT,2391,-1,233
,gui,,CONTROL_PANEL,116071,144,4,2,2,2569.75,0,5176,5091,110324,5747,1,0,1,5091,0,5091,0,5091,0,5091,5091,0,1,0,land,,TIMEOUT,manual,Timeout waiting for response,attempt=1|send=OK|raw=|result=TIMEOUT,executor_call=1|command=land|result=TIMEOUT|response=|elapsed_ms=5091|timing_total_ms=5091|recv_wait_ms=5091|attempt_log=[attempt=1|send=OK|raw=|result=TIMEOUT],1020,1020,0,6,0,105.693,30.3545,81,9,2494,1562,829,8,5,5,OK,100,1,80,86,110.56,0,64,78,81,1413,6158629,0,0,0,0.873126,2268,19,-1,0,0,0,0,0,0,STALE,0,STALE,0,0,telemetry=OK; video=STALE; command=DEGRADED,OK,STALE,DEGRADED,NO_DATA,0,50,0,-1,0,1413,6158629,80,0,0,0,0,0,0,0,0,0,0,80,0,0.873126,960,720,0,0,1,1,OK,0,streamon,1,vision:ffmpeg_stream,,,RECOVERING,0,pitch,2,1,0,0,0,0,0,1,0,0,0,0,0,125,249,0,0,0,0,0,0,0,0,68,12,68,300,1,0,1,0,0,battery?,,TIMEOUT,2391,-1,1359
,gui,,CONTROL_PANEL,116822,145,4,2,2,2569.75,0,5176,5091,110324,6498,1,0,1,5091,0,5091,0,5091,0,5091,5091,0,1,0,land,,TIMEOUT,manual,Timeout waiting for response,attempt=1|send=OK|raw=|result=TIMEOUT,executor_call=1|command=land|result=TIMEOUT|response=|elapsed_ms=5091|timing_total_ms=5091|recv_wait_ms=5091|attempt_log=[attempt=1|send=OK|raw=|result=TIMEOUT],1028,1028,0,6,0,13.2435,15.1091,7,75,2494,1562,829,8,5,5,OK,100,1,80,81,110.45,1,64,78,80,1426,6212774,0,0,0,0.873126,3019,19,-1,0,0,0,0,0,0,STALE,0,STALE,0,0,telemetry=OK; video=STALE; command=DEGRADED,OK,STALE,DEGRADED,NO_DATA,0,50,0,-1,0,1413,6158629,80,0,0,0,0,0,0,0,0,0,0,80,0,0.873126,960,720,0,0,1,1,OK,0,streamon,1,log,2026-07-06T18:57:38.681,vision recovery queued | last_frame_age_ms=3018,RECOVERING,0,pitch,2,1,0,0,0,0,0,1,0,0,0,0,0,126,250,0,0,0,0,0,0,0,0,68,12,68,300,1,0,1,0,0,battery?,,TIMEOUT,2391,-1,2110
,gui,,CONTROL_PANEL,117195,146,4,2,2,2569.75,0,5176,5091,110324,6871,1,0,1,5091,0,5091,0,5091,0,5091,5091,0,1,0,land,,TIMEOUT,manual,Timeout waiting for response,attempt=1|send=OK|raw=|result=TIMEOUT,executor_call=1|command=land|result=TIMEOUT|response=|elapsed_ms=5091|timing_total_ms=5091|recv_wait_ms=5091|attempt_log=[attempt=1|send=OK|raw=|result=TIMEOUT],1030,1030,0,6,0,7.80647,12.75,147,128,2494,1562,829,8,5,5,OK,100,1,70,76,110.76,2,64,78,80,1431,6233277,0,0,0,0.873126,3393,18,-1,0,0,0,0,0,0,STALE,0,STALE,0,0,telemetry=OK; video=STALE; command=DEGRADED,OK,STALE,DEGRADED,NO_DATA,0,50,0,-1,0,1431,6233277,80,0,0,0,0,0,0,0,0,0,0,80,0,0.873126,960,720,0,0,1,1,OK,0,streamon,1,vision:ffmpeg_stream,,,RECOVERING,0,pitch,1,1,0,0,0,0,0,1,0,0,0,0,0,124,249,0,0,0,0,0,0,0,0,68,12,68,300,1,0,1,0,0,battery?,,TIMEOUT,2391,-1,2483
,gui,,CONTROL_PANEL,118197,147,4,2,2,2569.75,0,5176,5091,110324,7873,1,0,1,5091,0,5091,0,5091,0,5091,5091,0,1,0,land,,TIMEOUT,manual,Timeout waiting for response,attempt=1|send=OK|raw=|result=TIMEOUT,executor_call=1|command=land|result=TIMEOUT|response=|elapsed_ms=5091|timing_total_ms=5091|recv_wait_ms=5091|attempt_log=[attempt=1|send=OK|raw=|result=TIMEOUT],1041,1041,0,6,0,8.5709,13.1536,25,116,2494,1562,829,8,5,5,OK,100,1,20,29,110.01,4,64,78,80,1448,6304024,0,0,0,0.747788,336,17,-1,0,0,0,0,0,0,DEGRADED,60,DEGRADED,60,1,telemetry=OK; video=DEGRADED; command=DEGRADED,OK,DEGRADED,DEGRADED,NO_DATA,0,50,0,-1,0,1448,6304024,81,0,0,0,0,0,0,0,0,0,0,81,0,0.747788,960,720,0,0,1,1,OK,0,streamon,1,vision:ffmpeg_stream,,,RECOVERING,0,pitch,2,1,0,0,0,0,0,1,0,0,0,0,0,126,249,0,0,0,1,0,0,0,0,69,12,69,300,1,0,1,0,0,battery?,,TIMEOUT,2391,-1,3485
,gui,,CONTROL_PANEL,119478,148,4,2,2,2569.75,0,5176,5091,110324,9154,1,0,1,5091,0,5091,0,5091,0,5091,5091,0,1,0,land,,TIMEOUT,manual,Timeout waiting for response,attempt=1|send=OK|raw=|result=TIMEOUT,executor_call=1|command=land|result=TIMEOUT|response=|elapsed_ms=5091|timing_total_ms=5091|recv_wait_ms=5091|attempt_log=[attempt=1|send=OK|raw=|result=TIMEOUT],1052,1052,0,6,0,14.8207,16.3362,244,67,2494,1562,829,8,5,5,DEGRADED,60,1,0,10,109.45,0,64,79,80,1469,6392092,0,0,0,0.788972,569,17,-1,0,0,0,0,0,0,STALE,0,STALE,0,0,telemetry=DEGRADED; video=STALE; command=OK,DEGRADED,STALE,OK,NO_DATA,0,50,0,-1,0,1448,6304024,81,0,0,0,0,0,0,0,0,0,0,81,0,0.747788,960,720,0,0,1,1,OK,0,streamon,1,log,2026-07-06T18:57:41.336,sdk keepalive restart (vision) => OK,CONNECTED,0,pitch,0,1,0,0,0,0,0,1,0,0,0,0,0,123,1257,0,0,0,1,0,0,0,0,70,12,69,300,0,0,0,0,0,battery?,,ERROR,0,-1,-1
,gui,,CONTROL_PANEL,119478,149,4,2,2,2569.75,0,5176,5091,110324,9154,1,0,1,5091,0,5091,0,5091,0,5091,5091,0,1,0,land,,TIMEOUT,manual,Timeout waiting for response,attempt=1|send=OK|raw=|result=TIMEOUT,executor_call=1|command=land|result=TIMEOUT|response=|elapsed_ms=5091|timing_total_ms=5091|recv_wait_ms=5091|attempt_log=[attempt=1|send=OK|raw=|result=TIMEOUT],1052,1052,0,6,0,14.8207,16.3362,244,67,2494,1562,829,8,5,5,DEGRADED,60,1,0,10,109.45,0,64,79,80,1469,6392092,0,0,0,0.788972,569,21,-1,0,0,0,0,0,0,STALE,0,STALE,0,0,telemetry=DEGRADED; video=STALE; command=OK,DEGRADED,STALE,OK,NO_DATA,0,50,0,-1,0,1469,6392092,82,0,0,0,0,0,0,0,0,0,0,82,0,0.788972,960,720,0,0,1,1,OK,0,streamon,1,vision:ffmpeg_stream,,,CONNECTED,0,pitch,0,1,0,0,0,0,0,1,0,0,0,0,0,123,1257,0,0,0,1,0,0,0,0,70,12,69,300,0,0,0,0,0,battery?,,ERROR,0,-1,-1
,gui,,CONTROL_PANEL,119525,150,4,2,2,2569.75,0,5176,5091,110324,9201,1,0,1,5091,0,5091,0,5091,0,5091,5091,0,1,0,land,,TIMEOUT,manual,Timeout waiting for response,attempt=1|send=OK|raw=|result=TIMEOUT,executor_call=1|command=land|result=TIMEOUT|response=|elapsed_ms=5091|timing_total_ms=5091|recv_wait_ms=5091|attempt_log=[attempt=1|send=OK|raw=|result=TIMEOUT],1054,1054,0,6,0,101.287,31.3372,24,9,2494,1562,829,8,5,5,OK,100,1,0,10,109.38,0,64,79,80,0,0,0,0,0,0,-1,21,-1,0,0,0,0,0,0,NO_DATA,0,OK,100,1,telemetry=OK; command=OK,OK,NO_DATA,OK,NO_DATA,0,50,0,-1,0,1469,6392092,82,0,0,0,0,0,0,0,0,0,0,82,0,0.788972,960,720,0,0,1,1,OK,0,streamon,1,log,2026-07-06T18:57:41.383,vision recovery => OK | stage=power_streamon | command_channel=available | hard=yes | video_restart=yes,CONNECTED,0,pitch,2,1,0,0,0,0,0,1,0,0,0,0,0,123,1257,1159,0,0,1,0,0,0,0,0,0,0,300,0,0,0,0,0,battery?,,ERROR,0,-1,-1
,gui,,CONTROL_PANEL,119525,151,4,2,2,2569.75,0,5176,5091,110324,9201,1,0,1,5091,0,5091,0,5091,0,5091,5091,0,1,0,land,,TIMEOUT,manual,Timeout waiting for response,attempt=1|send=OK|raw=|result=TIMEOUT,executor_call=1|command=land|result=TIMEOUT|response=|elapsed_ms=5091|timing_total_ms=5091|recv_wait_ms=5091|attempt_log=[attempt=1|send=OK|raw=|result=TIMEOUT],1054,1054,0,6,0,101.287,31.3372,24,9,2494,1562,829,8,5,5,OK,100,1,0,10,109.38,0,64,79,80,0,0,0,0,0,0,-1,0,-1,0,0,0,0,0,0,NO_DATA,0,OK,100,1,telemetry=OK; command=OK,OK,NO_DATA,OK,NO_DATA,0,50,0,-1,0,0,0,0,0,0,0,0,0,0,0,0,0,0,0,0,0,0,0,0,0,1,1,OK,1,power_streamon,1,vision_recovery:power_cycle,,,CONNECTED,0,pitch,0,1,0,0,0,0,0,1,0,0,0,0,0,123,1257,1159,0,0,1,0,0,0,0,0,0,0,300,0,0,0,0,0,battery?,,ERROR,0,-1,-1
,gui,,CONTROL_PANEL,120595,152,4,2,2,2569.75,0,5176,5091,110324,10271,1,0,1,5091,0,5091,0,5091,0,5091,5091,0,1,0,land,,TIMEOUT,manual,Timeout waiting for response,attempt=1|send=OK|raw=|result=TIMEOUT,executor_call=1|command=land|result=TIMEOUT|response=|elapsed_ms=5091|timing_total_ms=5091|recv_wait_ms=5091|attempt_log=[attempt=1|send=OK|raw=|result=TIMEOUT],1063,1063,0,6,0,11.958,12.6696,59,83,2494,1562,829,8,5,5,OK,100,1,0,10,109.97,0,63,78,81,0,0,0,0,0,0,-1,0,-1,0,0,0,0,0,0,NO_DATA,0,OK,100,1,telemetry=OK; command=OK,OK,NO_DATA,OK,NO_DATA,0,50,0,-1,0,0,0,0,0,0,0,0,0,0,0,0,0,0,0,0,0,0,0,0,0,1,1,OK,1,power_streamon,1,vision:ffmpeg_stream,,,CONNECTED,0,pitch,1,1,0,0,0,0,0,1,0,0,0,0,0,124,250,0,0,0,1,0,0,0,0,0,0,0,300,0,0,0,0,0,battery?,,ERROR,0,-1,-1
,gui,,CONTROL_PANEL,121569,153,4,2,2,2569.75,0,5176,5091,110324,11245,1,0,1,5091,0,5091,0,5091,0,5091,5091,0,1,0,land,,TIMEOUT,manual,Timeout waiting for response,attempt=1|send=OK|raw=|result=TIMEOUT,executor_call=1|command=land|result=TIMEOUT|response=|elapsed_ms=5091|timing_total_ms=5091|recv_wait_ms=5091|attempt_log=[attempt=1|send=OK|raw=|result=TIMEOUT],1073,1073,0,6,0,8.76497,10.8896,52,114,2494,1562,829,8,5,5,OK,100,1,0,10,109.75,0,63,78,80,25,105313,0,0,0,0,-1,0,-1,0,0,0,0,0,0,NO_DATA,0,OK,100,1,telemetry=OK; video=NO_DATA; command=OK,OK,NO_DATA,OK,NO_DATA,0,50,0,-1,0,0,0,0,0,0,0,0,0,0,0,0,0,0,0,0,0,0,0,0,0,1,1,OK,1,power_streamon,1,log,2026-07-06T18:57:43.427,recording stopped,CONNECTED,0,pitch,1,1,0,0,0,0,0,1,0,0,0,0,0,125,249,0,0,0,1,0,0,0,0,0,0,0,300,0,0,0,0,0,battery?,,ERROR,0,-1,-1
,gui,,CONTROL_PANEL,121569,154,4,2,2,2569.75,0,5176,5091,110324,11245,1,0,1,5091,0,5091,0,5091,0,5091,5091,0,1,0,land,,TIMEOUT,manual,Timeout waiting for response,attempt=1|send=OK|raw=|result=TIMEOUT,executor_call=1|command=land|result=TIMEOUT|response=|elapsed_ms=5091|timing_total_ms=5091|recv_wait_ms=5091|attempt_log=[attempt=1|send=OK|raw=|result=TIMEOUT],1073,1073,0,6,0,8.76497,10.8896,52,114,2494,1562,829,8,5,5,OK,100,1,0,10,109.75,0,63,78,80,25,105313,0,0,0,0,-1,0,-1,0,0,0,0,0,0,NO_DATA,0,OK,100,1,telemetry=OK; video=NO_DATA; command=OK,OK,NO_DATA,OK,NO_DATA,0,50,0,-1,0,0,0,0,0,0,0,0,0,0,0,0,0,0,0,0,0,0,0,0,0,1,1,OK,1,power_streamon,1,logging:stop,,,CONNECTED,0,pitch,0,1,0,0,0,0,0,1,0,0,0,0,0,125,249,0,0,0,1,0,0,0,0,0,0,0,300,0,0,0,0,0,battery?,,ERROR,0,-1,-1
